solid OpenSCAD_Model
  facet normal 0.0491417 -0.998792 0
    outer loop
      vertex 8.59999 -19.3 0
      vertex 9.2077 -19.2701 6.2
      vertex 8.59999 -19.3 6.2
    endloop
  endfacet
  facet normal 0.0491417 -0.998792 0
    outer loop
      vertex 9.2077 -19.2701 6.2
      vertex 8.59999 -19.3 0
      vertex 9.2077 -19.2701 0
    endloop
  endfacet
  facet normal 0.857739 -0.514085 0
    outer loop
      vertex 13.7551 -16.5445 6.2
      vertex 14.0679 -16.0226 0
      vertex 14.0679 -16.0226 6.2
    endloop
  endfacet
  facet normal 0.857739 -0.514085 0
    outer loop
      vertex 14.0679 -16.0226 0
      vertex 13.7551 -16.5445 6.2
      vertex 13.7551 -16.5445 0
    endloop
  endfacet
  facet normal -0.595652 0.803243 0
    outer loop
      vertex -12.0445 18.2551 0
      vertex -12.5332 17.8927 6.2
      vertex -12.0445 18.2551 6.2
    endloop
  endfacet
  facet normal -0.595652 0.803243 0
    outer loop
      vertex -12.5332 17.8927 6.2
      vertex -12.0445 18.2551 0
      vertex -12.5332 17.8927 0
    endloop
  endfacet
  facet normal -0.74101 0.671494 0
    outer loop
      vertex -13.3927 17.0332 0
      vertex -12.9841 17.4841 6.2
      vertex -12.9841 17.4841 0
    endloop
  endfacet
  facet normal -0.74101 0.671494 0
    outer loop
      vertex -12.9841 17.4841 6.2
      vertex -13.3927 17.0332 0
      vertex -13.3927 17.0332 6.2
    endloop
  endfacet
  facet normal -0.427514 0.904009 0
    outer loop
      vertex -10.9726 18.828 0
      vertex -11.5226 18.5679 6.2
      vertex -10.9726 18.828 6.2
    endloop
  endfacet
  facet normal -0.427514 0.904009 0
    outer loop
      vertex -11.5226 18.5679 6.2
      vertex -10.9726 18.828 0
      vertex -11.5226 18.5679 0
    endloop
  endfacet
  facet normal -0.0491417 -0.998792 0
    outer loop
      vertex -9.2077 -19.2701 0
      vertex -8.59999 -19.3 6.2
      vertex -9.2077 -19.2701 6.2
    endloop
  endfacet
  facet normal -0.0491417 -0.998792 -0
    outer loop
      vertex -8.59999 -19.3 6.2
      vertex -9.2077 -19.2701 0
      vertex -8.59999 -19.3 0
    endloop
  endfacet
  facet normal -0.857739 0.514085 0
    outer loop
      vertex -14.0679 16.0226 0
      vertex -13.7551 16.5445 6.2
      vertex -13.7551 16.5445 0
    endloop
  endfacet
  facet normal -0.857739 0.514085 0
    outer loop
      vertex -13.7551 16.5445 6.2
      vertex -14.0679 16.0226 0
      vertex -14.0679 16.0226 6.2
    endloop
  endfacet
  facet normal 1 0 0
    outer loop
      vertex 14.8 13.1 6.2
      vertex 14.8 8.6 5.725
      vertex 14.8 13.1 5.725
    endloop
  endfacet
  facet normal 1 0 0
    outer loop
      vertex 14.8 8.6 5.725
      vertex 14.8 -8.6 5.725
      vertex 14.8 8.6 4.375
    endloop
  endfacet
  facet normal 1 0 0
    outer loop
      vertex 14.8 13.1 6.2
      vertex 14.8 -8.6 5.725
      vertex 14.8 8.6 5.725
    endloop
  endfacet
  facet normal 1 -0 0
    outer loop
      vertex 14.8 -13.1 6.2
      vertex 14.8 -8.6 5.725
      vertex 14.8 13.1 6.2
    endloop
  endfacet
  facet normal 1 0 0
    outer loop
      vertex 14.8 -8.6 5.725
      vertex 14.8 -13.1 6.2
      vertex 14.8 -13.1 5.725
    endloop
  endfacet
  facet normal 1 -0 0
    outer loop
      vertex 14.8 8.6 4.375
      vertex 14.8 13.1 0
      vertex 14.8 13.1 4.375
    endloop
  endfacet
  facet normal 1 0 0
    outer loop
      vertex 14.8 -8.6 4.375
      vertex 14.8 8.6 4.375
      vertex 14.8 -8.6 5.725
    endloop
  endfacet
  facet normal 1 0 0
    outer loop
      vertex 14.8 8.6 4.375
      vertex 14.8 -8.6 4.375
      vertex 14.8 13.1 0
    endloop
  endfacet
  facet normal 1 0 0
    outer loop
      vertex 14.8 -13.1 0
      vertex 14.8 -8.6 4.375
      vertex 14.8 -13.1 4.375
    endloop
  endfacet
  facet normal 1 0 0
    outer loop
      vertex 14.8 -8.6 4.375
      vertex 14.8 -13.1 0
      vertex 14.8 13.1 0
    endloop
  endfacet
  facet normal -0.2431 -0.970001 0
    outer loop
      vertex -10.3997 -19.033 0
      vertex -9.80956 -19.1809 6.2
      vertex -10.3997 -19.033 6.2
    endloop
  endfacet
  facet normal -0.2431 -0.970001 -0
    outer loop
      vertex -9.80956 -19.1809 6.2
      vertex -10.3997 -19.033 0
      vertex -9.80956 -19.1809 0
    endloop
  endfacet
  facet normal -0.969997 -0.243116 0
    outer loop
      vertex -14.533 -14.8997 0
      vertex -14.6809 -14.3096 6.2
      vertex -14.6809 -14.3096 0
    endloop
  endfacet
  facet normal -0.969997 -0.243116 0
    outer loop
      vertex -14.6809 -14.3096 6.2
      vertex -14.533 -14.8997 0
      vertex -14.533 -14.8997 6.2
    endloop
  endfacet
  facet normal 0.146606 -0.989195 0
    outer loop
      vertex 9.2077 -19.2701 0
      vertex 9.80956 -19.1809 6.2
      vertex 9.2077 -19.2701 6.2
    endloop
  endfacet
  facet normal 0.146606 -0.989195 0
    outer loop
      vertex 9.80956 -19.1809 6.2
      vertex 9.2077 -19.2701 0
      vertex 9.80956 -19.1809 0
    endloop
  endfacet
  facet normal -0.514085 0.857739 0
    outer loop
      vertex -11.5226 18.5679 0
      vertex -12.0445 18.2551 6.2
      vertex -11.5226 18.5679 6.2
    endloop
  endfacet
  facet normal -0.514085 0.857739 0
    outer loop
      vertex -12.0445 18.2551 6.2
      vertex -11.5226 18.5679 0
      vertex -12.0445 18.2551 0
    endloop
  endfacet
  facet normal 0.941537 -0.336909 0
    outer loop
      vertex 14.328 -15.4726 6.2
      vertex 14.533 -14.8997 0
      vertex 14.533 -14.8997 6.2
    endloop
  endfacet
  facet normal 0.941537 -0.336909 0
    outer loop
      vertex 14.533 -14.8997 0
      vertex 14.328 -15.4726 6.2
      vertex 14.328 -15.4726 0
    endloop
  endfacet
  facet normal 0 1 -0
    outer loop
      vertex 8.59999 19.3 0
      vertex -8.59999 19.3 6.2
      vertex 8.59999 19.3 6.2
    endloop
  endfacet
  facet normal 0 1 0
    outer loop
      vertex -8.59999 19.3 6.2
      vertex 8.59999 19.3 0
      vertex -8.59999 19.3 0
    endloop
  endfacet
  facet normal -0.671494 -0.74101 0
    outer loop
      vertex -12.9841 -17.4841 0
      vertex -12.5332 -17.8927 6.2
      vertex -12.9841 -17.4841 6.2
    endloop
  endfacet
  facet normal -0.671494 -0.74101 -0
    outer loop
      vertex -12.5332 -17.8927 6.2
      vertex -12.9841 -17.4841 0
      vertex -12.5332 -17.8927 0
    endloop
  endfacet
  facet normal -0.904009 -0.427514 0
    outer loop
      vertex -14.0679 -16.0226 0
      vertex -14.328 -15.4726 6.2
      vertex -14.328 -15.4726 0
    endloop
  endfacet
  facet normal -0.904009 -0.427514 0
    outer loop
      vertex -14.328 -15.4726 6.2
      vertex -14.0679 -16.0226 0
      vertex -14.0679 -16.0226 6.2
    endloop
  endfacet
  facet normal -0.595652 -0.803243 0
    outer loop
      vertex -12.5332 -17.8927 0
      vertex -12.0445 -18.2551 6.2
      vertex -12.5332 -17.8927 6.2
    endloop
  endfacet
  facet normal -0.595652 -0.803243 -0
    outer loop
      vertex -12.0445 -18.2551 6.2
      vertex -12.5332 -17.8927 0
      vertex -12.0445 -18.2551 0
    endloop
  endfacet
  facet normal 0 -1 0
    outer loop
      vertex -8.59999 -19.3 0
      vertex 8.59999 -19.3 6.2
      vertex -8.59999 -19.3 6.2
    endloop
  endfacet
  facet normal 0 -1 -0
    outer loop
      vertex 8.59999 -19.3 6.2
      vertex -8.59999 -19.3 0
      vertex 8.59999 -19.3 0
    endloop
  endfacet
  facet normal -1 0 0
    outer loop
      vertex -14.8 13.1 0
      vertex -14.8 8.6 4.375
      vertex -14.8 13.1 4.375
    endloop
  endfacet
  facet normal -1 0 0
    outer loop
      vertex -14.8 8.6 4.375
      vertex -14.8 -8.6 4.375
      vertex -14.8 8.6 5.725
    endloop
  endfacet
  facet normal -1 0 0
    outer loop
      vertex -14.8 13.1 0
      vertex -14.8 -8.6 4.375
      vertex -14.8 8.6 4.375
    endloop
  endfacet
  facet normal -1 0 0
    outer loop
      vertex -14.8 -13.1 0
      vertex -14.8 -8.6 4.375
      vertex -14.8 13.1 0
    endloop
  endfacet
  facet normal -1 -0 0
    outer loop
      vertex -14.8 -8.6 4.375
      vertex -14.8 -13.1 0
      vertex -14.8 -13.1 4.375
    endloop
  endfacet
  facet normal -1 0 0
    outer loop
      vertex -14.8 8.6 5.725
      vertex -14.8 13.1 6.2
      vertex -14.8 13.1 5.725
    endloop
  endfacet
  facet normal -1 0 0
    outer loop
      vertex -14.8 -8.6 5.725
      vertex -14.8 8.6 5.725
      vertex -14.8 -8.6 4.375
    endloop
  endfacet
  facet normal -1 0 0
    outer loop
      vertex -14.8 8.6 5.725
      vertex -14.8 -8.6 5.725
      vertex -14.8 13.1 6.2
    endloop
  endfacet
  facet normal -1 0 0
    outer loop
      vertex -14.8 -13.1 6.2
      vertex -14.8 -8.6 5.725
      vertex -14.8 -13.1 5.725
    endloop
  endfacet
  facet normal -1 0 0
    outer loop
      vertex -14.8 -8.6 5.725
      vertex -14.8 -13.1 6.2
      vertex -14.8 13.1 6.2
    endloop
  endfacet
  facet normal -0.857739 -0.514085 0
    outer loop
      vertex -13.7551 -16.5445 0
      vertex -14.0679 -16.0226 6.2
      vertex -14.0679 -16.0226 0
    endloop
  endfacet
  facet normal -0.857739 -0.514085 0
    outer loop
      vertex -14.0679 -16.0226 6.2
      vertex -13.7551 -16.5445 0
      vertex -13.7551 -16.5445 6.2
    endloop
  endfacet
  facet normal 0.0491417 0.998792 -0
    outer loop
      vertex 9.2077 19.2701 0
      vertex 8.59999 19.3 6.2
      vertex 9.2077 19.2701 6.2
    endloop
  endfacet
  facet normal 0.0491417 0.998792 0
    outer loop
      vertex 8.59999 19.3 6.2
      vertex 9.2077 19.2701 0
      vertex 8.59999 19.3 0
    endloop
  endfacet
  facet normal 0.998792 0.0491425 0
    outer loop
      vertex 14.8 13.1 6.2
      vertex 14.7701 13.7077 5.725
      vertex 14.7701 13.7077 6.2
    endloop
  endfacet
  facet normal 0.998792 0.0491425 0
    outer loop
      vertex 14.7701 13.7077 5.725
      vertex 14.8 13.1 6.2
      vertex 14.8 13.1 5.725
    endloop
  endfacet
  facet normal 0.998792 0.0491425 0
    outer loop
      vertex 14.8 13.1 4.375
      vertex 14.7701 13.7077 0
      vertex 14.7701 13.7077 4.375
    endloop
  endfacet
  facet normal 0.998792 0.0491425 0
    outer loop
      vertex 14.7701 13.7077 0
      vertex 14.8 13.1 4.375
      vertex 14.8 13.1 0
    endloop
  endfacet
  facet normal -0.336909 -0.941537 0
    outer loop
      vertex -10.9726 -18.828 0
      vertex -10.3997 -19.033 6.2
      vertex -10.9726 -18.828 6.2
    endloop
  endfacet
  facet normal -0.336909 -0.941537 -0
    outer loop
      vertex -10.3997 -19.033 6.2
      vertex -10.9726 -18.828 0
      vertex -10.3997 -19.033 0
    endloop
  endfacet
  facet normal 0.803243 -0.595652 0
    outer loop
      vertex 13.3927 -17.0332 6.2
      vertex 13.7551 -16.5445 0
      vertex 13.7551 -16.5445 6.2
    endloop
  endfacet
  facet normal 0.803243 -0.595652 0
    outer loop
      vertex 13.7551 -16.5445 0
      vertex 13.3927 -17.0332 6.2
      vertex 13.3927 -17.0332 0
    endloop
  endfacet
  facet normal -0.803243 0.595652 0
    outer loop
      vertex -13.7551 16.5445 0
      vertex -13.3927 17.0332 6.2
      vertex -13.3927 17.0332 0
    endloop
  endfacet
  facet normal -0.803243 0.595652 0
    outer loop
      vertex -13.3927 17.0332 6.2
      vertex -13.7551 16.5445 0
      vertex -13.7551 16.5445 6.2
    endloop
  endfacet
  facet normal -0.989318 -0.145772 0
    outer loop
      vertex -14.7701 -13.7077 0
      vertex -14.7565 -13.8 4.375
      vertex -14.7701 -13.7077 4.375
    endloop
  endfacet
  facet normal -0.989174 -0.146746 -0
    outer loop
      vertex -14.6809 -14.3096 6.2
      vertex -14.7565 -13.8 4.375
      vertex -14.6809 -14.3096 0
    endloop
  endfacet
  facet normal -0.989196 -0.146596 -1.77756e-05
    outer loop
      vertex -14.6809 -14.3096 0
      vertex -14.7565 -13.8 4.375
      vertex -14.7701 -13.7077 0
    endloop
  endfacet
  facet normal -0.989318 -0.145772 0
    outer loop
      vertex -14.7565 -13.8 5.725
      vertex -14.7701 -13.7077 6.2
      vertex -14.7701 -13.7077 5.725
    endloop
  endfacet
  facet normal -0.989196 -0.146596 0.000163723
    outer loop
      vertex -14.7565 -13.8 5.725
      vertex -14.6809 -14.3096 6.2
      vertex -14.7701 -13.7077 6.2
    endloop
  endfacet
  facet normal -0.989174 -0.146746 0
    outer loop
      vertex -14.7565 -13.8 4.375
      vertex -14.6809 -14.3096 6.2
      vertex -14.7565 -13.8 5.725
    endloop
  endfacet
  facet normal -0.671494 0.74101 0
    outer loop
      vertex -12.5332 17.8927 0
      vertex -12.9841 17.4841 6.2
      vertex -12.5332 17.8927 6.2
    endloop
  endfacet
  facet normal -0.671494 0.74101 0
    outer loop
      vertex -12.9841 17.4841 6.2
      vertex -12.5332 17.8927 0
      vertex -12.9841 17.4841 0
    endloop
  endfacet
  facet normal -0.146606 -0.989195 0
    outer loop
      vertex -9.80956 -19.1809 0
      vertex -9.2077 -19.2701 6.2
      vertex -9.80956 -19.1809 6.2
    endloop
  endfacet
  facet normal -0.146606 -0.989195 -0
    outer loop
      vertex -9.2077 -19.2701 6.2
      vertex -9.80956 -19.1809 0
      vertex -9.2077 -19.2701 0
    endloop
  endfacet
  facet normal 0.74101 -0.671494 0
    outer loop
      vertex 12.9841 -17.4841 6.2
      vertex 13.3927 -17.0332 0
      vertex 13.3927 -17.0332 6.2
    endloop
  endfacet
  facet normal 0.74101 -0.671494 0
    outer loop
      vertex 13.3927 -17.0332 0
      vertex 12.9841 -17.4841 6.2
      vertex 12.9841 -17.4841 0
    endloop
  endfacet
  facet normal -0.146606 0.989195 0
    outer loop
      vertex -9.2077 19.2701 0
      vertex -9.80956 19.1809 6.2
      vertex -9.2077 19.2701 6.2
    endloop
  endfacet
  facet normal -0.146606 0.989195 0
    outer loop
      vertex -9.80956 19.1809 6.2
      vertex -9.2077 19.2701 0
      vertex -9.80956 19.1809 0
    endloop
  endfacet
  facet normal 0.146606 0.989195 -0
    outer loop
      vertex 9.80956 19.1809 0
      vertex 9.2077 19.2701 6.2
      vertex 9.80956 19.1809 6.2
    endloop
  endfacet
  facet normal 0.146606 0.989195 0
    outer loop
      vertex 9.2077 19.2701 6.2
      vertex 9.80956 19.1809 0
      vertex 9.2077 19.2701 0
    endloop
  endfacet
  facet normal -0.427514 -0.904009 0
    outer loop
      vertex -11.5226 -18.5679 0
      vertex -10.9726 -18.828 6.2
      vertex -11.5226 -18.5679 6.2
    endloop
  endfacet
  facet normal -0.427514 -0.904009 -0
    outer loop
      vertex -10.9726 -18.828 6.2
      vertex -11.5226 -18.5679 0
      vertex -10.9726 -18.828 0
    endloop
  endfacet
  facet normal -0.74101 -0.671494 0
    outer loop
      vertex -12.9841 -17.4841 0
      vertex -13.3927 -17.0332 6.2
      vertex -13.3927 -17.0332 0
    endloop
  endfacet
  facet normal -0.74101 -0.671494 0
    outer loop
      vertex -13.3927 -17.0332 6.2
      vertex -12.9841 -17.4841 0
      vertex -12.9841 -17.4841 6.2
    endloop
  endfacet
  facet normal -0.0491417 0.998792 0
    outer loop
      vertex -8.59999 19.3 0
      vertex -9.2077 19.2701 6.2
      vertex -8.59999 19.3 6.2
    endloop
  endfacet
  facet normal -0.0491417 0.998792 0
    outer loop
      vertex -9.2077 19.2701 6.2
      vertex -8.59999 19.3 0
      vertex -9.2077 19.2701 0
    endloop
  endfacet
  facet normal 0.857739 0.514085 0
    outer loop
      vertex 14.0679 16.0226 6.2
      vertex 13.7551 16.5445 0
      vertex 13.7551 16.5445 6.2
    endloop
  endfacet
  facet normal 0.857739 0.514085 0
    outer loop
      vertex 13.7551 16.5445 0
      vertex 14.0679 16.0226 6.2
      vertex 14.0679 16.0226 0
    endloop
  endfacet
  facet normal -0.941537 -0.336909 0
    outer loop
      vertex -14.328 -15.4726 0
      vertex -14.533 -14.8997 6.2
      vertex -14.533 -14.8997 0
    endloop
  endfacet
  facet normal -0.941537 -0.336909 0
    outer loop
      vertex -14.533 -14.8997 6.2
      vertex -14.328 -15.4726 0
      vertex -14.328 -15.4726 6.2
    endloop
  endfacet
  facet normal 0.514085 -0.857739 0
    outer loop
      vertex 11.5226 -18.5679 0
      vertex 12.0445 -18.2551 6.2
      vertex 11.5226 -18.5679 6.2
    endloop
  endfacet
  facet normal 0.514085 -0.857739 0
    outer loop
      vertex 12.0445 -18.2551 6.2
      vertex 11.5226 -18.5679 0
      vertex 12.0445 -18.2551 0
    endloop
  endfacet
  facet normal -0.989174 0.146746 0
    outer loop
      vertex -14.6809 14.3096 0
      vertex -14.7565 13.8 4.375
      vertex -14.6809 14.3096 6.2
    endloop
  endfacet
  facet normal -0.989196 0.146596 -1.77756e-05
    outer loop
      vertex -14.7701 13.7077 0
      vertex -14.7565 13.8 4.375
      vertex -14.6809 14.3096 0
    endloop
  endfacet
  facet normal -0.989318 0.145772 0
    outer loop
      vertex -14.7565 13.8 4.375
      vertex -14.7701 13.7077 0
      vertex -14.7701 13.7077 4.375
    endloop
  endfacet
  facet normal -0.989174 0.146746 0
    outer loop
      vertex -14.7565 13.8 5.725
      vertex -14.6809 14.3096 6.2
      vertex -14.7565 13.8 4.375
    endloop
  endfacet
  facet normal -0.989318 0.145772 0
    outer loop
      vertex -14.7701 13.7077 6.2
      vertex -14.7565 13.8 5.725
      vertex -14.7701 13.7077 5.725
    endloop
  endfacet
  facet normal -0.989196 0.146596 0.000163723
    outer loop
      vertex -14.7565 13.8 5.725
      vertex -14.7701 13.7077 6.2
      vertex -14.6809 14.3096 6.2
    endloop
  endfacet
  facet normal -0.998792 -0.0491425 0
    outer loop
      vertex -14.7701 -13.7077 0
      vertex -14.8 -13.1 4.375
      vertex -14.8 -13.1 0
    endloop
  endfacet
  facet normal -0.998792 -0.0491425 0
    outer loop
      vertex -14.8 -13.1 4.375
      vertex -14.7701 -13.7077 0
      vertex -14.7701 -13.7077 4.375
    endloop
  endfacet
  facet normal -0.998792 -0.0491425 0
    outer loop
      vertex -14.7701 -13.7077 5.725
      vertex -14.8 -13.1 6.2
      vertex -14.8 -13.1 5.725
    endloop
  endfacet
  facet normal -0.998792 -0.0491425 0
    outer loop
      vertex -14.8 -13.1 6.2
      vertex -14.7701 -13.7077 5.725
      vertex -14.7701 -13.7077 6.2
    endloop
  endfacet
  facet normal -0.514085 -0.857739 0
    outer loop
      vertex -12.0445 -18.2551 0
      vertex -11.5226 -18.5679 6.2
      vertex -12.0445 -18.2551 6.2
    endloop
  endfacet
  facet normal -0.514085 -0.857739 -0
    outer loop
      vertex -11.5226 -18.5679 6.2
      vertex -12.0445 -18.2551 0
      vertex -11.5226 -18.5679 0
    endloop
  endfacet
  facet normal 0.671494 -0.74101 0
    outer loop
      vertex 12.5332 -17.8927 0
      vertex 12.9841 -17.4841 6.2
      vertex 12.5332 -17.8927 6.2
    endloop
  endfacet
  facet normal 0.671494 -0.74101 0
    outer loop
      vertex 12.9841 -17.4841 6.2
      vertex 12.5332 -17.8927 0
      vertex 12.9841 -17.4841 0
    endloop
  endfacet
  facet normal 0.427514 -0.904009 0
    outer loop
      vertex 10.9726 -18.828 0
      vertex 11.5226 -18.5679 6.2
      vertex 10.9726 -18.828 6.2
    endloop
  endfacet
  facet normal 0.427514 -0.904009 0
    outer loop
      vertex 11.5226 -18.5679 6.2
      vertex 10.9726 -18.828 0
      vertex 11.5226 -18.5679 0
    endloop
  endfacet
  facet normal 0 0 1
    outer loop
      vertex 14.4 13.1 6.2
      vertex 14.8 13.1 6.2
      vertex 14.7701 13.7077 6.2
    endloop
  endfacet
  facet normal 0 0 1
    outer loop
      vertex 14.8 13.1 6.2
      vertex 14.4 13.1 6.2
      vertex 14.8 -13.1 6.2
    endloop
  endfacet
  facet normal 0 0 1
    outer loop
      vertex 14.3721 13.6685 6.2
      vertex 14.7701 13.7077 6.2
      vertex 14.6809 14.3096 6.2
    endloop
  endfacet
  facet normal 0 0 1
    outer loop
      vertex 14.4 -13.1 6.2
      vertex 14.8 -13.1 6.2
      vertex 14.4 13.1 6.2
    endloop
  endfacet
  facet normal 0 0 1
    outer loop
      vertex 14.2885 14.2315 6.2
      vertex 14.6809 14.3096 6.2
      vertex 14.533 14.8997 6.2
    endloop
  endfacet
  facet normal 0 0 1
    outer loop
      vertex 14.8 -13.1 6.2
      vertex 14.4 -13.1 6.2
      vertex 14.7701 -13.7077 6.2
    endloop
  endfacet
  facet normal -0 0 1
    outer loop
      vertex 14.3721 -13.6685 6.2
      vertex 14.7701 -13.7077 6.2
      vertex 14.4 -13.1 6.2
    endloop
  endfacet
  facet normal 0 0 1
    outer loop
      vertex 14.7701 13.7077 6.2
      vertex 14.3721 13.6685 6.2
      vertex 14.4 13.1 6.2
    endloop
  endfacet
  facet normal 0 0 1
    outer loop
      vertex 14.1502 14.7836 6.2
      vertex 14.533 14.8997 6.2
      vertex 14.328 15.4726 6.2
    endloop
  endfacet
  facet normal 0 0 1
    outer loop
      vertex 14.6809 14.3096 6.2
      vertex 14.2885 14.2315 6.2
      vertex 14.3721 13.6685 6.2
    endloop
  endfacet
  facet normal 0 0 1
    outer loop
      vertex 14.533 14.8997 6.2
      vertex 14.1502 14.7836 6.2
      vertex 14.2885 14.2315 6.2
    endloop
  endfacet
  facet normal 0 0 1
    outer loop
      vertex 13.9585 15.3195 6.2
      vertex 14.328 15.4726 6.2
      vertex 14.0679 16.0226 6.2
    endloop
  endfacet
  facet normal 0 0 1
    outer loop
      vertex 14.328 15.4726 6.2
      vertex 13.9585 15.3195 6.2
      vertex 14.1502 14.7836 6.2
    endloop
  endfacet
  facet normal 0 0 1
    outer loop
      vertex 13.7151 15.8341 6.2
      vertex 14.0679 16.0226 6.2
      vertex 13.7551 16.5445 6.2
    endloop
  endfacet
  facet normal 0 0 1
    outer loop
      vertex 14.0679 16.0226 6.2
      vertex 13.7151 15.8341 6.2
      vertex 13.9585 15.3195 6.2
    endloop
  endfacet
  facet normal 0 0 1
    outer loop
      vertex 13.7551 16.5445 6.2
      vertex 13.4225 16.3223 6.2
      vertex 13.7151 15.8341 6.2
    endloop
  endfacet
  facet normal 0 0 1
    outer loop
      vertex 13.3927 17.0332 6.2
      vertex 13.4225 16.3223 6.2
      vertex 13.7551 16.5445 6.2
    endloop
  endfacet
  facet normal 0 0 1
    outer loop
      vertex 13.3927 17.0332 6.2
      vertex 13.0835 16.7795 6.2
      vertex 13.4225 16.3223 6.2
    endloop
  endfacet
  facet normal 0 0 1
    outer loop
      vertex 12.9841 17.4841 6.2
      vertex 13.0835 16.7795 6.2
      vertex 13.3927 17.0332 6.2
    endloop
  endfacet
  facet normal 0 0 1
    outer loop
      vertex 12.9841 17.4841 6.2
      vertex 12.7012 17.2012 6.2
      vertex 13.0835 16.7795 6.2
    endloop
  endfacet
  facet normal 0 0 1
    outer loop
      vertex 12.5332 17.8927 6.2
      vertex 12.7012 17.2012 6.2
      vertex 12.9841 17.4841 6.2
    endloop
  endfacet
  facet normal 0 0 1
    outer loop
      vertex 12.5332 17.8927 6.2
      vertex 12.2795 17.5835 6.2
      vertex 12.7012 17.2012 6.2
    endloop
  endfacet
  facet normal 0 0 1
    outer loop
      vertex 12.0445 18.2551 6.2
      vertex 12.2795 17.5835 6.2
      vertex 12.5332 17.8927 6.2
    endloop
  endfacet
  facet normal 0 0 1
    outer loop
      vertex 12.0445 18.2551 6.2
      vertex 11.8223 17.9225 6.2
      vertex 12.2795 17.5835 6.2
    endloop
  endfacet
  facet normal 0 0 1
    outer loop
      vertex 11.5226 18.5679 6.2
      vertex 11.8223 17.9225 6.2
      vertex 12.0445 18.2551 6.2
    endloop
  endfacet
  facet normal 0 0 1
    outer loop
      vertex 11.5226 18.5679 6.2
      vertex 11.3341 18.2151 6.2
      vertex 11.8223 17.9225 6.2
    endloop
  endfacet
  facet normal 0 0 1
    outer loop
      vertex 10.9726 18.828 6.2
      vertex 11.3341 18.2151 6.2
      vertex 11.5226 18.5679 6.2
    endloop
  endfacet
  facet normal 0 0 1
    outer loop
      vertex 10.9726 18.828 6.2
      vertex 10.8195 18.4585 6.2
      vertex 11.3341 18.2151 6.2
    endloop
  endfacet
  facet normal 0 0 1
    outer loop
      vertex 10.3997 19.033 6.2
      vertex 10.8195 18.4585 6.2
      vertex 10.9726 18.828 6.2
    endloop
  endfacet
  facet normal 0 0 1
    outer loop
      vertex 10.3997 19.033 6.2
      vertex 10.2836 18.6502 6.2
      vertex 10.8195 18.4585 6.2
    endloop
  endfacet
  facet normal 0 0 1
    outer loop
      vertex 9.80956 19.1809 6.2
      vertex 10.2836 18.6502 6.2
      vertex 10.3997 19.033 6.2
    endloop
  endfacet
  facet normal 0 0 1
    outer loop
      vertex 9.80956 19.1809 6.2
      vertex 9.73152 18.7885 6.2
      vertex 10.2836 18.6502 6.2
    endloop
  endfacet
  facet normal 0 0 1
    outer loop
      vertex 9.2077 19.2701 6.2
      vertex 9.73152 18.7885 6.2
      vertex 9.80956 19.1809 6.2
    endloop
  endfacet
  facet normal 0 0 1
    outer loop
      vertex 9.2077 19.2701 6.2
      vertex 9.16849 18.8721 6.2
      vertex 9.73152 18.7885 6.2
    endloop
  endfacet
  facet normal 0 0 1
    outer loop
      vertex 8.59999 19.3 6.2
      vertex 9.16849 18.8721 6.2
      vertex 9.2077 19.2701 6.2
    endloop
  endfacet
  facet normal 0 0 1
    outer loop
      vertex 8.59999 19.3 6.2
      vertex 8.59999 18.9 6.2
      vertex 9.16849 18.8721 6.2
    endloop
  endfacet
  facet normal -0 0 1
    outer loop
      vertex -8.59999 19.3 6.2
      vertex 8.59999 18.9 6.2
      vertex 8.59999 19.3 6.2
    endloop
  endfacet
  facet normal 0 0 1
    outer loop
      vertex -8.59999 19.3 6.2
      vertex -8.59999 18.9 6.2
      vertex 8.59999 18.9 6.2
    endloop
  endfacet
  facet normal 0 0 1
    outer loop
      vertex -8.59999 19.3 6.2
      vertex -9.16849 18.8721 6.2
      vertex -8.59999 18.9 6.2
    endloop
  endfacet
  facet normal -0 0 1
    outer loop
      vertex -9.2077 19.2701 6.2
      vertex -9.16849 18.8721 6.2
      vertex -8.59999 19.3 6.2
    endloop
  endfacet
  facet normal 0 0 1
    outer loop
      vertex -9.2077 19.2701 6.2
      vertex -9.73152 18.7885 6.2
      vertex -9.16849 18.8721 6.2
    endloop
  endfacet
  facet normal -0 0 1
    outer loop
      vertex -9.80956 19.1809 6.2
      vertex -9.73152 18.7885 6.2
      vertex -9.2077 19.2701 6.2
    endloop
  endfacet
  facet normal 0 0 1
    outer loop
      vertex -9.80956 19.1809 6.2
      vertex -10.2836 18.6502 6.2
      vertex -9.73152 18.7885 6.2
    endloop
  endfacet
  facet normal -0 0 1
    outer loop
      vertex -10.3997 19.033 6.2
      vertex -10.2836 18.6502 6.2
      vertex -9.80956 19.1809 6.2
    endloop
  endfacet
  facet normal 0 0 1
    outer loop
      vertex -10.3997 19.033 6.2
      vertex -10.8195 18.4585 6.2
      vertex -10.2836 18.6502 6.2
    endloop
  endfacet
  facet normal -0 0 1
    outer loop
      vertex -10.9726 18.828 6.2
      vertex -10.8195 18.4585 6.2
      vertex -10.3997 19.033 6.2
    endloop
  endfacet
  facet normal 0 0 1
    outer loop
      vertex -10.9726 18.828 6.2
      vertex -11.3341 18.2151 6.2
      vertex -10.8195 18.4585 6.2
    endloop
  endfacet
  facet normal -0 0 1
    outer loop
      vertex -11.5226 18.5679 6.2
      vertex -11.3341 18.2151 6.2
      vertex -10.9726 18.828 6.2
    endloop
  endfacet
  facet normal 0 0 1
    outer loop
      vertex -11.5226 18.5679 6.2
      vertex -11.8223 17.9225 6.2
      vertex -11.3341 18.2151 6.2
    endloop
  endfacet
  facet normal -0 0 1
    outer loop
      vertex -12.0445 18.2551 6.2
      vertex -11.8223 17.9225 6.2
      vertex -11.5226 18.5679 6.2
    endloop
  endfacet
  facet normal 0 0 1
    outer loop
      vertex -12.0445 18.2551 6.2
      vertex -12.2795 17.5835 6.2
      vertex -11.8223 17.9225 6.2
    endloop
  endfacet
  facet normal -0 0 1
    outer loop
      vertex -12.5332 17.8927 6.2
      vertex -12.2795 17.5835 6.2
      vertex -12.0445 18.2551 6.2
    endloop
  endfacet
  facet normal 0 0 1
    outer loop
      vertex -12.5332 17.8927 6.2
      vertex -12.7012 17.2012 6.2
      vertex -12.2795 17.5835 6.2
    endloop
  endfacet
  facet normal -0 0 1
    outer loop
      vertex -12.9841 17.4841 6.2
      vertex -12.7012 17.2012 6.2
      vertex -12.5332 17.8927 6.2
    endloop
  endfacet
  facet normal 0 0 1
    outer loop
      vertex -12.9841 17.4841 6.2
      vertex -13.0835 16.7795 6.2
      vertex -12.7012 17.2012 6.2
    endloop
  endfacet
  facet normal -0 0 1
    outer loop
      vertex -13.3927 17.0332 6.2
      vertex -13.0835 16.7795 6.2
      vertex -12.9841 17.4841 6.2
    endloop
  endfacet
  facet normal 0 0 1
    outer loop
      vertex -13.3927 17.0332 6.2
      vertex -13.4225 16.3223 6.2
      vertex -13.0835 16.7795 6.2
    endloop
  endfacet
  facet normal -0 0 1
    outer loop
      vertex -13.7551 16.5445 6.2
      vertex -13.4225 16.3223 6.2
      vertex -13.3927 17.0332 6.2
    endloop
  endfacet
  facet normal 0 0 1
    outer loop
      vertex -13.4225 16.3223 6.2
      vertex -13.7551 16.5445 6.2
      vertex -13.7151 15.8341 6.2
    endloop
  endfacet
  facet normal -0 0 1
    outer loop
      vertex -14.0679 16.0226 6.2
      vertex -13.7151 15.8341 6.2
      vertex -13.7551 16.5445 6.2
    endloop
  endfacet
  facet normal 0 0 1
    outer loop
      vertex -13.7151 15.8341 6.2
      vertex -14.0679 16.0226 6.2
      vertex -13.9585 15.3195 6.2
    endloop
  endfacet
  facet normal -0 0 1
    outer loop
      vertex -14.328 15.4726 6.2
      vertex -13.9585 15.3195 6.2
      vertex -14.0679 16.0226 6.2
    endloop
  endfacet
  facet normal 0 0 1
    outer loop
      vertex -13.9585 15.3195 6.2
      vertex -14.328 15.4726 6.2
      vertex -14.1502 14.7836 6.2
    endloop
  endfacet
  facet normal -0 0 1
    outer loop
      vertex -14.533 14.8997 6.2
      vertex -14.1502 14.7836 6.2
      vertex -14.328 15.4726 6.2
    endloop
  endfacet
  facet normal 0 0 1
    outer loop
      vertex -14.1502 14.7836 6.2
      vertex -14.533 14.8997 6.2
      vertex -14.2885 14.2315 6.2
    endloop
  endfacet
  facet normal -0 0 1
    outer loop
      vertex -14.6809 14.3096 6.2
      vertex -14.2885 14.2315 6.2
      vertex -14.533 14.8997 6.2
    endloop
  endfacet
  facet normal -0 0 1
    outer loop
      vertex -14.7701 13.7077 6.2
      vertex -14.3721 13.6685 6.2
      vertex -14.6809 14.3096 6.2
    endloop
  endfacet
  facet normal 0 0 1
    outer loop
      vertex -14.2885 14.2315 6.2
      vertex -14.6809 14.3096 6.2
      vertex -14.3721 13.6685 6.2
    endloop
  endfacet
  facet normal 0 0 1
    outer loop
      vertex 14.7701 -13.7077 6.2
      vertex 14.3721 -13.6685 6.2
      vertex 14.6809 -14.3096 6.2
    endloop
  endfacet
  facet normal -0 0 1
    outer loop
      vertex 14.2885 -14.2315 6.2
      vertex 14.6809 -14.3096 6.2
      vertex 14.3721 -13.6685 6.2
    endloop
  endfacet
  facet normal 0 0 1
    outer loop
      vertex 14.6809 -14.3096 6.2
      vertex 14.2885 -14.2315 6.2
      vertex 14.533 -14.8997 6.2
    endloop
  endfacet
  facet normal -0 0 1
    outer loop
      vertex 14.1502 -14.7836 6.2
      vertex 14.533 -14.8997 6.2
      vertex 14.2885 -14.2315 6.2
    endloop
  endfacet
  facet normal 0 0 1
    outer loop
      vertex 14.533 -14.8997 6.2
      vertex 14.1502 -14.7836 6.2
      vertex 14.328 -15.4726 6.2
    endloop
  endfacet
  facet normal -0 0 1
    outer loop
      vertex 13.9585 -15.3195 6.2
      vertex 14.328 -15.4726 6.2
      vertex 14.1502 -14.7836 6.2
    endloop
  endfacet
  facet normal 0 0 1
    outer loop
      vertex 14.328 -15.4726 6.2
      vertex 13.9585 -15.3195 6.2
      vertex 14.0679 -16.0226 6.2
    endloop
  endfacet
  facet normal -0 0 1
    outer loop
      vertex 13.7151 -15.8341 6.2
      vertex 14.0679 -16.0226 6.2
      vertex 13.9585 -15.3195 6.2
    endloop
  endfacet
  facet normal 0 0 1
    outer loop
      vertex 14.0679 -16.0226 6.2
      vertex 13.7151 -15.8341 6.2
      vertex 13.7551 -16.5445 6.2
    endloop
  endfacet
  facet normal -0 0 1
    outer loop
      vertex 13.4225 -16.3223 6.2
      vertex 13.7551 -16.5445 6.2
      vertex 13.7151 -15.8341 6.2
    endloop
  endfacet
  facet normal 0 0 1
    outer loop
      vertex 13.4225 -16.3223 6.2
      vertex 13.3927 -17.0332 6.2
      vertex 13.7551 -16.5445 6.2
    endloop
  endfacet
  facet normal -0 0 1
    outer loop
      vertex 13.0835 -16.7795 6.2
      vertex 13.3927 -17.0332 6.2
      vertex 13.4225 -16.3223 6.2
    endloop
  endfacet
  facet normal 0 0 1
    outer loop
      vertex 13.0835 -16.7795 6.2
      vertex 12.9841 -17.4841 6.2
      vertex 13.3927 -17.0332 6.2
    endloop
  endfacet
  facet normal -0 0 1
    outer loop
      vertex 12.7012 -17.2012 6.2
      vertex 12.9841 -17.4841 6.2
      vertex 13.0835 -16.7795 6.2
    endloop
  endfacet
  facet normal 0 0 1
    outer loop
      vertex 12.7012 -17.2012 6.2
      vertex 12.5332 -17.8927 6.2
      vertex 12.9841 -17.4841 6.2
    endloop
  endfacet
  facet normal -0 0 1
    outer loop
      vertex 12.2795 -17.5835 6.2
      vertex 12.5332 -17.8927 6.2
      vertex 12.7012 -17.2012 6.2
    endloop
  endfacet
  facet normal 0 0 1
    outer loop
      vertex 12.2795 -17.5835 6.2
      vertex 12.0445 -18.2551 6.2
      vertex 12.5332 -17.8927 6.2
    endloop
  endfacet
  facet normal -0 0 1
    outer loop
      vertex 11.8223 -17.9225 6.2
      vertex 12.0445 -18.2551 6.2
      vertex 12.2795 -17.5835 6.2
    endloop
  endfacet
  facet normal 0 0 1
    outer loop
      vertex 11.8223 -17.9225 6.2
      vertex 11.5226 -18.5679 6.2
      vertex 12.0445 -18.2551 6.2
    endloop
  endfacet
  facet normal -0 0 1
    outer loop
      vertex 11.3341 -18.2151 6.2
      vertex 11.5226 -18.5679 6.2
      vertex 11.8223 -17.9225 6.2
    endloop
  endfacet
  facet normal 0 0 1
    outer loop
      vertex 11.3341 -18.2151 6.2
      vertex 10.9726 -18.828 6.2
      vertex 11.5226 -18.5679 6.2
    endloop
  endfacet
  facet normal -0 0 1
    outer loop
      vertex 10.8195 -18.4585 6.2
      vertex 10.9726 -18.828 6.2
      vertex 11.3341 -18.2151 6.2
    endloop
  endfacet
  facet normal 0 0 1
    outer loop
      vertex 10.8195 -18.4585 6.2
      vertex 10.3997 -19.033 6.2
      vertex 10.9726 -18.828 6.2
    endloop
  endfacet
  facet normal -0 0 1
    outer loop
      vertex 10.2836 -18.6502 6.2
      vertex 10.3997 -19.033 6.2
      vertex 10.8195 -18.4585 6.2
    endloop
  endfacet
  facet normal 0 0 1
    outer loop
      vertex 10.2836 -18.6502 6.2
      vertex 9.80956 -19.1809 6.2
      vertex 10.3997 -19.033 6.2
    endloop
  endfacet
  facet normal -0 0 1
    outer loop
      vertex 9.73152 -18.7885 6.2
      vertex 9.80956 -19.1809 6.2
      vertex 10.2836 -18.6502 6.2
    endloop
  endfacet
  facet normal 0 0 1
    outer loop
      vertex 9.73152 -18.7885 6.2
      vertex 9.2077 -19.2701 6.2
      vertex 9.80956 -19.1809 6.2
    endloop
  endfacet
  facet normal -0 0 1
    outer loop
      vertex 9.16849 -18.8721 6.2
      vertex 9.2077 -19.2701 6.2
      vertex 9.73152 -18.7885 6.2
    endloop
  endfacet
  facet normal -0 0 1
    outer loop
      vertex 8.59999 -18.9 6.2
      vertex 9.2077 -19.2701 6.2
      vertex 9.16849 -18.8721 6.2
    endloop
  endfacet
  facet normal 0 0 1
    outer loop
      vertex 8.59999 -18.9 6.2
      vertex 8.59999 -19.3 6.2
      vertex 9.2077 -19.2701 6.2
    endloop
  endfacet
  facet normal -0 0 1
    outer loop
      vertex -8.59999 -18.9 6.2
      vertex 8.59999 -19.3 6.2
      vertex 8.59999 -18.9 6.2
    endloop
  endfacet
  facet normal 0 0 1
    outer loop
      vertex -8.59999 -18.9 6.2
      vertex -8.59999 -19.3 6.2
      vertex 8.59999 -19.3 6.2
    endloop
  endfacet
  facet normal 0 0 1
    outer loop
      vertex -9.16849 -18.8721 6.2
      vertex -8.59999 -19.3 6.2
      vertex -8.59999 -18.9 6.2
    endloop
  endfacet
  facet normal 0 0 1
    outer loop
      vertex -9.16849 -18.8721 6.2
      vertex -9.2077 -19.2701 6.2
      vertex -8.59999 -19.3 6.2
    endloop
  endfacet
  facet normal 0 0 1
    outer loop
      vertex -9.73152 -18.7885 6.2
      vertex -9.2077 -19.2701 6.2
      vertex -9.16849 -18.8721 6.2
    endloop
  endfacet
  facet normal 0 0 1
    outer loop
      vertex -9.73152 -18.7885 6.2
      vertex -9.80956 -19.1809 6.2
      vertex -9.2077 -19.2701 6.2
    endloop
  endfacet
  facet normal 0 0 1
    outer loop
      vertex -10.2836 -18.6502 6.2
      vertex -9.80956 -19.1809 6.2
      vertex -9.73152 -18.7885 6.2
    endloop
  endfacet
  facet normal 0 0 1
    outer loop
      vertex -10.2836 -18.6502 6.2
      vertex -10.3997 -19.033 6.2
      vertex -9.80956 -19.1809 6.2
    endloop
  endfacet
  facet normal 0 0 1
    outer loop
      vertex -10.8195 -18.4585 6.2
      vertex -10.3997 -19.033 6.2
      vertex -10.2836 -18.6502 6.2
    endloop
  endfacet
  facet normal 0 0 1
    outer loop
      vertex -10.8195 -18.4585 6.2
      vertex -10.9726 -18.828 6.2
      vertex -10.3997 -19.033 6.2
    endloop
  endfacet
  facet normal 0 0 1
    outer loop
      vertex -11.3341 -18.2151 6.2
      vertex -10.9726 -18.828 6.2
      vertex -10.8195 -18.4585 6.2
    endloop
  endfacet
  facet normal 0 0 1
    outer loop
      vertex -11.3341 -18.2151 6.2
      vertex -11.5226 -18.5679 6.2
      vertex -10.9726 -18.828 6.2
    endloop
  endfacet
  facet normal 0 0 1
    outer loop
      vertex -11.8223 -17.9225 6.2
      vertex -11.5226 -18.5679 6.2
      vertex -11.3341 -18.2151 6.2
    endloop
  endfacet
  facet normal 0 0 1
    outer loop
      vertex -11.8223 -17.9225 6.2
      vertex -12.0445 -18.2551 6.2
      vertex -11.5226 -18.5679 6.2
    endloop
  endfacet
  facet normal 0 0 1
    outer loop
      vertex -12.2795 -17.5835 6.2
      vertex -12.0445 -18.2551 6.2
      vertex -11.8223 -17.9225 6.2
    endloop
  endfacet
  facet normal 0 0 1
    outer loop
      vertex -12.2795 -17.5835 6.2
      vertex -12.5332 -17.8927 6.2
      vertex -12.0445 -18.2551 6.2
    endloop
  endfacet
  facet normal 0 0 1
    outer loop
      vertex -12.7012 -17.2012 6.2
      vertex -12.5332 -17.8927 6.2
      vertex -12.2795 -17.5835 6.2
    endloop
  endfacet
  facet normal 0 0 1
    outer loop
      vertex -12.7012 -17.2012 6.2
      vertex -12.9841 -17.4841 6.2
      vertex -12.5332 -17.8927 6.2
    endloop
  endfacet
  facet normal 0 0 1
    outer loop
      vertex -13.0835 -16.7795 6.2
      vertex -12.9841 -17.4841 6.2
      vertex -12.7012 -17.2012 6.2
    endloop
  endfacet
  facet normal 0 0 1
    outer loop
      vertex -13.0835 -16.7795 6.2
      vertex -13.3927 -17.0332 6.2
      vertex -12.9841 -17.4841 6.2
    endloop
  endfacet
  facet normal 0 0 1
    outer loop
      vertex -13.4225 -16.3223 6.2
      vertex -13.3927 -17.0332 6.2
      vertex -13.0835 -16.7795 6.2
    endloop
  endfacet
  facet normal 0 0 1
    outer loop
      vertex -13.7551 -16.5445 6.2
      vertex -13.4225 -16.3223 6.2
      vertex -13.7151 -15.8341 6.2
    endloop
  endfacet
  facet normal 0 0 1
    outer loop
      vertex -13.4225 -16.3223 6.2
      vertex -13.7551 -16.5445 6.2
      vertex -13.3927 -17.0332 6.2
    endloop
  endfacet
  facet normal 0 0 1
    outer loop
      vertex -14.0679 -16.0226 6.2
      vertex -13.7151 -15.8341 6.2
      vertex -13.9585 -15.3195 6.2
    endloop
  endfacet
  facet normal 0 0 1
    outer loop
      vertex -13.7151 -15.8341 6.2
      vertex -14.0679 -16.0226 6.2
      vertex -13.7551 -16.5445 6.2
    endloop
  endfacet
  facet normal 0 0 1
    outer loop
      vertex -14.328 -15.4726 6.2
      vertex -13.9585 -15.3195 6.2
      vertex -14.1502 -14.7836 6.2
    endloop
  endfacet
  facet normal 0 0 1
    outer loop
      vertex -14.533 -14.8997 6.2
      vertex -14.1502 -14.7836 6.2
      vertex -14.2885 -14.2315 6.2
    endloop
  endfacet
  facet normal 0 0 1
    outer loop
      vertex -13.9585 -15.3195 6.2
      vertex -14.328 -15.4726 6.2
      vertex -14.0679 -16.0226 6.2
    endloop
  endfacet
  facet normal 0 0 1
    outer loop
      vertex -14.6809 -14.3096 6.2
      vertex -14.2885 -14.2315 6.2
      vertex -14.3721 -13.6685 6.2
    endloop
  endfacet
  facet normal 0 0 1
    outer loop
      vertex -14.7701 -13.7077 6.2
      vertex -14.3721 -13.6685 6.2
      vertex -14.4 -13.1 6.2
    endloop
  endfacet
  facet normal 0 0 1
    outer loop
      vertex -14.1502 -14.7836 6.2
      vertex -14.533 -14.8997 6.2
      vertex -14.328 -15.4726 6.2
    endloop
  endfacet
  facet normal 0 0 1
    outer loop
      vertex -14.4 13.1 6.2
      vertex -14.8 13.1 6.2
      vertex -14.4 -13.1 6.2
    endloop
  endfacet
  facet normal 0 0 1
    outer loop
      vertex -14.3721 13.6685 6.2
      vertex -14.7701 13.7077 6.2
      vertex -14.4 13.1 6.2
    endloop
  endfacet
  facet normal 0 0 1
    outer loop
      vertex -14.8 -13.1 6.2
      vertex -14.4 -13.1 6.2
      vertex -14.8 13.1 6.2
    endloop
  endfacet
  facet normal 0 0 1
    outer loop
      vertex -14.4 13.1 6.2
      vertex -14.7701 13.7077 6.2
      vertex -14.8 13.1 6.2
    endloop
  endfacet
  facet normal 0 -0 1
    outer loop
      vertex -14.7701 -13.7077 6.2
      vertex -14.4 -13.1 6.2
      vertex -14.8 -13.1 6.2
    endloop
  endfacet
  facet normal 0 0 1
    outer loop
      vertex -14.2885 -14.2315 6.2
      vertex -14.6809 -14.3096 6.2
      vertex -14.533 -14.8997 6.2
    endloop
  endfacet
  facet normal 0 0 1
    outer loop
      vertex -14.3721 -13.6685 6.2
      vertex -14.7701 -13.7077 6.2
      vertex -14.6809 -14.3096 6.2
    endloop
  endfacet
  facet normal 0.595652 0.803243 -0
    outer loop
      vertex 12.5332 17.8927 0
      vertex 12.0445 18.2551 6.2
      vertex 12.5332 17.8927 6.2
    endloop
  endfacet
  facet normal 0.595652 0.803243 0
    outer loop
      vertex 12.0445 18.2551 6.2
      vertex 12.5332 17.8927 0
      vertex 12.0445 18.2551 0
    endloop
  endfacet
  facet normal 0.969997 -0.243116 0
    outer loop
      vertex 14.533 -14.8997 6.2
      vertex 14.6809 -14.3096 0
      vertex 14.6809 -14.3096 6.2
    endloop
  endfacet
  facet normal 0.969997 -0.243116 0
    outer loop
      vertex 14.6809 -14.3096 0
      vertex 14.533 -14.8997 6.2
      vertex 14.533 -14.8997 0
    endloop
  endfacet
  facet normal 0.803243 0.595652 0
    outer loop
      vertex 13.7551 16.5445 6.2
      vertex 13.3927 17.0332 0
      vertex 13.3927 17.0332 6.2
    endloop
  endfacet
  facet normal 0.803243 0.595652 0
    outer loop
      vertex 13.3927 17.0332 0
      vertex 13.7551 16.5445 6.2
      vertex 13.7551 16.5445 0
    endloop
  endfacet
  facet normal 0.904009 0.427514 0
    outer loop
      vertex 14.328 15.4726 6.2
      vertex 14.0679 16.0226 0
      vertex 14.0679 16.0226 6.2
    endloop
  endfacet
  facet normal 0.904009 0.427514 0
    outer loop
      vertex 14.0679 16.0226 0
      vertex 14.328 15.4726 6.2
      vertex 14.328 15.4726 0
    endloop
  endfacet
  facet normal -0.904009 0.427514 0
    outer loop
      vertex -14.328 15.4726 0
      vertex -14.0679 16.0226 6.2
      vertex -14.0679 16.0226 0
    endloop
  endfacet
  facet normal -0.904009 0.427514 0
    outer loop
      vertex -14.0679 16.0226 6.2
      vertex -14.328 15.4726 0
      vertex -14.328 15.4726 6.2
    endloop
  endfacet
  facet normal 0.989318 -0.145772 0
    outer loop
      vertex 14.7701 -13.7077 6.2
      vertex 14.7565 -13.8 5.725
      vertex 14.7701 -13.7077 5.725
    endloop
  endfacet
  facet normal 0.989174 -0.146746 0
    outer loop
      vertex 14.7565 -13.8 5.725
      vertex 14.6809 -14.3096 6.2
      vertex 14.7565 -13.8 4.375
    endloop
  endfacet
  facet normal 0.989196 -0.146596 0.000163723
    outer loop
      vertex 14.6809 -14.3096 6.2
      vertex 14.7565 -13.8 5.725
      vertex 14.7701 -13.7077 6.2
    endloop
  endfacet
  facet normal 0.989318 -0.145772 0
    outer loop
      vertex 14.7565 -13.8 4.375
      vertex 14.7701 -13.7077 0
      vertex 14.7701 -13.7077 4.375
    endloop
  endfacet
  facet normal 0.989174 -0.146746 0
    outer loop
      vertex 14.6809 -14.3096 0
      vertex 14.7565 -13.8 4.375
      vertex 14.6809 -14.3096 6.2
    endloop
  endfacet
  facet normal 0.989196 -0.146596 -1.77756e-05
    outer loop
      vertex 14.7565 -13.8 4.375
      vertex 14.6809 -14.3096 0
      vertex 14.7701 -13.7077 0
    endloop
  endfacet
  facet normal 0.595652 -0.803243 0
    outer loop
      vertex 12.0445 -18.2551 0
      vertex 12.5332 -17.8927 6.2
      vertex 12.0445 -18.2551 6.2
    endloop
  endfacet
  facet normal 0.595652 -0.803243 0
    outer loop
      vertex 12.5332 -17.8927 6.2
      vertex 12.0445 -18.2551 0
      vertex 12.5332 -17.8927 0
    endloop
  endfacet
  facet normal 0.2431 0.970001 -0
    outer loop
      vertex 10.3997 19.033 0
      vertex 9.80956 19.1809 6.2
      vertex 10.3997 19.033 6.2
    endloop
  endfacet
  facet normal 0.2431 0.970001 0
    outer loop
      vertex 9.80956 19.1809 6.2
      vertex 10.3997 19.033 0
      vertex 9.80956 19.1809 0
    endloop
  endfacet
  facet normal -0.336909 0.941537 0
    outer loop
      vertex -10.3997 19.033 0
      vertex -10.9726 18.828 6.2
      vertex -10.3997 19.033 6.2
    endloop
  endfacet
  facet normal -0.336909 0.941537 0
    outer loop
      vertex -10.9726 18.828 6.2
      vertex -10.3997 19.033 0
      vertex -10.9726 18.828 0
    endloop
  endfacet
  facet normal 0.514085 0.857739 -0
    outer loop
      vertex 12.0445 18.2551 0
      vertex 11.5226 18.5679 6.2
      vertex 12.0445 18.2551 6.2
    endloop
  endfacet
  facet normal 0.514085 0.857739 0
    outer loop
      vertex 11.5226 18.5679 6.2
      vertex 12.0445 18.2551 0
      vertex 11.5226 18.5679 0
    endloop
  endfacet
  facet normal -0.998792 0.0491425 0
    outer loop
      vertex -14.8 13.1 5.725
      vertex -14.7701 13.7077 6.2
      vertex -14.7701 13.7077 5.725
    endloop
  endfacet
  facet normal -0.998792 0.0491425 0
    outer loop
      vertex -14.7701 13.7077 6.2
      vertex -14.8 13.1 5.725
      vertex -14.8 13.1 6.2
    endloop
  endfacet
  facet normal -0.998792 0.0491425 0
    outer loop
      vertex -14.8 13.1 0
      vertex -14.7701 13.7077 4.375
      vertex -14.7701 13.7077 0
    endloop
  endfacet
  facet normal -0.998792 0.0491425 0
    outer loop
      vertex -14.7701 13.7077 4.375
      vertex -14.8 13.1 0
      vertex -14.8 13.1 4.375
    endloop
  endfacet
  facet normal 0.998792 -0.0491425 0
    outer loop
      vertex 14.7701 -13.7077 6.2
      vertex 14.8 -13.1 5.725
      vertex 14.8 -13.1 6.2
    endloop
  endfacet
  facet normal 0.998792 -0.0491425 0
    outer loop
      vertex 14.8 -13.1 5.725
      vertex 14.7701 -13.7077 6.2
      vertex 14.7701 -13.7077 5.725
    endloop
  endfacet
  facet normal 0.998792 -0.0491425 0
    outer loop
      vertex 14.7701 -13.7077 4.375
      vertex 14.8 -13.1 0
      vertex 14.8 -13.1 4.375
    endloop
  endfacet
  facet normal 0.998792 -0.0491425 0
    outer loop
      vertex 14.8 -13.1 0
      vertex 14.7701 -13.7077 4.375
      vertex 14.7701 -13.7077 0
    endloop
  endfacet
  facet normal 0.74101 0.671494 0
    outer loop
      vertex 13.3927 17.0332 6.2
      vertex 12.9841 17.4841 0
      vertex 12.9841 17.4841 6.2
    endloop
  endfacet
  facet normal 0.74101 0.671494 0
    outer loop
      vertex 12.9841 17.4841 0
      vertex 13.3927 17.0332 6.2
      vertex 13.3927 17.0332 0
    endloop
  endfacet
  facet normal 0.427514 0.904009 -0
    outer loop
      vertex 11.5226 18.5679 0
      vertex 10.9726 18.828 6.2
      vertex 11.5226 18.5679 6.2
    endloop
  endfacet
  facet normal 0.427514 0.904009 0
    outer loop
      vertex 10.9726 18.828 6.2
      vertex 11.5226 18.5679 0
      vertex 10.9726 18.828 0
    endloop
  endfacet
  facet normal 0.989174 0.146746 -0
    outer loop
      vertex 14.7565 13.8 4.375
      vertex 14.6809 14.3096 6.2
      vertex 14.7565 13.8 5.725
    endloop
  endfacet
  facet normal 0.989196 0.146596 0.000163723
    outer loop
      vertex 14.7701 13.7077 6.2
      vertex 14.7565 13.8 5.725
      vertex 14.6809 14.3096 6.2
    endloop
  endfacet
  facet normal 0.989318 0.145772 0
    outer loop
      vertex 14.7565 13.8 5.725
      vertex 14.7701 13.7077 6.2
      vertex 14.7701 13.7077 5.725
    endloop
  endfacet
  facet normal 0.989174 0.146746 0
    outer loop
      vertex 14.6809 14.3096 6.2
      vertex 14.7565 13.8 4.375
      vertex 14.6809 14.3096 0
    endloop
  endfacet
  facet normal 0.989318 0.145772 -0
    outer loop
      vertex 14.7701 13.7077 0
      vertex 14.7565 13.8 4.375
      vertex 14.7701 13.7077 4.375
    endloop
  endfacet
  facet normal 0.989196 0.146596 -1.77756e-05
    outer loop
      vertex 14.7565 13.8 4.375
      vertex 14.7701 13.7077 0
      vertex 14.6809 14.3096 0
    endloop
  endfacet
  facet normal 0.336909 0.941537 -0
    outer loop
      vertex 10.9726 18.828 0
      vertex 10.3997 19.033 6.2
      vertex 10.9726 18.828 6.2
    endloop
  endfacet
  facet normal 0.336909 0.941537 0
    outer loop
      vertex 10.3997 19.033 6.2
      vertex 10.9726 18.828 0
      vertex 10.3997 19.033 0
    endloop
  endfacet
  facet normal 0.969997 0.243116 0
    outer loop
      vertex 14.6809 14.3096 6.2
      vertex 14.533 14.8997 0
      vertex 14.533 14.8997 6.2
    endloop
  endfacet
  facet normal 0.969997 0.243116 0
    outer loop
      vertex 14.533 14.8997 0
      vertex 14.6809 14.3096 6.2
      vertex 14.6809 14.3096 0
    endloop
  endfacet
  facet normal -0.803243 -0.595652 0
    outer loop
      vertex -13.3927 -17.0332 0
      vertex -13.7551 -16.5445 6.2
      vertex -13.7551 -16.5445 0
    endloop
  endfacet
  facet normal -0.803243 -0.595652 0
    outer loop
      vertex -13.7551 -16.5445 6.2
      vertex -13.3927 -17.0332 0
      vertex -13.3927 -17.0332 6.2
    endloop
  endfacet
  facet normal -0.941537 0.336909 0
    outer loop
      vertex -14.533 14.8997 0
      vertex -14.328 15.4726 6.2
      vertex -14.328 15.4726 0
    endloop
  endfacet
  facet normal -0.941537 0.336909 0
    outer loop
      vertex -14.328 15.4726 6.2
      vertex -14.533 14.8997 0
      vertex -14.533 14.8997 6.2
    endloop
  endfacet
  facet normal -0.2431 0.970001 0
    outer loop
      vertex -9.80956 19.1809 0
      vertex -10.3997 19.033 6.2
      vertex -9.80956 19.1809 6.2
    endloop
  endfacet
  facet normal -0.2431 0.970001 0
    outer loop
      vertex -10.3997 19.033 6.2
      vertex -9.80956 19.1809 0
      vertex -10.3997 19.033 0
    endloop
  endfacet
  facet normal -0.969997 0.243116 0
    outer loop
      vertex -14.6809 14.3096 0
      vertex -14.533 14.8997 6.2
      vertex -14.533 14.8997 0
    endloop
  endfacet
  facet normal -0.969997 0.243116 0
    outer loop
      vertex -14.533 14.8997 6.2
      vertex -14.6809 14.3096 0
      vertex -14.6809 14.3096 6.2
    endloop
  endfacet
  facet normal 0.904009 -0.427514 0
    outer loop
      vertex 14.0679 -16.0226 6.2
      vertex 14.328 -15.4726 0
      vertex 14.328 -15.4726 6.2
    endloop
  endfacet
  facet normal 0.904009 -0.427514 0
    outer loop
      vertex 14.328 -15.4726 0
      vertex 14.0679 -16.0226 6.2
      vertex 14.0679 -16.0226 0
    endloop
  endfacet
  facet normal 0.336909 -0.941537 0
    outer loop
      vertex 10.3997 -19.033 0
      vertex 10.9726 -18.828 6.2
      vertex 10.3997 -19.033 6.2
    endloop
  endfacet
  facet normal 0.336909 -0.941537 0
    outer loop
      vertex 10.9726 -18.828 6.2
      vertex 10.3997 -19.033 0
      vertex 10.9726 -18.828 0
    endloop
  endfacet
  facet normal 0.671494 0.74101 -0
    outer loop
      vertex 12.9841 17.4841 0
      vertex 12.5332 17.8927 6.2
      vertex 12.9841 17.4841 6.2
    endloop
  endfacet
  facet normal 0.671494 0.74101 0
    outer loop
      vertex 12.5332 17.8927 6.2
      vertex 12.9841 17.4841 0
      vertex 12.5332 17.8927 0
    endloop
  endfacet
  facet normal 0.941537 0.336909 0
    outer loop
      vertex 14.533 14.8997 6.2
      vertex 14.328 15.4726 0
      vertex 14.328 15.4726 6.2
    endloop
  endfacet
  facet normal 0.941537 0.336909 0
    outer loop
      vertex 14.328 15.4726 0
      vertex 14.533 14.8997 6.2
      vertex 14.533 14.8997 0
    endloop
  endfacet
  facet normal 0.2431 -0.970001 0
    outer loop
      vertex 9.80956 -19.1809 0
      vertex 10.3997 -19.033 6.2
      vertex 9.80956 -19.1809 6.2
    endloop
  endfacet
  facet normal 0.2431 -0.970001 0
    outer loop
      vertex 10.3997 -19.033 6.2
      vertex 9.80956 -19.1809 0
      vertex 10.3997 -19.033 0
    endloop
  endfacet
  facet normal 0 0 -1
    outer loop
      vertex 8.59999 -19.3 0
      vertex 14.8 -13.1 0
      vertex 14.7701 -13.7077 0
    endloop
  endfacet
  facet normal 0 0 -1
    outer loop
      vertex 14.8 -13.1 0
      vertex -14.8 -13.1 0
      vertex 14.8 13.1 0
    endloop
  endfacet
  facet normal 0 0 -1
    outer loop
      vertex 8.59999 -19.3 0
      vertex 14.7701 -13.7077 0
      vertex 14.6809 -14.3096 0
    endloop
  endfacet
  facet normal 0 0 -1
    outer loop
      vertex -14.8 13.1 0
      vertex 14.8 13.1 0
      vertex -14.8 -13.1 0
    endloop
  endfacet
  facet normal 0 0 -1
    outer loop
      vertex 8.59999 -19.3 0
      vertex 14.6809 -14.3096 0
      vertex 14.533 -14.8997 0
    endloop
  endfacet
  facet normal 0 -0 -1
    outer loop
      vertex 8.59999 19.3 0
      vertex 14.8 13.1 0
      vertex -14.8 13.1 0
    endloop
  endfacet
  facet normal 0 0 -1
    outer loop
      vertex 8.59999 -19.3 0
      vertex 14.533 -14.8997 0
      vertex 14.328 -15.4726 0
    endloop
  endfacet
  facet normal 0 0 -1
    outer loop
      vertex 14.8 13.1 0
      vertex 8.59999 19.3 0
      vertex 14.7701 13.7077 0
    endloop
  endfacet
  facet normal 0 0 -1
    outer loop
      vertex 8.59999 -19.3 0
      vertex 14.328 -15.4726 0
      vertex 14.0679 -16.0226 0
    endloop
  endfacet
  facet normal 0 0 -1
    outer loop
      vertex 14.7701 13.7077 0
      vertex 8.59999 19.3 0
      vertex 14.6809 14.3096 0
    endloop
  endfacet
  facet normal 0 0 -1
    outer loop
      vertex 8.59999 -19.3 0
      vertex 14.0679 -16.0226 0
      vertex 13.7551 -16.5445 0
    endloop
  endfacet
  facet normal -0 0 -1
    outer loop
      vertex 14.8 -13.1 0
      vertex 8.59999 -19.3 0
      vertex -14.8 -13.1 0
    endloop
  endfacet
  facet normal 0 0 -1
    outer loop
      vertex 8.59999 -19.3 0
      vertex 13.7551 -16.5445 0
      vertex 13.3927 -17.0332 0
    endloop
  endfacet
  facet normal 0 0 -1
    outer loop
      vertex 14.6809 14.3096 0
      vertex 8.59999 19.3 0
      vertex 14.533 14.8997 0
    endloop
  endfacet
  facet normal 0 0 -1
    outer loop
      vertex 8.59999 -19.3 0
      vertex 13.3927 -17.0332 0
      vertex 12.9841 -17.4841 0
    endloop
  endfacet
  facet normal 0 0 -1
    outer loop
      vertex 14.0679 16.0226 0
      vertex 8.59999 19.3 0
      vertex 13.7551 16.5445 0
    endloop
  endfacet
  facet normal 0 0 -1
    outer loop
      vertex 8.59999 -19.3 0
      vertex 12.9841 -17.4841 0
      vertex 12.5332 -17.8927 0
    endloop
  endfacet
  facet normal 0 0 -1
    outer loop
      vertex 13.7551 16.5445 0
      vertex 8.59999 19.3 0
      vertex 13.3927 17.0332 0
    endloop
  endfacet
  facet normal 0 0 -1
    outer loop
      vertex 8.59999 -19.3 0
      vertex 12.5332 -17.8927 0
      vertex 12.0445 -18.2551 0
    endloop
  endfacet
  facet normal 0 0 -1
    outer loop
      vertex 13.3927 17.0332 0
      vertex 8.59999 19.3 0
      vertex 12.9841 17.4841 0
    endloop
  endfacet
  facet normal 0 0 -1
    outer loop
      vertex 8.59999 -19.3 0
      vertex 12.0445 -18.2551 0
      vertex 11.5226 -18.5679 0
    endloop
  endfacet
  facet normal 0 0 -1
    outer loop
      vertex 12.9841 17.4841 0
      vertex 8.59999 19.3 0
      vertex 12.5332 17.8927 0
    endloop
  endfacet
  facet normal 0 0 -1
    outer loop
      vertex 8.59999 -19.3 0
      vertex 11.5226 -18.5679 0
      vertex 10.9726 -18.828 0
    endloop
  endfacet
  facet normal 0 0 -1
    outer loop
      vertex 12.5332 17.8927 0
      vertex 8.59999 19.3 0
      vertex 12.0445 18.2551 0
    endloop
  endfacet
  facet normal 0 0 -1
    outer loop
      vertex 8.59999 -19.3 0
      vertex 10.9726 -18.828 0
      vertex 10.3997 -19.033 0
    endloop
  endfacet
  facet normal 0 0 -1
    outer loop
      vertex 12.0445 18.2551 0
      vertex 8.59999 19.3 0
      vertex 11.5226 18.5679 0
    endloop
  endfacet
  facet normal 0 0 -1
    outer loop
      vertex 8.59999 -19.3 0
      vertex 10.3997 -19.033 0
      vertex 9.80956 -19.1809 0
    endloop
  endfacet
  facet normal 0 0 -1
    outer loop
      vertex 11.5226 18.5679 0
      vertex 8.59999 19.3 0
      vertex 10.9726 18.828 0
    endloop
  endfacet
  facet normal 0 0 -1
    outer loop
      vertex 8.59999 -19.3 0
      vertex 9.80956 -19.1809 0
      vertex 9.2077 -19.2701 0
    endloop
  endfacet
  facet normal 0 0 -1
    outer loop
      vertex 10.9726 18.828 0
      vertex 8.59999 19.3 0
      vertex 10.3997 19.033 0
    endloop
  endfacet
  facet normal 0 0 -1
    outer loop
      vertex 10.3997 19.033 0
      vertex 8.59999 19.3 0
      vertex 9.80956 19.1809 0
    endloop
  endfacet
  facet normal 0 0 -1
    outer loop
      vertex 9.80956 19.1809 0
      vertex 8.59999 19.3 0
      vertex 9.2077 19.2701 0
    endloop
  endfacet
  facet normal 0 0 -1
    outer loop
      vertex -14.8 -13.1 0
      vertex 8.59999 -19.3 0
      vertex -8.59999 -19.3 0
    endloop
  endfacet
  facet normal 0 0 -1
    outer loop
      vertex 14.533 14.8997 0
      vertex 8.59999 19.3 0
      vertex 14.328 15.4726 0
    endloop
  endfacet
  facet normal 0 0 -1
    outer loop
      vertex -14.8 -13.1 0
      vertex -8.59999 -19.3 0
      vertex -9.2077 -19.2701 0
    endloop
  endfacet
  facet normal 0 0 -1
    outer loop
      vertex 14.328 15.4726 0
      vertex 8.59999 19.3 0
      vertex 14.0679 16.0226 0
    endloop
  endfacet
  facet normal 0 0 -1
    outer loop
      vertex -14.8 -13.1 0
      vertex -9.2077 -19.2701 0
      vertex -9.80956 -19.1809 0
    endloop
  endfacet
  facet normal -0 0 -1
    outer loop
      vertex 8.59999 19.3 0
      vertex -14.8 13.1 0
      vertex -8.59999 19.3 0
    endloop
  endfacet
  facet normal 0 0 -1
    outer loop
      vertex -14.8 -13.1 0
      vertex -9.80956 -19.1809 0
      vertex -10.3997 -19.033 0
    endloop
  endfacet
  facet normal 0 0 -1
    outer loop
      vertex -8.59999 19.3 0
      vertex -14.8 13.1 0
      vertex -9.2077 19.2701 0
    endloop
  endfacet
  facet normal 0 0 -1
    outer loop
      vertex -14.8 -13.1 0
      vertex -10.3997 -19.033 0
      vertex -10.9726 -18.828 0
    endloop
  endfacet
  facet normal 0 0 -1
    outer loop
      vertex -9.2077 19.2701 0
      vertex -14.8 13.1 0
      vertex -9.80956 19.1809 0
    endloop
  endfacet
  facet normal 0 0 -1
    outer loop
      vertex -14.8 -13.1 0
      vertex -10.9726 -18.828 0
      vertex -11.5226 -18.5679 0
    endloop
  endfacet
  facet normal 0 0 -1
    outer loop
      vertex -9.80956 19.1809 0
      vertex -14.8 13.1 0
      vertex -10.3997 19.033 0
    endloop
  endfacet
  facet normal 0 0 -1
    outer loop
      vertex -14.8 -13.1 0
      vertex -11.5226 -18.5679 0
      vertex -12.0445 -18.2551 0
    endloop
  endfacet
  facet normal 0 0 -1
    outer loop
      vertex -10.3997 19.033 0
      vertex -14.8 13.1 0
      vertex -10.9726 18.828 0
    endloop
  endfacet
  facet normal 0 0 -1
    outer loop
      vertex -14.8 -13.1 0
      vertex -12.0445 -18.2551 0
      vertex -12.5332 -17.8927 0
    endloop
  endfacet
  facet normal 0 0 -1
    outer loop
      vertex -10.9726 18.828 0
      vertex -14.8 13.1 0
      vertex -11.5226 18.5679 0
    endloop
  endfacet
  facet normal 0 0 -1
    outer loop
      vertex -14.8 -13.1 0
      vertex -12.5332 -17.8927 0
      vertex -12.9841 -17.4841 0
    endloop
  endfacet
  facet normal 0 0 -1
    outer loop
      vertex -11.5226 18.5679 0
      vertex -14.8 13.1 0
      vertex -12.0445 18.2551 0
    endloop
  endfacet
  facet normal 0 0 -1
    outer loop
      vertex -14.8 -13.1 0
      vertex -12.9841 -17.4841 0
      vertex -13.3927 -17.0332 0
    endloop
  endfacet
  facet normal 0 0 -1
    outer loop
      vertex -12.0445 18.2551 0
      vertex -14.8 13.1 0
      vertex -12.5332 17.8927 0
    endloop
  endfacet
  facet normal 0 0 -1
    outer loop
      vertex -14.8 -13.1 0
      vertex -13.3927 -17.0332 0
      vertex -13.7551 -16.5445 0
    endloop
  endfacet
  facet normal 0 0 -1
    outer loop
      vertex -12.5332 17.8927 0
      vertex -14.8 13.1 0
      vertex -12.9841 17.4841 0
    endloop
  endfacet
  facet normal 0 0 -1
    outer loop
      vertex -14.8 -13.1 0
      vertex -13.7551 -16.5445 0
      vertex -14.0679 -16.0226 0
    endloop
  endfacet
  facet normal 0 0 -1
    outer loop
      vertex -12.9841 17.4841 0
      vertex -14.8 13.1 0
      vertex -13.3927 17.0332 0
    endloop
  endfacet
  facet normal 0 0 -1
    outer loop
      vertex -14.8 -13.1 0
      vertex -14.0679 -16.0226 0
      vertex -14.328 -15.4726 0
    endloop
  endfacet
  facet normal 0 0 -1
    outer loop
      vertex -13.3927 17.0332 0
      vertex -14.8 13.1 0
      vertex -13.7551 16.5445 0
    endloop
  endfacet
  facet normal 0 0 -1
    outer loop
      vertex -14.8 -13.1 0
      vertex -14.328 -15.4726 0
      vertex -14.533 -14.8997 0
    endloop
  endfacet
  facet normal 0 0 -1
    outer loop
      vertex -13.7551 16.5445 0
      vertex -14.8 13.1 0
      vertex -14.0679 16.0226 0
    endloop
  endfacet
  facet normal 0 0 -1
    outer loop
      vertex -14.8 -13.1 0
      vertex -14.533 -14.8997 0
      vertex -14.6809 -14.3096 0
    endloop
  endfacet
  facet normal 0 0 -1
    outer loop
      vertex -14.0679 16.0226 0
      vertex -14.8 13.1 0
      vertex -14.328 15.4726 0
    endloop
  endfacet
  facet normal 0 0 -1
    outer loop
      vertex -14.8 -13.1 0
      vertex -14.6809 -14.3096 0
      vertex -14.7701 -13.7077 0
    endloop
  endfacet
  facet normal 0 0 -1
    outer loop
      vertex -14.328 15.4726 0
      vertex -14.8 13.1 0
      vertex -14.533 14.8997 0
    endloop
  endfacet
  facet normal 0 0 -1
    outer loop
      vertex -14.533 14.8997 0
      vertex -14.8 13.1 0
      vertex -14.6809 14.3096 0
    endloop
  endfacet
  facet normal 0 0 -1
    outer loop
      vertex -14.6809 14.3096 0
      vertex -14.8 13.1 0
      vertex -14.7701 13.7077 0
    endloop
  endfacet
  facet normal 0.242999 -0.970027 0
    outer loop
      vertex 9.73152 -18.7885 6.2
      vertex 10.2836 -18.6502 8.2
      vertex 9.73152 -18.7885 8.2
    endloop
  endfacet
  facet normal 0.242999 -0.970027 0
    outer loop
      vertex 10.2836 -18.6502 8.2
      vertex 9.73152 -18.7885 6.2
      vertex 10.2836 -18.6502 6.2
    endloop
  endfacet
  facet normal 0.595606 -0.803277 0
    outer loop
      vertex 11.8223 -17.9225 6.2
      vertex 12.2795 -17.5835 8.2
      vertex 11.8223 -17.9225 8.2
    endloop
  endfacet
  facet normal 0.595606 -0.803277 0
    outer loop
      vertex 12.2795 -17.5835 8.2
      vertex 11.8223 -17.9225 6.2
      vertex 12.2795 -17.5835 6.2
    endloop
  endfacet
  facet normal 0.146872 -0.989155 0
    outer loop
      vertex 9.16849 -18.8721 6.2
      vertex 9.73152 -18.7885 8.2
      vertex 9.16849 -18.8721 8.2
    endloop
  endfacet
  facet normal 0.146872 -0.989155 0
    outer loop
      vertex 9.73152 -18.7885 8.2
      vertex 9.16849 -18.8721 6.2
      vertex 9.73152 -18.7885 6.2
    endloop
  endfacet
  facet normal 0.0490175 -0.998798 0
    outer loop
      vertex 8.59999 -18.9 6.2
      vertex 9.16849 -18.8721 8.2
      vertex 8.59999 -18.9 8.2
    endloop
  endfacet
  facet normal 0.0490175 -0.998798 0
    outer loop
      vertex 9.16849 -18.8721 8.2
      vertex 8.59999 -18.9 6.2
      vertex 9.16849 -18.8721 6.2
    endloop
  endfacet
  facet normal 0.903981 0.427573 0
    outer loop
      vertex 13.9585 15.3195 8.2
      vertex 13.7151 15.8341 6.2
      vertex 13.7151 15.8341 8.2
    endloop
  endfacet
  facet normal 0.903981 0.427573 0
    outer loop
      vertex 13.7151 15.8341 6.2
      vertex 13.9585 15.3195 8.2
      vertex 13.9585 15.3195 6.2
    endloop
  endfacet
  facet normal -0.242999 0.970027 0
    outer loop
      vertex -9.73152 18.7885 6.2
      vertex -10.2836 18.6502 8.2
      vertex -9.73152 18.7885 8.2
    endloop
  endfacet
  facet normal -0.242999 0.970027 0
    outer loop
      vertex -10.2836 18.6502 8.2
      vertex -9.73152 18.7885 6.2
      vertex -10.2836 18.6502 6.2
    endloop
  endfacet
  facet normal -0.146872 -0.989155 0
    outer loop
      vertex -9.73152 -18.7885 6.2
      vertex -9.16849 -18.8721 8.2
      vertex -9.73152 -18.7885 8.2
    endloop
  endfacet
  facet normal -0.146872 -0.989155 -0
    outer loop
      vertex -9.16849 -18.8721 8.2
      vertex -9.73152 -18.7885 6.2
      vertex -9.16849 -18.8721 6.2
    endloop
  endfacet
  facet normal -0.671649 0.740869 0
    outer loop
      vertex -12.2795 17.5835 6.2
      vertex -12.7012 17.2012 8.2
      vertex -12.2795 17.5835 8.2
    endloop
  endfacet
  facet normal -0.671649 0.740869 0
    outer loop
      vertex -12.7012 17.2012 8.2
      vertex -12.2795 17.5835 6.2
      vertex -12.7012 17.2012 6.2
    endloop
  endfacet
  facet normal 1 -0 0
    outer loop
      vertex 14.4 -13.1 8.2
      vertex 14.4 13.1 6.2
      vertex 14.4 13.1 8.2
    endloop
  endfacet
  facet normal 1 0 0
    outer loop
      vertex 14.4 13.1 6.2
      vertex 14.4 -13.1 8.2
      vertex 14.4 -13.1 6.2
    endloop
  endfacet
  facet normal -0.740869 0.671649 0
    outer loop
      vertex -13.0835 16.7795 6.2
      vertex -12.7012 17.2012 8.2
      vertex -12.7012 17.2012 6.2
    endloop
  endfacet
  facet normal -0.740869 0.671649 0
    outer loop
      vertex -12.7012 17.2012 8.2
      vertex -13.0835 16.7795 6.2
      vertex -13.0835 16.7795 8.2
    endloop
  endfacet
  facet normal -0 0 1
    outer loop
      vertex 11.7976 13.1643 8.2
      vertex 14.4 13.1 8.2
      vertex 14.3721 13.6685 8.2
    endloop
  endfacet
  facet normal 0 0 1
    outer loop
      vertex 14.4 13.1 8.2
      vertex 12 11.8 8.2
      vertex 14.4 -13.1 8.2
    endloop
  endfacet
  facet normal 0 0 1
    outer loop
      vertex 11.7976 13.1643 8.2
      vertex 14.3721 13.6685 8.2
      vertex 14.2885 14.2315 8.2
    endloop
  endfacet
  facet normal -0 0 1
    outer loop
      vertex 12 -11.8 8.2
      vertex 14.4 -13.1 8.2
      vertex 12 11.8 8.2
    endloop
  endfacet
  facet normal 0 0 1
    outer loop
      vertex 11.6422 13.5986 8.2
      vertex 14.2885 14.2315 8.2
      vertex 14.1502 14.7836 8.2
    endloop
  endfacet
  facet normal -0 0 1
    outer loop
      vertex 11.9774 -12.2607 8.2
      vertex 14.4 -13.1 8.2
      vertex 12 -11.8 8.2
    endloop
  endfacet
  facet normal 0 0 1
    outer loop
      vertex 11.445 14.0155 8.2
      vertex 14.1502 14.7836 8.2
      vertex 13.9585 15.3195 8.2
    endloop
  endfacet
  facet normal -0 0 1
    outer loop
      vertex 11.9097 -12.7169 8.2
      vertex 14.4 -13.1 8.2
      vertex 11.9774 -12.2607 8.2
    endloop
  endfacet
  facet normal 0 0 1
    outer loop
      vertex 11.2079 14.4112 8.2
      vertex 13.9585 15.3195 8.2
      vertex 13.7151 15.8341 8.2
    endloop
  endfacet
  facet normal 0 0 1
    outer loop
      vertex 11.7976 -13.1643 8.2
      vertex 14.4 -13.1 8.2
      vertex 11.9097 -12.7169 8.2
    endloop
  endfacet
  facet normal 0 0 1
    outer loop
      vertex 11.2079 14.4112 8.2
      vertex 13.7151 15.8341 8.2
      vertex 13.4225 16.3223 8.2
    endloop
  endfacet
  facet normal 0 0 1
    outer loop
      vertex 14.4 -13.1 8.2
      vertex 11.7976 -13.1643 8.2
      vertex 14.3721 -13.6685 8.2
    endloop
  endfacet
  facet normal 0 0 1
    outer loop
      vertex 10.9331 14.7816 8.2
      vertex 13.4225 16.3223 8.2
      vertex 13.0835 16.7795 8.2
    endloop
  endfacet
  facet normal 0 0 1
    outer loop
      vertex 14.3721 -13.6685 8.2
      vertex 11.7976 -13.1643 8.2
      vertex 14.2885 -14.2315 8.2
    endloop
  endfacet
  facet normal 0 0 1
    outer loop
      vertex 10.6234 15.1234 8.2
      vertex 13.0835 16.7795 8.2
      vertex 12.7012 17.2012 8.2
    endloop
  endfacet
  facet normal -0 0 1
    outer loop
      vertex 11.6422 -13.5986 8.2
      vertex 14.2885 -14.2315 8.2
      vertex 11.7976 -13.1643 8.2
    endloop
  endfacet
  facet normal 0 0 1
    outer loop
      vertex 10.6234 15.1234 8.2
      vertex 12.7012 17.2012 8.2
      vertex 12.2795 17.5835 8.2
    endloop
  endfacet
  facet normal 0 0 1
    outer loop
      vertex 14.2885 -14.2315 8.2
      vertex 11.6422 -13.5986 8.2
      vertex 14.1502 -14.7836 8.2
    endloop
  endfacet
  facet normal -0 0 1
    outer loop
      vertex 11.445 -14.0155 8.2
      vertex 14.1502 -14.7836 8.2
      vertex 11.6422 -13.5986 8.2
    endloop
  endfacet
  facet normal 0 0 1
    outer loop
      vertex 14.4 13.1 8.2
      vertex 11.9774 12.2607 8.2
      vertex 12 11.8 8.2
    endloop
  endfacet
  facet normal 0 0 1
    outer loop
      vertex 14.4 13.1 8.2
      vertex 11.9097 12.7169 8.2
      vertex 11.9774 12.2607 8.2
    endloop
  endfacet
  facet normal 0 0 1
    outer loop
      vertex 10.2816 15.4331 8.2
      vertex 12.2795 17.5835 8.2
      vertex 11.8223 17.9225 8.2
    endloop
  endfacet
  facet normal 0 0 1
    outer loop
      vertex 14.4 13.1 8.2
      vertex 11.7976 13.1643 8.2
      vertex 11.9097 12.7169 8.2
    endloop
  endfacet
  facet normal 0 0 1
    outer loop
      vertex 14.2885 14.2315 8.2
      vertex 11.6422 13.5986 8.2
      vertex 11.7976 13.1643 8.2
    endloop
  endfacet
  facet normal 0 0 1
    outer loop
      vertex 14.1502 14.7836 8.2
      vertex 11.445 14.0155 8.2
      vertex 11.6422 13.5986 8.2
    endloop
  endfacet
  facet normal 0 0 1
    outer loop
      vertex 9.91116 15.7079 8.2
      vertex 11.8223 17.9225 8.2
      vertex 11.3341 18.2151 8.2
    endloop
  endfacet
  facet normal 0 0 1
    outer loop
      vertex 13.9585 15.3195 8.2
      vertex 11.2079 14.4112 8.2
      vertex 11.445 14.0155 8.2
    endloop
  endfacet
  facet normal 0 0 1
    outer loop
      vertex 13.4225 16.3223 8.2
      vertex 10.9331 14.7816 8.2
      vertex 11.2079 14.4112 8.2
    endloop
  endfacet
  facet normal 0 0 1
    outer loop
      vertex 9.91116 15.7079 8.2
      vertex 11.3341 18.2151 8.2
      vertex 10.8195 18.4585 8.2
    endloop
  endfacet
  facet normal 0 0 1
    outer loop
      vertex 13.0835 16.7795 8.2
      vertex 10.6234 15.1234 8.2
      vertex 10.9331 14.7816 8.2
    endloop
  endfacet
  facet normal 0 0 1
    outer loop
      vertex 9.51555 15.945 8.2
      vertex 10.8195 18.4585 8.2
      vertex 10.2836 18.6502 8.2
    endloop
  endfacet
  facet normal 0 0 1
    outer loop
      vertex 12.2795 17.5835 8.2
      vertex 10.2816 15.4331 8.2
      vertex 10.6234 15.1234 8.2
    endloop
  endfacet
  facet normal 0 0 1
    outer loop
      vertex 11.8223 17.9225 8.2
      vertex 9.91116 15.7079 8.2
      vertex 10.2816 15.4331 8.2
    endloop
  endfacet
  facet normal 0 0 1
    outer loop
      vertex 9.0986 16.1422 8.2
      vertex 10.2836 18.6502 8.2
      vertex 9.73152 18.7885 8.2
    endloop
  endfacet
  facet normal 0 0 1
    outer loop
      vertex 10.8195 18.4585 8.2
      vertex 9.51555 15.945 8.2
      vertex 9.91116 15.7079 8.2
    endloop
  endfacet
  facet normal 0 0 1
    outer loop
      vertex 8.66432 16.2976 8.2
      vertex 9.73152 18.7885 8.2
      vertex 9.16849 18.8721 8.2
    endloop
  endfacet
  facet normal 0 0 1
    outer loop
      vertex 10.2836 18.6502 8.2
      vertex 9.0986 16.1422 8.2
      vertex 9.51555 15.945 8.2
    endloop
  endfacet
  facet normal 0 0 1
    outer loop
      vertex 9.73152 18.7885 8.2
      vertex 8.66432 16.2976 8.2
      vertex 9.0986 16.1422 8.2
    endloop
  endfacet
  facet normal 0 0 1
    outer loop
      vertex 8.59999 18.9 8.2
      vertex 8.66432 16.2976 8.2
      vertex 9.16849 18.8721 8.2
    endloop
  endfacet
  facet normal 0 0 1
    outer loop
      vertex 8.59999 18.9 8.2
      vertex 8.21692 16.4097 8.2
      vertex 8.66432 16.2976 8.2
    endloop
  endfacet
  facet normal 0 0 1
    outer loop
      vertex 8.59999 18.9 8.2
      vertex 7.76067 16.4774 8.2
      vertex 8.21692 16.4097 8.2
    endloop
  endfacet
  facet normal 0 0 1
    outer loop
      vertex 8.59999 18.9 8.2
      vertex 7.29999 16.5 8.2
      vertex 7.76067 16.4774 8.2
    endloop
  endfacet
  facet normal 0 0 1
    outer loop
      vertex 8.59999 18.9 8.2
      vertex -7.29999 16.5 8.2
      vertex 7.29999 16.5 8.2
    endloop
  endfacet
  facet normal -0 0 1
    outer loop
      vertex -8.59999 18.9 8.2
      vertex -7.29999 16.5 8.2
      vertex 8.59999 18.9 8.2
    endloop
  endfacet
  facet normal 0 0 1
    outer loop
      vertex -7.29999 16.5 8.2
      vertex -8.59999 18.9 8.2
      vertex -7.76067 16.4774 8.2
    endloop
  endfacet
  facet normal 0 0 1
    outer loop
      vertex -8.59999 18.9 8.2
      vertex -8.21692 16.4097 8.2
      vertex -7.76067 16.4774 8.2
    endloop
  endfacet
  facet normal 0 0 1
    outer loop
      vertex -8.59999 18.9 8.2
      vertex -8.66432 16.2976 8.2
      vertex -8.21692 16.4097 8.2
    endloop
  endfacet
  facet normal -0 0 1
    outer loop
      vertex -9.16849 18.8721 8.2
      vertex -8.66432 16.2976 8.2
      vertex -8.59999 18.9 8.2
    endloop
  endfacet
  facet normal -0 0 1
    outer loop
      vertex -9.73152 18.7885 8.2
      vertex -8.66432 16.2976 8.2
      vertex -9.16849 18.8721 8.2
    endloop
  endfacet
  facet normal 0 0 1
    outer loop
      vertex -8.66432 16.2976 8.2
      vertex -9.73152 18.7885 8.2
      vertex -9.0986 16.1422 8.2
    endloop
  endfacet
  facet normal -0 0 1
    outer loop
      vertex -10.2836 18.6502 8.2
      vertex -9.0986 16.1422 8.2
      vertex -9.73152 18.7885 8.2
    endloop
  endfacet
  facet normal 0 0 1
    outer loop
      vertex -9.0986 16.1422 8.2
      vertex -10.2836 18.6502 8.2
      vertex -9.51555 15.945 8.2
    endloop
  endfacet
  facet normal -0 0 1
    outer loop
      vertex -10.8195 18.4585 8.2
      vertex -9.51555 15.945 8.2
      vertex -10.2836 18.6502 8.2
    endloop
  endfacet
  facet normal 0 0 1
    outer loop
      vertex -9.51555 15.945 8.2
      vertex -10.8195 18.4585 8.2
      vertex -9.91116 15.7079 8.2
    endloop
  endfacet
  facet normal -0 0 1
    outer loop
      vertex -11.3341 18.2151 8.2
      vertex -9.91116 15.7079 8.2
      vertex -10.8195 18.4585 8.2
    endloop
  endfacet
  facet normal -0 0 1
    outer loop
      vertex -11.8223 17.9225 8.2
      vertex -9.91116 15.7079 8.2
      vertex -11.3341 18.2151 8.2
    endloop
  endfacet
  facet normal 0 0 1
    outer loop
      vertex -9.91116 15.7079 8.2
      vertex -11.8223 17.9225 8.2
      vertex -10.2816 15.4331 8.2
    endloop
  endfacet
  facet normal -0 0 1
    outer loop
      vertex -12.2795 17.5835 8.2
      vertex -10.2816 15.4331 8.2
      vertex -11.8223 17.9225 8.2
    endloop
  endfacet
  facet normal 0 0 1
    outer loop
      vertex -10.2816 15.4331 8.2
      vertex -12.2795 17.5835 8.2
      vertex -10.6234 15.1234 8.2
    endloop
  endfacet
  facet normal -0 0 1
    outer loop
      vertex -12.7012 17.2012 8.2
      vertex -10.6234 15.1234 8.2
      vertex -12.2795 17.5835 8.2
    endloop
  endfacet
  facet normal -0 0 1
    outer loop
      vertex -13.0835 16.7795 8.2
      vertex -10.6234 15.1234 8.2
      vertex -12.7012 17.2012 8.2
    endloop
  endfacet
  facet normal 0 0 1
    outer loop
      vertex -10.6234 15.1234 8.2
      vertex -13.0835 16.7795 8.2
      vertex -10.9331 14.7816 8.2
    endloop
  endfacet
  facet normal -0 0 1
    outer loop
      vertex -13.4225 16.3223 8.2
      vertex -10.9331 14.7816 8.2
      vertex -13.0835 16.7795 8.2
    endloop
  endfacet
  facet normal 0 0 1
    outer loop
      vertex -10.9331 14.7816 8.2
      vertex -13.4225 16.3223 8.2
      vertex -11.2079 14.4112 8.2
    endloop
  endfacet
  facet normal -0 0 1
    outer loop
      vertex -13.7151 15.8341 8.2
      vertex -11.2079 14.4112 8.2
      vertex -13.4225 16.3223 8.2
    endloop
  endfacet
  facet normal -0 0 1
    outer loop
      vertex -13.9585 15.3195 8.2
      vertex -11.2079 14.4112 8.2
      vertex -13.7151 15.8341 8.2
    endloop
  endfacet
  facet normal -0 0 1
    outer loop
      vertex -14.1502 14.7836 8.2
      vertex -11.445 14.0155 8.2
      vertex -13.9585 15.3195 8.2
    endloop
  endfacet
  facet normal 0 0 1
    outer loop
      vertex -11.2079 14.4112 8.2
      vertex -13.9585 15.3195 8.2
      vertex -11.445 14.0155 8.2
    endloop
  endfacet
  facet normal 0 0 1
    outer loop
      vertex 14.1502 -14.7836 8.2
      vertex 11.445 -14.0155 8.2
      vertex 13.9585 -15.3195 8.2
    endloop
  endfacet
  facet normal -0 0 1
    outer loop
      vertex 11.2079 -14.4112 8.2
      vertex 13.9585 -15.3195 8.2
      vertex 11.445 -14.0155 8.2
    endloop
  endfacet
  facet normal 0 0 1
    outer loop
      vertex 13.9585 -15.3195 8.2
      vertex 11.2079 -14.4112 8.2
      vertex 13.7151 -15.8341 8.2
    endloop
  endfacet
  facet normal 0 0 1
    outer loop
      vertex 13.7151 -15.8341 8.2
      vertex 11.2079 -14.4112 8.2
      vertex 13.4225 -16.3223 8.2
    endloop
  endfacet
  facet normal -0 0 1
    outer loop
      vertex 10.9331 -14.7816 8.2
      vertex 13.4225 -16.3223 8.2
      vertex 11.2079 -14.4112 8.2
    endloop
  endfacet
  facet normal 0 0 1
    outer loop
      vertex 13.4225 -16.3223 8.2
      vertex 10.9331 -14.7816 8.2
      vertex 13.0835 -16.7795 8.2
    endloop
  endfacet
  facet normal -0 0 1
    outer loop
      vertex 10.6234 -15.1234 8.2
      vertex 13.0835 -16.7795 8.2
      vertex 10.9331 -14.7816 8.2
    endloop
  endfacet
  facet normal 0 0 1
    outer loop
      vertex 13.0835 -16.7795 8.2
      vertex 10.6234 -15.1234 8.2
      vertex 12.7012 -17.2012 8.2
    endloop
  endfacet
  facet normal 0 0 1
    outer loop
      vertex 12.7012 -17.2012 8.2
      vertex 10.6234 -15.1234 8.2
      vertex 12.2795 -17.5835 8.2
    endloop
  endfacet
  facet normal -0 0 1
    outer loop
      vertex 10.2816 -15.4331 8.2
      vertex 12.2795 -17.5835 8.2
      vertex 10.6234 -15.1234 8.2
    endloop
  endfacet
  facet normal 0 0 1
    outer loop
      vertex 12.2795 -17.5835 8.2
      vertex 10.2816 -15.4331 8.2
      vertex 11.8223 -17.9225 8.2
    endloop
  endfacet
  facet normal -0 0 1
    outer loop
      vertex 9.91116 -15.7079 8.2
      vertex 11.8223 -17.9225 8.2
      vertex 10.2816 -15.4331 8.2
    endloop
  endfacet
  facet normal 0 0 1
    outer loop
      vertex 11.8223 -17.9225 8.2
      vertex 9.91116 -15.7079 8.2
      vertex 11.3341 -18.2151 8.2
    endloop
  endfacet
  facet normal 0 0 1
    outer loop
      vertex 11.3341 -18.2151 8.2
      vertex 9.91116 -15.7079 8.2
      vertex 10.8195 -18.4585 8.2
    endloop
  endfacet
  facet normal -0 0 1
    outer loop
      vertex 9.51555 -15.945 8.2
      vertex 10.8195 -18.4585 8.2
      vertex 9.91116 -15.7079 8.2
    endloop
  endfacet
  facet normal 0 0 1
    outer loop
      vertex 10.8195 -18.4585 8.2
      vertex 9.51555 -15.945 8.2
      vertex 10.2836 -18.6502 8.2
    endloop
  endfacet
  facet normal -0 0 1
    outer loop
      vertex 9.0986 -16.1422 8.2
      vertex 10.2836 -18.6502 8.2
      vertex 9.51555 -15.945 8.2
    endloop
  endfacet
  facet normal 0 0 1
    outer loop
      vertex 10.2836 -18.6502 8.2
      vertex 9.0986 -16.1422 8.2
      vertex 9.73152 -18.7885 8.2
    endloop
  endfacet
  facet normal -0 0 1
    outer loop
      vertex 8.66432 -16.2976 8.2
      vertex 9.73152 -18.7885 8.2
      vertex 9.0986 -16.1422 8.2
    endloop
  endfacet
  facet normal 0 0 1
    outer loop
      vertex 9.73152 -18.7885 8.2
      vertex 8.66432 -16.2976 8.2
      vertex 9.16849 -18.8721 8.2
    endloop
  endfacet
  facet normal 0 0 1
    outer loop
      vertex 8.66432 -16.2976 8.2
      vertex 8.59999 -18.9 8.2
      vertex 9.16849 -18.8721 8.2
    endloop
  endfacet
  facet normal -0 0 1
    outer loop
      vertex 8.21692 -16.4097 8.2
      vertex 8.59999 -18.9 8.2
      vertex 8.66432 -16.2976 8.2
    endloop
  endfacet
  facet normal -0 0 1
    outer loop
      vertex 7.76067 -16.4774 8.2
      vertex 8.59999 -18.9 8.2
      vertex 8.21692 -16.4097 8.2
    endloop
  endfacet
  facet normal -0 0 1
    outer loop
      vertex 7.29999 -16.5 8.2
      vertex 8.59999 -18.9 8.2
      vertex 7.76067 -16.4774 8.2
    endloop
  endfacet
  facet normal -0 0 1
    outer loop
      vertex -7.29999 -16.5 8.2
      vertex 8.59999 -18.9 8.2
      vertex 7.29999 -16.5 8.2
    endloop
  endfacet
  facet normal 0 0 1
    outer loop
      vertex -8.59999 -18.9 8.2
      vertex -7.29999 -16.5 8.2
      vertex -7.76067 -16.4774 8.2
    endloop
  endfacet
  facet normal 0 0 1
    outer loop
      vertex -7.29999 -16.5 8.2
      vertex -8.59999 -18.9 8.2
      vertex 8.59999 -18.9 8.2
    endloop
  endfacet
  facet normal 0 0 1
    outer loop
      vertex -8.21692 -16.4097 8.2
      vertex -8.59999 -18.9 8.2
      vertex -7.76067 -16.4774 8.2
    endloop
  endfacet
  facet normal 0 0 1
    outer loop
      vertex -8.66432 -16.2976 8.2
      vertex -8.59999 -18.9 8.2
      vertex -8.21692 -16.4097 8.2
    endloop
  endfacet
  facet normal 0 0 1
    outer loop
      vertex -9.73152 -18.7885 8.2
      vertex -8.66432 -16.2976 8.2
      vertex -9.0986 -16.1422 8.2
    endloop
  endfacet
  facet normal 0 0 1
    outer loop
      vertex -8.66432 -16.2976 8.2
      vertex -9.16849 -18.8721 8.2
      vertex -8.59999 -18.9 8.2
    endloop
  endfacet
  facet normal 0 0 1
    outer loop
      vertex -10.2836 -18.6502 8.2
      vertex -9.0986 -16.1422 8.2
      vertex -9.51555 -15.945 8.2
    endloop
  endfacet
  facet normal 0 0 1
    outer loop
      vertex -8.66432 -16.2976 8.2
      vertex -9.73152 -18.7885 8.2
      vertex -9.16849 -18.8721 8.2
    endloop
  endfacet
  facet normal 0 0 1
    outer loop
      vertex -10.8195 -18.4585 8.2
      vertex -9.51555 -15.945 8.2
      vertex -9.91116 -15.7079 8.2
    endloop
  endfacet
  facet normal 0 0 1
    outer loop
      vertex -11.8223 -17.9225 8.2
      vertex -9.91116 -15.7079 8.2
      vertex -10.2816 -15.4331 8.2
    endloop
  endfacet
  facet normal 0 0 1
    outer loop
      vertex -9.0986 -16.1422 8.2
      vertex -10.2836 -18.6502 8.2
      vertex -9.73152 -18.7885 8.2
    endloop
  endfacet
  facet normal 0 0 1
    outer loop
      vertex -12.2795 -17.5835 8.2
      vertex -10.2816 -15.4331 8.2
      vertex -10.6234 -15.1234 8.2
    endloop
  endfacet
  facet normal 0 0 1
    outer loop
      vertex -9.51555 -15.945 8.2
      vertex -10.8195 -18.4585 8.2
      vertex -10.2836 -18.6502 8.2
    endloop
  endfacet
  facet normal 0 0 1
    outer loop
      vertex -13.0835 -16.7795 8.2
      vertex -10.6234 -15.1234 8.2
      vertex -10.9331 -14.7816 8.2
    endloop
  endfacet
  facet normal 0 0 1
    outer loop
      vertex -13.4225 -16.3223 8.2
      vertex -10.9331 -14.7816 8.2
      vertex -11.2079 -14.4112 8.2
    endloop
  endfacet
  facet normal 0 0 1
    outer loop
      vertex -9.91116 -15.7079 8.2
      vertex -11.3341 -18.2151 8.2
      vertex -10.8195 -18.4585 8.2
    endloop
  endfacet
  facet normal 0 0 1
    outer loop
      vertex -13.9585 -15.3195 8.2
      vertex -11.2079 -14.4112 8.2
      vertex -11.445 -14.0155 8.2
    endloop
  endfacet
  facet normal 0 0 1
    outer loop
      vertex -14.1502 -14.7836 8.2
      vertex -11.445 -14.0155 8.2
      vertex -11.6422 -13.5986 8.2
    endloop
  endfacet
  facet normal 0 0 1
    outer loop
      vertex -14.2885 -14.2315 8.2
      vertex -11.6422 -13.5986 8.2
      vertex -11.7976 -13.1643 8.2
    endloop
  endfacet
  facet normal 0 0 1
    outer loop
      vertex -9.91116 -15.7079 8.2
      vertex -11.8223 -17.9225 8.2
      vertex -11.3341 -18.2151 8.2
    endloop
  endfacet
  facet normal -0 0 1
    outer loop
      vertex -14.4 -13.1 8.2
      vertex -11.7976 -13.1643 8.2
      vertex -11.9097 -12.7169 8.2
    endloop
  endfacet
  facet normal 0 0 1
    outer loop
      vertex -14.4 -13.1 8.2
      vertex -11.9097 -12.7169 8.2
      vertex -11.9774 -12.2607 8.2
    endloop
  endfacet
  facet normal 0 0 1
    outer loop
      vertex -14.4 -13.1 8.2
      vertex -11.9774 -12.2607 8.2
      vertex -12 -11.8 8.2
    endloop
  endfacet
  facet normal 0 0 1
    outer loop
      vertex -10.2816 -15.4331 8.2
      vertex -12.2795 -17.5835 8.2
      vertex -11.8223 -17.9225 8.2
    endloop
  endfacet
  facet normal 0 0 1
    outer loop
      vertex -12 11.8 8.2
      vertex -14.4 13.1 8.2
      vertex -12 -11.8 8.2
    endloop
  endfacet
  facet normal 0 0 1
    outer loop
      vertex -11.445 14.0155 8.2
      vertex -14.1502 14.7836 8.2
      vertex -11.6422 13.5986 8.2
    endloop
  endfacet
  facet normal 0 0 1
    outer loop
      vertex -14.4 -13.1 8.2
      vertex -12 -11.8 8.2
      vertex -14.4 13.1 8.2
    endloop
  endfacet
  facet normal -0 0 1
    outer loop
      vertex -14.2885 14.2315 8.2
      vertex -11.6422 13.5986 8.2
      vertex -14.1502 14.7836 8.2
    endloop
  endfacet
  facet normal 0 0 1
    outer loop
      vertex -11.7976 -13.1643 8.2
      vertex -14.4 -13.1 8.2
      vertex -14.3721 -13.6685 8.2
    endloop
  endfacet
  facet normal 0 0 1
    outer loop
      vertex -11.6422 13.5986 8.2
      vertex -14.2885 14.2315 8.2
      vertex -11.7976 13.1643 8.2
    endloop
  endfacet
  facet normal 0 0 1
    outer loop
      vertex -10.6234 -15.1234 8.2
      vertex -12.7012 -17.2012 8.2
      vertex -12.2795 -17.5835 8.2
    endloop
  endfacet
  facet normal -0 0 1
    outer loop
      vertex -14.3721 13.6685 8.2
      vertex -11.7976 13.1643 8.2
      vertex -14.2885 14.2315 8.2
    endloop
  endfacet
  facet normal 0 0 1
    outer loop
      vertex -10.6234 -15.1234 8.2
      vertex -13.0835 -16.7795 8.2
      vertex -12.7012 -17.2012 8.2
    endloop
  endfacet
  facet normal 0 0 1
    outer loop
      vertex -14.4 13.1 8.2
      vertex -11.7976 13.1643 8.2
      vertex -14.3721 13.6685 8.2
    endloop
  endfacet
  facet normal 0 0 1
    outer loop
      vertex -10.9331 -14.7816 8.2
      vertex -13.4225 -16.3223 8.2
      vertex -13.0835 -16.7795 8.2
    endloop
  endfacet
  facet normal 0 0 1
    outer loop
      vertex -11.7976 13.1643 8.2
      vertex -14.4 13.1 8.2
      vertex -11.9097 12.7169 8.2
    endloop
  endfacet
  facet normal 0 0 1
    outer loop
      vertex -11.2079 -14.4112 8.2
      vertex -13.7151 -15.8341 8.2
      vertex -13.4225 -16.3223 8.2
    endloop
  endfacet
  facet normal 0 0 1
    outer loop
      vertex -11.9097 12.7169 8.2
      vertex -14.4 13.1 8.2
      vertex -11.9774 12.2607 8.2
    endloop
  endfacet
  facet normal 0 0 1
    outer loop
      vertex -11.2079 -14.4112 8.2
      vertex -13.9585 -15.3195 8.2
      vertex -13.7151 -15.8341 8.2
    endloop
  endfacet
  facet normal 0 0 1
    outer loop
      vertex -11.9774 12.2607 8.2
      vertex -14.4 13.1 8.2
      vertex -12 11.8 8.2
    endloop
  endfacet
  facet normal 0 0 1
    outer loop
      vertex -11.445 -14.0155 8.2
      vertex -14.1502 -14.7836 8.2
      vertex -13.9585 -15.3195 8.2
    endloop
  endfacet
  facet normal 0 0 1
    outer loop
      vertex -11.6422 -13.5986 8.2
      vertex -14.2885 -14.2315 8.2
      vertex -14.1502 -14.7836 8.2
    endloop
  endfacet
  facet normal 0 0 1
    outer loop
      vertex -11.7976 -13.1643 8.2
      vertex -14.3721 -13.6685 8.2
      vertex -14.2885 -14.2315 8.2
    endloop
  endfacet
  facet normal -0.595606 -0.803277 0
    outer loop
      vertex -12.2795 -17.5835 6.2
      vertex -11.8223 -17.9225 8.2
      vertex -12.2795 -17.5835 8.2
    endloop
  endfacet
  facet normal -0.595606 -0.803277 -0
    outer loop
      vertex -11.8223 -17.9225 8.2
      vertex -12.2795 -17.5835 6.2
      vertex -11.8223 -17.9225 6.2
    endloop
  endfacet
  facet normal 0 -1 0
    outer loop
      vertex -8.59999 -18.9 6.2
      vertex 8.59999 -18.9 8.2
      vertex -8.59999 -18.9 8.2
    endloop
  endfacet
  facet normal 0 -1 -0
    outer loop
      vertex 8.59999 -18.9 8.2
      vertex -8.59999 -18.9 6.2
      vertex 8.59999 -18.9 6.2
    endloop
  endfacet
  facet normal -0.857741 -0.514082 0
    outer loop
      vertex -13.4225 -16.3223 6.2
      vertex -13.7151 -15.8341 8.2
      vertex -13.7151 -15.8341 6.2
    endloop
  endfacet
  facet normal -0.857741 -0.514082 0
    outer loop
      vertex -13.7151 -15.8341 8.2
      vertex -13.4225 -16.3223 6.2
      vertex -13.4225 -16.3223 8.2
    endloop
  endfacet
  facet normal -0.0490175 -0.998798 0
    outer loop
      vertex -9.16849 -18.8721 6.2
      vertex -8.59999 -18.9 8.2
      vertex -9.16849 -18.8721 8.2
    endloop
  endfacet
  facet normal -0.0490175 -0.998798 -0
    outer loop
      vertex -8.59999 -18.9 8.2
      vertex -9.16849 -18.8721 6.2
      vertex -8.59999 -18.9 6.2
    endloop
  endfacet
  facet normal -0.857741 0.514082 0
    outer loop
      vertex -13.7151 15.8341 6.2
      vertex -13.4225 16.3223 8.2
      vertex -13.4225 16.3223 6.2
    endloop
  endfacet
  facet normal -0.857741 0.514082 0
    outer loop
      vertex -13.4225 16.3223 8.2
      vertex -13.7151 15.8341 6.2
      vertex -13.7151 15.8341 8.2
    endloop
  endfacet
  facet normal -0.0490175 0.998798 0
    outer loop
      vertex -8.59999 18.9 6.2
      vertex -9.16849 18.8721 8.2
      vertex -8.59999 18.9 8.2
    endloop
  endfacet
  facet normal -0.0490175 0.998798 0
    outer loop
      vertex -9.16849 18.8721 8.2
      vertex -8.59999 18.9 6.2
      vertex -9.16849 18.8721 6.2
    endloop
  endfacet
  facet normal 0 1 -0
    outer loop
      vertex 8.59999 18.9 6.2
      vertex -8.59999 18.9 8.2
      vertex 8.59999 18.9 8.2
    endloop
  endfacet
  facet normal 0 1 0
    outer loop
      vertex -8.59999 18.9 8.2
      vertex 8.59999 18.9 6.2
      vertex -8.59999 18.9 6.2
    endloop
  endfacet
  facet normal -0.427573 -0.903981 0
    outer loop
      vertex -11.3341 -18.2151 6.2
      vertex -10.8195 -18.4585 8.2
      vertex -11.3341 -18.2151 8.2
    endloop
  endfacet
  facet normal -0.427573 -0.903981 -0
    outer loop
      vertex -10.8195 -18.4585 8.2
      vertex -11.3341 -18.2151 6.2
      vertex -10.8195 -18.4585 6.2
    endloop
  endfacet
  facet normal -0.989154 0.14688 0
    outer loop
      vertex -14.3721 13.6685 6.2
      vertex -14.2885 14.2315 8.2
      vertex -14.2885 14.2315 6.2
    endloop
  endfacet
  facet normal -0.989154 0.14688 0
    outer loop
      vertex -14.2885 14.2315 8.2
      vertex -14.3721 13.6685 6.2
      vertex -14.3721 13.6685 8.2
    endloop
  endfacet
  facet normal 0.970029 0.24299 0
    outer loop
      vertex 14.2885 14.2315 8.2
      vertex 14.1502 14.7836 6.2
      vertex 14.1502 14.7836 8.2
    endloop
  endfacet
  facet normal 0.970029 0.24299 0
    outer loop
      vertex 14.1502 14.7836 6.2
      vertex 14.2885 14.2315 8.2
      vertex 14.2885 14.2315 6.2
    endloop
  endfacet
  facet normal -0.427573 0.903981 0
    outer loop
      vertex -10.8195 18.4585 6.2
      vertex -11.3341 18.2151 8.2
      vertex -10.8195 18.4585 8.2
    endloop
  endfacet
  facet normal -0.427573 0.903981 0
    outer loop
      vertex -11.3341 18.2151 8.2
      vertex -10.8195 18.4585 6.2
      vertex -11.3341 18.2151 6.2
    endloop
  endfacet
  facet normal -0.595606 0.803277 0
    outer loop
      vertex -11.8223 17.9225 6.2
      vertex -12.2795 17.5835 8.2
      vertex -11.8223 17.9225 8.2
    endloop
  endfacet
  facet normal -0.595606 0.803277 0
    outer loop
      vertex -12.2795 17.5835 8.2
      vertex -11.8223 17.9225 6.2
      vertex -12.2795 17.5835 6.2
    endloop
  endfacet
  facet normal 0.336815 0.941571 -0
    outer loop
      vertex 10.8195 18.4585 6.2
      vertex 10.2836 18.6502 8.2
      vertex 10.8195 18.4585 8.2
    endloop
  endfacet
  facet normal 0.336815 0.941571 0
    outer loop
      vertex 10.2836 18.6502 8.2
      vertex 10.8195 18.4585 6.2
      vertex 10.2836 18.6502 6.2
    endloop
  endfacet
  facet normal 0.998798 -0.0490175 0
    outer loop
      vertex 14.3721 -13.6685 8.2
      vertex 14.4 -13.1 6.2
      vertex 14.4 -13.1 8.2
    endloop
  endfacet
  facet normal 0.998798 -0.0490175 0
    outer loop
      vertex 14.4 -13.1 6.2
      vertex 14.3721 -13.6685 8.2
      vertex 14.3721 -13.6685 6.2
    endloop
  endfacet
  facet normal -0.146872 0.989155 0
    outer loop
      vertex -9.16849 18.8721 6.2
      vertex -9.73152 18.7885 8.2
      vertex -9.16849 18.8721 8.2
    endloop
  endfacet
  facet normal -0.146872 0.989155 0
    outer loop
      vertex -9.73152 18.7885 8.2
      vertex -9.16849 18.8721 6.2
      vertex -9.73152 18.7885 6.2
    endloop
  endfacet
  facet normal -0.336815 0.941571 0
    outer loop
      vertex -10.2836 18.6502 6.2
      vertex -10.8195 18.4585 8.2
      vertex -10.2836 18.6502 8.2
    endloop
  endfacet
  facet normal -0.336815 0.941571 0
    outer loop
      vertex -10.8195 18.4585 8.2
      vertex -10.2836 18.6502 6.2
      vertex -10.8195 18.4585 6.2
    endloop
  endfacet
  facet normal -0.514082 0.857741 0
    outer loop
      vertex -11.3341 18.2151 6.2
      vertex -11.8223 17.9225 8.2
      vertex -11.3341 18.2151 8.2
    endloop
  endfacet
  facet normal -0.514082 0.857741 0
    outer loop
      vertex -11.8223 17.9225 8.2
      vertex -11.3341 18.2151 6.2
      vertex -11.8223 17.9225 6.2
    endloop
  endfacet
  facet normal 0.803277 0.595606 0
    outer loop
      vertex 13.4225 16.3223 8.2
      vertex 13.0835 16.7795 6.2
      vertex 13.0835 16.7795 8.2
    endloop
  endfacet
  facet normal 0.803277 0.595606 0
    outer loop
      vertex 13.0835 16.7795 6.2
      vertex 13.4225 16.3223 8.2
      vertex 13.4225 16.3223 6.2
    endloop
  endfacet
  facet normal -1 0 0
    outer loop
      vertex -14.4 -13.1 6.2
      vertex -14.4 13.1 8.2
      vertex -14.4 13.1 6.2
    endloop
  endfacet
  facet normal -1 -0 0
    outer loop
      vertex -14.4 13.1 8.2
      vertex -14.4 -13.1 6.2
      vertex -14.4 -13.1 8.2
    endloop
  endfacet
  facet normal 0.740869 -0.671649 0
    outer loop
      vertex 12.7012 -17.2012 8.2
      vertex 13.0835 -16.7795 6.2
      vertex 13.0835 -16.7795 8.2
    endloop
  endfacet
  facet normal 0.740869 -0.671649 0
    outer loop
      vertex 13.0835 -16.7795 6.2
      vertex 12.7012 -17.2012 8.2
      vertex 12.7012 -17.2012 6.2
    endloop
  endfacet
  facet normal -0.998798 0.0490175 0
    outer loop
      vertex -14.4 13.1 6.2
      vertex -14.3721 13.6685 8.2
      vertex -14.3721 13.6685 6.2
    endloop
  endfacet
  facet normal -0.998798 0.0490175 0
    outer loop
      vertex -14.3721 13.6685 8.2
      vertex -14.4 13.1 6.2
      vertex -14.4 13.1 8.2
    endloop
  endfacet
  facet normal -0.514082 -0.857741 0
    outer loop
      vertex -11.8223 -17.9225 6.2
      vertex -11.3341 -18.2151 8.2
      vertex -11.8223 -17.9225 8.2
    endloop
  endfacet
  facet normal -0.514082 -0.857741 -0
    outer loop
      vertex -11.3341 -18.2151 8.2
      vertex -11.8223 -17.9225 6.2
      vertex -11.3341 -18.2151 6.2
    endloop
  endfacet
  facet normal -0.803277 0.595606 0
    outer loop
      vertex -13.4225 16.3223 6.2
      vertex -13.0835 16.7795 8.2
      vertex -13.0835 16.7795 6.2
    endloop
  endfacet
  facet normal -0.803277 0.595606 0
    outer loop
      vertex -13.0835 16.7795 8.2
      vertex -13.4225 16.3223 6.2
      vertex -13.4225 16.3223 8.2
    endloop
  endfacet
  facet normal -0.998798 -0.0490175 0
    outer loop
      vertex -14.3721 -13.6685 6.2
      vertex -14.4 -13.1 8.2
      vertex -14.4 -13.1 6.2
    endloop
  endfacet
  facet normal -0.998798 -0.0490175 0
    outer loop
      vertex -14.4 -13.1 8.2
      vertex -14.3721 -13.6685 6.2
      vertex -14.3721 -13.6685 8.2
    endloop
  endfacet
  facet normal 0.989154 0.14688 0
    outer loop
      vertex 14.3721 13.6685 8.2
      vertex 14.2885 14.2315 6.2
      vertex 14.2885 14.2315 8.2
    endloop
  endfacet
  facet normal 0.989154 0.14688 0
    outer loop
      vertex 14.2885 14.2315 6.2
      vertex 14.3721 13.6685 8.2
      vertex 14.3721 13.6685 6.2
    endloop
  endfacet
  facet normal -0.989154 -0.14688 0
    outer loop
      vertex -14.2885 -14.2315 6.2
      vertex -14.3721 -13.6685 8.2
      vertex -14.3721 -13.6685 6.2
    endloop
  endfacet
  facet normal -0.989154 -0.14688 0
    outer loop
      vertex -14.3721 -13.6685 8.2
      vertex -14.2885 -14.2315 6.2
      vertex -14.2885 -14.2315 8.2
    endloop
  endfacet
  facet normal 0.941571 -0.336815 0
    outer loop
      vertex 13.9585 -15.3195 8.2
      vertex 14.1502 -14.7836 6.2
      vertex 14.1502 -14.7836 8.2
    endloop
  endfacet
  facet normal 0.941571 -0.336815 0
    outer loop
      vertex 14.1502 -14.7836 6.2
      vertex 13.9585 -15.3195 8.2
      vertex 13.9585 -15.3195 6.2
    endloop
  endfacet
  facet normal 0.0490175 0.998798 -0
    outer loop
      vertex 9.16849 18.8721 6.2
      vertex 8.59999 18.9 8.2
      vertex 9.16849 18.8721 8.2
    endloop
  endfacet
  facet normal 0.0490175 0.998798 0
    outer loop
      vertex 8.59999 18.9 8.2
      vertex 9.16849 18.8721 6.2
      vertex 8.59999 18.9 6.2
    endloop
  endfacet
  facet normal 0.998798 0.0490175 0
    outer loop
      vertex 14.4 13.1 8.2
      vertex 14.3721 13.6685 6.2
      vertex 14.3721 13.6685 8.2
    endloop
  endfacet
  facet normal 0.998798 0.0490175 0
    outer loop
      vertex 14.3721 13.6685 6.2
      vertex 14.4 13.1 8.2
      vertex 14.4 13.1 6.2
    endloop
  endfacet
  facet normal 0.671649 0.740869 -0
    outer loop
      vertex 12.7012 17.2012 6.2
      vertex 12.2795 17.5835 8.2
      vertex 12.7012 17.2012 8.2
    endloop
  endfacet
  facet normal 0.671649 0.740869 0
    outer loop
      vertex 12.2795 17.5835 8.2
      vertex 12.7012 17.2012 6.2
      vertex 12.2795 17.5835 6.2
    endloop
  endfacet
  facet normal -0.903981 0.427573 0
    outer loop
      vertex -13.9585 15.3195 6.2
      vertex -13.7151 15.8341 8.2
      vertex -13.7151 15.8341 6.2
    endloop
  endfacet
  facet normal -0.903981 0.427573 0
    outer loop
      vertex -13.7151 15.8341 8.2
      vertex -13.9585 15.3195 6.2
      vertex -13.9585 15.3195 8.2
    endloop
  endfacet
  facet normal 0.970029 -0.24299 0
    outer loop
      vertex 14.1502 -14.7836 8.2
      vertex 14.2885 -14.2315 6.2
      vertex 14.2885 -14.2315 8.2
    endloop
  endfacet
  facet normal 0.970029 -0.24299 0
    outer loop
      vertex 14.2885 -14.2315 6.2
      vertex 14.1502 -14.7836 8.2
      vertex 14.1502 -14.7836 6.2
    endloop
  endfacet
  facet normal -0.740869 -0.671649 0
    outer loop
      vertex -12.7012 -17.2012 6.2
      vertex -13.0835 -16.7795 8.2
      vertex -13.0835 -16.7795 6.2
    endloop
  endfacet
  facet normal -0.740869 -0.671649 0
    outer loop
      vertex -13.0835 -16.7795 8.2
      vertex -12.7012 -17.2012 6.2
      vertex -12.7012 -17.2012 8.2
    endloop
  endfacet
  facet normal 0.595606 0.803277 -0
    outer loop
      vertex 12.2795 17.5835 6.2
      vertex 11.8223 17.9225 8.2
      vertex 12.2795 17.5835 8.2
    endloop
  endfacet
  facet normal 0.595606 0.803277 0
    outer loop
      vertex 11.8223 17.9225 8.2
      vertex 12.2795 17.5835 6.2
      vertex 11.8223 17.9225 6.2
    endloop
  endfacet
  facet normal -0.671649 -0.740869 0
    outer loop
      vertex -12.7012 -17.2012 6.2
      vertex -12.2795 -17.5835 8.2
      vertex -12.7012 -17.2012 8.2
    endloop
  endfacet
  facet normal -0.671649 -0.740869 -0
    outer loop
      vertex -12.2795 -17.5835 8.2
      vertex -12.7012 -17.2012 6.2
      vertex -12.2795 -17.5835 6.2
    endloop
  endfacet
  facet normal -0.336815 -0.941571 0
    outer loop
      vertex -10.8195 -18.4585 6.2
      vertex -10.2836 -18.6502 8.2
      vertex -10.8195 -18.4585 8.2
    endloop
  endfacet
  facet normal -0.336815 -0.941571 -0
    outer loop
      vertex -10.2836 -18.6502 8.2
      vertex -10.8195 -18.4585 6.2
      vertex -10.2836 -18.6502 6.2
    endloop
  endfacet
  facet normal 0.242999 0.970027 -0
    outer loop
      vertex 10.2836 18.6502 6.2
      vertex 9.73152 18.7885 8.2
      vertex 10.2836 18.6502 8.2
    endloop
  endfacet
  facet normal 0.242999 0.970027 0
    outer loop
      vertex 9.73152 18.7885 8.2
      vertex 10.2836 18.6502 6.2
      vertex 9.73152 18.7885 6.2
    endloop
  endfacet
  facet normal 0.427573 -0.903981 0
    outer loop
      vertex 10.8195 -18.4585 6.2
      vertex 11.3341 -18.2151 8.2
      vertex 10.8195 -18.4585 8.2
    endloop
  endfacet
  facet normal 0.427573 -0.903981 0
    outer loop
      vertex 11.3341 -18.2151 8.2
      vertex 10.8195 -18.4585 6.2
      vertex 11.3341 -18.2151 6.2
    endloop
  endfacet
  facet normal 0.857741 0.514082 0
    outer loop
      vertex 13.7151 15.8341 8.2
      vertex 13.4225 16.3223 6.2
      vertex 13.4225 16.3223 8.2
    endloop
  endfacet
  facet normal 0.857741 0.514082 0
    outer loop
      vertex 13.4225 16.3223 6.2
      vertex 13.7151 15.8341 8.2
      vertex 13.7151 15.8341 6.2
    endloop
  endfacet
  facet normal 0.740869 0.671649 0
    outer loop
      vertex 13.0835 16.7795 8.2
      vertex 12.7012 17.2012 6.2
      vertex 12.7012 17.2012 8.2
    endloop
  endfacet
  facet normal 0.740869 0.671649 0
    outer loop
      vertex 12.7012 17.2012 6.2
      vertex 13.0835 16.7795 8.2
      vertex 13.0835 16.7795 6.2
    endloop
  endfacet
  facet normal 0.941571 0.336815 0
    outer loop
      vertex 14.1502 14.7836 8.2
      vertex 13.9585 15.3195 6.2
      vertex 13.9585 15.3195 8.2
    endloop
  endfacet
  facet normal 0.941571 0.336815 0
    outer loop
      vertex 13.9585 15.3195 6.2
      vertex 14.1502 14.7836 8.2
      vertex 14.1502 14.7836 6.2
    endloop
  endfacet
  facet normal -0.941571 0.336815 0
    outer loop
      vertex -14.1502 14.7836 6.2
      vertex -13.9585 15.3195 8.2
      vertex -13.9585 15.3195 6.2
    endloop
  endfacet
  facet normal -0.941571 0.336815 0
    outer loop
      vertex -13.9585 15.3195 8.2
      vertex -14.1502 14.7836 6.2
      vertex -14.1502 14.7836 8.2
    endloop
  endfacet
  facet normal 0.514082 0.857741 -0
    outer loop
      vertex 11.8223 17.9225 6.2
      vertex 11.3341 18.2151 8.2
      vertex 11.8223 17.9225 8.2
    endloop
  endfacet
  facet normal 0.514082 0.857741 0
    outer loop
      vertex 11.3341 18.2151 8.2
      vertex 11.8223 17.9225 6.2
      vertex 11.3341 18.2151 6.2
    endloop
  endfacet
  facet normal 0.671649 -0.740869 0
    outer loop
      vertex 12.2795 -17.5835 6.2
      vertex 12.7012 -17.2012 8.2
      vertex 12.2795 -17.5835 8.2
    endloop
  endfacet
  facet normal 0.671649 -0.740869 0
    outer loop
      vertex 12.7012 -17.2012 8.2
      vertex 12.2795 -17.5835 6.2
      vertex 12.7012 -17.2012 6.2
    endloop
  endfacet
  facet normal -0.803277 -0.595606 0
    outer loop
      vertex -13.0835 -16.7795 6.2
      vertex -13.4225 -16.3223 8.2
      vertex -13.4225 -16.3223 6.2
    endloop
  endfacet
  facet normal -0.803277 -0.595606 0
    outer loop
      vertex -13.4225 -16.3223 8.2
      vertex -13.0835 -16.7795 6.2
      vertex -13.0835 -16.7795 8.2
    endloop
  endfacet
  facet normal 0.427573 0.903981 -0
    outer loop
      vertex 11.3341 18.2151 6.2
      vertex 10.8195 18.4585 8.2
      vertex 11.3341 18.2151 8.2
    endloop
  endfacet
  facet normal 0.427573 0.903981 0
    outer loop
      vertex 10.8195 18.4585 8.2
      vertex 11.3341 18.2151 6.2
      vertex 10.8195 18.4585 6.2
    endloop
  endfacet
  facet normal -0.903981 -0.427573 0
    outer loop
      vertex -13.7151 -15.8341 6.2
      vertex -13.9585 -15.3195 8.2
      vertex -13.9585 -15.3195 6.2
    endloop
  endfacet
  facet normal -0.903981 -0.427573 0
    outer loop
      vertex -13.9585 -15.3195 8.2
      vertex -13.7151 -15.8341 6.2
      vertex -13.7151 -15.8341 8.2
    endloop
  endfacet
  facet normal -0.242999 -0.970027 0
    outer loop
      vertex -10.2836 -18.6502 6.2
      vertex -9.73152 -18.7885 8.2
      vertex -10.2836 -18.6502 8.2
    endloop
  endfacet
  facet normal -0.242999 -0.970027 -0
    outer loop
      vertex -9.73152 -18.7885 8.2
      vertex -10.2836 -18.6502 6.2
      vertex -9.73152 -18.7885 6.2
    endloop
  endfacet
  facet normal 0.903981 -0.427573 0
    outer loop
      vertex 13.7151 -15.8341 8.2
      vertex 13.9585 -15.3195 6.2
      vertex 13.9585 -15.3195 8.2
    endloop
  endfacet
  facet normal 0.903981 -0.427573 0
    outer loop
      vertex 13.9585 -15.3195 6.2
      vertex 13.7151 -15.8341 8.2
      vertex 13.7151 -15.8341 6.2
    endloop
  endfacet
  facet normal -0.970029 -0.24299 0
    outer loop
      vertex -14.1502 -14.7836 6.2
      vertex -14.2885 -14.2315 8.2
      vertex -14.2885 -14.2315 6.2
    endloop
  endfacet
  facet normal -0.970029 -0.24299 0
    outer loop
      vertex -14.2885 -14.2315 8.2
      vertex -14.1502 -14.7836 6.2
      vertex -14.1502 -14.7836 8.2
    endloop
  endfacet
  facet normal -0.941571 -0.336815 0
    outer loop
      vertex -13.9585 -15.3195 6.2
      vertex -14.1502 -14.7836 8.2
      vertex -14.1502 -14.7836 6.2
    endloop
  endfacet
  facet normal -0.941571 -0.336815 0
    outer loop
      vertex -14.1502 -14.7836 8.2
      vertex -13.9585 -15.3195 6.2
      vertex -13.9585 -15.3195 8.2
    endloop
  endfacet
  facet normal -0.970029 0.24299 0
    outer loop
      vertex -14.2885 14.2315 6.2
      vertex -14.1502 14.7836 8.2
      vertex -14.1502 14.7836 6.2
    endloop
  endfacet
  facet normal -0.970029 0.24299 0
    outer loop
      vertex -14.1502 14.7836 8.2
      vertex -14.2885 14.2315 6.2
      vertex -14.2885 14.2315 8.2
    endloop
  endfacet
  facet normal 0.146872 0.989155 -0
    outer loop
      vertex 9.73152 18.7885 6.2
      vertex 9.16849 18.8721 8.2
      vertex 9.73152 18.7885 8.2
    endloop
  endfacet
  facet normal 0.146872 0.989155 0
    outer loop
      vertex 9.16849 18.8721 8.2
      vertex 9.73152 18.7885 6.2
      vertex 9.16849 18.8721 6.2
    endloop
  endfacet
  facet normal 0.989154 -0.14688 0
    outer loop
      vertex 14.2885 -14.2315 8.2
      vertex 14.3721 -13.6685 6.2
      vertex 14.3721 -13.6685 8.2
    endloop
  endfacet
  facet normal 0.989154 -0.14688 0
    outer loop
      vertex 14.3721 -13.6685 6.2
      vertex 14.2885 -14.2315 8.2
      vertex 14.2885 -14.2315 6.2
    endloop
  endfacet
  facet normal 0.803277 -0.595606 0
    outer loop
      vertex 13.0835 -16.7795 8.2
      vertex 13.4225 -16.3223 6.2
      vertex 13.4225 -16.3223 8.2
    endloop
  endfacet
  facet normal 0.803277 -0.595606 0
    outer loop
      vertex 13.4225 -16.3223 6.2
      vertex 13.0835 -16.7795 8.2
      vertex 13.0835 -16.7795 6.2
    endloop
  endfacet
  facet normal 0.514082 -0.857741 0
    outer loop
      vertex 11.3341 -18.2151 6.2
      vertex 11.8223 -17.9225 8.2
      vertex 11.3341 -18.2151 8.2
    endloop
  endfacet
  facet normal 0.514082 -0.857741 0
    outer loop
      vertex 11.8223 -17.9225 8.2
      vertex 11.3341 -18.2151 6.2
      vertex 11.8223 -17.9225 6.2
    endloop
  endfacet
  facet normal 0.857741 -0.514082 0
    outer loop
      vertex 13.4225 -16.3223 8.2
      vertex 13.7151 -15.8341 6.2
      vertex 13.7151 -15.8341 8.2
    endloop
  endfacet
  facet normal 0.857741 -0.514082 0
    outer loop
      vertex 13.7151 -15.8341 6.2
      vertex 13.4225 -16.3223 8.2
      vertex 13.4225 -16.3223 6.2
    endloop
  endfacet
  facet normal 0.336815 -0.941571 0
    outer loop
      vertex 10.2836 -18.6502 6.2
      vertex 10.8195 -18.4585 8.2
      vertex 10.2836 -18.6502 8.2
    endloop
  endfacet
  facet normal 0.336815 -0.941571 0
    outer loop
      vertex 10.8195 -18.4585 8.2
      vertex 10.2836 -18.6502 6.2
      vertex 10.8195 -18.4585 6.2
    endloop
  endfacet
  facet normal -1 0 0
    outer loop
      vertex -13.85 -13.8 4.375
      vertex -13.85 -8.6 5.725
      vertex -13.85 -8.6 4.375
    endloop
  endfacet
  facet normal -1 -0 0
    outer loop
      vertex -13.85 -8.6 5.725
      vertex -13.85 -13.8 4.375
      vertex -13.85 -13.8 5.725
    endloop
  endfacet
  facet normal 0 0 -1
    outer loop
      vertex -14.7701 -13.7077 5.725
      vertex -13.85 -13.8 5.725
      vertex -14.7565 -13.8 5.725
    endloop
  endfacet
  facet normal 0 0 -1
    outer loop
      vertex -13.85 -13.8 5.725
      vertex -14.7701 -13.7077 5.725
      vertex -14.8 -13.1 5.725
    endloop
  endfacet
  facet normal 0 0 -1
    outer loop
      vertex -13.85 -13.8 5.725
      vertex -14.8 -13.1 5.725
      vertex -13.85 -8.6 5.725
    endloop
  endfacet
  facet normal -0 0 -1
    outer loop
      vertex -13.85 -8.6 5.725
      vertex -14.8 -13.1 5.725
      vertex -14.8 -8.6 5.725
    endloop
  endfacet
  facet normal -0 0 1
    outer loop
      vertex -14.8 -13.1 4.375
      vertex -13.85 -13.8 4.375
      vertex -13.85 -8.6 4.375
    endloop
  endfacet
  facet normal -0 -0 1
    outer loop
      vertex -14.7701 -13.7077 4.375
      vertex -13.85 -13.8 4.375
      vertex -14.8 -13.1 4.375
    endloop
  endfacet
  facet normal 0 0 1
    outer loop
      vertex -14.8 -13.1 4.375
      vertex -13.85 -8.6 4.375
      vertex -14.8 -8.6 4.375
    endloop
  endfacet
  facet normal 0 0 1
    outer loop
      vertex -13.85 -13.8 4.375
      vertex -14.7701 -13.7077 4.375
      vertex -14.7565 -13.8 4.375
    endloop
  endfacet
  facet normal 0 -1 0
    outer loop
      vertex -14.8 -8.6 4.375
      vertex -13.85 -8.6 5.725
      vertex -14.8 -8.6 5.725
    endloop
  endfacet
  facet normal 0 -1 -0
    outer loop
      vertex -13.85 -8.6 5.725
      vertex -14.8 -8.6 4.375
      vertex -13.85 -8.6 4.375
    endloop
  endfacet
  facet normal 0 1 -0
    outer loop
      vertex -13.85 -13.8 4.375
      vertex -14.7565 -13.8 5.725
      vertex -13.85 -13.8 5.725
    endloop
  endfacet
  facet normal 0 1 0
    outer loop
      vertex -14.7565 -13.8 5.725
      vertex -13.85 -13.8 4.375
      vertex -14.7565 -13.8 4.375
    endloop
  endfacet
  facet normal -1 0 0
    outer loop
      vertex -13.85 8.6 4.375
      vertex -13.85 13.8 5.725
      vertex -13.85 13.8 4.375
    endloop
  endfacet
  facet normal -1 -0 0
    outer loop
      vertex -13.85 13.8 5.725
      vertex -13.85 8.6 4.375
      vertex -13.85 8.6 5.725
    endloop
  endfacet
  facet normal 0 0 -1
    outer loop
      vertex -14.8 13.1 5.725
      vertex -13.85 13.8 5.725
      vertex -13.85 8.6 5.725
    endloop
  endfacet
  facet normal 0 -0 -1
    outer loop
      vertex -14.7701 13.7077 5.725
      vertex -13.85 13.8 5.725
      vertex -14.8 13.1 5.725
    endloop
  endfacet
  facet normal 0 0 -1
    outer loop
      vertex -14.8 13.1 5.725
      vertex -13.85 8.6 5.725
      vertex -14.8 8.6 5.725
    endloop
  endfacet
  facet normal -0 0 -1
    outer loop
      vertex -13.85 13.8 5.725
      vertex -14.7701 13.7077 5.725
      vertex -14.7565 13.8 5.725
    endloop
  endfacet
  facet normal 0 0 1
    outer loop
      vertex -14.7701 13.7077 4.375
      vertex -13.85 13.8 4.375
      vertex -14.7565 13.8 4.375
    endloop
  endfacet
  facet normal 0 0 1
    outer loop
      vertex -13.85 13.8 4.375
      vertex -14.7701 13.7077 4.375
      vertex -14.8 13.1 4.375
    endloop
  endfacet
  facet normal 0 0 1
    outer loop
      vertex -13.85 13.8 4.375
      vertex -14.8 13.1 4.375
      vertex -13.85 8.6 4.375
    endloop
  endfacet
  facet normal 0 0 1
    outer loop
      vertex -13.85 8.6 4.375
      vertex -14.8 13.1 4.375
      vertex -14.8 8.6 4.375
    endloop
  endfacet
  facet normal 0 -1 0
    outer loop
      vertex -14.7565 13.8 4.375
      vertex -13.85 13.8 5.725
      vertex -14.7565 13.8 5.725
    endloop
  endfacet
  facet normal 0 -1 -0
    outer loop
      vertex -13.85 13.8 5.725
      vertex -14.7565 13.8 4.375
      vertex -13.85 13.8 4.375
    endloop
  endfacet
  facet normal 0 1 -0
    outer loop
      vertex -13.85 8.6 4.375
      vertex -14.8 8.6 5.725
      vertex -13.85 8.6 5.725
    endloop
  endfacet
  facet normal 0 1 0
    outer loop
      vertex -14.8 8.6 5.725
      vertex -13.85 8.6 4.375
      vertex -14.8 8.6 4.375
    endloop
  endfacet
  facet normal 0 0 -1
    outer loop
      vertex 13.85 -13.8 5.725
      vertex 14.8 -13.1 5.725
      vertex 14.7701 -13.7077 5.725
    endloop
  endfacet
  facet normal 0 0 -1
    outer loop
      vertex 13.85 -13.8 5.725
      vertex 14.7701 -13.7077 5.725
      vertex 14.7565 -13.8 5.725
    endloop
  endfacet
  facet normal -0 0 -1
    outer loop
      vertex 14.8 -13.1 5.725
      vertex 13.85 -13.8 5.725
      vertex 13.85 -8.6 5.725
    endloop
  endfacet
  facet normal 0 0 -1
    outer loop
      vertex 14.8 -13.1 5.725
      vertex 13.85 -8.6 5.725
      vertex 14.8 -8.6 5.725
    endloop
  endfacet
  facet normal -0 0 1
    outer loop
      vertex 13.85 -8.6 4.375
      vertex 14.8 -13.1 4.375
      vertex 14.8 -8.6 4.375
    endloop
  endfacet
  facet normal 0 0 1
    outer loop
      vertex 13.85 -13.8 4.375
      vertex 14.8 -13.1 4.375
      vertex 13.85 -8.6 4.375
    endloop
  endfacet
  facet normal 0 0 1
    outer loop
      vertex 14.8 -13.1 4.375
      vertex 13.85 -13.8 4.375
      vertex 14.7701 -13.7077 4.375
    endloop
  endfacet
  facet normal 0 0 1
    outer loop
      vertex 14.7701 -13.7077 4.375
      vertex 13.85 -13.8 4.375
      vertex 14.7565 -13.8 4.375
    endloop
  endfacet
  facet normal 1 -0 0
    outer loop
      vertex 13.85 -13.8 5.725
      vertex 13.85 -8.6 4.375
      vertex 13.85 -8.6 5.725
    endloop
  endfacet
  facet normal 1 0 0
    outer loop
      vertex 13.85 -8.6 4.375
      vertex 13.85 -13.8 5.725
      vertex 13.85 -13.8 4.375
    endloop
  endfacet
  facet normal 0 -1 0
    outer loop
      vertex 13.85 -8.6 4.375
      vertex 14.8 -8.6 5.725
      vertex 13.85 -8.6 5.725
    endloop
  endfacet
  facet normal 0 -1 -0
    outer loop
      vertex 14.8 -8.6 5.725
      vertex 13.85 -8.6 4.375
      vertex 14.8 -8.6 4.375
    endloop
  endfacet
  facet normal 0 1 -0
    outer loop
      vertex 14.7565 -13.8 4.375
      vertex 13.85 -13.8 5.725
      vertex 14.7565 -13.8 5.725
    endloop
  endfacet
  facet normal 0 1 0
    outer loop
      vertex 13.85 -13.8 5.725
      vertex 14.7565 -13.8 4.375
      vertex 13.85 -13.8 4.375
    endloop
  endfacet
  facet normal 0 0 -1
    outer loop
      vertex 13.85 8.6 5.725
      vertex 14.8 13.1 5.725
      vertex 14.8 8.6 5.725
    endloop
  endfacet
  facet normal 0 0 -1
    outer loop
      vertex 13.85 13.8 5.725
      vertex 14.8 13.1 5.725
      vertex 13.85 8.6 5.725
    endloop
  endfacet
  facet normal 0 0 -1
    outer loop
      vertex 14.8 13.1 5.725
      vertex 13.85 13.8 5.725
      vertex 14.7701 13.7077 5.725
    endloop
  endfacet
  facet normal 0 0 -1
    outer loop
      vertex 14.7701 13.7077 5.725
      vertex 13.85 13.8 5.725
      vertex 14.7565 13.8 5.725
    endloop
  endfacet
  facet normal 0 0 1
    outer loop
      vertex 13.85 13.8 4.375
      vertex 14.8 13.1 4.375
      vertex 14.7701 13.7077 4.375
    endloop
  endfacet
  facet normal -0 0 1
    outer loop
      vertex 13.85 13.8 4.375
      vertex 14.7701 13.7077 4.375
      vertex 14.7565 13.8 4.375
    endloop
  endfacet
  facet normal 0 0 1
    outer loop
      vertex 14.8 13.1 4.375
      vertex 13.85 13.8 4.375
      vertex 13.85 8.6 4.375
    endloop
  endfacet
  facet normal 0 0 1
    outer loop
      vertex 14.8 13.1 4.375
      vertex 13.85 8.6 4.375
      vertex 14.8 8.6 4.375
    endloop
  endfacet
  facet normal 1 -0 0
    outer loop
      vertex 13.85 8.6 5.725
      vertex 13.85 13.8 4.375
      vertex 13.85 13.8 5.725
    endloop
  endfacet
  facet normal 1 0 0
    outer loop
      vertex 13.85 13.8 4.375
      vertex 13.85 8.6 5.725
      vertex 13.85 8.6 4.375
    endloop
  endfacet
  facet normal 0 -1 0
    outer loop
      vertex 13.85 13.8 4.375
      vertex 14.7565 13.8 5.725
      vertex 13.85 13.8 5.725
    endloop
  endfacet
  facet normal 0 -1 -0
    outer loop
      vertex 14.7565 13.8 5.725
      vertex 13.85 13.8 4.375
      vertex 14.7565 13.8 4.375
    endloop
  endfacet
  facet normal 0 1 -0
    outer loop
      vertex 14.8 8.6 4.375
      vertex 13.85 8.6 5.725
      vertex 14.8 8.6 5.725
    endloop
  endfacet
  facet normal 0 1 0
    outer loop
      vertex 13.85 8.6 5.725
      vertex 14.8 8.6 4.375
      vertex 13.85 8.6 4.375
    endloop
  endfacet
  facet normal -0.243046 0.970015 0
    outer loop
      vertex 8.66432 -16.2976 2
      vertex 8.21692 -16.4097 8.2
      vertex 8.66432 -16.2976 8.2
    endloop
  endfacet
  facet normal -0.243046 0.970015 0
    outer loop
      vertex 8.21692 -16.4097 8.2
      vertex 8.66432 -16.2976 2
      vertex 8.21692 -16.4097 2
    endloop
  endfacet
  facet normal -0.146777 0.98917 7.26852e-05
    outer loop
      vertex 8.21692 -16.4097 8.2
      vertex 7.9 -16.4567 7.85
      vertex 7.76067 -16.4774 8.2
    endloop
  endfacet
  facet normal -0.146698 0.989181 0
    outer loop
      vertex 8.21692 -16.4097 2
      vertex 7.9 -16.4567 7.85
      vertex 8.21692 -16.4097 8.2
    endloop
  endfacet
  facet normal -0.146698 0.989181 0
    outer loop
      vertex 7.9 -16.4567 7.85
      vertex 8.21692 -16.4097 2
      vertex 7.9 -16.4567 2.25
    endloop
  endfacet
  facet normal -0.146777 0.98917 -0.000101759
    outer loop
      vertex 7.76067 -16.4774 2
      vertex 7.9 -16.4567 2.25
      vertex 8.21692 -16.4097 2
    endloop
  endfacet
  facet normal -0.146955 0.989143 0
    outer loop
      vertex 7.9 -16.4567 2.25
      vertex 7.76067 -16.4774 2
      vertex 7.76067 -16.4774 2.25
    endloop
  endfacet
  facet normal -0.146955 0.989143 0
    outer loop
      vertex 7.76067 -16.4774 8.2
      vertex 7.9 -16.4567 7.85
      vertex 7.76067 -16.4774 7.85
    endloop
  endfacet
  facet normal -0.941541 0.336899 0
    outer loop
      vertex 11.6422 -13.5986 2
      vertex 11.7976 -13.1643 8.2
      vertex 11.7976 -13.1643 2
    endloop
  endfacet
  facet normal -0.941541 0.336899 0
    outer loop
      vertex 11.7976 -13.1643 8.2
      vertex 11.6422 -13.5986 2
      vertex 11.6422 -13.5986 8.2
    endloop
  endfacet
  facet normal -0.048999 0.998799 0
    outer loop
      vertex 7.76067 -16.4774 2
      vertex 7.29999 -16.5 2.25
      vertex 7.76067 -16.4774 2.25
    endloop
  endfacet
  facet normal -0.048999 0.998799 0
    outer loop
      vertex 7.29999 -16.5 2.25
      vertex 7.76067 -16.4774 2
      vertex 7.29999 -16.5 2
    endloop
  endfacet
  facet normal -0.048999 0.998799 0
    outer loop
      vertex 7.76067 -16.4774 7.85
      vertex 7.29999 -16.5 8.2
      vertex 7.76067 -16.4774 8.2
    endloop
  endfacet
  facet normal -0.048999 0.998799 0
    outer loop
      vertex 7.29999 -16.5 8.2
      vertex 7.76067 -16.4774 7.85
      vertex 7.29999 -16.5 7.85
    endloop
  endfacet
  facet normal 0.243046 -0.970015 0
    outer loop
      vertex -8.66432 16.2976 2
      vertex -8.21692 16.4097 8.2
      vertex -8.66432 16.2976 8.2
    endloop
  endfacet
  facet normal 0.243046 -0.970015 0
    outer loop
      vertex -8.21692 16.4097 8.2
      vertex -8.66432 16.2976 2
      vertex -8.21692 16.4097 2
    endloop
  endfacet
  facet normal -0.989167 -0.146792 0
    outer loop
      vertex 11.9774 12.2607 2
      vertex 11.9097 12.7169 8.2
      vertex 11.9097 12.7169 2
    endloop
  endfacet
  facet normal -0.989167 -0.146792 0
    outer loop
      vertex 11.9097 12.7169 8.2
      vertex 11.9774 12.2607 2
      vertex 11.9774 12.2607 8.2
    endloop
  endfacet
  facet normal 0.146955 0.989143 0
    outer loop
      vertex -7.76067 -16.4774 2.25
      vertex -7.76067 -16.4774 2
      vertex -7.9 -16.4567 2.25
    endloop
  endfacet
  facet normal 0.146955 0.989143 0
    outer loop
      vertex -7.9 -16.4567 7.85
      vertex -7.76067 -16.4774 8.2
      vertex -7.76067 -16.4774 7.85
    endloop
  endfacet
  facet normal 0.146777 0.98917 7.26852e-05
    outer loop
      vertex -7.76067 -16.4774 8.2
      vertex -7.9 -16.4567 7.85
      vertex -8.21692 -16.4097 8.2
    endloop
  endfacet
  facet normal 0.146698 0.989181 0
    outer loop
      vertex -8.21692 -16.4097 2
      vertex -7.9 -16.4567 7.85
      vertex -7.9 -16.4567 2.25
    endloop
  endfacet
  facet normal 0.146698 0.989181 0
    outer loop
      vertex -7.9 -16.4567 7.85
      vertex -8.21692 -16.4097 2
      vertex -8.21692 -16.4097 8.2
    endloop
  endfacet
  facet normal 0.146777 0.98917 -0.000101759
    outer loop
      vertex -8.21692 -16.4097 2
      vertex -7.9 -16.4567 2.25
      vertex -7.76067 -16.4774 2
    endloop
  endfacet
  facet normal 0.42755 0.903992 -0
    outer loop
      vertex -9.0986 -16.1422 2
      vertex -9.51555 -15.945 8.2
      vertex -9.0986 -16.1422 8.2
    endloop
  endfacet
  facet normal 0.42755 0.903992 0
    outer loop
      vertex -9.51555 -15.945 8.2
      vertex -9.0986 -16.1422 2
      vertex -9.51555 -15.945 2
    endloop
  endfacet
  facet normal -1 0 0
    outer loop
      vertex 12 9.8 7.85
      vertex 12 11.8 2
      vertex 12 9.8 2.25
    endloop
  endfacet
  facet normal -1 0 0
    outer loop
      vertex 12 11.8 2
      vertex 12 5.2 2.25
      vertex 12 9.8 2.25
    endloop
  endfacet
  facet normal -1 0 0
    outer loop
      vertex 12 5.2 2.25
      vertex 12 -5.2 2.25
      vertex 12 5.2 7.85
    endloop
  endfacet
  facet normal -1 0 0
    outer loop
      vertex 12 11.8 2
      vertex 12 -5.2 2.25
      vertex 12 5.2 2.25
    endloop
  endfacet
  facet normal -1 0 0
    outer loop
      vertex 12 -11.8 2
      vertex 12 -5.2 2.25
      vertex 12 11.8 2
    endloop
  endfacet
  facet normal -1 -0 0
    outer loop
      vertex 12 -9.8 2.25
      vertex 12 -11.8 2
      vertex 12 -9.8 7.85
    endloop
  endfacet
  facet normal -1 -0 0
    outer loop
      vertex 12 -5.2 2.25
      vertex 12 -11.8 2
      vertex 12 -9.8 2.25
    endloop
  endfacet
  facet normal -1 0 0
    outer loop
      vertex 12 11.8 2
      vertex 12 9.8 7.85
      vertex 12 11.8 8.2
    endloop
  endfacet
  facet normal -1 0 0
    outer loop
      vertex 12 5.2 7.85
      vertex 12 11.8 8.2
      vertex 12 9.8 7.85
    endloop
  endfacet
  facet normal -1 0 0
    outer loop
      vertex 12 -5.2 7.85
      vertex 12 5.2 7.85
      vertex 12 -5.2 2.25
    endloop
  endfacet
  facet normal -1 0 0
    outer loop
      vertex 12 -5.2 7.85
      vertex 12 11.8 8.2
      vertex 12 5.2 7.85
    endloop
  endfacet
  facet normal -1 0 0
    outer loop
      vertex 12 -11.8 8.2
      vertex 12 -5.2 7.85
      vertex 12 -9.8 7.85
    endloop
  endfacet
  facet normal -1 0 0
    outer loop
      vertex 12 -5.2 7.85
      vertex 12 -11.8 8.2
      vertex 12 11.8 8.2
    endloop
  endfacet
  facet normal -1 0 0
    outer loop
      vertex 12 -11.8 8.2
      vertex 12 -9.8 7.85
      vertex 12 -11.8 2
    endloop
  endfacet
  facet normal 0.595787 0.803142 -0
    outer loop
      vertex -9.91116 -15.7079 2
      vertex -10.2816 -15.4331 8.2
      vertex -9.91116 -15.7079 8.2
    endloop
  endfacet
  facet normal 0.595787 0.803142 0
    outer loop
      vertex -10.2816 -15.4331 8.2
      vertex -9.91116 -15.7079 2
      vertex -10.2816 -15.4331 2
    endloop
  endfacet
  facet normal 0.989167 0.146792 0
    outer loop
      vertex -11.9097 -12.7169 8.2
      vertex -11.9774 -12.2607 2
      vertex -11.9774 -12.2607 8.2
    endloop
  endfacet
  facet normal 0.989167 0.146792 0
    outer loop
      vertex -11.9774 -12.2607 2
      vertex -11.9097 -12.7169 8.2
      vertex -11.9097 -12.7169 2
    endloop
  endfacet
  facet normal 0 1 -0
    outer loop
      vertex 7.29999 -16.5 2
      vertex 3.5 -16.5 2.25
      vertex 7.29999 -16.5 2.25
    endloop
  endfacet
  facet normal 0 1 0
    outer loop
      vertex 3.5 -16.5 2.25
      vertex 7.29999 -16.5 2
      vertex -3.5 -16.5 2.25
    endloop
  endfacet
  facet normal 0 1 0
    outer loop
      vertex -7.29999 -16.5 2
      vertex -3.5 -16.5 2.25
      vertex 7.29999 -16.5 2
    endloop
  endfacet
  facet normal 0 1 0
    outer loop
      vertex -3.5 -16.5 2.25
      vertex -7.29999 -16.5 2
      vertex -7.29999 -16.5 2.25
    endloop
  endfacet
  facet normal 0 1 -0
    outer loop
      vertex 3.5 -16.5 2.25
      vertex -3.5 -16.5 7.85
      vertex 3.5 -16.5 7.85
    endloop
  endfacet
  facet normal 0 1 0
    outer loop
      vertex -3.5 -16.5 7.85
      vertex 3.5 -16.5 2.25
      vertex -3.5 -16.5 2.25
    endloop
  endfacet
  facet normal 0 1 0
    outer loop
      vertex 3.5 -16.5 7.85
      vertex 7.29999 -16.5 8.2
      vertex 7.29999 -16.5 7.85
    endloop
  endfacet
  facet normal 0 1 0
    outer loop
      vertex 7.29999 -16.5 8.2
      vertex 3.5 -16.5 7.85
      vertex -7.29999 -16.5 8.2
    endloop
  endfacet
  facet normal 0 1 -0
    outer loop
      vertex -3.5 -16.5 7.85
      vertex -7.29999 -16.5 8.2
      vertex 3.5 -16.5 7.85
    endloop
  endfacet
  facet normal 0 1 0
    outer loop
      vertex -7.29999 -16.5 8.2
      vertex -3.5 -16.5 7.85
      vertex -7.29999 -16.5 7.85
    endloop
  endfacet
  facet normal 0.857799 0.513986 0
    outer loop
      vertex -11.2079 -14.4112 8.2
      vertex -11.445 -14.0155 2
      vertex -11.445 -14.0155 8.2
    endloop
  endfacet
  facet normal 0.857799 0.513986 0
    outer loop
      vertex -11.445 -14.0155 2
      vertex -11.2079 -14.4112 8.2
      vertex -11.2079 -14.4112 2
    endloop
  endfacet
  facet normal 0.048999 0.998799 -0
    outer loop
      vertex -7.29999 -16.5 2
      vertex -7.76067 -16.4774 2.25
      vertex -7.29999 -16.5 2.25
    endloop
  endfacet
  facet normal 0.048999 0.998799 0
    outer loop
      vertex -7.76067 -16.4774 2.25
      vertex -7.29999 -16.5 2
      vertex -7.76067 -16.4774 2
    endloop
  endfacet
  facet normal 0.048999 0.998799 -0
    outer loop
      vertex -7.29999 -16.5 7.85
      vertex -7.76067 -16.4774 8.2
      vertex -7.29999 -16.5 8.2
    endloop
  endfacet
  facet normal 0.048999 0.998799 0
    outer loop
      vertex -7.76067 -16.4774 8.2
      vertex -7.29999 -16.5 7.85
      vertex -7.76067 -16.4774 7.85
    endloop
  endfacet
  facet normal -0.595787 0.803142 0
    outer loop
      vertex 10.2816 -15.4331 2
      vertex 9.91116 -15.7079 8.2
      vertex 10.2816 -15.4331 8.2
    endloop
  endfacet
  facet normal -0.595787 0.803142 0
    outer loop
      vertex 9.91116 -15.7079 8.2
      vertex 10.2816 -15.4331 2
      vertex 9.91116 -15.7079 2
    endloop
  endfacet
  facet normal -0.803111 -0.595829 0
    outer loop
      vertex 11.2079 14.4112 2
      vertex 10.9331 14.7816 8.2
      vertex 10.9331 14.7816 2
    endloop
  endfacet
  facet normal -0.803111 -0.595829 0
    outer loop
      vertex 10.9331 14.7816 8.2
      vertex 11.2079 14.4112 2
      vertex 11.2079 14.4112 8.2
    endloop
  endfacet
  facet normal 0.857799 -0.513986 0
    outer loop
      vertex -11.445 14.0155 8.2
      vertex -11.2079 14.4112 2
      vertex -11.2079 14.4112 8.2
    endloop
  endfacet
  facet normal 0.857799 -0.513986 0
    outer loop
      vertex -11.2079 14.4112 2
      vertex -11.445 14.0155 8.2
      vertex -11.445 14.0155 2
    endloop
  endfacet
  facet normal 0.048999 -0.998799 0
    outer loop
      vertex -7.76067 16.4774 2
      vertex -7.29999 16.5 2.25
      vertex -7.76067 16.4774 2.25
    endloop
  endfacet
  facet normal 0.048999 -0.998799 0
    outer loop
      vertex -7.29999 16.5 2.25
      vertex -7.76067 16.4774 2
      vertex -7.29999 16.5 2
    endloop
  endfacet
  facet normal 0.048999 -0.998799 0
    outer loop
      vertex -7.76067 16.4774 7.85
      vertex -7.29999 16.5 8.2
      vertex -7.76067 16.4774 8.2
    endloop
  endfacet
  facet normal 0.048999 -0.998799 0
    outer loop
      vertex -7.29999 16.5 8.2
      vertex -7.76067 16.4774 7.85
      vertex -7.29999 16.5 7.85
    endloop
  endfacet
  facet normal 0 -1 0
    outer loop
      vertex -7.29999 16.5 2
      vertex -3.5 16.5 2.25
      vertex -7.29999 16.5 2.25
    endloop
  endfacet
  facet normal 0 -1 -0
    outer loop
      vertex -3.5 16.5 2.25
      vertex -7.29999 16.5 2
      vertex 3.5 16.5 2.25
    endloop
  endfacet
  facet normal 0 -1 0
    outer loop
      vertex 7.29999 16.5 2
      vertex 3.5 16.5 2.25
      vertex -7.29999 16.5 2
    endloop
  endfacet
  facet normal 0 -1 0
    outer loop
      vertex 3.5 16.5 2.25
      vertex 7.29999 16.5 2
      vertex 7.29999 16.5 2.25
    endloop
  endfacet
  facet normal 0 -1 0
    outer loop
      vertex -3.5 16.5 2.25
      vertex 3.5 16.5 7.85
      vertex -3.5 16.5 7.85
    endloop
  endfacet
  facet normal 0 -1 -0
    outer loop
      vertex 3.5 16.5 7.85
      vertex -3.5 16.5 2.25
      vertex 3.5 16.5 2.25
    endloop
  endfacet
  facet normal 0 -1 0
    outer loop
      vertex -3.5 16.5 7.85
      vertex -7.29999 16.5 8.2
      vertex -7.29999 16.5 7.85
    endloop
  endfacet
  facet normal 0 -1 0
    outer loop
      vertex -7.29999 16.5 8.2
      vertex -3.5 16.5 7.85
      vertex 7.29999 16.5 8.2
    endloop
  endfacet
  facet normal 0 -1 0
    outer loop
      vertex 3.5 16.5 7.85
      vertex 7.29999 16.5 8.2
      vertex -3.5 16.5 7.85
    endloop
  endfacet
  facet normal 0 -1 -0
    outer loop
      vertex 7.29999 16.5 8.2
      vertex 3.5 16.5 7.85
      vertex 7.29999 16.5 7.85
    endloop
  endfacet
  facet normal 0.243046 0.970015 -0
    outer loop
      vertex -8.21692 -16.4097 2
      vertex -8.66432 -16.2976 8.2
      vertex -8.21692 -16.4097 8.2
    endloop
  endfacet
  facet normal 0.243046 0.970015 0
    outer loop
      vertex -8.66432 -16.2976 8.2
      vertex -8.21692 -16.4097 2
      vertex -8.66432 -16.2976 2
    endloop
  endfacet
  facet normal 0.671452 -0.741048 0
    outer loop
      vertex -10.6234 15.1234 2
      vertex -10.2816 15.4331 8.2
      vertex -10.6234 15.1234 8.2
    endloop
  endfacet
  facet normal 0.671452 -0.741048 0
    outer loop
      vertex -10.2816 15.4331 8.2
      vertex -10.6234 15.1234 2
      vertex -10.2816 15.4331 2
    endloop
  endfacet
  facet normal 0.336913 0.941536 -0
    outer loop
      vertex -8.66432 -16.2976 2
      vertex -9.0986 -16.1422 8.2
      vertex -8.66432 -16.2976 8.2
    endloop
  endfacet
  facet normal 0.336913 0.941536 0
    outer loop
      vertex -9.0986 -16.1422 8.2
      vertex -8.66432 -16.2976 2
      vertex -9.0986 -16.1422 2
    endloop
  endfacet
  facet normal 0.989167 -0.146792 0
    outer loop
      vertex -11.9774 12.2607 8.2
      vertex -11.9097 12.7169 2
      vertex -11.9097 12.7169 8.2
    endloop
  endfacet
  facet normal 0.989167 -0.146792 0
    outer loop
      vertex -11.9097 12.7169 2
      vertex -11.9774 12.2607 8.2
      vertex -11.9774 12.2607 2
    endloop
  endfacet
  facet normal 0.903972 -0.427592 0
    outer loop
      vertex -11.6422 13.5986 8.2
      vertex -11.445 14.0155 2
      vertex -11.445 14.0155 8.2
    endloop
  endfacet
  facet normal 0.903972 -0.427592 0
    outer loop
      vertex -11.445 14.0155 2
      vertex -11.6422 13.5986 8.2
      vertex -11.6422 13.5986 2
    endloop
  endfacet
  facet normal -0.998799 0.0489969 0
    outer loop
      vertex 11.9774 -12.2607 2
      vertex 12 -11.8 8.2
      vertex 12 -11.8 2
    endloop
  endfacet
  facet normal -0.998799 0.0489969 0
    outer loop
      vertex 12 -11.8 8.2
      vertex 11.9774 -12.2607 2
      vertex 11.9774 -12.2607 8.2
    endloop
  endfacet
  facet normal 0.146777 -0.98917 7.26852e-05
    outer loop
      vertex -8.21692 16.4097 8.2
      vertex -7.9 16.4567 7.85
      vertex -7.76067 16.4774 8.2
    endloop
  endfacet
  facet normal 0.146698 -0.989181 0
    outer loop
      vertex -8.21692 16.4097 2
      vertex -7.9 16.4567 7.85
      vertex -8.21692 16.4097 8.2
    endloop
  endfacet
  facet normal 0.146698 -0.989181 0
    outer loop
      vertex -7.9 16.4567 7.85
      vertex -8.21692 16.4097 2
      vertex -7.9 16.4567 2.25
    endloop
  endfacet
  facet normal 0.146777 -0.98917 -0.000101759
    outer loop
      vertex -7.76067 16.4774 2
      vertex -7.9 16.4567 2.25
      vertex -8.21692 16.4097 2
    endloop
  endfacet
  facet normal 0.146955 -0.989143 0
    outer loop
      vertex -7.9 16.4567 2.25
      vertex -7.76067 16.4774 2
      vertex -7.76067 16.4774 2.25
    endloop
  endfacet
  facet normal 0.146955 -0.989143 0
    outer loop
      vertex -7.76067 16.4774 8.2
      vertex -7.9 16.4567 7.85
      vertex -7.76067 16.4774 7.85
    endloop
  endfacet
  facet normal 0.336913 -0.941536 0
    outer loop
      vertex -9.0986 16.1422 2
      vertex -8.66432 16.2976 8.2
      vertex -9.0986 16.1422 8.2
    endloop
  endfacet
  facet normal 0.336913 -0.941536 0
    outer loop
      vertex -8.66432 16.2976 8.2
      vertex -9.0986 16.1422 2
      vertex -8.66432 16.2976 2
    endloop
  endfacet
  facet normal 0.595787 -0.803142 0
    outer loop
      vertex -10.2816 15.4331 2
      vertex -9.91116 15.7079 8.2
      vertex -10.2816 15.4331 8.2
    endloop
  endfacet
  facet normal 0.595787 -0.803142 0
    outer loop
      vertex -9.91116 15.7079 8.2
      vertex -10.2816 15.4331 2
      vertex -9.91116 15.7079 2
    endloop
  endfacet
  facet normal 1 0 0
    outer loop
      vertex -12 11.8 8.2
      vertex -12 9.8 7.85
      vertex -12 11.8 2
    endloop
  endfacet
  facet normal 1 0 0
    outer loop
      vertex -12 11.8 8.2
      vertex -12 5.2 7.85
      vertex -12 9.8 7.85
    endloop
  endfacet
  facet normal 1 0 0
    outer loop
      vertex -12 5.2 7.85
      vertex -12 -5.2 7.85
      vertex -12 5.2 2.25
    endloop
  endfacet
  facet normal 1 0 0
    outer loop
      vertex -12 11.8 8.2
      vertex -12 -5.2 7.85
      vertex -12 5.2 7.85
    endloop
  endfacet
  facet normal 1 -0 0
    outer loop
      vertex -12 -11.8 8.2
      vertex -12 -5.2 7.85
      vertex -12 11.8 8.2
    endloop
  endfacet
  facet normal 1 0 0
    outer loop
      vertex -12 -11.8 2
      vertex -12 -9.8 7.85
      vertex -12 -11.8 8.2
    endloop
  endfacet
  facet normal 1 0 0
    outer loop
      vertex -12 -5.2 7.85
      vertex -12 -11.8 8.2
      vertex -12 -9.8 7.85
    endloop
  endfacet
  facet normal 1 -0 0
    outer loop
      vertex -12 9.8 2.25
      vertex -12 11.8 2
      vertex -12 9.8 7.85
    endloop
  endfacet
  facet normal 1 -0 0
    outer loop
      vertex -12 5.2 2.25
      vertex -12 11.8 2
      vertex -12 9.8 2.25
    endloop
  endfacet
  facet normal 1 0 0
    outer loop
      vertex -12 -5.2 2.25
      vertex -12 5.2 2.25
      vertex -12 -5.2 7.85
    endloop
  endfacet
  facet normal 1 -0 0
    outer loop
      vertex -12 -5.2 2.25
      vertex -12 11.8 2
      vertex -12 5.2 2.25
    endloop
  endfacet
  facet normal 1 0 0
    outer loop
      vertex -12 -11.8 2
      vertex -12 -5.2 2.25
      vertex -12 -9.8 2.25
    endloop
  endfacet
  facet normal 1 0 0
    outer loop
      vertex -12 -5.2 2.25
      vertex -12 -11.8 2
      vertex -12 11.8 2
    endloop
  endfacet
  facet normal 1 0 0
    outer loop
      vertex -12 -9.8 7.85
      vertex -12 -11.8 2
      vertex -12 -9.8 2.25
    endloop
  endfacet
  facet normal 0.998799 -0.0489969 0
    outer loop
      vertex -12 11.8 8.2
      vertex -11.9774 12.2607 2
      vertex -11.9774 12.2607 8.2
    endloop
  endfacet
  facet normal 0.998799 -0.0489969 0
    outer loop
      vertex -11.9774 12.2607 2
      vertex -12 11.8 8.2
      vertex -12 11.8 2
    endloop
  endfacet
  facet normal 0.514072 0.857747 -0
    outer loop
      vertex -9.51555 -15.945 2
      vertex -9.91116 -15.7079 8.2
      vertex -9.51555 -15.945 8.2
    endloop
  endfacet
  facet normal 0.514072 0.857747 0
    outer loop
      vertex -9.91116 -15.7079 8.2
      vertex -9.51555 -15.945 2
      vertex -9.91116 -15.7079 2
    endloop
  endfacet
  facet normal -0.741048 -0.671452 0
    outer loop
      vertex 10.9331 14.7816 2
      vertex 10.6234 15.1234 8.2
      vertex 10.6234 15.1234 2
    endloop
  endfacet
  facet normal -0.741048 -0.671452 0
    outer loop
      vertex 10.6234 15.1234 8.2
      vertex 10.9331 14.7816 2
      vertex 10.9331 14.7816 8.2
    endloop
  endfacet
  facet normal -0.42755 0.903992 0
    outer loop
      vertex 9.51555 -15.945 2
      vertex 9.0986 -16.1422 8.2
      vertex 9.51555 -15.945 8.2
    endloop
  endfacet
  facet normal -0.42755 0.903992 0
    outer loop
      vertex 9.0986 -16.1422 8.2
      vertex 9.51555 -15.945 2
      vertex 9.0986 -16.1422 2
    endloop
  endfacet
  facet normal 0.803111 0.595829 0
    outer loop
      vertex -10.9331 -14.7816 8.2
      vertex -11.2079 -14.4112 2
      vertex -11.2079 -14.4112 8.2
    endloop
  endfacet
  facet normal 0.803111 0.595829 0
    outer loop
      vertex -11.2079 -14.4112 2
      vertex -10.9331 -14.7816 8.2
      vertex -10.9331 -14.7816 2
    endloop
  endfacet
  facet normal 0.671452 0.741048 -0
    outer loop
      vertex -10.2816 -15.4331 2
      vertex -10.6234 -15.1234 8.2
      vertex -10.2816 -15.4331 8.2
    endloop
  endfacet
  facet normal 0.671452 0.741048 0
    outer loop
      vertex -10.6234 -15.1234 8.2
      vertex -10.2816 -15.4331 2
      vertex -10.6234 -15.1234 2
    endloop
  endfacet
  facet normal 0.803111 -0.595829 0
    outer loop
      vertex -11.2079 14.4112 8.2
      vertex -10.9331 14.7816 2
      vertex -10.9331 14.7816 8.2
    endloop
  endfacet
  facet normal 0.803111 -0.595829 0
    outer loop
      vertex -10.9331 14.7816 2
      vertex -11.2079 14.4112 8.2
      vertex -11.2079 14.4112 2
    endloop
  endfacet
  facet normal 0.514072 -0.857747 0
    outer loop
      vertex -9.91116 15.7079 2
      vertex -9.51555 15.945 8.2
      vertex -9.91116 15.7079 8.2
    endloop
  endfacet
  facet normal 0.514072 -0.857747 0
    outer loop
      vertex -9.51555 15.945 8.2
      vertex -9.91116 15.7079 2
      vertex -9.51555 15.945 2
    endloop
  endfacet
  facet normal -0.903972 0.427592 0
    outer loop
      vertex 11.445 -14.0155 2
      vertex 11.6422 -13.5986 8.2
      vertex 11.6422 -13.5986 2
    endloop
  endfacet
  facet normal -0.903972 0.427592 0
    outer loop
      vertex 11.6422 -13.5986 8.2
      vertex 11.445 -14.0155 2
      vertex 11.445 -14.0155 8.2
    endloop
  endfacet
  facet normal -0.970015 0.243046 0
    outer loop
      vertex 11.7976 -13.1643 2
      vertex 11.9097 -12.7169 8.2
      vertex 11.9097 -12.7169 2
    endloop
  endfacet
  facet normal -0.970015 0.243046 0
    outer loop
      vertex 11.9097 -12.7169 8.2
      vertex 11.7976 -13.1643 2
      vertex 11.7976 -13.1643 8.2
    endloop
  endfacet
  facet normal -0.048999 -0.998799 0
    outer loop
      vertex 7.29999 16.5 2
      vertex 7.76067 16.4774 2.25
      vertex 7.29999 16.5 2.25
    endloop
  endfacet
  facet normal -0.048999 -0.998799 -0
    outer loop
      vertex 7.76067 16.4774 2.25
      vertex 7.29999 16.5 2
      vertex 7.76067 16.4774 2
    endloop
  endfacet
  facet normal -0.048999 -0.998799 0
    outer loop
      vertex 7.29999 16.5 7.85
      vertex 7.76067 16.4774 8.2
      vertex 7.29999 16.5 8.2
    endloop
  endfacet
  facet normal -0.048999 -0.998799 -0
    outer loop
      vertex 7.76067 16.4774 8.2
      vertex 7.29999 16.5 7.85
      vertex 7.76067 16.4774 7.85
    endloop
  endfacet
  facet normal -0.941541 -0.336899 0
    outer loop
      vertex 11.7976 13.1643 2
      vertex 11.6422 13.5986 8.2
      vertex 11.6422 13.5986 2
    endloop
  endfacet
  facet normal -0.941541 -0.336899 0
    outer loop
      vertex 11.6422 13.5986 8.2
      vertex 11.7976 13.1643 2
      vertex 11.7976 13.1643 8.2
    endloop
  endfacet
  facet normal -0.903972 -0.427592 0
    outer loop
      vertex 11.6422 13.5986 2
      vertex 11.445 14.0155 8.2
      vertex 11.445 14.0155 2
    endloop
  endfacet
  facet normal -0.903972 -0.427592 0
    outer loop
      vertex 11.445 14.0155 8.2
      vertex 11.6422 13.5986 2
      vertex 11.6422 13.5986 8.2
    endloop
  endfacet
  facet normal -0.595787 -0.803142 0
    outer loop
      vertex 9.91116 15.7079 2
      vertex 10.2816 15.4331 8.2
      vertex 9.91116 15.7079 8.2
    endloop
  endfacet
  facet normal -0.595787 -0.803142 -0
    outer loop
      vertex 10.2816 15.4331 8.2
      vertex 9.91116 15.7079 2
      vertex 10.2816 15.4331 2
    endloop
  endfacet
  facet normal -0.42755 -0.903992 0
    outer loop
      vertex 9.0986 16.1422 2
      vertex 9.51555 15.945 8.2
      vertex 9.0986 16.1422 8.2
    endloop
  endfacet
  facet normal -0.42755 -0.903992 -0
    outer loop
      vertex 9.51555 15.945 8.2
      vertex 9.0986 16.1422 2
      vertex 9.51555 15.945 2
    endloop
  endfacet
  facet normal -0.970015 -0.243046 0
    outer loop
      vertex 11.9097 12.7169 2
      vertex 11.7976 13.1643 8.2
      vertex 11.7976 13.1643 2
    endloop
  endfacet
  facet normal -0.970015 -0.243046 0
    outer loop
      vertex 11.7976 13.1643 8.2
      vertex 11.9097 12.7169 2
      vertex 11.9097 12.7169 8.2
    endloop
  endfacet
  facet normal 0.741048 0.671452 0
    outer loop
      vertex -10.6234 -15.1234 8.2
      vertex -10.9331 -14.7816 2
      vertex -10.9331 -14.7816 8.2
    endloop
  endfacet
  facet normal 0.741048 0.671452 0
    outer loop
      vertex -10.9331 -14.7816 2
      vertex -10.6234 -15.1234 8.2
      vertex -10.6234 -15.1234 2
    endloop
  endfacet
  facet normal 0.42755 -0.903992 0
    outer loop
      vertex -9.51555 15.945 2
      vertex -9.0986 16.1422 8.2
      vertex -9.51555 15.945 8.2
    endloop
  endfacet
  facet normal 0.42755 -0.903992 0
    outer loop
      vertex -9.0986 16.1422 8.2
      vertex -9.51555 15.945 2
      vertex -9.0986 16.1422 2
    endloop
  endfacet
  facet normal -0.998799 -0.0489969 0
    outer loop
      vertex 12 11.8 2
      vertex 11.9774 12.2607 8.2
      vertex 11.9774 12.2607 2
    endloop
  endfacet
  facet normal -0.998799 -0.0489969 0
    outer loop
      vertex 11.9774 12.2607 8.2
      vertex 12 11.8 2
      vertex 12 11.8 8.2
    endloop
  endfacet
  facet normal -0.741048 0.671452 0
    outer loop
      vertex 10.6234 -15.1234 2
      vertex 10.9331 -14.7816 8.2
      vertex 10.9331 -14.7816 2
    endloop
  endfacet
  facet normal -0.741048 0.671452 0
    outer loop
      vertex 10.9331 -14.7816 8.2
      vertex 10.6234 -15.1234 2
      vertex 10.6234 -15.1234 8.2
    endloop
  endfacet
  facet normal 0.941541 -0.336899 0
    outer loop
      vertex -11.7976 13.1643 8.2
      vertex -11.6422 13.5986 2
      vertex -11.6422 13.5986 8.2
    endloop
  endfacet
  facet normal 0.941541 -0.336899 0
    outer loop
      vertex -11.6422 13.5986 2
      vertex -11.7976 13.1643 8.2
      vertex -11.7976 13.1643 2
    endloop
  endfacet
  facet normal -0.857799 -0.513986 0
    outer loop
      vertex 11.445 14.0155 2
      vertex 11.2079 14.4112 8.2
      vertex 11.2079 14.4112 2
    endloop
  endfacet
  facet normal -0.857799 -0.513986 0
    outer loop
      vertex 11.2079 14.4112 8.2
      vertex 11.445 14.0155 2
      vertex 11.445 14.0155 8.2
    endloop
  endfacet
  facet normal 0.903972 0.427592 0
    outer loop
      vertex -11.445 -14.0155 8.2
      vertex -11.6422 -13.5986 2
      vertex -11.6422 -13.5986 8.2
    endloop
  endfacet
  facet normal 0.903972 0.427592 0
    outer loop
      vertex -11.6422 -13.5986 2
      vertex -11.445 -14.0155 8.2
      vertex -11.445 -14.0155 2
    endloop
  endfacet
  facet normal 0.998799 0.0489969 0
    outer loop
      vertex -11.9774 -12.2607 8.2
      vertex -12 -11.8 2
      vertex -12 -11.8 8.2
    endloop
  endfacet
  facet normal 0.998799 0.0489969 0
    outer loop
      vertex -12 -11.8 2
      vertex -11.9774 -12.2607 8.2
      vertex -11.9774 -12.2607 2
    endloop
  endfacet
  facet normal 0.741048 -0.671452 0
    outer loop
      vertex -10.9331 14.7816 8.2
      vertex -10.6234 15.1234 2
      vertex -10.6234 15.1234 8.2
    endloop
  endfacet
  facet normal 0.741048 -0.671452 0
    outer loop
      vertex -10.6234 15.1234 2
      vertex -10.9331 14.7816 8.2
      vertex -10.9331 14.7816 2
    endloop
  endfacet
  facet normal -0.671452 0.741048 0
    outer loop
      vertex 10.6234 -15.1234 2
      vertex 10.2816 -15.4331 8.2
      vertex 10.6234 -15.1234 8.2
    endloop
  endfacet
  facet normal -0.671452 0.741048 0
    outer loop
      vertex 10.2816 -15.4331 8.2
      vertex 10.6234 -15.1234 2
      vertex 10.2816 -15.4331 2
    endloop
  endfacet
  facet normal 0 0 1
    outer loop
      vertex 7.29999 16.5 2
      vertex 12 11.8 2
      vertex 11.9774 12.2607 2
    endloop
  endfacet
  facet normal 0 0 1
    outer loop
      vertex 12 11.8 2
      vertex -12 11.8 2
      vertex 12 -11.8 2
    endloop
  endfacet
  facet normal 0 0 1
    outer loop
      vertex 7.29999 16.5 2
      vertex 11.9774 12.2607 2
      vertex 11.9097 12.7169 2
    endloop
  endfacet
  facet normal 0 0 1
    outer loop
      vertex -12 -11.8 2
      vertex 12 -11.8 2
      vertex -12 11.8 2
    endloop
  endfacet
  facet normal 0 0 1
    outer loop
      vertex 7.29999 16.5 2
      vertex 11.9097 12.7169 2
      vertex 11.7976 13.1643 2
    endloop
  endfacet
  facet normal 0 -0 1
    outer loop
      vertex 7.29999 -16.5 2
      vertex 12 -11.8 2
      vertex -12 -11.8 2
    endloop
  endfacet
  facet normal 0 0 1
    outer loop
      vertex 7.29999 16.5 2
      vertex 11.7976 13.1643 2
      vertex 11.6422 13.5986 2
    endloop
  endfacet
  facet normal 0 0 1
    outer loop
      vertex 12 -11.8 2
      vertex 7.29999 -16.5 2
      vertex 11.9774 -12.2607 2
    endloop
  endfacet
  facet normal 0 0 1
    outer loop
      vertex 7.29999 16.5 2
      vertex 11.6422 13.5986 2
      vertex 11.445 14.0155 2
    endloop
  endfacet
  facet normal 0 0 1
    outer loop
      vertex 11.9774 -12.2607 2
      vertex 7.29999 -16.5 2
      vertex 11.9097 -12.7169 2
    endloop
  endfacet
  facet normal 0 0 1
    outer loop
      vertex 7.29999 16.5 2
      vertex 11.445 14.0155 2
      vertex 11.2079 14.4112 2
    endloop
  endfacet
  facet normal 0 0 1
    outer loop
      vertex 12 11.8 2
      vertex 7.29999 16.5 2
      vertex -12 11.8 2
    endloop
  endfacet
  facet normal 0 0 1
    outer loop
      vertex 7.29999 16.5 2
      vertex 11.2079 14.4112 2
      vertex 10.9331 14.7816 2
    endloop
  endfacet
  facet normal 0 0 1
    outer loop
      vertex 11.9097 -12.7169 2
      vertex 7.29999 -16.5 2
      vertex 11.7976 -13.1643 2
    endloop
  endfacet
  facet normal 0 0 1
    outer loop
      vertex 7.29999 16.5 2
      vertex 10.9331 14.7816 2
      vertex 10.6234 15.1234 2
    endloop
  endfacet
  facet normal 0 0 1
    outer loop
      vertex 11.445 -14.0155 2
      vertex 7.29999 -16.5 2
      vertex 11.2079 -14.4112 2
    endloop
  endfacet
  facet normal 0 0 1
    outer loop
      vertex 7.29999 16.5 2
      vertex 10.6234 15.1234 2
      vertex 10.2816 15.4331 2
    endloop
  endfacet
  facet normal 0 0 1
    outer loop
      vertex 11.2079 -14.4112 2
      vertex 7.29999 -16.5 2
      vertex 10.9331 -14.7816 2
    endloop
  endfacet
  facet normal 0 0 1
    outer loop
      vertex 7.29999 16.5 2
      vertex 10.2816 15.4331 2
      vertex 9.91116 15.7079 2
    endloop
  endfacet
  facet normal 0 0 1
    outer loop
      vertex 10.9331 -14.7816 2
      vertex 7.29999 -16.5 2
      vertex 10.6234 -15.1234 2
    endloop
  endfacet
  facet normal 0 0 1
    outer loop
      vertex 7.29999 16.5 2
      vertex 9.91116 15.7079 2
      vertex 9.51555 15.945 2
    endloop
  endfacet
  facet normal 0 0 1
    outer loop
      vertex 10.6234 -15.1234 2
      vertex 7.29999 -16.5 2
      vertex 10.2816 -15.4331 2
    endloop
  endfacet
  facet normal 0 0 1
    outer loop
      vertex 7.29999 16.5 2
      vertex 9.51555 15.945 2
      vertex 9.0986 16.1422 2
    endloop
  endfacet
  facet normal 0 0 1
    outer loop
      vertex 10.2816 -15.4331 2
      vertex 7.29999 -16.5 2
      vertex 9.91116 -15.7079 2
    endloop
  endfacet
  facet normal 0 0 1
    outer loop
      vertex 7.29999 16.5 2
      vertex 9.0986 16.1422 2
      vertex 8.66432 16.2976 2
    endloop
  endfacet
  facet normal 0 0 1
    outer loop
      vertex 9.91116 -15.7079 2
      vertex 7.29999 -16.5 2
      vertex 9.51555 -15.945 2
    endloop
  endfacet
  facet normal 0 0 1
    outer loop
      vertex 7.29999 16.5 2
      vertex 8.66432 16.2976 2
      vertex 8.21692 16.4097 2
    endloop
  endfacet
  facet normal 0 0 1
    outer loop
      vertex 9.51555 -15.945 2
      vertex 7.29999 -16.5 2
      vertex 9.0986 -16.1422 2
    endloop
  endfacet
  facet normal 0 0 1
    outer loop
      vertex 7.29999 16.5 2
      vertex 8.21692 16.4097 2
      vertex 7.76067 16.4774 2
    endloop
  endfacet
  facet normal 0 0 1
    outer loop
      vertex 9.0986 -16.1422 2
      vertex 7.29999 -16.5 2
      vertex 8.66432 -16.2976 2
    endloop
  endfacet
  facet normal 0 0 1
    outer loop
      vertex 8.66432 -16.2976 2
      vertex 7.29999 -16.5 2
      vertex 8.21692 -16.4097 2
    endloop
  endfacet
  facet normal 0 0 1
    outer loop
      vertex 8.21692 -16.4097 2
      vertex 7.29999 -16.5 2
      vertex 7.76067 -16.4774 2
    endloop
  endfacet
  facet normal 0 0 1
    outer loop
      vertex -12 11.8 2
      vertex 7.29999 16.5 2
      vertex -7.29999 16.5 2
    endloop
  endfacet
  facet normal 0 0 1
    outer loop
      vertex 11.7976 -13.1643 2
      vertex 7.29999 -16.5 2
      vertex 11.6422 -13.5986 2
    endloop
  endfacet
  facet normal 0 0 1
    outer loop
      vertex -12 11.8 2
      vertex -7.29999 16.5 2
      vertex -7.76067 16.4774 2
    endloop
  endfacet
  facet normal 0 0 1
    outer loop
      vertex 11.6422 -13.5986 2
      vertex 7.29999 -16.5 2
      vertex 11.445 -14.0155 2
    endloop
  endfacet
  facet normal 0 0 1
    outer loop
      vertex -12 11.8 2
      vertex -7.76067 16.4774 2
      vertex -8.21692 16.4097 2
    endloop
  endfacet
  facet normal 0 0 1
    outer loop
      vertex 7.29999 -16.5 2
      vertex -12 -11.8 2
      vertex -7.29999 -16.5 2
    endloop
  endfacet
  facet normal 0 0 1
    outer loop
      vertex -12 11.8 2
      vertex -8.21692 16.4097 2
      vertex -8.66432 16.2976 2
    endloop
  endfacet
  facet normal 0 0 1
    outer loop
      vertex -7.29999 -16.5 2
      vertex -12 -11.8 2
      vertex -7.76067 -16.4774 2
    endloop
  endfacet
  facet normal 0 0 1
    outer loop
      vertex -12 11.8 2
      vertex -8.66432 16.2976 2
      vertex -9.0986 16.1422 2
    endloop
  endfacet
  facet normal 0 0 1
    outer loop
      vertex -7.76067 -16.4774 2
      vertex -12 -11.8 2
      vertex -8.21692 -16.4097 2
    endloop
  endfacet
  facet normal 0 0 1
    outer loop
      vertex -12 11.8 2
      vertex -9.0986 16.1422 2
      vertex -9.51555 15.945 2
    endloop
  endfacet
  facet normal 0 0 1
    outer loop
      vertex -8.21692 -16.4097 2
      vertex -12 -11.8 2
      vertex -8.66432 -16.2976 2
    endloop
  endfacet
  facet normal 0 0 1
    outer loop
      vertex -12 11.8 2
      vertex -9.51555 15.945 2
      vertex -9.91116 15.7079 2
    endloop
  endfacet
  facet normal 0 0 1
    outer loop
      vertex -8.66432 -16.2976 2
      vertex -12 -11.8 2
      vertex -9.0986 -16.1422 2
    endloop
  endfacet
  facet normal 0 0 1
    outer loop
      vertex -12 11.8 2
      vertex -9.91116 15.7079 2
      vertex -10.2816 15.4331 2
    endloop
  endfacet
  facet normal 0 0 1
    outer loop
      vertex -9.0986 -16.1422 2
      vertex -12 -11.8 2
      vertex -9.51555 -15.945 2
    endloop
  endfacet
  facet normal 0 0 1
    outer loop
      vertex -12 11.8 2
      vertex -10.2816 15.4331 2
      vertex -10.6234 15.1234 2
    endloop
  endfacet
  facet normal 0 0 1
    outer loop
      vertex -9.51555 -15.945 2
      vertex -12 -11.8 2
      vertex -9.91116 -15.7079 2
    endloop
  endfacet
  facet normal 0 0 1
    outer loop
      vertex -12 11.8 2
      vertex -10.6234 15.1234 2
      vertex -10.9331 14.7816 2
    endloop
  endfacet
  facet normal 0 0 1
    outer loop
      vertex -9.91116 -15.7079 2
      vertex -12 -11.8 2
      vertex -10.2816 -15.4331 2
    endloop
  endfacet
  facet normal 0 0 1
    outer loop
      vertex -12 11.8 2
      vertex -10.9331 14.7816 2
      vertex -11.2079 14.4112 2
    endloop
  endfacet
  facet normal 0 0 1
    outer loop
      vertex -10.2816 -15.4331 2
      vertex -12 -11.8 2
      vertex -10.6234 -15.1234 2
    endloop
  endfacet
  facet normal 0 0 1
    outer loop
      vertex -12 11.8 2
      vertex -11.2079 14.4112 2
      vertex -11.445 14.0155 2
    endloop
  endfacet
  facet normal 0 0 1
    outer loop
      vertex -10.6234 -15.1234 2
      vertex -12 -11.8 2
      vertex -10.9331 -14.7816 2
    endloop
  endfacet
  facet normal 0 0 1
    outer loop
      vertex -12 11.8 2
      vertex -11.445 14.0155 2
      vertex -11.6422 13.5986 2
    endloop
  endfacet
  facet normal 0 0 1
    outer loop
      vertex -10.9331 -14.7816 2
      vertex -12 -11.8 2
      vertex -11.2079 -14.4112 2
    endloop
  endfacet
  facet normal 0 0 1
    outer loop
      vertex -12 11.8 2
      vertex -11.6422 13.5986 2
      vertex -11.7976 13.1643 2
    endloop
  endfacet
  facet normal 0 0 1
    outer loop
      vertex -11.2079 -14.4112 2
      vertex -12 -11.8 2
      vertex -11.445 -14.0155 2
    endloop
  endfacet
  facet normal 0 0 1
    outer loop
      vertex -12 11.8 2
      vertex -11.7976 13.1643 2
      vertex -11.9097 12.7169 2
    endloop
  endfacet
  facet normal 0 0 1
    outer loop
      vertex -11.445 -14.0155 2
      vertex -12 -11.8 2
      vertex -11.6422 -13.5986 2
    endloop
  endfacet
  facet normal 0 0 1
    outer loop
      vertex -12 11.8 2
      vertex -11.9097 12.7169 2
      vertex -11.9774 12.2607 2
    endloop
  endfacet
  facet normal 0 0 1
    outer loop
      vertex -11.6422 -13.5986 2
      vertex -12 -11.8 2
      vertex -11.7976 -13.1643 2
    endloop
  endfacet
  facet normal 0 0 1
    outer loop
      vertex -11.7976 -13.1643 2
      vertex -12 -11.8 2
      vertex -11.9097 -12.7169 2
    endloop
  endfacet
  facet normal 0 0 1
    outer loop
      vertex -11.9097 -12.7169 2
      vertex -12 -11.8 2
      vertex -11.9774 -12.2607 2
    endloop
  endfacet
  facet normal 0.970015 0.243046 0
    outer loop
      vertex -11.7976 -13.1643 8.2
      vertex -11.9097 -12.7169 2
      vertex -11.9097 -12.7169 8.2
    endloop
  endfacet
  facet normal 0.970015 0.243046 0
    outer loop
      vertex -11.9097 -12.7169 2
      vertex -11.7976 -13.1643 8.2
      vertex -11.7976 -13.1643 2
    endloop
  endfacet
  facet normal 0.941541 0.336899 0
    outer loop
      vertex -11.6422 -13.5986 8.2
      vertex -11.7976 -13.1643 2
      vertex -11.7976 -13.1643 8.2
    endloop
  endfacet
  facet normal 0.941541 0.336899 0
    outer loop
      vertex -11.7976 -13.1643 2
      vertex -11.6422 -13.5986 8.2
      vertex -11.6422 -13.5986 2
    endloop
  endfacet
  facet normal 0.970015 -0.243046 0
    outer loop
      vertex -11.9097 12.7169 8.2
      vertex -11.7976 13.1643 2
      vertex -11.7976 13.1643 8.2
    endloop
  endfacet
  facet normal 0.970015 -0.243046 0
    outer loop
      vertex -11.7976 13.1643 2
      vertex -11.9097 12.7169 8.2
      vertex -11.9097 12.7169 2
    endloop
  endfacet
  facet normal -0.671452 -0.741048 0
    outer loop
      vertex 10.2816 15.4331 2
      vertex 10.6234 15.1234 8.2
      vertex 10.2816 15.4331 8.2
    endloop
  endfacet
  facet normal -0.671452 -0.741048 -0
    outer loop
      vertex 10.6234 15.1234 8.2
      vertex 10.2816 15.4331 2
      vertex 10.6234 15.1234 2
    endloop
  endfacet
  facet normal -0.146955 -0.989143 -0
    outer loop
      vertex 7.76067 16.4774 2.25
      vertex 7.76067 16.4774 2
      vertex 7.9 16.4567 2.25
    endloop
  endfacet
  facet normal -0.146955 -0.989143 0
    outer loop
      vertex 7.9 16.4567 7.85
      vertex 7.76067 16.4774 8.2
      vertex 7.76067 16.4774 7.85
    endloop
  endfacet
  facet normal -0.146777 -0.98917 7.26852e-05
    outer loop
      vertex 7.76067 16.4774 8.2
      vertex 7.9 16.4567 7.85
      vertex 8.21692 16.4097 8.2
    endloop
  endfacet
  facet normal -0.146698 -0.989181 0
    outer loop
      vertex 8.21692 16.4097 2
      vertex 7.9 16.4567 7.85
      vertex 7.9 16.4567 2.25
    endloop
  endfacet
  facet normal -0.146698 -0.989181 0
    outer loop
      vertex 7.9 16.4567 7.85
      vertex 8.21692 16.4097 2
      vertex 8.21692 16.4097 8.2
    endloop
  endfacet
  facet normal -0.146777 -0.98917 -0.000101759
    outer loop
      vertex 8.21692 16.4097 2
      vertex 7.9 16.4567 2.25
      vertex 7.76067 16.4774 2
    endloop
  endfacet
  facet normal -0.336913 -0.941536 0
    outer loop
      vertex 8.66432 16.2976 2
      vertex 9.0986 16.1422 8.2
      vertex 8.66432 16.2976 8.2
    endloop
  endfacet
  facet normal -0.336913 -0.941536 -0
    outer loop
      vertex 9.0986 16.1422 8.2
      vertex 8.66432 16.2976 2
      vertex 9.0986 16.1422 2
    endloop
  endfacet
  facet normal -0.243046 -0.970015 0
    outer loop
      vertex 8.21692 16.4097 2
      vertex 8.66432 16.2976 8.2
      vertex 8.21692 16.4097 8.2
    endloop
  endfacet
  facet normal -0.243046 -0.970015 -0
    outer loop
      vertex 8.66432 16.2976 8.2
      vertex 8.21692 16.4097 2
      vertex 8.66432 16.2976 2
    endloop
  endfacet
  facet normal -0.989167 0.146792 0
    outer loop
      vertex 11.9097 -12.7169 2
      vertex 11.9774 -12.2607 8.2
      vertex 11.9774 -12.2607 2
    endloop
  endfacet
  facet normal -0.989167 0.146792 0
    outer loop
      vertex 11.9774 -12.2607 8.2
      vertex 11.9097 -12.7169 2
      vertex 11.9097 -12.7169 8.2
    endloop
  endfacet
  facet normal -0.803111 0.595829 0
    outer loop
      vertex 10.9331 -14.7816 2
      vertex 11.2079 -14.4112 8.2
      vertex 11.2079 -14.4112 2
    endloop
  endfacet
  facet normal -0.803111 0.595829 0
    outer loop
      vertex 11.2079 -14.4112 8.2
      vertex 10.9331 -14.7816 2
      vertex 10.9331 -14.7816 8.2
    endloop
  endfacet
  facet normal -0.514072 -0.857747 0
    outer loop
      vertex 9.51555 15.945 2
      vertex 9.91116 15.7079 8.2
      vertex 9.51555 15.945 8.2
    endloop
  endfacet
  facet normal -0.514072 -0.857747 -0
    outer loop
      vertex 9.91116 15.7079 8.2
      vertex 9.51555 15.945 2
      vertex 9.91116 15.7079 2
    endloop
  endfacet
  facet normal -0.514072 0.857747 0
    outer loop
      vertex 9.91116 -15.7079 2
      vertex 9.51555 -15.945 8.2
      vertex 9.91116 -15.7079 8.2
    endloop
  endfacet
  facet normal -0.514072 0.857747 0
    outer loop
      vertex 9.51555 -15.945 8.2
      vertex 9.91116 -15.7079 2
      vertex 9.51555 -15.945 2
    endloop
  endfacet
  facet normal -0.857799 0.513986 0
    outer loop
      vertex 11.2079 -14.4112 2
      vertex 11.445 -14.0155 8.2
      vertex 11.445 -14.0155 2
    endloop
  endfacet
  facet normal -0.857799 0.513986 0
    outer loop
      vertex 11.445 -14.0155 8.2
      vertex 11.2079 -14.4112 2
      vertex 11.2079 -14.4112 8.2
    endloop
  endfacet
  facet normal -0.336913 0.941536 0
    outer loop
      vertex 9.0986 -16.1422 2
      vertex 8.66432 -16.2976 8.2
      vertex 9.0986 -16.1422 8.2
    endloop
  endfacet
  facet normal -0.336913 0.941536 0
    outer loop
      vertex 8.66432 -16.2976 8.2
      vertex 9.0986 -16.1422 2
      vertex 8.66432 -16.2976 2
    endloop
  endfacet
  facet normal 1 -0 0
    outer loop
      vertex -11.725 -9.8 7.85
      vertex -11.725 -5.2 2.25
      vertex -11.725 -5.2 7.85
    endloop
  endfacet
  facet normal 1 0 0
    outer loop
      vertex -11.725 -5.2 2.25
      vertex -11.725 -9.8 7.85
      vertex -11.725 -9.8 2.25
    endloop
  endfacet
  facet normal -0 0 1
    outer loop
      vertex -12 -5.2 7.85
      vertex -11.725 -9.8 7.85
      vertex -11.725 -5.2 7.85
    endloop
  endfacet
  facet normal 0 0 1
    outer loop
      vertex -11.725 -9.8 7.85
      vertex -12 -5.2 7.85
      vertex -12 -9.8 7.85
    endloop
  endfacet
  facet normal 0 0 -1
    outer loop
      vertex -12 -9.8 2.25
      vertex -11.725 -5.2 2.25
      vertex -11.725 -9.8 2.25
    endloop
  endfacet
  facet normal -0 0 -1
    outer loop
      vertex -11.725 -5.2 2.25
      vertex -12 -9.8 2.25
      vertex -12 -5.2 2.25
    endloop
  endfacet
  facet normal 0 1 -0
    outer loop
      vertex -11.725 -5.2 2.25
      vertex -12 -5.2 7.85
      vertex -11.725 -5.2 7.85
    endloop
  endfacet
  facet normal 0 1 0
    outer loop
      vertex -12 -5.2 7.85
      vertex -11.725 -5.2 2.25
      vertex -12 -5.2 2.25
    endloop
  endfacet
  facet normal 0 -1 0
    outer loop
      vertex -12 -9.8 2.25
      vertex -11.725 -9.8 7.85
      vertex -12 -9.8 7.85
    endloop
  endfacet
  facet normal 0 -1 -0
    outer loop
      vertex -11.725 -9.8 7.85
      vertex -12 -9.8 2.25
      vertex -11.725 -9.8 2.25
    endloop
  endfacet
  facet normal 1 -0 0
    outer loop
      vertex -11.725 5.2 7.85
      vertex -11.725 9.8 2.25
      vertex -11.725 9.8 7.85
    endloop
  endfacet
  facet normal 1 0 0
    outer loop
      vertex -11.725 9.8 2.25
      vertex -11.725 5.2 7.85
      vertex -11.725 5.2 2.25
    endloop
  endfacet
  facet normal -0 0 1
    outer loop
      vertex -12 9.8 7.85
      vertex -11.725 5.2 7.85
      vertex -11.725 9.8 7.85
    endloop
  endfacet
  facet normal 0 0 1
    outer loop
      vertex -11.725 5.2 7.85
      vertex -12 9.8 7.85
      vertex -12 5.2 7.85
    endloop
  endfacet
  facet normal 0 0 -1
    outer loop
      vertex -12 5.2 2.25
      vertex -11.725 9.8 2.25
      vertex -11.725 5.2 2.25
    endloop
  endfacet
  facet normal -0 0 -1
    outer loop
      vertex -11.725 9.8 2.25
      vertex -12 5.2 2.25
      vertex -12 9.8 2.25
    endloop
  endfacet
  facet normal 0 1 -0
    outer loop
      vertex -11.725 9.8 2.25
      vertex -12 9.8 7.85
      vertex -11.725 9.8 7.85
    endloop
  endfacet
  facet normal 0 1 0
    outer loop
      vertex -12 9.8 7.85
      vertex -11.725 9.8 2.25
      vertex -12 9.8 2.25
    endloop
  endfacet
  facet normal 0 -1 0
    outer loop
      vertex -12 5.2 2.25
      vertex -11.725 5.2 7.85
      vertex -12 5.2 7.85
    endloop
  endfacet
  facet normal 0 -1 -0
    outer loop
      vertex -11.725 5.2 7.85
      vertex -12 5.2 2.25
      vertex -11.725 5.2 2.25
    endloop
  endfacet
  facet normal -0 0 1
    outer loop
      vertex 11.725 -5.2 7.85
      vertex 12 -9.8 7.85
      vertex 12 -5.2 7.85
    endloop
  endfacet
  facet normal 0 0 1
    outer loop
      vertex 12 -9.8 7.85
      vertex 11.725 -5.2 7.85
      vertex 11.725 -9.8 7.85
    endloop
  endfacet
  facet normal 0 0 -1
    outer loop
      vertex 11.725 -9.8 2.25
      vertex 12 -5.2 2.25
      vertex 12 -9.8 2.25
    endloop
  endfacet
  facet normal -0 0 -1
    outer loop
      vertex 12 -5.2 2.25
      vertex 11.725 -9.8 2.25
      vertex 11.725 -5.2 2.25
    endloop
  endfacet
  facet normal -1 0 0
    outer loop
      vertex 11.725 -9.8 2.25
      vertex 11.725 -5.2 7.85
      vertex 11.725 -5.2 2.25
    endloop
  endfacet
  facet normal -1 -0 0
    outer loop
      vertex 11.725 -5.2 7.85
      vertex 11.725 -9.8 2.25
      vertex 11.725 -9.8 7.85
    endloop
  endfacet
  facet normal 0 1 -0
    outer loop
      vertex 12 -5.2 2.25
      vertex 11.725 -5.2 7.85
      vertex 12 -5.2 7.85
    endloop
  endfacet
  facet normal 0 1 0
    outer loop
      vertex 11.725 -5.2 7.85
      vertex 12 -5.2 2.25
      vertex 11.725 -5.2 2.25
    endloop
  endfacet
  facet normal 0 -1 0
    outer loop
      vertex 11.725 -9.8 2.25
      vertex 12 -9.8 7.85
      vertex 11.725 -9.8 7.85
    endloop
  endfacet
  facet normal 0 -1 -0
    outer loop
      vertex 12 -9.8 7.85
      vertex 11.725 -9.8 2.25
      vertex 12 -9.8 2.25
    endloop
  endfacet
  facet normal -0 0 1
    outer loop
      vertex 11.725 9.8 7.85
      vertex 12 5.2 7.85
      vertex 12 9.8 7.85
    endloop
  endfacet
  facet normal 0 0 1
    outer loop
      vertex 12 5.2 7.85
      vertex 11.725 9.8 7.85
      vertex 11.725 5.2 7.85
    endloop
  endfacet
  facet normal 0 0 -1
    outer loop
      vertex 11.725 5.2 2.25
      vertex 12 9.8 2.25
      vertex 12 5.2 2.25
    endloop
  endfacet
  facet normal -0 0 -1
    outer loop
      vertex 12 9.8 2.25
      vertex 11.725 5.2 2.25
      vertex 11.725 9.8 2.25
    endloop
  endfacet
  facet normal -1 0 0
    outer loop
      vertex 11.725 5.2 2.25
      vertex 11.725 9.8 7.85
      vertex 11.725 9.8 2.25
    endloop
  endfacet
  facet normal -1 -0 0
    outer loop
      vertex 11.725 9.8 7.85
      vertex 11.725 5.2 2.25
      vertex 11.725 5.2 7.85
    endloop
  endfacet
  facet normal 0 1 -0
    outer loop
      vertex 12 9.8 2.25
      vertex 11.725 9.8 7.85
      vertex 12 9.8 7.85
    endloop
  endfacet
  facet normal 0 1 0
    outer loop
      vertex 11.725 9.8 7.85
      vertex 12 9.8 2.25
      vertex 11.725 9.8 2.25
    endloop
  endfacet
  facet normal 0 -1 0
    outer loop
      vertex 11.725 5.2 2.25
      vertex 12 5.2 7.85
      vertex 11.725 5.2 7.85
    endloop
  endfacet
  facet normal 0 -1 -0
    outer loop
      vertex 12 5.2 7.85
      vertex 11.725 5.2 2.25
      vertex 12 5.2 2.25
    endloop
  endfacet
  facet normal 1 -0 0
    outer loop
      vertex -3.5 -16.5 7.85
      vertex -3.5 -16.225 2.25
      vertex -3.5 -16.225 7.85
    endloop
  endfacet
  facet normal 1 0 0
    outer loop
      vertex -3.5 -16.225 2.25
      vertex -3.5 -16.5 7.85
      vertex -3.5 -16.5 2.25
    endloop
  endfacet
  facet normal 0 0 1
    outer loop
      vertex -3.5 -16.225 7.85
      vertex -7.29999 -16.5 7.85
      vertex -3.5 -16.5 7.85
    endloop
  endfacet
  facet normal -0 0 1
    outer loop
      vertex -7.9 -16.225 7.85
      vertex -7.29999 -16.5 7.85
      vertex -3.5 -16.225 7.85
    endloop
  endfacet
  facet normal 0 0 1
    outer loop
      vertex -7.29999 -16.5 7.85
      vertex -7.9 -16.225 7.85
      vertex -7.76067 -16.4774 7.85
    endloop
  endfacet
  facet normal 0 0 1
    outer loop
      vertex -7.76067 -16.4774 7.85
      vertex -7.9 -16.225 7.85
      vertex -7.9 -16.4567 7.85
    endloop
  endfacet
  facet normal 0 0 -1
    outer loop
      vertex -7.29999 -16.5 2.25
      vertex -3.5 -16.225 2.25
      vertex -3.5 -16.5 2.25
    endloop
  endfacet
  facet normal 0 0 -1
    outer loop
      vertex -7.9 -16.225 2.25
      vertex -7.29999 -16.5 2.25
      vertex -7.76067 -16.4774 2.25
    endloop
  endfacet
  facet normal 0 0 -1
    outer loop
      vertex -7.9 -16.225 2.25
      vertex -7.76067 -16.4774 2.25
      vertex -7.9 -16.4567 2.25
    endloop
  endfacet
  facet normal 0 0 -1
    outer loop
      vertex -7.29999 -16.5 2.25
      vertex -7.9 -16.225 2.25
      vertex -3.5 -16.225 2.25
    endloop
  endfacet
  facet normal -1 0 0
    outer loop
      vertex -7.9 -16.4567 2.25
      vertex -7.9 -16.225 7.85
      vertex -7.9 -16.225 2.25
    endloop
  endfacet
  facet normal -1 -0 0
    outer loop
      vertex -7.9 -16.225 7.85
      vertex -7.9 -16.4567 2.25
      vertex -7.9 -16.4567 7.85
    endloop
  endfacet
  facet normal 0 1 -0
    outer loop
      vertex -3.5 -16.225 2.25
      vertex -7.9 -16.225 7.85
      vertex -3.5 -16.225 7.85
    endloop
  endfacet
  facet normal 0 1 0
    outer loop
      vertex -7.9 -16.225 7.85
      vertex -3.5 -16.225 2.25
      vertex -7.9 -16.225 2.25
    endloop
  endfacet
  facet normal 1 -0 0
    outer loop
      vertex 7.9 -16.4567 7.85
      vertex 7.9 -16.225 2.25
      vertex 7.9 -16.225 7.85
    endloop
  endfacet
  facet normal 1 0 0
    outer loop
      vertex 7.9 -16.225 2.25
      vertex 7.9 -16.4567 7.85
      vertex 7.9 -16.4567 2.25
    endloop
  endfacet
  facet normal 0 0 1
    outer loop
      vertex 7.9 -16.225 7.85
      vertex 7.76067 -16.4774 7.85
      vertex 7.9 -16.4567 7.85
    endloop
  endfacet
  facet normal 0 0 1
    outer loop
      vertex 7.9 -16.225 7.85
      vertex 7.29999 -16.5 7.85
      vertex 7.76067 -16.4774 7.85
    endloop
  endfacet
  facet normal -0 0 1
    outer loop
      vertex 3.5 -16.225 7.85
      vertex 7.29999 -16.5 7.85
      vertex 7.9 -16.225 7.85
    endloop
  endfacet
  facet normal 0 0 1
    outer loop
      vertex 7.29999 -16.5 7.85
      vertex 3.5 -16.225 7.85
      vertex 3.5 -16.5 7.85
    endloop
  endfacet
  facet normal 0 0 -1
    outer loop
      vertex 7.76067 -16.4774 2.25
      vertex 7.9 -16.225 2.25
      vertex 7.9 -16.4567 2.25
    endloop
  endfacet
  facet normal 0 0 -1
    outer loop
      vertex 7.29999 -16.5 2.25
      vertex 7.9 -16.225 2.25
      vertex 7.76067 -16.4774 2.25
    endloop
  endfacet
  facet normal 0 0 -1
    outer loop
      vertex 3.5 -16.225 2.25
      vertex 7.29999 -16.5 2.25
      vertex 3.5 -16.5 2.25
    endloop
  endfacet
  facet normal 0 0 -1
    outer loop
      vertex 7.29999 -16.5 2.25
      vertex 3.5 -16.225 2.25
      vertex 7.9 -16.225 2.25
    endloop
  endfacet
  facet normal -1 0 0
    outer loop
      vertex 3.5 -16.5 2.25
      vertex 3.5 -16.225 7.85
      vertex 3.5 -16.225 2.25
    endloop
  endfacet
  facet normal -1 -0 0
    outer loop
      vertex 3.5 -16.225 7.85
      vertex 3.5 -16.5 2.25
      vertex 3.5 -16.5 7.85
    endloop
  endfacet
  facet normal 0 1 -0
    outer loop
      vertex 7.9 -16.225 2.25
      vertex 3.5 -16.225 7.85
      vertex 7.9 -16.225 7.85
    endloop
  endfacet
  facet normal 0 1 0
    outer loop
      vertex 3.5 -16.225 7.85
      vertex 7.9 -16.225 2.25
      vertex 3.5 -16.225 2.25
    endloop
  endfacet
  facet normal 1 -0 0
    outer loop
      vertex -3.5 16.225 7.85
      vertex -3.5 16.5 2.25
      vertex -3.5 16.5 7.85
    endloop
  endfacet
  facet normal 1 0 0
    outer loop
      vertex -3.5 16.5 2.25
      vertex -3.5 16.225 7.85
      vertex -3.5 16.225 2.25
    endloop
  endfacet
  facet normal -0 0 1
    outer loop
      vertex -7.29999 16.5 7.85
      vertex -3.5 16.225 7.85
      vertex -3.5 16.5 7.85
    endloop
  endfacet
  facet normal 0 0 1
    outer loop
      vertex -7.9 16.225 7.85
      vertex -7.29999 16.5 7.85
      vertex -7.76067 16.4774 7.85
    endloop
  endfacet
  facet normal 0 0 1
    outer loop
      vertex -7.9 16.225 7.85
      vertex -7.76067 16.4774 7.85
      vertex -7.9 16.4567 7.85
    endloop
  endfacet
  facet normal 0 0 1
    outer loop
      vertex -7.29999 16.5 7.85
      vertex -7.9 16.225 7.85
      vertex -3.5 16.225 7.85
    endloop
  endfacet
  facet normal 0 0 -1
    outer loop
      vertex -3.5 16.225 2.25
      vertex -7.29999 16.5 2.25
      vertex -3.5 16.5 2.25
    endloop
  endfacet
  facet normal 0 0 -1
    outer loop
      vertex -7.9 16.225 2.25
      vertex -7.29999 16.5 2.25
      vertex -3.5 16.225 2.25
    endloop
  endfacet
  facet normal 0 0 -1
    outer loop
      vertex -7.29999 16.5 2.25
      vertex -7.9 16.225 2.25
      vertex -7.76067 16.4774 2.25
    endloop
  endfacet
  facet normal 0 0 -1
    outer loop
      vertex -7.76067 16.4774 2.25
      vertex -7.9 16.225 2.25
      vertex -7.9 16.4567 2.25
    endloop
  endfacet
  facet normal -1 0 0
    outer loop
      vertex -7.9 16.225 2.25
      vertex -7.9 16.4567 7.85
      vertex -7.9 16.4567 2.25
    endloop
  endfacet
  facet normal -1 -0 0
    outer loop
      vertex -7.9 16.4567 7.85
      vertex -7.9 16.225 2.25
      vertex -7.9 16.225 7.85
    endloop
  endfacet
  facet normal 0 -1 0
    outer loop
      vertex -7.9 16.225 2.25
      vertex -3.5 16.225 7.85
      vertex -7.9 16.225 7.85
    endloop
  endfacet
  facet normal 0 -1 -0
    outer loop
      vertex -3.5 16.225 7.85
      vertex -7.9 16.225 2.25
      vertex -3.5 16.225 2.25
    endloop
  endfacet
  facet normal 1 -0 0
    outer loop
      vertex 7.9 16.225 7.85
      vertex 7.9 16.4567 2.25
      vertex 7.9 16.4567 7.85
    endloop
  endfacet
  facet normal 1 0 0
    outer loop
      vertex 7.9 16.4567 2.25
      vertex 7.9 16.225 7.85
      vertex 7.9 16.225 2.25
    endloop
  endfacet
  facet normal 0 0 1
    outer loop
      vertex 7.76067 16.4774 7.85
      vertex 7.9 16.225 7.85
      vertex 7.9 16.4567 7.85
    endloop
  endfacet
  facet normal 0 0 1
    outer loop
      vertex 7.29999 16.5 7.85
      vertex 7.9 16.225 7.85
      vertex 7.76067 16.4774 7.85
    endloop
  endfacet
  facet normal 0 0 1
    outer loop
      vertex 3.5 16.225 7.85
      vertex 7.29999 16.5 7.85
      vertex 3.5 16.5 7.85
    endloop
  endfacet
  facet normal 0 0 1
    outer loop
      vertex 7.29999 16.5 7.85
      vertex 3.5 16.225 7.85
      vertex 7.9 16.225 7.85
    endloop
  endfacet
  facet normal 0 0 -1
    outer loop
      vertex 7.9 16.225 2.25
      vertex 7.76067 16.4774 2.25
      vertex 7.9 16.4567 2.25
    endloop
  endfacet
  facet normal 0 0 -1
    outer loop
      vertex 7.9 16.225 2.25
      vertex 7.29999 16.5 2.25
      vertex 7.76067 16.4774 2.25
    endloop
  endfacet
  facet normal 0 0 -1
    outer loop
      vertex 3.5 16.225 2.25
      vertex 7.29999 16.5 2.25
      vertex 7.9 16.225 2.25
    endloop
  endfacet
  facet normal -0 0 -1
    outer loop
      vertex 7.29999 16.5 2.25
      vertex 3.5 16.225 2.25
      vertex 3.5 16.5 2.25
    endloop
  endfacet
  facet normal -1 0 0
    outer loop
      vertex 3.5 16.225 2.25
      vertex 3.5 16.5 7.85
      vertex 3.5 16.5 2.25
    endloop
  endfacet
  facet normal -1 -0 0
    outer loop
      vertex 3.5 16.5 7.85
      vertex 3.5 16.225 2.25
      vertex 3.5 16.225 7.85
    endloop
  endfacet
  facet normal 0 -1 0
    outer loop
      vertex 3.5 16.225 2.25
      vertex 7.9 16.225 7.85
      vertex 3.5 16.225 7.85
    endloop
  endfacet
  facet normal 0 -1 -0
    outer loop
      vertex 7.9 16.225 7.85
      vertex 3.5 16.225 2.25
      vertex 7.9 16.225 2.25
    endloop
  endfacet
endsolid OpenSCAD_Model
