solid OpenSCAD_Model
  facet normal 0.0491417 -0.998792 0
    outer loop
      vertex 8.59999 -19.3 0
      vertex 9.2077 -19.2701 9.2
      vertex 8.59999 -19.3 9.2
    endloop
  endfacet
  facet normal 0.0491417 -0.998792 0
    outer loop
      vertex 9.2077 -19.2701 9.2
      vertex 8.59999 -19.3 0
      vertex 9.2077 -19.2701 0
    endloop
  endfacet
  facet normal 0.857739 -0.514085 0
    outer loop
      vertex 13.7551 -16.5445 9.2
      vertex 14.0679 -16.0226 0
      vertex 14.0679 -16.0226 9.2
    endloop
  endfacet
  facet normal 0.857739 -0.514085 0
    outer loop
      vertex 14.0679 -16.0226 0
      vertex 13.7551 -16.5445 9.2
      vertex 13.7551 -16.5445 0
    endloop
  endfacet
  facet normal -0.595652 0.803243 0
    outer loop
      vertex -12.0445 18.2551 0
      vertex -12.5332 17.8927 9.2
      vertex -12.0445 18.2551 9.2
    endloop
  endfacet
  facet normal -0.595652 0.803243 0
    outer loop
      vertex -12.5332 17.8927 9.2
      vertex -12.0445 18.2551 0
      vertex -12.5332 17.8927 0
    endloop
  endfacet
  facet normal -0.74101 0.671494 0
    outer loop
      vertex -13.3927 17.0332 0
      vertex -12.9841 17.4841 9.2
      vertex -12.9841 17.4841 0
    endloop
  endfacet
  facet normal -0.74101 0.671494 0
    outer loop
      vertex -12.9841 17.4841 9.2
      vertex -13.3927 17.0332 0
      vertex -13.3927 17.0332 9.2
    endloop
  endfacet
  facet normal -0.427514 0.904009 0
    outer loop
      vertex -10.9726 18.828 0
      vertex -11.5226 18.5679 9.2
      vertex -10.9726 18.828 9.2
    endloop
  endfacet
  facet normal -0.427514 0.904009 0
    outer loop
      vertex -11.5226 18.5679 9.2
      vertex -10.9726 18.828 0
      vertex -11.5226 18.5679 0
    endloop
  endfacet
  facet normal -0.0491417 -0.998792 0
    outer loop
      vertex -9.2077 -19.2701 0
      vertex -8.59999 -19.3 9.2
      vertex -9.2077 -19.2701 9.2
    endloop
  endfacet
  facet normal -0.0491417 -0.998792 -0
    outer loop
      vertex -8.59999 -19.3 9.2
      vertex -9.2077 -19.2701 0
      vertex -8.59999 -19.3 0
    endloop
  endfacet
  facet normal -0.857739 0.514085 0
    outer loop
      vertex -14.0679 16.0226 0
      vertex -13.7551 16.5445 9.2
      vertex -13.7551 16.5445 0
    endloop
  endfacet
  facet normal -0.857739 0.514085 0
    outer loop
      vertex -13.7551 16.5445 9.2
      vertex -14.0679 16.0226 0
      vertex -14.0679 16.0226 9.2
    endloop
  endfacet
  facet normal 1 -0 0
    outer loop
      vertex 14.8 -13.1 9.2
      vertex 14.8 13.1 0
      vertex 14.8 13.1 9.2
    endloop
  endfacet
  facet normal 1 0 0
    outer loop
      vertex 14.8 13.1 0
      vertex 14.8 -13.1 9.2
      vertex 14.8 -13.1 0
    endloop
  endfacet
  facet normal -0.2431 -0.970001 0
    outer loop
      vertex -10.3997 -19.033 0
      vertex -9.80956 -19.1809 9.2
      vertex -10.3997 -19.033 9.2
    endloop
  endfacet
  facet normal -0.2431 -0.970001 -0
    outer loop
      vertex -9.80956 -19.1809 9.2
      vertex -10.3997 -19.033 0
      vertex -9.80956 -19.1809 0
    endloop
  endfacet
  facet normal -0.969997 -0.243116 0
    outer loop
      vertex -14.533 -14.8997 0
      vertex -14.6809 -14.3096 9.2
      vertex -14.6809 -14.3096 0
    endloop
  endfacet
  facet normal -0.969997 -0.243116 0
    outer loop
      vertex -14.6809 -14.3096 9.2
      vertex -14.533 -14.8997 0
      vertex -14.533 -14.8997 9.2
    endloop
  endfacet
  facet normal 0.146606 -0.989195 0
    outer loop
      vertex 9.2077 -19.2701 0
      vertex 9.80956 -19.1809 9.2
      vertex 9.2077 -19.2701 9.2
    endloop
  endfacet
  facet normal 0.146606 -0.989195 0
    outer loop
      vertex 9.80956 -19.1809 9.2
      vertex 9.2077 -19.2701 0
      vertex 9.80956 -19.1809 0
    endloop
  endfacet
  facet normal -0.514085 0.857739 0
    outer loop
      vertex -11.5226 18.5679 0
      vertex -12.0445 18.2551 9.2
      vertex -11.5226 18.5679 9.2
    endloop
  endfacet
  facet normal -0.514085 0.857739 0
    outer loop
      vertex -12.0445 18.2551 9.2
      vertex -11.5226 18.5679 0
      vertex -12.0445 18.2551 0
    endloop
  endfacet
  facet normal 0.941537 -0.336909 0
    outer loop
      vertex 14.328 -15.4726 9.2
      vertex 14.533 -14.8997 0
      vertex 14.533 -14.8997 9.2
    endloop
  endfacet
  facet normal 0.941537 -0.336909 0
    outer loop
      vertex 14.533 -14.8997 0
      vertex 14.328 -15.4726 9.2
      vertex 14.328 -15.4726 0
    endloop
  endfacet
  facet normal 0 1 -0
    outer loop
      vertex 8.59999 19.3 0
      vertex -8.59999 19.3 9.2
      vertex 8.59999 19.3 9.2
    endloop
  endfacet
  facet normal 0 1 0
    outer loop
      vertex -8.59999 19.3 9.2
      vertex 8.59999 19.3 0
      vertex -8.59999 19.3 0
    endloop
  endfacet
  facet normal -0.671494 -0.74101 0
    outer loop
      vertex -12.9841 -17.4841 0
      vertex -12.5332 -17.8927 9.2
      vertex -12.9841 -17.4841 9.2
    endloop
  endfacet
  facet normal -0.671494 -0.74101 -0
    outer loop
      vertex -12.5332 -17.8927 9.2
      vertex -12.9841 -17.4841 0
      vertex -12.5332 -17.8927 0
    endloop
  endfacet
  facet normal -0.904009 -0.427514 0
    outer loop
      vertex -14.0679 -16.0226 0
      vertex -14.328 -15.4726 9.2
      vertex -14.328 -15.4726 0
    endloop
  endfacet
  facet normal -0.904009 -0.427514 0
    outer loop
      vertex -14.328 -15.4726 9.2
      vertex -14.0679 -16.0226 0
      vertex -14.0679 -16.0226 9.2
    endloop
  endfacet
  facet normal -0.595652 -0.803243 0
    outer loop
      vertex -12.5332 -17.8927 0
      vertex -12.0445 -18.2551 9.2
      vertex -12.5332 -17.8927 9.2
    endloop
  endfacet
  facet normal -0.595652 -0.803243 -0
    outer loop
      vertex -12.0445 -18.2551 9.2
      vertex -12.5332 -17.8927 0
      vertex -12.0445 -18.2551 0
    endloop
  endfacet
  facet normal 0 -1 0
    outer loop
      vertex -8.59999 -19.3 0
      vertex 8.59999 -19.3 9.2
      vertex -8.59999 -19.3 9.2
    endloop
  endfacet
  facet normal 0 -1 -0
    outer loop
      vertex 8.59999 -19.3 9.2
      vertex -8.59999 -19.3 0
      vertex 8.59999 -19.3 0
    endloop
  endfacet
  facet normal -1 0 0
    outer loop
      vertex -14.8 -13.1 0
      vertex -14.8 13.1 9.2
      vertex -14.8 13.1 0
    endloop
  endfacet
  facet normal -1 -0 0
    outer loop
      vertex -14.8 13.1 9.2
      vertex -14.8 -13.1 0
      vertex -14.8 -13.1 9.2
    endloop
  endfacet
  facet normal -0.857739 -0.514085 0
    outer loop
      vertex -13.7551 -16.5445 0
      vertex -14.0679 -16.0226 9.2
      vertex -14.0679 -16.0226 0
    endloop
  endfacet
  facet normal -0.857739 -0.514085 0
    outer loop
      vertex -14.0679 -16.0226 9.2
      vertex -13.7551 -16.5445 0
      vertex -13.7551 -16.5445 9.2
    endloop
  endfacet
  facet normal 0.0491417 0.998792 -0
    outer loop
      vertex 9.2077 19.2701 0
      vertex 8.59999 19.3 9.2
      vertex 9.2077 19.2701 9.2
    endloop
  endfacet
  facet normal 0.0491417 0.998792 0
    outer loop
      vertex 8.59999 19.3 9.2
      vertex 9.2077 19.2701 0
      vertex 8.59999 19.3 0
    endloop
  endfacet
  facet normal 0.998792 0.0491425 0
    outer loop
      vertex 14.8 13.1 9.2
      vertex 14.7701 13.7077 0
      vertex 14.7701 13.7077 9.2
    endloop
  endfacet
  facet normal 0.998792 0.0491425 0
    outer loop
      vertex 14.7701 13.7077 0
      vertex 14.8 13.1 9.2
      vertex 14.8 13.1 0
    endloop
  endfacet
  facet normal -0.336909 -0.941537 0
    outer loop
      vertex -10.9726 -18.828 0
      vertex -10.3997 -19.033 9.2
      vertex -10.9726 -18.828 9.2
    endloop
  endfacet
  facet normal -0.336909 -0.941537 -0
    outer loop
      vertex -10.3997 -19.033 9.2
      vertex -10.9726 -18.828 0
      vertex -10.3997 -19.033 0
    endloop
  endfacet
  facet normal 0.803243 -0.595652 0
    outer loop
      vertex 13.3927 -17.0332 9.2
      vertex 13.7551 -16.5445 0
      vertex 13.7551 -16.5445 9.2
    endloop
  endfacet
  facet normal 0.803243 -0.595652 0
    outer loop
      vertex 13.7551 -16.5445 0
      vertex 13.3927 -17.0332 9.2
      vertex 13.3927 -17.0332 0
    endloop
  endfacet
  facet normal -0.803243 0.595652 0
    outer loop
      vertex -13.7551 16.5445 0
      vertex -13.3927 17.0332 9.2
      vertex -13.3927 17.0332 0
    endloop
  endfacet
  facet normal -0.803243 0.595652 0
    outer loop
      vertex -13.3927 17.0332 9.2
      vertex -13.7551 16.5445 0
      vertex -13.7551 16.5445 9.2
    endloop
  endfacet
  facet normal -0.989196 -0.146596 0
    outer loop
      vertex -14.6809 -14.3096 0
      vertex -14.7701 -13.7077 9.2
      vertex -14.7701 -13.7077 0
    endloop
  endfacet
  facet normal -0.989196 -0.146596 0
    outer loop
      vertex -14.7701 -13.7077 9.2
      vertex -14.6809 -14.3096 0
      vertex -14.6809 -14.3096 9.2
    endloop
  endfacet
  facet normal -0.671494 0.74101 0
    outer loop
      vertex -12.5332 17.8927 0
      vertex -12.9841 17.4841 9.2
      vertex -12.5332 17.8927 9.2
    endloop
  endfacet
  facet normal -0.671494 0.74101 0
    outer loop
      vertex -12.9841 17.4841 9.2
      vertex -12.5332 17.8927 0
      vertex -12.9841 17.4841 0
    endloop
  endfacet
  facet normal -0.146606 -0.989195 0
    outer loop
      vertex -9.80956 -19.1809 0
      vertex -9.2077 -19.2701 9.2
      vertex -9.80956 -19.1809 9.2
    endloop
  endfacet
  facet normal -0.146606 -0.989195 -0
    outer loop
      vertex -9.2077 -19.2701 9.2
      vertex -9.80956 -19.1809 0
      vertex -9.2077 -19.2701 0
    endloop
  endfacet
  facet normal 0.74101 -0.671494 0
    outer loop
      vertex 12.9841 -17.4841 9.2
      vertex 13.3927 -17.0332 0
      vertex 13.3927 -17.0332 9.2
    endloop
  endfacet
  facet normal 0.74101 -0.671494 0
    outer loop
      vertex 13.3927 -17.0332 0
      vertex 12.9841 -17.4841 9.2
      vertex 12.9841 -17.4841 0
    endloop
  endfacet
  facet normal -0.146606 0.989195 0
    outer loop
      vertex -9.2077 19.2701 0
      vertex -9.80956 19.1809 9.2
      vertex -9.2077 19.2701 9.2
    endloop
  endfacet
  facet normal -0.146606 0.989195 0
    outer loop
      vertex -9.80956 19.1809 9.2
      vertex -9.2077 19.2701 0
      vertex -9.80956 19.1809 0
    endloop
  endfacet
  facet normal 0.146606 0.989195 -0
    outer loop
      vertex 9.80956 19.1809 0
      vertex 9.2077 19.2701 9.2
      vertex 9.80956 19.1809 9.2
    endloop
  endfacet
  facet normal 0.146606 0.989195 0
    outer loop
      vertex 9.2077 19.2701 9.2
      vertex 9.80956 19.1809 0
      vertex 9.2077 19.2701 0
    endloop
  endfacet
  facet normal -0.427514 -0.904009 0
    outer loop
      vertex -11.5226 -18.5679 0
      vertex -10.9726 -18.828 9.2
      vertex -11.5226 -18.5679 9.2
    endloop
  endfacet
  facet normal -0.427514 -0.904009 -0
    outer loop
      vertex -10.9726 -18.828 9.2
      vertex -11.5226 -18.5679 0
      vertex -10.9726 -18.828 0
    endloop
  endfacet
  facet normal -0.74101 -0.671494 0
    outer loop
      vertex -12.9841 -17.4841 0
      vertex -13.3927 -17.0332 9.2
      vertex -13.3927 -17.0332 0
    endloop
  endfacet
  facet normal -0.74101 -0.671494 0
    outer loop
      vertex -13.3927 -17.0332 9.2
      vertex -12.9841 -17.4841 0
      vertex -12.9841 -17.4841 9.2
    endloop
  endfacet
  facet normal -0.0491417 0.998792 0
    outer loop
      vertex -8.59999 19.3 0
      vertex -9.2077 19.2701 9.2
      vertex -8.59999 19.3 9.2
    endloop
  endfacet
  facet normal -0.0491417 0.998792 0
    outer loop
      vertex -9.2077 19.2701 9.2
      vertex -8.59999 19.3 0
      vertex -9.2077 19.2701 0
    endloop
  endfacet
  facet normal 0.857739 0.514085 0
    outer loop
      vertex 14.0679 16.0226 9.2
      vertex 13.7551 16.5445 0
      vertex 13.7551 16.5445 9.2
    endloop
  endfacet
  facet normal 0.857739 0.514085 0
    outer loop
      vertex 13.7551 16.5445 0
      vertex 14.0679 16.0226 9.2
      vertex 14.0679 16.0226 0
    endloop
  endfacet
  facet normal -0.941537 -0.336909 0
    outer loop
      vertex -14.328 -15.4726 0
      vertex -14.533 -14.8997 9.2
      vertex -14.533 -14.8997 0
    endloop
  endfacet
  facet normal -0.941537 -0.336909 0
    outer loop
      vertex -14.533 -14.8997 9.2
      vertex -14.328 -15.4726 0
      vertex -14.328 -15.4726 9.2
    endloop
  endfacet
  facet normal 0.514085 -0.857739 0
    outer loop
      vertex 11.5226 -18.5679 0
      vertex 12.0445 -18.2551 9.2
      vertex 11.5226 -18.5679 9.2
    endloop
  endfacet
  facet normal 0.514085 -0.857739 0
    outer loop
      vertex 12.0445 -18.2551 9.2
      vertex 11.5226 -18.5679 0
      vertex 12.0445 -18.2551 0
    endloop
  endfacet
  facet normal -0.989196 0.146596 0
    outer loop
      vertex -14.7701 13.7077 0
      vertex -14.6809 14.3096 9.2
      vertex -14.6809 14.3096 0
    endloop
  endfacet
  facet normal -0.989196 0.146596 0
    outer loop
      vertex -14.6809 14.3096 9.2
      vertex -14.7701 13.7077 0
      vertex -14.7701 13.7077 9.2
    endloop
  endfacet
  facet normal -0.998792 -0.0491425 0
    outer loop
      vertex -14.7701 -13.7077 0
      vertex -14.8 -13.1 9.2
      vertex -14.8 -13.1 0
    endloop
  endfacet
  facet normal -0.998792 -0.0491425 0
    outer loop
      vertex -14.8 -13.1 9.2
      vertex -14.7701 -13.7077 0
      vertex -14.7701 -13.7077 9.2
    endloop
  endfacet
  facet normal -0.514085 -0.857739 0
    outer loop
      vertex -12.0445 -18.2551 0
      vertex -11.5226 -18.5679 9.2
      vertex -12.0445 -18.2551 9.2
    endloop
  endfacet
  facet normal -0.514085 -0.857739 -0
    outer loop
      vertex -11.5226 -18.5679 9.2
      vertex -12.0445 -18.2551 0
      vertex -11.5226 -18.5679 0
    endloop
  endfacet
  facet normal 0.671494 -0.74101 0
    outer loop
      vertex 12.5332 -17.8927 0
      vertex 12.9841 -17.4841 9.2
      vertex 12.5332 -17.8927 9.2
    endloop
  endfacet
  facet normal 0.671494 -0.74101 0
    outer loop
      vertex 12.9841 -17.4841 9.2
      vertex 12.5332 -17.8927 0
      vertex 12.9841 -17.4841 0
    endloop
  endfacet
  facet normal 0.427514 -0.904009 0
    outer loop
      vertex 10.9726 -18.828 0
      vertex 11.5226 -18.5679 9.2
      vertex 10.9726 -18.828 9.2
    endloop
  endfacet
  facet normal 0.427514 -0.904009 0
    outer loop
      vertex 11.5226 -18.5679 9.2
      vertex 10.9726 -18.828 0
      vertex 11.5226 -18.5679 0
    endloop
  endfacet
  facet normal 0 0 1
    outer loop
      vertex 2.59999 8.6 9.2
      vertex 2.57673 1.69402 9.2
      vertex 2.608 1.67923 9.2
    endloop
  endfacet
  facet normal 0 0 1
    outer loop
      vertex 2.59999 8.6 9.2
      vertex 2.1172 1.91136 9.2
      vertex 2.57673 1.69402 9.2
    endloop
  endfacet
  facet normal 0 0 1
    outer loop
      vertex 2.59999 8.6 9.2
      vertex 2.08462 1.92302 9.2
      vertex 2.1172 1.91136 9.2
    endloop
  endfacet
  facet normal 0 0 1
    outer loop
      vertex 2.59999 8.6 9.2
      vertex 1.606 2.09427 9.2
      vertex 2.08462 1.92302 9.2
    endloop
  endfacet
  facet normal 0 0 1
    outer loop
      vertex 2.59999 8.6 9.2
      vertex 1.11289 2.21779 9.2
      vertex 1.606 2.09427 9.2
    endloop
  endfacet
  facet normal 0 0 1
    outer loop
      vertex 2.59999 8.6 9.2
      vertex 1.07934 2.22619 9.2
      vertex 1.11289 2.21779 9.2
    endloop
  endfacet
  facet normal 0 0 1
    outer loop
      vertex 2.59999 8.6 9.2
      vertex 1.04512 2.23127 9.2
      vertex 1.07934 2.22619 9.2
    endloop
  endfacet
  facet normal 0 0 1
    outer loop
      vertex 2.59999 8.6 9.2
      vertex 0.54228 2.30586 9.2
      vertex 1.04512 2.23127 9.2
    endloop
  endfacet
  facet normal 0 0 1
    outer loop
      vertex 2.59999 8.6 9.2
      vertex 0.507729 2.30756 9.2
      vertex 0.54228 2.30586 9.2
    endloop
  endfacet
  facet normal 0 0 1
    outer loop
      vertex 2.59999 8.6 9.2
      vertex 0 2.3325 9.2
      vertex 0.507729 2.30756 9.2
    endloop
  endfacet
  facet normal -0 0 1
    outer loop
      vertex -2.59999 8.6 9.2
      vertex 0 2.3325 9.2
      vertex 2.59999 8.6 9.2
    endloop
  endfacet
  facet normal 0 0 1
    outer loop
      vertex 0 2.3325 9.2
      vertex -2.59999 8.6 9.2
      vertex -0.507729 2.30756 9.2
    endloop
  endfacet
  facet normal 0 0 1
    outer loop
      vertex -0.507729 2.30756 9.2
      vertex -2.59999 8.6 9.2
      vertex -0.54228 2.30586 9.2
    endloop
  endfacet
  facet normal 0 0 1
    outer loop
      vertex -0.54228 2.30586 9.2
      vertex -2.59999 8.6 9.2
      vertex -1.04512 2.23127 9.2
    endloop
  endfacet
  facet normal 0 0 1
    outer loop
      vertex -1.04512 2.23127 9.2
      vertex -2.59999 8.6 9.2
      vertex -1.07934 2.22619 9.2
    endloop
  endfacet
  facet normal 0 0 1
    outer loop
      vertex -1.07934 2.22619 9.2
      vertex -2.59999 8.6 9.2
      vertex -1.11289 2.21779 9.2
    endloop
  endfacet
  facet normal 0 0 1
    outer loop
      vertex -1.11289 2.21779 9.2
      vertex -2.59999 8.6 9.2
      vertex -1.606 2.09427 9.2
    endloop
  endfacet
  facet normal 0 0 1
    outer loop
      vertex -1.606 2.09427 9.2
      vertex -2.59999 8.6 9.2
      vertex -2.08462 1.92302 9.2
    endloop
  endfacet
  facet normal 0 0 1
    outer loop
      vertex -2.08462 1.92302 9.2
      vertex -2.59999 8.6 9.2
      vertex -2.1172 1.91136 9.2
    endloop
  endfacet
  facet normal 0 0 1
    outer loop
      vertex -2.1172 1.91136 9.2
      vertex -2.59999 8.6 9.2
      vertex -2.57673 1.69402 9.2
    endloop
  endfacet
  facet normal 0 0 1
    outer loop
      vertex -2.57673 1.69402 9.2
      vertex -2.59999 8.6 9.2
      vertex -2.608 1.67923 9.2
    endloop
  endfacet
  facet normal 0 0 1
    outer loop
      vertex 8.59999 19.3 9.2
      vertex 14.8 13.1 9.2
      vertex 14.7701 13.7077 9.2
    endloop
  endfacet
  facet normal 0 0 1
    outer loop
      vertex 14.8 13.1 9.2
      vertex 8.75537 -6.5729 9.2
      vertex 14.8 -13.1 9.2
    endloop
  endfacet
  facet normal 0 0 1
    outer loop
      vertex 8.59999 19.3 9.2
      vertex 14.7701 13.7077 9.2
      vertex 14.6809 14.3096 9.2
    endloop
  endfacet
  facet normal -0 -0 1
    outer loop
      vertex 8.81819 -6.74846 9.2
      vertex 14.8 -13.1 9.2
      vertex 8.75537 -6.5729 9.2
    endloop
  endfacet
  facet normal 0 0 1
    outer loop
      vertex 8.59999 19.3 9.2
      vertex 14.6809 14.3096 9.2
      vertex 14.533 14.8997 9.2
    endloop
  endfacet
  facet normal -0 -0 1
    outer loop
      vertex 8.86349 -6.92933 9.2
      vertex 14.8 -13.1 9.2
      vertex 8.81819 -6.74846 9.2
    endloop
  endfacet
  facet normal 0 0 1
    outer loop
      vertex 8.59999 19.3 9.2
      vertex 14.533 14.8997 9.2
      vertex 14.328 15.4726 9.2
    endloop
  endfacet
  facet normal -0 -0 1
    outer loop
      vertex 8.89085 -7.11377 9.2
      vertex 14.8 -13.1 9.2
      vertex 8.86349 -6.92933 9.2
    endloop
  endfacet
  facet normal 0 0 1
    outer loop
      vertex 8.59999 19.3 9.2
      vertex 14.328 15.4726 9.2
      vertex 14.0679 16.0226 9.2
    endloop
  endfacet
  facet normal -0 0 1
    outer loop
      vertex 8.89085 -7.48623 9.2
      vertex 14.8 -13.1 9.2
      vertex 8.9 -7.3 9.2
    endloop
  endfacet
  facet normal 0 0 1
    outer loop
      vertex 8.59999 19.3 9.2
      vertex 14.0679 16.0226 9.2
      vertex 13.7551 16.5445 9.2
    endloop
  endfacet
  facet normal -0 0 1
    outer loop
      vertex 8.86349 -7.67067 9.2
      vertex 14.8 -13.1 9.2
      vertex 8.89085 -7.48623 9.2
    endloop
  endfacet
  facet normal 0 0 1
    outer loop
      vertex 8.59999 19.3 9.2
      vertex 13.7551 16.5445 9.2
      vertex 13.3927 17.0332 9.2
    endloop
  endfacet
  facet normal -0 0 1
    outer loop
      vertex 8.81819 -7.85154 9.2
      vertex 14.8 -13.1 9.2
      vertex 8.86349 -7.67067 9.2
    endloop
  endfacet
  facet normal 0 0 1
    outer loop
      vertex 8.59999 19.3 9.2
      vertex 13.3927 17.0332 9.2
      vertex 12.9841 17.4841 9.2
    endloop
  endfacet
  facet normal -0 0 1
    outer loop
      vertex 8.67565 -8.19565 9.2
      vertex 14.8 -13.1 9.2
      vertex 8.75537 -8.0271 9.2
    endloop
  endfacet
  facet normal 0 0 1
    outer loop
      vertex 8.59999 19.3 9.2
      vertex 12.9841 17.4841 9.2
      vertex 12.5332 17.8927 9.2
    endloop
  endfacet
  facet normal -0 0 1
    outer loop
      vertex 8.57979 -8.35558 9.2
      vertex 14.8 -13.1 9.2
      vertex 8.67565 -8.19565 9.2
    endloop
  endfacet
  facet normal 0 0 1
    outer loop
      vertex 8.59999 19.3 9.2
      vertex 12.5332 17.8927 9.2
      vertex 12.0445 18.2551 9.2
    endloop
  endfacet
  facet normal -0 0 1
    outer loop
      vertex 8.46872 -8.50535 9.2
      vertex 14.8 -13.1 9.2
      vertex 8.57979 -8.35558 9.2
    endloop
  endfacet
  facet normal 0 0 1
    outer loop
      vertex 8.59999 19.3 9.2
      vertex 12.0445 18.2551 9.2
      vertex 11.5226 18.5679 9.2
    endloop
  endfacet
  facet normal -0 0 1
    outer loop
      vertex 8.3435 -8.6435 9.2
      vertex 14.8 -13.1 9.2
      vertex 8.46872 -8.50535 9.2
    endloop
  endfacet
  facet normal 0 0 1
    outer loop
      vertex 8.59999 19.3 9.2
      vertex 11.5226 18.5679 9.2
      vertex 10.9726 18.828 9.2
    endloop
  endfacet
  facet normal -0 0 1
    outer loop
      vertex 8.05558 -8.87979 9.2
      vertex 14.8 -13.1 9.2
      vertex 8.20535 -8.76872 9.2
    endloop
  endfacet
  facet normal 0 0 1
    outer loop
      vertex 8.59999 19.3 9.2
      vertex 10.9726 18.828 9.2
      vertex 10.3997 19.033 9.2
    endloop
  endfacet
  facet normal -0 0 1
    outer loop
      vertex 7.89565 -8.97565 9.2
      vertex 14.8 -13.1 9.2
      vertex 8.05558 -8.87979 9.2
    endloop
  endfacet
  facet normal 0 0 1
    outer loop
      vertex 8.59999 19.3 9.2
      vertex 10.3997 19.033 9.2
      vertex 9.80956 19.1809 9.2
    endloop
  endfacet
  facet normal 0 0 1
    outer loop
      vertex 14.8 -13.1 9.2
      vertex 7.89565 -8.97565 9.2
      vertex 14.7701 -13.7077 9.2
    endloop
  endfacet
  facet normal 0 0 1
    outer loop
      vertex 8.59999 19.3 9.2
      vertex 9.80956 19.1809 9.2
      vertex 9.2077 19.2701 9.2
    endloop
  endfacet
  facet normal 0 0 1
    outer loop
      vertex 14.6809 -14.3096 9.2
      vertex 7.89565 -8.97565 9.2
      vertex 14.533 -14.8997 9.2
    endloop
  endfacet
  facet normal -0 0 1
    outer loop
      vertex 7.7271 -9.05537 9.2
      vertex 14.533 -14.8997 9.2
      vertex 7.89565 -8.97565 9.2
    endloop
  endfacet
  facet normal 0 0 1
    outer loop
      vertex 14.7701 -13.7077 9.2
      vertex 7.89565 -8.97565 9.2
      vertex 14.6809 -14.3096 9.2
    endloop
  endfacet
  facet normal -0 0 1
    outer loop
      vertex 8.20535 -8.76872 9.2
      vertex 14.8 -13.1 9.2
      vertex 8.3435 -8.6435 9.2
    endloop
  endfacet
  facet normal -0 0 1
    outer loop
      vertex 8.75537 -8.0271 9.2
      vertex 14.8 -13.1 9.2
      vertex 8.81819 -7.85154 9.2
    endloop
  endfacet
  facet normal -0 -0 1
    outer loop
      vertex 8.9 -7.3 9.2
      vertex 14.8 -13.1 9.2
      vertex 8.89085 -7.11377 9.2
    endloop
  endfacet
  facet normal 0 0 1
    outer loop
      vertex 14.8 13.1 9.2
      vertex 8.67565 -6.40435 9.2
      vertex 8.75537 -6.5729 9.2
    endloop
  endfacet
  facet normal 0 0 1
    outer loop
      vertex 14.8 13.1 9.2
      vertex 8.59999 19.3 9.2
      vertex 2.59999 8.6 9.2
    endloop
  endfacet
  facet normal 0 0 1
    outer loop
      vertex 14.8 13.1 9.2
      vertex 8.57979 -6.24442 9.2
      vertex 8.67565 -6.40435 9.2
    endloop
  endfacet
  facet normal 0 0 1
    outer loop
      vertex 14.8 13.1 9.2
      vertex 8.46872 -6.09465 9.2
      vertex 8.57979 -6.24442 9.2
    endloop
  endfacet
  facet normal 0 0 1
    outer loop
      vertex 14.8 13.1 9.2
      vertex 8.3435 -5.9565 9.2
      vertex 8.46872 -6.09465 9.2
    endloop
  endfacet
  facet normal 0 -0 1
    outer loop
      vertex 8.20535 -5.83128 9.2
      vertex 14.8 13.1 9.2
      vertex 5.11136 -1.0828 9.2
    endloop
  endfacet
  facet normal 0 0 1
    outer loop
      vertex 14.8 13.1 9.2
      vertex 8.20535 -5.83128 9.2
      vertex 8.3435 -5.9565 9.2
    endloop
  endfacet
  facet normal -0 -0 1
    outer loop
      vertex 5.28262 -1.56143 9.2
      vertex 8.20535 -5.83128 9.2
      vertex 5.11136 -1.0828 9.2
    endloop
  endfacet
  facet normal -0 -0 1
    outer loop
      vertex 5.29427 -1.594 9.2
      vertex 8.20535 -5.83128 9.2
      vertex 5.28262 -1.56143 9.2
    endloop
  endfacet
  facet normal 0 0 1
    outer loop
      vertex 8.20535 -5.83128 9.2
      vertex 5.29427 -1.594 9.2
      vertex 8.05558 -5.72021 9.2
    endloop
  endfacet
  facet normal -0 -0 1
    outer loop
      vertex 5.30268 -1.62756 9.2
      vertex 8.05558 -5.72021 9.2
      vertex 5.29427 -1.594 9.2
    endloop
  endfacet
  facet normal -0 -0 1
    outer loop
      vertex 5.42619 -2.12066 9.2
      vertex 8.05558 -5.72021 9.2
      vertex 5.30268 -1.62756 9.2
    endloop
  endfacet
  facet normal -0 -0 1
    outer loop
      vertex 5.43127 -2.15488 9.2
      vertex 7.89565 -5.62435 9.2
      vertex 5.42619 -2.12066 9.2
    endloop
  endfacet
  facet normal -0 -0 1
    outer loop
      vertex 5.50586 -2.65772 9.2
      vertex 7.7271 -5.54463 9.2
      vertex 5.43127 -2.15488 9.2
    endloop
  endfacet
  facet normal 0 0 1
    outer loop
      vertex 7.7271 -5.54463 9.2
      vertex 5.50586 -2.65772 9.2
      vertex 7.55154 -5.48181 9.2
    endloop
  endfacet
  facet normal -0 -0 1
    outer loop
      vertex 5.50756 -2.69227 9.2
      vertex 7.55154 -5.48181 9.2
      vertex 5.50586 -2.65772 9.2
    endloop
  endfacet
  facet normal 0 0 1
    outer loop
      vertex 7.37067 -5.43651 9.2
      vertex 5.5325 -3.2 9.2
      vertex 7.18623 -5.40915 9.2
    endloop
  endfacet
  facet normal -0 0 1
    outer loop
      vertex 5.50756 -3.70773 9.2
      vertex 7.18623 -5.40915 9.2
      vertex 5.5325 -3.2 9.2
    endloop
  endfacet
  facet normal -0 0 1
    outer loop
      vertex 5.50078 -3.7765 9.2
      vertex 7 -5.4 9.2
      vertex 5.50586 -3.74228 9.2
    endloop
  endfacet
  facet normal 0 0 1
    outer loop
      vertex 7 -5.4 9.2
      vertex 5.50078 -3.7765 9.2
      vertex 6.81377 -5.40915 9.2
    endloop
  endfacet
  facet normal -0 0 1
    outer loop
      vertex 5.42619 -4.27934 9.2
      vertex 6.81377 -5.40915 9.2
      vertex 5.50078 -3.7765 9.2
    endloop
  endfacet
  facet normal -0 0 1
    outer loop
      vertex 5.30268 -4.77244 9.2
      vertex 6.44846 -5.48181 9.2
      vertex 5.42619 -4.27934 9.2
    endloop
  endfacet
  facet normal 0 0 1
    outer loop
      vertex 6.62933 -5.43651 9.2
      vertex 5.42619 -4.27934 9.2
      vertex 6.44846 -5.48181 9.2
    endloop
  endfacet
  facet normal 0 0 1
    outer loop
      vertex 6.81377 -5.40915 9.2
      vertex 5.42619 -4.27934 9.2
      vertex 6.62933 -5.43651 9.2
    endloop
  endfacet
  facet normal -0 0 1
    outer loop
      vertex 5.50586 -3.74228 9.2
      vertex 7 -5.4 9.2
      vertex 5.50756 -3.70773 9.2
    endloop
  endfacet
  facet normal 0 0 1
    outer loop
      vertex 7.18623 -5.40915 9.2
      vertex 5.50756 -3.70773 9.2
      vertex 7 -5.4 9.2
    endloop
  endfacet
  facet normal 0 0 1
    outer loop
      vertex 7.55154 -5.48181 9.2
      vertex 5.5325 -3.2 9.2
      vertex 7.37067 -5.43651 9.2
    endloop
  endfacet
  facet normal -0 -0 1
    outer loop
      vertex 5.5325 -3.2 9.2
      vertex 7.55154 -5.48181 9.2
      vertex 5.50756 -2.69227 9.2
    endloop
  endfacet
  facet normal 0 0 1
    outer loop
      vertex 7.89565 -5.62435 9.2
      vertex 5.43127 -2.15488 9.2
      vertex 7.7271 -5.54463 9.2
    endloop
  endfacet
  facet normal 0 0 1
    outer loop
      vertex 8.05558 -5.72021 9.2
      vertex 5.42619 -2.12066 9.2
      vertex 7.89565 -5.62435 9.2
    endloop
  endfacet
  facet normal 0 0 1
    outer loop
      vertex 14.8 13.1 9.2
      vertex 4.89402 -0.623268 9.2
      vertex 5.11136 -1.0828 9.2
    endloop
  endfacet
  facet normal 0 0 1
    outer loop
      vertex 14.8 13.1 9.2
      vertex 4.87923 -0.591997 9.2
      vertex 4.89402 -0.623268 9.2
    endloop
  endfacet
  facet normal 0 0 1
    outer loop
      vertex 14.8 13.1 9.2
      vertex 4.86144 -0.562326 9.2
      vertex 4.87923 -0.591997 9.2
    endloop
  endfacet
  facet normal 0 0 1
    outer loop
      vertex 14.8 13.1 9.2
      vertex 4.6001 -0.126307 9.2
      vertex 4.86144 -0.562326 9.2
    endloop
  endfacet
  facet normal 0 0 1
    outer loop
      vertex 14.8 13.1 9.2
      vertex 2.59999 8.6 9.2
      vertex 4.27668 0.309781 9.2
    endloop
  endfacet
  facet normal 0 0 1
    outer loop
      vertex 14.8 13.1 9.2
      vertex 4.29729 0.281996 9.2
      vertex 4.6001 -0.126307 9.2
    endloop
  endfacet
  facet normal 0 0 1
    outer loop
      vertex 14.8 13.1 9.2
      vertex 4.27668 0.309781 9.2
      vertex 4.29729 0.281996 9.2
    endloop
  endfacet
  facet normal 0 0 1
    outer loop
      vertex 4.27668 0.309781 9.2
      vertex 2.59999 8.6 9.2
      vertex 4.25345 0.335412 9.2
    endloop
  endfacet
  facet normal 0 0 1
    outer loop
      vertex 4.25345 0.335412 9.2
      vertex 2.59999 8.6 9.2
      vertex 3.91207 0.712068 9.2
    endloop
  endfacet
  facet normal 0 0 1
    outer loop
      vertex 3.91207 0.712068 9.2
      vertex 2.59999 8.6 9.2
      vertex 3.53541 1.05345 9.2
    endloop
  endfacet
  facet normal 0 0 1
    outer loop
      vertex 3.53541 1.05345 9.2
      vertex 2.59999 8.6 9.2
      vertex 3.50978 1.07668 9.2
    endloop
  endfacet
  facet normal 0 0 1
    outer loop
      vertex 3.50978 1.07668 9.2
      vertex 2.59999 8.6 9.2
      vertex 3.482 1.09729 9.2
    endloop
  endfacet
  facet normal 0 0 1
    outer loop
      vertex 3.482 1.09729 9.2
      vertex 2.59999 8.6 9.2
      vertex 3.07369 1.40011 9.2
    endloop
  endfacet
  facet normal 0 0 1
    outer loop
      vertex 3.07369 1.40011 9.2
      vertex 2.59999 8.6 9.2
      vertex 2.63767 1.66145 9.2
    endloop
  endfacet
  facet normal 0 0 1
    outer loop
      vertex 2.63767 1.66145 9.2
      vertex 2.59999 8.6 9.2
      vertex 2.608 1.67923 9.2
    endloop
  endfacet
  facet normal 0 0 1
    outer loop
      vertex 8.59999 19.3 9.2
      vertex 0 13.3 9.2
      vertex 2.59999 8.6 9.2
    endloop
  endfacet
  facet normal 0 0 1
    outer loop
      vertex -2.59999 8.6 9.2
      vertex -2.63767 1.66145 9.2
      vertex -2.608 1.67923 9.2
    endloop
  endfacet
  facet normal 0 0 1
    outer loop
      vertex -2.59999 8.6 9.2
      vertex -3.07369 1.40011 9.2
      vertex -2.63767 1.66145 9.2
    endloop
  endfacet
  facet normal 0 0 1
    outer loop
      vertex -2.59999 8.6 9.2
      vertex -3.482 1.09729 9.2
      vertex -3.07369 1.40011 9.2
    endloop
  endfacet
  facet normal 0 0 1
    outer loop
      vertex -2.59999 8.6 9.2
      vertex -3.50978 1.07668 9.2
      vertex -3.482 1.09729 9.2
    endloop
  endfacet
  facet normal 0 0 1
    outer loop
      vertex -2.59999 8.6 9.2
      vertex -3.53541 1.05345 9.2
      vertex -3.50978 1.07668 9.2
    endloop
  endfacet
  facet normal 0 0 1
    outer loop
      vertex -2.59999 8.6 9.2
      vertex -3.91207 0.712068 9.2
      vertex -3.53541 1.05345 9.2
    endloop
  endfacet
  facet normal 0 0 1
    outer loop
      vertex -2.59999 8.6 9.2
      vertex -4.25345 0.335412 9.2
      vertex -3.91207 0.712068 9.2
    endloop
  endfacet
  facet normal 0 0 1
    outer loop
      vertex -2.59999 8.6 9.2
      vertex -4.27668 0.309781 9.2
      vertex -4.25345 0.335412 9.2
    endloop
  endfacet
  facet normal 0 0 1
    outer loop
      vertex -14.8 13.1 9.2
      vertex -4.27668 0.309781 9.2
      vertex -2.59999 8.6 9.2
    endloop
  endfacet
  facet normal 0 0 1
    outer loop
      vertex -4.27668 0.309781 9.2
      vertex -14.8 13.1 9.2
      vertex -4.29729 0.281996 9.2
    endloop
  endfacet
  facet normal 0 0 1
    outer loop
      vertex -4.29729 0.281996 9.2
      vertex -14.8 13.1 9.2
      vertex -4.6001 -0.126307 9.2
    endloop
  endfacet
  facet normal 0 0 1
    outer loop
      vertex -4.6001 -0.126307 9.2
      vertex -14.8 13.1 9.2
      vertex -4.86144 -0.562326 9.2
    endloop
  endfacet
  facet normal 0 0 1
    outer loop
      vertex -4.86144 -0.562326 9.2
      vertex -14.8 13.1 9.2
      vertex -4.87923 -0.591997 9.2
    endloop
  endfacet
  facet normal 0 0 1
    outer loop
      vertex -4.87923 -0.591997 9.2
      vertex -14.8 13.1 9.2
      vertex -4.89402 -0.623268 9.2
    endloop
  endfacet
  facet normal 0 0 1
    outer loop
      vertex -4.89402 -0.623268 9.2
      vertex -14.8 13.1 9.2
      vertex -5.11136 -1.0828 9.2
    endloop
  endfacet
  facet normal 0 0 1
    outer loop
      vertex -5.11136 -1.0828 9.2
      vertex -14.8 13.1 9.2
      vertex -5.28262 -1.56143 9.2
    endloop
  endfacet
  facet normal 0 0 1
    outer loop
      vertex -14.8 13.1 9.2
      vertex -5.30268 -1.62756 9.2
      vertex -5.29427 -1.594 9.2
    endloop
  endfacet
  facet normal 0 0 1
    outer loop
      vertex -14.8 -13.1 9.2
      vertex -5.43127 -2.15488 9.2
      vertex -5.42619 -2.12066 9.2
    endloop
  endfacet
  facet normal 0 0 1
    outer loop
      vertex -5.43127 -2.15488 9.2
      vertex -14.8 -13.1 9.2
      vertex -5.50586 -2.65772 9.2
    endloop
  endfacet
  facet normal 0 0 1
    outer loop
      vertex -14.8 -13.1 9.2
      vertex -5.42619 -2.12066 9.2
      vertex -14.8 13.1 9.2
    endloop
  endfacet
  facet normal 0 0 1
    outer loop
      vertex -5.30268 -1.62756 9.2
      vertex -14.8 13.1 9.2
      vertex -5.42619 -2.12066 9.2
    endloop
  endfacet
  facet normal 0 0 1
    outer loop
      vertex -5.28262 -1.56143 9.2
      vertex -14.8 13.1 9.2
      vertex -5.29427 -1.594 9.2
    endloop
  endfacet
  facet normal -0 0 1
    outer loop
      vertex -14.8 13.1 9.2
      vertex -2.59999 8.6 9.2
      vertex -8.59999 19.3 9.2
    endloop
  endfacet
  facet normal 0 0 1
    outer loop
      vertex 0 13.3 9.2
      vertex -8.59999 19.3 9.2
      vertex -2.59999 8.6 9.2
    endloop
  endfacet
  facet normal -0 0 1
    outer loop
      vertex -8.59999 19.3 9.2
      vertex 0 13.3 9.2
      vertex 8.59999 19.3 9.2
    endloop
  endfacet
  facet normal 0 0 1
    outer loop
      vertex 14.533 -14.8997 9.2
      vertex 7.7271 -9.05537 9.2
      vertex 14.328 -15.4726 9.2
    endloop
  endfacet
  facet normal 0 0 1
    outer loop
      vertex 14.328 -15.4726 9.2
      vertex 7.7271 -9.05537 9.2
      vertex 14.0679 -16.0226 9.2
    endloop
  endfacet
  facet normal 0 0 1
    outer loop
      vertex 14.0679 -16.0226 9.2
      vertex 7.7271 -9.05537 9.2
      vertex 13.7551 -16.5445 9.2
    endloop
  endfacet
  facet normal 0 0 1
    outer loop
      vertex 13.7551 -16.5445 9.2
      vertex 7.7271 -9.05537 9.2
      vertex 13.3927 -17.0332 9.2
    endloop
  endfacet
  facet normal 0 0 1
    outer loop
      vertex 13.3927 -17.0332 9.2
      vertex 7.7271 -9.05537 9.2
      vertex 12.9841 -17.4841 9.2
    endloop
  endfacet
  facet normal 0 0 1
    outer loop
      vertex 12.9841 -17.4841 9.2
      vertex 7.7271 -9.05537 9.2
      vertex 12.5332 -17.8927 9.2
    endloop
  endfacet
  facet normal -0 0 1
    outer loop
      vertex 7.55154 -9.11819 9.2
      vertex 12.5332 -17.8927 9.2
      vertex 7.7271 -9.05537 9.2
    endloop
  endfacet
  facet normal 0 0 1
    outer loop
      vertex 12.5332 -17.8927 9.2
      vertex 7.55154 -9.11819 9.2
      vertex 12.0445 -18.2551 9.2
    endloop
  endfacet
  facet normal 0 0 1
    outer loop
      vertex 12.0445 -18.2551 9.2
      vertex 7.55154 -9.11819 9.2
      vertex 11.5226 -18.5679 9.2
    endloop
  endfacet
  facet normal 0 0 1
    outer loop
      vertex 11.5226 -18.5679 9.2
      vertex 7.55154 -9.11819 9.2
      vertex 10.9726 -18.828 9.2
    endloop
  endfacet
  facet normal 0 0 1
    outer loop
      vertex 10.9726 -18.828 9.2
      vertex 7.55154 -9.11819 9.2
      vertex 10.3997 -19.033 9.2
    endloop
  endfacet
  facet normal 0 0 1
    outer loop
      vertex 10.3997 -19.033 9.2
      vertex 7.55154 -9.11819 9.2
      vertex 9.80956 -19.1809 9.2
    endloop
  endfacet
  facet normal 0 0 1
    outer loop
      vertex 9.80956 -19.1809 9.2
      vertex 7.55154 -9.11819 9.2
      vertex 9.2077 -19.2701 9.2
    endloop
  endfacet
  facet normal -0 0 1
    outer loop
      vertex 7.37067 -9.16349 9.2
      vertex 9.2077 -19.2701 9.2
      vertex 7.55154 -9.11819 9.2
    endloop
  endfacet
  facet normal 0 0 1
    outer loop
      vertex 9.2077 -19.2701 9.2
      vertex 7.37067 -9.16349 9.2
      vertex 8.59999 -19.3 9.2
    endloop
  endfacet
  facet normal -0 0 1
    outer loop
      vertex 7.18623 -9.19085 9.2
      vertex 8.59999 -19.3 9.2
      vertex 7.37067 -9.16349 9.2
    endloop
  endfacet
  facet normal -0 0 1
    outer loop
      vertex 7 -9.2 9.2
      vertex 8.59999 -19.3 9.2
      vertex 7.18623 -9.19085 9.2
    endloop
  endfacet
  facet normal 0 0 1
    outer loop
      vertex 6.81377 -9.19085 9.2
      vertex 8.59999 -19.3 9.2
      vertex 7 -9.2 9.2
    endloop
  endfacet
  facet normal 0 0 1
    outer loop
      vertex 6.62933 -9.16349 9.2
      vertex 8.59999 -19.3 9.2
      vertex 6.81377 -9.19085 9.2
    endloop
  endfacet
  facet normal 0 0 1
    outer loop
      vertex 6.44846 -9.11819 9.2
      vertex 8.59999 -19.3 9.2
      vertex 6.62933 -9.16349 9.2
    endloop
  endfacet
  facet normal 0 0 1
    outer loop
      vertex 6.2729 -9.05537 9.2
      vertex 8.59999 -19.3 9.2
      vertex 6.44846 -9.11819 9.2
    endloop
  endfacet
  facet normal 0 0 1
    outer loop
      vertex 6.10435 -8.97565 9.2
      vertex 8.59999 -19.3 9.2
      vertex 6.2729 -9.05537 9.2
    endloop
  endfacet
  facet normal 0 0 1
    outer loop
      vertex 1.606 -8.49427 9.2
      vertex 6.10435 -8.97565 9.2
      vertex 5.94442 -8.87979 9.2
    endloop
  endfacet
  facet normal 0 0 1
    outer loop
      vertex 2.1172 -8.31136 9.2
      vertex 5.94442 -8.87979 9.2
      vertex 5.79465 -8.76872 9.2
    endloop
  endfacet
  facet normal 0 0 1
    outer loop
      vertex 2.1172 -8.31136 9.2
      vertex 5.79465 -8.76872 9.2
      vertex 5.6565 -8.6435 9.2
    endloop
  endfacet
  facet normal 0 0 1
    outer loop
      vertex 2.608 -8.07923 9.2
      vertex 5.6565 -8.6435 9.2
      vertex 5.53128 -8.50535 9.2
    endloop
  endfacet
  facet normal 0 0 1
    outer loop
      vertex 3.04402 -7.81789 9.2
      vertex 5.53128 -8.50535 9.2
      vertex 5.42021 -8.35558 9.2
    endloop
  endfacet
  facet normal 0 0 1
    outer loop
      vertex 3.07369 -7.80011 9.2
      vertex 5.42021 -8.35558 9.2
      vertex 5.32435 -8.19565 9.2
    endloop
  endfacet
  facet normal 0 0 1
    outer loop
      vertex 3.10148 -7.7795 9.2
      vertex 5.32435 -8.19565 9.2
      vertex 5.24463 -8.0271 9.2
    endloop
  endfacet
  facet normal 0 0 1
    outer loop
      vertex 3.50978 -7.47668 9.2
      vertex 5.24463 -8.0271 9.2
      vertex 5.18181 -7.85154 9.2
    endloop
  endfacet
  facet normal -0 0 1
    outer loop
      vertex 4.29729 -6.68199 9.2
      vertex 5.18181 -6.74846 9.2
      vertex 4.6001 -6.27369 9.2
    endloop
  endfacet
  facet normal 0 0 1
    outer loop
      vertex 5.18181 -6.74846 9.2
      vertex 4.29729 -6.68199 9.2
      vertex 5.13651 -6.92933 9.2
    endloop
  endfacet
  facet normal 0 0 1
    outer loop
      vertex 5.13651 -6.92933 9.2
      vertex 4.29729 -6.68199 9.2
      vertex 5.10915 -7.11377 9.2
    endloop
  endfacet
  facet normal -0 0 1
    outer loop
      vertex 4.27668 -6.70978 9.2
      vertex 5.10915 -7.11377 9.2
      vertex 4.29729 -6.68199 9.2
    endloop
  endfacet
  facet normal 0 0 1
    outer loop
      vertex 5.10915 -7.11377 9.2
      vertex 4.27668 -6.70978 9.2
      vertex 5.1 -7.3 9.2
    endloop
  endfacet
  facet normal -0 0 1
    outer loop
      vertex 3.9353 -7.08644 9.2
      vertex 5.1 -7.3 9.2
      vertex 4.27668 -6.70978 9.2
    endloop
  endfacet
  facet normal 0 0 1
    outer loop
      vertex 5.1 -7.3 9.2
      vertex 3.9353 -7.08644 9.2
      vertex 5.10915 -7.48623 9.2
    endloop
  endfacet
  facet normal -0 0 1
    outer loop
      vertex 3.91207 -7.11207 9.2
      vertex 5.10915 -7.48623 9.2
      vertex 3.9353 -7.08644 9.2
    endloop
  endfacet
  facet normal -0 0 1
    outer loop
      vertex 3.88644 -7.1353 9.2
      vertex 5.10915 -7.48623 9.2
      vertex 3.91207 -7.11207 9.2
    endloop
  endfacet
  facet normal 0 0 1
    outer loop
      vertex 5.10915 -7.48623 9.2
      vertex 3.88644 -7.1353 9.2
      vertex 5.13651 -7.67067 9.2
    endloop
  endfacet
  facet normal -0 0 1
    outer loop
      vertex 3.50978 -7.47668 9.2
      vertex 5.13651 -7.67067 9.2
      vertex 3.88644 -7.1353 9.2
    endloop
  endfacet
  facet normal 0 0 1
    outer loop
      vertex 5.13651 -7.67067 9.2
      vertex 3.50978 -7.47668 9.2
      vertex 5.18181 -7.85154 9.2
    endloop
  endfacet
  facet normal 0 0 1
    outer loop
      vertex 5.24463 -8.0271 9.2
      vertex 3.50978 -7.47668 9.2
      vertex 3.10148 -7.7795 9.2
    endloop
  endfacet
  facet normal 0 0 1
    outer loop
      vertex 5.32435 -8.19565 9.2
      vertex 3.10148 -7.7795 9.2
      vertex 3.07369 -7.80011 9.2
    endloop
  endfacet
  facet normal 0 0 1
    outer loop
      vertex 5.42021 -8.35558 9.2
      vertex 3.07369 -7.80011 9.2
      vertex 3.04402 -7.81789 9.2
    endloop
  endfacet
  facet normal 0 0 1
    outer loop
      vertex 5.53128 -8.50535 9.2
      vertex 3.04402 -7.81789 9.2
      vertex 2.608 -8.07923 9.2
    endloop
  endfacet
  facet normal 0 0 1
    outer loop
      vertex 5.6565 -8.6435 9.2
      vertex 2.608 -8.07923 9.2
      vertex 2.57673 -8.09402 9.2
    endloop
  endfacet
  facet normal 0 0 1
    outer loop
      vertex 5.6565 -8.6435 9.2
      vertex 2.57673 -8.09402 9.2
      vertex 2.1172 -8.31136 9.2
    endloop
  endfacet
  facet normal 0 0 1
    outer loop
      vertex 5.94442 -8.87979 9.2
      vertex 2.1172 -8.31136 9.2
      vertex 2.08462 -8.32302 9.2
    endloop
  endfacet
  facet normal 0 0 1
    outer loop
      vertex 5.94442 -8.87979 9.2
      vertex 2.08462 -8.32302 9.2
      vertex 1.606 -8.49427 9.2
    endloop
  endfacet
  facet normal 0 0 1
    outer loop
      vertex 6.10435 -8.97565 9.2
      vertex 1.606 -8.49427 9.2
      vertex 8.59999 -19.3 9.2
    endloop
  endfacet
  facet normal -0 0 1
    outer loop
      vertex 1.11289 -8.61779 9.2
      vertex 8.59999 -19.3 9.2
      vertex 1.606 -8.49427 9.2
    endloop
  endfacet
  facet normal -0 0 1
    outer loop
      vertex 1.07934 -8.62619 9.2
      vertex 8.59999 -19.3 9.2
      vertex 1.11289 -8.61779 9.2
    endloop
  endfacet
  facet normal -0 0 1
    outer loop
      vertex 0.576498 -8.70078 9.2
      vertex 8.59999 -19.3 9.2
      vertex 1.07934 -8.62619 9.2
    endloop
  endfacet
  facet normal -0 0 1
    outer loop
      vertex 0.54228 -8.70586 9.2
      vertex 8.59999 -19.3 9.2
      vertex 0.576498 -8.70078 9.2
    endloop
  endfacet
  facet normal -0 0 1
    outer loop
      vertex 0.507729 -8.70756 9.2
      vertex 8.59999 -19.3 9.2
      vertex 0.54228 -8.70586 9.2
    endloop
  endfacet
  facet normal -0 0 1
    outer loop
      vertex 0 -8.7325 9.2
      vertex 8.59999 -19.3 9.2
      vertex 0.507729 -8.70756 9.2
    endloop
  endfacet
  facet normal 0 0 1
    outer loop
      vertex -8.59999 -19.3 9.2
      vertex 0 -8.7325 9.2
      vertex -0.507729 -8.70756 9.2
    endloop
  endfacet
  facet normal 0 0 1
    outer loop
      vertex -8.59999 -19.3 9.2
      vertex -0.507729 -8.70756 9.2
      vertex -0.54228 -8.70586 9.2
    endloop
  endfacet
  facet normal 0 0 1
    outer loop
      vertex -8.59999 -19.3 9.2
      vertex -0.54228 -8.70586 9.2
      vertex -0.576498 -8.70078 9.2
    endloop
  endfacet
  facet normal 0 0 1
    outer loop
      vertex -8.59999 -19.3 9.2
      vertex -0.576498 -8.70078 9.2
      vertex -1.07934 -8.62619 9.2
    endloop
  endfacet
  facet normal 0 0 1
    outer loop
      vertex -8.59999 -19.3 9.2
      vertex -1.07934 -8.62619 9.2
      vertex -1.11289 -8.61779 9.2
    endloop
  endfacet
  facet normal 0 0 1
    outer loop
      vertex -8.59999 -19.3 9.2
      vertex -1.11289 -8.61779 9.2
      vertex -1.606 -8.49427 9.2
    endloop
  endfacet
  facet normal 0 0 1
    outer loop
      vertex -8.59999 -19.3 9.2
      vertex -1.606 -8.49427 9.2
      vertex -2.08462 -8.32302 9.2
    endloop
  endfacet
  facet normal 0 0 1
    outer loop
      vertex -8.59999 -19.3 9.2
      vertex -2.08462 -8.32302 9.2
      vertex -2.1172 -8.31136 9.2
    endloop
  endfacet
  facet normal 0 0 1
    outer loop
      vertex -8.59999 -19.3 9.2
      vertex -2.1172 -8.31136 9.2
      vertex -2.57673 -8.09402 9.2
    endloop
  endfacet
  facet normal 0 0 1
    outer loop
      vertex -8.59999 -19.3 9.2
      vertex -2.57673 -8.09402 9.2
      vertex -2.608 -8.07923 9.2
    endloop
  endfacet
  facet normal 0 0 1
    outer loop
      vertex -8.59999 -19.3 9.2
      vertex -2.608 -8.07923 9.2
      vertex -3.04402 -7.81789 9.2
    endloop
  endfacet
  facet normal 0 0 1
    outer loop
      vertex -8.59999 -19.3 9.2
      vertex -3.04402 -7.81789 9.2
      vertex -3.07369 -7.80011 9.2
    endloop
  endfacet
  facet normal 0 0 1
    outer loop
      vertex -8.59999 -19.3 9.2
      vertex -3.07369 -7.80011 9.2
      vertex -3.10148 -7.7795 9.2
    endloop
  endfacet
  facet normal 0 0 1
    outer loop
      vertex -8.59999 -19.3 9.2
      vertex -3.10148 -7.7795 9.2
      vertex -3.50978 -7.47668 9.2
    endloop
  endfacet
  facet normal 0 0 1
    outer loop
      vertex -14.8 -13.1 9.2
      vertex -3.50978 -7.47668 9.2
      vertex -3.88644 -7.1353 9.2
    endloop
  endfacet
  facet normal 0 0 1
    outer loop
      vertex -14.8 -13.1 9.2
      vertex -3.88644 -7.1353 9.2
      vertex -3.91207 -7.11207 9.2
    endloop
  endfacet
  facet normal 0 0 1
    outer loop
      vertex -14.8 -13.1 9.2
      vertex -3.9353 -7.08644 9.2
      vertex -4.27668 -6.70978 9.2
    endloop
  endfacet
  facet normal 0 0 1
    outer loop
      vertex -14.8 -13.1 9.2
      vertex -4.29729 -6.68199 9.2
      vertex -4.6001 -6.27369 9.2
    endloop
  endfacet
  facet normal 0 0 1
    outer loop
      vertex -14.8 -13.1 9.2
      vertex -5.28262 -4.83857 9.2
      vertex -5.29427 -4.806 9.2
    endloop
  endfacet
  facet normal 0 0 1
    outer loop
      vertex -14.8 -13.1 9.2
      vertex -5.30268 -4.77244 9.2
      vertex -5.42619 -4.27934 9.2
    endloop
  endfacet
  facet normal 0 0 1
    outer loop
      vertex -5.50586 -2.65772 9.2
      vertex -14.8 -13.1 9.2
      vertex -5.50756 -2.69227 9.2
    endloop
  endfacet
  facet normal 0 0 1
    outer loop
      vertex -5.50756 -2.69227 9.2
      vertex -14.8 -13.1 9.2
      vertex -5.5325 -3.2 9.2
    endloop
  endfacet
  facet normal 0 0 1
    outer loop
      vertex 0 -8.7325 9.2
      vertex -8.59999 -19.3 9.2
      vertex 8.59999 -19.3 9.2
    endloop
  endfacet
  facet normal 0 0 1
    outer loop
      vertex -3.9353 -7.08644 9.2
      vertex -14.8 -13.1 9.2
      vertex -3.91207 -7.11207 9.2
    endloop
  endfacet
  facet normal 0 0 1
    outer loop
      vertex -4.29729 -6.68199 9.2
      vertex -14.8 -13.1 9.2
      vertex -4.27668 -6.70978 9.2
    endloop
  endfacet
  facet normal 0 0 1
    outer loop
      vertex -14.8 -13.1 9.2
      vertex -4.6001 -6.27369 9.2
      vertex -4.86144 -5.83767 9.2
    endloop
  endfacet
  facet normal 0 0 1
    outer loop
      vertex -14.8 -13.1 9.2
      vertex -4.86144 -5.83767 9.2
      vertex -4.87923 -5.808 9.2
    endloop
  endfacet
  facet normal 0 0 1
    outer loop
      vertex -14.8 -13.1 9.2
      vertex -4.87923 -5.808 9.2
      vertex -4.89402 -5.77673 9.2
    endloop
  endfacet
  facet normal 0 0 1
    outer loop
      vertex -14.8 -13.1 9.2
      vertex -4.89402 -5.77673 9.2
      vertex -5.11136 -5.3172 9.2
    endloop
  endfacet
  facet normal 0 0 1
    outer loop
      vertex -5.28262 -4.83857 9.2
      vertex -14.8 -13.1 9.2
      vertex -5.11136 -5.3172 9.2
    endloop
  endfacet
  facet normal 0 0 1
    outer loop
      vertex -5.30268 -4.77244 9.2
      vertex -14.8 -13.1 9.2
      vertex -5.29427 -4.806 9.2
    endloop
  endfacet
  facet normal 0 0 1
    outer loop
      vertex -14.8 -13.1 9.2
      vertex -5.42619 -4.27934 9.2
      vertex -5.50078 -3.7765 9.2
    endloop
  endfacet
  facet normal 0 0 1
    outer loop
      vertex -14.8 -13.1 9.2
      vertex -5.50078 -3.7765 9.2
      vertex -5.50586 -3.74228 9.2
    endloop
  endfacet
  facet normal 0 0 1
    outer loop
      vertex -5.5325 -3.2 9.2
      vertex -14.8 -13.1 9.2
      vertex -5.50756 -3.70773 9.2
    endloop
  endfacet
  facet normal 0 0 1
    outer loop
      vertex -14.8 13.1 9.2
      vertex -8.59999 19.3 9.2
      vertex -9.2077 19.2701 9.2
    endloop
  endfacet
  facet normal 0 0 1
    outer loop
      vertex -5.50756 -3.70773 9.2
      vertex -14.8 -13.1 9.2
      vertex -5.50586 -3.74228 9.2
    endloop
  endfacet
  facet normal 0 0 1
    outer loop
      vertex -14.8 13.1 9.2
      vertex -9.2077 19.2701 9.2
      vertex -9.80956 19.1809 9.2
    endloop
  endfacet
  facet normal 0 0 1
    outer loop
      vertex -3.50978 -7.47668 9.2
      vertex -14.8 -13.1 9.2
      vertex -8.59999 -19.3 9.2
    endloop
  endfacet
  facet normal 0 0 1
    outer loop
      vertex -14.8 13.1 9.2
      vertex -9.80956 19.1809 9.2
      vertex -10.3997 19.033 9.2
    endloop
  endfacet
  facet normal 0 0 1
    outer loop
      vertex -8.59999 -19.3 9.2
      vertex -14.8 -13.1 9.2
      vertex -9.2077 -19.2701 9.2
    endloop
  endfacet
  facet normal 0 0 1
    outer loop
      vertex -14.8 13.1 9.2
      vertex -10.3997 19.033 9.2
      vertex -10.9726 18.828 9.2
    endloop
  endfacet
  facet normal 0 0 1
    outer loop
      vertex -9.2077 -19.2701 9.2
      vertex -14.8 -13.1 9.2
      vertex -9.80956 -19.1809 9.2
    endloop
  endfacet
  facet normal 0 0 1
    outer loop
      vertex -14.8 13.1 9.2
      vertex -10.9726 18.828 9.2
      vertex -11.5226 18.5679 9.2
    endloop
  endfacet
  facet normal 0 0 1
    outer loop
      vertex -9.80956 -19.1809 9.2
      vertex -14.8 -13.1 9.2
      vertex -10.3997 -19.033 9.2
    endloop
  endfacet
  facet normal 0 0 1
    outer loop
      vertex -14.8 13.1 9.2
      vertex -11.5226 18.5679 9.2
      vertex -12.0445 18.2551 9.2
    endloop
  endfacet
  facet normal 0 0 1
    outer loop
      vertex -10.3997 -19.033 9.2
      vertex -14.8 -13.1 9.2
      vertex -10.9726 -18.828 9.2
    endloop
  endfacet
  facet normal 0 0 1
    outer loop
      vertex -14.8 13.1 9.2
      vertex -12.0445 18.2551 9.2
      vertex -12.5332 17.8927 9.2
    endloop
  endfacet
  facet normal 0 0 1
    outer loop
      vertex -10.9726 -18.828 9.2
      vertex -14.8 -13.1 9.2
      vertex -11.5226 -18.5679 9.2
    endloop
  endfacet
  facet normal 0 0 1
    outer loop
      vertex -14.8 13.1 9.2
      vertex -12.5332 17.8927 9.2
      vertex -12.9841 17.4841 9.2
    endloop
  endfacet
  facet normal 0 0 1
    outer loop
      vertex -11.5226 -18.5679 9.2
      vertex -14.8 -13.1 9.2
      vertex -12.0445 -18.2551 9.2
    endloop
  endfacet
  facet normal 0 0 1
    outer loop
      vertex -14.8 13.1 9.2
      vertex -12.9841 17.4841 9.2
      vertex -13.3927 17.0332 9.2
    endloop
  endfacet
  facet normal 0 0 1
    outer loop
      vertex -12.0445 -18.2551 9.2
      vertex -14.8 -13.1 9.2
      vertex -12.5332 -17.8927 9.2
    endloop
  endfacet
  facet normal 0 0 1
    outer loop
      vertex -14.8 13.1 9.2
      vertex -13.3927 17.0332 9.2
      vertex -13.7551 16.5445 9.2
    endloop
  endfacet
  facet normal 0 0 1
    outer loop
      vertex -12.5332 -17.8927 9.2
      vertex -14.8 -13.1 9.2
      vertex -12.9841 -17.4841 9.2
    endloop
  endfacet
  facet normal 0 0 1
    outer loop
      vertex -14.8 13.1 9.2
      vertex -13.7551 16.5445 9.2
      vertex -14.0679 16.0226 9.2
    endloop
  endfacet
  facet normal 0 0 1
    outer loop
      vertex -12.9841 -17.4841 9.2
      vertex -14.8 -13.1 9.2
      vertex -13.3927 -17.0332 9.2
    endloop
  endfacet
  facet normal 0 0 1
    outer loop
      vertex -14.8 13.1 9.2
      vertex -14.0679 16.0226 9.2
      vertex -14.328 15.4726 9.2
    endloop
  endfacet
  facet normal 0 0 1
    outer loop
      vertex -13.3927 -17.0332 9.2
      vertex -14.8 -13.1 9.2
      vertex -13.7551 -16.5445 9.2
    endloop
  endfacet
  facet normal 0 0 1
    outer loop
      vertex -14.8 13.1 9.2
      vertex -14.328 15.4726 9.2
      vertex -14.533 14.8997 9.2
    endloop
  endfacet
  facet normal 0 0 1
    outer loop
      vertex -13.7551 -16.5445 9.2
      vertex -14.8 -13.1 9.2
      vertex -14.0679 -16.0226 9.2
    endloop
  endfacet
  facet normal 0 0 1
    outer loop
      vertex -14.8 13.1 9.2
      vertex -14.533 14.8997 9.2
      vertex -14.6809 14.3096 9.2
    endloop
  endfacet
  facet normal 0 0 1
    outer loop
      vertex -14.0679 -16.0226 9.2
      vertex -14.8 -13.1 9.2
      vertex -14.328 -15.4726 9.2
    endloop
  endfacet
  facet normal 0 0 1
    outer loop
      vertex -14.8 13.1 9.2
      vertex -14.6809 14.3096 9.2
      vertex -14.7701 13.7077 9.2
    endloop
  endfacet
  facet normal 0 0 1
    outer loop
      vertex -14.328 -15.4726 9.2
      vertex -14.8 -13.1 9.2
      vertex -14.533 -14.8997 9.2
    endloop
  endfacet
  facet normal 0 0 1
    outer loop
      vertex -14.533 -14.8997 9.2
      vertex -14.8 -13.1 9.2
      vertex -14.6809 -14.3096 9.2
    endloop
  endfacet
  facet normal 0 0 1
    outer loop
      vertex -14.6809 -14.3096 9.2
      vertex -14.8 -13.1 9.2
      vertex -14.7701 -13.7077 9.2
    endloop
  endfacet
  facet normal 0 0 1
    outer loop
      vertex 6.44846 -5.48181 9.2
      vertex 5.30268 -4.77244 9.2
      vertex 6.2729 -5.54463 9.2
    endloop
  endfacet
  facet normal -0 0 1
    outer loop
      vertex 5.29427 -4.806 9.2
      vertex 6.2729 -5.54463 9.2
      vertex 5.30268 -4.77244 9.2
    endloop
  endfacet
  facet normal 0 0 1
    outer loop
      vertex 6.2729 -5.54463 9.2
      vertex 5.29427 -4.806 9.2
      vertex 6.10435 -5.62435 9.2
    endloop
  endfacet
  facet normal -0 0 1
    outer loop
      vertex 5.28262 -4.83857 9.2
      vertex 6.10435 -5.62435 9.2
      vertex 5.29427 -4.806 9.2
    endloop
  endfacet
  facet normal 0 0 1
    outer loop
      vertex 6.10435 -5.62435 9.2
      vertex 5.28262 -4.83857 9.2
      vertex 5.94442 -5.72021 9.2
    endloop
  endfacet
  facet normal -0 0 1
    outer loop
      vertex 5.11136 -5.3172 9.2
      vertex 5.94442 -5.72021 9.2
      vertex 5.28262 -4.83857 9.2
    endloop
  endfacet
  facet normal 0 0 1
    outer loop
      vertex 5.94442 -5.72021 9.2
      vertex 5.11136 -5.3172 9.2
      vertex 5.79465 -5.83128 9.2
    endloop
  endfacet
  facet normal 0 0 1
    outer loop
      vertex 5.79465 -5.83128 9.2
      vertex 5.11136 -5.3172 9.2
      vertex 5.6565 -5.9565 9.2
    endloop
  endfacet
  facet normal -0 0 1
    outer loop
      vertex 4.89402 -5.77673 9.2
      vertex 5.6565 -5.9565 9.2
      vertex 5.11136 -5.3172 9.2
    endloop
  endfacet
  facet normal 0 0 1
    outer loop
      vertex 5.6565 -5.9565 9.2
      vertex 4.89402 -5.77673 9.2
      vertex 5.53128 -6.09465 9.2
    endloop
  endfacet
  facet normal -0 0 1
    outer loop
      vertex 4.87923 -5.808 9.2
      vertex 5.53128 -6.09465 9.2
      vertex 4.89402 -5.77673 9.2
    endloop
  endfacet
  facet normal 0 0 1
    outer loop
      vertex 5.53128 -6.09465 9.2
      vertex 4.87923 -5.808 9.2
      vertex 5.42021 -6.24442 9.2
    endloop
  endfacet
  facet normal -0 0 1
    outer loop
      vertex 4.86144 -5.83767 9.2
      vertex 5.42021 -6.24442 9.2
      vertex 4.87923 -5.808 9.2
    endloop
  endfacet
  facet normal 0 0 1
    outer loop
      vertex 5.42021 -6.24442 9.2
      vertex 4.86144 -5.83767 9.2
      vertex 5.32435 -6.40435 9.2
    endloop
  endfacet
  facet normal -0 0 1
    outer loop
      vertex 4.6001 -6.27369 9.2
      vertex 5.32435 -6.40435 9.2
      vertex 4.86144 -5.83767 9.2
    endloop
  endfacet
  facet normal 0 0 1
    outer loop
      vertex 5.32435 -6.40435 9.2
      vertex 4.6001 -6.27369 9.2
      vertex 5.24463 -6.5729 9.2
    endloop
  endfacet
  facet normal 0 0 1
    outer loop
      vertex 5.24463 -6.5729 9.2
      vertex 4.6001 -6.27369 9.2
      vertex 5.18181 -6.74846 9.2
    endloop
  endfacet
  facet normal 0.595652 0.803243 -0
    outer loop
      vertex 12.5332 17.8927 0
      vertex 12.0445 18.2551 9.2
      vertex 12.5332 17.8927 9.2
    endloop
  endfacet
  facet normal 0.595652 0.803243 0
    outer loop
      vertex 12.0445 18.2551 9.2
      vertex 12.5332 17.8927 0
      vertex 12.0445 18.2551 0
    endloop
  endfacet
  facet normal 0.969997 -0.243116 0
    outer loop
      vertex 14.533 -14.8997 9.2
      vertex 14.6809 -14.3096 0
      vertex 14.6809 -14.3096 9.2
    endloop
  endfacet
  facet normal 0.969997 -0.243116 0
    outer loop
      vertex 14.6809 -14.3096 0
      vertex 14.533 -14.8997 9.2
      vertex 14.533 -14.8997 0
    endloop
  endfacet
  facet normal 0.803243 0.595652 0
    outer loop
      vertex 13.7551 16.5445 9.2
      vertex 13.3927 17.0332 0
      vertex 13.3927 17.0332 9.2
    endloop
  endfacet
  facet normal 0.803243 0.595652 0
    outer loop
      vertex 13.3927 17.0332 0
      vertex 13.7551 16.5445 9.2
      vertex 13.7551 16.5445 0
    endloop
  endfacet
  facet normal 0.904009 0.427514 0
    outer loop
      vertex 14.328 15.4726 9.2
      vertex 14.0679 16.0226 0
      vertex 14.0679 16.0226 9.2
    endloop
  endfacet
  facet normal 0.904009 0.427514 0
    outer loop
      vertex 14.0679 16.0226 0
      vertex 14.328 15.4726 9.2
      vertex 14.328 15.4726 0
    endloop
  endfacet
  facet normal -0.904009 0.427514 0
    outer loop
      vertex -14.328 15.4726 0
      vertex -14.0679 16.0226 9.2
      vertex -14.0679 16.0226 0
    endloop
  endfacet
  facet normal -0.904009 0.427514 0
    outer loop
      vertex -14.0679 16.0226 9.2
      vertex -14.328 15.4726 0
      vertex -14.328 15.4726 9.2
    endloop
  endfacet
  facet normal 0.989196 -0.146596 0
    outer loop
      vertex 14.6809 -14.3096 9.2
      vertex 14.7701 -13.7077 0
      vertex 14.7701 -13.7077 9.2
    endloop
  endfacet
  facet normal 0.989196 -0.146596 0
    outer loop
      vertex 14.7701 -13.7077 0
      vertex 14.6809 -14.3096 9.2
      vertex 14.6809 -14.3096 0
    endloop
  endfacet
  facet normal 0.595652 -0.803243 0
    outer loop
      vertex 12.0445 -18.2551 0
      vertex 12.5332 -17.8927 9.2
      vertex 12.0445 -18.2551 9.2
    endloop
  endfacet
  facet normal 0.595652 -0.803243 0
    outer loop
      vertex 12.5332 -17.8927 9.2
      vertex 12.0445 -18.2551 0
      vertex 12.5332 -17.8927 0
    endloop
  endfacet
  facet normal 0.2431 0.970001 -0
    outer loop
      vertex 10.3997 19.033 0
      vertex 9.80956 19.1809 9.2
      vertex 10.3997 19.033 9.2
    endloop
  endfacet
  facet normal 0.2431 0.970001 0
    outer loop
      vertex 9.80956 19.1809 9.2
      vertex 10.3997 19.033 0
      vertex 9.80956 19.1809 0
    endloop
  endfacet
  facet normal -0.336909 0.941537 0
    outer loop
      vertex -10.3997 19.033 0
      vertex -10.9726 18.828 9.2
      vertex -10.3997 19.033 9.2
    endloop
  endfacet
  facet normal -0.336909 0.941537 0
    outer loop
      vertex -10.9726 18.828 9.2
      vertex -10.3997 19.033 0
      vertex -10.9726 18.828 0
    endloop
  endfacet
  facet normal 0.514085 0.857739 -0
    outer loop
      vertex 12.0445 18.2551 0
      vertex 11.5226 18.5679 9.2
      vertex 12.0445 18.2551 9.2
    endloop
  endfacet
  facet normal 0.514085 0.857739 0
    outer loop
      vertex 11.5226 18.5679 9.2
      vertex 12.0445 18.2551 0
      vertex 11.5226 18.5679 0
    endloop
  endfacet
  facet normal -0.998792 0.0491425 0
    outer loop
      vertex -14.8 13.1 0
      vertex -14.7701 13.7077 9.2
      vertex -14.7701 13.7077 0
    endloop
  endfacet
  facet normal -0.998792 0.0491425 0
    outer loop
      vertex -14.7701 13.7077 9.2
      vertex -14.8 13.1 0
      vertex -14.8 13.1 9.2
    endloop
  endfacet
  facet normal 0.998792 -0.0491425 0
    outer loop
      vertex 14.7701 -13.7077 9.2
      vertex 14.8 -13.1 0
      vertex 14.8 -13.1 9.2
    endloop
  endfacet
  facet normal 0.998792 -0.0491425 0
    outer loop
      vertex 14.8 -13.1 0
      vertex 14.7701 -13.7077 9.2
      vertex 14.7701 -13.7077 0
    endloop
  endfacet
  facet normal 0.74101 0.671494 0
    outer loop
      vertex 13.3927 17.0332 9.2
      vertex 12.9841 17.4841 0
      vertex 12.9841 17.4841 9.2
    endloop
  endfacet
  facet normal 0.74101 0.671494 0
    outer loop
      vertex 12.9841 17.4841 0
      vertex 13.3927 17.0332 9.2
      vertex 13.3927 17.0332 0
    endloop
  endfacet
  facet normal 0.427514 0.904009 -0
    outer loop
      vertex 11.5226 18.5679 0
      vertex 10.9726 18.828 9.2
      vertex 11.5226 18.5679 9.2
    endloop
  endfacet
  facet normal 0.427514 0.904009 0
    outer loop
      vertex 10.9726 18.828 9.2
      vertex 11.5226 18.5679 0
      vertex 10.9726 18.828 0
    endloop
  endfacet
  facet normal 0.989196 0.146596 0
    outer loop
      vertex 14.7701 13.7077 9.2
      vertex 14.6809 14.3096 0
      vertex 14.6809 14.3096 9.2
    endloop
  endfacet
  facet normal 0.989196 0.146596 0
    outer loop
      vertex 14.6809 14.3096 0
      vertex 14.7701 13.7077 9.2
      vertex 14.7701 13.7077 0
    endloop
  endfacet
  facet normal 0.336909 0.941537 -0
    outer loop
      vertex 10.9726 18.828 0
      vertex 10.3997 19.033 9.2
      vertex 10.9726 18.828 9.2
    endloop
  endfacet
  facet normal 0.336909 0.941537 0
    outer loop
      vertex 10.3997 19.033 9.2
      vertex 10.9726 18.828 0
      vertex 10.3997 19.033 0
    endloop
  endfacet
  facet normal 0.969997 0.243116 0
    outer loop
      vertex 14.6809 14.3096 9.2
      vertex 14.533 14.8997 0
      vertex 14.533 14.8997 9.2
    endloop
  endfacet
  facet normal 0.969997 0.243116 0
    outer loop
      vertex 14.533 14.8997 0
      vertex 14.6809 14.3096 9.2
      vertex 14.6809 14.3096 0
    endloop
  endfacet
  facet normal -0.803243 -0.595652 0
    outer loop
      vertex -13.3927 -17.0332 0
      vertex -13.7551 -16.5445 9.2
      vertex -13.7551 -16.5445 0
    endloop
  endfacet
  facet normal -0.803243 -0.595652 0
    outer loop
      vertex -13.7551 -16.5445 9.2
      vertex -13.3927 -17.0332 0
      vertex -13.3927 -17.0332 9.2
    endloop
  endfacet
  facet normal -0.941537 0.336909 0
    outer loop
      vertex -14.533 14.8997 0
      vertex -14.328 15.4726 9.2
      vertex -14.328 15.4726 0
    endloop
  endfacet
  facet normal -0.941537 0.336909 0
    outer loop
      vertex -14.328 15.4726 9.2
      vertex -14.533 14.8997 0
      vertex -14.533 14.8997 9.2
    endloop
  endfacet
  facet normal -0.2431 0.970001 0
    outer loop
      vertex -9.80956 19.1809 0
      vertex -10.3997 19.033 9.2
      vertex -9.80956 19.1809 9.2
    endloop
  endfacet
  facet normal -0.2431 0.970001 0
    outer loop
      vertex -10.3997 19.033 9.2
      vertex -9.80956 19.1809 0
      vertex -10.3997 19.033 0
    endloop
  endfacet
  facet normal -0.969997 0.243116 0
    outer loop
      vertex -14.6809 14.3096 0
      vertex -14.533 14.8997 9.2
      vertex -14.533 14.8997 0
    endloop
  endfacet
  facet normal -0.969997 0.243116 0
    outer loop
      vertex -14.533 14.8997 9.2
      vertex -14.6809 14.3096 0
      vertex -14.6809 14.3096 9.2
    endloop
  endfacet
  facet normal 0.904009 -0.427514 0
    outer loop
      vertex 14.0679 -16.0226 9.2
      vertex 14.328 -15.4726 0
      vertex 14.328 -15.4726 9.2
    endloop
  endfacet
  facet normal 0.904009 -0.427514 0
    outer loop
      vertex 14.328 -15.4726 0
      vertex 14.0679 -16.0226 9.2
      vertex 14.0679 -16.0226 0
    endloop
  endfacet
  facet normal 0.336909 -0.941537 0
    outer loop
      vertex 10.3997 -19.033 0
      vertex 10.9726 -18.828 9.2
      vertex 10.3997 -19.033 9.2
    endloop
  endfacet
  facet normal 0.336909 -0.941537 0
    outer loop
      vertex 10.9726 -18.828 9.2
      vertex 10.3997 -19.033 0
      vertex 10.9726 -18.828 0
    endloop
  endfacet
  facet normal 0.671494 0.74101 -0
    outer loop
      vertex 12.9841 17.4841 0
      vertex 12.5332 17.8927 9.2
      vertex 12.9841 17.4841 9.2
    endloop
  endfacet
  facet normal 0.671494 0.74101 0
    outer loop
      vertex 12.5332 17.8927 9.2
      vertex 12.9841 17.4841 0
      vertex 12.5332 17.8927 0
    endloop
  endfacet
  facet normal 0.941537 0.336909 0
    outer loop
      vertex 14.533 14.8997 9.2
      vertex 14.328 15.4726 0
      vertex 14.328 15.4726 9.2
    endloop
  endfacet
  facet normal 0.941537 0.336909 0
    outer loop
      vertex 14.328 15.4726 0
      vertex 14.533 14.8997 9.2
      vertex 14.533 14.8997 0
    endloop
  endfacet
  facet normal 0.2431 -0.970001 0
    outer loop
      vertex 9.80956 -19.1809 0
      vertex 10.3997 -19.033 9.2
      vertex 9.80956 -19.1809 9.2
    endloop
  endfacet
  facet normal 0.2431 -0.970001 0
    outer loop
      vertex 10.3997 -19.033 9.2
      vertex 9.80956 -19.1809 0
      vertex 10.3997 -19.033 0
    endloop
  endfacet
  facet normal 0 0 -1
    outer loop
      vertex 14.6 -13.15 0
      vertex 14.8 -13.1 0
      vertex 14.7701 -13.7077 0
    endloop
  endfacet
  facet normal -0 0 -1
    outer loop
      vertex 14.8 -13.1 0
      vertex 14.6 -13.15 0
      vertex 14.8 13.1 0
    endloop
  endfacet
  facet normal 0 0 -1
    outer loop
      vertex 14.5714 -13.7332 0
      vertex 14.7701 -13.7077 0
      vertex 14.6809 -14.3096 0
    endloop
  endfacet
  facet normal 0 0 -1
    outer loop
      vertex 14.6 13.15 0
      vertex 14.8 13.1 0
      vertex 14.6 -13.15 0
    endloop
  endfacet
  facet normal 0 0 -1
    outer loop
      vertex 14.8 13.1 0
      vertex 14.6 13.15 0
      vertex 14.7701 13.7077 0
    endloop
  endfacet
  facet normal -0 0 -1
    outer loop
      vertex 14.7701 -13.7077 0
      vertex 14.5714 -13.7332 0
      vertex 14.6 -13.15 0
    endloop
  endfacet
  facet normal 0 0 -1
    outer loop
      vertex 14.4857 -14.3108 0
      vertex 14.6809 -14.3096 0
      vertex 14.533 -14.8997 0
    endloop
  endfacet
  facet normal -0 0 -1
    outer loop
      vertex 14.6809 -14.3096 0
      vertex 14.4857 -14.3108 0
      vertex 14.5714 -13.7332 0
    endloop
  endfacet
  facet normal 0 0 -1
    outer loop
      vertex 14.533 -14.8997 0
      vertex 14.3438 -14.8772 0
      vertex 14.4857 -14.3108 0
    endloop
  endfacet
  facet normal 0 0 -1
    outer loop
      vertex 14.328 -15.4726 0
      vertex 14.3438 -14.8772 0
      vertex 14.533 -14.8997 0
    endloop
  endfacet
  facet normal 0 0 -1
    outer loop
      vertex 14.328 -15.4726 0
      vertex 14.1471 -15.427 0
      vertex 14.3438 -14.8772 0
    endloop
  endfacet
  facet normal 0 0 -1
    outer loop
      vertex 14.0679 -16.0226 0
      vertex 14.1471 -15.427 0
      vertex 14.328 -15.4726 0
    endloop
  endfacet
  facet normal 0 0 -1
    outer loop
      vertex 14.0679 -16.0226 0
      vertex 13.8974 -15.9548 0
      vertex 14.1471 -15.427 0
    endloop
  endfacet
  facet normal 0 0 -1
    outer loop
      vertex 13.7551 -16.5445 0
      vertex 13.8974 -15.9548 0
      vertex 14.0679 -16.0226 0
    endloop
  endfacet
  facet normal 0 0 -1
    outer loop
      vertex 13.7551 -16.5445 0
      vertex 13.5972 -16.4556 0
      vertex 13.8974 -15.9548 0
    endloop
  endfacet
  facet normal 0 0 -1
    outer loop
      vertex 13.3927 -17.0332 0
      vertex 13.5972 -16.4556 0
      vertex 13.7551 -16.5445 0
    endloop
  endfacet
  facet normal 0 0 -1
    outer loop
      vertex 13.3927 -17.0332 0
      vertex 13.2494 -16.9246 0
      vertex 13.5972 -16.4556 0
    endloop
  endfacet
  facet normal 0 0 -1
    outer loop
      vertex 12.9841 -17.4841 0
      vertex 13.2494 -16.9246 0
      vertex 13.3927 -17.0332 0
    endloop
  endfacet
  facet normal 0 0 -1
    outer loop
      vertex 12.9841 -17.4841 0
      vertex 12.8573 -17.3573 0
      vertex 13.2494 -16.9246 0
    endloop
  endfacet
  facet normal 0 0 -1
    outer loop
      vertex 12.4246 -17.7494 0
      vertex 12.9841 -17.4841 0
      vertex 12.5332 -17.8927 0
    endloop
  endfacet
  facet normal -0 0 -1
    outer loop
      vertex 12.9841 -17.4841 0
      vertex 12.4246 -17.7494 0
      vertex 12.8573 -17.3573 0
    endloop
  endfacet
  facet normal 0 0 -1
    outer loop
      vertex 11.9556 -18.0972 0
      vertex 12.5332 -17.8927 0
      vertex 12.0445 -18.2551 0
    endloop
  endfacet
  facet normal -0 0 -1
    outer loop
      vertex 12.5332 -17.8927 0
      vertex 11.9556 -18.0972 0
      vertex 12.4246 -17.7494 0
    endloop
  endfacet
  facet normal 0 0 -1
    outer loop
      vertex 11.4548 -18.3974 0
      vertex 12.0445 -18.2551 0
      vertex 11.5226 -18.5679 0
    endloop
  endfacet
  facet normal -0 0 -1
    outer loop
      vertex 12.0445 -18.2551 0
      vertex 11.4548 -18.3974 0
      vertex 11.9556 -18.0972 0
    endloop
  endfacet
  facet normal 0 0 -1
    outer loop
      vertex 10.927 -18.6471 0
      vertex 11.5226 -18.5679 0
      vertex 10.9726 -18.828 0
    endloop
  endfacet
  facet normal -0 0 -1
    outer loop
      vertex 11.5226 -18.5679 0
      vertex 10.927 -18.6471 0
      vertex 11.4548 -18.3974 0
    endloop
  endfacet
  facet normal 0 0 -1
    outer loop
      vertex 10.3772 -18.8438 0
      vertex 10.9726 -18.828 0
      vertex 10.3997 -19.033 0
    endloop
  endfacet
  facet normal -0 0 -1
    outer loop
      vertex 10.9726 -18.828 0
      vertex 10.3772 -18.8438 0
      vertex 10.927 -18.6471 0
    endloop
  endfacet
  facet normal 0 0 -1
    outer loop
      vertex 10.3997 -19.033 0
      vertex 9.81078 -18.9857 0
      vertex 10.3772 -18.8438 0
    endloop
  endfacet
  facet normal 0 0 -1
    outer loop
      vertex 9.80956 -19.1809 0
      vertex 9.81078 -18.9857 0
      vertex 10.3997 -19.033 0
    endloop
  endfacet
  facet normal 0 0 -1
    outer loop
      vertex 9.80956 -19.1809 0
      vertex 9.2332 -19.0714 0
      vertex 9.81078 -18.9857 0
    endloop
  endfacet
  facet normal 0 0 -1
    outer loop
      vertex 9.2077 -19.2701 0
      vertex 9.2332 -19.0714 0
      vertex 9.80956 -19.1809 0
    endloop
  endfacet
  facet normal 0 0 -1
    outer loop
      vertex 9.2077 -19.2701 0
      vertex 8.64999 -19.1 0
      vertex 9.2332 -19.0714 0
    endloop
  endfacet
  facet normal 0 0 -1
    outer loop
      vertex 8.59999 -19.3 0
      vertex 8.64999 -19.1 0
      vertex 9.2077 -19.2701 0
    endloop
  endfacet
  facet normal 0 0 -1
    outer loop
      vertex -8.59999 -19.3 0
      vertex 8.64999 -19.1 0
      vertex 8.59999 -19.3 0
    endloop
  endfacet
  facet normal 0 0 -1
    outer loop
      vertex -8.59999 -19.3 0
      vertex -8.64999 -19.1 0
      vertex 8.64999 -19.1 0
    endloop
  endfacet
  facet normal 0 0 -1
    outer loop
      vertex -9.2077 -19.2701 0
      vertex -8.64999 -19.1 0
      vertex -8.59999 -19.3 0
    endloop
  endfacet
  facet normal 0 0 -1
    outer loop
      vertex -9.2077 -19.2701 0
      vertex -9.2332 -19.0714 0
      vertex -8.64999 -19.1 0
    endloop
  endfacet
  facet normal 0 0 -1
    outer loop
      vertex -9.80956 -19.1809 0
      vertex -9.2332 -19.0714 0
      vertex -9.2077 -19.2701 0
    endloop
  endfacet
  facet normal 0 0 -1
    outer loop
      vertex -9.80956 -19.1809 0
      vertex -9.81078 -18.9857 0
      vertex -9.2332 -19.0714 0
    endloop
  endfacet
  facet normal 0 0 -1
    outer loop
      vertex -10.3997 -19.033 0
      vertex -9.81078 -18.9857 0
      vertex -9.80956 -19.1809 0
    endloop
  endfacet
  facet normal -0 0 -1
    outer loop
      vertex -9.81078 -18.9857 0
      vertex -10.3997 -19.033 0
      vertex -10.3772 -18.8438 0
    endloop
  endfacet
  facet normal 0 0 -1
    outer loop
      vertex -10.9726 -18.828 0
      vertex -10.3772 -18.8438 0
      vertex -10.3997 -19.033 0
    endloop
  endfacet
  facet normal 0 0 -1
    outer loop
      vertex -10.3772 -18.8438 0
      vertex -10.9726 -18.828 0
      vertex -10.927 -18.6471 0
    endloop
  endfacet
  facet normal 0 0 -1
    outer loop
      vertex -11.5226 -18.5679 0
      vertex -10.927 -18.6471 0
      vertex -10.9726 -18.828 0
    endloop
  endfacet
  facet normal 0 0 -1
    outer loop
      vertex -10.927 -18.6471 0
      vertex -11.5226 -18.5679 0
      vertex -11.4548 -18.3974 0
    endloop
  endfacet
  facet normal 0 0 -1
    outer loop
      vertex -12.0445 -18.2551 0
      vertex -11.4548 -18.3974 0
      vertex -11.5226 -18.5679 0
    endloop
  endfacet
  facet normal 0 0 -1
    outer loop
      vertex -11.4548 -18.3974 0
      vertex -12.0445 -18.2551 0
      vertex -11.9556 -18.0972 0
    endloop
  endfacet
  facet normal 0 0 -1
    outer loop
      vertex -12.5332 -17.8927 0
      vertex -11.9556 -18.0972 0
      vertex -12.0445 -18.2551 0
    endloop
  endfacet
  facet normal 0 0 -1
    outer loop
      vertex -11.9556 -18.0972 0
      vertex -12.5332 -17.8927 0
      vertex -12.4246 -17.7494 0
    endloop
  endfacet
  facet normal 0 0 -1
    outer loop
      vertex -12.9841 -17.4841 0
      vertex -12.4246 -17.7494 0
      vertex -12.5332 -17.8927 0
    endloop
  endfacet
  facet normal 0 0 -1
    outer loop
      vertex -12.4246 -17.7494 0
      vertex -12.9841 -17.4841 0
      vertex -12.8573 -17.3573 0
    endloop
  endfacet
  facet normal 0 0 -1
    outer loop
      vertex -12.9841 -17.4841 0
      vertex -13.2494 -16.9246 0
      vertex -12.8573 -17.3573 0
    endloop
  endfacet
  facet normal 0 0 -1
    outer loop
      vertex -13.3927 -17.0332 0
      vertex -13.2494 -16.9246 0
      vertex -12.9841 -17.4841 0
    endloop
  endfacet
  facet normal 0 0 -1
    outer loop
      vertex -13.3927 -17.0332 0
      vertex -13.5972 -16.4556 0
      vertex -13.2494 -16.9246 0
    endloop
  endfacet
  facet normal 0 0 -1
    outer loop
      vertex -13.7551 -16.5445 0
      vertex -13.5972 -16.4556 0
      vertex -13.3927 -17.0332 0
    endloop
  endfacet
  facet normal 0 0 -1
    outer loop
      vertex -13.7551 -16.5445 0
      vertex -13.8974 -15.9548 0
      vertex -13.5972 -16.4556 0
    endloop
  endfacet
  facet normal 0 0 -1
    outer loop
      vertex -14.0679 -16.0226 0
      vertex -13.8974 -15.9548 0
      vertex -13.7551 -16.5445 0
    endloop
  endfacet
  facet normal 0 0 -1
    outer loop
      vertex -14.0679 -16.0226 0
      vertex -14.1471 -15.427 0
      vertex -13.8974 -15.9548 0
    endloop
  endfacet
  facet normal 0 0 -1
    outer loop
      vertex -14.328 -15.4726 0
      vertex -14.1471 -15.427 0
      vertex -14.0679 -16.0226 0
    endloop
  endfacet
  facet normal 0 0 -1
    outer loop
      vertex -14.328 -15.4726 0
      vertex -14.3438 -14.8772 0
      vertex -14.1471 -15.427 0
    endloop
  endfacet
  facet normal 0 0 -1
    outer loop
      vertex -14.533 -14.8997 0
      vertex -14.3438 -14.8772 0
      vertex -14.328 -15.4726 0
    endloop
  endfacet
  facet normal -0 0 -1
    outer loop
      vertex -14.3438 -14.8772 0
      vertex -14.533 -14.8997 0
      vertex -14.4857 -14.3108 0
    endloop
  endfacet
  facet normal 0 0 -1
    outer loop
      vertex -14.6809 -14.3096 0
      vertex -14.4857 -14.3108 0
      vertex -14.533 -14.8997 0
    endloop
  endfacet
  facet normal 0 0 -1
    outer loop
      vertex -14.4857 -14.3108 0
      vertex -14.6809 -14.3096 0
      vertex -14.5714 -13.7332 0
    endloop
  endfacet
  facet normal 0 0 -1
    outer loop
      vertex -14.5714 -13.7332 0
      vertex -14.7701 -13.7077 0
      vertex -14.6 -13.15 0
    endloop
  endfacet
  facet normal 0 0 -1
    outer loop
      vertex -14.7701 -13.7077 0
      vertex -14.5714 -13.7332 0
      vertex -14.6809 -14.3096 0
    endloop
  endfacet
  facet normal 0 0 -1
    outer loop
      vertex 14.5714 13.7332 0
      vertex 14.7701 13.7077 0
      vertex 14.6 13.15 0
    endloop
  endfacet
  facet normal 0 0 -1
    outer loop
      vertex 14.7701 13.7077 0
      vertex 14.5714 13.7332 0
      vertex 14.6809 14.3096 0
    endloop
  endfacet
  facet normal 0 0 -1
    outer loop
      vertex 14.4857 14.3108 0
      vertex 14.6809 14.3096 0
      vertex 14.5714 13.7332 0
    endloop
  endfacet
  facet normal 0 0 -1
    outer loop
      vertex 14.6809 14.3096 0
      vertex 14.4857 14.3108 0
      vertex 14.533 14.8997 0
    endloop
  endfacet
  facet normal 0 0 -1
    outer loop
      vertex 14.3438 14.8772 0
      vertex 14.533 14.8997 0
      vertex 14.4857 14.3108 0
    endloop
  endfacet
  facet normal 0 0 -1
    outer loop
      vertex 14.3438 14.8772 0
      vertex 14.328 15.4726 0
      vertex 14.533 14.8997 0
    endloop
  endfacet
  facet normal 0 0 -1
    outer loop
      vertex 14.1471 15.427 0
      vertex 14.328 15.4726 0
      vertex 14.3438 14.8772 0
    endloop
  endfacet
  facet normal 0 0 -1
    outer loop
      vertex 14.1471 15.427 0
      vertex 14.0679 16.0226 0
      vertex 14.328 15.4726 0
    endloop
  endfacet
  facet normal 0 0 -1
    outer loop
      vertex 13.8974 15.9548 0
      vertex 14.0679 16.0226 0
      vertex 14.1471 15.427 0
    endloop
  endfacet
  facet normal 0 0 -1
    outer loop
      vertex 13.8974 15.9548 0
      vertex 13.7551 16.5445 0
      vertex 14.0679 16.0226 0
    endloop
  endfacet
  facet normal 0 0 -1
    outer loop
      vertex 13.5972 16.4556 0
      vertex 13.7551 16.5445 0
      vertex 13.8974 15.9548 0
    endloop
  endfacet
  facet normal 0 0 -1
    outer loop
      vertex 13.5972 16.4556 0
      vertex 13.3927 17.0332 0
      vertex 13.7551 16.5445 0
    endloop
  endfacet
  facet normal 0 0 -1
    outer loop
      vertex 13.2494 16.9246 0
      vertex 13.3927 17.0332 0
      vertex 13.5972 16.4556 0
    endloop
  endfacet
  facet normal 0 0 -1
    outer loop
      vertex 13.2494 16.9246 0
      vertex 12.9841 17.4841 0
      vertex 13.3927 17.0332 0
    endloop
  endfacet
  facet normal 0 0 -1
    outer loop
      vertex 12.8573 17.3573 0
      vertex 12.9841 17.4841 0
      vertex 13.2494 16.9246 0
    endloop
  endfacet
  facet normal 0 0 -1
    outer loop
      vertex 12.4246 17.7494 0
      vertex 12.9841 17.4841 0
      vertex 12.8573 17.3573 0
    endloop
  endfacet
  facet normal 0 0 -1
    outer loop
      vertex 12.9841 17.4841 0
      vertex 12.4246 17.7494 0
      vertex 12.5332 17.8927 0
    endloop
  endfacet
  facet normal 0 0 -1
    outer loop
      vertex 11.9556 18.0972 0
      vertex 12.5332 17.8927 0
      vertex 12.4246 17.7494 0
    endloop
  endfacet
  facet normal 0 0 -1
    outer loop
      vertex 12.5332 17.8927 0
      vertex 11.9556 18.0972 0
      vertex 12.0445 18.2551 0
    endloop
  endfacet
  facet normal 0 0 -1
    outer loop
      vertex 11.4548 18.3974 0
      vertex 12.0445 18.2551 0
      vertex 11.9556 18.0972 0
    endloop
  endfacet
  facet normal 0 0 -1
    outer loop
      vertex 12.0445 18.2551 0
      vertex 11.4548 18.3974 0
      vertex 11.5226 18.5679 0
    endloop
  endfacet
  facet normal 0 0 -1
    outer loop
      vertex 10.927 18.6471 0
      vertex 11.5226 18.5679 0
      vertex 11.4548 18.3974 0
    endloop
  endfacet
  facet normal 0 0 -1
    outer loop
      vertex 11.5226 18.5679 0
      vertex 10.927 18.6471 0
      vertex 10.9726 18.828 0
    endloop
  endfacet
  facet normal 0 0 -1
    outer loop
      vertex 10.3772 18.8438 0
      vertex 10.9726 18.828 0
      vertex 10.927 18.6471 0
    endloop
  endfacet
  facet normal 0 0 -1
    outer loop
      vertex 10.9726 18.828 0
      vertex 10.3772 18.8438 0
      vertex 10.3997 19.033 0
    endloop
  endfacet
  facet normal 0 0 -1
    outer loop
      vertex 9.81078 18.9857 0
      vertex 10.3997 19.033 0
      vertex 10.3772 18.8438 0
    endloop
  endfacet
  facet normal 0 0 -1
    outer loop
      vertex 9.81078 18.9857 0
      vertex 9.80956 19.1809 0
      vertex 10.3997 19.033 0
    endloop
  endfacet
  facet normal 0 0 -1
    outer loop
      vertex 9.2332 19.0714 0
      vertex 9.80956 19.1809 0
      vertex 9.81078 18.9857 0
    endloop
  endfacet
  facet normal 0 0 -1
    outer loop
      vertex 9.2332 19.0714 0
      vertex 9.2077 19.2701 0
      vertex 9.80956 19.1809 0
    endloop
  endfacet
  facet normal 0 0 -1
    outer loop
      vertex 8.64999 19.1 0
      vertex 9.2077 19.2701 0
      vertex 9.2332 19.0714 0
    endloop
  endfacet
  facet normal 0 0 -1
    outer loop
      vertex 8.64999 19.1 0
      vertex 8.59999 19.3 0
      vertex 9.2077 19.2701 0
    endloop
  endfacet
  facet normal 0 0 -1
    outer loop
      vertex 8.64999 19.1 0
      vertex -8.59999 19.3 0
      vertex 8.59999 19.3 0
    endloop
  endfacet
  facet normal 0 0 -1
    outer loop
      vertex -8.64999 19.1 0
      vertex -8.59999 19.3 0
      vertex 8.64999 19.1 0
    endloop
  endfacet
  facet normal 0 0 -1
    outer loop
      vertex -8.64999 19.1 0
      vertex -9.2077 19.2701 0
      vertex -8.59999 19.3 0
    endloop
  endfacet
  facet normal 0 0 -1
    outer loop
      vertex -9.2332 19.0714 0
      vertex -9.2077 19.2701 0
      vertex -8.64999 19.1 0
    endloop
  endfacet
  facet normal 0 0 -1
    outer loop
      vertex -9.2332 19.0714 0
      vertex -9.80956 19.1809 0
      vertex -9.2077 19.2701 0
    endloop
  endfacet
  facet normal 0 0 -1
    outer loop
      vertex -9.81078 18.9857 0
      vertex -9.80956 19.1809 0
      vertex -9.2332 19.0714 0
    endloop
  endfacet
  facet normal 0 0 -1
    outer loop
      vertex -10.3997 19.033 0
      vertex -9.81078 18.9857 0
      vertex -10.3772 18.8438 0
    endloop
  endfacet
  facet normal 0 0 -1
    outer loop
      vertex -9.81078 18.9857 0
      vertex -10.3997 19.033 0
      vertex -9.80956 19.1809 0
    endloop
  endfacet
  facet normal 0 0 -1
    outer loop
      vertex -10.9726 18.828 0
      vertex -10.3772 18.8438 0
      vertex -10.927 18.6471 0
    endloop
  endfacet
  facet normal -0 0 -1
    outer loop
      vertex -10.3772 18.8438 0
      vertex -10.9726 18.828 0
      vertex -10.3997 19.033 0
    endloop
  endfacet
  facet normal 0 0 -1
    outer loop
      vertex -11.5226 18.5679 0
      vertex -10.927 18.6471 0
      vertex -11.4548 18.3974 0
    endloop
  endfacet
  facet normal -0 0 -1
    outer loop
      vertex -10.927 18.6471 0
      vertex -11.5226 18.5679 0
      vertex -10.9726 18.828 0
    endloop
  endfacet
  facet normal 0 0 -1
    outer loop
      vertex -12.0445 18.2551 0
      vertex -11.4548 18.3974 0
      vertex -11.9556 18.0972 0
    endloop
  endfacet
  facet normal -0 0 -1
    outer loop
      vertex -11.4548 18.3974 0
      vertex -12.0445 18.2551 0
      vertex -11.5226 18.5679 0
    endloop
  endfacet
  facet normal 0 0 -1
    outer loop
      vertex -12.5332 17.8927 0
      vertex -11.9556 18.0972 0
      vertex -12.4246 17.7494 0
    endloop
  endfacet
  facet normal -0 0 -1
    outer loop
      vertex -11.9556 18.0972 0
      vertex -12.5332 17.8927 0
      vertex -12.0445 18.2551 0
    endloop
  endfacet
  facet normal 0 0 -1
    outer loop
      vertex -12.9841 17.4841 0
      vertex -12.4246 17.7494 0
      vertex -12.8573 17.3573 0
    endloop
  endfacet
  facet normal -0 0 -1
    outer loop
      vertex -12.4246 17.7494 0
      vertex -12.9841 17.4841 0
      vertex -12.5332 17.8927 0
    endloop
  endfacet
  facet normal 0 0 -1
    outer loop
      vertex -13.2494 16.9246 0
      vertex -12.9841 17.4841 0
      vertex -12.8573 17.3573 0
    endloop
  endfacet
  facet normal 0 0 -1
    outer loop
      vertex -13.2494 16.9246 0
      vertex -13.3927 17.0332 0
      vertex -12.9841 17.4841 0
    endloop
  endfacet
  facet normal 0 0 -1
    outer loop
      vertex -13.5972 16.4556 0
      vertex -13.3927 17.0332 0
      vertex -13.2494 16.9246 0
    endloop
  endfacet
  facet normal 0 0 -1
    outer loop
      vertex -13.5972 16.4556 0
      vertex -13.7551 16.5445 0
      vertex -13.3927 17.0332 0
    endloop
  endfacet
  facet normal 0 0 -1
    outer loop
      vertex -13.8974 15.9548 0
      vertex -13.7551 16.5445 0
      vertex -13.5972 16.4556 0
    endloop
  endfacet
  facet normal 0 0 -1
    outer loop
      vertex -13.8974 15.9548 0
      vertex -14.0679 16.0226 0
      vertex -13.7551 16.5445 0
    endloop
  endfacet
  facet normal 0 0 -1
    outer loop
      vertex -14.1471 15.427 0
      vertex -14.0679 16.0226 0
      vertex -13.8974 15.9548 0
    endloop
  endfacet
  facet normal 0 0 -1
    outer loop
      vertex -14.1471 15.427 0
      vertex -14.328 15.4726 0
      vertex -14.0679 16.0226 0
    endloop
  endfacet
  facet normal 0 0 -1
    outer loop
      vertex -14.3438 14.8772 0
      vertex -14.328 15.4726 0
      vertex -14.1471 15.427 0
    endloop
  endfacet
  facet normal 0 0 -1
    outer loop
      vertex -14.533 14.8997 0
      vertex -14.3438 14.8772 0
      vertex -14.4857 14.3108 0
    endloop
  endfacet
  facet normal 0 0 -1
    outer loop
      vertex -14.3438 14.8772 0
      vertex -14.533 14.8997 0
      vertex -14.328 15.4726 0
    endloop
  endfacet
  facet normal 0 0 -1
    outer loop
      vertex -14.6809 14.3096 0
      vertex -14.4857 14.3108 0
      vertex -14.5714 13.7332 0
    endloop
  endfacet
  facet normal 0 0 -1
    outer loop
      vertex -14.7701 13.7077 0
      vertex -14.5714 13.7332 0
      vertex -14.6 13.15 0
    endloop
  endfacet
  facet normal -0 0 -1
    outer loop
      vertex -14.4857 14.3108 0
      vertex -14.6809 14.3096 0
      vertex -14.533 14.8997 0
    endloop
  endfacet
  facet normal 0 0 -1
    outer loop
      vertex -14.6 -13.15 0
      vertex -14.8 -13.1 0
      vertex -14.6 13.15 0
    endloop
  endfacet
  facet normal -0 0 -1
    outer loop
      vertex -14.6 -13.15 0
      vertex -14.7701 -13.7077 0
      vertex -14.8 -13.1 0
    endloop
  endfacet
  facet normal 0 0 -1
    outer loop
      vertex -14.8 13.1 0
      vertex -14.6 13.15 0
      vertex -14.8 -13.1 0
    endloop
  endfacet
  facet normal 0 -0 -1
    outer loop
      vertex -14.7701 13.7077 0
      vertex -14.6 13.15 0
      vertex -14.8 13.1 0
    endloop
  endfacet
  facet normal -0 0 -1
    outer loop
      vertex -14.5714 13.7332 0
      vertex -14.7701 13.7077 0
      vertex -14.6809 14.3096 0
    endloop
  endfacet
  facet normal -0.941556 0.336857 0
    outer loop
      vertex 14.1471 -15.427 0
      vertex 14.3438 -14.8772 2.3
      vertex 14.3438 -14.8772 0
    endloop
  endfacet
  facet normal -0.941556 0.336857 0
    outer loop
      vertex 14.3438 -14.8772 2.3
      vertex 14.1471 -15.427 0
      vertex 14.1471 -15.427 2.3
    endloop
  endfacet
  facet normal -0.0489801 0.9988 0
    outer loop
      vertex 9.2332 -19.0714 0
      vertex 8.64999 -19.1 2.3
      vertex 9.2332 -19.0714 2.3
    endloop
  endfacet
  facet normal -0.0489801 0.9988 0
    outer loop
      vertex 8.64999 -19.1 2.3
      vertex 9.2332 -19.0714 0
      vertex 8.64999 -19.1 0
    endloop
  endfacet
  facet normal 0.595662 -0.803235 0
    outer loop
      vertex -12.4246 17.7494 0
      vertex -11.9556 18.0972 2.3
      vertex -12.4246 17.7494 2.3
    endloop
  endfacet
  facet normal 0.595662 -0.803235 0
    outer loop
      vertex -11.9556 18.0972 2.3
      vertex -12.4246 17.7494 0
      vertex -11.9556 18.0972 0
    endloop
  endfacet
  facet normal 0.243011 0.970024 -0
    outer loop
      vertex -9.81078 -18.9857 0
      vertex -10.3772 -18.8438 2.3
      vertex -9.81078 -18.9857 2.3
    endloop
  endfacet
  facet normal 0.243011 0.970024 0
    outer loop
      vertex -10.3772 -18.8438 2.3
      vertex -9.81078 -18.9857 0
      vertex -10.3772 -18.8438 0
    endloop
  endfacet
  facet normal 0.146771 -0.989171 0
    outer loop
      vertex -9.81078 18.9857 0
      vertex -9.2332 19.0714 2.3
      vertex -9.81078 18.9857 2.3
    endloop
  endfacet
  facet normal 0.146771 -0.989171 0
    outer loop
      vertex -9.2332 19.0714 2.3
      vertex -9.81078 18.9857 0
      vertex -9.2332 19.0714 0
    endloop
  endfacet
  facet normal -0.243011 -0.970024 0
    outer loop
      vertex 9.81078 18.9857 0
      vertex 10.3772 18.8438 2.3
      vertex 9.81078 18.9857 2.3
    endloop
  endfacet
  facet normal -0.243011 -0.970024 -0
    outer loop
      vertex 10.3772 18.8438 2.3
      vertex 9.81078 18.9857 0
      vertex 10.3772 18.8438 0
    endloop
  endfacet
  facet normal -0.970021 -0.243019 0
    outer loop
      vertex 14.4857 14.3108 0
      vertex 14.3438 14.8772 2.3
      vertex 14.3438 14.8772 0
    endloop
  endfacet
  facet normal -0.970021 -0.243019 0
    outer loop
      vertex 14.3438 14.8772 2.3
      vertex 14.4857 14.3108 0
      vertex 14.4857 14.3108 2.3
    endloop
  endfacet
  facet normal 0.427652 0.903943 -0
    outer loop
      vertex -10.927 -18.6471 0
      vertex -11.4548 -18.3974 2.3
      vertex -10.927 -18.6471 2.3
    endloop
  endfacet
  facet normal 0.427652 0.903943 0
    outer loop
      vertex -11.4548 -18.3974 2.3
      vertex -10.927 -18.6471 0
      vertex -11.4548 -18.3974 0
    endloop
  endfacet
  facet normal 0.671487 0.741016 -0
    outer loop
      vertex -12.4246 -17.7494 0
      vertex -12.8573 -17.3573 2.3
      vertex -12.4246 -17.7494 2.3
    endloop
  endfacet
  facet normal 0.671487 0.741016 0
    outer loop
      vertex -12.8573 -17.3573 2.3
      vertex -12.4246 -17.7494 0
      vertex -12.8573 -17.3573 0
    endloop
  endfacet
  facet normal -0.857704 -0.514143 0
    outer loop
      vertex 13.8974 15.9548 0
      vertex 13.5972 16.4556 2.3
      vertex 13.5972 16.4556 0
    endloop
  endfacet
  facet normal -0.857704 -0.514143 0
    outer loop
      vertex 13.5972 16.4556 2.3
      vertex 13.8974 15.9548 0
      vertex 13.8974 15.9548 2.3
    endloop
  endfacet
  facet normal -0.336857 -0.941556 0
    outer loop
      vertex 10.3772 18.8438 0
      vertex 10.927 18.6471 2.3
      vertex 10.3772 18.8438 2.3
    endloop
  endfacet
  facet normal -0.336857 -0.941556 -0
    outer loop
      vertex 10.927 18.6471 2.3
      vertex 10.3772 18.8438 0
      vertex 10.927 18.6471 0
    endloop
  endfacet
  facet normal -0.903943 -0.427652 0
    outer loop
      vertex 14.1471 15.427 0
      vertex 13.8974 15.9548 2.3
      vertex 13.8974 15.9548 0
    endloop
  endfacet
  facet normal -0.903943 -0.427652 0
    outer loop
      vertex 13.8974 15.9548 2.3
      vertex 14.1471 15.427 0
      vertex 14.1471 15.427 2.3
    endloop
  endfacet
  facet normal 0.9988 0.0489809 0
    outer loop
      vertex -14.5714 -13.7332 2.3
      vertex -14.6 -13.15 0
      vertex -14.6 -13.15 2.3
    endloop
  endfacet
  facet normal 0.9988 0.0489809 0
    outer loop
      vertex -14.6 -13.15 0
      vertex -14.5714 -13.7332 2.3
      vertex -14.5714 -13.7332 0
    endloop
  endfacet
  facet normal -0.9988 0.0489809 0
    outer loop
      vertex 14.5714 -13.7332 0
      vertex 14.6 -13.15 2.3
      vertex 14.6 -13.15 0
    endloop
  endfacet
  facet normal -0.9988 0.0489809 0
    outer loop
      vertex 14.6 -13.15 2.3
      vertex 14.5714 -13.7332 0
      vertex 14.5714 -13.7332 2.3
    endloop
  endfacet
  facet normal 0.0489801 0.9988 -0
    outer loop
      vertex -8.64999 -19.1 0
      vertex -9.2332 -19.0714 2.3
      vertex -8.64999 -19.1 2.3
    endloop
  endfacet
  facet normal 0.0489801 0.9988 0
    outer loop
      vertex -9.2332 -19.0714 2.3
      vertex -8.64999 -19.1 0
      vertex -9.2332 -19.0714 0
    endloop
  endfacet
  facet normal 0.427652 -0.903943 0
    outer loop
      vertex -11.4548 18.3974 0
      vertex -10.927 18.6471 2.3
      vertex -11.4548 18.3974 2.3
    endloop
  endfacet
  facet normal 0.427652 -0.903943 0
    outer loop
      vertex -10.927 18.6471 2.3
      vertex -11.4548 18.3974 0
      vertex -10.927 18.6471 0
    endloop
  endfacet
  facet normal 0 1 -0
    outer loop
      vertex 8.64999 -19.1 0
      vertex -8.64999 -19.1 2.3
      vertex 8.64999 -19.1 2.3
    endloop
  endfacet
  facet normal 0 1 0
    outer loop
      vertex -8.64999 -19.1 2.3
      vertex 8.64999 -19.1 0
      vertex -8.64999 -19.1 0
    endloop
  endfacet
  facet normal -0.595662 -0.803235 0
    outer loop
      vertex 11.9556 18.0972 0
      vertex 12.4246 17.7494 2.3
      vertex 11.9556 18.0972 2.3
    endloop
  endfacet
  facet normal -0.595662 -0.803235 -0
    outer loop
      vertex 12.4246 17.7494 2.3
      vertex 11.9556 18.0972 0
      vertex 12.4246 17.7494 0
    endloop
  endfacet
  facet normal 0.514143 -0.857704 0
    outer loop
      vertex -11.9556 18.0972 0
      vertex -11.4548 18.3974 2.3
      vertex -11.9556 18.0972 2.3
    endloop
  endfacet
  facet normal 0.514143 -0.857704 0
    outer loop
      vertex -11.4548 18.3974 2.3
      vertex -11.9556 18.0972 0
      vertex -11.4548 18.3974 0
    endloop
  endfacet
  facet normal -0.595662 0.803235 0
    outer loop
      vertex 12.4246 -17.7494 0
      vertex 11.9556 -18.0972 2.3
      vertex 12.4246 -17.7494 2.3
    endloop
  endfacet
  facet normal -0.595662 0.803235 0
    outer loop
      vertex 11.9556 -18.0972 2.3
      vertex 12.4246 -17.7494 0
      vertex 11.9556 -18.0972 0
    endloop
  endfacet
  facet normal 1 -0 0
    outer loop
      vertex -14.6 -13.15 2.3
      vertex -14.6 13.15 0
      vertex -14.6 13.15 2.3
    endloop
  endfacet
  facet normal 1 0 0
    outer loop
      vertex -14.6 13.15 0
      vertex -14.6 -13.15 2.3
      vertex -14.6 -13.15 0
    endloop
  endfacet
  facet normal 0 -1 0
    outer loop
      vertex -8.64999 19.1 0
      vertex 8.64999 19.1 2.3
      vertex -8.64999 19.1 2.3
    endloop
  endfacet
  facet normal 0 -1 -0
    outer loop
      vertex 8.64999 19.1 2.3
      vertex -8.64999 19.1 0
      vertex 8.64999 19.1 0
    endloop
  endfacet
  facet normal 0.941556 0.336857 0
    outer loop
      vertex -14.1471 -15.427 2.3
      vertex -14.3438 -14.8772 0
      vertex -14.3438 -14.8772 2.3
    endloop
  endfacet
  facet normal 0.941556 0.336857 0
    outer loop
      vertex -14.3438 -14.8772 0
      vertex -14.1471 -15.427 2.3
      vertex -14.1471 -15.427 0
    endloop
  endfacet
  facet normal 0.903943 0.427652 0
    outer loop
      vertex -13.8974 -15.9548 2.3
      vertex -14.1471 -15.427 0
      vertex -14.1471 -15.427 2.3
    endloop
  endfacet
  facet normal 0.903943 0.427652 0
    outer loop
      vertex -14.1471 -15.427 0
      vertex -13.8974 -15.9548 2.3
      vertex -13.8974 -15.9548 0
    endloop
  endfacet
  facet normal 0.336857 0.941556 -0
    outer loop
      vertex -10.3772 -18.8438 0
      vertex -10.927 -18.6471 2.3
      vertex -10.3772 -18.8438 2.3
    endloop
  endfacet
  facet normal 0.336857 0.941556 0
    outer loop
      vertex -10.927 -18.6471 2.3
      vertex -10.3772 -18.8438 0
      vertex -10.927 -18.6471 0
    endloop
  endfacet
  facet normal 0.0489801 -0.9988 0
    outer loop
      vertex -9.2332 19.0714 0
      vertex -8.64999 19.1 2.3
      vertex -9.2332 19.0714 2.3
    endloop
  endfacet
  facet normal 0.0489801 -0.9988 0
    outer loop
      vertex -8.64999 19.1 2.3
      vertex -9.2332 19.0714 0
      vertex -8.64999 19.1 0
    endloop
  endfacet
  facet normal 0.9988 -0.0489809 0
    outer loop
      vertex -14.6 13.15 2.3
      vertex -14.5714 13.7332 0
      vertex -14.5714 13.7332 2.3
    endloop
  endfacet
  facet normal 0.9988 -0.0489809 0
    outer loop
      vertex -14.5714 13.7332 0
      vertex -14.6 13.15 2.3
      vertex -14.6 13.15 0
    endloop
  endfacet
  facet normal 0.857704 -0.514143 0
    outer loop
      vertex -13.8974 15.9548 2.3
      vertex -13.5972 16.4556 0
      vertex -13.5972 16.4556 2.3
    endloop
  endfacet
  facet normal 0.857704 -0.514143 0
    outer loop
      vertex -13.5972 16.4556 0
      vertex -13.8974 15.9548 2.3
      vertex -13.8974 15.9548 0
    endloop
  endfacet
  facet normal 0.989171 -0.146766 0
    outer loop
      vertex -14.5714 13.7332 2.3
      vertex -14.4857 14.3108 0
      vertex -14.4857 14.3108 2.3
    endloop
  endfacet
  facet normal 0.989171 -0.146766 0
    outer loop
      vertex -14.4857 14.3108 0
      vertex -14.5714 13.7332 2.3
      vertex -14.5714 13.7332 0
    endloop
  endfacet
  facet normal 0.243011 -0.970024 0
    outer loop
      vertex -10.3772 18.8438 0
      vertex -9.81078 18.9857 2.3
      vertex -10.3772 18.8438 2.3
    endloop
  endfacet
  facet normal 0.243011 -0.970024 0
    outer loop
      vertex -9.81078 18.9857 2.3
      vertex -10.3772 18.8438 0
      vertex -9.81078 18.9857 0
    endloop
  endfacet
  facet normal 0.336857 -0.941556 0
    outer loop
      vertex -10.927 18.6471 0
      vertex -10.3772 18.8438 2.3
      vertex -10.927 18.6471 2.3
    endloop
  endfacet
  facet normal 0.336857 -0.941556 0
    outer loop
      vertex -10.3772 18.8438 2.3
      vertex -10.927 18.6471 0
      vertex -10.3772 18.8438 0
    endloop
  endfacet
  facet normal -0.514143 -0.857704 0
    outer loop
      vertex 11.4548 18.3974 0
      vertex 11.9556 18.0972 2.3
      vertex 11.4548 18.3974 2.3
    endloop
  endfacet
  facet normal -0.514143 -0.857704 -0
    outer loop
      vertex 11.9556 18.0972 2.3
      vertex 11.4548 18.3974 0
      vertex 11.9556 18.0972 0
    endloop
  endfacet
  facet normal -0.427652 -0.903943 0
    outer loop
      vertex 10.927 18.6471 0
      vertex 11.4548 18.3974 2.3
      vertex 10.927 18.6471 2.3
    endloop
  endfacet
  facet normal -0.427652 -0.903943 -0
    outer loop
      vertex 11.4548 18.3974 2.3
      vertex 10.927 18.6471 0
      vertex 11.4548 18.3974 0
    endloop
  endfacet
  facet normal 0.146771 0.989171 -0
    outer loop
      vertex -9.2332 -19.0714 0
      vertex -9.81078 -18.9857 2.3
      vertex -9.2332 -19.0714 2.3
    endloop
  endfacet
  facet normal 0.146771 0.989171 0
    outer loop
      vertex -9.81078 -18.9857 2.3
      vertex -9.2332 -19.0714 0
      vertex -9.81078 -18.9857 0
    endloop
  endfacet
  facet normal 0.970021 -0.243019 0
    outer loop
      vertex -14.4857 14.3108 2.3
      vertex -14.3438 14.8772 0
      vertex -14.3438 14.8772 2.3
    endloop
  endfacet
  facet normal 0.970021 -0.243019 0
    outer loop
      vertex -14.3438 14.8772 0
      vertex -14.4857 14.3108 2.3
      vertex -14.4857 14.3108 0
    endloop
  endfacet
  facet normal -0.514143 0.857704 0
    outer loop
      vertex 11.9556 -18.0972 0
      vertex 11.4548 -18.3974 2.3
      vertex 11.9556 -18.0972 2.3
    endloop
  endfacet
  facet normal -0.514143 0.857704 0
    outer loop
      vertex 11.4548 -18.3974 2.3
      vertex 11.9556 -18.0972 0
      vertex 11.4548 -18.3974 0
    endloop
  endfacet
  facet normal 0.941556 -0.336857 0
    outer loop
      vertex -14.3438 14.8772 2.3
      vertex -14.1471 15.427 0
      vertex -14.1471 15.427 2.3
    endloop
  endfacet
  facet normal 0.941556 -0.336857 0
    outer loop
      vertex -14.1471 15.427 0
      vertex -14.3438 14.8772 2.3
      vertex -14.3438 14.8772 0
    endloop
  endfacet
  facet normal -0.989171 0.146766 0
    outer loop
      vertex 14.4857 -14.3108 0
      vertex 14.5714 -13.7332 2.3
      vertex 14.5714 -13.7332 0
    endloop
  endfacet
  facet normal -0.989171 0.146766 0
    outer loop
      vertex 14.5714 -13.7332 2.3
      vertex 14.4857 -14.3108 0
      vertex 14.4857 -14.3108 2.3
    endloop
  endfacet
  facet normal 0 0 -1
    outer loop
      vertex 11.8933 -13.1934 2.3
      vertex 14.6 -13.15 2.3
      vertex 14.5714 -13.7332 2.3
    endloop
  endfacet
  facet normal 0 0 -1
    outer loop
      vertex 14.6 -13.15 2.3
      vertex 12.1 -11.8 2.3
      vertex 14.6 13.15 2.3
    endloop
  endfacet
  facet normal 0 0 -1
    outer loop
      vertex 11.8933 -13.1934 2.3
      vertex 14.5714 -13.7332 2.3
      vertex 14.4857 -14.3108 2.3
    endloop
  endfacet
  facet normal 0 0 -1
    outer loop
      vertex 12.1 11.8 2.3
      vertex 14.6 13.15 2.3
      vertex 12.1 -11.8 2.3
    endloop
  endfacet
  facet normal 0 0 -1
    outer loop
      vertex 11.7346 -13.6369 2.3
      vertex 14.4857 -14.3108 2.3
      vertex 14.3438 -14.8772 2.3
    endloop
  endfacet
  facet normal 0 0 -1
    outer loop
      vertex 12.0769 12.2705 2.3
      vertex 14.6 13.15 2.3
      vertex 12.1 11.8 2.3
    endloop
  endfacet
  facet normal 0 0 -1
    outer loop
      vertex 11.5332 -14.0627 2.3
      vertex 14.3438 -14.8772 2.3
      vertex 14.1471 -15.427 2.3
    endloop
  endfacet
  facet normal 0 0 -1
    outer loop
      vertex 12.0078 12.7364 2.3
      vertex 14.6 13.15 2.3
      vertex 12.0769 12.2705 2.3
    endloop
  endfacet
  facet normal 0 0 -1
    outer loop
      vertex 11.291 -14.4667 2.3
      vertex 14.1471 -15.427 2.3
      vertex 13.8974 -15.9548 2.3
    endloop
  endfacet
  facet normal 0 0 -1
    outer loop
      vertex 11.8933 13.1934 2.3
      vertex 14.6 13.15 2.3
      vertex 12.0078 12.7364 2.3
    endloop
  endfacet
  facet normal 0 0 -1
    outer loop
      vertex 11.291 -14.4667 2.3
      vertex 13.8974 -15.9548 2.3
      vertex 13.5972 -16.4556 2.3
    endloop
  endfacet
  facet normal 0 0 -1
    outer loop
      vertex 14.6 13.15 2.3
      vertex 11.8933 13.1934 2.3
      vertex 14.5714 13.7332 2.3
    endloop
  endfacet
  facet normal 0 0 -1
    outer loop
      vertex 11.0104 -14.8451 2.3
      vertex 13.5972 -16.4556 2.3
      vertex 13.2494 -16.9246 2.3
    endloop
  endfacet
  facet normal -0 0 -1
    outer loop
      vertex 14.5714 13.7332 2.3
      vertex 11.8933 13.1934 2.3
      vertex 14.4857 14.3108 2.3
    endloop
  endfacet
  facet normal 0 0 -1
    outer loop
      vertex 10.6941 -15.1941 2.3
      vertex 13.2494 -16.9246 2.3
      vertex 12.8573 -17.3573 2.3
    endloop
  endfacet
  facet normal 0 0 -1
    outer loop
      vertex 11.7346 13.6369 2.3
      vertex 14.4857 14.3108 2.3
      vertex 11.8933 13.1934 2.3
    endloop
  endfacet
  facet normal 0 0 -1
    outer loop
      vertex 10.6941 -15.1941 2.3
      vertex 12.8573 -17.3573 2.3
      vertex 12.4246 -17.7494 2.3
    endloop
  endfacet
  facet normal -0 0 -1
    outer loop
      vertex 14.4857 14.3108 2.3
      vertex 11.7346 13.6369 2.3
      vertex 14.3438 14.8772 2.3
    endloop
  endfacet
  facet normal 0 0 -1
    outer loop
      vertex 11.5332 14.0627 2.3
      vertex 14.3438 14.8772 2.3
      vertex 11.7346 13.6369 2.3
    endloop
  endfacet
  facet normal 0 0 -1
    outer loop
      vertex 14.6 -13.15 2.3
      vertex 12.0769 -12.2705 2.3
      vertex 12.1 -11.8 2.3
    endloop
  endfacet
  facet normal 0 0 -1
    outer loop
      vertex 14.6 -13.15 2.3
      vertex 12.0078 -12.7364 2.3
      vertex 12.0769 -12.2705 2.3
    endloop
  endfacet
  facet normal 0 0 -1
    outer loop
      vertex 10.3451 -15.5104 2.3
      vertex 12.4246 -17.7494 2.3
      vertex 11.9556 -18.0972 2.3
    endloop
  endfacet
  facet normal -0 0 -1
    outer loop
      vertex 14.6 -13.15 2.3
      vertex 11.8933 -13.1934 2.3
      vertex 12.0078 -12.7364 2.3
    endloop
  endfacet
  facet normal 0 0 -1
    outer loop
      vertex 14.4857 -14.3108 2.3
      vertex 11.7346 -13.6369 2.3
      vertex 11.8933 -13.1934 2.3
    endloop
  endfacet
  facet normal 0 0 -1
    outer loop
      vertex 14.3438 -14.8772 2.3
      vertex 11.5332 -14.0627 2.3
      vertex 11.7346 -13.6369 2.3
    endloop
  endfacet
  facet normal 0 0 -1
    outer loop
      vertex 9.96672 -15.791 2.3
      vertex 11.9556 -18.0972 2.3
      vertex 11.4548 -18.3974 2.3
    endloop
  endfacet
  facet normal 0 0 -1
    outer loop
      vertex 14.1471 -15.427 2.3
      vertex 11.291 -14.4667 2.3
      vertex 11.5332 -14.0627 2.3
    endloop
  endfacet
  facet normal 0 0 -1
    outer loop
      vertex 13.5972 -16.4556 2.3
      vertex 11.0104 -14.8451 2.3
      vertex 11.291 -14.4667 2.3
    endloop
  endfacet
  facet normal 0 0 -1
    outer loop
      vertex 9.96672 -15.791 2.3
      vertex 11.4548 -18.3974 2.3
      vertex 10.927 -18.6471 2.3
    endloop
  endfacet
  facet normal 0 0 -1
    outer loop
      vertex 13.2494 -16.9246 2.3
      vertex 10.6941 -15.1941 2.3
      vertex 11.0104 -14.8451 2.3
    endloop
  endfacet
  facet normal 0 0 -1
    outer loop
      vertex 9.5627 -16.0332 2.3
      vertex 10.927 -18.6471 2.3
      vertex 10.3772 -18.8438 2.3
    endloop
  endfacet
  facet normal 0 0 -1
    outer loop
      vertex 12.4246 -17.7494 2.3
      vertex 10.3451 -15.5104 2.3
      vertex 10.6941 -15.1941 2.3
    endloop
  endfacet
  facet normal 0 0 -1
    outer loop
      vertex 11.9556 -18.0972 2.3
      vertex 9.96672 -15.791 2.3
      vertex 10.3451 -15.5104 2.3
    endloop
  endfacet
  facet normal 0 0 -1
    outer loop
      vertex 9.13687 -16.2346 2.3
      vertex 10.3772 -18.8438 2.3
      vertex 9.81078 -18.9857 2.3
    endloop
  endfacet
  facet normal 0 0 -1
    outer loop
      vertex 10.927 -18.6471 2.3
      vertex 9.5627 -16.0332 2.3
      vertex 9.96672 -15.791 2.3
    endloop
  endfacet
  facet normal 0 0 -1
    outer loop
      vertex 8.69336 -16.3933 2.3
      vertex 9.81078 -18.9857 2.3
      vertex 9.2332 -19.0714 2.3
    endloop
  endfacet
  facet normal 0 0 -1
    outer loop
      vertex 10.3772 -18.8438 2.3
      vertex 9.13687 -16.2346 2.3
      vertex 9.5627 -16.0332 2.3
    endloop
  endfacet
  facet normal 0 0 -1
    outer loop
      vertex 9.81078 -18.9857 2.3
      vertex 8.69336 -16.3933 2.3
      vertex 9.13687 -16.2346 2.3
    endloop
  endfacet
  facet normal 0 0 -1
    outer loop
      vertex 8.64999 -19.1 2.3
      vertex 8.69336 -16.3933 2.3
      vertex 9.2332 -19.0714 2.3
    endloop
  endfacet
  facet normal 0 0 -1
    outer loop
      vertex 8.64999 -19.1 2.3
      vertex 8.23642 -16.5078 2.3
      vertex 8.69336 -16.3933 2.3
    endloop
  endfacet
  facet normal 0 0 -1
    outer loop
      vertex 8.64999 -19.1 2.3
      vertex 7.77048 -16.5769 2.3
      vertex 8.23642 -16.5078 2.3
    endloop
  endfacet
  facet normal 0 0 -1
    outer loop
      vertex 8.64999 -19.1 2.3
      vertex 7.29999 -16.6 2.3
      vertex 7.77048 -16.5769 2.3
    endloop
  endfacet
  facet normal 0 0 -1
    outer loop
      vertex 8.64999 -19.1 2.3
      vertex -7.29999 -16.6 2.3
      vertex 7.29999 -16.6 2.3
    endloop
  endfacet
  facet normal 0 0 -1
    outer loop
      vertex -8.64999 -19.1 2.3
      vertex -7.29999 -16.6 2.3
      vertex 8.64999 -19.1 2.3
    endloop
  endfacet
  facet normal -0 0 -1
    outer loop
      vertex -7.29999 -16.6 2.3
      vertex -8.64999 -19.1 2.3
      vertex -7.77048 -16.5769 2.3
    endloop
  endfacet
  facet normal -0 0 -1
    outer loop
      vertex -7.77048 -16.5769 2.3
      vertex -8.64999 -19.1 2.3
      vertex -8.23642 -16.5078 2.3
    endloop
  endfacet
  facet normal 0 0 -1
    outer loop
      vertex -8.64999 -19.1 2.3
      vertex -8.69336 -16.3933 2.3
      vertex -8.23642 -16.5078 2.3
    endloop
  endfacet
  facet normal 0 0 -1
    outer loop
      vertex -9.2332 -19.0714 2.3
      vertex -8.69336 -16.3933 2.3
      vertex -8.64999 -19.1 2.3
    endloop
  endfacet
  facet normal 0 0 -1
    outer loop
      vertex -9.81078 -18.9857 2.3
      vertex -8.69336 -16.3933 2.3
      vertex -9.2332 -19.0714 2.3
    endloop
  endfacet
  facet normal -0 0 -1
    outer loop
      vertex -8.69336 -16.3933 2.3
      vertex -9.81078 -18.9857 2.3
      vertex -9.13687 -16.2346 2.3
    endloop
  endfacet
  facet normal 0 0 -1
    outer loop
      vertex -10.3772 -18.8438 2.3
      vertex -9.13687 -16.2346 2.3
      vertex -9.81078 -18.9857 2.3
    endloop
  endfacet
  facet normal -0 0 -1
    outer loop
      vertex -9.13687 -16.2346 2.3
      vertex -10.3772 -18.8438 2.3
      vertex -9.5627 -16.0332 2.3
    endloop
  endfacet
  facet normal 0 0 -1
    outer loop
      vertex -10.927 -18.6471 2.3
      vertex -9.5627 -16.0332 2.3
      vertex -10.3772 -18.8438 2.3
    endloop
  endfacet
  facet normal -0 0 -1
    outer loop
      vertex -9.5627 -16.0332 2.3
      vertex -10.927 -18.6471 2.3
      vertex -9.96672 -15.791 2.3
    endloop
  endfacet
  facet normal 0 0 -1
    outer loop
      vertex -11.4548 -18.3974 2.3
      vertex -9.96672 -15.791 2.3
      vertex -10.927 -18.6471 2.3
    endloop
  endfacet
  facet normal 0 0 -1
    outer loop
      vertex -11.9556 -18.0972 2.3
      vertex -9.96672 -15.791 2.3
      vertex -11.4548 -18.3974 2.3
    endloop
  endfacet
  facet normal -0 0 -1
    outer loop
      vertex -9.96672 -15.791 2.3
      vertex -11.9556 -18.0972 2.3
      vertex -10.3451 -15.5104 2.3
    endloop
  endfacet
  facet normal 0 0 -1
    outer loop
      vertex -12.4246 -17.7494 2.3
      vertex -10.3451 -15.5104 2.3
      vertex -11.9556 -18.0972 2.3
    endloop
  endfacet
  facet normal -0 0 -1
    outer loop
      vertex -10.3451 -15.5104 2.3
      vertex -12.4246 -17.7494 2.3
      vertex -10.6941 -15.1941 2.3
    endloop
  endfacet
  facet normal 0 0 -1
    outer loop
      vertex -12.8573 -17.3573 2.3
      vertex -10.6941 -15.1941 2.3
      vertex -12.4246 -17.7494 2.3
    endloop
  endfacet
  facet normal 0 0 -1
    outer loop
      vertex -13.2494 -16.9246 2.3
      vertex -10.6941 -15.1941 2.3
      vertex -12.8573 -17.3573 2.3
    endloop
  endfacet
  facet normal -0 0 -1
    outer loop
      vertex -10.6941 -15.1941 2.3
      vertex -13.2494 -16.9246 2.3
      vertex -11.0104 -14.8451 2.3
    endloop
  endfacet
  facet normal 0 0 -1
    outer loop
      vertex -13.5972 -16.4556 2.3
      vertex -11.0104 -14.8451 2.3
      vertex -13.2494 -16.9246 2.3
    endloop
  endfacet
  facet normal -0 0 -1
    outer loop
      vertex -11.0104 -14.8451 2.3
      vertex -13.5972 -16.4556 2.3
      vertex -11.291 -14.4667 2.3
    endloop
  endfacet
  facet normal 0 0 -1
    outer loop
      vertex -13.8974 -15.9548 2.3
      vertex -11.291 -14.4667 2.3
      vertex -13.5972 -16.4556 2.3
    endloop
  endfacet
  facet normal 0 0 -1
    outer loop
      vertex -14.1471 -15.427 2.3
      vertex -11.291 -14.4667 2.3
      vertex -13.8974 -15.9548 2.3
    endloop
  endfacet
  facet normal 0 0 -1
    outer loop
      vertex -14.3438 -14.8772 2.3
      vertex -11.5332 -14.0627 2.3
      vertex -14.1471 -15.427 2.3
    endloop
  endfacet
  facet normal -0 0 -1
    outer loop
      vertex -11.291 -14.4667 2.3
      vertex -14.1471 -15.427 2.3
      vertex -11.5332 -14.0627 2.3
    endloop
  endfacet
  facet normal -0 0 -1
    outer loop
      vertex 14.3438 14.8772 2.3
      vertex 11.5332 14.0627 2.3
      vertex 14.1471 15.427 2.3
    endloop
  endfacet
  facet normal 0 0 -1
    outer loop
      vertex 11.291 14.4667 2.3
      vertex 14.1471 15.427 2.3
      vertex 11.5332 14.0627 2.3
    endloop
  endfacet
  facet normal -0 0 -1
    outer loop
      vertex 14.1471 15.427 2.3
      vertex 11.291 14.4667 2.3
      vertex 13.8974 15.9548 2.3
    endloop
  endfacet
  facet normal -0 0 -1
    outer loop
      vertex 13.8974 15.9548 2.3
      vertex 11.291 14.4667 2.3
      vertex 13.5972 16.4556 2.3
    endloop
  endfacet
  facet normal 0 0 -1
    outer loop
      vertex 11.0104 14.8451 2.3
      vertex 13.5972 16.4556 2.3
      vertex 11.291 14.4667 2.3
    endloop
  endfacet
  facet normal -0 0 -1
    outer loop
      vertex 13.5972 16.4556 2.3
      vertex 11.0104 14.8451 2.3
      vertex 13.2494 16.9246 2.3
    endloop
  endfacet
  facet normal 0 0 -1
    outer loop
      vertex 10.6941 15.1941 2.3
      vertex 13.2494 16.9246 2.3
      vertex 11.0104 14.8451 2.3
    endloop
  endfacet
  facet normal -0 0 -1
    outer loop
      vertex 13.2494 16.9246 2.3
      vertex 10.6941 15.1941 2.3
      vertex 12.8573 17.3573 2.3
    endloop
  endfacet
  facet normal -0 0 -1
    outer loop
      vertex 12.8573 17.3573 2.3
      vertex 10.6941 15.1941 2.3
      vertex 12.4246 17.7494 2.3
    endloop
  endfacet
  facet normal 0 0 -1
    outer loop
      vertex 10.3451 15.5104 2.3
      vertex 12.4246 17.7494 2.3
      vertex 10.6941 15.1941 2.3
    endloop
  endfacet
  facet normal -0 0 -1
    outer loop
      vertex 12.4246 17.7494 2.3
      vertex 10.3451 15.5104 2.3
      vertex 11.9556 18.0972 2.3
    endloop
  endfacet
  facet normal 0 0 -1
    outer loop
      vertex 9.96672 15.791 2.3
      vertex 11.9556 18.0972 2.3
      vertex 10.3451 15.5104 2.3
    endloop
  endfacet
  facet normal -0 0 -1
    outer loop
      vertex 11.9556 18.0972 2.3
      vertex 9.96672 15.791 2.3
      vertex 11.4548 18.3974 2.3
    endloop
  endfacet
  facet normal -0 0 -1
    outer loop
      vertex 11.4548 18.3974 2.3
      vertex 9.96672 15.791 2.3
      vertex 10.927 18.6471 2.3
    endloop
  endfacet
  facet normal 0 0 -1
    outer loop
      vertex 9.5627 16.0332 2.3
      vertex 10.927 18.6471 2.3
      vertex 9.96672 15.791 2.3
    endloop
  endfacet
  facet normal -0 0 -1
    outer loop
      vertex 10.927 18.6471 2.3
      vertex 9.5627 16.0332 2.3
      vertex 10.3772 18.8438 2.3
    endloop
  endfacet
  facet normal 0 0 -1
    outer loop
      vertex 9.13687 16.2346 2.3
      vertex 10.3772 18.8438 2.3
      vertex 9.5627 16.0332 2.3
    endloop
  endfacet
  facet normal -0 0 -1
    outer loop
      vertex 10.3772 18.8438 2.3
      vertex 9.13687 16.2346 2.3
      vertex 9.81078 18.9857 2.3
    endloop
  endfacet
  facet normal 0 0 -1
    outer loop
      vertex 8.69336 16.3933 2.3
      vertex 9.81078 18.9857 2.3
      vertex 9.13687 16.2346 2.3
    endloop
  endfacet
  facet normal -0 0 -1
    outer loop
      vertex 9.81078 18.9857 2.3
      vertex 8.69336 16.3933 2.3
      vertex 9.2332 19.0714 2.3
    endloop
  endfacet
  facet normal 0 0 -1
    outer loop
      vertex 8.69336 16.3933 2.3
      vertex 8.64999 19.1 2.3
      vertex 9.2332 19.0714 2.3
    endloop
  endfacet
  facet normal 0 0 -1
    outer loop
      vertex 8.23642 16.5078 2.3
      vertex 8.64999 19.1 2.3
      vertex 8.69336 16.3933 2.3
    endloop
  endfacet
  facet normal 0 0 -1
    outer loop
      vertex 7.77048 16.5769 2.3
      vertex 8.64999 19.1 2.3
      vertex 8.23642 16.5078 2.3
    endloop
  endfacet
  facet normal 0 0 -1
    outer loop
      vertex 7.29999 16.6 2.3
      vertex 8.64999 19.1 2.3
      vertex 7.77048 16.5769 2.3
    endloop
  endfacet
  facet normal 0 0 -1
    outer loop
      vertex -7.29999 16.6 2.3
      vertex 8.64999 19.1 2.3
      vertex 7.29999 16.6 2.3
    endloop
  endfacet
  facet normal 0 0 -1
    outer loop
      vertex -8.64999 19.1 2.3
      vertex -7.29999 16.6 2.3
      vertex -7.77048 16.5769 2.3
    endloop
  endfacet
  facet normal 0 0 -1
    outer loop
      vertex -8.64999 19.1 2.3
      vertex -7.77048 16.5769 2.3
      vertex -8.23642 16.5078 2.3
    endloop
  endfacet
  facet normal 0 0 -1
    outer loop
      vertex -7.29999 16.6 2.3
      vertex -8.64999 19.1 2.3
      vertex 8.64999 19.1 2.3
    endloop
  endfacet
  facet normal 0 0 -1
    outer loop
      vertex -8.69336 16.3933 2.3
      vertex -8.64999 19.1 2.3
      vertex -8.23642 16.5078 2.3
    endloop
  endfacet
  facet normal 0 0 -1
    outer loop
      vertex -9.81078 18.9857 2.3
      vertex -8.69336 16.3933 2.3
      vertex -9.13687 16.2346 2.3
    endloop
  endfacet
  facet normal 0 0 -1
    outer loop
      vertex -8.69336 16.3933 2.3
      vertex -9.2332 19.0714 2.3
      vertex -8.64999 19.1 2.3
    endloop
  endfacet
  facet normal 0 0 -1
    outer loop
      vertex -10.3772 18.8438 2.3
      vertex -9.13687 16.2346 2.3
      vertex -9.5627 16.0332 2.3
    endloop
  endfacet
  facet normal 0 0 -1
    outer loop
      vertex -8.69336 16.3933 2.3
      vertex -9.81078 18.9857 2.3
      vertex -9.2332 19.0714 2.3
    endloop
  endfacet
  facet normal 0 0 -1
    outer loop
      vertex -10.927 18.6471 2.3
      vertex -9.5627 16.0332 2.3
      vertex -9.96672 15.791 2.3
    endloop
  endfacet
  facet normal 0 0 -1
    outer loop
      vertex -11.9556 18.0972 2.3
      vertex -9.96672 15.791 2.3
      vertex -10.3451 15.5104 2.3
    endloop
  endfacet
  facet normal 0 0 -1
    outer loop
      vertex -9.13687 16.2346 2.3
      vertex -10.3772 18.8438 2.3
      vertex -9.81078 18.9857 2.3
    endloop
  endfacet
  facet normal 0 0 -1
    outer loop
      vertex -12.4246 17.7494 2.3
      vertex -10.3451 15.5104 2.3
      vertex -10.6941 15.1941 2.3
    endloop
  endfacet
  facet normal 0 0 -1
    outer loop
      vertex -9.5627 16.0332 2.3
      vertex -10.927 18.6471 2.3
      vertex -10.3772 18.8438 2.3
    endloop
  endfacet
  facet normal 0 0 -1
    outer loop
      vertex -13.2494 16.9246 2.3
      vertex -10.6941 15.1941 2.3
      vertex -11.0104 14.8451 2.3
    endloop
  endfacet
  facet normal 0 0 -1
    outer loop
      vertex -13.5972 16.4556 2.3
      vertex -11.0104 14.8451 2.3
      vertex -11.291 14.4667 2.3
    endloop
  endfacet
  facet normal 0 0 -1
    outer loop
      vertex -9.96672 15.791 2.3
      vertex -11.4548 18.3974 2.3
      vertex -10.927 18.6471 2.3
    endloop
  endfacet
  facet normal 0 0 -1
    outer loop
      vertex -14.1471 15.427 2.3
      vertex -11.291 14.4667 2.3
      vertex -11.5332 14.0627 2.3
    endloop
  endfacet
  facet normal 0 0 -1
    outer loop
      vertex -14.3438 14.8772 2.3
      vertex -11.5332 14.0627 2.3
      vertex -11.7346 13.6369 2.3
    endloop
  endfacet
  facet normal 0 0 -1
    outer loop
      vertex -14.4857 14.3108 2.3
      vertex -11.7346 13.6369 2.3
      vertex -11.8933 13.1934 2.3
    endloop
  endfacet
  facet normal 0 0 -1
    outer loop
      vertex -9.96672 15.791 2.3
      vertex -11.9556 18.0972 2.3
      vertex -11.4548 18.3974 2.3
    endloop
  endfacet
  facet normal 0 0 -1
    outer loop
      vertex -14.6 13.15 2.3
      vertex -11.8933 13.1934 2.3
      vertex -12.0078 12.7364 2.3
    endloop
  endfacet
  facet normal 0 0 -1
    outer loop
      vertex -14.6 13.15 2.3
      vertex -12.0078 12.7364 2.3
      vertex -12.0769 12.2705 2.3
    endloop
  endfacet
  facet normal 0 0 -1
    outer loop
      vertex -14.6 13.15 2.3
      vertex -12.0769 12.2705 2.3
      vertex -12.1 11.8 2.3
    endloop
  endfacet
  facet normal 0 0 -1
    outer loop
      vertex -10.3451 15.5104 2.3
      vertex -12.4246 17.7494 2.3
      vertex -11.9556 18.0972 2.3
    endloop
  endfacet
  facet normal -0 0 -1
    outer loop
      vertex -12.1 -11.8 2.3
      vertex -14.6 -13.15 2.3
      vertex -12.1 11.8 2.3
    endloop
  endfacet
  facet normal -0 0 -1
    outer loop
      vertex -11.5332 -14.0627 2.3
      vertex -14.3438 -14.8772 2.3
      vertex -11.7346 -13.6369 2.3
    endloop
  endfacet
  facet normal 0 0 -1
    outer loop
      vertex -14.6 13.15 2.3
      vertex -12.1 11.8 2.3
      vertex -14.6 -13.15 2.3
    endloop
  endfacet
  facet normal 0 0 -1
    outer loop
      vertex -14.4857 -14.3108 2.3
      vertex -11.7346 -13.6369 2.3
      vertex -14.3438 -14.8772 2.3
    endloop
  endfacet
  facet normal -0 0 -1
    outer loop
      vertex -11.8933 13.1934 2.3
      vertex -14.6 13.15 2.3
      vertex -14.5714 13.7332 2.3
    endloop
  endfacet
  facet normal -0 0 -1
    outer loop
      vertex -11.7346 -13.6369 2.3
      vertex -14.4857 -14.3108 2.3
      vertex -11.8933 -13.1934 2.3
    endloop
  endfacet
  facet normal 0 0 -1
    outer loop
      vertex -10.6941 15.1941 2.3
      vertex -12.8573 17.3573 2.3
      vertex -12.4246 17.7494 2.3
    endloop
  endfacet
  facet normal 0 0 -1
    outer loop
      vertex -14.5714 -13.7332 2.3
      vertex -11.8933 -13.1934 2.3
      vertex -14.4857 -14.3108 2.3
    endloop
  endfacet
  facet normal 0 0 -1
    outer loop
      vertex -10.6941 15.1941 2.3
      vertex -13.2494 16.9246 2.3
      vertex -12.8573 17.3573 2.3
    endloop
  endfacet
  facet normal 0 0 -1
    outer loop
      vertex -14.6 -13.15 2.3
      vertex -11.8933 -13.1934 2.3
      vertex -14.5714 -13.7332 2.3
    endloop
  endfacet
  facet normal 0 0 -1
    outer loop
      vertex -11.0104 14.8451 2.3
      vertex -13.5972 16.4556 2.3
      vertex -13.2494 16.9246 2.3
    endloop
  endfacet
  facet normal 0 0 -1
    outer loop
      vertex -11.8933 -13.1934 2.3
      vertex -14.6 -13.15 2.3
      vertex -12.0078 -12.7364 2.3
    endloop
  endfacet
  facet normal 0 0 -1
    outer loop
      vertex -11.291 14.4667 2.3
      vertex -13.8974 15.9548 2.3
      vertex -13.5972 16.4556 2.3
    endloop
  endfacet
  facet normal -0 0 -1
    outer loop
      vertex -12.0078 -12.7364 2.3
      vertex -14.6 -13.15 2.3
      vertex -12.0769 -12.2705 2.3
    endloop
  endfacet
  facet normal 0 0 -1
    outer loop
      vertex -11.291 14.4667 2.3
      vertex -14.1471 15.427 2.3
      vertex -13.8974 15.9548 2.3
    endloop
  endfacet
  facet normal -0 0 -1
    outer loop
      vertex -12.0769 -12.2705 2.3
      vertex -14.6 -13.15 2.3
      vertex -12.1 -11.8 2.3
    endloop
  endfacet
  facet normal 0 0 -1
    outer loop
      vertex -11.5332 14.0627 2.3
      vertex -14.3438 14.8772 2.3
      vertex -14.1471 15.427 2.3
    endloop
  endfacet
  facet normal 0 0 -1
    outer loop
      vertex -11.7346 13.6369 2.3
      vertex -14.4857 14.3108 2.3
      vertex -14.3438 14.8772 2.3
    endloop
  endfacet
  facet normal 0 0 -1
    outer loop
      vertex -11.8933 13.1934 2.3
      vertex -14.5714 13.7332 2.3
      vertex -14.4857 14.3108 2.3
    endloop
  endfacet
  facet normal -1 0 0
    outer loop
      vertex 14.6 -13.15 0
      vertex 14.6 13.15 2.3
      vertex 14.6 13.15 0
    endloop
  endfacet
  facet normal -1 -0 0
    outer loop
      vertex 14.6 13.15 2.3
      vertex 14.6 -13.15 0
      vertex 14.6 -13.15 2.3
    endloop
  endfacet
  facet normal 0.903943 -0.427652 0
    outer loop
      vertex -14.1471 15.427 2.3
      vertex -13.8974 15.9548 0
      vertex -13.8974 15.9548 2.3
    endloop
  endfacet
  facet normal 0.903943 -0.427652 0
    outer loop
      vertex -13.8974 15.9548 0
      vertex -14.1471 15.427 2.3
      vertex -14.1471 15.427 0
    endloop
  endfacet
  facet normal -0.803235 -0.595662 0
    outer loop
      vertex 13.5972 16.4556 0
      vertex 13.2494 16.9246 2.3
      vertex 13.2494 16.9246 0
    endloop
  endfacet
  facet normal -0.803235 -0.595662 0
    outer loop
      vertex 13.2494 16.9246 2.3
      vertex 13.5972 16.4556 0
      vertex 13.5972 16.4556 2.3
    endloop
  endfacet
  facet normal -0.989171 -0.146766 0
    outer loop
      vertex 14.5714 13.7332 0
      vertex 14.4857 14.3108 2.3
      vertex 14.4857 14.3108 0
    endloop
  endfacet
  facet normal -0.989171 -0.146766 0
    outer loop
      vertex 14.4857 14.3108 2.3
      vertex 14.5714 13.7332 0
      vertex 14.5714 13.7332 2.3
    endloop
  endfacet
  facet normal -0.941556 -0.336857 0
    outer loop
      vertex 14.3438 14.8772 0
      vertex 14.1471 15.427 2.3
      vertex 14.1471 15.427 0
    endloop
  endfacet
  facet normal -0.941556 -0.336857 0
    outer loop
      vertex 14.1471 15.427 2.3
      vertex 14.3438 14.8772 0
      vertex 14.3438 14.8772 2.3
    endloop
  endfacet
  facet normal -0.9988 -0.0489809 0
    outer loop
      vertex 14.6 13.15 0
      vertex 14.5714 13.7332 2.3
      vertex 14.5714 13.7332 0
    endloop
  endfacet
  facet normal -0.9988 -0.0489809 0
    outer loop
      vertex 14.5714 13.7332 2.3
      vertex 14.6 13.15 0
      vertex 14.6 13.15 2.3
    endloop
  endfacet
  facet normal 0.595662 0.803235 -0
    outer loop
      vertex -11.9556 -18.0972 0
      vertex -12.4246 -17.7494 2.3
      vertex -11.9556 -18.0972 2.3
    endloop
  endfacet
  facet normal 0.595662 0.803235 0
    outer loop
      vertex -12.4246 -17.7494 2.3
      vertex -11.9556 -18.0972 0
      vertex -12.4246 -17.7494 0
    endloop
  endfacet
  facet normal 0.514143 0.857704 -0
    outer loop
      vertex -11.4548 -18.3974 0
      vertex -11.9556 -18.0972 2.3
      vertex -11.4548 -18.3974 2.3
    endloop
  endfacet
  facet normal 0.514143 0.857704 0
    outer loop
      vertex -11.9556 -18.0972 2.3
      vertex -11.4548 -18.3974 0
      vertex -11.9556 -18.0972 0
    endloop
  endfacet
  facet normal -0.741016 0.671487 0
    outer loop
      vertex 12.8573 -17.3573 0
      vertex 13.2494 -16.9246 2.3
      vertex 13.2494 -16.9246 0
    endloop
  endfacet
  facet normal -0.741016 0.671487 0
    outer loop
      vertex 13.2494 -16.9246 2.3
      vertex 12.8573 -17.3573 0
      vertex 12.8573 -17.3573 2.3
    endloop
  endfacet
  facet normal 0.857704 0.514143 0
    outer loop
      vertex -13.5972 -16.4556 2.3
      vertex -13.8974 -15.9548 0
      vertex -13.8974 -15.9548 2.3
    endloop
  endfacet
  facet normal 0.857704 0.514143 0
    outer loop
      vertex -13.8974 -15.9548 0
      vertex -13.5972 -16.4556 2.3
      vertex -13.5972 -16.4556 0
    endloop
  endfacet
  facet normal -0.0489801 -0.9988 0
    outer loop
      vertex 8.64999 19.1 0
      vertex 9.2332 19.0714 2.3
      vertex 8.64999 19.1 2.3
    endloop
  endfacet
  facet normal -0.0489801 -0.9988 -0
    outer loop
      vertex 9.2332 19.0714 2.3
      vertex 8.64999 19.1 0
      vertex 9.2332 19.0714 0
    endloop
  endfacet
  facet normal -0.146771 -0.989171 0
    outer loop
      vertex 9.2332 19.0714 0
      vertex 9.81078 18.9857 2.3
      vertex 9.2332 19.0714 2.3
    endloop
  endfacet
  facet normal -0.146771 -0.989171 -0
    outer loop
      vertex 9.81078 18.9857 2.3
      vertex 9.2332 19.0714 0
      vertex 9.81078 18.9857 0
    endloop
  endfacet
  facet normal -0.857704 0.514143 0
    outer loop
      vertex 13.5972 -16.4556 0
      vertex 13.8974 -15.9548 2.3
      vertex 13.8974 -15.9548 0
    endloop
  endfacet
  facet normal -0.857704 0.514143 0
    outer loop
      vertex 13.8974 -15.9548 2.3
      vertex 13.5972 -16.4556 0
      vertex 13.5972 -16.4556 2.3
    endloop
  endfacet
  facet normal -0.741016 -0.671487 0
    outer loop
      vertex 13.2494 16.9246 0
      vertex 12.8573 17.3573 2.3
      vertex 12.8573 17.3573 0
    endloop
  endfacet
  facet normal -0.741016 -0.671487 0
    outer loop
      vertex 12.8573 17.3573 2.3
      vertex 13.2494 16.9246 0
      vertex 13.2494 16.9246 2.3
    endloop
  endfacet
  facet normal -0.336857 0.941556 0
    outer loop
      vertex 10.927 -18.6471 0
      vertex 10.3772 -18.8438 2.3
      vertex 10.927 -18.6471 2.3
    endloop
  endfacet
  facet normal -0.336857 0.941556 0
    outer loop
      vertex 10.3772 -18.8438 2.3
      vertex 10.927 -18.6471 0
      vertex 10.3772 -18.8438 0
    endloop
  endfacet
  facet normal 0.671487 -0.741016 0
    outer loop
      vertex -12.8573 17.3573 0
      vertex -12.4246 17.7494 2.3
      vertex -12.8573 17.3573 2.3
    endloop
  endfacet
  facet normal 0.671487 -0.741016 0
    outer loop
      vertex -12.4246 17.7494 2.3
      vertex -12.8573 17.3573 0
      vertex -12.4246 17.7494 0
    endloop
  endfacet
  facet normal 0.803235 -0.595662 0
    outer loop
      vertex -13.5972 16.4556 2.3
      vertex -13.2494 16.9246 0
      vertex -13.2494 16.9246 2.3
    endloop
  endfacet
  facet normal 0.803235 -0.595662 0
    outer loop
      vertex -13.2494 16.9246 0
      vertex -13.5972 16.4556 2.3
      vertex -13.5972 16.4556 0
    endloop
  endfacet
  facet normal -0.803235 0.595662 0
    outer loop
      vertex 13.2494 -16.9246 0
      vertex 13.5972 -16.4556 2.3
      vertex 13.5972 -16.4556 0
    endloop
  endfacet
  facet normal -0.803235 0.595662 0
    outer loop
      vertex 13.5972 -16.4556 2.3
      vertex 13.2494 -16.9246 0
      vertex 13.2494 -16.9246 2.3
    endloop
  endfacet
  facet normal -0.970021 0.243019 0
    outer loop
      vertex 14.3438 -14.8772 0
      vertex 14.4857 -14.3108 2.3
      vertex 14.4857 -14.3108 0
    endloop
  endfacet
  facet normal -0.970021 0.243019 0
    outer loop
      vertex 14.4857 -14.3108 2.3
      vertex 14.3438 -14.8772 0
      vertex 14.3438 -14.8772 2.3
    endloop
  endfacet
  facet normal -0.243011 0.970024 0
    outer loop
      vertex 10.3772 -18.8438 0
      vertex 9.81078 -18.9857 2.3
      vertex 10.3772 -18.8438 2.3
    endloop
  endfacet
  facet normal -0.243011 0.970024 0
    outer loop
      vertex 9.81078 -18.9857 2.3
      vertex 10.3772 -18.8438 0
      vertex 9.81078 -18.9857 0
    endloop
  endfacet
  facet normal 0.970021 0.243019 0
    outer loop
      vertex -14.3438 -14.8772 2.3
      vertex -14.4857 -14.3108 0
      vertex -14.4857 -14.3108 2.3
    endloop
  endfacet
  facet normal 0.970021 0.243019 0
    outer loop
      vertex -14.4857 -14.3108 0
      vertex -14.3438 -14.8772 2.3
      vertex -14.3438 -14.8772 0
    endloop
  endfacet
  facet normal 0.989171 0.146766 0
    outer loop
      vertex -14.4857 -14.3108 2.3
      vertex -14.5714 -13.7332 0
      vertex -14.5714 -13.7332 2.3
    endloop
  endfacet
  facet normal 0.989171 0.146766 0
    outer loop
      vertex -14.5714 -13.7332 0
      vertex -14.4857 -14.3108 2.3
      vertex -14.4857 -14.3108 0
    endloop
  endfacet
  facet normal -0.671487 -0.741016 0
    outer loop
      vertex 12.4246 17.7494 0
      vertex 12.8573 17.3573 2.3
      vertex 12.4246 17.7494 2.3
    endloop
  endfacet
  facet normal -0.671487 -0.741016 -0
    outer loop
      vertex 12.8573 17.3573 2.3
      vertex 12.4246 17.7494 0
      vertex 12.8573 17.3573 0
    endloop
  endfacet
  facet normal -0.427652 0.903943 0
    outer loop
      vertex 11.4548 -18.3974 0
      vertex 10.927 -18.6471 2.3
      vertex 11.4548 -18.3974 2.3
    endloop
  endfacet
  facet normal -0.427652 0.903943 0
    outer loop
      vertex 10.927 -18.6471 2.3
      vertex 11.4548 -18.3974 0
      vertex 10.927 -18.6471 0
    endloop
  endfacet
  facet normal -0.671487 0.741016 0
    outer loop
      vertex 12.8573 -17.3573 0
      vertex 12.4246 -17.7494 2.3
      vertex 12.8573 -17.3573 2.3
    endloop
  endfacet
  facet normal -0.671487 0.741016 0
    outer loop
      vertex 12.4246 -17.7494 2.3
      vertex 12.8573 -17.3573 0
      vertex 12.4246 -17.7494 0
    endloop
  endfacet
  facet normal 0.803235 0.595662 0
    outer loop
      vertex -13.2494 -16.9246 2.3
      vertex -13.5972 -16.4556 0
      vertex -13.5972 -16.4556 2.3
    endloop
  endfacet
  facet normal 0.803235 0.595662 0
    outer loop
      vertex -13.5972 -16.4556 0
      vertex -13.2494 -16.9246 2.3
      vertex -13.2494 -16.9246 0
    endloop
  endfacet
  facet normal -0.903943 0.427652 0
    outer loop
      vertex 13.8974 -15.9548 0
      vertex 14.1471 -15.427 2.3
      vertex 14.1471 -15.427 0
    endloop
  endfacet
  facet normal -0.903943 0.427652 0
    outer loop
      vertex 14.1471 -15.427 2.3
      vertex 13.8974 -15.9548 0
      vertex 13.8974 -15.9548 2.3
    endloop
  endfacet
  facet normal -0.146771 0.989171 0
    outer loop
      vertex 9.81078 -18.9857 0
      vertex 9.2332 -19.0714 2.3
      vertex 9.81078 -18.9857 2.3
    endloop
  endfacet
  facet normal -0.146771 0.989171 0
    outer loop
      vertex 9.2332 -19.0714 2.3
      vertex 9.81078 -18.9857 0
      vertex 9.2332 -19.0714 0
    endloop
  endfacet
  facet normal 0.741016 -0.671487 0
    outer loop
      vertex -13.2494 16.9246 2.3
      vertex -12.8573 17.3573 0
      vertex -12.8573 17.3573 2.3
    endloop
  endfacet
  facet normal 0.741016 -0.671487 0
    outer loop
      vertex -12.8573 17.3573 0
      vertex -13.2494 16.9246 2.3
      vertex -13.2494 16.9246 0
    endloop
  endfacet
  facet normal 0.741016 0.671487 0
    outer loop
      vertex -12.8573 -17.3573 2.3
      vertex -13.2494 -16.9246 0
      vertex -13.2494 -16.9246 2.3
    endloop
  endfacet
  facet normal 0.741016 0.671487 0
    outer loop
      vertex -13.2494 -16.9246 0
      vertex -12.8573 -17.3573 2.3
      vertex -12.8573 -17.3573 0
    endloop
  endfacet
  facet normal -0.671541 0.740967 0
    outer loop
      vertex 10.6941 -15.1941 2.3
      vertex 10.3451 -15.5104 7.45
      vertex 10.6941 -15.1941 7.45
    endloop
  endfacet
  facet normal -0.671541 0.740967 0
    outer loop
      vertex 10.3451 -15.5104 7.45
      vertex 10.6941 -15.1941 2.3
      vertex 10.3451 -15.5104 2.3
    endloop
  endfacet
  facet normal -0.0490387 0.998797 0
    outer loop
      vertex 7.77048 -16.5769 2.3
      vertex 7.29999 -16.6 7.45
      vertex 7.77048 -16.5769 7.45
    endloop
  endfacet
  facet normal -0.0490387 0.998797 0
    outer loop
      vertex 7.29999 -16.6 7.45
      vertex 7.77048 -16.5769 2.3
      vertex 7.29999 -16.6 2.3
    endloop
  endfacet
  facet normal 0.514165 0.857691 -0
    outer loop
      vertex -9.5627 -16.0332 2.3
      vertex -9.96672 -15.791 7.45
      vertex -9.5627 -16.0332 7.45
    endloop
  endfacet
  facet normal 0.514165 0.857691 0
    outer loop
      vertex -9.96672 -15.791 7.45
      vertex -9.5627 -16.0332 2.3
      vertex -9.96672 -15.791 2.3
    endloop
  endfacet
  facet normal 0.85768 -0.514184 0
    outer loop
      vertex -11.5332 14.0627 7.45
      vertex -11.291 14.4667 2.3
      vertex -11.291 14.4667 7.45
    endloop
  endfacet
  facet normal 0.85768 -0.514184 0
    outer loop
      vertex -11.291 14.4667 2.3
      vertex -11.5332 14.0627 7.45
      vertex -11.5332 14.0627 2.3
    endloop
  endfacet
  facet normal 0.146698 -0.989181 0
    outer loop
      vertex -8.23642 16.5078 2.3
      vertex -7.77048 16.5769 7.45
      vertex -8.23642 16.5078 7.45
    endloop
  endfacet
  facet normal 0.146698 -0.989181 0
    outer loop
      vertex -7.77048 16.5769 7.45
      vertex -8.23642 16.5078 2.3
      vertex -7.77048 16.5769 2.3
    endloop
  endfacet
  facet normal 0.671541 0.740967 -0
    outer loop
      vertex -10.3451 -15.5104 2.3
      vertex -10.6941 -15.1941 7.45
      vertex -10.3451 -15.5104 7.45
    endloop
  endfacet
  facet normal 0.671541 0.740967 0
    outer loop
      vertex -10.6941 -15.1941 7.45
      vertex -10.3451 -15.5104 2.3
      vertex -10.6941 -15.1941 2.3
    endloop
  endfacet
  facet normal -1 0 0
    outer loop
      vertex 12.1 -11.8 2.3
      vertex 12.1 11.8 7.45
      vertex 12.1 11.8 2.3
    endloop
  endfacet
  facet normal -1 -0 0
    outer loop
      vertex 12.1 11.8 7.45
      vertex 12.1 -11.8 2.3
      vertex 12.1 -11.8 7.45
    endloop
  endfacet
  facet normal -0.90398 0.427575 0
    outer loop
      vertex 11.5332 -14.0627 2.3
      vertex 11.7346 -13.6369 7.45
      vertex 11.7346 -13.6369 2.3
    endloop
  endfacet
  facet normal -0.90398 0.427575 0
    outer loop
      vertex 11.7346 -13.6369 7.45
      vertex 11.5332 -14.0627 2.3
      vertex 11.5332 -14.0627 7.45
    endloop
  endfacet
  facet normal 0.740967 0.671541 0
    outer loop
      vertex -10.6941 -15.1941 7.45
      vertex -11.0104 -14.8451 2.3
      vertex -11.0104 -14.8451 7.45
    endloop
  endfacet
  facet normal 0.740967 0.671541 0
    outer loop
      vertex -11.0104 -14.8451 2.3
      vertex -10.6941 -15.1941 7.45
      vertex -10.6941 -15.1941 2.3
    endloop
  endfacet
  facet normal 0.427551 -0.903991 0
    outer loop
      vertex -9.5627 16.0332 2.3
      vertex -9.13687 16.2346 7.45
      vertex -9.5627 16.0332 7.45
    endloop
  endfacet
  facet normal 0.427551 -0.903991 0
    outer loop
      vertex -9.13687 16.2346 7.45
      vertex -9.5627 16.0332 2.3
      vertex -9.13687 16.2346 2.3
    endloop
  endfacet
  facet normal -0.998797 0.0490376 0
    outer loop
      vertex 12.0769 -12.2705 2.3
      vertex 12.1 -11.8 7.45
      vertex 12.1 -11.8 2.3
    endloop
  endfacet
  facet normal -0.998797 0.0490376 0
    outer loop
      vertex 12.1 -11.8 7.45
      vertex 12.0769 -12.2705 2.3
      vertex 12.0769 -12.2705 7.45
    endloop
  endfacet
  facet normal 0.0490387 0.998797 -0
    outer loop
      vertex -7.29999 -16.6 2.3
      vertex -7.77048 -16.5769 7.45
      vertex -7.29999 -16.6 7.45
    endloop
  endfacet
  facet normal 0.0490387 0.998797 0
    outer loop
      vertex -7.77048 -16.5769 7.45
      vertex -7.29999 -16.6 2.3
      vertex -7.77048 -16.5769 2.3
    endloop
  endfacet
  facet normal 0.85768 0.514184 0
    outer loop
      vertex -11.291 -14.4667 7.45
      vertex -11.5332 -14.0627 2.3
      vertex -11.5332 -14.0627 7.45
    endloop
  endfacet
  facet normal 0.85768 0.514184 0
    outer loop
      vertex -11.5332 -14.0627 2.3
      vertex -11.291 -14.4667 7.45
      vertex -11.291 -14.4667 2.3
    endloop
  endfacet
  facet normal -0.595664 -0.803234 0
    outer loop
      vertex 9.96672 15.791 2.3
      vertex 10.3451 15.5104 7.45
      vertex 9.96672 15.791 7.45
    endloop
  endfacet
  facet normal -0.595664 -0.803234 -0
    outer loop
      vertex 10.3451 15.5104 7.45
      vertex 9.96672 15.791 2.3
      vertex 10.3451 15.5104 2.3
    endloop
  endfacet
  facet normal 0.146698 0.989181 -0
    outer loop
      vertex -7.77048 -16.5769 2.3
      vertex -8.23642 -16.5078 7.45
      vertex -7.77048 -16.5769 7.45
    endloop
  endfacet
  facet normal 0.146698 0.989181 0
    outer loop
      vertex -8.23642 -16.5078 7.45
      vertex -7.77048 -16.5769 2.3
      vertex -8.23642 -16.5078 2.3
    endloop
  endfacet
  facet normal 0.970018 0.243035 0
    outer loop
      vertex -11.8933 -13.1934 7.45
      vertex -12.0078 -12.7364 2.3
      vertex -12.0078 -12.7364 7.45
    endloop
  endfacet
  facet normal 0.970018 0.243035 0
    outer loop
      vertex -12.0078 -12.7364 2.3
      vertex -11.8933 -13.1934 7.45
      vertex -11.8933 -13.1934 2.3
    endloop
  endfacet
  facet normal 0 1 -0
    outer loop
      vertex 7.29999 -16.6 2.3
      vertex -7.29999 -16.6 7.45
      vertex 7.29999 -16.6 7.45
    endloop
  endfacet
  facet normal 0 1 0
    outer loop
      vertex -7.29999 -16.6 7.45
      vertex 7.29999 -16.6 2.3
      vertex -7.29999 -16.6 2.3
    endloop
  endfacet
  facet normal -0.671541 -0.740967 0
    outer loop
      vertex 10.3451 15.5104 2.3
      vertex 10.6941 15.1941 7.45
      vertex 10.3451 15.5104 7.45
    endloop
  endfacet
  facet normal -0.671541 -0.740967 -0
    outer loop
      vertex 10.6941 15.1941 7.45
      vertex 10.3451 15.5104 2.3
      vertex 10.6941 15.1941 2.3
    endloop
  endfacet
  facet normal 0.98918 0.14671 0
    outer loop
      vertex -12.0078 -12.7364 7.45
      vertex -12.0769 -12.2705 2.3
      vertex -12.0769 -12.2705 7.45
    endloop
  endfacet
  facet normal 0.98918 0.14671 0
    outer loop
      vertex -12.0769 -12.2705 2.3
      vertex -12.0078 -12.7364 7.45
      vertex -12.0078 -12.7364 2.3
    endloop
  endfacet
  facet normal -0.146698 -0.989181 0
    outer loop
      vertex 7.77048 16.5769 2.3
      vertex 8.23642 16.5078 7.45
      vertex 7.77048 16.5769 7.45
    endloop
  endfacet
  facet normal -0.146698 -0.989181 -0
    outer loop
      vertex 8.23642 16.5078 7.45
      vertex 7.77048 16.5769 2.3
      vertex 8.23642 16.5078 2.3
    endloop
  endfacet
  facet normal -0.514165 -0.857691 0
    outer loop
      vertex 9.5627 16.0332 2.3
      vertex 9.96672 15.791 7.45
      vertex 9.5627 16.0332 7.45
    endloop
  endfacet
  facet normal -0.514165 -0.857691 -0
    outer loop
      vertex 9.96672 15.791 7.45
      vertex 9.5627 16.0332 2.3
      vertex 9.96672 15.791 2.3
    endloop
  endfacet
  facet normal -0.514165 0.857691 0
    outer loop
      vertex 9.96672 -15.791 2.3
      vertex 9.5627 -16.0332 7.45
      vertex 9.96672 -15.791 7.45
    endloop
  endfacet
  facet normal -0.514165 0.857691 0
    outer loop
      vertex 9.5627 -16.0332 7.45
      vertex 9.96672 -15.791 2.3
      vertex 9.5627 -16.0332 2.3
    endloop
  endfacet
  facet normal 0.941535 0.336915 0
    outer loop
      vertex -11.7346 -13.6369 7.45
      vertex -11.8933 -13.1934 2.3
      vertex -11.8933 -13.1934 7.45
    endloop
  endfacet
  facet normal 0.941535 0.336915 0
    outer loop
      vertex -11.8933 -13.1934 2.3
      vertex -11.7346 -13.6369 7.45
      vertex -11.7346 -13.6369 2.3
    endloop
  endfacet
  facet normal 0.998797 0.0490376 0
    outer loop
      vertex -12.0769 -12.2705 7.45
      vertex -12.1 -11.8 2.3
      vertex -12.1 -11.8 7.45
    endloop
  endfacet
  facet normal 0.998797 0.0490376 0
    outer loop
      vertex -12.1 -11.8 2.3
      vertex -12.0769 -12.2705 7.45
      vertex -12.0769 -12.2705 2.3
    endloop
  endfacet
  facet normal 0 -1 0
    outer loop
      vertex -7.29999 16.6 2.3
      vertex 7.29999 16.6 7.45
      vertex -7.29999 16.6 7.45
    endloop
  endfacet
  facet normal 0 -1 -0
    outer loop
      vertex 7.29999 16.6 7.45
      vertex -7.29999 16.6 2.3
      vertex 7.29999 16.6 2.3
    endloop
  endfacet
  facet normal 0.803249 0.595644 0
    outer loop
      vertex -11.0104 -14.8451 7.45
      vertex -11.291 -14.4667 2.3
      vertex -11.291 -14.4667 7.45
    endloop
  endfacet
  facet normal 0.803249 0.595644 0
    outer loop
      vertex -11.291 -14.4667 2.3
      vertex -11.0104 -14.8451 7.45
      vertex -11.0104 -14.8451 2.3
    endloop
  endfacet
  facet normal 0.0490387 -0.998797 0
    outer loop
      vertex -7.77048 16.5769 2.3
      vertex -7.29999 16.6 7.45
      vertex -7.77048 16.5769 7.45
    endloop
  endfacet
  facet normal 0.0490387 -0.998797 0
    outer loop
      vertex -7.29999 16.6 7.45
      vertex -7.77048 16.5769 2.3
      vertex -7.29999 16.6 2.3
    endloop
  endfacet
  facet normal -0.427551 0.903991 0
    outer loop
      vertex 9.5627 -16.0332 2.3
      vertex 9.13687 -16.2346 7.45
      vertex 9.5627 -16.0332 7.45
    endloop
  endfacet
  facet normal -0.427551 0.903991 0
    outer loop
      vertex 9.13687 -16.2346 7.45
      vertex 9.5627 -16.0332 2.3
      vertex 9.13687 -16.2346 2.3
    endloop
  endfacet
  facet normal 0.243065 0.97001 -0
    outer loop
      vertex -8.23642 -16.5078 2.3
      vertex -8.69336 -16.3933 7.45
      vertex -8.23642 -16.5078 7.45
    endloop
  endfacet
  facet normal 0.243065 0.97001 0
    outer loop
      vertex -8.69336 -16.3933 7.45
      vertex -8.23642 -16.5078 2.3
      vertex -8.69336 -16.3933 2.3
    endloop
  endfacet
  facet normal 0.336908 0.941538 -0
    outer loop
      vertex -8.69336 -16.3933 2.3
      vertex -9.13687 -16.2346 7.45
      vertex -8.69336 -16.3933 7.45
    endloop
  endfacet
  facet normal 0.336908 0.941538 0
    outer loop
      vertex -9.13687 -16.2346 7.45
      vertex -8.69336 -16.3933 2.3
      vertex -9.13687 -16.2346 2.3
    endloop
  endfacet
  facet normal 0.941535 -0.336915 0
    outer loop
      vertex -11.8933 13.1934 7.45
      vertex -11.7346 13.6369 2.3
      vertex -11.7346 13.6369 7.45
    endloop
  endfacet
  facet normal 0.941535 -0.336915 0
    outer loop
      vertex -11.7346 13.6369 2.3
      vertex -11.8933 13.1934 7.45
      vertex -11.8933 13.1934 2.3
    endloop
  endfacet
  facet normal -0.243065 -0.97001 0
    outer loop
      vertex 8.23642 16.5078 2.3
      vertex 8.69336 16.3933 7.45
      vertex 8.23642 16.5078 7.45
    endloop
  endfacet
  facet normal -0.243065 -0.97001 -0
    outer loop
      vertex 8.69336 16.3933 7.45
      vertex 8.23642 16.5078 2.3
      vertex 8.69336 16.3933 2.3
    endloop
  endfacet
  facet normal -0.970018 -0.243035 0
    outer loop
      vertex 12.0078 12.7364 2.3
      vertex 11.8933 13.1934 7.45
      vertex 11.8933 13.1934 2.3
    endloop
  endfacet
  facet normal -0.970018 -0.243035 0
    outer loop
      vertex 11.8933 13.1934 7.45
      vertex 12.0078 12.7364 2.3
      vertex 12.0078 12.7364 7.45
    endloop
  endfacet
  facet normal -0.85768 -0.514184 0
    outer loop
      vertex 11.5332 14.0627 2.3
      vertex 11.291 14.4667 7.45
      vertex 11.291 14.4667 2.3
    endloop
  endfacet
  facet normal -0.85768 -0.514184 0
    outer loop
      vertex 11.291 14.4667 7.45
      vertex 11.5332 14.0627 2.3
      vertex 11.5332 14.0627 7.45
    endloop
  endfacet
  facet normal -0.90398 -0.427575 0
    outer loop
      vertex 11.7346 13.6369 2.3
      vertex 11.5332 14.0627 7.45
      vertex 11.5332 14.0627 2.3
    endloop
  endfacet
  facet normal -0.90398 -0.427575 0
    outer loop
      vertex 11.5332 14.0627 7.45
      vertex 11.7346 13.6369 2.3
      vertex 11.7346 13.6369 7.45
    endloop
  endfacet
  facet normal 0.90398 -0.427575 0
    outer loop
      vertex -11.7346 13.6369 7.45
      vertex -11.5332 14.0627 2.3
      vertex -11.5332 14.0627 7.45
    endloop
  endfacet
  facet normal 0.90398 -0.427575 0
    outer loop
      vertex -11.5332 14.0627 2.3
      vertex -11.7346 13.6369 7.45
      vertex -11.7346 13.6369 2.3
    endloop
  endfacet
  facet normal 0.595664 0.803234 -0
    outer loop
      vertex -9.96672 -15.791 2.3
      vertex -10.3451 -15.5104 7.45
      vertex -9.96672 -15.791 7.45
    endloop
  endfacet
  facet normal 0.595664 0.803234 0
    outer loop
      vertex -10.3451 -15.5104 7.45
      vertex -9.96672 -15.791 2.3
      vertex -10.3451 -15.5104 2.3
    endloop
  endfacet
  facet normal -0.336908 -0.941538 0
    outer loop
      vertex 8.69336 16.3933 2.3
      vertex 9.13687 16.2346 7.45
      vertex 8.69336 16.3933 7.45
    endloop
  endfacet
  facet normal -0.336908 -0.941538 -0
    outer loop
      vertex 9.13687 16.2346 7.45
      vertex 8.69336 16.3933 2.3
      vertex 9.13687 16.2346 2.3
    endloop
  endfacet
  facet normal 0.970018 -0.243035 0
    outer loop
      vertex -12.0078 12.7364 7.45
      vertex -11.8933 13.1934 2.3
      vertex -11.8933 13.1934 7.45
    endloop
  endfacet
  facet normal 0.970018 -0.243035 0
    outer loop
      vertex -11.8933 13.1934 2.3
      vertex -12.0078 12.7364 7.45
      vertex -12.0078 12.7364 2.3
    endloop
  endfacet
  facet normal 0.671541 -0.740967 0
    outer loop
      vertex -10.6941 15.1941 2.3
      vertex -10.3451 15.5104 7.45
      vertex -10.6941 15.1941 7.45
    endloop
  endfacet
  facet normal 0.671541 -0.740967 0
    outer loop
      vertex -10.3451 15.5104 7.45
      vertex -10.6941 15.1941 2.3
      vertex -10.3451 15.5104 2.3
    endloop
  endfacet
  facet normal 1 -0 0
    outer loop
      vertex -12.1 -11.8 7.45
      vertex -12.1 11.8 2.3
      vertex -12.1 11.8 7.45
    endloop
  endfacet
  facet normal 1 0 0
    outer loop
      vertex -12.1 11.8 2.3
      vertex -12.1 -11.8 7.45
      vertex -12.1 -11.8 2.3
    endloop
  endfacet
  facet normal -0.740967 0.671541 0
    outer loop
      vertex 10.6941 -15.1941 2.3
      vertex 11.0104 -14.8451 7.45
      vertex 11.0104 -14.8451 2.3
    endloop
  endfacet
  facet normal -0.740967 0.671541 0
    outer loop
      vertex 11.0104 -14.8451 7.45
      vertex 10.6941 -15.1941 2.3
      vertex 10.6941 -15.1941 7.45
    endloop
  endfacet
  facet normal 0.90398 0.427575 0
    outer loop
      vertex -11.5332 -14.0627 7.45
      vertex -11.7346 -13.6369 2.3
      vertex -11.7346 -13.6369 7.45
    endloop
  endfacet
  facet normal 0.90398 0.427575 0
    outer loop
      vertex -11.7346 -13.6369 2.3
      vertex -11.5332 -14.0627 7.45
      vertex -11.5332 -14.0627 2.3
    endloop
  endfacet
  facet normal 0.998797 -0.0490376 0
    outer loop
      vertex -12.1 11.8 7.45
      vertex -12.0769 12.2705 2.3
      vertex -12.0769 12.2705 7.45
    endloop
  endfacet
  facet normal 0.998797 -0.0490376 0
    outer loop
      vertex -12.0769 12.2705 2.3
      vertex -12.1 11.8 7.45
      vertex -12.1 11.8 2.3
    endloop
  endfacet
  facet normal 0.98918 -0.14671 0
    outer loop
      vertex -12.0769 12.2705 7.45
      vertex -12.0078 12.7364 2.3
      vertex -12.0078 12.7364 7.45
    endloop
  endfacet
  facet normal 0.98918 -0.14671 0
    outer loop
      vertex -12.0078 12.7364 2.3
      vertex -12.0769 12.2705 7.45
      vertex -12.0769 12.2705 2.3
    endloop
  endfacet
  facet normal -0.941535 0.336915 0
    outer loop
      vertex 11.7346 -13.6369 2.3
      vertex 11.8933 -13.1934 7.45
      vertex 11.8933 -13.1934 2.3
    endloop
  endfacet
  facet normal -0.941535 0.336915 0
    outer loop
      vertex 11.8933 -13.1934 7.45
      vertex 11.7346 -13.6369 2.3
      vertex 11.7346 -13.6369 7.45
    endloop
  endfacet
  facet normal 0.740967 -0.671541 0
    outer loop
      vertex -11.0104 14.8451 7.45
      vertex -10.6941 15.1941 2.3
      vertex -10.6941 15.1941 7.45
    endloop
  endfacet
  facet normal 0.740967 -0.671541 0
    outer loop
      vertex -10.6941 15.1941 2.3
      vertex -11.0104 14.8451 7.45
      vertex -11.0104 14.8451 2.3
    endloop
  endfacet
  facet normal 0.427551 0.903991 -0
    outer loop
      vertex -9.13687 -16.2346 2.3
      vertex -9.5627 -16.0332 7.45
      vertex -9.13687 -16.2346 7.45
    endloop
  endfacet
  facet normal 0.427551 0.903991 0
    outer loop
      vertex -9.5627 -16.0332 7.45
      vertex -9.13687 -16.2346 2.3
      vertex -9.5627 -16.0332 2.3
    endloop
  endfacet
  facet normal 0.243065 -0.97001 0
    outer loop
      vertex -8.69336 16.3933 2.3
      vertex -8.23642 16.5078 7.45
      vertex -8.69336 16.3933 7.45
    endloop
  endfacet
  facet normal 0.243065 -0.97001 0
    outer loop
      vertex -8.23642 16.5078 7.45
      vertex -8.69336 16.3933 2.3
      vertex -8.23642 16.5078 2.3
    endloop
  endfacet
  facet normal 0.336908 -0.941538 0
    outer loop
      vertex -9.13687 16.2346 2.3
      vertex -8.69336 16.3933 7.45
      vertex -9.13687 16.2346 7.45
    endloop
  endfacet
  facet normal 0.336908 -0.941538 0
    outer loop
      vertex -8.69336 16.3933 7.45
      vertex -9.13687 16.2346 2.3
      vertex -8.69336 16.3933 2.3
    endloop
  endfacet
  facet normal -0.595664 0.803234 0
    outer loop
      vertex 10.3451 -15.5104 2.3
      vertex 9.96672 -15.791 7.45
      vertex 10.3451 -15.5104 7.45
    endloop
  endfacet
  facet normal -0.595664 0.803234 0
    outer loop
      vertex 9.96672 -15.791 7.45
      vertex 10.3451 -15.5104 2.3
      vertex 9.96672 -15.791 2.3
    endloop
  endfacet
  facet normal -0.998797 -0.0490376 0
    outer loop
      vertex 12.1 11.8 2.3
      vertex 12.0769 12.2705 7.45
      vertex 12.0769 12.2705 2.3
    endloop
  endfacet
  facet normal -0.998797 -0.0490376 0
    outer loop
      vertex 12.0769 12.2705 7.45
      vertex 12.1 11.8 2.3
      vertex 12.1 11.8 7.45
    endloop
  endfacet
  facet normal -0.941535 -0.336915 0
    outer loop
      vertex 11.8933 13.1934 2.3
      vertex 11.7346 13.6369 7.45
      vertex 11.7346 13.6369 2.3
    endloop
  endfacet
  facet normal -0.941535 -0.336915 0
    outer loop
      vertex 11.7346 13.6369 7.45
      vertex 11.8933 13.1934 2.3
      vertex 11.8933 13.1934 7.45
    endloop
  endfacet
  facet normal -0.0490387 -0.998797 0
    outer loop
      vertex 7.29999 16.6 2.3
      vertex 7.77048 16.5769 7.45
      vertex 7.29999 16.6 7.45
    endloop
  endfacet
  facet normal -0.0490387 -0.998797 -0
    outer loop
      vertex 7.77048 16.5769 7.45
      vertex 7.29999 16.6 2.3
      vertex 7.77048 16.5769 2.3
    endloop
  endfacet
  facet normal -0.243065 0.97001 0
    outer loop
      vertex 8.69336 -16.3933 2.3
      vertex 8.23642 -16.5078 7.45
      vertex 8.69336 -16.3933 7.45
    endloop
  endfacet
  facet normal -0.243065 0.97001 0
    outer loop
      vertex 8.23642 -16.5078 7.45
      vertex 8.69336 -16.3933 2.3
      vertex 8.23642 -16.5078 2.3
    endloop
  endfacet
  facet normal -0.740967 -0.671541 0
    outer loop
      vertex 11.0104 14.8451 2.3
      vertex 10.6941 15.1941 7.45
      vertex 10.6941 15.1941 2.3
    endloop
  endfacet
  facet normal -0.740967 -0.671541 0
    outer loop
      vertex 10.6941 15.1941 7.45
      vertex 11.0104 14.8451 2.3
      vertex 11.0104 14.8451 7.45
    endloop
  endfacet
  facet normal -0.803249 -0.595644 0
    outer loop
      vertex 11.291 14.4667 2.3
      vertex 11.0104 14.8451 7.45
      vertex 11.0104 14.8451 2.3
    endloop
  endfacet
  facet normal -0.803249 -0.595644 0
    outer loop
      vertex 11.0104 14.8451 7.45
      vertex 11.291 14.4667 2.3
      vertex 11.291 14.4667 7.45
    endloop
  endfacet
  facet normal 0 0 -1
    outer loop
      vertex 7.7271 -9.05537 7.45
      vertex 12.1 -11.8 7.45
      vertex 12.0769 -12.2705 7.45
    endloop
  endfacet
  facet normal 0 0 -1
    outer loop
      vertex 12.1 -11.8 7.45
      vertex 8.75537 -6.5729 7.45
      vertex 12.1 11.8 7.45
    endloop
  endfacet
  facet normal 0 0 -1
    outer loop
      vertex 7.7271 -9.05537 7.45
      vertex 12.0769 -12.2705 7.45
      vertex 12.0078 -12.7364 7.45
    endloop
  endfacet
  facet normal 0 0 -1
    outer loop
      vertex 12.1 -11.8 7.45
      vertex 8.81819 -6.74846 7.45
      vertex 8.75537 -6.5729 7.45
    endloop
  endfacet
  facet normal 0 0 -1
    outer loop
      vertex 7.7271 -9.05537 7.45
      vertex 12.0078 -12.7364 7.45
      vertex 11.8933 -13.1934 7.45
    endloop
  endfacet
  facet normal 0 0 -1
    outer loop
      vertex 8.67565 -6.40435 7.45
      vertex 12.1 11.8 7.45
      vertex 8.75537 -6.5729 7.45
    endloop
  endfacet
  facet normal 0 0 -1
    outer loop
      vertex 7.55154 -9.11819 7.45
      vertex 11.8933 -13.1934 7.45
      vertex 11.7346 -13.6369 7.45
    endloop
  endfacet
  facet normal 0 0 -1
    outer loop
      vertex 8.57979 -6.24442 7.45
      vertex 12.1 11.8 7.45
      vertex 8.67565 -6.40435 7.45
    endloop
  endfacet
  facet normal 0 0 -1
    outer loop
      vertex 7.55154 -9.11819 7.45
      vertex 11.7346 -13.6369 7.45
      vertex 11.5332 -14.0627 7.45
    endloop
  endfacet
  facet normal 0 0 -1
    outer loop
      vertex 12.1 -11.8 7.45
      vertex 8.86349 -6.92933 7.45
      vertex 8.81819 -6.74846 7.45
    endloop
  endfacet
  facet normal 0 0 -1
    outer loop
      vertex 7.55154 -9.11819 7.45
      vertex 11.5332 -14.0627 7.45
      vertex 11.291 -14.4667 7.45
    endloop
  endfacet
  facet normal 0 0 -1
    outer loop
      vertex 8.46872 -6.09465 7.45
      vertex 12.1 11.8 7.45
      vertex 8.57979 -6.24442 7.45
    endloop
  endfacet
  facet normal 0 0 -1
    outer loop
      vertex 7.55154 -9.11819 7.45
      vertex 11.291 -14.4667 7.45
      vertex 11.0104 -14.8451 7.45
    endloop
  endfacet
  facet normal 0 0 -1
    outer loop
      vertex 8.3435 -5.9565 7.45
      vertex 12.1 11.8 7.45
      vertex 8.46872 -6.09465 7.45
    endloop
  endfacet
  facet normal 0 0 -1
    outer loop
      vertex 7.37067 -9.16349 7.45
      vertex 11.0104 -14.8451 7.45
      vertex 10.6941 -15.1941 7.45
    endloop
  endfacet
  facet normal 0 0 -1
    outer loop
      vertex 12.1 -11.8 7.45
      vertex 8.89085 -7.11377 7.45
      vertex 8.86349 -6.92933 7.45
    endloop
  endfacet
  facet normal 0 0 -1
    outer loop
      vertex 7.37067 -9.16349 7.45
      vertex 10.6941 -15.1941 7.45
      vertex 10.3451 -15.5104 7.45
    endloop
  endfacet
  facet normal 0 0 -1
    outer loop
      vertex 8.20535 -5.83128 7.45
      vertex 12.1 11.8 7.45
      vertex 8.3435 -5.9565 7.45
    endloop
  endfacet
  facet normal 0 0 -1
    outer loop
      vertex 7.37067 -9.16349 7.45
      vertex 10.3451 -15.5104 7.45
      vertex 9.96672 -15.791 7.45
    endloop
  endfacet
  facet normal 0 0 -1
    outer loop
      vertex 8.05558 -5.72021 7.45
      vertex 12.1 11.8 7.45
      vertex 8.20535 -5.83128 7.45
    endloop
  endfacet
  facet normal 0 0 -1
    outer loop
      vertex 7.37067 -9.16349 7.45
      vertex 9.96672 -15.791 7.45
      vertex 9.5627 -16.0332 7.45
    endloop
  endfacet
  facet normal 0 0 -1
    outer loop
      vertex 12.1 -11.8 7.45
      vertex 8.9 -7.3 7.45
      vertex 8.89085 -7.11377 7.45
    endloop
  endfacet
  facet normal 0 0 -1
    outer loop
      vertex 7.18623 -9.19085 7.45
      vertex 9.5627 -16.0332 7.45
      vertex 9.13687 -16.2346 7.45
    endloop
  endfacet
  facet normal 0 0 -1
    outer loop
      vertex 4.38381 -1.38417 7.45
      vertex 12.1 11.8 7.45
      vertex 8.05558 -5.72021 7.45
    endloop
  endfacet
  facet normal 0 0 -1
    outer loop
      vertex 4.37206 -1.35933 7.45
      vertex 12.1 11.8 7.45
      vertex 4.38381 -1.38417 7.45
    endloop
  endfacet
  facet normal 0 0 -1
    outer loop
      vertex 12.1 -11.8 7.45
      vertex 8.89085 -7.48623 7.45
      vertex 8.9 -7.3 7.45
    endloop
  endfacet
  facet normal 0 0 -1
    outer loop
      vertex 12.1 -11.8 7.45
      vertex 8.86349 -7.67067 7.45
      vertex 8.89085 -7.48623 7.45
    endloop
  endfacet
  facet normal 0 0 -1
    outer loop
      vertex 12.1 -11.8 7.45
      vertex 8.81819 -7.85154 7.45
      vertex 8.86349 -7.67067 7.45
    endloop
  endfacet
  facet normal 0 0 -1
    outer loop
      vertex 12.1 -11.8 7.45
      vertex 8.75537 -8.0271 7.45
      vertex 8.81819 -7.85154 7.45
    endloop
  endfacet
  facet normal 0 0 -1
    outer loop
      vertex 7.18623 -9.19085 7.45
      vertex 9.13687 -16.2346 7.45
      vertex 8.69336 -16.3933 7.45
    endloop
  endfacet
  facet normal 0 0 -1
    outer loop
      vertex 12.1 -11.8 7.45
      vertex 8.67565 -8.19565 7.45
      vertex 8.75537 -8.0271 7.45
    endloop
  endfacet
  facet normal 0 0 -1
    outer loop
      vertex 12.1 -11.8 7.45
      vertex 8.57979 -8.35558 7.45
      vertex 8.67565 -8.19565 7.45
    endloop
  endfacet
  facet normal 0 0 -1
    outer loop
      vertex 12.1 -11.8 7.45
      vertex 8.46872 -8.50535 7.45
      vertex 8.57979 -8.35558 7.45
    endloop
  endfacet
  facet normal 0 0 -1
    outer loop
      vertex 12.1 -11.8 7.45
      vertex 8.3435 -8.6435 7.45
      vertex 8.46872 -8.50535 7.45
    endloop
  endfacet
  facet normal 0 0 -1
    outer loop
      vertex 7.18623 -9.19085 7.45
      vertex 8.69336 -16.3933 7.45
      vertex 8.23642 -16.5078 7.45
    endloop
  endfacet
  facet normal 0 0 -1
    outer loop
      vertex 12.1 -11.8 7.45
      vertex 8.20535 -8.76872 7.45
      vertex 8.3435 -8.6435 7.45
    endloop
  endfacet
  facet normal 0 0 -1
    outer loop
      vertex 12.1 -11.8 7.45
      vertex 8.05558 -8.87979 7.45
      vertex 8.20535 -8.76872 7.45
    endloop
  endfacet
  facet normal 0 0 -1
    outer loop
      vertex 12.1 -11.8 7.45
      vertex 7.89565 -8.97565 7.45
      vertex 8.05558 -8.87979 7.45
    endloop
  endfacet
  facet normal 0 0 -1
    outer loop
      vertex 7.18623 -9.19085 7.45
      vertex 8.23642 -16.5078 7.45
      vertex 7.77048 -16.5769 7.45
    endloop
  endfacet
  facet normal 0 0 -1
    outer loop
      vertex 12.1 -11.8 7.45
      vertex 7.7271 -9.05537 7.45
      vertex 7.89565 -8.97565 7.45
    endloop
  endfacet
  facet normal 0 0 -1
    outer loop
      vertex 11.8933 -13.1934 7.45
      vertex 7.55154 -9.11819 7.45
      vertex 7.7271 -9.05537 7.45
    endloop
  endfacet
  facet normal 0 0 -1
    outer loop
      vertex 11.0104 -14.8451 7.45
      vertex 7.37067 -9.16349 7.45
      vertex 7.55154 -9.11819 7.45
    endloop
  endfacet
  facet normal 0 0 -1
    outer loop
      vertex 7.18623 -9.19085 7.45
      vertex 7.77048 -16.5769 7.45
      vertex 7.29999 -16.6 7.45
    endloop
  endfacet
  facet normal 0 0 -1
    outer loop
      vertex 9.5627 -16.0332 7.45
      vertex 7.18623 -9.19085 7.45
      vertex 7.37067 -9.16349 7.45
    endloop
  endfacet
  facet normal 0 0 -1
    outer loop
      vertex 7.29999 -16.6 7.45
      vertex 7 -9.2 7.45
      vertex 7.18623 -9.19085 7.45
    endloop
  endfacet
  facet normal 0 0 -1
    outer loop
      vertex 7.29999 -16.6 7.45
      vertex 6.81377 -9.19085 7.45
      vertex 7 -9.2 7.45
    endloop
  endfacet
  facet normal 0 0 -1
    outer loop
      vertex 7.29999 -16.6 7.45
      vertex 6.62933 -9.16349 7.45
      vertex 6.81377 -9.19085 7.45
    endloop
  endfacet
  facet normal 0 0 -1
    outer loop
      vertex 7.29999 -16.6 7.45
      vertex 6.44846 -9.11819 7.45
      vertex 6.62933 -9.16349 7.45
    endloop
  endfacet
  facet normal 0 0 -1
    outer loop
      vertex 7.29999 -16.6 7.45
      vertex 6.2729 -9.05537 7.45
      vertex 6.44846 -9.11819 7.45
    endloop
  endfacet
  facet normal 0 0 -1
    outer loop
      vertex 7.29999 -16.6 7.45
      vertex 6.10435 -8.97565 7.45
      vertex 6.2729 -9.05537 7.45
    endloop
  endfacet
  facet normal 0 0 -1
    outer loop
      vertex 7.29999 -16.6 7.45
      vertex 5.94442 -8.87979 7.45
      vertex 6.10435 -8.97565 7.45
    endloop
  endfacet
  facet normal 0 0 -1
    outer loop
      vertex 7.29999 -16.6 7.45
      vertex 5.79465 -8.76872 7.45
      vertex 5.94442 -8.87979 7.45
    endloop
  endfacet
  facet normal 0 0 -1
    outer loop
      vertex 0.925704 -7.85383 7.45
      vertex 5.79465 -8.76872 7.45
      vertex 7.29999 -16.6 7.45
    endloop
  endfacet
  facet normal 0 -0 -1
    outer loop
      vertex 1.35075 -7.74736 7.45
      vertex 5.79465 -8.76872 7.45
      vertex 0.925704 -7.85383 7.45
    endloop
  endfacet
  facet normal 0 -0 -1
    outer loop
      vertex 1.3774 -7.74068 7.45
      vertex 5.79465 -8.76872 7.45
      vertex 1.35075 -7.74736 7.45
    endloop
  endfacet
  facet normal 0 -0 -1
    outer loop
      vertex 1.40327 -7.73142 7.45
      vertex 5.6565 -8.6435 7.45
      vertex 1.3774 -7.74068 7.45
    endloop
  endfacet
  facet normal 0 0 -1
    outer loop
      vertex 5.6565 -8.6435 7.45
      vertex 1.81583 -7.58381 7.45
      vertex 5.53128 -8.50535 7.45
    endloop
  endfacet
  facet normal 0 -0 -1
    outer loop
      vertex 1.84067 -7.57206 7.45
      vertex 5.53128 -8.50535 7.45
      vertex 1.81583 -7.58381 7.45
    endloop
  endfacet
  facet normal 0 0 -1
    outer loop
      vertex 5.53128 -8.50535 7.45
      vertex 1.84067 -7.57206 7.45
      vertex 5.42021 -8.35558 7.45
    endloop
  endfacet
  facet normal 0 0 -1
    outer loop
      vertex 3.35522 -6.55522 7.45
      vertex 5.1 -7.3 7.45
      vertex 5.10915 -7.48623 7.45
    endloop
  endfacet
  facet normal 0 0 -1
    outer loop
      vertex 5.1 -7.3 7.45
      vertex 4.74365 -3.22744 7.45
      vertex 4.745 -3.2 7.45
    endloop
  endfacet
  facet normal 0 0 -1
    outer loop
      vertex 5.1 -7.3 7.45
      vertex 4.72215 -3.66509 7.45
      vertex 4.74365 -3.22744 7.45
    endloop
  endfacet
  facet normal 0 0 -1
    outer loop
      vertex 5.1 -7.3 7.45
      vertex 4.65786 -4.09852 7.45
      vertex 4.72215 -3.66509 7.45
    endloop
  endfacet
  facet normal 0 0 -1
    outer loop
      vertex 5.1 -7.3 7.45
      vertex 4.65383 -4.1257 7.45
      vertex 4.65786 -4.09852 7.45
    endloop
  endfacet
  facet normal 0 0 -1
    outer loop
      vertex 5.1 -7.3 7.45
      vertex 4.64715 -4.15236 7.45
      vertex 4.65383 -4.1257 7.45
    endloop
  endfacet
  facet normal 0 0 -1
    outer loop
      vertex 5.1 -7.3 7.45
      vertex 4.54068 -4.5774 7.45
      vertex 4.64715 -4.15236 7.45
    endloop
  endfacet
  facet normal 0 0 -1
    outer loop
      vertex 3.03056 -6.84948 7.45
      vertex 5.10915 -7.48623 7.45
      vertex 5.13651 -7.67067 7.45
    endloop
  endfacet
  facet normal 0 0 -1
    outer loop
      vertex 5.1 -7.3 7.45
      vertex 4.39307 -4.98996 7.45
      vertex 4.54068 -4.5774 7.45
    endloop
  endfacet
  facet normal 0 0 -1
    outer loop
      vertex 5.42021 -8.35558 7.45
      vertex 2.23678 -7.38472 7.45
      vertex 5.32435 -8.19565 7.45
    endloop
  endfacet
  facet normal 0 0 -1
    outer loop
      vertex 5.1 -7.3 7.45
      vertex 4.38381 -5.01583 7.45
      vertex 4.39307 -4.98996 7.45
    endloop
  endfacet
  facet normal 0 0 -1
    outer loop
      vertex 5.1 -7.3 7.45
      vertex 4.37206 -5.04067 7.45
      vertex 4.38381 -5.01583 7.45
    endloop
  endfacet
  facet normal 0 0 -1
    outer loop
      vertex 5.1 -7.3 7.45
      vertex 4.18472 -5.43678 7.45
      vertex 4.37206 -5.04067 7.45
    endloop
  endfacet
  facet normal 0 0 -1
    outer loop
      vertex 5.1 -7.3 7.45
      vertex 3.95945 -5.81261 7.45
      vertex 4.18472 -5.43678 7.45
    endloop
  endfacet
  facet normal 0 0 -1
    outer loop
      vertex 5.1 -7.3 7.45
      vertex 3.94532 -5.83618 7.45
      vertex 3.95945 -5.81261 7.45
    endloop
  endfacet
  facet normal 0 0 -1
    outer loop
      vertex 5.1 -7.3 7.45
      vertex 3.92895 -5.85825 7.45
      vertex 3.94532 -5.83618 7.45
    endloop
  endfacet
  facet normal 0 0 -1
    outer loop
      vertex 5.1 -7.3 7.45
      vertex 3.66793 -6.2102 7.45
      vertex 3.92895 -5.85825 7.45
    endloop
  endfacet
  facet normal 0 0 -1
    outer loop
      vertex 5.1 -7.3 7.45
      vertex 3.64948 -6.23056 7.45
      vertex 3.66793 -6.2102 7.45
    endloop
  endfacet
  facet normal 0 0 -1
    outer loop
      vertex 5.1 -7.3 7.45
      vertex 3.35522 -6.55522 7.45
      vertex 3.64948 -6.23056 7.45
    endloop
  endfacet
  facet normal 0 0 -1
    outer loop
      vertex 5.10915 -7.48623 7.45
      vertex 3.03056 -6.84948 7.45
      vertex 3.35522 -6.55522 7.45
    endloop
  endfacet
  facet normal 0 0 -1
    outer loop
      vertex 5.13651 -7.67067 7.45
      vertex 3.0102 -6.86793 7.45
      vertex 3.03056 -6.84948 7.45
    endloop
  endfacet
  facet normal 0 0 -1
    outer loop
      vertex 5.13651 -7.67067 7.45
      vertex 2.98812 -6.8843 7.45
      vertex 3.0102 -6.86793 7.45
    endloop
  endfacet
  facet normal 0 0 -1
    outer loop
      vertex 5.18181 -7.85154 7.45
      vertex 2.98812 -6.8843 7.45
      vertex 5.13651 -7.67067 7.45
    endloop
  endfacet
  facet normal 0 -0 -1
    outer loop
      vertex 2.98812 -6.8843 7.45
      vertex 5.18181 -7.85154 7.45
      vertex 2.63618 -7.14532 7.45
    endloop
  endfacet
  facet normal 0 0 -1
    outer loop
      vertex 5.24463 -8.0271 7.45
      vertex 2.63618 -7.14532 7.45
      vertex 5.18181 -7.85154 7.45
    endloop
  endfacet
  facet normal 0 -0 -1
    outer loop
      vertex 2.63618 -7.14532 7.45
      vertex 5.24463 -8.0271 7.45
      vertex 2.26035 -7.37059 7.45
    endloop
  endfacet
  facet normal 0 0 -1
    outer loop
      vertex 5.32435 -8.19565 7.45
      vertex 2.26035 -7.37059 7.45
      vertex 5.24463 -8.0271 7.45
    endloop
  endfacet
  facet normal 0 -0 -1
    outer loop
      vertex 2.26035 -7.37059 7.45
      vertex 5.32435 -8.19565 7.45
      vertex 2.23678 -7.38472 7.45
    endloop
  endfacet
  facet normal 0 -0 -1
    outer loop
      vertex 2.23678 -7.38472 7.45
      vertex 5.42021 -8.35558 7.45
      vertex 1.84067 -7.57206 7.45
    endloop
  endfacet
  facet normal 0 -0 -1
    outer loop
      vertex 1.81583 -7.58381 7.45
      vertex 5.6565 -8.6435 7.45
      vertex 1.40327 -7.73142 7.45
    endloop
  endfacet
  facet normal 0 0 -1
    outer loop
      vertex 5.79465 -8.76872 7.45
      vertex 1.3774 -7.74068 7.45
      vertex 5.6565 -8.6435 7.45
    endloop
  endfacet
  facet normal 0 0 -1
    outer loop
      vertex 7.29999 -16.6 7.45
      vertex 0.898523 -7.85786 7.45
      vertex 0.925704 -7.85383 7.45
    endloop
  endfacet
  facet normal 0 0 -1
    outer loop
      vertex 7.29999 -16.6 7.45
      vertex 0.465091 -7.92215 7.45
      vertex 0.898523 -7.85786 7.45
    endloop
  endfacet
  facet normal 0 0 -1
    outer loop
      vertex 7.29999 -16.6 7.45
      vertex 0.0274449 -7.94365 7.45
      vertex 0.465091 -7.92215 7.45
    endloop
  endfacet
  facet normal 0 0 -1
    outer loop
      vertex 7.29999 -16.6 7.45
      vertex 0 -7.945 7.45
      vertex 0.0274449 -7.94365 7.45
    endloop
  endfacet
  facet normal 0 0 -1
    outer loop
      vertex -7.29999 -16.6 7.45
      vertex 0 -7.945 7.45
      vertex 7.29999 -16.6 7.45
    endloop
  endfacet
  facet normal -0 0 -1
    outer loop
      vertex 0 -7.945 7.45
      vertex -7.29999 -16.6 7.45
      vertex -0.0274449 -7.94365 7.45
    endloop
  endfacet
  facet normal -0 0 -1
    outer loop
      vertex -0.0274449 -7.94365 7.45
      vertex -7.29999 -16.6 7.45
      vertex -0.465091 -7.92215 7.45
    endloop
  endfacet
  facet normal -0 0 -1
    outer loop
      vertex -0.465091 -7.92215 7.45
      vertex -7.29999 -16.6 7.45
      vertex -0.898523 -7.85786 7.45
    endloop
  endfacet
  facet normal -0 0 -1
    outer loop
      vertex -0.898523 -7.85786 7.45
      vertex -7.29999 -16.6 7.45
      vertex -0.925704 -7.85383 7.45
    endloop
  endfacet
  facet normal -0 0 -1
    outer loop
      vertex -0.925704 -7.85383 7.45
      vertex -7.29999 -16.6 7.45
      vertex -1.35075 -7.74736 7.45
    endloop
  endfacet
  facet normal -0 0 -1
    outer loop
      vertex -1.35075 -7.74736 7.45
      vertex -7.29999 -16.6 7.45
      vertex -1.3774 -7.74068 7.45
    endloop
  endfacet
  facet normal -0 0 -1
    outer loop
      vertex -1.3774 -7.74068 7.45
      vertex -7.29999 -16.6 7.45
      vertex -1.40327 -7.73142 7.45
    endloop
  endfacet
  facet normal -0 0 -1
    outer loop
      vertex -1.40327 -7.73142 7.45
      vertex -7.29999 -16.6 7.45
      vertex -1.81583 -7.58381 7.45
    endloop
  endfacet
  facet normal -0 0 -1
    outer loop
      vertex -1.81583 -7.58381 7.45
      vertex -7.29999 -16.6 7.45
      vertex -1.84067 -7.57206 7.45
    endloop
  endfacet
  facet normal -0 0 -1
    outer loop
      vertex -1.84067 -7.57206 7.45
      vertex -7.29999 -16.6 7.45
      vertex -2.23678 -7.38472 7.45
    endloop
  endfacet
  facet normal -0 0 -1
    outer loop
      vertex -2.23678 -7.38472 7.45
      vertex -7.29999 -16.6 7.45
      vertex -2.26035 -7.37059 7.45
    endloop
  endfacet
  facet normal -0 0 -1
    outer loop
      vertex -2.26035 -7.37059 7.45
      vertex -7.29999 -16.6 7.45
      vertex -2.63618 -7.14532 7.45
    endloop
  endfacet
  facet normal -0 0 -1
    outer loop
      vertex -2.63618 -7.14532 7.45
      vertex -7.29999 -16.6 7.45
      vertex -2.98812 -6.8843 7.45
    endloop
  endfacet
  facet normal -0 0 -1
    outer loop
      vertex -2.98812 -6.8843 7.45
      vertex -7.29999 -16.6 7.45
      vertex -3.0102 -6.86793 7.45
    endloop
  endfacet
  facet normal 0 0 -1
    outer loop
      vertex -12.1 -11.8 7.45
      vertex -3.0102 -6.86793 7.45
      vertex -7.29999 -16.6 7.45
    endloop
  endfacet
  facet normal 0 0 -1
    outer loop
      vertex -12.1 -11.8 7.45
      vertex -4.37206 -5.04067 7.45
      vertex -4.18472 -5.43678 7.45
    endloop
  endfacet
  facet normal 0 0 -1
    outer loop
      vertex -12.1 -11.8 7.45
      vertex -4.39307 -4.98996 7.45
      vertex -4.38381 -5.01583 7.45
    endloop
  endfacet
  facet normal 0 0 -1
    outer loop
      vertex -12.1 -11.8 7.45
      vertex -4.65786 -4.09852 7.45
      vertex -4.65383 -4.1257 7.45
    endloop
  endfacet
  facet normal -0 0 -1
    outer loop
      vertex -4.72215 -3.66509 7.45
      vertex -12.1 -11.8 7.45
      vertex -4.74365 -3.22744 7.45
    endloop
  endfacet
  facet normal -0 0 -1
    outer loop
      vertex -4.65786 -4.09852 7.45
      vertex -12.1 -11.8 7.45
      vertex -4.72215 -3.66509 7.45
    endloop
  endfacet
  facet normal -0 0 -1
    outer loop
      vertex -4.64715 -4.15236 7.45
      vertex -12.1 -11.8 7.45
      vertex -4.65383 -4.1257 7.45
    endloop
  endfacet
  facet normal -0 0 -1
    outer loop
      vertex -4.54068 -4.5774 7.45
      vertex -12.1 -11.8 7.45
      vertex -4.64715 -4.15236 7.45
    endloop
  endfacet
  facet normal -0 0 -1
    outer loop
      vertex -4.39307 -4.98996 7.45
      vertex -12.1 -11.8 7.45
      vertex -4.54068 -4.5774 7.45
    endloop
  endfacet
  facet normal -0 0 -1
    outer loop
      vertex -4.37206 -5.04067 7.45
      vertex -12.1 -11.8 7.45
      vertex -4.38381 -5.01583 7.45
    endloop
  endfacet
  facet normal -0 0 -1
    outer loop
      vertex -3.95945 -5.81261 7.45
      vertex -12.1 -11.8 7.45
      vertex -4.18472 -5.43678 7.45
    endloop
  endfacet
  facet normal -0 0 -1
    outer loop
      vertex -3.94532 -5.83618 7.45
      vertex -12.1 -11.8 7.45
      vertex -3.95945 -5.81261 7.45
    endloop
  endfacet
  facet normal -0 0 -1
    outer loop
      vertex -3.92895 -5.85825 7.45
      vertex -12.1 -11.8 7.45
      vertex -3.94532 -5.83618 7.45
    endloop
  endfacet
  facet normal -0 0 -1
    outer loop
      vertex -3.66793 -6.2102 7.45
      vertex -12.1 -11.8 7.45
      vertex -3.92895 -5.85825 7.45
    endloop
  endfacet
  facet normal -0 0 -1
    outer loop
      vertex -3.64948 -6.23056 7.45
      vertex -12.1 -11.8 7.45
      vertex -3.66793 -6.2102 7.45
    endloop
  endfacet
  facet normal -0 0 -1
    outer loop
      vertex -3.35522 -6.55522 7.45
      vertex -12.1 -11.8 7.45
      vertex -3.64948 -6.23056 7.45
    endloop
  endfacet
  facet normal -0 0 -1
    outer loop
      vertex -3.03056 -6.84948 7.45
      vertex -12.1 -11.8 7.45
      vertex -3.35522 -6.55522 7.45
    endloop
  endfacet
  facet normal -0 0 -1
    outer loop
      vertex -3.0102 -6.86793 7.45
      vertex -12.1 -11.8 7.45
      vertex -3.03056 -6.84948 7.45
    endloop
  endfacet
  facet normal 0 0 -1
    outer loop
      vertex 4.18472 -0.963222 7.45
      vertex 12.1 11.8 7.45
      vertex 4.37206 -1.35933 7.45
    endloop
  endfacet
  facet normal 0 0 -1
    outer loop
      vertex 3.95945 -0.587387 7.45
      vertex 12.1 11.8 7.45
      vertex 4.18472 -0.963222 7.45
    endloop
  endfacet
  facet normal 0 0 -1
    outer loop
      vertex 3.92895 -0.541748 7.45
      vertex 12.1 11.8 7.45
      vertex 3.94532 -0.563819 7.45
    endloop
  endfacet
  facet normal 0 0 -1
    outer loop
      vertex 3.66793 -0.189804 7.45
      vertex 12.1 11.8 7.45
      vertex 3.92895 -0.541748 7.45
    endloop
  endfacet
  facet normal 0 0 -1
    outer loop
      vertex 3.37367 0.134862 7.45
      vertex 12.1 11.8 7.45
      vertex 3.66793 -0.189804 7.45
    endloop
  endfacet
  facet normal 0 0 -1
    outer loop
      vertex 3.33486 0.173675 7.45
      vertex 12.1 11.8 7.45
      vertex 3.35522 0.155222 7.45
    endloop
  endfacet
  facet normal 0 0 -1
    outer loop
      vertex 2.65825 0.728954 7.45
      vertex 12.1 11.8 7.45
      vertex 3.0102 0.467934 7.45
    endloop
  endfacet
  facet normal 0 0 -1
    outer loop
      vertex 2.63618 0.745323 7.45
      vertex 12.1 11.8 7.45
      vertex 2.65825 0.728954 7.45
    endloop
  endfacet
  facet normal 0 0 -1
    outer loop
      vertex 2.61261 0.75945 7.45
      vertex 12.1 11.8 7.45
      vertex 2.63618 0.745323 7.45
    endloop
  endfacet
  facet normal 0 0 -1
    outer loop
      vertex 2.23678 0.984716 7.45
      vertex 12.1 11.8 7.45
      vertex 2.61261 0.75945 7.45
    endloop
  endfacet
  facet normal 0 0 -1
    outer loop
      vertex 1.84067 1.17206 7.45
      vertex 12.1 11.8 7.45
      vertex 2.23678 0.984716 7.45
    endloop
  endfacet
  facet normal 0 0 -1
    outer loop
      vertex 3.0102 0.467934 7.45
      vertex 12.1 11.8 7.45
      vertex 3.33486 0.173675 7.45
    endloop
  endfacet
  facet normal 0 0 -1
    outer loop
      vertex 4.38381 -1.38417 7.45
      vertex 8.05558 -5.72021 7.45
      vertex 7.89565 -5.62435 7.45
    endloop
  endfacet
  facet normal 0 0 -1
    outer loop
      vertex 1.81583 1.18381 7.45
      vertex 12.1 11.8 7.45
      vertex 1.84067 1.17206 7.45
    endloop
  endfacet
  facet normal 0 0 -1
    outer loop
      vertex 4.54068 -1.8226 7.45
      vertex 7.89565 -5.62435 7.45
      vertex 7.7271 -5.54463 7.45
    endloop
  endfacet
  facet normal 0 0 -1
    outer loop
      vertex 4.64715 -2.24764 7.45
      vertex 7.7271 -5.54463 7.45
      vertex 7.55154 -5.48181 7.45
    endloop
  endfacet
  facet normal 0 0 -1
    outer loop
      vertex 4.65383 -2.2743 7.45
      vertex 7.55154 -5.48181 7.45
      vertex 7.37067 -5.43651 7.45
    endloop
  endfacet
  facet normal 0 -0 -1
    outer loop
      vertex 7.29999 16.6 7.45
      vertex 12.1 11.8 7.45
      vertex 1.81583 1.18381 7.45
    endloop
  endfacet
  facet normal 0 0 -1
    outer loop
      vertex 4.72215 -2.73491 7.45
      vertex 7.37067 -5.43651 7.45
      vertex 7.18623 -5.40915 7.45
    endloop
  endfacet
  facet normal 0 0 -1
    outer loop
      vertex 4.74365 -3.17255 7.45
      vertex 7.18623 -5.40915 7.45
      vertex 7 -5.4 7.45
    endloop
  endfacet
  facet normal 0 0 -1
    outer loop
      vertex 4.745 -3.2 7.45
      vertex 7 -5.4 7.45
      vertex 6.81377 -5.40915 7.45
    endloop
  endfacet
  facet normal 0 0 -1
    outer loop
      vertex 4.745 -3.2 7.45
      vertex 6.81377 -5.40915 7.45
      vertex 6.62933 -5.43651 7.45
    endloop
  endfacet
  facet normal 0 0 -1
    outer loop
      vertex 4.745 -3.2 7.45
      vertex 6.62933 -5.43651 7.45
      vertex 6.44846 -5.48181 7.45
    endloop
  endfacet
  facet normal 0 0 -1
    outer loop
      vertex 4.745 -3.2 7.45
      vertex 6.44846 -5.48181 7.45
      vertex 6.2729 -5.54463 7.45
    endloop
  endfacet
  facet normal 0 0 -1
    outer loop
      vertex 4.745 -3.2 7.45
      vertex 6.2729 -5.54463 7.45
      vertex 6.10435 -5.62435 7.45
    endloop
  endfacet
  facet normal 0 0 -1
    outer loop
      vertex 4.745 -3.2 7.45
      vertex 6.10435 -5.62435 7.45
      vertex 5.94442 -5.72021 7.45
    endloop
  endfacet
  facet normal 0 0 -1
    outer loop
      vertex 4.745 -3.2 7.45
      vertex 5.94442 -5.72021 7.45
      vertex 5.79465 -5.83128 7.45
    endloop
  endfacet
  facet normal 0 0 -1
    outer loop
      vertex 4.745 -3.2 7.45
      vertex 5.79465 -5.83128 7.45
      vertex 5.6565 -5.9565 7.45
    endloop
  endfacet
  facet normal 0 0 -1
    outer loop
      vertex 4.745 -3.2 7.45
      vertex 5.6565 -5.9565 7.45
      vertex 5.53128 -6.09465 7.45
    endloop
  endfacet
  facet normal 0 0 -1
    outer loop
      vertex 4.745 -3.2 7.45
      vertex 5.53128 -6.09465 7.45
      vertex 5.42021 -6.24442 7.45
    endloop
  endfacet
  facet normal 0 0 -1
    outer loop
      vertex 4.745 -3.2 7.45
      vertex 5.42021 -6.24442 7.45
      vertex 5.32435 -6.40435 7.45
    endloop
  endfacet
  facet normal 0 0 -1
    outer loop
      vertex 4.745 -3.2 7.45
      vertex 5.32435 -6.40435 7.45
      vertex 5.24463 -6.5729 7.45
    endloop
  endfacet
  facet normal 0 0 -1
    outer loop
      vertex 4.745 -3.2 7.45
      vertex 5.24463 -6.5729 7.45
      vertex 5.18181 -6.74846 7.45
    endloop
  endfacet
  facet normal 0 0 -1
    outer loop
      vertex 4.745 -3.2 7.45
      vertex 5.18181 -6.74846 7.45
      vertex 5.13651 -6.92933 7.45
    endloop
  endfacet
  facet normal 0 0 -1
    outer loop
      vertex 4.745 -3.2 7.45
      vertex 5.13651 -6.92933 7.45
      vertex 5.10915 -7.11377 7.45
    endloop
  endfacet
  facet normal 0 0 -1
    outer loop
      vertex 4.745 -3.2 7.45
      vertex 5.10915 -7.11377 7.45
      vertex 5.1 -7.3 7.45
    endloop
  endfacet
  facet normal 0 0 -1
    outer loop
      vertex 7 -5.4 7.45
      vertex 4.745 -3.2 7.45
      vertex 4.74365 -3.17255 7.45
    endloop
  endfacet
  facet normal 0 0 -1
    outer loop
      vertex 7.18623 -5.40915 7.45
      vertex 4.74365 -3.17255 7.45
      vertex 4.72215 -2.73491 7.45
    endloop
  endfacet
  facet normal 0 0 -1
    outer loop
      vertex 7.37067 -5.43651 7.45
      vertex 4.72215 -2.73491 7.45
      vertex 4.71812 -2.70773 7.45
    endloop
  endfacet
  facet normal 0 0 -1
    outer loop
      vertex 7.37067 -5.43651 7.45
      vertex 4.71812 -2.70773 7.45
      vertex 4.65383 -2.2743 7.45
    endloop
  endfacet
  facet normal 0 0 -1
    outer loop
      vertex 7.55154 -5.48181 7.45
      vertex 4.65383 -2.2743 7.45
      vertex 4.64715 -2.24764 7.45
    endloop
  endfacet
  facet normal 0 0 -1
    outer loop
      vertex 7.7271 -5.54463 7.45
      vertex 4.64715 -2.24764 7.45
      vertex 4.54068 -1.8226 7.45
    endloop
  endfacet
  facet normal 0 0 -1
    outer loop
      vertex 7.89565 -5.62435 7.45
      vertex 4.54068 -1.8226 7.45
      vertex 4.39307 -1.41004 7.45
    endloop
  endfacet
  facet normal 0 0 -1
    outer loop
      vertex 7.89565 -5.62435 7.45
      vertex 4.39307 -1.41004 7.45
      vertex 4.38381 -1.38417 7.45
    endloop
  endfacet
  facet normal 0 0 -1
    outer loop
      vertex 3.94532 -0.563819 7.45
      vertex 12.1 11.8 7.45
      vertex 3.95945 -0.587387 7.45
    endloop
  endfacet
  facet normal 0 0 -1
    outer loop
      vertex 3.35522 0.155222 7.45
      vertex 12.1 11.8 7.45
      vertex 3.37367 0.134862 7.45
    endloop
  endfacet
  facet normal 0 0 -1
    outer loop
      vertex 12.1 11.8 7.45
      vertex 7.29999 16.6 7.45
      vertex 12.0769 12.2705 7.45
    endloop
  endfacet
  facet normal 0 0 -1
    outer loop
      vertex 12.0769 12.2705 7.45
      vertex 7.29999 16.6 7.45
      vertex 12.0078 12.7364 7.45
    endloop
  endfacet
  facet normal 0 0 -1
    outer loop
      vertex 12.0078 12.7364 7.45
      vertex 7.29999 16.6 7.45
      vertex 11.8933 13.1934 7.45
    endloop
  endfacet
  facet normal 0 0 -1
    outer loop
      vertex 11.5332 14.0627 7.45
      vertex 7.29999 16.6 7.45
      vertex 11.291 14.4667 7.45
    endloop
  endfacet
  facet normal 0 0 -1
    outer loop
      vertex 11.291 14.4667 7.45
      vertex 7.29999 16.6 7.45
      vertex 11.0104 14.8451 7.45
    endloop
  endfacet
  facet normal 0 0 -1
    outer loop
      vertex 11.0104 14.8451 7.45
      vertex 7.29999 16.6 7.45
      vertex 10.6941 15.1941 7.45
    endloop
  endfacet
  facet normal 0 0 -1
    outer loop
      vertex 10.6941 15.1941 7.45
      vertex 7.29999 16.6 7.45
      vertex 10.3451 15.5104 7.45
    endloop
  endfacet
  facet normal 0 0 -1
    outer loop
      vertex 10.3451 15.5104 7.45
      vertex 7.29999 16.6 7.45
      vertex 9.96672 15.791 7.45
    endloop
  endfacet
  facet normal 0 0 -1
    outer loop
      vertex 9.96672 15.791 7.45
      vertex 7.29999 16.6 7.45
      vertex 9.5627 16.0332 7.45
    endloop
  endfacet
  facet normal 0 0 -1
    outer loop
      vertex 8.69336 16.3933 7.45
      vertex 7.29999 16.6 7.45
      vertex 8.23642 16.5078 7.45
    endloop
  endfacet
  facet normal 0 0 -1
    outer loop
      vertex 8.23642 16.5078 7.45
      vertex 7.29999 16.6 7.45
      vertex 7.77048 16.5769 7.45
    endloop
  endfacet
  facet normal 0 0 -1
    outer loop
      vertex 9.13687 16.2346 7.45
      vertex 7.29999 16.6 7.45
      vertex 8.69336 16.3933 7.45
    endloop
  endfacet
  facet normal 0 0 -1
    outer loop
      vertex 9.5627 16.0332 7.45
      vertex 7.29999 16.6 7.45
      vertex 9.13687 16.2346 7.45
    endloop
  endfacet
  facet normal 0 0 -1
    outer loop
      vertex 11.7346 13.6369 7.45
      vertex 7.29999 16.6 7.45
      vertex 11.5332 14.0627 7.45
    endloop
  endfacet
  facet normal 0 0 -1
    outer loop
      vertex 11.8933 13.1934 7.45
      vertex 7.29999 16.6 7.45
      vertex 11.7346 13.6369 7.45
    endloop
  endfacet
  facet normal 0 0 -1
    outer loop
      vertex 1.40327 1.33142 7.45
      vertex 7.29999 16.6 7.45
      vertex 1.81583 1.18381 7.45
    endloop
  endfacet
  facet normal 0 0 -1
    outer loop
      vertex 1.3774 1.34068 7.45
      vertex 7.29999 16.6 7.45
      vertex 1.40327 1.33142 7.45
    endloop
  endfacet
  facet normal 0 0 -1
    outer loop
      vertex 1.35075 1.34736 7.45
      vertex 7.29999 16.6 7.45
      vertex 1.3774 1.34068 7.45
    endloop
  endfacet
  facet normal 0 0 -1
    outer loop
      vertex 0.925704 1.45383 7.45
      vertex 7.29999 16.6 7.45
      vertex 1.35075 1.34736 7.45
    endloop
  endfacet
  facet normal 0 0 -1
    outer loop
      vertex 0.492271 1.51812 7.45
      vertex 7.29999 16.6 7.45
      vertex 0.925704 1.45383 7.45
    endloop
  endfacet
  facet normal 0 0 -1
    outer loop
      vertex 0.465091 1.52215 7.45
      vertex 7.29999 16.6 7.45
      vertex 0.492271 1.51812 7.45
    endloop
  endfacet
  facet normal 0 0 -1
    outer loop
      vertex 0.0274449 1.54365 7.45
      vertex 7.29999 16.6 7.45
      vertex 0.465091 1.52215 7.45
    endloop
  endfacet
  facet normal 0 0 -1
    outer loop
      vertex 0 1.545 7.45
      vertex 7.29999 16.6 7.45
      vertex 0.0274449 1.54365 7.45
    endloop
  endfacet
  facet normal 0 0 -1
    outer loop
      vertex -7.29999 16.6 7.45
      vertex 0 1.545 7.45
      vertex -0.0274449 1.54365 7.45
    endloop
  endfacet
  facet normal 0 0 -1
    outer loop
      vertex -7.29999 16.6 7.45
      vertex -0.0274449 1.54365 7.45
      vertex -0.465091 1.52215 7.45
    endloop
  endfacet
  facet normal 0 0 -1
    outer loop
      vertex -7.29999 16.6 7.45
      vertex -0.465091 1.52215 7.45
      vertex -0.492271 1.51812 7.45
    endloop
  endfacet
  facet normal 0 0 -1
    outer loop
      vertex -7.29999 16.6 7.45
      vertex -0.492271 1.51812 7.45
      vertex -0.925704 1.45383 7.45
    endloop
  endfacet
  facet normal 0 0 -1
    outer loop
      vertex -7.29999 16.6 7.45
      vertex -0.925704 1.45383 7.45
      vertex -1.35075 1.34736 7.45
    endloop
  endfacet
  facet normal 0 0 -1
    outer loop
      vertex -7.29999 16.6 7.45
      vertex -1.35075 1.34736 7.45
      vertex -1.3774 1.34068 7.45
    endloop
  endfacet
  facet normal 0 0 -1
    outer loop
      vertex -7.29999 16.6 7.45
      vertex -1.3774 1.34068 7.45
      vertex -1.40327 1.33142 7.45
    endloop
  endfacet
  facet normal 0 0 -1
    outer loop
      vertex -7.29999 16.6 7.45
      vertex -1.40327 1.33142 7.45
      vertex -1.81583 1.18381 7.45
    endloop
  endfacet
  facet normal 0 0 -1
    outer loop
      vertex -12.1 11.8 7.45
      vertex -1.81583 1.18381 7.45
      vertex -1.84067 1.17206 7.45
    endloop
  endfacet
  facet normal 0 0 -1
    outer loop
      vertex -12.1 11.8 7.45
      vertex -1.84067 1.17206 7.45
      vertex -2.23678 0.984716 7.45
    endloop
  endfacet
  facet normal 0 0 -1
    outer loop
      vertex -12.1 11.8 7.45
      vertex -2.23678 0.984716 7.45
      vertex -2.61261 0.75945 7.45
    endloop
  endfacet
  facet normal 0 0 -1
    outer loop
      vertex -12.1 11.8 7.45
      vertex -2.61261 0.75945 7.45
      vertex -2.63618 0.745323 7.45
    endloop
  endfacet
  facet normal 0 0 -1
    outer loop
      vertex -12.1 11.8 7.45
      vertex -2.63618 0.745323 7.45
      vertex -2.65825 0.728954 7.45
    endloop
  endfacet
  facet normal 0 0 -1
    outer loop
      vertex -12.1 11.8 7.45
      vertex -2.65825 0.728954 7.45
      vertex -3.0102 0.467934 7.45
    endloop
  endfacet
  facet normal 0 0 -1
    outer loop
      vertex -12.1 11.8 7.45
      vertex -3.0102 0.467934 7.45
      vertex -3.33486 0.173675 7.45
    endloop
  endfacet
  facet normal 0 0 -1
    outer loop
      vertex -12.1 11.8 7.45
      vertex -3.33486 0.173675 7.45
      vertex -3.35522 0.155222 7.45
    endloop
  endfacet
  facet normal 0 0 -1
    outer loop
      vertex -12.1 11.8 7.45
      vertex -3.35522 0.155222 7.45
      vertex -3.37367 0.134862 7.45
    endloop
  endfacet
  facet normal 0 0 -1
    outer loop
      vertex -12.1 11.8 7.45
      vertex -3.37367 0.134862 7.45
      vertex -3.66793 -0.189804 7.45
    endloop
  endfacet
  facet normal 0 0 -1
    outer loop
      vertex -12.1 11.8 7.45
      vertex -3.66793 -0.189804 7.45
      vertex -3.92895 -0.541748 7.45
    endloop
  endfacet
  facet normal 0 0 -1
    outer loop
      vertex -12.1 11.8 7.45
      vertex -3.92895 -0.541748 7.45
      vertex -3.94532 -0.563819 7.45
    endloop
  endfacet
  facet normal 0 0 -1
    outer loop
      vertex -12.1 11.8 7.45
      vertex -4.37206 -1.35933 7.45
      vertex -4.38381 -1.38417 7.45
    endloop
  endfacet
  facet normal 0 0 -1
    outer loop
      vertex -12.1 11.8 7.45
      vertex -4.39307 -1.41004 7.45
      vertex -4.54068 -1.8226 7.45
    endloop
  endfacet
  facet normal 0 0 -1
    outer loop
      vertex -12.1 11.8 7.45
      vertex -4.64715 -2.24764 7.45
      vertex -4.65383 -2.2743 7.45
    endloop
  endfacet
  facet normal 0 0 -1
    outer loop
      vertex -12.1 -11.8 7.45
      vertex -4.71812 -2.70773 7.45
      vertex -4.72215 -2.73491 7.45
    endloop
  endfacet
  facet normal -0 0 -1
    outer loop
      vertex -4.74365 -3.22744 7.45
      vertex -12.1 -11.8 7.45
      vertex -4.745 -3.2 7.45
    endloop
  endfacet
  facet normal -0 0 -1
    outer loop
      vertex -4.745 -3.2 7.45
      vertex -12.1 -11.8 7.45
      vertex -4.74365 -3.17255 7.45
    endloop
  endfacet
  facet normal -0 0 -1
    outer loop
      vertex -4.74365 -3.17255 7.45
      vertex -12.1 -11.8 7.45
      vertex -4.72215 -2.73491 7.45
    endloop
  endfacet
  facet normal 0 0 -1
    outer loop
      vertex 0 1.545 7.45
      vertex -7.29999 16.6 7.45
      vertex 7.29999 16.6 7.45
    endloop
  endfacet
  facet normal 0 0 -1
    outer loop
      vertex -12.1 11.8 7.45
      vertex -3.94532 -0.563819 7.45
      vertex -3.95945 -0.587387 7.45
    endloop
  endfacet
  facet normal 0 0 -1
    outer loop
      vertex -12.1 11.8 7.45
      vertex -3.95945 -0.587387 7.45
      vertex -4.18472 -0.963222 7.45
    endloop
  endfacet
  facet normal 0 0 -1
    outer loop
      vertex -4.37206 -1.35933 7.45
      vertex -12.1 11.8 7.45
      vertex -4.18472 -0.963222 7.45
    endloop
  endfacet
  facet normal 0 0 -1
    outer loop
      vertex -4.39307 -1.41004 7.45
      vertex -12.1 11.8 7.45
      vertex -4.38381 -1.38417 7.45
    endloop
  endfacet
  facet normal 0 0 -1
    outer loop
      vertex -4.64715 -2.24764 7.45
      vertex -12.1 11.8 7.45
      vertex -4.54068 -1.8226 7.45
    endloop
  endfacet
  facet normal -0 0 -1
    outer loop
      vertex -4.71812 -2.70773 7.45
      vertex -12.1 -11.8 7.45
      vertex -4.65383 -2.2743 7.45
    endloop
  endfacet
  facet normal 0 0 -1
    outer loop
      vertex -12.1 -11.8 7.45
      vertex -7.29999 -16.6 7.45
      vertex -7.77048 -16.5769 7.45
    endloop
  endfacet
  facet normal 0 0 -1
    outer loop
      vertex -12.1 11.8 7.45
      vertex -4.65383 -2.2743 7.45
      vertex -12.1 -11.8 7.45
    endloop
  endfacet
  facet normal 0 0 -1
    outer loop
      vertex -12.1 -11.8 7.45
      vertex -7.77048 -16.5769 7.45
      vertex -8.23642 -16.5078 7.45
    endloop
  endfacet
  facet normal 0 0 -1
    outer loop
      vertex -1.81583 1.18381 7.45
      vertex -12.1 11.8 7.45
      vertex -7.29999 16.6 7.45
    endloop
  endfacet
  facet normal 0 0 -1
    outer loop
      vertex -12.1 -11.8 7.45
      vertex -8.23642 -16.5078 7.45
      vertex -8.69336 -16.3933 7.45
    endloop
  endfacet
  facet normal 0 0 -1
    outer loop
      vertex -7.29999 16.6 7.45
      vertex -12.1 11.8 7.45
      vertex -7.77048 16.5769 7.45
    endloop
  endfacet
  facet normal 0 0 -1
    outer loop
      vertex -12.1 -11.8 7.45
      vertex -8.69336 -16.3933 7.45
      vertex -9.13687 -16.2346 7.45
    endloop
  endfacet
  facet normal 0 0 -1
    outer loop
      vertex -7.77048 16.5769 7.45
      vertex -12.1 11.8 7.45
      vertex -8.23642 16.5078 7.45
    endloop
  endfacet
  facet normal 0 0 -1
    outer loop
      vertex -12.1 -11.8 7.45
      vertex -9.13687 -16.2346 7.45
      vertex -9.5627 -16.0332 7.45
    endloop
  endfacet
  facet normal 0 0 -1
    outer loop
      vertex -8.23642 16.5078 7.45
      vertex -12.1 11.8 7.45
      vertex -8.69336 16.3933 7.45
    endloop
  endfacet
  facet normal 0 0 -1
    outer loop
      vertex -12.1 -11.8 7.45
      vertex -9.5627 -16.0332 7.45
      vertex -9.96672 -15.791 7.45
    endloop
  endfacet
  facet normal 0 0 -1
    outer loop
      vertex -8.69336 16.3933 7.45
      vertex -12.1 11.8 7.45
      vertex -9.13687 16.2346 7.45
    endloop
  endfacet
  facet normal 0 0 -1
    outer loop
      vertex -12.1 -11.8 7.45
      vertex -9.96672 -15.791 7.45
      vertex -10.3451 -15.5104 7.45
    endloop
  endfacet
  facet normal 0 0 -1
    outer loop
      vertex -9.13687 16.2346 7.45
      vertex -12.1 11.8 7.45
      vertex -9.5627 16.0332 7.45
    endloop
  endfacet
  facet normal 0 0 -1
    outer loop
      vertex -12.1 -11.8 7.45
      vertex -10.3451 -15.5104 7.45
      vertex -10.6941 -15.1941 7.45
    endloop
  endfacet
  facet normal 0 0 -1
    outer loop
      vertex -9.5627 16.0332 7.45
      vertex -12.1 11.8 7.45
      vertex -9.96672 15.791 7.45
    endloop
  endfacet
  facet normal 0 0 -1
    outer loop
      vertex -12.1 -11.8 7.45
      vertex -10.6941 -15.1941 7.45
      vertex -11.0104 -14.8451 7.45
    endloop
  endfacet
  facet normal 0 0 -1
    outer loop
      vertex -9.96672 15.791 7.45
      vertex -12.1 11.8 7.45
      vertex -10.3451 15.5104 7.45
    endloop
  endfacet
  facet normal 0 0 -1
    outer loop
      vertex -12.1 -11.8 7.45
      vertex -11.0104 -14.8451 7.45
      vertex -11.291 -14.4667 7.45
    endloop
  endfacet
  facet normal 0 0 -1
    outer loop
      vertex -10.3451 15.5104 7.45
      vertex -12.1 11.8 7.45
      vertex -10.6941 15.1941 7.45
    endloop
  endfacet
  facet normal 0 0 -1
    outer loop
      vertex -12.1 -11.8 7.45
      vertex -11.291 -14.4667 7.45
      vertex -11.5332 -14.0627 7.45
    endloop
  endfacet
  facet normal 0 0 -1
    outer loop
      vertex -10.6941 15.1941 7.45
      vertex -12.1 11.8 7.45
      vertex -11.0104 14.8451 7.45
    endloop
  endfacet
  facet normal 0 0 -1
    outer loop
      vertex -12.1 -11.8 7.45
      vertex -11.5332 -14.0627 7.45
      vertex -11.7346 -13.6369 7.45
    endloop
  endfacet
  facet normal 0 0 -1
    outer loop
      vertex -11.0104 14.8451 7.45
      vertex -12.1 11.8 7.45
      vertex -11.291 14.4667 7.45
    endloop
  endfacet
  facet normal 0 0 -1
    outer loop
      vertex -12.1 -11.8 7.45
      vertex -11.7346 -13.6369 7.45
      vertex -11.8933 -13.1934 7.45
    endloop
  endfacet
  facet normal 0 0 -1
    outer loop
      vertex -11.291 14.4667 7.45
      vertex -12.1 11.8 7.45
      vertex -11.5332 14.0627 7.45
    endloop
  endfacet
  facet normal 0 0 -1
    outer loop
      vertex -12.1 -11.8 7.45
      vertex -11.8933 -13.1934 7.45
      vertex -12.0078 -12.7364 7.45
    endloop
  endfacet
  facet normal 0 0 -1
    outer loop
      vertex -11.5332 14.0627 7.45
      vertex -12.1 11.8 7.45
      vertex -11.7346 13.6369 7.45
    endloop
  endfacet
  facet normal 0 0 -1
    outer loop
      vertex -12.1 -11.8 7.45
      vertex -12.0078 -12.7364 7.45
      vertex -12.0769 -12.2705 7.45
    endloop
  endfacet
  facet normal 0 0 -1
    outer loop
      vertex -11.7346 13.6369 7.45
      vertex -12.1 11.8 7.45
      vertex -11.8933 13.1934 7.45
    endloop
  endfacet
  facet normal 0 0 -1
    outer loop
      vertex -11.8933 13.1934 7.45
      vertex -12.1 11.8 7.45
      vertex -12.0078 12.7364 7.45
    endloop
  endfacet
  facet normal 0 0 -1
    outer loop
      vertex -12.0078 12.7364 7.45
      vertex -12.1 11.8 7.45
      vertex -12.0769 12.2705 7.45
    endloop
  endfacet
  facet normal 0.803249 -0.595644 0
    outer loop
      vertex -11.291 14.4667 7.45
      vertex -11.0104 14.8451 2.3
      vertex -11.0104 14.8451 7.45
    endloop
  endfacet
  facet normal 0.803249 -0.595644 0
    outer loop
      vertex -11.0104 14.8451 2.3
      vertex -11.291 14.4667 7.45
      vertex -11.291 14.4667 2.3
    endloop
  endfacet
  facet normal 0.595664 -0.803234 0
    outer loop
      vertex -10.3451 15.5104 2.3
      vertex -9.96672 15.791 7.45
      vertex -10.3451 15.5104 7.45
    endloop
  endfacet
  facet normal 0.595664 -0.803234 0
    outer loop
      vertex -9.96672 15.791 7.45
      vertex -10.3451 15.5104 2.3
      vertex -9.96672 15.791 2.3
    endloop
  endfacet
  facet normal -0.98918 -0.14671 0
    outer loop
      vertex 12.0769 12.2705 2.3
      vertex 12.0078 12.7364 7.45
      vertex 12.0078 12.7364 2.3
    endloop
  endfacet
  facet normal -0.98918 -0.14671 0
    outer loop
      vertex 12.0078 12.7364 7.45
      vertex 12.0769 12.2705 2.3
      vertex 12.0769 12.2705 7.45
    endloop
  endfacet
  facet normal -0.146698 0.989181 0
    outer loop
      vertex 8.23642 -16.5078 2.3
      vertex 7.77048 -16.5769 7.45
      vertex 8.23642 -16.5078 7.45
    endloop
  endfacet
  facet normal -0.146698 0.989181 0
    outer loop
      vertex 7.77048 -16.5769 7.45
      vertex 8.23642 -16.5078 2.3
      vertex 7.77048 -16.5769 2.3
    endloop
  endfacet
  facet normal -0.98918 0.14671 0
    outer loop
      vertex 12.0078 -12.7364 2.3
      vertex 12.0769 -12.2705 7.45
      vertex 12.0769 -12.2705 2.3
    endloop
  endfacet
  facet normal -0.98918 0.14671 0
    outer loop
      vertex 12.0769 -12.2705 7.45
      vertex 12.0078 -12.7364 2.3
      vertex 12.0078 -12.7364 7.45
    endloop
  endfacet
  facet normal -0.970018 0.243035 0
    outer loop
      vertex 11.8933 -13.1934 2.3
      vertex 12.0078 -12.7364 7.45
      vertex 12.0078 -12.7364 2.3
    endloop
  endfacet
  facet normal -0.970018 0.243035 0
    outer loop
      vertex 12.0078 -12.7364 7.45
      vertex 11.8933 -13.1934 2.3
      vertex 11.8933 -13.1934 7.45
    endloop
  endfacet
  facet normal 0.514165 -0.857691 0
    outer loop
      vertex -9.96672 15.791 2.3
      vertex -9.5627 16.0332 7.45
      vertex -9.96672 15.791 7.45
    endloop
  endfacet
  facet normal 0.514165 -0.857691 0
    outer loop
      vertex -9.5627 16.0332 7.45
      vertex -9.96672 15.791 2.3
      vertex -9.5627 16.0332 2.3
    endloop
  endfacet
  facet normal -0.427551 -0.903991 0
    outer loop
      vertex 9.13687 16.2346 2.3
      vertex 9.5627 16.0332 7.45
      vertex 9.13687 16.2346 7.45
    endloop
  endfacet
  facet normal -0.427551 -0.903991 -0
    outer loop
      vertex 9.5627 16.0332 7.45
      vertex 9.13687 16.2346 2.3
      vertex 9.5627 16.0332 2.3
    endloop
  endfacet
  facet normal -0.85768 0.514184 0
    outer loop
      vertex 11.291 -14.4667 2.3
      vertex 11.5332 -14.0627 7.45
      vertex 11.5332 -14.0627 2.3
    endloop
  endfacet
  facet normal -0.85768 0.514184 0
    outer loop
      vertex 11.5332 -14.0627 7.45
      vertex 11.291 -14.4667 2.3
      vertex 11.291 -14.4667 7.45
    endloop
  endfacet
  facet normal -0.803249 0.595644 0
    outer loop
      vertex 11.0104 -14.8451 2.3
      vertex 11.291 -14.4667 7.45
      vertex 11.291 -14.4667 2.3
    endloop
  endfacet
  facet normal -0.803249 0.595644 0
    outer loop
      vertex 11.291 -14.4667 7.45
      vertex 11.0104 -14.8451 2.3
      vertex 11.0104 -14.8451 7.45
    endloop
  endfacet
  facet normal -0.336908 0.941538 0
    outer loop
      vertex 9.13687 -16.2346 2.3
      vertex 8.69336 -16.3933 7.45
      vertex 9.13687 -16.2346 7.45
    endloop
  endfacet
  facet normal -0.336908 0.941538 0
    outer loop
      vertex 8.69336 -16.3933 7.45
      vertex 9.13687 -16.2346 2.3
      vertex 8.69336 -16.3933 2.3
    endloop
  endfacet
  facet normal -0.88477 0.22163 0.409955
    outer loop
      vertex 4.54068 -4.5774 7.45
      vertex 5.30268 -4.77244 9.2
      vertex 4.64715 -4.15236 7.45
    endloop
  endfacet
  facet normal -0.884748 0.221714 0.409955
    outer loop
      vertex 5.30268 -4.77244 9.2
      vertex 4.54068 -4.5774 7.45
      vertex 5.29427 -4.806 9.2
    endloop
  endfacet
  facet normal -0.543346 0.732607 0.409954
    outer loop
      vertex 3.0102 -6.86793 7.45
      vertex 3.10148 -7.7795 9.2
      vertex 3.50978 -7.47668 9.2
    endloop
  endfacet
  facet normal -0.543211 0.732688 0.409989
    outer loop
      vertex 3.10148 -7.7795 9.2
      vertex 3.0102 -6.86793 7.45
      vertex 2.98812 -6.8843 7.45
    endloop
  endfacet
  facet normal -0.911006 -0.0448036 0.409953
    outer loop
      vertex 5.5325 -3.2 9.2
      vertex 4.74365 -3.17255 7.45
      vertex 4.745 -3.2 7.45
    endloop
  endfacet
  facet normal -0.911008 -0.0447492 0.409954
    outer loop
      vertex 4.74365 -3.17255 7.45
      vertex 5.5325 -3.2 9.2
      vertex 5.50756 -2.69227 9.2
    endloop
  endfacet
  facet normal -0.911003 -0.0448251 0.409956
    outer loop
      vertex 4.72215 -2.73491 7.45
      vertex 5.50756 -2.69227 9.2
      vertex 5.50586 -2.65772 9.2
    endloop
  endfacet
  facet normal -0.911007 -0.0447552 0.409956
    outer loop
      vertex 5.50756 -2.69227 9.2
      vertex 4.72215 -2.73491 7.45
      vertex 4.74365 -3.17255 7.45
    endloop
  endfacet
  facet normal 0.732569 -0.543396 0.409956
    outer loop
      vertex -4.29729 0.281996 9.2
      vertex -3.66793 -0.189804 7.45
      vertex -4.27668 0.309781 9.2
    endloop
  endfacet
  facet normal 0.732609 -0.543341 0.409956
    outer loop
      vertex -3.66793 -0.189804 7.45
      vertex -4.29729 0.281996 9.2
      vertex -3.92895 -0.541748 7.45
    endloop
  endfacet
  facet normal 0.911007 0.0447541 0.409956
    outer loop
      vertex -5.50756 -3.70773 9.2
      vertex -4.72215 -3.66509 7.45
      vertex -4.74365 -3.22744 7.45
    endloop
  endfacet
  facet normal 0.911003 0.0448251 0.409956
    outer loop
      vertex -4.72215 -3.66509 7.45
      vertex -5.50756 -3.70773 9.2
      vertex -5.50586 -3.74228 9.2
    endloop
  endfacet
  facet normal -0.902245 0.133777 0.409949
    outer loop
      vertex 5.42619 -4.27934 9.2
      vertex 4.65786 -4.09852 7.45
      vertex 4.65383 -4.1257 7.45
    endloop
  endfacet
  facet normal -0.902235 0.133835 0.409951
    outer loop
      vertex 4.65786 -4.09852 7.45
      vertex 5.42619 -4.27934 9.2
      vertex 5.50078 -3.7765 9.2
    endloop
  endfacet
  facet normal 0.911005 0.0448199 0.409952
    outer loop
      vertex -5.5325 -3.2 9.2
      vertex -4.74365 -3.22744 7.45
      vertex -4.745 -3.2 7.45
    endloop
  endfacet
  facet normal 0.911008 0.0447492 0.409955
    outer loop
      vertex -4.74365 -3.22744 7.45
      vertex -5.5325 -3.2 9.2
      vertex -5.50756 -3.70773 9.2
    endloop
  endfacet
  facet normal -0.221628 -0.884772 0.409952
    outer loop
      vertex 1.35075 1.34736 7.45
      vertex 1.606 2.09427 9.2
      vertex 1.11289 2.21779 9.2
    endloop
  endfacet
  facet normal -0.221765 -0.884735 0.409956
    outer loop
      vertex 1.606 2.09427 9.2
      vertex 1.35075 1.34736 7.45
      vertex 1.3774 1.34068 7.45
    endloop
  endfacet
  facet normal 0.824515 0.390018 0.409952
    outer loop
      vertex -5.11136 -5.3172 9.2
      vertex -4.37206 -5.04067 7.45
      vertex -4.38381 -5.01583 7.45
    endloop
  endfacet
  facet normal 0.824536 0.389974 0.409953
    outer loop
      vertex -4.37206 -5.04067 7.45
      vertex -5.11136 -5.3172 9.2
      vertex -4.89402 -5.77673 9.2
    endloop
  endfacet
  facet normal 0.911008 -0.0447492 0.409954
    outer loop
      vertex -5.5325 -3.2 9.2
      vertex -4.74365 -3.17255 7.45
      vertex -5.50756 -2.69227 9.2
    endloop
  endfacet
  facet normal 0.911006 -0.0448036 0.409953
    outer loop
      vertex -4.74365 -3.17255 7.45
      vertex -5.5325 -3.2 9.2
      vertex -4.745 -3.2 7.45
    endloop
  endfacet
  facet normal 0.858787 -0.307285 0.409952
    outer loop
      vertex -5.28262 -1.56143 9.2
      vertex -4.38381 -1.38417 7.45
      vertex -5.11136 -1.0828 9.2
    endloop
  endfacet
  facet normal 0.858761 -0.307388 0.409929
    outer loop
      vertex -4.38381 -1.38417 7.45
      vertex -5.28262 -1.56143 9.2
      vertex -4.39307 -1.41004 7.45
    endloop
  endfacet
  facet normal -0.133772 0.902246 0.409949
    outer loop
      vertex 0.898523 -7.85786 7.45
      vertex 1.07934 -8.62619 9.2
      vertex 0.925704 -7.85383 7.45
    endloop
  endfacet
  facet normal -0.133835 0.902235 0.409951
    outer loop
      vertex 1.07934 -8.62619 9.2
      vertex 0.898523 -7.85786 7.45
      vertex 0.576498 -8.70078 9.2
    endloop
  endfacet
  facet normal 0.858812 -0.307189 0.409972
    outer loop
      vertex -5.29427 -1.594 9.2
      vertex -4.39307 -1.41004 7.45
      vertex -5.28262 -1.56143 9.2
    endloop
  endfacet
  facet normal 0.858793 -0.307268 0.409954
    outer loop
      vertex -4.39307 -1.41004 7.45
      vertex -5.29427 -1.594 9.2
      vertex -4.54068 -1.8226 7.45
    endloop
  endfacet
  facet normal -0.911007 0.0447541 0.409956
    outer loop
      vertex 4.72215 -3.66509 7.45
      vertex 5.50756 -3.70773 9.2
      vertex 4.74365 -3.22744 7.45
    endloop
  endfacet
  facet normal -0.911003 0.0448251 0.409956
    outer loop
      vertex 5.50756 -3.70773 9.2
      vertex 4.72215 -3.66509 7.45
      vertex 5.50586 -3.74228 9.2
    endloop
  endfacet
  facet normal 0.732618 -0.543332 0.409954
    outer loop
      vertex -4.6001 -0.126307 9.2
      vertex -3.92895 -0.541748 7.45
      vertex -4.29729 0.281996 9.2
    endloop
  endfacet
  facet normal 0.732595 -0.543364 0.409952
    outer loop
      vertex -3.92895 -0.541748 7.45
      vertex -4.6001 -0.126307 9.2
      vertex -3.94532 -0.563819 7.45
    endloop
  endfacet
  facet normal 0.390018 0.824515 0.409952
    outer loop
      vertex -1.84067 -7.57206 7.45
      vertex -2.1172 -8.31136 9.2
      vertex -1.81583 -7.58381 7.45
    endloop
  endfacet
  facet normal 0.389974 0.824536 0.409953
    outer loop
      vertex -2.1172 -8.31136 9.2
      vertex -1.84067 -7.57206 7.45
      vertex -2.57673 -8.09402 9.2
    endloop
  endfacet
  facet normal 0.133943 0.902219 0.409952
    outer loop
      vertex -0.465091 -7.92215 7.45
      vertex -0.576498 -8.70078 9.2
      vertex -0.54228 -8.70586 9.2
    endloop
  endfacet
  facet normal 0.133827 0.902236 0.409953
    outer loop
      vertex -0.576498 -8.70078 9.2
      vertex -0.465091 -7.92215 7.45
      vertex -0.898523 -7.85786 7.45
    endloop
  endfacet
  facet normal -0.884758 0.221687 0.409949
    outer loop
      vertex 4.64715 -4.15236 7.45
      vertex 5.42619 -4.27934 9.2
      vertex 4.65383 -4.1257 7.45
    endloop
  endfacet
  facet normal -0.884775 0.221615 0.409952
    outer loop
      vertex 5.42619 -4.27934 9.2
      vertex 4.64715 -4.15236 7.45
      vertex 5.30268 -4.77244 9.2
    endloop
  endfacet
  facet normal 0.782335 0.468926 0.409951
    outer loop
      vertex -4.87923 -5.808 9.2
      vertex -3.95945 -5.81261 7.45
      vertex -4.18472 -5.43678 7.45
    endloop
  endfacet
  facet normal 0.782277 0.46905 0.40992
    outer loop
      vertex -3.95945 -5.81261 7.45
      vertex -4.87923 -5.808 9.2
      vertex -4.86144 -5.83767 9.2
    endloop
  endfacet
  facet normal -0.858761 0.307388 0.409929
    outer loop
      vertex 4.38381 -5.01583 7.45
      vertex 5.28262 -4.83857 9.2
      vertex 4.39307 -4.98996 7.45
    endloop
  endfacet
  facet normal -0.858787 0.307285 0.409952
    outer loop
      vertex 5.28262 -4.83857 9.2
      vertex 4.38381 -5.01583 7.45
      vertex 5.11136 -5.3172 9.2
    endloop
  endfacet
  facet normal -0.221628 0.884771 0.409953
    outer loop
      vertex 1.3774 -7.74068 7.45
      vertex 1.11289 -8.61779 9.2
      vertex 1.606 -8.49427 9.2
    endloop
  endfacet
  facet normal -0.221769 0.88475 0.409922
    outer loop
      vertex 1.11289 -8.61779 9.2
      vertex 1.3774 -7.74068 7.45
      vertex 1.35075 -7.74736 7.45
    endloop
  endfacet
  facet normal 0.858761 0.307388 0.409929
    outer loop
      vertex -5.28262 -4.83857 9.2
      vertex -4.38381 -5.01583 7.45
      vertex -4.39307 -4.98996 7.45
    endloop
  endfacet
  facet normal 0.858787 0.307285 0.409952
    outer loop
      vertex -4.38381 -5.01583 7.45
      vertex -5.28262 -4.83857 9.2
      vertex -5.11136 -5.3172 9.2
    endloop
  endfacet
  facet normal 0.824536 -0.389972 0.409953
    outer loop
      vertex -5.11136 -1.0828 9.2
      vertex -4.37206 -1.35933 7.45
      vertex -4.89402 -0.623268 9.2
    endloop
  endfacet
  facet normal 0.824515 -0.390018 0.409952
    outer loop
      vertex -4.37206 -1.35933 7.45
      vertex -5.11136 -1.0828 9.2
      vertex -4.38381 -1.38417 7.45
    endloop
  endfacet
  facet normal 0.221628 0.884772 0.409952
    outer loop
      vertex -1.35075 -7.74736 7.45
      vertex -1.606 -8.49427 9.2
      vertex -1.11289 -8.61779 9.2
    endloop
  endfacet
  facet normal 0.221765 0.884735 0.409956
    outer loop
      vertex -1.606 -8.49427 9.2
      vertex -1.35075 -7.74736 7.45
      vertex -1.3774 -7.74068 7.45
    endloop
  endfacet
  facet normal -0.732618 -0.543332 0.409954
    outer loop
      vertex 3.92895 -0.541748 7.45
      vertex 4.6001 -0.126307 9.2
      vertex 4.29729 0.281996 9.2
    endloop
  endfacet
  facet normal -0.732595 -0.543364 0.409952
    outer loop
      vertex 4.6001 -0.126307 9.2
      vertex 3.92895 -0.541748 7.45
      vertex 3.94532 -0.563819 7.45
    endloop
  endfacet
  facet normal 0.221627 -0.884772 0.409952
    outer loop
      vertex -0.925704 1.45383 7.45
      vertex -1.11289 2.21779 9.2
      vertex -1.35075 1.34736 7.45
    endloop
  endfacet
  facet normal 0.221529 -0.884796 0.409952
    outer loop
      vertex -1.11289 2.21779 9.2
      vertex -0.925704 1.45383 7.45
      vertex -1.07934 2.22619 9.2
    endloop
  endfacet
  facet normal -0.911005 0.0448199 0.409952
    outer loop
      vertex 4.74365 -3.22744 7.45
      vertex 5.5325 -3.2 9.2
      vertex 4.745 -3.2 7.45
    endloop
  endfacet
  facet normal -0.911008 0.0447492 0.409955
    outer loop
      vertex 5.5325 -3.2 9.2
      vertex 4.74365 -3.22744 7.45
      vertex 5.50756 -3.70773 9.2
    endloop
  endfacet
  facet normal -0.82454 0.389966 0.409952
    outer loop
      vertex 4.18472 -5.43678 7.45
      vertex 4.89402 -5.77673 9.2
      vertex 4.37206 -5.04067 7.45
    endloop
  endfacet
  facet normal -0.824531 0.389985 0.409952
    outer loop
      vertex 4.89402 -5.77673 9.2
      vertex 4.18472 -5.43678 7.45
      vertex 4.87923 -5.808 9.2
    endloop
  endfacet
  facet normal 0.221529 0.884796 0.409952
    outer loop
      vertex -0.925704 -7.85383 7.45
      vertex -1.11289 -8.61779 9.2
      vertex -1.07934 -8.62619 9.2
    endloop
  endfacet
  facet normal 0.221627 0.884772 0.409952
    outer loop
      vertex -1.11289 -8.61779 9.2
      vertex -0.925704 -7.85383 7.45
      vertex -1.35075 -7.74736 7.45
    endloop
  endfacet
  facet normal -0.307268 -0.858793 0.409953
    outer loop
      vertex 1.81583 1.18381 7.45
      vertex 2.08462 1.92302 9.2
      vertex 1.40327 1.33142 7.45
    endloop
  endfacet
  facet normal -0.307342 -0.858766 0.409954
    outer loop
      vertex 2.08462 1.92302 9.2
      vertex 1.81583 1.18381 7.45
      vertex 2.1172 1.91136 9.2
    endloop
  endfacet
  facet normal -0.307342 0.858766 0.409954
    outer loop
      vertex 1.81583 -7.58381 7.45
      vertex 2.08462 -8.32302 9.2
      vertex 2.1172 -8.31136 9.2
    endloop
  endfacet
  facet normal -0.307268 0.858793 0.409953
    outer loop
      vertex 2.08462 -8.32302 9.2
      vertex 1.81583 -7.58381 7.45
      vertex 1.40327 -7.73142 7.45
    endloop
  endfacet
  facet normal 0.675833 -0.612524 0.409957
    outer loop
      vertex -4.27668 0.309781 9.2
      vertex -3.37367 0.134862 7.45
      vertex -4.25345 0.335412 9.2
    endloop
  endfacet
  facet normal 0.675826 -0.612533 0.409955
    outer loop
      vertex -3.37367 0.134862 7.45
      vertex -4.27668 0.309781 9.2
      vertex -3.66793 -0.189804 7.45
    endloop
  endfacet
  facet normal 0.0447545 0.911007 0.409956
    outer loop
      vertex -0.465091 -7.92215 7.45
      vertex -0.507729 -8.70756 9.2
      vertex -0.0274449 -7.94365 7.45
    endloop
  endfacet
  facet normal 0.0448238 0.911003 0.409956
    outer loop
      vertex -0.507729 -8.70756 9.2
      vertex -0.465091 -7.92215 7.45
      vertex -0.54228 -8.70586 9.2
    endloop
  endfacet
  facet normal -0.543336 -0.732614 0.409955
    outer loop
      vertex 3.0102 0.467934 7.45
      vertex 3.482 1.09729 9.2
      vertex 2.65825 0.728954 7.45
    endloop
  endfacet
  facet normal -0.543459 -0.732523 0.409955
    outer loop
      vertex 3.482 1.09729 9.2
      vertex 3.0102 0.467934 7.45
      vertex 3.50978 1.07668 9.2
    endloop
  endfacet
  facet normal 0.90222 0.133936 0.409953
    outer loop
      vertex -5.50078 -3.7765 9.2
      vertex -4.72215 -3.66509 7.45
      vertex -5.50586 -3.74228 9.2
    endloop
  endfacet
  facet normal 0.902236 0.133827 0.409953
    outer loop
      vertex -4.72215 -3.66509 7.45
      vertex -5.50078 -3.7765 9.2
      vertex -4.65786 -4.09852 7.45
    endloop
  endfacet
  facet normal -0.468916 0.782341 0.409952
    outer loop
      vertex 2.26035 -7.37059 7.45
      vertex 2.608 -8.07923 9.2
      vertex 3.04402 -7.81789 9.2
    endloop
  endfacet
  facet normal -0.468983 0.782302 0.40995
    outer loop
      vertex 2.608 -8.07923 9.2
      vertex 2.26035 -7.37059 7.45
      vertex 2.23678 -7.38472 7.45
    endloop
  endfacet
  facet normal 0.307342 -0.858766 0.409954
    outer loop
      vertex -1.81583 1.18381 7.45
      vertex -2.08462 1.92302 9.2
      vertex -2.1172 1.91136 9.2
    endloop
  endfacet
  facet normal 0.307268 -0.858793 0.409953
    outer loop
      vertex -2.08462 1.92302 9.2
      vertex -1.81583 1.18381 7.45
      vertex -1.40327 1.33142 7.45
    endloop
  endfacet
  facet normal -0.221627 0.884772 0.409952
    outer loop
      vertex 0.925704 -7.85383 7.45
      vertex 1.11289 -8.61779 9.2
      vertex 1.35075 -7.74736 7.45
    endloop
  endfacet
  facet normal -0.221529 0.884796 0.409952
    outer loop
      vertex 1.11289 -8.61779 9.2
      vertex 0.925704 -7.85383 7.45
      vertex 1.07934 -8.62619 9.2
    endloop
  endfacet
  facet normal -0.0447545 -0.911007 0.409956
    outer loop
      vertex 0.465091 1.52215 7.45
      vertex 0.507729 2.30756 9.2
      vertex 0.0274449 1.54365 7.45
    endloop
  endfacet
  facet normal -0.0448238 -0.911003 0.409956
    outer loop
      vertex 0.507729 2.30756 9.2
      vertex 0.465091 1.52215 7.45
      vertex 0.54228 2.30586 9.2
    endloop
  endfacet
  facet normal -0.90222 0.133936 0.409953
    outer loop
      vertex 4.72215 -3.66509 7.45
      vertex 5.50078 -3.7765 9.2
      vertex 5.50586 -3.74228 9.2
    endloop
  endfacet
  facet normal -0.902236 0.133827 0.409953
    outer loop
      vertex 5.50078 -3.7765 9.2
      vertex 4.72215 -3.66509 7.45
      vertex 4.65786 -4.09852 7.45
    endloop
  endfacet
  facet normal -0.782308 0.468986 0.409935
    outer loop
      vertex 3.94532 -5.83618 7.45
      vertex 4.86144 -5.83767 9.2
      vertex 3.95945 -5.81261 7.45
    endloop
  endfacet
  facet normal -0.782341 0.468916 0.409952
    outer loop
      vertex 4.86144 -5.83767 9.2
      vertex 3.94532 -5.83618 7.45
      vertex 4.6001 -6.27369 9.2
    endloop
  endfacet
  facet normal -0.389985 0.824531 0.409952
    outer loop
      vertex 2.23678 -7.38472 7.45
      vertex 2.57673 -8.09402 9.2
      vertex 2.608 -8.07923 9.2
    endloop
  endfacet
  facet normal -0.389966 0.82454 0.409952
    outer loop
      vertex 2.57673 -8.09402 9.2
      vertex 2.23678 -7.38472 7.45
      vertex 1.84067 -7.57206 7.45
    endloop
  endfacet
  facet normal 0.90222 -0.133936 0.409952
    outer loop
      vertex -5.43127 -2.15488 9.2
      vertex -4.65383 -2.2743 7.45
      vertex -5.42619 -2.12066 9.2
    endloop
  endfacet
  facet normal 0.902236 -0.133827 0.409952
    outer loop
      vertex -4.65383 -2.2743 7.45
      vertex -5.43127 -2.15488 9.2
      vertex -4.71812 -2.70773 7.45
    endloop
  endfacet
  facet normal 0.675827 -0.612532 0.409954
    outer loop
      vertex -4.25345 0.335412 9.2
      vertex -3.35522 0.155222 7.45
      vertex -3.91207 0.712068 9.2
    endloop
  endfacet
  facet normal 0.675874 -0.612469 0.409972
    outer loop
      vertex -3.35522 0.155222 7.45
      vertex -4.25345 0.335412 9.2
      vertex -3.37367 0.134862 7.45
    endloop
  endfacet
  facet normal -0.133827 0.902236 0.409953
    outer loop
      vertex 0.465091 -7.92215 7.45
      vertex 0.576498 -8.70078 9.2
      vertex 0.898523 -7.85786 7.45
    endloop
  endfacet
  facet normal -0.133943 0.902219 0.409952
    outer loop
      vertex 0.576498 -8.70078 9.2
      vertex 0.465091 -7.92215 7.45
      vertex 0.54228 -8.70586 9.2
    endloop
  endfacet
  facet normal -0.543332 0.732615 0.409959
    outer loop
      vertex 2.98812 -6.8843 7.45
      vertex 3.07369 -7.80011 9.2
      vertex 3.10148 -7.7795 9.2
    endloop
  endfacet
  facet normal -0.543345 0.732606 0.409956
    outer loop
      vertex 3.07369 -7.80011 9.2
      vertex 2.98812 -6.8843 7.45
      vertex 2.63618 -7.14532 7.45
    endloop
  endfacet
  facet normal -0.390018 -0.824515 0.409952
    outer loop
      vertex 1.84067 1.17206 7.45
      vertex 2.1172 1.91136 9.2
      vertex 1.81583 1.18381 7.45
    endloop
  endfacet
  facet normal -0.389974 -0.824536 0.409953
    outer loop
      vertex 2.1172 1.91136 9.2
      vertex 1.84067 1.17206 7.45
      vertex 2.57673 1.69402 9.2
    endloop
  endfacet
  facet normal 0.468983 0.782302 0.40995
    outer loop
      vertex -2.26035 -7.37059 7.45
      vertex -2.608 -8.07923 9.2
      vertex -2.23678 -7.38472 7.45
    endloop
  endfacet
  facet normal 0.468916 0.782341 0.409952
    outer loop
      vertex -2.608 -8.07923 9.2
      vertex -2.26035 -7.37059 7.45
      vertex -3.04402 -7.81789 9.2
    endloop
  endfacet
  facet normal -0.0448238 0.911003 0.409956
    outer loop
      vertex 0.465091 -7.92215 7.45
      vertex 0.507729 -8.70756 9.2
      vertex 0.54228 -8.70586 9.2
    endloop
  endfacet
  facet normal -0.0447545 0.911007 0.409956
    outer loop
      vertex 0.507729 -8.70756 9.2
      vertex 0.465091 -7.92215 7.45
      vertex 0.0274449 -7.94365 7.45
    endloop
  endfacet
  facet normal 0.902234 -0.133835 0.409954
    outer loop
      vertex -5.50586 -2.65772 9.2
      vertex -4.71812 -2.70773 7.45
      vertex -5.43127 -2.15488 9.2
    endloop
  endfacet
  facet normal 0.902242 -0.133776 0.409956
    outer loop
      vertex -4.71812 -2.70773 7.45
      vertex -5.50586 -2.65772 9.2
      vertex -4.72215 -2.73491 7.45
    endloop
  endfacet
  facet normal -0.824536 -0.389972 0.409953
    outer loop
      vertex 4.37206 -1.35933 7.45
      vertex 5.11136 -1.0828 9.2
      vertex 4.89402 -0.623268 9.2
    endloop
  endfacet
  facet normal -0.824515 -0.390018 0.409952
    outer loop
      vertex 5.11136 -1.0828 9.2
      vertex 4.37206 -1.35933 7.45
      vertex 4.38381 -1.38417 7.45
    endloop
  endfacet
  facet normal 0.0448119 0.911005 0.409952
    outer loop
      vertex -0.0274449 -7.94365 7.45
      vertex 0 -8.7325 9.2
      vertex 0 -7.945 7.45
    endloop
  endfacet
  facet normal 0.0447493 0.911008 0.409954
    outer loop
      vertex 0 -8.7325 9.2
      vertex -0.0274449 -7.94365 7.45
      vertex -0.507729 -8.70756 9.2
    endloop
  endfacet
  facet normal -0.307274 0.858789 0.409955
    outer loop
      vertex 1.40327 -7.73142 7.45
      vertex 1.606 -8.49427 9.2
      vertex 2.08462 -8.32302 9.2
    endloop
  endfacet
  facet normal -0.307385 0.858752 0.409951
    outer loop
      vertex 1.606 -8.49427 9.2
      vertex 1.40327 -7.73142 7.45
      vertex 1.3774 -7.74068 7.45
    endloop
  endfacet
  facet normal 0.0448238 -0.911003 0.409956
    outer loop
      vertex -0.465091 1.52215 7.45
      vertex -0.507729 2.30756 9.2
      vertex -0.54228 2.30586 9.2
    endloop
  endfacet
  facet normal 0.0447545 -0.911007 0.409956
    outer loop
      vertex -0.507729 2.30756 9.2
      vertex -0.465091 1.52215 7.45
      vertex -0.0274449 1.54365 7.45
    endloop
  endfacet
  facet normal 0.389966 0.82454 0.409952
    outer loop
      vertex -2.23678 -7.38472 7.45
      vertex -2.57673 -8.09402 9.2
      vertex -1.84067 -7.57206 7.45
    endloop
  endfacet
  facet normal 0.389985 0.824531 0.409952
    outer loop
      vertex -2.57673 -8.09402 9.2
      vertex -2.23678 -7.38472 7.45
      vertex -2.608 -8.07923 9.2
    endloop
  endfacet
  facet normal 0.307274 -0.858789 0.409955
    outer loop
      vertex -1.40327 1.33142 7.45
      vertex -1.606 2.09427 9.2
      vertex -2.08462 1.92302 9.2
    endloop
  endfacet
  facet normal 0.307385 -0.858752 0.409951
    outer loop
      vertex -1.606 2.09427 9.2
      vertex -1.40327 1.33142 7.45
      vertex -1.3774 1.34068 7.45
    endloop
  endfacet
  facet normal 0.133835 0.902235 0.409951
    outer loop
      vertex -0.898523 -7.85786 7.45
      vertex -1.07934 -8.62619 9.2
      vertex -0.576498 -8.70078 9.2
    endloop
  endfacet
  facet normal 0.133772 0.902246 0.409949
    outer loop
      vertex -1.07934 -8.62619 9.2
      vertex -0.898523 -7.85786 7.45
      vertex -0.925704 -7.85383 7.45
    endloop
  endfacet
  facet normal -0.0447493 0.911008 0.409954
    outer loop
      vertex 0.0274449 -7.94365 7.45
      vertex 0 -8.7325 9.2
      vertex 0.507729 -8.70756 9.2
    endloop
  endfacet
  facet normal -0.0448119 0.911005 0.409952
    outer loop
      vertex 0 -8.7325 9.2
      vertex 0.0274449 -7.94365 7.45
      vertex 0 -7.945 7.45
    endloop
  endfacet
  facet normal 0.884775 -0.221615 0.409952
    outer loop
      vertex -5.42619 -2.12066 9.2
      vertex -4.64715 -2.24764 7.45
      vertex -5.30268 -1.62756 9.2
    endloop
  endfacet
  facet normal 0.884758 -0.221687 0.409949
    outer loop
      vertex -4.64715 -2.24764 7.45
      vertex -5.42619 -2.12066 9.2
      vertex -4.65383 -2.2743 7.45
    endloop
  endfacet
  facet normal -0.675879 0.612474 0.409955
    outer loop
      vertex 3.64948 -6.23056 7.45
      vertex 4.27668 -6.70978 9.2
      vertex 3.66793 -6.2102 7.45
    endloop
  endfacet
  facet normal -0.675831 0.612529 0.409953
    outer loop
      vertex 4.27668 -6.70978 9.2
      vertex 3.64948 -6.23056 7.45
      vertex 3.9353 -7.08644 9.2
    endloop
  endfacet
  facet normal 0.902235 0.133835 0.409951
    outer loop
      vertex -5.42619 -4.27934 9.2
      vertex -4.65786 -4.09852 7.45
      vertex -5.50078 -3.7765 9.2
    endloop
  endfacet
  facet normal 0.902245 0.133777 0.409949
    outer loop
      vertex -4.65786 -4.09852 7.45
      vertex -5.42619 -4.27934 9.2
      vertex -4.65383 -4.1257 7.45
    endloop
  endfacet
  facet normal -0.824515 0.390018 0.409952
    outer loop
      vertex 4.37206 -5.04067 7.45
      vertex 5.11136 -5.3172 9.2
      vertex 4.38381 -5.01583 7.45
    endloop
  endfacet
  facet normal -0.824536 0.389974 0.409953
    outer loop
      vertex 5.11136 -5.3172 9.2
      vertex 4.37206 -5.04067 7.45
      vertex 4.89402 -5.77673 9.2
    endloop
  endfacet
  facet normal 0.824536 -0.389974 0.409952
    outer loop
      vertex -4.89402 -0.623268 9.2
      vertex -4.18472 -0.963222 7.45
      vertex -4.87923 -0.591997 9.2
    endloop
  endfacet
  facet normal 0.824539 -0.389967 0.409952
    outer loop
      vertex -4.18472 -0.963222 7.45
      vertex -4.89402 -0.623268 9.2
      vertex -4.37206 -1.35933 7.45
    endloop
  endfacet
  facet normal 0.884748 -0.221714 0.409955
    outer loop
      vertex -5.30268 -1.62756 9.2
      vertex -4.54068 -1.8226 7.45
      vertex -5.29427 -1.594 9.2
    endloop
  endfacet
  facet normal 0.88477 -0.22163 0.409955
    outer loop
      vertex -4.54068 -1.8226 7.45
      vertex -5.30268 -1.62756 9.2
      vertex -4.64715 -2.24764 7.45
    endloop
  endfacet
  facet normal -0.468848 0.78238 0.409955
    outer loop
      vertex 2.63618 -7.14532 7.45
      vertex 3.04402 -7.81789 9.2
      vertex 3.07369 -7.80011 9.2
    endloop
  endfacet
  facet normal -0.468926 0.782334 0.409955
    outer loop
      vertex 3.04402 -7.81789 9.2
      vertex 2.63618 -7.14532 7.45
      vertex 2.26035 -7.37059 7.45
    endloop
  endfacet
  facet normal -0.612537 0.675821 0.409956
    outer loop
      vertex 3.35522 -6.55522 7.45
      vertex 3.88644 -7.1353 9.2
      vertex 3.91207 -7.11207 9.2
    endloop
  endfacet
  facet normal -0.612539 0.67582 0.409956
    outer loop
      vertex 3.88644 -7.1353 9.2
      vertex 3.35522 -6.55522 7.45
      vertex 3.03056 -6.84948 7.45
    endloop
  endfacet
  facet normal -0.612529 0.675831 0.409953
    outer loop
      vertex 3.03056 -6.84948 7.45
      vertex 3.50978 -7.47668 9.2
      vertex 3.88644 -7.1353 9.2
    endloop
  endfacet
  facet normal -0.612474 0.675879 0.409955
    outer loop
      vertex 3.50978 -7.47668 9.2
      vertex 3.03056 -6.84948 7.45
      vertex 3.0102 -6.86793 7.45
    endloop
  endfacet
  facet normal -0.675827 -0.612532 0.409954
    outer loop
      vertex 3.35522 0.155222 7.45
      vertex 4.25345 0.335412 9.2
      vertex 3.91207 0.712068 9.2
    endloop
  endfacet
  facet normal -0.675874 -0.612469 0.409972
    outer loop
      vertex 4.25345 0.335412 9.2
      vertex 3.35522 0.155222 7.45
      vertex 3.37367 0.134862 7.45
    endloop
  endfacet
  facet normal -0.858793 0.307268 0.409954
    outer loop
      vertex 4.39307 -4.98996 7.45
      vertex 5.29427 -4.806 9.2
      vertex 4.54068 -4.5774 7.45
    endloop
  endfacet
  facet normal -0.858812 0.307189 0.409972
    outer loop
      vertex 5.29427 -4.806 9.2
      vertex 4.39307 -4.98996 7.45
      vertex 5.28262 -4.83857 9.2
    endloop
  endfacet
  facet normal 0.732615 0.543336 0.409954
    outer loop
      vertex -4.29729 -6.68199 9.2
      vertex -3.66793 -6.2102 7.45
      vertex -3.92895 -5.85825 7.45
    endloop
  endfacet
  facet normal 0.732617 0.543333 0.409954
    outer loop
      vertex -3.66793 -6.2102 7.45
      vertex -4.29729 -6.68199 9.2
      vertex -4.27668 -6.70978 9.2
    endloop
  endfacet
  facet normal -0.543357 -0.732598 0.409954
    outer loop
      vertex 2.65825 0.728954 7.45
      vertex 3.07369 1.40011 9.2
      vertex 2.63618 0.745323 7.45
    endloop
  endfacet
  facet normal -0.543337 -0.732613 0.409955
    outer loop
      vertex 3.07369 1.40011 9.2
      vertex 2.65825 0.728954 7.45
      vertex 3.482 1.09729 9.2
    endloop
  endfacet
  facet normal -0.67582 0.612539 0.409956
    outer loop
      vertex 3.35522 -6.55522 7.45
      vertex 3.9353 -7.08644 9.2
      vertex 3.64948 -6.23056 7.45
    endloop
  endfacet
  facet normal -0.675821 0.612537 0.409956
    outer loop
      vertex 3.9353 -7.08644 9.2
      vertex 3.35522 -6.55522 7.45
      vertex 3.91207 -7.11207 9.2
    endloop
  endfacet
  facet normal 0.911003 -0.0448251 0.409956
    outer loop
      vertex -5.50756 -2.69227 9.2
      vertex -4.72215 -2.73491 7.45
      vertex -5.50586 -2.65772 9.2
    endloop
  endfacet
  facet normal 0.911007 -0.0447552 0.409956
    outer loop
      vertex -4.72215 -2.73491 7.45
      vertex -5.50756 -2.69227 9.2
      vertex -4.74365 -3.17255 7.45
    endloop
  endfacet
  facet normal -0.389974 0.824536 0.409953
    outer loop
      vertex 1.84067 -7.57206 7.45
      vertex 2.1172 -8.31136 9.2
      vertex 2.57673 -8.09402 9.2
    endloop
  endfacet
  facet normal -0.390018 0.824515 0.409952
    outer loop
      vertex 2.1172 -8.31136 9.2
      vertex 1.84067 -7.57206 7.45
      vertex 1.81583 -7.58381 7.45
    endloop
  endfacet
  facet normal 0.88477 0.22163 0.409955
    outer loop
      vertex -5.30268 -4.77244 9.2
      vertex -4.54068 -4.5774 7.45
      vertex -4.64715 -4.15236 7.45
    endloop
  endfacet
  facet normal 0.884748 0.221714 0.409955
    outer loop
      vertex -4.54068 -4.5774 7.45
      vertex -5.30268 -4.77244 9.2
      vertex -5.29427 -4.806 9.2
    endloop
  endfacet
  facet normal -0.46892 -0.782338 0.409953
    outer loop
      vertex 2.61261 0.75945 7.45
      vertex 2.608 1.67923 9.2
      vertex 2.23678 0.984716 7.45
    endloop
  endfacet
  facet normal -0.468844 -0.782374 0.409972
    outer loop
      vertex 2.608 1.67923 9.2
      vertex 2.61261 0.75945 7.45
      vertex 2.63767 1.66145 9.2
    endloop
  endfacet
  facet normal -0.221529 -0.884796 0.409952
    outer loop
      vertex 0.925704 1.45383 7.45
      vertex 1.11289 2.21779 9.2
      vertex 1.07934 2.22619 9.2
    endloop
  endfacet
  facet normal -0.221627 -0.884772 0.409952
    outer loop
      vertex 1.11289 2.21779 9.2
      vertex 0.925704 1.45383 7.45
      vertex 1.35075 1.34736 7.45
    endloop
  endfacet
  facet normal 0.78234 -0.468917 0.409953
    outer loop
      vertex -4.86144 -0.562326 9.2
      vertex -3.94532 -0.563819 7.45
      vertex -4.6001 -0.126307 9.2
    endloop
  endfacet
  facet normal 0.782293 -0.469017 0.409928
    outer loop
      vertex -3.94532 -0.563819 7.45
      vertex -4.86144 -0.562326 9.2
      vertex -3.95945 -0.587387 7.45
    endloop
  endfacet
  facet normal 0.0447493 -0.911008 0.409954
    outer loop
      vertex -0.0274449 1.54365 7.45
      vertex 0 2.3325 9.2
      vertex -0.507729 2.30756 9.2
    endloop
  endfacet
  facet normal 0.0448119 -0.911005 0.409952
    outer loop
      vertex 0 2.3325 9.2
      vertex -0.0274449 1.54365 7.45
      vertex 0 1.545 7.45
    endloop
  endfacet
  facet normal 0.732583 0.54338 0.409951
    outer loop
      vertex -4.6001 -6.27369 9.2
      vertex -3.92895 -5.85825 7.45
      vertex -3.94532 -5.83618 7.45
    endloop
  endfacet
  facet normal 0.732616 0.543334 0.409953
    outer loop
      vertex -3.92895 -5.85825 7.45
      vertex -4.6001 -6.27369 9.2
      vertex -4.29729 -6.68199 9.2
    endloop
  endfacet
  facet normal 0.543211 0.732688 0.409989
    outer loop
      vertex -3.0102 -6.86793 7.45
      vertex -3.10148 -7.7795 9.2
      vertex -2.98812 -6.8843 7.45
    endloop
  endfacet
  facet normal 0.543346 0.732607 0.409954
    outer loop
      vertex -3.10148 -7.7795 9.2
      vertex -3.0102 -6.86793 7.45
      vertex -3.50978 -7.47668 9.2
    endloop
  endfacet
  facet normal 0.82454 0.389966 0.409952
    outer loop
      vertex -4.89402 -5.77673 9.2
      vertex -4.18472 -5.43678 7.45
      vertex -4.37206 -5.04067 7.45
    endloop
  endfacet
  facet normal 0.824531 0.389985 0.409952
    outer loop
      vertex -4.18472 -5.43678 7.45
      vertex -4.89402 -5.77673 9.2
      vertex -4.87923 -5.808 9.2
    endloop
  endfacet
  facet normal 0.612539 0.67582 0.409956
    outer loop
      vertex -3.35522 -6.55522 7.45
      vertex -3.88644 -7.1353 9.2
      vertex -3.03056 -6.84948 7.45
    endloop
  endfacet
  facet normal 0.612537 0.675821 0.409956
    outer loop
      vertex -3.88644 -7.1353 9.2
      vertex -3.35522 -6.55522 7.45
      vertex -3.91207 -7.11207 9.2
    endloop
  endfacet
  facet normal -0.612539 -0.675822 0.409952
    outer loop
      vertex 3.33486 0.173675 7.45
      vertex 3.50978 1.07668 9.2
      vertex 3.0102 0.467934 7.45
    endloop
  endfacet
  facet normal -0.612538 -0.675822 0.409952
    outer loop
      vertex 3.50978 1.07668 9.2
      vertex 3.33486 0.173675 7.45
      vertex 3.53541 1.05345 9.2
    endloop
  endfacet
  facet normal 0.307385 0.858752 0.409951
    outer loop
      vertex -1.40327 -7.73142 7.45
      vertex -1.606 -8.49427 9.2
      vertex -1.3774 -7.74068 7.45
    endloop
  endfacet
  facet normal 0.307274 0.858789 0.409955
    outer loop
      vertex -1.606 -8.49427 9.2
      vertex -1.40327 -7.73142 7.45
      vertex -2.08462 -8.32302 9.2
    endloop
  endfacet
  facet normal -0.0448119 -0.911005 0.409952
    outer loop
      vertex 0.0274449 1.54365 7.45
      vertex 0 2.3325 9.2
      vertex 0 1.545 7.45
    endloop
  endfacet
  facet normal -0.0447493 -0.911008 0.409954
    outer loop
      vertex 0 2.3325 9.2
      vertex 0.0274449 1.54365 7.45
      vertex 0.507729 2.30756 9.2
    endloop
  endfacet
  facet normal 0.612474 0.675879 0.409955
    outer loop
      vertex -3.03056 -6.84948 7.45
      vertex -3.50978 -7.47668 9.2
      vertex -3.0102 -6.86793 7.45
    endloop
  endfacet
  facet normal 0.612529 0.675831 0.409953
    outer loop
      vertex -3.50978 -7.47668 9.2
      vertex -3.03056 -6.84948 7.45
      vertex -3.88644 -7.1353 9.2
    endloop
  endfacet
  facet normal -0.468908 -0.782343 0.409957
    outer loop
      vertex 2.63618 0.745323 7.45
      vertex 2.63767 1.66145 9.2
      vertex 2.61261 0.75945 7.45
    endloop
  endfacet
  facet normal -0.468916 -0.78234 0.409955
    outer loop
      vertex 2.63767 1.66145 9.2
      vertex 2.63618 0.745323 7.45
      vertex 3.07369 1.40011 9.2
    endloop
  endfacet
  facet normal -0.307385 -0.858752 0.409951
    outer loop
      vertex 1.40327 1.33142 7.45
      vertex 1.606 2.09427 9.2
      vertex 1.3774 1.34068 7.45
    endloop
  endfacet
  facet normal -0.307274 -0.858789 0.409955
    outer loop
      vertex 1.606 2.09427 9.2
      vertex 1.40327 1.33142 7.45
      vertex 2.08462 1.92302 9.2
    endloop
  endfacet
  facet normal -0.133826 -0.902236 0.409952
    outer loop
      vertex 0.925704 1.45383 7.45
      vertex 1.04512 2.23127 9.2
      vertex 0.492271 1.51812 7.45
    endloop
  endfacet
  facet normal -0.133936 -0.90222 0.409952
    outer loop
      vertex 1.04512 2.23127 9.2
      vertex 0.925704 1.45383 7.45
      vertex 1.07934 2.22619 9.2
    endloop
  endfacet
  facet normal 0.389974 -0.824536 0.409953
    outer loop
      vertex -1.84067 1.17206 7.45
      vertex -2.1172 1.91136 9.2
      vertex -2.57673 1.69402 9.2
    endloop
  endfacet
  facet normal 0.390018 -0.824515 0.409952
    outer loop
      vertex -2.1172 1.91136 9.2
      vertex -1.84067 1.17206 7.45
      vertex -1.81583 1.18381 7.45
    endloop
  endfacet
  facet normal 0.389984 -0.824531 0.409953
    outer loop
      vertex -2.23678 0.984716 7.45
      vertex -2.57673 1.69402 9.2
      vertex -2.608 1.67923 9.2
    endloop
  endfacet
  facet normal 0.389972 -0.824536 0.409953
    outer loop
      vertex -2.57673 1.69402 9.2
      vertex -2.23678 0.984716 7.45
      vertex -1.84067 1.17206 7.45
    endloop
  endfacet
  facet normal -0.858761 -0.307388 0.409929
    outer loop
      vertex 5.28262 -1.56143 9.2
      vertex 4.38381 -1.38417 7.45
      vertex 4.39307 -1.41004 7.45
    endloop
  endfacet
  facet normal -0.858787 -0.307285 0.409952
    outer loop
      vertex 4.38381 -1.38417 7.45
      vertex 5.28262 -1.56143 9.2
      vertex 5.11136 -1.0828 9.2
    endloop
  endfacet
  facet normal 0.782283 -0.469038 0.409923
    outer loop
      vertex -4.87923 -0.591997 9.2
      vertex -3.95945 -0.587387 7.45
      vertex -4.86144 -0.562326 9.2
    endloop
  endfacet
  facet normal 0.782337 -0.468922 0.409952
    outer loop
      vertex -3.95945 -0.587387 7.45
      vertex -4.87923 -0.591997 9.2
      vertex -4.18472 -0.963222 7.45
    endloop
  endfacet
  facet normal -0.732615 0.543336 0.409954
    outer loop
      vertex 3.66793 -6.2102 7.45
      vertex 4.29729 -6.68199 9.2
      vertex 3.92895 -5.85825 7.45
    endloop
  endfacet
  facet normal -0.732617 0.543333 0.409954
    outer loop
      vertex 4.29729 -6.68199 9.2
      vertex 3.66793 -6.2102 7.45
      vertex 4.27668 -6.70978 9.2
    endloop
  endfacet
  facet normal 0.884758 0.221687 0.409949
    outer loop
      vertex -5.42619 -4.27934 9.2
      vertex -4.64715 -4.15236 7.45
      vertex -4.65383 -4.1257 7.45
    endloop
  endfacet
  facet normal 0.884775 0.221615 0.409952
    outer loop
      vertex -4.64715 -4.15236 7.45
      vertex -5.42619 -4.27934 9.2
      vertex -5.30268 -4.77244 9.2
    endloop
  endfacet
  facet normal -0.389972 -0.824536 0.409953
    outer loop
      vertex 2.23678 0.984716 7.45
      vertex 2.57673 1.69402 9.2
      vertex 1.84067 1.17206 7.45
    endloop
  endfacet
  facet normal -0.389984 -0.824531 0.409953
    outer loop
      vertex 2.57673 1.69402 9.2
      vertex 2.23678 0.984716 7.45
      vertex 2.608 1.67923 9.2
    endloop
  endfacet
  facet normal 0.782308 0.468986 0.409935
    outer loop
      vertex -4.86144 -5.83767 9.2
      vertex -3.94532 -5.83618 7.45
      vertex -3.95945 -5.81261 7.45
    endloop
  endfacet
  facet normal 0.782341 0.468916 0.409952
    outer loop
      vertex -3.94532 -5.83618 7.45
      vertex -4.86144 -5.83767 9.2
      vertex -4.6001 -6.27369 9.2
    endloop
  endfacet
  facet normal 0.61253 -0.675828 0.409954
    outer loop
      vertex -3.35522 0.155222 7.45
      vertex -3.53541 1.05345 9.2
      vertex -3.91207 0.712068 9.2
    endloop
  endfacet
  facet normal 0.612529 -0.67583 0.409955
    outer loop
      vertex -3.53541 1.05345 9.2
      vertex -3.35522 0.155222 7.45
      vertex -3.33486 0.173675 7.45
    endloop
  endfacet
  facet normal 0.133936 -0.90222 0.409952
    outer loop
      vertex -0.925704 1.45383 7.45
      vertex -1.04512 2.23127 9.2
      vertex -1.07934 2.22619 9.2
    endloop
  endfacet
  facet normal 0.133826 -0.902236 0.409952
    outer loop
      vertex -1.04512 2.23127 9.2
      vertex -0.925704 1.45383 7.45
      vertex -0.492271 1.51812 7.45
    endloop
  endfacet
  facet normal 0.133835 -0.902234 0.409954
    outer loop
      vertex -0.492271 1.51812 7.45
      vertex -0.54228 2.30586 9.2
      vertex -1.04512 2.23127 9.2
    endloop
  endfacet
  facet normal 0.133776 -0.902242 0.409955
    outer loop
      vertex -0.54228 2.30586 9.2
      vertex -0.492271 1.51812 7.45
      vertex -0.465091 1.52215 7.45
    endloop
  endfacet
  facet normal 0.468926 0.782334 0.409955
    outer loop
      vertex -2.63618 -7.14532 7.45
      vertex -3.04402 -7.81789 9.2
      vertex -2.26035 -7.37059 7.45
    endloop
  endfacet
  facet normal 0.468848 0.78238 0.409955
    outer loop
      vertex -3.04402 -7.81789 9.2
      vertex -2.63618 -7.14532 7.45
      vertex -3.07369 -7.80011 9.2
    endloop
  endfacet
  facet normal -0.824536 -0.389974 0.409952
    outer loop
      vertex 4.18472 -0.963222 7.45
      vertex 4.89402 -0.623268 9.2
      vertex 4.87923 -0.591997 9.2
    endloop
  endfacet
  facet normal -0.824539 -0.389967 0.409952
    outer loop
      vertex 4.89402 -0.623268 9.2
      vertex 4.18472 -0.963222 7.45
      vertex 4.37206 -1.35933 7.45
    endloop
  endfacet
  facet normal -0.782335 0.468926 0.409951
    outer loop
      vertex 3.95945 -5.81261 7.45
      vertex 4.87923 -5.808 9.2
      vertex 4.18472 -5.43678 7.45
    endloop
  endfacet
  facet normal -0.782277 0.46905 0.40992
    outer loop
      vertex 4.87923 -5.808 9.2
      vertex 3.95945 -5.81261 7.45
      vertex 4.86144 -5.83767 9.2
    endloop
  endfacet
  facet normal -0.732583 0.54338 0.409951
    outer loop
      vertex 3.92895 -5.85825 7.45
      vertex 4.6001 -6.27369 9.2
      vertex 3.94532 -5.83618 7.45
    endloop
  endfacet
  facet normal -0.732616 0.543334 0.409953
    outer loop
      vertex 4.6001 -6.27369 9.2
      vertex 3.92895 -5.85825 7.45
      vertex 4.29729 -6.68199 9.2
    endloop
  endfacet
  facet normal 0.307268 0.858793 0.409953
    outer loop
      vertex -1.81583 -7.58381 7.45
      vertex -2.08462 -8.32302 9.2
      vertex -1.40327 -7.73142 7.45
    endloop
  endfacet
  facet normal 0.307342 0.858766 0.409954
    outer loop
      vertex -2.08462 -8.32302 9.2
      vertex -1.81583 -7.58381 7.45
      vertex -2.1172 -8.31136 9.2
    endloop
  endfacet
  facet normal 0.543459 -0.732523 0.409955
    outer loop
      vertex -3.0102 0.467934 7.45
      vertex -3.482 1.09729 9.2
      vertex -3.50978 1.07668 9.2
    endloop
  endfacet
  facet normal 0.543336 -0.732614 0.409955
    outer loop
      vertex -3.482 1.09729 9.2
      vertex -3.0102 0.467934 7.45
      vertex -2.65825 0.728954 7.45
    endloop
  endfacet
  facet normal 0.858812 0.307189 0.409972
    outer loop
      vertex -4.39307 -4.98996 7.45
      vertex -5.29427 -4.806 9.2
      vertex -5.28262 -4.83857 9.2
    endloop
  endfacet
  facet normal 0.858793 0.307268 0.409954
    outer loop
      vertex -5.29427 -4.806 9.2
      vertex -4.39307 -4.98996 7.45
      vertex -4.54068 -4.5774 7.45
    endloop
  endfacet
  facet normal 0.675879 0.612474 0.409955
    outer loop
      vertex -4.27668 -6.70978 9.2
      vertex -3.64948 -6.23056 7.45
      vertex -3.66793 -6.2102 7.45
    endloop
  endfacet
  facet normal 0.675831 0.612529 0.409953
    outer loop
      vertex -3.64948 -6.23056 7.45
      vertex -4.27668 -6.70978 9.2
      vertex -3.9353 -7.08644 9.2
    endloop
  endfacet
  facet normal 0.67582 0.612539 0.409956
    outer loop
      vertex -3.9353 -7.08644 9.2
      vertex -3.35522 -6.55522 7.45
      vertex -3.64948 -6.23056 7.45
    endloop
  endfacet
  facet normal 0.675821 0.612537 0.409956
    outer loop
      vertex -3.35522 -6.55522 7.45
      vertex -3.9353 -7.08644 9.2
      vertex -3.91207 -7.11207 9.2
    endloop
  endfacet
  facet normal -0.612529 -0.67583 0.409955
    outer loop
      vertex 3.35522 0.155222 7.45
      vertex 3.53541 1.05345 9.2
      vertex 3.33486 0.173675 7.45
    endloop
  endfacet
  facet normal -0.61253 -0.675828 0.409954
    outer loop
      vertex 3.53541 1.05345 9.2
      vertex 3.35522 0.155222 7.45
      vertex 3.91207 0.712068 9.2
    endloop
  endfacet
  facet normal -0.732569 -0.543396 0.409956
    outer loop
      vertex 3.66793 -0.189804 7.45
      vertex 4.29729 0.281996 9.2
      vertex 4.27668 0.309781 9.2
    endloop
  endfacet
  facet normal -0.732609 -0.543341 0.409956
    outer loop
      vertex 4.29729 0.281996 9.2
      vertex 3.66793 -0.189804 7.45
      vertex 3.92895 -0.541748 7.45
    endloop
  endfacet
  facet normal 0.468844 -0.782374 0.409972
    outer loop
      vertex -2.61261 0.75945 7.45
      vertex -2.608 1.67923 9.2
      vertex -2.63767 1.66145 9.2
    endloop
  endfacet
  facet normal 0.46892 -0.782338 0.409953
    outer loop
      vertex -2.608 1.67923 9.2
      vertex -2.61261 0.75945 7.45
      vertex -2.23678 0.984716 7.45
    endloop
  endfacet
  facet normal 0.543345 0.732606 0.409956
    outer loop
      vertex -2.98812 -6.8843 7.45
      vertex -3.07369 -7.80011 9.2
      vertex -2.63618 -7.14532 7.45
    endloop
  endfacet
  facet normal 0.543332 0.732615 0.409959
    outer loop
      vertex -3.07369 -7.80011 9.2
      vertex -2.98812 -6.8843 7.45
      vertex -3.10148 -7.7795 9.2
    endloop
  endfacet
  facet normal 0.221628 -0.884771 0.409953
    outer loop
      vertex -1.3774 1.34068 7.45
      vertex -1.11289 2.21779 9.2
      vertex -1.606 2.09427 9.2
    endloop
  endfacet
  facet normal 0.221769 -0.88475 0.409922
    outer loop
      vertex -1.11289 2.21779 9.2
      vertex -1.3774 1.34068 7.45
      vertex -1.35075 1.34736 7.45
    endloop
  endfacet
  facet normal -0.133776 -0.902242 0.409955
    outer loop
      vertex 0.492271 1.51812 7.45
      vertex 0.54228 2.30586 9.2
      vertex 0.465091 1.52215 7.45
    endloop
  endfacet
  facet normal -0.133835 -0.902234 0.409954
    outer loop
      vertex 0.54228 2.30586 9.2
      vertex 0.492271 1.51812 7.45
      vertex 1.04512 2.23127 9.2
    endloop
  endfacet
  facet normal -0.78234 -0.468917 0.409953
    outer loop
      vertex 3.94532 -0.563819 7.45
      vertex 4.86144 -0.562326 9.2
      vertex 4.6001 -0.126307 9.2
    endloop
  endfacet
  facet normal -0.782293 -0.469017 0.409928
    outer loop
      vertex 4.86144 -0.562326 9.2
      vertex 3.94532 -0.563819 7.45
      vertex 3.95945 -0.587387 7.45
    endloop
  endfacet
  facet normal -0.782283 -0.469038 0.409923
    outer loop
      vertex 3.95945 -0.587387 7.45
      vertex 4.87923 -0.591997 9.2
      vertex 4.86144 -0.562326 9.2
    endloop
  endfacet
  facet normal -0.782337 -0.468922 0.409952
    outer loop
      vertex 4.87923 -0.591997 9.2
      vertex 3.95945 -0.587387 7.45
      vertex 4.18472 -0.963222 7.45
    endloop
  endfacet
  facet normal -0.675833 -0.612524 0.409957
    outer loop
      vertex 3.37367 0.134862 7.45
      vertex 4.27668 0.309781 9.2
      vertex 4.25345 0.335412 9.2
    endloop
  endfacet
  facet normal -0.675826 -0.612533 0.409955
    outer loop
      vertex 4.27668 0.309781 9.2
      vertex 3.37367 0.134862 7.45
      vertex 3.66793 -0.189804 7.45
    endloop
  endfacet
  facet normal -0.90222 -0.133936 0.409952
    outer loop
      vertex 4.65383 -2.2743 7.45
      vertex 5.43127 -2.15488 9.2
      vertex 5.42619 -2.12066 9.2
    endloop
  endfacet
  facet normal -0.902236 -0.133827 0.409952
    outer loop
      vertex 5.43127 -2.15488 9.2
      vertex 4.65383 -2.2743 7.45
      vertex 4.71812 -2.70773 7.45
    endloop
  endfacet
  facet normal -0.884775 -0.221615 0.409952
    outer loop
      vertex 4.64715 -2.24764 7.45
      vertex 5.42619 -2.12066 9.2
      vertex 5.30268 -1.62756 9.2
    endloop
  endfacet
  facet normal -0.884758 -0.221687 0.409949
    outer loop
      vertex 5.42619 -2.12066 9.2
      vertex 4.64715 -2.24764 7.45
      vertex 4.65383 -2.2743 7.45
    endloop
  endfacet
  facet normal 0.543337 -0.732613 0.409955
    outer loop
      vertex -2.65825 0.728954 7.45
      vertex -3.07369 1.40011 9.2
      vertex -3.482 1.09729 9.2
    endloop
  endfacet
  facet normal 0.543357 -0.732598 0.409954
    outer loop
      vertex -3.07369 1.40011 9.2
      vertex -2.65825 0.728954 7.45
      vertex -2.63618 0.745323 7.45
    endloop
  endfacet
  facet normal 0.468916 -0.78234 0.409955
    outer loop
      vertex -2.63618 0.745323 7.45
      vertex -2.63767 1.66145 9.2
      vertex -3.07369 1.40011 9.2
    endloop
  endfacet
  facet normal 0.468908 -0.782343 0.409957
    outer loop
      vertex -2.63767 1.66145 9.2
      vertex -2.63618 0.745323 7.45
      vertex -2.61261 0.75945 7.45
    endloop
  endfacet
  facet normal -0.858812 -0.307189 0.409972
    outer loop
      vertex 4.39307 -1.41004 7.45
      vertex 5.29427 -1.594 9.2
      vertex 5.28262 -1.56143 9.2
    endloop
  endfacet
  facet normal -0.858793 -0.307268 0.409954
    outer loop
      vertex 5.29427 -1.594 9.2
      vertex 4.39307 -1.41004 7.45
      vertex 4.54068 -1.8226 7.45
    endloop
  endfacet
  facet normal 0.612538 -0.675822 0.409952
    outer loop
      vertex -3.33486 0.173675 7.45
      vertex -3.50978 1.07668 9.2
      vertex -3.53541 1.05345 9.2
    endloop
  endfacet
  facet normal 0.612539 -0.675822 0.409952
    outer loop
      vertex -3.50978 1.07668 9.2
      vertex -3.33486 0.173675 7.45
      vertex -3.0102 0.467934 7.45
    endloop
  endfacet
  facet normal -0.884748 -0.221714 0.409955
    outer loop
      vertex 4.54068 -1.8226 7.45
      vertex 5.30268 -1.62756 9.2
      vertex 5.29427 -1.594 9.2
    endloop
  endfacet
  facet normal -0.88477 -0.22163 0.409955
    outer loop
      vertex 5.30268 -1.62756 9.2
      vertex 4.54068 -1.8226 7.45
      vertex 4.64715 -2.24764 7.45
    endloop
  endfacet
  facet normal -0.902234 -0.133835 0.409954
    outer loop
      vertex 4.71812 -2.70773 7.45
      vertex 5.50586 -2.65772 9.2
      vertex 5.43127 -2.15488 9.2
    endloop
  endfacet
  facet normal -0.902242 -0.133776 0.409956
    outer loop
      vertex 5.50586 -2.65772 9.2
      vertex 4.71812 -2.70773 7.45
      vertex 4.72215 -2.73491 7.45
    endloop
  endfacet
  facet normal -0.989176 -0.146735 0
    outer loop
      vertex 8.89085 -7.11377 7.45
      vertex 8.86349 -6.92933 9.2
      vertex 8.86349 -6.92933 7.45
    endloop
  endfacet
  facet normal -0.989176 -0.146735 0
    outer loop
      vertex 8.86349 -6.92933 9.2
      vertex 8.89085 -7.11377 7.45
      vertex 8.89085 -7.11377 9.2
    endloop
  endfacet
  facet normal -0.998795 -0.0490736 0
    outer loop
      vertex 8.9 -7.3 7.45
      vertex 8.89085 -7.11377 9.2
      vertex 8.89085 -7.11377 7.45
    endloop
  endfacet
  facet normal -0.998795 -0.0490736 0
    outer loop
      vertex 8.89085 -7.11377 9.2
      vertex 8.9 -7.3 7.45
      vertex 8.9 -7.3 9.2
    endloop
  endfacet
  facet normal -0.970038 -0.242952 0
    outer loop
      vertex 8.86349 -6.92933 7.45
      vertex 8.81819 -6.74846 9.2
      vertex 8.81819 -6.74846 7.45
    endloop
  endfacet
  facet normal -0.970038 -0.242952 0
    outer loop
      vertex 8.81819 -6.74846 9.2
      vertex 8.86349 -6.92933 7.45
      vertex 8.86349 -6.92933 9.2
    endloop
  endfacet
  facet normal 0.514109 0.857725 -0
    outer loop
      vertex 6.10435 -8.97565 7.45
      vertex 5.94442 -8.87979 9.2
      vertex 6.10435 -8.97565 9.2
    endloop
  endfacet
  facet normal 0.514109 0.857725 0
    outer loop
      vertex 5.94442 -8.87979 9.2
      vertex 6.10435 -8.97565 7.45
      vertex 5.94442 -8.87979 7.45
    endloop
  endfacet
  facet normal -0.336907 -0.941538 0
    outer loop
      vertex 7.55154 -5.48181 7.45
      vertex 7.7271 -5.54463 9.2
      vertex 7.55154 -5.48181 9.2
    endloop
  endfacet
  facet normal -0.336907 -0.941538 -0
    outer loop
      vertex 7.7271 -5.54463 9.2
      vertex 7.55154 -5.48181 7.45
      vertex 7.7271 -5.54463 7.45
    endloop
  endfacet
  facet normal -0.146735 0.989176 0
    outer loop
      vertex 7.37067 -9.16349 7.45
      vertex 7.18623 -9.19085 9.2
      vertex 7.37067 -9.16349 9.2
    endloop
  endfacet
  facet normal -0.146735 0.989176 0
    outer loop
      vertex 7.18623 -9.19085 9.2
      vertex 7.37067 -9.16349 7.45
      vertex 7.18623 -9.19085 7.45
    endloop
  endfacet
  facet normal 0.803225 0.595675 0
    outer loop
      vertex 5.53128 -8.50535 9.2
      vertex 5.42021 -8.35558 7.45
      vertex 5.42021 -8.35558 9.2
    endloop
  endfacet
  facet normal 0.803225 0.595675 0
    outer loop
      vertex 5.42021 -8.35558 7.45
      vertex 5.53128 -8.50535 9.2
      vertex 5.53128 -8.50535 7.45
    endloop
  endfacet
  facet normal 0.427563 0.903986 -0
    outer loop
      vertex 6.2729 -9.05537 7.45
      vertex 6.10435 -8.97565 9.2
      vertex 6.2729 -9.05537 9.2
    endloop
  endfacet
  facet normal 0.427563 0.903986 0
    outer loop
      vertex 6.10435 -8.97565 9.2
      vertex 6.2729 -9.05537 7.45
      vertex 6.10435 -8.97565 7.45
    endloop
  endfacet
  facet normal 0.941538 0.336907 0
    outer loop
      vertex 5.24463 -8.0271 9.2
      vertex 5.18181 -7.85154 7.45
      vertex 5.18181 -7.85154 9.2
    endloop
  endfacet
  facet normal 0.941538 0.336907 0
    outer loop
      vertex 5.18181 -7.85154 7.45
      vertex 5.24463 -8.0271 9.2
      vertex 5.24463 -8.0271 7.45
    endloop
  endfacet
  facet normal -0.514109 -0.857725 0
    outer loop
      vertex 7.89565 -5.62435 7.45
      vertex 8.05558 -5.72021 9.2
      vertex 7.89565 -5.62435 9.2
    endloop
  endfacet
  facet normal -0.514109 -0.857725 -0
    outer loop
      vertex 8.05558 -5.72021 9.2
      vertex 7.89565 -5.62435 7.45
      vertex 8.05558 -5.72021 7.45
    endloop
  endfacet
  facet normal -0.514109 0.857725 0
    outer loop
      vertex 8.05558 -8.87979 7.45
      vertex 7.89565 -8.97565 9.2
      vertex 8.05558 -8.87979 9.2
    endloop
  endfacet
  facet normal -0.514109 0.857725 0
    outer loop
      vertex 7.89565 -8.97565 9.2
      vertex 8.05558 -8.87979 7.45
      vertex 7.89565 -8.97565 7.45
    endloop
  endfacet
  facet normal -0.595675 0.803225 0
    outer loop
      vertex 8.20535 -8.76872 7.45
      vertex 8.05558 -8.87979 9.2
      vertex 8.20535 -8.76872 9.2
    endloop
  endfacet
  facet normal -0.595675 0.803225 0
    outer loop
      vertex 8.05558 -8.87979 9.2
      vertex 8.20535 -8.76872 7.45
      vertex 8.05558 -8.87979 7.45
    endloop
  endfacet
  facet normal 0.336907 0.941538 -0
    outer loop
      vertex 6.44846 -9.11819 7.45
      vertex 6.2729 -9.05537 9.2
      vertex 6.44846 -9.11819 9.2
    endloop
  endfacet
  facet normal 0.336907 0.941538 0
    outer loop
      vertex 6.2729 -9.05537 9.2
      vertex 6.44846 -9.11819 7.45
      vertex 6.2729 -9.05537 7.45
    endloop
  endfacet
  facet normal 0.336907 -0.941538 0
    outer loop
      vertex 6.2729 -5.54463 7.45
      vertex 6.44846 -5.48181 9.2
      vertex 6.2729 -5.54463 9.2
    endloop
  endfacet
  facet normal 0.336907 -0.941538 0
    outer loop
      vertex 6.44846 -5.48181 9.2
      vertex 6.2729 -5.54463 7.45
      vertex 6.44846 -5.48181 7.45
    endloop
  endfacet
  facet normal 0.146735 0.989176 -0
    outer loop
      vertex 6.81377 -9.19085 7.45
      vertex 6.62933 -9.16349 9.2
      vertex 6.81377 -9.19085 9.2
    endloop
  endfacet
  facet normal 0.146735 0.989176 0
    outer loop
      vertex 6.62933 -9.16349 9.2
      vertex 6.81377 -9.19085 7.45
      vertex 6.62933 -9.16349 7.45
    endloop
  endfacet
  facet normal 0.242952 -0.970038 0
    outer loop
      vertex 6.44846 -5.48181 7.45
      vertex 6.62933 -5.43651 9.2
      vertex 6.44846 -5.48181 9.2
    endloop
  endfacet
  facet normal 0.242952 -0.970038 0
    outer loop
      vertex 6.62933 -5.43651 9.2
      vertex 6.44846 -5.48181 7.45
      vertex 6.62933 -5.43651 7.45
    endloop
  endfacet
  facet normal 0.970038 -0.242952 0
    outer loop
      vertex 5.13651 -6.92933 9.2
      vertex 5.18181 -6.74846 7.45
      vertex 5.18181 -6.74846 9.2
    endloop
  endfacet
  facet normal 0.970038 -0.242952 0
    outer loop
      vertex 5.18181 -6.74846 7.45
      vertex 5.13651 -6.92933 9.2
      vertex 5.13651 -6.92933 7.45
    endloop
  endfacet
  facet normal -0.427563 -0.903986 0
    outer loop
      vertex 7.7271 -5.54463 7.45
      vertex 7.89565 -5.62435 9.2
      vertex 7.7271 -5.54463 9.2
    endloop
  endfacet
  facet normal -0.427563 -0.903986 -0
    outer loop
      vertex 7.89565 -5.62435 9.2
      vertex 7.7271 -5.54463 7.45
      vertex 7.89565 -5.62435 7.45
    endloop
  endfacet
  facet normal 0.0490736 0.998795 -0
    outer loop
      vertex 7 -9.2 7.45
      vertex 6.81377 -9.19085 9.2
      vertex 7 -9.2 9.2
    endloop
  endfacet
  facet normal 0.0490736 0.998795 0
    outer loop
      vertex 6.81377 -9.19085 9.2
      vertex 7 -9.2 7.45
      vertex 6.81377 -9.19085 7.45
    endloop
  endfacet
  facet normal -0.803225 0.595675 0
    outer loop
      vertex 8.46872 -8.50535 7.45
      vertex 8.57979 -8.35558 9.2
      vertex 8.57979 -8.35558 7.45
    endloop
  endfacet
  facet normal -0.803225 0.595675 0
    outer loop
      vertex 8.57979 -8.35558 9.2
      vertex 8.46872 -8.50535 7.45
      vertex 8.46872 -8.50535 9.2
    endloop
  endfacet
  facet normal -0.242952 -0.970038 0
    outer loop
      vertex 7.37067 -5.43651 7.45
      vertex 7.55154 -5.48181 9.2
      vertex 7.37067 -5.43651 9.2
    endloop
  endfacet
  facet normal -0.242952 -0.970038 -0
    outer loop
      vertex 7.55154 -5.48181 9.2
      vertex 7.37067 -5.43651 7.45
      vertex 7.55154 -5.48181 7.45
    endloop
  endfacet
  facet normal -0.0490736 0.998795 0
    outer loop
      vertex 7.18623 -9.19085 7.45
      vertex 7 -9.2 9.2
      vertex 7.18623 -9.19085 9.2
    endloop
  endfacet
  facet normal -0.0490736 0.998795 0
    outer loop
      vertex 7 -9.2 9.2
      vertex 7.18623 -9.19085 7.45
      vertex 7 -9.2 7.45
    endloop
  endfacet
  facet normal 0.970038 0.242952 0
    outer loop
      vertex 5.18181 -7.85154 9.2
      vertex 5.13651 -7.67067 7.45
      vertex 5.13651 -7.67067 9.2
    endloop
  endfacet
  facet normal 0.970038 0.242952 0
    outer loop
      vertex 5.13651 -7.67067 7.45
      vertex 5.18181 -7.85154 9.2
      vertex 5.18181 -7.85154 7.45
    endloop
  endfacet
  facet normal 0.671583 -0.740929 0
    outer loop
      vertex 5.6565 -5.9565 7.45
      vertex 5.79465 -5.83128 9.2
      vertex 5.6565 -5.9565 9.2
    endloop
  endfacet
  facet normal 0.671583 -0.740929 0
    outer loop
      vertex 5.79465 -5.83128 9.2
      vertex 5.6565 -5.9565 7.45
      vertex 5.79465 -5.83128 7.45
    endloop
  endfacet
  facet normal -0.595675 -0.803225 0
    outer loop
      vertex 8.05558 -5.72021 7.45
      vertex 8.20535 -5.83128 9.2
      vertex 8.05558 -5.72021 9.2
    endloop
  endfacet
  facet normal -0.595675 -0.803225 -0
    outer loop
      vertex 8.20535 -5.83128 9.2
      vertex 8.05558 -5.72021 7.45
      vertex 8.20535 -5.83128 7.45
    endloop
  endfacet
  facet normal 0.242952 0.970038 -0
    outer loop
      vertex 6.62933 -9.16349 7.45
      vertex 6.44846 -9.11819 9.2
      vertex 6.62933 -9.16349 9.2
    endloop
  endfacet
  facet normal 0.242952 0.970038 0
    outer loop
      vertex 6.44846 -9.11819 9.2
      vertex 6.62933 -9.16349 7.45
      vertex 6.44846 -9.11819 7.45
    endloop
  endfacet
  facet normal -0.336907 0.941538 0
    outer loop
      vertex 7.7271 -9.05537 7.45
      vertex 7.55154 -9.11819 9.2
      vertex 7.7271 -9.05537 9.2
    endloop
  endfacet
  facet normal -0.336907 0.941538 0
    outer loop
      vertex 7.55154 -9.11819 9.2
      vertex 7.7271 -9.05537 7.45
      vertex 7.55154 -9.11819 7.45
    endloop
  endfacet
  facet normal -0.803225 -0.595675 0
    outer loop
      vertex 8.57979 -6.24442 7.45
      vertex 8.46872 -6.09465 9.2
      vertex 8.46872 -6.09465 7.45
    endloop
  endfacet
  facet normal -0.803225 -0.595675 0
    outer loop
      vertex 8.46872 -6.09465 9.2
      vertex 8.57979 -6.24442 7.45
      vertex 8.57979 -6.24442 9.2
    endloop
  endfacet
  facet normal 0.903986 -0.427563 0
    outer loop
      vertex 5.24463 -6.5729 9.2
      vertex 5.32435 -6.40435 7.45
      vertex 5.32435 -6.40435 9.2
    endloop
  endfacet
  facet normal 0.903986 -0.427563 0
    outer loop
      vertex 5.32435 -6.40435 7.45
      vertex 5.24463 -6.5729 9.2
      vertex 5.24463 -6.5729 7.45
    endloop
  endfacet
  facet normal -0.941538 0.336907 0
    outer loop
      vertex 8.75537 -8.0271 7.45
      vertex 8.81819 -7.85154 9.2
      vertex 8.81819 -7.85154 7.45
    endloop
  endfacet
  facet normal -0.941538 0.336907 0
    outer loop
      vertex 8.81819 -7.85154 9.2
      vertex 8.75537 -8.0271 7.45
      vertex 8.75537 -8.0271 9.2
    endloop
  endfacet
  facet normal -0.242952 0.970038 0
    outer loop
      vertex 7.55154 -9.11819 7.45
      vertex 7.37067 -9.16349 9.2
      vertex 7.55154 -9.11819 9.2
    endloop
  endfacet
  facet normal -0.242952 0.970038 0
    outer loop
      vertex 7.37067 -9.16349 9.2
      vertex 7.55154 -9.11819 7.45
      vertex 7.37067 -9.16349 7.45
    endloop
  endfacet
  facet normal -0.941538 -0.336907 0
    outer loop
      vertex 8.81819 -6.74846 7.45
      vertex 8.75537 -6.5729 9.2
      vertex 8.75537 -6.5729 7.45
    endloop
  endfacet
  facet normal -0.941538 -0.336907 0
    outer loop
      vertex 8.75537 -6.5729 9.2
      vertex 8.81819 -6.74846 7.45
      vertex 8.81819 -6.74846 9.2
    endloop
  endfacet
  facet normal 0.803225 -0.595675 0
    outer loop
      vertex 5.42021 -6.24442 9.2
      vertex 5.53128 -6.09465 7.45
      vertex 5.53128 -6.09465 9.2
    endloop
  endfacet
  facet normal 0.803225 -0.595675 0
    outer loop
      vertex 5.53128 -6.09465 7.45
      vertex 5.42021 -6.24442 9.2
      vertex 5.42021 -6.24442 7.45
    endloop
  endfacet
  facet normal -0.671583 -0.740929 0
    outer loop
      vertex 8.20535 -5.83128 7.45
      vertex 8.3435 -5.9565 9.2
      vertex 8.20535 -5.83128 9.2
    endloop
  endfacet
  facet normal -0.671583 -0.740929 -0
    outer loop
      vertex 8.3435 -5.9565 9.2
      vertex 8.20535 -5.83128 7.45
      vertex 8.3435 -5.9565 7.45
    endloop
  endfacet
  facet normal -0.970038 0.242952 0
    outer loop
      vertex 8.81819 -7.85154 7.45
      vertex 8.86349 -7.67067 9.2
      vertex 8.86349 -7.67067 7.45
    endloop
  endfacet
  facet normal -0.970038 0.242952 0
    outer loop
      vertex 8.86349 -7.67067 9.2
      vertex 8.81819 -7.85154 7.45
      vertex 8.81819 -7.85154 9.2
    endloop
  endfacet
  facet normal -0.903986 0.427563 0
    outer loop
      vertex 8.67565 -8.19565 7.45
      vertex 8.75537 -8.0271 9.2
      vertex 8.75537 -8.0271 7.45
    endloop
  endfacet
  facet normal -0.903986 0.427563 0
    outer loop
      vertex 8.75537 -8.0271 9.2
      vertex 8.67565 -8.19565 7.45
      vertex 8.67565 -8.19565 9.2
    endloop
  endfacet
  facet normal 0.671583 0.740929 -0
    outer loop
      vertex 5.79465 -8.76872 7.45
      vertex 5.6565 -8.6435 9.2
      vertex 5.79465 -8.76872 9.2
    endloop
  endfacet
  facet normal 0.671583 0.740929 0
    outer loop
      vertex 5.6565 -8.6435 9.2
      vertex 5.79465 -8.76872 7.45
      vertex 5.6565 -8.6435 7.45
    endloop
  endfacet
  facet normal -0.857725 0.514109 0
    outer loop
      vertex 8.57979 -8.35558 7.45
      vertex 8.67565 -8.19565 9.2
      vertex 8.67565 -8.19565 7.45
    endloop
  endfacet
  facet normal -0.857725 0.514109 0
    outer loop
      vertex 8.67565 -8.19565 9.2
      vertex 8.57979 -8.35558 7.45
      vertex 8.57979 -8.35558 9.2
    endloop
  endfacet
  facet normal 0.857725 0.514109 0
    outer loop
      vertex 5.42021 -8.35558 9.2
      vertex 5.32435 -8.19565 7.45
      vertex 5.32435 -8.19565 9.2
    endloop
  endfacet
  facet normal 0.857725 0.514109 0
    outer loop
      vertex 5.32435 -8.19565 7.45
      vertex 5.42021 -8.35558 9.2
      vertex 5.42021 -8.35558 7.45
    endloop
  endfacet
  facet normal -0.903986 -0.427563 0
    outer loop
      vertex 8.75537 -6.5729 7.45
      vertex 8.67565 -6.40435 9.2
      vertex 8.67565 -6.40435 7.45
    endloop
  endfacet
  facet normal -0.903986 -0.427563 0
    outer loop
      vertex 8.67565 -6.40435 9.2
      vertex 8.75537 -6.5729 7.45
      vertex 8.75537 -6.5729 9.2
    endloop
  endfacet
  facet normal 0.989176 -0.146735 0
    outer loop
      vertex 5.10915 -7.11377 9.2
      vertex 5.13651 -6.92933 7.45
      vertex 5.13651 -6.92933 9.2
    endloop
  endfacet
  facet normal 0.989176 -0.146735 0
    outer loop
      vertex 5.13651 -6.92933 7.45
      vertex 5.10915 -7.11377 9.2
      vertex 5.10915 -7.11377 7.45
    endloop
  endfacet
  facet normal 0.857725 -0.514109 0
    outer loop
      vertex 5.32435 -6.40435 9.2
      vertex 5.42021 -6.24442 7.45
      vertex 5.42021 -6.24442 9.2
    endloop
  endfacet
  facet normal 0.857725 -0.514109 0
    outer loop
      vertex 5.42021 -6.24442 7.45
      vertex 5.32435 -6.40435 9.2
      vertex 5.32435 -6.40435 7.45
    endloop
  endfacet
  facet normal -0.671583 0.740929 0
    outer loop
      vertex 8.3435 -8.6435 7.45
      vertex 8.20535 -8.76872 9.2
      vertex 8.3435 -8.6435 9.2
    endloop
  endfacet
  facet normal -0.671583 0.740929 0
    outer loop
      vertex 8.20535 -8.76872 9.2
      vertex 8.3435 -8.6435 7.45
      vertex 8.20535 -8.76872 7.45
    endloop
  endfacet
  facet normal -0.427563 0.903986 0
    outer loop
      vertex 7.89565 -8.97565 7.45
      vertex 7.7271 -9.05537 9.2
      vertex 7.89565 -8.97565 9.2
    endloop
  endfacet
  facet normal -0.427563 0.903986 0
    outer loop
      vertex 7.7271 -9.05537 9.2
      vertex 7.89565 -8.97565 7.45
      vertex 7.7271 -9.05537 7.45
    endloop
  endfacet
  facet normal -0.857725 -0.514109 0
    outer loop
      vertex 8.67565 -6.40435 7.45
      vertex 8.57979 -6.24442 9.2
      vertex 8.57979 -6.24442 7.45
    endloop
  endfacet
  facet normal -0.857725 -0.514109 0
    outer loop
      vertex 8.57979 -6.24442 9.2
      vertex 8.67565 -6.40435 7.45
      vertex 8.67565 -6.40435 9.2
    endloop
  endfacet
  facet normal -0.989176 0.146735 0
    outer loop
      vertex 8.86349 -7.67067 7.45
      vertex 8.89085 -7.48623 9.2
      vertex 8.89085 -7.48623 7.45
    endloop
  endfacet
  facet normal -0.989176 0.146735 0
    outer loop
      vertex 8.89085 -7.48623 9.2
      vertex 8.86349 -7.67067 7.45
      vertex 8.86349 -7.67067 9.2
    endloop
  endfacet
  facet normal 0.903986 0.427563 0
    outer loop
      vertex 5.32435 -8.19565 9.2
      vertex 5.24463 -8.0271 7.45
      vertex 5.24463 -8.0271 9.2
    endloop
  endfacet
  facet normal 0.903986 0.427563 0
    outer loop
      vertex 5.24463 -8.0271 7.45
      vertex 5.32435 -8.19565 9.2
      vertex 5.32435 -8.19565 7.45
    endloop
  endfacet
  facet normal 0.595675 -0.803225 0
    outer loop
      vertex 5.79465 -5.83128 7.45
      vertex 5.94442 -5.72021 9.2
      vertex 5.79465 -5.83128 9.2
    endloop
  endfacet
  facet normal 0.595675 -0.803225 0
    outer loop
      vertex 5.94442 -5.72021 9.2
      vertex 5.79465 -5.83128 7.45
      vertex 5.94442 -5.72021 7.45
    endloop
  endfacet
  facet normal 0.740929 -0.671583 0
    outer loop
      vertex 5.53128 -6.09465 9.2
      vertex 5.6565 -5.9565 7.45
      vertex 5.6565 -5.9565 9.2
    endloop
  endfacet
  facet normal 0.740929 -0.671583 0
    outer loop
      vertex 5.6565 -5.9565 7.45
      vertex 5.53128 -6.09465 9.2
      vertex 5.53128 -6.09465 7.45
    endloop
  endfacet
  facet normal 0.427563 -0.903986 0
    outer loop
      vertex 6.10435 -5.62435 7.45
      vertex 6.2729 -5.54463 9.2
      vertex 6.10435 -5.62435 9.2
    endloop
  endfacet
  facet normal 0.427563 -0.903986 0
    outer loop
      vertex 6.2729 -5.54463 9.2
      vertex 6.10435 -5.62435 7.45
      vertex 6.2729 -5.54463 7.45
    endloop
  endfacet
  facet normal 0.998795 0.0490736 0
    outer loop
      vertex 5.10915 -7.48623 9.2
      vertex 5.1 -7.3 7.45
      vertex 5.1 -7.3 9.2
    endloop
  endfacet
  facet normal 0.998795 0.0490736 0
    outer loop
      vertex 5.1 -7.3 7.45
      vertex 5.10915 -7.48623 9.2
      vertex 5.10915 -7.48623 7.45
    endloop
  endfacet
  facet normal 0.146735 -0.989176 0
    outer loop
      vertex 6.62933 -5.43651 7.45
      vertex 6.81377 -5.40915 9.2
      vertex 6.62933 -5.43651 9.2
    endloop
  endfacet
  facet normal 0.146735 -0.989176 0
    outer loop
      vertex 6.81377 -5.40915 9.2
      vertex 6.62933 -5.43651 7.45
      vertex 6.81377 -5.40915 7.45
    endloop
  endfacet
  facet normal 0.595675 0.803225 -0
    outer loop
      vertex 5.94442 -8.87979 7.45
      vertex 5.79465 -8.76872 9.2
      vertex 5.94442 -8.87979 9.2
    endloop
  endfacet
  facet normal 0.595675 0.803225 0
    outer loop
      vertex 5.79465 -8.76872 9.2
      vertex 5.94442 -8.87979 7.45
      vertex 5.79465 -8.76872 7.45
    endloop
  endfacet
  facet normal 0.740929 0.671583 0
    outer loop
      vertex 5.6565 -8.6435 9.2
      vertex 5.53128 -8.50535 7.45
      vertex 5.53128 -8.50535 9.2
    endloop
  endfacet
  facet normal 0.740929 0.671583 0
    outer loop
      vertex 5.53128 -8.50535 7.45
      vertex 5.6565 -8.6435 9.2
      vertex 5.6565 -8.6435 7.45
    endloop
  endfacet
  facet normal -0.998795 0.0490736 0
    outer loop
      vertex 8.89085 -7.48623 7.45
      vertex 8.9 -7.3 9.2
      vertex 8.9 -7.3 7.45
    endloop
  endfacet
  facet normal -0.998795 0.0490736 0
    outer loop
      vertex 8.9 -7.3 9.2
      vertex 8.89085 -7.48623 7.45
      vertex 8.89085 -7.48623 9.2
    endloop
  endfacet
  facet normal 0.989176 0.146735 0
    outer loop
      vertex 5.13651 -7.67067 9.2
      vertex 5.10915 -7.48623 7.45
      vertex 5.10915 -7.48623 9.2
    endloop
  endfacet
  facet normal 0.989176 0.146735 0
    outer loop
      vertex 5.10915 -7.48623 7.45
      vertex 5.13651 -7.67067 9.2
      vertex 5.13651 -7.67067 7.45
    endloop
  endfacet
  facet normal -0.0490736 -0.998795 0
    outer loop
      vertex 7 -5.4 7.45
      vertex 7.18623 -5.40915 9.2
      vertex 7 -5.4 9.2
    endloop
  endfacet
  facet normal -0.0490736 -0.998795 -0
    outer loop
      vertex 7.18623 -5.40915 9.2
      vertex 7 -5.4 7.45
      vertex 7.18623 -5.40915 7.45
    endloop
  endfacet
  facet normal 0.0490736 -0.998795 0
    outer loop
      vertex 6.81377 -5.40915 7.45
      vertex 7 -5.4 9.2
      vertex 6.81377 -5.40915 9.2
    endloop
  endfacet
  facet normal 0.0490736 -0.998795 0
    outer loop
      vertex 7 -5.4 9.2
      vertex 6.81377 -5.40915 7.45
      vertex 7 -5.4 7.45
    endloop
  endfacet
  facet normal -0.146735 -0.989176 0
    outer loop
      vertex 7.18623 -5.40915 7.45
      vertex 7.37067 -5.43651 9.2
      vertex 7.18623 -5.40915 9.2
    endloop
  endfacet
  facet normal -0.146735 -0.989176 -0
    outer loop
      vertex 7.37067 -5.43651 9.2
      vertex 7.18623 -5.40915 7.45
      vertex 7.37067 -5.43651 7.45
    endloop
  endfacet
  facet normal -0.740929 -0.671583 0
    outer loop
      vertex 8.46872 -6.09465 7.45
      vertex 8.3435 -5.9565 9.2
      vertex 8.3435 -5.9565 7.45
    endloop
  endfacet
  facet normal -0.740929 -0.671583 0
    outer loop
      vertex 8.3435 -5.9565 9.2
      vertex 8.46872 -6.09465 7.45
      vertex 8.46872 -6.09465 9.2
    endloop
  endfacet
  facet normal 0.514109 -0.857725 0
    outer loop
      vertex 5.94442 -5.72021 7.45
      vertex 6.10435 -5.62435 9.2
      vertex 5.94442 -5.72021 9.2
    endloop
  endfacet
  facet normal 0.514109 -0.857725 0
    outer loop
      vertex 6.10435 -5.62435 9.2
      vertex 5.94442 -5.72021 7.45
      vertex 6.10435 -5.62435 7.45
    endloop
  endfacet
  facet normal 0.941538 -0.336907 0
    outer loop
      vertex 5.18181 -6.74846 9.2
      vertex 5.24463 -6.5729 7.45
      vertex 5.24463 -6.5729 9.2
    endloop
  endfacet
  facet normal 0.941538 -0.336907 0
    outer loop
      vertex 5.24463 -6.5729 7.45
      vertex 5.18181 -6.74846 9.2
      vertex 5.18181 -6.74846 7.45
    endloop
  endfacet
  facet normal 0.998795 -0.0490736 0
    outer loop
      vertex 5.1 -7.3 9.2
      vertex 5.10915 -7.11377 7.45
      vertex 5.10915 -7.11377 9.2
    endloop
  endfacet
  facet normal 0.998795 -0.0490736 0
    outer loop
      vertex 5.10915 -7.11377 7.45
      vertex 5.1 -7.3 9.2
      vertex 5.1 -7.3 7.45
    endloop
  endfacet
  facet normal -0.740929 0.671583 0
    outer loop
      vertex 8.3435 -8.6435 7.45
      vertex 8.46872 -8.50535 9.2
      vertex 8.46872 -8.50535 7.45
    endloop
  endfacet
  facet normal -0.740929 0.671583 0
    outer loop
      vertex 8.46872 -8.50535 9.2
      vertex 8.3435 -8.6435 7.45
      vertex 8.3435 -8.6435 9.2
    endloop
  endfacet
  facet normal 0 -1 0
    outer loop
      vertex -2.59999 8.6 9.2
      vertex 2.59999 8.6 9.55
      vertex -2.59999 8.6 9.55
    endloop
  endfacet
  facet normal 0 -1 -0
    outer loop
      vertex 2.59999 8.6 9.55
      vertex -2.59999 8.6 9.2
      vertex 2.59999 8.6 9.2
    endloop
  endfacet
  facet normal 0 0 1
    outer loop
      vertex 0 13.3 9.55
      vertex -2.59999 8.6 9.55
      vertex 2.59999 8.6 9.55
    endloop
  endfacet
  facet normal 0.875035 0.48406 0
    outer loop
      vertex 2.59999 8.6 9.55
      vertex 0 13.3 9.2
      vertex 0 13.3 9.55
    endloop
  endfacet
  facet normal 0.875035 0.48406 0
    outer loop
      vertex 0 13.3 9.2
      vertex 2.59999 8.6 9.55
      vertex 2.59999 8.6 9.2
    endloop
  endfacet
  facet normal -0.875035 0.48406 0
    outer loop
      vertex -2.59999 8.6 9.2
      vertex 0 13.3 9.55
      vertex 0 13.3 9.2
    endloop
  endfacet
  facet normal -0.875035 0.48406 0
    outer loop
      vertex 0 13.3 9.55
      vertex -2.59999 8.6 9.2
      vertex -2.59999 8.6 9.55
    endloop
  endfacet
endsolid OpenSCAD_Model
