solid OpenSCAD_Model
  facet normal -0.242848 0.970064 0
    outer loop
      vertex -17.8824 -13.401 0
      vertex -18.1013 -13.4558 2.4
      vertex -17.8824 -13.401 2.4
    endloop
  endfacet
  facet normal -0.242848 0.970064 0
    outer loop
      vertex -18.1013 -13.4558 2.4
      vertex -17.8824 -13.401 0
      vertex -18.1013 -13.4558 0
    endloop
  endfacet
  facet normal -0.146629 0.989192 0
    outer loop
      vertex -18.1013 -13.4558 0
      vertex -18.3246 -13.4889 2.4
      vertex -18.1013 -13.4558 2.4
    endloop
  endfacet
  facet normal -0.146629 0.989192 0
    outer loop
      vertex -18.3246 -13.4889 2.4
      vertex -18.1013 -13.4558 0
      vertex -18.3246 -13.4889 0
    endloop
  endfacet
  facet normal 0.99879 -0.0491862 0
    outer loop
      vertex -21.75 11.2 2.4
      vertex -21.7389 11.4254 0
      vertex -21.7389 11.4254 2.4
    endloop
  endfacet
  facet normal 0.99879 -0.0491862 0
    outer loop
      vertex -21.7389 11.4254 0
      vertex -21.75 11.2 2.4
      vertex -21.75 11.2 0
    endloop
  endfacet
  facet normal -0.903963 -0.42761 0
    outer loop
      vertex -16.4251 12.0802 0
      vertex -16.5216 12.2842 2.4
      vertex -16.5216 12.2842 0
    endloop
  endfacet
  facet normal -0.903963 -0.42761 0
    outer loop
      vertex -16.5216 12.2842 2.4
      vertex -16.4251 12.0802 0
      vertex -16.4251 12.0802 2.4
    endloop
  endfacet
  facet normal 0 1 -0
    outer loop
      vertex -18.55 -13.5 0
      vertex -19.45 -13.5 2.4
      vertex -18.55 -13.5 2.4
    endloop
  endfacet
  facet normal 0 1 0
    outer loop
      vertex -19.45 -13.5 2.4
      vertex -18.55 -13.5 0
      vertex -19.45 -13.5 0
    endloop
  endfacet
  facet normal 0.857806 -0.513974 0
    outer loop
      vertex -21.4784 12.2842 2.4
      vertex -21.3624 12.4778 0
      vertex -21.3624 12.4778 2.4
    endloop
  endfacet
  facet normal 0.857806 -0.513974 0
    outer loop
      vertex -21.3624 12.4778 0
      vertex -21.4784 12.2842 2.4
      vertex -21.4784 12.2842 0
    endloop
  endfacet
  facet normal 0.146629 0.989192 -0
    outer loop
      vertex -19.6754 -13.4889 0
      vertex -19.8987 -13.4558 2.4
      vertex -19.6754 -13.4889 2.4
    endloop
  endfacet
  facet normal 0.146629 0.989192 0
    outer loop
      vertex -19.8987 -13.4558 2.4
      vertex -19.6754 -13.4889 0
      vertex -19.8987 -13.4558 0
    endloop
  endfacet
  facet normal -0.59581 0.803125 0
    outer loop
      vertex -17.0909 -12.9779 0
      vertex -17.2722 -13.1124 2.4
      vertex -17.0909 -12.9779 2.4
    endloop
  endfacet
  facet normal -0.59581 0.803125 0
    outer loop
      vertex -17.2722 -13.1124 2.4
      vertex -17.0909 -12.9779 0
      vertex -17.2722 -13.1124 0
    endloop
  endfacet
  facet normal 0.59581 -0.803125 0
    outer loop
      vertex -20.9091 12.9779 0
      vertex -20.7278 13.1124 2.4
      vertex -20.9091 12.9779 2.4
    endloop
  endfacet
  facet normal 0.59581 -0.803125 0
    outer loop
      vertex -20.7278 13.1124 2.4
      vertex -20.9091 12.9779 0
      vertex -20.7278 13.1124 0
    endloop
  endfacet
  facet normal 0.33701 -0.941501 0
    outer loop
      vertex -20.3302 13.3249 0
      vertex -20.1176 13.401 2.4
      vertex -20.3302 13.3249 2.4
    endloop
  endfacet
  facet normal 0.33701 -0.941501 0
    outer loop
      vertex -20.1176 13.401 2.4
      vertex -20.3302 13.3249 0
      vertex -20.1176 13.401 0
    endloop
  endfacet
  facet normal -0.0491862 -0.99879 0
    outer loop
      vertex -18.55 13.5 0
      vertex -18.3246 13.4889 2.4
      vertex -18.55 13.5 2.4
    endloop
  endfacet
  facet normal -0.0491862 -0.99879 -0
    outer loop
      vertex -18.3246 13.4889 2.4
      vertex -18.55 13.5 0
      vertex -18.3246 13.4889 0
    endloop
  endfacet
  facet normal 0.0491862 0.99879 -0
    outer loop
      vertex -19.45 -13.5 0
      vertex -19.6754 -13.4889 2.4
      vertex -19.45 -13.5 2.4
    endloop
  endfacet
  facet normal 0.0491862 0.99879 0
    outer loop
      vertex -19.6754 -13.4889 2.4
      vertex -19.45 -13.5 0
      vertex -19.6754 -13.4889 0
    endloop
  endfacet
  facet normal -0.59581 -0.803125 0
    outer loop
      vertex -17.2722 13.1124 0
      vertex -17.0909 12.9779 2.4
      vertex -17.2722 13.1124 2.4
    endloop
  endfacet
  facet normal -0.59581 -0.803125 -0
    outer loop
      vertex -17.0909 12.9779 2.4
      vertex -17.2722 13.1124 0
      vertex -17.0909 12.9779 0
    endloop
  endfacet
  facet normal 0.803125 -0.59581 0
    outer loop
      vertex -21.3624 12.4778 2.4
      vertex -21.2279 12.6591 0
      vertex -21.2279 12.6591 2.4
    endloop
  endfacet
  facet normal 0.803125 -0.59581 0
    outer loop
      vertex -21.2279 12.6591 0
      vertex -21.3624 12.4778 2.4
      vertex -21.3624 12.4778 0
    endloop
  endfacet
  facet normal -1 0 0
    outer loop
      vertex -16.25 11.2 0
      vertex -16.25 8.4 2.4
      vertex -16.25 11.2 2.4
    endloop
  endfacet
  facet normal -1 0 0
    outer loop
      vertex -16.25 11.2 0
      vertex -16.25 -8.4 2.4
      vertex -16.25 8.4 2.4
    endloop
  endfacet
  facet normal -1 0 0
    outer loop
      vertex -16.25 -11.2 0
      vertex -16.25 -8.4 2.4
      vertex -16.25 11.2 0
    endloop
  endfacet
  facet normal -1 -0 0
    outer loop
      vertex -16.25 -8.4 2.4
      vertex -16.25 -11.2 0
      vertex -16.25 -11.2 2.4
    endloop
  endfacet
  facet normal 0.740822 -0.671702 0
    outer loop
      vertex -21.2279 12.6591 2.4
      vertex -21.0763 12.8263 0
      vertex -21.0763 12.8263 2.4
    endloop
  endfacet
  facet normal 0.740822 -0.671702 0
    outer loop
      vertex -21.0763 12.8263 0
      vertex -21.2279 12.6591 2.4
      vertex -21.2279 12.6591 0
    endloop
  endfacet
  facet normal -0.0491862 0.99879 0
    outer loop
      vertex -18.3246 -13.4889 0
      vertex -18.55 -13.5 2.4
      vertex -18.3246 -13.4889 2.4
    endloop
  endfacet
  facet normal -0.0491862 0.99879 0
    outer loop
      vertex -18.55 -13.5 2.4
      vertex -18.3246 -13.4889 0
      vertex -18.55 -13.5 0
    endloop
  endfacet
  facet normal -0.99879 -0.0491862 0
    outer loop
      vertex -16.25 11.2 0
      vertex -16.2611 11.4254 2.4
      vertex -16.2611 11.4254 0
    endloop
  endfacet
  facet normal -0.99879 -0.0491862 0
    outer loop
      vertex -16.2611 11.4254 2.4
      vertex -16.25 11.2 0
      vertex -16.25 11.2 2.4
    endloop
  endfacet
  facet normal 0.242848 -0.970064 0
    outer loop
      vertex -20.1176 13.401 0
      vertex -19.8987 13.4558 2.4
      vertex -20.1176 13.401 2.4
    endloop
  endfacet
  facet normal 0.242848 -0.970064 0
    outer loop
      vertex -19.8987 13.4558 2.4
      vertex -20.1176 13.401 0
      vertex -19.8987 13.4558 0
    endloop
  endfacet
  facet normal -0.803125 -0.59581 0
    outer loop
      vertex -16.6376 12.4778 0
      vertex -16.7721 12.6591 2.4
      vertex -16.7721 12.6591 0
    endloop
  endfacet
  facet normal -0.803125 -0.59581 0
    outer loop
      vertex -16.7721 12.6591 2.4
      vertex -16.6376 12.4778 0
      vertex -16.6376 12.4778 2.4
    endloop
  endfacet
  facet normal -0.857493 0.514496 0
    outer loop
      vertex -16.5216 -12.2842 0
      vertex -16.53 -12.2982 2.4
      vertex -16.5216 -12.2842 2.4
    endloop
  endfacet
  facet normal -0.857806 0.513974 -4.13543e-06
    outer loop
      vertex -16.6376 -12.4778 0
      vertex -16.53 -12.2982 2.4
      vertex -16.5216 -12.2842 0
    endloop
  endfacet
  facet normal -0.85783 0.513934 0
    outer loop
      vertex -16.53 -12.2982 2.4
      vertex -16.6376 -12.4778 0
      vertex -16.6376 -12.4778 2.4
    endloop
  endfacet
  facet normal -0.803125 0.59581 0
    outer loop
      vertex -16.7721 -12.6591 0
      vertex -16.6376 -12.4778 2.4
      vertex -16.6376 -12.4778 0
    endloop
  endfacet
  facet normal -0.803125 0.59581 0
    outer loop
      vertex -16.6376 -12.4778 2.4
      vertex -16.7721 -12.6591 0
      vertex -16.7721 -12.6591 2.4
    endloop
  endfacet
  facet normal 0.740822 0.671702 0
    outer loop
      vertex -21.0763 -12.8263 2.4
      vertex -21.2279 -12.6591 0
      vertex -21.2279 -12.6591 2.4
    endloop
  endfacet
  facet normal 0.740822 0.671702 0
    outer loop
      vertex -21.2279 -12.6591 0
      vertex -21.0763 -12.8263 2.4
      vertex -21.0763 -12.8263 0
    endloop
  endfacet
  facet normal 0.33701 0.941501 -0
    outer loop
      vertex -20.1176 -13.401 0
      vertex -20.3302 -13.3249 2.4
      vertex -20.1176 -13.401 2.4
    endloop
  endfacet
  facet normal 0.33701 0.941501 0
    outer loop
      vertex -20.3302 -13.3249 2.4
      vertex -20.1176 -13.401 0
      vertex -20.3302 -13.3249 0
    endloop
  endfacet
  facet normal 1 -0 0
    outer loop
      vertex -21.75 -11.2 2.4
      vertex -21.75 11.2 0
      vertex -21.75 11.2 2.4
    endloop
  endfacet
  facet normal 1 0 0
    outer loop
      vertex -21.75 11.2 0
      vertex -21.75 -11.2 2.4
      vertex -21.75 -11.2 0
    endloop
  endfacet
  facet normal 0.803125 0.59581 0
    outer loop
      vertex -21.2279 -12.6591 2.4
      vertex -21.3624 -12.4778 0
      vertex -21.3624 -12.4778 2.4
    endloop
  endfacet
  facet normal 0.803125 0.59581 0
    outer loop
      vertex -21.3624 -12.4778 0
      vertex -21.2279 -12.6591 2.4
      vertex -21.2279 -12.6591 0
    endloop
  endfacet
  facet normal 0.99879 0.0491862 0
    outer loop
      vertex -21.7389 -11.4254 2.4
      vertex -21.75 -11.2 0
      vertex -21.75 -11.2 2.4
    endloop
  endfacet
  facet normal 0.99879 0.0491862 0
    outer loop
      vertex -21.75 -11.2 0
      vertex -21.7389 -11.4254 2.4
      vertex -21.7389 -11.4254 0
    endloop
  endfacet
  facet normal 0.513974 -0.857806 0
    outer loop
      vertex -20.7278 13.1124 0
      vertex -20.5342 13.2284 2.4
      vertex -20.7278 13.1124 2.4
    endloop
  endfacet
  facet normal 0.513974 -0.857806 0
    outer loop
      vertex -20.5342 13.2284 2.4
      vertex -20.7278 13.1124 0
      vertex -20.5342 13.2284 0
    endloop
  endfacet
  facet normal 0.903963 -0.42761 0
    outer loop
      vertex -21.5749 12.0802 2.4
      vertex -21.4784 12.2842 0
      vertex -21.4784 12.2842 2.4
    endloop
  endfacet
  facet normal 0.903963 -0.42761 0
    outer loop
      vertex -21.4784 12.2842 0
      vertex -21.5749 12.0802 2.4
      vertex -21.5749 12.0802 0
    endloop
  endfacet
  facet normal 0.513974 0.857806 -0
    outer loop
      vertex -20.5342 -13.2284 0
      vertex -20.7278 -13.1124 2.4
      vertex -20.5342 -13.2284 2.4
    endloop
  endfacet
  facet normal 0.513974 0.857806 0
    outer loop
      vertex -20.7278 -13.1124 2.4
      vertex -20.5342 -13.2284 0
      vertex -20.7278 -13.1124 0
    endloop
  endfacet
  facet normal -0.941501 0.33701 0
    outer loop
      vertex -16.4251 -12.0802 0
      vertex -16.349 -11.8676 2.4
      vertex -16.349 -11.8676 0
    endloop
  endfacet
  facet normal -0.941501 0.33701 0
    outer loop
      vertex -16.349 -11.8676 2.4
      vertex -16.4251 -12.0802 0
      vertex -16.4251 -12.0802 2.4
    endloop
  endfacet
  facet normal 0.671702 -0.740822 0
    outer loop
      vertex -21.0763 12.8263 0
      vertex -20.9091 12.9779 2.4
      vertex -21.0763 12.8263 2.4
    endloop
  endfacet
  facet normal 0.671702 -0.740822 0
    outer loop
      vertex -20.9091 12.9779 2.4
      vertex -21.0763 12.8263 0
      vertex -20.9091 12.9779 0
    endloop
  endfacet
  facet normal -0.671702 0.740822 0
    outer loop
      vertex -16.9237 -12.8263 0
      vertex -17.0909 -12.9779 2.4
      vertex -16.9237 -12.8263 2.4
    endloop
  endfacet
  facet normal -0.671702 0.740822 0
    outer loop
      vertex -17.0909 -12.9779 2.4
      vertex -16.9237 -12.8263 0
      vertex -17.0909 -12.9779 0
    endloop
  endfacet
  facet normal 0.671702 0.740822 -0
    outer loop
      vertex -20.9091 -12.9779 0
      vertex -21.0763 -12.8263 2.4
      vertex -20.9091 -12.9779 2.4
    endloop
  endfacet
  facet normal 0.671702 0.740822 0
    outer loop
      vertex -21.0763 -12.8263 2.4
      vertex -20.9091 -12.9779 0
      vertex -21.0763 -12.8263 0
    endloop
  endfacet
  facet normal 0.146629 -0.989192 0
    outer loop
      vertex -19.8987 13.4558 0
      vertex -19.6754 13.4889 2.4
      vertex -19.8987 13.4558 2.4
    endloop
  endfacet
  facet normal 0.146629 -0.989192 0
    outer loop
      vertex -19.6754 13.4889 2.4
      vertex -19.8987 13.4558 0
      vertex -19.6754 13.4889 0
    endloop
  endfacet
  facet normal -0.42761 -0.903963 0
    outer loop
      vertex -17.6698 13.3249 0
      vertex -17.4658 13.2284 2.4
      vertex -17.6698 13.3249 2.4
    endloop
  endfacet
  facet normal -0.42761 -0.903963 -0
    outer loop
      vertex -17.4658 13.2284 2.4
      vertex -17.6698 13.3249 0
      vertex -17.4658 13.2284 0
    endloop
  endfacet
  facet normal 0.42761 0.903963 -0
    outer loop
      vertex -20.3302 -13.3249 0
      vertex -20.5342 -13.2284 2.4
      vertex -20.3302 -13.3249 2.4
    endloop
  endfacet
  facet normal 0.42761 0.903963 0
    outer loop
      vertex -20.5342 -13.2284 2.4
      vertex -20.3302 -13.3249 0
      vertex -20.5342 -13.2284 0
    endloop
  endfacet
  facet normal 0.989192 0.146629 0
    outer loop
      vertex -21.7058 -11.6487 2.4
      vertex -21.7389 -11.4254 0
      vertex -21.7389 -11.4254 2.4
    endloop
  endfacet
  facet normal 0.989192 0.146629 0
    outer loop
      vertex -21.7389 -11.4254 0
      vertex -21.7058 -11.6487 2.4
      vertex -21.7058 -11.6487 0
    endloop
  endfacet
  facet normal 0.970064 0.242848 0
    outer loop
      vertex -21.651 -11.8676 2.4
      vertex -21.7058 -11.6487 0
      vertex -21.7058 -11.6487 2.4
    endloop
  endfacet
  facet normal 0.970064 0.242848 0
    outer loop
      vertex -21.7058 -11.6487 0
      vertex -21.651 -11.8676 2.4
      vertex -21.651 -11.8676 0
    endloop
  endfacet
  facet normal -0.33701 -0.941501 0
    outer loop
      vertex -17.8824 13.401 0
      vertex -17.6698 13.3249 2.4
      vertex -17.8824 13.401 2.4
    endloop
  endfacet
  facet normal -0.33701 -0.941501 -0
    outer loop
      vertex -17.6698 13.3249 2.4
      vertex -17.8824 13.401 0
      vertex -17.6698 13.3249 0
    endloop
  endfacet
  facet normal 0.941501 0.33701 0
    outer loop
      vertex -21.5749 -12.0802 2.4
      vertex -21.651 -11.8676 0
      vertex -21.651 -11.8676 2.4
    endloop
  endfacet
  facet normal 0.941501 0.33701 0
    outer loop
      vertex -21.651 -11.8676 0
      vertex -21.5749 -12.0802 2.4
      vertex -21.5749 -12.0802 0
    endloop
  endfacet
  facet normal -0.99879 0.0491862 0
    outer loop
      vertex -16.2611 -11.4254 0
      vertex -16.25 -11.2 2.4
      vertex -16.25 -11.2 0
    endloop
  endfacet
  facet normal -0.99879 0.0491862 0
    outer loop
      vertex -16.25 -11.2 2.4
      vertex -16.2611 -11.4254 0
      vertex -16.2611 -11.4254 2.4
    endloop
  endfacet
  facet normal -0.970064 -0.242848 0
    outer loop
      vertex -16.2942 11.6487 0
      vertex -16.349 11.8676 2.4
      vertex -16.349 11.8676 0
    endloop
  endfacet
  facet normal -0.970064 -0.242848 0
    outer loop
      vertex -16.349 11.8676 2.4
      vertex -16.2942 11.6487 0
      vertex -16.2942 11.6487 2.4
    endloop
  endfacet
  facet normal 0.59581 0.803125 -0
    outer loop
      vertex -20.7278 -13.1124 0
      vertex -20.9091 -12.9779 2.4
      vertex -20.7278 -13.1124 2.4
    endloop
  endfacet
  facet normal 0.59581 0.803125 0
    outer loop
      vertex -20.9091 -12.9779 2.4
      vertex -20.7278 -13.1124 0
      vertex -20.9091 -12.9779 0
    endloop
  endfacet
  facet normal 0.970064 -0.242848 0
    outer loop
      vertex -21.7058 11.6487 2.4
      vertex -21.651 11.8676 0
      vertex -21.651 11.8676 2.4
    endloop
  endfacet
  facet normal 0.970064 -0.242848 0
    outer loop
      vertex -21.651 11.8676 0
      vertex -21.7058 11.6487 2.4
      vertex -21.7058 11.6487 0
    endloop
  endfacet
  facet normal -0.242848 -0.970064 0
    outer loop
      vertex -18.1013 13.4558 0
      vertex -17.8824 13.401 2.4
      vertex -18.1013 13.4558 2.4
    endloop
  endfacet
  facet normal -0.242848 -0.970064 -0
    outer loop
      vertex -17.8824 13.401 2.4
      vertex -18.1013 13.4558 0
      vertex -17.8824 13.401 0
    endloop
  endfacet
  facet normal 0.857806 0.513974 0
    outer loop
      vertex -21.3624 -12.4778 2.4
      vertex -21.4784 -12.2842 0
      vertex -21.4784 -12.2842 2.4
    endloop
  endfacet
  facet normal 0.857806 0.513974 0
    outer loop
      vertex -21.4784 -12.2842 0
      vertex -21.3624 -12.4778 2.4
      vertex -21.3624 -12.4778 0
    endloop
  endfacet
  facet normal -0.740822 0.671702 0
    outer loop
      vertex -16.9237 -12.8263 0
      vertex -16.7721 -12.6591 2.4
      vertex -16.7721 -12.6591 0
    endloop
  endfacet
  facet normal -0.740822 0.671702 0
    outer loop
      vertex -16.7721 -12.6591 2.4
      vertex -16.9237 -12.8263 0
      vertex -16.9237 -12.8263 2.4
    endloop
  endfacet
  facet normal -0.989192 -0.146629 0
    outer loop
      vertex -16.2611 11.4254 0
      vertex -16.2942 11.6487 2.4
      vertex -16.2942 11.6487 0
    endloop
  endfacet
  facet normal -0.989192 -0.146629 0
    outer loop
      vertex -16.2942 11.6487 2.4
      vertex -16.2611 11.4254 0
      vertex -16.2611 11.4254 2.4
    endloop
  endfacet
  facet normal -0.671702 -0.740822 0
    outer loop
      vertex -17.0909 12.9779 0
      vertex -16.9237 12.8263 2.4
      vertex -17.0909 12.9779 2.4
    endloop
  endfacet
  facet normal -0.671702 -0.740822 -0
    outer loop
      vertex -16.9237 12.8263 2.4
      vertex -17.0909 12.9779 0
      vertex -16.9237 12.8263 0
    endloop
  endfacet
  facet normal 0.903963 0.42761 0
    outer loop
      vertex -21.4784 -12.2842 2.4
      vertex -21.5749 -12.0802 0
      vertex -21.5749 -12.0802 2.4
    endloop
  endfacet
  facet normal 0.903963 0.42761 0
    outer loop
      vertex -21.5749 -12.0802 0
      vertex -21.4784 -12.2842 2.4
      vertex -21.4784 -12.2842 0
    endloop
  endfacet
  facet normal 0.242848 0.970064 -0
    outer loop
      vertex -19.8987 -13.4558 0
      vertex -20.1176 -13.401 2.4
      vertex -19.8987 -13.4558 2.4
    endloop
  endfacet
  facet normal 0.242848 0.970064 0
    outer loop
      vertex -20.1176 -13.401 2.4
      vertex -19.8987 -13.4558 0
      vertex -20.1176 -13.401 0
    endloop
  endfacet
  facet normal 0.0491862 -0.99879 0
    outer loop
      vertex -19.6754 13.4889 0
      vertex -19.45 13.5 2.4
      vertex -19.6754 13.4889 2.4
    endloop
  endfacet
  facet normal 0.0491862 -0.99879 0
    outer loop
      vertex -19.45 13.5 2.4
      vertex -19.6754 13.4889 0
      vertex -19.45 13.5 0
    endloop
  endfacet
  facet normal -0.42761 0.903963 0
    outer loop
      vertex -17.4658 -13.2284 0
      vertex -17.6698 -13.3249 2.4
      vertex -17.4658 -13.2284 2.4
    endloop
  endfacet
  facet normal -0.42761 0.903963 0
    outer loop
      vertex -17.6698 -13.3249 2.4
      vertex -17.4658 -13.2284 0
      vertex -17.6698 -13.3249 0
    endloop
  endfacet
  facet normal 0.941501 -0.33701 0
    outer loop
      vertex -21.651 11.8676 2.4
      vertex -21.5749 12.0802 0
      vertex -21.5749 12.0802 2.4
    endloop
  endfacet
  facet normal 0.941501 -0.33701 0
    outer loop
      vertex -21.5749 12.0802 0
      vertex -21.651 11.8676 2.4
      vertex -21.651 11.8676 0
    endloop
  endfacet
  facet normal 0.42761 -0.903963 0
    outer loop
      vertex -20.5342 13.2284 0
      vertex -20.3302 13.3249 2.4
      vertex -20.5342 13.2284 2.4
    endloop
  endfacet
  facet normal 0.42761 -0.903963 0
    outer loop
      vertex -20.3302 13.3249 2.4
      vertex -20.5342 13.2284 0
      vertex -20.3302 13.3249 0
    endloop
  endfacet
  facet normal 0 -1 0
    outer loop
      vertex -19.45 13.5 0
      vertex -18.55 13.5 2.4
      vertex -19.45 13.5 2.4
    endloop
  endfacet
  facet normal 0 -1 -0
    outer loop
      vertex -18.55 13.5 2.4
      vertex -19.45 13.5 0
      vertex -18.55 13.5 0
    endloop
  endfacet
  facet normal 0.989192 -0.146629 0
    outer loop
      vertex -21.7389 11.4254 2.4
      vertex -21.7058 11.6487 0
      vertex -21.7058 11.6487 2.4
    endloop
  endfacet
  facet normal 0.989192 -0.146629 0
    outer loop
      vertex -21.7058 11.6487 0
      vertex -21.7389 11.4254 2.4
      vertex -21.7389 11.4254 0
    endloop
  endfacet
  facet normal -0.513974 0.857806 0
    outer loop
      vertex -17.2722 -13.1124 0
      vertex -17.4658 -13.2284 2.4
      vertex -17.2722 -13.1124 2.4
    endloop
  endfacet
  facet normal -0.513974 0.857806 0
    outer loop
      vertex -17.4658 -13.2284 2.4
      vertex -17.2722 -13.1124 0
      vertex -17.4658 -13.2284 0
    endloop
  endfacet
  facet normal -0.941501 -0.33701 0
    outer loop
      vertex -16.349 11.8676 0
      vertex -16.4251 12.0802 2.4
      vertex -16.4251 12.0802 0
    endloop
  endfacet
  facet normal -0.941501 -0.33701 0
    outer loop
      vertex -16.4251 12.0802 2.4
      vertex -16.349 11.8676 0
      vertex -16.349 11.8676 2.4
    endloop
  endfacet
  facet normal -0.85783 -0.513934 0
    outer loop
      vertex -16.6376 12.4778 0
      vertex -16.53 12.2982 2.4
      vertex -16.6376 12.4778 2.4
    endloop
  endfacet
  facet normal -0.857806 -0.513974 -4.13543e-06
    outer loop
      vertex -16.5216 12.2842 0
      vertex -16.53 12.2982 2.4
      vertex -16.6376 12.4778 0
    endloop
  endfacet
  facet normal -0.857493 -0.514496 0
    outer loop
      vertex -16.53 12.2982 2.4
      vertex -16.5216 12.2842 0
      vertex -16.5216 12.2842 2.4
    endloop
  endfacet
  facet normal -0.740822 -0.671702 0
    outer loop
      vertex -16.7721 12.6591 0
      vertex -16.9237 12.8263 2.4
      vertex -16.9237 12.8263 0
    endloop
  endfacet
  facet normal -0.740822 -0.671702 0
    outer loop
      vertex -16.9237 12.8263 2.4
      vertex -16.7721 12.6591 0
      vertex -16.7721 12.6591 2.4
    endloop
  endfacet
  facet normal -0.146629 -0.989192 0
    outer loop
      vertex -18.3246 13.4889 0
      vertex -18.1013 13.4558 2.4
      vertex -18.3246 13.4889 2.4
    endloop
  endfacet
  facet normal -0.146629 -0.989192 -0
    outer loop
      vertex -18.1013 13.4558 2.4
      vertex -18.3246 13.4889 0
      vertex -18.1013 13.4558 0
    endloop
  endfacet
  facet normal -0.903963 0.42761 0
    outer loop
      vertex -16.5216 -12.2842 0
      vertex -16.4251 -12.0802 2.4
      vertex -16.4251 -12.0802 0
    endloop
  endfacet
  facet normal -0.903963 0.42761 0
    outer loop
      vertex -16.4251 -12.0802 2.4
      vertex -16.5216 -12.2842 0
      vertex -16.5216 -12.2842 2.4
    endloop
  endfacet
  facet normal -0.513974 -0.857806 0
    outer loop
      vertex -17.4658 13.2284 0
      vertex -17.2722 13.1124 2.4
      vertex -17.4658 13.2284 2.4
    endloop
  endfacet
  facet normal -0.513974 -0.857806 -0
    outer loop
      vertex -17.2722 13.1124 2.4
      vertex -17.4658 13.2284 0
      vertex -17.2722 13.1124 0
    endloop
  endfacet
  facet normal -0.989192 0.146629 0
    outer loop
      vertex -16.2942 -11.6487 0
      vertex -16.2611 -11.4254 2.4
      vertex -16.2611 -11.4254 0
    endloop
  endfacet
  facet normal -0.989192 0.146629 0
    outer loop
      vertex -16.2611 -11.4254 2.4
      vertex -16.2942 -11.6487 0
      vertex -16.2942 -11.6487 2.4
    endloop
  endfacet
  facet normal -0.970064 0.242848 0
    outer loop
      vertex -16.349 -11.8676 0
      vertex -16.2942 -11.6487 2.4
      vertex -16.2942 -11.6487 0
    endloop
  endfacet
  facet normal -0.970064 0.242848 0
    outer loop
      vertex -16.2942 -11.6487 2.4
      vertex -16.349 -11.8676 0
      vertex -16.349 -11.8676 2.4
    endloop
  endfacet
  facet normal -0.33701 0.941501 0
    outer loop
      vertex -17.6698 -13.3249 0
      vertex -17.8824 -13.401 2.4
      vertex -17.6698 -13.3249 2.4
    endloop
  endfacet
  facet normal -0.33701 0.941501 0
    outer loop
      vertex -17.8824 -13.401 2.4
      vertex -17.6698 -13.3249 0
      vertex -17.8824 -13.401 0
    endloop
  endfacet
  facet normal -0.242848 0.970064 0
    outer loop
      vertex 20.1176 -13.401 0
      vertex 19.8987 -13.4558 2.4
      vertex 20.1176 -13.401 2.4
    endloop
  endfacet
  facet normal -0.242848 0.970064 0
    outer loop
      vertex 19.8987 -13.4558 2.4
      vertex 20.1176 -13.401 0
      vertex 19.8987 -13.4558 0
    endloop
  endfacet
  facet normal -0.146629 0.989192 0
    outer loop
      vertex 19.8987 -13.4558 0
      vertex 19.6754 -13.4889 2.4
      vertex 19.8987 -13.4558 2.4
    endloop
  endfacet
  facet normal -0.146629 0.989192 0
    outer loop
      vertex 19.6754 -13.4889 2.4
      vertex 19.8987 -13.4558 0
      vertex 19.6754 -13.4889 0
    endloop
  endfacet
  facet normal 0.99879 -0.0491862 0
    outer loop
      vertex 16.25 11.2 2.4
      vertex 16.2611 11.4254 0
      vertex 16.2611 11.4254 2.4
    endloop
  endfacet
  facet normal 0.99879 -0.0491862 0
    outer loop
      vertex 16.2611 11.4254 0
      vertex 16.25 11.2 2.4
      vertex 16.25 11.2 0
    endloop
  endfacet
  facet normal -0.903963 -0.42761 0
    outer loop
      vertex 21.5749 12.0802 0
      vertex 21.4784 12.2842 2.4
      vertex 21.4784 12.2842 0
    endloop
  endfacet
  facet normal -0.903963 -0.42761 0
    outer loop
      vertex 21.4784 12.2842 2.4
      vertex 21.5749 12.0802 0
      vertex 21.5749 12.0802 2.4
    endloop
  endfacet
  facet normal 0 1 -0
    outer loop
      vertex 19.45 -13.5 0
      vertex 18.55 -13.5 2.4
      vertex 19.45 -13.5 2.4
    endloop
  endfacet
  facet normal 0 1 0
    outer loop
      vertex 18.55 -13.5 2.4
      vertex 19.45 -13.5 0
      vertex 18.55 -13.5 0
    endloop
  endfacet
  facet normal 0.85783 -0.513934 0
    outer loop
      vertex 16.53 12.2982 2.4
      vertex 16.6376 12.4778 0
      vertex 16.6376 12.4778 2.4
    endloop
  endfacet
  facet normal 0.857493 -0.514496 0
    outer loop
      vertex 16.5216 12.2842 0
      vertex 16.53 12.2982 2.4
      vertex 16.5216 12.2842 2.4
    endloop
  endfacet
  facet normal 0.857806 -0.513974 -4.13543e-06
    outer loop
      vertex 16.53 12.2982 2.4
      vertex 16.5216 12.2842 0
      vertex 16.6376 12.4778 0
    endloop
  endfacet
  facet normal 0.146629 0.989192 -0
    outer loop
      vertex 18.3246 -13.4889 0
      vertex 18.1013 -13.4558 2.4
      vertex 18.3246 -13.4889 2.4
    endloop
  endfacet
  facet normal 0.146629 0.989192 0
    outer loop
      vertex 18.1013 -13.4558 2.4
      vertex 18.3246 -13.4889 0
      vertex 18.1013 -13.4558 0
    endloop
  endfacet
  facet normal -0.59581 0.803125 0
    outer loop
      vertex 20.9091 -12.9779 0
      vertex 20.7278 -13.1124 2.4
      vertex 20.9091 -12.9779 2.4
    endloop
  endfacet
  facet normal -0.59581 0.803125 0
    outer loop
      vertex 20.7278 -13.1124 2.4
      vertex 20.9091 -12.9779 0
      vertex 20.7278 -13.1124 0
    endloop
  endfacet
  facet normal 0.59581 -0.803125 0
    outer loop
      vertex 17.0909 12.9779 0
      vertex 17.2722 13.1124 2.4
      vertex 17.0909 12.9779 2.4
    endloop
  endfacet
  facet normal 0.59581 -0.803125 0
    outer loop
      vertex 17.2722 13.1124 2.4
      vertex 17.0909 12.9779 0
      vertex 17.2722 13.1124 0
    endloop
  endfacet
  facet normal 0.33701 -0.941501 0
    outer loop
      vertex 17.6698 13.3249 0
      vertex 17.8824 13.401 2.4
      vertex 17.6698 13.3249 2.4
    endloop
  endfacet
  facet normal 0.33701 -0.941501 0
    outer loop
      vertex 17.8824 13.401 2.4
      vertex 17.6698 13.3249 0
      vertex 17.8824 13.401 0
    endloop
  endfacet
  facet normal -0.0491862 -0.99879 0
    outer loop
      vertex 19.45 13.5 0
      vertex 19.6754 13.4889 2.4
      vertex 19.45 13.5 2.4
    endloop
  endfacet
  facet normal -0.0491862 -0.99879 -0
    outer loop
      vertex 19.6754 13.4889 2.4
      vertex 19.45 13.5 0
      vertex 19.6754 13.4889 0
    endloop
  endfacet
  facet normal 0.0491862 0.99879 -0
    outer loop
      vertex 18.55 -13.5 0
      vertex 18.3246 -13.4889 2.4
      vertex 18.55 -13.5 2.4
    endloop
  endfacet
  facet normal 0.0491862 0.99879 0
    outer loop
      vertex 18.3246 -13.4889 2.4
      vertex 18.55 -13.5 0
      vertex 18.3246 -13.4889 0
    endloop
  endfacet
  facet normal -0.59581 -0.803125 0
    outer loop
      vertex 20.7278 13.1124 0
      vertex 20.9091 12.9779 2.4
      vertex 20.7278 13.1124 2.4
    endloop
  endfacet
  facet normal -0.59581 -0.803125 -0
    outer loop
      vertex 20.9091 12.9779 2.4
      vertex 20.7278 13.1124 0
      vertex 20.9091 12.9779 0
    endloop
  endfacet
  facet normal 0.803125 -0.59581 0
    outer loop
      vertex 16.6376 12.4778 2.4
      vertex 16.7721 12.6591 0
      vertex 16.7721 12.6591 2.4
    endloop
  endfacet
  facet normal 0.803125 -0.59581 0
    outer loop
      vertex 16.7721 12.6591 0
      vertex 16.6376 12.4778 2.4
      vertex 16.6376 12.4778 0
    endloop
  endfacet
  facet normal -1 0 0
    outer loop
      vertex 21.75 -11.2 0
      vertex 21.75 11.2 2.4
      vertex 21.75 11.2 0
    endloop
  endfacet
  facet normal -1 -0 0
    outer loop
      vertex 21.75 11.2 2.4
      vertex 21.75 -11.2 0
      vertex 21.75 -11.2 2.4
    endloop
  endfacet
  facet normal 0.740822 -0.671702 0
    outer loop
      vertex 16.7721 12.6591 2.4
      vertex 16.9237 12.8263 0
      vertex 16.9237 12.8263 2.4
    endloop
  endfacet
  facet normal 0.740822 -0.671702 0
    outer loop
      vertex 16.9237 12.8263 0
      vertex 16.7721 12.6591 2.4
      vertex 16.7721 12.6591 0
    endloop
  endfacet
  facet normal -0.0491862 0.99879 0
    outer loop
      vertex 19.6754 -13.4889 0
      vertex 19.45 -13.5 2.4
      vertex 19.6754 -13.4889 2.4
    endloop
  endfacet
  facet normal -0.0491862 0.99879 0
    outer loop
      vertex 19.45 -13.5 2.4
      vertex 19.6754 -13.4889 0
      vertex 19.45 -13.5 0
    endloop
  endfacet
  facet normal -0.99879 -0.0491862 0
    outer loop
      vertex 21.75 11.2 0
      vertex 21.7389 11.4254 2.4
      vertex 21.7389 11.4254 0
    endloop
  endfacet
  facet normal -0.99879 -0.0491862 0
    outer loop
      vertex 21.7389 11.4254 2.4
      vertex 21.75 11.2 0
      vertex 21.75 11.2 2.4
    endloop
  endfacet
  facet normal 0.242848 -0.970064 0
    outer loop
      vertex 17.8824 13.401 0
      vertex 18.1013 13.4558 2.4
      vertex 17.8824 13.401 2.4
    endloop
  endfacet
  facet normal 0.242848 -0.970064 0
    outer loop
      vertex 18.1013 13.4558 2.4
      vertex 17.8824 13.401 0
      vertex 18.1013 13.4558 0
    endloop
  endfacet
  facet normal -0.803125 -0.59581 0
    outer loop
      vertex 21.3624 12.4778 0
      vertex 21.2279 12.6591 2.4
      vertex 21.2279 12.6591 0
    endloop
  endfacet
  facet normal -0.803125 -0.59581 0
    outer loop
      vertex 21.2279 12.6591 2.4
      vertex 21.3624 12.4778 0
      vertex 21.3624 12.4778 2.4
    endloop
  endfacet
  facet normal -0.857806 0.513974 0
    outer loop
      vertex 21.3624 -12.4778 0
      vertex 21.4784 -12.2842 2.4
      vertex 21.4784 -12.2842 0
    endloop
  endfacet
  facet normal -0.857806 0.513974 0
    outer loop
      vertex 21.4784 -12.2842 2.4
      vertex 21.3624 -12.4778 0
      vertex 21.3624 -12.4778 2.4
    endloop
  endfacet
  facet normal -0.803125 0.59581 0
    outer loop
      vertex 21.2279 -12.6591 0
      vertex 21.3624 -12.4778 2.4
      vertex 21.3624 -12.4778 0
    endloop
  endfacet
  facet normal -0.803125 0.59581 0
    outer loop
      vertex 21.3624 -12.4778 2.4
      vertex 21.2279 -12.6591 0
      vertex 21.2279 -12.6591 2.4
    endloop
  endfacet
  facet normal 0.740822 0.671702 0
    outer loop
      vertex 16.9237 -12.8263 2.4
      vertex 16.7721 -12.6591 0
      vertex 16.7721 -12.6591 2.4
    endloop
  endfacet
  facet normal 0.740822 0.671702 0
    outer loop
      vertex 16.7721 -12.6591 0
      vertex 16.9237 -12.8263 2.4
      vertex 16.9237 -12.8263 0
    endloop
  endfacet
  facet normal 0.33701 0.941501 -0
    outer loop
      vertex 17.8824 -13.401 0
      vertex 17.6698 -13.3249 2.4
      vertex 17.8824 -13.401 2.4
    endloop
  endfacet
  facet normal 0.33701 0.941501 0
    outer loop
      vertex 17.6698 -13.3249 2.4
      vertex 17.8824 -13.401 0
      vertex 17.6698 -13.3249 0
    endloop
  endfacet
  facet normal 1 -0 0
    outer loop
      vertex 16.25 8.4 2.4
      vertex 16.25 11.2 0
      vertex 16.25 11.2 2.4
    endloop
  endfacet
  facet normal 1 -0 0
    outer loop
      vertex 16.25 -8.4 2.4
      vertex 16.25 11.2 0
      vertex 16.25 8.4 2.4
    endloop
  endfacet
  facet normal 1 0 0
    outer loop
      vertex 16.25 -11.2 0
      vertex 16.25 -8.4 2.4
      vertex 16.25 -11.2 2.4
    endloop
  endfacet
  facet normal 1 0 0
    outer loop
      vertex 16.25 -8.4 2.4
      vertex 16.25 -11.2 0
      vertex 16.25 11.2 0
    endloop
  endfacet
  facet normal 0.803125 0.59581 0
    outer loop
      vertex 16.7721 -12.6591 2.4
      vertex 16.6376 -12.4778 0
      vertex 16.6376 -12.4778 2.4
    endloop
  endfacet
  facet normal 0.803125 0.59581 0
    outer loop
      vertex 16.6376 -12.4778 0
      vertex 16.7721 -12.6591 2.4
      vertex 16.7721 -12.6591 0
    endloop
  endfacet
  facet normal 0.99879 0.0491862 0
    outer loop
      vertex 16.2611 -11.4254 2.4
      vertex 16.25 -11.2 0
      vertex 16.25 -11.2 2.4
    endloop
  endfacet
  facet normal 0.99879 0.0491862 0
    outer loop
      vertex 16.25 -11.2 0
      vertex 16.2611 -11.4254 2.4
      vertex 16.2611 -11.4254 0
    endloop
  endfacet
  facet normal 0.513974 -0.857806 0
    outer loop
      vertex 17.2722 13.1124 0
      vertex 17.4658 13.2284 2.4
      vertex 17.2722 13.1124 2.4
    endloop
  endfacet
  facet normal 0.513974 -0.857806 0
    outer loop
      vertex 17.4658 13.2284 2.4
      vertex 17.2722 13.1124 0
      vertex 17.4658 13.2284 0
    endloop
  endfacet
  facet normal 0.903963 -0.42761 0
    outer loop
      vertex 16.4251 12.0802 2.4
      vertex 16.5216 12.2842 0
      vertex 16.5216 12.2842 2.4
    endloop
  endfacet
  facet normal 0.903963 -0.42761 0
    outer loop
      vertex 16.5216 12.2842 0
      vertex 16.4251 12.0802 2.4
      vertex 16.4251 12.0802 0
    endloop
  endfacet
  facet normal 0.513974 0.857806 -0
    outer loop
      vertex 17.4658 -13.2284 0
      vertex 17.2722 -13.1124 2.4
      vertex 17.4658 -13.2284 2.4
    endloop
  endfacet
  facet normal 0.513974 0.857806 0
    outer loop
      vertex 17.2722 -13.1124 2.4
      vertex 17.4658 -13.2284 0
      vertex 17.2722 -13.1124 0
    endloop
  endfacet
  facet normal -0.941501 0.33701 0
    outer loop
      vertex 21.5749 -12.0802 0
      vertex 21.651 -11.8676 2.4
      vertex 21.651 -11.8676 0
    endloop
  endfacet
  facet normal -0.941501 0.33701 0
    outer loop
      vertex 21.651 -11.8676 2.4
      vertex 21.5749 -12.0802 0
      vertex 21.5749 -12.0802 2.4
    endloop
  endfacet
  facet normal 0.671702 -0.740822 0
    outer loop
      vertex 16.9237 12.8263 0
      vertex 17.0909 12.9779 2.4
      vertex 16.9237 12.8263 2.4
    endloop
  endfacet
  facet normal 0.671702 -0.740822 0
    outer loop
      vertex 17.0909 12.9779 2.4
      vertex 16.9237 12.8263 0
      vertex 17.0909 12.9779 0
    endloop
  endfacet
  facet normal -0.671702 0.740822 0
    outer loop
      vertex 21.0763 -12.8263 0
      vertex 20.9091 -12.9779 2.4
      vertex 21.0763 -12.8263 2.4
    endloop
  endfacet
  facet normal -0.671702 0.740822 0
    outer loop
      vertex 20.9091 -12.9779 2.4
      vertex 21.0763 -12.8263 0
      vertex 20.9091 -12.9779 0
    endloop
  endfacet
  facet normal 0.671702 0.740822 -0
    outer loop
      vertex 17.0909 -12.9779 0
      vertex 16.9237 -12.8263 2.4
      vertex 17.0909 -12.9779 2.4
    endloop
  endfacet
  facet normal 0.671702 0.740822 0
    outer loop
      vertex 16.9237 -12.8263 2.4
      vertex 17.0909 -12.9779 0
      vertex 16.9237 -12.8263 0
    endloop
  endfacet
  facet normal 0.146629 -0.989192 0
    outer loop
      vertex 18.1013 13.4558 0
      vertex 18.3246 13.4889 2.4
      vertex 18.1013 13.4558 2.4
    endloop
  endfacet
  facet normal 0.146629 -0.989192 0
    outer loop
      vertex 18.3246 13.4889 2.4
      vertex 18.1013 13.4558 0
      vertex 18.3246 13.4889 0
    endloop
  endfacet
  facet normal -0.42761 -0.903963 0
    outer loop
      vertex 20.3302 13.3249 0
      vertex 20.5342 13.2284 2.4
      vertex 20.3302 13.3249 2.4
    endloop
  endfacet
  facet normal -0.42761 -0.903963 -0
    outer loop
      vertex 20.5342 13.2284 2.4
      vertex 20.3302 13.3249 0
      vertex 20.5342 13.2284 0
    endloop
  endfacet
  facet normal 0.42761 0.903963 -0
    outer loop
      vertex 17.6698 -13.3249 0
      vertex 17.4658 -13.2284 2.4
      vertex 17.6698 -13.3249 2.4
    endloop
  endfacet
  facet normal 0.42761 0.903963 0
    outer loop
      vertex 17.4658 -13.2284 2.4
      vertex 17.6698 -13.3249 0
      vertex 17.4658 -13.2284 0
    endloop
  endfacet
  facet normal 0.989192 0.146629 0
    outer loop
      vertex 16.2942 -11.6487 2.4
      vertex 16.2611 -11.4254 0
      vertex 16.2611 -11.4254 2.4
    endloop
  endfacet
  facet normal 0.989192 0.146629 0
    outer loop
      vertex 16.2611 -11.4254 0
      vertex 16.2942 -11.6487 2.4
      vertex 16.2942 -11.6487 0
    endloop
  endfacet
  facet normal 0.970064 0.242848 0
    outer loop
      vertex 16.349 -11.8676 2.4
      vertex 16.2942 -11.6487 0
      vertex 16.2942 -11.6487 2.4
    endloop
  endfacet
  facet normal 0.970064 0.242848 0
    outer loop
      vertex 16.2942 -11.6487 0
      vertex 16.349 -11.8676 2.4
      vertex 16.349 -11.8676 0
    endloop
  endfacet
  facet normal -0.33701 -0.941501 0
    outer loop
      vertex 20.1176 13.401 0
      vertex 20.3302 13.3249 2.4
      vertex 20.1176 13.401 2.4
    endloop
  endfacet
  facet normal -0.33701 -0.941501 -0
    outer loop
      vertex 20.3302 13.3249 2.4
      vertex 20.1176 13.401 0
      vertex 20.3302 13.3249 0
    endloop
  endfacet
  facet normal 0.941501 0.33701 0
    outer loop
      vertex 16.4251 -12.0802 2.4
      vertex 16.349 -11.8676 0
      vertex 16.349 -11.8676 2.4
    endloop
  endfacet
  facet normal 0.941501 0.33701 0
    outer loop
      vertex 16.349 -11.8676 0
      vertex 16.4251 -12.0802 2.4
      vertex 16.4251 -12.0802 0
    endloop
  endfacet
  facet normal -0.99879 0.0491862 0
    outer loop
      vertex 21.7389 -11.4254 0
      vertex 21.75 -11.2 2.4
      vertex 21.75 -11.2 0
    endloop
  endfacet
  facet normal -0.99879 0.0491862 0
    outer loop
      vertex 21.75 -11.2 2.4
      vertex 21.7389 -11.4254 0
      vertex 21.7389 -11.4254 2.4
    endloop
  endfacet
  facet normal -0.970064 -0.242848 0
    outer loop
      vertex 21.7058 11.6487 0
      vertex 21.651 11.8676 2.4
      vertex 21.651 11.8676 0
    endloop
  endfacet
  facet normal -0.970064 -0.242848 0
    outer loop
      vertex 21.651 11.8676 2.4
      vertex 21.7058 11.6487 0
      vertex 21.7058 11.6487 2.4
    endloop
  endfacet
  facet normal 0.59581 0.803125 -0
    outer loop
      vertex 17.2722 -13.1124 0
      vertex 17.0909 -12.9779 2.4
      vertex 17.2722 -13.1124 2.4
    endloop
  endfacet
  facet normal 0.59581 0.803125 0
    outer loop
      vertex 17.0909 -12.9779 2.4
      vertex 17.2722 -13.1124 0
      vertex 17.0909 -12.9779 0
    endloop
  endfacet
  facet normal 0.970064 -0.242848 0
    outer loop
      vertex 16.2942 11.6487 2.4
      vertex 16.349 11.8676 0
      vertex 16.349 11.8676 2.4
    endloop
  endfacet
  facet normal 0.970064 -0.242848 0
    outer loop
      vertex 16.349 11.8676 0
      vertex 16.2942 11.6487 2.4
      vertex 16.2942 11.6487 0
    endloop
  endfacet
  facet normal -0.242848 -0.970064 0
    outer loop
      vertex 19.8987 13.4558 0
      vertex 20.1176 13.401 2.4
      vertex 19.8987 13.4558 2.4
    endloop
  endfacet
  facet normal -0.242848 -0.970064 -0
    outer loop
      vertex 20.1176 13.401 2.4
      vertex 19.8987 13.4558 0
      vertex 20.1176 13.401 0
    endloop
  endfacet
  facet normal 0.857493 0.514496 0
    outer loop
      vertex 16.53 -12.2982 2.4
      vertex 16.5216 -12.2842 0
      vertex 16.5216 -12.2842 2.4
    endloop
  endfacet
  facet normal 0.85783 0.513934 -4.45791e-06
    outer loop
      vertex 16.6376 -12.4778 2.4
      vertex 16.5216 -12.2842 0
      vertex 16.53 -12.2982 2.4
    endloop
  endfacet
  facet normal 0.857806 0.513974 0
    outer loop
      vertex 16.5216 -12.2842 0
      vertex 16.6376 -12.4778 2.4
      vertex 16.6376 -12.4778 0
    endloop
  endfacet
  facet normal -0.740822 0.671702 0
    outer loop
      vertex 21.0763 -12.8263 0
      vertex 21.2279 -12.6591 2.4
      vertex 21.2279 -12.6591 0
    endloop
  endfacet
  facet normal -0.740822 0.671702 0
    outer loop
      vertex 21.2279 -12.6591 2.4
      vertex 21.0763 -12.8263 0
      vertex 21.0763 -12.8263 2.4
    endloop
  endfacet
  facet normal -0.671702 -0.740822 0
    outer loop
      vertex 20.9091 12.9779 0
      vertex 21.0763 12.8263 2.4
      vertex 20.9091 12.9779 2.4
    endloop
  endfacet
  facet normal -0.671702 -0.740822 -0
    outer loop
      vertex 21.0763 12.8263 2.4
      vertex 20.9091 12.9779 0
      vertex 21.0763 12.8263 0
    endloop
  endfacet
  facet normal 0.903963 0.42761 0
    outer loop
      vertex 16.5216 -12.2842 2.4
      vertex 16.4251 -12.0802 0
      vertex 16.4251 -12.0802 2.4
    endloop
  endfacet
  facet normal 0.903963 0.42761 0
    outer loop
      vertex 16.4251 -12.0802 0
      vertex 16.5216 -12.2842 2.4
      vertex 16.5216 -12.2842 0
    endloop
  endfacet
  facet normal 0.242848 0.970064 -0
    outer loop
      vertex 18.1013 -13.4558 0
      vertex 17.8824 -13.401 2.4
      vertex 18.1013 -13.4558 2.4
    endloop
  endfacet
  facet normal 0.242848 0.970064 0
    outer loop
      vertex 17.8824 -13.401 2.4
      vertex 18.1013 -13.4558 0
      vertex 17.8824 -13.401 0
    endloop
  endfacet
  facet normal 0.0491862 -0.99879 0
    outer loop
      vertex 18.3246 13.4889 0
      vertex 18.55 13.5 2.4
      vertex 18.3246 13.4889 2.4
    endloop
  endfacet
  facet normal 0.0491862 -0.99879 0
    outer loop
      vertex 18.55 13.5 2.4
      vertex 18.3246 13.4889 0
      vertex 18.55 13.5 0
    endloop
  endfacet
  facet normal -0.42761 0.903963 0
    outer loop
      vertex 20.5342 -13.2284 0
      vertex 20.3302 -13.3249 2.4
      vertex 20.5342 -13.2284 2.4
    endloop
  endfacet
  facet normal -0.42761 0.903963 0
    outer loop
      vertex 20.3302 -13.3249 2.4
      vertex 20.5342 -13.2284 0
      vertex 20.3302 -13.3249 0
    endloop
  endfacet
  facet normal 0.941501 -0.33701 0
    outer loop
      vertex 16.349 11.8676 2.4
      vertex 16.4251 12.0802 0
      vertex 16.4251 12.0802 2.4
    endloop
  endfacet
  facet normal 0.941501 -0.33701 0
    outer loop
      vertex 16.4251 12.0802 0
      vertex 16.349 11.8676 2.4
      vertex 16.349 11.8676 0
    endloop
  endfacet
  facet normal 0.42761 -0.903963 0
    outer loop
      vertex 17.4658 13.2284 0
      vertex 17.6698 13.3249 2.4
      vertex 17.4658 13.2284 2.4
    endloop
  endfacet
  facet normal 0.42761 -0.903963 0
    outer loop
      vertex 17.6698 13.3249 2.4
      vertex 17.4658 13.2284 0
      vertex 17.6698 13.3249 0
    endloop
  endfacet
  facet normal 0 -1 0
    outer loop
      vertex 18.55 13.5 0
      vertex 19.45 13.5 2.4
      vertex 18.55 13.5 2.4
    endloop
  endfacet
  facet normal 0 -1 -0
    outer loop
      vertex 19.45 13.5 2.4
      vertex 18.55 13.5 0
      vertex 19.45 13.5 0
    endloop
  endfacet
  facet normal 0.989192 -0.146629 0
    outer loop
      vertex 16.2611 11.4254 2.4
      vertex 16.2942 11.6487 0
      vertex 16.2942 11.6487 2.4
    endloop
  endfacet
  facet normal 0.989192 -0.146629 0
    outer loop
      vertex 16.2942 11.6487 0
      vertex 16.2611 11.4254 2.4
      vertex 16.2611 11.4254 0
    endloop
  endfacet
  facet normal -0.513974 0.857806 0
    outer loop
      vertex 20.7278 -13.1124 0
      vertex 20.5342 -13.2284 2.4
      vertex 20.7278 -13.1124 2.4
    endloop
  endfacet
  facet normal -0.513974 0.857806 0
    outer loop
      vertex 20.5342 -13.2284 2.4
      vertex 20.7278 -13.1124 0
      vertex 20.5342 -13.2284 0
    endloop
  endfacet
  facet normal -0.941501 -0.33701 0
    outer loop
      vertex 21.651 11.8676 0
      vertex 21.5749 12.0802 2.4
      vertex 21.5749 12.0802 0
    endloop
  endfacet
  facet normal -0.941501 -0.33701 0
    outer loop
      vertex 21.5749 12.0802 2.4
      vertex 21.651 11.8676 0
      vertex 21.651 11.8676 2.4
    endloop
  endfacet
  facet normal -0.857806 -0.513974 0
    outer loop
      vertex 21.4784 12.2842 0
      vertex 21.3624 12.4778 2.4
      vertex 21.3624 12.4778 0
    endloop
  endfacet
  facet normal -0.857806 -0.513974 0
    outer loop
      vertex 21.3624 12.4778 2.4
      vertex 21.4784 12.2842 0
      vertex 21.4784 12.2842 2.4
    endloop
  endfacet
  facet normal -0.989192 -0.146629 0
    outer loop
      vertex 21.7389 11.4254 0
      vertex 21.7058 11.6487 2.4
      vertex 21.7058 11.6487 0
    endloop
  endfacet
  facet normal -0.989192 -0.146629 0
    outer loop
      vertex 21.7058 11.6487 2.4
      vertex 21.7389 11.4254 0
      vertex 21.7389 11.4254 2.4
    endloop
  endfacet
  facet normal -0.740822 -0.671702 0
    outer loop
      vertex 21.2279 12.6591 0
      vertex 21.0763 12.8263 2.4
      vertex 21.0763 12.8263 0
    endloop
  endfacet
  facet normal -0.740822 -0.671702 0
    outer loop
      vertex 21.0763 12.8263 2.4
      vertex 21.2279 12.6591 0
      vertex 21.2279 12.6591 2.4
    endloop
  endfacet
  facet normal -0.146629 -0.989192 0
    outer loop
      vertex 19.6754 13.4889 0
      vertex 19.8987 13.4558 2.4
      vertex 19.6754 13.4889 2.4
    endloop
  endfacet
  facet normal -0.146629 -0.989192 -0
    outer loop
      vertex 19.8987 13.4558 2.4
      vertex 19.6754 13.4889 0
      vertex 19.8987 13.4558 0
    endloop
  endfacet
  facet normal -0.903963 0.42761 0
    outer loop
      vertex 21.4784 -12.2842 0
      vertex 21.5749 -12.0802 2.4
      vertex 21.5749 -12.0802 0
    endloop
  endfacet
  facet normal -0.903963 0.42761 0
    outer loop
      vertex 21.5749 -12.0802 2.4
      vertex 21.4784 -12.2842 0
      vertex 21.4784 -12.2842 2.4
    endloop
  endfacet
  facet normal -0.513974 -0.857806 0
    outer loop
      vertex 20.5342 13.2284 0
      vertex 20.7278 13.1124 2.4
      vertex 20.5342 13.2284 2.4
    endloop
  endfacet
  facet normal -0.513974 -0.857806 -0
    outer loop
      vertex 20.7278 13.1124 2.4
      vertex 20.5342 13.2284 0
      vertex 20.7278 13.1124 0
    endloop
  endfacet
  facet normal -0.989192 0.146629 0
    outer loop
      vertex 21.7058 -11.6487 0
      vertex 21.7389 -11.4254 2.4
      vertex 21.7389 -11.4254 0
    endloop
  endfacet
  facet normal -0.989192 0.146629 0
    outer loop
      vertex 21.7389 -11.4254 2.4
      vertex 21.7058 -11.6487 0
      vertex 21.7058 -11.6487 2.4
    endloop
  endfacet
  facet normal -0.970064 0.242848 0
    outer loop
      vertex 21.651 -11.8676 0
      vertex 21.7058 -11.6487 2.4
      vertex 21.7058 -11.6487 0
    endloop
  endfacet
  facet normal -0.970064 0.242848 0
    outer loop
      vertex 21.7058 -11.6487 2.4
      vertex 21.651 -11.8676 0
      vertex 21.651 -11.8676 2.4
    endloop
  endfacet
  facet normal -0.33701 0.941501 0
    outer loop
      vertex 20.3302 -13.3249 0
      vertex 20.1176 -13.401 2.4
      vertex 20.3302 -13.3249 2.4
    endloop
  endfacet
  facet normal -0.33701 0.941501 0
    outer loop
      vertex 20.1176 -13.401 2.4
      vertex 20.3302 -13.3249 0
      vertex 20.1176 -13.401 0
    endloop
  endfacet
  facet normal 0.595491 0.803362 -0
    outer loop
      vertex 21.172 19.3651 0
      vertex 20.7778 19.6573 2.4
      vertex 21.172 19.3651 2.4
    endloop
  endfacet
  facet normal 0.595491 0.803362 0
    outer loop
      vertex 20.7778 19.6573 2.4
      vertex 21.172 19.3651 0
      vertex 20.7778 19.6573 0
    endloop
  endfacet
  facet normal 0.242919 -0.970047 0
    outer loop
      vertex 18.9754 -20.4039 0
      vertex 19.4514 -20.2847 2.4
      vertex 18.9754 -20.4039 2.4
    endloop
  endfacet
  facet normal 0.242919 -0.970047 0
    outer loop
      vertex 19.4514 -20.2847 2.4
      vertex 18.9754 -20.4039 0
      vertex 19.4514 -20.2847 0
    endloop
  endfacet
  facet normal 0 -1 0
    outer loop
      vertex -18 -20.5 0
      vertex 18 -20.5 2.4
      vertex -18 -20.5 2.4
    endloop
  endfacet
  facet normal 0 -1 -0
    outer loop
      vertex 18 -20.5 2.4
      vertex -18 -20.5 0
      vertex 18 -20.5 0
    endloop
  endfacet
  facet normal 0.146755 -0.989173 0
    outer loop
      vertex 18.4901 -20.4759 0
      vertex 18.9754 -20.4039 2.4
      vertex 18.4901 -20.4759 2.4
    endloop
  endfacet
  facet normal 0.146755 -0.989173 0
    outer loop
      vertex 18.9754 -20.4039 2.4
      vertex 18.4901 -20.4759 0
      vertex 18.9754 -20.4039 0
    endloop
  endfacet
  facet normal 0.0491143 -0.998793 0
    outer loop
      vertex 18 -20.5 0
      vertex 18.4901 -20.4759 2.4
      vertex 18 -20.5 2.4
    endloop
  endfacet
  facet normal 0.0491143 -0.998793 0
    outer loop
      vertex 18.4901 -20.4759 2.4
      vertex 18 -20.5 0
      vertex 18.4901 -20.4759 0
    endloop
  endfacet
  facet normal -0.242919 0.970047 0
    outer loop
      vertex -18.9754 20.4039 0
      vertex -19.4514 20.2847 2.4
      vertex -18.9754 20.4039 2.4
    endloop
  endfacet
  facet normal -0.242919 0.970047 0
    outer loop
      vertex -19.4514 20.2847 2.4
      vertex -18.9754 20.4039 0
      vertex -19.4514 20.2847 0
    endloop
  endfacet
  facet normal 0.803362 0.595491 0
    outer loop
      vertex 22.1573 18.2778 2.4
      vertex 21.8651 18.672 0
      vertex 21.8651 18.672 2.4
    endloop
  endfacet
  facet normal 0.803362 0.595491 0
    outer loop
      vertex 21.8651 18.672 0
      vertex 22.1573 18.2778 2.4
      vertex 22.1573 18.2778 0
    endloop
  endfacet
  facet normal -0.336879 -0.941548 0
    outer loop
      vertex -19.9134 -20.1194 0
      vertex -19.4514 -20.2847 2.4
      vertex -19.9134 -20.1194 2.4
    endloop
  endfacet
  facet normal -0.336879 -0.941548 -0
    outer loop
      vertex -19.4514 -20.2847 2.4
      vertex -19.9134 -20.1194 0
      vertex -19.4514 -20.2847 0
    endloop
  endfacet
  facet normal 0.146755 0.989173 -0
    outer loop
      vertex 18.9754 20.4039 0
      vertex 18.4901 20.4759 2.4
      vertex 18.9754 20.4039 2.4
    endloop
  endfacet
  facet normal 0.146755 0.989173 0
    outer loop
      vertex 18.4901 20.4759 2.4
      vertex 18.9754 20.4039 0
      vertex 18.4901 20.4759 0
    endloop
  endfacet
  facet normal -0.740806 -0.671719 0
    outer loop
      vertex -21.5355 -19.0355 0
      vertex -21.8651 -18.672 2.4
      vertex -21.8651 -18.672 0
    endloop
  endfacet
  facet normal -0.740806 -0.671719 0
    outer loop
      vertex -21.8651 -18.672 2.4
      vertex -21.5355 -19.0355 0
      vertex -21.5355 -19.0355 2.4
    endloop
  endfacet
  facet normal -0.242919 -0.970047 0
    outer loop
      vertex -19.4514 -20.2847 0
      vertex -18.9754 -20.4039 2.4
      vertex -19.4514 -20.2847 2.4
    endloop
  endfacet
  facet normal -0.242919 -0.970047 -0
    outer loop
      vertex -18.9754 -20.4039 2.4
      vertex -19.4514 -20.2847 0
      vertex -18.9754 -20.4039 0
    endloop
  endfacet
  facet normal -0.427543 0.903995 0
    outer loop
      vertex -19.9134 20.1194 0
      vertex -20.357 19.9096 2.4
      vertex -19.9134 20.1194 2.4
    endloop
  endfacet
  facet normal -0.427543 0.903995 0
    outer loop
      vertex -20.357 19.9096 2.4
      vertex -19.9134 20.1194 0
      vertex -20.357 19.9096 0
    endloop
  endfacet
  facet normal -0.595491 -0.803362 0
    outer loop
      vertex -21.172 -19.3651 0
      vertex -20.7778 -19.6573 2.4
      vertex -21.172 -19.3651 2.4
    endloop
  endfacet
  facet normal -0.595491 -0.803362 -0
    outer loop
      vertex -20.7778 -19.6573 2.4
      vertex -21.172 -19.3651 0
      vertex -20.7778 -19.6573 0
    endloop
  endfacet
  facet normal 0.514226 0.857655 -0
    outer loop
      vertex 20.7778 19.6573 0
      vertex 20.357 19.9096 2.4
      vertex 20.7778 19.6573 2.4
    endloop
  endfacet
  facet normal 0.514226 0.857655 0
    outer loop
      vertex 20.357 19.9096 2.4
      vertex 20.7778 19.6573 0
      vertex 20.357 19.9096 0
    endloop
  endfacet
  facet normal 0.427543 0.903995 -0
    outer loop
      vertex 20.357 19.9096 0
      vertex 19.9134 20.1194 2.4
      vertex 20.357 19.9096 2.4
    endloop
  endfacet
  facet normal 0.427543 0.903995 0
    outer loop
      vertex 19.9134 20.1194 2.4
      vertex 20.357 19.9096 0
      vertex 19.9134 20.1194 0
    endloop
  endfacet
  facet normal 0.595491 -0.803362 0
    outer loop
      vertex 20.7778 -19.6573 0
      vertex 21.172 -19.3651 2.4
      vertex 20.7778 -19.6573 2.4
    endloop
  endfacet
  facet normal 0.595491 -0.803362 0
    outer loop
      vertex 21.172 -19.3651 2.4
      vertex 20.7778 -19.6573 0
      vertex 21.172 -19.3651 0
    endloop
  endfacet
  facet normal -0.336879 0.941548 0
    outer loop
      vertex -19.4514 20.2847 0
      vertex -19.9134 20.1194 2.4
      vertex -19.4514 20.2847 2.4
    endloop
  endfacet
  facet normal -0.336879 0.941548 0
    outer loop
      vertex -19.9134 20.1194 2.4
      vertex -19.4514 20.2847 0
      vertex -19.9134 20.1194 0
    endloop
  endfacet
  facet normal -0.803362 -0.595491 0
    outer loop
      vertex -21.8651 -18.672 0
      vertex -22.1573 -18.2778 2.4
      vertex -22.1573 -18.2778 0
    endloop
  endfacet
  facet normal -0.803362 -0.595491 0
    outer loop
      vertex -22.1573 -18.2778 2.4
      vertex -21.8651 -18.672 0
      vertex -21.8651 -18.672 2.4
    endloop
  endfacet
  facet normal -0.740806 0.671719 0
    outer loop
      vertex -21.8651 18.672 0
      vertex -21.5355 19.0355 2.4
      vertex -21.5355 19.0355 0
    endloop
  endfacet
  facet normal -0.740806 0.671719 0
    outer loop
      vertex -21.5355 19.0355 2.4
      vertex -21.8651 18.672 0
      vertex -21.8651 18.672 2.4
    endloop
  endfacet
  facet normal 1 -0 0
    outer loop
      vertex 23 -15.5 2.4
      vertex 23 15.5 0
      vertex 23 15.5 2.4
    endloop
  endfacet
  facet normal 1 0 0
    outer loop
      vertex 23 15.5 0
      vertex 23 -15.5 2.4
      vertex 23 -15.5 0
    endloop
  endfacet
  facet normal 0.941548 -0.336879 0
    outer loop
      vertex 22.6194 -17.4134 2.4
      vertex 22.7847 -16.9514 0
      vertex 22.7847 -16.9514 2.4
    endloop
  endfacet
  facet normal 0.941548 -0.336879 0
    outer loop
      vertex 22.7847 -16.9514 0
      vertex 22.6194 -17.4134 2.4
      vertex 22.6194 -17.4134 0
    endloop
  endfacet
  facet normal 0 1 -0
    outer loop
      vertex 18 20.5 0
      vertex -18 20.5 2.4
      vertex 18 20.5 2.4
    endloop
  endfacet
  facet normal 0 1 0
    outer loop
      vertex -18 20.5 2.4
      vertex 18 20.5 0
      vertex -18 20.5 0
    endloop
  endfacet
  facet normal 0.998793 -0.0491143 0
    outer loop
      vertex 22.9759 -15.9901 2.4
      vertex 23 -15.5 0
      vertex 23 -15.5 2.4
    endloop
  endfacet
  facet normal 0.998793 -0.0491143 0
    outer loop
      vertex 23 -15.5 0
      vertex 22.9759 -15.9901 2.4
      vertex 22.9759 -15.9901 0
    endloop
  endfacet
  facet normal -0.146755 -0.989173 0
    outer loop
      vertex -18.9754 -20.4039 0
      vertex -18.4901 -20.4759 2.4
      vertex -18.9754 -20.4039 2.4
    endloop
  endfacet
  facet normal -0.146755 -0.989173 -0
    outer loop
      vertex -18.4901 -20.4759 2.4
      vertex -18.9754 -20.4039 0
      vertex -18.4901 -20.4759 0
    endloop
  endfacet
  facet normal -0.0491143 0.998793 0
    outer loop
      vertex -18 20.5 0
      vertex -18.4901 20.4759 2.4
      vertex -18 20.5 2.4
    endloop
  endfacet
  facet normal -0.0491143 0.998793 0
    outer loop
      vertex -18.4901 20.4759 2.4
      vertex -18 20.5 0
      vertex -18.4901 20.4759 0
    endloop
  endfacet
  facet normal 0.989173 0.146755 0
    outer loop
      vertex 22.9759 15.9901 2.4
      vertex 22.9039 16.4754 0
      vertex 22.9039 16.4754 2.4
    endloop
  endfacet
  facet normal 0.989173 0.146755 0
    outer loop
      vertex 22.9039 16.4754 0
      vertex 22.9759 15.9901 2.4
      vertex 22.9759 15.9901 0
    endloop
  endfacet
  facet normal -1 0 0
    outer loop
      vertex -23 -15.5 0
      vertex -23 15.5 2.4
      vertex -23 15.5 0
    endloop
  endfacet
  facet normal -1 -0 0
    outer loop
      vertex -23 15.5 2.4
      vertex -23 -15.5 0
      vertex -23 -15.5 2.4
    endloop
  endfacet
  facet normal -0.998793 0.0491143 0
    outer loop
      vertex -23 15.5 0
      vertex -22.9759 15.9901 2.4
      vertex -22.9759 15.9901 0
    endloop
  endfacet
  facet normal -0.998793 0.0491143 0
    outer loop
      vertex -22.9759 15.9901 2.4
      vertex -23 15.5 0
      vertex -23 15.5 2.4
    endloop
  endfacet
  facet normal 0.941548 0.336879 0
    outer loop
      vertex 22.7847 16.9514 2.4
      vertex 22.6194 17.4134 0
      vertex 22.6194 17.4134 2.4
    endloop
  endfacet
  facet normal 0.941548 0.336879 0
    outer loop
      vertex 22.6194 17.4134 0
      vertex 22.7847 16.9514 2.4
      vertex 22.7847 16.9514 0
    endloop
  endfacet
  facet normal -0.514226 0.857655 0
    outer loop
      vertex -20.357 19.9096 0
      vertex -20.7778 19.6573 2.4
      vertex -20.357 19.9096 2.4
    endloop
  endfacet
  facet normal -0.514226 0.857655 0
    outer loop
      vertex -20.7778 19.6573 2.4
      vertex -20.357 19.9096 0
      vertex -20.7778 19.6573 0
    endloop
  endfacet
  facet normal -0.671719 -0.740806 0
    outer loop
      vertex -21.5355 -19.0355 0
      vertex -21.172 -19.3651 2.4
      vertex -21.5355 -19.0355 2.4
    endloop
  endfacet
  facet normal -0.671719 -0.740806 -0
    outer loop
      vertex -21.172 -19.3651 2.4
      vertex -21.5355 -19.0355 0
      vertex -21.172 -19.3651 0
    endloop
  endfacet
  facet normal 0.970047 0.242919 0
    outer loop
      vertex 22.9039 16.4754 2.4
      vertex 22.7847 16.9514 0
      vertex 22.7847 16.9514 2.4
    endloop
  endfacet
  facet normal 0.970047 0.242919 0
    outer loop
      vertex 22.7847 16.9514 0
      vertex 22.9039 16.4754 2.4
      vertex 22.9039 16.4754 0
    endloop
  endfacet
  facet normal -0.857655 0.514226 0
    outer loop
      vertex -22.4096 17.857 0
      vertex -22.1573 18.2778 2.4
      vertex -22.1573 18.2778 0
    endloop
  endfacet
  facet normal -0.857655 0.514226 0
    outer loop
      vertex -22.1573 18.2778 2.4
      vertex -22.4096 17.857 0
      vertex -22.4096 17.857 2.4
    endloop
  endfacet
  facet normal -0.903995 0.427543 0
    outer loop
      vertex -22.6194 17.4134 0
      vertex -22.4096 17.857 2.4
      vertex -22.4096 17.857 0
    endloop
  endfacet
  facet normal -0.903995 0.427543 0
    outer loop
      vertex -22.4096 17.857 2.4
      vertex -22.6194 17.4134 0
      vertex -22.6194 17.4134 2.4
    endloop
  endfacet
  facet normal -0.146755 0.989173 0
    outer loop
      vertex -18.4901 20.4759 0
      vertex -18.9754 20.4039 2.4
      vertex -18.4901 20.4759 2.4
    endloop
  endfacet
  facet normal -0.146755 0.989173 0
    outer loop
      vertex -18.9754 20.4039 2.4
      vertex -18.4901 20.4759 0
      vertex -18.9754 20.4039 0
    endloop
  endfacet
  facet normal 0.903995 0.427543 0
    outer loop
      vertex 22.6194 17.4134 2.4
      vertex 22.4096 17.857 0
      vertex 22.4096 17.857 2.4
    endloop
  endfacet
  facet normal 0.903995 0.427543 0
    outer loop
      vertex 22.4096 17.857 0
      vertex 22.6194 17.4134 2.4
      vertex 22.6194 17.4134 0
    endloop
  endfacet
  facet normal 0.740806 -0.671719 0
    outer loop
      vertex 21.5355 -19.0355 2.4
      vertex 21.8651 -18.672 0
      vertex 21.8651 -18.672 2.4
    endloop
  endfacet
  facet normal 0.740806 -0.671719 0
    outer loop
      vertex 21.8651 -18.672 0
      vertex 21.5355 -19.0355 2.4
      vertex 21.5355 -19.0355 0
    endloop
  endfacet
  facet normal -0.514226 -0.857655 0
    outer loop
      vertex -20.7778 -19.6573 0
      vertex -20.357 -19.9096 2.4
      vertex -20.7778 -19.6573 2.4
    endloop
  endfacet
  facet normal -0.514226 -0.857655 -0
    outer loop
      vertex -20.357 -19.9096 2.4
      vertex -20.7778 -19.6573 0
      vertex -20.357 -19.9096 0
    endloop
  endfacet
  facet normal -0.427543 -0.903995 0
    outer loop
      vertex -20.357 -19.9096 0
      vertex -19.9134 -20.1194 2.4
      vertex -20.357 -19.9096 2.4
    endloop
  endfacet
  facet normal -0.427543 -0.903995 -0
    outer loop
      vertex -19.9134 -20.1194 2.4
      vertex -20.357 -19.9096 0
      vertex -19.9134 -20.1194 0
    endloop
  endfacet
  facet normal 0.740806 0.671719 0
    outer loop
      vertex 21.8651 18.672 2.4
      vertex 21.5355 19.0355 0
      vertex 21.5355 19.0355 2.4
    endloop
  endfacet
  facet normal 0.740806 0.671719 0
    outer loop
      vertex 21.5355 19.0355 0
      vertex 21.8651 18.672 2.4
      vertex 21.8651 18.672 0
    endloop
  endfacet
  facet normal -0.0491143 -0.998793 0
    outer loop
      vertex -18.4901 -20.4759 0
      vertex -18 -20.5 2.4
      vertex -18.4901 -20.4759 2.4
    endloop
  endfacet
  facet normal -0.0491143 -0.998793 -0
    outer loop
      vertex -18 -20.5 2.4
      vertex -18.4901 -20.4759 0
      vertex -18 -20.5 0
    endloop
  endfacet
  facet normal 0.671719 0.740806 -0
    outer loop
      vertex 21.5355 19.0355 0
      vertex 21.172 19.3651 2.4
      vertex 21.5355 19.0355 2.4
    endloop
  endfacet
  facet normal 0.671719 0.740806 0
    outer loop
      vertex 21.172 19.3651 2.4
      vertex 21.5355 19.0355 0
      vertex 21.172 19.3651 0
    endloop
  endfacet
  facet normal -0.989173 0.146755 0
    outer loop
      vertex -22.9759 15.9901 0
      vertex -22.9039 16.4754 2.4
      vertex -22.9039 16.4754 0
    endloop
  endfacet
  facet normal -0.989173 0.146755 0
    outer loop
      vertex -22.9039 16.4754 2.4
      vertex -22.9759 15.9901 0
      vertex -22.9759 15.9901 2.4
    endloop
  endfacet
  facet normal -0.595491 0.803362 0
    outer loop
      vertex -20.7778 19.6573 0
      vertex -21.172 19.3651 2.4
      vertex -20.7778 19.6573 2.4
    endloop
  endfacet
  facet normal -0.595491 0.803362 0
    outer loop
      vertex -21.172 19.3651 2.4
      vertex -20.7778 19.6573 0
      vertex -21.172 19.3651 0
    endloop
  endfacet
  facet normal 0.903995 -0.427543 0
    outer loop
      vertex 22.4096 -17.857 2.4
      vertex 22.6194 -17.4134 0
      vertex 22.6194 -17.4134 2.4
    endloop
  endfacet
  facet normal 0.903995 -0.427543 0
    outer loop
      vertex 22.6194 -17.4134 0
      vertex 22.4096 -17.857 2.4
      vertex 22.4096 -17.857 0
    endloop
  endfacet
  facet normal -0.803362 0.595491 0
    outer loop
      vertex -22.1573 18.2778 0
      vertex -21.8651 18.672 2.4
      vertex -21.8651 18.672 0
    endloop
  endfacet
  facet normal -0.803362 0.595491 0
    outer loop
      vertex -21.8651 18.672 2.4
      vertex -22.1573 18.2778 0
      vertex -22.1573 18.2778 2.4
    endloop
  endfacet
  facet normal 0.671719 -0.740806 0
    outer loop
      vertex 21.172 -19.3651 0
      vertex 21.5355 -19.0355 2.4
      vertex 21.172 -19.3651 2.4
    endloop
  endfacet
  facet normal 0.671719 -0.740806 0
    outer loop
      vertex 21.5355 -19.0355 2.4
      vertex 21.172 -19.3651 0
      vertex 21.5355 -19.0355 0
    endloop
  endfacet
  facet normal 0.857655 0.514226 0
    outer loop
      vertex 22.4096 17.857 2.4
      vertex 22.1573 18.2778 0
      vertex 22.1573 18.2778 2.4
    endloop
  endfacet
  facet normal 0.857655 0.514226 0
    outer loop
      vertex 22.1573 18.2778 0
      vertex 22.4096 17.857 2.4
      vertex 22.4096 17.857 0
    endloop
  endfacet
  facet normal 0.242919 0.970047 -0
    outer loop
      vertex 19.4514 20.2847 0
      vertex 18.9754 20.4039 2.4
      vertex 19.4514 20.2847 2.4
    endloop
  endfacet
  facet normal 0.242919 0.970047 0
    outer loop
      vertex 18.9754 20.4039 2.4
      vertex 19.4514 20.2847 0
      vertex 18.9754 20.4039 0
    endloop
  endfacet
  facet normal -0.903995 -0.427543 0
    outer loop
      vertex -22.4096 -17.857 0
      vertex -22.6194 -17.4134 2.4
      vertex -22.6194 -17.4134 0
    endloop
  endfacet
  facet normal -0.903995 -0.427543 0
    outer loop
      vertex -22.6194 -17.4134 2.4
      vertex -22.4096 -17.857 0
      vertex -22.4096 -17.857 2.4
    endloop
  endfacet
  facet normal -0.970047 0.242919 0
    outer loop
      vertex -22.9039 16.4754 0
      vertex -22.7847 16.9514 2.4
      vertex -22.7847 16.9514 0
    endloop
  endfacet
  facet normal -0.970047 0.242919 0
    outer loop
      vertex -22.7847 16.9514 2.4
      vertex -22.9039 16.4754 0
      vertex -22.9039 16.4754 2.4
    endloop
  endfacet
  facet normal -0.857655 -0.514226 0
    outer loop
      vertex -22.1573 -18.2778 0
      vertex -22.4096 -17.857 2.4
      vertex -22.4096 -17.857 0
    endloop
  endfacet
  facet normal -0.857655 -0.514226 0
    outer loop
      vertex -22.4096 -17.857 2.4
      vertex -22.1573 -18.2778 0
      vertex -22.1573 -18.2778 2.4
    endloop
  endfacet
  facet normal -0.941548 0.336879 0
    outer loop
      vertex -22.7847 16.9514 0
      vertex -22.6194 17.4134 2.4
      vertex -22.6194 17.4134 0
    endloop
  endfacet
  facet normal -0.941548 0.336879 0
    outer loop
      vertex -22.6194 17.4134 2.4
      vertex -22.7847 16.9514 0
      vertex -22.7847 16.9514 2.4
    endloop
  endfacet
  facet normal -0.671719 0.740806 0
    outer loop
      vertex -21.172 19.3651 0
      vertex -21.5355 19.0355 2.4
      vertex -21.172 19.3651 2.4
    endloop
  endfacet
  facet normal -0.671719 0.740806 0
    outer loop
      vertex -21.5355 19.0355 2.4
      vertex -21.172 19.3651 0
      vertex -21.5355 19.0355 0
    endloop
  endfacet
  facet normal 0.857655 -0.514226 0
    outer loop
      vertex 22.1573 -18.2778 2.4
      vertex 22.4096 -17.857 0
      vertex 22.4096 -17.857 2.4
    endloop
  endfacet
  facet normal 0.857655 -0.514226 0
    outer loop
      vertex 22.4096 -17.857 0
      vertex 22.1573 -18.2778 2.4
      vertex 22.1573 -18.2778 0
    endloop
  endfacet
  facet normal 0.998793 0.0491143 0
    outer loop
      vertex 23 15.5 2.4
      vertex 22.9759 15.9901 0
      vertex 22.9759 15.9901 2.4
    endloop
  endfacet
  facet normal 0.998793 0.0491143 0
    outer loop
      vertex 22.9759 15.9901 0
      vertex 23 15.5 2.4
      vertex 23 15.5 0
    endloop
  endfacet
  facet normal 0 0 -1
    outer loop
      vertex 20.1176 -13.401 0
      vertex 23 -15.5 0
      vertex 22.9759 -15.9901 0
    endloop
  endfacet
  facet normal 0 0 -1
    outer loop
      vertex 23 -15.5 0
      vertex 21.75 -11.2 0
      vertex 23 15.5 0
    endloop
  endfacet
  facet normal 0 0 -1
    outer loop
      vertex 19.8987 -13.4558 0
      vertex 22.9759 -15.9901 0
      vertex 22.9039 -16.4754 0
    endloop
  endfacet
  facet normal 0 0 -1
    outer loop
      vertex 21.75 11.2 0
      vertex 23 15.5 0
      vertex 21.75 -11.2 0
    endloop
  endfacet
  facet normal 0 0 -1
    outer loop
      vertex 19.8987 -13.4558 0
      vertex 22.9039 -16.4754 0
      vertex 22.7847 -16.9514 0
    endloop
  endfacet
  facet normal 0 0 -1
    outer loop
      vertex 21.7389 11.4254 0
      vertex 23 15.5 0
      vertex 21.75 11.2 0
    endloop
  endfacet
  facet normal 0 0 -1
    outer loop
      vertex 19.6754 -13.4889 0
      vertex 22.7847 -16.9514 0
      vertex 22.6194 -17.4134 0
    endloop
  endfacet
  facet normal 0 0 -1
    outer loop
      vertex 21.7058 11.6487 0
      vertex 23 15.5 0
      vertex 21.7389 11.4254 0
    endloop
  endfacet
  facet normal 0 0 -1
    outer loop
      vertex 19.6754 -13.4889 0
      vertex 22.6194 -17.4134 0
      vertex 22.4096 -17.857 0
    endloop
  endfacet
  facet normal 0 0 -1
    outer loop
      vertex 21.651 11.8676 0
      vertex 23 15.5 0
      vertex 21.7058 11.6487 0
    endloop
  endfacet
  facet normal 0 0 -1
    outer loop
      vertex 19.6754 -13.4889 0
      vertex 22.4096 -17.857 0
      vertex 22.1573 -18.2778 0
    endloop
  endfacet
  facet normal 0 0 -1
    outer loop
      vertex 21.5749 12.0802 0
      vertex 23 15.5 0
      vertex 21.651 11.8676 0
    endloop
  endfacet
  facet normal 0 0 -1
    outer loop
      vertex 19.45 -13.5 0
      vertex 22.1573 -18.2778 0
      vertex 21.8651 -18.672 0
    endloop
  endfacet
  facet normal 0 0 -1
    outer loop
      vertex 21.4784 12.2842 0
      vertex 23 15.5 0
      vertex 21.5749 12.0802 0
    endloop
  endfacet
  facet normal 0 0 -1
    outer loop
      vertex 21.3624 12.4778 0
      vertex 23 15.5 0
      vertex 21.4784 12.2842 0
    endloop
  endfacet
  facet normal 0 0 -1
    outer loop
      vertex 23 -15.5 0
      vertex 21.7389 -11.4254 0
      vertex 21.75 -11.2 0
    endloop
  endfacet
  facet normal 0 0 -1
    outer loop
      vertex 23 -15.5 0
      vertex 21.7058 -11.6487 0
      vertex 21.7389 -11.4254 0
    endloop
  endfacet
  facet normal 0 0 -1
    outer loop
      vertex 23 -15.5 0
      vertex 21.651 -11.8676 0
      vertex 21.7058 -11.6487 0
    endloop
  endfacet
  facet normal 0 0 -1
    outer loop
      vertex 23 -15.5 0
      vertex 21.5749 -12.0802 0
      vertex 21.651 -11.8676 0
    endloop
  endfacet
  facet normal 0 0 -1
    outer loop
      vertex 19.45 -13.5 0
      vertex 21.8651 -18.672 0
      vertex 21.5355 -19.0355 0
    endloop
  endfacet
  facet normal 0 0 -1
    outer loop
      vertex 23 -15.5 0
      vertex 21.4784 -12.2842 0
      vertex 21.5749 -12.0802 0
    endloop
  endfacet
  facet normal 0 0 -1
    outer loop
      vertex 23 -15.5 0
      vertex 21.3624 -12.4778 0
      vertex 21.4784 -12.2842 0
    endloop
  endfacet
  facet normal 0 0 -1
    outer loop
      vertex 23 -15.5 0
      vertex 21.2279 -12.6591 0
      vertex 21.3624 -12.4778 0
    endloop
  endfacet
  facet normal 0 0 -1
    outer loop
      vertex 19.45 -13.5 0
      vertex 21.5355 -19.0355 0
      vertex 21.172 -19.3651 0
    endloop
  endfacet
  facet normal 0 0 -1
    outer loop
      vertex 23 -15.5 0
      vertex 21.0763 -12.8263 0
      vertex 21.2279 -12.6591 0
    endloop
  endfacet
  facet normal 0 0 -1
    outer loop
      vertex 23 -15.5 0
      vertex 20.9091 -12.9779 0
      vertex 21.0763 -12.8263 0
    endloop
  endfacet
  facet normal 0 0 -1
    outer loop
      vertex 19.45 -13.5 0
      vertex 21.172 -19.3651 0
      vertex 20.7778 -19.6573 0
    endloop
  endfacet
  facet normal 0 0 -1
    outer loop
      vertex 23 -15.5 0
      vertex 20.7278 -13.1124 0
      vertex 20.9091 -12.9779 0
    endloop
  endfacet
  facet normal 0 0 -1
    outer loop
      vertex 23 -15.5 0
      vertex 20.5342 -13.2284 0
      vertex 20.7278 -13.1124 0
    endloop
  endfacet
  facet normal 0 0 -1
    outer loop
      vertex 18.55 -13.5 0
      vertex 20.7778 -19.6573 0
      vertex 20.357 -19.9096 0
    endloop
  endfacet
  facet normal 0 0 -1
    outer loop
      vertex 23 -15.5 0
      vertex 20.3302 -13.3249 0
      vertex 20.5342 -13.2284 0
    endloop
  endfacet
  facet normal 0 0 -1
    outer loop
      vertex 23 -15.5 0
      vertex 20.1176 -13.401 0
      vertex 20.3302 -13.3249 0
    endloop
  endfacet
  facet normal 0 0 -1
    outer loop
      vertex 18.55 -13.5 0
      vertex 20.357 -19.9096 0
      vertex 19.9134 -20.1194 0
    endloop
  endfacet
  facet normal 0 0 -1
    outer loop
      vertex 22.9759 -15.9901 0
      vertex 19.8987 -13.4558 0
      vertex 20.1176 -13.401 0
    endloop
  endfacet
  facet normal 0 0 -1
    outer loop
      vertex 22.7847 -16.9514 0
      vertex 19.6754 -13.4889 0
      vertex 19.8987 -13.4558 0
    endloop
  endfacet
  facet normal 0 0 -1
    outer loop
      vertex 18.55 -13.5 0
      vertex 19.9134 -20.1194 0
      vertex 19.4514 -20.2847 0
    endloop
  endfacet
  facet normal 0 0 -1
    outer loop
      vertex 22.1573 -18.2778 0
      vertex 19.45 -13.5 0
      vertex 19.6754 -13.4889 0
    endloop
  endfacet
  facet normal 0 0 -1
    outer loop
      vertex 18.55 -13.5 0
      vertex 19.4514 -20.2847 0
      vertex 18.9754 -20.4039 0
    endloop
  endfacet
  facet normal 0 0 -1
    outer loop
      vertex 20.7778 -19.6573 0
      vertex 18.55 -13.5 0
      vertex 19.45 -13.5 0
    endloop
  endfacet
  facet normal 0 0 -1
    outer loop
      vertex 18.3246 -13.4889 0
      vertex 18.9754 -20.4039 0
      vertex 18.4901 -20.4759 0
    endloop
  endfacet
  facet normal 0 0 -1
    outer loop
      vertex 18.9754 -20.4039 0
      vertex 18.3246 -13.4889 0
      vertex 18.55 -13.5 0
    endloop
  endfacet
  facet normal 0 0 -1
    outer loop
      vertex 18 -20.5 0
      vertex 18.3246 -13.4889 0
      vertex 18.4901 -20.4759 0
    endloop
  endfacet
  facet normal -0 0 -1
    outer loop
      vertex 18.3246 -13.4889 0
      vertex 18 -20.5 0
      vertex 18.1013 -13.4558 0
    endloop
  endfacet
  facet normal 0 0 -1
    outer loop
      vertex 18 -20.5 0
      vertex 17.8824 -13.401 0
      vertex 18.1013 -13.4558 0
    endloop
  endfacet
  facet normal 0 0 -1
    outer loop
      vertex 18 -20.5 0
      vertex 17.6698 -13.3249 0
      vertex 17.8824 -13.401 0
    endloop
  endfacet
  facet normal 0 0 -1
    outer loop
      vertex 18 -20.5 0
      vertex 17.4658 -13.2284 0
      vertex 17.6698 -13.3249 0
    endloop
  endfacet
  facet normal 0 0 -1
    outer loop
      vertex 18 -20.5 0
      vertex 17.2722 -13.1124 0
      vertex 17.4658 -13.2284 0
    endloop
  endfacet
  facet normal 0 0 -1
    outer loop
      vertex 11.2966 -14.2144 0
      vertex 17.2722 -13.1124 0
      vertex 18 -20.5 0
    endloop
  endfacet
  facet normal 0 -0 -1
    outer loop
      vertex 11.5422 -13.8834 0
      vertex 17.2722 -13.1124 0
      vertex 11.2966 -14.2144 0
    endloop
  endfacet
  facet normal -0 0 -1
    outer loop
      vertex 17.2722 -13.1124 0
      vertex 11.5422 -13.8834 0
      vertex 17.0909 -12.9779 0
    endloop
  endfacet
  facet normal -0 0 -1
    outer loop
      vertex 17.0909 -12.9779 0
      vertex 11.5422 -13.8834 0
      vertex 16.9237 -12.8263 0
    endloop
  endfacet
  facet normal 0 -0 -1
    outer loop
      vertex 11.7541 -13.5299 0
      vertex 16.9237 -12.8263 0
      vertex 11.5422 -13.8834 0
    endloop
  endfacet
  facet normal 0 -0 -1
    outer loop
      vertex 11.9303 -13.1573 0
      vertex 16.7721 -12.6591 0
      vertex 11.7541 -13.5299 0
    endloop
  endfacet
  facet normal -0 0 -1
    outer loop
      vertex 16.7721 -12.6591 0
      vertex 11.9303 -13.1573 0
      vertex 16.6376 -12.4778 0
    endloop
  endfacet
  facet normal 0 -0 -1
    outer loop
      vertex 12.0691 -12.7692 0
      vertex 16.6376 -12.4778 0
      vertex 11.9303 -13.1573 0
    endloop
  endfacet
  facet normal -0 0 -1
    outer loop
      vertex 16.25 -11.2 0
      vertex 12.25 -11.55 0
      vertex 16.25 11.2 0
    endloop
  endfacet
  facet normal -0 0 -1
    outer loop
      vertex 16.2611 -11.4254 0
      vertex 12.25 -11.55 0
      vertex 16.25 -11.2 0
    endloop
  endfacet
  facet normal 0 0 -1
    outer loop
      vertex 16.2942 -11.6487 0
      vertex 12.25 -11.55 0
      vertex 16.2611 -11.4254 0
    endloop
  endfacet
  facet normal -0 0 -1
    outer loop
      vertex 16.6376 -12.4778 0
      vertex 12.0691 -12.7692 0
      vertex 16.5216 -12.2842 0
    endloop
  endfacet
  facet normal -0 0 -1
    outer loop
      vertex 16.2942 -11.6487 0
      vertex 12.2298 -11.9617 0
      vertex 12.25 -11.55 0
    endloop
  endfacet
  facet normal -0 0 -1
    outer loop
      vertex 16.349 -11.8676 0
      vertex 12.2298 -11.9617 0
      vertex 16.2942 -11.6487 0
    endloop
  endfacet
  facet normal 0 -0 -1
    outer loop
      vertex 12.2298 -11.9617 0
      vertex 16.349 -11.8676 0
      vertex 12.1693 -12.3694 0
    endloop
  endfacet
  facet normal -0 0 -1
    outer loop
      vertex 16.4251 -12.0802 0
      vertex 12.1693 -12.3694 0
      vertex 16.349 -11.8676 0
    endloop
  endfacet
  facet normal 0 -0 -1
    outer loop
      vertex 12.1693 -12.3694 0
      vertex 16.4251 -12.0802 0
      vertex 12.0691 -12.7692 0
    endloop
  endfacet
  facet normal -0 0 -1
    outer loop
      vertex 16.5216 -12.2842 0
      vertex 12.0691 -12.7692 0
      vertex 16.4251 -12.0802 0
    endloop
  endfacet
  facet normal -0 0 -1
    outer loop
      vertex 16.9237 -12.8263 0
      vertex 11.7541 -13.5299 0
      vertex 16.7721 -12.6591 0
    endloop
  endfacet
  facet normal 0 0 -1
    outer loop
      vertex 18 -20.5 0
      vertex 11.0198 -14.5198 0
      vertex 11.2966 -14.2144 0
    endloop
  endfacet
  facet normal 0 0 -1
    outer loop
      vertex 18 -20.5 0
      vertex 10.7144 -14.7966 0
      vertex 11.0198 -14.5198 0
    endloop
  endfacet
  facet normal 0 0 -1
    outer loop
      vertex 18 -20.5 0
      vertex 10.3834 -15.0422 0
      vertex 10.7144 -14.7966 0
    endloop
  endfacet
  facet normal 0 0 -1
    outer loop
      vertex 18 -20.5 0
      vertex 10.0299 -15.2541 0
      vertex 10.3834 -15.0422 0
    endloop
  endfacet
  facet normal 0 0 -1
    outer loop
      vertex 18 -20.5 0
      vertex 9.65726 -15.4303 0
      vertex 10.0299 -15.2541 0
    endloop
  endfacet
  facet normal 0 0 -1
    outer loop
      vertex 18 -20.5 0
      vertex 9.26918 -15.5691 0
      vertex 9.65726 -15.4303 0
    endloop
  endfacet
  facet normal 0 0 -1
    outer loop
      vertex 18 -20.5 0
      vertex 8.86937 -15.6693 0
      vertex 9.26918 -15.5691 0
    endloop
  endfacet
  facet normal 0 0 -1
    outer loop
      vertex 18 -20.5 0
      vertex 8.46165 -15.7298 0
      vertex 8.86937 -15.6693 0
    endloop
  endfacet
  facet normal 0 0 -1
    outer loop
      vertex 18 -20.5 0
      vertex 8.04999 -15.75 0
      vertex 8.46165 -15.7298 0
    endloop
  endfacet
  facet normal 0 0 -1
    outer loop
      vertex 18 -20.5 0
      vertex -8.04999 -15.75 0
      vertex 8.04999 -15.75 0
    endloop
  endfacet
  facet normal 0 0 -1
    outer loop
      vertex -18 -20.5 0
      vertex -8.04999 -15.75 0
      vertex 18 -20.5 0
    endloop
  endfacet
  facet normal -0 0 -1
    outer loop
      vertex -8.04999 -15.75 0
      vertex -18 -20.5 0
      vertex -8.46165 -15.7298 0
    endloop
  endfacet
  facet normal 0 0 -1
    outer loop
      vertex -12.25 -11.55 0
      vertex -16.25 -11.2 0
      vertex -12.25 11.55 0
    endloop
  endfacet
  facet normal 0 0 -1
    outer loop
      vertex -16.2611 -11.4254 0
      vertex -12.25 -11.55 0
      vertex -12.2298 -11.9617 0
    endloop
  endfacet
  facet normal 0 0 -1
    outer loop
      vertex -16.349 -11.8676 0
      vertex -12.2298 -11.9617 0
      vertex -12.1693 -12.3694 0
    endloop
  endfacet
  facet normal 0 0 -1
    outer loop
      vertex -16.4251 -12.0802 0
      vertex -12.1693 -12.3694 0
      vertex -12.0691 -12.7692 0
    endloop
  endfacet
  facet normal 0 0 -1
    outer loop
      vertex -16.6376 -12.4778 0
      vertex -12.0691 -12.7692 0
      vertex -11.9303 -13.1573 0
    endloop
  endfacet
  facet normal 0 0 -1
    outer loop
      vertex -16.7721 -12.6591 0
      vertex -11.9303 -13.1573 0
      vertex -11.7541 -13.5299 0
    endloop
  endfacet
  facet normal 0 0 -1
    outer loop
      vertex -16.9237 -12.8263 0
      vertex -11.7541 -13.5299 0
      vertex -11.5422 -13.8834 0
    endloop
  endfacet
  facet normal 0 0 -1
    outer loop
      vertex -17.2722 -13.1124 0
      vertex -11.5422 -13.8834 0
      vertex -11.2966 -14.2144 0
    endloop
  endfacet
  facet normal 0 0 -1
    outer loop
      vertex -18 -20.5 0
      vertex -11.2966 -14.2144 0
      vertex -11.0198 -14.5198 0
    endloop
  endfacet
  facet normal 0 0 -1
    outer loop
      vertex -18 -20.5 0
      vertex -11.0198 -14.5198 0
      vertex -10.7144 -14.7966 0
    endloop
  endfacet
  facet normal 0 0 -1
    outer loop
      vertex -18 -20.5 0
      vertex -10.7144 -14.7966 0
      vertex -10.3834 -15.0422 0
    endloop
  endfacet
  facet normal 0 0 -1
    outer loop
      vertex -12.25 -11.55 0
      vertex -16.2611 -11.4254 0
      vertex -16.25 -11.2 0
    endloop
  endfacet
  facet normal 0 0 -1
    outer loop
      vertex -12.2298 -11.9617 0
      vertex -16.2942 -11.6487 0
      vertex -16.2611 -11.4254 0
    endloop
  endfacet
  facet normal 0 0 -1
    outer loop
      vertex -18 -20.5 0
      vertex -10.3834 -15.0422 0
      vertex -10.0299 -15.2541 0
    endloop
  endfacet
  facet normal 0 0 -1
    outer loop
      vertex -12.2298 -11.9617 0
      vertex -16.349 -11.8676 0
      vertex -16.2942 -11.6487 0
    endloop
  endfacet
  facet normal 0 0 -1
    outer loop
      vertex -12.1693 -12.3694 0
      vertex -16.4251 -12.0802 0
      vertex -16.349 -11.8676 0
    endloop
  endfacet
  facet normal 0 0 -1
    outer loop
      vertex -12.0691 -12.7692 0
      vertex -16.5216 -12.2842 0
      vertex -16.4251 -12.0802 0
    endloop
  endfacet
  facet normal 0 0 -1
    outer loop
      vertex -18 -20.5 0
      vertex -10.0299 -15.2541 0
      vertex -9.65726 -15.4303 0
    endloop
  endfacet
  facet normal 0 0 -1
    outer loop
      vertex -12.0691 -12.7692 0
      vertex -16.6376 -12.4778 0
      vertex -16.5216 -12.2842 0
    endloop
  endfacet
  facet normal 0 0 -1
    outer loop
      vertex -11.9303 -13.1573 0
      vertex -16.7721 -12.6591 0
      vertex -16.6376 -12.4778 0
    endloop
  endfacet
  facet normal 0 0 -1
    outer loop
      vertex -11.7541 -13.5299 0
      vertex -16.9237 -12.8263 0
      vertex -16.7721 -12.6591 0
    endloop
  endfacet
  facet normal 0 0 -1
    outer loop
      vertex -11.5422 -13.8834 0
      vertex -17.0909 -12.9779 0
      vertex -16.9237 -12.8263 0
    endloop
  endfacet
  facet normal 0 0 -1
    outer loop
      vertex -18 -20.5 0
      vertex -9.65726 -15.4303 0
      vertex -9.26918 -15.5691 0
    endloop
  endfacet
  facet normal 0 0 -1
    outer loop
      vertex -11.5422 -13.8834 0
      vertex -17.2722 -13.1124 0
      vertex -17.0909 -12.9779 0
    endloop
  endfacet
  facet normal -0 0 -1
    outer loop
      vertex -11.2966 -14.2144 0
      vertex -18 -20.5 0
      vertex -17.2722 -13.1124 0
    endloop
  endfacet
  facet normal 0 0 -1
    outer loop
      vertex -17.2722 -13.1124 0
      vertex -18 -20.5 0
      vertex -17.4658 -13.2284 0
    endloop
  endfacet
  facet normal 0 0 -1
    outer loop
      vertex -17.4658 -13.2284 0
      vertex -18 -20.5 0
      vertex -17.6698 -13.3249 0
    endloop
  endfacet
  facet normal -0 0 -1
    outer loop
      vertex -8.46165 -15.7298 0
      vertex -18 -20.5 0
      vertex -8.86937 -15.6693 0
    endloop
  endfacet
  facet normal 0 0 -1
    outer loop
      vertex -18 -20.5 0
      vertex -9.26918 -15.5691 0
      vertex -8.86937 -15.6693 0
    endloop
  endfacet
  facet normal 0 0 -1
    outer loop
      vertex -17.6698 -13.3249 0
      vertex -18 -20.5 0
      vertex -17.8824 -13.401 0
    endloop
  endfacet
  facet normal 0 0 -1
    outer loop
      vertex -18 -20.5 0
      vertex -18.1013 -13.4558 0
      vertex -17.8824 -13.401 0
    endloop
  endfacet
  facet normal 0 0 -1
    outer loop
      vertex -18 -20.5 0
      vertex -18.3246 -13.4889 0
      vertex -18.1013 -13.4558 0
    endloop
  endfacet
  facet normal 0 0 -1
    outer loop
      vertex -18.4901 -20.4759 0
      vertex -18.3246 -13.4889 0
      vertex -18 -20.5 0
    endloop
  endfacet
  facet normal 0 0 -1
    outer loop
      vertex -18.9754 -20.4039 0
      vertex -18.3246 -13.4889 0
      vertex -18.4901 -20.4759 0
    endloop
  endfacet
  facet normal 0 0 -1
    outer loop
      vertex -18.3246 -13.4889 0
      vertex -18.9754 -20.4039 0
      vertex -18.55 -13.5 0
    endloop
  endfacet
  facet normal 0 0 -1
    outer loop
      vertex -19.4514 -20.2847 0
      vertex -18.55 -13.5 0
      vertex -18.9754 -20.4039 0
    endloop
  endfacet
  facet normal 0 0 -1
    outer loop
      vertex -19.9134 -20.1194 0
      vertex -18.55 -13.5 0
      vertex -19.4514 -20.2847 0
    endloop
  endfacet
  facet normal 0 0 -1
    outer loop
      vertex -20.357 -19.9096 0
      vertex -18.55 -13.5 0
      vertex -19.9134 -20.1194 0
    endloop
  endfacet
  facet normal 0 0 -1
    outer loop
      vertex -20.7778 -19.6573 0
      vertex -18.55 -13.5 0
      vertex -20.357 -19.9096 0
    endloop
  endfacet
  facet normal -0 0 -1
    outer loop
      vertex -18.55 -13.5 0
      vertex -20.7778 -19.6573 0
      vertex -19.45 -13.5 0
    endloop
  endfacet
  facet normal 0 0 -1
    outer loop
      vertex -21.172 -19.3651 0
      vertex -19.45 -13.5 0
      vertex -20.7778 -19.6573 0
    endloop
  endfacet
  facet normal 0 0 -1
    outer loop
      vertex -21.5355 -19.0355 0
      vertex -19.45 -13.5 0
      vertex -21.172 -19.3651 0
    endloop
  endfacet
  facet normal 0 0 -1
    outer loop
      vertex -21.8651 -18.672 0
      vertex -19.45 -13.5 0
      vertex -21.5355 -19.0355 0
    endloop
  endfacet
  facet normal 0 0 -1
    outer loop
      vertex -22.1573 -18.2778 0
      vertex -19.45 -13.5 0
      vertex -21.8651 -18.672 0
    endloop
  endfacet
  facet normal -0 0 -1
    outer loop
      vertex -19.45 -13.5 0
      vertex -22.1573 -18.2778 0
      vertex -19.6754 -13.4889 0
    endloop
  endfacet
  facet normal 0 0 -1
    outer loop
      vertex -22.4096 -17.857 0
      vertex -19.6754 -13.4889 0
      vertex -22.1573 -18.2778 0
    endloop
  endfacet
  facet normal 0 0 -1
    outer loop
      vertex -22.6194 -17.4134 0
      vertex -19.6754 -13.4889 0
      vertex -22.4096 -17.857 0
    endloop
  endfacet
  facet normal 0 0 -1
    outer loop
      vertex -22.7847 -16.9514 0
      vertex -19.6754 -13.4889 0
      vertex -22.6194 -17.4134 0
    endloop
  endfacet
  facet normal -0 0 -1
    outer loop
      vertex -19.6754 -13.4889 0
      vertex -22.7847 -16.9514 0
      vertex -19.8987 -13.4558 0
    endloop
  endfacet
  facet normal 0 0 -1
    outer loop
      vertex -22.9039 -16.4754 0
      vertex -19.8987 -13.4558 0
      vertex -22.7847 -16.9514 0
    endloop
  endfacet
  facet normal 0 0 -1
    outer loop
      vertex -22.9759 -15.9901 0
      vertex -19.8987 -13.4558 0
      vertex -22.9039 -16.4754 0
    endloop
  endfacet
  facet normal -0 0 -1
    outer loop
      vertex -19.8987 -13.4558 0
      vertex -22.9759 -15.9901 0
      vertex -20.1176 -13.401 0
    endloop
  endfacet
  facet normal 0 0 -1
    outer loop
      vertex -23 -15.5 0
      vertex -20.1176 -13.401 0
      vertex -22.9759 -15.9901 0
    endloop
  endfacet
  facet normal -0 0 -1
    outer loop
      vertex -20.1176 -13.401 0
      vertex -23 -15.5 0
      vertex -20.3302 -13.3249 0
    endloop
  endfacet
  facet normal -0 0 -1
    outer loop
      vertex -21.4784 -12.2842 0
      vertex -23 -15.5 0
      vertex -21.5749 -12.0802 0
    endloop
  endfacet
  facet normal -0 0 -1
    outer loop
      vertex -21.5749 -12.0802 0
      vertex -23 -15.5 0
      vertex -21.651 -11.8676 0
    endloop
  endfacet
  facet normal -0 0 -1
    outer loop
      vertex -21.651 -11.8676 0
      vertex -23 -15.5 0
      vertex -21.7058 -11.6487 0
    endloop
  endfacet
  facet normal -0 0 -1
    outer loop
      vertex -21.7058 -11.6487 0
      vertex -23 -15.5 0
      vertex -21.7389 -11.4254 0
    endloop
  endfacet
  facet normal -0 0 -1
    outer loop
      vertex -21.7389 -11.4254 0
      vertex -23 -15.5 0
      vertex -21.75 -11.2 0
    endloop
  endfacet
  facet normal -0 0 -1
    outer loop
      vertex -20.3302 -13.3249 0
      vertex -23 -15.5 0
      vertex -20.5342 -13.2284 0
    endloop
  endfacet
  facet normal 0 0 -1
    outer loop
      vertex 21.2279 12.6591 0
      vertex 23 15.5 0
      vertex 21.3624 12.4778 0
    endloop
  endfacet
  facet normal 0 0 -1
    outer loop
      vertex 21.0763 12.8263 0
      vertex 23 15.5 0
      vertex 21.2279 12.6591 0
    endloop
  endfacet
  facet normal 0 0 -1
    outer loop
      vertex 20.9091 12.9779 0
      vertex 23 15.5 0
      vertex 21.0763 12.8263 0
    endloop
  endfacet
  facet normal 0 0 -1
    outer loop
      vertex 20.7278 13.1124 0
      vertex 23 15.5 0
      vertex 20.9091 12.9779 0
    endloop
  endfacet
  facet normal 0 0 -1
    outer loop
      vertex 20.5342 13.2284 0
      vertex 23 15.5 0
      vertex 20.7278 13.1124 0
    endloop
  endfacet
  facet normal 0 0 -1
    outer loop
      vertex 20.3302 13.3249 0
      vertex 23 15.5 0
      vertex 20.5342 13.2284 0
    endloop
  endfacet
  facet normal 0 0 -1
    outer loop
      vertex 20.1176 13.401 0
      vertex 23 15.5 0
      vertex 20.3302 13.3249 0
    endloop
  endfacet
  facet normal -0 0 -1
    outer loop
      vertex 23 15.5 0
      vertex 20.1176 13.401 0
      vertex 22.9759 15.9901 0
    endloop
  endfacet
  facet normal 0 0 -1
    outer loop
      vertex 19.8987 13.4558 0
      vertex 22.9759 15.9901 0
      vertex 20.1176 13.401 0
    endloop
  endfacet
  facet normal -0 0 -1
    outer loop
      vertex 22.9759 15.9901 0
      vertex 19.8987 13.4558 0
      vertex 22.9039 16.4754 0
    endloop
  endfacet
  facet normal -0 0 -1
    outer loop
      vertex 22.9039 16.4754 0
      vertex 19.8987 13.4558 0
      vertex 22.7847 16.9514 0
    endloop
  endfacet
  facet normal 0 0 -1
    outer loop
      vertex 19.6754 13.4889 0
      vertex 22.7847 16.9514 0
      vertex 19.8987 13.4558 0
    endloop
  endfacet
  facet normal -0 0 -1
    outer loop
      vertex 22.7847 16.9514 0
      vertex 19.6754 13.4889 0
      vertex 22.6194 17.4134 0
    endloop
  endfacet
  facet normal -0 0 -1
    outer loop
      vertex 22.6194 17.4134 0
      vertex 19.6754 13.4889 0
      vertex 22.4096 17.857 0
    endloop
  endfacet
  facet normal -0 0 -1
    outer loop
      vertex 22.4096 17.857 0
      vertex 19.6754 13.4889 0
      vertex 22.1573 18.2778 0
    endloop
  endfacet
  facet normal 0 0 -1
    outer loop
      vertex 19.45 13.5 0
      vertex 22.1573 18.2778 0
      vertex 19.6754 13.4889 0
    endloop
  endfacet
  facet normal -0 0 -1
    outer loop
      vertex 22.1573 18.2778 0
      vertex 19.45 13.5 0
      vertex 21.8651 18.672 0
    endloop
  endfacet
  facet normal -0 0 -1
    outer loop
      vertex 21.8651 18.672 0
      vertex 19.45 13.5 0
      vertex 21.5355 19.0355 0
    endloop
  endfacet
  facet normal -0 0 -1
    outer loop
      vertex 21.5355 19.0355 0
      vertex 19.45 13.5 0
      vertex 21.172 19.3651 0
    endloop
  endfacet
  facet normal -0 0 -1
    outer loop
      vertex 21.172 19.3651 0
      vertex 19.45 13.5 0
      vertex 20.7778 19.6573 0
    endloop
  endfacet
  facet normal 0 0 -1
    outer loop
      vertex 18.55 13.5 0
      vertex 20.7778 19.6573 0
      vertex 19.45 13.5 0
    endloop
  endfacet
  facet normal -0 0 -1
    outer loop
      vertex 20.7778 19.6573 0
      vertex 18.55 13.5 0
      vertex 20.357 19.9096 0
    endloop
  endfacet
  facet normal -0 0 -1
    outer loop
      vertex 20.357 19.9096 0
      vertex 18.55 13.5 0
      vertex 19.9134 20.1194 0
    endloop
  endfacet
  facet normal -0 0 -1
    outer loop
      vertex 19.9134 20.1194 0
      vertex 18.55 13.5 0
      vertex 19.4514 20.2847 0
    endloop
  endfacet
  facet normal -0 0 -1
    outer loop
      vertex 19.4514 20.2847 0
      vertex 18.55 13.5 0
      vertex 18.9754 20.4039 0
    endloop
  endfacet
  facet normal 0 0 -1
    outer loop
      vertex 18.3246 13.4889 0
      vertex 18.9754 20.4039 0
      vertex 18.55 13.5 0
    endloop
  endfacet
  facet normal -0 0 -1
    outer loop
      vertex 18.9754 20.4039 0
      vertex 18.3246 13.4889 0
      vertex 18.4901 20.4759 0
    endloop
  endfacet
  facet normal 0 0 -1
    outer loop
      vertex 18 20.5 0
      vertex 18.3246 13.4889 0
      vertex 18.1013 13.4558 0
    endloop
  endfacet
  facet normal 0 0 -1
    outer loop
      vertex 18.3246 13.4889 0
      vertex 18 20.5 0
      vertex 18.4901 20.4759 0
    endloop
  endfacet
  facet normal 0 0 -1
    outer loop
      vertex 17.8824 13.401 0
      vertex 18 20.5 0
      vertex 18.1013 13.4558 0
    endloop
  endfacet
  facet normal 0 0 -1
    outer loop
      vertex 17.6698 13.3249 0
      vertex 18 20.5 0
      vertex 17.8824 13.401 0
    endloop
  endfacet
  facet normal 0 0 -1
    outer loop
      vertex 17.4658 13.2284 0
      vertex 18 20.5 0
      vertex 17.6698 13.3249 0
    endloop
  endfacet
  facet normal 0 0 -1
    outer loop
      vertex 17.2722 13.1124 0
      vertex 18 20.5 0
      vertex 17.4658 13.2284 0
    endloop
  endfacet
  facet normal 0 0 -1
    outer loop
      vertex 11.5422 13.8834 0
      vertex 17.2722 13.1124 0
      vertex 17.0909 12.9779 0
    endloop
  endfacet
  facet normal 0 0 -1
    outer loop
      vertex 11.5422 13.8834 0
      vertex 17.0909 12.9779 0
      vertex 16.9237 12.8263 0
    endloop
  endfacet
  facet normal 0 0 -1
    outer loop
      vertex 11.7541 13.5299 0
      vertex 16.9237 12.8263 0
      vertex 16.7721 12.6591 0
    endloop
  endfacet
  facet normal 0 0 -1
    outer loop
      vertex 11.9303 13.1573 0
      vertex 16.7721 12.6591 0
      vertex 16.6376 12.4778 0
    endloop
  endfacet
  facet normal 0 0 -1
    outer loop
      vertex 12.0691 12.7692 0
      vertex 16.6376 12.4778 0
      vertex 16.5216 12.2842 0
    endloop
  endfacet
  facet normal 0 0 -1
    outer loop
      vertex 12.0691 12.7692 0
      vertex 16.5216 12.2842 0
      vertex 16.4251 12.0802 0
    endloop
  endfacet
  facet normal 0 0 -1
    outer loop
      vertex 12.1693 12.3694 0
      vertex 16.4251 12.0802 0
      vertex 16.349 11.8676 0
    endloop
  endfacet
  facet normal 0 0 -1
    outer loop
      vertex 12.2298 11.9617 0
      vertex 16.349 11.8676 0
      vertex 16.2942 11.6487 0
    endloop
  endfacet
  facet normal 0 0 -1
    outer loop
      vertex 12.25 11.55 0
      vertex 16.25 11.2 0
      vertex 12.25 -11.55 0
    endloop
  endfacet
  facet normal 0 0 -1
    outer loop
      vertex 16.25 11.2 0
      vertex 12.25 11.55 0
      vertex 16.2611 11.4254 0
    endloop
  endfacet
  facet normal 0 0 -1
    outer loop
      vertex 16.2611 11.4254 0
      vertex 12.25 11.55 0
      vertex 16.2942 11.6487 0
    endloop
  endfacet
  facet normal 0 0 -1
    outer loop
      vertex 12.2298 11.9617 0
      vertex 16.2942 11.6487 0
      vertex 12.25 11.55 0
    endloop
  endfacet
  facet normal 0 0 -1
    outer loop
      vertex 16.349 11.8676 0
      vertex 12.2298 11.9617 0
      vertex 12.1693 12.3694 0
    endloop
  endfacet
  facet normal 0 0 -1
    outer loop
      vertex 16.4251 12.0802 0
      vertex 12.1693 12.3694 0
      vertex 12.0691 12.7692 0
    endloop
  endfacet
  facet normal 0 0 -1
    outer loop
      vertex 16.6376 12.4778 0
      vertex 12.0691 12.7692 0
      vertex 11.9303 13.1573 0
    endloop
  endfacet
  facet normal 0 0 -1
    outer loop
      vertex 16.7721 12.6591 0
      vertex 11.9303 13.1573 0
      vertex 11.7541 13.5299 0
    endloop
  endfacet
  facet normal 0 0 -1
    outer loop
      vertex 16.9237 12.8263 0
      vertex 11.7541 13.5299 0
      vertex 11.5422 13.8834 0
    endloop
  endfacet
  facet normal 0 0 -1
    outer loop
      vertex 17.2722 13.1124 0
      vertex 11.5422 13.8834 0
      vertex 11.2966 14.2144 0
    endloop
  endfacet
  facet normal 0 0 -1
    outer loop
      vertex 17.2722 13.1124 0
      vertex 11.2966 14.2144 0
      vertex 18 20.5 0
    endloop
  endfacet
  facet normal 0 0 -1
    outer loop
      vertex 11.0198 14.5198 0
      vertex 18 20.5 0
      vertex 11.2966 14.2144 0
    endloop
  endfacet
  facet normal 0 0 -1
    outer loop
      vertex 10.7144 14.7966 0
      vertex 18 20.5 0
      vertex 11.0198 14.5198 0
    endloop
  endfacet
  facet normal 0 0 -1
    outer loop
      vertex 10.3834 15.0422 0
      vertex 18 20.5 0
      vertex 10.7144 14.7966 0
    endloop
  endfacet
  facet normal 0 0 -1
    outer loop
      vertex 10.0299 15.2541 0
      vertex 18 20.5 0
      vertex 10.3834 15.0422 0
    endloop
  endfacet
  facet normal 0 0 -1
    outer loop
      vertex 9.65726 15.4303 0
      vertex 18 20.5 0
      vertex 10.0299 15.2541 0
    endloop
  endfacet
  facet normal 0 0 -1
    outer loop
      vertex 9.26918 15.5691 0
      vertex 18 20.5 0
      vertex 9.65726 15.4303 0
    endloop
  endfacet
  facet normal 0 0 -1
    outer loop
      vertex 8.86937 15.6693 0
      vertex 18 20.5 0
      vertex 9.26918 15.5691 0
    endloop
  endfacet
  facet normal 0 0 -1
    outer loop
      vertex 8.46165 15.7298 0
      vertex 18 20.5 0
      vertex 8.86937 15.6693 0
    endloop
  endfacet
  facet normal 0 0 -1
    outer loop
      vertex 8.04999 15.75 0
      vertex 18 20.5 0
      vertex 8.46165 15.7298 0
    endloop
  endfacet
  facet normal 0 0 -1
    outer loop
      vertex -8.04999 15.75 0
      vertex 18 20.5 0
      vertex 8.04999 15.75 0
    endloop
  endfacet
  facet normal 0 0 -1
    outer loop
      vertex -18 20.5 0
      vertex -8.04999 15.75 0
      vertex -8.46165 15.7298 0
    endloop
  endfacet
  facet normal 0 0 -1
    outer loop
      vertex -18 20.5 0
      vertex -8.46165 15.7298 0
      vertex -8.86937 15.6693 0
    endloop
  endfacet
  facet normal 0 0 -1
    outer loop
      vertex -16.25 11.2 0
      vertex -12.25 11.55 0
      vertex -16.25 -11.2 0
    endloop
  endfacet
  facet normal 0 0 -1
    outer loop
      vertex -16.2611 11.4254 0
      vertex -12.25 11.55 0
      vertex -16.25 11.2 0
    endloop
  endfacet
  facet normal -0 0 -1
    outer loop
      vertex -12.25 11.55 0
      vertex -16.2611 11.4254 0
      vertex -12.2298 11.9617 0
    endloop
  endfacet
  facet normal 0 0 -1
    outer loop
      vertex -16.2942 11.6487 0
      vertex -12.2298 11.9617 0
      vertex -16.2611 11.4254 0
    endloop
  endfacet
  facet normal 0 0 -1
    outer loop
      vertex -16.349 11.8676 0
      vertex -12.2298 11.9617 0
      vertex -16.2942 11.6487 0
    endloop
  endfacet
  facet normal -0 0 -1
    outer loop
      vertex -12.2298 11.9617 0
      vertex -16.349 11.8676 0
      vertex -12.1693 12.3694 0
    endloop
  endfacet
  facet normal 0 0 -1
    outer loop
      vertex -16.4251 12.0802 0
      vertex -12.1693 12.3694 0
      vertex -16.349 11.8676 0
    endloop
  endfacet
  facet normal -0 0 -1
    outer loop
      vertex -12.1693 12.3694 0
      vertex -16.4251 12.0802 0
      vertex -12.0691 12.7692 0
    endloop
  endfacet
  facet normal 0 0 -1
    outer loop
      vertex -16.5216 12.2842 0
      vertex -12.0691 12.7692 0
      vertex -16.4251 12.0802 0
    endloop
  endfacet
  facet normal 0 0 -1
    outer loop
      vertex -16.6376 12.4778 0
      vertex -12.0691 12.7692 0
      vertex -16.5216 12.2842 0
    endloop
  endfacet
  facet normal -0 0 -1
    outer loop
      vertex -12.0691 12.7692 0
      vertex -16.6376 12.4778 0
      vertex -11.9303 13.1573 0
    endloop
  endfacet
  facet normal 0 0 -1
    outer loop
      vertex -16.7721 12.6591 0
      vertex -11.9303 13.1573 0
      vertex -16.6376 12.4778 0
    endloop
  endfacet
  facet normal -0 0 -1
    outer loop
      vertex -11.9303 13.1573 0
      vertex -16.7721 12.6591 0
      vertex -11.7541 13.5299 0
    endloop
  endfacet
  facet normal 0 0 -1
    outer loop
      vertex -16.9237 12.8263 0
      vertex -11.7541 13.5299 0
      vertex -16.7721 12.6591 0
    endloop
  endfacet
  facet normal -0 0 -1
    outer loop
      vertex -11.7541 13.5299 0
      vertex -16.9237 12.8263 0
      vertex -11.5422 13.8834 0
    endloop
  endfacet
  facet normal 0 0 -1
    outer loop
      vertex -17.0909 12.9779 0
      vertex -11.5422 13.8834 0
      vertex -16.9237 12.8263 0
    endloop
  endfacet
  facet normal 0 0 -1
    outer loop
      vertex -17.2722 13.1124 0
      vertex -11.5422 13.8834 0
      vertex -17.0909 12.9779 0
    endloop
  endfacet
  facet normal -0 0 -1
    outer loop
      vertex -11.5422 13.8834 0
      vertex -17.2722 13.1124 0
      vertex -11.2966 14.2144 0
    endloop
  endfacet
  facet normal 0 0 -1
    outer loop
      vertex -18 20.5 0
      vertex -11.2966 14.2144 0
      vertex -17.2722 13.1124 0
    endloop
  endfacet
  facet normal 0 0 -1
    outer loop
      vertex -11.2966 14.2144 0
      vertex -18 20.5 0
      vertex -11.0198 14.5198 0
    endloop
  endfacet
  facet normal 0 0 -1
    outer loop
      vertex -11.0198 14.5198 0
      vertex -18 20.5 0
      vertex -10.7144 14.7966 0
    endloop
  endfacet
  facet normal 0 0 -1
    outer loop
      vertex -10.7144 14.7966 0
      vertex -18 20.5 0
      vertex -10.3834 15.0422 0
    endloop
  endfacet
  facet normal 0 0 -1
    outer loop
      vertex -10.3834 15.0422 0
      vertex -18 20.5 0
      vertex -10.0299 15.2541 0
    endloop
  endfacet
  facet normal 0 0 -1
    outer loop
      vertex -10.0299 15.2541 0
      vertex -18 20.5 0
      vertex -9.65726 15.4303 0
    endloop
  endfacet
  facet normal 0 0 -1
    outer loop
      vertex -18 20.5 0
      vertex -17.2722 13.1124 0
      vertex -17.4658 13.2284 0
    endloop
  endfacet
  facet normal 0 0 -1
    outer loop
      vertex -18 20.5 0
      vertex -17.4658 13.2284 0
      vertex -17.6698 13.3249 0
    endloop
  endfacet
  facet normal 0 0 -1
    outer loop
      vertex -18 20.5 0
      vertex -17.6698 13.3249 0
      vertex -17.8824 13.401 0
    endloop
  endfacet
  facet normal 0 0 -1
    outer loop
      vertex -8.04999 15.75 0
      vertex -18 20.5 0
      vertex 18 20.5 0
    endloop
  endfacet
  facet normal 0 0 -1
    outer loop
      vertex -9.26918 15.5691 0
      vertex -18 20.5 0
      vertex -8.86937 15.6693 0
    endloop
  endfacet
  facet normal 0 0 -1
    outer loop
      vertex -9.65726 15.4303 0
      vertex -18 20.5 0
      vertex -9.26918 15.5691 0
    endloop
  endfacet
  facet normal 0 0 -1
    outer loop
      vertex -18.1013 13.4558 0
      vertex -18 20.5 0
      vertex -17.8824 13.401 0
    endloop
  endfacet
  facet normal 0 0 -1
    outer loop
      vertex -18.3246 13.4889 0
      vertex -18 20.5 0
      vertex -18.1013 13.4558 0
    endloop
  endfacet
  facet normal 0 0 -1
    outer loop
      vertex -18.3246 13.4889 0
      vertex -18.4901 20.4759 0
      vertex -18 20.5 0
    endloop
  endfacet
  facet normal 0 0 -1
    outer loop
      vertex -18.9754 20.4039 0
      vertex -18.3246 13.4889 0
      vertex -18.55 13.5 0
    endloop
  endfacet
  facet normal 0 0 -1
    outer loop
      vertex -18.3246 13.4889 0
      vertex -18.9754 20.4039 0
      vertex -18.4901 20.4759 0
    endloop
  endfacet
  facet normal 0 0 -1
    outer loop
      vertex -20.7778 19.6573 0
      vertex -18.55 13.5 0
      vertex -19.45 13.5 0
    endloop
  endfacet
  facet normal 0 0 -1
    outer loop
      vertex -18.55 13.5 0
      vertex -19.4514 20.2847 0
      vertex -18.9754 20.4039 0
    endloop
  endfacet
  facet normal 0 0 -1
    outer loop
      vertex -22.1573 18.2778 0
      vertex -19.45 13.5 0
      vertex -19.6754 13.4889 0
    endloop
  endfacet
  facet normal 0 0 -1
    outer loop
      vertex -22.7847 16.9514 0
      vertex -19.6754 13.4889 0
      vertex -19.8987 13.4558 0
    endloop
  endfacet
  facet normal 0 0 -1
    outer loop
      vertex -18.55 13.5 0
      vertex -19.9134 20.1194 0
      vertex -19.4514 20.2847 0
    endloop
  endfacet
  facet normal 0 0 -1
    outer loop
      vertex -22.9759 15.9901 0
      vertex -19.8987 13.4558 0
      vertex -20.1176 13.401 0
    endloop
  endfacet
  facet normal 0 0 -1
    outer loop
      vertex -23 15.5 0
      vertex -20.1176 13.401 0
      vertex -20.3302 13.3249 0
    endloop
  endfacet
  facet normal 0 0 -1
    outer loop
      vertex -18.55 13.5 0
      vertex -20.357 19.9096 0
      vertex -19.9134 20.1194 0
    endloop
  endfacet
  facet normal 0 0 -1
    outer loop
      vertex -23 15.5 0
      vertex -20.3302 13.3249 0
      vertex -20.5342 13.2284 0
    endloop
  endfacet
  facet normal 0 0 -1
    outer loop
      vertex -23 15.5 0
      vertex -20.5342 13.2284 0
      vertex -20.7278 13.1124 0
    endloop
  endfacet
  facet normal 0 0 -1
    outer loop
      vertex -18.55 13.5 0
      vertex -20.7778 19.6573 0
      vertex -20.357 19.9096 0
    endloop
  endfacet
  facet normal 0 0 -1
    outer loop
      vertex -23 15.5 0
      vertex -20.7278 13.1124 0
      vertex -20.9091 12.9779 0
    endloop
  endfacet
  facet normal 0 0 -1
    outer loop
      vertex -23 15.5 0
      vertex -20.9091 12.9779 0
      vertex -21.0763 12.8263 0
    endloop
  endfacet
  facet normal 0 0 -1
    outer loop
      vertex -19.45 13.5 0
      vertex -21.172 19.3651 0
      vertex -20.7778 19.6573 0
    endloop
  endfacet
  facet normal 0 0 -1
    outer loop
      vertex -23 15.5 0
      vertex -21.0763 12.8263 0
      vertex -21.2279 12.6591 0
    endloop
  endfacet
  facet normal 0 0 -1
    outer loop
      vertex -23 15.5 0
      vertex -21.2279 12.6591 0
      vertex -21.3624 12.4778 0
    endloop
  endfacet
  facet normal 0 0 -1
    outer loop
      vertex -23 15.5 0
      vertex -21.3624 12.4778 0
      vertex -21.4784 12.2842 0
    endloop
  endfacet
  facet normal 0 0 -1
    outer loop
      vertex -19.45 13.5 0
      vertex -21.5355 19.0355 0
      vertex -21.172 19.3651 0
    endloop
  endfacet
  facet normal 0 0 -1
    outer loop
      vertex -23 15.5 0
      vertex -21.4784 12.2842 0
      vertex -21.5749 12.0802 0
    endloop
  endfacet
  facet normal 0 0 -1
    outer loop
      vertex -23 15.5 0
      vertex -21.5749 12.0802 0
      vertex -21.651 11.8676 0
    endloop
  endfacet
  facet normal 0 0 -1
    outer loop
      vertex -23 15.5 0
      vertex -21.651 11.8676 0
      vertex -21.7058 11.6487 0
    endloop
  endfacet
  facet normal 0 0 -1
    outer loop
      vertex -23 15.5 0
      vertex -21.7058 11.6487 0
      vertex -21.7389 11.4254 0
    endloop
  endfacet
  facet normal 0 0 -1
    outer loop
      vertex -23 15.5 0
      vertex -21.7389 11.4254 0
      vertex -21.75 11.2 0
    endloop
  endfacet
  facet normal 0 0 -1
    outer loop
      vertex -20.1176 13.401 0
      vertex -23 15.5 0
      vertex -22.9759 15.9901 0
    endloop
  endfacet
  facet normal -0 0 -1
    outer loop
      vertex -21.75 -11.2 0
      vertex -23 -15.5 0
      vertex -21.75 11.2 0
    endloop
  endfacet
  facet normal -0 0 -1
    outer loop
      vertex -20.5342 -13.2284 0
      vertex -23 -15.5 0
      vertex -20.7278 -13.1124 0
    endloop
  endfacet
  facet normal 0 0 -1
    outer loop
      vertex -23 15.5 0
      vertex -21.75 11.2 0
      vertex -23 -15.5 0
    endloop
  endfacet
  facet normal -0 0 -1
    outer loop
      vertex -20.7278 -13.1124 0
      vertex -23 -15.5 0
      vertex -20.9091 -12.9779 0
    endloop
  endfacet
  facet normal 0 0 -1
    outer loop
      vertex -19.45 13.5 0
      vertex -21.8651 18.672 0
      vertex -21.5355 19.0355 0
    endloop
  endfacet
  facet normal -0 0 -1
    outer loop
      vertex -20.9091 -12.9779 0
      vertex -23 -15.5 0
      vertex -21.0763 -12.8263 0
    endloop
  endfacet
  facet normal 0 0 -1
    outer loop
      vertex -19.45 13.5 0
      vertex -22.1573 18.2778 0
      vertex -21.8651 18.672 0
    endloop
  endfacet
  facet normal -0 0 -1
    outer loop
      vertex -21.0763 -12.8263 0
      vertex -23 -15.5 0
      vertex -21.2279 -12.6591 0
    endloop
  endfacet
  facet normal 0 0 -1
    outer loop
      vertex -19.6754 13.4889 0
      vertex -22.4096 17.857 0
      vertex -22.1573 18.2778 0
    endloop
  endfacet
  facet normal -0 0 -1
    outer loop
      vertex -21.2279 -12.6591 0
      vertex -23 -15.5 0
      vertex -21.3624 -12.4778 0
    endloop
  endfacet
  facet normal 0 0 -1
    outer loop
      vertex -19.6754 13.4889 0
      vertex -22.6194 17.4134 0
      vertex -22.4096 17.857 0
    endloop
  endfacet
  facet normal -0 0 -1
    outer loop
      vertex -21.3624 -12.4778 0
      vertex -23 -15.5 0
      vertex -21.4784 -12.2842 0
    endloop
  endfacet
  facet normal 0 0 -1
    outer loop
      vertex -19.6754 13.4889 0
      vertex -22.7847 16.9514 0
      vertex -22.6194 17.4134 0
    endloop
  endfacet
  facet normal 0 0 -1
    outer loop
      vertex -19.8987 13.4558 0
      vertex -22.9039 16.4754 0
      vertex -22.7847 16.9514 0
    endloop
  endfacet
  facet normal 0 0 -1
    outer loop
      vertex -19.8987 13.4558 0
      vertex -22.9759 15.9901 0
      vertex -22.9039 16.4754 0
    endloop
  endfacet
  facet normal 0.0491143 0.998793 -0
    outer loop
      vertex 18.4901 20.4759 0
      vertex 18 20.5 2.4
      vertex 18.4901 20.4759 2.4
    endloop
  endfacet
  facet normal 0.0491143 0.998793 0
    outer loop
      vertex 18 20.5 2.4
      vertex 18.4901 20.4759 0
      vertex 18 20.5 0
    endloop
  endfacet
  facet normal -0.941548 -0.336879 0
    outer loop
      vertex -22.6194 -17.4134 0
      vertex -22.7847 -16.9514 2.4
      vertex -22.7847 -16.9514 0
    endloop
  endfacet
  facet normal -0.941548 -0.336879 0
    outer loop
      vertex -22.7847 -16.9514 2.4
      vertex -22.6194 -17.4134 0
      vertex -22.6194 -17.4134 2.4
    endloop
  endfacet
  facet normal -0.970047 -0.242919 0
    outer loop
      vertex -22.7847 -16.9514 0
      vertex -22.9039 -16.4754 2.4
      vertex -22.9039 -16.4754 0
    endloop
  endfacet
  facet normal -0.970047 -0.242919 0
    outer loop
      vertex -22.9039 -16.4754 2.4
      vertex -22.7847 -16.9514 0
      vertex -22.7847 -16.9514 2.4
    endloop
  endfacet
  facet normal 0.803362 -0.595491 0
    outer loop
      vertex 21.8651 -18.672 2.4
      vertex 22.1573 -18.2778 0
      vertex 22.1573 -18.2778 2.4
    endloop
  endfacet
  facet normal 0.803362 -0.595491 0
    outer loop
      vertex 22.1573 -18.2778 0
      vertex 21.8651 -18.672 2.4
      vertex 21.8651 -18.672 0
    endloop
  endfacet
  facet normal 0.989173 -0.146755 0
    outer loop
      vertex 22.9039 -16.4754 2.4
      vertex 22.9759 -15.9901 0
      vertex 22.9759 -15.9901 2.4
    endloop
  endfacet
  facet normal 0.989173 -0.146755 0
    outer loop
      vertex 22.9759 -15.9901 0
      vertex 22.9039 -16.4754 2.4
      vertex 22.9039 -16.4754 0
    endloop
  endfacet
  facet normal 0.970047 -0.242919 0
    outer loop
      vertex 22.7847 -16.9514 2.4
      vertex 22.9039 -16.4754 0
      vertex 22.9039 -16.4754 2.4
    endloop
  endfacet
  facet normal 0.970047 -0.242919 0
    outer loop
      vertex 22.9039 -16.4754 0
      vertex 22.7847 -16.9514 2.4
      vertex 22.7847 -16.9514 0
    endloop
  endfacet
  facet normal -0.998793 -0.0491143 0
    outer loop
      vertex -22.9759 -15.9901 0
      vertex -23 -15.5 2.4
      vertex -23 -15.5 0
    endloop
  endfacet
  facet normal -0.998793 -0.0491143 0
    outer loop
      vertex -23 -15.5 2.4
      vertex -22.9759 -15.9901 0
      vertex -22.9759 -15.9901 2.4
    endloop
  endfacet
  facet normal -0.989173 -0.146755 0
    outer loop
      vertex -22.9039 -16.4754 0
      vertex -22.9759 -15.9901 2.4
      vertex -22.9759 -15.9901 0
    endloop
  endfacet
  facet normal -0.989173 -0.146755 0
    outer loop
      vertex -22.9759 -15.9901 2.4
      vertex -22.9039 -16.4754 0
      vertex -22.9039 -16.4754 2.4
    endloop
  endfacet
  facet normal 0.336879 0.941548 -0
    outer loop
      vertex 19.9134 20.1194 0
      vertex 19.4514 20.2847 2.4
      vertex 19.9134 20.1194 2.4
    endloop
  endfacet
  facet normal 0.336879 0.941548 0
    outer loop
      vertex 19.4514 20.2847 2.4
      vertex 19.9134 20.1194 0
      vertex 19.4514 20.2847 0
    endloop
  endfacet
  facet normal 0.427543 -0.903995 0
    outer loop
      vertex 19.9134 -20.1194 0
      vertex 20.357 -19.9096 2.4
      vertex 19.9134 -20.1194 2.4
    endloop
  endfacet
  facet normal 0.427543 -0.903995 0
    outer loop
      vertex 20.357 -19.9096 2.4
      vertex 19.9134 -20.1194 0
      vertex 20.357 -19.9096 0
    endloop
  endfacet
  facet normal 0.514226 -0.857655 0
    outer loop
      vertex 20.357 -19.9096 0
      vertex 20.7778 -19.6573 2.4
      vertex 20.357 -19.9096 2.4
    endloop
  endfacet
  facet normal 0.514226 -0.857655 0
    outer loop
      vertex 20.7778 -19.6573 2.4
      vertex 20.357 -19.9096 0
      vertex 20.7778 -19.6573 0
    endloop
  endfacet
  facet normal 0 0 1
    outer loop
      vertex -16.53 -12.2982 2.4
      vertex -16.6376 -12.4778 2.4
      vertex -16.53 -14 2.4
    endloop
  endfacet
  facet normal -0 0 1
    outer loop
      vertex -16.25 8.4 2.4
      vertex -14.98 -8.4 2.4
      vertex -14.98 8.4 2.4
    endloop
  endfacet
  facet normal 0 0 1
    outer loop
      vertex -14.98 -8.4 2.4
      vertex -16.25 8.4 2.4
      vertex -16.25 -8.4 2.4
    endloop
  endfacet
  facet normal 0 0 1
    outer loop
      vertex 20.1176 13.401 2.4
      vertex 23 15.5 2.4
      vertex 22.9759 15.9901 2.4
    endloop
  endfacet
  facet normal 0 0 1
    outer loop
      vertex 23 15.5 2.4
      vertex 21.75 11.2 2.4
      vertex 23 -15.5 2.4
    endloop
  endfacet
  facet normal 0 0 1
    outer loop
      vertex 19.8987 13.4558 2.4
      vertex 22.9759 15.9901 2.4
      vertex 22.9039 16.4754 2.4
    endloop
  endfacet
  facet normal -0 0 1
    outer loop
      vertex 21.75 -11.2 2.4
      vertex 23 -15.5 2.4
      vertex 21.75 11.2 2.4
    endloop
  endfacet
  facet normal 0 0 1
    outer loop
      vertex 19.8987 13.4558 2.4
      vertex 22.9039 16.4754 2.4
      vertex 22.7847 16.9514 2.4
    endloop
  endfacet
  facet normal -0 0 1
    outer loop
      vertex 21.7389 -11.4254 2.4
      vertex 23 -15.5 2.4
      vertex 21.75 -11.2 2.4
    endloop
  endfacet
  facet normal 0 0 1
    outer loop
      vertex 19.6754 13.4889 2.4
      vertex 22.7847 16.9514 2.4
      vertex 22.6194 17.4134 2.4
    endloop
  endfacet
  facet normal -0 0 1
    outer loop
      vertex 21.7058 -11.6487 2.4
      vertex 23 -15.5 2.4
      vertex 21.7389 -11.4254 2.4
    endloop
  endfacet
  facet normal 0 0 1
    outer loop
      vertex 19.6754 13.4889 2.4
      vertex 22.6194 17.4134 2.4
      vertex 22.4096 17.857 2.4
    endloop
  endfacet
  facet normal -0 0 1
    outer loop
      vertex 21.651 -11.8676 2.4
      vertex 23 -15.5 2.4
      vertex 21.7058 -11.6487 2.4
    endloop
  endfacet
  facet normal 0 0 1
    outer loop
      vertex 19.6754 13.4889 2.4
      vertex 22.4096 17.857 2.4
      vertex 22.1573 18.2778 2.4
    endloop
  endfacet
  facet normal -0 0 1
    outer loop
      vertex 21.5749 -12.0802 2.4
      vertex 23 -15.5 2.4
      vertex 21.651 -11.8676 2.4
    endloop
  endfacet
  facet normal 0 0 1
    outer loop
      vertex 19.45 13.5 2.4
      vertex 22.1573 18.2778 2.4
      vertex 21.8651 18.672 2.4
    endloop
  endfacet
  facet normal -0 0 1
    outer loop
      vertex 21.4784 -12.2842 2.4
      vertex 23 -15.5 2.4
      vertex 21.5749 -12.0802 2.4
    endloop
  endfacet
  facet normal -0 0 1
    outer loop
      vertex 21.3624 -12.4778 2.4
      vertex 23 -15.5 2.4
      vertex 21.4784 -12.2842 2.4
    endloop
  endfacet
  facet normal 0 0 1
    outer loop
      vertex 23 15.5 2.4
      vertex 21.7389 11.4254 2.4
      vertex 21.75 11.2 2.4
    endloop
  endfacet
  facet normal 0 0 1
    outer loop
      vertex 23 15.5 2.4
      vertex 21.7058 11.6487 2.4
      vertex 21.7389 11.4254 2.4
    endloop
  endfacet
  facet normal 0 0 1
    outer loop
      vertex 23 15.5 2.4
      vertex 21.651 11.8676 2.4
      vertex 21.7058 11.6487 2.4
    endloop
  endfacet
  facet normal 0 0 1
    outer loop
      vertex 23 15.5 2.4
      vertex 21.5749 12.0802 2.4
      vertex 21.651 11.8676 2.4
    endloop
  endfacet
  facet normal 0 0 1
    outer loop
      vertex 19.45 13.5 2.4
      vertex 21.8651 18.672 2.4
      vertex 21.5355 19.0355 2.4
    endloop
  endfacet
  facet normal 0 0 1
    outer loop
      vertex 23 15.5 2.4
      vertex 21.4784 12.2842 2.4
      vertex 21.5749 12.0802 2.4
    endloop
  endfacet
  facet normal 0 0 1
    outer loop
      vertex 23 15.5 2.4
      vertex 21.3624 12.4778 2.4
      vertex 21.4784 12.2842 2.4
    endloop
  endfacet
  facet normal 0 0 1
    outer loop
      vertex 23 15.5 2.4
      vertex 21.2279 12.6591 2.4
      vertex 21.3624 12.4778 2.4
    endloop
  endfacet
  facet normal 0 0 1
    outer loop
      vertex 19.45 13.5 2.4
      vertex 21.5355 19.0355 2.4
      vertex 21.172 19.3651 2.4
    endloop
  endfacet
  facet normal 0 0 1
    outer loop
      vertex 23 15.5 2.4
      vertex 21.0763 12.8263 2.4
      vertex 21.2279 12.6591 2.4
    endloop
  endfacet
  facet normal 0 0 1
    outer loop
      vertex 23 15.5 2.4
      vertex 20.9091 12.9779 2.4
      vertex 21.0763 12.8263 2.4
    endloop
  endfacet
  facet normal 0 0 1
    outer loop
      vertex 19.45 13.5 2.4
      vertex 21.172 19.3651 2.4
      vertex 20.7778 19.6573 2.4
    endloop
  endfacet
  facet normal 0 0 1
    outer loop
      vertex 23 15.5 2.4
      vertex 20.7278 13.1124 2.4
      vertex 20.9091 12.9779 2.4
    endloop
  endfacet
  facet normal 0 0 1
    outer loop
      vertex 23 15.5 2.4
      vertex 20.5342 13.2284 2.4
      vertex 20.7278 13.1124 2.4
    endloop
  endfacet
  facet normal 0 0 1
    outer loop
      vertex 18.55 13.5 2.4
      vertex 20.7778 19.6573 2.4
      vertex 20.357 19.9096 2.4
    endloop
  endfacet
  facet normal 0 0 1
    outer loop
      vertex 23 15.5 2.4
      vertex 20.3302 13.3249 2.4
      vertex 20.5342 13.2284 2.4
    endloop
  endfacet
  facet normal 0 0 1
    outer loop
      vertex 23 15.5 2.4
      vertex 20.1176 13.401 2.4
      vertex 20.3302 13.3249 2.4
    endloop
  endfacet
  facet normal 0 0 1
    outer loop
      vertex 18.55 13.5 2.4
      vertex 20.357 19.9096 2.4
      vertex 19.9134 20.1194 2.4
    endloop
  endfacet
  facet normal 0 0 1
    outer loop
      vertex 22.9759 15.9901 2.4
      vertex 19.8987 13.4558 2.4
      vertex 20.1176 13.401 2.4
    endloop
  endfacet
  facet normal 0 0 1
    outer loop
      vertex 22.7847 16.9514 2.4
      vertex 19.6754 13.4889 2.4
      vertex 19.8987 13.4558 2.4
    endloop
  endfacet
  facet normal 0 0 1
    outer loop
      vertex 18.55 13.5 2.4
      vertex 19.9134 20.1194 2.4
      vertex 19.4514 20.2847 2.4
    endloop
  endfacet
  facet normal 0 0 1
    outer loop
      vertex 22.1573 18.2778 2.4
      vertex 19.45 13.5 2.4
      vertex 19.6754 13.4889 2.4
    endloop
  endfacet
  facet normal 0 0 1
    outer loop
      vertex 18.55 13.5 2.4
      vertex 19.4514 20.2847 2.4
      vertex 18.9754 20.4039 2.4
    endloop
  endfacet
  facet normal 0 0 1
    outer loop
      vertex 20.7778 19.6573 2.4
      vertex 18.55 13.5 2.4
      vertex 19.45 13.5 2.4
    endloop
  endfacet
  facet normal 0 0 1
    outer loop
      vertex 16.53 14 2.4
      vertex 18.9754 20.4039 2.4
      vertex 18.4901 20.4759 2.4
    endloop
  endfacet
  facet normal 0 0 1
    outer loop
      vertex 18.9754 20.4039 2.4
      vertex 16.53 14 2.4
      vertex 18.55 13.5 2.4
    endloop
  endfacet
  facet normal 0 0 1
    outer loop
      vertex 18.55 13.5 2.4
      vertex 16.53 14 2.4
      vertex 18.3246 13.4889 2.4
    endloop
  endfacet
  facet normal 0 0 1
    outer loop
      vertex 16.53 14 2.4
      vertex 18.4901 20.4759 2.4
      vertex 18 20.5 2.4
    endloop
  endfacet
  facet normal 0 0 1
    outer loop
      vertex 18.3246 13.4889 2.4
      vertex 16.53 14 2.4
      vertex 18.1013 13.4558 2.4
    endloop
  endfacet
  facet normal 0 0 1
    outer loop
      vertex 18.1013 13.4558 2.4
      vertex 16.53 14 2.4
      vertex 17.8824 13.401 2.4
    endloop
  endfacet
  facet normal 0 0 1
    outer loop
      vertex 17.8824 13.401 2.4
      vertex 16.53 14 2.4
      vertex 17.6698 13.3249 2.4
    endloop
  endfacet
  facet normal 0 0 1
    outer loop
      vertex 17.6698 13.3249 2.4
      vertex 16.53 14 2.4
      vertex 17.4658 13.2284 2.4
    endloop
  endfacet
  facet normal 0 0 1
    outer loop
      vertex 17.4658 13.2284 2.4
      vertex 16.53 14 2.4
      vertex 17.2722 13.1124 2.4
    endloop
  endfacet
  facet normal 0 0 1
    outer loop
      vertex 17.2722 13.1124 2.4
      vertex 16.53 14 2.4
      vertex 17.0909 12.9779 2.4
    endloop
  endfacet
  facet normal 0 0 1
    outer loop
      vertex 17.0909 12.9779 2.4
      vertex 16.53 14 2.4
      vertex 16.9237 12.8263 2.4
    endloop
  endfacet
  facet normal 0 0 1
    outer loop
      vertex 16.9237 12.8263 2.4
      vertex 16.53 14 2.4
      vertex 16.7721 12.6591 2.4
    endloop
  endfacet
  facet normal 0 0 1
    outer loop
      vertex 16.7721 12.6591 2.4
      vertex 16.53 14 2.4
      vertex 16.6376 12.4778 2.4
    endloop
  endfacet
  facet normal 0 0 1
    outer loop
      vertex 18 20.5 2.4
      vertex 14.98 14 2.4
      vertex 16.53 14 2.4
    endloop
  endfacet
  facet normal -0 0 1
    outer loop
      vertex 12.25 11.55 2.4
      vertex 14.98 8.4 2.4
      vertex 14.98 14 2.4
    endloop
  endfacet
  facet normal 0 0 1
    outer loop
      vertex 14.98 8.4 2.4
      vertex 12.25 11.55 2.4
      vertex 14.98 -8.4 2.4
    endloop
  endfacet
  facet normal 0 0 1
    outer loop
      vertex 12.25 -11.55 2.4
      vertex 14.98 -8.4 2.4
      vertex 12.25 11.55 2.4
    endloop
  endfacet
  facet normal -0 0 1
    outer loop
      vertex 10.9314 15.1314 2.4
      vertex 14.98 14 2.4
      vertex 18 20.5 2.4
    endloop
  endfacet
  facet normal 0 0 1
    outer loop
      vertex 14.98 14 2.4
      vertex 12.2298 11.9617 2.4
      vertex 12.25 11.55 2.4
    endloop
  endfacet
  facet normal 0 0 1
    outer loop
      vertex 14.98 14 2.4
      vertex 12.1693 12.3694 2.4
      vertex 12.2298 11.9617 2.4
    endloop
  endfacet
  facet normal 0 0 1
    outer loop
      vertex 14.98 14 2.4
      vertex 12.0691 12.7692 2.4
      vertex 12.1693 12.3694 2.4
    endloop
  endfacet
  facet normal 0 0 1
    outer loop
      vertex 14.98 14 2.4
      vertex 11.9303 13.1573 2.4
      vertex 12.0691 12.7692 2.4
    endloop
  endfacet
  facet normal 0 0 1
    outer loop
      vertex 14.98 14 2.4
      vertex 11.7541 13.5299 2.4
      vertex 11.9303 13.1573 2.4
    endloop
  endfacet
  facet normal -0 -0 1
    outer loop
      vertex 11.3693 14.3121 2.4
      vertex 14.98 14 2.4
      vertex 11.3311 14.4645 2.4
    endloop
  endfacet
  facet normal 0 0 1
    outer loop
      vertex 14.98 14 2.4
      vertex 11.5422 13.8834 2.4
      vertex 11.7541 13.5299 2.4
    endloop
  endfacet
  facet normal 0 0 1
    outer loop
      vertex 11.5422 13.8834 2.4
      vertex 11.3923 14.1568 2.4
      vertex 11.3961 14.0804 2.4
    endloop
  endfacet
  facet normal 0 0 1
    outer loop
      vertex 11.5422 13.8834 2.4
      vertex 11.3693 14.3121 2.4
      vertex 11.3923 14.1568 2.4
    endloop
  endfacet
  facet normal 0 0 1
    outer loop
      vertex 14.98 14 2.4
      vertex 11.3693 14.3121 2.4
      vertex 11.5422 13.8834 2.4
    endloop
  endfacet
  facet normal 0 0 1
    outer loop
      vertex 14.98 14 2.4
      vertex 11.2782 14.6123 2.4
      vertex 11.3311 14.4645 2.4
    endloop
  endfacet
  facet normal 0 0 1
    outer loop
      vertex 14.98 14 2.4
      vertex 11.2111 14.7542 2.4
      vertex 11.2782 14.6123 2.4
    endloop
  endfacet
  facet normal 0 0 1
    outer loop
      vertex 14.98 14 2.4
      vertex 11.1304 14.8889 2.4
      vertex 11.2111 14.7542 2.4
    endloop
  endfacet
  facet normal 0 0 1
    outer loop
      vertex 14.98 14 2.4
      vertex 11.0368 15.015 2.4
      vertex 11.1304 14.8889 2.4
    endloop
  endfacet
  facet normal 0 0 1
    outer loop
      vertex 14.98 14 2.4
      vertex 10.9314 15.1314 2.4
      vertex 11.0368 15.015 2.4
    endloop
  endfacet
  facet normal 0 0 1
    outer loop
      vertex 18 20.5 2.4
      vertex 10.815 15.2368 2.4
      vertex 10.9314 15.1314 2.4
    endloop
  endfacet
  facet normal 0 0 1
    outer loop
      vertex 18 20.5 2.4
      vertex 10.6889 15.3304 2.4
      vertex 10.815 15.2368 2.4
    endloop
  endfacet
  facet normal 0 0 1
    outer loop
      vertex 18 20.5 2.4
      vertex 10.5542 15.4111 2.4
      vertex 10.6889 15.3304 2.4
    endloop
  endfacet
  facet normal 0 0 1
    outer loop
      vertex 18 20.5 2.4
      vertex 10.4123 15.4782 2.4
      vertex 10.5542 15.4111 2.4
    endloop
  endfacet
  facet normal 0 0 1
    outer loop
      vertex 18 20.5 2.4
      vertex 10.2645 15.5311 2.4
      vertex 10.4123 15.4782 2.4
    endloop
  endfacet
  facet normal 0 0 1
    outer loop
      vertex 18 20.5 2.4
      vertex 10.1121 15.5693 2.4
      vertex 10.2645 15.5311 2.4
    endloop
  endfacet
  facet normal 0 0 1
    outer loop
      vertex 18 20.5 2.4
      vertex 9.95683 15.5923 2.4
      vertex 10.1121 15.5693 2.4
    endloop
  endfacet
  facet normal 0 0 1
    outer loop
      vertex 18 20.5 2.4
      vertex 9.8 15.6 2.4
      vertex 9.95683 15.5923 2.4
    endloop
  endfacet
  facet normal -0 0 1
    outer loop
      vertex 8.86937 15.6693 2.4
      vertex 9.8 15.6 2.4
      vertex 18 20.5 2.4
    endloop
  endfacet
  facet normal 0 0 1
    outer loop
      vertex 9.8 15.6 2.4
      vertex 8.86937 15.6693 2.4
      vertex 9.64317 15.5923 2.4
    endloop
  endfacet
  facet normal 0 0 1
    outer loop
      vertex 9.64317 15.5923 2.4
      vertex 8.86937 15.6693 2.4
      vertex 9.48785 15.5693 2.4
    endloop
  endfacet
  facet normal 0 0 1
    outer loop
      vertex 9.48785 15.5693 2.4
      vertex 9.26918 15.5691 2.4
      vertex 9.35903 15.537 2.4
    endloop
  endfacet
  facet normal 0 0 1
    outer loop
      vertex 9.48785 15.5693 2.4
      vertex 8.86937 15.6693 2.4
      vertex 9.26918 15.5691 2.4
    endloop
  endfacet
  facet normal 0 0 1
    outer loop
      vertex 18 20.5 2.4
      vertex 8.46165 15.7298 2.4
      vertex 8.86937 15.6693 2.4
    endloop
  endfacet
  facet normal 0 0 1
    outer loop
      vertex 18 20.5 2.4
      vertex 8.04999 15.75 2.4
      vertex 8.46165 15.7298 2.4
    endloop
  endfacet
  facet normal 0 0 1
    outer loop
      vertex 18 20.5 2.4
      vertex -8.04999 15.75 2.4
      vertex 8.04999 15.75 2.4
    endloop
  endfacet
  facet normal -0 0 1
    outer loop
      vertex -18 20.5 2.4
      vertex -8.04999 15.75 2.4
      vertex 18 20.5 2.4
    endloop
  endfacet
  facet normal 0 0 1
    outer loop
      vertex -8.04999 15.75 2.4
      vertex -18 20.5 2.4
      vertex -8.46165 15.7298 2.4
    endloop
  endfacet
  facet normal 0 0 1
    outer loop
      vertex -9.26918 15.5691 2.4
      vertex -9.48785 15.5693 2.4
      vertex -9.35903 15.537 2.4
    endloop
  endfacet
  facet normal 0 0 1
    outer loop
      vertex -8.86937 15.6693 2.4
      vertex -9.48785 15.5693 2.4
      vertex -9.26918 15.5691 2.4
    endloop
  endfacet
  facet normal 0 0 1
    outer loop
      vertex -8.46165 15.7298 2.4
      vertex -18 20.5 2.4
      vertex -8.86937 15.6693 2.4
    endloop
  endfacet
  facet normal 0 -0 1
    outer loop
      vertex -9.8 15.6 2.4
      vertex -8.86937 15.6693 2.4
      vertex -18 20.5 2.4
    endloop
  endfacet
  facet normal 0 0 1
    outer loop
      vertex -8.86937 15.6693 2.4
      vertex -9.64317 15.5923 2.4
      vertex -9.48785 15.5693 2.4
    endloop
  endfacet
  facet normal 0 0 1
    outer loop
      vertex -8.86937 15.6693 2.4
      vertex -9.8 15.6 2.4
      vertex -9.64317 15.5923 2.4
    endloop
  endfacet
  facet normal 0 0 1
    outer loop
      vertex -9.8 15.6 2.4
      vertex -18 20.5 2.4
      vertex -9.95683 15.5923 2.4
    endloop
  endfacet
  facet normal 0 0 1
    outer loop
      vertex -11.3923 14.1568 2.4
      vertex -11.5422 13.8834 2.4
      vertex -11.3961 14.0804 2.4
    endloop
  endfacet
  facet normal 0 0 1
    outer loop
      vertex -11.3693 14.3121 2.4
      vertex -11.5422 13.8834 2.4
      vertex -11.3923 14.1568 2.4
    endloop
  endfacet
  facet normal 0 0 1
    outer loop
      vertex -14.98 14 2.4
      vertex -11.3693 14.3121 2.4
      vertex -11.3311 14.4645 2.4
    endloop
  endfacet
  facet normal 0 0 1
    outer loop
      vertex -14.98 14 2.4
      vertex -11.3311 14.4645 2.4
      vertex -11.2782 14.6123 2.4
    endloop
  endfacet
  facet normal 0 0 1
    outer loop
      vertex -11.3693 14.3121 2.4
      vertex -14.98 14 2.4
      vertex -11.5422 13.8834 2.4
    endloop
  endfacet
  facet normal 0 0 1
    outer loop
      vertex -11.5422 13.8834 2.4
      vertex -14.98 14 2.4
      vertex -11.7541 13.5299 2.4
    endloop
  endfacet
  facet normal 0 0 1
    outer loop
      vertex -14.98 8.4 2.4
      vertex -12.25 11.55 2.4
      vertex -14.98 14 2.4
    endloop
  endfacet
  facet normal 0 0 1
    outer loop
      vertex -12.2298 11.9617 2.4
      vertex -14.98 14 2.4
      vertex -12.25 11.55 2.4
    endloop
  endfacet
  facet normal 0 0 1
    outer loop
      vertex -12.1693 12.3694 2.4
      vertex -14.98 14 2.4
      vertex -12.2298 11.9617 2.4
    endloop
  endfacet
  facet normal 0 0 1
    outer loop
      vertex -12.0691 12.7692 2.4
      vertex -14.98 14 2.4
      vertex -12.1693 12.3694 2.4
    endloop
  endfacet
  facet normal 0 0 1
    outer loop
      vertex -11.9303 13.1573 2.4
      vertex -14.98 14 2.4
      vertex -12.0691 12.7692 2.4
    endloop
  endfacet
  facet normal 0 0 1
    outer loop
      vertex -11.7541 13.5299 2.4
      vertex -14.98 14 2.4
      vertex -11.9303 13.1573 2.4
    endloop
  endfacet
  facet normal 0 0 1
    outer loop
      vertex -11.2111 14.7542 2.4
      vertex -14.98 14 2.4
      vertex -11.2782 14.6123 2.4
    endloop
  endfacet
  facet normal 0 0 1
    outer loop
      vertex -11.1304 14.8889 2.4
      vertex -14.98 14 2.4
      vertex -11.2111 14.7542 2.4
    endloop
  endfacet
  facet normal 0 0 1
    outer loop
      vertex -11.0368 15.015 2.4
      vertex -14.98 14 2.4
      vertex -11.1304 14.8889 2.4
    endloop
  endfacet
  facet normal 0 0 1
    outer loop
      vertex -10.9314 15.1314 2.4
      vertex -14.98 14 2.4
      vertex -11.0368 15.015 2.4
    endloop
  endfacet
  facet normal 0 0 1
    outer loop
      vertex -18 20.5 2.4
      vertex -10.9314 15.1314 2.4
      vertex -10.815 15.2368 2.4
    endloop
  endfacet
  facet normal 0 0 1
    outer loop
      vertex -18 20.5 2.4
      vertex -10.815 15.2368 2.4
      vertex -10.6889 15.3304 2.4
    endloop
  endfacet
  facet normal 0 0 1
    outer loop
      vertex -18 20.5 2.4
      vertex -10.6889 15.3304 2.4
      vertex -10.5542 15.4111 2.4
    endloop
  endfacet
  facet normal 0 0 1
    outer loop
      vertex -18 20.5 2.4
      vertex -10.5542 15.4111 2.4
      vertex -10.4123 15.4782 2.4
    endloop
  endfacet
  facet normal 0 0 1
    outer loop
      vertex -18 20.5 2.4
      vertex -10.4123 15.4782 2.4
      vertex -10.2645 15.5311 2.4
    endloop
  endfacet
  facet normal 0 0 1
    outer loop
      vertex -10.9314 15.1314 2.4
      vertex -18 20.5 2.4
      vertex -14.98 14 2.4
    endloop
  endfacet
  facet normal 0 0 1
    outer loop
      vertex -18 20.5 2.4
      vertex -10.2645 15.5311 2.4
      vertex -10.1121 15.5693 2.4
    endloop
  endfacet
  facet normal 0 0 1
    outer loop
      vertex -16.53 14 2.4
      vertex -16.6376 12.4778 2.4
      vertex -16.53 12.2982 2.4
    endloop
  endfacet
  facet normal 0 0 1
    outer loop
      vertex -16.53 14 2.4
      vertex -16.7721 12.6591 2.4
      vertex -16.6376 12.4778 2.4
    endloop
  endfacet
  facet normal 0 0 1
    outer loop
      vertex -16.53 14 2.4
      vertex -16.9237 12.8263 2.4
      vertex -16.7721 12.6591 2.4
    endloop
  endfacet
  facet normal 0 0 1
    outer loop
      vertex -16.53 14 2.4
      vertex -17.0909 12.9779 2.4
      vertex -16.9237 12.8263 2.4
    endloop
  endfacet
  facet normal 0 0 1
    outer loop
      vertex -16.53 14 2.4
      vertex -17.2722 13.1124 2.4
      vertex -17.0909 12.9779 2.4
    endloop
  endfacet
  facet normal 0 0 1
    outer loop
      vertex -16.53 14 2.4
      vertex -17.4658 13.2284 2.4
      vertex -17.2722 13.1124 2.4
    endloop
  endfacet
  facet normal 0 0 1
    outer loop
      vertex -16.53 14 2.4
      vertex -17.6698 13.3249 2.4
      vertex -17.4658 13.2284 2.4
    endloop
  endfacet
  facet normal 0 0 1
    outer loop
      vertex -16.53 14 2.4
      vertex -17.8824 13.401 2.4
      vertex -17.6698 13.3249 2.4
    endloop
  endfacet
  facet normal 0 0 1
    outer loop
      vertex -9.95683 15.5923 2.4
      vertex -18 20.5 2.4
      vertex -10.1121 15.5693 2.4
    endloop
  endfacet
  facet normal 0 0 1
    outer loop
      vertex -14.98 14 2.4
      vertex -18 20.5 2.4
      vertex -16.53 14 2.4
    endloop
  endfacet
  facet normal -0 0 1
    outer loop
      vertex -18.4901 20.4759 2.4
      vertex -16.53 14 2.4
      vertex -18 20.5 2.4
    endloop
  endfacet
  facet normal 0 0 1
    outer loop
      vertex -16.53 14 2.4
      vertex -18.1013 13.4558 2.4
      vertex -17.8824 13.401 2.4
    endloop
  endfacet
  facet normal 0 0 1
    outer loop
      vertex -16.53 14 2.4
      vertex -18.3246 13.4889 2.4
      vertex -18.1013 13.4558 2.4
    endloop
  endfacet
  facet normal -0 0 1
    outer loop
      vertex -18.9754 20.4039 2.4
      vertex -16.53 14 2.4
      vertex -18.4901 20.4759 2.4
    endloop
  endfacet
  facet normal 0 -0 1
    outer loop
      vertex -18.55 13.5 2.4
      vertex -16.53 14 2.4
      vertex -18.9754 20.4039 2.4
    endloop
  endfacet
  facet normal 0 0 1
    outer loop
      vertex -16.53 14 2.4
      vertex -18.55 13.5 2.4
      vertex -18.3246 13.4889 2.4
    endloop
  endfacet
  facet normal -0 0 1
    outer loop
      vertex -19.4514 20.2847 2.4
      vertex -18.55 13.5 2.4
      vertex -18.9754 20.4039 2.4
    endloop
  endfacet
  facet normal -0 0 1
    outer loop
      vertex -19.9134 20.1194 2.4
      vertex -18.55 13.5 2.4
      vertex -19.4514 20.2847 2.4
    endloop
  endfacet
  facet normal -0 0 1
    outer loop
      vertex -20.357 19.9096 2.4
      vertex -18.55 13.5 2.4
      vertex -19.9134 20.1194 2.4
    endloop
  endfacet
  facet normal -0 0 1
    outer loop
      vertex -20.7778 19.6573 2.4
      vertex -18.55 13.5 2.4
      vertex -20.357 19.9096 2.4
    endloop
  endfacet
  facet normal 0 0 1
    outer loop
      vertex -18.55 13.5 2.4
      vertex -20.7778 19.6573 2.4
      vertex -19.45 13.5 2.4
    endloop
  endfacet
  facet normal -0 0 1
    outer loop
      vertex -21.172 19.3651 2.4
      vertex -19.45 13.5 2.4
      vertex -20.7778 19.6573 2.4
    endloop
  endfacet
  facet normal -0 0 1
    outer loop
      vertex -21.5355 19.0355 2.4
      vertex -19.45 13.5 2.4
      vertex -21.172 19.3651 2.4
    endloop
  endfacet
  facet normal -0 0 1
    outer loop
      vertex -21.8651 18.672 2.4
      vertex -19.45 13.5 2.4
      vertex -21.5355 19.0355 2.4
    endloop
  endfacet
  facet normal -0 0 1
    outer loop
      vertex -22.1573 18.2778 2.4
      vertex -19.45 13.5 2.4
      vertex -21.8651 18.672 2.4
    endloop
  endfacet
  facet normal 0 0 1
    outer loop
      vertex -19.45 13.5 2.4
      vertex -22.1573 18.2778 2.4
      vertex -19.6754 13.4889 2.4
    endloop
  endfacet
  facet normal -0 0 1
    outer loop
      vertex -22.4096 17.857 2.4
      vertex -19.6754 13.4889 2.4
      vertex -22.1573 18.2778 2.4
    endloop
  endfacet
  facet normal -0 0 1
    outer loop
      vertex -22.6194 17.4134 2.4
      vertex -19.6754 13.4889 2.4
      vertex -22.4096 17.857 2.4
    endloop
  endfacet
  facet normal -0 0 1
    outer loop
      vertex -22.7847 16.9514 2.4
      vertex -19.6754 13.4889 2.4
      vertex -22.6194 17.4134 2.4
    endloop
  endfacet
  facet normal 0 0 1
    outer loop
      vertex -19.6754 13.4889 2.4
      vertex -22.7847 16.9514 2.4
      vertex -19.8987 13.4558 2.4
    endloop
  endfacet
  facet normal -0 0 1
    outer loop
      vertex -22.9039 16.4754 2.4
      vertex -19.8987 13.4558 2.4
      vertex -22.7847 16.9514 2.4
    endloop
  endfacet
  facet normal -0 0 1
    outer loop
      vertex -22.9759 15.9901 2.4
      vertex -19.8987 13.4558 2.4
      vertex -22.9039 16.4754 2.4
    endloop
  endfacet
  facet normal 0 0 1
    outer loop
      vertex -19.8987 13.4558 2.4
      vertex -22.9759 15.9901 2.4
      vertex -20.1176 13.401 2.4
    endloop
  endfacet
  facet normal -0 0 1
    outer loop
      vertex -23 15.5 2.4
      vertex -20.1176 13.401 2.4
      vertex -22.9759 15.9901 2.4
    endloop
  endfacet
  facet normal 0 0 1
    outer loop
      vertex -20.1176 13.401 2.4
      vertex -23 15.5 2.4
      vertex -20.3302 13.3249 2.4
    endloop
  endfacet
  facet normal 0 0 1
    outer loop
      vertex -21.4784 12.2842 2.4
      vertex -23 15.5 2.4
      vertex -21.5749 12.0802 2.4
    endloop
  endfacet
  facet normal 0 0 1
    outer loop
      vertex -21.5749 12.0802 2.4
      vertex -23 15.5 2.4
      vertex -21.651 11.8676 2.4
    endloop
  endfacet
  facet normal 0 0 1
    outer loop
      vertex -21.651 11.8676 2.4
      vertex -23 15.5 2.4
      vertex -21.7058 11.6487 2.4
    endloop
  endfacet
  facet normal 0 0 1
    outer loop
      vertex -21.7058 11.6487 2.4
      vertex -23 15.5 2.4
      vertex -21.7389 11.4254 2.4
    endloop
  endfacet
  facet normal 0 0 1
    outer loop
      vertex -21.7389 11.4254 2.4
      vertex -23 15.5 2.4
      vertex -21.75 11.2 2.4
    endloop
  endfacet
  facet normal 0 0 1
    outer loop
      vertex -20.3302 13.3249 2.4
      vertex -23 15.5 2.4
      vertex -20.5342 13.2284 2.4
    endloop
  endfacet
  facet normal -0 0 1
    outer loop
      vertex 21.2279 -12.6591 2.4
      vertex 23 -15.5 2.4
      vertex 21.3624 -12.4778 2.4
    endloop
  endfacet
  facet normal -0 0 1
    outer loop
      vertex 21.0763 -12.8263 2.4
      vertex 23 -15.5 2.4
      vertex 21.2279 -12.6591 2.4
    endloop
  endfacet
  facet normal -0 0 1
    outer loop
      vertex 20.9091 -12.9779 2.4
      vertex 23 -15.5 2.4
      vertex 21.0763 -12.8263 2.4
    endloop
  endfacet
  facet normal -0 0 1
    outer loop
      vertex 20.7278 -13.1124 2.4
      vertex 23 -15.5 2.4
      vertex 20.9091 -12.9779 2.4
    endloop
  endfacet
  facet normal -0 0 1
    outer loop
      vertex 20.5342 -13.2284 2.4
      vertex 23 -15.5 2.4
      vertex 20.7278 -13.1124 2.4
    endloop
  endfacet
  facet normal -0 0 1
    outer loop
      vertex 20.3302 -13.3249 2.4
      vertex 23 -15.5 2.4
      vertex 20.5342 -13.2284 2.4
    endloop
  endfacet
  facet normal -0 0 1
    outer loop
      vertex 20.1176 -13.401 2.4
      vertex 23 -15.5 2.4
      vertex 20.3302 -13.3249 2.4
    endloop
  endfacet
  facet normal 0 0 1
    outer loop
      vertex 23 -15.5 2.4
      vertex 20.1176 -13.401 2.4
      vertex 22.9759 -15.9901 2.4
    endloop
  endfacet
  facet normal -0 0 1
    outer loop
      vertex 19.8987 -13.4558 2.4
      vertex 22.9759 -15.9901 2.4
      vertex 20.1176 -13.401 2.4
    endloop
  endfacet
  facet normal 0 0 1
    outer loop
      vertex 22.9759 -15.9901 2.4
      vertex 19.8987 -13.4558 2.4
      vertex 22.9039 -16.4754 2.4
    endloop
  endfacet
  facet normal 0 0 1
    outer loop
      vertex 22.9039 -16.4754 2.4
      vertex 19.8987 -13.4558 2.4
      vertex 22.7847 -16.9514 2.4
    endloop
  endfacet
  facet normal -0 0 1
    outer loop
      vertex 19.6754 -13.4889 2.4
      vertex 22.7847 -16.9514 2.4
      vertex 19.8987 -13.4558 2.4
    endloop
  endfacet
  facet normal 0 0 1
    outer loop
      vertex 22.7847 -16.9514 2.4
      vertex 19.6754 -13.4889 2.4
      vertex 22.6194 -17.4134 2.4
    endloop
  endfacet
  facet normal 0 0 1
    outer loop
      vertex 22.6194 -17.4134 2.4
      vertex 19.6754 -13.4889 2.4
      vertex 22.4096 -17.857 2.4
    endloop
  endfacet
  facet normal 0 0 1
    outer loop
      vertex 22.4096 -17.857 2.4
      vertex 19.6754 -13.4889 2.4
      vertex 22.1573 -18.2778 2.4
    endloop
  endfacet
  facet normal -0 0 1
    outer loop
      vertex 19.45 -13.5 2.4
      vertex 22.1573 -18.2778 2.4
      vertex 19.6754 -13.4889 2.4
    endloop
  endfacet
  facet normal 0 0 1
    outer loop
      vertex 22.1573 -18.2778 2.4
      vertex 19.45 -13.5 2.4
      vertex 21.8651 -18.672 2.4
    endloop
  endfacet
  facet normal 0 0 1
    outer loop
      vertex 21.8651 -18.672 2.4
      vertex 19.45 -13.5 2.4
      vertex 21.5355 -19.0355 2.4
    endloop
  endfacet
  facet normal 0 0 1
    outer loop
      vertex 21.5355 -19.0355 2.4
      vertex 19.45 -13.5 2.4
      vertex 21.172 -19.3651 2.4
    endloop
  endfacet
  facet normal 0 0 1
    outer loop
      vertex 21.172 -19.3651 2.4
      vertex 19.45 -13.5 2.4
      vertex 20.7778 -19.6573 2.4
    endloop
  endfacet
  facet normal -0 0 1
    outer loop
      vertex 18.55 -13.5 2.4
      vertex 20.7778 -19.6573 2.4
      vertex 19.45 -13.5 2.4
    endloop
  endfacet
  facet normal 0 0 1
    outer loop
      vertex 20.7778 -19.6573 2.4
      vertex 18.55 -13.5 2.4
      vertex 20.357 -19.9096 2.4
    endloop
  endfacet
  facet normal 0 0 1
    outer loop
      vertex 20.357 -19.9096 2.4
      vertex 18.55 -13.5 2.4
      vertex 19.9134 -20.1194 2.4
    endloop
  endfacet
  facet normal 0 0 1
    outer loop
      vertex 19.9134 -20.1194 2.4
      vertex 18.55 -13.5 2.4
      vertex 19.4514 -20.2847 2.4
    endloop
  endfacet
  facet normal 0 0 1
    outer loop
      vertex 19.4514 -20.2847 2.4
      vertex 18.55 -13.5 2.4
      vertex 18.9754 -20.4039 2.4
    endloop
  endfacet
  facet normal -0 0 1
    outer loop
      vertex 16.53 -14 2.4
      vertex 18.9754 -20.4039 2.4
      vertex 18.55 -13.5 2.4
    endloop
  endfacet
  facet normal 0 0 1
    outer loop
      vertex 16.53 -14 2.4
      vertex 18.55 -13.5 2.4
      vertex 18.3246 -13.4889 2.4
    endloop
  endfacet
  facet normal 0 0 1
    outer loop
      vertex 16.53 -14 2.4
      vertex 18.3246 -13.4889 2.4
      vertex 18.1013 -13.4558 2.4
    endloop
  endfacet
  facet normal 0 0 1
    outer loop
      vertex 18.9754 -20.4039 2.4
      vertex 16.53 -14 2.4
      vertex 18.4901 -20.4759 2.4
    endloop
  endfacet
  facet normal 0 0 1
    outer loop
      vertex 16.53 -14 2.4
      vertex 18.1013 -13.4558 2.4
      vertex 17.8824 -13.401 2.4
    endloop
  endfacet
  facet normal 0 0 1
    outer loop
      vertex 16.53 -14 2.4
      vertex 17.8824 -13.401 2.4
      vertex 17.6698 -13.3249 2.4
    endloop
  endfacet
  facet normal 0 0 1
    outer loop
      vertex 16.53 -14 2.4
      vertex 17.6698 -13.3249 2.4
      vertex 17.4658 -13.2284 2.4
    endloop
  endfacet
  facet normal 0 0 1
    outer loop
      vertex 16.53 -14 2.4
      vertex 17.4658 -13.2284 2.4
      vertex 17.2722 -13.1124 2.4
    endloop
  endfacet
  facet normal 0 0 1
    outer loop
      vertex 16.53 -14 2.4
      vertex 17.2722 -13.1124 2.4
      vertex 17.0909 -12.9779 2.4
    endloop
  endfacet
  facet normal 0 0 1
    outer loop
      vertex 16.53 -14 2.4
      vertex 17.0909 -12.9779 2.4
      vertex 16.9237 -12.8263 2.4
    endloop
  endfacet
  facet normal 0 0 1
    outer loop
      vertex 16.53 -14 2.4
      vertex 16.9237 -12.8263 2.4
      vertex 16.7721 -12.6591 2.4
    endloop
  endfacet
  facet normal 0 0 1
    outer loop
      vertex 16.53 -14 2.4
      vertex 16.7721 -12.6591 2.4
      vertex 16.6376 -12.4778 2.4
    endloop
  endfacet
  facet normal 0 0 1
    outer loop
      vertex 16.53 -14 2.4
      vertex 16.6376 -12.4778 2.4
      vertex 16.53 -12.2982 2.4
    endloop
  endfacet
  facet normal 0 0 1
    outer loop
      vertex 18.4901 -20.4759 2.4
      vertex 16.53 -14 2.4
      vertex 18 -20.5 2.4
    endloop
  endfacet
  facet normal -0 0 1
    outer loop
      vertex 14.98 -14 2.4
      vertex 18 -20.5 2.4
      vertex 16.53 -14 2.4
    endloop
  endfacet
  facet normal 0 0 1
    outer loop
      vertex 14.98 -8.4 2.4
      vertex 12.25 -11.55 2.4
      vertex 14.98 -14 2.4
    endloop
  endfacet
  facet normal -0 0 1
    outer loop
      vertex 12.2298 -11.9617 2.4
      vertex 14.98 -14 2.4
      vertex 12.25 -11.55 2.4
    endloop
  endfacet
  facet normal -0 0 1
    outer loop
      vertex 12.1693 -12.3694 2.4
      vertex 14.98 -14 2.4
      vertex 12.2298 -11.9617 2.4
    endloop
  endfacet
  facet normal -0 0 1
    outer loop
      vertex 12.0691 -12.7692 2.4
      vertex 14.98 -14 2.4
      vertex 12.1693 -12.3694 2.4
    endloop
  endfacet
  facet normal -0 0 1
    outer loop
      vertex 11.9303 -13.1573 2.4
      vertex 14.98 -14 2.4
      vertex 12.0691 -12.7692 2.4
    endloop
  endfacet
  facet normal -0 0 1
    outer loop
      vertex 11.7541 -13.5299 2.4
      vertex 14.98 -14 2.4
      vertex 11.9303 -13.1573 2.4
    endloop
  endfacet
  facet normal -0 0 1
    outer loop
      vertex 11.5422 -13.8834 2.4
      vertex 14.98 -14 2.4
      vertex 11.7541 -13.5299 2.4
    endloop
  endfacet
  facet normal 0 0 1
    outer loop
      vertex 11.3693 -14.3121 2.4
      vertex 14.98 -14 2.4
      vertex 11.5422 -13.8834 2.4
    endloop
  endfacet
  facet normal 0 0 1
    outer loop
      vertex 11.3923 -14.1568 2.4
      vertex 11.5422 -13.8834 2.4
      vertex 11.3961 -14.0804 2.4
    endloop
  endfacet
  facet normal 0 0 1
    outer loop
      vertex 11.3693 -14.3121 2.4
      vertex 11.5422 -13.8834 2.4
      vertex 11.3923 -14.1568 2.4
    endloop
  endfacet
  facet normal 0 0 1
    outer loop
      vertex 14.98 -14 2.4
      vertex 11.3693 -14.3121 2.4
      vertex 11.3311 -14.4645 2.4
    endloop
  endfacet
  facet normal 0 0 1
    outer loop
      vertex 11.2782 -14.6123 2.4
      vertex 14.98 -14 2.4
      vertex 11.3311 -14.4645 2.4
    endloop
  endfacet
  facet normal 0 0 1
    outer loop
      vertex 11.2111 -14.7542 2.4
      vertex 14.98 -14 2.4
      vertex 11.2782 -14.6123 2.4
    endloop
  endfacet
  facet normal 0 0 1
    outer loop
      vertex 11.1304 -14.8889 2.4
      vertex 14.98 -14 2.4
      vertex 11.2111 -14.7542 2.4
    endloop
  endfacet
  facet normal 0 0 1
    outer loop
      vertex 11.0368 -15.015 2.4
      vertex 14.98 -14 2.4
      vertex 11.1304 -14.8889 2.4
    endloop
  endfacet
  facet normal 0 0 1
    outer loop
      vertex 10.9314 -15.1314 2.4
      vertex 14.98 -14 2.4
      vertex 11.0368 -15.015 2.4
    endloop
  endfacet
  facet normal 0 0 1
    outer loop
      vertex 14.98 -14 2.4
      vertex 10.9314 -15.1314 2.4
      vertex 18 -20.5 2.4
    endloop
  endfacet
  facet normal -0 0 1
    outer loop
      vertex 10.815 -15.2368 2.4
      vertex 18 -20.5 2.4
      vertex 10.9314 -15.1314 2.4
    endloop
  endfacet
  facet normal -0 0 1
    outer loop
      vertex 10.6889 -15.3304 2.4
      vertex 18 -20.5 2.4
      vertex 10.815 -15.2368 2.4
    endloop
  endfacet
  facet normal -0 0 1
    outer loop
      vertex 10.5542 -15.4111 2.4
      vertex 18 -20.5 2.4
      vertex 10.6889 -15.3304 2.4
    endloop
  endfacet
  facet normal -0 0 1
    outer loop
      vertex 10.4123 -15.4782 2.4
      vertex 18 -20.5 2.4
      vertex 10.5542 -15.4111 2.4
    endloop
  endfacet
  facet normal -0 0 1
    outer loop
      vertex 10.2645 -15.5311 2.4
      vertex 18 -20.5 2.4
      vertex 10.4123 -15.4782 2.4
    endloop
  endfacet
  facet normal -0 0 1
    outer loop
      vertex 10.1121 -15.5693 2.4
      vertex 18 -20.5 2.4
      vertex 10.2645 -15.5311 2.4
    endloop
  endfacet
  facet normal -0 0 1
    outer loop
      vertex 9.95683 -15.5923 2.4
      vertex 18 -20.5 2.4
      vertex 10.1121 -15.5693 2.4
    endloop
  endfacet
  facet normal -0 0 1
    outer loop
      vertex 9.8 -15.6 2.4
      vertex 18 -20.5 2.4
      vertex 9.95683 -15.5923 2.4
    endloop
  endfacet
  facet normal 0 0 1
    outer loop
      vertex 8.86937 -15.6693 2.4
      vertex 9.8 -15.6 2.4
      vertex 9.64317 -15.5923 2.4
    endloop
  endfacet
  facet normal 0 0 1
    outer loop
      vertex 8.86937 -15.6693 2.4
      vertex 9.64317 -15.5923 2.4
      vertex 9.48785 -15.5693 2.4
    endloop
  endfacet
  facet normal -0 0 1
    outer loop
      vertex 9.26918 -15.5691 2.4
      vertex 9.48785 -15.5693 2.4
      vertex 9.35903 -15.537 2.4
    endloop
  endfacet
  facet normal 0 0 1
    outer loop
      vertex 8.86937 -15.6693 2.4
      vertex 9.48785 -15.5693 2.4
      vertex 9.26918 -15.5691 2.4
    endloop
  endfacet
  facet normal 0 0 1
    outer loop
      vertex 9.8 -15.6 2.4
      vertex 8.86937 -15.6693 2.4
      vertex 18 -20.5 2.4
    endloop
  endfacet
  facet normal -0 0 1
    outer loop
      vertex 8.46165 -15.7298 2.4
      vertex 18 -20.5 2.4
      vertex 8.86937 -15.6693 2.4
    endloop
  endfacet
  facet normal -0 0 1
    outer loop
      vertex 8.04999 -15.75 2.4
      vertex 18 -20.5 2.4
      vertex 8.46165 -15.7298 2.4
    endloop
  endfacet
  facet normal -0 0 1
    outer loop
      vertex -8.04999 -15.75 2.4
      vertex 18 -20.5 2.4
      vertex 8.04999 -15.75 2.4
    endloop
  endfacet
  facet normal 0 0 1
    outer loop
      vertex -18 -20.5 2.4
      vertex -8.04999 -15.75 2.4
      vertex -8.46165 -15.7298 2.4
    endloop
  endfacet
  facet normal 0 0 1
    outer loop
      vertex -18 -20.5 2.4
      vertex -8.46165 -15.7298 2.4
      vertex -8.86937 -15.6693 2.4
    endloop
  endfacet
  facet normal 0 0 1
    outer loop
      vertex -9.48785 -15.5693 2.4
      vertex -9.26918 -15.5691 2.4
      vertex -9.35903 -15.537 2.4
    endloop
  endfacet
  facet normal -0 0 1
    outer loop
      vertex -9.48785 -15.5693 2.4
      vertex -8.86937 -15.6693 2.4
      vertex -9.26918 -15.5691 2.4
    endloop
  endfacet
  facet normal -0 0 1
    outer loop
      vertex -9.64317 -15.5923 2.4
      vertex -8.86937 -15.6693 2.4
      vertex -9.48785 -15.5693 2.4
    endloop
  endfacet
  facet normal -0 0 1
    outer loop
      vertex -9.8 -15.6 2.4
      vertex -8.86937 -15.6693 2.4
      vertex -9.64317 -15.5923 2.4
    endloop
  endfacet
  facet normal 0 0 1
    outer loop
      vertex -8.86937 -15.6693 2.4
      vertex -9.8 -15.6 2.4
      vertex -18 -20.5 2.4
    endloop
  endfacet
  facet normal 0 0 1
    outer loop
      vertex -18 -20.5 2.4
      vertex -9.8 -15.6 2.4
      vertex -9.95683 -15.5923 2.4
    endloop
  endfacet
  facet normal 0 0 1
    outer loop
      vertex -18 -20.5 2.4
      vertex -9.95683 -15.5923 2.4
      vertex -10.1121 -15.5693 2.4
    endloop
  endfacet
  facet normal 0 0 1
    outer loop
      vertex -11.5422 -13.8834 2.4
      vertex -11.3923 -14.1568 2.4
      vertex -11.3961 -14.0804 2.4
    endloop
  endfacet
  facet normal 0 0 1
    outer loop
      vertex -11.5422 -13.8834 2.4
      vertex -11.3693 -14.3121 2.4
      vertex -11.3923 -14.1568 2.4
    endloop
  endfacet
  facet normal -0 0 1
    outer loop
      vertex -14.98 -14 2.4
      vertex -11.3693 -14.3121 2.4
      vertex -11.5422 -13.8834 2.4
    endloop
  endfacet
  facet normal 0 0 1
    outer loop
      vertex -11.3693 -14.3121 2.4
      vertex -14.98 -14 2.4
      vertex -11.3311 -14.4645 2.4
    endloop
  endfacet
  facet normal 0 0 1
    outer loop
      vertex -14.98 -14 2.4
      vertex -11.5422 -13.8834 2.4
      vertex -11.7541 -13.5299 2.4
    endloop
  endfacet
  facet normal 0 0 1
    outer loop
      vertex -14.98 -14 2.4
      vertex -11.7541 -13.5299 2.4
      vertex -11.9303 -13.1573 2.4
    endloop
  endfacet
  facet normal 0 0 1
    outer loop
      vertex -12.25 11.55 2.4
      vertex -14.98 8.4 2.4
      vertex -12.25 -11.55 2.4
    endloop
  endfacet
  facet normal -0 0 1
    outer loop
      vertex -14.98 -8.4 2.4
      vertex -12.25 -11.55 2.4
      vertex -14.98 8.4 2.4
    endloop
  endfacet
  facet normal 0 0 1
    outer loop
      vertex -14.98 -14 2.4
      vertex -12.25 -11.55 2.4
      vertex -14.98 -8.4 2.4
    endloop
  endfacet
  facet normal 0 0 1
    outer loop
      vertex -12.25 -11.55 2.4
      vertex -14.98 -14 2.4
      vertex -12.2298 -11.9617 2.4
    endloop
  endfacet
  facet normal 0 0 1
    outer loop
      vertex -12.2298 -11.9617 2.4
      vertex -14.98 -14 2.4
      vertex -12.1693 -12.3694 2.4
    endloop
  endfacet
  facet normal 0 0 1
    outer loop
      vertex -12.1693 -12.3694 2.4
      vertex -14.98 -14 2.4
      vertex -12.0691 -12.7692 2.4
    endloop
  endfacet
  facet normal 0 0 1
    outer loop
      vertex -12.0691 -12.7692 2.4
      vertex -14.98 -14 2.4
      vertex -11.9303 -13.1573 2.4
    endloop
  endfacet
  facet normal 0 0 1
    outer loop
      vertex -11.3311 -14.4645 2.4
      vertex -14.98 -14 2.4
      vertex -11.2782 -14.6123 2.4
    endloop
  endfacet
  facet normal 0 0 1
    outer loop
      vertex -11.2782 -14.6123 2.4
      vertex -14.98 -14 2.4
      vertex -11.2111 -14.7542 2.4
    endloop
  endfacet
  facet normal 0 0 1
    outer loop
      vertex -14.98 -14 2.4
      vertex -11.1304 -14.8889 2.4
      vertex -11.2111 -14.7542 2.4
    endloop
  endfacet
  facet normal 0 0 1
    outer loop
      vertex -14.98 -14 2.4
      vertex -11.0368 -15.015 2.4
      vertex -11.1304 -14.8889 2.4
    endloop
  endfacet
  facet normal 0 0 1
    outer loop
      vertex -14.98 -14 2.4
      vertex -10.9314 -15.1314 2.4
      vertex -11.0368 -15.015 2.4
    endloop
  endfacet
  facet normal 0 0 1
    outer loop
      vertex -18 -20.5 2.4
      vertex -10.9314 -15.1314 2.4
      vertex -14.98 -14 2.4
    endloop
  endfacet
  facet normal 0 0 1
    outer loop
      vertex -10.9314 -15.1314 2.4
      vertex -18 -20.5 2.4
      vertex -10.815 -15.2368 2.4
    endloop
  endfacet
  facet normal 0 0 1
    outer loop
      vertex -10.815 -15.2368 2.4
      vertex -18 -20.5 2.4
      vertex -10.6889 -15.3304 2.4
    endloop
  endfacet
  facet normal 0 0 1
    outer loop
      vertex -10.6889 -15.3304 2.4
      vertex -18 -20.5 2.4
      vertex -10.5542 -15.4111 2.4
    endloop
  endfacet
  facet normal 0 0 1
    outer loop
      vertex -10.5542 -15.4111 2.4
      vertex -18 -20.5 2.4
      vertex -10.4123 -15.4782 2.4
    endloop
  endfacet
  facet normal 0 0 1
    outer loop
      vertex -18 -20.5 2.4
      vertex -14.98 -14 2.4
      vertex -16.53 -14 2.4
    endloop
  endfacet
  facet normal 0 0 1
    outer loop
      vertex -10.4123 -15.4782 2.4
      vertex -18 -20.5 2.4
      vertex -10.2645 -15.5311 2.4
    endloop
  endfacet
  facet normal -0 0 1
    outer loop
      vertex -16.7721 -12.6591 2.4
      vertex -16.53 -14 2.4
      vertex -16.6376 -12.4778 2.4
    endloop
  endfacet
  facet normal -0 0 1
    outer loop
      vertex -16.9237 -12.8263 2.4
      vertex -16.53 -14 2.4
      vertex -16.7721 -12.6591 2.4
    endloop
  endfacet
  facet normal -0 0 1
    outer loop
      vertex -17.0909 -12.9779 2.4
      vertex -16.53 -14 2.4
      vertex -16.9237 -12.8263 2.4
    endloop
  endfacet
  facet normal -0 0 1
    outer loop
      vertex -17.2722 -13.1124 2.4
      vertex -16.53 -14 2.4
      vertex -17.0909 -12.9779 2.4
    endloop
  endfacet
  facet normal -0 0 1
    outer loop
      vertex -17.4658 -13.2284 2.4
      vertex -16.53 -14 2.4
      vertex -17.2722 -13.1124 2.4
    endloop
  endfacet
  facet normal -0 0 1
    outer loop
      vertex -17.6698 -13.3249 2.4
      vertex -16.53 -14 2.4
      vertex -17.4658 -13.2284 2.4
    endloop
  endfacet
  facet normal -0 0 1
    outer loop
      vertex -17.8824 -13.401 2.4
      vertex -16.53 -14 2.4
      vertex -17.6698 -13.3249 2.4
    endloop
  endfacet
  facet normal 0 0 1
    outer loop
      vertex -8.04999 -15.75 2.4
      vertex -18 -20.5 2.4
      vertex 18 -20.5 2.4
    endloop
  endfacet
  facet normal 0 0 1
    outer loop
      vertex -10.2645 -15.5311 2.4
      vertex -18 -20.5 2.4
      vertex -10.1121 -15.5693 2.4
    endloop
  endfacet
  facet normal -0 0 1
    outer loop
      vertex -18.1013 -13.4558 2.4
      vertex -16.53 -14 2.4
      vertex -17.8824 -13.401 2.4
    endloop
  endfacet
  facet normal -0 0 1
    outer loop
      vertex -18.3246 -13.4889 2.4
      vertex -16.53 -14 2.4
      vertex -18.1013 -13.4558 2.4
    endloop
  endfacet
  facet normal -0 0 1
    outer loop
      vertex -18.55 -13.5 2.4
      vertex -16.53 -14 2.4
      vertex -18.3246 -13.4889 2.4
    endloop
  endfacet
  facet normal 0 0 1
    outer loop
      vertex -16.53 -14 2.4
      vertex -18.4901 -20.4759 2.4
      vertex -18 -20.5 2.4
    endloop
  endfacet
  facet normal 0 0 1
    outer loop
      vertex -16.53 -14 2.4
      vertex -18.55 -13.5 2.4
      vertex -18.9754 -20.4039 2.4
    endloop
  endfacet
  facet normal 0 0 1
    outer loop
      vertex -16.53 -14 2.4
      vertex -18.9754 -20.4039 2.4
      vertex -18.4901 -20.4759 2.4
    endloop
  endfacet
  facet normal 0 0 1
    outer loop
      vertex -20.7778 -19.6573 2.4
      vertex -18.55 -13.5 2.4
      vertex -19.45 -13.5 2.4
    endloop
  endfacet
  facet normal 0 0 1
    outer loop
      vertex -18.55 -13.5 2.4
      vertex -19.4514 -20.2847 2.4
      vertex -18.9754 -20.4039 2.4
    endloop
  endfacet
  facet normal 0 0 1
    outer loop
      vertex -22.1573 -18.2778 2.4
      vertex -19.45 -13.5 2.4
      vertex -19.6754 -13.4889 2.4
    endloop
  endfacet
  facet normal 0 0 1
    outer loop
      vertex -22.7847 -16.9514 2.4
      vertex -19.6754 -13.4889 2.4
      vertex -19.8987 -13.4558 2.4
    endloop
  endfacet
  facet normal 0 0 1
    outer loop
      vertex -18.55 -13.5 2.4
      vertex -19.9134 -20.1194 2.4
      vertex -19.4514 -20.2847 2.4
    endloop
  endfacet
  facet normal 0 0 1
    outer loop
      vertex -22.9759 -15.9901 2.4
      vertex -19.8987 -13.4558 2.4
      vertex -20.1176 -13.401 2.4
    endloop
  endfacet
  facet normal 0 0 1
    outer loop
      vertex -23 -15.5 2.4
      vertex -20.1176 -13.401 2.4
      vertex -20.3302 -13.3249 2.4
    endloop
  endfacet
  facet normal 0 0 1
    outer loop
      vertex -18.55 -13.5 2.4
      vertex -20.357 -19.9096 2.4
      vertex -19.9134 -20.1194 2.4
    endloop
  endfacet
  facet normal 0 0 1
    outer loop
      vertex -23 -15.5 2.4
      vertex -20.3302 -13.3249 2.4
      vertex -20.5342 -13.2284 2.4
    endloop
  endfacet
  facet normal 0 0 1
    outer loop
      vertex -23 -15.5 2.4
      vertex -20.5342 -13.2284 2.4
      vertex -20.7278 -13.1124 2.4
    endloop
  endfacet
  facet normal 0 0 1
    outer loop
      vertex -18.55 -13.5 2.4
      vertex -20.7778 -19.6573 2.4
      vertex -20.357 -19.9096 2.4
    endloop
  endfacet
  facet normal 0 0 1
    outer loop
      vertex -23 -15.5 2.4
      vertex -20.7278 -13.1124 2.4
      vertex -20.9091 -12.9779 2.4
    endloop
  endfacet
  facet normal 0 0 1
    outer loop
      vertex -23 -15.5 2.4
      vertex -20.9091 -12.9779 2.4
      vertex -21.0763 -12.8263 2.4
    endloop
  endfacet
  facet normal 0 0 1
    outer loop
      vertex -19.45 -13.5 2.4
      vertex -21.172 -19.3651 2.4
      vertex -20.7778 -19.6573 2.4
    endloop
  endfacet
  facet normal 0 0 1
    outer loop
      vertex -23 -15.5 2.4
      vertex -21.0763 -12.8263 2.4
      vertex -21.2279 -12.6591 2.4
    endloop
  endfacet
  facet normal 0 0 1
    outer loop
      vertex -23 -15.5 2.4
      vertex -21.2279 -12.6591 2.4
      vertex -21.3624 -12.4778 2.4
    endloop
  endfacet
  facet normal 0 0 1
    outer loop
      vertex -23 -15.5 2.4
      vertex -21.3624 -12.4778 2.4
      vertex -21.4784 -12.2842 2.4
    endloop
  endfacet
  facet normal 0 0 1
    outer loop
      vertex -19.45 -13.5 2.4
      vertex -21.5355 -19.0355 2.4
      vertex -21.172 -19.3651 2.4
    endloop
  endfacet
  facet normal 0 0 1
    outer loop
      vertex -23 -15.5 2.4
      vertex -21.4784 -12.2842 2.4
      vertex -21.5749 -12.0802 2.4
    endloop
  endfacet
  facet normal 0 0 1
    outer loop
      vertex -23 -15.5 2.4
      vertex -21.5749 -12.0802 2.4
      vertex -21.651 -11.8676 2.4
    endloop
  endfacet
  facet normal 0 0 1
    outer loop
      vertex -23 -15.5 2.4
      vertex -21.651 -11.8676 2.4
      vertex -21.7058 -11.6487 2.4
    endloop
  endfacet
  facet normal 0 0 1
    outer loop
      vertex -23 -15.5 2.4
      vertex -21.7058 -11.6487 2.4
      vertex -21.7389 -11.4254 2.4
    endloop
  endfacet
  facet normal 0 0 1
    outer loop
      vertex -23 -15.5 2.4
      vertex -21.7389 -11.4254 2.4
      vertex -21.75 -11.2 2.4
    endloop
  endfacet
  facet normal 0 0 1
    outer loop
      vertex -20.1176 -13.401 2.4
      vertex -23 -15.5 2.4
      vertex -22.9759 -15.9901 2.4
    endloop
  endfacet
  facet normal 0 0 1
    outer loop
      vertex -21.75 11.2 2.4
      vertex -23 15.5 2.4
      vertex -21.75 -11.2 2.4
    endloop
  endfacet
  facet normal 0 0 1
    outer loop
      vertex -20.5342 13.2284 2.4
      vertex -23 15.5 2.4
      vertex -20.7278 13.1124 2.4
    endloop
  endfacet
  facet normal 0 0 1
    outer loop
      vertex -23 -15.5 2.4
      vertex -21.75 -11.2 2.4
      vertex -23 15.5 2.4
    endloop
  endfacet
  facet normal 0 0 1
    outer loop
      vertex -20.7278 13.1124 2.4
      vertex -23 15.5 2.4
      vertex -20.9091 12.9779 2.4
    endloop
  endfacet
  facet normal 0 0 1
    outer loop
      vertex -19.45 -13.5 2.4
      vertex -21.8651 -18.672 2.4
      vertex -21.5355 -19.0355 2.4
    endloop
  endfacet
  facet normal 0 0 1
    outer loop
      vertex -20.9091 12.9779 2.4
      vertex -23 15.5 2.4
      vertex -21.0763 12.8263 2.4
    endloop
  endfacet
  facet normal 0 0 1
    outer loop
      vertex -19.45 -13.5 2.4
      vertex -22.1573 -18.2778 2.4
      vertex -21.8651 -18.672 2.4
    endloop
  endfacet
  facet normal 0 0 1
    outer loop
      vertex -21.0763 12.8263 2.4
      vertex -23 15.5 2.4
      vertex -21.2279 12.6591 2.4
    endloop
  endfacet
  facet normal 0 0 1
    outer loop
      vertex -19.6754 -13.4889 2.4
      vertex -22.4096 -17.857 2.4
      vertex -22.1573 -18.2778 2.4
    endloop
  endfacet
  facet normal 0 0 1
    outer loop
      vertex -21.2279 12.6591 2.4
      vertex -23 15.5 2.4
      vertex -21.3624 12.4778 2.4
    endloop
  endfacet
  facet normal 0 0 1
    outer loop
      vertex -19.6754 -13.4889 2.4
      vertex -22.6194 -17.4134 2.4
      vertex -22.4096 -17.857 2.4
    endloop
  endfacet
  facet normal 0 0 1
    outer loop
      vertex -21.3624 12.4778 2.4
      vertex -23 15.5 2.4
      vertex -21.4784 12.2842 2.4
    endloop
  endfacet
  facet normal 0 0 1
    outer loop
      vertex -19.6754 -13.4889 2.4
      vertex -22.7847 -16.9514 2.4
      vertex -22.6194 -17.4134 2.4
    endloop
  endfacet
  facet normal 0 0 1
    outer loop
      vertex -19.8987 -13.4558 2.4
      vertex -22.9039 -16.4754 2.4
      vertex -22.7847 -16.9514 2.4
    endloop
  endfacet
  facet normal 0 0 1
    outer loop
      vertex -19.8987 -13.4558 2.4
      vertex -22.9759 -15.9901 2.4
      vertex -22.9039 -16.4754 2.4
    endloop
  endfacet
  facet normal 0 0 1
    outer loop
      vertex 16.6376 12.4778 2.4
      vertex 16.53 14 2.4
      vertex 16.53 12.2982 2.4
    endloop
  endfacet
  facet normal -0 0 1
    outer loop
      vertex 14.98 8.4 2.4
      vertex 16.25 -8.4 2.4
      vertex 16.25 8.4 2.4
    endloop
  endfacet
  facet normal 0 0 1
    outer loop
      vertex 16.25 -8.4 2.4
      vertex 14.98 8.4 2.4
      vertex 14.98 -8.4 2.4
    endloop
  endfacet
  facet normal 0 0 -1
    outer loop
      vertex -16.53 8.4 2.4
      vertex -16.25 11.2 2.4
      vertex -16.25 8.4 2.4
    endloop
  endfacet
  facet normal 0 0 -1
    outer loop
      vertex -16.53 12.2982 2.4
      vertex -16.25 11.2 2.4
      vertex -16.53 8.4 2.4
    endloop
  endfacet
  facet normal 0 0 -1
    outer loop
      vertex -16.25 11.2 2.4
      vertex -16.53 12.2982 2.4
      vertex -16.2611 11.4254 2.4
    endloop
  endfacet
  facet normal 0 0 -1
    outer loop
      vertex -16.2611 11.4254 2.4
      vertex -16.53 12.2982 2.4
      vertex -16.2942 11.6487 2.4
    endloop
  endfacet
  facet normal 0 0 -1
    outer loop
      vertex -16.2942 11.6487 2.4
      vertex -16.53 12.2982 2.4
      vertex -16.349 11.8676 2.4
    endloop
  endfacet
  facet normal 0 0 -1
    outer loop
      vertex -16.349 11.8676 2.4
      vertex -16.53 12.2982 2.4
      vertex -16.4251 12.0802 2.4
    endloop
  endfacet
  facet normal 0 0 -1
    outer loop
      vertex -16.4251 12.0802 2.4
      vertex -16.53 12.2982 2.4
      vertex -16.5216 12.2842 2.4
    endloop
  endfacet
  facet normal 0 0 -1
    outer loop
      vertex -16.53 -12.2982 2.4
      vertex -16.25 -11.2 2.4
      vertex -16.2611 -11.4254 2.4
    endloop
  endfacet
  facet normal 0 0 -1
    outer loop
      vertex -16.53 -12.2982 2.4
      vertex -16.2611 -11.4254 2.4
      vertex -16.2942 -11.6487 2.4
    endloop
  endfacet
  facet normal 0 0 -1
    outer loop
      vertex -16.53 -12.2982 2.4
      vertex -16.2942 -11.6487 2.4
      vertex -16.349 -11.8676 2.4
    endloop
  endfacet
  facet normal 0 0 -1
    outer loop
      vertex -16.53 -12.2982 2.4
      vertex -16.349 -11.8676 2.4
      vertex -16.4251 -12.0802 2.4
    endloop
  endfacet
  facet normal 0 0 -1
    outer loop
      vertex -16.53 -12.2982 2.4
      vertex -16.4251 -12.0802 2.4
      vertex -16.5216 -12.2842 2.4
    endloop
  endfacet
  facet normal -0 0 -1
    outer loop
      vertex -16.25 -11.2 2.4
      vertex -16.53 -12.2982 2.4
      vertex -16.53 -8.4 2.4
    endloop
  endfacet
  facet normal 0 0 -1
    outer loop
      vertex -16.25 -11.2 2.4
      vertex -16.53 -8.4 2.4
      vertex -16.25 -8.4 2.4
    endloop
  endfacet
  facet normal 0 0 -1
    outer loop
      vertex 16.4251 -12.0802 2.4
      vertex 16.53 -12.2982 2.4
      vertex 16.5216 -12.2842 2.4
    endloop
  endfacet
  facet normal 0 0 -1
    outer loop
      vertex 16.53 -12.2982 2.4
      vertex 16.4251 -12.0802 2.4
      vertex 16.25 -11.2 2.4
    endloop
  endfacet
  facet normal 0 0 -1
    outer loop
      vertex 16.25 -11.2 2.4
      vertex 16.4251 -12.0802 2.4
      vertex 16.349 -11.8676 2.4
    endloop
  endfacet
  facet normal 0 0 -1
    outer loop
      vertex 16.25 -11.2 2.4
      vertex 16.349 -11.8676 2.4
      vertex 16.2942 -11.6487 2.4
    endloop
  endfacet
  facet normal 0 0 -1
    outer loop
      vertex 16.25 -11.2 2.4
      vertex 16.2942 -11.6487 2.4
      vertex 16.2611 -11.4254 2.4
    endloop
  endfacet
  facet normal 0 0 -1
    outer loop
      vertex 16.53 -12.2982 2.4
      vertex 16.25 -11.2 2.4
      vertex 16.53 -8.4 2.4
    endloop
  endfacet
  facet normal -0 0 -1
    outer loop
      vertex 16.53 -8.4 2.4
      vertex 16.25 -11.2 2.4
      vertex 16.25 -8.4 2.4
    endloop
  endfacet
  facet normal 0 0 -1
    outer loop
      vertex 16.25 11.2 2.4
      vertex 16.53 12.2982 2.4
      vertex 16.53 8.4 2.4
    endloop
  endfacet
  facet normal 0 -0 -1
    outer loop
      vertex 16.4251 12.0802 2.4
      vertex 16.53 12.2982 2.4
      vertex 16.25 11.2 2.4
    endloop
  endfacet
  facet normal 0 0 -1
    outer loop
      vertex 16.53 12.2982 2.4
      vertex 16.4251 12.0802 2.4
      vertex 16.5216 12.2842 2.4
    endloop
  endfacet
  facet normal 0 0 -1
    outer loop
      vertex 16.4251 12.0802 2.4
      vertex 16.25 11.2 2.4
      vertex 16.349 11.8676 2.4
    endloop
  endfacet
  facet normal 0 0 -1
    outer loop
      vertex 16.349 11.8676 2.4
      vertex 16.25 11.2 2.4
      vertex 16.2942 11.6487 2.4
    endloop
  endfacet
  facet normal 0 0 -1
    outer loop
      vertex 16.25 11.2 2.4
      vertex 16.53 8.4 2.4
      vertex 16.25 8.4 2.4
    endloop
  endfacet
  facet normal 0 0 -1
    outer loop
      vertex 16.2942 11.6487 2.4
      vertex 16.25 11.2 2.4
      vertex 16.2611 11.4254 2.4
    endloop
  endfacet
  facet normal 0 0 -1
    outer loop
      vertex -10.3834 -15.0422 2.4
      vertex -8.2 -14 2.4
      vertex -8.2077 -14.1568 2.4
    endloop
  endfacet
  facet normal 0 0 -1
    outer loop
      vertex -10.0299 -15.2541 2.4
      vertex -8.2077 -14.1568 2.4
      vertex -8.23074 -14.3121 2.4
    endloop
  endfacet
  facet normal -0 0 -1
    outer loop
      vertex -8.2 -14 2.4
      vertex -10.3834 -15.0422 2.4
      vertex -8.2077 -13.8432 2.4
    endloop
  endfacet
  facet normal 0 0 -1
    outer loop
      vertex -10.0299 -15.2541 2.4
      vertex -8.23074 -14.3121 2.4
      vertex -8.2689 -14.4645 2.4
    endloop
  endfacet
  facet normal 0 0 -1
    outer loop
      vertex -8.2077 -14.1568 2.4
      vertex -10.0299 -15.2541 2.4
      vertex -10.3834 -15.0422 2.4
    endloop
  endfacet
  facet normal 0 0 -1
    outer loop
      vertex -10.0299 -15.2541 2.4
      vertex -8.2689 -14.4645 2.4
      vertex -8.32179 -14.6123 2.4
    endloop
  endfacet
  facet normal -0 0 -1
    outer loop
      vertex -8.2077 -13.8432 2.4
      vertex -10.3834 -15.0422 2.4
      vertex -8.23074 -13.6879 2.4
    endloop
  endfacet
  facet normal 0 0 -1
    outer loop
      vertex -10.0299 -15.2541 2.4
      vertex -8.32179 -14.6123 2.4
      vertex -8.38893 -14.7542 2.4
    endloop
  endfacet
  facet normal -0 0 -1
    outer loop
      vertex -8.23074 -13.6879 2.4
      vertex -10.3834 -15.0422 2.4
      vertex -8.2689 -13.5355 2.4
    endloop
  endfacet
  facet normal 0 0 -1
    outer loop
      vertex -10.0299 -15.2541 2.4
      vertex -8.38893 -14.7542 2.4
      vertex -8.46965 -14.8889 2.4
    endloop
  endfacet
  facet normal -0 0 -1
    outer loop
      vertex -8.2689 -13.5355 2.4
      vertex -10.3834 -15.0422 2.4
      vertex -8.32179 -13.3877 2.4
    endloop
  endfacet
  facet normal 0 0 -1
    outer loop
      vertex -10.0299 -15.2541 2.4
      vertex -8.46965 -14.8889 2.4
      vertex -8.56318 -15.015 2.4
    endloop
  endfacet
  facet normal -0 0 -1
    outer loop
      vertex -8.32179 -13.3877 2.4
      vertex -10.3834 -15.0422 2.4
      vertex -8.38893 -13.2458 2.4
    endloop
  endfacet
  facet normal 0 0 -1
    outer loop
      vertex -10.0299 -15.2541 2.4
      vertex -8.56318 -15.015 2.4
      vertex -8.66863 -15.1314 2.4
    endloop
  endfacet
  facet normal -0 0 -1
    outer loop
      vertex -8.38893 -13.2458 2.4
      vertex -10.3834 -15.0422 2.4
      vertex -8.46965 -13.1111 2.4
    endloop
  endfacet
  facet normal 0 0 -1
    outer loop
      vertex -10.0299 -15.2541 2.4
      vertex -8.66863 -15.1314 2.4
      vertex -8.78497 -15.2368 2.4
    endloop
  endfacet
  facet normal -0 0 -1
    outer loop
      vertex -8.46965 -13.1111 2.4
      vertex -10.3834 -15.0422 2.4
      vertex -8.56318 -12.985 2.4
    endloop
  endfacet
  facet normal 0 0 -1
    outer loop
      vertex -9.65726 -15.4303 2.4
      vertex -8.78497 -15.2368 2.4
      vertex -8.91109 -15.3304 2.4
    endloop
  endfacet
  facet normal -0 0 -1
    outer loop
      vertex -8.56318 -12.985 2.4
      vertex -10.3834 -15.0422 2.4
      vertex -8.66863 -12.8686 2.4
    endloop
  endfacet
  facet normal 0 0 -1
    outer loop
      vertex -9.65726 -15.4303 2.4
      vertex -8.91109 -15.3304 2.4
      vertex -9.04576 -15.4111 2.4
    endloop
  endfacet
  facet normal -0 0 -1
    outer loop
      vertex -8.66863 -12.8686 2.4
      vertex -10.3834 -15.0422 2.4
      vertex -8.78497 -12.7632 2.4
    endloop
  endfacet
  facet normal 0 0 -1
    outer loop
      vertex -9.65726 -15.4303 2.4
      vertex -9.04576 -15.4111 2.4
      vertex -9.18771 -15.4782 2.4
    endloop
  endfacet
  facet normal -0 0 -1
    outer loop
      vertex -8.78497 -12.7632 2.4
      vertex -10.3834 -15.0422 2.4
      vertex -8.91109 -12.6696 2.4
    endloop
  endfacet
  facet normal 0 0 -1
    outer loop
      vertex -9.65726 -15.4303 2.4
      vertex -9.18771 -15.4782 2.4
      vertex -9.33554 -15.5311 2.4
    endloop
  endfacet
  facet normal 0 0 -1
    outer loop
      vertex -8.78497 -15.2368 2.4
      vertex -9.65726 -15.4303 2.4
      vertex -10.0299 -15.2541 2.4
    endloop
  endfacet
  facet normal 0 0 -1
    outer loop
      vertex -9.65726 -15.4303 2.4
      vertex -9.33554 -15.5311 2.4
      vertex -9.35903 -15.537 2.4
    endloop
  endfacet
  facet normal -0 0 -1
    outer loop
      vertex -8.91109 -12.6696 2.4
      vertex -10.3834 -15.0422 2.4
      vertex -9.04576 -12.5889 2.4
    endloop
  endfacet
  facet normal -0 0 -1
    outer loop
      vertex -9.04576 -12.5889 2.4
      vertex -10.3834 -15.0422 2.4
      vertex -9.18771 -12.5218 2.4
    endloop
  endfacet
  facet normal -0 0 -1
    outer loop
      vertex -9.18771 -12.5218 2.4
      vertex -10.3834 -15.0422 2.4
      vertex -9.33554 -12.4689 2.4
    endloop
  endfacet
  facet normal 0 0 -1
    outer loop
      vertex -10.7144 -14.7966 2.4
      vertex -9.33554 -12.4689 2.4
      vertex -10.3834 -15.0422 2.4
    endloop
  endfacet
  facet normal -0 0 -1
    outer loop
      vertex -9.33554 -12.4689 2.4
      vertex -10.7144 -14.7966 2.4
      vertex -9.48785 -12.4307 2.4
    endloop
  endfacet
  facet normal -0 0 -1
    outer loop
      vertex -9.48785 -12.4307 2.4
      vertex -10.7144 -14.7966 2.4
      vertex -9.64317 -12.4077 2.4
    endloop
  endfacet
  facet normal -0 0 -1
    outer loop
      vertex -9.64317 -12.4077 2.4
      vertex -10.7144 -14.7966 2.4
      vertex -9.8 -12.4 2.4
    endloop
  endfacet
  facet normal 0 0 -1
    outer loop
      vertex -9.8 -12.4 2.4
      vertex -10.7144 -14.7966 2.4
      vertex -9.95683 -12.4077 2.4
    endloop
  endfacet
  facet normal 0 0 -1
    outer loop
      vertex -9.95683 -12.4077 2.4
      vertex -10.7144 -14.7966 2.4
      vertex -10.1121 -12.4307 2.4
    endloop
  endfacet
  facet normal 0 0 -1
    outer loop
      vertex -10.1121 -12.4307 2.4
      vertex -10.7144 -14.7966 2.4
      vertex -10.2645 -12.4689 2.4
    endloop
  endfacet
  facet normal 0 0 -1
    outer loop
      vertex -10.2645 -12.4689 2.4
      vertex -10.7144 -14.7966 2.4
      vertex -10.4123 -12.5218 2.4
    endloop
  endfacet
  facet normal 0 0 -1
    outer loop
      vertex -10.4123 -12.5218 2.4
      vertex -10.7144 -14.7966 2.4
      vertex -10.5542 -12.5889 2.4
    endloop
  endfacet
  facet normal 0 0 -1
    outer loop
      vertex -10.5542 -12.5889 2.4
      vertex -10.7144 -14.7966 2.4
      vertex -10.6889 -12.6696 2.4
    endloop
  endfacet
  facet normal 0 0 -1
    outer loop
      vertex -10.7144 -14.7966 2.4
      vertex -10.815 -12.7632 2.4
      vertex -10.6889 -12.6696 2.4
    endloop
  endfacet
  facet normal 0 0 -1
    outer loop
      vertex -10.7144 -14.7966 2.4
      vertex -10.9314 -12.8686 2.4
      vertex -10.815 -12.7632 2.4
    endloop
  endfacet
  facet normal 0 0 -1
    outer loop
      vertex -11.0198 -14.5198 2.4
      vertex -10.9314 -12.8686 2.4
      vertex -10.7144 -14.7966 2.4
    endloop
  endfacet
  facet normal 0 0 -1
    outer loop
      vertex -11.0198 -14.5198 2.4
      vertex -11.0368 -12.985 2.4
      vertex -10.9314 -12.8686 2.4
    endloop
  endfacet
  facet normal 0 0 -1
    outer loop
      vertex -11.0198 -14.5198 2.4
      vertex -11.1304 -13.1111 2.4
      vertex -11.0368 -12.985 2.4
    endloop
  endfacet
  facet normal 0 0 -1
    outer loop
      vertex -11.0198 -14.5198 2.4
      vertex -11.2111 -13.2458 2.4
      vertex -11.1304 -13.1111 2.4
    endloop
  endfacet
  facet normal 0 0 -1
    outer loop
      vertex -11.0198 -14.5198 2.4
      vertex -11.2782 -13.3877 2.4
      vertex -11.2111 -13.2458 2.4
    endloop
  endfacet
  facet normal 0 0 -1
    outer loop
      vertex -11.3693 -13.6879 2.4
      vertex -11.0198 -14.5198 2.4
      vertex -11.2966 -14.2144 2.4
    endloop
  endfacet
  facet normal 0 0 -1
    outer loop
      vertex -11.0198 -14.5198 2.4
      vertex -11.3311 -13.5355 2.4
      vertex -11.2782 -13.3877 2.4
    endloop
  endfacet
  facet normal 0 0 -1
    outer loop
      vertex -11.0198 -14.5198 2.4
      vertex -11.3693 -13.6879 2.4
      vertex -11.3311 -13.5355 2.4
    endloop
  endfacet
  facet normal 0 0 -1
    outer loop
      vertex -11.2966 -14.2144 2.4
      vertex -11.3923 -13.8432 2.4
      vertex -11.3693 -13.6879 2.4
    endloop
  endfacet
  facet normal 0 0 -1
    outer loop
      vertex -11.4 -14 2.4
      vertex -11.2966 -14.2144 2.4
      vertex -11.3961 -14.0804 2.4
    endloop
  endfacet
  facet normal 0 0 -1
    outer loop
      vertex -11.2966 -14.2144 2.4
      vertex -11.4 -14 2.4
      vertex -11.3923 -13.8432 2.4
    endloop
  endfacet
  facet normal 0 0 -1
    outer loop
      vertex -10.3834 15.0422 2.4
      vertex -8.2 14 2.4
      vertex -8.2077 13.8432 2.4
    endloop
  endfacet
  facet normal 0 0 -1
    outer loop
      vertex -10.3834 15.0422 2.4
      vertex -8.2077 13.8432 2.4
      vertex -8.23074 13.6879 2.4
    endloop
  endfacet
  facet normal 0 0 -1
    outer loop
      vertex -8.2 14 2.4
      vertex -10.3834 15.0422 2.4
      vertex -8.2077 14.1568 2.4
    endloop
  endfacet
  facet normal 0 0 -1
    outer loop
      vertex -10.3834 15.0422 2.4
      vertex -8.23074 13.6879 2.4
      vertex -8.2689 13.5355 2.4
    endloop
  endfacet
  facet normal 0 -0 -1
    outer loop
      vertex -10.0299 15.2541 2.4
      vertex -8.2077 14.1568 2.4
      vertex -10.3834 15.0422 2.4
    endloop
  endfacet
  facet normal 0 0 -1
    outer loop
      vertex -10.3834 15.0422 2.4
      vertex -8.2689 13.5355 2.4
      vertex -8.32179 13.3877 2.4
    endloop
  endfacet
  facet normal 0 0 -1
    outer loop
      vertex -8.2077 14.1568 2.4
      vertex -10.0299 15.2541 2.4
      vertex -8.23074 14.3121 2.4
    endloop
  endfacet
  facet normal 0 0 -1
    outer loop
      vertex -10.3834 15.0422 2.4
      vertex -8.32179 13.3877 2.4
      vertex -8.38893 13.2458 2.4
    endloop
  endfacet
  facet normal 0 0 -1
    outer loop
      vertex -8.23074 14.3121 2.4
      vertex -10.0299 15.2541 2.4
      vertex -8.2689 14.4645 2.4
    endloop
  endfacet
  facet normal 0 0 -1
    outer loop
      vertex -10.3834 15.0422 2.4
      vertex -8.38893 13.2458 2.4
      vertex -8.46965 13.1111 2.4
    endloop
  endfacet
  facet normal 0 0 -1
    outer loop
      vertex -8.32179 14.6123 2.4
      vertex -10.0299 15.2541 2.4
      vertex -8.38893 14.7542 2.4
    endloop
  endfacet
  facet normal 0 0 -1
    outer loop
      vertex -10.3834 15.0422 2.4
      vertex -8.46965 13.1111 2.4
      vertex -8.56318 12.985 2.4
    endloop
  endfacet
  facet normal 0 0 -1
    outer loop
      vertex -8.38893 14.7542 2.4
      vertex -10.0299 15.2541 2.4
      vertex -8.46965 14.8889 2.4
    endloop
  endfacet
  facet normal 0 0 -1
    outer loop
      vertex -10.3834 15.0422 2.4
      vertex -8.56318 12.985 2.4
      vertex -8.66863 12.8686 2.4
    endloop
  endfacet
  facet normal 0 0 -1
    outer loop
      vertex -8.46965 14.8889 2.4
      vertex -10.0299 15.2541 2.4
      vertex -8.56318 15.015 2.4
    endloop
  endfacet
  facet normal 0 0 -1
    outer loop
      vertex -10.3834 15.0422 2.4
      vertex -8.66863 12.8686 2.4
      vertex -8.78497 12.7632 2.4
    endloop
  endfacet
  facet normal 0 0 -1
    outer loop
      vertex -8.56318 15.015 2.4
      vertex -10.0299 15.2541 2.4
      vertex -8.66863 15.1314 2.4
    endloop
  endfacet
  facet normal 0 0 -1
    outer loop
      vertex -10.3834 15.0422 2.4
      vertex -8.78497 12.7632 2.4
      vertex -8.91109 12.6696 2.4
    endloop
  endfacet
  facet normal 0 0 -1
    outer loop
      vertex -8.66863 15.1314 2.4
      vertex -10.0299 15.2541 2.4
      vertex -8.78497 15.2368 2.4
    endloop
  endfacet
  facet normal 0 0 -1
    outer loop
      vertex -10.3834 15.0422 2.4
      vertex -8.91109 12.6696 2.4
      vertex -9.04576 12.5889 2.4
    endloop
  endfacet
  facet normal 0 -0 -1
    outer loop
      vertex -9.65726 15.4303 2.4
      vertex -8.78497 15.2368 2.4
      vertex -10.0299 15.2541 2.4
    endloop
  endfacet
  facet normal 0 0 -1
    outer loop
      vertex -10.3834 15.0422 2.4
      vertex -9.04576 12.5889 2.4
      vertex -9.18771 12.5218 2.4
    endloop
  endfacet
  facet normal 0 0 -1
    outer loop
      vertex -8.78497 15.2368 2.4
      vertex -9.65726 15.4303 2.4
      vertex -8.91109 15.3304 2.4
    endloop
  endfacet
  facet normal 0 0 -1
    outer loop
      vertex -10.3834 15.0422 2.4
      vertex -9.18771 12.5218 2.4
      vertex -9.33554 12.4689 2.4
    endloop
  endfacet
  facet normal 0 0 -1
    outer loop
      vertex -8.91109 15.3304 2.4
      vertex -9.65726 15.4303 2.4
      vertex -9.04576 15.4111 2.4
    endloop
  endfacet
  facet normal -0 0 -1
    outer loop
      vertex -9.18771 15.4782 2.4
      vertex -9.65726 15.4303 2.4
      vertex -9.33554 15.5311 2.4
    endloop
  endfacet
  facet normal 0 0 -1
    outer loop
      vertex -10.7144 14.7966 2.4
      vertex -9.33554 12.4689 2.4
      vertex -9.48785 12.4307 2.4
    endloop
  endfacet
  facet normal 0 0 -1
    outer loop
      vertex -10.7144 14.7966 2.4
      vertex -9.48785 12.4307 2.4
      vertex -9.64317 12.4077 2.4
    endloop
  endfacet
  facet normal -0 0 -1
    outer loop
      vertex -9.33554 15.5311 2.4
      vertex -9.65726 15.4303 2.4
      vertex -9.35903 15.537 2.4
    endloop
  endfacet
  facet normal 0 0 -1
    outer loop
      vertex -10.7144 14.7966 2.4
      vertex -9.64317 12.4077 2.4
      vertex -9.8 12.4 2.4
    endloop
  endfacet
  facet normal 0 0 -1
    outer loop
      vertex -10.7144 14.7966 2.4
      vertex -9.8 12.4 2.4
      vertex -9.95683 12.4077 2.4
    endloop
  endfacet
  facet normal 0 0 -1
    outer loop
      vertex -9.04576 15.4111 2.4
      vertex -9.65726 15.4303 2.4
      vertex -9.18771 15.4782 2.4
    endloop
  endfacet
  facet normal 0 0 -1
    outer loop
      vertex -10.7144 14.7966 2.4
      vertex -9.95683 12.4077 2.4
      vertex -10.1121 12.4307 2.4
    endloop
  endfacet
  facet normal 0 0 -1
    outer loop
      vertex -10.7144 14.7966 2.4
      vertex -10.1121 12.4307 2.4
      vertex -10.2645 12.4689 2.4
    endloop
  endfacet
  facet normal 0 0 -1
    outer loop
      vertex -8.2689 14.4645 2.4
      vertex -10.0299 15.2541 2.4
      vertex -8.32179 14.6123 2.4
    endloop
  endfacet
  facet normal 0 0 -1
    outer loop
      vertex -10.7144 14.7966 2.4
      vertex -10.2645 12.4689 2.4
      vertex -10.4123 12.5218 2.4
    endloop
  endfacet
  facet normal 0 0 -1
    outer loop
      vertex -10.7144 14.7966 2.4
      vertex -10.4123 12.5218 2.4
      vertex -10.5542 12.5889 2.4
    endloop
  endfacet
  facet normal 0 0 -1
    outer loop
      vertex -10.7144 14.7966 2.4
      vertex -10.5542 12.5889 2.4
      vertex -10.6889 12.6696 2.4
    endloop
  endfacet
  facet normal 0 0 -1
    outer loop
      vertex -9.33554 12.4689 2.4
      vertex -10.7144 14.7966 2.4
      vertex -10.3834 15.0422 2.4
    endloop
  endfacet
  facet normal 0 0 -1
    outer loop
      vertex -10.815 12.7632 2.4
      vertex -10.7144 14.7966 2.4
      vertex -10.6889 12.6696 2.4
    endloop
  endfacet
  facet normal 0 0 -1
    outer loop
      vertex -10.9314 12.8686 2.4
      vertex -10.7144 14.7966 2.4
      vertex -10.815 12.7632 2.4
    endloop
  endfacet
  facet normal 0 0 -1
    outer loop
      vertex -10.9314 12.8686 2.4
      vertex -11.0198 14.5198 2.4
      vertex -10.7144 14.7966 2.4
    endloop
  endfacet
  facet normal 0 0 -1
    outer loop
      vertex -11.0368 12.985 2.4
      vertex -11.0198 14.5198 2.4
      vertex -10.9314 12.8686 2.4
    endloop
  endfacet
  facet normal 0 0 -1
    outer loop
      vertex -11.1304 13.1111 2.4
      vertex -11.0198 14.5198 2.4
      vertex -11.0368 12.985 2.4
    endloop
  endfacet
  facet normal 0 0 -1
    outer loop
      vertex -11.2111 13.2458 2.4
      vertex -11.0198 14.5198 2.4
      vertex -11.1304 13.1111 2.4
    endloop
  endfacet
  facet normal 0 0 -1
    outer loop
      vertex -11.2782 13.3877 2.4
      vertex -11.0198 14.5198 2.4
      vertex -11.2111 13.2458 2.4
    endloop
  endfacet
  facet normal 0 0 -1
    outer loop
      vertex -11.3311 13.5355 2.4
      vertex -11.0198 14.5198 2.4
      vertex -11.2782 13.3877 2.4
    endloop
  endfacet
  facet normal 0 0 -1
    outer loop
      vertex -11.3693 13.6879 2.4
      vertex -11.0198 14.5198 2.4
      vertex -11.3311 13.5355 2.4
    endloop
  endfacet
  facet normal 0 0 -1
    outer loop
      vertex -11.0198 14.5198 2.4
      vertex -11.3693 13.6879 2.4
      vertex -11.2966 14.2144 2.4
    endloop
  endfacet
  facet normal 0 0 -1
    outer loop
      vertex -11.3923 13.8432 2.4
      vertex -11.2966 14.2144 2.4
      vertex -11.3693 13.6879 2.4
    endloop
  endfacet
  facet normal 0 0 -1
    outer loop
      vertex -11.4 14 2.4
      vertex -11.2966 14.2144 2.4
      vertex -11.3923 13.8432 2.4
    endloop
  endfacet
  facet normal 0 0 -1
    outer loop
      vertex -11.2966 14.2144 2.4
      vertex -11.4 14 2.4
      vertex -11.3961 14.0804 2.4
    endloop
  endfacet
  facet normal 0 0 -1
    outer loop
      vertex 11.2966 14.2144 2.4
      vertex 11.4 14 2.4
      vertex 11.3923 13.8432 2.4
    endloop
  endfacet
  facet normal 0 0 -1
    outer loop
      vertex 11.2966 14.2144 2.4
      vertex 11.3923 13.8432 2.4
      vertex 11.3693 13.6879 2.4
    endloop
  endfacet
  facet normal 0 0 -1
    outer loop
      vertex 11.0198 14.5198 2.4
      vertex 11.3693 13.6879 2.4
      vertex 11.3311 13.5355 2.4
    endloop
  endfacet
  facet normal 0 0 -1
    outer loop
      vertex 11.4 14 2.4
      vertex 11.2966 14.2144 2.4
      vertex 11.3961 14.0804 2.4
    endloop
  endfacet
  facet normal 0 0 -1
    outer loop
      vertex 11.0198 14.5198 2.4
      vertex 11.3311 13.5355 2.4
      vertex 11.2782 13.3877 2.4
    endloop
  endfacet
  facet normal 0 0 -1
    outer loop
      vertex 11.0198 14.5198 2.4
      vertex 11.2782 13.3877 2.4
      vertex 11.2111 13.2458 2.4
    endloop
  endfacet
  facet normal 0 0 -1
    outer loop
      vertex 11.0198 14.5198 2.4
      vertex 11.2111 13.2458 2.4
      vertex 11.1304 13.1111 2.4
    endloop
  endfacet
  facet normal 0 0 -1
    outer loop
      vertex 11.0198 14.5198 2.4
      vertex 11.1304 13.1111 2.4
      vertex 11.0368 12.985 2.4
    endloop
  endfacet
  facet normal 0 0 -1
    outer loop
      vertex 11.3693 13.6879 2.4
      vertex 11.0198 14.5198 2.4
      vertex 11.2966 14.2144 2.4
    endloop
  endfacet
  facet normal 0 0 -1
    outer loop
      vertex 10.9314 12.8686 2.4
      vertex 11.0198 14.5198 2.4
      vertex 11.0368 12.985 2.4
    endloop
  endfacet
  facet normal 0 0 -1
    outer loop
      vertex 10.815 12.7632 2.4
      vertex 11.0198 14.5198 2.4
      vertex 10.9314 12.8686 2.4
    endloop
  endfacet
  facet normal 0 0 -1
    outer loop
      vertex 10.815 12.7632 2.4
      vertex 10.7144 14.7966 2.4
      vertex 11.0198 14.5198 2.4
    endloop
  endfacet
  facet normal 0 0 -1
    outer loop
      vertex 10.6889 12.6696 2.4
      vertex 10.7144 14.7966 2.4
      vertex 10.815 12.7632 2.4
    endloop
  endfacet
  facet normal 0 0 -1
    outer loop
      vertex 10.5542 12.5889 2.4
      vertex 10.7144 14.7966 2.4
      vertex 10.6889 12.6696 2.4
    endloop
  endfacet
  facet normal 0 0 -1
    outer loop
      vertex 10.4123 12.5218 2.4
      vertex 10.7144 14.7966 2.4
      vertex 10.5542 12.5889 2.4
    endloop
  endfacet
  facet normal 0 0 -1
    outer loop
      vertex 10.2645 12.4689 2.4
      vertex 10.7144 14.7966 2.4
      vertex 10.4123 12.5218 2.4
    endloop
  endfacet
  facet normal 0 0 -1
    outer loop
      vertex 10.1121 12.4307 2.4
      vertex 10.7144 14.7966 2.4
      vertex 10.2645 12.4689 2.4
    endloop
  endfacet
  facet normal 0 0 -1
    outer loop
      vertex 9.95683 12.4077 2.4
      vertex 10.7144 14.7966 2.4
      vertex 10.1121 12.4307 2.4
    endloop
  endfacet
  facet normal 0 0 -1
    outer loop
      vertex 9.8 12.4 2.4
      vertex 10.7144 14.7966 2.4
      vertex 9.95683 12.4077 2.4
    endloop
  endfacet
  facet normal 0 0 -1
    outer loop
      vertex 9.64317 12.4077 2.4
      vertex 10.7144 14.7966 2.4
      vertex 9.8 12.4 2.4
    endloop
  endfacet
  facet normal 0 0 -1
    outer loop
      vertex 9.48785 12.4307 2.4
      vertex 10.7144 14.7966 2.4
      vertex 9.64317 12.4077 2.4
    endloop
  endfacet
  facet normal 0 0 -1
    outer loop
      vertex 9.33554 12.4689 2.4
      vertex 10.7144 14.7966 2.4
      vertex 9.48785 12.4307 2.4
    endloop
  endfacet
  facet normal -0 0 -1
    outer loop
      vertex 10.7144 14.7966 2.4
      vertex 9.33554 12.4689 2.4
      vertex 10.3834 15.0422 2.4
    endloop
  endfacet
  facet normal 0 0 -1
    outer loop
      vertex 9.18771 12.5218 2.4
      vertex 10.3834 15.0422 2.4
      vertex 9.33554 12.4689 2.4
    endloop
  endfacet
  facet normal 0 0 -1
    outer loop
      vertex 9.04576 12.5889 2.4
      vertex 10.3834 15.0422 2.4
      vertex 9.18771 12.5218 2.4
    endloop
  endfacet
  facet normal 0 0 -1
    outer loop
      vertex 8.91109 12.6696 2.4
      vertex 10.3834 15.0422 2.4
      vertex 9.04576 12.5889 2.4
    endloop
  endfacet
  facet normal 0 0 -1
    outer loop
      vertex 8.78497 12.7632 2.4
      vertex 10.3834 15.0422 2.4
      vertex 8.91109 12.6696 2.4
    endloop
  endfacet
  facet normal 0 -0 -1
    outer loop
      vertex 9.33554 15.5311 2.4
      vertex 9.65726 15.4303 2.4
      vertex 9.18771 15.4782 2.4
    endloop
  endfacet
  facet normal 0 0 -1
    outer loop
      vertex 9.65726 15.4303 2.4
      vertex 9.33554 15.5311 2.4
      vertex 9.35903 15.537 2.4
    endloop
  endfacet
  facet normal 0 0 -1
    outer loop
      vertex 8.66863 12.8686 2.4
      vertex 10.3834 15.0422 2.4
      vertex 8.78497 12.7632 2.4
    endloop
  endfacet
  facet normal -0 0 -1
    outer loop
      vertex 9.65726 15.4303 2.4
      vertex 9.04576 15.4111 2.4
      vertex 9.18771 15.4782 2.4
    endloop
  endfacet
  facet normal 0 0 -1
    outer loop
      vertex 8.56318 12.985 2.4
      vertex 10.3834 15.0422 2.4
      vertex 8.66863 12.8686 2.4
    endloop
  endfacet
  facet normal 0 0 -1
    outer loop
      vertex 9.65726 15.4303 2.4
      vertex 8.91109 15.3304 2.4
      vertex 9.04576 15.4111 2.4
    endloop
  endfacet
  facet normal 0 0 -1
    outer loop
      vertex 8.46965 13.1111 2.4
      vertex 10.3834 15.0422 2.4
      vertex 8.56318 12.985 2.4
    endloop
  endfacet
  facet normal 0 0 -1
    outer loop
      vertex 9.65726 15.4303 2.4
      vertex 8.78497 15.2368 2.4
      vertex 8.91109 15.3304 2.4
    endloop
  endfacet
  facet normal 0 0 -1
    outer loop
      vertex 8.38893 13.2458 2.4
      vertex 10.3834 15.0422 2.4
      vertex 8.46965 13.1111 2.4
    endloop
  endfacet
  facet normal -0 0 -1
    outer loop
      vertex 10.0299 15.2541 2.4
      vertex 8.78497 15.2368 2.4
      vertex 9.65726 15.4303 2.4
    endloop
  endfacet
  facet normal 0 0 -1
    outer loop
      vertex 8.32179 13.3877 2.4
      vertex 10.3834 15.0422 2.4
      vertex 8.38893 13.2458 2.4
    endloop
  endfacet
  facet normal 0 -0 -1
    outer loop
      vertex 8.78497 15.2368 2.4
      vertex 10.0299 15.2541 2.4
      vertex 8.66863 15.1314 2.4
    endloop
  endfacet
  facet normal 0 0 -1
    outer loop
      vertex 8.2689 13.5355 2.4
      vertex 10.3834 15.0422 2.4
      vertex 8.32179 13.3877 2.4
    endloop
  endfacet
  facet normal 0 -0 -1
    outer loop
      vertex 8.66863 15.1314 2.4
      vertex 10.0299 15.2541 2.4
      vertex 8.56318 15.015 2.4
    endloop
  endfacet
  facet normal 0 0 -1
    outer loop
      vertex 8.23074 13.6879 2.4
      vertex 10.3834 15.0422 2.4
      vertex 8.2689 13.5355 2.4
    endloop
  endfacet
  facet normal 0 -0 -1
    outer loop
      vertex 8.56318 15.015 2.4
      vertex 10.0299 15.2541 2.4
      vertex 8.46965 14.8889 2.4
    endloop
  endfacet
  facet normal 0 0 -1
    outer loop
      vertex 8.2077 13.8432 2.4
      vertex 10.3834 15.0422 2.4
      vertex 8.23074 13.6879 2.4
    endloop
  endfacet
  facet normal 0 -0 -1
    outer loop
      vertex 8.46965 14.8889 2.4
      vertex 10.0299 15.2541 2.4
      vertex 8.38893 14.7542 2.4
    endloop
  endfacet
  facet normal 0 0 -1
    outer loop
      vertex 8.2 14 2.4
      vertex 10.3834 15.0422 2.4
      vertex 8.2077 13.8432 2.4
    endloop
  endfacet
  facet normal 0 -0 -1
    outer loop
      vertex 8.38893 14.7542 2.4
      vertex 10.0299 15.2541 2.4
      vertex 8.32179 14.6123 2.4
    endloop
  endfacet
  facet normal -0 0 -1
    outer loop
      vertex 10.3834 15.0422 2.4
      vertex 8.2 14 2.4
      vertex 10.0299 15.2541 2.4
    endloop
  endfacet
  facet normal 0 -0 -1
    outer loop
      vertex 8.32179 14.6123 2.4
      vertex 10.0299 15.2541 2.4
      vertex 8.2689 14.4645 2.4
    endloop
  endfacet
  facet normal 0 -0 -1
    outer loop
      vertex 8.2077 14.1568 2.4
      vertex 10.0299 15.2541 2.4
      vertex 8.2 14 2.4
    endloop
  endfacet
  facet normal 0 -0 -1
    outer loop
      vertex 8.2689 14.4645 2.4
      vertex 10.0299 15.2541 2.4
      vertex 8.23074 14.3121 2.4
    endloop
  endfacet
  facet normal 0 -0 -1
    outer loop
      vertex 8.23074 14.3121 2.4
      vertex 10.0299 15.2541 2.4
      vertex 8.2077 14.1568 2.4
    endloop
  endfacet
  facet normal 0 0 -1
    outer loop
      vertex 11.2966 -14.2144 2.4
      vertex 11.4 -14 2.4
      vertex 11.3961 -14.0804 2.4
    endloop
  endfacet
  facet normal -0 0 -1
    outer loop
      vertex 11.4 -14 2.4
      vertex 11.2966 -14.2144 2.4
      vertex 11.3923 -13.8432 2.4
    endloop
  endfacet
  facet normal -0 0 -1
    outer loop
      vertex 11.3923 -13.8432 2.4
      vertex 11.2966 -14.2144 2.4
      vertex 11.3693 -13.6879 2.4
    endloop
  endfacet
  facet normal 0 0 -1
    outer loop
      vertex 11.0198 -14.5198 2.4
      vertex 11.3693 -13.6879 2.4
      vertex 11.2966 -14.2144 2.4
    endloop
  endfacet
  facet normal -0 0 -1
    outer loop
      vertex 11.3693 -13.6879 2.4
      vertex 11.0198 -14.5198 2.4
      vertex 11.3311 -13.5355 2.4
    endloop
  endfacet
  facet normal -0 0 -1
    outer loop
      vertex 11.3311 -13.5355 2.4
      vertex 11.0198 -14.5198 2.4
      vertex 11.2782 -13.3877 2.4
    endloop
  endfacet
  facet normal -0 0 -1
    outer loop
      vertex 11.2782 -13.3877 2.4
      vertex 11.0198 -14.5198 2.4
      vertex 11.2111 -13.2458 2.4
    endloop
  endfacet
  facet normal -0 0 -1
    outer loop
      vertex 11.2111 -13.2458 2.4
      vertex 11.0198 -14.5198 2.4
      vertex 11.1304 -13.1111 2.4
    endloop
  endfacet
  facet normal -0 0 -1
    outer loop
      vertex 11.1304 -13.1111 2.4
      vertex 11.0198 -14.5198 2.4
      vertex 11.0368 -12.985 2.4
    endloop
  endfacet
  facet normal 0 0 -1
    outer loop
      vertex 11.0198 -14.5198 2.4
      vertex 10.9314 -12.8686 2.4
      vertex 11.0368 -12.985 2.4
    endloop
  endfacet
  facet normal 0 0 -1
    outer loop
      vertex 11.0198 -14.5198 2.4
      vertex 10.815 -12.7632 2.4
      vertex 10.9314 -12.8686 2.4
    endloop
  endfacet
  facet normal 0 0 -1
    outer loop
      vertex 10.7144 -14.7966 2.4
      vertex 10.815 -12.7632 2.4
      vertex 11.0198 -14.5198 2.4
    endloop
  endfacet
  facet normal 0 0 -1
    outer loop
      vertex 10.7144 -14.7966 2.4
      vertex 10.6889 -12.6696 2.4
      vertex 10.815 -12.7632 2.4
    endloop
  endfacet
  facet normal 0 0 -1
    outer loop
      vertex 10.7144 -14.7966 2.4
      vertex 10.5542 -12.5889 2.4
      vertex 10.6889 -12.6696 2.4
    endloop
  endfacet
  facet normal 0 0 -1
    outer loop
      vertex 10.7144 -14.7966 2.4
      vertex 10.4123 -12.5218 2.4
      vertex 10.5542 -12.5889 2.4
    endloop
  endfacet
  facet normal 0 0 -1
    outer loop
      vertex 9.33554 -12.4689 2.4
      vertex 10.7144 -14.7966 2.4
      vertex 10.3834 -15.0422 2.4
    endloop
  endfacet
  facet normal 0 0 -1
    outer loop
      vertex 10.7144 -14.7966 2.4
      vertex 10.2645 -12.4689 2.4
      vertex 10.4123 -12.5218 2.4
    endloop
  endfacet
  facet normal 0 0 -1
    outer loop
      vertex 10.7144 -14.7966 2.4
      vertex 10.1121 -12.4307 2.4
      vertex 10.2645 -12.4689 2.4
    endloop
  endfacet
  facet normal 0 0 -1
    outer loop
      vertex 8.2 -14 2.4
      vertex 10.3834 -15.0422 2.4
      vertex 10.0299 -15.2541 2.4
    endloop
  endfacet
  facet normal 0 0 -1
    outer loop
      vertex 10.7144 -14.7966 2.4
      vertex 9.95683 -12.4077 2.4
      vertex 10.1121 -12.4307 2.4
    endloop
  endfacet
  facet normal 0 0 -1
    outer loop
      vertex 10.7144 -14.7966 2.4
      vertex 9.8 -12.4 2.4
      vertex 9.95683 -12.4077 2.4
    endloop
  endfacet
  facet normal 0 0 -1
    outer loop
      vertex 8.78497 -15.2368 2.4
      vertex 10.0299 -15.2541 2.4
      vertex 9.65726 -15.4303 2.4
    endloop
  endfacet
  facet normal 0 0 -1
    outer loop
      vertex 10.7144 -14.7966 2.4
      vertex 9.64317 -12.4077 2.4
      vertex 9.8 -12.4 2.4
    endloop
  endfacet
  facet normal 0 0 -1
    outer loop
      vertex 10.7144 -14.7966 2.4
      vertex 9.48785 -12.4307 2.4
      vertex 9.64317 -12.4077 2.4
    endloop
  endfacet
  facet normal 0 0 -1
    outer loop
      vertex 9.33554 -15.5311 2.4
      vertex 9.65726 -15.4303 2.4
      vertex 9.35903 -15.537 2.4
    endloop
  endfacet
  facet normal 0 0 -1
    outer loop
      vertex 9.65726 -15.4303 2.4
      vertex 9.33554 -15.5311 2.4
      vertex 9.18771 -15.4782 2.4
    endloop
  endfacet
  facet normal 0 0 -1
    outer loop
      vertex 10.7144 -14.7966 2.4
      vertex 9.33554 -12.4689 2.4
      vertex 9.48785 -12.4307 2.4
    endloop
  endfacet
  facet normal 0 0 -1
    outer loop
      vertex 9.04576 -15.4111 2.4
      vertex 9.65726 -15.4303 2.4
      vertex 9.18771 -15.4782 2.4
    endloop
  endfacet
  facet normal 0 0 -1
    outer loop
      vertex 10.3834 -15.0422 2.4
      vertex 9.18771 -12.5218 2.4
      vertex 9.33554 -12.4689 2.4
    endloop
  endfacet
  facet normal 0 0 -1
    outer loop
      vertex 8.91109 -15.3304 2.4
      vertex 9.65726 -15.4303 2.4
      vertex 9.04576 -15.4111 2.4
    endloop
  endfacet
  facet normal 0 0 -1
    outer loop
      vertex 10.3834 -15.0422 2.4
      vertex 9.04576 -12.5889 2.4
      vertex 9.18771 -12.5218 2.4
    endloop
  endfacet
  facet normal 0 0 -1
    outer loop
      vertex 8.78497 -15.2368 2.4
      vertex 9.65726 -15.4303 2.4
      vertex 8.91109 -15.3304 2.4
    endloop
  endfacet
  facet normal 0 0 -1
    outer loop
      vertex 10.3834 -15.0422 2.4
      vertex 8.91109 -12.6696 2.4
      vertex 9.04576 -12.5889 2.4
    endloop
  endfacet
  facet normal 0 0 -1
    outer loop
      vertex 10.0299 -15.2541 2.4
      vertex 8.78497 -15.2368 2.4
      vertex 8.66863 -15.1314 2.4
    endloop
  endfacet
  facet normal 0 0 -1
    outer loop
      vertex 10.3834 -15.0422 2.4
      vertex 8.78497 -12.7632 2.4
      vertex 8.91109 -12.6696 2.4
    endloop
  endfacet
  facet normal 0 0 -1
    outer loop
      vertex 10.0299 -15.2541 2.4
      vertex 8.66863 -15.1314 2.4
      vertex 8.56318 -15.015 2.4
    endloop
  endfacet
  facet normal 0 0 -1
    outer loop
      vertex 10.3834 -15.0422 2.4
      vertex 8.66863 -12.8686 2.4
      vertex 8.78497 -12.7632 2.4
    endloop
  endfacet
  facet normal 0 0 -1
    outer loop
      vertex 10.0299 -15.2541 2.4
      vertex 8.56318 -15.015 2.4
      vertex 8.46965 -14.8889 2.4
    endloop
  endfacet
  facet normal 0 0 -1
    outer loop
      vertex 10.3834 -15.0422 2.4
      vertex 8.56318 -12.985 2.4
      vertex 8.66863 -12.8686 2.4
    endloop
  endfacet
  facet normal 0 0 -1
    outer loop
      vertex 10.0299 -15.2541 2.4
      vertex 8.46965 -14.8889 2.4
      vertex 8.38893 -14.7542 2.4
    endloop
  endfacet
  facet normal 0 0 -1
    outer loop
      vertex 10.3834 -15.0422 2.4
      vertex 8.46965 -13.1111 2.4
      vertex 8.56318 -12.985 2.4
    endloop
  endfacet
  facet normal 0 0 -1
    outer loop
      vertex 10.0299 -15.2541 2.4
      vertex 8.38893 -14.7542 2.4
      vertex 8.32179 -14.6123 2.4
    endloop
  endfacet
  facet normal 0 0 -1
    outer loop
      vertex 10.3834 -15.0422 2.4
      vertex 8.38893 -13.2458 2.4
      vertex 8.46965 -13.1111 2.4
    endloop
  endfacet
  facet normal 0 0 -1
    outer loop
      vertex 10.0299 -15.2541 2.4
      vertex 8.32179 -14.6123 2.4
      vertex 8.2689 -14.4645 2.4
    endloop
  endfacet
  facet normal 0 0 -1
    outer loop
      vertex 10.3834 -15.0422 2.4
      vertex 8.32179 -13.3877 2.4
      vertex 8.38893 -13.2458 2.4
    endloop
  endfacet
  facet normal 0 0 -1
    outer loop
      vertex 10.0299 -15.2541 2.4
      vertex 8.2689 -14.4645 2.4
      vertex 8.23074 -14.3121 2.4
    endloop
  endfacet
  facet normal 0 0 -1
    outer loop
      vertex 10.3834 -15.0422 2.4
      vertex 8.2689 -13.5355 2.4
      vertex 8.32179 -13.3877 2.4
    endloop
  endfacet
  facet normal 0 0 -1
    outer loop
      vertex 10.0299 -15.2541 2.4
      vertex 8.23074 -14.3121 2.4
      vertex 8.2077 -14.1568 2.4
    endloop
  endfacet
  facet normal 0 0 -1
    outer loop
      vertex 10.3834 -15.0422 2.4
      vertex 8.23074 -13.6879 2.4
      vertex 8.2689 -13.5355 2.4
    endloop
  endfacet
  facet normal 0 0 -1
    outer loop
      vertex 10.0299 -15.2541 2.4
      vertex 8.2077 -14.1568 2.4
      vertex 8.2 -14 2.4
    endloop
  endfacet
  facet normal 0 0 -1
    outer loop
      vertex 10.3834 -15.0422 2.4
      vertex 8.2077 -13.8432 2.4
      vertex 8.23074 -13.6879 2.4
    endloop
  endfacet
  facet normal 0 0 -1
    outer loop
      vertex 10.3834 -15.0422 2.4
      vertex 8.2 -14 2.4
      vertex 8.2077 -13.8432 2.4
    endloop
  endfacet
  facet normal 0.336879 -0.941548 0
    outer loop
      vertex 19.4514 -20.2847 0
      vertex 19.9134 -20.1194 2.4
      vertex 19.4514 -20.2847 2.4
    endloop
  endfacet
  facet normal 0.336879 -0.941548 0
    outer loop
      vertex 19.9134 -20.1194 2.4
      vertex 19.4514 -20.2847 0
      vertex 19.9134 -20.1194 0
    endloop
  endfacet
  facet normal -0.243101 -0.970001 0
    outer loop
      vertex 8.86937 15.6693 0
      vertex 9.26918 15.5691 2.4
      vertex 8.86937 15.6693 2.4
    endloop
  endfacet
  facet normal -0.243101 -0.970001 -0
    outer loop
      vertex 9.26918 15.5691 2.4
      vertex 8.86937 15.6693 0
      vertex 9.26918 15.5691 0
    endloop
  endfacet
  facet normal 0.97 -0.243106 0
    outer loop
      vertex -12.1693 12.3694 2.4
      vertex -12.0691 12.7692 0
      vertex -12.0691 12.7692 2.4
    endloop
  endfacet
  facet normal 0.97 -0.243106 0
    outer loop
      vertex -12.0691 12.7692 0
      vertex -12.1693 12.3694 2.4
      vertex -12.1693 12.3694 0
    endloop
  endfacet
  facet normal -0.0490107 0.998798 0
    outer loop
      vertex 8.46165 -15.7298 0
      vertex 8.04999 -15.75 2.4
      vertex 8.46165 -15.7298 2.4
    endloop
  endfacet
  facet normal -0.0490107 0.998798 0
    outer loop
      vertex 8.04999 -15.75 2.4
      vertex 8.46165 -15.7298 0
      vertex 8.04999 -15.75 0
    endloop
  endfacet
  facet normal -0.989168 0.146786 0
    outer loop
      vertex 12.1693 -12.3694 0
      vertex 12.2298 -11.9617 2.4
      vertex 12.2298 -11.9617 0
    endloop
  endfacet
  facet normal -0.989168 0.146786 0
    outer loop
      vertex 12.2298 -11.9617 2.4
      vertex 12.1693 -12.3694 0
      vertex 12.1693 -12.3694 2.4
    endloop
  endfacet
  facet normal -0.904014 0.427502 0
    outer loop
      vertex 11.7541 -13.5299 0
      vertex 11.9303 -13.1573 2.4
      vertex 11.9303 -13.1573 0
    endloop
  endfacet
  facet normal -0.904014 0.427502 0
    outer loop
      vertex 11.9303 -13.1573 2.4
      vertex 11.7541 -13.5299 0
      vertex 11.7541 -13.5299 2.4
    endloop
  endfacet
  facet normal -0.941594 0.336751 0
    outer loop
      vertex 11.9303 -13.1573 0
      vertex 12.0691 -12.7692 2.4
      vertex 12.0691 -12.7692 0
    endloop
  endfacet
  facet normal -0.941594 0.336751 0
    outer loop
      vertex 12.0691 -12.7692 2.4
      vertex 11.9303 -13.1573 0
      vertex 11.9303 -13.1573 2.4
    endloop
  endfacet
  facet normal -0.998798 0.0490059 0
    outer loop
      vertex 12.2298 -11.9617 0
      vertex 12.25 -11.55 2.4
      vertex 12.25 -11.55 0
    endloop
  endfacet
  facet normal -0.998798 0.0490059 0
    outer loop
      vertex 12.25 -11.55 2.4
      vertex 12.2298 -11.9617 0
      vertex 12.2298 -11.9617 2.4
    endloop
  endfacet
  facet normal 0.336436 0.941706 -0
    outer loop
      vertex -9.26918 -15.5691 0
      vertex -9.35903 -15.537 2.4
      vertex -9.26918 -15.5691 2.4
    endloop
  endfacet
  facet normal 0.336767 0.941588 1.39632e-05
    outer loop
      vertex -9.65726 -15.4303 0
      vertex -9.35903 -15.537 2.4
      vertex -9.26918 -15.5691 0
    endloop
  endfacet
  facet normal 0.336866 0.941552 0
    outer loop
      vertex -9.35903 -15.537 2.4
      vertex -9.65726 -15.4303 0
      vertex -9.65726 -15.4303 2.4
    endloop
  endfacet
  facet normal 0.0490107 0.998798 -0
    outer loop
      vertex -8.04999 -15.75 0
      vertex -8.46165 -15.7298 2.4
      vertex -8.04999 -15.75 2.4
    endloop
  endfacet
  facet normal 0.0490107 0.998798 0
    outer loop
      vertex -8.46165 -15.7298 2.4
      vertex -8.04999 -15.75 0
      vertex -8.46165 -15.7298 0
    endloop
  endfacet
  facet normal -0.595877 0.803076 0
    outer loop
      vertex 10.7144 -14.7966 0
      vertex 10.3834 -15.0422 2.4
      vertex 10.7144 -14.7966 2.4
    endloop
  endfacet
  facet normal -0.595877 0.803076 0
    outer loop
      vertex 10.3834 -15.0422 2.4
      vertex 10.7144 -14.7966 0
      vertex 10.3834 -15.0422 0
    endloop
  endfacet
  facet normal -0.97 -0.243106 0
    outer loop
      vertex 12.1693 12.3694 0
      vertex 12.0691 12.7692 2.4
      vertex 12.0691 12.7692 0
    endloop
  endfacet
  facet normal -0.97 -0.243106 0
    outer loop
      vertex 12.0691 12.7692 2.4
      vertex 12.1693 12.3694 0
      vertex 12.1693 12.3694 2.4
    endloop
  endfacet
  facet normal 1 -0 0
    outer loop
      vertex -12.25 -11.55 2.4
      vertex -12.25 11.55 0
      vertex -12.25 11.55 2.4
    endloop
  endfacet
  facet normal 1 0 0
    outer loop
      vertex -12.25 11.55 0
      vertex -12.25 -11.55 2.4
      vertex -12.25 -11.55 0
    endloop
  endfacet
  facet normal 0.146779 -0.989169 0
    outer loop
      vertex -8.86937 15.6693 0
      vertex -8.46165 15.7298 2.4
      vertex -8.86937 15.6693 2.4
    endloop
  endfacet
  facet normal 0.146779 -0.989169 0
    outer loop
      vertex -8.46165 15.7298 2.4
      vertex -8.86937 15.6693 0
      vertex -8.46165 15.7298 0
    endloop
  endfacet
  facet normal 0.857707 -0.514139 0
    outer loop
      vertex -11.7541 13.5299 2.4
      vertex -11.5422 13.8834 0
      vertex -11.5422 13.8834 2.4
    endloop
  endfacet
  facet normal 0.857707 -0.514139 0
    outer loop
      vertex -11.5422 13.8834 0
      vertex -11.7541 13.5299 2.4
      vertex -11.7541 13.5299 0
    endloop
  endfacet
  facet normal -0.0490107 -0.998798 0
    outer loop
      vertex 8.04999 15.75 0
      vertex 8.46165 15.7298 2.4
      vertex 8.04999 15.75 2.4
    endloop
  endfacet
  facet normal -0.0490107 -0.998798 -0
    outer loop
      vertex 8.46165 15.7298 2.4
      vertex 8.04999 15.75 0
      vertex 8.46165 15.7298 0
    endloop
  endfacet
  facet normal 0.595877 0.803076 -0
    outer loop
      vertex -10.3834 -15.0422 0
      vertex -10.7144 -14.7966 2.4
      vertex -10.3834 -15.0422 2.4
    endloop
  endfacet
  facet normal 0.595877 0.803076 0
    outer loop
      vertex -10.7144 -14.7966 2.4
      vertex -10.3834 -15.0422 0
      vertex -10.7144 -14.7966 0
    endloop
  endfacet
  facet normal 0.336866 -0.941552 0
    outer loop
      vertex -9.65726 15.4303 0
      vertex -9.35903 15.537 2.4
      vertex -9.65726 15.4303 2.4
    endloop
  endfacet
  facet normal 0.336767 -0.941588 1.39632e-05
    outer loop
      vertex -9.26918 15.5691 0
      vertex -9.35903 15.537 2.4
      vertex -9.65726 15.4303 0
    endloop
  endfacet
  facet normal 0.336436 -0.941706 0
    outer loop
      vertex -9.35903 15.537 2.4
      vertex -9.26918 15.5691 0
      vertex -9.26918 15.5691 2.4
    endloop
  endfacet
  facet normal 0 1 -0
    outer loop
      vertex 8.04999 -15.75 0
      vertex -8.04999 -15.75 2.4
      vertex 8.04999 -15.75 2.4
    endloop
  endfacet
  facet normal 0 1 0
    outer loop
      vertex -8.04999 -15.75 2.4
      vertex 8.04999 -15.75 0
      vertex -8.04999 -15.75 0
    endloop
  endfacet
  facet normal 0.998798 0.0490059 0
    outer loop
      vertex -12.2298 -11.9617 2.4
      vertex -12.25 -11.55 0
      vertex -12.25 -11.55 2.4
    endloop
  endfacet
  facet normal 0.998798 0.0490059 0
    outer loop
      vertex -12.25 -11.55 0
      vertex -12.2298 -11.9617 2.4
      vertex -12.2298 -11.9617 0
    endloop
  endfacet
  facet normal 0 -1 0
    outer loop
      vertex -8.04999 15.75 0
      vertex 8.04999 15.75 2.4
      vertex -8.04999 15.75 2.4
    endloop
  endfacet
  facet normal 0 -1 -0
    outer loop
      vertex 8.04999 15.75 2.4
      vertex -8.04999 15.75 0
      vertex 8.04999 15.75 0
    endloop
  endfacet
  facet normal -0.802867 -0.596159 0
    outer loop
      vertex 11.2966 14.2144 0
      vertex 11.3961 14.0804 2.4
      vertex 11.2966 14.2144 2.4
    endloop
  endfacet
  facet normal -0.803076 -0.595877 2.43632e-05
    outer loop
      vertex 11.5422 13.8834 0
      vertex 11.3961 14.0804 2.4
      vertex 11.2966 14.2144 0
    endloop
  endfacet
  facet normal -0.803218 -0.595686 0
    outer loop
      vertex 11.3961 14.0804 2.4
      vertex 11.5422 13.8834 0
      vertex 11.5422 13.8834 2.4
    endloop
  endfacet
  facet normal 0.941594 0.336751 0
    outer loop
      vertex -11.9303 -13.1573 2.4
      vertex -12.0691 -12.7692 0
      vertex -12.0691 -12.7692 2.4
    endloop
  endfacet
  facet normal 0.941594 0.336751 0
    outer loop
      vertex -12.0691 -12.7692 0
      vertex -11.9303 -13.1573 2.4
      vertex -11.9303 -13.1573 0
    endloop
  endfacet
  facet normal 0.97 0.243106 0
    outer loop
      vertex -12.0691 -12.7692 2.4
      vertex -12.1693 -12.3694 0
      vertex -12.1693 -12.3694 2.4
    endloop
  endfacet
  facet normal 0.97 0.243106 0
    outer loop
      vertex -12.1693 -12.3694 0
      vertex -12.0691 -12.7692 2.4
      vertex -12.0691 -12.7692 0
    endloop
  endfacet
  facet normal -0.857707 -0.514139 0
    outer loop
      vertex 11.7541 13.5299 0
      vertex 11.5422 13.8834 2.4
      vertex 11.5422 13.8834 0
    endloop
  endfacet
  facet normal -0.857707 -0.514139 0
    outer loop
      vertex 11.5422 13.8834 2.4
      vertex 11.7541 13.5299 0
      vertex 11.7541 13.5299 2.4
    endloop
  endfacet
  facet normal 0.904014 -0.427502 0
    outer loop
      vertex -11.9303 13.1573 2.4
      vertex -11.7541 13.5299 0
      vertex -11.7541 13.5299 2.4
    endloop
  endfacet
  facet normal 0.904014 -0.427502 0
    outer loop
      vertex -11.7541 13.5299 0
      vertex -11.9303 13.1573 2.4
      vertex -11.9303 13.1573 0
    endloop
  endfacet
  facet normal -0.336436 -0.941706 0
    outer loop
      vertex 9.26918 15.5691 0
      vertex 9.35903 15.537 2.4
      vertex 9.26918 15.5691 2.4
    endloop
  endfacet
  facet normal -0.336767 -0.941588 1.39632e-05
    outer loop
      vertex 9.65726 15.4303 0
      vertex 9.35903 15.537 2.4
      vertex 9.26918 15.5691 0
    endloop
  endfacet
  facet normal -0.336866 -0.941552 0
    outer loop
      vertex 9.35903 15.537 2.4
      vertex 9.65726 15.4303 0
      vertex 9.65726 15.4303 2.4
    endloop
  endfacet
  facet normal 0.671561 -0.740949 0
    outer loop
      vertex -11.0198 14.5198 0
      vertex -10.7144 14.7966 2.4
      vertex -11.0198 14.5198 2.4
    endloop
  endfacet
  facet normal 0.671561 -0.740949 0
    outer loop
      vertex -10.7144 14.7966 2.4
      vertex -11.0198 14.5198 0
      vertex -10.7144 14.7966 0
    endloop
  endfacet
  facet normal 0.0490107 -0.998798 0
    outer loop
      vertex -8.46165 15.7298 0
      vertex -8.04999 15.75 2.4
      vertex -8.46165 15.7298 2.4
    endloop
  endfacet
  facet normal 0.0490107 -0.998798 0
    outer loop
      vertex -8.04999 15.75 2.4
      vertex -8.46165 15.7298 0
      vertex -8.04999 15.75 0
    endloop
  endfacet
  facet normal 0.243101 -0.970001 0
    outer loop
      vertex -9.26918 15.5691 0
      vertex -8.86937 15.6693 2.4
      vertex -9.26918 15.5691 2.4
    endloop
  endfacet
  facet normal 0.243101 -0.970001 0
    outer loop
      vertex -8.86937 15.6693 2.4
      vertex -9.26918 15.5691 0
      vertex -8.86937 15.6693 0
    endloop
  endfacet
  facet normal 0.989168 -0.146786 0
    outer loop
      vertex -12.2298 11.9617 2.4
      vertex -12.1693 12.3694 0
      vertex -12.1693 12.3694 2.4
    endloop
  endfacet
  facet normal 0.989168 -0.146786 0
    outer loop
      vertex -12.1693 12.3694 0
      vertex -12.2298 11.9617 2.4
      vertex -12.2298 11.9617 0
    endloop
  endfacet
  facet normal -0.998798 -0.0490059 0
    outer loop
      vertex 12.25 11.55 0
      vertex 12.2298 11.9617 2.4
      vertex 12.2298 11.9617 0
    endloop
  endfacet
  facet normal -0.998798 -0.0490059 0
    outer loop
      vertex 12.2298 11.9617 2.4
      vertex 12.25 11.55 0
      vertex 12.25 11.55 2.4
    endloop
  endfacet
  facet normal 0.514139 0.857707 -0
    outer loop
      vertex -10.0299 -15.2541 0
      vertex -10.3834 -15.0422 2.4
      vertex -10.0299 -15.2541 2.4
    endloop
  endfacet
  facet normal 0.514139 0.857707 0
    outer loop
      vertex -10.3834 -15.0422 2.4
      vertex -10.0299 -15.2541 0
      vertex -10.3834 -15.0422 0
    endloop
  endfacet
  facet normal -0.740949 -0.671561 0
    outer loop
      vertex 11.2966 14.2144 0
      vertex 11.0198 14.5198 2.4
      vertex 11.0198 14.5198 0
    endloop
  endfacet
  facet normal -0.740949 -0.671561 0
    outer loop
      vertex 11.0198 14.5198 2.4
      vertex 11.2966 14.2144 0
      vertex 11.2966 14.2144 2.4
    endloop
  endfacet
  facet normal 0.904014 0.427502 0
    outer loop
      vertex -11.7541 -13.5299 2.4
      vertex -11.9303 -13.1573 0
      vertex -11.9303 -13.1573 2.4
    endloop
  endfacet
  facet normal 0.904014 0.427502 0
    outer loop
      vertex -11.9303 -13.1573 0
      vertex -11.7541 -13.5299 2.4
      vertex -11.7541 -13.5299 0
    endloop
  endfacet
  facet normal 0.989168 0.146786 0
    outer loop
      vertex -12.1693 -12.3694 2.4
      vertex -12.2298 -11.9617 0
      vertex -12.2298 -11.9617 2.4
    endloop
  endfacet
  facet normal 0.989168 0.146786 0
    outer loop
      vertex -12.2298 -11.9617 0
      vertex -12.1693 -12.3694 2.4
      vertex -12.1693 -12.3694 0
    endloop
  endfacet
  facet normal 0.243101 0.970001 -0
    outer loop
      vertex -8.86937 -15.6693 0
      vertex -9.26918 -15.5691 2.4
      vertex -8.86937 -15.6693 2.4
    endloop
  endfacet
  facet normal 0.243101 0.970001 0
    outer loop
      vertex -9.26918 -15.5691 2.4
      vertex -8.86937 -15.6693 0
      vertex -9.26918 -15.5691 0
    endloop
  endfacet
  facet normal 0.427465 0.904032 -0
    outer loop
      vertex -9.65726 -15.4303 0
      vertex -10.0299 -15.2541 2.4
      vertex -9.65726 -15.4303 2.4
    endloop
  endfacet
  facet normal 0.427465 0.904032 0
    outer loop
      vertex -10.0299 -15.2541 2.4
      vertex -9.65726 -15.4303 0
      vertex -10.0299 -15.2541 0
    endloop
  endfacet
  facet normal 0.941594 -0.336751 0
    outer loop
      vertex -12.0691 12.7692 2.4
      vertex -11.9303 13.1573 0
      vertex -11.9303 13.1573 2.4
    endloop
  endfacet
  facet normal 0.941594 -0.336751 0
    outer loop
      vertex -11.9303 13.1573 0
      vertex -12.0691 12.7692 2.4
      vertex -12.0691 12.7692 0
    endloop
  endfacet
  facet normal 0.998798 -0.0490059 0
    outer loop
      vertex -12.25 11.55 2.4
      vertex -12.2298 11.9617 0
      vertex -12.2298 11.9617 2.4
    endloop
  endfacet
  facet normal 0.998798 -0.0490059 0
    outer loop
      vertex -12.2298 11.9617 0
      vertex -12.25 11.55 2.4
      vertex -12.25 11.55 0
    endloop
  endfacet
  facet normal -0.595877 -0.803076 0
    outer loop
      vertex 10.3834 15.0422 0
      vertex 10.7144 14.7966 2.4
      vertex 10.3834 15.0422 2.4
    endloop
  endfacet
  facet normal -0.595877 -0.803076 -0
    outer loop
      vertex 10.7144 14.7966 2.4
      vertex 10.3834 15.0422 0
      vertex 10.7144 14.7966 0
    endloop
  endfacet
  facet normal 0.146779 0.989169 -0
    outer loop
      vertex -8.46165 -15.7298 0
      vertex -8.86937 -15.6693 2.4
      vertex -8.46165 -15.7298 2.4
    endloop
  endfacet
  facet normal 0.146779 0.989169 0
    outer loop
      vertex -8.86937 -15.6693 2.4
      vertex -8.46165 -15.7298 0
      vertex -8.86937 -15.6693 0
    endloop
  endfacet
  facet normal 0.803218 0.595686 0
    outer loop
      vertex -11.3961 -14.0804 2.4
      vertex -11.5422 -13.8834 0
      vertex -11.5422 -13.8834 2.4
    endloop
  endfacet
  facet normal 0.802867 0.596159 -0
    outer loop
      vertex -11.2966 -14.2144 0
      vertex -11.3961 -14.0804 2.4
      vertex -11.2966 -14.2144 2.4
    endloop
  endfacet
  facet normal 0.803076 0.595877 2.43632e-05
    outer loop
      vertex -11.3961 -14.0804 2.4
      vertex -11.2966 -14.2144 0
      vertex -11.5422 -13.8834 0
    endloop
  endfacet
  facet normal -0.243101 0.970001 0
    outer loop
      vertex 9.26918 -15.5691 0
      vertex 8.86937 -15.6693 2.4
      vertex 9.26918 -15.5691 2.4
    endloop
  endfacet
  facet normal -0.243101 0.970001 0
    outer loop
      vertex 8.86937 -15.6693 2.4
      vertex 9.26918 -15.5691 0
      vertex 8.86937 -15.6693 0
    endloop
  endfacet
  facet normal 0.802867 -0.596159 0
    outer loop
      vertex -11.3961 14.0804 2.4
      vertex -11.2966 14.2144 0
      vertex -11.2966 14.2144 2.4
    endloop
  endfacet
  facet normal 0.803218 -0.595686 0
    outer loop
      vertex -11.5422 13.8834 0
      vertex -11.3961 14.0804 2.4
      vertex -11.5422 13.8834 2.4
    endloop
  endfacet
  facet normal 0.803076 -0.595877 2.43632e-05
    outer loop
      vertex -11.3961 14.0804 2.4
      vertex -11.5422 13.8834 0
      vertex -11.2966 14.2144 0
    endloop
  endfacet
  facet normal -0.671561 0.740949 0
    outer loop
      vertex 11.0198 -14.5198 0
      vertex 10.7144 -14.7966 2.4
      vertex 11.0198 -14.5198 2.4
    endloop
  endfacet
  facet normal -0.671561 0.740949 0
    outer loop
      vertex 10.7144 -14.7966 2.4
      vertex 11.0198 -14.5198 0
      vertex 10.7144 -14.7966 0
    endloop
  endfacet
  facet normal 0.857707 0.514139 0
    outer loop
      vertex -11.5422 -13.8834 2.4
      vertex -11.7541 -13.5299 0
      vertex -11.7541 -13.5299 2.4
    endloop
  endfacet
  facet normal 0.857707 0.514139 0
    outer loop
      vertex -11.7541 -13.5299 0
      vertex -11.5422 -13.8834 2.4
      vertex -11.5422 -13.8834 0
    endloop
  endfacet
  facet normal -0.514139 0.857707 0
    outer loop
      vertex 10.3834 -15.0422 0
      vertex 10.0299 -15.2541 2.4
      vertex 10.3834 -15.0422 2.4
    endloop
  endfacet
  facet normal -0.514139 0.857707 0
    outer loop
      vertex 10.0299 -15.2541 2.4
      vertex 10.3834 -15.0422 0
      vertex 10.0299 -15.2541 0
    endloop
  endfacet
  facet normal -0.336866 0.941552 0
    outer loop
      vertex 9.65726 -15.4303 0
      vertex 9.35903 -15.537 2.4
      vertex 9.65726 -15.4303 2.4
    endloop
  endfacet
  facet normal -0.336767 0.941588 1.39632e-05
    outer loop
      vertex 9.26918 -15.5691 0
      vertex 9.35903 -15.537 2.4
      vertex 9.65726 -15.4303 0
    endloop
  endfacet
  facet normal -0.336436 0.941706 0
    outer loop
      vertex 9.35903 -15.537 2.4
      vertex 9.26918 -15.5691 0
      vertex 9.26918 -15.5691 2.4
    endloop
  endfacet
  facet normal -0.671561 -0.740949 0
    outer loop
      vertex 10.7144 14.7966 0
      vertex 11.0198 14.5198 2.4
      vertex 10.7144 14.7966 2.4
    endloop
  endfacet
  facet normal -0.671561 -0.740949 -0
    outer loop
      vertex 11.0198 14.5198 2.4
      vertex 10.7144 14.7966 0
      vertex 11.0198 14.5198 0
    endloop
  endfacet
  facet normal -0.427465 0.904032 0
    outer loop
      vertex 10.0299 -15.2541 0
      vertex 9.65726 -15.4303 2.4
      vertex 10.0299 -15.2541 2.4
    endloop
  endfacet
  facet normal -0.427465 0.904032 0
    outer loop
      vertex 9.65726 -15.4303 2.4
      vertex 10.0299 -15.2541 0
      vertex 9.65726 -15.4303 0
    endloop
  endfacet
  facet normal -0.427465 -0.904032 0
    outer loop
      vertex 9.65726 15.4303 0
      vertex 10.0299 15.2541 2.4
      vertex 9.65726 15.4303 2.4
    endloop
  endfacet
  facet normal -0.427465 -0.904032 -0
    outer loop
      vertex 10.0299 15.2541 2.4
      vertex 9.65726 15.4303 0
      vertex 10.0299 15.2541 0
    endloop
  endfacet
  facet normal 0.671561 0.740949 -0
    outer loop
      vertex -10.7144 -14.7966 0
      vertex -11.0198 -14.5198 2.4
      vertex -10.7144 -14.7966 2.4
    endloop
  endfacet
  facet normal 0.671561 0.740949 0
    outer loop
      vertex -11.0198 -14.5198 2.4
      vertex -10.7144 -14.7966 0
      vertex -11.0198 -14.5198 0
    endloop
  endfacet
  facet normal 0.595877 -0.803076 0
    outer loop
      vertex -10.7144 14.7966 0
      vertex -10.3834 15.0422 2.4
      vertex -10.7144 14.7966 2.4
    endloop
  endfacet
  facet normal 0.595877 -0.803076 0
    outer loop
      vertex -10.3834 15.0422 2.4
      vertex -10.7144 14.7966 0
      vertex -10.3834 15.0422 0
    endloop
  endfacet
  facet normal 0.427465 -0.904032 0
    outer loop
      vertex -10.0299 15.2541 0
      vertex -9.65726 15.4303 2.4
      vertex -10.0299 15.2541 2.4
    endloop
  endfacet
  facet normal 0.427465 -0.904032 0
    outer loop
      vertex -9.65726 15.4303 2.4
      vertex -10.0299 15.2541 0
      vertex -9.65726 15.4303 0
    endloop
  endfacet
  facet normal -0.740949 0.671561 0
    outer loop
      vertex 11.0198 -14.5198 0
      vertex 11.2966 -14.2144 2.4
      vertex 11.2966 -14.2144 0
    endloop
  endfacet
  facet normal -0.740949 0.671561 0
    outer loop
      vertex 11.2966 -14.2144 2.4
      vertex 11.0198 -14.5198 0
      vertex 11.0198 -14.5198 2.4
    endloop
  endfacet
  facet normal -0.146779 0.989169 0
    outer loop
      vertex 8.86937 -15.6693 0
      vertex 8.46165 -15.7298 2.4
      vertex 8.86937 -15.6693 2.4
    endloop
  endfacet
  facet normal -0.146779 0.989169 0
    outer loop
      vertex 8.46165 -15.7298 2.4
      vertex 8.86937 -15.6693 0
      vertex 8.46165 -15.7298 0
    endloop
  endfacet
  facet normal -0.514139 -0.857707 0
    outer loop
      vertex 10.0299 15.2541 0
      vertex 10.3834 15.0422 2.4
      vertex 10.0299 15.2541 2.4
    endloop
  endfacet
  facet normal -0.514139 -0.857707 -0
    outer loop
      vertex 10.3834 15.0422 2.4
      vertex 10.0299 15.2541 0
      vertex 10.3834 15.0422 0
    endloop
  endfacet
  facet normal -1 0 0
    outer loop
      vertex 12.25 -11.55 0
      vertex 12.25 11.55 2.4
      vertex 12.25 11.55 0
    endloop
  endfacet
  facet normal -1 -0 0
    outer loop
      vertex 12.25 11.55 2.4
      vertex 12.25 -11.55 0
      vertex 12.25 -11.55 2.4
    endloop
  endfacet
  facet normal -0.146779 -0.989169 0
    outer loop
      vertex 8.46165 15.7298 0
      vertex 8.86937 15.6693 2.4
      vertex 8.46165 15.7298 2.4
    endloop
  endfacet
  facet normal -0.146779 -0.989169 -0
    outer loop
      vertex 8.86937 15.6693 2.4
      vertex 8.46165 15.7298 0
      vertex 8.86937 15.6693 0
    endloop
  endfacet
  facet normal -0.941594 -0.336751 0
    outer loop
      vertex 12.0691 12.7692 0
      vertex 11.9303 13.1573 2.4
      vertex 11.9303 13.1573 0
    endloop
  endfacet
  facet normal -0.941594 -0.336751 0
    outer loop
      vertex 11.9303 13.1573 2.4
      vertex 12.0691 12.7692 0
      vertex 12.0691 12.7692 2.4
    endloop
  endfacet
  facet normal -0.904014 -0.427502 0
    outer loop
      vertex 11.9303 13.1573 0
      vertex 11.7541 13.5299 2.4
      vertex 11.7541 13.5299 0
    endloop
  endfacet
  facet normal -0.904014 -0.427502 0
    outer loop
      vertex 11.7541 13.5299 2.4
      vertex 11.9303 13.1573 0
      vertex 11.9303 13.1573 2.4
    endloop
  endfacet
  facet normal 0.740949 0.671561 0
    outer loop
      vertex -11.0198 -14.5198 2.4
      vertex -11.2966 -14.2144 0
      vertex -11.2966 -14.2144 2.4
    endloop
  endfacet
  facet normal 0.740949 0.671561 0
    outer loop
      vertex -11.2966 -14.2144 0
      vertex -11.0198 -14.5198 2.4
      vertex -11.0198 -14.5198 0
    endloop
  endfacet
  facet normal -0.803218 0.595686 0
    outer loop
      vertex 11.5422 -13.8834 0
      vertex 11.3961 -14.0804 2.4
      vertex 11.5422 -13.8834 2.4
    endloop
  endfacet
  facet normal -0.803076 0.595877 2.43632e-05
    outer loop
      vertex 11.2966 -14.2144 0
      vertex 11.3961 -14.0804 2.4
      vertex 11.5422 -13.8834 0
    endloop
  endfacet
  facet normal -0.802867 0.596159 0
    outer loop
      vertex 11.3961 -14.0804 2.4
      vertex 11.2966 -14.2144 0
      vertex 11.2966 -14.2144 2.4
    endloop
  endfacet
  facet normal 0.740949 -0.671561 0
    outer loop
      vertex -11.2966 14.2144 2.4
      vertex -11.0198 14.5198 0
      vertex -11.0198 14.5198 2.4
    endloop
  endfacet
  facet normal 0.740949 -0.671561 0
    outer loop
      vertex -11.0198 14.5198 0
      vertex -11.2966 14.2144 2.4
      vertex -11.2966 14.2144 0
    endloop
  endfacet
  facet normal 0.514139 -0.857707 0
    outer loop
      vertex -10.3834 15.0422 0
      vertex -10.0299 15.2541 2.4
      vertex -10.3834 15.0422 2.4
    endloop
  endfacet
  facet normal 0.514139 -0.857707 0
    outer loop
      vertex -10.0299 15.2541 2.4
      vertex -10.3834 15.0422 0
      vertex -10.0299 15.2541 0
    endloop
  endfacet
  facet normal -0.857707 0.514139 0
    outer loop
      vertex 11.5422 -13.8834 0
      vertex 11.7541 -13.5299 2.4
      vertex 11.7541 -13.5299 0
    endloop
  endfacet
  facet normal -0.857707 0.514139 0
    outer loop
      vertex 11.7541 -13.5299 2.4
      vertex 11.5422 -13.8834 0
      vertex 11.5422 -13.8834 2.4
    endloop
  endfacet
  facet normal -0.97 0.243106 0
    outer loop
      vertex 12.0691 -12.7692 0
      vertex 12.1693 -12.3694 2.4
      vertex 12.1693 -12.3694 0
    endloop
  endfacet
  facet normal -0.97 0.243106 0
    outer loop
      vertex 12.1693 -12.3694 2.4
      vertex 12.0691 -12.7692 0
      vertex 12.0691 -12.7692 2.4
    endloop
  endfacet
  facet normal -0.989168 -0.146786 0
    outer loop
      vertex 12.2298 11.9617 0
      vertex 12.1693 12.3694 2.4
      vertex 12.1693 12.3694 0
    endloop
  endfacet
  facet normal -0.989168 -0.146786 0
    outer loop
      vertex 12.1693 12.3694 2.4
      vertex 12.2298 11.9617 0
      vertex 12.2298 11.9617 2.4
    endloop
  endfacet
  facet normal 1 0 0
    outer loop
      vertex -14.98 -8.65 7.35
      vertex -14.98 -8.4 9.3
      vertex -14.98 -8.65 8.5
    endloop
  endfacet
  facet normal 1 0 0
    outer loop
      vertex -14.98 -8.4 9.3
      vertex -14.98 -13.75 8.5
      vertex -14.98 -8.65 8.5
    endloop
  endfacet
  facet normal 1 0 0
    outer loop
      vertex -14.98 -13.75 8.5
      vertex -14.98 -14 9.3
      vertex -14.98 -13.75 7.35
    endloop
  endfacet
  facet normal 1 -0 0
    outer loop
      vertex -14.98 -14 9.3
      vertex -14.98 -13.75 8.5
      vertex -14.98 -8.4 9.3
    endloop
  endfacet
  facet normal 1 0 0
    outer loop
      vertex -14.98 -8.4 9.3
      vertex -14.98 -8.65 7.35
      vertex -14.98 -8.4 2.4
    endloop
  endfacet
  facet normal 1 -0 0
    outer loop
      vertex -14.98 -13.75 7.35
      vertex -14.98 -8.4 2.4
      vertex -14.98 -8.65 7.35
    endloop
  endfacet
  facet normal 1 0 0
    outer loop
      vertex -14.98 -13.75 7.35
      vertex -14.98 -14 2.4
      vertex -14.98 -8.4 2.4
    endloop
  endfacet
  facet normal 1 0 0
    outer loop
      vertex -14.98 -14 2.4
      vertex -14.98 -13.75 7.35
      vertex -14.98 -14 9.3
    endloop
  endfacet
  facet normal -0 0 1
    outer loop
      vertex -16.53 -8.4 9.3
      vertex -14.98 -14 9.3
      vertex -14.98 -8.4 9.3
    endloop
  endfacet
  facet normal 0 0 1
    outer loop
      vertex -14.98 -14 9.3
      vertex -16.53 -8.4 9.3
      vertex -16.53 -14 9.3
    endloop
  endfacet
  facet normal -1 0 0
    outer loop
      vertex -16.53 -12.2982 2.4
      vertex -16.53 -8.4 9.3
      vertex -16.53 -8.4 2.4
    endloop
  endfacet
  facet normal -1 0 0
    outer loop
      vertex -16.53 -14 9.3
      vertex -16.53 -12.2982 2.4
      vertex -16.53 -14 2.4
    endloop
  endfacet
  facet normal -1 0 0
    outer loop
      vertex -16.53 -12.2982 2.4
      vertex -16.53 -14 9.3
      vertex -16.53 -8.4 9.3
    endloop
  endfacet
  facet normal 0 1 0
    outer loop
      vertex -16.25 -8.4 2.4
      vertex -14.98 -8.4 9.3
      vertex -14.98 -8.4 2.4
    endloop
  endfacet
  facet normal 0 1 0
    outer loop
      vertex -14.98 -8.4 9.3
      vertex -16.25 -8.4 2.4
      vertex -16.53 -8.4 9.3
    endloop
  endfacet
  facet normal 0 1 0
    outer loop
      vertex -16.53 -8.4 9.3
      vertex -16.25 -8.4 2.4
      vertex -16.53 -8.4 2.4
    endloop
  endfacet
  facet normal 0 -1 0
    outer loop
      vertex -16.53 -14 2.4
      vertex -14.98 -14 9.3
      vertex -16.53 -14 9.3
    endloop
  endfacet
  facet normal 0 -1 -0
    outer loop
      vertex -14.98 -14 9.3
      vertex -16.53 -14 2.4
      vertex -14.98 -14 2.4
    endloop
  endfacet
  facet normal 1 -0 0
    outer loop
      vertex -14.13 -13.6 8.5
      vertex -14.13 -8.65 7.35
      vertex -14.13 -8.65 8.5
    endloop
  endfacet
  facet normal 1 0 0
    outer loop
      vertex -14.13 -13.75 7.35
      vertex -14.13 -13.6 8.5
      vertex -14.13 -13.75 8.5
    endloop
  endfacet
  facet normal 1 0 0
    outer loop
      vertex -14.13 -13.6 8.5
      vertex -14.13 -13.75 7.35
      vertex -14.13 -8.65 7.35
    endloop
  endfacet
  facet normal 0 0 1
    outer loop
      vertex -14.13 -8.65 8.5
      vertex -14.98 -13.6 8.5
      vertex -14.13 -13.6 8.5
    endloop
  endfacet
  facet normal -0 0 1
    outer loop
      vertex -14.98 -8.65 8.5
      vertex -14.98 -13.6 8.5
      vertex -14.13 -8.65 8.5
    endloop
  endfacet
  facet normal 0 0 0
    outer loop
      vertex -14.98 -13.75 8.5
      vertex -14.98 -13.6 8.5
      vertex -14.98 -8.65 8.5
    endloop
  endfacet
  facet normal 0 0 0
    outer loop
      vertex -14.13 -18.4 8.5
      vertex -14.13 -13.75 8.5
      vertex -14.13 -13.6 8.5
    endloop
  endfacet
  facet normal 0 0 -1
    outer loop
      vertex -14.98 -18.4 8.5
      vertex -14.13 -13.75 8.5
      vertex -14.13 -18.4 8.5
    endloop
  endfacet
  facet normal -0 0 -1
    outer loop
      vertex -14.13 -13.75 8.5
      vertex -14.98 -18.4 8.5
      vertex -14.98 -13.75 8.5
    endloop
  endfacet
  facet normal 0 0 -1
    outer loop
      vertex -14.98 -13.75 7.35
      vertex -14.13 -8.65 7.35
      vertex -14.13 -13.75 7.35
    endloop
  endfacet
  facet normal -0 0 -1
    outer loop
      vertex -14.13 -8.65 7.35
      vertex -14.98 -13.75 7.35
      vertex -14.98 -8.65 7.35
    endloop
  endfacet
  facet normal 0 1 -0
    outer loop
      vertex -14.13 -8.65 7.35
      vertex -14.98 -8.65 8.5
      vertex -14.13 -8.65 8.5
    endloop
  endfacet
  facet normal 0 1 0
    outer loop
      vertex -14.98 -8.65 8.5
      vertex -14.13 -8.65 7.35
      vertex -14.98 -8.65 7.35
    endloop
  endfacet
  facet normal 0 -1 0
    outer loop
      vertex -14.98 -13.75 8.5
      vertex -14.98 -13.75 7.35
      vertex -14.13 -13.75 8.5
    endloop
  endfacet
  facet normal 0 -1 -0
    outer loop
      vertex -14.13 -13.75 8.5
      vertex -14.98 -13.75 7.35
      vertex -14.13 -13.75 7.35
    endloop
  endfacet
  facet normal 0 1 0
    outer loop
      vertex -14.98 -13.6 9.29999
      vertex -14.13 -13.6 8.5
      vertex -14.98 -13.6 8.5
    endloop
  endfacet
  facet normal 0 -1 0
    outer loop
      vertex -14.98 -18.4 9.29999
      vertex -14.98 -18.4 8.5
      vertex -14.13 -18.4 8.5
    endloop
  endfacet
  facet normal 0.68536 0 0.728204
    outer loop
      vertex -14.98 -13.6 9.29999
      vertex -14.13 -18.4 8.5
      vertex -14.13 -13.6 8.5
    endloop
  endfacet
  facet normal 0.68536 0 0.728204
    outer loop
      vertex -14.13 -18.4 8.5
      vertex -14.98 -13.6 9.29999
      vertex -14.98 -18.4 9.29999
    endloop
  endfacet
  facet normal -1 0 0
    outer loop
      vertex -14.98 -13.75 8.5
      vertex -14.98 -13.6 9.29999
      vertex -14.98 -13.6 8.5
    endloop
  endfacet
  facet normal -1 0 0
    outer loop
      vertex -14.98 -18.4 9.29999
      vertex -14.98 -13.75 8.5
      vertex -14.98 -18.4 8.5
    endloop
  endfacet
  facet normal -1 0 0
    outer loop
      vertex -14.98 -13.75 8.5
      vertex -14.98 -18.4 9.29999
      vertex -14.98 -13.6 9.29999
    endloop
  endfacet
  facet normal 1 0 0
    outer loop
      vertex -14.98 13.75 7.35
      vertex -14.98 14 9.3
      vertex -14.98 13.75 8.5
    endloop
  endfacet
  facet normal 1 0 0
    outer loop
      vertex -14.98 14 9.3
      vertex -14.98 8.65 8.5
      vertex -14.98 13.75 8.5
    endloop
  endfacet
  facet normal 1 0 0
    outer loop
      vertex -14.98 8.65 8.5
      vertex -14.98 8.4 9.3
      vertex -14.98 8.65 7.35
    endloop
  endfacet
  facet normal 1 -0 0
    outer loop
      vertex -14.98 8.4 9.3
      vertex -14.98 8.65 8.5
      vertex -14.98 14 9.3
    endloop
  endfacet
  facet normal 1 0 0
    outer loop
      vertex -14.98 14 9.3
      vertex -14.98 13.75 7.35
      vertex -14.98 14 2.4
    endloop
  endfacet
  facet normal 1 -0 0
    outer loop
      vertex -14.98 8.65 7.35
      vertex -14.98 14 2.4
      vertex -14.98 13.75 7.35
    endloop
  endfacet
  facet normal 1 0 0
    outer loop
      vertex -14.98 8.65 7.35
      vertex -14.98 8.4 2.4
      vertex -14.98 14 2.4
    endloop
  endfacet
  facet normal 1 0 0
    outer loop
      vertex -14.98 8.4 2.4
      vertex -14.98 8.65 7.35
      vertex -14.98 8.4 9.3
    endloop
  endfacet
  facet normal -0 0 1
    outer loop
      vertex -16.53 14 9.3
      vertex -14.98 8.4 9.3
      vertex -14.98 14 9.3
    endloop
  endfacet
  facet normal 0 0 1
    outer loop
      vertex -14.98 8.4 9.3
      vertex -16.53 14 9.3
      vertex -16.53 8.4 9.3
    endloop
  endfacet
  facet normal -1 0 0
    outer loop
      vertex -16.53 12.2982 2.4
      vertex -16.53 14 9.3
      vertex -16.53 14 2.4
    endloop
  endfacet
  facet normal -1 0 0
    outer loop
      vertex -16.53 8.4 9.3
      vertex -16.53 12.2982 2.4
      vertex -16.53 8.4 2.4
    endloop
  endfacet
  facet normal -1 0 0
    outer loop
      vertex -16.53 12.2982 2.4
      vertex -16.53 8.4 9.3
      vertex -16.53 14 9.3
    endloop
  endfacet
  facet normal 0 1 -0
    outer loop
      vertex -14.98 14 2.4
      vertex -16.53 14 9.3
      vertex -14.98 14 9.3
    endloop
  endfacet
  facet normal 0 1 0
    outer loop
      vertex -16.53 14 9.3
      vertex -14.98 14 2.4
      vertex -16.53 14 2.4
    endloop
  endfacet
  facet normal 0 -1 0
    outer loop
      vertex -16.25 8.4 2.4
      vertex -16.53 8.4 9.3
      vertex -16.53 8.4 2.4
    endloop
  endfacet
  facet normal 0 -1 0
    outer loop
      vertex -16.53 8.4 9.3
      vertex -16.25 8.4 2.4
      vertex -14.98 8.4 9.3
    endloop
  endfacet
  facet normal 0 -1 -0
    outer loop
      vertex -14.98 8.4 9.3
      vertex -16.25 8.4 2.4
      vertex -14.98 8.4 2.4
    endloop
  endfacet
  facet normal 1 -0 0
    outer loop
      vertex -14.13 8.8 8.5
      vertex -14.13 13.75 7.35
      vertex -14.13 13.75 8.5
    endloop
  endfacet
  facet normal 1 0 0
    outer loop
      vertex -14.13 8.65 7.35
      vertex -14.13 8.8 8.5
      vertex -14.13 8.65 8.5
    endloop
  endfacet
  facet normal 1 0 0
    outer loop
      vertex -14.13 8.8 8.5
      vertex -14.13 8.65 7.35
      vertex -14.13 13.75 7.35
    endloop
  endfacet
  facet normal 0 0 1
    outer loop
      vertex -14.13 13.75 8.5
      vertex -14.98 8.8 8.5
      vertex -14.13 8.8 8.5
    endloop
  endfacet
  facet normal -0 0 1
    outer loop
      vertex -14.98 13.75 8.5
      vertex -14.98 8.8 8.5
      vertex -14.13 13.75 8.5
    endloop
  endfacet
  facet normal 0 0 0
    outer loop
      vertex -14.98 8.65 8.5
      vertex -14.98 8.8 8.5
      vertex -14.98 13.75 8.5
    endloop
  endfacet
  facet normal 0 0 0
    outer loop
      vertex -14.13 4 8.5
      vertex -14.13 8.65 8.5
      vertex -14.13 8.8 8.5
    endloop
  endfacet
  facet normal 0 0 -1
    outer loop
      vertex -14.98 4 8.5
      vertex -14.13 8.65 8.5
      vertex -14.13 4 8.5
    endloop
  endfacet
  facet normal -0 0 -1
    outer loop
      vertex -14.13 8.65 8.5
      vertex -14.98 4 8.5
      vertex -14.98 8.65 8.5
    endloop
  endfacet
  facet normal 0 0 -1
    outer loop
      vertex -14.98 8.65 7.35
      vertex -14.13 13.75 7.35
      vertex -14.13 8.65 7.35
    endloop
  endfacet
  facet normal -0 0 -1
    outer loop
      vertex -14.13 13.75 7.35
      vertex -14.98 8.65 7.35
      vertex -14.98 13.75 7.35
    endloop
  endfacet
  facet normal 0 1 -0
    outer loop
      vertex -14.13 13.75 7.35
      vertex -14.98 13.75 8.5
      vertex -14.13 13.75 8.5
    endloop
  endfacet
  facet normal 0 1 0
    outer loop
      vertex -14.98 13.75 8.5
      vertex -14.13 13.75 7.35
      vertex -14.98 13.75 7.35
    endloop
  endfacet
  facet normal 0 -1 0
    outer loop
      vertex -14.98 8.65 8.5
      vertex -14.98 8.65 7.35
      vertex -14.13 8.65 8.5
    endloop
  endfacet
  facet normal 0 -1 -0
    outer loop
      vertex -14.13 8.65 8.5
      vertex -14.98 8.65 7.35
      vertex -14.13 8.65 7.35
    endloop
  endfacet
  facet normal 0 1 0
    outer loop
      vertex -14.98 8.8 9.29999
      vertex -14.13 8.8 8.5
      vertex -14.98 8.8 8.5
    endloop
  endfacet
  facet normal 0 -1 0
    outer loop
      vertex -14.98 4 9.29999
      vertex -14.98 4 8.5
      vertex -14.13 4 8.5
    endloop
  endfacet
  facet normal 0.68536 0 0.728204
    outer loop
      vertex -14.98 8.8 9.29999
      vertex -14.13 4 8.5
      vertex -14.13 8.8 8.5
    endloop
  endfacet
  facet normal 0.68536 0 0.728204
    outer loop
      vertex -14.13 4 8.5
      vertex -14.98 8.8 9.29999
      vertex -14.98 4 9.29999
    endloop
  endfacet
  facet normal -1 0 0
    outer loop
      vertex -14.98 8.65 8.5
      vertex -14.98 8.8 9.29999
      vertex -14.98 8.8 8.5
    endloop
  endfacet
  facet normal -1 0 0
    outer loop
      vertex -14.98 4 9.29999
      vertex -14.98 8.65 8.5
      vertex -14.98 4 8.5
    endloop
  endfacet
  facet normal -1 0 0
    outer loop
      vertex -14.98 8.65 8.5
      vertex -14.98 4 9.29999
      vertex -14.98 8.8 9.29999
    endloop
  endfacet
  facet normal 1 0 0
    outer loop
      vertex 16.53 -8.4 9.3
      vertex 16.53 -12.2982 2.4
      vertex 16.53 -8.4 2.4
    endloop
  endfacet
  facet normal 1 -0 0
    outer loop
      vertex 16.53 -14 9.3
      vertex 16.53 -12.2982 2.4
      vertex 16.53 -8.4 9.3
    endloop
  endfacet
  facet normal 1 0 0
    outer loop
      vertex 16.53 -12.2982 2.4
      vertex 16.53 -14 9.3
      vertex 16.53 -14 2.4
    endloop
  endfacet
  facet normal -0 0 1
    outer loop
      vertex 14.98 -8.4 9.3
      vertex 16.53 -14 9.3
      vertex 16.53 -8.4 9.3
    endloop
  endfacet
  facet normal 0 0 1
    outer loop
      vertex 16.53 -14 9.3
      vertex 14.98 -8.4 9.3
      vertex 14.98 -14 9.3
    endloop
  endfacet
  facet normal -1 0 0
    outer loop
      vertex 14.98 -8.4 2.4
      vertex 14.98 -8.65 7.35
      vertex 14.98 -8.4 9.3
    endloop
  endfacet
  facet normal -1 0 0
    outer loop
      vertex 14.98 -8.4 2.4
      vertex 14.98 -13.75 7.35
      vertex 14.98 -8.65 7.35
    endloop
  endfacet
  facet normal -1 0 0
    outer loop
      vertex 14.98 -14 9.3
      vertex 14.98 -13.75 7.35
      vertex 14.98 -14 2.4
    endloop
  endfacet
  facet normal -1 0 0
    outer loop
      vertex 14.98 -14 2.4
      vertex 14.98 -13.75 7.35
      vertex 14.98 -8.4 2.4
    endloop
  endfacet
  facet normal -1 0 0
    outer loop
      vertex 14.98 -8.65 8.5
      vertex 14.98 -8.4 9.3
      vertex 14.98 -8.65 7.35
    endloop
  endfacet
  facet normal -1 0 0
    outer loop
      vertex 14.98 -13.75 8.5
      vertex 14.98 -8.4 9.3
      vertex 14.98 -8.65 8.5
    endloop
  endfacet
  facet normal -1 0 0
    outer loop
      vertex 14.98 -13.75 8.5
      vertex 14.98 -14 9.3
      vertex 14.98 -8.4 9.3
    endloop
  endfacet
  facet normal -1 0 0
    outer loop
      vertex 14.98 -13.75 7.35
      vertex 14.98 -14 9.3
      vertex 14.98 -13.75 8.5
    endloop
  endfacet
  facet normal 0 1 0
    outer loop
      vertex 16.25 -8.4 2.4
      vertex 16.53 -8.4 9.3
      vertex 16.53 -8.4 2.4
    endloop
  endfacet
  facet normal 0 1 0
    outer loop
      vertex 16.53 -8.4 9.3
      vertex 16.25 -8.4 2.4
      vertex 14.98 -8.4 9.3
    endloop
  endfacet
  facet normal 0 1 0
    outer loop
      vertex 14.98 -8.4 9.3
      vertex 16.25 -8.4 2.4
      vertex 14.98 -8.4 2.4
    endloop
  endfacet
  facet normal 0 -1 0
    outer loop
      vertex 14.98 -14 2.4
      vertex 16.53 -14 9.3
      vertex 14.98 -14 9.3
    endloop
  endfacet
  facet normal 0 -1 -0
    outer loop
      vertex 16.53 -14 9.3
      vertex 14.98 -14 2.4
      vertex 16.53 -14 2.4
    endloop
  endfacet
  facet normal 0 0 -1
    outer loop
      vertex 14.98 -18.4 8.5
      vertex 14.13 -13.75 8.5
      vertex 14.98 -13.75 8.5
    endloop
  endfacet
  facet normal 0 0 -1
    outer loop
      vertex 14.13 -18.4 8.5
      vertex 14.13 -13.75 8.5
      vertex 14.98 -18.4 8.5
    endloop
  endfacet
  facet normal 0 0 0
    outer loop
      vertex 14.13 -13.6 8.5
      vertex 14.13 -13.75 8.5
      vertex 14.13 -18.4 8.5
    endloop
  endfacet
  facet normal 0 0 0
    outer loop
      vertex 14.98 -8.65 8.5
      vertex 14.98 -13.6 8.5
      vertex 14.98 -13.75 8.5
    endloop
  endfacet
  facet normal -0 0 1
    outer loop
      vertex 14.13 -8.65 8.5
      vertex 14.98 -13.6 8.5
      vertex 14.98 -8.65 8.5
    endloop
  endfacet
  facet normal 0 0 1
    outer loop
      vertex 14.98 -13.6 8.5
      vertex 14.13 -8.65 8.5
      vertex 14.13 -13.6 8.5
    endloop
  endfacet
  facet normal 0 0 -1
    outer loop
      vertex 14.13 -13.75 7.35
      vertex 14.98 -8.65 7.35
      vertex 14.98 -13.75 7.35
    endloop
  endfacet
  facet normal -0 0 -1
    outer loop
      vertex 14.98 -8.65 7.35
      vertex 14.13 -13.75 7.35
      vertex 14.13 -8.65 7.35
    endloop
  endfacet
  facet normal -1 0 0
    outer loop
      vertex 14.13 -8.65 7.35
      vertex 14.13 -13.6 8.5
      vertex 14.13 -8.65 8.5
    endloop
  endfacet
  facet normal -1 0 0
    outer loop
      vertex 14.13 -13.75 7.35
      vertex 14.13 -13.6 8.5
      vertex 14.13 -8.65 7.35
    endloop
  endfacet
  facet normal -1 -0 0
    outer loop
      vertex 14.13 -13.6 8.5
      vertex 14.13 -13.75 7.35
      vertex 14.13 -13.75 8.5
    endloop
  endfacet
  facet normal 0 1 -0
    outer loop
      vertex 14.98 -8.65 7.35
      vertex 14.13 -8.65 8.5
      vertex 14.98 -8.65 8.5
    endloop
  endfacet
  facet normal 0 1 0
    outer loop
      vertex 14.13 -8.65 8.5
      vertex 14.98 -8.65 7.35
      vertex 14.13 -8.65 7.35
    endloop
  endfacet
  facet normal 0 -1 0
    outer loop
      vertex 14.13 -13.75 7.35
      vertex 14.98 -13.75 8.5
      vertex 14.13 -13.75 8.5
    endloop
  endfacet
  facet normal 0 -1 0
    outer loop
      vertex 14.98 -13.75 7.35
      vertex 14.98 -13.75 8.5
      vertex 14.13 -13.75 7.35
    endloop
  endfacet
  facet normal 0 1 0
    outer loop
      vertex 14.13 -13.6 8.5
      vertex 14.98 -13.6 9.29999
      vertex 14.98 -13.6 8.5
    endloop
  endfacet
  facet normal 1 0 0
    outer loop
      vertex 14.98 -13.6 9.29999
      vertex 14.98 -13.75 8.5
      vertex 14.98 -13.6 8.5
    endloop
  endfacet
  facet normal 1 -0 0
    outer loop
      vertex 14.98 -18.4 9.29999
      vertex 14.98 -13.75 8.5
      vertex 14.98 -13.6 9.29999
    endloop
  endfacet
  facet normal 1 0 0
    outer loop
      vertex 14.98 -13.75 8.5
      vertex 14.98 -18.4 9.29999
      vertex 14.98 -18.4 8.5
    endloop
  endfacet
  facet normal 0 -1 -0
    outer loop
      vertex 14.98 -18.4 9.29999
      vertex 14.13 -18.4 8.5
      vertex 14.98 -18.4 8.5
    endloop
  endfacet
  facet normal -0.68536 0 0.728204
    outer loop
      vertex 14.13 -13.6 8.5
      vertex 14.98 -18.4 9.29999
      vertex 14.98 -13.6 9.29999
    endloop
  endfacet
  facet normal -0.68536 0 0.728204
    outer loop
      vertex 14.98 -18.4 9.29999
      vertex 14.13 -13.6 8.5
      vertex 14.13 -18.4 8.5
    endloop
  endfacet
  facet normal 1 0 0
    outer loop
      vertex 16.53 14 9.3
      vertex 16.53 12.2982 2.4
      vertex 16.53 14 2.4
    endloop
  endfacet
  facet normal 1 -0 0
    outer loop
      vertex 16.53 8.4 9.3
      vertex 16.53 12.2982 2.4
      vertex 16.53 14 9.3
    endloop
  endfacet
  facet normal 1 0 0
    outer loop
      vertex 16.53 12.2982 2.4
      vertex 16.53 8.4 9.3
      vertex 16.53 8.4 2.4
    endloop
  endfacet
  facet normal -0 0 1
    outer loop
      vertex 14.98 14 9.3
      vertex 16.53 8.4 9.3
      vertex 16.53 14 9.3
    endloop
  endfacet
  facet normal 0 0 1
    outer loop
      vertex 16.53 8.4 9.3
      vertex 14.98 14 9.3
      vertex 14.98 8.4 9.3
    endloop
  endfacet
  facet normal -1 0 0
    outer loop
      vertex 14.98 14 2.4
      vertex 14.98 13.75 7.35
      vertex 14.98 14 9.3
    endloop
  endfacet
  facet normal -1 0 0
    outer loop
      vertex 14.98 14 2.4
      vertex 14.98 8.65 7.35
      vertex 14.98 13.75 7.35
    endloop
  endfacet
  facet normal -1 0 0
    outer loop
      vertex 14.98 8.4 9.3
      vertex 14.98 8.65 7.35
      vertex 14.98 8.4 2.4
    endloop
  endfacet
  facet normal -1 0 0
    outer loop
      vertex 14.98 8.4 2.4
      vertex 14.98 8.65 7.35
      vertex 14.98 14 2.4
    endloop
  endfacet
  facet normal -1 0 0
    outer loop
      vertex 14.98 13.75 8.5
      vertex 14.98 14 9.3
      vertex 14.98 13.75 7.35
    endloop
  endfacet
  facet normal -1 0 0
    outer loop
      vertex 14.98 8.65 8.5
      vertex 14.98 14 9.3
      vertex 14.98 13.75 8.5
    endloop
  endfacet
  facet normal -1 0 0
    outer loop
      vertex 14.98 8.65 8.5
      vertex 14.98 8.4 9.3
      vertex 14.98 14 9.3
    endloop
  endfacet
  facet normal -1 0 0
    outer loop
      vertex 14.98 8.65 7.35
      vertex 14.98 8.4 9.3
      vertex 14.98 8.65 8.5
    endloop
  endfacet
  facet normal 0 1 -0
    outer loop
      vertex 16.53 14 2.4
      vertex 14.98 14 9.3
      vertex 16.53 14 9.3
    endloop
  endfacet
  facet normal 0 1 0
    outer loop
      vertex 14.98 14 9.3
      vertex 16.53 14 2.4
      vertex 14.98 14 2.4
    endloop
  endfacet
  facet normal 0 -1 0
    outer loop
      vertex 16.25 8.4 2.4
      vertex 14.98 8.4 9.3
      vertex 14.98 8.4 2.4
    endloop
  endfacet
  facet normal 0 -1 0
    outer loop
      vertex 14.98 8.4 9.3
      vertex 16.25 8.4 2.4
      vertex 16.53 8.4 9.3
    endloop
  endfacet
  facet normal 0 -1 -0
    outer loop
      vertex 16.53 8.4 9.3
      vertex 16.25 8.4 2.4
      vertex 16.53 8.4 2.4
    endloop
  endfacet
  facet normal 0 0 -1
    outer loop
      vertex 14.98 4 8.5
      vertex 14.13 8.65 8.5
      vertex 14.98 8.65 8.5
    endloop
  endfacet
  facet normal 0 0 -1
    outer loop
      vertex 14.13 4 8.5
      vertex 14.13 8.65 8.5
      vertex 14.98 4 8.5
    endloop
  endfacet
  facet normal 0 0 0
    outer loop
      vertex 14.13 8.8 8.5
      vertex 14.13 8.65 8.5
      vertex 14.13 4 8.5
    endloop
  endfacet
  facet normal 0 0 0
    outer loop
      vertex 14.98 13.75 8.5
      vertex 14.98 8.8 8.5
      vertex 14.98 8.65 8.5
    endloop
  endfacet
  facet normal -0 0 1
    outer loop
      vertex 14.13 13.75 8.5
      vertex 14.98 8.8 8.5
      vertex 14.98 13.75 8.5
    endloop
  endfacet
  facet normal 0 0 1
    outer loop
      vertex 14.98 8.8 8.5
      vertex 14.13 13.75 8.5
      vertex 14.13 8.8 8.5
    endloop
  endfacet
  facet normal 0 0 -1
    outer loop
      vertex 14.13 8.65 7.35
      vertex 14.98 13.75 7.35
      vertex 14.98 8.65 7.35
    endloop
  endfacet
  facet normal -0 0 -1
    outer loop
      vertex 14.98 13.75 7.35
      vertex 14.13 8.65 7.35
      vertex 14.13 13.75 7.35
    endloop
  endfacet
  facet normal -1 0 0
    outer loop
      vertex 14.13 13.75 7.35
      vertex 14.13 8.8 8.5
      vertex 14.13 13.75 8.5
    endloop
  endfacet
  facet normal -1 0 0
    outer loop
      vertex 14.13 8.65 7.35
      vertex 14.13 8.8 8.5
      vertex 14.13 13.75 7.35
    endloop
  endfacet
  facet normal -1 -0 0
    outer loop
      vertex 14.13 8.8 8.5
      vertex 14.13 8.65 7.35
      vertex 14.13 8.65 8.5
    endloop
  endfacet
  facet normal 0 1 -0
    outer loop
      vertex 14.98 13.75 7.35
      vertex 14.13 13.75 8.5
      vertex 14.98 13.75 8.5
    endloop
  endfacet
  facet normal 0 1 0
    outer loop
      vertex 14.13 13.75 8.5
      vertex 14.98 13.75 7.35
      vertex 14.13 13.75 7.35
    endloop
  endfacet
  facet normal 0 -1 0
    outer loop
      vertex 14.13 8.65 7.35
      vertex 14.98 8.65 8.5
      vertex 14.13 8.65 8.5
    endloop
  endfacet
  facet normal 0 -1 0
    outer loop
      vertex 14.98 8.65 7.35
      vertex 14.98 8.65 8.5
      vertex 14.13 8.65 7.35
    endloop
  endfacet
  facet normal 0 1 0
    outer loop
      vertex 14.13 8.8 8.5
      vertex 14.98 8.8 9.29999
      vertex 14.98 8.8 8.5
    endloop
  endfacet
  facet normal 1 0 0
    outer loop
      vertex 14.98 8.8 9.29999
      vertex 14.98 8.65 8.5
      vertex 14.98 8.8 8.5
    endloop
  endfacet
  facet normal 1 -0 0
    outer loop
      vertex 14.98 4 9.29999
      vertex 14.98 8.65 8.5
      vertex 14.98 8.8 9.29999
    endloop
  endfacet
  facet normal 1 0 0
    outer loop
      vertex 14.98 8.65 8.5
      vertex 14.98 4 9.29999
      vertex 14.98 4 8.5
    endloop
  endfacet
  facet normal 0 -1 -0
    outer loop
      vertex 14.98 4 9.29999
      vertex 14.13 4 8.5
      vertex 14.98 4 8.5
    endloop
  endfacet
  facet normal -0.68536 0 0.728204
    outer loop
      vertex 14.13 8.8 8.5
      vertex 14.98 4 9.29999
      vertex 14.98 8.8 9.29999
    endloop
  endfacet
  facet normal -0.68536 0 0.728204
    outer loop
      vertex 14.98 4 9.29999
      vertex 14.13 8.8 8.5
      vertex 14.13 4 8.5
    endloop
  endfacet
  facet normal 0.989173 0.146752 0
    outer loop
      vertex -8.2077 -13.8432 3
      vertex -8.23074 -13.6879 2.4
      vertex -8.23074 -13.6879 3
    endloop
  endfacet
  facet normal 0.989173 0.146752 0
    outer loop
      vertex -8.23074 -13.6879 2.4
      vertex -8.2077 -13.8432 3
      vertex -8.2077 -13.8432 2.4
    endloop
  endfacet
  facet normal 0.998796 0.049048 0
    outer loop
      vertex -8.2 -14 3
      vertex -8.2077 -13.8432 2.4
      vertex -8.2077 -13.8432 3
    endloop
  endfacet
  facet normal 0.998796 0.049048 0
    outer loop
      vertex -8.2077 -13.8432 2.4
      vertex -8.2 -14 3
      vertex -8.2 -14 2.4
    endloop
  endfacet
  facet normal 0.970053 0.242895 0
    outer loop
      vertex -8.23074 -13.6879 3
      vertex -8.2689 -13.5355 2.4
      vertex -8.2689 -13.5355 3
    endloop
  endfacet
  facet normal 0.970053 0.242895 0
    outer loop
      vertex -8.2689 -13.5355 2.4
      vertex -8.23074 -13.6879 3
      vertex -8.23074 -13.6879 2.4
    endloop
  endfacet
  facet normal -0.14653 0.989206 0
    outer loop
      vertex -9.95683 -12.4077 2.4
      vertex -10.1121 -12.4307 3
      vertex -9.95683 -12.4077 3
    endloop
  endfacet
  facet normal -0.14653 0.989206 0
    outer loop
      vertex -10.1121 -12.4307 3
      vertex -9.95683 -12.4077 2.4
      vertex -10.1121 -12.4307 2.4
    endloop
  endfacet
  facet normal 0.427361 -0.904081 0
    outer loop
      vertex -9.18771 -15.4782 2.4
      vertex -9.04576 -15.4111 3
      vertex -9.18771 -15.4782 3
    endloop
  endfacet
  facet normal 0.427361 -0.904081 0
    outer loop
      vertex -9.04576 -15.4111 3
      vertex -9.18771 -15.4782 2.4
      vertex -9.04576 -15.4111 2.4
    endloop
  endfacet
  facet normal 0.243209 -0.969974 0
    outer loop
      vertex -9.35903 -15.537 2.4
      vertex -9.48785 -15.5693 3
      vertex -9.48785 -15.5693 2.4
    endloop
  endfacet
  facet normal 0.24327 -0.969959 1.39148e-05
    outer loop
      vertex -9.48785 -15.5693 3
      vertex -9.35903 -15.537 2.4
      vertex -9.33554 -15.5311 3
    endloop
  endfacet
  facet normal 0.243604 -0.969875 0
    outer loop
      vertex -9.33554 -15.5311 3
      vertex -9.35903 -15.537 2.4
      vertex -9.33554 -15.5311 2.4
    endloop
  endfacet
  facet normal -0.596019 0.80297 0
    outer loop
      vertex -10.6889 -12.6696 2.4
      vertex -10.815 -12.7632 3
      vertex -10.6889 -12.6696 3
    endloop
  endfacet
  facet normal -0.596019 0.80297 0
    outer loop
      vertex -10.815 -12.7632 3
      vertex -10.6889 -12.6696 2.4
      vertex -10.815 -12.7632 2.4
    endloop
  endfacet
  facet normal 0.146484 -0.989213 0
    outer loop
      vertex -9.64317 -15.5923 2.4
      vertex -9.48785 -15.5693 3
      vertex -9.64317 -15.5923 3
    endloop
  endfacet
  facet normal 0.146484 -0.989213 0
    outer loop
      vertex -9.48785 -15.5693 3
      vertex -9.64317 -15.5923 2.4
      vertex -9.48785 -15.5693 2.4
    endloop
  endfacet
  facet normal -0.513934 -0.85783 0
    outer loop
      vertex -10.6889 -15.3304 2.4
      vertex -10.5542 -15.4111 3
      vertex -10.6889 -15.3304 3
    endloop
  endfacet
  facet normal -0.513934 -0.85783 -0
    outer loop
      vertex -10.5542 -15.4111 3
      vertex -10.6889 -15.3304 2.4
      vertex -10.5542 -15.4111 2.4
    endloop
  endfacet
  facet normal -0.427484 0.904023 0
    outer loop
      vertex -10.4123 -12.5218 2.4
      vertex -10.5542 -12.5889 3
      vertex -10.4123 -12.5218 3
    endloop
  endfacet
  facet normal -0.427484 0.904023 0
    outer loop
      vertex -10.5542 -12.5889 3
      vertex -10.4123 -12.5218 2.4
      vertex -10.5542 -12.5889 2.4
    endloop
  endfacet
  facet normal 0.903925 0.427692 0
    outer loop
      vertex -8.32179 -13.3877 3
      vertex -8.38893 -13.2458 2.4
      vertex -8.38893 -13.2458 3
    endloop
  endfacet
  facet normal 0.903925 0.427692 0
    outer loop
      vertex -8.38893 -13.2458 2.4
      vertex -8.32179 -13.3877 3
      vertex -8.32179 -13.3877 2.4
    endloop
  endfacet
  facet normal 0.741106 -0.671388 0
    outer loop
      vertex -8.66863 -15.1314 3
      vertex -8.56318 -15.015 2.4
      vertex -8.56318 -15.015 3
    endloop
  endfacet
  facet normal 0.741106 -0.671388 0
    outer loop
      vertex -8.56318 -15.015 2.4
      vertex -8.66863 -15.1314 3
      vertex -8.66863 -15.1314 2.4
    endloop
  endfacet
  facet normal 0.595958 0.803015 -0
    outer loop
      vertex -8.78497 -12.7632 2.4
      vertex -8.91109 -12.6696 3
      vertex -8.78497 -12.7632 3
    endloop
  endfacet
  facet normal 0.595958 0.803015 0
    outer loop
      vertex -8.91109 -12.6696 3
      vertex -8.78497 -12.7632 2.4
      vertex -8.91109 -12.6696 2.4
    endloop
  endfacet
  facet normal 0.803184 0.595732 0
    outer loop
      vertex -8.46965 -13.1111 3
      vertex -8.56318 -12.985 2.4
      vertex -8.56318 -12.985 3
    endloop
  endfacet
  facet normal 0.803184 0.595732 0
    outer loop
      vertex -8.56318 -12.985 2.4
      vertex -8.46965 -13.1111 3
      vertex -8.46965 -13.1111 2.4
    endloop
  endfacet
  facet normal -0.243135 -0.969993 0
    outer loop
      vertex -10.2645 -15.5311 2.4
      vertex -10.1121 -15.5693 3
      vertex -10.2645 -15.5311 3
    endloop
  endfacet
  facet normal -0.243135 -0.969993 -0
    outer loop
      vertex -10.1121 -15.5693 3
      vertex -10.2645 -15.5311 2.4
      vertex -10.1121 -15.5693 2.4
    endloop
  endfacet
  facet normal -0.0490387 0.998797 0
    outer loop
      vertex -9.8 -12.4 2.4
      vertex -9.95683 -12.4077 3
      vertex -9.8 -12.4 3
    endloop
  endfacet
  facet normal -0.0490387 0.998797 0
    outer loop
      vertex -9.95683 -12.4077 3
      vertex -9.8 -12.4 2.4
      vertex -9.95683 -12.4077 2.4
    endloop
  endfacet
  facet normal 0.514018 0.857779 -0
    outer loop
      vertex -8.91109 -12.6696 2.4
      vertex -9.04576 -12.5889 3
      vertex -8.91109 -12.6696 3
    endloop
  endfacet
  facet normal 0.514018 0.857779 0
    outer loop
      vertex -9.04576 -12.5889 3
      vertex -8.91109 -12.6696 2.4
      vertex -9.04576 -12.5889 2.4
    endloop
  endfacet
  facet normal -0.969993 -0.243135 0
    outer loop
      vertex -11.3311 -14.4645 2.4
      vertex -11.3693 -14.3121 3
      vertex -11.3693 -14.3121 2.4
    endloop
  endfacet
  facet normal -0.969993 -0.243135 0
    outer loop
      vertex -11.3693 -14.3121 3
      vertex -11.3311 -14.4645 2.4
      vertex -11.3311 -14.4645 3
    endloop
  endfacet
  facet normal 0.998796 -0.049048 0
    outer loop
      vertex -8.2077 -14.1568 3
      vertex -8.2 -14 2.4
      vertex -8.2 -14 3
    endloop
  endfacet
  facet normal 0.998796 -0.049048 0
    outer loop
      vertex -8.2 -14 2.4
      vertex -8.2077 -14.1568 3
      vertex -8.2077 -14.1568 2.4
    endloop
  endfacet
  facet normal -0.336982 0.941511 0
    outer loop
      vertex -10.2645 -12.4689 2.4
      vertex -10.4123 -12.5218 3
      vertex -10.2645 -12.4689 3
    endloop
  endfacet
  facet normal -0.336982 0.941511 0
    outer loop
      vertex -10.4123 -12.5218 3
      vertex -10.2645 -12.4689 2.4
      vertex -10.4123 -12.5218 2.4
    endloop
  endfacet
  facet normal 0.857774 -0.514027 0
    outer loop
      vertex -8.46965 -14.8889 3
      vertex -8.38893 -14.7542 2.4
      vertex -8.38893 -14.7542 3
    endloop
  endfacet
  facet normal 0.857774 -0.514027 0
    outer loop
      vertex -8.38893 -14.7542 2.4
      vertex -8.46965 -14.8889 3
      vertex -8.46965 -14.8889 2.4
    endloop
  endfacet
  facet normal -0.741264 0.671213 0
    outer loop
      vertex -11.0368 -12.985 2.4
      vertex -10.9314 -12.8686 3
      vertex -10.9314 -12.8686 2.4
    endloop
  endfacet
  facet normal -0.741264 0.671213 0
    outer loop
      vertex -10.9314 -12.8686 3
      vertex -11.0368 -12.985 2.4
      vertex -11.0368 -12.985 3
    endloop
  endfacet
  facet normal -0.671213 -0.741264 0
    outer loop
      vertex -10.9314 -15.1314 2.4
      vertex -10.815 -15.2368 3
      vertex -10.9314 -15.1314 3
    endloop
  endfacet
  facet normal -0.671213 -0.741264 -0
    outer loop
      vertex -10.815 -15.2368 3
      vertex -10.9314 -15.1314 2.4
      vertex -10.815 -15.2368 2.4
    endloop
  endfacet
  facet normal -0.941511 -0.336982 0
    outer loop
      vertex -11.2782 -14.6123 2.4
      vertex -11.3311 -14.4645 3
      vertex -11.3311 -14.4645 2.4
    endloop
  endfacet
  facet normal -0.941511 -0.336982 0
    outer loop
      vertex -11.3311 -14.4645 3
      vertex -11.2782 -14.6123 2.4
      vertex -11.2782 -14.6123 3
    endloop
  endfacet
  facet normal -0.14653 -0.989206 0
    outer loop
      vertex -10.1121 -15.5693 2.4
      vertex -9.95683 -15.5923 3
      vertex -10.1121 -15.5693 3
    endloop
  endfacet
  facet normal -0.14653 -0.989206 -0
    outer loop
      vertex -9.95683 -15.5923 3
      vertex -10.1121 -15.5693 2.4
      vertex -9.95683 -15.5923 2.4
    endloop
  endfacet
  facet normal 0.970053 -0.242895 0
    outer loop
      vertex -8.2689 -14.4645 3
      vertex -8.23074 -14.3121 2.4
      vertex -8.23074 -14.3121 3
    endloop
  endfacet
  facet normal 0.970053 -0.242895 0
    outer loop
      vertex -8.23074 -14.3121 2.4
      vertex -8.2689 -14.4645 3
      vertex -8.2689 -14.4645 2.4
    endloop
  endfacet
  facet normal 0.941531 0.336926 0
    outer loop
      vertex -8.2689 -13.5355 3
      vertex -8.32179 -13.3877 2.4
      vertex -8.32179 -13.3877 3
    endloop
  endfacet
  facet normal 0.941531 0.336926 0
    outer loop
      vertex -8.32179 -13.3877 2.4
      vertex -8.2689 -13.5355 3
      vertex -8.2689 -13.5355 2.4
    endloop
  endfacet
  facet normal 0.857774 0.514027 0
    outer loop
      vertex -8.38893 -13.2458 3
      vertex -8.46965 -13.1111 2.4
      vertex -8.46965 -13.1111 3
    endloop
  endfacet
  facet normal 0.857774 0.514027 0
    outer loop
      vertex -8.46965 -13.1111 2.4
      vertex -8.38893 -13.2458 3
      vertex -8.38893 -13.2458 2.4
    endloop
  endfacet
  facet normal -0.513934 0.85783 0
    outer loop
      vertex -10.5542 -12.5889 2.4
      vertex -10.6889 -12.6696 3
      vertex -10.5542 -12.5889 3
    endloop
  endfacet
  facet normal -0.513934 0.85783 0
    outer loop
      vertex -10.6889 -12.6696 3
      vertex -10.5542 -12.5889 2.4
      vertex -10.6889 -12.6696 2.4
    endloop
  endfacet
  facet normal 0.24327 0.969959 -0
    outer loop
      vertex -9.33554 -12.4689 2.4
      vertex -9.48785 -12.4307 3
      vertex -9.33554 -12.4689 3
    endloop
  endfacet
  facet normal 0.24327 0.969959 0
    outer loop
      vertex -9.48785 -12.4307 3
      vertex -9.33554 -12.4689 2.4
      vertex -9.48785 -12.4307 2.4
    endloop
  endfacet
  facet normal 0.941531 -0.336926 0
    outer loop
      vertex -8.32179 -14.6123 3
      vertex -8.2689 -14.4645 2.4
      vertex -8.2689 -14.4645 3
    endloop
  endfacet
  facet normal 0.941531 -0.336926 0
    outer loop
      vertex -8.2689 -14.4645 2.4
      vertex -8.32179 -14.6123 3
      vertex -8.32179 -14.6123 2.4
    endloop
  endfacet
  facet normal -0.596019 -0.80297 0
    outer loop
      vertex -10.815 -15.2368 2.4
      vertex -10.6889 -15.3304 3
      vertex -10.815 -15.2368 3
    endloop
  endfacet
  facet normal -0.596019 -0.80297 -0
    outer loop
      vertex -10.6889 -15.3304 3
      vertex -10.815 -15.2368 2.4
      vertex -10.6889 -15.3304 2.4
    endloop
  endfacet
  facet normal 0.741106 0.671388 0
    outer loop
      vertex -8.56318 -12.985 3
      vertex -8.66863 -12.8686 2.4
      vertex -8.66863 -12.8686 3
    endloop
  endfacet
  facet normal 0.741106 0.671388 0
    outer loop
      vertex -8.66863 -12.8686 2.4
      vertex -8.56318 -12.985 3
      vertex -8.56318 -12.985 2.4
    endloop
  endfacet
  facet normal -0.427484 -0.904023 0
    outer loop
      vertex -10.5542 -15.4111 2.4
      vertex -10.4123 -15.4782 3
      vertex -10.5542 -15.4111 3
    endloop
  endfacet
  facet normal -0.427484 -0.904023 -0
    outer loop
      vertex -10.4123 -15.4782 3
      vertex -10.5542 -15.4111 2.4
      vertex -10.4123 -15.4782 2.4
    endloop
  endfacet
  facet normal 0.336921 0.941533 -0
    outer loop
      vertex -9.18771 -12.5218 2.4
      vertex -9.33554 -12.4689 3
      vertex -9.18771 -12.5218 3
    endloop
  endfacet
  facet normal 0.336921 0.941533 0
    outer loop
      vertex -9.33554 -12.4689 3
      vertex -9.18771 -12.5218 2.4
      vertex -9.33554 -12.4689 2.4
    endloop
  endfacet
  facet normal -0.243135 0.969993 0
    outer loop
      vertex -10.1121 -12.4307 2.4
      vertex -10.2645 -12.4689 3
      vertex -10.1121 -12.4307 3
    endloop
  endfacet
  facet normal -0.243135 0.969993 0
    outer loop
      vertex -10.2645 -12.4689 3
      vertex -10.1121 -12.4307 2.4
      vertex -10.2645 -12.4689 2.4
    endloop
  endfacet
  facet normal 0.0490387 -0.998797 0
    outer loop
      vertex -9.8 -15.6 2.4
      vertex -9.64317 -15.5923 3
      vertex -9.8 -15.6 3
    endloop
  endfacet
  facet normal 0.0490387 -0.998797 0
    outer loop
      vertex -9.64317 -15.5923 3
      vertex -9.8 -15.6 2.4
      vertex -9.64317 -15.5923 2.4
    endloop
  endfacet
  facet normal 0.803184 -0.595732 0
    outer loop
      vertex -8.56318 -15.015 3
      vertex -8.46965 -14.8889 2.4
      vertex -8.46965 -14.8889 3
    endloop
  endfacet
  facet normal 0.803184 -0.595732 0
    outer loop
      vertex -8.46965 -14.8889 2.4
      vertex -8.56318 -15.015 3
      vertex -8.56318 -15.015 2.4
    endloop
  endfacet
  facet normal 0.427361 0.904081 -0
    outer loop
      vertex -9.04576 -12.5889 2.4
      vertex -9.18771 -12.5218 3
      vertex -9.04576 -12.5889 3
    endloop
  endfacet
  facet normal 0.427361 0.904081 0
    outer loop
      vertex -9.18771 -12.5218 3
      vertex -9.04576 -12.5889 2.4
      vertex -9.18771 -12.5218 2.4
    endloop
  endfacet
  facet normal -0.904023 -0.427484 0
    outer loop
      vertex -11.2111 -14.7542 2.4
      vertex -11.2782 -14.6123 3
      vertex -11.2782 -14.6123 2.4
    endloop
  endfacet
  facet normal -0.904023 -0.427484 0
    outer loop
      vertex -11.2782 -14.6123 3
      vertex -11.2111 -14.7542 2.4
      vertex -11.2111 -14.7542 3
    endloop
  endfacet
  facet normal 0.0490387 0.998797 -0
    outer loop
      vertex -9.64317 -12.4077 2.4
      vertex -9.8 -12.4 3
      vertex -9.64317 -12.4077 3
    endloop
  endfacet
  facet normal 0.0490387 0.998797 0
    outer loop
      vertex -9.8 -12.4 3
      vertex -9.64317 -12.4077 2.4
      vertex -9.8 -12.4 2.4
    endloop
  endfacet
  facet normal 0.146484 0.989213 -0
    outer loop
      vertex -9.48785 -12.4307 2.4
      vertex -9.64317 -12.4077 3
      vertex -9.48785 -12.4307 3
    endloop
  endfacet
  facet normal 0.146484 0.989213 0
    outer loop
      vertex -9.64317 -12.4077 3
      vertex -9.48785 -12.4307 2.4
      vertex -9.64317 -12.4077 2.4
    endloop
  endfacet
  facet normal -0.98921 0.146502 0
    outer loop
      vertex -11.3923 -13.8432 2.4
      vertex -11.3693 -13.6879 3
      vertex -11.3693 -13.6879 2.4
    endloop
  endfacet
  facet normal -0.98921 0.146502 0
    outer loop
      vertex -11.3693 -13.6879 3
      vertex -11.3923 -13.8432 2.4
      vertex -11.3923 -13.8432 3
    endloop
  endfacet
  facet normal 0.989173 -0.146752 0
    outer loop
      vertex -8.23074 -14.3121 3
      vertex -8.2077 -14.1568 2.4
      vertex -8.2077 -14.1568 3
    endloop
  endfacet
  facet normal 0.989173 -0.146752 0
    outer loop
      vertex -8.2077 -14.1568 2.4
      vertex -8.23074 -14.3121 3
      vertex -8.23074 -14.3121 2.4
    endloop
  endfacet
  facet normal 0.595958 -0.803015 0
    outer loop
      vertex -8.91109 -15.3304 2.4
      vertex -8.78497 -15.2368 3
      vertex -8.91109 -15.3304 3
    endloop
  endfacet
  facet normal 0.595958 -0.803015 0
    outer loop
      vertex -8.78497 -15.2368 3
      vertex -8.91109 -15.3304 2.4
      vertex -8.78497 -15.2368 2.4
    endloop
  endfacet
  facet normal -0.671213 0.741264 0
    outer loop
      vertex -10.815 -12.7632 2.4
      vertex -10.9314 -12.8686 3
      vertex -10.815 -12.7632 3
    endloop
  endfacet
  facet normal -0.671213 0.741264 0
    outer loop
      vertex -10.9314 -12.8686 3
      vertex -10.815 -12.7632 2.4
      vertex -10.9314 -12.8686 2.4
    endloop
  endfacet
  facet normal -0.85783 -0.513934 0
    outer loop
      vertex -11.1304 -14.8889 2.4
      vertex -11.2111 -14.7542 3
      vertex -11.2111 -14.7542 2.4
    endloop
  endfacet
  facet normal -0.85783 -0.513934 0
    outer loop
      vertex -11.2111 -14.7542 3
      vertex -11.1304 -14.8889 2.4
      vertex -11.1304 -14.8889 3
    endloop
  endfacet
  facet normal -0.741264 -0.671213 0
    outer loop
      vertex -10.9314 -15.1314 2.4
      vertex -11.0368 -15.015 3
      vertex -11.0368 -15.015 2.4
    endloop
  endfacet
  facet normal -0.741264 -0.671213 0
    outer loop
      vertex -11.0368 -15.015 3
      vertex -10.9314 -15.1314 2.4
      vertex -10.9314 -15.1314 3
    endloop
  endfacet
  facet normal -0.941511 0.336982 0
    outer loop
      vertex -11.3311 -13.5355 2.4
      vertex -11.2782 -13.3877 3
      vertex -11.2782 -13.3877 2.4
    endloop
  endfacet
  facet normal -0.941511 0.336982 0
    outer loop
      vertex -11.2782 -13.3877 3
      vertex -11.3311 -13.5355 2.4
      vertex -11.3311 -13.5355 3
    endloop
  endfacet
  facet normal -0.98921 -0.146502 0
    outer loop
      vertex -11.3693 -14.3121 2.4
      vertex -11.3923 -14.1568 3
      vertex -11.3923 -14.1568 2.4
    endloop
  endfacet
  facet normal -0.98921 -0.146502 0
    outer loop
      vertex -11.3923 -14.1568 3
      vertex -11.3693 -14.3121 2.4
      vertex -11.3693 -14.3121 3
    endloop
  endfacet
  facet normal -0.80297 -0.596019 0
    outer loop
      vertex -11.0368 -15.015 2.4
      vertex -11.1304 -14.8889 3
      vertex -11.1304 -14.8889 2.4
    endloop
  endfacet
  facet normal -0.80297 -0.596019 0
    outer loop
      vertex -11.1304 -14.8889 3
      vertex -11.0368 -15.015 2.4
      vertex -11.0368 -15.015 3
    endloop
  endfacet
  facet normal 0.336921 -0.941533 0
    outer loop
      vertex -9.33554 -15.5311 2.4
      vertex -9.18771 -15.4782 3
      vertex -9.33554 -15.5311 3
    endloop
  endfacet
  facet normal 0.336921 -0.941533 0
    outer loop
      vertex -9.18771 -15.4782 3
      vertex -9.33554 -15.5311 2.4
      vertex -9.18771 -15.4782 2.4
    endloop
  endfacet
  facet normal -0.85783 0.513934 0
    outer loop
      vertex -11.2111 -13.2458 2.4
      vertex -11.1304 -13.1111 3
      vertex -11.1304 -13.1111 2.4
    endloop
  endfacet
  facet normal -0.85783 0.513934 0
    outer loop
      vertex -11.1304 -13.1111 3
      vertex -11.2111 -13.2458 2.4
      vertex -11.2111 -13.2458 3
    endloop
  endfacet
  facet normal -0.998826 -0.0484505 0
    outer loop
      vertex -11.3961 -14.0804 2.4
      vertex -11.4 -14 3
      vertex -11.4 -14 2.4
    endloop
  endfacet
  facet normal -0.998765 -0.0496768 -0
    outer loop
      vertex -11.3923 -14.1568 3
      vertex -11.3961 -14.0804 2.4
      vertex -11.3923 -14.1568 2.4
    endloop
  endfacet
  facet normal -0.998796 -0.049048 8.02604e-05
    outer loop
      vertex -11.3961 -14.0804 2.4
      vertex -11.3923 -14.1568 3
      vertex -11.4 -14 3
    endloop
  endfacet
  facet normal 0.671404 0.741092 -0
    outer loop
      vertex -8.66863 -12.8686 2.4
      vertex -8.78497 -12.7632 3
      vertex -8.66863 -12.8686 3
    endloop
  endfacet
  facet normal 0.671404 0.741092 0
    outer loop
      vertex -8.78497 -12.7632 3
      vertex -8.66863 -12.8686 2.4
      vertex -8.78497 -12.7632 2.4
    endloop
  endfacet
  facet normal 0.514018 -0.857779 0
    outer loop
      vertex -9.04576 -15.4111 2.4
      vertex -8.91109 -15.3304 3
      vertex -9.04576 -15.4111 3
    endloop
  endfacet
  facet normal 0.514018 -0.857779 0
    outer loop
      vertex -8.91109 -15.3304 3
      vertex -9.04576 -15.4111 2.4
      vertex -8.91109 -15.3304 2.4
    endloop
  endfacet
  facet normal 0.903925 -0.427692 0
    outer loop
      vertex -8.38893 -14.7542 3
      vertex -8.32179 -14.6123 2.4
      vertex -8.32179 -14.6123 3
    endloop
  endfacet
  facet normal 0.903925 -0.427692 0
    outer loop
      vertex -8.32179 -14.6123 2.4
      vertex -8.38893 -14.7542 3
      vertex -8.38893 -14.7542 2.4
    endloop
  endfacet
  facet normal -0.80297 0.596019 0
    outer loop
      vertex -11.1304 -13.1111 2.4
      vertex -11.0368 -12.985 3
      vertex -11.0368 -12.985 2.4
    endloop
  endfacet
  facet normal -0.80297 0.596019 0
    outer loop
      vertex -11.0368 -12.985 3
      vertex -11.1304 -13.1111 2.4
      vertex -11.1304 -13.1111 3
    endloop
  endfacet
  facet normal -0.969993 0.243135 0
    outer loop
      vertex -11.3693 -13.6879 2.4
      vertex -11.3311 -13.5355 3
      vertex -11.3311 -13.5355 2.4
    endloop
  endfacet
  facet normal -0.969993 0.243135 0
    outer loop
      vertex -11.3311 -13.5355 3
      vertex -11.3693 -13.6879 2.4
      vertex -11.3693 -13.6879 3
    endloop
  endfacet
  facet normal -0.336982 -0.941511 0
    outer loop
      vertex -10.4123 -15.4782 2.4
      vertex -10.2645 -15.5311 3
      vertex -10.4123 -15.4782 3
    endloop
  endfacet
  facet normal -0.336982 -0.941511 -0
    outer loop
      vertex -10.2645 -15.5311 3
      vertex -10.4123 -15.4782 2.4
      vertex -10.2645 -15.5311 2.4
    endloop
  endfacet
  facet normal -0.904023 0.427484 0
    outer loop
      vertex -11.2782 -13.3877 2.4
      vertex -11.2111 -13.2458 3
      vertex -11.2111 -13.2458 2.4
    endloop
  endfacet
  facet normal -0.904023 0.427484 0
    outer loop
      vertex -11.2111 -13.2458 3
      vertex -11.2782 -13.3877 2.4
      vertex -11.2782 -13.3877 3
    endloop
  endfacet
  facet normal -0.0490387 -0.998797 0
    outer loop
      vertex -9.95683 -15.5923 2.4
      vertex -9.8 -15.6 3
      vertex -9.95683 -15.5923 3
    endloop
  endfacet
  facet normal -0.0490387 -0.998797 -0
    outer loop
      vertex -9.8 -15.6 3
      vertex -9.95683 -15.5923 2.4
      vertex -9.8 -15.6 2.4
    endloop
  endfacet
  facet normal 0 0 1
    outer loop
      vertex -8.2077 -13.8432 3
      vertex -8.2077 -14.1568 3
      vertex -8.2 -14 3
    endloop
  endfacet
  facet normal 0 0 1
    outer loop
      vertex -8.23074 -13.6879 3
      vertex -8.2077 -14.1568 3
      vertex -8.2077 -13.8432 3
    endloop
  endfacet
  facet normal 0 0 1
    outer loop
      vertex -8.23074 -13.6879 3
      vertex -8.23074 -14.3121 3
      vertex -8.2077 -14.1568 3
    endloop
  endfacet
  facet normal 0 0 1
    outer loop
      vertex -8.2689 -13.5355 3
      vertex -8.23074 -14.3121 3
      vertex -8.23074 -13.6879 3
    endloop
  endfacet
  facet normal 0 0 1
    outer loop
      vertex -8.2689 -13.5355 3
      vertex -8.2689 -14.4645 3
      vertex -8.23074 -14.3121 3
    endloop
  endfacet
  facet normal 0 0 1
    outer loop
      vertex -8.32179 -13.3877 3
      vertex -8.2689 -14.4645 3
      vertex -8.2689 -13.5355 3
    endloop
  endfacet
  facet normal 0 0 1
    outer loop
      vertex -8.32179 -13.3877 3
      vertex -8.32179 -14.6123 3
      vertex -8.2689 -14.4645 3
    endloop
  endfacet
  facet normal 0 0 1
    outer loop
      vertex -8.38893 -13.2458 3
      vertex -8.32179 -14.6123 3
      vertex -8.32179 -13.3877 3
    endloop
  endfacet
  facet normal 0 0 1
    outer loop
      vertex -8.38893 -13.2458 3
      vertex -8.38893 -14.7542 3
      vertex -8.32179 -14.6123 3
    endloop
  endfacet
  facet normal 0 0 1
    outer loop
      vertex -8.46965 -13.1111 3
      vertex -8.38893 -14.7542 3
      vertex -8.38893 -13.2458 3
    endloop
  endfacet
  facet normal 0 0 1
    outer loop
      vertex -8.46965 -13.1111 3
      vertex -8.46965 -14.8889 3
      vertex -8.38893 -14.7542 3
    endloop
  endfacet
  facet normal 0 0 1
    outer loop
      vertex -8.56318 -12.985 3
      vertex -8.46965 -14.8889 3
      vertex -8.46965 -13.1111 3
    endloop
  endfacet
  facet normal 0 0 1
    outer loop
      vertex -8.56318 -12.985 3
      vertex -8.56318 -15.015 3
      vertex -8.46965 -14.8889 3
    endloop
  endfacet
  facet normal 0 0 1
    outer loop
      vertex -8.66863 -12.8686 3
      vertex -8.56318 -15.015 3
      vertex -8.56318 -12.985 3
    endloop
  endfacet
  facet normal 0 0 1
    outer loop
      vertex -8.66863 -12.8686 3
      vertex -8.66863 -15.1314 3
      vertex -8.56318 -15.015 3
    endloop
  endfacet
  facet normal 0 0 1
    outer loop
      vertex -8.78497 -12.7632 3
      vertex -8.66863 -15.1314 3
      vertex -8.66863 -12.8686 3
    endloop
  endfacet
  facet normal 0 0 1
    outer loop
      vertex -8.78497 -12.7632 3
      vertex -8.78497 -15.2368 3
      vertex -8.66863 -15.1314 3
    endloop
  endfacet
  facet normal 0 0 1
    outer loop
      vertex -8.91109 -12.6696 3
      vertex -8.78497 -15.2368 3
      vertex -8.78497 -12.7632 3
    endloop
  endfacet
  facet normal 0 0 1
    outer loop
      vertex -8.91109 -12.6696 3
      vertex -8.91109 -15.3304 3
      vertex -8.78497 -15.2368 3
    endloop
  endfacet
  facet normal 0 0 1
    outer loop
      vertex -9.04576 -12.5889 3
      vertex -8.91109 -15.3304 3
      vertex -8.91109 -12.6696 3
    endloop
  endfacet
  facet normal 0 0 1
    outer loop
      vertex -9.04576 -12.5889 3
      vertex -9.04576 -15.4111 3
      vertex -8.91109 -15.3304 3
    endloop
  endfacet
  facet normal 0 0 1
    outer loop
      vertex -9.18771 -12.5218 3
      vertex -9.04576 -15.4111 3
      vertex -9.04576 -12.5889 3
    endloop
  endfacet
  facet normal 0 0 1
    outer loop
      vertex -9.18771 -12.5218 3
      vertex -9.18771 -15.4782 3
      vertex -9.04576 -15.4111 3
    endloop
  endfacet
  facet normal 0 0 1
    outer loop
      vertex -9.33554 -12.4689 3
      vertex -9.18771 -15.4782 3
      vertex -9.18771 -12.5218 3
    endloop
  endfacet
  facet normal 0 0 1
    outer loop
      vertex -9.33554 -12.4689 3
      vertex -9.33554 -15.5311 3
      vertex -9.18771 -15.4782 3
    endloop
  endfacet
  facet normal 0 0 1
    outer loop
      vertex -9.48785 -12.4307 3
      vertex -9.33554 -15.5311 3
      vertex -9.33554 -12.4689 3
    endloop
  endfacet
  facet normal 0 0 1
    outer loop
      vertex -9.48785 -12.4307 3
      vertex -9.48785 -15.5693 3
      vertex -9.33554 -15.5311 3
    endloop
  endfacet
  facet normal 0 0 1
    outer loop
      vertex -9.64317 -12.4077 3
      vertex -9.48785 -15.5693 3
      vertex -9.48785 -12.4307 3
    endloop
  endfacet
  facet normal 0 0 1
    outer loop
      vertex -9.64317 -12.4077 3
      vertex -9.64317 -15.5923 3
      vertex -9.48785 -15.5693 3
    endloop
  endfacet
  facet normal 0 0 1
    outer loop
      vertex -9.8 -12.4 3
      vertex -9.64317 -15.5923 3
      vertex -9.64317 -12.4077 3
    endloop
  endfacet
  facet normal 0 0 1
    outer loop
      vertex -9.8 -12.4 3
      vertex -9.8 -15.6 3
      vertex -9.64317 -15.5923 3
    endloop
  endfacet
  facet normal -0 0 1
    outer loop
      vertex -9.95683 -12.4077 3
      vertex -9.8 -15.6 3
      vertex -9.8 -12.4 3
    endloop
  endfacet
  facet normal 0 0 1
    outer loop
      vertex -9.95683 -12.4077 3
      vertex -9.95683 -15.5923 3
      vertex -9.8 -15.6 3
    endloop
  endfacet
  facet normal -0 0 1
    outer loop
      vertex -10.1121 -12.4307 3
      vertex -9.95683 -15.5923 3
      vertex -9.95683 -12.4077 3
    endloop
  endfacet
  facet normal 0 0 1
    outer loop
      vertex -10.1121 -12.4307 3
      vertex -10.1121 -15.5693 3
      vertex -9.95683 -15.5923 3
    endloop
  endfacet
  facet normal -0 0 1
    outer loop
      vertex -10.2645 -12.4689 3
      vertex -10.1121 -15.5693 3
      vertex -10.1121 -12.4307 3
    endloop
  endfacet
  facet normal 0 0 1
    outer loop
      vertex -10.2645 -12.4689 3
      vertex -10.2645 -15.5311 3
      vertex -10.1121 -15.5693 3
    endloop
  endfacet
  facet normal -0 0 1
    outer loop
      vertex -10.4123 -12.5218 3
      vertex -10.2645 -15.5311 3
      vertex -10.2645 -12.4689 3
    endloop
  endfacet
  facet normal 0 0 1
    outer loop
      vertex -10.4123 -12.5218 3
      vertex -10.4123 -15.4782 3
      vertex -10.2645 -15.5311 3
    endloop
  endfacet
  facet normal -0 0 1
    outer loop
      vertex -10.5542 -12.5889 3
      vertex -10.4123 -15.4782 3
      vertex -10.4123 -12.5218 3
    endloop
  endfacet
  facet normal 0 0 1
    outer loop
      vertex -10.5542 -12.5889 3
      vertex -10.5542 -15.4111 3
      vertex -10.4123 -15.4782 3
    endloop
  endfacet
  facet normal -0 0 1
    outer loop
      vertex -10.6889 -12.6696 3
      vertex -10.5542 -15.4111 3
      vertex -10.5542 -12.5889 3
    endloop
  endfacet
  facet normal 0 0 1
    outer loop
      vertex -10.6889 -12.6696 3
      vertex -10.6889 -15.3304 3
      vertex -10.5542 -15.4111 3
    endloop
  endfacet
  facet normal -0 0 1
    outer loop
      vertex -10.815 -12.7632 3
      vertex -10.6889 -15.3304 3
      vertex -10.6889 -12.6696 3
    endloop
  endfacet
  facet normal 0 0 1
    outer loop
      vertex -10.815 -12.7632 3
      vertex -10.815 -15.2368 3
      vertex -10.6889 -15.3304 3
    endloop
  endfacet
  facet normal -0 0 1
    outer loop
      vertex -10.9314 -12.8686 3
      vertex -10.815 -15.2368 3
      vertex -10.815 -12.7632 3
    endloop
  endfacet
  facet normal 0 0 1
    outer loop
      vertex -10.9314 -12.8686 3
      vertex -10.9314 -15.1314 3
      vertex -10.815 -15.2368 3
    endloop
  endfacet
  facet normal -0 0 1
    outer loop
      vertex -11.0368 -12.985 3
      vertex -10.9314 -15.1314 3
      vertex -10.9314 -12.8686 3
    endloop
  endfacet
  facet normal 0 0 1
    outer loop
      vertex -11.0368 -12.985 3
      vertex -11.0368 -15.015 3
      vertex -10.9314 -15.1314 3
    endloop
  endfacet
  facet normal -0 0 1
    outer loop
      vertex -11.1304 -13.1111 3
      vertex -11.0368 -15.015 3
      vertex -11.0368 -12.985 3
    endloop
  endfacet
  facet normal 0 0 1
    outer loop
      vertex -11.1304 -13.1111 3
      vertex -11.1304 -14.8889 3
      vertex -11.0368 -15.015 3
    endloop
  endfacet
  facet normal -0 0 1
    outer loop
      vertex -11.2111 -13.2458 3
      vertex -11.1304 -14.8889 3
      vertex -11.1304 -13.1111 3
    endloop
  endfacet
  facet normal 0 0 1
    outer loop
      vertex -11.2111 -13.2458 3
      vertex -11.2111 -14.7542 3
      vertex -11.1304 -14.8889 3
    endloop
  endfacet
  facet normal -0 0 1
    outer loop
      vertex -11.2782 -13.3877 3
      vertex -11.2111 -14.7542 3
      vertex -11.2111 -13.2458 3
    endloop
  endfacet
  facet normal 0 0 1
    outer loop
      vertex -11.2782 -13.3877 3
      vertex -11.2782 -14.6123 3
      vertex -11.2111 -14.7542 3
    endloop
  endfacet
  facet normal -0 0 1
    outer loop
      vertex -11.3311 -13.5355 3
      vertex -11.2782 -14.6123 3
      vertex -11.2782 -13.3877 3
    endloop
  endfacet
  facet normal 0 0 1
    outer loop
      vertex -11.3311 -13.5355 3
      vertex -11.3311 -14.4645 3
      vertex -11.2782 -14.6123 3
    endloop
  endfacet
  facet normal -0 0 1
    outer loop
      vertex -11.3693 -13.6879 3
      vertex -11.3311 -14.4645 3
      vertex -11.3311 -13.5355 3
    endloop
  endfacet
  facet normal 0 0 1
    outer loop
      vertex -11.3693 -13.6879 3
      vertex -11.3693 -14.3121 3
      vertex -11.3311 -14.4645 3
    endloop
  endfacet
  facet normal -0 0 1
    outer loop
      vertex -11.3923 -13.8432 3
      vertex -11.3693 -14.3121 3
      vertex -11.3693 -13.6879 3
    endloop
  endfacet
  facet normal 0 0 1
    outer loop
      vertex -11.3923 -13.8432 3
      vertex -11.3923 -14.1568 3
      vertex -11.3693 -14.3121 3
    endloop
  endfacet
  facet normal 0 -0 1
    outer loop
      vertex -11.3923 -14.1568 3
      vertex -11.3923 -13.8432 3
      vertex -11.4 -14 3
    endloop
  endfacet
  facet normal -0.998796 0.049048 0
    outer loop
      vertex -11.4 -14 2.4
      vertex -11.3923 -13.8432 3
      vertex -11.3923 -13.8432 2.4
    endloop
  endfacet
  facet normal -0.998796 0.049048 0
    outer loop
      vertex -11.3923 -13.8432 3
      vertex -11.4 -14 2.4
      vertex -11.4 -14 3
    endloop
  endfacet
  facet normal 0.671404 -0.741092 0
    outer loop
      vertex -8.78497 -15.2368 2.4
      vertex -8.66863 -15.1314 3
      vertex -8.78497 -15.2368 3
    endloop
  endfacet
  facet normal 0.671404 -0.741092 0
    outer loop
      vertex -8.66863 -15.1314 3
      vertex -8.78497 -15.2368 2.4
      vertex -8.66863 -15.1314 2.4
    endloop
  endfacet
  facet normal 0.989173 0.146752 0
    outer loop
      vertex -8.2077 14.1568 3
      vertex -8.23074 14.3121 2.4
      vertex -8.23074 14.3121 3
    endloop
  endfacet
  facet normal 0.989173 0.146752 0
    outer loop
      vertex -8.23074 14.3121 2.4
      vertex -8.2077 14.1568 3
      vertex -8.2077 14.1568 2.4
    endloop
  endfacet
  facet normal 0.998796 0.049048 0
    outer loop
      vertex -8.2 14 3
      vertex -8.2077 14.1568 2.4
      vertex -8.2077 14.1568 3
    endloop
  endfacet
  facet normal 0.998796 0.049048 0
    outer loop
      vertex -8.2077 14.1568 2.4
      vertex -8.2 14 3
      vertex -8.2 14 2.4
    endloop
  endfacet
  facet normal 0.970053 0.242895 0
    outer loop
      vertex -8.23074 14.3121 3
      vertex -8.2689 14.4645 2.4
      vertex -8.2689 14.4645 3
    endloop
  endfacet
  facet normal 0.970053 0.242895 0
    outer loop
      vertex -8.2689 14.4645 2.4
      vertex -8.23074 14.3121 3
      vertex -8.23074 14.3121 2.4
    endloop
  endfacet
  facet normal -0.14653 0.989206 0
    outer loop
      vertex -9.95683 15.5923 2.4
      vertex -10.1121 15.5693 3
      vertex -9.95683 15.5923 3
    endloop
  endfacet
  facet normal -0.14653 0.989206 0
    outer loop
      vertex -10.1121 15.5693 3
      vertex -9.95683 15.5923 2.4
      vertex -10.1121 15.5693 2.4
    endloop
  endfacet
  facet normal -0.941511 -0.336982 0
    outer loop
      vertex -11.2782 13.3877 2.4
      vertex -11.3311 13.5355 3
      vertex -11.3311 13.5355 2.4
    endloop
  endfacet
  facet normal -0.941511 -0.336982 0
    outer loop
      vertex -11.3311 13.5355 3
      vertex -11.2782 13.3877 2.4
      vertex -11.2782 13.3877 3
    endloop
  endfacet
  facet normal 0.427361 -0.904081 0
    outer loop
      vertex -9.18771 12.5218 2.4
      vertex -9.04576 12.5889 3
      vertex -9.18771 12.5218 3
    endloop
  endfacet
  facet normal 0.427361 -0.904081 0
    outer loop
      vertex -9.04576 12.5889 3
      vertex -9.18771 12.5218 2.4
      vertex -9.04576 12.5889 2.4
    endloop
  endfacet
  facet normal 0.24327 -0.969959 0
    outer loop
      vertex -9.48785 12.4307 2.4
      vertex -9.33554 12.4689 3
      vertex -9.48785 12.4307 3
    endloop
  endfacet
  facet normal 0.24327 -0.969959 0
    outer loop
      vertex -9.33554 12.4689 3
      vertex -9.48785 12.4307 2.4
      vertex -9.33554 12.4689 2.4
    endloop
  endfacet
  facet normal -0.596019 0.80297 0
    outer loop
      vertex -10.6889 15.3304 2.4
      vertex -10.815 15.2368 3
      vertex -10.6889 15.3304 3
    endloop
  endfacet
  facet normal -0.596019 0.80297 0
    outer loop
      vertex -10.815 15.2368 3
      vertex -10.6889 15.3304 2.4
      vertex -10.815 15.2368 2.4
    endloop
  endfacet
  facet normal 0.146484 -0.989213 0
    outer loop
      vertex -9.64317 12.4077 2.4
      vertex -9.48785 12.4307 3
      vertex -9.64317 12.4077 3
    endloop
  endfacet
  facet normal 0.146484 -0.989213 0
    outer loop
      vertex -9.48785 12.4307 3
      vertex -9.64317 12.4077 2.4
      vertex -9.48785 12.4307 2.4
    endloop
  endfacet
  facet normal -0.513934 -0.85783 0
    outer loop
      vertex -10.6889 12.6696 2.4
      vertex -10.5542 12.5889 3
      vertex -10.6889 12.6696 3
    endloop
  endfacet
  facet normal -0.513934 -0.85783 -0
    outer loop
      vertex -10.5542 12.5889 3
      vertex -10.6889 12.6696 2.4
      vertex -10.5542 12.5889 2.4
    endloop
  endfacet
  facet normal -0.427484 0.904023 0
    outer loop
      vertex -10.4123 15.4782 2.4
      vertex -10.5542 15.4111 3
      vertex -10.4123 15.4782 3
    endloop
  endfacet
  facet normal -0.427484 0.904023 0
    outer loop
      vertex -10.5542 15.4111 3
      vertex -10.4123 15.4782 2.4
      vertex -10.5542 15.4111 2.4
    endloop
  endfacet
  facet normal 0.903925 0.427692 0
    outer loop
      vertex -8.32179 14.6123 3
      vertex -8.38893 14.7542 2.4
      vertex -8.38893 14.7542 3
    endloop
  endfacet
  facet normal 0.903925 0.427692 0
    outer loop
      vertex -8.38893 14.7542 2.4
      vertex -8.32179 14.6123 3
      vertex -8.32179 14.6123 2.4
    endloop
  endfacet
  facet normal 0.741106 -0.671388 0
    outer loop
      vertex -8.66863 12.8686 3
      vertex -8.56318 12.985 2.4
      vertex -8.56318 12.985 3
    endloop
  endfacet
  facet normal 0.741106 -0.671388 0
    outer loop
      vertex -8.56318 12.985 2.4
      vertex -8.66863 12.8686 3
      vertex -8.66863 12.8686 2.4
    endloop
  endfacet
  facet normal 0.595958 0.803015 -0
    outer loop
      vertex -8.78497 15.2368 2.4
      vertex -8.91109 15.3304 3
      vertex -8.78497 15.2368 3
    endloop
  endfacet
  facet normal 0.595958 0.803015 0
    outer loop
      vertex -8.91109 15.3304 3
      vertex -8.78497 15.2368 2.4
      vertex -8.91109 15.3304 2.4
    endloop
  endfacet
  facet normal 0.803184 0.595732 0
    outer loop
      vertex -8.46965 14.8889 3
      vertex -8.56318 15.015 2.4
      vertex -8.56318 15.015 3
    endloop
  endfacet
  facet normal 0.803184 0.595732 0
    outer loop
      vertex -8.56318 15.015 2.4
      vertex -8.46965 14.8889 3
      vertex -8.46965 14.8889 2.4
    endloop
  endfacet
  facet normal -0.243135 -0.969993 0
    outer loop
      vertex -10.2645 12.4689 2.4
      vertex -10.1121 12.4307 3
      vertex -10.2645 12.4689 3
    endloop
  endfacet
  facet normal -0.243135 -0.969993 -0
    outer loop
      vertex -10.1121 12.4307 3
      vertex -10.2645 12.4689 2.4
      vertex -10.1121 12.4307 2.4
    endloop
  endfacet
  facet normal -0.0490387 0.998797 0
    outer loop
      vertex -9.8 15.6 2.4
      vertex -9.95683 15.5923 3
      vertex -9.8 15.6 3
    endloop
  endfacet
  facet normal -0.0490387 0.998797 0
    outer loop
      vertex -9.95683 15.5923 3
      vertex -9.8 15.6 2.4
      vertex -9.95683 15.5923 2.4
    endloop
  endfacet
  facet normal 0.514018 0.857779 -0
    outer loop
      vertex -8.91109 15.3304 2.4
      vertex -9.04576 15.4111 3
      vertex -8.91109 15.3304 3
    endloop
  endfacet
  facet normal 0.514018 0.857779 0
    outer loop
      vertex -9.04576 15.4111 3
      vertex -8.91109 15.3304 2.4
      vertex -9.04576 15.4111 2.4
    endloop
  endfacet
  facet normal -0.969993 -0.243135 0
    outer loop
      vertex -11.3311 13.5355 2.4
      vertex -11.3693 13.6879 3
      vertex -11.3693 13.6879 2.4
    endloop
  endfacet
  facet normal -0.969993 -0.243135 0
    outer loop
      vertex -11.3693 13.6879 3
      vertex -11.3311 13.5355 2.4
      vertex -11.3311 13.5355 3
    endloop
  endfacet
  facet normal 0.998796 -0.049048 0
    outer loop
      vertex -8.2077 13.8432 3
      vertex -8.2 14 2.4
      vertex -8.2 14 3
    endloop
  endfacet
  facet normal 0.998796 -0.049048 0
    outer loop
      vertex -8.2 14 2.4
      vertex -8.2077 13.8432 3
      vertex -8.2077 13.8432 2.4
    endloop
  endfacet
  facet normal -0.336982 0.941511 0
    outer loop
      vertex -10.2645 15.5311 2.4
      vertex -10.4123 15.4782 3
      vertex -10.2645 15.5311 3
    endloop
  endfacet
  facet normal -0.336982 0.941511 0
    outer loop
      vertex -10.4123 15.4782 3
      vertex -10.2645 15.5311 2.4
      vertex -10.4123 15.4782 2.4
    endloop
  endfacet
  facet normal 0.857774 -0.514027 0
    outer loop
      vertex -8.46965 13.1111 3
      vertex -8.38893 13.2458 2.4
      vertex -8.38893 13.2458 3
    endloop
  endfacet
  facet normal 0.857774 -0.514027 0
    outer loop
      vertex -8.38893 13.2458 2.4
      vertex -8.46965 13.1111 3
      vertex -8.46965 13.1111 2.4
    endloop
  endfacet
  facet normal -0.741264 0.671213 0
    outer loop
      vertex -11.0368 15.015 2.4
      vertex -10.9314 15.1314 3
      vertex -10.9314 15.1314 2.4
    endloop
  endfacet
  facet normal -0.741264 0.671213 0
    outer loop
      vertex -10.9314 15.1314 3
      vertex -11.0368 15.015 2.4
      vertex -11.0368 15.015 3
    endloop
  endfacet
  facet normal -0.671213 -0.741264 0
    outer loop
      vertex -10.9314 12.8686 2.4
      vertex -10.815 12.7632 3
      vertex -10.9314 12.8686 3
    endloop
  endfacet
  facet normal -0.671213 -0.741264 -0
    outer loop
      vertex -10.815 12.7632 3
      vertex -10.9314 12.8686 2.4
      vertex -10.815 12.7632 2.4
    endloop
  endfacet
  facet normal -0.14653 -0.989206 0
    outer loop
      vertex -10.1121 12.4307 2.4
      vertex -9.95683 12.4077 3
      vertex -10.1121 12.4307 3
    endloop
  endfacet
  facet normal -0.14653 -0.989206 -0
    outer loop
      vertex -9.95683 12.4077 3
      vertex -10.1121 12.4307 2.4
      vertex -9.95683 12.4077 2.4
    endloop
  endfacet
  facet normal 0.970053 -0.242895 0
    outer loop
      vertex -8.2689 13.5355 3
      vertex -8.23074 13.6879 2.4
      vertex -8.23074 13.6879 3
    endloop
  endfacet
  facet normal 0.970053 -0.242895 0
    outer loop
      vertex -8.23074 13.6879 2.4
      vertex -8.2689 13.5355 3
      vertex -8.2689 13.5355 2.4
    endloop
  endfacet
  facet normal 0.941531 0.336926 0
    outer loop
      vertex -8.2689 14.4645 3
      vertex -8.32179 14.6123 2.4
      vertex -8.32179 14.6123 3
    endloop
  endfacet
  facet normal 0.941531 0.336926 0
    outer loop
      vertex -8.32179 14.6123 2.4
      vertex -8.2689 14.4645 3
      vertex -8.2689 14.4645 2.4
    endloop
  endfacet
  facet normal 0.857774 0.514027 0
    outer loop
      vertex -8.38893 14.7542 3
      vertex -8.46965 14.8889 2.4
      vertex -8.46965 14.8889 3
    endloop
  endfacet
  facet normal 0.857774 0.514027 0
    outer loop
      vertex -8.46965 14.8889 2.4
      vertex -8.38893 14.7542 3
      vertex -8.38893 14.7542 2.4
    endloop
  endfacet
  facet normal -0.513934 0.85783 0
    outer loop
      vertex -10.5542 15.4111 2.4
      vertex -10.6889 15.3304 3
      vertex -10.5542 15.4111 3
    endloop
  endfacet
  facet normal -0.513934 0.85783 0
    outer loop
      vertex -10.6889 15.3304 3
      vertex -10.5542 15.4111 2.4
      vertex -10.6889 15.3304 2.4
    endloop
  endfacet
  facet normal 0.243604 0.969875 0
    outer loop
      vertex -9.35903 15.537 2.4
      vertex -9.33554 15.5311 3
      vertex -9.33554 15.5311 2.4
    endloop
  endfacet
  facet normal 0.24327 0.969959 1.39148e-05
    outer loop
      vertex -9.33554 15.5311 3
      vertex -9.35903 15.537 2.4
      vertex -9.48785 15.5693 3
    endloop
  endfacet
  facet normal 0.243209 0.969974 0
    outer loop
      vertex -9.48785 15.5693 3
      vertex -9.35903 15.537 2.4
      vertex -9.48785 15.5693 2.4
    endloop
  endfacet
  facet normal 0.941531 -0.336926 0
    outer loop
      vertex -8.32179 13.3877 3
      vertex -8.2689 13.5355 2.4
      vertex -8.2689 13.5355 3
    endloop
  endfacet
  facet normal 0.941531 -0.336926 0
    outer loop
      vertex -8.2689 13.5355 2.4
      vertex -8.32179 13.3877 3
      vertex -8.32179 13.3877 2.4
    endloop
  endfacet
  facet normal 0.671404 0.741092 -0
    outer loop
      vertex -8.66863 15.1314 2.4
      vertex -8.78497 15.2368 3
      vertex -8.66863 15.1314 3
    endloop
  endfacet
  facet normal 0.671404 0.741092 0
    outer loop
      vertex -8.78497 15.2368 3
      vertex -8.66863 15.1314 2.4
      vertex -8.78497 15.2368 2.4
    endloop
  endfacet
  facet normal -0.596019 -0.80297 0
    outer loop
      vertex -10.815 12.7632 2.4
      vertex -10.6889 12.6696 3
      vertex -10.815 12.7632 3
    endloop
  endfacet
  facet normal -0.596019 -0.80297 -0
    outer loop
      vertex -10.6889 12.6696 3
      vertex -10.815 12.7632 2.4
      vertex -10.6889 12.6696 2.4
    endloop
  endfacet
  facet normal 0.741106 0.671388 0
    outer loop
      vertex -8.56318 15.015 3
      vertex -8.66863 15.1314 2.4
      vertex -8.66863 15.1314 3
    endloop
  endfacet
  facet normal 0.741106 0.671388 0
    outer loop
      vertex -8.66863 15.1314 2.4
      vertex -8.56318 15.015 3
      vertex -8.56318 15.015 2.4
    endloop
  endfacet
  facet normal -0.427484 -0.904023 0
    outer loop
      vertex -10.5542 12.5889 2.4
      vertex -10.4123 12.5218 3
      vertex -10.5542 12.5889 3
    endloop
  endfacet
  facet normal -0.427484 -0.904023 -0
    outer loop
      vertex -10.4123 12.5218 3
      vertex -10.5542 12.5889 2.4
      vertex -10.4123 12.5218 2.4
    endloop
  endfacet
  facet normal 0.336921 0.941533 -0
    outer loop
      vertex -9.18771 15.4782 2.4
      vertex -9.33554 15.5311 3
      vertex -9.18771 15.4782 3
    endloop
  endfacet
  facet normal 0.336921 0.941533 0
    outer loop
      vertex -9.33554 15.5311 3
      vertex -9.18771 15.4782 2.4
      vertex -9.33554 15.5311 2.4
    endloop
  endfacet
  facet normal -0.243135 0.969993 0
    outer loop
      vertex -10.1121 15.5693 2.4
      vertex -10.2645 15.5311 3
      vertex -10.1121 15.5693 3
    endloop
  endfacet
  facet normal -0.243135 0.969993 0
    outer loop
      vertex -10.2645 15.5311 3
      vertex -10.1121 15.5693 2.4
      vertex -10.2645 15.5311 2.4
    endloop
  endfacet
  facet normal 0.0490387 -0.998797 0
    outer loop
      vertex -9.8 12.4 2.4
      vertex -9.64317 12.4077 3
      vertex -9.8 12.4 3
    endloop
  endfacet
  facet normal 0.0490387 -0.998797 0
    outer loop
      vertex -9.64317 12.4077 3
      vertex -9.8 12.4 2.4
      vertex -9.64317 12.4077 2.4
    endloop
  endfacet
  facet normal 0.803184 -0.595732 0
    outer loop
      vertex -8.56318 12.985 3
      vertex -8.46965 13.1111 2.4
      vertex -8.46965 13.1111 3
    endloop
  endfacet
  facet normal 0.803184 -0.595732 0
    outer loop
      vertex -8.46965 13.1111 2.4
      vertex -8.56318 12.985 3
      vertex -8.56318 12.985 2.4
    endloop
  endfacet
  facet normal 0.903925 -0.427692 0
    outer loop
      vertex -8.38893 13.2458 3
      vertex -8.32179 13.3877 2.4
      vertex -8.32179 13.3877 3
    endloop
  endfacet
  facet normal 0.903925 -0.427692 0
    outer loop
      vertex -8.32179 13.3877 2.4
      vertex -8.38893 13.2458 3
      vertex -8.38893 13.2458 2.4
    endloop
  endfacet
  facet normal 0.427361 0.904081 -0
    outer loop
      vertex -9.04576 15.4111 2.4
      vertex -9.18771 15.4782 3
      vertex -9.04576 15.4111 3
    endloop
  endfacet
  facet normal 0.427361 0.904081 0
    outer loop
      vertex -9.18771 15.4782 3
      vertex -9.04576 15.4111 2.4
      vertex -9.18771 15.4782 2.4
    endloop
  endfacet
  facet normal -0.904023 -0.427484 0
    outer loop
      vertex -11.2111 13.2458 2.4
      vertex -11.2782 13.3877 3
      vertex -11.2782 13.3877 2.4
    endloop
  endfacet
  facet normal -0.904023 -0.427484 0
    outer loop
      vertex -11.2782 13.3877 3
      vertex -11.2111 13.2458 2.4
      vertex -11.2111 13.2458 3
    endloop
  endfacet
  facet normal 0.0490387 0.998797 -0
    outer loop
      vertex -9.64317 15.5923 2.4
      vertex -9.8 15.6 3
      vertex -9.64317 15.5923 3
    endloop
  endfacet
  facet normal 0.0490387 0.998797 0
    outer loop
      vertex -9.8 15.6 3
      vertex -9.64317 15.5923 2.4
      vertex -9.8 15.6 2.4
    endloop
  endfacet
  facet normal 0.146484 0.989213 -0
    outer loop
      vertex -9.48785 15.5693 2.4
      vertex -9.64317 15.5923 3
      vertex -9.48785 15.5693 3
    endloop
  endfacet
  facet normal 0.146484 0.989213 0
    outer loop
      vertex -9.64317 15.5923 3
      vertex -9.48785 15.5693 2.4
      vertex -9.64317 15.5923 2.4
    endloop
  endfacet
  facet normal -0.98921 0.146502 0
    outer loop
      vertex -11.3923 14.1568 2.4
      vertex -11.3693 14.3121 3
      vertex -11.3693 14.3121 2.4
    endloop
  endfacet
  facet normal -0.98921 0.146502 0
    outer loop
      vertex -11.3693 14.3121 3
      vertex -11.3923 14.1568 2.4
      vertex -11.3923 14.1568 3
    endloop
  endfacet
  facet normal 0.989173 -0.146752 0
    outer loop
      vertex -8.23074 13.6879 3
      vertex -8.2077 13.8432 2.4
      vertex -8.2077 13.8432 3
    endloop
  endfacet
  facet normal 0.989173 -0.146752 0
    outer loop
      vertex -8.2077 13.8432 2.4
      vertex -8.23074 13.6879 3
      vertex -8.23074 13.6879 2.4
    endloop
  endfacet
  facet normal 0.595958 -0.803015 0
    outer loop
      vertex -8.91109 12.6696 2.4
      vertex -8.78497 12.7632 3
      vertex -8.91109 12.6696 3
    endloop
  endfacet
  facet normal 0.595958 -0.803015 0
    outer loop
      vertex -8.78497 12.7632 3
      vertex -8.91109 12.6696 2.4
      vertex -8.78497 12.7632 2.4
    endloop
  endfacet
  facet normal -0.671213 0.741264 0
    outer loop
      vertex -10.815 15.2368 2.4
      vertex -10.9314 15.1314 3
      vertex -10.815 15.2368 3
    endloop
  endfacet
  facet normal -0.671213 0.741264 0
    outer loop
      vertex -10.9314 15.1314 3
      vertex -10.815 15.2368 2.4
      vertex -10.9314 15.1314 2.4
    endloop
  endfacet
  facet normal -0.85783 -0.513934 0
    outer loop
      vertex -11.1304 13.1111 2.4
      vertex -11.2111 13.2458 3
      vertex -11.2111 13.2458 2.4
    endloop
  endfacet
  facet normal -0.85783 -0.513934 0
    outer loop
      vertex -11.2111 13.2458 3
      vertex -11.1304 13.1111 2.4
      vertex -11.1304 13.1111 3
    endloop
  endfacet
  facet normal -0.741264 -0.671213 0
    outer loop
      vertex -10.9314 12.8686 2.4
      vertex -11.0368 12.985 3
      vertex -11.0368 12.985 2.4
    endloop
  endfacet
  facet normal -0.741264 -0.671213 0
    outer loop
      vertex -11.0368 12.985 3
      vertex -10.9314 12.8686 2.4
      vertex -10.9314 12.8686 3
    endloop
  endfacet
  facet normal -0.941511 0.336982 0
    outer loop
      vertex -11.3311 14.4645 2.4
      vertex -11.2782 14.6123 3
      vertex -11.2782 14.6123 2.4
    endloop
  endfacet
  facet normal -0.941511 0.336982 0
    outer loop
      vertex -11.2782 14.6123 3
      vertex -11.3311 14.4645 2.4
      vertex -11.3311 14.4645 3
    endloop
  endfacet
  facet normal -0.98921 -0.146502 0
    outer loop
      vertex -11.3693 13.6879 2.4
      vertex -11.3923 13.8432 3
      vertex -11.3923 13.8432 2.4
    endloop
  endfacet
  facet normal -0.98921 -0.146502 0
    outer loop
      vertex -11.3923 13.8432 3
      vertex -11.3693 13.6879 2.4
      vertex -11.3693 13.6879 3
    endloop
  endfacet
  facet normal -0.80297 -0.596019 0
    outer loop
      vertex -11.0368 12.985 2.4
      vertex -11.1304 13.1111 3
      vertex -11.1304 13.1111 2.4
    endloop
  endfacet
  facet normal -0.80297 -0.596019 0
    outer loop
      vertex -11.1304 13.1111 3
      vertex -11.0368 12.985 2.4
      vertex -11.0368 12.985 3
    endloop
  endfacet
  facet normal 0.336921 -0.941533 0
    outer loop
      vertex -9.33554 12.4689 2.4
      vertex -9.18771 12.5218 3
      vertex -9.33554 12.4689 3
    endloop
  endfacet
  facet normal 0.336921 -0.941533 0
    outer loop
      vertex -9.18771 12.5218 3
      vertex -9.33554 12.4689 2.4
      vertex -9.18771 12.5218 2.4
    endloop
  endfacet
  facet normal -0.85783 0.513934 0
    outer loop
      vertex -11.2111 14.7542 2.4
      vertex -11.1304 14.8889 3
      vertex -11.1304 14.8889 2.4
    endloop
  endfacet
  facet normal -0.85783 0.513934 0
    outer loop
      vertex -11.1304 14.8889 3
      vertex -11.2111 14.7542 2.4
      vertex -11.2111 14.7542 3
    endloop
  endfacet
  facet normal -0.998796 -0.049048 0
    outer loop
      vertex -11.3923 13.8432 2.4
      vertex -11.4 14 3
      vertex -11.4 14 2.4
    endloop
  endfacet
  facet normal -0.998796 -0.049048 0
    outer loop
      vertex -11.4 14 3
      vertex -11.3923 13.8432 2.4
      vertex -11.3923 13.8432 3
    endloop
  endfacet
  facet normal 0.514018 -0.857779 0
    outer loop
      vertex -9.04576 12.5889 2.4
      vertex -8.91109 12.6696 3
      vertex -9.04576 12.5889 3
    endloop
  endfacet
  facet normal 0.514018 -0.857779 0
    outer loop
      vertex -8.91109 12.6696 3
      vertex -9.04576 12.5889 2.4
      vertex -8.91109 12.6696 2.4
    endloop
  endfacet
  facet normal -0.80297 0.596019 0
    outer loop
      vertex -11.1304 14.8889 2.4
      vertex -11.0368 15.015 3
      vertex -11.0368 15.015 2.4
    endloop
  endfacet
  facet normal -0.80297 0.596019 0
    outer loop
      vertex -11.0368 15.015 3
      vertex -11.1304 14.8889 2.4
      vertex -11.1304 14.8889 3
    endloop
  endfacet
  facet normal -0.969993 0.243135 0
    outer loop
      vertex -11.3693 14.3121 2.4
      vertex -11.3311 14.4645 3
      vertex -11.3311 14.4645 2.4
    endloop
  endfacet
  facet normal -0.969993 0.243135 0
    outer loop
      vertex -11.3311 14.4645 3
      vertex -11.3693 14.3121 2.4
      vertex -11.3693 14.3121 3
    endloop
  endfacet
  facet normal -0.336982 -0.941511 0
    outer loop
      vertex -10.4123 12.5218 2.4
      vertex -10.2645 12.4689 3
      vertex -10.4123 12.5218 3
    endloop
  endfacet
  facet normal -0.336982 -0.941511 -0
    outer loop
      vertex -10.2645 12.4689 3
      vertex -10.4123 12.5218 2.4
      vertex -10.2645 12.4689 2.4
    endloop
  endfacet
  facet normal -0.904023 0.427484 0
    outer loop
      vertex -11.2782 14.6123 2.4
      vertex -11.2111 14.7542 3
      vertex -11.2111 14.7542 2.4
    endloop
  endfacet
  facet normal -0.904023 0.427484 0
    outer loop
      vertex -11.2111 14.7542 3
      vertex -11.2782 14.6123 2.4
      vertex -11.2782 14.6123 3
    endloop
  endfacet
  facet normal -0.0490387 -0.998797 0
    outer loop
      vertex -9.95683 12.4077 2.4
      vertex -9.8 12.4 3
      vertex -9.95683 12.4077 3
    endloop
  endfacet
  facet normal -0.0490387 -0.998797 -0
    outer loop
      vertex -9.8 12.4 3
      vertex -9.95683 12.4077 2.4
      vertex -9.8 12.4 2.4
    endloop
  endfacet
  facet normal 0 0 1
    outer loop
      vertex -8.2077 14.1568 3
      vertex -8.2077 13.8432 3
      vertex -8.2 14 3
    endloop
  endfacet
  facet normal 0 0 1
    outer loop
      vertex -8.23074 14.3121 3
      vertex -8.2077 13.8432 3
      vertex -8.2077 14.1568 3
    endloop
  endfacet
  facet normal 0 0 1
    outer loop
      vertex -8.23074 14.3121 3
      vertex -8.23074 13.6879 3
      vertex -8.2077 13.8432 3
    endloop
  endfacet
  facet normal 0 0 1
    outer loop
      vertex -8.2689 14.4645 3
      vertex -8.23074 13.6879 3
      vertex -8.23074 14.3121 3
    endloop
  endfacet
  facet normal 0 0 1
    outer loop
      vertex -8.2689 14.4645 3
      vertex -8.2689 13.5355 3
      vertex -8.23074 13.6879 3
    endloop
  endfacet
  facet normal 0 0 1
    outer loop
      vertex -8.32179 14.6123 3
      vertex -8.2689 13.5355 3
      vertex -8.2689 14.4645 3
    endloop
  endfacet
  facet normal 0 0 1
    outer loop
      vertex -8.32179 14.6123 3
      vertex -8.32179 13.3877 3
      vertex -8.2689 13.5355 3
    endloop
  endfacet
  facet normal 0 0 1
    outer loop
      vertex -8.38893 14.7542 3
      vertex -8.32179 13.3877 3
      vertex -8.32179 14.6123 3
    endloop
  endfacet
  facet normal 0 0 1
    outer loop
      vertex -8.38893 14.7542 3
      vertex -8.38893 13.2458 3
      vertex -8.32179 13.3877 3
    endloop
  endfacet
  facet normal 0 0 1
    outer loop
      vertex -8.46965 14.8889 3
      vertex -8.38893 13.2458 3
      vertex -8.38893 14.7542 3
    endloop
  endfacet
  facet normal 0 0 1
    outer loop
      vertex -8.46965 14.8889 3
      vertex -8.46965 13.1111 3
      vertex -8.38893 13.2458 3
    endloop
  endfacet
  facet normal 0 0 1
    outer loop
      vertex -8.56318 15.015 3
      vertex -8.46965 13.1111 3
      vertex -8.46965 14.8889 3
    endloop
  endfacet
  facet normal 0 0 1
    outer loop
      vertex -8.56318 15.015 3
      vertex -8.56318 12.985 3
      vertex -8.46965 13.1111 3
    endloop
  endfacet
  facet normal 0 0 1
    outer loop
      vertex -8.66863 15.1314 3
      vertex -8.56318 12.985 3
      vertex -8.56318 15.015 3
    endloop
  endfacet
  facet normal 0 0 1
    outer loop
      vertex -8.66863 15.1314 3
      vertex -8.66863 12.8686 3
      vertex -8.56318 12.985 3
    endloop
  endfacet
  facet normal 0 0 1
    outer loop
      vertex -8.78497 15.2368 3
      vertex -8.66863 12.8686 3
      vertex -8.66863 15.1314 3
    endloop
  endfacet
  facet normal 0 0 1
    outer loop
      vertex -8.78497 15.2368 3
      vertex -8.78497 12.7632 3
      vertex -8.66863 12.8686 3
    endloop
  endfacet
  facet normal 0 0 1
    outer loop
      vertex -8.91109 15.3304 3
      vertex -8.78497 12.7632 3
      vertex -8.78497 15.2368 3
    endloop
  endfacet
  facet normal 0 0 1
    outer loop
      vertex -8.91109 15.3304 3
      vertex -8.91109 12.6696 3
      vertex -8.78497 12.7632 3
    endloop
  endfacet
  facet normal 0 0 1
    outer loop
      vertex -9.04576 15.4111 3
      vertex -8.91109 12.6696 3
      vertex -8.91109 15.3304 3
    endloop
  endfacet
  facet normal 0 0 1
    outer loop
      vertex -9.04576 15.4111 3
      vertex -9.04576 12.5889 3
      vertex -8.91109 12.6696 3
    endloop
  endfacet
  facet normal 0 0 1
    outer loop
      vertex -9.18771 15.4782 3
      vertex -9.04576 12.5889 3
      vertex -9.04576 15.4111 3
    endloop
  endfacet
  facet normal 0 0 1
    outer loop
      vertex -9.18771 15.4782 3
      vertex -9.18771 12.5218 3
      vertex -9.04576 12.5889 3
    endloop
  endfacet
  facet normal 0 0 1
    outer loop
      vertex -9.33554 15.5311 3
      vertex -9.18771 12.5218 3
      vertex -9.18771 15.4782 3
    endloop
  endfacet
  facet normal 0 0 1
    outer loop
      vertex -9.33554 15.5311 3
      vertex -9.33554 12.4689 3
      vertex -9.18771 12.5218 3
    endloop
  endfacet
  facet normal 0 0 1
    outer loop
      vertex -9.48785 15.5693 3
      vertex -9.33554 12.4689 3
      vertex -9.33554 15.5311 3
    endloop
  endfacet
  facet normal 0 0 1
    outer loop
      vertex -9.48785 15.5693 3
      vertex -9.48785 12.4307 3
      vertex -9.33554 12.4689 3
    endloop
  endfacet
  facet normal 0 0 1
    outer loop
      vertex -9.64317 15.5923 3
      vertex -9.48785 12.4307 3
      vertex -9.48785 15.5693 3
    endloop
  endfacet
  facet normal 0 0 1
    outer loop
      vertex -9.64317 15.5923 3
      vertex -9.64317 12.4077 3
      vertex -9.48785 12.4307 3
    endloop
  endfacet
  facet normal 0 0 1
    outer loop
      vertex -9.8 15.6 3
      vertex -9.64317 12.4077 3
      vertex -9.64317 15.5923 3
    endloop
  endfacet
  facet normal 0 0 1
    outer loop
      vertex -9.8 15.6 3
      vertex -9.8 12.4 3
      vertex -9.64317 12.4077 3
    endloop
  endfacet
  facet normal -0 0 1
    outer loop
      vertex -9.95683 15.5923 3
      vertex -9.8 12.4 3
      vertex -9.8 15.6 3
    endloop
  endfacet
  facet normal 0 0 1
    outer loop
      vertex -9.95683 15.5923 3
      vertex -9.95683 12.4077 3
      vertex -9.8 12.4 3
    endloop
  endfacet
  facet normal -0 0 1
    outer loop
      vertex -10.1121 15.5693 3
      vertex -9.95683 12.4077 3
      vertex -9.95683 15.5923 3
    endloop
  endfacet
  facet normal 0 0 1
    outer loop
      vertex -10.1121 15.5693 3
      vertex -10.1121 12.4307 3
      vertex -9.95683 12.4077 3
    endloop
  endfacet
  facet normal -0 0 1
    outer loop
      vertex -10.2645 15.5311 3
      vertex -10.1121 12.4307 3
      vertex -10.1121 15.5693 3
    endloop
  endfacet
  facet normal 0 0 1
    outer loop
      vertex -10.2645 15.5311 3
      vertex -10.2645 12.4689 3
      vertex -10.1121 12.4307 3
    endloop
  endfacet
  facet normal -0 0 1
    outer loop
      vertex -10.4123 15.4782 3
      vertex -10.2645 12.4689 3
      vertex -10.2645 15.5311 3
    endloop
  endfacet
  facet normal 0 0 1
    outer loop
      vertex -10.4123 15.4782 3
      vertex -10.4123 12.5218 3
      vertex -10.2645 12.4689 3
    endloop
  endfacet
  facet normal -0 0 1
    outer loop
      vertex -10.5542 15.4111 3
      vertex -10.4123 12.5218 3
      vertex -10.4123 15.4782 3
    endloop
  endfacet
  facet normal 0 0 1
    outer loop
      vertex -10.5542 15.4111 3
      vertex -10.5542 12.5889 3
      vertex -10.4123 12.5218 3
    endloop
  endfacet
  facet normal -0 0 1
    outer loop
      vertex -10.6889 15.3304 3
      vertex -10.5542 12.5889 3
      vertex -10.5542 15.4111 3
    endloop
  endfacet
  facet normal 0 0 1
    outer loop
      vertex -10.6889 15.3304 3
      vertex -10.6889 12.6696 3
      vertex -10.5542 12.5889 3
    endloop
  endfacet
  facet normal -0 0 1
    outer loop
      vertex -10.815 15.2368 3
      vertex -10.6889 12.6696 3
      vertex -10.6889 15.3304 3
    endloop
  endfacet
  facet normal 0 0 1
    outer loop
      vertex -10.815 15.2368 3
      vertex -10.815 12.7632 3
      vertex -10.6889 12.6696 3
    endloop
  endfacet
  facet normal -0 0 1
    outer loop
      vertex -10.9314 15.1314 3
      vertex -10.815 12.7632 3
      vertex -10.815 15.2368 3
    endloop
  endfacet
  facet normal 0 0 1
    outer loop
      vertex -10.9314 15.1314 3
      vertex -10.9314 12.8686 3
      vertex -10.815 12.7632 3
    endloop
  endfacet
  facet normal -0 0 1
    outer loop
      vertex -11.0368 15.015 3
      vertex -10.9314 12.8686 3
      vertex -10.9314 15.1314 3
    endloop
  endfacet
  facet normal 0 0 1
    outer loop
      vertex -11.0368 15.015 3
      vertex -11.0368 12.985 3
      vertex -10.9314 12.8686 3
    endloop
  endfacet
  facet normal -0 0 1
    outer loop
      vertex -11.1304 14.8889 3
      vertex -11.0368 12.985 3
      vertex -11.0368 15.015 3
    endloop
  endfacet
  facet normal 0 0 1
    outer loop
      vertex -11.1304 14.8889 3
      vertex -11.1304 13.1111 3
      vertex -11.0368 12.985 3
    endloop
  endfacet
  facet normal -0 0 1
    outer loop
      vertex -11.2111 14.7542 3
      vertex -11.1304 13.1111 3
      vertex -11.1304 14.8889 3
    endloop
  endfacet
  facet normal 0 0 1
    outer loop
      vertex -11.2111 14.7542 3
      vertex -11.2111 13.2458 3
      vertex -11.1304 13.1111 3
    endloop
  endfacet
  facet normal -0 0 1
    outer loop
      vertex -11.2782 14.6123 3
      vertex -11.2111 13.2458 3
      vertex -11.2111 14.7542 3
    endloop
  endfacet
  facet normal 0 0 1
    outer loop
      vertex -11.2782 14.6123 3
      vertex -11.2782 13.3877 3
      vertex -11.2111 13.2458 3
    endloop
  endfacet
  facet normal -0 0 1
    outer loop
      vertex -11.3311 14.4645 3
      vertex -11.2782 13.3877 3
      vertex -11.2782 14.6123 3
    endloop
  endfacet
  facet normal 0 0 1
    outer loop
      vertex -11.3311 14.4645 3
      vertex -11.3311 13.5355 3
      vertex -11.2782 13.3877 3
    endloop
  endfacet
  facet normal -0 0 1
    outer loop
      vertex -11.3693 14.3121 3
      vertex -11.3311 13.5355 3
      vertex -11.3311 14.4645 3
    endloop
  endfacet
  facet normal 0 0 1
    outer loop
      vertex -11.3693 14.3121 3
      vertex -11.3693 13.6879 3
      vertex -11.3311 13.5355 3
    endloop
  endfacet
  facet normal -0 0 1
    outer loop
      vertex -11.3923 14.1568 3
      vertex -11.3693 13.6879 3
      vertex -11.3693 14.3121 3
    endloop
  endfacet
  facet normal 0 0 1
    outer loop
      vertex -11.3923 14.1568 3
      vertex -11.3923 13.8432 3
      vertex -11.3693 13.6879 3
    endloop
  endfacet
  facet normal 0 -0 1
    outer loop
      vertex -11.3923 13.8432 3
      vertex -11.3923 14.1568 3
      vertex -11.4 14 3
    endloop
  endfacet
  facet normal -0.998765 0.0496768 0
    outer loop
      vertex -11.3961 14.0804 2.4
      vertex -11.3923 14.1568 3
      vertex -11.3923 14.1568 2.4
    endloop
  endfacet
  facet normal -0.998826 0.0484505 0
    outer loop
      vertex -11.4 14 3
      vertex -11.3961 14.0804 2.4
      vertex -11.4 14 2.4
    endloop
  endfacet
  facet normal -0.998796 0.049048 8.02604e-05
    outer loop
      vertex -11.3961 14.0804 2.4
      vertex -11.4 14 3
      vertex -11.3923 14.1568 3
    endloop
  endfacet
  facet normal 0.671404 -0.741092 0
    outer loop
      vertex -8.78497 12.7632 2.4
      vertex -8.66863 12.8686 3
      vertex -8.78497 12.7632 3
    endloop
  endfacet
  facet normal 0.671404 -0.741092 0
    outer loop
      vertex -8.66863 12.8686 3
      vertex -8.78497 12.7632 2.4
      vertex -8.66863 12.8686 2.4
    endloop
  endfacet
  facet normal -0.998796 0.049048 0
    outer loop
      vertex 8.2 -14 2.4
      vertex 8.2077 -13.8432 3
      vertex 8.2077 -13.8432 2.4
    endloop
  endfacet
  facet normal -0.998796 0.049048 0
    outer loop
      vertex 8.2077 -13.8432 3
      vertex 8.2 -14 2.4
      vertex 8.2 -14 3
    endloop
  endfacet
  facet normal 0.98921 0.146502 0
    outer loop
      vertex 11.3923 -13.8432 3
      vertex 11.3693 -13.6879 2.4
      vertex 11.3693 -13.6879 3
    endloop
  endfacet
  facet normal 0.98921 0.146502 0
    outer loop
      vertex 11.3693 -13.6879 2.4
      vertex 11.3923 -13.8432 3
      vertex 11.3923 -13.8432 2.4
    endloop
  endfacet
  facet normal 0.998796 0.049048 0
    outer loop
      vertex 11.4 -14 3
      vertex 11.3923 -13.8432 2.4
      vertex 11.3923 -13.8432 3
    endloop
  endfacet
  facet normal 0.998796 0.049048 0
    outer loop
      vertex 11.3923 -13.8432 2.4
      vertex 11.4 -14 3
      vertex 11.4 -14 2.4
    endloop
  endfacet
  facet normal 0.969993 0.243135 0
    outer loop
      vertex 11.3693 -13.6879 3
      vertex 11.3311 -13.5355 2.4
      vertex 11.3311 -13.5355 3
    endloop
  endfacet
  facet normal 0.969993 0.243135 0
    outer loop
      vertex 11.3311 -13.5355 2.4
      vertex 11.3693 -13.6879 3
      vertex 11.3693 -13.6879 2.4
    endloop
  endfacet
  facet normal 0.14653 0.989206 -0
    outer loop
      vertex 10.1121 -12.4307 2.4
      vertex 9.95683 -12.4077 3
      vertex 10.1121 -12.4307 3
    endloop
  endfacet
  facet normal 0.14653 0.989206 0
    outer loop
      vertex 9.95683 -12.4077 3
      vertex 10.1121 -12.4307 2.4
      vertex 9.95683 -12.4077 2.4
    endloop
  endfacet
  facet normal -0.970053 -0.242895 0
    outer loop
      vertex 8.2689 -14.4645 2.4
      vertex 8.23074 -14.3121 3
      vertex 8.23074 -14.3121 2.4
    endloop
  endfacet
  facet normal -0.970053 -0.242895 0
    outer loop
      vertex 8.23074 -14.3121 3
      vertex 8.2689 -14.4645 2.4
      vertex 8.2689 -14.4645 3
    endloop
  endfacet
  facet normal -0.336921 -0.941533 0
    outer loop
      vertex 9.18771 -15.4782 2.4
      vertex 9.33554 -15.5311 3
      vertex 9.18771 -15.4782 3
    endloop
  endfacet
  facet normal -0.336921 -0.941533 -0
    outer loop
      vertex 9.33554 -15.5311 3
      vertex 9.18771 -15.4782 2.4
      vertex 9.33554 -15.5311 2.4
    endloop
  endfacet
  facet normal 0.998826 -0.0484505 0
    outer loop
      vertex 11.4 -14 3
      vertex 11.3961 -14.0804 2.4
      vertex 11.4 -14 2.4
    endloop
  endfacet
  facet normal 0.998796 -0.049048 8.02604e-05
    outer loop
      vertex 11.3923 -14.1568 3
      vertex 11.3961 -14.0804 2.4
      vertex 11.4 -14 3
    endloop
  endfacet
  facet normal 0.998765 -0.0496768 0
    outer loop
      vertex 11.3961 -14.0804 2.4
      vertex 11.3923 -14.1568 3
      vertex 11.3923 -14.1568 2.4
    endloop
  endfacet
  facet normal -0.989173 0.146752 0
    outer loop
      vertex 8.2077 -13.8432 2.4
      vertex 8.23074 -13.6879 3
      vertex 8.23074 -13.6879 2.4
    endloop
  endfacet
  facet normal -0.989173 0.146752 0
    outer loop
      vertex 8.23074 -13.6879 3
      vertex 8.2077 -13.8432 2.4
      vertex 8.2077 -13.8432 3
    endloop
  endfacet
  facet normal 0.14653 -0.989206 0
    outer loop
      vertex 9.95683 -15.5923 2.4
      vertex 10.1121 -15.5693 3
      vertex 9.95683 -15.5923 3
    endloop
  endfacet
  facet normal 0.14653 -0.989206 0
    outer loop
      vertex 10.1121 -15.5693 3
      vertex 9.95683 -15.5923 2.4
      vertex 10.1121 -15.5693 2.4
    endloop
  endfacet
  facet normal 0.941511 0.336982 0
    outer loop
      vertex 11.3311 -13.5355 3
      vertex 11.2782 -13.3877 2.4
      vertex 11.2782 -13.3877 3
    endloop
  endfacet
  facet normal 0.941511 0.336982 0
    outer loop
      vertex 11.2782 -13.3877 2.4
      vertex 11.3311 -13.5355 3
      vertex 11.3311 -13.5355 2.4
    endloop
  endfacet
  facet normal -0.427361 0.904081 0
    outer loop
      vertex 9.18771 -12.5218 2.4
      vertex 9.04576 -12.5889 3
      vertex 9.18771 -12.5218 3
    endloop
  endfacet
  facet normal -0.427361 0.904081 0
    outer loop
      vertex 9.04576 -12.5889 3
      vertex 9.18771 -12.5218 2.4
      vertex 9.04576 -12.5889 2.4
    endloop
  endfacet
  facet normal 0.969993 -0.243135 0
    outer loop
      vertex 11.3311 -14.4645 3
      vertex 11.3693 -14.3121 2.4
      vertex 11.3693 -14.3121 3
    endloop
  endfacet
  facet normal 0.969993 -0.243135 0
    outer loop
      vertex 11.3693 -14.3121 2.4
      vertex 11.3311 -14.4645 3
      vertex 11.3311 -14.4645 2.4
    endloop
  endfacet
  facet normal -0.427361 -0.904081 0
    outer loop
      vertex 9.04576 -15.4111 2.4
      vertex 9.18771 -15.4782 3
      vertex 9.04576 -15.4111 3
    endloop
  endfacet
  facet normal -0.427361 -0.904081 -0
    outer loop
      vertex 9.18771 -15.4782 3
      vertex 9.04576 -15.4111 2.4
      vertex 9.18771 -15.4782 2.4
    endloop
  endfacet
  facet normal -0.24327 0.969959 0
    outer loop
      vertex 9.48785 -12.4307 2.4
      vertex 9.33554 -12.4689 3
      vertex 9.48785 -12.4307 3
    endloop
  endfacet
  facet normal -0.24327 0.969959 0
    outer loop
      vertex 9.33554 -12.4689 3
      vertex 9.48785 -12.4307 2.4
      vertex 9.33554 -12.4689 2.4
    endloop
  endfacet
  facet normal -0.903925 0.427692 0
    outer loop
      vertex 8.32179 -13.3877 2.4
      vertex 8.38893 -13.2458 3
      vertex 8.38893 -13.2458 2.4
    endloop
  endfacet
  facet normal -0.903925 0.427692 0
    outer loop
      vertex 8.38893 -13.2458 3
      vertex 8.32179 -13.3877 2.4
      vertex 8.32179 -13.3877 3
    endloop
  endfacet
  facet normal -0.903925 -0.427692 0
    outer loop
      vertex 8.38893 -14.7542 2.4
      vertex 8.32179 -14.6123 3
      vertex 8.32179 -14.6123 2.4
    endloop
  endfacet
  facet normal -0.903925 -0.427692 0
    outer loop
      vertex 8.32179 -14.6123 3
      vertex 8.38893 -14.7542 2.4
      vertex 8.38893 -14.7542 3
    endloop
  endfacet
  facet normal 0.336982 0.941511 -0
    outer loop
      vertex 10.4123 -12.5218 2.4
      vertex 10.2645 -12.4689 3
      vertex 10.4123 -12.5218 3
    endloop
  endfacet
  facet normal 0.336982 0.941511 0
    outer loop
      vertex 10.2645 -12.4689 3
      vertex 10.4123 -12.5218 2.4
      vertex 10.2645 -12.4689 2.4
    endloop
  endfacet
  facet normal 0.243135 0.969993 -0
    outer loop
      vertex 10.2645 -12.4689 2.4
      vertex 10.1121 -12.4307 3
      vertex 10.2645 -12.4689 3
    endloop
  endfacet
  facet normal 0.243135 0.969993 0
    outer loop
      vertex 10.1121 -12.4307 3
      vertex 10.2645 -12.4689 2.4
      vertex 10.1121 -12.4307 2.4
    endloop
  endfacet
  facet normal -0.336921 0.941533 0
    outer loop
      vertex 9.33554 -12.4689 2.4
      vertex 9.18771 -12.5218 3
      vertex 9.33554 -12.4689 3
    endloop
  endfacet
  facet normal -0.336921 0.941533 0
    outer loop
      vertex 9.18771 -12.5218 3
      vertex 9.33554 -12.4689 2.4
      vertex 9.18771 -12.5218 2.4
    endloop
  endfacet
  facet normal 0.80297 -0.596019 0
    outer loop
      vertex 11.0368 -15.015 3
      vertex 11.1304 -14.8889 2.4
      vertex 11.1304 -14.8889 3
    endloop
  endfacet
  facet normal 0.80297 -0.596019 0
    outer loop
      vertex 11.1304 -14.8889 2.4
      vertex 11.0368 -15.015 3
      vertex 11.0368 -15.015 2.4
    endloop
  endfacet
  facet normal -0.857774 0.514027 0
    outer loop
      vertex 8.38893 -13.2458 2.4
      vertex 8.46965 -13.1111 3
      vertex 8.46965 -13.1111 2.4
    endloop
  endfacet
  facet normal -0.857774 0.514027 0
    outer loop
      vertex 8.46965 -13.1111 3
      vertex 8.38893 -13.2458 2.4
      vertex 8.38893 -13.2458 3
    endloop
  endfacet
  facet normal 0.671213 0.741264 -0
    outer loop
      vertex 10.9314 -12.8686 2.4
      vertex 10.815 -12.7632 3
      vertex 10.9314 -12.8686 3
    endloop
  endfacet
  facet normal 0.671213 0.741264 0
    outer loop
      vertex 10.815 -12.7632 3
      vertex 10.9314 -12.8686 2.4
      vertex 10.815 -12.7632 2.4
    endloop
  endfacet
  facet normal 0.0490387 -0.998797 0
    outer loop
      vertex 9.8 -15.6 2.4
      vertex 9.95683 -15.5923 3
      vertex 9.8 -15.6 3
    endloop
  endfacet
  facet normal 0.0490387 -0.998797 0
    outer loop
      vertex 9.95683 -15.5923 3
      vertex 9.8 -15.6 2.4
      vertex 9.95683 -15.5923 2.4
    endloop
  endfacet
  facet normal 0.427484 0.904023 -0
    outer loop
      vertex 10.5542 -12.5889 2.4
      vertex 10.4123 -12.5218 3
      vertex 10.5542 -12.5889 3
    endloop
  endfacet
  facet normal 0.427484 0.904023 0
    outer loop
      vertex 10.4123 -12.5218 3
      vertex 10.5542 -12.5889 2.4
      vertex 10.4123 -12.5218 2.4
    endloop
  endfacet
  facet normal -0.741106 -0.671388 0
    outer loop
      vertex 8.66863 -15.1314 2.4
      vertex 8.56318 -15.015 3
      vertex 8.56318 -15.015 2.4
    endloop
  endfacet
  facet normal -0.741106 -0.671388 0
    outer loop
      vertex 8.56318 -15.015 3
      vertex 8.66863 -15.1314 2.4
      vertex 8.66863 -15.1314 3
    endloop
  endfacet
  facet normal 0.904023 0.427484 0
    outer loop
      vertex 11.2782 -13.3877 3
      vertex 11.2111 -13.2458 2.4
      vertex 11.2111 -13.2458 3
    endloop
  endfacet
  facet normal 0.904023 0.427484 0
    outer loop
      vertex 11.2111 -13.2458 2.4
      vertex 11.2782 -13.3877 3
      vertex 11.2782 -13.3877 2.4
    endloop
  endfacet
  facet normal 0.85783 -0.513934 0
    outer loop
      vertex 11.1304 -14.8889 3
      vertex 11.2111 -14.7542 2.4
      vertex 11.2111 -14.7542 3
    endloop
  endfacet
  facet normal 0.85783 -0.513934 0
    outer loop
      vertex 11.2111 -14.7542 2.4
      vertex 11.1304 -14.8889 3
      vertex 11.1304 -14.8889 2.4
    endloop
  endfacet
  facet normal 0.243135 -0.969993 0
    outer loop
      vertex 10.1121 -15.5693 2.4
      vertex 10.2645 -15.5311 3
      vertex 10.1121 -15.5693 3
    endloop
  endfacet
  facet normal 0.243135 -0.969993 0
    outer loop
      vertex 10.2645 -15.5311 3
      vertex 10.1121 -15.5693 2.4
      vertex 10.2645 -15.5311 2.4
    endloop
  endfacet
  facet normal -0.941531 -0.336926 0
    outer loop
      vertex 8.32179 -14.6123 2.4
      vertex 8.2689 -14.4645 3
      vertex 8.2689 -14.4645 2.4
    endloop
  endfacet
  facet normal -0.941531 -0.336926 0
    outer loop
      vertex 8.2689 -14.4645 3
      vertex 8.32179 -14.6123 2.4
      vertex 8.32179 -14.6123 3
    endloop
  endfacet
  facet normal 0.513934 0.85783 -0
    outer loop
      vertex 10.6889 -12.6696 2.4
      vertex 10.5542 -12.5889 3
      vertex 10.6889 -12.6696 3
    endloop
  endfacet
  facet normal 0.513934 0.85783 0
    outer loop
      vertex 10.5542 -12.5889 3
      vertex 10.6889 -12.6696 2.4
      vertex 10.5542 -12.5889 2.4
    endloop
  endfacet
  facet normal -0.0490387 -0.998797 0
    outer loop
      vertex 9.64317 -15.5923 2.4
      vertex 9.8 -15.6 3
      vertex 9.64317 -15.5923 3
    endloop
  endfacet
  facet normal -0.0490387 -0.998797 -0
    outer loop
      vertex 9.8 -15.6 3
      vertex 9.64317 -15.5923 2.4
      vertex 9.8 -15.6 2.4
    endloop
  endfacet
  facet normal 0.596019 -0.80297 0
    outer loop
      vertex 10.6889 -15.3304 2.4
      vertex 10.815 -15.2368 3
      vertex 10.6889 -15.3304 3
    endloop
  endfacet
  facet normal 0.596019 -0.80297 0
    outer loop
      vertex 10.815 -15.2368 3
      vertex 10.6889 -15.3304 2.4
      vertex 10.815 -15.2368 2.4
    endloop
  endfacet
  facet normal -0.970053 0.242895 0
    outer loop
      vertex 8.23074 -13.6879 2.4
      vertex 8.2689 -13.5355 3
      vertex 8.2689 -13.5355 2.4
    endloop
  endfacet
  facet normal -0.970053 0.242895 0
    outer loop
      vertex 8.2689 -13.5355 3
      vertex 8.23074 -13.6879 2.4
      vertex 8.23074 -13.6879 3
    endloop
  endfacet
  facet normal 0.336982 -0.941511 0
    outer loop
      vertex 10.2645 -15.5311 2.4
      vertex 10.4123 -15.4782 3
      vertex 10.2645 -15.5311 3
    endloop
  endfacet
  facet normal 0.336982 -0.941511 0
    outer loop
      vertex 10.4123 -15.4782 3
      vertex 10.2645 -15.5311 2.4
      vertex 10.4123 -15.4782 2.4
    endloop
  endfacet
  facet normal 0.80297 0.596019 0
    outer loop
      vertex 11.1304 -13.1111 3
      vertex 11.0368 -12.985 2.4
      vertex 11.0368 -12.985 3
    endloop
  endfacet
  facet normal 0.80297 0.596019 0
    outer loop
      vertex 11.0368 -12.985 2.4
      vertex 11.1304 -13.1111 3
      vertex 11.1304 -13.1111 2.4
    endloop
  endfacet
  facet normal -0.514018 -0.857779 0
    outer loop
      vertex 8.91109 -15.3304 2.4
      vertex 9.04576 -15.4111 3
      vertex 8.91109 -15.3304 3
    endloop
  endfacet
  facet normal -0.514018 -0.857779 -0
    outer loop
      vertex 9.04576 -15.4111 3
      vertex 8.91109 -15.3304 2.4
      vertex 9.04576 -15.4111 2.4
    endloop
  endfacet
  facet normal 0.596019 0.80297 -0
    outer loop
      vertex 10.815 -12.7632 2.4
      vertex 10.6889 -12.6696 3
      vertex 10.815 -12.7632 3
    endloop
  endfacet
  facet normal 0.596019 0.80297 0
    outer loop
      vertex 10.6889 -12.6696 3
      vertex 10.815 -12.7632 2.4
      vertex 10.6889 -12.6696 2.4
    endloop
  endfacet
  facet normal 0.904023 -0.427484 0
    outer loop
      vertex 11.2111 -14.7542 3
      vertex 11.2782 -14.6123 2.4
      vertex 11.2782 -14.6123 3
    endloop
  endfacet
  facet normal 0.904023 -0.427484 0
    outer loop
      vertex 11.2782 -14.6123 2.4
      vertex 11.2111 -14.7542 3
      vertex 11.2111 -14.7542 2.4
    endloop
  endfacet
  facet normal 0.741264 -0.671213 0
    outer loop
      vertex 10.9314 -15.1314 3
      vertex 11.0368 -15.015 2.4
      vertex 11.0368 -15.015 3
    endloop
  endfacet
  facet normal 0.741264 -0.671213 0
    outer loop
      vertex 11.0368 -15.015 2.4
      vertex 10.9314 -15.1314 3
      vertex 10.9314 -15.1314 2.4
    endloop
  endfacet
  facet normal 0.0490387 0.998797 -0
    outer loop
      vertex 9.95683 -12.4077 2.4
      vertex 9.8 -12.4 3
      vertex 9.95683 -12.4077 3
    endloop
  endfacet
  facet normal 0.0490387 0.998797 0
    outer loop
      vertex 9.8 -12.4 3
      vertex 9.95683 -12.4077 2.4
      vertex 9.8 -12.4 2.4
    endloop
  endfacet
  facet normal 0.427484 -0.904023 0
    outer loop
      vertex 10.4123 -15.4782 2.4
      vertex 10.5542 -15.4111 3
      vertex 10.4123 -15.4782 3
    endloop
  endfacet
  facet normal 0.427484 -0.904023 0
    outer loop
      vertex 10.5542 -15.4111 3
      vertex 10.4123 -15.4782 2.4
      vertex 10.5542 -15.4111 2.4
    endloop
  endfacet
  facet normal -0.146484 0.989213 0
    outer loop
      vertex 9.64317 -12.4077 2.4
      vertex 9.48785 -12.4307 3
      vertex 9.64317 -12.4077 3
    endloop
  endfacet
  facet normal -0.146484 0.989213 0
    outer loop
      vertex 9.48785 -12.4307 3
      vertex 9.64317 -12.4077 2.4
      vertex 9.48785 -12.4307 2.4
    endloop
  endfacet
  facet normal 0.98921 -0.146502 0
    outer loop
      vertex 11.3693 -14.3121 3
      vertex 11.3923 -14.1568 2.4
      vertex 11.3923 -14.1568 3
    endloop
  endfacet
  facet normal 0.98921 -0.146502 0
    outer loop
      vertex 11.3923 -14.1568 2.4
      vertex 11.3693 -14.3121 3
      vertex 11.3693 -14.3121 2.4
    endloop
  endfacet
  facet normal -0.671404 0.741092 0
    outer loop
      vertex 8.78497 -12.7632 2.4
      vertex 8.66863 -12.8686 3
      vertex 8.78497 -12.7632 3
    endloop
  endfacet
  facet normal -0.671404 0.741092 0
    outer loop
      vertex 8.66863 -12.8686 3
      vertex 8.78497 -12.7632 2.4
      vertex 8.66863 -12.8686 2.4
    endloop
  endfacet
  facet normal 0.85783 0.513934 0
    outer loop
      vertex 11.2111 -13.2458 3
      vertex 11.1304 -13.1111 2.4
      vertex 11.1304 -13.1111 3
    endloop
  endfacet
  facet normal 0.85783 0.513934 0
    outer loop
      vertex 11.1304 -13.1111 2.4
      vertex 11.2111 -13.2458 3
      vertex 11.2111 -13.2458 2.4
    endloop
  endfacet
  facet normal 0.741264 0.671213 0
    outer loop
      vertex 11.0368 -12.985 3
      vertex 10.9314 -12.8686 2.4
      vertex 10.9314 -12.8686 3
    endloop
  endfacet
  facet normal 0.741264 0.671213 0
    outer loop
      vertex 10.9314 -12.8686 2.4
      vertex 11.0368 -12.985 3
      vertex 11.0368 -12.985 2.4
    endloop
  endfacet
  facet normal -0.803184 -0.595732 0
    outer loop
      vertex 8.56318 -15.015 2.4
      vertex 8.46965 -14.8889 3
      vertex 8.46965 -14.8889 2.4
    endloop
  endfacet
  facet normal -0.803184 -0.595732 0
    outer loop
      vertex 8.46965 -14.8889 3
      vertex 8.56318 -15.015 2.4
      vertex 8.56318 -15.015 3
    endloop
  endfacet
  facet normal -0.741106 0.671388 0
    outer loop
      vertex 8.56318 -12.985 2.4
      vertex 8.66863 -12.8686 3
      vertex 8.66863 -12.8686 2.4
    endloop
  endfacet
  facet normal -0.741106 0.671388 0
    outer loop
      vertex 8.66863 -12.8686 3
      vertex 8.56318 -12.985 2.4
      vertex 8.56318 -12.985 3
    endloop
  endfacet
  facet normal -0.595958 -0.803015 0
    outer loop
      vertex 8.78497 -15.2368 2.4
      vertex 8.91109 -15.3304 3
      vertex 8.78497 -15.2368 3
    endloop
  endfacet
  facet normal -0.595958 -0.803015 -0
    outer loop
      vertex 8.91109 -15.3304 3
      vertex 8.78497 -15.2368 2.4
      vertex 8.91109 -15.3304 2.4
    endloop
  endfacet
  facet normal -0.671404 -0.741092 0
    outer loop
      vertex 8.66863 -15.1314 2.4
      vertex 8.78497 -15.2368 3
      vertex 8.66863 -15.1314 3
    endloop
  endfacet
  facet normal -0.671404 -0.741092 -0
    outer loop
      vertex 8.78497 -15.2368 3
      vertex 8.66863 -15.1314 2.4
      vertex 8.78497 -15.2368 2.4
    endloop
  endfacet
  facet normal 0.513934 -0.85783 0
    outer loop
      vertex 10.5542 -15.4111 2.4
      vertex 10.6889 -15.3304 3
      vertex 10.5542 -15.4111 3
    endloop
  endfacet
  facet normal 0.513934 -0.85783 0
    outer loop
      vertex 10.6889 -15.3304 3
      vertex 10.5542 -15.4111 2.4
      vertex 10.6889 -15.3304 2.4
    endloop
  endfacet
  facet normal 0.671213 -0.741264 0
    outer loop
      vertex 10.815 -15.2368 2.4
      vertex 10.9314 -15.1314 3
      vertex 10.815 -15.2368 3
    endloop
  endfacet
  facet normal 0.671213 -0.741264 0
    outer loop
      vertex 10.9314 -15.1314 3
      vertex 10.815 -15.2368 2.4
      vertex 10.9314 -15.1314 2.4
    endloop
  endfacet
  facet normal -0.0490387 0.998797 0
    outer loop
      vertex 9.8 -12.4 2.4
      vertex 9.64317 -12.4077 3
      vertex 9.8 -12.4 3
    endloop
  endfacet
  facet normal -0.0490387 0.998797 0
    outer loop
      vertex 9.64317 -12.4077 3
      vertex 9.8 -12.4 2.4
      vertex 9.64317 -12.4077 2.4
    endloop
  endfacet
  facet normal -0.243604 -0.969875 0
    outer loop
      vertex 9.35903 -15.537 2.4
      vertex 9.33554 -15.5311 3
      vertex 9.33554 -15.5311 2.4
    endloop
  endfacet
  facet normal -0.24327 -0.969959 1.39148e-05
    outer loop
      vertex 9.33554 -15.5311 3
      vertex 9.35903 -15.537 2.4
      vertex 9.48785 -15.5693 3
    endloop
  endfacet
  facet normal -0.243209 -0.969974 -0
    outer loop
      vertex 9.48785 -15.5693 3
      vertex 9.35903 -15.537 2.4
      vertex 9.48785 -15.5693 2.4
    endloop
  endfacet
  facet normal -0.989173 -0.146752 0
    outer loop
      vertex 8.23074 -14.3121 2.4
      vertex 8.2077 -14.1568 3
      vertex 8.2077 -14.1568 2.4
    endloop
  endfacet
  facet normal -0.989173 -0.146752 0
    outer loop
      vertex 8.2077 -14.1568 3
      vertex 8.23074 -14.3121 2.4
      vertex 8.23074 -14.3121 3
    endloop
  endfacet
  facet normal -0.514018 0.857779 0
    outer loop
      vertex 9.04576 -12.5889 2.4
      vertex 8.91109 -12.6696 3
      vertex 9.04576 -12.5889 3
    endloop
  endfacet
  facet normal -0.514018 0.857779 0
    outer loop
      vertex 8.91109 -12.6696 3
      vertex 9.04576 -12.5889 2.4
      vertex 8.91109 -12.6696 2.4
    endloop
  endfacet
  facet normal -0.595958 0.803015 0
    outer loop
      vertex 8.91109 -12.6696 2.4
      vertex 8.78497 -12.7632 3
      vertex 8.91109 -12.6696 3
    endloop
  endfacet
  facet normal -0.595958 0.803015 0
    outer loop
      vertex 8.78497 -12.7632 3
      vertex 8.91109 -12.6696 2.4
      vertex 8.78497 -12.7632 2.4
    endloop
  endfacet
  facet normal 0 0 1
    outer loop
      vertex 11.3923 -13.8432 3
      vertex 11.3923 -14.1568 3
      vertex 11.4 -14 3
    endloop
  endfacet
  facet normal 0 0 1
    outer loop
      vertex 11.3693 -13.6879 3
      vertex 11.3923 -14.1568 3
      vertex 11.3923 -13.8432 3
    endloop
  endfacet
  facet normal 0 0 1
    outer loop
      vertex 11.3693 -13.6879 3
      vertex 11.3693 -14.3121 3
      vertex 11.3923 -14.1568 3
    endloop
  endfacet
  facet normal 0 0 1
    outer loop
      vertex 11.3311 -13.5355 3
      vertex 11.3693 -14.3121 3
      vertex 11.3693 -13.6879 3
    endloop
  endfacet
  facet normal 0 0 1
    outer loop
      vertex 11.3311 -13.5355 3
      vertex 11.3311 -14.4645 3
      vertex 11.3693 -14.3121 3
    endloop
  endfacet
  facet normal 0 0 1
    outer loop
      vertex 11.2782 -13.3877 3
      vertex 11.3311 -14.4645 3
      vertex 11.3311 -13.5355 3
    endloop
  endfacet
  facet normal 0 0 1
    outer loop
      vertex 11.2782 -13.3877 3
      vertex 11.2782 -14.6123 3
      vertex 11.3311 -14.4645 3
    endloop
  endfacet
  facet normal 0 0 1
    outer loop
      vertex 11.2111 -13.2458 3
      vertex 11.2782 -14.6123 3
      vertex 11.2782 -13.3877 3
    endloop
  endfacet
  facet normal 0 0 1
    outer loop
      vertex 11.2111 -13.2458 3
      vertex 11.2111 -14.7542 3
      vertex 11.2782 -14.6123 3
    endloop
  endfacet
  facet normal 0 0 1
    outer loop
      vertex 11.1304 -13.1111 3
      vertex 11.2111 -14.7542 3
      vertex 11.2111 -13.2458 3
    endloop
  endfacet
  facet normal 0 0 1
    outer loop
      vertex 11.1304 -13.1111 3
      vertex 11.1304 -14.8889 3
      vertex 11.2111 -14.7542 3
    endloop
  endfacet
  facet normal 0 0 1
    outer loop
      vertex 11.0368 -12.985 3
      vertex 11.1304 -14.8889 3
      vertex 11.1304 -13.1111 3
    endloop
  endfacet
  facet normal 0 0 1
    outer loop
      vertex 11.0368 -12.985 3
      vertex 11.0368 -15.015 3
      vertex 11.1304 -14.8889 3
    endloop
  endfacet
  facet normal 0 0 1
    outer loop
      vertex 10.9314 -12.8686 3
      vertex 11.0368 -15.015 3
      vertex 11.0368 -12.985 3
    endloop
  endfacet
  facet normal 0 0 1
    outer loop
      vertex 10.9314 -12.8686 3
      vertex 10.9314 -15.1314 3
      vertex 11.0368 -15.015 3
    endloop
  endfacet
  facet normal 0 0 1
    outer loop
      vertex 10.815 -12.7632 3
      vertex 10.9314 -15.1314 3
      vertex 10.9314 -12.8686 3
    endloop
  endfacet
  facet normal 0 0 1
    outer loop
      vertex 10.815 -12.7632 3
      vertex 10.815 -15.2368 3
      vertex 10.9314 -15.1314 3
    endloop
  endfacet
  facet normal 0 0 1
    outer loop
      vertex 10.6889 -12.6696 3
      vertex 10.815 -15.2368 3
      vertex 10.815 -12.7632 3
    endloop
  endfacet
  facet normal 0 0 1
    outer loop
      vertex 10.6889 -12.6696 3
      vertex 10.6889 -15.3304 3
      vertex 10.815 -15.2368 3
    endloop
  endfacet
  facet normal 0 0 1
    outer loop
      vertex 10.5542 -12.5889 3
      vertex 10.6889 -15.3304 3
      vertex 10.6889 -12.6696 3
    endloop
  endfacet
  facet normal 0 0 1
    outer loop
      vertex 10.5542 -12.5889 3
      vertex 10.5542 -15.4111 3
      vertex 10.6889 -15.3304 3
    endloop
  endfacet
  facet normal 0 0 1
    outer loop
      vertex 10.4123 -12.5218 3
      vertex 10.5542 -15.4111 3
      vertex 10.5542 -12.5889 3
    endloop
  endfacet
  facet normal 0 0 1
    outer loop
      vertex 10.4123 -12.5218 3
      vertex 10.4123 -15.4782 3
      vertex 10.5542 -15.4111 3
    endloop
  endfacet
  facet normal 0 0 1
    outer loop
      vertex 10.2645 -12.4689 3
      vertex 10.4123 -15.4782 3
      vertex 10.4123 -12.5218 3
    endloop
  endfacet
  facet normal 0 0 1
    outer loop
      vertex 10.2645 -12.4689 3
      vertex 10.2645 -15.5311 3
      vertex 10.4123 -15.4782 3
    endloop
  endfacet
  facet normal 0 0 1
    outer loop
      vertex 10.1121 -12.4307 3
      vertex 10.2645 -15.5311 3
      vertex 10.2645 -12.4689 3
    endloop
  endfacet
  facet normal 0 0 1
    outer loop
      vertex 10.1121 -12.4307 3
      vertex 10.1121 -15.5693 3
      vertex 10.2645 -15.5311 3
    endloop
  endfacet
  facet normal 0 0 1
    outer loop
      vertex 9.95683 -12.4077 3
      vertex 10.1121 -15.5693 3
      vertex 10.1121 -12.4307 3
    endloop
  endfacet
  facet normal 0 0 1
    outer loop
      vertex 9.95683 -12.4077 3
      vertex 9.95683 -15.5923 3
      vertex 10.1121 -15.5693 3
    endloop
  endfacet
  facet normal 0 0 1
    outer loop
      vertex 9.8 -12.4 3
      vertex 9.95683 -15.5923 3
      vertex 9.95683 -12.4077 3
    endloop
  endfacet
  facet normal 0 0 1
    outer loop
      vertex 9.8 -12.4 3
      vertex 9.8 -15.6 3
      vertex 9.95683 -15.5923 3
    endloop
  endfacet
  facet normal -0 0 1
    outer loop
      vertex 9.64317 -12.4077 3
      vertex 9.8 -15.6 3
      vertex 9.8 -12.4 3
    endloop
  endfacet
  facet normal 0 0 1
    outer loop
      vertex 9.64317 -12.4077 3
      vertex 9.64317 -15.5923 3
      vertex 9.8 -15.6 3
    endloop
  endfacet
  facet normal -0 0 1
    outer loop
      vertex 9.48785 -12.4307 3
      vertex 9.64317 -15.5923 3
      vertex 9.64317 -12.4077 3
    endloop
  endfacet
  facet normal 0 0 1
    outer loop
      vertex 9.48785 -12.4307 3
      vertex 9.48785 -15.5693 3
      vertex 9.64317 -15.5923 3
    endloop
  endfacet
  facet normal -0 0 1
    outer loop
      vertex 9.33554 -12.4689 3
      vertex 9.48785 -15.5693 3
      vertex 9.48785 -12.4307 3
    endloop
  endfacet
  facet normal 0 0 1
    outer loop
      vertex 9.33554 -12.4689 3
      vertex 9.33554 -15.5311 3
      vertex 9.48785 -15.5693 3
    endloop
  endfacet
  facet normal -0 0 1
    outer loop
      vertex 9.18771 -12.5218 3
      vertex 9.33554 -15.5311 3
      vertex 9.33554 -12.4689 3
    endloop
  endfacet
  facet normal 0 0 1
    outer loop
      vertex 9.18771 -12.5218 3
      vertex 9.18771 -15.4782 3
      vertex 9.33554 -15.5311 3
    endloop
  endfacet
  facet normal -0 0 1
    outer loop
      vertex 9.04576 -12.5889 3
      vertex 9.18771 -15.4782 3
      vertex 9.18771 -12.5218 3
    endloop
  endfacet
  facet normal 0 0 1
    outer loop
      vertex 9.04576 -12.5889 3
      vertex 9.04576 -15.4111 3
      vertex 9.18771 -15.4782 3
    endloop
  endfacet
  facet normal -0 0 1
    outer loop
      vertex 8.91109 -12.6696 3
      vertex 9.04576 -15.4111 3
      vertex 9.04576 -12.5889 3
    endloop
  endfacet
  facet normal 0 0 1
    outer loop
      vertex 8.91109 -12.6696 3
      vertex 8.91109 -15.3304 3
      vertex 9.04576 -15.4111 3
    endloop
  endfacet
  facet normal -0 0 1
    outer loop
      vertex 8.78497 -12.7632 3
      vertex 8.91109 -15.3304 3
      vertex 8.91109 -12.6696 3
    endloop
  endfacet
  facet normal 0 0 1
    outer loop
      vertex 8.78497 -12.7632 3
      vertex 8.78497 -15.2368 3
      vertex 8.91109 -15.3304 3
    endloop
  endfacet
  facet normal -0 0 1
    outer loop
      vertex 8.66863 -12.8686 3
      vertex 8.78497 -15.2368 3
      vertex 8.78497 -12.7632 3
    endloop
  endfacet
  facet normal 0 0 1
    outer loop
      vertex 8.66863 -12.8686 3
      vertex 8.66863 -15.1314 3
      vertex 8.78497 -15.2368 3
    endloop
  endfacet
  facet normal -0 0 1
    outer loop
      vertex 8.56318 -12.985 3
      vertex 8.66863 -15.1314 3
      vertex 8.66863 -12.8686 3
    endloop
  endfacet
  facet normal 0 0 1
    outer loop
      vertex 8.56318 -12.985 3
      vertex 8.56318 -15.015 3
      vertex 8.66863 -15.1314 3
    endloop
  endfacet
  facet normal -0 0 1
    outer loop
      vertex 8.46965 -13.1111 3
      vertex 8.56318 -15.015 3
      vertex 8.56318 -12.985 3
    endloop
  endfacet
  facet normal 0 0 1
    outer loop
      vertex 8.46965 -13.1111 3
      vertex 8.46965 -14.8889 3
      vertex 8.56318 -15.015 3
    endloop
  endfacet
  facet normal -0 0 1
    outer loop
      vertex 8.38893 -13.2458 3
      vertex 8.46965 -14.8889 3
      vertex 8.46965 -13.1111 3
    endloop
  endfacet
  facet normal 0 0 1
    outer loop
      vertex 8.38893 -13.2458 3
      vertex 8.38893 -14.7542 3
      vertex 8.46965 -14.8889 3
    endloop
  endfacet
  facet normal -0 0 1
    outer loop
      vertex 8.32179 -13.3877 3
      vertex 8.38893 -14.7542 3
      vertex 8.38893 -13.2458 3
    endloop
  endfacet
  facet normal 0 0 1
    outer loop
      vertex 8.32179 -13.3877 3
      vertex 8.32179 -14.6123 3
      vertex 8.38893 -14.7542 3
    endloop
  endfacet
  facet normal -0 0 1
    outer loop
      vertex 8.2689 -13.5355 3
      vertex 8.32179 -14.6123 3
      vertex 8.32179 -13.3877 3
    endloop
  endfacet
  facet normal 0 0 1
    outer loop
      vertex 8.2689 -13.5355 3
      vertex 8.2689 -14.4645 3
      vertex 8.32179 -14.6123 3
    endloop
  endfacet
  facet normal -0 0 1
    outer loop
      vertex 8.23074 -13.6879 3
      vertex 8.2689 -14.4645 3
      vertex 8.2689 -13.5355 3
    endloop
  endfacet
  facet normal 0 0 1
    outer loop
      vertex 8.23074 -13.6879 3
      vertex 8.23074 -14.3121 3
      vertex 8.2689 -14.4645 3
    endloop
  endfacet
  facet normal -0 0 1
    outer loop
      vertex 8.2077 -13.8432 3
      vertex 8.23074 -14.3121 3
      vertex 8.23074 -13.6879 3
    endloop
  endfacet
  facet normal 0 0 1
    outer loop
      vertex 8.2077 -13.8432 3
      vertex 8.2077 -14.1568 3
      vertex 8.23074 -14.3121 3
    endloop
  endfacet
  facet normal 0 -0 1
    outer loop
      vertex 8.2077 -14.1568 3
      vertex 8.2077 -13.8432 3
      vertex 8.2 -14 3
    endloop
  endfacet
  facet normal -0.941531 0.336926 0
    outer loop
      vertex 8.2689 -13.5355 2.4
      vertex 8.32179 -13.3877 3
      vertex 8.32179 -13.3877 2.4
    endloop
  endfacet
  facet normal -0.941531 0.336926 0
    outer loop
      vertex 8.32179 -13.3877 3
      vertex 8.2689 -13.5355 2.4
      vertex 8.2689 -13.5355 3
    endloop
  endfacet
  facet normal 0.941511 -0.336982 0
    outer loop
      vertex 11.2782 -14.6123 3
      vertex 11.3311 -14.4645 2.4
      vertex 11.3311 -14.4645 3
    endloop
  endfacet
  facet normal 0.941511 -0.336982 0
    outer loop
      vertex 11.3311 -14.4645 2.4
      vertex 11.2782 -14.6123 3
      vertex 11.2782 -14.6123 2.4
    endloop
  endfacet
  facet normal -0.857774 -0.514027 0
    outer loop
      vertex 8.46965 -14.8889 2.4
      vertex 8.38893 -14.7542 3
      vertex 8.38893 -14.7542 2.4
    endloop
  endfacet
  facet normal -0.857774 -0.514027 0
    outer loop
      vertex 8.38893 -14.7542 3
      vertex 8.46965 -14.8889 2.4
      vertex 8.46965 -14.8889 3
    endloop
  endfacet
  facet normal -0.998796 -0.049048 0
    outer loop
      vertex 8.2077 -14.1568 2.4
      vertex 8.2 -14 3
      vertex 8.2 -14 2.4
    endloop
  endfacet
  facet normal -0.998796 -0.049048 0
    outer loop
      vertex 8.2 -14 3
      vertex 8.2077 -14.1568 2.4
      vertex 8.2077 -14.1568 3
    endloop
  endfacet
  facet normal -0.146484 -0.989213 0
    outer loop
      vertex 9.48785 -15.5693 2.4
      vertex 9.64317 -15.5923 3
      vertex 9.48785 -15.5693 3
    endloop
  endfacet
  facet normal -0.146484 -0.989213 -0
    outer loop
      vertex 9.64317 -15.5923 3
      vertex 9.48785 -15.5693 2.4
      vertex 9.64317 -15.5923 2.4
    endloop
  endfacet
  facet normal -0.803184 0.595732 0
    outer loop
      vertex 8.46965 -13.1111 2.4
      vertex 8.56318 -12.985 3
      vertex 8.56318 -12.985 2.4
    endloop
  endfacet
  facet normal -0.803184 0.595732 0
    outer loop
      vertex 8.56318 -12.985 3
      vertex 8.46965 -13.1111 2.4
      vertex 8.46965 -13.1111 3
    endloop
  endfacet
  facet normal -0.998796 0.049048 0
    outer loop
      vertex 8.2 14 2.4
      vertex 8.2077 14.1568 3
      vertex 8.2077 14.1568 2.4
    endloop
  endfacet
  facet normal -0.998796 0.049048 0
    outer loop
      vertex 8.2077 14.1568 3
      vertex 8.2 14 2.4
      vertex 8.2 14 3
    endloop
  endfacet
  facet normal 0.98921 0.146502 0
    outer loop
      vertex 11.3923 14.1568 3
      vertex 11.3693 14.3121 2.4
      vertex 11.3693 14.3121 3
    endloop
  endfacet
  facet normal 0.98921 0.146502 0
    outer loop
      vertex 11.3693 14.3121 2.4
      vertex 11.3923 14.1568 3
      vertex 11.3923 14.1568 2.4
    endloop
  endfacet
  facet normal 0.998765 0.0496768 0
    outer loop
      vertex 11.3923 14.1568 3
      vertex 11.3961 14.0804 2.4
      vertex 11.3923 14.1568 2.4
    endloop
  endfacet
  facet normal 0.998796 0.049048 8.02604e-05
    outer loop
      vertex 11.4 14 3
      vertex 11.3961 14.0804 2.4
      vertex 11.3923 14.1568 3
    endloop
  endfacet
  facet normal 0.998826 0.0484505 0
    outer loop
      vertex 11.3961 14.0804 2.4
      vertex 11.4 14 3
      vertex 11.4 14 2.4
    endloop
  endfacet
  facet normal 0.969993 0.243135 0
    outer loop
      vertex 11.3693 14.3121 3
      vertex 11.3311 14.4645 2.4
      vertex 11.3311 14.4645 3
    endloop
  endfacet
  facet normal 0.969993 0.243135 0
    outer loop
      vertex 11.3311 14.4645 2.4
      vertex 11.3693 14.3121 3
      vertex 11.3693 14.3121 2.4
    endloop
  endfacet
  facet normal 0.14653 0.989206 -0
    outer loop
      vertex 10.1121 15.5693 2.4
      vertex 9.95683 15.5923 3
      vertex 10.1121 15.5693 3
    endloop
  endfacet
  facet normal 0.14653 0.989206 0
    outer loop
      vertex 9.95683 15.5923 3
      vertex 10.1121 15.5693 2.4
      vertex 9.95683 15.5923 2.4
    endloop
  endfacet
  facet normal -0.970053 -0.242895 0
    outer loop
      vertex 8.2689 13.5355 2.4
      vertex 8.23074 13.6879 3
      vertex 8.23074 13.6879 2.4
    endloop
  endfacet
  facet normal -0.970053 -0.242895 0
    outer loop
      vertex 8.23074 13.6879 3
      vertex 8.2689 13.5355 2.4
      vertex 8.2689 13.5355 3
    endloop
  endfacet
  facet normal -0.336921 -0.941533 0
    outer loop
      vertex 9.18771 12.5218 2.4
      vertex 9.33554 12.4689 3
      vertex 9.18771 12.5218 3
    endloop
  endfacet
  facet normal -0.336921 -0.941533 -0
    outer loop
      vertex 9.33554 12.4689 3
      vertex 9.18771 12.5218 2.4
      vertex 9.33554 12.4689 2.4
    endloop
  endfacet
  facet normal 0.998796 -0.049048 0
    outer loop
      vertex 11.3923 13.8432 3
      vertex 11.4 14 2.4
      vertex 11.4 14 3
    endloop
  endfacet
  facet normal 0.998796 -0.049048 0
    outer loop
      vertex 11.4 14 2.4
      vertex 11.3923 13.8432 3
      vertex 11.3923 13.8432 2.4
    endloop
  endfacet
  facet normal -0.989173 0.146752 0
    outer loop
      vertex 8.2077 14.1568 2.4
      vertex 8.23074 14.3121 3
      vertex 8.23074 14.3121 2.4
    endloop
  endfacet
  facet normal -0.989173 0.146752 0
    outer loop
      vertex 8.23074 14.3121 3
      vertex 8.2077 14.1568 2.4
      vertex 8.2077 14.1568 3
    endloop
  endfacet
  facet normal 0.14653 -0.989206 0
    outer loop
      vertex 9.95683 12.4077 2.4
      vertex 10.1121 12.4307 3
      vertex 9.95683 12.4077 3
    endloop
  endfacet
  facet normal 0.14653 -0.989206 0
    outer loop
      vertex 10.1121 12.4307 3
      vertex 9.95683 12.4077 2.4
      vertex 10.1121 12.4307 2.4
    endloop
  endfacet
  facet normal 0.941511 0.336982 0
    outer loop
      vertex 11.3311 14.4645 3
      vertex 11.2782 14.6123 2.4
      vertex 11.2782 14.6123 3
    endloop
  endfacet
  facet normal 0.941511 0.336982 0
    outer loop
      vertex 11.2782 14.6123 2.4
      vertex 11.3311 14.4645 3
      vertex 11.3311 14.4645 2.4
    endloop
  endfacet
  facet normal -0.427361 0.904081 0
    outer loop
      vertex 9.18771 15.4782 2.4
      vertex 9.04576 15.4111 3
      vertex 9.18771 15.4782 3
    endloop
  endfacet
  facet normal -0.427361 0.904081 0
    outer loop
      vertex 9.04576 15.4111 3
      vertex 9.18771 15.4782 2.4
      vertex 9.04576 15.4111 2.4
    endloop
  endfacet
  facet normal 0.969993 -0.243135 0
    outer loop
      vertex 11.3311 13.5355 3
      vertex 11.3693 13.6879 2.4
      vertex 11.3693 13.6879 3
    endloop
  endfacet
  facet normal 0.969993 -0.243135 0
    outer loop
      vertex 11.3693 13.6879 2.4
      vertex 11.3311 13.5355 3
      vertex 11.3311 13.5355 2.4
    endloop
  endfacet
  facet normal -0.427361 -0.904081 0
    outer loop
      vertex 9.04576 12.5889 2.4
      vertex 9.18771 12.5218 3
      vertex 9.04576 12.5889 3
    endloop
  endfacet
  facet normal -0.427361 -0.904081 -0
    outer loop
      vertex 9.18771 12.5218 3
      vertex 9.04576 12.5889 2.4
      vertex 9.18771 12.5218 2.4
    endloop
  endfacet
  facet normal -0.243209 0.969974 0
    outer loop
      vertex 9.35903 15.537 2.4
      vertex 9.48785 15.5693 3
      vertex 9.48785 15.5693 2.4
    endloop
  endfacet
  facet normal -0.24327 0.969959 1.39148e-05
    outer loop
      vertex 9.48785 15.5693 3
      vertex 9.35903 15.537 2.4
      vertex 9.33554 15.5311 3
    endloop
  endfacet
  facet normal -0.243604 0.969875 0
    outer loop
      vertex 9.33554 15.5311 3
      vertex 9.35903 15.537 2.4
      vertex 9.33554 15.5311 2.4
    endloop
  endfacet
  facet normal -0.903925 0.427692 0
    outer loop
      vertex 8.32179 14.6123 2.4
      vertex 8.38893 14.7542 3
      vertex 8.38893 14.7542 2.4
    endloop
  endfacet
  facet normal -0.903925 0.427692 0
    outer loop
      vertex 8.38893 14.7542 3
      vertex 8.32179 14.6123 2.4
      vertex 8.32179 14.6123 3
    endloop
  endfacet
  facet normal -0.903925 -0.427692 0
    outer loop
      vertex 8.38893 13.2458 2.4
      vertex 8.32179 13.3877 3
      vertex 8.32179 13.3877 2.4
    endloop
  endfacet
  facet normal -0.903925 -0.427692 0
    outer loop
      vertex 8.32179 13.3877 3
      vertex 8.38893 13.2458 2.4
      vertex 8.38893 13.2458 3
    endloop
  endfacet
  facet normal 0.336982 0.941511 -0
    outer loop
      vertex 10.4123 15.4782 2.4
      vertex 10.2645 15.5311 3
      vertex 10.4123 15.4782 3
    endloop
  endfacet
  facet normal 0.336982 0.941511 0
    outer loop
      vertex 10.2645 15.5311 3
      vertex 10.4123 15.4782 2.4
      vertex 10.2645 15.5311 2.4
    endloop
  endfacet
  facet normal 0.243135 0.969993 -0
    outer loop
      vertex 10.2645 15.5311 2.4
      vertex 10.1121 15.5693 3
      vertex 10.2645 15.5311 3
    endloop
  endfacet
  facet normal 0.243135 0.969993 0
    outer loop
      vertex 10.1121 15.5693 3
      vertex 10.2645 15.5311 2.4
      vertex 10.1121 15.5693 2.4
    endloop
  endfacet
  facet normal -0.336921 0.941533 0
    outer loop
      vertex 9.33554 15.5311 2.4
      vertex 9.18771 15.4782 3
      vertex 9.33554 15.5311 3
    endloop
  endfacet
  facet normal -0.336921 0.941533 0
    outer loop
      vertex 9.18771 15.4782 3
      vertex 9.33554 15.5311 2.4
      vertex 9.18771 15.4782 2.4
    endloop
  endfacet
  facet normal 0.80297 -0.596019 0
    outer loop
      vertex 11.0368 12.985 3
      vertex 11.1304 13.1111 2.4
      vertex 11.1304 13.1111 3
    endloop
  endfacet
  facet normal 0.80297 -0.596019 0
    outer loop
      vertex 11.1304 13.1111 2.4
      vertex 11.0368 12.985 3
      vertex 11.0368 12.985 2.4
    endloop
  endfacet
  facet normal -0.857774 0.514027 0
    outer loop
      vertex 8.38893 14.7542 2.4
      vertex 8.46965 14.8889 3
      vertex 8.46965 14.8889 2.4
    endloop
  endfacet
  facet normal -0.857774 0.514027 0
    outer loop
      vertex 8.46965 14.8889 3
      vertex 8.38893 14.7542 2.4
      vertex 8.38893 14.7542 3
    endloop
  endfacet
  facet normal 0.671213 0.741264 -0
    outer loop
      vertex 10.9314 15.1314 2.4
      vertex 10.815 15.2368 3
      vertex 10.9314 15.1314 3
    endloop
  endfacet
  facet normal 0.671213 0.741264 0
    outer loop
      vertex 10.815 15.2368 3
      vertex 10.9314 15.1314 2.4
      vertex 10.815 15.2368 2.4
    endloop
  endfacet
  facet normal 0.0490387 -0.998797 0
    outer loop
      vertex 9.8 12.4 2.4
      vertex 9.95683 12.4077 3
      vertex 9.8 12.4 3
    endloop
  endfacet
  facet normal 0.0490387 -0.998797 0
    outer loop
      vertex 9.95683 12.4077 3
      vertex 9.8 12.4 2.4
      vertex 9.95683 12.4077 2.4
    endloop
  endfacet
  facet normal 0.427484 0.904023 -0
    outer loop
      vertex 10.5542 15.4111 2.4
      vertex 10.4123 15.4782 3
      vertex 10.5542 15.4111 3
    endloop
  endfacet
  facet normal 0.427484 0.904023 0
    outer loop
      vertex 10.4123 15.4782 3
      vertex 10.5542 15.4111 2.4
      vertex 10.4123 15.4782 2.4
    endloop
  endfacet
  facet normal -0.741106 -0.671388 0
    outer loop
      vertex 8.66863 12.8686 2.4
      vertex 8.56318 12.985 3
      vertex 8.56318 12.985 2.4
    endloop
  endfacet
  facet normal -0.741106 -0.671388 0
    outer loop
      vertex 8.56318 12.985 3
      vertex 8.66863 12.8686 2.4
      vertex 8.66863 12.8686 3
    endloop
  endfacet
  facet normal 0.904023 0.427484 0
    outer loop
      vertex 11.2782 14.6123 3
      vertex 11.2111 14.7542 2.4
      vertex 11.2111 14.7542 3
    endloop
  endfacet
  facet normal 0.904023 0.427484 0
    outer loop
      vertex 11.2111 14.7542 2.4
      vertex 11.2782 14.6123 3
      vertex 11.2782 14.6123 2.4
    endloop
  endfacet
  facet normal 0.85783 -0.513934 0
    outer loop
      vertex 11.1304 13.1111 3
      vertex 11.2111 13.2458 2.4
      vertex 11.2111 13.2458 3
    endloop
  endfacet
  facet normal 0.85783 -0.513934 0
    outer loop
      vertex 11.2111 13.2458 2.4
      vertex 11.1304 13.1111 3
      vertex 11.1304 13.1111 2.4
    endloop
  endfacet
  facet normal -0.671404 -0.741092 0
    outer loop
      vertex 8.66863 12.8686 2.4
      vertex 8.78497 12.7632 3
      vertex 8.66863 12.8686 3
    endloop
  endfacet
  facet normal -0.671404 -0.741092 -0
    outer loop
      vertex 8.78497 12.7632 3
      vertex 8.66863 12.8686 2.4
      vertex 8.78497 12.7632 2.4
    endloop
  endfacet
  facet normal -0.941531 -0.336926 0
    outer loop
      vertex 8.32179 13.3877 2.4
      vertex 8.2689 13.5355 3
      vertex 8.2689 13.5355 2.4
    endloop
  endfacet
  facet normal -0.941531 -0.336926 0
    outer loop
      vertex 8.2689 13.5355 3
      vertex 8.32179 13.3877 2.4
      vertex 8.32179 13.3877 3
    endloop
  endfacet
  facet normal 0.513934 0.85783 -0
    outer loop
      vertex 10.6889 15.3304 2.4
      vertex 10.5542 15.4111 3
      vertex 10.6889 15.3304 3
    endloop
  endfacet
  facet normal 0.513934 0.85783 0
    outer loop
      vertex 10.5542 15.4111 3
      vertex 10.6889 15.3304 2.4
      vertex 10.5542 15.4111 2.4
    endloop
  endfacet
  facet normal -0.0490387 -0.998797 0
    outer loop
      vertex 9.64317 12.4077 2.4
      vertex 9.8 12.4 3
      vertex 9.64317 12.4077 3
    endloop
  endfacet
  facet normal -0.0490387 -0.998797 -0
    outer loop
      vertex 9.8 12.4 3
      vertex 9.64317 12.4077 2.4
      vertex 9.8 12.4 2.4
    endloop
  endfacet
  facet normal 0.596019 -0.80297 0
    outer loop
      vertex 10.6889 12.6696 2.4
      vertex 10.815 12.7632 3
      vertex 10.6889 12.6696 3
    endloop
  endfacet
  facet normal 0.596019 -0.80297 0
    outer loop
      vertex 10.815 12.7632 3
      vertex 10.6889 12.6696 2.4
      vertex 10.815 12.7632 2.4
    endloop
  endfacet
  facet normal -0.970053 0.242895 0
    outer loop
      vertex 8.23074 14.3121 2.4
      vertex 8.2689 14.4645 3
      vertex 8.2689 14.4645 2.4
    endloop
  endfacet
  facet normal -0.970053 0.242895 0
    outer loop
      vertex 8.2689 14.4645 3
      vertex 8.23074 14.3121 2.4
      vertex 8.23074 14.3121 3
    endloop
  endfacet
  facet normal 0.336982 -0.941511 0
    outer loop
      vertex 10.2645 12.4689 2.4
      vertex 10.4123 12.5218 3
      vertex 10.2645 12.4689 3
    endloop
  endfacet
  facet normal 0.336982 -0.941511 0
    outer loop
      vertex 10.4123 12.5218 3
      vertex 10.2645 12.4689 2.4
      vertex 10.4123 12.5218 2.4
    endloop
  endfacet
  facet normal 0.80297 0.596019 0
    outer loop
      vertex 11.1304 14.8889 3
      vertex 11.0368 15.015 2.4
      vertex 11.0368 15.015 3
    endloop
  endfacet
  facet normal 0.80297 0.596019 0
    outer loop
      vertex 11.0368 15.015 2.4
      vertex 11.1304 14.8889 3
      vertex 11.1304 14.8889 2.4
    endloop
  endfacet
  facet normal -0.514018 -0.857779 0
    outer loop
      vertex 8.91109 12.6696 2.4
      vertex 9.04576 12.5889 3
      vertex 8.91109 12.6696 3
    endloop
  endfacet
  facet normal -0.514018 -0.857779 -0
    outer loop
      vertex 9.04576 12.5889 3
      vertex 8.91109 12.6696 2.4
      vertex 9.04576 12.5889 2.4
    endloop
  endfacet
  facet normal 0.596019 0.80297 -0
    outer loop
      vertex 10.815 15.2368 2.4
      vertex 10.6889 15.3304 3
      vertex 10.815 15.2368 3
    endloop
  endfacet
  facet normal 0.596019 0.80297 0
    outer loop
      vertex 10.6889 15.3304 3
      vertex 10.815 15.2368 2.4
      vertex 10.6889 15.3304 2.4
    endloop
  endfacet
  facet normal 0.904023 -0.427484 0
    outer loop
      vertex 11.2111 13.2458 3
      vertex 11.2782 13.3877 2.4
      vertex 11.2782 13.3877 3
    endloop
  endfacet
  facet normal 0.904023 -0.427484 0
    outer loop
      vertex 11.2782 13.3877 2.4
      vertex 11.2111 13.2458 3
      vertex 11.2111 13.2458 2.4
    endloop
  endfacet
  facet normal 0.741264 -0.671213 0
    outer loop
      vertex 10.9314 12.8686 3
      vertex 11.0368 12.985 2.4
      vertex 11.0368 12.985 3
    endloop
  endfacet
  facet normal 0.741264 -0.671213 0
    outer loop
      vertex 11.0368 12.985 2.4
      vertex 10.9314 12.8686 3
      vertex 10.9314 12.8686 2.4
    endloop
  endfacet
  facet normal 0.0490387 0.998797 -0
    outer loop
      vertex 9.95683 15.5923 2.4
      vertex 9.8 15.6 3
      vertex 9.95683 15.5923 3
    endloop
  endfacet
  facet normal 0.0490387 0.998797 0
    outer loop
      vertex 9.8 15.6 3
      vertex 9.95683 15.5923 2.4
      vertex 9.8 15.6 2.4
    endloop
  endfacet
  facet normal 0.427484 -0.904023 0
    outer loop
      vertex 10.4123 12.5218 2.4
      vertex 10.5542 12.5889 3
      vertex 10.4123 12.5218 3
    endloop
  endfacet
  facet normal 0.427484 -0.904023 0
    outer loop
      vertex 10.5542 12.5889 3
      vertex 10.4123 12.5218 2.4
      vertex 10.5542 12.5889 2.4
    endloop
  endfacet
  facet normal -0.146484 0.989213 0
    outer loop
      vertex 9.64317 15.5923 2.4
      vertex 9.48785 15.5693 3
      vertex 9.64317 15.5923 3
    endloop
  endfacet
  facet normal -0.146484 0.989213 0
    outer loop
      vertex 9.48785 15.5693 3
      vertex 9.64317 15.5923 2.4
      vertex 9.48785 15.5693 2.4
    endloop
  endfacet
  facet normal 0.98921 -0.146502 0
    outer loop
      vertex 11.3693 13.6879 3
      vertex 11.3923 13.8432 2.4
      vertex 11.3923 13.8432 3
    endloop
  endfacet
  facet normal 0.98921 -0.146502 0
    outer loop
      vertex 11.3923 13.8432 2.4
      vertex 11.3693 13.6879 3
      vertex 11.3693 13.6879 2.4
    endloop
  endfacet
  facet normal 0.243135 -0.969993 0
    outer loop
      vertex 10.1121 12.4307 2.4
      vertex 10.2645 12.4689 3
      vertex 10.1121 12.4307 3
    endloop
  endfacet
  facet normal 0.243135 -0.969993 0
    outer loop
      vertex 10.2645 12.4689 3
      vertex 10.1121 12.4307 2.4
      vertex 10.2645 12.4689 2.4
    endloop
  endfacet
  facet normal -0.671404 0.741092 0
    outer loop
      vertex 8.78497 15.2368 2.4
      vertex 8.66863 15.1314 3
      vertex 8.78497 15.2368 3
    endloop
  endfacet
  facet normal -0.671404 0.741092 0
    outer loop
      vertex 8.66863 15.1314 3
      vertex 8.78497 15.2368 2.4
      vertex 8.66863 15.1314 2.4
    endloop
  endfacet
  facet normal 0.85783 0.513934 0
    outer loop
      vertex 11.2111 14.7542 3
      vertex 11.1304 14.8889 2.4
      vertex 11.1304 14.8889 3
    endloop
  endfacet
  facet normal 0.85783 0.513934 0
    outer loop
      vertex 11.1304 14.8889 2.4
      vertex 11.2111 14.7542 3
      vertex 11.2111 14.7542 2.4
    endloop
  endfacet
  facet normal 0.741264 0.671213 0
    outer loop
      vertex 11.0368 15.015 3
      vertex 10.9314 15.1314 2.4
      vertex 10.9314 15.1314 3
    endloop
  endfacet
  facet normal 0.741264 0.671213 0
    outer loop
      vertex 10.9314 15.1314 2.4
      vertex 11.0368 15.015 3
      vertex 11.0368 15.015 2.4
    endloop
  endfacet
  facet normal -0.803184 -0.595732 0
    outer loop
      vertex 8.56318 12.985 2.4
      vertex 8.46965 13.1111 3
      vertex 8.46965 13.1111 2.4
    endloop
  endfacet
  facet normal -0.803184 -0.595732 0
    outer loop
      vertex 8.46965 13.1111 3
      vertex 8.56318 12.985 2.4
      vertex 8.56318 12.985 3
    endloop
  endfacet
  facet normal -0.741106 0.671388 0
    outer loop
      vertex 8.56318 15.015 2.4
      vertex 8.66863 15.1314 3
      vertex 8.66863 15.1314 2.4
    endloop
  endfacet
  facet normal -0.741106 0.671388 0
    outer loop
      vertex 8.66863 15.1314 3
      vertex 8.56318 15.015 2.4
      vertex 8.56318 15.015 3
    endloop
  endfacet
  facet normal -0.595958 -0.803015 0
    outer loop
      vertex 8.78497 12.7632 2.4
      vertex 8.91109 12.6696 3
      vertex 8.78497 12.7632 3
    endloop
  endfacet
  facet normal -0.595958 -0.803015 -0
    outer loop
      vertex 8.91109 12.6696 3
      vertex 8.78497 12.7632 2.4
      vertex 8.91109 12.6696 2.4
    endloop
  endfacet
  facet normal 0.513934 -0.85783 0
    outer loop
      vertex 10.5542 12.5889 2.4
      vertex 10.6889 12.6696 3
      vertex 10.5542 12.5889 3
    endloop
  endfacet
  facet normal 0.513934 -0.85783 0
    outer loop
      vertex 10.6889 12.6696 3
      vertex 10.5542 12.5889 2.4
      vertex 10.6889 12.6696 2.4
    endloop
  endfacet
  facet normal 0.671213 -0.741264 0
    outer loop
      vertex 10.815 12.7632 2.4
      vertex 10.9314 12.8686 3
      vertex 10.815 12.7632 3
    endloop
  endfacet
  facet normal 0.671213 -0.741264 0
    outer loop
      vertex 10.9314 12.8686 3
      vertex 10.815 12.7632 2.4
      vertex 10.9314 12.8686 2.4
    endloop
  endfacet
  facet normal -0.0490387 0.998797 0
    outer loop
      vertex 9.8 15.6 2.4
      vertex 9.64317 15.5923 3
      vertex 9.8 15.6 3
    endloop
  endfacet
  facet normal -0.0490387 0.998797 0
    outer loop
      vertex 9.64317 15.5923 3
      vertex 9.8 15.6 2.4
      vertex 9.64317 15.5923 2.4
    endloop
  endfacet
  facet normal -0.24327 -0.969959 0
    outer loop
      vertex 9.33554 12.4689 2.4
      vertex 9.48785 12.4307 3
      vertex 9.33554 12.4689 3
    endloop
  endfacet
  facet normal -0.24327 -0.969959 -0
    outer loop
      vertex 9.48785 12.4307 3
      vertex 9.33554 12.4689 2.4
      vertex 9.48785 12.4307 2.4
    endloop
  endfacet
  facet normal -0.989173 -0.146752 0
    outer loop
      vertex 8.23074 13.6879 2.4
      vertex 8.2077 13.8432 3
      vertex 8.2077 13.8432 2.4
    endloop
  endfacet
  facet normal -0.989173 -0.146752 0
    outer loop
      vertex 8.2077 13.8432 3
      vertex 8.23074 13.6879 2.4
      vertex 8.23074 13.6879 3
    endloop
  endfacet
  facet normal -0.514018 0.857779 0
    outer loop
      vertex 9.04576 15.4111 2.4
      vertex 8.91109 15.3304 3
      vertex 9.04576 15.4111 3
    endloop
  endfacet
  facet normal -0.514018 0.857779 0
    outer loop
      vertex 8.91109 15.3304 3
      vertex 9.04576 15.4111 2.4
      vertex 8.91109 15.3304 2.4
    endloop
  endfacet
  facet normal -0.595958 0.803015 0
    outer loop
      vertex 8.91109 15.3304 2.4
      vertex 8.78497 15.2368 3
      vertex 8.91109 15.3304 3
    endloop
  endfacet
  facet normal -0.595958 0.803015 0
    outer loop
      vertex 8.78497 15.2368 3
      vertex 8.91109 15.3304 2.4
      vertex 8.78497 15.2368 2.4
    endloop
  endfacet
  facet normal 0 0 1
    outer loop
      vertex 11.3923 14.1568 3
      vertex 11.3923 13.8432 3
      vertex 11.4 14 3
    endloop
  endfacet
  facet normal 0 0 1
    outer loop
      vertex 11.3693 14.3121 3
      vertex 11.3923 13.8432 3
      vertex 11.3923 14.1568 3
    endloop
  endfacet
  facet normal 0 0 1
    outer loop
      vertex 11.3693 14.3121 3
      vertex 11.3693 13.6879 3
      vertex 11.3923 13.8432 3
    endloop
  endfacet
  facet normal 0 0 1
    outer loop
      vertex 11.3311 14.4645 3
      vertex 11.3693 13.6879 3
      vertex 11.3693 14.3121 3
    endloop
  endfacet
  facet normal 0 0 1
    outer loop
      vertex 11.3311 14.4645 3
      vertex 11.3311 13.5355 3
      vertex 11.3693 13.6879 3
    endloop
  endfacet
  facet normal 0 0 1
    outer loop
      vertex 11.2782 14.6123 3
      vertex 11.3311 13.5355 3
      vertex 11.3311 14.4645 3
    endloop
  endfacet
  facet normal 0 0 1
    outer loop
      vertex 11.2782 14.6123 3
      vertex 11.2782 13.3877 3
      vertex 11.3311 13.5355 3
    endloop
  endfacet
  facet normal 0 0 1
    outer loop
      vertex 11.2111 14.7542 3
      vertex 11.2782 13.3877 3
      vertex 11.2782 14.6123 3
    endloop
  endfacet
  facet normal 0 0 1
    outer loop
      vertex 11.2111 14.7542 3
      vertex 11.2111 13.2458 3
      vertex 11.2782 13.3877 3
    endloop
  endfacet
  facet normal 0 0 1
    outer loop
      vertex 11.1304 14.8889 3
      vertex 11.2111 13.2458 3
      vertex 11.2111 14.7542 3
    endloop
  endfacet
  facet normal 0 0 1
    outer loop
      vertex 11.1304 14.8889 3
      vertex 11.1304 13.1111 3
      vertex 11.2111 13.2458 3
    endloop
  endfacet
  facet normal 0 0 1
    outer loop
      vertex 11.0368 15.015 3
      vertex 11.1304 13.1111 3
      vertex 11.1304 14.8889 3
    endloop
  endfacet
  facet normal 0 0 1
    outer loop
      vertex 11.0368 15.015 3
      vertex 11.0368 12.985 3
      vertex 11.1304 13.1111 3
    endloop
  endfacet
  facet normal 0 0 1
    outer loop
      vertex 10.9314 15.1314 3
      vertex 11.0368 12.985 3
      vertex 11.0368 15.015 3
    endloop
  endfacet
  facet normal 0 0 1
    outer loop
      vertex 10.9314 15.1314 3
      vertex 10.9314 12.8686 3
      vertex 11.0368 12.985 3
    endloop
  endfacet
  facet normal 0 0 1
    outer loop
      vertex 10.815 15.2368 3
      vertex 10.9314 12.8686 3
      vertex 10.9314 15.1314 3
    endloop
  endfacet
  facet normal 0 0 1
    outer loop
      vertex 10.815 15.2368 3
      vertex 10.815 12.7632 3
      vertex 10.9314 12.8686 3
    endloop
  endfacet
  facet normal 0 0 1
    outer loop
      vertex 10.6889 15.3304 3
      vertex 10.815 12.7632 3
      vertex 10.815 15.2368 3
    endloop
  endfacet
  facet normal 0 0 1
    outer loop
      vertex 10.6889 15.3304 3
      vertex 10.6889 12.6696 3
      vertex 10.815 12.7632 3
    endloop
  endfacet
  facet normal 0 0 1
    outer loop
      vertex 10.5542 15.4111 3
      vertex 10.6889 12.6696 3
      vertex 10.6889 15.3304 3
    endloop
  endfacet
  facet normal 0 0 1
    outer loop
      vertex 10.5542 15.4111 3
      vertex 10.5542 12.5889 3
      vertex 10.6889 12.6696 3
    endloop
  endfacet
  facet normal 0 0 1
    outer loop
      vertex 10.4123 15.4782 3
      vertex 10.5542 12.5889 3
      vertex 10.5542 15.4111 3
    endloop
  endfacet
  facet normal 0 0 1
    outer loop
      vertex 10.4123 15.4782 3
      vertex 10.4123 12.5218 3
      vertex 10.5542 12.5889 3
    endloop
  endfacet
  facet normal 0 0 1
    outer loop
      vertex 10.2645 15.5311 3
      vertex 10.4123 12.5218 3
      vertex 10.4123 15.4782 3
    endloop
  endfacet
  facet normal 0 0 1
    outer loop
      vertex 10.2645 15.5311 3
      vertex 10.2645 12.4689 3
      vertex 10.4123 12.5218 3
    endloop
  endfacet
  facet normal 0 0 1
    outer loop
      vertex 10.1121 15.5693 3
      vertex 10.2645 12.4689 3
      vertex 10.2645 15.5311 3
    endloop
  endfacet
  facet normal 0 0 1
    outer loop
      vertex 10.1121 15.5693 3
      vertex 10.1121 12.4307 3
      vertex 10.2645 12.4689 3
    endloop
  endfacet
  facet normal 0 0 1
    outer loop
      vertex 9.95683 15.5923 3
      vertex 10.1121 12.4307 3
      vertex 10.1121 15.5693 3
    endloop
  endfacet
  facet normal 0 0 1
    outer loop
      vertex 9.95683 15.5923 3
      vertex 9.95683 12.4077 3
      vertex 10.1121 12.4307 3
    endloop
  endfacet
  facet normal 0 0 1
    outer loop
      vertex 9.8 15.6 3
      vertex 9.95683 12.4077 3
      vertex 9.95683 15.5923 3
    endloop
  endfacet
  facet normal 0 0 1
    outer loop
      vertex 9.8 15.6 3
      vertex 9.8 12.4 3
      vertex 9.95683 12.4077 3
    endloop
  endfacet
  facet normal -0 0 1
    outer loop
      vertex 9.64317 15.5923 3
      vertex 9.8 12.4 3
      vertex 9.8 15.6 3
    endloop
  endfacet
  facet normal 0 0 1
    outer loop
      vertex 9.64317 15.5923 3
      vertex 9.64317 12.4077 3
      vertex 9.8 12.4 3
    endloop
  endfacet
  facet normal -0 0 1
    outer loop
      vertex 9.48785 15.5693 3
      vertex 9.64317 12.4077 3
      vertex 9.64317 15.5923 3
    endloop
  endfacet
  facet normal 0 0 1
    outer loop
      vertex 9.48785 15.5693 3
      vertex 9.48785 12.4307 3
      vertex 9.64317 12.4077 3
    endloop
  endfacet
  facet normal -0 0 1
    outer loop
      vertex 9.33554 15.5311 3
      vertex 9.48785 12.4307 3
      vertex 9.48785 15.5693 3
    endloop
  endfacet
  facet normal 0 0 1
    outer loop
      vertex 9.33554 15.5311 3
      vertex 9.33554 12.4689 3
      vertex 9.48785 12.4307 3
    endloop
  endfacet
  facet normal -0 0 1
    outer loop
      vertex 9.18771 15.4782 3
      vertex 9.33554 12.4689 3
      vertex 9.33554 15.5311 3
    endloop
  endfacet
  facet normal 0 0 1
    outer loop
      vertex 9.18771 15.4782 3
      vertex 9.18771 12.5218 3
      vertex 9.33554 12.4689 3
    endloop
  endfacet
  facet normal -0 0 1
    outer loop
      vertex 9.04576 15.4111 3
      vertex 9.18771 12.5218 3
      vertex 9.18771 15.4782 3
    endloop
  endfacet
  facet normal 0 0 1
    outer loop
      vertex 9.04576 15.4111 3
      vertex 9.04576 12.5889 3
      vertex 9.18771 12.5218 3
    endloop
  endfacet
  facet normal -0 0 1
    outer loop
      vertex 8.91109 15.3304 3
      vertex 9.04576 12.5889 3
      vertex 9.04576 15.4111 3
    endloop
  endfacet
  facet normal 0 0 1
    outer loop
      vertex 8.91109 15.3304 3
      vertex 8.91109 12.6696 3
      vertex 9.04576 12.5889 3
    endloop
  endfacet
  facet normal -0 0 1
    outer loop
      vertex 8.78497 15.2368 3
      vertex 8.91109 12.6696 3
      vertex 8.91109 15.3304 3
    endloop
  endfacet
  facet normal 0 0 1
    outer loop
      vertex 8.78497 15.2368 3
      vertex 8.78497 12.7632 3
      vertex 8.91109 12.6696 3
    endloop
  endfacet
  facet normal -0 0 1
    outer loop
      vertex 8.66863 15.1314 3
      vertex 8.78497 12.7632 3
      vertex 8.78497 15.2368 3
    endloop
  endfacet
  facet normal 0 0 1
    outer loop
      vertex 8.66863 15.1314 3
      vertex 8.66863 12.8686 3
      vertex 8.78497 12.7632 3
    endloop
  endfacet
  facet normal -0 0 1
    outer loop
      vertex 8.56318 15.015 3
      vertex 8.66863 12.8686 3
      vertex 8.66863 15.1314 3
    endloop
  endfacet
  facet normal 0 0 1
    outer loop
      vertex 8.56318 15.015 3
      vertex 8.56318 12.985 3
      vertex 8.66863 12.8686 3
    endloop
  endfacet
  facet normal -0 0 1
    outer loop
      vertex 8.46965 14.8889 3
      vertex 8.56318 12.985 3
      vertex 8.56318 15.015 3
    endloop
  endfacet
  facet normal 0 0 1
    outer loop
      vertex 8.46965 14.8889 3
      vertex 8.46965 13.1111 3
      vertex 8.56318 12.985 3
    endloop
  endfacet
  facet normal -0 0 1
    outer loop
      vertex 8.38893 14.7542 3
      vertex 8.46965 13.1111 3
      vertex 8.46965 14.8889 3
    endloop
  endfacet
  facet normal 0 0 1
    outer loop
      vertex 8.38893 14.7542 3
      vertex 8.38893 13.2458 3
      vertex 8.46965 13.1111 3
    endloop
  endfacet
  facet normal -0 0 1
    outer loop
      vertex 8.32179 14.6123 3
      vertex 8.38893 13.2458 3
      vertex 8.38893 14.7542 3
    endloop
  endfacet
  facet normal 0 0 1
    outer loop
      vertex 8.32179 14.6123 3
      vertex 8.32179 13.3877 3
      vertex 8.38893 13.2458 3
    endloop
  endfacet
  facet normal -0 0 1
    outer loop
      vertex 8.2689 14.4645 3
      vertex 8.32179 13.3877 3
      vertex 8.32179 14.6123 3
    endloop
  endfacet
  facet normal 0 0 1
    outer loop
      vertex 8.2689 14.4645 3
      vertex 8.2689 13.5355 3
      vertex 8.32179 13.3877 3
    endloop
  endfacet
  facet normal -0 0 1
    outer loop
      vertex 8.23074 14.3121 3
      vertex 8.2689 13.5355 3
      vertex 8.2689 14.4645 3
    endloop
  endfacet
  facet normal 0 0 1
    outer loop
      vertex 8.23074 14.3121 3
      vertex 8.23074 13.6879 3
      vertex 8.2689 13.5355 3
    endloop
  endfacet
  facet normal -0 0 1
    outer loop
      vertex 8.2077 14.1568 3
      vertex 8.23074 13.6879 3
      vertex 8.23074 14.3121 3
    endloop
  endfacet
  facet normal 0 0 1
    outer loop
      vertex 8.2077 14.1568 3
      vertex 8.2077 13.8432 3
      vertex 8.23074 13.6879 3
    endloop
  endfacet
  facet normal 0 -0 1
    outer loop
      vertex 8.2077 13.8432 3
      vertex 8.2077 14.1568 3
      vertex 8.2 14 3
    endloop
  endfacet
  facet normal -0.941531 0.336926 0
    outer loop
      vertex 8.2689 14.4645 2.4
      vertex 8.32179 14.6123 3
      vertex 8.32179 14.6123 2.4
    endloop
  endfacet
  facet normal -0.941531 0.336926 0
    outer loop
      vertex 8.32179 14.6123 3
      vertex 8.2689 14.4645 2.4
      vertex 8.2689 14.4645 3
    endloop
  endfacet
  facet normal 0.941511 -0.336982 0
    outer loop
      vertex 11.2782 13.3877 3
      vertex 11.3311 13.5355 2.4
      vertex 11.3311 13.5355 3
    endloop
  endfacet
  facet normal 0.941511 -0.336982 0
    outer loop
      vertex 11.3311 13.5355 2.4
      vertex 11.2782 13.3877 3
      vertex 11.2782 13.3877 2.4
    endloop
  endfacet
  facet normal -0.857774 -0.514027 0
    outer loop
      vertex 8.46965 13.1111 2.4
      vertex 8.38893 13.2458 3
      vertex 8.38893 13.2458 2.4
    endloop
  endfacet
  facet normal -0.857774 -0.514027 0
    outer loop
      vertex 8.38893 13.2458 3
      vertex 8.46965 13.1111 2.4
      vertex 8.46965 13.1111 3
    endloop
  endfacet
  facet normal -0.998796 -0.049048 0
    outer loop
      vertex 8.2077 13.8432 2.4
      vertex 8.2 14 3
      vertex 8.2 14 2.4
    endloop
  endfacet
  facet normal -0.998796 -0.049048 0
    outer loop
      vertex 8.2 14 3
      vertex 8.2077 13.8432 2.4
      vertex 8.2077 13.8432 3
    endloop
  endfacet
  facet normal -0.146484 -0.989213 0
    outer loop
      vertex 9.48785 12.4307 2.4
      vertex 9.64317 12.4077 3
      vertex 9.48785 12.4307 3
    endloop
  endfacet
  facet normal -0.146484 -0.989213 -0
    outer loop
      vertex 9.64317 12.4077 3
      vertex 9.48785 12.4307 2.4
      vertex 9.64317 12.4077 2.4
    endloop
  endfacet
  facet normal -0.803184 0.595732 0
    outer loop
      vertex 8.46965 14.8889 2.4
      vertex 8.56318 15.015 3
      vertex 8.56318 15.015 2.4
    endloop
  endfacet
  facet normal -0.803184 0.595732 0
    outer loop
      vertex 8.56318 15.015 3
      vertex 8.46965 14.8889 2.4
      vertex 8.46965 14.8889 3
    endloop
  endfacet
endsolid OpenSCAD_Model
