solid OpenSCAD_Model
  facet normal 0.999048 0.0436298 0
    outer loop
      vertex 14.8 13.1 9.85
      vertex 14.7764 13.6404 0
      vertex 14.7764 13.6404 9.85
    endloop
  endfacet
  facet normal 0.999048 0.0436298 0
    outer loop
      vertex 14.7764 13.6404 0
      vertex 14.8 13.1 9.85
      vertex 14.8 13.1 0
    endloop
  endfacet
  facet normal 0.043633 -0.999048 0
    outer loop
      vertex 8.59999 -19.3 0
      vertex 9.14035 -19.2764 9.85
      vertex 8.59999 -19.3 9.85
    endloop
  endfacet
  facet normal 0.043633 -0.999048 0
    outer loop
      vertex 9.14035 -19.2764 9.85
      vertex 8.59999 -19.3 0
      vertex 9.14035 -19.2764 0
    endloop
  endfacet
  facet normal 0.976287 0.21648 0
    outer loop
      vertex 14.7058 14.1766 9.85
      vertex 14.5887 14.7047 0
      vertex 14.5887 14.7047 9.85
    endloop
  endfacet
  facet normal 0.976287 0.21648 0
    outer loop
      vertex 14.5887 14.7047 0
      vertex 14.7058 14.1766 9.85
      vertex 14.7058 14.1766 0
    endloop
  endfacet
  facet normal 0.793407 0.608692 0
    outer loop
      vertex 13.6787 16.6562 9.85
      vertex 13.3495 17.0853 0
      vertex 13.3495 17.0853 9.85
    endloop
  endfacet
  facet normal 0.793407 0.608692 0
    outer loop
      vertex 13.3495 17.0853 0
      vertex 13.6787 16.6562 9.85
      vertex 13.6787 16.6562 0
    endloop
  endfacet
  facet normal -0.999048 -0.0436298 0
    outer loop
      vertex -14.7764 -13.6404 0
      vertex -14.8 -13.1 9.85
      vertex -14.8 -13.1 0
    endloop
  endfacet
  facet normal -0.999048 -0.0436298 0
    outer loop
      vertex -14.8 -13.1 9.85
      vertex -14.7764 -13.6404 0
      vertex -14.7764 -13.6404 9.85
    endloop
  endfacet
  facet normal -0.382711 0.923868 0
    outer loop
      vertex -10.7205 18.9261 0
      vertex -11.2202 18.7191 9.85
      vertex -10.7205 18.9261 9.85
    endloop
  endfacet
  facet normal -0.382711 0.923868 0
    outer loop
      vertex -11.2202 18.7191 9.85
      vertex -10.7205 18.9261 0
      vertex -11.2202 18.7191 0
    endloop
  endfacet
  facet normal -0.300653 0.953733 0
    outer loop
      vertex -10.2047 19.0887 0
      vertex -10.7205 18.9261 9.85
      vertex -10.2047 19.0887 9.85
    endloop
  endfacet
  facet normal -0.300653 0.953733 0
    outer loop
      vertex -10.7205 18.9261 9.85
      vertex -10.2047 19.0887 0
      vertex -10.7205 18.9261 0
    endloop
  endfacet
  facet normal -0.043633 -0.999048 0
    outer loop
      vertex -9.14035 -19.2764 0
      vertex -8.59999 -19.3 9.85
      vertex -9.14035 -19.2764 9.85
    endloop
  endfacet
  facet normal -0.043633 -0.999048 -0
    outer loop
      vertex -8.59999 -19.3 9.85
      vertex -9.14035 -19.2764 0
      vertex -8.59999 -19.3 0
    endloop
  endfacet
  facet normal -0.608692 -0.793407 0
    outer loop
      vertex -12.5853 -17.8495 0
      vertex -12.1562 -18.1787 9.85
      vertex -12.5853 -17.8495 9.85
    endloop
  endfacet
  facet normal -0.608692 -0.793407 -0
    outer loop
      vertex -12.1562 -18.1787 9.85
      vertex -12.5853 -17.8495 0
      vertex -12.1562 -18.1787 0
    endloop
  endfacet
  facet normal 0.737308 0.675557 0
    outer loop
      vertex 13.3495 17.0853 9.85
      vertex 12.9841 17.4841 0
      vertex 12.9841 17.4841 9.85
    endloop
  endfacet
  facet normal 0.737308 0.675557 0
    outer loop
      vertex 12.9841 17.4841 0
      vertex 13.3495 17.0853 9.85
      vertex 13.3495 17.0853 0
    endloop
  endfacet
  facet normal -0.461795 -0.886987 0
    outer loop
      vertex -11.7 -18.4693 0
      vertex -11.2202 -18.7191 9.85
      vertex -11.7 -18.4693 9.85
    endloop
  endfacet
  facet normal -0.461795 -0.886987 -0
    outer loop
      vertex -11.2202 -18.7191 9.85
      vertex -11.7 -18.4693 0
      vertex -11.2202 -18.7191 0
    endloop
  endfacet
  facet normal -0.043633 0.999048 0
    outer loop
      vertex -8.59999 19.3 0
      vertex -9.14035 19.2764 9.85
      vertex -8.59999 19.3 9.85
    endloop
  endfacet
  facet normal -0.043633 0.999048 0
    outer loop
      vertex -9.14035 19.2764 9.85
      vertex -8.59999 19.3 0
      vertex -9.14035 19.2764 0
    endloop
  endfacet
  facet normal -0.537258 -0.843418 0
    outer loop
      vertex -12.1562 -18.1787 0
      vertex -11.7 -18.4693 9.85
      vertex -12.1562 -18.1787 9.85
    endloop
  endfacet
  facet normal -0.537258 -0.843418 -0
    outer loop
      vertex -11.7 -18.4693 9.85
      vertex -12.1562 -18.1787 0
      vertex -11.7 -18.4693 0
    endloop
  endfacet
  facet normal -0.923868 -0.382711 0
    outer loop
      vertex -14.2191 -15.7202 0
      vertex -14.4261 -15.2205 9.85
      vertex -14.4261 -15.2205 0
    endloop
  endfacet
  facet normal -0.923868 -0.382711 0
    outer loop
      vertex -14.4261 -15.2205 9.85
      vertex -14.2191 -15.7202 0
      vertex -14.2191 -15.7202 9.85
    endloop
  endfacet
  facet normal -0.991443 -0.130541 0
    outer loop
      vertex -14.7058 -14.1766 0
      vertex -14.7764 -13.6404 9.85
      vertex -14.7764 -13.6404 0
    endloop
  endfacet
  facet normal -0.991443 -0.130541 0
    outer loop
      vertex -14.7764 -13.6404 9.85
      vertex -14.7058 -14.1766 0
      vertex -14.7058 -14.1766 9.85
    endloop
  endfacet
  facet normal 0.043633 0.999048 -0
    outer loop
      vertex 9.14035 19.2764 0
      vertex 8.59999 19.3 9.85
      vertex 9.14035 19.2764 9.85
    endloop
  endfacet
  facet normal 0.043633 0.999048 0
    outer loop
      vertex 8.59999 19.3 9.85
      vertex 9.14035 19.2764 0
      vertex 8.59999 19.3 0
    endloop
  endfacet
  facet normal -0.999048 0.0436298 0
    outer loop
      vertex -14.8 13.1 0
      vertex -14.7764 13.6404 9.85
      vertex -14.7764 13.6404 0
    endloop
  endfacet
  facet normal -0.999048 0.0436298 0
    outer loop
      vertex -14.7764 13.6404 9.85
      vertex -14.8 13.1 0
      vertex -14.8 13.1 9.85
    endloop
  endfacet
  facet normal -0.130526 0.991445 0
    outer loop
      vertex -9.14035 19.2764 0
      vertex -9.67661 19.2058 9.85
      vertex -9.14035 19.2764 9.85
    endloop
  endfacet
  facet normal -0.130526 0.991445 0
    outer loop
      vertex -9.67661 19.2058 9.85
      vertex -9.14035 19.2764 0
      vertex -9.67661 19.2058 0
    endloop
  endfacet
  facet normal 0.793407 -0.608692 0
    outer loop
      vertex 13.3495 -17.0853 9.85
      vertex 13.6787 -16.6562 0
      vertex 13.6787 -16.6562 9.85
    endloop
  endfacet
  facet normal 0.793407 -0.608692 0
    outer loop
      vertex 13.6787 -16.6562 0
      vertex 13.3495 -17.0853 9.85
      vertex 13.3495 -17.0853 0
    endloop
  endfacet
  facet normal -0.843418 -0.537258 0
    outer loop
      vertex -13.6787 -16.6562 0
      vertex -13.9693 -16.2 9.85
      vertex -13.9693 -16.2 0
    endloop
  endfacet
  facet normal -0.843418 -0.537258 0
    outer loop
      vertex -13.9693 -16.2 9.85
      vertex -13.6787 -16.6562 0
      vertex -13.6787 -16.6562 9.85
    endloop
  endfacet
  facet normal 0 -1 0
    outer loop
      vertex -8.59999 -19.3 0
      vertex 8.59999 -19.3 9.85
      vertex -8.59999 -19.3 9.85
    endloop
  endfacet
  facet normal 0 -1 -0
    outer loop
      vertex 8.59999 -19.3 9.85
      vertex -8.59999 -19.3 0
      vertex 8.59999 -19.3 0
    endloop
  endfacet
  facet normal -0.991443 0.130541 0
    outer loop
      vertex -14.7764 13.6404 0
      vertex -14.7058 14.1766 9.85
      vertex -14.7058 14.1766 0
    endloop
  endfacet
  facet normal -0.991443 0.130541 0
    outer loop
      vertex -14.7058 14.1766 9.85
      vertex -14.7764 13.6404 0
      vertex -14.7764 13.6404 9.85
    endloop
  endfacet
  facet normal -0.130526 -0.991445 0
    outer loop
      vertex -9.67661 -19.2058 0
      vertex -9.14035 -19.2764 9.85
      vertex -9.67661 -19.2058 9.85
    endloop
  endfacet
  facet normal -0.130526 -0.991445 -0
    outer loop
      vertex -9.14035 -19.2764 9.85
      vertex -9.67661 -19.2058 0
      vertex -9.14035 -19.2764 0
    endloop
  endfacet
  facet normal 0.843418 0.537258 0
    outer loop
      vertex 13.9693 16.2 9.85
      vertex 13.6787 16.6562 0
      vertex 13.6787 16.6562 9.85
    endloop
  endfacet
  facet normal 0.843418 0.537258 0
    outer loop
      vertex 13.6787 16.6562 0
      vertex 13.9693 16.2 9.85
      vertex 13.9693 16.2 0
    endloop
  endfacet
  facet normal -0.737308 0.675557 0
    outer loop
      vertex -13.3495 17.0853 0
      vertex -12.9841 17.4841 9.85
      vertex -12.9841 17.4841 0
    endloop
  endfacet
  facet normal -0.737308 0.675557 0
    outer loop
      vertex -12.9841 17.4841 9.85
      vertex -13.3495 17.0853 0
      vertex -13.3495 17.0853 9.85
    endloop
  endfacet
  facet normal -0.300653 -0.953733 0
    outer loop
      vertex -10.7205 -18.9261 0
      vertex -10.2047 -19.0887 9.85
      vertex -10.7205 -18.9261 9.85
    endloop
  endfacet
  facet normal -0.300653 -0.953733 -0
    outer loop
      vertex -10.2047 -19.0887 9.85
      vertex -10.7205 -18.9261 0
      vertex -10.2047 -19.0887 0
    endloop
  endfacet
  facet normal 0.300653 0.953733 -0
    outer loop
      vertex 10.7205 18.9261 0
      vertex 10.2047 19.0887 9.85
      vertex 10.7205 18.9261 9.85
    endloop
  endfacet
  facet normal 0.300653 0.953733 0
    outer loop
      vertex 10.2047 19.0887 9.85
      vertex 10.7205 18.9261 0
      vertex 10.2047 19.0887 0
    endloop
  endfacet
  facet normal 0.923868 0.382711 0
    outer loop
      vertex 14.4261 15.2205 9.85
      vertex 14.2191 15.7202 0
      vertex 14.2191 15.7202 9.85
    endloop
  endfacet
  facet normal 0.923868 0.382711 0
    outer loop
      vertex 14.2191 15.7202 0
      vertex 14.4261 15.2205 9.85
      vertex 14.4261 15.2205 0
    endloop
  endfacet
  facet normal 0.608692 0.793407 -0
    outer loop
      vertex 12.5853 17.8495 0
      vertex 12.1562 18.1787 9.85
      vertex 12.5853 17.8495 9.85
    endloop
  endfacet
  facet normal 0.608692 0.793407 0
    outer loop
      vertex 12.1562 18.1787 9.85
      vertex 12.5853 17.8495 0
      vertex 12.1562 18.1787 0
    endloop
  endfacet
  facet normal -0.953733 0.300653 0
    outer loop
      vertex -14.5887 14.7047 0
      vertex -14.4261 15.2205 9.85
      vertex -14.4261 15.2205 0
    endloop
  endfacet
  facet normal -0.953733 0.300653 0
    outer loop
      vertex -14.4261 15.2205 9.85
      vertex -14.5887 14.7047 0
      vertex -14.5887 14.7047 9.85
    endloop
  endfacet
  facet normal 0.300653 -0.953733 0
    outer loop
      vertex 10.2047 -19.0887 0
      vertex 10.7205 -18.9261 9.85
      vertex 10.2047 -19.0887 9.85
    endloop
  endfacet
  facet normal 0.300653 -0.953733 0
    outer loop
      vertex 10.7205 -18.9261 9.85
      vertex 10.2047 -19.0887 0
      vertex 10.7205 -18.9261 0
    endloop
  endfacet
  facet normal -0.382711 -0.923868 0
    outer loop
      vertex -11.2202 -18.7191 0
      vertex -10.7205 -18.9261 9.85
      vertex -11.2202 -18.7191 9.85
    endloop
  endfacet
  facet normal -0.382711 -0.923868 -0
    outer loop
      vertex -10.7205 -18.9261 9.85
      vertex -11.2202 -18.7191 0
      vertex -10.7205 -18.9261 0
    endloop
  endfacet
  facet normal -0.923868 0.382711 0
    outer loop
      vertex -14.4261 15.2205 0
      vertex -14.2191 15.7202 9.85
      vertex -14.2191 15.7202 0
    endloop
  endfacet
  facet normal -0.923868 0.382711 0
    outer loop
      vertex -14.2191 15.7202 9.85
      vertex -14.4261 15.2205 0
      vertex -14.4261 15.2205 9.85
    endloop
  endfacet
  facet normal 0 0 -1
    outer loop
      vertex 13.8293 -13.375 0
      vertex 14.8 -13.1 0
      vertex 14.7764 -13.6404 0
    endloop
  endfacet
  facet normal 0 0 -1
    outer loop
      vertex 14.8 -13.1 0
      vertex 13.85 -12.9 0
      vertex 14.8 13.1 0
    endloop
  endfacet
  facet normal 0 0 -1
    outer loop
      vertex 13.7672 -13.8464 0
      vertex 14.7764 -13.6404 0
      vertex 14.7058 -14.1766 0
    endloop
  endfacet
  facet normal 0 0 -1
    outer loop
      vertex 13.85 12.9 0
      vertex 14.8 13.1 0
      vertex 13.85 -12.9 0
    endloop
  endfacet
  facet normal 0 0 -1
    outer loop
      vertex 13.6643 -14.3106 0
      vertex 14.7058 -14.1766 0
      vertex 14.5887 -14.7047 0
    endloop
  endfacet
  facet normal 0 0 -1
    outer loop
      vertex 13.8293 13.375 0
      vertex 14.8 13.1 0
      vertex 13.85 12.9 0
    endloop
  endfacet
  facet normal 0 0 -1
    outer loop
      vertex 13.5213 -14.764 0
      vertex 14.5887 -14.7047 0
      vertex 14.4261 -15.2205 0
    endloop
  endfacet
  facet normal 0 0 -1
    outer loop
      vertex 14.8 13.1 0
      vertex 13.8293 13.375 0
      vertex 14.7764 13.6404 0
    endloop
  endfacet
  facet normal 0 0 -1
    outer loop
      vertex 13.3394 -15.2033 0
      vertex 14.4261 -15.2205 0
      vertex 14.2191 -15.7202 0
    endloop
  endfacet
  facet normal 0 0 -1
    outer loop
      vertex 13.7672 13.8464 0
      vertex 14.7764 13.6404 0
      vertex 13.8293 13.375 0
    endloop
  endfacet
  facet normal 0 0 -1
    outer loop
      vertex 13.1198 -15.625 0
      vertex 14.2191 -15.7202 0
      vertex 13.9693 -16.2 0
    endloop
  endfacet
  facet normal 0 0 -1
    outer loop
      vertex 14.7764 13.6404 0
      vertex 13.7672 13.8464 0
      vertex 14.7058 14.1766 0
    endloop
  endfacet
  facet normal 0 0 -1
    outer loop
      vertex 13.6643 14.3106 0
      vertex 14.7058 14.1766 0
      vertex 13.7672 13.8464 0
    endloop
  endfacet
  facet normal -0 0 -1
    outer loop
      vertex 14.8 -13.1 0
      vertex 13.8293 -13.375 0
      vertex 13.85 -12.9 0
    endloop
  endfacet
  facet normal -0 0 -1
    outer loop
      vertex 14.7764 -13.6404 0
      vertex 13.7672 -13.8464 0
      vertex 13.8293 -13.375 0
    endloop
  endfacet
  facet normal 0 0 -1
    outer loop
      vertex 12.8644 -16.026 0
      vertex 13.9693 -16.2 0
      vertex 13.6787 -16.6562 0
    endloop
  endfacet
  facet normal -0 0 -1
    outer loop
      vertex 14.7058 -14.1766 0
      vertex 13.6643 -14.3106 0
      vertex 13.7672 -13.8464 0
    endloop
  endfacet
  facet normal -0 0 -1
    outer loop
      vertex 14.5887 -14.7047 0
      vertex 13.5213 -14.764 0
      vertex 13.6643 -14.3106 0
    endloop
  endfacet
  facet normal 0 0 -1
    outer loop
      vertex 12.5749 -16.4032 0
      vertex 13.6787 -16.6562 0
      vertex 13.3495 -17.0853 0
    endloop
  endfacet
  facet normal 0 0 -1
    outer loop
      vertex 14.4261 -15.2205 0
      vertex 13.3394 -15.2033 0
      vertex 13.5213 -14.764 0
    endloop
  endfacet
  facet normal 0 0 -1
    outer loop
      vertex 14.2191 -15.7202 0
      vertex 13.1198 -15.625 0
      vertex 13.3394 -15.2033 0
    endloop
  endfacet
  facet normal 0 0 -1
    outer loop
      vertex 12.2537 -16.7537 0
      vertex 13.3495 -17.0853 0
      vertex 12.9841 -17.4841 0
    endloop
  endfacet
  facet normal 0 0 -1
    outer loop
      vertex 13.9693 -16.2 0
      vertex 12.8644 -16.026 0
      vertex 13.1198 -15.625 0
    endloop
  endfacet
  facet normal 0 0 -1
    outer loop
      vertex 12.2537 -16.7537 0
      vertex 12.9841 -17.4841 0
      vertex 12.5853 -17.8495 0
    endloop
  endfacet
  facet normal 0 0 -1
    outer loop
      vertex 13.6787 -16.6562 0
      vertex 12.5749 -16.4032 0
      vertex 12.8644 -16.026 0
    endloop
  endfacet
  facet normal 0 0 -1
    outer loop
      vertex 13.3495 -17.0853 0
      vertex 12.2537 -16.7537 0
      vertex 12.5749 -16.4032 0
    endloop
  endfacet
  facet normal 0 0 -1
    outer loop
      vertex 11.9032 -17.0749 0
      vertex 12.5853 -17.8495 0
      vertex 12.1562 -18.1787 0
    endloop
  endfacet
  facet normal 0 0 -1
    outer loop
      vertex 12.5853 -17.8495 0
      vertex 11.9032 -17.0749 0
      vertex 12.2537 -16.7537 0
    endloop
  endfacet
  facet normal 0 0 -1
    outer loop
      vertex 11.526 -17.3644 0
      vertex 12.1562 -18.1787 0
      vertex 11.7 -18.4693 0
    endloop
  endfacet
  facet normal 0 0 -1
    outer loop
      vertex 12.1562 -18.1787 0
      vertex 11.526 -17.3644 0
      vertex 11.9032 -17.0749 0
    endloop
  endfacet
  facet normal 0 0 -1
    outer loop
      vertex 11.125 -17.6198 0
      vertex 11.7 -18.4693 0
      vertex 11.2202 -18.7191 0
    endloop
  endfacet
  facet normal 0 0 -1
    outer loop
      vertex 11.7 -18.4693 0
      vertex 11.125 -17.6198 0
      vertex 11.526 -17.3644 0
    endloop
  endfacet
  facet normal 0 0 -1
    outer loop
      vertex 10.7033 -17.8394 0
      vertex 11.2202 -18.7191 0
      vertex 10.7205 -18.9261 0
    endloop
  endfacet
  facet normal 0 0 -1
    outer loop
      vertex 11.2202 -18.7191 0
      vertex 10.7033 -17.8394 0
      vertex 11.125 -17.6198 0
    endloop
  endfacet
  facet normal 0 0 -1
    outer loop
      vertex 10.7205 -18.9261 0
      vertex 10.264 -18.0213 0
      vertex 10.7033 -17.8394 0
    endloop
  endfacet
  facet normal 0 0 -1
    outer loop
      vertex 10.2047 -19.0887 0
      vertex 10.264 -18.0213 0
      vertex 10.7205 -18.9261 0
    endloop
  endfacet
  facet normal 0 0 -1
    outer loop
      vertex 10.2047 -19.0887 0
      vertex 9.81056 -18.1643 0
      vertex 10.264 -18.0213 0
    endloop
  endfacet
  facet normal 0 0 -1
    outer loop
      vertex 9.67661 -19.2058 0
      vertex 9.81056 -18.1643 0
      vertex 10.2047 -19.0887 0
    endloop
  endfacet
  facet normal 0 0 -1
    outer loop
      vertex 9.67661 -19.2058 0
      vertex 9.34637 -18.2672 0
      vertex 9.81056 -18.1643 0
    endloop
  endfacet
  facet normal 0 0 -1
    outer loop
      vertex 9.14035 -19.2764 0
      vertex 9.34637 -18.2672 0
      vertex 9.67661 -19.2058 0
    endloop
  endfacet
  facet normal 0 0 -1
    outer loop
      vertex 9.14035 -19.2764 0
      vertex 8.875 -18.3293 0
      vertex 9.34637 -18.2672 0
    endloop
  endfacet
  facet normal 0 0 -1
    outer loop
      vertex 8.59999 -19.3 0
      vertex 8.875 -18.3293 0
      vertex 9.14035 -19.2764 0
    endloop
  endfacet
  facet normal 0 0 -1
    outer loop
      vertex 8.59999 -19.3 0
      vertex 8.39999 -18.35 0
      vertex 8.875 -18.3293 0
    endloop
  endfacet
  facet normal 0 0 -1
    outer loop
      vertex 8.59999 -19.3 0
      vertex -8.39999 -18.35 0
      vertex 8.39999 -18.35 0
    endloop
  endfacet
  facet normal 0 0 -1
    outer loop
      vertex -8.59999 -19.3 0
      vertex -8.39999 -18.35 0
      vertex 8.59999 -19.3 0
    endloop
  endfacet
  facet normal 0 0 -1
    outer loop
      vertex -8.59999 -19.3 0
      vertex -8.875 -18.3293 0
      vertex -8.39999 -18.35 0
    endloop
  endfacet
  facet normal 0 0 -1
    outer loop
      vertex -9.14035 -19.2764 0
      vertex -8.875 -18.3293 0
      vertex -8.59999 -19.3 0
    endloop
  endfacet
  facet normal 0 0 -1
    outer loop
      vertex -9.14035 -19.2764 0
      vertex -9.34637 -18.2672 0
      vertex -8.875 -18.3293 0
    endloop
  endfacet
  facet normal 0 0 -1
    outer loop
      vertex -9.67661 -19.2058 0
      vertex -9.34637 -18.2672 0
      vertex -9.14035 -19.2764 0
    endloop
  endfacet
  facet normal 0 0 -1
    outer loop
      vertex -9.67661 -19.2058 0
      vertex -9.81056 -18.1643 0
      vertex -9.34637 -18.2672 0
    endloop
  endfacet
  facet normal 0 0 -1
    outer loop
      vertex -10.2047 -19.0887 0
      vertex -9.81056 -18.1643 0
      vertex -9.67661 -19.2058 0
    endloop
  endfacet
  facet normal 0 0 -1
    outer loop
      vertex -10.2047 -19.0887 0
      vertex -10.264 -18.0213 0
      vertex -9.81056 -18.1643 0
    endloop
  endfacet
  facet normal 0 0 -1
    outer loop
      vertex -10.7205 -18.9261 0
      vertex -10.264 -18.0213 0
      vertex -10.2047 -19.0887 0
    endloop
  endfacet
  facet normal -0 0 -1
    outer loop
      vertex -10.264 -18.0213 0
      vertex -10.7205 -18.9261 0
      vertex -10.7033 -17.8394 0
    endloop
  endfacet
  facet normal 0 0 -1
    outer loop
      vertex -11.2202 -18.7191 0
      vertex -10.7033 -17.8394 0
      vertex -10.7205 -18.9261 0
    endloop
  endfacet
  facet normal -0 0 -1
    outer loop
      vertex -10.7033 -17.8394 0
      vertex -11.2202 -18.7191 0
      vertex -11.125 -17.6198 0
    endloop
  endfacet
  facet normal 0 0 -1
    outer loop
      vertex -11.7 -18.4693 0
      vertex -11.125 -17.6198 0
      vertex -11.2202 -18.7191 0
    endloop
  endfacet
  facet normal -0 0 -1
    outer loop
      vertex -11.125 -17.6198 0
      vertex -11.7 -18.4693 0
      vertex -11.526 -17.3644 0
    endloop
  endfacet
  facet normal 0 0 -1
    outer loop
      vertex -12.1562 -18.1787 0
      vertex -11.526 -17.3644 0
      vertex -11.7 -18.4693 0
    endloop
  endfacet
  facet normal -0 0 -1
    outer loop
      vertex -11.526 -17.3644 0
      vertex -12.1562 -18.1787 0
      vertex -11.9032 -17.0749 0
    endloop
  endfacet
  facet normal 0 0 -1
    outer loop
      vertex -12.5853 -17.8495 0
      vertex -11.9032 -17.0749 0
      vertex -12.1562 -18.1787 0
    endloop
  endfacet
  facet normal -0 0 -1
    outer loop
      vertex -11.9032 -17.0749 0
      vertex -12.5853 -17.8495 0
      vertex -12.2537 -16.7537 0
    endloop
  endfacet
  facet normal 0 0 -1
    outer loop
      vertex -12.9841 -17.4841 0
      vertex -12.2537 -16.7537 0
      vertex -12.5853 -17.8495 0
    endloop
  endfacet
  facet normal 0 0 -1
    outer loop
      vertex -13.3495 -17.0853 0
      vertex -12.2537 -16.7537 0
      vertex -12.9841 -17.4841 0
    endloop
  endfacet
  facet normal -0 0 -1
    outer loop
      vertex -12.2537 -16.7537 0
      vertex -13.3495 -17.0853 0
      vertex -12.5749 -16.4032 0
    endloop
  endfacet
  facet normal 0 0 -1
    outer loop
      vertex -13.6787 -16.6562 0
      vertex -12.5749 -16.4032 0
      vertex -13.3495 -17.0853 0
    endloop
  endfacet
  facet normal -0 0 -1
    outer loop
      vertex -12.5749 -16.4032 0
      vertex -13.6787 -16.6562 0
      vertex -12.8644 -16.026 0
    endloop
  endfacet
  facet normal 0 0 -1
    outer loop
      vertex -13.9693 -16.2 0
      vertex -12.8644 -16.026 0
      vertex -13.6787 -16.6562 0
    endloop
  endfacet
  facet normal -0 0 -1
    outer loop
      vertex -12.8644 -16.026 0
      vertex -13.9693 -16.2 0
      vertex -13.1198 -15.625 0
    endloop
  endfacet
  facet normal 0 0 -1
    outer loop
      vertex -14.2191 -15.7202 0
      vertex -13.1198 -15.625 0
      vertex -13.9693 -16.2 0
    endloop
  endfacet
  facet normal -0 0 -1
    outer loop
      vertex -13.1198 -15.625 0
      vertex -14.2191 -15.7202 0
      vertex -13.3394 -15.2033 0
    endloop
  endfacet
  facet normal 0 0 -1
    outer loop
      vertex -14.4261 -15.2205 0
      vertex -13.3394 -15.2033 0
      vertex -14.2191 -15.7202 0
    endloop
  endfacet
  facet normal -0 0 -1
    outer loop
      vertex -13.3394 -15.2033 0
      vertex -14.4261 -15.2205 0
      vertex -13.5213 -14.764 0
    endloop
  endfacet
  facet normal 0 0 -1
    outer loop
      vertex -14.7058 -14.1766 0
      vertex -13.6643 -14.3106 0
      vertex -14.5887 -14.7047 0
    endloop
  endfacet
  facet normal 0 0 -1
    outer loop
      vertex -13.5213 -14.764 0
      vertex -14.5887 -14.7047 0
      vertex -13.6643 -14.3106 0
    endloop
  endfacet
  facet normal 0 0 -1
    outer loop
      vertex -14.5887 -14.7047 0
      vertex -13.5213 -14.764 0
      vertex -14.4261 -15.2205 0
    endloop
  endfacet
  facet normal 0 0 -1
    outer loop
      vertex 14.7058 14.1766 0
      vertex 13.6643 14.3106 0
      vertex 14.5887 14.7047 0
    endloop
  endfacet
  facet normal 0 0 -1
    outer loop
      vertex 13.5213 14.764 0
      vertex 14.5887 14.7047 0
      vertex 13.6643 14.3106 0
    endloop
  endfacet
  facet normal 0 0 -1
    outer loop
      vertex 14.5887 14.7047 0
      vertex 13.5213 14.764 0
      vertex 14.4261 15.2205 0
    endloop
  endfacet
  facet normal 0 0 -1
    outer loop
      vertex 13.3394 15.2033 0
      vertex 14.4261 15.2205 0
      vertex 13.5213 14.764 0
    endloop
  endfacet
  facet normal -0 0 -1
    outer loop
      vertex 14.4261 15.2205 0
      vertex 13.3394 15.2033 0
      vertex 14.2191 15.7202 0
    endloop
  endfacet
  facet normal 0 0 -1
    outer loop
      vertex 13.1198 15.625 0
      vertex 14.2191 15.7202 0
      vertex 13.3394 15.2033 0
    endloop
  endfacet
  facet normal -0 0 -1
    outer loop
      vertex 14.2191 15.7202 0
      vertex 13.1198 15.625 0
      vertex 13.9693 16.2 0
    endloop
  endfacet
  facet normal 0 0 -1
    outer loop
      vertex 12.8644 16.026 0
      vertex 13.9693 16.2 0
      vertex 13.1198 15.625 0
    endloop
  endfacet
  facet normal -0 0 -1
    outer loop
      vertex 13.9693 16.2 0
      vertex 12.8644 16.026 0
      vertex 13.6787 16.6562 0
    endloop
  endfacet
  facet normal 0 0 -1
    outer loop
      vertex 12.5749 16.4032 0
      vertex 13.6787 16.6562 0
      vertex 12.8644 16.026 0
    endloop
  endfacet
  facet normal -0 0 -1
    outer loop
      vertex 13.6787 16.6562 0
      vertex 12.5749 16.4032 0
      vertex 13.3495 17.0853 0
    endloop
  endfacet
  facet normal 0 0 -1
    outer loop
      vertex 12.2537 16.7537 0
      vertex 13.3495 17.0853 0
      vertex 12.5749 16.4032 0
    endloop
  endfacet
  facet normal -0 0 -1
    outer loop
      vertex 13.3495 17.0853 0
      vertex 12.2537 16.7537 0
      vertex 12.9841 17.4841 0
    endloop
  endfacet
  facet normal -0 0 -1
    outer loop
      vertex 12.9841 17.4841 0
      vertex 12.2537 16.7537 0
      vertex 12.5853 17.8495 0
    endloop
  endfacet
  facet normal 0 0 -1
    outer loop
      vertex 11.9032 17.0749 0
      vertex 12.5853 17.8495 0
      vertex 12.2537 16.7537 0
    endloop
  endfacet
  facet normal -0 0 -1
    outer loop
      vertex 12.5853 17.8495 0
      vertex 11.9032 17.0749 0
      vertex 12.1562 18.1787 0
    endloop
  endfacet
  facet normal 0 0 -1
    outer loop
      vertex 11.526 17.3644 0
      vertex 12.1562 18.1787 0
      vertex 11.9032 17.0749 0
    endloop
  endfacet
  facet normal -0 0 -1
    outer loop
      vertex 12.1562 18.1787 0
      vertex 11.526 17.3644 0
      vertex 11.7 18.4693 0
    endloop
  endfacet
  facet normal 0 0 -1
    outer loop
      vertex 11.125 17.6198 0
      vertex 11.7 18.4693 0
      vertex 11.526 17.3644 0
    endloop
  endfacet
  facet normal -0 0 -1
    outer loop
      vertex 11.7 18.4693 0
      vertex 11.125 17.6198 0
      vertex 11.2202 18.7191 0
    endloop
  endfacet
  facet normal 0 0 -1
    outer loop
      vertex 10.7033 17.8394 0
      vertex 11.2202 18.7191 0
      vertex 11.125 17.6198 0
    endloop
  endfacet
  facet normal -0 0 -1
    outer loop
      vertex 11.2202 18.7191 0
      vertex 10.7033 17.8394 0
      vertex 10.7205 18.9261 0
    endloop
  endfacet
  facet normal 0 0 -1
    outer loop
      vertex 10.264 18.0213 0
      vertex 10.7205 18.9261 0
      vertex 10.7033 17.8394 0
    endloop
  endfacet
  facet normal 0 0 -1
    outer loop
      vertex 10.264 18.0213 0
      vertex 10.2047 19.0887 0
      vertex 10.7205 18.9261 0
    endloop
  endfacet
  facet normal 0 0 -1
    outer loop
      vertex 9.81056 18.1643 0
      vertex 10.2047 19.0887 0
      vertex 10.264 18.0213 0
    endloop
  endfacet
  facet normal 0 0 -1
    outer loop
      vertex 9.81056 18.1643 0
      vertex 9.67661 19.2058 0
      vertex 10.2047 19.0887 0
    endloop
  endfacet
  facet normal 0 0 -1
    outer loop
      vertex 9.34637 18.2672 0
      vertex 9.67661 19.2058 0
      vertex 9.81056 18.1643 0
    endloop
  endfacet
  facet normal 0 0 -1
    outer loop
      vertex 9.34637 18.2672 0
      vertex 9.14035 19.2764 0
      vertex 9.67661 19.2058 0
    endloop
  endfacet
  facet normal 0 0 -1
    outer loop
      vertex 8.875 18.3293 0
      vertex 9.14035 19.2764 0
      vertex 9.34637 18.2672 0
    endloop
  endfacet
  facet normal 0 0 -1
    outer loop
      vertex 8.875 18.3293 0
      vertex 8.59999 19.3 0
      vertex 9.14035 19.2764 0
    endloop
  endfacet
  facet normal 0 0 -1
    outer loop
      vertex 8.39999 18.35 0
      vertex 8.59999 19.3 0
      vertex 8.875 18.3293 0
    endloop
  endfacet
  facet normal 0 0 -1
    outer loop
      vertex -8.39999 18.35 0
      vertex 8.59999 19.3 0
      vertex 8.39999 18.35 0
    endloop
  endfacet
  facet normal 0 0 -1
    outer loop
      vertex -8.39999 18.35 0
      vertex -8.59999 19.3 0
      vertex 8.59999 19.3 0
    endloop
  endfacet
  facet normal 0 0 -1
    outer loop
      vertex -8.875 18.3293 0
      vertex -8.59999 19.3 0
      vertex -8.39999 18.35 0
    endloop
  endfacet
  facet normal 0 0 -1
    outer loop
      vertex -8.875 18.3293 0
      vertex -9.14035 19.2764 0
      vertex -8.59999 19.3 0
    endloop
  endfacet
  facet normal 0 0 -1
    outer loop
      vertex -9.34637 18.2672 0
      vertex -9.14035 19.2764 0
      vertex -8.875 18.3293 0
    endloop
  endfacet
  facet normal 0 0 -1
    outer loop
      vertex -9.34637 18.2672 0
      vertex -9.67661 19.2058 0
      vertex -9.14035 19.2764 0
    endloop
  endfacet
  facet normal 0 0 -1
    outer loop
      vertex -9.81056 18.1643 0
      vertex -9.67661 19.2058 0
      vertex -9.34637 18.2672 0
    endloop
  endfacet
  facet normal 0 0 -1
    outer loop
      vertex -9.81056 18.1643 0
      vertex -10.2047 19.0887 0
      vertex -9.67661 19.2058 0
    endloop
  endfacet
  facet normal 0 0 -1
    outer loop
      vertex -10.264 18.0213 0
      vertex -10.2047 19.0887 0
      vertex -9.81056 18.1643 0
    endloop
  endfacet
  facet normal 0 0 -1
    outer loop
      vertex -10.7205 18.9261 0
      vertex -10.264 18.0213 0
      vertex -10.7033 17.8394 0
    endloop
  endfacet
  facet normal 0 0 -1
    outer loop
      vertex -10.264 18.0213 0
      vertex -10.7205 18.9261 0
      vertex -10.2047 19.0887 0
    endloop
  endfacet
  facet normal 0 0 -1
    outer loop
      vertex -11.2202 18.7191 0
      vertex -10.7033 17.8394 0
      vertex -11.125 17.6198 0
    endloop
  endfacet
  facet normal 0 0 -1
    outer loop
      vertex -10.7033 17.8394 0
      vertex -11.2202 18.7191 0
      vertex -10.7205 18.9261 0
    endloop
  endfacet
  facet normal 0 0 -1
    outer loop
      vertex -11.7 18.4693 0
      vertex -11.125 17.6198 0
      vertex -11.526 17.3644 0
    endloop
  endfacet
  facet normal 0 0 -1
    outer loop
      vertex -11.125 17.6198 0
      vertex -11.7 18.4693 0
      vertex -11.2202 18.7191 0
    endloop
  endfacet
  facet normal 0 0 -1
    outer loop
      vertex -12.1562 18.1787 0
      vertex -11.526 17.3644 0
      vertex -11.9032 17.0749 0
    endloop
  endfacet
  facet normal 0 0 -1
    outer loop
      vertex -11.526 17.3644 0
      vertex -12.1562 18.1787 0
      vertex -11.7 18.4693 0
    endloop
  endfacet
  facet normal 0 0 -1
    outer loop
      vertex -12.5853 17.8495 0
      vertex -11.9032 17.0749 0
      vertex -12.2537 16.7537 0
    endloop
  endfacet
  facet normal 0 0 -1
    outer loop
      vertex -13.3495 17.0853 0
      vertex -12.2537 16.7537 0
      vertex -12.5749 16.4032 0
    endloop
  endfacet
  facet normal 0 0 -1
    outer loop
      vertex -11.9032 17.0749 0
      vertex -12.5853 17.8495 0
      vertex -12.1562 18.1787 0
    endloop
  endfacet
  facet normal 0 0 -1
    outer loop
      vertex -13.6787 16.6562 0
      vertex -12.5749 16.4032 0
      vertex -12.8644 16.026 0
    endloop
  endfacet
  facet normal 0 0 -1
    outer loop
      vertex -12.2537 16.7537 0
      vertex -12.9841 17.4841 0
      vertex -12.5853 17.8495 0
    endloop
  endfacet
  facet normal 0 0 -1
    outer loop
      vertex -13.9693 16.2 0
      vertex -12.8644 16.026 0
      vertex -13.1198 15.625 0
    endloop
  endfacet
  facet normal 0 0 -1
    outer loop
      vertex -14.2191 15.7202 0
      vertex -13.1198 15.625 0
      vertex -13.3394 15.2033 0
    endloop
  endfacet
  facet normal 0 0 -1
    outer loop
      vertex -12.2537 16.7537 0
      vertex -13.3495 17.0853 0
      vertex -12.9841 17.4841 0
    endloop
  endfacet
  facet normal 0 0 -1
    outer loop
      vertex -14.4261 15.2205 0
      vertex -13.3394 15.2033 0
      vertex -13.5213 14.764 0
    endloop
  endfacet
  facet normal 0 0 -1
    outer loop
      vertex -14.5887 14.7047 0
      vertex -13.5213 14.764 0
      vertex -13.6643 14.3106 0
    endloop
  endfacet
  facet normal 0 0 -1
    outer loop
      vertex -12.5749 16.4032 0
      vertex -13.6787 16.6562 0
      vertex -13.3495 17.0853 0
    endloop
  endfacet
  facet normal 0 0 -1
    outer loop
      vertex -14.7058 14.1766 0
      vertex -13.6643 14.3106 0
      vertex -13.7672 13.8464 0
    endloop
  endfacet
  facet normal 0 0 -1
    outer loop
      vertex -14.7764 13.6404 0
      vertex -13.7672 13.8464 0
      vertex -13.8293 13.375 0
    endloop
  endfacet
  facet normal 0 0 -1
    outer loop
      vertex -12.8644 16.026 0
      vertex -13.9693 16.2 0
      vertex -13.6787 16.6562 0
    endloop
  endfacet
  facet normal 0 0 -1
    outer loop
      vertex -14.8 13.1 0
      vertex -13.8293 13.375 0
      vertex -13.85 12.9 0
    endloop
  endfacet
  facet normal -0 0 -1
    outer loop
      vertex -13.85 -12.9 0
      vertex -14.8 -13.1 0
      vertex -13.85 12.9 0
    endloop
  endfacet
  facet normal 0 0 -1
    outer loop
      vertex -13.6643 -14.3106 0
      vertex -14.7058 -14.1766 0
      vertex -13.7672 -13.8464 0
    endloop
  endfacet
  facet normal 0 0 -1
    outer loop
      vertex -14.8 13.1 0
      vertex -13.85 12.9 0
      vertex -14.8 -13.1 0
    endloop
  endfacet
  facet normal 0 0 -1
    outer loop
      vertex -14.7764 -13.6404 0
      vertex -13.7672 -13.8464 0
      vertex -14.7058 -14.1766 0
    endloop
  endfacet
  facet normal -0 0 -1
    outer loop
      vertex -13.8293 13.375 0
      vertex -14.8 13.1 0
      vertex -14.7764 13.6404 0
    endloop
  endfacet
  facet normal 0 0 -1
    outer loop
      vertex -13.7672 -13.8464 0
      vertex -14.7764 -13.6404 0
      vertex -13.8293 -13.375 0
    endloop
  endfacet
  facet normal 0 0 -1
    outer loop
      vertex -13.1198 15.625 0
      vertex -14.2191 15.7202 0
      vertex -13.9693 16.2 0
    endloop
  endfacet
  facet normal 0 0 -1
    outer loop
      vertex -14.8 -13.1 0
      vertex -13.8293 -13.375 0
      vertex -14.7764 -13.6404 0
    endloop
  endfacet
  facet normal 0 0 -1
    outer loop
      vertex -13.3394 15.2033 0
      vertex -14.4261 15.2205 0
      vertex -14.2191 15.7202 0
    endloop
  endfacet
  facet normal 0 0 -1
    outer loop
      vertex -13.8293 -13.375 0
      vertex -14.8 -13.1 0
      vertex -13.85 -12.9 0
    endloop
  endfacet
  facet normal -0 0 -1
    outer loop
      vertex -13.5213 14.764 0
      vertex -14.5887 14.7047 0
      vertex -14.4261 15.2205 0
    endloop
  endfacet
  facet normal -0 0 -1
    outer loop
      vertex -13.6643 14.3106 0
      vertex -14.7058 14.1766 0
      vertex -14.5887 14.7047 0
    endloop
  endfacet
  facet normal -0 0 -1
    outer loop
      vertex -13.7672 13.8464 0
      vertex -14.7764 13.6404 0
      vertex -14.7058 14.1766 0
    endloop
  endfacet
  facet normal 0 1 -0
    outer loop
      vertex 8.59999 19.3 0
      vertex -8.59999 19.3 9.85
      vertex 8.59999 19.3 9.85
    endloop
  endfacet
  facet normal 0 1 0
    outer loop
      vertex -8.59999 19.3 9.85
      vertex 8.59999 19.3 0
      vertex -8.59999 19.3 0
    endloop
  endfacet
  facet normal 1 -0 0
    outer loop
      vertex 14.8 -13.1 9.85
      vertex 14.8 13.1 0
      vertex 14.8 13.1 9.85
    endloop
  endfacet
  facet normal 1 0 0
    outer loop
      vertex 14.8 13.1 0
      vertex 14.8 -13.1 9.85
      vertex 14.8 -13.1 0
    endloop
  endfacet
  facet normal 0.991443 0.130541 0
    outer loop
      vertex 14.7764 13.6404 9.85
      vertex 14.7058 14.1766 0
      vertex 14.7058 14.1766 9.85
    endloop
  endfacet
  facet normal 0.991443 0.130541 0
    outer loop
      vertex 14.7058 14.1766 0
      vertex 14.7764 13.6404 9.85
      vertex 14.7764 13.6404 0
    endloop
  endfacet
  facet normal 0.886987 0.461795 0
    outer loop
      vertex 14.2191 15.7202 9.85
      vertex 13.9693 16.2 0
      vertex 13.9693 16.2 9.85
    endloop
  endfacet
  facet normal 0.886987 0.461795 0
    outer loop
      vertex 13.9693 16.2 0
      vertex 14.2191 15.7202 9.85
      vertex 14.2191 15.7202 0
    endloop
  endfacet
  facet normal 0.382711 0.923868 -0
    outer loop
      vertex 11.2202 18.7191 0
      vertex 10.7205 18.9261 9.85
      vertex 11.2202 18.7191 9.85
    endloop
  endfacet
  facet normal 0.382711 0.923868 0
    outer loop
      vertex 10.7205 18.9261 9.85
      vertex 11.2202 18.7191 0
      vertex 10.7205 18.9261 0
    endloop
  endfacet
  facet normal -0.737308 -0.675557 0
    outer loop
      vertex -12.9841 -17.4841 0
      vertex -13.3495 -17.0853 9.85
      vertex -13.3495 -17.0853 0
    endloop
  endfacet
  facet normal -0.737308 -0.675557 0
    outer loop
      vertex -13.3495 -17.0853 9.85
      vertex -12.9841 -17.4841 0
      vertex -12.9841 -17.4841 9.85
    endloop
  endfacet
  facet normal -1 0 0
    outer loop
      vertex -14.8 -13.1 0
      vertex -14.8 13.1 9.85
      vertex -14.8 13.1 0
    endloop
  endfacet
  facet normal -1 -0 0
    outer loop
      vertex -14.8 13.1 9.85
      vertex -14.8 -13.1 0
      vertex -14.8 -13.1 9.85
    endloop
  endfacet
  facet normal 0.461795 0.886987 -0
    outer loop
      vertex 11.7 18.4693 0
      vertex 11.2202 18.7191 9.85
      vertex 11.7 18.4693 9.85
    endloop
  endfacet
  facet normal 0.461795 0.886987 0
    outer loop
      vertex 11.2202 18.7191 9.85
      vertex 11.7 18.4693 0
      vertex 11.2202 18.7191 0
    endloop
  endfacet
  facet normal -0.216484 -0.976286 0
    outer loop
      vertex -10.2047 -19.0887 0
      vertex -9.67661 -19.2058 9.85
      vertex -10.2047 -19.0887 9.85
    endloop
  endfacet
  facet normal -0.216484 -0.976286 -0
    outer loop
      vertex -9.67661 -19.2058 9.85
      vertex -10.2047 -19.0887 0
      vertex -9.67661 -19.2058 0
    endloop
  endfacet
  facet normal 0.953733 -0.300653 0
    outer loop
      vertex 14.4261 -15.2205 9.85
      vertex 14.5887 -14.7047 0
      vertex 14.5887 -14.7047 9.85
    endloop
  endfacet
  facet normal 0.953733 -0.300653 0
    outer loop
      vertex 14.5887 -14.7047 0
      vertex 14.4261 -15.2205 9.85
      vertex 14.4261 -15.2205 0
    endloop
  endfacet
  facet normal -0.675557 0.737308 0
    outer loop
      vertex -12.5853 17.8495 0
      vertex -12.9841 17.4841 9.85
      vertex -12.5853 17.8495 9.85
    endloop
  endfacet
  facet normal -0.675557 0.737308 0
    outer loop
      vertex -12.9841 17.4841 9.85
      vertex -12.5853 17.8495 0
      vertex -12.9841 17.4841 0
    endloop
  endfacet
  facet normal 0.675557 0.737308 -0
    outer loop
      vertex 12.9841 17.4841 0
      vertex 12.5853 17.8495 9.85
      vertex 12.9841 17.4841 9.85
    endloop
  endfacet
  facet normal 0.675557 0.737308 0
    outer loop
      vertex 12.5853 17.8495 9.85
      vertex 12.9841 17.4841 0
      vertex 12.5853 17.8495 0
    endloop
  endfacet
  facet normal -0.976287 0.21648 0
    outer loop
      vertex -14.7058 14.1766 0
      vertex -14.5887 14.7047 9.85
      vertex -14.5887 14.7047 0
    endloop
  endfacet
  facet normal -0.976287 0.21648 0
    outer loop
      vertex -14.5887 14.7047 9.85
      vertex -14.7058 14.1766 0
      vertex -14.7058 14.1766 9.85
    endloop
  endfacet
  facet normal -0.793407 -0.608692 0
    outer loop
      vertex -13.3495 -17.0853 0
      vertex -13.6787 -16.6562 9.85
      vertex -13.6787 -16.6562 0
    endloop
  endfacet
  facet normal -0.793407 -0.608692 0
    outer loop
      vertex -13.6787 -16.6562 9.85
      vertex -13.3495 -17.0853 0
      vertex -13.3495 -17.0853 9.85
    endloop
  endfacet
  facet normal 0.953733 0.300653 0
    outer loop
      vertex 14.5887 14.7047 9.85
      vertex 14.4261 15.2205 0
      vertex 14.4261 15.2205 9.85
    endloop
  endfacet
  facet normal 0.953733 0.300653 0
    outer loop
      vertex 14.4261 15.2205 0
      vertex 14.5887 14.7047 9.85
      vertex 14.5887 14.7047 0
    endloop
  endfacet
  facet normal -0.886987 0.461795 0
    outer loop
      vertex -14.2191 15.7202 0
      vertex -13.9693 16.2 9.85
      vertex -13.9693 16.2 0
    endloop
  endfacet
  facet normal -0.886987 0.461795 0
    outer loop
      vertex -13.9693 16.2 9.85
      vertex -14.2191 15.7202 0
      vertex -14.2191 15.7202 9.85
    endloop
  endfacet
  facet normal 0.843418 -0.537258 0
    outer loop
      vertex 13.6787 -16.6562 9.85
      vertex 13.9693 -16.2 0
      vertex 13.9693 -16.2 9.85
    endloop
  endfacet
  facet normal 0.843418 -0.537258 0
    outer loop
      vertex 13.9693 -16.2 0
      vertex 13.6787 -16.6562 9.85
      vertex 13.6787 -16.6562 0
    endloop
  endfacet
  facet normal -0.675557 -0.737308 0
    outer loop
      vertex -12.9841 -17.4841 0
      vertex -12.5853 -17.8495 9.85
      vertex -12.9841 -17.4841 9.85
    endloop
  endfacet
  facet normal -0.675557 -0.737308 -0
    outer loop
      vertex -12.5853 -17.8495 9.85
      vertex -12.9841 -17.4841 0
      vertex -12.5853 -17.8495 0
    endloop
  endfacet
  facet normal -0.886987 -0.461795 0
    outer loop
      vertex -13.9693 -16.2 0
      vertex -14.2191 -15.7202 9.85
      vertex -14.2191 -15.7202 0
    endloop
  endfacet
  facet normal -0.886987 -0.461795 0
    outer loop
      vertex -14.2191 -15.7202 9.85
      vertex -13.9693 -16.2 0
      vertex -13.9693 -16.2 9.85
    endloop
  endfacet
  facet normal 0.999048 -0.0436298 0
    outer loop
      vertex 14.7764 -13.6404 9.85
      vertex 14.8 -13.1 0
      vertex 14.8 -13.1 9.85
    endloop
  endfacet
  facet normal 0.999048 -0.0436298 0
    outer loop
      vertex 14.8 -13.1 0
      vertex 14.7764 -13.6404 9.85
      vertex 14.7764 -13.6404 0
    endloop
  endfacet
  facet normal -0.976287 -0.21648 0
    outer loop
      vertex -14.5887 -14.7047 0
      vertex -14.7058 -14.1766 9.85
      vertex -14.7058 -14.1766 0
    endloop
  endfacet
  facet normal -0.976287 -0.21648 0
    outer loop
      vertex -14.7058 -14.1766 9.85
      vertex -14.5887 -14.7047 0
      vertex -14.5887 -14.7047 9.85
    endloop
  endfacet
  facet normal -0.608692 0.793407 0
    outer loop
      vertex -12.1562 18.1787 0
      vertex -12.5853 17.8495 9.85
      vertex -12.1562 18.1787 9.85
    endloop
  endfacet
  facet normal -0.608692 0.793407 0
    outer loop
      vertex -12.5853 17.8495 9.85
      vertex -12.1562 18.1787 0
      vertex -12.5853 17.8495 0
    endloop
  endfacet
  facet normal -0.843418 0.537258 0
    outer loop
      vertex -13.9693 16.2 0
      vertex -13.6787 16.6562 9.85
      vertex -13.6787 16.6562 0
    endloop
  endfacet
  facet normal -0.843418 0.537258 0
    outer loop
      vertex -13.6787 16.6562 9.85
      vertex -13.9693 16.2 0
      vertex -13.9693 16.2 9.85
    endloop
  endfacet
  facet normal 0.461795 -0.886987 0
    outer loop
      vertex 11.2202 -18.7191 0
      vertex 11.7 -18.4693 9.85
      vertex 11.2202 -18.7191 9.85
    endloop
  endfacet
  facet normal 0.461795 -0.886987 0
    outer loop
      vertex 11.7 -18.4693 9.85
      vertex 11.2202 -18.7191 0
      vertex 11.7 -18.4693 0
    endloop
  endfacet
  facet normal -0.216484 0.976286 0
    outer loop
      vertex -9.67661 19.2058 0
      vertex -10.2047 19.0887 9.85
      vertex -9.67661 19.2058 9.85
    endloop
  endfacet
  facet normal -0.216484 0.976286 0
    outer loop
      vertex -10.2047 19.0887 9.85
      vertex -9.67661 19.2058 0
      vertex -10.2047 19.0887 0
    endloop
  endfacet
  facet normal -0.953733 -0.300653 0
    outer loop
      vertex -14.4261 -15.2205 0
      vertex -14.5887 -14.7047 9.85
      vertex -14.5887 -14.7047 0
    endloop
  endfacet
  facet normal -0.953733 -0.300653 0
    outer loop
      vertex -14.5887 -14.7047 9.85
      vertex -14.4261 -15.2205 0
      vertex -14.4261 -15.2205 9.85
    endloop
  endfacet
  facet normal 0.382711 -0.923868 0
    outer loop
      vertex 10.7205 -18.9261 0
      vertex 11.2202 -18.7191 9.85
      vertex 10.7205 -18.9261 9.85
    endloop
  endfacet
  facet normal 0.382711 -0.923868 0
    outer loop
      vertex 11.2202 -18.7191 9.85
      vertex 10.7205 -18.9261 0
      vertex 11.2202 -18.7191 0
    endloop
  endfacet
  facet normal 0.737308 -0.675557 0
    outer loop
      vertex 12.9841 -17.4841 9.85
      vertex 13.3495 -17.0853 0
      vertex 13.3495 -17.0853 9.85
    endloop
  endfacet
  facet normal 0.737308 -0.675557 0
    outer loop
      vertex 13.3495 -17.0853 0
      vertex 12.9841 -17.4841 9.85
      vertex 12.9841 -17.4841 0
    endloop
  endfacet
  facet normal 0.130526 -0.991445 0
    outer loop
      vertex 9.14035 -19.2764 0
      vertex 9.67661 -19.2058 9.85
      vertex 9.14035 -19.2764 9.85
    endloop
  endfacet
  facet normal 0.130526 -0.991445 0
    outer loop
      vertex 9.67661 -19.2058 9.85
      vertex 9.14035 -19.2764 0
      vertex 9.67661 -19.2058 0
    endloop
  endfacet
  facet normal 0.886987 -0.461795 0
    outer loop
      vertex 13.9693 -16.2 9.85
      vertex 14.2191 -15.7202 0
      vertex 14.2191 -15.7202 9.85
    endloop
  endfacet
  facet normal 0.886987 -0.461795 0
    outer loop
      vertex 14.2191 -15.7202 0
      vertex 13.9693 -16.2 9.85
      vertex 13.9693 -16.2 0
    endloop
  endfacet
  facet normal -0.793407 0.608692 0
    outer loop
      vertex -13.6787 16.6562 0
      vertex -13.3495 17.0853 9.85
      vertex -13.3495 17.0853 0
    endloop
  endfacet
  facet normal -0.793407 0.608692 0
    outer loop
      vertex -13.3495 17.0853 9.85
      vertex -13.6787 16.6562 0
      vertex -13.6787 16.6562 9.85
    endloop
  endfacet
  facet normal 0.923868 -0.382711 0
    outer loop
      vertex 14.2191 -15.7202 9.85
      vertex 14.4261 -15.2205 0
      vertex 14.4261 -15.2205 9.85
    endloop
  endfacet
  facet normal 0.923868 -0.382711 0
    outer loop
      vertex 14.4261 -15.2205 0
      vertex 14.2191 -15.7202 9.85
      vertex 14.2191 -15.7202 0
    endloop
  endfacet
  facet normal 0.537258 -0.843418 0
    outer loop
      vertex 11.7 -18.4693 0
      vertex 12.1562 -18.1787 9.85
      vertex 11.7 -18.4693 9.85
    endloop
  endfacet
  facet normal 0.537258 -0.843418 0
    outer loop
      vertex 12.1562 -18.1787 9.85
      vertex 11.7 -18.4693 0
      vertex 12.1562 -18.1787 0
    endloop
  endfacet
  facet normal 0.216484 0.976286 -0
    outer loop
      vertex 10.2047 19.0887 0
      vertex 9.67661 19.2058 9.85
      vertex 10.2047 19.0887 9.85
    endloop
  endfacet
  facet normal 0.216484 0.976286 0
    outer loop
      vertex 9.67661 19.2058 9.85
      vertex 10.2047 19.0887 0
      vertex 9.67661 19.2058 0
    endloop
  endfacet
  facet normal 0.130526 0.991445 -0
    outer loop
      vertex 9.67661 19.2058 0
      vertex 9.14035 19.2764 9.85
      vertex 9.67661 19.2058 9.85
    endloop
  endfacet
  facet normal 0.130526 0.991445 0
    outer loop
      vertex 9.14035 19.2764 9.85
      vertex 9.67661 19.2058 0
      vertex 9.14035 19.2764 0
    endloop
  endfacet
  facet normal -0.461795 0.886987 0
    outer loop
      vertex -11.2202 18.7191 0
      vertex -11.7 18.4693 9.85
      vertex -11.2202 18.7191 9.85
    endloop
  endfacet
  facet normal -0.461795 0.886987 0
    outer loop
      vertex -11.7 18.4693 9.85
      vertex -11.2202 18.7191 0
      vertex -11.7 18.4693 0
    endloop
  endfacet
  facet normal 0.608692 -0.793407 0
    outer loop
      vertex 12.1562 -18.1787 0
      vertex 12.5853 -17.8495 9.85
      vertex 12.1562 -18.1787 9.85
    endloop
  endfacet
  facet normal 0.608692 -0.793407 0
    outer loop
      vertex 12.5853 -17.8495 9.85
      vertex 12.1562 -18.1787 0
      vertex 12.5853 -17.8495 0
    endloop
  endfacet
  facet normal -0.537258 0.843418 0
    outer loop
      vertex -11.7 18.4693 0
      vertex -12.1562 18.1787 9.85
      vertex -11.7 18.4693 9.85
    endloop
  endfacet
  facet normal -0.537258 0.843418 0
    outer loop
      vertex -12.1562 18.1787 9.85
      vertex -11.7 18.4693 0
      vertex -12.1562 18.1787 0
    endloop
  endfacet
  facet normal 0.675557 -0.737308 0
    outer loop
      vertex 12.5853 -17.8495 0
      vertex 12.9841 -17.4841 9.85
      vertex 12.5853 -17.8495 9.85
    endloop
  endfacet
  facet normal 0.675557 -0.737308 0
    outer loop
      vertex 12.9841 -17.4841 9.85
      vertex 12.5853 -17.8495 0
      vertex 12.9841 -17.4841 0
    endloop
  endfacet
  facet normal 0.216484 -0.976286 0
    outer loop
      vertex 9.67661 -19.2058 0
      vertex 10.2047 -19.0887 9.85
      vertex 9.67661 -19.2058 9.85
    endloop
  endfacet
  facet normal 0.216484 -0.976286 0
    outer loop
      vertex 10.2047 -19.0887 9.85
      vertex 9.67661 -19.2058 0
      vertex 10.2047 -19.0887 0
    endloop
  endfacet
  facet normal 0.991443 -0.130541 0
    outer loop
      vertex 14.7058 -14.1766 9.85
      vertex 14.7764 -13.6404 0
      vertex 14.7764 -13.6404 9.85
    endloop
  endfacet
  facet normal 0.991443 -0.130541 0
    outer loop
      vertex 14.7764 -13.6404 0
      vertex 14.7058 -14.1766 9.85
      vertex 14.7058 -14.1766 0
    endloop
  endfacet
  facet normal 0 0 1
    outer loop
      vertex 2.59999 8.6 9.85
      vertex 2.36494 1.77136 9.85
      vertex 2.75345 1.56911 9.85
    endloop
  endfacet
  facet normal 0 0 1
    outer loop
      vertex 2.59999 8.6 9.85
      vertex 2.32731 1.79094 9.85
      vertex 2.36494 1.77136 9.85
    endloop
  endfacet
  facet normal 0 0 1
    outer loop
      vertex 2.59999 8.6 9.85
      vertex 2.28813 1.80717 9.85
      vertex 2.32731 1.79094 9.85
    endloop
  endfacet
  facet normal 0 0 1
    outer loop
      vertex 2.59999 8.6 9.85
      vertex 1.88347 1.97479 9.85
      vertex 2.28813 1.80717 9.85
    endloop
  endfacet
  facet normal 0 0 1
    outer loop
      vertex 2.59999 8.6 9.85
      vertex 1.84302 1.98754 9.85
      vertex 1.88347 1.97479 9.85
    endloop
  endfacet
  facet normal 0 0 1
    outer loop
      vertex 2.59999 8.6 9.85
      vertex 1.42529 2.11925 9.85
      vertex 1.84302 1.98754 9.85
    endloop
  endfacet
  facet normal 0 0 1
    outer loop
      vertex 2.59999 8.6 9.85
      vertex 0.997673 2.21405 9.85
      vertex 1.42529 2.11925 9.85
    endloop
  endfacet
  facet normal 0 0 1
    outer loop
      vertex 2.59999 8.6 9.85
      vertex 0.956262 2.22323 9.85
      vertex 0.997673 2.21405 9.85
    endloop
  endfacet
  facet normal 0 0 1
    outer loop
      vertex 2.59999 8.6 9.85
      vertex 0.914209 2.22877 9.85
      vertex 0.956262 2.22323 9.85
    endloop
  endfacet
  facet normal 0 0 1
    outer loop
      vertex 2.59999 8.6 9.85
      vertex 0.479957 2.28594 9.85
      vertex 0.914209 2.22877 9.85
    endloop
  endfacet
  facet normal 0 0 1
    outer loop
      vertex 2.59999 8.6 9.85
      vertex 0.437581 2.28779 9.85
      vertex 0.479957 2.28594 9.85
    endloop
  endfacet
  facet normal 0 0 1
    outer loop
      vertex 2.59999 8.6 9.85
      vertex 0 2.3069 9.85
      vertex 0.437581 2.28779 9.85
    endloop
  endfacet
  facet normal -0 0 1
    outer loop
      vertex -2.59999 8.6 9.85
      vertex 0 2.3069 9.85
      vertex 2.59999 8.6 9.85
    endloop
  endfacet
  facet normal 0 0 1
    outer loop
      vertex 0 2.3069 9.85
      vertex -2.59999 8.6 9.85
      vertex -0.437581 2.28779 9.85
    endloop
  endfacet
  facet normal 0 0 1
    outer loop
      vertex -0.437581 2.28779 9.85
      vertex -2.59999 8.6 9.85
      vertex -0.479957 2.28594 9.85
    endloop
  endfacet
  facet normal 0 0 1
    outer loop
      vertex -0.479957 2.28594 9.85
      vertex -2.59999 8.6 9.85
      vertex -0.914209 2.22877 9.85
    endloop
  endfacet
  facet normal 0 0 1
    outer loop
      vertex -0.914209 2.22877 9.85
      vertex -2.59999 8.6 9.85
      vertex -0.956262 2.22323 9.85
    endloop
  endfacet
  facet normal 0 0 1
    outer loop
      vertex -0.956262 2.22323 9.85
      vertex -2.59999 8.6 9.85
      vertex -0.997673 2.21405 9.85
    endloop
  endfacet
  facet normal 0 0 1
    outer loop
      vertex -0.997673 2.21405 9.85
      vertex -2.59999 8.6 9.85
      vertex -1.42529 2.11925 9.85
    endloop
  endfacet
  facet normal 0 0 1
    outer loop
      vertex -1.42529 2.11925 9.85
      vertex -2.59999 8.6 9.85
      vertex -1.84302 1.98754 9.85
    endloop
  endfacet
  facet normal 0 0 1
    outer loop
      vertex -1.84302 1.98754 9.85
      vertex -2.59999 8.6 9.85
      vertex -1.88347 1.97479 9.85
    endloop
  endfacet
  facet normal 0 0 1
    outer loop
      vertex -1.88347 1.97479 9.85
      vertex -2.59999 8.6 9.85
      vertex -2.28813 1.80717 9.85
    endloop
  endfacet
  facet normal 0 0 1
    outer loop
      vertex -2.28813 1.80717 9.85
      vertex -2.59999 8.6 9.85
      vertex -2.32731 1.79094 9.85
    endloop
  endfacet
  facet normal 0 0 1
    outer loop
      vertex -2.32731 1.79094 9.85
      vertex -2.59999 8.6 9.85
      vertex -2.36494 1.77136 9.85
    endloop
  endfacet
  facet normal 0 0 1
    outer loop
      vertex -2.36494 1.77136 9.85
      vertex -2.59999 8.6 9.85
      vertex -2.75345 1.56911 9.85
    endloop
  endfacet
  facet normal 0 0 1
    outer loop
      vertex 4.76911 -5.95345 9.85
      vertex 4.90799 -5.91697 9.85
      vertex 4.7887 -5.91582 9.85
    endloop
  endfacet
  facet normal 0 0 1
    outer loop
      vertex 4.9319 -5.73534 9.85
      vertex 4.7887 -5.91582 9.85
      vertex 4.90799 -5.91697 9.85
    endloop
  endfacet
  facet normal 0 0 1
    outer loop
      vertex 4.7887 -5.91582 9.85
      vertex 4.9319 -5.73534 9.85
      vertex 4.96844 -5.57055 9.85
    endloop
  endfacet
  facet normal 0 0 1
    outer loop
      vertex 2.59999 8.6 9.85
      vertex 14.8 13.1 9.85
      vertex 14.7764 13.6404 9.85
    endloop
  endfacet
  facet normal 0 0 1
    outer loop
      vertex 14.8 13.1 9.85
      vertex 8.97335 -5.38176 9.85
      vertex 14.8 -13.1 9.85
    endloop
  endfacet
  facet normal 0 0 1
    outer loop
      vertex 2.59999 8.6 9.85
      vertex 14.7764 13.6404 9.85
      vertex 14.7058 14.1766 9.85
    endloop
  endfacet
  facet normal -0 -0 1
    outer loop
      vertex 9.02844 -5.55648 9.85
      vertex 14.8 -13.1 9.85
      vertex 8.97335 -5.38176 9.85
    endloop
  endfacet
  facet normal 0 0 1
    outer loop
      vertex 2.59999 8.6 9.85
      vertex 14.7058 14.1766 9.85
      vertex 14.5887 14.7047 9.85
    endloop
  endfacet
  facet normal -0 -0 1
    outer loop
      vertex 9.09201 -5.91697 9.85
      vertex 14.8 -13.1 9.85
      vertex 9.0681 -5.73534 9.85
    endloop
  endfacet
  facet normal 0 0 1
    outer loop
      vertex 2.59999 8.6 9.85
      vertex 14.5887 14.7047 9.85
      vertex 14.4261 15.2205 9.85
    endloop
  endfacet
  facet normal -0 -0 1
    outer loop
      vertex 9.1 -6.1 9.85
      vertex 14.8 -13.1 9.85
      vertex 9.09201 -5.91697 9.85
    endloop
  endfacet
  facet normal 0 0 1
    outer loop
      vertex 2.59999 8.6 9.85
      vertex 14.4261 15.2205 9.85
      vertex 14.2191 15.7202 9.85
    endloop
  endfacet
  facet normal -0 0 1
    outer loop
      vertex 9.09201 -6.28303 9.85
      vertex 14.8 -13.1 9.85
      vertex 9.1 -6.1 9.85
    endloop
  endfacet
  facet normal 0 0 1
    outer loop
      vertex 2.59999 8.6 9.85
      vertex 14.2191 15.7202 9.85
      vertex 13.9693 16.2 9.85
    endloop
  endfacet
  facet normal -0 0 1
    outer loop
      vertex 9.0681 -6.46466 9.85
      vertex 14.8 -13.1 9.85
      vertex 9.09201 -6.28303 9.85
    endloop
  endfacet
  facet normal 0 0 1
    outer loop
      vertex 2.59999 8.6 9.85
      vertex 13.9693 16.2 9.85
      vertex 13.6787 16.6562 9.85
    endloop
  endfacet
  facet normal -0 0 1
    outer loop
      vertex 8.97335 -6.81824 9.85
      vertex 14.8 -13.1 9.85
      vertex 9.02844 -6.64352 9.85
    endloop
  endfacet
  facet normal 0 0 1
    outer loop
      vertex 2.59999 8.6 9.85
      vertex 13.6787 16.6562 9.85
      vertex 13.3495 17.0853 9.85
    endloop
  endfacet
  facet normal -0 0 1
    outer loop
      vertex 8.90325 -6.9875 9.85
      vertex 14.8 -13.1 9.85
      vertex 8.97335 -6.81824 9.85
    endloop
  endfacet
  facet normal 0 0 1
    outer loop
      vertex 2.59999 8.6 9.85
      vertex 13.3495 17.0853 9.85
      vertex 12.9841 17.4841 9.85
    endloop
  endfacet
  facet normal -0 0 1
    outer loop
      vertex 8.81865 -7.15 9.85
      vertex 14.8 -13.1 9.85
      vertex 8.90325 -6.9875 9.85
    endloop
  endfacet
  facet normal 0 0 1
    outer loop
      vertex 2.59999 8.6 9.85
      vertex 12.9841 17.4841 9.85
      vertex 12.5853 17.8495 9.85
    endloop
  endfacet
  facet normal -0 0 1
    outer loop
      vertex 8.72022 -7.30451 9.85
      vertex 14.8 -13.1 9.85
      vertex 8.81865 -7.15 9.85
    endloop
  endfacet
  facet normal 0 0 1
    outer loop
      vertex 2.59999 8.6 9.85
      vertex 12.5853 17.8495 9.85
      vertex 12.1562 18.1787 9.85
    endloop
  endfacet
  facet normal -0 0 1
    outer loop
      vertex 8.60869 -7.44985 9.85
      vertex 14.8 -13.1 9.85
      vertex 8.72022 -7.30451 9.85
    endloop
  endfacet
  facet normal 0 0 1
    outer loop
      vertex 2.59999 8.6 9.85
      vertex 12.1562 18.1787 9.85
      vertex 11.7 18.4693 9.85
    endloop
  endfacet
  facet normal -0 0 1
    outer loop
      vertex 8.34985 -7.70869 9.85
      vertex 14.8 -13.1 9.85
      vertex 8.48492 -7.58492 9.85
    endloop
  endfacet
  facet normal 0 0 1
    outer loop
      vertex 2.59999 8.6 9.85
      vertex 11.7 18.4693 9.85
      vertex 11.2202 18.7191 9.85
    endloop
  endfacet
  facet normal -0 0 1
    outer loop
      vertex 8.20451 -7.82022 9.85
      vertex 14.8 -13.1 9.85
      vertex 8.34985 -7.70869 9.85
    endloop
  endfacet
  facet normal 0 0 1
    outer loop
      vertex 2.59999 8.6 9.85
      vertex 11.2202 18.7191 9.85
      vertex 10.7205 18.9261 9.85
    endloop
  endfacet
  facet normal -0 0 1
    outer loop
      vertex 8.05 -7.91865 9.85
      vertex 14.8 -13.1 9.85
      vertex 8.20451 -7.82022 9.85
    endloop
  endfacet
  facet normal 0 0 1
    outer loop
      vertex 2.59999 8.6 9.85
      vertex 10.7205 18.9261 9.85
      vertex 10.2047 19.0887 9.85
    endloop
  endfacet
  facet normal -0 0 1
    outer loop
      vertex 7.8875 -8.00325 9.85
      vertex 14.8 -13.1 9.85
      vertex 8.05 -7.91865 9.85
    endloop
  endfacet
  facet normal 0 0 1
    outer loop
      vertex 2.59999 8.6 9.85
      vertex 10.2047 19.0887 9.85
      vertex 9.67661 19.2058 9.85
    endloop
  endfacet
  facet normal 0 0 1
    outer loop
      vertex 14.8 -13.1 9.85
      vertex 7.71824 -8.07335 9.85
      vertex 14.7764 -13.6404 9.85
    endloop
  endfacet
  facet normal 0 0 1
    outer loop
      vertex 2.59999 8.6 9.85
      vertex 9.67661 19.2058 9.85
      vertex 9.14035 19.2764 9.85
    endloop
  endfacet
  facet normal 0 0 1
    outer loop
      vertex 14.7764 -13.6404 9.85
      vertex 7.71824 -8.07335 9.85
      vertex 14.7058 -14.1766 9.85
    endloop
  endfacet
  facet normal 0 0 1
    outer loop
      vertex 14.7058 -14.1766 9.85
      vertex 7.71824 -8.07335 9.85
      vertex 14.5887 -14.7047 9.85
    endloop
  endfacet
  facet normal -0 0 1
    outer loop
      vertex 7.71824 -8.07335 9.85
      vertex 14.8 -13.1 9.85
      vertex 7.8875 -8.00325 9.85
    endloop
  endfacet
  facet normal -0 0 1
    outer loop
      vertex 8.48492 -7.58492 9.85
      vertex 14.8 -13.1 9.85
      vertex 8.60869 -7.44985 9.85
    endloop
  endfacet
  facet normal -0 0 1
    outer loop
      vertex 9.02844 -6.64352 9.85
      vertex 14.8 -13.1 9.85
      vertex 9.0681 -6.46466 9.85
    endloop
  endfacet
  facet normal -0 -0 1
    outer loop
      vertex 9.0681 -5.73534 9.85
      vertex 14.8 -13.1 9.85
      vertex 9.02844 -5.55648 9.85
    endloop
  endfacet
  facet normal 0 0 1
    outer loop
      vertex 14.8 13.1 9.85
      vertex 8.90325 -5.2125 9.85
      vertex 8.97335 -5.38176 9.85
    endloop
  endfacet
  facet normal 0 0 1
    outer loop
      vertex 14.8 13.1 9.85
      vertex 8.81865 -5.05 9.85
      vertex 8.90325 -5.2125 9.85
    endloop
  endfacet
  facet normal 0 0 1
    outer loop
      vertex 14.8 13.1 9.85
      vertex 8.72022 -4.89549 9.85
      vertex 8.81865 -5.05 9.85
    endloop
  endfacet
  facet normal 0 0 1
    outer loop
      vertex 14.8 13.1 9.85
      vertex 8.60869 -4.75015 9.85
      vertex 8.72022 -4.89549 9.85
    endloop
  endfacet
  facet normal 0 0 1
    outer loop
      vertex 2.59999 8.6 9.85
      vertex 9.14035 19.2764 9.85
      vertex 8.59999 19.3 9.85
    endloop
  endfacet
  facet normal 0 0 1
    outer loop
      vertex 14.8 13.1 9.85
      vertex 8.48492 -4.61508 9.85
      vertex 8.60869 -4.75015 9.85
    endloop
  endfacet
  facet normal 0 0 1
    outer loop
      vertex 14.8 13.1 9.85
      vertex 8.34985 -4.49131 9.85
      vertex 8.48492 -4.61508 9.85
    endloop
  endfacet
  facet normal 0 -0 1
    outer loop
      vertex 4.97136 -0.835061 9.85
      vertex 14.8 13.1 9.85
      vertex 4.76911 -0.446551 9.85
    endloop
  endfacet
  facet normal 0 0 1
    outer loop
      vertex 14.8 13.1 9.85
      vertex 8.20451 -4.37978 9.85
      vertex 8.34985 -4.49131 9.85
    endloop
  endfacet
  facet normal 0 0 1
    outer loop
      vertex 14.8 13.1 9.85
      vertex 4.97136 -0.835061 9.85
      vertex 8.20451 -4.37978 9.85
    endloop
  endfacet
  facet normal -0 -0 1
    outer loop
      vertex 4.99094 -0.872684 9.85
      vertex 8.20451 -4.37978 9.85
      vertex 4.97136 -0.835061 9.85
    endloop
  endfacet
  facet normal 0 0 1
    outer loop
      vertex 8.20451 -4.37978 9.85
      vertex 4.99094 -0.872684 9.85
      vertex 8.05 -4.28135 9.85
    endloop
  endfacet
  facet normal 0 0 1
    outer loop
      vertex 8.05 -4.28135 9.85
      vertex 4.99094 -0.872684 9.85
      vertex 7.8875 -4.19675 9.85
    endloop
  endfacet
  facet normal -0 -0 1
    outer loop
      vertex 5.15856 -1.27734 9.85
      vertex 7.8875 -4.19675 9.85
      vertex 4.99094 -0.872684 9.85
    endloop
  endfacet
  facet normal 0 0 1
    outer loop
      vertex 7.8875 -4.19675 9.85
      vertex 5.17479 -1.31653 9.85
      vertex 7.71824 -4.12665 9.85
    endloop
  endfacet
  facet normal -0 -0 1
    outer loop
      vertex 5.31925 -1.77471 9.85
      vertex 7.71824 -4.12665 9.85
      vertex 5.18754 -1.35698 9.85
    endloop
  endfacet
  facet normal 0 0 1
    outer loop
      vertex 7.71824 -4.12665 9.85
      vertex 5.31925 -1.77471 9.85
      vertex 7.54352 -4.07156 9.85
    endloop
  endfacet
  facet normal 0 0 1
    outer loop
      vertex 7.54352 -4.07156 9.85
      vertex 5.32843 -1.81612 9.85
      vertex 7.36466 -4.0319 9.85
    endloop
  endfacet
  facet normal 0 0 1
    outer loop
      vertex 7.36466 -4.0319 9.85
      vertex 5.42323 -2.24374 9.85
      vertex 7.18303 -4.00799 9.85
    endloop
  endfacet
  facet normal 0 0 1
    outer loop
      vertex 7.18303 -4.00799 9.85
      vertex 5.42877 -2.28579 9.85
      vertex 7 -4 9.85
    endloop
  endfacet
  facet normal 0 0 1
    outer loop
      vertex 7 -4 9.85
      vertex 5.48594 -2.72004 9.85
      vertex 6.81697 -4.00799 9.85
    endloop
  endfacet
  facet normal -0 -0 1
    outer loop
      vertex 5.5069 -3.2 9.85
      vertex 6.63534 -4.0319 9.85
      vertex 5.48779 -2.76242 9.85
    endloop
  endfacet
  facet normal 0 0 1
    outer loop
      vertex 6.63534 -4.0319 9.85
      vertex 5.5069 -3.2 9.85
      vertex 6.45648 -4.07156 9.85
    endloop
  endfacet
  facet normal -0 0 1
    outer loop
      vertex 5.48594 -3.67996 9.85
      vertex 6.28176 -4.12665 9.85
      vertex 5.48779 -3.63758 9.85
    endloop
  endfacet
  facet normal -0 0 1
    outer loop
      vertex 5.42877 -4.11421 9.85
      vertex 5.95 -4.28135 9.85
      vertex 5.48594 -3.67996 9.85
    endloop
  endfacet
  facet normal 0 0 1
    outer loop
      vertex 6.1125 -4.19675 9.85
      vertex 5.48594 -3.67996 9.85
      vertex 5.95 -4.28135 9.85
    endloop
  endfacet
  facet normal 0 0 1
    outer loop
      vertex 6.28176 -4.12665 9.85
      vertex 5.48594 -3.67996 9.85
      vertex 6.1125 -4.19675 9.85
    endloop
  endfacet
  facet normal -0 0 1
    outer loop
      vertex 5.48779 -3.63758 9.85
      vertex 6.28176 -4.12665 9.85
      vertex 5.5069 -3.2 9.85
    endloop
  endfacet
  facet normal 0 0 1
    outer loop
      vertex 6.45648 -4.07156 9.85
      vertex 5.5069 -3.2 9.85
      vertex 6.28176 -4.12665 9.85
    endloop
  endfacet
  facet normal 0 0 1
    outer loop
      vertex 6.81697 -4.00799 9.85
      vertex 5.48779 -2.76242 9.85
      vertex 6.63534 -4.0319 9.85
    endloop
  endfacet
  facet normal -0 -0 1
    outer loop
      vertex 5.48779 -2.76242 9.85
      vertex 6.81697 -4.00799 9.85
      vertex 5.48594 -2.72004 9.85
    endloop
  endfacet
  facet normal -0 -0 1
    outer loop
      vertex 5.48594 -2.72004 9.85
      vertex 7 -4 9.85
      vertex 5.42877 -2.28579 9.85
    endloop
  endfacet
  facet normal -0 -0 1
    outer loop
      vertex 5.42877 -2.28579 9.85
      vertex 7.18303 -4.00799 9.85
      vertex 5.42323 -2.24374 9.85
    endloop
  endfacet
  facet normal -0 -0 1
    outer loop
      vertex 5.42323 -2.24374 9.85
      vertex 7.36466 -4.0319 9.85
      vertex 5.32843 -1.81612 9.85
    endloop
  endfacet
  facet normal -0 -0 1
    outer loop
      vertex 5.32843 -1.81612 9.85
      vertex 7.54352 -4.07156 9.85
      vertex 5.31925 -1.77471 9.85
    endloop
  endfacet
  facet normal -0 -0 1
    outer loop
      vertex 5.18754 -1.35698 9.85
      vertex 7.71824 -4.12665 9.85
      vertex 5.17479 -1.31653 9.85
    endloop
  endfacet
  facet normal -0 -0 1
    outer loop
      vertex 5.17479 -1.31653 9.85
      vertex 7.8875 -4.19675 9.85
      vertex 5.15856 -1.27734 9.85
    endloop
  endfacet
  facet normal 0 0 1
    outer loop
      vertex 14.8 13.1 9.85
      vertex 2.59999 8.6 9.85
      vertex 4.21853 0.339765 9.85
    endloop
  endfacet
  facet normal 0 0 1
    outer loop
      vertex 14.8 13.1 9.85
      vertex 4.53378 -0.0771473 9.85
      vertex 4.76911 -0.446551 9.85
    endloop
  endfacet
  facet normal 0 0 1
    outer loop
      vertex 14.8 13.1 9.85
      vertex 4.51098 -0.041374 9.85
      vertex 4.53378 -0.0771473 9.85
    endloop
  endfacet
  facet normal 0 0 1
    outer loop
      vertex 14.8 13.1 9.85
      vertex 4.48516 -0.00772314 9.85
      vertex 4.51098 -0.041374 9.85
    endloop
  endfacet
  facet normal 0 0 1
    outer loop
      vertex 14.8 13.1 9.85
      vertex 4.21853 0.339765 9.85
      vertex 4.48516 -0.00772314 9.85
    endloop
  endfacet
  facet normal 0 0 1
    outer loop
      vertex 4.21853 0.339765 9.85
      vertex 2.59999 8.6 9.85
      vertex 3.92262 0.662691 9.85
    endloop
  endfacet
  facet normal 0 0 1
    outer loop
      vertex 3.92262 0.662691 9.85
      vertex 2.59999 8.6 9.85
      vertex 3.89396 0.693963 9.85
    endloop
  endfacet
  facet normal 0 0 1
    outer loop
      vertex 3.89396 0.693963 9.85
      vertex 2.59999 8.6 9.85
      vertex 3.57104 0.989872 9.85
    endloop
  endfacet
  facet normal 0 0 1
    outer loop
      vertex 3.57104 0.989872 9.85
      vertex 2.59999 8.6 9.85
      vertex 3.53976 1.01853 9.85
    endloop
  endfacet
  facet normal 0 0 1
    outer loop
      vertex 3.53976 1.01853 9.85
      vertex 2.59999 8.6 9.85
      vertex 3.19228 1.28516 9.85
    endloop
  endfacet
  facet normal 0 0 1
    outer loop
      vertex 3.19228 1.28516 9.85
      vertex 2.59999 8.6 9.85
      vertex 3.15863 1.31099 9.85
    endloop
  endfacet
  facet normal 0 0 1
    outer loop
      vertex 3.15863 1.31099 9.85
      vertex 2.59999 8.6 9.85
      vertex 3.12285 1.33378 9.85
    endloop
  endfacet
  facet normal 0 0 1
    outer loop
      vertex 3.12285 1.33378 9.85
      vertex 2.59999 8.6 9.85
      vertex 2.75345 1.56911 9.85
    endloop
  endfacet
  facet normal 0 0 1
    outer loop
      vertex 8.59999 19.3 9.85
      vertex 0 13.3 9.85
      vertex 2.59999 8.6 9.85
    endloop
  endfacet
  facet normal 0 0 1
    outer loop
      vertex -2.59999 8.6 9.85
      vertex -3.12285 1.33378 9.85
      vertex -2.75345 1.56911 9.85
    endloop
  endfacet
  facet normal 0 0 1
    outer loop
      vertex -2.59999 8.6 9.85
      vertex -3.15863 1.31099 9.85
      vertex -3.12285 1.33378 9.85
    endloop
  endfacet
  facet normal 0 0 1
    outer loop
      vertex -2.59999 8.6 9.85
      vertex -3.19228 1.28516 9.85
      vertex -3.15863 1.31099 9.85
    endloop
  endfacet
  facet normal 0 0 1
    outer loop
      vertex -2.59999 8.6 9.85
      vertex -3.53976 1.01853 9.85
      vertex -3.19228 1.28516 9.85
    endloop
  endfacet
  facet normal 0 0 1
    outer loop
      vertex -2.59999 8.6 9.85
      vertex -3.57104 0.989872 9.85
      vertex -3.53976 1.01853 9.85
    endloop
  endfacet
  facet normal 0 0 1
    outer loop
      vertex -2.59999 8.6 9.85
      vertex -3.89396 0.693963 9.85
      vertex -3.57104 0.989872 9.85
    endloop
  endfacet
  facet normal 0 0 1
    outer loop
      vertex -2.59999 8.6 9.85
      vertex -3.92262 0.662691 9.85
      vertex -3.89396 0.693963 9.85
    endloop
  endfacet
  facet normal 0 0 1
    outer loop
      vertex -2.59999 8.6 9.85
      vertex -4.21853 0.339765 9.85
      vertex -3.92262 0.662691 9.85
    endloop
  endfacet
  facet normal 0 0 1
    outer loop
      vertex -14.8 13.1 9.85
      vertex -4.21853 0.339765 9.85
      vertex -2.59999 8.6 9.85
    endloop
  endfacet
  facet normal 0 0 1
    outer loop
      vertex -4.21853 0.339765 9.85
      vertex -14.8 13.1 9.85
      vertex -4.48516 -0.00772314 9.85
    endloop
  endfacet
  facet normal 0 0 1
    outer loop
      vertex -4.48516 -0.00772314 9.85
      vertex -14.8 13.1 9.85
      vertex -4.51098 -0.041374 9.85
    endloop
  endfacet
  facet normal 0 0 1
    outer loop
      vertex -4.51098 -0.041374 9.85
      vertex -14.8 13.1 9.85
      vertex -4.53378 -0.0771473 9.85
    endloop
  endfacet
  facet normal 0 0 1
    outer loop
      vertex -4.53378 -0.0771473 9.85
      vertex -14.8 13.1 9.85
      vertex -4.76911 -0.446551 9.85
    endloop
  endfacet
  facet normal 0 0 1
    outer loop
      vertex -4.76911 -0.446551 9.85
      vertex -14.8 13.1 9.85
      vertex -4.97136 -0.835061 9.85
    endloop
  endfacet
  facet normal 0 0 1
    outer loop
      vertex -4.97136 -0.835061 9.85
      vertex -14.8 13.1 9.85
      vertex -4.99094 -0.872684 9.85
    endloop
  endfacet
  facet normal 0 0 1
    outer loop
      vertex -4.99094 -0.872684 9.85
      vertex -14.8 13.1 9.85
      vertex -5.15856 -1.27734 9.85
    endloop
  endfacet
  facet normal 0 0 1
    outer loop
      vertex -5.15856 -1.27734 9.85
      vertex -14.8 13.1 9.85
      vertex -5.17479 -1.31653 9.85
    endloop
  endfacet
  facet normal 0 0 1
    outer loop
      vertex -5.17479 -1.31653 9.85
      vertex -14.8 13.1 9.85
      vertex -5.18754 -1.35698 9.85
    endloop
  endfacet
  facet normal 0 0 1
    outer loop
      vertex -14.8 -13.1 9.85
      vertex -5.42877 -2.28579 9.85
      vertex -5.42323 -2.24374 9.85
    endloop
  endfacet
  facet normal 0 0 1
    outer loop
      vertex -5.42877 -2.28579 9.85
      vertex -14.8 -13.1 9.85
      vertex -5.48594 -2.72004 9.85
    endloop
  endfacet
  facet normal 0 0 1
    outer loop
      vertex -14.8 -13.1 9.85
      vertex -5.42323 -2.24374 9.85
      vertex -14.8 13.1 9.85
    endloop
  endfacet
  facet normal 0 0 1
    outer loop
      vertex -5.32843 -1.81612 9.85
      vertex -14.8 13.1 9.85
      vertex -5.42323 -2.24374 9.85
    endloop
  endfacet
  facet normal 0 0 1
    outer loop
      vertex -5.31925 -1.77471 9.85
      vertex -14.8 13.1 9.85
      vertex -5.32843 -1.81612 9.85
    endloop
  endfacet
  facet normal 0 0 1
    outer loop
      vertex -5.18754 -1.35698 9.85
      vertex -14.8 13.1 9.85
      vertex -5.31925 -1.77471 9.85
    endloop
  endfacet
  facet normal -0 0 1
    outer loop
      vertex -14.8 13.1 9.85
      vertex -2.59999 8.6 9.85
      vertex -8.59999 19.3 9.85
    endloop
  endfacet
  facet normal 0 0 1
    outer loop
      vertex 0 13.3 9.85
      vertex -8.59999 19.3 9.85
      vertex -2.59999 8.6 9.85
    endloop
  endfacet
  facet normal -0 0 1
    outer loop
      vertex -8.59999 19.3 9.85
      vertex 0 13.3 9.85
      vertex 8.59999 19.3 9.85
    endloop
  endfacet
  facet normal 0 0 1
    outer loop
      vertex 14.5887 -14.7047 9.85
      vertex 7.71824 -8.07335 9.85
      vertex 14.4261 -15.2205 9.85
    endloop
  endfacet
  facet normal 0 0 1
    outer loop
      vertex 14.4261 -15.2205 9.85
      vertex 7.71824 -8.07335 9.85
      vertex 14.2191 -15.7202 9.85
    endloop
  endfacet
  facet normal -0 0 1
    outer loop
      vertex 7.54352 -8.12844 9.85
      vertex 14.2191 -15.7202 9.85
      vertex 7.71824 -8.07335 9.85
    endloop
  endfacet
  facet normal 0 0 1
    outer loop
      vertex 14.2191 -15.7202 9.85
      vertex 7.54352 -8.12844 9.85
      vertex 13.9693 -16.2 9.85
    endloop
  endfacet
  facet normal 0 0 1
    outer loop
      vertex 13.9693 -16.2 9.85
      vertex 7.54352 -8.12844 9.85
      vertex 13.6787 -16.6562 9.85
    endloop
  endfacet
  facet normal 0 0 1
    outer loop
      vertex 13.6787 -16.6562 9.85
      vertex 7.54352 -8.12844 9.85
      vertex 13.3495 -17.0853 9.85
    endloop
  endfacet
  facet normal 0 0 1
    outer loop
      vertex 13.3495 -17.0853 9.85
      vertex 7.54352 -8.12844 9.85
      vertex 12.9841 -17.4841 9.85
    endloop
  endfacet
  facet normal 0 0 1
    outer loop
      vertex 12.9841 -17.4841 9.85
      vertex 7.54352 -8.12844 9.85
      vertex 12.5853 -17.8495 9.85
    endloop
  endfacet
  facet normal 0 0 1
    outer loop
      vertex 12.5853 -17.8495 9.85
      vertex 7.54352 -8.12844 9.85
      vertex 12.1562 -18.1787 9.85
    endloop
  endfacet
  facet normal 0 0 1
    outer loop
      vertex 12.1562 -18.1787 9.85
      vertex 7.54352 -8.12844 9.85
      vertex 11.7 -18.4693 9.85
    endloop
  endfacet
  facet normal 0 0 1
    outer loop
      vertex 11.7 -18.4693 9.85
      vertex 7.54352 -8.12844 9.85
      vertex 11.2202 -18.7191 9.85
    endloop
  endfacet
  facet normal 0 0 1
    outer loop
      vertex 11.2202 -18.7191 9.85
      vertex 7.54352 -8.12844 9.85
      vertex 10.7205 -18.9261 9.85
    endloop
  endfacet
  facet normal 0 0 1
    outer loop
      vertex 10.7205 -18.9261 9.85
      vertex 7.54352 -8.12844 9.85
      vertex 10.2047 -19.0887 9.85
    endloop
  endfacet
  facet normal 0 0 1
    outer loop
      vertex 10.2047 -19.0887 9.85
      vertex 7.54352 -8.12844 9.85
      vertex 9.67661 -19.2058 9.85
    endloop
  endfacet
  facet normal 0 0 1
    outer loop
      vertex 9.67661 -19.2058 9.85
      vertex 7.54352 -8.12844 9.85
      vertex 9.14035 -19.2764 9.85
    endloop
  endfacet
  facet normal 0 0 1
    outer loop
      vertex 9.14035 -19.2764 9.85
      vertex 7.54352 -8.12844 9.85
      vertex 8.59999 -19.3 9.85
    endloop
  endfacet
  facet normal -0 0 1
    outer loop
      vertex 7.36466 -8.1681 9.85
      vertex 8.59999 -19.3 9.85
      vertex 7.54352 -8.12844 9.85
    endloop
  endfacet
  facet normal -0 0 1
    outer loop
      vertex 7.18303 -8.19201 9.85
      vertex 8.59999 -19.3 9.85
      vertex 7.36466 -8.1681 9.85
    endloop
  endfacet
  facet normal -0 0 1
    outer loop
      vertex 7 -8.2 9.85
      vertex 8.59999 -19.3 9.85
      vertex 7.18303 -8.19201 9.85
    endloop
  endfacet
  facet normal 0 0 1
    outer loop
      vertex 6.81697 -8.19201 9.85
      vertex 8.59999 -19.3 9.85
      vertex 7 -8.2 9.85
    endloop
  endfacet
  facet normal 0 0 1
    outer loop
      vertex 6.63534 -8.1681 9.85
      vertex 8.59999 -19.3 9.85
      vertex 6.81697 -8.19201 9.85
    endloop
  endfacet
  facet normal 0 0 1
    outer loop
      vertex 6.45648 -8.12844 9.85
      vertex 8.59999 -19.3 9.85
      vertex 6.63534 -8.1681 9.85
    endloop
  endfacet
  facet normal 0 0 1
    outer loop
      vertex 1.92266 -8.35856 9.85
      vertex 6.45648 -8.12844 9.85
      vertex 6.28176 -8.07335 9.85
    endloop
  endfacet
  facet normal 0 0 1
    outer loop
      vertex 2.32731 -8.19094 9.85
      vertex 6.28176 -8.07335 9.85
      vertex 6.1125 -8.00325 9.85
    endloop
  endfacet
  facet normal -0 0 1
    outer loop
      vertex 2.75345 -7.96911 9.85
      vertex 6.1125 -8.00325 9.85
      vertex 5.95 -7.91865 9.85
    endloop
  endfacet
  facet normal 0 0 1
    outer loop
      vertex 2.78922 -7.94632 9.85
      vertex 5.95 -7.91865 9.85
      vertex 5.79549 -7.82022 9.85
    endloop
  endfacet
  facet normal -0 0 1
    outer loop
      vertex 3.15863 -7.71098 9.85
      vertex 5.79549 -7.82022 9.85
      vertex 5.65015 -7.70869 9.85
    endloop
  endfacet
  facet normal 0 0 1
    outer loop
      vertex 3.50611 -7.44435 9.85
      vertex 5.65015 -7.70869 9.85
      vertex 5.51508 -7.58492 9.85
    endloop
  endfacet
  facet normal 0 0 1
    outer loop
      vertex 3.53976 -7.41853 9.85
      vertex 5.51508 -7.58492 9.85
      vertex 5.39131 -7.44985 9.85
    endloop
  endfacet
  facet normal 0 0 1
    outer loop
      vertex 3.86269 -7.12262 9.85
      vertex 5.39131 -7.44985 9.85
      vertex 5.27978 -7.30451 9.85
    endloop
  endfacet
  facet normal 0 0 1
    outer loop
      vertex 3.89396 -7.09396 9.85
      vertex 5.27978 -7.30451 9.85
      vertex 5.18135 -7.15 9.85
    endloop
  endfacet
  facet normal -0 0 1
    outer loop
      vertex 3.92262 -7.06269 9.85
      vertex 5.18135 -7.15 9.85
      vertex 5.09675 -6.9875 9.85
    endloop
  endfacet
  facet normal 0 0 1
    outer loop
      vertex 4.21853 -6.73976 9.85
      vertex 5.09675 -6.9875 9.85
      vertex 5.02664 -6.81824 9.85
    endloop
  endfacet
  facet normal -0 0 1
    outer loop
      vertex 4.21853 -6.73976 9.85
      vertex 5.02664 -6.81824 9.85
      vertex 4.97156 -6.64352 9.85
    endloop
  endfacet
  facet normal 0 0 1
    outer loop
      vertex 4.90799 -5.91697 9.85
      vertex 4.76911 -5.95345 9.85
      vertex 4.9 -6.1 9.85
    endloop
  endfacet
  facet normal -0 0 1
    outer loop
      vertex 4.74632 -5.98922 9.85
      vertex 4.9 -6.1 9.85
      vertex 4.76911 -5.95345 9.85
    endloop
  endfacet
  facet normal 0 0 1
    outer loop
      vertex 4.9 -6.1 9.85
      vertex 4.74632 -5.98922 9.85
      vertex 4.90799 -6.28303 9.85
    endloop
  endfacet
  facet normal 0 0 1
    outer loop
      vertex 4.51098 -6.35863 9.85
      vertex 4.90799 -6.28303 9.85
      vertex 4.74632 -5.98922 9.85
    endloop
  endfacet
  facet normal 0 0 1
    outer loop
      vertex 4.90799 -6.28303 9.85
      vertex 4.51098 -6.35863 9.85
      vertex 4.9319 -6.46466 9.85
    endloop
  endfacet
  facet normal -0 0 1
    outer loop
      vertex 4.48516 -6.39228 9.85
      vertex 4.9319 -6.46466 9.85
      vertex 4.51098 -6.35863 9.85
    endloop
  endfacet
  facet normal 0 0 1
    outer loop
      vertex 4.9319 -6.46466 9.85
      vertex 4.48516 -6.39228 9.85
      vertex 4.97156 -6.64352 9.85
    endloop
  endfacet
  facet normal 0 0 1
    outer loop
      vertex 4.21853 -6.73976 9.85
      vertex 4.97156 -6.64352 9.85
      vertex 4.48516 -6.39228 9.85
    endloop
  endfacet
  facet normal 0 0 1
    outer loop
      vertex 5.09675 -6.9875 9.85
      vertex 4.21853 -6.73976 9.85
      vertex 3.92262 -7.06269 9.85
    endloop
  endfacet
  facet normal 0 0 1
    outer loop
      vertex 5.18135 -7.15 9.85
      vertex 3.92262 -7.06269 9.85
      vertex 3.89396 -7.09396 9.85
    endloop
  endfacet
  facet normal 0 0 1
    outer loop
      vertex 5.27978 -7.30451 9.85
      vertex 3.89396 -7.09396 9.85
      vertex 3.86269 -7.12262 9.85
    endloop
  endfacet
  facet normal 0 0 1
    outer loop
      vertex 5.39131 -7.44985 9.85
      vertex 3.86269 -7.12262 9.85
      vertex 3.53976 -7.41853 9.85
    endloop
  endfacet
  facet normal 0 0 1
    outer loop
      vertex 5.51508 -7.58492 9.85
      vertex 3.53976 -7.41853 9.85
      vertex 3.50611 -7.44435 9.85
    endloop
  endfacet
  facet normal 0 0 1
    outer loop
      vertex 5.65015 -7.70869 9.85
      vertex 3.50611 -7.44435 9.85
      vertex 3.15863 -7.71098 9.85
    endloop
  endfacet
  facet normal 0 0 1
    outer loop
      vertex 5.79549 -7.82022 9.85
      vertex 3.15863 -7.71098 9.85
      vertex 2.78922 -7.94632 9.85
    endloop
  endfacet
  facet normal 0 0 1
    outer loop
      vertex 5.95 -7.91865 9.85
      vertex 2.78922 -7.94632 9.85
      vertex 2.75345 -7.96911 9.85
    endloop
  endfacet
  facet normal 0 0 1
    outer loop
      vertex 6.1125 -8.00325 9.85
      vertex 2.75345 -7.96911 9.85
      vertex 2.36494 -8.17136 9.85
    endloop
  endfacet
  facet normal 0 0 1
    outer loop
      vertex 6.1125 -8.00325 9.85
      vertex 2.36494 -8.17136 9.85
      vertex 2.32731 -8.19094 9.85
    endloop
  endfacet
  facet normal 0 0 1
    outer loop
      vertex 6.28176 -8.07335 9.85
      vertex 2.32731 -8.19094 9.85
      vertex 1.92266 -8.35856 9.85
    endloop
  endfacet
  facet normal 0 0 1
    outer loop
      vertex 6.45648 -8.12844 9.85
      vertex 1.92266 -8.35856 9.85
      vertex 8.59999 -19.3 9.85
    endloop
  endfacet
  facet normal -0 0 1
    outer loop
      vertex 1.88347 -8.37479 9.85
      vertex 8.59999 -19.3 9.85
      vertex 1.92266 -8.35856 9.85
    endloop
  endfacet
  facet normal -0 0 1
    outer loop
      vertex 1.46574 -8.5065 9.85
      vertex 8.59999 -19.3 9.85
      vertex 1.88347 -8.37479 9.85
    endloop
  endfacet
  facet normal -0 0 1
    outer loop
      vertex 1.42529 -8.51925 9.85
      vertex 8.59999 -19.3 9.85
      vertex 1.46574 -8.5065 9.85
    endloop
  endfacet
  facet normal -0 0 1
    outer loop
      vertex 1.38388 -8.52843 9.85
      vertex 8.59999 -19.3 9.85
      vertex 1.42529 -8.51925 9.85
    endloop
  endfacet
  facet normal -0 0 1
    outer loop
      vertex 0.956262 -8.62323 9.85
      vertex 8.59999 -19.3 9.85
      vertex 1.38388 -8.52843 9.85
    endloop
  endfacet
  facet normal -0 0 1
    outer loop
      vertex 0.914209 -8.62877 9.85
      vertex 8.59999 -19.3 9.85
      vertex 0.956262 -8.62323 9.85
    endloop
  endfacet
  facet normal -0 0 1
    outer loop
      vertex 0.479957 -8.68594 9.85
      vertex 8.59999 -19.3 9.85
      vertex 0.914209 -8.62877 9.85
    endloop
  endfacet
  facet normal -0 0 1
    outer loop
      vertex 0.437581 -8.68779 9.85
      vertex 8.59999 -19.3 9.85
      vertex 0.479957 -8.68594 9.85
    endloop
  endfacet
  facet normal -0 0 1
    outer loop
      vertex 0 -8.7069 9.85
      vertex 8.59999 -19.3 9.85
      vertex 0.437581 -8.68779 9.85
    endloop
  endfacet
  facet normal 0 0 1
    outer loop
      vertex -8.59999 -19.3 9.85
      vertex 0 -8.7069 9.85
      vertex -0.437581 -8.68779 9.85
    endloop
  endfacet
  facet normal 0 0 1
    outer loop
      vertex -8.59999 -19.3 9.85
      vertex -0.437581 -8.68779 9.85
      vertex -0.479957 -8.68594 9.85
    endloop
  endfacet
  facet normal 0 0 1
    outer loop
      vertex -8.59999 -19.3 9.85
      vertex -0.479957 -8.68594 9.85
      vertex -0.914209 -8.62877 9.85
    endloop
  endfacet
  facet normal 0 0 1
    outer loop
      vertex -8.59999 -19.3 9.85
      vertex -0.914209 -8.62877 9.85
      vertex -0.956262 -8.62323 9.85
    endloop
  endfacet
  facet normal 0 0 1
    outer loop
      vertex -8.59999 -19.3 9.85
      vertex -0.956262 -8.62323 9.85
      vertex -1.38388 -8.52843 9.85
    endloop
  endfacet
  facet normal 0 0 1
    outer loop
      vertex -8.59999 -19.3 9.85
      vertex -1.38388 -8.52843 9.85
      vertex -1.42529 -8.51925 9.85
    endloop
  endfacet
  facet normal 0 0 1
    outer loop
      vertex -8.59999 -19.3 9.85
      vertex -1.42529 -8.51925 9.85
      vertex -1.46574 -8.5065 9.85
    endloop
  endfacet
  facet normal 0 0 1
    outer loop
      vertex -8.59999 -19.3 9.85
      vertex -1.46574 -8.5065 9.85
      vertex -1.88347 -8.37479 9.85
    endloop
  endfacet
  facet normal 0 0 1
    outer loop
      vertex -8.59999 -19.3 9.85
      vertex -1.88347 -8.37479 9.85
      vertex -1.92266 -8.35856 9.85
    endloop
  endfacet
  facet normal 0 0 1
    outer loop
      vertex -8.59999 -19.3 9.85
      vertex -1.92266 -8.35856 9.85
      vertex -2.32731 -8.19094 9.85
    endloop
  endfacet
  facet normal 0 0 1
    outer loop
      vertex -8.59999 -19.3 9.85
      vertex -2.32731 -8.19094 9.85
      vertex -2.36494 -8.17136 9.85
    endloop
  endfacet
  facet normal 0 0 1
    outer loop
      vertex -8.59999 -19.3 9.85
      vertex -2.36494 -8.17136 9.85
      vertex -2.75345 -7.96911 9.85
    endloop
  endfacet
  facet normal 0 0 1
    outer loop
      vertex -8.59999 -19.3 9.85
      vertex -2.75345 -7.96911 9.85
      vertex -2.78922 -7.94632 9.85
    endloop
  endfacet
  facet normal 0 0 1
    outer loop
      vertex -8.59999 -19.3 9.85
      vertex -2.78922 -7.94632 9.85
      vertex -3.15863 -7.71098 9.85
    endloop
  endfacet
  facet normal 0 0 1
    outer loop
      vertex -8.59999 -19.3 9.85
      vertex -3.15863 -7.71098 9.85
      vertex -3.50611 -7.44435 9.85
    endloop
  endfacet
  facet normal 0 0 1
    outer loop
      vertex -8.59999 -19.3 9.85
      vertex -3.50611 -7.44435 9.85
      vertex -3.53976 -7.41853 9.85
    endloop
  endfacet
  facet normal 0 0 1
    outer loop
      vertex -14.8 -13.1 9.85
      vertex -3.53976 -7.41853 9.85
      vertex -3.86269 -7.12262 9.85
    endloop
  endfacet
  facet normal 0 0 1
    outer loop
      vertex -14.8 -13.1 9.85
      vertex -3.86269 -7.12262 9.85
      vertex -3.89396 -7.09396 9.85
    endloop
  endfacet
  facet normal 0 0 1
    outer loop
      vertex -14.8 -13.1 9.85
      vertex -4.48516 -6.39228 9.85
      vertex -4.51098 -6.35863 9.85
    endloop
  endfacet
  facet normal 0 0 1
    outer loop
      vertex -14.8 -13.1 9.85
      vertex -5.42877 -4.11421 9.85
      vertex -5.48594 -3.67996 9.85
    endloop
  endfacet
  facet normal 0 0 1
    outer loop
      vertex -5.48594 -2.72004 9.85
      vertex -14.8 -13.1 9.85
      vertex -5.48779 -2.76242 9.85
    endloop
  endfacet
  facet normal 0 0 1
    outer loop
      vertex -5.48779 -2.76242 9.85
      vertex -14.8 -13.1 9.85
      vertex -5.5069 -3.2 9.85
    endloop
  endfacet
  facet normal 0 0 1
    outer loop
      vertex -5.5069 -3.2 9.85
      vertex -14.8 -13.1 9.85
      vertex -5.48779 -3.63758 9.85
    endloop
  endfacet
  facet normal 0 0 1
    outer loop
      vertex 0 -8.7069 9.85
      vertex -8.59999 -19.3 9.85
      vertex 8.59999 -19.3 9.85
    endloop
  endfacet
  facet normal 0 0 1
    outer loop
      vertex -14.8 -13.1 9.85
      vertex -3.89396 -7.09396 9.85
      vertex -3.92262 -7.06269 9.85
    endloop
  endfacet
  facet normal 0 0 1
    outer loop
      vertex -14.8 -13.1 9.85
      vertex -3.92262 -7.06269 9.85
      vertex -4.21853 -6.73976 9.85
    endloop
  endfacet
  facet normal 0 0 1
    outer loop
      vertex -4.48516 -6.39228 9.85
      vertex -14.8 -13.1 9.85
      vertex -4.21853 -6.73976 9.85
    endloop
  endfacet
  facet normal 0 0 1
    outer loop
      vertex -14.8 -13.1 9.85
      vertex -4.51098 -6.35863 9.85
      vertex -4.74632 -5.98922 9.85
    endloop
  endfacet
  facet normal 0 0 1
    outer loop
      vertex -14.8 -13.1 9.85
      vertex -4.74632 -5.98922 9.85
      vertex -4.76911 -5.95345 9.85
    endloop
  endfacet
  facet normal 0 0 1
    outer loop
      vertex -14.8 -13.1 9.85
      vertex -4.76911 -5.95345 9.85
      vertex -4.7887 -5.91582 9.85
    endloop
  endfacet
  facet normal 0 0 1
    outer loop
      vertex -14.8 -13.1 9.85
      vertex -4.7887 -5.91582 9.85
      vertex -4.99094 -5.52731 9.85
    endloop
  endfacet
  facet normal 0 0 1
    outer loop
      vertex -14.8 -13.1 9.85
      vertex -4.99094 -5.52731 9.85
      vertex -5.15856 -5.12266 9.85
    endloop
  endfacet
  facet normal 0 0 1
    outer loop
      vertex -14.8 -13.1 9.85
      vertex -5.15856 -5.12266 9.85
      vertex -5.17479 -5.08347 9.85
    endloop
  endfacet
  facet normal 0 0 1
    outer loop
      vertex -14.8 -13.1 9.85
      vertex -5.17479 -5.08347 9.85
      vertex -5.18754 -5.04302 9.85
    endloop
  endfacet
  facet normal 0 0 1
    outer loop
      vertex -14.8 -13.1 9.85
      vertex -5.18754 -5.04302 9.85
      vertex -5.31925 -4.62529 9.85
    endloop
  endfacet
  facet normal 0 0 1
    outer loop
      vertex -14.8 -13.1 9.85
      vertex -5.31925 -4.62529 9.85
      vertex -5.32843 -4.58388 9.85
    endloop
  endfacet
  facet normal 0 0 1
    outer loop
      vertex -14.8 -13.1 9.85
      vertex -5.32843 -4.58388 9.85
      vertex -5.42323 -4.15626 9.85
    endloop
  endfacet
  facet normal 0 0 1
    outer loop
      vertex -5.48779 -3.63758 9.85
      vertex -14.8 -13.1 9.85
      vertex -5.48594 -3.67996 9.85
    endloop
  endfacet
  facet normal 0 0 1
    outer loop
      vertex -14.8 13.1 9.85
      vertex -8.59999 19.3 9.85
      vertex -9.14035 19.2764 9.85
    endloop
  endfacet
  facet normal 0 0 1
    outer loop
      vertex -5.42877 -4.11421 9.85
      vertex -14.8 -13.1 9.85
      vertex -5.42323 -4.15626 9.85
    endloop
  endfacet
  facet normal 0 0 1
    outer loop
      vertex -14.8 13.1 9.85
      vertex -9.14035 19.2764 9.85
      vertex -9.67661 19.2058 9.85
    endloop
  endfacet
  facet normal 0 0 1
    outer loop
      vertex -3.53976 -7.41853 9.85
      vertex -14.8 -13.1 9.85
      vertex -8.59999 -19.3 9.85
    endloop
  endfacet
  facet normal 0 0 1
    outer loop
      vertex -14.8 13.1 9.85
      vertex -9.67661 19.2058 9.85
      vertex -10.2047 19.0887 9.85
    endloop
  endfacet
  facet normal 0 0 1
    outer loop
      vertex -8.59999 -19.3 9.85
      vertex -14.8 -13.1 9.85
      vertex -9.14035 -19.2764 9.85
    endloop
  endfacet
  facet normal 0 0 1
    outer loop
      vertex -14.8 13.1 9.85
      vertex -10.2047 19.0887 9.85
      vertex -10.7205 18.9261 9.85
    endloop
  endfacet
  facet normal 0 0 1
    outer loop
      vertex -9.14035 -19.2764 9.85
      vertex -14.8 -13.1 9.85
      vertex -9.67661 -19.2058 9.85
    endloop
  endfacet
  facet normal 0 0 1
    outer loop
      vertex -14.8 13.1 9.85
      vertex -10.7205 18.9261 9.85
      vertex -11.2202 18.7191 9.85
    endloop
  endfacet
  facet normal 0 0 1
    outer loop
      vertex -9.67661 -19.2058 9.85
      vertex -14.8 -13.1 9.85
      vertex -10.2047 -19.0887 9.85
    endloop
  endfacet
  facet normal 0 0 1
    outer loop
      vertex -14.8 13.1 9.85
      vertex -11.2202 18.7191 9.85
      vertex -11.7 18.4693 9.85
    endloop
  endfacet
  facet normal 0 0 1
    outer loop
      vertex -10.2047 -19.0887 9.85
      vertex -14.8 -13.1 9.85
      vertex -10.7205 -18.9261 9.85
    endloop
  endfacet
  facet normal 0 0 1
    outer loop
      vertex -14.8 13.1 9.85
      vertex -11.7 18.4693 9.85
      vertex -12.1562 18.1787 9.85
    endloop
  endfacet
  facet normal 0 0 1
    outer loop
      vertex -10.7205 -18.9261 9.85
      vertex -14.8 -13.1 9.85
      vertex -11.2202 -18.7191 9.85
    endloop
  endfacet
  facet normal 0 0 1
    outer loop
      vertex -14.8 13.1 9.85
      vertex -12.1562 18.1787 9.85
      vertex -12.5853 17.8495 9.85
    endloop
  endfacet
  facet normal 0 0 1
    outer loop
      vertex -11.2202 -18.7191 9.85
      vertex -14.8 -13.1 9.85
      vertex -11.7 -18.4693 9.85
    endloop
  endfacet
  facet normal 0 0 1
    outer loop
      vertex -14.8 13.1 9.85
      vertex -12.5853 17.8495 9.85
      vertex -12.9841 17.4841 9.85
    endloop
  endfacet
  facet normal 0 0 1
    outer loop
      vertex -11.7 -18.4693 9.85
      vertex -14.8 -13.1 9.85
      vertex -12.1562 -18.1787 9.85
    endloop
  endfacet
  facet normal 0 0 1
    outer loop
      vertex -14.8 13.1 9.85
      vertex -12.9841 17.4841 9.85
      vertex -13.3495 17.0853 9.85
    endloop
  endfacet
  facet normal 0 0 1
    outer loop
      vertex -12.1562 -18.1787 9.85
      vertex -14.8 -13.1 9.85
      vertex -12.5853 -17.8495 9.85
    endloop
  endfacet
  facet normal 0 0 1
    outer loop
      vertex -14.8 13.1 9.85
      vertex -13.3495 17.0853 9.85
      vertex -13.6787 16.6562 9.85
    endloop
  endfacet
  facet normal 0 0 1
    outer loop
      vertex -12.5853 -17.8495 9.85
      vertex -14.8 -13.1 9.85
      vertex -12.9841 -17.4841 9.85
    endloop
  endfacet
  facet normal 0 0 1
    outer loop
      vertex -14.8 13.1 9.85
      vertex -13.6787 16.6562 9.85
      vertex -13.9693 16.2 9.85
    endloop
  endfacet
  facet normal 0 0 1
    outer loop
      vertex -12.9841 -17.4841 9.85
      vertex -14.8 -13.1 9.85
      vertex -13.3495 -17.0853 9.85
    endloop
  endfacet
  facet normal 0 0 1
    outer loop
      vertex -14.8 13.1 9.85
      vertex -13.9693 16.2 9.85
      vertex -14.2191 15.7202 9.85
    endloop
  endfacet
  facet normal 0 0 1
    outer loop
      vertex -13.3495 -17.0853 9.85
      vertex -14.8 -13.1 9.85
      vertex -13.6787 -16.6562 9.85
    endloop
  endfacet
  facet normal 0 0 1
    outer loop
      vertex -14.8 13.1 9.85
      vertex -14.2191 15.7202 9.85
      vertex -14.4261 15.2205 9.85
    endloop
  endfacet
  facet normal 0 0 1
    outer loop
      vertex -13.6787 -16.6562 9.85
      vertex -14.8 -13.1 9.85
      vertex -13.9693 -16.2 9.85
    endloop
  endfacet
  facet normal 0 0 1
    outer loop
      vertex -14.8 13.1 9.85
      vertex -14.4261 15.2205 9.85
      vertex -14.5887 14.7047 9.85
    endloop
  endfacet
  facet normal 0 0 1
    outer loop
      vertex -13.9693 -16.2 9.85
      vertex -14.8 -13.1 9.85
      vertex -14.2191 -15.7202 9.85
    endloop
  endfacet
  facet normal 0 0 1
    outer loop
      vertex -14.8 13.1 9.85
      vertex -14.5887 14.7047 9.85
      vertex -14.7058 14.1766 9.85
    endloop
  endfacet
  facet normal 0 0 1
    outer loop
      vertex -14.2191 -15.7202 9.85
      vertex -14.8 -13.1 9.85
      vertex -14.4261 -15.2205 9.85
    endloop
  endfacet
  facet normal 0 0 1
    outer loop
      vertex -14.8 13.1 9.85
      vertex -14.7058 14.1766 9.85
      vertex -14.7764 13.6404 9.85
    endloop
  endfacet
  facet normal 0 0 1
    outer loop
      vertex -14.4261 -15.2205 9.85
      vertex -14.8 -13.1 9.85
      vertex -14.5887 -14.7047 9.85
    endloop
  endfacet
  facet normal 0 0 1
    outer loop
      vertex -14.5887 -14.7047 9.85
      vertex -14.8 -13.1 9.85
      vertex -14.7058 -14.1766 9.85
    endloop
  endfacet
  facet normal 0 0 1
    outer loop
      vertex -14.7058 -14.1766 9.85
      vertex -14.8 -13.1 9.85
      vertex -14.7764 -13.6404 9.85
    endloop
  endfacet
  facet normal 0 0 1
    outer loop
      vertex 5.95 -4.28135 9.85
      vertex 5.42877 -4.11421 9.85
      vertex 5.79549 -4.37978 9.85
    endloop
  endfacet
  facet normal -0 0 1
    outer loop
      vertex 5.42323 -4.15626 9.85
      vertex 5.79549 -4.37978 9.85
      vertex 5.42877 -4.11421 9.85
    endloop
  endfacet
  facet normal 0 0 1
    outer loop
      vertex 5.79549 -4.37978 9.85
      vertex 5.42323 -4.15626 9.85
      vertex 5.65015 -4.49131 9.85
    endloop
  endfacet
  facet normal 0 0 1
    outer loop
      vertex 5.32843 -4.58388 9.85
      vertex 5.65015 -4.49131 9.85
      vertex 5.42323 -4.15626 9.85
    endloop
  endfacet
  facet normal 0 0 1
    outer loop
      vertex 5.65015 -4.49131 9.85
      vertex 5.32843 -4.58388 9.85
      vertex 5.51508 -4.61508 9.85
    endloop
  endfacet
  facet normal 0 0 1
    outer loop
      vertex 5.31925 -4.62529 9.85
      vertex 5.51508 -4.61508 9.85
      vertex 5.32843 -4.58388 9.85
    endloop
  endfacet
  facet normal 0 0 1
    outer loop
      vertex 5.51508 -4.61508 9.85
      vertex 5.31925 -4.62529 9.85
      vertex 5.39131 -4.75015 9.85
    endloop
  endfacet
  facet normal 0 0 1
    outer loop
      vertex 5.31925 -4.62529 9.85
      vertex 5.27978 -4.89549 9.85
      vertex 5.39131 -4.75015 9.85
    endloop
  endfacet
  facet normal 0 -0 1
    outer loop
      vertex 5.27978 -4.89549 9.85
      vertex 5.31925 -4.62529 9.85
      vertex 5.18926 -5.03758 9.85
    endloop
  endfacet
  facet normal 0.976287 -0.21648 0
    outer loop
      vertex 14.5887 -14.7047 9.85
      vertex 14.7058 -14.1766 0
      vertex 14.7058 -14.1766 9.85
    endloop
  endfacet
  facet normal 0.976287 -0.21648 0
    outer loop
      vertex 14.7058 -14.1766 0
      vertex 14.5887 -14.7047 9.85
      vertex 14.5887 -14.7047 0
    endloop
  endfacet
  facet normal 0.537258 0.843418 -0
    outer loop
      vertex 12.1562 18.1787 0
      vertex 11.7 18.4693 9.85
      vertex 12.1562 18.1787 9.85
    endloop
  endfacet
  facet normal 0.537258 0.843418 0
    outer loop
      vertex 11.7 18.4693 9.85
      vertex 12.1562 18.1787 0
      vertex 11.7 18.4693 0
    endloop
  endfacet
  facet normal -0.0435367 0.999052 0
    outer loop
      vertex 8.875 -18.3293 0
      vertex 8.39999 -18.35 2.82
      vertex 8.875 -18.3293 2.82
    endloop
  endfacet
  facet normal -0.0435367 0.999052 0
    outer loop
      vertex 8.39999 -18.35 2.82
      vertex 8.875 -18.3293 0
      vertex 8.39999 -18.35 0
    endloop
  endfacet
  facet normal 0 1 -0
    outer loop
      vertex 8.39999 -18.35 0
      vertex -8.39999 -18.35 2.82
      vertex 8.39999 -18.35 2.82
    endloop
  endfacet
  facet normal 0 1 0
    outer loop
      vertex -8.39999 -18.35 2.82
      vertex 8.39999 -18.35 0
      vertex -8.39999 -18.35 0
    endloop
  endfacet
  facet normal 0.300765 -0.953698 0
    outer loop
      vertex -10.264 18.0213 0
      vertex -9.81056 18.1643 2.82
      vertex -10.264 18.0213 2.82
    endloop
  endfacet
  facet normal 0.300765 -0.953698 0
    outer loop
      vertex -9.81056 18.1643 2.82
      vertex -10.264 18.0213 0
      vertex -9.81056 18.1643 0
    endloop
  endfacet
  facet normal -0.999052 0.0435376 0
    outer loop
      vertex 13.8293 -13.375 0
      vertex 13.85 -12.9 2.82
      vertex 13.85 -12.9 0
    endloop
  endfacet
  facet normal -0.999052 0.0435376 0
    outer loop
      vertex 13.85 -12.9 2.82
      vertex 13.8293 -13.375 0
      vertex 13.8293 -13.375 2.82
    endloop
  endfacet
  facet normal 0.67562 0.73725 -0
    outer loop
      vertex -11.9032 -17.0749 0
      vertex -12.2537 -16.7537 2.82
      vertex -11.9032 -17.0749 2.82
    endloop
  endfacet
  facet normal 0.67562 0.73725 0
    outer loop
      vertex -12.2537 -16.7537 2.82
      vertex -11.9032 -17.0749 0
      vertex -12.2537 -16.7537 0
    endloop
  endfacet
  facet normal -0.73725 -0.67562 0
    outer loop
      vertex 12.5749 16.4032 0
      vertex 12.2537 16.7537 2.82
      vertex 12.2537 16.7537 0
    endloop
  endfacet
  facet normal -0.73725 -0.67562 0
    outer loop
      vertex 12.2537 16.7537 2.82
      vertex 12.5749 16.4032 0
      vertex 12.5749 16.4032 2.82
    endloop
  endfacet
  facet normal 0.130615 -0.991433 0
    outer loop
      vertex -9.34637 18.2672 0
      vertex -8.875 18.3293 2.82
      vertex -9.34637 18.2672 2.82
    endloop
  endfacet
  facet normal 0.130615 -0.991433 0
    outer loop
      vertex -8.875 18.3293 2.82
      vertex -9.34637 18.2672 0
      vertex -8.875 18.3293 0
    endloop
  endfacet
  facet normal 0.537202 0.843454 -0
    outer loop
      vertex -11.125 -17.6198 0
      vertex -11.526 -17.3644 2.82
      vertex -11.125 -17.6198 2.82
    endloop
  endfacet
  facet normal 0.537202 0.843454 0
    outer loop
      vertex -11.526 -17.3644 2.82
      vertex -11.125 -17.6198 0
      vertex -11.526 -17.3644 0
    endloop
  endfacet
  facet normal 0.0435367 -0.999052 0
    outer loop
      vertex -8.875 18.3293 0
      vertex -8.39999 18.35 2.82
      vertex -8.875 18.3293 2.82
    endloop
  endfacet
  facet normal 0.0435367 -0.999052 0
    outer loop
      vertex -8.39999 18.35 2.82
      vertex -8.875 18.3293 0
      vertex -8.39999 18.35 0
    endloop
  endfacet
  facet normal 0.0435367 0.999052 -0
    outer loop
      vertex -8.39999 -18.35 0
      vertex -8.875 -18.3293 2.82
      vertex -8.39999 -18.35 2.82
    endloop
  endfacet
  facet normal 0.0435367 0.999052 0
    outer loop
      vertex -8.875 -18.3293 2.82
      vertex -8.39999 -18.35 0
      vertex -8.875 -18.3293 0
    endloop
  endfacet
  facet normal -0.0435367 -0.999052 0
    outer loop
      vertex 8.39999 18.35 0
      vertex 8.875 18.3293 2.82
      vertex 8.39999 18.35 2.82
    endloop
  endfacet
  facet normal -0.0435367 -0.999052 -0
    outer loop
      vertex 8.875 18.3293 2.82
      vertex 8.39999 18.35 0
      vertex 8.875 18.3293 0
    endloop
  endfacet
  facet normal 0.216423 0.9763 -0
    outer loop
      vertex -9.34637 -18.2672 0
      vertex -9.81056 -18.1643 2.82
      vertex -9.34637 -18.2672 2.82
    endloop
  endfacet
  facet normal 0.216423 0.9763 0
    outer loop
      vertex -9.81056 -18.1643 2.82
      vertex -9.34637 -18.2672 0
      vertex -9.81056 -18.1643 0
    endloop
  endfacet
  facet normal 0.73725 0.67562 0
    outer loop
      vertex -12.2537 -16.7537 2.82
      vertex -12.5749 -16.4032 0
      vertex -12.5749 -16.4032 2.82
    endloop
  endfacet
  facet normal 0.73725 0.67562 0
    outer loop
      vertex -12.5749 -16.4032 0
      vertex -12.2537 -16.7537 2.82
      vertex -12.2537 -16.7537 0
    endloop
  endfacet
  facet normal 0.999052 -0.0435376 0
    outer loop
      vertex -13.85 12.9 2.82
      vertex -13.8293 13.375 0
      vertex -13.8293 13.375 2.82
    endloop
  endfacet
  facet normal 0.999052 -0.0435376 0
    outer loop
      vertex -13.8293 13.375 0
      vertex -13.85 12.9 2.82
      vertex -13.85 12.9 0
    endloop
  endfacet
  facet normal -0.976301 0.216418 0
    outer loop
      vertex 13.6643 -14.3106 0
      vertex 13.7672 -13.8464 2.82
      vertex 13.7672 -13.8464 0
    endloop
  endfacet
  facet normal -0.976301 0.216418 0
    outer loop
      vertex 13.7672 -13.8464 2.82
      vertex 13.6643 -14.3106 0
      vertex 13.6643 -14.3106 2.82
    endloop
  endfacet
  facet normal -1 0 0
    outer loop
      vertex 13.85 12.9 0
      vertex 13.85 10.65 0.974999
      vertex 13.85 12.9 2.82
    endloop
  endfacet
  facet normal -1 0 0
    outer loop
      vertex 13.85 12.9 0
      vertex 13.85 5.95 0.974999
      vertex 13.85 10.65 0.974999
    endloop
  endfacet
  facet normal -1 0 0
    outer loop
      vertex 13.85 5.95 0.974999
      vertex 13.85 -5.95 0.974999
      vertex 13.85 5.95 1.855
    endloop
  endfacet
  facet normal -1 0 0
    outer loop
      vertex 13.85 12.9 0
      vertex 13.85 -5.95 0.974999
      vertex 13.85 5.95 0.974999
    endloop
  endfacet
  facet normal -1 0 0
    outer loop
      vertex 13.85 -12.9 0
      vertex 13.85 -5.95 0.974999
      vertex 13.85 12.9 0
    endloop
  endfacet
  facet normal -1 -0 0
    outer loop
      vertex 13.85 -10.65 0.974999
      vertex 13.85 -12.9 0
      vertex 13.85 -10.65 1.855
    endloop
  endfacet
  facet normal -1 -0 0
    outer loop
      vertex 13.85 -5.95 0.974999
      vertex 13.85 -12.9 0
      vertex 13.85 -10.65 0.974999
    endloop
  endfacet
  facet normal -1 0 0
    outer loop
      vertex 13.85 10.65 1.855
      vertex 13.85 12.9 2.82
      vertex 13.85 10.65 0.974999
    endloop
  endfacet
  facet normal -1 0 0
    outer loop
      vertex 13.85 5.95 1.855
      vertex 13.85 12.9 2.82
      vertex 13.85 10.65 1.855
    endloop
  endfacet
  facet normal -1 0 0
    outer loop
      vertex 13.85 -5.95 1.855
      vertex 13.85 5.95 1.855
      vertex 13.85 -5.95 0.974999
    endloop
  endfacet
  facet normal -1 0 0
    outer loop
      vertex 13.85 5.95 1.855
      vertex 13.85 -5.95 1.855
      vertex 13.85 12.9 2.82
    endloop
  endfacet
  facet normal -1 0 0
    outer loop
      vertex 13.85 -12.9 2.82
      vertex 13.85 -5.95 1.855
      vertex 13.85 -10.65 1.855
    endloop
  endfacet
  facet normal -1 0 0
    outer loop
      vertex 13.85 -5.95 1.855
      vertex 13.85 -12.9 2.82
      vertex 13.85 12.9 2.82
    endloop
  endfacet
  facet normal -1 0 0
    outer loop
      vertex 13.85 -12.9 2.82
      vertex 13.85 -10.65 1.855
      vertex 13.85 -12.9 0
    endloop
  endfacet
  facet normal 0.953691 -0.300789 0
    outer loop
      vertex -13.6643 14.3106 2.82
      vertex -13.5213 14.764 0
      vertex -13.5213 14.764 2.82
    endloop
  endfacet
  facet normal 0.953691 -0.300789 0
    outer loop
      vertex -13.5213 14.764 0
      vertex -13.6643 14.3106 2.82
      vertex -13.6643 14.3106 0
    endloop
  endfacet
  facet normal 0.843454 0.537202 0
    outer loop
      vertex -12.8644 -16.026 2.82
      vertex -13.1198 -15.625 0
      vertex -13.1198 -15.625 2.82
    endloop
  endfacet
  facet normal 0.843454 0.537202 0
    outer loop
      vertex -13.1198 -15.625 0
      vertex -12.8644 -16.026 2.82
      vertex -12.8644 -16.026 0
    endloop
  endfacet
  facet normal 0.537202 -0.843454 0
    outer loop
      vertex -11.526 17.3644 0
      vertex -11.125 17.6198 2.82
      vertex -11.526 17.3644 2.82
    endloop
  endfacet
  facet normal 0.537202 -0.843454 0
    outer loop
      vertex -11.125 17.6198 2.82
      vertex -11.526 17.3644 0
      vertex -11.125 17.6198 0
    endloop
  endfacet
  facet normal 0.67562 -0.73725 0
    outer loop
      vertex -12.2537 16.7537 0
      vertex -11.9032 17.0749 2.82
      vertex -12.2537 16.7537 2.82
    endloop
  endfacet
  facet normal 0.67562 -0.73725 0
    outer loop
      vertex -11.9032 17.0749 2.82
      vertex -12.2537 16.7537 0
      vertex -11.9032 17.0749 0
    endloop
  endfacet
  facet normal -0.793288 -0.608846 0
    outer loop
      vertex 12.8644 16.026 0
      vertex 12.5749 16.4032 2.82
      vertex 12.5749 16.4032 0
    endloop
  endfacet
  facet normal -0.793288 -0.608846 0
    outer loop
      vertex 12.5749 16.4032 2.82
      vertex 12.8644 16.026 0
      vertex 12.8644 16.026 2.82
    endloop
  endfacet
  facet normal -0.953691 0.300789 0
    outer loop
      vertex 13.5213 -14.764 0
      vertex 13.6643 -14.3106 2.82
      vertex 13.6643 -14.3106 0
    endloop
  endfacet
  facet normal -0.953691 0.300789 0
    outer loop
      vertex 13.6643 -14.3106 2.82
      vertex 13.5213 -14.764 0
      vertex 13.5213 -14.764 2.82
    endloop
  endfacet
  facet normal 0.976301 0.216418 0
    outer loop
      vertex -13.6643 -14.3106 2.82
      vertex -13.7672 -13.8464 0
      vertex -13.7672 -13.8464 2.82
    endloop
  endfacet
  facet normal 0.976301 0.216418 0
    outer loop
      vertex -13.7672 -13.8464 0
      vertex -13.6643 -14.3106 2.82
      vertex -13.6643 -14.3106 0
    endloop
  endfacet
  facet normal 0.991434 0.130607 0
    outer loop
      vertex -13.7672 -13.8464 2.82
      vertex -13.8293 -13.375 0
      vertex -13.8293 -13.375 2.82
    endloop
  endfacet
  facet normal 0.991434 0.130607 0
    outer loop
      vertex -13.8293 -13.375 0
      vertex -13.7672 -13.8464 2.82
      vertex -13.7672 -13.8464 0
    endloop
  endfacet
  facet normal 0.216423 -0.9763 0
    outer loop
      vertex -9.81056 18.1643 0
      vertex -9.34637 18.2672 2.82
      vertex -9.81056 18.1643 2.82
    endloop
  endfacet
  facet normal 0.216423 -0.9763 0
    outer loop
      vertex -9.34637 18.2672 2.82
      vertex -9.81056 18.1643 0
      vertex -9.34637 18.2672 0
    endloop
  endfacet
  facet normal 0.793288 0.608846 0
    outer loop
      vertex -12.5749 -16.4032 2.82
      vertex -12.8644 -16.026 0
      vertex -12.8644 -16.026 2.82
    endloop
  endfacet
  facet normal 0.793288 0.608846 0
    outer loop
      vertex -12.8644 -16.026 0
      vertex -12.5749 -16.4032 2.82
      vertex -12.5749 -16.4032 0
    endloop
  endfacet
  facet normal 0.608846 -0.793288 0
    outer loop
      vertex -11.9032 17.0749 0
      vertex -11.526 17.3644 2.82
      vertex -11.9032 17.0749 2.82
    endloop
  endfacet
  facet normal 0.608846 -0.793288 0
    outer loop
      vertex -11.526 17.3644 2.82
      vertex -11.9032 17.0749 0
      vertex -11.526 17.3644 0
    endloop
  endfacet
  facet normal -0.461876 -0.886945 0
    outer loop
      vertex 10.7033 17.8394 0
      vertex 11.125 17.6198 2.82
      vertex 10.7033 17.8394 2.82
    endloop
  endfacet
  facet normal -0.461876 -0.886945 -0
    outer loop
      vertex 11.125 17.6198 2.82
      vertex 10.7033 17.8394 0
      vertex 11.125 17.6198 0
    endloop
  endfacet
  facet normal 0 -1 0
    outer loop
      vertex -8.39999 18.35 0
      vertex 8.39999 18.35 2.82
      vertex -8.39999 18.35 2.82
    endloop
  endfacet
  facet normal 0 -1 -0
    outer loop
      vertex 8.39999 18.35 2.82
      vertex -8.39999 18.35 0
      vertex 8.39999 18.35 0
    endloop
  endfacet
  facet normal -0.976301 -0.216418 0
    outer loop
      vertex 13.7672 13.8464 0
      vertex 13.6643 14.3106 2.82
      vertex 13.6643 14.3106 0
    endloop
  endfacet
  facet normal -0.976301 -0.216418 0
    outer loop
      vertex 13.6643 14.3106 2.82
      vertex 13.7672 13.8464 0
      vertex 13.7672 13.8464 2.82
    endloop
  endfacet
  facet normal -0.130615 0.991433 0
    outer loop
      vertex 9.34637 -18.2672 0
      vertex 8.875 -18.3293 2.82
      vertex 9.34637 -18.2672 2.82
    endloop
  endfacet
  facet normal -0.130615 0.991433 0
    outer loop
      vertex 8.875 -18.3293 2.82
      vertex 9.34637 -18.2672 0
      vertex 8.875 -18.3293 0
    endloop
  endfacet
  facet normal 0.608846 0.793288 -0
    outer loop
      vertex -11.526 -17.3644 0
      vertex -11.9032 -17.0749 2.82
      vertex -11.526 -17.3644 2.82
    endloop
  endfacet
  facet normal 0.608846 0.793288 0
    outer loop
      vertex -11.9032 -17.0749 2.82
      vertex -11.526 -17.3644 0
      vertex -11.9032 -17.0749 0
    endloop
  endfacet
  facet normal 0.461876 -0.886945 0
    outer loop
      vertex -11.125 17.6198 0
      vertex -10.7033 17.8394 2.82
      vertex -11.125 17.6198 2.82
    endloop
  endfacet
  facet normal 0.461876 -0.886945 0
    outer loop
      vertex -10.7033 17.8394 2.82
      vertex -11.125 17.6198 0
      vertex -10.7033 17.8394 0
    endloop
  endfacet
  facet normal 0.999052 0.0435376 0
    outer loop
      vertex -13.8293 -13.375 2.82
      vertex -13.85 -12.9 0
      vertex -13.85 -12.9 2.82
    endloop
  endfacet
  facet normal 0.999052 0.0435376 0
    outer loop
      vertex -13.85 -12.9 0
      vertex -13.8293 -13.375 2.82
      vertex -13.8293 -13.375 0
    endloop
  endfacet
  facet normal 0.382569 0.923927 -0
    outer loop
      vertex -10.264 -18.0213 0
      vertex -10.7033 -17.8394 2.82
      vertex -10.264 -18.0213 2.82
    endloop
  endfacet
  facet normal 0.382569 0.923927 0
    outer loop
      vertex -10.7033 -17.8394 2.82
      vertex -10.264 -18.0213 0
      vertex -10.7033 -17.8394 0
    endloop
  endfacet
  facet normal -0.216423 0.9763 0
    outer loop
      vertex 9.81056 -18.1643 0
      vertex 9.34637 -18.2672 2.82
      vertex 9.81056 -18.1643 2.82
    endloop
  endfacet
  facet normal -0.216423 0.9763 0
    outer loop
      vertex 9.34637 -18.2672 2.82
      vertex 9.81056 -18.1643 0
      vertex 9.34637 -18.2672 0
    endloop
  endfacet
  facet normal 0.953691 0.300789 0
    outer loop
      vertex -13.5213 -14.764 2.82
      vertex -13.6643 -14.3106 0
      vertex -13.6643 -14.3106 2.82
    endloop
  endfacet
  facet normal 0.953691 0.300789 0
    outer loop
      vertex -13.6643 -14.3106 0
      vertex -13.5213 -14.764 2.82
      vertex -13.5213 -14.764 0
    endloop
  endfacet
  facet normal -0.382569 0.923927 0
    outer loop
      vertex 10.7033 -17.8394 0
      vertex 10.264 -18.0213 2.82
      vertex 10.7033 -17.8394 2.82
    endloop
  endfacet
  facet normal -0.382569 0.923927 0
    outer loop
      vertex 10.264 -18.0213 2.82
      vertex 10.7033 -17.8394 0
      vertex 10.264 -18.0213 0
    endloop
  endfacet
  facet normal 0.130615 0.991433 -0
    outer loop
      vertex -8.875 -18.3293 0
      vertex -9.34637 -18.2672 2.82
      vertex -8.875 -18.3293 2.82
    endloop
  endfacet
  facet normal 0.130615 0.991433 0
    outer loop
      vertex -9.34637 -18.2672 2.82
      vertex -8.875 -18.3293 0
      vertex -9.34637 -18.2672 0
    endloop
  endfacet
  facet normal 1 0 0
    outer loop
      vertex -13.85 12.9 2.82
      vertex -13.85 10.65 1.855
      vertex -13.85 12.9 0
    endloop
  endfacet
  facet normal 1 0 0
    outer loop
      vertex -13.85 12.9 2.82
      vertex -13.85 5.95 1.855
      vertex -13.85 10.65 1.855
    endloop
  endfacet
  facet normal 1 0 0
    outer loop
      vertex -13.85 5.95 1.855
      vertex -13.85 -5.95 1.855
      vertex -13.85 5.95 0.974999
    endloop
  endfacet
  facet normal 1 0 0
    outer loop
      vertex -13.85 12.9 2.82
      vertex -13.85 -5.95 1.855
      vertex -13.85 5.95 1.855
    endloop
  endfacet
  facet normal 1 -0 0
    outer loop
      vertex -13.85 -12.9 2.82
      vertex -13.85 -5.95 1.855
      vertex -13.85 12.9 2.82
    endloop
  endfacet
  facet normal 1 0 0
    outer loop
      vertex -13.85 -10.65 1.855
      vertex -13.85 -12.9 2.82
      vertex -13.85 -10.65 0.974999
    endloop
  endfacet
  facet normal 1 0 0
    outer loop
      vertex -13.85 -5.95 1.855
      vertex -13.85 -12.9 2.82
      vertex -13.85 -10.65 1.855
    endloop
  endfacet
  facet normal 1 -0 0
    outer loop
      vertex -13.85 10.65 0.974999
      vertex -13.85 12.9 0
      vertex -13.85 10.65 1.855
    endloop
  endfacet
  facet normal 1 -0 0
    outer loop
      vertex -13.85 5.95 0.974999
      vertex -13.85 12.9 0
      vertex -13.85 10.65 0.974999
    endloop
  endfacet
  facet normal 1 0 0
    outer loop
      vertex -13.85 -5.95 0.974999
      vertex -13.85 5.95 0.974999
      vertex -13.85 -5.95 1.855
    endloop
  endfacet
  facet normal 1 0 0
    outer loop
      vertex -13.85 5.95 0.974999
      vertex -13.85 -5.95 0.974999
      vertex -13.85 12.9 0
    endloop
  endfacet
  facet normal 1 0 0
    outer loop
      vertex -13.85 -12.9 0
      vertex -13.85 -5.95 0.974999
      vertex -13.85 -10.65 0.974999
    endloop
  endfacet
  facet normal 1 0 0
    outer loop
      vertex -13.85 -5.95 0.974999
      vertex -13.85 -12.9 0
      vertex -13.85 12.9 0
    endloop
  endfacet
  facet normal 1 0 0
    outer loop
      vertex -13.85 -12.9 0
      vertex -13.85 -10.65 0.974999
      vertex -13.85 -12.9 2.82
    endloop
  endfacet
  facet normal 0.991434 -0.130607 0
    outer loop
      vertex -13.8293 13.375 2.82
      vertex -13.7672 13.8464 0
      vertex -13.7672 13.8464 2.82
    endloop
  endfacet
  facet normal 0.991434 -0.130607 0
    outer loop
      vertex -13.7672 13.8464 0
      vertex -13.8293 13.375 2.82
      vertex -13.8293 13.375 0
    endloop
  endfacet
  facet normal 0.382569 -0.923927 0
    outer loop
      vertex -10.7033 17.8394 0
      vertex -10.264 18.0213 2.82
      vertex -10.7033 17.8394 2.82
    endloop
  endfacet
  facet normal 0.382569 -0.923927 0
    outer loop
      vertex -10.264 18.0213 2.82
      vertex -10.7033 17.8394 0
      vertex -10.264 18.0213 0
    endloop
  endfacet
  facet normal -0.67562 -0.73725 0
    outer loop
      vertex 11.9032 17.0749 0
      vertex 12.2537 16.7537 2.82
      vertex 11.9032 17.0749 2.82
    endloop
  endfacet
  facet normal -0.67562 -0.73725 -0
    outer loop
      vertex 12.2537 16.7537 2.82
      vertex 11.9032 17.0749 0
      vertex 12.2537 16.7537 0
    endloop
  endfacet
  facet normal 0.300765 0.953698 -0
    outer loop
      vertex -9.81056 -18.1643 0
      vertex -10.264 -18.0213 2.82
      vertex -9.81056 -18.1643 2.82
    endloop
  endfacet
  facet normal 0.300765 0.953698 0
    outer loop
      vertex -10.264 -18.0213 2.82
      vertex -9.81056 -18.1643 0
      vertex -10.264 -18.0213 0
    endloop
  endfacet
  facet normal -0.999052 -0.0435376 0
    outer loop
      vertex 13.85 12.9 0
      vertex 13.8293 13.375 2.82
      vertex 13.8293 13.375 0
    endloop
  endfacet
  facet normal -0.999052 -0.0435376 0
    outer loop
      vertex 13.8293 13.375 2.82
      vertex 13.85 12.9 0
      vertex 13.85 12.9 2.82
    endloop
  endfacet
  facet normal 0.923927 0.382569 0
    outer loop
      vertex -13.3394 -15.2033 2.82
      vertex -13.5213 -14.764 0
      vertex -13.5213 -14.764 2.82
    endloop
  endfacet
  facet normal 0.923927 0.382569 0
    outer loop
      vertex -13.5213 -14.764 0
      vertex -13.3394 -15.2033 2.82
      vertex -13.3394 -15.2033 0
    endloop
  endfacet
  facet normal 0.461876 0.886945 -0
    outer loop
      vertex -10.7033 -17.8394 0
      vertex -11.125 -17.6198 2.82
      vertex -10.7033 -17.8394 2.82
    endloop
  endfacet
  facet normal 0.461876 0.886945 0
    outer loop
      vertex -11.125 -17.6198 2.82
      vertex -10.7033 -17.8394 0
      vertex -11.125 -17.6198 0
    endloop
  endfacet
  facet normal -0.991434 -0.130607 0
    outer loop
      vertex 13.8293 13.375 0
      vertex 13.7672 13.8464 2.82
      vertex 13.7672 13.8464 0
    endloop
  endfacet
  facet normal -0.991434 -0.130607 0
    outer loop
      vertex 13.7672 13.8464 2.82
      vertex 13.8293 13.375 0
      vertex 13.8293 13.375 2.82
    endloop
  endfacet
  facet normal -0.73725 0.67562 0
    outer loop
      vertex 12.2537 -16.7537 0
      vertex 12.5749 -16.4032 2.82
      vertex 12.5749 -16.4032 0
    endloop
  endfacet
  facet normal -0.73725 0.67562 0
    outer loop
      vertex 12.5749 -16.4032 2.82
      vertex 12.2537 -16.7537 0
      vertex 12.2537 -16.7537 2.82
    endloop
  endfacet
  facet normal -0.608846 0.793288 0
    outer loop
      vertex 11.9032 -17.0749 0
      vertex 11.526 -17.3644 2.82
      vertex 11.9032 -17.0749 2.82
    endloop
  endfacet
  facet normal -0.608846 0.793288 0
    outer loop
      vertex 11.526 -17.3644 2.82
      vertex 11.9032 -17.0749 0
      vertex 11.526 -17.3644 0
    endloop
  endfacet
  facet normal -0.300765 -0.953698 0
    outer loop
      vertex 9.81056 18.1643 0
      vertex 10.264 18.0213 2.82
      vertex 9.81056 18.1643 2.82
    endloop
  endfacet
  facet normal -0.300765 -0.953698 -0
    outer loop
      vertex 10.264 18.0213 2.82
      vertex 9.81056 18.1643 0
      vertex 10.264 18.0213 0
    endloop
  endfacet
  facet normal -0.461876 0.886945 0
    outer loop
      vertex 11.125 -17.6198 0
      vertex 10.7033 -17.8394 2.82
      vertex 11.125 -17.6198 2.82
    endloop
  endfacet
  facet normal -0.461876 0.886945 0
    outer loop
      vertex 10.7033 -17.8394 2.82
      vertex 11.125 -17.6198 0
      vertex 10.7033 -17.8394 0
    endloop
  endfacet
  facet normal 0.886945 0.461876 0
    outer loop
      vertex -13.1198 -15.625 2.82
      vertex -13.3394 -15.2033 0
      vertex -13.3394 -15.2033 2.82
    endloop
  endfacet
  facet normal 0.886945 0.461876 0
    outer loop
      vertex -13.3394 -15.2033 0
      vertex -13.1198 -15.625 2.82
      vertex -13.1198 -15.625 0
    endloop
  endfacet
  facet normal -0.537202 -0.843454 0
    outer loop
      vertex 11.125 17.6198 0
      vertex 11.526 17.3644 2.82
      vertex 11.125 17.6198 2.82
    endloop
  endfacet
  facet normal -0.537202 -0.843454 -0
    outer loop
      vertex 11.526 17.3644 2.82
      vertex 11.125 17.6198 0
      vertex 11.526 17.3644 0
    endloop
  endfacet
  facet normal 0.886945 -0.461876 0
    outer loop
      vertex -13.3394 15.2033 2.82
      vertex -13.1198 15.625 0
      vertex -13.1198 15.625 2.82
    endloop
  endfacet
  facet normal 0.886945 -0.461876 0
    outer loop
      vertex -13.1198 15.625 0
      vertex -13.3394 15.2033 2.82
      vertex -13.3394 15.2033 0
    endloop
  endfacet
  facet normal -0.382569 -0.923927 0
    outer loop
      vertex 10.264 18.0213 0
      vertex 10.7033 17.8394 2.82
      vertex 10.264 18.0213 2.82
    endloop
  endfacet
  facet normal -0.382569 -0.923927 -0
    outer loop
      vertex 10.7033 17.8394 2.82
      vertex 10.264 18.0213 0
      vertex 10.7033 17.8394 0
    endloop
  endfacet
  facet normal -0.886945 0.461876 0
    outer loop
      vertex 13.1198 -15.625 0
      vertex 13.3394 -15.2033 2.82
      vertex 13.3394 -15.2033 0
    endloop
  endfacet
  facet normal -0.886945 0.461876 0
    outer loop
      vertex 13.3394 -15.2033 2.82
      vertex 13.1198 -15.625 0
      vertex 13.1198 -15.625 2.82
    endloop
  endfacet
  facet normal -0.991434 0.130607 0
    outer loop
      vertex 13.7672 -13.8464 0
      vertex 13.8293 -13.375 2.82
      vertex 13.8293 -13.375 0
    endloop
  endfacet
  facet normal -0.991434 0.130607 0
    outer loop
      vertex 13.8293 -13.375 2.82
      vertex 13.7672 -13.8464 0
      vertex 13.7672 -13.8464 2.82
    endloop
  endfacet
  facet normal 0.976301 -0.216418 0
    outer loop
      vertex -13.7672 13.8464 2.82
      vertex -13.6643 14.3106 0
      vertex -13.6643 14.3106 2.82
    endloop
  endfacet
  facet normal 0.976301 -0.216418 0
    outer loop
      vertex -13.6643 14.3106 0
      vertex -13.7672 13.8464 2.82
      vertex -13.7672 13.8464 0
    endloop
  endfacet
  facet normal -0.216423 -0.9763 0
    outer loop
      vertex 9.34637 18.2672 0
      vertex 9.81056 18.1643 2.82
      vertex 9.34637 18.2672 2.82
    endloop
  endfacet
  facet normal -0.216423 -0.9763 -0
    outer loop
      vertex 9.81056 18.1643 2.82
      vertex 9.34637 18.2672 0
      vertex 9.81056 18.1643 0
    endloop
  endfacet
  facet normal -0.130615 -0.991433 0
    outer loop
      vertex 8.875 18.3293 0
      vertex 9.34637 18.2672 2.82
      vertex 8.875 18.3293 2.82
    endloop
  endfacet
  facet normal -0.130615 -0.991433 -0
    outer loop
      vertex 9.34637 18.2672 2.82
      vertex 8.875 18.3293 0
      vertex 9.34637 18.2672 0
    endloop
  endfacet
  facet normal -0.923927 0.382569 0
    outer loop
      vertex 13.3394 -15.2033 0
      vertex 13.5213 -14.764 2.82
      vertex 13.5213 -14.764 0
    endloop
  endfacet
  facet normal -0.923927 0.382569 0
    outer loop
      vertex 13.5213 -14.764 2.82
      vertex 13.3394 -15.2033 0
      vertex 13.3394 -15.2033 2.82
    endloop
  endfacet
  facet normal -0.843454 -0.537202 0
    outer loop
      vertex 13.1198 15.625 0
      vertex 12.8644 16.026 2.82
      vertex 12.8644 16.026 0
    endloop
  endfacet
  facet normal -0.843454 -0.537202 0
    outer loop
      vertex 12.8644 16.026 2.82
      vertex 13.1198 15.625 0
      vertex 13.1198 15.625 2.82
    endloop
  endfacet
  facet normal -0.608846 -0.793288 0
    outer loop
      vertex 11.526 17.3644 0
      vertex 11.9032 17.0749 2.82
      vertex 11.526 17.3644 2.82
    endloop
  endfacet
  facet normal -0.608846 -0.793288 -0
    outer loop
      vertex 11.9032 17.0749 2.82
      vertex 11.526 17.3644 0
      vertex 11.9032 17.0749 0
    endloop
  endfacet
  facet normal -0.886945 -0.461876 0
    outer loop
      vertex 13.3394 15.2033 0
      vertex 13.1198 15.625 2.82
      vertex 13.1198 15.625 0
    endloop
  endfacet
  facet normal -0.886945 -0.461876 0
    outer loop
      vertex 13.1198 15.625 2.82
      vertex 13.3394 15.2033 0
      vertex 13.3394 15.2033 2.82
    endloop
  endfacet
  facet normal -0.300765 0.953698 0
    outer loop
      vertex 10.264 -18.0213 0
      vertex 9.81056 -18.1643 2.82
      vertex 10.264 -18.0213 2.82
    endloop
  endfacet
  facet normal -0.300765 0.953698 0
    outer loop
      vertex 9.81056 -18.1643 2.82
      vertex 10.264 -18.0213 0
      vertex 9.81056 -18.1643 0
    endloop
  endfacet
  facet normal 0.923927 -0.382569 0
    outer loop
      vertex -13.5213 14.764 2.82
      vertex -13.3394 15.2033 0
      vertex -13.3394 15.2033 2.82
    endloop
  endfacet
  facet normal 0.923927 -0.382569 0
    outer loop
      vertex -13.3394 15.2033 0
      vertex -13.5213 14.764 2.82
      vertex -13.5213 14.764 0
    endloop
  endfacet
  facet normal 0.843454 -0.537202 0
    outer loop
      vertex -13.1198 15.625 2.82
      vertex -12.8644 16.026 0
      vertex -12.8644 16.026 2.82
    endloop
  endfacet
  facet normal 0.843454 -0.537202 0
    outer loop
      vertex -12.8644 16.026 0
      vertex -13.1198 15.625 2.82
      vertex -13.1198 15.625 0
    endloop
  endfacet
  facet normal 0.73725 -0.67562 0
    outer loop
      vertex -12.5749 16.4032 2.82
      vertex -12.2537 16.7537 0
      vertex -12.2537 16.7537 2.82
    endloop
  endfacet
  facet normal 0.73725 -0.67562 0
    outer loop
      vertex -12.2537 16.7537 0
      vertex -12.5749 16.4032 2.82
      vertex -12.5749 16.4032 0
    endloop
  endfacet
  facet normal -0.843454 0.537202 0
    outer loop
      vertex 12.8644 -16.026 0
      vertex 13.1198 -15.625 2.82
      vertex 13.1198 -15.625 0
    endloop
  endfacet
  facet normal -0.843454 0.537202 0
    outer loop
      vertex 13.1198 -15.625 2.82
      vertex 12.8644 -16.026 0
      vertex 12.8644 -16.026 2.82
    endloop
  endfacet
  facet normal 0 0 -1
    outer loop
      vertex 12.881 -12.8358 2.82
      vertex 13.85 -12.9 2.82
      vertex 13.8293 -13.375 2.82
    endloop
  endfacet
  facet normal 0 0 -1
    outer loop
      vertex 13.85 -12.9 2.82
      vertex 12.9 -12.4 2.82
      vertex 13.85 12.9 2.82
    endloop
  endfacet
  facet normal 0 0 -1
    outer loop
      vertex 12.824 -13.2682 2.82
      vertex 13.8293 -13.375 2.82
      vertex 13.7672 -13.8464 2.82
    endloop
  endfacet
  facet normal 0 0 -1
    outer loop
      vertex 12.9 12.4 2.82
      vertex 13.85 12.9 2.82
      vertex 12.9 -12.4 2.82
    endloop
  endfacet
  facet normal 0 0 -1
    outer loop
      vertex 12.7296 -13.6941 2.82
      vertex 13.7672 -13.8464 2.82
      vertex 13.6643 -14.3106 2.82
    endloop
  endfacet
  facet normal 0 0 -1
    outer loop
      vertex 12.881 12.8358 2.82
      vertex 13.85 12.9 2.82
      vertex 12.9 12.4 2.82
    endloop
  endfacet
  facet normal 0 0 -1
    outer loop
      vertex 12.5984 -14.1101 2.82
      vertex 13.6643 -14.3106 2.82
      vertex 13.5213 -14.764 2.82
    endloop
  endfacet
  facet normal -0 0 -1
    outer loop
      vertex 13.85 12.9 2.82
      vertex 12.881 12.8358 2.82
      vertex 13.8293 13.375 2.82
    endloop
  endfacet
  facet normal 0 0 -1
    outer loop
      vertex 12.4315 -14.5131 2.82
      vertex 13.5213 -14.764 2.82
      vertex 13.3394 -15.2033 2.82
    endloop
  endfacet
  facet normal 0 0 -1
    outer loop
      vertex 12.824 13.2682 2.82
      vertex 13.8293 13.375 2.82
      vertex 12.881 12.8358 2.82
    endloop
  endfacet
  facet normal 0 0 -1
    outer loop
      vertex 12.2301 -14.9 2.82
      vertex 13.3394 -15.2033 2.82
      vertex 13.1198 -15.625 2.82
    endloop
  endfacet
  facet normal -0 0 -1
    outer loop
      vertex 13.8293 13.375 2.82
      vertex 12.824 13.2682 2.82
      vertex 13.7672 13.8464 2.82
    endloop
  endfacet
  facet normal 0 0 -1
    outer loop
      vertex 12.7296 13.6941 2.82
      vertex 13.7672 13.8464 2.82
      vertex 12.824 13.2682 2.82
    endloop
  endfacet
  facet normal 0 0 -1
    outer loop
      vertex 13.85 -12.9 2.82
      vertex 12.881 -12.8358 2.82
      vertex 12.9 -12.4 2.82
    endloop
  endfacet
  facet normal 0 0 -1
    outer loop
      vertex 11.9958 -15.2679 2.82
      vertex 13.1198 -15.625 2.82
      vertex 12.8644 -16.026 2.82
    endloop
  endfacet
  facet normal 0 0 -1
    outer loop
      vertex 13.8293 -13.375 2.82
      vertex 12.824 -13.2682 2.82
      vertex 12.881 -12.8358 2.82
    endloop
  endfacet
  facet normal 0 0 -1
    outer loop
      vertex 13.7672 -13.8464 2.82
      vertex 12.7296 -13.6941 2.82
      vertex 12.824 -13.2682 2.82
    endloop
  endfacet
  facet normal 0 0 -1
    outer loop
      vertex 13.6643 -14.3106 2.82
      vertex 12.5984 -14.1101 2.82
      vertex 12.7296 -13.6941 2.82
    endloop
  endfacet
  facet normal 0 0 -1
    outer loop
      vertex 11.7302 -15.6139 2.82
      vertex 12.8644 -16.026 2.82
      vertex 12.5749 -16.4032 2.82
    endloop
  endfacet
  facet normal 0 0 -1
    outer loop
      vertex 13.5213 -14.764 2.82
      vertex 12.4315 -14.5131 2.82
      vertex 12.5984 -14.1101 2.82
    endloop
  endfacet
  facet normal 0 0 -1
    outer loop
      vertex 11.4355 -15.9355 2.82
      vertex 12.5749 -16.4032 2.82
      vertex 12.2537 -16.7537 2.82
    endloop
  endfacet
  facet normal 0 0 -1
    outer loop
      vertex 13.3394 -15.2033 2.82
      vertex 12.2301 -14.9 2.82
      vertex 12.4315 -14.5131 2.82
    endloop
  endfacet
  facet normal 0 0 -1
    outer loop
      vertex 13.1198 -15.625 2.82
      vertex 11.9958 -15.2679 2.82
      vertex 12.2301 -14.9 2.82
    endloop
  endfacet
  facet normal 0 0 -1
    outer loop
      vertex 11.4355 -15.9355 2.82
      vertex 12.2537 -16.7537 2.82
      vertex 11.9032 -17.0749 2.82
    endloop
  endfacet
  facet normal 0 0 -1
    outer loop
      vertex 12.8644 -16.026 2.82
      vertex 11.7302 -15.6139 2.82
      vertex 11.9958 -15.2679 2.82
    endloop
  endfacet
  facet normal 0 0 -1
    outer loop
      vertex 11.1139 -16.2302 2.82
      vertex 11.9032 -17.0749 2.82
      vertex 11.526 -17.3644 2.82
    endloop
  endfacet
  facet normal 0 0 -1
    outer loop
      vertex 12.5749 -16.4032 2.82
      vertex 11.4355 -15.9355 2.82
      vertex 11.7302 -15.6139 2.82
    endloop
  endfacet
  facet normal 0 0 -1
    outer loop
      vertex 10.7679 -16.4958 2.82
      vertex 11.526 -17.3644 2.82
      vertex 11.125 -17.6198 2.82
    endloop
  endfacet
  facet normal 0 0 -1
    outer loop
      vertex 11.9032 -17.0749 2.82
      vertex 11.1139 -16.2302 2.82
      vertex 11.4355 -15.9355 2.82
    endloop
  endfacet
  facet normal 0 0 -1
    outer loop
      vertex 11.526 -17.3644 2.82
      vertex 10.7679 -16.4958 2.82
      vertex 11.1139 -16.2302 2.82
    endloop
  endfacet
  facet normal 0 0 -1
    outer loop
      vertex 10.4 -16.7301 2.82
      vertex 11.125 -17.6198 2.82
      vertex 10.7033 -17.8394 2.82
    endloop
  endfacet
  facet normal 0 0 -1
    outer loop
      vertex 11.125 -17.6198 2.82
      vertex 10.4 -16.7301 2.82
      vertex 10.7679 -16.4958 2.82
    endloop
  endfacet
  facet normal 0 0 -1
    outer loop
      vertex 10.0131 -16.9315 2.82
      vertex 10.7033 -17.8394 2.82
      vertex 10.264 -18.0213 2.82
    endloop
  endfacet
  facet normal 0 0 -1
    outer loop
      vertex 10.7033 -17.8394 2.82
      vertex 10.0131 -16.9315 2.82
      vertex 10.4 -16.7301 2.82
    endloop
  endfacet
  facet normal 0 0 -1
    outer loop
      vertex 9.61009 -17.0984 2.82
      vertex 10.264 -18.0213 2.82
      vertex 9.81056 -18.1643 2.82
    endloop
  endfacet
  facet normal 0 0 -1
    outer loop
      vertex 10.264 -18.0213 2.82
      vertex 9.61009 -17.0984 2.82
      vertex 10.0131 -16.9315 2.82
    endloop
  endfacet
  facet normal 0 0 -1
    outer loop
      vertex 9.19409 -17.2296 2.82
      vertex 9.81056 -18.1643 2.82
      vertex 9.34637 -18.2672 2.82
    endloop
  endfacet
  facet normal 0 0 -1
    outer loop
      vertex 9.81056 -18.1643 2.82
      vertex 9.19409 -17.2296 2.82
      vertex 9.61009 -17.0984 2.82
    endloop
  endfacet
  facet normal 0 0 -1
    outer loop
      vertex 8.76823 -17.324 2.82
      vertex 9.34637 -18.2672 2.82
      vertex 8.875 -18.3293 2.82
    endloop
  endfacet
  facet normal 0 0 -1
    outer loop
      vertex 9.34637 -18.2672 2.82
      vertex 8.76823 -17.324 2.82
      vertex 9.19409 -17.2296 2.82
    endloop
  endfacet
  facet normal 0 0 -1
    outer loop
      vertex 8.39999 -18.35 2.82
      vertex 8.76823 -17.324 2.82
      vertex 8.875 -18.3293 2.82
    endloop
  endfacet
  facet normal 0 0 -1
    outer loop
      vertex 8.39999 -18.35 2.82
      vertex 8.33577 -17.381 2.82
      vertex 8.76823 -17.324 2.82
    endloop
  endfacet
  facet normal 0 0 -1
    outer loop
      vertex 8.39999 -18.35 2.82
      vertex 7.89999 -17.4 2.82
      vertex 8.33577 -17.381 2.82
    endloop
  endfacet
  facet normal 0 0 -1
    outer loop
      vertex 8.39999 -18.35 2.82
      vertex -7.89999 -17.4 2.82
      vertex 7.89999 -17.4 2.82
    endloop
  endfacet
  facet normal 0 0 -1
    outer loop
      vertex -8.39999 -18.35 2.82
      vertex -7.89999 -17.4 2.82
      vertex 8.39999 -18.35 2.82
    endloop
  endfacet
  facet normal -0 0 -1
    outer loop
      vertex -7.89999 -17.4 2.82
      vertex -8.39999 -18.35 2.82
      vertex -8.33577 -17.381 2.82
    endloop
  endfacet
  facet normal 0 0 -1
    outer loop
      vertex -8.39999 -18.35 2.82
      vertex -8.76823 -17.324 2.82
      vertex -8.33577 -17.381 2.82
    endloop
  endfacet
  facet normal 0 0 -1
    outer loop
      vertex -8.875 -18.3293 2.82
      vertex -8.76823 -17.324 2.82
      vertex -8.39999 -18.35 2.82
    endloop
  endfacet
  facet normal 0 0 -1
    outer loop
      vertex -9.34637 -18.2672 2.82
      vertex -8.76823 -17.324 2.82
      vertex -8.875 -18.3293 2.82
    endloop
  endfacet
  facet normal -0 0 -1
    outer loop
      vertex -8.76823 -17.324 2.82
      vertex -9.34637 -18.2672 2.82
      vertex -9.19409 -17.2296 2.82
    endloop
  endfacet
  facet normal 0 0 -1
    outer loop
      vertex -9.81056 -18.1643 2.82
      vertex -9.19409 -17.2296 2.82
      vertex -9.34637 -18.2672 2.82
    endloop
  endfacet
  facet normal -0 0 -1
    outer loop
      vertex -9.19409 -17.2296 2.82
      vertex -9.81056 -18.1643 2.82
      vertex -9.61009 -17.0984 2.82
    endloop
  endfacet
  facet normal 0 0 -1
    outer loop
      vertex -10.264 -18.0213 2.82
      vertex -9.61009 -17.0984 2.82
      vertex -9.81056 -18.1643 2.82
    endloop
  endfacet
  facet normal -0 0 -1
    outer loop
      vertex -9.61009 -17.0984 2.82
      vertex -10.264 -18.0213 2.82
      vertex -10.0131 -16.9315 2.82
    endloop
  endfacet
  facet normal 0 0 -1
    outer loop
      vertex -10.7033 -17.8394 2.82
      vertex -10.0131 -16.9315 2.82
      vertex -10.264 -18.0213 2.82
    endloop
  endfacet
  facet normal -0 0 -1
    outer loop
      vertex -10.0131 -16.9315 2.82
      vertex -10.7033 -17.8394 2.82
      vertex -10.4 -16.7301 2.82
    endloop
  endfacet
  facet normal 0 0 -1
    outer loop
      vertex -11.125 -17.6198 2.82
      vertex -10.4 -16.7301 2.82
      vertex -10.7033 -17.8394 2.82
    endloop
  endfacet
  facet normal -0 0 -1
    outer loop
      vertex -10.4 -16.7301 2.82
      vertex -11.125 -17.6198 2.82
      vertex -10.7679 -16.4958 2.82
    endloop
  endfacet
  facet normal 0 0 -1
    outer loop
      vertex -11.526 -17.3644 2.82
      vertex -10.7679 -16.4958 2.82
      vertex -11.125 -17.6198 2.82
    endloop
  endfacet
  facet normal -0 0 -1
    outer loop
      vertex -10.7679 -16.4958 2.82
      vertex -11.526 -17.3644 2.82
      vertex -11.1139 -16.2302 2.82
    endloop
  endfacet
  facet normal 0 0 -1
    outer loop
      vertex -11.9032 -17.0749 2.82
      vertex -11.1139 -16.2302 2.82
      vertex -11.526 -17.3644 2.82
    endloop
  endfacet
  facet normal -0 0 -1
    outer loop
      vertex -11.1139 -16.2302 2.82
      vertex -11.9032 -17.0749 2.82
      vertex -11.4355 -15.9355 2.82
    endloop
  endfacet
  facet normal 0 0 -1
    outer loop
      vertex -12.2537 -16.7537 2.82
      vertex -11.4355 -15.9355 2.82
      vertex -11.9032 -17.0749 2.82
    endloop
  endfacet
  facet normal 0 0 -1
    outer loop
      vertex -12.5749 -16.4032 2.82
      vertex -11.4355 -15.9355 2.82
      vertex -12.2537 -16.7537 2.82
    endloop
  endfacet
  facet normal -0 0 -1
    outer loop
      vertex -11.4355 -15.9355 2.82
      vertex -12.5749 -16.4032 2.82
      vertex -11.7302 -15.6139 2.82
    endloop
  endfacet
  facet normal 0 0 -1
    outer loop
      vertex -12.8644 -16.026 2.82
      vertex -11.7302 -15.6139 2.82
      vertex -12.5749 -16.4032 2.82
    endloop
  endfacet
  facet normal -0 0 -1
    outer loop
      vertex -11.7302 -15.6139 2.82
      vertex -12.8644 -16.026 2.82
      vertex -11.9958 -15.2679 2.82
    endloop
  endfacet
  facet normal 0 0 -1
    outer loop
      vertex -13.1198 -15.625 2.82
      vertex -11.9958 -15.2679 2.82
      vertex -12.8644 -16.026 2.82
    endloop
  endfacet
  facet normal -0 0 -1
    outer loop
      vertex -11.9958 -15.2679 2.82
      vertex -13.1198 -15.625 2.82
      vertex -12.2301 -14.9 2.82
    endloop
  endfacet
  facet normal 0 0 -1
    outer loop
      vertex -13.3394 -15.2033 2.82
      vertex -12.2301 -14.9 2.82
      vertex -13.1198 -15.625 2.82
    endloop
  endfacet
  facet normal -0 0 -1
    outer loop
      vertex -12.2301 -14.9 2.82
      vertex -13.3394 -15.2033 2.82
      vertex -12.4315 -14.5131 2.82
    endloop
  endfacet
  facet normal 0 0 -1
    outer loop
      vertex -13.5213 -14.764 2.82
      vertex -12.4315 -14.5131 2.82
      vertex -13.3394 -15.2033 2.82
    endloop
  endfacet
  facet normal -0 0 -1
    outer loop
      vertex -12.4315 -14.5131 2.82
      vertex -13.5213 -14.764 2.82
      vertex -12.5984 -14.1101 2.82
    endloop
  endfacet
  facet normal 0 0 -1
    outer loop
      vertex -13.6643 -14.3106 2.82
      vertex -12.5984 -14.1101 2.82
      vertex -13.5213 -14.764 2.82
    endloop
  endfacet
  facet normal 0 0 -1
    outer loop
      vertex -13.7672 -13.8464 2.82
      vertex -12.7296 -13.6941 2.82
      vertex -13.6643 -14.3106 2.82
    endloop
  endfacet
  facet normal -0 0 -1
    outer loop
      vertex -12.5984 -14.1101 2.82
      vertex -13.6643 -14.3106 2.82
      vertex -12.7296 -13.6941 2.82
    endloop
  endfacet
  facet normal -0 0 -1
    outer loop
      vertex 13.7672 13.8464 2.82
      vertex 12.7296 13.6941 2.82
      vertex 13.6643 14.3106 2.82
    endloop
  endfacet
  facet normal 0 0 -1
    outer loop
      vertex 12.5984 14.1101 2.82
      vertex 13.6643 14.3106 2.82
      vertex 12.7296 13.6941 2.82
    endloop
  endfacet
  facet normal -0 0 -1
    outer loop
      vertex 13.6643 14.3106 2.82
      vertex 12.5984 14.1101 2.82
      vertex 13.5213 14.764 2.82
    endloop
  endfacet
  facet normal 0 0 -1
    outer loop
      vertex 12.4315 14.5131 2.82
      vertex 13.5213 14.764 2.82
      vertex 12.5984 14.1101 2.82
    endloop
  endfacet
  facet normal -0 0 -1
    outer loop
      vertex 13.5213 14.764 2.82
      vertex 12.4315 14.5131 2.82
      vertex 13.3394 15.2033 2.82
    endloop
  endfacet
  facet normal 0 0 -1
    outer loop
      vertex 12.2301 14.9 2.82
      vertex 13.3394 15.2033 2.82
      vertex 12.4315 14.5131 2.82
    endloop
  endfacet
  facet normal -0 0 -1
    outer loop
      vertex 13.3394 15.2033 2.82
      vertex 12.2301 14.9 2.82
      vertex 13.1198 15.625 2.82
    endloop
  endfacet
  facet normal 0 0 -1
    outer loop
      vertex 11.9958 15.2679 2.82
      vertex 13.1198 15.625 2.82
      vertex 12.2301 14.9 2.82
    endloop
  endfacet
  facet normal -0 0 -1
    outer loop
      vertex 13.1198 15.625 2.82
      vertex 11.9958 15.2679 2.82
      vertex 12.8644 16.026 2.82
    endloop
  endfacet
  facet normal 0 0 -1
    outer loop
      vertex 11.7302 15.6139 2.82
      vertex 12.8644 16.026 2.82
      vertex 11.9958 15.2679 2.82
    endloop
  endfacet
  facet normal -0 0 -1
    outer loop
      vertex 12.8644 16.026 2.82
      vertex 11.7302 15.6139 2.82
      vertex 12.5749 16.4032 2.82
    endloop
  endfacet
  facet normal 0 0 -1
    outer loop
      vertex 11.4355 15.9355 2.82
      vertex 12.5749 16.4032 2.82
      vertex 11.7302 15.6139 2.82
    endloop
  endfacet
  facet normal -0 0 -1
    outer loop
      vertex 12.5749 16.4032 2.82
      vertex 11.4355 15.9355 2.82
      vertex 12.2537 16.7537 2.82
    endloop
  endfacet
  facet normal -0 0 -1
    outer loop
      vertex 12.2537 16.7537 2.82
      vertex 11.4355 15.9355 2.82
      vertex 11.9032 17.0749 2.82
    endloop
  endfacet
  facet normal 0 0 -1
    outer loop
      vertex 11.1139 16.2302 2.82
      vertex 11.9032 17.0749 2.82
      vertex 11.4355 15.9355 2.82
    endloop
  endfacet
  facet normal -0 0 -1
    outer loop
      vertex 11.9032 17.0749 2.82
      vertex 11.1139 16.2302 2.82
      vertex 11.526 17.3644 2.82
    endloop
  endfacet
  facet normal 0 0 -1
    outer loop
      vertex 10.7679 16.4958 2.82
      vertex 11.526 17.3644 2.82
      vertex 11.1139 16.2302 2.82
    endloop
  endfacet
  facet normal -0 0 -1
    outer loop
      vertex 11.526 17.3644 2.82
      vertex 10.7679 16.4958 2.82
      vertex 11.125 17.6198 2.82
    endloop
  endfacet
  facet normal 0 0 -1
    outer loop
      vertex 10.4 16.7301 2.82
      vertex 11.125 17.6198 2.82
      vertex 10.7679 16.4958 2.82
    endloop
  endfacet
  facet normal -0 0 -1
    outer loop
      vertex 11.125 17.6198 2.82
      vertex 10.4 16.7301 2.82
      vertex 10.7033 17.8394 2.82
    endloop
  endfacet
  facet normal 0 0 -1
    outer loop
      vertex 10.0131 16.9315 2.82
      vertex 10.7033 17.8394 2.82
      vertex 10.4 16.7301 2.82
    endloop
  endfacet
  facet normal -0 0 -1
    outer loop
      vertex 10.7033 17.8394 2.82
      vertex 10.0131 16.9315 2.82
      vertex 10.264 18.0213 2.82
    endloop
  endfacet
  facet normal 0 0 -1
    outer loop
      vertex 9.61009 17.0984 2.82
      vertex 10.264 18.0213 2.82
      vertex 10.0131 16.9315 2.82
    endloop
  endfacet
  facet normal -0 0 -1
    outer loop
      vertex 10.264 18.0213 2.82
      vertex 9.61009 17.0984 2.82
      vertex 9.81056 18.1643 2.82
    endloop
  endfacet
  facet normal 0 0 -1
    outer loop
      vertex 9.19409 17.2296 2.82
      vertex 9.81056 18.1643 2.82
      vertex 9.61009 17.0984 2.82
    endloop
  endfacet
  facet normal -0 0 -1
    outer loop
      vertex 9.81056 18.1643 2.82
      vertex 9.19409 17.2296 2.82
      vertex 9.34637 18.2672 2.82
    endloop
  endfacet
  facet normal 0 0 -1
    outer loop
      vertex 8.76823 17.324 2.82
      vertex 9.34637 18.2672 2.82
      vertex 9.19409 17.2296 2.82
    endloop
  endfacet
  facet normal -0 0 -1
    outer loop
      vertex 9.34637 18.2672 2.82
      vertex 8.76823 17.324 2.82
      vertex 8.875 18.3293 2.82
    endloop
  endfacet
  facet normal 0 0 -1
    outer loop
      vertex 8.76823 17.324 2.82
      vertex 8.39999 18.35 2.82
      vertex 8.875 18.3293 2.82
    endloop
  endfacet
  facet normal 0 0 -1
    outer loop
      vertex 8.33577 17.381 2.82
      vertex 8.39999 18.35 2.82
      vertex 8.76823 17.324 2.82
    endloop
  endfacet
  facet normal 0 0 -1
    outer loop
      vertex 7.89999 17.4 2.82
      vertex 8.39999 18.35 2.82
      vertex 8.33577 17.381 2.82
    endloop
  endfacet
  facet normal 0 0 -1
    outer loop
      vertex -7.89999 17.4 2.82
      vertex 8.39999 18.35 2.82
      vertex 7.89999 17.4 2.82
    endloop
  endfacet
  facet normal 0 0 -1
    outer loop
      vertex -8.39999 18.35 2.82
      vertex -7.89999 17.4 2.82
      vertex -8.33577 17.381 2.82
    endloop
  endfacet
  facet normal 0 0 -1
    outer loop
      vertex -7.89999 17.4 2.82
      vertex -8.39999 18.35 2.82
      vertex 8.39999 18.35 2.82
    endloop
  endfacet
  facet normal 0 0 -1
    outer loop
      vertex -8.76823 17.324 2.82
      vertex -8.39999 18.35 2.82
      vertex -8.33577 17.381 2.82
    endloop
  endfacet
  facet normal 0 0 -1
    outer loop
      vertex -8.76823 17.324 2.82
      vertex -8.875 18.3293 2.82
      vertex -8.39999 18.35 2.82
    endloop
  endfacet
  facet normal 0 0 -1
    outer loop
      vertex -9.34637 18.2672 2.82
      vertex -8.76823 17.324 2.82
      vertex -9.19409 17.2296 2.82
    endloop
  endfacet
  facet normal 0 0 -1
    outer loop
      vertex -8.76823 17.324 2.82
      vertex -9.34637 18.2672 2.82
      vertex -8.875 18.3293 2.82
    endloop
  endfacet
  facet normal 0 0 -1
    outer loop
      vertex -9.81056 18.1643 2.82
      vertex -9.19409 17.2296 2.82
      vertex -9.61009 17.0984 2.82
    endloop
  endfacet
  facet normal 0 0 -1
    outer loop
      vertex -9.19409 17.2296 2.82
      vertex -9.81056 18.1643 2.82
      vertex -9.34637 18.2672 2.82
    endloop
  endfacet
  facet normal 0 0 -1
    outer loop
      vertex -10.264 18.0213 2.82
      vertex -9.61009 17.0984 2.82
      vertex -10.0131 16.9315 2.82
    endloop
  endfacet
  facet normal 0 0 -1
    outer loop
      vertex -9.61009 17.0984 2.82
      vertex -10.264 18.0213 2.82
      vertex -9.81056 18.1643 2.82
    endloop
  endfacet
  facet normal 0 0 -1
    outer loop
      vertex -10.7033 17.8394 2.82
      vertex -10.0131 16.9315 2.82
      vertex -10.4 16.7301 2.82
    endloop
  endfacet
  facet normal 0 0 -1
    outer loop
      vertex -10.0131 16.9315 2.82
      vertex -10.7033 17.8394 2.82
      vertex -10.264 18.0213 2.82
    endloop
  endfacet
  facet normal 0 0 -1
    outer loop
      vertex -11.125 17.6198 2.82
      vertex -10.4 16.7301 2.82
      vertex -10.7679 16.4958 2.82
    endloop
  endfacet
  facet normal 0 0 -1
    outer loop
      vertex -11.526 17.3644 2.82
      vertex -10.7679 16.4958 2.82
      vertex -11.1139 16.2302 2.82
    endloop
  endfacet
  facet normal 0 0 -1
    outer loop
      vertex -10.4 16.7301 2.82
      vertex -11.125 17.6198 2.82
      vertex -10.7033 17.8394 2.82
    endloop
  endfacet
  facet normal 0 0 -1
    outer loop
      vertex -11.9032 17.0749 2.82
      vertex -11.1139 16.2302 2.82
      vertex -11.4355 15.9355 2.82
    endloop
  endfacet
  facet normal 0 0 -1
    outer loop
      vertex -10.7679 16.4958 2.82
      vertex -11.526 17.3644 2.82
      vertex -11.125 17.6198 2.82
    endloop
  endfacet
  facet normal 0 0 -1
    outer loop
      vertex -12.5749 16.4032 2.82
      vertex -11.4355 15.9355 2.82
      vertex -11.7302 15.6139 2.82
    endloop
  endfacet
  facet normal 0 0 -1
    outer loop
      vertex -11.1139 16.2302 2.82
      vertex -11.9032 17.0749 2.82
      vertex -11.526 17.3644 2.82
    endloop
  endfacet
  facet normal 0 0 -1
    outer loop
      vertex -12.8644 16.026 2.82
      vertex -11.7302 15.6139 2.82
      vertex -11.9958 15.2679 2.82
    endloop
  endfacet
  facet normal 0 0 -1
    outer loop
      vertex -13.1198 15.625 2.82
      vertex -11.9958 15.2679 2.82
      vertex -12.2301 14.9 2.82
    endloop
  endfacet
  facet normal 0 0 -1
    outer loop
      vertex -11.4355 15.9355 2.82
      vertex -12.2537 16.7537 2.82
      vertex -11.9032 17.0749 2.82
    endloop
  endfacet
  facet normal 0 0 -1
    outer loop
      vertex -13.3394 15.2033 2.82
      vertex -12.2301 14.9 2.82
      vertex -12.4315 14.5131 2.82
    endloop
  endfacet
  facet normal 0 0 -1
    outer loop
      vertex -11.4355 15.9355 2.82
      vertex -12.5749 16.4032 2.82
      vertex -12.2537 16.7537 2.82
    endloop
  endfacet
  facet normal 0 0 -1
    outer loop
      vertex -13.5213 14.764 2.82
      vertex -12.4315 14.5131 2.82
      vertex -12.5984 14.1101 2.82
    endloop
  endfacet
  facet normal 0 0 -1
    outer loop
      vertex -13.6643 14.3106 2.82
      vertex -12.5984 14.1101 2.82
      vertex -12.7296 13.6941 2.82
    endloop
  endfacet
  facet normal 0 0 -1
    outer loop
      vertex -13.7672 13.8464 2.82
      vertex -12.7296 13.6941 2.82
      vertex -12.824 13.2682 2.82
    endloop
  endfacet
  facet normal 0 0 -1
    outer loop
      vertex -11.7302 15.6139 2.82
      vertex -12.8644 16.026 2.82
      vertex -12.5749 16.4032 2.82
    endloop
  endfacet
  facet normal 0 0 -1
    outer loop
      vertex -13.8293 13.375 2.82
      vertex -12.824 13.2682 2.82
      vertex -12.881 12.8358 2.82
    endloop
  endfacet
  facet normal 0 0 -1
    outer loop
      vertex -13.85 12.9 2.82
      vertex -12.881 12.8358 2.82
      vertex -12.9 12.4 2.82
    endloop
  endfacet
  facet normal 0 0 -1
    outer loop
      vertex -11.9958 15.2679 2.82
      vertex -13.1198 15.625 2.82
      vertex -12.8644 16.026 2.82
    endloop
  endfacet
  facet normal -0 0 -1
    outer loop
      vertex -12.9 -12.4 2.82
      vertex -13.85 -12.9 2.82
      vertex -12.9 12.4 2.82
    endloop
  endfacet
  facet normal -0 0 -1
    outer loop
      vertex -12.7296 -13.6941 2.82
      vertex -13.7672 -13.8464 2.82
      vertex -12.824 -13.2682 2.82
    endloop
  endfacet
  facet normal 0 0 -1
    outer loop
      vertex -13.85 12.9 2.82
      vertex -12.9 12.4 2.82
      vertex -13.85 -12.9 2.82
    endloop
  endfacet
  facet normal 0 0 -1
    outer loop
      vertex -13.8293 -13.375 2.82
      vertex -12.824 -13.2682 2.82
      vertex -13.7672 -13.8464 2.82
    endloop
  endfacet
  facet normal 0 0 -1
    outer loop
      vertex -12.881 12.8358 2.82
      vertex -13.85 12.9 2.82
      vertex -13.8293 13.375 2.82
    endloop
  endfacet
  facet normal -0 0 -1
    outer loop
      vertex -12.824 -13.2682 2.82
      vertex -13.8293 -13.375 2.82
      vertex -12.881 -12.8358 2.82
    endloop
  endfacet
  facet normal 0 0 -1
    outer loop
      vertex -12.2301 14.9 2.82
      vertex -13.3394 15.2033 2.82
      vertex -13.1198 15.625 2.82
    endloop
  endfacet
  facet normal 0 0 -1
    outer loop
      vertex -13.85 -12.9 2.82
      vertex -12.881 -12.8358 2.82
      vertex -13.8293 -13.375 2.82
    endloop
  endfacet
  facet normal 0 0 -1
    outer loop
      vertex -12.4315 14.5131 2.82
      vertex -13.5213 14.764 2.82
      vertex -13.3394 15.2033 2.82
    endloop
  endfacet
  facet normal -0 0 -1
    outer loop
      vertex -12.881 -12.8358 2.82
      vertex -13.85 -12.9 2.82
      vertex -12.9 -12.4 2.82
    endloop
  endfacet
  facet normal 0 0 -1
    outer loop
      vertex -12.5984 14.1101 2.82
      vertex -13.6643 14.3106 2.82
      vertex -13.5213 14.764 2.82
    endloop
  endfacet
  facet normal 0 0 -1
    outer loop
      vertex -12.7296 13.6941 2.82
      vertex -13.7672 13.8464 2.82
      vertex -13.6643 14.3106 2.82
    endloop
  endfacet
  facet normal 0 0 -1
    outer loop
      vertex -12.824 13.2682 2.82
      vertex -13.8293 13.375 2.82
      vertex -13.7672 13.8464 2.82
    endloop
  endfacet
  facet normal -0.793288 0.608846 0
    outer loop
      vertex 12.5749 -16.4032 0
      vertex 12.8644 -16.026 2.82
      vertex 12.8644 -16.026 0
    endloop
  endfacet
  facet normal -0.793288 0.608846 0
    outer loop
      vertex 12.8644 -16.026 2.82
      vertex 12.5749 -16.4032 0
      vertex 12.5749 -16.4032 2.82
    endloop
  endfacet
  facet normal -0.67562 0.73725 0
    outer loop
      vertex 12.2537 -16.7537 0
      vertex 11.9032 -17.0749 2.82
      vertex 12.2537 -16.7537 2.82
    endloop
  endfacet
  facet normal -0.67562 0.73725 0
    outer loop
      vertex 11.9032 -17.0749 2.82
      vertex 12.2537 -16.7537 0
      vertex 11.9032 -17.0749 0
    endloop
  endfacet
  facet normal 0.793288 -0.608846 0
    outer loop
      vertex -12.8644 16.026 2.82
      vertex -12.5749 16.4032 0
      vertex -12.5749 16.4032 2.82
    endloop
  endfacet
  facet normal 0.793288 -0.608846 0
    outer loop
      vertex -12.5749 16.4032 0
      vertex -12.8644 16.026 2.82
      vertex -12.8644 16.026 0
    endloop
  endfacet
  facet normal -0.923927 -0.382569 0
    outer loop
      vertex 13.5213 14.764 0
      vertex 13.3394 15.2033 2.82
      vertex 13.3394 15.2033 0
    endloop
  endfacet
  facet normal -0.923927 -0.382569 0
    outer loop
      vertex 13.3394 15.2033 2.82
      vertex 13.5213 14.764 0
      vertex 13.5213 14.764 2.82
    endloop
  endfacet
  facet normal -0.537202 0.843454 0
    outer loop
      vertex 11.526 -17.3644 0
      vertex 11.125 -17.6198 2.82
      vertex 11.526 -17.3644 2.82
    endloop
  endfacet
  facet normal -0.537202 0.843454 0
    outer loop
      vertex 11.125 -17.6198 2.82
      vertex 11.526 -17.3644 0
      vertex 11.125 -17.6198 0
    endloop
  endfacet
  facet normal -0.953691 -0.300789 0
    outer loop
      vertex 13.6643 14.3106 0
      vertex 13.5213 14.764 2.82
      vertex 13.5213 14.764 0
    endloop
  endfacet
  facet normal -0.953691 -0.300789 0
    outer loop
      vertex 13.5213 14.764 2.82
      vertex 13.6643 14.3106 0
      vertex 13.6643 14.3106 2.82
    endloop
  endfacet
  facet normal -0.216416 0.976301 0
    outer loop
      vertex 9.19409 -17.2296 2.82
      vertex 8.76823 -17.324 8.65
      vertex 9.19409 -17.2296 8.65
    endloop
  endfacet
  facet normal -0.216416 0.976301 0
    outer loop
      vertex 8.76823 -17.324 8.65
      vertex 9.19409 -17.2296 2.82
      vertex 8.76823 -17.324 2.82
    endloop
  endfacet
  facet normal -0.461735 -0.887018 0
    outer loop
      vertex 10.0131 16.9315 2.82
      vertex 10.4 16.7301 8.65
      vertex 10.0131 16.9315 8.65
    endloop
  endfacet
  facet normal -0.461735 -0.887018 -0
    outer loop
      vertex 10.4 16.7301 8.65
      vertex 10.0131 16.9315 2.82
      vertex 10.4 16.7301 2.82
    endloop
  endfacet
  facet normal -0.976306 -0.216396 0
    outer loop
      vertex 12.824 13.2682 2.82
      vertex 12.7296 13.6941 8.65
      vertex 12.7296 13.6941 2.82
    endloop
  endfacet
  facet normal -0.976306 -0.216396 0
    outer loop
      vertex 12.7296 13.6941 8.65
      vertex 12.824 13.2682 2.82
      vertex 12.824 13.2682 8.65
    endloop
  endfacet
  facet normal 0.0435586 -0.999051 0
    outer loop
      vertex -8.33577 17.381 2.82
      vertex -7.89999 17.4 8.65
      vertex -8.33577 17.381 8.65
    endloop
  endfacet
  facet normal 0.0435586 -0.999051 0
    outer loop
      vertex -7.89999 17.4 8.65
      vertex -8.33577 17.381 2.82
      vertex -7.89999 17.4 2.82
    endloop
  endfacet
  facet normal 0.130674 0.991425 -0
    outer loop
      vertex -8.33577 -17.381 2.82
      vertex -8.76823 -17.324 8.65
      vertex -8.33577 -17.381 8.65
    endloop
  endfacet
  facet normal 0.130674 0.991425 0
    outer loop
      vertex -8.76823 -17.324 8.65
      vertex -8.33577 -17.381 2.82
      vertex -8.76823 -17.324 2.82
    endloop
  endfacet
  facet normal -1 0 0
    outer loop
      vertex 12.9 -12.4 2.82
      vertex 12.9 12.4 8.65
      vertex 12.9 12.4 2.82
    endloop
  endfacet
  facet normal -1 -0 0
    outer loop
      vertex 12.9 12.4 8.65
      vertex 12.9 -12.4 2.82
      vertex 12.9 -12.4 8.65
    endloop
  endfacet
  facet normal 0.38262 0.923906 -0
    outer loop
      vertex -9.61009 -17.0984 2.82
      vertex -10.0131 -16.9315 8.65
      vertex -9.61009 -17.0984 8.65
    endloop
  endfacet
  facet normal 0.38262 0.923906 0
    outer loop
      vertex -10.0131 -16.9315 8.65
      vertex -9.61009 -17.0984 2.82
      vertex -10.0131 -16.9315 2.82
    endloop
  endfacet
  facet normal -0.130674 0.991425 0
    outer loop
      vertex 8.76823 -17.324 2.82
      vertex 8.33577 -17.381 8.65
      vertex 8.76823 -17.324 8.65
    endloop
  endfacet
  facet normal -0.130674 0.991425 0
    outer loop
      vertex 8.33577 -17.381 8.65
      vertex 8.76823 -17.324 2.82
      vertex 8.33577 -17.381 2.82
    endloop
  endfacet
  facet normal -0.38262 -0.923906 0
    outer loop
      vertex 9.61009 17.0984 2.82
      vertex 10.0131 16.9315 8.65
      vertex 9.61009 17.0984 8.65
    endloop
  endfacet
  facet normal -0.38262 -0.923906 -0
    outer loop
      vertex 10.0131 16.9315 8.65
      vertex 9.61009 17.0984 2.82
      vertex 10.0131 16.9315 2.82
    endloop
  endfacet
  facet normal -0.737268 0.6756 0
    outer loop
      vertex 11.4355 -15.9355 2.82
      vertex 11.7302 -15.6139 8.65
      vertex 11.7302 -15.6139 2.82
    endloop
  endfacet
  facet normal -0.737268 0.6756 0
    outer loop
      vertex 11.7302 -15.6139 8.65
      vertex 11.4355 -15.9355 2.82
      vertex 11.4355 -15.9355 8.65
    endloop
  endfacet
  facet normal 0 1 -0
    outer loop
      vertex 7.89999 -17.4 2.82
      vertex -7.89999 -17.4 8.65
      vertex 7.89999 -17.4 8.65
    endloop
  endfacet
  facet normal 0 1 0
    outer loop
      vertex -7.89999 -17.4 8.65
      vertex 7.89999 -17.4 2.82
      vertex -7.89999 -17.4 2.82
    endloop
  endfacet
  facet normal 0 -1 0
    outer loop
      vertex -7.89999 17.4 2.82
      vertex 7.89999 17.4 8.65
      vertex -7.89999 17.4 8.65
    endloop
  endfacet
  facet normal 0 -1 -0
    outer loop
      vertex 7.89999 17.4 8.65
      vertex -7.89999 17.4 2.82
      vertex 7.89999 17.4 2.82
    endloop
  endfacet
  facet normal -0.0435586 0.999051 0
    outer loop
      vertex 8.33577 -17.381 2.82
      vertex 7.89999 -17.4 8.65
      vertex 8.33577 -17.381 8.65
    endloop
  endfacet
  facet normal -0.0435586 0.999051 0
    outer loop
      vertex 7.89999 -17.4 8.65
      vertex 8.33577 -17.381 2.82
      vertex 7.89999 -17.4 2.82
    endloop
  endfacet
  facet normal 0.843473 -0.537172 0
    outer loop
      vertex -12.2301 14.9 8.65
      vertex -11.9958 15.2679 2.82
      vertex -11.9958 15.2679 8.65
    endloop
  endfacet
  facet normal 0.843473 -0.537172 0
    outer loop
      vertex -11.9958 15.2679 2.82
      vertex -12.2301 14.9 8.65
      vertex -12.2301 14.9 2.82
    endloop
  endfacet
  facet normal 0.991423 -0.130692 0
    outer loop
      vertex -12.881 12.8358 8.65
      vertex -12.824 13.2682 2.82
      vertex -12.824 13.2682 8.65
    endloop
  endfacet
  facet normal 0.991423 -0.130692 0
    outer loop
      vertex -12.824 13.2682 2.82
      vertex -12.881 12.8358 8.65
      vertex -12.881 12.8358 2.82
    endloop
  endfacet
  facet normal 0.608913 0.793237 -0
    outer loop
      vertex -10.7679 -16.4958 2.82
      vertex -11.1139 -16.2302 8.65
      vertex -10.7679 -16.4958 8.65
    endloop
  endfacet
  facet normal 0.608913 0.793237 0
    outer loop
      vertex -11.1139 -16.2302 8.65
      vertex -10.7679 -16.4958 2.82
      vertex -11.1139 -16.2302 2.82
    endloop
  endfacet
  facet normal 0.923902 0.382629 0
    outer loop
      vertex -12.4315 -14.5131 8.65
      vertex -12.5984 -14.1101 2.82
      vertex -12.5984 -14.1101 8.65
    endloop
  endfacet
  facet normal 0.923902 0.382629 0
    outer loop
      vertex -12.5984 -14.1101 2.82
      vertex -12.4315 -14.5131 8.65
      vertex -12.4315 -14.5131 2.82
    endloop
  endfacet
  facet normal -0.976306 0.216396 0
    outer loop
      vertex 12.7296 -13.6941 2.82
      vertex 12.824 -13.2682 8.65
      vertex 12.824 -13.2682 2.82
    endloop
  endfacet
  facet normal -0.976306 0.216396 0
    outer loop
      vertex 12.824 -13.2682 8.65
      vertex 12.7296 -13.6941 2.82
      vertex 12.7296 -13.6941 8.65
    endloop
  endfacet
  facet normal -0.6756 -0.737268 0
    outer loop
      vertex 11.1139 16.2302 2.82
      vertex 11.4355 15.9355 8.65
      vertex 11.1139 16.2302 8.65
    endloop
  endfacet
  facet normal -0.6756 -0.737268 -0
    outer loop
      vertex 11.4355 15.9355 8.65
      vertex 11.1139 16.2302 2.82
      vertex 11.4355 15.9355 2.82
    endloop
  endfacet
  facet normal -0.887018 0.461735 0
    outer loop
      vertex 12.2301 -14.9 2.82
      vertex 12.4315 -14.5131 8.65
      vertex 12.4315 -14.5131 2.82
    endloop
  endfacet
  facet normal -0.887018 0.461735 0
    outer loop
      vertex 12.4315 -14.5131 8.65
      vertex 12.2301 -14.9 2.82
      vertex 12.2301 -14.9 8.65
    endloop
  endfacet
  facet normal 0.843473 0.537172 0
    outer loop
      vertex -11.9958 -15.2679 8.65
      vertex -12.2301 -14.9 2.82
      vertex -12.2301 -14.9 8.65
    endloop
  endfacet
  facet normal 0.843473 0.537172 0
    outer loop
      vertex -12.2301 -14.9 2.82
      vertex -11.9958 -15.2679 8.65
      vertex -11.9958 -15.2679 2.82
    endloop
  endfacet
  facet normal -0.0435586 -0.999051 0
    outer loop
      vertex 7.89999 17.4 2.82
      vertex 8.33577 17.381 8.65
      vertex 7.89999 17.4 8.65
    endloop
  endfacet
  facet normal -0.0435586 -0.999051 -0
    outer loop
      vertex 8.33577 17.381 8.65
      vertex 7.89999 17.4 2.82
      vertex 8.33577 17.381 2.82
    endloop
  endfacet
  facet normal 0.976306 -0.216396 0
    outer loop
      vertex -12.824 13.2682 8.65
      vertex -12.7296 13.6941 2.82
      vertex -12.7296 13.6941 8.65
    endloop
  endfacet
  facet normal 0.976306 -0.216396 0
    outer loop
      vertex -12.7296 13.6941 2.82
      vertex -12.824 13.2682 8.65
      vertex -12.824 13.2682 2.82
    endloop
  endfacet
  facet normal 0.0435586 0.999051 -0
    outer loop
      vertex -7.89999 -17.4 2.82
      vertex -8.33577 -17.381 8.65
      vertex -7.89999 -17.4 8.65
    endloop
  endfacet
  facet normal 0.0435586 0.999051 0
    outer loop
      vertex -8.33577 -17.381 8.65
      vertex -7.89999 -17.4 2.82
      vertex -8.33577 -17.381 2.82
    endloop
  endfacet
  facet normal -0.130674 -0.991425 0
    outer loop
      vertex 8.33577 17.381 2.82
      vertex 8.76823 17.324 8.65
      vertex 8.33577 17.381 8.65
    endloop
  endfacet
  facet normal -0.130674 -0.991425 -0
    outer loop
      vertex 8.76823 17.324 8.65
      vertex 8.33577 17.381 2.82
      vertex 8.76823 17.324 2.82
    endloop
  endfacet
  facet normal 0.887018 -0.461735 0
    outer loop
      vertex -12.4315 14.5131 8.65
      vertex -12.2301 14.9 2.82
      vertex -12.2301 14.9 8.65
    endloop
  endfacet
  facet normal 0.887018 -0.461735 0
    outer loop
      vertex -12.2301 14.9 2.82
      vertex -12.4315 14.5131 8.65
      vertex -12.4315 14.5131 2.82
    endloop
  endfacet
  facet normal 0.991423 0.130692 0
    outer loop
      vertex -12.824 -13.2682 8.65
      vertex -12.881 -12.8358 2.82
      vertex -12.881 -12.8358 8.65
    endloop
  endfacet
  facet normal 0.991423 0.130692 0
    outer loop
      vertex -12.881 -12.8358 2.82
      vertex -12.824 -13.2682 8.65
      vertex -12.824 -13.2682 2.82
    endloop
  endfacet
  facet normal 0.887018 0.461735 0
    outer loop
      vertex -12.2301 -14.9 8.65
      vertex -12.4315 -14.5131 2.82
      vertex -12.4315 -14.5131 8.65
    endloop
  endfacet
  facet normal 0.887018 0.461735 0
    outer loop
      vertex -12.4315 -14.5131 2.82
      vertex -12.2301 -14.9 8.65
      vertex -12.2301 -14.9 2.82
    endloop
  endfacet
  facet normal -0.537172 -0.843473 0
    outer loop
      vertex 10.4 16.7301 2.82
      vertex 10.7679 16.4958 8.65
      vertex 10.4 16.7301 8.65
    endloop
  endfacet
  facet normal -0.537172 -0.843473 -0
    outer loop
      vertex 10.7679 16.4958 8.65
      vertex 10.4 16.7301 2.82
      vertex 10.7679 16.4958 2.82
    endloop
  endfacet
  facet normal -0.537172 0.843473 0
    outer loop
      vertex 10.7679 -16.4958 2.82
      vertex 10.4 -16.7301 8.65
      vertex 10.7679 -16.4958 8.65
    endloop
  endfacet
  facet normal -0.537172 0.843473 0
    outer loop
      vertex 10.4 -16.7301 8.65
      vertex 10.7679 -16.4958 2.82
      vertex 10.4 -16.7301 2.82
    endloop
  endfacet
  facet normal -0.793237 0.608913 0
    outer loop
      vertex 11.7302 -15.6139 2.82
      vertex 11.9958 -15.2679 8.65
      vertex 11.9958 -15.2679 2.82
    endloop
  endfacet
  facet normal -0.793237 0.608913 0
    outer loop
      vertex 11.9958 -15.2679 8.65
      vertex 11.7302 -15.6139 2.82
      vertex 11.7302 -15.6139 8.65
    endloop
  endfacet
  facet normal 0.537172 0.843473 -0
    outer loop
      vertex -10.4 -16.7301 2.82
      vertex -10.7679 -16.4958 8.65
      vertex -10.4 -16.7301 8.65
    endloop
  endfacet
  facet normal 0.537172 0.843473 0
    outer loop
      vertex -10.7679 -16.4958 8.65
      vertex -10.4 -16.7301 2.82
      vertex -10.7679 -16.4958 2.82
    endloop
  endfacet
  facet normal -0.887018 -0.461735 0
    outer loop
      vertex 12.4315 14.5131 2.82
      vertex 12.2301 14.9 8.65
      vertex 12.2301 14.9 2.82
    endloop
  endfacet
  facet normal -0.887018 -0.461735 0
    outer loop
      vertex 12.2301 14.9 8.65
      vertex 12.4315 14.5131 2.82
      vertex 12.4315 14.5131 8.65
    endloop
  endfacet
  facet normal 0.216416 -0.976301 0
    outer loop
      vertex -9.19409 17.2296 2.82
      vertex -8.76823 17.324 8.65
      vertex -9.19409 17.2296 8.65
    endloop
  endfacet
  facet normal 0.216416 -0.976301 0
    outer loop
      vertex -8.76823 17.324 8.65
      vertex -9.19409 17.2296 2.82
      vertex -8.76823 17.324 2.82
    endloop
  endfacet
  facet normal 0.953693 0.30078 0
    outer loop
      vertex -12.5984 -14.1101 8.65
      vertex -12.7296 -13.6941 2.82
      vertex -12.7296 -13.6941 8.65
    endloop
  endfacet
  facet normal 0.953693 0.30078 0
    outer loop
      vertex -12.7296 -13.6941 2.82
      vertex -12.5984 -14.1101 8.65
      vertex -12.5984 -14.1101 2.82
    endloop
  endfacet
  facet normal -0.793237 -0.608913 0
    outer loop
      vertex 11.9958 15.2679 2.82
      vertex 11.7302 15.6139 8.65
      vertex 11.7302 15.6139 2.82
    endloop
  endfacet
  facet normal -0.793237 -0.608913 0
    outer loop
      vertex 11.7302 15.6139 8.65
      vertex 11.9958 15.2679 2.82
      vertex 11.9958 15.2679 8.65
    endloop
  endfacet
  facet normal -0.216416 -0.976301 0
    outer loop
      vertex 8.76823 17.324 2.82
      vertex 9.19409 17.2296 8.65
      vertex 8.76823 17.324 8.65
    endloop
  endfacet
  facet normal -0.216416 -0.976301 -0
    outer loop
      vertex 9.19409 17.2296 8.65
      vertex 8.76823 17.324 2.82
      vertex 9.19409 17.2296 2.82
    endloop
  endfacet
  facet normal 1 -0 0
    outer loop
      vertex -12.9 -12.4 8.65
      vertex -12.9 12.4 2.82
      vertex -12.9 12.4 8.65
    endloop
  endfacet
  facet normal 1 0 0
    outer loop
      vertex -12.9 12.4 2.82
      vertex -12.9 -12.4 8.65
      vertex -12.9 -12.4 2.82
    endloop
  endfacet
  facet normal -0.30078 0.953693 0
    outer loop
      vertex 9.61009 -17.0984 2.82
      vertex 9.19409 -17.2296 8.65
      vertex 9.61009 -17.0984 8.65
    endloop
  endfacet
  facet normal -0.30078 0.953693 0
    outer loop
      vertex 9.19409 -17.2296 8.65
      vertex 9.61009 -17.0984 2.82
      vertex 9.19409 -17.2296 2.82
    endloop
  endfacet
  facet normal 0.976306 0.216396 0
    outer loop
      vertex -12.7296 -13.6941 8.65
      vertex -12.824 -13.2682 2.82
      vertex -12.824 -13.2682 8.65
    endloop
  endfacet
  facet normal 0.976306 0.216396 0
    outer loop
      vertex -12.824 -13.2682 2.82
      vertex -12.7296 -13.6941 8.65
      vertex -12.7296 -13.6941 2.82
    endloop
  endfacet
  facet normal 0.953693 -0.30078 0
    outer loop
      vertex -12.7296 13.6941 8.65
      vertex -12.5984 14.1101 2.82
      vertex -12.5984 14.1101 8.65
    endloop
  endfacet
  facet normal 0.953693 -0.30078 0
    outer loop
      vertex -12.5984 14.1101 2.82
      vertex -12.7296 13.6941 8.65
      vertex -12.7296 13.6941 2.82
    endloop
  endfacet
  facet normal 0.30078 0.953693 -0
    outer loop
      vertex -9.19409 -17.2296 2.82
      vertex -9.61009 -17.0984 8.65
      vertex -9.19409 -17.2296 8.65
    endloop
  endfacet
  facet normal 0.30078 0.953693 0
    outer loop
      vertex -9.61009 -17.0984 8.65
      vertex -9.19409 -17.2296 2.82
      vertex -9.61009 -17.0984 2.82
    endloop
  endfacet
  facet normal -0.461735 0.887018 0
    outer loop
      vertex 10.4 -16.7301 2.82
      vertex 10.0131 -16.9315 8.65
      vertex 10.4 -16.7301 8.65
    endloop
  endfacet
  facet normal -0.461735 0.887018 0
    outer loop
      vertex 10.0131 -16.9315 8.65
      vertex 10.4 -16.7301 2.82
      vertex 10.0131 -16.9315 2.82
    endloop
  endfacet
  facet normal -0.30078 -0.953693 0
    outer loop
      vertex 9.19409 17.2296 2.82
      vertex 9.61009 17.0984 8.65
      vertex 9.19409 17.2296 8.65
    endloop
  endfacet
  facet normal -0.30078 -0.953693 -0
    outer loop
      vertex 9.61009 17.0984 8.65
      vertex 9.19409 17.2296 2.82
      vertex 9.61009 17.0984 2.82
    endloop
  endfacet
  facet normal 0.130674 -0.991425 0
    outer loop
      vertex -8.76823 17.324 2.82
      vertex -8.33577 17.381 8.65
      vertex -8.76823 17.324 8.65
    endloop
  endfacet
  facet normal 0.130674 -0.991425 0
    outer loop
      vertex -8.33577 17.381 8.65
      vertex -8.76823 17.324 2.82
      vertex -8.33577 17.381 2.82
    endloop
  endfacet
  facet normal -0.843473 -0.537172 0
    outer loop
      vertex 12.2301 14.9 2.82
      vertex 11.9958 15.2679 8.65
      vertex 11.9958 15.2679 2.82
    endloop
  endfacet
  facet normal -0.843473 -0.537172 0
    outer loop
      vertex 11.9958 15.2679 8.65
      vertex 12.2301 14.9 2.82
      vertex 12.2301 14.9 8.65
    endloop
  endfacet
  facet normal -0.608913 0.793237 0
    outer loop
      vertex 11.1139 -16.2302 2.82
      vertex 10.7679 -16.4958 8.65
      vertex 11.1139 -16.2302 8.65
    endloop
  endfacet
  facet normal -0.608913 0.793237 0
    outer loop
      vertex 10.7679 -16.4958 8.65
      vertex 11.1139 -16.2302 2.82
      vertex 10.7679 -16.4958 2.82
    endloop
  endfacet
  facet normal 0.923902 -0.382629 0
    outer loop
      vertex -12.5984 14.1101 8.65
      vertex -12.4315 14.5131 2.82
      vertex -12.4315 14.5131 8.65
    endloop
  endfacet
  facet normal 0.923902 -0.382629 0
    outer loop
      vertex -12.4315 14.5131 2.82
      vertex -12.5984 14.1101 8.65
      vertex -12.5984 14.1101 2.82
    endloop
  endfacet
  facet normal -0.953693 -0.30078 0
    outer loop
      vertex 12.7296 13.6941 2.82
      vertex 12.5984 14.1101 8.65
      vertex 12.5984 14.1101 2.82
    endloop
  endfacet
  facet normal -0.953693 -0.30078 0
    outer loop
      vertex 12.5984 14.1101 8.65
      vertex 12.7296 13.6941 2.82
      vertex 12.7296 13.6941 8.65
    endloop
  endfacet
  facet normal 0.999051 0.0435566 0
    outer loop
      vertex -12.881 -12.8358 8.65
      vertex -12.9 -12.4 2.82
      vertex -12.9 -12.4 8.65
    endloop
  endfacet
  facet normal 0.999051 0.0435566 0
    outer loop
      vertex -12.9 -12.4 2.82
      vertex -12.881 -12.8358 8.65
      vertex -12.881 -12.8358 2.82
    endloop
  endfacet
  facet normal -0.999051 -0.0435566 0
    outer loop
      vertex 12.9 12.4 2.82
      vertex 12.881 12.8358 8.65
      vertex 12.881 12.8358 2.82
    endloop
  endfacet
  facet normal -0.999051 -0.0435566 0
    outer loop
      vertex 12.881 12.8358 8.65
      vertex 12.9 12.4 2.82
      vertex 12.9 12.4 8.65
    endloop
  endfacet
  facet normal -0.923902 0.382629 0
    outer loop
      vertex 12.4315 -14.5131 2.82
      vertex 12.5984 -14.1101 8.65
      vertex 12.5984 -14.1101 2.82
    endloop
  endfacet
  facet normal -0.923902 0.382629 0
    outer loop
      vertex 12.5984 -14.1101 8.65
      vertex 12.4315 -14.5131 2.82
      vertex 12.4315 -14.5131 8.65
    endloop
  endfacet
  facet normal -0.991423 -0.130692 0
    outer loop
      vertex 12.881 12.8358 2.82
      vertex 12.824 13.2682 8.65
      vertex 12.824 13.2682 2.82
    endloop
  endfacet
  facet normal -0.991423 -0.130692 0
    outer loop
      vertex 12.824 13.2682 8.65
      vertex 12.881 12.8358 2.82
      vertex 12.881 12.8358 8.65
    endloop
  endfacet
  facet normal -0.6756 0.737268 0
    outer loop
      vertex 11.4355 -15.9355 2.82
      vertex 11.1139 -16.2302 8.65
      vertex 11.4355 -15.9355 8.65
    endloop
  endfacet
  facet normal -0.6756 0.737268 0
    outer loop
      vertex 11.1139 -16.2302 8.65
      vertex 11.4355 -15.9355 2.82
      vertex 11.1139 -16.2302 2.82
    endloop
  endfacet
  facet normal 0.608913 -0.793237 0
    outer loop
      vertex -11.1139 16.2302 2.82
      vertex -10.7679 16.4958 8.65
      vertex -11.1139 16.2302 8.65
    endloop
  endfacet
  facet normal 0.608913 -0.793237 0
    outer loop
      vertex -10.7679 16.4958 8.65
      vertex -11.1139 16.2302 2.82
      vertex -10.7679 16.4958 2.82
    endloop
  endfacet
  facet normal 0.737268 0.6756 0
    outer loop
      vertex -11.4355 -15.9355 8.65
      vertex -11.7302 -15.6139 2.82
      vertex -11.7302 -15.6139 8.65
    endloop
  endfacet
  facet normal 0.737268 0.6756 0
    outer loop
      vertex -11.7302 -15.6139 2.82
      vertex -11.4355 -15.9355 8.65
      vertex -11.4355 -15.9355 2.82
    endloop
  endfacet
  facet normal -0.999051 0.0435566 0
    outer loop
      vertex 12.881 -12.8358 2.82
      vertex 12.9 -12.4 8.65
      vertex 12.9 -12.4 2.82
    endloop
  endfacet
  facet normal -0.999051 0.0435566 0
    outer loop
      vertex 12.9 -12.4 8.65
      vertex 12.881 -12.8358 2.82
      vertex 12.881 -12.8358 8.65
    endloop
  endfacet
  facet normal -0.608913 -0.793237 0
    outer loop
      vertex 10.7679 16.4958 2.82
      vertex 11.1139 16.2302 8.65
      vertex 10.7679 16.4958 8.65
    endloop
  endfacet
  facet normal -0.608913 -0.793237 -0
    outer loop
      vertex 11.1139 16.2302 8.65
      vertex 10.7679 16.4958 2.82
      vertex 11.1139 16.2302 2.82
    endloop
  endfacet
  facet normal -0.923902 -0.382629 0
    outer loop
      vertex 12.5984 14.1101 2.82
      vertex 12.4315 14.5131 8.65
      vertex 12.4315 14.5131 2.82
    endloop
  endfacet
  facet normal -0.923902 -0.382629 0
    outer loop
      vertex 12.4315 14.5131 8.65
      vertex 12.5984 14.1101 2.82
      vertex 12.5984 14.1101 8.65
    endloop
  endfacet
  facet normal 0.38262 -0.923906 0
    outer loop
      vertex -10.0131 16.9315 2.82
      vertex -9.61009 17.0984 8.65
      vertex -10.0131 16.9315 8.65
    endloop
  endfacet
  facet normal 0.38262 -0.923906 0
    outer loop
      vertex -9.61009 17.0984 8.65
      vertex -10.0131 16.9315 2.82
      vertex -9.61009 17.0984 2.82
    endloop
  endfacet
  facet normal 0.6756 0.737268 -0
    outer loop
      vertex -11.1139 -16.2302 2.82
      vertex -11.4355 -15.9355 8.65
      vertex -11.1139 -16.2302 8.65
    endloop
  endfacet
  facet normal 0.6756 0.737268 0
    outer loop
      vertex -11.4355 -15.9355 8.65
      vertex -11.1139 -16.2302 2.82
      vertex -11.4355 -15.9355 2.82
    endloop
  endfacet
  facet normal 0.737268 -0.6756 0
    outer loop
      vertex -11.7302 15.6139 8.65
      vertex -11.4355 15.9355 2.82
      vertex -11.4355 15.9355 8.65
    endloop
  endfacet
  facet normal 0.737268 -0.6756 0
    outer loop
      vertex -11.4355 15.9355 2.82
      vertex -11.7302 15.6139 8.65
      vertex -11.7302 15.6139 2.82
    endloop
  endfacet
  facet normal 0.461735 0.887018 -0
    outer loop
      vertex -10.0131 -16.9315 2.82
      vertex -10.4 -16.7301 8.65
      vertex -10.0131 -16.9315 8.65
    endloop
  endfacet
  facet normal 0.461735 0.887018 0
    outer loop
      vertex -10.4 -16.7301 8.65
      vertex -10.0131 -16.9315 2.82
      vertex -10.4 -16.7301 2.82
    endloop
  endfacet
  facet normal -0.991423 0.130692 0
    outer loop
      vertex 12.824 -13.2682 2.82
      vertex 12.881 -12.8358 8.65
      vertex 12.881 -12.8358 2.82
    endloop
  endfacet
  facet normal -0.991423 0.130692 0
    outer loop
      vertex 12.881 -12.8358 8.65
      vertex 12.824 -13.2682 2.82
      vertex 12.824 -13.2682 8.65
    endloop
  endfacet
  facet normal 0.216416 0.976301 -0
    outer loop
      vertex -8.76823 -17.324 2.82
      vertex -9.19409 -17.2296 8.65
      vertex -8.76823 -17.324 8.65
    endloop
  endfacet
  facet normal 0.216416 0.976301 0
    outer loop
      vertex -9.19409 -17.2296 8.65
      vertex -8.76823 -17.324 2.82
      vertex -9.19409 -17.2296 2.82
    endloop
  endfacet
  facet normal 0.793237 0.608913 0
    outer loop
      vertex -11.7302 -15.6139 8.65
      vertex -11.9958 -15.2679 2.82
      vertex -11.9958 -15.2679 8.65
    endloop
  endfacet
  facet normal 0.793237 0.608913 0
    outer loop
      vertex -11.9958 -15.2679 2.82
      vertex -11.7302 -15.6139 8.65
      vertex -11.7302 -15.6139 2.82
    endloop
  endfacet
  facet normal -0.737268 -0.6756 0
    outer loop
      vertex 11.7302 15.6139 2.82
      vertex 11.4355 15.9355 8.65
      vertex 11.4355 15.9355 2.82
    endloop
  endfacet
  facet normal -0.737268 -0.6756 0
    outer loop
      vertex 11.4355 15.9355 8.65
      vertex 11.7302 15.6139 2.82
      vertex 11.7302 15.6139 8.65
    endloop
  endfacet
  facet normal -0.843473 0.537172 0
    outer loop
      vertex 11.9958 -15.2679 2.82
      vertex 12.2301 -14.9 8.65
      vertex 12.2301 -14.9 2.82
    endloop
  endfacet
  facet normal -0.843473 0.537172 0
    outer loop
      vertex 12.2301 -14.9 8.65
      vertex 11.9958 -15.2679 2.82
      vertex 11.9958 -15.2679 8.65
    endloop
  endfacet
  facet normal 0.999051 -0.0435566 0
    outer loop
      vertex -12.9 12.4 8.65
      vertex -12.881 12.8358 2.82
      vertex -12.881 12.8358 8.65
    endloop
  endfacet
  facet normal 0.999051 -0.0435566 0
    outer loop
      vertex -12.881 12.8358 2.82
      vertex -12.9 12.4 8.65
      vertex -12.9 12.4 2.82
    endloop
  endfacet
  facet normal -0.953693 0.30078 0
    outer loop
      vertex 12.5984 -14.1101 2.82
      vertex 12.7296 -13.6941 8.65
      vertex 12.7296 -13.6941 2.82
    endloop
  endfacet
  facet normal -0.953693 0.30078 0
    outer loop
      vertex 12.7296 -13.6941 8.65
      vertex 12.5984 -14.1101 2.82
      vertex 12.5984 -14.1101 8.65
    endloop
  endfacet
  facet normal 0.461735 -0.887018 0
    outer loop
      vertex -10.4 16.7301 2.82
      vertex -10.0131 16.9315 8.65
      vertex -10.4 16.7301 8.65
    endloop
  endfacet
  facet normal 0.461735 -0.887018 0
    outer loop
      vertex -10.0131 16.9315 8.65
      vertex -10.4 16.7301 2.82
      vertex -10.0131 16.9315 2.82
    endloop
  endfacet
  facet normal 0.537172 -0.843473 0
    outer loop
      vertex -10.7679 16.4958 2.82
      vertex -10.4 16.7301 8.65
      vertex -10.7679 16.4958 8.65
    endloop
  endfacet
  facet normal 0.537172 -0.843473 0
    outer loop
      vertex -10.4 16.7301 8.65
      vertex -10.7679 16.4958 2.82
      vertex -10.4 16.7301 2.82
    endloop
  endfacet
  facet normal 0.793237 -0.608913 0
    outer loop
      vertex -11.9958 15.2679 8.65
      vertex -11.7302 15.6139 2.82
      vertex -11.7302 15.6139 8.65
    endloop
  endfacet
  facet normal 0.793237 -0.608913 0
    outer loop
      vertex -11.7302 15.6139 2.82
      vertex -11.9958 15.2679 8.65
      vertex -11.9958 15.2679 2.82
    endloop
  endfacet
  facet normal 0 0 -1
    outer loop
      vertex 7.54352 -8.12844 8.65
      vertex 12.9 -12.4 8.65
      vertex 12.881 -12.8358 8.65
    endloop
  endfacet
  facet normal 0 0 -1
    outer loop
      vertex 12.9 -12.4 8.65
      vertex 9.02844 -5.55648 8.65
      vertex 12.9 12.4 8.65
    endloop
  endfacet
  facet normal 0 0 -1
    outer loop
      vertex 7.54352 -8.12844 8.65
      vertex 12.881 -12.8358 8.65
      vertex 12.824 -13.2682 8.65
    endloop
  endfacet
  facet normal 0 0 -1
    outer loop
      vertex 8.97335 -5.38176 8.65
      vertex 12.9 12.4 8.65
      vertex 9.02844 -5.55648 8.65
    endloop
  endfacet
  facet normal 0 0 -1
    outer loop
      vertex 7.54352 -8.12844 8.65
      vertex 12.824 -13.2682 8.65
      vertex 12.7296 -13.6941 8.65
    endloop
  endfacet
  facet normal 0 0 -1
    outer loop
      vertex 8.90325 -5.2125 8.65
      vertex 12.9 12.4 8.65
      vertex 8.97335 -5.38176 8.65
    endloop
  endfacet
  facet normal 0 0 -1
    outer loop
      vertex 7.36466 -8.1681 8.65
      vertex 12.7296 -13.6941 8.65
      vertex 12.5984 -14.1101 8.65
    endloop
  endfacet
  facet normal 0 0 -1
    outer loop
      vertex 12.9 -12.4 8.65
      vertex 9.0681 -5.73534 8.65
      vertex 9.02844 -5.55648 8.65
    endloop
  endfacet
  facet normal 0 0 -1
    outer loop
      vertex 7.36466 -8.1681 8.65
      vertex 12.5984 -14.1101 8.65
      vertex 12.4315 -14.5131 8.65
    endloop
  endfacet
  facet normal 0 0 -1
    outer loop
      vertex 8.81865 -5.05 8.65
      vertex 12.9 12.4 8.65
      vertex 8.90325 -5.2125 8.65
    endloop
  endfacet
  facet normal 0 0 -1
    outer loop
      vertex 7.36466 -8.1681 8.65
      vertex 12.4315 -14.5131 8.65
      vertex 12.2301 -14.9 8.65
    endloop
  endfacet
  facet normal 0 0 -1
    outer loop
      vertex 8.72022 -4.89549 8.65
      vertex 12.9 12.4 8.65
      vertex 8.81865 -5.05 8.65
    endloop
  endfacet
  facet normal 0 0 -1
    outer loop
      vertex 7.36466 -8.1681 8.65
      vertex 12.2301 -14.9 8.65
      vertex 11.9958 -15.2679 8.65
    endloop
  endfacet
  facet normal 0 0 -1
    outer loop
      vertex 8.60869 -4.75015 8.65
      vertex 12.9 12.4 8.65
      vertex 8.72022 -4.89549 8.65
    endloop
  endfacet
  facet normal 0 0 -1
    outer loop
      vertex 7.36466 -8.1681 8.65
      vertex 11.9958 -15.2679 8.65
      vertex 11.7302 -15.6139 8.65
    endloop
  endfacet
  facet normal 0 0 -1
    outer loop
      vertex 8.48492 -4.61508 8.65
      vertex 12.9 12.4 8.65
      vertex 8.60869 -4.75015 8.65
    endloop
  endfacet
  facet normal 0 0 -1
    outer loop
      vertex 7.36466 -8.1681 8.65
      vertex 11.7302 -15.6139 8.65
      vertex 11.4355 -15.9355 8.65
    endloop
  endfacet
  facet normal 0 0 -1
    outer loop
      vertex 12.9 -12.4 8.65
      vertex 9.09201 -5.91697 8.65
      vertex 9.0681 -5.73534 8.65
    endloop
  endfacet
  facet normal 0 0 -1
    outer loop
      vertex 7.36466 -8.1681 8.65
      vertex 11.4355 -15.9355 8.65
      vertex 11.1139 -16.2302 8.65
    endloop
  endfacet
  facet normal 0 0 -1
    outer loop
      vertex 8.34985 -4.49131 8.65
      vertex 12.9 12.4 8.65
      vertex 8.48492 -4.61508 8.65
    endloop
  endfacet
  facet normal 0 0 -1
    outer loop
      vertex 7.36466 -8.1681 8.65
      vertex 11.1139 -16.2302 8.65
      vertex 10.7679 -16.4958 8.65
    endloop
  endfacet
  facet normal 0 0 -1
    outer loop
      vertex 8.20451 -4.37978 8.65
      vertex 12.9 12.4 8.65
      vertex 8.34985 -4.49131 8.65
    endloop
  endfacet
  facet normal 0 0 -1
    outer loop
      vertex 7.36466 -8.1681 8.65
      vertex 10.7679 -16.4958 8.65
      vertex 10.4 -16.7301 8.65
    endloop
  endfacet
  facet normal 0 0 -1
    outer loop
      vertex 8.05 -4.28135 8.65
      vertex 12.9 12.4 8.65
      vertex 8.20451 -4.37978 8.65
    endloop
  endfacet
  facet normal 0 0 -1
    outer loop
      vertex 7.36466 -8.1681 8.65
      vertex 10.4 -16.7301 8.65
      vertex 10.0131 -16.9315 8.65
    endloop
  endfacet
  facet normal 0 0 -1
    outer loop
      vertex 12.9 -12.4 8.65
      vertex 9.1 -6.1 8.65
      vertex 9.09201 -5.91697 8.65
    endloop
  endfacet
  facet normal 0 0 -1
    outer loop
      vertex 7.36466 -8.1681 8.65
      vertex 10.0131 -16.9315 8.65
      vertex 9.61009 -17.0984 8.65
    endloop
  endfacet
  facet normal 0 0 -1
    outer loop
      vertex 7.8875 -4.19675 8.65
      vertex 12.9 12.4 8.65
      vertex 8.05 -4.28135 8.65
    endloop
  endfacet
  facet normal 0 0 -1
    outer loop
      vertex 7.36466 -8.1681 8.65
      vertex 9.61009 -17.0984 8.65
      vertex 9.19409 -17.2296 8.65
    endloop
  endfacet
  facet normal 0 0 -1
    outer loop
      vertex 4.12407 -0.818965 8.65
      vertex 12.9 12.4 8.65
      vertex 7.8875 -4.19675 8.65
    endloop
  endfacet
  facet normal 0 0 -1
    outer loop
      vertex 4.10597 -0.790549 8.65
      vertex 12.9 12.4 8.65
      vertex 4.12407 -0.818965 8.65
    endloop
  endfacet
  facet normal 0 0 -1
    outer loop
      vertex 12.9 -12.4 8.65
      vertex 9.09201 -6.28303 8.65
      vertex 9.1 -6.1 8.65
    endloop
  endfacet
  facet normal 0 0 -1
    outer loop
      vertex 12.9 -12.4 8.65
      vertex 9.0681 -6.46466 8.65
      vertex 9.09201 -6.28303 8.65
    endloop
  endfacet
  facet normal 0 0 -1
    outer loop
      vertex 12.9 -12.4 8.65
      vertex 9.02844 -6.64352 8.65
      vertex 9.0681 -6.46466 8.65
    endloop
  endfacet
  facet normal 0 0 -1
    outer loop
      vertex 12.9 -12.4 8.65
      vertex 8.97335 -6.81824 8.65
      vertex 9.02844 -6.64352 8.65
    endloop
  endfacet
  facet normal 0 0 -1
    outer loop
      vertex 12.9 -12.4 8.65
      vertex 8.90325 -6.9875 8.65
      vertex 8.97335 -6.81824 8.65
    endloop
  endfacet
  facet normal 0 0 -1
    outer loop
      vertex 12.9 -12.4 8.65
      vertex 8.81865 -7.15 8.65
      vertex 8.90325 -6.9875 8.65
    endloop
  endfacet
  facet normal 0 0 -1
    outer loop
      vertex 7.36466 -8.1681 8.65
      vertex 9.19409 -17.2296 8.65
      vertex 8.76823 -17.324 8.65
    endloop
  endfacet
  facet normal 0 0 -1
    outer loop
      vertex 12.9 -12.4 8.65
      vertex 8.72022 -7.30451 8.65
      vertex 8.81865 -7.15 8.65
    endloop
  endfacet
  facet normal 0 0 -1
    outer loop
      vertex 12.9 -12.4 8.65
      vertex 8.60869 -7.44985 8.65
      vertex 8.72022 -7.30451 8.65
    endloop
  endfacet
  facet normal 0 0 -1
    outer loop
      vertex 12.9 -12.4 8.65
      vertex 8.48492 -7.58492 8.65
      vertex 8.60869 -7.44985 8.65
    endloop
  endfacet
  facet normal 0 0 -1
    outer loop
      vertex 12.9 -12.4 8.65
      vertex 8.34985 -7.70869 8.65
      vertex 8.48492 -7.58492 8.65
    endloop
  endfacet
  facet normal 0 0 -1
    outer loop
      vertex 7.36466 -8.1681 8.65
      vertex 8.76823 -17.324 8.65
      vertex 8.33577 -17.381 8.65
    endloop
  endfacet
  facet normal 0 0 -1
    outer loop
      vertex 12.9 -12.4 8.65
      vertex 8.20451 -7.82022 8.65
      vertex 8.34985 -7.70869 8.65
    endloop
  endfacet
  facet normal 0 0 -1
    outer loop
      vertex 12.9 -12.4 8.65
      vertex 8.05 -7.91865 8.65
      vertex 8.20451 -7.82022 8.65
    endloop
  endfacet
  facet normal 0 0 -1
    outer loop
      vertex 7.36466 -8.1681 8.65
      vertex 8.33577 -17.381 8.65
      vertex 7.89999 -17.4 8.65
    endloop
  endfacet
  facet normal 0 0 -1
    outer loop
      vertex 12.9 -12.4 8.65
      vertex 7.8875 -8.00325 8.65
      vertex 8.05 -7.91865 8.65
    endloop
  endfacet
  facet normal 0 0 -1
    outer loop
      vertex 12.9 -12.4 8.65
      vertex 7.71824 -8.07335 8.65
      vertex 7.8875 -8.00325 8.65
    endloop
  endfacet
  facet normal 0 0 -1
    outer loop
      vertex 12.9 -12.4 8.65
      vertex 7.54352 -8.12844 8.65
      vertex 7.71824 -8.07335 8.65
    endloop
  endfacet
  facet normal 0 0 -1
    outer loop
      vertex 12.7296 -13.6941 8.65
      vertex 7.36466 -8.1681 8.65
      vertex 7.54352 -8.12844 8.65
    endloop
  endfacet
  facet normal 0 0 -1
    outer loop
      vertex 7.89999 -17.4 8.65
      vertex 7.18303 -8.19201 8.65
      vertex 7.36466 -8.1681 8.65
    endloop
  endfacet
  facet normal 0 0 -1
    outer loop
      vertex 7.89999 -17.4 8.65
      vertex 7 -8.2 8.65
      vertex 7.18303 -8.19201 8.65
    endloop
  endfacet
  facet normal 0 0 -1
    outer loop
      vertex 7.89999 -17.4 8.65
      vertex 6.81697 -8.19201 8.65
      vertex 7 -8.2 8.65
    endloop
  endfacet
  facet normal 0 0 -1
    outer loop
      vertex 7.89999 -17.4 8.65
      vertex 6.63534 -8.1681 8.65
      vertex 6.81697 -8.19201 8.65
    endloop
  endfacet
  facet normal 0 0 -1
    outer loop
      vertex 7.89999 -17.4 8.65
      vertex 6.45648 -8.12844 8.65
      vertex 6.63534 -8.1681 8.65
    endloop
  endfacet
  facet normal 0 0 -1
    outer loop
      vertex 7.89999 -17.4 8.65
      vertex 6.28176 -8.07335 8.65
      vertex 6.45648 -8.12844 8.65
    endloop
  endfacet
  facet normal 0 0 -1
    outer loop
      vertex 7.89999 -17.4 8.65
      vertex 6.1125 -8.00325 8.65
      vertex 6.28176 -8.07335 8.65
    endloop
  endfacet
  facet normal 0 0 -1
    outer loop
      vertex 1.62872 -7.67488 8.65
      vertex 6.1125 -8.00325 8.65
      vertex 7.89999 -17.4 8.65
    endloop
  endfacet
  facet normal 0 0 -1
    outer loop
      vertex 6.1125 -8.00325 8.65
      vertex 1.62872 -7.67488 8.65
      vertex 5.95 -7.91865 8.65
    endloop
  endfacet
  facet normal 0 -0 -1
    outer loop
      vertex 1.98141 -7.52879 8.65
      vertex 5.95 -7.91865 8.65
      vertex 1.62872 -7.67488 8.65
    endloop
  endfacet
  facet normal 0 0 -1
    outer loop
      vertex 5.95 -7.91865 8.65
      vertex 1.98141 -7.52879 8.65
      vertex 5.79549 -7.82022 8.65
    endloop
  endfacet
  facet normal 0 -0 -1
    outer loop
      vertex 2.01254 -7.5159 8.65
      vertex 5.79549 -7.82022 8.65
      vertex 1.98141 -7.52879 8.65
    endloop
  endfacet
  facet normal 0 0 -1
    outer loop
      vertex 5.79549 -7.82022 8.65
      vertex 2.01254 -7.5159 8.65
      vertex 5.65015 -7.70869 8.65
    endloop
  endfacet
  facet normal 0 -0 -1
    outer loop
      vertex 2.38103 -7.32407 8.65
      vertex 5.65015 -7.70869 8.65
      vertex 2.35115 -7.33963 8.65
    endloop
  endfacet
  facet normal 0 -0 -1
    outer loop
      vertex 2.70299 -7.11896 8.65
      vertex 5.51508 -7.58492 8.65
      vertex 2.38103 -7.32407 8.65
    endloop
  endfacet
  facet normal 0 0 -1
    outer loop
      vertex 5.51508 -7.58492 8.65
      vertex 2.70299 -7.11896 8.65
      vertex 5.39131 -7.44985 8.65
    endloop
  endfacet
  facet normal 0 -0 -1
    outer loop
      vertex 2.73141 -7.10086 8.65
      vertex 5.39131 -7.44985 8.65
      vertex 2.70299 -7.11896 8.65
    endloop
  endfacet
  facet normal 0 0 -1
    outer loop
      vertex 3.90086 -5.93141 8.65
      vertex 4.9 -6.1 8.65
      vertex 4.90799 -6.28303 8.65
    endloop
  endfacet
  facet normal 0 0 -1
    outer loop
      vertex 4.9 -6.1 8.65
      vertex 4.7606 -3.23366 8.65
      vertex 4.76207 -3.2 8.65
    endloop
  endfacet
  facet normal 0 0 -1
    outer loop
      vertex 4.9 -6.1 8.65
      vertex 4.74395 -3.61504 8.65
      vertex 4.7606 -3.23366 8.65
    endloop
  endfacet
  facet normal 0 0 -1
    outer loop
      vertex 4.9 -6.1 8.65
      vertex 4.73955 -3.64845 8.65
      vertex 4.74395 -3.61504 8.65
    endloop
  endfacet
  facet normal 0 0 -1
    outer loop
      vertex 4.9 -6.1 8.65
      vertex 4.68972 -4.02692 8.65
      vertex 4.73955 -3.64845 8.65
    endloop
  endfacet
  facet normal 0 0 -1
    outer loop
      vertex 4.9 -6.1 8.65
      vertex 4.68243 -4.05982 8.65
      vertex 4.68972 -4.02692 8.65
    endloop
  endfacet
  facet normal 0 0 -1
    outer loop
      vertex 4.9 -6.1 8.65
      vertex 4.59981 -4.43251 8.65
      vertex 4.68243 -4.05982 8.65
    endloop
  endfacet
  facet normal 0 0 -1
    outer loop
      vertex 3.90086 -5.93141 8.65
      vertex 4.90799 -6.28303 8.65
      vertex 4.9319 -6.46466 8.65
    endloop
  endfacet
  facet normal 0 0 -1
    outer loop
      vertex 4.9 -6.1 8.65
      vertex 4.58967 -4.46465 8.65
      vertex 4.59981 -4.43251 8.65
    endloop
  endfacet
  facet normal 0 0 -1
    outer loop
      vertex 4.9 -6.1 8.65
      vertex 4.47488 -4.82872 8.65
      vertex 4.58967 -4.46465 8.65
    endloop
  endfacet
  facet normal 0 0 -1
    outer loop
      vertex 3.64796 -6.261 8.65
      vertex 4.9319 -6.46466 8.65
      vertex 4.97156 -6.64352 8.65
    endloop
  endfacet
  facet normal 0 -0 -1
    outer loop
      vertex 3.061 -6.84796 8.65
      vertex 5.27978 -7.30451 8.65
      vertex 2.75814 -7.08035 8.65
    endloop
  endfacet
  facet normal 0 0 -1
    outer loop
      vertex 4.9 -6.1 8.65
      vertex 4.32879 -5.18141 8.65
      vertex 4.47488 -4.82872 8.65
    endloop
  endfacet
  facet normal 0 0 -1
    outer loop
      vertex 4.9 -6.1 8.65
      vertex 4.3159 -5.21254 8.65
      vertex 4.32879 -5.18141 8.65
    endloop
  endfacet
  facet normal 0 0 -1
    outer loop
      vertex 4.9 -6.1 8.65
      vertex 4.30034 -5.24242 8.65
      vertex 4.3159 -5.21254 8.65
    endloop
  endfacet
  facet normal 0 0 -1
    outer loop
      vertex 4.9 -6.1 8.65
      vertex 4.12407 -5.58103 8.65
      vertex 4.30034 -5.24242 8.65
    endloop
  endfacet
  facet normal 0 0 -1
    outer loop
      vertex 4.9 -6.1 8.65
      vertex 3.91896 -5.90299 8.65
      vertex 4.12407 -5.58103 8.65
    endloop
  endfacet
  facet normal 0 0 -1
    outer loop
      vertex 4.9 -6.1 8.65
      vertex 3.90086 -5.93141 8.65
      vertex 3.91896 -5.90299 8.65
    endloop
  endfacet
  facet normal 0 0 -1
    outer loop
      vertex 4.9319 -6.46466 8.65
      vertex 3.66847 -6.23427 8.65
      vertex 3.90086 -5.93141 8.65
    endloop
  endfacet
  facet normal 0 0 -1
    outer loop
      vertex 4.9319 -6.46466 8.65
      vertex 3.64796 -6.261 8.65
      vertex 3.66847 -6.23427 8.65
    endloop
  endfacet
  facet normal 0 0 -1
    outer loop
      vertex 4.97156 -6.64352 8.65
      vertex 3.62519 -6.28584 8.65
      vertex 3.64796 -6.261 8.65
    endloop
  endfacet
  facet normal 0 0 -1
    outer loop
      vertex 5.02664 -6.81824 8.65
      vertex 3.62519 -6.28584 8.65
      vertex 4.97156 -6.64352 8.65
    endloop
  endfacet
  facet normal 0 -0 -1
    outer loop
      vertex 3.62519 -6.28584 8.65
      vertex 5.02664 -6.81824 8.65
      vertex 3.36729 -6.56729 8.65
    endloop
  endfacet
  facet normal 0 0 -1
    outer loop
      vertex 5.09675 -6.9875 8.65
      vertex 3.36729 -6.56729 8.65
      vertex 5.02664 -6.81824 8.65
    endloop
  endfacet
  facet normal 0 -0 -1
    outer loop
      vertex 3.36729 -6.56729 8.65
      vertex 5.09675 -6.9875 8.65
      vertex 3.08584 -6.82519 8.65
    endloop
  endfacet
  facet normal 0 0 -1
    outer loop
      vertex 5.18135 -7.15 8.65
      vertex 3.08584 -6.82519 8.65
      vertex 5.09675 -6.9875 8.65
    endloop
  endfacet
  facet normal 0 -0 -1
    outer loop
      vertex 3.08584 -6.82519 8.65
      vertex 5.18135 -7.15 8.65
      vertex 3.061 -6.84796 8.65
    endloop
  endfacet
  facet normal 0 0 -1
    outer loop
      vertex 5.27978 -7.30451 8.65
      vertex 3.061 -6.84796 8.65
      vertex 5.18135 -7.15 8.65
    endloop
  endfacet
  facet normal 0 0 -1
    outer loop
      vertex 5.39131 -7.44985 8.65
      vertex 2.75814 -7.08035 8.65
      vertex 5.27978 -7.30451 8.65
    endloop
  endfacet
  facet normal 0 -0 -1
    outer loop
      vertex 2.75814 -7.08035 8.65
      vertex 5.39131 -7.44985 8.65
      vertex 2.73141 -7.10086 8.65
    endloop
  endfacet
  facet normal 0 0 -1
    outer loop
      vertex 5.65015 -7.70869 8.65
      vertex 2.38103 -7.32407 8.65
      vertex 5.51508 -7.58492 8.65
    endloop
  endfacet
  facet normal 0 -0 -1
    outer loop
      vertex 2.35115 -7.33963 8.65
      vertex 5.65015 -7.70869 8.65
      vertex 2.01254 -7.5159 8.65
    endloop
  endfacet
  facet normal 0 0 -1
    outer loop
      vertex 7.89999 -17.4 8.65
      vertex 1.59659 -7.68501 8.65
      vertex 1.62872 -7.67488 8.65
    endloop
  endfacet
  facet normal 0 0 -1
    outer loop
      vertex 7.89999 -17.4 8.65
      vertex 1.23251 -7.79981 8.65
      vertex 1.59659 -7.68501 8.65
    endloop
  endfacet
  facet normal 0 0 -1
    outer loop
      vertex 7.89999 -17.4 8.65
      vertex 0.859818 -7.88243 8.65
      vertex 1.23251 -7.79981 8.65
    endloop
  endfacet
  facet normal 0 0 -1
    outer loop
      vertex 7.89999 -17.4 8.65
      vertex 0.826924 -7.88972 8.65
      vertex 0.859818 -7.88243 8.65
    endloop
  endfacet
  facet normal 0 0 -1
    outer loop
      vertex 7.89999 -17.4 8.65
      vertex 0.448445 -7.93955 8.65
      vertex 0.826924 -7.88972 8.65
    endloop
  endfacet
  facet normal 0 0 -1
    outer loop
      vertex 7.89999 -17.4 8.65
      vertex 0.415041 -7.94395 8.65
      vertex 0.448445 -7.93955 8.65
    endloop
  endfacet
  facet normal 0 0 -1
    outer loop
      vertex 7.89999 -17.4 8.65
      vertex 0.0336602 -7.9606 8.65
      vertex 0.415041 -7.94395 8.65
    endloop
  endfacet
  facet normal 0 0 -1
    outer loop
      vertex 7.89999 -17.4 8.65
      vertex 0 -7.96207 8.65
      vertex 0.0336602 -7.9606 8.65
    endloop
  endfacet
  facet normal 0 0 -1
    outer loop
      vertex -7.89999 -17.4 8.65
      vertex 0 -7.96207 8.65
      vertex 7.89999 -17.4 8.65
    endloop
  endfacet
  facet normal -0 0 -1
    outer loop
      vertex 0 -7.96207 8.65
      vertex -7.89999 -17.4 8.65
      vertex -0.0336602 -7.9606 8.65
    endloop
  endfacet
  facet normal -0 0 -1
    outer loop
      vertex -0.0336602 -7.9606 8.65
      vertex -7.89999 -17.4 8.65
      vertex -0.415041 -7.94395 8.65
    endloop
  endfacet
  facet normal -0 0 -1
    outer loop
      vertex -0.415041 -7.94395 8.65
      vertex -7.89999 -17.4 8.65
      vertex -0.448445 -7.93955 8.65
    endloop
  endfacet
  facet normal -0 0 -1
    outer loop
      vertex -0.448445 -7.93955 8.65
      vertex -7.89999 -17.4 8.65
      vertex -0.826924 -7.88972 8.65
    endloop
  endfacet
  facet normal -0 0 -1
    outer loop
      vertex -0.826924 -7.88972 8.65
      vertex -7.89999 -17.4 8.65
      vertex -0.859818 -7.88243 8.65
    endloop
  endfacet
  facet normal -0 0 -1
    outer loop
      vertex -0.859818 -7.88243 8.65
      vertex -7.89999 -17.4 8.65
      vertex -1.23251 -7.79981 8.65
    endloop
  endfacet
  facet normal -0 0 -1
    outer loop
      vertex -1.23251 -7.79981 8.65
      vertex -7.89999 -17.4 8.65
      vertex -1.59659 -7.68501 8.65
    endloop
  endfacet
  facet normal -0 0 -1
    outer loop
      vertex -1.59659 -7.68501 8.65
      vertex -7.89999 -17.4 8.65
      vertex -1.62872 -7.67488 8.65
    endloop
  endfacet
  facet normal -0 0 -1
    outer loop
      vertex -1.62872 -7.67488 8.65
      vertex -7.89999 -17.4 8.65
      vertex -1.98141 -7.52879 8.65
    endloop
  endfacet
  facet normal -0 0 -1
    outer loop
      vertex -1.98141 -7.52879 8.65
      vertex -7.89999 -17.4 8.65
      vertex -2.01254 -7.5159 8.65
    endloop
  endfacet
  facet normal -0 0 -1
    outer loop
      vertex -2.01254 -7.5159 8.65
      vertex -7.89999 -17.4 8.65
      vertex -2.35115 -7.33963 8.65
    endloop
  endfacet
  facet normal -0 0 -1
    outer loop
      vertex -2.35115 -7.33963 8.65
      vertex -7.89999 -17.4 8.65
      vertex -2.38103 -7.32407 8.65
    endloop
  endfacet
  facet normal -0 0 -1
    outer loop
      vertex -2.38103 -7.32407 8.65
      vertex -7.89999 -17.4 8.65
      vertex -2.70299 -7.11896 8.65
    endloop
  endfacet
  facet normal -0 0 -1
    outer loop
      vertex -2.70299 -7.11896 8.65
      vertex -7.89999 -17.4 8.65
      vertex -2.73141 -7.10086 8.65
    endloop
  endfacet
  facet normal -0 0 -1
    outer loop
      vertex -2.73141 -7.10086 8.65
      vertex -7.89999 -17.4 8.65
      vertex -2.75814 -7.08035 8.65
    endloop
  endfacet
  facet normal -0 0 -1
    outer loop
      vertex -2.75814 -7.08035 8.65
      vertex -7.89999 -17.4 8.65
      vertex -3.061 -6.84796 8.65
    endloop
  endfacet
  facet normal 0 0 -1
    outer loop
      vertex -12.9 -12.4 8.65
      vertex -3.061 -6.84796 8.65
      vertex -7.89999 -17.4 8.65
    endloop
  endfacet
  facet normal 0 0 -1
    outer loop
      vertex -12.9 -12.4 8.65
      vertex -3.62519 -6.28584 8.65
      vertex -3.36729 -6.56729 8.65
    endloop
  endfacet
  facet normal 0 0 -1
    outer loop
      vertex -12.9 -12.4 8.65
      vertex -3.66847 -6.23427 8.65
      vertex -3.64796 -6.261 8.65
    endloop
  endfacet
  facet normal 0 0 -1
    outer loop
      vertex -12.9 -12.4 8.65
      vertex -3.91896 -5.90299 8.65
      vertex -3.90086 -5.93141 8.65
    endloop
  endfacet
  facet normal 0 0 -1
    outer loop
      vertex -12.9 -12.4 8.65
      vertex -4.32879 -5.18141 8.65
      vertex -4.3159 -5.21254 8.65
    endloop
  endfacet
  facet normal 0 0 -1
    outer loop
      vertex -12.9 -12.4 8.65
      vertex -4.7606 -3.23366 8.65
      vertex -4.74395 -3.61504 8.65
    endloop
  endfacet
  facet normal -0 0 -1
    outer loop
      vertex -4.73955 -3.64845 8.65
      vertex -12.9 -12.4 8.65
      vertex -4.74395 -3.61504 8.65
    endloop
  endfacet
  facet normal -0 0 -1
    outer loop
      vertex -4.68972 -4.02692 8.65
      vertex -12.9 -12.4 8.65
      vertex -4.73955 -3.64845 8.65
    endloop
  endfacet
  facet normal -0 0 -1
    outer loop
      vertex -4.68243 -4.05982 8.65
      vertex -12.9 -12.4 8.65
      vertex -4.68972 -4.02692 8.65
    endloop
  endfacet
  facet normal -0 0 -1
    outer loop
      vertex -4.59981 -4.43251 8.65
      vertex -12.9 -12.4 8.65
      vertex -4.68243 -4.05982 8.65
    endloop
  endfacet
  facet normal -0 0 -1
    outer loop
      vertex -4.58967 -4.46465 8.65
      vertex -12.9 -12.4 8.65
      vertex -4.59981 -4.43251 8.65
    endloop
  endfacet
  facet normal -0 0 -1
    outer loop
      vertex -4.47488 -4.82872 8.65
      vertex -12.9 -12.4 8.65
      vertex -4.58967 -4.46465 8.65
    endloop
  endfacet
  facet normal -0 0 -1
    outer loop
      vertex -4.32879 -5.18141 8.65
      vertex -12.9 -12.4 8.65
      vertex -4.47488 -4.82872 8.65
    endloop
  endfacet
  facet normal -0 0 -1
    outer loop
      vertex -4.30034 -5.24242 8.65
      vertex -12.9 -12.4 8.65
      vertex -4.3159 -5.21254 8.65
    endloop
  endfacet
  facet normal -0 0 -1
    outer loop
      vertex -4.12407 -5.58103 8.65
      vertex -12.9 -12.4 8.65
      vertex -4.30034 -5.24242 8.65
    endloop
  endfacet
  facet normal -0 0 -1
    outer loop
      vertex -3.91896 -5.90299 8.65
      vertex -12.9 -12.4 8.65
      vertex -4.12407 -5.58103 8.65
    endloop
  endfacet
  facet normal -0 0 -1
    outer loop
      vertex -3.66847 -6.23427 8.65
      vertex -12.9 -12.4 8.65
      vertex -3.90086 -5.93141 8.65
    endloop
  endfacet
  facet normal -0 0 -1
    outer loop
      vertex -3.62519 -6.28584 8.65
      vertex -12.9 -12.4 8.65
      vertex -3.64796 -6.261 8.65
    endloop
  endfacet
  facet normal -0 0 -1
    outer loop
      vertex -3.08584 -6.82519 8.65
      vertex -12.9 -12.4 8.65
      vertex -3.36729 -6.56729 8.65
    endloop
  endfacet
  facet normal -0 0 -1
    outer loop
      vertex -3.061 -6.84796 8.65
      vertex -12.9 -12.4 8.65
      vertex -3.08584 -6.82519 8.65
    endloop
  endfacet
  facet normal 0 0 -1
    outer loop
      vertex 3.66847 -0.165731 8.65
      vertex 12.9 12.4 8.65
      vertex 3.90086 -0.468589 8.65
    endloop
  endfacet
  facet normal 0 0 -1
    outer loop
      vertex 3.64796 -0.139001 8.65
      vertex 12.9 12.4 8.65
      vertex 3.66847 -0.165731 8.65
    endloop
  endfacet
  facet normal 0 0 -1
    outer loop
      vertex 3.62519 -0.11416 8.65
      vertex 12.9 12.4 8.65
      vertex 3.64796 -0.139001 8.65
    endloop
  endfacet
  facet normal 0 0 -1
    outer loop
      vertex 3.34245 0.190053 8.65
      vertex 12.9 12.4 8.65
      vertex 3.36729 0.167291 8.65
    endloop
  endfacet
  facet normal 0 0 -1
    outer loop
      vertex 3.03427 0.468467 8.65
      vertex 12.9 12.4 8.65
      vertex 3.061 0.447957 8.65
    endloop
  endfacet
  facet normal 0 0 -1
    outer loop
      vertex 2.73141 0.700858 8.65
      vertex 12.9 12.4 8.65
      vertex 3.03427 0.468467 8.65
    endloop
  endfacet
  facet normal 0 0 -1
    outer loop
      vertex 2.40945 0.90597 8.65
      vertex 12.9 12.4 8.65
      vertex 2.73141 0.700858 8.65
    endloop
  endfacet
  facet normal 0 0 -1
    outer loop
      vertex 2.38103 0.924073 8.65
      vertex 12.9 12.4 8.65
      vertex 2.40945 0.90597 8.65
    endloop
  endfacet
  facet normal 0 0 -1
    outer loop
      vertex 2.35115 0.93963 8.65
      vertex 12.9 12.4 8.65
      vertex 2.38103 0.924073 8.65
    endloop
  endfacet
  facet normal 0 0 -1
    outer loop
      vertex 2.01254 1.1159 8.65
      vertex 12.9 12.4 8.65
      vertex 2.35115 0.93963 8.65
    endloop
  endfacet
  facet normal 0 0 -1
    outer loop
      vertex 1.65985 1.26199 8.65
      vertex 12.9 12.4 8.65
      vertex 2.01254 1.1159 8.65
    endloop
  endfacet
  facet normal 0 0 -1
    outer loop
      vertex 1.62872 1.27488 8.65
      vertex 12.9 12.4 8.65
      vertex 1.65985 1.26199 8.65
    endloop
  endfacet
  facet normal 0 0 -1
    outer loop
      vertex 12.881 12.8358 8.65
      vertex 7.89999 17.4 8.65
      vertex 12.824 13.2682 8.65
    endloop
  endfacet
  facet normal 0 0 -1
    outer loop
      vertex 12.824 13.2682 8.65
      vertex 7.89999 17.4 8.65
      vertex 12.7296 13.6941 8.65
    endloop
  endfacet
  facet normal 0 0 -1
    outer loop
      vertex 12.7296 13.6941 8.65
      vertex 7.89999 17.4 8.65
      vertex 12.5984 14.1101 8.65
    endloop
  endfacet
  facet normal 0 0 -1
    outer loop
      vertex 3.061 0.447957 8.65
      vertex 12.9 12.4 8.65
      vertex 3.34245 0.190053 8.65
    endloop
  endfacet
  facet normal 0 0 -1
    outer loop
      vertex 4.12407 -0.818965 8.65
      vertex 7.8875 -4.19675 8.65
      vertex 7.71824 -4.12665 8.65
    endloop
  endfacet
  facet normal 0 0 -1
    outer loop
      vertex 4.3159 -1.18746 8.65
      vertex 7.71824 -4.12665 8.65
      vertex 7.54352 -4.07156 8.65
    endloop
  endfacet
  facet normal 0 0 -1
    outer loop
      vertex 4.47488 -1.57128 8.65
      vertex 7.54352 -4.07156 8.65
      vertex 7.36466 -4.0319 8.65
    endloop
  endfacet
  facet normal 0 0 -1
    outer loop
      vertex 4.47488 -1.57128 8.65
      vertex 7.36466 -4.0319 8.65
      vertex 7.18303 -4.00799 8.65
    endloop
  endfacet
  facet normal 0 0 -1
    outer loop
      vertex 4.59981 -1.96749 8.65
      vertex 7.18303 -4.00799 8.65
      vertex 7 -4 8.65
    endloop
  endfacet
  facet normal 0 0 -1
    outer loop
      vertex 4.68243 -2.34018 8.65
      vertex 7 -4 8.65
      vertex 6.81697 -4.00799 8.65
    endloop
  endfacet
  facet normal 0 0 -1
    outer loop
      vertex 4.68972 -2.37307 8.65
      vertex 6.81697 -4.00799 8.65
      vertex 6.63534 -4.0319 8.65
    endloop
  endfacet
  facet normal 0 0 -1
    outer loop
      vertex 4.74395 -2.78496 8.65
      vertex 6.63534 -4.0319 8.65
      vertex 6.45648 -4.07156 8.65
    endloop
  endfacet
  facet normal 0 0 -1
    outer loop
      vertex 4.74395 -2.78496 8.65
      vertex 6.45648 -4.07156 8.65
      vertex 6.28176 -4.12665 8.65
    endloop
  endfacet
  facet normal 0 0 -1
    outer loop
      vertex 4.76207 -3.2 8.65
      vertex 6.28176 -4.12665 8.65
      vertex 6.1125 -4.19675 8.65
    endloop
  endfacet
  facet normal 0 0 -1
    outer loop
      vertex 4.76207 -3.2 8.65
      vertex 6.1125 -4.19675 8.65
      vertex 5.95 -4.28135 8.65
    endloop
  endfacet
  facet normal 0 0 -1
    outer loop
      vertex 4.76207 -3.2 8.65
      vertex 5.95 -4.28135 8.65
      vertex 5.79549 -4.37978 8.65
    endloop
  endfacet
  facet normal 0 0 -1
    outer loop
      vertex 4.76207 -3.2 8.65
      vertex 5.79549 -4.37978 8.65
      vertex 5.65015 -4.49131 8.65
    endloop
  endfacet
  facet normal 0 0 -1
    outer loop
      vertex 4.76207 -3.2 8.65
      vertex 5.65015 -4.49131 8.65
      vertex 5.51508 -4.61508 8.65
    endloop
  endfacet
  facet normal 0 0 -1
    outer loop
      vertex 4.76207 -3.2 8.65
      vertex 5.51508 -4.61508 8.65
      vertex 5.39131 -4.75015 8.65
    endloop
  endfacet
  facet normal 0 0 -1
    outer loop
      vertex 4.76207 -3.2 8.65
      vertex 5.39131 -4.75015 8.65
      vertex 5.27978 -4.89549 8.65
    endloop
  endfacet
  facet normal 0 0 -1
    outer loop
      vertex 4.76207 -3.2 8.65
      vertex 5.27978 -4.89549 8.65
      vertex 5.18135 -5.05 8.65
    endloop
  endfacet
  facet normal 0 0 -1
    outer loop
      vertex 4.76207 -3.2 8.65
      vertex 5.18135 -5.05 8.65
      vertex 5.09675 -5.2125 8.65
    endloop
  endfacet
  facet normal 0 0 -1
    outer loop
      vertex 4.76207 -3.2 8.65
      vertex 5.09675 -5.2125 8.65
      vertex 5.02664 -5.38176 8.65
    endloop
  endfacet
  facet normal 0 0 -1
    outer loop
      vertex 4.76207 -3.2 8.65
      vertex 5.02664 -5.38176 8.65
      vertex 4.97156 -5.55648 8.65
    endloop
  endfacet
  facet normal 0 0 -1
    outer loop
      vertex 4.76207 -3.2 8.65
      vertex 4.97156 -5.55648 8.65
      vertex 4.9319 -5.73534 8.65
    endloop
  endfacet
  facet normal 0 0 -1
    outer loop
      vertex 4.76207 -3.2 8.65
      vertex 4.9319 -5.73534 8.65
      vertex 4.90799 -5.91697 8.65
    endloop
  endfacet
  facet normal 0 0 -1
    outer loop
      vertex 4.76207 -3.2 8.65
      vertex 4.90799 -5.91697 8.65
      vertex 4.9 -6.1 8.65
    endloop
  endfacet
  facet normal 0 0 -1
    outer loop
      vertex 6.28176 -4.12665 8.65
      vertex 4.76207 -3.2 8.65
      vertex 4.7606 -3.16634 8.65
    endloop
  endfacet
  facet normal 0 0 -1
    outer loop
      vertex 6.28176 -4.12665 8.65
      vertex 4.7606 -3.16634 8.65
      vertex 4.74395 -2.78496 8.65
    endloop
  endfacet
  facet normal 0 0 -1
    outer loop
      vertex 6.63534 -4.0319 8.65
      vertex 4.74395 -2.78496 8.65
      vertex 4.73955 -2.75155 8.65
    endloop
  endfacet
  facet normal 0 0 -1
    outer loop
      vertex 6.63534 -4.0319 8.65
      vertex 4.73955 -2.75155 8.65
      vertex 4.68972 -2.37307 8.65
    endloop
  endfacet
  facet normal 0 0 -1
    outer loop
      vertex 6.81697 -4.00799 8.65
      vertex 4.68972 -2.37307 8.65
      vertex 4.68243 -2.34018 8.65
    endloop
  endfacet
  facet normal 0 0 -1
    outer loop
      vertex 7 -4 8.65
      vertex 4.68243 -2.34018 8.65
      vertex 4.59981 -1.96749 8.65
    endloop
  endfacet
  facet normal 0 0 -1
    outer loop
      vertex 7.18303 -4.00799 8.65
      vertex 4.59981 -1.96749 8.65
      vertex 4.58967 -1.93535 8.65
    endloop
  endfacet
  facet normal 0 0 -1
    outer loop
      vertex 7.18303 -4.00799 8.65
      vertex 4.58967 -1.93535 8.65
      vertex 4.47488 -1.57128 8.65
    endloop
  endfacet
  facet normal 0 0 -1
    outer loop
      vertex 7.54352 -4.07156 8.65
      vertex 4.47488 -1.57128 8.65
      vertex 4.32879 -1.21859 8.65
    endloop
  endfacet
  facet normal 0 0 -1
    outer loop
      vertex 7.54352 -4.07156 8.65
      vertex 4.32879 -1.21859 8.65
      vertex 4.3159 -1.18746 8.65
    endloop
  endfacet
  facet normal 0 0 -1
    outer loop
      vertex 7.71824 -4.12665 8.65
      vertex 4.3159 -1.18746 8.65
      vertex 4.13963 -0.84885 8.65
    endloop
  endfacet
  facet normal 0 0 -1
    outer loop
      vertex 7.71824 -4.12665 8.65
      vertex 4.13963 -0.84885 8.65
      vertex 4.12407 -0.818965 8.65
    endloop
  endfacet
  facet normal 0 0 -1
    outer loop
      vertex 3.90086 -0.468589 8.65
      vertex 12.9 12.4 8.65
      vertex 4.10597 -0.790549 8.65
    endloop
  endfacet
  facet normal 0 0 -1
    outer loop
      vertex 3.36729 0.167291 8.65
      vertex 12.9 12.4 8.65
      vertex 3.62519 -0.11416 8.65
    endloop
  endfacet
  facet normal 0 0 -1
    outer loop
      vertex 12.5984 14.1101 8.65
      vertex 7.89999 17.4 8.65
      vertex 12.4315 14.5131 8.65
    endloop
  endfacet
  facet normal 0 0 -1
    outer loop
      vertex 12.4315 14.5131 8.65
      vertex 7.89999 17.4 8.65
      vertex 12.2301 14.9 8.65
    endloop
  endfacet
  facet normal 0 0 -1
    outer loop
      vertex 11.7302 15.6139 8.65
      vertex 7.89999 17.4 8.65
      vertex 11.4355 15.9355 8.65
    endloop
  endfacet
  facet normal 0 0 -1
    outer loop
      vertex 11.4355 15.9355 8.65
      vertex 7.89999 17.4 8.65
      vertex 11.1139 16.2302 8.65
    endloop
  endfacet
  facet normal 0 0 -1
    outer loop
      vertex 11.1139 16.2302 8.65
      vertex 7.89999 17.4 8.65
      vertex 10.7679 16.4958 8.65
    endloop
  endfacet
  facet normal 0 0 -1
    outer loop
      vertex 10.7679 16.4958 8.65
      vertex 7.89999 17.4 8.65
      vertex 10.4 16.7301 8.65
    endloop
  endfacet
  facet normal 0 0 -1
    outer loop
      vertex 9.61009 17.0984 8.65
      vertex 7.89999 17.4 8.65
      vertex 9.19409 17.2296 8.65
    endloop
  endfacet
  facet normal 0 0 -1
    outer loop
      vertex 9.19409 17.2296 8.65
      vertex 7.89999 17.4 8.65
      vertex 8.76823 17.324 8.65
    endloop
  endfacet
  facet normal 0 0 -1
    outer loop
      vertex 8.76823 17.324 8.65
      vertex 7.89999 17.4 8.65
      vertex 8.33577 17.381 8.65
    endloop
  endfacet
  facet normal 0 0 -1
    outer loop
      vertex 10.0131 16.9315 8.65
      vertex 7.89999 17.4 8.65
      vertex 9.61009 17.0984 8.65
    endloop
  endfacet
  facet normal 0 0 -1
    outer loop
      vertex 10.4 16.7301 8.65
      vertex 7.89999 17.4 8.65
      vertex 10.0131 16.9315 8.65
    endloop
  endfacet
  facet normal 0 0 -1
    outer loop
      vertex 11.9958 15.2679 8.65
      vertex 7.89999 17.4 8.65
      vertex 11.7302 15.6139 8.65
    endloop
  endfacet
  facet normal 0 0 -1
    outer loop
      vertex 12.2301 14.9 8.65
      vertex 7.89999 17.4 8.65
      vertex 11.9958 15.2679 8.65
    endloop
  endfacet
  facet normal 0 0 -1
    outer loop
      vertex 12.9 12.4 8.65
      vertex 7.89999 17.4 8.65
      vertex 12.881 12.8358 8.65
    endloop
  endfacet
  facet normal -0 0 -1
    outer loop
      vertex 12.9 12.4 8.65
      vertex 1.62872 1.27488 8.65
      vertex 7.89999 17.4 8.65
    endloop
  endfacet
  facet normal 0 0 -1
    outer loop
      vertex 1.26465 1.38967 8.65
      vertex 7.89999 17.4 8.65
      vertex 1.62872 1.27488 8.65
    endloop
  endfacet
  facet normal 0 0 -1
    outer loop
      vertex 1.23251 1.39981 8.65
      vertex 7.89999 17.4 8.65
      vertex 1.26465 1.38967 8.65
    endloop
  endfacet
  facet normal 0 0 -1
    outer loop
      vertex 1.19962 1.4071 8.65
      vertex 7.89999 17.4 8.65
      vertex 1.23251 1.39981 8.65
    endloop
  endfacet
  facet normal 0 0 -1
    outer loop
      vertex 0.826924 1.48972 8.65
      vertex 7.89999 17.4 8.65
      vertex 1.19962 1.4071 8.65
    endloop
  endfacet
  facet normal 0 0 -1
    outer loop
      vertex 0.448445 1.53955 8.65
      vertex 7.89999 17.4 8.65
      vertex 0.826924 1.48972 8.65
    endloop
  endfacet
  facet normal 0 0 -1
    outer loop
      vertex 0.415041 1.54395 8.65
      vertex 7.89999 17.4 8.65
      vertex 0.448445 1.53955 8.65
    endloop
  endfacet
  facet normal 0 0 -1
    outer loop
      vertex 0.0336602 1.5606 8.65
      vertex 7.89999 17.4 8.65
      vertex 0.415041 1.54395 8.65
    endloop
  endfacet
  facet normal 0 0 -1
    outer loop
      vertex 0 1.56207 8.65
      vertex 7.89999 17.4 8.65
      vertex 0.0336602 1.5606 8.65
    endloop
  endfacet
  facet normal 0 0 -1
    outer loop
      vertex -7.89999 17.4 8.65
      vertex 0 1.56207 8.65
      vertex -0.0336602 1.5606 8.65
    endloop
  endfacet
  facet normal 0 0 -1
    outer loop
      vertex -7.89999 17.4 8.65
      vertex -0.0336602 1.5606 8.65
      vertex -0.415041 1.54395 8.65
    endloop
  endfacet
  facet normal 0 0 -1
    outer loop
      vertex -7.89999 17.4 8.65
      vertex -0.415041 1.54395 8.65
      vertex -0.448445 1.53955 8.65
    endloop
  endfacet
  facet normal 0 0 -1
    outer loop
      vertex -7.89999 17.4 8.65
      vertex -0.448445 1.53955 8.65
      vertex -0.826924 1.48972 8.65
    endloop
  endfacet
  facet normal 0 0 -1
    outer loop
      vertex -7.89999 17.4 8.65
      vertex -0.826924 1.48972 8.65
      vertex -1.19962 1.4071 8.65
    endloop
  endfacet
  facet normal 0 0 -1
    outer loop
      vertex -7.89999 17.4 8.65
      vertex -1.19962 1.4071 8.65
      vertex -1.23251 1.39981 8.65
    endloop
  endfacet
  facet normal 0 0 -1
    outer loop
      vertex -7.89999 17.4 8.65
      vertex -1.23251 1.39981 8.65
      vertex -1.26465 1.38967 8.65
    endloop
  endfacet
  facet normal 0 0 -1
    outer loop
      vertex -7.89999 17.4 8.65
      vertex -1.26465 1.38967 8.65
      vertex -1.62872 1.27488 8.65
    endloop
  endfacet
  facet normal 0 0 -1
    outer loop
      vertex -12.9 12.4 8.65
      vertex -1.62872 1.27488 8.65
      vertex -1.65985 1.26199 8.65
    endloop
  endfacet
  facet normal 0 0 -1
    outer loop
      vertex -12.9 12.4 8.65
      vertex -1.65985 1.26199 8.65
      vertex -2.01254 1.1159 8.65
    endloop
  endfacet
  facet normal 0 0 -1
    outer loop
      vertex -12.9 12.4 8.65
      vertex -2.01254 1.1159 8.65
      vertex -2.35115 0.93963 8.65
    endloop
  endfacet
  facet normal 0 0 -1
    outer loop
      vertex -12.9 12.4 8.65
      vertex -2.35115 0.93963 8.65
      vertex -2.38103 0.924073 8.65
    endloop
  endfacet
  facet normal 0 0 -1
    outer loop
      vertex -12.9 12.4 8.65
      vertex -2.38103 0.924073 8.65
      vertex -2.40945 0.90597 8.65
    endloop
  endfacet
  facet normal 0 0 -1
    outer loop
      vertex -12.9 12.4 8.65
      vertex -2.40945 0.90597 8.65
      vertex -2.73141 0.700858 8.65
    endloop
  endfacet
  facet normal 0 0 -1
    outer loop
      vertex -12.9 12.4 8.65
      vertex -2.73141 0.700858 8.65
      vertex -3.03427 0.468467 8.65
    endloop
  endfacet
  facet normal 0 0 -1
    outer loop
      vertex -12.9 12.4 8.65
      vertex -3.03427 0.468467 8.65
      vertex -3.061 0.447957 8.65
    endloop
  endfacet
  facet normal 0 0 -1
    outer loop
      vertex -12.9 12.4 8.65
      vertex -3.061 0.447957 8.65
      vertex -3.34245 0.190053 8.65
    endloop
  endfacet
  facet normal 0 0 -1
    outer loop
      vertex -12.9 12.4 8.65
      vertex -3.34245 0.190053 8.65
      vertex -3.36729 0.167291 8.65
    endloop
  endfacet
  facet normal 0 0 -1
    outer loop
      vertex -12.9 12.4 8.65
      vertex -3.36729 0.167291 8.65
      vertex -3.62519 -0.11416 8.65
    endloop
  endfacet
  facet normal 0 0 -1
    outer loop
      vertex -12.9 12.4 8.65
      vertex -3.62519 -0.11416 8.65
      vertex -3.64796 -0.139001 8.65
    endloop
  endfacet
  facet normal 0 0 -1
    outer loop
      vertex -12.9 12.4 8.65
      vertex -3.64796 -0.139001 8.65
      vertex -3.66847 -0.165731 8.65
    endloop
  endfacet
  facet normal 0 0 -1
    outer loop
      vertex -12.9 12.4 8.65
      vertex -3.66847 -0.165731 8.65
      vertex -3.90086 -0.468589 8.65
    endloop
  endfacet
  facet normal 0 0 -1
    outer loop
      vertex -12.9 12.4 8.65
      vertex -4.13963 -0.84885 8.65
      vertex -4.3159 -1.18746 8.65
    endloop
  endfacet
  facet normal 0 0 -1
    outer loop
      vertex -12.9 12.4 8.65
      vertex -4.32879 -1.21859 8.65
      vertex -4.47488 -1.57128 8.65
    endloop
  endfacet
  facet normal 0 0 -1
    outer loop
      vertex -12.9 -12.4 8.65
      vertex -4.7606 -3.16634 8.65
      vertex -4.76207 -3.2 8.65
    endloop
  endfacet
  facet normal -0 0 -1
    outer loop
      vertex -4.7606 -3.23366 8.65
      vertex -12.9 -12.4 8.65
      vertex -4.76207 -3.2 8.65
    endloop
  endfacet
  facet normal -0 0 -1
    outer loop
      vertex -4.7606 -3.16634 8.65
      vertex -12.9 -12.4 8.65
      vertex -4.74395 -2.78496 8.65
    endloop
  endfacet
  facet normal -0 0 -1
    outer loop
      vertex -4.74395 -2.78496 8.65
      vertex -12.9 -12.4 8.65
      vertex -4.73955 -2.75155 8.65
    endloop
  endfacet
  facet normal 0 0 -1
    outer loop
      vertex 0 1.56207 8.65
      vertex -7.89999 17.4 8.65
      vertex 7.89999 17.4 8.65
    endloop
  endfacet
  facet normal 0 0 -1
    outer loop
      vertex -12.9 12.4 8.65
      vertex -3.90086 -0.468589 8.65
      vertex -4.10597 -0.790549 8.65
    endloop
  endfacet
  facet normal 0 0 -1
    outer loop
      vertex -12.9 12.4 8.65
      vertex -4.10597 -0.790549 8.65
      vertex -4.12407 -0.818965 8.65
    endloop
  endfacet
  facet normal 0 0 -1
    outer loop
      vertex -4.13963 -0.84885 8.65
      vertex -12.9 12.4 8.65
      vertex -4.12407 -0.818965 8.65
    endloop
  endfacet
  facet normal 0 0 -1
    outer loop
      vertex -4.32879 -1.21859 8.65
      vertex -12.9 12.4 8.65
      vertex -4.3159 -1.18746 8.65
    endloop
  endfacet
  facet normal 0 0 -1
    outer loop
      vertex -12.9 12.4 8.65
      vertex -4.47488 -1.57128 8.65
      vertex -4.58967 -1.93535 8.65
    endloop
  endfacet
  facet normal 0 0 -1
    outer loop
      vertex -12.9 12.4 8.65
      vertex -4.58967 -1.93535 8.65
      vertex -4.59981 -1.96749 8.65
    endloop
  endfacet
  facet normal 0 0 -1
    outer loop
      vertex -12.9 12.4 8.65
      vertex -4.59981 -1.96749 8.65
      vertex -4.68243 -2.34018 8.65
    endloop
  endfacet
  facet normal 0 0 -1
    outer loop
      vertex -12.9 12.4 8.65
      vertex -4.68243 -2.34018 8.65
      vertex -4.68972 -2.37307 8.65
    endloop
  endfacet
  facet normal -0 0 -1
    outer loop
      vertex -4.73955 -2.75155 8.65
      vertex -12.9 -12.4 8.65
      vertex -4.68972 -2.37307 8.65
    endloop
  endfacet
  facet normal 0 0 -1
    outer loop
      vertex -12.9 -12.4 8.65
      vertex -7.89999 -17.4 8.65
      vertex -8.33577 -17.381 8.65
    endloop
  endfacet
  facet normal 0 0 -1
    outer loop
      vertex -12.9 12.4 8.65
      vertex -4.68972 -2.37307 8.65
      vertex -12.9 -12.4 8.65
    endloop
  endfacet
  facet normal 0 0 -1
    outer loop
      vertex -12.9 -12.4 8.65
      vertex -8.33577 -17.381 8.65
      vertex -8.76823 -17.324 8.65
    endloop
  endfacet
  facet normal 0 0 -1
    outer loop
      vertex -1.62872 1.27488 8.65
      vertex -12.9 12.4 8.65
      vertex -7.89999 17.4 8.65
    endloop
  endfacet
  facet normal 0 0 -1
    outer loop
      vertex -12.9 -12.4 8.65
      vertex -8.76823 -17.324 8.65
      vertex -9.19409 -17.2296 8.65
    endloop
  endfacet
  facet normal 0 0 -1
    outer loop
      vertex -7.89999 17.4 8.65
      vertex -12.9 12.4 8.65
      vertex -8.33577 17.381 8.65
    endloop
  endfacet
  facet normal 0 0 -1
    outer loop
      vertex -12.9 -12.4 8.65
      vertex -9.19409 -17.2296 8.65
      vertex -9.61009 -17.0984 8.65
    endloop
  endfacet
  facet normal 0 0 -1
    outer loop
      vertex -8.33577 17.381 8.65
      vertex -12.9 12.4 8.65
      vertex -8.76823 17.324 8.65
    endloop
  endfacet
  facet normal 0 0 -1
    outer loop
      vertex -12.9 -12.4 8.65
      vertex -9.61009 -17.0984 8.65
      vertex -10.0131 -16.9315 8.65
    endloop
  endfacet
  facet normal 0 0 -1
    outer loop
      vertex -8.76823 17.324 8.65
      vertex -12.9 12.4 8.65
      vertex -9.19409 17.2296 8.65
    endloop
  endfacet
  facet normal 0 0 -1
    outer loop
      vertex -12.9 -12.4 8.65
      vertex -10.0131 -16.9315 8.65
      vertex -10.4 -16.7301 8.65
    endloop
  endfacet
  facet normal 0 0 -1
    outer loop
      vertex -9.19409 17.2296 8.65
      vertex -12.9 12.4 8.65
      vertex -9.61009 17.0984 8.65
    endloop
  endfacet
  facet normal 0 0 -1
    outer loop
      vertex -12.9 -12.4 8.65
      vertex -10.4 -16.7301 8.65
      vertex -10.7679 -16.4958 8.65
    endloop
  endfacet
  facet normal 0 0 -1
    outer loop
      vertex -9.61009 17.0984 8.65
      vertex -12.9 12.4 8.65
      vertex -10.0131 16.9315 8.65
    endloop
  endfacet
  facet normal 0 0 -1
    outer loop
      vertex -12.9 -12.4 8.65
      vertex -10.7679 -16.4958 8.65
      vertex -11.1139 -16.2302 8.65
    endloop
  endfacet
  facet normal 0 0 -1
    outer loop
      vertex -10.0131 16.9315 8.65
      vertex -12.9 12.4 8.65
      vertex -10.4 16.7301 8.65
    endloop
  endfacet
  facet normal 0 0 -1
    outer loop
      vertex -12.9 -12.4 8.65
      vertex -11.1139 -16.2302 8.65
      vertex -11.4355 -15.9355 8.65
    endloop
  endfacet
  facet normal 0 0 -1
    outer loop
      vertex -10.4 16.7301 8.65
      vertex -12.9 12.4 8.65
      vertex -10.7679 16.4958 8.65
    endloop
  endfacet
  facet normal 0 0 -1
    outer loop
      vertex -12.9 -12.4 8.65
      vertex -11.4355 -15.9355 8.65
      vertex -11.7302 -15.6139 8.65
    endloop
  endfacet
  facet normal 0 0 -1
    outer loop
      vertex -10.7679 16.4958 8.65
      vertex -12.9 12.4 8.65
      vertex -11.1139 16.2302 8.65
    endloop
  endfacet
  facet normal 0 0 -1
    outer loop
      vertex -12.9 -12.4 8.65
      vertex -11.7302 -15.6139 8.65
      vertex -11.9958 -15.2679 8.65
    endloop
  endfacet
  facet normal 0 0 -1
    outer loop
      vertex -11.1139 16.2302 8.65
      vertex -12.9 12.4 8.65
      vertex -11.4355 15.9355 8.65
    endloop
  endfacet
  facet normal 0 0 -1
    outer loop
      vertex -12.9 -12.4 8.65
      vertex -11.9958 -15.2679 8.65
      vertex -12.2301 -14.9 8.65
    endloop
  endfacet
  facet normal 0 0 -1
    outer loop
      vertex -11.4355 15.9355 8.65
      vertex -12.9 12.4 8.65
      vertex -11.7302 15.6139 8.65
    endloop
  endfacet
  facet normal 0 0 -1
    outer loop
      vertex -12.9 -12.4 8.65
      vertex -12.2301 -14.9 8.65
      vertex -12.4315 -14.5131 8.65
    endloop
  endfacet
  facet normal 0 0 -1
    outer loop
      vertex -11.7302 15.6139 8.65
      vertex -12.9 12.4 8.65
      vertex -11.9958 15.2679 8.65
    endloop
  endfacet
  facet normal 0 0 -1
    outer loop
      vertex -12.9 -12.4 8.65
      vertex -12.4315 -14.5131 8.65
      vertex -12.5984 -14.1101 8.65
    endloop
  endfacet
  facet normal 0 0 -1
    outer loop
      vertex -11.9958 15.2679 8.65
      vertex -12.9 12.4 8.65
      vertex -12.2301 14.9 8.65
    endloop
  endfacet
  facet normal 0 0 -1
    outer loop
      vertex -12.9 -12.4 8.65
      vertex -12.5984 -14.1101 8.65
      vertex -12.7296 -13.6941 8.65
    endloop
  endfacet
  facet normal 0 0 -1
    outer loop
      vertex -12.2301 14.9 8.65
      vertex -12.9 12.4 8.65
      vertex -12.4315 14.5131 8.65
    endloop
  endfacet
  facet normal 0 0 -1
    outer loop
      vertex -12.9 -12.4 8.65
      vertex -12.7296 -13.6941 8.65
      vertex -12.824 -13.2682 8.65
    endloop
  endfacet
  facet normal 0 0 -1
    outer loop
      vertex -12.4315 14.5131 8.65
      vertex -12.9 12.4 8.65
      vertex -12.5984 14.1101 8.65
    endloop
  endfacet
  facet normal 0 0 -1
    outer loop
      vertex -12.9 -12.4 8.65
      vertex -12.824 -13.2682 8.65
      vertex -12.881 -12.8358 8.65
    endloop
  endfacet
  facet normal 0 0 -1
    outer loop
      vertex -12.5984 14.1101 8.65
      vertex -12.9 12.4 8.65
      vertex -12.7296 13.6941 8.65
    endloop
  endfacet
  facet normal 0 0 -1
    outer loop
      vertex -12.7296 13.6941 8.65
      vertex -12.9 12.4 8.65
      vertex -12.824 13.2682 8.65
    endloop
  endfacet
  facet normal 0 0 -1
    outer loop
      vertex -12.824 13.2682 8.65
      vertex -12.9 12.4 8.65
      vertex -12.881 12.8358 8.65
    endloop
  endfacet
  facet normal 0.30078 -0.953693 0
    outer loop
      vertex -9.61009 17.0984 2.82
      vertex -9.19409 17.2296 8.65
      vertex -9.61009 17.0984 8.65
    endloop
  endfacet
  facet normal 0.30078 -0.953693 0
    outer loop
      vertex -9.19409 17.2296 8.65
      vertex -9.61009 17.0984 2.82
      vertex -9.19409 17.2296 2.82
    endloop
  endfacet
  facet normal 0.6756 -0.737268 0
    outer loop
      vertex -11.4355 15.9355 2.82
      vertex -11.1139 16.2302 8.65
      vertex -11.4355 15.9355 8.65
    endloop
  endfacet
  facet normal 0.6756 -0.737268 0
    outer loop
      vertex -11.1139 16.2302 8.65
      vertex -11.4355 15.9355 2.82
      vertex -11.1139 16.2302 2.82
    endloop
  endfacet
  facet normal -0.38262 0.923906 0
    outer loop
      vertex 10.0131 -16.9315 2.82
      vertex 9.61009 -17.0984 8.65
      vertex 10.0131 -16.9315 8.65
    endloop
  endfacet
  facet normal -0.38262 0.923906 0
    outer loop
      vertex 9.61009 -17.0984 8.65
      vertex 10.0131 -16.9315 2.82
      vertex 9.61009 -17.0984 2.82
    endloop
  endfacet
  facet normal 0.810531 -0.25556 0.527
    outer loop
      vertex -5.31925 -1.77471 9.85
      vertex -4.58967 -1.93535 8.65
      vertex -5.18754 -1.35698 9.85
    endloop
  endfacet
  facet normal 0.810489 -0.255705 0.526994
    outer loop
      vertex -4.58967 -1.93535 8.65
      vertex -5.31925 -1.77471 9.85
      vertex -4.59981 -1.96749 8.65
    endloop
  endfacet
  facet normal 0.456524 0.716818 0.527027
    outer loop
      vertex -2.73141 -7.10086 8.65
      vertex -2.78922 -7.94632 9.85
      vertex -2.70299 -7.11896 8.65
    endloop
  endfacet
  facet normal 0.456633 0.71677 0.526999
    outer loop
      vertex -2.78922 -7.94632 9.85
      vertex -2.73141 -7.10086 8.65
      vertex -3.15863 -7.71098 9.85
    endloop
  endfacet
  facet normal -0.183933 -0.829723 0.527
    outer loop
      vertex 0.826924 1.48972 8.65
      vertex 0.997673 2.21405 9.85
      vertex 0.956262 2.22323 9.85
    endloop
  endfacet
  facet normal -0.183935 -0.829723 0.527
    outer loop
      vertex 0.997673 2.21405 9.85
      vertex 0.826924 1.48972 8.65
      vertex 1.19962 1.4071 8.65
    endloop
  endfacet
  facet normal -0.849055 -0.0370799 0.527001
    outer loop
      vertex 5.5069 -3.2 9.85
      vertex 4.7606 -3.16634 8.65
      vertex 4.76207 -3.2 8.65
    endloop
  endfacet
  facet normal -0.849055 -0.0370799 0.527001
    outer loop
      vertex 4.7606 -3.16634 8.65
      vertex 5.5069 -3.2 9.85
      vertex 5.48779 -2.76242 9.85
    endloop
  endfacet
  facet normal -0.849058 -0.0370636 0.526999
    outer loop
      vertex 4.74395 -2.78496 8.65
      vertex 5.48779 -2.76242 9.85
      vertex 5.48594 -2.72004 9.85
    endloop
  endfacet
  facet normal -0.849057 -0.0370675 0.526999
    outer loop
      vertex 5.48779 -2.76242 9.85
      vertex 4.74395 -2.78496 8.65
      vertex 4.7606 -3.16634 8.65
    endloop
  endfacet
  facet normal 0.810489 0.255705 0.526994
    outer loop
      vertex -5.31925 -4.62529 9.85
      vertex -4.58967 -4.46465 8.65
      vertex -4.59981 -4.43251 8.65
    endloop
  endfacet
  facet normal 0.810531 0.25556 0.527
    outer loop
      vertex -4.58967 -4.46465 8.65
      vertex -5.31925 -4.62529 9.85
      vertex -5.18754 -5.04302 9.85
    endloop
  endfacet
  facet normal -0.842593 0.110937 0.527001
    outer loop
      vertex 4.68972 -4.02692 8.65
      vertex 5.42877 -4.11421 9.85
      vertex 4.73955 -3.64845 8.65
    endloop
  endfacet
  facet normal -0.842584 0.111009 0.527001
    outer loop
      vertex 5.42877 -4.11421 9.85
      vertex 4.68972 -4.02692 8.65
      vertex 5.42323 -4.15626 9.85
    endloop
  endfacet
  facet normal -0.626582 -0.574163 0.527003
    outer loop
      vertex 3.62519 -0.11416 8.65
      vertex 4.21853 0.339765 9.85
      vertex 3.92262 0.662691 9.85
    endloop
  endfacet
  facet normal -0.626494 -0.574263 0.526997
    outer loop
      vertex 4.21853 0.339765 9.85
      vertex 3.62519 -0.11416 8.65
      vertex 3.64796 -0.139001 8.65
    endloop
  endfacet
  facet normal -0.183938 0.829724 0.526997
    outer loop
      vertex 1.23251 -7.79981 8.65
      vertex 1.38388 -8.52843 9.85
      vertex 1.42529 -8.51925 9.85
    endloop
  endfacet
  facet normal -0.183937 0.829724 0.526997
    outer loop
      vertex 1.38388 -8.52843 9.85
      vertex 1.23251 -7.79981 8.65
      vertex 0.859818 -7.88243 8.65
    endloop
  endfacet
  facet normal -0.183944 0.829721 0.526998
    outer loop
      vertex 0.859818 -7.88243 8.65
      vertex 0.956262 -8.62323 9.85
      vertex 1.38388 -8.52843 9.85
    endloop
  endfacet
  facet normal -0.183886 0.829733 0.527001
    outer loop
      vertex 0.956262 -8.62323 9.85
      vertex 0.859818 -7.88243 8.65
      vertex 0.826924 -7.88972 8.65
    endloop
  endfacet
  facet normal -0.785159 0.325274 0.526994
    outer loop
      vertex 4.32879 -5.18141 8.65
      vertex 5.09675 -5.2125 9.81336
      vertex 5.14295 -5.12376 9.82742
    endloop
  endfacet
  facet normal -0.785202 0.325129 0.527019
    outer loop
      vertex 4.3159 -5.21254 8.65
      vertex 5.09675 -5.2125 9.81336
      vertex 4.32879 -5.18141 8.65
    endloop
  endfacet
  facet normal -0.785173 0.32523 0.526999
    outer loop
      vertex 4.3159 -5.21254 8.65
      vertex 5.02664 -5.38176 9.81336
      vertex 5.09675 -5.2125 9.81336
    endloop
  endfacet
  facet normal -0.785185 0.325198 0.527002
    outer loop
      vertex 5.02664 -5.38176 9.81336
      vertex 4.3159 -5.21254 8.65
      vertex 4.98206 -5.52317 9.8342
    endloop
  endfacet
  facet normal -0.325244 0.785169 0.526998
    outer loop
      vertex 2.01254 -7.5159 8.65
      vertex 1.92266 -8.35856 9.85
      vertex 2.32731 -8.19094 9.85
    endloop
  endfacet
  facet normal -0.325127 0.785198 0.527027
    outer loop
      vertex 1.92266 -8.35856 9.85
      vertex 2.01254 -7.5159 8.65
      vertex 1.98141 -7.52879 8.65
    endloop
  endfacet
  facet normal -0.0370799 0.849055 0.527001
    outer loop
      vertex 0.0336602 -7.9606 8.65
      vertex 0 -8.7069 9.85
      vertex 0.437581 -8.68779 9.85
    endloop
  endfacet
  facet normal -0.0370797 0.849055 0.527001
    outer loop
      vertex 0 -8.7069 9.85
      vertex 0.0336602 -7.9606 8.65
      vertex 0 -7.96207 8.65
    endloop
  endfacet
  facet normal 0.39254 0.753797 0.526974
    outer loop
      vertex -2.38103 -7.32407 8.65
      vertex -2.36494 -8.17136 9.85
      vertex -2.35115 -7.33963 8.65
    endloop
  endfacet
  facet normal 0.39243 0.753835 0.527002
    outer loop
      vertex -2.36494 -8.17136 9.85
      vertex -2.38103 -7.32407 8.65
      vertex -2.75345 -7.96911 9.85
    endloop
  endfacet
  facet normal 0.67425 -0.517357 0.527
    outer loop
      vertex -4.48516 -0.00772314 9.85
      vertex -3.64796 -0.139001 8.65
      vertex -4.21853 0.339765 9.85
    endloop
  endfacet
  facet normal 0.674251 -0.517355 0.527
    outer loop
      vertex -3.64796 -0.139001 8.65
      vertex -4.48516 -0.00772314 9.85
      vertex -3.66847 -0.165731 8.65
    endloop
  endfacet
  facet normal -0.849055 0.0370799 0.527001
    outer loop
      vertex 4.7606 -3.23366 8.65
      vertex 5.5069 -3.2 9.85
      vertex 4.76207 -3.2 8.65
    endloop
  endfacet
  facet normal -0.849055 0.0370799 0.527001
    outer loop
      vertex 5.5069 -3.2 9.85
      vertex 4.7606 -3.23366 8.65
      vertex 5.48779 -3.63758 9.85
    endloop
  endfacet
  facet normal -0.829739 0.183854 0.527001
    outer loop
      vertex 4.68243 -4.05982 8.65
      vertex 5.42323 -4.15626 9.85
      vertex 4.68972 -4.02692 8.65
    endloop
  endfacet
  facet normal -0.829722 0.183943 0.526998
    outer loop
      vertex 5.42323 -4.15626 9.85
      vertex 4.68243 -4.05982 8.65
      vertex 5.32843 -4.58388 9.85
    endloop
  endfacet
  facet normal 0.111001 -0.842585 0.527001
    outer loop
      vertex -0.826924 1.48972 8.65
      vertex -0.914209 2.22877 9.85
      vertex -0.956262 2.22323 9.85
    endloop
  endfacet
  facet normal 0.110935 -0.842593 0.527001
    outer loop
      vertex -0.914209 2.22877 9.85
      vertex -0.826924 1.48972 8.65
      vertex -0.448445 1.53955 8.65
    endloop
  endfacet
  facet normal -0.78525 0.325042 0.527002
    outer loop
      vertex 4.47488 -4.82872 8.65
      vertex 5.14295 -5.12376 9.82742
      vertex 5.16565 -5.08014 9.83434
    endloop
  endfacet
  facet normal -0.78517 0.32523 0.527004
    outer loop
      vertex 5.14295 -5.12376 9.82742
      vertex 4.47488 -4.82872 8.65
      vertex 4.32879 -5.18141 8.65
    endloop
  endfacet
  facet normal 0.0370799 -0.849055 0.527001
    outer loop
      vertex -0.0336602 1.5606 8.65
      vertex 0 2.3069 9.85
      vertex -0.437581 2.28779 9.85
    endloop
  endfacet
  facet normal 0.0370797 -0.849055 0.527001
    outer loop
      vertex 0 2.3069 9.85
      vertex -0.0336602 1.5606 8.65
      vertex 0 1.56207 8.65
    endloop
  endfacet
  facet normal 0.183886 0.829733 0.527001
    outer loop
      vertex -0.859818 -7.88243 8.65
      vertex -0.956262 -8.62323 9.85
      vertex -0.826924 -7.88972 8.65
    endloop
  endfacet
  facet normal 0.183944 0.829721 0.526998
    outer loop
      vertex -0.956262 -8.62323 9.85
      vertex -0.859818 -7.88243 8.65
      vertex -1.38388 -8.52843 9.85
    endloop
  endfacet
  facet normal -0.110929 0.842595 0.527
    outer loop
      vertex 0.448445 -7.93955 8.65
      vertex 0.479957 -8.68594 9.85
      vertex 0.914209 -8.62877 9.85
    endloop
  endfacet
  facet normal -0.110986 0.842589 0.526998
    outer loop
      vertex 0.479957 -8.68594 9.85
      vertex 0.448445 -7.93955 8.65
      vertex 0.415041 -7.94395 8.65
    endloop
  endfacet
  facet normal -0.255705 -0.810489 0.526994
    outer loop
      vertex 1.26465 1.38967 8.65
      vertex 1.42529 2.11925 9.85
      vertex 1.23251 1.39981 8.65
    endloop
  endfacet
  facet normal -0.25556 -0.810531 0.527
    outer loop
      vertex 1.42529 2.11925 9.85
      vertex 1.26465 1.38967 8.65
      vertex 1.84302 1.98754 9.85
    endloop
  endfacet
  facet normal -0.753784 0.392533 0.527
    outer loop
      vertex 4.30034 -5.24242 8.65
      vertex 4.98206 -5.52317 9.8342
      vertex 4.3159 -5.21254 8.65
    endloop
  endfacet
  facet normal -0.753865 0.392366 0.527007
    outer loop
      vertex 4.30034 -5.24242 8.65
      vertex 4.97156 -5.55648 9.84398
      vertex 4.98206 -5.52317 9.8342
    endloop
  endfacet
  facet normal -0.75383 0.392436 0.527005
    outer loop
      vertex 4.7887 -5.91582 9.85
      vertex 4.97156 -5.55648 9.84398
      vertex 4.30034 -5.24242 8.65
    endloop
  endfacet
  facet normal -0.754035 0.392534 0.526639
    outer loop
      vertex 4.97156 -5.55648 9.84398
      vertex 4.7887 -5.91582 9.85
      vertex 4.96844 -5.57055 9.85
    endloop
  endfacet
  facet normal -0.25556 0.81053 0.527001
    outer loop
      vertex 1.62872 -7.67488 8.65
      vertex 1.46574 -8.5065 9.85
      vertex 1.88347 -8.37479 9.85
    endloop
  endfacet
  facet normal -0.255546 0.810532 0.527005
    outer loop
      vertex 1.46574 -8.5065 9.85
      vertex 1.62872 -7.67488 8.65
      vertex 1.59659 -7.68501 8.65
    endloop
  endfacet
  facet normal -0.574164 -0.626584 0.526999
    outer loop
      vertex 3.34245 0.190053 8.65
      vertex 3.53976 1.01853 9.85
      vertex 3.061 0.447957 8.65
    endloop
  endfacet
  facet normal -0.5741 -0.626627 0.527018
    outer loop
      vertex 3.53976 1.01853 9.85
      vertex 3.34245 0.190053 8.65
      vertex 3.57104 0.989872 9.85
    endloop
  endfacet
  facet normal 0.574159 0.626588 0.527001
    outer loop
      vertex -3.36729 -6.56729 8.65
      vertex -3.86269 -7.12262 9.85
      vertex -3.08584 -6.82519 8.65
    endloop
  endfacet
  facet normal 0.574229 0.626523 0.527
    outer loop
      vertex -3.86269 -7.12262 9.85
      vertex -3.36729 -6.56729 8.65
      vertex -3.89396 -7.09396 9.85
    endloop
  endfacet
  facet normal -0.626484 0.574277 0.526995
    outer loop
      vertex 3.62519 -6.28584 8.65
      vertex 4.21853 -6.73976 9.85
      vertex 3.64796 -6.261 8.65
    endloop
  endfacet
  facet normal -0.626587 0.574159 0.527001
    outer loop
      vertex 4.21853 -6.73976 9.85
      vertex 3.62519 -6.28584 8.65
      vertex 3.92262 -7.06269 9.85
    endloop
  endfacet
  facet normal 0.325237 -0.785171 0.526999
    outer loop
      vertex -1.65985 1.26199 8.65
      vertex -1.88347 1.97479 9.85
      vertex -2.28813 1.80717 9.85
    endloop
  endfacet
  facet normal 0.325132 -0.785211 0.527004
    outer loop
      vertex -1.88347 1.97479 9.85
      vertex -1.65985 1.26199 8.65
      vertex -1.62872 1.27488 8.65
    endloop
  endfacet
  facet normal -0.0370671 0.849057 0.526999
    outer loop
      vertex 0.415041 -7.94395 8.65
      vertex 0.437581 -8.68779 9.85
      vertex 0.479957 -8.68594 9.85
    endloop
  endfacet
  facet normal -0.0370674 0.849057 0.526999
    outer loop
      vertex 0.437581 -8.68779 9.85
      vertex 0.415041 -7.94395 8.65
      vertex 0.0336602 -7.9606 8.65
    endloop
  endfacet
  facet normal 0.517362 0.674247 0.526998
    outer loop
      vertex -3.061 -6.84796 8.65
      vertex -3.50611 -7.44435 9.85
      vertex -2.75814 -7.08035 8.65
    endloop
  endfacet
  facet normal 0.517359 0.67425 0.526998
    outer loop
      vertex -3.50611 -7.44435 9.85
      vertex -3.061 -6.84796 8.65
      vertex -3.53976 -7.41853 9.85
    endloop
  endfacet
  facet normal 0.45663 0.716769 0.527002
    outer loop
      vertex -2.70299 -7.11896 8.65
      vertex -2.75345 -7.96911 9.85
      vertex -2.38103 -7.32407 8.65
    endloop
  endfacet
  facet normal 0.456663 0.716754 0.526993
    outer loop
      vertex -2.75345 -7.96911 9.85
      vertex -2.70299 -7.11896 8.65
      vertex -2.78922 -7.94632 9.85
    endloop
  endfacet
  facet normal -0.255558 -0.810532 0.527
    outer loop
      vertex 1.62872 1.27488 8.65
      vertex 1.84302 1.98754 9.85
      vertex 1.26465 1.38967 8.65
    endloop
  endfacet
  facet normal -0.255489 -0.810553 0.527
    outer loop
      vertex 1.84302 1.98754 9.85
      vertex 1.62872 1.27488 8.65
      vertex 1.88347 1.97479 9.85
    endloop
  endfacet
  facet normal -0.674254 -0.517349 0.527002
    outer loop
      vertex 3.66847 -0.165731 8.65
      vertex 4.51098 -0.041374 9.85
      vertex 4.48516 -0.00772314 9.85
    endloop
  endfacet
  facet normal -0.674246 -0.517365 0.526997
    outer loop
      vertex 4.51098 -0.041374 9.85
      vertex 3.66847 -0.165731 8.65
      vertex 3.90086 -0.468589 8.65
    endloop
  endfacet
  facet normal -0.255486 0.810542 0.527018
    outer loop
      vertex 1.59659 -7.68501 8.65
      vertex 1.42529 -8.51925 9.85
      vertex 1.46574 -8.5065 9.85
    endloop
  endfacet
  facet normal -0.255572 0.810529 0.526997
    outer loop
      vertex 1.42529 -8.51925 9.85
      vertex 1.59659 -7.68501 8.65
      vertex 1.23251 -7.79981 8.65
    endloop
  endfacet
  facet normal 0.0370797 0.849055 0.527001
    outer loop
      vertex -0.0336602 -7.9606 8.65
      vertex 0 -8.7069 9.85
      vertex 0 -7.96207 8.65
    endloop
  endfacet
  facet normal 0.0370799 0.849055 0.527001
    outer loop
      vertex 0 -8.7069 9.85
      vertex -0.0336602 -7.9606 8.65
      vertex -0.437581 -8.68779 9.85
    endloop
  endfacet
  facet normal -0.842595 -0.11093 0.527
    outer loop
      vertex 4.73955 -2.75155 8.65
      vertex 5.48594 -2.72004 9.85
      vertex 5.42877 -2.28579 9.85
    endloop
  endfacet
  facet normal -0.842591 -0.110967 0.526998
    outer loop
      vertex 5.48594 -2.72004 9.85
      vertex 4.73955 -2.75155 8.65
      vertex 4.74395 -2.78496 8.65
    endloop
  endfacet
  facet normal 0.842593 0.110937 0.527001
    outer loop
      vertex -5.42877 -4.11421 9.85
      vertex -4.68972 -4.02692 8.65
      vertex -4.73955 -3.64845 8.65
    endloop
  endfacet
  facet normal 0.842584 0.111009 0.527001
    outer loop
      vertex -4.68972 -4.02692 8.65
      vertex -5.42877 -4.11421 9.85
      vertex -5.42323 -4.15626 9.85
    endloop
  endfacet
  facet normal 0.753786 0.392534 0.526995
    outer loop
      vertex -4.99094 -5.52731 9.85
      vertex -4.30034 -5.24242 8.65
      vertex -4.3159 -5.21254 8.65
    endloop
  endfacet
  facet normal 0.753844 0.392416 0.527
    outer loop
      vertex -4.30034 -5.24242 8.65
      vertex -4.99094 -5.52731 9.85
      vertex -4.7887 -5.91582 9.85
    endloop
  endfacet
  facet normal -0.849057 0.0370675 0.526999
    outer loop
      vertex 4.74395 -3.61504 8.65
      vertex 5.48779 -3.63758 9.85
      vertex 4.7606 -3.23366 8.65
    endloop
  endfacet
  facet normal -0.849058 0.0370636 0.526999
    outer loop
      vertex 5.48779 -3.63758 9.85
      vertex 4.74395 -3.61504 8.65
      vertex 5.48594 -3.67996 9.85
    endloop
  endfacet
  facet normal -0.829722 -0.183943 0.526998
    outer loop
      vertex 4.68243 -2.34018 8.65
      vertex 5.42323 -2.24374 9.85
      vertex 5.32843 -1.81612 9.85
    endloop
  endfacet
  facet normal -0.829729 -0.183908 0.526999
    outer loop
      vertex 5.42323 -2.24374 9.85
      vertex 4.68243 -2.34018 8.65
      vertex 4.68972 -2.37307 8.65
    endloop
  endfacet
  facet normal 0.785185 -0.325174 0.527016
    outer loop
      vertex -5.17479 -1.31653 9.85
      vertex -4.32879 -1.21859 8.65
      vertex -5.15856 -1.27734 9.85
    endloop
  endfacet
  facet normal 0.785171 -0.325231 0.527002
    outer loop
      vertex -4.32879 -1.21859 8.65
      vertex -5.17479 -1.31653 9.85
      vertex -4.47488 -1.57128 8.65
    endloop
  endfacet
  facet normal -0.574229 0.626523 0.527
    outer loop
      vertex 3.36729 -6.56729 8.65
      vertex 3.86269 -7.12262 9.85
      vertex 3.89396 -7.09396 9.85
    endloop
  endfacet
  facet normal -0.574159 0.626588 0.527001
    outer loop
      vertex 3.86269 -7.12262 9.85
      vertex 3.36729 -6.56729 8.65
      vertex 3.08584 -6.82519 8.65
    endloop
  endfacet
  facet normal 0.829724 0.183938 0.526997
    outer loop
      vertex -5.32843 -4.58388 9.85
      vertex -4.59981 -4.43251 8.65
      vertex -4.68243 -4.05982 8.65
    endloop
  endfacet
  facet normal 0.829724 0.183938 0.526997
    outer loop
      vertex -4.59981 -4.43251 8.65
      vertex -5.32843 -4.58388 9.85
      vertex -5.31925 -4.62529 9.85
    endloop
  endfacet
  facet normal -0.183944 -0.829722 0.526998
    outer loop
      vertex 1.19962 1.4071 8.65
      vertex 1.42529 2.11925 9.85
      vertex 0.997673 2.21405 9.85
    endloop
  endfacet
  facet normal -0.183908 -0.829731 0.526996
    outer loop
      vertex 1.42529 2.11925 9.85
      vertex 1.19962 1.4071 8.65
      vertex 1.23251 1.39981 8.65
    endloop
  endfacet
  facet normal 0.674254 -0.517349 0.527002
    outer loop
      vertex -4.51098 -0.041374 9.85
      vertex -3.66847 -0.165731 8.65
      vertex -4.48516 -0.00772314 9.85
    endloop
  endfacet
  facet normal 0.674246 -0.517365 0.526997
    outer loop
      vertex -3.66847 -0.165731 8.65
      vertex -4.51098 -0.041374 9.85
      vertex -3.90086 -0.468589 8.65
    endloop
  endfacet
  facet normal -0.842591 0.110967 0.526998
    outer loop
      vertex 4.73955 -3.64845 8.65
      vertex 5.48594 -3.67996 9.85
      vertex 4.74395 -3.61504 8.65
    endloop
  endfacet
  facet normal -0.842595 0.11093 0.527
    outer loop
      vertex 5.48594 -3.67996 9.85
      vertex 4.73955 -3.64845 8.65
      vertex 5.42877 -4.11421 9.85
    endloop
  endfacet
  facet normal 0.183935 -0.829723 0.527
    outer loop
      vertex -0.826924 1.48972 8.65
      vertex -0.997673 2.21405 9.85
      vertex -1.19962 1.4071 8.65
    endloop
  endfacet
  facet normal 0.183933 -0.829723 0.527
    outer loop
      vertex -0.997673 2.21405 9.85
      vertex -0.826924 1.48972 8.65
      vertex -0.956262 2.22323 9.85
    endloop
  endfacet
  facet normal -0.753871 -0.392334 0.527022
    outer loop
      vertex 4.13963 -0.84885 8.65
      vertex 4.99094 -0.872684 9.85
      vertex 4.97136 -0.835061 9.85
    endloop
  endfacet
  facet normal -0.75384 -0.392426 0.526999
    outer loop
      vertex 4.99094 -0.872684 9.85
      vertex 4.13963 -0.84885 8.65
      vertex 4.3159 -1.18746 8.65
    endloop
  endfacet
  facet normal -0.325174 0.785185 0.527016
    outer loop
      vertex 1.98141 -7.52879 8.65
      vertex 1.88347 -8.37479 9.85
      vertex 1.92266 -8.35856 9.85
    endloop
  endfacet
  facet normal -0.325231 0.785171 0.527002
    outer loop
      vertex 1.88347 -8.37479 9.85
      vertex 1.98141 -7.52879 8.65
      vertex 1.62872 -7.67488 8.65
    endloop
  endfacet
  facet normal 0.626588 0.574159 0.527001
    outer loop
      vertex -3.92262 -7.06269 9.85
      vertex -3.36729 -6.56729 8.65
      vertex -3.62519 -6.28584 8.65
    endloop
  endfacet
  facet normal 0.626523 0.574229 0.527
    outer loop
      vertex -3.36729 -6.56729 8.65
      vertex -3.92262 -7.06269 9.85
      vertex -3.89396 -7.09396 9.85
    endloop
  endfacet
  facet normal -0.456633 -0.716767 0.527002
    outer loop
      vertex 2.73141 0.700858 8.65
      vertex 3.12285 1.33378 9.85
      vertex 2.40945 0.90597 8.65
    endloop
  endfacet
  facet normal -0.456569 -0.716808 0.527002
    outer loop
      vertex 3.12285 1.33378 9.85
      vertex 2.73141 0.700858 8.65
      vertex 3.15863 1.31099 9.85
    endloop
  endfacet
  facet normal -0.517365 0.674245 0.526999
    outer loop
      vertex 2.75814 -7.08035 8.65
      vertex 3.15863 -7.71098 9.85
      vertex 3.50611 -7.44435 9.85
    endloop
  endfacet
  facet normal -0.517355 0.674252 0.526999
    outer loop
      vertex 3.15863 -7.71098 9.85
      vertex 2.75814 -7.08035 8.65
      vertex 2.73141 -7.10086 8.65
    endloop
  endfacet
  facet normal 0.785198 0.325127 0.527027
    outer loop
      vertex -5.15856 -5.12266 9.85
      vertex -4.3159 -5.21254 8.65
      vertex -4.32879 -5.18141 8.65
    endloop
  endfacet
  facet normal 0.785169 0.325244 0.526998
    outer loop
      vertex -4.3159 -5.21254 8.65
      vertex -5.15856 -5.12266 9.85
      vertex -4.99094 -5.52731 9.85
    endloop
  endfacet
  facet normal -0.111001 0.842585 0.527001
    outer loop
      vertex 0.826924 -7.88972 8.65
      vertex 0.914209 -8.62877 9.85
      vertex 0.956262 -8.62323 9.85
    endloop
  endfacet
  facet normal -0.110935 0.842593 0.527001
    outer loop
      vertex 0.914209 -8.62877 9.85
      vertex 0.826924 -7.88972 8.65
      vertex 0.448445 -7.93955 8.65
    endloop
  endfacet
  facet normal 0.392273 -0.753893 0.527037
    outer loop
      vertex -2.35115 0.93963 8.65
      vertex -2.32731 1.79094 9.85
      vertex -2.36494 1.77136 9.85
    endloop
  endfacet
  facet normal 0.392426 -0.753841 0.526997
    outer loop
      vertex -2.32731 1.79094 9.85
      vertex -2.35115 0.93963 8.65
      vertex -2.01254 1.1159 8.65
    endloop
  endfacet
  facet normal -0.110935 -0.842593 0.527001
    outer loop
      vertex 0.826924 1.48972 8.65
      vertex 0.914209 2.22877 9.85
      vertex 0.448445 1.53955 8.65
    endloop
  endfacet
  facet normal -0.111001 -0.842585 0.527001
    outer loop
      vertex 0.914209 2.22877 9.85
      vertex 0.826924 1.48972 8.65
      vertex 0.956262 2.22323 9.85
    endloop
  endfacet
  facet normal 0.842591 0.110967 0.526998
    outer loop
      vertex -5.48594 -3.67996 9.85
      vertex -4.73955 -3.64845 8.65
      vertex -4.74395 -3.61504 8.65
    endloop
  endfacet
  facet normal 0.842595 0.11093 0.527
    outer loop
      vertex -4.73955 -3.64845 8.65
      vertex -5.48594 -3.67996 9.85
      vertex -5.42877 -4.11421 9.85
    endloop
  endfacet
  facet normal 0.716818 0.456524 0.527027
    outer loop
      vertex -4.74632 -5.98922 9.85
      vertex -3.90086 -5.93141 8.65
      vertex -3.91896 -5.90299 8.65
    endloop
  endfacet
  facet normal 0.71677 0.456633 0.526999
    outer loop
      vertex -3.90086 -5.93141 8.65
      vertex -4.74632 -5.98922 9.85
      vertex -4.51098 -6.35863 9.85
    endloop
  endfacet
  facet normal 0.849057 0.0370675 0.526999
    outer loop
      vertex -5.48779 -3.63758 9.85
      vertex -4.74395 -3.61504 8.65
      vertex -4.7606 -3.23366 8.65
    endloop
  endfacet
  facet normal 0.849058 0.0370636 0.526999
    outer loop
      vertex -4.74395 -3.61504 8.65
      vertex -5.48779 -3.63758 9.85
      vertex -5.48594 -3.67996 9.85
    endloop
  endfacet
  facet normal 0.110935 0.842593 0.527001
    outer loop
      vertex -0.826924 -7.88972 8.65
      vertex -0.914209 -8.62877 9.85
      vertex -0.448445 -7.93955 8.65
    endloop
  endfacet
  facet normal 0.111001 0.842585 0.527001
    outer loop
      vertex -0.914209 -8.62877 9.85
      vertex -0.826924 -7.88972 8.65
      vertex -0.956262 -8.62323 9.85
    endloop
  endfacet
  facet normal -0.456663 0.716754 0.526993
    outer loop
      vertex 2.70299 -7.11896 8.65
      vertex 2.75345 -7.96911 9.85
      vertex 2.78922 -7.94632 9.85
    endloop
  endfacet
  facet normal -0.45663 0.716769 0.527002
    outer loop
      vertex 2.75345 -7.96911 9.85
      vertex 2.70299 -7.11896 8.65
      vertex 2.38103 -7.32407 8.65
    endloop
  endfacet
  facet normal -0.785198 -0.325127 0.527027
    outer loop
      vertex 5.15856 -1.27734 9.85
      vertex 4.3159 -1.18746 8.65
      vertex 4.32879 -1.21859 8.65
    endloop
  endfacet
  facet normal -0.78517 -0.32524 0.526999
    outer loop
      vertex 4.3159 -1.18746 8.65
      vertex 5.15856 -1.27734 9.85
      vertex 4.99094 -0.872684 9.85
    endloop
  endfacet
  facet normal 0.626484 0.574277 0.526995
    outer loop
      vertex -4.21853 -6.73976 9.85
      vertex -3.62519 -6.28584 8.65
      vertex -3.64796 -6.261 8.65
    endloop
  endfacet
  facet normal 0.626587 0.574159 0.527001
    outer loop
      vertex -3.62519 -6.28584 8.65
      vertex -4.21853 -6.73976 9.85
      vertex -3.92262 -7.06269 9.85
    endloop
  endfacet
  facet normal 0.517355 0.674252 0.526999
    outer loop
      vertex -2.75814 -7.08035 8.65
      vertex -3.15863 -7.71098 9.85
      vertex -2.73141 -7.10086 8.65
    endloop
  endfacet
  facet normal 0.517365 0.674245 0.526999
    outer loop
      vertex -3.15863 -7.71098 9.85
      vertex -2.75814 -7.08035 8.65
      vertex -3.50611 -7.44435 9.85
    endloop
  endfacet
  facet normal -0.810489 0.255705 0.526994
    outer loop
      vertex 4.58967 -4.46465 8.65
      vertex 5.31925 -4.62529 9.85
      vertex 4.59981 -4.43251 8.65
    endloop
  endfacet
  facet normal -0.810531 0.25556 0.527
    outer loop
      vertex 5.18646 -5.04197 9.84783
      vertex 5.31925 -4.62529 9.85
      vertex 4.58967 -4.46465 8.65
    endloop
  endfacet
  facet normal -0.809739 0.255301 0.528341
    outer loop
      vertex 5.31925 -4.62529 9.85
      vertex 5.18646 -5.04197 9.84783
      vertex 5.18926 -5.03758 9.85
    endloop
  endfacet
  facet normal 0.716769 0.45663 0.527002
    outer loop
      vertex -4.76911 -5.95345 9.85
      vertex -3.91896 -5.90299 8.65
      vertex -4.12407 -5.58103 8.65
    endloop
  endfacet
  facet normal 0.716754 0.456663 0.526993
    outer loop
      vertex -3.91896 -5.90299 8.65
      vertex -4.76911 -5.95345 9.85
      vertex -4.74632 -5.98922 9.85
    endloop
  endfacet
  facet normal 0.849055 0.0370799 0.527001
    outer loop
      vertex -5.5069 -3.2 9.85
      vertex -4.7606 -3.23366 8.65
      vertex -4.76207 -3.2 8.65
    endloop
  endfacet
  facet normal 0.849055 0.0370799 0.527001
    outer loop
      vertex -4.7606 -3.23366 8.65
      vertex -5.5069 -3.2 9.85
      vertex -5.48779 -3.63758 9.85
    endloop
  endfacet
  facet normal 0.255546 0.810532 0.527005
    outer loop
      vertex -1.62872 -7.67488 8.65
      vertex -1.46574 -8.5065 9.85
      vertex -1.59659 -7.68501 8.65
    endloop
  endfacet
  facet normal 0.25556 0.81053 0.527001
    outer loop
      vertex -1.46574 -8.5065 9.85
      vertex -1.62872 -7.67488 8.65
      vertex -1.88347 -8.37479 9.85
    endloop
  endfacet
  facet normal 0.517497 -0.674169 0.526966
    outer loop
      vertex -3.03427 0.468467 8.65
      vertex -3.15863 1.31099 9.85
      vertex -3.19228 1.28516 9.85
    endloop
  endfacet
  facet normal 0.517361 -0.674243 0.527004
    outer loop
      vertex -3.15863 1.31099 9.85
      vertex -3.03427 0.468467 8.65
      vertex -2.73141 0.700858 8.65
    endloop
  endfacet
  facet normal -0.674251 0.517355 0.527001
    outer loop
      vertex 3.64796 -6.261 8.65
      vertex 4.48516 -6.39228 9.85
      vertex 3.66847 -6.23427 8.65
    endloop
  endfacet
  facet normal -0.674245 0.517365 0.526998
    outer loop
      vertex 4.48516 -6.39228 9.85
      vertex 3.64796 -6.261 8.65
      vertex 4.21853 -6.73976 9.85
    endloop
  endfacet
  facet normal 0.255572 0.810529 0.526997
    outer loop
      vertex -1.59659 -7.68501 8.65
      vertex -1.42529 -8.51925 9.85
      vertex -1.23251 -7.79981 8.65
    endloop
  endfacet
  facet normal 0.255486 0.810542 0.527018
    outer loop
      vertex -1.42529 -8.51925 9.85
      vertex -1.59659 -7.68501 8.65
      vertex -1.46574 -8.5065 9.85
    endloop
  endfacet
  facet normal 0.716775 -0.456624 0.527
    outer loop
      vertex -4.76911 -0.446551 9.85
      vertex -4.10597 -0.790549 8.65
      vertex -4.53378 -0.0771473 9.85
    endloop
  endfacet
  facet normal 0.716802 -0.456578 0.527002
    outer loop
      vertex -4.10597 -0.790549 8.65
      vertex -4.76911 -0.446551 9.85
      vertex -4.12407 -0.818965 8.65
    endloop
  endfacet
  facet normal 0.849055 -0.0370799 0.527001
    outer loop
      vertex -5.5069 -3.2 9.85
      vertex -4.7606 -3.16634 8.65
      vertex -5.48779 -2.76242 9.85
    endloop
  endfacet
  facet normal 0.849055 -0.0370799 0.527001
    outer loop
      vertex -4.7606 -3.16634 8.65
      vertex -5.5069 -3.2 9.85
      vertex -4.76207 -3.2 8.65
    endloop
  endfacet
  facet normal -0.517354 -0.67425 0.527002
    outer loop
      vertex 3.061 0.447957 8.65
      vertex 3.19228 1.28516 9.85
      vertex 3.03427 0.468467 8.65
    endloop
  endfacet
  facet normal -0.517365 -0.674245 0.526999
    outer loop
      vertex 3.19228 1.28516 9.85
      vertex 3.061 0.447957 8.65
      vertex 3.53976 1.01853 9.85
    endloop
  endfacet
  facet normal 0.392426 0.753841 0.526997
    outer loop
      vertex -2.35115 -7.33963 8.65
      vertex -2.32731 -8.19094 9.85
      vertex -2.01254 -7.5159 8.65
    endloop
  endfacet
  facet normal 0.392273 0.753893 0.527037
    outer loop
      vertex -2.32731 -8.19094 9.85
      vertex -2.35115 -7.33963 8.65
      vertex -2.36494 -8.17136 9.85
    endloop
  endfacet
  facet normal 0.574277 0.626484 0.526995
    outer loop
      vertex -3.08584 -6.82519 8.65
      vertex -3.53976 -7.41853 9.85
      vertex -3.061 -6.84796 8.65
    endloop
  endfacet
  facet normal 0.574159 0.626587 0.527001
    outer loop
      vertex -3.53976 -7.41853 9.85
      vertex -3.08584 -6.82519 8.65
      vertex -3.86269 -7.12262 9.85
    endloop
  endfacet
  facet normal -0.810532 0.255558 0.527
    outer loop
      vertex 4.47488 -4.82872 8.65
      vertex 5.18646 -5.04197 9.84783
      vertex 4.58967 -4.46465 8.65
    endloop
  endfacet
  facet normal -0.810783 0.254748 0.527005
    outer loop
      vertex 4.47488 -4.82872 8.65
      vertex 5.18135 -5.05 9.84385
      vertex 5.18646 -5.04197 9.84783
    endloop
  endfacet
  facet normal -0.81043 0.255871 0.527004
    outer loop
      vertex 5.18135 -5.05 9.84385
      vertex 4.47488 -4.82872 8.65
      vertex 5.16565 -5.08014 9.83434
    endloop
  endfacet
  facet normal -0.829724 0.183938 0.526997
    outer loop
      vertex 4.59981 -4.43251 8.65
      vertex 5.32843 -4.58388 9.85
      vertex 4.68243 -4.05982 8.65
    endloop
  endfacet
  facet normal -0.829724 0.183938 0.526997
    outer loop
      vertex 5.32843 -4.58388 9.85
      vertex 4.59981 -4.43251 8.65
      vertex 5.31925 -4.62529 9.85
    endloop
  endfacet
  facet normal -0.626588 0.574159 0.527001
    outer loop
      vertex 3.36729 -6.56729 8.65
      vertex 3.92262 -7.06269 9.85
      vertex 3.62519 -6.28584 8.65
    endloop
  endfacet
  facet normal -0.626523 0.574229 0.527
    outer loop
      vertex 3.92262 -7.06269 9.85
      vertex 3.36729 -6.56729 8.65
      vertex 3.89396 -7.09396 9.85
    endloop
  endfacet
  facet normal -0.517359 0.67425 0.526998
    outer loop
      vertex 3.061 -6.84796 8.65
      vertex 3.50611 -7.44435 9.85
      vertex 3.53976 -7.41853 9.85
    endloop
  endfacet
  facet normal -0.517362 0.674247 0.526998
    outer loop
      vertex 3.50611 -7.44435 9.85
      vertex 3.061 -6.84796 8.65
      vertex 2.75814 -7.08035 8.65
    endloop
  endfacet
  facet normal -0.574159 0.626587 0.527001
    outer loop
      vertex 3.08584 -6.82519 8.65
      vertex 3.53976 -7.41853 9.85
      vertex 3.86269 -7.12262 9.85
    endloop
  endfacet
  facet normal -0.574277 0.626484 0.526995
    outer loop
      vertex 3.53976 -7.41853 9.85
      vertex 3.08584 -6.82519 8.65
      vertex 3.061 -6.84796 8.65
    endloop
  endfacet
  facet normal 0.110986 0.842589 0.526998
    outer loop
      vertex -0.448445 -7.93955 8.65
      vertex -0.479957 -8.68594 9.85
      vertex -0.415041 -7.94395 8.65
    endloop
  endfacet
  facet normal 0.110929 0.842595 0.527
    outer loop
      vertex -0.479957 -8.68594 9.85
      vertex -0.448445 -7.93955 8.65
      vertex -0.914209 -8.62877 9.85
    endloop
  endfacet
  facet normal -0.716769 0.45663 0.527002
    outer loop
      vertex 3.91896 -5.90299 8.65
      vertex 4.76911 -5.95345 9.85
      vertex 4.12407 -5.58103 8.65
    endloop
  endfacet
  facet normal -0.716754 0.456663 0.526993
    outer loop
      vertex 4.76911 -5.95345 9.85
      vertex 3.91896 -5.90299 8.65
      vertex 4.74632 -5.98922 9.85
    endloop
  endfacet
  facet normal -0.456633 0.71677 0.526999
    outer loop
      vertex 2.73141 -7.10086 8.65
      vertex 2.78922 -7.94632 9.85
      vertex 3.15863 -7.71098 9.85
    endloop
  endfacet
  facet normal -0.456524 0.716818 0.527027
    outer loop
      vertex 2.78922 -7.94632 9.85
      vertex 2.73141 -7.10086 8.65
      vertex 2.70299 -7.11896 8.65
    endloop
  endfacet
  facet normal 0.183937 0.829724 0.526997
    outer loop
      vertex -1.23251 -7.79981 8.65
      vertex -1.38388 -8.52843 9.85
      vertex -0.859818 -7.88243 8.65
    endloop
  endfacet
  facet normal 0.183938 0.829724 0.526997
    outer loop
      vertex -1.38388 -8.52843 9.85
      vertex -1.23251 -7.79981 8.65
      vertex -1.42529 -8.51925 9.85
    endloop
  endfacet
  facet normal -0.626541 -0.574209 0.527
    outer loop
      vertex 3.36729 0.167291 8.65
      vertex 3.92262 0.662691 9.85
      vertex 3.89396 0.693963 9.85
    endloop
  endfacet
  facet normal -0.626589 -0.574157 0.527001
    outer loop
      vertex 3.92262 0.662691 9.85
      vertex 3.36729 0.167291 8.65
      vertex 3.62519 -0.11416 8.65
    endloop
  endfacet
  facet normal 0.0370674 0.849057 0.526999
    outer loop
      vertex -0.415041 -7.94395 8.65
      vertex -0.437581 -8.68779 9.85
      vertex -0.0336602 -7.9606 8.65
    endloop
  endfacet
  facet normal 0.0370671 0.849057 0.526999
    outer loop
      vertex -0.437581 -8.68779 9.85
      vertex -0.415041 -7.94395 8.65
      vertex -0.479957 -8.68594 9.85
    endloop
  endfacet
  facet normal -0.392273 0.753893 0.527037
    outer loop
      vertex 2.35115 -7.33963 8.65
      vertex 2.32731 -8.19094 9.85
      vertex 2.36494 -8.17136 9.85
    endloop
  endfacet
  facet normal -0.392426 0.753841 0.526997
    outer loop
      vertex 2.32731 -8.19094 9.85
      vertex 2.35115 -7.33963 8.65
      vertex 2.01254 -7.5159 8.65
    endloop
  endfacet
  facet normal 0.25556 -0.810531 0.527
    outer loop
      vertex -1.26465 1.38967 8.65
      vertex -1.42529 2.11925 9.85
      vertex -1.84302 1.98754 9.85
    endloop
  endfacet
  facet normal 0.255705 -0.810489 0.526994
    outer loop
      vertex -1.42529 2.11925 9.85
      vertex -1.26465 1.38967 8.65
      vertex -1.23251 1.39981 8.65
    endloop
  endfacet
  facet normal -0.325232 -0.785174 0.526998
    outer loop
      vertex 2.01254 1.1159 8.65
      vertex 2.28813 1.80717 9.85
      vertex 1.65985 1.26199 8.65
    endloop
  endfacet
  facet normal -0.325249 -0.785167 0.526998
    outer loop
      vertex 2.28813 1.80717 9.85
      vertex 2.01254 1.1159 8.65
      vertex 2.32731 1.79094 9.85
    endloop
  endfacet
  facet normal 0.785185 0.325174 0.527016
    outer loop
      vertex -4.32879 -5.18141 8.65
      vertex -5.17479 -5.08347 9.85
      vertex -5.15856 -5.12266 9.85
    endloop
  endfacet
  facet normal 0.785171 0.325231 0.527002
    outer loop
      vertex -5.17479 -5.08347 9.85
      vertex -4.32879 -5.18141 8.65
      vertex -4.47488 -4.82872 8.65
    endloop
  endfacet
  facet normal 0.674251 0.517355 0.527001
    outer loop
      vertex -4.48516 -6.39228 9.85
      vertex -3.64796 -6.261 8.65
      vertex -3.66847 -6.23427 8.65
    endloop
  endfacet
  facet normal 0.674245 0.517365 0.526998
    outer loop
      vertex -3.64796 -6.261 8.65
      vertex -4.48516 -6.39228 9.85
      vertex -4.21853 -6.73976 9.85
    endloop
  endfacet
  facet normal -0.0370797 -0.849055 0.527001
    outer loop
      vertex 0.0336602 1.5606 8.65
      vertex 0 2.3069 9.85
      vertex 0 1.56207 8.65
    endloop
  endfacet
  facet normal -0.0370799 -0.849055 0.527001
    outer loop
      vertex 0 2.3069 9.85
      vertex 0.0336602 1.5606 8.65
      vertex 0.437581 2.28779 9.85
    endloop
  endfacet
  facet normal 0.78517 -0.32524 0.526999
    outer loop
      vertex -5.15856 -1.27734 9.85
      vertex -4.3159 -1.18746 8.65
      vertex -4.99094 -0.872684 9.85
    endloop
  endfacet
  facet normal 0.785198 -0.325127 0.527027
    outer loop
      vertex -4.3159 -1.18746 8.65
      vertex -5.15856 -1.27734 9.85
      vertex -4.32879 -1.21859 8.65
    endloop
  endfacet
  facet normal -0.829724 -0.183938 0.526997
    outer loop
      vertex 4.59981 -1.96749 8.65
      vertex 5.32843 -1.81612 9.85
      vertex 5.31925 -1.77471 9.85
    endloop
  endfacet
  facet normal -0.829724 -0.183938 0.526997
    outer loop
      vertex 5.32843 -1.81612 9.85
      vertex 4.59981 -1.96749 8.65
      vertex 4.68243 -2.34018 8.65
    endloop
  endfacet
  facet normal -0.842584 -0.111009 0.527
    outer loop
      vertex 4.68972 -2.37307 8.65
      vertex 5.42877 -2.28579 9.85
      vertex 5.42323 -2.24374 9.85
    endloop
  endfacet
  facet normal -0.842593 -0.110934 0.527001
    outer loop
      vertex 5.42877 -2.28579 9.85
      vertex 4.68972 -2.37307 8.65
      vertex 4.73955 -2.75155 8.65
    endloop
  endfacet
  facet normal 0.829724 -0.183938 0.526997
    outer loop
      vertex -5.32843 -1.81612 9.85
      vertex -4.59981 -1.96749 8.65
      vertex -5.31925 -1.77471 9.85
    endloop
  endfacet
  facet normal 0.829724 -0.183938 0.526997
    outer loop
      vertex -4.59981 -1.96749 8.65
      vertex -5.32843 -1.81612 9.85
      vertex -4.68243 -2.34018 8.65
    endloop
  endfacet
  facet normal 0.456569 -0.716808 0.527002
    outer loop
      vertex -2.73141 0.700858 8.65
      vertex -3.12285 1.33378 9.85
      vertex -3.15863 1.31099 9.85
    endloop
  endfacet
  facet normal 0.456633 -0.716767 0.527002
    outer loop
      vertex -3.12285 1.33378 9.85
      vertex -2.73141 0.700858 8.65
      vertex -2.40945 0.90597 8.65
    endloop
  endfacet
  facet normal 0.829722 -0.183943 0.526998
    outer loop
      vertex -5.42323 -2.24374 9.85
      vertex -4.68243 -2.34018 8.65
      vertex -5.32843 -1.81612 9.85
    endloop
  endfacet
  facet normal 0.829729 -0.183908 0.526999
    outer loop
      vertex -4.68243 -2.34018 8.65
      vertex -5.42323 -2.24374 9.85
      vertex -4.68972 -2.37307 8.65
    endloop
  endfacet
  facet normal 0.842584 -0.111009 0.527
    outer loop
      vertex -5.42877 -2.28579 9.85
      vertex -4.68972 -2.37307 8.65
      vertex -5.42323 -2.24374 9.85
    endloop
  endfacet
  facet normal 0.842593 -0.110934 0.527001
    outer loop
      vertex -4.68972 -2.37307 8.65
      vertex -5.42877 -2.28579 9.85
      vertex -4.73955 -2.75155 8.65
    endloop
  endfacet
  facet normal 0.574169 -0.62658 0.526999
    outer loop
      vertex -3.36729 0.167291 8.65
      vertex -3.57104 0.989872 9.85
      vertex -3.89396 0.693963 9.85
    endloop
  endfacet
  facet normal 0.574165 -0.626582 0.527
    outer loop
      vertex -3.57104 0.989872 9.85
      vertex -3.36729 0.167291 8.65
      vertex -3.34245 0.190053 8.65
    endloop
  endfacet
  facet normal 0.849058 -0.0370636 0.526999
    outer loop
      vertex -5.48779 -2.76242 9.85
      vertex -4.74395 -2.78496 8.65
      vertex -5.48594 -2.72004 9.85
    endloop
  endfacet
  facet normal 0.849057 -0.0370675 0.526999
    outer loop
      vertex -4.74395 -2.78496 8.65
      vertex -5.48779 -2.76242 9.85
      vertex -4.7606 -3.16634 8.65
    endloop
  endfacet
  facet normal 0.626541 -0.574209 0.527
    outer loop
      vertex -3.92262 0.662691 9.85
      vertex -3.36729 0.167291 8.65
      vertex -3.89396 0.693963 9.85
    endloop
  endfacet
  facet normal 0.626589 -0.574157 0.527001
    outer loop
      vertex -3.36729 0.167291 8.65
      vertex -3.92262 0.662691 9.85
      vertex -3.62519 -0.11416 8.65
    endloop
  endfacet
  facet normal 0.626582 -0.574163 0.527003
    outer loop
      vertex -4.21853 0.339765 9.85
      vertex -3.62519 -0.11416 8.65
      vertex -3.92262 0.662691 9.85
    endloop
  endfacet
  facet normal 0.626494 -0.574263 0.526997
    outer loop
      vertex -3.62519 -0.11416 8.65
      vertex -4.21853 0.339765 9.85
      vertex -3.64796 -0.139001 8.65
    endloop
  endfacet
  facet normal -0.753838 0.392425 0.527002
    outer loop
      vertex 4.12407 -5.58103 8.65
      vertex 4.7887 -5.91582 9.85
      vertex 4.30034 -5.24242 8.65
    endloop
  endfacet
  facet normal -0.75383 0.39244 0.527002
    outer loop
      vertex 4.7887 -5.91582 9.85
      vertex 4.12407 -5.58103 8.65
      vertex 4.76911 -5.95345 9.85
    endloop
  endfacet
  facet normal -0.39243 0.753835 0.527002
    outer loop
      vertex 2.38103 -7.32407 8.65
      vertex 2.36494 -8.17136 9.85
      vertex 2.75345 -7.96911 9.85
    endloop
  endfacet
  facet normal -0.39254 0.753797 0.526974
    outer loop
      vertex 2.36494 -8.17136 9.85
      vertex 2.38103 -7.32407 8.65
      vertex 2.35115 -7.33963 8.65
    endloop
  endfacet
  facet normal 0.753838 0.392425 0.527002
    outer loop
      vertex -4.7887 -5.91582 9.85
      vertex -4.12407 -5.58103 8.65
      vertex -4.30034 -5.24242 8.65
    endloop
  endfacet
  facet normal 0.75383 0.39244 0.527002
    outer loop
      vertex -4.12407 -5.58103 8.65
      vertex -4.7887 -5.91582 9.85
      vertex -4.76911 -5.95345 9.85
    endloop
  endfacet
  facet normal 0.753836 -0.392431 0.527001
    outer loop
      vertex -4.97136 -0.835061 9.85
      vertex -4.12407 -0.818965 8.65
      vertex -4.76911 -0.446551 9.85
    endloop
  endfacet
  facet normal 0.753817 -0.392484 0.526987
    outer loop
      vertex -4.12407 -0.818965 8.65
      vertex -4.97136 -0.835061 9.85
      vertex -4.13963 -0.84885 8.65
    endloop
  endfacet
  facet normal 0.392431 -0.753836 0.527001
    outer loop
      vertex -2.38103 0.924073 8.65
      vertex -2.36494 1.77136 9.85
      vertex -2.75345 1.56911 9.85
    endloop
  endfacet
  facet normal 0.392476 -0.75382 0.526989
    outer loop
      vertex -2.36494 1.77136 9.85
      vertex -2.38103 0.924073 8.65
      vertex -2.35115 0.93963 8.65
    endloop
  endfacet
  facet normal -0.674247 0.517362 0.526999
    outer loop
      vertex 3.66847 -6.23427 8.65
      vertex 4.51098 -6.35863 9.85
      vertex 3.90086 -5.93141 8.65
    endloop
  endfacet
  facet normal -0.674249 0.517358 0.527
    outer loop
      vertex 4.51098 -6.35863 9.85
      vertex 3.66847 -6.23427 8.65
      vertex 4.48516 -6.39228 9.85
    endloop
  endfacet
  facet normal 0.183944 -0.829722 0.526997
    outer loop
      vertex -1.23251 1.39981 8.65
      vertex -0.997673 2.21405 9.85
      vertex -1.42529 2.11925 9.85
    endloop
  endfacet
  facet normal 0.183907 -0.829725 0.527006
    outer loop
      vertex -0.997673 2.21405 9.85
      vertex -1.23251 1.39981 8.65
      vertex -1.19962 1.4071 8.65
    endloop
  endfacet
  facet normal -0.325132 -0.785211 0.527004
    outer loop
      vertex 1.65985 1.26199 8.65
      vertex 1.88347 1.97479 9.85
      vertex 1.62872 1.27488 8.65
    endloop
  endfacet
  facet normal -0.325237 -0.785171 0.526999
    outer loop
      vertex 1.88347 1.97479 9.85
      vertex 1.65985 1.26199 8.65
      vertex 2.28813 1.80717 9.85
    endloop
  endfacet
  facet normal -0.574165 -0.626582 0.527
    outer loop
      vertex 3.36729 0.167291 8.65
      vertex 3.57104 0.989872 9.85
      vertex 3.34245 0.190053 8.65
    endloop
  endfacet
  facet normal -0.574169 -0.62658 0.526999
    outer loop
      vertex 3.57104 0.989872 9.85
      vertex 3.36729 0.167291 8.65
      vertex 3.89396 0.693963 9.85
    endloop
  endfacet
  facet normal 0.674247 0.517362 0.526999
    outer loop
      vertex -4.51098 -6.35863 9.85
      vertex -3.66847 -6.23427 8.65
      vertex -3.90086 -5.93141 8.65
    endloop
  endfacet
  facet normal 0.674249 0.517358 0.527
    outer loop
      vertex -3.66847 -6.23427 8.65
      vertex -4.51098 -6.35863 9.85
      vertex -4.48516 -6.39228 9.85
    endloop
  endfacet
  facet normal 0.5741 -0.626627 0.527018
    outer loop
      vertex -3.34245 0.190053 8.65
      vertex -3.53976 1.01853 9.85
      vertex -3.57104 0.989872 9.85
    endloop
  endfacet
  facet normal 0.574164 -0.626584 0.526999
    outer loop
      vertex -3.53976 1.01853 9.85
      vertex -3.34245 0.190053 8.65
      vertex -3.061 0.447957 8.65
    endloop
  endfacet
  facet normal 0.810532 0.255558 0.527
    outer loop
      vertex -5.18754 -5.04302 9.85
      vertex -4.47488 -4.82872 8.65
      vertex -4.58967 -4.46465 8.65
    endloop
  endfacet
  facet normal 0.810553 0.255489 0.527
    outer loop
      vertex -4.47488 -4.82872 8.65
      vertex -5.18754 -5.04302 9.85
      vertex -5.17479 -5.08347 9.85
    endloop
  endfacet
  facet normal 0.753871 -0.392334 0.527022
    outer loop
      vertex -4.99094 -0.872684 9.85
      vertex -4.13963 -0.84885 8.65
      vertex -4.97136 -0.835061 9.85
    endloop
  endfacet
  facet normal 0.75384 -0.392426 0.526999
    outer loop
      vertex -4.13963 -0.84885 8.65
      vertex -4.99094 -0.872684 9.85
      vertex -4.3159 -1.18746 8.65
    endloop
  endfacet
  facet normal 0.829739 0.183854 0.527001
    outer loop
      vertex -5.42323 -4.15626 9.85
      vertex -4.68243 -4.05982 8.65
      vertex -4.68972 -4.02692 8.65
    endloop
  endfacet
  facet normal 0.829722 0.183943 0.526998
    outer loop
      vertex -4.68243 -4.05982 8.65
      vertex -5.42323 -4.15626 9.85
      vertex -5.32843 -4.58388 9.85
    endloop
  endfacet
  facet normal -0.392426 -0.753841 0.526997
    outer loop
      vertex 2.35115 0.93963 8.65
      vertex 2.32731 1.79094 9.85
      vertex 2.01254 1.1159 8.65
    endloop
  endfacet
  facet normal -0.392273 -0.753893 0.527037
    outer loop
      vertex 2.32731 1.79094 9.85
      vertex 2.35115 0.93963 8.65
      vertex 2.36494 1.77136 9.85
    endloop
  endfacet
  facet normal -0.716818 0.456524 0.527027
    outer loop
      vertex 3.90086 -5.93141 8.65
      vertex 4.74632 -5.98922 9.85
      vertex 3.91896 -5.90299 8.65
    endloop
  endfacet
  facet normal -0.71677 0.456633 0.526999
    outer loop
      vertex 4.74632 -5.98922 9.85
      vertex 3.90086 -5.93141 8.65
      vertex 4.51098 -6.35863 9.85
    endloop
  endfacet
  facet normal -0.0370674 -0.849057 0.526999
    outer loop
      vertex 0.415041 1.54395 8.65
      vertex 0.437581 2.28779 9.85
      vertex 0.0336602 1.5606 8.65
    endloop
  endfacet
  facet normal -0.0370671 -0.849057 0.526999
    outer loop
      vertex 0.437581 2.28779 9.85
      vertex 0.415041 1.54395 8.65
      vertex 0.479957 2.28594 9.85
    endloop
  endfacet
  facet normal -0.110986 -0.842589 0.526998
    outer loop
      vertex 0.448445 1.53955 8.65
      vertex 0.479957 2.28594 9.85
      vertex 0.415041 1.54395 8.65
    endloop
  endfacet
  facet normal -0.110929 -0.842595 0.527
    outer loop
      vertex 0.479957 2.28594 9.85
      vertex 0.448445 1.53955 8.65
      vertex 0.914209 2.22877 9.85
    endloop
  endfacet
  facet normal 0.716679 -0.456773 0.527
    outer loop
      vertex -4.53378 -0.0771473 9.85
      vertex -3.90086 -0.468589 8.65
      vertex -4.51098 -0.041374 9.85
    endloop
  endfacet
  facet normal 0.716769 -0.45663 0.527001
    outer loop
      vertex -3.90086 -0.468589 8.65
      vertex -4.53378 -0.0771473 9.85
      vertex -4.10597 -0.790549 8.65
    endloop
  endfacet
  facet normal -0.517361 -0.674243 0.527004
    outer loop
      vertex 3.03427 0.468467 8.65
      vertex 3.15863 1.31099 9.85
      vertex 2.73141 0.700858 8.65
    endloop
  endfacet
  facet normal -0.517497 -0.674169 0.526966
    outer loop
      vertex 3.15863 1.31099 9.85
      vertex 3.03427 0.468467 8.65
      vertex 3.19228 1.28516 9.85
    endloop
  endfacet
  facet normal 0.517365 -0.674245 0.526999
    outer loop
      vertex -3.061 0.447957 8.65
      vertex -3.19228 1.28516 9.85
      vertex -3.53976 1.01853 9.85
    endloop
  endfacet
  facet normal 0.517354 -0.67425 0.527002
    outer loop
      vertex -3.19228 1.28516 9.85
      vertex -3.061 0.447957 8.65
      vertex -3.03427 0.468467 8.65
    endloop
  endfacet
  facet normal -0.716775 -0.456624 0.527
    outer loop
      vertex 4.10597 -0.790549 8.65
      vertex 4.76911 -0.446551 9.85
      vertex 4.53378 -0.0771473 9.85
    endloop
  endfacet
  facet normal -0.716802 -0.456578 0.527002
    outer loop
      vertex 4.76911 -0.446551 9.85
      vertex 4.10597 -0.790549 8.65
      vertex 4.12407 -0.818965 8.65
    endloop
  endfacet
  facet normal 0.810553 -0.255489 0.527
    outer loop
      vertex -5.18754 -1.35698 9.85
      vertex -4.47488 -1.57128 8.65
      vertex -5.17479 -1.31653 9.85
    endloop
  endfacet
  facet normal 0.810532 -0.255558 0.527
    outer loop
      vertex -4.47488 -1.57128 8.65
      vertex -5.18754 -1.35698 9.85
      vertex -4.58967 -1.93535 8.65
    endloop
  endfacet
  facet normal 0.255489 -0.810553 0.527
    outer loop
      vertex -1.62872 1.27488 8.65
      vertex -1.84302 1.98754 9.85
      vertex -1.88347 1.97479 9.85
    endloop
  endfacet
  facet normal 0.255558 -0.810532 0.527
    outer loop
      vertex -1.84302 1.98754 9.85
      vertex -1.62872 1.27488 8.65
      vertex -1.26465 1.38967 8.65
    endloop
  endfacet
  facet normal -0.810531 -0.25556 0.527
    outer loop
      vertex 4.58967 -1.93535 8.65
      vertex 5.31925 -1.77471 9.85
      vertex 5.18754 -1.35698 9.85
    endloop
  endfacet
  facet normal -0.810489 -0.255705 0.526994
    outer loop
      vertex 5.31925 -1.77471 9.85
      vertex 4.58967 -1.93535 8.65
      vertex 4.59981 -1.96749 8.65
    endloop
  endfacet
  facet normal 0.456627 -0.716772 0.527
    outer loop
      vertex -2.40945 0.90597 8.65
      vertex -2.75345 1.56911 9.85
      vertex -3.12285 1.33378 9.85
    endloop
  endfacet
  facet normal 0.456586 -0.716797 0.527002
    outer loop
      vertex -2.75345 1.56911 9.85
      vertex -2.40945 0.90597 8.65
      vertex -2.38103 0.924073 8.65
    endloop
  endfacet
  facet normal 0.325249 -0.785167 0.526998
    outer loop
      vertex -2.01254 1.1159 8.65
      vertex -2.28813 1.80717 9.85
      vertex -2.32731 1.79094 9.85
    endloop
  endfacet
  facet normal 0.325232 -0.785174 0.526998
    outer loop
      vertex -2.28813 1.80717 9.85
      vertex -2.01254 1.1159 8.65
      vertex -1.65985 1.26199 8.65
    endloop
  endfacet
  facet normal 0.842595 -0.11093 0.527
    outer loop
      vertex -5.48594 -2.72004 9.85
      vertex -4.73955 -2.75155 8.65
      vertex -5.42877 -2.28579 9.85
    endloop
  endfacet
  facet normal 0.842591 -0.110967 0.526998
    outer loop
      vertex -4.73955 -2.75155 8.65
      vertex -5.48594 -2.72004 9.85
      vertex -4.74395 -2.78496 8.65
    endloop
  endfacet
  facet normal 0.325231 0.785171 0.527002
    outer loop
      vertex -1.98141 -7.52879 8.65
      vertex -1.88347 -8.37479 9.85
      vertex -1.62872 -7.67488 8.65
    endloop
  endfacet
  facet normal 0.325174 0.785185 0.527016
    outer loop
      vertex -1.88347 -8.37479 9.85
      vertex -1.98141 -7.52879 8.65
      vertex -1.92266 -8.35856 9.85
    endloop
  endfacet
  facet normal -0.392476 -0.75382 0.526989
    outer loop
      vertex 2.38103 0.924073 8.65
      vertex 2.36494 1.77136 9.85
      vertex 2.35115 0.93963 8.65
    endloop
  endfacet
  facet normal -0.392431 -0.753836 0.527001
    outer loop
      vertex 2.36494 1.77136 9.85
      vertex 2.38103 0.924073 8.65
      vertex 2.75345 1.56911 9.85
    endloop
  endfacet
  facet normal 0.325127 0.785198 0.527027
    outer loop
      vertex -2.01254 -7.5159 8.65
      vertex -1.92266 -8.35856 9.85
      vertex -1.98141 -7.52879 8.65
    endloop
  endfacet
  facet normal 0.325244 0.785169 0.526998
    outer loop
      vertex -1.92266 -8.35856 9.85
      vertex -2.01254 -7.5159 8.65
      vertex -2.32731 -8.19094 9.85
    endloop
  endfacet
  facet normal -0.456586 -0.716797 0.527002
    outer loop
      vertex 2.40945 0.90597 8.65
      vertex 2.75345 1.56911 9.85
      vertex 2.38103 0.924073 8.65
    endloop
  endfacet
  facet normal -0.456627 -0.716772 0.527
    outer loop
      vertex 2.75345 1.56911 9.85
      vertex 2.40945 0.90597 8.65
      vertex 3.12285 1.33378 9.85
    endloop
  endfacet
  facet normal -0.753836 -0.392431 0.527001
    outer loop
      vertex 4.12407 -0.818965 8.65
      vertex 4.97136 -0.835061 9.85
      vertex 4.76911 -0.446551 9.85
    endloop
  endfacet
  facet normal -0.753817 -0.392484 0.526987
    outer loop
      vertex 4.97136 -0.835061 9.85
      vertex 4.12407 -0.818965 8.65
      vertex 4.13963 -0.84885 8.65
    endloop
  endfacet
  facet normal -0.810553 -0.255489 0.527
    outer loop
      vertex 4.47488 -1.57128 8.65
      vertex 5.18754 -1.35698 9.85
      vertex 5.17479 -1.31653 9.85
    endloop
  endfacet
  facet normal -0.810532 -0.255558 0.527
    outer loop
      vertex 5.18754 -1.35698 9.85
      vertex 4.47488 -1.57128 8.65
      vertex 4.58967 -1.93535 8.65
    endloop
  endfacet
  facet normal -0.67425 -0.517357 0.527
    outer loop
      vertex 3.64796 -0.139001 8.65
      vertex 4.48516 -0.00772314 9.85
      vertex 4.21853 0.339765 9.85
    endloop
  endfacet
  facet normal -0.674251 -0.517355 0.527
    outer loop
      vertex 4.48516 -0.00772314 9.85
      vertex 3.64796 -0.139001 8.65
      vertex 3.66847 -0.165731 8.65
    endloop
  endfacet
  facet normal -0.716679 -0.456773 0.527
    outer loop
      vertex 3.90086 -0.468589 8.65
      vertex 4.53378 -0.0771473 9.85
      vertex 4.51098 -0.041374 9.85
    endloop
  endfacet
  facet normal -0.716769 -0.45663 0.527001
    outer loop
      vertex 4.53378 -0.0771473 9.85
      vertex 3.90086 -0.468589 8.65
      vertex 4.10597 -0.790549 8.65
    endloop
  endfacet
  facet normal 0.110929 -0.842595 0.527
    outer loop
      vertex -0.448445 1.53955 8.65
      vertex -0.479957 2.28594 9.85
      vertex -0.914209 2.22877 9.85
    endloop
  endfacet
  facet normal 0.110986 -0.842589 0.526998
    outer loop
      vertex -0.479957 2.28594 9.85
      vertex -0.448445 1.53955 8.65
      vertex -0.415041 1.54395 8.65
    endloop
  endfacet
  facet normal 0.0370671 -0.849057 0.526999
    outer loop
      vertex -0.415041 1.54395 8.65
      vertex -0.437581 2.28779 9.85
      vertex -0.479957 2.28594 9.85
    endloop
  endfacet
  facet normal 0.0370674 -0.849057 0.526999
    outer loop
      vertex -0.437581 2.28779 9.85
      vertex -0.415041 1.54395 8.65
      vertex -0.0336602 1.5606 8.65
    endloop
  endfacet
  facet normal -0.785185 -0.325174 0.527016
    outer loop
      vertex 4.32879 -1.21859 8.65
      vertex 5.17479 -1.31653 9.85
      vertex 5.15856 -1.27734 9.85
    endloop
  endfacet
  facet normal -0.785171 -0.325231 0.527002
    outer loop
      vertex 5.17479 -1.31653 9.85
      vertex 4.32879 -1.21859 8.65
      vertex 4.47488 -1.57128 8.65
    endloop
  endfacet
  facet normal -0.991446 -0.130515 0
    outer loop
      vertex 9.09201 -5.91697 8.65
      vertex 9.0681 -5.73534 9.85
      vertex 9.0681 -5.73534 8.65
    endloop
  endfacet
  facet normal -0.991446 -0.130515 0
    outer loop
      vertex 9.0681 -5.73534 9.85
      vertex 9.09201 -5.91697 8.65
      vertex 9.09201 -5.91697 9.85
    endloop
  endfacet
  facet normal -0.999049 -0.0436125 0
    outer loop
      vertex 9.1 -6.1 8.65
      vertex 9.09201 -5.91697 9.85
      vertex 9.09201 -5.91697 8.65
    endloop
  endfacet
  facet normal -0.999049 -0.0436125 0
    outer loop
      vertex 9.09201 -5.91697 9.85
      vertex 9.1 -6.1 8.65
      vertex 9.1 -6.1 9.85
    endloop
  endfacet
  facet normal 0.300711 -0.953715 0
    outer loop
      vertex 6.28176 -4.12665 8.65
      vertex 6.45648 -4.07156 9.85
      vertex 6.28176 -4.12665 9.85
    endloop
  endfacet
  facet normal 0.300711 -0.953715 0
    outer loop
      vertex 6.45648 -4.07156 9.85
      vertex 6.28176 -4.12665 8.65
      vertex 6.45648 -4.07156 8.65
    endloop
  endfacet
  facet normal 0.843401 0.537285 0
    outer loop
      vertex 5.27978 -7.30451 9.85
      vertex 5.18135 -7.15 8.65
      vertex 5.18135 -7.15 9.85
    endloop
  endfacet
  facet normal 0.843401 0.537285 0
    outer loop
      vertex 5.18135 -7.15 8.65
      vertex 5.27978 -7.30451 9.85
      vertex 5.27978 -7.30451 8.65
    endloop
  endfacet
  facet normal -0.675594 -0.737274 0
    outer loop
      vertex 8.34985 -4.49131 8.65
      vertex 8.48492 -4.61508 9.85
      vertex 8.34985 -4.49131 9.85
    endloop
  endfacet
  facet normal -0.675594 -0.737274 -0
    outer loop
      vertex 8.48492 -4.61508 9.85
      vertex 8.34985 -4.49131 8.65
      vertex 8.48492 -4.61508 8.65
    endloop
  endfacet
  facet normal 0.461782 -0.886993 0
    outer loop
      vertex 5.95 -4.28135 8.65
      vertex 6.1125 -4.19675 9.85
      vertex 5.95 -4.28135 9.85
    endloop
  endfacet
  facet normal 0.461782 -0.886993 0
    outer loop
      vertex 6.1125 -4.19675 9.85
      vertex 5.95 -4.28135 8.65
      vertex 6.1125 -4.19675 8.65
    endloop
  endfacet
  facet normal 0.675594 0.737274 -0
    outer loop
      vertex 5.65015 -7.70869 8.65
      vertex 5.51508 -7.58492 9.85
      vertex 5.65015 -7.70869 9.85
    endloop
  endfacet
  facet normal 0.675594 0.737274 0
    outer loop
      vertex 5.51508 -7.58492 9.85
      vertex 5.65015 -7.70869 8.65
      vertex 5.51508 -7.58492 8.65
    endloop
  endfacet
  facet normal 0.999049 -0.0436125 0
    outer loop
      vertex 4.9 -6.1 9.85
      vertex 4.90799 -5.91697 8.65
      vertex 4.90799 -5.91697 9.85
    endloop
  endfacet
  facet normal 0.999049 -0.0436125 0
    outer loop
      vertex 4.90799 -5.91697 8.65
      vertex 4.9 -6.1 9.85
      vertex 4.9 -6.1 8.65
    endloop
  endfacet
  facet normal -0.130515 -0.991446 0
    outer loop
      vertex 7.18303 -4.00799 8.65
      vertex 7.36466 -4.0319 9.85
      vertex 7.18303 -4.00799 9.85
    endloop
  endfacet
  facet normal -0.130515 -0.991446 -0
    outer loop
      vertex 7.36466 -4.0319 9.85
      vertex 7.18303 -4.00799 8.65
      vertex 7.36466 -4.0319 8.65
    endloop
  endfacet
  facet normal -0.537285 -0.843401 0
    outer loop
      vertex 8.05 -4.28135 8.65
      vertex 8.20451 -4.37978 9.85
      vertex 8.05 -4.28135 9.85
    endloop
  endfacet
  facet normal -0.537285 -0.843401 -0
    outer loop
      vertex 8.20451 -4.37978 9.85
      vertex 8.05 -4.28135 8.65
      vertex 8.20451 -4.37978 8.65
    endloop
  endfacet
  facet normal 0.793336 -0.608784 0
    outer loop
      vertex 5.27978 -4.89549 9.85
      vertex 5.39131 -4.75015 8.65
      vertex 5.39131 -4.75015 9.85
    endloop
  endfacet
  facet normal 0.793336 -0.608784 0
    outer loop
      vertex 5.39131 -4.75015 8.65
      vertex 5.27978 -4.89549 9.85
      vertex 5.27978 -4.89549 8.65
    endloop
  endfacet
  facet normal 0.675594 -0.737274 0
    outer loop
      vertex 5.51508 -4.61508 8.65
      vertex 5.65015 -4.49131 9.85
      vertex 5.51508 -4.61508 9.85
    endloop
  endfacet
  facet normal 0.675594 -0.737274 0
    outer loop
      vertex 5.65015 -4.49131 9.85
      vertex 5.51508 -4.61508 8.65
      vertex 5.65015 -4.49131 8.65
    endloop
  endfacet
  facet normal -0.976287 0.21648 0
    outer loop
      vertex 9.02844 -6.64352 8.65
      vertex 9.0681 -6.46466 9.85
      vertex 9.0681 -6.46466 8.65
    endloop
  endfacet
  facet normal -0.976287 0.21648 0
    outer loop
      vertex 9.0681 -6.46466 9.85
      vertex 9.02844 -6.64352 8.65
      vertex 9.02844 -6.64352 9.85
    endloop
  endfacet
  facet normal -0.537285 0.843401 0
    outer loop
      vertex 8.20451 -7.82022 8.65
      vertex 8.05 -7.91865 9.85
      vertex 8.20451 -7.82022 9.85
    endloop
  endfacet
  facet normal -0.537285 0.843401 0
    outer loop
      vertex 8.05 -7.91865 9.85
      vertex 8.20451 -7.82022 8.65
      vertex 8.05 -7.91865 8.65
    endloop
  endfacet
  facet normal -0.953715 -0.300711 0
    outer loop
      vertex 9.02844 -5.55648 8.65
      vertex 8.97335 -5.38176 9.85
      vertex 8.97335 -5.38176 8.65
    endloop
  endfacet
  facet normal -0.953715 -0.300711 0
    outer loop
      vertex 8.97335 -5.38176 9.85
      vertex 9.02844 -5.55648 8.65
      vertex 9.02844 -5.55648 9.85
    endloop
  endfacet
  facet normal -0.976287 -0.21648 0
    outer loop
      vertex 9.0681 -5.73534 8.65
      vertex 9.02844 -5.55648 9.85
      vertex 9.02844 -5.55648 8.65
    endloop
  endfacet
  facet normal -0.976287 -0.21648 0
    outer loop
      vertex 9.02844 -5.55648 9.85
      vertex 9.0681 -5.73534 8.65
      vertex 9.0681 -5.73534 9.85
    endloop
  endfacet
  facet normal -0.675594 0.737274 0
    outer loop
      vertex 8.48492 -7.58492 8.65
      vertex 8.34985 -7.70869 9.85
      vertex 8.48492 -7.58492 9.85
    endloop
  endfacet
  facet normal -0.675594 0.737274 0
    outer loop
      vertex 8.34985 -7.70869 9.85
      vertex 8.48492 -7.58492 8.65
      vertex 8.34985 -7.70869 8.65
    endloop
  endfacet
  facet normal 0.976287 0.21648 0
    outer loop
      vertex 4.97156 -6.64352 9.85
      vertex 4.9319 -6.46466 8.65
      vertex 4.9319 -6.46466 9.85
    endloop
  endfacet
  facet normal 0.976287 0.21648 0
    outer loop
      vertex 4.9319 -6.46466 8.65
      vertex 4.97156 -6.64352 9.85
      vertex 4.97156 -6.64352 8.65
    endloop
  endfacet
  facet normal -0.737274 0.675594 0
    outer loop
      vertex 8.48492 -7.58492 8.65
      vertex 8.60869 -7.44985 9.85
      vertex 8.60869 -7.44985 8.65
    endloop
  endfacet
  facet normal -0.737274 0.675594 0
    outer loop
      vertex 8.60869 -7.44985 9.85
      vertex 8.48492 -7.58492 8.65
      vertex 8.48492 -7.58492 9.85
    endloop
  endfacet
  facet normal 0.0436125 0.999049 -0
    outer loop
      vertex 7 -8.2 8.65
      vertex 6.81697 -8.19201 9.85
      vertex 7 -8.2 9.85
    endloop
  endfacet
  facet normal 0.0436125 0.999049 0
    outer loop
      vertex 6.81697 -8.19201 9.85
      vertex 7 -8.2 8.65
      vertex 6.81697 -8.19201 8.65
    endloop
  endfacet
  facet normal -0.953715 0.300711 0
    outer loop
      vertex 8.97335 -6.81824 8.65
      vertex 9.02844 -6.64352 9.85
      vertex 9.02844 -6.64352 8.65
    endloop
  endfacet
  facet normal -0.953715 0.300711 0
    outer loop
      vertex 9.02844 -6.64352 9.85
      vertex 8.97335 -6.81824 8.65
      vertex 8.97335 -6.81824 9.85
    endloop
  endfacet
  facet normal -0.737274 -0.675594 0
    outer loop
      vertex 8.60869 -4.75015 8.65
      vertex 8.48492 -4.61508 9.85
      vertex 8.48492 -4.61508 8.65
    endloop
  endfacet
  facet normal -0.737274 -0.675594 0
    outer loop
      vertex 8.48492 -4.61508 9.85
      vertex 8.60869 -4.75015 8.65
      vertex 8.60869 -4.75015 9.85
    endloop
  endfacet
  facet normal 0.21648 -0.976287 0
    outer loop
      vertex 6.45648 -4.07156 8.65
      vertex 6.63534 -4.0319 9.85
      vertex 6.45648 -4.07156 9.85
    endloop
  endfacet
  facet normal 0.21648 -0.976287 0
    outer loop
      vertex 6.63534 -4.0319 9.85
      vertex 6.45648 -4.07156 8.65
      vertex 6.63534 -4.0319 8.65
    endloop
  endfacet
  facet normal -0.999049 0.0436125 0
    outer loop
      vertex 9.09201 -6.28303 8.65
      vertex 9.1 -6.1 9.85
      vertex 9.1 -6.1 8.65
    endloop
  endfacet
  facet normal -0.999049 0.0436125 0
    outer loop
      vertex 9.1 -6.1 9.85
      vertex 9.09201 -6.28303 8.65
      vertex 9.09201 -6.28303 9.85
    endloop
  endfacet
  facet normal 0.991446 0.130515 0
    outer loop
      vertex 4.9319 -6.46466 9.85
      vertex 4.90799 -6.28303 8.65
      vertex 4.90799 -6.28303 9.85
    endloop
  endfacet
  facet normal 0.991446 0.130515 0
    outer loop
      vertex 4.90799 -6.28303 8.65
      vertex 4.9319 -6.46466 9.85
      vertex 4.9319 -6.46466 8.65
    endloop
  endfacet
  facet normal 0.953731 0.300661 0
    outer loop
      vertex 5.02664 -6.81824 9.85
      vertex 4.97156 -6.64352 8.65
      vertex 4.97156 -6.64352 9.85
    endloop
  endfacet
  facet normal 0.953731 0.300661 0
    outer loop
      vertex 4.97156 -6.64352 8.65
      vertex 5.02664 -6.81824 9.85
      vertex 5.02664 -6.81824 8.65
    endloop
  endfacet
  facet normal -0.923898 -0.382638 0
    outer loop
      vertex 8.97335 -5.38176 8.65
      vertex 8.90325 -5.2125 9.85
      vertex 8.90325 -5.2125 8.65
    endloop
  endfacet
  facet normal -0.923898 -0.382638 0
    outer loop
      vertex 8.90325 -5.2125 9.85
      vertex 8.97335 -5.38176 8.65
      vertex 8.97335 -5.38176 9.85
    endloop
  endfacet
  facet normal -0.461782 -0.886993 0
    outer loop
      vertex 7.8875 -4.19675 8.65
      vertex 8.05 -4.28135 9.85
      vertex 7.8875 -4.19675 9.85
    endloop
  endfacet
  facet normal -0.461782 -0.886993 -0
    outer loop
      vertex 8.05 -4.28135 9.85
      vertex 7.8875 -4.19675 8.65
      vertex 8.05 -4.28135 8.65
    endloop
  endfacet
  facet normal 0.976287 -0.216479 2.65714e-05
    outer loop
      vertex 4.9319 -5.73534 9.85
      vertex 4.97156 -5.55648 9.84398
      vertex 4.96844 -5.57055 9.85
    endloop
  endfacet
  facet normal 0.976287 -0.21648 0
    outer loop
      vertex 4.97156 -5.55648 9.84398
      vertex 4.9319 -5.73534 9.85
      vertex 4.9319 -5.73534 8.65
    endloop
  endfacet
  facet normal 0.976287 -0.21648 0
    outer loop
      vertex 4.97156 -5.55648 9.84398
      vertex 4.9319 -5.73534 8.65
      vertex 4.97156 -5.55648 8.65
    endloop
  endfacet
  facet normal 0.382638 -0.923898 0
    outer loop
      vertex 6.1125 -4.19675 8.65
      vertex 6.28176 -4.12665 9.85
      vertex 6.1125 -4.19675 9.85
    endloop
  endfacet
  facet normal 0.382638 -0.923898 0
    outer loop
      vertex 6.28176 -4.12665 9.85
      vertex 6.1125 -4.19675 8.65
      vertex 6.28176 -4.12665 8.65
    endloop
  endfacet
  facet normal 0.737274 0.675594 0
    outer loop
      vertex 5.51508 -7.58492 9.85
      vertex 5.39131 -7.44985 8.65
      vertex 5.39131 -7.44985 9.85
    endloop
  endfacet
  facet normal 0.737274 0.675594 0
    outer loop
      vertex 5.39131 -7.44985 8.65
      vertex 5.51508 -7.58492 9.85
      vertex 5.51508 -7.58492 8.65
    endloop
  endfacet
  facet normal -0.793336 0.608784 0
    outer loop
      vertex 8.60869 -7.44985 8.65
      vertex 8.72022 -7.30451 9.85
      vertex 8.72022 -7.30451 8.65
    endloop
  endfacet
  facet normal -0.793336 0.608784 0
    outer loop
      vertex 8.72022 -7.30451 9.85
      vertex 8.60869 -7.44985 8.65
      vertex 8.60869 -7.44985 9.85
    endloop
  endfacet
  facet normal 0.923879 -0.382684 0
    outer loop
      vertex 5.02664 -5.38176 9.81336
      vertex 5.09675 -5.2125 8.65
      vertex 5.09675 -5.2125 9.81336
    endloop
  endfacet
  facet normal 0.923879 -0.382684 0
    outer loop
      vertex 5.09675 -5.2125 8.65
      vertex 5.02664 -5.38176 9.81336
      vertex 5.02664 -5.38176 8.65
    endloop
  endfacet
  facet normal -0.461782 0.886993 0
    outer loop
      vertex 8.05 -7.91865 8.65
      vertex 7.8875 -8.00325 9.85
      vertex 8.05 -7.91865 9.85
    endloop
  endfacet
  facet normal -0.461782 0.886993 0
    outer loop
      vertex 7.8875 -8.00325 9.85
      vertex 8.05 -7.91865 8.65
      vertex 7.8875 -8.00325 8.65
    endloop
  endfacet
  facet normal 0.953729 -0.300666 8.78e-07
    outer loop
      vertex 4.97156 -5.55648 8.65
      vertex 5.02664 -5.38176 9.81336
      vertex 4.98206 -5.52317 9.8342
    endloop
  endfacet
  facet normal 0.953738 -0.300638 0
    outer loop
      vertex 4.97156 -5.55648 8.65
      vertex 4.98206 -5.52317 9.8342
      vertex 4.97156 -5.55648 9.84398
    endloop
  endfacet
  facet normal 0.953731 -0.300661 0
    outer loop
      vertex 5.02664 -5.38176 9.81336
      vertex 4.97156 -5.55648 8.65
      vertex 5.02664 -5.38176 8.65
    endloop
  endfacet
  facet normal -0.608784 -0.793336 0
    outer loop
      vertex 8.20451 -4.37978 8.65
      vertex 8.34985 -4.49131 9.85
      vertex 8.20451 -4.37978 9.85
    endloop
  endfacet
  facet normal -0.608784 -0.793336 -0
    outer loop
      vertex 8.34985 -4.49131 9.85
      vertex 8.20451 -4.37978 8.65
      vertex 8.34985 -4.49131 8.65
    endloop
  endfacet
  facet normal 0.886889 -0.461983 0
    outer loop
      vertex 5.16565 -5.08014 9.83434
      vertex 5.18135 -5.05 8.65
      vertex 5.18135 -5.05 9.84385
    endloop
  endfacet
  facet normal 0.88707 -0.461636 1.12189e-05
    outer loop
      vertex 5.14295 -5.12376 9.82742
      vertex 5.18135 -5.05 8.65
      vertex 5.16565 -5.08014 9.83434
    endloop
  endfacet
  facet normal 0.886991 -0.461787 -8.06957e-07
    outer loop
      vertex 5.09675 -5.2125 9.81336
      vertex 5.18135 -5.05 8.65
      vertex 5.14295 -5.12376 9.82742
    endloop
  endfacet
  facet normal 0.886993 -0.461782 0
    outer loop
      vertex 5.18135 -5.05 8.65
      vertex 5.09675 -5.2125 9.81336
      vertex 5.09675 -5.2125 8.65
    endloop
  endfacet
  facet normal -0.21648 0.976287 0
    outer loop
      vertex 7.54352 -8.12844 8.65
      vertex 7.36466 -8.1681 9.85
      vertex 7.54352 -8.12844 9.85
    endloop
  endfacet
  facet normal -0.21648 0.976287 0
    outer loop
      vertex 7.36466 -8.1681 9.85
      vertex 7.54352 -8.12844 8.65
      vertex 7.36466 -8.1681 8.65
    endloop
  endfacet
  facet normal -0.843401 0.537285 0
    outer loop
      vertex 8.72022 -7.30451 8.65
      vertex 8.81865 -7.15 9.85
      vertex 8.81865 -7.15 8.65
    endloop
  endfacet
  facet normal -0.843401 0.537285 0
    outer loop
      vertex 8.81865 -7.15 9.85
      vertex 8.72022 -7.30451 8.65
      vertex 8.72022 -7.30451 9.85
    endloop
  endfacet
  facet normal -0.382638 -0.923898 0
    outer loop
      vertex 7.71824 -4.12665 8.65
      vertex 7.8875 -4.19675 9.85
      vertex 7.71824 -4.12665 9.85
    endloop
  endfacet
  facet normal -0.382638 -0.923898 -0
    outer loop
      vertex 7.8875 -4.19675 9.85
      vertex 7.71824 -4.12665 8.65
      vertex 7.8875 -4.19675 8.65
    endloop
  endfacet
  facet normal -0.793336 -0.608784 0
    outer loop
      vertex 8.72022 -4.89549 8.65
      vertex 8.60869 -4.75015 9.85
      vertex 8.60869 -4.75015 8.65
    endloop
  endfacet
  facet normal -0.793336 -0.608784 0
    outer loop
      vertex 8.60869 -4.75015 9.85
      vertex 8.72022 -4.89549 8.65
      vertex 8.72022 -4.89549 9.85
    endloop
  endfacet
  facet normal 0.608784 -0.793336 0
    outer loop
      vertex 5.65015 -4.49131 8.65
      vertex 5.79549 -4.37978 9.85
      vertex 5.65015 -4.49131 9.85
    endloop
  endfacet
  facet normal 0.608784 -0.793336 0
    outer loop
      vertex 5.79549 -4.37978 9.85
      vertex 5.65015 -4.49131 8.65
      vertex 5.79549 -4.37978 8.65
    endloop
  endfacet
  facet normal -0.886993 -0.461782 0
    outer loop
      vertex 8.90325 -5.2125 8.65
      vertex 8.81865 -5.05 9.85
      vertex 8.81865 -5.05 8.65
    endloop
  endfacet
  facet normal -0.886993 -0.461782 0
    outer loop
      vertex 8.81865 -5.05 9.85
      vertex 8.90325 -5.2125 8.65
      vertex 8.90325 -5.2125 9.85
    endloop
  endfacet
  facet normal -0.991446 0.130515 0
    outer loop
      vertex 9.0681 -6.46466 8.65
      vertex 9.09201 -6.28303 9.85
      vertex 9.09201 -6.28303 8.65
    endloop
  endfacet
  facet normal -0.991446 0.130515 0
    outer loop
      vertex 9.09201 -6.28303 9.85
      vertex 9.0681 -6.46466 8.65
      vertex 9.0681 -6.46466 9.85
    endloop
  endfacet
  facet normal 0.886993 0.461782 0
    outer loop
      vertex 5.18135 -7.15 9.85
      vertex 5.09675 -6.9875 8.65
      vertex 5.09675 -6.9875 9.85
    endloop
  endfacet
  facet normal 0.886993 0.461782 0
    outer loop
      vertex 5.09675 -6.9875 8.65
      vertex 5.18135 -7.15 9.85
      vertex 5.18135 -7.15 8.65
    endloop
  endfacet
  facet normal 0.21648 0.976287 -0
    outer loop
      vertex 6.63534 -8.1681 8.65
      vertex 6.45648 -8.12844 9.85
      vertex 6.63534 -8.1681 9.85
    endloop
  endfacet
  facet normal 0.21648 0.976287 0
    outer loop
      vertex 6.45648 -8.12844 9.85
      vertex 6.63534 -8.1681 8.65
      vertex 6.45648 -8.12844 8.65
    endloop
  endfacet
  facet normal -0.843401 -0.537285 0
    outer loop
      vertex 8.81865 -5.05 8.65
      vertex 8.72022 -4.89549 9.85
      vertex 8.72022 -4.89549 8.65
    endloop
  endfacet
  facet normal -0.843401 -0.537285 0
    outer loop
      vertex 8.72022 -4.89549 9.85
      vertex 8.81865 -5.05 8.65
      vertex 8.81865 -5.05 9.85
    endloop
  endfacet
  facet normal -0.608784 0.793336 0
    outer loop
      vertex 8.34985 -7.70869 8.65
      vertex 8.20451 -7.82022 9.85
      vertex 8.34985 -7.70869 9.85
    endloop
  endfacet
  facet normal -0.608784 0.793336 0
    outer loop
      vertex 8.20451 -7.82022 9.85
      vertex 8.34985 -7.70869 8.65
      vertex 8.20451 -7.82022 8.65
    endloop
  endfacet
  facet normal -0.300711 0.953715 0
    outer loop
      vertex 7.71824 -8.07335 8.65
      vertex 7.54352 -8.12844 9.85
      vertex 7.71824 -8.07335 9.85
    endloop
  endfacet
  facet normal -0.300711 0.953715 0
    outer loop
      vertex 7.54352 -8.12844 9.85
      vertex 7.71824 -8.07335 8.65
      vertex 7.54352 -8.12844 8.65
    endloop
  endfacet
  facet normal 0.793336 0.608784 0
    outer loop
      vertex 5.39131 -7.44985 9.85
      vertex 5.27978 -7.30451 8.65
      vertex 5.27978 -7.30451 9.85
    endloop
  endfacet
  facet normal 0.793336 0.608784 0
    outer loop
      vertex 5.27978 -7.30451 8.65
      vertex 5.39131 -7.44985 9.85
      vertex 5.39131 -7.44985 8.65
    endloop
  endfacet
  facet normal -0.0436125 -0.999049 0
    outer loop
      vertex 7 -4 8.65
      vertex 7.18303 -4.00799 9.85
      vertex 7 -4 9.85
    endloop
  endfacet
  facet normal -0.0436125 -0.999049 -0
    outer loop
      vertex 7.18303 -4.00799 9.85
      vertex 7 -4 8.65
      vertex 7.18303 -4.00799 8.65
    endloop
  endfacet
  facet normal 0.0436125 -0.999049 0
    outer loop
      vertex 6.81697 -4.00799 8.65
      vertex 7 -4 9.85
      vertex 6.81697 -4.00799 9.85
    endloop
  endfacet
  facet normal 0.0436125 -0.999049 0
    outer loop
      vertex 7 -4 9.85
      vertex 6.81697 -4.00799 8.65
      vertex 7 -4 8.65
    endloop
  endfacet
  facet normal 0.999049 0.0436125 0
    outer loop
      vertex 4.90799 -6.28303 9.85
      vertex 4.9 -6.1 8.65
      vertex 4.9 -6.1 9.85
    endloop
  endfacet
  facet normal 0.999049 0.0436125 0
    outer loop
      vertex 4.9 -6.1 8.65
      vertex 4.90799 -6.28303 9.85
      vertex 4.90799 -6.28303 8.65
    endloop
  endfacet
  facet normal 0.300711 0.953715 -0
    outer loop
      vertex 6.45648 -8.12844 8.65
      vertex 6.28176 -8.07335 9.85
      vertex 6.45648 -8.12844 9.85
    endloop
  endfacet
  facet normal 0.300711 0.953715 0
    outer loop
      vertex 6.28176 -8.07335 9.85
      vertex 6.45648 -8.12844 8.65
      vertex 6.28176 -8.07335 8.65
    endloop
  endfacet
  facet normal 0.130515 -0.991446 0
    outer loop
      vertex 6.63534 -4.0319 8.65
      vertex 6.81697 -4.00799 9.85
      vertex 6.63534 -4.0319 9.85
    endloop
  endfacet
  facet normal 0.130515 -0.991446 0
    outer loop
      vertex 6.81697 -4.00799 9.85
      vertex 6.63534 -4.0319 8.65
      vertex 6.81697 -4.00799 8.65
    endloop
  endfacet
  facet normal 0.461782 0.886993 -0
    outer loop
      vertex 6.1125 -8.00325 8.65
      vertex 5.95 -7.91865 9.85
      vertex 6.1125 -8.00325 9.85
    endloop
  endfacet
  facet normal 0.461782 0.886993 0
    outer loop
      vertex 5.95 -7.91865 9.85
      vertex 6.1125 -8.00325 8.65
      vertex 5.95 -7.91865 8.65
    endloop
  endfacet
  facet normal 0.537285 -0.843401 0
    outer loop
      vertex 5.79549 -4.37978 8.65
      vertex 5.95 -4.28135 9.85
      vertex 5.79549 -4.37978 9.85
    endloop
  endfacet
  facet normal 0.537285 -0.843401 0
    outer loop
      vertex 5.95 -4.28135 9.85
      vertex 5.79549 -4.37978 8.65
      vertex 5.95 -4.28135 8.65
    endloop
  endfacet
  facet normal -0.0436125 0.999049 0
    outer loop
      vertex 7.18303 -8.19201 8.65
      vertex 7 -8.2 9.85
      vertex 7.18303 -8.19201 9.85
    endloop
  endfacet
  facet normal -0.0436125 0.999049 0
    outer loop
      vertex 7 -8.2 9.85
      vertex 7.18303 -8.19201 8.65
      vertex 7 -8.2 8.65
    endloop
  endfacet
  facet normal -0.382638 0.923898 0
    outer loop
      vertex 7.8875 -8.00325 8.65
      vertex 7.71824 -8.07335 9.85
      vertex 7.8875 -8.00325 9.85
    endloop
  endfacet
  facet normal -0.382638 0.923898 0
    outer loop
      vertex 7.71824 -8.07335 9.85
      vertex 7.8875 -8.00325 8.65
      vertex 7.71824 -8.07335 8.65
    endloop
  endfacet
  facet normal -0.130515 0.991446 0
    outer loop
      vertex 7.36466 -8.1681 8.65
      vertex 7.18303 -8.19201 9.85
      vertex 7.36466 -8.1681 9.85
    endloop
  endfacet
  facet normal -0.130515 0.991446 0
    outer loop
      vertex 7.18303 -8.19201 9.85
      vertex 7.36466 -8.1681 8.65
      vertex 7.18303 -8.19201 8.65
    endloop
  endfacet
  facet normal 0.843394 -0.537294 -0.00128341
    outer loop
      vertex 5.18646 -5.04197 9.84783
      vertex 5.27978 -4.89549 9.85
      vertex 5.18926 -5.03758 9.85
    endloop
  endfacet
  facet normal 0.843377 -0.53732 0.00126276
    outer loop
      vertex 5.18135 -5.05 9.84385
      vertex 5.27978 -4.89549 9.85
      vertex 5.18646 -5.04197 9.84783
    endloop
  endfacet
  facet normal 0.843401 -0.537285 0
    outer loop
      vertex 5.27978 -4.89549 9.85
      vertex 5.18135 -5.05 9.84385
      vertex 5.27978 -4.89549 8.65
    endloop
  endfacet
  facet normal 0.843401 -0.537285 0
    outer loop
      vertex 5.27978 -4.89549 8.65
      vertex 5.18135 -5.05 9.84385
      vertex 5.18135 -5.05 8.65
    endloop
  endfacet
  facet normal -0.923898 0.382638 0
    outer loop
      vertex 8.90325 -6.9875 8.65
      vertex 8.97335 -6.81824 9.85
      vertex 8.97335 -6.81824 8.65
    endloop
  endfacet
  facet normal -0.923898 0.382638 0
    outer loop
      vertex 8.97335 -6.81824 9.85
      vertex 8.90325 -6.9875 8.65
      vertex 8.90325 -6.9875 9.85
    endloop
  endfacet
  facet normal -0.886993 0.461782 0
    outer loop
      vertex 8.81865 -7.15 8.65
      vertex 8.90325 -6.9875 9.85
      vertex 8.90325 -6.9875 8.65
    endloop
  endfacet
  facet normal -0.886993 0.461782 0
    outer loop
      vertex 8.90325 -6.9875 9.85
      vertex 8.81865 -7.15 8.65
      vertex 8.81865 -7.15 9.85
    endloop
  endfacet
  facet normal 0.737274 -0.675594 0
    outer loop
      vertex 5.39131 -4.75015 9.85
      vertex 5.51508 -4.61508 8.65
      vertex 5.51508 -4.61508 9.85
    endloop
  endfacet
  facet normal 0.737274 -0.675594 0
    outer loop
      vertex 5.51508 -4.61508 8.65
      vertex 5.39131 -4.75015 9.85
      vertex 5.39131 -4.75015 8.65
    endloop
  endfacet
  facet normal 0.923879 0.382684 0
    outer loop
      vertex 5.09675 -6.9875 9.85
      vertex 5.02664 -6.81824 8.65
      vertex 5.02664 -6.81824 9.85
    endloop
  endfacet
  facet normal 0.923879 0.382684 0
    outer loop
      vertex 5.02664 -6.81824 8.65
      vertex 5.09675 -6.9875 9.85
      vertex 5.09675 -6.9875 8.65
    endloop
  endfacet
  facet normal 0.608784 0.793336 -0
    outer loop
      vertex 5.79549 -7.82022 8.65
      vertex 5.65015 -7.70869 9.85
      vertex 5.79549 -7.82022 9.85
    endloop
  endfacet
  facet normal 0.608784 0.793336 0
    outer loop
      vertex 5.65015 -7.70869 9.85
      vertex 5.79549 -7.82022 8.65
      vertex 5.65015 -7.70869 8.65
    endloop
  endfacet
  facet normal 0.991446 -0.130515 0
    outer loop
      vertex 4.90799 -5.91697 9.85
      vertex 4.9319 -5.73534 8.65
      vertex 4.9319 -5.73534 9.85
    endloop
  endfacet
  facet normal 0.991446 -0.130515 0
    outer loop
      vertex 4.9319 -5.73534 8.65
      vertex 4.90799 -5.91697 9.85
      vertex 4.90799 -5.91697 8.65
    endloop
  endfacet
  facet normal 0.130515 0.991446 -0
    outer loop
      vertex 6.81697 -8.19201 8.65
      vertex 6.63534 -8.1681 9.85
      vertex 6.81697 -8.19201 9.85
    endloop
  endfacet
  facet normal 0.130515 0.991446 0
    outer loop
      vertex 6.63534 -8.1681 9.85
      vertex 6.81697 -8.19201 8.65
      vertex 6.63534 -8.1681 8.65
    endloop
  endfacet
  facet normal 0.382638 0.923898 -0
    outer loop
      vertex 6.28176 -8.07335 8.65
      vertex 6.1125 -8.00325 9.85
      vertex 6.28176 -8.07335 9.85
    endloop
  endfacet
  facet normal 0.382638 0.923898 0
    outer loop
      vertex 6.1125 -8.00325 9.85
      vertex 6.28176 -8.07335 8.65
      vertex 6.1125 -8.00325 8.65
    endloop
  endfacet
  facet normal -0.21648 -0.976287 0
    outer loop
      vertex 7.36466 -4.0319 8.65
      vertex 7.54352 -4.07156 9.85
      vertex 7.36466 -4.0319 9.85
    endloop
  endfacet
  facet normal -0.21648 -0.976287 -0
    outer loop
      vertex 7.54352 -4.07156 9.85
      vertex 7.36466 -4.0319 8.65
      vertex 7.54352 -4.07156 8.65
    endloop
  endfacet
  facet normal 0.537285 0.843401 -0
    outer loop
      vertex 5.95 -7.91865 8.65
      vertex 5.79549 -7.82022 9.85
      vertex 5.95 -7.91865 9.85
    endloop
  endfacet
  facet normal 0.537285 0.843401 0
    outer loop
      vertex 5.79549 -7.82022 9.85
      vertex 5.95 -7.91865 8.65
      vertex 5.79549 -7.82022 8.65
    endloop
  endfacet
  facet normal -0.300711 -0.953715 0
    outer loop
      vertex 7.54352 -4.07156 8.65
      vertex 7.71824 -4.12665 9.85
      vertex 7.54352 -4.07156 9.85
    endloop
  endfacet
  facet normal -0.300711 -0.953715 -0
    outer loop
      vertex 7.71824 -4.12665 9.85
      vertex 7.54352 -4.07156 8.65
      vertex 7.71824 -4.12665 8.65
    endloop
  endfacet
  facet normal 0 1 -0
    outer loop
      vertex -13.3 -5.95 1.475
      vertex -13.85 -5.95 1.855
      vertex -13.3 -5.95 1.855
    endloop
  endfacet
  facet normal 0 1 -0
    outer loop
      vertex -13.73 -5.95 0.974999
      vertex -13.85 -5.95 1.855
      vertex -13.3 -5.95 1.475
    endloop
  endfacet
  facet normal 0 1 0
    outer loop
      vertex -13.85 -5.95 1.855
      vertex -13.73 -5.95 0.974999
      vertex -13.85 -5.95 0.974999
    endloop
  endfacet
  facet normal 0 -1 0
    outer loop
      vertex -13.85 -10.65 1.855
      vertex -13.3 -10.65 1.475
      vertex -13.3 -10.65 1.855
    endloop
  endfacet
  facet normal 0 -1 0
    outer loop
      vertex -13.73 -10.65 0.974999
      vertex -13.85 -10.65 1.855
      vertex -13.85 -10.65 0.974999
    endloop
  endfacet
  facet normal 0 -1 0
    outer loop
      vertex -13.85 -10.65 1.855
      vertex -13.73 -10.65 0.974999
      vertex -13.3 -10.65 1.475
    endloop
  endfacet
  facet normal 0.758186 0 -0.652039
    outer loop
      vertex -13.3 -10.65 1.475
      vertex -13.73 -5.95 0.974999
      vertex -13.3 -5.95 1.475
    endloop
  endfacet
  facet normal 0.758186 0 -0.652039
    outer loop
      vertex -13.73 -5.95 0.974999
      vertex -13.3 -10.65 1.475
      vertex -13.73 -10.65 0.974999
    endloop
  endfacet
  facet normal 1 -0 0
    outer loop
      vertex -13.3 -10.65 1.855
      vertex -13.3 -5.95 1.475
      vertex -13.3 -5.95 1.855
    endloop
  endfacet
  facet normal 1 0 0
    outer loop
      vertex -13.3 -5.95 1.475
      vertex -13.3 -10.65 1.855
      vertex -13.3 -10.65 1.475
    endloop
  endfacet
  facet normal 0 0 -1
    outer loop
      vertex -13.85 -10.65 0.974999
      vertex -13.73 -5.95 0.974999
      vertex -13.73 -10.65 0.974999
    endloop
  endfacet
  facet normal -0 0 -1
    outer loop
      vertex -13.73 -5.95 0.974999
      vertex -13.85 -10.65 0.974999
      vertex -13.85 -5.95 0.974999
    endloop
  endfacet
  facet normal -0 0 1
    outer loop
      vertex -13.85 -5.95 1.855
      vertex -13.3 -10.65 1.855
      vertex -13.3 -5.95 1.855
    endloop
  endfacet
  facet normal 0 0 1
    outer loop
      vertex -13.3 -10.65 1.855
      vertex -13.85 -5.95 1.855
      vertex -13.85 -10.65 1.855
    endloop
  endfacet
  facet normal 0 -1 0
    outer loop
      vertex -13.85 5.95 1.855
      vertex -13.3 5.95 1.475
      vertex -13.3 5.95 1.855
    endloop
  endfacet
  facet normal 0 -1 0
    outer loop
      vertex -13.73 5.95 0.974999
      vertex -13.85 5.95 1.855
      vertex -13.85 5.95 0.974999
    endloop
  endfacet
  facet normal 0 -1 0
    outer loop
      vertex -13.85 5.95 1.855
      vertex -13.73 5.95 0.974999
      vertex -13.3 5.95 1.475
    endloop
  endfacet
  facet normal 0.758186 0 -0.652039
    outer loop
      vertex -13.3 5.95 1.475
      vertex -13.73 10.65 0.974999
      vertex -13.3 10.65 1.475
    endloop
  endfacet
  facet normal 0.758186 0 -0.652039
    outer loop
      vertex -13.73 10.65 0.974999
      vertex -13.3 5.95 1.475
      vertex -13.73 5.95 0.974999
    endloop
  endfacet
  facet normal 1 -0 0
    outer loop
      vertex -13.3 5.95 1.855
      vertex -13.3 10.65 1.475
      vertex -13.3 10.65 1.855
    endloop
  endfacet
  facet normal 1 0 0
    outer loop
      vertex -13.3 10.65 1.475
      vertex -13.3 5.95 1.855
      vertex -13.3 5.95 1.475
    endloop
  endfacet
  facet normal 0 1 -0
    outer loop
      vertex -13.3 10.65 1.475
      vertex -13.85 10.65 1.855
      vertex -13.3 10.65 1.855
    endloop
  endfacet
  facet normal 0 1 -0
    outer loop
      vertex -13.73 10.65 0.974999
      vertex -13.85 10.65 1.855
      vertex -13.3 10.65 1.475
    endloop
  endfacet
  facet normal 0 1 0
    outer loop
      vertex -13.85 10.65 1.855
      vertex -13.73 10.65 0.974999
      vertex -13.85 10.65 0.974999
    endloop
  endfacet
  facet normal 0 0 -1
    outer loop
      vertex -13.85 5.95 0.974999
      vertex -13.73 10.65 0.974999
      vertex -13.73 5.95 0.974999
    endloop
  endfacet
  facet normal -0 0 -1
    outer loop
      vertex -13.73 10.65 0.974999
      vertex -13.85 5.95 0.974999
      vertex -13.85 10.65 0.974999
    endloop
  endfacet
  facet normal -0 0 1
    outer loop
      vertex -13.85 10.65 1.855
      vertex -13.3 5.95 1.855
      vertex -13.3 10.65 1.855
    endloop
  endfacet
  facet normal 0 0 1
    outer loop
      vertex -13.3 5.95 1.855
      vertex -13.85 10.65 1.855
      vertex -13.85 5.95 1.855
    endloop
  endfacet
  facet normal -1 0 0
    outer loop
      vertex 13.3 -10.65 1.475
      vertex 13.3 -5.95 1.855
      vertex 13.3 -5.95 1.475
    endloop
  endfacet
  facet normal -1 -0 0
    outer loop
      vertex 13.3 -5.95 1.855
      vertex 13.3 -10.65 1.475
      vertex 13.3 -10.65 1.855
    endloop
  endfacet
  facet normal -0.758186 0 -0.652039
    outer loop
      vertex 13.73 -10.65 0.974999
      vertex 13.3 -5.95 1.475
      vertex 13.73 -5.95 0.974999
    endloop
  endfacet
  facet normal -0.758186 -0 -0.652039
    outer loop
      vertex 13.3 -5.95 1.475
      vertex 13.73 -10.65 0.974999
      vertex 13.3 -10.65 1.475
    endloop
  endfacet
  facet normal 0 0 -1
    outer loop
      vertex 13.73 -10.65 0.974999
      vertex 13.85 -5.95 0.974999
      vertex 13.85 -10.65 0.974999
    endloop
  endfacet
  facet normal -0 0 -1
    outer loop
      vertex 13.85 -5.95 0.974999
      vertex 13.73 -10.65 0.974999
      vertex 13.73 -5.95 0.974999
    endloop
  endfacet
  facet normal 0 -1 0
    outer loop
      vertex 13.3 -10.65 1.475
      vertex 13.85 -10.65 1.855
      vertex 13.3 -10.65 1.855
    endloop
  endfacet
  facet normal 0 -1 0
    outer loop
      vertex 13.73 -10.65 0.974999
      vertex 13.85 -10.65 1.855
      vertex 13.3 -10.65 1.475
    endloop
  endfacet
  facet normal 0 -1 -0
    outer loop
      vertex 13.85 -10.65 1.855
      vertex 13.73 -10.65 0.974999
      vertex 13.85 -10.65 0.974999
    endloop
  endfacet
  facet normal 0 1 0
    outer loop
      vertex 13.85 -5.95 1.855
      vertex 13.3 -5.95 1.475
      vertex 13.3 -5.95 1.855
    endloop
  endfacet
  facet normal 0 1 0
    outer loop
      vertex 13.73 -5.95 0.974999
      vertex 13.85 -5.95 1.855
      vertex 13.85 -5.95 0.974999
    endloop
  endfacet
  facet normal 0 1 0
    outer loop
      vertex 13.85 -5.95 1.855
      vertex 13.73 -5.95 0.974999
      vertex 13.3 -5.95 1.475
    endloop
  endfacet
  facet normal -0 0 1
    outer loop
      vertex 13.3 -5.95 1.855
      vertex 13.85 -10.65 1.855
      vertex 13.85 -5.95 1.855
    endloop
  endfacet
  facet normal 0 0 1
    outer loop
      vertex 13.85 -10.65 1.855
      vertex 13.3 -5.95 1.855
      vertex 13.3 -10.65 1.855
    endloop
  endfacet
  facet normal -1 0 0
    outer loop
      vertex 13.3 5.95 1.475
      vertex 13.3 10.65 1.855
      vertex 13.3 10.65 1.475
    endloop
  endfacet
  facet normal -1 -0 0
    outer loop
      vertex 13.3 10.65 1.855
      vertex 13.3 5.95 1.475
      vertex 13.3 5.95 1.855
    endloop
  endfacet
  facet normal -0.758186 0 -0.652039
    outer loop
      vertex 13.73 5.95 0.974999
      vertex 13.3 10.65 1.475
      vertex 13.73 10.65 0.974999
    endloop
  endfacet
  facet normal -0.758186 -0 -0.652039
    outer loop
      vertex 13.3 10.65 1.475
      vertex 13.73 5.95 0.974999
      vertex 13.3 5.95 1.475
    endloop
  endfacet
  facet normal 0 0 -1
    outer loop
      vertex 13.73 5.95 0.974999
      vertex 13.85 10.65 0.974999
      vertex 13.85 5.95 0.974999
    endloop
  endfacet
  facet normal -0 0 -1
    outer loop
      vertex 13.85 10.65 0.974999
      vertex 13.73 5.95 0.974999
      vertex 13.73 10.65 0.974999
    endloop
  endfacet
  facet normal 0 -1 0
    outer loop
      vertex 13.3 5.95 1.475
      vertex 13.85 5.95 1.855
      vertex 13.3 5.95 1.855
    endloop
  endfacet
  facet normal 0 -1 0
    outer loop
      vertex 13.73 5.95 0.974999
      vertex 13.85 5.95 1.855
      vertex 13.3 5.95 1.475
    endloop
  endfacet
  facet normal 0 -1 -0
    outer loop
      vertex 13.85 5.95 1.855
      vertex 13.73 5.95 0.974999
      vertex 13.85 5.95 0.974999
    endloop
  endfacet
  facet normal 0 1 0
    outer loop
      vertex 13.85 10.65 1.855
      vertex 13.3 10.65 1.475
      vertex 13.3 10.65 1.855
    endloop
  endfacet
  facet normal 0 1 0
    outer loop
      vertex 13.73 10.65 0.974999
      vertex 13.85 10.65 1.855
      vertex 13.85 10.65 0.974999
    endloop
  endfacet
  facet normal 0 1 0
    outer loop
      vertex 13.85 10.65 1.855
      vertex 13.73 10.65 0.974999
      vertex 13.3 10.65 1.475
    endloop
  endfacet
  facet normal -0 0 1
    outer loop
      vertex 13.3 10.65 1.855
      vertex 13.85 5.95 1.855
      vertex 13.85 10.65 1.855
    endloop
  endfacet
  facet normal 0 0 1
    outer loop
      vertex 13.85 5.95 1.855
      vertex 13.3 10.65 1.855
      vertex 13.3 5.95 1.855
    endloop
  endfacet
  facet normal 0 -1 0
    outer loop
      vertex -2.59999 8.6 9.85
      vertex 2.59999 8.6 10.2
      vertex -2.59999 8.6 10.2
    endloop
  endfacet
  facet normal 0 -1 -0
    outer loop
      vertex 2.59999 8.6 10.2
      vertex -2.59999 8.6 9.85
      vertex 2.59999 8.6 9.85
    endloop
  endfacet
  facet normal 0 0 1
    outer loop
      vertex 0 13.3 10.2
      vertex -2.59999 8.6 10.2
      vertex 2.59999 8.6 10.2
    endloop
  endfacet
  facet normal 0.875035 0.48406 0
    outer loop
      vertex 2.59999 8.6 10.2
      vertex 0 13.3 9.85
      vertex 0 13.3 10.2
    endloop
  endfacet
  facet normal 0.875035 0.48406 0
    outer loop
      vertex 0 13.3 9.85
      vertex 2.59999 8.6 10.2
      vertex 2.59999 8.6 9.85
    endloop
  endfacet
  facet normal -0.875035 0.48406 0
    outer loop
      vertex -2.59999 8.6 9.85
      vertex 0 13.3 10.2
      vertex 0 13.3 9.85
    endloop
  endfacet
  facet normal -0.875035 0.48406 0
    outer loop
      vertex 0 13.3 10.2
      vertex -2.59999 8.6 9.85
      vertex -2.59999 8.6 10.2
    endloop
  endfacet
endsolid OpenSCAD_Model
