#include "rehab_person_assets.h"

#ifndef LV_ATTRIBUTE_IMG_REHAB_PERSON_SIDE
#define LV_ATTRIBUTE_IMG_REHAB_PERSON_SIDE
#endif
const LV_ATTRIBUTE_MEM_ALIGN LV_ATTRIBUTE_LARGE_CONST LV_ATTRIBUTE_IMG_REHAB_PERSON_SIDE uint8_t rehab_person_side_map[] = {
    0x00, 0x00, 0x00, 0x00, 0x00, 0x00, 0x00, 0x00, 0x00, 0x00, 0x00, 0x00, 0x00, 0x00, 0x00, 0x00, 0x00, 0x00, 0x00, 0x00, 0x00, 0x00, 0x00, 0x00,
    0x00, 0x00, 0x00, 0x00, 0x00, 0x00, 0x00, 0x00, 0x00, 0x00, 0x00, 0x00, 0xff, 0xff, 0x20, 0x9d, 0xef, 0x60, 0xf6, 0xb5, 0x9f, 0x8d, 0x6b, 0xdf,
    0x69, 0x4a, 0xff, 0x69, 0x4a, 0xff, 0x69, 0x4a, 0xff, 0x28, 0x42, 0xff, 0x28, 0x3a, 0xff, 0x28, 0x42, 0xff, 0x48, 0x42, 0xff, 0xaa, 0x52, 0xff,
    0x4d, 0x6b, 0xff, 0xef, 0x7b, 0xff, 0xb2, 0x94, 0xdf, 0x38, 0xc6, 0x9f, 0x1b, 0xdf, 0x80, 0x9d, 0xef, 0x80, 0xff, 0xff, 0x60, 0xff, 0xff, 0x20,
    0x00, 0x00, 0x00, 0x00, 0x00, 0x00, 0x00, 0x00, 0x00, 0x00, 0x00, 0x00, 0x00, 0x00, 0x00, 0x00, 0x00, 0x00, 0x00, 0x00, 0x00, 0x00, 0x00, 0x00,
    0x00, 0x00, 0x00, 0x00, 0x00, 0x00, 0x00, 0x00, 0x00, 0x00, 0x00, 0x00, 0x00, 0x00, 0x00, 0x00, 0x00, 0x00, 0x00, 0x00, 0x00, 0x00, 0x00, 0x00,
    0x00, 0x00, 0x00, 0x00, 0x00, 0x00, 0x00, 0x00, 0x00, 0x00, 0x00, 0x00, 0x00, 0x00, 0x00, 0x00, 0x00, 0x00, 0x00, 0x00, 0x00, 0x00, 0x00, 0x00,
    0x00, 0x00, 0x00, 0x00, 0x00, 0x00, 0x00, 0x00, 0x00, 0x00, 0x00, 0x00, 0x00, 0x00, 0x00, 0x00, 0x00, 0x00, 0x00, 0x00, 0x00, 0x00, 0x00, 0x00,
    0x00, 0x00, 0x00, 0x00, 0x00, 0x00, 0x00, 0x00, 0x00, 0x00, 0x00, 0x00, 0x00, 0x00, 0x00, 0xff, 0xff, 0x10, 0x1b, 0xdf, 0x30, 0xf3, 0x94, 0x60,
    0x2c, 0x63, 0x9f, 0xa6, 0x31, 0xcf, 0xc6, 0x31, 0xef, 0x28, 0x42, 0xff, 0x49, 0x42, 0xff, 0x69, 0x4a, 0xff, 0xaa, 0x4a, 0xff, 0xaa, 0x52, 0xff,
    0xaa, 0x4a, 0xff, 0x69, 0x4a, 0xff, 0x28, 0x42, 0xff, 0xe7, 0x39, 0xff, 0xa6, 0x31, 0xff, 0x65, 0x29, 0xef, 0x86, 0x31, 0xcf, 0x07, 0x3a, 0xbf,
    0xaa, 0x52, 0xbf, 0x8d, 0x6b, 0x9f, 0x38, 0xc6, 0x60, 0xff, 0xff, 0x40, 0xff, 0xff, 0x40, 0xff, 0xff, 0x30, 0xff, 0xff, 0x10, 0x00, 0x00, 0x00,
    0x00, 0x00, 0x00, 0x00, 0x00, 0x00, 0x00, 0x00, 0x00, 0x00, 0x00, 0x00, 0x00, 0x00, 0x00, 0x00, 0x00, 0x00, 0x00, 0x00, 0x00, 0x00, 0x00, 0x00,
    0x00, 0x00, 0x00, 0x00, 0x00, 0x00, 0x00, 0x00, 0x00, 0x00, 0x00, 0x00, 0x00, 0x00, 0x00, 0x00, 0x00, 0x00, 0x00, 0x00, 0x00, 0x00, 0x00, 0x00,
    0x00, 0x00, 0x00, 0x00, 0x00, 0x00, 0x00, 0x00, 0x00, 0x00, 0x00, 0x00, 0x00, 0x00, 0x00, 0x00, 0x00, 0x00, 0x00, 0x00, 0x00, 0x00, 0x00, 0x00,
    0x00, 0x00, 0x00, 0x00, 0x00, 0x00, 0x00, 0x00, 0x00, 0x00, 0x00, 0x00, 0x00, 0x00, 0x00, 0x00, 0x00, 0x00, 0x00, 0x00, 0x00, 0xff, 0xff, 0x10,
    0xda, 0xd6, 0x50, 0x0c, 0x5b, 0x9f, 0x28, 0x3a, 0xcf, 0xc7, 0x31, 0xef, 0x28, 0x42, 0xff, 0x28, 0x42, 0xff, 0x08, 0x42, 0xff, 0x48, 0x42, 0xff,
    0x49, 0x4a, 0xff, 0x69, 0x4a, 0xff, 0x69, 0x4a, 0xff, 0x48, 0x42, 0xff, 0x28, 0x42, 0xff, 0x28, 0x42, 0xff, 0x28, 0x42, 0xff, 0x28, 0x42, 0xff,
    0x07, 0x3a, 0xff, 0xe7, 0x39, 0xff, 0xe7, 0x39, 0xff, 0xc6, 0x31, 0xff, 0xc6, 0x31, 0xef, 0xeb, 0x5a, 0xcf, 0x4d, 0x63, 0xbf, 0x8d, 0x6b, 0xbf,
    0x71, 0x8c, 0x9f, 0x3b, 0xdf, 0x50, 0xff, 0xff, 0x10, 0x00, 0x00, 0x00, 0x00, 0x00, 0x00, 0x00, 0x00, 0x00, 0x00, 0x00, 0x00, 0x00, 0x00, 0x00,
    0x00, 0x00, 0x00, 0x00, 0x00, 0x00, 0x00, 0x00, 0x00, 0x00, 0x00, 0x00, 0x00, 0x00, 0x00, 0x00, 0x00, 0x00, 0x00, 0x00, 0x00, 0x00, 0x00, 0x00,
    0x00, 0x00, 0x00, 0x00, 0x00, 0x00, 0x00, 0x00, 0x00, 0x00, 0x00, 0x00, 0x00, 0x00, 0x00, 0x00, 0x00, 0x00, 0x00, 0x00, 0x00, 0x00, 0x00, 0x00,
    0x00, 0x00, 0x00, 0x00, 0x00, 0x00, 0x00, 0x00, 0x00, 0x00, 0x00, 0x00, 0x00, 0x00, 0x00, 0x00, 0x00, 0x00, 0x00, 0x00, 0x00, 0x00, 0x00, 0x00,
    0x00, 0x00, 0x00, 0xbd, 0xef, 0x10, 0x9d, 0xef, 0x50, 0x2c, 0x63, 0xaf, 0xc7, 0x31, 0xef, 0xe7, 0x39, 0xff, 0xc7, 0x31, 0xff, 0xa6, 0x31, 0xff,
    0xe7, 0x39, 0xff, 0x07, 0x3a, 0xff, 0x07, 0x3a, 0xff, 0x08, 0x3a, 0xff, 0x28, 0x42, 0xff, 0x48, 0x42, 0xff, 0x48, 0x42, 0xff, 0x48, 0x42, 0xff,
    0x28, 0x42, 0xff, 0x28, 0x42, 0xff, 0x07, 0x3a, 0xff, 0xe7, 0x39, 0xff, 0xe7, 0x39, 0xff, 0x08, 0x42, 0xff, 0x48, 0x42, 0xff, 0xa9, 0x4a, 0xff,
    0x69, 0x4a, 0xff, 0x48, 0x42, 0xff, 0x69, 0x4a, 0xff, 0xc6, 0x31, 0xef, 0x2c, 0x63, 0x9f, 0x5c, 0xe7, 0x30, 0x00, 0x00, 0x00, 0x00, 0x00, 0x00,
    0x00, 0x00, 0x00, 0x00, 0x00, 0x00, 0x00, 0x00, 0x00, 0x00, 0x00, 0x00, 0x00, 0x00, 0x00, 0x00, 0x00, 0x00, 0x00, 0x00, 0x00, 0x00, 0x00, 0x00,
    0x00, 0x00, 0x00, 0x00, 0x00, 0x00, 0x00, 0x00, 0x00, 0x00, 0x00, 0x00, 0x00, 0x00, 0x00, 0x00, 0x00, 0x00, 0x00, 0x00, 0x00, 0x00, 0x00, 0x00,
    0x00, 0x00, 0x00, 0x00, 0x00, 0x00, 0x00, 0x00, 0x00, 0x00, 0x00, 0x00, 0x00, 0x00, 0x00, 0x00, 0x00, 0x00, 0x00, 0x00, 0x00, 0x00, 0x00, 0x00,
    0x00, 0x00, 0x00, 0x00, 0x00, 0x00, 0xbd, 0xef, 0x10, 0xbd, 0xef, 0x30, 0x17, 0xbe, 0x60, 0x71, 0x8c, 0xaf, 0xc6, 0x31, 0xef, 0xa6, 0x31, 0xff,
    0x86, 0x29, 0xff, 0x86, 0x29, 0xff, 0xa6, 0x31, 0xff, 0xc6, 0x31, 0xff, 0xc7, 0x31, 0xff, 0xe7, 0x39, 0xff, 0xc6, 0x31, 0xff, 0xe7, 0x39, 0xff,
    0x28, 0x42, 0xff, 0x28, 0x42, 0xff, 0x28, 0x42, 0xff, 0x07, 0x3a, 0xff, 0x07, 0x3a, 0xff, 0x07, 0x3a, 0xff, 0x28, 0x42, 0xff, 0x48, 0x42, 0xff,
    0x69, 0x4a, 0xff, 0xaa, 0x4a, 0xff, 0xaa, 0x52, 0xff, 0xaa, 0x52, 0xff, 0xaa, 0x52, 0xff, 0xa9, 0x4a, 0xff, 0x48, 0x42, 0xff, 0xc6, 0x31, 0xcf,
    0x54, 0xa5, 0x60, 0xff, 0xff, 0x10, 0x00, 0x00, 0x00, 0x00, 0x00, 0x00, 0x00, 0x00, 0x00, 0x00, 0x00, 0x00, 0x00, 0x00, 0x00, 0x00, 0x00, 0x00,
    0x00, 0x00, 0x00, 0x00, 0x00, 0x00, 0x00, 0x00, 0x00, 0x00, 0x00, 0x00, 0x00, 0x00, 0x00, 0x00, 0x00, 0x00, 0x00, 0x00, 0x00, 0x00, 0x00, 0x00,
    0x00, 0x00, 0x00, 0x00, 0x00, 0x00, 0x00, 0x00, 0x00, 0x00, 0x00, 0x00, 0x00, 0x00, 0x00, 0x00, 0x00, 0x00, 0x00, 0x00, 0x00, 0x00, 0x00, 0x00,
    0x00, 0x00, 0x00, 0x00, 0x00, 0x00, 0x00, 0x00, 0x00, 0x00, 0x00, 0x00, 0xff, 0xff, 0x10, 0x3b, 0xdf, 0x50, 0x0f, 0x7c, 0x9f, 0xa9, 0x4a, 0xcf,
    0xc6, 0x31, 0xef, 0xe7, 0x39, 0xff, 0xc7, 0x39, 0xff, 0xe7, 0x39, 0xff, 0xe7, 0x39, 0xff, 0xe7, 0x39, 0xff, 0x07, 0x3a, 0xff, 0x07, 0x3a, 0xff,
    0x07, 0x3a, 0xff, 0x48, 0x42, 0xff, 0xe7, 0x39, 0xff, 0xe7, 0x39, 0xff, 0x07, 0x3a, 0xff, 0x28, 0x42, 0xff, 0x28, 0x42, 0xff, 0x28, 0x42, 0xff,
    0x48, 0x42, 0xff, 0x48, 0x4a, 0xff, 0xa9, 0x4a, 0xff, 0xaa, 0x52, 0xff, 0xaa, 0x52, 0xff, 0xa9, 0x52, 0xff, 0xca, 0x52, 0xff, 0x69, 0x4a, 0xff,
    0x48, 0x4a, 0xff, 0xc6, 0x31, 0xff, 0x24, 0x21, 0xef, 0xcb, 0x5a, 0x9f, 0xbd, 0xef, 0x30, 0x00, 0x00, 0x00, 0x00, 0x00, 0x00, 0x00, 0x00, 0x00,
    0x00, 0x00, 0x00, 0x00, 0x00, 0x00, 0x00, 0x00, 0x00, 0x00, 0x00, 0x00, 0x00, 0x00, 0x00, 0x00, 0x00, 0x00, 0x00, 0x00, 0x00, 0x00, 0x00, 0x00,
    0x00, 0x00, 0x00, 0x00, 0x00, 0x00, 0x00, 0x00, 0x00, 0x00, 0x00, 0x00, 0x00, 0x00, 0x00, 0x00, 0x00, 0x00, 0x00, 0x00, 0x00, 0x00, 0x00, 0x00,
    0x00, 0x00, 0x00, 0x00, 0x00, 0x00, 0x00, 0x00, 0x00, 0x00, 0x00, 0x00, 0x00, 0x00, 0x00, 0x00, 0x00, 0x00, 0xbd, 0xef, 0x10, 0x5c, 0xe7, 0x50,
    0xce, 0x73, 0xaf, 0x28, 0x42, 0xef, 0xe7, 0x39, 0xff, 0x08, 0x42, 0xff, 0x07, 0x3a, 0xff, 0x28, 0x42, 0xff, 0x28, 0x42, 0xff, 0x28, 0x42, 0xff,
    0x48, 0x42, 0xff, 0x28, 0x42, 0xff, 0x69, 0x4a, 0xff, 0x28, 0x42, 0xff, 0x69, 0x4a, 0xff, 0x69, 0x4a, 0xff, 0x48, 0x42, 0xff, 0x28, 0x42, 0xff,
    0x07, 0x3a, 0xff, 0x28, 0x42, 0xff, 0x28, 0x42, 0xff, 0x08, 0x3a, 0xff, 0x07, 0x42, 0xff, 0x28, 0x42, 0xff, 0x48, 0x42, 0xff, 0xa9, 0x4a, 0xff,
    0xa9, 0x52, 0xff, 0x48, 0x42, 0xff, 0x48, 0x4a, 0xff, 0x07, 0x3a, 0xff, 0x44, 0x21, 0xff, 0x65, 0x29, 0xff, 0xa6, 0x31, 0xbf, 0xba, 0xd6, 0x40,
    0x00, 0x00, 0x00, 0x00, 0x00, 0x00, 0x00, 0x00, 0x00, 0x00, 0x00, 0x00, 0x00, 0x00, 0x00, 0x00, 0x00, 0x00, 0x00, 0x00, 0x00, 0x00, 0x00, 0x00,
    0x00, 0x00, 0x00, 0x00, 0x00, 0x00, 0x00, 0x00, 0x00, 0x00, 0x00, 0x00, 0x00, 0x00, 0x00, 0x00, 0x00, 0x00, 0x00, 0x00, 0x00, 0x00, 0x00, 0x00,
    0x00, 0x00, 0x00, 0x00, 0x00, 0x00, 0x00, 0x00, 0x00, 0x00, 0x00, 0x00, 0x00, 0x00, 0x00, 0x00, 0x00, 0x00, 0x00, 0x00, 0x00, 0x00, 0x00, 0x00,
    0xbd, 0xef, 0x10, 0xbf, 0xff, 0x50, 0x10, 0x7c, 0xaf, 0x69, 0x4a, 0xef, 0x48, 0x42, 0xff, 0x08, 0x42, 0xff, 0x08, 0x42, 0xff, 0x28, 0x42, 0xff,
    0x69, 0x4a, 0xff, 0x48, 0x42, 0xff, 0x49, 0x42, 0xff, 0xaa, 0x4a, 0xff, 0x69, 0x4a, 0xff, 0xa9, 0x4a, 0xff, 0xa9, 0x4a, 0xff, 0x49, 0x4a, 0xff,
    0xa9, 0x4a, 0xff, 0x48, 0x42, 0xff, 0xa9, 0x52, 0xff, 0x48, 0x42, 0xff, 0x07, 0x3a, 0xff, 0x08, 0x42, 0xff, 0x48, 0x42, 0xff, 0x28, 0x42, 0xff,
    0x28, 0x42, 0xff, 0x28, 0x42, 0xff, 0x48, 0x42, 0xff, 0x07, 0x3a, 0xff, 0xc6, 0x31, 0xff, 0xc6, 0x31, 0xff, 0x65, 0x21, 0xff, 0x24, 0x21, 0xff,
    0x65, 0x29, 0xff, 0x07, 0x3a, 0xbf, 0x99, 0xce, 0x40, 0x00, 0x00, 0x00, 0x00, 0x00, 0x00, 0x00, 0x00, 0x00, 0x00, 0x00, 0x00, 0x00, 0x00, 0x00,
    0x00, 0x00, 0x00, 0x00, 0x00, 0x00, 0x00, 0x00, 0x00, 0x00, 0x00, 0x00, 0x00, 0x00, 0x00, 0x00, 0x00, 0x00, 0x00, 0x00, 0x00, 0x00, 0x00, 0x00,
    0x00, 0x00, 0x00, 0x00, 0x00, 0x00, 0x00, 0x00, 0x00, 0x00, 0x00, 0x00, 0x00, 0x00, 0x00, 0x00, 0x00, 0x00, 0x00, 0x00, 0x00, 0x00, 0x00, 0x00,
    0x00, 0x00, 0x00, 0x00, 0x00, 0x00, 0x00, 0x00, 0x00, 0xff, 0xff, 0x30, 0x95, 0xad, 0x9f, 0x0c, 0x5b, 0xef, 0xaa, 0x52, 0xff, 0x69, 0x42, 0xff,
    0x28, 0x42, 0xff, 0x69, 0x4a, 0xff, 0x69, 0x4a, 0xff, 0xa9, 0x52, 0xff, 0x69, 0x4a, 0xff, 0xa9, 0x4a, 0xff, 0xca, 0x52, 0xff, 0xaa, 0x52, 0xff,
    0xa9, 0x4a, 0xff, 0xaa, 0x52, 0xff, 0xa9, 0x4a, 0xff, 0xa9, 0x52, 0xff, 0x69, 0x4a, 0xff, 0xa9, 0x52, 0xff, 0x69, 0x4a, 0xff, 0x48, 0x42, 0xff,
    0x07, 0x3a, 0xff, 0xa6, 0x31, 0xff, 0xa6, 0x31, 0xff, 0xc6, 0x31, 0xff, 0x86, 0x29, 0xff, 0x65, 0x21, 0xff, 0x44, 0x21, 0xff, 0x28, 0x4a, 0xff,
    0xea, 0x5a, 0xff, 0xa2, 0x10, 0xff, 0x65, 0x21, 0xff, 0x65, 0x21, 0xef, 0x2c, 0x63, 0x9f, 0x5c, 0xe7, 0x30, 0x00, 0x00, 0x00, 0x00, 0x00, 0x00,
    0x00, 0x00, 0x00, 0x00, 0x00, 0x00, 0x00, 0x00, 0x00, 0x00, 0x00, 0x00, 0x00, 0x00, 0x00, 0x00, 0x00, 0x00, 0x00, 0x00, 0x00, 0x00, 0x00, 0x00,
    0x00, 0x00, 0x00, 0x00, 0x00, 0x00, 0x00, 0x00, 0x00, 0x00, 0x00, 0x00, 0x00, 0x00, 0x00, 0x00, 0x00, 0x00, 0x00, 0x00, 0x00, 0x00, 0x00, 0x00,
    0x00, 0x00, 0x00, 0x00, 0x00, 0x00, 0x00, 0x00, 0x00, 0x00, 0x00, 0x00, 0x00, 0x00, 0x00, 0x00, 0x00, 0x00, 0x5c, 0xe7, 0x40, 0xcf, 0x73, 0xbf,
    0x0c, 0x5b, 0xff, 0x69, 0x4a, 0xff, 0x49, 0x42, 0xff, 0x69, 0x4a, 0xff, 0x69, 0x4a, 0xff, 0xa9, 0x4a, 0xff, 0xaa, 0x52, 0xff, 0xa9, 0x4a, 0xff,
    0xaa, 0x52, 0xff, 0xaa, 0x52, 0xff, 0xaa, 0x4a, 0xff, 0xa9, 0x4a, 0xff, 0xa9, 0x4a, 0xff, 0x49, 0x4a, 0xff, 0x69, 0x4a, 0xff, 0x48, 0x42, 0xff,
    0xa9, 0x4a, 0xff, 0x48, 0x42, 0xff, 0x48, 0x42, 0xff, 0x48, 0x4a, 0xff, 0x07, 0x3a, 0xff, 0x45, 0x21, 0xff, 0xa6, 0x31, 0xff, 0xa8, 0x5a, 0xff,
    0x48, 0x5a, 0xff, 0x4b, 0x83, 0xff, 0x51, 0xcd, 0xff, 0xd8, 0xfe, 0xff, 0xa9, 0x5a, 0xff, 0xc3, 0x10, 0xef, 0x65, 0x29, 0xaf, 0xf3, 0x94, 0x50,
    0xff, 0xff, 0x10, 0x00, 0x00, 0x00, 0x00, 0x00, 0x00, 0x00, 0x00, 0x00, 0x00, 0x00, 0x00, 0x00, 0x00, 0x00, 0x00, 0x00, 0x00, 0x00, 0x00, 0x00,
    0x00, 0x00, 0x00, 0x00, 0x00, 0x00, 0x00, 0x00, 0x00, 0x00, 0x00, 0x00, 0x00, 0x00, 0x00, 0x00, 0x00, 0x00, 0x00, 0x00, 0x00, 0x00, 0x00, 0x00,
    0x00, 0x00, 0x00, 0x00, 0x00, 0x00, 0x00, 0x00, 0x00, 0x00, 0x00, 0x00, 0x00, 0x00, 0x00, 0x00, 0x00, 0x00, 0x00, 0x00, 0x00, 0x00, 0x00, 0x00,
    0x00, 0x00, 0x00, 0x58, 0xc6, 0x40, 0xeb, 0x5a, 0xbf, 0xa9, 0x4a, 0xff, 0x69, 0x4a, 0xff, 0x49, 0x42, 0xff, 0x69, 0x4a, 0xff, 0x49, 0x4a, 0xff,
    0xa9, 0x4a, 0xff, 0xa9, 0x4a, 0xff, 0x69, 0x4a, 0xff, 0xa9, 0x4a, 0xff, 0x69, 0x4a, 0xff, 0x69, 0x4a, 0xff, 0x48, 0x42, 0xff, 0x28, 0x42, 0xff,
    0x48, 0x42, 0xff, 0x28, 0x42, 0xff, 0x48, 0x42, 0xff, 0x69, 0x4a, 0xff, 0x28, 0x42, 0xff, 0x48, 0x42, 0xff, 0x28, 0x42, 0xff, 0x28, 0x42, 0xff,
    0xe7, 0x39, 0xff, 0x28, 0x42, 0xff, 0xf4, 0xd5, 0xff, 0xb3, 0xdd, 0xff, 0x56, 0xee, 0xff, 0xb7, 0xfe, 0xff, 0xf8, 0xfe, 0xff, 0x15, 0xd6, 0xff,
    0xc3, 0x18, 0xcf, 0x51, 0x84, 0x60, 0x7d, 0xef, 0x10, 0x00, 0x00, 0x00, 0x00, 0x00, 0x00, 0x00, 0x00, 0x00, 0x00, 0x00, 0x00, 0x00, 0x00, 0x00,
    0x00, 0x00, 0x00, 0x00, 0x00, 0x00, 0x00, 0x00, 0x00, 0x00, 0x00, 0x00, 0x00, 0x00, 0x00, 0x00, 0x00, 0x00, 0x00, 0x00, 0x00, 0x00, 0x00, 0x00,
    0x00, 0x00, 0x00, 0x00, 0x00, 0x00, 0x00, 0x00, 0x00, 0x00, 0x00, 0x00, 0x00, 0x00, 0x00, 0x00, 0x00, 0x00, 0x00, 0x00, 0x00, 0x00, 0x00, 0x00,
    0x00, 0x00, 0x00, 0x00, 0x00, 0x00, 0x00, 0x00, 0x00, 0x00, 0x00, 0x00, 0x95, 0xad, 0x40, 0xaa, 0x52, 0xbf, 0x28, 0x42, 0xff, 0x28, 0x42, 0xff,
    0x48, 0x42, 0xff, 0x48, 0x42, 0xff, 0x28, 0x42, 0xff, 0x49, 0x42, 0xff, 0x49, 0x42, 0xff, 0x49, 0x42, 0xff, 0x49, 0x42, 0xff, 0x28, 0x42, 0xff,
    0x48, 0x42, 0xff, 0x28, 0x42, 0xff, 0x28, 0x42, 0xff, 0x08, 0x42, 0xff, 0xe7, 0x39, 0xff, 0x49, 0x4a, 0xff, 0x28, 0x42, 0xff, 0x28, 0x42, 0xff,
    0x48, 0x42, 0xff, 0x48, 0x42, 0xff, 0x07, 0x3a, 0xff, 0xe7, 0x39, 0xff, 0x07, 0x42, 0xff, 0xb8, 0xe6, 0xff, 0x19, 0xff, 0xff, 0xf8, 0xfe, 0xff,
    0xf8, 0xfe, 0xff, 0xf9, 0xfe, 0xff, 0xb7, 0xee, 0xff, 0xb5, 0xbd, 0xbf, 0xff, 0xff, 0x40, 0x00, 0x00, 0x00, 0x00, 0x00, 0x00, 0x00, 0x00, 0x00,
    0x00, 0x00, 0x00, 0x00, 0x00, 0x00, 0x00, 0x00, 0x00, 0x00, 0x00, 0x00, 0x00, 0x00, 0x00, 0x00, 0x00, 0x00, 0x00, 0x00, 0x00, 0x00, 0x00, 0x00,
    0x00, 0x00, 0x00, 0x00, 0x00, 0x00, 0x00, 0x00, 0x00, 0x00, 0x00, 0x00, 0x00, 0x00, 0x00, 0x00, 0x00, 0x00, 0x00, 0x00, 0x00, 0x00, 0x00, 0x00,
    0x00, 0x00, 0x00, 0x00, 0x00, 0x00, 0x00, 0x00, 0x00, 0x00, 0x00, 0x00, 0x00, 0x00, 0x00, 0x00, 0x00, 0x00, 0x00, 0x00, 0x00, 0x14, 0x9d, 0x40,
    0xe7, 0x39, 0xbf, 0x07, 0x3a, 0xff, 0xe7, 0x39, 0xff, 0x08, 0x3a, 0xff, 0x07, 0x3a, 0xff, 0x07, 0x3a, 0xff, 0x28, 0x42, 0xff, 0x28, 0x42, 0xff,
    0x28, 0x3a, 0xff, 0x28, 0x42, 0xff, 0x28, 0x42, 0xff, 0x28, 0x42, 0xff, 0x28, 0x42, 0xff, 0x28, 0x42, 0xff, 0xe7, 0x39, 0xff, 0x07, 0x3a, 0xff,
    0x07, 0x3a, 0xff, 0xe7, 0x39, 0xff, 0x07, 0x3a, 0xff, 0x07, 0x42, 0xff, 0x07, 0x3a, 0xff, 0x07, 0x3a, 0xff, 0x07, 0x3a, 0xff, 0x07, 0x42, 0xff,
    0x97, 0xde, 0xff, 0xf8, 0xfe, 0xff, 0xd8, 0xfe, 0xff, 0x19, 0xff, 0xff, 0x19, 0xff, 0xff, 0xb7, 0xee, 0xff, 0xb9, 0xe6, 0xbf, 0xbd, 0xef, 0x40,
    0x00, 0x00, 0x00, 0x00, 0x00, 0x00, 0x00, 0x00, 0x00, 0x00, 0x00, 0x00, 0x00, 0x00, 0x00, 0x00, 0x00, 0x00, 0x00, 0x00, 0x00, 0x00, 0x00, 0x00,
    0x00, 0x00, 0x00, 0x00, 0x00, 0x00, 0x00, 0x00, 0x00, 0x00, 0x00, 0x00, 0x00, 0x00, 0x00, 0x00, 0x00, 0x00, 0x00, 0x00, 0x00, 0x00, 0x00, 0x00,
    0x00, 0x00, 0x00, 0x00, 0x00, 0x00, 0x00, 0x00, 0x00, 0x00, 0x00, 0x00, 0x00, 0x00, 0x00, 0x00, 0x00, 0x00, 0x00, 0x00, 0x00, 0x00, 0x00, 0x00,
    0x00, 0x00, 0x00, 0x00, 0x00, 0x00, 0x54, 0x9d, 0x40, 0x65, 0x29, 0xbf, 0x07, 0x3a, 0xff, 0xc7, 0x31, 0xff, 0xe7, 0x39, 0xff, 0xe7, 0x39, 0xff,
    0xe7, 0x39, 0xff, 0xe7, 0x39, 0xff, 0xe7, 0x39, 0xff, 0xe7, 0x39, 0xff, 0xe7, 0x39, 0xff, 0x07, 0x3a, 0xff, 0x08, 0x3a, 0xff, 0x07, 0x3a, 0xff,
    0xe7, 0x39, 0xff, 0xe7, 0x39, 0xff, 0xa6, 0x31, 0xff, 0xa6, 0x31, 0xff, 0xc7, 0x31, 0xff, 0xc7, 0x39, 0xff, 0xe7, 0x39, 0xff, 0xc6, 0x39, 0xff,
    0x07, 0x3a, 0xff, 0xc6, 0x31, 0xff, 0x68, 0x4a, 0xff, 0x39, 0xef, 0xff, 0x19, 0xff, 0xff, 0xf9, 0xfe, 0xff, 0x19, 0xff, 0xff, 0x19, 0xff, 0xff,
    0xd8, 0xfe, 0xff, 0x15, 0xde, 0xbf, 0x7c, 0xe7, 0x40, 0x00, 0x00, 0x00, 0x00, 0x00, 0x00, 0x00, 0x00, 0x00, 0x00, 0x00, 0x00, 0x00, 0x00, 0x00,
    0x00, 0x00, 0x00, 0x00, 0x00, 0x00, 0x00, 0x00, 0x00, 0x00, 0x00, 0x00, 0x00, 0x00, 0x00, 0x00, 0x00, 0x00, 0x00, 0x00, 0x00, 0x00, 0x00, 0x00,
    0x00, 0x00, 0x00, 0x00, 0x00, 0x00, 0x00, 0x00, 0x00, 0x00, 0x00, 0x00, 0x00, 0x00, 0x00, 0x00, 0x00, 0x00, 0x00, 0x00, 0x00, 0x00, 0x00, 0x00,
    0x00, 0x00, 0x00, 0x00, 0x00, 0x00, 0x00, 0x00, 0x00, 0x00, 0x00, 0x00, 0x00, 0x00, 0x00, 0x95, 0xad, 0x40, 0x45, 0x21, 0xbf, 0xe7, 0x39, 0xff,
    0xc6, 0x31, 0xff, 0xe7, 0x31, 0xff, 0xc7, 0x31, 0xff, 0xc6, 0x31, 0xff, 0xc6, 0x31, 0xff, 0xc6, 0x31, 0xff, 0xc6, 0x31, 0xff, 0xe7, 0x39, 0xff,
    0xe7, 0x39, 0xff, 0xe7, 0x39, 0xff, 0xc6, 0x31, 0xff, 0xc6, 0x31, 0xff, 0xc7, 0x31, 0xff, 0xc6, 0x31, 0xff, 0xc6, 0x31, 0xff, 0xc7, 0x31, 0xff,
    0xe7, 0x39, 0xff, 0xc6, 0x31, 0xff, 0xe7, 0x39, 0xff, 0xc7, 0x39, 0xff, 0x85, 0x31, 0xff, 0xb5, 0xbd, 0xff, 0x9c, 0xff, 0xff, 0x3a, 0xff, 0xff,
    0x7b, 0xff, 0xff, 0x7b, 0xff, 0xff, 0x19, 0xef, 0xff, 0x19, 0xef, 0xff, 0xd8, 0xfe, 0xbf, 0x1b, 0xef, 0x40, 0x00, 0x00, 0x00, 0x00, 0x00, 0x00,
    0x00, 0x00, 0x00, 0x00, 0x00, 0x00, 0x00, 0x00, 0x00, 0x00, 0x00, 0x00, 0x00, 0x00, 0x00, 0x00, 0x00, 0x00, 0x00, 0x00, 0x00, 0x00, 0x00, 0x00,
    0x00, 0x00, 0x00, 0x00, 0x00, 0x00, 0x00, 0x00, 0x00, 0x00, 0x00, 0x00, 0x00, 0x00, 0x00, 0x00, 0x00, 0x00, 0x00, 0x00, 0x00, 0x00, 0x00, 0x00,
    0x00, 0x00, 0x00, 0x00, 0x00, 0x00, 0x00, 0x00, 0x00, 0x00, 0x00, 0x00, 0x00, 0x00, 0x00, 0x00, 0x00, 0x00, 0x00, 0x00, 0x00, 0x00, 0x00, 0x00,
    0x75, 0xad, 0x40, 0x45, 0x21, 0xbf, 0xe7, 0x31, 0xff, 0xa6, 0x31, 0xff, 0xc7, 0x31, 0xff, 0xc6, 0x31, 0xff, 0xc6, 0x31, 0xff, 0xc6, 0x31, 0xff,
    0xa6, 0x31, 0xff, 0xc7, 0x31, 0xff, 0xc7, 0x31, 0xff, 0xc6, 0x31, 0xff, 0xc6, 0x31, 0xff, 0xe7, 0x31, 0xff, 0xc6, 0x31, 0xff, 0x86, 0x31, 0xff,
    0xe7, 0x39, 0xff, 0xe7, 0x39, 0xff, 0xe7, 0x39, 0xff, 0xe7, 0x39, 0xff, 0x48, 0x42, 0xff, 0x08, 0x3a, 0xff, 0x69, 0x4a, 0xff, 0x37, 0xce, 0xff,
    0xbc, 0xff, 0xff, 0x3b, 0xef, 0xff, 0x7b, 0xff, 0xff, 0x98, 0xde, 0xff, 0xd1, 0xa4, 0xff, 0x2b, 0x6b, 0xff, 0xa9, 0x4a, 0xff, 0x2b, 0x6b, 0xbf,
    0xb8, 0xe6, 0x40, 0x00, 0x00, 0x00, 0x00, 0x00, 0x00, 0x00, 0x00, 0x00, 0x00, 0x00, 0x00, 0x00, 0x00, 0x00, 0x00, 0x00, 0x00, 0x00, 0x00, 0x00,
    0x00, 0x00, 0x00, 0x00, 0x00, 0x00, 0x00, 0x00, 0x00, 0x00, 0x00, 0x00, 0x00, 0x00, 0x00, 0x00, 0x00, 0x00, 0x00, 0x00, 0x00, 0x00, 0x00, 0x00,
    0x00, 0x00, 0x00, 0x00, 0x00, 0x00, 0x00, 0x00, 0x00, 0x00, 0x00, 0x00, 0x00, 0x00, 0x00, 0x00, 0x00, 0x00, 0x00, 0x00, 0x00, 0x00, 0x00, 0x00,
    0x00, 0x00, 0x00, 0x00, 0x00, 0x00, 0x00, 0x00, 0x00, 0x75, 0xa5, 0x40, 0x24, 0x19, 0xbf, 0xc7, 0x31, 0xff, 0xa6, 0x29, 0xff, 0xc6, 0x31, 0xff,
    0xc6, 0x31, 0xff, 0xc6, 0x31, 0xff, 0xa6, 0x31, 0xff, 0xa6, 0x31, 0xff, 0xc6, 0x31, 0xff, 0xa6, 0x31, 0xff, 0xc6, 0x31, 0xff, 0xc7, 0x31, 0xff,
    0x85, 0x29, 0xff, 0xc6, 0x31, 0xff, 0xa9, 0x4a, 0xff, 0x65, 0x29, 0xff, 0xa6, 0x31, 0xff, 0x07, 0x3a, 0xff, 0x28, 0x42, 0xff, 0x48, 0x42, 0xff,
    0xe7, 0x39, 0xff, 0x78, 0xd6, 0xff, 0xbc, 0xff, 0xff, 0xf9, 0xee, 0xff, 0x19, 0xff, 0xff, 0x19, 0xff, 0xff, 0x97, 0xe6, 0xff, 0x56, 0xde, 0xff,
    0xd8, 0xee, 0xff, 0x93, 0xc5, 0xff, 0xea, 0x72, 0xbf, 0xf5, 0xd5, 0x40, 0x00, 0x00, 0x00, 0x00, 0x00, 0x00, 0x00, 0x00, 0x00, 0x00, 0x00, 0x00,
    0x00, 0x00, 0x00, 0x00, 0x00, 0x00, 0x00, 0x00, 0x00, 0x00, 0x00, 0x00, 0x00, 0x00, 0x00, 0x00, 0x00, 0x00, 0x00, 0x00, 0x00, 0x00, 0x00, 0x00,
    0x00, 0x00, 0x00, 0x00, 0x00, 0x00, 0x00, 0x00, 0x00, 0x00, 0x00, 0x00, 0x00, 0x00, 0x00, 0x00, 0x00, 0x00, 0x00, 0x00, 0x00, 0x00, 0x00, 0x00,
    0x00, 0x00, 0x00, 0x00, 0x00, 0x00, 0x00, 0x00, 0x00, 0x00, 0x00, 0x00, 0x00, 0x00, 0x00, 0x00, 0x00, 0x00, 0xf6, 0xb5, 0x40, 0x24, 0x21, 0xbf,
    0xc7, 0x31, 0xff, 0xa6, 0x29, 0xff, 0xa6, 0x29, 0xff, 0xa6, 0x31, 0xff, 0xc6, 0x31, 0xff, 0xa6, 0x31, 0xff, 0xc6, 0x31, 0xff, 0xc6, 0x31, 0xff,
    0xe7, 0x31, 0xff, 0xe7, 0x39, 0xff, 0xa6, 0x31, 0xff, 0x48, 0x4a, 0xff, 0x37, 0xce, 0xff, 0xf5, 0xd5, 0xff, 0x53, 0xad, 0xff, 0xe7, 0x39, 0xff,
    0xa6, 0x29, 0xff, 0x48, 0x42, 0xff, 0xe7, 0x39, 0xff, 0x0b, 0x63, 0xff, 0x5a, 0xff, 0xff, 0xd8, 0xee, 0xff, 0xf9, 0xfe, 0xff, 0xf8, 0xfe, 0xff,
    0xd7, 0xfe, 0xff, 0xf8, 0xfe, 0xff, 0x97, 0xee, 0xff, 0x93, 0xbd, 0xff, 0x11, 0xb5, 0xff, 0x35, 0xee, 0xbf, 0x1a, 0xef, 0x40, 0x00, 0x00, 0x00,
    0x00, 0x00, 0x00, 0x00, 0x00, 0x00, 0x00, 0x00, 0x00, 0x00, 0x00, 0x00, 0x00, 0x00, 0x00, 0x00, 0x00, 0x00, 0x00, 0x00, 0x00, 0x00, 0x00, 0x00,
    0x00, 0x00, 0x00, 0x00, 0x00, 0x00, 0x00, 0x00, 0x00, 0x00, 0x00, 0x00, 0x00, 0x00, 0x00, 0x00, 0x00, 0x00, 0x00, 0x00, 0x00, 0x00, 0x00, 0x00,
    0x00, 0x00, 0x00, 0x00, 0x00, 0x00, 0x00, 0x00, 0x00, 0x00, 0x00, 0x00, 0x00, 0x00, 0x00, 0x00, 0x00, 0x00, 0x00, 0x00, 0x00, 0x00, 0x00, 0x00,
    0x00, 0x00, 0x00, 0xfb, 0xde, 0x40, 0xe7, 0x31, 0xbf, 0xc6, 0x31, 0xff, 0xa6, 0x31, 0xff, 0xa6, 0x31, 0xff, 0xa6, 0x29, 0xff, 0xa6, 0x31, 0xff,
    0xa6, 0x31, 0xff, 0xa6, 0x31, 0xff, 0xc6, 0x31, 0xff, 0xe7, 0x39, 0xff, 0xe7, 0x31, 0xff, 0x65, 0x29, 0xff, 0xd5, 0xc5, 0xff, 0x97, 0xfe, 0xff,
    0xb3, 0xdd, 0xff, 0x11, 0xd5, 0xff, 0xf5, 0xd5, 0xff, 0xea, 0x5a, 0xff, 0x07, 0x3a, 0xff, 0xc6, 0x31, 0xff, 0xce, 0x83, 0xff, 0x3a, 0xff, 0xff,
    0xb8, 0xfe, 0xff, 0xd8, 0xfe, 0xff, 0xd8, 0xfe, 0xff, 0xd7, 0xfe, 0xff, 0x35, 0xe6, 0xff, 0xd4, 0xcd, 0xff, 0x6d, 0x73, 0xff, 0x4c, 0x73, 0xff,
    0x96, 0xfe, 0xcf, 0x3b, 0xef, 0x60, 0xfd, 0xef, 0x10, 0x00, 0x00, 0x00, 0x00, 0x00, 0x00, 0x00, 0x00, 0x00, 0x00, 0x00, 0x00, 0x00, 0x00, 0x00,
    0x00, 0x00, 0x00, 0x00, 0x00, 0x00, 0x00, 0x00, 0x00, 0x00, 0x00, 0x00, 0x00, 0x00, 0x00, 0x00, 0x00, 0x00, 0x00, 0x00, 0x00, 0x00, 0x00, 0x00,
    0x00, 0x00, 0x00, 0x00, 0x00, 0x00, 0x00, 0x00, 0x00, 0x00, 0x00, 0x00, 0x00, 0x00, 0x00, 0x00, 0x00, 0x00, 0x00, 0x00, 0x00, 0x00, 0x00, 0x00,
    0x00, 0x00, 0x00, 0x00, 0x00, 0x00, 0x00, 0x00, 0x00, 0x00, 0x00, 0x00, 0xff, 0xff, 0x30, 0x0c, 0x5b, 0x9f, 0x86, 0x29, 0xef, 0xe7, 0x31, 0xff,
    0xc7, 0x31, 0xff, 0xa6, 0x29, 0xff, 0xa6, 0x31, 0xff, 0xa6, 0x29, 0xff, 0xa6, 0x31, 0xff, 0xc6, 0x31, 0xff, 0xc6, 0x31, 0xff, 0x65, 0x29, 0xff,
    0xe6, 0x39, 0xff, 0xb8, 0xe6, 0xff, 0xd7, 0xfe, 0xff, 0x15, 0xe6, 0xff, 0xf0, 0xdc, 0xff, 0x35, 0xfe, 0xff, 0xd8, 0xe6, 0xff, 0x68, 0x4a, 0xff,
    0x65, 0x29, 0xff, 0xb1, 0x9c, 0xff, 0x5a, 0xff, 0xff, 0xd8, 0xfe, 0xff, 0xf8, 0xfe, 0xff, 0xf8, 0xfe, 0xff, 0xd8, 0xfe, 0xff, 0xb7, 0xfe, 0xff,
    0xb7, 0xfe, 0xff, 0xd4, 0xd5, 0xff, 0xb3, 0xd5, 0xff, 0x96, 0xfe, 0xef, 0xd9, 0xee, 0x9f, 0xff, 0xff, 0x30, 0x00, 0x00, 0x00, 0x00, 0x00, 0x00,
    0x00, 0x00, 0x00, 0x00, 0x00, 0x00, 0x00, 0x00, 0x00, 0x00, 0x00, 0x00, 0x00, 0x00, 0x00, 0x00, 0x00, 0x00, 0x00, 0x00, 0x00, 0x00, 0x00, 0x00,
    0x00, 0x00, 0x00, 0x00, 0x00, 0x00, 0x00, 0x00, 0x00, 0x00, 0x00, 0x00, 0x00, 0x00, 0x00, 0x00, 0x00, 0x00, 0x00, 0x00, 0x00, 0x00, 0x00, 0x00,
    0x00, 0x00, 0x00, 0x00, 0x00, 0x00, 0x00, 0x00, 0x00, 0x00, 0x00, 0x00, 0x00, 0x00, 0x00, 0x00, 0x00, 0x00, 0x00, 0x00, 0x00, 0xff, 0xff, 0x10,
    0x75, 0xad, 0x60, 0x66, 0x29, 0xcf, 0x08, 0x3a, 0xff, 0xc7, 0x31, 0xff, 0xa6, 0x31, 0xff, 0xa6, 0x31, 0xff, 0x86, 0x29, 0xff, 0xa6, 0x29, 0xff,
    0xa6, 0x29, 0xff, 0x85, 0x29, 0xff, 0x44, 0x19, 0xff, 0x85, 0x31, 0xff, 0x55, 0xde, 0xff, 0x76, 0xfe, 0xff, 0x55, 0xee, 0xff, 0xf0, 0xdc, 0xff,
    0xb3, 0xe5, 0xff, 0x19, 0xff, 0xff, 0x12, 0xad, 0xff, 0x23, 0x19, 0xff, 0x73, 0xb5, 0xff, 0x39, 0xff, 0xff, 0xd8, 0xfe, 0xff, 0x19, 0xff, 0xff,
    0x19, 0xff, 0xff, 0xf9, 0xfe, 0xff, 0xf9, 0xfe, 0xff, 0xb8, 0xfe, 0xff, 0x76, 0xfe, 0xff, 0x55, 0xee, 0xff, 0xd8, 0xfe, 0xff, 0xb7, 0xfe, 0xcf,
    0x5c, 0xff, 0x60, 0xfd, 0xef, 0x10, 0x00, 0x00, 0x00, 0x00, 0x00, 0x00, 0x00, 0x00, 0x00, 0x00, 0x00, 0x00, 0x00, 0x00, 0x00, 0x00, 0x00, 0x00,
    0x00, 0x00, 0x00, 0x00, 0x00, 0x00, 0x00, 0x00, 0x00, 0x00, 0x00, 0x00, 0x00, 0x00, 0x00, 0x00, 0x00, 0x00, 0x00, 0x00, 0x00, 0x00, 0x00, 0x00,
    0x00, 0x00, 0x00, 0x00, 0x00, 0x00, 0x00, 0x00, 0x00, 0x00, 0x00, 0x00, 0x00, 0x00, 0x00, 0x00, 0x00, 0x00, 0x00, 0x00, 0x00, 0x00, 0x00, 0x00,
    0x00, 0x00, 0x00, 0x00, 0x00, 0x00, 0x00, 0x00, 0x00, 0x3b, 0xdf, 0x30, 0x08, 0x3a, 0x9f, 0xc7, 0x31, 0xef, 0xc6, 0x31, 0xff, 0xa6, 0x29, 0xff,
    0xa6, 0x29, 0xff, 0x86, 0x29, 0xff, 0x86, 0x29, 0xff, 0x85, 0x29, 0xff, 0x65, 0x29, 0xff, 0x24, 0x19, 0xff, 0x65, 0x29, 0xff, 0xd4, 0xdd, 0xff,
    0x76, 0xfe, 0xff, 0x92, 0xe5, 0xff, 0x0c, 0xc4, 0xff, 0x97, 0xfe, 0xff, 0xb8, 0xfe, 0xff, 0xf9, 0xfe, 0xff, 0x6c, 0x73, 0xff, 0xf5, 0xcd, 0xff,
    0x19, 0xff, 0xff, 0xd8, 0xfe, 0xff, 0xf9, 0xfe, 0xff, 0xf9, 0xfe, 0xff, 0x19, 0xff, 0xff, 0x19, 0xff, 0xff, 0xf9, 0xfe, 0xff, 0xb8, 0xfe, 0xff,
    0x97, 0xee, 0xff, 0xd8, 0xfe, 0xff, 0xf8, 0xfe, 0xef, 0xb7, 0xfe, 0xaf, 0x9d, 0xff, 0x50, 0xbd, 0xef, 0x10, 0x00, 0x00, 0x00, 0x00, 0x00, 0x00,
    0x00, 0x00, 0x00, 0x00, 0x00, 0x00, 0x00, 0x00, 0x00, 0x00, 0x00, 0x00, 0x00, 0x00, 0x00, 0x00, 0x00, 0x00, 0x00, 0x00, 0x00, 0x00, 0x00, 0x00,
    0x00, 0x00, 0x00, 0x00, 0x00, 0x00, 0x00, 0x00, 0x00, 0x00, 0x00, 0x00, 0x00, 0x00, 0x00, 0x00, 0x00, 0x00, 0x00, 0x00, 0x00, 0x00, 0x00, 0x00,
    0x00, 0x00, 0x00, 0x00, 0x00, 0x00, 0x00, 0x00, 0x00, 0x00, 0x00, 0x00, 0x00, 0x00, 0x00, 0x00, 0x00, 0x00, 0xff, 0xff, 0x10, 0x71, 0x84, 0x60,
    0x24, 0x19, 0xcf, 0xc7, 0x31, 0xff, 0x85, 0x29, 0xff, 0x85, 0x29, 0xff, 0x85, 0x29, 0xff, 0x85, 0x29, 0xff, 0x65, 0x29, 0xff, 0x85, 0x29, 0xff,
    0x65, 0x21, 0xff, 0xc6, 0x39, 0xff, 0x72, 0xd5, 0xff, 0xf9, 0xfe, 0xff, 0x15, 0xee, 0xff, 0xae, 0xcc, 0xff, 0x51, 0xd5, 0xff, 0x3a, 0xff, 0xff,
    0xd8, 0xfe, 0xff, 0xf9, 0xfe, 0xff, 0xd8, 0xfe, 0xff, 0xd8, 0xfe, 0xff, 0xd8, 0xfe, 0xff, 0xd8, 0xfe, 0xff, 0xd8, 0xfe, 0xff, 0xf8, 0xfe, 0xff,
    0xf8, 0xfe, 0xff, 0xf8, 0xfe, 0xff, 0xb8, 0xfe, 0xff, 0x97, 0xfe, 0xff, 0xd8, 0xfe, 0xff, 0xd8, 0xfe, 0xff, 0x96, 0xfe, 0xef, 0x97, 0xfe, 0x9f,
    0x9d, 0xef, 0x30, 0x00, 0x00, 0x00, 0x00, 0x00, 0x00, 0x00, 0x00, 0x00, 0x00, 0x00, 0x00, 0x00, 0x00, 0x00, 0x00, 0x00, 0x00, 0x00, 0x00, 0x00,
    0x00, 0x00, 0x00, 0x00, 0x00, 0x00, 0x00, 0x00, 0x00, 0x00, 0x00, 0x00, 0x00, 0x00, 0x00, 0x00, 0x00, 0x00, 0x00, 0x00, 0x00, 0x00, 0x00, 0x00,
    0x00, 0x00, 0x00, 0x00, 0x00, 0x00, 0x00, 0x00, 0x00, 0x00, 0x00, 0x00, 0x00, 0x00, 0x00, 0x00, 0x00, 0x00, 0x00, 0x00, 0x00, 0x00, 0x00, 0x00,
    0x00, 0x00, 0x00, 0x00, 0x00, 0x00, 0x5c, 0xe7, 0x30, 0xe7, 0x31, 0x9f, 0x45, 0x21, 0xef, 0x65, 0x29, 0xff, 0x65, 0x21, 0xff, 0x65, 0x21, 0xff,
    0x65, 0x29, 0xff, 0x86, 0x29, 0xff, 0xa6, 0x29, 0xff, 0x85, 0x29, 0xff, 0x27, 0x42, 0xff, 0x10, 0xcd, 0xff, 0x77, 0xe6, 0xff, 0x7b, 0xff, 0xff,
    0xb8, 0xee, 0xff, 0xb3, 0xdd, 0xff, 0xf9, 0xfe, 0xff, 0xd8, 0xfe, 0xff, 0xb8, 0xfe, 0xff, 0xb8, 0xfe, 0xff, 0xb8, 0xfe, 0xff, 0xb7, 0xfe, 0xff,
    0xb7, 0xfe, 0xff, 0xb7, 0xfe, 0xff, 0xd8, 0xfe, 0xff, 0xd8, 0xfe, 0xff, 0xd8, 0xfe, 0xff, 0xb7, 0xfe, 0xff, 0x97, 0xfe, 0xff, 0xd8, 0xfe, 0xff,
    0xd8, 0xfe, 0xff, 0xf8, 0xfe, 0xff, 0xb7, 0xfe, 0xbf, 0x1a, 0xef, 0x40, 0x00, 0x00, 0x00, 0x00, 0x00, 0x00, 0x00, 0x00, 0x00, 0x00, 0x00, 0x00,
    0x00, 0x00, 0x00, 0x00, 0x00, 0x00, 0x00, 0x00, 0x00, 0x00, 0x00, 0x00, 0x00, 0x00, 0x00, 0x00, 0x00, 0x00, 0x00, 0x00, 0x00, 0x00, 0x00, 0x00,
    0x00, 0x00, 0x00, 0x00, 0x00, 0x00, 0x00, 0x00, 0x00, 0x00, 0x00, 0x00, 0x00, 0x00, 0x00, 0x00, 0x00, 0x00, 0x00, 0x00, 0x00, 0x00, 0x00, 0x00,
    0x00, 0x00, 0x00, 0x00, 0x00, 0x00, 0x00, 0x00, 0x00, 0x00, 0x00, 0x00, 0x00, 0x00, 0x00, 0xff, 0xff, 0x10, 0xd6, 0xb5, 0x50, 0xe3, 0x10, 0xaf,
    0x65, 0x21, 0xef, 0x65, 0x21, 0xff, 0x65, 0x21, 0xff, 0x65, 0x21, 0xff, 0x86, 0x29, 0xff, 0xa6, 0x29, 0xff, 0xa6, 0x29, 0xff, 0xe6, 0x39, 0xff,
    0x51, 0xcd, 0xff, 0xcf, 0xc4, 0xff, 0x56, 0xe6, 0xff, 0x7b, 0xff, 0xff, 0x5a, 0xff, 0xff, 0xf9, 0xfe, 0xff, 0xd8, 0xfe, 0xff, 0xb8, 0xfe, 0xff,
    0xb8, 0xfe, 0xff, 0xb8, 0xfe, 0xff, 0xb7, 0xfe, 0xff, 0xb7, 0xfe, 0xff, 0xb7, 0xfe, 0xff, 0xb8, 0xfe, 0xff, 0xb8, 0xfe, 0xff, 0xb7, 0xfe, 0xff,
    0xb7, 0xfe, 0xff, 0xb7, 0xfe, 0xff, 0x97, 0xfe, 0xff, 0x96, 0xee, 0xff, 0x14, 0xe6, 0xef, 0x72, 0xd5, 0x9f, 0x1a, 0xef, 0x30, 0x00, 0x00, 0x00,
    0x00, 0x00, 0x00, 0x00, 0x00, 0x00, 0x00, 0x00, 0x00, 0x00, 0x00, 0x00, 0x00, 0x00, 0x00, 0x00, 0x00, 0x00, 0x00, 0x00, 0x00, 0x00, 0x00, 0x00,
    0x00, 0x00, 0x00, 0x00, 0x00, 0x00, 0x00, 0x00, 0x00, 0x00, 0x00, 0x00, 0x00, 0x00, 0x00, 0x00, 0x00, 0x00, 0x00, 0x00, 0x00, 0x00, 0x00, 0x00,
    0x00, 0x00, 0x00, 0x00, 0x00, 0x00, 0x00, 0x00, 0x00, 0x00, 0x00, 0x00, 0x00, 0x00, 0x00, 0x00, 0x00, 0x00, 0x00, 0x00, 0x00, 0x00, 0x00, 0x00,
    0x00, 0x00, 0x00, 0xff, 0xff, 0x10, 0x92, 0x8c, 0x60, 0xc3, 0x10, 0xcf, 0x86, 0x29, 0xff, 0x65, 0x21, 0xff, 0x85, 0x29, 0xff, 0x85, 0x29, 0xff,
    0x86, 0x29, 0xff, 0xa6, 0x29, 0xff, 0xa5, 0x31, 0xff, 0x51, 0xcd, 0xff, 0x11, 0xcd, 0xff, 0x4d, 0xbc, 0xff, 0x72, 0xd5, 0xff, 0x35, 0xe6, 0xff,
    0x56, 0xee, 0xff, 0xb8, 0xfe, 0xff, 0xb7, 0xfe, 0xff, 0xb7, 0xfe, 0xff, 0xd8, 0xfe, 0xff, 0xb8, 0xfe, 0xff, 0xb7, 0xfe, 0xff, 0xb7, 0xfe, 0xff,
    0xb7, 0xfe, 0xff, 0xb7, 0xfe, 0xff, 0xb7, 0xfe, 0xff, 0xb7, 0xfe, 0xff, 0x97, 0xfe, 0xff, 0x97, 0xfe, 0xff, 0x51, 0xdd, 0xef, 0x11, 0xcd, 0xaf,
    0xda, 0xe6, 0x50, 0xff, 0xff, 0x10, 0x00, 0x00, 0x00, 0x00, 0x00, 0x00, 0x00, 0x00, 0x00, 0x00, 0x00, 0x00, 0x00, 0x00, 0x00, 0x00, 0x00, 0x00,
    0x00, 0x00, 0x00, 0x00, 0x00, 0x00, 0x00, 0x00, 0x00, 0x00, 0x00, 0x00, 0x00, 0x00, 0x00, 0x00, 0x00, 0x00, 0x00, 0x00, 0x00, 0x00, 0x00, 0x00,
    0x00, 0x00, 0x00, 0x00, 0x00, 0x00, 0x00, 0x00, 0x00, 0x00, 0x00, 0x00, 0x00, 0x00, 0x00, 0x00, 0x00, 0x00, 0x00, 0x00, 0x00, 0x00, 0x00, 0x00,
    0x00, 0x00, 0x00, 0x00, 0x00, 0x00, 0x00, 0x00, 0x00, 0x00, 0x00, 0x00, 0x00, 0x00, 0x00, 0xff, 0xff, 0x30, 0xeb, 0x52, 0x9f, 0xe3, 0x18, 0xef,
    0x85, 0x29, 0xff, 0x65, 0x29, 0xff, 0x85, 0x29, 0xff, 0x85, 0x29, 0xff, 0x45, 0x21, 0xff, 0xa5, 0x31, 0xff, 0x72, 0xd5, 0xff, 0x51, 0xd5, 0xff,
    0xd0, 0xc4, 0xff, 0x4d, 0xbc, 0xff, 0x0c, 0xbc, 0xff, 0xd3, 0xe5, 0xff, 0xb7, 0xfe, 0xff, 0x97, 0xfe, 0xff, 0xb7, 0xfe, 0xff, 0xb8, 0xfe, 0xff,
    0xb7, 0xfe, 0xff, 0xb7, 0xfe, 0xff, 0xb7, 0xfe, 0xff, 0xb7, 0xfe, 0xff, 0xb7, 0xfe, 0xff, 0xb7, 0xfe, 0xff, 0xb7, 0xfe, 0xff, 0xb7, 0xfe, 0xff,
    0xd8, 0xfe, 0xff, 0x76, 0xfe, 0xcf, 0x3b, 0xff, 0x60, 0xff, 0xff, 0x10, 0x00, 0x00, 0x00, 0x00, 0x00, 0x00, 0x00, 0x00, 0x00, 0x00, 0x00, 0x00,
    0x00, 0x00, 0x00, 0x00, 0x00, 0x00, 0x00, 0x00, 0x00, 0x00, 0x00, 0x00, 0x00, 0x00, 0x00, 0x00, 0x00, 0x00, 0x00, 0x00, 0x00, 0x00, 0x00, 0x00,
    0x00, 0x00, 0x00, 0x00, 0x00, 0x00, 0x00, 0x00, 0x00, 0x00, 0x00, 0x00, 0x00, 0x00, 0x00, 0x00, 0x00, 0x00, 0x00, 0x00, 0x00, 0x00, 0x00, 0x00,
    0x00, 0x00, 0x00, 0x00, 0x00, 0x00, 0x00, 0x00, 0x00, 0x00, 0x00, 0x00, 0x00, 0x00, 0x00, 0x00, 0x00, 0x00, 0x00, 0x00, 0x00, 0x00, 0x00, 0x00,
    0xbd, 0xef, 0x10, 0xfa, 0xd6, 0x50, 0x86, 0x29, 0xaf, 0x65, 0x21, 0xef, 0x65, 0x21, 0xff, 0x65, 0x21, 0xff, 0x65, 0x29, 0xff, 0x03, 0x19, 0xff,
    0x68, 0x52, 0xff, 0xf4, 0xe5, 0xff, 0xb3, 0xdd, 0xff, 0x93, 0xdd, 0xff, 0xd4, 0xe5, 0xff, 0xd3, 0xe5, 0xff, 0xf4, 0xe5, 0xff, 0x76, 0xfe, 0xff,
    0x97, 0xfe, 0xff, 0xb7, 0xfe, 0xff, 0xb8, 0xfe, 0xff, 0xb8, 0xfe, 0xff, 0xb7, 0xfe, 0xff, 0xb8, 0xfe, 0xff, 0xb8, 0xfe, 0xff, 0xd8, 0xfe, 0xff,
    0xd8, 0xfe, 0xff, 0xd8, 0xfe, 0xff, 0x97, 0xfe, 0xff, 0xf8, 0xfe, 0xff, 0x15, 0xe6, 0xbf, 0x78, 0xe6, 0x40, 0x00, 0x00, 0x00, 0x00, 0x00, 0x00,
    0x00, 0x00, 0x00, 0x00, 0x00, 0x00, 0x00, 0x00, 0x00, 0x00, 0x00, 0x00, 0x00, 0x00, 0x00, 0x00, 0x00, 0x00, 0x00, 0x00, 0x00, 0x00, 0x00, 0x00,
    0x00, 0x00, 0x00, 0x00, 0x00, 0x00, 0x00, 0x00, 0x00, 0x00, 0x00, 0x00, 0x00, 0x00, 0x00, 0x00, 0x00, 0x00, 0x00, 0x00, 0x00, 0x00, 0x00, 0x00,
    0x00, 0x00, 0x00, 0x00, 0x00, 0x00, 0x00, 0x00, 0x00, 0x00, 0x00, 0x00, 0x00, 0x00, 0x00, 0x00, 0x00, 0x00, 0x00, 0x00, 0x00, 0x00, 0x00, 0x00,
    0x00, 0x00, 0x00, 0x00, 0x00, 0x00, 0x00, 0x00, 0x00, 0x00, 0x00, 0x00, 0xff, 0xff, 0x10, 0x75, 0xa5, 0x60, 0x45, 0x21, 0xcf, 0x86, 0x29, 0xff,
    0x44, 0x21, 0xff, 0x65, 0x29, 0xff, 0xe3, 0x10, 0xff, 0x4e, 0x9c, 0xff, 0x14, 0xee, 0xff, 0x35, 0xee, 0xff, 0x97, 0xfe, 0xff, 0xb7, 0xfe, 0xff,
    0x55, 0xee, 0xff, 0xb3, 0xdd, 0xff, 0x35, 0xee, 0xff, 0x76, 0xee, 0xff, 0xb7, 0xfe, 0xff, 0xd8, 0xfe, 0xff, 0xb8, 0xfe, 0xff, 0xb8, 0xfe, 0xff,
    0xb8, 0xfe, 0xff, 0xd8, 0xfe, 0xff, 0xd8, 0xfe, 0xff, 0xf8, 0xfe, 0xff, 0xf8, 0xfe, 0xff, 0x93, 0xd5, 0xff, 0x11, 0xcd, 0xff, 0xf0, 0xcc, 0xbf,
    0x1b, 0xe7, 0x40, 0x00, 0x00, 0x00, 0x00, 0x00, 0x00, 0x00, 0x00, 0x00, 0x00, 0x00, 0x00, 0x00, 0x00, 0x00, 0x00, 0x00, 0x00, 0x00, 0x00, 0x00,
    0x00, 0x00, 0x00, 0x00, 0x00, 0x00, 0x00, 0x00, 0x00, 0x00, 0x00, 0x00, 0x00, 0x00, 0x00, 0x00, 0x00, 0x00, 0x00, 0x00, 0x00, 0x00, 0x00, 0x00,
    0x00, 0x00, 0x00, 0x00, 0x00, 0x00, 0x00, 0x00, 0x00, 0x00, 0x00, 0x00, 0x00, 0x00, 0x00, 0x00, 0x00, 0x00, 0x00, 0x00, 0x00, 0x00, 0x00, 0x00,
    0x00, 0x00, 0x00, 0x00, 0x00, 0x00, 0x00, 0x00, 0x00, 0x00, 0x00, 0x00, 0x00, 0x00, 0x00, 0x00, 0x00, 0x00, 0x00, 0x00, 0x00, 0x00, 0x00, 0x00,
    0xff, 0xff, 0x30, 0x4c, 0x5b, 0x9f, 0x44, 0x21, 0xef, 0xa6, 0x31, 0xff, 0x04, 0x19, 0xff, 0x07, 0x42, 0xff, 0x15, 0xde, 0xff, 0xf4, 0xed, 0xff,
    0x76, 0xee, 0xff, 0xb7, 0xfe, 0xff, 0xd8, 0xfe, 0xff, 0xb7, 0xfe, 0xff, 0xb3, 0xdd, 0xff, 0xf4, 0xe5, 0xff, 0x56, 0xe6, 0xff, 0x97, 0xee, 0xff,
    0xb8, 0xfe, 0xff, 0xb8, 0xfe, 0xff, 0xd8, 0xfe, 0xff, 0xd8, 0xfe, 0xff, 0xd8, 0xfe, 0xff, 0xd8, 0xfe, 0xff, 0xd8, 0xfe, 0xff, 0x97, 0xfe, 0xff,
    0x96, 0xfe, 0xff, 0x35, 0xee, 0xff, 0xb3, 0xdd, 0xbf, 0xbd, 0xef, 0x40, 0x00, 0x00, 0x00, 0x00, 0x00, 0x00, 0x00, 0x00, 0x00, 0x00, 0x00, 0x00,
    0x00, 0x00, 0x00, 0x00, 0x00, 0x00, 0x00, 0x00, 0x00, 0x00, 0x00, 0x00, 0x00, 0x00, 0x00, 0x00, 0x00, 0x00, 0x00, 0x00, 0x00, 0x00, 0x00, 0x00,
    0x00, 0x00, 0x00, 0x00, 0x00, 0x00, 0x00, 0x00, 0x00, 0x00, 0x00, 0x00, 0x00, 0x00, 0x00, 0x00, 0x00, 0x00, 0x00, 0x00, 0x00, 0x00, 0x00, 0x00,
    0x00, 0x00, 0x00, 0x00, 0x00, 0x00, 0x00, 0x00, 0x00, 0x00, 0x00, 0x00, 0x00, 0x00, 0x00, 0x00, 0x00, 0x00, 0x00, 0x00, 0x00, 0x00, 0x00, 0x00,
    0x00, 0x00, 0x00, 0x00, 0x00, 0x00, 0x00, 0x00, 0x00, 0xff, 0xff, 0x10, 0x17, 0xbe, 0x60, 0x44, 0x21, 0xcf, 0xa5, 0x31, 0xff, 0x0b, 0x6b, 0xff,
    0x52, 0xbd, 0xff, 0x35, 0xee, 0xff, 0x35, 0xee, 0xff, 0x97, 0xfe, 0xff, 0xd8, 0xfe, 0xff, 0xf9, 0xfe, 0xff, 0xf9, 0xfe, 0xff, 0x15, 0xe6, 0xff,
    0x72, 0xd5, 0xff, 0xf4, 0xdd, 0xff, 0x56, 0xe6, 0xff, 0x97, 0xee, 0xff, 0xb8, 0xee, 0xff, 0xb8, 0xfe, 0xff, 0xd8, 0xfe, 0xff, 0xb8, 0xfe, 0xff,
    0xb8, 0xfe, 0xff, 0x97, 0xfe, 0xff, 0x76, 0xee, 0xff, 0x76, 0xfe, 0xff, 0x14, 0xee, 0xef, 0x16, 0xde, 0x9f, 0xbd, 0xef, 0x30, 0x00, 0x00, 0x00,
    0x00, 0x00, 0x00, 0x00, 0x00, 0x00, 0x00, 0x00, 0x00, 0x00, 0x00, 0x00, 0x00, 0x00, 0x00, 0x00, 0x00, 0x00, 0x00, 0x00, 0x00, 0x00, 0x00, 0x00,
    0x00, 0x00, 0x00, 0x00, 0x00, 0x00, 0x00, 0x00, 0x00, 0x00, 0x00, 0x00, 0x00, 0x00, 0x00, 0x00, 0x00, 0x00, 0x00, 0x00, 0x00, 0x00, 0x00, 0x00,
    0x00, 0x00, 0x00, 0x00, 0x00, 0x00, 0x00, 0x00, 0x00, 0x00, 0x00, 0x00, 0x00, 0x00, 0x00, 0x00, 0x00, 0x00, 0x00, 0x00, 0x00, 0x00, 0x00, 0x00,
    0x00, 0x00, 0x00, 0x00, 0x00, 0x00, 0x00, 0x00, 0x00, 0x00, 0x00, 0x00, 0x00, 0x00, 0x00, 0x00, 0x00, 0x00, 0x00, 0x00, 0x00, 0xbf, 0xff, 0x30,
    0xca, 0x52, 0x9f, 0x2e, 0x9c, 0xef, 0x35, 0xe6, 0xff, 0x35, 0xee, 0xff, 0x35, 0xe6, 0xff, 0x76, 0xee, 0xff, 0xb7, 0xfe, 0xff, 0xf8, 0xfe, 0xff,
    0x19, 0xff, 0xff, 0x19, 0xff, 0xff, 0xb7, 0xfe, 0xff, 0xb3, 0xdd, 0xff, 0x72, 0xd5, 0xff, 0xd3, 0xdd, 0xff, 0x35, 0xe6, 0xff, 0x76, 0xee, 0xff,
    0x97, 0xee, 0xff, 0x97, 0xee, 0xff, 0x97, 0xee, 0xff, 0x76, 0xee, 0xff, 0x76, 0xee, 0xff, 0x76, 0xfe, 0xff, 0x97, 0xfe, 0xff, 0x15, 0xe6, 0xcf,
    0x5c, 0xef, 0x60, 0xbd, 0xef, 0x10, 0x00, 0x00, 0x00, 0x00, 0x00, 0x00, 0x00, 0x00, 0x00, 0x00, 0x00, 0x00, 0x00, 0x00, 0x00, 0x00, 0x00, 0x00,
    0x00, 0x00, 0x00, 0x00, 0x00, 0x00, 0x00, 0x00, 0x00, 0x00, 0x00, 0x00, 0x00, 0x00, 0x00, 0x00, 0x00, 0x00, 0x00, 0x00, 0x00, 0x00, 0x00, 0x00,
    0x00, 0x00, 0x00, 0x00, 0x00, 0x00, 0x00, 0x00, 0x00, 0x00, 0x00, 0x00, 0x00, 0x00, 0x00, 0x00, 0x00, 0x00, 0x00, 0x00, 0x00, 0x00, 0x00, 0x00,
    0x00, 0x00, 0x00, 0x00, 0x00, 0x00, 0x00, 0x00, 0x00, 0x00, 0x00, 0x00, 0x00, 0x00, 0x00, 0x00, 0x00, 0x00, 0x00, 0x00, 0x00, 0x00, 0x00, 0x00,
    0x00, 0x00, 0x00, 0x00, 0x00, 0x00, 0xff, 0xff, 0x10, 0xb9, 0xde, 0x60, 0xd4, 0xdd, 0xcf, 0xf4, 0xe5, 0xff, 0x15, 0xe6, 0xff, 0x56, 0xee, 0xff,
    0x76, 0xee, 0xff, 0xb8, 0xfe, 0xff, 0xf8, 0xfe, 0xff, 0xf9, 0xfe, 0xff, 0x19, 0xff, 0xff, 0xd8, 0xfe, 0xff, 0x15, 0xe6, 0xff, 0x72, 0xd5, 0xff,
    0x52, 0xd5, 0xff, 0x72, 0xd5, 0xff, 0xb3, 0xd5, 0xff, 0xf4, 0xdd, 0xff, 0x35, 0xe6, 0xff, 0x55, 0xee, 0xff, 0x56, 0xee, 0xff, 0x76, 0xee, 0xff,
    0x96, 0xfe, 0xff, 0xb7, 0xfe, 0xff, 0xb7, 0xfe, 0xbf, 0x5c, 0xef, 0x40, 0x00, 0x00, 0x00, 0x00, 0x00, 0x00, 0x00, 0x00, 0x00, 0x00, 0x00, 0x00,
    0x00, 0x00, 0x00, 0x00, 0x00, 0x00, 0x00, 0x00, 0x00, 0x00, 0x00, 0x00, 0x00, 0x00, 0x00, 0x00, 0x00, 0x00, 0x00, 0x00, 0x00, 0x00, 0x00, 0x00,
    0x00, 0x00, 0x00, 0x00, 0x00, 0x00, 0x00, 0x00, 0x00, 0x00, 0x00, 0x00, 0x00, 0x00, 0x00, 0x00, 0x00, 0x00, 0x00, 0x00, 0x00, 0x00, 0x00, 0x00,
    0x00, 0x00, 0x00, 0x00, 0x00, 0x00, 0x00, 0x00, 0x00, 0x00, 0x00, 0x00, 0x00, 0x00, 0x00, 0x00, 0x00, 0x00, 0x00, 0x00, 0x00, 0x00, 0x00, 0x00,
    0x00, 0x00, 0x00, 0x00, 0x00, 0x00, 0x00, 0x00, 0x00, 0x00, 0x00, 0x00, 0x00, 0x00, 0x00, 0x00, 0x00, 0x00, 0x3b, 0xef, 0x40, 0x72, 0xd5, 0xbf,
    0xd4, 0xe5, 0xff, 0x15, 0xe6, 0xff, 0x56, 0xee, 0xff, 0x97, 0xfe, 0xff, 0xb7, 0xfe, 0xff, 0xd8, 0xfe, 0xff, 0x19, 0xff, 0xff, 0x19, 0xff, 0xff,
    0xd8, 0xfe, 0xff, 0x35, 0xee, 0xff, 0x93, 0xdd, 0xff, 0x51, 0xd5, 0xff, 0x51, 0xcd, 0xff, 0x51, 0xcd, 0xff, 0x51, 0xcd, 0xff, 0x72, 0xd5, 0xff,
    0xb3, 0xdd, 0xff, 0xf4, 0xe5, 0xff, 0x55, 0xee, 0xff, 0xb7, 0xfe, 0xff, 0xd8, 0xfe, 0xff, 0x77, 0xee, 0xbf, 0x1b, 0xe7, 0x40, 0x00, 0x00, 0x00,
    0x00, 0x00, 0x00, 0x00, 0x00, 0x00, 0x00, 0x00, 0x00, 0x00, 0x00, 0x00, 0x00, 0x00, 0x00, 0x00, 0x00, 0x00, 0x00, 0x00, 0x00, 0x00, 0x00, 0x00,
    0x00, 0x00, 0x00, 0x00, 0x00, 0x00, 0x00, 0x00, 0x00, 0x00, 0x00, 0x00, 0x00, 0x00, 0x00, 0x00, 0x00, 0x00, 0x00, 0x00, 0x00, 0x00, 0x00, 0x00,
    0x00, 0x00, 0x00, 0x00, 0x00, 0x00, 0x00, 0x00, 0x00, 0x00, 0x00, 0x00, 0x00, 0x00, 0x00, 0x00, 0x00, 0x00, 0x00, 0x00, 0x00, 0x00, 0x00, 0x00,
    0x00, 0x00, 0x00, 0x00, 0x00, 0x00, 0x00, 0x00, 0x00, 0x00, 0x00, 0x00, 0x00, 0x00, 0x00, 0x00, 0x00, 0x00, 0x00, 0x00, 0x00, 0x00, 0x00, 0x00,
    0xbd, 0xef, 0x10, 0xda, 0xde, 0x60, 0x72, 0xd5, 0xcf, 0xd4, 0xe5, 0xff, 0x35, 0xee, 0xff, 0x76, 0xfe, 0xff, 0x97, 0xfe, 0xff, 0xb7, 0xfe, 0xff,
    0xd8, 0xfe, 0xff, 0xf9, 0xfe, 0xff, 0xf9, 0xfe, 0xff, 0xf8, 0xfe, 0xff, 0x55, 0xee, 0xff, 0xd3, 0xe5, 0xff, 0x51, 0xd5, 0xff, 0x10, 0xcd, 0xff,
    0x51, 0xcd, 0xff, 0x51, 0xcd, 0xef, 0x10, 0xc5, 0xcf, 0x10, 0xc5, 0xbf, 0xf0, 0xc4, 0xcf, 0x10, 0xcd, 0xef, 0x92, 0xdd, 0xff, 0xb3, 0xdd, 0xef,
    0xf5, 0xd5, 0x9f, 0x9d, 0xef, 0x30, 0x00, 0x00, 0x00, 0x00, 0x00, 0x00, 0x00, 0x00, 0x00, 0x00, 0x00, 0x00, 0x00, 0x00, 0x00, 0x00, 0x00, 0x00,
    0x00, 0x00, 0x00, 0x00, 0x00, 0x00, 0x00, 0x00, 0x00, 0x00, 0x00, 0x00, 0x00, 0x00, 0x00, 0x00, 0x00, 0x00, 0x00, 0x00, 0x00, 0x00, 0x00, 0x00,
    0x00, 0x00, 0x00, 0x00, 0x00, 0x00, 0x00, 0x00, 0x00, 0x00, 0x00, 0x00, 0x00, 0x00, 0x00, 0x00, 0x00, 0x00, 0x00, 0x00, 0x00, 0x00, 0x00, 0x00,
    0x00, 0x00, 0x00, 0x00, 0x00, 0x00, 0x00, 0x00, 0x00, 0x00, 0x00, 0x00, 0x00, 0x00, 0x00, 0x00, 0x00, 0x00, 0x00, 0x00, 0x00, 0x00, 0x00, 0x00,
    0x00, 0x00, 0x00, 0x00, 0x00, 0x00, 0x00, 0x00, 0x00, 0xfd, 0xef, 0x30, 0x98, 0xde, 0x9f, 0x72, 0xdd, 0xef, 0xf4, 0xe5, 0xff, 0x56, 0xee, 0xff,
    0x97, 0xfe, 0xff, 0xd8, 0xfe, 0xff, 0xd8, 0xfe, 0xff, 0xf8, 0xfe, 0xff, 0xf9, 0xfe, 0xff, 0xf9, 0xfe, 0xff, 0xd8, 0xfe, 0xff, 0x56, 0xfe, 0xff,
    0xf4, 0xe5, 0xff, 0xd3, 0xdd, 0xff, 0x51, 0xcd, 0xff, 0xf0, 0xc4, 0xef, 0x52, 0xc5, 0xaf, 0x1b, 0xe7, 0x60, 0x3b, 0xe7, 0x40, 0xb9, 0xde, 0x60,
    0x57, 0xde, 0x9f, 0x16, 0xd6, 0xbf, 0x57, 0xde, 0x9f, 0x7d, 0xef, 0x50, 0xbd, 0xef, 0x10, 0x00, 0x00, 0x00, 0x00, 0x00, 0x00, 0x00, 0x00, 0x00,
    0x00, 0x00, 0x00, 0x00, 0x00, 0x00, 0x00, 0x00, 0x00, 0x00, 0x00, 0x00, 0x00, 0x00, 0x00, 0x00, 0x00, 0x00, 0x00, 0x00, 0x00, 0x00, 0x00, 0x00,
    0x00, 0x00, 0x00, 0x00, 0x00, 0x00, 0x00, 0x00, 0x00, 0x00, 0x00, 0x00, 0x00, 0x00, 0x00, 0x00, 0x00, 0x00, 0x00, 0x00, 0x00, 0x00, 0x00, 0x00,
    0x00, 0x00, 0x00, 0x00, 0x00, 0x00, 0x00, 0x00, 0x00, 0x00, 0x00, 0x00, 0x00, 0x00, 0x00, 0x00, 0x00, 0x00, 0x00, 0x00, 0x00, 0x00, 0x00, 0x00,
    0x00, 0x00, 0x00, 0x00, 0x00, 0x00, 0x00, 0x00, 0x00, 0x00, 0x00, 0x00, 0x00, 0x00, 0x00, 0x00, 0x00, 0x00, 0xbd, 0xef, 0x40, 0x57, 0xde, 0xbf,
    0x92, 0xe5, 0xff, 0x15, 0xee, 0xff, 0x97, 0xee, 0xff, 0xd8, 0xfe, 0xff, 0xf8, 0xfe, 0xff, 0xf9, 0xfe, 0xff, 0xf9, 0xfe, 0xff, 0xf9, 0xfe, 0xff,
    0xf9, 0xfe, 0xff, 0xf8, 0xfe, 0xff, 0x97, 0xfe, 0xff, 0x15, 0xe6, 0xff, 0x35, 0xee, 0xff, 0xd4, 0xdd, 0xff, 0xf0, 0xc4, 0xcf, 0x78, 0xde, 0x60,
    0xff, 0xff, 0x10, 0x00, 0x00, 0x00, 0xff, 0xff, 0x10, 0xff, 0xff, 0x30, 0xff, 0xff, 0x40, 0xfd, 0xef, 0x30, 0xbd, 0xef, 0x10, 0x00, 0x00, 0x00,
    0x00, 0x00, 0x00, 0x00, 0x00, 0x00, 0x00, 0x00, 0x00, 0x00, 0x00, 0x00, 0x00, 0x00, 0x00, 0x00, 0x00, 0x00, 0x00, 0x00, 0x00, 0x00, 0x00, 0x00,
    0x00, 0x00, 0x00, 0x00, 0x00, 0x00, 0x00, 0x00, 0x00, 0x00, 0x00, 0x00, 0x00, 0x00, 0x00, 0x00, 0x00, 0x00, 0x00, 0x00, 0x00, 0x00, 0x00, 0x00,
    0x00, 0x00, 0x00, 0x00, 0x00, 0x00, 0x00, 0x00, 0x00, 0x00, 0x00, 0x00, 0x00, 0x00, 0x00, 0x00, 0x00, 0x00, 0x00, 0x00, 0x00, 0x00, 0x00, 0x00,
    0x00, 0x00, 0x00, 0x00, 0x00, 0x00, 0x00, 0x00, 0x00, 0x00, 0x00, 0x00, 0x00, 0x00, 0x00, 0x00, 0x00, 0x00, 0x00, 0x00, 0x00, 0x00, 0x00, 0x00,
    0x00, 0x00, 0x00, 0xbd, 0xef, 0x40, 0xf5, 0xdd, 0xbf, 0xd3, 0xe5, 0xff, 0x56, 0xee, 0xff, 0xb8, 0xfe, 0xff, 0xf9, 0xfe, 0xff, 0x19, 0xff, 0xff,
    0x19, 0xff, 0xff, 0xf9, 0xfe, 0xff, 0xf9, 0xfe, 0xff, 0xf9, 0xfe, 0xff, 0x19, 0xff, 0xff, 0xd8, 0xfe, 0xff, 0x36, 0xe6, 0xff, 0x56, 0xee, 0xff,
    0x35, 0xe6, 0xff, 0x52, 0xcd, 0xbf, 0x1b, 0xe7, 0x40, 0x00, 0x00, 0x00, 0x00, 0x00, 0x00, 0x00, 0x00, 0x00, 0x00, 0x00, 0x00, 0x00, 0x00, 0x00,
    0x00, 0x00, 0x00, 0x00, 0x00, 0x00, 0x00, 0x00, 0x00, 0x00, 0x00, 0x00, 0x00, 0x00, 0x00, 0x00, 0x00, 0x00, 0x00, 0x00, 0x00, 0x00, 0x00, 0x00,
    0x00, 0x00, 0x00, 0x00, 0x00, 0x00, 0x00, 0x00, 0x00, 0x00, 0x00, 0x00, 0x00, 0x00, 0x00, 0x00, 0x00, 0x00, 0x00, 0x00, 0x00, 0x00, 0x00, 0x00,
    0x00, 0x00, 0x00, 0x00, 0x00, 0x00, 0x00, 0x00, 0x00, 0x00, 0x00, 0x00, 0x00, 0x00, 0x00, 0x00, 0x00, 0x00, 0x00, 0x00, 0x00, 0x00, 0x00, 0x00,
    0x00, 0x00, 0x00, 0x00, 0x00, 0x00, 0x00, 0x00, 0x00, 0x00, 0x00, 0x00, 0x00, 0x00, 0x00, 0x00, 0x00, 0x00, 0x00, 0x00, 0x00, 0x00, 0x00, 0x00,
    0x00, 0x00, 0x00, 0x00, 0x00, 0x00, 0x00, 0x00, 0x00, 0x00, 0x00, 0x00, 0x5c, 0xe7, 0x40, 0xd4, 0xdd, 0xbf, 0x35, 0xee, 0xff, 0x97, 0xee, 0xff,
    0xf9, 0xfe, 0xff, 0x19, 0xff, 0xff, 0x1a, 0xff, 0xff, 0x19, 0xff, 0xff, 0xf9, 0xfe, 0xff, 0xf9, 0xfe, 0xff, 0xf9, 0xfe, 0xff, 0x19, 0xff, 0xff,
    0xf9, 0xfe, 0xff, 0x56, 0xee, 0xff, 0x56, 0xee, 0xff, 0x76, 0xee, 0xff, 0xd4, 0xdd, 0xbf, 0x5c, 0xe7, 0x40, 0x00, 0x00, 0x00, 0x00, 0x00, 0x00,
    0x00, 0x00, 0x00, 0x00, 0x00, 0x00, 0x00, 0x00, 0x00, 0x00, 0x00, 0x00, 0x00, 0x00, 0x00, 0x00, 0x00, 0x00, 0x00, 0x00, 0x00, 0x00, 0x00, 0x00,
    0x00, 0x00, 0x00, 0x00, 0x00, 0x00, 0x00, 0x00, 0x00, 0x00, 0x00, 0x00, 0x00, 0x00, 0x00, 0x00, 0x00, 0x00, 0x00, 0x00, 0x00, 0x00, 0x00, 0x00,
    0x00, 0x00, 0x00, 0x00, 0x00, 0x00, 0x00, 0x00, 0x00, 0x00, 0x00, 0x00, 0x00, 0x00, 0x00, 0x00, 0x00, 0x00, 0x00, 0x00, 0x00, 0x00, 0x00, 0x00,
    0x00, 0x00, 0x00, 0x00, 0x00, 0x00, 0x00, 0x00, 0x00, 0x00, 0x00, 0x00, 0x00, 0x00, 0x00, 0x00, 0x00, 0x00, 0x00, 0x00, 0x00, 0x00, 0x00, 0x00,
    0x00, 0x00, 0x00, 0x00, 0x00, 0x00, 0x00, 0x00, 0x00, 0x00, 0x00, 0x00, 0x00, 0x00, 0x00, 0x00, 0x00, 0x00, 0xff, 0xff, 0x10, 0x1a, 0xff, 0x60,
    0x35, 0xfe, 0xcf, 0xd7, 0xfe, 0xff, 0xf8, 0xfe, 0xff, 0x3a, 0xff, 0xff, 0x5a, 0xff, 0xff, 0x3a, 0xff, 0xff, 0x3a, 0xff, 0xff, 0x19, 0xff, 0xff,
    0xf9, 0xfe, 0xff, 0xf9, 0xfe, 0xff, 0xf9, 0xfe, 0xff, 0xf8, 0xfe, 0xff, 0x76, 0xee, 0xff, 0x35, 0xe6, 0xff, 0x35, 0xee, 0xef, 0x16, 0xde, 0x9f,
    0x9d, 0xef, 0x30, 0x00, 0x00, 0x00, 0x00, 0x00, 0x00, 0x00, 0x00, 0x00, 0x00, 0x00, 0x00, 0x00, 0x00, 0x00, 0x00, 0x00, 0x00, 0x00, 0x00, 0x00,
    0x00, 0x00, 0x00, 0x00, 0x00, 0x00, 0x00, 0x00, 0x00, 0x00, 0x00, 0x00, 0x00, 0x00, 0x00, 0x00, 0x00, 0x00, 0x00, 0x00, 0x00, 0x00, 0x00, 0x00,
    0x00, 0x00, 0x00, 0x00, 0x00, 0x00, 0x00, 0x00, 0x00, 0x00, 0x00, 0x00, 0x00, 0x00, 0x00, 0x00, 0x00, 0x00, 0x00, 0x00, 0x00, 0x00, 0x00, 0x00,
    0x00, 0x00, 0x00, 0x00, 0x00, 0x00, 0x00, 0x00, 0x00, 0x00, 0x00, 0x00, 0x00, 0x00, 0x00, 0x00, 0x00, 0x00, 0x00, 0x00, 0x00, 0x00, 0x00, 0x00,
    0x00, 0x00, 0x00, 0x00, 0x00, 0x00, 0x00, 0x00, 0x00, 0x00, 0x00, 0x00, 0x00, 0x00, 0x00, 0x00, 0x00, 0x00, 0x00, 0x00, 0x00, 0x00, 0x00, 0x00,
    0xbd, 0xef, 0x10, 0x97, 0xb6, 0x50, 0x73, 0x76, 0xaf, 0x73, 0x76, 0xef, 0x73, 0x76, 0xff, 0x73, 0x76, 0xff, 0x75, 0xae, 0xff, 0xb8, 0xc6, 0xff,
    0x5b, 0xe7, 0xff, 0x9c, 0xff, 0xff, 0x5a, 0xff, 0xff, 0xd8, 0xfe, 0xff, 0xd8, 0xfe, 0xff, 0xd8, 0xfe, 0xff, 0xd7, 0xfe, 0xff, 0x76, 0xfe, 0xff,
    0x35, 0xee, 0xff, 0xf4, 0xe5, 0xcf, 0xda, 0xde, 0x60, 0xfd, 0xef, 0x10, 0x00, 0x00, 0x00, 0x00, 0x00, 0x00, 0x00, 0x00, 0x00, 0x00, 0x00, 0x00,
    0x00, 0x00, 0x00, 0x00, 0x00, 0x00, 0x00, 0x00, 0x00, 0x00, 0x00, 0x00, 0x00, 0x00, 0x00, 0x00, 0x00, 0x00, 0x00, 0x00, 0x00, 0x00, 0x00, 0x00,
    0x00, 0x00, 0x00, 0x00, 0x00, 0x00, 0x00, 0x00, 0x00, 0x00, 0x00, 0x00, 0x00, 0x00, 0x00, 0x00, 0x00, 0x00, 0x00, 0x00, 0x00, 0x00, 0x00, 0x00,
    0x00, 0x00, 0x00, 0x00, 0x00, 0x00, 0x00, 0x00, 0x00, 0x00, 0x00, 0x00, 0x00, 0x00, 0x00, 0x00, 0x00, 0x00, 0x00, 0x00, 0x00, 0x00, 0x00, 0x00,
    0x00, 0x00, 0x00, 0x00, 0x00, 0x00, 0x00, 0x00, 0x00, 0x00, 0x00, 0x00, 0x00, 0x00, 0x00, 0x00, 0x00, 0x00, 0x00, 0x00, 0x00, 0x00, 0x00, 0x00,
    0x00, 0x00, 0x00, 0x00, 0x00, 0x00, 0xff, 0xff, 0x10, 0xd8, 0xbe, 0x50, 0x6e, 0x45, 0xaf, 0xf0, 0x55, 0xef, 0x31, 0x56, 0xff, 0x31, 0x56, 0xff,
    0x31, 0x5e, 0xff, 0x31, 0x5e, 0xff, 0x32, 0x66, 0xff, 0x32, 0x6e, 0xff, 0x73, 0x76, 0xff, 0xf9, 0xce, 0xff, 0x39, 0xff, 0xff, 0xd7, 0xfe, 0xff,
    0xb7, 0xfe, 0xff, 0xd7, 0xfe, 0xff, 0x96, 0xfe, 0xff, 0x14, 0xee, 0xff, 0x15, 0xde, 0xbf, 0x9d, 0xef, 0x40, 0x00, 0x00, 0x00, 0x00, 0x00, 0x00,
    0x00, 0x00, 0x00, 0x00, 0x00, 0x00, 0x00, 0x00, 0x00, 0x00, 0x00, 0x00, 0x00, 0x00, 0x00, 0x00, 0x00, 0x00, 0x00, 0x00, 0x00, 0x00, 0x00, 0x00,
    0x00, 0x00, 0x00, 0x00, 0x00, 0x00, 0x00, 0x00, 0x00, 0x00, 0x00, 0x00, 0x00, 0x00, 0x00, 0x00, 0x00, 0x00, 0x00, 0x00, 0x00, 0x00, 0x00, 0x00,
    0x00, 0x00, 0x00, 0x00, 0x00, 0x00, 0x00, 0x00, 0x00, 0x00, 0x00, 0x00, 0x00, 0x00, 0x00, 0x00, 0x00, 0x00, 0x00, 0x00, 0x00, 0x00, 0x00, 0x00,
    0x00, 0x00, 0x00, 0x00, 0x00, 0x00, 0x00, 0x00, 0x00, 0x00, 0x00, 0x00, 0x00, 0x00, 0x00, 0x00, 0x00, 0x00, 0x00, 0x00, 0x00, 0x00, 0x00, 0x00,
    0x00, 0x00, 0x00, 0x00, 0x00, 0x00, 0x00, 0x00, 0x00, 0x00, 0x00, 0x00, 0x00, 0x00, 0x00, 0xbd, 0xef, 0x30, 0xf2, 0x6d, 0x9f, 0xf1, 0x5d, 0xef,
    0x32, 0x6e, 0xff, 0x32, 0x6e, 0xff, 0x32, 0x6e, 0xff, 0x32, 0x6e, 0xff, 0xf2, 0x65, 0xff, 0xf1, 0x65, 0xff, 0xf1, 0x65, 0xff, 0xf1, 0x65, 0xff,
    0xf1, 0x65, 0xff, 0x73, 0x76, 0xff, 0xd8, 0xd6, 0xff, 0x18, 0xff, 0xff, 0xd7, 0xfe, 0xff, 0xd7, 0xfe, 0xff, 0x34, 0xee, 0xff, 0x77, 0xe6, 0xbf,
    0xff, 0xff, 0x40, 0x00, 0x00, 0x00, 0x00, 0x00, 0x00, 0x00, 0x00, 0x00, 0x00, 0x00, 0x00, 0x00, 0x00, 0x00, 0x00, 0x00, 0x00, 0x00, 0x00, 0x00,
    0x00, 0x00, 0x00, 0x00, 0x00, 0x00, 0x00, 0x00, 0x00, 0x00, 0x00, 0x00, 0x00, 0x00, 0x00, 0x00, 0x00, 0x00, 0x00, 0x00, 0x00, 0x00, 0x00, 0x00,
    0x00, 0x00, 0x00, 0x00, 0x00, 0x00, 0x00, 0x00, 0x00, 0x00, 0x00, 0x00, 0x00, 0x00, 0x00, 0x00, 0x00, 0x00, 0x00, 0x00, 0x00, 0x00, 0x00, 0x00,
    0x00, 0x00, 0x00, 0x00, 0x00, 0x00, 0x00, 0x00, 0x00, 0x00, 0x00, 0x00, 0x00, 0x00, 0x00, 0x00, 0x00, 0x00, 0x00, 0x00, 0x00, 0x00, 0x00, 0x00,
    0x00, 0x00, 0x00, 0x00, 0x00, 0x00, 0x00, 0x00, 0x00, 0x00, 0x00, 0x00, 0x00, 0x00, 0x00, 0x00, 0x00, 0x00, 0x00, 0x00, 0x00, 0xff, 0xff, 0x10,
    0xb7, 0xb6, 0x60, 0xf1, 0x5d, 0xcf, 0x32, 0x6e, 0xff, 0x32, 0x6e, 0xff, 0x32, 0x6e, 0xff, 0x32, 0x6e, 0xff, 0x32, 0x6e, 0xff, 0x32, 0x6e, 0xff,
    0x32, 0x6e, 0xff, 0x32, 0x6e, 0xff, 0x32, 0x6e, 0xff, 0xf1, 0x65, 0xff, 0xb0, 0x55, 0xff, 0x32, 0x6e, 0xff, 0x75, 0xae, 0xff, 0x39, 0xff, 0xff,
    0x19, 0xff, 0xff, 0x35, 0xe6, 0xff, 0x98, 0xe6, 0xbf, 0xfd, 0xef, 0x40, 0x00, 0x00, 0x00, 0x00, 0x00, 0x00, 0x00, 0x00, 0x00, 0x00, 0x00, 0x00,
    0x00, 0x00, 0x00, 0x00, 0x00, 0x00, 0x00, 0x00, 0x00, 0x00, 0x00, 0x00, 0x00, 0x00, 0x00, 0x00, 0x00, 0x00, 0x00, 0x00, 0x00, 0x00, 0x00, 0x00,
    0x00, 0x00, 0x00, 0x00, 0x00, 0x00, 0x00, 0x00, 0x00, 0x00, 0x00, 0x00, 0x00, 0x00, 0x00, 0x00, 0x00, 0x00, 0x00, 0x00, 0x00, 0x00, 0x00, 0x00,
    0x00, 0x00, 0x00, 0x00, 0x00, 0x00, 0x00, 0x00, 0x00, 0x00, 0x00, 0x00, 0x00, 0x00, 0x00, 0x00, 0x00, 0x00, 0x00, 0x00, 0x00, 0x00, 0x00, 0x00,
    0x00, 0x00, 0x00, 0x00, 0x00, 0x00, 0x00, 0x00, 0x00, 0x00, 0x00, 0x00, 0x00, 0x00, 0x00, 0x00, 0x00, 0x00, 0x00, 0x00, 0x00, 0x00, 0x00, 0x00,
    0x00, 0x00, 0x00, 0x00, 0x00, 0x00, 0xbf, 0xff, 0x30, 0x73, 0x76, 0x9f, 0x32, 0x66, 0xef, 0xf1, 0x65, 0xff, 0xf1, 0x65, 0xff, 0x32, 0x6e, 0xff,
    0x32, 0x6e, 0xff, 0x32, 0x6e, 0xff, 0x32, 0x6e, 0xff, 0x32, 0x6e, 0xff, 0x32, 0x6e, 0xff, 0x32, 0x6e, 0xff, 0x73, 0x6e, 0xff, 0x32, 0x6e, 0xff,
    0x32, 0x6e, 0xff, 0xf1, 0x65, 0xff, 0x73, 0x76, 0xff, 0xd9, 0xce, 0xff, 0xb7, 0xfe, 0xff, 0x98, 0xe6, 0xbf, 0xfd, 0xef, 0x40, 0x00, 0x00, 0x00,
    0x00, 0x00, 0x00, 0x00, 0x00, 0x00, 0x00, 0x00, 0x00, 0x00, 0x00, 0x00, 0x00, 0x00, 0x00, 0x00, 0x00, 0x00, 0x00, 0x00, 0x00, 0x00, 0x00, 0x00,
    0x00, 0x00, 0x00, 0x00, 0x00, 0x00, 0x00, 0x00, 0x00, 0x00, 0x00, 0x00, 0x00, 0x00, 0x00, 0x00, 0x00, 0x00, 0x00, 0x00, 0x00, 0x00, 0x00, 0x00,
    0x00, 0x00, 0x00, 0x00, 0x00, 0x00, 0x00, 0x00, 0x00, 0x00, 0x00, 0x00, 0x00, 0x00, 0x00, 0x00, 0x00, 0x00, 0x00, 0x00, 0x00, 0x00, 0x00, 0x00,
    0x00, 0x00, 0x00, 0x00, 0x00, 0x00, 0x00, 0x00, 0x00, 0x00, 0x00, 0x00, 0x00, 0x00, 0x00, 0x00, 0x00, 0x00, 0x00, 0x00, 0x00, 0x00, 0x00, 0x00,
    0x00, 0x00, 0x00, 0x00, 0x00, 0x00, 0x00, 0x00, 0x00, 0x00, 0x00, 0x00, 0xff, 0xff, 0x10, 0xb8, 0xbe, 0x60, 0xf1, 0x5d, 0xcf, 0x32, 0x6e, 0xff,
    0xf1, 0x65, 0xff, 0x32, 0x6e, 0xff, 0x32, 0x6e, 0xff, 0x32, 0x6e, 0xff, 0x32, 0x6e, 0xff, 0x32, 0x6e, 0xff, 0x32, 0x6e, 0xff, 0x73, 0x6e, 0xff,
    0x73, 0x6e, 0xff, 0x73, 0x6e, 0xff, 0x73, 0x76, 0xff, 0x73, 0x76, 0xff, 0x73, 0x76, 0xff, 0x32, 0x6e, 0xff, 0x32, 0x6e, 0xff, 0x34, 0xa6, 0xff,
    0x97, 0xe6, 0xcf, 0x9d, 0xff, 0x60, 0x9d, 0xef, 0x10, 0x00, 0x00, 0x00, 0x00, 0x00, 0x00, 0x00, 0x00, 0x00, 0x00, 0x00, 0x00, 0x00, 0x00, 0x00,
    0x00, 0x00, 0x00, 0x00, 0x00, 0x00, 0x00, 0x00, 0x00, 0x00, 0x00, 0x00, 0x00, 0x00, 0x00, 0x00, 0x00, 0x00, 0x00, 0x00, 0x00, 0x00, 0x00, 0x00,
    0x00, 0x00, 0x00, 0x00, 0x00, 0x00, 0x00, 0x00, 0x00, 0x00, 0x00, 0x00, 0x00, 0x00, 0x00, 0x00, 0x00, 0x00, 0x00, 0x00, 0x00, 0x00, 0x00, 0x00,
    0x00, 0x00, 0x00, 0x00, 0x00, 0x00, 0x00, 0x00, 0x00, 0x00, 0x00, 0x00, 0x00, 0x00, 0x00, 0x00, 0x00, 0x00, 0x00, 0x00, 0x00, 0x00, 0x00, 0x00,
    0x00, 0x00, 0x00, 0x00, 0x00, 0x00, 0x00, 0x00, 0x00, 0x00, 0x00, 0x00, 0x00, 0x00, 0x00, 0x00, 0x00, 0x00, 0x00, 0x00, 0x00, 0xbd, 0xef, 0x30,
    0x32, 0x6e, 0x9f, 0xf1, 0x65, 0xef, 0x32, 0x6e, 0xff, 0x32, 0x6e, 0xff, 0x32, 0x6e, 0xff, 0x32, 0x6e, 0xff, 0x32, 0x6e, 0xff, 0x32, 0x6e, 0xff,
    0x32, 0x6e, 0xff, 0x32, 0x6e, 0xff, 0x73, 0x6e, 0xff, 0x73, 0x6e, 0xff, 0x73, 0x6e, 0xff, 0x73, 0x76, 0xff, 0x73, 0x76, 0xff, 0x73, 0x76, 0xff,
    0x73, 0x76, 0xff, 0x32, 0x6e, 0xff, 0xf1, 0x5d, 0xff, 0xf2, 0x6d, 0xef, 0x98, 0xc6, 0xaf, 0xff, 0xff, 0x50, 0x9d, 0xef, 0x10, 0x00, 0x00, 0x00,
    0x00, 0x00, 0x00, 0x00, 0x00, 0x00, 0x00, 0x00, 0x00, 0x00, 0x00, 0x00, 0x00, 0x00, 0x00, 0x00, 0x00, 0x00, 0x00, 0x00, 0x00, 0x00, 0x00, 0x00,
    0x00, 0x00, 0x00, 0x00, 0x00, 0x00, 0x00, 0x00, 0x00, 0x00, 0x00, 0x00, 0x00, 0x00, 0x00, 0x00, 0x00, 0x00, 0x00, 0x00, 0x00, 0x00, 0x00, 0x00,
    0x00, 0x00, 0x00, 0x00, 0x00, 0x00, 0x00, 0x00, 0x00, 0x00, 0x00, 0x00, 0x00, 0x00, 0x00, 0x00, 0x00, 0x00, 0x00, 0x00, 0x00, 0x00, 0x00, 0x00,
    0x00, 0x00, 0x00, 0x00, 0x00, 0x00, 0x00, 0x00, 0x00, 0x00, 0x00, 0x00, 0x00, 0x00, 0x00, 0x00, 0x00, 0x00, 0x00, 0x00, 0x00, 0x00, 0x00, 0x00,
    0x00, 0x00, 0x00, 0xff, 0xff, 0x10, 0xb7, 0xb6, 0x60, 0xb0, 0x4d, 0xcf, 0xf1, 0x65, 0xff, 0xf1, 0x65, 0xff, 0x32, 0x6e, 0xff, 0x32, 0x6e, 0xff,
    0x32, 0x6e, 0xff, 0x32, 0x6e, 0xff, 0x32, 0x6e, 0xff, 0x73, 0x6e, 0xff, 0x32, 0x6e, 0xff, 0x73, 0x6e, 0xff, 0x73, 0x6e, 0xff, 0x73, 0x76, 0xff,
    0x73, 0x76, 0xff, 0x73, 0x76, 0xff, 0x73, 0x76, 0xff, 0x73, 0x6e, 0xff, 0x73, 0x6e, 0xff, 0x32, 0x6e, 0xff, 0xf1, 0x5d, 0xff, 0xf1, 0x65, 0xef,
    0x73, 0x76, 0xaf, 0x9c, 0xe7, 0x50, 0xbd, 0xef, 0x10, 0x00, 0x00, 0x00, 0x00, 0x00, 0x00, 0x00, 0x00, 0x00, 0x00, 0x00, 0x00, 0x00, 0x00, 0x00,
    0x00, 0x00, 0x00, 0x00, 0x00, 0x00, 0x00, 0x00, 0x00, 0x00, 0x00, 0x00, 0x00, 0x00, 0x00, 0x00, 0x00, 0x00, 0x00, 0x00, 0x00, 0x00, 0x00, 0x00,
    0x00, 0x00, 0x00, 0x00, 0x00, 0x00, 0x00, 0x00, 0x00, 0x00, 0x00, 0x00, 0x00, 0x00, 0x00, 0x00, 0x00, 0x00, 0x00, 0x00, 0x00, 0x00, 0x00, 0x00,
    0x00, 0x00, 0x00, 0x00, 0x00, 0x00, 0x00, 0x00, 0x00, 0x00, 0x00, 0x00, 0x00, 0x00, 0x00, 0x00, 0x00, 0x00, 0x00, 0x00, 0x00, 0x00, 0x00, 0x00,
    0x00, 0x00, 0x00, 0x00, 0x00, 0x00, 0x00, 0x00, 0x00, 0x00, 0x00, 0x00, 0xbd, 0xef, 0x30, 0xf2, 0x6d, 0x9f, 0xb0, 0x4d, 0xef, 0xf1, 0x65, 0xff,
    0xf1, 0x65, 0xff, 0x32, 0x6e, 0xff, 0x32, 0x6e, 0xff, 0x32, 0x6e, 0xff, 0x73, 0x6e, 0xff, 0x73, 0x6e, 0xff, 0x73, 0x6e, 0xff, 0x73, 0x6e, 0xff,
    0x73, 0x6e, 0xff, 0x73, 0x6e, 0xff, 0x73, 0x76, 0xff, 0x73, 0x76, 0xff, 0x73, 0x76, 0xff, 0x73, 0x76, 0xff, 0x73, 0x76, 0xff, 0x73, 0x6e, 0xff,
    0x73, 0x6e, 0xff, 0x32, 0x6e, 0xff, 0xf1, 0x65, 0xff, 0xb0, 0x4d, 0xef, 0x73, 0x76, 0xaf, 0xbd, 0xef, 0x50, 0xbd, 0xef, 0x10, 0x00, 0x00, 0x00,
    0x00, 0x00, 0x00, 0x00, 0x00, 0x00, 0x00, 0x00, 0x00, 0x00, 0x00, 0x00, 0x00, 0x00, 0x00, 0x00, 0x00, 0x00, 0x00, 0x00, 0x00, 0x00, 0x00, 0x00,
    0x00, 0x00, 0x00, 0x00, 0x00, 0x00, 0x00, 0x00, 0x00, 0x00, 0x00, 0x00, 0x00, 0x00, 0x00, 0x00, 0x00, 0x00, 0x00, 0x00, 0x00, 0x00, 0x00, 0x00,
    0x00, 0x00, 0x00, 0x00, 0x00, 0x00, 0x00, 0x00, 0x00, 0x00, 0x00, 0x00, 0x00, 0x00, 0x00, 0x00, 0x00, 0x00, 0x00, 0x00, 0x00, 0x00, 0x00, 0x00,
    0x00, 0x00, 0x00, 0x00, 0x00, 0x00, 0x00, 0x00, 0x00, 0x00, 0x00, 0x00, 0x00, 0x00, 0x00, 0x00, 0x00, 0x00, 0xbf, 0xff, 0x10, 0xd8, 0xbe, 0x60,
    0x6e, 0x45, 0xcf, 0xb0, 0x5d, 0xff, 0xb0, 0x55, 0xff, 0xf1, 0x65, 0xff, 0xf1, 0x65, 0xff, 0x32, 0x6e, 0xff, 0x32, 0x6e, 0xff, 0x32, 0x6e, 0xff,
    0x32, 0x6e, 0xff, 0x72, 0x6e, 0xff, 0x72, 0x6e, 0xff, 0x73, 0x6e, 0xff, 0x73, 0x6e, 0xff, 0x73, 0x6e, 0xff, 0x73, 0x76, 0xff, 0x73, 0x76, 0xff,
    0x73, 0x76, 0xff, 0x73, 0x76, 0xff, 0x73, 0x6e, 0xff, 0x73, 0x6e, 0xff, 0x72, 0x6e, 0xff, 0x32, 0x6e, 0xff, 0x32, 0x6e, 0xff, 0x6e, 0x45, 0xef,
    0x97, 0xa6, 0x9f, 0xff, 0xff, 0x30, 0x00, 0x00, 0x00, 0x00, 0x00, 0x00, 0x00, 0x00, 0x00, 0x00, 0x00, 0x00, 0x00, 0x00, 0x00, 0x00, 0x00, 0x00,
    0x00, 0x00, 0x00, 0x00, 0x00, 0x00, 0x00, 0x00, 0x00, 0x00, 0x00, 0x00, 0x00, 0x00, 0x00, 0x00, 0x00, 0x00, 0x00, 0x00, 0x00, 0x00, 0x00, 0x00,
    0x00, 0x00, 0x00, 0x00, 0x00, 0x00, 0x00, 0x00, 0x00, 0x00, 0x00, 0x00, 0x00, 0x00, 0x00, 0x00, 0x00, 0x00, 0x00, 0x00, 0x00, 0x00, 0x00, 0x00,
    0x00, 0x00, 0x00, 0x00, 0x00, 0x00, 0x00, 0x00, 0x00, 0x00, 0x00, 0x00, 0x00, 0x00, 0x00, 0x00, 0x00, 0x00, 0x00, 0x00, 0x00, 0x00, 0x00, 0x00,
    0x00, 0x00, 0x00, 0xff, 0xff, 0x30, 0x32, 0x6e, 0x9f, 0x6e, 0x45, 0xef, 0xb0, 0x55, 0xff, 0xb0, 0x55, 0xff, 0xf1, 0x65, 0xff, 0xf1, 0x65, 0xff,
    0xf1, 0x65, 0xff, 0x32, 0x6e, 0xff, 0x72, 0x6e, 0xff, 0x73, 0x6e, 0xff, 0x73, 0x6e, 0xff, 0x73, 0x6e, 0xff, 0x73, 0x6e, 0xff, 0x73, 0x6e, 0xff,
    0x73, 0x6e, 0xff, 0x73, 0x6e, 0xff, 0x73, 0x6e, 0xff, 0x73, 0x76, 0xff, 0x73, 0x76, 0xff, 0x73, 0x6e, 0xff, 0x73, 0x6e, 0xff, 0x73, 0x6e, 0xff,
    0x72, 0x6e, 0xff, 0x73, 0x6e, 0xff, 0x73, 0x6e, 0xff, 0x32, 0x6e, 0xbf, 0xbf, 0xff, 0x40, 0x00, 0x00, 0x00, 0x00, 0x00, 0x00, 0x00, 0x00, 0x00,
    0x00, 0x00, 0x00, 0x00, 0x00, 0x00, 0x00, 0x00, 0x00, 0x00, 0x00, 0x00, 0x00, 0x00, 0x00, 0x00, 0x00, 0x00, 0x00, 0x00, 0x00, 0x00, 0x00, 0x00,
    0x00, 0x00, 0x00, 0x00, 0x00, 0x00, 0x00, 0x00, 0x00, 0x00, 0x00, 0x00, 0x00, 0x00, 0x00, 0x00, 0x00, 0x00, 0x00, 0x00, 0x00, 0x00, 0x00, 0x00,
    0x00, 0x00, 0x00, 0x00, 0x00, 0x00, 0x00, 0x00, 0x00, 0x00, 0x00, 0x00, 0x00, 0x00, 0x00, 0x00, 0x00, 0x00, 0x00, 0x00, 0x00, 0x00, 0x00, 0x00,
    0x00, 0x00, 0x00, 0x00, 0x00, 0x00, 0x00, 0x00, 0x00, 0x00, 0x00, 0x00, 0x5b, 0xdf, 0x40, 0x6f, 0x4d, 0xbf, 0xb0, 0x4d, 0xff, 0xb0, 0x55, 0xff,
    0xb0, 0x55, 0xff, 0xf1, 0x65, 0xff, 0xf1, 0x65, 0xff, 0x32, 0x6e, 0xff, 0x72, 0x6e, 0xff, 0x32, 0x6e, 0xff, 0x72, 0x6e, 0xff, 0x72, 0x6e, 0xff,
    0x72, 0x6e, 0xff, 0x73, 0x6e, 0xff, 0x73, 0x6e, 0xff, 0x73, 0x6e, 0xff, 0x73, 0x6e, 0xff, 0x73, 0x6e, 0xff, 0x73, 0x6e, 0xff, 0x73, 0x6e, 0xff,
    0x73, 0x6e, 0xff, 0x73, 0x6e, 0xff, 0x32, 0x6e, 0xff, 0x73, 0x6e, 0xff, 0x73, 0x6e, 0xff, 0x73, 0x76, 0xff, 0x32, 0x6e, 0xcf, 0xb7, 0xb6, 0x60,
    0xff, 0xff, 0x10, 0x00, 0x00, 0x00, 0x00, 0x00, 0x00, 0x00, 0x00, 0x00, 0x00, 0x00, 0x00, 0x00, 0x00, 0x00, 0x00, 0x00, 0x00, 0x00, 0x00, 0x00,
    0x00, 0x00, 0x00, 0x00, 0x00, 0x00, 0x00, 0x00, 0x00, 0x00, 0x00, 0x00, 0x00, 0x00, 0x00, 0x00, 0x00, 0x00, 0x00, 0x00, 0x00, 0x00, 0x00, 0x00,
    0x00, 0x00, 0x00, 0x00, 0x00, 0x00, 0x00, 0x00, 0x00, 0x00, 0x00, 0x00, 0x00, 0x00, 0x00, 0x00, 0x00, 0x00, 0x00, 0x00, 0x00, 0x00, 0x00, 0x00,
    0x00, 0x00, 0x00, 0x00, 0x00, 0x00, 0x00, 0x00, 0x00, 0x00, 0x00, 0x00, 0x00, 0x00, 0x00, 0x00, 0x00, 0x00, 0xff, 0xff, 0x10, 0x76, 0xae, 0x60,
    0x6e, 0x45, 0xcf, 0xb0, 0x55, 0xff, 0xb0, 0x55, 0xff, 0xb0, 0x55, 0xff, 0xb0, 0x55, 0xff, 0x32, 0x66, 0xff, 0x32, 0x6e, 0xff, 0x32, 0x6e, 0xff,
    0x32, 0x6e, 0xff, 0x72, 0x6e, 0xff, 0x73, 0x6e, 0xff, 0x72, 0x6e, 0xff, 0x73, 0x6e, 0xff, 0x73, 0x6e, 0xff, 0x73, 0x6e, 0xff, 0x73, 0x6e, 0xff,
    0x73, 0x6e, 0xff, 0x73, 0x6e, 0xff, 0x73, 0x6e, 0xff, 0x73, 0x6e, 0xff, 0x73, 0x6e, 0xff, 0x73, 0x6e, 0xff, 0x73, 0x6e, 0xff, 0x73, 0x6e, 0xff,
    0x73, 0x76, 0xff, 0x73, 0x76, 0xef, 0x32, 0x6e, 0xaf, 0x7c, 0xe7, 0x50, 0xbd, 0xef, 0x10, 0x00, 0x00, 0x00, 0x00, 0x00, 0x00, 0x00, 0x00, 0x00,
    0x00, 0x00, 0x00, 0x00, 0x00, 0x00, 0x00, 0x00, 0x00, 0x00, 0x00, 0x00, 0x00, 0x00, 0x00, 0x00, 0x00, 0x00, 0x00, 0x00, 0x00, 0x00, 0x00, 0x00,
    0x00, 0x00, 0x00, 0x00, 0x00, 0x00, 0x00, 0x00, 0x00, 0x00, 0x00, 0x00, 0x00, 0x00, 0x00, 0x00, 0x00, 0x00, 0x00, 0x00, 0x00, 0x00, 0x00, 0x00,
    0x00, 0x00, 0x00, 0x00, 0x00, 0x00, 0x00, 0x00, 0x00, 0x00, 0x00, 0x00, 0x00, 0x00, 0x00, 0x00, 0x00, 0x00, 0x00, 0x00, 0x00, 0x00, 0x00, 0x00,
    0x00, 0x00, 0x00, 0xff, 0xff, 0x30, 0x32, 0x6e, 0x9f, 0xaf, 0x45, 0xef, 0xf1, 0x5d, 0xff, 0xb0, 0x55, 0xff, 0xb0, 0x55, 0xff, 0xf1, 0x5d, 0xff,
    0xf1, 0x65, 0xff, 0x32, 0x66, 0xff, 0x32, 0x6e, 0xff, 0x32, 0x6e, 0xff, 0x72, 0x6e, 0xff, 0x73, 0x6e, 0xff, 0x73, 0x6e, 0xff, 0x73, 0x6e, 0xff,
    0x73, 0x6e, 0xff, 0x73, 0x6e, 0xff, 0x73, 0x6e, 0xff, 0x73, 0x6e, 0xff, 0x72, 0x6e, 0xff, 0x72, 0x6e, 0xff, 0x32, 0x6e, 0xff, 0x32, 0x6e, 0xff,
    0x73, 0x6e, 0xff, 0x73, 0x6e, 0xff, 0x73, 0x6e, 0xff, 0x73, 0x6e, 0xff, 0x73, 0x76, 0xff, 0x32, 0x6e, 0xef, 0x73, 0x76, 0x9f, 0xff, 0xff, 0x30,
    0x00, 0x00, 0x00, 0x00, 0x00, 0x00, 0x00, 0x00, 0x00, 0x00, 0x00, 0x00, 0x00, 0x00, 0x00, 0x00, 0x00, 0x00, 0x00, 0x00, 0x00, 0x00, 0x00, 0x00,
    0x00, 0x00, 0x00, 0x00, 0x00, 0x00, 0x00, 0x00, 0x00, 0x00, 0x00, 0x00, 0x00, 0x00, 0x00, 0x00, 0x00, 0x00, 0x00, 0x00, 0x00, 0x00, 0x00, 0x00,
    0x00, 0x00, 0x00, 0x00, 0x00, 0x00, 0x00, 0x00, 0x00, 0x00, 0x00, 0x00, 0x00, 0x00, 0x00, 0x00, 0x00, 0x00, 0x00, 0x00, 0x00, 0x00, 0x00, 0x00,
    0x00, 0x00, 0x00, 0x00, 0x00, 0x00, 0x00, 0x00, 0x00, 0x00, 0x00, 0x00, 0x7c, 0xe7, 0x40, 0xb0, 0x55, 0xbf, 0xb0, 0x4d, 0xff, 0xb0, 0x55, 0xff,
    0xb0, 0x55, 0xff, 0xb0, 0x55, 0xff, 0xf1, 0x5d, 0xff, 0xf1, 0x65, 0xff, 0xf1, 0x65, 0xff, 0x32, 0x6e, 0xff, 0x32, 0x6e, 0xff, 0x32, 0x6e, 0xff,
    0x72, 0x6e, 0xff, 0x72, 0x6e, 0xff, 0x73, 0x6e, 0xff, 0x73, 0x6e, 0xff, 0x73, 0x6e, 0xff, 0x73, 0x6e, 0xff, 0x73, 0x6e, 0xff, 0x73, 0x6e, 0xff,
    0x32, 0x6e, 0xff, 0x32, 0x6e, 0xff, 0x32, 0x6e, 0xff, 0x73, 0x6e, 0xff, 0x73, 0x6e, 0xff, 0x73, 0x6e, 0xff, 0x73, 0x6e, 0xff, 0x73, 0x6e, 0xff,
    0x73, 0x76, 0xff, 0x32, 0x6e, 0xcf, 0x5a, 0xd7, 0x60, 0xfd, 0xef, 0x10, 0x00, 0x00, 0x00, 0x00, 0x00, 0x00, 0x00, 0x00, 0x00, 0x00, 0x00, 0x00,
    0x00, 0x00, 0x00, 0x00, 0x00, 0x00, 0x00, 0x00, 0x00, 0x00, 0x00, 0x00, 0x00, 0x00, 0x00, 0x00, 0x00, 0x00, 0x00, 0x00, 0x00, 0x00, 0x00, 0x00,
    0x00, 0x00, 0x00, 0x00, 0x00, 0x00, 0x00, 0x00, 0x00, 0x00, 0x00, 0x00, 0x00, 0x00, 0x00, 0x00, 0x00, 0x00, 0x00, 0x00, 0x00, 0x00, 0x00, 0x00,
    0x00, 0x00, 0x00, 0x00, 0x00, 0x00, 0x00, 0x00, 0x00, 0x00, 0x00, 0x00, 0x00, 0x00, 0x00, 0x00, 0x00, 0x00, 0xff, 0xff, 0x10, 0xd8, 0xc6, 0x60,
    0x4d, 0x3d, 0xcf, 0xb0, 0x4d, 0xff, 0x6f, 0x4d, 0xff, 0x6f, 0x4d, 0xff, 0xb0, 0x4d, 0xff, 0xb0, 0x55, 0xff, 0xf1, 0x65, 0xff, 0xf1, 0x65, 0xff,
    0x32, 0x6e, 0xff, 0x32, 0x6e, 0xff, 0x32, 0x6e, 0xff, 0x32, 0x6e, 0xff, 0x32, 0x6e, 0xff, 0x72, 0x6e, 0xff, 0x72, 0x6e, 0xff, 0x73, 0x6e, 0xff,
    0x73, 0x6e, 0xff, 0x73, 0x6e, 0xff, 0x73, 0x6e, 0xff, 0x32, 0x6e, 0xff, 0x32, 0x6e, 0xff, 0x32, 0x6e, 0xff, 0x32, 0x6e, 0xff, 0x32, 0x6e, 0xff,
    0x32, 0x6e, 0xff, 0x73, 0x6e, 0xff, 0x73, 0x6e, 0xff, 0x73, 0x6e, 0xff, 0x72, 0x6e, 0xef, 0x73, 0x76, 0x9f, 0xfd, 0xef, 0x30, 0x00, 0x00, 0x00,
    0x00, 0x00, 0x00, 0x00, 0x00, 0x00, 0x00, 0x00, 0x00, 0x00, 0x00, 0x00, 0x00, 0x00, 0x00, 0x00, 0x00, 0x00, 0x00, 0x00, 0x00, 0x00, 0x00, 0x00,
    0x00, 0x00, 0x00, 0x00, 0x00, 0x00, 0x00, 0x00, 0x00, 0x00, 0x00, 0x00, 0x00, 0x00, 0x00, 0x00, 0x00, 0x00, 0x00, 0x00, 0x00, 0x00, 0x00, 0x00,
    0x00, 0x00, 0x00, 0x00, 0x00, 0x00, 0x00, 0x00, 0x00, 0x00, 0x00, 0x00, 0x00, 0x00, 0x00, 0x00, 0x00, 0x00, 0x00, 0x00, 0x00, 0x00, 0x00, 0x00,
    0x00, 0x00, 0x00, 0xff, 0xff, 0x30, 0x73, 0x76, 0x9f, 0x4d, 0x3d, 0xef, 0x6f, 0x4d, 0xff, 0x6f, 0x4d, 0xff, 0x6f, 0x4d, 0xff, 0xb0, 0x4d, 0xff,
    0xb0, 0x55, 0xff, 0xf1, 0x65, 0xff, 0xf1, 0x65, 0xff, 0x32, 0x6e, 0xff, 0x32, 0x6e, 0xff, 0x32, 0x6e, 0xff, 0x32, 0x6e, 0xff, 0x32, 0x6e, 0xff,
    0x72, 0x6e, 0xff, 0x72, 0x6e, 0xff, 0x73, 0x6e, 0xff, 0x73, 0x6e, 0xff, 0x73, 0x6e, 0xff, 0x72, 0x6e, 0xff, 0x32, 0x6e, 0xff, 0x32, 0x6e, 0xff,
    0x32, 0x6e, 0xff, 0x32, 0x6e, 0xff, 0x32, 0x6e, 0xff, 0x32, 0x6e, 0xff, 0x32, 0x6e, 0xff, 0x73, 0x6e, 0xff, 0x32, 0x6e, 0xff, 0x73, 0x6e, 0xff,
    0xf1, 0x65, 0xcf, 0xf8, 0xc6, 0x60, 0xff, 0xff, 0x10, 0x00, 0x00, 0x00, 0x00, 0x00, 0x00, 0x00, 0x00, 0x00, 0x00, 0x00, 0x00, 0x00, 0x00, 0x00,
    0x00, 0x00, 0x00, 0x00, 0x00, 0x00, 0x00, 0x00, 0x00, 0x00, 0x00, 0x00, 0x00, 0x00, 0x00, 0x00, 0x00, 0x00, 0x00, 0x00, 0x00, 0x00, 0x00, 0x00,
    0x00, 0x00, 0x00, 0x00, 0x00, 0x00, 0x00, 0x00, 0x00, 0x00, 0x00, 0x00, 0x00, 0x00, 0x00, 0x00, 0x00, 0x00, 0x00, 0x00, 0x00, 0x00, 0x00, 0x00,
    0x00, 0x00, 0x00, 0x00, 0x00, 0x00, 0x00, 0x00, 0x00, 0x00, 0x00, 0x00, 0xff, 0xff, 0x40, 0x32, 0x6e, 0xbf, 0x4d, 0x3d, 0xff, 0x6f, 0x4d, 0xff,
    0x6f, 0x4d, 0xff, 0x6e, 0x45, 0xff, 0x6f, 0x4d, 0xff, 0xb0, 0x55, 0xff, 0xb0, 0x55, 0xff, 0xf1, 0x65, 0xff, 0x32, 0x66, 0xff, 0x32, 0x6e, 0xff,
    0x32, 0x6e, 0xff, 0x72, 0x6e, 0xff, 0x32, 0x6e, 0xff, 0x72, 0x6e, 0xff, 0x72, 0x6e, 0xff, 0x72, 0x6e, 0xff, 0x72, 0x6e, 0xff, 0x72, 0x6e, 0xff,
    0x32, 0x6e, 0xff, 0x32, 0x6e, 0xff, 0xf1, 0x65, 0xff, 0x32, 0x6e, 0xff, 0xf1, 0x65, 0xff, 0x32, 0x6e, 0xff, 0x32, 0x6e, 0xff, 0x32, 0x6e, 0xff,
    0x32, 0x6e, 0xff, 0x32, 0x6e, 0xff, 0x32, 0x6e, 0xff, 0x72, 0x6e, 0xef, 0x73, 0x76, 0x9f, 0xbd, 0xef, 0x30, 0x00, 0x00, 0x00, 0x00, 0x00, 0x00,
    0x00, 0x00, 0x00, 0x00, 0x00, 0x00, 0x00, 0x00, 0x00, 0x00, 0x00, 0x00, 0x00, 0x00, 0x00, 0x00, 0x00, 0x00, 0x00, 0x00, 0x00, 0x00, 0x00, 0x00,
    0x00, 0x00, 0x00, 0x00, 0x00, 0x00, 0x00, 0x00, 0x00, 0x00, 0x00, 0x00, 0x00, 0x00, 0x00, 0x00, 0x00, 0x00, 0x00, 0x00, 0x00, 0x00, 0x00, 0x00,
    0x00, 0x00, 0x00, 0x00, 0x00, 0x00, 0x00, 0x00, 0x00, 0x00, 0x00, 0x00, 0x00, 0x00, 0x00, 0x00, 0x00, 0x00, 0x00, 0x00, 0x00, 0x9d, 0xef, 0x40,
    0xb1, 0x65, 0xbf, 0x6e, 0x45, 0xff, 0x6e, 0x45, 0xff, 0x4e, 0x45, 0xff, 0x6f, 0x4d, 0xff, 0x6f, 0x4d, 0xff, 0x6f, 0x4d, 0xff, 0xb0, 0x55, 0xff,
    0xf1, 0x65, 0xff, 0xf1, 0x65, 0xff, 0x32, 0x6e, 0xff, 0x32, 0x6e, 0xff, 0x72, 0x6e, 0xff, 0x72, 0x6e, 0xff, 0x72, 0x6e, 0xff, 0x72, 0x6e, 0xff,
    0x72, 0x6e, 0xff, 0x72, 0x6e, 0xff, 0x72, 0x6e, 0xff, 0x32, 0x6e, 0xff, 0x32, 0x6e, 0xff, 0xf1, 0x65, 0xff, 0xf1, 0x65, 0xff, 0xf1, 0x65, 0xff,
    0xf1, 0x65, 0xff, 0x32, 0x6e, 0xff, 0x32, 0x6e, 0xff, 0x32, 0x6e, 0xff, 0x32, 0x6e, 0xff, 0x32, 0x6e, 0xff, 0x73, 0x76, 0xff, 0x32, 0x6e, 0xcf,
    0xb7, 0xb6, 0x60, 0xff, 0xff, 0x10, 0x00, 0x00, 0x00, 0x00, 0x00, 0x00, 0x00, 0x00, 0x00, 0x00, 0x00, 0x00, 0x00, 0x00, 0x00, 0x00, 0x00, 0x00,
    0x00, 0x00, 0x00, 0x00, 0x00, 0x00, 0x00, 0x00, 0x00, 0x00, 0x00, 0x00, 0x00, 0x00, 0x00, 0x00, 0x00, 0x00, 0x00, 0x00, 0x00, 0x00, 0x00, 0x00,
    0x00, 0x00, 0x00, 0x00, 0x00, 0x00, 0x00, 0x00, 0x00, 0x00, 0x00, 0x00, 0x00, 0x00, 0x00, 0x00, 0x00, 0x00, 0x00, 0x00, 0x00, 0x00, 0x00, 0x00,
    0x00, 0x00, 0x00, 0x00, 0x00, 0x00, 0x3b, 0xdf, 0x40, 0x6f, 0x55, 0xbf, 0x6e, 0x45, 0xff, 0x4e, 0x45, 0xff, 0x4e, 0x45, 0xff, 0x6f, 0x4d, 0xff,
    0x6f, 0x4d, 0xff, 0x6f, 0x4d, 0xff, 0xb0, 0x5d, 0xff, 0xf1, 0x65, 0xff, 0xf1, 0x65, 0xff, 0x32, 0x6e, 0xff, 0x32, 0x6e, 0xff, 0x32, 0x6e, 0xff,
    0x32, 0x6e, 0xff, 0x32, 0x6e, 0xff, 0x72, 0x6e, 0xff, 0x72, 0x6e, 0xff, 0x32, 0x6e, 0xff, 0x32, 0x6e, 0xff, 0x32, 0x6e, 0xff, 0x32, 0x66, 0xff,
    0xf1, 0x65, 0xff, 0xf1, 0x65, 0xff, 0xf1, 0x65, 0xff, 0xf1, 0x65, 0xff, 0xf1, 0x65, 0xff, 0x32, 0x6e, 0xff, 0x32, 0x6e, 0xff, 0x32, 0x6e, 0xff,
    0x32, 0x6e, 0xff, 0x73, 0x6e, 0xff, 0x73, 0x6e, 0xef, 0x73, 0x76, 0xaf, 0x9d, 0xef, 0x50, 0xbd, 0xef, 0x10, 0x00, 0x00, 0x00, 0x00, 0x00, 0x00,
    0x00, 0x00, 0x00, 0x00, 0x00, 0x00, 0x00, 0x00, 0x00, 0x00, 0x00, 0x00, 0x00, 0x00, 0x00, 0x00, 0x00, 0x00, 0x00, 0x00, 0x00, 0x00, 0x00, 0x00,
    0x00, 0x00, 0x00, 0x00, 0x00, 0x00, 0x00, 0x00, 0x00, 0x00, 0x00, 0x00, 0x00, 0x00, 0x00, 0x00, 0x00, 0x00, 0x00, 0x00, 0x00, 0x00, 0x00, 0x00,
    0x00, 0x00, 0x00, 0x00, 0x00, 0x00, 0x00, 0x00, 0x00, 0x00, 0x00, 0x00, 0x00, 0x00, 0x00, 0x19, 0xcf, 0x40, 0x6e, 0x45, 0xbf, 0x6f, 0x4d, 0xff,
    0x4e, 0x45, 0xff, 0x4e, 0x45, 0xff, 0x6f, 0x4d, 0xff, 0x6e, 0x45, 0xff, 0x6f, 0x4d, 0xff, 0xf1, 0x65, 0xff, 0xf1, 0x65, 0xff, 0xf1, 0x65, 0xff,
    0x32, 0x6e, 0xff, 0x32, 0x6e, 0xff, 0x32, 0x6e, 0xff, 0x32, 0x6e, 0xff, 0x32, 0x6e, 0xff, 0x72, 0x6e, 0xff, 0x32, 0x6e, 0xff, 0x32, 0x6e, 0xff,
    0x32, 0x6e, 0xff, 0x32, 0x6e, 0xff, 0xf1, 0x65, 0xff, 0xf1, 0x65, 0xff, 0xf1, 0x5d, 0xff, 0xf1, 0x65, 0xff, 0xb0, 0x55, 0xff, 0xf1, 0x65, 0xff,
    0x32, 0x6e, 0xff, 0x32, 0x6e, 0xff, 0x32, 0x6e, 0xff, 0x32, 0x6e, 0xff, 0x73, 0x6e, 0xff, 0x73, 0x76, 0xff, 0x32, 0x6e, 0xef, 0x96, 0xae, 0x9f,
    0xff, 0xff, 0x30, 0x00, 0x00, 0x00, 0x00, 0x00, 0x00, 0x00, 0x00, 0x00, 0x00, 0x00, 0x00, 0x00, 0x00, 0x00, 0x00, 0x00, 0x00, 0x00, 0x00, 0x00,
    0x00, 0x00, 0x00, 0x00, 0x00, 0x00, 0x00, 0x00, 0x00, 0x00, 0x00, 0x00, 0x00, 0x00, 0x00, 0x00, 0x00, 0x00, 0x00, 0x00, 0x00, 0x00, 0x00, 0x00,
    0x00, 0x00, 0x00, 0x00, 0x00, 0x00, 0x00, 0x00, 0x00, 0x00, 0x00, 0x00, 0x00, 0x00, 0x00, 0x00, 0x00, 0x00, 0x00, 0x00, 0x00, 0xff, 0xff, 0x20,
    0x96, 0xae, 0x60, 0x4d, 0x3d, 0xcf, 0x4e, 0x4d, 0xff, 0xcd, 0x44, 0xff, 0xcd, 0x44, 0xff, 0x6f, 0x4d, 0xff, 0x4e, 0x45, 0xff, 0xb0, 0x4d, 0xff,
    0xf1, 0x65, 0xff, 0xf1, 0x65, 0xff, 0xf1, 0x65, 0xff, 0x32, 0x66, 0xff, 0x32, 0x6e, 0xff, 0x32, 0x6e, 0xff, 0x32, 0x6e, 0xff, 0x32, 0x6e, 0xff,
    0x32, 0x6e, 0xff, 0x32, 0x6e, 0xff, 0x32, 0x6e, 0xff, 0x32, 0x6e, 0xff, 0x32, 0x6e, 0xff, 0xf1, 0x65, 0xff, 0xf1, 0x65, 0xff, 0xb0, 0x55, 0xff,
    0xf1, 0x65, 0xff, 0xb0, 0x55, 0xff, 0xf1, 0x65, 0xff, 0x32, 0x6e, 0xff, 0x32, 0x6e, 0xff, 0x32, 0x6e, 0xff, 0x32, 0x6e, 0xff, 0x73, 0x6e, 0xff,
    0x73, 0x6e, 0xff, 0x73, 0x6e, 0xff, 0x73, 0x76, 0xbf, 0x9d, 0xef, 0x40, 0x00, 0x00, 0x00, 0x00, 0x00, 0x00, 0x00, 0x00, 0x00, 0x00, 0x00, 0x00,
    0x00, 0x00, 0x00, 0x00, 0x00, 0x00, 0x00, 0x00, 0x00, 0x00, 0x00, 0x00, 0x00, 0x00, 0x00, 0x00, 0x00, 0x00, 0x00, 0x00, 0x00, 0x00, 0x00, 0x00,
    0x00, 0x00, 0x00, 0x00, 0x00, 0x00, 0x00, 0x00, 0x00, 0x00, 0x00, 0x00, 0x00, 0x00, 0x00, 0x00, 0x00, 0x00, 0x00, 0x00, 0x00, 0x00, 0x00, 0x00,
    0x00, 0x00, 0x00, 0x00, 0x00, 0x00, 0xbf, 0xff, 0x60, 0x73, 0x76, 0x9f, 0xcc, 0x34, 0xef, 0x4e, 0x4d, 0xff, 0x8c, 0x3c, 0xff, 0xcd, 0x3c, 0xff,
    0x4e, 0x45, 0xff, 0x4e, 0x45, 0xff, 0xb0, 0x55, 0xff, 0xf1, 0x65, 0xff, 0xf1, 0x65, 0xff, 0xf1, 0x65, 0xff, 0x32, 0x66, 0xff, 0x32, 0x6e, 0xff,
    0x32, 0x6e, 0xff, 0x32, 0x6e, 0xff, 0x32, 0x6e, 0xff, 0x32, 0x6e, 0xff, 0x32, 0x6e, 0xff, 0x32, 0x6e, 0xff, 0x32, 0x6e, 0xff, 0x32, 0x6e, 0xff,
    0xf1, 0x65, 0xff, 0xf1, 0x65, 0xff, 0xb0, 0x55, 0xff, 0xb0, 0x55, 0xff, 0xb0, 0x55, 0xff, 0xf1, 0x65, 0xff, 0x32, 0x6e, 0xff, 0x32, 0x6e, 0xff,
    0x32, 0x6e, 0xff, 0x32, 0x6e, 0xff, 0x73, 0x6e, 0xff, 0x73, 0x6e, 0xff, 0x73, 0x6e, 0xff, 0x32, 0x66, 0xcf, 0xd8, 0xbe, 0x60, 0xff, 0xff, 0x10,
    0x00, 0x00, 0x00, 0x00, 0x00, 0x00, 0x00, 0x00, 0x00, 0x00, 0x00, 0x00, 0x00, 0x00, 0x00, 0x00, 0x00, 0x00, 0x00, 0x00, 0x00, 0x00, 0x00, 0x00,
    0x00, 0x00, 0x00, 0x00, 0x00, 0x00, 0x00, 0x00, 0x00, 0x00, 0x00, 0x00, 0x00, 0x00, 0x00, 0x00, 0x00, 0x00, 0x00, 0x00, 0x00, 0x00, 0x00, 0x00,
    0x00, 0x00, 0x00, 0x00, 0x00, 0x00, 0x00, 0x00, 0x00, 0x00, 0x00, 0x00, 0x00, 0x00, 0x00, 0xff, 0xff, 0x80, 0x73, 0x76, 0xbf, 0xcc, 0x34, 0xff,
    0xcd, 0x44, 0xff, 0x8c, 0x3c, 0xff, 0xcd, 0x3c, 0xff, 0x4e, 0x45, 0xff, 0x4e, 0x45, 0xff, 0xb0, 0x55, 0xff, 0xf1, 0x65, 0xff, 0xf1, 0x65, 0xff,
    0xf1, 0x65, 0xff, 0xf1, 0x65, 0xff, 0x32, 0x6e, 0xff, 0x32, 0x6e, 0xff, 0x32, 0x6e, 0xff, 0x32, 0x6e, 0xff, 0x32, 0x6e, 0xff, 0x32, 0x6e, 0xff,
    0x32, 0x6e, 0xff, 0x32, 0x6e, 0xff, 0x32, 0x6e, 0xff, 0x32, 0x66, 0xff, 0xf1, 0x65, 0xff, 0xb0, 0x55, 0xff, 0xb0, 0x55, 0xff, 0xb0, 0x55, 0xff,
    0xb0, 0x55, 0xff, 0xf1, 0x65, 0xff, 0x32, 0x6e, 0xff, 0x32, 0x6e, 0xff, 0x32, 0x6e, 0xff, 0x32, 0x6e, 0xff, 0x32, 0x6e, 0xff, 0x73, 0x6e, 0xff,
    0x32, 0x66, 0xef, 0x73, 0x76, 0x9f, 0xbd, 0xef, 0x30, 0x00, 0x00, 0x00, 0x00, 0x00, 0x00, 0x00, 0x00, 0x00, 0x00, 0x00, 0x00, 0x00, 0x00, 0x00,
    0x00, 0x00, 0x00, 0x00, 0x00, 0x00, 0x00, 0x00, 0x00, 0x00, 0x00, 0x00, 0x00, 0x00, 0x00, 0x00, 0x00, 0x00, 0x00, 0x00, 0x00, 0x00, 0x00, 0x00,
    0x00, 0x00, 0x00, 0x00, 0x00, 0x00, 0x00, 0x00, 0x00, 0x00, 0x00, 0x00, 0x00, 0x00, 0x00, 0x00, 0x00, 0x00, 0x00, 0x00, 0x00, 0x00, 0x00, 0x00,
    0xff, 0xff, 0x80, 0x32, 0x6e, 0xbf, 0xcc, 0x2c, 0xff, 0x8c, 0x3c, 0xff, 0x4b, 0x34, 0xff, 0x8c, 0x3c, 0xff, 0x4d, 0x3d, 0xff, 0x4e, 0x45, 0xff,
    0xb0, 0x55, 0xff, 0xf1, 0x5d, 0xff, 0xf1, 0x5d, 0xff, 0xf1, 0x65, 0xff, 0x32, 0x66, 0xff, 0x32, 0x6e, 0xff, 0x32, 0x6e, 0xff, 0x32, 0x6e, 0xff,
    0x32, 0x6e, 0xff, 0x32, 0x6e, 0xff, 0x32, 0x6e, 0xff, 0x32, 0x6e, 0xff, 0x32, 0x6e, 0xff, 0x32, 0x6e, 0xff, 0x32, 0x66, 0xff, 0xf1, 0x65, 0xff,
    0xf1, 0x5d, 0xff, 0xb0, 0x55, 0xff, 0xb0, 0x4d, 0xff, 0xb0, 0x55, 0xff, 0xf1, 0x65, 0xff, 0x32, 0x6e, 0xff, 0x32, 0x6e, 0xff, 0x32, 0x6e, 0xff,
    0x32, 0x6e, 0xff, 0x32, 0x6e, 0xff, 0x32, 0x6e, 0xff, 0x72, 0x6e, 0xff, 0x32, 0x66, 0xcf, 0x3a, 0xcf, 0x60, 0xbf, 0xff, 0x10, 0x00, 0x00, 0x00,
    0x00, 0x00, 0x00, 0x00, 0x00, 0x00, 0x00, 0x00, 0x00, 0x00, 0x00, 0x00, 0x00, 0x00, 0x00, 0x00, 0x00, 0x00, 0x00, 0x00, 0x00, 0x00, 0x00, 0x00,
    0x00, 0x00, 0x00, 0x00, 0x00, 0x00, 0x00, 0x00, 0x00, 0x00, 0x00, 0x00, 0x00, 0x00, 0x00, 0x00, 0x00, 0x00, 0x00, 0x00, 0x00, 0x00, 0x00, 0x00,
    0x00, 0x00, 0x00, 0x00, 0x00, 0x00, 0x00, 0x00, 0x00, 0xff, 0xff, 0x80, 0x32, 0x6e, 0xbf, 0x4d, 0x35, 0xff, 0xcd, 0x44, 0xff, 0x0a, 0x34, 0xff,
    0x8c, 0x3c, 0xff, 0xcd, 0x44, 0xff, 0x4e, 0x45, 0xff, 0x6f, 0x55, 0xff, 0xb0, 0x55, 0xff, 0xb0, 0x55, 0xff, 0xf1, 0x65, 0xff, 0x32, 0x66, 0xff,
    0x32, 0x66, 0xff, 0x32, 0x66, 0xff, 0x32, 0x6e, 0xff, 0x32, 0x6e, 0xff, 0x32, 0x6e, 0xff, 0x32, 0x6e, 0xff, 0x32, 0x6e, 0xff, 0x32, 0x6e, 0xff,
    0x32, 0x6e, 0xff, 0x32, 0x66, 0xff, 0xf1, 0x65, 0xff, 0xf1, 0x65, 0xff, 0xb0, 0x55, 0xff, 0x6f, 0x4d, 0xff, 0xb0, 0x55, 0xff, 0xf1, 0x65, 0xff,
    0x32, 0x6e, 0xff, 0x32, 0x6e, 0xff, 0x32, 0x6e, 0xff, 0x32, 0x6e, 0xff, 0x32, 0x6e, 0xff, 0x32, 0x6e, 0xff, 0x32, 0x6e, 0xff, 0xf1, 0x5d, 0xef,
    0x73, 0x76, 0x9f, 0xff, 0xff, 0x30, 0x00, 0x00, 0x00, 0x00, 0x00, 0x00, 0x00, 0x00, 0x00, 0x00, 0x00, 0x00, 0x00, 0x00, 0x00, 0x00, 0x00, 0x00,
    0x00, 0x00, 0x00, 0x00, 0x00, 0x00, 0x00, 0x00, 0x00, 0x00, 0x00, 0x00, 0x00, 0x00, 0x00, 0x00, 0x00, 0x00, 0x00, 0x00, 0x00, 0x00, 0x00, 0x00,
    0x00, 0x00, 0x00, 0x00, 0x00, 0x00, 0x00, 0x00, 0x00, 0x00, 0x00, 0x00, 0x00, 0x00, 0x00, 0x00, 0x00, 0x00, 0xff, 0xff, 0x80, 0x32, 0x6e, 0xbf,
    0x4d, 0x35, 0xff, 0x4e, 0x45, 0xff, 0x0a, 0x2c, 0xff, 0x4b, 0x34, 0xff, 0xcd, 0x44, 0xff, 0x4e, 0x45, 0xff, 0x6f, 0x55, 0xff, 0xb0, 0x55, 0xff,
    0xb0, 0x55, 0xff, 0xf1, 0x65, 0xff, 0x32, 0x66, 0xff, 0x32, 0x6e, 0xff, 0x32, 0x6e, 0xff, 0x32, 0x6e, 0xff, 0x32, 0x6e, 0xff, 0x32, 0x6e, 0xff,
    0x32, 0x6e, 0xff, 0x32, 0x6e, 0xff, 0x32, 0x66, 0xff, 0x32, 0x6e, 0xff, 0x32, 0x6e, 0xff, 0xf1, 0x65, 0xff, 0xf1, 0x65, 0xff, 0x6f, 0x4d, 0xff,
    0x4e, 0x45, 0xff, 0xb0, 0x4d, 0xff, 0xf1, 0x65, 0xff, 0xf1, 0x65, 0xff, 0xf1, 0x65, 0xff, 0x32, 0x66, 0xff, 0x32, 0x6e, 0xff, 0x32, 0x6e, 0xff,
    0x32, 0x6e, 0xff, 0x32, 0x6e, 0xff, 0x32, 0x66, 0xff, 0x73, 0x76, 0xbf, 0xbd, 0xef, 0x40, 0x00, 0x00, 0x00, 0x00, 0x00, 0x00, 0x00, 0x00, 0x00,
    0x00, 0x00, 0x00, 0x00, 0x00, 0x00, 0x00, 0x00, 0x00, 0x00, 0x00, 0x00, 0x00, 0x00, 0x00, 0x00, 0x00, 0x00, 0x00, 0x00, 0x00, 0x00, 0x00, 0x00,
    0x00, 0x00, 0x00, 0x00, 0x00, 0x00, 0x00, 0x00, 0x00, 0x00, 0x00, 0x00, 0x00, 0x00, 0x00, 0x00, 0x00, 0x00, 0x00, 0x00, 0x00, 0x00, 0x00, 0x00,
    0x00, 0x00, 0x00, 0xff, 0xff, 0x80, 0x32, 0x6e, 0xbf, 0x4d, 0x35, 0xff, 0x6e, 0x45, 0xff, 0x4b, 0x34, 0xff, 0x0a, 0x34, 0xff, 0xcd, 0x44, 0xff,
    0x4e, 0x4d, 0xff, 0x6f, 0x4d, 0xff, 0x6f, 0x55, 0xff, 0xb0, 0x55, 0xff, 0xf1, 0x65, 0xff, 0x32, 0x6e, 0xff, 0x32, 0x6e, 0xff, 0x32, 0x6e, 0xff,
    0x32, 0x6e, 0xff, 0x32, 0x6e, 0xff, 0x32, 0x6e, 0xff, 0x32, 0x6e, 0xff, 0x32, 0x6e, 0xff, 0x32, 0x66, 0xff, 0x32, 0x6e, 0xff, 0x32, 0x6e, 0xff,
    0xf1, 0x65, 0xff, 0x32, 0x66, 0xff, 0x6e, 0x45, 0xff, 0xcd, 0x3c, 0xff, 0x6f, 0x4d, 0xff, 0xf1, 0x65, 0xff, 0xf1, 0x65, 0xff, 0xf1, 0x65, 0xff,
    0xf1, 0x65, 0xff, 0x32, 0x6e, 0xff, 0x32, 0x6e, 0xff, 0x32, 0x6e, 0xff, 0x32, 0x6e, 0xff, 0x73, 0x6e, 0xff, 0x32, 0x66, 0xbf, 0x3a, 0xcf, 0x40,
    0x00, 0x00, 0x00, 0x00, 0x00, 0x00, 0x00, 0x00, 0x00, 0x00, 0x00, 0x00, 0x00, 0x00, 0x00, 0x00, 0x00, 0x00, 0x00, 0x00, 0x00, 0x00, 0x00, 0x00,
    0x00, 0x00, 0x00, 0x00, 0x00, 0x00, 0x00, 0x00, 0x00, 0x00, 0x00, 0x00, 0x00, 0x00, 0x00, 0x00, 0x00, 0x00, 0x00, 0x00, 0x00, 0x00, 0x00, 0x00,
    0x00, 0x00, 0x00, 0x00, 0x00, 0x00, 0x00, 0x00, 0x00, 0x00, 0x00, 0x00, 0x5b, 0xdf, 0x80, 0x73, 0x76, 0xaf, 0xcc, 0x2c, 0xef, 0x4e, 0x45, 0xff,
    0x8c, 0x34, 0xff, 0xaa, 0x2b, 0xff, 0xcd, 0x44, 0xff, 0x4e, 0x4d, 0xff, 0x6f, 0x4d, 0xff, 0x6f, 0x4d, 0xff, 0xb0, 0x55, 0xff, 0xf1, 0x65, 0xff,
    0x32, 0x66, 0xff, 0x32, 0x66, 0xff, 0x32, 0x6e, 0xff, 0x32, 0x6e, 0xff, 0x32, 0x6e, 0xff, 0x32, 0x6e, 0xff, 0x32, 0x6e, 0xff, 0x32, 0x66, 0xff,
    0xf1, 0x65, 0xff, 0x32, 0x6e, 0xff, 0x32, 0x6e, 0xff, 0xf1, 0x65, 0xff, 0x32, 0x66, 0xff, 0x4d, 0x3d, 0xff, 0x8c, 0x34, 0xff, 0xb0, 0x55, 0xff,
    0xb0, 0x55, 0xff, 0xb0, 0x55, 0xff, 0xf1, 0x65, 0xff, 0xf1, 0x65, 0xff, 0x32, 0x6e, 0xff, 0x32, 0x6e, 0xff, 0x32, 0x6e, 0xff, 0x32, 0x6e, 0xff,
    0x73, 0x6e, 0xff, 0x32, 0x66, 0xcf, 0xd7, 0xae, 0x60, 0xff, 0xff, 0x10, 0x00, 0x00, 0x00, 0x00, 0x00, 0x00, 0x00, 0x00, 0x00, 0x00, 0x00, 0x00,
    0x00, 0x00, 0x00, 0x00, 0x00, 0x00, 0x00, 0x00, 0x00, 0x00, 0x00, 0x00, 0x00, 0x00, 0x00, 0x00, 0x00, 0x00, 0x00, 0x00, 0x00, 0x00, 0x00, 0x00,
    0x00, 0x00, 0x00, 0x00, 0x00, 0x00, 0x00, 0x00, 0x00, 0x00, 0x00, 0x00, 0x00, 0x00, 0x00, 0x00, 0x00, 0x00, 0x00, 0x00, 0x00, 0x73, 0x76, 0x80,
    0xb6, 0xb6, 0x8f, 0x8b, 0x2c, 0xcf, 0x4e, 0x45, 0xff, 0x8c, 0x34, 0xff, 0xa9, 0x23, 0xff, 0xcd, 0x44, 0xff, 0x6f, 0x4d, 0xff, 0x6f, 0x4d, 0xff,
    0x6f, 0x4d, 0xff, 0xb0, 0x55, 0xff, 0xf1, 0x65, 0xff, 0x32, 0x66, 0xff, 0x32, 0x66, 0xff, 0x32, 0x6e, 0xff, 0x32, 0x6e, 0xff, 0x32, 0x6e, 0xff,
    0x32, 0x6e, 0xff, 0x32, 0x6e, 0xff, 0x32, 0x6e, 0xff, 0xf1, 0x65, 0xff, 0xf1, 0x65, 0xff, 0x32, 0x6e, 0xff, 0xf1, 0x65, 0xff, 0xf1, 0x65, 0xff,
    0x4b, 0x2c, 0xff, 0x4e, 0x45, 0xff, 0xf1, 0x5d, 0xff, 0xb0, 0x4d, 0xff, 0xb0, 0x55, 0xff, 0xf1, 0x65, 0xff, 0xf1, 0x65, 0xff, 0xf1, 0x65, 0xff,
    0x32, 0x6e, 0xff, 0x32, 0x6e, 0xff, 0x32, 0x6e, 0xff, 0x32, 0x6e, 0xff, 0x32, 0x6e, 0xef, 0x73, 0x76, 0x9f, 0xff, 0xff, 0x30, 0x00, 0x00, 0x00,
    0x00, 0x00, 0x00, 0x00, 0x00, 0x00, 0x00, 0x00, 0x00, 0x00, 0x00, 0x00, 0x00, 0x00, 0x00, 0x00, 0x00, 0x00, 0x00, 0x00, 0x00, 0x00, 0x00, 0x00,
    0x00, 0x00, 0x00, 0x00, 0x00, 0x00, 0x00, 0x00, 0x00, 0x00, 0x00, 0x00, 0x00, 0x00, 0x00, 0x00, 0x00, 0x00, 0x00, 0x00, 0x00, 0x00, 0x00, 0x00,
    0x00, 0x00, 0x00, 0x00, 0x00, 0x00, 0x73, 0x76, 0x80, 0x96, 0xae, 0x8f, 0x8b, 0x2c, 0xcf, 0xcd, 0x44, 0xff, 0x8c, 0x3c, 0xff, 0xa9, 0x23, 0xff,
    0xcd, 0x44, 0xff, 0x6f, 0x4d, 0xff, 0x6f, 0x4d, 0xff, 0x6f, 0x4d, 0xff, 0xb0, 0x55, 0xff, 0x32, 0x66, 0xff, 0x32, 0x66, 0xff, 0x32, 0x66, 0xff,
    0x32, 0x6e, 0xff, 0x32, 0x6e, 0xff, 0x32, 0x6e, 0xff, 0x32, 0x6e, 0xff, 0x32, 0x6e, 0xff, 0x32, 0x6e, 0xff, 0xf1, 0x65, 0xff, 0xf1, 0x65, 0xff,
    0xf1, 0x65, 0xff, 0xf1, 0x65, 0xff, 0xb0, 0x55, 0xff, 0x4b, 0x34, 0xff, 0x6f, 0x4d, 0xff, 0x6f, 0x4d, 0xff, 0xb0, 0x4d, 0xff, 0xf1, 0x5d, 0xff,
    0xf1, 0x65, 0xff, 0xf1, 0x65, 0xff, 0xf1, 0x65, 0xff, 0x32, 0x66, 0xff, 0x32, 0x6e, 0xff, 0x32, 0x6e, 0xff, 0x32, 0x6e, 0xff, 0x32, 0x6e, 0xff,
    0x73, 0x76, 0xbf, 0xbd, 0xef, 0x40, 0x00, 0x00, 0x00, 0x00, 0x00, 0x00, 0x00, 0x00, 0x00, 0x00, 0x00, 0x00, 0x00, 0x00, 0x00, 0x00, 0x00, 0x00,
    0x00, 0x00, 0x00, 0x00, 0x00, 0x00, 0x00, 0x00, 0x00, 0x00, 0x00, 0x00, 0x00, 0x00, 0x00, 0x00, 0x00, 0x00, 0x00, 0x00, 0x00, 0x00, 0x00, 0x00,
    0x00, 0x00, 0x00, 0x00, 0x00, 0x00, 0x00, 0x00, 0x00, 0x00, 0x00, 0x00, 0x00, 0x00, 0x00, 0x5b, 0xdf, 0x80, 0x73, 0x76, 0xaf, 0xcc, 0x34, 0xef,
    0xcd, 0x3c, 0xff, 0xcd, 0x44, 0xff, 0xa9, 0x23, 0xff, 0xcd, 0x44, 0xff, 0x6f, 0x4d, 0xff, 0x4e, 0x4d, 0xff, 0x6f, 0x4d, 0xff, 0xb0, 0x55, 0xff,
    0xf1, 0x65, 0xff, 0x32, 0x66, 0xff, 0x32, 0x66, 0xff, 0x32, 0x6e, 0xff, 0x32, 0x6e, 0xff, 0x32, 0x6e, 0xff, 0x32, 0x6e, 0xff, 0x32, 0x6e, 0xff,
    0x32, 0x6e, 0xff, 0x32, 0x66, 0xff, 0xf1, 0x65, 0xff, 0xf1, 0x65, 0xff, 0xf1, 0x65, 0xff, 0x6f, 0x55, 0xff, 0x8c, 0x3c, 0xff, 0x6e, 0x45, 0xff,
    0x6f, 0x4d, 0xff, 0xb0, 0x4d, 0xff, 0xf1, 0x5d, 0xff, 0xf1, 0x5d, 0xff, 0xf1, 0x65, 0xff, 0xf1, 0x65, 0xff, 0xf1, 0x65, 0xff, 0xf1, 0x65, 0xff,
    0x32, 0x6e, 0xff, 0x32, 0x6e, 0xff, 0x32, 0x6e, 0xff, 0x32, 0x6e, 0xbf, 0x7c, 0xe7, 0x40, 0x00, 0x00, 0x00, 0x00, 0x00, 0x00, 0x00, 0x00, 0x00,
    0x00, 0x00, 0x00, 0x00, 0x00, 0x00, 0x00, 0x00, 0x00, 0x00, 0x00, 0x00, 0x00, 0x00, 0x00, 0x00, 0x00, 0x00, 0x00, 0x00, 0x00, 0x00, 0x00, 0x00,
    0x00, 0x00, 0x00, 0x00, 0x00, 0x00, 0x00, 0x00, 0x00, 0x00, 0x00, 0x00, 0x00, 0x00, 0x00, 0x00, 0x00, 0x00, 0x00, 0x00, 0x00, 0x00, 0x00, 0x00,
    0xff, 0xff, 0x80, 0x32, 0x6e, 0xbf, 0xcc, 0x34, 0xff, 0xcd, 0x3c, 0xff, 0xcd, 0x44, 0xff, 0x0a, 0x34, 0xff, 0x4e, 0x4d, 0xff, 0x4e, 0x4d, 0xff,
    0x4e, 0x45, 0xff, 0x6f, 0x4d, 0xff, 0xb0, 0x55, 0xff, 0xf1, 0x65, 0xff, 0xf1, 0x65, 0xff, 0x32, 0x66, 0xff, 0x32, 0x6e, 0xff, 0x32, 0x6e, 0xff,
    0x32, 0x6e, 0xff, 0x32, 0x6e, 0xff, 0x32, 0x6e, 0xff, 0x32, 0x6e, 0xff, 0x32, 0x6e, 0xff, 0xf1, 0x65, 0xff, 0xf1, 0x65, 0xff, 0x32, 0x6e, 0xff,
    0x6f, 0x55, 0xff, 0x8c, 0x34, 0xff, 0xb0, 0x4d, 0xff, 0xb0, 0x4d, 0xff, 0xb0, 0x55, 0xff, 0xf1, 0x5d, 0xff, 0xf1, 0x5d, 0xff, 0xf1, 0x5d, 0xff,
    0xf1, 0x65, 0xff, 0xf1, 0x65, 0xff, 0xf1, 0x65, 0xff, 0xf1, 0x65, 0xff, 0xf1, 0x65, 0xff, 0x32, 0x6e, 0xff, 0xf1, 0x5d, 0xbf, 0x5a, 0xd7, 0x40,
    0x00, 0x00, 0x00, 0x00, 0x00, 0x00, 0x00, 0x00, 0x00, 0x00, 0x00, 0x00, 0x00, 0x00, 0x00, 0x00, 0x00, 0x00, 0x00, 0x00, 0x00, 0x00, 0x00, 0x00,
    0x00, 0x00, 0x00, 0x00, 0x00, 0x00, 0x00, 0x00, 0x00, 0x00, 0x00, 0x00, 0x00, 0x00, 0x00, 0x00, 0x00, 0x00, 0x00, 0x00, 0x00, 0x00, 0x00, 0x00,
    0x00, 0x00, 0x00, 0x00, 0x00, 0x00, 0x00, 0x00, 0x00, 0xff, 0xff, 0x60, 0x73, 0x76, 0x9f, 0xcc, 0x34, 0xef, 0xcd, 0x3c, 0xff, 0xcd, 0x3c, 0xff,
    0x4b, 0x34, 0xff, 0x4e, 0x4d, 0xff, 0x4e, 0x45, 0xff, 0x4e, 0x45, 0xff, 0x6f, 0x4d, 0xff, 0xb0, 0x55, 0xff, 0xf1, 0x65, 0xff, 0x32, 0x66, 0xff,
    0x32, 0x66, 0xff, 0x32, 0x6e, 0xff, 0x32, 0x6e, 0xff, 0x32, 0x6e, 0xff, 0x32, 0x6e, 0xff, 0x32, 0x6e, 0xff, 0x32, 0x6e, 0xff, 0x32, 0x6e, 0xff,
    0x32, 0x6e, 0xff, 0xf1, 0x65, 0xff, 0x32, 0x6e, 0xff, 0x6f, 0x55, 0xff, 0xcd, 0x3c, 0xff, 0xb0, 0x4d, 0xff, 0xb0, 0x4d, 0xff, 0xb0, 0x55, 0xff,
    0xb0, 0x55, 0xff, 0xb0, 0x55, 0xff, 0xf1, 0x5d, 0xff, 0xf1, 0x5d, 0xff, 0xf1, 0x5d, 0xff, 0xf1, 0x65, 0xff, 0xf1, 0x65, 0xff, 0xf1, 0x65, 0xff,
    0xf1, 0x65, 0xff, 0xb0, 0x55, 0xbf, 0xfa, 0xd6, 0x40, 0x00, 0x00, 0x00, 0x00, 0x00, 0x00, 0x00, 0x00, 0x00, 0x00, 0x00, 0x00, 0x00, 0x00, 0x00,
    0x00, 0x00, 0x00, 0x00, 0x00, 0x00, 0x00, 0x00, 0x00, 0x00, 0x00, 0x00, 0x00, 0x00, 0x00, 0x00, 0x00, 0x00, 0x00, 0x00, 0x00, 0x00, 0x00, 0x00,
    0x00, 0x00, 0x00, 0x00, 0x00, 0x00, 0x00, 0x00, 0x00, 0x00, 0x00, 0x00, 0x00, 0x00, 0x00, 0x00, 0x00, 0x00, 0xff, 0xff, 0x20, 0x55, 0xae, 0x60,
    0xcc, 0x34, 0xcf, 0x4d, 0x3d, 0xff, 0xcd, 0x3c, 0xff, 0x8c, 0x34, 0xff, 0x6f, 0x4d, 0xff, 0x6e, 0x45, 0xff, 0x6e, 0x45, 0xff, 0xb0, 0x4d, 0xff,
    0xf1, 0x5d, 0xff, 0xf1, 0x65, 0xff, 0x32, 0x66, 0xff, 0x32, 0x6e, 0xff, 0x32, 0x6e, 0xff, 0x32, 0x6e, 0xff, 0x32, 0x6e, 0xff, 0x32, 0x6e, 0xff,
    0x32, 0x6e, 0xff, 0x32, 0x6e, 0xff, 0x32, 0x6e, 0xff, 0x32, 0x6e, 0xff, 0xf1, 0x65, 0xff, 0x32, 0x6e, 0xff, 0x6f, 0x55, 0xff, 0xcd, 0x3c, 0xff,
    0x6f, 0x4d, 0xff, 0x6f, 0x4d, 0xff, 0xb0, 0x55, 0xff, 0xb0, 0x55, 0xff, 0xb0, 0x55, 0xff, 0xb0, 0x55, 0xff, 0xb0, 0x55, 0xff, 0xf1, 0x5d, 0xff,
    0xf1, 0x65, 0xff, 0xf1, 0x65, 0xff, 0xf1, 0x65, 0xff, 0xf1, 0x65, 0xff, 0xb0, 0x55, 0xbf, 0x19, 0xcf, 0x40, 0x00, 0x00, 0x00, 0x00, 0x00, 0x00,
    0x00, 0x00, 0x00, 0x00, 0x00, 0x00, 0x00, 0x00, 0x00, 0x00, 0x00, 0x00, 0x00, 0x00, 0x00, 0x00, 0x00, 0x00, 0x00, 0x00, 0x00, 0x00, 0x00, 0x00,
    0x00, 0x00, 0x00, 0x00, 0x00, 0x00, 0x00, 0x00, 0x00, 0x00, 0x00, 0x00, 0x00, 0x00, 0x00, 0x00, 0x00, 0x00, 0x00, 0x00, 0x00, 0x00, 0x00, 0x00,
    0x00, 0x00, 0x00, 0x00, 0x00, 0x00, 0x77, 0xbe, 0x40, 0xcc, 0x34, 0xbf, 0x4e, 0x45, 0xff, 0xcc, 0x34, 0xff, 0x8c, 0x34, 0xff, 0x6f, 0x4d, 0xff,
    0x6e, 0x45, 0xff, 0x6e, 0x45, 0xff, 0xb0, 0x4d, 0xff, 0xf1, 0x5d, 0xff, 0xf1, 0x65, 0xff, 0x32, 0x66, 0xff, 0x32, 0x6e, 0xff, 0x32, 0x6e, 0xff,
    0x32, 0x6e, 0xff, 0x32, 0x6e, 0xff, 0x32, 0x6e, 0xff, 0x32, 0x6e, 0xff, 0x32, 0x6e, 0xff, 0x32, 0x6e, 0xff, 0x32, 0x6e, 0xff, 0xf1, 0x65, 0xff,
    0x32, 0x6e, 0xff, 0x4e, 0x4d, 0xff, 0xcd, 0x3c, 0xff, 0x6f, 0x4d, 0xff, 0x6f, 0x4d, 0xff, 0xb0, 0x55, 0xff, 0xb0, 0x55, 0xff, 0xb0, 0x55, 0xff,
    0xb0, 0x55, 0xff, 0xb0, 0x55, 0xff, 0xb0, 0x5d, 0xff, 0xb0, 0x5d, 0xff, 0xf1, 0x65, 0xff, 0xf1, 0x65, 0xff, 0xf1, 0x65, 0xff, 0xb0, 0x55, 0xbf,
    0x19, 0xcf, 0x40, 0x00, 0x00, 0x00, 0x00, 0x00, 0x00, 0x00, 0x00, 0x00, 0x00, 0x00, 0x00, 0x00, 0x00, 0x00, 0x00, 0x00, 0x00, 0x00, 0x00, 0x00,
    0x00, 0x00, 0x00, 0x00, 0x00, 0x00, 0x00, 0x00, 0x00, 0x00, 0x00, 0x00, 0x00, 0x00, 0x00, 0x00, 0x00, 0x00, 0x00, 0x00, 0x00, 0x00, 0x00, 0x00,
    0x00, 0x00, 0x00, 0x00, 0x00, 0x00, 0x00, 0x00, 0x00, 0x00, 0x00, 0x00, 0x00, 0x00, 0x00, 0xd8, 0xc6, 0x40, 0xcc, 0x34, 0xbf, 0xcd, 0x44, 0xff,
    0x8c, 0x34, 0xff, 0x4b, 0x34, 0xff, 0x6f, 0x4d, 0xff, 0x6e, 0x45, 0xff, 0x6e, 0x45, 0xff, 0xb0, 0x4d, 0xff, 0xf1, 0x5d, 0xff, 0x32, 0x66, 0xff,
    0x32, 0x6e, 0xff, 0x32, 0x6e, 0xff, 0x32, 0x6e, 0xff, 0x73, 0x6e, 0xff, 0x73, 0x6e, 0xff, 0x73, 0x6e, 0xff, 0x73, 0x6e, 0xff, 0x32, 0x6e, 0xff,
    0x32, 0x6e, 0xff, 0x32, 0x6e, 0xff, 0xf1, 0x65, 0xff, 0xf1, 0x65, 0xff, 0xcd, 0x44, 0xff, 0xcd, 0x3c, 0xff, 0x4e, 0x4d, 0xff, 0xb0, 0x55, 0xff,
    0xb0, 0x55, 0xff, 0xb0, 0x55, 0xff, 0xb0, 0x55, 0xff, 0xb0, 0x55, 0xff, 0xb0, 0x55, 0xff, 0xf1, 0x65, 0xff, 0xf1, 0x65, 0xff, 0xf1, 0x65, 0xff,
    0xf1, 0x65, 0xff, 0xf1, 0x65, 0xff, 0xf1, 0x5d, 0xbf, 0x1a, 0xd7, 0x40, 0x00, 0x00, 0x00, 0x00, 0x00, 0x00, 0x00, 0x00, 0x00, 0x00, 0x00, 0x00,
    0x00, 0x00, 0x00, 0x00, 0x00, 0x00, 0x00, 0x00, 0x00, 0x00, 0x00, 0x00, 0x00, 0x00, 0x00, 0x00, 0x00, 0x00, 0x00, 0x00, 0x00, 0x00, 0x00, 0x00,
    0x00, 0x00, 0x00, 0x00, 0x00, 0x00, 0x00, 0x00, 0x00, 0x00, 0x00, 0x00, 0x00, 0x00, 0x00, 0x00, 0x00, 0x00, 0x00, 0x00, 0x00, 0x00, 0x00, 0x00,
    0x19, 0xcf, 0x40, 0xcc, 0x34, 0xbf, 0xcd, 0x44, 0xff, 0x4b, 0x34, 0xff, 0x0a, 0x2c, 0xff, 0x4e, 0x4d, 0xff, 0x6f, 0x4d, 0xff, 0x6f, 0x4d, 0xff,
    0xb0, 0x55, 0xff, 0xf1, 0x5d, 0xff, 0x32, 0x66, 0xff, 0x72, 0x6e, 0xff, 0x72, 0x6e, 0xff, 0x72, 0x6e, 0xff, 0x72, 0x66, 0xff, 0x72, 0x6e, 0xff,
    0x73, 0x6e, 0xff, 0x73, 0x6e, 0xff, 0x32, 0x6e, 0xff, 0x32, 0x6e, 0xff, 0xf1, 0x65, 0xff, 0xf1, 0x65, 0xff, 0xf1, 0x65, 0xff, 0xcd, 0x44, 0xff,
    0xcd, 0x44, 0xff, 0x6f, 0x55, 0xff, 0xb0, 0x55, 0xff, 0xb0, 0x55, 0xff, 0xb0, 0x55, 0xff, 0xb0, 0x55, 0xff, 0xb0, 0x55, 0xff, 0xf1, 0x5d, 0xff,
    0xf1, 0x65, 0xff, 0xf1, 0x5d, 0xff, 0xf1, 0x65, 0xff, 0xf1, 0x65, 0xff, 0x32, 0x66, 0xff, 0xf1, 0x65, 0xbf, 0x1b, 0xdf, 0x40, 0x00, 0x00, 0x00,
    0x00, 0x00, 0x00, 0x00, 0x00, 0x00, 0x00, 0x00, 0x00, 0x00, 0x00, 0x00, 0x00, 0x00, 0x00, 0x00, 0x00, 0x00, 0x00, 0x00, 0x00, 0x00, 0x00, 0x00,
    0x00, 0x00, 0x00, 0x00, 0x00, 0x00, 0x00, 0x00, 0x00, 0x00, 0x00, 0x00, 0x00, 0x00, 0x00, 0x00, 0x00, 0x00, 0x00, 0x00, 0x00, 0x00, 0x00, 0x00,
    0x00, 0x00, 0x00, 0x00, 0x00, 0x00, 0x00, 0x00, 0x00, 0x1a, 0xd7, 0x40, 0xcd, 0x3c, 0xbf, 0xcd, 0x3c, 0xff, 0x4b, 0x34, 0xff, 0x0a, 0x2c, 0xff,
    0x4e, 0x4d, 0xff, 0x6f, 0x4d, 0xff, 0x6e, 0x45, 0xff, 0xaf, 0x45, 0xff, 0xb0, 0x4d, 0xff, 0xb0, 0x55, 0xff, 0x70, 0x65, 0xff, 0x70, 0x65, 0xff,
    0xb1, 0x65, 0xff, 0xb1, 0x65, 0xff, 0xb1, 0x65, 0xff, 0xf2, 0x6d, 0xff, 0x32, 0x6e, 0xff, 0x32, 0x66, 0xff, 0x32, 0x66, 0xff, 0x32, 0x66, 0xff,
    0xf1, 0x65, 0xff, 0xf1, 0x65, 0xff, 0xcd, 0x44, 0xff, 0x4e, 0x45, 0xff, 0x6f, 0x55, 0xff, 0xb0, 0x55, 0xff, 0xb0, 0x55, 0xff, 0xb0, 0x55, 0xff,
    0xf1, 0x5d, 0xff, 0xf1, 0x5d, 0xff, 0xf1, 0x5d, 0xff, 0xf1, 0x5d, 0xff, 0xf1, 0x65, 0xff, 0xf1, 0x65, 0xff, 0xf1, 0x65, 0xff, 0x32, 0x66, 0xff,
    0xf1, 0x65, 0xbf, 0x3b, 0xdf, 0x40, 0x00, 0x00, 0x00, 0x00, 0x00, 0x00, 0x00, 0x00, 0x00, 0x00, 0x00, 0x00, 0x00, 0x00, 0x00, 0x00, 0x00, 0x00,
    0x00, 0x00, 0x00, 0x00, 0x00, 0x00, 0x00, 0x00, 0x00, 0x00, 0x00, 0x00, 0x00, 0x00, 0x00, 0x00, 0x00, 0x00, 0x00, 0x00, 0x00, 0x00, 0x00, 0x00,
    0x00, 0x00, 0x00, 0x00, 0x00, 0x00, 0x00, 0x00, 0x00, 0x00, 0x00, 0x00, 0x00, 0x00, 0x00, 0x00, 0x00, 0x00, 0x3b, 0xdf, 0x40, 0xcd, 0x44, 0xbf,
    0xcd, 0x3c, 0xff, 0x8c, 0x34, 0xff, 0x0a, 0x2c, 0xff, 0x6f, 0x55, 0xff, 0xce, 0x54, 0xff, 0x8d, 0x4c, 0xff, 0x4e, 0x84, 0xff, 0x6f, 0xa4, 0xff,
    0x8f, 0xb4, 0xff, 0xaf, 0xbc, 0xff, 0xaf, 0xc4, 0xff, 0xcf, 0xc4, 0xff, 0xcf, 0xcc, 0xff, 0xcf, 0xc4, 0xff, 0xaf, 0xb4, 0xff, 0x90, 0xa4, 0xff,
    0x4f, 0x94, 0xff, 0x4f, 0x74, 0xff, 0x4f, 0x5d, 0xff, 0xf1, 0x65, 0xff, 0x72, 0x6e, 0xff, 0xcd, 0x44, 0xff, 0x4e, 0x4d, 0xff, 0xb0, 0x55, 0xff,
    0xb0, 0x55, 0xff, 0xb0, 0x55, 0xff, 0xf1, 0x5d, 0xff, 0xf1, 0x5d, 0xff, 0xf1, 0x65, 0xff, 0xf1, 0x65, 0xff, 0xf1, 0x65, 0xff, 0xf1, 0x65, 0xff,
    0xf1, 0x65, 0xff, 0xf1, 0x65, 0xff, 0x32, 0x66, 0xff, 0xf1, 0x65, 0xbf, 0x3b, 0xdf, 0x40, 0x00, 0x00, 0x00, 0x00, 0x00, 0x00, 0x00, 0x00, 0x00,
    0x00, 0x00, 0x00, 0x00, 0x00, 0x00, 0x00, 0x00, 0x00, 0x00, 0x00, 0x00, 0x00, 0x00, 0x00, 0x00, 0x00, 0x00, 0x00, 0x00, 0x00, 0x00, 0x00, 0x00,
    0x00, 0x00, 0x00, 0x00, 0x00, 0x00, 0x00, 0x00, 0x00, 0x00, 0x00, 0x00, 0x00, 0x00, 0x00, 0x00, 0x00, 0x00, 0x00, 0x00, 0x00, 0x00, 0x00, 0x00,
    0x00, 0x00, 0x00, 0x7c, 0xe7, 0x40, 0x4f, 0x55, 0xbf, 0x4d, 0x3d, 0xff, 0xcd, 0x3c, 0xff, 0x8c, 0x34, 0xff, 0xa9, 0x1b, 0xff, 0x6c, 0x63, 0xff,
    0x10, 0xcd, 0xff, 0xf0, 0xc4, 0xff, 0x51, 0xcd, 0xff, 0x51, 0xc5, 0xff, 0x51, 0xc5, 0xff, 0x51, 0xc5, 0xff, 0x51, 0xc5, 0xff, 0x51, 0xc5, 0xff,
    0x51, 0xc5, 0xff, 0x51, 0xc5, 0xff, 0x51, 0xc5, 0xff, 0xf0, 0xc4, 0xff, 0x8f, 0xbc, 0xff, 0x6f, 0xb4, 0xff, 0x8c, 0x6b, 0xff, 0x8c, 0x3c, 0xff,
    0x6f, 0x4d, 0xff, 0xb0, 0x4d, 0xff, 0xb0, 0x55, 0xff, 0xf1, 0x5d, 0xff, 0xf1, 0x5d, 0xff, 0xf1, 0x5d, 0xff, 0xf1, 0x65, 0xff, 0xf1, 0x65, 0xff,
    0xf1, 0x65, 0xff, 0xf1, 0x65, 0xff, 0xf1, 0x65, 0xff, 0xf1, 0x65, 0xff, 0xf1, 0x65, 0xff, 0xf1, 0x65, 0xff, 0xb0, 0x55, 0xbf, 0x3b, 0xdf, 0x40,
    0x00, 0x00, 0x00, 0x00, 0x00, 0x00, 0x00, 0x00, 0x00, 0x00, 0x00, 0x00, 0x00, 0x00, 0x00, 0x00, 0x00, 0x00, 0x00, 0x00, 0x00, 0x00, 0x00, 0x00,
    0x00, 0x00, 0x00, 0x00, 0x00, 0x00, 0x00, 0x00, 0x00, 0x00, 0x00, 0x00, 0x00, 0x00, 0x00, 0x00, 0x00, 0x00, 0x00, 0x00, 0x00, 0x00, 0x00, 0x00,
    0x00, 0x00, 0x00, 0x00, 0x00, 0x00, 0x00, 0x00, 0x00, 0x00, 0x00, 0x00, 0xbd, 0xef, 0x40, 0xb1, 0x65, 0xbf, 0x4d, 0x3d, 0xff, 0x4d, 0x3d, 0xff,
    0x8c, 0x34, 0xff, 0xa8, 0x1b, 0xff, 0x4d, 0x4c, 0xff, 0x72, 0xd5, 0xff, 0x52, 0xc5, 0xff, 0x52, 0xcd, 0xff, 0x52, 0xcd, 0xff, 0x52, 0xcd, 0xff,
    0x72, 0xcd, 0xff, 0x73, 0xd5, 0xff, 0xb3, 0xd5, 0xff, 0xd4, 0xdd, 0xff, 0x15, 0xde, 0xff, 0x36, 0xe6, 0xff, 0x36, 0xde, 0xff, 0xb4, 0xcd, 0xff,
    0x73, 0xd5, 0xff, 0xad, 0x73, 0xff, 0x27, 0x13, 0xff, 0xb0, 0x4d, 0xff, 0xf1, 0x65, 0xff, 0xf1, 0x5d, 0xff, 0xf1, 0x65, 0xff, 0xf1, 0x65, 0xff,
    0xf1, 0x65, 0xff, 0xf1, 0x65, 0xff, 0xf1, 0x65, 0xff, 0xf1, 0x65, 0xff, 0xf1, 0x65, 0xff, 0xf1, 0x65, 0xff, 0xf1, 0x65, 0xff, 0xf1, 0x65, 0xff,
    0xf1, 0x65, 0xff, 0xb0, 0x55, 0xbf, 0x5a, 0xd7, 0x40, 0x00, 0x00, 0x00, 0x00, 0x00, 0x00, 0x00, 0x00, 0x00, 0x00, 0x00, 0x00, 0x00, 0x00, 0x00,
    0x00, 0x00, 0x00, 0x00, 0x00, 0x00, 0x00, 0x00, 0x00, 0x00, 0x00, 0x00, 0x00, 0x00, 0x00, 0x00, 0x00, 0x00, 0x00, 0x00, 0x00, 0x00, 0x00, 0x00,
    0x00, 0x00, 0x00, 0x00, 0x00, 0x00, 0x00, 0x00, 0x00, 0x00, 0x00, 0x00, 0x00, 0x00, 0x00, 0x00, 0x00, 0x00, 0x00, 0x00, 0x00, 0xff, 0xff, 0x40,
    0xb1, 0x65, 0xbf, 0x4d, 0x35, 0xff, 0xcd, 0x3c, 0xff, 0x4b, 0x34, 0xff, 0xa9, 0x1b, 0xff, 0x0c, 0x44, 0xff, 0x72, 0xd5, 0xff, 0x52, 0xcd, 0xff,
    0x93, 0xd5, 0xff, 0xb3, 0xd5, 0xff, 0x15, 0xde, 0xff, 0x56, 0xee, 0xff, 0x97, 0xfe, 0xff, 0xd8, 0xfe, 0xff, 0xf9, 0xfe, 0xff, 0x19, 0xff, 0xff,
    0x3a, 0xff, 0xff, 0x5b, 0xff, 0xff, 0x3a, 0xff, 0xff, 0x19, 0xff, 0xff, 0x50, 0x6c, 0xff, 0x4c, 0x2d, 0xff, 0x31, 0x5e, 0xff, 0xf1, 0x5d, 0xff,
    0xf1, 0x65, 0xff, 0xf1, 0x65, 0xff, 0xf1, 0x65, 0xff, 0xf1, 0x65, 0xff, 0xf1, 0x65, 0xff, 0xf1, 0x65, 0xff, 0xf1, 0x65, 0xff, 0xf1, 0x65, 0xff,
    0xf1, 0x65, 0xff, 0xf1, 0x65, 0xff, 0xf1, 0x65, 0xff, 0xf1, 0x65, 0xff, 0xb0, 0x55, 0xbf, 0x5a, 0xd7, 0x40, 0x00, 0x00, 0x00, 0x00, 0x00, 0x00,
    0x00, 0x00, 0x00, 0x00, 0x00, 0x00, 0x00, 0x00, 0x00, 0x00, 0x00, 0x00, 0x00, 0x00, 0x00, 0x00, 0x00, 0x00, 0x00, 0x00, 0x00, 0x00, 0x00, 0x00,
    0x00, 0x00, 0x00, 0x00, 0x00, 0x00, 0x00, 0x00, 0x00, 0x00, 0x00, 0x00, 0x00, 0x00, 0x00, 0x00, 0x00, 0x00, 0x00, 0x00, 0x00, 0x00, 0x00, 0x00,
    0x00, 0x00, 0x00, 0x00, 0x00, 0x00, 0xff, 0xff, 0x40, 0xb1, 0x65, 0xbf, 0xcc, 0x34, 0xff, 0xcd, 0x3c, 0xff, 0x4b, 0x34, 0xff, 0xa9, 0x1b, 0xff,
    0x0c, 0x44, 0xff, 0x93, 0xd5, 0xff, 0x72, 0xcd, 0xff, 0xd4, 0xdd, 0xff, 0x55, 0xee, 0xff, 0x97, 0xfe, 0xff, 0xd8, 0xfe, 0xff, 0xf8, 0xfe, 0xff,
    0xf9, 0xfe, 0xff, 0x19, 0xff, 0xff, 0x19, 0xff, 0xff, 0x19, 0xff, 0xff, 0x3a, 0xff, 0xff, 0x3b, 0xef, 0xff, 0x5a, 0xff, 0xff, 0x70, 0x5d, 0xff,
    0x4d, 0x35, 0xff, 0xf1, 0x5d, 0xff, 0xf1, 0x5d, 0xff, 0xf1, 0x5d, 0xff, 0xf1, 0x5d, 0xff, 0xf1, 0x5d, 0xff, 0xf1, 0x65, 0xff, 0xf1, 0x65, 0xff,
    0xf1, 0x65, 0xff, 0xf1, 0x65, 0xff, 0xf1, 0x65, 0xff, 0xb0, 0x5d, 0xff, 0xf1, 0x65, 0xff, 0xf1, 0x65, 0xff, 0xf1, 0x65, 0xff, 0xb0, 0x55, 0xbf,
    0x5a, 0xd7, 0x40, 0x00, 0x00, 0x00, 0x00, 0x00, 0x00, 0x00, 0x00, 0x00, 0x00, 0x00, 0x00, 0x00, 0x00, 0x00, 0x00, 0x00, 0x00, 0x00, 0x00, 0x00,
    0x00, 0x00, 0x00, 0x00, 0x00, 0x00, 0x00, 0x00, 0x00, 0x00, 0x00, 0x00, 0x00, 0x00, 0x00, 0x00, 0x00, 0x00, 0x00, 0x00, 0x00, 0x00, 0x00, 0x00,
    0x00, 0x00, 0x00, 0x00, 0x00, 0x00, 0x00, 0x00, 0x00, 0x00, 0x00, 0x00, 0x00, 0x00, 0x00, 0xff, 0xff, 0x40, 0xf2, 0x6d, 0xbf, 0xcc, 0x34, 0xff,
    0xcd, 0x3c, 0xff, 0x4b, 0x34, 0xff, 0x0a, 0x2c, 0xff, 0x4d, 0x4c, 0xff, 0xb4, 0xd5, 0xff, 0xb4, 0xd5, 0xff, 0x56, 0xe6, 0xff, 0x97, 0xee, 0xff,
    0xb7, 0xfe, 0xff, 0xf8, 0xfe, 0xff, 0xf9, 0xfe, 0xff, 0x19, 0xff, 0xff, 0x19, 0xff, 0xff, 0x19, 0xff, 0xff, 0x19, 0xff, 0xff, 0x3a, 0xff, 0xff,
    0x1a, 0xef, 0xff, 0x19, 0xff, 0xff, 0x4f, 0x5d, 0xff, 0x4d, 0x35, 0xff, 0xb0, 0x55, 0xff, 0xf1, 0x5d, 0xff, 0xf1, 0x5d, 0xff, 0xf1, 0x5d, 0xff,
    0xf1, 0x5d, 0xff, 0xf1, 0x65, 0xff, 0xf1, 0x65, 0xff, 0xf1, 0x65, 0xff, 0xf1, 0x65, 0xff, 0xb0, 0x55, 0xff, 0xb0, 0x5d, 0xff, 0xf1, 0x65, 0xff,
    0xf1, 0x65, 0xff, 0xf1, 0x65, 0xff, 0xb0, 0x55, 0xbf, 0x1a, 0xd7, 0x40, 0x00, 0x00, 0x00, 0x00, 0x00, 0x00, 0x00, 0x00, 0x00, 0x00, 0x00, 0x00,
    0x00, 0x00, 0x00, 0x00, 0x00, 0x00, 0x00, 0x00, 0x00, 0x00, 0x00, 0x00, 0x00, 0x00, 0x00, 0x00, 0x00, 0x00, 0x00, 0x00, 0x00, 0x00, 0x00, 0x00,
    0x00, 0x00, 0x00, 0x00, 0x00, 0x00, 0x00, 0x00, 0x00, 0x00, 0x00, 0x00, 0x00, 0x00, 0x00, 0x00, 0x00, 0x00, 0x00, 0x00, 0x00, 0x00, 0x00, 0x00,
    0xff, 0xff, 0x40, 0x32, 0x6e, 0xbf, 0x4d, 0x35, 0xff, 0xcd, 0x44, 0xff, 0x8c, 0x34, 0xff, 0x4b, 0x2c, 0xff, 0x4c, 0x4c, 0xff, 0xd4, 0xd5, 0xff,
    0xf5, 0xdd, 0xff, 0x76, 0xee, 0xff, 0xb7, 0xee, 0xff, 0xd8, 0xfe, 0xff, 0xf8, 0xfe, 0xff, 0xf9, 0xfe, 0xff, 0x19, 0xff, 0xff, 0x19, 0xff, 0xff,
    0x19, 0xff, 0xff, 0x19, 0xff, 0xff, 0xf9, 0xfe, 0xff, 0xf9, 0xee, 0xff, 0xd8, 0xee, 0xff, 0x8d, 0x4c, 0xff, 0x4d, 0x35, 0xff, 0x6f, 0x4d, 0xff,
    0xb0, 0x55, 0xff, 0xf1, 0x5d, 0xff, 0xf1, 0x5d, 0xff, 0xf1, 0x5d, 0xff, 0xf1, 0x65, 0xff, 0xf1, 0x65, 0xff, 0xf1, 0x65, 0xff, 0xf1, 0x65, 0xff,
    0xb0, 0x55, 0xff, 0xf1, 0x65, 0xff, 0xf1, 0x65, 0xff, 0xf1, 0x65, 0xff, 0xf1, 0x65, 0xff, 0xb0, 0x55, 0xbf, 0xfa, 0xd6, 0x40, 0x00, 0x00, 0x00,
    0x00, 0x00, 0x00, 0x00, 0x00, 0x00, 0x00, 0x00, 0x00, 0x00, 0x00, 0x00, 0x00, 0x00, 0x00, 0x00, 0x00, 0x00, 0x00, 0x00, 0x00, 0x00, 0x00, 0x00,
    0x00, 0x00, 0x00, 0x00, 0x00, 0x00, 0x00, 0x00, 0x00, 0x00, 0x00, 0x00, 0x00, 0x00, 0x00, 0x00, 0x00, 0x00, 0x00, 0x00, 0x00, 0x00, 0x00, 0x00,
    0x00, 0x00, 0x00, 0x00, 0x00, 0x00, 0x00, 0x00, 0x00, 0xff, 0xff, 0x40, 0x73, 0x76, 0xbf, 0x4d, 0x35, 0xff, 0x4e, 0x45, 0xff, 0xcd, 0x3c, 0xff,
    0x8c, 0x34, 0xff, 0x0b, 0x3c, 0xff, 0xb4, 0xcd, 0xff, 0x15, 0xe6, 0xff, 0x77, 0xe6, 0xff, 0xd8, 0xfe, 0xff, 0xf8, 0xfe, 0xff, 0xf9, 0xfe, 0xff,
    0xf9, 0xfe, 0xff, 0x19, 0xff, 0xff, 0x19, 0xff, 0xff, 0x19, 0xff, 0xff, 0xf8, 0xfe, 0xff, 0xf8, 0xfe, 0xff, 0xf9, 0xfe, 0xff, 0x97, 0xde, 0xff,
    0x8c, 0x44, 0xff, 0x4d, 0x3d, 0xff, 0x6f, 0x4d, 0xff, 0xb0, 0x55, 0xff, 0xf1, 0x5d, 0xff, 0xf1, 0x5d, 0xff, 0xf1, 0x65, 0xff, 0xf1, 0x65, 0xff,
    0xf1, 0x65, 0xff, 0xf1, 0x65, 0xff, 0xf1, 0x65, 0xff, 0xf1, 0x5d, 0xff, 0xf1, 0x65, 0xff, 0xf1, 0x65, 0xff, 0xf1, 0x65, 0xff, 0xf1, 0x65, 0xff,
    0xb0, 0x4d, 0xbf, 0xf9, 0xce, 0x40, 0x00, 0x00, 0x00, 0x00, 0x00, 0x00, 0x00, 0x00, 0x00, 0x00, 0x00, 0x00, 0x00, 0x00, 0x00, 0x00, 0x00, 0x00,
    0x00, 0x00, 0x00, 0x00, 0x00, 0x00, 0x00, 0x00, 0x00, 0x00, 0x00, 0x00, 0x00, 0x00, 0x00, 0x00, 0x00, 0x00, 0x00, 0x00, 0x00, 0x00, 0x00, 0x00,
    0x00, 0x00, 0x00, 0x00, 0x00, 0x00, 0x00, 0x00, 0x00, 0x00, 0x00, 0x00, 0x00, 0x00, 0x00, 0x00, 0x00, 0x00, 0xff, 0xff, 0x40, 0x73, 0x76, 0xbf,
    0xcc, 0x34, 0xff, 0x4e, 0x45, 0xff, 0xcd, 0x3c, 0xff, 0x8c, 0x34, 0xff, 0x0a, 0x34, 0xff, 0x93, 0xbd, 0xff, 0x15, 0xe6, 0xff, 0x76, 0xe6, 0xff,
    0xb8, 0xfe, 0xff, 0xf8, 0xfe, 0xff, 0xf9, 0xfe, 0xff, 0xf9, 0xfe, 0xff, 0x19, 0xff, 0xff, 0x19, 0xff, 0xff, 0x19, 0xff, 0xff, 0xf8, 0xfe, 0xff,
    0xf8, 0xfe, 0xff, 0xf8, 0xfe, 0xff, 0x36, 0xc6, 0xff, 0x8c, 0x34, 0xff, 0x4e, 0x45, 0xff, 0x6f, 0x4d, 0xff, 0xb0, 0x55, 0xff, 0xf1, 0x5d, 0xff,
    0xf1, 0x5d, 0xff, 0xf1, 0x65, 0xff, 0xf1, 0x65, 0xff, 0xf1, 0x65, 0xff, 0xf1, 0x65, 0xff, 0xf1, 0x5d, 0xff, 0xf1, 0x5d, 0xff, 0xf1, 0x65, 0xff,
    0x32, 0x66, 0xff, 0xf1, 0x65, 0xff, 0xf1, 0x65, 0xff, 0xb0, 0x4d, 0xbf, 0xf8, 0xc6, 0x40, 0x00, 0x00, 0x00, 0x00, 0x00, 0x00, 0x00, 0x00, 0x00,
    0x00, 0x00, 0x00, 0x00, 0x00, 0x00, 0x00, 0x00, 0x00, 0x00, 0x00, 0x00, 0x00, 0x00, 0x00, 0x00, 0x00, 0x00, 0x00, 0x00, 0x00, 0x00, 0x00, 0x00,
    0x00, 0x00, 0x00, 0x00, 0x00, 0x00, 0x00, 0x00, 0x00, 0x00, 0x00, 0x00, 0x00, 0x00, 0x00, 0x00, 0x00, 0x00, 0x00, 0x00, 0x00, 0x00, 0x00, 0x00,
    0x00, 0x00, 0x00, 0xff, 0xff, 0x30, 0x73, 0x76, 0x9f, 0xcc, 0x2c, 0xef, 0x4e, 0x45, 0xff, 0x8c, 0x3c, 0xff, 0x8c, 0x34, 0xff, 0xa9, 0x1b, 0xff,
    0x53, 0xad, 0xff, 0x15, 0xe6, 0xff, 0x56, 0xe6, 0xff, 0x97, 0xfe, 0xff, 0xd8, 0xfe, 0xff, 0xf8, 0xfe, 0xff, 0x19, 0xff, 0xff, 0x19, 0xff, 0xff,
    0x19, 0xff, 0xff, 0x19, 0xff, 0xff, 0xf8, 0xfe, 0xff, 0xd8, 0xfe, 0xff, 0xf8, 0xfe, 0xff, 0xb4, 0xad, 0xff, 0x8b, 0x2c, 0xff, 0x6e, 0x45, 0xff,
    0x6f, 0x4d, 0xff, 0xb0, 0x55, 0xff, 0xf1, 0x5d, 0xff, 0xf1, 0x5d, 0xff, 0xf1, 0x65, 0xff, 0xf1, 0x65, 0xff, 0xf1, 0x65, 0xff, 0xf1, 0x5d, 0xff,
    0xb0, 0x55, 0xff, 0xf1, 0x5d, 0xff, 0xf1, 0x65, 0xff, 0xf1, 0x65, 0xff, 0xf1, 0x65, 0xff, 0xf1, 0x65, 0xff, 0xb0, 0x4d, 0xbf, 0xd8, 0xc6, 0x40,
    0x00, 0x00, 0x00, 0x00, 0x00, 0x00, 0x00, 0x00, 0x00, 0x00, 0x00, 0x00, 0x00, 0x00, 0x00, 0x00, 0x00, 0x00, 0x00, 0x00, 0x00, 0x00, 0x00, 0x00,
    0x00, 0x00, 0x00, 0x00, 0x00, 0x00, 0x00, 0x00, 0x00, 0x00, 0x00, 0x00, 0x00, 0x00, 0x00, 0x00, 0x00, 0x00, 0x00, 0x00, 0x00, 0x00, 0x00, 0x00,
    0x00, 0x00, 0x00, 0x00, 0x00, 0x00, 0x00, 0x00, 0x00, 0x00, 0x00, 0x00, 0xff, 0xff, 0x10, 0x35, 0xae, 0x60, 0xcc, 0x2c, 0xcf, 0x4e, 0x45, 0xff,
    0x8c, 0x34, 0xff, 0x8c, 0x34, 0xff, 0xa9, 0x1b, 0xff, 0xd1, 0x94, 0xff, 0xf4, 0xe5, 0xff, 0x15, 0xe6, 0xff, 0x96, 0xfe, 0xff, 0xb7, 0xfe, 0xff,
    0xd8, 0xfe, 0xff, 0xf9, 0xfe, 0xff, 0x19, 0xff, 0xff, 0x39, 0xff, 0xff, 0x19, 0xff, 0xff, 0x19, 0xff, 0xff, 0xd8, 0xfe, 0xff, 0xf8, 0xfe, 0xff,
    0x53, 0x8d, 0xff, 0xcb, 0x24, 0xff, 0x6f, 0x4d, 0xff, 0xb0, 0x4d, 0xff, 0xb0, 0x4d, 0xff, 0xf1, 0x5d, 0xff, 0xf1, 0x5d, 0xff, 0xf1, 0x5d, 0xff,
    0xf1, 0x5d, 0xff, 0xf1, 0x5d, 0xff, 0xb0, 0x55, 0xff, 0xb0, 0x55, 0xff, 0xf1, 0x65, 0xff, 0xf1, 0x65, 0xff, 0xf1, 0x65, 0xff, 0xf1, 0x65, 0xff,
    0xf1, 0x65, 0xff, 0xb0, 0x4d, 0xbf, 0xb8, 0xbe, 0x40, 0x00, 0x00, 0x00, 0x00, 0x00, 0x00, 0x00, 0x00, 0x00, 0x00, 0x00, 0x00, 0x00, 0x00, 0x00,
    0x00, 0x00, 0x00, 0x00, 0x00, 0x00, 0x00, 0x00, 0x00, 0x00, 0x00, 0x00, 0x00, 0x00, 0x00, 0x00, 0x00, 0x00, 0x00, 0x00, 0x00, 0x00, 0x00, 0x00,
    0x00, 0x00, 0x00, 0x00, 0x00, 0x00, 0x00, 0x00, 0x00, 0x00, 0x00, 0x00, 0x00, 0x00, 0x00, 0x00, 0x00, 0x00, 0x00, 0x00, 0x00, 0x00, 0x00, 0x00,
    0x76, 0xae, 0x40, 0xcc, 0x2c, 0xbf, 0x6e, 0x45, 0xff, 0x8c, 0x3c, 0xff, 0x8c, 0x34, 0xff, 0xa8, 0x1b, 0xff, 0x90, 0x8c, 0xff, 0xd4, 0xed, 0xff,
    0x14, 0xe6, 0xff, 0x76, 0xfe, 0xff, 0xb7, 0xfe, 0xff, 0xd8, 0xfe, 0xff, 0x19, 0xff, 0xff, 0x39, 0xff, 0xff, 0x3a, 0xff, 0xff, 0x3a, 0xff, 0xff,
    0x19, 0xff, 0xff, 0xb8, 0xfe, 0xff, 0xd7, 0xfe, 0xff, 0x4f, 0x5d, 0xff, 0xcc, 0x2c, 0xff, 0xb0, 0x4d, 0xff, 0xb0, 0x4d, 0xff, 0xb0, 0x4d, 0xff,
    0xf1, 0x5d, 0xff, 0xf1, 0x5d, 0xff, 0xf1, 0x5d, 0xff, 0xf1, 0x5d, 0xff, 0xf1, 0x5d, 0xff, 0xb0, 0x55, 0xff, 0xb0, 0x55, 0xff, 0xf1, 0x65, 0xff,
    0xf1, 0x65, 0xff, 0xf1, 0x65, 0xff, 0xf1, 0x65, 0xff, 0xf1, 0x65, 0xff, 0xb0, 0x4d, 0xbf, 0xb8, 0xbe, 0x40, 0x00, 0x00, 0x00, 0x00, 0x00, 0x00,
    0x00, 0x00, 0x00, 0x00, 0x00, 0x00, 0x00, 0x00, 0x00, 0x00, 0x00, 0x00, 0x00, 0x00, 0x00, 0x00, 0x00, 0x00, 0x00, 0x00, 0x00, 0x00, 0x00, 0x00,
    0x00, 0x00, 0x00, 0x00, 0x00, 0x00, 0x00, 0x00, 0x00, 0x00, 0x00, 0x00, 0x00, 0x00, 0x00, 0x00, 0x00, 0x00, 0x00, 0x00, 0x00, 0x00, 0x00, 0x00,
    0x00, 0x00, 0x00, 0x00, 0x00, 0x00, 0x00, 0x00, 0x00, 0xb8, 0xbe, 0x40, 0xcc, 0x34, 0xbf, 0x6f, 0x4d, 0xff, 0xcd, 0x3c, 0xff, 0x8c, 0x3c, 0xff,
    0xa9, 0x1b, 0xff, 0x4f, 0x74, 0xff, 0xf4, 0xed, 0xff, 0x14, 0xe6, 0xff, 0x76, 0xee, 0xff, 0x97, 0xfe, 0xff, 0xd8, 0xfe, 0xff, 0xf9, 0xfe, 0xff,
    0x3a, 0xff, 0xff, 0x3a, 0xff, 0xff, 0x3a, 0xff, 0xff, 0x3a, 0xff, 0xff, 0xd8, 0xfe, 0xff, 0x76, 0xee, 0xff, 0x4e, 0x4d, 0xff, 0x6d, 0x35, 0xff,
    0xb0, 0x4d, 0xff, 0xb0, 0x4d, 0xff, 0xb0, 0x55, 0xff, 0xb0, 0x55, 0xff, 0xf1, 0x5d, 0xff, 0xf1, 0x5d, 0xff, 0xf1, 0x5d, 0xff, 0xb0, 0x55, 0xff,
    0xb0, 0x55, 0xff, 0xf1, 0x5d, 0xff, 0xf1, 0x65, 0xff, 0xf1, 0x65, 0xff, 0xf1, 0x65, 0xff, 0xb0, 0x5d, 0xff, 0xb0, 0x5d, 0xff, 0xb0, 0x4d, 0xbf,
    0xb6, 0xb6, 0x40, 0x00, 0x00, 0x00, 0x00, 0x00, 0x00, 0x00, 0x00, 0x00, 0x00, 0x00, 0x00, 0x00, 0x00, 0x00, 0x00, 0x00, 0x00, 0x00, 0x00, 0x00,
    0x00, 0x00, 0x00, 0x00, 0x00, 0x00, 0x00, 0x00, 0x00, 0x00, 0x00, 0x00, 0x00, 0x00, 0x00, 0x00, 0x00, 0x00, 0x00, 0x00, 0x00, 0x00, 0x00, 0x00,
    0x00, 0x00, 0x00, 0x00, 0x00, 0x00, 0x00, 0x00, 0x00, 0x00, 0x00, 0x00, 0x00, 0x00, 0x00, 0x00, 0x00, 0x00, 0xd8, 0xc6, 0x40, 0xcc, 0x34, 0xbf,
    0x6f, 0x4d, 0xff, 0xcd, 0x44, 0xff, 0x8c, 0x3c, 0xff, 0x09, 0x24, 0xff, 0x8d, 0x54, 0xff, 0xf4, 0xed, 0xff, 0x14, 0xe6, 0xff, 0x76, 0xee, 0xff,
    0x76, 0xfe, 0xff, 0xb7, 0xfe, 0xff, 0xf9, 0xfe, 0xff, 0x3a, 0xff, 0xff, 0x5a, 0xff, 0xff, 0x5a, 0xff, 0xff, 0x5b, 0xff, 0xff, 0xf9, 0xfe, 0xff,
    0xf5, 0xc5, 0xff, 0xcc, 0x34, 0xff, 0x6e, 0x45, 0xff, 0xb0, 0x4d, 0xff, 0xb0, 0x4d, 0xff, 0xb0, 0x55, 0xff, 0xb0, 0x55, 0xff, 0xf1, 0x5d, 0xff,
    0xf1, 0x5d, 0xff, 0xb0, 0x55, 0xff, 0xb0, 0x55, 0xff, 0xb0, 0x55, 0xff, 0xf1, 0x65, 0xff, 0xf1, 0x65, 0xff, 0xf1, 0x65, 0xff, 0xf1, 0x65, 0xff,
    0xb0, 0x55, 0xff, 0xf1, 0x65, 0xff, 0xb0, 0x4d, 0xbf, 0x96, 0xae, 0x40, 0x00, 0x00, 0x00, 0x00, 0x00, 0x00, 0x00, 0x00, 0x00, 0x00, 0x00, 0x00,
    0x00, 0x00, 0x00, 0x00, 0x00, 0x00, 0x00, 0x00, 0x00, 0x00, 0x00, 0x00, 0x00, 0x00, 0x00, 0x00, 0x00, 0x00, 0x00, 0x00, 0x00, 0x00, 0x00, 0x00,
    0x00, 0x00, 0x00, 0x00, 0x00, 0x00, 0x00, 0x00, 0x00, 0x00, 0x00, 0x00, 0x00, 0x00, 0x00, 0x00, 0x00, 0x00, 0x00, 0x00, 0x00, 0x00, 0x00, 0x00,
    0x00, 0x00, 0x00, 0xd8, 0xc6, 0x40, 0x8c, 0x34, 0xbf, 0x6f, 0x4d, 0xff, 0xcd, 0x44, 0xff, 0x8c, 0x3c, 0xff, 0x09, 0x24, 0xff, 0x4d, 0x4c, 0xff,
    0xf5, 0xe5, 0xff, 0x14, 0xe6, 0xff, 0x35, 0xee, 0xff, 0x35, 0xee, 0xff, 0x97, 0xfe, 0xff, 0xf8, 0xfe, 0xff, 0x3a, 0xff, 0xff, 0x5a, 0xff, 0xff,
    0x5b, 0xff, 0xff, 0x5b, 0xef, 0xff, 0x3a, 0xff, 0xff, 0x53, 0x95, 0xff, 0xcb, 0x24, 0xff, 0xaf, 0x45, 0xff, 0xb0, 0x4d, 0xff, 0xb0, 0x4d, 0xff,
    0xb0, 0x55, 0xff, 0xb0, 0x55, 0xff, 0xb0, 0x55, 0xff, 0xb0, 0x55, 0xff, 0xb0, 0x55, 0xff, 0xb0, 0x55, 0xff, 0xb0, 0x55, 0xff, 0xf1, 0x65, 0xff,
    0x32, 0x66, 0xff, 0xf1, 0x65, 0xff, 0xf1, 0x65, 0xff, 0xb0, 0x55, 0xff, 0xf1, 0x65, 0xff, 0xb0, 0x4d, 0xbf, 0x75, 0xae, 0x40, 0x00, 0x00, 0x00,
    0x00, 0x00, 0x00, 0x00, 0x00, 0x00, 0x00, 0x00, 0x00, 0x00, 0x00, 0x00, 0x00, 0x00, 0x00, 0x00, 0x00, 0x00, 0x00, 0x00, 0x00, 0x00, 0x00, 0x00,
    0x00, 0x00, 0x00, 0x00, 0x00, 0x00, 0x00, 0x00, 0x00, 0x00, 0x00, 0x00, 0x00, 0x00, 0x00, 0x00, 0x00, 0x00, 0x00, 0x00, 0x00, 0x00, 0x00, 0x00,
    0x00, 0x00, 0x00, 0x00, 0x00, 0x00, 0x00, 0x00, 0x00, 0x00, 0x00, 0x00, 0xd8, 0xc6, 0x40, 0x8c, 0x34, 0xbf, 0x4e, 0x4d, 0xff, 0xcd, 0x44, 0xff,
    0x4c, 0x3c, 0xff, 0xa9, 0x1b, 0xff, 0x0c, 0x44, 0xff, 0xf4, 0xe5, 0xff, 0xf4, 0xe5, 0xff, 0x14, 0xe6, 0xff, 0x14, 0xee, 0xff, 0x76, 0xfe, 0xff,
    0xf8, 0xfe, 0xff, 0x39, 0xff, 0xff, 0x5a, 0xff, 0xff, 0x7b, 0xff, 0xff, 0x5b, 0xff, 0xff, 0x5b, 0xff, 0xff, 0x70, 0x5d, 0xff, 0xcb, 0x24, 0xff,
    0x6e, 0x45, 0xff, 0x6e, 0x45, 0xff, 0xb0, 0x4d, 0xff, 0xb0, 0x55, 0xff, 0xb0, 0x55, 0xff, 0xb0, 0x55, 0xff, 0xb0, 0x55, 0xff, 0xb0, 0x55, 0xff,
    0xb0, 0x55, 0xff, 0xb0, 0x55, 0xff, 0xf1, 0x65, 0xff, 0xf1, 0x65, 0xff, 0x32, 0x66, 0xff, 0xf1, 0x65, 0xff, 0xb0, 0x55, 0xff, 0xf1, 0x65, 0xff,
    0xb0, 0x4d, 0xbf, 0x75, 0xae, 0x40, 0x00, 0x00, 0x00, 0x00, 0x00, 0x00, 0x00, 0x00, 0x00, 0x00, 0x00, 0x00, 0x00, 0x00, 0x00, 0x00, 0x00, 0x00,
    0x00, 0x00, 0x00, 0x00, 0x00, 0x00, 0x00, 0x00, 0x00, 0x00, 0x00, 0x00, 0x00, 0x00, 0x00, 0x00, 0x00, 0x00, 0x00, 0x00, 0x00, 0x00, 0x00, 0x00,
    0x00, 0x00, 0x00, 0x00, 0x00, 0x00, 0x00, 0x00, 0x00, 0x00, 0x00, 0x00, 0x00, 0x00, 0x00, 0x00, 0x00, 0x00, 0x00, 0x00, 0x00, 0xf9, 0xce, 0x40,
    0x4b, 0x2c, 0xbf, 0xcd, 0x44, 0xff, 0x8c, 0x44, 0xff, 0x4b, 0x34, 0xff, 0xa8, 0x1b, 0xff, 0x2c, 0x4c, 0xff, 0xd4, 0xed, 0xff, 0xf4, 0xe5, 0xff,
    0xf4, 0xe5, 0xff, 0xf4, 0xe5, 0xff, 0x76, 0xfe, 0xff, 0xf9, 0xfe, 0xff, 0x3a, 0xff, 0xff, 0x7b, 0xff, 0xff, 0x7b, 0xff, 0xff, 0x5b, 0xff, 0xff,
    0x7b, 0xff, 0xff, 0x70, 0x5d, 0xff, 0xcc, 0x2c, 0xff, 0x6e, 0x45, 0xff, 0x6e, 0x45, 0xff, 0x6f, 0x4d, 0xff, 0xb0, 0x55, 0xff, 0xb0, 0x55, 0xff,
    0xb0, 0x55, 0xff, 0xb0, 0x55, 0xff, 0xb0, 0x55, 0xff, 0xb0, 0x55, 0xff, 0xf1, 0x65, 0xff, 0xf1, 0x65, 0xff, 0xf1, 0x65, 0xff, 0xf1, 0x65, 0xff,
    0xf1, 0x65, 0xff, 0xb0, 0x55, 0xff, 0x32, 0x6e, 0xff, 0xb0, 0x4d, 0xcf, 0x55, 0xae, 0x60, 0xff, 0xff, 0x20, 0x00, 0x00, 0x00, 0x00, 0x00, 0x00,
    0x00, 0x00, 0x00, 0x00, 0x00, 0x00, 0x00, 0x00, 0x00, 0x00, 0x00, 0x00, 0x00, 0x00, 0x00, 0x00, 0x00, 0x00, 0x00, 0x00, 0x00, 0x00, 0x00, 0x00,
    0x00, 0x00, 0x00, 0x00, 0x00, 0x00, 0x00, 0x00, 0x00, 0x00, 0x00, 0x00, 0x00, 0x00, 0x00, 0x00, 0x00, 0x00, 0x00, 0x00, 0x00, 0x00, 0x00, 0x00,
    0x00, 0x00, 0x00, 0x00, 0x00, 0x00, 0xf9, 0xce, 0x40, 0x8c, 0x34, 0xbf, 0xcd, 0x3c, 0xff, 0x8c, 0x3c, 0xff, 0x4c, 0x3c, 0xff, 0x68, 0x1b, 0xff,
    0x0e, 0x6c, 0xff, 0x15, 0xfe, 0xff, 0x35, 0xe6, 0xff, 0x35, 0xee, 0xff, 0xf4, 0xdd, 0xff, 0x77, 0xee, 0xff, 0x19, 0xff, 0xff, 0x5b, 0xff, 0xff,
    0x7b, 0xff, 0xff, 0x7b, 0xff, 0xff, 0x5b, 0xef, 0xff, 0x9c, 0xff, 0xff, 0x54, 0x85, 0xff, 0x8b, 0x24, 0xff, 0x6f, 0x4d, 0xff, 0x6f, 0x4d, 0xff,
    0x6f, 0x4d, 0xff, 0xb0, 0x55, 0xff, 0xb0, 0x55, 0xff, 0xb0, 0x55, 0xff, 0xb0, 0x55, 0xff, 0xb0, 0x55, 0xff, 0xb0, 0x55, 0xff, 0x32, 0x66, 0xff,
    0x32, 0x66, 0xff, 0x32, 0x66, 0xff, 0xf1, 0x65, 0xff, 0xb0, 0x55, 0xff, 0xb0, 0x5d, 0xff, 0x32, 0x6e, 0xff, 0xb0, 0x4d, 0xef, 0x73, 0x76, 0x9f,
    0xff, 0xff, 0x60, 0x00, 0x00, 0x00, 0x00, 0x00, 0x00, 0x00, 0x00, 0x00, 0x00, 0x00, 0x00, 0x00, 0x00, 0x00, 0x00, 0x00, 0x00, 0x00, 0x00, 0x00,
    0x00, 0x00, 0x00, 0x00, 0x00, 0x00, 0x00, 0x00, 0x00, 0x00, 0x00, 0x00, 0x00, 0x00, 0x00, 0x00, 0x00, 0x00, 0x00, 0x00, 0x00, 0x00, 0x00, 0x00,
    0x00, 0x00, 0x00, 0x00, 0x00, 0x00, 0x00, 0x00, 0x00, 0x00, 0x00, 0x00, 0x00, 0x00, 0x00, 0xfa, 0xd6, 0x40, 0x8c, 0x34, 0xbf, 0x8c, 0x3c, 0xff,
    0x8c, 0x3c, 0xff, 0x4c, 0x3c, 0xff, 0x68, 0x1b, 0xff, 0x2f, 0x7c, 0xff, 0x76, 0xfe, 0xff, 0x76, 0xee, 0xff, 0x76, 0xfe, 0xff, 0x15, 0xe6, 0xff,
    0x56, 0xee, 0xff, 0x19, 0xff, 0xff, 0x5b, 0xff, 0xff, 0x7b, 0xff, 0xff, 0x7b, 0xff, 0xff, 0x5b, 0xef, 0xff, 0x7b, 0xff, 0xff, 0x57, 0xbe, 0xff,
    0x8b, 0x2c, 0xff, 0x4e, 0x45, 0xff, 0x6f, 0x4d, 0xff, 0x6f, 0x4d, 0xff, 0x6f, 0x4d, 0xff, 0xb0, 0x55, 0xff, 0xb0, 0x55, 0xff, 0xb0, 0x55, 0xff,
    0xb0, 0x55, 0xff, 0xf1, 0x5d, 0xff, 0x32, 0x66, 0xff, 0x32, 0x66, 0xff, 0x32, 0x66, 0xff, 0xf1, 0x65, 0xff, 0xb0, 0x55, 0xff, 0xf1, 0x65, 0xff,
    0xf1, 0x65, 0xff, 0xb0, 0x4d, 0xff, 0x73, 0x76, 0xbf, 0xff, 0xff, 0x80, 0x00, 0x00, 0x00, 0x00, 0x00, 0x00, 0x00, 0x00, 0x00, 0x00, 0x00, 0x00,
    0x00, 0x00, 0x00, 0x00, 0x00, 0x00, 0x00, 0x00, 0x00, 0x00, 0x00, 0x00, 0x00, 0x00, 0x00, 0x00, 0x00, 0x00, 0x00, 0x00, 0x00, 0x00, 0x00, 0x00,
    0x00, 0x00, 0x00, 0x00, 0x00, 0x00, 0x00, 0x00, 0x00, 0x00, 0x00, 0x00, 0x00, 0x00, 0x00, 0x00, 0x00, 0x00, 0x00, 0x00, 0x00, 0x00, 0x00, 0x00,
    0xfa, 0xd6, 0x40, 0x8c, 0x34, 0xbf, 0x8c, 0x34, 0xff, 0x8c, 0x3c, 0xff, 0x4c, 0x3c, 0xff, 0xa9, 0x1b, 0xff, 0x0e, 0x6c, 0xff, 0x56, 0xfe, 0xff,
    0x97, 0xee, 0xff, 0xb8, 0xfe, 0xff, 0x77, 0xee, 0xff, 0x56, 0xe6, 0xff, 0xf9, 0xfe, 0xff, 0x3a, 0xff, 0xff, 0x5b, 0xff, 0xff, 0x5b, 0xff, 0xff,
    0x5b, 0xff, 0xff, 0x5b, 0xff, 0xff, 0xf8, 0xe6, 0xff, 0x8c, 0x44, 0xff, 0x4d, 0x3d, 0xff, 0x6f, 0x4d, 0xff, 0x6f, 0x4d, 0xff, 0x6f, 0x4d, 0xff,
    0xb0, 0x4d, 0xff, 0xb0, 0x55, 0xff, 0xb0, 0x55, 0xff, 0xb0, 0x55, 0xff, 0xf1, 0x65, 0xff, 0x32, 0x66, 0xff, 0x32, 0x66, 0xff, 0x32, 0x66, 0xff,
    0xf1, 0x5d, 0xff, 0xb0, 0x55, 0xff, 0xf1, 0x65, 0xff, 0x32, 0x6e, 0xff, 0xb0, 0x4d, 0xff, 0x73, 0x76, 0xbf, 0xff, 0xff, 0x80, 0x00, 0x00, 0x00,
    0x00, 0x00, 0x00, 0x00, 0x00, 0x00, 0x00, 0x00, 0x00, 0x00, 0x00, 0x00, 0x00, 0x00, 0x00, 0x00, 0x00, 0x00, 0x00, 0x00, 0x00, 0x00, 0x00, 0x00,
    0x00, 0x00, 0x00, 0x00, 0x00, 0x00, 0x00, 0x00, 0x00, 0x00, 0x00, 0x00, 0x00, 0x00, 0x00, 0x00, 0x00, 0x00, 0x00, 0x00, 0x00, 0x00, 0x00, 0x00,
    0x00, 0x00, 0x00, 0x00, 0x00, 0x00, 0x00, 0x00, 0x00, 0xfa, 0xd6, 0x40, 0x8c, 0x34, 0xbf, 0xcd, 0x3c, 0xff, 0x8c, 0x3c, 0xff, 0x4b, 0x34, 0xff,
    0x0a, 0x2c, 0xff, 0x0c, 0x44, 0xff, 0xb4, 0xdd, 0xff, 0x76, 0xee, 0xff, 0xf9, 0xfe, 0xff, 0xb8, 0xfe, 0xff, 0x56, 0xe6, 0xff, 0xb8, 0xfe, 0xff,
    0x19, 0xff, 0xff, 0x3a, 0xff, 0xff, 0x5a, 0xff, 0xff, 0x3a, 0xff, 0xff, 0x1a, 0xff, 0xff, 0x59, 0xff, 0xff, 0x70, 0x5d, 0xff, 0xcc, 0x34, 0xff,
    0x4e, 0x4d, 0xff, 0x6f, 0x4d, 0xff, 0xb0, 0x4d, 0xff, 0xb0, 0x4d, 0xff, 0xb0, 0x55, 0xff, 0xb0, 0x4d, 0xff, 0xf1, 0x5d, 0xff, 0x32, 0x66, 0xff,
    0x32, 0x66, 0xff, 0xf1, 0x65, 0xff, 0xf1, 0x65, 0xff, 0xb0, 0x55, 0xff, 0xb0, 0x55, 0xff, 0xf1, 0x65, 0xff, 0x32, 0x66, 0xff, 0xb0, 0x4d, 0xff,
    0x73, 0x76, 0xbf, 0xff, 0xff, 0x80, 0x00, 0x00, 0x00, 0x00, 0x00, 0x00, 0x00, 0x00, 0x00, 0x00, 0x00, 0x00, 0x00, 0x00, 0x00, 0x00, 0x00, 0x00,
    0x00, 0x00, 0x00, 0x00, 0x00, 0x00, 0x00, 0x00, 0x00, 0x00, 0x00, 0x00, 0x00, 0x00, 0x00, 0x00, 0x00, 0x00, 0x00, 0x00, 0x00, 0x00, 0x00, 0x00,
    0x00, 0x00, 0x00, 0x00, 0x00, 0x00, 0x00, 0x00, 0x00, 0x00, 0x00, 0x00, 0x00, 0x00, 0x00, 0x00, 0x00, 0x00, 0xfa, 0xd6, 0x40, 0xcd, 0x3c, 0xbf,
    0xcd, 0x3c, 0xff, 0xcd, 0x3c, 0xff, 0x8c, 0x34, 0xff, 0x4b, 0x34, 0xff, 0xa9, 0x23, 0xff, 0xf2, 0xac, 0xff, 0x56, 0xee, 0xff, 0xf9, 0xfe, 0xff,
    0xd8, 0xfe, 0xff, 0x56, 0xee, 0xff, 0x97, 0xee, 0xff, 0xd8, 0xfe, 0xff, 0x19, 0xff, 0xff, 0x3a, 0xff, 0xff, 0x19, 0xff, 0xff, 0xf9, 0xfe, 0xff,
    0x59, 0xff, 0xff, 0x53, 0x85, 0xff, 0x8b, 0x24, 0xff, 0x6f, 0x4d, 0xff, 0xb0, 0x4d, 0xff, 0xb0, 0x55, 0xff, 0xb0, 0x4d, 0xff, 0xb0, 0x4d, 0xff,
    0xb0, 0x55, 0xff, 0xf1, 0x65, 0xff, 0x32, 0x66, 0xff, 0xf1, 0x65, 0xff, 0xf1, 0x65, 0xff, 0xf1, 0x5d, 0xff, 0xb0, 0x55, 0xff, 0xb0, 0x55, 0xff,
    0xf1, 0x65, 0xff, 0xf1, 0x65, 0xff, 0xb0, 0x4d, 0xff, 0x73, 0x76, 0xbf, 0xff, 0xff, 0x80, 0x00, 0x00, 0x00, 0x00, 0x00, 0x00, 0x00, 0x00, 0x00,
    0x00, 0x00, 0x00, 0x00, 0x00, 0x00, 0x00, 0x00, 0x00, 0x00, 0x00, 0x00, 0x00, 0x00, 0x00, 0x00, 0x00, 0x00, 0x00, 0x00, 0x00, 0x00, 0x00, 0x00,
    0x00, 0x00, 0x00, 0x00, 0x00, 0x00, 0x00, 0x00, 0x00, 0x00, 0x00, 0x00, 0x00, 0x00, 0x00, 0x00, 0x00, 0x00, 0x00, 0x00, 0x00, 0x00, 0x00, 0x00,
    0x00, 0x00, 0x00, 0x1a, 0xd7, 0x40, 0xcd, 0x3c, 0xbf, 0x4d, 0x3d, 0xff, 0x4d, 0x3d, 0xff, 0x8c, 0x34, 0xff, 0x8c, 0x34, 0xff, 0x09, 0x24, 0xff,
    0xf2, 0x9c, 0xff, 0x36, 0xfe, 0xff, 0xb8, 0xee, 0xff, 0xb7, 0xfe, 0xff, 0x55, 0xee, 0xff, 0x56, 0xee, 0xff, 0xb7, 0xfe, 0xff, 0xf8, 0xfe, 0xff,
    0x19, 0xff, 0xff, 0x19, 0xff, 0xff, 0xf9, 0xfe, 0xff, 0x39, 0xff, 0xff, 0x15, 0xae, 0xff, 0xcc, 0x2c, 0xff, 0xb0, 0x4d, 0xff, 0xb0, 0x4d, 0xff,
    0xf1, 0x5d, 0xff, 0xf1, 0x5d, 0xff, 0xb0, 0x4d, 0xff, 0xf1, 0x5d, 0xff, 0x32, 0x66, 0xff, 0x32, 0x66, 0xff, 0xf1, 0x65, 0xff, 0xf1, 0x65, 0xff,
    0xb0, 0x55, 0xff, 0xb0, 0x55, 0xff, 0xb0, 0x55, 0xff, 0xf1, 0x65, 0xff, 0xf1, 0x65, 0xff, 0xf0, 0x55, 0xff, 0x73, 0x76, 0xbf, 0xff, 0xff, 0x80,
    0x00, 0x00, 0x00, 0x00, 0x00, 0x00, 0x00, 0x00, 0x00, 0x00, 0x00, 0x00, 0x00, 0x00, 0x00, 0x00, 0x00, 0x00, 0x00, 0x00, 0x00, 0x00, 0x00, 0x00,
    0x00, 0x00, 0x00, 0x00, 0x00, 0x00, 0x00, 0x00, 0x00, 0x00, 0x00, 0x00, 0x00, 0x00, 0x00, 0x00, 0x00, 0x00, 0x00, 0x00, 0x00, 0x00, 0x00, 0x00,
    0x00, 0x00, 0x00, 0x00, 0x00, 0x00, 0x00, 0x00, 0x00, 0x00, 0x00, 0x00, 0x3a, 0xd7, 0x40, 0x4e, 0x45, 0xbf, 0x6e, 0x45, 0xff, 0x4e, 0x45, 0xff,
    0xcd, 0x3c, 0xff, 0x8c, 0x34, 0xff, 0x09, 0x24, 0xff, 0xb1, 0x8c, 0xff, 0x35, 0xee, 0xff, 0x97, 0xee, 0xff, 0x97, 0xfe, 0xff, 0x56, 0xee, 0xff,
    0x76, 0xee, 0xff, 0x97, 0xfe, 0xff, 0xd8, 0xfe, 0xff, 0x19, 0xff, 0xff, 0x19, 0xff, 0xff, 0x19, 0xff, 0xff, 0x3a, 0xff, 0xff, 0x98, 0xd6, 0xff,
    0x4e, 0x45, 0xff, 0xaf, 0x45, 0xff, 0xb0, 0x4d, 0xff, 0xf0, 0x55, 0xff, 0xb0, 0x4d, 0xff, 0xb0, 0x4d, 0xff, 0x32, 0x66, 0xff, 0x32, 0x66, 0xff,
    0xf1, 0x65, 0xff, 0xf1, 0x65, 0xff, 0xf1, 0x65, 0xff, 0xb0, 0x55, 0xff, 0xb0, 0x55, 0xff, 0xb0, 0x55, 0xff, 0xf1, 0x65, 0xff, 0xf1, 0x65, 0xff,
    0xb0, 0x4d, 0xff, 0x32, 0x6e, 0xbf, 0xff, 0xff, 0x80, 0x00, 0x00, 0x00, 0x00, 0x00, 0x00, 0x00, 0x00, 0x00, 0x00, 0x00, 0x00, 0x00, 0x00, 0x00,
    0x00, 0x00, 0x00, 0x00, 0x00, 0x00, 0x00, 0x00, 0x00, 0x00, 0x00, 0x00, 0x00, 0x00, 0x00, 0x00, 0x00, 0x00, 0x00, 0x00, 0x00, 0x00, 0x00, 0x00,
    0x00, 0x00, 0x00, 0x00, 0x00, 0x00, 0x00, 0x00, 0x00, 0x00, 0x00, 0x00, 0x00, 0x00, 0x00, 0x00, 0x00, 0x00, 0x00, 0x00, 0x00, 0x1a, 0xd7, 0x40,
    0x4e, 0x45, 0xbf, 0x6e, 0x45, 0xff, 0x6e, 0x45, 0xff, 0x4d, 0x3d, 0xff, 0xcc, 0x34, 0xff, 0x09, 0x24, 0xff, 0x70, 0x74, 0xff, 0x15, 0xee, 0xff,
    0x35, 0xe6, 0xff, 0x96, 0xfe, 0xff, 0x76, 0xfe, 0xff, 0x96, 0xfe, 0xff, 0x97, 0xfe, 0xff, 0xd8, 0xfe, 0xff, 0x19, 0xff, 0xff, 0x19, 0xff, 0xff,
    0x1a, 0xff, 0xff, 0x3a, 0xff, 0xff, 0xf9, 0xee, 0xff, 0x4f, 0x55, 0xff, 0xaf, 0x45, 0xff, 0xb0, 0x4d, 0xff, 0xb0, 0x4d, 0xff, 0xb0, 0x4d, 0xff,
    0xf1, 0x5d, 0xff, 0x32, 0x66, 0xff, 0x32, 0x66, 0xff, 0xf1, 0x65, 0xff, 0xf1, 0x65, 0xff, 0xb0, 0x55, 0xff, 0xb0, 0x55, 0xff, 0xb0, 0x55, 0xff,
    0xf1, 0x65, 0xff, 0xf1, 0x65, 0xff, 0xf1, 0x65, 0xff, 0xf1, 0x5d, 0xff, 0x32, 0x6e, 0xbf, 0xbd, 0xef, 0x80, 0x00, 0x00, 0x00, 0x00, 0x00, 0x00,
    0x00, 0x00, 0x00, 0x00, 0x00, 0x00, 0x00, 0x00, 0x00, 0x00, 0x00, 0x00, 0x00, 0x00, 0x00, 0x00, 0x00, 0x00, 0x00, 0x00, 0x00, 0x00, 0x00, 0x00,
    0x00, 0x00, 0x00, 0x00, 0x00, 0x00, 0x00, 0x00, 0x00, 0x00, 0x00, 0x00, 0x00, 0x00, 0x00, 0x00, 0x00, 0x00, 0x00, 0x00, 0x00, 0x00, 0x00, 0x00,
    0x00, 0x00, 0x00, 0x00, 0x00, 0x00, 0x1a, 0xd7, 0x40, 0xcd, 0x44, 0xbf, 0x4e, 0x45, 0xff, 0x4e, 0x45, 0xff, 0x4d, 0x3d, 0xff, 0x8c, 0x3c, 0xff,
    0x09, 0x24, 0xff, 0xae, 0x54, 0xff, 0xf4, 0xed, 0xff, 0x14, 0xe6, 0xff, 0x76, 0xee, 0xff, 0x97, 0xfe, 0xff, 0x97, 0xfe, 0xff, 0xb7, 0xfe, 0xff,
    0xd8, 0xfe, 0xff, 0x19, 0xff, 0xff, 0x39, 0xff, 0xff, 0x3a, 0xff, 0xff, 0x3b, 0xef, 0xff, 0x3a, 0xff, 0xff, 0x70, 0x5d, 0xff, 0x6e, 0x45, 0xff,
    0xb0, 0x4d, 0xff, 0xb0, 0x4d, 0xff, 0xb0, 0x4d, 0xff, 0x32, 0x66, 0xff, 0xf1, 0x65, 0xff, 0xf1, 0x65, 0xff, 0xf1, 0x65, 0xff, 0xf1, 0x65, 0xff,
    0xb0, 0x55, 0xff, 0xb0, 0x55, 0xff, 0xb0, 0x55, 0xff, 0xf1, 0x65, 0xff, 0xf1, 0x65, 0xff, 0xf1, 0x65, 0xff, 0xf1, 0x5d, 0xff, 0x32, 0x6e, 0xbf,
    0xbd, 0xef, 0x80, 0x00, 0x00, 0x00, 0x00, 0x00, 0x00, 0x00, 0x00, 0x00, 0x00, 0x00, 0x00, 0x00, 0x00, 0x00, 0x00, 0x00, 0x00, 0x00, 0x00, 0x00,
    0x00, 0x00, 0x00, 0x00, 0x00, 0x00, 0x00, 0x00, 0x00, 0x00, 0x00, 0x00, 0x00, 0x00, 0x00, 0x00, 0x00, 0x00, 0x00, 0x00, 0x00, 0x00, 0x00, 0x00,
    0x00, 0x00, 0x00, 0x00, 0x00, 0x00, 0x00, 0x00, 0x00, 0x00, 0x00, 0x00, 0x00, 0x00, 0x00, 0x1a, 0xd7, 0x40, 0xcd, 0x44, 0xbf, 0xcd, 0x3c, 0xff,
    0xcd, 0x3c, 0xff, 0xcd, 0x3c, 0xff, 0x8c, 0x34, 0xff, 0x09, 0x24, 0xff, 0x4d, 0x4c, 0xff, 0xf4, 0xe5, 0xff, 0xf4, 0xe5, 0xff, 0x76, 0xee, 0xff,
    0x97, 0xfe, 0xff, 0x97, 0xfe, 0xff, 0xb8, 0xfe, 0xff, 0xd8, 0xfe, 0xff, 0x19, 0xff, 0xff, 0x3a, 0xff, 0xff, 0x3a, 0xff, 0xff, 0x1b, 0xef, 0xff,
    0x3a, 0xff, 0xff, 0xb1, 0x65, 0xff, 0x6d, 0x35, 0xff, 0xb0, 0x4d, 0xff, 0xb0, 0x4d, 0xff, 0xf1, 0x65, 0xff, 0xf1, 0x65, 0xff, 0xf1, 0x65, 0xff,
    0xf1, 0x65, 0xff, 0xf1, 0x65, 0xff, 0xb0, 0x55, 0xff, 0xb0, 0x55, 0xff, 0xb0, 0x55, 0xff, 0xb0, 0x55, 0xff, 0xf1, 0x65, 0xff, 0xf1, 0x65, 0xff,
    0xf1, 0x65, 0xff, 0xf1, 0x5d, 0xff, 0x32, 0x6e, 0xbf, 0xbd, 0xef, 0x80, 0x00, 0x00, 0x00, 0x00, 0x00, 0x00, 0x00, 0x00, 0x00, 0x00, 0x00, 0x00,
    0x00, 0x00, 0x00, 0x00, 0x00, 0x00, 0x00, 0x00, 0x00, 0x00, 0x00, 0x00, 0x00, 0x00, 0x00, 0x00, 0x00, 0x00, 0x00, 0x00, 0x00, 0x00, 0x00, 0x00,
    0x00, 0x00, 0x00, 0x00, 0x00, 0x00, 0x00, 0x00, 0x00, 0x00, 0x00, 0x00, 0x00, 0x00, 0x00, 0x00, 0x00, 0x00, 0x00, 0x00, 0x00, 0x00, 0x00, 0x00,
    0x1b, 0xdf, 0x40, 0xcd, 0x3c, 0xbf, 0xcc, 0x34, 0xff, 0xcd, 0x3c, 0xff, 0xcd, 0x3c, 0xff, 0x8c, 0x34, 0xff, 0x4b, 0x2c, 0xff, 0x0b, 0x3c, 0xff,
    0xb3, 0xd5, 0xff, 0xd4, 0xe5, 0xff, 0x56, 0xee, 0xff, 0x97, 0xfe, 0xff, 0xb7, 0xfe, 0xff, 0xb8, 0xfe, 0xff, 0xf8, 0xfe, 0xff, 0x19, 0xff, 0xff,
    0x39, 0xff, 0xff, 0x3a, 0xff, 0xff, 0x1a, 0xef, 0xff, 0x39, 0xff, 0xff, 0xd1, 0x65, 0xff, 0x4c, 0x2d, 0xff, 0x6f, 0x4d, 0xff, 0xb0, 0x55, 0xff,
    0xf1, 0x65, 0xff, 0xf1, 0x65, 0xff, 0xf1, 0x65, 0xff, 0xf1, 0x65, 0xff, 0xb0, 0x55, 0xff, 0xb0, 0x55, 0xff, 0xb0, 0x55, 0xff, 0xb0, 0x55, 0xff,
    0xf1, 0x65, 0xff, 0xf1, 0x65, 0xff, 0x32, 0x66, 0xff, 0x32, 0x6e, 0xff, 0x32, 0x66, 0xff, 0x32, 0x6e, 0xbf, 0x9d, 0xef, 0x80, 0x00, 0x00, 0x00,
    0x00, 0x00, 0x00, 0x00, 0x00, 0x00, 0x00, 0x00, 0x00, 0x00, 0x00, 0x00, 0x00, 0x00, 0x00, 0x00, 0x00, 0x00, 0x00, 0x00, 0x00, 0x00, 0x00, 0x00,
    0x00, 0x00, 0x00, 0x00, 0x00, 0x00, 0x00, 0x00, 0x00, 0x00, 0x00, 0x00, 0x00, 0x00, 0x00, 0x00, 0x00, 0x00, 0x00, 0x00, 0x00, 0x00, 0x00, 0x00,
    0x00, 0x00, 0x00, 0x00, 0x00, 0x00, 0x00, 0x00, 0x00, 0x3b, 0xdf, 0x40, 0xcd, 0x44, 0xbf, 0xcc, 0x34, 0xff, 0xcd, 0x3c, 0xff, 0x4d, 0x3d, 0xff,
    0xcd, 0x3c, 0xff, 0x4b, 0x34, 0xff, 0x0a, 0x34, 0xff, 0xb3, 0xcd, 0xff, 0xd3, 0xe5, 0xff, 0x35, 0xee, 0xff, 0x97, 0xfe, 0xff, 0xb7, 0xfe, 0xff,
    0xb8, 0xfe, 0xff, 0xf8, 0xfe, 0xff, 0x19, 0xff, 0xff, 0x3a, 0xff, 0xff, 0x3a, 0xff, 0xff, 0x1a, 0xef, 0xff, 0x39, 0xff, 0xff, 0x54, 0x8d, 0xff,
    0xcc, 0x2c, 0xff, 0x6f, 0x55, 0xff, 0xb0, 0x55, 0xff, 0xb0, 0x5d, 0xff, 0xf1, 0x65, 0xff, 0xf1, 0x65, 0xff, 0xf1, 0x65, 0xff, 0xb0, 0x55, 0xff,
    0xb0, 0x55, 0xff, 0xb0, 0x55, 0xff, 0xf1, 0x5d, 0xff, 0x32, 0x66, 0xff, 0xf1, 0x65, 0xff, 0x32, 0x66, 0xff, 0x32, 0x6e, 0xff, 0x32, 0x66, 0xff,
    0xf2, 0x6d, 0xbf, 0x9d, 0xef, 0x80, 0x00, 0x00, 0x00, 0x00, 0x00, 0x00, 0x00, 0x00, 0x00, 0x00, 0x00, 0x00, 0x00, 0x00, 0x00, 0x00, 0x00, 0x00,
    0x00, 0x00, 0x00, 0x00, 0x00, 0x00, 0x00, 0x00, 0x00, 0x00, 0x00, 0x00, 0x00, 0x00, 0x00, 0x00, 0x00, 0x00, 0x00, 0x00, 0x00, 0x00, 0x00, 0x00,
    0x00, 0x00, 0x00, 0x00, 0x00, 0x00, 0x00, 0x00, 0x00, 0x00, 0x00, 0x00, 0x00, 0x00, 0x00, 0x00, 0x00, 0x00, 0x9c, 0xe7, 0x40, 0x4f, 0x5d, 0xbf,
    0xcc, 0x34, 0xff, 0x6e, 0x45, 0xff, 0x6e, 0x45, 0xff, 0xcd, 0x3c, 0xff, 0x8c, 0x34, 0xff, 0x0a, 0x2c, 0xff, 0x52, 0xb5, 0xff, 0xf4, 0xe5, 0xff,
    0x35, 0xe6, 0xff, 0x97, 0xfe, 0xff, 0xd8, 0xfe, 0xff, 0xd8, 0xfe, 0xff, 0xf9, 0xfe, 0xff, 0x19, 0xff, 0xff, 0x3a, 0xff, 0xff, 0x3a, 0xff, 0xff,
    0xf9, 0xee, 0xff, 0x19, 0xff, 0xff, 0x93, 0x9d, 0xff, 0xcc, 0x34, 0xff, 0xb0, 0x55, 0xff, 0xb0, 0x55, 0xff, 0xb0, 0x5d, 0xff, 0xf1, 0x65, 0xff,
    0xf1, 0x65, 0xff, 0xb0, 0x55, 0xff, 0xb0, 0x55, 0xff, 0xf1, 0x5d, 0xff, 0xf1, 0x5d, 0xff, 0xf1, 0x65, 0xff, 0x32, 0x66, 0xff, 0xf1, 0x65, 0xff,
    0x32, 0x66, 0xff, 0xf1, 0x65, 0xff, 0x32, 0x66, 0xff, 0xf1, 0x65, 0xbf, 0x9c, 0xe7, 0x80, 0x00, 0x00, 0x00, 0x00, 0x00, 0x00, 0x00, 0x00, 0x00,
    0x00, 0x00, 0x00, 0x00, 0x00, 0x00, 0x00, 0x00, 0x00, 0x00, 0x00, 0x00, 0x00, 0x00, 0x00, 0x00, 0x00, 0x00, 0x00, 0x00, 0x00, 0x00, 0x00, 0x00,
    0x00, 0x00, 0x00, 0x00, 0x00, 0x00, 0x00, 0x00, 0x00, 0x00, 0x00, 0x00, 0x00, 0x00, 0x00, 0x00, 0x00, 0x00, 0x00, 0x00, 0x00, 0x00, 0x00, 0x00,
    0x00, 0x00, 0x00, 0xff, 0xff, 0x40, 0xb1, 0x65, 0xbf, 0xcc, 0x34, 0xff, 0xb0, 0x4d, 0xff, 0x6e, 0x45, 0xff, 0xcd, 0x3c, 0xff, 0x8c, 0x3c, 0xff,
    0x09, 0x24, 0xff, 0xd1, 0x94, 0xff, 0xf4, 0xe5, 0xff, 0x15, 0xde, 0xff, 0x97, 0xee, 0xff, 0xd8, 0xfe, 0xff, 0xf8, 0xfe, 0xff, 0xf9, 0xfe, 0xff,
    0x19, 0xff, 0xff, 0x19, 0xff, 0xff, 0x19, 0xff, 0xff, 0xf9, 0xee, 0xff, 0xf8, 0xfe, 0xff, 0xb4, 0xad, 0xff, 0x4d, 0x35, 0xff, 0x6f, 0x55, 0xff,
    0xb0, 0x55, 0xff, 0xb0, 0x55, 0xff, 0xb0, 0x55, 0xff, 0xb0, 0x55, 0xff, 0xb0, 0x55, 0xff, 0xf1, 0x5d, 0xff, 0xf1, 0x65, 0xff, 0x32, 0x66, 0xff,
    0x32, 0x66, 0xff, 0x32, 0x66, 0xff, 0x32, 0x66, 0xff, 0x32, 0x6e, 0xff, 0xf1, 0x65, 0xff, 0x32, 0x66, 0xff, 0xf1, 0x65, 0xbf, 0x7c, 0xe7, 0x80,
    0x00, 0x00, 0x00, 0x00, 0x00, 0x00, 0x00, 0x00, 0x00, 0x00, 0x00, 0x00, 0x00, 0x00, 0x00, 0x00, 0x00, 0x00, 0x00, 0x00, 0x00, 0x00, 0x00, 0x00,
    0x00, 0x00, 0x00, 0x00, 0x00, 0x00, 0x00, 0x00, 0x00, 0x00, 0x00, 0x00, 0x00, 0x00, 0x00, 0x00, 0x00, 0x00, 0x00, 0x00, 0x00, 0x00, 0x00, 0x00,
    0x00, 0x00, 0x00, 0x00, 0x00, 0x00, 0x00, 0x00, 0x00, 0x00, 0x00, 0x00, 0xff, 0xff, 0x40, 0xb1, 0x65, 0xbf, 0x4e, 0x45, 0xff, 0x6f, 0x4d, 0xff,
    0x4e, 0x45, 0xff, 0xcd, 0x3c, 0xff, 0x8c, 0x3c, 0xff, 0x09, 0x24, 0xff, 0x4f, 0x6c, 0xff, 0xd4, 0xe5, 0xff, 0xf4, 0xdd, 0xff, 0x76, 0xee, 0xff,
    0xd8, 0xfe, 0xff, 0xf8, 0xfe, 0xff, 0xf9, 0xfe, 0xff, 0x19, 0xff, 0xff, 0x19, 0xff, 0xff, 0x19, 0xff, 0xff, 0xd9, 0xfe, 0xff, 0xd8, 0xfe, 0xff,
    0xb5, 0xad, 0xff, 0xcc, 0x34, 0xff, 0x6f, 0x4d, 0xff, 0x6f, 0x4d, 0xff, 0x6f, 0x55, 0xff, 0xb0, 0x4d, 0xff, 0xb0, 0x4d, 0xff, 0xb0, 0x55, 0xff,
    0xf1, 0x5d, 0xff, 0xf1, 0x65, 0xff, 0xf1, 0x65, 0xff, 0x32, 0x66, 0xff, 0x32, 0x66, 0xff, 0x32, 0x66, 0xff, 0xf1, 0x65, 0xff, 0xf1, 0x65, 0xff,
    0x32, 0x66, 0xff, 0xf1, 0x5d, 0xbf, 0x3b, 0xdf, 0x80, 0x00, 0x00, 0x00, 0x00, 0x00, 0x00, 0x00, 0x00, 0x00, 0x00, 0x00, 0x00, 0x00, 0x00, 0x00,
    0x00, 0x00, 0x00, 0x00, 0x00, 0x00, 0x00, 0x00, 0x00, 0x00, 0x00, 0x00, 0x00, 0x00, 0x00, 0x00, 0x00, 0x00, 0x00, 0x00, 0x00, 0x00, 0x00, 0x00,
    0x00, 0x00, 0x00, 0x00, 0x00, 0x00, 0x00, 0x00, 0x00, 0x00, 0x00, 0x00, 0x00, 0x00, 0x00, 0x00, 0x00, 0x00, 0x00, 0x00, 0x00, 0x7c, 0xe7, 0x40,
    0x6f, 0x55, 0xbf, 0x6f, 0x4d, 0xff, 0x6f, 0x4d, 0xff, 0xcd, 0x44, 0xff, 0x8c, 0x3c, 0xff, 0x4b, 0x34, 0xff, 0xa9, 0x1b, 0xff, 0x0c, 0x44, 0xff,
    0xb3, 0xdd, 0xff, 0xb3, 0xd5, 0xff, 0x56, 0xee, 0xff, 0xb7, 0xfe, 0xff, 0xd8, 0xfe, 0xff, 0xf8, 0xfe, 0xff, 0x19, 0xff, 0xff, 0x19, 0xff, 0xff,
    0x19, 0xff, 0xff, 0xd9, 0xfe, 0xff, 0xd7, 0xfe, 0xff, 0xb5, 0xb5, 0xff, 0xcc, 0x34, 0xff, 0x6f, 0x4d, 0xff, 0x6f, 0x4d, 0xff, 0x6f, 0x4d, 0xff,
    0x6f, 0x4d, 0xff, 0xb0, 0x4d, 0xff, 0xb0, 0x4d, 0xff, 0xb0, 0x55, 0xff, 0xf1, 0x5d, 0xff, 0xf1, 0x65, 0xff, 0x32, 0x66, 0xff, 0x32, 0x66, 0xff,
    0x32, 0x66, 0xff, 0x32, 0x66, 0xff, 0xf1, 0x65, 0xff, 0x32, 0x66, 0xff, 0xb0, 0x55, 0xbf, 0x3a, 0xd7, 0x80, 0x00, 0x00, 0x00, 0x00, 0x00, 0x00,
    0x00, 0x00, 0x00, 0x00, 0x00, 0x00, 0x00, 0x00, 0x00, 0x00, 0x00, 0x00, 0x00, 0x00, 0x00, 0x00, 0x00, 0x00, 0x00, 0x00, 0x00, 0x00, 0x00, 0x00,
    0x00, 0x00, 0x00, 0x00, 0x00, 0x00, 0x00, 0x00, 0x00, 0x00, 0x00, 0x00, 0x00, 0x00, 0x00, 0x00, 0x00, 0x00, 0x00, 0x00, 0x00, 0x00, 0x00, 0x00,
    0x00, 0x00, 0x00, 0x00, 0x00, 0x00, 0x3b, 0xdf, 0x40, 0x6f, 0x4d, 0xbf, 0x6f, 0x4d, 0xff, 0x4e, 0x45, 0xff, 0xcd, 0x3c, 0xff, 0x8c, 0x3c, 0xff,
    0x4b, 0x34, 0xff, 0x0a, 0x2c, 0xff, 0xca, 0x2b, 0xff, 0x93, 0xc5, 0xff, 0xb3, 0xdd, 0xff, 0x35, 0xe6, 0xff, 0x97, 0xfe, 0xff, 0xd8, 0xfe, 0xff,
    0xf8, 0xfe, 0xff, 0xf9, 0xfe, 0xff, 0x19, 0xff, 0xff, 0x19, 0xff, 0xff, 0xf9, 0xfe, 0xff, 0xd8, 0xfe, 0xff, 0xd5, 0xb5, 0xff, 0x4c, 0x2d, 0xff,
    0x6e, 0x45, 0xff, 0x6e, 0x45, 0xff, 0x6e, 0x45, 0xff, 0xb0, 0x4d, 0xff, 0xb0, 0x4d, 0xff, 0xb0, 0x55, 0xff, 0xb0, 0x55, 0xff, 0xf1, 0x65, 0xff,
    0x32, 0x66, 0xff, 0x32, 0x66, 0xff, 0x32, 0x66, 0xff, 0x32, 0x66, 0xff, 0xf1, 0x65, 0xff, 0xf1, 0x65, 0xff, 0xf1, 0x65, 0xff, 0xb0, 0x55, 0xbf,
    0x1a, 0xd7, 0x80, 0x00, 0x00, 0x00, 0x00, 0x00, 0x00, 0x00, 0x00, 0x00, 0x00, 0x00, 0x00, 0x00, 0x00, 0x00, 0x00, 0x00, 0x00, 0x00, 0x00, 0x00,
    0x00, 0x00, 0x00, 0x00, 0x00, 0x00, 0x00, 0x00, 0x00, 0x00, 0x00, 0x00, 0x00, 0x00, 0x00, 0x00, 0x00, 0x00, 0x00, 0x00, 0x00, 0x00, 0x00, 0x00,
    0x00, 0x00, 0x00, 0x00, 0x00, 0x00, 0x00, 0x00, 0x00, 0x00, 0x00, 0x00, 0x00, 0x00, 0x00, 0x3b, 0xdf, 0x40, 0x6f, 0x4d, 0xbf, 0x4e, 0x45, 0xff,
    0xcd, 0x3c, 0xff, 0x8c, 0x3c, 0xff, 0x4b, 0x34, 0xff, 0x4b, 0x34, 0xff, 0x4b, 0x34, 0xff, 0xa8, 0x1b, 0xff, 0x11, 0xa5, 0xff, 0xf4, 0xe5, 0xff,
    0x35, 0xe6, 0xff, 0x97, 0xfe, 0xff, 0xd8, 0xfe, 0xff, 0xf8, 0xfe, 0xff, 0xf8, 0xfe, 0xff, 0x19, 0xff, 0xff, 0x19, 0xff, 0xff, 0xf9, 0xfe, 0xff,
    0xf8, 0xfe, 0xff, 0xd6, 0xb5, 0xff, 0x4c, 0x2d, 0xff, 0xaf, 0x45, 0xff, 0xb0, 0x4d, 0xff, 0xf1, 0x5d, 0xff, 0xf1, 0x65, 0xff, 0xf1, 0x65, 0xff,
    0x32, 0x66, 0xff, 0x32, 0x6e, 0xff, 0x32, 0x6e, 0xff, 0x32, 0x6e, 0xff, 0x32, 0x66, 0xff, 0xf1, 0x65, 0xff, 0xf1, 0x65, 0xff, 0xf1, 0x65, 0xff,
    0xf1, 0x65, 0xff, 0xf1, 0x65, 0xff, 0xb0, 0x55, 0xbf, 0x1a, 0xd7, 0x80, 0x00, 0x00, 0x00, 0x00, 0x00, 0x00, 0x00, 0x00, 0x00, 0x00, 0x00, 0x00,
    0x00, 0x00, 0x00, 0x00, 0x00, 0x00, 0x00, 0x00, 0x00, 0x00, 0x00, 0x00, 0x00, 0x00, 0x00, 0x00, 0x00, 0x00, 0x00, 0x00, 0x00, 0x00, 0x00, 0x00,
    0x00, 0x00, 0x00, 0x00, 0x00, 0x00, 0x00, 0x00, 0x00, 0x00, 0x00, 0x00, 0x00, 0x00, 0x00, 0x00, 0x00, 0x00, 0x00, 0x00, 0x00, 0x00, 0x00, 0x00,
    0x9d, 0xef, 0x40, 0x6f, 0x55, 0xbf, 0xcc, 0x34, 0xff, 0x8c, 0x34, 0xff, 0x4b, 0x34, 0xff, 0x4b, 0x34, 0xff, 0x4b, 0x34, 0xff, 0x4c, 0x3c, 0xff,
    0xa9, 0x1b, 0xff, 0x90, 0x7c, 0xff, 0x14, 0xee, 0xff, 0x35, 0xe6, 0xff, 0xb7, 0xee, 0xff, 0xd8, 0xfe, 0xff, 0xf9, 0xfe, 0xff, 0xf9, 0xfe, 0xff,
    0xf9, 0xfe, 0xff, 0xf9, 0xfe, 0xff, 0xf9, 0xfe, 0xff, 0xd8, 0xfe, 0xff, 0xd5, 0xb5, 0xff, 0x4d, 0x35, 0xff, 0xb0, 0x4d, 0xff, 0xf1, 0x5d, 0xff,
    0x32, 0x66, 0xff, 0x32, 0x6e, 0xff, 0x32, 0x6e, 0xff, 0x32, 0x6e, 0xff, 0x32, 0x6e, 0xff, 0x32, 0x6e, 0xff, 0x32, 0x66, 0xff, 0xf1, 0x65, 0xff,
    0xf1, 0x65, 0xff, 0xf1, 0x5d, 0xff, 0xf1, 0x5d, 0xff, 0xf1, 0x5d, 0xff, 0xf1, 0x5d, 0xff, 0xf1, 0x5d, 0xbf, 0x1a, 0xd7, 0x80, 0x00, 0x00, 0x00,
    0x00, 0x00, 0x00, 0x00, 0x00, 0x00, 0x00, 0x00, 0x00, 0x00, 0x00, 0x00, 0x00, 0x00, 0x00, 0x00, 0x00, 0x00, 0x00, 0x00, 0x00, 0x00, 0x00, 0x00,
    0x00, 0x00, 0x00, 0x00, 0x00, 0x00, 0x00, 0x00, 0x00, 0x00, 0x00, 0x00, 0x00, 0x00, 0x00, 0x00, 0x00, 0x00, 0x00, 0x00, 0x00, 0x00, 0x00, 0x00,
    0x00, 0x00, 0x00, 0x00, 0x00, 0x00, 0x00, 0x00, 0x00, 0xff, 0xff, 0x40, 0xf2, 0x6d, 0xbf, 0x4b, 0x2c, 0xff, 0x4b, 0x34, 0xff, 0x4b, 0x34, 0xff,
    0x4b, 0x34, 0xff, 0x8c, 0x34, 0xff, 0x8c, 0x3c, 0xff, 0x4b, 0x2c, 0xff, 0xae, 0x54, 0xff, 0x35, 0xee, 0xff, 0x35, 0xde, 0xff, 0xb7, 0xee, 0xff,
    0xd8, 0xfe, 0xff, 0xf9, 0xfe, 0xff, 0xf9, 0xfe, 0xff, 0x19, 0xff, 0xff, 0xf9, 0xfe, 0xff, 0xd8, 0xfe, 0xff, 0xb7, 0xfe, 0xff, 0xb5, 0xb5, 0xff,
    0x4d, 0x35, 0xff, 0xb0, 0x55, 0xff, 0xf1, 0x5d, 0xff, 0xf1, 0x65, 0xff, 0x32, 0x66, 0xff, 0x32, 0x6e, 0xff, 0x32, 0x6e, 0xff, 0x32, 0x6e, 0xff,
    0x32, 0x66, 0xff, 0xf1, 0x65, 0xff, 0xf1, 0x5d, 0xff, 0xb0, 0x55, 0xff, 0xb0, 0x55, 0xff, 0xb0, 0x55, 0xff, 0xb0, 0x55, 0xff, 0xf1, 0x65, 0xff,
    0xb0, 0x55, 0xbf, 0x19, 0xcf, 0x80, 0x00, 0x00, 0x00, 0x00, 0x00, 0x00, 0x00, 0x00, 0x00, 0x00, 0x00, 0x00, 0x00, 0x00, 0x00, 0x00, 0x00, 0x00,
    0x00, 0x00, 0x00, 0x00, 0x00, 0x00, 0x00, 0x00, 0x00, 0x00, 0x00, 0x00, 0x00, 0x00, 0x00, 0x00, 0x00, 0x00, 0x00, 0x00, 0x00, 0x00, 0x00, 0x00,
    0x00, 0x00, 0x00, 0x00, 0x00, 0x00, 0x00, 0x00, 0x00, 0x00, 0x00, 0x00, 0x00, 0x00, 0x00, 0x00, 0x00, 0x00, 0xff, 0xff, 0x40, 0xf2, 0x6d, 0xbf,
    0x4b, 0x2c, 0xff, 0x8c, 0x3c, 0xff, 0x8c, 0x3c, 0xff, 0x8c, 0x3c, 0xff, 0x8c, 0x3c, 0xff, 0x8c, 0x3c, 0xff, 0x8c, 0x34, 0xff, 0x4c, 0x44, 0xff,
    0x15, 0xd6, 0xff, 0x15, 0xe6, 0xff, 0x97, 0xee, 0xff, 0xd8, 0xfe, 0xff, 0xf9, 0xfe, 0xff, 0x19, 0xff, 0xff, 0x19, 0xff, 0xff, 0xf8, 0xfe, 0xff,
    0xd8, 0xfe, 0xff, 0xb7, 0xfe, 0xff, 0xb4, 0xb5, 0xff, 0xcc, 0x34, 0xff, 0xb0, 0x55, 0xff, 0xb0, 0x55, 0xff, 0xf1, 0x65, 0xff, 0x32, 0x66, 0xff,
    0x32, 0x66, 0xff, 0x32, 0x66, 0xff, 0x32, 0x66, 0xff, 0xf1, 0x65, 0xff, 0xf1, 0x65, 0xff, 0xf1, 0x65, 0xff, 0xf1, 0x65, 0xff, 0xf1, 0x65, 0xff,
    0xf1, 0x65, 0xff, 0xf1, 0x5d, 0xff, 0xf1, 0x65, 0xff, 0xb0, 0x4d, 0xbf, 0xf9, 0xc6, 0x80, 0x00, 0x00, 0x00, 0x00, 0x00, 0x00, 0x00, 0x00, 0x00,
    0x00, 0x00, 0x00, 0x00, 0x00, 0x00, 0x00, 0x00, 0x00, 0x00, 0x00, 0x00, 0x00, 0x00, 0x00, 0x00, 0x00, 0x00, 0x00, 0x00, 0x00, 0x00, 0x00, 0x00,
    0x00, 0x00, 0x00, 0x00, 0x00, 0x00, 0x00, 0x00, 0x00, 0x00, 0x00, 0x00, 0x00, 0x00, 0x00, 0x00, 0x00, 0x00, 0x00, 0x00, 0x00, 0x00, 0x00, 0x00,
    0x00, 0x00, 0x00, 0x7c, 0xe7, 0x40, 0x4f, 0x55, 0xbf, 0x8c, 0x34, 0xff, 0x8c, 0x3c, 0xff, 0x8c, 0x3c, 0xff, 0x8c, 0x3c, 0xff, 0x8c, 0x3c, 0xff,
    0x8c, 0x34, 0xff, 0x8c, 0x34, 0xff, 0x4a, 0x24, 0xff, 0x94, 0xb5, 0xff, 0x35, 0xee, 0xff, 0x77, 0xe6, 0xff, 0xd8, 0xfe, 0xff, 0xf8, 0xfe, 0xff,
    0xf9, 0xfe, 0xff, 0xf9, 0xfe, 0xff, 0xf8, 0xfe, 0xff, 0xd8, 0xfe, 0xff, 0xb7, 0xfe, 0xff, 0xd5, 0xbd, 0xff, 0xcc, 0x34, 0xff, 0xb0, 0x4d, 0xff,
    0xb0, 0x55, 0xff, 0xf1, 0x65, 0xff, 0xf1, 0x65, 0xff, 0xf1, 0x65, 0xff, 0xf1, 0x65, 0xff, 0xf1, 0x65, 0xff, 0x32, 0x66, 0xff, 0x32, 0x66, 0xff,
    0xf1, 0x65, 0xff, 0xf1, 0x65, 0xff, 0xf1, 0x65, 0xff, 0xf1, 0x65, 0xff, 0xf1, 0x65, 0xff, 0xf1, 0x65, 0xff, 0xb0, 0x4d, 0xbf, 0xd8, 0xbe, 0x80,
    0x00, 0x00, 0x00, 0x00, 0x00, 0x00, 0x00, 0x00, 0x00, 0x00, 0x00, 0x00, 0x00, 0x00, 0x00, 0x00, 0x00, 0x00, 0x00, 0x00, 0x00, 0x00, 0x00, 0x00,
    0x00, 0x00, 0x00, 0x00, 0x00, 0x00, 0x00, 0x00, 0x00, 0x00, 0x00, 0x00, 0x00, 0x00, 0x00, 0x00, 0x00, 0x00, 0x00, 0x00, 0x00, 0x00, 0x00, 0x00,
    0x00, 0x00, 0x00, 0x00, 0x00, 0x00, 0x00, 0x00, 0x00, 0x00, 0x00, 0x00, 0xd8, 0xc6, 0x40, 0x8c, 0x34, 0xbf, 0xcd, 0x44, 0xff, 0xcd, 0x44, 0xff,
    0x8c, 0x3c, 0xff, 0x8c, 0x3c, 0xff, 0x8c, 0x34, 0xff, 0x8c, 0x34, 0xff, 0x8c, 0x34, 0xff, 0x09, 0x24, 0xff, 0xf2, 0x84, 0xff, 0x35, 0xee, 0xff,
    0x56, 0xe6, 0xff, 0xb7, 0xfe, 0xff, 0xd8, 0xfe, 0xff, 0xf9, 0xfe, 0xff, 0xf9, 0xfe, 0xff, 0xf9, 0xfe, 0xff, 0xf9, 0xfe, 0xff, 0xd8, 0xfe, 0xff,
    0x16, 0xc6, 0xff, 0xcc, 0x34, 0xff, 0x6e, 0x45, 0xff, 0xb0, 0x55, 0xff, 0xf1, 0x5d, 0xff, 0xf1, 0x5d, 0xff, 0xf1, 0x65, 0xff, 0xf1, 0x65, 0xff,
    0x32, 0x66, 0xff, 0x32, 0x66, 0xff, 0x32, 0x66, 0xff, 0x32, 0x66, 0xff, 0xf1, 0x65, 0xff, 0xf1, 0x65, 0xff, 0xf1, 0x65, 0xff, 0xf1, 0x65, 0xff,
    0xf1, 0x65, 0xff, 0xb0, 0x4d, 0xbf, 0xb7, 0xb6, 0x80, 0x00, 0x00, 0x00, 0x00, 0x00, 0x00, 0x00, 0x00, 0x00, 0x00, 0x00, 0x00, 0x00, 0x00, 0x00,
    0x00, 0x00, 0x00, 0x00, 0x00, 0x00, 0x00, 0x00, 0x00, 0x00, 0x00, 0x00, 0x00, 0x00, 0x00, 0x00, 0x00, 0x00, 0x00, 0x00, 0x00, 0x00, 0x00, 0x00,
    0x00, 0x00, 0x00, 0x00, 0x00, 0x00, 0x00, 0x00, 0x00, 0x00, 0x00, 0x00, 0x00, 0x00, 0x00, 0x00, 0x00, 0x00, 0x00, 0x00, 0x00, 0x76, 0xb6, 0x40,
    0x8c, 0x34, 0xbf, 0xcd, 0x44, 0xff, 0x8c, 0x3c, 0xff, 0x8c, 0x3c, 0xff, 0x8c, 0x34, 0xff, 0x8c, 0x34, 0xff, 0x8c, 0x34, 0xff, 0x8c, 0x34, 0xff,
    0x0a, 0x2c, 0xff, 0x8d, 0x54, 0xff, 0xf5, 0xe5, 0xff, 0xf4, 0xe5, 0xff, 0x96, 0xee, 0xff, 0xb7, 0xfe, 0xff, 0xd8, 0xfe, 0xff, 0xf8, 0xfe, 0xff,
    0x19, 0xff, 0xff, 0x19, 0xff, 0xff, 0x19, 0xff, 0xff, 0x77, 0xd6, 0xff, 0x4d, 0x3d, 0xff, 0xaf, 0x45, 0xff, 0xf1, 0x5d, 0xff, 0xf1, 0x5d, 0xff,
    0xf1, 0x65, 0xff, 0xf1, 0x65, 0xff, 0x32, 0x66, 0xff, 0x32, 0x66, 0xff, 0x32, 0x66, 0xff, 0x32, 0x66, 0xff, 0xf1, 0x65, 0xff, 0xf1, 0x65, 0xff,
    0xf1, 0x5d, 0xff, 0xf1, 0x5d, 0xff, 0xf1, 0x5d, 0xff, 0xf1, 0x65, 0xff, 0xb0, 0x4d, 0xbf, 0xb7, 0xb6, 0x80, 0x00, 0x00, 0x00, 0x00, 0x00, 0x00,
    0x00, 0x00, 0x00, 0x00, 0x00, 0x00, 0x00, 0x00, 0x00, 0x00, 0x00, 0x00, 0x00, 0x00, 0x00, 0x00, 0x00, 0x00, 0x00, 0x00, 0x00, 0x00, 0x00, 0x00,
    0x00, 0x00, 0x00, 0x00, 0x00, 0x00, 0x00, 0x00, 0x00, 0x00, 0x00, 0x00, 0x00, 0x00, 0x00, 0x00, 0x00, 0x00, 0x00, 0x00, 0x00, 0x00, 0x00, 0x00,
    0x00, 0x00, 0x00, 0xff, 0xff, 0x10, 0x35, 0xae, 0x60, 0x8b, 0x2c, 0xcf, 0xcd, 0x3c, 0xff, 0x8c, 0x34, 0xff, 0xcd, 0x3c, 0xff, 0xcd, 0x3c, 0xff,
    0xcd, 0x3c, 0xff, 0x8c, 0x34, 0xff, 0x8c, 0x34, 0xff, 0x4b, 0x34, 0xff, 0x0a, 0x34, 0xff, 0x93, 0xc5, 0xff, 0xb3, 0xe5, 0xff, 0x55, 0xee, 0xff,
    0x97, 0xfe, 0xff, 0xb8, 0xfe, 0xff, 0xf8, 0xfe, 0xff, 0x19, 0xff, 0xff, 0x3a, 0xff, 0xff, 0x3a, 0xff, 0xff, 0xd8, 0xe6, 0xff, 0x6f, 0x4d, 0xff,
    0xf0, 0x55, 0xff, 0xf1, 0x5d, 0xff, 0xf1, 0x65, 0xff, 0xf1, 0x65, 0xff, 0xf1, 0x65, 0xff, 0xf1, 0x65, 0xff, 0xf1, 0x65, 0xff, 0xf1, 0x65, 0xff,
    0xf1, 0x65, 0xff, 0xf1, 0x65, 0xff, 0xf1, 0x5d, 0xff, 0xf1, 0x5d, 0xff, 0xf1, 0x5d, 0xff, 0xf1, 0x5d, 0xff, 0xf1, 0x65, 0xff, 0xb0, 0x4d, 0xcf,
    0x97, 0xa6, 0x9f, 0x00, 0x00, 0x00, 0x00, 0x00, 0x00, 0x00, 0x00, 0x00, 0x00, 0x00, 0x00, 0x00, 0x00, 0x00, 0x00, 0x00, 0x00, 0x00, 0x00, 0x00,
    0x00, 0x00, 0x00, 0x00, 0x00, 0x00, 0x00, 0x00, 0x00, 0x00, 0x00, 0x00, 0x00, 0x00, 0x00, 0x00, 0x00, 0x00, 0x00, 0x00, 0x00, 0x00, 0x00, 0x00,
    0x00, 0x00, 0x00, 0x00, 0x00, 0x00, 0x00, 0x00, 0x00, 0x00, 0x00, 0x00, 0xff, 0xff, 0x30, 0x32, 0x6e, 0x9f, 0x8c, 0x34, 0xef, 0xcd, 0x44, 0xff,
    0xcd, 0x3c, 0xff, 0xcd, 0x3c, 0xff, 0xcd, 0x3c, 0xff, 0x8c, 0x3c, 0xff, 0x8c, 0x34, 0xff, 0x4b, 0x34, 0xff, 0x4b, 0x34, 0xff, 0xa8, 0x1b, 0xff,
    0xd1, 0x9c, 0xff, 0xb3, 0xe5, 0xff, 0xf4, 0xe5, 0xff, 0x76, 0xee, 0xff, 0xb8, 0xfe, 0xff, 0xf9, 0xfe, 0xff, 0x19, 0xff, 0xff, 0x3a, 0xff, 0xff,
    0x3a, 0xff, 0xff, 0x1a, 0xef, 0xff, 0x6f, 0x55, 0xff, 0xf0, 0x4d, 0xff, 0xf1, 0x5d, 0xff, 0xf1, 0x5d, 0xff, 0xf1, 0x65, 0xff, 0xf1, 0x65, 0xff,
    0xf1, 0x65, 0xff, 0xf1, 0x65, 0xff, 0xf1, 0x65, 0xff, 0xf1, 0x65, 0xff, 0xf1, 0x65, 0xff, 0xf1, 0x65, 0xff, 0x32, 0x66, 0xff, 0x32, 0x66, 0xff,
    0x32, 0x66, 0xff, 0x32, 0x6e, 0xff, 0xf0, 0x55, 0xef, 0x73, 0x76, 0xdf, 0x00, 0x00, 0x00, 0x00, 0x00, 0x00, 0x00, 0x00, 0x00, 0x00, 0x00, 0x00,
    0x00, 0x00, 0x00, 0x00, 0x00, 0x00, 0x00, 0x00, 0x00, 0x00, 0x00, 0x00, 0x00, 0x00, 0x00, 0x00, 0x00, 0x00, 0x00, 0x00, 0x00, 0x00, 0x00, 0x00,
    0x00, 0x00, 0x00, 0x00, 0x00, 0x00, 0x00, 0x00, 0x00, 0x00, 0x00, 0x00, 0x00, 0x00, 0x00, 0x00, 0x00, 0x00, 0x00, 0x00, 0x00, 0xff, 0xff, 0x40,
    0x70, 0x5d, 0xbf, 0x8c, 0x34, 0xff, 0xcd, 0x44, 0xff, 0xcd, 0x3c, 0xff, 0xcd, 0x3c, 0xff, 0xcd, 0x3c, 0xff, 0xcd, 0x3c, 0xff, 0x8c, 0x3c, 0xff,
    0x4b, 0x34, 0xff, 0x4b, 0x34, 0xff, 0xa8, 0x1b, 0xff, 0x0f, 0x64, 0xff, 0xb3, 0xe5, 0xff, 0xd3, 0xdd, 0xff, 0x76, 0xee, 0xff, 0xb8, 0xfe, 0xff,
    0xf9, 0xfe, 0xff, 0x39, 0xff, 0xff, 0x3a, 0xff, 0xff, 0x3a, 0xff, 0xff, 0x1a, 0xff, 0xff, 0x70, 0x65, 0xff, 0xf0, 0x4d, 0xff, 0x32, 0x66, 0xff,
    0x32, 0x66, 0xff, 0x32, 0x66, 0xff, 0x32, 0x66, 0xff, 0xf1, 0x65, 0xff, 0xf1, 0x65, 0xff, 0xf1, 0x65, 0xff, 0xf1, 0x65, 0xff, 0xf1, 0x65, 0xff,
    0xf1, 0x65, 0xff, 0xf1, 0x65, 0xff, 0xf1, 0x65, 0xff, 0xf1, 0x5d, 0xff, 0xf1, 0x65, 0xff, 0xb0, 0x4d, 0xff, 0x73, 0x76, 0xff, 0x00, 0x00, 0x00,
    0x00, 0x00, 0x00, 0x00, 0x00, 0x00, 0x00, 0x00, 0x00, 0x00, 0x00, 0x00, 0x00, 0x00, 0x00, 0x00, 0x00, 0x00, 0x00, 0x00, 0x00, 0x00, 0x00, 0x00,
    0x00, 0x00, 0x00, 0x00, 0x00, 0x00, 0x00, 0x00, 0x00, 0x00, 0x00, 0x00, 0x00, 0x00, 0x00, 0x00, 0x00, 0x00, 0x00, 0x00, 0x00, 0x00, 0x00, 0x00,
    0x00, 0x00, 0x00, 0x00, 0x00, 0x00, 0xbf, 0xff, 0x30, 0x70, 0x5d, 0x9f, 0x4d, 0x3d, 0xef, 0x6e, 0x45, 0xff, 0x4e, 0x45, 0xff, 0x4d, 0x3d, 0xff,
    0xcd, 0x3c, 0xff, 0xcd, 0x3c, 0xff, 0x8c, 0x3c, 0xff, 0x4b, 0x34, 0xff, 0x0a, 0x34, 0xff, 0xa9, 0x1b, 0xff, 0x0c, 0x44, 0xff, 0xb3, 0xdd, 0xff,
    0xb3, 0xdd, 0xff, 0x76, 0xee, 0xff, 0xb8, 0xfe, 0xff, 0xf9, 0xfe, 0xff, 0x19, 0xff, 0xff, 0x1a, 0xff, 0xff, 0x1a, 0xff, 0xff, 0x3a, 0xff, 0xff,
    0xb1, 0x65, 0xff, 0xaf, 0x45, 0xff, 0xf1, 0x65, 0xff, 0x32, 0x66, 0xff, 0x32, 0x66, 0xff, 0x32, 0x66, 0xff, 0x32, 0x66, 0xff, 0x32, 0x6e, 0xff,
    0x32, 0x6e, 0xff, 0x32, 0x66, 0xff, 0x32, 0x66, 0xff, 0x32, 0x66, 0xff, 0x32, 0x66, 0xff, 0x32, 0x66, 0xff, 0x32, 0x66, 0xff, 0x72, 0x6e, 0xff,
    0xf0, 0x55, 0xef, 0x73, 0x76, 0xdf, 0x00, 0x00, 0x00, 0x00, 0x00, 0x00, 0x00, 0x00, 0x00, 0x00, 0x00, 0x00, 0x00, 0x00, 0x00, 0x00, 0x00, 0x00,
    0x00, 0x00, 0x00, 0x00, 0x00, 0x00, 0x00, 0x00, 0x00, 0x00, 0x00, 0x00, 0x00, 0x00, 0x00, 0x00, 0x00, 0x00, 0x00, 0x00, 0x00, 0x00, 0x00, 0x00,
    0x00, 0x00, 0x00, 0x00, 0x00, 0x00, 0x00, 0x00, 0x00, 0x00, 0x00, 0x00, 0x00, 0x00, 0x00, 0xff, 0xff, 0x10, 0xf5, 0xad, 0x60, 0x0b, 0x3c, 0xcf,
    0x8c, 0x3c, 0xff, 0xcd, 0x44, 0xff, 0xcd, 0x44, 0xff, 0x8c, 0x44, 0xff, 0x8c, 0x3c, 0xff, 0x4c, 0x3c, 0xff, 0x4c, 0x3c, 0xff, 0x0a, 0x34, 0xff,
    0x0a, 0x34, 0xff, 0x0a, 0x34, 0xff, 0x72, 0xc5, 0xff, 0xd3, 0xe5, 0xff, 0x76, 0xee, 0xff, 0xd8, 0xfe, 0xff, 0xf8, 0xfe, 0xff, 0xf9, 0xfe, 0xff,
    0xf9, 0xfe, 0xff, 0x19, 0xff, 0xff, 0x5a, 0xff, 0xff, 0x13, 0x8d, 0xff, 0x6e, 0x45, 0xff, 0xb0, 0x5d, 0xff, 0xf1, 0x65, 0xff, 0xf1, 0x65, 0xff,
    0xf1, 0x65, 0xff, 0xf1, 0x65, 0xff, 0xb0, 0x5d, 0xff, 0xb0, 0x5d, 0xff, 0x6f, 0x55, 0xff, 0x4f, 0x55, 0xff, 0xce, 0x54, 0xff, 0x4c, 0x4c, 0xff,
    0x0b, 0x44, 0xff, 0x0c, 0x44, 0xff, 0xe8, 0x2a, 0xef, 0xce, 0x54, 0xaf, 0x9c, 0xe7, 0x80, 0x00, 0x00, 0x00, 0x00, 0x00, 0x00, 0x00, 0x00, 0x00,
    0x00, 0x00, 0x00, 0x00, 0x00, 0x00, 0x00, 0x00, 0x00, 0x00, 0x00, 0x00, 0x00, 0x00, 0x00, 0x00, 0x00, 0x00, 0x00, 0x00, 0x00, 0x00, 0x00, 0x00,
    0x00, 0x00, 0x00, 0x00, 0x00, 0x00, 0x00, 0x00, 0x00, 0x00, 0x00, 0x00, 0x00, 0x00, 0x00, 0x00, 0x00, 0x00, 0x00, 0x00, 0x00, 0x00, 0x00, 0x00,
    0x00, 0x00, 0x00, 0xba, 0xd6, 0x40, 0xe8, 0x31, 0xbf, 0x29, 0x32, 0xff, 0xe8, 0x29, 0xff, 0xe8, 0x29, 0xff, 0xc7, 0x21, 0xff, 0xa7, 0x21, 0xff,
    0xa6, 0x19, 0xff, 0xa6, 0x19, 0xff, 0xa6, 0x19, 0xff, 0xc7, 0x21, 0xff, 0x45, 0x09, 0xff, 0x4f, 0x9c, 0xff, 0x14, 0xee, 0xff, 0x55, 0xee, 0xff,
    0xb7, 0xfe, 0xff, 0xd8, 0xfe, 0xff, 0xf8, 0xfe, 0xff, 0xf8, 0xfe, 0xff, 0xf9, 0xee, 0xff, 0x5b, 0xff, 0xff, 0xb1, 0x9c, 0xff, 0x46, 0x09, 0xff,
    0x29, 0x2a, 0xff, 0xe8, 0x21, 0xff, 0x29, 0x2a, 0xff, 0xaa, 0x3a, 0xff, 0x69, 0x32, 0xff, 0x69, 0x32, 0xff, 0x69, 0x32, 0xff, 0x29, 0x32, 0xff,
    0x08, 0x32, 0xff, 0xc7, 0x29, 0xff, 0x86, 0x29, 0xff, 0x45, 0x21, 0xff, 0xa7, 0x29, 0xff, 0x24, 0x19, 0xcf, 0x10, 0x84, 0x60, 0xff, 0xff, 0x20,
    0x00, 0x00, 0x00, 0x00, 0x00, 0x00, 0x00, 0x00, 0x00, 0x00, 0x00, 0x00, 0x00, 0x00, 0x00, 0x00, 0x00, 0x00, 0x00, 0x00, 0x00, 0x00, 0x00, 0x00,
    0x00, 0x00, 0x00, 0x00, 0x00, 0x00, 0x00, 0x00, 0x00, 0x00, 0x00, 0x00, 0x00, 0x00, 0x00, 0x00, 0x00, 0x00, 0x00, 0x00, 0x00, 0x00, 0x00, 0x00,
    0x00, 0x00, 0x00, 0x00, 0x00, 0x00, 0x00, 0x00, 0x00, 0x00, 0x00, 0x00, 0xd6, 0xb5, 0x40, 0x29, 0x32, 0xbf, 0xab, 0x42, 0xff, 0x6a, 0x3a, 0xff,
    0x49, 0x32, 0xff, 0x29, 0x32, 0xff, 0xe8, 0x29, 0xff, 0xc8, 0x29, 0xff, 0xc7, 0x29, 0xff, 0x86, 0x21, 0xff, 0xc7, 0x29, 0xff, 0x05, 0x09, 0xff,
    0x2b, 0x63, 0xff, 0x14, 0xee, 0xff, 0x15, 0xee, 0xff, 0xb7, 0xfe, 0xff, 0xd8, 0xfe, 0xff, 0xf8, 0xfe, 0xff, 0xf8, 0xfe, 0xff, 0xf9, 0xfe, 0xff,
    0x3a, 0xff, 0xff, 0xb4, 0xbd, 0xff, 0xe8, 0x29, 0xff, 0xab, 0x42, 0xff, 0xaa, 0x42, 0xff, 0xcc, 0x4a, 0xff, 0x2d, 0x53, 0xff, 0x0d, 0x53, 0xff,
    0x2d, 0x53, 0xff, 0x2d, 0x53, 0xff, 0x0d, 0x53, 0xff, 0x0c, 0x4b, 0xff, 0xec, 0x4a, 0xff, 0xcb, 0x42, 0xff, 0xab, 0x42, 0xff, 0xec, 0x4a, 0xff,
    0x49, 0x32, 0xbf, 0x51, 0x84, 0x40, 0x00, 0x00, 0x00, 0x00, 0x00, 0x00, 0x00, 0x00, 0x00, 0x00, 0x00, 0x00, 0x00, 0x00, 0x00, 0x00, 0x00, 0x00,
    0x00, 0x00, 0x00, 0x00, 0x00, 0x00, 0x00, 0x00, 0x00, 0x00, 0x00, 0x00, 0x00, 0x00, 0x00, 0x00, 0x00, 0x00, 0x00, 0x00, 0x00, 0x00, 0x00, 0x00,
    0x00, 0x00, 0x00, 0x00, 0x00, 0x00, 0x00, 0x00, 0x00, 0x00, 0x00, 0x00, 0x00, 0x00, 0x00, 0x00, 0x00, 0x00, 0x00, 0x00, 0x00, 0x54, 0x9d, 0x40,
    0x09, 0x2a, 0xbf, 0xab, 0x3a, 0xff, 0x6a, 0x3a, 0xff, 0x49, 0x32, 0xff, 0x29, 0x32, 0xff, 0x29, 0x32, 0xff, 0x09, 0x32, 0xff, 0xe8, 0x29, 0xff,
    0xc7, 0x29, 0xff, 0xe8, 0x29, 0xff, 0x66, 0x19, 0xff, 0x28, 0x3a, 0xff, 0xf4, 0xe5, 0xff, 0x35, 0xee, 0xff, 0xb7, 0xfe, 0xff, 0xd8, 0xfe, 0xff,
    0xf8, 0xfe, 0xff, 0xf8, 0xfe, 0xff, 0xf9, 0xfe, 0xff, 0x19, 0xff, 0xff, 0x56, 0xd6, 0xff, 0x49, 0x3a, 0xff, 0xab, 0x42, 0xff, 0xaa, 0x3a, 0xff,
    0xec, 0x4a, 0xff, 0x0c, 0x4b, 0xff, 0xec, 0x4a, 0xff, 0xec, 0x4a, 0xff, 0xec, 0x4a, 0xff, 0xec, 0x4a, 0xff, 0xcc, 0x4a, 0xff, 0xcb, 0x4a, 0xff,
    0xcb, 0x4a, 0xff, 0xcb, 0x42, 0xff, 0xec, 0x4a, 0xff, 0x29, 0x32, 0xbf, 0x51, 0x84, 0x40, 0x00, 0x00, 0x00, 0x00, 0x00, 0x00, 0x00, 0x00, 0x00,
    0x00, 0x00, 0x00, 0x00, 0x00, 0x00, 0x00, 0x00, 0x00, 0x00, 0x00, 0x00, 0x00, 0x00, 0x00, 0x00, 0x00, 0x00, 0x00, 0x00, 0x00, 0x00, 0x00, 0x00,
    0x00, 0x00, 0x00, 0x00, 0x00, 0x00, 0x00, 0x00, 0x00, 0x00, 0x00, 0x00, 0x00, 0x00, 0x00, 0x00, 0x00, 0x00, 0x00, 0x00, 0x00, 0x00, 0x00, 0x00,
    0x00, 0x00, 0x00, 0x00, 0x00, 0x00, 0x92, 0x8c, 0x40, 0x29, 0x32, 0xbf, 0xab, 0x3a, 0xff, 0x6a, 0x3a, 0xff, 0x4a, 0x3a, 0xff, 0x49, 0x32, 0xff,
    0x29, 0x32, 0xff, 0xe8, 0x29, 0xff, 0xe8, 0x29, 0xff, 0xc7, 0x29, 0xff, 0xc7, 0x29, 0xff, 0xa7, 0x21, 0xff, 0x66, 0x19, 0xff, 0x52, 0xc5, 0xff,
    0x56, 0xee, 0xff, 0xd8, 0xfe, 0xff, 0xf9, 0xfe, 0xff, 0xf9, 0xfe, 0xff, 0xf9, 0xfe, 0xff, 0xf9, 0xfe, 0xff, 0xf9, 0xfe, 0xff, 0xb8, 0xee, 0xff,
    0xeb, 0x52, 0xff, 0x6a, 0x3a, 0xff, 0xab, 0x42, 0xff, 0xec, 0x4a, 0xff, 0xec, 0x4a, 0xff, 0xec, 0x4a, 0xff, 0xec, 0x4a, 0xff, 0xec, 0x4a, 0xff,
    0xec, 0x4a, 0xff, 0xcb, 0x4a, 0xff, 0xcc, 0x4a, 0xff, 0xec, 0x4a, 0xff, 0xcc, 0x4a, 0xff, 0x0d, 0x53, 0xff, 0x49, 0x3a, 0xbf, 0x50, 0x84, 0x40,
    0x00, 0x00, 0x00, 0x00, 0x00, 0x00, 0x00, 0x00, 0x00, 0x00, 0x00, 0x00, 0x00, 0x00, 0x00, 0x00, 0x00, 0x00, 0x00, 0x00, 0x00, 0x00, 0x00, 0x00,
    0x00, 0x00, 0x00, 0x00, 0x00, 0x00, 0x00, 0x00, 0x00, 0x00, 0x00, 0x00, 0x00, 0x00, 0x00, 0x00, 0x00, 0x00, 0x00, 0x00, 0x00, 0x00, 0x00, 0x00,
    0x00, 0x00, 0x00, 0x00, 0x00, 0x00, 0x00, 0x00, 0x00, 0x00, 0x00, 0x00, 0x00, 0x00, 0x00, 0x30, 0x7c, 0x40, 0x09, 0x2a, 0xbf, 0x6a, 0x3a, 0xff,
    0x49, 0x32, 0xff, 0x49, 0x32, 0xff, 0x29, 0x32, 0xff, 0x09, 0x32, 0xff, 0x09, 0x32, 0xff, 0x08, 0x32, 0xff, 0xc7, 0x29, 0xff, 0xc7, 0x29, 0xff,
    0xc7, 0x29, 0xff, 0x45, 0x11, 0xff, 0x4f, 0x9c, 0xff, 0x97, 0xfe, 0xff, 0xd9, 0xfe, 0xff, 0x19, 0xff, 0xff, 0x19, 0xff, 0xff, 0xf9, 0xfe, 0xff,
    0xf9, 0xfe, 0xff, 0xf9, 0xfe, 0xff, 0x3a, 0xff, 0xff, 0xce, 0x73, 0xff, 0x08, 0x2a, 0xff, 0xec, 0x4a, 0xff, 0xec, 0x4a, 0xff, 0xec, 0x4a, 0xff,
    0xec, 0x4a, 0xff, 0xcc, 0x4a, 0xff, 0xec, 0x4a, 0xff, 0xec, 0x4a, 0xff, 0xcc, 0x4a, 0xff, 0xcc, 0x4a, 0xff, 0xec, 0x4a, 0xff, 0xcc, 0x4a, 0xff,
    0x0d, 0x53, 0xff, 0x49, 0x3a, 0xbf, 0x50, 0x84, 0x40, 0x00, 0x00, 0x00, 0x00, 0x00, 0x00, 0x00, 0x00, 0x00, 0x00, 0x00, 0x00, 0x00, 0x00, 0x00,
    0x00, 0x00, 0x00, 0x00, 0x00, 0x00, 0x00, 0x00, 0x00, 0x00, 0x00, 0x00, 0x00, 0x00, 0x00, 0x00, 0x00, 0x00, 0x00, 0x00, 0x00, 0x00, 0x00, 0x00,
    0x00, 0x00, 0x00, 0x00, 0x00, 0x00, 0x00, 0x00, 0x00, 0x00, 0x00, 0x00, 0x00, 0x00, 0x00, 0x00, 0x00, 0x00, 0x00, 0x00, 0x00, 0x00, 0x00, 0x00,
    0x10, 0x74, 0x40, 0x09, 0x2a, 0xbf, 0x6a, 0x3a, 0xff, 0x6a, 0x3a, 0xff, 0x6a, 0x3a, 0xff, 0x49, 0x3a, 0xff, 0x29, 0x32, 0xff, 0x29, 0x32, 0xff,
    0x08, 0x32, 0xff, 0xe8, 0x29, 0xff, 0xc7, 0x29, 0xff, 0xc8, 0x29, 0xff, 0x45, 0x11, 0xff, 0x6c, 0x6b, 0xff, 0xd7, 0xfe, 0xff, 0xf9, 0xee, 0xff,
    0x19, 0xff, 0xff, 0xf9, 0xfe, 0xff, 0x19, 0xff, 0xff, 0x3a, 0xff, 0xff, 0x1a, 0xff, 0xff, 0x7b, 0xff, 0xff, 0xd2, 0x94, 0xff, 0x4a, 0x32, 0xff,
    0x2d, 0x53, 0xff, 0xec, 0x4a, 0xff, 0xec, 0x4a, 0xff, 0xec, 0x4a, 0xff, 0xec, 0x4a, 0xff, 0xcc, 0x4a, 0xff, 0xcb, 0x4a, 0xff, 0xcc, 0x4a, 0xff,
    0xcc, 0x4a, 0xff, 0xcc, 0x4a, 0xff, 0xcc, 0x4a, 0xff, 0x0d, 0x53, 0xff, 0x4a, 0x3a, 0xbf, 0x50, 0x84, 0x40, 0x00, 0x00, 0x00, 0x00, 0x00, 0x00,
    0x00, 0x00, 0x00, 0x00, 0x00, 0x00, 0x00, 0x00, 0x00, 0x00, 0x00, 0x00, 0x00, 0x00, 0x00, 0x00, 0x00, 0x00, 0x00, 0x00, 0x00, 0x00, 0x00, 0x00,
    0x00, 0x00, 0x00, 0x00, 0x00, 0x00, 0x00, 0x00, 0x00, 0x00, 0x00, 0x00, 0x00, 0x00, 0x00, 0x00, 0x00, 0x00, 0x00, 0x00, 0x00, 0x00, 0x00, 0x00,
    0x00, 0x00, 0x00, 0x00, 0x00, 0x00, 0x00, 0x00, 0x00, 0x10, 0x74, 0x40, 0x09, 0x2a, 0xbf, 0x6a, 0x3a, 0xff, 0x4a, 0x32, 0xff, 0x49, 0x32, 0xff,
    0x49, 0x32, 0xff, 0x29, 0x32, 0xff, 0x29, 0x32, 0xff, 0x29, 0x32, 0xff, 0x08, 0x2a, 0xff, 0xc7, 0x29, 0xff, 0xc7, 0x29, 0xff, 0x66, 0x19, 0xff,
    0xa9, 0x52, 0xff, 0xb7, 0xfe, 0xff, 0xf9, 0xee, 0xff, 0x19, 0xff, 0xff, 0xf9, 0xfe, 0xff, 0x19, 0xff, 0xff, 0x3a, 0xff, 0xff, 0x3a, 0xff, 0xff,
    0x7b, 0xff, 0xff, 0x95, 0xad, 0xff, 0xaa, 0x3a, 0xff, 0x0c, 0x53, 0xff, 0xec, 0x4a, 0xff, 0xec, 0x4a, 0xff, 0xec, 0x4a, 0xff, 0xcc, 0x4a, 0xff,
    0xcc, 0x4a, 0xff, 0xcb, 0x4a, 0xff, 0xcb, 0x4a, 0xff, 0xcb, 0x4a, 0xff, 0xcc, 0x4a, 0xff, 0xcb, 0x4a, 0xff, 0x0d, 0x4b, 0xff, 0x29, 0x32, 0xbf,
    0x71, 0x8c, 0x40, 0x00, 0x00, 0x00, 0x00, 0x00, 0x00, 0x00, 0x00, 0x00, 0x00, 0x00, 0x00, 0x00, 0x00, 0x00, 0x00, 0x00, 0x00, 0x00, 0x00, 0x00,
    0x00, 0x00, 0x00, 0x00, 0x00, 0x00, 0x00, 0x00, 0x00, 0x00, 0x00, 0x00, 0x00, 0x00, 0x00, 0x00, 0x00, 0x00, 0x00, 0x00, 0x00, 0x00, 0x00, 0x00,
    0x00, 0x00, 0x00, 0x00, 0x00, 0x00, 0x00, 0x00, 0x00, 0x00, 0x00, 0x00, 0x00, 0x00, 0x00, 0x00, 0x00, 0x00, 0x71, 0x84, 0x40, 0xc7, 0x21, 0xbf,
    0x49, 0x3a, 0xff, 0x29, 0x32, 0xff, 0x49, 0x32, 0xff, 0x49, 0x32, 0xff, 0x49, 0x32, 0xff, 0x29, 0x32, 0xff, 0x29, 0x32, 0xff, 0x09, 0x32, 0xff,
    0xe8, 0x29, 0xff, 0xe8, 0x29, 0xff, 0x87, 0x21, 0xff, 0x28, 0x3a, 0xff, 0x55, 0xe6, 0xff, 0xb8, 0xfe, 0xff, 0xd8, 0xfe, 0xff, 0xd8, 0xfe, 0xff,
    0xf9, 0xfe, 0xff, 0x19, 0xff, 0xff, 0x19, 0xff, 0xff, 0x5a, 0xff, 0xff, 0x16, 0xc6, 0xff, 0x49, 0x3a, 0xff, 0xec, 0x4a, 0xff, 0xcc, 0x4a, 0xff,
    0xec, 0x4a, 0xff, 0xec, 0x4a, 0xff, 0xcc, 0x4a, 0xff, 0xcb, 0x4a, 0xff, 0xcb, 0x4a, 0xff, 0xcb, 0x4a, 0xff, 0xcb, 0x42, 0xff, 0xcb, 0x42, 0xff,
    0xab, 0x42, 0xff, 0xec, 0x4a, 0xff, 0x08, 0x2a, 0xbf, 0x14, 0x9d, 0x40, 0x00, 0x00, 0x00, 0x00, 0x00, 0x00, 0x00, 0x00, 0x00, 0x00, 0x00, 0x00,
    0x00, 0x00, 0x00, 0x00, 0x00, 0x00, 0x00, 0x00, 0x00, 0x00, 0x00, 0x00, 0x00, 0x00, 0x00, 0x00, 0x00, 0x00, 0x00, 0x00, 0x00, 0x00, 0x00, 0x00,
    0x00, 0x00, 0x00, 0x00, 0x00, 0x00, 0x00, 0x00, 0x00, 0x00, 0x00, 0x00, 0x00, 0x00, 0x00, 0x00, 0x00, 0x00, 0x00, 0x00, 0x00, 0x00, 0x00, 0x00,
    0x00, 0x00, 0x00, 0x75, 0xa5, 0x40, 0xa7, 0x21, 0xbf, 0x49, 0x32, 0xff, 0x29, 0x32, 0xff, 0x49, 0x32, 0xff, 0x49, 0x3a, 0xff, 0x49, 0x32, 0xff,
    0x29, 0x32, 0xff, 0x49, 0x32, 0xff, 0x29, 0x32, 0xff, 0x08, 0x32, 0xff, 0xe8, 0x29, 0xff, 0xc8, 0x29, 0xff, 0xa6, 0x29, 0xff, 0x93, 0xcd, 0xff,
    0x97, 0xfe, 0xff, 0xb8, 0xfe, 0xff, 0xd8, 0xfe, 0xff, 0xf9, 0xfe, 0xff, 0xf9, 0xfe, 0xff, 0x19, 0xff, 0xff, 0xf9, 0xfe, 0xff, 0x19, 0xef, 0xff,
    0x0c, 0x53, 0xff, 0xab, 0x42, 0xff, 0xec, 0x4a, 0xff, 0xec, 0x4a, 0xff, 0xec, 0x4a, 0xff, 0xcc, 0x4a, 0xff, 0xcc, 0x4a, 0xff, 0xcc, 0x4a, 0xff,
    0xcb, 0x4a, 0xff, 0xcb, 0x42, 0xff, 0xab, 0x42, 0xff, 0xab, 0x42, 0xff, 0xcb, 0x42, 0xff, 0xe8, 0x29, 0xbf, 0x55, 0xa5, 0x40, 0x00, 0x00, 0x00,
    0x00, 0x00, 0x00, 0x00, 0x00, 0x00, 0x00, 0x00, 0x00, 0x00, 0x00, 0x00, 0x00, 0x00, 0x00, 0x00, 0x00, 0x00, 0x00, 0x00, 0x00, 0x00, 0x00, 0x00,
    0x00, 0x00, 0x00, 0x00, 0x00, 0x00, 0x00, 0x00, 0x00, 0x00, 0x00, 0x00, 0x00, 0x00, 0x00, 0x00, 0x00, 0x00, 0x00, 0x00, 0x00, 0x00, 0x00, 0x00,
    0x00, 0x00, 0x00, 0x00, 0x00, 0x00, 0x00, 0x00, 0x00, 0x00, 0x00, 0x00, 0x16, 0xb6, 0x40, 0xa7, 0x21, 0xbf, 0x29, 0x32, 0xff, 0x29, 0x32, 0xff,
    0x49, 0x32, 0xff, 0x49, 0x3a, 0xff, 0x49, 0x3a, 0xff, 0x49, 0x32, 0xff, 0x49, 0x3a, 0xff, 0x29, 0x32, 0xff, 0x29, 0x32, 0xff, 0x08, 0x32, 0xff,
    0x08, 0x2a, 0xff, 0xa6, 0x21, 0xff, 0x72, 0xcd, 0xff, 0x97, 0xfe, 0xff, 0xb8, 0xfe, 0xff, 0xd8, 0xfe, 0xff, 0xf9, 0xfe, 0xff, 0xf9, 0xfe, 0xff,
    0xf9, 0xfe, 0xff, 0xd8, 0xfe, 0xff, 0x19, 0xff, 0xff, 0xb5, 0xbd, 0xff, 0x29, 0x3a, 0xff, 0xec, 0x4a, 0xff, 0xec, 0x4a, 0xff, 0xec, 0x4a, 0xff,
    0xec, 0x4a, 0xff, 0xcc, 0x4a, 0xff, 0xcc, 0x4a, 0xff, 0xcb, 0x42, 0xff, 0xcb, 0x42, 0xff, 0xab, 0x42, 0xff, 0xab, 0x42, 0xff, 0xcb, 0x42, 0xff,
    0xe8, 0x29, 0xbf, 0xd6, 0xb5, 0x40, 0x00, 0x00, 0x00, 0x00, 0x00, 0x00, 0x00, 0x00, 0x00, 0x00, 0x00, 0x00, 0x00, 0x00, 0x00, 0x00, 0x00, 0x00,
    0x00, 0x00, 0x00, 0x00, 0x00, 0x00, 0x00, 0x00, 0x00, 0x00, 0x00, 0x00, 0x00, 0x00, 0x00, 0x00, 0x00, 0x00, 0x00, 0x00, 0x00, 0x00, 0x00, 0x00,
    0x00, 0x00, 0x00, 0x00, 0x00, 0x00, 0x00, 0x00, 0x00, 0x00, 0x00, 0x00, 0x00, 0x00, 0x00, 0x00, 0x00, 0x00, 0x00, 0x00, 0x00, 0xd9, 0xce, 0x40,
    0x08, 0x2a, 0xbf, 0x08, 0x2a, 0xff, 0x29, 0x32, 0xff, 0x29, 0x32, 0xff, 0x49, 0x3a, 0xff, 0x49, 0x3a, 0xff, 0x49, 0x3a, 0xff, 0x49, 0x3a, 0xff,
    0x49, 0x32, 0xff, 0x29, 0x32, 0xff, 0x09, 0x32, 0xff, 0xe8, 0x29, 0xff, 0x28, 0x3a, 0xff, 0x15, 0xde, 0xff, 0x97, 0xee, 0xff, 0xb8, 0xfe, 0xff,
    0xd8, 0xfe, 0xff, 0xf8, 0xfe, 0xff, 0xf9, 0xfe, 0xff, 0xf9, 0xfe, 0xff, 0xf8, 0xfe, 0xff, 0xd8, 0xfe, 0xff, 0x5a, 0xff, 0xff, 0xb2, 0x94, 0xff,
    0x49, 0x32, 0xff, 0x0c, 0x53, 0xff, 0xec, 0x4a, 0xff, 0xec, 0x4a, 0xff, 0xec, 0x4a, 0xff, 0xcc, 0x4a, 0xff, 0xcc, 0x4a, 0xff, 0xcb, 0x42, 0xff,
    0xab, 0x42, 0xff, 0xab, 0x42, 0xff, 0xab, 0x42, 0xff, 0xe8, 0x29, 0xbf, 0xd6, 0xb5, 0x40, 0x00, 0x00, 0x00, 0x00, 0x00, 0x00, 0x00, 0x00, 0x00,
    0x00, 0x00, 0x00, 0x00, 0x00, 0x00, 0x00, 0x00, 0x00, 0x00, 0x00, 0x00, 0x00, 0x00, 0x00, 0x00, 0x00, 0x00, 0x00, 0x00, 0x00, 0x00, 0x00, 0x00,
    0x00, 0x00, 0x00, 0x00, 0x00, 0x00, 0x00, 0x00, 0x00, 0x00, 0x00, 0x00, 0x00, 0x00, 0x00, 0x00, 0x00, 0x00, 0x00, 0x00, 0x00, 0x00, 0x00, 0x00,
    0x00, 0x00, 0x00, 0x00, 0x00, 0x00, 0xbd, 0xef, 0x40, 0x0c, 0x53, 0xbf, 0xc7, 0x21, 0xff, 0x29, 0x32, 0xff, 0x29, 0x32, 0xff, 0x49, 0x32, 0xff,
    0x49, 0x3a, 0xff, 0x49, 0x3a, 0xff, 0x49, 0x3a, 0xff, 0x49, 0x32, 0xff, 0x29, 0x32, 0xff, 0x29, 0x32, 0xff, 0xa7, 0x21, 0xff, 0xca, 0x5a, 0xff,
    0x96, 0xfe, 0xff, 0x97, 0xee, 0xff, 0xd8, 0xfe, 0xff, 0xf8, 0xfe, 0xff, 0xf9, 0xfe, 0xff, 0xf9, 0xfe, 0xff, 0x19, 0xff, 0xff, 0xf9, 0xfe, 0xff,
    0xf9, 0xfe, 0xff, 0xf9, 0xfe, 0xff, 0x5b, 0xef, 0xff, 0x4d, 0x5b, 0xff, 0xab, 0x42, 0xff, 0x0c, 0x4b, 0xff, 0xec, 0x4a, 0xff, 0xec, 0x4a, 0xff,
    0xec, 0x4a, 0xff, 0xcb, 0x4a, 0xff, 0xab, 0x42, 0xff, 0xab, 0x42, 0xff, 0xab, 0x42, 0xff, 0xaa, 0x3a, 0xff, 0xe8, 0x29, 0xbf, 0xf6, 0xb5, 0x40,
    0x00, 0x00, 0x00, 0x00, 0x00, 0x00, 0x00, 0x00, 0x00, 0x00, 0x00, 0x00, 0x00, 0x00, 0x00, 0x00, 0x00, 0x00, 0x00, 0x00, 0x00, 0x00, 0x00, 0x00,
    0x00, 0x00, 0x00, 0x00, 0x00, 0x00, 0x00, 0x00, 0x00, 0x00, 0x00, 0x00, 0x00, 0x00, 0x00, 0x00, 0x00, 0x00, 0x00, 0x00, 0x00, 0x00, 0x00, 0x00,
    0x00, 0x00, 0x00, 0x00, 0x00, 0x00, 0x00, 0x00, 0x00, 0x00, 0x00, 0x00, 0x00, 0x00, 0x00, 0xff, 0xff, 0x30, 0x91, 0x84, 0x9f, 0x86, 0x19, 0xef,
    0x29, 0x32, 0xff, 0x09, 0x32, 0xff, 0x29, 0x32, 0xff, 0x49, 0x3a, 0xff, 0x49, 0x3a, 0xff, 0x49, 0x3a, 0xff, 0x49, 0x32, 0xff, 0x29, 0x32, 0xff,
    0x29, 0x32, 0xff, 0x66, 0x19, 0xff, 0x8c, 0x73, 0xff, 0xb7, 0xfe, 0xff, 0x97, 0xee, 0xff, 0xb8, 0xfe, 0xff, 0xd8, 0xfe, 0xff, 0xf8, 0xfe, 0xff,
    0x19, 0xff, 0xff, 0x19, 0xff, 0xff, 0x19, 0xff, 0xff, 0x19, 0xff, 0xff, 0x19, 0xff, 0xff, 0x5a, 0xff, 0xff, 0xf6, 0xbd, 0xff, 0x6a, 0x3a, 0xff,
    0x2d, 0x53, 0xff, 0xec, 0x4a, 0xff, 0xec, 0x4a, 0xff, 0xcc, 0x4a, 0xff, 0xcb, 0x42, 0xff, 0xab, 0x42, 0xff, 0xab, 0x42, 0xff, 0x6a, 0x3a, 0xff,
    0x49, 0x32, 0xff, 0x29, 0x32, 0xbf, 0x17, 0xbe, 0x40, 0x00, 0x00, 0x00, 0x00, 0x00, 0x00, 0x00, 0x00, 0x00, 0x00, 0x00, 0x00, 0x00, 0x00, 0x00,
    0x00, 0x00, 0x00, 0x00, 0x00, 0x00, 0x00, 0x00, 0x00, 0x00, 0x00, 0x00, 0x00, 0x00, 0x00, 0x00, 0x00, 0x00, 0x00, 0x00, 0x00, 0x00, 0x00, 0x00,
    0x00, 0x00, 0x00, 0x00, 0x00, 0x00, 0x00, 0x00, 0x00, 0x00, 0x00, 0x00, 0x00, 0x00, 0x00, 0x00, 0x00, 0x00, 0x00, 0x00, 0x00, 0x00, 0x00, 0x00,
    0xfd, 0xef, 0x10, 0x37, 0xbe, 0x60, 0xc7, 0x29, 0xcf, 0x09, 0x32, 0xff, 0x08, 0x2a, 0xff, 0x29, 0x32, 0xff, 0x29, 0x32, 0xff, 0x29, 0x32, 0xff,
    0x29, 0x32, 0xff, 0x29, 0x32, 0xff, 0x08, 0x32, 0xff, 0x08, 0x32, 0xff, 0x45, 0x19, 0xff, 0x2e, 0x94, 0xff, 0xb7, 0xfe, 0xff, 0x97, 0xee, 0xff,
    0xb7, 0xfe, 0xff, 0xd8, 0xfe, 0xff, 0xf8, 0xfe, 0xff, 0x19, 0xff, 0xff, 0x19, 0xff, 0xff, 0x19, 0xff, 0xff, 0x3a, 0xff, 0xff, 0x3a, 0xff, 0xff,
    0x1a, 0xff, 0xff, 0x7c, 0xff, 0xff, 0xcf, 0x6b, 0xff, 0xaa, 0x3a, 0xff, 0xec, 0x4a, 0xff, 0xcb, 0x4a, 0xff, 0xcb, 0x42, 0xff, 0xab, 0x42, 0xff,
    0xab, 0x42, 0xff, 0xab, 0x42, 0xff, 0x29, 0x32, 0xff, 0x49, 0x32, 0xff, 0x29, 0x32, 0xbf, 0x38, 0xc6, 0x40, 0x00, 0x00, 0x00, 0x00, 0x00, 0x00,
    0x00, 0x00, 0x00, 0x00, 0x00, 0x00, 0x00, 0x00, 0x00, 0x00, 0x00, 0x00, 0x00, 0x00, 0x00, 0x00, 0x00, 0x00, 0x00, 0x00, 0x00, 0x00, 0x00, 0x00,
    0x00, 0x00, 0x00, 0x00, 0x00, 0x00, 0x00, 0x00, 0x00, 0x00, 0x00, 0x00, 0x00, 0x00, 0x00, 0x00, 0x00, 0x00, 0x00, 0x00, 0x00, 0x00, 0x00, 0x00,
    0x00, 0x00, 0x00, 0x00, 0x00, 0x00, 0x00, 0x00, 0x00, 0x00, 0x00, 0x00, 0x9d, 0xef, 0x30, 0xcb, 0x4a, 0x9f, 0xe8, 0x29, 0xef, 0x08, 0x2a, 0xff,
    0x08, 0x2a, 0xff, 0x08, 0x32, 0xff, 0x29, 0x32, 0xff, 0x29, 0x32, 0xff, 0x29, 0x32, 0xff, 0x08, 0x32, 0xff, 0xe8, 0x29, 0xff, 0x45, 0x11, 0xff,
    0xd0, 0xac, 0xff, 0x96, 0xfe, 0xff, 0x77, 0xee, 0xff, 0x97, 0xfe, 0xff, 0xb8, 0xfe, 0xff, 0xf8, 0xfe, 0xff, 0x19, 0xff, 0xff, 0x3a, 0xff, 0xff,
    0x3a, 0xff, 0xff, 0x3a, 0xff, 0xff, 0x5a, 0xff, 0xff, 0x1a, 0xef, 0xff, 0x3a, 0xff, 0xff, 0x37, 0xce, 0xff, 0x6a, 0x3a, 0xff, 0xcc, 0x42, 0xff,
    0xab, 0x42, 0xff, 0xab, 0x42, 0xff, 0xab, 0x42, 0xff, 0xab, 0x42, 0xff, 0xab, 0x42, 0xff, 0xe8, 0x29, 0xff, 0x6a, 0x3a, 0xff, 0x49, 0x3a, 0xbf,
    0xb9, 0xce, 0x40, 0x00, 0x00, 0x00, 0x00, 0x00, 0x00, 0x00, 0x00, 0x00, 0x00, 0x00, 0x00, 0x00, 0x00, 0x00, 0x00, 0x00, 0x00, 0x00, 0x00, 0x00,
    0x00, 0x00, 0x00, 0x00, 0x00, 0x00, 0x00, 0x00, 0x00, 0x00, 0x00, 0x00, 0x00, 0x00, 0x00, 0x00, 0x00, 0x00, 0x00, 0x00, 0x00, 0x00, 0x00, 0x00,
    0x00, 0x00, 0x00, 0x00, 0x00, 0x00, 0x00, 0x00, 0x00, 0x00, 0x00, 0x00, 0x00, 0x00, 0x00, 0x00, 0x00, 0x00, 0x00, 0x00, 0x00, 0xff, 0xff, 0x10,
    0xd3, 0x94, 0x60, 0xa7, 0x21, 0xcf, 0x29, 0x32, 0xff, 0x08, 0x2a, 0xff, 0x29, 0x32, 0xff, 0x29, 0x32, 0xff, 0x29, 0x32, 0xff, 0x08, 0x32, 0xff,
    0xe8, 0x29, 0xff, 0xe8, 0x29, 0xff, 0x45, 0x19, 0xff, 0x11, 0xb5, 0xff, 0x97, 0xfe, 0xff, 0x97, 0xee, 0xff, 0xb8, 0xfe, 0xff, 0xd8, 0xfe, 0xff,
    0xf9, 0xfe, 0xff, 0x19, 0xff, 0xff, 0x3a, 0xff, 0xff, 0x3a, 0xff, 0xff, 0x3a, 0xff, 0xff, 0x3a, 0xff, 0xff, 0x19, 0xff, 0xff, 0xb7, 0xfe, 0xff,
    0x39, 0xff, 0xff, 0xce, 0x73, 0xff, 0x4a, 0x32, 0xff, 0xab, 0x42, 0xff, 0xab, 0x42, 0xff, 0xaa, 0x3a, 0xff, 0xab, 0x42, 0xff, 0x6a, 0x3a, 0xff,
    0xc7, 0x21, 0xff, 0x6a, 0x3a, 0xff, 0xaa, 0x42, 0xbf, 0x3b, 0xdf, 0x40, 0x00, 0x00, 0x00, 0x00, 0x00, 0x00, 0x00, 0x00, 0x00, 0x00, 0x00, 0x00,
    0x00, 0x00, 0x00, 0x00, 0x00, 0x00, 0x00, 0x00, 0x00, 0x00, 0x00, 0x00, 0x00, 0x00, 0x00, 0x00, 0x00, 0x00, 0x00, 0x00, 0x00, 0x00, 0x00, 0x00,
    0x00, 0x00, 0x00, 0x00, 0x00, 0x00, 0x00, 0x00, 0x00, 0x00, 0x00, 0x00, 0x00, 0x00, 0x00, 0x00, 0x00, 0x00, 0x00, 0x00, 0x00, 0x00, 0x00, 0x00,
    0x00, 0x00, 0x00, 0x00, 0x00, 0x00, 0x00, 0x00, 0x00, 0x1b, 0xdf, 0x30, 0x29, 0x32, 0x9f, 0xe8, 0x29, 0xef, 0x29, 0x32, 0xff, 0x49, 0x32, 0xff,
    0x29, 0x32, 0xff, 0x29, 0x32, 0xff, 0x29, 0x32, 0xff, 0x08, 0x32, 0xff, 0xe8, 0x31, 0xff, 0x66, 0x19, 0xff, 0x12, 0xb5, 0xff, 0xb7, 0xfe, 0xff,
    0xb8, 0xee, 0xff, 0xf8, 0xfe, 0xff, 0xf9, 0xfe, 0xff, 0xf9, 0xfe, 0xff, 0x19, 0xff, 0xff, 0x3a, 0xff, 0xff, 0x19, 0xff, 0xff, 0x19, 0xff, 0xff,
    0xf9, 0xfe, 0xff, 0x19, 0xff, 0xff, 0x76, 0xee, 0xff, 0xf8, 0xfe, 0xff, 0x50, 0x8c, 0xff, 0x29, 0x2a, 0xff, 0xab, 0x42, 0xff, 0xab, 0x42, 0xff,
    0xaa, 0x3a, 0xff, 0xcc, 0x4a, 0xff, 0x29, 0x32, 0xff, 0x09, 0x32, 0xff, 0x6a, 0x3a, 0xff, 0xab, 0x4a, 0xbf, 0x7c, 0xe7, 0x40, 0x00, 0x00, 0x00,
    0x00, 0x00, 0x00, 0x00, 0x00, 0x00, 0x00, 0x00, 0x00, 0x00, 0x00, 0x00, 0x00, 0x00, 0x00, 0x00, 0x00, 0x00, 0x00, 0x00, 0x00, 0x00, 0x00, 0x00,
    0x00, 0x00, 0x00, 0x00, 0x00, 0x00, 0x00, 0x00, 0x00, 0x00, 0x00, 0x00, 0x00, 0x00, 0x00, 0x00, 0x00, 0x00, 0x00, 0x00, 0x00, 0x00, 0x00, 0x00,
    0x00, 0x00, 0x00, 0x00, 0x00, 0x00, 0x00, 0x00, 0x00, 0x00, 0x00, 0x00, 0x00, 0x00, 0x00, 0x00, 0x00, 0x00, 0xff, 0xff, 0x10, 0x92, 0x8c, 0x60,
    0xc7, 0x21, 0xcf, 0x6a, 0x3a, 0xff, 0x29, 0x32, 0xff, 0x29, 0x32, 0xff, 0x29, 0x32, 0xff, 0x29, 0x32, 0xff, 0x08, 0x32, 0xff, 0x08, 0x32, 0xff,
    0x86, 0x19, 0xff, 0x52, 0xb5, 0xff, 0xd8, 0xfe, 0xff, 0xd8, 0xee, 0xff, 0xf9, 0xfe, 0xff, 0xf9, 0xfe, 0xff, 0xf9, 0xfe, 0xff, 0xf9, 0xfe, 0xff,
    0x19, 0xff, 0xff, 0x19, 0xff, 0xff, 0xf9, 0xfe, 0xff, 0xf8, 0xfe, 0xff, 0x19, 0xff, 0xff, 0xf4, 0xe5, 0xff, 0xb7, 0xfe, 0xff, 0x50, 0x84, 0xff,
    0x29, 0x2a, 0xff, 0xcb, 0x42, 0xff, 0xab, 0x42, 0xff, 0xab, 0x42, 0xff, 0x0c, 0x4b, 0xff, 0x49, 0x32, 0xff, 0x29, 0x32, 0xff, 0x6a, 0x3a, 0xff,
    0xec, 0x52, 0xbf, 0x7d, 0xef, 0x40, 0x00, 0x00, 0x00, 0x00, 0x00, 0x00, 0x00, 0x00, 0x00, 0x00, 0x00, 0x00, 0x00, 0x00, 0x00, 0x00, 0x00, 0x00,
    0x00, 0x00, 0x00, 0x00, 0x00, 0x00, 0x00, 0x00, 0x00, 0x00, 0x00, 0x00, 0x00, 0x00, 0x00, 0x00, 0x00, 0x00, 0x00, 0x00, 0x00, 0x00, 0x00, 0x00,
    0x00, 0x00, 0x00, 0x00, 0x00, 0x00, 0x00, 0x00, 0x00, 0x00, 0x00, 0x00, 0x00, 0x00, 0x00, 0x00, 0x00, 0x00, 0x00, 0x00, 0x00, 0x00, 0x00, 0x00,
    0x00, 0x00, 0x00, 0x00, 0x00, 0x00, 0xfa, 0xd6, 0x40, 0x6a, 0x3a, 0xbf, 0x4a, 0x3a, 0xff, 0x49, 0x32, 0xff, 0x49, 0x3a, 0xff, 0x49, 0x3a, 0xff,
    0x29, 0x32, 0xff, 0x29, 0x32, 0xff, 0x29, 0x32, 0xff, 0xa7, 0x19, 0xff, 0x52, 0xb5, 0xff, 0xd8, 0xfe, 0xff, 0xb8, 0xee, 0xff, 0xf9, 0xfe, 0xff,
    0xd8, 0xfe, 0xff, 0xd8, 0xfe, 0xff, 0xf9, 0xfe, 0xff, 0xf9, 0xfe, 0xff, 0xf8, 0xfe, 0xff, 0x19, 0xff, 0xff, 0xf9, 0xfe, 0xff, 0x19, 0xff, 0xff,
    0x93, 0xe5, 0xff, 0xd7, 0xfe, 0xff, 0xf2, 0x9c, 0xff, 0x29, 0x32, 0xff, 0xcc, 0x4a, 0xff, 0xcb, 0x42, 0xff, 0xcc, 0x4a, 0xff, 0xec, 0x4a, 0xff,
    0xe8, 0x29, 0xff, 0x49, 0x3a, 0xff, 0xaa, 0x3a, 0xff, 0x4d, 0x5b, 0xbf, 0x9d, 0xef, 0x40, 0x00, 0x00, 0x00, 0x00, 0x00, 0x00, 0x00, 0x00, 0x00,
    0x00, 0x00, 0x00, 0x00, 0x00, 0x00, 0x00, 0x00, 0x00, 0x00, 0x00, 0x00, 0x00, 0x00, 0x00, 0x00, 0x00, 0x00, 0x00, 0x00, 0x00, 0x00, 0x00, 0x00,
    0x00, 0x00, 0x00, 0x00, 0x00, 0x00, 0x00, 0x00, 0x00, 0x00, 0x00, 0x00, 0x00, 0x00, 0x00, 0x00, 0x00, 0x00, 0x00, 0x00, 0x00, 0x00, 0x00, 0x00,
    0x00, 0x00, 0x00, 0x00, 0x00, 0x00, 0x00, 0x00, 0x00, 0x00, 0x00, 0x00, 0x00, 0x00, 0x00, 0x78, 0xc6, 0x40, 0x09, 0x32, 0xbf, 0x49, 0x32, 0xff,
    0x29, 0x32, 0xff, 0x29, 0x32, 0xff, 0x29, 0x32, 0xff, 0x29, 0x32, 0xff, 0x09, 0x32, 0xff, 0x29, 0x32, 0xff, 0x86, 0x19, 0xff, 0xf1, 0xac, 0xff,
    0xb7, 0xfe, 0xff, 0x76, 0xee, 0xff, 0xd8, 0xfe, 0xff, 0xd8, 0xfe, 0xff, 0x97, 0xfe, 0xff, 0xf8, 0xfe, 0xff, 0xf8, 0xfe, 0xff, 0xd8, 0xfe, 0xff,
    0xf8, 0xfe, 0xff, 0x19, 0xff, 0xff, 0x19, 0xff, 0xff, 0x93, 0xdd, 0xff, 0xb8, 0xfe, 0xff, 0xf5, 0xbd, 0xff, 0x49, 0x32, 0xff, 0xec, 0x4a, 0xff,
    0xcc, 0x4a, 0xff, 0xec, 0x4a, 0xff, 0xcb, 0x4a, 0xff, 0x09, 0x32, 0xff, 0xab, 0x42, 0xff, 0xab, 0x3a, 0xff, 0x6e, 0x63, 0xbf, 0xbd, 0xef, 0x40,
    0x00, 0x00, 0x00, 0x00, 0x00, 0x00, 0x00, 0x00, 0x00, 0x00, 0x00, 0x00, 0x00, 0x00, 0x00, 0x00, 0x00, 0x00, 0x00, 0x00, 0x00, 0x00, 0x00, 0x00,
    0x00, 0x00, 0x00, 0x00, 0x00, 0x00, 0x00, 0x00, 0x00, 0x00, 0x00, 0x00, 0x00, 0x00, 0x00, 0x00, 0x00, 0x00, 0x00, 0x00, 0x00, 0x00, 0x00, 0x00,
    0x00, 0x00, 0x00, 0x00, 0x00, 0x00, 0x00, 0x00, 0x00, 0x00, 0x00, 0x00, 0x00, 0x00, 0x00, 0x00, 0x00, 0x00, 0x00, 0x00, 0x00, 0x00, 0x00, 0x00,
    0x17, 0xbe, 0x40, 0xa7, 0x21, 0xbf, 0x49, 0x32, 0xff, 0x08, 0x32, 0xff, 0x29, 0x32, 0xff, 0x29, 0x32, 0xff, 0x29, 0x32, 0xff, 0x08, 0x32, 0xff,
    0x08, 0x32, 0xff, 0x66, 0x19, 0xff, 0x4f, 0x94, 0xff, 0x76, 0xfe, 0xff, 0xb3, 0xdd, 0xff, 0x35, 0xee, 0xff, 0x76, 0xfe, 0xff, 0xf4, 0xe5, 0xff,
    0x96, 0xfe, 0xff, 0xd7, 0xfe, 0xff, 0x76, 0xfe, 0xff, 0x96, 0xfe, 0xff, 0xd7, 0xfe, 0xff, 0xd8, 0xfe, 0xff, 0x52, 0xcd, 0xff, 0x97, 0xfe, 0xff,
    0xb8, 0xe6, 0xff, 0xab, 0x42, 0xff, 0xcc, 0x42, 0xff, 0xec, 0x4a, 0xff, 0xec, 0x4a, 0xff, 0xcb, 0x42, 0xff, 0x4a, 0x32, 0xff, 0xcb, 0x42, 0xff,
    0xab, 0x3a, 0xff, 0xaf, 0x6b, 0xbf, 0xff, 0xff, 0x40, 0x00, 0x00, 0x00, 0x00, 0x00, 0x00, 0x00, 0x00, 0x00, 0x00, 0x00, 0x00, 0x00, 0x00, 0x00,
    0x00, 0x00, 0x00, 0x00, 0x00, 0x00, 0x00, 0x00, 0x00, 0x00, 0x00, 0x00, 0x00, 0x00, 0x00, 0x00, 0x00, 0x00, 0x00, 0x00, 0x00, 0x00, 0x00, 0x00,
    0x00, 0x00, 0x00, 0x00, 0x00, 0x00, 0x00, 0x00, 0x00, 0x00, 0x00, 0x00, 0x00, 0x00, 0x00, 0x00, 0x00, 0x00, 0x00, 0x00, 0x00, 0x00, 0x00, 0x00,
    0x00, 0x00, 0x00, 0x00, 0x00, 0x00, 0x00, 0x00, 0x00, 0xb9, 0xce, 0x40, 0x08, 0x32, 0xbf, 0x29, 0x32, 0xff, 0x29, 0x32, 0xff, 0x29, 0x32, 0xff,
    0x29, 0x32, 0xff, 0x09, 0x32, 0xff, 0x08, 0x2a, 0xff, 0x08, 0x32, 0xff, 0x66, 0x19, 0xff, 0x8c, 0x73, 0xff, 0x35, 0xee, 0xff, 0x52, 0xd5, 0xff,
    0xb3, 0xe5, 0xff, 0xb3, 0xe5, 0xff, 0x72, 0xdd, 0xff, 0xd3, 0xe5, 0xff, 0x55, 0xee, 0xff, 0x14, 0xee, 0xff, 0xf4, 0xe5, 0xff, 0x55, 0xee, 0xff,
    0x77, 0xee, 0xff, 0x2e, 0xa4, 0xff, 0x56, 0xee, 0xff, 0xd8, 0xee, 0xff, 0xec, 0x4a, 0xff, 0xcb, 0x42, 0xff, 0xec, 0x4a, 0xff, 0x0c, 0x4b, 0xff,
    0xaa, 0x42, 0xff, 0x4a, 0x3a, 0xff, 0xcb, 0x42, 0xff, 0x6a, 0x3a, 0xff, 0x30, 0x7c, 0xbf, 0xff, 0xff, 0x40, 0x00, 0x00, 0x00, 0x00, 0x00, 0x00,
    0x00, 0x00, 0x00, 0x00, 0x00, 0x00, 0x00, 0x00, 0x00, 0x00, 0x00, 0x00, 0x00, 0x00, 0x00, 0x00, 0x00, 0x00, 0x00, 0x00, 0x00, 0x00, 0x00, 0x00,
    0x00, 0x00, 0x00, 0x00, 0x00, 0x00, 0x00, 0x00, 0x00, 0x00, 0x00, 0x00, 0x00, 0x00, 0x00, 0x00, 0x00, 0x00, 0x00, 0x00, 0x00, 0x00, 0x00, 0x00,
    0x00, 0x00, 0x00, 0x00, 0x00, 0x00, 0x00, 0x00, 0x00, 0x00, 0x00, 0x00, 0x00, 0x00, 0x00, 0x00, 0x00, 0x00, 0xff, 0xff, 0x40, 0x6d, 0x5b, 0xbf,
    0xe8, 0x29, 0xff, 0x29, 0x32, 0xff, 0x29, 0x32, 0xff, 0x29, 0x32, 0xff, 0x29, 0x32, 0xff, 0x09, 0x32, 0xff, 0x28, 0x32, 0xff, 0xa7, 0x19, 0xff,
    0x0b, 0x63, 0xff, 0xd7, 0xfe, 0xff, 0x51, 0xc5, 0xff, 0x52, 0xd5, 0xff, 0xd4, 0xe5, 0xff, 0x92, 0xdd, 0xff, 0xd4, 0xe5, 0xff, 0x55, 0xee, 0xff,
    0x15, 0xe6, 0xff, 0xd4, 0xdd, 0xff, 0x97, 0xfe, 0xff, 0xb8, 0xe6, 0xff, 0x0e, 0x94, 0xff, 0x36, 0xee, 0xff, 0x36, 0xde, 0xff, 0xaa, 0x3a, 0xff,
    0xec, 0x42, 0xff, 0xcc, 0x4a, 0xff, 0x0c, 0x4b, 0xff, 0x49, 0x3a, 0xff, 0x6a, 0x3a, 0xff, 0xcb, 0x42, 0xff, 0x4a, 0x32, 0xef, 0x71, 0x84, 0x9f,
    0xff, 0xff, 0x30, 0x00, 0x00, 0x00, 0x00, 0x00, 0x00, 0x00, 0x00, 0x00, 0x00, 0x00, 0x00, 0x00, 0x00, 0x00, 0x00, 0x00, 0x00, 0x00, 0x00, 0x00,
    0x00, 0x00, 0x00, 0x00, 0x00, 0x00, 0x00, 0x00, 0x00, 0x00, 0x00, 0x00, 0x00, 0x00, 0x00, 0x00, 0x00, 0x00, 0x00, 0x00, 0x00, 0x00, 0x00, 0x00,
    0x00, 0x00, 0x00, 0x00, 0x00, 0x00, 0x00, 0x00, 0x00, 0x00, 0x00, 0x00, 0x00, 0x00, 0x00, 0x00, 0x00, 0x00, 0x00, 0x00, 0x00, 0x00, 0x00, 0x00,
    0x00, 0x00, 0x00, 0xff, 0xff, 0x40, 0xaf, 0x6b, 0xbf, 0xc8, 0x21, 0xff, 0x49, 0x32, 0xff, 0x29, 0x32, 0xff, 0x29, 0x32, 0xff, 0x29, 0x32, 0xff,
    0x29, 0x32, 0xff, 0x29, 0x32, 0xff, 0xc7, 0x21, 0xff, 0xaa, 0x52, 0xff, 0xd7, 0xfe, 0xff, 0x73, 0xbd, 0xff, 0xf0, 0xbc, 0xff, 0xb7, 0xfe, 0xff,
    0x52, 0xc5, 0xff, 0xd4, 0xd5, 0xff, 0x18, 0xff, 0xff, 0xd4, 0xcd, 0xff, 0x53, 0xbd, 0xff, 0x19, 0xff, 0xff, 0xd9, 0xe6, 0xff, 0xed, 0x83, 0xff,
    0x56, 0xee, 0xff, 0x15, 0xde, 0xff, 0xaa, 0x42, 0xff, 0xcc, 0x42, 0xff, 0xcb, 0x4a, 0xff, 0xcc, 0x4a, 0xff, 0x29, 0x32, 0xff, 0x6a, 0x3a, 0xff,
    0xab, 0x42, 0xff, 0x29, 0x32, 0xcf, 0x14, 0x9d, 0x60, 0xff, 0xff, 0x10, 0x00, 0x00, 0x00, 0x00, 0x00, 0x00, 0x00, 0x00, 0x00, 0x00, 0x00, 0x00,
    0x00, 0x00, 0x00, 0x00, 0x00, 0x00, 0x00, 0x00, 0x00, 0x00, 0x00, 0x00, 0x00, 0x00, 0x00, 0x00, 0x00, 0x00, 0x00, 0x00, 0x00, 0x00, 0x00, 0x00,
    0x00, 0x00, 0x00, 0x00, 0x00, 0x00, 0x00, 0x00, 0x00, 0x00, 0x00, 0x00, 0x00, 0x00, 0x00, 0x00, 0x00, 0x00, 0x00, 0x00, 0x00, 0x00, 0x00, 0x00,
    0x00, 0x00, 0x00, 0x00, 0x00, 0x00, 0x00, 0x00, 0x00, 0x00, 0x00, 0x00, 0xff, 0xff, 0x40, 0x6d, 0x63, 0xbf, 0x08, 0x2a, 0xff, 0x4a, 0x32, 0xff,
    0x49, 0x32, 0xff, 0x49, 0x32, 0xff, 0x49, 0x32, 0xff, 0x49, 0x32, 0xff, 0x29, 0x32, 0xff, 0xc8, 0x21, 0xff, 0x69, 0x42, 0xff, 0x97, 0xfe, 0xff,
    0xd4, 0xcd, 0xff, 0xf1, 0xbc, 0xff, 0xf8, 0xfe, 0xff, 0x73, 0xbd, 0xff, 0xb4, 0xcd, 0xff, 0x5a, 0xff, 0xff, 0x15, 0xce, 0xff, 0x53, 0xbd, 0xff,
    0x19, 0xff, 0xff, 0x19, 0xff, 0xff, 0x0b, 0x5b, 0xff, 0xb0, 0xac, 0xff, 0x7a, 0xff, 0xff, 0x4d, 0x5b, 0xff, 0xab, 0x3a, 0xff, 0xcc, 0x4a, 0xff,
    0xab, 0x42, 0xff, 0x08, 0x2a, 0xff, 0x6a, 0x3a, 0xff, 0xab, 0x42, 0xff, 0x08, 0x2a, 0xbf, 0x55, 0xa5, 0x40, 0x00, 0x00, 0x00, 0x00, 0x00, 0x00,
    0x00, 0x00, 0x00, 0x00, 0x00, 0x00, 0x00, 0x00, 0x00, 0x00, 0x00, 0x00, 0x00, 0x00, 0x00, 0x00, 0x00, 0x00, 0x00, 0x00, 0x00, 0x00, 0x00, 0x00,
    0x00, 0x00, 0x00, 0x00, 0x00, 0x00, 0x00, 0x00, 0x00, 0x00, 0x00, 0x00, 0x00, 0x00, 0x00, 0x00, 0x00, 0x00, 0x00, 0x00, 0x00, 0x00, 0x00, 0x00,
    0x00, 0x00, 0x00, 0x00, 0x00, 0x00, 0x00, 0x00, 0x00, 0x00, 0x00, 0x00, 0x00, 0x00, 0x00, 0x00, 0x00, 0x00, 0x00, 0x00, 0x00, 0xff, 0xff, 0x40,
    0x6e, 0x63, 0xbf, 0x09, 0x2a, 0xff, 0x6a, 0x3a, 0xff, 0x49, 0x32, 0xff, 0x49, 0x32, 0xff, 0x49, 0x32, 0xff, 0x29, 0x32, 0xff, 0x29, 0x32, 0xff,
    0xe8, 0x29, 0xff, 0xc7, 0x31, 0xff, 0xd4, 0xd5, 0xff, 0x93, 0xcd, 0xff, 0x11, 0xc5, 0xff, 0xd7, 0xfe, 0xff, 0xf4, 0xd5, 0xff, 0xd4, 0xd5, 0xff,
    0x5a, 0xff, 0xff, 0x36, 0xd6, 0xff, 0x73, 0xbd, 0xff, 0xf9, 0xfe, 0xff, 0x19, 0xff, 0xff, 0x6d, 0x63, 0xff, 0x6a, 0x42, 0xff, 0xb1, 0x94, 0xff,
    0xeb, 0x4a, 0xff, 0xab, 0x42, 0xff, 0xab, 0x42, 0xff, 0x4a, 0x3a, 0xff, 0xe8, 0x29, 0xff, 0x4a, 0x3a, 0xff, 0xab, 0x42, 0xff, 0x09, 0x32, 0xbf,
    0xb6, 0xb5, 0x40, 0x00, 0x00, 0x00, 0x00, 0x00, 0x00, 0x00, 0x00, 0x00, 0x00, 0x00, 0x00, 0x00, 0x00, 0x00, 0x00, 0x00, 0x00, 0x00, 0x00, 0x00,
    0x00, 0x00, 0x00, 0x00, 0x00, 0x00, 0x00, 0x00, 0x00, 0x00, 0x00, 0x00, 0x00, 0x00, 0x00, 0x00, 0x00, 0x00, 0x00, 0x00, 0x00, 0x00, 0x00, 0x00,
    0x00, 0x00, 0x00, 0x00, 0x00, 0x00, 0x00, 0x00, 0x00, 0x00, 0x00, 0x00, 0x00, 0x00, 0x00, 0x00, 0x00, 0x00, 0x00, 0x00, 0x00, 0x00, 0x00, 0x00,
    0x00, 0x00, 0x00, 0x00, 0x00, 0x00, 0xff, 0xff, 0x30, 0xae, 0x6b, 0x9f, 0xe8, 0x29, 0xef, 0x49, 0x32, 0xff, 0x29, 0x32, 0xff, 0x29, 0x32, 0xff,
    0x29, 0x32, 0xff, 0x29, 0x32, 0xff, 0x08, 0x2a, 0xff, 0xe8, 0x29, 0xff, 0x45, 0x11, 0xff, 0x6f, 0xa4, 0xff, 0x92, 0xdd, 0xff, 0xb0, 0xb4, 0xff,
    0x55, 0xee, 0xff, 0xd4, 0xd5, 0xff, 0xd4, 0xd5, 0xff, 0x39, 0xff, 0xff, 0x36, 0xde, 0xff, 0x52, 0xbd, 0xff, 0xf8, 0xfe, 0xff, 0x19, 0xff, 0xff,
    0x8d, 0x63, 0xff, 0x6b, 0x32, 0xff, 0xab, 0x3a, 0xff, 0xab, 0x42, 0xff, 0xab, 0x42, 0xff, 0xab, 0x42, 0xff, 0x29, 0x32, 0xff, 0x08, 0x2a, 0xff,
    0x4a, 0x3a, 0xff, 0xab, 0x3a, 0xff, 0x49, 0x3a, 0xbf, 0x99, 0xce, 0x40, 0x00, 0x00, 0x00, 0x00, 0x00, 0x00, 0x00, 0x00, 0x00, 0x00, 0x00, 0x00,
    0x00, 0x00, 0x00, 0x00, 0x00, 0x00, 0x00, 0x00, 0x00, 0x00, 0x00, 0x00, 0x00, 0x00, 0x00, 0x00, 0x00, 0x00, 0x00, 0x00, 0x00, 0x00, 0x00, 0x00,
    0x00, 0x00, 0x00, 0x00, 0x00, 0x00, 0x00, 0x00, 0x00, 0x00, 0x00, 0x00, 0x00, 0x00, 0x00, 0x00, 0x00, 0x00, 0x00, 0x00, 0x00, 0x00, 0x00, 0x00,
    0x00, 0x00, 0x00, 0x00, 0x00, 0x00, 0x00, 0x00, 0x00, 0x00, 0x00, 0x00, 0x00, 0x00, 0x00, 0xfd, 0xef, 0x10, 0x92, 0x84, 0x60, 0xc8, 0x29, 0xcf,
    0x29, 0x32, 0xff, 0x29, 0x32, 0xff, 0x49, 0x32, 0xff, 0x29, 0x32, 0xff, 0x29, 0x32, 0xff, 0x08, 0x32, 0xff, 0xe8, 0x29, 0xff, 0x86, 0x19, 0xff,
    0x08, 0x42, 0xff, 0xd3, 0xdd, 0xff, 0x8f, 0xb4, 0xff, 0x93, 0xdd, 0xff, 0x52, 0xcd, 0xff, 0x52, 0xc5, 0xff, 0x96, 0xee, 0xff, 0xf4, 0xdd, 0xff,
    0xd0, 0xb4, 0xff, 0xf4, 0xe5, 0xff, 0x55, 0xe6, 0xff, 0x0c, 0x5b, 0xff, 0x4a, 0x32, 0xff, 0xcb, 0x42, 0xff, 0xab, 0x42, 0xff, 0xaa, 0x3a, 0xff,
    0xab, 0x42, 0xff, 0x08, 0x2a, 0xff, 0x09, 0x32, 0xff, 0x6a, 0x3a, 0xff, 0xab, 0x3a, 0xff, 0x6a, 0x3a, 0xbf, 0xfa, 0xd6, 0x40, 0x00, 0x00, 0x00,
    0x00, 0x00, 0x00, 0x00, 0x00, 0x00, 0x00, 0x00, 0x00, 0x00, 0x00, 0x00, 0x00, 0x00, 0x00, 0x00, 0x00, 0x00, 0x00, 0x00, 0x00, 0x00, 0x00, 0x00,
    0x00, 0x00, 0x00, 0x00, 0x00, 0x00, 0x00, 0x00, 0x00, 0x00, 0x00, 0x00, 0x00, 0x00, 0x00, 0x00, 0x00, 0x00, 0x00, 0x00, 0x00, 0x00, 0x00, 0x00,
    0x00, 0x00, 0x00, 0x00, 0x00, 0x00, 0x00, 0x00, 0x00, 0x00, 0x00, 0x00, 0x00, 0x00, 0x00, 0x00, 0x00, 0x00, 0x00, 0x00, 0x00, 0x00, 0x00, 0x00,
    0x00, 0x00, 0x00, 0x55, 0xa5, 0x40, 0xe8, 0x29, 0xbf, 0x49, 0x32, 0xff, 0x29, 0x32, 0xff, 0x49, 0x32, 0xff, 0x49, 0x32, 0xff, 0x29, 0x32, 0xff,
    0x29, 0x32, 0xff, 0xe8, 0x29, 0xff, 0xe8, 0x29, 0xff, 0x45, 0x11, 0xff, 0x2b, 0x73, 0xff, 0x51, 0xcd, 0xff, 0x52, 0xcd, 0xff, 0xb3, 0xdd, 0xff,
    0xb0, 0xb4, 0xff, 0xd3, 0xe5, 0xff, 0xb3, 0xdd, 0xff, 0x2e, 0xa4, 0xff, 0x72, 0xd5, 0xff, 0xd4, 0xe5, 0xff, 0xcb, 0x4a, 0xff, 0x4a, 0x32, 0xff,
    0xaa, 0x3a, 0xff, 0xaa, 0x3a, 0xff, 0x6a, 0x3a, 0xff, 0xab, 0x42, 0xff, 0xe8, 0x29, 0xff, 0x29, 0x32, 0xff, 0x6a, 0x3a, 0xff, 0x6a, 0x3a, 0xff,
    0xab, 0x4a, 0xbf, 0x5c, 0xe7, 0x40, 0x00, 0x00, 0x00, 0x00, 0x00, 0x00, 0x00, 0x00, 0x00, 0x00, 0x00, 0x00, 0x00, 0x00, 0x00, 0x00, 0x00, 0x00,
    0x00, 0x00, 0x00, 0x00, 0x00, 0x00, 0x00, 0x00, 0x00, 0x00, 0x00, 0x00, 0x00, 0x00, 0x00, 0x00, 0x00, 0x00, 0x00, 0x00, 0x00, 0x00, 0x00, 0x00,
    0x00, 0x00, 0x00, 0x00, 0x00, 0x00, 0x00, 0x00, 0x00, 0x00, 0x00, 0x00, 0x00, 0x00, 0x00, 0x00, 0x00, 0x00, 0x00, 0x00, 0x00, 0x00, 0x00, 0x00,
    0x00, 0x00, 0x00, 0x00, 0x00, 0x00, 0x00, 0x00, 0x00, 0x00, 0x00, 0x00, 0x75, 0xa5, 0x40, 0xe8, 0x29, 0xbf, 0x49, 0x32, 0xff, 0x29, 0x32, 0xff,
    0x49, 0x32, 0xff, 0x49, 0x32, 0xff, 0x49, 0x3a, 0xff, 0x29, 0x32, 0xff, 0x08, 0x32, 0xff, 0xe8, 0x29, 0xff, 0xe8, 0x29, 0xff, 0xa7, 0x21, 0xff,
    0xc7, 0x29, 0xff, 0xed, 0x8b, 0xff, 0x35, 0xee, 0xff, 0xaf, 0xac, 0xff, 0x72, 0xd5, 0xff, 0x93, 0xdd, 0xff, 0xcd, 0x9b, 0xff, 0x51, 0xcd, 0xff,
    0x93, 0xdd, 0xff, 0xaa, 0x42, 0xff, 0x6a, 0x3a, 0xff, 0xaa, 0x42, 0xff, 0xaa, 0x3a, 0xff, 0xaa, 0x3a, 0xff, 0xaa, 0x3a, 0xff, 0xc7, 0x21, 0xff,
    0x29, 0x32, 0xff, 0x6a, 0x3a, 0xff, 0x49, 0x3a, 0xff, 0x0c, 0x53, 0xbf, 0x9d, 0xef, 0x40, 0x00, 0x00, 0x00, 0x00, 0x00, 0x00, 0x00, 0x00, 0x00,
    0x00, 0x00, 0x00, 0x00, 0x00, 0x00, 0x00, 0x00, 0x00, 0x00, 0x00, 0x00, 0x00, 0x00, 0x00, 0x00, 0x00, 0x00, 0x00, 0x00, 0x00, 0x00, 0x00, 0x00,
    0x00, 0x00, 0x00, 0x00, 0x00, 0x00, 0x00, 0x00, 0x00, 0x00, 0x00, 0x00, 0x00, 0x00, 0x00, 0x00, 0x00, 0x00, 0x00, 0x00, 0x00, 0x00, 0x00, 0x00,
    0x00, 0x00, 0x00, 0x00, 0x00, 0x00, 0x00, 0x00, 0x00, 0x00, 0x00, 0x00, 0x00, 0x00, 0x00, 0x00, 0x00, 0x00, 0x00, 0x00, 0x00, 0x54, 0x9d, 0x40,
    0xe8, 0x29, 0xbf, 0x4a, 0x32, 0xff, 0x29, 0x32, 0xff, 0x49, 0x32, 0xff, 0x49, 0x3a, 0xff, 0x49, 0x3a, 0xff, 0x29, 0x32, 0xff, 0x29, 0x32, 0xff,
    0x08, 0x2a, 0xff, 0xe8, 0x29, 0xff, 0xe8, 0x29, 0xff, 0xa7, 0x19, 0xff, 0xc7, 0x29, 0xff, 0x72, 0xcd, 0xff, 0x51, 0xc5, 0xff, 0xf0, 0xbc, 0xff,
    0x92, 0xdd, 0xff, 0xed, 0x9b, 0xff, 0x52, 0xd5, 0xff, 0x93, 0xdd, 0xff, 0xab, 0x42, 0xff, 0xab, 0x3a, 0xff, 0xab, 0x42, 0xff, 0xab, 0x42, 0xff,
    0xab, 0x42, 0xff, 0x6a, 0x3a, 0xff, 0xe8, 0x29, 0xff, 0x49, 0x3a, 0xff, 0xaa, 0x42, 0xff, 0x49, 0x32, 0xef, 0x4d, 0x5b, 0x9f, 0xbd, 0xef, 0x30,
    0x00, 0x00, 0x00, 0x00, 0x00, 0x00, 0x00, 0x00, 0x00, 0x00, 0x00, 0x00, 0x00, 0x00, 0x00, 0x00, 0x00, 0x00, 0x00, 0x00, 0x00, 0x00, 0x00, 0x00,
    0x00, 0x00, 0x00, 0x00, 0x00, 0x00, 0x00, 0x00, 0x00, 0x00, 0x00, 0x00, 0x00, 0x00, 0x00, 0x00, 0x00, 0x00, 0x00, 0x00, 0x00, 0x00, 0x00, 0x00,
    0x00, 0x00, 0x00, 0x00, 0x00, 0x00, 0x00, 0x00, 0x00, 0x00, 0x00, 0x00, 0x00, 0x00, 0x00, 0x00, 0x00, 0x00, 0x00, 0x00, 0x00, 0x00, 0x00, 0x00,
    0x00, 0x00, 0x00, 0x00, 0x00, 0x00, 0x54, 0x9d, 0x40, 0xe8, 0x29, 0xbf, 0x49, 0x32, 0xff, 0x29, 0x32, 0xff, 0x29, 0x32, 0xff, 0x49, 0x32, 0xff,
    0x49, 0x32, 0xff, 0x29, 0x32, 0xff, 0x08, 0x32, 0xff, 0x08, 0x2a, 0xff, 0xe8, 0x29, 0xff, 0xc7, 0x21, 0xff, 0xe8, 0x29, 0xff, 0x86, 0x19, 0xff,
    0xe7, 0x31, 0xff, 0x28, 0x3a, 0xff, 0xcd, 0x8b, 0xff, 0x75, 0xfe, 0xff, 0xad, 0x8b, 0xff, 0x90, 0xa4, 0xff, 0xb1, 0xa4, 0xff, 0x6b, 0x3a, 0xff,
    0xcb, 0x42, 0xff, 0xab, 0x42, 0xff, 0xaa, 0x3a, 0xff, 0xab, 0x42, 0xff, 0x4a, 0x3a, 0xff, 0xe8, 0x29, 0xff, 0x6a, 0x3a, 0xff, 0xab, 0x42, 0xff,
    0x29, 0x32, 0xcf, 0xf0, 0x73, 0x60, 0xff, 0xff, 0x10, 0x00, 0x00, 0x00, 0x00, 0x00, 0x00, 0x00, 0x00, 0x00, 0x00, 0x00, 0x00, 0x00, 0x00, 0x00,
    0x00, 0x00, 0x00, 0x00, 0x00, 0x00, 0x00, 0x00, 0x00, 0x00, 0x00, 0x00, 0x00, 0x00, 0x00, 0x00, 0x00, 0x00, 0x00, 0x00, 0x00, 0x00, 0x00, 0x00,
    0x00, 0x00, 0x00, 0x00, 0x00, 0x00, 0x00, 0x00, 0x00, 0x00, 0x00, 0x00, 0x00, 0x00, 0x00, 0x00, 0x00, 0x00, 0x00, 0x00, 0x00, 0x00, 0x00, 0x00,
    0x00, 0x00, 0x00, 0x00, 0x00, 0x00, 0x00, 0x00, 0x00, 0x00, 0x00, 0x00, 0x00, 0x00, 0x00, 0x14, 0x95, 0x40, 0xc8, 0x21, 0xbf, 0x29, 0x32, 0xff,
    0x09, 0x32, 0xff, 0x29, 0x32, 0xff, 0x29, 0x32, 0xff, 0x29, 0x32, 0xff, 0x29, 0x32, 0xff, 0x08, 0x32, 0xff, 0x08, 0x2a, 0xff, 0xe8, 0x29, 0xff,
    0xc7, 0x29, 0xff, 0xc7, 0x29, 0xff, 0xc7, 0x21, 0xff, 0xa7, 0x21, 0xff, 0x46, 0x11, 0xff, 0xe7, 0x31, 0xff, 0xad, 0x7b, 0xff, 0x29, 0x3a, 0xff,
    0x09, 0x2a, 0xff, 0xab, 0x3a, 0xff, 0xab, 0x42, 0xff, 0xab, 0x42, 0xff, 0xab, 0x42, 0xff, 0x6a, 0x3a, 0xff, 0xab, 0x42, 0xff, 0x29, 0x32, 0xff,
    0x09, 0x2a, 0xff, 0x6a, 0x3a, 0xff, 0xab, 0x42, 0xff, 0x29, 0x32, 0xbf, 0x71, 0x84, 0x40, 0x00, 0x00, 0x00, 0x00, 0x00, 0x00, 0x00, 0x00, 0x00,
    0x00, 0x00, 0x00, 0x00, 0x00, 0x00, 0x00, 0x00, 0x00, 0x00, 0x00, 0x00, 0x00, 0x00, 0x00, 0x00, 0x00, 0x00, 0x00, 0x00, 0x00, 0x00, 0x00, 0x00,
    0x00, 0x00, 0x00, 0x00, 0x00, 0x00, 0x00, 0x00, 0x00, 0x00, 0x00, 0x00, 0x00, 0x00, 0x00, 0x00, 0x00, 0x00, 0x00, 0x00, 0x00, 0x00, 0x00, 0x00,
    0x00, 0x00, 0x00, 0x00, 0x00, 0x00, 0x00, 0x00, 0x00, 0x00, 0x00, 0x00, 0x00, 0x00, 0x00, 0x00, 0x00, 0x00, 0x00, 0x00, 0x00, 0x00, 0x00, 0x00,
    0xd3, 0x94, 0x40, 0x87, 0x19, 0xbf, 0x08, 0x32, 0xff, 0x08, 0x2a, 0xff, 0x29, 0x32, 0xff, 0x29, 0x32, 0xff, 0x29, 0x32, 0xff, 0x29, 0x32, 0xff,
    0x08, 0x32, 0xff, 0x08, 0x32, 0xff, 0xe8, 0x29, 0xff, 0xc7, 0x29, 0xff, 0xc7, 0x29, 0xff, 0xc7, 0x29, 0xff, 0xc7, 0x29, 0xff, 0xe8, 0x29, 0xff,
    0xc7, 0x21, 0xff, 0x87, 0x19, 0xff, 0x29, 0x32, 0xff, 0xab, 0x42, 0xff, 0xab, 0x42, 0xff, 0xab, 0x42, 0xff, 0xab, 0x42, 0xff, 0xaa, 0x42, 0xff,
    0x6a, 0x3a, 0xff, 0xab, 0x42, 0xff, 0xe8, 0x29, 0xff, 0x29, 0x32, 0xff, 0x6a, 0x3a, 0xff, 0xcb, 0x42, 0xff, 0x29, 0x32, 0xbf, 0x14, 0x9d, 0x40,
    0x00, 0x00, 0x00, 0x00, 0x00, 0x00, 0x00, 0x00, 0x00, 0x00, 0x00, 0x00, 0x00, 0x00, 0x00, 0x00, 0x00, 0x00, 0x00, 0x00, 0x00, 0x00, 0x00, 0x00,
    0x00, 0x00, 0x00, 0x00, 0x00, 0x00, 0x00, 0x00, 0x00, 0x00, 0x00, 0x00, 0x00, 0x00, 0x00, 0x00, 0x00, 0x00, 0x00, 0x00, 0x00, 0x00, 0x00, 0x00,
    0x00, 0x00, 0x00, 0x00, 0x00, 0x00, 0x00, 0x00, 0x00, 0x00, 0x00, 0x00, 0x00, 0x00, 0x00, 0x00, 0x00, 0x00, 0x00, 0x00, 0x00, 0x00, 0x00, 0x00,
    0x00, 0x00, 0x00, 0x00, 0x00, 0x00, 0x00, 0x00, 0x00, 0xf3, 0x94, 0x40, 0x87, 0x19, 0xbf, 0x08, 0x2a, 0xff, 0x08, 0x2a, 0xff, 0x29, 0x32, 0xff,
    0x29, 0x32, 0xff, 0x49, 0x32, 0xff, 0x29, 0x32, 0xff, 0x29, 0x32, 0xff, 0x08, 0x32, 0xff, 0x08, 0x32, 0xff, 0xe8, 0x29, 0xff, 0xe8, 0x29, 0xff,
    0xe8, 0x29, 0xff, 0xe8, 0x29, 0xff, 0xe8, 0x29, 0xff, 0x08, 0x2a, 0xff, 0x29, 0x32, 0xff, 0x49, 0x32, 0xff, 0xaa, 0x3a, 0xff, 0xab, 0x42, 0xff,
    0xab, 0x42, 0xff, 0xaa, 0x42, 0xff, 0xaa, 0x3a, 0xff, 0x6a, 0x3a, 0xff, 0xaa, 0x3a, 0xff, 0xc7, 0x21, 0xff, 0x29, 0x32, 0xff, 0x6a, 0x3a, 0xff,
    0xab, 0x42, 0xff, 0x29, 0x32, 0xbf, 0x95, 0xad, 0x40, 0x00, 0x00, 0x00, 0x00, 0x00, 0x00, 0x00, 0x00, 0x00, 0x00, 0x00, 0x00, 0x00, 0x00, 0x00,
    0x00, 0x00, 0x00, 0x00, 0x00, 0x00, 0x00, 0x00, 0x00, 0x00, 0x00, 0x00, 0x00, 0x00, 0x00, 0x00, 0x00, 0x00, 0x00, 0x00, 0x00, 0x00, 0x00, 0x00,
    0x00, 0x00, 0x00, 0x00, 0x00, 0x00, 0x00, 0x00, 0x00, 0x00, 0x00, 0x00, 0x00, 0x00, 0x00, 0x00, 0x00, 0x00, 0x00, 0x00, 0x00, 0x00, 0x00, 0x00,
    0x00, 0x00, 0x00, 0x00, 0x00, 0x00, 0x00, 0x00, 0x00, 0x00, 0x00, 0x00, 0x00, 0x00, 0x00, 0x00, 0x00, 0x00, 0x54, 0x9d, 0x40, 0xa7, 0x19, 0xbf,
    0x08, 0x32, 0xff, 0x08, 0x32, 0xff, 0x29, 0x32, 0xff, 0x49, 0x32, 0xff, 0x49, 0x32, 0xff, 0x49, 0x3a, 0xff, 0x49, 0x3a, 0xff, 0x49, 0x32, 0xff,
    0x29, 0x32, 0xff, 0x29, 0x32, 0xff, 0x29, 0x32, 0xff, 0x09, 0x32, 0xff, 0x08, 0x32, 0xff, 0x09, 0x32, 0xff, 0x29, 0x32, 0xff, 0x29, 0x32, 0xff,
    0x6a, 0x3a, 0xff, 0xab, 0x42, 0xff, 0xab, 0x42, 0xff, 0xab, 0x42, 0xff, 0xaa, 0x42, 0xff, 0x6a, 0x3a, 0xff, 0xaa, 0x3a, 0xff, 0x6a, 0x3a, 0xff,
    0xc7, 0x21, 0xff, 0x49, 0x32, 0xff, 0x6a, 0x3a, 0xff, 0xaa, 0x42, 0xff, 0x29, 0x32, 0xbf, 0x58, 0xc6, 0x40, 0x00, 0x00, 0x00, 0x00, 0x00, 0x00,
    0x00, 0x00, 0x00, 0x00, 0x00, 0x00, 0x00, 0x00, 0x00, 0x00, 0x00, 0x00, 0x00, 0x00, 0x00, 0x00, 0x00, 0x00, 0x00, 0x00, 0x00, 0x00, 0x00, 0x00,
    0x00, 0x00, 0x00, 0x00, 0x00, 0x00, 0x00, 0x00, 0x00, 0x00, 0x00, 0x00, 0x00, 0x00, 0x00, 0x00, 0x00, 0x00, 0x00, 0x00, 0x00, 0x00, 0x00, 0x00,
    0x00, 0x00, 0x00, 0x00, 0x00, 0x00, 0x00, 0x00, 0x00, 0x00, 0x00, 0x00, 0x00, 0x00, 0x00, 0x00, 0x00, 0x00, 0x00, 0x00, 0x00, 0x00, 0x00, 0x00,
    0x00, 0x00, 0x00, 0x75, 0xa5, 0x40, 0xa7, 0x21, 0xbf, 0x08, 0x32, 0xff, 0x08, 0x32, 0xff, 0x29, 0x32, 0xff, 0x49, 0x32, 0xff, 0x49, 0x3a, 0xff,
    0x4a, 0x3a, 0xff, 0x6a, 0x3a, 0xff, 0x6a, 0x3a, 0xff, 0x49, 0x3a, 0xff, 0x49, 0x32, 0xff, 0x49, 0x3a, 0xff, 0x49, 0x3a, 0xff, 0x49, 0x32, 0xff,
    0x49, 0x32, 0xff, 0x49, 0x32, 0xff, 0x6a, 0x3a, 0xff, 0xaa, 0x42, 0xff, 0xab, 0x42, 0xff, 0xab, 0x42, 0xff, 0xab, 0x42, 0xff, 0xab, 0x42, 0xff,
    0xaa, 0x3a, 0xff, 0xab, 0x42, 0xff, 0x49, 0x32, 0xff, 0xe8, 0x29, 0xff, 0x49, 0x32, 0xff, 0x6a, 0x3a, 0xff, 0x6a, 0x3a, 0xff, 0x29, 0x3a, 0xbf,
    0xb9, 0xce, 0x40, 0x00, 0x00, 0x00, 0x00, 0x00, 0x00, 0x00, 0x00, 0x00, 0x00, 0x00, 0x00, 0x00, 0x00, 0x00, 0x00, 0x00, 0x00, 0x00, 0x00, 0x00,
    0x00, 0x00, 0x00, 0x00, 0x00, 0x00, 0x00, 0x00, 0x00, 0x00, 0x00, 0x00, 0x00, 0x00, 0x00, 0x00, 0x00, 0x00, 0x00, 0x00, 0x00, 0x00, 0x00, 0x00,
    0x00, 0x00, 0x00, 0x00, 0x00, 0x00, 0x00, 0x00, 0x00, 0x00, 0x00, 0x00, 0x00, 0x00, 0x00, 0x00, 0x00, 0x00, 0x00, 0x00, 0x00, 0x00, 0x00, 0x00,
    0x00, 0x00, 0x00, 0x00, 0x00, 0x00, 0x00, 0x00, 0x00, 0x00, 0x00, 0x00, 0x95, 0xad, 0x40, 0xc8, 0x21, 0xbf, 0x29, 0x32, 0xff, 0x29, 0x32, 0xff,
    0x29, 0x32, 0xff, 0x49, 0x3a, 0xff, 0x6a, 0x3a, 0xff, 0x6a, 0x3a, 0xff, 0x6a, 0x3a, 0xff, 0xaa, 0x42, 0xff, 0x6a, 0x3a, 0xff, 0x6a, 0x3a, 0xff,
    0x6a, 0x3a, 0xff, 0x6a, 0x3a, 0xff, 0x6a, 0x3a, 0xff, 0x6a, 0x3a, 0xff, 0xaa, 0x3a, 0xff, 0xaa, 0x42, 0xff, 0xab, 0x42, 0xff, 0xab, 0x42, 0xff,
    0xab, 0x42, 0xff, 0xab, 0x42, 0xff, 0xab, 0x42, 0xff, 0xaa, 0x42, 0xff, 0xcb, 0x42, 0xff, 0x29, 0x32, 0xff, 0x08, 0x2a, 0xff, 0x6a, 0x3a, 0xff,
    0xaa, 0x3a, 0xff, 0xaa, 0x3a, 0xff, 0xab, 0x42, 0xbf, 0x3c, 0xe7, 0x40, 0x00, 0x00, 0x00, 0x00, 0x00, 0x00, 0x00, 0x00, 0x00, 0x00, 0x00, 0x00,
    0x00, 0x00, 0x00, 0x00, 0x00, 0x00, 0x00, 0x00, 0x00, 0x00, 0x00, 0x00, 0x00, 0x00, 0x00, 0x00, 0x00, 0x00, 0x00, 0x00, 0x00, 0x00, 0x00, 0x00,
    0x00, 0x00, 0x00, 0x00, 0x00, 0x00, 0x00, 0x00, 0x00, 0x00, 0x00, 0x00, 0x00, 0x00, 0x00, 0x00, 0x00, 0x00, 0x00, 0x00, 0x00, 0x00, 0x00, 0x00,
    0x00, 0x00, 0x00, 0x00, 0x00, 0x00, 0x00, 0x00, 0x00, 0x00, 0x00, 0x00, 0x00, 0x00, 0x00, 0x00, 0x00, 0x00, 0x00, 0x00, 0x00, 0xb5, 0xad, 0x40,
    0xc8, 0x21, 0xbf, 0x29, 0x32, 0xff, 0x29, 0x32, 0xff, 0x49, 0x32, 0xff, 0x49, 0x3a, 0xff, 0x6a, 0x3a, 0xff, 0x6a, 0x3a, 0xff, 0xaa, 0x42, 0xff,
    0xaa, 0x42, 0xff, 0xaa, 0x42, 0xff, 0xaa, 0x42, 0xff, 0xab, 0x42, 0xff, 0xaa, 0x42, 0xff, 0xaa, 0x42, 0xff, 0xaa, 0x42, 0xff, 0xab, 0x42, 0xff,
    0xab, 0x42, 0xff, 0xab, 0x42, 0xff, 0xab, 0x42, 0xff, 0xab, 0x42, 0xff, 0xab, 0x42, 0xff, 0xab, 0x42, 0xff, 0xaa, 0x42, 0xff, 0xcb, 0x42, 0xff,
    0x09, 0x32, 0xff, 0x29, 0x32, 0xff, 0xaa, 0x3a, 0xff, 0xab, 0x42, 0xff, 0x6a, 0x3a, 0xff, 0xec, 0x52, 0xbf, 0x7d, 0xef, 0x40, 0x00, 0x00, 0x00,
    0x00, 0x00, 0x00, 0x00, 0x00, 0x00, 0x00, 0x00, 0x00, 0x00, 0x00, 0x00, 0x00, 0x00, 0x00, 0x00, 0x00, 0x00, 0x00, 0x00, 0x00, 0x00, 0x00, 0x00,
    0x00, 0x00, 0x00, 0x00, 0x00, 0x00, 0x00, 0x00, 0x00, 0x00, 0x00, 0x00, 0x00, 0x00, 0x00, 0x00, 0x00, 0x00, 0x00, 0x00, 0x00, 0x00, 0x00, 0x00,
    0x00, 0x00, 0x00, 0x00, 0x00, 0x00, 0x00, 0x00, 0x00, 0x00, 0x00, 0x00, 0x00, 0x00, 0x00, 0x00, 0x00, 0x00, 0x00, 0x00, 0x00, 0x00, 0x00, 0x00,
    0x00, 0x00, 0x00, 0x00, 0x00, 0x00, 0xb5, 0xad, 0x40, 0xc8, 0x21, 0xbf, 0x49, 0x32, 0xff, 0x29, 0x32, 0xff, 0x49, 0x32, 0xff, 0x6a, 0x3a, 0xff,
    0x6a, 0x3a, 0xff, 0x6a, 0x3a, 0xff, 0xaa, 0x42, 0xff, 0xaa, 0x42, 0xff, 0xaa, 0x42, 0xff, 0xab, 0x42, 0xff, 0xab, 0x42, 0xff, 0xab, 0x42, 0xff,
    0xab, 0x42, 0xff, 0xab, 0x42, 0xff, 0xab, 0x42, 0xff, 0xab, 0x42, 0xff, 0xab, 0x42, 0xff, 0xab, 0x42, 0xff, 0xab, 0x42, 0xff, 0xab, 0x42, 0xff,
    0xab, 0x42, 0xff, 0xab, 0x42, 0xff, 0xab, 0x42, 0xff, 0x08, 0x2a, 0xff, 0x49, 0x32, 0xff, 0x6a, 0x3a, 0xff, 0xab, 0x42, 0xff, 0x4a, 0x32, 0xff,
    0x8e, 0x63, 0xbf, 0xff, 0xff, 0x40, 0x00, 0x00, 0x00, 0x00, 0x00, 0x00, 0x00, 0x00, 0x00, 0x00, 0x00, 0x00, 0x00, 0x00, 0x00, 0x00, 0x00, 0x00,
    0x00, 0x00, 0x00, 0x00, 0x00, 0x00, 0x00, 0x00, 0x00, 0x00, 0x00, 0x00, 0x00, 0x00, 0x00, 0x00, 0x00, 0x00, 0x00, 0x00, 0x00, 0x00, 0x00, 0x00,
    0x00, 0x00, 0x00, 0x00, 0x00, 0x00, 0x00, 0x00, 0x00, 0x00, 0x00, 0x00, 0x00, 0x00, 0x00, 0x00, 0x00, 0x00, 0x00, 0x00, 0x00, 0x00, 0x00, 0x00,
    0x00, 0x00, 0x00, 0x00, 0x00, 0x00, 0x00, 0x00, 0x00, 0x00, 0x00, 0x00, 0x00, 0x00, 0x00, 0xb5, 0xad, 0x40, 0xc8, 0x21, 0xbf, 0x49, 0x32, 0xff,
    0x29, 0x32, 0xff, 0x49, 0x32, 0xff, 0x6a, 0x3a, 0xff, 0x6a, 0x3a, 0xff, 0x6a, 0x3a, 0xff, 0xaa, 0x42, 0xff, 0xab, 0x42, 0xff, 0xaa, 0x42, 0xff,
    0xab, 0x42, 0xff, 0xab, 0x42, 0xff, 0xab, 0x42, 0xff, 0xab, 0x42, 0xff, 0xab, 0x42, 0xff, 0xab, 0x42, 0xff, 0xab, 0x42, 0xff, 0xab, 0x42, 0xff,
    0xab, 0x42, 0xff, 0xab, 0x42, 0xff, 0xab, 0x42, 0xff, 0xab, 0x42, 0xff, 0xab, 0x42, 0xff, 0xab, 0x42, 0xff, 0xe8, 0x29, 0xff, 0x49, 0x3a, 0xff,
    0x6a, 0x3a, 0xff, 0xab, 0x42, 0xff, 0x29, 0x32, 0xff, 0x10, 0x74, 0xbf, 0xff, 0xff, 0x40, 0x00, 0x00, 0x00, 0x00, 0x00, 0x00, 0x00, 0x00, 0x00,
    0x00, 0x00, 0x00, 0x00, 0x00, 0x00, 0x00, 0x00, 0x00, 0x00, 0x00, 0x00, 0x00, 0x00, 0x00, 0x00, 0x00, 0x00, 0x00, 0x00, 0x00, 0x00, 0x00, 0x00,
    0x00, 0x00, 0x00, 0x00, 0x00, 0x00, 0x00, 0x00, 0x00, 0x00, 0x00, 0x00, 0x00, 0x00, 0x00, 0x00, 0x00, 0x00, 0x00, 0x00, 0x00, 0x00, 0x00, 0x00,
    0x00, 0x00, 0x00, 0x00, 0x00, 0x00, 0x00, 0x00, 0x00, 0x00, 0x00, 0x00, 0x00, 0x00, 0x00, 0x00, 0x00, 0x00, 0x00, 0x00, 0x00, 0x00, 0x00, 0x00,
    0xd6, 0xb5, 0x40, 0xc8, 0x21, 0xbf, 0x49, 0x32, 0xff, 0x29, 0x32, 0xff, 0x49, 0x32, 0xff, 0x69, 0x3a, 0xff, 0x6a, 0x3a, 0xff, 0x6a, 0x3a, 0xff,
    0xaa, 0x3a, 0xff, 0xab, 0x42, 0xff, 0xaa, 0x42, 0xff, 0xab, 0x42, 0xff, 0xab, 0x42, 0xff, 0xab, 0x42, 0xff, 0xab, 0x42, 0xff, 0xab, 0x42, 0xff,
    0xab, 0x42, 0xff, 0xab, 0x42, 0xff, 0xab, 0x42, 0xff, 0xab, 0x42, 0xff, 0xab, 0x42, 0xff, 0xab, 0x42, 0xff, 0xab, 0x42, 0xff, 0xcb, 0x42, 0xff,
    0xaa, 0x3a, 0xff, 0x08, 0x2a, 0xff, 0x6a, 0x3a, 0xff, 0xaa, 0x3a, 0xff, 0xab, 0x42, 0xff, 0xe8, 0x29, 0xff, 0xb2, 0x8c, 0xbf, 0xff, 0xff, 0x40,
    0x00, 0x00, 0x00, 0x00, 0x00, 0x00, 0x00, 0x00, 0x00, 0x00, 0x00, 0x00, 0x00, 0x00, 0x00, 0x00, 0x00, 0x00, 0x00, 0x00, 0x00, 0x00, 0x00, 0x00,
    0x00, 0x00, 0x00, 0x00, 0x00, 0x00, 0x00, 0x00, 0x00, 0x00, 0x00, 0x00, 0x00, 0x00, 0x00, 0x00, 0x00, 0x00, 0x00, 0x00, 0x00, 0x00, 0x00, 0x00,
    0x00, 0x00, 0x00, 0x00, 0x00, 0x00, 0x00, 0x00, 0x00, 0x00, 0x00, 0x00, 0x00, 0x00, 0x00, 0x00, 0x00, 0x00, 0x00, 0x00, 0x00, 0x00, 0x00, 0x00,
    0x00, 0x00, 0x00, 0x00, 0x00, 0x00, 0x00, 0x00, 0x00, 0xf6, 0xb5, 0x40, 0xe8, 0x29, 0xbf, 0x49, 0x32, 0xff, 0x29, 0x32, 0xff, 0x49, 0x32, 0xff,
    0x6a, 0x3a, 0xff, 0x6a, 0x3a, 0xff, 0x6a, 0x3a, 0xff, 0xaa, 0x3a, 0xff, 0xab, 0x42, 0xff, 0x6a, 0x3a, 0xff, 0xab, 0x42, 0xff, 0xab, 0x42, 0xff,
    0xab, 0x42, 0xff, 0xab, 0x42, 0xff, 0xab, 0x42, 0xff, 0xab, 0x42, 0xff, 0xab, 0x42, 0xff, 0xab, 0x42, 0xff, 0xab, 0x42, 0xff, 0xab, 0x42, 0xff,
    0xab, 0x42, 0xff, 0xab, 0x42, 0xff, 0xcb, 0x4a, 0xff, 0x4a, 0x3a, 0xff, 0x09, 0x32, 0xff, 0x6a, 0x3a, 0xff, 0xaa, 0x3a, 0xff, 0xab, 0x42, 0xff,
    0x08, 0x2a, 0xef, 0x54, 0x9d, 0x9f, 0xff, 0xff, 0x30, 0x00, 0x00, 0x00, 0x00, 0x00, 0x00, 0x00, 0x00, 0x00, 0x00, 0x00, 0x00, 0x00, 0x00, 0x00,
    0x00, 0x00, 0x00, 0x00, 0x00, 0x00, 0x00, 0x00, 0x00, 0x00, 0x00, 0x00, 0x00, 0x00, 0x00, 0x00, 0x00, 0x00, 0x00, 0x00, 0x00, 0x00, 0x00, 0x00,
    0x00, 0x00, 0x00, 0x00, 0x00, 0x00, 0x00, 0x00, 0x00, 0x00, 0x00, 0x00, 0x00, 0x00, 0x00, 0x00, 0x00, 0x00, 0x00, 0x00, 0x00, 0x00, 0x00, 0x00,
    0x00, 0x00, 0x00, 0x00, 0x00, 0x00, 0x00, 0x00, 0x00, 0x00, 0x00, 0x00, 0x00, 0x00, 0x00, 0x00, 0x00, 0x00, 0x17, 0xbe, 0x40, 0xe8, 0x29, 0xbf,
    0x49, 0x32, 0xff, 0x29, 0x32, 0xff, 0x49, 0x3a, 0xff, 0x4a, 0x3a, 0xff, 0x6a, 0x3a, 0xff, 0x6a, 0x3a, 0xff, 0xaa, 0x42, 0xff, 0xab, 0x42, 0xff,
    0x6a, 0x3a, 0xff, 0xab, 0x42, 0xff, 0xab, 0x42, 0xff, 0xab, 0x42, 0xff, 0xab, 0x42, 0xff, 0xab, 0x42, 0xff, 0xab, 0x42, 0xff, 0xab, 0x42, 0xff,
    0xab, 0x42, 0xff, 0xab, 0x42, 0xff, 0xab, 0x42, 0xff, 0xab, 0x42, 0xff, 0xaa, 0x42, 0xff, 0xcb, 0x42, 0xff, 0x29, 0x32, 0xff, 0x29, 0x32, 0xff,
    0x6a, 0x3a, 0xff, 0xaa, 0x3a, 0xff, 0xab, 0x42, 0xff, 0x29, 0x32, 0xcf, 0x17, 0xbe, 0x60, 0xff, 0xff, 0x10, 0x00, 0x00, 0x00, 0x00, 0x00, 0x00,
    0x00, 0x00, 0x00, 0x00, 0x00, 0x00, 0x00, 0x00, 0x00, 0x00, 0x00, 0x00, 0x00, 0x00, 0x00, 0x00, 0x00, 0x00, 0x00, 0x00, 0x00, 0x00, 0x00, 0x00,
    0x00, 0x00, 0x00, 0x00, 0x00, 0x00, 0x00, 0x00, 0x00, 0x00, 0x00, 0x00, 0x00, 0x00, 0x00, 0x00, 0x00, 0x00, 0x00, 0x00, 0x00, 0x00, 0x00, 0x00,
    0x00, 0x00, 0x00, 0x00, 0x00, 0x00, 0x00, 0x00, 0x00, 0x00, 0x00, 0x00, 0x00, 0x00, 0x00, 0x00, 0x00, 0x00, 0x00, 0x00, 0x00, 0x00, 0x00, 0x00,
    0x00, 0x00, 0x00, 0x37, 0xbe, 0x40, 0xe8, 0x29, 0xbf, 0x29, 0x32, 0xff, 0x29, 0x32, 0xff, 0x49, 0x3a, 0xff, 0x6a, 0x3a, 0xff, 0x6a, 0x3a, 0xff,
    0x6a, 0x3a, 0xff, 0xab, 0x42, 0xff, 0xab, 0x42, 0xff, 0xaa, 0x42, 0xff, 0xab, 0x42, 0xff, 0xab, 0x42, 0xff, 0xab, 0x42, 0xff, 0xab, 0x42, 0xff,
    0xab, 0x42, 0xff, 0xab, 0x42, 0xff, 0xab, 0x42, 0xff, 0xaa, 0x42, 0xff, 0xaa, 0x42, 0xff, 0xab, 0x42, 0xff, 0xaa, 0x42, 0xff, 0xaa, 0x42, 0xff,
    0xab, 0x42, 0xff, 0x08, 0x2a, 0xff, 0x29, 0x32, 0xff, 0x6a, 0x3a, 0xff, 0xaa, 0x3a, 0xff, 0xab, 0x42, 0xff, 0x49, 0x3a, 0xbf, 0x99, 0xce, 0x40,
    0x00, 0x00, 0x00, 0x00, 0x00, 0x00, 0x00, 0x00, 0x00, 0x00, 0x00, 0x00, 0x00, 0x00, 0x00, 0x00, 0x00, 0x00, 0x00, 0x00, 0x00, 0x00, 0x00, 0x00,
    0x00, 0x00, 0x00, 0x00, 0x00, 0x00, 0x00, 0x00, 0x00, 0x00, 0x00, 0x00, 0x00, 0x00, 0x00, 0x00, 0x00, 0x00, 0x00, 0x00, 0x00, 0x00, 0x00, 0x00,
    0x00, 0x00, 0x00, 0x00, 0x00, 0x00, 0x00, 0x00, 0x00, 0x00, 0x00, 0x00, 0x00, 0x00, 0x00, 0x00, 0x00, 0x00, 0x00, 0x00, 0x00, 0x00, 0x00, 0x00,
    0x00, 0x00, 0x00, 0x00, 0x00, 0x00, 0x00, 0x00, 0x00, 0x00, 0x00, 0x00, 0x57, 0xbe, 0x40, 0xe8, 0x29, 0xbf, 0x29, 0x32, 0xff, 0x29, 0x32, 0xff,
    0x49, 0x3a, 0xff, 0x6a, 0x3a, 0xff, 0x6a, 0x3a, 0xff, 0xaa, 0x42, 0xff, 0xab, 0x42, 0xff, 0xab, 0x42, 0xff, 0x6a, 0x3a, 0xff, 0xab, 0x42, 0xff,
    0xab, 0x42, 0xff, 0xab, 0x42, 0xff, 0xab, 0x42, 0xff, 0xab, 0x42, 0xff, 0xab, 0x42, 0xff, 0xaa, 0x42, 0xff, 0xaa, 0x42, 0xff, 0xaa, 0x42, 0xff,
    0xaa, 0x42, 0xff, 0xaa, 0x42, 0xff, 0xaa, 0x42, 0xff, 0xaa, 0x3a, 0xff, 0xe8, 0x29, 0xff, 0x49, 0x32, 0xff, 0x6a, 0x3a, 0xff, 0xaa, 0x42, 0xff,
    0xaa, 0x3a, 0xff, 0xab, 0x42, 0xbf, 0x5c, 0xe7, 0x40, 0x00, 0x00, 0x00, 0x00, 0x00, 0x00, 0x00, 0x00, 0x00, 0x00, 0x00, 0x00, 0x00, 0x00, 0x00,
    0x00, 0x00, 0x00, 0x00, 0x00, 0x00, 0x00, 0x00, 0x00, 0x00, 0x00, 0x00, 0x00, 0x00, 0x00, 0x00, 0x00, 0x00, 0x00, 0x00, 0x00, 0x00, 0x00, 0x00,
    0x00, 0x00, 0x00, 0x00, 0x00, 0x00, 0x00, 0x00, 0x00, 0x00, 0x00, 0x00, 0x00, 0x00, 0x00, 0x00, 0x00, 0x00, 0x00, 0x00, 0x00, 0x00, 0x00, 0x00,
    0x00, 0x00, 0x00, 0x00, 0x00, 0x00, 0x00, 0x00, 0x00, 0x00, 0x00, 0x00, 0x00, 0x00, 0x00, 0x00, 0x00, 0x00, 0x00, 0x00, 0x00, 0x58, 0xc6, 0x40,
    0xe8, 0x29, 0xbf, 0x29, 0x32, 0xff, 0x29, 0x32, 0xff, 0x49, 0x3a, 0xff, 0x4a, 0x3a, 0xff, 0x6a, 0x3a, 0xff, 0xaa, 0x42, 0xff, 0xab, 0x42, 0xff,
    0xaa, 0x42, 0xff, 0x6a, 0x3a, 0xff, 0xab, 0x42, 0xff, 0xab, 0x42, 0xff, 0xab, 0x42, 0xff, 0xab, 0x42, 0xff, 0xab, 0x42, 0xff, 0xab, 0x42, 0xff,
    0xaa, 0x42, 0xff, 0xaa, 0x42, 0xff, 0xab, 0x42, 0xff, 0xab, 0x42, 0xff, 0xaa, 0x3a, 0xff, 0xab, 0x42, 0xff, 0x6a, 0x3a, 0xff, 0xe8, 0x29, 0xff,
    0x49, 0x3a, 0xff, 0x6a, 0x3a, 0xff, 0xaa, 0x42, 0xff, 0x6a, 0x3a, 0xff, 0xcb, 0x4a, 0xbf, 0x7d, 0xef, 0x40, 0x00, 0x00, 0x00, 0x00, 0x00, 0x00,
    0x00, 0x00, 0x00, 0x00, 0x00, 0x00, 0x00, 0x00, 0x00, 0x00, 0x00, 0x00, 0x00, 0x00, 0x00, 0x00, 0x00, 0x00, 0x00, 0x00, 0x00, 0x00, 0x00, 0x00,
    0x00, 0x00, 0x00, 0x00, 0x00, 0x00, 0x00, 0x00, 0x00, 0x00, 0x00, 0x00, 0x00, 0x00, 0x00, 0x00, 0x00, 0x00, 0x00, 0x00, 0x00, 0x00, 0x00, 0x00,
    0x00, 0x00, 0x00, 0x00, 0x00, 0x00, 0x00, 0x00, 0x00, 0x00, 0x00, 0x00, 0x00, 0x00, 0x00, 0x00, 0x00, 0x00, 0x00, 0x00, 0x00, 0x00, 0x00, 0x00,
    0x00, 0x00, 0x00, 0x00, 0x00, 0x00, 0x78, 0xc6, 0x40, 0xe8, 0x29, 0xbf, 0x09, 0x32, 0xff, 0x29, 0x32, 0xff, 0x49, 0x32, 0xff, 0x49, 0x3a, 0xff,
    0x6a, 0x3a, 0xff, 0xaa, 0x42, 0xff, 0xaa, 0x42, 0xff, 0xaa, 0x3a, 0xff, 0xaa, 0x3a, 0xff, 0xab, 0x42, 0xff, 0xab, 0x42, 0xff, 0xab, 0x42, 0xff,
    0xab, 0x42, 0xff, 0xab, 0x42, 0xff, 0xab, 0x42, 0xff, 0xab, 0x42, 0xff, 0xab, 0x42, 0xff, 0xab, 0x42, 0xff, 0xab, 0x42, 0xff, 0xaa, 0x42, 0xff,
    0xab, 0x42, 0xff, 0x29, 0x32, 0xff, 0x08, 0x2a, 0xff, 0x49, 0x3a, 0xff, 0x6a, 0x3a, 0xff, 0xaa, 0x42, 0xff, 0x29, 0x32, 0xff, 0x6e, 0x63, 0xbf,
    0xfd, 0xef, 0x40, 0x00, 0x00, 0x00, 0x00, 0x00, 0x00, 0x00, 0x00, 0x00, 0x00, 0x00, 0x00, 0x00, 0x00, 0x00, 0x00, 0x00, 0x00, 0x00, 0x00, 0x00,
    0x00, 0x00, 0x00, 0x00, 0x00, 0x00, 0x00, 0x00, 0x00, 0x00, 0x00, 0x00, 0x00, 0x00, 0x00, 0x00, 0x00, 0x00, 0x00, 0x00, 0x00, 0x00, 0x00, 0x00,
    0x00, 0x00, 0x00, 0x00, 0x00, 0x00, 0x00, 0x00, 0x00, 0x00, 0x00, 0x00, 0x00, 0x00, 0x00, 0x00, 0x00, 0x00, 0x00, 0x00, 0x00, 0x00, 0x00, 0x00,
    0x00, 0x00, 0x00, 0x00, 0x00, 0x00, 0x00, 0x00, 0x00, 0x00, 0x00, 0x00, 0x00, 0x00, 0x00, 0x58, 0xc6, 0x40, 0xc8, 0x21, 0xbf, 0x08, 0x2a, 0xff,
    0x08, 0x32, 0xff, 0x29, 0x32, 0xff, 0x49, 0x3a, 0xff, 0xaa, 0x3a, 0xff, 0x6a, 0x3a, 0xff, 0xaa, 0x3a, 0xff, 0x6a, 0x3a, 0xff, 0xaa, 0x3a, 0xff,
    0xab, 0x42, 0xff, 0xab, 0x42, 0xff, 0xab, 0x42, 0xff, 0xab, 0x42, 0xff, 0xab, 0x42, 0xff, 0xab, 0x42, 0xff, 0xab, 0x42, 0xff, 0xab, 0x42, 0xff,
    0xab, 0x42, 0xff, 0xab, 0x42, 0xff, 0xaa, 0x42, 0xff, 0xab, 0x42, 0xff, 0x09, 0x32, 0xff, 0x09, 0x32, 0xff, 0x49, 0x3a, 0xff, 0x6a, 0x3a, 0xff,
    0xaa, 0x3a, 0xff, 0x09, 0x2a, 0xff, 0xf0, 0x73, 0xbf, 0xff, 0xff, 0x40, 0x00, 0x00, 0x00, 0x00, 0x00, 0x00, 0x00, 0x00, 0x00, 0x00, 0x00, 0x00,
    0x00, 0x00, 0x00, 0x00, 0x00, 0x00, 0x00, 0x00, 0x00, 0x00, 0x00, 0x00, 0x00, 0x00, 0x00, 0x00, 0x00, 0x00, 0x00, 0x00, 0x00, 0x00, 0x00, 0x00,
    0x00, 0x00, 0x00, 0x00, 0x00, 0x00, 0x00, 0x00, 0x00, 0x00, 0x00, 0x00, 0x00, 0x00, 0x00, 0x00, 0x00, 0x00, 0x00, 0x00, 0x00, 0x00, 0x00, 0x00,
    0x00, 0x00, 0x00, 0x00, 0x00, 0x00, 0x00, 0x00, 0x00, 0x00, 0x00, 0x00, 0x00, 0x00, 0x00, 0x00, 0x00, 0x00, 0x00, 0x00, 0x00, 0x00, 0x00, 0x00,
    0xb5, 0xad, 0x40, 0x86, 0x19, 0xbf, 0x08, 0x32, 0xff, 0x08, 0x2a, 0xff, 0x29, 0x32, 0xff, 0x4a, 0x3a, 0xff, 0x6a, 0x3a, 0xff, 0x6a, 0x3a, 0xff,
    0x6a, 0x3a, 0xff, 0x6a, 0x3a, 0xff, 0xaa, 0x42, 0xff, 0xab, 0x42, 0xff, 0xab, 0x42, 0xff, 0xab, 0x42, 0xff, 0xab, 0x42, 0xff, 0xaa, 0x42, 0xff,
    0xaa, 0x42, 0xff, 0xab, 0x42, 0xff, 0xab, 0x42, 0xff, 0xab, 0x42, 0xff, 0xab, 0x42, 0xff, 0xab, 0x42, 0xff, 0xab, 0x42, 0xff, 0x08, 0x32, 0xff,
    0x29, 0x32, 0xff, 0x4a, 0x3a, 0xff, 0x6a, 0x3a, 0xff, 0xaa, 0x3a, 0xff, 0xe8, 0x29, 0xef, 0x71, 0x84, 0x9f, 0xff, 0xff, 0x30, 0x00, 0x00, 0x00,
    0x00, 0x00, 0x00, 0x00, 0x00, 0x00, 0x00, 0x00, 0x00, 0x00, 0x00, 0x00, 0x00, 0x00, 0x00, 0x00, 0x00, 0x00, 0x00, 0x00, 0x00, 0x00, 0x00, 0x00,
    0x00, 0x00, 0x00, 0x00, 0x00, 0x00, 0x00, 0x00, 0x00, 0x00, 0x00, 0x00, 0x00, 0x00, 0x00, 0x00, 0x00, 0x00, 0x00, 0x00, 0x00, 0x00, 0x00, 0x00,
    0x00, 0x00, 0x00, 0x00, 0x00, 0x00, 0x00, 0x00, 0x00, 0x00, 0x00, 0x00, 0x00, 0x00, 0x00, 0x00, 0x00, 0x00, 0x00, 0x00, 0x00, 0x00, 0x00, 0x00,
    0x00, 0x00, 0x00, 0x00, 0x00, 0x00, 0x00, 0x00, 0x00, 0x14, 0x95, 0x40, 0x66, 0x19, 0xbf, 0x08, 0x2a, 0xff, 0x09, 0x32, 0xff, 0x29, 0x32, 0xff,
    0x6a, 0x3a, 0xff, 0x6a, 0x3a, 0xff, 0x6a, 0x3a, 0xff, 0x6a, 0x3a, 0xff, 0x6a, 0x3a, 0xff, 0xab, 0x42, 0xff, 0xab, 0x42, 0xff, 0xcb, 0x4a, 0xff,
    0xab, 0x42, 0xff, 0xab, 0x42, 0xff, 0xab, 0x42, 0xff, 0xab, 0x42, 0xff, 0xab, 0x42, 0xff, 0xab, 0x42, 0xff, 0xab, 0x42, 0xff, 0xab, 0x42, 0xff,
    0xab, 0x42, 0xff, 0x6a, 0x3a, 0xff, 0xe8, 0x29, 0xff, 0x29, 0x32, 0xff, 0x6a, 0x3a, 0xff, 0x6a, 0x3a, 0xff, 0xaa, 0x42, 0xff, 0x08, 0x2a, 0xcf,
    0x55, 0xa5, 0x60, 0xff, 0xff, 0x10, 0x00, 0x00, 0x00, 0x00, 0x00, 0x00, 0x00, 0x00, 0x00, 0x00, 0x00, 0x00, 0x00, 0x00, 0x00, 0x00, 0x00, 0x00,
    0x00, 0x00, 0x00, 0x00, 0x00, 0x00, 0x00, 0x00, 0x00, 0x00, 0x00, 0x00, 0x00, 0x00, 0x00, 0x00, 0x00, 0x00, 0x00, 0x00, 0x00, 0x00, 0x00, 0x00,
    0x00, 0x00, 0x00, 0x00, 0x00, 0x00, 0x00, 0x00, 0x00, 0x00, 0x00, 0x00, 0x00, 0x00, 0x00, 0x00, 0x00, 0x00, 0x00, 0x00, 0x00, 0x00, 0x00, 0x00,
    0x00, 0x00, 0x00, 0x00, 0x00, 0x00, 0x00, 0x00, 0x00, 0x00, 0x00, 0x00, 0x00, 0x00, 0x00, 0x00, 0x00, 0x00, 0xd3, 0x94, 0x40, 0x66, 0x19, 0xbf,
    0x29, 0x32, 0xff, 0x29, 0x32, 0xff, 0x49, 0x32, 0xff, 0x6a, 0x3a, 0xff, 0x6a, 0x3a, 0xff, 0x6a, 0x3a, 0xff, 0xaa, 0x42, 0xff, 0x6a, 0x3a, 0xff,
    0xab, 0x42, 0xff, 0xab, 0x4a, 0xff, 0xab, 0x4a, 0xff, 0xab, 0x42, 0xff, 0xaa, 0x42, 0xff, 0xaa, 0x42, 0xff, 0xab, 0x42, 0xff, 0xab, 0x42, 0xff,
    0xab, 0x42, 0xff, 0xab, 0x42, 0xff, 0xaa, 0x42, 0xff, 0xab, 0x42, 0xff, 0x49, 0x3a, 0xff, 0xe8, 0x29, 0xff, 0x49, 0x32, 0xff, 0x6a, 0x3a, 0xff,
    0x6a, 0x3a, 0xff, 0xab, 0x3a, 0xff, 0x08, 0x32, 0xbf, 0xf6, 0xb5, 0x40, 0x00, 0x00, 0x00, 0x00, 0x00, 0x00, 0x00, 0x00, 0x00, 0x00, 0x00, 0x00,
    0x00, 0x00, 0x00, 0x00, 0x00, 0x00, 0x00, 0x00, 0x00, 0x00, 0x00, 0x00, 0x00, 0x00, 0x00, 0x00, 0x00, 0x00, 0x00, 0x00, 0x00, 0x00, 0x00, 0x00,
    0x00, 0x00, 0x00, 0x00, 0x00, 0x00, 0x00, 0x00, 0x00, 0x00, 0x00, 0x00, 0x00, 0x00, 0x00, 0x00, 0x00, 0x00, 0x00, 0x00, 0x00, 0x00, 0x00, 0x00,
    0x00, 0x00, 0x00, 0x00, 0x00, 0x00, 0x00, 0x00, 0x00, 0x00, 0x00, 0x00, 0x00, 0x00, 0x00, 0x00, 0x00, 0x00, 0x00, 0x00, 0x00, 0x00, 0x00, 0x00,
    0x00, 0x00, 0x00, 0xb2, 0x8c, 0x40, 0xa7, 0x21, 0xbf, 0xaa, 0x3a, 0xff, 0x29, 0x32, 0xff, 0x49, 0x32, 0xff, 0x6a, 0x3a, 0xff, 0x6a, 0x3a, 0xff,
    0xaa, 0x3a, 0xff, 0xaa, 0x42, 0xff, 0xaa, 0x42, 0xff, 0xab, 0x42, 0xff, 0xcb, 0x42, 0xff, 0xab, 0x42, 0xff, 0xab, 0x42, 0xff, 0xaa, 0x42, 0xff,
    0xab, 0x42, 0xff, 0xab, 0x42, 0xff, 0xab, 0x42, 0xff, 0xab, 0x42, 0xff, 0xab, 0x42, 0xff, 0xaa, 0x3a, 0xff, 0xaa, 0x42, 0xff, 0x29, 0x32, 0xff,
    0x08, 0x2a, 0xff, 0x49, 0x32, 0xff, 0x6a, 0x3a, 0xff, 0x6a, 0x3a, 0xff, 0xaa, 0x3a, 0xff, 0x49, 0x3a, 0xbf, 0xba, 0xd6, 0x40, 0x00, 0x00, 0x00,
    0x00, 0x00, 0x00, 0x00, 0x00, 0x00, 0x00, 0x00, 0x00, 0x00, 0x00, 0x00, 0x00, 0x00, 0x00, 0x00, 0x00, 0x00, 0x00, 0x00, 0x00, 0x00, 0x00, 0x00,
    0x00, 0x00, 0x00, 0x00, 0x00, 0x00, 0x00, 0x00, 0x00, 0x00, 0x00, 0x00, 0x00, 0x00, 0x00, 0x00, 0x00, 0x00, 0x00, 0x00, 0x00, 0x00, 0x00, 0x00,
    0x00, 0x00, 0x00, 0x00, 0x00, 0x00, 0x00, 0x00, 0x00, 0x00, 0x00, 0x00, 0x00, 0x00, 0x00, 0x00, 0x00, 0x00, 0x00, 0x00, 0x00, 0x00, 0x00, 0x00,
    0x00, 0x00, 0x00, 0x00, 0x00, 0x00, 0x00, 0x00, 0x00, 0x00, 0x00, 0x00, 0x54, 0x9d, 0x40, 0x09, 0x2a, 0xbf, 0xab, 0x3a, 0xff, 0x29, 0x32, 0xff,
    0x49, 0x32, 0xff, 0x6a, 0x3a, 0xff, 0x6a, 0x3a, 0xff, 0xaa, 0x42, 0xff, 0xab, 0x42, 0xff, 0xab, 0x42, 0xff, 0xcb, 0x4a, 0xff, 0xcb, 0x42, 0xff,
    0xab, 0x42, 0xff, 0xaa, 0x42, 0xff, 0xaa, 0x42, 0xff, 0xab, 0x42, 0xff, 0xab, 0x42, 0xff, 0xab, 0x42, 0xff, 0xab, 0x42, 0xff, 0xab, 0x42, 0xff,
    0x6a, 0x3a, 0xff, 0xaa, 0x42, 0xff, 0xe8, 0x29, 0xff, 0x08, 0x32, 0xff, 0x49, 0x3a, 0xff, 0x6a, 0x3a, 0xff, 0x6a, 0x3a, 0xff, 0x6a, 0x3a, 0xff,
    0xab, 0x4a, 0xbf, 0x5c, 0xe7, 0x40, 0x00, 0x00, 0x00, 0x00, 0x00, 0x00, 0x00, 0x00, 0x00, 0x00, 0x00, 0x00, 0x00, 0x00, 0x00, 0x00, 0x00, 0x00,
    0x00, 0x00, 0x00, 0x00, 0x00, 0x00, 0x00, 0x00, 0x00, 0x00, 0x00, 0x00, 0x00, 0x00, 0x00, 0x00, 0x00, 0x00, 0x00, 0x00, 0x00, 0x00, 0x00, 0x00,
    0x00, 0x00, 0x00, 0x00, 0x00, 0x00, 0x00, 0x00, 0x00, 0x00, 0x00, 0x00, 0x00, 0x00, 0x00, 0x00, 0x00, 0x00, 0x00, 0x00, 0x00, 0x00, 0x00, 0x00,
    0x00, 0x00, 0x00, 0x00, 0x00, 0x00, 0x00, 0x00, 0x00, 0x00, 0x00, 0x00, 0x00, 0x00, 0x00, 0x00, 0x00, 0x00, 0x00, 0x00, 0x00, 0xd6, 0xb5, 0x40,
    0x09, 0x32, 0xbf, 0x29, 0x32, 0xff, 0x08, 0x2a, 0xff, 0x29, 0x32, 0xff, 0x49, 0x32, 0xff, 0x6a, 0x3a, 0xff, 0xab, 0x42, 0xff, 0xab, 0x42, 0xff,
    0xab, 0x42, 0xff, 0xcb, 0x4a, 0xff, 0xab, 0x42, 0xff, 0xaa, 0x42, 0xff, 0xaa, 0x3a, 0xff, 0xaa, 0x42, 0xff, 0xab, 0x42, 0xff, 0xab, 0x42, 0xff,
    0xab, 0x42, 0xff, 0xab, 0x42, 0xff, 0xab, 0x42, 0xff, 0xaa, 0x3a, 0xff, 0xaa, 0x42, 0xff, 0xe8, 0x29, 0xff, 0x29, 0x32, 0xff, 0x6a, 0x3a, 0xff,
    0xaa, 0x3a, 0xff, 0xaa, 0x42, 0xff, 0x6a, 0x3a, 0xff, 0xeb, 0x4a, 0xbf, 0x7d, 0xef, 0x40, 0x00, 0x00, 0x00, 0x00, 0x00, 0x00, 0x00, 0x00, 0x00,
    0x00, 0x00, 0x00, 0x00, 0x00, 0x00, 0x00, 0x00, 0x00, 0x00, 0x00, 0x00, 0x00, 0x00, 0x00, 0x00, 0x00, 0x00, 0x00, 0x00, 0x00, 0x00, 0x00, 0x00,
    0x00, 0x00, 0x00, 0x00, 0x00, 0x00, 0x00, 0x00, 0x00, 0x00, 0x00, 0x00, 0x00, 0x00, 0x00, 0x00, 0x00, 0x00, 0x00, 0x00, 0x00, 0x00, 0x00, 0x00,
    0x00, 0x00, 0x00, 0x00, 0x00, 0x00, 0x00, 0x00, 0x00, 0x00, 0x00, 0x00, 0x00, 0x00, 0x00, 0x00, 0x00, 0x00, 0x00, 0x00, 0x00, 0x00, 0x00, 0x00,
    0x00, 0x00, 0x00, 0xfd, 0xef, 0x10, 0x95, 0xad, 0x60, 0x87, 0x21, 0xcf, 0x08, 0x2a, 0xff, 0x08, 0x2a, 0xff, 0x08, 0x32, 0xff, 0x29, 0x32, 0xff,
    0x6a, 0x3a, 0xff, 0xcb, 0x42, 0xff, 0xab, 0x42, 0xff, 0xab, 0x42, 0xff, 0xab, 0x42, 0xff, 0xab, 0x42, 0xff, 0xaa, 0x42, 0xff, 0xaa, 0x3a, 0xff,
    0xab, 0x42, 0xff, 0xab, 0x42, 0xff, 0xab, 0x42, 0xff, 0xab, 0x42, 0xff, 0xab, 0x42, 0xff, 0xab, 0x42, 0xff, 0xaa, 0x42, 0xff, 0x6a, 0x3a, 0xff,
    0xe8, 0x29, 0xff, 0x49, 0x32, 0xff, 0x6a, 0x3a, 0xff, 0xaa, 0x42, 0xff, 0xab, 0x42, 0xff, 0x49, 0x32, 0xff, 0x8e, 0x63, 0xbf, 0xbf, 0xff, 0x40,
    0x00, 0x00, 0x00, 0x00, 0x00, 0x00, 0x00, 0x00, 0x00, 0x00, 0x00, 0x00, 0x00, 0x00, 0x00, 0x00, 0x00, 0x00, 0x00, 0x00, 0x00, 0x00, 0x00, 0x00,
    0x00, 0x00, 0x00, 0x00, 0x00, 0x00, 0x00, 0x00, 0x00, 0x00, 0x00, 0x00, 0x00, 0x00, 0x00, 0x00, 0x00, 0x00, 0x00, 0x00, 0x00, 0x00, 0x00, 0x00,
    0x00, 0x00, 0x00, 0x00, 0x00, 0x00, 0x00, 0x00, 0x00, 0x00, 0x00, 0x00, 0x00, 0x00, 0x00, 0x00, 0x00, 0x00, 0x00, 0x00, 0x00, 0x00, 0x00, 0x00,
    0x00, 0x00, 0x00, 0x00, 0x00, 0x00, 0x00, 0x00, 0x00, 0x00, 0x00, 0x00, 0xff, 0xff, 0x30, 0xcf, 0x73, 0x9f, 0x66, 0x19, 0xef, 0x08, 0x32, 0xff,
    0x09, 0x32, 0xff, 0x29, 0x32, 0xff, 0x29, 0x32, 0xff, 0xaa, 0x3a, 0xff, 0xcb, 0x42, 0xff, 0xab, 0x42, 0xff, 0xab, 0x42, 0xff, 0xab, 0x42, 0xff,
    0xaa, 0x42, 0xff, 0x6a, 0x3a, 0xff, 0xaa, 0x3a, 0xff, 0xab, 0x42, 0xff, 0xab, 0x42, 0xff, 0xab, 0x42, 0xff, 0xcb, 0x4a, 0xff, 0xab, 0x42, 0xff,
    0xab, 0x42, 0xff, 0xab, 0x42, 0xff, 0x6a, 0x3a, 0xff, 0xe8, 0x29, 0xff, 0x4a, 0x3a, 0xff, 0x6a, 0x3a, 0xff, 0xaa, 0x42, 0xff, 0xab, 0x42, 0xff,
    0x29, 0x32, 0xff, 0x30, 0x7c, 0xbf, 0xff, 0xff, 0x40, 0x00, 0x00, 0x00, 0x00, 0x00, 0x00, 0x00, 0x00, 0x00, 0x00, 0x00, 0x00, 0x00, 0x00, 0x00,
    0x00, 0x00, 0x00, 0x00, 0x00, 0x00, 0x00, 0x00, 0x00, 0x00, 0x00, 0x00, 0x00, 0x00, 0x00, 0x00, 0x00, 0x00, 0x00, 0x00, 0x00, 0x00, 0x00, 0x00,
    0x00, 0x00, 0x00, 0x00, 0x00, 0x00, 0x00, 0x00, 0x00, 0x00, 0x00, 0x00, 0x00, 0x00, 0x00, 0x00, 0x00, 0x00, 0x00, 0x00, 0x00, 0x00, 0x00, 0x00,
    0x00, 0x00, 0x00, 0x00, 0x00, 0x00, 0x00, 0x00, 0x00, 0x00, 0x00, 0x00, 0x00, 0x00, 0x00, 0x00, 0x00, 0x00, 0x00, 0x00, 0x00, 0x9c, 0xe7, 0x40,
    0x6a, 0x42, 0xbf, 0xa7, 0x21, 0xff, 0x09, 0x32, 0xff, 0x29, 0x32, 0xff, 0x29, 0x32, 0xff, 0x6a, 0x3a, 0xff, 0xab, 0x42, 0xff, 0xab, 0x42, 0xff,
    0xab, 0x42, 0xff, 0xab, 0x42, 0xff, 0xaa, 0x42, 0xff, 0xaa, 0x3a, 0xff, 0xaa, 0x3a, 0xff, 0xab, 0x42, 0xff, 0xab, 0x42, 0xff, 0xab, 0x42, 0xff,
    0xcb, 0x42, 0xff, 0xcb, 0x4a, 0xff, 0xab, 0x42, 0xff, 0xaa, 0x42, 0xff, 0xab, 0x42, 0xff, 0x49, 0x3a, 0xff, 0xe8, 0x29, 0xff, 0x4a, 0x3a, 0xff,
    0x6a, 0x3a, 0xff, 0xaa, 0x42, 0xff, 0xab, 0x42, 0xff, 0x08, 0x2a, 0xff, 0xf3, 0x94, 0xbf, 0xff, 0xff, 0x40, 0x00, 0x00, 0x00, 0x00, 0x00, 0x00,
    0x00, 0x00, 0x00, 0x00, 0x00, 0x00, 0x00, 0x00, 0x00, 0x00, 0x00, 0x00, 0x00, 0x00, 0x00, 0x00, 0x00, 0x00, 0x00, 0x00, 0x00, 0x00, 0x00, 0x00,
    0x00, 0x00, 0x00, 0x00, 0x00, 0x00, 0x00, 0x00, 0x00, 0x00, 0x00, 0x00, 0x00, 0x00, 0x00, 0x00, 0x00, 0x00, 0x00, 0x00, 0x00, 0x00, 0x00, 0x00,
    0x00, 0x00, 0x00, 0x00, 0x00, 0x00, 0x00, 0x00, 0x00, 0x00, 0x00, 0x00, 0x00, 0x00, 0x00, 0x00, 0x00, 0x00, 0x00, 0x00, 0x00, 0x00, 0x00, 0x00,
    0x00, 0x00, 0x00, 0x00, 0x00, 0x00, 0xb9, 0xce, 0x40, 0xc7, 0x29, 0xbf, 0xe8, 0x29, 0xff, 0x08, 0x2a, 0xff, 0x29, 0x32, 0xff, 0x49, 0x32, 0xff,
    0xab, 0x42, 0xff, 0xab, 0x42, 0xff, 0xab, 0x42, 0xff, 0xaa, 0x42, 0xff, 0xab, 0x42, 0xff, 0xaa, 0x42, 0xff, 0xaa, 0x3a, 0xff, 0xab, 0x42, 0xff,
    0xab, 0x42, 0xff, 0xab, 0x42, 0xff, 0xab, 0x42, 0xff, 0xab, 0x42, 0xff, 0xab, 0x42, 0xff, 0xab, 0x42, 0xff, 0xaa, 0x42, 0xff, 0xab, 0x42, 0xff,
    0x08, 0x32, 0xff, 0x08, 0x2a, 0xff, 0x49, 0x3a, 0xff, 0x6a, 0x3a, 0xff, 0xaa, 0x42, 0xff, 0xab, 0x42, 0xff, 0xe8, 0x29, 0xef, 0x95, 0xad, 0x9f,
    0xff, 0xff, 0x30, 0x00, 0x00, 0x00, 0x00, 0x00, 0x00, 0x00, 0x00, 0x00, 0x00, 0x00, 0x00, 0x00, 0x00, 0x00, 0x00, 0x00, 0x00, 0x00, 0x00, 0x00,
    0x00, 0x00, 0x00, 0x00, 0x00, 0x00, 0x00, 0x00, 0x00, 0x00, 0x00, 0x00, 0x00, 0x00, 0x00, 0x00, 0x00, 0x00, 0x00, 0x00, 0x00, 0x00, 0x00, 0x00,
    0x00, 0x00, 0x00, 0x00, 0x00, 0x00, 0x00, 0x00, 0x00, 0x00, 0x00, 0x00, 0x00, 0x00, 0x00, 0x00, 0x00, 0x00, 0x00, 0x00, 0x00, 0x00, 0x00, 0x00,
    0x00, 0x00, 0x00, 0x00, 0x00, 0x00, 0x00, 0x00, 0x00, 0x00, 0x00, 0x00, 0x00, 0x00, 0x00, 0x58, 0xc6, 0x40, 0x86, 0x21, 0xbf, 0x09, 0x2a, 0xff,
    0x49, 0x32, 0xff, 0x4a, 0x3a, 0xff, 0xaa, 0x3a, 0xff, 0xab, 0x42, 0xff, 0xab, 0x42, 0xff, 0xaa, 0x42, 0xff, 0x6a, 0x3a, 0xff, 0xaa, 0x42, 0xff,
    0xaa, 0x3a, 0xff, 0xaa, 0x42, 0xff, 0xab, 0x42, 0xff, 0xab, 0x42, 0xff, 0xcb, 0x42, 0xff, 0xab, 0x42, 0xff, 0xab, 0x42, 0xff, 0xab, 0x42, 0xff,
    0xaa, 0x42, 0xff, 0xaa, 0x3a, 0xff, 0xaa, 0x42, 0xff, 0xe8, 0x29, 0xff, 0x08, 0x32, 0xff, 0x49, 0x32, 0xff, 0x6a, 0x3a, 0xff, 0x6a, 0x3a, 0xff,
    0x6a, 0x3a, 0xff, 0x29, 0x32, 0xcf, 0xda, 0xd6, 0x60, 0xfd, 0xef, 0x10, 0x00, 0x00, 0x00, 0x00, 0x00, 0x00, 0x00, 0x00, 0x00, 0x00, 0x00, 0x00,
    0x00, 0x00, 0x00, 0x00, 0x00, 0x00, 0x00, 0x00, 0x00, 0x00, 0x00, 0x00, 0x00, 0x00, 0x00, 0x00, 0x00, 0x00, 0x00, 0x00, 0x00, 0x00, 0x00, 0x00,
    0x00, 0x00, 0x00, 0x00, 0x00, 0x00, 0x00, 0x00, 0x00, 0x00, 0x00, 0x00, 0x00, 0x00, 0x00, 0x00, 0x00, 0x00, 0x00, 0x00, 0x00, 0x00, 0x00, 0x00,
    0x00, 0x00, 0x00, 0x00, 0x00, 0x00, 0x00, 0x00, 0x00, 0x00, 0x00, 0x00, 0x00, 0x00, 0x00, 0x00, 0x00, 0x00, 0x00, 0x00, 0x00, 0x00, 0x00, 0x00,
    0x58, 0xc6, 0x40, 0xa7, 0x21, 0xbf, 0x6a, 0x3a, 0xff, 0x6a, 0x3a, 0xff, 0xaa, 0x3a, 0xff, 0xab, 0x42, 0xff, 0xaa, 0x3a, 0xff, 0x6a, 0x3a, 0xff,
    0x6a, 0x3a, 0xff, 0x6a, 0x3a, 0xff, 0xaa, 0x42, 0xff, 0xaa, 0x3a, 0xff, 0xab, 0x42, 0xff, 0xab, 0x42, 0xff, 0xcb, 0x42, 0xff, 0xcb, 0x42, 0xff,
    0xab, 0x42, 0xff, 0xab, 0x42, 0xff, 0xab, 0x42, 0xff, 0xaa, 0x42, 0xff, 0x6a, 0x3a, 0xff, 0x6a, 0x3a, 0xff, 0xe8, 0x29, 0xff, 0x29, 0x32, 0xff,
    0x49, 0x3a, 0xff, 0x6a, 0x3a, 0xff, 0x6a, 0x3a, 0xff, 0x28, 0x32, 0xef, 0xab, 0x4a, 0x9f, 0x7c, 0xe7, 0x30, 0x00, 0x00, 0x00, 0x00, 0x00, 0x00,
    0x00, 0x00, 0x00, 0x00, 0x00, 0x00, 0x00, 0x00, 0x00, 0x00, 0x00, 0x00, 0x00, 0x00, 0x00, 0x00, 0x00, 0x00, 0x00, 0x00, 0x00, 0x00, 0x00, 0x00,
    0x00, 0x00, 0x00, 0x00, 0x00, 0x00, 0x00, 0x00, 0x00, 0x00, 0x00, 0x00, 0x00, 0x00, 0x00, 0x00, 0x00, 0x00, 0x00, 0x00, 0x00, 0x00, 0x00, 0x00,
    0x00, 0x00, 0x00, 0x00, 0x00, 0x00, 0x00, 0x00, 0x00, 0x00, 0x00, 0x00, 0x00, 0x00, 0x00, 0x00, 0x00, 0x00, 0x00, 0x00, 0x00, 0x00, 0x00, 0x00,
    0x00, 0x00, 0x00, 0x00, 0x00, 0x00, 0x00, 0x00, 0x00, 0x58, 0xc6, 0x40, 0x09, 0x32, 0xbf, 0xab, 0x42, 0xff, 0x6a, 0x3a, 0xff, 0xaa, 0x3a, 0xff,
    0x6a, 0x3a, 0xff, 0x4a, 0x3a, 0xff, 0x6a, 0x3a, 0xff, 0x6a, 0x3a, 0xff, 0x6a, 0x3a, 0xff, 0xaa, 0x42, 0xff, 0xaa, 0x42, 0xff, 0xab, 0x42, 0xff,
    0xcb, 0x42, 0xff, 0xcb, 0x42, 0xff, 0xcb, 0x42, 0xff, 0xab, 0x42, 0xff, 0xab, 0x42, 0xff, 0xaa, 0x42, 0xff, 0x6a, 0x3a, 0xff, 0x6a, 0x3a, 0xff,
    0x49, 0x3a, 0xff, 0xe8, 0x29, 0xff, 0x29, 0x32, 0xff, 0x49, 0x3a, 0xff, 0x49, 0x3a, 0xff, 0x49, 0x3a, 0xff, 0xc7, 0x21, 0xcf, 0xf0, 0x73, 0x60,
    0xff, 0xff, 0x10, 0x00, 0x00, 0x00, 0x00, 0x00, 0x00, 0x00, 0x00, 0x00, 0x00, 0x00, 0x00, 0x00, 0x00, 0x00, 0x00, 0x00, 0x00, 0x00, 0x00, 0x00,
    0x00, 0x00, 0x00, 0x00, 0x00, 0x00, 0x00, 0x00, 0x00, 0x00, 0x00, 0x00, 0x00, 0x00, 0x00, 0x00, 0x00, 0x00, 0x00, 0x00, 0x00, 0x00, 0x00, 0x00,
    0x00, 0x00, 0x00, 0x00, 0x00, 0x00, 0x00, 0x00, 0x00, 0x00, 0x00, 0x00, 0x00, 0x00, 0x00, 0x00, 0x00, 0x00, 0x00, 0x00, 0x00, 0x00, 0x00, 0x00,
    0x00, 0x00, 0x00, 0x00, 0x00, 0x00, 0x00, 0x00, 0x00, 0x00, 0x00, 0x00, 0x00, 0x00, 0x00, 0x00, 0x00, 0x00, 0x55, 0xa5, 0x40, 0x29, 0x32, 0xbf,
    0x6a, 0x3a, 0xff, 0x49, 0x3a, 0xff, 0x49, 0x3a, 0xff, 0x49, 0x32, 0xff, 0x49, 0x32, 0xff, 0x4a, 0x3a, 0xff, 0x6a, 0x3a, 0xff, 0xaa, 0x3a, 0xff,
    0xab, 0x42, 0xff, 0xab, 0x42, 0xff, 0xab, 0x42, 0xff, 0xab, 0x42, 0xff, 0xab, 0x42, 0xff, 0xab, 0x42, 0xff, 0xab, 0x42, 0xff, 0xab, 0x42, 0xff,
    0xaa, 0x3a, 0xff, 0x4a, 0x3a, 0xff, 0xaa, 0x3a, 0xff, 0x29, 0x32, 0xff, 0x08, 0x32, 0xff, 0x49, 0x3a, 0xff, 0x49, 0x3a, 0xff, 0x49, 0x3a, 0xff,
    0x49, 0x3a, 0xff, 0xc7, 0x21, 0xbf, 0xf4, 0x94, 0x40, 0x00, 0x00, 0x00, 0x00, 0x00, 0x00, 0x00, 0x00, 0x00, 0x00, 0x00, 0x00, 0x00, 0x00, 0x00,
    0x00, 0x00, 0x00, 0x00, 0x00, 0x00, 0x00, 0x00, 0x00, 0x00, 0x00, 0x00, 0x00, 0x00, 0x00, 0x00, 0x00, 0x00, 0x00, 0x00, 0x00, 0x00, 0x00, 0x00,
    0x00, 0x00, 0x00, 0x00, 0x00, 0x00, 0x00, 0x00, 0x00, 0x00, 0x00, 0x00, 0x00, 0x00, 0x00, 0x00, 0x00, 0x00, 0x00, 0x00, 0x00, 0x00, 0x00, 0x00,
    0x00, 0x00, 0x00, 0x00, 0x00, 0x00, 0x00, 0x00, 0x00, 0x00, 0x00, 0x00, 0x00, 0x00, 0x00, 0x00, 0x00, 0x00, 0x00, 0x00, 0x00, 0x00, 0x00, 0x00,
    0xff, 0xff, 0x10, 0x51, 0x7c, 0x60, 0x09, 0x32, 0xcf, 0x49, 0x32, 0xff, 0x29, 0x32, 0xff, 0x29, 0x32, 0xff, 0x49, 0x3a, 0xff, 0x6a, 0x3a, 0xff,
    0xab, 0x42, 0xff, 0xaa, 0x42, 0xff, 0xab, 0x42, 0xff, 0xcb, 0x42, 0xff, 0xcb, 0x42, 0xff, 0xab, 0x42, 0xff, 0xab, 0x42, 0xff, 0xab, 0x42, 0xff,
    0xab, 0x42, 0xff, 0xab, 0x42, 0xff, 0xaa, 0x42, 0xff, 0x6a, 0x3a, 0xff, 0x49, 0x3a, 0xff, 0x6a, 0x3a, 0xff, 0x08, 0x2a, 0xff, 0x29, 0x32, 0xff,
    0x4a, 0x3a, 0xff, 0x6a, 0x3a, 0xff, 0x49, 0x3a, 0xff, 0x49, 0x32, 0xff, 0x08, 0x32, 0xbf, 0x99, 0xce, 0x40, 0x00, 0x00, 0x00, 0x00, 0x00, 0x00,
    0x00, 0x00, 0x00, 0x00, 0x00, 0x00, 0x00, 0x00, 0x00, 0x00, 0x00, 0x00, 0x00, 0x00, 0x00, 0x00, 0x00, 0x00, 0x00, 0x00, 0x00, 0x00, 0x00, 0x00,
    0x00, 0x00, 0x00, 0x00, 0x00, 0x00, 0x00, 0x00, 0x00, 0x00, 0x00, 0x00, 0x00, 0x00, 0x00, 0x00, 0x00, 0x00, 0x00, 0x00, 0x00, 0x00, 0x00, 0x00,
    0x00, 0x00, 0x00, 0x00, 0x00, 0x00, 0x00, 0x00, 0x00, 0x00, 0x00, 0x00, 0x00, 0x00, 0x00, 0x00, 0x00, 0x00, 0x00, 0x00, 0x00, 0x00, 0x00, 0x00,
    0x00, 0x00, 0x00, 0x00, 0x00, 0x00, 0x00, 0x00, 0x00, 0x7d, 0xef, 0x30, 0x0c, 0x53, 0x9f, 0x09, 0x2a, 0xef, 0x49, 0x32, 0xff, 0x29, 0x32, 0xff,
    0x49, 0x32, 0xff, 0x6a, 0x3a, 0xff, 0xab, 0x42, 0xff, 0xab, 0x42, 0xff, 0xab, 0x42, 0xff, 0xcb, 0x42, 0xff, 0xcb, 0x42, 0xff, 0xab, 0x42, 0xff,
    0xab, 0x42, 0xff, 0xab, 0x42, 0xff, 0xab, 0x42, 0xff, 0xab, 0x42, 0xff, 0xaa, 0x42, 0xff, 0x6a, 0x3a, 0xff, 0x49, 0x32, 0xff, 0x49, 0x3a, 0xff,
    0x49, 0x32, 0xff, 0x08, 0x2a, 0xff, 0x49, 0x3a, 0xff, 0x4a, 0x3a, 0xff, 0x49, 0x3a, 0xff, 0x49, 0x3a, 0xff, 0x49, 0x32, 0xef, 0xec, 0x52, 0x9f,
    0x9d, 0xef, 0x30, 0x00, 0x00, 0x00, 0x00, 0x00, 0x00, 0x00, 0x00, 0x00, 0x00, 0x00, 0x00, 0x00, 0x00, 0x00, 0x00, 0x00, 0x00, 0x00, 0x00, 0x00,
    0x00, 0x00, 0x00, 0x00, 0x00, 0x00, 0x00, 0x00, 0x00, 0x00, 0x00, 0x00, 0x00, 0x00, 0x00, 0x00, 0x00, 0x00, 0x00, 0x00, 0x00, 0x00, 0x00, 0x00,
    0x00, 0x00, 0x00, 0x00, 0x00, 0x00, 0x00, 0x00, 0x00, 0x00, 0x00, 0x00, 0x00, 0x00, 0x00, 0x00, 0x00, 0x00, 0x00, 0x00, 0x00, 0x00, 0x00, 0x00,
    0x00, 0x00, 0x00, 0x00, 0x00, 0x00, 0x00, 0x00, 0x00, 0x00, 0x00, 0x00, 0x00, 0x00, 0x00, 0x00, 0x00, 0x00, 0xba, 0xd6, 0x40, 0x29, 0x32, 0xbf,
    0x29, 0x32, 0xff, 0x49, 0x32, 0xff, 0x6a, 0x3a, 0xff, 0xaa, 0x42, 0xff, 0xab, 0x42, 0xff, 0xab, 0x42, 0xff, 0xab, 0x42, 0xff, 0xab, 0x42, 0xff,
    0xcb, 0x42, 0xff, 0xab, 0x42, 0xff, 0xab, 0x42, 0xff, 0xab, 0x42, 0xff, 0xcb, 0x42, 0xff, 0xab, 0x42, 0xff, 0xab, 0x42, 0xff, 0x6a, 0x3a, 0xff,
    0x49, 0x32, 0xff, 0x29, 0x32, 0xff, 0x6a, 0x3a, 0xff, 0x29, 0x32, 0xff, 0x29, 0x32, 0xff, 0x49, 0x3a, 0xff, 0x49, 0x32, 0xff, 0x49, 0x32, 0xff,
    0xaa, 0x3a, 0xff, 0x29, 0x32, 0xcf, 0x92, 0x8c, 0x60, 0xff, 0xff, 0x10, 0x00, 0x00, 0x00, 0x00, 0x00, 0x00, 0x00, 0x00, 0x00, 0x00, 0x00, 0x00,
    0x00, 0x00, 0x00, 0x00, 0x00, 0x00, 0x00, 0x00, 0x00, 0x00, 0x00, 0x00, 0x00, 0x00, 0x00, 0x00, 0x00, 0x00, 0x00, 0x00, 0x00, 0x00, 0x00, 0x00,
    0x00, 0x00, 0x00, 0x00, 0x00, 0x00, 0x00, 0x00, 0x00, 0x00, 0x00, 0x00, 0x00, 0x00, 0x00, 0x00, 0x00, 0x00, 0x00, 0x00, 0x00, 0x00, 0x00, 0x00,
    0x00, 0x00, 0x00, 0x00, 0x00, 0x00, 0x00, 0x00, 0x00, 0x00, 0x00, 0x00, 0x00, 0x00, 0x00, 0x00, 0x00, 0x00, 0x00, 0x00, 0x00, 0x00, 0x00, 0x00,
    0xff, 0xff, 0x10, 0xb5, 0xad, 0x60, 0xa7, 0x21, 0xcf, 0x29, 0x32, 0xff, 0x6a, 0x3a, 0xff, 0xaa, 0x42, 0xff, 0xab, 0x42, 0xff, 0xab, 0x42, 0xff,
    0xab, 0x42, 0xff, 0xab, 0x42, 0xff, 0xab, 0x42, 0xff, 0xcb, 0x42, 0xff, 0xcb, 0x4a, 0xff, 0xcb, 0x4a, 0xff, 0xcb, 0x42, 0xff, 0xcb, 0x42, 0xff,
    0xab, 0x42, 0xff, 0x6a, 0x3a, 0xff, 0x49, 0x32, 0xff, 0x49, 0x32, 0xff, 0x29, 0x32, 0xff, 0x49, 0x3a, 0xff, 0x08, 0x2a, 0xff, 0x29, 0x32, 0xff,
    0x49, 0x32, 0xff, 0x49, 0x3a, 0xff, 0x6a, 0x3a, 0xff, 0xaa, 0x3a, 0xff, 0xe8, 0x29, 0xbf, 0x75, 0xad, 0x40, 0x00, 0x00, 0x00, 0x00, 0x00, 0x00,
    0x00, 0x00, 0x00, 0x00, 0x00, 0x00, 0x00, 0x00, 0x00, 0x00, 0x00, 0x00, 0x00, 0x00, 0x00, 0x00, 0x00, 0x00, 0x00, 0x00, 0x00, 0x00, 0x00, 0x00,
    0x00, 0x00, 0x00, 0x00, 0x00, 0x00, 0x00, 0x00, 0x00, 0x00, 0x00, 0x00, 0x00, 0x00, 0x00, 0x00, 0x00, 0x00, 0x00, 0x00, 0x00, 0x00, 0x00, 0x00,
    0x00, 0x00, 0x00, 0x00, 0x00, 0x00, 0x00, 0x00, 0x00, 0x00, 0x00, 0x00, 0x00, 0x00, 0x00, 0x00, 0x00, 0x00, 0x00, 0x00, 0x00, 0x00, 0x00, 0x00,
    0x00, 0x00, 0x00, 0x00, 0x00, 0x00, 0x00, 0x00, 0x00, 0xff, 0xff, 0x30, 0x30, 0x7c, 0x9f, 0xa7, 0x21, 0xef, 0x49, 0x3a, 0xff, 0x6a, 0x3a, 0xff,
    0xaa, 0x42, 0xff, 0xab, 0x42, 0xff, 0xab, 0x42, 0xff, 0xab, 0x42, 0xff, 0xab, 0x42, 0xff, 0xab, 0x42, 0xff, 0xcb, 0x4a, 0xff, 0xcb, 0x4a, 0xff,
    0xcb, 0x4a, 0xff, 0xcb, 0x42, 0xff, 0xab, 0x42, 0xff, 0xaa, 0x3a, 0xff, 0x4a, 0x3a, 0xff, 0x4a, 0x3a, 0xff, 0x49, 0x3a, 0xff, 0x49, 0x3a, 0xff,
    0x49, 0x3a, 0xff, 0x09, 0x32, 0xff, 0x4a, 0x3a, 0xff, 0x6a, 0x3a, 0xff, 0x6a, 0x3a, 0xff, 0x6a, 0x3a, 0xff, 0x6a, 0x3a, 0xff, 0xc7, 0x29, 0xbf,
    0xd6, 0xb5, 0x40, 0x00, 0x00, 0x00, 0x00, 0x00, 0x00, 0x00, 0x00, 0x00, 0x00, 0x00, 0x00, 0x00, 0x00, 0x00, 0x00, 0x00, 0x00, 0x00, 0x00, 0x00,
    0x00, 0x00, 0x00, 0x00, 0x00, 0x00, 0x00, 0x00, 0x00, 0x00, 0x00, 0x00, 0x00, 0x00, 0x00, 0x00, 0x00, 0x00, 0x00, 0x00, 0x00, 0x00, 0x00, 0x00,
    0x00, 0x00, 0x00, 0x00, 0x00, 0x00, 0x00, 0x00, 0x00, 0x00, 0x00, 0x00, 0x00, 0x00, 0x00, 0x00, 0x00, 0x00, 0x00, 0x00, 0x00, 0x00, 0x00, 0x00,
    0x00, 0x00, 0x00, 0x00, 0x00, 0x00, 0x00, 0x00, 0x00, 0x00, 0x00, 0x00, 0x00, 0x00, 0x00, 0x00, 0x00, 0x00, 0xfd, 0xef, 0x40, 0x4d, 0x5b, 0xbf,
    0xc8, 0x21, 0xff, 0x49, 0x3a, 0xff, 0x6a, 0x3a, 0xff, 0xaa, 0x3a, 0xff, 0xab, 0x42, 0xff, 0xab, 0x42, 0xff, 0xab, 0x42, 0xff, 0xab, 0x42, 0xff,
    0xcb, 0x4a, 0xff, 0xcb, 0x4a, 0xff, 0xcb, 0x4a, 0xff, 0xcb, 0x4a, 0xff, 0xab, 0x42, 0xff, 0xaa, 0x42, 0xff, 0x6a, 0x3a, 0xff, 0x6a, 0x3a, 0xff,
    0xaa, 0x3a, 0xff, 0x6a, 0x3a, 0xff, 0x6a, 0x3a, 0xff, 0x29, 0x32, 0xff, 0x49, 0x32, 0xff, 0x6a, 0x3a, 0xff, 0xaa, 0x3a, 0xff, 0xaa, 0x3a, 0xff,
    0x6a, 0x3a, 0xff, 0x49, 0x3a, 0xff, 0xe8, 0x31, 0xbf, 0x99, 0xce, 0x40, 0x00, 0x00, 0x00, 0x00, 0x00, 0x00, 0x00, 0x00, 0x00, 0x00, 0x00, 0x00,
    0x00, 0x00, 0x00, 0x00, 0x00, 0x00, 0x00, 0x00, 0x00, 0x00, 0x00, 0x00, 0x00, 0x00, 0x00, 0x00, 0x00, 0x00, 0x00, 0x00, 0x00, 0x00, 0x00, 0x00,
    0x00, 0x00, 0x00, 0x00, 0x00, 0x00, 0x00, 0x00, 0x00, 0x00, 0x00, 0x00, 0x00, 0x00, 0x00, 0x00, 0x00, 0x00, 0x00, 0x00, 0x00, 0x00, 0x00, 0x00,
    0x00, 0x00, 0x00, 0x00, 0x00, 0x00, 0x00, 0x00, 0x00, 0x00, 0x00, 0x00, 0x00, 0x00, 0x00, 0x00, 0x00, 0x00, 0x00, 0x00, 0x00, 0x00, 0x00, 0x00,
    0x00, 0x00, 0x00, 0x5c, 0xe7, 0x40, 0xab, 0x42, 0xbf, 0xe8, 0x29, 0xff, 0x49, 0x32, 0xff, 0x6a, 0x3a, 0xff, 0xaa, 0x42, 0xff, 0xab, 0x42, 0xff,
    0xab, 0x42, 0xff, 0xcb, 0x4a, 0xff, 0xab, 0x42, 0xff, 0xcb, 0x4a, 0xff, 0xcb, 0x42, 0xff, 0xcb, 0x4a, 0xff, 0xab, 0x42, 0xff, 0xab, 0x42, 0xff,
    0x6a, 0x3a, 0xff, 0x6a, 0x3a, 0xff, 0xab, 0x42, 0xff, 0xab, 0x42, 0xff, 0xaa, 0x42, 0xff, 0x6a, 0x3a, 0xff, 0x08, 0x2a, 0xff, 0x6a, 0x3a, 0xff,
    0xaa, 0x42, 0xff, 0xaa, 0x42, 0xff, 0xaa, 0x3a, 0xff, 0x6a, 0x3a, 0xff, 0x29, 0x32, 0xff, 0x29, 0x3a, 0xbf, 0x1b, 0xdf, 0x40, 0x00, 0x00, 0x00,
    0x00, 0x00, 0x00, 0x00, 0x00, 0x00, 0x00, 0x00, 0x00, 0x00, 0x00, 0x00, 0x00, 0x00, 0x00, 0x00, 0x00, 0x00, 0x00, 0x00, 0x00, 0x00, 0x00, 0x00,
    0x00, 0x00, 0x00, 0x00, 0x00, 0x00, 0x00, 0x00, 0x00, 0x00, 0x00, 0x00, 0x00, 0x00, 0x00, 0x00, 0x00, 0x00, 0x00, 0x00, 0x00, 0x00, 0x00, 0x00,
    0x00, 0x00, 0x00, 0x00, 0x00, 0x00, 0x00, 0x00, 0x00, 0x00, 0x00, 0x00, 0x00, 0x00, 0x00, 0x00, 0x00, 0x00, 0x00, 0x00, 0x00, 0x00, 0x00, 0x00,
    0x00, 0x00, 0x00, 0x00, 0x00, 0x00, 0x00, 0x00, 0x00, 0x00, 0x00, 0x00, 0x99, 0xce, 0x40, 0x08, 0x32, 0xbf, 0x29, 0x32, 0xff, 0x49, 0x3a, 0xff,
    0xaa, 0x3a, 0xff, 0xaa, 0x42, 0xff, 0xab, 0x42, 0xff, 0xab, 0x42, 0xff, 0xcb, 0x42, 0xff, 0xab, 0x42, 0xff, 0xcb, 0x4a, 0xff, 0xcb, 0x42, 0xff,
    0xab, 0x42, 0xff, 0xab, 0x42, 0xff, 0xaa, 0x42, 0xff, 0xaa, 0x42, 0xff, 0xab, 0x42, 0xff, 0xab, 0x4a, 0xff, 0xab, 0x42, 0xff, 0xaa, 0x3a, 0xff,
    0x4a, 0x3a, 0xff, 0x08, 0x2a, 0xff, 0x6a, 0x3a, 0xff, 0xaa, 0x3a, 0xff, 0xaa, 0x3a, 0xff, 0xaa, 0x3a, 0xff, 0x6a, 0x3a, 0xff, 0x29, 0x32, 0xff,
    0xaa, 0x42, 0xbf, 0x5c, 0xe7, 0x40, 0x00, 0x00, 0x00, 0x00, 0x00, 0x00, 0x00, 0x00, 0x00, 0x00, 0x00, 0x00, 0x00, 0x00, 0x00, 0x00, 0x00, 0x00,
    0x00, 0x00, 0x00, 0x00, 0x00, 0x00, 0x00, 0x00, 0x00, 0x00, 0x00, 0x00, 0x00, 0x00, 0x00, 0x00, 0x00, 0x00, 0x00, 0x00, 0x00, 0x00, 0x00, 0x00,
    0x00, 0x00, 0x00, 0x00, 0x00, 0x00, 0x00, 0x00, 0x00, 0x00, 0x00, 0x00, 0x00, 0x00, 0x00, 0x00, 0x00, 0x00, 0x00, 0x00, 0x00, 0x00, 0x00, 0x00,
    0x00, 0x00, 0x00, 0x00, 0x00, 0x00, 0x00, 0x00, 0x00, 0x00, 0x00, 0x00, 0x00, 0x00, 0x00, 0x00, 0x00, 0x00, 0x00, 0x00, 0x00, 0x37, 0xbe, 0x40,
    0xc8, 0x29, 0xbf, 0x49, 0x32, 0xff, 0x4a, 0x3a, 0xff, 0xaa, 0x3a, 0xff, 0xaa, 0x42, 0xff, 0xab, 0x42, 0xff, 0xab, 0x42, 0xff, 0xab, 0x42, 0xff,
    0xab, 0x42, 0xff, 0xcb, 0x42, 0xff, 0xab, 0x42, 0xff, 0xab, 0x42, 0xff, 0xaa, 0x42, 0xff, 0xab, 0x42, 0xff, 0xab, 0x42, 0xff, 0xcb, 0x4a, 0xff,
    0xab, 0x4a, 0xff, 0xaa, 0x42, 0xff, 0x6a, 0x3a, 0xff, 0x49, 0x32, 0xff, 0x08, 0x32, 0xff, 0x6a, 0x3a, 0xff, 0x6a, 0x3a, 0xff, 0xaa, 0x3a, 0xff,
    0x6a, 0x3a, 0xff, 0x6a, 0x3a, 0xff, 0x29, 0x32, 0xff, 0xec, 0x52, 0xbf, 0x9c, 0xe7, 0x40, 0x00, 0x00, 0x00, 0x00, 0x00, 0x00, 0x00, 0x00, 0x00,
    0x00, 0x00, 0x00, 0x00, 0x00, 0x00, 0x00, 0x00, 0x00, 0x00, 0x00, 0x00, 0x00, 0x00, 0x00, 0x00, 0x00, 0x00, 0x00, 0x00, 0x00, 0x00, 0x00, 0x00,
    0x00, 0x00, 0x00, 0x00, 0x00, 0x00, 0x00, 0x00, 0x00, 0x00, 0x00, 0x00, 0x00, 0x00, 0x00, 0x00, 0x00, 0x00, 0x00, 0x00, 0x00, 0x00, 0x00, 0x00,
    0x00, 0x00, 0x00, 0x00, 0x00, 0x00, 0x00, 0x00, 0x00, 0x00, 0x00, 0x00, 0x00, 0x00, 0x00, 0x00, 0x00, 0x00, 0x00, 0x00, 0x00, 0x00, 0x00, 0x00,
    0x00, 0x00, 0x00, 0xff, 0xff, 0x10, 0x75, 0xa5, 0x60, 0xc8, 0x21, 0xcf, 0x4a, 0x3a, 0xff, 0x69, 0x3a, 0xff, 0xaa, 0x3a, 0xff, 0xaa, 0x42, 0xff,
    0xab, 0x42, 0xff, 0xab, 0x42, 0xff, 0xab, 0x42, 0xff, 0xab, 0x42, 0xff, 0xab, 0x42, 0xff, 0xab, 0x42, 0xff, 0xab, 0x42, 0xff, 0xab, 0x42, 0xff,
    0xab, 0x42, 0xff, 0xcb, 0x42, 0xff, 0xcb, 0x4a, 0xff, 0xab, 0x42, 0xff, 0x6a, 0x3a, 0xff, 0x6a, 0x3a, 0xff, 0x29, 0x32, 0xff, 0x09, 0x32, 0xff,
    0x49, 0x3a, 0xff, 0x6a, 0x3a, 0xff, 0x6a, 0x3a, 0xff, 0x6a, 0x3a, 0xff, 0xaa, 0x3a, 0xff, 0x29, 0x32, 0xff, 0x8e, 0x63, 0xbf, 0xbd, 0xef, 0x40,
    0x00, 0x00, 0x00, 0x00, 0x00, 0x00, 0x00, 0x00, 0x00, 0x00, 0x00, 0x00, 0x00, 0x00, 0x00, 0x00, 0x00, 0x00, 0x00, 0x00, 0x00, 0x00, 0x00, 0x00,
    0x00, 0x00, 0x00, 0x00, 0x00, 0x00, 0x00, 0x00, 0x00, 0x00, 0x00, 0x00, 0x00, 0x00, 0x00, 0x00, 0x00, 0x00, 0x00, 0x00, 0x00, 0x00, 0x00, 0x00,
    0x00, 0x00, 0x00, 0x00, 0x00, 0x00, 0x00, 0x00, 0x00, 0x00, 0x00, 0x00, 0x00, 0x00, 0x00, 0x00, 0x00, 0x00, 0x00, 0x00, 0x00, 0x00, 0x00, 0x00,
    0x00, 0x00, 0x00, 0x00, 0x00, 0x00, 0x00, 0x00, 0x00, 0x00, 0x00, 0x00, 0xff, 0xff, 0x30, 0x92, 0x84, 0x9f, 0xe8, 0x29, 0xef, 0x6a, 0x3a, 0xff,
    0x6a, 0x3a, 0xff, 0xaa, 0x3a, 0xff, 0xaa, 0x42, 0xff, 0xab, 0x42, 0xff, 0xab, 0x42, 0xff, 0xab, 0x42, 0xff, 0xab, 0x42, 0xff, 0xab, 0x42, 0xff,
    0xab, 0x42, 0xff, 0xab, 0x42, 0xff, 0xab, 0x42, 0xff, 0xcb, 0x4a, 0xff, 0xcb, 0x4a, 0xff, 0xcb, 0x4a, 0xff, 0xab, 0x42, 0xff, 0x49, 0x3a, 0xff,
    0x6a, 0x3a, 0xff, 0x09, 0x32, 0xff, 0x29, 0x32, 0xff, 0x49, 0x3a, 0xff, 0x6a, 0x3a, 0xff, 0x6a, 0x3a, 0xff, 0x6a, 0x3a, 0xff, 0xaa, 0x42, 0xff,
    0x29, 0x32, 0xef, 0xef, 0x73, 0x9f, 0xff, 0xff, 0x30, 0x00, 0x00, 0x00, 0x00, 0x00, 0x00, 0x00, 0x00, 0x00, 0x00, 0x00, 0x00, 0x00, 0x00, 0x00,
    0x00, 0x00, 0x00, 0x00, 0x00, 0x00, 0x00, 0x00, 0x00, 0x00, 0x00, 0x00, 0x00, 0x00, 0x00, 0x00, 0x00, 0x00, 0x00, 0x00, 0x00, 0x00, 0x00, 0x00,
    0x00, 0x00, 0x00, 0x00, 0x00, 0x00, 0x00, 0x00, 0x00, 0x00, 0x00, 0x00, 0x00, 0x00, 0x00, 0x00, 0x00, 0x00, 0x00, 0x00, 0x00, 0x00, 0x00, 0x00,
    0x00, 0x00, 0x00, 0x00, 0x00, 0x00, 0x00, 0x00, 0x00, 0x00, 0x00, 0x00, 0x00, 0x00, 0x00, 0x00, 0x00, 0x00, 0x00, 0x00, 0x00, 0xff, 0xff, 0x40,
    0x10, 0x74, 0xbf, 0xe8, 0x29, 0xff, 0x4a, 0x3a, 0xff, 0x6a, 0x3a, 0xff, 0x6a, 0x3a, 0xff, 0xaa, 0x42, 0xff, 0xab, 0x42, 0xff, 0xab, 0x42, 0xff,
    0xaa, 0x42, 0xff, 0xab, 0x42, 0xff, 0xab, 0x42, 0xff, 0xab, 0x42, 0xff, 0xcb, 0x42, 0xff, 0xcb, 0x4a, 0xff, 0xcb, 0x4a, 0xff, 0xcb, 0x42, 0xff,
    0xab, 0x42, 0xff, 0xaa, 0x42, 0xff, 0x4a, 0x3a, 0xff, 0x6a, 0x3a, 0xff, 0x09, 0x32, 0xff, 0x29, 0x32, 0xff, 0x49, 0x3a, 0xff, 0x6a, 0x3a, 0xff,
    0x6a, 0x3a, 0xff, 0x6a, 0x3a, 0xff, 0xaa, 0x42, 0xff, 0x09, 0x32, 0xcf, 0xb2, 0x8c, 0x60, 0xff, 0xff, 0x10, 0x00, 0x00, 0x00, 0x00, 0x00, 0x00,
    0x00, 0x00, 0x00, 0x00, 0x00, 0x00, 0x00, 0x00, 0x00, 0x00, 0x00, 0x00, 0x00, 0x00, 0x00, 0x00, 0x00, 0x00, 0x00, 0x00, 0x00, 0x00, 0x00, 0x00,
    0x00, 0x00, 0x00, 0x00, 0x00, 0x00, 0x00, 0x00, 0x00, 0x00, 0x00, 0x00, 0x00, 0x00, 0x00, 0x00, 0x00, 0x00, 0x00, 0x00, 0x00, 0x00, 0x00, 0x00,
    0x00, 0x00, 0x00, 0x00, 0x00, 0x00, 0x00, 0x00, 0x00, 0x00, 0x00, 0x00, 0x00, 0x00, 0x00, 0x00, 0x00, 0x00, 0x00, 0x00, 0x00, 0x00, 0x00, 0x00,
    0x00, 0x00, 0x00, 0x00, 0x00, 0x00, 0xff, 0xff, 0x40, 0x6d, 0x5b, 0xbf, 0xe8, 0x29, 0xff, 0x49, 0x3a, 0xff, 0x4a, 0x3a, 0xff, 0x6a, 0x3a, 0xff,
    0xaa, 0x42, 0xff, 0xaa, 0x42, 0xff, 0xab, 0x42, 0xff, 0xab, 0x42, 0xff, 0xab, 0x42, 0xff, 0xab, 0x42, 0xff, 0xcb, 0x42, 0xff, 0xcb, 0x4a, 0xff,
    0xcb, 0x4a, 0xff, 0xcb, 0x4a, 0xff, 0xcb, 0x42, 0xff, 0xab, 0x42, 0xff, 0x6a, 0x3a, 0xff, 0x6a, 0x3a, 0xff, 0x6a, 0x3a, 0xff, 0x09, 0x32, 0xff,
    0x29, 0x32, 0xff, 0x4a, 0x3a, 0xff, 0x6a, 0x3a, 0xff, 0x6a, 0x3a, 0xff, 0x6a, 0x3a, 0xff, 0xab, 0x42, 0xff, 0x09, 0x32, 0xbf, 0xf3, 0x94, 0x40,
    0x00, 0x00, 0x00, 0x00, 0x00, 0x00, 0x00, 0x00, 0x00, 0x00, 0x00, 0x00, 0x00, 0x00, 0x00, 0x00, 0x00, 0x00, 0x00, 0x00, 0x00, 0x00, 0x00, 0x00,
    0x00, 0x00, 0x00, 0x00, 0x00, 0x00, 0x00, 0x00, 0x00, 0x00, 0x00, 0x00, 0x00, 0x00, 0x00, 0x00, 0x00, 0x00, 0x00, 0x00, 0x00, 0x00, 0x00, 0x00,
    0x00, 0x00, 0x00, 0x00, 0x00, 0x00, 0x00, 0x00, 0x00, 0x00, 0x00, 0x00, 0x00, 0x00, 0x00, 0x00, 0x00, 0x00, 0x00, 0x00, 0x00, 0x00, 0x00, 0x00,
    0x00, 0x00, 0x00, 0x00, 0x00, 0x00, 0x00, 0x00, 0x00, 0x00, 0x00, 0x00, 0x00, 0x00, 0x00, 0xbd, 0xef, 0x40, 0x0c, 0x53, 0xbf, 0xc8, 0x29, 0xff,
    0x29, 0x32, 0xff, 0x49, 0x3a, 0xff, 0x6a, 0x3a, 0xff, 0xaa, 0x42, 0xff, 0xaa, 0x42, 0xff, 0xab, 0x42, 0xff, 0xab, 0x42, 0xff, 0xab, 0x42, 0xff,
    0xab, 0x42, 0xff, 0xcb, 0x4a, 0xff, 0xcb, 0x4a, 0xff, 0xcb, 0x4a, 0xff, 0xcb, 0x4a, 0xff, 0xab, 0x42, 0xff, 0xab, 0x42, 0xff, 0x6a, 0x3a, 0xff,
    0x6a, 0x3a, 0xff, 0x4a, 0x3a, 0xff, 0x09, 0x32, 0xff, 0x49, 0x3a, 0xff, 0x6a, 0x3a, 0xff, 0x6a, 0x3a, 0xff, 0x6a, 0x3a, 0xff, 0xaa, 0x3a, 0xff,
    0xab, 0x42, 0xff, 0x09, 0x32, 0xbf, 0x14, 0x9d, 0x40, 0x00, 0x00, 0x00, 0x00, 0x00, 0x00, 0x00, 0x00, 0x00, 0x00, 0x00, 0x00, 0x00, 0x00, 0x00,
    0x00, 0x00, 0x00, 0x00, 0x00, 0x00, 0x00, 0x00, 0x00, 0x00, 0x00, 0x00, 0x00, 0x00, 0x00, 0x00, 0x00, 0x00, 0x00, 0x00, 0x00, 0x00, 0x00, 0x00,
    0x00, 0x00, 0x00, 0x00, 0x00, 0x00, 0x00, 0x00, 0x00, 0x00, 0x00, 0x00, 0x00, 0x00, 0x00, 0x00, 0x00, 0x00, 0x00, 0x00, 0x00, 0x00, 0x00, 0x00,
    0x00, 0x00, 0x00, 0x00, 0x00, 0x00, 0x00, 0x00, 0x00, 0x00, 0x00, 0x00, 0x00, 0x00, 0x00, 0x00, 0x00, 0x00, 0x00, 0x00, 0x00, 0x00, 0x00, 0x00,
    0x5c, 0xe7, 0x40, 0xaa, 0x42, 0xbf, 0xe8, 0x29, 0xff, 0x29, 0x32, 0xff, 0x49, 0x3a, 0xff, 0x6a, 0x3a, 0xff, 0xaa, 0x3a, 0xff, 0xaa, 0x42, 0xff,
    0xab, 0x42, 0xff, 0xab, 0x42, 0xff, 0xab, 0x42, 0xff, 0xcb, 0x42, 0xff, 0xcb, 0x42, 0xff, 0xcb, 0x42, 0xff, 0xcb, 0x42, 0xff, 0xab, 0x42, 0xff,
    0xab, 0x42, 0xff, 0xab, 0x42, 0xff, 0xaa, 0x3a, 0xff, 0xaa, 0x3a, 0xff, 0x4a, 0x3a, 0xff, 0x09, 0x32, 0xff, 0x4a, 0x3a, 0xff, 0x6a, 0x3a, 0xff,
    0x6a, 0x3a, 0xff, 0xaa, 0x42, 0xff, 0xaa, 0x42, 0xff, 0xab, 0x42, 0xff, 0x29, 0x32, 0xbf, 0x95, 0xad, 0x40, 0x00, 0x00, 0x00, 0x00, 0x00, 0x00,
    0x00, 0x00, 0x00, 0x00, 0x00, 0x00, 0x00, 0x00, 0x00, 0x00, 0x00, 0x00, 0x00, 0x00, 0x00, 0x00, 0x00, 0x00, 0x00, 0x00, 0x00, 0x00, 0x00, 0x00,
    0x00, 0x00, 0x00, 0x00, 0x00, 0x00, 0x00, 0x00, 0x00, 0x00, 0x00, 0x00, 0x00, 0x00, 0x00, 0x00, 0x00, 0x00, 0x00, 0x00, 0x00, 0x00, 0x00, 0x00,
    0x00, 0x00, 0x00, 0x00, 0x00, 0x00, 0x00, 0x00, 0x00, 0x00, 0x00, 0x00, 0x00, 0x00, 0x00, 0x00, 0x00, 0x00, 0x00, 0x00, 0x00, 0x00, 0x00, 0x00,
    0x00, 0x00, 0x00, 0x00, 0x00, 0x00, 0x00, 0x00, 0x00, 0xfa, 0xd6, 0x40, 0x29, 0x32, 0xbf, 0xe8, 0x29, 0xff, 0x29, 0x32, 0xff, 0x4a, 0x3a, 0xff,
    0x6a, 0x3a, 0xff, 0xaa, 0x42, 0xff, 0xab, 0x42, 0xff, 0xab, 0x42, 0xff, 0xab, 0x42, 0xff, 0xcb, 0x42, 0xff, 0xcb, 0x42, 0xff, 0xcb, 0x4a, 0xff,
    0xcb, 0x42, 0xff, 0xcb, 0x42, 0xff, 0xab, 0x42, 0xff, 0xab, 0x42, 0xff, 0xab, 0x42, 0xff, 0xaa, 0x42, 0xff, 0xab, 0x42, 0xff, 0x4a, 0x3a, 0xff,
    0x29, 0x32, 0xff, 0x6a, 0x3a, 0xff, 0xaa, 0x3a, 0xff, 0xaa, 0x3a, 0xff, 0xaa, 0x42, 0xff, 0xaa, 0x42, 0xff, 0xab, 0x42, 0xff, 0x29, 0x32, 0xbf,
    0x17, 0xbe, 0x40, 0x00, 0x00, 0x00, 0x00, 0x00, 0x00, 0x00, 0x00, 0x00, 0x00, 0x00, 0x00, 0x00, 0x00, 0x00, 0x00, 0x00, 0x00, 0x00, 0x00, 0x00,
    0x00, 0x00, 0x00, 0x00, 0x00, 0x00, 0x00, 0x00, 0x00, 0x00, 0x00, 0x00, 0x00, 0x00, 0x00, 0x00, 0x00, 0x00, 0x00, 0x00, 0x00, 0x00, 0x00, 0x00,
    0x00, 0x00, 0x00, 0x00, 0x00, 0x00, 0x00, 0x00, 0x00, 0x00, 0x00, 0x00, 0x00, 0x00, 0x00, 0x00, 0x00, 0x00, 0x00, 0x00, 0x00, 0x00, 0x00, 0x00,
    0x00, 0x00, 0x00, 0x00, 0x00, 0x00, 0x00, 0x00, 0x00, 0x00, 0x00, 0x00, 0x00, 0x00, 0x00, 0x00, 0x00, 0x00, 0xb9, 0xce, 0x40, 0x08, 0x32, 0xbf,
    0x08, 0x2a, 0xff, 0x29, 0x32, 0xff, 0x49, 0x3a, 0xff, 0x6a, 0x3a, 0xff, 0xaa, 0x42, 0xff, 0xab, 0x42, 0xff, 0xab, 0x42, 0xff, 0xab, 0x42, 0xff,
    0xab, 0x42, 0xff, 0xcb, 0x42, 0xff, 0xcb, 0x42, 0xff, 0xcb, 0x4a, 0xff, 0xcb, 0x42, 0xff, 0xab, 0x42, 0xff, 0xab, 0x42, 0xff, 0xab, 0x42, 0xff,
    0xaa, 0x42, 0xff, 0xab, 0x42, 0xff, 0x49, 0x3a, 0xff, 0x29, 0x32, 0xff, 0x6a, 0x3a, 0xff, 0xaa, 0x3a, 0xff, 0xaa, 0x42, 0xff, 0xaa, 0x42, 0xff,
    0xaa, 0x42, 0xff, 0xab, 0x42, 0xff, 0x49, 0x32, 0xbf, 0x78, 0xc6, 0x40, 0x00, 0x00, 0x00, 0x00, 0x00, 0x00, 0x00, 0x00, 0x00, 0x00, 0x00, 0x00,
    0x00, 0x00, 0x00, 0x00, 0x00, 0x00, 0x00, 0x00, 0x00, 0x00, 0x00, 0x00, 0x00, 0x00, 0x00, 0x00, 0x00, 0x00, 0x00, 0x00, 0x00, 0x00, 0x00, 0x00,
    0x00, 0x00, 0x00, 0x00, 0x00, 0x00, 0x00, 0x00, 0x00, 0x00, 0x00, 0x00, 0x00, 0x00, 0x00, 0x00, 0x00, 0x00, 0x00, 0x00, 0x00, 0x00, 0x00, 0x00,
    0x00, 0x00, 0x00, 0x00, 0x00, 0x00, 0x00, 0x00, 0x00, 0x00, 0x00, 0x00, 0x00, 0x00, 0x00, 0x00, 0x00, 0x00, 0x00, 0x00, 0x00, 0x00, 0x00, 0x00,
    0x00, 0x00, 0x00, 0x99, 0xce, 0x40, 0xe8, 0x29, 0xbf, 0x09, 0x2a, 0xff, 0x29, 0x32, 0xff, 0x6a, 0x3a, 0xff, 0x6a, 0x3a, 0xff, 0xaa, 0x42, 0xff,
    0xab, 0x42, 0xff, 0xab, 0x42, 0xff, 0xab, 0x42, 0xff, 0xcb, 0x42, 0xff, 0xcb, 0x42, 0xff, 0xcb, 0x42, 0xff, 0xcb, 0x42, 0xff, 0xab, 0x42, 0xff,
    0xab, 0x42, 0xff, 0xab, 0x42, 0xff, 0xab, 0x42, 0xff, 0xaa, 0x3a, 0xff, 0xab, 0x42, 0xff, 0x49, 0x32, 0xff, 0x49, 0x32, 0xff, 0x6a, 0x3a, 0xff,
    0x6a, 0x3a, 0xff, 0xaa, 0x3a, 0xff, 0xaa, 0x42, 0xff, 0xaa, 0x3a, 0xff, 0xab, 0x42, 0xff, 0x49, 0x3a, 0xbf, 0xb9, 0xce, 0x40, 0x00, 0x00, 0x00,
    0x00, 0x00, 0x00, 0x00, 0x00, 0x00, 0x00, 0x00, 0x00, 0x00, 0x00, 0x00, 0x00, 0x00, 0x00, 0x00, 0x00, 0x00, 0x00, 0x00, 0x00, 0x00, 0x00, 0x00,
    0x00, 0x00, 0x00, 0x00, 0x00, 0x00, 0x00, 0x00, 0x00, 0x00, 0x00, 0x00, 0x00, 0x00, 0x00, 0x00, 0x00, 0x00, 0x00, 0x00, 0x00, 0x00, 0x00, 0x00,
    0x00, 0x00, 0x00, 0x00, 0x00, 0x00, 0x00, 0x00, 0x00, 0x00, 0x00, 0x00, 0x00, 0x00, 0x00, 0x00, 0x00, 0x00, 0x00, 0x00, 0x00, 0x00, 0x00, 0x00,
    0x00, 0x00, 0x00, 0x00, 0x00, 0x00, 0x00, 0x00, 0x00, 0x00, 0x00, 0x00, 0x99, 0xce, 0x40, 0xe8, 0x29, 0xbf, 0x29, 0x2a, 0xff, 0x49, 0x32, 0xff,
    0x6a, 0x3a, 0xff, 0x6a, 0x3a, 0xff, 0xaa, 0x42, 0xff, 0xab, 0x42, 0xff, 0xab, 0x42, 0xff, 0xab, 0x42, 0xff, 0xcb, 0x42, 0xff, 0xcb, 0x42, 0xff,
    0xcb, 0x4a, 0xff, 0xcb, 0x42, 0xff, 0xcb, 0x42, 0xff, 0xab, 0x42, 0xff, 0xab, 0x42, 0xff, 0xaa, 0x42, 0xff, 0xaa, 0x3a, 0xff, 0xab, 0x42, 0xff,
    0x29, 0x32, 0xff, 0x49, 0x32, 0xff, 0x6a, 0x3a, 0xff, 0x6a, 0x3a, 0xff, 0xaa, 0x3a, 0xff, 0xaa, 0x3a, 0xff, 0xaa, 0x3a, 0xff, 0x6a, 0x3a, 0xff,
    0xaa, 0x42, 0xbf, 0x1a, 0xd7, 0x40, 0x00, 0x00, 0x00, 0x00, 0x00, 0x00, 0x00, 0x00, 0x00, 0x00, 0x00, 0x00, 0x00, 0x00, 0x00, 0x00, 0x00, 0x00,
    0x00, 0x00, 0x00, 0x00, 0x00, 0x00, 0x00, 0x00, 0x00, 0x00, 0x00, 0x00, 0x00, 0x00, 0x00, 0x00, 0x00, 0x00, 0x00, 0x00, 0x00, 0x00, 0x00, 0x00,
    0x00, 0x00, 0x00, 0x00, 0x00, 0x00, 0x00, 0x00, 0x00, 0x00, 0x00, 0x00, 0x00, 0x00, 0x00, 0x00, 0x00, 0x00, 0x00, 0x00, 0x00, 0x00, 0x00, 0x00,
    0x00, 0x00, 0x00, 0x00, 0x00, 0x00, 0x00, 0x00, 0x00, 0x00, 0x00, 0x00, 0x00, 0x00, 0x00, 0x00, 0x00, 0x00, 0x00, 0x00, 0x00, 0x99, 0xce, 0x40,
    0xe8, 0x29, 0xbf, 0x29, 0x32, 0xff, 0x49, 0x32, 0xff, 0x6a, 0x3a, 0xff, 0xaa, 0x42, 0xff, 0xaa, 0x42, 0xff, 0xab, 0x42, 0xff, 0xab, 0x42, 0xff,
    0xab, 0x42, 0xff, 0xcb, 0x4a, 0xff, 0xcb, 0x4a, 0xff, 0xcb, 0x4a, 0xff, 0xcb, 0x4a, 0xff, 0xcb, 0x42, 0xff, 0xcb, 0x4a, 0xff, 0xab, 0x42, 0xff,
    0xab, 0x42, 0xff, 0xaa, 0x42, 0xff, 0xab, 0x42, 0xff, 0x29, 0x32, 0xff, 0x49, 0x3a, 0xff, 0x6a, 0x3a, 0xff, 0x6a, 0x3a, 0xff, 0xaa, 0x3a, 0xff,
    0x6a, 0x3a, 0xff, 0x6a, 0x3a, 0xff, 0x6a, 0x3a, 0xff, 0xcb, 0x4a, 0xbf, 0x5b, 0xdf, 0x40, 0x00, 0x00, 0x00, 0x00, 0x00, 0x00, 0x00, 0x00, 0x00,
    0x00, 0x00, 0x00, 0x00, 0x00, 0x00, 0x00, 0x00, 0x00, 0x00, 0x00, 0x00, 0x00, 0x00, 0x00, 0x00, 0x00, 0x00, 0x00, 0x00, 0x00, 0x00, 0x00, 0x00,
    0x00, 0x00, 0x00, 0x00, 0x00, 0x00, 0x00, 0x00, 0x00, 0x00, 0x00, 0x00, 0x00, 0x00, 0x00, 0x00, 0x00, 0x00, 0x00, 0x00, 0x00, 0x00, 0x00, 0x00,
    0x00, 0x00, 0x00, 0x00, 0x00, 0x00, 0x00, 0x00, 0x00, 0x00, 0x00, 0x00, 0x00, 0x00, 0x00, 0x00, 0x00, 0x00, 0x00, 0x00, 0x00, 0x00, 0x00, 0x00,
    0x00, 0x00, 0x00, 0x00, 0x00, 0x00, 0xb9, 0xce, 0x40, 0x08, 0x32, 0xbf, 0x29, 0x32, 0xff, 0x49, 0x32, 0xff, 0x6a, 0x3a, 0xff, 0xaa, 0x3a, 0xff,
    0xaa, 0x42, 0xff, 0xab, 0x42, 0xff, 0xab, 0x42, 0xff, 0xab, 0x42, 0xff, 0xcb, 0x4a, 0xff, 0xcb, 0x4a, 0xff, 0xcb, 0x42, 0xff, 0xcb, 0x42, 0xff,
    0xcb, 0x4a, 0xff, 0xab, 0x42, 0xff, 0xab, 0x42, 0xff, 0xab, 0x42, 0xff, 0xaa, 0x42, 0xff, 0xab, 0x42, 0xff, 0x09, 0x32, 0xff, 0x4a, 0x3a, 0xff,
    0x6a, 0x3a, 0xff, 0x6a, 0x3a, 0xff, 0x6a, 0x3a, 0xff, 0x6a, 0x3a, 0xff, 0x6a, 0x3a, 0xff, 0x4a, 0x3a, 0xff, 0xec, 0x52, 0xbf, 0x7c, 0xe7, 0x40,
    0x00, 0x00, 0x00, 0x00, 0x00, 0x00, 0x00, 0x00, 0x00, 0x00, 0x00, 0x00, 0x00, 0x00, 0x00, 0x00, 0x00, 0x00, 0x00, 0x00, 0x00, 0x00, 0x00, 0x00,
    0x00, 0x00, 0x00, 0x00, 0x00, 0x00, 0x00, 0x00, 0x00, 0x00, 0x00, 0x00, 0x00, 0x00, 0x00, 0x00, 0x00, 0x00, 0x00, 0x00, 0x00, 0x00, 0x00, 0x00,
    0x00, 0x00, 0x00, 0x00, 0x00, 0x00, 0x00, 0x00, 0x00, 0x00, 0x00, 0x00, 0x00, 0x00, 0x00, 0x00, 0x00, 0x00, 0x00, 0x00, 0x00, 0x00, 0x00, 0x00,
    0x00, 0x00, 0x00, 0x00, 0x00, 0x00, 0x00, 0x00, 0x00, 0x00, 0x00, 0x00, 0x00, 0x00, 0x00, 0xda, 0xd6, 0x40, 0x49, 0x3a, 0xbf, 0x29, 0x2a, 0xff,
    0x49, 0x32, 0xff, 0x6a, 0x3a, 0xff, 0xaa, 0x3a, 0xff, 0xaa, 0x42, 0xff, 0xab, 0x42, 0xff, 0xab, 0x42, 0xff, 0xab, 0x42, 0xff, 0xcb, 0x42, 0xff,
    0xcb, 0x4a, 0xff, 0xcb, 0x42, 0xff, 0xcb, 0x42, 0xff, 0xab, 0x42, 0xff, 0xab, 0x42, 0xff, 0xab, 0x42, 0xff, 0xab, 0x42, 0xff, 0xab, 0x42, 0xff,
    0xab, 0x42, 0xff, 0x08, 0x32, 0xff, 0x6a, 0x3a, 0xff, 0x6a, 0x3a, 0xff, 0x6a, 0x3a, 0xff, 0x6a, 0x3a, 0xff, 0x6a, 0x3a, 0xff, 0x6a, 0x3a, 0xff,
    0x4a, 0x32, 0xef, 0x2c, 0x53, 0x9f, 0x9d, 0xef, 0x30, 0x00, 0x00, 0x00, 0x00, 0x00, 0x00, 0x00, 0x00, 0x00, 0x00, 0x00, 0x00, 0x00, 0x00, 0x00,
    0x00, 0x00, 0x00, 0x00, 0x00, 0x00, 0x00, 0x00, 0x00, 0x00, 0x00, 0x00, 0x00, 0x00, 0x00, 0x00, 0x00, 0x00, 0x00, 0x00, 0x00, 0x00, 0x00, 0x00,
    0x00, 0x00, 0x00, 0x00, 0x00, 0x00, 0x00, 0x00, 0x00, 0x00, 0x00, 0x00, 0x00, 0x00, 0x00, 0x00, 0x00, 0x00, 0x00, 0x00, 0x00, 0x00, 0x00, 0x00,
    0x00, 0x00, 0x00, 0x00, 0x00, 0x00, 0x00, 0x00, 0x00, 0x00, 0x00, 0x00, 0x00, 0x00, 0x00, 0x00, 0x00, 0x00, 0x00, 0x00, 0x00, 0x00, 0x00, 0x00,
    0xfa, 0xd6, 0x40, 0x6a, 0x3a, 0xbf, 0x09, 0x2a, 0xff, 0x29, 0x32, 0xff, 0x49, 0x3a, 0xff, 0x6a, 0x3a, 0xff, 0xaa, 0x42, 0xff, 0xab, 0x42, 0xff,
    0xab, 0x42, 0xff, 0xab, 0x42, 0xff, 0xab, 0x42, 0xff, 0xab, 0x42, 0xff, 0xcb, 0x42, 0xff, 0xab, 0x42, 0xff, 0xab, 0x42, 0xff, 0xab, 0x42, 0xff,
    0xab, 0x42, 0xff, 0xaa, 0x42, 0xff, 0xab, 0x42, 0xff, 0xaa, 0x42, 0xff, 0x08, 0x2a, 0xff, 0x6a, 0x3a, 0xff, 0x6a, 0x3a, 0xff, 0x6a, 0x3a, 0xff,
    0x6a, 0x3a, 0xff, 0xaa, 0x3a, 0xff, 0xaa, 0x3a, 0xff, 0x29, 0x32, 0xcf, 0xcf, 0x6b, 0x60, 0xfd, 0xef, 0x10, 0x00, 0x00, 0x00, 0x00, 0x00, 0x00,
    0x00, 0x00, 0x00, 0x00, 0x00, 0x00, 0x00, 0x00, 0x00, 0x00, 0x00, 0x00, 0x00, 0x00, 0x00, 0x00, 0x00, 0x00, 0x00, 0x00, 0x00, 0x00, 0x00, 0x00,
    0x00, 0x00, 0x00, 0x00, 0x00, 0x00, 0x00, 0x00, 0x00, 0x00, 0x00, 0x00, 0x00, 0x00, 0x00, 0x00, 0x00, 0x00, 0x00, 0x00, 0x00, 0x00, 0x00, 0x00,
    0x00, 0x00, 0x00, 0x00, 0x00, 0x00, 0x00, 0x00, 0x00, 0x00, 0x00, 0x00, 0x00, 0x00, 0x00, 0x00, 0x00, 0x00, 0x00, 0x00, 0x00, 0x00, 0x00, 0x00,
    0x00, 0x00, 0x00, 0x00, 0x00, 0x00, 0x00, 0x00, 0x00, 0x1b, 0xdf, 0x40, 0x49, 0x3a, 0xbf, 0x08, 0x2a, 0xff, 0x29, 0x32, 0xff, 0x49, 0x3a, 0xff,
    0x6a, 0x3a, 0xff, 0xaa, 0x42, 0xff, 0xab, 0x42, 0xff, 0xab, 0x42, 0xff, 0xab, 0x42, 0xff, 0xab, 0x42, 0xff, 0xab, 0x42, 0xff, 0xab, 0x42, 0xff,
    0xab, 0x42, 0xff, 0xab, 0x42, 0xff, 0xab, 0x42, 0xff, 0xab, 0x42, 0xff, 0xaa, 0x42, 0xff, 0xab, 0x42, 0xff, 0xaa, 0x3a, 0xff, 0x08, 0x32, 0xff,
    0x6a, 0x3a, 0xff, 0x6a, 0x3a, 0xff, 0x6a, 0x3a, 0xff, 0xaa, 0x3a, 0xff, 0xaa, 0x3a, 0xff, 0xab, 0x42, 0xff, 0x29, 0x32, 0xbf, 0x10, 0x74, 0x40,
    0x00, 0x00, 0x00, 0x00, 0x00, 0x00, 0x00, 0x00, 0x00, 0x00, 0x00, 0x00, 0x00, 0x00, 0x00, 0x00, 0x00, 0x00, 0x00, 0x00, 0x00, 0x00, 0x00, 0x00,
    0x00, 0x00, 0x00, 0x00, 0x00, 0x00, 0x00, 0x00, 0x00, 0x00, 0x00, 0x00, 0x00, 0x00, 0x00, 0x00, 0x00, 0x00, 0x00, 0x00, 0x00, 0x00, 0x00, 0x00,
    0x00, 0x00, 0x00, 0x00, 0x00, 0x00, 0x00, 0x00, 0x00, 0x00, 0x00, 0x00, 0x00, 0x00, 0x00, 0x00, 0x00, 0x00, 0x00, 0x00, 0x00, 0x00, 0x00, 0x00,
    0x00, 0x00, 0x00, 0x00, 0x00, 0x00, 0x00, 0x00, 0x00, 0x00, 0x00, 0x00, 0x00, 0x00, 0x00, 0x00, 0x00, 0x00, 0x1b, 0xdf, 0x40, 0x49, 0x3a, 0xbf,
    0xe8, 0x29, 0xff, 0x08, 0x32, 0xff, 0x49, 0x32, 0xff, 0x6a, 0x3a, 0xff, 0xaa, 0x42, 0xff, 0xab, 0x42, 0xff, 0xab, 0x42, 0xff, 0xab, 0x42, 0xff,
    0xab, 0x42, 0xff, 0xab, 0x42, 0xff, 0xab, 0x42, 0xff, 0xab, 0x42, 0xff, 0xab, 0x42, 0xff, 0xab, 0x42, 0xff, 0xab, 0x42, 0xff, 0xaa, 0x3a, 0xff,
    0xab, 0x42, 0xff, 0x6a, 0x3a, 0xff, 0x08, 0x32, 0xff, 0x6a, 0x3a, 0xff, 0x6a, 0x3a, 0xff, 0xaa, 0x42, 0xff, 0xaa, 0x42, 0xff, 0xaa, 0x3a, 0xff,
    0xab, 0x42, 0xff, 0x29, 0x32, 0xbf, 0x92, 0x84, 0x40, 0x00, 0x00, 0x00, 0x00, 0x00, 0x00, 0x00, 0x00, 0x00, 0x00, 0x00, 0x00, 0x00, 0x00, 0x00,
    0x00, 0x00, 0x00, 0x00, 0x00, 0x00, 0x00, 0x00, 0x00, 0x00, 0x00, 0x00, 0x00, 0x00, 0x00, 0x00, 0x00, 0x00, 0x00, 0x00, 0x00, 0x00, 0x00, 0x00,
    0x00, 0x00, 0x00, 0x00, 0x00, 0x00, 0x00, 0x00, 0x00, 0x00, 0x00, 0x00, 0x00, 0x00, 0x00, 0x00, 0x00, 0x00, 0x00, 0x00, 0x00, 0x00, 0x00, 0x00,
    0x00, 0x00, 0x00, 0x00, 0x00, 0x00, 0x00, 0x00, 0x00, 0x00, 0x00, 0x00, 0x00, 0x00, 0x00, 0x00, 0x00, 0x00, 0x00, 0x00, 0x00, 0x00, 0x00, 0x00,
    0x00, 0x00, 0x00, 0x3b, 0xdf, 0x40, 0x6a, 0x3a, 0xbf, 0xe8, 0x21, 0xff, 0x08, 0x2a, 0xff, 0x29, 0x32, 0xff, 0x6a, 0x3a, 0xff, 0xaa, 0x42, 0xff,
    0xab, 0x42, 0xff, 0xaa, 0x42, 0xff, 0xab, 0x42, 0xff, 0xab, 0x42, 0xff, 0xab, 0x42, 0xff, 0xcb, 0x42, 0xff, 0xcb, 0x42, 0xff, 0xab, 0x42, 0xff,
    0xab, 0x42, 0xff, 0xab, 0x42, 0xff, 0xaa, 0x42, 0xff, 0xab, 0x42, 0xff, 0x6a, 0x3a, 0xff, 0x29, 0x32, 0xff, 0x6a, 0x3a, 0xff, 0xaa, 0x3a, 0xff,
    0xaa, 0x42, 0xff, 0xaa, 0x42, 0xff, 0xaa, 0x3a, 0xff, 0xab, 0x42, 0xff, 0x29, 0x32, 0xbf, 0xb2, 0x8c, 0x40, 0x00, 0x00, 0x00, 0x00, 0x00, 0x00,
    0x00, 0x00, 0x00, 0x00, 0x00, 0x00, 0x00, 0x00, 0x00, 0x00, 0x00, 0x00, 0x00, 0x00, 0x00, 0x00, 0x00, 0x00, 0x00, 0x00, 0x00, 0x00, 0x00, 0x00,
    0x00, 0x00, 0x00, 0x00, 0x00, 0x00, 0x00, 0x00, 0x00, 0x00, 0x00, 0x00, 0x00, 0x00, 0x00, 0x00, 0x00, 0x00, 0x00, 0x00, 0x00, 0x00, 0x00, 0x00,
    0x00, 0x00, 0x00, 0x00, 0x00, 0x00, 0x00, 0x00, 0x00, 0x00, 0x00, 0x00, 0x00, 0x00, 0x00, 0x00, 0x00, 0x00, 0x00, 0x00, 0x00, 0x00, 0x00, 0x00,
    0x00, 0x00, 0x00, 0x00, 0x00, 0x00, 0x00, 0x00, 0x00, 0x00, 0x00, 0x00, 0x5c, 0xe7, 0x40, 0xaa, 0x42, 0xbf, 0xe8, 0x29, 0xff, 0x08, 0x2a, 0xff,
    0x29, 0x32, 0xff, 0x6a, 0x3a, 0xff, 0xaa, 0x42, 0xff, 0xab, 0x42, 0xff, 0xab, 0x42, 0xff, 0xab, 0x42, 0xff, 0xab, 0x42, 0xff, 0xab, 0x42, 0xff,
    0xcb, 0x42, 0xff, 0xcb, 0x42, 0xff, 0xab, 0x42, 0xff, 0xab, 0x42, 0xff, 0xab, 0x42, 0xff, 0xaa, 0x42, 0xff, 0xab, 0x42, 0xff, 0x49, 0x3a, 0xff,
    0x29, 0x32, 0xff, 0x6a, 0x3a, 0xff, 0xaa, 0x3a, 0xff, 0xaa, 0x42, 0xff, 0xaa, 0x42, 0xff, 0xaa, 0x3a, 0xff, 0xab, 0x42, 0xff, 0x29, 0x32, 0xbf,
    0xd3, 0x94, 0x40, 0x00, 0x00, 0x00, 0x00, 0x00, 0x00, 0x00, 0x00, 0x00, 0x00, 0x00, 0x00, 0x00, 0x00, 0x00, 0x00, 0x00, 0x00, 0x00, 0x00, 0x00,
    0x00, 0x00, 0x00, 0x00, 0x00, 0x00, 0x00, 0x00, 0x00, 0x00, 0x00, 0x00, 0x00, 0x00, 0x00, 0x00, 0x00, 0x00, 0x00, 0x00, 0x00, 0x00, 0x00, 0x00,
    0x00, 0x00, 0x00, 0x00, 0x00, 0x00, 0x00, 0x00, 0x00, 0x00, 0x00, 0x00, 0x00, 0x00, 0x00, 0x00, 0x00, 0x00, 0x00, 0x00, 0x00, 0x00, 0x00, 0x00,
    0x00, 0x00, 0x00, 0x00, 0x00, 0x00, 0x00, 0x00, 0x00, 0x00, 0x00, 0x00, 0x00, 0x00, 0x00, 0x00, 0x00, 0x00, 0x00, 0x00, 0x00, 0x7c, 0xe7, 0x40,
    0xab, 0x4a, 0xbf, 0xe8, 0x29, 0xff, 0x09, 0x32, 0xff, 0x29, 0x32, 0xff, 0x6a, 0x3a, 0xff, 0xaa, 0x42, 0xff, 0xab, 0x42, 0xff, 0xab, 0x42, 0xff,
    0xab, 0x42, 0xff, 0xab, 0x42, 0xff, 0xab, 0x42, 0xff, 0xcb, 0x42, 0xff, 0xcb, 0x42, 0xff, 0xcb, 0x42, 0xff, 0xab, 0x42, 0xff, 0xab, 0x42, 0xff,
    0xaa, 0x42, 0xff, 0xab, 0x42, 0xff, 0x29, 0x32, 0xff, 0x49, 0x3a, 0xff, 0xaa, 0x3a, 0xff, 0xaa, 0x3a, 0xff, 0xaa, 0x3a, 0xff, 0xaa, 0x3a, 0xff,
    0xaa, 0x42, 0xff, 0xab, 0x42, 0xff, 0x09, 0x32, 0xbf, 0x55, 0xa5, 0x40, 0x00, 0x00, 0x00, 0x00, 0x00, 0x00, 0x00, 0x00, 0x00, 0x00, 0x00, 0x00,
    0x00, 0x00, 0x00, 0x00, 0x00, 0x00, 0x00, 0x00, 0x00, 0x00, 0x00, 0x00, 0x00, 0x00, 0x00, 0x00, 0x00, 0x00, 0x00, 0x00, 0x00, 0x00, 0x00, 0x00,
    0x00, 0x00, 0x00, 0x00, 0x00, 0x00, 0x00, 0x00, 0x00, 0x00, 0x00, 0x00, 0x00, 0x00, 0x00, 0x00, 0x00, 0x00, 0x00, 0x00, 0x00, 0x00, 0x00, 0x00,
    0x00, 0x00, 0x00, 0x00, 0x00, 0x00, 0x00, 0x00, 0x00, 0x00, 0x00, 0x00, 0x00, 0x00, 0x00, 0x00, 0x00, 0x00, 0x00, 0x00, 0x00, 0x00, 0x00, 0x00,
    0x00, 0x00, 0x00, 0x00, 0x00, 0x00, 0x7c, 0xe7, 0x40, 0xcb, 0x4a, 0xbf, 0xe8, 0x21, 0xff, 0x08, 0x2a, 0xff, 0x29, 0x32, 0xff, 0x6a, 0x3a, 0xff,
    0xaa, 0x42, 0xff, 0xab, 0x42, 0xff, 0xab, 0x42, 0xff, 0xcb, 0x42, 0xff, 0xab, 0x42, 0xff, 0xab, 0x42, 0xff, 0xab, 0x42, 0xff, 0xcb, 0x42, 0xff,
    0xcb, 0x42, 0xff, 0xab, 0x42, 0xff, 0xab, 0x42, 0xff, 0xaa, 0x42, 0xff, 0xab, 0x42, 0xff, 0x29, 0x32, 0xff, 0x49, 0x32, 0xff, 0x6a, 0x3a, 0xff,
    0x6a, 0x3a, 0xff, 0x6a, 0x3a, 0xff, 0xaa, 0x42, 0xff, 0xaa, 0x42, 0xff, 0xab, 0x42, 0xff, 0x29, 0x32, 0xbf, 0xb5, 0xad, 0x40, 0x00, 0x00, 0x00,
    0x00, 0x00, 0x00, 0x00, 0x00, 0x00, 0x00, 0x00, 0x00, 0x00, 0x00, 0x00, 0x00, 0x00, 0x00, 0x00, 0x00, 0x00, 0x00, 0x00, 0x00, 0x00, 0x00, 0x00,
    0x00, 0x00, 0x00, 0x00, 0x00, 0x00, 0x00, 0x00, 0x00, 0x00, 0x00, 0x00, 0x00, 0x00, 0x00, 0x00, 0x00, 0x00, 0x00, 0x00, 0x00, 0x00, 0x00, 0x00,
    0x00, 0x00, 0x00, 0x00, 0x00, 0x00, 0x00, 0x00, 0x00, 0x00, 0x00, 0x00, 0x00, 0x00, 0x00, 0x00, 0x00, 0x00, 0x00, 0x00, 0x00, 0x00, 0x00, 0x00,
    0x00, 0x00, 0x00, 0x00, 0x00, 0x00, 0x00, 0x00, 0x00, 0x00, 0x00, 0x00, 0x00, 0x00, 0x00, 0x9d, 0xef, 0x40, 0x0c, 0x53, 0xbf, 0xc8, 0x21, 0xff,
    0x08, 0x32, 0xff, 0x29, 0x32, 0xff, 0x4a, 0x3a, 0xff, 0xaa, 0x42, 0xff, 0xab, 0x42, 0xff, 0xab, 0x42, 0xff, 0xcb, 0x4a, 0xff, 0xcb, 0x42, 0xff,
    0xcb, 0x42, 0xff, 0xcb, 0x4a, 0xff, 0xcb, 0x4a, 0xff, 0xcb, 0x4a, 0xff, 0xab, 0x42, 0xff, 0xab, 0x42, 0xff, 0xaa, 0x42, 0xff, 0xab, 0x42, 0xff,
    0x29, 0x32, 0xff, 0x49, 0x32, 0xff, 0x6a, 0x3a, 0xff, 0xaa, 0x3a, 0xff, 0xaa, 0x42, 0xff, 0xaa, 0x42, 0xff, 0xab, 0x42, 0xff, 0xab, 0x42, 0xff,
    0x29, 0x32, 0xbf, 0xf6, 0xb5, 0x40, 0x00, 0x00, 0x00, 0x00, 0x00, 0x00, 0x00, 0x00, 0x00, 0x00, 0x00, 0x00, 0x00, 0x00, 0x00, 0x00, 0x00, 0x00,
    0x00, 0x00, 0x00, 0x00, 0x00, 0x00, 0x00, 0x00, 0x00, 0x00, 0x00, 0x00, 0x00, 0x00, 0x00, 0x00, 0x00, 0x00, 0x00, 0x00, 0x00, 0x00, 0x00, 0x00,
    0x00, 0x00, 0x00, 0x00, 0x00, 0x00, 0x00, 0x00, 0x00, 0x00, 0x00, 0x00, 0x00, 0x00, 0x00, 0x00, 0x00, 0x00, 0x00, 0x00, 0x00, 0x00, 0x00, 0x00,
    0x00, 0x00, 0x00, 0x00, 0x00, 0x00, 0x00, 0x00, 0x00, 0x00, 0x00, 0x00, 0x00, 0x00, 0x00, 0x00, 0x00, 0x00, 0x00, 0x00, 0x00, 0x00, 0x00, 0x00,
    0xbd, 0xef, 0x40, 0x2d, 0x5b, 0xbf, 0xe8, 0x21, 0xff, 0x29, 0x32, 0xff, 0x29, 0x32, 0xff, 0x49, 0x3a, 0xff, 0xaa, 0x42, 0xff, 0xab, 0x42, 0xff,
    0xab, 0x42, 0xff, 0xcc, 0x4a, 0xff, 0xcb, 0x4a, 0xff, 0xcb, 0x4a, 0xff, 0xcb, 0x4a, 0xff, 0xcb, 0x4a, 0xff, 0xcb, 0x4a, 0xff, 0xab, 0x42, 0xff,
    0xab, 0x42, 0xff, 0xab, 0x42, 0xff, 0xaa, 0x3a, 0xff, 0x08, 0x32, 0xff, 0x49, 0x3a, 0xff, 0xaa, 0x3a, 0xff, 0xaa, 0x3a, 0xff, 0xaa, 0x3a, 0xff,
    0xaa, 0x42, 0xff, 0xaa, 0x3a, 0xff, 0xab, 0x42, 0xff, 0x29, 0x32, 0xbf, 0x78, 0xc6, 0x40, 0x00, 0x00, 0x00, 0x00, 0x00, 0x00, 0x00, 0x00, 0x00,
    0x00, 0x00, 0x00, 0x00, 0x00, 0x00, 0x00, 0x00, 0x00, 0x00, 0x00, 0x00, 0x00, 0x00, 0x00, 0x00, 0x00, 0x00, 0x00, 0x00, 0x00, 0x00, 0x00, 0x00,
    0x00, 0x00, 0x00, 0x00, 0x00, 0x00, 0x00, 0x00, 0x00, 0x00, 0x00, 0x00, 0x00, 0x00, 0x00, 0x00, 0x00, 0x00, 0x00, 0x00, 0x00, 0x00, 0x00, 0x00,
    0x00, 0x00, 0x00, 0x00, 0x00, 0x00, 0x00, 0x00, 0x00, 0x00, 0x00, 0x00, 0x00, 0x00, 0x00, 0x00, 0x00, 0x00, 0x00, 0x00, 0x00, 0x00, 0x00, 0x00,
    0x00, 0x00, 0x00, 0x00, 0x00, 0x00, 0x00, 0x00, 0x00, 0xff, 0xff, 0x40, 0x4d, 0x5b, 0xbf, 0xe8, 0x29, 0xff, 0x29, 0x32, 0xff, 0x29, 0x32, 0xff,
    0x49, 0x3a, 0xff, 0xaa, 0x42, 0xff, 0xab, 0x42, 0xff, 0xab, 0x42, 0xff, 0xec, 0x4a, 0xff, 0xcb, 0x4a, 0xff, 0xcb, 0x4a, 0xff, 0xcb, 0x4a, 0xff,
    0xcb, 0x4a, 0xff, 0xcb, 0x4a, 0xff, 0xab, 0x42, 0xff, 0xab, 0x42, 0xff, 0xab, 0x42, 0xff, 0x6a, 0x3a, 0xff, 0x08, 0x32, 0xff, 0x49, 0x3a, 0xff,
    0xaa, 0x3a, 0xff, 0xaa, 0x3a, 0xff, 0xaa, 0x3a, 0xff, 0xaa, 0x3a, 0xff, 0xaa, 0x3a, 0xff, 0xab, 0x42, 0xff, 0x49, 0x3a, 0xbf, 0xb9, 0xce, 0x40,
    0x00, 0x00, 0x00, 0x00, 0x00, 0x00, 0x00, 0x00, 0x00, 0x00, 0x00, 0x00, 0x00, 0x00, 0x00, 0x00, 0x00, 0x00, 0x00, 0x00, 0x00, 0x00, 0x00, 0x00,
    0x00, 0x00, 0x00, 0x00, 0x00, 0x00, 0x00, 0x00, 0x00, 0x00, 0x00, 0x00, 0x00, 0x00, 0x00, 0x00, 0x00, 0x00, 0x00, 0x00, 0x00, 0x00, 0x00, 0x00,
    0x00, 0x00, 0x00, 0x00, 0x00, 0x00, 0x00, 0x00, 0x00, 0x00, 0x00, 0x00, 0x00, 0x00, 0x00, 0x00, 0x00, 0x00, 0x00, 0x00, 0x00, 0x00, 0x00, 0x00,
    0x00, 0x00, 0x00, 0x00, 0x00, 0x00, 0x00, 0x00, 0x00, 0x00, 0x00, 0x00, 0x00, 0x00, 0x00, 0x00, 0x00, 0x00, 0xff, 0xff, 0x40, 0x8e, 0x63, 0xbf,
    0xe8, 0x29, 0xff, 0x49, 0x32, 0xff, 0x49, 0x32, 0xff, 0x49, 0x3a, 0xff, 0xaa, 0x42, 0xff, 0xab, 0x42, 0xff, 0xab, 0x42, 0xff, 0xcc, 0x4a, 0xff,
    0xcc, 0x4a, 0xff, 0xcb, 0x4a, 0xff, 0xcb, 0x4a, 0xff, 0xcb, 0x42, 0xff, 0xcb, 0x4a, 0xff, 0xcb, 0x4a, 0xff, 0xab, 0x42, 0xff, 0xab, 0x42, 0xff,
    0x6a, 0x3a, 0xff, 0x08, 0x32, 0xff, 0x49, 0x3a, 0xff, 0xaa, 0x3a, 0xff, 0xaa, 0x3a, 0xff, 0xaa, 0x42, 0xff, 0xaa, 0x42, 0xff, 0xaa, 0x3a, 0xff,
    0xaa, 0x3a, 0xff, 0x6a, 0x42, 0xbf, 0x1b, 0xdf, 0x40, 0x00, 0x00, 0x00, 0x00, 0x00, 0x00, 0x00, 0x00, 0x00, 0x00, 0x00, 0x00, 0x00, 0x00, 0x00,
    0x00, 0x00, 0x00, 0x00, 0x00, 0x00, 0x00, 0x00, 0x00, 0x00, 0x00, 0x00, 0x00, 0x00, 0x00, 0x00, 0x00, 0x00, 0x00, 0x00, 0x00, 0x00, 0x00, 0x00,
    0x00, 0x00, 0x00, 0x00, 0x00, 0x00, 0x00, 0x00, 0x00, 0x00, 0x00, 0x00, 0x00, 0x00, 0x00, 0x00, 0x00, 0x00, 0x00, 0x00, 0x00, 0x00, 0x00, 0x00,
    0x00, 0x00, 0x00, 0x00, 0x00, 0x00, 0x00, 0x00, 0x00, 0x00, 0x00, 0x00, 0x00, 0x00, 0x00, 0x00, 0x00, 0x00, 0x00, 0x00, 0x00, 0x00, 0x00, 0x00,
    0x00, 0x00, 0x00, 0xff, 0xff, 0x40, 0x8e, 0x63, 0xbf, 0xc8, 0x21, 0xff, 0x49, 0x32, 0xff, 0x29, 0x32, 0xff, 0x49, 0x3a, 0xff, 0x6a, 0x3a, 0xff,
    0xaa, 0x42, 0xff, 0xab, 0x42, 0xff, 0xcc, 0x4a, 0xff, 0xcb, 0x4a, 0xff, 0xcb, 0x4a, 0xff, 0xcb, 0x42, 0xff, 0xcb, 0x42, 0xff, 0xcb, 0x4a, 0xff,
    0xab, 0x42, 0xff, 0xab, 0x42, 0xff, 0xab, 0x42, 0xff, 0x49, 0x3a, 0xff, 0x08, 0x2a, 0xff, 0x49, 0x3a, 0xff, 0x6a, 0x3a, 0xff, 0xaa, 0x3a, 0xff,
    0xaa, 0x42, 0xff, 0xaa, 0x3a, 0xff, 0xaa, 0x42, 0xff, 0xaa, 0x3a, 0xff, 0xaa, 0x42, 0xbf, 0x1b, 0xdf, 0x40, 0x00, 0x00, 0x00, 0x00, 0x00, 0x00,
    0x00, 0x00, 0x00, 0x00, 0x00, 0x00, 0x00, 0x00, 0x00, 0x00, 0x00, 0x00, 0x00, 0x00, 0x00, 0x00, 0x00, 0x00, 0x00, 0x00, 0x00, 0x00, 0x00, 0x00,
    0x00, 0x00, 0x00, 0x00, 0x00, 0x00, 0x00, 0x00, 0x00, 0x00, 0x00, 0x00, 0x00, 0x00, 0x00, 0x00, 0x00, 0x00, 0x00, 0x00, 0x00, 0x00, 0x00, 0x00,
    0x00, 0x00, 0x00, 0x00, 0x00, 0x00, 0x00, 0x00, 0x00, 0x00, 0x00, 0x00, 0x00, 0x00, 0x00, 0x00, 0x00, 0x00, 0x00, 0x00, 0x00, 0x00, 0x00, 0x00,
    0x00, 0x00, 0x00, 0x00, 0x00, 0x00, 0x00, 0x00, 0x00, 0x00, 0x00, 0x00, 0xff, 0xff, 0x40, 0x8e, 0x63, 0xbf, 0xa7, 0x21, 0xff, 0x29, 0x32, 0xff,
    0x29, 0x32, 0xff, 0x29, 0x32, 0xff, 0x6a, 0x3a, 0xff, 0xaa, 0x42, 0xff, 0xab, 0x42, 0xff, 0xcb, 0x4a, 0xff, 0xcb, 0x4a, 0xff, 0xcb, 0x42, 0xff,
    0xcb, 0x42, 0xff, 0xcb, 0x42, 0xff, 0xab, 0x42, 0xff, 0xab, 0x42, 0xff, 0xaa, 0x42, 0xff, 0xab, 0x42, 0xff, 0x29, 0x32, 0xff, 0x08, 0x2a, 0xff,
    0x49, 0x3a, 0xff, 0x6a, 0x3a, 0xff, 0xaa, 0x3a, 0xff, 0xaa, 0x42, 0xff, 0xab, 0x42, 0xff, 0xab, 0x42, 0xff, 0xab, 0x3a, 0xff, 0xaa, 0x42, 0xbf,
    0x1b, 0xdf, 0x40, 0x00, 0x00, 0x00, 0x00, 0x00, 0x00, 0x00, 0x00, 0x00, 0x00, 0x00, 0x00, 0x00, 0x00, 0x00, 0x00, 0x00, 0x00, 0x00, 0x00, 0x00,
    0x00, 0x00, 0x00, 0x00, 0x00, 0x00, 0x00, 0x00, 0x00, 0x00, 0x00, 0x00, 0x00, 0x00, 0x00, 0x00, 0x00, 0x00, 0x00, 0x00, 0x00, 0x00, 0x00, 0x00,
    0x00, 0x00, 0x00, 0x00, 0x00, 0x00, 0x00, 0x00, 0x00, 0x00, 0x00, 0x00, 0x00, 0x00, 0x00, 0x00, 0x00, 0x00, 0x00, 0x00, 0x00, 0x00, 0x00, 0x00,
    0x00, 0x00, 0x00, 0x00, 0x00, 0x00, 0x00, 0x00, 0x00, 0x00, 0x00, 0x00, 0x00, 0x00, 0x00, 0x00, 0x00, 0x00, 0x00, 0x00, 0x00, 0xff, 0xff, 0x40,
    0xaf, 0x6b, 0xbf, 0xa7, 0x21, 0xff, 0x29, 0x32, 0xff, 0x49, 0x32, 0xff, 0x49, 0x32, 0xff, 0x6a, 0x3a, 0xff, 0xaa, 0x42, 0xff, 0xab, 0x42, 0xff,
    0xcb, 0x4a, 0xff, 0xcb, 0x4a, 0xff, 0xcb, 0x4a, 0xff, 0xcb, 0x4a, 0xff, 0xcb, 0x42, 0xff, 0xab, 0x42, 0xff, 0xab, 0x42, 0xff, 0xaa, 0x3a, 0xff,
    0xab, 0x42, 0xff, 0x08, 0x2a, 0xff, 0x08, 0x2a, 0xff, 0x29, 0x32, 0xff, 0x6a, 0x3a, 0xff, 0x6a, 0x3a, 0xff, 0xaa, 0x3a, 0xff, 0xab, 0x42, 0xff,
    0xab, 0x42, 0xff, 0xaa, 0x3a, 0xff, 0xcb, 0x4a, 0xbf, 0x5c, 0xe7, 0x40, 0x00, 0x00, 0x00, 0x00, 0x00, 0x00, 0x00, 0x00, 0x00, 0x00, 0x00, 0x00,
    0x00, 0x00, 0x00, 0x00, 0x00, 0x00, 0x00, 0x00, 0x00, 0x00, 0x00, 0x00, 0x00, 0x00, 0x00, 0x00, 0x00, 0x00, 0x00, 0x00, 0x00, 0x00, 0x00, 0x00,
    0x00, 0x00, 0x00, 0x00, 0x00, 0x00, 0x00, 0x00, 0x00, 0x00, 0x00, 0x00, 0x00, 0x00, 0x00, 0x00, 0x00, 0x00, 0x00, 0x00, 0x00, 0x00, 0x00, 0x00,
    0x00, 0x00, 0x00, 0x00, 0x00, 0x00, 0x00, 0x00, 0x00, 0x00, 0x00, 0x00, 0x00, 0x00, 0x00, 0x00, 0x00, 0x00, 0x00, 0x00, 0x00, 0x00, 0x00, 0x00,
    0x00, 0x00, 0x00, 0x00, 0x00, 0x00, 0xff, 0xff, 0x40, 0xcf, 0x6b, 0xbf, 0xa7, 0x21, 0xff, 0x49, 0x32, 0xff, 0x49, 0x3a, 0xff, 0x49, 0x3a, 0xff,
    0x6a, 0x3a, 0xff, 0x6a, 0x3a, 0xff, 0xaa, 0x42, 0xff, 0xcb, 0x42, 0xff, 0xcb, 0x4a, 0xff, 0xcb, 0x4a, 0xff, 0xcb, 0x4a, 0xff, 0xcb, 0x4a, 0xff,
    0xcb, 0x4a, 0xff, 0xab, 0x42, 0xff, 0xaa, 0x3a, 0xff, 0xab, 0x42, 0xff, 0x08, 0x2a, 0xff, 0x08, 0x32, 0xff, 0x29, 0x32, 0xff, 0x6a, 0x3a, 0xff,
    0x6a, 0x3a, 0xff, 0xaa, 0x3a, 0xff, 0xab, 0x42, 0xff, 0xab, 0x42, 0xff, 0xaa, 0x3a, 0xff, 0xcb, 0x4a, 0xbf, 0x5c, 0xe7, 0x40, 0x00, 0x00, 0x00,
    0x00, 0x00, 0x00, 0x00, 0x00, 0x00, 0x00, 0x00, 0x00, 0x00, 0x00, 0x00, 0x00, 0x00, 0x00, 0x00, 0x00, 0x00, 0x00, 0x00, 0x00, 0x00, 0x00, 0x00,
    0x00, 0x00, 0x00, 0x00, 0x00, 0x00, 0x00, 0x00, 0x00, 0x00, 0x00, 0x00, 0x00, 0x00, 0x00, 0x00, 0x00, 0x00, 0x00, 0x00, 0x00, 0x00, 0x00, 0x00,
    0x00, 0x00, 0x00, 0x00, 0x00, 0x00, 0x00, 0x00, 0x00, 0x00, 0x00, 0x00, 0x00, 0x00, 0x00, 0x00, 0x00, 0x00, 0x00, 0x00, 0x00, 0x00, 0x00, 0x00,
    0x00, 0x00, 0x00, 0x00, 0x00, 0x00, 0x00, 0x00, 0x00, 0x00, 0x00, 0x00, 0x00, 0x00, 0x00, 0xff, 0xff, 0x40, 0x10, 0x74, 0xbf, 0xc8, 0x21, 0xff,
    0x4a, 0x32, 0xff, 0x49, 0x3a, 0xff, 0x6a, 0x3a, 0xff, 0x6a, 0x3a, 0xff, 0x6a, 0x3a, 0xff, 0xaa, 0x42, 0xff, 0xab, 0x42, 0xff, 0xcb, 0x4a, 0xff,
    0xcc, 0x4a, 0xff, 0xcc, 0x4a, 0xff, 0xcc, 0x4a, 0xff, 0xcb, 0x4a, 0xff, 0xab, 0x42, 0xff, 0xaa, 0x3a, 0xff, 0xab, 0x42, 0xff, 0x08, 0x32, 0xff,
    0x08, 0x32, 0xff, 0x49, 0x32, 0xff, 0x6a, 0x3a, 0xff, 0x6a, 0x3a, 0xff, 0xaa, 0x3a, 0xff, 0xaa, 0x42, 0xff, 0xaa, 0x3a, 0xff, 0x6a, 0x3a, 0xff,
    0x0c, 0x53, 0xbf, 0x7c, 0xe7, 0x40, 0x00, 0x00, 0x00, 0x00, 0x00, 0x00, 0x00, 0x00, 0x00, 0x00, 0x00, 0x00, 0x00, 0x00, 0x00, 0x00, 0x00, 0x00,
    0x00, 0x00, 0x00, 0x00, 0x00, 0x00, 0x00, 0x00, 0x00, 0x00, 0x00, 0x00, 0x00, 0x00, 0x00, 0x00, 0x00, 0x00, 0x00, 0x00, 0x00, 0x00, 0x00, 0x00,
    0x00, 0x00, 0x00, 0x00, 0x00, 0x00, 0x00, 0x00, 0x00, 0x00, 0x00, 0x00, 0x00, 0x00, 0x00, 0x00, 0x00, 0x00, 0x00, 0x00, 0x00, 0x00, 0x00, 0x00,
    0x00, 0x00, 0x00, 0x00, 0x00, 0x00, 0x00, 0x00, 0x00, 0x00, 0x00, 0x00, 0x00, 0x00, 0x00, 0x00, 0x00, 0x00, 0x00, 0x00, 0x00, 0x00, 0x00, 0x00,
    0xff, 0xff, 0x40, 0x51, 0x7c, 0xbf, 0xc8, 0x21, 0xff, 0x4a, 0x3a, 0xff, 0x49, 0x3a, 0xff, 0x6a, 0x3a, 0xff, 0x6a, 0x3a, 0xff, 0x6a, 0x3a, 0xff,
    0xaa, 0x42, 0xff, 0xab, 0x42, 0xff, 0xcb, 0x42, 0xff, 0xcc, 0x4a, 0xff, 0xcc, 0x4a, 0xff, 0xcb, 0x4a, 0xff, 0xab, 0x42, 0xff, 0xaa, 0x42, 0xff,
    0x6a, 0x3a, 0xff, 0xab, 0x42, 0xff, 0x08, 0x2a, 0xff, 0x08, 0x32, 0xff, 0x49, 0x3a, 0xff, 0x6a, 0x3a, 0xff, 0xaa, 0x3a, 0xff, 0xaa, 0x42, 0xff,
    0xaa, 0x42, 0xff, 0xaa, 0x3a, 0xff, 0x49, 0x32, 0xff, 0x8e, 0x63, 0xbf, 0xbd, 0xef, 0x40, 0x00, 0x00, 0x00, 0x00, 0x00, 0x00, 0x00, 0x00, 0x00,
    0x00, 0x00, 0x00, 0x00, 0x00, 0x00, 0x00, 0x00, 0x00, 0x00, 0x00, 0x00, 0x00, 0x00, 0x00, 0x00, 0x00, 0x00, 0x00, 0x00, 0x00, 0x00, 0x00, 0x00,
    0x00, 0x00, 0x00, 0x00, 0x00, 0x00, 0x00, 0x00, 0x00, 0x00, 0x00, 0x00, 0x00, 0x00, 0x00, 0x00, 0x00, 0x00, 0x00, 0x00, 0x00, 0x00, 0x00, 0x00,
    0x00, 0x00, 0x00, 0x00, 0x00, 0x00, 0x00, 0x00, 0x00, 0x00, 0x00, 0x00, 0x00, 0x00, 0x00, 0x00, 0x00, 0x00, 0x00, 0x00, 0x00, 0x00, 0x00, 0x00,
    0x00, 0x00, 0x00, 0x00, 0x00, 0x00, 0x00, 0x00, 0x00, 0xff, 0xff, 0x40, 0x71, 0x7c, 0xbf, 0xc7, 0x21, 0xff, 0x49, 0x3a, 0xff, 0x49, 0x32, 0xff,
    0x6a, 0x3a, 0xff, 0xaa, 0x42, 0xff, 0x6a, 0x3a, 0xff, 0xaa, 0x3a, 0xff, 0xab, 0x42, 0xff, 0xab, 0x42, 0xff, 0xcb, 0x4a, 0xff, 0xcc, 0x4a, 0xff,
    0xcb, 0x4a, 0xff, 0xab, 0x42, 0xff, 0xaa, 0x3a, 0xff, 0x6a, 0x3a, 0xff, 0xaa, 0x42, 0xff, 0xe8, 0x29, 0xff, 0x29, 0x32, 0xff, 0x49, 0x32, 0xff,
    0x6a, 0x3a, 0xff, 0xaa, 0x42, 0xff, 0xab, 0x42, 0xff, 0xaa, 0x3a, 0xff, 0xaa, 0x3a, 0xff, 0x29, 0x32, 0xff, 0x71, 0x84, 0xbf, 0xff, 0xff, 0x40,
    0x00, 0x00, 0x00, 0x00, 0x00, 0x00, 0x00, 0x00, 0x00, 0x00, 0x00, 0x00, 0x00, 0x00, 0x00, 0x00, 0x00, 0x00, 0x00, 0x00, 0x00, 0x00, 0x00, 0x00,
    0x00, 0x00, 0x00, 0x00, 0x00, 0x00, 0x00, 0x00, 0x00, 0x00, 0x00, 0x00, 0x00, 0x00, 0x00, 0x00, 0x00, 0x00, 0x00, 0x00, 0x00, 0x00, 0x00, 0x00,
    0x00, 0x00, 0x00, 0x00, 0x00, 0x00, 0x00, 0x00, 0x00, 0x00, 0x00, 0x00, 0x00, 0x00, 0x00, 0x00, 0x00, 0x00, 0x00, 0x00, 0x00, 0x00, 0x00, 0x00,
    0x00, 0x00, 0x00, 0x00, 0x00, 0x00, 0x00, 0x00, 0x00, 0x00, 0x00, 0x00, 0x00, 0x00, 0x00, 0x00, 0x00, 0x00, 0xff, 0xff, 0x40, 0x72, 0x84, 0xbf,
    0xa7, 0x21, 0xff, 0x29, 0x32, 0xff, 0x29, 0x32, 0xff, 0x69, 0x3a, 0xff, 0xaa, 0x42, 0xff, 0x6a, 0x3a, 0xff, 0xaa, 0x42, 0xff, 0xab, 0x42, 0xff,
    0xab, 0x42, 0xff, 0xab, 0x4a, 0xff, 0xcc, 0x4a, 0xff, 0xcb, 0x42, 0xff, 0xaa, 0x42, 0xff, 0xaa, 0x3a, 0xff, 0x6a, 0x3a, 0xff, 0xaa, 0x42, 0xff,
    0xe8, 0x29, 0xff, 0x29, 0x32, 0xff, 0x49, 0x3a, 0xff, 0xaa, 0x42, 0xff, 0xab, 0x42, 0xff, 0xaa, 0x42, 0xff, 0x6a, 0x3a, 0xff, 0xaa, 0x42, 0xff,
    0x29, 0x32, 0xff, 0xd3, 0x8c, 0xbf, 0xff, 0xff, 0x40, 0x00, 0x00, 0x00, 0x00, 0x00, 0x00, 0x00, 0x00, 0x00, 0x00, 0x00, 0x00, 0x00, 0x00, 0x00,
    0x00, 0x00, 0x00, 0x00, 0x00, 0x00, 0x00, 0x00, 0x00, 0x00, 0x00, 0x00, 0x00, 0x00, 0x00, 0x00, 0x00, 0x00, 0x00, 0x00, 0x00, 0x00, 0x00, 0x00,
    0x00, 0x00, 0x00, 0x00, 0x00, 0x00, 0x00, 0x00, 0x00, 0x00, 0x00, 0x00, 0x00, 0x00, 0x00, 0x00, 0x00, 0x00, 0x00, 0x00, 0x00, 0x00, 0x00, 0x00,
    0x00, 0x00, 0x00, 0x00, 0x00, 0x00, 0x00, 0x00, 0x00, 0x00, 0x00, 0x00, 0x00, 0x00, 0x00, 0x00, 0x00, 0x00, 0x00, 0x00, 0x00, 0x00, 0x00, 0x00,
    0x00, 0x00, 0x00, 0xfd, 0xef, 0x40, 0x92, 0x84, 0xbf, 0x87, 0x19, 0xff, 0x29, 0x32, 0xff, 0x29, 0x32, 0xff, 0x49, 0x3a, 0xff, 0xaa, 0x42, 0xff,
    0xaa, 0x42, 0xff, 0xaa, 0x42, 0xff, 0xab, 0x42, 0xff, 0xab, 0x42, 0xff, 0xcb, 0x42, 0xff, 0xcb, 0x4a, 0xff, 0xcb, 0x42, 0xff, 0xab, 0x42, 0xff,
    0xab, 0x42, 0xff, 0xaa, 0x42, 0xff, 0xaa, 0x42, 0xff, 0x08, 0x32, 0xff, 0x49, 0x3a, 0xff, 0x49, 0x3a, 0xff, 0xaa, 0x42, 0xff, 0xaa, 0x42, 0xff,
    0x6a, 0x3a, 0xff, 0x6a, 0x3a, 0xff, 0xab, 0x42, 0xff, 0x49, 0x32, 0xff, 0x10, 0x74, 0xbf, 0xff, 0xff, 0x40, 0x00, 0x00, 0x00, 0x00, 0x00, 0x00,
    0x00, 0x00, 0x00, 0x00, 0x00, 0x00, 0x00, 0x00, 0x00, 0x00, 0x00, 0x00, 0x00, 0x00, 0x00, 0x00, 0x00, 0x00, 0x00, 0x00, 0x00, 0x00, 0x00, 0x00,
    0x00, 0x00, 0x00, 0x00, 0x00, 0x00, 0x00, 0x00, 0x00, 0x00, 0x00, 0x00, 0x00, 0x00, 0x00, 0x00, 0x00, 0x00, 0x00, 0x00, 0x00, 0x00, 0x00, 0x00,
    0x00, 0x00, 0x00, 0x00, 0x00, 0x00, 0x00, 0x00, 0x00, 0x00, 0x00, 0x00, 0x00, 0x00, 0x00, 0x00, 0x00, 0x00, 0x00, 0x00, 0x00, 0x00, 0x00, 0x00,
    0x00, 0x00, 0x00, 0x00, 0x00, 0x00, 0x00, 0x00, 0x00, 0x00, 0x00, 0x00, 0xfd, 0xef, 0x40, 0xb2, 0x8c, 0xbf, 0x86, 0x19, 0xff, 0x29, 0x32, 0xff,
    0x29, 0x32, 0xff, 0x4a, 0x3a, 0xff, 0xab, 0x42, 0xff, 0xab, 0x42, 0xff, 0xab, 0x42, 0xff, 0xab, 0x42, 0xff, 0xab, 0x42, 0xff, 0xcb, 0x4a, 0xff,
    0xcb, 0x4a, 0xff, 0xab, 0x42, 0xff, 0xcb, 0x42, 0xff, 0xcb, 0x42, 0xff, 0xab, 0x42, 0xff, 0xab, 0x42, 0xff, 0x09, 0x32, 0xff, 0x4a, 0x3a, 0xff,
    0x6a, 0x3a, 0xff, 0xaa, 0x42, 0xff, 0xaa, 0x3a, 0xff, 0x6a, 0x3a, 0xff, 0xab, 0x42, 0xff, 0xcb, 0x42, 0xff, 0xab, 0x42, 0xff, 0x2c, 0x53, 0xbf,
    0x9c, 0xe7, 0x40, 0x00, 0x00, 0x00, 0x00, 0x00, 0x00, 0x00, 0x00, 0x00, 0x00, 0x00, 0x00, 0x00, 0x00, 0x00, 0x00, 0x00, 0x00, 0x00, 0x00, 0x00,
    0x00, 0x00, 0x00, 0x00, 0x00, 0x00, 0x00, 0x00, 0x00, 0x00, 0x00, 0x00, 0x00, 0x00, 0x00, 0x00, 0x00, 0x00, 0x00, 0x00, 0x00, 0x00, 0x00, 0x00,
    0x00, 0x00, 0x00, 0x00, 0x00, 0x00, 0x00, 0x00, 0x00, 0x00, 0x00, 0x00, 0x00, 0x00, 0x00, 0x00, 0x00, 0x00, 0x00, 0x00, 0x00, 0x00, 0x00, 0x00,
    0x00, 0x00, 0x00, 0x00, 0x00, 0x00, 0x00, 0x00, 0x00, 0x00, 0x00, 0x00, 0x00, 0x00, 0x00, 0x00, 0x00, 0x00, 0x00, 0x00, 0x00, 0xff, 0xff, 0x40,
    0xd3, 0x8c, 0xbf, 0xa7, 0x21, 0xff, 0x49, 0x32, 0xff, 0x29, 0x32, 0xff, 0x6a, 0x3a, 0xff, 0xab, 0x42, 0xff, 0xab, 0x42, 0xff, 0xab, 0x4a, 0xff,
    0xcb, 0x4a, 0xff, 0xcb, 0x42, 0xff, 0xcb, 0x42, 0xff, 0xab, 0x42, 0xff, 0xab, 0x42, 0xff, 0xab, 0x42, 0xff, 0xcb, 0x42, 0xff, 0xcc, 0x4a, 0xff,
    0xab, 0x42, 0xff, 0x09, 0x32, 0xff, 0x6a, 0x3a, 0xff, 0x6a, 0x3a, 0xff, 0xab, 0x42, 0xff, 0xab, 0x42, 0xff, 0xab, 0x42, 0xff, 0xcb, 0x42, 0xff,
    0xcc, 0x4a, 0xff, 0xcb, 0x42, 0xff, 0xcb, 0x4a, 0xbf, 0x3b, 0xdf, 0x40, 0x00, 0x00, 0x00, 0x00, 0x00, 0x00, 0x00, 0x00, 0x00, 0x00, 0x00, 0x00,
    0x00, 0x00, 0x00, 0x00, 0x00, 0x00, 0x00, 0x00, 0x00, 0x00, 0x00, 0x00, 0x00, 0x00, 0x00, 0x00, 0x00, 0x00, 0x00, 0x00, 0x00, 0x00, 0x00, 0x00,
    0x00, 0x00, 0x00, 0x00, 0x00, 0x00, 0x00, 0x00, 0x00, 0x00, 0x00, 0x00, 0x00, 0x00, 0x00, 0x00, 0x00, 0x00, 0x00, 0x00, 0x00, 0x00, 0x00, 0x00,
    0x00, 0x00, 0x00, 0x00, 0x00, 0x00, 0x00, 0x00, 0x00, 0x00, 0x00, 0x00, 0x00, 0x00, 0x00, 0x00, 0x00, 0x00, 0x00, 0x00, 0x00, 0x00, 0x00, 0x00,
    0x00, 0x00, 0x00, 0x00, 0x00, 0x00, 0xff, 0xff, 0x40, 0x14, 0x95, 0xbf, 0xc7, 0x21, 0xff, 0x4a, 0x3a, 0xff, 0x29, 0x32, 0xff, 0x6a, 0x3a, 0xff,
    0xab, 0x42, 0xff, 0xab, 0x42, 0xff, 0xcb, 0x42, 0xff, 0xcb, 0x4a, 0xff, 0xcb, 0x42, 0xff, 0xab, 0x42, 0xff, 0xaa, 0x3a, 0xff, 0x6a, 0x3a, 0xff,
    0xaa, 0x3a, 0xff, 0xab, 0x42, 0xff, 0xcb, 0x42, 0xff, 0xab, 0x42, 0xff, 0xe8, 0x29, 0xff, 0x6a, 0x3a, 0xff, 0x49, 0x3a, 0xff, 0xaa, 0x3a, 0xff,
    0xab, 0x42, 0xff, 0xab, 0x42, 0xff, 0xcb, 0x42, 0xff, 0xcb, 0x4a, 0xff, 0xcb, 0x42, 0xff, 0xab, 0x42, 0xbf, 0x3b, 0xdf, 0x40, 0xbd, 0xef, 0x02,
    0x9c, 0xe7, 0x03, 0xbc, 0xe7, 0x03, 0x9d, 0xef, 0x03, 0x9d, 0xef, 0x03, 0x9d, 0xef, 0x03, 0x9d, 0xef, 0x03, 0x9d, 0xef, 0x03, 0x9d, 0xef, 0x02,
    0x00, 0x00, 0x00, 0x00, 0x00, 0x00, 0x00, 0x00, 0x00, 0x00, 0x00, 0x00, 0x00, 0x00, 0x00, 0x00, 0x00, 0x00, 0x00, 0x00, 0x00, 0x00, 0x00, 0x00,
    0x00, 0x00, 0x00, 0x00, 0x00, 0x00, 0x00, 0x00, 0x00, 0x00, 0x00, 0x00, 0x00, 0x00, 0x00, 0x00, 0x00, 0x00, 0x00, 0x00, 0x00, 0x00, 0x00, 0x00,
    0x00, 0x00, 0x00, 0x00, 0x00, 0x00, 0x00, 0x00, 0x00, 0x00, 0x00, 0x00, 0x00, 0x00, 0x00, 0xff, 0xff, 0x40, 0x95, 0xad, 0xbf, 0xc8, 0x29, 0xff,
    0x6a, 0x3a, 0xff, 0x49, 0x32, 0xff, 0x6a, 0x3a, 0xff, 0xaa, 0x42, 0xff, 0xaa, 0x42, 0xff, 0xab, 0x42, 0xff, 0xcb, 0x4a, 0xff, 0xab, 0x42, 0xff,
    0xab, 0x42, 0xff, 0xaa, 0x3a, 0xff, 0x6a, 0x3a, 0xff, 0xaa, 0x3a, 0xff, 0xaa, 0x3a, 0xff, 0xab, 0x42, 0xff, 0xcb, 0x42, 0xff, 0x08, 0x32, 0xff,
    0x49, 0x3a, 0xff, 0x6a, 0x3a, 0xff, 0xab, 0x42, 0xff, 0xcb, 0x42, 0xff, 0xcb, 0x4a, 0xff, 0xec, 0x4a, 0xff, 0xcb, 0x4a, 0xff, 0xcb, 0x42, 0xff,
    0xaa, 0x42, 0xc0, 0x1a, 0xd7, 0x46, 0xbd, 0xef, 0x21, 0x9c, 0xe7, 0x25, 0x9d, 0xef, 0x26, 0x9d, 0xef, 0x26, 0xbd, 0xef, 0x26, 0x9d, 0xef, 0x26,
    0x9d, 0xef, 0x26, 0x9d, 0xef, 0x25, 0x9d, 0xef, 0x21, 0x9d, 0xef, 0x08, 0x9d, 0xef, 0x02, 0x00, 0x00, 0x00, 0x00, 0x00, 0x00, 0x00, 0x00, 0x00,
    0x00, 0x00, 0x00, 0x00, 0x00, 0x00, 0x00, 0x00, 0x00, 0x00, 0x00, 0x00, 0x00, 0x00, 0x00, 0x00, 0x00, 0x00, 0x00, 0x00, 0x00, 0x00, 0x00, 0x00,
    0x00, 0x00, 0x00, 0x00, 0x00, 0x00, 0x00, 0x00, 0x00, 0x00, 0x00, 0x00, 0x00, 0x00, 0x00, 0x00, 0x00, 0x00, 0x00, 0x00, 0x00, 0x00, 0x00, 0x00,
    0xff, 0xff, 0x40, 0x54, 0x9d, 0xbf, 0xc8, 0x21, 0xff, 0x6a, 0x3a, 0xff, 0x49, 0x32, 0xff, 0x6a, 0x3a, 0xff, 0xab, 0x42, 0xff, 0xaa, 0x42, 0xff,
    0xab, 0x42, 0xff, 0xcb, 0x4a, 0xff, 0xab, 0x42, 0xff, 0xab, 0x42, 0xff, 0xab, 0x42, 0xff, 0xab, 0x42, 0xff, 0xab, 0x42, 0xff, 0xab, 0x42, 0xff,
    0xab, 0x42, 0xff, 0xab, 0x42, 0xff, 0x08, 0x32, 0xff, 0x49, 0x3a, 0xff, 0x49, 0x3a, 0xff, 0xab, 0x42, 0xff, 0xcb, 0x4a, 0xff, 0xec, 0x4a, 0xff,
    0xcc, 0x4a, 0xff, 0xcb, 0x42, 0xff, 0x6a, 0x3a, 0xf0, 0x49, 0x3a, 0xac, 0x3b, 0xdf, 0x65, 0xbd, 0xef, 0xbe, 0xbc, 0xe7, 0xd7, 0x9d, 0xef, 0xd9,
    0x9d, 0xef, 0xd9, 0x9d, 0xef, 0xd9, 0x9d, 0xef, 0xd9, 0x9d, 0xef, 0xd9, 0x9d, 0xef, 0xd7, 0x9d, 0xef, 0xbe, 0x9d, 0xef, 0x41, 0x9d, 0xef, 0x23,
    0x9d, 0xef, 0x08, 0x9d, 0xef, 0x02, 0x00, 0x00, 0x00, 0x00, 0x00, 0x00, 0x00, 0x00, 0x00, 0x00, 0x00, 0x00, 0x00, 0x00, 0x00, 0x00, 0x00, 0x00,
    0x00, 0x00, 0x00, 0x00, 0x00, 0x00, 0x00, 0x00, 0x00, 0x00, 0x00, 0x00, 0x00, 0x00, 0x00, 0x00, 0x00, 0x00, 0x00, 0x00, 0x00, 0x00, 0x00, 0x00,
    0x00, 0x00, 0x00, 0x00, 0x00, 0x00, 0x00, 0x00, 0x00, 0xff, 0xff, 0x40, 0xf3, 0x94, 0xbf, 0xa7, 0x21, 0xff, 0x6a, 0x3a, 0xff, 0x49, 0x32, 0xff,
    0x6a, 0x3a, 0xff, 0xaa, 0x3a, 0xff, 0xaa, 0x3a, 0xff, 0xaa, 0x42, 0xff, 0xab, 0x42, 0xff, 0xab, 0x42, 0xff, 0xcb, 0x42, 0xff, 0xcb, 0x4a, 0xff,
    0xcb, 0x4a, 0xff, 0xab, 0x4a, 0xff, 0xab, 0x42, 0xff, 0xaa, 0x42, 0xff, 0x6a, 0x3a, 0xff, 0xc7, 0x21, 0xff, 0x08, 0x2a, 0xff, 0x08, 0x2a, 0xff,
    0x6a, 0x3a, 0xff, 0xaa, 0x3a, 0xff, 0xaa, 0x3a, 0xff, 0xaa, 0x3a, 0xff, 0x6a, 0x32, 0xff, 0xeb, 0x4a, 0xda, 0x37, 0xbe, 0xd6, 0x9d, 0xef, 0xde,
    0x9d, 0xef, 0xf7, 0x9d, 0xef, 0xfc, 0x9d, 0xef, 0xfc, 0x9d, 0xef, 0xfc, 0x9d, 0xef, 0xfc, 0x9d, 0xef, 0xfc, 0x9d, 0xef, 0xfc, 0x9d, 0xef, 0xfc,
    0x9d, 0xef, 0xf7, 0x9d, 0xef, 0xdc, 0x9d, 0xef, 0xbe, 0x9d, 0xef, 0x41, 0x9d, 0xef, 0x23, 0x9d, 0xef, 0x08, 0x00, 0x00, 0x00, 0x00, 0x00, 0x00,
    0x00, 0x00, 0x00, 0x00, 0x00, 0x00, 0x00, 0x00, 0x00, 0x00, 0x00, 0x00, 0x00, 0x00, 0x00, 0x00, 0x00, 0x00, 0x00, 0x00, 0x00, 0x00, 0x00, 0x00,
    0x00, 0x00, 0x00, 0x00, 0x00, 0x00, 0x00, 0x00, 0x00, 0x00, 0x00, 0x00, 0x00, 0x00, 0x00, 0x00, 0x00, 0x00, 0xff, 0xff, 0x40, 0x14, 0x95, 0xbf,
    0xa7, 0x21, 0xff, 0x49, 0x3a, 0xff, 0x49, 0x32, 0xff, 0x6a, 0x3a, 0xff, 0xab, 0x42, 0xff, 0xab, 0x42, 0xff, 0xcb, 0x42, 0xff, 0xcb, 0x4a, 0xff,
    0xcb, 0x4a, 0xff, 0xcb, 0x4a, 0xff, 0xcb, 0x4a, 0xff, 0xcb, 0x4a, 0xff, 0xcb, 0x4a, 0xff, 0xab, 0x42, 0xff, 0xaa, 0x42, 0xff, 0xaa, 0x3a, 0xfb,
    0x08, 0x32, 0xdb, 0x28, 0x3a, 0xc9, 0x48, 0x42, 0xc7, 0xa9, 0x52, 0xc1, 0x0a, 0x63, 0xc0, 0x6c, 0x73, 0xc1, 0xee, 0x8b, 0xc8, 0x90, 0xa4, 0xcf,
    0x12, 0xb5, 0xe5, 0xfb, 0xde, 0xf7, 0x7c, 0xe7, 0xfd, 0x5c, 0xe7, 0xff, 0xbd, 0xef, 0xff, 0x9d, 0xef, 0xff, 0x9d, 0xef, 0xff, 0x9d, 0xef, 0xff,
    0x9d, 0xef, 0xff, 0x9d, 0xef, 0xff, 0x9d, 0xef, 0xff, 0x9d, 0xef, 0xff, 0x9d, 0xef, 0xfd, 0x9d, 0xef, 0xf7, 0x9d, 0xef, 0xdc, 0x9d, 0xef, 0xbe,
    0x9d, 0xef, 0x3b, 0x9d, 0xef, 0x0a, 0x9d, 0xef, 0x02, 0x00, 0x00, 0x00, 0x00, 0x00, 0x00, 0x00, 0x00, 0x00, 0x00, 0x00, 0x00, 0x00, 0x00, 0x00,
    0x00, 0x00, 0x00, 0x00, 0x00, 0x00, 0x00, 0x00, 0x00, 0x00, 0x00, 0x00, 0x00, 0x00, 0x00, 0x00, 0x00, 0x00, 0x00, 0x00, 0x00, 0x00, 0x00, 0x00,
    0x00, 0x00, 0x00, 0xfd, 0xef, 0x30, 0xb2, 0x84, 0x9f, 0x45, 0x11, 0xf0, 0x49, 0x3a, 0xff, 0x49, 0x3a, 0xff, 0x6a, 0x3a, 0xff, 0xcb, 0x4a, 0xff,
    0xab, 0x42, 0xff, 0xcb, 0x4a, 0xff, 0xcb, 0x4a, 0xff, 0xcb, 0x4a, 0xff, 0xcc, 0x4a, 0xff, 0xcc, 0x4a, 0xff, 0xcc, 0x4a, 0xff, 0xcb, 0x4a, 0xff,
    0xab, 0x4a, 0xff, 0xab, 0x42, 0xff, 0x6a, 0x42, 0xfd, 0x2e, 0x9c, 0xec, 0x4f, 0xac, 0xe1, 0x6f, 0xac, 0xce, 0xaf, 0xbc, 0x71, 0x11, 0xcd, 0x5f,
    0xb3, 0xdd, 0x71, 0x56, 0xe6, 0xce, 0x97, 0xfe, 0xe5, 0xb5, 0xcd, 0xf9, 0x5c, 0xe7, 0xff, 0xff, 0xff, 0xff, 0x7c, 0xe7, 0xff, 0x5b, 0xdf, 0xff,
    0xfd, 0xef, 0xff, 0xbd, 0xef, 0xff, 0x9d, 0xef, 0xff, 0x9d, 0xef, 0xff, 0x9d, 0xef, 0xff, 0x9d, 0xef, 0xff, 0x9d, 0xef, 0xff, 0x9d, 0xef, 0xff,
    0x9d, 0xef, 0xff, 0x9d, 0xef, 0xfd, 0x9d, 0xef, 0xf5, 0x9d, 0xef, 0xc4, 0x9d, 0xef, 0x41, 0x9d, 0xef, 0x23, 0x9d, 0xef, 0x08, 0xbc, 0xe7, 0x02,
    0x00, 0x00, 0x00, 0x00, 0x00, 0x00, 0x00, 0x00, 0x00, 0x00, 0x00, 0x00, 0x00, 0x00, 0x00, 0x00, 0x00, 0x00, 0x00, 0x00, 0x00, 0x00, 0x00, 0x00,
    0x00, 0x00, 0x00, 0x00, 0x00, 0x00, 0x00, 0x00, 0x00, 0x00, 0x00, 0x00, 0xbd, 0xef, 0x10, 0x99, 0xce, 0x56, 0xaa, 0x42, 0xb6, 0xe8, 0x29, 0xf4,
    0xe8, 0x29, 0xfe, 0x29, 0x32, 0xff, 0xaa, 0x3a, 0xff, 0xaa, 0x3a, 0xff, 0xcc, 0x42, 0xff, 0xec, 0x4a, 0xff, 0xec, 0x4a, 0xff, 0xec, 0x4a, 0xff,
    0xec, 0x4a, 0xff, 0xcc, 0x4a, 0xff, 0xcb, 0x42, 0xff, 0xcb, 0x42, 0xff, 0xab, 0x3a, 0xff, 0xca, 0x52, 0xff, 0xf0, 0xbc, 0xfd, 0x11, 0xc5, 0xfc,
    0x52, 0xc5, 0xf7, 0xd4, 0xd5, 0xde, 0x77, 0xe6, 0xda, 0x98, 0xee, 0xde, 0x98, 0xee, 0xf7, 0x15, 0xde, 0xfd, 0x17, 0xd6, 0xff, 0xff, 0xff, 0xff,
    0xbf, 0xff, 0xff, 0xff, 0xff, 0xff, 0xdb, 0xde, 0xff, 0x1b, 0xdf, 0xff, 0x9d, 0xef, 0xff, 0xbd, 0xef, 0xff, 0x9d, 0xef, 0xff, 0x9d, 0xef, 0xff,
    0x9d, 0xef, 0xff, 0x9d, 0xef, 0xff, 0x9d, 0xef, 0xff, 0x9d, 0xef, 0xff, 0x9d, 0xef, 0xff, 0x9d, 0xef, 0xff, 0x9d, 0xef, 0xf7, 0x9c, 0xe7, 0xdc,
    0x9d, 0xef, 0xbe, 0x9d, 0xef, 0x41, 0xbd, 0xef, 0x23, 0xbd, 0xef, 0x08, 0x00, 0x00, 0x00, 0x00, 0x00, 0x00, 0x00, 0x00, 0x00, 0x00, 0x00, 0x00,
    0x00, 0x00, 0x00, 0x00, 0x00, 0x00, 0x00, 0x00, 0x00, 0x00, 0x00, 0x00, 0x00, 0x00, 0x00, 0x00, 0x00, 0x00, 0x00, 0x00, 0x00, 0x7b, 0xdf, 0x09,
    0xbd, 0xef, 0x48, 0x9d, 0xef, 0xce, 0xb9, 0xce, 0xfa, 0x0f, 0x7c, 0xff, 0x0a, 0x63, 0xff, 0xeb, 0x62, 0xff, 0xaa, 0x52, 0xff, 0xaa, 0x52, 0xff,
    0xaa, 0x52, 0xff, 0xaa, 0x4a, 0xff, 0xcb, 0x52, 0xff, 0xeb, 0x52, 0xff, 0x0c, 0x5b, 0xff, 0x4c, 0x63, 0xff, 0x2b, 0x6b, 0xff, 0xad, 0x83, 0xff,
    0xf1, 0xb4, 0xff, 0x52, 0xc5, 0xff, 0x93, 0xcd, 0xff, 0xf5, 0xd5, 0xff, 0x77, 0xe6, 0xfd, 0x97, 0xee, 0xfc, 0x77, 0xe6, 0xfd, 0x56, 0xe6, 0xff,
    0x36, 0xe6, 0xff, 0x53, 0xbd, 0xff, 0x3c, 0xe7, 0xff, 0x7d, 0xef, 0xff, 0x7d, 0xef, 0xff, 0x9d, 0xef, 0xff, 0xfb, 0xde, 0xff, 0xda, 0xd6, 0xff,
    0x7c, 0xe7, 0xff, 0xbd, 0xef, 0xff, 0x9d, 0xef, 0xff, 0x9d, 0xef, 0xff, 0x9d, 0xef, 0xff, 0x9d, 0xef, 0xff, 0x9d, 0xef, 0xff, 0x9d, 0xef, 0xff,
    0x9d, 0xef, 0xff, 0x9d, 0xef, 0xff, 0xbd, 0xef, 0xfd, 0xbd, 0xef, 0xf7, 0xbd, 0xef, 0xdc, 0xbd, 0xef, 0xbe, 0xbd, 0xef, 0x3b, 0xbd, 0xef, 0x0a,
    0x9d, 0xef, 0x02, 0x00, 0x00, 0x00, 0x00, 0x00, 0x00, 0x00, 0x00, 0x00, 0x00, 0x00, 0x00, 0x00, 0x00, 0x00, 0x00, 0x00, 0x00, 0x00, 0x00, 0x00,
    0x00, 0x00, 0x00, 0xbc, 0xe7, 0x09, 0xbc, 0xe7, 0x3c, 0x7c, 0xe7, 0xc3, 0x7c, 0xe7, 0xf6, 0xfd, 0xef, 0xff, 0xb4, 0xc5, 0xff, 0xd0, 0xbc, 0xff,
    0xf1, 0xbc, 0xff, 0xd0, 0xb4, 0xff, 0xb0, 0xac, 0xff, 0xb0, 0xac, 0xff, 0xb0, 0xac, 0xff, 0xb0, 0xac, 0xff, 0xd1, 0xb4, 0xff, 0x52, 0xc5, 0xff,
    0xd0, 0xbc, 0xff, 0x12, 0xbd, 0xff, 0x58, 0xd6, 0xff, 0x1b, 0xe7, 0xff, 0xb4, 0xc5, 0xff, 0x93, 0xcd, 0xff, 0x16, 0xde, 0xff, 0x56, 0xe6, 0xff,
    0x77, 0xe6, 0xff, 0x77, 0xe6, 0xff, 0x77, 0xe6, 0xff, 0x15, 0xde, 0xff, 0x58, 0xd6, 0xff, 0x9d, 0xef, 0xff, 0xbf, 0xff, 0xff, 0x7d, 0xef, 0xff,
    0x3c, 0xe7, 0xff, 0xff, 0xff, 0xff, 0x5c, 0xe7, 0xff, 0xda, 0xd6, 0xff, 0x3b, 0xdf, 0xff, 0xbd, 0xef, 0xff, 0x9d, 0xef, 0xff, 0x9d, 0xef, 0xff,
    0x9d, 0xef, 0xff, 0x9d, 0xef, 0xff, 0xbd, 0xef, 0xff, 0xbd, 0xef, 0xff, 0xbd, 0xef, 0xff, 0xbd, 0xef, 0xff, 0xbd, 0xef, 0xff, 0x9d, 0xef, 0xfd,
    0x9d, 0xef, 0xf5, 0x9d, 0xef, 0xc4, 0xbd, 0xef, 0x41, 0x9d, 0xef, 0x23, 0x9d, 0xef, 0x08, 0x00, 0x00, 0x00, 0x00, 0x00, 0x00, 0x00, 0x00, 0x00,
    0x00, 0x00, 0x00, 0x00, 0x00, 0x00, 0x00, 0x00, 0x00, 0xbc, 0xe7, 0x0b, 0xbc, 0xe7, 0x3c, 0xbc, 0xe7, 0xc3, 0xbc, 0xe7, 0xf6, 0x9d, 0xef, 0xff,
    0xfd, 0xef, 0xff, 0xb5, 0xc5, 0xff, 0xf1, 0xbc, 0xff, 0x52, 0xbd, 0xff, 0x52, 0xc5, 0xff, 0x73, 0xcd, 0xff, 0xb4, 0xd5, 0xff, 0xd4, 0xd5, 0xff,
    0x15, 0xde, 0xff, 0x36, 0xe6, 0xff, 0xb4, 0xd5, 0xff, 0x58, 0xd6, 0xff, 0xbf, 0xff, 0xff, 0xff, 0xff, 0xff, 0xff, 0xff, 0xff, 0x9d, 0xef, 0xff,
    0x37, 0xd6, 0xff, 0xf5, 0xd5, 0xff, 0x36, 0xde, 0xff, 0x36, 0xe6, 0xff, 0x36, 0xe6, 0xff, 0xf5, 0xdd, 0xff, 0xb9, 0xde, 0xff, 0xff, 0xff, 0xff,
    0x9d, 0xef, 0xff, 0x7d, 0xef, 0xff, 0xbf, 0xff, 0xff, 0x5c, 0xe7, 0xff, 0x7d, 0xef, 0xff, 0x5c, 0xe7, 0xff, 0x9d, 0xef, 0xff, 0xfb, 0xde, 0xff,
    0xfb, 0xde, 0xff, 0x7c, 0xe7, 0xff, 0xbd, 0xef, 0xff, 0xbd, 0xef, 0xff, 0xbd, 0xef, 0xff, 0xbd, 0xef, 0xff, 0xbd, 0xef, 0xff, 0x9d, 0xef, 0xff,
    0x9d, 0xef, 0xff, 0x9d, 0xef, 0xff, 0x9d, 0xef, 0xff, 0x9d, 0xef, 0xff, 0x9d, 0xef, 0xf7, 0x9d, 0xef, 0xdc, 0x9d, 0xef, 0xbe, 0x9d, 0xef, 0x3b,
    0x9d, 0xef, 0x0a, 0x9d, 0xef, 0x02, 0x00, 0x00, 0x00, 0x00, 0x00, 0x00, 0x00, 0x00, 0x00, 0x00, 0x00, 0x00, 0xbc, 0xe7, 0x44, 0xbc, 0xe7, 0xc4,
    0x9d, 0xef, 0xf6, 0xbd, 0xef, 0xff, 0x5b, 0xdf, 0xff, 0x37, 0xbe, 0xff, 0x53, 0xb5, 0xff, 0x73, 0xcd, 0xff, 0xb4, 0xcd, 0xff, 0x36, 0xde, 0xff,
    0x98, 0xee, 0xff, 0xb8, 0xee, 0xff, 0xb7, 0xee, 0xff, 0x97, 0xee, 0xff, 0x15, 0xe6, 0xff, 0x16, 0xd6, 0xff, 0xff, 0xff, 0xff, 0xff, 0xff, 0xff,
    0xbf, 0xff, 0xff, 0xff, 0xff, 0xff, 0xff, 0xff, 0xff, 0x5c, 0xe7, 0xff, 0x98, 0xd6, 0xff, 0xd4, 0xd5, 0xff, 0x15, 0xde, 0xff, 0x57, 0xde, 0xff,
    0x1b, 0xe7, 0xff, 0xbd, 0xef, 0xff, 0x9d, 0xef, 0xff, 0x9d, 0xef, 0xff, 0x7d, 0xef, 0xff, 0x7d, 0xef, 0xff, 0xbf, 0xff, 0xff, 0xbf, 0xff, 0xff,
    0x9d, 0xef, 0xff, 0x7d, 0xef, 0xff, 0x7c, 0xe7, 0xff, 0x5c, 0xe7, 0xff, 0x1b, 0xdf, 0xff, 0x5c, 0xe7, 0xff, 0x9d, 0xef, 0xff, 0xbd, 0xef, 0xff,
    0xbd, 0xef, 0xff, 0x9d, 0xef, 0xff, 0x9d, 0xef, 0xff, 0x9d, 0xef, 0xff, 0x9d, 0xef, 0xff, 0x9d, 0xef, 0xff, 0x9d, 0xef, 0xff, 0x9d, 0xef, 0xff,
    0x9d, 0xef, 0xfd, 0x9d, 0xef, 0xf5, 0x9d, 0xef, 0xc4, 0x9d, 0xef, 0x41, 0x9d, 0xef, 0x23, 0x9d, 0xef, 0x08, 0x00, 0x00, 0x00, 0x00, 0x00, 0x00,
    0x00, 0x00, 0x00, 0xbc, 0xe7, 0xde, 0x9d, 0xef, 0xf7, 0x9d, 0xef, 0xff, 0x9d, 0xef, 0xff, 0xb9, 0xce, 0xff, 0x78, 0xc6, 0xff, 0x90, 0x9c, 0xff,
    0xd4, 0xd5, 0xff, 0x15, 0xd6, 0xff, 0xb8, 0xe6, 0xff, 0xd9, 0xee, 0xff, 0xb8, 0xee, 0xff, 0x77, 0xe6, 0xff, 0x56, 0xe6, 0xff, 0xd4, 0xdd, 0xff,
    0x17, 0xd6, 0xff, 0xbf, 0xff, 0xff, 0x9d, 0xef, 0xff, 0xbf, 0xff, 0xff, 0xbf, 0xff, 0xff, 0x9d, 0xef, 0xff, 0x1b, 0xdf, 0xff, 0xfa, 0xd6, 0xff,
    0xfb, 0xde, 0xff, 0x5c, 0xe7, 0xff, 0xbf, 0xff, 0xff, 0xbd, 0xef, 0xff, 0x9d, 0xef, 0xff, 0x9d, 0xef, 0xff, 0x7d, 0xef, 0xff, 0x9d, 0xef, 0xff,
    0xbf, 0xff, 0xff, 0x9d, 0xef, 0xff, 0x9d, 0xef, 0xff, 0xbf, 0xff, 0xff, 0xbf, 0xff, 0xff, 0xbf, 0xff, 0xff, 0x7d, 0xef, 0xff, 0x7d, 0xef, 0xff,
    0x3c, 0xe7, 0xff, 0x3c, 0xe7, 0xff, 0x7c, 0xe7, 0xff, 0x9d, 0xef, 0xff, 0x9d, 0xef, 0xff, 0x9d, 0xef, 0xff, 0x9d, 0xef, 0xff, 0x9d, 0xef, 0xff,
    0x9d, 0xef, 0xff, 0x9d, 0xef, 0xff, 0x9c, 0xe7, 0xff, 0x9d, 0xef, 0xff, 0x9d, 0xef, 0xff, 0x9d, 0xef, 0xf7, 0x9d, 0xef, 0xdc, 0x9d, 0xef, 0xbe,
    0x9d, 0xef, 0x3b, 0xbc, 0xe7, 0x0a, 0x9d, 0xef, 0x02, 0x00, 0x00, 0x00, 0xbc, 0xe7, 0xfd, 0x9d, 0xef, 0xff, 0xbd, 0xef, 0xff, 0x5c, 0xe7, 0xff,
    0x99, 0xce, 0xff, 0x7c, 0xe7, 0xff, 0x53, 0xad, 0xff, 0xb4, 0xd5, 0xff, 0x16, 0xd6, 0xff, 0x77, 0xe6, 0xff, 0xd9, 0xee, 0xff, 0xb8, 0xee, 0xff,
    0x97, 0xee, 0xff, 0x97, 0xee, 0xff, 0x36, 0xde, 0xff, 0x58, 0xd6, 0xff, 0x9d, 0xef, 0xff, 0x7d, 0xef, 0xff, 0x9d, 0xef, 0xff, 0x9d, 0xef, 0xff,
    0x7d, 0xef, 0xff, 0xbf, 0xff, 0xff, 0x3b, 0xdf, 0xff, 0xfa, 0xd6, 0xff, 0x1b, 0xdf, 0xff, 0x7d, 0xef, 0xff, 0x7d, 0xef, 0xff, 0x5c, 0xe7, 0xff,
    0x7c, 0xe7, 0xff, 0x9d, 0xef, 0xff, 0x9f, 0xff, 0xff, 0xbf, 0xff, 0xff, 0xff, 0xff, 0xff, 0xff, 0xff, 0xff, 0xbf, 0xff, 0xff, 0xbf, 0xff, 0xff,
    0xbf, 0xff, 0xff, 0xbf, 0xff, 0xff, 0xbf, 0xff, 0xff, 0xbf, 0xff, 0xff, 0x7d, 0xef, 0xff, 0x5c, 0xe7, 0xff, 0x5c, 0xe7, 0xff, 0x9c, 0xe7, 0xff,
    0x9c, 0xe7, 0xff, 0x9c, 0xe7, 0xff, 0xbc, 0xe7, 0xff, 0xbc, 0xe7, 0xff, 0xbc, 0xe7, 0xff, 0x9c, 0xe7, 0xff, 0xbc, 0xe7, 0xff, 0xbc, 0xe7, 0xff,
    0xbc, 0xe7, 0xff, 0x9d, 0xef, 0xfd, 0x9d, 0xef, 0xf5, 0x9d, 0xef, 0xc4, 0xbc, 0xe7, 0x41, 0x9d, 0xef, 0x23, 0x9d, 0xef, 0x08, 0x9d, 0xef, 0xff,
    0x9d, 0xef, 0xff, 0xbd, 0xef, 0xff, 0x1b, 0xdf, 0xff, 0xba, 0xd6, 0xff, 0x5c, 0xe7, 0xff, 0x95, 0xbd, 0xff, 0x52, 0xc5, 0xff, 0x36, 0xde, 0xff,
    0x56, 0xe6, 0xff, 0xb8, 0xee, 0xff, 0x97, 0xee, 0xff, 0x56, 0xe6, 0xff, 0x98, 0xe6, 0xff, 0x5c, 0xef, 0xff, 0xbd, 0xef, 0xff, 0xbf, 0xff, 0xff,
    0x9d, 0xef, 0xff, 0x3c, 0xe7, 0xff, 0xff, 0xff, 0xff, 0xbd, 0xff, 0xff, 0x9d, 0xef, 0xff, 0x7d, 0xef, 0xff, 0x5c, 0xe7, 0xff, 0xfa, 0xd6, 0xff,
    0xfa, 0xd6, 0xff, 0x1b, 0xdf, 0xff, 0x5c, 0xe7, 0xff, 0x9d, 0xef, 0xff, 0x9d, 0xef, 0xff, 0x9d, 0xef, 0xff, 0xbf, 0xff, 0xff, 0xbf, 0xff, 0xff,
    0x9d, 0xef, 0xff, 0xbf, 0xff, 0xff, 0xff, 0xff, 0xff, 0xbf, 0xff, 0xff, 0x9d, 0xef, 0xff, 0xbf, 0xff, 0xff, 0xbf, 0xff, 0xff, 0xbf, 0xff, 0xff,
    0xff, 0xff, 0xff, 0xbf, 0xff, 0xff, 0xbf, 0xff, 0xff, 0x9d, 0xef, 0xff, 0x7c, 0xe7, 0xff, 0x7c, 0xe7, 0xff, 0x7c, 0xe7, 0xff, 0x7c, 0xe7, 0xff,
    0x7c, 0xe7, 0xff, 0x9c, 0xe7, 0xff, 0xbc, 0xe7, 0xff, 0xbc, 0xe7, 0xff, 0x9d, 0xef, 0xff, 0x9d, 0xef, 0xff, 0x9d, 0xef, 0xf7, 0x9d, 0xef, 0xdc,
    0x9d, 0xef, 0xbe, 0xbc, 0xe7, 0x43, 0xbd, 0xef, 0xff, 0x7c, 0xe7, 0xff, 0xbd, 0xef, 0xff, 0x98, 0xc6, 0xff, 0x58, 0xc6, 0xff, 0xfb, 0xde, 0xff,
    0x1b, 0xdf, 0xff, 0x53, 0xc5, 0xff, 0x93, 0xcd, 0xff, 0xd4, 0xd5, 0xff, 0x15, 0xde, 0xff, 0x56, 0xde, 0xff, 0xfa, 0xe6, 0xff, 0xbf, 0xff, 0xff,
    0xff, 0xff, 0xff, 0xbf, 0xff, 0xff, 0x9d, 0xef, 0xff, 0xbd, 0xff, 0xff, 0x9d, 0xef, 0xff, 0x7d, 0xef, 0xff, 0x9d, 0xef, 0xff, 0xbf, 0xff, 0xff,
    0x9d, 0xef, 0xff, 0xbf, 0xff, 0xff, 0x5c, 0xe7, 0xff, 0x1b, 0xdf, 0xff, 0x1b, 0xdf, 0xff, 0x5c, 0xe7, 0xff, 0x7d, 0xef, 0xff, 0x7d, 0xef, 0xff,
    0x9d, 0xef, 0xff, 0x9d, 0xef, 0xff, 0x7d, 0xef, 0xff, 0xbf, 0xff, 0xff, 0xff, 0xff, 0xff, 0xff, 0xff, 0xff, 0xff, 0xff, 0xff, 0xff, 0xff, 0xff,
    0xff, 0xff, 0xff, 0xbf, 0xff, 0xff, 0x9f, 0xff, 0xff, 0xbf, 0xff, 0xff, 0x9d, 0xff, 0xff, 0xff, 0xff, 0xff, 0xff, 0xff, 0xff, 0xff, 0xff, 0xff,
    0xff, 0xff, 0xff, 0xbf, 0xff, 0xff, 0xbd, 0xef, 0xff, 0x9d, 0xef, 0xff, 0x7c, 0xe7, 0xff, 0x7c, 0xe7, 0xff, 0x9d, 0xef, 0xff, 0x9d, 0xef, 0xff,
    0x9d, 0xef, 0xff, 0x9d, 0xef, 0xff, 0x9d, 0xef, 0xfd, 0x9d, 0xef, 0xf7, 0x9d, 0xef, 0xde, 0x5a, 0xd7, 0xff, 0xbc, 0xe7, 0xff, 0x7c, 0xe7, 0xff,
    0x17, 0xbe, 0xff, 0x38, 0xc6, 0xff, 0x1b, 0xdf, 0xff, 0x3b, 0xdf, 0xff, 0x5c, 0xe7, 0xff, 0xda, 0xde, 0xff, 0xb9, 0xde, 0xff, 0x1b, 0xe7, 0xff,
    0x9d, 0xef, 0xff, 0xff, 0xff, 0xff, 0xff, 0xff, 0xff, 0xff, 0xff, 0xff, 0xff, 0xff, 0xff, 0xbf, 0xff, 0xff, 0x7d, 0xef, 0xff, 0xff, 0xff, 0xff,
    0x9d, 0xef, 0xff, 0xbf, 0xff, 0xff, 0x9d, 0xef, 0xff, 0x9d, 0xef, 0xff, 0x7d, 0xef, 0xff, 0x9d, 0xef, 0xff, 0x7d, 0xef, 0xff, 0x1b, 0xdf, 0xff,
    0xfb, 0xde, 0xff, 0x1b, 0xdf, 0xff, 0x5c, 0xe7, 0xff, 0x5c, 0xe7, 0xff, 0x5c, 0xe7, 0xff, 0xbf, 0xff, 0xff, 0xbf, 0xff, 0xff, 0xff, 0xff, 0xff,
    0xff, 0xff, 0xff, 0xff, 0xff, 0xff, 0x9d, 0xef, 0xff, 0xff, 0xff, 0xff, 0xff, 0xff, 0xff, 0xff, 0xff, 0xff, 0xff, 0xff, 0xff, 0xbf, 0xff, 0xff,
    0xbf, 0xff, 0xff, 0xff, 0xff, 0xff, 0xff, 0xff, 0xff, 0xff, 0xff, 0xff, 0xff, 0xff, 0xff, 0xff, 0xff, 0xff, 0xff, 0xff, 0xff, 0xff, 0xff, 0xff,
    0x9d, 0xef, 0xff, 0x7c, 0xe7, 0xff, 0x9d, 0xef, 0xff, 0x9d, 0xef, 0xff, 0x9d, 0xef, 0xff, 0x9d, 0xef, 0xff, 0x9d, 0xef, 0xff, 0x9d, 0xef, 0xfd,
    0xd7, 0x9e, 0xff, 0xbd, 0xef, 0xff, 0x5b, 0xdf, 0xff, 0x37, 0xbe, 0xff, 0x78, 0xc6, 0xff, 0xda, 0xd6, 0xff, 0x1b, 0xdf, 0xff, 0x3c, 0xe7, 0xff,
    0x7d, 0xef, 0xff, 0x9d, 0xef, 0xff, 0xbd, 0xef, 0xff, 0xbf, 0xff, 0xff, 0xbf, 0xff, 0xff, 0xbf, 0xff, 0xff, 0xbf, 0xff, 0xff, 0xbf, 0xff, 0xff,
    0xff, 0xff, 0xff, 0xff, 0xff, 0xff, 0xbd, 0xef, 0xff, 0xbf, 0xff, 0xff, 0xff, 0xff, 0xff, 0x5c, 0xe7, 0xff, 0xbf, 0xff, 0xff, 0xbf, 0xff, 0xff,
    0xbd, 0xff, 0xff, 0x9d, 0xef, 0xff, 0x9d, 0xef, 0xff, 0x3c, 0xe7, 0xff, 0xfb, 0xde, 0xff, 0xfb, 0xde, 0xff, 0xfb, 0xde, 0xff, 0x5c, 0xe7, 0xff,
    0x7d, 0xef, 0xff, 0x7d, 0xef, 0xff, 0x9d, 0xef, 0xff, 0xbf, 0xff, 0xff, 0x7d, 0xef, 0xff, 0xbf, 0xff, 0xff, 0xbf, 0xff, 0xff, 0xbf, 0xff, 0xff,
    0xff, 0xff, 0xff, 0xff, 0xff, 0xff, 0xff, 0xff, 0xff, 0xbf, 0xff, 0xff, 0xbf, 0xff, 0xff, 0xff, 0xff, 0xff, 0xff, 0xff, 0xff, 0xff, 0xff, 0xff,
    0xff, 0xff, 0xff, 0xff, 0xff, 0xff, 0xff, 0xff, 0xff, 0xff, 0xff, 0xff, 0x5c, 0xe7, 0xff, 0xbc, 0xe7, 0xff, 0xbc, 0xe7, 0xff, 0xbc, 0xe7, 0xff,
    0x9d, 0xef, 0xff, 0x9d, 0xef, 0xff, 0x9d, 0xef, 0xff, 0x96, 0x9e, 0xff, 0xfd, 0xef, 0xff, 0x1b, 0xdf, 0xff, 0x58, 0xc6, 0xff, 0xfa, 0xd6, 0xff,
    0xda, 0xd6, 0xff, 0xda, 0xd6, 0xff, 0x1b, 0xdf, 0xff, 0x3c, 0xe7, 0xff, 0x5c, 0xe7, 0xff, 0x7d, 0xef, 0xff, 0x7d, 0xef, 0xff, 0x9d, 0xef, 0xff,
    0xbf, 0xff, 0xff, 0xff, 0xff, 0xff, 0xff, 0xff, 0xff, 0xff, 0xff, 0xff, 0xff, 0xff, 0xff, 0xff, 0xff, 0xff, 0xbf, 0xff, 0xff, 0x9d, 0xef, 0xff,
    0xff, 0xff, 0xff, 0xbf, 0xff, 0xff, 0x7c, 0xe7, 0xff, 0xff, 0xff, 0xff, 0xff, 0xff, 0xff, 0xff, 0xff, 0xff, 0xbf, 0xff, 0xff, 0x7d, 0xef, 0xff,
    0x7d, 0xef, 0xff, 0xfb, 0xde, 0xff, 0xda, 0xd6, 0xff, 0xfb, 0xde, 0xff, 0x1b, 0xdf, 0xff, 0x3c, 0xe7, 0xff, 0x3b, 0xdf, 0xff, 0x7d, 0xef, 0xff,
    0x9d, 0xef, 0xff, 0x9d, 0xef, 0xff, 0xbd, 0xef, 0xff, 0xbf, 0xff, 0xff, 0xbf, 0xff, 0xff, 0xff, 0xff, 0xff, 0xbf, 0xff, 0xff, 0xbf, 0xff, 0xff,
    0xff, 0xff, 0xff, 0xff, 0xff, 0xff, 0xff, 0xff, 0xff, 0xff, 0xff, 0xff, 0xff, 0xff, 0xff, 0xbf, 0xff, 0xff, 0x9d, 0xff, 0xff, 0x5c, 0xe7, 0xff,
    0x7c, 0xe7, 0xff, 0xbc, 0xe7, 0xff, 0xbc, 0xe7, 0xff, 0x9d, 0xef, 0xff, 0x9d, 0xef, 0xff, 0x7c, 0xe7, 0xff, 0x7a, 0xd7, 0xff, 0x9d, 0xef, 0xff,
    0x1b, 0xdf, 0xff, 0x99, 0xce, 0xff, 0x1b, 0xdf, 0xff, 0x5c, 0xe7, 0xff, 0x1b, 0xdf, 0xff, 0xfb, 0xde, 0xff, 0x3c, 0xe7, 0xff, 0x5c, 0xe7, 0xff,
    0x7d, 0xef, 0xff, 0x9d, 0xef, 0xff, 0xbf, 0xff, 0xff, 0xbf, 0xff, 0xff, 0xbf, 0xff, 0xff, 0xff, 0xff, 0xff, 0xff, 0xff, 0xff, 0xff, 0xff, 0xff,
    0xff, 0xff, 0xff, 0xff, 0xff, 0xff, 0xff, 0xff, 0xff, 0xbf, 0xff, 0xff, 0xbf, 0xff, 0xff, 0xff, 0xff, 0xff, 0x9d, 0xef, 0xff, 0x7d, 0xef, 0xff,
    0xff, 0xff, 0xff, 0xbf, 0xff, 0xff, 0xff, 0xff, 0xff, 0x9d, 0xef, 0xff, 0x3c, 0xe7, 0xff, 0x1b, 0xdf, 0xff, 0x58, 0xc6, 0xff, 0x99, 0xce, 0xff,
    0x99, 0xce, 0xff, 0x99, 0xce, 0xff, 0xfa, 0xd6, 0xff, 0x1b, 0xdf, 0xff, 0x3b, 0xdf, 0xff, 0x5c, 0xe7, 0xff, 0x7c, 0xe7, 0xff, 0x7d, 0xef, 0xff,
    0x9d, 0xef, 0xff, 0x7d, 0xef, 0xff, 0x5c, 0xe7, 0xff, 0x9d, 0xef, 0xff, 0x9d, 0xef, 0xff, 0x9d, 0xef, 0xff, 0x9d, 0xef, 0xff, 0x7d, 0xef, 0xff,
    0x7d, 0xef, 0xff, 0x7d, 0xef, 0xff, 0x3c, 0xe7, 0xff, 0x3b, 0xdf, 0xff, 0xbc, 0xe7, 0xff, 0x7c, 0xe7, 0xff, 0x7c, 0xe7, 0xff, 0x7c, 0xe7, 0xff,
    0x7c, 0xe7, 0xff, 0x9c, 0xe7, 0xff, 0xbc, 0xdf, 0xff, 0xfa, 0xd6, 0xff, 0x99, 0xce, 0xff, 0x1b, 0xdf, 0xff, 0x3c, 0xe7, 0xff, 0x5c, 0xe7, 0xff,
    0x3c, 0xe7, 0xff, 0x7d, 0xef, 0xff, 0x9d, 0xef, 0xff, 0x9d, 0xef, 0xff, 0xbf, 0xff, 0xff, 0xbf, 0xff, 0xff, 0xbf, 0xff, 0xff, 0xbf, 0xff, 0xff,
    0xff, 0xff, 0xff, 0xff, 0xff, 0xff, 0xbf, 0xff, 0xff, 0xbf, 0xff, 0xff, 0xbf, 0xff, 0xff, 0xbf, 0xff, 0xff, 0xff, 0xff, 0xff, 0xff, 0xff, 0xff,
    0xbf, 0xff, 0xff, 0xbf, 0xff, 0xff, 0xbf, 0xff, 0xff, 0xbf, 0xff, 0xff, 0x7d, 0xef, 0xff, 0xbf, 0xff, 0xff, 0xbf, 0xff, 0xff, 0xbf, 0xff, 0xff,
    0x9d, 0xef, 0xff, 0xfb, 0xde, 0xff, 0xb9, 0xce, 0xff, 0x99, 0xce, 0xff, 0xb9, 0xce, 0xff, 0xda, 0xd6, 0xff, 0xfb, 0xde, 0xff, 0x1b, 0xdf, 0xff,
    0x3b, 0xdf, 0xff, 0x3c, 0xe7, 0xff, 0x5c, 0xe7, 0xff, 0x5c, 0xe7, 0xff, 0x5c, 0xe7, 0xff, 0x5c, 0xe7, 0xff, 0x7d, 0xef, 0xff, 0x5d, 0xef, 0xff,
    0x5c, 0xe7, 0xff, 0x7c, 0xe7, 0xff, 0x7c, 0xe7, 0xff, 0x5c, 0xe7, 0xff, 0x5c, 0xe7, 0xff, 0x5c, 0xe7, 0xff, 0x3b, 0xdf, 0xff, 0xbc, 0xe7, 0xff,
    0x7c, 0xe7, 0xff, 0x7c, 0xe7, 0xff, 0x7c, 0xe7, 0xff, 0x7c, 0xe7, 0xff, 0x3a, 0xcf, 0xff, 0x7a, 0xd7, 0xff, 0xd9, 0xce, 0xff, 0x79, 0xce, 0xff,
    0xfa, 0xd6, 0xff, 0x3b, 0xdf, 0xff, 0x5c, 0xe7, 0xff, 0x5c, 0xe7, 0xff, 0x3c, 0xe7, 0xff, 0x7d, 0xef, 0xff, 0x7d, 0xef, 0xff, 0x9d, 0xef, 0xff,
    0xbf, 0xff, 0xff, 0xbf, 0xff, 0xff, 0xbf, 0xff, 0xff, 0x9d, 0xff, 0xff, 0xbf, 0xff, 0xff, 0xbf, 0xff, 0xff, 0xff, 0xff, 0xff, 0xff, 0xff, 0xff,
    0xbf, 0xff, 0xff, 0xbf, 0xff, 0xff, 0xff, 0xff, 0xff, 0xff, 0xff, 0xff, 0xbf, 0xff, 0xff, 0xbf, 0xff, 0xff, 0xbf, 0xff, 0xff, 0xbd, 0xef, 0xff,
    0xff, 0xff, 0xff, 0xbf, 0xff, 0xff, 0xbf, 0xff, 0xff, 0xff, 0xff, 0xff, 0xff, 0xff, 0xff, 0x9d, 0xef, 0xff, 0x5c, 0xe7, 0xff, 0xfa, 0xd6, 0xff,
    0xba, 0xd6, 0xff, 0xba, 0xd6, 0xff, 0xfb, 0xde, 0xff, 0x3b, 0xdf, 0xff, 0x3c, 0xe7, 0xff, 0x5c, 0xe7, 0xff, 0x5c, 0xe7, 0xff, 0x5c, 0xe7, 0xff,
    0x7d, 0xef, 0xff, 0x7d, 0xef, 0xff, 0x7c, 0xe7, 0xff, 0x5c, 0xe7, 0xff, 0x5c, 0xe7, 0xff, 0x5c, 0xe7, 0xff, 0x7d, 0xef, 0xff, 0x9d, 0xef, 0xff,
    0x3c, 0xe7, 0xff, 0x1b, 0xdf, 0xff, 0x9c, 0xe7, 0xff, 0x7c, 0xe7, 0xff, 0x7c, 0xe7, 0xff, 0x7c, 0xe7, 0xff, 0x7b, 0xdf, 0xff, 0x18, 0xc7, 0xff,
    0x18, 0xc7, 0xff, 0x57, 0xbe, 0xff, 0x58, 0xc6, 0xff, 0xda, 0xd6, 0xff, 0x1b, 0xdf, 0xff, 0x3c, 0xe7, 0xff, 0x5c, 0xe7, 0xff, 0x3c, 0xe7, 0xff,
    0x5c, 0xe7, 0xff, 0x7d, 0xef, 0xff, 0x9d, 0xef, 0xff, 0x9d, 0xef, 0xff, 0xbf, 0xff, 0xff, 0x7d, 0xef, 0xff, 0x9d, 0xff, 0xff, 0xff, 0xff, 0xff,
    0xff, 0xff, 0xff, 0xff, 0xff, 0xff, 0xff, 0xff, 0xff, 0xff, 0xff, 0xff, 0xff, 0xff, 0xff, 0xff, 0xff, 0xff, 0xff, 0xff, 0xff, 0xff, 0xff, 0xff,
    0xff, 0xff, 0xff, 0xbf, 0xff, 0xff, 0xbf, 0xff, 0xff, 0xbf, 0xff, 0xff, 0xbf, 0xff, 0xff, 0xff, 0xff, 0xff, 0xbf, 0xff, 0xff, 0xbf, 0xff, 0xff,
    0xbf, 0xff, 0xff, 0xff, 0xff, 0xff, 0xbf, 0xff, 0xff, 0x9d, 0xef, 0xff, 0x5c, 0xe7, 0xff, 0x3c, 0xe7, 0xff, 0x1b, 0xdf, 0xff, 0x5c, 0xe7, 0xff,
    0x7d, 0xef, 0xff, 0x7d, 0xef, 0xff, 0x7d, 0xef, 0xff, 0x7d, 0xef, 0xff, 0x7d, 0xef, 0xff, 0x9d, 0xef, 0xff, 0x9d, 0xff, 0xff, 0x9d, 0xff, 0xff,
    0x9d, 0xff, 0xff, 0x5c, 0xe7, 0xff, 0x99, 0xce, 0xff, 0x56, 0xb6, 0xff, 0x5a, 0xd7, 0xff, 0x5b, 0xdf, 0xff, 0x5b, 0xdf, 0xff, 0x5b, 0xdf, 0xff,
    0x5b, 0xdf, 0xfd, 0x5b, 0xdf, 0xfc, 0xf8, 0xc6, 0xff, 0xd7, 0xbe, 0xff, 0x37, 0xbe, 0xff, 0x17, 0xbe, 0xff, 0x78, 0xc6, 0xff, 0xb9, 0xce, 0xff,
    0xda, 0xd6, 0xff, 0x3c, 0xe7, 0xff, 0x3c, 0xe7, 0xff, 0x3b, 0xdf, 0xff, 0x5c, 0xe7, 0xff, 0x5c, 0xe7, 0xff, 0x7d, 0xef, 0xff, 0x5c, 0xe7, 0xff,
    0x5c, 0xe7, 0xff, 0x9d, 0xef, 0xff, 0x9d, 0xef, 0xff, 0xbf, 0xff, 0xff, 0xbf, 0xff, 0xff, 0xff, 0xff, 0xff, 0xbf, 0xff, 0xff, 0xff, 0xff, 0xff,
    0xff, 0xff, 0xff, 0xff, 0xff, 0xff, 0xff, 0xff, 0xff, 0xff, 0xff, 0xff, 0xff, 0xff, 0xff, 0xff, 0xff, 0xff, 0xbf, 0xff, 0xff, 0xff, 0xff, 0xff,
    0xff, 0xff, 0xff, 0xff, 0xff, 0xff, 0xff, 0xff, 0xff, 0xbf, 0xff, 0xff, 0xbf, 0xff, 0xff, 0xff, 0xff, 0xff, 0xff, 0xff, 0xff, 0xff, 0xff, 0xff,
    0xff, 0xff, 0xff, 0xbf, 0xff, 0xff, 0x5c, 0xe7, 0xff, 0x5c, 0xe7, 0xff, 0x9d, 0xef, 0xff, 0x7d, 0xef, 0xff, 0x5c, 0xe7, 0xff, 0x1b, 0xdf, 0xff,
    0xfa, 0xd6, 0xff, 0x99, 0xce, 0xff, 0xf6, 0xad, 0xff, 0x54, 0x8d, 0xff, 0xb1, 0x65, 0xff, 0x32, 0x6e, 0xff, 0x96, 0xa6, 0xff, 0x3a, 0xcf, 0xff,
    0x7a, 0xd7, 0xff, 0x7a, 0xd7, 0xfd, 0x5b, 0xdf, 0xf7, 0x5b, 0xdf, 0xde, 0x5b, 0xdf, 0xda, 0xf7, 0xbe, 0xff, 0xd8, 0xae, 0xff, 0x37, 0xbe, 0xff,
    0x99, 0xce, 0xff, 0xba, 0xd6, 0xff, 0xda, 0xd6, 0xff, 0xda, 0xd6, 0xff, 0xfb, 0xde, 0xff, 0x1b, 0xdf, 0xff, 0xba, 0xd6, 0xff, 0xfa, 0xd6, 0xff,
    0xda, 0xd6, 0xff, 0xba, 0xd6, 0xff, 0x99, 0xce, 0xff, 0xfb, 0xde, 0xff, 0x1b, 0xdf, 0xff, 0x5c, 0xe7, 0xff, 0x7d, 0xef, 0xff, 0xbf, 0xff, 0xff,
    0x9d, 0xef, 0xff, 0xff, 0xff, 0xff, 0xff, 0xff, 0xff, 0xff, 0xff, 0xff, 0xff, 0xff, 0xff, 0xff, 0xff, 0xff, 0xff, 0xff, 0xff, 0xff, 0xff, 0xff,
    0xff, 0xff, 0xff, 0xbf, 0xff, 0xff, 0xff, 0xff, 0xff, 0xff, 0xff, 0xff, 0xff, 0xff, 0xff, 0xff, 0xff, 0xff, 0xff, 0xff, 0xff, 0xff, 0xff, 0xff,
    0xff, 0xff, 0xff, 0xff, 0xff, 0xff, 0xff, 0xff, 0xff, 0xff, 0xff, 0xff, 0xbf, 0xff, 0xff, 0xff, 0xff, 0xff, 0x78, 0xc6, 0xff, 0x95, 0xad, 0xff,
    0xb5, 0xad, 0xff, 0xd4, 0xa5, 0xff, 0xd4, 0xa5, 0xff, 0xd4, 0xa5, 0xff, 0xd4, 0xa5, 0xff, 0x35, 0xae, 0xff, 0xd8, 0xbe, 0xff, 0x5a, 0xd7, 0xff,
    0x9c, 0xe7, 0xff, 0xbc, 0xe7, 0xff, 0x9c, 0xe7, 0xfd, 0x7c, 0xe7, 0xf7, 0x7b, 0xdf, 0xdc, 0x7b, 0xdf, 0xbe, 0x7b, 0xdf, 0x41, 0x7b, 0xdf, 0x28,
    0xd7, 0xb6, 0xfd, 0xd8, 0xae, 0xff, 0x17, 0xbe, 0xff, 0x58, 0xc6, 0xff, 0xba, 0xd6, 0xff, 0xfa, 0xd6, 0xff, 0x1b, 0xdf, 0xff, 0x3c, 0xe7, 0xff,
    0x5c, 0xe7, 0xff, 0x5c, 0xe7, 0xff, 0x3c, 0xe7, 0xff, 0x1b, 0xdf, 0xff, 0xda, 0xd6, 0xff, 0x79, 0xce, 0xff, 0x78, 0xc6, 0xff, 0x58, 0xc6, 0xff,
    0x99, 0xce, 0xff, 0xda, 0xd6, 0xff, 0xfb, 0xde, 0xff, 0x5d, 0xef, 0xff, 0xbf, 0xff, 0xff, 0xff, 0xff, 0xff, 0xff, 0xff, 0xff, 0xff, 0xff, 0xff,
    0xff, 0xff, 0xff, 0xff, 0xff, 0xff, 0xff, 0xff, 0xff, 0xff, 0xff, 0xff, 0xbf, 0xff, 0xff, 0xff, 0xff, 0xff, 0xff, 0xff, 0xff, 0xff, 0xff, 0xff,
    0xff, 0xff, 0xff, 0xff, 0xff, 0xff, 0xff, 0xff, 0xff, 0xff, 0xff, 0xff, 0xff, 0xff, 0xff, 0xff, 0xff, 0xff, 0xff, 0xff, 0xff, 0xff, 0xff, 0xfd,
    0xff, 0xff, 0xfc, 0x5c, 0xe7, 0xfc, 0xfa, 0xd6, 0xfc, 0x7a, 0xd7, 0xfc, 0x7b, 0xdf, 0xfc, 0xfc, 0xe7, 0xfc, 0xbd, 0xef, 0xfc, 0xbd, 0xef, 0xfc,
    0xfd, 0xef, 0xfc, 0xbd, 0xef, 0xfc, 0x9d, 0xef, 0xfc, 0x9d, 0xef, 0xfc, 0x7c, 0xe7, 0xf7, 0x7c, 0xe7, 0xdc, 0x7c, 0xe7, 0xbe, 0x7c, 0xe7, 0x41,
    0x7b, 0xdf, 0x23, 0x7b, 0xdf, 0x08, 0x7b, 0xdf, 0x03, 0xd7, 0xbe, 0xde, 0x97, 0xb6, 0xf7, 0x17, 0xbe, 0xff, 0x99, 0xce, 0xff, 0xda, 0xd6, 0xff,
    0x1b, 0xdf, 0xff, 0x1b, 0xdf, 0xff, 0x3b, 0xdf, 0xff, 0x3b, 0xdf, 0xff, 0x1b, 0xdf, 0xff, 0x1b, 0xdf, 0xff, 0xfa, 0xd6, 0xff, 0xfa, 0xd6, 0xff,
    0xda, 0xd6, 0xff, 0xfa, 0xd6, 0xff, 0xda, 0xd6, 0xff, 0xda, 0xd6, 0xff, 0xda, 0xd6, 0xff, 0xb9, 0xce, 0xff, 0xda, 0xd6, 0xff, 0x1b, 0xdf, 0xff,
    0x7c, 0xe7, 0xff, 0x9d, 0xef, 0xff, 0xbf, 0xff, 0xff, 0xbf, 0xff, 0xff, 0xbf, 0xff, 0xff, 0xff, 0xff, 0xff, 0xbf, 0xff, 0xff, 0xbf, 0xff, 0xff,
    0xff, 0xff, 0xff, 0xff, 0xff, 0xff, 0xff, 0xff, 0xff, 0xff, 0xff, 0xff, 0xff, 0xff, 0xff, 0xff, 0xff, 0xff, 0xff, 0xff, 0xff, 0xff, 0xff, 0xff,
    0xff, 0xff, 0xff, 0xff, 0xff, 0xf7, 0xbf, 0xff, 0xde, 0x9d, 0xff, 0xda, 0x5c, 0xe7, 0xd9, 0x3b, 0xdf, 0xd9, 0x7b, 0xdf, 0xd9, 0x7b, 0xdf, 0xd9,
    0x7b, 0xdf, 0xd9, 0x7b, 0xdf, 0xd9, 0x7c, 0xe7, 0xd9, 0x7c, 0xe7, 0xd9, 0x7c, 0xe7, 0xd9, 0x9c, 0xe7, 0xd9, 0x9c, 0xe7, 0xd7, 0x9c, 0xe7, 0xbe,
    0x7c, 0xe7, 0x41, 0x7c, 0xe7, 0x23, 0x7b, 0xdf, 0x08, 0x7b, 0xdf, 0x02, 0x00, 0x00, 0x00, 0x00, 0x00, 0x00, 0xd8, 0xae, 0x44, 0x76, 0xae, 0xc4,
    0x58, 0xc6, 0xf6, 0x99, 0xce, 0xff, 0xba, 0xd6, 0xff, 0xfa, 0xd6, 0xff, 0xfb, 0xde, 0xff, 0x1b, 0xdf, 0xff, 0x3b, 0xdf, 0xff, 0x3b, 0xdf, 0xff,
    0x1b, 0xdf, 0xff, 0x1b, 0xdf, 0xff, 0xda, 0xd6, 0xff, 0xb9, 0xce, 0xff, 0xb9, 0xce, 0xff, 0xda, 0xd6, 0xff, 0xda, 0xd6, 0xff, 0x1b, 0xdf, 0xff,
    0xfb, 0xde, 0xff, 0x1b, 0xdf, 0xff, 0x1b, 0xdf, 0xff, 0x3b, 0xdf, 0xff, 0x3c, 0xe7, 0xff, 0x3c, 0xe7, 0xff, 0x5c, 0xe7, 0xff, 0x5c, 0xe7, 0xff,
    0x5c, 0xe7, 0xff, 0x5c, 0xe7, 0xff, 0x5c, 0xe7, 0xff, 0xbf, 0xff, 0xff, 0x9d, 0xef, 0xff, 0xbf, 0xff, 0xff, 0xbf, 0xff, 0xff, 0xbf, 0xff, 0xff,
    0xbf, 0xff, 0xff, 0xbf, 0xff, 0xff, 0xbf, 0xff, 0xfd, 0x9d, 0xef, 0xf5, 0x9d, 0xef, 0xc4, 0x9d, 0xef, 0x41, 0x9d, 0xef, 0x28, 0x3c, 0xe7, 0x26,
    0x3b, 0xdf, 0x26, 0x9d, 0xef, 0x26, 0x9c, 0xe7, 0x26, 0x9c, 0xe7, 0x26, 0x9c, 0xe7, 0x26, 0x9c, 0xe7, 0x26, 0x9c, 0xe7, 0x26, 0x9c, 0xe7, 0x26,
    0x7c, 0xe7, 0x26, 0x7c, 0xe7, 0x25, 0x7c, 0xe7, 0x21, 0x7c, 0xe7, 0x08, 0x7c, 0xe7, 0x02, 0x00, 0x00, 0x00, 0x00, 0x00, 0x00, 0x00, 0x00, 0x00,
    0x00, 0x00, 0x00, 0x97, 0xa6, 0x0b, 0x73, 0x76, 0x3c, 0x55, 0x95, 0xc3, 0x78, 0xc6, 0xf6, 0xda, 0xd6, 0xff, 0x1b, 0xdf, 0xff, 0x3c, 0xe7, 0xff,
    0x3c, 0xe7, 0xff, 0x1b, 0xdf, 0xff, 0x1b, 0xdf, 0xff, 0xfb, 0xde, 0xff, 0xfa, 0xd6, 0xff, 0xda, 0xd6, 0xff, 0xba, 0xd6, 0xff, 0xda, 0xd6, 0xff,
    0xda, 0xd6, 0xff, 0xda, 0xd6, 0xff, 0xfa, 0xd6, 0xff, 0xda, 0xd6, 0xff, 0xfb, 0xde, 0xff, 0xfb, 0xde, 0xff, 0x1b, 0xdf, 0xff, 0x3c, 0xe7, 0xff,
    0x3c, 0xe7, 0xff, 0x3c, 0xe7, 0xff, 0x3c, 0xe7, 0xff, 0x5c, 0xe7, 0xff, 0x5c, 0xe7, 0xff, 0x5c, 0xe7, 0xff, 0x7d, 0xef, 0xff, 0x7d, 0xef, 0xff,
    0x7d, 0xef, 0xff, 0x9d, 0xef, 0xff, 0x9d, 0xef, 0xff, 0x9d, 0xef, 0xff, 0x9d, 0xef, 0xf7, 0x9d, 0xef, 0xdc, 0x9d, 0xef, 0xbe, 0x9d, 0xef, 0x3b,
    0x9d, 0xef, 0x0a, 0x7d, 0xef, 0x03, 0x7d, 0xef, 0x03, 0x3b, 0xdf, 0x03, 0x9d, 0xef, 0x03, 0x9d, 0xef, 0x03, 0x9d, 0xef, 0x03, 0x9c, 0xe7, 0x03,
    0x9d, 0xef, 0x03, 0x9d, 0xef, 0x03, 0x9d, 0xef, 0x03, 0x9d, 0xef, 0x03, 0x9c, 0xe7, 0x03, 0x9d, 0xef, 0x02, 0x00, 0x00, 0x00, 0x00, 0x00, 0x00,
    0x00, 0x00, 0x00, 0x00, 0x00, 0x00, 0x00, 0x00, 0x00, 0x00, 0x00, 0x00, 0x00, 0x00, 0x00, 0xd8, 0xae, 0x09, 0x73, 0x76, 0x3c, 0xf4, 0x84, 0xc3,
    0x55, 0x95, 0xf6, 0xb5, 0xad, 0xfe, 0x17, 0xbe, 0xfd, 0x78, 0xc6, 0xfc, 0xb9, 0xce, 0xfc, 0xda, 0xd6, 0xfc, 0xfb, 0xde, 0xfc, 0x1b, 0xdf, 0xfc,
    0x1b, 0xdf, 0xfc, 0xfb, 0xde, 0xfc, 0x1b, 0xdf, 0xfc, 0x1b, 0xdf, 0xfc, 0xfb, 0xde, 0xfc, 0xfb, 0xde, 0xfc, 0xda, 0xd6, 0xfc, 0xda, 0xd6, 0xfc,
    0xfb, 0xde, 0xfc, 0xfb, 0xde, 0xfc, 0x1b, 0xdf, 0xfc, 0x3b, 0xdf, 0xfc, 0x3c, 0xe7, 0xfc, 0x5c, 0xe7, 0xfc, 0x7c, 0xe7, 0xfc, 0x7c, 0xe7, 0xfc,
    0x7d, 0xef, 0xfc, 0x7d, 0xef, 0xfc, 0x9d, 0xef, 0xfc, 0x9d, 0xef, 0xfc, 0x9d, 0xef, 0xfc, 0x9d, 0xef, 0xfc, 0x9d, 0xef, 0xf5, 0x9d, 0xef, 0xc4,
    0x9d, 0xef, 0x41, 0x9d, 0xef, 0x23, 0x9d, 0xef, 0x08, 0x00, 0x00, 0x00, 0x00, 0x00, 0x00, 0x00, 0x00, 0x00, 0x00, 0x00, 0x00, 0x00, 0x00, 0x00,
    0x00, 0x00, 0x00, 0x00, 0x00, 0x00, 0x00, 0x00, 0x00, 0x00, 0x00, 0x00, 0x00, 0x00, 0x00, 0x00, 0x00, 0x00, 0x00, 0x00, 0x00, 0x00, 0x00, 0x00,
    0x00, 0x00, 0x00, 0x00, 0x00, 0x00, 0x00, 0x00, 0x00, 0x00, 0x00, 0x00, 0x00, 0x00, 0x00, 0x00, 0x00, 0x00, 0x00, 0x00, 0x00, 0x00, 0x00, 0x00,
    0x00, 0x00, 0x00, 0x7b, 0xdf, 0x09, 0x7a, 0xd7, 0x3c, 0x19, 0xcf, 0xc3, 0xd8, 0xc6, 0xf1, 0x57, 0xbe, 0xde, 0x36, 0xb6, 0xda, 0x15, 0xae, 0xd9,
    0xf5, 0xad, 0xd9, 0xb4, 0xa5, 0xd9, 0x75, 0x95, 0xd9, 0x75, 0x95, 0xd9, 0x94, 0xa5, 0xd9, 0x95, 0xad, 0xd9, 0x17, 0xbe, 0xd9, 0x78, 0xc6, 0xd9,
    0xba, 0xd6, 0xd9, 0xda, 0xd6, 0xd9, 0x1b, 0xdf, 0xd9, 0x1c, 0xe7, 0xd9, 0x1c, 0xe7, 0xd9, 0x3c, 0xe7, 0xd9, 0x3c, 0xe7, 0xd9, 0x3c, 0xe7, 0xd9,
    0x5c, 0xe7, 0xd9, 0x7c, 0xe7, 0xd9, 0x7d, 0xef, 0xd9, 0x9d, 0xef, 0xd9, 0x9d, 0xef, 0xd9, 0xbf, 0xff, 0xd9, 0xbf, 0xff, 0xd9, 0xff, 0xff, 0xd9,
    0xff, 0xff, 0xd7, 0xff, 0xff, 0xbe, 0xff, 0xff, 0x3b, 0xff, 0xff, 0x0a, 0xff, 0xff, 0x02, 0x00, 0x00, 0x00, 0x00, 0x00, 0x00, 0x00, 0x00, 0x00,
    0x00, 0x00, 0x00, 0x00, 0x00, 0x00, 0x00, 0x00, 0x00, 0x00, 0x00, 0x00, 0x00, 0x00, 0x00, 0x00, 0x00, 0x00, 0x00, 0x00, 0x00, 0x00, 0x00, 0x00,
    0x00, 0x00, 0x00, 0x00, 0x00, 0x00, 0x00, 0x00, 0x00, 0x00, 0x00, 0x00, 0x00, 0x00, 0x00, 0x00, 0x00, 0x00, 0x00, 0x00, 0x00, 0x00, 0x00, 0x00,
    0x00, 0x00, 0x00, 0x00, 0x00, 0x00, 0x00, 0x00, 0x00, 0x00, 0x00, 0x00, 0x00, 0x00, 0x00, 0x5a, 0xd7, 0x0b, 0x5b, 0xdf, 0x42, 0x7b, 0xdf, 0xbd,
    0xbc, 0xe7, 0x47, 0x9c, 0xe7, 0x2b, 0x7b, 0xdf, 0x29, 0x7b, 0xdf, 0x29, 0x7a, 0xd7, 0x29, 0x3a, 0xcf, 0x29, 0x19, 0xc7, 0x29, 0xd9, 0xc6, 0x29,
    0x98, 0xbe, 0x29, 0x35, 0xae, 0x29, 0x15, 0xae, 0x29, 0xf5, 0xad, 0x29, 0xb4, 0xa5, 0x29, 0xb5, 0xad, 0x29, 0xd6, 0xad, 0x29, 0x37, 0xbe, 0x29,
    0x99, 0xce, 0x29, 0xb9, 0xce, 0x29, 0xba, 0xd6, 0x29, 0xda, 0xd6, 0x29, 0xfb, 0xde, 0x29, 0x1b, 0xdf, 0x29, 0x3c, 0xe7, 0x29, 0x3c, 0xe7, 0x29,
    0x3c, 0xe7, 0x29, 0x1b, 0xdf, 0x29, 0xfa, 0xd6, 0x29, 0xb9, 0xce, 0x28, 0x78, 0xc6, 0x23, 0xf5, 0xad, 0x08, 0x00, 0x00, 0x00, 0x00, 0x00, 0x00,
    0x00, 0x00, 0x00, 0x00, 0x00, 0x00, 0x00, 0x00, 0x00, 0x00, 0x00, 0x00, 0x00, 0x00, 0x00, 0x00, 0x00, 0x00, 0x00, 0x00, 0x00, 0x00, 0x00, 0x00,
    0x00, 0x00, 0x00, 0x00, 0x00, 0x00, 0x00, 0x00, 0x00, 0x00, 0x00, 0x00, 0x00, 0x00, 0x00, 0x00, 0x00, 0x00, 0x00, 0x00, 0x00, 0x00, 0x00, 0x00,
    0x00, 0x00, 0x00, 0x00, 0x00, 0x00, 0x00, 0x00, 0x00, 0x00, 0x00, 0x00, 0x00, 0x00, 0x00,
};

const lv_img_dsc_t rehab_person_side = {
    .header.always_zero = 0,
    .header.w = 59,
    .header.h = 263,
    .data_size = 46551,
    .header.cf = LV_IMG_CF_TRUE_COLOR_ALPHA,
    .data = rehab_person_side_map,
};

#ifndef LV_ATTRIBUTE_IMG_REHAB_PERSON_SIDE_MIRROR
#define LV_ATTRIBUTE_IMG_REHAB_PERSON_SIDE_MIRROR
#endif
const LV_ATTRIBUTE_MEM_ALIGN LV_ATTRIBUTE_LARGE_CONST LV_ATTRIBUTE_IMG_REHAB_PERSON_SIDE_MIRROR uint8_t rehab_person_side_mirror_map[] = {
    0x00, 0x00, 0x00, 0x00, 0x00, 0x00, 0x00, 0x00, 0x00, 0x00, 0x00, 0x00, 0x00, 0x00, 0x00, 0x00, 0x00, 0x00, 0x00, 0x00, 0x00, 0x00, 0x00, 0x00,
    0x00, 0x00, 0x00, 0x00, 0x00, 0x00, 0x00, 0x00, 0x00, 0x00, 0x00, 0x00, 0x00, 0x00, 0x00, 0x00, 0x00, 0x00, 0x00, 0x00, 0x00, 0x00, 0x00, 0x00,
    0x00, 0x00, 0x00, 0x00, 0x00, 0x00, 0x00, 0x00, 0x00, 0x00, 0x00, 0x00, 0x00, 0x00, 0x00, 0x00, 0x00, 0x00, 0x00, 0x00, 0x00, 0x00, 0x00, 0x00,
    0x00, 0x00, 0x00, 0x00, 0x00, 0x00, 0x00, 0x00, 0x00, 0xff, 0xff, 0x20, 0xff, 0xff, 0x60, 0x9d, 0xef, 0x80, 0x1b, 0xdf, 0x80, 0x38, 0xc6, 0x9f,
    0xb2, 0x94, 0xdf, 0xef, 0x7b, 0xff, 0x4d, 0x6b, 0xff, 0xaa, 0x52, 0xff, 0x48, 0x42, 0xff, 0x28, 0x42, 0xff, 0x28, 0x3a, 0xff, 0x28, 0x42, 0xff,
    0x69, 0x4a, 0xff, 0x69, 0x4a, 0xff, 0x69, 0x4a, 0xff, 0x8d, 0x6b, 0xdf, 0xf6, 0xb5, 0x9f, 0x9d, 0xef, 0x60, 0xff, 0xff, 0x20, 0x00, 0x00, 0x00,
    0x00, 0x00, 0x00, 0x00, 0x00, 0x00, 0x00, 0x00, 0x00, 0x00, 0x00, 0x00, 0x00, 0x00, 0x00, 0x00, 0x00, 0x00, 0x00, 0x00, 0x00, 0x00, 0x00, 0x00,
    0x00, 0x00, 0x00, 0x00, 0x00, 0x00, 0x00, 0x00, 0x00, 0x00, 0x00, 0x00, 0x00, 0x00, 0x00, 0x00, 0x00, 0x00, 0x00, 0x00, 0x00, 0x00, 0x00, 0x00,
    0x00, 0x00, 0x00, 0x00, 0x00, 0x00, 0x00, 0x00, 0x00, 0x00, 0x00, 0x00, 0x00, 0x00, 0x00, 0x00, 0x00, 0x00, 0x00, 0x00, 0x00, 0x00, 0x00, 0x00,
    0x00, 0x00, 0x00, 0x00, 0x00, 0x00, 0x00, 0x00, 0x00, 0x00, 0x00, 0x00, 0x00, 0x00, 0x00, 0x00, 0x00, 0x00, 0x00, 0x00, 0x00, 0x00, 0x00, 0x00,
    0x00, 0x00, 0x00, 0x00, 0x00, 0x00, 0xff, 0xff, 0x10, 0xff, 0xff, 0x30, 0xff, 0xff, 0x40, 0xff, 0xff, 0x40, 0x38, 0xc6, 0x60, 0x8d, 0x6b, 0x9f,
    0xaa, 0x52, 0xbf, 0x07, 0x3a, 0xbf, 0x86, 0x31, 0xcf, 0x65, 0x29, 0xef, 0xa6, 0x31, 0xff, 0xe7, 0x39, 0xff, 0x28, 0x42, 0xff, 0x69, 0x4a, 0xff,
    0xaa, 0x4a, 0xff, 0xaa, 0x52, 0xff, 0xaa, 0x4a, 0xff, 0x69, 0x4a, 0xff, 0x49, 0x42, 0xff, 0x28, 0x42, 0xff, 0xc6, 0x31, 0xef, 0xa6, 0x31, 0xcf,
    0x2c, 0x63, 0x9f, 0xf3, 0x94, 0x60, 0x1b, 0xdf, 0x30, 0xff, 0xff, 0x10, 0x00, 0x00, 0x00, 0x00, 0x00, 0x00, 0x00, 0x00, 0x00, 0x00, 0x00, 0x00,
    0x00, 0x00, 0x00, 0x00, 0x00, 0x00, 0x00, 0x00, 0x00, 0x00, 0x00, 0x00, 0x00, 0x00, 0x00, 0x00, 0x00, 0x00, 0x00, 0x00, 0x00, 0x00, 0x00, 0x00,
    0x00, 0x00, 0x00, 0x00, 0x00, 0x00, 0x00, 0x00, 0x00, 0x00, 0x00, 0x00, 0x00, 0x00, 0x00, 0x00, 0x00, 0x00, 0x00, 0x00, 0x00, 0x00, 0x00, 0x00,
    0x00, 0x00, 0x00, 0x00, 0x00, 0x00, 0x00, 0x00, 0x00, 0x00, 0x00, 0x00, 0x00, 0x00, 0x00, 0x00, 0x00, 0x00, 0x00, 0x00, 0x00, 0x00, 0x00, 0x00,
    0x00, 0x00, 0x00, 0x00, 0x00, 0x00, 0x00, 0x00, 0x00, 0x00, 0x00, 0x00, 0xff, 0xff, 0x10, 0x3b, 0xdf, 0x50, 0x71, 0x8c, 0x9f, 0x8d, 0x6b, 0xbf,
    0x4d, 0x63, 0xbf, 0xeb, 0x5a, 0xcf, 0xc6, 0x31, 0xef, 0xc6, 0x31, 0xff, 0xe7, 0x39, 0xff, 0xe7, 0x39, 0xff, 0x07, 0x3a, 0xff, 0x28, 0x42, 0xff,
    0x28, 0x42, 0xff, 0x28, 0x42, 0xff, 0x28, 0x42, 0xff, 0x48, 0x42, 0xff, 0x69, 0x4a, 0xff, 0x69, 0x4a, 0xff, 0x49, 0x4a, 0xff, 0x48, 0x42, 0xff,
    0x08, 0x42, 0xff, 0x28, 0x42, 0xff, 0x28, 0x42, 0xff, 0xc7, 0x31, 0xef, 0x28, 0x3a, 0xcf, 0x0c, 0x5b, 0x9f, 0xda, 0xd6, 0x50, 0xff, 0xff, 0x10,
    0x00, 0x00, 0x00, 0x00, 0x00, 0x00, 0x00, 0x00, 0x00, 0x00, 0x00, 0x00, 0x00, 0x00, 0x00, 0x00, 0x00, 0x00, 0x00, 0x00, 0x00, 0x00, 0x00, 0x00,
    0x00, 0x00, 0x00, 0x00, 0x00, 0x00, 0x00, 0x00, 0x00, 0x00, 0x00, 0x00, 0x00, 0x00, 0x00, 0x00, 0x00, 0x00, 0x00, 0x00, 0x00, 0x00, 0x00, 0x00,
    0x00, 0x00, 0x00, 0x00, 0x00, 0x00, 0x00, 0x00, 0x00, 0x00, 0x00, 0x00, 0x00, 0x00, 0x00, 0x00, 0x00, 0x00, 0x00, 0x00, 0x00, 0x00, 0x00, 0x00,
    0x00, 0x00, 0x00, 0x00, 0x00, 0x00, 0x00, 0x00, 0x00, 0x00, 0x00, 0x00, 0x00, 0x00, 0x00, 0x00, 0x00, 0x00, 0x00, 0x00, 0x00, 0x5c, 0xe7, 0x30,
    0x2c, 0x63, 0x9f, 0xc6, 0x31, 0xef, 0x69, 0x4a, 0xff, 0x48, 0x42, 0xff, 0x69, 0x4a, 0xff, 0xa9, 0x4a, 0xff, 0x48, 0x42, 0xff, 0x08, 0x42, 0xff,
    0xe7, 0x39, 0xff, 0xe7, 0x39, 0xff, 0x07, 0x3a, 0xff, 0x28, 0x42, 0xff, 0x28, 0x42, 0xff, 0x48, 0x42, 0xff, 0x48, 0x42, 0xff, 0x48, 0x42, 0xff,
    0x28, 0x42, 0xff, 0x08, 0x3a, 0xff, 0x07, 0x3a, 0xff, 0x07, 0x3a, 0xff, 0xe7, 0x39, 0xff, 0xa6, 0x31, 0xff, 0xc7, 0x31, 0xff, 0xe7, 0x39, 0xff,
    0xc7, 0x31, 0xef, 0x2c, 0x63, 0xaf, 0x9d, 0xef, 0x50, 0xbd, 0xef, 0x10, 0x00, 0x00, 0x00, 0x00, 0x00, 0x00, 0x00, 0x00, 0x00, 0x00, 0x00, 0x00,
    0x00, 0x00, 0x00, 0x00, 0x00, 0x00, 0x00, 0x00, 0x00, 0x00, 0x00, 0x00, 0x00, 0x00, 0x00, 0x00, 0x00, 0x00, 0x00, 0x00, 0x00, 0x00, 0x00, 0x00,
    0x00, 0x00, 0x00, 0x00, 0x00, 0x00, 0x00, 0x00, 0x00, 0x00, 0x00, 0x00, 0x00, 0x00, 0x00, 0x00, 0x00, 0x00, 0x00, 0x00, 0x00, 0x00, 0x00, 0x00,
    0x00, 0x00, 0x00, 0x00, 0x00, 0x00, 0x00, 0x00, 0x00, 0x00, 0x00, 0x00, 0x00, 0x00, 0x00, 0x00, 0x00, 0x00, 0x00, 0x00, 0x00, 0x00, 0x00, 0x00,
    0x00, 0x00, 0x00, 0xff, 0xff, 0x10, 0x54, 0xa5, 0x60, 0xc6, 0x31, 0xcf, 0x48, 0x42, 0xff, 0xa9, 0x4a, 0xff, 0xaa, 0x52, 0xff, 0xaa, 0x52, 0xff,
    0xaa, 0x52, 0xff, 0xaa, 0x4a, 0xff, 0x69, 0x4a, 0xff, 0x48, 0x42, 0xff, 0x28, 0x42, 0xff, 0x07, 0x3a, 0xff, 0x07, 0x3a, 0xff, 0x07, 0x3a, 0xff,
    0x28, 0x42, 0xff, 0x28, 0x42, 0xff, 0x28, 0x42, 0xff, 0xe7, 0x39, 0xff, 0xc6, 0x31, 0xff, 0xe7, 0x39, 0xff, 0xc7, 0x31, 0xff, 0xc6, 0x31, 0xff,
    0xa6, 0x31, 0xff, 0x86, 0x29, 0xff, 0x86, 0x29, 0xff, 0xa6, 0x31, 0xff, 0xc6, 0x31, 0xef, 0x71, 0x8c, 0xaf, 0x17, 0xbe, 0x60, 0xbd, 0xef, 0x30,
    0xbd, 0xef, 0x10, 0x00, 0x00, 0x00, 0x00, 0x00, 0x00, 0x00, 0x00, 0x00, 0x00, 0x00, 0x00, 0x00, 0x00, 0x00, 0x00, 0x00, 0x00, 0x00, 0x00, 0x00,
    0x00, 0x00, 0x00, 0x00, 0x00, 0x00, 0x00, 0x00, 0x00, 0x00, 0x00, 0x00, 0x00, 0x00, 0x00, 0x00, 0x00, 0x00, 0x00, 0x00, 0x00, 0x00, 0x00, 0x00,
    0x00, 0x00, 0x00, 0x00, 0x00, 0x00, 0x00, 0x00, 0x00, 0x00, 0x00, 0x00, 0x00, 0x00, 0x00, 0x00, 0x00, 0x00, 0x00, 0x00, 0x00, 0x00, 0x00, 0x00,
    0x00, 0x00, 0x00, 0x00, 0x00, 0x00, 0x00, 0x00, 0x00, 0x00, 0x00, 0x00, 0xbd, 0xef, 0x30, 0xcb, 0x5a, 0x9f, 0x24, 0x21, 0xef, 0xc6, 0x31, 0xff,
    0x48, 0x4a, 0xff, 0x69, 0x4a, 0xff, 0xca, 0x52, 0xff, 0xa9, 0x52, 0xff, 0xaa, 0x52, 0xff, 0xaa, 0x52, 0xff, 0xa9, 0x4a, 0xff, 0x48, 0x4a, 0xff,
    0x48, 0x42, 0xff, 0x28, 0x42, 0xff, 0x28, 0x42, 0xff, 0x28, 0x42, 0xff, 0x07, 0x3a, 0xff, 0xe7, 0x39, 0xff, 0xe7, 0x39, 0xff, 0x48, 0x42, 0xff,
    0x07, 0x3a, 0xff, 0x07, 0x3a, 0xff, 0x07, 0x3a, 0xff, 0xe7, 0x39, 0xff, 0xe7, 0x39, 0xff, 0xe7, 0x39, 0xff, 0xc7, 0x39, 0xff, 0xe7, 0x39, 0xff,
    0xc6, 0x31, 0xef, 0xa9, 0x4a, 0xcf, 0x0f, 0x7c, 0x9f, 0x3b, 0xdf, 0x50, 0xff, 0xff, 0x10, 0x00, 0x00, 0x00, 0x00, 0x00, 0x00, 0x00, 0x00, 0x00,
    0x00, 0x00, 0x00, 0x00, 0x00, 0x00, 0x00, 0x00, 0x00, 0x00, 0x00, 0x00, 0x00, 0x00, 0x00, 0x00, 0x00, 0x00, 0x00, 0x00, 0x00, 0x00, 0x00, 0x00,
    0x00, 0x00, 0x00, 0x00, 0x00, 0x00, 0x00, 0x00, 0x00, 0x00, 0x00, 0x00, 0x00, 0x00, 0x00, 0x00, 0x00, 0x00, 0x00, 0x00, 0x00, 0x00, 0x00, 0x00,
    0x00, 0x00, 0x00, 0x00, 0x00, 0x00, 0x00, 0x00, 0x00, 0x00, 0x00, 0x00, 0x00, 0x00, 0x00, 0x00, 0x00, 0x00, 0x00, 0x00, 0x00, 0xba, 0xd6, 0x40,
    0xa6, 0x31, 0xbf, 0x65, 0x29, 0xff, 0x44, 0x21, 0xff, 0x07, 0x3a, 0xff, 0x48, 0x4a, 0xff, 0x48, 0x42, 0xff, 0xa9, 0x52, 0xff, 0xa9, 0x4a, 0xff,
    0x48, 0x42, 0xff, 0x28, 0x42, 0xff, 0x07, 0x42, 0xff, 0x08, 0x3a, 0xff, 0x28, 0x42, 0xff, 0x28, 0x42, 0xff, 0x07, 0x3a, 0xff, 0x28, 0x42, 0xff,
    0x48, 0x42, 0xff, 0x69, 0x4a, 0xff, 0x69, 0x4a, 0xff, 0x28, 0x42, 0xff, 0x69, 0x4a, 0xff, 0x28, 0x42, 0xff, 0x48, 0x42, 0xff, 0x28, 0x42, 0xff,
    0x28, 0x42, 0xff, 0x28, 0x42, 0xff, 0x07, 0x3a, 0xff, 0x08, 0x42, 0xff, 0xe7, 0x39, 0xff, 0x28, 0x42, 0xef, 0xce, 0x73, 0xaf, 0x5c, 0xe7, 0x50,
    0xbd, 0xef, 0x10, 0x00, 0x00, 0x00, 0x00, 0x00, 0x00, 0x00, 0x00, 0x00, 0x00, 0x00, 0x00, 0x00, 0x00, 0x00, 0x00, 0x00, 0x00, 0x00, 0x00, 0x00,
    0x00, 0x00, 0x00, 0x00, 0x00, 0x00, 0x00, 0x00, 0x00, 0x00, 0x00, 0x00, 0x00, 0x00, 0x00, 0x00, 0x00, 0x00, 0x00, 0x00, 0x00, 0x00, 0x00, 0x00,
    0x00, 0x00, 0x00, 0x00, 0x00, 0x00, 0x00, 0x00, 0x00, 0x00, 0x00, 0x00, 0x00, 0x00, 0x00, 0x00, 0x00, 0x00, 0x00, 0x00, 0x00, 0x00, 0x00, 0x00,
    0x00, 0x00, 0x00, 0x00, 0x00, 0x00, 0x99, 0xce, 0x40, 0x07, 0x3a, 0xbf, 0x65, 0x29, 0xff, 0x24, 0x21, 0xff, 0x65, 0x21, 0xff, 0xc6, 0x31, 0xff,
    0xc6, 0x31, 0xff, 0x07, 0x3a, 0xff, 0x48, 0x42, 0xff, 0x28, 0x42, 0xff, 0x28, 0x42, 0xff, 0x28, 0x42, 0xff, 0x48, 0x42, 0xff, 0x08, 0x42, 0xff,
    0x07, 0x3a, 0xff, 0x48, 0x42, 0xff, 0xa9, 0x52, 0xff, 0x48, 0x42, 0xff, 0xa9, 0x4a, 0xff, 0x49, 0x4a, 0xff, 0xa9, 0x4a, 0xff, 0xa9, 0x4a, 0xff,
    0x69, 0x4a, 0xff, 0xaa, 0x4a, 0xff, 0x49, 0x42, 0xff, 0x48, 0x42, 0xff, 0x69, 0x4a, 0xff, 0x28, 0x42, 0xff, 0x08, 0x42, 0xff, 0x08, 0x42, 0xff,
    0x48, 0x42, 0xff, 0x69, 0x4a, 0xef, 0x10, 0x7c, 0xaf, 0xbf, 0xff, 0x50, 0xbd, 0xef, 0x10, 0x00, 0x00, 0x00, 0x00, 0x00, 0x00, 0x00, 0x00, 0x00,
    0x00, 0x00, 0x00, 0x00, 0x00, 0x00, 0x00, 0x00, 0x00, 0x00, 0x00, 0x00, 0x00, 0x00, 0x00, 0x00, 0x00, 0x00, 0x00, 0x00, 0x00, 0x00, 0x00, 0x00,
    0x00, 0x00, 0x00, 0x00, 0x00, 0x00, 0x00, 0x00, 0x00, 0x00, 0x00, 0x00, 0x00, 0x00, 0x00, 0x00, 0x00, 0x00, 0x00, 0x00, 0x00, 0x00, 0x00, 0x00,
    0x00, 0x00, 0x00, 0x00, 0x00, 0x00, 0x00, 0x00, 0x00, 0x00, 0x00, 0x00, 0x00, 0x00, 0x00, 0x5c, 0xe7, 0x30, 0x2c, 0x63, 0x9f, 0x65, 0x21, 0xef,
    0x65, 0x21, 0xff, 0xa2, 0x10, 0xff, 0xea, 0x5a, 0xff, 0x28, 0x4a, 0xff, 0x44, 0x21, 0xff, 0x65, 0x21, 0xff, 0x86, 0x29, 0xff, 0xc6, 0x31, 0xff,
    0xa6, 0x31, 0xff, 0xa6, 0x31, 0xff, 0x07, 0x3a, 0xff, 0x48, 0x42, 0xff, 0x69, 0x4a, 0xff, 0xa9, 0x52, 0xff, 0x69, 0x4a, 0xff, 0xa9, 0x52, 0xff,
    0xa9, 0x4a, 0xff, 0xaa, 0x52, 0xff, 0xa9, 0x4a, 0xff, 0xaa, 0x52, 0xff, 0xca, 0x52, 0xff, 0xa9, 0x4a, 0xff, 0x69, 0x4a, 0xff, 0xa9, 0x52, 0xff,
    0x69, 0x4a, 0xff, 0x69, 0x4a, 0xff, 0x28, 0x42, 0xff, 0x69, 0x42, 0xff, 0xaa, 0x52, 0xff, 0x0c, 0x5b, 0xef, 0x95, 0xad, 0x9f, 0xff, 0xff, 0x30,
    0x00, 0x00, 0x00, 0x00, 0x00, 0x00, 0x00, 0x00, 0x00, 0x00, 0x00, 0x00, 0x00, 0x00, 0x00, 0x00, 0x00, 0x00, 0x00, 0x00, 0x00, 0x00, 0x00, 0x00,
    0x00, 0x00, 0x00, 0x00, 0x00, 0x00, 0x00, 0x00, 0x00, 0x00, 0x00, 0x00, 0x00, 0x00, 0x00, 0x00, 0x00, 0x00, 0x00, 0x00, 0x00, 0x00, 0x00, 0x00,
    0x00, 0x00, 0x00, 0x00, 0x00, 0x00, 0x00, 0x00, 0x00, 0x00, 0x00, 0x00, 0x00, 0x00, 0x00, 0x00, 0x00, 0x00, 0x00, 0x00, 0x00, 0x00, 0x00, 0x00,
    0xff, 0xff, 0x10, 0xf3, 0x94, 0x50, 0x65, 0x29, 0xaf, 0xc3, 0x10, 0xef, 0xa9, 0x5a, 0xff, 0xd8, 0xfe, 0xff, 0x51, 0xcd, 0xff, 0x4b, 0x83, 0xff,
    0x48, 0x5a, 0xff, 0xa8, 0x5a, 0xff, 0xa6, 0x31, 0xff, 0x45, 0x21, 0xff, 0x07, 0x3a, 0xff, 0x48, 0x4a, 0xff, 0x48, 0x42, 0xff, 0x48, 0x42, 0xff,
    0xa9, 0x4a, 0xff, 0x48, 0x42, 0xff, 0x69, 0x4a, 0xff, 0x49, 0x4a, 0xff, 0xa9, 0x4a, 0xff, 0xa9, 0x4a, 0xff, 0xaa, 0x4a, 0xff, 0xaa, 0x52, 0xff,
    0xaa, 0x52, 0xff, 0xa9, 0x4a, 0xff, 0xaa, 0x52, 0xff, 0xa9, 0x4a, 0xff, 0x69, 0x4a, 0xff, 0x69, 0x4a, 0xff, 0x49, 0x42, 0xff, 0x69, 0x4a, 0xff,
    0x0c, 0x5b, 0xff, 0xcf, 0x73, 0xbf, 0x5c, 0xe7, 0x40, 0x00, 0x00, 0x00, 0x00, 0x00, 0x00, 0x00, 0x00, 0x00, 0x00, 0x00, 0x00, 0x00, 0x00, 0x00,
    0x00, 0x00, 0x00, 0x00, 0x00, 0x00, 0x00, 0x00, 0x00, 0x00, 0x00, 0x00, 0x00, 0x00, 0x00, 0x00, 0x00, 0x00, 0x00, 0x00, 0x00, 0x00, 0x00, 0x00,
    0x00, 0x00, 0x00, 0x00, 0x00, 0x00, 0x00, 0x00, 0x00, 0x00, 0x00, 0x00, 0x00, 0x00, 0x00, 0x00, 0x00, 0x00, 0x00, 0x00, 0x00, 0x00, 0x00, 0x00,
    0x00, 0x00, 0x00, 0x00, 0x00, 0x00, 0x00, 0x00, 0x00, 0x00, 0x00, 0x00, 0x7d, 0xef, 0x10, 0x51, 0x84, 0x60, 0xc3, 0x18, 0xcf, 0x15, 0xd6, 0xff,
    0xf8, 0xfe, 0xff, 0xb7, 0xfe, 0xff, 0x56, 0xee, 0xff, 0xb3, 0xdd, 0xff, 0xf4, 0xd5, 0xff, 0x28, 0x42, 0xff, 0xe7, 0x39, 0xff, 0x28, 0x42, 0xff,
    0x28, 0x42, 0xff, 0x48, 0x42, 0xff, 0x28, 0x42, 0xff, 0x69, 0x4a, 0xff, 0x48, 0x42, 0xff, 0x28, 0x42, 0xff, 0x48, 0x42, 0xff, 0x28, 0x42, 0xff,
    0x48, 0x42, 0xff, 0x69, 0x4a, 0xff, 0x69, 0x4a, 0xff, 0xa9, 0x4a, 0xff, 0x69, 0x4a, 0xff, 0xa9, 0x4a, 0xff, 0xa9, 0x4a, 0xff, 0x49, 0x4a, 0xff,
    0x69, 0x4a, 0xff, 0x49, 0x42, 0xff, 0x69, 0x4a, 0xff, 0xa9, 0x4a, 0xff, 0xeb, 0x5a, 0xbf, 0x58, 0xc6, 0x40, 0x00, 0x00, 0x00, 0x00, 0x00, 0x00,
    0x00, 0x00, 0x00, 0x00, 0x00, 0x00, 0x00, 0x00, 0x00, 0x00, 0x00, 0x00, 0x00, 0x00, 0x00, 0x00, 0x00, 0x00, 0x00, 0x00, 0x00, 0x00, 0x00, 0x00,
    0x00, 0x00, 0x00, 0x00, 0x00, 0x00, 0x00, 0x00, 0x00, 0x00, 0x00, 0x00, 0x00, 0x00, 0x00, 0x00, 0x00, 0x00, 0x00, 0x00, 0x00, 0x00, 0x00, 0x00,
    0x00, 0x00, 0x00, 0x00, 0x00, 0x00, 0x00, 0x00, 0x00, 0x00, 0x00, 0x00, 0x00, 0x00, 0x00, 0x00, 0x00, 0x00, 0x00, 0x00, 0x00, 0x00, 0x00, 0x00,
    0xff, 0xff, 0x40, 0xb5, 0xbd, 0xbf, 0xb7, 0xee, 0xff, 0xf9, 0xfe, 0xff, 0xf8, 0xfe, 0xff, 0xf8, 0xfe, 0xff, 0x19, 0xff, 0xff, 0xb8, 0xe6, 0xff,
    0x07, 0x42, 0xff, 0xe7, 0x39, 0xff, 0x07, 0x3a, 0xff, 0x48, 0x42, 0xff, 0x48, 0x42, 0xff, 0x28, 0x42, 0xff, 0x28, 0x42, 0xff, 0x49, 0x4a, 0xff,
    0xe7, 0x39, 0xff, 0x08, 0x42, 0xff, 0x28, 0x42, 0xff, 0x28, 0x42, 0xff, 0x48, 0x42, 0xff, 0x28, 0x42, 0xff, 0x49, 0x42, 0xff, 0x49, 0x42, 0xff,
    0x49, 0x42, 0xff, 0x49, 0x42, 0xff, 0x28, 0x42, 0xff, 0x48, 0x42, 0xff, 0x48, 0x42, 0xff, 0x28, 0x42, 0xff, 0x28, 0x42, 0xff, 0xaa, 0x52, 0xbf,
    0x95, 0xad, 0x40, 0x00, 0x00, 0x00, 0x00, 0x00, 0x00, 0x00, 0x00, 0x00, 0x00, 0x00, 0x00, 0x00, 0x00, 0x00, 0x00, 0x00, 0x00, 0x00, 0x00, 0x00,
    0x00, 0x00, 0x00, 0x00, 0x00, 0x00, 0x00, 0x00, 0x00, 0x00, 0x00, 0x00, 0x00, 0x00, 0x00, 0x00, 0x00, 0x00, 0x00, 0x00, 0x00, 0x00, 0x00, 0x00,
    0x00, 0x00, 0x00, 0x00, 0x00, 0x00, 0x00, 0x00, 0x00, 0x00, 0x00, 0x00, 0x00, 0x00, 0x00, 0x00, 0x00, 0x00, 0x00, 0x00, 0x00, 0x00, 0x00, 0x00,
    0x00, 0x00, 0x00, 0x00, 0x00, 0x00, 0x00, 0x00, 0x00, 0xbd, 0xef, 0x40, 0xb9, 0xe6, 0xbf, 0xb7, 0xee, 0xff, 0x19, 0xff, 0xff, 0x19, 0xff, 0xff,
    0xd8, 0xfe, 0xff, 0xf8, 0xfe, 0xff, 0x97, 0xde, 0xff, 0x07, 0x42, 0xff, 0x07, 0x3a, 0xff, 0x07, 0x3a, 0xff, 0x07, 0x3a, 0xff, 0x07, 0x42, 0xff,
    0x07, 0x3a, 0xff, 0xe7, 0x39, 0xff, 0x07, 0x3a, 0xff, 0x07, 0x3a, 0xff, 0xe7, 0x39, 0xff, 0x28, 0x42, 0xff, 0x28, 0x42, 0xff, 0x28, 0x42, 0xff,
    0x28, 0x42, 0xff, 0x28, 0x42, 0xff, 0x28, 0x3a, 0xff, 0x28, 0x42, 0xff, 0x28, 0x42, 0xff, 0x07, 0x3a, 0xff, 0x07, 0x3a, 0xff, 0x08, 0x3a, 0xff,
    0xe7, 0x39, 0xff, 0x07, 0x3a, 0xff, 0xe7, 0x39, 0xbf, 0x14, 0x9d, 0x40, 0x00, 0x00, 0x00, 0x00, 0x00, 0x00, 0x00, 0x00, 0x00, 0x00, 0x00, 0x00,
    0x00, 0x00, 0x00, 0x00, 0x00, 0x00, 0x00, 0x00, 0x00, 0x00, 0x00, 0x00, 0x00, 0x00, 0x00, 0x00, 0x00, 0x00, 0x00, 0x00, 0x00, 0x00, 0x00, 0x00,
    0x00, 0x00, 0x00, 0x00, 0x00, 0x00, 0x00, 0x00, 0x00, 0x00, 0x00, 0x00, 0x00, 0x00, 0x00, 0x00, 0x00, 0x00, 0x00, 0x00, 0x00, 0x00, 0x00, 0x00,
    0x00, 0x00, 0x00, 0x00, 0x00, 0x00, 0x00, 0x00, 0x00, 0x00, 0x00, 0x00, 0x00, 0x00, 0x00, 0x00, 0x00, 0x00, 0x7c, 0xe7, 0x40, 0x15, 0xde, 0xbf,
    0xd8, 0xfe, 0xff, 0x19, 0xff, 0xff, 0x19, 0xff, 0xff, 0xf9, 0xfe, 0xff, 0x19, 0xff, 0xff, 0x39, 0xef, 0xff, 0x68, 0x4a, 0xff, 0xc6, 0x31, 0xff,
    0x07, 0x3a, 0xff, 0xc6, 0x39, 0xff, 0xe7, 0x39, 0xff, 0xc7, 0x39, 0xff, 0xc7, 0x31, 0xff, 0xa6, 0x31, 0xff, 0xa6, 0x31, 0xff, 0xe7, 0x39, 0xff,
    0xe7, 0x39, 0xff, 0x07, 0x3a, 0xff, 0x08, 0x3a, 0xff, 0x07, 0x3a, 0xff, 0xe7, 0x39, 0xff, 0xe7, 0x39, 0xff, 0xe7, 0x39, 0xff, 0xe7, 0x39, 0xff,
    0xe7, 0x39, 0xff, 0xe7, 0x39, 0xff, 0xe7, 0x39, 0xff, 0xc7, 0x31, 0xff, 0x07, 0x3a, 0xff, 0x65, 0x29, 0xbf, 0x54, 0x9d, 0x40, 0x00, 0x00, 0x00,
    0x00, 0x00, 0x00, 0x00, 0x00, 0x00, 0x00, 0x00, 0x00, 0x00, 0x00, 0x00, 0x00, 0x00, 0x00, 0x00, 0x00, 0x00, 0x00, 0x00, 0x00, 0x00, 0x00, 0x00,
    0x00, 0x00, 0x00, 0x00, 0x00, 0x00, 0x00, 0x00, 0x00, 0x00, 0x00, 0x00, 0x00, 0x00, 0x00, 0x00, 0x00, 0x00, 0x00, 0x00, 0x00, 0x00, 0x00, 0x00,
    0x00, 0x00, 0x00, 0x00, 0x00, 0x00, 0x00, 0x00, 0x00, 0x00, 0x00, 0x00, 0x00, 0x00, 0x00, 0x00, 0x00, 0x00, 0x00, 0x00, 0x00, 0x00, 0x00, 0x00,
    0x00, 0x00, 0x00, 0x1b, 0xef, 0x40, 0xd8, 0xfe, 0xbf, 0x19, 0xef, 0xff, 0x19, 0xef, 0xff, 0x7b, 0xff, 0xff, 0x7b, 0xff, 0xff, 0x3a, 0xff, 0xff,
    0x9c, 0xff, 0xff, 0xb5, 0xbd, 0xff, 0x85, 0x31, 0xff, 0xc7, 0x39, 0xff, 0xe7, 0x39, 0xff, 0xc6, 0x31, 0xff, 0xe7, 0x39, 0xff, 0xc7, 0x31, 0xff,
    0xc6, 0x31, 0xff, 0xc6, 0x31, 0xff, 0xc7, 0x31, 0xff, 0xc6, 0x31, 0xff, 0xc6, 0x31, 0xff, 0xe7, 0x39, 0xff, 0xe7, 0x39, 0xff, 0xe7, 0x39, 0xff,
    0xc6, 0x31, 0xff, 0xc6, 0x31, 0xff, 0xc6, 0x31, 0xff, 0xc6, 0x31, 0xff, 0xc7, 0x31, 0xff, 0xe7, 0x31, 0xff, 0xc6, 0x31, 0xff, 0xe7, 0x39, 0xff,
    0x45, 0x21, 0xbf, 0x95, 0xad, 0x40, 0x00, 0x00, 0x00, 0x00, 0x00, 0x00, 0x00, 0x00, 0x00, 0x00, 0x00, 0x00, 0x00, 0x00, 0x00, 0x00, 0x00, 0x00,
    0x00, 0x00, 0x00, 0x00, 0x00, 0x00, 0x00, 0x00, 0x00, 0x00, 0x00, 0x00, 0x00, 0x00, 0x00, 0x00, 0x00, 0x00, 0x00, 0x00, 0x00, 0x00, 0x00, 0x00,
    0x00, 0x00, 0x00, 0x00, 0x00, 0x00, 0x00, 0x00, 0x00, 0x00, 0x00, 0x00, 0x00, 0x00, 0x00, 0x00, 0x00, 0x00, 0x00, 0x00, 0x00, 0x00, 0x00, 0x00,
    0x00, 0x00, 0x00, 0x00, 0x00, 0x00, 0x00, 0x00, 0x00, 0x00, 0x00, 0x00, 0xb8, 0xe6, 0x40, 0x2b, 0x6b, 0xbf, 0xa9, 0x4a, 0xff, 0x2b, 0x6b, 0xff,
    0xd1, 0xa4, 0xff, 0x98, 0xde, 0xff, 0x7b, 0xff, 0xff, 0x3b, 0xef, 0xff, 0xbc, 0xff, 0xff, 0x37, 0xce, 0xff, 0x69, 0x4a, 0xff, 0x08, 0x3a, 0xff,
    0x48, 0x42, 0xff, 0xe7, 0x39, 0xff, 0xe7, 0x39, 0xff, 0xe7, 0x39, 0xff, 0xe7, 0x39, 0xff, 0x86, 0x31, 0xff, 0xc6, 0x31, 0xff, 0xe7, 0x31, 0xff,
    0xc6, 0x31, 0xff, 0xc6, 0x31, 0xff, 0xc7, 0x31, 0xff, 0xc7, 0x31, 0xff, 0xa6, 0x31, 0xff, 0xc6, 0x31, 0xff, 0xc6, 0x31, 0xff, 0xc6, 0x31, 0xff,
    0xc7, 0x31, 0xff, 0xa6, 0x31, 0xff, 0xe7, 0x31, 0xff, 0x45, 0x21, 0xbf, 0x75, 0xad, 0x40, 0x00, 0x00, 0x00, 0x00, 0x00, 0x00, 0x00, 0x00, 0x00,
    0x00, 0x00, 0x00, 0x00, 0x00, 0x00, 0x00, 0x00, 0x00, 0x00, 0x00, 0x00, 0x00, 0x00, 0x00, 0x00, 0x00, 0x00, 0x00, 0x00, 0x00, 0x00, 0x00, 0x00,
    0x00, 0x00, 0x00, 0x00, 0x00, 0x00, 0x00, 0x00, 0x00, 0x00, 0x00, 0x00, 0x00, 0x00, 0x00, 0x00, 0x00, 0x00, 0x00, 0x00, 0x00, 0x00, 0x00, 0x00,
    0x00, 0x00, 0x00, 0x00, 0x00, 0x00, 0x00, 0x00, 0x00, 0x00, 0x00, 0x00, 0x00, 0x00, 0x00, 0x00, 0x00, 0x00, 0x00, 0x00, 0x00, 0xf5, 0xd5, 0x40,
    0xea, 0x72, 0xbf, 0x93, 0xc5, 0xff, 0xd8, 0xee, 0xff, 0x56, 0xde, 0xff, 0x97, 0xe6, 0xff, 0x19, 0xff, 0xff, 0x19, 0xff, 0xff, 0xf9, 0xee, 0xff,
    0xbc, 0xff, 0xff, 0x78, 0xd6, 0xff, 0xe7, 0x39, 0xff, 0x48, 0x42, 0xff, 0x28, 0x42, 0xff, 0x07, 0x3a, 0xff, 0xa6, 0x31, 0xff, 0x65, 0x29, 0xff,
    0xa9, 0x4a, 0xff, 0xc6, 0x31, 0xff, 0x85, 0x29, 0xff, 0xc7, 0x31, 0xff, 0xc6, 0x31, 0xff, 0xa6, 0x31, 0xff, 0xc6, 0x31, 0xff, 0xa6, 0x31, 0xff,
    0xa6, 0x31, 0xff, 0xc6, 0x31, 0xff, 0xc6, 0x31, 0xff, 0xc6, 0x31, 0xff, 0xa6, 0x29, 0xff, 0xc7, 0x31, 0xff, 0x24, 0x19, 0xbf, 0x75, 0xa5, 0x40,
    0x00, 0x00, 0x00, 0x00, 0x00, 0x00, 0x00, 0x00, 0x00, 0x00, 0x00, 0x00, 0x00, 0x00, 0x00, 0x00, 0x00, 0x00, 0x00, 0x00, 0x00, 0x00, 0x00, 0x00,
    0x00, 0x00, 0x00, 0x00, 0x00, 0x00, 0x00, 0x00, 0x00, 0x00, 0x00, 0x00, 0x00, 0x00, 0x00, 0x00, 0x00, 0x00, 0x00, 0x00, 0x00, 0x00, 0x00, 0x00,
    0x00, 0x00, 0x00, 0x00, 0x00, 0x00, 0x00, 0x00, 0x00, 0x00, 0x00, 0x00, 0x00, 0x00, 0x00, 0x00, 0x00, 0x00, 0x00, 0x00, 0x00, 0x00, 0x00, 0x00,
    0x00, 0x00, 0x00, 0x00, 0x00, 0x00, 0x1a, 0xef, 0x40, 0x35, 0xee, 0xbf, 0x11, 0xb5, 0xff, 0x93, 0xbd, 0xff, 0x97, 0xee, 0xff, 0xf8, 0xfe, 0xff,
    0xd7, 0xfe, 0xff, 0xf8, 0xfe, 0xff, 0xf9, 0xfe, 0xff, 0xd8, 0xee, 0xff, 0x5a, 0xff, 0xff, 0x0b, 0x63, 0xff, 0xe7, 0x39, 0xff, 0x48, 0x42, 0xff,
    0xa6, 0x29, 0xff, 0xe7, 0x39, 0xff, 0x53, 0xad, 0xff, 0xf5, 0xd5, 0xff, 0x37, 0xce, 0xff, 0x48, 0x4a, 0xff, 0xa6, 0x31, 0xff, 0xe7, 0x39, 0xff,
    0xe7, 0x31, 0xff, 0xc6, 0x31, 0xff, 0xc6, 0x31, 0xff, 0xa6, 0x31, 0xff, 0xc6, 0x31, 0xff, 0xa6, 0x31, 0xff, 0xa6, 0x29, 0xff, 0xa6, 0x29, 0xff,
    0xc7, 0x31, 0xff, 0x24, 0x21, 0xbf, 0xf6, 0xb5, 0x40, 0x00, 0x00, 0x00, 0x00, 0x00, 0x00, 0x00, 0x00, 0x00, 0x00, 0x00, 0x00, 0x00, 0x00, 0x00,
    0x00, 0x00, 0x00, 0x00, 0x00, 0x00, 0x00, 0x00, 0x00, 0x00, 0x00, 0x00, 0x00, 0x00, 0x00, 0x00, 0x00, 0x00, 0x00, 0x00, 0x00, 0x00, 0x00, 0x00,
    0x00, 0x00, 0x00, 0x00, 0x00, 0x00, 0x00, 0x00, 0x00, 0x00, 0x00, 0x00, 0x00, 0x00, 0x00, 0x00, 0x00, 0x00, 0x00, 0x00, 0x00, 0x00, 0x00, 0x00,
    0x00, 0x00, 0x00, 0x00, 0x00, 0x00, 0x00, 0x00, 0x00, 0x00, 0x00, 0x00, 0xfd, 0xef, 0x10, 0x3b, 0xef, 0x60, 0x96, 0xfe, 0xcf, 0x4c, 0x73, 0xff,
    0x6d, 0x73, 0xff, 0xd4, 0xcd, 0xff, 0x35, 0xe6, 0xff, 0xd7, 0xfe, 0xff, 0xd8, 0xfe, 0xff, 0xd8, 0xfe, 0xff, 0xb8, 0xfe, 0xff, 0x3a, 0xff, 0xff,
    0xce, 0x83, 0xff, 0xc6, 0x31, 0xff, 0x07, 0x3a, 0xff, 0xea, 0x5a, 0xff, 0xf5, 0xd5, 0xff, 0x11, 0xd5, 0xff, 0xb3, 0xdd, 0xff, 0x97, 0xfe, 0xff,
    0xd5, 0xc5, 0xff, 0x65, 0x29, 0xff, 0xe7, 0x31, 0xff, 0xe7, 0x39, 0xff, 0xc6, 0x31, 0xff, 0xa6, 0x31, 0xff, 0xa6, 0x31, 0xff, 0xa6, 0x31, 0xff,
    0xa6, 0x29, 0xff, 0xa6, 0x31, 0xff, 0xa6, 0x31, 0xff, 0xc6, 0x31, 0xff, 0xe7, 0x31, 0xbf, 0xfb, 0xde, 0x40, 0x00, 0x00, 0x00, 0x00, 0x00, 0x00,
    0x00, 0x00, 0x00, 0x00, 0x00, 0x00, 0x00, 0x00, 0x00, 0x00, 0x00, 0x00, 0x00, 0x00, 0x00, 0x00, 0x00, 0x00, 0x00, 0x00, 0x00, 0x00, 0x00, 0x00,
    0x00, 0x00, 0x00, 0x00, 0x00, 0x00, 0x00, 0x00, 0x00, 0x00, 0x00, 0x00, 0x00, 0x00, 0x00, 0x00, 0x00, 0x00, 0x00, 0x00, 0x00, 0x00, 0x00, 0x00,
    0x00, 0x00, 0x00, 0x00, 0x00, 0x00, 0x00, 0x00, 0x00, 0x00, 0x00, 0x00, 0x00, 0x00, 0x00, 0x00, 0x00, 0x00, 0x00, 0x00, 0x00, 0xff, 0xff, 0x30,
    0xd9, 0xee, 0x9f, 0x96, 0xfe, 0xef, 0xb3, 0xd5, 0xff, 0xd4, 0xd5, 0xff, 0xb7, 0xfe, 0xff, 0xb7, 0xfe, 0xff, 0xd8, 0xfe, 0xff, 0xf8, 0xfe, 0xff,
    0xf8, 0xfe, 0xff, 0xd8, 0xfe, 0xff, 0x5a, 0xff, 0xff, 0xb1, 0x9c, 0xff, 0x65, 0x29, 0xff, 0x68, 0x4a, 0xff, 0xd8, 0xe6, 0xff, 0x35, 0xfe, 0xff,
    0xf0, 0xdc, 0xff, 0x15, 0xe6, 0xff, 0xd7, 0xfe, 0xff, 0xb8, 0xe6, 0xff, 0xe6, 0x39, 0xff, 0x65, 0x29, 0xff, 0xc6, 0x31, 0xff, 0xc6, 0x31, 0xff,
    0xa6, 0x31, 0xff, 0xa6, 0x29, 0xff, 0xa6, 0x31, 0xff, 0xa6, 0x29, 0xff, 0xc7, 0x31, 0xff, 0xe7, 0x31, 0xff, 0x86, 0x29, 0xef, 0x0c, 0x5b, 0x9f,
    0xff, 0xff, 0x30, 0x00, 0x00, 0x00, 0x00, 0x00, 0x00, 0x00, 0x00, 0x00, 0x00, 0x00, 0x00, 0x00, 0x00, 0x00, 0x00, 0x00, 0x00, 0x00, 0x00, 0x00,
    0x00, 0x00, 0x00, 0x00, 0x00, 0x00, 0x00, 0x00, 0x00, 0x00, 0x00, 0x00, 0x00, 0x00, 0x00, 0x00, 0x00, 0x00, 0x00, 0x00, 0x00, 0x00, 0x00, 0x00,
    0x00, 0x00, 0x00, 0x00, 0x00, 0x00, 0x00, 0x00, 0x00, 0x00, 0x00, 0x00, 0x00, 0x00, 0x00, 0x00, 0x00, 0x00, 0x00, 0x00, 0x00, 0x00, 0x00, 0x00,
    0x00, 0x00, 0x00, 0xfd, 0xef, 0x10, 0x5c, 0xff, 0x60, 0xb7, 0xfe, 0xcf, 0xd8, 0xfe, 0xff, 0x55, 0xee, 0xff, 0x76, 0xfe, 0xff, 0xb8, 0xfe, 0xff,
    0xf9, 0xfe, 0xff, 0xf9, 0xfe, 0xff, 0x19, 0xff, 0xff, 0x19, 0xff, 0xff, 0xd8, 0xfe, 0xff, 0x39, 0xff, 0xff, 0x73, 0xb5, 0xff, 0x23, 0x19, 0xff,
    0x12, 0xad, 0xff, 0x19, 0xff, 0xff, 0xb3, 0xe5, 0xff, 0xf0, 0xdc, 0xff, 0x55, 0xee, 0xff, 0x76, 0xfe, 0xff, 0x55, 0xde, 0xff, 0x85, 0x31, 0xff,
    0x44, 0x19, 0xff, 0x85, 0x29, 0xff, 0xa6, 0x29, 0xff, 0xa6, 0x29, 0xff, 0x86, 0x29, 0xff, 0xa6, 0x31, 0xff, 0xa6, 0x31, 0xff, 0xc7, 0x31, 0xff,
    0x08, 0x3a, 0xff, 0x66, 0x29, 0xcf, 0x75, 0xad, 0x60, 0xff, 0xff, 0x10, 0x00, 0x00, 0x00, 0x00, 0x00, 0x00, 0x00, 0x00, 0x00, 0x00, 0x00, 0x00,
    0x00, 0x00, 0x00, 0x00, 0x00, 0x00, 0x00, 0x00, 0x00, 0x00, 0x00, 0x00, 0x00, 0x00, 0x00, 0x00, 0x00, 0x00, 0x00, 0x00, 0x00, 0x00, 0x00, 0x00,
    0x00, 0x00, 0x00, 0x00, 0x00, 0x00, 0x00, 0x00, 0x00, 0x00, 0x00, 0x00, 0x00, 0x00, 0x00, 0x00, 0x00, 0x00, 0x00, 0x00, 0x00, 0x00, 0x00, 0x00,
    0x00, 0x00, 0x00, 0x00, 0x00, 0x00, 0x00, 0x00, 0x00, 0xbd, 0xef, 0x10, 0x9d, 0xff, 0x50, 0xb7, 0xfe, 0xaf, 0xf8, 0xfe, 0xef, 0xd8, 0xfe, 0xff,
    0x97, 0xee, 0xff, 0xb8, 0xfe, 0xff, 0xf9, 0xfe, 0xff, 0x19, 0xff, 0xff, 0x19, 0xff, 0xff, 0xf9, 0xfe, 0xff, 0xf9, 0xfe, 0xff, 0xd8, 0xfe, 0xff,
    0x19, 0xff, 0xff, 0xf5, 0xcd, 0xff, 0x6c, 0x73, 0xff, 0xf9, 0xfe, 0xff, 0xb8, 0xfe, 0xff, 0x97, 0xfe, 0xff, 0x0c, 0xc4, 0xff, 0x92, 0xe5, 0xff,
    0x76, 0xfe, 0xff, 0xd4, 0xdd, 0xff, 0x65, 0x29, 0xff, 0x24, 0x19, 0xff, 0x65, 0x29, 0xff, 0x85, 0x29, 0xff, 0x86, 0x29, 0xff, 0x86, 0x29, 0xff,
    0xa6, 0x29, 0xff, 0xa6, 0x29, 0xff, 0xc6, 0x31, 0xff, 0xc7, 0x31, 0xef, 0x08, 0x3a, 0x9f, 0x3b, 0xdf, 0x30, 0x00, 0x00, 0x00, 0x00, 0x00, 0x00,
    0x00, 0x00, 0x00, 0x00, 0x00, 0x00, 0x00, 0x00, 0x00, 0x00, 0x00, 0x00, 0x00, 0x00, 0x00, 0x00, 0x00, 0x00, 0x00, 0x00, 0x00, 0x00, 0x00, 0x00,
    0x00, 0x00, 0x00, 0x00, 0x00, 0x00, 0x00, 0x00, 0x00, 0x00, 0x00, 0x00, 0x00, 0x00, 0x00, 0x00, 0x00, 0x00, 0x00, 0x00, 0x00, 0x00, 0x00, 0x00,
    0x00, 0x00, 0x00, 0x00, 0x00, 0x00, 0x00, 0x00, 0x00, 0x00, 0x00, 0x00, 0x00, 0x00, 0x00, 0x00, 0x00, 0x00, 0x9d, 0xef, 0x30, 0x97, 0xfe, 0x9f,
    0x96, 0xfe, 0xef, 0xd8, 0xfe, 0xff, 0xd8, 0xfe, 0xff, 0x97, 0xfe, 0xff, 0xb8, 0xfe, 0xff, 0xf8, 0xfe, 0xff, 0xf8, 0xfe, 0xff, 0xf8, 0xfe, 0xff,
    0xd8, 0xfe, 0xff, 0xd8, 0xfe, 0xff, 0xd8, 0xfe, 0xff, 0xd8, 0xfe, 0xff, 0xd8, 0xfe, 0xff, 0xf9, 0xfe, 0xff, 0xd8, 0xfe, 0xff, 0x3a, 0xff, 0xff,
    0x51, 0xd5, 0xff, 0xae, 0xcc, 0xff, 0x15, 0xee, 0xff, 0xf9, 0xfe, 0xff, 0x72, 0xd5, 0xff, 0xc6, 0x39, 0xff, 0x65, 0x21, 0xff, 0x85, 0x29, 0xff,
    0x65, 0x29, 0xff, 0x85, 0x29, 0xff, 0x85, 0x29, 0xff, 0x85, 0x29, 0xff, 0x85, 0x29, 0xff, 0xc7, 0x31, 0xff, 0x24, 0x19, 0xcf, 0x71, 0x84, 0x60,
    0xff, 0xff, 0x10, 0x00, 0x00, 0x00, 0x00, 0x00, 0x00, 0x00, 0x00, 0x00, 0x00, 0x00, 0x00, 0x00, 0x00, 0x00, 0x00, 0x00, 0x00, 0x00, 0x00, 0x00,
    0x00, 0x00, 0x00, 0x00, 0x00, 0x00, 0x00, 0x00, 0x00, 0x00, 0x00, 0x00, 0x00, 0x00, 0x00, 0x00, 0x00, 0x00, 0x00, 0x00, 0x00, 0x00, 0x00, 0x00,
    0x00, 0x00, 0x00, 0x00, 0x00, 0x00, 0x00, 0x00, 0x00, 0x00, 0x00, 0x00, 0x00, 0x00, 0x00, 0x00, 0x00, 0x00, 0x00, 0x00, 0x00, 0x00, 0x00, 0x00,
    0x00, 0x00, 0x00, 0x1a, 0xef, 0x40, 0xb7, 0xfe, 0xbf, 0xf8, 0xfe, 0xff, 0xd8, 0xfe, 0xff, 0xd8, 0xfe, 0xff, 0x97, 0xfe, 0xff, 0xb7, 0xfe, 0xff,
    0xd8, 0xfe, 0xff, 0xd8, 0xfe, 0xff, 0xd8, 0xfe, 0xff, 0xb7, 0xfe, 0xff, 0xb7, 0xfe, 0xff, 0xb7, 0xfe, 0xff, 0xb8, 0xfe, 0xff, 0xb8, 0xfe, 0xff,
    0xb8, 0xfe, 0xff, 0xd8, 0xfe, 0xff, 0xf9, 0xfe, 0xff, 0xb3, 0xdd, 0xff, 0xb8, 0xee, 0xff, 0x7b, 0xff, 0xff, 0x77, 0xe6, 0xff, 0x10, 0xcd, 0xff,
    0x27, 0x42, 0xff, 0x85, 0x29, 0xff, 0xa6, 0x29, 0xff, 0x86, 0x29, 0xff, 0x65, 0x29, 0xff, 0x65, 0x21, 0xff, 0x65, 0x21, 0xff, 0x65, 0x29, 0xff,
    0x45, 0x21, 0xef, 0xe7, 0x31, 0x9f, 0x5c, 0xe7, 0x30, 0x00, 0x00, 0x00, 0x00, 0x00, 0x00, 0x00, 0x00, 0x00, 0x00, 0x00, 0x00, 0x00, 0x00, 0x00,
    0x00, 0x00, 0x00, 0x00, 0x00, 0x00, 0x00, 0x00, 0x00, 0x00, 0x00, 0x00, 0x00, 0x00, 0x00, 0x00, 0x00, 0x00, 0x00, 0x00, 0x00, 0x00, 0x00, 0x00,
    0x00, 0x00, 0x00, 0x00, 0x00, 0x00, 0x00, 0x00, 0x00, 0x00, 0x00, 0x00, 0x00, 0x00, 0x00, 0x00, 0x00, 0x00, 0x00, 0x00, 0x00, 0x00, 0x00, 0x00,
    0x00, 0x00, 0x00, 0x00, 0x00, 0x00, 0x00, 0x00, 0x00, 0x00, 0x00, 0x00, 0x1a, 0xef, 0x30, 0x72, 0xd5, 0x9f, 0x14, 0xe6, 0xef, 0x96, 0xee, 0xff,
    0x97, 0xfe, 0xff, 0xb7, 0xfe, 0xff, 0xb7, 0xfe, 0xff, 0xb7, 0xfe, 0xff, 0xb8, 0xfe, 0xff, 0xb8, 0xfe, 0xff, 0xb7, 0xfe, 0xff, 0xb7, 0xfe, 0xff,
    0xb7, 0xfe, 0xff, 0xb8, 0xfe, 0xff, 0xb8, 0xfe, 0xff, 0xb8, 0xfe, 0xff, 0xd8, 0xfe, 0xff, 0xf9, 0xfe, 0xff, 0x5a, 0xff, 0xff, 0x7b, 0xff, 0xff,
    0x56, 0xe6, 0xff, 0xcf, 0xc4, 0xff, 0x51, 0xcd, 0xff, 0xe6, 0x39, 0xff, 0xa6, 0x29, 0xff, 0xa6, 0x29, 0xff, 0x86, 0x29, 0xff, 0x65, 0x21, 0xff,
    0x65, 0x21, 0xff, 0x65, 0x21, 0xff, 0x65, 0x21, 0xef, 0xe3, 0x10, 0xaf, 0xd6, 0xb5, 0x50, 0xff, 0xff, 0x10, 0x00, 0x00, 0x00, 0x00, 0x00, 0x00,
    0x00, 0x00, 0x00, 0x00, 0x00, 0x00, 0x00, 0x00, 0x00, 0x00, 0x00, 0x00, 0x00, 0x00, 0x00, 0x00, 0x00, 0x00, 0x00, 0x00, 0x00, 0x00, 0x00, 0x00,
    0x00, 0x00, 0x00, 0x00, 0x00, 0x00, 0x00, 0x00, 0x00, 0x00, 0x00, 0x00, 0x00, 0x00, 0x00, 0x00, 0x00, 0x00, 0x00, 0x00, 0x00, 0x00, 0x00, 0x00,
    0x00, 0x00, 0x00, 0x00, 0x00, 0x00, 0x00, 0x00, 0x00, 0x00, 0x00, 0x00, 0x00, 0x00, 0x00, 0x00, 0x00, 0x00, 0x00, 0x00, 0x00, 0xff, 0xff, 0x10,
    0xda, 0xe6, 0x50, 0x11, 0xcd, 0xaf, 0x51, 0xdd, 0xef, 0x97, 0xfe, 0xff, 0x97, 0xfe, 0xff, 0xb7, 0xfe, 0xff, 0xb7, 0xfe, 0xff, 0xb7, 0xfe, 0xff,
    0xb7, 0xfe, 0xff, 0xb7, 0xfe, 0xff, 0xb7, 0xfe, 0xff, 0xb8, 0xfe, 0xff, 0xd8, 0xfe, 0xff, 0xb7, 0xfe, 0xff, 0xb7, 0xfe, 0xff, 0xb8, 0xfe, 0xff,
    0x56, 0xee, 0xff, 0x35, 0xe6, 0xff, 0x72, 0xd5, 0xff, 0x4d, 0xbc, 0xff, 0x11, 0xcd, 0xff, 0x51, 0xcd, 0xff, 0xa5, 0x31, 0xff, 0xa6, 0x29, 0xff,
    0x86, 0x29, 0xff, 0x85, 0x29, 0xff, 0x85, 0x29, 0xff, 0x65, 0x21, 0xff, 0x86, 0x29, 0xff, 0xc3, 0x10, 0xcf, 0x92, 0x8c, 0x60, 0xff, 0xff, 0x10,
    0x00, 0x00, 0x00, 0x00, 0x00, 0x00, 0x00, 0x00, 0x00, 0x00, 0x00, 0x00, 0x00, 0x00, 0x00, 0x00, 0x00, 0x00, 0x00, 0x00, 0x00, 0x00, 0x00, 0x00,
    0x00, 0x00, 0x00, 0x00, 0x00, 0x00, 0x00, 0x00, 0x00, 0x00, 0x00, 0x00, 0x00, 0x00, 0x00, 0x00, 0x00, 0x00, 0x00, 0x00, 0x00, 0x00, 0x00, 0x00,
    0x00, 0x00, 0x00, 0x00, 0x00, 0x00, 0x00, 0x00, 0x00, 0x00, 0x00, 0x00, 0x00, 0x00, 0x00, 0x00, 0x00, 0x00, 0x00, 0x00, 0x00, 0x00, 0x00, 0x00,
    0x00, 0x00, 0x00, 0x00, 0x00, 0x00, 0x00, 0x00, 0x00, 0xff, 0xff, 0x10, 0x3b, 0xff, 0x60, 0x76, 0xfe, 0xcf, 0xd8, 0xfe, 0xff, 0xb7, 0xfe, 0xff,
    0xb7, 0xfe, 0xff, 0xb7, 0xfe, 0xff, 0xb7, 0xfe, 0xff, 0xb7, 0xfe, 0xff, 0xb7, 0xfe, 0xff, 0xb7, 0xfe, 0xff, 0xb7, 0xfe, 0xff, 0xb8, 0xfe, 0xff,
    0xb7, 0xfe, 0xff, 0x97, 0xfe, 0xff, 0xb7, 0xfe, 0xff, 0xd3, 0xe5, 0xff, 0x0c, 0xbc, 0xff, 0x4d, 0xbc, 0xff, 0xd0, 0xc4, 0xff, 0x51, 0xd5, 0xff,
    0x72, 0xd5, 0xff, 0xa5, 0x31, 0xff, 0x45, 0x21, 0xff, 0x85, 0x29, 0xff, 0x85, 0x29, 0xff, 0x65, 0x29, 0xff, 0x85, 0x29, 0xff, 0xe3, 0x18, 0xef,
    0xeb, 0x52, 0x9f, 0xff, 0xff, 0x30, 0x00, 0x00, 0x00, 0x00, 0x00, 0x00, 0x00, 0x00, 0x00, 0x00, 0x00, 0x00, 0x00, 0x00, 0x00, 0x00, 0x00, 0x00,
    0x00, 0x00, 0x00, 0x00, 0x00, 0x00, 0x00, 0x00, 0x00, 0x00, 0x00, 0x00, 0x00, 0x00, 0x00, 0x00, 0x00, 0x00, 0x00, 0x00, 0x00, 0x00, 0x00, 0x00,
    0x00, 0x00, 0x00, 0x00, 0x00, 0x00, 0x00, 0x00, 0x00, 0x00, 0x00, 0x00, 0x00, 0x00, 0x00, 0x00, 0x00, 0x00, 0x00, 0x00, 0x00, 0x00, 0x00, 0x00,
    0x00, 0x00, 0x00, 0x00, 0x00, 0x00, 0x00, 0x00, 0x00, 0x00, 0x00, 0x00, 0x00, 0x00, 0x00, 0x00, 0x00, 0x00, 0x00, 0x00, 0x00, 0x78, 0xe6, 0x40,
    0x15, 0xe6, 0xbf, 0xf8, 0xfe, 0xff, 0x97, 0xfe, 0xff, 0xd8, 0xfe, 0xff, 0xd8, 0xfe, 0xff, 0xd8, 0xfe, 0xff, 0xb8, 0xfe, 0xff, 0xb8, 0xfe, 0xff,
    0xb7, 0xfe, 0xff, 0xb8, 0xfe, 0xff, 0xb8, 0xfe, 0xff, 0xb7, 0xfe, 0xff, 0x97, 0xfe, 0xff, 0x76, 0xfe, 0xff, 0xf4, 0xe5, 0xff, 0xd3, 0xe5, 0xff,
    0xd4, 0xe5, 0xff, 0x93, 0xdd, 0xff, 0xb3, 0xdd, 0xff, 0xf4, 0xe5, 0xff, 0x68, 0x52, 0xff, 0x03, 0x19, 0xff, 0x65, 0x29, 0xff, 0x65, 0x21, 0xff,
    0x65, 0x21, 0xff, 0x65, 0x21, 0xef, 0x86, 0x29, 0xaf, 0xfa, 0xd6, 0x50, 0xbd, 0xef, 0x10, 0x00, 0x00, 0x00, 0x00, 0x00, 0x00, 0x00, 0x00, 0x00,
    0x00, 0x00, 0x00, 0x00, 0x00, 0x00, 0x00, 0x00, 0x00, 0x00, 0x00, 0x00, 0x00, 0x00, 0x00, 0x00, 0x00, 0x00, 0x00, 0x00, 0x00, 0x00, 0x00, 0x00,
    0x00, 0x00, 0x00, 0x00, 0x00, 0x00, 0x00, 0x00, 0x00, 0x00, 0x00, 0x00, 0x00, 0x00, 0x00, 0x00, 0x00, 0x00, 0x00, 0x00, 0x00, 0x00, 0x00, 0x00,
    0x00, 0x00, 0x00, 0x00, 0x00, 0x00, 0x00, 0x00, 0x00, 0x00, 0x00, 0x00, 0x00, 0x00, 0x00, 0x00, 0x00, 0x00, 0x00, 0x00, 0x00, 0x00, 0x00, 0x00,
    0x00, 0x00, 0x00, 0x00, 0x00, 0x00, 0x1b, 0xe7, 0x40, 0xf0, 0xcc, 0xbf, 0x11, 0xcd, 0xff, 0x93, 0xd5, 0xff, 0xf8, 0xfe, 0xff, 0xf8, 0xfe, 0xff,
    0xd8, 0xfe, 0xff, 0xd8, 0xfe, 0xff, 0xb8, 0xfe, 0xff, 0xb8, 0xfe, 0xff, 0xb8, 0xfe, 0xff, 0xd8, 0xfe, 0xff, 0xb7, 0xfe, 0xff, 0x76, 0xee, 0xff,
    0x35, 0xee, 0xff, 0xb3, 0xdd, 0xff, 0x55, 0xee, 0xff, 0xb7, 0xfe, 0xff, 0x97, 0xfe, 0xff, 0x35, 0xee, 0xff, 0x14, 0xee, 0xff, 0x4e, 0x9c, 0xff,
    0xe3, 0x10, 0xff, 0x65, 0x29, 0xff, 0x44, 0x21, 0xff, 0x86, 0x29, 0xff, 0x45, 0x21, 0xcf, 0x75, 0xa5, 0x60, 0xff, 0xff, 0x10, 0x00, 0x00, 0x00,
    0x00, 0x00, 0x00, 0x00, 0x00, 0x00, 0x00, 0x00, 0x00, 0x00, 0x00, 0x00, 0x00, 0x00, 0x00, 0x00, 0x00, 0x00, 0x00, 0x00, 0x00, 0x00, 0x00, 0x00,
    0x00, 0x00, 0x00, 0x00, 0x00, 0x00, 0x00, 0x00, 0x00, 0x00, 0x00, 0x00, 0x00, 0x00, 0x00, 0x00, 0x00, 0x00, 0x00, 0x00, 0x00, 0x00, 0x00, 0x00,
    0x00, 0x00, 0x00, 0x00, 0x00, 0x00, 0x00, 0x00, 0x00, 0x00, 0x00, 0x00, 0x00, 0x00, 0x00, 0x00, 0x00, 0x00, 0x00, 0x00, 0x00, 0x00, 0x00, 0x00,
    0x00, 0x00, 0x00, 0x00, 0x00, 0x00, 0x00, 0x00, 0x00, 0x00, 0x00, 0x00, 0x00, 0x00, 0x00, 0xbd, 0xef, 0x40, 0xb3, 0xdd, 0xbf, 0x35, 0xee, 0xff,
    0x96, 0xfe, 0xff, 0x97, 0xfe, 0xff, 0xd8, 0xfe, 0xff, 0xd8, 0xfe, 0xff, 0xd8, 0xfe, 0xff, 0xd8, 0xfe, 0xff, 0xd8, 0xfe, 0xff, 0xb8, 0xfe, 0xff,
    0xb8, 0xfe, 0xff, 0x97, 0xee, 0xff, 0x56, 0xe6, 0xff, 0xf4, 0xe5, 0xff, 0xb3, 0xdd, 0xff, 0xb7, 0xfe, 0xff, 0xd8, 0xfe, 0xff, 0xb7, 0xfe, 0xff,
    0x76, 0xee, 0xff, 0xf4, 0xed, 0xff, 0x15, 0xde, 0xff, 0x07, 0x42, 0xff, 0x04, 0x19, 0xff, 0xa6, 0x31, 0xff, 0x44, 0x21, 0xef, 0x4c, 0x5b, 0x9f,
    0xff, 0xff, 0x30, 0x00, 0x00, 0x00, 0x00, 0x00, 0x00, 0x00, 0x00, 0x00, 0x00, 0x00, 0x00, 0x00, 0x00, 0x00, 0x00, 0x00, 0x00, 0x00, 0x00, 0x00,
    0x00, 0x00, 0x00, 0x00, 0x00, 0x00, 0x00, 0x00, 0x00, 0x00, 0x00, 0x00, 0x00, 0x00, 0x00, 0x00, 0x00, 0x00, 0x00, 0x00, 0x00, 0x00, 0x00, 0x00,
    0x00, 0x00, 0x00, 0x00, 0x00, 0x00, 0x00, 0x00, 0x00, 0x00, 0x00, 0x00, 0x00, 0x00, 0x00, 0x00, 0x00, 0x00, 0x00, 0x00, 0x00, 0x00, 0x00, 0x00,
    0x00, 0x00, 0x00, 0x00, 0x00, 0x00, 0x00, 0x00, 0x00, 0x00, 0x00, 0x00, 0x00, 0x00, 0x00, 0x00, 0x00, 0x00, 0x00, 0x00, 0x00, 0x00, 0x00, 0x00,
    0xbd, 0xef, 0x30, 0x16, 0xde, 0x9f, 0x14, 0xee, 0xef, 0x76, 0xfe, 0xff, 0x76, 0xee, 0xff, 0x97, 0xfe, 0xff, 0xb8, 0xfe, 0xff, 0xb8, 0xfe, 0xff,
    0xd8, 0xfe, 0xff, 0xb8, 0xfe, 0xff, 0xb8, 0xee, 0xff, 0x97, 0xee, 0xff, 0x56, 0xe6, 0xff, 0xf4, 0xdd, 0xff, 0x72, 0xd5, 0xff, 0x15, 0xe6, 0xff,
    0xf9, 0xfe, 0xff, 0xf9, 0xfe, 0xff, 0xd8, 0xfe, 0xff, 0x97, 0xfe, 0xff, 0x35, 0xee, 0xff, 0x35, 0xee, 0xff, 0x52, 0xbd, 0xff, 0x0b, 0x6b, 0xff,
    0xa5, 0x31, 0xff, 0x44, 0x21, 0xcf, 0x17, 0xbe, 0x60, 0xff, 0xff, 0x10, 0x00, 0x00, 0x00, 0x00, 0x00, 0x00, 0x00, 0x00, 0x00, 0x00, 0x00, 0x00,
    0x00, 0x00, 0x00, 0x00, 0x00, 0x00, 0x00, 0x00, 0x00, 0x00, 0x00, 0x00, 0x00, 0x00, 0x00, 0x00, 0x00, 0x00, 0x00, 0x00, 0x00, 0x00, 0x00, 0x00,
    0x00, 0x00, 0x00, 0x00, 0x00, 0x00, 0x00, 0x00, 0x00, 0x00, 0x00, 0x00, 0x00, 0x00, 0x00, 0x00, 0x00, 0x00, 0x00, 0x00, 0x00, 0x00, 0x00, 0x00,
    0x00, 0x00, 0x00, 0x00, 0x00, 0x00, 0x00, 0x00, 0x00, 0x00, 0x00, 0x00, 0x00, 0x00, 0x00, 0x00, 0x00, 0x00, 0x00, 0x00, 0x00, 0x00, 0x00, 0x00,
    0x00, 0x00, 0x00, 0x00, 0x00, 0x00, 0x00, 0x00, 0x00, 0xbd, 0xef, 0x10, 0x5c, 0xef, 0x60, 0x15, 0xe6, 0xcf, 0x97, 0xfe, 0xff, 0x76, 0xfe, 0xff,
    0x76, 0xee, 0xff, 0x76, 0xee, 0xff, 0x97, 0xee, 0xff, 0x97, 0xee, 0xff, 0x97, 0xee, 0xff, 0x76, 0xee, 0xff, 0x35, 0xe6, 0xff, 0xd3, 0xdd, 0xff,
    0x72, 0xd5, 0xff, 0xb3, 0xdd, 0xff, 0xb7, 0xfe, 0xff, 0x19, 0xff, 0xff, 0x19, 0xff, 0xff, 0xf8, 0xfe, 0xff, 0xb7, 0xfe, 0xff, 0x76, 0xee, 0xff,
    0x35, 0xe6, 0xff, 0x35, 0xee, 0xff, 0x35, 0xe6, 0xff, 0x2e, 0x9c, 0xef, 0xca, 0x52, 0x9f, 0xbf, 0xff, 0x30, 0x00, 0x00, 0x00, 0x00, 0x00, 0x00,
    0x00, 0x00, 0x00, 0x00, 0x00, 0x00, 0x00, 0x00, 0x00, 0x00, 0x00, 0x00, 0x00, 0x00, 0x00, 0x00, 0x00, 0x00, 0x00, 0x00, 0x00, 0x00, 0x00, 0x00,
    0x00, 0x00, 0x00, 0x00, 0x00, 0x00, 0x00, 0x00, 0x00, 0x00, 0x00, 0x00, 0x00, 0x00, 0x00, 0x00, 0x00, 0x00, 0x00, 0x00, 0x00, 0x00, 0x00, 0x00,
    0x00, 0x00, 0x00, 0x00, 0x00, 0x00, 0x00, 0x00, 0x00, 0x00, 0x00, 0x00, 0x00, 0x00, 0x00, 0x00, 0x00, 0x00, 0x00, 0x00, 0x00, 0x00, 0x00, 0x00,
    0x00, 0x00, 0x00, 0x00, 0x00, 0x00, 0x00, 0x00, 0x00, 0x00, 0x00, 0x00, 0x00, 0x00, 0x00, 0x00, 0x00, 0x00, 0x00, 0x00, 0x00, 0x5c, 0xef, 0x40,
    0xb7, 0xfe, 0xbf, 0xb7, 0xfe, 0xff, 0x96, 0xfe, 0xff, 0x76, 0xee, 0xff, 0x56, 0xee, 0xff, 0x55, 0xee, 0xff, 0x35, 0xe6, 0xff, 0xf4, 0xdd, 0xff,
    0xb3, 0xd5, 0xff, 0x72, 0xd5, 0xff, 0x52, 0xd5, 0xff, 0x72, 0xd5, 0xff, 0x15, 0xe6, 0xff, 0xd8, 0xfe, 0xff, 0x19, 0xff, 0xff, 0xf9, 0xfe, 0xff,
    0xf8, 0xfe, 0xff, 0xb8, 0xfe, 0xff, 0x76, 0xee, 0xff, 0x56, 0xee, 0xff, 0x15, 0xe6, 0xff, 0xf4, 0xe5, 0xff, 0xd4, 0xdd, 0xcf, 0xb9, 0xde, 0x60,
    0xff, 0xff, 0x10, 0x00, 0x00, 0x00, 0x00, 0x00, 0x00, 0x00, 0x00, 0x00, 0x00, 0x00, 0x00, 0x00, 0x00, 0x00, 0x00, 0x00, 0x00, 0x00, 0x00, 0x00,
    0x00, 0x00, 0x00, 0x00, 0x00, 0x00, 0x00, 0x00, 0x00, 0x00, 0x00, 0x00, 0x00, 0x00, 0x00, 0x00, 0x00, 0x00, 0x00, 0x00, 0x00, 0x00, 0x00, 0x00,
    0x00, 0x00, 0x00, 0x00, 0x00, 0x00, 0x00, 0x00, 0x00, 0x00, 0x00, 0x00, 0x00, 0x00, 0x00, 0x00, 0x00, 0x00, 0x00, 0x00, 0x00, 0x00, 0x00, 0x00,
    0x00, 0x00, 0x00, 0x00, 0x00, 0x00, 0x00, 0x00, 0x00, 0x00, 0x00, 0x00, 0x00, 0x00, 0x00, 0x00, 0x00, 0x00, 0x00, 0x00, 0x00, 0x00, 0x00, 0x00,
    0x00, 0x00, 0x00, 0x00, 0x00, 0x00, 0x1b, 0xe7, 0x40, 0x77, 0xee, 0xbf, 0xd8, 0xfe, 0xff, 0xb7, 0xfe, 0xff, 0x55, 0xee, 0xff, 0xf4, 0xe5, 0xff,
    0xb3, 0xdd, 0xff, 0x72, 0xd5, 0xff, 0x51, 0xcd, 0xff, 0x51, 0xcd, 0xff, 0x51, 0xcd, 0xff, 0x51, 0xd5, 0xff, 0x93, 0xdd, 0xff, 0x35, 0xee, 0xff,
    0xd8, 0xfe, 0xff, 0x19, 0xff, 0xff, 0x19, 0xff, 0xff, 0xd8, 0xfe, 0xff, 0xb7, 0xfe, 0xff, 0x97, 0xfe, 0xff, 0x56, 0xee, 0xff, 0x15, 0xe6, 0xff,
    0xd4, 0xe5, 0xff, 0x72, 0xd5, 0xbf, 0x3b, 0xef, 0x40, 0x00, 0x00, 0x00, 0x00, 0x00, 0x00, 0x00, 0x00, 0x00, 0x00, 0x00, 0x00, 0x00, 0x00, 0x00,
    0x00, 0x00, 0x00, 0x00, 0x00, 0x00, 0x00, 0x00, 0x00, 0x00, 0x00, 0x00, 0x00, 0x00, 0x00, 0x00, 0x00, 0x00, 0x00, 0x00, 0x00, 0x00, 0x00, 0x00,
    0x00, 0x00, 0x00, 0x00, 0x00, 0x00, 0x00, 0x00, 0x00, 0x00, 0x00, 0x00, 0x00, 0x00, 0x00, 0x00, 0x00, 0x00, 0x00, 0x00, 0x00, 0x00, 0x00, 0x00,
    0x00, 0x00, 0x00, 0x00, 0x00, 0x00, 0x00, 0x00, 0x00, 0x00, 0x00, 0x00, 0x00, 0x00, 0x00, 0x00, 0x00, 0x00, 0x00, 0x00, 0x00, 0x00, 0x00, 0x00,
    0x00, 0x00, 0x00, 0x00, 0x00, 0x00, 0x00, 0x00, 0x00, 0x00, 0x00, 0x00, 0x00, 0x00, 0x00, 0x9d, 0xef, 0x30, 0xf5, 0xd5, 0x9f, 0xb3, 0xdd, 0xef,
    0x92, 0xdd, 0xff, 0x10, 0xcd, 0xef, 0xf0, 0xc4, 0xcf, 0x10, 0xc5, 0xbf, 0x10, 0xc5, 0xcf, 0x51, 0xcd, 0xef, 0x51, 0xcd, 0xff, 0x10, 0xcd, 0xff,
    0x51, 0xd5, 0xff, 0xd3, 0xe5, 0xff, 0x55, 0xee, 0xff, 0xf8, 0xfe, 0xff, 0xf9, 0xfe, 0xff, 0xf9, 0xfe, 0xff, 0xd8, 0xfe, 0xff, 0xb7, 0xfe, 0xff,
    0x97, 0xfe, 0xff, 0x76, 0xfe, 0xff, 0x35, 0xee, 0xff, 0xd4, 0xe5, 0xff, 0x72, 0xd5, 0xcf, 0xda, 0xde, 0x60, 0xbd, 0xef, 0x10, 0x00, 0x00, 0x00,
    0x00, 0x00, 0x00, 0x00, 0x00, 0x00, 0x00, 0x00, 0x00, 0x00, 0x00, 0x00, 0x00, 0x00, 0x00, 0x00, 0x00, 0x00, 0x00, 0x00, 0x00, 0x00, 0x00, 0x00,
    0x00, 0x00, 0x00, 0x00, 0x00, 0x00, 0x00, 0x00, 0x00, 0x00, 0x00, 0x00, 0x00, 0x00, 0x00, 0x00, 0x00, 0x00, 0x00, 0x00, 0x00, 0x00, 0x00, 0x00,
    0x00, 0x00, 0x00, 0x00, 0x00, 0x00, 0x00, 0x00, 0x00, 0x00, 0x00, 0x00, 0x00, 0x00, 0x00, 0x00, 0x00, 0x00, 0x00, 0x00, 0x00, 0x00, 0x00, 0x00,
    0x00, 0x00, 0x00, 0x00, 0x00, 0x00, 0x00, 0x00, 0x00, 0x00, 0x00, 0x00, 0x00, 0x00, 0x00, 0x00, 0x00, 0x00, 0x00, 0x00, 0x00, 0x00, 0x00, 0x00,
    0xbd, 0xef, 0x10, 0x7d, 0xef, 0x50, 0x57, 0xde, 0x9f, 0x16, 0xd6, 0xbf, 0x57, 0xde, 0x9f, 0xb9, 0xde, 0x60, 0x3b, 0xe7, 0x40, 0x1b, 0xe7, 0x60,
    0x52, 0xc5, 0xaf, 0xf0, 0xc4, 0xef, 0x51, 0xcd, 0xff, 0xd3, 0xdd, 0xff, 0xf4, 0xe5, 0xff, 0x56, 0xfe, 0xff, 0xd8, 0xfe, 0xff, 0xf9, 0xfe, 0xff,
    0xf9, 0xfe, 0xff, 0xf8, 0xfe, 0xff, 0xd8, 0xfe, 0xff, 0xd8, 0xfe, 0xff, 0x97, 0xfe, 0xff, 0x56, 0xee, 0xff, 0xf4, 0xe5, 0xff, 0x72, 0xdd, 0xef,
    0x98, 0xde, 0x9f, 0xfd, 0xef, 0x30, 0x00, 0x00, 0x00, 0x00, 0x00, 0x00, 0x00, 0x00, 0x00, 0x00, 0x00, 0x00, 0x00, 0x00, 0x00, 0x00, 0x00, 0x00,
    0x00, 0x00, 0x00, 0x00, 0x00, 0x00, 0x00, 0x00, 0x00, 0x00, 0x00, 0x00, 0x00, 0x00, 0x00, 0x00, 0x00, 0x00, 0x00, 0x00, 0x00, 0x00, 0x00, 0x00,
    0x00, 0x00, 0x00, 0x00, 0x00, 0x00, 0x00, 0x00, 0x00, 0x00, 0x00, 0x00, 0x00, 0x00, 0x00, 0x00, 0x00, 0x00, 0x00, 0x00, 0x00, 0x00, 0x00, 0x00,
    0x00, 0x00, 0x00, 0x00, 0x00, 0x00, 0x00, 0x00, 0x00, 0x00, 0x00, 0x00, 0x00, 0x00, 0x00, 0x00, 0x00, 0x00, 0x00, 0x00, 0x00, 0x00, 0x00, 0x00,
    0x00, 0x00, 0x00, 0x00, 0x00, 0x00, 0x00, 0x00, 0x00, 0x00, 0x00, 0x00, 0xbd, 0xef, 0x10, 0xfd, 0xef, 0x30, 0xff, 0xff, 0x40, 0xff, 0xff, 0x30,
    0xff, 0xff, 0x10, 0x00, 0x00, 0x00, 0xff, 0xff, 0x10, 0x78, 0xde, 0x60, 0xf0, 0xc4, 0xcf, 0xd4, 0xdd, 0xff, 0x35, 0xee, 0xff, 0x15, 0xe6, 0xff,
    0x97, 0xfe, 0xff, 0xf8, 0xfe, 0xff, 0xf9, 0xfe, 0xff, 0xf9, 0xfe, 0xff, 0xf9, 0xfe, 0xff, 0xf9, 0xfe, 0xff, 0xf8, 0xfe, 0xff, 0xd8, 0xfe, 0xff,
    0x97, 0xee, 0xff, 0x15, 0xee, 0xff, 0x92, 0xe5, 0xff, 0x57, 0xde, 0xbf, 0xbd, 0xef, 0x40, 0x00, 0x00, 0x00, 0x00, 0x00, 0x00, 0x00, 0x00, 0x00,
    0x00, 0x00, 0x00, 0x00, 0x00, 0x00, 0x00, 0x00, 0x00, 0x00, 0x00, 0x00, 0x00, 0x00, 0x00, 0x00, 0x00, 0x00, 0x00, 0x00, 0x00, 0x00, 0x00, 0x00,
    0x00, 0x00, 0x00, 0x00, 0x00, 0x00, 0x00, 0x00, 0x00, 0x00, 0x00, 0x00, 0x00, 0x00, 0x00, 0x00, 0x00, 0x00, 0x00, 0x00, 0x00, 0x00, 0x00, 0x00,
    0x00, 0x00, 0x00, 0x00, 0x00, 0x00, 0x00, 0x00, 0x00, 0x00, 0x00, 0x00, 0x00, 0x00, 0x00, 0x00, 0x00, 0x00, 0x00, 0x00, 0x00, 0x00, 0x00, 0x00,
    0x00, 0x00, 0x00, 0x00, 0x00, 0x00, 0x00, 0x00, 0x00, 0x00, 0x00, 0x00, 0x00, 0x00, 0x00, 0x00, 0x00, 0x00, 0x00, 0x00, 0x00, 0x00, 0x00, 0x00,
    0x00, 0x00, 0x00, 0x00, 0x00, 0x00, 0x00, 0x00, 0x00, 0x00, 0x00, 0x00, 0x00, 0x00, 0x00, 0x00, 0x00, 0x00, 0x1b, 0xe7, 0x40, 0x52, 0xcd, 0xbf,
    0x35, 0xe6, 0xff, 0x56, 0xee, 0xff, 0x36, 0xe6, 0xff, 0xd8, 0xfe, 0xff, 0x19, 0xff, 0xff, 0xf9, 0xfe, 0xff, 0xf9, 0xfe, 0xff, 0xf9, 0xfe, 0xff,
    0x19, 0xff, 0xff, 0x19, 0xff, 0xff, 0xf9, 0xfe, 0xff, 0xb8, 0xfe, 0xff, 0x56, 0xee, 0xff, 0xd3, 0xe5, 0xff, 0xf5, 0xdd, 0xbf, 0xbd, 0xef, 0x40,
    0x00, 0x00, 0x00, 0x00, 0x00, 0x00, 0x00, 0x00, 0x00, 0x00, 0x00, 0x00, 0x00, 0x00, 0x00, 0x00, 0x00, 0x00, 0x00, 0x00, 0x00, 0x00, 0x00, 0x00,
    0x00, 0x00, 0x00, 0x00, 0x00, 0x00, 0x00, 0x00, 0x00, 0x00, 0x00, 0x00, 0x00, 0x00, 0x00, 0x00, 0x00, 0x00, 0x00, 0x00, 0x00, 0x00, 0x00, 0x00,
    0x00, 0x00, 0x00, 0x00, 0x00, 0x00, 0x00, 0x00, 0x00, 0x00, 0x00, 0x00, 0x00, 0x00, 0x00, 0x00, 0x00, 0x00, 0x00, 0x00, 0x00, 0x00, 0x00, 0x00,
    0x00, 0x00, 0x00, 0x00, 0x00, 0x00, 0x00, 0x00, 0x00, 0x00, 0x00, 0x00, 0x00, 0x00, 0x00, 0x00, 0x00, 0x00, 0x00, 0x00, 0x00, 0x00, 0x00, 0x00,
    0x00, 0x00, 0x00, 0x00, 0x00, 0x00, 0x00, 0x00, 0x00, 0x00, 0x00, 0x00, 0x00, 0x00, 0x00, 0x00, 0x00, 0x00, 0x00, 0x00, 0x00, 0x00, 0x00, 0x00,
    0x00, 0x00, 0x00, 0x5c, 0xe7, 0x40, 0xd4, 0xdd, 0xbf, 0x76, 0xee, 0xff, 0x56, 0xee, 0xff, 0x56, 0xee, 0xff, 0xf9, 0xfe, 0xff, 0x19, 0xff, 0xff,
    0xf9, 0xfe, 0xff, 0xf9, 0xfe, 0xff, 0xf9, 0xfe, 0xff, 0x19, 0xff, 0xff, 0x1a, 0xff, 0xff, 0x19, 0xff, 0xff, 0xf9, 0xfe, 0xff, 0x97, 0xee, 0xff,
    0x35, 0xee, 0xff, 0xd4, 0xdd, 0xbf, 0x5c, 0xe7, 0x40, 0x00, 0x00, 0x00, 0x00, 0x00, 0x00, 0x00, 0x00, 0x00, 0x00, 0x00, 0x00, 0x00, 0x00, 0x00,
    0x00, 0x00, 0x00, 0x00, 0x00, 0x00, 0x00, 0x00, 0x00, 0x00, 0x00, 0x00, 0x00, 0x00, 0x00, 0x00, 0x00, 0x00, 0x00, 0x00, 0x00, 0x00, 0x00, 0x00,
    0x00, 0x00, 0x00, 0x00, 0x00, 0x00, 0x00, 0x00, 0x00, 0x00, 0x00, 0x00, 0x00, 0x00, 0x00, 0x00, 0x00, 0x00, 0x00, 0x00, 0x00, 0x00, 0x00, 0x00,
    0x00, 0x00, 0x00, 0x00, 0x00, 0x00, 0x00, 0x00, 0x00, 0x00, 0x00, 0x00, 0x00, 0x00, 0x00, 0x00, 0x00, 0x00, 0x00, 0x00, 0x00, 0x00, 0x00, 0x00,
    0x00, 0x00, 0x00, 0x00, 0x00, 0x00, 0x00, 0x00, 0x00, 0x00, 0x00, 0x00, 0x00, 0x00, 0x00, 0x00, 0x00, 0x00, 0x00, 0x00, 0x00, 0x00, 0x00, 0x00,
    0x00, 0x00, 0x00, 0x00, 0x00, 0x00, 0x00, 0x00, 0x00, 0x00, 0x00, 0x00, 0x9d, 0xef, 0x30, 0x16, 0xde, 0x9f, 0x35, 0xee, 0xef, 0x35, 0xe6, 0xff,
    0x76, 0xee, 0xff, 0xf8, 0xfe, 0xff, 0xf9, 0xfe, 0xff, 0xf9, 0xfe, 0xff, 0xf9, 0xfe, 0xff, 0x19, 0xff, 0xff, 0x3a, 0xff, 0xff, 0x3a, 0xff, 0xff,
    0x5a, 0xff, 0xff, 0x3a, 0xff, 0xff, 0xf8, 0xfe, 0xff, 0xd7, 0xfe, 0xff, 0x35, 0xfe, 0xcf, 0x1a, 0xff, 0x60, 0xff, 0xff, 0x10, 0x00, 0x00, 0x00,
    0x00, 0x00, 0x00, 0x00, 0x00, 0x00, 0x00, 0x00, 0x00, 0x00, 0x00, 0x00, 0x00, 0x00, 0x00, 0x00, 0x00, 0x00, 0x00, 0x00, 0x00, 0x00, 0x00, 0x00,
    0x00, 0x00, 0x00, 0x00, 0x00, 0x00, 0x00, 0x00, 0x00, 0x00, 0x00, 0x00, 0x00, 0x00, 0x00, 0x00, 0x00, 0x00, 0x00, 0x00, 0x00, 0x00, 0x00, 0x00,
    0x00, 0x00, 0x00, 0x00, 0x00, 0x00, 0x00, 0x00, 0x00, 0x00, 0x00, 0x00, 0x00, 0x00, 0x00, 0x00, 0x00, 0x00, 0x00, 0x00, 0x00, 0x00, 0x00, 0x00,
    0x00, 0x00, 0x00, 0x00, 0x00, 0x00, 0x00, 0x00, 0x00, 0x00, 0x00, 0x00, 0x00, 0x00, 0x00, 0x00, 0x00, 0x00, 0x00, 0x00, 0x00, 0x00, 0x00, 0x00,
    0x00, 0x00, 0x00, 0x00, 0x00, 0x00, 0x00, 0x00, 0x00, 0x00, 0x00, 0x00, 0x00, 0x00, 0x00, 0x00, 0x00, 0x00, 0x00, 0x00, 0x00, 0xfd, 0xef, 0x10,
    0xda, 0xde, 0x60, 0xf4, 0xe5, 0xcf, 0x35, 0xee, 0xff, 0x76, 0xfe, 0xff, 0xd7, 0xfe, 0xff, 0xd8, 0xfe, 0xff, 0xd8, 0xfe, 0xff, 0xd8, 0xfe, 0xff,
    0x5a, 0xff, 0xff, 0x9c, 0xff, 0xff, 0x5b, 0xe7, 0xff, 0xb8, 0xc6, 0xff, 0x75, 0xae, 0xff, 0x73, 0x76, 0xff, 0x73, 0x76, 0xff, 0x73, 0x76, 0xef,
    0x73, 0x76, 0xaf, 0x97, 0xb6, 0x50, 0xbd, 0xef, 0x10, 0x00, 0x00, 0x00, 0x00, 0x00, 0x00, 0x00, 0x00, 0x00, 0x00, 0x00, 0x00, 0x00, 0x00, 0x00,
    0x00, 0x00, 0x00, 0x00, 0x00, 0x00, 0x00, 0x00, 0x00, 0x00, 0x00, 0x00, 0x00, 0x00, 0x00, 0x00, 0x00, 0x00, 0x00, 0x00, 0x00, 0x00, 0x00, 0x00,
    0x00, 0x00, 0x00, 0x00, 0x00, 0x00, 0x00, 0x00, 0x00, 0x00, 0x00, 0x00, 0x00, 0x00, 0x00, 0x00, 0x00, 0x00, 0x00, 0x00, 0x00, 0x00, 0x00, 0x00,
    0x00, 0x00, 0x00, 0x00, 0x00, 0x00, 0x00, 0x00, 0x00, 0x00, 0x00, 0x00, 0x00, 0x00, 0x00, 0x00, 0x00, 0x00, 0x00, 0x00, 0x00, 0x00, 0x00, 0x00,
    0x00, 0x00, 0x00, 0x00, 0x00, 0x00, 0x00, 0x00, 0x00, 0x00, 0x00, 0x00, 0x00, 0x00, 0x00, 0x00, 0x00, 0x00, 0x00, 0x00, 0x00, 0x00, 0x00, 0x00,
    0x00, 0x00, 0x00, 0x00, 0x00, 0x00, 0x00, 0x00, 0x00, 0x9d, 0xef, 0x40, 0x15, 0xde, 0xbf, 0x14, 0xee, 0xff, 0x96, 0xfe, 0xff, 0xd7, 0xfe, 0xff,
    0xb7, 0xfe, 0xff, 0xd7, 0xfe, 0xff, 0x39, 0xff, 0xff, 0xf9, 0xce, 0xff, 0x73, 0x76, 0xff, 0x32, 0x6e, 0xff, 0x32, 0x66, 0xff, 0x31, 0x5e, 0xff,
    0x31, 0x5e, 0xff, 0x31, 0x56, 0xff, 0x31, 0x56, 0xff, 0xf0, 0x55, 0xef, 0x6e, 0x45, 0xaf, 0xd8, 0xbe, 0x50, 0xff, 0xff, 0x10, 0x00, 0x00, 0x00,
    0x00, 0x00, 0x00, 0x00, 0x00, 0x00, 0x00, 0x00, 0x00, 0x00, 0x00, 0x00, 0x00, 0x00, 0x00, 0x00, 0x00, 0x00, 0x00, 0x00, 0x00, 0x00, 0x00, 0x00,
    0x00, 0x00, 0x00, 0x00, 0x00, 0x00, 0x00, 0x00, 0x00, 0x00, 0x00, 0x00, 0x00, 0x00, 0x00, 0x00, 0x00, 0x00, 0x00, 0x00, 0x00, 0x00, 0x00, 0x00,
    0x00, 0x00, 0x00, 0x00, 0x00, 0x00, 0x00, 0x00, 0x00, 0x00, 0x00, 0x00, 0x00, 0x00, 0x00, 0x00, 0x00, 0x00, 0x00, 0x00, 0x00, 0x00, 0x00, 0x00,
    0x00, 0x00, 0x00, 0x00, 0x00, 0x00, 0x00, 0x00, 0x00, 0x00, 0x00, 0x00, 0x00, 0x00, 0x00, 0x00, 0x00, 0x00, 0x00, 0x00, 0x00, 0x00, 0x00, 0x00,
    0x00, 0x00, 0x00, 0x00, 0x00, 0x00, 0x00, 0x00, 0x00, 0x00, 0x00, 0x00, 0x00, 0x00, 0x00, 0x00, 0x00, 0x00, 0xff, 0xff, 0x40, 0x77, 0xe6, 0xbf,
    0x34, 0xee, 0xff, 0xd7, 0xfe, 0xff, 0xd7, 0xfe, 0xff, 0x18, 0xff, 0xff, 0xd8, 0xd6, 0xff, 0x73, 0x76, 0xff, 0xf1, 0x65, 0xff, 0xf1, 0x65, 0xff,
    0xf1, 0x65, 0xff, 0xf1, 0x65, 0xff, 0xf2, 0x65, 0xff, 0x32, 0x6e, 0xff, 0x32, 0x6e, 0xff, 0x32, 0x6e, 0xff, 0x32, 0x6e, 0xff, 0xf1, 0x5d, 0xef,
    0xf2, 0x6d, 0x9f, 0xbd, 0xef, 0x30, 0x00, 0x00, 0x00, 0x00, 0x00, 0x00, 0x00, 0x00, 0x00, 0x00, 0x00, 0x00, 0x00, 0x00, 0x00, 0x00, 0x00, 0x00,
    0x00, 0x00, 0x00, 0x00, 0x00, 0x00, 0x00, 0x00, 0x00, 0x00, 0x00, 0x00, 0x00, 0x00, 0x00, 0x00, 0x00, 0x00, 0x00, 0x00, 0x00, 0x00, 0x00, 0x00,
    0x00, 0x00, 0x00, 0x00, 0x00, 0x00, 0x00, 0x00, 0x00, 0x00, 0x00, 0x00, 0x00, 0x00, 0x00, 0x00, 0x00, 0x00, 0x00, 0x00, 0x00, 0x00, 0x00, 0x00,
    0x00, 0x00, 0x00, 0x00, 0x00, 0x00, 0x00, 0x00, 0x00, 0x00, 0x00, 0x00, 0x00, 0x00, 0x00, 0x00, 0x00, 0x00, 0x00, 0x00, 0x00, 0x00, 0x00, 0x00,
    0x00, 0x00, 0x00, 0x00, 0x00, 0x00, 0x00, 0x00, 0x00, 0x00, 0x00, 0x00, 0x00, 0x00, 0x00, 0x00, 0x00, 0x00, 0x00, 0x00, 0x00, 0x00, 0x00, 0x00,
    0x00, 0x00, 0x00, 0xfd, 0xef, 0x40, 0x98, 0xe6, 0xbf, 0x35, 0xe6, 0xff, 0x19, 0xff, 0xff, 0x39, 0xff, 0xff, 0x75, 0xae, 0xff, 0x32, 0x6e, 0xff,
    0xb0, 0x55, 0xff, 0xf1, 0x65, 0xff, 0x32, 0x6e, 0xff, 0x32, 0x6e, 0xff, 0x32, 0x6e, 0xff, 0x32, 0x6e, 0xff, 0x32, 0x6e, 0xff, 0x32, 0x6e, 0xff,
    0x32, 0x6e, 0xff, 0x32, 0x6e, 0xff, 0x32, 0x6e, 0xff, 0xf1, 0x5d, 0xcf, 0xb7, 0xb6, 0x60, 0xff, 0xff, 0x10, 0x00, 0x00, 0x00, 0x00, 0x00, 0x00,
    0x00, 0x00, 0x00, 0x00, 0x00, 0x00, 0x00, 0x00, 0x00, 0x00, 0x00, 0x00, 0x00, 0x00, 0x00, 0x00, 0x00, 0x00, 0x00, 0x00, 0x00, 0x00, 0x00, 0x00,
    0x00, 0x00, 0x00, 0x00, 0x00, 0x00, 0x00, 0x00, 0x00, 0x00, 0x00, 0x00, 0x00, 0x00, 0x00, 0x00, 0x00, 0x00, 0x00, 0x00, 0x00, 0x00, 0x00, 0x00,
    0x00, 0x00, 0x00, 0x00, 0x00, 0x00, 0x00, 0x00, 0x00, 0x00, 0x00, 0x00, 0x00, 0x00, 0x00, 0x00, 0x00, 0x00, 0x00, 0x00, 0x00, 0x00, 0x00, 0x00,
    0x00, 0x00, 0x00, 0x00, 0x00, 0x00, 0x00, 0x00, 0x00, 0x00, 0x00, 0x00, 0x00, 0x00, 0x00, 0x00, 0x00, 0x00, 0x00, 0x00, 0x00, 0x00, 0x00, 0x00,
    0x00, 0x00, 0x00, 0x00, 0x00, 0x00, 0x00, 0x00, 0x00, 0x00, 0x00, 0x00, 0xfd, 0xef, 0x40, 0x98, 0xe6, 0xbf, 0xb7, 0xfe, 0xff, 0xd9, 0xce, 0xff,
    0x73, 0x76, 0xff, 0xf1, 0x65, 0xff, 0x32, 0x6e, 0xff, 0x32, 0x6e, 0xff, 0x73, 0x6e, 0xff, 0x32, 0x6e, 0xff, 0x32, 0x6e, 0xff, 0x32, 0x6e, 0xff,
    0x32, 0x6e, 0xff, 0x32, 0x6e, 0xff, 0x32, 0x6e, 0xff, 0x32, 0x6e, 0xff, 0xf1, 0x65, 0xff, 0xf1, 0x65, 0xff, 0x32, 0x66, 0xef, 0x73, 0x76, 0x9f,
    0xbf, 0xff, 0x30, 0x00, 0x00, 0x00, 0x00, 0x00, 0x00, 0x00, 0x00, 0x00, 0x00, 0x00, 0x00, 0x00, 0x00, 0x00, 0x00, 0x00, 0x00, 0x00, 0x00, 0x00,
    0x00, 0x00, 0x00, 0x00, 0x00, 0x00, 0x00, 0x00, 0x00, 0x00, 0x00, 0x00, 0x00, 0x00, 0x00, 0x00, 0x00, 0x00, 0x00, 0x00, 0x00, 0x00, 0x00, 0x00,
    0x00, 0x00, 0x00, 0x00, 0x00, 0x00, 0x00, 0x00, 0x00, 0x00, 0x00, 0x00, 0x00, 0x00, 0x00, 0x00, 0x00, 0x00, 0x00, 0x00, 0x00, 0x00, 0x00, 0x00,
    0x00, 0x00, 0x00, 0x00, 0x00, 0x00, 0x00, 0x00, 0x00, 0x00, 0x00, 0x00, 0x00, 0x00, 0x00, 0x00, 0x00, 0x00, 0x00, 0x00, 0x00, 0x00, 0x00, 0x00,
    0x00, 0x00, 0x00, 0x00, 0x00, 0x00, 0x00, 0x00, 0x00, 0x00, 0x00, 0x00, 0x00, 0x00, 0x00, 0x00, 0x00, 0x00, 0x9d, 0xef, 0x10, 0x9d, 0xff, 0x60,
    0x97, 0xe6, 0xcf, 0x34, 0xa6, 0xff, 0x32, 0x6e, 0xff, 0x32, 0x6e, 0xff, 0x73, 0x76, 0xff, 0x73, 0x76, 0xff, 0x73, 0x76, 0xff, 0x73, 0x6e, 0xff,
    0x73, 0x6e, 0xff, 0x73, 0x6e, 0xff, 0x32, 0x6e, 0xff, 0x32, 0x6e, 0xff, 0x32, 0x6e, 0xff, 0x32, 0x6e, 0xff, 0x32, 0x6e, 0xff, 0x32, 0x6e, 0xff,
    0xf1, 0x65, 0xff, 0x32, 0x6e, 0xff, 0xf1, 0x5d, 0xcf, 0xb8, 0xbe, 0x60, 0xff, 0xff, 0x10, 0x00, 0x00, 0x00, 0x00, 0x00, 0x00, 0x00, 0x00, 0x00,
    0x00, 0x00, 0x00, 0x00, 0x00, 0x00, 0x00, 0x00, 0x00, 0x00, 0x00, 0x00, 0x00, 0x00, 0x00, 0x00, 0x00, 0x00, 0x00, 0x00, 0x00, 0x00, 0x00, 0x00,
    0x00, 0x00, 0x00, 0x00, 0x00, 0x00, 0x00, 0x00, 0x00, 0x00, 0x00, 0x00, 0x00, 0x00, 0x00, 0x00, 0x00, 0x00, 0x00, 0x00, 0x00, 0x00, 0x00, 0x00,
    0x00, 0x00, 0x00, 0x00, 0x00, 0x00, 0x00, 0x00, 0x00, 0x00, 0x00, 0x00, 0x00, 0x00, 0x00, 0x00, 0x00, 0x00, 0x00, 0x00, 0x00, 0x00, 0x00, 0x00,
    0x00, 0x00, 0x00, 0x00, 0x00, 0x00, 0x00, 0x00, 0x00, 0x00, 0x00, 0x00, 0x00, 0x00, 0x00, 0x00, 0x00, 0x00, 0x00, 0x00, 0x00, 0x00, 0x00, 0x00,
    0x9d, 0xef, 0x10, 0xff, 0xff, 0x50, 0x98, 0xc6, 0xaf, 0xf2, 0x6d, 0xef, 0xf1, 0x5d, 0xff, 0x32, 0x6e, 0xff, 0x73, 0x76, 0xff, 0x73, 0x76, 0xff,
    0x73, 0x76, 0xff, 0x73, 0x76, 0xff, 0x73, 0x6e, 0xff, 0x73, 0x6e, 0xff, 0x73, 0x6e, 0xff, 0x32, 0x6e, 0xff, 0x32, 0x6e, 0xff, 0x32, 0x6e, 0xff,
    0x32, 0x6e, 0xff, 0x32, 0x6e, 0xff, 0x32, 0x6e, 0xff, 0x32, 0x6e, 0xff, 0x32, 0x6e, 0xff, 0xf1, 0x65, 0xef, 0x32, 0x6e, 0x9f, 0xbd, 0xef, 0x30,
    0x00, 0x00, 0x00, 0x00, 0x00, 0x00, 0x00, 0x00, 0x00, 0x00, 0x00, 0x00, 0x00, 0x00, 0x00, 0x00, 0x00, 0x00, 0x00, 0x00, 0x00, 0x00, 0x00, 0x00,
    0x00, 0x00, 0x00, 0x00, 0x00, 0x00, 0x00, 0x00, 0x00, 0x00, 0x00, 0x00, 0x00, 0x00, 0x00, 0x00, 0x00, 0x00, 0x00, 0x00, 0x00, 0x00, 0x00, 0x00,
    0x00, 0x00, 0x00, 0x00, 0x00, 0x00, 0x00, 0x00, 0x00, 0x00, 0x00, 0x00, 0x00, 0x00, 0x00, 0x00, 0x00, 0x00, 0x00, 0x00, 0x00, 0x00, 0x00, 0x00,
    0x00, 0x00, 0x00, 0x00, 0x00, 0x00, 0x00, 0x00, 0x00, 0x00, 0x00, 0x00, 0x00, 0x00, 0x00, 0x00, 0x00, 0x00, 0x00, 0x00, 0x00, 0x00, 0x00, 0x00,
    0x00, 0x00, 0x00, 0x00, 0x00, 0x00, 0xbd, 0xef, 0x10, 0x9c, 0xe7, 0x50, 0x73, 0x76, 0xaf, 0xf1, 0x65, 0xef, 0xf1, 0x5d, 0xff, 0x32, 0x6e, 0xff,
    0x73, 0x6e, 0xff, 0x73, 0x6e, 0xff, 0x73, 0x76, 0xff, 0x73, 0x76, 0xff, 0x73, 0x76, 0xff, 0x73, 0x76, 0xff, 0x73, 0x6e, 0xff, 0x73, 0x6e, 0xff,
    0x32, 0x6e, 0xff, 0x73, 0x6e, 0xff, 0x32, 0x6e, 0xff, 0x32, 0x6e, 0xff, 0x32, 0x6e, 0xff, 0x32, 0x6e, 0xff, 0x32, 0x6e, 0xff, 0xf1, 0x65, 0xff,
    0xf1, 0x65, 0xff, 0xb0, 0x4d, 0xcf, 0xb7, 0xb6, 0x60, 0xff, 0xff, 0x10, 0x00, 0x00, 0x00, 0x00, 0x00, 0x00, 0x00, 0x00, 0x00, 0x00, 0x00, 0x00,
    0x00, 0x00, 0x00, 0x00, 0x00, 0x00, 0x00, 0x00, 0x00, 0x00, 0x00, 0x00, 0x00, 0x00, 0x00, 0x00, 0x00, 0x00, 0x00, 0x00, 0x00, 0x00, 0x00, 0x00,
    0x00, 0x00, 0x00, 0x00, 0x00, 0x00, 0x00, 0x00, 0x00, 0x00, 0x00, 0x00, 0x00, 0x00, 0x00, 0x00, 0x00, 0x00, 0x00, 0x00, 0x00, 0x00, 0x00, 0x00,
    0x00, 0x00, 0x00, 0x00, 0x00, 0x00, 0x00, 0x00, 0x00, 0x00, 0x00, 0x00, 0x00, 0x00, 0x00, 0x00, 0x00, 0x00, 0x00, 0x00, 0x00, 0x00, 0x00, 0x00,
    0x00, 0x00, 0x00, 0x00, 0x00, 0x00, 0x00, 0x00, 0x00, 0x00, 0x00, 0x00, 0xbd, 0xef, 0x10, 0xbd, 0xef, 0x50, 0x73, 0x76, 0xaf, 0xb0, 0x4d, 0xef,
    0xf1, 0x65, 0xff, 0x32, 0x6e, 0xff, 0x73, 0x6e, 0xff, 0x73, 0x6e, 0xff, 0x73, 0x76, 0xff, 0x73, 0x76, 0xff, 0x73, 0x76, 0xff, 0x73, 0x76, 0xff,
    0x73, 0x76, 0xff, 0x73, 0x6e, 0xff, 0x73, 0x6e, 0xff, 0x73, 0x6e, 0xff, 0x73, 0x6e, 0xff, 0x73, 0x6e, 0xff, 0x73, 0x6e, 0xff, 0x32, 0x6e, 0xff,
    0x32, 0x6e, 0xff, 0x32, 0x6e, 0xff, 0xf1, 0x65, 0xff, 0xf1, 0x65, 0xff, 0xb0, 0x4d, 0xef, 0xf2, 0x6d, 0x9f, 0xbd, 0xef, 0x30, 0x00, 0x00, 0x00,
    0x00, 0x00, 0x00, 0x00, 0x00, 0x00, 0x00, 0x00, 0x00, 0x00, 0x00, 0x00, 0x00, 0x00, 0x00, 0x00, 0x00, 0x00, 0x00, 0x00, 0x00, 0x00, 0x00, 0x00,
    0x00, 0x00, 0x00, 0x00, 0x00, 0x00, 0x00, 0x00, 0x00, 0x00, 0x00, 0x00, 0x00, 0x00, 0x00, 0x00, 0x00, 0x00, 0x00, 0x00, 0x00, 0x00, 0x00, 0x00,
    0x00, 0x00, 0x00, 0x00, 0x00, 0x00, 0x00, 0x00, 0x00, 0x00, 0x00, 0x00, 0x00, 0x00, 0x00, 0x00, 0x00, 0x00, 0x00, 0x00, 0x00, 0x00, 0x00, 0x00,
    0x00, 0x00, 0x00, 0x00, 0x00, 0x00, 0x00, 0x00, 0x00, 0x00, 0x00, 0x00, 0x00, 0x00, 0x00, 0x00, 0x00, 0x00, 0x00, 0x00, 0x00, 0xff, 0xff, 0x30,
    0x97, 0xa6, 0x9f, 0x6e, 0x45, 0xef, 0x32, 0x6e, 0xff, 0x32, 0x6e, 0xff, 0x72, 0x6e, 0xff, 0x73, 0x6e, 0xff, 0x73, 0x6e, 0xff, 0x73, 0x76, 0xff,
    0x73, 0x76, 0xff, 0x73, 0x76, 0xff, 0x73, 0x76, 0xff, 0x73, 0x6e, 0xff, 0x73, 0x6e, 0xff, 0x73, 0x6e, 0xff, 0x72, 0x6e, 0xff, 0x72, 0x6e, 0xff,
    0x32, 0x6e, 0xff, 0x32, 0x6e, 0xff, 0x32, 0x6e, 0xff, 0x32, 0x6e, 0xff, 0xf1, 0x65, 0xff, 0xf1, 0x65, 0xff, 0xb0, 0x55, 0xff, 0xb0, 0x5d, 0xff,
    0x6e, 0x45, 0xcf, 0xd8, 0xbe, 0x60, 0xbf, 0xff, 0x10, 0x00, 0x00, 0x00, 0x00, 0x00, 0x00, 0x00, 0x00, 0x00, 0x00, 0x00, 0x00, 0x00, 0x00, 0x00,
    0x00, 0x00, 0x00, 0x00, 0x00, 0x00, 0x00, 0x00, 0x00, 0x00, 0x00, 0x00, 0x00, 0x00, 0x00, 0x00, 0x00, 0x00, 0x00, 0x00, 0x00, 0x00, 0x00, 0x00,
    0x00, 0x00, 0x00, 0x00, 0x00, 0x00, 0x00, 0x00, 0x00, 0x00, 0x00, 0x00, 0x00, 0x00, 0x00, 0x00, 0x00, 0x00, 0x00, 0x00, 0x00, 0x00, 0x00, 0x00,
    0x00, 0x00, 0x00, 0x00, 0x00, 0x00, 0x00, 0x00, 0x00, 0x00, 0x00, 0x00, 0x00, 0x00, 0x00, 0x00, 0x00, 0x00, 0x00, 0x00, 0x00, 0x00, 0x00, 0x00,
    0x00, 0x00, 0x00, 0x00, 0x00, 0x00, 0xbf, 0xff, 0x40, 0x32, 0x6e, 0xbf, 0x73, 0x6e, 0xff, 0x73, 0x6e, 0xff, 0x72, 0x6e, 0xff, 0x73, 0x6e, 0xff,
    0x73, 0x6e, 0xff, 0x73, 0x6e, 0xff, 0x73, 0x76, 0xff, 0x73, 0x76, 0xff, 0x73, 0x6e, 0xff, 0x73, 0x6e, 0xff, 0x73, 0x6e, 0xff, 0x73, 0x6e, 0xff,
    0x73, 0x6e, 0xff, 0x73, 0x6e, 0xff, 0x73, 0x6e, 0xff, 0x73, 0x6e, 0xff, 0x72, 0x6e, 0xff, 0x32, 0x6e, 0xff, 0xf1, 0x65, 0xff, 0xf1, 0x65, 0xff,
    0xf1, 0x65, 0xff, 0xb0, 0x55, 0xff, 0xb0, 0x55, 0xff, 0x6e, 0x45, 0xef, 0x32, 0x6e, 0x9f, 0xff, 0xff, 0x30, 0x00, 0x00, 0x00, 0x00, 0x00, 0x00,
    0x00, 0x00, 0x00, 0x00, 0x00, 0x00, 0x00, 0x00, 0x00, 0x00, 0x00, 0x00, 0x00, 0x00, 0x00, 0x00, 0x00, 0x00, 0x00, 0x00, 0x00, 0x00, 0x00, 0x00,
    0x00, 0x00, 0x00, 0x00, 0x00, 0x00, 0x00, 0x00, 0x00, 0x00, 0x00, 0x00, 0x00, 0x00, 0x00, 0x00, 0x00, 0x00, 0x00, 0x00, 0x00, 0x00, 0x00, 0x00,
    0x00, 0x00, 0x00, 0x00, 0x00, 0x00, 0x00, 0x00, 0x00, 0x00, 0x00, 0x00, 0x00, 0x00, 0x00, 0x00, 0x00, 0x00, 0x00, 0x00, 0x00, 0x00, 0x00, 0x00,
    0x00, 0x00, 0x00, 0x00, 0x00, 0x00, 0x00, 0x00, 0x00, 0x00, 0x00, 0x00, 0xff, 0xff, 0x10, 0xb7, 0xb6, 0x60, 0x32, 0x6e, 0xcf, 0x73, 0x76, 0xff,
    0x73, 0x6e, 0xff, 0x73, 0x6e, 0xff, 0x32, 0x6e, 0xff, 0x73, 0x6e, 0xff, 0x73, 0x6e, 0xff, 0x73, 0x6e, 0xff, 0x73, 0x6e, 0xff, 0x73, 0x6e, 0xff,
    0x73, 0x6e, 0xff, 0x73, 0x6e, 0xff, 0x73, 0x6e, 0xff, 0x73, 0x6e, 0xff, 0x72, 0x6e, 0xff, 0x72, 0x6e, 0xff, 0x72, 0x6e, 0xff, 0x32, 0x6e, 0xff,
    0x72, 0x6e, 0xff, 0x32, 0x6e, 0xff, 0xf1, 0x65, 0xff, 0xf1, 0x65, 0xff, 0xb0, 0x55, 0xff, 0xb0, 0x55, 0xff, 0xb0, 0x4d, 0xff, 0x6f, 0x4d, 0xbf,
    0x5b, 0xdf, 0x40, 0x00, 0x00, 0x00, 0x00, 0x00, 0x00, 0x00, 0x00, 0x00, 0x00, 0x00, 0x00, 0x00, 0x00, 0x00, 0x00, 0x00, 0x00, 0x00, 0x00, 0x00,
    0x00, 0x00, 0x00, 0x00, 0x00, 0x00, 0x00, 0x00, 0x00, 0x00, 0x00, 0x00, 0x00, 0x00, 0x00, 0x00, 0x00, 0x00, 0x00, 0x00, 0x00, 0x00, 0x00, 0x00,
    0x00, 0x00, 0x00, 0x00, 0x00, 0x00, 0x00, 0x00, 0x00, 0x00, 0x00, 0x00, 0x00, 0x00, 0x00, 0x00, 0x00, 0x00, 0x00, 0x00, 0x00, 0x00, 0x00, 0x00,
    0x00, 0x00, 0x00, 0x00, 0x00, 0x00, 0x00, 0x00, 0x00, 0x00, 0x00, 0x00, 0x00, 0x00, 0x00, 0x00, 0x00, 0x00, 0xbd, 0xef, 0x10, 0x7c, 0xe7, 0x50,
    0x32, 0x6e, 0xaf, 0x73, 0x76, 0xef, 0x73, 0x76, 0xff, 0x73, 0x6e, 0xff, 0x73, 0x6e, 0xff, 0x73, 0x6e, 0xff, 0x73, 0x6e, 0xff, 0x73, 0x6e, 0xff,
    0x73, 0x6e, 0xff, 0x73, 0x6e, 0xff, 0x73, 0x6e, 0xff, 0x73, 0x6e, 0xff, 0x73, 0x6e, 0xff, 0x73, 0x6e, 0xff, 0x73, 0x6e, 0xff, 0x72, 0x6e, 0xff,
    0x73, 0x6e, 0xff, 0x72, 0x6e, 0xff, 0x32, 0x6e, 0xff, 0x32, 0x6e, 0xff, 0x32, 0x6e, 0xff, 0x32, 0x66, 0xff, 0xb0, 0x55, 0xff, 0xb0, 0x55, 0xff,
    0xb0, 0x55, 0xff, 0xb0, 0x55, 0xff, 0x6e, 0x45, 0xcf, 0x76, 0xae, 0x60, 0xff, 0xff, 0x10, 0x00, 0x00, 0x00, 0x00, 0x00, 0x00, 0x00, 0x00, 0x00,
    0x00, 0x00, 0x00, 0x00, 0x00, 0x00, 0x00, 0x00, 0x00, 0x00, 0x00, 0x00, 0x00, 0x00, 0x00, 0x00, 0x00, 0x00, 0x00, 0x00, 0x00, 0x00, 0x00, 0x00,
    0x00, 0x00, 0x00, 0x00, 0x00, 0x00, 0x00, 0x00, 0x00, 0x00, 0x00, 0x00, 0x00, 0x00, 0x00, 0x00, 0x00, 0x00, 0x00, 0x00, 0x00, 0x00, 0x00, 0x00,
    0x00, 0x00, 0x00, 0x00, 0x00, 0x00, 0x00, 0x00, 0x00, 0x00, 0x00, 0x00, 0x00, 0x00, 0x00, 0x00, 0x00, 0x00, 0x00, 0x00, 0x00, 0x00, 0x00, 0x00,
    0x00, 0x00, 0x00, 0xff, 0xff, 0x30, 0x73, 0x76, 0x9f, 0x32, 0x6e, 0xef, 0x73, 0x76, 0xff, 0x73, 0x6e, 0xff, 0x73, 0x6e, 0xff, 0x73, 0x6e, 0xff,
    0x73, 0x6e, 0xff, 0x32, 0x6e, 0xff, 0x32, 0x6e, 0xff, 0x72, 0x6e, 0xff, 0x72, 0x6e, 0xff, 0x73, 0x6e, 0xff, 0x73, 0x6e, 0xff, 0x73, 0x6e, 0xff,
    0x73, 0x6e, 0xff, 0x73, 0x6e, 0xff, 0x73, 0x6e, 0xff, 0x73, 0x6e, 0xff, 0x72, 0x6e, 0xff, 0x32, 0x6e, 0xff, 0x32, 0x6e, 0xff, 0x32, 0x66, 0xff,
    0xf1, 0x65, 0xff, 0xf1, 0x5d, 0xff, 0xb0, 0x55, 0xff, 0xb0, 0x55, 0xff, 0xf1, 0x5d, 0xff, 0xaf, 0x45, 0xef, 0x32, 0x6e, 0x9f, 0xff, 0xff, 0x30,
    0x00, 0x00, 0x00, 0x00, 0x00, 0x00, 0x00, 0x00, 0x00, 0x00, 0x00, 0x00, 0x00, 0x00, 0x00, 0x00, 0x00, 0x00, 0x00, 0x00, 0x00, 0x00, 0x00, 0x00,
    0x00, 0x00, 0x00, 0x00, 0x00, 0x00, 0x00, 0x00, 0x00, 0x00, 0x00, 0x00, 0x00, 0x00, 0x00, 0x00, 0x00, 0x00, 0x00, 0x00, 0x00, 0x00, 0x00, 0x00,
    0x00, 0x00, 0x00, 0x00, 0x00, 0x00, 0x00, 0x00, 0x00, 0x00, 0x00, 0x00, 0x00, 0x00, 0x00, 0x00, 0x00, 0x00, 0x00, 0x00, 0x00, 0x00, 0x00, 0x00,
    0x00, 0x00, 0x00, 0x00, 0x00, 0x00, 0x00, 0x00, 0x00, 0xfd, 0xef, 0x10, 0x5a, 0xd7, 0x60, 0x32, 0x6e, 0xcf, 0x73, 0x76, 0xff, 0x73, 0x6e, 0xff,
    0x73, 0x6e, 0xff, 0x73, 0x6e, 0xff, 0x73, 0x6e, 0xff, 0x73, 0x6e, 0xff, 0x32, 0x6e, 0xff, 0x32, 0x6e, 0xff, 0x32, 0x6e, 0xff, 0x73, 0x6e, 0xff,
    0x73, 0x6e, 0xff, 0x73, 0x6e, 0xff, 0x73, 0x6e, 0xff, 0x73, 0x6e, 0xff, 0x73, 0x6e, 0xff, 0x72, 0x6e, 0xff, 0x72, 0x6e, 0xff, 0x32, 0x6e, 0xff,
    0x32, 0x6e, 0xff, 0x32, 0x6e, 0xff, 0xf1, 0x65, 0xff, 0xf1, 0x65, 0xff, 0xf1, 0x5d, 0xff, 0xb0, 0x55, 0xff, 0xb0, 0x55, 0xff, 0xb0, 0x55, 0xff,
    0xb0, 0x4d, 0xff, 0xb0, 0x55, 0xbf, 0x7c, 0xe7, 0x40, 0x00, 0x00, 0x00, 0x00, 0x00, 0x00, 0x00, 0x00, 0x00, 0x00, 0x00, 0x00, 0x00, 0x00, 0x00,
    0x00, 0x00, 0x00, 0x00, 0x00, 0x00, 0x00, 0x00, 0x00, 0x00, 0x00, 0x00, 0x00, 0x00, 0x00, 0x00, 0x00, 0x00, 0x00, 0x00, 0x00, 0x00, 0x00, 0x00,
    0x00, 0x00, 0x00, 0x00, 0x00, 0x00, 0x00, 0x00, 0x00, 0x00, 0x00, 0x00, 0x00, 0x00, 0x00, 0x00, 0x00, 0x00, 0x00, 0x00, 0x00, 0x00, 0x00, 0x00,
    0x00, 0x00, 0x00, 0x00, 0x00, 0x00, 0x00, 0x00, 0x00, 0x00, 0x00, 0x00, 0x00, 0x00, 0x00, 0x00, 0x00, 0x00, 0xfd, 0xef, 0x30, 0x73, 0x76, 0x9f,
    0x72, 0x6e, 0xef, 0x73, 0x6e, 0xff, 0x73, 0x6e, 0xff, 0x73, 0x6e, 0xff, 0x32, 0x6e, 0xff, 0x32, 0x6e, 0xff, 0x32, 0x6e, 0xff, 0x32, 0x6e, 0xff,
    0x32, 0x6e, 0xff, 0x32, 0x6e, 0xff, 0x73, 0x6e, 0xff, 0x73, 0x6e, 0xff, 0x73, 0x6e, 0xff, 0x73, 0x6e, 0xff, 0x72, 0x6e, 0xff, 0x72, 0x6e, 0xff,
    0x32, 0x6e, 0xff, 0x32, 0x6e, 0xff, 0x32, 0x6e, 0xff, 0x32, 0x6e, 0xff, 0x32, 0x6e, 0xff, 0xf1, 0x65, 0xff, 0xf1, 0x65, 0xff, 0xb0, 0x55, 0xff,
    0xb0, 0x4d, 0xff, 0x6f, 0x4d, 0xff, 0x6f, 0x4d, 0xff, 0xb0, 0x4d, 0xff, 0x4d, 0x3d, 0xcf, 0xd8, 0xc6, 0x60, 0xff, 0xff, 0x10, 0x00, 0x00, 0x00,
    0x00, 0x00, 0x00, 0x00, 0x00, 0x00, 0x00, 0x00, 0x00, 0x00, 0x00, 0x00, 0x00, 0x00, 0x00, 0x00, 0x00, 0x00, 0x00, 0x00, 0x00, 0x00, 0x00, 0x00,
    0x00, 0x00, 0x00, 0x00, 0x00, 0x00, 0x00, 0x00, 0x00, 0x00, 0x00, 0x00, 0x00, 0x00, 0x00, 0x00, 0x00, 0x00, 0x00, 0x00, 0x00, 0x00, 0x00, 0x00,
    0x00, 0x00, 0x00, 0x00, 0x00, 0x00, 0x00, 0x00, 0x00, 0x00, 0x00, 0x00, 0x00, 0x00, 0x00, 0x00, 0x00, 0x00, 0x00, 0x00, 0x00, 0x00, 0x00, 0x00,
    0xff, 0xff, 0x10, 0xf8, 0xc6, 0x60, 0xf1, 0x65, 0xcf, 0x73, 0x6e, 0xff, 0x32, 0x6e, 0xff, 0x73, 0x6e, 0xff, 0x32, 0x6e, 0xff, 0x32, 0x6e, 0xff,
    0x32, 0x6e, 0xff, 0x32, 0x6e, 0xff, 0x32, 0x6e, 0xff, 0x32, 0x6e, 0xff, 0x32, 0x6e, 0xff, 0x72, 0x6e, 0xff, 0x73, 0x6e, 0xff, 0x73, 0x6e, 0xff,
    0x73, 0x6e, 0xff, 0x72, 0x6e, 0xff, 0x72, 0x6e, 0xff, 0x32, 0x6e, 0xff, 0x32, 0x6e, 0xff, 0x32, 0x6e, 0xff, 0x32, 0x6e, 0xff, 0x32, 0x6e, 0xff,
    0xf1, 0x65, 0xff, 0xf1, 0x65, 0xff, 0xb0, 0x55, 0xff, 0xb0, 0x4d, 0xff, 0x6f, 0x4d, 0xff, 0x6f, 0x4d, 0xff, 0x6f, 0x4d, 0xff, 0x4d, 0x3d, 0xef,
    0x73, 0x76, 0x9f, 0xff, 0xff, 0x30, 0x00, 0x00, 0x00, 0x00, 0x00, 0x00, 0x00, 0x00, 0x00, 0x00, 0x00, 0x00, 0x00, 0x00, 0x00, 0x00, 0x00, 0x00,
    0x00, 0x00, 0x00, 0x00, 0x00, 0x00, 0x00, 0x00, 0x00, 0x00, 0x00, 0x00, 0x00, 0x00, 0x00, 0x00, 0x00, 0x00, 0x00, 0x00, 0x00, 0x00, 0x00, 0x00,
    0x00, 0x00, 0x00, 0x00, 0x00, 0x00, 0x00, 0x00, 0x00, 0x00, 0x00, 0x00, 0x00, 0x00, 0x00, 0x00, 0x00, 0x00, 0x00, 0x00, 0x00, 0x00, 0x00, 0x00,
    0x00, 0x00, 0x00, 0x00, 0x00, 0x00, 0x00, 0x00, 0x00, 0xbd, 0xef, 0x30, 0x73, 0x76, 0x9f, 0x72, 0x6e, 0xef, 0x32, 0x6e, 0xff, 0x32, 0x6e, 0xff,
    0x32, 0x6e, 0xff, 0x32, 0x6e, 0xff, 0x32, 0x6e, 0xff, 0x32, 0x6e, 0xff, 0xf1, 0x65, 0xff, 0x32, 0x6e, 0xff, 0xf1, 0x65, 0xff, 0x32, 0x6e, 0xff,
    0x32, 0x6e, 0xff, 0x72, 0x6e, 0xff, 0x72, 0x6e, 0xff, 0x72, 0x6e, 0xff, 0x72, 0x6e, 0xff, 0x72, 0x6e, 0xff, 0x32, 0x6e, 0xff, 0x72, 0x6e, 0xff,
    0x32, 0x6e, 0xff, 0x32, 0x6e, 0xff, 0x32, 0x66, 0xff, 0xf1, 0x65, 0xff, 0xb0, 0x55, 0xff, 0xb0, 0x55, 0xff, 0x6f, 0x4d, 0xff, 0x6e, 0x45, 0xff,
    0x6f, 0x4d, 0xff, 0x6f, 0x4d, 0xff, 0x4d, 0x3d, 0xff, 0x32, 0x6e, 0xbf, 0xff, 0xff, 0x40, 0x00, 0x00, 0x00, 0x00, 0x00, 0x00, 0x00, 0x00, 0x00,
    0x00, 0x00, 0x00, 0x00, 0x00, 0x00, 0x00, 0x00, 0x00, 0x00, 0x00, 0x00, 0x00, 0x00, 0x00, 0x00, 0x00, 0x00, 0x00, 0x00, 0x00, 0x00, 0x00, 0x00,
    0x00, 0x00, 0x00, 0x00, 0x00, 0x00, 0x00, 0x00, 0x00, 0x00, 0x00, 0x00, 0x00, 0x00, 0x00, 0x00, 0x00, 0x00, 0x00, 0x00, 0x00, 0x00, 0x00, 0x00,
    0x00, 0x00, 0x00, 0x00, 0x00, 0x00, 0x00, 0x00, 0x00, 0x00, 0x00, 0x00, 0x00, 0x00, 0x00, 0xff, 0xff, 0x10, 0xb7, 0xb6, 0x60, 0x32, 0x6e, 0xcf,
    0x73, 0x76, 0xff, 0x32, 0x6e, 0xff, 0x32, 0x6e, 0xff, 0x32, 0x6e, 0xff, 0x32, 0x6e, 0xff, 0x32, 0x6e, 0xff, 0xf1, 0x65, 0xff, 0xf1, 0x65, 0xff,
    0xf1, 0x65, 0xff, 0xf1, 0x65, 0xff, 0x32, 0x6e, 0xff, 0x32, 0x6e, 0xff, 0x72, 0x6e, 0xff, 0x72, 0x6e, 0xff, 0x72, 0x6e, 0xff, 0x72, 0x6e, 0xff,
    0x72, 0x6e, 0xff, 0x72, 0x6e, 0xff, 0x72, 0x6e, 0xff, 0x32, 0x6e, 0xff, 0x32, 0x6e, 0xff, 0xf1, 0x65, 0xff, 0xf1, 0x65, 0xff, 0xb0, 0x55, 0xff,
    0x6f, 0x4d, 0xff, 0x6f, 0x4d, 0xff, 0x6f, 0x4d, 0xff, 0x4e, 0x45, 0xff, 0x6e, 0x45, 0xff, 0x6e, 0x45, 0xff, 0xb1, 0x65, 0xbf, 0x9d, 0xef, 0x40,
    0x00, 0x00, 0x00, 0x00, 0x00, 0x00, 0x00, 0x00, 0x00, 0x00, 0x00, 0x00, 0x00, 0x00, 0x00, 0x00, 0x00, 0x00, 0x00, 0x00, 0x00, 0x00, 0x00, 0x00,
    0x00, 0x00, 0x00, 0x00, 0x00, 0x00, 0x00, 0x00, 0x00, 0x00, 0x00, 0x00, 0x00, 0x00, 0x00, 0x00, 0x00, 0x00, 0x00, 0x00, 0x00, 0x00, 0x00, 0x00,
    0x00, 0x00, 0x00, 0x00, 0x00, 0x00, 0x00, 0x00, 0x00, 0x00, 0x00, 0x00, 0x00, 0x00, 0x00, 0x00, 0x00, 0x00, 0x00, 0x00, 0x00, 0xbd, 0xef, 0x10,
    0x9d, 0xef, 0x50, 0x73, 0x76, 0xaf, 0x73, 0x6e, 0xef, 0x73, 0x6e, 0xff, 0x32, 0x6e, 0xff, 0x32, 0x6e, 0xff, 0x32, 0x6e, 0xff, 0x32, 0x6e, 0xff,
    0xf1, 0x65, 0xff, 0xf1, 0x65, 0xff, 0xf1, 0x65, 0xff, 0xf1, 0x65, 0xff, 0xf1, 0x65, 0xff, 0x32, 0x66, 0xff, 0x32, 0x6e, 0xff, 0x32, 0x6e, 0xff,
    0x32, 0x6e, 0xff, 0x72, 0x6e, 0xff, 0x72, 0x6e, 0xff, 0x32, 0x6e, 0xff, 0x32, 0x6e, 0xff, 0x32, 0x6e, 0xff, 0x32, 0x6e, 0xff, 0x32, 0x6e, 0xff,
    0xf1, 0x65, 0xff, 0xf1, 0x65, 0xff, 0xb0, 0x5d, 0xff, 0x6f, 0x4d, 0xff, 0x6f, 0x4d, 0xff, 0x6f, 0x4d, 0xff, 0x4e, 0x45, 0xff, 0x4e, 0x45, 0xff,
    0x6e, 0x45, 0xff, 0x6f, 0x55, 0xbf, 0x3b, 0xdf, 0x40, 0x00, 0x00, 0x00, 0x00, 0x00, 0x00, 0x00, 0x00, 0x00, 0x00, 0x00, 0x00, 0x00, 0x00, 0x00,
    0x00, 0x00, 0x00, 0x00, 0x00, 0x00, 0x00, 0x00, 0x00, 0x00, 0x00, 0x00, 0x00, 0x00, 0x00, 0x00, 0x00, 0x00, 0x00, 0x00, 0x00, 0x00, 0x00, 0x00,
    0x00, 0x00, 0x00, 0x00, 0x00, 0x00, 0x00, 0x00, 0x00, 0x00, 0x00, 0x00, 0x00, 0x00, 0x00, 0x00, 0x00, 0x00, 0x00, 0x00, 0x00, 0x00, 0x00, 0x00,
    0x00, 0x00, 0x00, 0x00, 0x00, 0x00, 0xff, 0xff, 0x30, 0x96, 0xae, 0x9f, 0x32, 0x6e, 0xef, 0x73, 0x76, 0xff, 0x73, 0x6e, 0xff, 0x32, 0x6e, 0xff,
    0x32, 0x6e, 0xff, 0x32, 0x6e, 0xff, 0x32, 0x6e, 0xff, 0xf1, 0x65, 0xff, 0xb0, 0x55, 0xff, 0xf1, 0x65, 0xff, 0xf1, 0x5d, 0xff, 0xf1, 0x65, 0xff,
    0xf1, 0x65, 0xff, 0x32, 0x6e, 0xff, 0x32, 0x6e, 0xff, 0x32, 0x6e, 0xff, 0x32, 0x6e, 0xff, 0x72, 0x6e, 0xff, 0x32, 0x6e, 0xff, 0x32, 0x6e, 0xff,
    0x32, 0x6e, 0xff, 0x32, 0x6e, 0xff, 0x32, 0x6e, 0xff, 0xf1, 0x65, 0xff, 0xf1, 0x65, 0xff, 0xf1, 0x65, 0xff, 0x6f, 0x4d, 0xff, 0x6e, 0x45, 0xff,
    0x6f, 0x4d, 0xff, 0x4e, 0x45, 0xff, 0x4e, 0x45, 0xff, 0x6f, 0x4d, 0xff, 0x6e, 0x45, 0xbf, 0x19, 0xcf, 0x40, 0x00, 0x00, 0x00, 0x00, 0x00, 0x00,
    0x00, 0x00, 0x00, 0x00, 0x00, 0x00, 0x00, 0x00, 0x00, 0x00, 0x00, 0x00, 0x00, 0x00, 0x00, 0x00, 0x00, 0x00, 0x00, 0x00, 0x00, 0x00, 0x00, 0x00,
    0x00, 0x00, 0x00, 0x00, 0x00, 0x00, 0x00, 0x00, 0x00, 0x00, 0x00, 0x00, 0x00, 0x00, 0x00, 0x00, 0x00, 0x00, 0x00, 0x00, 0x00, 0x00, 0x00, 0x00,
    0x00, 0x00, 0x00, 0x00, 0x00, 0x00, 0x00, 0x00, 0x00, 0x00, 0x00, 0x00, 0x00, 0x00, 0x00, 0x9d, 0xef, 0x40, 0x73, 0x76, 0xbf, 0x73, 0x6e, 0xff,
    0x73, 0x6e, 0xff, 0x73, 0x6e, 0xff, 0x32, 0x6e, 0xff, 0x32, 0x6e, 0xff, 0x32, 0x6e, 0xff, 0x32, 0x6e, 0xff, 0xf1, 0x65, 0xff, 0xb0, 0x55, 0xff,
    0xf1, 0x65, 0xff, 0xb0, 0x55, 0xff, 0xf1, 0x65, 0xff, 0xf1, 0x65, 0xff, 0x32, 0x6e, 0xff, 0x32, 0x6e, 0xff, 0x32, 0x6e, 0xff, 0x32, 0x6e, 0xff,
    0x32, 0x6e, 0xff, 0x32, 0x6e, 0xff, 0x32, 0x6e, 0xff, 0x32, 0x6e, 0xff, 0x32, 0x6e, 0xff, 0x32, 0x66, 0xff, 0xf1, 0x65, 0xff, 0xf1, 0x65, 0xff,
    0xf1, 0x65, 0xff, 0xb0, 0x4d, 0xff, 0x4e, 0x45, 0xff, 0x6f, 0x4d, 0xff, 0xcd, 0x44, 0xff, 0xcd, 0x44, 0xff, 0x4e, 0x4d, 0xff, 0x4d, 0x3d, 0xcf,
    0x96, 0xae, 0x60, 0xff, 0xff, 0x20, 0x00, 0x00, 0x00, 0x00, 0x00, 0x00, 0x00, 0x00, 0x00, 0x00, 0x00, 0x00, 0x00, 0x00, 0x00, 0x00, 0x00, 0x00,
    0x00, 0x00, 0x00, 0x00, 0x00, 0x00, 0x00, 0x00, 0x00, 0x00, 0x00, 0x00, 0x00, 0x00, 0x00, 0x00, 0x00, 0x00, 0x00, 0x00, 0x00, 0x00, 0x00, 0x00,
    0x00, 0x00, 0x00, 0x00, 0x00, 0x00, 0x00, 0x00, 0x00, 0x00, 0x00, 0x00, 0x00, 0x00, 0x00, 0x00, 0x00, 0x00, 0x00, 0x00, 0x00, 0xff, 0xff, 0x10,
    0xd8, 0xbe, 0x60, 0x32, 0x66, 0xcf, 0x73, 0x6e, 0xff, 0x73, 0x6e, 0xff, 0x73, 0x6e, 0xff, 0x32, 0x6e, 0xff, 0x32, 0x6e, 0xff, 0x32, 0x6e, 0xff,
    0x32, 0x6e, 0xff, 0xf1, 0x65, 0xff, 0xb0, 0x55, 0xff, 0xb0, 0x55, 0xff, 0xb0, 0x55, 0xff, 0xf1, 0x65, 0xff, 0xf1, 0x65, 0xff, 0x32, 0x6e, 0xff,
    0x32, 0x6e, 0xff, 0x32, 0x6e, 0xff, 0x32, 0x6e, 0xff, 0x32, 0x6e, 0xff, 0x32, 0x6e, 0xff, 0x32, 0x6e, 0xff, 0x32, 0x6e, 0xff, 0x32, 0x6e, 0xff,
    0x32, 0x66, 0xff, 0xf1, 0x65, 0xff, 0xf1, 0x65, 0xff, 0xf1, 0x65, 0xff, 0xb0, 0x55, 0xff, 0x4e, 0x45, 0xff, 0x4e, 0x45, 0xff, 0xcd, 0x3c, 0xff,
    0x8c, 0x3c, 0xff, 0x4e, 0x4d, 0xff, 0xcc, 0x34, 0xef, 0x73, 0x76, 0x9f, 0xbf, 0xff, 0x60, 0x00, 0x00, 0x00, 0x00, 0x00, 0x00, 0x00, 0x00, 0x00,
    0x00, 0x00, 0x00, 0x00, 0x00, 0x00, 0x00, 0x00, 0x00, 0x00, 0x00, 0x00, 0x00, 0x00, 0x00, 0x00, 0x00, 0x00, 0x00, 0x00, 0x00, 0x00, 0x00, 0x00,
    0x00, 0x00, 0x00, 0x00, 0x00, 0x00, 0x00, 0x00, 0x00, 0x00, 0x00, 0x00, 0x00, 0x00, 0x00, 0x00, 0x00, 0x00, 0x00, 0x00, 0x00, 0x00, 0x00, 0x00,
    0x00, 0x00, 0x00, 0x00, 0x00, 0x00, 0xbd, 0xef, 0x30, 0x73, 0x76, 0x9f, 0x32, 0x66, 0xef, 0x73, 0x6e, 0xff, 0x32, 0x6e, 0xff, 0x32, 0x6e, 0xff,
    0x32, 0x6e, 0xff, 0x32, 0x6e, 0xff, 0x32, 0x6e, 0xff, 0xf1, 0x65, 0xff, 0xb0, 0x55, 0xff, 0xb0, 0x55, 0xff, 0xb0, 0x55, 0xff, 0xb0, 0x55, 0xff,
    0xf1, 0x65, 0xff, 0x32, 0x66, 0xff, 0x32, 0x6e, 0xff, 0x32, 0x6e, 0xff, 0x32, 0x6e, 0xff, 0x32, 0x6e, 0xff, 0x32, 0x6e, 0xff, 0x32, 0x6e, 0xff,
    0x32, 0x6e, 0xff, 0x32, 0x6e, 0xff, 0x32, 0x6e, 0xff, 0xf1, 0x65, 0xff, 0xf1, 0x65, 0xff, 0xf1, 0x65, 0xff, 0xf1, 0x65, 0xff, 0xb0, 0x55, 0xff,
    0x4e, 0x45, 0xff, 0x4e, 0x45, 0xff, 0xcd, 0x3c, 0xff, 0x8c, 0x3c, 0xff, 0xcd, 0x44, 0xff, 0xcc, 0x34, 0xff, 0x73, 0x76, 0xbf, 0xff, 0xff, 0x80,
    0x00, 0x00, 0x00, 0x00, 0x00, 0x00, 0x00, 0x00, 0x00, 0x00, 0x00, 0x00, 0x00, 0x00, 0x00, 0x00, 0x00, 0x00, 0x00, 0x00, 0x00, 0x00, 0x00, 0x00,
    0x00, 0x00, 0x00, 0x00, 0x00, 0x00, 0x00, 0x00, 0x00, 0x00, 0x00, 0x00, 0x00, 0x00, 0x00, 0x00, 0x00, 0x00, 0x00, 0x00, 0x00, 0x00, 0x00, 0x00,
    0x00, 0x00, 0x00, 0x00, 0x00, 0x00, 0x00, 0x00, 0x00, 0x00, 0x00, 0x00, 0xbf, 0xff, 0x10, 0x3a, 0xcf, 0x60, 0x32, 0x66, 0xcf, 0x72, 0x6e, 0xff,
    0x32, 0x6e, 0xff, 0x32, 0x6e, 0xff, 0x32, 0x6e, 0xff, 0x32, 0x6e, 0xff, 0x32, 0x6e, 0xff, 0x32, 0x6e, 0xff, 0xf1, 0x65, 0xff, 0xb0, 0x55, 0xff,
    0xb0, 0x4d, 0xff, 0xb0, 0x55, 0xff, 0xf1, 0x5d, 0xff, 0xf1, 0x65, 0xff, 0x32, 0x66, 0xff, 0x32, 0x6e, 0xff, 0x32, 0x6e, 0xff, 0x32, 0x6e, 0xff,
    0x32, 0x6e, 0xff, 0x32, 0x6e, 0xff, 0x32, 0x6e, 0xff, 0x32, 0x6e, 0xff, 0x32, 0x6e, 0xff, 0x32, 0x6e, 0xff, 0x32, 0x66, 0xff, 0xf1, 0x65, 0xff,
    0xf1, 0x5d, 0xff, 0xf1, 0x5d, 0xff, 0xb0, 0x55, 0xff, 0x4e, 0x45, 0xff, 0x4d, 0x3d, 0xff, 0x8c, 0x3c, 0xff, 0x4b, 0x34, 0xff, 0x8c, 0x3c, 0xff,
    0xcc, 0x2c, 0xff, 0x32, 0x6e, 0xbf, 0xff, 0xff, 0x80, 0x00, 0x00, 0x00, 0x00, 0x00, 0x00, 0x00, 0x00, 0x00, 0x00, 0x00, 0x00, 0x00, 0x00, 0x00,
    0x00, 0x00, 0x00, 0x00, 0x00, 0x00, 0x00, 0x00, 0x00, 0x00, 0x00, 0x00, 0x00, 0x00, 0x00, 0x00, 0x00, 0x00, 0x00, 0x00, 0x00, 0x00, 0x00, 0x00,
    0x00, 0x00, 0x00, 0x00, 0x00, 0x00, 0x00, 0x00, 0x00, 0x00, 0x00, 0x00, 0x00, 0x00, 0x00, 0x00, 0x00, 0x00, 0x00, 0x00, 0x00, 0xff, 0xff, 0x30,
    0x73, 0x76, 0x9f, 0xf1, 0x5d, 0xef, 0x32, 0x6e, 0xff, 0x32, 0x6e, 0xff, 0x32, 0x6e, 0xff, 0x32, 0x6e, 0xff, 0x32, 0x6e, 0xff, 0x32, 0x6e, 0xff,
    0x32, 0x6e, 0xff, 0xf1, 0x65, 0xff, 0xb0, 0x55, 0xff, 0x6f, 0x4d, 0xff, 0xb0, 0x55, 0xff, 0xf1, 0x65, 0xff, 0xf1, 0x65, 0xff, 0x32, 0x66, 0xff,
    0x32, 0x6e, 0xff, 0x32, 0x6e, 0xff, 0x32, 0x6e, 0xff, 0x32, 0x6e, 0xff, 0x32, 0x6e, 0xff, 0x32, 0x6e, 0xff, 0x32, 0x6e, 0xff, 0x32, 0x66, 0xff,
    0x32, 0x66, 0xff, 0x32, 0x66, 0xff, 0xf1, 0x65, 0xff, 0xb0, 0x55, 0xff, 0xb0, 0x55, 0xff, 0x6f, 0x55, 0xff, 0x4e, 0x45, 0xff, 0xcd, 0x44, 0xff,
    0x8c, 0x3c, 0xff, 0x0a, 0x34, 0xff, 0xcd, 0x44, 0xff, 0x4d, 0x35, 0xff, 0x32, 0x6e, 0xbf, 0xff, 0xff, 0x80, 0x00, 0x00, 0x00, 0x00, 0x00, 0x00,
    0x00, 0x00, 0x00, 0x00, 0x00, 0x00, 0x00, 0x00, 0x00, 0x00, 0x00, 0x00, 0x00, 0x00, 0x00, 0x00, 0x00, 0x00, 0x00, 0x00, 0x00, 0x00, 0x00, 0x00,
    0x00, 0x00, 0x00, 0x00, 0x00, 0x00, 0x00, 0x00, 0x00, 0x00, 0x00, 0x00, 0x00, 0x00, 0x00, 0x00, 0x00, 0x00, 0x00, 0x00, 0x00, 0x00, 0x00, 0x00,
    0x00, 0x00, 0x00, 0x00, 0x00, 0x00, 0xbd, 0xef, 0x40, 0x73, 0x76, 0xbf, 0x32, 0x66, 0xff, 0x32, 0x6e, 0xff, 0x32, 0x6e, 0xff, 0x32, 0x6e, 0xff,
    0x32, 0x6e, 0xff, 0x32, 0x66, 0xff, 0xf1, 0x65, 0xff, 0xf1, 0x65, 0xff, 0xf1, 0x65, 0xff, 0xb0, 0x4d, 0xff, 0x4e, 0x45, 0xff, 0x6f, 0x4d, 0xff,
    0xf1, 0x65, 0xff, 0xf1, 0x65, 0xff, 0x32, 0x6e, 0xff, 0x32, 0x6e, 0xff, 0x32, 0x66, 0xff, 0x32, 0x6e, 0xff, 0x32, 0x6e, 0xff, 0x32, 0x6e, 0xff,
    0x32, 0x6e, 0xff, 0x32, 0x6e, 0xff, 0x32, 0x6e, 0xff, 0x32, 0x6e, 0xff, 0x32, 0x66, 0xff, 0xf1, 0x65, 0xff, 0xb0, 0x55, 0xff, 0xb0, 0x55, 0xff,
    0x6f, 0x55, 0xff, 0x4e, 0x45, 0xff, 0xcd, 0x44, 0xff, 0x4b, 0x34, 0xff, 0x0a, 0x2c, 0xff, 0x4e, 0x45, 0xff, 0x4d, 0x35, 0xff, 0x32, 0x6e, 0xbf,
    0xff, 0xff, 0x80, 0x00, 0x00, 0x00, 0x00, 0x00, 0x00, 0x00, 0x00, 0x00, 0x00, 0x00, 0x00, 0x00, 0x00, 0x00, 0x00, 0x00, 0x00, 0x00, 0x00, 0x00,
    0x00, 0x00, 0x00, 0x00, 0x00, 0x00, 0x00, 0x00, 0x00, 0x00, 0x00, 0x00, 0x00, 0x00, 0x00, 0x00, 0x00, 0x00, 0x00, 0x00, 0x00, 0x00, 0x00, 0x00,
    0x00, 0x00, 0x00, 0x00, 0x00, 0x00, 0x00, 0x00, 0x00, 0x00, 0x00, 0x00, 0x00, 0x00, 0x00, 0x3a, 0xcf, 0x40, 0x32, 0x66, 0xbf, 0x73, 0x6e, 0xff,
    0x32, 0x6e, 0xff, 0x32, 0x6e, 0xff, 0x32, 0x6e, 0xff, 0x32, 0x6e, 0xff, 0xf1, 0x65, 0xff, 0xf1, 0x65, 0xff, 0xf1, 0x65, 0xff, 0xf1, 0x65, 0xff,
    0x6f, 0x4d, 0xff, 0xcd, 0x3c, 0xff, 0x6e, 0x45, 0xff, 0x32, 0x66, 0xff, 0xf1, 0x65, 0xff, 0x32, 0x6e, 0xff, 0x32, 0x6e, 0xff, 0x32, 0x66, 0xff,
    0x32, 0x6e, 0xff, 0x32, 0x6e, 0xff, 0x32, 0x6e, 0xff, 0x32, 0x6e, 0xff, 0x32, 0x6e, 0xff, 0x32, 0x6e, 0xff, 0x32, 0x6e, 0xff, 0x32, 0x6e, 0xff,
    0xf1, 0x65, 0xff, 0xb0, 0x55, 0xff, 0x6f, 0x55, 0xff, 0x6f, 0x4d, 0xff, 0x4e, 0x4d, 0xff, 0xcd, 0x44, 0xff, 0x0a, 0x34, 0xff, 0x4b, 0x34, 0xff,
    0x6e, 0x45, 0xff, 0x4d, 0x35, 0xff, 0x32, 0x6e, 0xbf, 0xff, 0xff, 0x80, 0x00, 0x00, 0x00, 0x00, 0x00, 0x00, 0x00, 0x00, 0x00, 0x00, 0x00, 0x00,
    0x00, 0x00, 0x00, 0x00, 0x00, 0x00, 0x00, 0x00, 0x00, 0x00, 0x00, 0x00, 0x00, 0x00, 0x00, 0x00, 0x00, 0x00, 0x00, 0x00, 0x00, 0x00, 0x00, 0x00,
    0x00, 0x00, 0x00, 0x00, 0x00, 0x00, 0x00, 0x00, 0x00, 0x00, 0x00, 0x00, 0x00, 0x00, 0x00, 0x00, 0x00, 0x00, 0x00, 0x00, 0x00, 0xff, 0xff, 0x10,
    0xd7, 0xae, 0x60, 0x32, 0x66, 0xcf, 0x73, 0x6e, 0xff, 0x32, 0x6e, 0xff, 0x32, 0x6e, 0xff, 0x32, 0x6e, 0xff, 0x32, 0x6e, 0xff, 0xf1, 0x65, 0xff,
    0xf1, 0x65, 0xff, 0xb0, 0x55, 0xff, 0xb0, 0x55, 0xff, 0xb0, 0x55, 0xff, 0x8c, 0x34, 0xff, 0x4d, 0x3d, 0xff, 0x32, 0x66, 0xff, 0xf1, 0x65, 0xff,
    0x32, 0x6e, 0xff, 0x32, 0x6e, 0xff, 0xf1, 0x65, 0xff, 0x32, 0x66, 0xff, 0x32, 0x6e, 0xff, 0x32, 0x6e, 0xff, 0x32, 0x6e, 0xff, 0x32, 0x6e, 0xff,
    0x32, 0x6e, 0xff, 0x32, 0x66, 0xff, 0x32, 0x66, 0xff, 0xf1, 0x65, 0xff, 0xb0, 0x55, 0xff, 0x6f, 0x4d, 0xff, 0x6f, 0x4d, 0xff, 0x4e, 0x4d, 0xff,
    0xcd, 0x44, 0xff, 0xaa, 0x2b, 0xff, 0x8c, 0x34, 0xff, 0x4e, 0x45, 0xff, 0xcc, 0x2c, 0xef, 0x73, 0x76, 0xaf, 0x5b, 0xdf, 0x80, 0x00, 0x00, 0x00,
    0x00, 0x00, 0x00, 0x00, 0x00, 0x00, 0x00, 0x00, 0x00, 0x00, 0x00, 0x00, 0x00, 0x00, 0x00, 0x00, 0x00, 0x00, 0x00, 0x00, 0x00, 0x00, 0x00, 0x00,
    0x00, 0x00, 0x00, 0x00, 0x00, 0x00, 0x00, 0x00, 0x00, 0x00, 0x00, 0x00, 0x00, 0x00, 0x00, 0x00, 0x00, 0x00, 0x00, 0x00, 0x00, 0x00, 0x00, 0x00,
    0x00, 0x00, 0x00, 0x00, 0x00, 0x00, 0xff, 0xff, 0x30, 0x73, 0x76, 0x9f, 0x32, 0x6e, 0xef, 0x32, 0x6e, 0xff, 0x32, 0x6e, 0xff, 0x32, 0x6e, 0xff,
    0x32, 0x6e, 0xff, 0xf1, 0x65, 0xff, 0xf1, 0x65, 0xff, 0xf1, 0x65, 0xff, 0xb0, 0x55, 0xff, 0xb0, 0x4d, 0xff, 0xf1, 0x5d, 0xff, 0x4e, 0x45, 0xff,
    0x4b, 0x2c, 0xff, 0xf1, 0x65, 0xff, 0xf1, 0x65, 0xff, 0x32, 0x6e, 0xff, 0xf1, 0x65, 0xff, 0xf1, 0x65, 0xff, 0x32, 0x6e, 0xff, 0x32, 0x6e, 0xff,
    0x32, 0x6e, 0xff, 0x32, 0x6e, 0xff, 0x32, 0x6e, 0xff, 0x32, 0x6e, 0xff, 0x32, 0x66, 0xff, 0x32, 0x66, 0xff, 0xf1, 0x65, 0xff, 0xb0, 0x55, 0xff,
    0x6f, 0x4d, 0xff, 0x6f, 0x4d, 0xff, 0x6f, 0x4d, 0xff, 0xcd, 0x44, 0xff, 0xa9, 0x23, 0xff, 0x8c, 0x34, 0xff, 0x4e, 0x45, 0xff, 0x8b, 0x2c, 0xcf,
    0xb6, 0xb6, 0x8f, 0x73, 0x76, 0x80, 0x00, 0x00, 0x00, 0x00, 0x00, 0x00, 0x00, 0x00, 0x00, 0x00, 0x00, 0x00, 0x00, 0x00, 0x00, 0x00, 0x00, 0x00,
    0x00, 0x00, 0x00, 0x00, 0x00, 0x00, 0x00, 0x00, 0x00, 0x00, 0x00, 0x00, 0x00, 0x00, 0x00, 0x00, 0x00, 0x00, 0x00, 0x00, 0x00, 0x00, 0x00, 0x00,
    0x00, 0x00, 0x00, 0x00, 0x00, 0x00, 0x00, 0x00, 0x00, 0x00, 0x00, 0x00, 0x00, 0x00, 0x00, 0xbd, 0xef, 0x40, 0x73, 0x76, 0xbf, 0x32, 0x6e, 0xff,
    0x32, 0x6e, 0xff, 0x32, 0x6e, 0xff, 0x32, 0x6e, 0xff, 0x32, 0x66, 0xff, 0xf1, 0x65, 0xff, 0xf1, 0x65, 0xff, 0xf1, 0x65, 0xff, 0xf1, 0x5d, 0xff,
    0xb0, 0x4d, 0xff, 0x6f, 0x4d, 0xff, 0x6f, 0x4d, 0xff, 0x4b, 0x34, 0xff, 0xb0, 0x55, 0xff, 0xf1, 0x65, 0xff, 0xf1, 0x65, 0xff, 0xf1, 0x65, 0xff,
    0xf1, 0x65, 0xff, 0x32, 0x6e, 0xff, 0x32, 0x6e, 0xff, 0x32, 0x6e, 0xff, 0x32, 0x6e, 0xff, 0x32, 0x6e, 0xff, 0x32, 0x6e, 0xff, 0x32, 0x66, 0xff,
    0x32, 0x66, 0xff, 0x32, 0x66, 0xff, 0xb0, 0x55, 0xff, 0x6f, 0x4d, 0xff, 0x6f, 0x4d, 0xff, 0x6f, 0x4d, 0xff, 0xcd, 0x44, 0xff, 0xa9, 0x23, 0xff,
    0x8c, 0x3c, 0xff, 0xcd, 0x44, 0xff, 0x8b, 0x2c, 0xcf, 0x96, 0xae, 0x8f, 0x73, 0x76, 0x80, 0x00, 0x00, 0x00, 0x00, 0x00, 0x00, 0x00, 0x00, 0x00,
    0x00, 0x00, 0x00, 0x00, 0x00, 0x00, 0x00, 0x00, 0x00, 0x00, 0x00, 0x00, 0x00, 0x00, 0x00, 0x00, 0x00, 0x00, 0x00, 0x00, 0x00, 0x00, 0x00, 0x00,
    0x00, 0x00, 0x00, 0x00, 0x00, 0x00, 0x00, 0x00, 0x00, 0x00, 0x00, 0x00, 0x00, 0x00, 0x00, 0x00, 0x00, 0x00, 0x00, 0x00, 0x00, 0x00, 0x00, 0x00,
    0x7c, 0xe7, 0x40, 0x32, 0x6e, 0xbf, 0x32, 0x6e, 0xff, 0x32, 0x6e, 0xff, 0x32, 0x6e, 0xff, 0xf1, 0x65, 0xff, 0xf1, 0x65, 0xff, 0xf1, 0x65, 0xff,
    0xf1, 0x65, 0xff, 0xf1, 0x5d, 0xff, 0xf1, 0x5d, 0xff, 0xb0, 0x4d, 0xff, 0x6f, 0x4d, 0xff, 0x6e, 0x45, 0xff, 0x8c, 0x3c, 0xff, 0x6f, 0x55, 0xff,
    0xf1, 0x65, 0xff, 0xf1, 0x65, 0xff, 0xf1, 0x65, 0xff, 0x32, 0x66, 0xff, 0x32, 0x6e, 0xff, 0x32, 0x6e, 0xff, 0x32, 0x6e, 0xff, 0x32, 0x6e, 0xff,
    0x32, 0x6e, 0xff, 0x32, 0x6e, 0xff, 0x32, 0x66, 0xff, 0x32, 0x66, 0xff, 0xf1, 0x65, 0xff, 0xb0, 0x55, 0xff, 0x6f, 0x4d, 0xff, 0x4e, 0x4d, 0xff,
    0x6f, 0x4d, 0xff, 0xcd, 0x44, 0xff, 0xa9, 0x23, 0xff, 0xcd, 0x44, 0xff, 0xcd, 0x3c, 0xff, 0xcc, 0x34, 0xef, 0x73, 0x76, 0xaf, 0x5b, 0xdf, 0x80,
    0x00, 0x00, 0x00, 0x00, 0x00, 0x00, 0x00, 0x00, 0x00, 0x00, 0x00, 0x00, 0x00, 0x00, 0x00, 0x00, 0x00, 0x00, 0x00, 0x00, 0x00, 0x00, 0x00, 0x00,
    0x00, 0x00, 0x00, 0x00, 0x00, 0x00, 0x00, 0x00, 0x00, 0x00, 0x00, 0x00, 0x00, 0x00, 0x00, 0x00, 0x00, 0x00, 0x00, 0x00, 0x00, 0x00, 0x00, 0x00,
    0x00, 0x00, 0x00, 0x00, 0x00, 0x00, 0x00, 0x00, 0x00, 0x5a, 0xd7, 0x40, 0xf1, 0x5d, 0xbf, 0x32, 0x6e, 0xff, 0xf1, 0x65, 0xff, 0xf1, 0x65, 0xff,
    0xf1, 0x65, 0xff, 0xf1, 0x65, 0xff, 0xf1, 0x65, 0xff, 0xf1, 0x5d, 0xff, 0xf1, 0x5d, 0xff, 0xf1, 0x5d, 0xff, 0xb0, 0x55, 0xff, 0xb0, 0x4d, 0xff,
    0xb0, 0x4d, 0xff, 0x8c, 0x34, 0xff, 0x6f, 0x55, 0xff, 0x32, 0x6e, 0xff, 0xf1, 0x65, 0xff, 0xf1, 0x65, 0xff, 0x32, 0x6e, 0xff, 0x32, 0x6e, 0xff,
    0x32, 0x6e, 0xff, 0x32, 0x6e, 0xff, 0x32, 0x6e, 0xff, 0x32, 0x6e, 0xff, 0x32, 0x6e, 0xff, 0x32, 0x66, 0xff, 0xf1, 0x65, 0xff, 0xf1, 0x65, 0xff,
    0xb0, 0x55, 0xff, 0x6f, 0x4d, 0xff, 0x4e, 0x45, 0xff, 0x4e, 0x4d, 0xff, 0x4e, 0x4d, 0xff, 0x0a, 0x34, 0xff, 0xcd, 0x44, 0xff, 0xcd, 0x3c, 0xff,
    0xcc, 0x34, 0xff, 0x32, 0x6e, 0xbf, 0xff, 0xff, 0x80, 0x00, 0x00, 0x00, 0x00, 0x00, 0x00, 0x00, 0x00, 0x00, 0x00, 0x00, 0x00, 0x00, 0x00, 0x00,
    0x00, 0x00, 0x00, 0x00, 0x00, 0x00, 0x00, 0x00, 0x00, 0x00, 0x00, 0x00, 0x00, 0x00, 0x00, 0x00, 0x00, 0x00, 0x00, 0x00, 0x00, 0x00, 0x00, 0x00,
    0x00, 0x00, 0x00, 0x00, 0x00, 0x00, 0x00, 0x00, 0x00, 0x00, 0x00, 0x00, 0x00, 0x00, 0x00, 0x00, 0x00, 0x00, 0xfa, 0xd6, 0x40, 0xb0, 0x55, 0xbf,
    0xf1, 0x65, 0xff, 0xf1, 0x65, 0xff, 0xf1, 0x65, 0xff, 0xf1, 0x65, 0xff, 0xf1, 0x5d, 0xff, 0xf1, 0x5d, 0xff, 0xf1, 0x5d, 0xff, 0xb0, 0x55, 0xff,
    0xb0, 0x55, 0xff, 0xb0, 0x55, 0xff, 0xb0, 0x4d, 0xff, 0xb0, 0x4d, 0xff, 0xcd, 0x3c, 0xff, 0x6f, 0x55, 0xff, 0x32, 0x6e, 0xff, 0xf1, 0x65, 0xff,
    0x32, 0x6e, 0xff, 0x32, 0x6e, 0xff, 0x32, 0x6e, 0xff, 0x32, 0x6e, 0xff, 0x32, 0x6e, 0xff, 0x32, 0x6e, 0xff, 0x32, 0x6e, 0xff, 0x32, 0x6e, 0xff,
    0x32, 0x66, 0xff, 0x32, 0x66, 0xff, 0xf1, 0x65, 0xff, 0xb0, 0x55, 0xff, 0x6f, 0x4d, 0xff, 0x4e, 0x45, 0xff, 0x4e, 0x45, 0xff, 0x4e, 0x4d, 0xff,
    0x4b, 0x34, 0xff, 0xcd, 0x3c, 0xff, 0xcd, 0x3c, 0xff, 0xcc, 0x34, 0xef, 0x73, 0x76, 0x9f, 0xff, 0xff, 0x60, 0x00, 0x00, 0x00, 0x00, 0x00, 0x00,
    0x00, 0x00, 0x00, 0x00, 0x00, 0x00, 0x00, 0x00, 0x00, 0x00, 0x00, 0x00, 0x00, 0x00, 0x00, 0x00, 0x00, 0x00, 0x00, 0x00, 0x00, 0x00, 0x00, 0x00,
    0x00, 0x00, 0x00, 0x00, 0x00, 0x00, 0x00, 0x00, 0x00, 0x00, 0x00, 0x00, 0x00, 0x00, 0x00, 0x00, 0x00, 0x00, 0x00, 0x00, 0x00, 0x00, 0x00, 0x00,
    0x00, 0x00, 0x00, 0x19, 0xcf, 0x40, 0xb0, 0x55, 0xbf, 0xf1, 0x65, 0xff, 0xf1, 0x65, 0xff, 0xf1, 0x65, 0xff, 0xf1, 0x65, 0xff, 0xf1, 0x5d, 0xff,
    0xb0, 0x55, 0xff, 0xb0, 0x55, 0xff, 0xb0, 0x55, 0xff, 0xb0, 0x55, 0xff, 0xb0, 0x55, 0xff, 0x6f, 0x4d, 0xff, 0x6f, 0x4d, 0xff, 0xcd, 0x3c, 0xff,
    0x6f, 0x55, 0xff, 0x32, 0x6e, 0xff, 0xf1, 0x65, 0xff, 0x32, 0x6e, 0xff, 0x32, 0x6e, 0xff, 0x32, 0x6e, 0xff, 0x32, 0x6e, 0xff, 0x32, 0x6e, 0xff,
    0x32, 0x6e, 0xff, 0x32, 0x6e, 0xff, 0x32, 0x6e, 0xff, 0x32, 0x6e, 0xff, 0x32, 0x66, 0xff, 0xf1, 0x65, 0xff, 0xf1, 0x5d, 0xff, 0xb0, 0x4d, 0xff,
    0x6e, 0x45, 0xff, 0x6e, 0x45, 0xff, 0x6f, 0x4d, 0xff, 0x8c, 0x34, 0xff, 0xcd, 0x3c, 0xff, 0x4d, 0x3d, 0xff, 0xcc, 0x34, 0xcf, 0x55, 0xae, 0x60,
    0xff, 0xff, 0x20, 0x00, 0x00, 0x00, 0x00, 0x00, 0x00, 0x00, 0x00, 0x00, 0x00, 0x00, 0x00, 0x00, 0x00, 0x00, 0x00, 0x00, 0x00, 0x00, 0x00, 0x00,
    0x00, 0x00, 0x00, 0x00, 0x00, 0x00, 0x00, 0x00, 0x00, 0x00, 0x00, 0x00, 0x00, 0x00, 0x00, 0x00, 0x00, 0x00, 0x00, 0x00, 0x00, 0x00, 0x00, 0x00,
    0x00, 0x00, 0x00, 0x00, 0x00, 0x00, 0x00, 0x00, 0x00, 0x00, 0x00, 0x00, 0x19, 0xcf, 0x40, 0xb0, 0x55, 0xbf, 0xf1, 0x65, 0xff, 0xf1, 0x65, 0xff,
    0xf1, 0x65, 0xff, 0xb0, 0x5d, 0xff, 0xb0, 0x5d, 0xff, 0xb0, 0x55, 0xff, 0xb0, 0x55, 0xff, 0xb0, 0x55, 0xff, 0xb0, 0x55, 0xff, 0xb0, 0x55, 0xff,
    0x6f, 0x4d, 0xff, 0x6f, 0x4d, 0xff, 0xcd, 0x3c, 0xff, 0x4e, 0x4d, 0xff, 0x32, 0x6e, 0xff, 0xf1, 0x65, 0xff, 0x32, 0x6e, 0xff, 0x32, 0x6e, 0xff,
    0x32, 0x6e, 0xff, 0x32, 0x6e, 0xff, 0x32, 0x6e, 0xff, 0x32, 0x6e, 0xff, 0x32, 0x6e, 0xff, 0x32, 0x6e, 0xff, 0x32, 0x6e, 0xff, 0x32, 0x66, 0xff,
    0xf1, 0x65, 0xff, 0xf1, 0x5d, 0xff, 0xb0, 0x4d, 0xff, 0x6e, 0x45, 0xff, 0x6e, 0x45, 0xff, 0x6f, 0x4d, 0xff, 0x8c, 0x34, 0xff, 0xcc, 0x34, 0xff,
    0x4e, 0x45, 0xff, 0xcc, 0x34, 0xbf, 0x77, 0xbe, 0x40, 0x00, 0x00, 0x00, 0x00, 0x00, 0x00, 0x00, 0x00, 0x00, 0x00, 0x00, 0x00, 0x00, 0x00, 0x00,
    0x00, 0x00, 0x00, 0x00, 0x00, 0x00, 0x00, 0x00, 0x00, 0x00, 0x00, 0x00, 0x00, 0x00, 0x00, 0x00, 0x00, 0x00, 0x00, 0x00, 0x00, 0x00, 0x00, 0x00,
    0x00, 0x00, 0x00, 0x00, 0x00, 0x00, 0x00, 0x00, 0x00, 0x00, 0x00, 0x00, 0x00, 0x00, 0x00, 0x00, 0x00, 0x00, 0x00, 0x00, 0x00, 0x1a, 0xd7, 0x40,
    0xf1, 0x5d, 0xbf, 0xf1, 0x65, 0xff, 0xf1, 0x65, 0xff, 0xf1, 0x65, 0xff, 0xf1, 0x65, 0xff, 0xf1, 0x65, 0xff, 0xb0, 0x55, 0xff, 0xb0, 0x55, 0xff,
    0xb0, 0x55, 0xff, 0xb0, 0x55, 0xff, 0xb0, 0x55, 0xff, 0xb0, 0x55, 0xff, 0x4e, 0x4d, 0xff, 0xcd, 0x3c, 0xff, 0xcd, 0x44, 0xff, 0xf1, 0x65, 0xff,
    0xf1, 0x65, 0xff, 0x32, 0x6e, 0xff, 0x32, 0x6e, 0xff, 0x32, 0x6e, 0xff, 0x73, 0x6e, 0xff, 0x73, 0x6e, 0xff, 0x73, 0x6e, 0xff, 0x73, 0x6e, 0xff,
    0x32, 0x6e, 0xff, 0x32, 0x6e, 0xff, 0x32, 0x6e, 0xff, 0x32, 0x66, 0xff, 0xf1, 0x5d, 0xff, 0xb0, 0x4d, 0xff, 0x6e, 0x45, 0xff, 0x6e, 0x45, 0xff,
    0x6f, 0x4d, 0xff, 0x4b, 0x34, 0xff, 0x8c, 0x34, 0xff, 0xcd, 0x44, 0xff, 0xcc, 0x34, 0xbf, 0xd8, 0xc6, 0x40, 0x00, 0x00, 0x00, 0x00, 0x00, 0x00,
    0x00, 0x00, 0x00, 0x00, 0x00, 0x00, 0x00, 0x00, 0x00, 0x00, 0x00, 0x00, 0x00, 0x00, 0x00, 0x00, 0x00, 0x00, 0x00, 0x00, 0x00, 0x00, 0x00, 0x00,
    0x00, 0x00, 0x00, 0x00, 0x00, 0x00, 0x00, 0x00, 0x00, 0x00, 0x00, 0x00, 0x00, 0x00, 0x00, 0x00, 0x00, 0x00, 0x00, 0x00, 0x00, 0x00, 0x00, 0x00,
    0x00, 0x00, 0x00, 0x00, 0x00, 0x00, 0x1b, 0xdf, 0x40, 0xf1, 0x65, 0xbf, 0x32, 0x66, 0xff, 0xf1, 0x65, 0xff, 0xf1, 0x65, 0xff, 0xf1, 0x5d, 0xff,
    0xf1, 0x65, 0xff, 0xf1, 0x5d, 0xff, 0xb0, 0x55, 0xff, 0xb0, 0x55, 0xff, 0xb0, 0x55, 0xff, 0xb0, 0x55, 0xff, 0xb0, 0x55, 0xff, 0x6f, 0x55, 0xff,
    0xcd, 0x44, 0xff, 0xcd, 0x44, 0xff, 0xf1, 0x65, 0xff, 0xf1, 0x65, 0xff, 0xf1, 0x65, 0xff, 0x32, 0x6e, 0xff, 0x32, 0x6e, 0xff, 0x73, 0x6e, 0xff,
    0x73, 0x6e, 0xff, 0x72, 0x6e, 0xff, 0x72, 0x66, 0xff, 0x72, 0x6e, 0xff, 0x72, 0x6e, 0xff, 0x72, 0x6e, 0xff, 0x32, 0x66, 0xff, 0xf1, 0x5d, 0xff,
    0xb0, 0x55, 0xff, 0x6f, 0x4d, 0xff, 0x6f, 0x4d, 0xff, 0x4e, 0x4d, 0xff, 0x0a, 0x2c, 0xff, 0x4b, 0x34, 0xff, 0xcd, 0x44, 0xff, 0xcc, 0x34, 0xbf,
    0x19, 0xcf, 0x40, 0x00, 0x00, 0x00, 0x00, 0x00, 0x00, 0x00, 0x00, 0x00, 0x00, 0x00, 0x00, 0x00, 0x00, 0x00, 0x00, 0x00, 0x00, 0x00, 0x00, 0x00,
    0x00, 0x00, 0x00, 0x00, 0x00, 0x00, 0x00, 0x00, 0x00, 0x00, 0x00, 0x00, 0x00, 0x00, 0x00, 0x00, 0x00, 0x00, 0x00, 0x00, 0x00, 0x00, 0x00, 0x00,
    0x00, 0x00, 0x00, 0x00, 0x00, 0x00, 0x00, 0x00, 0x00, 0x00, 0x00, 0x00, 0x00, 0x00, 0x00, 0x3b, 0xdf, 0x40, 0xf1, 0x65, 0xbf, 0x32, 0x66, 0xff,
    0xf1, 0x65, 0xff, 0xf1, 0x65, 0xff, 0xf1, 0x65, 0xff, 0xf1, 0x5d, 0xff, 0xf1, 0x5d, 0xff, 0xf1, 0x5d, 0xff, 0xf1, 0x5d, 0xff, 0xb0, 0x55, 0xff,
    0xb0, 0x55, 0xff, 0xb0, 0x55, 0xff, 0x6f, 0x55, 0xff, 0x4e, 0x45, 0xff, 0xcd, 0x44, 0xff, 0xf1, 0x65, 0xff, 0xf1, 0x65, 0xff, 0x32, 0x66, 0xff,
    0x32, 0x66, 0xff, 0x32, 0x66, 0xff, 0x32, 0x6e, 0xff, 0xf2, 0x6d, 0xff, 0xb1, 0x65, 0xff, 0xb1, 0x65, 0xff, 0xb1, 0x65, 0xff, 0x70, 0x65, 0xff,
    0x70, 0x65, 0xff, 0xb0, 0x55, 0xff, 0xb0, 0x4d, 0xff, 0xaf, 0x45, 0xff, 0x6e, 0x45, 0xff, 0x6f, 0x4d, 0xff, 0x4e, 0x4d, 0xff, 0x0a, 0x2c, 0xff,
    0x4b, 0x34, 0xff, 0xcd, 0x3c, 0xff, 0xcd, 0x3c, 0xbf, 0x1a, 0xd7, 0x40, 0x00, 0x00, 0x00, 0x00, 0x00, 0x00, 0x00, 0x00, 0x00, 0x00, 0x00, 0x00,
    0x00, 0x00, 0x00, 0x00, 0x00, 0x00, 0x00, 0x00, 0x00, 0x00, 0x00, 0x00, 0x00, 0x00, 0x00, 0x00, 0x00, 0x00, 0x00, 0x00, 0x00, 0x00, 0x00, 0x00,
    0x00, 0x00, 0x00, 0x00, 0x00, 0x00, 0x00, 0x00, 0x00, 0x00, 0x00, 0x00, 0x00, 0x00, 0x00, 0x00, 0x00, 0x00, 0x00, 0x00, 0x00, 0x00, 0x00, 0x00,
    0x3b, 0xdf, 0x40, 0xf1, 0x65, 0xbf, 0x32, 0x66, 0xff, 0xf1, 0x65, 0xff, 0xf1, 0x65, 0xff, 0xf1, 0x65, 0xff, 0xf1, 0x65, 0xff, 0xf1, 0x65, 0xff,
    0xf1, 0x65, 0xff, 0xf1, 0x5d, 0xff, 0xf1, 0x5d, 0xff, 0xb0, 0x55, 0xff, 0xb0, 0x55, 0xff, 0xb0, 0x55, 0xff, 0x4e, 0x4d, 0xff, 0xcd, 0x44, 0xff,
    0x72, 0x6e, 0xff, 0xf1, 0x65, 0xff, 0x4f, 0x5d, 0xff, 0x4f, 0x74, 0xff, 0x4f, 0x94, 0xff, 0x90, 0xa4, 0xff, 0xaf, 0xb4, 0xff, 0xcf, 0xc4, 0xff,
    0xcf, 0xcc, 0xff, 0xcf, 0xc4, 0xff, 0xaf, 0xc4, 0xff, 0xaf, 0xbc, 0xff, 0x8f, 0xb4, 0xff, 0x6f, 0xa4, 0xff, 0x4e, 0x84, 0xff, 0x8d, 0x4c, 0xff,
    0xce, 0x54, 0xff, 0x6f, 0x55, 0xff, 0x0a, 0x2c, 0xff, 0x8c, 0x34, 0xff, 0xcd, 0x3c, 0xff, 0xcd, 0x44, 0xbf, 0x3b, 0xdf, 0x40, 0x00, 0x00, 0x00,
    0x00, 0x00, 0x00, 0x00, 0x00, 0x00, 0x00, 0x00, 0x00, 0x00, 0x00, 0x00, 0x00, 0x00, 0x00, 0x00, 0x00, 0x00, 0x00, 0x00, 0x00, 0x00, 0x00, 0x00,
    0x00, 0x00, 0x00, 0x00, 0x00, 0x00, 0x00, 0x00, 0x00, 0x00, 0x00, 0x00, 0x00, 0x00, 0x00, 0x00, 0x00, 0x00, 0x00, 0x00, 0x00, 0x00, 0x00, 0x00,
    0x00, 0x00, 0x00, 0x00, 0x00, 0x00, 0x00, 0x00, 0x00, 0x3b, 0xdf, 0x40, 0xb0, 0x55, 0xbf, 0xf1, 0x65, 0xff, 0xf1, 0x65, 0xff, 0xf1, 0x65, 0xff,
    0xf1, 0x65, 0xff, 0xf1, 0x65, 0xff, 0xf1, 0x65, 0xff, 0xf1, 0x65, 0xff, 0xf1, 0x65, 0xff, 0xf1, 0x5d, 0xff, 0xf1, 0x5d, 0xff, 0xf1, 0x5d, 0xff,
    0xb0, 0x55, 0xff, 0xb0, 0x4d, 0xff, 0x6f, 0x4d, 0xff, 0x8c, 0x3c, 0xff, 0x8c, 0x6b, 0xff, 0x6f, 0xb4, 0xff, 0x8f, 0xbc, 0xff, 0xf0, 0xc4, 0xff,
    0x51, 0xc5, 0xff, 0x51, 0xc5, 0xff, 0x51, 0xc5, 0xff, 0x51, 0xc5, 0xff, 0x51, 0xc5, 0xff, 0x51, 0xc5, 0xff, 0x51, 0xc5, 0xff, 0x51, 0xc5, 0xff,
    0x51, 0xcd, 0xff, 0xf0, 0xc4, 0xff, 0x10, 0xcd, 0xff, 0x6c, 0x63, 0xff, 0xa9, 0x1b, 0xff, 0x8c, 0x34, 0xff, 0xcd, 0x3c, 0xff, 0x4d, 0x3d, 0xff,
    0x4f, 0x55, 0xbf, 0x7c, 0xe7, 0x40, 0x00, 0x00, 0x00, 0x00, 0x00, 0x00, 0x00, 0x00, 0x00, 0x00, 0x00, 0x00, 0x00, 0x00, 0x00, 0x00, 0x00, 0x00,
    0x00, 0x00, 0x00, 0x00, 0x00, 0x00, 0x00, 0x00, 0x00, 0x00, 0x00, 0x00, 0x00, 0x00, 0x00, 0x00, 0x00, 0x00, 0x00, 0x00, 0x00, 0x00, 0x00, 0x00,
    0x00, 0x00, 0x00, 0x00, 0x00, 0x00, 0x00, 0x00, 0x00, 0x00, 0x00, 0x00, 0x00, 0x00, 0x00, 0x00, 0x00, 0x00, 0x5a, 0xd7, 0x40, 0xb0, 0x55, 0xbf,
    0xf1, 0x65, 0xff, 0xf1, 0x65, 0xff, 0xf1, 0x65, 0xff, 0xf1, 0x65, 0xff, 0xf1, 0x65, 0xff, 0xf1, 0x65, 0xff, 0xf1, 0x65, 0xff, 0xf1, 0x65, 0xff,
    0xf1, 0x65, 0xff, 0xf1, 0x65, 0xff, 0xf1, 0x65, 0xff, 0xf1, 0x5d, 0xff, 0xf1, 0x65, 0xff, 0xb0, 0x4d, 0xff, 0x27, 0x13, 0xff, 0xad, 0x73, 0xff,
    0x73, 0xd5, 0xff, 0xb4, 0xcd, 0xff, 0x36, 0xde, 0xff, 0x36, 0xe6, 0xff, 0x15, 0xde, 0xff, 0xd4, 0xdd, 0xff, 0xb3, 0xd5, 0xff, 0x73, 0xd5, 0xff,
    0x72, 0xcd, 0xff, 0x52, 0xcd, 0xff, 0x52, 0xcd, 0xff, 0x52, 0xcd, 0xff, 0x52, 0xc5, 0xff, 0x72, 0xd5, 0xff, 0x4d, 0x4c, 0xff, 0xa8, 0x1b, 0xff,
    0x8c, 0x34, 0xff, 0x4d, 0x3d, 0xff, 0x4d, 0x3d, 0xff, 0xb1, 0x65, 0xbf, 0xbd, 0xef, 0x40, 0x00, 0x00, 0x00, 0x00, 0x00, 0x00, 0x00, 0x00, 0x00,
    0x00, 0x00, 0x00, 0x00, 0x00, 0x00, 0x00, 0x00, 0x00, 0x00, 0x00, 0x00, 0x00, 0x00, 0x00, 0x00, 0x00, 0x00, 0x00, 0x00, 0x00, 0x00, 0x00, 0x00,
    0x00, 0x00, 0x00, 0x00, 0x00, 0x00, 0x00, 0x00, 0x00, 0x00, 0x00, 0x00, 0x00, 0x00, 0x00, 0x00, 0x00, 0x00, 0x00, 0x00, 0x00, 0x00, 0x00, 0x00,
    0x00, 0x00, 0x00, 0x5a, 0xd7, 0x40, 0xb0, 0x55, 0xbf, 0xf1, 0x65, 0xff, 0xf1, 0x65, 0xff, 0xf1, 0x65, 0xff, 0xf1, 0x65, 0xff, 0xf1, 0x65, 0xff,
    0xf1, 0x65, 0xff, 0xf1, 0x65, 0xff, 0xf1, 0x65, 0xff, 0xf1, 0x65, 0xff, 0xf1, 0x65, 0xff, 0xf1, 0x65, 0xff, 0xf1, 0x65, 0xff, 0xf1, 0x5d, 0xff,
    0x31, 0x5e, 0xff, 0x4c, 0x2d, 0xff, 0x50, 0x6c, 0xff, 0x19, 0xff, 0xff, 0x3a, 0xff, 0xff, 0x5b, 0xff, 0xff, 0x3a, 0xff, 0xff, 0x19, 0xff, 0xff,
    0xf9, 0xfe, 0xff, 0xd8, 0xfe, 0xff, 0x97, 0xfe, 0xff, 0x56, 0xee, 0xff, 0x15, 0xde, 0xff, 0xb3, 0xd5, 0xff, 0x93, 0xd5, 0xff, 0x52, 0xcd, 0xff,
    0x72, 0xd5, 0xff, 0x0c, 0x44, 0xff, 0xa9, 0x1b, 0xff, 0x4b, 0x34, 0xff, 0xcd, 0x3c, 0xff, 0x4d, 0x35, 0xff, 0xb1, 0x65, 0xbf, 0xff, 0xff, 0x40,
    0x00, 0x00, 0x00, 0x00, 0x00, 0x00, 0x00, 0x00, 0x00, 0x00, 0x00, 0x00, 0x00, 0x00, 0x00, 0x00, 0x00, 0x00, 0x00, 0x00, 0x00, 0x00, 0x00, 0x00,
    0x00, 0x00, 0x00, 0x00, 0x00, 0x00, 0x00, 0x00, 0x00, 0x00, 0x00, 0x00, 0x00, 0x00, 0x00, 0x00, 0x00, 0x00, 0x00, 0x00, 0x00, 0x00, 0x00, 0x00,
    0x00, 0x00, 0x00, 0x00, 0x00, 0x00, 0x00, 0x00, 0x00, 0x00, 0x00, 0x00, 0x5a, 0xd7, 0x40, 0xb0, 0x55, 0xbf, 0xf1, 0x65, 0xff, 0xf1, 0x65, 0xff,
    0xf1, 0x65, 0xff, 0xb0, 0x5d, 0xff, 0xf1, 0x65, 0xff, 0xf1, 0x65, 0xff, 0xf1, 0x65, 0xff, 0xf1, 0x65, 0xff, 0xf1, 0x65, 0xff, 0xf1, 0x5d, 0xff,
    0xf1, 0x5d, 0xff, 0xf1, 0x5d, 0xff, 0xf1, 0x5d, 0xff, 0xf1, 0x5d, 0xff, 0x4d, 0x35, 0xff, 0x70, 0x5d, 0xff, 0x5a, 0xff, 0xff, 0x3b, 0xef, 0xff,
    0x3a, 0xff, 0xff, 0x19, 0xff, 0xff, 0x19, 0xff, 0xff, 0x19, 0xff, 0xff, 0xf9, 0xfe, 0xff, 0xf8, 0xfe, 0xff, 0xd8, 0xfe, 0xff, 0x97, 0xfe, 0xff,
    0x55, 0xee, 0xff, 0xd4, 0xdd, 0xff, 0x72, 0xcd, 0xff, 0x93, 0xd5, 0xff, 0x0c, 0x44, 0xff, 0xa9, 0x1b, 0xff, 0x4b, 0x34, 0xff, 0xcd, 0x3c, 0xff,
    0xcc, 0x34, 0xff, 0xb1, 0x65, 0xbf, 0xff, 0xff, 0x40, 0x00, 0x00, 0x00, 0x00, 0x00, 0x00, 0x00, 0x00, 0x00, 0x00, 0x00, 0x00, 0x00, 0x00, 0x00,
    0x00, 0x00, 0x00, 0x00, 0x00, 0x00, 0x00, 0x00, 0x00, 0x00, 0x00, 0x00, 0x00, 0x00, 0x00, 0x00, 0x00, 0x00, 0x00, 0x00, 0x00, 0x00, 0x00, 0x00,
    0x00, 0x00, 0x00, 0x00, 0x00, 0x00, 0x00, 0x00, 0x00, 0x00, 0x00, 0x00, 0x00, 0x00, 0x00, 0x00, 0x00, 0x00, 0x00, 0x00, 0x00, 0x1a, 0xd7, 0x40,
    0xb0, 0x55, 0xbf, 0xf1, 0x65, 0xff, 0xf1, 0x65, 0xff, 0xf1, 0x65, 0xff, 0xb0, 0x5d, 0xff, 0xb0, 0x55, 0xff, 0xf1, 0x65, 0xff, 0xf1, 0x65, 0xff,
    0xf1, 0x65, 0xff, 0xf1, 0x65, 0xff, 0xf1, 0x5d, 0xff, 0xf1, 0x5d, 0xff, 0xf1, 0x5d, 0xff, 0xf1, 0x5d, 0xff, 0xb0, 0x55, 0xff, 0x4d, 0x35, 0xff,
    0x4f, 0x5d, 0xff, 0x19, 0xff, 0xff, 0x1a, 0xef, 0xff, 0x3a, 0xff, 0xff, 0x19, 0xff, 0xff, 0x19, 0xff, 0xff, 0x19, 0xff, 0xff, 0x19, 0xff, 0xff,
    0xf9, 0xfe, 0xff, 0xf8, 0xfe, 0xff, 0xb7, 0xfe, 0xff, 0x97, 0xee, 0xff, 0x56, 0xe6, 0xff, 0xb4, 0xd5, 0xff, 0xb4, 0xd5, 0xff, 0x4d, 0x4c, 0xff,
    0x0a, 0x2c, 0xff, 0x4b, 0x34, 0xff, 0xcd, 0x3c, 0xff, 0xcc, 0x34, 0xff, 0xf2, 0x6d, 0xbf, 0xff, 0xff, 0x40, 0x00, 0x00, 0x00, 0x00, 0x00, 0x00,
    0x00, 0x00, 0x00, 0x00, 0x00, 0x00, 0x00, 0x00, 0x00, 0x00, 0x00, 0x00, 0x00, 0x00, 0x00, 0x00, 0x00, 0x00, 0x00, 0x00, 0x00, 0x00, 0x00, 0x00,
    0x00, 0x00, 0x00, 0x00, 0x00, 0x00, 0x00, 0x00, 0x00, 0x00, 0x00, 0x00, 0x00, 0x00, 0x00, 0x00, 0x00, 0x00, 0x00, 0x00, 0x00, 0x00, 0x00, 0x00,
    0x00, 0x00, 0x00, 0x00, 0x00, 0x00, 0xfa, 0xd6, 0x40, 0xb0, 0x55, 0xbf, 0xf1, 0x65, 0xff, 0xf1, 0x65, 0xff, 0xf1, 0x65, 0xff, 0xf1, 0x65, 0xff,
    0xb0, 0x55, 0xff, 0xf1, 0x65, 0xff, 0xf1, 0x65, 0xff, 0xf1, 0x65, 0xff, 0xf1, 0x65, 0xff, 0xf1, 0x5d, 0xff, 0xf1, 0x5d, 0xff, 0xf1, 0x5d, 0xff,
    0xb0, 0x55, 0xff, 0x6f, 0x4d, 0xff, 0x4d, 0x35, 0xff, 0x8d, 0x4c, 0xff, 0xd8, 0xee, 0xff, 0xf9, 0xee, 0xff, 0xf9, 0xfe, 0xff, 0x19, 0xff, 0xff,
    0x19, 0xff, 0xff, 0x19, 0xff, 0xff, 0x19, 0xff, 0xff, 0xf9, 0xfe, 0xff, 0xf8, 0xfe, 0xff, 0xd8, 0xfe, 0xff, 0xb7, 0xee, 0xff, 0x76, 0xee, 0xff,
    0xf5, 0xdd, 0xff, 0xd4, 0xd5, 0xff, 0x4c, 0x4c, 0xff, 0x4b, 0x2c, 0xff, 0x8c, 0x34, 0xff, 0xcd, 0x44, 0xff, 0x4d, 0x35, 0xff, 0x32, 0x6e, 0xbf,
    0xff, 0xff, 0x40, 0x00, 0x00, 0x00, 0x00, 0x00, 0x00, 0x00, 0x00, 0x00, 0x00, 0x00, 0x00, 0x00, 0x00, 0x00, 0x00, 0x00, 0x00, 0x00, 0x00, 0x00,
    0x00, 0x00, 0x00, 0x00, 0x00, 0x00, 0x00, 0x00, 0x00, 0x00, 0x00, 0x00, 0x00, 0x00, 0x00, 0x00, 0x00, 0x00, 0x00, 0x00, 0x00, 0x00, 0x00, 0x00,
    0x00, 0x00, 0x00, 0x00, 0x00, 0x00, 0x00, 0x00, 0x00, 0x00, 0x00, 0x00, 0x00, 0x00, 0x00, 0xf9, 0xce, 0x40, 0xb0, 0x4d, 0xbf, 0xf1, 0x65, 0xff,
    0xf1, 0x65, 0xff, 0xf1, 0x65, 0xff, 0xf1, 0x65, 0xff, 0xf1, 0x5d, 0xff, 0xf1, 0x65, 0xff, 0xf1, 0x65, 0xff, 0xf1, 0x65, 0xff, 0xf1, 0x65, 0xff,
    0xf1, 0x65, 0xff, 0xf1, 0x5d, 0xff, 0xf1, 0x5d, 0xff, 0xb0, 0x55, 0xff, 0x6f, 0x4d, 0xff, 0x4d, 0x3d, 0xff, 0x8c, 0x44, 0xff, 0x97, 0xde, 0xff,
    0xf9, 0xfe, 0xff, 0xf8, 0xfe, 0xff, 0xf8, 0xfe, 0xff, 0x19, 0xff, 0xff, 0x19, 0xff, 0xff, 0x19, 0xff, 0xff, 0xf9, 0xfe, 0xff, 0xf9, 0xfe, 0xff,
    0xf8, 0xfe, 0xff, 0xd8, 0xfe, 0xff, 0x77, 0xe6, 0xff, 0x15, 0xe6, 0xff, 0xb4, 0xcd, 0xff, 0x0b, 0x3c, 0xff, 0x8c, 0x34, 0xff, 0xcd, 0x3c, 0xff,
    0x4e, 0x45, 0xff, 0x4d, 0x35, 0xff, 0x73, 0x76, 0xbf, 0xff, 0xff, 0x40, 0x00, 0x00, 0x00, 0x00, 0x00, 0x00, 0x00, 0x00, 0x00, 0x00, 0x00, 0x00,
    0x00, 0x00, 0x00, 0x00, 0x00, 0x00, 0x00, 0x00, 0x00, 0x00, 0x00, 0x00, 0x00, 0x00, 0x00, 0x00, 0x00, 0x00, 0x00, 0x00, 0x00, 0x00, 0x00, 0x00,
    0x00, 0x00, 0x00, 0x00, 0x00, 0x00, 0x00, 0x00, 0x00, 0x00, 0x00, 0x00, 0x00, 0x00, 0x00, 0x00, 0x00, 0x00, 0x00, 0x00, 0x00, 0x00, 0x00, 0x00,
    0xf8, 0xc6, 0x40, 0xb0, 0x4d, 0xbf, 0xf1, 0x65, 0xff, 0xf1, 0x65, 0xff, 0x32, 0x66, 0xff, 0xf1, 0x65, 0xff, 0xf1, 0x5d, 0xff, 0xf1, 0x5d, 0xff,
    0xf1, 0x65, 0xff, 0xf1, 0x65, 0xff, 0xf1, 0x65, 0xff, 0xf1, 0x65, 0xff, 0xf1, 0x5d, 0xff, 0xf1, 0x5d, 0xff, 0xb0, 0x55, 0xff, 0x6f, 0x4d, 0xff,
    0x4e, 0x45, 0xff, 0x8c, 0x34, 0xff, 0x36, 0xc6, 0xff, 0xf8, 0xfe, 0xff, 0xf8, 0xfe, 0xff, 0xf8, 0xfe, 0xff, 0x19, 0xff, 0xff, 0x19, 0xff, 0xff,
    0x19, 0xff, 0xff, 0xf9, 0xfe, 0xff, 0xf9, 0xfe, 0xff, 0xf8, 0xfe, 0xff, 0xb8, 0xfe, 0xff, 0x76, 0xe6, 0xff, 0x15, 0xe6, 0xff, 0x93, 0xbd, 0xff,
    0x0a, 0x34, 0xff, 0x8c, 0x34, 0xff, 0xcd, 0x3c, 0xff, 0x4e, 0x45, 0xff, 0xcc, 0x34, 0xff, 0x73, 0x76, 0xbf, 0xff, 0xff, 0x40, 0x00, 0x00, 0x00,
    0x00, 0x00, 0x00, 0x00, 0x00, 0x00, 0x00, 0x00, 0x00, 0x00, 0x00, 0x00, 0x00, 0x00, 0x00, 0x00, 0x00, 0x00, 0x00, 0x00, 0x00, 0x00, 0x00, 0x00,
    0x00, 0x00, 0x00, 0x00, 0x00, 0x00, 0x00, 0x00, 0x00, 0x00, 0x00, 0x00, 0x00, 0x00, 0x00, 0x00, 0x00, 0x00, 0x00, 0x00, 0x00, 0x00, 0x00, 0x00,
    0x00, 0x00, 0x00, 0x00, 0x00, 0x00, 0x00, 0x00, 0x00, 0xd8, 0xc6, 0x40, 0xb0, 0x4d, 0xbf, 0xf1, 0x65, 0xff, 0xf1, 0x65, 0xff, 0xf1, 0x65, 0xff,
    0xf1, 0x65, 0xff, 0xf1, 0x5d, 0xff, 0xb0, 0x55, 0xff, 0xf1, 0x5d, 0xff, 0xf1, 0x65, 0xff, 0xf1, 0x65, 0xff, 0xf1, 0x65, 0xff, 0xf1, 0x5d, 0xff,
    0xf1, 0x5d, 0xff, 0xb0, 0x55, 0xff, 0x6f, 0x4d, 0xff, 0x6e, 0x45, 0xff, 0x8b, 0x2c, 0xff, 0xb4, 0xad, 0xff, 0xf8, 0xfe, 0xff, 0xd8, 0xfe, 0xff,
    0xf8, 0xfe, 0xff, 0x19, 0xff, 0xff, 0x19, 0xff, 0xff, 0x19, 0xff, 0xff, 0x19, 0xff, 0xff, 0xf8, 0xfe, 0xff, 0xd8, 0xfe, 0xff, 0x97, 0xfe, 0xff,
    0x56, 0xe6, 0xff, 0x15, 0xe6, 0xff, 0x53, 0xad, 0xff, 0xa9, 0x1b, 0xff, 0x8c, 0x34, 0xff, 0x8c, 0x3c, 0xff, 0x4e, 0x45, 0xff, 0xcc, 0x2c, 0xef,
    0x73, 0x76, 0x9f, 0xff, 0xff, 0x30, 0x00, 0x00, 0x00, 0x00, 0x00, 0x00, 0x00, 0x00, 0x00, 0x00, 0x00, 0x00, 0x00, 0x00, 0x00, 0x00, 0x00, 0x00,
    0x00, 0x00, 0x00, 0x00, 0x00, 0x00, 0x00, 0x00, 0x00, 0x00, 0x00, 0x00, 0x00, 0x00, 0x00, 0x00, 0x00, 0x00, 0x00, 0x00, 0x00, 0x00, 0x00, 0x00,
    0x00, 0x00, 0x00, 0x00, 0x00, 0x00, 0x00, 0x00, 0x00, 0x00, 0x00, 0x00, 0x00, 0x00, 0x00, 0x00, 0x00, 0x00, 0xb8, 0xbe, 0x40, 0xb0, 0x4d, 0xbf,
    0xf1, 0x65, 0xff, 0xf1, 0x65, 0xff, 0xf1, 0x65, 0xff, 0xf1, 0x65, 0xff, 0xf1, 0x65, 0xff, 0xb0, 0x55, 0xff, 0xb0, 0x55, 0xff, 0xf1, 0x5d, 0xff,
    0xf1, 0x5d, 0xff, 0xf1, 0x5d, 0xff, 0xf1, 0x5d, 0xff, 0xf1, 0x5d, 0xff, 0xb0, 0x4d, 0xff, 0xb0, 0x4d, 0xff, 0x6f, 0x4d, 0xff, 0xcb, 0x24, 0xff,
    0x53, 0x8d, 0xff, 0xf8, 0xfe, 0xff, 0xd8, 0xfe, 0xff, 0x19, 0xff, 0xff, 0x19, 0xff, 0xff, 0x39, 0xff, 0xff, 0x19, 0xff, 0xff, 0xf9, 0xfe, 0xff,
    0xd8, 0xfe, 0xff, 0xb7, 0xfe, 0xff, 0x96, 0xfe, 0xff, 0x15, 0xe6, 0xff, 0xf4, 0xe5, 0xff, 0xd1, 0x94, 0xff, 0xa9, 0x1b, 0xff, 0x8c, 0x34, 0xff,
    0x8c, 0x34, 0xff, 0x4e, 0x45, 0xff, 0xcc, 0x2c, 0xcf, 0x35, 0xae, 0x60, 0xff, 0xff, 0x10, 0x00, 0x00, 0x00, 0x00, 0x00, 0x00, 0x00, 0x00, 0x00,
    0x00, 0x00, 0x00, 0x00, 0x00, 0x00, 0x00, 0x00, 0x00, 0x00, 0x00, 0x00, 0x00, 0x00, 0x00, 0x00, 0x00, 0x00, 0x00, 0x00, 0x00, 0x00, 0x00, 0x00,
    0x00, 0x00, 0x00, 0x00, 0x00, 0x00, 0x00, 0x00, 0x00, 0x00, 0x00, 0x00, 0x00, 0x00, 0x00, 0x00, 0x00, 0x00, 0x00, 0x00, 0x00, 0x00, 0x00, 0x00,
    0x00, 0x00, 0x00, 0xb8, 0xbe, 0x40, 0xb0, 0x4d, 0xbf, 0xf1, 0x65, 0xff, 0xf1, 0x65, 0xff, 0xf1, 0x65, 0xff, 0xf1, 0x65, 0xff, 0xf1, 0x65, 0xff,
    0xb0, 0x55, 0xff, 0xb0, 0x55, 0xff, 0xf1, 0x5d, 0xff, 0xf1, 0x5d, 0xff, 0xf1, 0x5d, 0xff, 0xf1, 0x5d, 0xff, 0xf1, 0x5d, 0xff, 0xb0, 0x4d, 0xff,
    0xb0, 0x4d, 0xff, 0xb0, 0x4d, 0xff, 0xcc, 0x2c, 0xff, 0x4f, 0x5d, 0xff, 0xd7, 0xfe, 0xff, 0xb8, 0xfe, 0xff, 0x19, 0xff, 0xff, 0x3a, 0xff, 0xff,
    0x3a, 0xff, 0xff, 0x39, 0xff, 0xff, 0x19, 0xff, 0xff, 0xd8, 0xfe, 0xff, 0xb7, 0xfe, 0xff, 0x76, 0xfe, 0xff, 0x14, 0xe6, 0xff, 0xd4, 0xed, 0xff,
    0x90, 0x8c, 0xff, 0xa8, 0x1b, 0xff, 0x8c, 0x34, 0xff, 0x8c, 0x3c, 0xff, 0x6e, 0x45, 0xff, 0xcc, 0x2c, 0xbf, 0x76, 0xae, 0x40, 0x00, 0x00, 0x00,
    0x00, 0x00, 0x00, 0x00, 0x00, 0x00, 0x00, 0x00, 0x00, 0x00, 0x00, 0x00, 0x00, 0x00, 0x00, 0x00, 0x00, 0x00, 0x00, 0x00, 0x00, 0x00, 0x00, 0x00,
    0x00, 0x00, 0x00, 0x00, 0x00, 0x00, 0x00, 0x00, 0x00, 0x00, 0x00, 0x00, 0x00, 0x00, 0x00, 0x00, 0x00, 0x00, 0x00, 0x00, 0x00, 0x00, 0x00, 0x00,
    0x00, 0x00, 0x00, 0x00, 0x00, 0x00, 0x00, 0x00, 0x00, 0x00, 0x00, 0x00, 0xb6, 0xb6, 0x40, 0xb0, 0x4d, 0xbf, 0xb0, 0x5d, 0xff, 0xb0, 0x5d, 0xff,
    0xf1, 0x65, 0xff, 0xf1, 0x65, 0xff, 0xf1, 0x65, 0xff, 0xf1, 0x5d, 0xff, 0xb0, 0x55, 0xff, 0xb0, 0x55, 0xff, 0xf1, 0x5d, 0xff, 0xf1, 0x5d, 0xff,
    0xf1, 0x5d, 0xff, 0xb0, 0x55, 0xff, 0xb0, 0x55, 0xff, 0xb0, 0x4d, 0xff, 0xb0, 0x4d, 0xff, 0x6d, 0x35, 0xff, 0x4e, 0x4d, 0xff, 0x76, 0xee, 0xff,
    0xd8, 0xfe, 0xff, 0x3a, 0xff, 0xff, 0x3a, 0xff, 0xff, 0x3a, 0xff, 0xff, 0x3a, 0xff, 0xff, 0xf9, 0xfe, 0xff, 0xd8, 0xfe, 0xff, 0x97, 0xfe, 0xff,
    0x76, 0xee, 0xff, 0x14, 0xe6, 0xff, 0xf4, 0xed, 0xff, 0x4f, 0x74, 0xff, 0xa9, 0x1b, 0xff, 0x8c, 0x3c, 0xff, 0xcd, 0x3c, 0xff, 0x6f, 0x4d, 0xff,
    0xcc, 0x34, 0xbf, 0xb8, 0xbe, 0x40, 0x00, 0x00, 0x00, 0x00, 0x00, 0x00, 0x00, 0x00, 0x00, 0x00, 0x00, 0x00, 0x00, 0x00, 0x00, 0x00, 0x00, 0x00,
    0x00, 0x00, 0x00, 0x00, 0x00, 0x00, 0x00, 0x00, 0x00, 0x00, 0x00, 0x00, 0x00, 0x00, 0x00, 0x00, 0x00, 0x00, 0x00, 0x00, 0x00, 0x00, 0x00, 0x00,
    0x00, 0x00, 0x00, 0x00, 0x00, 0x00, 0x00, 0x00, 0x00, 0x00, 0x00, 0x00, 0x00, 0x00, 0x00, 0x00, 0x00, 0x00, 0x00, 0x00, 0x00, 0x96, 0xae, 0x40,
    0xb0, 0x4d, 0xbf, 0xf1, 0x65, 0xff, 0xb0, 0x55, 0xff, 0xf1, 0x65, 0xff, 0xf1, 0x65, 0xff, 0xf1, 0x65, 0xff, 0xf1, 0x65, 0xff, 0xb0, 0x55, 0xff,
    0xb0, 0x55, 0xff, 0xb0, 0x55, 0xff, 0xf1, 0x5d, 0xff, 0xf1, 0x5d, 0xff, 0xb0, 0x55, 0xff, 0xb0, 0x55, 0xff, 0xb0, 0x4d, 0xff, 0xb0, 0x4d, 0xff,
    0x6e, 0x45, 0xff, 0xcc, 0x34, 0xff, 0xf5, 0xc5, 0xff, 0xf9, 0xfe, 0xff, 0x5b, 0xff, 0xff, 0x5a, 0xff, 0xff, 0x5a, 0xff, 0xff, 0x3a, 0xff, 0xff,
    0xf9, 0xfe, 0xff, 0xb7, 0xfe, 0xff, 0x76, 0xfe, 0xff, 0x76, 0xee, 0xff, 0x14, 0xe6, 0xff, 0xf4, 0xed, 0xff, 0x8d, 0x54, 0xff, 0x09, 0x24, 0xff,
    0x8c, 0x3c, 0xff, 0xcd, 0x44, 0xff, 0x6f, 0x4d, 0xff, 0xcc, 0x34, 0xbf, 0xd8, 0xc6, 0x40, 0x00, 0x00, 0x00, 0x00, 0x00, 0x00, 0x00, 0x00, 0x00,
    0x00, 0x00, 0x00, 0x00, 0x00, 0x00, 0x00, 0x00, 0x00, 0x00, 0x00, 0x00, 0x00, 0x00, 0x00, 0x00, 0x00, 0x00, 0x00, 0x00, 0x00, 0x00, 0x00, 0x00,
    0x00, 0x00, 0x00, 0x00, 0x00, 0x00, 0x00, 0x00, 0x00, 0x00, 0x00, 0x00, 0x00, 0x00, 0x00, 0x00, 0x00, 0x00, 0x00, 0x00, 0x00, 0x00, 0x00, 0x00,
    0x00, 0x00, 0x00, 0x00, 0x00, 0x00, 0x75, 0xae, 0x40, 0xb0, 0x4d, 0xbf, 0xf1, 0x65, 0xff, 0xb0, 0x55, 0xff, 0xf1, 0x65, 0xff, 0xf1, 0x65, 0xff,
    0x32, 0x66, 0xff, 0xf1, 0x65, 0xff, 0xb0, 0x55, 0xff, 0xb0, 0x55, 0xff, 0xb0, 0x55, 0xff, 0xb0, 0x55, 0xff, 0xb0, 0x55, 0xff, 0xb0, 0x55, 0xff,
    0xb0, 0x55, 0xff, 0xb0, 0x4d, 0xff, 0xb0, 0x4d, 0xff, 0xaf, 0x45, 0xff, 0xcb, 0x24, 0xff, 0x53, 0x95, 0xff, 0x3a, 0xff, 0xff, 0x5b, 0xef, 0xff,
    0x5b, 0xff, 0xff, 0x5a, 0xff, 0xff, 0x3a, 0xff, 0xff, 0xf8, 0xfe, 0xff, 0x97, 0xfe, 0xff, 0x35, 0xee, 0xff, 0x35, 0xee, 0xff, 0x14, 0xe6, 0xff,
    0xf5, 0xe5, 0xff, 0x4d, 0x4c, 0xff, 0x09, 0x24, 0xff, 0x8c, 0x3c, 0xff, 0xcd, 0x44, 0xff, 0x6f, 0x4d, 0xff, 0x8c, 0x34, 0xbf, 0xd8, 0xc6, 0x40,
    0x00, 0x00, 0x00, 0x00, 0x00, 0x00, 0x00, 0x00, 0x00, 0x00, 0x00, 0x00, 0x00, 0x00, 0x00, 0x00, 0x00, 0x00, 0x00, 0x00, 0x00, 0x00, 0x00, 0x00,
    0x00, 0x00, 0x00, 0x00, 0x00, 0x00, 0x00, 0x00, 0x00, 0x00, 0x00, 0x00, 0x00, 0x00, 0x00, 0x00, 0x00, 0x00, 0x00, 0x00, 0x00, 0x00, 0x00, 0x00,
    0x00, 0x00, 0x00, 0x00, 0x00, 0x00, 0x00, 0x00, 0x00, 0x00, 0x00, 0x00, 0x00, 0x00, 0x00, 0x75, 0xae, 0x40, 0xb0, 0x4d, 0xbf, 0xf1, 0x65, 0xff,
    0xb0, 0x55, 0xff, 0xf1, 0x65, 0xff, 0x32, 0x66, 0xff, 0xf1, 0x65, 0xff, 0xf1, 0x65, 0xff, 0xb0, 0x55, 0xff, 0xb0, 0x55, 0xff, 0xb0, 0x55, 0xff,
    0xb0, 0x55, 0xff, 0xb0, 0x55, 0xff, 0xb0, 0x55, 0xff, 0xb0, 0x55, 0xff, 0xb0, 0x4d, 0xff, 0x6e, 0x45, 0xff, 0x6e, 0x45, 0xff, 0xcb, 0x24, 0xff,
    0x70, 0x5d, 0xff, 0x5b, 0xff, 0xff, 0x5b, 0xff, 0xff, 0x7b, 0xff, 0xff, 0x5a, 0xff, 0xff, 0x39, 0xff, 0xff, 0xf8, 0xfe, 0xff, 0x76, 0xfe, 0xff,
    0x14, 0xee, 0xff, 0x14, 0xe6, 0xff, 0xf4, 0xe5, 0xff, 0xf4, 0xe5, 0xff, 0x0c, 0x44, 0xff, 0xa9, 0x1b, 0xff, 0x4c, 0x3c, 0xff, 0xcd, 0x44, 0xff,
    0x4e, 0x4d, 0xff, 0x8c, 0x34, 0xbf, 0xd8, 0xc6, 0x40, 0x00, 0x00, 0x00, 0x00, 0x00, 0x00, 0x00, 0x00, 0x00, 0x00, 0x00, 0x00, 0x00, 0x00, 0x00,
    0x00, 0x00, 0x00, 0x00, 0x00, 0x00, 0x00, 0x00, 0x00, 0x00, 0x00, 0x00, 0x00, 0x00, 0x00, 0x00, 0x00, 0x00, 0x00, 0x00, 0x00, 0x00, 0x00, 0x00,
    0x00, 0x00, 0x00, 0x00, 0x00, 0x00, 0x00, 0x00, 0x00, 0x00, 0x00, 0x00, 0x00, 0x00, 0x00, 0x00, 0x00, 0x00, 0x00, 0x00, 0x00, 0xff, 0xff, 0x20,
    0x55, 0xae, 0x60, 0xb0, 0x4d, 0xcf, 0x32, 0x6e, 0xff, 0xb0, 0x55, 0xff, 0xf1, 0x65, 0xff, 0xf1, 0x65, 0xff, 0xf1, 0x65, 0xff, 0xf1, 0x65, 0xff,
    0xf1, 0x65, 0xff, 0xb0, 0x55, 0xff, 0xb0, 0x55, 0xff, 0xb0, 0x55, 0xff, 0xb0, 0x55, 0xff, 0xb0, 0x55, 0xff, 0xb0, 0x55, 0xff, 0x6f, 0x4d, 0xff,
    0x6e, 0x45, 0xff, 0x6e, 0x45, 0xff, 0xcc, 0x2c, 0xff, 0x70, 0x5d, 0xff, 0x7b, 0xff, 0xff, 0x5b, 0xff, 0xff, 0x7b, 0xff, 0xff, 0x7b, 0xff, 0xff,
    0x3a, 0xff, 0xff, 0xf9, 0xfe, 0xff, 0x76, 0xfe, 0xff, 0xf4, 0xe5, 0xff, 0xf4, 0xe5, 0xff, 0xf4, 0xe5, 0xff, 0xd4, 0xed, 0xff, 0x2c, 0x4c, 0xff,
    0xa8, 0x1b, 0xff, 0x4b, 0x34, 0xff, 0x8c, 0x44, 0xff, 0xcd, 0x44, 0xff, 0x4b, 0x2c, 0xbf, 0xf9, 0xce, 0x40, 0x00, 0x00, 0x00, 0x00, 0x00, 0x00,
    0x00, 0x00, 0x00, 0x00, 0x00, 0x00, 0x00, 0x00, 0x00, 0x00, 0x00, 0x00, 0x00, 0x00, 0x00, 0x00, 0x00, 0x00, 0x00, 0x00, 0x00, 0x00, 0x00, 0x00,
    0x00, 0x00, 0x00, 0x00, 0x00, 0x00, 0x00, 0x00, 0x00, 0x00, 0x00, 0x00, 0x00, 0x00, 0x00, 0x00, 0x00, 0x00, 0x00, 0x00, 0x00, 0x00, 0x00, 0x00,
    0x00, 0x00, 0x00, 0x00, 0x00, 0x00, 0xff, 0xff, 0x60, 0x73, 0x76, 0x9f, 0xb0, 0x4d, 0xef, 0x32, 0x6e, 0xff, 0xb0, 0x5d, 0xff, 0xb0, 0x55, 0xff,
    0xf1, 0x65, 0xff, 0x32, 0x66, 0xff, 0x32, 0x66, 0xff, 0x32, 0x66, 0xff, 0xb0, 0x55, 0xff, 0xb0, 0x55, 0xff, 0xb0, 0x55, 0xff, 0xb0, 0x55, 0xff,
    0xb0, 0x55, 0xff, 0xb0, 0x55, 0xff, 0x6f, 0x4d, 0xff, 0x6f, 0x4d, 0xff, 0x6f, 0x4d, 0xff, 0x8b, 0x24, 0xff, 0x54, 0x85, 0xff, 0x9c, 0xff, 0xff,
    0x5b, 0xef, 0xff, 0x7b, 0xff, 0xff, 0x7b, 0xff, 0xff, 0x5b, 0xff, 0xff, 0x19, 0xff, 0xff, 0x77, 0xee, 0xff, 0xf4, 0xdd, 0xff, 0x35, 0xee, 0xff,
    0x35, 0xe6, 0xff, 0x15, 0xfe, 0xff, 0x0e, 0x6c, 0xff, 0x68, 0x1b, 0xff, 0x4c, 0x3c, 0xff, 0x8c, 0x3c, 0xff, 0xcd, 0x3c, 0xff, 0x8c, 0x34, 0xbf,
    0xf9, 0xce, 0x40, 0x00, 0x00, 0x00, 0x00, 0x00, 0x00, 0x00, 0x00, 0x00, 0x00, 0x00, 0x00, 0x00, 0x00, 0x00, 0x00, 0x00, 0x00, 0x00, 0x00, 0x00,
    0x00, 0x00, 0x00, 0x00, 0x00, 0x00, 0x00, 0x00, 0x00, 0x00, 0x00, 0x00, 0x00, 0x00, 0x00, 0x00, 0x00, 0x00, 0x00, 0x00, 0x00, 0x00, 0x00, 0x00,
    0x00, 0x00, 0x00, 0x00, 0x00, 0x00, 0x00, 0x00, 0x00, 0x00, 0x00, 0x00, 0x00, 0x00, 0x00, 0xff, 0xff, 0x80, 0x73, 0x76, 0xbf, 0xb0, 0x4d, 0xff,
    0xf1, 0x65, 0xff, 0xf1, 0x65, 0xff, 0xb0, 0x55, 0xff, 0xf1, 0x65, 0xff, 0x32, 0x66, 0xff, 0x32, 0x66, 0xff, 0x32, 0x66, 0xff, 0xf1, 0x5d, 0xff,
    0xb0, 0x55, 0xff, 0xb0, 0x55, 0xff, 0xb0, 0x55, 0xff, 0xb0, 0x55, 0xff, 0x6f, 0x4d, 0xff, 0x6f, 0x4d, 0xff, 0x6f, 0x4d, 0xff, 0x4e, 0x45, 0xff,
    0x8b, 0x2c, 0xff, 0x57, 0xbe, 0xff, 0x7b, 0xff, 0xff, 0x5b, 0xef, 0xff, 0x7b, 0xff, 0xff, 0x7b, 0xff, 0xff, 0x5b, 0xff, 0xff, 0x19, 0xff, 0xff,
    0x56, 0xee, 0xff, 0x15, 0xe6, 0xff, 0x76, 0xfe, 0xff, 0x76, 0xee, 0xff, 0x76, 0xfe, 0xff, 0x2f, 0x7c, 0xff, 0x68, 0x1b, 0xff, 0x4c, 0x3c, 0xff,
    0x8c, 0x3c, 0xff, 0x8c, 0x3c, 0xff, 0x8c, 0x34, 0xbf, 0xfa, 0xd6, 0x40, 0x00, 0x00, 0x00, 0x00, 0x00, 0x00, 0x00, 0x00, 0x00, 0x00, 0x00, 0x00,
    0x00, 0x00, 0x00, 0x00, 0x00, 0x00, 0x00, 0x00, 0x00, 0x00, 0x00, 0x00, 0x00, 0x00, 0x00, 0x00, 0x00, 0x00, 0x00, 0x00, 0x00, 0x00, 0x00, 0x00,
    0x00, 0x00, 0x00, 0x00, 0x00, 0x00, 0x00, 0x00, 0x00, 0x00, 0x00, 0x00, 0x00, 0x00, 0x00, 0x00, 0x00, 0x00, 0x00, 0x00, 0x00, 0x00, 0x00, 0x00,
    0xff, 0xff, 0x80, 0x73, 0x76, 0xbf, 0xb0, 0x4d, 0xff, 0x32, 0x6e, 0xff, 0xf1, 0x65, 0xff, 0xb0, 0x55, 0xff, 0xf1, 0x5d, 0xff, 0x32, 0x66, 0xff,
    0x32, 0x66, 0xff, 0x32, 0x66, 0xff, 0xf1, 0x65, 0xff, 0xb0, 0x55, 0xff, 0xb0, 0x55, 0xff, 0xb0, 0x55, 0xff, 0xb0, 0x4d, 0xff, 0x6f, 0x4d, 0xff,
    0x6f, 0x4d, 0xff, 0x6f, 0x4d, 0xff, 0x4d, 0x3d, 0xff, 0x8c, 0x44, 0xff, 0xf8, 0xe6, 0xff, 0x5b, 0xff, 0xff, 0x5b, 0xff, 0xff, 0x5b, 0xff, 0xff,
    0x5b, 0xff, 0xff, 0x3a, 0xff, 0xff, 0xf9, 0xfe, 0xff, 0x56, 0xe6, 0xff, 0x77, 0xee, 0xff, 0xb8, 0xfe, 0xff, 0x97, 0xee, 0xff, 0x56, 0xfe, 0xff,
    0x0e, 0x6c, 0xff, 0xa9, 0x1b, 0xff, 0x4c, 0x3c, 0xff, 0x8c, 0x3c, 0xff, 0x8c, 0x34, 0xff, 0x8c, 0x34, 0xbf, 0xfa, 0xd6, 0x40, 0x00, 0x00, 0x00,
    0x00, 0x00, 0x00, 0x00, 0x00, 0x00, 0x00, 0x00, 0x00, 0x00, 0x00, 0x00, 0x00, 0x00, 0x00, 0x00, 0x00, 0x00, 0x00, 0x00, 0x00, 0x00, 0x00, 0x00,
    0x00, 0x00, 0x00, 0x00, 0x00, 0x00, 0x00, 0x00, 0x00, 0x00, 0x00, 0x00, 0x00, 0x00, 0x00, 0x00, 0x00, 0x00, 0x00, 0x00, 0x00, 0x00, 0x00, 0x00,
    0x00, 0x00, 0x00, 0x00, 0x00, 0x00, 0x00, 0x00, 0x00, 0xff, 0xff, 0x80, 0x73, 0x76, 0xbf, 0xb0, 0x4d, 0xff, 0x32, 0x66, 0xff, 0xf1, 0x65, 0xff,
    0xb0, 0x55, 0xff, 0xb0, 0x55, 0xff, 0xf1, 0x65, 0xff, 0xf1, 0x65, 0xff, 0x32, 0x66, 0xff, 0x32, 0x66, 0xff, 0xf1, 0x5d, 0xff, 0xb0, 0x4d, 0xff,
    0xb0, 0x55, 0xff, 0xb0, 0x4d, 0xff, 0xb0, 0x4d, 0xff, 0x6f, 0x4d, 0xff, 0x4e, 0x4d, 0xff, 0xcc, 0x34, 0xff, 0x70, 0x5d, 0xff, 0x59, 0xff, 0xff,
    0x1a, 0xff, 0xff, 0x3a, 0xff, 0xff, 0x5a, 0xff, 0xff, 0x3a, 0xff, 0xff, 0x19, 0xff, 0xff, 0xb8, 0xfe, 0xff, 0x56, 0xe6, 0xff, 0xb8, 0xfe, 0xff,
    0xf9, 0xfe, 0xff, 0x76, 0xee, 0xff, 0xb4, 0xdd, 0xff, 0x0c, 0x44, 0xff, 0x0a, 0x2c, 0xff, 0x4b, 0x34, 0xff, 0x8c, 0x3c, 0xff, 0xcd, 0x3c, 0xff,
    0x8c, 0x34, 0xbf, 0xfa, 0xd6, 0x40, 0x00, 0x00, 0x00, 0x00, 0x00, 0x00, 0x00, 0x00, 0x00, 0x00, 0x00, 0x00, 0x00, 0x00, 0x00, 0x00, 0x00, 0x00,
    0x00, 0x00, 0x00, 0x00, 0x00, 0x00, 0x00, 0x00, 0x00, 0x00, 0x00, 0x00, 0x00, 0x00, 0x00, 0x00, 0x00, 0x00, 0x00, 0x00, 0x00, 0x00, 0x00, 0x00,
    0x00, 0x00, 0x00, 0x00, 0x00, 0x00, 0x00, 0x00, 0x00, 0x00, 0x00, 0x00, 0x00, 0x00, 0x00, 0x00, 0x00, 0x00, 0xff, 0xff, 0x80, 0x73, 0x76, 0xbf,
    0xb0, 0x4d, 0xff, 0xf1, 0x65, 0xff, 0xf1, 0x65, 0xff, 0xb0, 0x55, 0xff, 0xb0, 0x55, 0xff, 0xf1, 0x5d, 0xff, 0xf1, 0x65, 0xff, 0xf1, 0x65, 0xff,
    0x32, 0x66, 0xff, 0xf1, 0x65, 0xff, 0xb0, 0x55, 0xff, 0xb0, 0x4d, 0xff, 0xb0, 0x4d, 0xff, 0xb0, 0x55, 0xff, 0xb0, 0x4d, 0xff, 0x6f, 0x4d, 0xff,
    0x8b, 0x24, 0xff, 0x53, 0x85, 0xff, 0x59, 0xff, 0xff, 0xf9, 0xfe, 0xff, 0x19, 0xff, 0xff, 0x3a, 0xff, 0xff, 0x19, 0xff, 0xff, 0xd8, 0xfe, 0xff,
    0x97, 0xee, 0xff, 0x56, 0xee, 0xff, 0xd8, 0xfe, 0xff, 0xf9, 0xfe, 0xff, 0x56, 0xee, 0xff, 0xf2, 0xac, 0xff, 0xa9, 0x23, 0xff, 0x4b, 0x34, 0xff,
    0x8c, 0x34, 0xff, 0xcd, 0x3c, 0xff, 0xcd, 0x3c, 0xff, 0xcd, 0x3c, 0xbf, 0xfa, 0xd6, 0x40, 0x00, 0x00, 0x00, 0x00, 0x00, 0x00, 0x00, 0x00, 0x00,
    0x00, 0x00, 0x00, 0x00, 0x00, 0x00, 0x00, 0x00, 0x00, 0x00, 0x00, 0x00, 0x00, 0x00, 0x00, 0x00, 0x00, 0x00, 0x00, 0x00, 0x00, 0x00, 0x00, 0x00,
    0x00, 0x00, 0x00, 0x00, 0x00, 0x00, 0x00, 0x00, 0x00, 0x00, 0x00, 0x00, 0x00, 0x00, 0x00, 0x00, 0x00, 0x00, 0x00, 0x00, 0x00, 0x00, 0x00, 0x00,
    0x00, 0x00, 0x00, 0xff, 0xff, 0x80, 0x73, 0x76, 0xbf, 0xf0, 0x55, 0xff, 0xf1, 0x65, 0xff, 0xf1, 0x65, 0xff, 0xb0, 0x55, 0xff, 0xb0, 0x55, 0xff,
    0xb0, 0x55, 0xff, 0xf1, 0x65, 0xff, 0xf1, 0x65, 0xff, 0x32, 0x66, 0xff, 0x32, 0x66, 0xff, 0xf1, 0x5d, 0xff, 0xb0, 0x4d, 0xff, 0xf1, 0x5d, 0xff,
    0xf1, 0x5d, 0xff, 0xb0, 0x4d, 0xff, 0xb0, 0x4d, 0xff, 0xcc, 0x2c, 0xff, 0x15, 0xae, 0xff, 0x39, 0xff, 0xff, 0xf9, 0xfe, 0xff, 0x19, 0xff, 0xff,
    0x19, 0xff, 0xff, 0xf8, 0xfe, 0xff, 0xb7, 0xfe, 0xff, 0x56, 0xee, 0xff, 0x55, 0xee, 0xff, 0xb7, 0xfe, 0xff, 0xb8, 0xee, 0xff, 0x36, 0xfe, 0xff,
    0xf2, 0x9c, 0xff, 0x09, 0x24, 0xff, 0x8c, 0x34, 0xff, 0x8c, 0x34, 0xff, 0x4d, 0x3d, 0xff, 0x4d, 0x3d, 0xff, 0xcd, 0x3c, 0xbf, 0x1a, 0xd7, 0x40,
    0x00, 0x00, 0x00, 0x00, 0x00, 0x00, 0x00, 0x00, 0x00, 0x00, 0x00, 0x00, 0x00, 0x00, 0x00, 0x00, 0x00, 0x00, 0x00, 0x00, 0x00, 0x00, 0x00, 0x00,
    0x00, 0x00, 0x00, 0x00, 0x00, 0x00, 0x00, 0x00, 0x00, 0x00, 0x00, 0x00, 0x00, 0x00, 0x00, 0x00, 0x00, 0x00, 0x00, 0x00, 0x00, 0x00, 0x00, 0x00,
    0x00, 0x00, 0x00, 0x00, 0x00, 0x00, 0x00, 0x00, 0x00, 0x00, 0x00, 0x00, 0xff, 0xff, 0x80, 0x32, 0x6e, 0xbf, 0xb0, 0x4d, 0xff, 0xf1, 0x65, 0xff,
    0xf1, 0x65, 0xff, 0xb0, 0x55, 0xff, 0xb0, 0x55, 0xff, 0xb0, 0x55, 0xff, 0xf1, 0x65, 0xff, 0xf1, 0x65, 0xff, 0xf1, 0x65, 0xff, 0x32, 0x66, 0xff,
    0x32, 0x66, 0xff, 0xb0, 0x4d, 0xff, 0xb0, 0x4d, 0xff, 0xf0, 0x55, 0xff, 0xb0, 0x4d, 0xff, 0xaf, 0x45, 0xff, 0x4e, 0x45, 0xff, 0x98, 0xd6, 0xff,
    0x3a, 0xff, 0xff, 0x19, 0xff, 0xff, 0x19, 0xff, 0xff, 0x19, 0xff, 0xff, 0xd8, 0xfe, 0xff, 0x97, 0xfe, 0xff, 0x76, 0xee, 0xff, 0x56, 0xee, 0xff,
    0x97, 0xfe, 0xff, 0x97, 0xee, 0xff, 0x35, 0xee, 0xff, 0xb1, 0x8c, 0xff, 0x09, 0x24, 0xff, 0x8c, 0x34, 0xff, 0xcd, 0x3c, 0xff, 0x4e, 0x45, 0xff,
    0x6e, 0x45, 0xff, 0x4e, 0x45, 0xbf, 0x3a, 0xd7, 0x40, 0x00, 0x00, 0x00, 0x00, 0x00, 0x00, 0x00, 0x00, 0x00, 0x00, 0x00, 0x00, 0x00, 0x00, 0x00,
    0x00, 0x00, 0x00, 0x00, 0x00, 0x00, 0x00, 0x00, 0x00, 0x00, 0x00, 0x00, 0x00, 0x00, 0x00, 0x00, 0x00, 0x00, 0x00, 0x00, 0x00, 0x00, 0x00, 0x00,
    0x00, 0x00, 0x00, 0x00, 0x00, 0x00, 0x00, 0x00, 0x00, 0x00, 0x00, 0x00, 0x00, 0x00, 0x00, 0x00, 0x00, 0x00, 0x00, 0x00, 0x00, 0xbd, 0xef, 0x80,
    0x32, 0x6e, 0xbf, 0xf1, 0x5d, 0xff, 0xf1, 0x65, 0xff, 0xf1, 0x65, 0xff, 0xf1, 0x65, 0xff, 0xb0, 0x55, 0xff, 0xb0, 0x55, 0xff, 0xb0, 0x55, 0xff,
    0xf1, 0x65, 0xff, 0xf1, 0x65, 0xff, 0x32, 0x66, 0xff, 0x32, 0x66, 0xff, 0xf1, 0x5d, 0xff, 0xb0, 0x4d, 0xff, 0xb0, 0x4d, 0xff, 0xb0, 0x4d, 0xff,
    0xaf, 0x45, 0xff, 0x4f, 0x55, 0xff, 0xf9, 0xee, 0xff, 0x3a, 0xff, 0xff, 0x1a, 0xff, 0xff, 0x19, 0xff, 0xff, 0x19, 0xff, 0xff, 0xd8, 0xfe, 0xff,
    0x97, 0xfe, 0xff, 0x96, 0xfe, 0xff, 0x76, 0xfe, 0xff, 0x96, 0xfe, 0xff, 0x35, 0xe6, 0xff, 0x15, 0xee, 0xff, 0x70, 0x74, 0xff, 0x09, 0x24, 0xff,
    0xcc, 0x34, 0xff, 0x4d, 0x3d, 0xff, 0x6e, 0x45, 0xff, 0x6e, 0x45, 0xff, 0x4e, 0x45, 0xbf, 0x1a, 0xd7, 0x40, 0x00, 0x00, 0x00, 0x00, 0x00, 0x00,
    0x00, 0x00, 0x00, 0x00, 0x00, 0x00, 0x00, 0x00, 0x00, 0x00, 0x00, 0x00, 0x00, 0x00, 0x00, 0x00, 0x00, 0x00, 0x00, 0x00, 0x00, 0x00, 0x00, 0x00,
    0x00, 0x00, 0x00, 0x00, 0x00, 0x00, 0x00, 0x00, 0x00, 0x00, 0x00, 0x00, 0x00, 0x00, 0x00, 0x00, 0x00, 0x00, 0x00, 0x00, 0x00, 0x00, 0x00, 0x00,
    0x00, 0x00, 0x00, 0x00, 0x00, 0x00, 0xbd, 0xef, 0x80, 0x32, 0x6e, 0xbf, 0xf1, 0x5d, 0xff, 0xf1, 0x65, 0xff, 0xf1, 0x65, 0xff, 0xf1, 0x65, 0xff,
    0xb0, 0x55, 0xff, 0xb0, 0x55, 0xff, 0xb0, 0x55, 0xff, 0xf1, 0x65, 0xff, 0xf1, 0x65, 0xff, 0xf1, 0x65, 0xff, 0xf1, 0x65, 0xff, 0x32, 0x66, 0xff,
    0xb0, 0x4d, 0xff, 0xb0, 0x4d, 0xff, 0xb0, 0x4d, 0xff, 0x6e, 0x45, 0xff, 0x70, 0x5d, 0xff, 0x3a, 0xff, 0xff, 0x3b, 0xef, 0xff, 0x3a, 0xff, 0xff,
    0x39, 0xff, 0xff, 0x19, 0xff, 0xff, 0xd8, 0xfe, 0xff, 0xb7, 0xfe, 0xff, 0x97, 0xfe, 0xff, 0x97, 0xfe, 0xff, 0x76, 0xee, 0xff, 0x14, 0xe6, 0xff,
    0xf4, 0xed, 0xff, 0xae, 0x54, 0xff, 0x09, 0x24, 0xff, 0x8c, 0x3c, 0xff, 0x4d, 0x3d, 0xff, 0x4e, 0x45, 0xff, 0x4e, 0x45, 0xff, 0xcd, 0x44, 0xbf,
    0x1a, 0xd7, 0x40, 0x00, 0x00, 0x00, 0x00, 0x00, 0x00, 0x00, 0x00, 0x00, 0x00, 0x00, 0x00, 0x00, 0x00, 0x00, 0x00, 0x00, 0x00, 0x00, 0x00, 0x00,
    0x00, 0x00, 0x00, 0x00, 0x00, 0x00, 0x00, 0x00, 0x00, 0x00, 0x00, 0x00, 0x00, 0x00, 0x00, 0x00, 0x00, 0x00, 0x00, 0x00, 0x00, 0x00, 0x00, 0x00,
    0x00, 0x00, 0x00, 0x00, 0x00, 0x00, 0x00, 0x00, 0x00, 0x00, 0x00, 0x00, 0x00, 0x00, 0x00, 0xbd, 0xef, 0x80, 0x32, 0x6e, 0xbf, 0xf1, 0x5d, 0xff,
    0xf1, 0x65, 0xff, 0xf1, 0x65, 0xff, 0xf1, 0x65, 0xff, 0xb0, 0x55, 0xff, 0xb0, 0x55, 0xff, 0xb0, 0x55, 0xff, 0xb0, 0x55, 0xff, 0xf1, 0x65, 0xff,
    0xf1, 0x65, 0xff, 0xf1, 0x65, 0xff, 0xf1, 0x65, 0xff, 0xf1, 0x65, 0xff, 0xb0, 0x4d, 0xff, 0xb0, 0x4d, 0xff, 0x6d, 0x35, 0xff, 0xb1, 0x65, 0xff,
    0x3a, 0xff, 0xff, 0x1b, 0xef, 0xff, 0x3a, 0xff, 0xff, 0x3a, 0xff, 0xff, 0x19, 0xff, 0xff, 0xd8, 0xfe, 0xff, 0xb8, 0xfe, 0xff, 0x97, 0xfe, 0xff,
    0x97, 0xfe, 0xff, 0x76, 0xee, 0xff, 0xf4, 0xe5, 0xff, 0xf4, 0xe5, 0xff, 0x4d, 0x4c, 0xff, 0x09, 0x24, 0xff, 0x8c, 0x34, 0xff, 0xcd, 0x3c, 0xff,
    0xcd, 0x3c, 0xff, 0xcd, 0x3c, 0xff, 0xcd, 0x44, 0xbf, 0x1a, 0xd7, 0x40, 0x00, 0x00, 0x00, 0x00, 0x00, 0x00, 0x00, 0x00, 0x00, 0x00, 0x00, 0x00,
    0x00, 0x00, 0x00, 0x00, 0x00, 0x00, 0x00, 0x00, 0x00, 0x00, 0x00, 0x00, 0x00, 0x00, 0x00, 0x00, 0x00, 0x00, 0x00, 0x00, 0x00, 0x00, 0x00, 0x00,
    0x00, 0x00, 0x00, 0x00, 0x00, 0x00, 0x00, 0x00, 0x00, 0x00, 0x00, 0x00, 0x00, 0x00, 0x00, 0x00, 0x00, 0x00, 0x00, 0x00, 0x00, 0x00, 0x00, 0x00,
    0x9d, 0xef, 0x80, 0x32, 0x6e, 0xbf, 0x32, 0x66, 0xff, 0x32, 0x6e, 0xff, 0x32, 0x66, 0xff, 0xf1, 0x65, 0xff, 0xf1, 0x65, 0xff, 0xb0, 0x55, 0xff,
    0xb0, 0x55, 0xff, 0xb0, 0x55, 0xff, 0xb0, 0x55, 0xff, 0xf1, 0x65, 0xff, 0xf1, 0x65, 0xff, 0xf1, 0x65, 0xff, 0xf1, 0x65, 0xff, 0xb0, 0x55, 0xff,
    0x6f, 0x4d, 0xff, 0x4c, 0x2d, 0xff, 0xd1, 0x65, 0xff, 0x39, 0xff, 0xff, 0x1a, 0xef, 0xff, 0x3a, 0xff, 0xff, 0x39, 0xff, 0xff, 0x19, 0xff, 0xff,
    0xf8, 0xfe, 0xff, 0xb8, 0xfe, 0xff, 0xb7, 0xfe, 0xff, 0x97, 0xfe, 0xff, 0x56, 0xee, 0xff, 0xd4, 0xe5, 0xff, 0xb3, 0xd5, 0xff, 0x0b, 0x3c, 0xff,
    0x4b, 0x2c, 0xff, 0x8c, 0x34, 0xff, 0xcd, 0x3c, 0xff, 0xcd, 0x3c, 0xff, 0xcc, 0x34, 0xff, 0xcd, 0x3c, 0xbf, 0x1b, 0xdf, 0x40, 0x00, 0x00, 0x00,
    0x00, 0x00, 0x00, 0x00, 0x00, 0x00, 0x00, 0x00, 0x00, 0x00, 0x00, 0x00, 0x00, 0x00, 0x00, 0x00, 0x00, 0x00, 0x00, 0x00, 0x00, 0x00, 0x00, 0x00,
    0x00, 0x00, 0x00, 0x00, 0x00, 0x00, 0x00, 0x00, 0x00, 0x00, 0x00, 0x00, 0x00, 0x00, 0x00, 0x00, 0x00, 0x00, 0x00, 0x00, 0x00, 0x00, 0x00, 0x00,
    0x00, 0x00, 0x00, 0x00, 0x00, 0x00, 0x00, 0x00, 0x00, 0x9d, 0xef, 0x80, 0xf2, 0x6d, 0xbf, 0x32, 0x66, 0xff, 0x32, 0x6e, 0xff, 0x32, 0x66, 0xff,
    0xf1, 0x65, 0xff, 0x32, 0x66, 0xff, 0xf1, 0x5d, 0xff, 0xb0, 0x55, 0xff, 0xb0, 0x55, 0xff, 0xb0, 0x55, 0xff, 0xf1, 0x65, 0xff, 0xf1, 0x65, 0xff,
    0xf1, 0x65, 0xff, 0xb0, 0x5d, 0xff, 0xb0, 0x55, 0xff, 0x6f, 0x55, 0xff, 0xcc, 0x2c, 0xff, 0x54, 0x8d, 0xff, 0x39, 0xff, 0xff, 0x1a, 0xef, 0xff,
    0x3a, 0xff, 0xff, 0x3a, 0xff, 0xff, 0x19, 0xff, 0xff, 0xf8, 0xfe, 0xff, 0xb8, 0xfe, 0xff, 0xb7, 0xfe, 0xff, 0x97, 0xfe, 0xff, 0x35, 0xee, 0xff,
    0xd3, 0xe5, 0xff, 0xb3, 0xcd, 0xff, 0x0a, 0x34, 0xff, 0x4b, 0x34, 0xff, 0xcd, 0x3c, 0xff, 0x4d, 0x3d, 0xff, 0xcd, 0x3c, 0xff, 0xcc, 0x34, 0xff,
    0xcd, 0x44, 0xbf, 0x3b, 0xdf, 0x40, 0x00, 0x00, 0x00, 0x00, 0x00, 0x00, 0x00, 0x00, 0x00, 0x00, 0x00, 0x00, 0x00, 0x00, 0x00, 0x00, 0x00, 0x00,
    0x00, 0x00, 0x00, 0x00, 0x00, 0x00, 0x00, 0x00, 0x00, 0x00, 0x00, 0x00, 0x00, 0x00, 0x00, 0x00, 0x00, 0x00, 0x00, 0x00, 0x00, 0x00, 0x00, 0x00,
    0x00, 0x00, 0x00, 0x00, 0x00, 0x00, 0x00, 0x00, 0x00, 0x00, 0x00, 0x00, 0x00, 0x00, 0x00, 0x00, 0x00, 0x00, 0x9c, 0xe7, 0x80, 0xf1, 0x65, 0xbf,
    0x32, 0x66, 0xff, 0xf1, 0x65, 0xff, 0x32, 0x66, 0xff, 0xf1, 0x65, 0xff, 0x32, 0x66, 0xff, 0xf1, 0x65, 0xff, 0xf1, 0x5d, 0xff, 0xf1, 0x5d, 0xff,
    0xb0, 0x55, 0xff, 0xb0, 0x55, 0xff, 0xf1, 0x65, 0xff, 0xf1, 0x65, 0xff, 0xb0, 0x5d, 0xff, 0xb0, 0x55, 0xff, 0xb0, 0x55, 0xff, 0xcc, 0x34, 0xff,
    0x93, 0x9d, 0xff, 0x19, 0xff, 0xff, 0xf9, 0xee, 0xff, 0x3a, 0xff, 0xff, 0x3a, 0xff, 0xff, 0x19, 0xff, 0xff, 0xf9, 0xfe, 0xff, 0xd8, 0xfe, 0xff,
    0xd8, 0xfe, 0xff, 0x97, 0xfe, 0xff, 0x35, 0xe6, 0xff, 0xf4, 0xe5, 0xff, 0x52, 0xb5, 0xff, 0x0a, 0x2c, 0xff, 0x8c, 0x34, 0xff, 0xcd, 0x3c, 0xff,
    0x6e, 0x45, 0xff, 0x6e, 0x45, 0xff, 0xcc, 0x34, 0xff, 0x4f, 0x5d, 0xbf, 0x9c, 0xe7, 0x40, 0x00, 0x00, 0x00, 0x00, 0x00, 0x00, 0x00, 0x00, 0x00,
    0x00, 0x00, 0x00, 0x00, 0x00, 0x00, 0x00, 0x00, 0x00, 0x00, 0x00, 0x00, 0x00, 0x00, 0x00, 0x00, 0x00, 0x00, 0x00, 0x00, 0x00, 0x00, 0x00, 0x00,
    0x00, 0x00, 0x00, 0x00, 0x00, 0x00, 0x00, 0x00, 0x00, 0x00, 0x00, 0x00, 0x00, 0x00, 0x00, 0x00, 0x00, 0x00, 0x00, 0x00, 0x00, 0x00, 0x00, 0x00,
    0x00, 0x00, 0x00, 0x7c, 0xe7, 0x80, 0xf1, 0x65, 0xbf, 0x32, 0x66, 0xff, 0xf1, 0x65, 0xff, 0x32, 0x6e, 0xff, 0x32, 0x66, 0xff, 0x32, 0x66, 0xff,
    0x32, 0x66, 0xff, 0x32, 0x66, 0xff, 0xf1, 0x65, 0xff, 0xf1, 0x5d, 0xff, 0xb0, 0x55, 0xff, 0xb0, 0x55, 0xff, 0xb0, 0x55, 0xff, 0xb0, 0x55, 0xff,
    0xb0, 0x55, 0xff, 0x6f, 0x55, 0xff, 0x4d, 0x35, 0xff, 0xb4, 0xad, 0xff, 0xf8, 0xfe, 0xff, 0xf9, 0xee, 0xff, 0x19, 0xff, 0xff, 0x19, 0xff, 0xff,
    0x19, 0xff, 0xff, 0xf9, 0xfe, 0xff, 0xf8, 0xfe, 0xff, 0xd8, 0xfe, 0xff, 0x97, 0xee, 0xff, 0x15, 0xde, 0xff, 0xf4, 0xe5, 0xff, 0xd1, 0x94, 0xff,
    0x09, 0x24, 0xff, 0x8c, 0x3c, 0xff, 0xcd, 0x3c, 0xff, 0x6e, 0x45, 0xff, 0xb0, 0x4d, 0xff, 0xcc, 0x34, 0xff, 0xb1, 0x65, 0xbf, 0xff, 0xff, 0x40,
    0x00, 0x00, 0x00, 0x00, 0x00, 0x00, 0x00, 0x00, 0x00, 0x00, 0x00, 0x00, 0x00, 0x00, 0x00, 0x00, 0x00, 0x00, 0x00, 0x00, 0x00, 0x00, 0x00, 0x00,
    0x00, 0x00, 0x00, 0x00, 0x00, 0x00, 0x00, 0x00, 0x00, 0x00, 0x00, 0x00, 0x00, 0x00, 0x00, 0x00, 0x00, 0x00, 0x00, 0x00, 0x00, 0x00, 0x00, 0x00,
    0x00, 0x00, 0x00, 0x00, 0x00, 0x00, 0x00, 0x00, 0x00, 0x00, 0x00, 0x00, 0x3b, 0xdf, 0x80, 0xf1, 0x5d, 0xbf, 0x32, 0x66, 0xff, 0xf1, 0x65, 0xff,
    0xf1, 0x65, 0xff, 0x32, 0x66, 0xff, 0x32, 0x66, 0xff, 0x32, 0x66, 0xff, 0xf1, 0x65, 0xff, 0xf1, 0x65, 0xff, 0xf1, 0x5d, 0xff, 0xb0, 0x55, 0xff,
    0xb0, 0x4d, 0xff, 0xb0, 0x4d, 0xff, 0x6f, 0x55, 0xff, 0x6f, 0x4d, 0xff, 0x6f, 0x4d, 0xff, 0xcc, 0x34, 0xff, 0xb5, 0xad, 0xff, 0xd8, 0xfe, 0xff,
    0xd9, 0xfe, 0xff, 0x19, 0xff, 0xff, 0x19, 0xff, 0xff, 0x19, 0xff, 0xff, 0xf9, 0xfe, 0xff, 0xf8, 0xfe, 0xff, 0xd8, 0xfe, 0xff, 0x76, 0xee, 0xff,
    0xf4, 0xdd, 0xff, 0xd4, 0xe5, 0xff, 0x4f, 0x6c, 0xff, 0x09, 0x24, 0xff, 0x8c, 0x3c, 0xff, 0xcd, 0x3c, 0xff, 0x4e, 0x45, 0xff, 0x6f, 0x4d, 0xff,
    0x4e, 0x45, 0xff, 0xb1, 0x65, 0xbf, 0xff, 0xff, 0x40, 0x00, 0x00, 0x00, 0x00, 0x00, 0x00, 0x00, 0x00, 0x00, 0x00, 0x00, 0x00, 0x00, 0x00, 0x00,
    0x00, 0x00, 0x00, 0x00, 0x00, 0x00, 0x00, 0x00, 0x00, 0x00, 0x00, 0x00, 0x00, 0x00, 0x00, 0x00, 0x00, 0x00, 0x00, 0x00, 0x00, 0x00, 0x00, 0x00,
    0x00, 0x00, 0x00, 0x00, 0x00, 0x00, 0x00, 0x00, 0x00, 0x00, 0x00, 0x00, 0x00, 0x00, 0x00, 0x00, 0x00, 0x00, 0x00, 0x00, 0x00, 0x3a, 0xd7, 0x80,
    0xb0, 0x55, 0xbf, 0x32, 0x66, 0xff, 0xf1, 0x65, 0xff, 0x32, 0x66, 0xff, 0x32, 0x66, 0xff, 0x32, 0x66, 0xff, 0x32, 0x66, 0xff, 0xf1, 0x65, 0xff,
    0xf1, 0x5d, 0xff, 0xb0, 0x55, 0xff, 0xb0, 0x4d, 0xff, 0xb0, 0x4d, 0xff, 0x6f, 0x4d, 0xff, 0x6f, 0x4d, 0xff, 0x6f, 0x4d, 0xff, 0x6f, 0x4d, 0xff,
    0xcc, 0x34, 0xff, 0xb5, 0xb5, 0xff, 0xd7, 0xfe, 0xff, 0xd9, 0xfe, 0xff, 0x19, 0xff, 0xff, 0x19, 0xff, 0xff, 0x19, 0xff, 0xff, 0xf8, 0xfe, 0xff,
    0xd8, 0xfe, 0xff, 0xb7, 0xfe, 0xff, 0x56, 0xee, 0xff, 0xb3, 0xd5, 0xff, 0xb3, 0xdd, 0xff, 0x0c, 0x44, 0xff, 0xa9, 0x1b, 0xff, 0x4b, 0x34, 0xff,
    0x8c, 0x3c, 0xff, 0xcd, 0x44, 0xff, 0x6f, 0x4d, 0xff, 0x6f, 0x4d, 0xff, 0x6f, 0x55, 0xbf, 0x7c, 0xe7, 0x40, 0x00, 0x00, 0x00, 0x00, 0x00, 0x00,
    0x00, 0x00, 0x00, 0x00, 0x00, 0x00, 0x00, 0x00, 0x00, 0x00, 0x00, 0x00, 0x00, 0x00, 0x00, 0x00, 0x00, 0x00, 0x00, 0x00, 0x00, 0x00, 0x00, 0x00,
    0x00, 0x00, 0x00, 0x00, 0x00, 0x00, 0x00, 0x00, 0x00, 0x00, 0x00, 0x00, 0x00, 0x00, 0x00, 0x00, 0x00, 0x00, 0x00, 0x00, 0x00, 0x00, 0x00, 0x00,
    0x00, 0x00, 0x00, 0x00, 0x00, 0x00, 0x1a, 0xd7, 0x80, 0xb0, 0x55, 0xbf, 0xf1, 0x65, 0xff, 0xf1, 0x65, 0xff, 0xf1, 0x65, 0xff, 0x32, 0x66, 0xff,
    0x32, 0x66, 0xff, 0x32, 0x66, 0xff, 0x32, 0x66, 0xff, 0xf1, 0x65, 0xff, 0xb0, 0x55, 0xff, 0xb0, 0x55, 0xff, 0xb0, 0x4d, 0xff, 0xb0, 0x4d, 0xff,
    0x6e, 0x45, 0xff, 0x6e, 0x45, 0xff, 0x6e, 0x45, 0xff, 0x4c, 0x2d, 0xff, 0xd5, 0xb5, 0xff, 0xd8, 0xfe, 0xff, 0xf9, 0xfe, 0xff, 0x19, 0xff, 0xff,
    0x19, 0xff, 0xff, 0xf9, 0xfe, 0xff, 0xf8, 0xfe, 0xff, 0xd8, 0xfe, 0xff, 0x97, 0xfe, 0xff, 0x35, 0xe6, 0xff, 0xb3, 0xdd, 0xff, 0x93, 0xc5, 0xff,
    0xca, 0x2b, 0xff, 0x0a, 0x2c, 0xff, 0x4b, 0x34, 0xff, 0x8c, 0x3c, 0xff, 0xcd, 0x3c, 0xff, 0x4e, 0x45, 0xff, 0x6f, 0x4d, 0xff, 0x6f, 0x4d, 0xbf,
    0x3b, 0xdf, 0x40, 0x00, 0x00, 0x00, 0x00, 0x00, 0x00, 0x00, 0x00, 0x00, 0x00, 0x00, 0x00, 0x00, 0x00, 0x00, 0x00, 0x00, 0x00, 0x00, 0x00, 0x00,
    0x00, 0x00, 0x00, 0x00, 0x00, 0x00, 0x00, 0x00, 0x00, 0x00, 0x00, 0x00, 0x00, 0x00, 0x00, 0x00, 0x00, 0x00, 0x00, 0x00, 0x00, 0x00, 0x00, 0x00,
    0x00, 0x00, 0x00, 0x00, 0x00, 0x00, 0x00, 0x00, 0x00, 0x00, 0x00, 0x00, 0x00, 0x00, 0x00, 0x1a, 0xd7, 0x80, 0xb0, 0x55, 0xbf, 0xf1, 0x65, 0xff,
    0xf1, 0x65, 0xff, 0xf1, 0x65, 0xff, 0xf1, 0x65, 0xff, 0xf1, 0x65, 0xff, 0x32, 0x66, 0xff, 0x32, 0x6e, 0xff, 0x32, 0x6e, 0xff, 0x32, 0x6e, 0xff,
    0x32, 0x66, 0xff, 0xf1, 0x65, 0xff, 0xf1, 0x65, 0xff, 0xf1, 0x5d, 0xff, 0xb0, 0x4d, 0xff, 0xaf, 0x45, 0xff, 0x4c, 0x2d, 0xff, 0xd6, 0xb5, 0xff,
    0xf8, 0xfe, 0xff, 0xf9, 0xfe, 0xff, 0x19, 0xff, 0xff, 0x19, 0xff, 0xff, 0xf8, 0xfe, 0xff, 0xf8, 0xfe, 0xff, 0xd8, 0xfe, 0xff, 0x97, 0xfe, 0xff,
    0x35, 0xe6, 0xff, 0xf4, 0xe5, 0xff, 0x11, 0xa5, 0xff, 0xa8, 0x1b, 0xff, 0x4b, 0x34, 0xff, 0x4b, 0x34, 0xff, 0x4b, 0x34, 0xff, 0x8c, 0x3c, 0xff,
    0xcd, 0x3c, 0xff, 0x4e, 0x45, 0xff, 0x6f, 0x4d, 0xbf, 0x3b, 0xdf, 0x40, 0x00, 0x00, 0x00, 0x00, 0x00, 0x00, 0x00, 0x00, 0x00, 0x00, 0x00, 0x00,
    0x00, 0x00, 0x00, 0x00, 0x00, 0x00, 0x00, 0x00, 0x00, 0x00, 0x00, 0x00, 0x00, 0x00, 0x00, 0x00, 0x00, 0x00, 0x00, 0x00, 0x00, 0x00, 0x00, 0x00,
    0x00, 0x00, 0x00, 0x00, 0x00, 0x00, 0x00, 0x00, 0x00, 0x00, 0x00, 0x00, 0x00, 0x00, 0x00, 0x00, 0x00, 0x00, 0x00, 0x00, 0x00, 0x00, 0x00, 0x00,
    0x1a, 0xd7, 0x80, 0xf1, 0x5d, 0xbf, 0xf1, 0x5d, 0xff, 0xf1, 0x5d, 0xff, 0xf1, 0x5d, 0xff, 0xf1, 0x5d, 0xff, 0xf1, 0x65, 0xff, 0xf1, 0x65, 0xff,
    0x32, 0x66, 0xff, 0x32, 0x6e, 0xff, 0x32, 0x6e, 0xff, 0x32, 0x6e, 0xff, 0x32, 0x6e, 0xff, 0x32, 0x6e, 0xff, 0x32, 0x66, 0xff, 0xf1, 0x5d, 0xff,
    0xb0, 0x4d, 0xff, 0x4d, 0x35, 0xff, 0xd5, 0xb5, 0xff, 0xd8, 0xfe, 0xff, 0xf9, 0xfe, 0xff, 0xf9, 0xfe, 0xff, 0xf9, 0xfe, 0xff, 0xf9, 0xfe, 0xff,
    0xf9, 0xfe, 0xff, 0xd8, 0xfe, 0xff, 0xb7, 0xee, 0xff, 0x35, 0xe6, 0xff, 0x14, 0xee, 0xff, 0x90, 0x7c, 0xff, 0xa9, 0x1b, 0xff, 0x4c, 0x3c, 0xff,
    0x4b, 0x34, 0xff, 0x4b, 0x34, 0xff, 0x4b, 0x34, 0xff, 0x8c, 0x34, 0xff, 0xcc, 0x34, 0xff, 0x6f, 0x55, 0xbf, 0x9d, 0xef, 0x40, 0x00, 0x00, 0x00,
    0x00, 0x00, 0x00, 0x00, 0x00, 0x00, 0x00, 0x00, 0x00, 0x00, 0x00, 0x00, 0x00, 0x00, 0x00, 0x00, 0x00, 0x00, 0x00, 0x00, 0x00, 0x00, 0x00, 0x00,
    0x00, 0x00, 0x00, 0x00, 0x00, 0x00, 0x00, 0x00, 0x00, 0x00, 0x00, 0x00, 0x00, 0x00, 0x00, 0x00, 0x00, 0x00, 0x00, 0x00, 0x00, 0x00, 0x00, 0x00,
    0x00, 0x00, 0x00, 0x00, 0x00, 0x00, 0x00, 0x00, 0x00, 0x19, 0xcf, 0x80, 0xb0, 0x55, 0xbf, 0xf1, 0x65, 0xff, 0xb0, 0x55, 0xff, 0xb0, 0x55, 0xff,
    0xb0, 0x55, 0xff, 0xb0, 0x55, 0xff, 0xf1, 0x5d, 0xff, 0xf1, 0x65, 0xff, 0x32, 0x66, 0xff, 0x32, 0x6e, 0xff, 0x32, 0x6e, 0xff, 0x32, 0x6e, 0xff,
    0x32, 0x66, 0xff, 0xf1, 0x65, 0xff, 0xf1, 0x5d, 0xff, 0xb0, 0x55, 0xff, 0x4d, 0x35, 0xff, 0xb5, 0xb5, 0xff, 0xb7, 0xfe, 0xff, 0xd8, 0xfe, 0xff,
    0xf9, 0xfe, 0xff, 0x19, 0xff, 0xff, 0xf9, 0xfe, 0xff, 0xf9, 0xfe, 0xff, 0xd8, 0xfe, 0xff, 0xb7, 0xee, 0xff, 0x35, 0xde, 0xff, 0x35, 0xee, 0xff,
    0xae, 0x54, 0xff, 0x4b, 0x2c, 0xff, 0x8c, 0x3c, 0xff, 0x8c, 0x34, 0xff, 0x4b, 0x34, 0xff, 0x4b, 0x34, 0xff, 0x4b, 0x34, 0xff, 0x4b, 0x2c, 0xff,
    0xf2, 0x6d, 0xbf, 0xff, 0xff, 0x40, 0x00, 0x00, 0x00, 0x00, 0x00, 0x00, 0x00, 0x00, 0x00, 0x00, 0x00, 0x00, 0x00, 0x00, 0x00, 0x00, 0x00, 0x00,
    0x00, 0x00, 0x00, 0x00, 0x00, 0x00, 0x00, 0x00, 0x00, 0x00, 0x00, 0x00, 0x00, 0x00, 0x00, 0x00, 0x00, 0x00, 0x00, 0x00, 0x00, 0x00, 0x00, 0x00,
    0x00, 0x00, 0x00, 0x00, 0x00, 0x00, 0x00, 0x00, 0x00, 0x00, 0x00, 0x00, 0x00, 0x00, 0x00, 0x00, 0x00, 0x00, 0xf9, 0xc6, 0x80, 0xb0, 0x4d, 0xbf,
    0xf1, 0x65, 0xff, 0xf1, 0x5d, 0xff, 0xf1, 0x65, 0xff, 0xf1, 0x65, 0xff, 0xf1, 0x65, 0xff, 0xf1, 0x65, 0xff, 0xf1, 0x65, 0xff, 0xf1, 0x65, 0xff,
    0x32, 0x66, 0xff, 0x32, 0x66, 0xff, 0x32, 0x66, 0xff, 0x32, 0x66, 0xff, 0xf1, 0x65, 0xff, 0xb0, 0x55, 0xff, 0xb0, 0x55, 0xff, 0xcc, 0x34, 0xff,
    0xb4, 0xb5, 0xff, 0xb7, 0xfe, 0xff, 0xd8, 0xfe, 0xff, 0xf8, 0xfe, 0xff, 0x19, 0xff, 0xff, 0x19, 0xff, 0xff, 0xf9, 0xfe, 0xff, 0xd8, 0xfe, 0xff,
    0x97, 0xee, 0xff, 0x15, 0xe6, 0xff, 0x15, 0xd6, 0xff, 0x4c, 0x44, 0xff, 0x8c, 0x34, 0xff, 0x8c, 0x3c, 0xff, 0x8c, 0x3c, 0xff, 0x8c, 0x3c, 0xff,
    0x8c, 0x3c, 0xff, 0x8c, 0x3c, 0xff, 0x4b, 0x2c, 0xff, 0xf2, 0x6d, 0xbf, 0xff, 0xff, 0x40, 0x00, 0x00, 0x00, 0x00, 0x00, 0x00, 0x00, 0x00, 0x00,
    0x00, 0x00, 0x00, 0x00, 0x00, 0x00, 0x00, 0x00, 0x00, 0x00, 0x00, 0x00, 0x00, 0x00, 0x00, 0x00, 0x00, 0x00, 0x00, 0x00, 0x00, 0x00, 0x00, 0x00,
    0x00, 0x00, 0x00, 0x00, 0x00, 0x00, 0x00, 0x00, 0x00, 0x00, 0x00, 0x00, 0x00, 0x00, 0x00, 0x00, 0x00, 0x00, 0x00, 0x00, 0x00, 0x00, 0x00, 0x00,
    0x00, 0x00, 0x00, 0xd8, 0xbe, 0x80, 0xb0, 0x4d, 0xbf, 0xf1, 0x65, 0xff, 0xf1, 0x65, 0xff, 0xf1, 0x65, 0xff, 0xf1, 0x65, 0xff, 0xf1, 0x65, 0xff,
    0xf1, 0x65, 0xff, 0x32, 0x66, 0xff, 0x32, 0x66, 0xff, 0xf1, 0x65, 0xff, 0xf1, 0x65, 0xff, 0xf1, 0x65, 0xff, 0xf1, 0x65, 0xff, 0xf1, 0x65, 0xff,
    0xb0, 0x55, 0xff, 0xb0, 0x4d, 0xff, 0xcc, 0x34, 0xff, 0xd5, 0xbd, 0xff, 0xb7, 0xfe, 0xff, 0xd8, 0xfe, 0xff, 0xf8, 0xfe, 0xff, 0xf9, 0xfe, 0xff,
    0xf9, 0xfe, 0xff, 0xf8, 0xfe, 0xff, 0xd8, 0xfe, 0xff, 0x77, 0xe6, 0xff, 0x35, 0xee, 0xff, 0x94, 0xb5, 0xff, 0x4a, 0x24, 0xff, 0x8c, 0x34, 0xff,
    0x8c, 0x34, 0xff, 0x8c, 0x3c, 0xff, 0x8c, 0x3c, 0xff, 0x8c, 0x3c, 0xff, 0x8c, 0x3c, 0xff, 0x8c, 0x34, 0xff, 0x4f, 0x55, 0xbf, 0x7c, 0xe7, 0x40,
    0x00, 0x00, 0x00, 0x00, 0x00, 0x00, 0x00, 0x00, 0x00, 0x00, 0x00, 0x00, 0x00, 0x00, 0x00, 0x00, 0x00, 0x00, 0x00, 0x00, 0x00, 0x00, 0x00, 0x00,
    0x00, 0x00, 0x00, 0x00, 0x00, 0x00, 0x00, 0x00, 0x00, 0x00, 0x00, 0x00, 0x00, 0x00, 0x00, 0x00, 0x00, 0x00, 0x00, 0x00, 0x00, 0x00, 0x00, 0x00,
    0x00, 0x00, 0x00, 0x00, 0x00, 0x00, 0x00, 0x00, 0x00, 0x00, 0x00, 0x00, 0xb7, 0xb6, 0x80, 0xb0, 0x4d, 0xbf, 0xf1, 0x65, 0xff, 0xf1, 0x65, 0xff,
    0xf1, 0x65, 0xff, 0xf1, 0x65, 0xff, 0xf1, 0x65, 0xff, 0x32, 0x66, 0xff, 0x32, 0x66, 0xff, 0x32, 0x66, 0xff, 0x32, 0x66, 0xff, 0xf1, 0x65, 0xff,
    0xf1, 0x65, 0xff, 0xf1, 0x5d, 0xff, 0xf1, 0x5d, 0xff, 0xb0, 0x55, 0xff, 0x6e, 0x45, 0xff, 0xcc, 0x34, 0xff, 0x16, 0xc6, 0xff, 0xd8, 0xfe, 0xff,
    0xf9, 0xfe, 0xff, 0xf9, 0xfe, 0xff, 0xf9, 0xfe, 0xff, 0xf9, 0xfe, 0xff, 0xd8, 0xfe, 0xff, 0xb7, 0xfe, 0xff, 0x56, 0xe6, 0xff, 0x35, 0xee, 0xff,
    0xf2, 0x84, 0xff, 0x09, 0x24, 0xff, 0x8c, 0x34, 0xff, 0x8c, 0x34, 0xff, 0x8c, 0x34, 0xff, 0x8c, 0x3c, 0xff, 0x8c, 0x3c, 0xff, 0xcd, 0x44, 0xff,
    0xcd, 0x44, 0xff, 0x8c, 0x34, 0xbf, 0xd8, 0xc6, 0x40, 0x00, 0x00, 0x00, 0x00, 0x00, 0x00, 0x00, 0x00, 0x00, 0x00, 0x00, 0x00, 0x00, 0x00, 0x00,
    0x00, 0x00, 0x00, 0x00, 0x00, 0x00, 0x00, 0x00, 0x00, 0x00, 0x00, 0x00, 0x00, 0x00, 0x00, 0x00, 0x00, 0x00, 0x00, 0x00, 0x00, 0x00, 0x00, 0x00,
    0x00, 0x00, 0x00, 0x00, 0x00, 0x00, 0x00, 0x00, 0x00, 0x00, 0x00, 0x00, 0x00, 0x00, 0x00, 0x00, 0x00, 0x00, 0x00, 0x00, 0x00, 0xb7, 0xb6, 0x80,
    0xb0, 0x4d, 0xbf, 0xf1, 0x65, 0xff, 0xf1, 0x5d, 0xff, 0xf1, 0x5d, 0xff, 0xf1, 0x5d, 0xff, 0xf1, 0x65, 0xff, 0xf1, 0x65, 0xff, 0x32, 0x66, 0xff,
    0x32, 0x66, 0xff, 0x32, 0x66, 0xff, 0x32, 0x66, 0xff, 0xf1, 0x65, 0xff, 0xf1, 0x65, 0xff, 0xf1, 0x5d, 0xff, 0xf1, 0x5d, 0xff, 0xaf, 0x45, 0xff,
    0x4d, 0x3d, 0xff, 0x77, 0xd6, 0xff, 0x19, 0xff, 0xff, 0x19, 0xff, 0xff, 0x19, 0xff, 0xff, 0xf8, 0xfe, 0xff, 0xd8, 0xfe, 0xff, 0xb7, 0xfe, 0xff,
    0x96, 0xee, 0xff, 0xf4, 0xe5, 0xff, 0xf5, 0xe5, 0xff, 0x8d, 0x54, 0xff, 0x0a, 0x2c, 0xff, 0x8c, 0x34, 0xff, 0x8c, 0x34, 0xff, 0x8c, 0x34, 0xff,
    0x8c, 0x34, 0xff, 0x8c, 0x3c, 0xff, 0x8c, 0x3c, 0xff, 0xcd, 0x44, 0xff, 0x8c, 0x34, 0xbf, 0x76, 0xb6, 0x40, 0x00, 0x00, 0x00, 0x00, 0x00, 0x00,
    0x00, 0x00, 0x00, 0x00, 0x00, 0x00, 0x00, 0x00, 0x00, 0x00, 0x00, 0x00, 0x00, 0x00, 0x00, 0x00, 0x00, 0x00, 0x00, 0x00, 0x00, 0x00, 0x00, 0x00,
    0x00, 0x00, 0x00, 0x00, 0x00, 0x00, 0x00, 0x00, 0x00, 0x00, 0x00, 0x00, 0x00, 0x00, 0x00, 0x00, 0x00, 0x00, 0x00, 0x00, 0x00, 0x00, 0x00, 0x00,
    0x00, 0x00, 0x00, 0x00, 0x00, 0x00, 0x97, 0xa6, 0x9f, 0xb0, 0x4d, 0xcf, 0xf1, 0x65, 0xff, 0xf1, 0x5d, 0xff, 0xf1, 0x5d, 0xff, 0xf1, 0x5d, 0xff,
    0xf1, 0x5d, 0xff, 0xf1, 0x65, 0xff, 0xf1, 0x65, 0xff, 0xf1, 0x65, 0xff, 0xf1, 0x65, 0xff, 0xf1, 0x65, 0xff, 0xf1, 0x65, 0xff, 0xf1, 0x65, 0xff,
    0xf1, 0x65, 0xff, 0xf1, 0x5d, 0xff, 0xf0, 0x55, 0xff, 0x6f, 0x4d, 0xff, 0xd8, 0xe6, 0xff, 0x3a, 0xff, 0xff, 0x3a, 0xff, 0xff, 0x19, 0xff, 0xff,
    0xf8, 0xfe, 0xff, 0xb8, 0xfe, 0xff, 0x97, 0xfe, 0xff, 0x55, 0xee, 0xff, 0xb3, 0xe5, 0xff, 0x93, 0xc5, 0xff, 0x0a, 0x34, 0xff, 0x4b, 0x34, 0xff,
    0x8c, 0x34, 0xff, 0x8c, 0x34, 0xff, 0xcd, 0x3c, 0xff, 0xcd, 0x3c, 0xff, 0xcd, 0x3c, 0xff, 0x8c, 0x34, 0xff, 0xcd, 0x3c, 0xff, 0x8b, 0x2c, 0xcf,
    0x35, 0xae, 0x60, 0xff, 0xff, 0x10, 0x00, 0x00, 0x00, 0x00, 0x00, 0x00, 0x00, 0x00, 0x00, 0x00, 0x00, 0x00, 0x00, 0x00, 0x00, 0x00, 0x00, 0x00,
    0x00, 0x00, 0x00, 0x00, 0x00, 0x00, 0x00, 0x00, 0x00, 0x00, 0x00, 0x00, 0x00, 0x00, 0x00, 0x00, 0x00, 0x00, 0x00, 0x00, 0x00, 0x00, 0x00, 0x00,
    0x00, 0x00, 0x00, 0x00, 0x00, 0x00, 0x00, 0x00, 0x00, 0x00, 0x00, 0x00, 0x00, 0x00, 0x00, 0x73, 0x76, 0xdf, 0xf0, 0x55, 0xef, 0x32, 0x6e, 0xff,
    0x32, 0x66, 0xff, 0x32, 0x66, 0xff, 0x32, 0x66, 0xff, 0xf1, 0x65, 0xff, 0xf1, 0x65, 0xff, 0xf1, 0x65, 0xff, 0xf1, 0x65, 0xff, 0xf1, 0x65, 0xff,
    0xf1, 0x65, 0xff, 0xf1, 0x65, 0xff, 0xf1, 0x65, 0xff, 0xf1, 0x5d, 0xff, 0xf1, 0x5d, 0xff, 0xf0, 0x4d, 0xff, 0x6f, 0x55, 0xff, 0x1a, 0xef, 0xff,
    0x3a, 0xff, 0xff, 0x3a, 0xff, 0xff, 0x19, 0xff, 0xff, 0xf9, 0xfe, 0xff, 0xb8, 0xfe, 0xff, 0x76, 0xee, 0xff, 0xf4, 0xe5, 0xff, 0xb3, 0xe5, 0xff,
    0xd1, 0x9c, 0xff, 0xa8, 0x1b, 0xff, 0x4b, 0x34, 0xff, 0x4b, 0x34, 0xff, 0x8c, 0x34, 0xff, 0x8c, 0x3c, 0xff, 0xcd, 0x3c, 0xff, 0xcd, 0x3c, 0xff,
    0xcd, 0x3c, 0xff, 0xcd, 0x44, 0xff, 0x8c, 0x34, 0xef, 0x32, 0x6e, 0x9f, 0xff, 0xff, 0x30, 0x00, 0x00, 0x00, 0x00, 0x00, 0x00, 0x00, 0x00, 0x00,
    0x00, 0x00, 0x00, 0x00, 0x00, 0x00, 0x00, 0x00, 0x00, 0x00, 0x00, 0x00, 0x00, 0x00, 0x00, 0x00, 0x00, 0x00, 0x00, 0x00, 0x00, 0x00, 0x00, 0x00,
    0x00, 0x00, 0x00, 0x00, 0x00, 0x00, 0x00, 0x00, 0x00, 0x00, 0x00, 0x00, 0x00, 0x00, 0x00, 0x00, 0x00, 0x00, 0x00, 0x00, 0x00, 0x00, 0x00, 0x00,
    0x73, 0x76, 0xff, 0xb0, 0x4d, 0xff, 0xf1, 0x65, 0xff, 0xf1, 0x5d, 0xff, 0xf1, 0x65, 0xff, 0xf1, 0x65, 0xff, 0xf1, 0x65, 0xff, 0xf1, 0x65, 0xff,
    0xf1, 0x65, 0xff, 0xf1, 0x65, 0xff, 0xf1, 0x65, 0xff, 0xf1, 0x65, 0xff, 0x32, 0x66, 0xff, 0x32, 0x66, 0xff, 0x32, 0x66, 0xff, 0x32, 0x66, 0xff,
    0xf0, 0x4d, 0xff, 0x70, 0x65, 0xff, 0x1a, 0xff, 0xff, 0x3a, 0xff, 0xff, 0x3a, 0xff, 0xff, 0x39, 0xff, 0xff, 0xf9, 0xfe, 0xff, 0xb8, 0xfe, 0xff,
    0x76, 0xee, 0xff, 0xd3, 0xdd, 0xff, 0xb3, 0xe5, 0xff, 0x0f, 0x64, 0xff, 0xa8, 0x1b, 0xff, 0x4b, 0x34, 0xff, 0x4b, 0x34, 0xff, 0x8c, 0x3c, 0xff,
    0xcd, 0x3c, 0xff, 0xcd, 0x3c, 0xff, 0xcd, 0x3c, 0xff, 0xcd, 0x3c, 0xff, 0xcd, 0x44, 0xff, 0x8c, 0x34, 0xff, 0x70, 0x5d, 0xbf, 0xff, 0xff, 0x40,
    0x00, 0x00, 0x00, 0x00, 0x00, 0x00, 0x00, 0x00, 0x00, 0x00, 0x00, 0x00, 0x00, 0x00, 0x00, 0x00, 0x00, 0x00, 0x00, 0x00, 0x00, 0x00, 0x00, 0x00,
    0x00, 0x00, 0x00, 0x00, 0x00, 0x00, 0x00, 0x00, 0x00, 0x00, 0x00, 0x00, 0x00, 0x00, 0x00, 0x00, 0x00, 0x00, 0x00, 0x00, 0x00, 0x00, 0x00, 0x00,
    0x00, 0x00, 0x00, 0x00, 0x00, 0x00, 0x00, 0x00, 0x00, 0x73, 0x76, 0xdf, 0xf0, 0x55, 0xef, 0x72, 0x6e, 0xff, 0x32, 0x66, 0xff, 0x32, 0x66, 0xff,
    0x32, 0x66, 0xff, 0x32, 0x66, 0xff, 0x32, 0x66, 0xff, 0x32, 0x66, 0xff, 0x32, 0x6e, 0xff, 0x32, 0x6e, 0xff, 0x32, 0x66, 0xff, 0x32, 0x66, 0xff,
    0x32, 0x66, 0xff, 0x32, 0x66, 0xff, 0xf1, 0x65, 0xff, 0xaf, 0x45, 0xff, 0xb1, 0x65, 0xff, 0x3a, 0xff, 0xff, 0x1a, 0xff, 0xff, 0x1a, 0xff, 0xff,
    0x19, 0xff, 0xff, 0xf9, 0xfe, 0xff, 0xb8, 0xfe, 0xff, 0x76, 0xee, 0xff, 0xb3, 0xdd, 0xff, 0xb3, 0xdd, 0xff, 0x0c, 0x44, 0xff, 0xa9, 0x1b, 0xff,
    0x0a, 0x34, 0xff, 0x4b, 0x34, 0xff, 0x8c, 0x3c, 0xff, 0xcd, 0x3c, 0xff, 0xcd, 0x3c, 0xff, 0x4d, 0x3d, 0xff, 0x4e, 0x45, 0xff, 0x6e, 0x45, 0xff,
    0x4d, 0x3d, 0xef, 0x70, 0x5d, 0x9f, 0xbf, 0xff, 0x30, 0x00, 0x00, 0x00, 0x00, 0x00, 0x00, 0x00, 0x00, 0x00, 0x00, 0x00, 0x00, 0x00, 0x00, 0x00,
    0x00, 0x00, 0x00, 0x00, 0x00, 0x00, 0x00, 0x00, 0x00, 0x00, 0x00, 0x00, 0x00, 0x00, 0x00, 0x00, 0x00, 0x00, 0x00, 0x00, 0x00, 0x00, 0x00, 0x00,
    0x00, 0x00, 0x00, 0x00, 0x00, 0x00, 0x00, 0x00, 0x00, 0x00, 0x00, 0x00, 0x00, 0x00, 0x00, 0x00, 0x00, 0x00, 0x9c, 0xe7, 0x80, 0xce, 0x54, 0xaf,
    0xe8, 0x2a, 0xef, 0x0c, 0x44, 0xff, 0x0b, 0x44, 0xff, 0x4c, 0x4c, 0xff, 0xce, 0x54, 0xff, 0x4f, 0x55, 0xff, 0x6f, 0x55, 0xff, 0xb0, 0x5d, 0xff,
    0xb0, 0x5d, 0xff, 0xf1, 0x65, 0xff, 0xf1, 0x65, 0xff, 0xf1, 0x65, 0xff, 0xf1, 0x65, 0xff, 0xb0, 0x5d, 0xff, 0x6e, 0x45, 0xff, 0x13, 0x8d, 0xff,
    0x5a, 0xff, 0xff, 0x19, 0xff, 0xff, 0xf9, 0xfe, 0xff, 0xf9, 0xfe, 0xff, 0xf8, 0xfe, 0xff, 0xd8, 0xfe, 0xff, 0x76, 0xee, 0xff, 0xd3, 0xe5, 0xff,
    0x72, 0xc5, 0xff, 0x0a, 0x34, 0xff, 0x0a, 0x34, 0xff, 0x0a, 0x34, 0xff, 0x4c, 0x3c, 0xff, 0x4c, 0x3c, 0xff, 0x8c, 0x3c, 0xff, 0x8c, 0x44, 0xff,
    0xcd, 0x44, 0xff, 0xcd, 0x44, 0xff, 0x8c, 0x3c, 0xff, 0x0b, 0x3c, 0xcf, 0xf5, 0xad, 0x60, 0xff, 0xff, 0x10, 0x00, 0x00, 0x00, 0x00, 0x00, 0x00,
    0x00, 0x00, 0x00, 0x00, 0x00, 0x00, 0x00, 0x00, 0x00, 0x00, 0x00, 0x00, 0x00, 0x00, 0x00, 0x00, 0x00, 0x00, 0x00, 0x00, 0x00, 0x00, 0x00, 0x00,
    0x00, 0x00, 0x00, 0x00, 0x00, 0x00, 0x00, 0x00, 0x00, 0x00, 0x00, 0x00, 0x00, 0x00, 0x00, 0x00, 0x00, 0x00, 0x00, 0x00, 0x00, 0x00, 0x00, 0x00,
    0x00, 0x00, 0x00, 0xff, 0xff, 0x20, 0x10, 0x84, 0x60, 0x24, 0x19, 0xcf, 0xa7, 0x29, 0xff, 0x45, 0x21, 0xff, 0x86, 0x29, 0xff, 0xc7, 0x29, 0xff,
    0x08, 0x32, 0xff, 0x29, 0x32, 0xff, 0x69, 0x32, 0xff, 0x69, 0x32, 0xff, 0x69, 0x32, 0xff, 0xaa, 0x3a, 0xff, 0x29, 0x2a, 0xff, 0xe8, 0x21, 0xff,
    0x29, 0x2a, 0xff, 0x46, 0x09, 0xff, 0xb1, 0x9c, 0xff, 0x5b, 0xff, 0xff, 0xf9, 0xee, 0xff, 0xf8, 0xfe, 0xff, 0xf8, 0xfe, 0xff, 0xd8, 0xfe, 0xff,
    0xb7, 0xfe, 0xff, 0x55, 0xee, 0xff, 0x14, 0xee, 0xff, 0x4f, 0x9c, 0xff, 0x45, 0x09, 0xff, 0xc7, 0x21, 0xff, 0xa6, 0x19, 0xff, 0xa6, 0x19, 0xff,
    0xa6, 0x19, 0xff, 0xa7, 0x21, 0xff, 0xc7, 0x21, 0xff, 0xe8, 0x29, 0xff, 0xe8, 0x29, 0xff, 0x29, 0x32, 0xff, 0xe8, 0x31, 0xbf, 0xba, 0xd6, 0x40,
    0x00, 0x00, 0x00, 0x00, 0x00, 0x00, 0x00, 0x00, 0x00, 0x00, 0x00, 0x00, 0x00, 0x00, 0x00, 0x00, 0x00, 0x00, 0x00, 0x00, 0x00, 0x00, 0x00, 0x00,
    0x00, 0x00, 0x00, 0x00, 0x00, 0x00, 0x00, 0x00, 0x00, 0x00, 0x00, 0x00, 0x00, 0x00, 0x00, 0x00, 0x00, 0x00, 0x00, 0x00, 0x00, 0x00, 0x00, 0x00,
    0x00, 0x00, 0x00, 0x00, 0x00, 0x00, 0x00, 0x00, 0x00, 0x00, 0x00, 0x00, 0x00, 0x00, 0x00, 0x51, 0x84, 0x40, 0x49, 0x32, 0xbf, 0xec, 0x4a, 0xff,
    0xab, 0x42, 0xff, 0xcb, 0x42, 0xff, 0xec, 0x4a, 0xff, 0x0c, 0x4b, 0xff, 0x0d, 0x53, 0xff, 0x2d, 0x53, 0xff, 0x2d, 0x53, 0xff, 0x0d, 0x53, 0xff,
    0x2d, 0x53, 0xff, 0xcc, 0x4a, 0xff, 0xaa, 0x42, 0xff, 0xab, 0x42, 0xff, 0xe8, 0x29, 0xff, 0xb4, 0xbd, 0xff, 0x3a, 0xff, 0xff, 0xf9, 0xfe, 0xff,
    0xf8, 0xfe, 0xff, 0xf8, 0xfe, 0xff, 0xd8, 0xfe, 0xff, 0xb7, 0xfe, 0xff, 0x15, 0xee, 0xff, 0x14, 0xee, 0xff, 0x2b, 0x63, 0xff, 0x05, 0x09, 0xff,
    0xc7, 0x29, 0xff, 0x86, 0x21, 0xff, 0xc7, 0x29, 0xff, 0xc8, 0x29, 0xff, 0xe8, 0x29, 0xff, 0x29, 0x32, 0xff, 0x49, 0x32, 0xff, 0x6a, 0x3a, 0xff,
    0xab, 0x42, 0xff, 0x29, 0x32, 0xbf, 0xd6, 0xb5, 0x40, 0x00, 0x00, 0x00, 0x00, 0x00, 0x00, 0x00, 0x00, 0x00, 0x00, 0x00, 0x00, 0x00, 0x00, 0x00,
    0x00, 0x00, 0x00, 0x00, 0x00, 0x00, 0x00, 0x00, 0x00, 0x00, 0x00, 0x00, 0x00, 0x00, 0x00, 0x00, 0x00, 0x00, 0x00, 0x00, 0x00, 0x00, 0x00, 0x00,
    0x00, 0x00, 0x00, 0x00, 0x00, 0x00, 0x00, 0x00, 0x00, 0x00, 0x00, 0x00, 0x00, 0x00, 0x00, 0x00, 0x00, 0x00, 0x00, 0x00, 0x00, 0x00, 0x00, 0x00,
    0x51, 0x84, 0x40, 0x29, 0x32, 0xbf, 0xec, 0x4a, 0xff, 0xcb, 0x42, 0xff, 0xcb, 0x4a, 0xff, 0xcb, 0x4a, 0xff, 0xcc, 0x4a, 0xff, 0xec, 0x4a, 0xff,
    0xec, 0x4a, 0xff, 0xec, 0x4a, 0xff, 0xec, 0x4a, 0xff, 0x0c, 0x4b, 0xff, 0xec, 0x4a, 0xff, 0xaa, 0x3a, 0xff, 0xab, 0x42, 0xff, 0x49, 0x3a, 0xff,
    0x56, 0xd6, 0xff, 0x19, 0xff, 0xff, 0xf9, 0xfe, 0xff, 0xf8, 0xfe, 0xff, 0xf8, 0xfe, 0xff, 0xd8, 0xfe, 0xff, 0xb7, 0xfe, 0xff, 0x35, 0xee, 0xff,
    0xf4, 0xe5, 0xff, 0x28, 0x3a, 0xff, 0x66, 0x19, 0xff, 0xe8, 0x29, 0xff, 0xc7, 0x29, 0xff, 0xe8, 0x29, 0xff, 0x09, 0x32, 0xff, 0x29, 0x32, 0xff,
    0x29, 0x32, 0xff, 0x49, 0x32, 0xff, 0x6a, 0x3a, 0xff, 0xab, 0x3a, 0xff, 0x09, 0x2a, 0xbf, 0x54, 0x9d, 0x40, 0x00, 0x00, 0x00, 0x00, 0x00, 0x00,
    0x00, 0x00, 0x00, 0x00, 0x00, 0x00, 0x00, 0x00, 0x00, 0x00, 0x00, 0x00, 0x00, 0x00, 0x00, 0x00, 0x00, 0x00, 0x00, 0x00, 0x00, 0x00, 0x00, 0x00,
    0x00, 0x00, 0x00, 0x00, 0x00, 0x00, 0x00, 0x00, 0x00, 0x00, 0x00, 0x00, 0x00, 0x00, 0x00, 0x00, 0x00, 0x00, 0x00, 0x00, 0x00, 0x00, 0x00, 0x00,
    0x00, 0x00, 0x00, 0x00, 0x00, 0x00, 0x00, 0x00, 0x00, 0x50, 0x84, 0x40, 0x49, 0x3a, 0xbf, 0x0d, 0x53, 0xff, 0xcc, 0x4a, 0xff, 0xec, 0x4a, 0xff,
    0xcc, 0x4a, 0xff, 0xcb, 0x4a, 0xff, 0xec, 0x4a, 0xff, 0xec, 0x4a, 0xff, 0xec, 0x4a, 0xff, 0xec, 0x4a, 0xff, 0xec, 0x4a, 0xff, 0xec, 0x4a, 0xff,
    0xab, 0x42, 0xff, 0x6a, 0x3a, 0xff, 0xeb, 0x52, 0xff, 0xb8, 0xee, 0xff, 0xf9, 0xfe, 0xff, 0xf9, 0xfe, 0xff, 0xf9, 0xfe, 0xff, 0xf9, 0xfe, 0xff,
    0xf9, 0xfe, 0xff, 0xd8, 0xfe, 0xff, 0x56, 0xee, 0xff, 0x52, 0xc5, 0xff, 0x66, 0x19, 0xff, 0xa7, 0x21, 0xff, 0xc7, 0x29, 0xff, 0xc7, 0x29, 0xff,
    0xe8, 0x29, 0xff, 0xe8, 0x29, 0xff, 0x29, 0x32, 0xff, 0x49, 0x32, 0xff, 0x4a, 0x3a, 0xff, 0x6a, 0x3a, 0xff, 0xab, 0x3a, 0xff, 0x29, 0x32, 0xbf,
    0x92, 0x8c, 0x40, 0x00, 0x00, 0x00, 0x00, 0x00, 0x00, 0x00, 0x00, 0x00, 0x00, 0x00, 0x00, 0x00, 0x00, 0x00, 0x00, 0x00, 0x00, 0x00, 0x00, 0x00,
    0x00, 0x00, 0x00, 0x00, 0x00, 0x00, 0x00, 0x00, 0x00, 0x00, 0x00, 0x00, 0x00, 0x00, 0x00, 0x00, 0x00, 0x00, 0x00, 0x00, 0x00, 0x00, 0x00, 0x00,
    0x00, 0x00, 0x00, 0x00, 0x00, 0x00, 0x00, 0x00, 0x00, 0x00, 0x00, 0x00, 0x00, 0x00, 0x00, 0x00, 0x00, 0x00, 0x50, 0x84, 0x40, 0x49, 0x3a, 0xbf,
    0x0d, 0x53, 0xff, 0xcc, 0x4a, 0xff, 0xec, 0x4a, 0xff, 0xcc, 0x4a, 0xff, 0xcc, 0x4a, 0xff, 0xec, 0x4a, 0xff, 0xec, 0x4a, 0xff, 0xcc, 0x4a, 0xff,
    0xec, 0x4a, 0xff, 0xec, 0x4a, 0xff, 0xec, 0x4a, 0xff, 0xec, 0x4a, 0xff, 0x08, 0x2a, 0xff, 0xce, 0x73, 0xff, 0x3a, 0xff, 0xff, 0xf9, 0xfe, 0xff,
    0xf9, 0xfe, 0xff, 0xf9, 0xfe, 0xff, 0x19, 0xff, 0xff, 0x19, 0xff, 0xff, 0xd9, 0xfe, 0xff, 0x97, 0xfe, 0xff, 0x4f, 0x9c, 0xff, 0x45, 0x11, 0xff,
    0xc7, 0x29, 0xff, 0xc7, 0x29, 0xff, 0xc7, 0x29, 0xff, 0x08, 0x32, 0xff, 0x09, 0x32, 0xff, 0x09, 0x32, 0xff, 0x29, 0x32, 0xff, 0x49, 0x32, 0xff,
    0x49, 0x32, 0xff, 0x6a, 0x3a, 0xff, 0x09, 0x2a, 0xbf, 0x30, 0x7c, 0x40, 0x00, 0x00, 0x00, 0x00, 0x00, 0x00, 0x00, 0x00, 0x00, 0x00, 0x00, 0x00,
    0x00, 0x00, 0x00, 0x00, 0x00, 0x00, 0x00, 0x00, 0x00, 0x00, 0x00, 0x00, 0x00, 0x00, 0x00, 0x00, 0x00, 0x00, 0x00, 0x00, 0x00, 0x00, 0x00, 0x00,
    0x00, 0x00, 0x00, 0x00, 0x00, 0x00, 0x00, 0x00, 0x00, 0x00, 0x00, 0x00, 0x00, 0x00, 0x00, 0x00, 0x00, 0x00, 0x00, 0x00, 0x00, 0x00, 0x00, 0x00,
    0x00, 0x00, 0x00, 0x50, 0x84, 0x40, 0x4a, 0x3a, 0xbf, 0x0d, 0x53, 0xff, 0xcc, 0x4a, 0xff, 0xcc, 0x4a, 0xff, 0xcc, 0x4a, 0xff, 0xcc, 0x4a, 0xff,
    0xcb, 0x4a, 0xff, 0xcc, 0x4a, 0xff, 0xec, 0x4a, 0xff, 0xec, 0x4a, 0xff, 0xec, 0x4a, 0xff, 0xec, 0x4a, 0xff, 0x2d, 0x53, 0xff, 0x4a, 0x32, 0xff,
    0xd2, 0x94, 0xff, 0x7b, 0xff, 0xff, 0x1a, 0xff, 0xff, 0x3a, 0xff, 0xff, 0x19, 0xff, 0xff, 0xf9, 0xfe, 0xff, 0x19, 0xff, 0xff, 0xf9, 0xee, 0xff,
    0xd7, 0xfe, 0xff, 0x6c, 0x6b, 0xff, 0x45, 0x11, 0xff, 0xc8, 0x29, 0xff, 0xc7, 0x29, 0xff, 0xe8, 0x29, 0xff, 0x08, 0x32, 0xff, 0x29, 0x32, 0xff,
    0x29, 0x32, 0xff, 0x49, 0x3a, 0xff, 0x6a, 0x3a, 0xff, 0x6a, 0x3a, 0xff, 0x6a, 0x3a, 0xff, 0x09, 0x2a, 0xbf, 0x10, 0x74, 0x40, 0x00, 0x00, 0x00,
    0x00, 0x00, 0x00, 0x00, 0x00, 0x00, 0x00, 0x00, 0x00, 0x00, 0x00, 0x00, 0x00, 0x00, 0x00, 0x00, 0x00, 0x00, 0x00, 0x00, 0x00, 0x00, 0x00, 0x00,
    0x00, 0x00, 0x00, 0x00, 0x00, 0x00, 0x00, 0x00, 0x00, 0x00, 0x00, 0x00, 0x00, 0x00, 0x00, 0x00, 0x00, 0x00, 0x00, 0x00, 0x00, 0x00, 0x00, 0x00,
    0x00, 0x00, 0x00, 0x00, 0x00, 0x00, 0x00, 0x00, 0x00, 0x00, 0x00, 0x00, 0x71, 0x8c, 0x40, 0x29, 0x32, 0xbf, 0x0d, 0x4b, 0xff, 0xcb, 0x4a, 0xff,
    0xcc, 0x4a, 0xff, 0xcb, 0x4a, 0xff, 0xcb, 0x4a, 0xff, 0xcb, 0x4a, 0xff, 0xcc, 0x4a, 0xff, 0xcc, 0x4a, 0xff, 0xec, 0x4a, 0xff, 0xec, 0x4a, 0xff,
    0xec, 0x4a, 0xff, 0x0c, 0x53, 0xff, 0xaa, 0x3a, 0xff, 0x95, 0xad, 0xff, 0x7b, 0xff, 0xff, 0x3a, 0xff, 0xff, 0x3a, 0xff, 0xff, 0x19, 0xff, 0xff,
    0xf9, 0xfe, 0xff, 0x19, 0xff, 0xff, 0xf9, 0xee, 0xff, 0xb7, 0xfe, 0xff, 0xa9, 0x52, 0xff, 0x66, 0x19, 0xff, 0xc7, 0x29, 0xff, 0xc7, 0x29, 0xff,
    0x08, 0x2a, 0xff, 0x29, 0x32, 0xff, 0x29, 0x32, 0xff, 0x29, 0x32, 0xff, 0x49, 0x32, 0xff, 0x49, 0x32, 0xff, 0x4a, 0x32, 0xff, 0x6a, 0x3a, 0xff,
    0x09, 0x2a, 0xbf, 0x10, 0x74, 0x40, 0x00, 0x00, 0x00, 0x00, 0x00, 0x00, 0x00, 0x00, 0x00, 0x00, 0x00, 0x00, 0x00, 0x00, 0x00, 0x00, 0x00, 0x00,
    0x00, 0x00, 0x00, 0x00, 0x00, 0x00, 0x00, 0x00, 0x00, 0x00, 0x00, 0x00, 0x00, 0x00, 0x00, 0x00, 0x00, 0x00, 0x00, 0x00, 0x00, 0x00, 0x00, 0x00,
    0x00, 0x00, 0x00, 0x00, 0x00, 0x00, 0x00, 0x00, 0x00, 0x00, 0x00, 0x00, 0x00, 0x00, 0x00, 0x00, 0x00, 0x00, 0x00, 0x00, 0x00, 0x14, 0x9d, 0x40,
    0x08, 0x2a, 0xbf, 0xec, 0x4a, 0xff, 0xab, 0x42, 0xff, 0xcb, 0x42, 0xff, 0xcb, 0x42, 0xff, 0xcb, 0x4a, 0xff, 0xcb, 0x4a, 0xff, 0xcb, 0x4a, 0xff,
    0xcc, 0x4a, 0xff, 0xec, 0x4a, 0xff, 0xec, 0x4a, 0xff, 0xcc, 0x4a, 0xff, 0xec, 0x4a, 0xff, 0x49, 0x3a, 0xff, 0x16, 0xc6, 0xff, 0x5a, 0xff, 0xff,
    0x19, 0xff, 0xff, 0x19, 0xff, 0xff, 0xf9, 0xfe, 0xff, 0xd8, 0xfe, 0xff, 0xd8, 0xfe, 0xff, 0xb8, 0xfe, 0xff, 0x55, 0xe6, 0xff, 0x28, 0x3a, 0xff,
    0x87, 0x21, 0xff, 0xe8, 0x29, 0xff, 0xe8, 0x29, 0xff, 0x09, 0x32, 0xff, 0x29, 0x32, 0xff, 0x29, 0x32, 0xff, 0x49, 0x32, 0xff, 0x49, 0x32, 0xff,
    0x49, 0x32, 0xff, 0x29, 0x32, 0xff, 0x49, 0x3a, 0xff, 0xc7, 0x21, 0xbf, 0x71, 0x84, 0x40, 0x00, 0x00, 0x00, 0x00, 0x00, 0x00, 0x00, 0x00, 0x00,
    0x00, 0x00, 0x00, 0x00, 0x00, 0x00, 0x00, 0x00, 0x00, 0x00, 0x00, 0x00, 0x00, 0x00, 0x00, 0x00, 0x00, 0x00, 0x00, 0x00, 0x00, 0x00, 0x00, 0x00,
    0x00, 0x00, 0x00, 0x00, 0x00, 0x00, 0x00, 0x00, 0x00, 0x00, 0x00, 0x00, 0x00, 0x00, 0x00, 0x00, 0x00, 0x00, 0x00, 0x00, 0x00, 0x00, 0x00, 0x00,
    0x00, 0x00, 0x00, 0x00, 0x00, 0x00, 0x55, 0xa5, 0x40, 0xe8, 0x29, 0xbf, 0xcb, 0x42, 0xff, 0xab, 0x42, 0xff, 0xab, 0x42, 0xff, 0xcb, 0x42, 0xff,
    0xcb, 0x4a, 0xff, 0xcc, 0x4a, 0xff, 0xcc, 0x4a, 0xff, 0xcc, 0x4a, 0xff, 0xec, 0x4a, 0xff, 0xec, 0x4a, 0xff, 0xec, 0x4a, 0xff, 0xab, 0x42, 0xff,
    0x0c, 0x53, 0xff, 0x19, 0xef, 0xff, 0xf9, 0xfe, 0xff, 0x19, 0xff, 0xff, 0xf9, 0xfe, 0xff, 0xf9, 0xfe, 0xff, 0xd8, 0xfe, 0xff, 0xb8, 0xfe, 0xff,
    0x97, 0xfe, 0xff, 0x93, 0xcd, 0xff, 0xa6, 0x29, 0xff, 0xc8, 0x29, 0xff, 0xe8, 0x29, 0xff, 0x08, 0x32, 0xff, 0x29, 0x32, 0xff, 0x49, 0x32, 0xff,
    0x29, 0x32, 0xff, 0x49, 0x32, 0xff, 0x49, 0x3a, 0xff, 0x49, 0x32, 0xff, 0x29, 0x32, 0xff, 0x49, 0x32, 0xff, 0xa7, 0x21, 0xbf, 0x75, 0xa5, 0x40,
    0x00, 0x00, 0x00, 0x00, 0x00, 0x00, 0x00, 0x00, 0x00, 0x00, 0x00, 0x00, 0x00, 0x00, 0x00, 0x00, 0x00, 0x00, 0x00, 0x00, 0x00, 0x00, 0x00, 0x00,
    0x00, 0x00, 0x00, 0x00, 0x00, 0x00, 0x00, 0x00, 0x00, 0x00, 0x00, 0x00, 0x00, 0x00, 0x00, 0x00, 0x00, 0x00, 0x00, 0x00, 0x00, 0x00, 0x00, 0x00,
    0x00, 0x00, 0x00, 0x00, 0x00, 0x00, 0x00, 0x00, 0x00, 0x00, 0x00, 0x00, 0x00, 0x00, 0x00, 0xd6, 0xb5, 0x40, 0xe8, 0x29, 0xbf, 0xcb, 0x42, 0xff,
    0xab, 0x42, 0xff, 0xab, 0x42, 0xff, 0xcb, 0x42, 0xff, 0xcb, 0x42, 0xff, 0xcc, 0x4a, 0xff, 0xcc, 0x4a, 0xff, 0xec, 0x4a, 0xff, 0xec, 0x4a, 0xff,
    0xec, 0x4a, 0xff, 0xec, 0x4a, 0xff, 0x29, 0x3a, 0xff, 0xb5, 0xbd, 0xff, 0x19, 0xff, 0xff, 0xd8, 0xfe, 0xff, 0xf9, 0xfe, 0xff, 0xf9, 0xfe, 0xff,
    0xf9, 0xfe, 0xff, 0xd8, 0xfe, 0xff, 0xb8, 0xfe, 0xff, 0x97, 0xfe, 0xff, 0x72, 0xcd, 0xff, 0xa6, 0x21, 0xff, 0x08, 0x2a, 0xff, 0x08, 0x32, 0xff,
    0x29, 0x32, 0xff, 0x29, 0x32, 0xff, 0x49, 0x3a, 0xff, 0x49, 0x32, 0xff, 0x49, 0x3a, 0xff, 0x49, 0x3a, 0xff, 0x49, 0x32, 0xff, 0x29, 0x32, 0xff,
    0x29, 0x32, 0xff, 0xa7, 0x21, 0xbf, 0x16, 0xb6, 0x40, 0x00, 0x00, 0x00, 0x00, 0x00, 0x00, 0x00, 0x00, 0x00, 0x00, 0x00, 0x00, 0x00, 0x00, 0x00,
    0x00, 0x00, 0x00, 0x00, 0x00, 0x00, 0x00, 0x00, 0x00, 0x00, 0x00, 0x00, 0x00, 0x00, 0x00, 0x00, 0x00, 0x00, 0x00, 0x00, 0x00, 0x00, 0x00, 0x00,
    0x00, 0x00, 0x00, 0x00, 0x00, 0x00, 0x00, 0x00, 0x00, 0x00, 0x00, 0x00, 0x00, 0x00, 0x00, 0x00, 0x00, 0x00, 0x00, 0x00, 0x00, 0x00, 0x00, 0x00,
    0xd6, 0xb5, 0x40, 0xe8, 0x29, 0xbf, 0xab, 0x42, 0xff, 0xab, 0x42, 0xff, 0xab, 0x42, 0xff, 0xcb, 0x42, 0xff, 0xcc, 0x4a, 0xff, 0xcc, 0x4a, 0xff,
    0xec, 0x4a, 0xff, 0xec, 0x4a, 0xff, 0xec, 0x4a, 0xff, 0x0c, 0x53, 0xff, 0x49, 0x32, 0xff, 0xb2, 0x94, 0xff, 0x5a, 0xff, 0xff, 0xd8, 0xfe, 0xff,
    0xf8, 0xfe, 0xff, 0xf9, 0xfe, 0xff, 0xf9, 0xfe, 0xff, 0xf8, 0xfe, 0xff, 0xd8, 0xfe, 0xff, 0xb8, 0xfe, 0xff, 0x97, 0xee, 0xff, 0x15, 0xde, 0xff,
    0x28, 0x3a, 0xff, 0xe8, 0x29, 0xff, 0x09, 0x32, 0xff, 0x29, 0x32, 0xff, 0x49, 0x32, 0xff, 0x49, 0x3a, 0xff, 0x49, 0x3a, 0xff, 0x49, 0x3a, 0xff,
    0x49, 0x3a, 0xff, 0x29, 0x32, 0xff, 0x29, 0x32, 0xff, 0x08, 0x2a, 0xff, 0x08, 0x2a, 0xbf, 0xd9, 0xce, 0x40, 0x00, 0x00, 0x00, 0x00, 0x00, 0x00,
    0x00, 0x00, 0x00, 0x00, 0x00, 0x00, 0x00, 0x00, 0x00, 0x00, 0x00, 0x00, 0x00, 0x00, 0x00, 0x00, 0x00, 0x00, 0x00, 0x00, 0x00, 0x00, 0x00, 0x00,
    0x00, 0x00, 0x00, 0x00, 0x00, 0x00, 0x00, 0x00, 0x00, 0x00, 0x00, 0x00, 0x00, 0x00, 0x00, 0x00, 0x00, 0x00, 0x00, 0x00, 0x00, 0x00, 0x00, 0x00,
    0x00, 0x00, 0x00, 0x00, 0x00, 0x00, 0x00, 0x00, 0x00, 0xf6, 0xb5, 0x40, 0xe8, 0x29, 0xbf, 0xaa, 0x3a, 0xff, 0xab, 0x42, 0xff, 0xab, 0x42, 0xff,
    0xab, 0x42, 0xff, 0xcb, 0x4a, 0xff, 0xec, 0x4a, 0xff, 0xec, 0x4a, 0xff, 0xec, 0x4a, 0xff, 0x0c, 0x4b, 0xff, 0xab, 0x42, 0xff, 0x4d, 0x5b, 0xff,
    0x5b, 0xef, 0xff, 0xf9, 0xfe, 0xff, 0xf9, 0xfe, 0xff, 0xf9, 0xfe, 0xff, 0x19, 0xff, 0xff, 0xf9, 0xfe, 0xff, 0xf9, 0xfe, 0xff, 0xf8, 0xfe, 0xff,
    0xd8, 0xfe, 0xff, 0x97, 0xee, 0xff, 0x96, 0xfe, 0xff, 0xca, 0x5a, 0xff, 0xa7, 0x21, 0xff, 0x29, 0x32, 0xff, 0x29, 0x32, 0xff, 0x49, 0x32, 0xff,
    0x49, 0x3a, 0xff, 0x49, 0x3a, 0xff, 0x49, 0x3a, 0xff, 0x49, 0x32, 0xff, 0x29, 0x32, 0xff, 0x29, 0x32, 0xff, 0xc7, 0x21, 0xff, 0x0c, 0x53, 0xbf,
    0xbd, 0xef, 0x40, 0x00, 0x00, 0x00, 0x00, 0x00, 0x00, 0x00, 0x00, 0x00, 0x00, 0x00, 0x00, 0x00, 0x00, 0x00, 0x00, 0x00, 0x00, 0x00, 0x00, 0x00,
    0x00, 0x00, 0x00, 0x00, 0x00, 0x00, 0x00, 0x00, 0x00, 0x00, 0x00, 0x00, 0x00, 0x00, 0x00, 0x00, 0x00, 0x00, 0x00, 0x00, 0x00, 0x00, 0x00, 0x00,
    0x00, 0x00, 0x00, 0x00, 0x00, 0x00, 0x00, 0x00, 0x00, 0x00, 0x00, 0x00, 0x00, 0x00, 0x00, 0x00, 0x00, 0x00, 0x17, 0xbe, 0x40, 0x29, 0x32, 0xbf,
    0x49, 0x32, 0xff, 0x6a, 0x3a, 0xff, 0xab, 0x42, 0xff, 0xab, 0x42, 0xff, 0xcb, 0x42, 0xff, 0xcc, 0x4a, 0xff, 0xec, 0x4a, 0xff, 0xec, 0x4a, 0xff,
    0x2d, 0x53, 0xff, 0x6a, 0x3a, 0xff, 0xf6, 0xbd, 0xff, 0x5a, 0xff, 0xff, 0x19, 0xff, 0xff, 0x19, 0xff, 0xff, 0x19, 0xff, 0xff, 0x19, 0xff, 0xff,
    0x19, 0xff, 0xff, 0xf8, 0xfe, 0xff, 0xd8, 0xfe, 0xff, 0xb8, 0xfe, 0xff, 0x97, 0xee, 0xff, 0xb7, 0xfe, 0xff, 0x8c, 0x73, 0xff, 0x66, 0x19, 0xff,
    0x29, 0x32, 0xff, 0x29, 0x32, 0xff, 0x49, 0x32, 0xff, 0x49, 0x3a, 0xff, 0x49, 0x3a, 0xff, 0x49, 0x3a, 0xff, 0x29, 0x32, 0xff, 0x09, 0x32, 0xff,
    0x29, 0x32, 0xff, 0x86, 0x19, 0xef, 0x91, 0x84, 0x9f, 0xff, 0xff, 0x30, 0x00, 0x00, 0x00, 0x00, 0x00, 0x00, 0x00, 0x00, 0x00, 0x00, 0x00, 0x00,
    0x00, 0x00, 0x00, 0x00, 0x00, 0x00, 0x00, 0x00, 0x00, 0x00, 0x00, 0x00, 0x00, 0x00, 0x00, 0x00, 0x00, 0x00, 0x00, 0x00, 0x00, 0x00, 0x00, 0x00,
    0x00, 0x00, 0x00, 0x00, 0x00, 0x00, 0x00, 0x00, 0x00, 0x00, 0x00, 0x00, 0x00, 0x00, 0x00, 0x00, 0x00, 0x00, 0x00, 0x00, 0x00, 0x00, 0x00, 0x00,
    0x00, 0x00, 0x00, 0x38, 0xc6, 0x40, 0x29, 0x32, 0xbf, 0x49, 0x32, 0xff, 0x29, 0x32, 0xff, 0xab, 0x42, 0xff, 0xab, 0x42, 0xff, 0xab, 0x42, 0xff,
    0xcb, 0x42, 0xff, 0xcb, 0x4a, 0xff, 0xec, 0x4a, 0xff, 0xaa, 0x3a, 0xff, 0xcf, 0x6b, 0xff, 0x7c, 0xff, 0xff, 0x1a, 0xff, 0xff, 0x3a, 0xff, 0xff,
    0x3a, 0xff, 0xff, 0x19, 0xff, 0xff, 0x19, 0xff, 0xff, 0x19, 0xff, 0xff, 0xf8, 0xfe, 0xff, 0xd8, 0xfe, 0xff, 0xb7, 0xfe, 0xff, 0x97, 0xee, 0xff,
    0xb7, 0xfe, 0xff, 0x2e, 0x94, 0xff, 0x45, 0x19, 0xff, 0x08, 0x32, 0xff, 0x08, 0x32, 0xff, 0x29, 0x32, 0xff, 0x29, 0x32, 0xff, 0x29, 0x32, 0xff,
    0x29, 0x32, 0xff, 0x29, 0x32, 0xff, 0x08, 0x2a, 0xff, 0x09, 0x32, 0xff, 0xc7, 0x29, 0xcf, 0x37, 0xbe, 0x60, 0xfd, 0xef, 0x10, 0x00, 0x00, 0x00,
    0x00, 0x00, 0x00, 0x00, 0x00, 0x00, 0x00, 0x00, 0x00, 0x00, 0x00, 0x00, 0x00, 0x00, 0x00, 0x00, 0x00, 0x00, 0x00, 0x00, 0x00, 0x00, 0x00, 0x00,
    0x00, 0x00, 0x00, 0x00, 0x00, 0x00, 0x00, 0x00, 0x00, 0x00, 0x00, 0x00, 0x00, 0x00, 0x00, 0x00, 0x00, 0x00, 0x00, 0x00, 0x00, 0x00, 0x00, 0x00,
    0x00, 0x00, 0x00, 0x00, 0x00, 0x00, 0x00, 0x00, 0x00, 0x00, 0x00, 0x00, 0xb9, 0xce, 0x40, 0x49, 0x3a, 0xbf, 0x6a, 0x3a, 0xff, 0xe8, 0x29, 0xff,
    0xab, 0x42, 0xff, 0xab, 0x42, 0xff, 0xab, 0x42, 0xff, 0xab, 0x42, 0xff, 0xab, 0x42, 0xff, 0xcc, 0x42, 0xff, 0x6a, 0x3a, 0xff, 0x37, 0xce, 0xff,
    0x3a, 0xff, 0xff, 0x1a, 0xef, 0xff, 0x5a, 0xff, 0xff, 0x3a, 0xff, 0xff, 0x3a, 0xff, 0xff, 0x3a, 0xff, 0xff, 0x19, 0xff, 0xff, 0xf8, 0xfe, 0xff,
    0xb8, 0xfe, 0xff, 0x97, 0xfe, 0xff, 0x77, 0xee, 0xff, 0x96, 0xfe, 0xff, 0xd0, 0xac, 0xff, 0x45, 0x11, 0xff, 0xe8, 0x29, 0xff, 0x08, 0x32, 0xff,
    0x29, 0x32, 0xff, 0x29, 0x32, 0xff, 0x29, 0x32, 0xff, 0x08, 0x32, 0xff, 0x08, 0x2a, 0xff, 0x08, 0x2a, 0xff, 0xe8, 0x29, 0xef, 0xcb, 0x4a, 0x9f,
    0x9d, 0xef, 0x30, 0x00, 0x00, 0x00, 0x00, 0x00, 0x00, 0x00, 0x00, 0x00, 0x00, 0x00, 0x00, 0x00, 0x00, 0x00, 0x00, 0x00, 0x00, 0x00, 0x00, 0x00,
    0x00, 0x00, 0x00, 0x00, 0x00, 0x00, 0x00, 0x00, 0x00, 0x00, 0x00, 0x00, 0x00, 0x00, 0x00, 0x00, 0x00, 0x00, 0x00, 0x00, 0x00, 0x00, 0x00, 0x00,
    0x00, 0x00, 0x00, 0x00, 0x00, 0x00, 0x00, 0x00, 0x00, 0x00, 0x00, 0x00, 0x00, 0x00, 0x00, 0x00, 0x00, 0x00, 0x00, 0x00, 0x00, 0x3b, 0xdf, 0x40,
    0xaa, 0x42, 0xbf, 0x6a, 0x3a, 0xff, 0xc7, 0x21, 0xff, 0x6a, 0x3a, 0xff, 0xab, 0x42, 0xff, 0xaa, 0x3a, 0xff, 0xab, 0x42, 0xff, 0xab, 0x42, 0xff,
    0x4a, 0x32, 0xff, 0xce, 0x73, 0xff, 0x39, 0xff, 0xff, 0xb7, 0xfe, 0xff, 0x19, 0xff, 0xff, 0x3a, 0xff, 0xff, 0x3a, 0xff, 0xff, 0x3a, 0xff, 0xff,
    0x3a, 0xff, 0xff, 0x19, 0xff, 0xff, 0xf9, 0xfe, 0xff, 0xd8, 0xfe, 0xff, 0xb8, 0xfe, 0xff, 0x97, 0xee, 0xff, 0x97, 0xfe, 0xff, 0x11, 0xb5, 0xff,
    0x45, 0x19, 0xff, 0xe8, 0x29, 0xff, 0xe8, 0x29, 0xff, 0x08, 0x32, 0xff, 0x29, 0x32, 0xff, 0x29, 0x32, 0xff, 0x29, 0x32, 0xff, 0x08, 0x2a, 0xff,
    0x29, 0x32, 0xff, 0xa7, 0x21, 0xcf, 0xd3, 0x94, 0x60, 0xff, 0xff, 0x10, 0x00, 0x00, 0x00, 0x00, 0x00, 0x00, 0x00, 0x00, 0x00, 0x00, 0x00, 0x00,
    0x00, 0x00, 0x00, 0x00, 0x00, 0x00, 0x00, 0x00, 0x00, 0x00, 0x00, 0x00, 0x00, 0x00, 0x00, 0x00, 0x00, 0x00, 0x00, 0x00, 0x00, 0x00, 0x00, 0x00,
    0x00, 0x00, 0x00, 0x00, 0x00, 0x00, 0x00, 0x00, 0x00, 0x00, 0x00, 0x00, 0x00, 0x00, 0x00, 0x00, 0x00, 0x00, 0x00, 0x00, 0x00, 0x00, 0x00, 0x00,
    0x00, 0x00, 0x00, 0x00, 0x00, 0x00, 0x7c, 0xe7, 0x40, 0xab, 0x4a, 0xbf, 0x6a, 0x3a, 0xff, 0x09, 0x32, 0xff, 0x29, 0x32, 0xff, 0xcc, 0x4a, 0xff,
    0xaa, 0x3a, 0xff, 0xab, 0x42, 0xff, 0xab, 0x42, 0xff, 0x29, 0x2a, 0xff, 0x50, 0x8c, 0xff, 0xf8, 0xfe, 0xff, 0x76, 0xee, 0xff, 0x19, 0xff, 0xff,
    0xf9, 0xfe, 0xff, 0x19, 0xff, 0xff, 0x19, 0xff, 0xff, 0x3a, 0xff, 0xff, 0x19, 0xff, 0xff, 0xf9, 0xfe, 0xff, 0xf9, 0xfe, 0xff, 0xf8, 0xfe, 0xff,
    0xb8, 0xee, 0xff, 0xb7, 0xfe, 0xff, 0x12, 0xb5, 0xff, 0x66, 0x19, 0xff, 0xe8, 0x31, 0xff, 0x08, 0x32, 0xff, 0x29, 0x32, 0xff, 0x29, 0x32, 0xff,
    0x29, 0x32, 0xff, 0x49, 0x32, 0xff, 0x29, 0x32, 0xff, 0xe8, 0x29, 0xef, 0x29, 0x32, 0x9f, 0x1b, 0xdf, 0x30, 0x00, 0x00, 0x00, 0x00, 0x00, 0x00,
    0x00, 0x00, 0x00, 0x00, 0x00, 0x00, 0x00, 0x00, 0x00, 0x00, 0x00, 0x00, 0x00, 0x00, 0x00, 0x00, 0x00, 0x00, 0x00, 0x00, 0x00, 0x00, 0x00, 0x00,
    0x00, 0x00, 0x00, 0x00, 0x00, 0x00, 0x00, 0x00, 0x00, 0x00, 0x00, 0x00, 0x00, 0x00, 0x00, 0x00, 0x00, 0x00, 0x00, 0x00, 0x00, 0x00, 0x00, 0x00,
    0x00, 0x00, 0x00, 0x00, 0x00, 0x00, 0x00, 0x00, 0x00, 0x00, 0x00, 0x00, 0x00, 0x00, 0x00, 0x7d, 0xef, 0x40, 0xec, 0x52, 0xbf, 0x6a, 0x3a, 0xff,
    0x29, 0x32, 0xff, 0x49, 0x32, 0xff, 0x0c, 0x4b, 0xff, 0xab, 0x42, 0xff, 0xab, 0x42, 0xff, 0xcb, 0x42, 0xff, 0x29, 0x2a, 0xff, 0x50, 0x84, 0xff,
    0xb7, 0xfe, 0xff, 0xf4, 0xe5, 0xff, 0x19, 0xff, 0xff, 0xf8, 0xfe, 0xff, 0xf9, 0xfe, 0xff, 0x19, 0xff, 0xff, 0x19, 0xff, 0xff, 0xf9, 0xfe, 0xff,
    0xf9, 0xfe, 0xff, 0xf9, 0xfe, 0xff, 0xf9, 0xfe, 0xff, 0xd8, 0xee, 0xff, 0xd8, 0xfe, 0xff, 0x52, 0xb5, 0xff, 0x86, 0x19, 0xff, 0x08, 0x32, 0xff,
    0x08, 0x32, 0xff, 0x29, 0x32, 0xff, 0x29, 0x32, 0xff, 0x29, 0x32, 0xff, 0x29, 0x32, 0xff, 0x6a, 0x3a, 0xff, 0xc7, 0x21, 0xcf, 0x92, 0x8c, 0x60,
    0xff, 0xff, 0x10, 0x00, 0x00, 0x00, 0x00, 0x00, 0x00, 0x00, 0x00, 0x00, 0x00, 0x00, 0x00, 0x00, 0x00, 0x00, 0x00, 0x00, 0x00, 0x00, 0x00, 0x00,
    0x00, 0x00, 0x00, 0x00, 0x00, 0x00, 0x00, 0x00, 0x00, 0x00, 0x00, 0x00, 0x00, 0x00, 0x00, 0x00, 0x00, 0x00, 0x00, 0x00, 0x00, 0x00, 0x00, 0x00,
    0x00, 0x00, 0x00, 0x00, 0x00, 0x00, 0x00, 0x00, 0x00, 0x00, 0x00, 0x00, 0x00, 0x00, 0x00, 0x00, 0x00, 0x00, 0x00, 0x00, 0x00, 0x00, 0x00, 0x00,
    0x9d, 0xef, 0x40, 0x4d, 0x5b, 0xbf, 0xaa, 0x3a, 0xff, 0x49, 0x3a, 0xff, 0xe8, 0x29, 0xff, 0xec, 0x4a, 0xff, 0xcc, 0x4a, 0xff, 0xcb, 0x42, 0xff,
    0xcc, 0x4a, 0xff, 0x29, 0x32, 0xff, 0xf2, 0x9c, 0xff, 0xd7, 0xfe, 0xff, 0x93, 0xe5, 0xff, 0x19, 0xff, 0xff, 0xf9, 0xfe, 0xff, 0x19, 0xff, 0xff,
    0xf8, 0xfe, 0xff, 0xf9, 0xfe, 0xff, 0xf9, 0xfe, 0xff, 0xd8, 0xfe, 0xff, 0xd8, 0xfe, 0xff, 0xf9, 0xfe, 0xff, 0xb8, 0xee, 0xff, 0xd8, 0xfe, 0xff,
    0x52, 0xb5, 0xff, 0xa7, 0x19, 0xff, 0x29, 0x32, 0xff, 0x29, 0x32, 0xff, 0x29, 0x32, 0xff, 0x49, 0x3a, 0xff, 0x49, 0x3a, 0xff, 0x49, 0x32, 0xff,
    0x4a, 0x3a, 0xff, 0x6a, 0x3a, 0xbf, 0xfa, 0xd6, 0x40, 0x00, 0x00, 0x00, 0x00, 0x00, 0x00, 0x00, 0x00, 0x00, 0x00, 0x00, 0x00, 0x00, 0x00, 0x00,
    0x00, 0x00, 0x00, 0x00, 0x00, 0x00, 0x00, 0x00, 0x00, 0x00, 0x00, 0x00, 0x00, 0x00, 0x00, 0x00, 0x00, 0x00, 0x00, 0x00, 0x00, 0x00, 0x00, 0x00,
    0x00, 0x00, 0x00, 0x00, 0x00, 0x00, 0x00, 0x00, 0x00, 0x00, 0x00, 0x00, 0x00, 0x00, 0x00, 0x00, 0x00, 0x00, 0x00, 0x00, 0x00, 0x00, 0x00, 0x00,
    0x00, 0x00, 0x00, 0x00, 0x00, 0x00, 0x00, 0x00, 0x00, 0xbd, 0xef, 0x40, 0x6e, 0x63, 0xbf, 0xab, 0x3a, 0xff, 0xab, 0x42, 0xff, 0x09, 0x32, 0xff,
    0xcb, 0x4a, 0xff, 0xec, 0x4a, 0xff, 0xcc, 0x4a, 0xff, 0xec, 0x4a, 0xff, 0x49, 0x32, 0xff, 0xf5, 0xbd, 0xff, 0xb8, 0xfe, 0xff, 0x93, 0xdd, 0xff,
    0x19, 0xff, 0xff, 0x19, 0xff, 0xff, 0xf8, 0xfe, 0xff, 0xd8, 0xfe, 0xff, 0xf8, 0xfe, 0xff, 0xf8, 0xfe, 0xff, 0x97, 0xfe, 0xff, 0xd8, 0xfe, 0xff,
    0xd8, 0xfe, 0xff, 0x76, 0xee, 0xff, 0xb7, 0xfe, 0xff, 0xf1, 0xac, 0xff, 0x86, 0x19, 0xff, 0x29, 0x32, 0xff, 0x09, 0x32, 0xff, 0x29, 0x32, 0xff,
    0x29, 0x32, 0xff, 0x29, 0x32, 0xff, 0x29, 0x32, 0xff, 0x49, 0x32, 0xff, 0x09, 0x32, 0xbf, 0x78, 0xc6, 0x40, 0x00, 0x00, 0x00, 0x00, 0x00, 0x00,
    0x00, 0x00, 0x00, 0x00, 0x00, 0x00, 0x00, 0x00, 0x00, 0x00, 0x00, 0x00, 0x00, 0x00, 0x00, 0x00, 0x00, 0x00, 0x00, 0x00, 0x00, 0x00, 0x00, 0x00,
    0x00, 0x00, 0x00, 0x00, 0x00, 0x00, 0x00, 0x00, 0x00, 0x00, 0x00, 0x00, 0x00, 0x00, 0x00, 0x00, 0x00, 0x00, 0x00, 0x00, 0x00, 0x00, 0x00, 0x00,
    0x00, 0x00, 0x00, 0x00, 0x00, 0x00, 0x00, 0x00, 0x00, 0x00, 0x00, 0x00, 0x00, 0x00, 0x00, 0x00, 0x00, 0x00, 0xff, 0xff, 0x40, 0xaf, 0x6b, 0xbf,
    0xab, 0x3a, 0xff, 0xcb, 0x42, 0xff, 0x4a, 0x32, 0xff, 0xcb, 0x42, 0xff, 0xec, 0x4a, 0xff, 0xec, 0x4a, 0xff, 0xcc, 0x42, 0xff, 0xab, 0x42, 0xff,
    0xb8, 0xe6, 0xff, 0x97, 0xfe, 0xff, 0x52, 0xcd, 0xff, 0xd8, 0xfe, 0xff, 0xd7, 0xfe, 0xff, 0x96, 0xfe, 0xff, 0x76, 0xfe, 0xff, 0xd7, 0xfe, 0xff,
    0x96, 0xfe, 0xff, 0xf4, 0xe5, 0xff, 0x76, 0xfe, 0xff, 0x35, 0xee, 0xff, 0xb3, 0xdd, 0xff, 0x76, 0xfe, 0xff, 0x4f, 0x94, 0xff, 0x66, 0x19, 0xff,
    0x08, 0x32, 0xff, 0x08, 0x32, 0xff, 0x29, 0x32, 0xff, 0x29, 0x32, 0xff, 0x29, 0x32, 0xff, 0x08, 0x32, 0xff, 0x49, 0x32, 0xff, 0xa7, 0x21, 0xbf,
    0x17, 0xbe, 0x40, 0x00, 0x00, 0x00, 0x00, 0x00, 0x00, 0x00, 0x00, 0x00, 0x00, 0x00, 0x00, 0x00, 0x00, 0x00, 0x00, 0x00, 0x00, 0x00, 0x00, 0x00,
    0x00, 0x00, 0x00, 0x00, 0x00, 0x00, 0x00, 0x00, 0x00, 0x00, 0x00, 0x00, 0x00, 0x00, 0x00, 0x00, 0x00, 0x00, 0x00, 0x00, 0x00, 0x00, 0x00, 0x00,
    0x00, 0x00, 0x00, 0x00, 0x00, 0x00, 0x00, 0x00, 0x00, 0x00, 0x00, 0x00, 0x00, 0x00, 0x00, 0x00, 0x00, 0x00, 0x00, 0x00, 0x00, 0x00, 0x00, 0x00,
    0x00, 0x00, 0x00, 0xff, 0xff, 0x40, 0x30, 0x7c, 0xbf, 0x6a, 0x3a, 0xff, 0xcb, 0x42, 0xff, 0x4a, 0x3a, 0xff, 0xaa, 0x42, 0xff, 0x0c, 0x4b, 0xff,
    0xec, 0x4a, 0xff, 0xcb, 0x42, 0xff, 0xec, 0x4a, 0xff, 0xd8, 0xee, 0xff, 0x56, 0xee, 0xff, 0x2e, 0xa4, 0xff, 0x77, 0xee, 0xff, 0x55, 0xee, 0xff,
    0xf4, 0xe5, 0xff, 0x14, 0xee, 0xff, 0x55, 0xee, 0xff, 0xd3, 0xe5, 0xff, 0x72, 0xdd, 0xff, 0xb3, 0xe5, 0xff, 0xb3, 0xe5, 0xff, 0x52, 0xd5, 0xff,
    0x35, 0xee, 0xff, 0x8c, 0x73, 0xff, 0x66, 0x19, 0xff, 0x08, 0x32, 0xff, 0x08, 0x2a, 0xff, 0x09, 0x32, 0xff, 0x29, 0x32, 0xff, 0x29, 0x32, 0xff,
    0x29, 0x32, 0xff, 0x29, 0x32, 0xff, 0x08, 0x32, 0xbf, 0xb9, 0xce, 0x40, 0x00, 0x00, 0x00, 0x00, 0x00, 0x00, 0x00, 0x00, 0x00, 0x00, 0x00, 0x00,
    0x00, 0x00, 0x00, 0x00, 0x00, 0x00, 0x00, 0x00, 0x00, 0x00, 0x00, 0x00, 0x00, 0x00, 0x00, 0x00, 0x00, 0x00, 0x00, 0x00, 0x00, 0x00, 0x00, 0x00,
    0x00, 0x00, 0x00, 0x00, 0x00, 0x00, 0x00, 0x00, 0x00, 0x00, 0x00, 0x00, 0x00, 0x00, 0x00, 0x00, 0x00, 0x00, 0x00, 0x00, 0x00, 0x00, 0x00, 0x00,
    0x00, 0x00, 0x00, 0x00, 0x00, 0x00, 0x00, 0x00, 0x00, 0x00, 0x00, 0x00, 0xff, 0xff, 0x30, 0x71, 0x84, 0x9f, 0x4a, 0x32, 0xef, 0xcb, 0x42, 0xff,
    0x6a, 0x3a, 0xff, 0x49, 0x3a, 0xff, 0x0c, 0x4b, 0xff, 0xcc, 0x4a, 0xff, 0xec, 0x42, 0xff, 0xaa, 0x3a, 0xff, 0x36, 0xde, 0xff, 0x36, 0xee, 0xff,
    0x0e, 0x94, 0xff, 0xb8, 0xe6, 0xff, 0x97, 0xfe, 0xff, 0xd4, 0xdd, 0xff, 0x15, 0xe6, 0xff, 0x55, 0xee, 0xff, 0xd4, 0xe5, 0xff, 0x92, 0xdd, 0xff,
    0xd4, 0xe5, 0xff, 0x52, 0xd5, 0xff, 0x51, 0xc5, 0xff, 0xd7, 0xfe, 0xff, 0x0b, 0x63, 0xff, 0xa7, 0x19, 0xff, 0x28, 0x32, 0xff, 0x09, 0x32, 0xff,
    0x29, 0x32, 0xff, 0x29, 0x32, 0xff, 0x29, 0x32, 0xff, 0x29, 0x32, 0xff, 0xe8, 0x29, 0xff, 0x6d, 0x5b, 0xbf, 0xff, 0xff, 0x40, 0x00, 0x00, 0x00,
    0x00, 0x00, 0x00, 0x00, 0x00, 0x00, 0x00, 0x00, 0x00, 0x00, 0x00, 0x00, 0x00, 0x00, 0x00, 0x00, 0x00, 0x00, 0x00, 0x00, 0x00, 0x00, 0x00, 0x00,
    0x00, 0x00, 0x00, 0x00, 0x00, 0x00, 0x00, 0x00, 0x00, 0x00, 0x00, 0x00, 0x00, 0x00, 0x00, 0x00, 0x00, 0x00, 0x00, 0x00, 0x00, 0x00, 0x00, 0x00,
    0x00, 0x00, 0x00, 0x00, 0x00, 0x00, 0x00, 0x00, 0x00, 0x00, 0x00, 0x00, 0x00, 0x00, 0x00, 0x00, 0x00, 0x00, 0x00, 0x00, 0x00, 0xff, 0xff, 0x10,
    0x14, 0x9d, 0x60, 0x29, 0x32, 0xcf, 0xab, 0x42, 0xff, 0x6a, 0x3a, 0xff, 0x29, 0x32, 0xff, 0xcc, 0x4a, 0xff, 0xcb, 0x4a, 0xff, 0xcc, 0x42, 0xff,
    0xaa, 0x42, 0xff, 0x15, 0xde, 0xff, 0x56, 0xee, 0xff, 0xed, 0x83, 0xff, 0xd9, 0xe6, 0xff, 0x19, 0xff, 0xff, 0x53, 0xbd, 0xff, 0xd4, 0xcd, 0xff,
    0x18, 0xff, 0xff, 0xd4, 0xd5, 0xff, 0x52, 0xc5, 0xff, 0xb7, 0xfe, 0xff, 0xf0, 0xbc, 0xff, 0x73, 0xbd, 0xff, 0xd7, 0xfe, 0xff, 0xaa, 0x52, 0xff,
    0xc7, 0x21, 0xff, 0x29, 0x32, 0xff, 0x29, 0x32, 0xff, 0x29, 0x32, 0xff, 0x29, 0x32, 0xff, 0x29, 0x32, 0xff, 0x49, 0x32, 0xff, 0xc8, 0x21, 0xff,
    0xaf, 0x6b, 0xbf, 0xff, 0xff, 0x40, 0x00, 0x00, 0x00, 0x00, 0x00, 0x00, 0x00, 0x00, 0x00, 0x00, 0x00, 0x00, 0x00, 0x00, 0x00, 0x00, 0x00, 0x00,
    0x00, 0x00, 0x00, 0x00, 0x00, 0x00, 0x00, 0x00, 0x00, 0x00, 0x00, 0x00, 0x00, 0x00, 0x00, 0x00, 0x00, 0x00, 0x00, 0x00, 0x00, 0x00, 0x00, 0x00,
    0x00, 0x00, 0x00, 0x00, 0x00, 0x00, 0x00, 0x00, 0x00, 0x00, 0x00, 0x00, 0x00, 0x00, 0x00, 0x00, 0x00, 0x00, 0x00, 0x00, 0x00, 0x00, 0x00, 0x00,
    0x00, 0x00, 0x00, 0x00, 0x00, 0x00, 0x00, 0x00, 0x00, 0x55, 0xa5, 0x40, 0x08, 0x2a, 0xbf, 0xab, 0x42, 0xff, 0x6a, 0x3a, 0xff, 0x08, 0x2a, 0xff,
    0xab, 0x42, 0xff, 0xcc, 0x4a, 0xff, 0xab, 0x3a, 0xff, 0x4d, 0x5b, 0xff, 0x7a, 0xff, 0xff, 0xb0, 0xac, 0xff, 0x0b, 0x5b, 0xff, 0x19, 0xff, 0xff,
    0x19, 0xff, 0xff, 0x53, 0xbd, 0xff, 0x15, 0xce, 0xff, 0x5a, 0xff, 0xff, 0xb4, 0xcd, 0xff, 0x73, 0xbd, 0xff, 0xf8, 0xfe, 0xff, 0xf1, 0xbc, 0xff,
    0xd4, 0xcd, 0xff, 0x97, 0xfe, 0xff, 0x69, 0x42, 0xff, 0xc8, 0x21, 0xff, 0x29, 0x32, 0xff, 0x49, 0x32, 0xff, 0x49, 0x32, 0xff, 0x49, 0x32, 0xff,
    0x49, 0x32, 0xff, 0x4a, 0x32, 0xff, 0x08, 0x2a, 0xff, 0x6d, 0x63, 0xbf, 0xff, 0xff, 0x40, 0x00, 0x00, 0x00, 0x00, 0x00, 0x00, 0x00, 0x00, 0x00,
    0x00, 0x00, 0x00, 0x00, 0x00, 0x00, 0x00, 0x00, 0x00, 0x00, 0x00, 0x00, 0x00, 0x00, 0x00, 0x00, 0x00, 0x00, 0x00, 0x00, 0x00, 0x00, 0x00, 0x00,
    0x00, 0x00, 0x00, 0x00, 0x00, 0x00, 0x00, 0x00, 0x00, 0x00, 0x00, 0x00, 0x00, 0x00, 0x00, 0x00, 0x00, 0x00, 0x00, 0x00, 0x00, 0x00, 0x00, 0x00,
    0x00, 0x00, 0x00, 0x00, 0x00, 0x00, 0x00, 0x00, 0x00, 0x00, 0x00, 0x00, 0x00, 0x00, 0x00, 0x00, 0x00, 0x00, 0xb6, 0xb5, 0x40, 0x09, 0x32, 0xbf,
    0xab, 0x42, 0xff, 0x4a, 0x3a, 0xff, 0xe8, 0x29, 0xff, 0x4a, 0x3a, 0xff, 0xab, 0x42, 0xff, 0xab, 0x42, 0xff, 0xeb, 0x4a, 0xff, 0xb1, 0x94, 0xff,
    0x6a, 0x42, 0xff, 0x6d, 0x63, 0xff, 0x19, 0xff, 0xff, 0xf9, 0xfe, 0xff, 0x73, 0xbd, 0xff, 0x36, 0xd6, 0xff, 0x5a, 0xff, 0xff, 0xd4, 0xd5, 0xff,
    0xf4, 0xd5, 0xff, 0xd7, 0xfe, 0xff, 0x11, 0xc5, 0xff, 0x93, 0xcd, 0xff, 0xd4, 0xd5, 0xff, 0xc7, 0x31, 0xff, 0xe8, 0x29, 0xff, 0x29, 0x32, 0xff,
    0x29, 0x32, 0xff, 0x49, 0x32, 0xff, 0x49, 0x32, 0xff, 0x49, 0x32, 0xff, 0x6a, 0x3a, 0xff, 0x09, 0x2a, 0xff, 0x6e, 0x63, 0xbf, 0xff, 0xff, 0x40,
    0x00, 0x00, 0x00, 0x00, 0x00, 0x00, 0x00, 0x00, 0x00, 0x00, 0x00, 0x00, 0x00, 0x00, 0x00, 0x00, 0x00, 0x00, 0x00, 0x00, 0x00, 0x00, 0x00, 0x00,
    0x00, 0x00, 0x00, 0x00, 0x00, 0x00, 0x00, 0x00, 0x00, 0x00, 0x00, 0x00, 0x00, 0x00, 0x00, 0x00, 0x00, 0x00, 0x00, 0x00, 0x00, 0x00, 0x00, 0x00,
    0x00, 0x00, 0x00, 0x00, 0x00, 0x00, 0x00, 0x00, 0x00, 0x00, 0x00, 0x00, 0x00, 0x00, 0x00, 0x00, 0x00, 0x00, 0x00, 0x00, 0x00, 0x00, 0x00, 0x00,
    0x00, 0x00, 0x00, 0x99, 0xce, 0x40, 0x49, 0x3a, 0xbf, 0xab, 0x3a, 0xff, 0x4a, 0x3a, 0xff, 0x08, 0x2a, 0xff, 0x29, 0x32, 0xff, 0xab, 0x42, 0xff,
    0xab, 0x42, 0xff, 0xab, 0x42, 0xff, 0xab, 0x3a, 0xff, 0x6b, 0x32, 0xff, 0x8d, 0x63, 0xff, 0x19, 0xff, 0xff, 0xf8, 0xfe, 0xff, 0x52, 0xbd, 0xff,
    0x36, 0xde, 0xff, 0x39, 0xff, 0xff, 0xd4, 0xd5, 0xff, 0xd4, 0xd5, 0xff, 0x55, 0xee, 0xff, 0xb0, 0xb4, 0xff, 0x92, 0xdd, 0xff, 0x6f, 0xa4, 0xff,
    0x45, 0x11, 0xff, 0xe8, 0x29, 0xff, 0x08, 0x2a, 0xff, 0x29, 0x32, 0xff, 0x29, 0x32, 0xff, 0x29, 0x32, 0xff, 0x29, 0x32, 0xff, 0x49, 0x32, 0xff,
    0xe8, 0x29, 0xef, 0xae, 0x6b, 0x9f, 0xff, 0xff, 0x30, 0x00, 0x00, 0x00, 0x00, 0x00, 0x00, 0x00, 0x00, 0x00, 0x00, 0x00, 0x00, 0x00, 0x00, 0x00,
    0x00, 0x00, 0x00, 0x00, 0x00, 0x00, 0x00, 0x00, 0x00, 0x00, 0x00, 0x00, 0x00, 0x00, 0x00, 0x00, 0x00, 0x00, 0x00, 0x00, 0x00, 0x00, 0x00, 0x00,
    0x00, 0x00, 0x00, 0x00, 0x00, 0x00, 0x00, 0x00, 0x00, 0x00, 0x00, 0x00, 0x00, 0x00, 0x00, 0x00, 0x00, 0x00, 0x00, 0x00, 0x00, 0x00, 0x00, 0x00,
    0x00, 0x00, 0x00, 0x00, 0x00, 0x00, 0x00, 0x00, 0x00, 0x00, 0x00, 0x00, 0xfa, 0xd6, 0x40, 0x6a, 0x3a, 0xbf, 0xab, 0x3a, 0xff, 0x6a, 0x3a, 0xff,
    0x09, 0x32, 0xff, 0x08, 0x2a, 0xff, 0xab, 0x42, 0xff, 0xaa, 0x3a, 0xff, 0xab, 0x42, 0xff, 0xcb, 0x42, 0xff, 0x4a, 0x32, 0xff, 0x0c, 0x5b, 0xff,
    0x55, 0xe6, 0xff, 0xf4, 0xe5, 0xff, 0xd0, 0xb4, 0xff, 0xf4, 0xdd, 0xff, 0x96, 0xee, 0xff, 0x52, 0xc5, 0xff, 0x52, 0xcd, 0xff, 0x93, 0xdd, 0xff,
    0x8f, 0xb4, 0xff, 0xd3, 0xdd, 0xff, 0x08, 0x42, 0xff, 0x86, 0x19, 0xff, 0xe8, 0x29, 0xff, 0x08, 0x32, 0xff, 0x29, 0x32, 0xff, 0x29, 0x32, 0xff,
    0x49, 0x32, 0xff, 0x29, 0x32, 0xff, 0x29, 0x32, 0xff, 0xc8, 0x29, 0xcf, 0x92, 0x84, 0x60, 0xfd, 0xef, 0x10, 0x00, 0x00, 0x00, 0x00, 0x00, 0x00,
    0x00, 0x00, 0x00, 0x00, 0x00, 0x00, 0x00, 0x00, 0x00, 0x00, 0x00, 0x00, 0x00, 0x00, 0x00, 0x00, 0x00, 0x00, 0x00, 0x00, 0x00, 0x00, 0x00, 0x00,
    0x00, 0x00, 0x00, 0x00, 0x00, 0x00, 0x00, 0x00, 0x00, 0x00, 0x00, 0x00, 0x00, 0x00, 0x00, 0x00, 0x00, 0x00, 0x00, 0x00, 0x00, 0x00, 0x00, 0x00,
    0x00, 0x00, 0x00, 0x00, 0x00, 0x00, 0x00, 0x00, 0x00, 0x00, 0x00, 0x00, 0x00, 0x00, 0x00, 0x00, 0x00, 0x00, 0x00, 0x00, 0x00, 0x5c, 0xe7, 0x40,
    0xab, 0x4a, 0xbf, 0x6a, 0x3a, 0xff, 0x6a, 0x3a, 0xff, 0x29, 0x32, 0xff, 0xe8, 0x29, 0xff, 0xab, 0x42, 0xff, 0x6a, 0x3a, 0xff, 0xaa, 0x3a, 0xff,
    0xaa, 0x3a, 0xff, 0x4a, 0x32, 0xff, 0xcb, 0x4a, 0xff, 0xd4, 0xe5, 0xff, 0x72, 0xd5, 0xff, 0x2e, 0xa4, 0xff, 0xb3, 0xdd, 0xff, 0xd3, 0xe5, 0xff,
    0xb0, 0xb4, 0xff, 0xb3, 0xdd, 0xff, 0x52, 0xcd, 0xff, 0x51, 0xcd, 0xff, 0x2b, 0x73, 0xff, 0x45, 0x11, 0xff, 0xe8, 0x29, 0xff, 0xe8, 0x29, 0xff,
    0x29, 0x32, 0xff, 0x29, 0x32, 0xff, 0x49, 0x32, 0xff, 0x49, 0x32, 0xff, 0x29, 0x32, 0xff, 0x49, 0x32, 0xff, 0xe8, 0x29, 0xbf, 0x55, 0xa5, 0x40,
    0x00, 0x00, 0x00, 0x00, 0x00, 0x00, 0x00, 0x00, 0x00, 0x00, 0x00, 0x00, 0x00, 0x00, 0x00, 0x00, 0x00, 0x00, 0x00, 0x00, 0x00, 0x00, 0x00, 0x00,
    0x00, 0x00, 0x00, 0x00, 0x00, 0x00, 0x00, 0x00, 0x00, 0x00, 0x00, 0x00, 0x00, 0x00, 0x00, 0x00, 0x00, 0x00, 0x00, 0x00, 0x00, 0x00, 0x00, 0x00,
    0x00, 0x00, 0x00, 0x00, 0x00, 0x00, 0x00, 0x00, 0x00, 0x00, 0x00, 0x00, 0x00, 0x00, 0x00, 0x00, 0x00, 0x00, 0x00, 0x00, 0x00, 0x00, 0x00, 0x00,
    0x00, 0x00, 0x00, 0x00, 0x00, 0x00, 0x9d, 0xef, 0x40, 0x0c, 0x53, 0xbf, 0x49, 0x3a, 0xff, 0x6a, 0x3a, 0xff, 0x29, 0x32, 0xff, 0xc7, 0x21, 0xff,
    0xaa, 0x3a, 0xff, 0xaa, 0x3a, 0xff, 0xaa, 0x3a, 0xff, 0xaa, 0x42, 0xff, 0x6a, 0x3a, 0xff, 0xaa, 0x42, 0xff, 0x93, 0xdd, 0xff, 0x51, 0xcd, 0xff,
    0xcd, 0x9b, 0xff, 0x93, 0xdd, 0xff, 0x72, 0xd5, 0xff, 0xaf, 0xac, 0xff, 0x35, 0xee, 0xff, 0xed, 0x8b, 0xff, 0xc7, 0x29, 0xff, 0xa7, 0x21, 0xff,
    0xe8, 0x29, 0xff, 0xe8, 0x29, 0xff, 0x08, 0x32, 0xff, 0x29, 0x32, 0xff, 0x49, 0x3a, 0xff, 0x49, 0x32, 0xff, 0x49, 0x32, 0xff, 0x29, 0x32, 0xff,
    0x49, 0x32, 0xff, 0xe8, 0x29, 0xbf, 0x75, 0xa5, 0x40, 0x00, 0x00, 0x00, 0x00, 0x00, 0x00, 0x00, 0x00, 0x00, 0x00, 0x00, 0x00, 0x00, 0x00, 0x00,
    0x00, 0x00, 0x00, 0x00, 0x00, 0x00, 0x00, 0x00, 0x00, 0x00, 0x00, 0x00, 0x00, 0x00, 0x00, 0x00, 0x00, 0x00, 0x00, 0x00, 0x00, 0x00, 0x00, 0x00,
    0x00, 0x00, 0x00, 0x00, 0x00, 0x00, 0x00, 0x00, 0x00, 0x00, 0x00, 0x00, 0x00, 0x00, 0x00, 0x00, 0x00, 0x00, 0x00, 0x00, 0x00, 0x00, 0x00, 0x00,
    0x00, 0x00, 0x00, 0x00, 0x00, 0x00, 0x00, 0x00, 0x00, 0x00, 0x00, 0x00, 0x00, 0x00, 0x00, 0xbd, 0xef, 0x30, 0x4d, 0x5b, 0x9f, 0x49, 0x32, 0xef,
    0xaa, 0x42, 0xff, 0x49, 0x3a, 0xff, 0xe8, 0x29, 0xff, 0x6a, 0x3a, 0xff, 0xab, 0x42, 0xff, 0xab, 0x42, 0xff, 0xab, 0x42, 0xff, 0xab, 0x3a, 0xff,
    0xab, 0x42, 0xff, 0x93, 0xdd, 0xff, 0x52, 0xd5, 0xff, 0xed, 0x9b, 0xff, 0x92, 0xdd, 0xff, 0xf0, 0xbc, 0xff, 0x51, 0xc5, 0xff, 0x72, 0xcd, 0xff,
    0xc7, 0x29, 0xff, 0xa7, 0x19, 0xff, 0xe8, 0x29, 0xff, 0xe8, 0x29, 0xff, 0x08, 0x2a, 0xff, 0x29, 0x32, 0xff, 0x29, 0x32, 0xff, 0x49, 0x3a, 0xff,
    0x49, 0x3a, 0xff, 0x49, 0x32, 0xff, 0x29, 0x32, 0xff, 0x4a, 0x32, 0xff, 0xe8, 0x29, 0xbf, 0x54, 0x9d, 0x40, 0x00, 0x00, 0x00, 0x00, 0x00, 0x00,
    0x00, 0x00, 0x00, 0x00, 0x00, 0x00, 0x00, 0x00, 0x00, 0x00, 0x00, 0x00, 0x00, 0x00, 0x00, 0x00, 0x00, 0x00, 0x00, 0x00, 0x00, 0x00, 0x00, 0x00,
    0x00, 0x00, 0x00, 0x00, 0x00, 0x00, 0x00, 0x00, 0x00, 0x00, 0x00, 0x00, 0x00, 0x00, 0x00, 0x00, 0x00, 0x00, 0x00, 0x00, 0x00, 0x00, 0x00, 0x00,
    0x00, 0x00, 0x00, 0x00, 0x00, 0x00, 0x00, 0x00, 0x00, 0x00, 0x00, 0x00, 0x00, 0x00, 0x00, 0x00, 0x00, 0x00, 0x00, 0x00, 0x00, 0x00, 0x00, 0x00,
    0xff, 0xff, 0x10, 0xf0, 0x73, 0x60, 0x29, 0x32, 0xcf, 0xab, 0x42, 0xff, 0x6a, 0x3a, 0xff, 0xe8, 0x29, 0xff, 0x4a, 0x3a, 0xff, 0xab, 0x42, 0xff,
    0xaa, 0x3a, 0xff, 0xab, 0x42, 0xff, 0xcb, 0x42, 0xff, 0x6b, 0x3a, 0xff, 0xb1, 0xa4, 0xff, 0x90, 0xa4, 0xff, 0xad, 0x8b, 0xff, 0x75, 0xfe, 0xff,
    0xcd, 0x8b, 0xff, 0x28, 0x3a, 0xff, 0xe7, 0x31, 0xff, 0x86, 0x19, 0xff, 0xe8, 0x29, 0xff, 0xc7, 0x21, 0xff, 0xe8, 0x29, 0xff, 0x08, 0x2a, 0xff,
    0x08, 0x32, 0xff, 0x29, 0x32, 0xff, 0x49, 0x32, 0xff, 0x49, 0x32, 0xff, 0x29, 0x32, 0xff, 0x29, 0x32, 0xff, 0x49, 0x32, 0xff, 0xe8, 0x29, 0xbf,
    0x54, 0x9d, 0x40, 0x00, 0x00, 0x00, 0x00, 0x00, 0x00, 0x00, 0x00, 0x00, 0x00, 0x00, 0x00, 0x00, 0x00, 0x00, 0x00, 0x00, 0x00, 0x00, 0x00, 0x00,
    0x00, 0x00, 0x00, 0x00, 0x00, 0x00, 0x00, 0x00, 0x00, 0x00, 0x00, 0x00, 0x00, 0x00, 0x00, 0x00, 0x00, 0x00, 0x00, 0x00, 0x00, 0x00, 0x00, 0x00,
    0x00, 0x00, 0x00, 0x00, 0x00, 0x00, 0x00, 0x00, 0x00, 0x00, 0x00, 0x00, 0x00, 0x00, 0x00, 0x00, 0x00, 0x00, 0x00, 0x00, 0x00, 0x00, 0x00, 0x00,
    0x00, 0x00, 0x00, 0x00, 0x00, 0x00, 0x00, 0x00, 0x00, 0x00, 0x00, 0x00, 0x71, 0x84, 0x40, 0x29, 0x32, 0xbf, 0xab, 0x42, 0xff, 0x6a, 0x3a, 0xff,
    0x09, 0x2a, 0xff, 0x29, 0x32, 0xff, 0xab, 0x42, 0xff, 0x6a, 0x3a, 0xff, 0xab, 0x42, 0xff, 0xab, 0x42, 0xff, 0xab, 0x42, 0xff, 0xab, 0x3a, 0xff,
    0x09, 0x2a, 0xff, 0x29, 0x3a, 0xff, 0xad, 0x7b, 0xff, 0xe7, 0x31, 0xff, 0x46, 0x11, 0xff, 0xa7, 0x21, 0xff, 0xc7, 0x21, 0xff, 0xc7, 0x29, 0xff,
    0xc7, 0x29, 0xff, 0xe8, 0x29, 0xff, 0x08, 0x2a, 0xff, 0x08, 0x32, 0xff, 0x29, 0x32, 0xff, 0x29, 0x32, 0xff, 0x29, 0x32, 0xff, 0x29, 0x32, 0xff,
    0x09, 0x32, 0xff, 0x29, 0x32, 0xff, 0xc8, 0x21, 0xbf, 0x14, 0x95, 0x40, 0x00, 0x00, 0x00, 0x00, 0x00, 0x00, 0x00, 0x00, 0x00, 0x00, 0x00, 0x00,
    0x00, 0x00, 0x00, 0x00, 0x00, 0x00, 0x00, 0x00, 0x00, 0x00, 0x00, 0x00, 0x00, 0x00, 0x00, 0x00, 0x00, 0x00, 0x00, 0x00, 0x00, 0x00, 0x00, 0x00,
    0x00, 0x00, 0x00, 0x00, 0x00, 0x00, 0x00, 0x00, 0x00, 0x00, 0x00, 0x00, 0x00, 0x00, 0x00, 0x00, 0x00, 0x00, 0x00, 0x00, 0x00, 0x00, 0x00, 0x00,
    0x00, 0x00, 0x00, 0x00, 0x00, 0x00, 0x00, 0x00, 0x00, 0x00, 0x00, 0x00, 0x00, 0x00, 0x00, 0x00, 0x00, 0x00, 0x00, 0x00, 0x00, 0x14, 0x9d, 0x40,
    0x29, 0x32, 0xbf, 0xcb, 0x42, 0xff, 0x6a, 0x3a, 0xff, 0x29, 0x32, 0xff, 0xe8, 0x29, 0xff, 0xab, 0x42, 0xff, 0x6a, 0x3a, 0xff, 0xaa, 0x42, 0xff,
    0xab, 0x42, 0xff, 0xab, 0x42, 0xff, 0xab, 0x42, 0xff, 0xab, 0x42, 0xff, 0x29, 0x32, 0xff, 0x87, 0x19, 0xff, 0xc7, 0x21, 0xff, 0xe8, 0x29, 0xff,
    0xc7, 0x29, 0xff, 0xc7, 0x29, 0xff, 0xc7, 0x29, 0xff, 0xc7, 0x29, 0xff, 0xe8, 0x29, 0xff, 0x08, 0x32, 0xff, 0x08, 0x32, 0xff, 0x29, 0x32, 0xff,
    0x29, 0x32, 0xff, 0x29, 0x32, 0xff, 0x29, 0x32, 0xff, 0x08, 0x2a, 0xff, 0x08, 0x32, 0xff, 0x87, 0x19, 0xbf, 0xd3, 0x94, 0x40, 0x00, 0x00, 0x00,
    0x00, 0x00, 0x00, 0x00, 0x00, 0x00, 0x00, 0x00, 0x00, 0x00, 0x00, 0x00, 0x00, 0x00, 0x00, 0x00, 0x00, 0x00, 0x00, 0x00, 0x00, 0x00, 0x00, 0x00,
    0x00, 0x00, 0x00, 0x00, 0x00, 0x00, 0x00, 0x00, 0x00, 0x00, 0x00, 0x00, 0x00, 0x00, 0x00, 0x00, 0x00, 0x00, 0x00, 0x00, 0x00, 0x00, 0x00, 0x00,
    0x00, 0x00, 0x00, 0x00, 0x00, 0x00, 0x00, 0x00, 0x00, 0x00, 0x00, 0x00, 0x00, 0x00, 0x00, 0x00, 0x00, 0x00, 0x00, 0x00, 0x00, 0x00, 0x00, 0x00,
    0x00, 0x00, 0x00, 0x00, 0x00, 0x00, 0x95, 0xad, 0x40, 0x29, 0x32, 0xbf, 0xab, 0x42, 0xff, 0x6a, 0x3a, 0xff, 0x29, 0x32, 0xff, 0xc7, 0x21, 0xff,
    0xaa, 0x3a, 0xff, 0x6a, 0x3a, 0xff, 0xaa, 0x3a, 0xff, 0xaa, 0x42, 0xff, 0xab, 0x42, 0xff, 0xab, 0x42, 0xff, 0xaa, 0x3a, 0xff, 0x49, 0x32, 0xff,
    0x29, 0x32, 0xff, 0x08, 0x2a, 0xff, 0xe8, 0x29, 0xff, 0xe8, 0x29, 0xff, 0xe8, 0x29, 0xff, 0xe8, 0x29, 0xff, 0xe8, 0x29, 0xff, 0x08, 0x32, 0xff,
    0x08, 0x32, 0xff, 0x29, 0x32, 0xff, 0x29, 0x32, 0xff, 0x49, 0x32, 0xff, 0x29, 0x32, 0xff, 0x29, 0x32, 0xff, 0x08, 0x2a, 0xff, 0x08, 0x2a, 0xff,
    0x87, 0x19, 0xbf, 0xf3, 0x94, 0x40, 0x00, 0x00, 0x00, 0x00, 0x00, 0x00, 0x00, 0x00, 0x00, 0x00, 0x00, 0x00, 0x00, 0x00, 0x00, 0x00, 0x00, 0x00,
    0x00, 0x00, 0x00, 0x00, 0x00, 0x00, 0x00, 0x00, 0x00, 0x00, 0x00, 0x00, 0x00, 0x00, 0x00, 0x00, 0x00, 0x00, 0x00, 0x00, 0x00, 0x00, 0x00, 0x00,
    0x00, 0x00, 0x00, 0x00, 0x00, 0x00, 0x00, 0x00, 0x00, 0x00, 0x00, 0x00, 0x00, 0x00, 0x00, 0x00, 0x00, 0x00, 0x00, 0x00, 0x00, 0x00, 0x00, 0x00,
    0x00, 0x00, 0x00, 0x00, 0x00, 0x00, 0x00, 0x00, 0x00, 0x00, 0x00, 0x00, 0x00, 0x00, 0x00, 0x58, 0xc6, 0x40, 0x29, 0x32, 0xbf, 0xaa, 0x42, 0xff,
    0x6a, 0x3a, 0xff, 0x49, 0x32, 0xff, 0xc7, 0x21, 0xff, 0x6a, 0x3a, 0xff, 0xaa, 0x3a, 0xff, 0x6a, 0x3a, 0xff, 0xaa, 0x42, 0xff, 0xab, 0x42, 0xff,
    0xab, 0x42, 0xff, 0xab, 0x42, 0xff, 0x6a, 0x3a, 0xff, 0x29, 0x32, 0xff, 0x29, 0x32, 0xff, 0x09, 0x32, 0xff, 0x08, 0x32, 0xff, 0x09, 0x32, 0xff,
    0x29, 0x32, 0xff, 0x29, 0x32, 0xff, 0x29, 0x32, 0xff, 0x49, 0x32, 0xff, 0x49, 0x3a, 0xff, 0x49, 0x3a, 0xff, 0x49, 0x32, 0xff, 0x49, 0x32, 0xff,
    0x29, 0x32, 0xff, 0x08, 0x32, 0xff, 0x08, 0x32, 0xff, 0xa7, 0x19, 0xbf, 0x54, 0x9d, 0x40, 0x00, 0x00, 0x00, 0x00, 0x00, 0x00, 0x00, 0x00, 0x00,
    0x00, 0x00, 0x00, 0x00, 0x00, 0x00, 0x00, 0x00, 0x00, 0x00, 0x00, 0x00, 0x00, 0x00, 0x00, 0x00, 0x00, 0x00, 0x00, 0x00, 0x00, 0x00, 0x00, 0x00,
    0x00, 0x00, 0x00, 0x00, 0x00, 0x00, 0x00, 0x00, 0x00, 0x00, 0x00, 0x00, 0x00, 0x00, 0x00, 0x00, 0x00, 0x00, 0x00, 0x00, 0x00, 0x00, 0x00, 0x00,
    0x00, 0x00, 0x00, 0x00, 0x00, 0x00, 0x00, 0x00, 0x00, 0x00, 0x00, 0x00, 0x00, 0x00, 0x00, 0x00, 0x00, 0x00, 0x00, 0x00, 0x00, 0x00, 0x00, 0x00,
    0xb9, 0xce, 0x40, 0x29, 0x3a, 0xbf, 0x6a, 0x3a, 0xff, 0x6a, 0x3a, 0xff, 0x49, 0x32, 0xff, 0xe8, 0x29, 0xff, 0x49, 0x32, 0xff, 0xab, 0x42, 0xff,
    0xaa, 0x3a, 0xff, 0xab, 0x42, 0xff, 0xab, 0x42, 0xff, 0xab, 0x42, 0xff, 0xab, 0x42, 0xff, 0xaa, 0x42, 0xff, 0x6a, 0x3a, 0xff, 0x49, 0x32, 0xff,
    0x49, 0x32, 0xff, 0x49, 0x32, 0xff, 0x49, 0x3a, 0xff, 0x49, 0x3a, 0xff, 0x49, 0x32, 0xff, 0x49, 0x3a, 0xff, 0x6a, 0x3a, 0xff, 0x6a, 0x3a, 0xff,
    0x4a, 0x3a, 0xff, 0x49, 0x3a, 0xff, 0x49, 0x32, 0xff, 0x29, 0x32, 0xff, 0x08, 0x32, 0xff, 0x08, 0x32, 0xff, 0xa7, 0x21, 0xbf, 0x75, 0xa5, 0x40,
    0x00, 0x00, 0x00, 0x00, 0x00, 0x00, 0x00, 0x00, 0x00, 0x00, 0x00, 0x00, 0x00, 0x00, 0x00, 0x00, 0x00, 0x00, 0x00, 0x00, 0x00, 0x00, 0x00, 0x00,
    0x00, 0x00, 0x00, 0x00, 0x00, 0x00, 0x00, 0x00, 0x00, 0x00, 0x00, 0x00, 0x00, 0x00, 0x00, 0x00, 0x00, 0x00, 0x00, 0x00, 0x00, 0x00, 0x00, 0x00,
    0x00, 0x00, 0x00, 0x00, 0x00, 0x00, 0x00, 0x00, 0x00, 0x00, 0x00, 0x00, 0x00, 0x00, 0x00, 0x00, 0x00, 0x00, 0x00, 0x00, 0x00, 0x00, 0x00, 0x00,
    0x00, 0x00, 0x00, 0x00, 0x00, 0x00, 0x00, 0x00, 0x00, 0x3c, 0xe7, 0x40, 0xab, 0x42, 0xbf, 0xaa, 0x3a, 0xff, 0xaa, 0x3a, 0xff, 0x6a, 0x3a, 0xff,
    0x08, 0x2a, 0xff, 0x29, 0x32, 0xff, 0xcb, 0x42, 0xff, 0xaa, 0x42, 0xff, 0xab, 0x42, 0xff, 0xab, 0x42, 0xff, 0xab, 0x42, 0xff, 0xab, 0x42, 0xff,
    0xab, 0x42, 0xff, 0xaa, 0x42, 0xff, 0xaa, 0x3a, 0xff, 0x6a, 0x3a, 0xff, 0x6a, 0x3a, 0xff, 0x6a, 0x3a, 0xff, 0x6a, 0x3a, 0xff, 0x6a, 0x3a, 0xff,
    0x6a, 0x3a, 0xff, 0xaa, 0x42, 0xff, 0x6a, 0x3a, 0xff, 0x6a, 0x3a, 0xff, 0x6a, 0x3a, 0xff, 0x49, 0x3a, 0xff, 0x29, 0x32, 0xff, 0x29, 0x32, 0xff,
    0x29, 0x32, 0xff, 0xc8, 0x21, 0xbf, 0x95, 0xad, 0x40, 0x00, 0x00, 0x00, 0x00, 0x00, 0x00, 0x00, 0x00, 0x00, 0x00, 0x00, 0x00, 0x00, 0x00, 0x00,
    0x00, 0x00, 0x00, 0x00, 0x00, 0x00, 0x00, 0x00, 0x00, 0x00, 0x00, 0x00, 0x00, 0x00, 0x00, 0x00, 0x00, 0x00, 0x00, 0x00, 0x00, 0x00, 0x00, 0x00,
    0x00, 0x00, 0x00, 0x00, 0x00, 0x00, 0x00, 0x00, 0x00, 0x00, 0x00, 0x00, 0x00, 0x00, 0x00, 0x00, 0x00, 0x00, 0x00, 0x00, 0x00, 0x00, 0x00, 0x00,
    0x00, 0x00, 0x00, 0x00, 0x00, 0x00, 0x00, 0x00, 0x00, 0x00, 0x00, 0x00, 0x00, 0x00, 0x00, 0x00, 0x00, 0x00, 0x7d, 0xef, 0x40, 0xec, 0x52, 0xbf,
    0x6a, 0x3a, 0xff, 0xab, 0x42, 0xff, 0xaa, 0x3a, 0xff, 0x29, 0x32, 0xff, 0x09, 0x32, 0xff, 0xcb, 0x42, 0xff, 0xaa, 0x42, 0xff, 0xab, 0x42, 0xff,
    0xab, 0x42, 0xff, 0xab, 0x42, 0xff, 0xab, 0x42, 0xff, 0xab, 0x42, 0xff, 0xab, 0x42, 0xff, 0xab, 0x42, 0xff, 0xaa, 0x42, 0xff, 0xaa, 0x42, 0xff,
    0xaa, 0x42, 0xff, 0xab, 0x42, 0xff, 0xaa, 0x42, 0xff, 0xaa, 0x42, 0xff, 0xaa, 0x42, 0xff, 0xaa, 0x42, 0xff, 0x6a, 0x3a, 0xff, 0x6a, 0x3a, 0xff,
    0x49, 0x3a, 0xff, 0x49, 0x32, 0xff, 0x29, 0x32, 0xff, 0x29, 0x32, 0xff, 0xc8, 0x21, 0xbf, 0xb5, 0xad, 0x40, 0x00, 0x00, 0x00, 0x00, 0x00, 0x00,
    0x00, 0x00, 0x00, 0x00, 0x00, 0x00, 0x00, 0x00, 0x00, 0x00, 0x00, 0x00, 0x00, 0x00, 0x00, 0x00, 0x00, 0x00, 0x00, 0x00, 0x00, 0x00, 0x00, 0x00,
    0x00, 0x00, 0x00, 0x00, 0x00, 0x00, 0x00, 0x00, 0x00, 0x00, 0x00, 0x00, 0x00, 0x00, 0x00, 0x00, 0x00, 0x00, 0x00, 0x00, 0x00, 0x00, 0x00, 0x00,
    0x00, 0x00, 0x00, 0x00, 0x00, 0x00, 0x00, 0x00, 0x00, 0x00, 0x00, 0x00, 0x00, 0x00, 0x00, 0x00, 0x00, 0x00, 0x00, 0x00, 0x00, 0x00, 0x00, 0x00,
    0x00, 0x00, 0x00, 0xff, 0xff, 0x40, 0x8e, 0x63, 0xbf, 0x4a, 0x32, 0xff, 0xab, 0x42, 0xff, 0x6a, 0x3a, 0xff, 0x49, 0x32, 0xff, 0x08, 0x2a, 0xff,
    0xab, 0x42, 0xff, 0xab, 0x42, 0xff, 0xab, 0x42, 0xff, 0xab, 0x42, 0xff, 0xab, 0x42, 0xff, 0xab, 0x42, 0xff, 0xab, 0x42, 0xff, 0xab, 0x42, 0xff,
    0xab, 0x42, 0xff, 0xab, 0x42, 0xff, 0xab, 0x42, 0xff, 0xab, 0x42, 0xff, 0xab, 0x42, 0xff, 0xab, 0x42, 0xff, 0xaa, 0x42, 0xff, 0xaa, 0x42, 0xff,
    0xaa, 0x42, 0xff, 0x6a, 0x3a, 0xff, 0x6a, 0x3a, 0xff, 0x6a, 0x3a, 0xff, 0x49, 0x32, 0xff, 0x29, 0x32, 0xff, 0x49, 0x32, 0xff, 0xc8, 0x21, 0xbf,
    0xb5, 0xad, 0x40, 0x00, 0x00, 0x00, 0x00, 0x00, 0x00, 0x00, 0x00, 0x00, 0x00, 0x00, 0x00, 0x00, 0x00, 0x00, 0x00, 0x00, 0x00, 0x00, 0x00, 0x00,
    0x00, 0x00, 0x00, 0x00, 0x00, 0x00, 0x00, 0x00, 0x00, 0x00, 0x00, 0x00, 0x00, 0x00, 0x00, 0x00, 0x00, 0x00, 0x00, 0x00, 0x00, 0x00, 0x00, 0x00,
    0x00, 0x00, 0x00, 0x00, 0x00, 0x00, 0x00, 0x00, 0x00, 0x00, 0x00, 0x00, 0x00, 0x00, 0x00, 0x00, 0x00, 0x00, 0x00, 0x00, 0x00, 0x00, 0x00, 0x00,
    0x00, 0x00, 0x00, 0x00, 0x00, 0x00, 0x00, 0x00, 0x00, 0x00, 0x00, 0x00, 0xff, 0xff, 0x40, 0x10, 0x74, 0xbf, 0x29, 0x32, 0xff, 0xab, 0x42, 0xff,
    0x6a, 0x3a, 0xff, 0x49, 0x3a, 0xff, 0xe8, 0x29, 0xff, 0xab, 0x42, 0xff, 0xab, 0x42, 0xff, 0xab, 0x42, 0xff, 0xab, 0x42, 0xff, 0xab, 0x42, 0xff,
    0xab, 0x42, 0xff, 0xab, 0x42, 0xff, 0xab, 0x42, 0xff, 0xab, 0x42, 0xff, 0xab, 0x42, 0xff, 0xab, 0x42, 0xff, 0xab, 0x42, 0xff, 0xab, 0x42, 0xff,
    0xab, 0x42, 0xff, 0xaa, 0x42, 0xff, 0xab, 0x42, 0xff, 0xaa, 0x42, 0xff, 0x6a, 0x3a, 0xff, 0x6a, 0x3a, 0xff, 0x6a, 0x3a, 0xff, 0x49, 0x32, 0xff,
    0x29, 0x32, 0xff, 0x49, 0x32, 0xff, 0xc8, 0x21, 0xbf, 0xb5, 0xad, 0x40, 0x00, 0x00, 0x00, 0x00, 0x00, 0x00, 0x00, 0x00, 0x00, 0x00, 0x00, 0x00,
    0x00, 0x00, 0x00, 0x00, 0x00, 0x00, 0x00, 0x00, 0x00, 0x00, 0x00, 0x00, 0x00, 0x00, 0x00, 0x00, 0x00, 0x00, 0x00, 0x00, 0x00, 0x00, 0x00, 0x00,
    0x00, 0x00, 0x00, 0x00, 0x00, 0x00, 0x00, 0x00, 0x00, 0x00, 0x00, 0x00, 0x00, 0x00, 0x00, 0x00, 0x00, 0x00, 0x00, 0x00, 0x00, 0x00, 0x00, 0x00,
    0x00, 0x00, 0x00, 0x00, 0x00, 0x00, 0x00, 0x00, 0x00, 0x00, 0x00, 0x00, 0x00, 0x00, 0x00, 0x00, 0x00, 0x00, 0x00, 0x00, 0x00, 0xff, 0xff, 0x40,
    0xb2, 0x8c, 0xbf, 0xe8, 0x29, 0xff, 0xab, 0x42, 0xff, 0xaa, 0x3a, 0xff, 0x6a, 0x3a, 0xff, 0x08, 0x2a, 0xff, 0xaa, 0x3a, 0xff, 0xcb, 0x42, 0xff,
    0xab, 0x42, 0xff, 0xab, 0x42, 0xff, 0xab, 0x42, 0xff, 0xab, 0x42, 0xff, 0xab, 0x42, 0xff, 0xab, 0x42, 0xff, 0xab, 0x42, 0xff, 0xab, 0x42, 0xff,
    0xab, 0x42, 0xff, 0xab, 0x42, 0xff, 0xab, 0x42, 0xff, 0xab, 0x42, 0xff, 0xaa, 0x42, 0xff, 0xab, 0x42, 0xff, 0xaa, 0x3a, 0xff, 0x6a, 0x3a, 0xff,
    0x6a, 0x3a, 0xff, 0x69, 0x3a, 0xff, 0x49, 0x32, 0xff, 0x29, 0x32, 0xff, 0x49, 0x32, 0xff, 0xc8, 0x21, 0xbf, 0xd6, 0xb5, 0x40, 0x00, 0x00, 0x00,
    0x00, 0x00, 0x00, 0x00, 0x00, 0x00, 0x00, 0x00, 0x00, 0x00, 0x00, 0x00, 0x00, 0x00, 0x00, 0x00, 0x00, 0x00, 0x00, 0x00, 0x00, 0x00, 0x00, 0x00,
    0x00, 0x00, 0x00, 0x00, 0x00, 0x00, 0x00, 0x00, 0x00, 0x00, 0x00, 0x00, 0x00, 0x00, 0x00, 0x00, 0x00, 0x00, 0x00, 0x00, 0x00, 0x00, 0x00, 0x00,
    0x00, 0x00, 0x00, 0x00, 0x00, 0x00, 0x00, 0x00, 0x00, 0x00, 0x00, 0x00, 0x00, 0x00, 0x00, 0x00, 0x00, 0x00, 0x00, 0x00, 0x00, 0x00, 0x00, 0x00,
    0x00, 0x00, 0x00, 0x00, 0x00, 0x00, 0xff, 0xff, 0x30, 0x54, 0x9d, 0x9f, 0x08, 0x2a, 0xef, 0xab, 0x42, 0xff, 0xaa, 0x3a, 0xff, 0x6a, 0x3a, 0xff,
    0x09, 0x32, 0xff, 0x4a, 0x3a, 0xff, 0xcb, 0x4a, 0xff, 0xab, 0x42, 0xff, 0xab, 0x42, 0xff, 0xab, 0x42, 0xff, 0xab, 0x42, 0xff, 0xab, 0x42, 0xff,
    0xab, 0x42, 0xff, 0xab, 0x42, 0xff, 0xab, 0x42, 0xff, 0xab, 0x42, 0xff, 0xab, 0x42, 0xff, 0xab, 0x42, 0xff, 0xab, 0x42, 0xff, 0x6a, 0x3a, 0xff,
    0xab, 0x42, 0xff, 0xaa, 0x3a, 0xff, 0x6a, 0x3a, 0xff, 0x6a, 0x3a, 0xff, 0x6a, 0x3a, 0xff, 0x49, 0x32, 0xff, 0x29, 0x32, 0xff, 0x49, 0x32, 0xff,
    0xe8, 0x29, 0xbf, 0xf6, 0xb5, 0x40, 0x00, 0x00, 0x00, 0x00, 0x00, 0x00, 0x00, 0x00, 0x00, 0x00, 0x00, 0x00, 0x00, 0x00, 0x00, 0x00, 0x00, 0x00,
    0x00, 0x00, 0x00, 0x00, 0x00, 0x00, 0x00, 0x00, 0x00, 0x00, 0x00, 0x00, 0x00, 0x00, 0x00, 0x00, 0x00, 0x00, 0x00, 0x00, 0x00, 0x00, 0x00, 0x00,
    0x00, 0x00, 0x00, 0x00, 0x00, 0x00, 0x00, 0x00, 0x00, 0x00, 0x00, 0x00, 0x00, 0x00, 0x00, 0x00, 0x00, 0x00, 0x00, 0x00, 0x00, 0x00, 0x00, 0x00,
    0x00, 0x00, 0x00, 0x00, 0x00, 0x00, 0x00, 0x00, 0x00, 0x00, 0x00, 0x00, 0x00, 0x00, 0x00, 0xff, 0xff, 0x10, 0x17, 0xbe, 0x60, 0x29, 0x32, 0xcf,
    0xab, 0x42, 0xff, 0xaa, 0x3a, 0xff, 0x6a, 0x3a, 0xff, 0x29, 0x32, 0xff, 0x29, 0x32, 0xff, 0xcb, 0x42, 0xff, 0xaa, 0x42, 0xff, 0xab, 0x42, 0xff,
    0xab, 0x42, 0xff, 0xab, 0x42, 0xff, 0xab, 0x42, 0xff, 0xab, 0x42, 0xff, 0xab, 0x42, 0xff, 0xab, 0x42, 0xff, 0xab, 0x42, 0xff, 0xab, 0x42, 0xff,
    0xab, 0x42, 0xff, 0xab, 0x42, 0xff, 0x6a, 0x3a, 0xff, 0xab, 0x42, 0xff, 0xaa, 0x42, 0xff, 0x6a, 0x3a, 0xff, 0x6a, 0x3a, 0xff, 0x4a, 0x3a, 0xff,
    0x49, 0x3a, 0xff, 0x29, 0x32, 0xff, 0x49, 0x32, 0xff, 0xe8, 0x29, 0xbf, 0x17, 0xbe, 0x40, 0x00, 0x00, 0x00, 0x00, 0x00, 0x00, 0x00, 0x00, 0x00,
    0x00, 0x00, 0x00, 0x00, 0x00, 0x00, 0x00, 0x00, 0x00, 0x00, 0x00, 0x00, 0x00, 0x00, 0x00, 0x00, 0x00, 0x00, 0x00, 0x00, 0x00, 0x00, 0x00, 0x00,
    0x00, 0x00, 0x00, 0x00, 0x00, 0x00, 0x00, 0x00, 0x00, 0x00, 0x00, 0x00, 0x00, 0x00, 0x00, 0x00, 0x00, 0x00, 0x00, 0x00, 0x00, 0x00, 0x00, 0x00,
    0x00, 0x00, 0x00, 0x00, 0x00, 0x00, 0x00, 0x00, 0x00, 0x00, 0x00, 0x00, 0x00, 0x00, 0x00, 0x00, 0x00, 0x00, 0x00, 0x00, 0x00, 0x00, 0x00, 0x00,
    0x00, 0x00, 0x00, 0x99, 0xce, 0x40, 0x49, 0x3a, 0xbf, 0xab, 0x42, 0xff, 0xaa, 0x3a, 0xff, 0x6a, 0x3a, 0xff, 0x29, 0x32, 0xff, 0x08, 0x2a, 0xff,
    0xab, 0x42, 0xff, 0xaa, 0x42, 0xff, 0xaa, 0x42, 0xff, 0xab, 0x42, 0xff, 0xaa, 0x42, 0xff, 0xaa, 0x42, 0xff, 0xab, 0x42, 0xff, 0xab, 0x42, 0xff,
    0xab, 0x42, 0xff, 0xab, 0x42, 0xff, 0xab, 0x42, 0xff, 0xab, 0x42, 0xff, 0xab, 0x42, 0xff, 0xaa, 0x42, 0xff, 0xab, 0x42, 0xff, 0xab, 0x42, 0xff,
    0x6a, 0x3a, 0xff, 0x6a, 0x3a, 0xff, 0x6a, 0x3a, 0xff, 0x49, 0x3a, 0xff, 0x29, 0x32, 0xff, 0x29, 0x32, 0xff, 0xe8, 0x29, 0xbf, 0x37, 0xbe, 0x40,
    0x00, 0x00, 0x00, 0x00, 0x00, 0x00, 0x00, 0x00, 0x00, 0x00, 0x00, 0x00, 0x00, 0x00, 0x00, 0x00, 0x00, 0x00, 0x00, 0x00, 0x00, 0x00, 0x00, 0x00,
    0x00, 0x00, 0x00, 0x00, 0x00, 0x00, 0x00, 0x00, 0x00, 0x00, 0x00, 0x00, 0x00, 0x00, 0x00, 0x00, 0x00, 0x00, 0x00, 0x00, 0x00, 0x00, 0x00, 0x00,
    0x00, 0x00, 0x00, 0x00, 0x00, 0x00, 0x00, 0x00, 0x00, 0x00, 0x00, 0x00, 0x00, 0x00, 0x00, 0x00, 0x00, 0x00, 0x00, 0x00, 0x00, 0x00, 0x00, 0x00,
    0x00, 0x00, 0x00, 0x00, 0x00, 0x00, 0x00, 0x00, 0x00, 0x00, 0x00, 0x00, 0x5c, 0xe7, 0x40, 0xab, 0x42, 0xbf, 0xaa, 0x3a, 0xff, 0xaa, 0x42, 0xff,
    0x6a, 0x3a, 0xff, 0x49, 0x32, 0xff, 0xe8, 0x29, 0xff, 0xaa, 0x3a, 0xff, 0xaa, 0x42, 0xff, 0xaa, 0x42, 0xff, 0xaa, 0x42, 0xff, 0xaa, 0x42, 0xff,
    0xaa, 0x42, 0xff, 0xaa, 0x42, 0xff, 0xab, 0x42, 0xff, 0xab, 0x42, 0xff, 0xab, 0x42, 0xff, 0xab, 0x42, 0xff, 0xab, 0x42, 0xff, 0xab, 0x42, 0xff,
    0x6a, 0x3a, 0xff, 0xab, 0x42, 0xff, 0xab, 0x42, 0xff, 0xaa, 0x42, 0xff, 0x6a, 0x3a, 0xff, 0x6a, 0x3a, 0xff, 0x49, 0x3a, 0xff, 0x29, 0x32, 0xff,
    0x29, 0x32, 0xff, 0xe8, 0x29, 0xbf, 0x57, 0xbe, 0x40, 0x00, 0x00, 0x00, 0x00, 0x00, 0x00, 0x00, 0x00, 0x00, 0x00, 0x00, 0x00, 0x00, 0x00, 0x00,
    0x00, 0x00, 0x00, 0x00, 0x00, 0x00, 0x00, 0x00, 0x00, 0x00, 0x00, 0x00, 0x00, 0x00, 0x00, 0x00, 0x00, 0x00, 0x00, 0x00, 0x00, 0x00, 0x00, 0x00,
    0x00, 0x00, 0x00, 0x00, 0x00, 0x00, 0x00, 0x00, 0x00, 0x00, 0x00, 0x00, 0x00, 0x00, 0x00, 0x00, 0x00, 0x00, 0x00, 0x00, 0x00, 0x00, 0x00, 0x00,
    0x00, 0x00, 0x00, 0x00, 0x00, 0x00, 0x00, 0x00, 0x00, 0x00, 0x00, 0x00, 0x00, 0x00, 0x00, 0x00, 0x00, 0x00, 0x00, 0x00, 0x00, 0x7d, 0xef, 0x40,
    0xcb, 0x4a, 0xbf, 0x6a, 0x3a, 0xff, 0xaa, 0x42, 0xff, 0x6a, 0x3a, 0xff, 0x49, 0x3a, 0xff, 0xe8, 0x29, 0xff, 0x6a, 0x3a, 0xff, 0xab, 0x42, 0xff,
    0xaa, 0x3a, 0xff, 0xab, 0x42, 0xff, 0xab, 0x42, 0xff, 0xaa, 0x42, 0xff, 0xaa, 0x42, 0xff, 0xab, 0x42, 0xff, 0xab, 0x42, 0xff, 0xab, 0x42, 0xff,
    0xab, 0x42, 0xff, 0xab, 0x42, 0xff, 0xab, 0x42, 0xff, 0x6a, 0x3a, 0xff, 0xaa, 0x42, 0xff, 0xab, 0x42, 0xff, 0xaa, 0x42, 0xff, 0x6a, 0x3a, 0xff,
    0x4a, 0x3a, 0xff, 0x49, 0x3a, 0xff, 0x29, 0x32, 0xff, 0x29, 0x32, 0xff, 0xe8, 0x29, 0xbf, 0x58, 0xc6, 0x40, 0x00, 0x00, 0x00, 0x00, 0x00, 0x00,
    0x00, 0x00, 0x00, 0x00, 0x00, 0x00, 0x00, 0x00, 0x00, 0x00, 0x00, 0x00, 0x00, 0x00, 0x00, 0x00, 0x00, 0x00, 0x00, 0x00, 0x00, 0x00, 0x00, 0x00,
    0x00, 0x00, 0x00, 0x00, 0x00, 0x00, 0x00, 0x00, 0x00, 0x00, 0x00, 0x00, 0x00, 0x00, 0x00, 0x00, 0x00, 0x00, 0x00, 0x00, 0x00, 0x00, 0x00, 0x00,
    0x00, 0x00, 0x00, 0x00, 0x00, 0x00, 0x00, 0x00, 0x00, 0x00, 0x00, 0x00, 0x00, 0x00, 0x00, 0x00, 0x00, 0x00, 0x00, 0x00, 0x00, 0x00, 0x00, 0x00,
    0x00, 0x00, 0x00, 0x00, 0x00, 0x00, 0xfd, 0xef, 0x40, 0x6e, 0x63, 0xbf, 0x29, 0x32, 0xff, 0xaa, 0x42, 0xff, 0x6a, 0x3a, 0xff, 0x49, 0x3a, 0xff,
    0x08, 0x2a, 0xff, 0x29, 0x32, 0xff, 0xab, 0x42, 0xff, 0xaa, 0x42, 0xff, 0xab, 0x42, 0xff, 0xab, 0x42, 0xff, 0xab, 0x42, 0xff, 0xab, 0x42, 0xff,
    0xab, 0x42, 0xff, 0xab, 0x42, 0xff, 0xab, 0x42, 0xff, 0xab, 0x42, 0xff, 0xab, 0x42, 0xff, 0xab, 0x42, 0xff, 0xaa, 0x3a, 0xff, 0xaa, 0x3a, 0xff,
    0xaa, 0x42, 0xff, 0xaa, 0x42, 0xff, 0x6a, 0x3a, 0xff, 0x49, 0x3a, 0xff, 0x49, 0x32, 0xff, 0x29, 0x32, 0xff, 0x09, 0x32, 0xff, 0xe8, 0x29, 0xbf,
    0x78, 0xc6, 0x40, 0x00, 0x00, 0x00, 0x00, 0x00, 0x00, 0x00, 0x00, 0x00, 0x00, 0x00, 0x00, 0x00, 0x00, 0x00, 0x00, 0x00, 0x00, 0x00, 0x00, 0x00,
    0x00, 0x00, 0x00, 0x00, 0x00, 0x00, 0x00, 0x00, 0x00, 0x00, 0x00, 0x00, 0x00, 0x00, 0x00, 0x00, 0x00, 0x00, 0x00, 0x00, 0x00, 0x00, 0x00, 0x00,
    0x00, 0x00, 0x00, 0x00, 0x00, 0x00, 0x00, 0x00, 0x00, 0x00, 0x00, 0x00, 0x00, 0x00, 0x00, 0x00, 0x00, 0x00, 0x00, 0x00, 0x00, 0x00, 0x00, 0x00,
    0x00, 0x00, 0x00, 0x00, 0x00, 0x00, 0x00, 0x00, 0x00, 0x00, 0x00, 0x00, 0x00, 0x00, 0x00, 0xff, 0xff, 0x40, 0xf0, 0x73, 0xbf, 0x09, 0x2a, 0xff,
    0xaa, 0x3a, 0xff, 0x6a, 0x3a, 0xff, 0x49, 0x3a, 0xff, 0x09, 0x32, 0xff, 0x09, 0x32, 0xff, 0xab, 0x42, 0xff, 0xaa, 0x42, 0xff, 0xab, 0x42, 0xff,
    0xab, 0x42, 0xff, 0xab, 0x42, 0xff, 0xab, 0x42, 0xff, 0xab, 0x42, 0xff, 0xab, 0x42, 0xff, 0xab, 0x42, 0xff, 0xab, 0x42, 0xff, 0xab, 0x42, 0xff,
    0xab, 0x42, 0xff, 0xaa, 0x3a, 0xff, 0x6a, 0x3a, 0xff, 0xaa, 0x3a, 0xff, 0x6a, 0x3a, 0xff, 0xaa, 0x3a, 0xff, 0x49, 0x3a, 0xff, 0x29, 0x32, 0xff,
    0x08, 0x32, 0xff, 0x08, 0x2a, 0xff, 0xc8, 0x21, 0xbf, 0x58, 0xc6, 0x40, 0x00, 0x00, 0x00, 0x00, 0x00, 0x00, 0x00, 0x00, 0x00, 0x00, 0x00, 0x00,
    0x00, 0x00, 0x00, 0x00, 0x00, 0x00, 0x00, 0x00, 0x00, 0x00, 0x00, 0x00, 0x00, 0x00, 0x00, 0x00, 0x00, 0x00, 0x00, 0x00, 0x00, 0x00, 0x00, 0x00,
    0x00, 0x00, 0x00, 0x00, 0x00, 0x00, 0x00, 0x00, 0x00, 0x00, 0x00, 0x00, 0x00, 0x00, 0x00, 0x00, 0x00, 0x00, 0x00, 0x00, 0x00, 0x00, 0x00, 0x00,
    0x00, 0x00, 0x00, 0x00, 0x00, 0x00, 0x00, 0x00, 0x00, 0x00, 0x00, 0x00, 0x00, 0x00, 0x00, 0x00, 0x00, 0x00, 0x00, 0x00, 0x00, 0x00, 0x00, 0x00,
    0xff, 0xff, 0x30, 0x71, 0x84, 0x9f, 0xe8, 0x29, 0xef, 0xaa, 0x3a, 0xff, 0x6a, 0x3a, 0xff, 0x4a, 0x3a, 0xff, 0x29, 0x32, 0xff, 0x08, 0x32, 0xff,
    0xab, 0x42, 0xff, 0xab, 0x42, 0xff, 0xab, 0x42, 0xff, 0xab, 0x42, 0xff, 0xab, 0x42, 0xff, 0xab, 0x42, 0xff, 0xaa, 0x42, 0xff, 0xaa, 0x42, 0xff,
    0xab, 0x42, 0xff, 0xab, 0x42, 0xff, 0xab, 0x42, 0xff, 0xab, 0x42, 0xff, 0xaa, 0x42, 0xff, 0x6a, 0x3a, 0xff, 0x6a, 0x3a, 0xff, 0x6a, 0x3a, 0xff,
    0x6a, 0x3a, 0xff, 0x4a, 0x3a, 0xff, 0x29, 0x32, 0xff, 0x08, 0x2a, 0xff, 0x08, 0x32, 0xff, 0x86, 0x19, 0xbf, 0xb5, 0xad, 0x40, 0x00, 0x00, 0x00,
    0x00, 0x00, 0x00, 0x00, 0x00, 0x00, 0x00, 0x00, 0x00, 0x00, 0x00, 0x00, 0x00, 0x00, 0x00, 0x00, 0x00, 0x00, 0x00, 0x00, 0x00, 0x00, 0x00, 0x00,
    0x00, 0x00, 0x00, 0x00, 0x00, 0x00, 0x00, 0x00, 0x00, 0x00, 0x00, 0x00, 0x00, 0x00, 0x00, 0x00, 0x00, 0x00, 0x00, 0x00, 0x00, 0x00, 0x00, 0x00,
    0x00, 0x00, 0x00, 0x00, 0x00, 0x00, 0x00, 0x00, 0x00, 0x00, 0x00, 0x00, 0x00, 0x00, 0x00, 0x00, 0x00, 0x00, 0x00, 0x00, 0x00, 0x00, 0x00, 0x00,
    0x00, 0x00, 0x00, 0x00, 0x00, 0x00, 0x00, 0x00, 0x00, 0xff, 0xff, 0x10, 0x55, 0xa5, 0x60, 0x08, 0x2a, 0xcf, 0xaa, 0x42, 0xff, 0x6a, 0x3a, 0xff,
    0x6a, 0x3a, 0xff, 0x29, 0x32, 0xff, 0xe8, 0x29, 0xff, 0x6a, 0x3a, 0xff, 0xab, 0x42, 0xff, 0xab, 0x42, 0xff, 0xab, 0x42, 0xff, 0xab, 0x42, 0xff,
    0xab, 0x42, 0xff, 0xab, 0x42, 0xff, 0xab, 0x42, 0xff, 0xab, 0x42, 0xff, 0xab, 0x42, 0xff, 0xcb, 0x4a, 0xff, 0xab, 0x42, 0xff, 0xab, 0x42, 0xff,
    0x6a, 0x3a, 0xff, 0x6a, 0x3a, 0xff, 0x6a, 0x3a, 0xff, 0x6a, 0x3a, 0xff, 0x6a, 0x3a, 0xff, 0x29, 0x32, 0xff, 0x09, 0x32, 0xff, 0x08, 0x2a, 0xff,
    0x66, 0x19, 0xbf, 0x14, 0x95, 0x40, 0x00, 0x00, 0x00, 0x00, 0x00, 0x00, 0x00, 0x00, 0x00, 0x00, 0x00, 0x00, 0x00, 0x00, 0x00, 0x00, 0x00, 0x00,
    0x00, 0x00, 0x00, 0x00, 0x00, 0x00, 0x00, 0x00, 0x00, 0x00, 0x00, 0x00, 0x00, 0x00, 0x00, 0x00, 0x00, 0x00, 0x00, 0x00, 0x00, 0x00, 0x00, 0x00,
    0x00, 0x00, 0x00, 0x00, 0x00, 0x00, 0x00, 0x00, 0x00, 0x00, 0x00, 0x00, 0x00, 0x00, 0x00, 0x00, 0x00, 0x00, 0x00, 0x00, 0x00, 0x00, 0x00, 0x00,
    0x00, 0x00, 0x00, 0x00, 0x00, 0x00, 0x00, 0x00, 0x00, 0x00, 0x00, 0x00, 0x00, 0x00, 0x00, 0x00, 0x00, 0x00, 0x00, 0x00, 0x00, 0xf6, 0xb5, 0x40,
    0x08, 0x32, 0xbf, 0xab, 0x3a, 0xff, 0x6a, 0x3a, 0xff, 0x6a, 0x3a, 0xff, 0x49, 0x32, 0xff, 0xe8, 0x29, 0xff, 0x49, 0x3a, 0xff, 0xab, 0x42, 0xff,
    0xaa, 0x42, 0xff, 0xab, 0x42, 0xff, 0xab, 0x42, 0xff, 0xab, 0x42, 0xff, 0xab, 0x42, 0xff, 0xaa, 0x42, 0xff, 0xaa, 0x42, 0xff, 0xab, 0x42, 0xff,
    0xab, 0x4a, 0xff, 0xab, 0x4a, 0xff, 0xab, 0x42, 0xff, 0x6a, 0x3a, 0xff, 0xaa, 0x42, 0xff, 0x6a, 0x3a, 0xff, 0x6a, 0x3a, 0xff, 0x6a, 0x3a, 0xff,
    0x49, 0x32, 0xff, 0x29, 0x32, 0xff, 0x29, 0x32, 0xff, 0x66, 0x19, 0xbf, 0xd3, 0x94, 0x40, 0x00, 0x00, 0x00, 0x00, 0x00, 0x00, 0x00, 0x00, 0x00,
    0x00, 0x00, 0x00, 0x00, 0x00, 0x00, 0x00, 0x00, 0x00, 0x00, 0x00, 0x00, 0x00, 0x00, 0x00, 0x00, 0x00, 0x00, 0x00, 0x00, 0x00, 0x00, 0x00, 0x00,
    0x00, 0x00, 0x00, 0x00, 0x00, 0x00, 0x00, 0x00, 0x00, 0x00, 0x00, 0x00, 0x00, 0x00, 0x00, 0x00, 0x00, 0x00, 0x00, 0x00, 0x00, 0x00, 0x00, 0x00,
    0x00, 0x00, 0x00, 0x00, 0x00, 0x00, 0x00, 0x00, 0x00, 0x00, 0x00, 0x00, 0x00, 0x00, 0x00, 0x00, 0x00, 0x00, 0x00, 0x00, 0x00, 0x00, 0x00, 0x00,
    0x00, 0x00, 0x00, 0x00, 0x00, 0x00, 0xba, 0xd6, 0x40, 0x49, 0x3a, 0xbf, 0xaa, 0x3a, 0xff, 0x6a, 0x3a, 0xff, 0x6a, 0x3a, 0xff, 0x49, 0x32, 0xff,
    0x08, 0x2a, 0xff, 0x29, 0x32, 0xff, 0xaa, 0x42, 0xff, 0xaa, 0x3a, 0xff, 0xab, 0x42, 0xff, 0xab, 0x42, 0xff, 0xab, 0x42, 0xff, 0xab, 0x42, 0xff,
    0xab, 0x42, 0xff, 0xaa, 0x42, 0xff, 0xab, 0x42, 0xff, 0xab, 0x42, 0xff, 0xcb, 0x42, 0xff, 0xab, 0x42, 0xff, 0xaa, 0x42, 0xff, 0xaa, 0x42, 0xff,
    0xaa, 0x3a, 0xff, 0x6a, 0x3a, 0xff, 0x6a, 0x3a, 0xff, 0x49, 0x32, 0xff, 0x29, 0x32, 0xff, 0xaa, 0x3a, 0xff, 0xa7, 0x21, 0xbf, 0xb2, 0x8c, 0x40,
    0x00, 0x00, 0x00, 0x00, 0x00, 0x00, 0x00, 0x00, 0x00, 0x00, 0x00, 0x00, 0x00, 0x00, 0x00, 0x00, 0x00, 0x00, 0x00, 0x00, 0x00, 0x00, 0x00, 0x00,
    0x00, 0x00, 0x00, 0x00, 0x00, 0x00, 0x00, 0x00, 0x00, 0x00, 0x00, 0x00, 0x00, 0x00, 0x00, 0x00, 0x00, 0x00, 0x00, 0x00, 0x00, 0x00, 0x00, 0x00,
    0x00, 0x00, 0x00, 0x00, 0x00, 0x00, 0x00, 0x00, 0x00, 0x00, 0x00, 0x00, 0x00, 0x00, 0x00, 0x00, 0x00, 0x00, 0x00, 0x00, 0x00, 0x00, 0x00, 0x00,
    0x00, 0x00, 0x00, 0x00, 0x00, 0x00, 0x00, 0x00, 0x00, 0x00, 0x00, 0x00, 0x00, 0x00, 0x00, 0x5c, 0xe7, 0x40, 0xab, 0x4a, 0xbf, 0x6a, 0x3a, 0xff,
    0x6a, 0x3a, 0xff, 0x6a, 0x3a, 0xff, 0x49, 0x3a, 0xff, 0x08, 0x32, 0xff, 0xe8, 0x29, 0xff, 0xaa, 0x42, 0xff, 0x6a, 0x3a, 0xff, 0xab, 0x42, 0xff,
    0xab, 0x42, 0xff, 0xab, 0x42, 0xff, 0xab, 0x42, 0xff, 0xab, 0x42, 0xff, 0xaa, 0x42, 0xff, 0xaa, 0x42, 0xff, 0xab, 0x42, 0xff, 0xcb, 0x42, 0xff,
    0xcb, 0x4a, 0xff, 0xab, 0x42, 0xff, 0xab, 0x42, 0xff, 0xaa, 0x42, 0xff, 0x6a, 0x3a, 0xff, 0x6a, 0x3a, 0xff, 0x49, 0x32, 0xff, 0x29, 0x32, 0xff,
    0xab, 0x3a, 0xff, 0x09, 0x2a, 0xbf, 0x54, 0x9d, 0x40, 0x00, 0x00, 0x00, 0x00, 0x00, 0x00, 0x00, 0x00, 0x00, 0x00, 0x00, 0x00, 0x00, 0x00, 0x00,
    0x00, 0x00, 0x00, 0x00, 0x00, 0x00, 0x00, 0x00, 0x00, 0x00, 0x00, 0x00, 0x00, 0x00, 0x00, 0x00, 0x00, 0x00, 0x00, 0x00, 0x00, 0x00, 0x00, 0x00,
    0x00, 0x00, 0x00, 0x00, 0x00, 0x00, 0x00, 0x00, 0x00, 0x00, 0x00, 0x00, 0x00, 0x00, 0x00, 0x00, 0x00, 0x00, 0x00, 0x00, 0x00, 0x00, 0x00, 0x00,
    0x00, 0x00, 0x00, 0x00, 0x00, 0x00, 0x00, 0x00, 0x00, 0x00, 0x00, 0x00, 0x00, 0x00, 0x00, 0x00, 0x00, 0x00, 0x00, 0x00, 0x00, 0x00, 0x00, 0x00,
    0x7d, 0xef, 0x40, 0xeb, 0x4a, 0xbf, 0x6a, 0x3a, 0xff, 0xaa, 0x42, 0xff, 0xaa, 0x3a, 0xff, 0x6a, 0x3a, 0xff, 0x29, 0x32, 0xff, 0xe8, 0x29, 0xff,
    0xaa, 0x42, 0xff, 0xaa, 0x3a, 0xff, 0xab, 0x42, 0xff, 0xab, 0x42, 0xff, 0xab, 0x42, 0xff, 0xab, 0x42, 0xff, 0xab, 0x42, 0xff, 0xaa, 0x42, 0xff,
    0xaa, 0x3a, 0xff, 0xaa, 0x42, 0xff, 0xab, 0x42, 0xff, 0xcb, 0x4a, 0xff, 0xab, 0x42, 0xff, 0xab, 0x42, 0xff, 0xab, 0x42, 0xff, 0x6a, 0x3a, 0xff,
    0x49, 0x32, 0xff, 0x29, 0x32, 0xff, 0x08, 0x2a, 0xff, 0x29, 0x32, 0xff, 0x09, 0x32, 0xbf, 0xd6, 0xb5, 0x40, 0x00, 0x00, 0x00, 0x00, 0x00, 0x00,
    0x00, 0x00, 0x00, 0x00, 0x00, 0x00, 0x00, 0x00, 0x00, 0x00, 0x00, 0x00, 0x00, 0x00, 0x00, 0x00, 0x00, 0x00, 0x00, 0x00, 0x00, 0x00, 0x00, 0x00,
    0x00, 0x00, 0x00, 0x00, 0x00, 0x00, 0x00, 0x00, 0x00, 0x00, 0x00, 0x00, 0x00, 0x00, 0x00, 0x00, 0x00, 0x00, 0x00, 0x00, 0x00, 0x00, 0x00, 0x00,
    0x00, 0x00, 0x00, 0x00, 0x00, 0x00, 0x00, 0x00, 0x00, 0x00, 0x00, 0x00, 0x00, 0x00, 0x00, 0x00, 0x00, 0x00, 0x00, 0x00, 0x00, 0x00, 0x00, 0x00,
    0x00, 0x00, 0x00, 0x00, 0x00, 0x00, 0x00, 0x00, 0x00, 0xbf, 0xff, 0x40, 0x8e, 0x63, 0xbf, 0x49, 0x32, 0xff, 0xab, 0x42, 0xff, 0xaa, 0x42, 0xff,
    0x6a, 0x3a, 0xff, 0x49, 0x32, 0xff, 0xe8, 0x29, 0xff, 0x6a, 0x3a, 0xff, 0xaa, 0x42, 0xff, 0xab, 0x42, 0xff, 0xab, 0x42, 0xff, 0xab, 0x42, 0xff,
    0xab, 0x42, 0xff, 0xab, 0x42, 0xff, 0xab, 0x42, 0xff, 0xaa, 0x3a, 0xff, 0xaa, 0x42, 0xff, 0xab, 0x42, 0xff, 0xab, 0x42, 0xff, 0xab, 0x42, 0xff,
    0xab, 0x42, 0xff, 0xcb, 0x42, 0xff, 0x6a, 0x3a, 0xff, 0x29, 0x32, 0xff, 0x08, 0x32, 0xff, 0x08, 0x2a, 0xff, 0x08, 0x2a, 0xff, 0x87, 0x21, 0xcf,
    0x95, 0xad, 0x60, 0xfd, 0xef, 0x10, 0x00, 0x00, 0x00, 0x00, 0x00, 0x00, 0x00, 0x00, 0x00, 0x00, 0x00, 0x00, 0x00, 0x00, 0x00, 0x00, 0x00, 0x00,
    0x00, 0x00, 0x00, 0x00, 0x00, 0x00, 0x00, 0x00, 0x00, 0x00, 0x00, 0x00, 0x00, 0x00, 0x00, 0x00, 0x00, 0x00, 0x00, 0x00, 0x00, 0x00, 0x00, 0x00,
    0x00, 0x00, 0x00, 0x00, 0x00, 0x00, 0x00, 0x00, 0x00, 0x00, 0x00, 0x00, 0x00, 0x00, 0x00, 0x00, 0x00, 0x00, 0x00, 0x00, 0x00, 0x00, 0x00, 0x00,
    0x00, 0x00, 0x00, 0x00, 0x00, 0x00, 0x00, 0x00, 0x00, 0x00, 0x00, 0x00, 0x00, 0x00, 0x00, 0x00, 0x00, 0x00, 0xff, 0xff, 0x40, 0x30, 0x7c, 0xbf,
    0x29, 0x32, 0xff, 0xab, 0x42, 0xff, 0xaa, 0x42, 0xff, 0x6a, 0x3a, 0xff, 0x4a, 0x3a, 0xff, 0xe8, 0x29, 0xff, 0x6a, 0x3a, 0xff, 0xab, 0x42, 0xff,
    0xab, 0x42, 0xff, 0xab, 0x42, 0xff, 0xcb, 0x4a, 0xff, 0xab, 0x42, 0xff, 0xab, 0x42, 0xff, 0xab, 0x42, 0xff, 0xaa, 0x3a, 0xff, 0x6a, 0x3a, 0xff,
    0xaa, 0x42, 0xff, 0xab, 0x42, 0xff, 0xab, 0x42, 0xff, 0xab, 0x42, 0xff, 0xcb, 0x42, 0xff, 0xaa, 0x3a, 0xff, 0x29, 0x32, 0xff, 0x29, 0x32, 0xff,
    0x09, 0x32, 0xff, 0x08, 0x32, 0xff, 0x66, 0x19, 0xef, 0xcf, 0x73, 0x9f, 0xff, 0xff, 0x30, 0x00, 0x00, 0x00, 0x00, 0x00, 0x00, 0x00, 0x00, 0x00,
    0x00, 0x00, 0x00, 0x00, 0x00, 0x00, 0x00, 0x00, 0x00, 0x00, 0x00, 0x00, 0x00, 0x00, 0x00, 0x00, 0x00, 0x00, 0x00, 0x00, 0x00, 0x00, 0x00, 0x00,
    0x00, 0x00, 0x00, 0x00, 0x00, 0x00, 0x00, 0x00, 0x00, 0x00, 0x00, 0x00, 0x00, 0x00, 0x00, 0x00, 0x00, 0x00, 0x00, 0x00, 0x00, 0x00, 0x00, 0x00,
    0x00, 0x00, 0x00, 0x00, 0x00, 0x00, 0x00, 0x00, 0x00, 0x00, 0x00, 0x00, 0x00, 0x00, 0x00, 0x00, 0x00, 0x00, 0x00, 0x00, 0x00, 0x00, 0x00, 0x00,
    0x00, 0x00, 0x00, 0xff, 0xff, 0x40, 0xf3, 0x94, 0xbf, 0x08, 0x2a, 0xff, 0xab, 0x42, 0xff, 0xaa, 0x42, 0xff, 0x6a, 0x3a, 0xff, 0x4a, 0x3a, 0xff,
    0xe8, 0x29, 0xff, 0x49, 0x3a, 0xff, 0xab, 0x42, 0xff, 0xaa, 0x42, 0xff, 0xab, 0x42, 0xff, 0xcb, 0x4a, 0xff, 0xcb, 0x42, 0xff, 0xab, 0x42, 0xff,
    0xab, 0x42, 0xff, 0xab, 0x42, 0xff, 0xaa, 0x3a, 0xff, 0xaa, 0x3a, 0xff, 0xaa, 0x42, 0xff, 0xab, 0x42, 0xff, 0xab, 0x42, 0xff, 0xab, 0x42, 0xff,
    0xab, 0x42, 0xff, 0x6a, 0x3a, 0xff, 0x29, 0x32, 0xff, 0x29, 0x32, 0xff, 0x09, 0x32, 0xff, 0xa7, 0x21, 0xff, 0x6a, 0x42, 0xbf, 0x9c, 0xe7, 0x40,
    0x00, 0x00, 0x00, 0x00, 0x00, 0x00, 0x00, 0x00, 0x00, 0x00, 0x00, 0x00, 0x00, 0x00, 0x00, 0x00, 0x00, 0x00, 0x00, 0x00, 0x00, 0x00, 0x00, 0x00,
    0x00, 0x00, 0x00, 0x00, 0x00, 0x00, 0x00, 0x00, 0x00, 0x00, 0x00, 0x00, 0x00, 0x00, 0x00, 0x00, 0x00, 0x00, 0x00, 0x00, 0x00, 0x00, 0x00, 0x00,
    0x00, 0x00, 0x00, 0x00, 0x00, 0x00, 0x00, 0x00, 0x00, 0x00, 0x00, 0x00, 0x00, 0x00, 0x00, 0x00, 0x00, 0x00, 0x00, 0x00, 0x00, 0x00, 0x00, 0x00,
    0x00, 0x00, 0x00, 0x00, 0x00, 0x00, 0x00, 0x00, 0x00, 0x00, 0x00, 0x00, 0xff, 0xff, 0x30, 0x95, 0xad, 0x9f, 0xe8, 0x29, 0xef, 0xab, 0x42, 0xff,
    0xaa, 0x42, 0xff, 0x6a, 0x3a, 0xff, 0x49, 0x3a, 0xff, 0x08, 0x2a, 0xff, 0x08, 0x32, 0xff, 0xab, 0x42, 0xff, 0xaa, 0x42, 0xff, 0xab, 0x42, 0xff,
    0xab, 0x42, 0xff, 0xab, 0x42, 0xff, 0xab, 0x42, 0xff, 0xab, 0x42, 0xff, 0xab, 0x42, 0xff, 0xab, 0x42, 0xff, 0xaa, 0x3a, 0xff, 0xaa, 0x42, 0xff,
    0xab, 0x42, 0xff, 0xaa, 0x42, 0xff, 0xab, 0x42, 0xff, 0xab, 0x42, 0xff, 0xab, 0x42, 0xff, 0x49, 0x32, 0xff, 0x29, 0x32, 0xff, 0x08, 0x2a, 0xff,
    0xe8, 0x29, 0xff, 0xc7, 0x29, 0xbf, 0xb9, 0xce, 0x40, 0x00, 0x00, 0x00, 0x00, 0x00, 0x00, 0x00, 0x00, 0x00, 0x00, 0x00, 0x00, 0x00, 0x00, 0x00,
    0x00, 0x00, 0x00, 0x00, 0x00, 0x00, 0x00, 0x00, 0x00, 0x00, 0x00, 0x00, 0x00, 0x00, 0x00, 0x00, 0x00, 0x00, 0x00, 0x00, 0x00, 0x00, 0x00, 0x00,
    0x00, 0x00, 0x00, 0x00, 0x00, 0x00, 0x00, 0x00, 0x00, 0x00, 0x00, 0x00, 0x00, 0x00, 0x00, 0x00, 0x00, 0x00, 0x00, 0x00, 0x00, 0x00, 0x00, 0x00,
    0x00, 0x00, 0x00, 0x00, 0x00, 0x00, 0x00, 0x00, 0x00, 0x00, 0x00, 0x00, 0x00, 0x00, 0x00, 0x00, 0x00, 0x00, 0x00, 0x00, 0x00, 0xfd, 0xef, 0x10,
    0xda, 0xd6, 0x60, 0x29, 0x32, 0xcf, 0x6a, 0x3a, 0xff, 0x6a, 0x3a, 0xff, 0x6a, 0x3a, 0xff, 0x49, 0x32, 0xff, 0x08, 0x32, 0xff, 0xe8, 0x29, 0xff,
    0xaa, 0x42, 0xff, 0xaa, 0x3a, 0xff, 0xaa, 0x42, 0xff, 0xab, 0x42, 0xff, 0xab, 0x42, 0xff, 0xab, 0x42, 0xff, 0xcb, 0x42, 0xff, 0xab, 0x42, 0xff,
    0xab, 0x42, 0xff, 0xaa, 0x42, 0xff, 0xaa, 0x3a, 0xff, 0xaa, 0x42, 0xff, 0x6a, 0x3a, 0xff, 0xaa, 0x42, 0xff, 0xab, 0x42, 0xff, 0xab, 0x42, 0xff,
    0xaa, 0x3a, 0xff, 0x4a, 0x3a, 0xff, 0x49, 0x32, 0xff, 0x09, 0x2a, 0xff, 0x86, 0x21, 0xbf, 0x58, 0xc6, 0x40, 0x00, 0x00, 0x00, 0x00, 0x00, 0x00,
    0x00, 0x00, 0x00, 0x00, 0x00, 0x00, 0x00, 0x00, 0x00, 0x00, 0x00, 0x00, 0x00, 0x00, 0x00, 0x00, 0x00, 0x00, 0x00, 0x00, 0x00, 0x00, 0x00, 0x00,
    0x00, 0x00, 0x00, 0x00, 0x00, 0x00, 0x00, 0x00, 0x00, 0x00, 0x00, 0x00, 0x00, 0x00, 0x00, 0x00, 0x00, 0x00, 0x00, 0x00, 0x00, 0x00, 0x00, 0x00,
    0x00, 0x00, 0x00, 0x00, 0x00, 0x00, 0x00, 0x00, 0x00, 0x00, 0x00, 0x00, 0x00, 0x00, 0x00, 0x00, 0x00, 0x00, 0x00, 0x00, 0x00, 0x00, 0x00, 0x00,
    0x00, 0x00, 0x00, 0x00, 0x00, 0x00, 0x00, 0x00, 0x00, 0x7c, 0xe7, 0x30, 0xab, 0x4a, 0x9f, 0x28, 0x32, 0xef, 0x6a, 0x3a, 0xff, 0x6a, 0x3a, 0xff,
    0x49, 0x3a, 0xff, 0x29, 0x32, 0xff, 0xe8, 0x29, 0xff, 0x6a, 0x3a, 0xff, 0x6a, 0x3a, 0xff, 0xaa, 0x42, 0xff, 0xab, 0x42, 0xff, 0xab, 0x42, 0xff,
    0xab, 0x42, 0xff, 0xcb, 0x42, 0xff, 0xcb, 0x42, 0xff, 0xab, 0x42, 0xff, 0xab, 0x42, 0xff, 0xaa, 0x3a, 0xff, 0xaa, 0x42, 0xff, 0x6a, 0x3a, 0xff,
    0x6a, 0x3a, 0xff, 0x6a, 0x3a, 0xff, 0xaa, 0x3a, 0xff, 0xab, 0x42, 0xff, 0xaa, 0x3a, 0xff, 0x6a, 0x3a, 0xff, 0x6a, 0x3a, 0xff, 0xa7, 0x21, 0xbf,
    0x58, 0xc6, 0x40, 0x00, 0x00, 0x00, 0x00, 0x00, 0x00, 0x00, 0x00, 0x00, 0x00, 0x00, 0x00, 0x00, 0x00, 0x00, 0x00, 0x00, 0x00, 0x00, 0x00, 0x00,
    0x00, 0x00, 0x00, 0x00, 0x00, 0x00, 0x00, 0x00, 0x00, 0x00, 0x00, 0x00, 0x00, 0x00, 0x00, 0x00, 0x00, 0x00, 0x00, 0x00, 0x00, 0x00, 0x00, 0x00,
    0x00, 0x00, 0x00, 0x00, 0x00, 0x00, 0x00, 0x00, 0x00, 0x00, 0x00, 0x00, 0x00, 0x00, 0x00, 0x00, 0x00, 0x00, 0x00, 0x00, 0x00, 0x00, 0x00, 0x00,
    0x00, 0x00, 0x00, 0x00, 0x00, 0x00, 0x00, 0x00, 0x00, 0x00, 0x00, 0x00, 0x00, 0x00, 0x00, 0x00, 0x00, 0x00, 0xff, 0xff, 0x10, 0xf0, 0x73, 0x60,
    0xc7, 0x21, 0xcf, 0x49, 0x3a, 0xff, 0x49, 0x3a, 0xff, 0x49, 0x3a, 0xff, 0x29, 0x32, 0xff, 0xe8, 0x29, 0xff, 0x49, 0x3a, 0xff, 0x6a, 0x3a, 0xff,
    0x6a, 0x3a, 0xff, 0xaa, 0x42, 0xff, 0xab, 0x42, 0xff, 0xab, 0x42, 0xff, 0xcb, 0x42, 0xff, 0xcb, 0x42, 0xff, 0xcb, 0x42, 0xff, 0xab, 0x42, 0xff,
    0xaa, 0x42, 0xff, 0xaa, 0x42, 0xff, 0x6a, 0x3a, 0xff, 0x6a, 0x3a, 0xff, 0x6a, 0x3a, 0xff, 0x4a, 0x3a, 0xff, 0x6a, 0x3a, 0xff, 0xaa, 0x3a, 0xff,
    0x6a, 0x3a, 0xff, 0xab, 0x42, 0xff, 0x09, 0x32, 0xbf, 0x58, 0xc6, 0x40, 0x00, 0x00, 0x00, 0x00, 0x00, 0x00, 0x00, 0x00, 0x00, 0x00, 0x00, 0x00,
    0x00, 0x00, 0x00, 0x00, 0x00, 0x00, 0x00, 0x00, 0x00, 0x00, 0x00, 0x00, 0x00, 0x00, 0x00, 0x00, 0x00, 0x00, 0x00, 0x00, 0x00, 0x00, 0x00, 0x00,
    0x00, 0x00, 0x00, 0x00, 0x00, 0x00, 0x00, 0x00, 0x00, 0x00, 0x00, 0x00, 0x00, 0x00, 0x00, 0x00, 0x00, 0x00, 0x00, 0x00, 0x00, 0x00, 0x00, 0x00,
    0x00, 0x00, 0x00, 0x00, 0x00, 0x00, 0x00, 0x00, 0x00, 0x00, 0x00, 0x00, 0x00, 0x00, 0x00, 0x00, 0x00, 0x00, 0x00, 0x00, 0x00, 0x00, 0x00, 0x00,
    0x00, 0x00, 0x00, 0x00, 0x00, 0x00, 0xf4, 0x94, 0x40, 0xc7, 0x21, 0xbf, 0x49, 0x3a, 0xff, 0x49, 0x3a, 0xff, 0x49, 0x3a, 0xff, 0x49, 0x3a, 0xff,
    0x08, 0x32, 0xff, 0x29, 0x32, 0xff, 0xaa, 0x3a, 0xff, 0x4a, 0x3a, 0xff, 0xaa, 0x3a, 0xff, 0xab, 0x42, 0xff, 0xab, 0x42, 0xff, 0xab, 0x42, 0xff,
    0xab, 0x42, 0xff, 0xab, 0x42, 0xff, 0xab, 0x42, 0xff, 0xab, 0x42, 0xff, 0xab, 0x42, 0xff, 0xaa, 0x3a, 0xff, 0x6a, 0x3a, 0xff, 0x4a, 0x3a, 0xff,
    0x49, 0x32, 0xff, 0x49, 0x32, 0xff, 0x49, 0x3a, 0xff, 0x49, 0x3a, 0xff, 0x6a, 0x3a, 0xff, 0x29, 0x32, 0xbf, 0x55, 0xa5, 0x40, 0x00, 0x00, 0x00,
    0x00, 0x00, 0x00, 0x00, 0x00, 0x00, 0x00, 0x00, 0x00, 0x00, 0x00, 0x00, 0x00, 0x00, 0x00, 0x00, 0x00, 0x00, 0x00, 0x00, 0x00, 0x00, 0x00, 0x00,
    0x00, 0x00, 0x00, 0x00, 0x00, 0x00, 0x00, 0x00, 0x00, 0x00, 0x00, 0x00, 0x00, 0x00, 0x00, 0x00, 0x00, 0x00, 0x00, 0x00, 0x00, 0x00, 0x00, 0x00,
    0x00, 0x00, 0x00, 0x00, 0x00, 0x00, 0x00, 0x00, 0x00, 0x00, 0x00, 0x00, 0x00, 0x00, 0x00, 0x00, 0x00, 0x00, 0x00, 0x00, 0x00, 0x00, 0x00, 0x00,
    0x00, 0x00, 0x00, 0x00, 0x00, 0x00, 0x00, 0x00, 0x00, 0x00, 0x00, 0x00, 0x00, 0x00, 0x00, 0x99, 0xce, 0x40, 0x08, 0x32, 0xbf, 0x49, 0x32, 0xff,
    0x49, 0x3a, 0xff, 0x6a, 0x3a, 0xff, 0x4a, 0x3a, 0xff, 0x29, 0x32, 0xff, 0x08, 0x2a, 0xff, 0x6a, 0x3a, 0xff, 0x49, 0x3a, 0xff, 0x6a, 0x3a, 0xff,
    0xaa, 0x42, 0xff, 0xab, 0x42, 0xff, 0xab, 0x42, 0xff, 0xab, 0x42, 0xff, 0xab, 0x42, 0xff, 0xab, 0x42, 0xff, 0xcb, 0x42, 0xff, 0xcb, 0x42, 0xff,
    0xab, 0x42, 0xff, 0xaa, 0x42, 0xff, 0xab, 0x42, 0xff, 0x6a, 0x3a, 0xff, 0x49, 0x3a, 0xff, 0x29, 0x32, 0xff, 0x29, 0x32, 0xff, 0x49, 0x32, 0xff,
    0x09, 0x32, 0xcf, 0x51, 0x7c, 0x60, 0xff, 0xff, 0x10, 0x00, 0x00, 0x00, 0x00, 0x00, 0x00, 0x00, 0x00, 0x00, 0x00, 0x00, 0x00, 0x00, 0x00, 0x00,
    0x00, 0x00, 0x00, 0x00, 0x00, 0x00, 0x00, 0x00, 0x00, 0x00, 0x00, 0x00, 0x00, 0x00, 0x00, 0x00, 0x00, 0x00, 0x00, 0x00, 0x00, 0x00, 0x00, 0x00,
    0x00, 0x00, 0x00, 0x00, 0x00, 0x00, 0x00, 0x00, 0x00, 0x00, 0x00, 0x00, 0x00, 0x00, 0x00, 0x00, 0x00, 0x00, 0x00, 0x00, 0x00, 0x00, 0x00, 0x00,
    0x00, 0x00, 0x00, 0x00, 0x00, 0x00, 0x00, 0x00, 0x00, 0x00, 0x00, 0x00, 0x00, 0x00, 0x00, 0x00, 0x00, 0x00, 0x00, 0x00, 0x00, 0x00, 0x00, 0x00,
    0x9d, 0xef, 0x30, 0xec, 0x52, 0x9f, 0x49, 0x32, 0xef, 0x49, 0x3a, 0xff, 0x49, 0x3a, 0xff, 0x4a, 0x3a, 0xff, 0x49, 0x3a, 0xff, 0x08, 0x2a, 0xff,
    0x49, 0x32, 0xff, 0x49, 0x3a, 0xff, 0x49, 0x32, 0xff, 0x6a, 0x3a, 0xff, 0xaa, 0x42, 0xff, 0xab, 0x42, 0xff, 0xab, 0x42, 0xff, 0xab, 0x42, 0xff,
    0xab, 0x42, 0xff, 0xab, 0x42, 0xff, 0xcb, 0x42, 0xff, 0xcb, 0x42, 0xff, 0xab, 0x42, 0xff, 0xab, 0x42, 0xff, 0xab, 0x42, 0xff, 0x6a, 0x3a, 0xff,
    0x49, 0x32, 0xff, 0x29, 0x32, 0xff, 0x49, 0x32, 0xff, 0x09, 0x2a, 0xef, 0x0c, 0x53, 0x9f, 0x7d, 0xef, 0x30, 0x00, 0x00, 0x00, 0x00, 0x00, 0x00,
    0x00, 0x00, 0x00, 0x00, 0x00, 0x00, 0x00, 0x00, 0x00, 0x00, 0x00, 0x00, 0x00, 0x00, 0x00, 0x00, 0x00, 0x00, 0x00, 0x00, 0x00, 0x00, 0x00, 0x00,
    0x00, 0x00, 0x00, 0x00, 0x00, 0x00, 0x00, 0x00, 0x00, 0x00, 0x00, 0x00, 0x00, 0x00, 0x00, 0x00, 0x00, 0x00, 0x00, 0x00, 0x00, 0x00, 0x00, 0x00,
    0x00, 0x00, 0x00, 0x00, 0x00, 0x00, 0x00, 0x00, 0x00, 0x00, 0x00, 0x00, 0x00, 0x00, 0x00, 0x00, 0x00, 0x00, 0x00, 0x00, 0x00, 0x00, 0x00, 0x00,
    0x00, 0x00, 0x00, 0x00, 0x00, 0x00, 0x00, 0x00, 0x00, 0xff, 0xff, 0x10, 0x92, 0x8c, 0x60, 0x29, 0x32, 0xcf, 0xaa, 0x3a, 0xff, 0x49, 0x32, 0xff,
    0x49, 0x32, 0xff, 0x49, 0x3a, 0xff, 0x29, 0x32, 0xff, 0x29, 0x32, 0xff, 0x6a, 0x3a, 0xff, 0x29, 0x32, 0xff, 0x49, 0x32, 0xff, 0x6a, 0x3a, 0xff,
    0xab, 0x42, 0xff, 0xab, 0x42, 0xff, 0xcb, 0x42, 0xff, 0xab, 0x42, 0xff, 0xab, 0x42, 0xff, 0xab, 0x42, 0xff, 0xcb, 0x42, 0xff, 0xab, 0x42, 0xff,
    0xab, 0x42, 0xff, 0xab, 0x42, 0xff, 0xab, 0x42, 0xff, 0xaa, 0x42, 0xff, 0x6a, 0x3a, 0xff, 0x49, 0x32, 0xff, 0x29, 0x32, 0xff, 0x29, 0x32, 0xbf,
    0xba, 0xd6, 0x40, 0x00, 0x00, 0x00, 0x00, 0x00, 0x00, 0x00, 0x00, 0x00, 0x00, 0x00, 0x00, 0x00, 0x00, 0x00, 0x00, 0x00, 0x00, 0x00, 0x00, 0x00,
    0x00, 0x00, 0x00, 0x00, 0x00, 0x00, 0x00, 0x00, 0x00, 0x00, 0x00, 0x00, 0x00, 0x00, 0x00, 0x00, 0x00, 0x00, 0x00, 0x00, 0x00, 0x00, 0x00, 0x00,
    0x00, 0x00, 0x00, 0x00, 0x00, 0x00, 0x00, 0x00, 0x00, 0x00, 0x00, 0x00, 0x00, 0x00, 0x00, 0x00, 0x00, 0x00, 0x00, 0x00, 0x00, 0x00, 0x00, 0x00,
    0x00, 0x00, 0x00, 0x00, 0x00, 0x00, 0x00, 0x00, 0x00, 0x00, 0x00, 0x00, 0x00, 0x00, 0x00, 0x00, 0x00, 0x00, 0x00, 0x00, 0x00, 0x75, 0xad, 0x40,
    0xe8, 0x29, 0xbf, 0xaa, 0x3a, 0xff, 0x6a, 0x3a, 0xff, 0x49, 0x3a, 0xff, 0x49, 0x32, 0xff, 0x29, 0x32, 0xff, 0x08, 0x2a, 0xff, 0x49, 0x3a, 0xff,
    0x29, 0x32, 0xff, 0x49, 0x32, 0xff, 0x49, 0x32, 0xff, 0x6a, 0x3a, 0xff, 0xab, 0x42, 0xff, 0xcb, 0x42, 0xff, 0xcb, 0x42, 0xff, 0xcb, 0x4a, 0xff,
    0xcb, 0x4a, 0xff, 0xcb, 0x42, 0xff, 0xab, 0x42, 0xff, 0xab, 0x42, 0xff, 0xab, 0x42, 0xff, 0xab, 0x42, 0xff, 0xab, 0x42, 0xff, 0xaa, 0x42, 0xff,
    0x6a, 0x3a, 0xff, 0x29, 0x32, 0xff, 0xa7, 0x21, 0xcf, 0xb5, 0xad, 0x60, 0xff, 0xff, 0x10, 0x00, 0x00, 0x00, 0x00, 0x00, 0x00, 0x00, 0x00, 0x00,
    0x00, 0x00, 0x00, 0x00, 0x00, 0x00, 0x00, 0x00, 0x00, 0x00, 0x00, 0x00, 0x00, 0x00, 0x00, 0x00, 0x00, 0x00, 0x00, 0x00, 0x00, 0x00, 0x00, 0x00,
    0x00, 0x00, 0x00, 0x00, 0x00, 0x00, 0x00, 0x00, 0x00, 0x00, 0x00, 0x00, 0x00, 0x00, 0x00, 0x00, 0x00, 0x00, 0x00, 0x00, 0x00, 0x00, 0x00, 0x00,
    0x00, 0x00, 0x00, 0x00, 0x00, 0x00, 0x00, 0x00, 0x00, 0x00, 0x00, 0x00, 0x00, 0x00, 0x00, 0x00, 0x00, 0x00, 0x00, 0x00, 0x00, 0x00, 0x00, 0x00,
    0x00, 0x00, 0x00, 0x00, 0x00, 0x00, 0xd6, 0xb5, 0x40, 0xc7, 0x29, 0xbf, 0x6a, 0x3a, 0xff, 0x6a, 0x3a, 0xff, 0x6a, 0x3a, 0xff, 0x6a, 0x3a, 0xff,
    0x4a, 0x3a, 0xff, 0x09, 0x32, 0xff, 0x49, 0x3a, 0xff, 0x49, 0x3a, 0xff, 0x49, 0x3a, 0xff, 0x4a, 0x3a, 0xff, 0x4a, 0x3a, 0xff, 0xaa, 0x3a, 0xff,
    0xab, 0x42, 0xff, 0xcb, 0x42, 0xff, 0xcb, 0x4a, 0xff, 0xcb, 0x4a, 0xff, 0xcb, 0x4a, 0xff, 0xab, 0x42, 0xff, 0xab, 0x42, 0xff, 0xab, 0x42, 0xff,
    0xab, 0x42, 0xff, 0xab, 0x42, 0xff, 0xaa, 0x42, 0xff, 0x6a, 0x3a, 0xff, 0x49, 0x3a, 0xff, 0xa7, 0x21, 0xef, 0x30, 0x7c, 0x9f, 0xff, 0xff, 0x30,
    0x00, 0x00, 0x00, 0x00, 0x00, 0x00, 0x00, 0x00, 0x00, 0x00, 0x00, 0x00, 0x00, 0x00, 0x00, 0x00, 0x00, 0x00, 0x00, 0x00, 0x00, 0x00, 0x00, 0x00,
    0x00, 0x00, 0x00, 0x00, 0x00, 0x00, 0x00, 0x00, 0x00, 0x00, 0x00, 0x00, 0x00, 0x00, 0x00, 0x00, 0x00, 0x00, 0x00, 0x00, 0x00, 0x00, 0x00, 0x00,
    0x00, 0x00, 0x00, 0x00, 0x00, 0x00, 0x00, 0x00, 0x00, 0x00, 0x00, 0x00, 0x00, 0x00, 0x00, 0x00, 0x00, 0x00, 0x00, 0x00, 0x00, 0x00, 0x00, 0x00,
    0x00, 0x00, 0x00, 0x00, 0x00, 0x00, 0x00, 0x00, 0x00, 0x00, 0x00, 0x00, 0x00, 0x00, 0x00, 0x99, 0xce, 0x40, 0xe8, 0x31, 0xbf, 0x49, 0x3a, 0xff,
    0x6a, 0x3a, 0xff, 0xaa, 0x3a, 0xff, 0xaa, 0x3a, 0xff, 0x6a, 0x3a, 0xff, 0x49, 0x32, 0xff, 0x29, 0x32, 0xff, 0x6a, 0x3a, 0xff, 0x6a, 0x3a, 0xff,
    0xaa, 0x3a, 0xff, 0x6a, 0x3a, 0xff, 0x6a, 0x3a, 0xff, 0xaa, 0x42, 0xff, 0xab, 0x42, 0xff, 0xcb, 0x4a, 0xff, 0xcb, 0x4a, 0xff, 0xcb, 0x4a, 0xff,
    0xcb, 0x4a, 0xff, 0xab, 0x42, 0xff, 0xab, 0x42, 0xff, 0xab, 0x42, 0xff, 0xab, 0x42, 0xff, 0xaa, 0x3a, 0xff, 0x6a, 0x3a, 0xff, 0x49, 0x3a, 0xff,
    0xc8, 0x21, 0xff, 0x4d, 0x5b, 0xbf, 0xfd, 0xef, 0x40, 0x00, 0x00, 0x00, 0x00, 0x00, 0x00, 0x00, 0x00, 0x00, 0x00, 0x00, 0x00, 0x00, 0x00, 0x00,
    0x00, 0x00, 0x00, 0x00, 0x00, 0x00, 0x00, 0x00, 0x00, 0x00, 0x00, 0x00, 0x00, 0x00, 0x00, 0x00, 0x00, 0x00, 0x00, 0x00, 0x00, 0x00, 0x00, 0x00,
    0x00, 0x00, 0x00, 0x00, 0x00, 0x00, 0x00, 0x00, 0x00, 0x00, 0x00, 0x00, 0x00, 0x00, 0x00, 0x00, 0x00, 0x00, 0x00, 0x00, 0x00, 0x00, 0x00, 0x00,
    0x00, 0x00, 0x00, 0x00, 0x00, 0x00, 0x00, 0x00, 0x00, 0x00, 0x00, 0x00, 0x00, 0x00, 0x00, 0x00, 0x00, 0x00, 0x00, 0x00, 0x00, 0x00, 0x00, 0x00,
    0x1b, 0xdf, 0x40, 0x29, 0x3a, 0xbf, 0x29, 0x32, 0xff, 0x6a, 0x3a, 0xff, 0xaa, 0x3a, 0xff, 0xaa, 0x42, 0xff, 0xaa, 0x42, 0xff, 0x6a, 0x3a, 0xff,
    0x08, 0x2a, 0xff, 0x6a, 0x3a, 0xff, 0xaa, 0x42, 0xff, 0xab, 0x42, 0xff, 0xab, 0x42, 0xff, 0x6a, 0x3a, 0xff, 0x6a, 0x3a, 0xff, 0xab, 0x42, 0xff,
    0xab, 0x42, 0xff, 0xcb, 0x4a, 0xff, 0xcb, 0x42, 0xff, 0xcb, 0x4a, 0xff, 0xab, 0x42, 0xff, 0xcb, 0x4a, 0xff, 0xab, 0x42, 0xff, 0xab, 0x42, 0xff,
    0xaa, 0x42, 0xff, 0x6a, 0x3a, 0xff, 0x49, 0x32, 0xff, 0xe8, 0x29, 0xff, 0xab, 0x42, 0xbf, 0x5c, 0xe7, 0x40, 0x00, 0x00, 0x00, 0x00, 0x00, 0x00,
    0x00, 0x00, 0x00, 0x00, 0x00, 0x00, 0x00, 0x00, 0x00, 0x00, 0x00, 0x00, 0x00, 0x00, 0x00, 0x00, 0x00, 0x00, 0x00, 0x00, 0x00, 0x00, 0x00, 0x00,
    0x00, 0x00, 0x00, 0x00, 0x00, 0x00, 0x00, 0x00, 0x00, 0x00, 0x00, 0x00, 0x00, 0x00, 0x00, 0x00, 0x00, 0x00, 0x00, 0x00, 0x00, 0x00, 0x00, 0x00,
    0x00, 0x00, 0x00, 0x00, 0x00, 0x00, 0x00, 0x00, 0x00, 0x00, 0x00, 0x00, 0x00, 0x00, 0x00, 0x00, 0x00, 0x00, 0x00, 0x00, 0x00, 0x00, 0x00, 0x00,
    0x00, 0x00, 0x00, 0x00, 0x00, 0x00, 0x00, 0x00, 0x00, 0x5c, 0xe7, 0x40, 0xaa, 0x42, 0xbf, 0x29, 0x32, 0xff, 0x6a, 0x3a, 0xff, 0xaa, 0x3a, 0xff,
    0xaa, 0x3a, 0xff, 0xaa, 0x3a, 0xff, 0x6a, 0x3a, 0xff, 0x08, 0x2a, 0xff, 0x4a, 0x3a, 0xff, 0xaa, 0x3a, 0xff, 0xab, 0x42, 0xff, 0xab, 0x4a, 0xff,
    0xab, 0x42, 0xff, 0xaa, 0x42, 0xff, 0xaa, 0x42, 0xff, 0xab, 0x42, 0xff, 0xab, 0x42, 0xff, 0xcb, 0x42, 0xff, 0xcb, 0x4a, 0xff, 0xab, 0x42, 0xff,
    0xcb, 0x42, 0xff, 0xab, 0x42, 0xff, 0xab, 0x42, 0xff, 0xaa, 0x42, 0xff, 0xaa, 0x3a, 0xff, 0x49, 0x3a, 0xff, 0x29, 0x32, 0xff, 0x08, 0x32, 0xbf,
    0x99, 0xce, 0x40, 0x00, 0x00, 0x00, 0x00, 0x00, 0x00, 0x00, 0x00, 0x00, 0x00, 0x00, 0x00, 0x00, 0x00, 0x00, 0x00, 0x00, 0x00, 0x00, 0x00, 0x00,
    0x00, 0x00, 0x00, 0x00, 0x00, 0x00, 0x00, 0x00, 0x00, 0x00, 0x00, 0x00, 0x00, 0x00, 0x00, 0x00, 0x00, 0x00, 0x00, 0x00, 0x00, 0x00, 0x00, 0x00,
    0x00, 0x00, 0x00, 0x00, 0x00, 0x00, 0x00, 0x00, 0x00, 0x00, 0x00, 0x00, 0x00, 0x00, 0x00, 0x00, 0x00, 0x00, 0x00, 0x00, 0x00, 0x00, 0x00, 0x00,
    0x00, 0x00, 0x00, 0x00, 0x00, 0x00, 0x00, 0x00, 0x00, 0x00, 0x00, 0x00, 0x00, 0x00, 0x00, 0x00, 0x00, 0x00, 0x9c, 0xe7, 0x40, 0xec, 0x52, 0xbf,
    0x29, 0x32, 0xff, 0x6a, 0x3a, 0xff, 0x6a, 0x3a, 0xff, 0xaa, 0x3a, 0xff, 0x6a, 0x3a, 0xff, 0x6a, 0x3a, 0xff, 0x08, 0x32, 0xff, 0x49, 0x32, 0xff,
    0x6a, 0x3a, 0xff, 0xaa, 0x42, 0xff, 0xab, 0x4a, 0xff, 0xcb, 0x4a, 0xff, 0xab, 0x42, 0xff, 0xab, 0x42, 0xff, 0xaa, 0x42, 0xff, 0xab, 0x42, 0xff,
    0xab, 0x42, 0xff, 0xcb, 0x42, 0xff, 0xab, 0x42, 0xff, 0xab, 0x42, 0xff, 0xab, 0x42, 0xff, 0xab, 0x42, 0xff, 0xaa, 0x42, 0xff, 0xaa, 0x3a, 0xff,
    0x4a, 0x3a, 0xff, 0x49, 0x32, 0xff, 0xc8, 0x29, 0xbf, 0x37, 0xbe, 0x40, 0x00, 0x00, 0x00, 0x00, 0x00, 0x00, 0x00, 0x00, 0x00, 0x00, 0x00, 0x00,
    0x00, 0x00, 0x00, 0x00, 0x00, 0x00, 0x00, 0x00, 0x00, 0x00, 0x00, 0x00, 0x00, 0x00, 0x00, 0x00, 0x00, 0x00, 0x00, 0x00, 0x00, 0x00, 0x00, 0x00,
    0x00, 0x00, 0x00, 0x00, 0x00, 0x00, 0x00, 0x00, 0x00, 0x00, 0x00, 0x00, 0x00, 0x00, 0x00, 0x00, 0x00, 0x00, 0x00, 0x00, 0x00, 0x00, 0x00, 0x00,
    0x00, 0x00, 0x00, 0x00, 0x00, 0x00, 0x00, 0x00, 0x00, 0x00, 0x00, 0x00, 0x00, 0x00, 0x00, 0x00, 0x00, 0x00, 0x00, 0x00, 0x00, 0x00, 0x00, 0x00,
    0x00, 0x00, 0x00, 0xbd, 0xef, 0x40, 0x8e, 0x63, 0xbf, 0x29, 0x32, 0xff, 0xaa, 0x3a, 0xff, 0x6a, 0x3a, 0xff, 0x6a, 0x3a, 0xff, 0x6a, 0x3a, 0xff,
    0x49, 0x3a, 0xff, 0x09, 0x32, 0xff, 0x29, 0x32, 0xff, 0x6a, 0x3a, 0xff, 0x6a, 0x3a, 0xff, 0xab, 0x42, 0xff, 0xcb, 0x4a, 0xff, 0xcb, 0x42, 0xff,
    0xab, 0x42, 0xff, 0xab, 0x42, 0xff, 0xab, 0x42, 0xff, 0xab, 0x42, 0xff, 0xab, 0x42, 0xff, 0xab, 0x42, 0xff, 0xab, 0x42, 0xff, 0xab, 0x42, 0xff,
    0xab, 0x42, 0xff, 0xaa, 0x42, 0xff, 0xaa, 0x3a, 0xff, 0x69, 0x3a, 0xff, 0x4a, 0x3a, 0xff, 0xc8, 0x21, 0xcf, 0x75, 0xa5, 0x60, 0xff, 0xff, 0x10,
    0x00, 0x00, 0x00, 0x00, 0x00, 0x00, 0x00, 0x00, 0x00, 0x00, 0x00, 0x00, 0x00, 0x00, 0x00, 0x00, 0x00, 0x00, 0x00, 0x00, 0x00, 0x00, 0x00, 0x00,
    0x00, 0x00, 0x00, 0x00, 0x00, 0x00, 0x00, 0x00, 0x00, 0x00, 0x00, 0x00, 0x00, 0x00, 0x00, 0x00, 0x00, 0x00, 0x00, 0x00, 0x00, 0x00, 0x00, 0x00,
    0x00, 0x00, 0x00, 0x00, 0x00, 0x00, 0x00, 0x00, 0x00, 0x00, 0x00, 0x00, 0x00, 0x00, 0x00, 0x00, 0x00, 0x00, 0x00, 0x00, 0x00, 0x00, 0x00, 0x00,
    0x00, 0x00, 0x00, 0x00, 0x00, 0x00, 0x00, 0x00, 0x00, 0x00, 0x00, 0x00, 0xff, 0xff, 0x30, 0xef, 0x73, 0x9f, 0x29, 0x32, 0xef, 0xaa, 0x42, 0xff,
    0x6a, 0x3a, 0xff, 0x6a, 0x3a, 0xff, 0x6a, 0x3a, 0xff, 0x49, 0x3a, 0xff, 0x29, 0x32, 0xff, 0x09, 0x32, 0xff, 0x6a, 0x3a, 0xff, 0x49, 0x3a, 0xff,
    0xab, 0x42, 0xff, 0xcb, 0x4a, 0xff, 0xcb, 0x4a, 0xff, 0xcb, 0x4a, 0xff, 0xab, 0x42, 0xff, 0xab, 0x42, 0xff, 0xab, 0x42, 0xff, 0xab, 0x42, 0xff,
    0xab, 0x42, 0xff, 0xab, 0x42, 0xff, 0xab, 0x42, 0xff, 0xab, 0x42, 0xff, 0xaa, 0x42, 0xff, 0xaa, 0x3a, 0xff, 0x6a, 0x3a, 0xff, 0x6a, 0x3a, 0xff,
    0xe8, 0x29, 0xef, 0x92, 0x84, 0x9f, 0xff, 0xff, 0x30, 0x00, 0x00, 0x00, 0x00, 0x00, 0x00, 0x00, 0x00, 0x00, 0x00, 0x00, 0x00, 0x00, 0x00, 0x00,
    0x00, 0x00, 0x00, 0x00, 0x00, 0x00, 0x00, 0x00, 0x00, 0x00, 0x00, 0x00, 0x00, 0x00, 0x00, 0x00, 0x00, 0x00, 0x00, 0x00, 0x00, 0x00, 0x00, 0x00,
    0x00, 0x00, 0x00, 0x00, 0x00, 0x00, 0x00, 0x00, 0x00, 0x00, 0x00, 0x00, 0x00, 0x00, 0x00, 0x00, 0x00, 0x00, 0x00, 0x00, 0x00, 0x00, 0x00, 0x00,
    0x00, 0x00, 0x00, 0x00, 0x00, 0x00, 0x00, 0x00, 0x00, 0x00, 0x00, 0x00, 0x00, 0x00, 0x00, 0x00, 0x00, 0x00, 0x00, 0x00, 0x00, 0xff, 0xff, 0x10,
    0xb2, 0x8c, 0x60, 0x09, 0x32, 0xcf, 0xaa, 0x42, 0xff, 0x6a, 0x3a, 0xff, 0x6a, 0x3a, 0xff, 0x6a, 0x3a, 0xff, 0x49, 0x3a, 0xff, 0x29, 0x32, 0xff,
    0x09, 0x32, 0xff, 0x6a, 0x3a, 0xff, 0x4a, 0x3a, 0xff, 0xaa, 0x42, 0xff, 0xab, 0x42, 0xff, 0xcb, 0x42, 0xff, 0xcb, 0x4a, 0xff, 0xcb, 0x4a, 0xff,
    0xcb, 0x42, 0xff, 0xab, 0x42, 0xff, 0xab, 0x42, 0xff, 0xab, 0x42, 0xff, 0xaa, 0x42, 0xff, 0xab, 0x42, 0xff, 0xab, 0x42, 0xff, 0xaa, 0x42, 0xff,
    0x6a, 0x3a, 0xff, 0x6a, 0x3a, 0xff, 0x4a, 0x3a, 0xff, 0xe8, 0x29, 0xff, 0x10, 0x74, 0xbf, 0xff, 0xff, 0x40, 0x00, 0x00, 0x00, 0x00, 0x00, 0x00,
    0x00, 0x00, 0x00, 0x00, 0x00, 0x00, 0x00, 0x00, 0x00, 0x00, 0x00, 0x00, 0x00, 0x00, 0x00, 0x00, 0x00, 0x00, 0x00, 0x00, 0x00, 0x00, 0x00, 0x00,
    0x00, 0x00, 0x00, 0x00, 0x00, 0x00, 0x00, 0x00, 0x00, 0x00, 0x00, 0x00, 0x00, 0x00, 0x00, 0x00, 0x00, 0x00, 0x00, 0x00, 0x00, 0x00, 0x00, 0x00,
    0x00, 0x00, 0x00, 0x00, 0x00, 0x00, 0x00, 0x00, 0x00, 0x00, 0x00, 0x00, 0x00, 0x00, 0x00, 0x00, 0x00, 0x00, 0x00, 0x00, 0x00, 0x00, 0x00, 0x00,
    0x00, 0x00, 0x00, 0x00, 0x00, 0x00, 0x00, 0x00, 0x00, 0xf3, 0x94, 0x40, 0x09, 0x32, 0xbf, 0xab, 0x42, 0xff, 0x6a, 0x3a, 0xff, 0x6a, 0x3a, 0xff,
    0x6a, 0x3a, 0xff, 0x4a, 0x3a, 0xff, 0x29, 0x32, 0xff, 0x09, 0x32, 0xff, 0x6a, 0x3a, 0xff, 0x6a, 0x3a, 0xff, 0x6a, 0x3a, 0xff, 0xab, 0x42, 0xff,
    0xcb, 0x42, 0xff, 0xcb, 0x4a, 0xff, 0xcb, 0x4a, 0xff, 0xcb, 0x4a, 0xff, 0xcb, 0x42, 0xff, 0xab, 0x42, 0xff, 0xab, 0x42, 0xff, 0xab, 0x42, 0xff,
    0xab, 0x42, 0xff, 0xaa, 0x42, 0xff, 0xaa, 0x42, 0xff, 0x6a, 0x3a, 0xff, 0x4a, 0x3a, 0xff, 0x49, 0x3a, 0xff, 0xe8, 0x29, 0xff, 0x6d, 0x5b, 0xbf,
    0xff, 0xff, 0x40, 0x00, 0x00, 0x00, 0x00, 0x00, 0x00, 0x00, 0x00, 0x00, 0x00, 0x00, 0x00, 0x00, 0x00, 0x00, 0x00, 0x00, 0x00, 0x00, 0x00, 0x00,
    0x00, 0x00, 0x00, 0x00, 0x00, 0x00, 0x00, 0x00, 0x00, 0x00, 0x00, 0x00, 0x00, 0x00, 0x00, 0x00, 0x00, 0x00, 0x00, 0x00, 0x00, 0x00, 0x00, 0x00,
    0x00, 0x00, 0x00, 0x00, 0x00, 0x00, 0x00, 0x00, 0x00, 0x00, 0x00, 0x00, 0x00, 0x00, 0x00, 0x00, 0x00, 0x00, 0x00, 0x00, 0x00, 0x00, 0x00, 0x00,
    0x00, 0x00, 0x00, 0x00, 0x00, 0x00, 0x00, 0x00, 0x00, 0x00, 0x00, 0x00, 0x00, 0x00, 0x00, 0x00, 0x00, 0x00, 0x14, 0x9d, 0x40, 0x09, 0x32, 0xbf,
    0xab, 0x42, 0xff, 0xaa, 0x3a, 0xff, 0x6a, 0x3a, 0xff, 0x6a, 0x3a, 0xff, 0x6a, 0x3a, 0xff, 0x49, 0x3a, 0xff, 0x09, 0x32, 0xff, 0x4a, 0x3a, 0xff,
    0x6a, 0x3a, 0xff, 0x6a, 0x3a, 0xff, 0xab, 0x42, 0xff, 0xab, 0x42, 0xff, 0xcb, 0x4a, 0xff, 0xcb, 0x4a, 0xff, 0xcb, 0x4a, 0xff, 0xcb, 0x4a, 0xff,
    0xab, 0x42, 0xff, 0xab, 0x42, 0xff, 0xab, 0x42, 0xff, 0xab, 0x42, 0xff, 0xaa, 0x42, 0xff, 0xaa, 0x42, 0xff, 0x6a, 0x3a, 0xff, 0x49, 0x3a, 0xff,
    0x29, 0x32, 0xff, 0xc8, 0x29, 0xff, 0x0c, 0x53, 0xbf, 0xbd, 0xef, 0x40, 0x00, 0x00, 0x00, 0x00, 0x00, 0x00, 0x00, 0x00, 0x00, 0x00, 0x00, 0x00,
    0x00, 0x00, 0x00, 0x00, 0x00, 0x00, 0x00, 0x00, 0x00, 0x00, 0x00, 0x00, 0x00, 0x00, 0x00, 0x00, 0x00, 0x00, 0x00, 0x00, 0x00, 0x00, 0x00, 0x00,
    0x00, 0x00, 0x00, 0x00, 0x00, 0x00, 0x00, 0x00, 0x00, 0x00, 0x00, 0x00, 0x00, 0x00, 0x00, 0x00, 0x00, 0x00, 0x00, 0x00, 0x00, 0x00, 0x00, 0x00,
    0x00, 0x00, 0x00, 0x00, 0x00, 0x00, 0x00, 0x00, 0x00, 0x00, 0x00, 0x00, 0x00, 0x00, 0x00, 0x00, 0x00, 0x00, 0x00, 0x00, 0x00, 0x00, 0x00, 0x00,
    0x00, 0x00, 0x00, 0x95, 0xad, 0x40, 0x29, 0x32, 0xbf, 0xab, 0x42, 0xff, 0xaa, 0x42, 0xff, 0xaa, 0x42, 0xff, 0x6a, 0x3a, 0xff, 0x6a, 0x3a, 0xff,
    0x4a, 0x3a, 0xff, 0x09, 0x32, 0xff, 0x4a, 0x3a, 0xff, 0xaa, 0x3a, 0xff, 0xaa, 0x3a, 0xff, 0xab, 0x42, 0xff, 0xab, 0x42, 0xff, 0xab, 0x42, 0xff,
    0xcb, 0x42, 0xff, 0xcb, 0x42, 0xff, 0xcb, 0x42, 0xff, 0xcb, 0x42, 0xff, 0xab, 0x42, 0xff, 0xab, 0x42, 0xff, 0xab, 0x42, 0xff, 0xaa, 0x42, 0xff,
    0xaa, 0x3a, 0xff, 0x6a, 0x3a, 0xff, 0x49, 0x3a, 0xff, 0x29, 0x32, 0xff, 0xe8, 0x29, 0xff, 0xaa, 0x42, 0xbf, 0x5c, 0xe7, 0x40, 0x00, 0x00, 0x00,
    0x00, 0x00, 0x00, 0x00, 0x00, 0x00, 0x00, 0x00, 0x00, 0x00, 0x00, 0x00, 0x00, 0x00, 0x00, 0x00, 0x00, 0x00, 0x00, 0x00, 0x00, 0x00, 0x00, 0x00,
    0x00, 0x00, 0x00, 0x00, 0x00, 0x00, 0x00, 0x00, 0x00, 0x00, 0x00, 0x00, 0x00, 0x00, 0x00, 0x00, 0x00, 0x00, 0x00, 0x00, 0x00, 0x00, 0x00, 0x00,
    0x00, 0x00, 0x00, 0x00, 0x00, 0x00, 0x00, 0x00, 0x00, 0x00, 0x00, 0x00, 0x00, 0x00, 0x00, 0x00, 0x00, 0x00, 0x00, 0x00, 0x00, 0x00, 0x00, 0x00,
    0x00, 0x00, 0x00, 0x00, 0x00, 0x00, 0x00, 0x00, 0x00, 0x00, 0x00, 0x00, 0x17, 0xbe, 0x40, 0x29, 0x32, 0xbf, 0xab, 0x42, 0xff, 0xaa, 0x42, 0xff,
    0xaa, 0x42, 0xff, 0xaa, 0x3a, 0xff, 0xaa, 0x3a, 0xff, 0x6a, 0x3a, 0xff, 0x29, 0x32, 0xff, 0x4a, 0x3a, 0xff, 0xab, 0x42, 0xff, 0xaa, 0x42, 0xff,
    0xab, 0x42, 0xff, 0xab, 0x42, 0xff, 0xab, 0x42, 0xff, 0xcb, 0x42, 0xff, 0xcb, 0x42, 0xff, 0xcb, 0x4a, 0xff, 0xcb, 0x42, 0xff, 0xcb, 0x42, 0xff,
    0xab, 0x42, 0xff, 0xab, 0x42, 0xff, 0xab, 0x42, 0xff, 0xaa, 0x42, 0xff, 0x6a, 0x3a, 0xff, 0x4a, 0x3a, 0xff, 0x29, 0x32, 0xff, 0xe8, 0x29, 0xff,
    0x29, 0x32, 0xbf, 0xfa, 0xd6, 0x40, 0x00, 0x00, 0x00, 0x00, 0x00, 0x00, 0x00, 0x00, 0x00, 0x00, 0x00, 0x00, 0x00, 0x00, 0x00, 0x00, 0x00, 0x00,
    0x00, 0x00, 0x00, 0x00, 0x00, 0x00, 0x00, 0x00, 0x00, 0x00, 0x00, 0x00, 0x00, 0x00, 0x00, 0x00, 0x00, 0x00, 0x00, 0x00, 0x00, 0x00, 0x00, 0x00,
    0x00, 0x00, 0x00, 0x00, 0x00, 0x00, 0x00, 0x00, 0x00, 0x00, 0x00, 0x00, 0x00, 0x00, 0x00, 0x00, 0x00, 0x00, 0x00, 0x00, 0x00, 0x00, 0x00, 0x00,
    0x00, 0x00, 0x00, 0x00, 0x00, 0x00, 0x00, 0x00, 0x00, 0x00, 0x00, 0x00, 0x00, 0x00, 0x00, 0x00, 0x00, 0x00, 0x00, 0x00, 0x00, 0x78, 0xc6, 0x40,
    0x49, 0x32, 0xbf, 0xab, 0x42, 0xff, 0xaa, 0x42, 0xff, 0xaa, 0x42, 0xff, 0xaa, 0x42, 0xff, 0xaa, 0x3a, 0xff, 0x6a, 0x3a, 0xff, 0x29, 0x32, 0xff,
    0x49, 0x3a, 0xff, 0xab, 0x42, 0xff, 0xaa, 0x42, 0xff, 0xab, 0x42, 0xff, 0xab, 0x42, 0xff, 0xab, 0x42, 0xff, 0xcb, 0x42, 0xff, 0xcb, 0x4a, 0xff,
    0xcb, 0x42, 0xff, 0xcb, 0x42, 0xff, 0xab, 0x42, 0xff, 0xab, 0x42, 0xff, 0xab, 0x42, 0xff, 0xab, 0x42, 0xff, 0xaa, 0x42, 0xff, 0x6a, 0x3a, 0xff,
    0x49, 0x3a, 0xff, 0x29, 0x32, 0xff, 0x08, 0x2a, 0xff, 0x08, 0x32, 0xbf, 0xb9, 0xce, 0x40, 0x00, 0x00, 0x00, 0x00, 0x00, 0x00, 0x00, 0x00, 0x00,
    0x00, 0x00, 0x00, 0x00, 0x00, 0x00, 0x00, 0x00, 0x00, 0x00, 0x00, 0x00, 0x00, 0x00, 0x00, 0x00, 0x00, 0x00, 0x00, 0x00, 0x00, 0x00, 0x00, 0x00,
    0x00, 0x00, 0x00, 0x00, 0x00, 0x00, 0x00, 0x00, 0x00, 0x00, 0x00, 0x00, 0x00, 0x00, 0x00, 0x00, 0x00, 0x00, 0x00, 0x00, 0x00, 0x00, 0x00, 0x00,
    0x00, 0x00, 0x00, 0x00, 0x00, 0x00, 0x00, 0x00, 0x00, 0x00, 0x00, 0x00, 0x00, 0x00, 0x00, 0x00, 0x00, 0x00, 0x00, 0x00, 0x00, 0x00, 0x00, 0x00,
    0x00, 0x00, 0x00, 0x00, 0x00, 0x00, 0xb9, 0xce, 0x40, 0x49, 0x3a, 0xbf, 0xab, 0x42, 0xff, 0xaa, 0x3a, 0xff, 0xaa, 0x42, 0xff, 0xaa, 0x3a, 0xff,
    0x6a, 0x3a, 0xff, 0x6a, 0x3a, 0xff, 0x49, 0x32, 0xff, 0x49, 0x32, 0xff, 0xab, 0x42, 0xff, 0xaa, 0x3a, 0xff, 0xab, 0x42, 0xff, 0xab, 0x42, 0xff,
    0xab, 0x42, 0xff, 0xab, 0x42, 0xff, 0xcb, 0x42, 0xff, 0xcb, 0x42, 0xff, 0xcb, 0x42, 0xff, 0xcb, 0x42, 0xff, 0xab, 0x42, 0xff, 0xab, 0x42, 0xff,
    0xab, 0x42, 0xff, 0xaa, 0x42, 0xff, 0x6a, 0x3a, 0xff, 0x6a, 0x3a, 0xff, 0x29, 0x32, 0xff, 0x09, 0x2a, 0xff, 0xe8, 0x29, 0xbf, 0x99, 0xce, 0x40,
    0x00, 0x00, 0x00, 0x00, 0x00, 0x00, 0x00, 0x00, 0x00, 0x00, 0x00, 0x00, 0x00, 0x00, 0x00, 0x00, 0x00, 0x00, 0x00, 0x00, 0x00, 0x00, 0x00, 0x00,
    0x00, 0x00, 0x00, 0x00, 0x00, 0x00, 0x00, 0x00, 0x00, 0x00, 0x00, 0x00, 0x00, 0x00, 0x00, 0x00, 0x00, 0x00, 0x00, 0x00, 0x00, 0x00, 0x00, 0x00,
    0x00, 0x00, 0x00, 0x00, 0x00, 0x00, 0x00, 0x00, 0x00, 0x00, 0x00, 0x00, 0x00, 0x00, 0x00, 0x00, 0x00, 0x00, 0x00, 0x00, 0x00, 0x00, 0x00, 0x00,
    0x00, 0x00, 0x00, 0x00, 0x00, 0x00, 0x00, 0x00, 0x00, 0x00, 0x00, 0x00, 0x00, 0x00, 0x00, 0x1a, 0xd7, 0x40, 0xaa, 0x42, 0xbf, 0x6a, 0x3a, 0xff,
    0xaa, 0x3a, 0xff, 0xaa, 0x3a, 0xff, 0xaa, 0x3a, 0xff, 0x6a, 0x3a, 0xff, 0x6a, 0x3a, 0xff, 0x49, 0x32, 0xff, 0x29, 0x32, 0xff, 0xab, 0x42, 0xff,
    0xaa, 0x3a, 0xff, 0xaa, 0x42, 0xff, 0xab, 0x42, 0xff, 0xab, 0x42, 0xff, 0xcb, 0x42, 0xff, 0xcb, 0x42, 0xff, 0xcb, 0x4a, 0xff, 0xcb, 0x42, 0xff,
    0xcb, 0x42, 0xff, 0xab, 0x42, 0xff, 0xab, 0x42, 0xff, 0xab, 0x42, 0xff, 0xaa, 0x42, 0xff, 0x6a, 0x3a, 0xff, 0x6a, 0x3a, 0xff, 0x49, 0x32, 0xff,
    0x29, 0x2a, 0xff, 0xe8, 0x29, 0xbf, 0x99, 0xce, 0x40, 0x00, 0x00, 0x00, 0x00, 0x00, 0x00, 0x00, 0x00, 0x00, 0x00, 0x00, 0x00, 0x00, 0x00, 0x00,
    0x00, 0x00, 0x00, 0x00, 0x00, 0x00, 0x00, 0x00, 0x00, 0x00, 0x00, 0x00, 0x00, 0x00, 0x00, 0x00, 0x00, 0x00, 0x00, 0x00, 0x00, 0x00, 0x00, 0x00,
    0x00, 0x00, 0x00, 0x00, 0x00, 0x00, 0x00, 0x00, 0x00, 0x00, 0x00, 0x00, 0x00, 0x00, 0x00, 0x00, 0x00, 0x00, 0x00, 0x00, 0x00, 0x00, 0x00, 0x00,
    0x00, 0x00, 0x00, 0x00, 0x00, 0x00, 0x00, 0x00, 0x00, 0x00, 0x00, 0x00, 0x00, 0x00, 0x00, 0x00, 0x00, 0x00, 0x00, 0x00, 0x00, 0x00, 0x00, 0x00,
    0x5b, 0xdf, 0x40, 0xcb, 0x4a, 0xbf, 0x6a, 0x3a, 0xff, 0x6a, 0x3a, 0xff, 0x6a, 0x3a, 0xff, 0xaa, 0x3a, 0xff, 0x6a, 0x3a, 0xff, 0x6a, 0x3a, 0xff,
    0x49, 0x3a, 0xff, 0x29, 0x32, 0xff, 0xab, 0x42, 0xff, 0xaa, 0x42, 0xff, 0xab, 0x42, 0xff, 0xab, 0x42, 0xff, 0xcb, 0x4a, 0xff, 0xcb, 0x42, 0xff,
    0xcb, 0x4a, 0xff, 0xcb, 0x4a, 0xff, 0xcb, 0x4a, 0xff, 0xcb, 0x4a, 0xff, 0xab, 0x42, 0xff, 0xab, 0x42, 0xff, 0xab, 0x42, 0xff, 0xaa, 0x42, 0xff,
    0xaa, 0x42, 0xff, 0x6a, 0x3a, 0xff, 0x49, 0x32, 0xff, 0x29, 0x32, 0xff, 0xe8, 0x29, 0xbf, 0x99, 0xce, 0x40, 0x00, 0x00, 0x00, 0x00, 0x00, 0x00,
    0x00, 0x00, 0x00, 0x00, 0x00, 0x00, 0x00, 0x00, 0x00, 0x00, 0x00, 0x00, 0x00, 0x00, 0x00, 0x00, 0x00, 0x00, 0x00, 0x00, 0x00, 0x00, 0x00, 0x00,
    0x00, 0x00, 0x00, 0x00, 0x00, 0x00, 0x00, 0x00, 0x00, 0x00, 0x00, 0x00, 0x00, 0x00, 0x00, 0x00, 0x00, 0x00, 0x00, 0x00, 0x00, 0x00, 0x00, 0x00,
    0x00, 0x00, 0x00, 0x00, 0x00, 0x00, 0x00, 0x00, 0x00, 0x00, 0x00, 0x00, 0x00, 0x00, 0x00, 0x00, 0x00, 0x00, 0x00, 0x00, 0x00, 0x00, 0x00, 0x00,
    0x00, 0x00, 0x00, 0x00, 0x00, 0x00, 0x00, 0x00, 0x00, 0x7c, 0xe7, 0x40, 0xec, 0x52, 0xbf, 0x4a, 0x3a, 0xff, 0x6a, 0x3a, 0xff, 0x6a, 0x3a, 0xff,
    0x6a, 0x3a, 0xff, 0x6a, 0x3a, 0xff, 0x6a, 0x3a, 0xff, 0x4a, 0x3a, 0xff, 0x09, 0x32, 0xff, 0xab, 0x42, 0xff, 0xaa, 0x42, 0xff, 0xab, 0x42, 0xff,
    0xab, 0x42, 0xff, 0xab, 0x42, 0xff, 0xcb, 0x4a, 0xff, 0xcb, 0x42, 0xff, 0xcb, 0x42, 0xff, 0xcb, 0x4a, 0xff, 0xcb, 0x4a, 0xff, 0xab, 0x42, 0xff,
    0xab, 0x42, 0xff, 0xab, 0x42, 0xff, 0xaa, 0x42, 0xff, 0xaa, 0x3a, 0xff, 0x6a, 0x3a, 0xff, 0x49, 0x32, 0xff, 0x29, 0x32, 0xff, 0x08, 0x32, 0xbf,
    0xb9, 0xce, 0x40, 0x00, 0x00, 0x00, 0x00, 0x00, 0x00, 0x00, 0x00, 0x00, 0x00, 0x00, 0x00, 0x00, 0x00, 0x00, 0x00, 0x00, 0x00, 0x00, 0x00, 0x00,
    0x00, 0x00, 0x00, 0x00, 0x00, 0x00, 0x00, 0x00, 0x00, 0x00, 0x00, 0x00, 0x00, 0x00, 0x00, 0x00, 0x00, 0x00, 0x00, 0x00, 0x00, 0x00, 0x00, 0x00,
    0x00, 0x00, 0x00, 0x00, 0x00, 0x00, 0x00, 0x00, 0x00, 0x00, 0x00, 0x00, 0x00, 0x00, 0x00, 0x00, 0x00, 0x00, 0x00, 0x00, 0x00, 0x00, 0x00, 0x00,
    0x00, 0x00, 0x00, 0x00, 0x00, 0x00, 0x00, 0x00, 0x00, 0x00, 0x00, 0x00, 0x00, 0x00, 0x00, 0x00, 0x00, 0x00, 0x9d, 0xef, 0x30, 0x2c, 0x53, 0x9f,
    0x4a, 0x32, 0xef, 0x6a, 0x3a, 0xff, 0x6a, 0x3a, 0xff, 0x6a, 0x3a, 0xff, 0x6a, 0x3a, 0xff, 0x6a, 0x3a, 0xff, 0x6a, 0x3a, 0xff, 0x08, 0x32, 0xff,
    0xab, 0x42, 0xff, 0xab, 0x42, 0xff, 0xab, 0x42, 0xff, 0xab, 0x42, 0xff, 0xab, 0x42, 0xff, 0xab, 0x42, 0xff, 0xcb, 0x42, 0xff, 0xcb, 0x42, 0xff,
    0xcb, 0x4a, 0xff, 0xcb, 0x42, 0xff, 0xab, 0x42, 0xff, 0xab, 0x42, 0xff, 0xab, 0x42, 0xff, 0xaa, 0x42, 0xff, 0xaa, 0x3a, 0xff, 0x6a, 0x3a, 0xff,
    0x49, 0x32, 0xff, 0x29, 0x2a, 0xff, 0x49, 0x3a, 0xbf, 0xda, 0xd6, 0x40, 0x00, 0x00, 0x00, 0x00, 0x00, 0x00, 0x00, 0x00, 0x00, 0x00, 0x00, 0x00,
    0x00, 0x00, 0x00, 0x00, 0x00, 0x00, 0x00, 0x00, 0x00, 0x00, 0x00, 0x00, 0x00, 0x00, 0x00, 0x00, 0x00, 0x00, 0x00, 0x00, 0x00, 0x00, 0x00, 0x00,
    0x00, 0x00, 0x00, 0x00, 0x00, 0x00, 0x00, 0x00, 0x00, 0x00, 0x00, 0x00, 0x00, 0x00, 0x00, 0x00, 0x00, 0x00, 0x00, 0x00, 0x00, 0x00, 0x00, 0x00,
    0x00, 0x00, 0x00, 0x00, 0x00, 0x00, 0x00, 0x00, 0x00, 0x00, 0x00, 0x00, 0x00, 0x00, 0x00, 0x00, 0x00, 0x00, 0x00, 0x00, 0x00, 0x00, 0x00, 0x00,
    0x00, 0x00, 0x00, 0xfd, 0xef, 0x10, 0xcf, 0x6b, 0x60, 0x29, 0x32, 0xcf, 0xaa, 0x3a, 0xff, 0xaa, 0x3a, 0xff, 0x6a, 0x3a, 0xff, 0x6a, 0x3a, 0xff,
    0x6a, 0x3a, 0xff, 0x6a, 0x3a, 0xff, 0x08, 0x2a, 0xff, 0xaa, 0x42, 0xff, 0xab, 0x42, 0xff, 0xaa, 0x42, 0xff, 0xab, 0x42, 0xff, 0xab, 0x42, 0xff,
    0xab, 0x42, 0xff, 0xab, 0x42, 0xff, 0xcb, 0x42, 0xff, 0xab, 0x42, 0xff, 0xab, 0x42, 0xff, 0xab, 0x42, 0xff, 0xab, 0x42, 0xff, 0xab, 0x42, 0xff,
    0xaa, 0x42, 0xff, 0x6a, 0x3a, 0xff, 0x49, 0x3a, 0xff, 0x29, 0x32, 0xff, 0x09, 0x2a, 0xff, 0x6a, 0x3a, 0xbf, 0xfa, 0xd6, 0x40, 0x00, 0x00, 0x00,
    0x00, 0x00, 0x00, 0x00, 0x00, 0x00, 0x00, 0x00, 0x00, 0x00, 0x00, 0x00, 0x00, 0x00, 0x00, 0x00, 0x00, 0x00, 0x00, 0x00, 0x00, 0x00, 0x00, 0x00,
    0x00, 0x00, 0x00, 0x00, 0x00, 0x00, 0x00, 0x00, 0x00, 0x00, 0x00, 0x00, 0x00, 0x00, 0x00, 0x00, 0x00, 0x00, 0x00, 0x00, 0x00, 0x00, 0x00, 0x00,
    0x00, 0x00, 0x00, 0x00, 0x00, 0x00, 0x00, 0x00, 0x00, 0x00, 0x00, 0x00, 0x00, 0x00, 0x00, 0x00, 0x00, 0x00, 0x00, 0x00, 0x00, 0x00, 0x00, 0x00,
    0x00, 0x00, 0x00, 0x00, 0x00, 0x00, 0x00, 0x00, 0x00, 0x00, 0x00, 0x00, 0x00, 0x00, 0x00, 0x10, 0x74, 0x40, 0x29, 0x32, 0xbf, 0xab, 0x42, 0xff,
    0xaa, 0x3a, 0xff, 0xaa, 0x3a, 0xff, 0x6a, 0x3a, 0xff, 0x6a, 0x3a, 0xff, 0x6a, 0x3a, 0xff, 0x08, 0x32, 0xff, 0xaa, 0x3a, 0xff, 0xab, 0x42, 0xff,
    0xaa, 0x42, 0xff, 0xab, 0x42, 0xff, 0xab, 0x42, 0xff, 0xab, 0x42, 0xff, 0xab, 0x42, 0xff, 0xab, 0x42, 0xff, 0xab, 0x42, 0xff, 0xab, 0x42, 0xff,
    0xab, 0x42, 0xff, 0xab, 0x42, 0xff, 0xab, 0x42, 0xff, 0xaa, 0x42, 0xff, 0x6a, 0x3a, 0xff, 0x49, 0x3a, 0xff, 0x29, 0x32, 0xff, 0x08, 0x2a, 0xff,
    0x49, 0x3a, 0xbf, 0x1b, 0xdf, 0x40, 0x00, 0x00, 0x00, 0x00, 0x00, 0x00, 0x00, 0x00, 0x00, 0x00, 0x00, 0x00, 0x00, 0x00, 0x00, 0x00, 0x00, 0x00,
    0x00, 0x00, 0x00, 0x00, 0x00, 0x00, 0x00, 0x00, 0x00, 0x00, 0x00, 0x00, 0x00, 0x00, 0x00, 0x00, 0x00, 0x00, 0x00, 0x00, 0x00, 0x00, 0x00, 0x00,
    0x00, 0x00, 0x00, 0x00, 0x00, 0x00, 0x00, 0x00, 0x00, 0x00, 0x00, 0x00, 0x00, 0x00, 0x00, 0x00, 0x00, 0x00, 0x00, 0x00, 0x00, 0x00, 0x00, 0x00,
    0x00, 0x00, 0x00, 0x00, 0x00, 0x00, 0x00, 0x00, 0x00, 0x00, 0x00, 0x00, 0x00, 0x00, 0x00, 0x00, 0x00, 0x00, 0x00, 0x00, 0x00, 0x00, 0x00, 0x00,
    0x92, 0x84, 0x40, 0x29, 0x32, 0xbf, 0xab, 0x42, 0xff, 0xaa, 0x3a, 0xff, 0xaa, 0x42, 0xff, 0xaa, 0x42, 0xff, 0x6a, 0x3a, 0xff, 0x6a, 0x3a, 0xff,
    0x08, 0x32, 0xff, 0x6a, 0x3a, 0xff, 0xab, 0x42, 0xff, 0xaa, 0x3a, 0xff, 0xab, 0x42, 0xff, 0xab, 0x42, 0xff, 0xab, 0x42, 0xff, 0xab, 0x42, 0xff,
    0xab, 0x42, 0xff, 0xab, 0x42, 0xff, 0xab, 0x42, 0xff, 0xab, 0x42, 0xff, 0xab, 0x42, 0xff, 0xab, 0x42, 0xff, 0xaa, 0x42, 0xff, 0x6a, 0x3a, 0xff,
    0x49, 0x32, 0xff, 0x08, 0x32, 0xff, 0xe8, 0x29, 0xff, 0x49, 0x3a, 0xbf, 0x1b, 0xdf, 0x40, 0x00, 0x00, 0x00, 0x00, 0x00, 0x00, 0x00, 0x00, 0x00,
    0x00, 0x00, 0x00, 0x00, 0x00, 0x00, 0x00, 0x00, 0x00, 0x00, 0x00, 0x00, 0x00, 0x00, 0x00, 0x00, 0x00, 0x00, 0x00, 0x00, 0x00, 0x00, 0x00, 0x00,
    0x00, 0x00, 0x00, 0x00, 0x00, 0x00, 0x00, 0x00, 0x00, 0x00, 0x00, 0x00, 0x00, 0x00, 0x00, 0x00, 0x00, 0x00, 0x00, 0x00, 0x00, 0x00, 0x00, 0x00,
    0x00, 0x00, 0x00, 0x00, 0x00, 0x00, 0x00, 0x00, 0x00, 0x00, 0x00, 0x00, 0x00, 0x00, 0x00, 0x00, 0x00, 0x00, 0x00, 0x00, 0x00, 0x00, 0x00, 0x00,
    0x00, 0x00, 0x00, 0x00, 0x00, 0x00, 0x00, 0x00, 0x00, 0xb2, 0x8c, 0x40, 0x29, 0x32, 0xbf, 0xab, 0x42, 0xff, 0xaa, 0x3a, 0xff, 0xaa, 0x42, 0xff,
    0xaa, 0x42, 0xff, 0xaa, 0x3a, 0xff, 0x6a, 0x3a, 0xff, 0x29, 0x32, 0xff, 0x6a, 0x3a, 0xff, 0xab, 0x42, 0xff, 0xaa, 0x42, 0xff, 0xab, 0x42, 0xff,
    0xab, 0x42, 0xff, 0xab, 0x42, 0xff, 0xcb, 0x42, 0xff, 0xcb, 0x42, 0xff, 0xab, 0x42, 0xff, 0xab, 0x42, 0xff, 0xab, 0x42, 0xff, 0xaa, 0x42, 0xff,
    0xab, 0x42, 0xff, 0xaa, 0x42, 0xff, 0x6a, 0x3a, 0xff, 0x29, 0x32, 0xff, 0x08, 0x2a, 0xff, 0xe8, 0x21, 0xff, 0x6a, 0x3a, 0xbf, 0x3b, 0xdf, 0x40,
    0x00, 0x00, 0x00, 0x00, 0x00, 0x00, 0x00, 0x00, 0x00, 0x00, 0x00, 0x00, 0x00, 0x00, 0x00, 0x00, 0x00, 0x00, 0x00, 0x00, 0x00, 0x00, 0x00, 0x00,
    0x00, 0x00, 0x00, 0x00, 0x00, 0x00, 0x00, 0x00, 0x00, 0x00, 0x00, 0x00, 0x00, 0x00, 0x00, 0x00, 0x00, 0x00, 0x00, 0x00, 0x00, 0x00, 0x00, 0x00,
    0x00, 0x00, 0x00, 0x00, 0x00, 0x00, 0x00, 0x00, 0x00, 0x00, 0x00, 0x00, 0x00, 0x00, 0x00, 0x00, 0x00, 0x00, 0x00, 0x00, 0x00, 0x00, 0x00, 0x00,
    0x00, 0x00, 0x00, 0x00, 0x00, 0x00, 0x00, 0x00, 0x00, 0x00, 0x00, 0x00, 0x00, 0x00, 0x00, 0x00, 0x00, 0x00, 0xd3, 0x94, 0x40, 0x29, 0x32, 0xbf,
    0xab, 0x42, 0xff, 0xaa, 0x3a, 0xff, 0xaa, 0x42, 0xff, 0xaa, 0x42, 0xff, 0xaa, 0x3a, 0xff, 0x6a, 0x3a, 0xff, 0x29, 0x32, 0xff, 0x49, 0x3a, 0xff,
    0xab, 0x42, 0xff, 0xaa, 0x42, 0xff, 0xab, 0x42, 0xff, 0xab, 0x42, 0xff, 0xab, 0x42, 0xff, 0xcb, 0x42, 0xff, 0xcb, 0x42, 0xff, 0xab, 0x42, 0xff,
    0xab, 0x42, 0xff, 0xab, 0x42, 0xff, 0xab, 0x42, 0xff, 0xab, 0x42, 0xff, 0xaa, 0x42, 0xff, 0x6a, 0x3a, 0xff, 0x29, 0x32, 0xff, 0x08, 0x2a, 0xff,
    0xe8, 0x29, 0xff, 0xaa, 0x42, 0xbf, 0x5c, 0xe7, 0x40, 0x00, 0x00, 0x00, 0x00, 0x00, 0x00, 0x00, 0x00, 0x00, 0x00, 0x00, 0x00, 0x00, 0x00, 0x00,
    0x00, 0x00, 0x00, 0x00, 0x00, 0x00, 0x00, 0x00, 0x00, 0x00, 0x00, 0x00, 0x00, 0x00, 0x00, 0x00, 0x00, 0x00, 0x00, 0x00, 0x00, 0x00, 0x00, 0x00,
    0x00, 0x00, 0x00, 0x00, 0x00, 0x00, 0x00, 0x00, 0x00, 0x00, 0x00, 0x00, 0x00, 0x00, 0x00, 0x00, 0x00, 0x00, 0x00, 0x00, 0x00, 0x00, 0x00, 0x00,
    0x00, 0x00, 0x00, 0x00, 0x00, 0x00, 0x00, 0x00, 0x00, 0x00, 0x00, 0x00, 0x00, 0x00, 0x00, 0x00, 0x00, 0x00, 0x00, 0x00, 0x00, 0x00, 0x00, 0x00,
    0x00, 0x00, 0x00, 0x55, 0xa5, 0x40, 0x09, 0x32, 0xbf, 0xab, 0x42, 0xff, 0xaa, 0x42, 0xff, 0xaa, 0x3a, 0xff, 0xaa, 0x3a, 0xff, 0xaa, 0x3a, 0xff,
    0xaa, 0x3a, 0xff, 0x49, 0x3a, 0xff, 0x29, 0x32, 0xff, 0xab, 0x42, 0xff, 0xaa, 0x42, 0xff, 0xab, 0x42, 0xff, 0xab, 0x42, 0xff, 0xcb, 0x42, 0xff,
    0xcb, 0x42, 0xff, 0xcb, 0x42, 0xff, 0xab, 0x42, 0xff, 0xab, 0x42, 0xff, 0xab, 0x42, 0xff, 0xab, 0x42, 0xff, 0xab, 0x42, 0xff, 0xaa, 0x42, 0xff,
    0x6a, 0x3a, 0xff, 0x29, 0x32, 0xff, 0x09, 0x32, 0xff, 0xe8, 0x29, 0xff, 0xab, 0x4a, 0xbf, 0x7c, 0xe7, 0x40, 0x00, 0x00, 0x00, 0x00, 0x00, 0x00,
    0x00, 0x00, 0x00, 0x00, 0x00, 0x00, 0x00, 0x00, 0x00, 0x00, 0x00, 0x00, 0x00, 0x00, 0x00, 0x00, 0x00, 0x00, 0x00, 0x00, 0x00, 0x00, 0x00, 0x00,
    0x00, 0x00, 0x00, 0x00, 0x00, 0x00, 0x00, 0x00, 0x00, 0x00, 0x00, 0x00, 0x00, 0x00, 0x00, 0x00, 0x00, 0x00, 0x00, 0x00, 0x00, 0x00, 0x00, 0x00,
    0x00, 0x00, 0x00, 0x00, 0x00, 0x00, 0x00, 0x00, 0x00, 0x00, 0x00, 0x00, 0x00, 0x00, 0x00, 0x00, 0x00, 0x00, 0x00, 0x00, 0x00, 0x00, 0x00, 0x00,
    0x00, 0x00, 0x00, 0x00, 0x00, 0x00, 0x00, 0x00, 0x00, 0x00, 0x00, 0x00, 0xb5, 0xad, 0x40, 0x29, 0x32, 0xbf, 0xab, 0x42, 0xff, 0xaa, 0x42, 0xff,
    0xaa, 0x42, 0xff, 0x6a, 0x3a, 0xff, 0x6a, 0x3a, 0xff, 0x6a, 0x3a, 0xff, 0x49, 0x32, 0xff, 0x29, 0x32, 0xff, 0xab, 0x42, 0xff, 0xaa, 0x42, 0xff,
    0xab, 0x42, 0xff, 0xab, 0x42, 0xff, 0xcb, 0x42, 0xff, 0xcb, 0x42, 0xff, 0xab, 0x42, 0xff, 0xab, 0x42, 0xff, 0xab, 0x42, 0xff, 0xcb, 0x42, 0xff,
    0xab, 0x42, 0xff, 0xab, 0x42, 0xff, 0xaa, 0x42, 0xff, 0x6a, 0x3a, 0xff, 0x29, 0x32, 0xff, 0x08, 0x2a, 0xff, 0xe8, 0x21, 0xff, 0xcb, 0x4a, 0xbf,
    0x7c, 0xe7, 0x40, 0x00, 0x00, 0x00, 0x00, 0x00, 0x00, 0x00, 0x00, 0x00, 0x00, 0x00, 0x00, 0x00, 0x00, 0x00, 0x00, 0x00, 0x00, 0x00, 0x00, 0x00,
    0x00, 0x00, 0x00, 0x00, 0x00, 0x00, 0x00, 0x00, 0x00, 0x00, 0x00, 0x00, 0x00, 0x00, 0x00, 0x00, 0x00, 0x00, 0x00, 0x00, 0x00, 0x00, 0x00, 0x00,
    0x00, 0x00, 0x00, 0x00, 0x00, 0x00, 0x00, 0x00, 0x00, 0x00, 0x00, 0x00, 0x00, 0x00, 0x00, 0x00, 0x00, 0x00, 0x00, 0x00, 0x00, 0x00, 0x00, 0x00,
    0x00, 0x00, 0x00, 0x00, 0x00, 0x00, 0x00, 0x00, 0x00, 0x00, 0x00, 0x00, 0x00, 0x00, 0x00, 0x00, 0x00, 0x00, 0x00, 0x00, 0x00, 0xf6, 0xb5, 0x40,
    0x29, 0x32, 0xbf, 0xab, 0x42, 0xff, 0xab, 0x42, 0xff, 0xaa, 0x42, 0xff, 0xaa, 0x42, 0xff, 0xaa, 0x3a, 0xff, 0x6a, 0x3a, 0xff, 0x49, 0x32, 0xff,
    0x29, 0x32, 0xff, 0xab, 0x42, 0xff, 0xaa, 0x42, 0xff, 0xab, 0x42, 0xff, 0xab, 0x42, 0xff, 0xcb, 0x4a, 0xff, 0xcb, 0x4a, 0xff, 0xcb, 0x4a, 0xff,
    0xcb, 0x42, 0xff, 0xcb, 0x42, 0xff, 0xcb, 0x4a, 0xff, 0xab, 0x42, 0xff, 0xab, 0x42, 0xff, 0xaa, 0x42, 0xff, 0x4a, 0x3a, 0xff, 0x29, 0x32, 0xff,
    0x08, 0x32, 0xff, 0xc8, 0x21, 0xff, 0x0c, 0x53, 0xbf, 0x9d, 0xef, 0x40, 0x00, 0x00, 0x00, 0x00, 0x00, 0x00, 0x00, 0x00, 0x00, 0x00, 0x00, 0x00,
    0x00, 0x00, 0x00, 0x00, 0x00, 0x00, 0x00, 0x00, 0x00, 0x00, 0x00, 0x00, 0x00, 0x00, 0x00, 0x00, 0x00, 0x00, 0x00, 0x00, 0x00, 0x00, 0x00, 0x00,
    0x00, 0x00, 0x00, 0x00, 0x00, 0x00, 0x00, 0x00, 0x00, 0x00, 0x00, 0x00, 0x00, 0x00, 0x00, 0x00, 0x00, 0x00, 0x00, 0x00, 0x00, 0x00, 0x00, 0x00,
    0x00, 0x00, 0x00, 0x00, 0x00, 0x00, 0x00, 0x00, 0x00, 0x00, 0x00, 0x00, 0x00, 0x00, 0x00, 0x00, 0x00, 0x00, 0x00, 0x00, 0x00, 0x00, 0x00, 0x00,
    0x00, 0x00, 0x00, 0x00, 0x00, 0x00, 0x78, 0xc6, 0x40, 0x29, 0x32, 0xbf, 0xab, 0x42, 0xff, 0xaa, 0x3a, 0xff, 0xaa, 0x42, 0xff, 0xaa, 0x3a, 0xff,
    0xaa, 0x3a, 0xff, 0xaa, 0x3a, 0xff, 0x49, 0x3a, 0xff, 0x08, 0x32, 0xff, 0xaa, 0x3a, 0xff, 0xab, 0x42, 0xff, 0xab, 0x42, 0xff, 0xab, 0x42, 0xff,
    0xcb, 0x4a, 0xff, 0xcb, 0x4a, 0xff, 0xcb, 0x4a, 0xff, 0xcb, 0x4a, 0xff, 0xcb, 0x4a, 0xff, 0xcc, 0x4a, 0xff, 0xab, 0x42, 0xff, 0xab, 0x42, 0xff,
    0xaa, 0x42, 0xff, 0x49, 0x3a, 0xff, 0x29, 0x32, 0xff, 0x29, 0x32, 0xff, 0xe8, 0x21, 0xff, 0x2d, 0x5b, 0xbf, 0xbd, 0xef, 0x40, 0x00, 0x00, 0x00,
    0x00, 0x00, 0x00, 0x00, 0x00, 0x00, 0x00, 0x00, 0x00, 0x00, 0x00, 0x00, 0x00, 0x00, 0x00, 0x00, 0x00, 0x00, 0x00, 0x00, 0x00, 0x00, 0x00, 0x00,
    0x00, 0x00, 0x00, 0x00, 0x00, 0x00, 0x00, 0x00, 0x00, 0x00, 0x00, 0x00, 0x00, 0x00, 0x00, 0x00, 0x00, 0x00, 0x00, 0x00, 0x00, 0x00, 0x00, 0x00,
    0x00, 0x00, 0x00, 0x00, 0x00, 0x00, 0x00, 0x00, 0x00, 0x00, 0x00, 0x00, 0x00, 0x00, 0x00, 0x00, 0x00, 0x00, 0x00, 0x00, 0x00, 0x00, 0x00, 0x00,
    0x00, 0x00, 0x00, 0x00, 0x00, 0x00, 0x00, 0x00, 0x00, 0x00, 0x00, 0x00, 0x00, 0x00, 0x00, 0xb9, 0xce, 0x40, 0x49, 0x3a, 0xbf, 0xab, 0x42, 0xff,
    0xaa, 0x3a, 0xff, 0xaa, 0x3a, 0xff, 0xaa, 0x3a, 0xff, 0xaa, 0x3a, 0xff, 0xaa, 0x3a, 0xff, 0x49, 0x3a, 0xff, 0x08, 0x32, 0xff, 0x6a, 0x3a, 0xff,
    0xab, 0x42, 0xff, 0xab, 0x42, 0xff, 0xab, 0x42, 0xff, 0xcb, 0x4a, 0xff, 0xcb, 0x4a, 0xff, 0xcb, 0x4a, 0xff, 0xcb, 0x4a, 0xff, 0xcb, 0x4a, 0xff,
    0xec, 0x4a, 0xff, 0xab, 0x42, 0xff, 0xab, 0x42, 0xff, 0xaa, 0x42, 0xff, 0x49, 0x3a, 0xff, 0x29, 0x32, 0xff, 0x29, 0x32, 0xff, 0xe8, 0x29, 0xff,
    0x4d, 0x5b, 0xbf, 0xff, 0xff, 0x40, 0x00, 0x00, 0x00, 0x00, 0x00, 0x00, 0x00, 0x00, 0x00, 0x00, 0x00, 0x00, 0x00, 0x00, 0x00, 0x00, 0x00, 0x00,
    0x00, 0x00, 0x00, 0x00, 0x00, 0x00, 0x00, 0x00, 0x00, 0x00, 0x00, 0x00, 0x00, 0x00, 0x00, 0x00, 0x00, 0x00, 0x00, 0x00, 0x00, 0x00, 0x00, 0x00,
    0x00, 0x00, 0x00, 0x00, 0x00, 0x00, 0x00, 0x00, 0x00, 0x00, 0x00, 0x00, 0x00, 0x00, 0x00, 0x00, 0x00, 0x00, 0x00, 0x00, 0x00, 0x00, 0x00, 0x00,
    0x00, 0x00, 0x00, 0x00, 0x00, 0x00, 0x00, 0x00, 0x00, 0x00, 0x00, 0x00, 0x00, 0x00, 0x00, 0x00, 0x00, 0x00, 0x00, 0x00, 0x00, 0x00, 0x00, 0x00,
    0x1b, 0xdf, 0x40, 0x6a, 0x42, 0xbf, 0xaa, 0x3a, 0xff, 0xaa, 0x3a, 0xff, 0xaa, 0x42, 0xff, 0xaa, 0x42, 0xff, 0xaa, 0x3a, 0xff, 0xaa, 0x3a, 0xff,
    0x49, 0x3a, 0xff, 0x08, 0x32, 0xff, 0x6a, 0x3a, 0xff, 0xab, 0x42, 0xff, 0xab, 0x42, 0xff, 0xcb, 0x4a, 0xff, 0xcb, 0x4a, 0xff, 0xcb, 0x42, 0xff,
    0xcb, 0x4a, 0xff, 0xcb, 0x4a, 0xff, 0xcc, 0x4a, 0xff, 0xcc, 0x4a, 0xff, 0xab, 0x42, 0xff, 0xab, 0x42, 0xff, 0xaa, 0x42, 0xff, 0x49, 0x3a, 0xff,
    0x49, 0x32, 0xff, 0x49, 0x32, 0xff, 0xe8, 0x29, 0xff, 0x8e, 0x63, 0xbf, 0xff, 0xff, 0x40, 0x00, 0x00, 0x00, 0x00, 0x00, 0x00, 0x00, 0x00, 0x00,
    0x00, 0x00, 0x00, 0x00, 0x00, 0x00, 0x00, 0x00, 0x00, 0x00, 0x00, 0x00, 0x00, 0x00, 0x00, 0x00, 0x00, 0x00, 0x00, 0x00, 0x00, 0x00, 0x00, 0x00,
    0x00, 0x00, 0x00, 0x00, 0x00, 0x00, 0x00, 0x00, 0x00, 0x00, 0x00, 0x00, 0x00, 0x00, 0x00, 0x00, 0x00, 0x00, 0x00, 0x00, 0x00, 0x00, 0x00, 0x00,
    0x00, 0x00, 0x00, 0x00, 0x00, 0x00, 0x00, 0x00, 0x00, 0x00, 0x00, 0x00, 0x00, 0x00, 0x00, 0x00, 0x00, 0x00, 0x00, 0x00, 0x00, 0x00, 0x00, 0x00,
    0x00, 0x00, 0x00, 0x00, 0x00, 0x00, 0x00, 0x00, 0x00, 0x1b, 0xdf, 0x40, 0xaa, 0x42, 0xbf, 0xaa, 0x3a, 0xff, 0xaa, 0x42, 0xff, 0xaa, 0x3a, 0xff,
    0xaa, 0x42, 0xff, 0xaa, 0x3a, 0xff, 0x6a, 0x3a, 0xff, 0x49, 0x3a, 0xff, 0x08, 0x2a, 0xff, 0x49, 0x3a, 0xff, 0xab, 0x42, 0xff, 0xab, 0x42, 0xff,
    0xab, 0x42, 0xff, 0xcb, 0x4a, 0xff, 0xcb, 0x42, 0xff, 0xcb, 0x42, 0xff, 0xcb, 0x4a, 0xff, 0xcb, 0x4a, 0xff, 0xcc, 0x4a, 0xff, 0xab, 0x42, 0xff,
    0xaa, 0x42, 0xff, 0x6a, 0x3a, 0xff, 0x49, 0x3a, 0xff, 0x29, 0x32, 0xff, 0x49, 0x32, 0xff, 0xc8, 0x21, 0xff, 0x8e, 0x63, 0xbf, 0xff, 0xff, 0x40,
    0x00, 0x00, 0x00, 0x00, 0x00, 0x00, 0x00, 0x00, 0x00, 0x00, 0x00, 0x00, 0x00, 0x00, 0x00, 0x00, 0x00, 0x00, 0x00, 0x00, 0x00, 0x00, 0x00, 0x00,
    0x00, 0x00, 0x00, 0x00, 0x00, 0x00, 0x00, 0x00, 0x00, 0x00, 0x00, 0x00, 0x00, 0x00, 0x00, 0x00, 0x00, 0x00, 0x00, 0x00, 0x00, 0x00, 0x00, 0x00,
    0x00, 0x00, 0x00, 0x00, 0x00, 0x00, 0x00, 0x00, 0x00, 0x00, 0x00, 0x00, 0x00, 0x00, 0x00, 0x00, 0x00, 0x00, 0x00, 0x00, 0x00, 0x00, 0x00, 0x00,
    0x00, 0x00, 0x00, 0x00, 0x00, 0x00, 0x00, 0x00, 0x00, 0x00, 0x00, 0x00, 0x00, 0x00, 0x00, 0x00, 0x00, 0x00, 0x1b, 0xdf, 0x40, 0xaa, 0x42, 0xbf,
    0xab, 0x3a, 0xff, 0xab, 0x42, 0xff, 0xab, 0x42, 0xff, 0xaa, 0x42, 0xff, 0xaa, 0x3a, 0xff, 0x6a, 0x3a, 0xff, 0x49, 0x3a, 0xff, 0x08, 0x2a, 0xff,
    0x29, 0x32, 0xff, 0xab, 0x42, 0xff, 0xaa, 0x42, 0xff, 0xab, 0x42, 0xff, 0xab, 0x42, 0xff, 0xcb, 0x42, 0xff, 0xcb, 0x42, 0xff, 0xcb, 0x42, 0xff,
    0xcb, 0x4a, 0xff, 0xcb, 0x4a, 0xff, 0xab, 0x42, 0xff, 0xaa, 0x42, 0xff, 0x6a, 0x3a, 0xff, 0x29, 0x32, 0xff, 0x29, 0x32, 0xff, 0x29, 0x32, 0xff,
    0xa7, 0x21, 0xff, 0x8e, 0x63, 0xbf, 0xff, 0xff, 0x40, 0x00, 0x00, 0x00, 0x00, 0x00, 0x00, 0x00, 0x00, 0x00, 0x00, 0x00, 0x00, 0x00, 0x00, 0x00,
    0x00, 0x00, 0x00, 0x00, 0x00, 0x00, 0x00, 0x00, 0x00, 0x00, 0x00, 0x00, 0x00, 0x00, 0x00, 0x00, 0x00, 0x00, 0x00, 0x00, 0x00, 0x00, 0x00, 0x00,
    0x00, 0x00, 0x00, 0x00, 0x00, 0x00, 0x00, 0x00, 0x00, 0x00, 0x00, 0x00, 0x00, 0x00, 0x00, 0x00, 0x00, 0x00, 0x00, 0x00, 0x00, 0x00, 0x00, 0x00,
    0x00, 0x00, 0x00, 0x00, 0x00, 0x00, 0x00, 0x00, 0x00, 0x00, 0x00, 0x00, 0x00, 0x00, 0x00, 0x00, 0x00, 0x00, 0x00, 0x00, 0x00, 0x00, 0x00, 0x00,
    0x00, 0x00, 0x00, 0x5c, 0xe7, 0x40, 0xcb, 0x4a, 0xbf, 0xaa, 0x3a, 0xff, 0xab, 0x42, 0xff, 0xab, 0x42, 0xff, 0xaa, 0x3a, 0xff, 0x6a, 0x3a, 0xff,
    0x6a, 0x3a, 0xff, 0x29, 0x32, 0xff, 0x08, 0x2a, 0xff, 0x08, 0x2a, 0xff, 0xab, 0x42, 0xff, 0xaa, 0x3a, 0xff, 0xab, 0x42, 0xff, 0xab, 0x42, 0xff,
    0xcb, 0x42, 0xff, 0xcb, 0x4a, 0xff, 0xcb, 0x4a, 0xff, 0xcb, 0x4a, 0xff, 0xcb, 0x4a, 0xff, 0xab, 0x42, 0xff, 0xaa, 0x42, 0xff, 0x6a, 0x3a, 0xff,
    0x49, 0x32, 0xff, 0x49, 0x32, 0xff, 0x29, 0x32, 0xff, 0xa7, 0x21, 0xff, 0xaf, 0x6b, 0xbf, 0xff, 0xff, 0x40, 0x00, 0x00, 0x00, 0x00, 0x00, 0x00,
    0x00, 0x00, 0x00, 0x00, 0x00, 0x00, 0x00, 0x00, 0x00, 0x00, 0x00, 0x00, 0x00, 0x00, 0x00, 0x00, 0x00, 0x00, 0x00, 0x00, 0x00, 0x00, 0x00, 0x00,
    0x00, 0x00, 0x00, 0x00, 0x00, 0x00, 0x00, 0x00, 0x00, 0x00, 0x00, 0x00, 0x00, 0x00, 0x00, 0x00, 0x00, 0x00, 0x00, 0x00, 0x00, 0x00, 0x00, 0x00,
    0x00, 0x00, 0x00, 0x00, 0x00, 0x00, 0x00, 0x00, 0x00, 0x00, 0x00, 0x00, 0x00, 0x00, 0x00, 0x00, 0x00, 0x00, 0x00, 0x00, 0x00, 0x00, 0x00, 0x00,
    0x00, 0x00, 0x00, 0x00, 0x00, 0x00, 0x00, 0x00, 0x00, 0x00, 0x00, 0x00, 0x5c, 0xe7, 0x40, 0xcb, 0x4a, 0xbf, 0xaa, 0x3a, 0xff, 0xab, 0x42, 0xff,
    0xab, 0x42, 0xff, 0xaa, 0x3a, 0xff, 0x6a, 0x3a, 0xff, 0x6a, 0x3a, 0xff, 0x29, 0x32, 0xff, 0x08, 0x32, 0xff, 0x08, 0x2a, 0xff, 0xab, 0x42, 0xff,
    0xaa, 0x3a, 0xff, 0xab, 0x42, 0xff, 0xcb, 0x4a, 0xff, 0xcb, 0x4a, 0xff, 0xcb, 0x4a, 0xff, 0xcb, 0x4a, 0xff, 0xcb, 0x4a, 0xff, 0xcb, 0x42, 0xff,
    0xaa, 0x42, 0xff, 0x6a, 0x3a, 0xff, 0x6a, 0x3a, 0xff, 0x49, 0x3a, 0xff, 0x49, 0x3a, 0xff, 0x49, 0x32, 0xff, 0xa7, 0x21, 0xff, 0xcf, 0x6b, 0xbf,
    0xff, 0xff, 0x40, 0x00, 0x00, 0x00, 0x00, 0x00, 0x00, 0x00, 0x00, 0x00, 0x00, 0x00, 0x00, 0x00, 0x00, 0x00, 0x00, 0x00, 0x00, 0x00, 0x00, 0x00,
    0x00, 0x00, 0x00, 0x00, 0x00, 0x00, 0x00, 0x00, 0x00, 0x00, 0x00, 0x00, 0x00, 0x00, 0x00, 0x00, 0x00, 0x00, 0x00, 0x00, 0x00, 0x00, 0x00, 0x00,
    0x00, 0x00, 0x00, 0x00, 0x00, 0x00, 0x00, 0x00, 0x00, 0x00, 0x00, 0x00, 0x00, 0x00, 0x00, 0x00, 0x00, 0x00, 0x00, 0x00, 0x00, 0x00, 0x00, 0x00,
    0x00, 0x00, 0x00, 0x00, 0x00, 0x00, 0x00, 0x00, 0x00, 0x00, 0x00, 0x00, 0x00, 0x00, 0x00, 0x00, 0x00, 0x00, 0x00, 0x00, 0x00, 0x7c, 0xe7, 0x40,
    0x0c, 0x53, 0xbf, 0x6a, 0x3a, 0xff, 0xaa, 0x3a, 0xff, 0xaa, 0x42, 0xff, 0xaa, 0x3a, 0xff, 0x6a, 0x3a, 0xff, 0x6a, 0x3a, 0xff, 0x49, 0x32, 0xff,
    0x08, 0x32, 0xff, 0x08, 0x32, 0xff, 0xab, 0x42, 0xff, 0xaa, 0x3a, 0xff, 0xab, 0x42, 0xff, 0xcb, 0x4a, 0xff, 0xcc, 0x4a, 0xff, 0xcc, 0x4a, 0xff,
    0xcc, 0x4a, 0xff, 0xcb, 0x4a, 0xff, 0xab, 0x42, 0xff, 0xaa, 0x42, 0xff, 0x6a, 0x3a, 0xff, 0x6a, 0x3a, 0xff, 0x6a, 0x3a, 0xff, 0x49, 0x3a, 0xff,
    0x4a, 0x32, 0xff, 0xc8, 0x21, 0xff, 0x10, 0x74, 0xbf, 0xff, 0xff, 0x40, 0x00, 0x00, 0x00, 0x00, 0x00, 0x00, 0x00, 0x00, 0x00, 0x00, 0x00, 0x00,
    0x00, 0x00, 0x00, 0x00, 0x00, 0x00, 0x00, 0x00, 0x00, 0x00, 0x00, 0x00, 0x00, 0x00, 0x00, 0x00, 0x00, 0x00, 0x00, 0x00, 0x00, 0x00, 0x00, 0x00,
    0x00, 0x00, 0x00, 0x00, 0x00, 0x00, 0x00, 0x00, 0x00, 0x00, 0x00, 0x00, 0x00, 0x00, 0x00, 0x00, 0x00, 0x00, 0x00, 0x00, 0x00, 0x00, 0x00, 0x00,
    0x00, 0x00, 0x00, 0x00, 0x00, 0x00, 0x00, 0x00, 0x00, 0x00, 0x00, 0x00, 0x00, 0x00, 0x00, 0x00, 0x00, 0x00, 0x00, 0x00, 0x00, 0x00, 0x00, 0x00,
    0x00, 0x00, 0x00, 0x00, 0x00, 0x00, 0xbd, 0xef, 0x40, 0x8e, 0x63, 0xbf, 0x49, 0x32, 0xff, 0xaa, 0x3a, 0xff, 0xaa, 0x42, 0xff, 0xaa, 0x42, 0xff,
    0xaa, 0x3a, 0xff, 0x6a, 0x3a, 0xff, 0x49, 0x3a, 0xff, 0x08, 0x32, 0xff, 0x08, 0x2a, 0xff, 0xab, 0x42, 0xff, 0x6a, 0x3a, 0xff, 0xaa, 0x42, 0xff,
    0xab, 0x42, 0xff, 0xcb, 0x4a, 0xff, 0xcc, 0x4a, 0xff, 0xcc, 0x4a, 0xff, 0xcb, 0x42, 0xff, 0xab, 0x42, 0xff, 0xaa, 0x42, 0xff, 0x6a, 0x3a, 0xff,
    0x6a, 0x3a, 0xff, 0x6a, 0x3a, 0xff, 0x49, 0x3a, 0xff, 0x4a, 0x3a, 0xff, 0xc8, 0x21, 0xff, 0x51, 0x7c, 0xbf, 0xff, 0xff, 0x40, 0x00, 0x00, 0x00,
    0x00, 0x00, 0x00, 0x00, 0x00, 0x00, 0x00, 0x00, 0x00, 0x00, 0x00, 0x00, 0x00, 0x00, 0x00, 0x00, 0x00, 0x00, 0x00, 0x00, 0x00, 0x00, 0x00, 0x00,
    0x00, 0x00, 0x00, 0x00, 0x00, 0x00, 0x00, 0x00, 0x00, 0x00, 0x00, 0x00, 0x00, 0x00, 0x00, 0x00, 0x00, 0x00, 0x00, 0x00, 0x00, 0x00, 0x00, 0x00,
    0x00, 0x00, 0x00, 0x00, 0x00, 0x00, 0x00, 0x00, 0x00, 0x00, 0x00, 0x00, 0x00, 0x00, 0x00, 0x00, 0x00, 0x00, 0x00, 0x00, 0x00, 0x00, 0x00, 0x00,
    0x00, 0x00, 0x00, 0x00, 0x00, 0x00, 0x00, 0x00, 0x00, 0x00, 0x00, 0x00, 0x00, 0x00, 0x00, 0xff, 0xff, 0x40, 0x71, 0x84, 0xbf, 0x29, 0x32, 0xff,
    0xaa, 0x3a, 0xff, 0xaa, 0x3a, 0xff, 0xab, 0x42, 0xff, 0xaa, 0x42, 0xff, 0x6a, 0x3a, 0xff, 0x49, 0x32, 0xff, 0x29, 0x32, 0xff, 0xe8, 0x29, 0xff,
    0xaa, 0x42, 0xff, 0x6a, 0x3a, 0xff, 0xaa, 0x3a, 0xff, 0xab, 0x42, 0xff, 0xcb, 0x4a, 0xff, 0xcc, 0x4a, 0xff, 0xcb, 0x4a, 0xff, 0xab, 0x42, 0xff,
    0xab, 0x42, 0xff, 0xaa, 0x3a, 0xff, 0x6a, 0x3a, 0xff, 0xaa, 0x42, 0xff, 0x6a, 0x3a, 0xff, 0x49, 0x32, 0xff, 0x49, 0x3a, 0xff, 0xc7, 0x21, 0xff,
    0x71, 0x7c, 0xbf, 0xff, 0xff, 0x40, 0x00, 0x00, 0x00, 0x00, 0x00, 0x00, 0x00, 0x00, 0x00, 0x00, 0x00, 0x00, 0x00, 0x00, 0x00, 0x00, 0x00, 0x00,
    0x00, 0x00, 0x00, 0x00, 0x00, 0x00, 0x00, 0x00, 0x00, 0x00, 0x00, 0x00, 0x00, 0x00, 0x00, 0x00, 0x00, 0x00, 0x00, 0x00, 0x00, 0x00, 0x00, 0x00,
    0x00, 0x00, 0x00, 0x00, 0x00, 0x00, 0x00, 0x00, 0x00, 0x00, 0x00, 0x00, 0x00, 0x00, 0x00, 0x00, 0x00, 0x00, 0x00, 0x00, 0x00, 0x00, 0x00, 0x00,
    0x00, 0x00, 0x00, 0x00, 0x00, 0x00, 0x00, 0x00, 0x00, 0x00, 0x00, 0x00, 0x00, 0x00, 0x00, 0x00, 0x00, 0x00, 0x00, 0x00, 0x00, 0x00, 0x00, 0x00,
    0xff, 0xff, 0x40, 0xd3, 0x8c, 0xbf, 0x29, 0x32, 0xff, 0xaa, 0x42, 0xff, 0x6a, 0x3a, 0xff, 0xaa, 0x42, 0xff, 0xab, 0x42, 0xff, 0xaa, 0x42, 0xff,
    0x49, 0x3a, 0xff, 0x29, 0x32, 0xff, 0xe8, 0x29, 0xff, 0xaa, 0x42, 0xff, 0x6a, 0x3a, 0xff, 0xaa, 0x3a, 0xff, 0xaa, 0x42, 0xff, 0xcb, 0x42, 0xff,
    0xcc, 0x4a, 0xff, 0xab, 0x4a, 0xff, 0xab, 0x42, 0xff, 0xab, 0x42, 0xff, 0xaa, 0x42, 0xff, 0x6a, 0x3a, 0xff, 0xaa, 0x42, 0xff, 0x69, 0x3a, 0xff,
    0x29, 0x32, 0xff, 0x29, 0x32, 0xff, 0xa7, 0x21, 0xff, 0x72, 0x84, 0xbf, 0xff, 0xff, 0x40, 0x00, 0x00, 0x00, 0x00, 0x00, 0x00, 0x00, 0x00, 0x00,
    0x00, 0x00, 0x00, 0x00, 0x00, 0x00, 0x00, 0x00, 0x00, 0x00, 0x00, 0x00, 0x00, 0x00, 0x00, 0x00, 0x00, 0x00, 0x00, 0x00, 0x00, 0x00, 0x00, 0x00,
    0x00, 0x00, 0x00, 0x00, 0x00, 0x00, 0x00, 0x00, 0x00, 0x00, 0x00, 0x00, 0x00, 0x00, 0x00, 0x00, 0x00, 0x00, 0x00, 0x00, 0x00, 0x00, 0x00, 0x00,
    0x00, 0x00, 0x00, 0x00, 0x00, 0x00, 0x00, 0x00, 0x00, 0x00, 0x00, 0x00, 0x00, 0x00, 0x00, 0x00, 0x00, 0x00, 0x00, 0x00, 0x00, 0x00, 0x00, 0x00,
    0x00, 0x00, 0x00, 0x00, 0x00, 0x00, 0x00, 0x00, 0x00, 0xff, 0xff, 0x40, 0x10, 0x74, 0xbf, 0x49, 0x32, 0xff, 0xab, 0x42, 0xff, 0x6a, 0x3a, 0xff,
    0x6a, 0x3a, 0xff, 0xaa, 0x42, 0xff, 0xaa, 0x42, 0xff, 0x49, 0x3a, 0xff, 0x49, 0x3a, 0xff, 0x08, 0x32, 0xff, 0xaa, 0x42, 0xff, 0xaa, 0x42, 0xff,
    0xab, 0x42, 0xff, 0xab, 0x42, 0xff, 0xcb, 0x42, 0xff, 0xcb, 0x4a, 0xff, 0xcb, 0x42, 0xff, 0xab, 0x42, 0xff, 0xab, 0x42, 0xff, 0xaa, 0x42, 0xff,
    0xaa, 0x42, 0xff, 0xaa, 0x42, 0xff, 0x49, 0x3a, 0xff, 0x29, 0x32, 0xff, 0x29, 0x32, 0xff, 0x87, 0x19, 0xff, 0x92, 0x84, 0xbf, 0xfd, 0xef, 0x40,
    0x00, 0x00, 0x00, 0x00, 0x00, 0x00, 0x00, 0x00, 0x00, 0x00, 0x00, 0x00, 0x00, 0x00, 0x00, 0x00, 0x00, 0x00, 0x00, 0x00, 0x00, 0x00, 0x00, 0x00,
    0x00, 0x00, 0x00, 0x00, 0x00, 0x00, 0x00, 0x00, 0x00, 0x00, 0x00, 0x00, 0x00, 0x00, 0x00, 0x00, 0x00, 0x00, 0x00, 0x00, 0x00, 0x00, 0x00, 0x00,
    0x00, 0x00, 0x00, 0x00, 0x00, 0x00, 0x00, 0x00, 0x00, 0x00, 0x00, 0x00, 0x00, 0x00, 0x00, 0x00, 0x00, 0x00, 0x00, 0x00, 0x00, 0x00, 0x00, 0x00,
    0x00, 0x00, 0x00, 0x00, 0x00, 0x00, 0x00, 0x00, 0x00, 0x00, 0x00, 0x00, 0x00, 0x00, 0x00, 0x00, 0x00, 0x00, 0x9c, 0xe7, 0x40, 0x2c, 0x53, 0xbf,
    0xab, 0x42, 0xff, 0xcb, 0x42, 0xff, 0xab, 0x42, 0xff, 0x6a, 0x3a, 0xff, 0xaa, 0x3a, 0xff, 0xaa, 0x42, 0xff, 0x6a, 0x3a, 0xff, 0x4a, 0x3a, 0xff,
    0x09, 0x32, 0xff, 0xab, 0x42, 0xff, 0xab, 0x42, 0xff, 0xcb, 0x42, 0xff, 0xcb, 0x42, 0xff, 0xab, 0x42, 0xff, 0xcb, 0x4a, 0xff, 0xcb, 0x4a, 0xff,
    0xab, 0x42, 0xff, 0xab, 0x42, 0xff, 0xab, 0x42, 0xff, 0xab, 0x42, 0xff, 0xab, 0x42, 0xff, 0x4a, 0x3a, 0xff, 0x29, 0x32, 0xff, 0x29, 0x32, 0xff,
    0x86, 0x19, 0xff, 0xb2, 0x8c, 0xbf, 0xfd, 0xef, 0x40, 0x00, 0x00, 0x00, 0x00, 0x00, 0x00, 0x00, 0x00, 0x00, 0x00, 0x00, 0x00, 0x00, 0x00, 0x00,
    0x00, 0x00, 0x00, 0x00, 0x00, 0x00, 0x00, 0x00, 0x00, 0x00, 0x00, 0x00, 0x00, 0x00, 0x00, 0x00, 0x00, 0x00, 0x00, 0x00, 0x00, 0x00, 0x00, 0x00,
    0x00, 0x00, 0x00, 0x00, 0x00, 0x00, 0x00, 0x00, 0x00, 0x00, 0x00, 0x00, 0x00, 0x00, 0x00, 0x00, 0x00, 0x00, 0x00, 0x00, 0x00, 0x00, 0x00, 0x00,
    0x00, 0x00, 0x00, 0x00, 0x00, 0x00, 0x00, 0x00, 0x00, 0x00, 0x00, 0x00, 0x00, 0x00, 0x00, 0x00, 0x00, 0x00, 0x00, 0x00, 0x00, 0x00, 0x00, 0x00,
    0x00, 0x00, 0x00, 0x3b, 0xdf, 0x40, 0xcb, 0x4a, 0xbf, 0xcb, 0x42, 0xff, 0xcc, 0x4a, 0xff, 0xcb, 0x42, 0xff, 0xab, 0x42, 0xff, 0xab, 0x42, 0xff,
    0xab, 0x42, 0xff, 0x6a, 0x3a, 0xff, 0x6a, 0x3a, 0xff, 0x09, 0x32, 0xff, 0xab, 0x42, 0xff, 0xcc, 0x4a, 0xff, 0xcb, 0x42, 0xff, 0xab, 0x42, 0xff,
    0xab, 0x42, 0xff, 0xab, 0x42, 0xff, 0xcb, 0x42, 0xff, 0xcb, 0x42, 0xff, 0xcb, 0x4a, 0xff, 0xab, 0x4a, 0xff, 0xab, 0x42, 0xff, 0xab, 0x42, 0xff,
    0x6a, 0x3a, 0xff, 0x29, 0x32, 0xff, 0x49, 0x32, 0xff, 0xa7, 0x21, 0xff, 0xd3, 0x8c, 0xbf, 0xff, 0xff, 0x40, 0x00, 0x00, 0x00, 0x00, 0x00, 0x00,
    0x00, 0x00, 0x00, 0x00, 0x00, 0x00, 0x00, 0x00, 0x00, 0x00, 0x00, 0x00, 0x00, 0x00, 0x00, 0x00, 0x00, 0x00, 0x00, 0x00, 0x00, 0x00, 0x00, 0x00,
    0x00, 0x00, 0x00, 0x00, 0x00, 0x00, 0x00, 0x00, 0x00, 0x00, 0x00, 0x00, 0x00, 0x00, 0x00, 0x00, 0x00, 0x00, 0x00, 0x00, 0x00, 0x00, 0x00, 0x00,
    0x00, 0x00, 0x00, 0x00, 0x00, 0x00, 0x00, 0x00, 0x00, 0x9d, 0xef, 0x02, 0x9d, 0xef, 0x03, 0x9d, 0xef, 0x03, 0x9d, 0xef, 0x03, 0x9d, 0xef, 0x03,
    0x9d, 0xef, 0x03, 0xbc, 0xe7, 0x03, 0x9c, 0xe7, 0x03, 0xbd, 0xef, 0x02, 0x3b, 0xdf, 0x40, 0xab, 0x42, 0xbf, 0xcb, 0x42, 0xff, 0xcb, 0x4a, 0xff,
    0xcb, 0x42, 0xff, 0xab, 0x42, 0xff, 0xab, 0x42, 0xff, 0xaa, 0x3a, 0xff, 0x49, 0x3a, 0xff, 0x6a, 0x3a, 0xff, 0xe8, 0x29, 0xff, 0xab, 0x42, 0xff,
    0xcb, 0x42, 0xff, 0xab, 0x42, 0xff, 0xaa, 0x3a, 0xff, 0x6a, 0x3a, 0xff, 0xaa, 0x3a, 0xff, 0xab, 0x42, 0xff, 0xcb, 0x42, 0xff, 0xcb, 0x4a, 0xff,
    0xcb, 0x42, 0xff, 0xab, 0x42, 0xff, 0xab, 0x42, 0xff, 0x6a, 0x3a, 0xff, 0x29, 0x32, 0xff, 0x4a, 0x3a, 0xff, 0xc7, 0x21, 0xff, 0x14, 0x95, 0xbf,
    0xff, 0xff, 0x40, 0x00, 0x00, 0x00, 0x00, 0x00, 0x00, 0x00, 0x00, 0x00, 0x00, 0x00, 0x00, 0x00, 0x00, 0x00, 0x00, 0x00, 0x00, 0x00, 0x00, 0x00,
    0x00, 0x00, 0x00, 0x00, 0x00, 0x00, 0x00, 0x00, 0x00, 0x00, 0x00, 0x00, 0x00, 0x00, 0x00, 0x00, 0x00, 0x00, 0x00, 0x00, 0x00, 0x00, 0x00, 0x00,
    0x00, 0x00, 0x00, 0x00, 0x00, 0x00, 0x00, 0x00, 0x00, 0x00, 0x00, 0x00, 0x9d, 0xef, 0x02, 0x9d, 0xef, 0x08, 0x9d, 0xef, 0x21, 0x9d, 0xef, 0x25,
    0x9d, 0xef, 0x26, 0x9d, 0xef, 0x26, 0xbd, 0xef, 0x26, 0x9d, 0xef, 0x26, 0x9d, 0xef, 0x26, 0x9c, 0xe7, 0x25, 0xbd, 0xef, 0x21, 0x1a, 0xd7, 0x46,
    0xaa, 0x42, 0xc0, 0xcb, 0x42, 0xff, 0xcb, 0x4a, 0xff, 0xec, 0x4a, 0xff, 0xcb, 0x4a, 0xff, 0xcb, 0x42, 0xff, 0xab, 0x42, 0xff, 0x6a, 0x3a, 0xff,
    0x49, 0x3a, 0xff, 0x08, 0x32, 0xff, 0xcb, 0x42, 0xff, 0xab, 0x42, 0xff, 0xaa, 0x3a, 0xff, 0xaa, 0x3a, 0xff, 0x6a, 0x3a, 0xff, 0xaa, 0x3a, 0xff,
    0xab, 0x42, 0xff, 0xab, 0x42, 0xff, 0xcb, 0x4a, 0xff, 0xab, 0x42, 0xff, 0xaa, 0x42, 0xff, 0xaa, 0x42, 0xff, 0x6a, 0x3a, 0xff, 0x49, 0x32, 0xff,
    0x6a, 0x3a, 0xff, 0xc8, 0x29, 0xff, 0x95, 0xad, 0xbf, 0xff, 0xff, 0x40, 0x00, 0x00, 0x00, 0x00, 0x00, 0x00, 0x00, 0x00, 0x00, 0x00, 0x00, 0x00,
    0x00, 0x00, 0x00, 0x00, 0x00, 0x00, 0x00, 0x00, 0x00, 0x00, 0x00, 0x00, 0x00, 0x00, 0x00, 0x00, 0x00, 0x00, 0x00, 0x00, 0x00, 0x00, 0x00, 0x00,
    0x00, 0x00, 0x00, 0x00, 0x00, 0x00, 0x00, 0x00, 0x00, 0x00, 0x00, 0x00, 0x00, 0x00, 0x00, 0x9d, 0xef, 0x02, 0x9d, 0xef, 0x08, 0x9d, 0xef, 0x23,
    0x9d, 0xef, 0x41, 0x9d, 0xef, 0xbe, 0x9d, 0xef, 0xd7, 0x9d, 0xef, 0xd9, 0x9d, 0xef, 0xd9, 0x9d, 0xef, 0xd9, 0x9d, 0xef, 0xd9, 0x9d, 0xef, 0xd9,
    0xbc, 0xe7, 0xd7, 0xbd, 0xef, 0xbe, 0x3b, 0xdf, 0x65, 0x49, 0x3a, 0xac, 0x6a, 0x3a, 0xf0, 0xcb, 0x42, 0xff, 0xcc, 0x4a, 0xff, 0xec, 0x4a, 0xff,
    0xcb, 0x4a, 0xff, 0xab, 0x42, 0xff, 0x49, 0x3a, 0xff, 0x49, 0x3a, 0xff, 0x08, 0x32, 0xff, 0xab, 0x42, 0xff, 0xab, 0x42, 0xff, 0xab, 0x42, 0xff,
    0xab, 0x42, 0xff, 0xab, 0x42, 0xff, 0xab, 0x42, 0xff, 0xab, 0x42, 0xff, 0xab, 0x42, 0xff, 0xcb, 0x4a, 0xff, 0xab, 0x42, 0xff, 0xaa, 0x42, 0xff,
    0xab, 0x42, 0xff, 0x6a, 0x3a, 0xff, 0x49, 0x32, 0xff, 0x6a, 0x3a, 0xff, 0xc8, 0x21, 0xff, 0x54, 0x9d, 0xbf, 0xff, 0xff, 0x40, 0x00, 0x00, 0x00,
    0x00, 0x00, 0x00, 0x00, 0x00, 0x00, 0x00, 0x00, 0x00, 0x00, 0x00, 0x00, 0x00, 0x00, 0x00, 0x00, 0x00, 0x00, 0x00, 0x00, 0x00, 0x00, 0x00, 0x00,
    0x00, 0x00, 0x00, 0x00, 0x00, 0x00, 0x00, 0x00, 0x00, 0x00, 0x00, 0x00, 0x00, 0x00, 0x00, 0x00, 0x00, 0x00, 0x00, 0x00, 0x00, 0x9d, 0xef, 0x08,
    0x9d, 0xef, 0x23, 0x9d, 0xef, 0x41, 0x9d, 0xef, 0xbe, 0x9d, 0xef, 0xdc, 0x9d, 0xef, 0xf7, 0x9d, 0xef, 0xfc, 0x9d, 0xef, 0xfc, 0x9d, 0xef, 0xfc,
    0x9d, 0xef, 0xfc, 0x9d, 0xef, 0xfc, 0x9d, 0xef, 0xfc, 0x9d, 0xef, 0xfc, 0x9d, 0xef, 0xf7, 0x9d, 0xef, 0xde, 0x37, 0xbe, 0xd6, 0xeb, 0x4a, 0xda,
    0x6a, 0x32, 0xff, 0xaa, 0x3a, 0xff, 0xaa, 0x3a, 0xff, 0xaa, 0x3a, 0xff, 0x6a, 0x3a, 0xff, 0x08, 0x2a, 0xff, 0x08, 0x2a, 0xff, 0xc7, 0x21, 0xff,
    0x6a, 0x3a, 0xff, 0xaa, 0x42, 0xff, 0xab, 0x42, 0xff, 0xab, 0x4a, 0xff, 0xcb, 0x4a, 0xff, 0xcb, 0x4a, 0xff, 0xcb, 0x42, 0xff, 0xab, 0x42, 0xff,
    0xab, 0x42, 0xff, 0xaa, 0x42, 0xff, 0xaa, 0x3a, 0xff, 0xaa, 0x3a, 0xff, 0x6a, 0x3a, 0xff, 0x49, 0x32, 0xff, 0x6a, 0x3a, 0xff, 0xa7, 0x21, 0xff,
    0xf3, 0x94, 0xbf, 0xff, 0xff, 0x40, 0x00, 0x00, 0x00, 0x00, 0x00, 0x00, 0x00, 0x00, 0x00, 0x00, 0x00, 0x00, 0x00, 0x00, 0x00, 0x00, 0x00, 0x00,
    0x00, 0x00, 0x00, 0x00, 0x00, 0x00, 0x00, 0x00, 0x00, 0x00, 0x00, 0x00, 0x00, 0x00, 0x00, 0x00, 0x00, 0x00, 0x00, 0x00, 0x00, 0x00, 0x00, 0x00,
    0x9d, 0xef, 0x02, 0x9d, 0xef, 0x0a, 0x9d, 0xef, 0x3b, 0x9d, 0xef, 0xbe, 0x9d, 0xef, 0xdc, 0x9d, 0xef, 0xf7, 0x9d, 0xef, 0xfd, 0x9d, 0xef, 0xff,
    0x9d, 0xef, 0xff, 0x9d, 0xef, 0xff, 0x9d, 0xef, 0xff, 0x9d, 0xef, 0xff, 0x9d, 0xef, 0xff, 0x9d, 0xef, 0xff, 0xbd, 0xef, 0xff, 0x5c, 0xe7, 0xff,
    0x7c, 0xe7, 0xfd, 0xfb, 0xde, 0xf7, 0x12, 0xb5, 0xe5, 0x90, 0xa4, 0xcf, 0xee, 0x8b, 0xc8, 0x6c, 0x73, 0xc1, 0x0a, 0x63, 0xc0, 0xa9, 0x52, 0xc1,
    0x48, 0x42, 0xc7, 0x28, 0x3a, 0xc9, 0x08, 0x32, 0xdb, 0xaa, 0x3a, 0xfb, 0xaa, 0x42, 0xff, 0xab, 0x42, 0xff, 0xcb, 0x4a, 0xff, 0xcb, 0x4a, 0xff,
    0xcb, 0x4a, 0xff, 0xcb, 0x4a, 0xff, 0xcb, 0x4a, 0xff, 0xcb, 0x4a, 0xff, 0xcb, 0x42, 0xff, 0xab, 0x42, 0xff, 0xab, 0x42, 0xff, 0x6a, 0x3a, 0xff,
    0x49, 0x32, 0xff, 0x49, 0x3a, 0xff, 0xa7, 0x21, 0xff, 0x14, 0x95, 0xbf, 0xff, 0xff, 0x40, 0x00, 0x00, 0x00, 0x00, 0x00, 0x00, 0x00, 0x00, 0x00,
    0x00, 0x00, 0x00, 0x00, 0x00, 0x00, 0x00, 0x00, 0x00, 0x00, 0x00, 0x00, 0x00, 0x00, 0x00, 0x00, 0x00, 0x00, 0x00, 0x00, 0x00, 0x00, 0x00, 0x00,
    0x00, 0x00, 0x00, 0xbc, 0xe7, 0x02, 0x9d, 0xef, 0x08, 0x9d, 0xef, 0x23, 0x9d, 0xef, 0x41, 0x9d, 0xef, 0xc4, 0x9d, 0xef, 0xf5, 0x9d, 0xef, 0xfd,
    0x9d, 0xef, 0xff, 0x9d, 0xef, 0xff, 0x9d, 0xef, 0xff, 0x9d, 0xef, 0xff, 0x9d, 0xef, 0xff, 0x9d, 0xef, 0xff, 0x9d, 0xef, 0xff, 0xbd, 0xef, 0xff,
    0xfd, 0xef, 0xff, 0x5b, 0xdf, 0xff, 0x7c, 0xe7, 0xff, 0xff, 0xff, 0xff, 0x5c, 0xe7, 0xff, 0xb5, 0xcd, 0xf9, 0x97, 0xfe, 0xe5, 0x56, 0xe6, 0xce,
    0xb3, 0xdd, 0x71, 0x11, 0xcd, 0x5f, 0xaf, 0xbc, 0x71, 0x6f, 0xac, 0xce, 0x4f, 0xac, 0xe1, 0x2e, 0x9c, 0xec, 0x6a, 0x42, 0xfd, 0xab, 0x42, 0xff,
    0xab, 0x4a, 0xff, 0xcb, 0x4a, 0xff, 0xcc, 0x4a, 0xff, 0xcc, 0x4a, 0xff, 0xcc, 0x4a, 0xff, 0xcb, 0x4a, 0xff, 0xcb, 0x4a, 0xff, 0xcb, 0x4a, 0xff,
    0xab, 0x42, 0xff, 0xcb, 0x4a, 0xff, 0x6a, 0x3a, 0xff, 0x49, 0x3a, 0xff, 0x49, 0x3a, 0xff, 0x45, 0x11, 0xf0, 0xb2, 0x84, 0x9f, 0xfd, 0xef, 0x30,
    0x00, 0x00, 0x00, 0x00, 0x00, 0x00, 0x00, 0x00, 0x00, 0x00, 0x00, 0x00, 0x00, 0x00, 0x00, 0x00, 0x00, 0x00, 0x00, 0x00, 0x00, 0x00, 0x00, 0x00,
    0x00, 0x00, 0x00, 0x00, 0x00, 0x00, 0x00, 0x00, 0x00, 0xbd, 0xef, 0x08, 0xbd, 0xef, 0x23, 0x9d, 0xef, 0x41, 0x9d, 0xef, 0xbe, 0x9c, 0xe7, 0xdc,
    0x9d, 0xef, 0xf7, 0x9d, 0xef, 0xff, 0x9d, 0xef, 0xff, 0x9d, 0xef, 0xff, 0x9d, 0xef, 0xff, 0x9d, 0xef, 0xff, 0x9d, 0xef, 0xff, 0x9d, 0xef, 0xff,
    0x9d, 0xef, 0xff, 0xbd, 0xef, 0xff, 0x9d, 0xef, 0xff, 0x1b, 0xdf, 0xff, 0xdb, 0xde, 0xff, 0xff, 0xff, 0xff, 0xbf, 0xff, 0xff, 0xff, 0xff, 0xff,
    0x17, 0xd6, 0xff, 0x15, 0xde, 0xfd, 0x98, 0xee, 0xf7, 0x98, 0xee, 0xde, 0x77, 0xe6, 0xda, 0xd4, 0xd5, 0xde, 0x52, 0xc5, 0xf7, 0x11, 0xc5, 0xfc,
    0xf0, 0xbc, 0xfd, 0xca, 0x52, 0xff, 0xab, 0x3a, 0xff, 0xcb, 0x42, 0xff, 0xcb, 0x42, 0xff, 0xcc, 0x4a, 0xff, 0xec, 0x4a, 0xff, 0xec, 0x4a, 0xff,
    0xec, 0x4a, 0xff, 0xec, 0x4a, 0xff, 0xcc, 0x42, 0xff, 0xaa, 0x3a, 0xff, 0xaa, 0x3a, 0xff, 0x29, 0x32, 0xff, 0xe8, 0x29, 0xfe, 0xe8, 0x29, 0xf4,
    0xaa, 0x42, 0xb6, 0x99, 0xce, 0x56, 0xbd, 0xef, 0x10, 0x00, 0x00, 0x00, 0x00, 0x00, 0x00, 0x00, 0x00, 0x00, 0x00, 0x00, 0x00, 0x00, 0x00, 0x00,
    0x00, 0x00, 0x00, 0x00, 0x00, 0x00, 0x00, 0x00, 0x00, 0x00, 0x00, 0x00, 0x9d, 0xef, 0x02, 0xbd, 0xef, 0x0a, 0xbd, 0xef, 0x3b, 0xbd, 0xef, 0xbe,
    0xbd, 0xef, 0xdc, 0xbd, 0xef, 0xf7, 0xbd, 0xef, 0xfd, 0x9d, 0xef, 0xff, 0x9d, 0xef, 0xff, 0x9d, 0xef, 0xff, 0x9d, 0xef, 0xff, 0x9d, 0xef, 0xff,
    0x9d, 0xef, 0xff, 0x9d, 0xef, 0xff, 0x9d, 0xef, 0xff, 0xbd, 0xef, 0xff, 0x7c, 0xe7, 0xff, 0xda, 0xd6, 0xff, 0xfb, 0xde, 0xff, 0x9d, 0xef, 0xff,
    0x7d, 0xef, 0xff, 0x7d, 0xef, 0xff, 0x3c, 0xe7, 0xff, 0x53, 0xbd, 0xff, 0x36, 0xe6, 0xff, 0x56, 0xe6, 0xff, 0x77, 0xe6, 0xfd, 0x97, 0xee, 0xfc,
    0x77, 0xe6, 0xfd, 0xf5, 0xd5, 0xff, 0x93, 0xcd, 0xff, 0x52, 0xc5, 0xff, 0xf1, 0xb4, 0xff, 0xad, 0x83, 0xff, 0x2b, 0x6b, 0xff, 0x4c, 0x63, 0xff,
    0x0c, 0x5b, 0xff, 0xeb, 0x52, 0xff, 0xcb, 0x52, 0xff, 0xaa, 0x4a, 0xff, 0xaa, 0x52, 0xff, 0xaa, 0x52, 0xff, 0xaa, 0x52, 0xff, 0xeb, 0x62, 0xff,
    0x0a, 0x63, 0xff, 0x0f, 0x7c, 0xff, 0xb9, 0xce, 0xfa, 0x9d, 0xef, 0xce, 0xbd, 0xef, 0x48, 0x7b, 0xdf, 0x09, 0x00, 0x00, 0x00, 0x00, 0x00, 0x00,
    0x00, 0x00, 0x00, 0x00, 0x00, 0x00, 0x00, 0x00, 0x00, 0x00, 0x00, 0x00, 0x00, 0x00, 0x00, 0x00, 0x00, 0x00, 0x9d, 0xef, 0x08, 0x9d, 0xef, 0x23,
    0xbd, 0xef, 0x41, 0x9d, 0xef, 0xc4, 0x9d, 0xef, 0xf5, 0x9d, 0xef, 0xfd, 0xbd, 0xef, 0xff, 0xbd, 0xef, 0xff, 0xbd, 0xef, 0xff, 0xbd, 0xef, 0xff,
    0xbd, 0xef, 0xff, 0x9d, 0xef, 0xff, 0x9d, 0xef, 0xff, 0x9d, 0xef, 0xff, 0x9d, 0xef, 0xff, 0xbd, 0xef, 0xff, 0x3b, 0xdf, 0xff, 0xda, 0xd6, 0xff,
    0x5c, 0xe7, 0xff, 0xff, 0xff, 0xff, 0x3c, 0xe7, 0xff, 0x7d, 0xef, 0xff, 0xbf, 0xff, 0xff, 0x9d, 0xef, 0xff, 0x58, 0xd6, 0xff, 0x15, 0xde, 0xff,
    0x77, 0xe6, 0xff, 0x77, 0xe6, 0xff, 0x77, 0xe6, 0xff, 0x56, 0xe6, 0xff, 0x16, 0xde, 0xff, 0x93, 0xcd, 0xff, 0xb4, 0xc5, 0xff, 0x1b, 0xe7, 0xff,
    0x58, 0xd6, 0xff, 0x12, 0xbd, 0xff, 0xd0, 0xbc, 0xff, 0x52, 0xc5, 0xff, 0xd1, 0xb4, 0xff, 0xb0, 0xac, 0xff, 0xb0, 0xac, 0xff, 0xb0, 0xac, 0xff,
    0xb0, 0xac, 0xff, 0xd0, 0xb4, 0xff, 0xf1, 0xbc, 0xff, 0xd0, 0xbc, 0xff, 0xb4, 0xc5, 0xff, 0xfd, 0xef, 0xff, 0x7c, 0xe7, 0xf6, 0x7c, 0xe7, 0xc3,
    0xbc, 0xe7, 0x3c, 0xbc, 0xe7, 0x09, 0x00, 0x00, 0x00, 0x00, 0x00, 0x00, 0x00, 0x00, 0x00, 0x00, 0x00, 0x00, 0x00, 0x00, 0x00, 0x9d, 0xef, 0x02,
    0x9d, 0xef, 0x0a, 0x9d, 0xef, 0x3b, 0x9d, 0xef, 0xbe, 0x9d, 0xef, 0xdc, 0x9d, 0xef, 0xf7, 0x9d, 0xef, 0xff, 0x9d, 0xef, 0xff, 0x9d, 0xef, 0xff,
    0x9d, 0xef, 0xff, 0x9d, 0xef, 0xff, 0xbd, 0xef, 0xff, 0xbd, 0xef, 0xff, 0xbd, 0xef, 0xff, 0xbd, 0xef, 0xff, 0xbd, 0xef, 0xff, 0x7c, 0xe7, 0xff,
    0xfb, 0xde, 0xff, 0xfb, 0xde, 0xff, 0x9d, 0xef, 0xff, 0x5c, 0xe7, 0xff, 0x7d, 0xef, 0xff, 0x5c, 0xe7, 0xff, 0xbf, 0xff, 0xff, 0x7d, 0xef, 0xff,
    0x9d, 0xef, 0xff, 0xff, 0xff, 0xff, 0xb9, 0xde, 0xff, 0xf5, 0xdd, 0xff, 0x36, 0xe6, 0xff, 0x36, 0xe6, 0xff, 0x36, 0xde, 0xff, 0xf5, 0xd5, 0xff,
    0x37, 0xd6, 0xff, 0x9d, 0xef, 0xff, 0xff, 0xff, 0xff, 0xff, 0xff, 0xff, 0xbf, 0xff, 0xff, 0x58, 0xd6, 0xff, 0xb4, 0xd5, 0xff, 0x36, 0xe6, 0xff,
    0x15, 0xde, 0xff, 0xd4, 0xd5, 0xff, 0xb4, 0xd5, 0xff, 0x73, 0xcd, 0xff, 0x52, 0xc5, 0xff, 0x52, 0xbd, 0xff, 0xf1, 0xbc, 0xff, 0xb5, 0xc5, 0xff,
    0xfd, 0xef, 0xff, 0x9d, 0xef, 0xff, 0xbc, 0xe7, 0xf6, 0xbc, 0xe7, 0xc3, 0xbc, 0xe7, 0x3c, 0xbc, 0xe7, 0x0b, 0x00, 0x00, 0x00, 0x00, 0x00, 0x00,
    0x00, 0x00, 0x00, 0x9d, 0xef, 0x08, 0x9d, 0xef, 0x23, 0x9d, 0xef, 0x41, 0x9d, 0xef, 0xc4, 0x9d, 0xef, 0xf5, 0x9d, 0xef, 0xfd, 0x9d, 0xef, 0xff,
    0x9d, 0xef, 0xff, 0x9d, 0xef, 0xff, 0x9d, 0xef, 0xff, 0x9d, 0xef, 0xff, 0x9d, 0xef, 0xff, 0x9d, 0xef, 0xff, 0xbd, 0xef, 0xff, 0xbd, 0xef, 0xff,
    0x9d, 0xef, 0xff, 0x5c, 0xe7, 0xff, 0x1b, 0xdf, 0xff, 0x5c, 0xe7, 0xff, 0x7c, 0xe7, 0xff, 0x7d, 0xef, 0xff, 0x9d, 0xef, 0xff, 0xbf, 0xff, 0xff,
    0xbf, 0xff, 0xff, 0x7d, 0xef, 0xff, 0x7d, 0xef, 0xff, 0x9d, 0xef, 0xff, 0x9d, 0xef, 0xff, 0xbd, 0xef, 0xff, 0x1b, 0xe7, 0xff, 0x57, 0xde, 0xff,
    0x15, 0xde, 0xff, 0xd4, 0xd5, 0xff, 0x98, 0xd6, 0xff, 0x5c, 0xe7, 0xff, 0xff, 0xff, 0xff, 0xff, 0xff, 0xff, 0xbf, 0xff, 0xff, 0xff, 0xff, 0xff,
    0xff, 0xff, 0xff, 0x16, 0xd6, 0xff, 0x15, 0xe6, 0xff, 0x97, 0xee, 0xff, 0xb7, 0xee, 0xff, 0xb8, 0xee, 0xff, 0x98, 0xee, 0xff, 0x36, 0xde, 0xff,
    0xb4, 0xcd, 0xff, 0x73, 0xcd, 0xff, 0x53, 0xb5, 0xff, 0x37, 0xbe, 0xff, 0x5b, 0xdf, 0xff, 0xbd, 0xef, 0xff, 0x9d, 0xef, 0xf6, 0xbc, 0xe7, 0xc4,
    0xbc, 0xe7, 0x44, 0x00, 0x00, 0x00, 0x9d, 0xef, 0x02, 0xbc, 0xe7, 0x0a, 0x9d, 0xef, 0x3b, 0x9d, 0xef, 0xbe, 0x9d, 0xef, 0xdc, 0x9d, 0xef, 0xf7,
    0x9d, 0xef, 0xff, 0x9d, 0xef, 0xff, 0x9c, 0xe7, 0xff, 0x9d, 0xef, 0xff, 0x9d, 0xef, 0xff, 0x9d, 0xef, 0xff, 0x9d, 0xef, 0xff, 0x9d, 0xef, 0xff,
    0x9d, 0xef, 0xff, 0x9d, 0xef, 0xff, 0x7c, 0xe7, 0xff, 0x3c, 0xe7, 0xff, 0x3c, 0xe7, 0xff, 0x7d, 0xef, 0xff, 0x7d, 0xef, 0xff, 0xbf, 0xff, 0xff,
    0xbf, 0xff, 0xff, 0xbf, 0xff, 0xff, 0x9d, 0xef, 0xff, 0x9d, 0xef, 0xff, 0xbf, 0xff, 0xff, 0x9d, 0xef, 0xff, 0x7d, 0xef, 0xff, 0x9d, 0xef, 0xff,
    0x9d, 0xef, 0xff, 0xbd, 0xef, 0xff, 0xbf, 0xff, 0xff, 0x5c, 0xe7, 0xff, 0xfb, 0xde, 0xff, 0xfa, 0xd6, 0xff, 0x1b, 0xdf, 0xff, 0x9d, 0xef, 0xff,
    0xbf, 0xff, 0xff, 0xbf, 0xff, 0xff, 0x9d, 0xef, 0xff, 0xbf, 0xff, 0xff, 0x17, 0xd6, 0xff, 0xd4, 0xdd, 0xff, 0x56, 0xe6, 0xff, 0x77, 0xe6, 0xff,
    0xb8, 0xee, 0xff, 0xd9, 0xee, 0xff, 0xb8, 0xe6, 0xff, 0x15, 0xd6, 0xff, 0xd4, 0xd5, 0xff, 0x90, 0x9c, 0xff, 0x78, 0xc6, 0xff, 0xb9, 0xce, 0xff,
    0x9d, 0xef, 0xff, 0x9d, 0xef, 0xff, 0x9d, 0xef, 0xf7, 0xbc, 0xe7, 0xde, 0x9d, 0xef, 0x08, 0x9d, 0xef, 0x23, 0xbc, 0xe7, 0x41, 0x9d, 0xef, 0xc4,
    0x9d, 0xef, 0xf5, 0x9d, 0xef, 0xfd, 0xbc, 0xe7, 0xff, 0xbc, 0xe7, 0xff, 0xbc, 0xe7, 0xff, 0x9c, 0xe7, 0xff, 0xbc, 0xe7, 0xff, 0xbc, 0xe7, 0xff,
    0xbc, 0xe7, 0xff, 0x9c, 0xe7, 0xff, 0x9c, 0xe7, 0xff, 0x9c, 0xe7, 0xff, 0x5c, 0xe7, 0xff, 0x5c, 0xe7, 0xff, 0x7d, 0xef, 0xff, 0xbf, 0xff, 0xff,
    0xbf, 0xff, 0xff, 0xbf, 0xff, 0xff, 0xbf, 0xff, 0xff, 0xbf, 0xff, 0xff, 0xbf, 0xff, 0xff, 0xff, 0xff, 0xff, 0xff, 0xff, 0xff, 0xbf, 0xff, 0xff,
    0x9f, 0xff, 0xff, 0x9d, 0xef, 0xff, 0x7c, 0xe7, 0xff, 0x5c, 0xe7, 0xff, 0x7d, 0xef, 0xff, 0x7d, 0xef, 0xff, 0x1b, 0xdf, 0xff, 0xfa, 0xd6, 0xff,
    0x3b, 0xdf, 0xff, 0xbf, 0xff, 0xff, 0x7d, 0xef, 0xff, 0x9d, 0xef, 0xff, 0x9d, 0xef, 0xff, 0x7d, 0xef, 0xff, 0x9d, 0xef, 0xff, 0x58, 0xd6, 0xff,
    0x36, 0xde, 0xff, 0x97, 0xee, 0xff, 0x97, 0xee, 0xff, 0xb8, 0xee, 0xff, 0xd9, 0xee, 0xff, 0x77, 0xe6, 0xff, 0x16, 0xd6, 0xff, 0xb4, 0xd5, 0xff,
    0x53, 0xad, 0xff, 0x7c, 0xe7, 0xff, 0x99, 0xce, 0xff, 0x5c, 0xe7, 0xff, 0xbd, 0xef, 0xff, 0x9d, 0xef, 0xff, 0xbc, 0xe7, 0xfd, 0xbc, 0xe7, 0x43,
    0x9d, 0xef, 0xbe, 0x9d, 0xef, 0xdc, 0x9d, 0xef, 0xf7, 0x9d, 0xef, 0xff, 0x9d, 0xef, 0xff, 0xbc, 0xe7, 0xff, 0xbc, 0xe7, 0xff, 0x9c, 0xe7, 0xff,
    0x7c, 0xe7, 0xff, 0x7c, 0xe7, 0xff, 0x7c, 0xe7, 0xff, 0x7c, 0xe7, 0xff, 0x7c, 0xe7, 0xff, 0x9d, 0xef, 0xff, 0xbf, 0xff, 0xff, 0xbf, 0xff, 0xff,
    0xff, 0xff, 0xff, 0xbf, 0xff, 0xff, 0xbf, 0xff, 0xff, 0xbf, 0xff, 0xff, 0x9d, 0xef, 0xff, 0xbf, 0xff, 0xff, 0xff, 0xff, 0xff, 0xbf, 0xff, 0xff,
    0x9d, 0xef, 0xff, 0xbf, 0xff, 0xff, 0xbf, 0xff, 0xff, 0x9d, 0xef, 0xff, 0x9d, 0xef, 0xff, 0x9d, 0xef, 0xff, 0x5c, 0xe7, 0xff, 0x1b, 0xdf, 0xff,
    0xfa, 0xd6, 0xff, 0xfa, 0xd6, 0xff, 0x5c, 0xe7, 0xff, 0x7d, 0xef, 0xff, 0x9d, 0xef, 0xff, 0xbd, 0xff, 0xff, 0xff, 0xff, 0xff, 0x3c, 0xe7, 0xff,
    0x9d, 0xef, 0xff, 0xbf, 0xff, 0xff, 0xbd, 0xef, 0xff, 0x5c, 0xef, 0xff, 0x98, 0xe6, 0xff, 0x56, 0xe6, 0xff, 0x97, 0xee, 0xff, 0xb8, 0xee, 0xff,
    0x56, 0xe6, 0xff, 0x36, 0xde, 0xff, 0x52, 0xc5, 0xff, 0x95, 0xbd, 0xff, 0x5c, 0xe7, 0xff, 0xba, 0xd6, 0xff, 0x1b, 0xdf, 0xff, 0xbd, 0xef, 0xff,
    0x9d, 0xef, 0xff, 0x9d, 0xef, 0xff, 0x9d, 0xef, 0xde, 0x9d, 0xef, 0xf7, 0x9d, 0xef, 0xfd, 0x9d, 0xef, 0xff, 0x9d, 0xef, 0xff, 0x9d, 0xef, 0xff,
    0x9d, 0xef, 0xff, 0x7c, 0xe7, 0xff, 0x7c, 0xe7, 0xff, 0x9d, 0xef, 0xff, 0xbd, 0xef, 0xff, 0xbf, 0xff, 0xff, 0xff, 0xff, 0xff, 0xff, 0xff, 0xff,
    0xff, 0xff, 0xff, 0xff, 0xff, 0xff, 0x9d, 0xff, 0xff, 0xbf, 0xff, 0xff, 0x9f, 0xff, 0xff, 0xbf, 0xff, 0xff, 0xff, 0xff, 0xff, 0xff, 0xff, 0xff,
    0xff, 0xff, 0xff, 0xff, 0xff, 0xff, 0xff, 0xff, 0xff, 0xbf, 0xff, 0xff, 0x7d, 0xef, 0xff, 0x9d, 0xef, 0xff, 0x9d, 0xef, 0xff, 0x7d, 0xef, 0xff,
    0x7d, 0xef, 0xff, 0x5c, 0xe7, 0xff, 0x1b, 0xdf, 0xff, 0x1b, 0xdf, 0xff, 0x5c, 0xe7, 0xff, 0xbf, 0xff, 0xff, 0x9d, 0xef, 0xff, 0xbf, 0xff, 0xff,
    0x9d, 0xef, 0xff, 0x7d, 0xef, 0xff, 0x9d, 0xef, 0xff, 0xbd, 0xff, 0xff, 0x9d, 0xef, 0xff, 0xbf, 0xff, 0xff, 0xff, 0xff, 0xff, 0xbf, 0xff, 0xff,
    0xfa, 0xe6, 0xff, 0x56, 0xde, 0xff, 0x15, 0xde, 0xff, 0xd4, 0xd5, 0xff, 0x93, 0xcd, 0xff, 0x53, 0xc5, 0xff, 0x1b, 0xdf, 0xff, 0xfb, 0xde, 0xff,
    0x58, 0xc6, 0xff, 0x98, 0xc6, 0xff, 0xbd, 0xef, 0xff, 0x7c, 0xe7, 0xff, 0xbd, 0xef, 0xff, 0x9d, 0xef, 0xfd, 0x9d, 0xef, 0xff, 0x9d, 0xef, 0xff,
    0x9d, 0xef, 0xff, 0x9d, 0xef, 0xff, 0x9d, 0xef, 0xff, 0x7c, 0xe7, 0xff, 0x9d, 0xef, 0xff, 0xff, 0xff, 0xff, 0xff, 0xff, 0xff, 0xff, 0xff, 0xff,
    0xff, 0xff, 0xff, 0xff, 0xff, 0xff, 0xff, 0xff, 0xff, 0xff, 0xff, 0xff, 0xbf, 0xff, 0xff, 0xbf, 0xff, 0xff, 0xff, 0xff, 0xff, 0xff, 0xff, 0xff,
    0xff, 0xff, 0xff, 0xff, 0xff, 0xff, 0x9d, 0xef, 0xff, 0xff, 0xff, 0xff, 0xff, 0xff, 0xff, 0xff, 0xff, 0xff, 0xbf, 0xff, 0xff, 0xbf, 0xff, 0xff,
    0x5c, 0xe7, 0xff, 0x5c, 0xe7, 0xff, 0x5c, 0xe7, 0xff, 0x1b, 0xdf, 0xff, 0xfb, 0xde, 0xff, 0x1b, 0xdf, 0xff, 0x7d, 0xef, 0xff, 0x9d, 0xef, 0xff,
    0x7d, 0xef, 0xff, 0x9d, 0xef, 0xff, 0x9d, 0xef, 0xff, 0xbf, 0xff, 0xff, 0x9d, 0xef, 0xff, 0xff, 0xff, 0xff, 0x7d, 0xef, 0xff, 0xbf, 0xff, 0xff,
    0xff, 0xff, 0xff, 0xff, 0xff, 0xff, 0xff, 0xff, 0xff, 0xff, 0xff, 0xff, 0x9d, 0xef, 0xff, 0x1b, 0xe7, 0xff, 0xb9, 0xde, 0xff, 0xda, 0xde, 0xff,
    0x5c, 0xe7, 0xff, 0x3b, 0xdf, 0xff, 0x1b, 0xdf, 0xff, 0x38, 0xc6, 0xff, 0x17, 0xbe, 0xff, 0x7c, 0xe7, 0xff, 0xbc, 0xe7, 0xff, 0x5a, 0xd7, 0xff,
    0x9d, 0xef, 0xff, 0x9d, 0xef, 0xff, 0x9d, 0xef, 0xff, 0xbc, 0xe7, 0xff, 0xbc, 0xe7, 0xff, 0xbc, 0xe7, 0xff, 0x5c, 0xe7, 0xff, 0xff, 0xff, 0xff,
    0xff, 0xff, 0xff, 0xff, 0xff, 0xff, 0xff, 0xff, 0xff, 0xff, 0xff, 0xff, 0xff, 0xff, 0xff, 0xff, 0xff, 0xff, 0xbf, 0xff, 0xff, 0xbf, 0xff, 0xff,
    0xff, 0xff, 0xff, 0xff, 0xff, 0xff, 0xff, 0xff, 0xff, 0xbf, 0xff, 0xff, 0xbf, 0xff, 0xff, 0xbf, 0xff, 0xff, 0x7d, 0xef, 0xff, 0xbf, 0xff, 0xff,
    0x9d, 0xef, 0xff, 0x7d, 0xef, 0xff, 0x7d, 0xef, 0xff, 0x5c, 0xe7, 0xff, 0xfb, 0xde, 0xff, 0xfb, 0xde, 0xff, 0xfb, 0xde, 0xff, 0x3c, 0xe7, 0xff,
    0x9d, 0xef, 0xff, 0x9d, 0xef, 0xff, 0xbd, 0xff, 0xff, 0xbf, 0xff, 0xff, 0xbf, 0xff, 0xff, 0x5c, 0xe7, 0xff, 0xff, 0xff, 0xff, 0xbf, 0xff, 0xff,
    0xbd, 0xef, 0xff, 0xff, 0xff, 0xff, 0xff, 0xff, 0xff, 0xbf, 0xff, 0xff, 0xbf, 0xff, 0xff, 0xbf, 0xff, 0xff, 0xbf, 0xff, 0xff, 0xbf, 0xff, 0xff,
    0xbd, 0xef, 0xff, 0x9d, 0xef, 0xff, 0x7d, 0xef, 0xff, 0x3c, 0xe7, 0xff, 0x1b, 0xdf, 0xff, 0xda, 0xd6, 0xff, 0x78, 0xc6, 0xff, 0x37, 0xbe, 0xff,
    0x5b, 0xdf, 0xff, 0xbd, 0xef, 0xff, 0xd7, 0x9e, 0xff, 0x7c, 0xe7, 0xff, 0x9d, 0xef, 0xff, 0x9d, 0xef, 0xff, 0xbc, 0xe7, 0xff, 0xbc, 0xe7, 0xff,
    0x7c, 0xe7, 0xff, 0x5c, 0xe7, 0xff, 0x9d, 0xff, 0xff, 0xbf, 0xff, 0xff, 0xff, 0xff, 0xff, 0xff, 0xff, 0xff, 0xff, 0xff, 0xff, 0xff, 0xff, 0xff,
    0xff, 0xff, 0xff, 0xbf, 0xff, 0xff, 0xbf, 0xff, 0xff, 0xff, 0xff, 0xff, 0xbf, 0xff, 0xff, 0xbf, 0xff, 0xff, 0xbd, 0xef, 0xff, 0x9d, 0xef, 0xff,
    0x9d, 0xef, 0xff, 0x7d, 0xef, 0xff, 0x3b, 0xdf, 0xff, 0x3c, 0xe7, 0xff, 0x1b, 0xdf, 0xff, 0xfb, 0xde, 0xff, 0xda, 0xd6, 0xff, 0xfb, 0xde, 0xff,
    0x7d, 0xef, 0xff, 0x7d, 0xef, 0xff, 0xbf, 0xff, 0xff, 0xff, 0xff, 0xff, 0xff, 0xff, 0xff, 0xff, 0xff, 0xff, 0x7c, 0xe7, 0xff, 0xbf, 0xff, 0xff,
    0xff, 0xff, 0xff, 0x9d, 0xef, 0xff, 0xbf, 0xff, 0xff, 0xff, 0xff, 0xff, 0xff, 0xff, 0xff, 0xff, 0xff, 0xff, 0xff, 0xff, 0xff, 0xff, 0xff, 0xff,
    0xbf, 0xff, 0xff, 0x9d, 0xef, 0xff, 0x7d, 0xef, 0xff, 0x7d, 0xef, 0xff, 0x5c, 0xe7, 0xff, 0x3c, 0xe7, 0xff, 0x1b, 0xdf, 0xff, 0xda, 0xd6, 0xff,
    0xda, 0xd6, 0xff, 0xfa, 0xd6, 0xff, 0x58, 0xc6, 0xff, 0x1b, 0xdf, 0xff, 0xfd, 0xef, 0xff, 0x96, 0x9e, 0xff, 0x7c, 0xe7, 0xff, 0x7c, 0xe7, 0xff,
    0x7c, 0xe7, 0xff, 0x7c, 0xe7, 0xff, 0xbc, 0xe7, 0xff, 0x3b, 0xdf, 0xff, 0x3c, 0xe7, 0xff, 0x7d, 0xef, 0xff, 0x7d, 0xef, 0xff, 0x7d, 0xef, 0xff,
    0x9d, 0xef, 0xff, 0x9d, 0xef, 0xff, 0x9d, 0xef, 0xff, 0x9d, 0xef, 0xff, 0x5c, 0xe7, 0xff, 0x7d, 0xef, 0xff, 0x9d, 0xef, 0xff, 0x7d, 0xef, 0xff,
    0x7c, 0xe7, 0xff, 0x5c, 0xe7, 0xff, 0x3b, 0xdf, 0xff, 0x1b, 0xdf, 0xff, 0xfa, 0xd6, 0xff, 0x99, 0xce, 0xff, 0x99, 0xce, 0xff, 0x99, 0xce, 0xff,
    0x58, 0xc6, 0xff, 0x1b, 0xdf, 0xff, 0x3c, 0xe7, 0xff, 0x9d, 0xef, 0xff, 0xff, 0xff, 0xff, 0xbf, 0xff, 0xff, 0xff, 0xff, 0xff, 0x7d, 0xef, 0xff,
    0x9d, 0xef, 0xff, 0xff, 0xff, 0xff, 0xbf, 0xff, 0xff, 0xbf, 0xff, 0xff, 0xff, 0xff, 0xff, 0xff, 0xff, 0xff, 0xff, 0xff, 0xff, 0xff, 0xff, 0xff,
    0xff, 0xff, 0xff, 0xff, 0xff, 0xff, 0xbf, 0xff, 0xff, 0xbf, 0xff, 0xff, 0xbf, 0xff, 0xff, 0x9d, 0xef, 0xff, 0x7d, 0xef, 0xff, 0x5c, 0xe7, 0xff,
    0x3c, 0xe7, 0xff, 0xfb, 0xde, 0xff, 0x1b, 0xdf, 0xff, 0x5c, 0xe7, 0xff, 0x1b, 0xdf, 0xff, 0x99, 0xce, 0xff, 0x1b, 0xdf, 0xff, 0x9d, 0xef, 0xff,
    0x7a, 0xd7, 0xff, 0x7c, 0xe7, 0xff, 0x7c, 0xe7, 0xff, 0x7c, 0xe7, 0xff, 0x7c, 0xe7, 0xff, 0xbc, 0xe7, 0xff, 0x3b, 0xdf, 0xff, 0x5c, 0xe7, 0xff,
    0x5c, 0xe7, 0xff, 0x5c, 0xe7, 0xff, 0x7c, 0xe7, 0xff, 0x7c, 0xe7, 0xff, 0x5c, 0xe7, 0xff, 0x5d, 0xef, 0xff, 0x7d, 0xef, 0xff, 0x5c, 0xe7, 0xff,
    0x5c, 0xe7, 0xff, 0x5c, 0xe7, 0xff, 0x5c, 0xe7, 0xff, 0x3c, 0xe7, 0xff, 0x3b, 0xdf, 0xff, 0x1b, 0xdf, 0xff, 0xfb, 0xde, 0xff, 0xda, 0xd6, 0xff,
    0xb9, 0xce, 0xff, 0x99, 0xce, 0xff, 0xb9, 0xce, 0xff, 0xfb, 0xde, 0xff, 0x9d, 0xef, 0xff, 0xbf, 0xff, 0xff, 0xbf, 0xff, 0xff, 0xbf, 0xff, 0xff,
    0x7d, 0xef, 0xff, 0xbf, 0xff, 0xff, 0xbf, 0xff, 0xff, 0xbf, 0xff, 0xff, 0xbf, 0xff, 0xff, 0xff, 0xff, 0xff, 0xff, 0xff, 0xff, 0xbf, 0xff, 0xff,
    0xbf, 0xff, 0xff, 0xbf, 0xff, 0xff, 0xbf, 0xff, 0xff, 0xff, 0xff, 0xff, 0xff, 0xff, 0xff, 0xbf, 0xff, 0xff, 0xbf, 0xff, 0xff, 0xbf, 0xff, 0xff,
    0xbf, 0xff, 0xff, 0x9d, 0xef, 0xff, 0x9d, 0xef, 0xff, 0x7d, 0xef, 0xff, 0x3c, 0xe7, 0xff, 0x5c, 0xe7, 0xff, 0x3c, 0xe7, 0xff, 0x1b, 0xdf, 0xff,
    0x99, 0xce, 0xff, 0xfa, 0xd6, 0xff, 0xbc, 0xdf, 0xff, 0x9c, 0xe7, 0xff, 0x7b, 0xdf, 0xff, 0x7c, 0xe7, 0xff, 0x7c, 0xe7, 0xff, 0x7c, 0xe7, 0xff,
    0x9c, 0xe7, 0xff, 0x1b, 0xdf, 0xff, 0x3c, 0xe7, 0xff, 0x9d, 0xef, 0xff, 0x7d, 0xef, 0xff, 0x5c, 0xe7, 0xff, 0x5c, 0xe7, 0xff, 0x5c, 0xe7, 0xff,
    0x7c, 0xe7, 0xff, 0x7d, 0xef, 0xff, 0x7d, 0xef, 0xff, 0x5c, 0xe7, 0xff, 0x5c, 0xe7, 0xff, 0x5c, 0xe7, 0xff, 0x3c, 0xe7, 0xff, 0x3b, 0xdf, 0xff,
    0xfb, 0xde, 0xff, 0xba, 0xd6, 0xff, 0xba, 0xd6, 0xff, 0xfa, 0xd6, 0xff, 0x5c, 0xe7, 0xff, 0x9d, 0xef, 0xff, 0xff, 0xff, 0xff, 0xff, 0xff, 0xff,
    0xbf, 0xff, 0xff, 0xbf, 0xff, 0xff, 0xff, 0xff, 0xff, 0xbd, 0xef, 0xff, 0xbf, 0xff, 0xff, 0xbf, 0xff, 0xff, 0xbf, 0xff, 0xff, 0xff, 0xff, 0xff,
    0xff, 0xff, 0xff, 0xbf, 0xff, 0xff, 0xbf, 0xff, 0xff, 0xff, 0xff, 0xff, 0xff, 0xff, 0xff, 0xbf, 0xff, 0xff, 0xbf, 0xff, 0xff, 0x9d, 0xff, 0xff,
    0xbf, 0xff, 0xff, 0xbf, 0xff, 0xff, 0xbf, 0xff, 0xff, 0x9d, 0xef, 0xff, 0x7d, 0xef, 0xff, 0x7d, 0xef, 0xff, 0x3c, 0xe7, 0xff, 0x5c, 0xe7, 0xff,
    0x5c, 0xe7, 0xff, 0x3b, 0xdf, 0xff, 0xfa, 0xd6, 0xff, 0x79, 0xce, 0xff, 0xd9, 0xce, 0xff, 0x7a, 0xd7, 0xff, 0x3a, 0xcf, 0xff, 0x5b, 0xdf, 0xfc,
    0x5b, 0xdf, 0xfd, 0x5b, 0xdf, 0xff, 0x5b, 0xdf, 0xff, 0x5b, 0xdf, 0xff, 0x5a, 0xd7, 0xff, 0x56, 0xb6, 0xff, 0x99, 0xce, 0xff, 0x5c, 0xe7, 0xff,
    0x9d, 0xff, 0xff, 0x9d, 0xff, 0xff, 0x9d, 0xff, 0xff, 0x9d, 0xef, 0xff, 0x7d, 0xef, 0xff, 0x7d, 0xef, 0xff, 0x7d, 0xef, 0xff, 0x7d, 0xef, 0xff,
    0x7d, 0xef, 0xff, 0x5c, 0xe7, 0xff, 0x1b, 0xdf, 0xff, 0x3c, 0xe7, 0xff, 0x5c, 0xe7, 0xff, 0x9d, 0xef, 0xff, 0xbf, 0xff, 0xff, 0xff, 0xff, 0xff,
    0xbf, 0xff, 0xff, 0xbf, 0xff, 0xff, 0xbf, 0xff, 0xff, 0xff, 0xff, 0xff, 0xbf, 0xff, 0xff, 0xbf, 0xff, 0xff, 0xbf, 0xff, 0xff, 0xbf, 0xff, 0xff,
    0xff, 0xff, 0xff, 0xff, 0xff, 0xff, 0xff, 0xff, 0xff, 0xff, 0xff, 0xff, 0xff, 0xff, 0xff, 0xff, 0xff, 0xff, 0xff, 0xff, 0xff, 0xff, 0xff, 0xff,
    0xff, 0xff, 0xff, 0xff, 0xff, 0xff, 0x9d, 0xff, 0xff, 0x7d, 0xef, 0xff, 0xbf, 0xff, 0xff, 0x9d, 0xef, 0xff, 0x9d, 0xef, 0xff, 0x7d, 0xef, 0xff,
    0x5c, 0xe7, 0xff, 0x3c, 0xe7, 0xff, 0x5c, 0xe7, 0xff, 0x3c, 0xe7, 0xff, 0x1b, 0xdf, 0xff, 0xda, 0xd6, 0xff, 0x58, 0xc6, 0xff, 0x57, 0xbe, 0xff,
    0x18, 0xc7, 0xff, 0x18, 0xc7, 0xff, 0x5b, 0xdf, 0xda, 0x5b, 0xdf, 0xde, 0x5b, 0xdf, 0xf7, 0x7a, 0xd7, 0xfd, 0x7a, 0xd7, 0xff, 0x3a, 0xcf, 0xff,
    0x96, 0xa6, 0xff, 0x32, 0x6e, 0xff, 0xb1, 0x65, 0xff, 0x54, 0x8d, 0xff, 0xf6, 0xad, 0xff, 0x99, 0xce, 0xff, 0xfa, 0xd6, 0xff, 0x1b, 0xdf, 0xff,
    0x5c, 0xe7, 0xff, 0x7d, 0xef, 0xff, 0x9d, 0xef, 0xff, 0x5c, 0xe7, 0xff, 0x5c, 0xe7, 0xff, 0xbf, 0xff, 0xff, 0xff, 0xff, 0xff, 0xff, 0xff, 0xff,
    0xff, 0xff, 0xff, 0xff, 0xff, 0xff, 0xbf, 0xff, 0xff, 0xbf, 0xff, 0xff, 0xff, 0xff, 0xff, 0xff, 0xff, 0xff, 0xff, 0xff, 0xff, 0xff, 0xff, 0xff,
    0xbf, 0xff, 0xff, 0xff, 0xff, 0xff, 0xff, 0xff, 0xff, 0xff, 0xff, 0xff, 0xff, 0xff, 0xff, 0xff, 0xff, 0xff, 0xff, 0xff, 0xff, 0xff, 0xff, 0xff,
    0xbf, 0xff, 0xff, 0xff, 0xff, 0xff, 0xbf, 0xff, 0xff, 0xbf, 0xff, 0xff, 0x9d, 0xef, 0xff, 0x9d, 0xef, 0xff, 0x5c, 0xe7, 0xff, 0x5c, 0xe7, 0xff,
    0x7d, 0xef, 0xff, 0x5c, 0xe7, 0xff, 0x5c, 0xe7, 0xff, 0x3b, 0xdf, 0xff, 0x3c, 0xe7, 0xff, 0x3c, 0xe7, 0xff, 0xda, 0xd6, 0xff, 0xb9, 0xce, 0xff,
    0x78, 0xc6, 0xff, 0x17, 0xbe, 0xff, 0x37, 0xbe, 0xff, 0xd7, 0xbe, 0xff, 0xf8, 0xc6, 0xff, 0x7b, 0xdf, 0x28, 0x7b, 0xdf, 0x41, 0x7b, 0xdf, 0xbe,
    0x7b, 0xdf, 0xdc, 0x7c, 0xe7, 0xf7, 0x9c, 0xe7, 0xfd, 0xbc, 0xe7, 0xff, 0x9c, 0xe7, 0xff, 0x5a, 0xd7, 0xff, 0xd8, 0xbe, 0xff, 0x35, 0xae, 0xff,
    0xd4, 0xa5, 0xff, 0xd4, 0xa5, 0xff, 0xd4, 0xa5, 0xff, 0xd4, 0xa5, 0xff, 0xb5, 0xad, 0xff, 0x95, 0xad, 0xff, 0x78, 0xc6, 0xff, 0xff, 0xff, 0xff,
    0xbf, 0xff, 0xff, 0xff, 0xff, 0xff, 0xff, 0xff, 0xff, 0xff, 0xff, 0xff, 0xff, 0xff, 0xff, 0xff, 0xff, 0xff, 0xff, 0xff, 0xff, 0xff, 0xff, 0xff,
    0xff, 0xff, 0xff, 0xff, 0xff, 0xff, 0xff, 0xff, 0xff, 0xbf, 0xff, 0xff, 0xff, 0xff, 0xff, 0xff, 0xff, 0xff, 0xff, 0xff, 0xff, 0xff, 0xff, 0xff,
    0xff, 0xff, 0xff, 0xff, 0xff, 0xff, 0xff, 0xff, 0xff, 0xff, 0xff, 0xff, 0x9d, 0xef, 0xff, 0xbf, 0xff, 0xff, 0x7d, 0xef, 0xff, 0x5c, 0xe7, 0xff,
    0x1b, 0xdf, 0xff, 0xfb, 0xde, 0xff, 0x99, 0xce, 0xff, 0xba, 0xd6, 0xff, 0xda, 0xd6, 0xff, 0xfa, 0xd6, 0xff, 0xba, 0xd6, 0xff, 0x1b, 0xdf, 0xff,
    0xfb, 0xde, 0xff, 0xda, 0xd6, 0xff, 0xda, 0xd6, 0xff, 0xba, 0xd6, 0xff, 0x99, 0xce, 0xff, 0x37, 0xbe, 0xff, 0xd8, 0xae, 0xff, 0xf7, 0xbe, 0xff,
    0x7b, 0xdf, 0x03, 0x7b, 0xdf, 0x08, 0x7b, 0xdf, 0x23, 0x7c, 0xe7, 0x41, 0x7c, 0xe7, 0xbe, 0x7c, 0xe7, 0xdc, 0x7c, 0xe7, 0xf7, 0x9d, 0xef, 0xfc,
    0x9d, 0xef, 0xfc, 0xbd, 0xef, 0xfc, 0xfd, 0xef, 0xfc, 0xbd, 0xef, 0xfc, 0xbd, 0xef, 0xfc, 0xfc, 0xe7, 0xfc, 0x7b, 0xdf, 0xfc, 0x7a, 0xd7, 0xfc,
    0xfa, 0xd6, 0xfc, 0x5c, 0xe7, 0xfc, 0xff, 0xff, 0xfc, 0xff, 0xff, 0xfd, 0xff, 0xff, 0xff, 0xff, 0xff, 0xff, 0xff, 0xff, 0xff, 0xff, 0xff, 0xff,
    0xff, 0xff, 0xff, 0xff, 0xff, 0xff, 0xff, 0xff, 0xff, 0xff, 0xff, 0xff, 0xff, 0xff, 0xff, 0xff, 0xff, 0xff, 0xbf, 0xff, 0xff, 0xff, 0xff, 0xff,
    0xff, 0xff, 0xff, 0xff, 0xff, 0xff, 0xff, 0xff, 0xff, 0xff, 0xff, 0xff, 0xff, 0xff, 0xff, 0xff, 0xff, 0xff, 0xbf, 0xff, 0xff, 0x5d, 0xef, 0xff,
    0xfb, 0xde, 0xff, 0xda, 0xd6, 0xff, 0x99, 0xce, 0xff, 0x58, 0xc6, 0xff, 0x78, 0xc6, 0xff, 0x79, 0xce, 0xff, 0xda, 0xd6, 0xff, 0x1b, 0xdf, 0xff,
    0x3c, 0xe7, 0xff, 0x5c, 0xe7, 0xff, 0x5c, 0xe7, 0xff, 0x3c, 0xe7, 0xff, 0x1b, 0xdf, 0xff, 0xfa, 0xd6, 0xff, 0xba, 0xd6, 0xff, 0x58, 0xc6, 0xff,
    0x17, 0xbe, 0xff, 0xd8, 0xae, 0xff, 0xd7, 0xb6, 0xfd, 0x00, 0x00, 0x00, 0x00, 0x00, 0x00, 0x7b, 0xdf, 0x02, 0x7b, 0xdf, 0x08, 0x7c, 0xe7, 0x23,
    0x7c, 0xe7, 0x41, 0x9c, 0xe7, 0xbe, 0x9c, 0xe7, 0xd7, 0x9c, 0xe7, 0xd9, 0x7c, 0xe7, 0xd9, 0x7c, 0xe7, 0xd9, 0x7c, 0xe7, 0xd9, 0x7b, 0xdf, 0xd9,
    0x7b, 0xdf, 0xd9, 0x7b, 0xdf, 0xd9, 0x7b, 0xdf, 0xd9, 0x3b, 0xdf, 0xd9, 0x5c, 0xe7, 0xd9, 0x9d, 0xff, 0xda, 0xbf, 0xff, 0xde, 0xff, 0xff, 0xf7,
    0xff, 0xff, 0xff, 0xff, 0xff, 0xff, 0xff, 0xff, 0xff, 0xff, 0xff, 0xff, 0xff, 0xff, 0xff, 0xff, 0xff, 0xff, 0xff, 0xff, 0xff, 0xff, 0xff, 0xff,
    0xff, 0xff, 0xff, 0xbf, 0xff, 0xff, 0xbf, 0xff, 0xff, 0xff, 0xff, 0xff, 0xbf, 0xff, 0xff, 0xbf, 0xff, 0xff, 0xbf, 0xff, 0xff, 0x9d, 0xef, 0xff,
    0x7c, 0xe7, 0xff, 0x1b, 0xdf, 0xff, 0xda, 0xd6, 0xff, 0xb9, 0xce, 0xff, 0xda, 0xd6, 0xff, 0xda, 0xd6, 0xff, 0xda, 0xd6, 0xff, 0xfa, 0xd6, 0xff,
    0xda, 0xd6, 0xff, 0xfa, 0xd6, 0xff, 0xfa, 0xd6, 0xff, 0x1b, 0xdf, 0xff, 0x1b, 0xdf, 0xff, 0x3b, 0xdf, 0xff, 0x3b, 0xdf, 0xff, 0x1b, 0xdf, 0xff,
    0x1b, 0xdf, 0xff, 0xda, 0xd6, 0xff, 0x99, 0xce, 0xff, 0x17, 0xbe, 0xff, 0x97, 0xb6, 0xf7, 0xd7, 0xbe, 0xde, 0x00, 0x00, 0x00, 0x00, 0x00, 0x00,
    0x00, 0x00, 0x00, 0x00, 0x00, 0x00, 0x7c, 0xe7, 0x02, 0x7c, 0xe7, 0x08, 0x7c, 0xe7, 0x21, 0x7c, 0xe7, 0x25, 0x7c, 0xe7, 0x26, 0x9c, 0xe7, 0x26,
    0x9c, 0xe7, 0x26, 0x9c, 0xe7, 0x26, 0x9c, 0xe7, 0x26, 0x9c, 0xe7, 0x26, 0x9c, 0xe7, 0x26, 0x9d, 0xef, 0x26, 0x3b, 0xdf, 0x26, 0x3c, 0xe7, 0x26,
    0x9d, 0xef, 0x28, 0x9d, 0xef, 0x41, 0x9d, 0xef, 0xc4, 0x9d, 0xef, 0xf5, 0xbf, 0xff, 0xfd, 0xbf, 0xff, 0xff, 0xbf, 0xff, 0xff, 0xbf, 0xff, 0xff,
    0xbf, 0xff, 0xff, 0xbf, 0xff, 0xff, 0x9d, 0xef, 0xff, 0xbf, 0xff, 0xff, 0x5c, 0xe7, 0xff, 0x5c, 0xe7, 0xff, 0x5c, 0xe7, 0xff, 0x5c, 0xe7, 0xff,
    0x5c, 0xe7, 0xff, 0x3c, 0xe7, 0xff, 0x3c, 0xe7, 0xff, 0x3b, 0xdf, 0xff, 0x1b, 0xdf, 0xff, 0x1b, 0xdf, 0xff, 0xfb, 0xde, 0xff, 0x1b, 0xdf, 0xff,
    0xda, 0xd6, 0xff, 0xda, 0xd6, 0xff, 0xb9, 0xce, 0xff, 0xb9, 0xce, 0xff, 0xda, 0xd6, 0xff, 0x1b, 0xdf, 0xff, 0x1b, 0xdf, 0xff, 0x3b, 0xdf, 0xff,
    0x3b, 0xdf, 0xff, 0x1b, 0xdf, 0xff, 0xfb, 0xde, 0xff, 0xfa, 0xd6, 0xff, 0xba, 0xd6, 0xff, 0x99, 0xce, 0xff, 0x58, 0xc6, 0xf6, 0x76, 0xae, 0xc4,
    0xd8, 0xae, 0x44, 0x00, 0x00, 0x00, 0x00, 0x00, 0x00, 0x00, 0x00, 0x00, 0x00, 0x00, 0x00, 0x00, 0x00, 0x00, 0x00, 0x00, 0x00, 0x9d, 0xef, 0x02,
    0x9c, 0xe7, 0x03, 0x9d, 0xef, 0x03, 0x9d, 0xef, 0x03, 0x9d, 0xef, 0x03, 0x9d, 0xef, 0x03, 0x9c, 0xe7, 0x03, 0x9d, 0xef, 0x03, 0x9d, 0xef, 0x03,
    0x9d, 0xef, 0x03, 0x3b, 0xdf, 0x03, 0x7d, 0xef, 0x03, 0x7d, 0xef, 0x03, 0x9d, 0xef, 0x0a, 0x9d, 0xef, 0x3b, 0x9d, 0xef, 0xbe, 0x9d, 0xef, 0xdc,
    0x9d, 0xef, 0xf7, 0x9d, 0xef, 0xff, 0x9d, 0xef, 0xff, 0x9d, 0xef, 0xff, 0x7d, 0xef, 0xff, 0x7d, 0xef, 0xff, 0x7d, 0xef, 0xff, 0x5c, 0xe7, 0xff,
    0x5c, 0xe7, 0xff, 0x5c, 0xe7, 0xff, 0x3c, 0xe7, 0xff, 0x3c, 0xe7, 0xff, 0x3c, 0xe7, 0xff, 0x3c, 0xe7, 0xff, 0x1b, 0xdf, 0xff, 0xfb, 0xde, 0xff,
    0xfb, 0xde, 0xff, 0xda, 0xd6, 0xff, 0xfa, 0xd6, 0xff, 0xda, 0xd6, 0xff, 0xda, 0xd6, 0xff, 0xda, 0xd6, 0xff, 0xba, 0xd6, 0xff, 0xda, 0xd6, 0xff,
    0xfa, 0xd6, 0xff, 0xfb, 0xde, 0xff, 0x1b, 0xdf, 0xff, 0x1b, 0xdf, 0xff, 0x3c, 0xe7, 0xff, 0x3c, 0xe7, 0xff, 0x1b, 0xdf, 0xff, 0xda, 0xd6, 0xff,
    0x78, 0xc6, 0xf6, 0x55, 0x95, 0xc3, 0x73, 0x76, 0x3c, 0x97, 0xa6, 0x0b, 0x00, 0x00, 0x00, 0x00, 0x00, 0x00, 0x00, 0x00, 0x00, 0x00, 0x00, 0x00,
    0x00, 0x00, 0x00, 0x00, 0x00, 0x00, 0x00, 0x00, 0x00, 0x00, 0x00, 0x00, 0x00, 0x00, 0x00, 0x00, 0x00, 0x00, 0x00, 0x00, 0x00, 0x00, 0x00, 0x00,
    0x00, 0x00, 0x00, 0x00, 0x00, 0x00, 0x00, 0x00, 0x00, 0x00, 0x00, 0x00, 0x00, 0x00, 0x00, 0x00, 0x00, 0x00, 0x00, 0x00, 0x00, 0x00, 0x00, 0x00,
    0x9d, 0xef, 0x08, 0x9d, 0xef, 0x23, 0x9d, 0xef, 0x41, 0x9d, 0xef, 0xc4, 0x9d, 0xef, 0xf5, 0x9d, 0xef, 0xfc, 0x9d, 0xef, 0xfc, 0x9d, 0xef, 0xfc,
    0x9d, 0xef, 0xfc, 0x7d, 0xef, 0xfc, 0x7d, 0xef, 0xfc, 0x7c, 0xe7, 0xfc, 0x7c, 0xe7, 0xfc, 0x5c, 0xe7, 0xfc, 0x3c, 0xe7, 0xfc, 0x3b, 0xdf, 0xfc,
    0x1b, 0xdf, 0xfc, 0xfb, 0xde, 0xfc, 0xfb, 0xde, 0xfc, 0xda, 0xd6, 0xfc, 0xda, 0xd6, 0xfc, 0xfb, 0xde, 0xfc, 0xfb, 0xde, 0xfc, 0x1b, 0xdf, 0xfc,
    0x1b, 0xdf, 0xfc, 0xfb, 0xde, 0xfc, 0x1b, 0xdf, 0xfc, 0x1b, 0xdf, 0xfc, 0xfb, 0xde, 0xfc, 0xda, 0xd6, 0xfc, 0xb9, 0xce, 0xfc, 0x78, 0xc6, 0xfc,
    0x17, 0xbe, 0xfd, 0xb5, 0xad, 0xfe, 0x55, 0x95, 0xf6, 0xf4, 0x84, 0xc3, 0x73, 0x76, 0x3c, 0xd8, 0xae, 0x09, 0x00, 0x00, 0x00, 0x00, 0x00, 0x00,
    0x00, 0x00, 0x00, 0x00, 0x00, 0x00, 0x00, 0x00, 0x00, 0x00, 0x00, 0x00, 0x00, 0x00, 0x00, 0x00, 0x00, 0x00, 0x00, 0x00, 0x00, 0x00, 0x00, 0x00,
    0x00, 0x00, 0x00, 0x00, 0x00, 0x00, 0x00, 0x00, 0x00, 0x00, 0x00, 0x00, 0x00, 0x00, 0x00, 0x00, 0x00, 0x00, 0x00, 0x00, 0x00, 0x00, 0x00, 0x00,
    0x00, 0x00, 0x00, 0x00, 0x00, 0x00, 0x00, 0x00, 0x00, 0x00, 0x00, 0x00, 0xff, 0xff, 0x02, 0xff, 0xff, 0x0a, 0xff, 0xff, 0x3b, 0xff, 0xff, 0xbe,
    0xff, 0xff, 0xd7, 0xff, 0xff, 0xd9, 0xbf, 0xff, 0xd9, 0xbf, 0xff, 0xd9, 0x9d, 0xef, 0xd9, 0x9d, 0xef, 0xd9, 0x7d, 0xef, 0xd9, 0x7c, 0xe7, 0xd9,
    0x5c, 0xe7, 0xd9, 0x3c, 0xe7, 0xd9, 0x3c, 0xe7, 0xd9, 0x3c, 0xe7, 0xd9, 0x1c, 0xe7, 0xd9, 0x1c, 0xe7, 0xd9, 0x1b, 0xdf, 0xd9, 0xda, 0xd6, 0xd9,
    0xba, 0xd6, 0xd9, 0x78, 0xc6, 0xd9, 0x17, 0xbe, 0xd9, 0x95, 0xad, 0xd9, 0x94, 0xa5, 0xd9, 0x75, 0x95, 0xd9, 0x75, 0x95, 0xd9, 0xb4, 0xa5, 0xd9,
    0xf5, 0xad, 0xd9, 0x15, 0xae, 0xd9, 0x36, 0xb6, 0xda, 0x57, 0xbe, 0xde, 0xd8, 0xc6, 0xf1, 0x19, 0xcf, 0xc3, 0x7a, 0xd7, 0x3c, 0x7b, 0xdf, 0x09,
    0x00, 0x00, 0x00, 0x00, 0x00, 0x00, 0x00, 0x00, 0x00, 0x00, 0x00, 0x00, 0x00, 0x00, 0x00, 0x00, 0x00, 0x00, 0x00, 0x00, 0x00, 0x00, 0x00, 0x00,
    0x00, 0x00, 0x00, 0x00, 0x00, 0x00, 0x00, 0x00, 0x00, 0x00, 0x00, 0x00, 0x00, 0x00, 0x00, 0x00, 0x00, 0x00, 0x00, 0x00, 0x00, 0x00, 0x00, 0x00,
    0x00, 0x00, 0x00, 0x00, 0x00, 0x00, 0x00, 0x00, 0x00, 0x00, 0x00, 0x00, 0x00, 0x00, 0x00, 0x00, 0x00, 0x00, 0x00, 0x00, 0x00, 0x00, 0x00, 0x00,
    0x00, 0x00, 0x00, 0xf5, 0xad, 0x08, 0x78, 0xc6, 0x23, 0xb9, 0xce, 0x28, 0xfa, 0xd6, 0x29, 0x1b, 0xdf, 0x29, 0x3c, 0xe7, 0x29, 0x3c, 0xe7, 0x29,
    0x3c, 0xe7, 0x29, 0x1b, 0xdf, 0x29, 0xfb, 0xde, 0x29, 0xda, 0xd6, 0x29, 0xba, 0xd6, 0x29, 0xb9, 0xce, 0x29, 0x99, 0xce, 0x29, 0x37, 0xbe, 0x29,
    0xd6, 0xad, 0x29, 0xb5, 0xad, 0x29, 0xb4, 0xa5, 0x29, 0xf5, 0xad, 0x29, 0x15, 0xae, 0x29, 0x35, 0xae, 0x29, 0x98, 0xbe, 0x29, 0xd9, 0xc6, 0x29,
    0x19, 0xc7, 0x29, 0x3a, 0xcf, 0x29, 0x7a, 0xd7, 0x29, 0x7b, 0xdf, 0x29, 0x7b, 0xdf, 0x29, 0x9c, 0xe7, 0x2b, 0xbc, 0xe7, 0x47, 0x7b, 0xdf, 0xbd,
    0x5b, 0xdf, 0x42, 0x5a, 0xd7, 0x0b, 0x00, 0x00, 0x00, 0x00, 0x00, 0x00, 0x00, 0x00, 0x00,
};

const lv_img_dsc_t rehab_person_side_mirror = {
    .header.always_zero = 0,
    .header.w = 59,
    .header.h = 263,
    .data_size = 46551,
    .header.cf = LV_IMG_CF_TRUE_COLOR_ALPHA,
    .data = rehab_person_side_mirror_map,
};

const lv_img_dsc_t rehab_person_side_no_forearm = {
    .header.always_zero = 0,
    .header.w = 59,
    .header.h = 263,
    .data_size = 46551,
    .header.cf = LV_IMG_CF_TRUE_COLOR_ALPHA,
    .data = rehab_person_side_map,
};
