#include "rehab_prescription_sync_assets.h"

#ifndef LV_ATTRIBUTE_IMG_RX_FULLBODY
#define LV_ATTRIBUTE_IMG_RX_FULLBODY
#endif
const LV_ATTRIBUTE_MEM_ALIGN LV_ATTRIBUTE_LARGE_CONST LV_ATTRIBUTE_IMG_RX_FULLBODY uint8_t rx_fullbody_map[] = {
    0x00, 0x00, 0x00, 0x00, 0x00, 0x00, 0x00, 0x00, 0x00, 0x00, 0x00, 0x00, 0x00, 0x00, 0x00, 0x00, 0x00, 0x00, 0x00, 0x00, 0x00, 0x00, 0x00, 0x00,
    0x00, 0x00, 0x00, 0x00, 0x00, 0x00, 0x00, 0x00, 0x00, 0x00, 0x00, 0x00, 0x00, 0x00, 0x00, 0x00, 0x00, 0x00, 0x00, 0x00, 0x00, 0x00, 0x00, 0x00,
    0x00, 0x00, 0x00, 0x00, 0x00, 0x00, 0x00, 0x00, 0x00, 0x00, 0x00, 0x00, 0x00, 0x00, 0x00, 0x00, 0x00, 0x00, 0x00, 0x00, 0x00, 0x00, 0x00, 0x00,
    0x00, 0x00, 0x00, 0x00, 0x00, 0x00, 0x00, 0x00, 0x00, 0x00, 0x00, 0x00, 0x00, 0x00, 0x00, 0x00, 0x00, 0x00, 0x00, 0x00, 0x00, 0x00, 0x00, 0x00,
    0x00, 0x00, 0x00, 0x00, 0x00, 0x00, 0x00, 0x00, 0x00, 0x00, 0x00, 0x00, 0x00, 0x00, 0x00, 0x00, 0x00, 0x00, 0x00, 0x00, 0x00, 0x00, 0x00, 0x00,
    0x00, 0x00, 0x00, 0x00, 0x00, 0x00, 0x00, 0x00, 0x00, 0x00, 0x00, 0x00, 0x00, 0x00, 0x00, 0x00, 0x00, 0x00, 0x00, 0x00, 0x00, 0x00, 0x00, 0x00,
    0x00, 0x00, 0x00, 0x00, 0x00, 0x00, 0x00, 0x00, 0x00, 0x00, 0x00, 0x00, 0x00, 0x00, 0x00, 0x00, 0x00, 0x00, 0x00, 0x00, 0x00, 0x00, 0x00, 0x00,
    0x00, 0x00, 0x00, 0x00, 0x00, 0x00, 0x00, 0x00, 0x00, 0x00, 0x00, 0x00, 0x00, 0x00, 0x00, 0x00, 0x00, 0x00, 0x00, 0x00, 0x00, 0x00, 0x00, 0x00,
    0x00, 0x00, 0x00, 0x00, 0x00, 0x00, 0x00, 0x00, 0x00, 0x00, 0x00, 0x00, 0x00, 0x00, 0x00, 0x00, 0x00, 0x00, 0x00, 0x00, 0x00, 0x00, 0x00, 0x00,
    0x00, 0x00, 0x00, 0x00, 0x00, 0x00, 0x00, 0x00, 0x00, 0x00, 0x00, 0x00, 0x00, 0x00, 0x00, 0x00, 0x00, 0x00, 0x00, 0x00, 0x00, 0x00, 0x00, 0x00,
    0x00, 0x00, 0x00, 0x00, 0x00, 0x00, 0x00, 0x00, 0x00, 0x00, 0x00, 0x00, 0x00, 0x00, 0x00, 0x00, 0x00, 0x00, 0x00, 0x00, 0x00, 0x00, 0x00, 0x00,
    0x00, 0x00, 0x00, 0x00, 0x00, 0x00, 0x00, 0x00, 0x00, 0x00, 0x00, 0x00, 0x00, 0x00, 0x00, 0x00, 0x00, 0x00, 0x00, 0x00, 0x00, 0x00, 0x00, 0x00,
    0x00, 0x00, 0x00, 0x00, 0x00, 0x00, 0x00, 0x00, 0x00, 0x00, 0x00, 0x00, 0x00, 0x00, 0x00, 0x00, 0x00, 0x00, 0x00, 0x00, 0x00, 0x00, 0x00, 0x00,
    0x00, 0x00, 0x00, 0x00, 0x00, 0x00, 0x00, 0x00, 0x00, 0x00, 0x00, 0x00, 0x00, 0x00, 0x00, 0x00, 0x00, 0x00, 0x00, 0x00, 0x00, 0x00, 0x00, 0x00,
    0x00, 0x00, 0x00, 0x00, 0x00, 0x00, 0x00, 0x00, 0x00, 0x00, 0x00, 0x00, 0x00, 0x00, 0x00, 0x00, 0x00, 0x00, 0x00, 0x00, 0x00, 0x00, 0x00, 0x00,
    0x00, 0x00, 0x00, 0x00, 0x00, 0x00, 0x00, 0x00, 0x00, 0x00, 0x00, 0x00, 0x00, 0x00, 0x00, 0x00, 0x00, 0x00, 0x00, 0x00, 0x00, 0x00, 0x00, 0x00,
    0x00, 0x00, 0x00, 0x00, 0x00, 0x00, 0x00, 0x00, 0x00, 0x00, 0x00, 0x00, 0x00, 0x00, 0x00, 0x00, 0x00, 0x00, 0x00, 0x00, 0x00, 0x00, 0x00, 0x00,
    0x00, 0x00, 0x00, 0x00, 0x00, 0x00, 0x00, 0x00, 0x00, 0x00, 0x00, 0x00, 0x00, 0x00, 0x00, 0x00, 0x00, 0x00, 0x00, 0x00, 0x00, 0x00, 0x00, 0x00,
    0x00, 0x00, 0x00, 0x00, 0x00, 0x00, 0x00, 0x00, 0x00, 0x00, 0x00, 0x00, 0x00, 0x00, 0x00, 0x00, 0x00, 0x00, 0x00, 0x00, 0x00, 0x00, 0x00, 0x00,
    0x00, 0x00, 0x00, 0x00, 0x00, 0x00, 0x00, 0x00, 0x00, 0x00, 0x00, 0x00, 0x00, 0x00, 0x00, 0x00, 0x00, 0x00, 0x00, 0x00, 0x00, 0x00, 0x00, 0x00,
    0x00, 0x00, 0x00, 0x00, 0x00, 0x00, 0x00, 0x00, 0x00, 0x00, 0x00, 0x00, 0x00, 0x00, 0x00, 0x00, 0x00, 0x00, 0x00, 0x00, 0x00, 0x00, 0x00, 0x00,
    0x00, 0x00, 0x00, 0x00, 0x00, 0x00, 0x00, 0x00, 0x00, 0x00, 0x00, 0x00, 0x00, 0x00, 0x00, 0x00, 0x00, 0x00, 0x00, 0x00, 0x00, 0x00, 0x00, 0x00,
    0x00, 0x00, 0x00, 0x00, 0x00, 0x00, 0x00, 0x00, 0x00, 0x00, 0x00, 0x00, 0x00, 0x00, 0x00, 0x00, 0x00, 0x00, 0x00, 0x00, 0x00, 0x00, 0x00, 0x00,
    0x00, 0x00, 0x00, 0x00, 0x00, 0x00, 0x00, 0x00, 0x00, 0x00, 0x00, 0x00, 0x00, 0x00, 0x00, 0x00, 0x00, 0x00, 0x00, 0x00, 0x00, 0x00, 0x00, 0x00,
    0x00, 0x00, 0x00, 0x00, 0x00, 0x00, 0x00, 0x00, 0x00, 0x00, 0x00, 0x00, 0x00, 0x00, 0x00, 0x00, 0x00, 0x00, 0x00, 0x00, 0x00, 0x00, 0x00, 0x00,
    0x00, 0x00, 0x00, 0x00, 0x00, 0x00, 0x00, 0x00, 0x00, 0x00, 0x00, 0x00, 0x00, 0x00, 0x00, 0x00, 0x00, 0x00, 0x00, 0x00, 0x00, 0x00, 0x00, 0x00,
    0x00, 0x00, 0x00, 0x00, 0x00, 0x00, 0x00, 0x00, 0x00, 0x00, 0x00, 0x00, 0x00, 0x00, 0x00, 0x00, 0x00, 0x00, 0x00, 0x00, 0x00, 0x00, 0x00, 0x00,
    0x00, 0x00, 0x00, 0x00, 0x00, 0x00, 0x00, 0x00, 0x00, 0x00, 0x00, 0x00, 0x00, 0x00, 0x00, 0x00, 0x00, 0x00, 0x85, 0x21, 0x03, 0x00, 0x00, 0x00,
    0x00, 0x00, 0x00, 0x00, 0x00, 0x00, 0x00, 0x00, 0x00, 0x00, 0x00, 0x00, 0x00, 0x00, 0x00, 0x00, 0x00, 0x00, 0x00, 0x00, 0x00, 0x00, 0x00, 0x00,
    0x00, 0x00, 0x00, 0x00, 0x00, 0x00, 0x00, 0x00, 0x00, 0x00, 0x00, 0x00, 0x00, 0x00, 0x00, 0x00, 0x00, 0x00, 0x00, 0x00, 0x00, 0x00, 0x00, 0x00,
    0x00, 0x00, 0x00, 0x00, 0x00, 0x00, 0x00, 0x00, 0x00, 0x00, 0x00, 0x00, 0x00, 0x00, 0x00, 0x00, 0x00, 0x00, 0x00, 0x00, 0x00, 0x00, 0x00, 0x00,
    0x00, 0x00, 0x00, 0x85, 0x21, 0x31, 0x85, 0x21, 0xec, 0x85, 0x21, 0xef, 0x85, 0x21, 0xc5, 0x85, 0x21, 0x07, 0x00, 0x00, 0x00, 0x00, 0x00, 0x00,
    0x00, 0x00, 0x00, 0x00, 0x00, 0x00, 0x00, 0x00, 0x00, 0x00, 0x00, 0x00, 0x00, 0x00, 0x00, 0x00, 0x00, 0x00, 0x00, 0x00, 0x00, 0x00, 0x00, 0x00,
    0x00, 0x00, 0x00, 0x00, 0x00, 0x00, 0x00, 0x00, 0x00, 0x00, 0x00, 0x00, 0x00, 0x00, 0x00, 0x85, 0x21, 0xbd, 0x85, 0x21, 0xcb, 0x85, 0x21, 0xa6,
    0x85, 0x21, 0x04, 0x00, 0x00, 0x00, 0x00, 0x00, 0x00, 0x00, 0x00, 0x00, 0x00, 0x00, 0x00, 0x00, 0x00, 0x00, 0x00, 0x00, 0x00, 0x00, 0x00, 0x00,
    0x00, 0x00, 0x00, 0x00, 0x00, 0x00, 0x85, 0x21, 0x63, 0x85, 0x21, 0x34, 0x00, 0x00, 0x00, 0x00, 0x00, 0x00, 0x00, 0x00, 0x00, 0x85, 0x21, 0x11,
    0x85, 0x21, 0x53, 0x85, 0x21, 0x53, 0x85, 0x21, 0x06, 0x00, 0x00, 0x00, 0x00, 0x00, 0x00, 0x00, 0x00, 0x00, 0x00, 0x00, 0x00, 0x85, 0x21, 0x36,
    0x85, 0x21, 0x6f, 0x85, 0x21, 0x5a, 0x00, 0x00, 0x00, 0x00, 0x00, 0x00, 0x00, 0x00, 0x00, 0x00, 0x00, 0x00, 0x85, 0x21, 0xd3, 0x85, 0x21, 0x91,
    0x85, 0x21, 0x19, 0x00, 0x00, 0x00, 0x00, 0x00, 0x00, 0x00, 0x00, 0x00, 0x00, 0x00, 0x00, 0x85, 0x21, 0xbc, 0x85, 0x21, 0xdd, 0x85, 0x21, 0x5f,
    0x00, 0x00, 0x00, 0x00, 0x00, 0x00, 0x00, 0x00, 0x00, 0x00, 0x00, 0x00, 0x00, 0x00, 0x00, 0x00, 0x00, 0x00, 0x00, 0x00, 0x00, 0x00, 0x00, 0x00,
    0x00, 0x00, 0x00, 0x00, 0x00, 0x00, 0x00, 0x00, 0x00, 0x00, 0x00, 0x00, 0x00, 0x00, 0x00, 0x00, 0x00, 0x00, 0x00, 0x00, 0x00, 0x00, 0x00, 0x00,
    0x85, 0x21, 0x06, 0x85, 0x21, 0xd2, 0x85, 0x21, 0xff, 0x85, 0x21, 0xff, 0x85, 0x21, 0xff, 0x85, 0x21, 0x97, 0x00, 0x00, 0x00, 0x00, 0x00, 0x00,
    0x00, 0x00, 0x00, 0x00, 0x00, 0x00, 0x00, 0x00, 0x00, 0x00, 0x00, 0x00, 0x00, 0x00, 0x00, 0x00, 0x00, 0x00, 0x00, 0x00, 0x00, 0x00, 0x00, 0x00,
    0x00, 0x00, 0x00, 0x00, 0x00, 0x00, 0x00, 0x00, 0x00, 0x00, 0x00, 0x00, 0x85, 0x21, 0x21, 0x85, 0x21, 0xff, 0x85, 0x21, 0xff, 0x85, 0x21, 0x88,
    0x00, 0x00, 0x00, 0x00, 0x00, 0x00, 0x00, 0x00, 0x00, 0x00, 0x00, 0x00, 0x00, 0x00, 0x00, 0x00, 0x00, 0x00, 0x00, 0x00, 0x00, 0x00, 0x00, 0x00,
    0x00, 0x00, 0x00, 0x85, 0x21, 0x4f, 0x85, 0x21, 0xfe, 0x85, 0x21, 0xf8, 0x85, 0x21, 0x66, 0x00, 0x00, 0x00, 0x00, 0x00, 0x00, 0x85, 0x21, 0x33,
    0x85, 0x21, 0xff, 0x85, 0x21, 0xff, 0x85, 0x21, 0x13, 0x85, 0x21, 0x17, 0x85, 0x21, 0x53, 0x85, 0x21, 0x45, 0x00, 0x00, 0x00, 0x85, 0x21, 0x7b,
    0x85, 0x21, 0xff, 0x85, 0x21, 0xcf, 0x00, 0x00, 0x00, 0x00, 0x00, 0x00, 0x00, 0x00, 0x00, 0x85, 0x21, 0x2d, 0x85, 0x21, 0xff, 0x85, 0x21, 0xff,
    0x85, 0x21, 0x2a, 0x00, 0x00, 0x00, 0x00, 0x00, 0x00, 0x00, 0x00, 0x00, 0x00, 0x00, 0x00, 0x85, 0x21, 0xef, 0x85, 0x21, 0xff, 0x85, 0x21, 0x48,
    0x00, 0x00, 0x00, 0x00, 0x00, 0x00, 0x00, 0x00, 0x00, 0x00, 0x00, 0x00, 0x00, 0x00, 0x00, 0x00, 0x00, 0x00, 0x00, 0x00, 0x00, 0x00, 0x00, 0x00,
    0x00, 0x00, 0x00, 0x00, 0x00, 0x00, 0x00, 0x00, 0x00, 0x00, 0x00, 0x00, 0x00, 0x00, 0x00, 0x00, 0x00, 0x00, 0x00, 0x00, 0x00, 0x00, 0x00, 0x00,
    0x85, 0x21, 0xa0, 0x85, 0x21, 0xff, 0x85, 0x21, 0xf9, 0x85, 0x21, 0x8f, 0x85, 0x21, 0xff, 0x85, 0x21, 0xff, 0x85, 0x21, 0x69, 0x00, 0x00, 0x00,
    0x00, 0x00, 0x00, 0x00, 0x00, 0x00, 0x00, 0x00, 0x00, 0x00, 0x00, 0x00, 0x00, 0x00, 0x00, 0x00, 0x00, 0x00, 0x00, 0x00, 0x00, 0x00, 0x00, 0x00,
    0x85, 0x21, 0x3c, 0x85, 0x21, 0xf3, 0x85, 0x21, 0xf3, 0x85, 0x21, 0xf3, 0x85, 0x21, 0xf7, 0x85, 0x21, 0xff, 0x85, 0x21, 0xff, 0x85, 0x21, 0xf7,
    0x85, 0x21, 0xf3, 0x85, 0x21, 0xf3, 0x85, 0x21, 0xf3, 0x85, 0x21, 0xf3, 0x85, 0x21, 0x03, 0x00, 0x00, 0x00, 0x00, 0x00, 0x00, 0x00, 0x00, 0x00,
    0x00, 0x00, 0x00, 0x85, 0x21, 0x11, 0x85, 0x21, 0xbd, 0x85, 0x21, 0xff, 0x85, 0x21, 0xff, 0x85, 0x21, 0x87, 0x00, 0x00, 0x00, 0x85, 0x21, 0x33,
    0x85, 0x21, 0xff, 0x85, 0x21, 0xff, 0x85, 0x21, 0x13, 0x85, 0x21, 0x47, 0x85, 0x21, 0xff, 0x85, 0x21, 0xd3, 0x00, 0x00, 0x00, 0x85, 0x21, 0x7b,
    0x85, 0x21, 0xff, 0x85, 0x21, 0xcf, 0x00, 0x00, 0x00, 0x00, 0x00, 0x00, 0x00, 0x00, 0x00, 0x85, 0x21, 0x7a, 0x85, 0x21, 0xff, 0x85, 0x21, 0xc5,
    0x00, 0x00, 0x00, 0x00, 0x00, 0x00, 0x85, 0x21, 0xfb, 0x85, 0x21, 0xff, 0x85, 0x21, 0xff, 0x85, 0x21, 0xff, 0x85, 0x21, 0xff, 0x85, 0x21, 0xff,
    0x85, 0x21, 0xff, 0x85, 0x21, 0xff, 0x85, 0x21, 0xff, 0x85, 0x21, 0xff, 0x85, 0x21, 0xbf, 0x00, 0x00, 0x00, 0x00, 0x00, 0x00, 0x00, 0x00, 0x00,
    0x00, 0x00, 0x00, 0x00, 0x00, 0x00, 0x00, 0x00, 0x00, 0x00, 0x00, 0x00, 0x00, 0x00, 0x00, 0x00, 0x00, 0x00, 0x00, 0x00, 0x00, 0x85, 0x21, 0x89,
    0x85, 0x21, 0xff, 0x85, 0x21, 0xff, 0x85, 0x21, 0x5e, 0x00, 0x00, 0x00, 0x85, 0x21, 0x7a, 0x85, 0x21, 0xff, 0x85, 0x21, 0xfe, 0x85, 0x21, 0x68,
    0x00, 0x00, 0x00, 0x00, 0x00, 0x00, 0x00, 0x00, 0x00, 0x00, 0x00, 0x00, 0x00, 0x00, 0x00, 0x00, 0x00, 0x00, 0x00, 0x00, 0x00, 0x00, 0x00, 0x00,
    0x85, 0x21, 0x3f, 0x85, 0x21, 0xff, 0x85, 0x21, 0xff, 0x85, 0x21, 0xff, 0x85, 0x21, 0xff, 0x85, 0x21, 0xff, 0x85, 0x21, 0xff, 0x85, 0x21, 0xff,
    0x85, 0x21, 0xff, 0x85, 0x21, 0xff, 0x85, 0x21, 0xff, 0x85, 0x21, 0xff, 0x85, 0x21, 0x03, 0x00, 0x00, 0x00, 0x00, 0x00, 0x00, 0x00, 0x00, 0x00,
    0x00, 0x00, 0x00, 0x00, 0x00, 0x00, 0x85, 0x21, 0x04, 0x85, 0x21, 0xa1, 0x85, 0x21, 0xff, 0x85, 0x21, 0xe7, 0x85, 0x21, 0x16, 0x85, 0x21, 0x33,
    0x85, 0x21, 0xff, 0x85, 0x21, 0xff, 0x85, 0x21, 0x13, 0x85, 0x21, 0x47, 0x85, 0x21, 0xff, 0x85, 0x21, 0xd3, 0x00, 0x00, 0x00, 0x85, 0x21, 0x7b,
    0x85, 0x21, 0xff, 0x85, 0x21, 0xcf, 0x00, 0x00, 0x00, 0x00, 0x00, 0x00, 0x00, 0x00, 0x00, 0x85, 0x21, 0xd1, 0x85, 0x21, 0xff, 0x85, 0x21, 0x5f,
    0x00, 0x00, 0x00, 0x00, 0x00, 0x00, 0x85, 0x21, 0xfb, 0x85, 0x21, 0xff, 0x85, 0x21, 0xff, 0x85, 0x21, 0xff, 0x85, 0x21, 0xff, 0x85, 0x21, 0xff,
    0x85, 0x21, 0xff, 0x85, 0x21, 0xff, 0x85, 0x21, 0xff, 0x85, 0x21, 0xff, 0x85, 0x21, 0xbf, 0x00, 0x00, 0x00, 0x00, 0x00, 0x00, 0x00, 0x00, 0x00,
    0x00, 0x00, 0x00, 0x00, 0x00, 0x00, 0x00, 0x00, 0x00, 0x00, 0x00, 0x00, 0x00, 0x00, 0x00, 0x85, 0x21, 0x01, 0x85, 0x21, 0x8b, 0x85, 0x21, 0xff,
    0x85, 0x21, 0xff, 0x85, 0x21, 0x7e, 0x00, 0x00, 0x00, 0x00, 0x00, 0x00, 0x00, 0x00, 0x00, 0x85, 0x21, 0x92, 0x85, 0x21, 0xff, 0x85, 0x21, 0xfe,
    0x85, 0x21, 0x7c, 0x85, 0x21, 0x01, 0x00, 0x00, 0x00, 0x00, 0x00, 0x00, 0x00, 0x00, 0x00, 0x00, 0x00, 0x00, 0x00, 0x00, 0x00, 0x00, 0x00, 0x00,
    0x85, 0x21, 0x3f, 0x85, 0x21, 0xff, 0x85, 0x21, 0xff, 0x85, 0x21, 0x0b, 0x00, 0x00, 0x00, 0x00, 0x00, 0x00, 0x00, 0x00, 0x00, 0x00, 0x00, 0x00,
    0x00, 0x00, 0x00, 0x85, 0x21, 0x5b, 0x85, 0x21, 0xff, 0x85, 0x21, 0xff, 0x85, 0x21, 0x03, 0x00, 0x00, 0x00, 0x00, 0x00, 0x00, 0x00, 0x00, 0x00,
    0x00, 0x00, 0x00, 0x00, 0x00, 0x00, 0x00, 0x00, 0x00, 0x85, 0x21, 0x02, 0x85, 0x21, 0x95, 0x85, 0x21, 0x34, 0x00, 0x00, 0x00, 0x85, 0x21, 0x33,
    0x85, 0x21, 0xff, 0x85, 0x21, 0xff, 0x85, 0x21, 0x13, 0x85, 0x21, 0x47, 0x85, 0x21, 0xff, 0x85, 0x21, 0xd3, 0x00, 0x00, 0x00, 0x85, 0x21, 0x7b,
    0x85, 0x21, 0xff, 0x85, 0x21, 0xcf, 0x00, 0x00, 0x00, 0x00, 0x00, 0x00, 0x85, 0x21, 0x3d, 0x85, 0x21, 0xff, 0x85, 0x21, 0xdc, 0x85, 0x21, 0x12,
    0x85, 0x21, 0x97, 0x85, 0x21, 0x17, 0x85, 0x21, 0x17, 0x85, 0x21, 0x17, 0x85, 0x21, 0xa8, 0x85, 0x21, 0xff, 0x85, 0x21, 0x91, 0x85, 0x21, 0x17,
    0x85, 0x21, 0x17, 0x85, 0x21, 0x17, 0x85, 0x21, 0x17, 0x85, 0x21, 0x17, 0x85, 0x21, 0x11, 0x00, 0x00, 0x00, 0x00, 0x00, 0x00, 0x00, 0x00, 0x00,
    0x00, 0x00, 0x00, 0x00, 0x00, 0x00, 0x00, 0x00, 0x00, 0x00, 0x00, 0x00, 0x85, 0x21, 0x09, 0x85, 0x21, 0xac, 0x85, 0x21, 0xff, 0x85, 0x21, 0xfc,
    0x85, 0x21, 0x68, 0x00, 0x00, 0x00, 0x00, 0x00, 0x00, 0x00, 0x00, 0x00, 0x00, 0x00, 0x00, 0x00, 0x00, 0x00, 0x85, 0x21, 0x73, 0x85, 0x21, 0xfd,
    0x85, 0x21, 0xff, 0x85, 0x21, 0xb5, 0x85, 0x21, 0x13, 0x00, 0x00, 0x00, 0x00, 0x00, 0x00, 0x00, 0x00, 0x00, 0x00, 0x00, 0x00, 0x00, 0x00, 0x00,
    0x85, 0x21, 0x3f, 0x85, 0x21, 0xff, 0x85, 0x21, 0xff, 0x85, 0x21, 0xa4, 0x85, 0x21, 0x9f, 0x85, 0x21, 0x9f, 0x85, 0x21, 0x9f, 0x85, 0x21, 0x9f,
    0x85, 0x21, 0x9f, 0x85, 0x21, 0xc2, 0x85, 0x21, 0xff, 0x85, 0x21, 0xff, 0x85, 0x21, 0x03, 0x00, 0x00, 0x00, 0x00, 0x00, 0x00, 0x00, 0x00, 0x00,
    0x00, 0x00, 0x00, 0x00, 0x00, 0x00, 0x00, 0x00, 0x00, 0x00, 0x00, 0x00, 0x00, 0x00, 0x00, 0x00, 0x00, 0x00, 0x00, 0x00, 0x00, 0x85, 0x21, 0x33,
    0x85, 0x21, 0xff, 0x85, 0x21, 0xff, 0x85, 0x21, 0x13, 0x85, 0x21, 0x47, 0x85, 0x21, 0xff, 0x85, 0x21, 0xd3, 0x00, 0x00, 0x00, 0x85, 0x21, 0x7b,
    0x85, 0x21, 0xff, 0x85, 0x21, 0xcf, 0x00, 0x00, 0x00, 0x85, 0x21, 0x01, 0x85, 0x21, 0xc3, 0x85, 0x21, 0xff, 0x85, 0x21, 0x5c, 0x85, 0x21, 0x74,
    0x85, 0x21, 0xff, 0x85, 0x21, 0xcc, 0x85, 0x21, 0x0d, 0x85, 0x21, 0x13, 0x85, 0x21, 0xd3, 0x85, 0x21, 0xff, 0x85, 0x21, 0x5f, 0x85, 0x21, 0x13,
    0x85, 0x21, 0x12, 0x00, 0x00, 0x00, 0x00, 0x00, 0x00, 0x00, 0x00, 0x00, 0x00, 0x00, 0x00, 0x00, 0x00, 0x00, 0x00, 0x00, 0x00, 0x00, 0x00, 0x00,
    0x00, 0x00, 0x00, 0x00, 0x00, 0x00, 0x00, 0x00, 0x00, 0x85, 0x21, 0x3a, 0x85, 0x21, 0xd7, 0x85, 0x21, 0xff, 0x85, 0x21, 0xf1, 0x85, 0x21, 0x47,
    0x00, 0x00, 0x00, 0x00, 0x00, 0x00, 0x00, 0x00, 0x00, 0x00, 0x00, 0x00, 0x00, 0x00, 0x00, 0x00, 0x00, 0x00, 0x00, 0x00, 0x00, 0x85, 0x21, 0x4b,
    0x85, 0x21, 0xf2, 0x85, 0x21, 0xff, 0x85, 0x21, 0xea, 0x85, 0x21, 0x6a, 0x85, 0x21, 0x04, 0x00, 0x00, 0x00, 0x00, 0x00, 0x00, 0x00, 0x00, 0x00,
    0x85, 0x21, 0x3f, 0x85, 0x21, 0xff, 0x85, 0x21, 0xff, 0x85, 0x21, 0xff, 0x85, 0x21, 0xff, 0x85, 0x21, 0xff, 0x85, 0x21, 0xff, 0x85, 0x21, 0xff,
    0x85, 0x21, 0xff, 0x85, 0x21, 0xff, 0x85, 0x21, 0xff, 0x85, 0x21, 0xff, 0x85, 0x21, 0x3e, 0x85, 0x21, 0x85, 0x85, 0x21, 0x11, 0x00, 0x00, 0x00,
    0x85, 0x21, 0x67, 0x85, 0x21, 0xff, 0x85, 0x21, 0xff, 0x85, 0x21, 0xff, 0x85, 0x21, 0xff, 0x00, 0x00, 0x00, 0x00, 0x00, 0x00, 0x85, 0x21, 0x33,
    0x85, 0x21, 0xff, 0x85, 0x21, 0xff, 0x85, 0x21, 0x13, 0x85, 0x21, 0x47, 0x85, 0x21, 0xff, 0x85, 0x21, 0xd3, 0x00, 0x00, 0x00, 0x85, 0x21, 0x7b,
    0x85, 0x21, 0xff, 0x85, 0x21, 0xcf, 0x00, 0x00, 0x00, 0x85, 0x21, 0x6d, 0x85, 0x21, 0xff, 0x85, 0x21, 0xff, 0x85, 0x21, 0xd7, 0x85, 0x21, 0xf7,
    0x85, 0x21, 0xff, 0x85, 0x21, 0x4e, 0x85, 0x21, 0xab, 0x85, 0x21, 0xff, 0x85, 0x21, 0xff, 0x85, 0x21, 0xff, 0x85, 0x21, 0xff, 0x85, 0x21, 0xff,
    0x85, 0x21, 0xef, 0x00, 0x00, 0x00, 0x00, 0x00, 0x00, 0x00, 0x00, 0x00, 0x00, 0x00, 0x00, 0x00, 0x00, 0x00, 0x00, 0x00, 0x00, 0x00, 0x00, 0x00,
    0x00, 0x00, 0x00, 0x00, 0x00, 0x00, 0x85, 0x21, 0x53, 0x85, 0x21, 0xfd, 0x85, 0x21, 0xff, 0x85, 0x21, 0xff, 0x85, 0x21, 0xff, 0x85, 0x21, 0xff,
    0x85, 0x21, 0xff, 0x85, 0x21, 0xff, 0x85, 0x21, 0xff, 0x85, 0x21, 0xff, 0x85, 0x21, 0xff, 0x85, 0x21, 0xff, 0x85, 0x21, 0xff, 0x85, 0x21, 0xff,
    0x85, 0x21, 0xff, 0x85, 0x21, 0xff, 0x85, 0x21, 0xff, 0x85, 0x21, 0xff, 0x85, 0x21, 0x69, 0x00, 0x00, 0x00, 0x00, 0x00, 0x00, 0x00, 0x00, 0x00,
    0x85, 0x21, 0x3f, 0x85, 0x21, 0xff, 0x85, 0x21, 0xff, 0x85, 0x21, 0x0b, 0x00, 0x00, 0x00, 0x00, 0x00, 0x00, 0x00, 0x00, 0x00, 0x00, 0x00, 0x00,
    0x00, 0x00, 0x00, 0x85, 0x21, 0x5b, 0x85, 0x21, 0xff, 0x85, 0x21, 0xff, 0x85, 0x21, 0xd7, 0x85, 0x21, 0xff, 0x85, 0x21, 0xe3, 0x85, 0x21, 0x08,
    0x85, 0x21, 0x67, 0x85, 0x21, 0xff, 0x85, 0x21, 0xff, 0x85, 0x21, 0xff, 0x85, 0x21, 0xff, 0x00, 0x00, 0x00, 0x00, 0x00, 0x00, 0x85, 0x21, 0x35,
    0x85, 0x21, 0xff, 0x85, 0x21, 0xff, 0x85, 0x21, 0x12, 0x85, 0x21, 0x47, 0x85, 0x21, 0xff, 0x85, 0x21, 0xd3, 0x00, 0x00, 0x00, 0x85, 0x21, 0x7b,
    0x85, 0x21, 0xff, 0x85, 0x21, 0xcf, 0x00, 0x00, 0x00, 0x85, 0x21, 0x2d, 0x85, 0x21, 0xff, 0x85, 0x21, 0xff, 0x85, 0x21, 0xff, 0x85, 0x21, 0xff,
    0x85, 0x21, 0xbb, 0x00, 0x00, 0x00, 0x85, 0x21, 0xab, 0x85, 0x21, 0xff, 0x85, 0x21, 0xff, 0x85, 0x21, 0xff, 0x85, 0x21, 0xff, 0x85, 0x21, 0xff,
    0x85, 0x21, 0xef, 0x00, 0x00, 0x00, 0x00, 0x00, 0x00, 0x00, 0x00, 0x00, 0x00, 0x00, 0x00, 0x00, 0x00, 0x00, 0x00, 0x00, 0x00, 0x00, 0x00, 0x00,
    0x00, 0x00, 0x00, 0x00, 0x00, 0x00, 0x85, 0x21, 0x05, 0x85, 0x21, 0xc7, 0x85, 0x21, 0xe6, 0x85, 0x21, 0x5c, 0x85, 0x21, 0xff, 0x85, 0x21, 0xff,
    0x85, 0x21, 0xff, 0x85, 0x21, 0xff, 0x85, 0x21, 0xff, 0x85, 0x21, 0xff, 0x85, 0x21, 0xff, 0x85, 0x21, 0xff, 0x85, 0x21, 0xff, 0x85, 0x21, 0xff,
    0x85, 0x21, 0xff, 0x85, 0x21, 0x5f, 0x85, 0x21, 0xe4, 0x85, 0x21, 0xc3, 0x85, 0x21, 0x02, 0x00, 0x00, 0x00, 0x00, 0x00, 0x00, 0x00, 0x00, 0x00,
    0x85, 0x21, 0x3f, 0x85, 0x21, 0xff, 0x85, 0x21, 0xff, 0x85, 0x21, 0xa8, 0x85, 0x21, 0xa3, 0x85, 0x21, 0xa3, 0x85, 0x21, 0xa3, 0x85, 0x21, 0xa3,
    0x85, 0x21, 0xa3, 0x85, 0x21, 0xc5, 0x85, 0x21, 0xff, 0x85, 0x21, 0xff, 0x85, 0x21, 0xff, 0x85, 0x21, 0xff, 0x85, 0x21, 0x65, 0x00, 0x00, 0x00,
    0x85, 0x21, 0x13, 0x85, 0x21, 0x2f, 0x85, 0x21, 0x53, 0x85, 0x21, 0xff, 0x85, 0x21, 0xff, 0x00, 0x00, 0x00, 0x00, 0x00, 0x00, 0x85, 0x21, 0x3d,
    0x85, 0x21, 0xff, 0x85, 0x21, 0xff, 0x85, 0x21, 0x0d, 0x85, 0x21, 0x47, 0x85, 0x21, 0xff, 0x85, 0x21, 0xd3, 0x00, 0x00, 0x00, 0x85, 0x21, 0x7b,
    0x85, 0x21, 0xff, 0x85, 0x21, 0xcf, 0x00, 0x00, 0x00, 0x00, 0x00, 0x00, 0x85, 0x21, 0x51, 0x85, 0x21, 0x38, 0x85, 0x21, 0xf6, 0x85, 0x21, 0xfc,
    0x85, 0x21, 0x2c, 0x00, 0x00, 0x00, 0x00, 0x00, 0x00, 0x85, 0x21, 0xc1, 0x85, 0x21, 0xff, 0x85, 0x21, 0x58, 0x85, 0x21, 0x43, 0x85, 0x21, 0xff,
    0x85, 0x21, 0xef, 0x00, 0x00, 0x00, 0x00, 0x00, 0x00, 0x00, 0x00, 0x00, 0x00, 0x00, 0x00, 0x00, 0x00, 0x00, 0x00, 0x00, 0x00, 0x00, 0x00, 0x00,
    0x00, 0x00, 0x00, 0x00, 0x00, 0x00, 0x00, 0x00, 0x00, 0x85, 0x21, 0x21, 0x85, 0x21, 0x12, 0x00, 0x00, 0x00, 0x85, 0x21, 0x03, 0x85, 0x21, 0x03,
    0x85, 0x21, 0x03, 0x85, 0x21, 0x03, 0x85, 0x21, 0xc4, 0x85, 0x21, 0xff, 0x85, 0x21, 0xa1, 0x85, 0x21, 0x03, 0x85, 0x21, 0x03, 0x85, 0x21, 0x03,
    0x85, 0x21, 0x03, 0x00, 0x00, 0x00, 0x85, 0x21, 0x10, 0x85, 0x21, 0x1a, 0x00, 0x00, 0x00, 0x00, 0x00, 0x00, 0x00, 0x00, 0x00, 0x00, 0x00, 0x00,
    0x85, 0x21, 0x3f, 0x85, 0x21, 0xff, 0x85, 0x21, 0xff, 0x85, 0x21, 0xff, 0x85, 0x21, 0xff, 0x85, 0x21, 0xff, 0x85, 0x21, 0xff, 0x85, 0x21, 0xff,
    0x85, 0x21, 0xff, 0x85, 0x21, 0xff, 0x85, 0x21, 0xff, 0x85, 0x21, 0xff, 0x85, 0x21, 0xff, 0x85, 0x21, 0xaf, 0x00, 0x00, 0x00, 0x00, 0x00, 0x00,
    0x00, 0x00, 0x00, 0x00, 0x00, 0x00, 0x85, 0x21, 0x2b, 0x85, 0x21, 0xff, 0x85, 0x21, 0xff, 0x00, 0x00, 0x00, 0x00, 0x00, 0x00, 0x85, 0x21, 0x46,
    0x85, 0x21, 0xff, 0x85, 0x21, 0xff, 0x85, 0x21, 0x08, 0x85, 0x21, 0x47, 0x85, 0x21, 0xff, 0x85, 0x21, 0xd3, 0x00, 0x00, 0x00, 0x85, 0x21, 0x7b,
    0x85, 0x21, 0xff, 0x85, 0x21, 0xcf, 0x00, 0x00, 0x00, 0x00, 0x00, 0x00, 0x00, 0x00, 0x00, 0x85, 0x21, 0xa9, 0x85, 0x21, 0xff, 0x85, 0x21, 0x96,
    0x00, 0x00, 0x00, 0x85, 0x21, 0x0b, 0x85, 0x21, 0x22, 0x85, 0x21, 0xfe, 0x85, 0x21, 0xfc, 0x85, 0x21, 0x1c, 0x85, 0x21, 0x4c, 0x85, 0x21, 0xff,
    0x85, 0x21, 0xf0, 0x85, 0x21, 0x0b, 0x85, 0x21, 0x0b, 0x85, 0x21, 0x0b, 0x85, 0x21, 0x05, 0x00, 0x00, 0x00, 0x00, 0x00, 0x00, 0x00, 0x00, 0x00,
    0x00, 0x00, 0x00, 0x00, 0x00, 0x00, 0x00, 0x00, 0x00, 0x00, 0x00, 0x00, 0x00, 0x00, 0x00, 0x00, 0x00, 0x00, 0x00, 0x00, 0x00, 0x00, 0x00, 0x00,
    0x00, 0x00, 0x00, 0x00, 0x00, 0x00, 0x85, 0x21, 0xc3, 0x85, 0x21, 0xff, 0x85, 0x21, 0x9f, 0x00, 0x00, 0x00, 0x00, 0x00, 0x00, 0x00, 0x00, 0x00,
    0x00, 0x00, 0x00, 0x00, 0x00, 0x00, 0x00, 0x00, 0x00, 0x00, 0x00, 0x00, 0x00, 0x00, 0x00, 0x00, 0x00, 0x00, 0x00, 0x00, 0x00, 0x00, 0x00, 0x00,
    0x85, 0x21, 0x3f, 0x85, 0x21, 0xff, 0x85, 0x21, 0xff, 0x85, 0x21, 0x0b, 0x00, 0x00, 0x00, 0x00, 0x00, 0x00, 0x00, 0x00, 0x00, 0x00, 0x00, 0x00,
    0x00, 0x00, 0x00, 0x85, 0x21, 0x92, 0x85, 0x21, 0xff, 0x85, 0x21, 0xff, 0x85, 0x21, 0xc8, 0x85, 0x21, 0x0a, 0x00, 0x00, 0x00, 0x00, 0x00, 0x00,
    0x00, 0x00, 0x00, 0x00, 0x00, 0x00, 0x85, 0x21, 0x2b, 0x85, 0x21, 0xff, 0x85, 0x21, 0xff, 0x00, 0x00, 0x00, 0x00, 0x00, 0x00, 0x85, 0x21, 0x4f,
    0x85, 0x21, 0xff, 0x85, 0x21, 0xfd, 0x85, 0x21, 0x02, 0x85, 0x21, 0x47, 0x85, 0x21, 0xff, 0x85, 0x21, 0xd3, 0x00, 0x00, 0x00, 0x85, 0x21, 0x7b,
    0x85, 0x21, 0xff, 0x85, 0x21, 0xcf, 0x00, 0x00, 0x00, 0x00, 0x00, 0x00, 0x85, 0x21, 0x5e, 0x85, 0x21, 0xff, 0x85, 0x21, 0xff, 0x85, 0x21, 0xc5,
    0x85, 0x21, 0xe6, 0x85, 0x21, 0xa1, 0x85, 0x21, 0xa4, 0x85, 0x21, 0xff, 0x85, 0x21, 0xff, 0x85, 0x21, 0xff, 0x85, 0x21, 0xff, 0x85, 0x21, 0xff,
    0x85, 0x21, 0xff, 0x85, 0x21, 0xff, 0x85, 0x21, 0xff, 0x85, 0x21, 0xff, 0x85, 0x21, 0x7b, 0x00, 0x00, 0x00, 0x00, 0x00, 0x00, 0x00, 0x00, 0x00,
    0x00, 0x00, 0x00, 0x00, 0x00, 0x00, 0x00, 0x00, 0x00, 0x00, 0x00, 0x00, 0x00, 0x00, 0x00, 0x00, 0x00, 0x00, 0x00, 0x00, 0x00, 0x00, 0x00, 0x00,
    0x00, 0x00, 0x00, 0x00, 0x00, 0x00, 0x85, 0x21, 0xc3, 0x85, 0x21, 0xff, 0x85, 0x21, 0x9f, 0x00, 0x00, 0x00, 0x00, 0x00, 0x00, 0x00, 0x00, 0x00,
    0x00, 0x00, 0x00, 0x00, 0x00, 0x00, 0x00, 0x00, 0x00, 0x00, 0x00, 0x00, 0x00, 0x00, 0x00, 0x85, 0x21, 0x03, 0x85, 0x21, 0x68, 0x85, 0x21, 0x72,
    0x85, 0x21, 0x9c, 0x85, 0x21, 0xff, 0x85, 0x21, 0xff, 0x85, 0x21, 0xae, 0x85, 0x21, 0xb9, 0x85, 0x21, 0xc9, 0x85, 0x21, 0xd8, 0x85, 0x21, 0xe8,
    0x85, 0x21, 0xf8, 0x85, 0x21, 0xff, 0x85, 0x21, 0xff, 0x85, 0x21, 0xff, 0x85, 0x21, 0x16, 0x00, 0x00, 0x00, 0x00, 0x00, 0x00, 0x00, 0x00, 0x00,
    0x00, 0x00, 0x00, 0x00, 0x00, 0x00, 0x85, 0x21, 0x2b, 0x85, 0x21, 0xff, 0x85, 0x21, 0xff, 0x00, 0x00, 0x00, 0x00, 0x00, 0x00, 0x85, 0x21, 0x6c,
    0x85, 0x21, 0xff, 0x85, 0x21, 0xe9, 0x00, 0x00, 0x00, 0x85, 0x21, 0x47, 0x85, 0x21, 0xff, 0x85, 0x21, 0xd3, 0x00, 0x00, 0x00, 0x85, 0x21, 0x7b,
    0x85, 0x21, 0xff, 0x85, 0x21, 0xcf, 0x00, 0x00, 0x00, 0x85, 0x21, 0x36, 0x85, 0x21, 0xfc, 0x85, 0x21, 0xff, 0x85, 0x21, 0xff, 0x85, 0x21, 0xff,
    0x85, 0x21, 0xff, 0x85, 0x21, 0x9f, 0x85, 0x21, 0x5f, 0x85, 0x21, 0xff, 0x85, 0x21, 0xff, 0x85, 0x21, 0xff, 0x85, 0x21, 0xff, 0x85, 0x21, 0xff,
    0x85, 0x21, 0xff, 0x85, 0x21, 0xff, 0x85, 0x21, 0xff, 0x85, 0x21, 0xff, 0x85, 0x21, 0x7b, 0x00, 0x00, 0x00, 0x00, 0x00, 0x00, 0x00, 0x00, 0x00,
    0x00, 0x00, 0x00, 0x00, 0x00, 0x00, 0x00, 0x00, 0x00, 0x00, 0x00, 0x00, 0x85, 0x21, 0x07, 0x85, 0x21, 0xff, 0x85, 0x21, 0xff, 0x85, 0x21, 0xff,
    0x85, 0x21, 0xff, 0x85, 0x21, 0xff, 0x85, 0x21, 0xff, 0x85, 0x21, 0xff, 0x85, 0x21, 0xff, 0x85, 0x21, 0xff, 0x85, 0x21, 0xff, 0x85, 0x21, 0xff,
    0x85, 0x21, 0xff, 0x85, 0x21, 0xf7, 0x00, 0x00, 0x00, 0x00, 0x00, 0x00, 0x00, 0x00, 0x00, 0x00, 0x00, 0x00, 0x85, 0x21, 0xf1, 0x85, 0x21, 0xff,
    0x85, 0x21, 0xff, 0x85, 0x21, 0xff, 0x85, 0x21, 0xff, 0x85, 0x21, 0xff, 0x85, 0x21, 0xff, 0x85, 0x21, 0xff, 0x85, 0x21, 0xff, 0x85, 0x21, 0xff,
    0x85, 0x21, 0xff, 0x85, 0x21, 0xff, 0x85, 0x21, 0xff, 0x85, 0x21, 0xff, 0x85, 0x21, 0x03, 0x00, 0x00, 0x00, 0x00, 0x00, 0x00, 0x00, 0x00, 0x00,
    0x00, 0x00, 0x00, 0x00, 0x00, 0x00, 0x85, 0x21, 0x2b, 0x85, 0x21, 0xff, 0x85, 0x21, 0xff, 0x85, 0x21, 0x13, 0x85, 0x21, 0x4d, 0x85, 0x21, 0x95,
    0x85, 0x21, 0xff, 0x85, 0x21, 0xd2, 0x00, 0x00, 0x00, 0x85, 0x21, 0x47, 0x85, 0x21, 0xff, 0x85, 0x21, 0xd3, 0x00, 0x00, 0x00, 0x85, 0x21, 0x7b,
    0x85, 0x21, 0xff, 0x85, 0x21, 0xcf, 0x00, 0x00, 0x00, 0x85, 0x21, 0x0a, 0x85, 0x21, 0xf6, 0x85, 0x21, 0xf7, 0x85, 0x21, 0xba, 0x85, 0x21, 0x76,
    0x85, 0x21, 0x37, 0x85, 0x21, 0x04, 0x85, 0x21, 0x0d, 0x85, 0x21, 0x33, 0x85, 0x21, 0x07, 0x00, 0x00, 0x00, 0x85, 0x21, 0x43, 0x85, 0x21, 0xff,
    0x85, 0x21, 0xef, 0x00, 0x00, 0x00, 0x00, 0x00, 0x00, 0x85, 0x21, 0x08, 0x00, 0x00, 0x00, 0x00, 0x00, 0x00, 0x00, 0x00, 0x00, 0x00, 0x00, 0x00,
    0x00, 0x00, 0x00, 0x00, 0x00, 0x00, 0x00, 0x00, 0x00, 0x00, 0x00, 0x00, 0x85, 0x21, 0x07, 0x85, 0x21, 0xfb, 0x85, 0x21, 0xfb, 0x85, 0x21, 0xfb,
    0x85, 0x21, 0xfb, 0x85, 0x21, 0xfb, 0x85, 0x21, 0xff, 0x85, 0x21, 0xff, 0x85, 0x21, 0xfe, 0x85, 0x21, 0xfb, 0x85, 0x21, 0xfb, 0x85, 0x21, 0xfb,
    0x85, 0x21, 0xfb, 0x85, 0x21, 0xf4, 0x00, 0x00, 0x00, 0x00, 0x00, 0x00, 0x00, 0x00, 0x00, 0x00, 0x00, 0x00, 0x85, 0x21, 0xcb, 0x85, 0x21, 0xeb,
    0x85, 0x21, 0xd7, 0x85, 0x21, 0xc3, 0x85, 0x21, 0xaf, 0x85, 0x21, 0x9b, 0x85, 0x21, 0x95, 0x85, 0x21, 0xe8, 0x85, 0x21, 0xff, 0x85, 0x21, 0xff,
    0x85, 0x21, 0xff, 0x85, 0x21, 0xe2, 0x85, 0x21, 0xff, 0x85, 0x21, 0xff, 0x85, 0x21, 0x03, 0x00, 0x00, 0x00, 0x00, 0x00, 0x00, 0x00, 0x00, 0x00,
    0x00, 0x00, 0x00, 0x00, 0x00, 0x00, 0x85, 0x21, 0x2b, 0x85, 0x21, 0xff, 0x85, 0x21, 0xff, 0x85, 0x21, 0xd5, 0x85, 0x21, 0xd8, 0x85, 0x21, 0xbf,
    0x85, 0x21, 0xff, 0x85, 0x21, 0xb4, 0x00, 0x00, 0x00, 0x85, 0x21, 0x47, 0x85, 0x21, 0xff, 0x85, 0x21, 0xd3, 0x00, 0x00, 0x00, 0x85, 0x21, 0x7b,
    0x85, 0x21, 0xff, 0x85, 0x21, 0xcf, 0x00, 0x00, 0x00, 0x00, 0x00, 0x00, 0x85, 0x21, 0x43, 0x85, 0x21, 0x0c, 0x00, 0x00, 0x00, 0x00, 0x00, 0x00,
    0x85, 0x21, 0x03, 0x85, 0x21, 0x0b, 0x00, 0x00, 0x00, 0x85, 0x21, 0xbb, 0x85, 0x21, 0xeb, 0x85, 0x21, 0x60, 0x85, 0x21, 0x43, 0x85, 0x21, 0xff,
    0x85, 0x21, 0xef, 0x85, 0x21, 0x29, 0x85, 0x21, 0xc0, 0x85, 0x21, 0xaa, 0x00, 0x00, 0x00, 0x00, 0x00, 0x00, 0x00, 0x00, 0x00, 0x00, 0x00, 0x00,
    0x00, 0x00, 0x00, 0x00, 0x00, 0x00, 0x00, 0x00, 0x00, 0x00, 0x00, 0x00, 0x00, 0x00, 0x00, 0x00, 0x00, 0x00, 0x00, 0x00, 0x00, 0x00, 0x00, 0x00,
    0x00, 0x00, 0x00, 0x00, 0x00, 0x00, 0x85, 0x21, 0xc3, 0x85, 0x21, 0xff, 0x85, 0x21, 0x9f, 0x00, 0x00, 0x00, 0x00, 0x00, 0x00, 0x00, 0x00, 0x00,
    0x00, 0x00, 0x00, 0x00, 0x00, 0x00, 0x00, 0x00, 0x00, 0x00, 0x00, 0x00, 0x00, 0x00, 0x00, 0x00, 0x00, 0x00, 0x00, 0x00, 0x00, 0x00, 0x00, 0x00,
    0x00, 0x00, 0x00, 0x00, 0x00, 0x00, 0x85, 0x21, 0x0d, 0x85, 0x21, 0x79, 0x85, 0x21, 0xed, 0x85, 0x21, 0xff, 0x85, 0x21, 0xff, 0x85, 0x21, 0xf5,
    0x85, 0x21, 0x68, 0x85, 0x21, 0x5c, 0x85, 0x21, 0xff, 0x85, 0x21, 0xff, 0x85, 0x21, 0x03, 0x00, 0x00, 0x00, 0x00, 0x00, 0x00, 0x00, 0x00, 0x00,
    0x00, 0x00, 0x00, 0x00, 0x00, 0x00, 0x85, 0x21, 0x2e, 0x85, 0x21, 0xff, 0x85, 0x21, 0xff, 0x85, 0x21, 0xff, 0x85, 0x21, 0xf3, 0x85, 0x21, 0xfc,
    0x85, 0x21, 0xff, 0x85, 0x21, 0x7e, 0x00, 0x00, 0x00, 0x85, 0x21, 0x47, 0x85, 0x21, 0xff, 0x85, 0x21, 0xd3, 0x00, 0x00, 0x00, 0x85, 0x21, 0x7b,
    0x85, 0x21, 0xff, 0x85, 0x21, 0xcf, 0x00, 0x00, 0x00, 0x00, 0x00, 0x00, 0x00, 0x00, 0x00, 0x00, 0x00, 0x00, 0x85, 0x21, 0x27, 0x85, 0x21, 0x87,
    0x85, 0x21, 0xe5, 0x85, 0x21, 0x69, 0x85, 0x21, 0x37, 0x85, 0x21, 0xff, 0x85, 0x21, 0xfa, 0x85, 0x21, 0x22, 0x85, 0x21, 0x43, 0x85, 0x21, 0xff,
    0x85, 0x21, 0xef, 0x85, 0x21, 0x1a, 0x85, 0x21, 0xf8, 0x85, 0x21, 0xfe, 0x85, 0x21, 0x32, 0x00, 0x00, 0x00, 0x00, 0x00, 0x00, 0x00, 0x00, 0x00,
    0x00, 0x00, 0x00, 0x00, 0x00, 0x00, 0x00, 0x00, 0x00, 0x00, 0x00, 0x00, 0x00, 0x00, 0x00, 0x00, 0x00, 0x00, 0x00, 0x00, 0x00, 0x00, 0x00, 0x00,
    0x00, 0x00, 0x00, 0x00, 0x00, 0x00, 0x85, 0x21, 0xc3, 0x85, 0x21, 0xff, 0x85, 0x21, 0x9f, 0x00, 0x00, 0x00, 0x00, 0x00, 0x00, 0x00, 0x00, 0x00,
    0x00, 0x00, 0x00, 0x00, 0x00, 0x00, 0x00, 0x00, 0x00, 0x00, 0x00, 0x00, 0x00, 0x00, 0x00, 0x00, 0x00, 0x00, 0x00, 0x00, 0x00, 0x00, 0x00, 0x00,
    0x85, 0x21, 0x30, 0x85, 0x21, 0x88, 0x85, 0x21, 0xec, 0x85, 0x21, 0xff, 0x85, 0x21, 0xff, 0x85, 0x21, 0xff, 0x85, 0x21, 0xb7, 0x85, 0x21, 0x27,
    0x00, 0x00, 0x00, 0x85, 0x21, 0x5b, 0x85, 0x21, 0xff, 0x85, 0x21, 0xff, 0x85, 0x21, 0x03, 0x00, 0x00, 0x00, 0x00, 0x00, 0x00, 0x00, 0x00, 0x00,
    0x00, 0x00, 0x00, 0x00, 0x00, 0x00, 0x85, 0x21, 0x58, 0x85, 0x21, 0xff, 0x85, 0x21, 0xff, 0x85, 0x21, 0xeb, 0x85, 0x21, 0x8b, 0x85, 0x21, 0xff,
    0x85, 0x21, 0xff, 0x85, 0x21, 0x46, 0x00, 0x00, 0x00, 0x85, 0x21, 0x47, 0x85, 0x21, 0xff, 0x85, 0x21, 0xd3, 0x00, 0x00, 0x00, 0x85, 0x21, 0x7b,
    0x85, 0x21, 0xff, 0x85, 0x21, 0xcf, 0x00, 0x00, 0x00, 0x85, 0x21, 0x0f, 0x85, 0x21, 0x69, 0x85, 0x21, 0xc6, 0x85, 0x21, 0xff, 0x85, 0x21, 0xff,
    0x85, 0x21, 0xfb, 0x85, 0x21, 0x73, 0x85, 0x21, 0xcc, 0x85, 0x21, 0xff, 0x85, 0x21, 0x93, 0x00, 0x00, 0x00, 0x85, 0x21, 0x43, 0x85, 0x21, 0xff,
    0x85, 0x21, 0xef, 0x00, 0x00, 0x00, 0x85, 0x21, 0x98, 0x85, 0x21, 0xff, 0x85, 0x21, 0xb0, 0x00, 0x00, 0x00, 0x00, 0x00, 0x00, 0x00, 0x00, 0x00,
    0x00, 0x00, 0x00, 0x00, 0x00, 0x00, 0x00, 0x00, 0x00, 0x85, 0x21, 0x8f, 0x85, 0x21, 0xff, 0x85, 0x21, 0xff, 0x85, 0x21, 0xff, 0x85, 0x21, 0xff,
    0x85, 0x21, 0xff, 0x85, 0x21, 0xff, 0x85, 0x21, 0xff, 0x85, 0x21, 0xff, 0x85, 0x21, 0xff, 0x85, 0x21, 0xff, 0x85, 0x21, 0xff, 0x85, 0x21, 0xff,
    0x85, 0x21, 0xff, 0x85, 0x21, 0xff, 0x85, 0x21, 0xff, 0x85, 0x21, 0xab, 0x00, 0x00, 0x00, 0x85, 0x21, 0x12, 0x85, 0x21, 0x83, 0x85, 0x21, 0xda,
    0x85, 0x21, 0xff, 0x85, 0x21, 0xff, 0x85, 0x21, 0xff, 0x85, 0x21, 0xff, 0x85, 0x21, 0xca, 0x85, 0x21, 0x46, 0x85, 0x21, 0x43, 0x85, 0x21, 0x58,
    0x85, 0x21, 0x55, 0x85, 0x21, 0xa1, 0x85, 0x21, 0xff, 0x85, 0x21, 0xf6, 0x00, 0x00, 0x00, 0x00, 0x00, 0x00, 0x00, 0x00, 0x00, 0x00, 0x00, 0x00,
    0x00, 0x00, 0x00, 0x85, 0x21, 0x02, 0x85, 0x21, 0xbe, 0x85, 0x21, 0xff, 0x85, 0x21, 0xe9, 0x85, 0x21, 0x2b, 0x85, 0x21, 0xcc, 0x85, 0x21, 0xff,
    0x85, 0x21, 0xf2, 0x85, 0x21, 0x0c, 0x00, 0x00, 0x00, 0x85, 0x21, 0x04, 0x85, 0x21, 0x0f, 0x85, 0x21, 0x0d, 0x00, 0x00, 0x00, 0x85, 0x21, 0x7b,
    0x85, 0x21, 0xff, 0x85, 0x21, 0xcf, 0x00, 0x00, 0x00, 0x85, 0x21, 0x3c, 0x85, 0x21, 0xff, 0x85, 0x21, 0xff, 0x85, 0x21, 0xf9, 0x85, 0x21, 0x9a,
    0x85, 0x21, 0x21, 0x85, 0x21, 0x90, 0x85, 0x21, 0xff, 0x85, 0x21, 0xdf, 0x85, 0x21, 0x16, 0x85, 0x21, 0x06, 0x85, 0x21, 0x57, 0x85, 0x21, 0xff,
    0x85, 0x21, 0xee, 0x00, 0x00, 0x00, 0x85, 0x21, 0x26, 0x85, 0x21, 0xfe, 0x85, 0x21, 0xfe, 0x85, 0x21, 0x2b, 0x00, 0x00, 0x00, 0x00, 0x00, 0x00,
    0x00, 0x00, 0x00, 0x00, 0x00, 0x00, 0x00, 0x00, 0x00, 0x85, 0x21, 0x8f, 0x85, 0x21, 0xff, 0x85, 0x21, 0xff, 0x85, 0x21, 0xff, 0x85, 0x21, 0xff,
    0x85, 0x21, 0xff, 0x85, 0x21, 0xff, 0x85, 0x21, 0xff, 0x85, 0x21, 0xff, 0x85, 0x21, 0xff, 0x85, 0x21, 0xff, 0x85, 0x21, 0xff, 0x85, 0x21, 0xff,
    0x85, 0x21, 0xff, 0x85, 0x21, 0xff, 0x85, 0x21, 0xff, 0x85, 0x21, 0xab, 0x00, 0x00, 0x00, 0x85, 0x21, 0x03, 0x85, 0x21, 0xbc, 0x85, 0x21, 0xff,
    0x85, 0x21, 0xff, 0x85, 0x21, 0xef, 0x85, 0x21, 0x93, 0x85, 0x21, 0x2f, 0x00, 0x00, 0x00, 0x00, 0x00, 0x00, 0x85, 0x21, 0x6c, 0x85, 0x21, 0xff,
    0x85, 0x21, 0xff, 0x85, 0x21, 0xff, 0x85, 0x21, 0xff, 0x85, 0x21, 0xcb, 0x00, 0x00, 0x00, 0x00, 0x00, 0x00, 0x00, 0x00, 0x00, 0x00, 0x00, 0x00,
    0x00, 0x00, 0x00, 0x85, 0x21, 0x03, 0x85, 0x21, 0xbb, 0x85, 0x21, 0xec, 0x85, 0x21, 0x2b, 0x85, 0x21, 0x11, 0x85, 0x21, 0xd3, 0x85, 0x21, 0xff,
    0x85, 0x21, 0x94, 0x00, 0x00, 0x00, 0x00, 0x00, 0x00, 0x00, 0x00, 0x00, 0x00, 0x00, 0x00, 0x00, 0x00, 0x00, 0x00, 0x00, 0x00, 0x85, 0x21, 0x7b,
    0x85, 0x21, 0xff, 0x85, 0x21, 0xcf, 0x00, 0x00, 0x00, 0x85, 0x21, 0x07, 0x85, 0x21, 0xeb, 0x85, 0x21, 0x8c, 0x85, 0x21, 0x1b, 0x00, 0x00, 0x00,
    0x00, 0x00, 0x00, 0x85, 0x21, 0x61, 0x85, 0x21, 0xf1, 0x85, 0x21, 0x36, 0x85, 0x21, 0x58, 0x85, 0x21, 0xff, 0x85, 0x21, 0xff, 0x85, 0x21, 0xff,
    0x85, 0x21, 0xd1, 0x00, 0x00, 0x00, 0x00, 0x00, 0x00, 0x85, 0x21, 0xb3, 0x85, 0x21, 0x99, 0x85, 0x21, 0x19, 0x00, 0x00, 0x00, 0x00, 0x00, 0x00,
    0x00, 0x00, 0x00, 0x00, 0x00, 0x00, 0x00, 0x00, 0x00, 0x85, 0x21, 0x06, 0x85, 0x21, 0x0b, 0x85, 0x21, 0x0b, 0x85, 0x21, 0x0b, 0x85, 0x21, 0x0b,
    0x85, 0x21, 0x0b, 0x85, 0x21, 0x0b, 0x85, 0x21, 0x0b, 0x85, 0x21, 0x0b, 0x85, 0x21, 0x0b, 0x85, 0x21, 0x0b, 0x85, 0x21, 0x0b, 0x85, 0x21, 0x0b,
    0x85, 0x21, 0x0b, 0x85, 0x21, 0x0b, 0x85, 0x21, 0x0b, 0x85, 0x21, 0x08, 0x00, 0x00, 0x00, 0x00, 0x00, 0x00, 0x85, 0x21, 0x19, 0x85, 0x21, 0xb4,
    0x85, 0x21, 0x5b, 0x85, 0x21, 0x08, 0x00, 0x00, 0x00, 0x00, 0x00, 0x00, 0x00, 0x00, 0x00, 0x00, 0x00, 0x00, 0x85, 0x21, 0x1d, 0x85, 0x21, 0xfc,
    0x85, 0x21, 0xf6, 0x85, 0x21, 0xe4, 0x85, 0x21, 0xaf, 0x85, 0x21, 0x23, 0x00, 0x00, 0x00, 0x00, 0x00, 0x00, 0x00, 0x00, 0x00, 0x00, 0x00, 0x00,
    0x00, 0x00, 0x00, 0x00, 0x00, 0x00, 0x85, 0x21, 0x21, 0x85, 0x21, 0x3a, 0x00, 0x00, 0x00, 0x00, 0x00, 0x00, 0x85, 0x21, 0x02, 0x85, 0x21, 0x75,
    0x85, 0x21, 0x2a, 0x00, 0x00, 0x00, 0x00, 0x00, 0x00, 0x00, 0x00, 0x00, 0x00, 0x00, 0x00, 0x00, 0x00, 0x00, 0x00, 0x00, 0x00, 0x85, 0x21, 0x4b,
    0x85, 0x21, 0x9b, 0x85, 0x21, 0x7e, 0x00, 0x00, 0x00, 0x00, 0x00, 0x00, 0x85, 0x21, 0x09, 0x00, 0x00, 0x00, 0x00, 0x00, 0x00, 0x00, 0x00, 0x00,
    0x00, 0x00, 0x00, 0x00, 0x00, 0x00, 0x85, 0x21, 0x10, 0x00, 0x00, 0x00, 0x85, 0x21, 0x0e, 0x85, 0x21, 0xf6, 0x85, 0x21, 0xf4, 0x85, 0x21, 0xc7,
    0x85, 0x21, 0x3e, 0x00, 0x00, 0x00, 0x00, 0x00, 0x00, 0x85, 0x21, 0x02, 0x00, 0x00, 0x00, 0x00, 0x00, 0x00, 0x00, 0x00, 0x00, 0x00, 0x00, 0x00,
    0x00, 0x00, 0x00, 0x00, 0x00, 0x00, 0x00, 0x00, 0x00, 0x00, 0x00, 0x00, 0x00, 0x00, 0x00, 0x00, 0x00, 0x00, 0x00, 0x00, 0x00, 0x00, 0x00, 0x00,
    0x00, 0x00, 0x00, 0x00, 0x00, 0x00, 0x00, 0x00, 0x00, 0x00, 0x00, 0x00, 0x00, 0x00, 0x00, 0x00, 0x00, 0x00, 0x00, 0x00, 0x00, 0x00, 0x00, 0x00,
    0x00, 0x00, 0x00, 0x00, 0x00, 0x00, 0x00, 0x00, 0x00, 0x00, 0x00, 0x00, 0x00, 0x00, 0x00, 0x00, 0x00, 0x00, 0x00, 0x00, 0x00, 0x00, 0x00, 0x00,
    0x00, 0x00, 0x00, 0x00, 0x00, 0x00, 0x00, 0x00, 0x00, 0x00, 0x00, 0x00, 0x00, 0x00, 0x00, 0x00, 0x00, 0x00, 0x00, 0x00, 0x00, 0x00, 0x00, 0x00,
    0x00, 0x00, 0x00, 0x00, 0x00, 0x00, 0x00, 0x00, 0x00, 0x00, 0x00, 0x00, 0x00, 0x00, 0x00, 0x00, 0x00, 0x00, 0x00, 0x00, 0x00, 0x00, 0x00, 0x00,
    0x00, 0x00, 0x00, 0x00, 0x00, 0x00, 0x00, 0x00, 0x00, 0x00, 0x00, 0x00, 0x00, 0x00, 0x00, 0x00, 0x00, 0x00, 0x00, 0x00, 0x00, 0x00, 0x00, 0x00,
    0x00, 0x00, 0x00, 0x00, 0x00, 0x00, 0x00, 0x00, 0x00, 0x00, 0x00, 0x00, 0x00, 0x00, 0x00, 0x00, 0x00, 0x00, 0x00, 0x00, 0x00, 0x00, 0x00, 0x00,
    0x00, 0x00, 0x00, 0x00, 0x00, 0x00, 0x00, 0x00, 0x00, 0x00, 0x00, 0x00, 0x00, 0x00, 0x00, 0x00, 0x00, 0x00, 0x00, 0x00, 0x00, 0x00, 0x00, 0x00,
    0x00, 0x00, 0x00, 0x00, 0x00, 0x00, 0x00, 0x00, 0x00, 0x00, 0x00, 0x00, 0x00, 0x00, 0x00, 0x00, 0x00, 0x00, 0x00, 0x00, 0x00, 0x00, 0x00, 0x00,
    0x00, 0x00, 0x00, 0x00, 0x00, 0x00, 0x00, 0x00, 0x00, 0x00, 0x00, 0x00, 0x00, 0x00, 0x00, 0x00, 0x00, 0x00, 0x00, 0x00, 0x00, 0x00, 0x00, 0x00,
    0x00, 0x00, 0x00, 0x00, 0x00, 0x00, 0x00, 0x00, 0x00, 0x00, 0x00, 0x00, 0x00, 0x00, 0x00, 0x00, 0x00, 0x00, 0x00, 0x00, 0x00, 0x00, 0x00, 0x00,
    0x00, 0x00, 0x00, 0x00, 0x00, 0x00, 0x00, 0x00, 0x00, 0x00, 0x00, 0x00, 0x00, 0x00, 0x00, 0x00, 0x00, 0x00, 0x00, 0x00, 0x00, 0x00, 0x00, 0x00,
    0x00, 0x00, 0x00, 0x00, 0x00, 0x00, 0x00, 0x00, 0x00, 0x00, 0x00, 0x00, 0x00, 0x00, 0x00, 0x00, 0x00, 0x00, 0x00, 0x00, 0x00, 0x00, 0x00, 0x00,
    0x00, 0x00, 0x00, 0x00, 0x00, 0x00, 0x00, 0x00, 0x00, 0x00, 0x00, 0x00, 0x00, 0x00, 0x00, 0x00, 0x00, 0x00, 0x00, 0x00, 0x00, 0x00, 0x00, 0x00,
    0x00, 0x00, 0x00, 0x00, 0x00, 0x00, 0x00, 0x00, 0x00, 0x00, 0x00, 0x00, 0x00, 0x00, 0x00, 0x00, 0x00, 0x00, 0x00, 0x00, 0x00, 0x00, 0x00, 0x00,
    0x00, 0x00, 0x00, 0x00, 0x00, 0x00, 0x00, 0x00, 0x00, 0x00, 0x00, 0x00, 0x00, 0x00, 0x00, 0x00, 0x00, 0x00, 0x00, 0x00, 0x00, 0x00, 0x00, 0x00,
    0x00, 0x00, 0x00, 0x00, 0x00, 0x00, 0x00, 0x00, 0x00, 0x00, 0x00, 0x00, 0x00, 0x00, 0x00, 0x00, 0x00, 0x00, 0x00, 0x00, 0x00, 0x00, 0x00, 0x00,
    0x00, 0x00, 0x00, 0x00, 0x00, 0x00, 0x00, 0x00, 0x00, 0x00, 0x00, 0x00, 0x00, 0x00, 0x00, 0x00, 0x00, 0x00, 0x00, 0x00, 0x00, 0x00, 0x00, 0x00,
    0x00, 0x00, 0x00, 0x00, 0x00, 0x00, 0x00, 0x00, 0x00, 0x00, 0x00, 0x00, 0x00, 0x00, 0x00, 0x00, 0x00, 0x00, 0x00, 0x00, 0x00, 0x00, 0x00, 0x00,
    0x00, 0x00, 0x00, 0x00, 0x00, 0x00, 0x00, 0x00, 0x00, 0x00, 0x00, 0x00, 0x00, 0x00, 0x00, 0x00, 0x00, 0x00, 0x00, 0x00, 0x00, 0x00, 0x00, 0x00,
};
const lv_img_dsc_t rx_fullbody = {
    .header.always_zero = 0,
    .header.w = 80,
    .header.h = 24,
    .data_size = 5760,
    .header.cf = LV_IMG_CF_TRUE_COLOR_ALPHA,
    .data = rx_fullbody_map,
};

#ifndef LV_ATTRIBUTE_IMG_RX_THREE_TASKS
#define LV_ATTRIBUTE_IMG_RX_THREE_TASKS
#endif
const LV_ATTRIBUTE_MEM_ALIGN LV_ATTRIBUTE_LARGE_CONST LV_ATTRIBUTE_IMG_RX_THREE_TASKS uint8_t rx_three_tasks_map[] = {
    0x00, 0x00, 0x00, 0x00, 0x00, 0x00, 0x00, 0x00, 0x00, 0x00, 0x00, 0x00, 0x00, 0x00, 0x00, 0x00, 0x00, 0x00, 0x00, 0x00, 0x00, 0x00, 0x00, 0x00,
    0x00, 0x00, 0x00, 0x00, 0x00, 0x00, 0x00, 0x00, 0x00, 0x00, 0x00, 0x00, 0x00, 0x00, 0x00, 0x00, 0x00, 0x00, 0x00, 0x00, 0x00, 0x00, 0x00, 0x00,
    0x00, 0x00, 0x00, 0x00, 0x00, 0x00, 0x00, 0x00, 0x00, 0x00, 0x00, 0x00, 0x00, 0x00, 0x00, 0x00, 0x00, 0x00, 0x00, 0x00, 0x00, 0x00, 0x00, 0x00,
    0x00, 0x00, 0x00, 0x00, 0x00, 0x00, 0x00, 0x00, 0x00, 0x00, 0x00, 0x00, 0x00, 0x00, 0x00, 0x00, 0x00, 0x00, 0x00, 0x00, 0x00, 0x00, 0x00, 0x00,
    0x00, 0x00, 0x00, 0x00, 0x00, 0x00, 0x00, 0x00, 0x00, 0x00, 0x00, 0x00, 0x00, 0x00, 0x00, 0x00, 0x00, 0x00, 0x00, 0x00, 0x00, 0x00, 0x00, 0x00,
    0x00, 0x00, 0x00, 0x00, 0x00, 0x00, 0x00, 0x00, 0x00, 0x00, 0x00, 0x00, 0x00, 0x00, 0x00, 0x00, 0x00, 0x00, 0x00, 0x00, 0x00, 0x00, 0x00, 0x00,
    0x00, 0x00, 0x00, 0x00, 0x00, 0x00, 0x00, 0x00, 0x00, 0x00, 0x00, 0x00, 0x00, 0x00, 0x00, 0x00, 0x00, 0x00, 0x00, 0x00, 0x00, 0x00, 0x00, 0x00,
    0x00, 0x00, 0x00, 0x00, 0x00, 0x00, 0x00, 0x00, 0x00, 0x00, 0x00, 0x00, 0x00, 0x00, 0x00, 0x00, 0x00, 0x00, 0x00, 0x00, 0x00, 0x00, 0x00, 0x00,
    0x00, 0x00, 0x00, 0x00, 0x00, 0x00, 0x00, 0x00, 0x00, 0x00, 0x00, 0x00, 0x00, 0x00, 0x00, 0x00, 0x00, 0x00, 0x00, 0x00, 0x00, 0x00, 0x00, 0x00,
    0x00, 0x00, 0x00, 0x00, 0x00, 0x00, 0x00, 0x00, 0x00, 0x00, 0x00, 0x00, 0x00, 0x00, 0x00, 0x00, 0x00, 0x00, 0x00, 0x00, 0x00, 0x00, 0x00, 0x00,
    0x00, 0x00, 0x00, 0x00, 0x00, 0x00, 0x00, 0x00, 0x00, 0x00, 0x00, 0x00, 0x00, 0x00, 0x00, 0x00, 0x00, 0x00, 0x00, 0x00, 0x00, 0x00, 0x00, 0x00,
    0x00, 0x00, 0x00, 0x00, 0x00, 0x00, 0x00, 0x00, 0x00, 0x00, 0x00, 0x00, 0x00, 0x00, 0x00, 0x00, 0x00, 0x00, 0x00, 0x00, 0x00, 0x00, 0x00, 0x00,
    0x00, 0x00, 0x00, 0x00, 0x00, 0x00, 0x00, 0x00, 0x00, 0x00, 0x00, 0x00, 0x00, 0x00, 0x00, 0x00, 0x00, 0x00, 0x00, 0x00, 0x00, 0x00, 0x00, 0x00,
    0x00, 0x00, 0x00, 0x00, 0x00, 0x00, 0x00, 0x00, 0x00, 0x00, 0x00, 0x00, 0x00, 0x00, 0x00, 0x00, 0x00, 0x00, 0x00, 0x00, 0x00, 0x00, 0x00, 0x00,
    0x00, 0x00, 0x00, 0x00, 0x00, 0x00, 0x00, 0x00, 0x00, 0x00, 0x00, 0x00, 0x00, 0x00, 0x00, 0x00, 0x00, 0x00, 0x00, 0x00, 0x00, 0x00, 0x00, 0x00,
    0x00, 0x00, 0x00, 0x00, 0x00, 0x00, 0x00, 0x00, 0x00, 0x00, 0x00, 0x00, 0x00, 0x00, 0x00, 0x00, 0x00, 0x00, 0x00, 0x00, 0x00, 0x00, 0x00, 0x00,
    0x00, 0x00, 0x00, 0x00, 0x00, 0x00, 0x00, 0x00, 0x00, 0x00, 0x00, 0x00, 0x00, 0x00, 0x00, 0x00, 0x00, 0x00, 0x00, 0x00, 0x00, 0x00, 0x00, 0x00,
    0x00, 0x00, 0x00, 0x00, 0x00, 0x00, 0x00, 0x00, 0x00, 0x00, 0x00, 0x00, 0x00, 0x00, 0x00, 0x00, 0x00, 0x00, 0x00, 0x00, 0x00, 0x00, 0x00, 0x00,
    0x00, 0x00, 0x00, 0x00, 0x00, 0x00, 0x00, 0x00, 0x00, 0x00, 0x00, 0x00, 0x00, 0x00, 0x00, 0x00, 0x00, 0x00, 0x00, 0x00, 0x00, 0x8d, 0x6b, 0x22,
    0x00, 0x00, 0x00, 0x00, 0x00, 0x00, 0x00, 0x00, 0x00, 0x8d, 0x6b, 0x07, 0x8d, 0x6b, 0x3f, 0x8d, 0x6b, 0x03, 0x00, 0x00, 0x00, 0x00, 0x00, 0x00,
    0x00, 0x00, 0x00, 0x00, 0x00, 0x00, 0x8d, 0x6b, 0x23, 0x8d, 0x6b, 0x41, 0x00, 0x00, 0x00, 0x00, 0x00, 0x00, 0x00, 0x00, 0x00, 0x00, 0x00, 0x00,
    0x8d, 0x6b, 0xa8, 0x8d, 0x6b, 0x2f, 0x00, 0x00, 0x00, 0x00, 0x00, 0x00, 0x00, 0x00, 0x00, 0x8d, 0x6b, 0x1c, 0x8d, 0x6b, 0xd7, 0x8d, 0x6b, 0x11,
    0x00, 0x00, 0x00, 0x00, 0x00, 0x00, 0x00, 0x00, 0x00, 0x00, 0x00, 0x00, 0x00, 0x00, 0x00, 0x00, 0x00, 0x00, 0x00, 0x00, 0x00, 0x00, 0x00, 0x00,
    0x00, 0x00, 0x00, 0x00, 0x00, 0x00, 0x00, 0x00, 0x00, 0x00, 0x00, 0x00, 0x00, 0x00, 0x00, 0x00, 0x00, 0x00, 0x00, 0x00, 0x00, 0x00, 0x00, 0x00,
    0x00, 0x00, 0x00, 0x00, 0x00, 0x00, 0x00, 0x00, 0x00, 0x00, 0x00, 0x00, 0x00, 0x00, 0x00, 0x00, 0x00, 0x00, 0x00, 0x00, 0x00, 0x00, 0x00, 0x00,
    0x8d, 0x6b, 0xe7, 0x8d, 0x6b, 0xff, 0x8d, 0x6b, 0xff, 0x8d, 0x6b, 0xff, 0x8d, 0x6b, 0xff, 0x8d, 0x6b, 0xff, 0x8d, 0x6b, 0xff, 0x8d, 0x6b, 0xff,
    0x8d, 0x6b, 0xff, 0x8d, 0x6b, 0x4f, 0x00, 0x00, 0x00, 0x8d, 0x6b, 0x39, 0x8d, 0x6b, 0xf5, 0x8d, 0x6b, 0x47, 0x00, 0x00, 0x00, 0x00, 0x00, 0x00,
    0x8d, 0x6b, 0x1f, 0x8d, 0x6b, 0xff, 0x8d, 0x6b, 0x0f, 0x00, 0x00, 0x00, 0x8d, 0x6b, 0x47, 0x8d, 0x6b, 0x23, 0x00, 0x00, 0x00, 0x8d, 0x6b, 0x6b,
    0x8d, 0x6b, 0xc7, 0x00, 0x00, 0x00, 0x00, 0x00, 0x00, 0x00, 0x00, 0x00, 0x8d, 0x6b, 0x2a, 0x8d, 0x6b, 0xfc, 0x8d, 0x6b, 0x1a, 0x00, 0x00, 0x00,
    0x00, 0x00, 0x00, 0x00, 0x00, 0x00, 0x8d, 0x6b, 0x54, 0x8d, 0x6b, 0xdd, 0x00, 0x00, 0x00, 0x00, 0x00, 0x00, 0x00, 0x00, 0x00, 0x00, 0x00, 0x00,
    0x00, 0x00, 0x00, 0x00, 0x00, 0x00, 0x00, 0x00, 0x00, 0x00, 0x00, 0x00, 0x00, 0x00, 0x00, 0x00, 0x00, 0x00, 0x00, 0x00, 0x00, 0x8d, 0x6b, 0x19,
    0x8d, 0x6b, 0x9b, 0x8d, 0x6b, 0xda, 0x8d, 0x6b, 0xf1, 0x8d, 0x6b, 0xc3, 0x8d, 0x6b, 0x44, 0x00, 0x00, 0x00, 0x00, 0x00, 0x00, 0x8d, 0x6b, 0x43,
    0x8d, 0x6b, 0xff, 0x8d, 0x6b, 0xff, 0x8d, 0x6b, 0xff, 0x8d, 0x6b, 0xff, 0x8d, 0x6b, 0xcb, 0x8d, 0x6b, 0x15, 0x8d, 0x6b, 0x17, 0x8d, 0x6b, 0x17,
    0x8d, 0x6b, 0x66, 0x8d, 0x6b, 0xf9, 0x8d, 0x6b, 0x28, 0x8d, 0x6b, 0x17, 0x8d, 0x6b, 0x17, 0x8d, 0x6b, 0x17, 0x8d, 0x6b, 0x07, 0x00, 0x00, 0x00,
    0x00, 0x00, 0x00, 0x8d, 0x6b, 0x77, 0x8d, 0x6b, 0xf9, 0x8d, 0x6b, 0x42, 0x00, 0x00, 0x00, 0x8d, 0x6b, 0x1f, 0x8d, 0x6b, 0xff, 0x8d, 0x6b, 0x0f,
    0x00, 0x00, 0x00, 0x8d, 0x6b, 0xbf, 0x8d, 0x6b, 0x5f, 0x00, 0x00, 0x00, 0x8d, 0x6b, 0x6b, 0x8d, 0x6b, 0xc7, 0x00, 0x00, 0x00, 0x00, 0x00, 0x00,
    0x00, 0x00, 0x00, 0x8d, 0x6b, 0x81, 0x8d, 0x6b, 0xb3, 0x00, 0x00, 0x00, 0x8d, 0x6b, 0x43, 0x8d, 0x6b, 0xff, 0x8d, 0x6b, 0xff, 0x8d, 0x6b, 0xff,
    0x8d, 0x6b, 0xff, 0x8d, 0x6b, 0xff, 0x8d, 0x6b, 0xff, 0x8d, 0x6b, 0xff, 0x8d, 0x6b, 0xff, 0x8d, 0x6b, 0xe7, 0x00, 0x00, 0x00, 0x00, 0x00, 0x00,
    0x00, 0x00, 0x00, 0x00, 0x00, 0x00, 0x00, 0x00, 0x00, 0x8d, 0x6b, 0x02, 0x8d, 0x6b, 0xd1, 0x8d, 0x6b, 0xb0, 0x8d, 0x6b, 0x53, 0x8d, 0x6b, 0x51,
    0x8d, 0x6b, 0xb7, 0x8d, 0x6b, 0xf9, 0x8d, 0x6b, 0x31, 0x00, 0x00, 0x00, 0x8d, 0x6b, 0x0a, 0x8d, 0x6b, 0x27, 0x8d, 0x6b, 0x5d, 0x8d, 0x6b, 0xf5,
    0x8d, 0x6b, 0x27, 0x8d, 0x6b, 0x1f, 0x8d, 0x6b, 0x06, 0x8d, 0x6b, 0x13, 0x8d, 0x6b, 0x13, 0x8d, 0x6b, 0xa4, 0x8d, 0x6b, 0xaf, 0x8d, 0x6b, 0x13,
    0x8d, 0x6b, 0x13, 0x8d, 0x6b, 0x13, 0x8d, 0x6b, 0x04, 0x00, 0x00, 0x00, 0x00, 0x00, 0x00, 0x00, 0x00, 0x00, 0x00, 0x00, 0x00, 0x8d, 0x6b, 0x86,
    0x8d, 0x6b, 0xdb, 0x8d, 0x6b, 0x01, 0x8d, 0x6b, 0x1f, 0x8d, 0x6b, 0xff, 0x8d, 0x6b, 0x0f, 0x00, 0x00, 0x00, 0x8d, 0x6b, 0xbf, 0x8d, 0x6b, 0x5f,
    0x00, 0x00, 0x00, 0x8d, 0x6b, 0x6b, 0x8d, 0x6b, 0xc7, 0x00, 0x00, 0x00, 0x00, 0x00, 0x00, 0x8d, 0x6b, 0x02, 0x8d, 0x6b, 0xde, 0x8d, 0x6b, 0x4b,
    0x8d, 0x6b, 0x10, 0x8d, 0x6b, 0x08, 0x8d, 0x6b, 0x1f, 0x8d, 0x6b, 0x1f, 0x8d, 0x6b, 0xe1, 0x8d, 0x6b, 0x64, 0x8d, 0x6b, 0x1f, 0x8d, 0x6b, 0x1f,
    0x8d, 0x6b, 0x1f, 0x8d, 0x6b, 0x1f, 0x8d, 0x6b, 0x1c, 0x00, 0x00, 0x00, 0x00, 0x00, 0x00, 0x00, 0x00, 0x00, 0x00, 0x00, 0x00, 0x00, 0x00, 0x00,
    0x00, 0x00, 0x00, 0x8d, 0x6b, 0x13, 0x00, 0x00, 0x00, 0x00, 0x00, 0x00, 0x00, 0x00, 0x00, 0x8d, 0x6b, 0x07, 0x8d, 0x6b, 0xf8, 0x8d, 0x6b, 0x80,
    0x00, 0x00, 0x00, 0x00, 0x00, 0x00, 0x00, 0x00, 0x00, 0x8d, 0x6b, 0x3f, 0x8d, 0x6b, 0xf3, 0x00, 0x00, 0x00, 0x00, 0x00, 0x00, 0x8d, 0x6b, 0x53,
    0x8d, 0x6b, 0xff, 0x8d, 0x6b, 0xff, 0x8d, 0x6b, 0xff, 0x8d, 0x6b, 0xff, 0x8d, 0x6b, 0xff, 0x8d, 0x6b, 0xff, 0x8d, 0x6b, 0xff, 0x8d, 0x6b, 0x3f,
    0x00, 0x00, 0x00, 0x00, 0x00, 0x00, 0x00, 0x00, 0x00, 0x00, 0x00, 0x00, 0x8d, 0x6b, 0x01, 0x8d, 0x6b, 0x27, 0x00, 0x00, 0x00, 0x8d, 0x6b, 0x1f,
    0x8d, 0x6b, 0xff, 0x8d, 0x6b, 0x0f, 0x00, 0x00, 0x00, 0x8d, 0x6b, 0xbf, 0x8d, 0x6b, 0x5f, 0x00, 0x00, 0x00, 0x8d, 0x6b, 0x6b, 0x8d, 0x6b, 0xc7,
    0x00, 0x00, 0x00, 0x00, 0x00, 0x00, 0x8d, 0x6b, 0x4b, 0x8d, 0x6b, 0xd0, 0x00, 0x00, 0x00, 0x8d, 0x6b, 0xa5, 0x8d, 0x6b, 0x77, 0x00, 0x00, 0x00,
    0x8d, 0x6b, 0x1b, 0x8d, 0x6b, 0xfc, 0x8d, 0x6b, 0x11, 0x00, 0x00, 0x00, 0x00, 0x00, 0x00, 0x00, 0x00, 0x00, 0x00, 0x00, 0x00, 0x00, 0x00, 0x00,
    0x00, 0x00, 0x00, 0x00, 0x00, 0x00, 0x00, 0x00, 0x00, 0x00, 0x00, 0x00, 0x00, 0x00, 0x00, 0x00, 0x00, 0x00, 0x00, 0x00, 0x00, 0x00, 0x00, 0x00,
    0x00, 0x00, 0x00, 0x00, 0x00, 0x00, 0x8d, 0x6b, 0x0f, 0x8d, 0x6b, 0xfc, 0x8d, 0x6b, 0x73, 0x00, 0x00, 0x00, 0x00, 0x00, 0x00, 0x00, 0x00, 0x00,
    0x8d, 0x6b, 0x3f, 0x8d, 0x6b, 0xf3, 0x00, 0x00, 0x00, 0x00, 0x00, 0x00, 0x8d, 0x6b, 0x53, 0x8d, 0x6b, 0xd3, 0x00, 0x00, 0x00, 0x8d, 0x6b, 0x01,
    0x8d, 0x6b, 0x0b, 0x00, 0x00, 0x00, 0x00, 0x00, 0x00, 0x8d, 0x6b, 0xf3, 0x8d, 0x6b, 0x3f, 0x00, 0x00, 0x00, 0x8d, 0x6b, 0x0e, 0x8d, 0x6b, 0x27,
    0x8d, 0x6b, 0x27, 0x8d, 0x6b, 0x27, 0x8d, 0x6b, 0x02, 0x00, 0x00, 0x00, 0x8d, 0x6b, 0x1f, 0x8d, 0x6b, 0xff, 0x8d, 0x6b, 0x0f, 0x00, 0x00, 0x00,
    0x8d, 0x6b, 0xbf, 0x8d, 0x6b, 0x5f, 0x00, 0x00, 0x00, 0x8d, 0x6b, 0x6b, 0x8d, 0x6b, 0xc7, 0x00, 0x00, 0x00, 0x8d, 0x6b, 0x0a, 0x8d, 0x6b, 0xcf,
    0x8d, 0x6b, 0x7a, 0x8d, 0x6b, 0x48, 0x8d, 0x6b, 0xf4, 0x8d, 0x6b, 0x23, 0x8d, 0x6b, 0xfb, 0x8d, 0x6b, 0xff, 0x8d, 0x6b, 0xff, 0x8d, 0x6b, 0xff,
    0x8d, 0x6b, 0xff, 0x8d, 0x6b, 0x43, 0x00, 0x00, 0x00, 0x00, 0x00, 0x00, 0x00, 0x00, 0x00, 0x00, 0x00, 0x00, 0x00, 0x00, 0x00, 0x00, 0x00, 0x00,
    0x00, 0x00, 0x00, 0x00, 0x00, 0x00, 0x00, 0x00, 0x00, 0x00, 0x00, 0x00, 0x00, 0x00, 0x00, 0x8d, 0x6b, 0x10, 0x8d, 0x6b, 0x3b, 0x8d, 0x6b, 0xbf,
    0x8d, 0x6b, 0xcc, 0x8d, 0x6b, 0x11, 0x00, 0x00, 0x00, 0x00, 0x00, 0x00, 0x00, 0x00, 0x00, 0x8d, 0x6b, 0x3f, 0x8d, 0x6b, 0xf3, 0x00, 0x00, 0x00,
    0x00, 0x00, 0x00, 0x8d, 0x6b, 0x53, 0x8d, 0x6b, 0xd3, 0x00, 0x00, 0x00, 0x8d, 0x6b, 0x1b, 0x8d, 0x6b, 0xff, 0x8d, 0x6b, 0x13, 0x00, 0x00, 0x00,
    0x8d, 0x6b, 0xf3, 0x8d, 0x6b, 0x3f, 0x00, 0x00, 0x00, 0x8d, 0x6b, 0x5f, 0x8d, 0x6b, 0xff, 0x8d, 0x6b, 0xff, 0x8d, 0x6b, 0xff, 0x8d, 0x6b, 0x0f,
    0x00, 0x00, 0x00, 0x8d, 0x6b, 0x20, 0x8d, 0x6b, 0xff, 0x8d, 0x6b, 0x0f, 0x00, 0x00, 0x00, 0x8d, 0x6b, 0xbf, 0x8d, 0x6b, 0x5f, 0x00, 0x00, 0x00,
    0x8d, 0x6b, 0x6b, 0x8d, 0x6b, 0xc7, 0x00, 0x00, 0x00, 0x8d, 0x6b, 0x38, 0x8d, 0x6b, 0xf8, 0x8d, 0x6b, 0xd2, 0x8d, 0x6b, 0xf6, 0x8d, 0x6b, 0x92,
    0x00, 0x00, 0x00, 0x8d, 0x6b, 0x1b, 0x8d, 0x6b, 0xd3, 0x8d, 0x6b, 0x68, 0x8d, 0x6b, 0x1b, 0x8d, 0x6b, 0xe7, 0x8d, 0x6b, 0x43, 0x00, 0x00, 0x00,
    0x00, 0x00, 0x00, 0x00, 0x00, 0x00, 0x00, 0x00, 0x00, 0x00, 0x00, 0x00, 0x00, 0x00, 0x00, 0x00, 0x00, 0x00, 0x00, 0x00, 0x00, 0x00, 0x00, 0x00,
    0x00, 0x00, 0x00, 0x8d, 0x6b, 0x27, 0x8d, 0x6b, 0xff, 0x8d, 0x6b, 0xff, 0x8d, 0x6b, 0xd4, 0x8d, 0x6b, 0x17, 0x00, 0x00, 0x00, 0x00, 0x00, 0x00,
    0x00, 0x00, 0x00, 0x00, 0x00, 0x00, 0x8d, 0x6b, 0x3f, 0x8d, 0x6b, 0xf3, 0x00, 0x00, 0x00, 0x00, 0x00, 0x00, 0x8d, 0x6b, 0x53, 0x8d, 0x6b, 0xd3,
    0x00, 0x00, 0x00, 0x8d, 0x6b, 0x1b, 0x8d, 0x6b, 0xff, 0x8d, 0x6b, 0x13, 0x00, 0x00, 0x00, 0x8d, 0x6b, 0xf3, 0x8d, 0x6b, 0x3f, 0x00, 0x00, 0x00,
    0x00, 0x00, 0x00, 0x00, 0x00, 0x00, 0x8d, 0x6b, 0x17, 0x8d, 0x6b, 0xff, 0x8d, 0x6b, 0x0f, 0x00, 0x00, 0x00, 0x8d, 0x6b, 0x2b, 0x8d, 0x6b, 0xff,
    0x8d, 0x6b, 0x05, 0x00, 0x00, 0x00, 0x8d, 0x6b, 0xbf, 0x8d, 0x6b, 0x5f, 0x00, 0x00, 0x00, 0x8d, 0x6b, 0x6b, 0x8d, 0x6b, 0xc7, 0x00, 0x00, 0x00,
    0x00, 0x00, 0x00, 0x8d, 0x6b, 0x07, 0x8d, 0x6b, 0x43, 0x8d, 0x6b, 0xe6, 0x8d, 0x6b, 0x12, 0x00, 0x00, 0x00, 0x8d, 0x6b, 0x41, 0x8d, 0x6b, 0xe6,
    0x8d, 0x6b, 0x05, 0x00, 0x00, 0x00, 0x8d, 0x6b, 0xe3, 0x8d, 0x6b, 0x43, 0x00, 0x00, 0x00, 0x00, 0x00, 0x00, 0x00, 0x00, 0x00, 0x00, 0x00, 0x00,
    0x00, 0x00, 0x00, 0x00, 0x00, 0x00, 0x00, 0x00, 0x00, 0x00, 0x00, 0x00, 0x00, 0x00, 0x00, 0x00, 0x00, 0x00, 0x8d, 0x6b, 0x05, 0x8d, 0x6b, 0x31,
    0x8d, 0x6b, 0x53, 0x8d, 0x6b, 0xbc, 0x8d, 0x6b, 0xea, 0x8d, 0x6b, 0x30, 0x00, 0x00, 0x00, 0x00, 0x00, 0x00, 0x00, 0x00, 0x00, 0x8d, 0x6b, 0x3f,
    0x8d, 0x6b, 0xf3, 0x00, 0x00, 0x00, 0x00, 0x00, 0x00, 0x8d, 0x6b, 0x53, 0x8d, 0x6b, 0xd3, 0x00, 0x00, 0x00, 0x8d, 0x6b, 0x1b, 0x8d, 0x6b, 0xff,
    0x8d, 0x6b, 0x13, 0x00, 0x00, 0x00, 0x8d, 0x6b, 0xf3, 0x8d, 0x6b, 0x3f, 0x00, 0x00, 0x00, 0x00, 0x00, 0x00, 0x00, 0x00, 0x00, 0x8d, 0x6b, 0x17,
    0x8d, 0x6b, 0xff, 0x8d, 0x6b, 0x0f, 0x00, 0x00, 0x00, 0x8d, 0x6b, 0x3b, 0x8d, 0x6b, 0xf5, 0x00, 0x00, 0x00, 0x00, 0x00, 0x00, 0x8d, 0x6b, 0xbf,
    0x8d, 0x6b, 0x5f, 0x00, 0x00, 0x00, 0x8d, 0x6b, 0x6b, 0x8d, 0x6b, 0xc7, 0x00, 0x00, 0x00, 0x00, 0x00, 0x00, 0x8d, 0x6b, 0x0f, 0x8d, 0x6b, 0xdf,
    0x8d, 0x6b, 0x4b, 0x8d, 0x6b, 0x04, 0x8d, 0x6b, 0x14, 0x8d, 0x6b, 0xb3, 0x8d, 0x6b, 0xff, 0x8d, 0x6b, 0xff, 0x8d, 0x6b, 0xff, 0x8d, 0x6b, 0xff,
    0x8d, 0x6b, 0xff, 0x8d, 0x6b, 0xff, 0x8d, 0x6b, 0xff, 0x8d, 0x6b, 0x97, 0x00, 0x00, 0x00, 0x00, 0x00, 0x00, 0x00, 0x00, 0x00, 0x00, 0x00, 0x00,
    0x00, 0x00, 0x00, 0x00, 0x00, 0x00, 0x00, 0x00, 0x00, 0x00, 0x00, 0x00, 0x00, 0x00, 0x00, 0x00, 0x00, 0x00, 0x8d, 0x6b, 0x03, 0x8d, 0x6b, 0xcb,
    0x8d, 0x6b, 0xbf, 0x00, 0x00, 0x00, 0x00, 0x00, 0x00, 0x00, 0x00, 0x00, 0x8d, 0x6b, 0x3f, 0x8d, 0x6b, 0xf3, 0x8d, 0x6b, 0x01, 0x8d, 0x6b, 0x33,
    0x8d, 0x6b, 0x53, 0x8d, 0x6b, 0xd3, 0x00, 0x00, 0x00, 0x8d, 0x6b, 0x1e, 0x8d, 0x6b, 0xff, 0x8d, 0x6b, 0x11, 0x00, 0x00, 0x00, 0x8d, 0x6b, 0xf3,
    0x8d, 0x6b, 0x3f, 0x00, 0x00, 0x00, 0x00, 0x00, 0x00, 0x00, 0x00, 0x00, 0x8d, 0x6b, 0x17, 0x8d, 0x6b, 0xff, 0x8d, 0x6b, 0x0f, 0x00, 0x00, 0x00,
    0x8d, 0x6b, 0x4b, 0x8d, 0x6b, 0xe5, 0x00, 0x00, 0x00, 0x00, 0x00, 0x00, 0x8d, 0x6b, 0xbf, 0x8d, 0x6b, 0x5f, 0x00, 0x00, 0x00, 0x8d, 0x6b, 0x6b,
    0x8d, 0x6b, 0xc7, 0x00, 0x00, 0x00, 0x8d, 0x6b, 0x06, 0x8d, 0x6b, 0xae, 0x8d, 0x6b, 0xf1, 0x8d, 0x6b, 0xc8, 0x8d, 0x6b, 0xf7, 0x8d, 0x6b, 0x90,
    0x8d, 0x6b, 0x26, 0x8d, 0x6b, 0x22, 0x8d, 0x6b, 0x17, 0x8d, 0x6b, 0x17, 0x8d, 0x6b, 0xe6, 0x8d, 0x6b, 0x55, 0x8d, 0x6b, 0x17, 0x8d, 0x6b, 0x17,
    0x8d, 0x6b, 0x0e, 0x00, 0x00, 0x00, 0x00, 0x00, 0x00, 0x00, 0x00, 0x00, 0x00, 0x00, 0x00, 0x00, 0x00, 0x00, 0x00, 0x00, 0x00, 0x00, 0x00, 0x00,
    0x00, 0x00, 0x00, 0x00, 0x00, 0x00, 0x00, 0x00, 0x00, 0x00, 0x00, 0x00, 0x8d, 0x6b, 0x90, 0x8d, 0x6b, 0xef, 0x00, 0x00, 0x00, 0x00, 0x00, 0x00,
    0x8d, 0x6b, 0x07, 0x8d, 0x6b, 0x6f, 0x8d, 0x6b, 0xfc, 0x8d, 0x6b, 0xe6, 0x8d, 0x6b, 0xe9, 0x8d, 0x6b, 0x57, 0x8d, 0x6b, 0xd3, 0x00, 0x00, 0x00,
    0x8d, 0x6b, 0x34, 0x8d, 0x6b, 0xf8, 0x00, 0x00, 0x00, 0x00, 0x00, 0x00, 0x8d, 0x6b, 0xf3, 0x8d, 0x6b, 0x3f, 0x00, 0x00, 0x00, 0x00, 0x00, 0x00,
    0x00, 0x00, 0x00, 0x8d, 0x6b, 0x17, 0x8d, 0x6b, 0xff, 0x8d, 0x6b, 0x0f, 0x00, 0x00, 0x00, 0x8d, 0x6b, 0x5c, 0x8d, 0x6b, 0xd6, 0x00, 0x00, 0x00,
    0x00, 0x00, 0x00, 0x8d, 0x6b, 0xbf, 0x8d, 0x6b, 0x5f, 0x00, 0x00, 0x00, 0x8d, 0x6b, 0x6b, 0x8d, 0x6b, 0xc7, 0x00, 0x00, 0x00, 0x8d, 0x6b, 0x18,
    0x8d, 0x6b, 0xfc, 0x8d, 0x6b, 0xc4, 0x8d, 0x6b, 0x7c, 0x8d, 0x6b, 0x38, 0x8d, 0x6b, 0x03, 0x00, 0x00, 0x00, 0x8d, 0x6b, 0x73, 0x8d, 0x6b, 0x41,
    0x00, 0x00, 0x00, 0x8d, 0x6b, 0xe3, 0x8d, 0x6b, 0x43, 0x8d, 0x6b, 0x36, 0x8d, 0x6b, 0x5e, 0x00, 0x00, 0x00, 0x00, 0x00, 0x00, 0x00, 0x00, 0x00,
    0x00, 0x00, 0x00, 0x00, 0x00, 0x00, 0x00, 0x00, 0x00, 0x8d, 0x6b, 0x0a, 0x8d, 0x6b, 0x50, 0x00, 0x00, 0x00, 0x00, 0x00, 0x00, 0x00, 0x00, 0x00,
    0x00, 0x00, 0x00, 0x8d, 0x6b, 0xc1, 0x8d, 0x6b, 0xcb, 0x00, 0x00, 0x00, 0x8d, 0x6b, 0x5b, 0x8d, 0x6b, 0xf4, 0x8d, 0x6b, 0xf8, 0x8d, 0x6b, 0xac,
    0x8d, 0x6b, 0x4e, 0x8d, 0x6b, 0x05, 0x8d, 0x6b, 0x48, 0x8d, 0x6b, 0xb6, 0x00, 0x00, 0x00, 0x8d, 0x6b, 0x7e, 0x8d, 0x6b, 0xc6, 0x00, 0x00, 0x00,
    0x00, 0x00, 0x00, 0x8d, 0x6b, 0xca, 0x8d, 0x6b, 0x34, 0x00, 0x00, 0x00, 0x00, 0x00, 0x00, 0x00, 0x00, 0x00, 0x8d, 0x6b, 0x17, 0x8d, 0x6b, 0xff,
    0x8d, 0x6b, 0x10, 0x8d, 0x6b, 0x3b, 0x8d, 0x6b, 0x7d, 0x8d, 0x6b, 0xc2, 0x00, 0x00, 0x00, 0x00, 0x00, 0x00, 0x8d, 0x6b, 0xbf, 0x8d, 0x6b, 0x5f,
    0x00, 0x00, 0x00, 0x8d, 0x6b, 0x6b, 0x8d, 0x6b, 0xc7, 0x00, 0x00, 0x00, 0x00, 0x00, 0x00, 0x8d, 0x6b, 0x17, 0x00, 0x00, 0x00, 0x00, 0x00, 0x00,
    0x8d, 0x6b, 0x05, 0x8d, 0x6b, 0x19, 0x8d, 0x6b, 0x14, 0x8d, 0x6b, 0xf7, 0x8d, 0x6b, 0x39, 0x00, 0x00, 0x00, 0x8d, 0x6b, 0xe3, 0x8d, 0x6b, 0x43,
    0x8d, 0x6b, 0x3f, 0x8d, 0x6b, 0xee, 0x8d, 0x6b, 0x0e, 0x00, 0x00, 0x00, 0x00, 0x00, 0x00, 0x00, 0x00, 0x00, 0x00, 0x00, 0x00, 0x00, 0x00, 0x00,
    0x8d, 0x6b, 0x44, 0x8d, 0x6b, 0xf8, 0x8d, 0x6b, 0xa7, 0x8d, 0x6b, 0x5a, 0x8d, 0x6b, 0x44, 0x8d, 0x6b, 0x9f, 0x8d, 0x6b, 0xff, 0x8d, 0x6b, 0x57,
    0x00, 0x00, 0x00, 0x8d, 0x6b, 0x32, 0x8d, 0x6b, 0x64, 0x8d, 0x6b, 0x10, 0x00, 0x00, 0x00, 0x00, 0x00, 0x00, 0x00, 0x00, 0x00, 0x00, 0x00, 0x00,
    0x00, 0x00, 0x00, 0x8d, 0x6b, 0x1c, 0x8d, 0x6b, 0xea, 0x8d, 0x6b, 0x59, 0x8d, 0x6b, 0x89, 0x8d, 0x6b, 0x5a, 0x00, 0x00, 0x00, 0x00, 0x00, 0x00,
    0x00, 0x00, 0x00, 0x00, 0x00, 0x00, 0x00, 0x00, 0x00, 0x8d, 0x6b, 0x17, 0x8d, 0x6b, 0xff, 0x8d, 0x6b, 0xb0, 0x8d, 0x6b, 0xd9, 0x8d, 0x6b, 0xbf,
    0x8d, 0x6b, 0x8b, 0x00, 0x00, 0x00, 0x00, 0x00, 0x00, 0x8d, 0x6b, 0xbf, 0x8d, 0x6b, 0x5f, 0x00, 0x00, 0x00, 0x8d, 0x6b, 0x6b, 0x8d, 0x6b, 0xc7,
    0x00, 0x00, 0x00, 0x00, 0x00, 0x00, 0x00, 0x00, 0x00, 0x8d, 0x6b, 0x16, 0x8d, 0x6b, 0x7c, 0x8d, 0x6b, 0xe6, 0x8d, 0x6b, 0x7f, 0x8d, 0x6b, 0x82,
    0x8d, 0x6b, 0xbf, 0x00, 0x00, 0x00, 0x00, 0x00, 0x00, 0x8d, 0x6b, 0xe3, 0x8d, 0x6b, 0x43, 0x00, 0x00, 0x00, 0x8d, 0x6b, 0xc3, 0x8d, 0x6b, 0x7b,
    0x00, 0x00, 0x00, 0x00, 0x00, 0x00, 0x00, 0x00, 0x00, 0x00, 0x00, 0x00, 0x00, 0x00, 0x00, 0x00, 0x00, 0x00, 0x8d, 0x6b, 0x35, 0x8d, 0x6b, 0xa2,
    0x8d, 0x6b, 0xd9, 0x8d, 0x6b, 0xf2, 0x8d, 0x6b, 0xc7, 0x8d, 0x6b, 0x51, 0x00, 0x00, 0x00, 0x00, 0x00, 0x00, 0x00, 0x00, 0x00, 0x00, 0x00, 0x00,
    0x00, 0x00, 0x00, 0x00, 0x00, 0x00, 0x00, 0x00, 0x00, 0x00, 0x00, 0x00, 0x00, 0x00, 0x00, 0x8d, 0x6b, 0x3b, 0x8d, 0x6b, 0xdf, 0x8d, 0x6b, 0xaa,
    0x8d, 0x6b, 0x01, 0x8d, 0x6b, 0x4a, 0x8d, 0x6b, 0xeb, 0x8d, 0x6b, 0xa5, 0x8d, 0x6b, 0x0a, 0x00, 0x00, 0x00, 0x00, 0x00, 0x00, 0x00, 0x00, 0x00,
    0x8d, 0x6b, 0x39, 0x8d, 0x6b, 0xff, 0x8d, 0x6b, 0xce, 0x8d, 0x6b, 0x32, 0x8d, 0x6b, 0xf8, 0x8d, 0x6b, 0x4c, 0x00, 0x00, 0x00, 0x00, 0x00, 0x00,
    0x8d, 0x6b, 0x86, 0x8d, 0x6b, 0x43, 0x00, 0x00, 0x00, 0x8d, 0x6b, 0x6b, 0x8d, 0x6b, 0xc7, 0x00, 0x00, 0x00, 0x8d, 0x6b, 0x18, 0x8d, 0x6b, 0xa7,
    0x8d, 0x6b, 0xf9, 0x8d, 0x6b, 0xd2, 0x8d, 0x6b, 0x55, 0x8d, 0x6b, 0x2e, 0x8d, 0x6b, 0xf6, 0x8d, 0x6b, 0x36, 0x00, 0x00, 0x00, 0x00, 0x00, 0x00,
    0x8d, 0x6b, 0xe3, 0x8d, 0x6b, 0x43, 0x00, 0x00, 0x00, 0x8d, 0x6b, 0x4e, 0x8d, 0x6b, 0xe9, 0x8d, 0x6b, 0x08, 0x00, 0x00, 0x00, 0x00, 0x00, 0x00,
    0x00, 0x00, 0x00, 0x00, 0x00, 0x00, 0x00, 0x00, 0x00, 0x00, 0x00, 0x00, 0x00, 0x00, 0x00, 0x00, 0x00, 0x00, 0x00, 0x00, 0x00, 0x00, 0x00, 0x00,
    0x00, 0x00, 0x00, 0x00, 0x00, 0x00, 0x00, 0x00, 0x00, 0x00, 0x00, 0x00, 0x00, 0x00, 0x00, 0x00, 0x00, 0x00, 0x00, 0x00, 0x00, 0x00, 0x00, 0x00,
    0x8d, 0x6b, 0x50, 0x8d, 0x6b, 0xb8, 0x8d, 0x6b, 0xf7, 0x8d, 0x6b, 0x80, 0x8d, 0x6b, 0x02, 0x00, 0x00, 0x00, 0x00, 0x00, 0x00, 0x8d, 0x6b, 0x1b,
    0x8d, 0x6b, 0xcc, 0x8d, 0x6b, 0xcb, 0x8d, 0x6b, 0x17, 0x00, 0x00, 0x00, 0x00, 0x00, 0x00, 0x8d, 0x6b, 0xa5, 0x8d, 0x6b, 0xb9, 0x8d, 0x6b, 0x0c,
    0x8d, 0x6b, 0x89, 0x8d, 0x6b, 0xe2, 0x8d, 0x6b, 0x05, 0x00, 0x00, 0x00, 0x00, 0x00, 0x00, 0x00, 0x00, 0x00, 0x00, 0x00, 0x00, 0x00, 0x00, 0x00,
    0x8d, 0x6b, 0x6b, 0x8d, 0x6b, 0xc7, 0x00, 0x00, 0x00, 0x8d, 0x6b, 0x18, 0x8d, 0x6b, 0xcb, 0x8d, 0x6b, 0x50, 0x8d, 0x6b, 0x01, 0x00, 0x00, 0x00,
    0x8d, 0x6b, 0x95, 0x8d, 0x6b, 0x88, 0x00, 0x00, 0x00, 0x8d, 0x6b, 0x15, 0x8d, 0x6b, 0x19, 0x8d, 0x6b, 0xee, 0x8d, 0x6b, 0x40, 0x00, 0x00, 0x00,
    0x8d, 0x6b, 0x02, 0x8d, 0x6b, 0xcf, 0x8d, 0x6b, 0x31, 0x00, 0x00, 0x00, 0x00, 0x00, 0x00, 0x00, 0x00, 0x00, 0x00, 0x00, 0x00, 0x00, 0x00, 0x00,
    0x00, 0x00, 0x00, 0x00, 0x00, 0x00, 0x00, 0x00, 0x00, 0x00, 0x00, 0x00, 0x00, 0x00, 0x00, 0x00, 0x00, 0x00, 0x00, 0x00, 0x00, 0x00, 0x00, 0x00,
    0x00, 0x00, 0x00, 0x00, 0x00, 0x00, 0x00, 0x00, 0x00, 0x00, 0x00, 0x00, 0x00, 0x00, 0x00, 0x8d, 0x6b, 0x59, 0x8d, 0x6b, 0x85, 0x8d, 0x6b, 0x1d,
    0x00, 0x00, 0x00, 0x00, 0x00, 0x00, 0x00, 0x00, 0x00, 0x00, 0x00, 0x00, 0x00, 0x00, 0x00, 0x8d, 0x6b, 0x0c, 0x8d, 0x6b, 0x90, 0x8d, 0x6b, 0x0c,
    0x00, 0x00, 0x00, 0x00, 0x00, 0x00, 0x8d, 0x6b, 0x2c, 0x8d, 0x6b, 0x06, 0x00, 0x00, 0x00, 0x8d, 0x6b, 0x4e, 0x8d, 0x6b, 0x5f, 0x00, 0x00, 0x00,
    0x00, 0x00, 0x00, 0x00, 0x00, 0x00, 0x00, 0x00, 0x00, 0x00, 0x00, 0x00, 0x00, 0x00, 0x00, 0x8d, 0x6b, 0x43, 0x8d, 0x6b, 0x7c, 0x00, 0x00, 0x00,
    0x00, 0x00, 0x00, 0x00, 0x00, 0x00, 0x00, 0x00, 0x00, 0x00, 0x00, 0x00, 0x00, 0x00, 0x00, 0x8d, 0x6b, 0x05, 0x8d, 0x6b, 0x07, 0x00, 0x00, 0x00,
    0x8d, 0x6b, 0xcd, 0x8d, 0x6b, 0xf9, 0x8d, 0x6b, 0xcd, 0x8d, 0x6b, 0x12, 0x00, 0x00, 0x00, 0x00, 0x00, 0x00, 0x8d, 0x6b, 0x02, 0x00, 0x00, 0x00,
    0x00, 0x00, 0x00, 0x00, 0x00, 0x00, 0x00, 0x00, 0x00, 0x00, 0x00, 0x00, 0x00, 0x00, 0x00, 0x00, 0x00, 0x00, 0x00, 0x00, 0x00, 0x00, 0x00, 0x00,
    0x00, 0x00, 0x00, 0x00, 0x00, 0x00, 0x00, 0x00, 0x00, 0x00, 0x00, 0x00, 0x00, 0x00, 0x00, 0x00, 0x00, 0x00, 0x00, 0x00, 0x00, 0x00, 0x00, 0x00,
    0x00, 0x00, 0x00, 0x00, 0x00, 0x00, 0x00, 0x00, 0x00, 0x00, 0x00, 0x00, 0x00, 0x00, 0x00, 0x00, 0x00, 0x00, 0x00, 0x00, 0x00, 0x00, 0x00, 0x00,
    0x00, 0x00, 0x00, 0x00, 0x00, 0x00, 0x00, 0x00, 0x00, 0x00, 0x00, 0x00, 0x00, 0x00, 0x00, 0x00, 0x00, 0x00, 0x00, 0x00, 0x00, 0x00, 0x00, 0x00,
    0x00, 0x00, 0x00, 0x00, 0x00, 0x00, 0x00, 0x00, 0x00, 0x00, 0x00, 0x00, 0x00, 0x00, 0x00, 0x00, 0x00, 0x00, 0x00, 0x00, 0x00, 0x00, 0x00, 0x00,
    0x00, 0x00, 0x00, 0x00, 0x00, 0x00, 0x00, 0x00, 0x00, 0x00, 0x00, 0x00, 0x00, 0x00, 0x00, 0x00, 0x00, 0x00, 0x00, 0x00, 0x00, 0x00, 0x00, 0x00,
    0x00, 0x00, 0x00, 0x00, 0x00, 0x00, 0x00, 0x00, 0x00, 0x00, 0x00, 0x00, 0x00, 0x00, 0x00, 0x00, 0x00, 0x00, 0x00, 0x00, 0x00, 0x00, 0x00, 0x00,
    0x00, 0x00, 0x00, 0x00, 0x00, 0x00, 0x00, 0x00, 0x00, 0x00, 0x00, 0x00, 0x00, 0x00, 0x00, 0x00, 0x00, 0x00, 0x00, 0x00, 0x00, 0x00, 0x00, 0x00,
    0x00, 0x00, 0x00, 0x00, 0x00, 0x00, 0x00, 0x00, 0x00, 0x00, 0x00, 0x00, 0x00, 0x00, 0x00, 0x00, 0x00, 0x00, 0x00, 0x00, 0x00, 0x00, 0x00, 0x00,
    0x00, 0x00, 0x00, 0x00, 0x00, 0x00, 0x00, 0x00, 0x00, 0x00, 0x00, 0x00, 0x00, 0x00, 0x00, 0x00, 0x00, 0x00, 0x00, 0x00, 0x00, 0x00, 0x00, 0x00,
    0x00, 0x00, 0x00, 0x00, 0x00, 0x00, 0x00, 0x00, 0x00, 0x00, 0x00, 0x00, 0x00, 0x00, 0x00, 0x00, 0x00, 0x00, 0x00, 0x00, 0x00, 0x00, 0x00, 0x00,
    0x00, 0x00, 0x00, 0x00, 0x00, 0x00, 0x00, 0x00, 0x00, 0x00, 0x00, 0x00, 0x00, 0x00, 0x00, 0x00, 0x00, 0x00, 0x00, 0x00, 0x00, 0x00, 0x00, 0x00,
    0x00, 0x00, 0x00, 0x00, 0x00, 0x00, 0x00, 0x00, 0x00, 0x00, 0x00, 0x00, 0x00, 0x00, 0x00, 0x00, 0x00, 0x00, 0x00, 0x00, 0x00, 0x00, 0x00, 0x00,
    0x00, 0x00, 0x00, 0x00, 0x00, 0x00, 0x00, 0x00, 0x00, 0x00, 0x00, 0x00, 0x00, 0x00, 0x00, 0x00, 0x00, 0x00, 0x00, 0x00, 0x00, 0x00, 0x00, 0x00,
    0x00, 0x00, 0x00, 0x00, 0x00, 0x00, 0x00, 0x00, 0x00, 0x00, 0x00, 0x00, 0x00, 0x00, 0x00, 0x00, 0x00, 0x00, 0x00, 0x00, 0x00, 0x00, 0x00, 0x00,
    0x00, 0x00, 0x00, 0x00, 0x00, 0x00, 0x00, 0x00, 0x00, 0x00, 0x00, 0x00,
};
const lv_img_dsc_t rx_three_tasks = {
    .header.always_zero = 0,
    .header.w = 61,
    .header.h = 20,
    .data_size = 3660,
    .header.cf = LV_IMG_CF_TRUE_COLOR_ALPHA,
    .data = rx_three_tasks_map,
};

#ifndef LV_ATTRIBUTE_IMG_RX_CURL
#define LV_ATTRIBUTE_IMG_RX_CURL
#endif
const LV_ATTRIBUTE_MEM_ALIGN LV_ATTRIBUTE_LARGE_CONST LV_ATTRIBUTE_IMG_RX_CURL uint8_t rx_curl_map[] = {
    0x00, 0x00, 0x00, 0x00, 0x00, 0x00, 0x00, 0x00, 0x00, 0x00, 0x00, 0x00, 0x00, 0x00, 0x00, 0x00, 0x00, 0x00, 0x00, 0x00, 0x00, 0x00, 0x00, 0x00,
    0x00, 0x00, 0x00, 0x00, 0x00, 0x00, 0x00, 0x00, 0x00, 0x00, 0x00, 0x00, 0x00, 0x00, 0x00, 0x00, 0x00, 0x00, 0x00, 0x00, 0x00, 0x00, 0x00, 0x00,
    0x00, 0x00, 0x00, 0x00, 0x00, 0x00, 0x00, 0x00, 0x00, 0x00, 0x00, 0x00, 0x00, 0x00, 0x00, 0x00, 0x00, 0x00, 0x00, 0x00, 0x00, 0x00, 0x00, 0x00,
    0x00, 0x00, 0x00, 0x00, 0x00, 0x00, 0x00, 0x00, 0x00, 0x00, 0x00, 0x00, 0x00, 0x00, 0x00, 0x00, 0x00, 0x00, 0x00, 0x00, 0x00, 0x00, 0x00, 0x00,
    0x00, 0x00, 0x00, 0x00, 0x00, 0x00, 0x00, 0x00, 0x00, 0x00, 0x00, 0x00, 0x00, 0x00, 0x00, 0x00, 0x00, 0x00, 0x00, 0x00, 0x00, 0x00, 0x00, 0x00,
    0x00, 0x00, 0x00, 0x00, 0x00, 0x00, 0x00, 0x00, 0x00, 0x00, 0x00, 0x00, 0x00, 0x00, 0x00, 0x00, 0x00, 0x00, 0x00, 0x00, 0x00, 0x00, 0x00, 0x00,
    0x00, 0x00, 0x00, 0x00, 0x00, 0x00, 0x00, 0x00, 0x00, 0x00, 0x00, 0x00, 0x00, 0x00, 0x00, 0x00, 0x00, 0x00, 0x00, 0x00, 0x00, 0x00, 0x00, 0x00,
    0x00, 0x00, 0x00, 0x00, 0x00, 0x00, 0x00, 0x00, 0x00, 0x00, 0x00, 0x00, 0x00, 0x00, 0x00, 0x00, 0x00, 0x00, 0x00, 0x00, 0x00, 0x00, 0x00, 0x00,
    0x00, 0x00, 0x00, 0x00, 0x00, 0x00, 0x00, 0x00, 0x00, 0x00, 0x00, 0x00, 0x00, 0x00, 0x00, 0x00, 0x00, 0x00, 0x00, 0x00, 0x00, 0x00, 0x00, 0x00,
    0x00, 0x00, 0x00, 0x00, 0x00, 0x00, 0x00, 0x00, 0x00, 0x00, 0x00, 0x00, 0x00, 0x00, 0x00, 0x00, 0x00, 0x00, 0x00, 0x00, 0x00, 0x00, 0x00, 0x00,
    0x00, 0x00, 0x00, 0x00, 0x00, 0x00, 0x00, 0x00, 0x00, 0x00, 0x00, 0x00, 0x00, 0x00, 0x00, 0x00, 0x00, 0x00, 0x00, 0x00, 0x00, 0x00, 0x00, 0x00,
    0x00, 0x00, 0x00, 0x00, 0x00, 0x00, 0x00, 0x00, 0x00, 0x00, 0x00, 0x00, 0x00, 0x00, 0x00, 0x00, 0x00, 0x00, 0x00, 0x00, 0x00, 0x00, 0x00, 0x00,
    0x00, 0x00, 0x00, 0x00, 0x00, 0x00, 0x00, 0x00, 0x00, 0x00, 0x00, 0x00, 0x00, 0x00, 0x00, 0x00, 0x00, 0x00, 0x00, 0x00, 0x00, 0x00, 0x00, 0x00,
    0x00, 0x00, 0x00, 0x00, 0x00, 0x00, 0x00, 0x00, 0x00, 0x00, 0x00, 0x00, 0x00, 0x00, 0x00, 0x00, 0x00, 0x00, 0x00, 0x00, 0x00, 0x00, 0x00, 0x00,
    0x00, 0x00, 0x00, 0x00, 0x00, 0x00, 0x00, 0x00, 0x00, 0x00, 0x00, 0x00, 0x00, 0x00, 0x00, 0x00, 0x00, 0x00, 0x00, 0x00, 0x00, 0x00, 0x00, 0x00,
    0x00, 0x00, 0x00, 0x00, 0x00, 0x00, 0x00, 0x00, 0x00, 0x00, 0x00, 0x00, 0x00, 0x00, 0x00, 0x00, 0x00, 0x00, 0x00, 0x00, 0x00, 0x00, 0x00, 0x00,
    0x00, 0x00, 0x00, 0x00, 0x00, 0x00, 0x00, 0x00, 0x00, 0x00, 0x00, 0x00, 0x00, 0x00, 0x00, 0x00, 0x00, 0x00, 0x00, 0x00, 0x00, 0x00, 0x00, 0x00,
    0x00, 0x00, 0x00, 0x00, 0x00, 0x00, 0x00, 0x00, 0x00, 0x00, 0x00, 0x00, 0x00, 0x00, 0x00, 0x00, 0x00, 0x00, 0x00, 0x00, 0x00, 0x00, 0x00, 0x00,
    0x00, 0x00, 0x00, 0x00, 0x00, 0x00, 0x00, 0x00, 0x00, 0x00, 0x00, 0x00, 0x00, 0x00, 0x00, 0x00, 0x00, 0x00, 0x00, 0x00, 0x00, 0x00, 0x00, 0x00,
    0x00, 0x00, 0x00, 0x00, 0x00, 0x00, 0x00, 0x00, 0x00, 0x00, 0x00, 0x00, 0x00, 0x00, 0x00, 0x00, 0x00, 0x00, 0x00, 0x00, 0x00, 0x00, 0x00, 0x00,
    0x00, 0x00, 0x00, 0x00, 0x00, 0x00, 0x00, 0x00, 0x00, 0x00, 0x00, 0x00, 0x00, 0x00, 0x00, 0x00, 0x00, 0x00, 0x00, 0x00, 0x00, 0x00, 0x00, 0x00,
    0x00, 0x00, 0x00, 0x00, 0x00, 0x00, 0x00, 0x00, 0x00, 0x00, 0x00, 0x00, 0x00, 0x00, 0x00, 0x00, 0x00, 0x00, 0x00, 0x00, 0x00, 0x00, 0x00, 0x00,
    0x00, 0x00, 0x00, 0x00, 0x00, 0x00, 0x00, 0x00, 0x00, 0x00, 0x00, 0x00, 0x00, 0x00, 0x00, 0x00, 0x00, 0x00, 0x00, 0x00, 0x00, 0x00, 0x00, 0x00,
    0x00, 0x00, 0x00, 0x00, 0x00, 0x00, 0x00, 0x00, 0x00, 0x00, 0x00, 0x00, 0x00, 0x00, 0x00, 0x00, 0x00, 0x00, 0x00, 0x00, 0x00, 0x00, 0x00, 0x00,
    0x00, 0x00, 0x00, 0x00, 0x00, 0x00, 0x00, 0x00, 0x00, 0x00, 0x00, 0x00, 0x00, 0x00, 0x00, 0x00, 0x00, 0x00, 0x00, 0x00, 0x00, 0x00, 0x00, 0x00,
    0x00, 0x00, 0x00, 0x00, 0x00, 0x00, 0x00, 0x00, 0x00, 0x00, 0x00, 0x00, 0x00, 0x00, 0x00, 0x85, 0x21, 0x02, 0x00, 0x00, 0x00, 0x00, 0x00, 0x00,
    0x00, 0x00, 0x00, 0x00, 0x00, 0x00, 0x00, 0x00, 0x00, 0x00, 0x00, 0x00, 0x00, 0x00, 0x00, 0x00, 0x00, 0x00, 0x00, 0x00, 0x00, 0x00, 0x00, 0x00,
    0x00, 0x00, 0x00, 0x00, 0x00, 0x00, 0x00, 0x00, 0x00, 0x00, 0x00, 0x00, 0x00, 0x00, 0x00, 0x00, 0x00, 0x00, 0x00, 0x00, 0x00, 0x00, 0x00, 0x00,
    0x00, 0x00, 0x00, 0x00, 0x00, 0x00, 0x00, 0x00, 0x00, 0x00, 0x00, 0x00, 0x00, 0x00, 0x00, 0x00, 0x00, 0x00, 0x00, 0x00, 0x00, 0x00, 0x00, 0x00,
    0x00, 0x00, 0x00, 0x00, 0x00, 0x00, 0x00, 0x00, 0x00, 0x00, 0x00, 0x00, 0x00, 0x00, 0x00, 0x85, 0x21, 0x54, 0x85, 0x21, 0x9e, 0x85, 0x21, 0x2f,
    0x00, 0x00, 0x00, 0x00, 0x00, 0x00, 0x00, 0x00, 0x00, 0x00, 0x00, 0x00, 0x00, 0x00, 0x00, 0x85, 0x21, 0x1f, 0x85, 0x21, 0xd0, 0x85, 0x21, 0x6e,
    0x00, 0x00, 0x00, 0x00, 0x00, 0x00, 0x00, 0x00, 0x00, 0x00, 0x00, 0x00, 0x00, 0x00, 0x00, 0x00, 0x00, 0x00, 0x00, 0x00, 0x00, 0x00, 0x00, 0x00,
    0x00, 0x00, 0x00, 0x00, 0x00, 0x00, 0x00, 0x00, 0x00, 0x85, 0x21, 0x8d, 0x85, 0x21, 0xfb, 0x85, 0x21, 0x72, 0x00, 0x00, 0x00, 0x00, 0x00, 0x00,
    0x00, 0x00, 0x00, 0x00, 0x00, 0x00, 0x00, 0x00, 0x00, 0x00, 0x00, 0x00, 0x00, 0x00, 0x00, 0x00, 0x00, 0x00, 0x00, 0x00, 0x00, 0x85, 0x21, 0x0a,
    0x85, 0x21, 0x74, 0x85, 0x21, 0x39, 0x00, 0x00, 0x00, 0x85, 0x21, 0x3a, 0x85, 0x21, 0xcd, 0x85, 0x21, 0x89, 0x00, 0x00, 0x00, 0x00, 0x00, 0x00,
    0x00, 0x00, 0x00, 0x85, 0x21, 0x9b, 0x85, 0x21, 0x80, 0x85, 0x21, 0x27, 0x00, 0x00, 0x00, 0x00, 0x00, 0x00, 0x00, 0x00, 0x00, 0x00, 0x00, 0x00,
    0x00, 0x00, 0x00, 0x00, 0x00, 0x00, 0x00, 0x00, 0x00, 0x85, 0x21, 0x28, 0x85, 0x21, 0x2b, 0x85, 0x21, 0x2b, 0x85, 0x21, 0x2b, 0x85, 0x21, 0x1c,
    0x85, 0x21, 0xff, 0x85, 0x21, 0xff, 0x85, 0x21, 0xff, 0x85, 0x21, 0xff, 0x85, 0x21, 0xff, 0x85, 0x21, 0xff, 0x85, 0x21, 0xff, 0x85, 0x21, 0xff,
    0x85, 0x21, 0xff, 0x85, 0x21, 0xe3, 0x00, 0x00, 0x00, 0x00, 0x00, 0x00, 0x00, 0x00, 0x00, 0x85, 0x21, 0xcd, 0x85, 0x21, 0xff, 0x85, 0x21, 0x55,
    0x00, 0x00, 0x00, 0x00, 0x00, 0x00, 0x00, 0x00, 0x00, 0x00, 0x00, 0x00, 0x00, 0x00, 0x00, 0x85, 0x21, 0x8c, 0x85, 0x21, 0xff, 0x85, 0x21, 0xc8,
    0x00, 0x00, 0x00, 0x00, 0x00, 0x00, 0x00, 0x00, 0x00, 0x00, 0x00, 0x00, 0x00, 0x00, 0x00, 0x85, 0x21, 0x74, 0x85, 0x21, 0x87, 0x85, 0x21, 0x87,
    0x85, 0x21, 0x87, 0x85, 0x21, 0x87, 0x85, 0x21, 0x87, 0x85, 0x21, 0xcb, 0x85, 0x21, 0xff, 0x85, 0x21, 0xbe, 0x85, 0x21, 0x87, 0x85, 0x21, 0x87,
    0x85, 0x21, 0x87, 0x85, 0x21, 0x87, 0x85, 0x21, 0x87, 0x85, 0x21, 0x81, 0x00, 0x00, 0x00, 0x00, 0x00, 0x00, 0x00, 0x00, 0x00, 0x85, 0x21, 0x70,
    0x85, 0x21, 0xff, 0x85, 0x21, 0xe8, 0x85, 0x21, 0x18, 0x85, 0x21, 0x1a, 0x85, 0x21, 0xf0, 0x85, 0x21, 0xfe, 0x85, 0x21, 0x35, 0x00, 0x00, 0x00,
    0x85, 0x21, 0x49, 0x85, 0x21, 0xff, 0x85, 0x21, 0xf5, 0x85, 0x21, 0x2a, 0x00, 0x00, 0x00, 0x00, 0x00, 0x00, 0x00, 0x00, 0x00, 0x00, 0x00, 0x00,
    0x00, 0x00, 0x00, 0x00, 0x00, 0x00, 0x00, 0x00, 0x00, 0x85, 0x21, 0xeb, 0x85, 0x21, 0xff, 0x85, 0x21, 0xff, 0x85, 0x21, 0xff, 0x85, 0x21, 0x6b,
    0x85, 0x21, 0xff, 0x85, 0x21, 0xff, 0x85, 0x21, 0xff, 0x85, 0x21, 0xff, 0x85, 0x21, 0xff, 0x85, 0x21, 0xff, 0x85, 0x21, 0xff, 0x85, 0x21, 0xff,
    0x85, 0x21, 0xff, 0x85, 0x21, 0xe3, 0x00, 0x00, 0x00, 0x00, 0x00, 0x00, 0x85, 0x21, 0x4d, 0x85, 0x21, 0xff, 0x85, 0x21, 0xff, 0x85, 0x21, 0xff,
    0x85, 0x21, 0xff, 0x85, 0x21, 0xff, 0x85, 0x21, 0x1f, 0x00, 0x00, 0x00, 0x85, 0x21, 0x22, 0x85, 0x21, 0xf6, 0x85, 0x21, 0xff, 0x85, 0x21, 0xff,
    0x85, 0x21, 0x60, 0x00, 0x00, 0x00, 0x00, 0x00, 0x00, 0x00, 0x00, 0x00, 0x00, 0x00, 0x00, 0x85, 0x21, 0xdb, 0x85, 0x21, 0xff, 0x85, 0x21, 0xff,
    0x85, 0x21, 0xff, 0x85, 0x21, 0xff, 0x85, 0x21, 0xff, 0x85, 0x21, 0xff, 0x85, 0x21, 0xff, 0x85, 0x21, 0xff, 0x85, 0x21, 0xff, 0x85, 0x21, 0xff,
    0x85, 0x21, 0xff, 0x85, 0x21, 0xff, 0x85, 0x21, 0xff, 0x85, 0x21, 0xf3, 0x00, 0x00, 0x00, 0x00, 0x00, 0x00, 0x00, 0x00, 0x00, 0x85, 0x21, 0x02,
    0x85, 0x21, 0xc0, 0x85, 0x21, 0xff, 0x85, 0x21, 0x95, 0x00, 0x00, 0x00, 0x85, 0x21, 0x7b, 0x85, 0x21, 0xf3, 0x85, 0x21, 0x63, 0x85, 0x21, 0x0b,
    0x85, 0x21, 0xde, 0x85, 0x21, 0xff, 0x85, 0x21, 0x5f, 0x00, 0x00, 0x00, 0x00, 0x00, 0x00, 0x00, 0x00, 0x00, 0x00, 0x00, 0x00, 0x00, 0x00, 0x00,
    0x00, 0x00, 0x00, 0x00, 0x00, 0x00, 0x00, 0x00, 0x00, 0x85, 0x21, 0xeb, 0x85, 0x21, 0xf2, 0x85, 0x21, 0xe7, 0x85, 0x21, 0xff, 0x85, 0x21, 0x5f,
    0x00, 0x00, 0x00, 0x00, 0x00, 0x00, 0x85, 0x21, 0x97, 0x85, 0x21, 0xff, 0x85, 0x21, 0x33, 0x85, 0x21, 0x9b, 0x85, 0x21, 0xff, 0x85, 0x21, 0x37,
    0x00, 0x00, 0x00, 0x00, 0x00, 0x00, 0x00, 0x00, 0x00, 0x85, 0x21, 0x27, 0x85, 0x21, 0xef, 0x85, 0x21, 0xff, 0x85, 0x21, 0xea, 0x85, 0x21, 0xe7,
    0x85, 0x21, 0xe7, 0x85, 0x21, 0xe7, 0x85, 0x21, 0x1c, 0x85, 0x21, 0x01, 0x85, 0x21, 0xb9, 0x85, 0x21, 0xff, 0x85, 0x21, 0xad, 0x85, 0x21, 0xf6,
    0x85, 0x21, 0xf2, 0x85, 0x21, 0x22, 0x00, 0x00, 0x00, 0x00, 0x00, 0x00, 0x00, 0x00, 0x00, 0x00, 0x00, 0x00, 0x85, 0x21, 0x24, 0x85, 0x21, 0xa2,
    0x85, 0x21, 0x4a, 0x85, 0x21, 0x32, 0x85, 0x21, 0xff, 0x85, 0x21, 0xb8, 0x00, 0x00, 0x00, 0x85, 0x21, 0x6b, 0x85, 0x21, 0xff, 0x85, 0x21, 0x6c,
    0x85, 0x21, 0x41, 0x85, 0x21, 0x8b, 0x85, 0x21, 0x03, 0x00, 0x00, 0x00, 0x00, 0x00, 0x00, 0x85, 0x21, 0x21, 0x85, 0x21, 0xd3, 0x85, 0x21, 0xd3,
    0x85, 0x21, 0xe3, 0x85, 0x21, 0xff, 0x85, 0x21, 0xda, 0x85, 0x21, 0xd3, 0x85, 0x21, 0xdc, 0x85, 0x21, 0xe3, 0x85, 0x21, 0xd3, 0x85, 0x21, 0xe1,
    0x85, 0x21, 0xff, 0x85, 0x21, 0xfd, 0x85, 0x21, 0xd3, 0x85, 0x21, 0xd3, 0x85, 0x21, 0xd3, 0x85, 0x21, 0x27, 0x00, 0x00, 0x00, 0x00, 0x00, 0x00,
    0x00, 0x00, 0x00, 0x00, 0x00, 0x00, 0x00, 0x00, 0x00, 0x85, 0x21, 0xeb, 0x85, 0x21, 0x93, 0x85, 0x21, 0x3b, 0x85, 0x21, 0xff, 0x85, 0x21, 0x5f,
    0x00, 0x00, 0x00, 0x00, 0x00, 0x00, 0x85, 0x21, 0x97, 0x85, 0x21, 0xff, 0x85, 0x21, 0x33, 0x85, 0x21, 0x9b, 0x85, 0x21, 0xff, 0x85, 0x21, 0x37,
    0x00, 0x00, 0x00, 0x00, 0x00, 0x00, 0x00, 0x00, 0x00, 0x85, 0x21, 0x7e, 0x85, 0x21, 0xff, 0x85, 0x21, 0xb3, 0x00, 0x00, 0x00, 0x00, 0x00, 0x00,
    0x00, 0x00, 0x00, 0x00, 0x00, 0x00, 0x00, 0x00, 0x00, 0x85, 0x21, 0x86, 0x85, 0x21, 0xff, 0x85, 0x21, 0xcd, 0x85, 0x21, 0x07, 0x85, 0x21, 0x6b,
    0x85, 0x21, 0xff, 0x85, 0x21, 0xd8, 0x85, 0x21, 0x1e, 0x00, 0x00, 0x00, 0x00, 0x00, 0x00, 0x85, 0x21, 0x12, 0x85, 0x21, 0xcf, 0x85, 0x21, 0xff,
    0x85, 0x21, 0x5a, 0x85, 0x21, 0x7f, 0x85, 0x21, 0xff, 0x85, 0x21, 0x73, 0x00, 0x00, 0x00, 0x85, 0x21, 0x6b, 0x85, 0x21, 0xff, 0x85, 0x21, 0x6c,
    0x85, 0x21, 0xaa, 0x85, 0x21, 0xff, 0x85, 0x21, 0x97, 0x00, 0x00, 0x00, 0x00, 0x00, 0x00, 0x85, 0x21, 0x27, 0x85, 0x21, 0xff, 0x85, 0x21, 0xff,
    0x85, 0x21, 0xff, 0x85, 0x21, 0xff, 0x85, 0x21, 0xff, 0x85, 0x21, 0xff, 0x85, 0x21, 0xff, 0x85, 0x21, 0xff, 0x85, 0x21, 0xff, 0x85, 0x21, 0xff,
    0x85, 0x21, 0xff, 0x85, 0x21, 0xff, 0x85, 0x21, 0xff, 0x85, 0x21, 0xff, 0x85, 0x21, 0xff, 0x85, 0x21, 0x2f, 0x00, 0x00, 0x00, 0x00, 0x00, 0x00,
    0x00, 0x00, 0x00, 0x00, 0x00, 0x00, 0x00, 0x00, 0x00, 0x85, 0x21, 0xeb, 0x85, 0x21, 0x93, 0x85, 0x21, 0x3b, 0x85, 0x21, 0xff, 0x85, 0x21, 0x85,
    0x85, 0x21, 0x99, 0x85, 0x21, 0x40, 0x85, 0x21, 0x97, 0x85, 0x21, 0xff, 0x85, 0x21, 0x33, 0x85, 0x21, 0x9b, 0x85, 0x21, 0xff, 0x85, 0x21, 0x37,
    0x85, 0x21, 0x6d, 0x85, 0x21, 0x6b, 0x85, 0x21, 0x06, 0x85, 0x21, 0x0f, 0x85, 0x21, 0xd2, 0x85, 0x21, 0xdd, 0x85, 0x21, 0xcf, 0x85, 0x21, 0xcf,
    0x85, 0x21, 0xcf, 0x85, 0x21, 0x78, 0x85, 0x21, 0x79, 0x85, 0x21, 0xff, 0x85, 0x21, 0xed, 0x85, 0x21, 0x61, 0x85, 0x21, 0x71, 0x00, 0x00, 0x00,
    0x85, 0x21, 0xb3, 0x85, 0x21, 0xff, 0x85, 0x21, 0xe3, 0x85, 0x21, 0x2a, 0x85, 0x21, 0x0d, 0x85, 0x21, 0xdd, 0x85, 0x21, 0xff, 0x85, 0x21, 0xa0,
    0x85, 0x21, 0x19, 0x85, 0x21, 0xf1, 0x85, 0x21, 0xfb, 0x85, 0x21, 0x26, 0x00, 0x00, 0x00, 0x85, 0x21, 0x70, 0x85, 0x21, 0xff, 0x85, 0x21, 0x6b,
    0x85, 0x21, 0x0b, 0x85, 0x21, 0xd2, 0x85, 0x21, 0xff, 0x85, 0x21, 0x5c, 0x00, 0x00, 0x00, 0x00, 0x00, 0x00, 0x00, 0x00, 0x00, 0x00, 0x00, 0x00,
    0x85, 0x21, 0x13, 0x85, 0x21, 0xd8, 0x85, 0x21, 0xff, 0x85, 0x21, 0x51, 0x00, 0x00, 0x00, 0x00, 0x00, 0x00, 0x00, 0x00, 0x00, 0x85, 0x21, 0x27,
    0x85, 0x21, 0xf7, 0x85, 0x21, 0xef, 0x85, 0x21, 0x2f, 0x00, 0x00, 0x00, 0x00, 0x00, 0x00, 0x00, 0x00, 0x00, 0x00, 0x00, 0x00, 0x00, 0x00, 0x00,
    0x00, 0x00, 0x00, 0x00, 0x00, 0x00, 0x00, 0x00, 0x00, 0x85, 0x21, 0xeb, 0x85, 0x21, 0x93, 0x85, 0x21, 0x3b, 0x85, 0x21, 0xff, 0x85, 0x21, 0x86,
    0x85, 0x21, 0xff, 0x85, 0x21, 0x91, 0x85, 0x21, 0x97, 0x85, 0x21, 0xff, 0x85, 0x21, 0x33, 0x85, 0x21, 0x9b, 0x85, 0x21, 0xff, 0x85, 0x21, 0x3b,
    0x85, 0x21, 0xf1, 0x85, 0x21, 0xe3, 0x00, 0x00, 0x00, 0x00, 0x00, 0x00, 0x85, 0x21, 0x31, 0x85, 0x21, 0xff, 0x85, 0x21, 0xff, 0x85, 0x21, 0xff,
    0x85, 0x21, 0xff, 0x85, 0x21, 0xce, 0x85, 0x21, 0xff, 0x85, 0x21, 0xe9, 0x85, 0x21, 0x31, 0x85, 0x21, 0xbd, 0x85, 0x21, 0xff, 0x85, 0x21, 0x71,
    0x85, 0x21, 0x0c, 0x85, 0x21, 0xca, 0x85, 0x21, 0xfc, 0x85, 0x21, 0x4f, 0x00, 0x00, 0x00, 0x85, 0x21, 0x51, 0x85, 0x21, 0x93, 0x85, 0x21, 0x2c,
    0x85, 0x21, 0xdd, 0x85, 0x21, 0xff, 0x85, 0x21, 0x80, 0x85, 0x21, 0x39, 0x85, 0x21, 0xe8, 0x85, 0x21, 0xf7, 0x85, 0x21, 0xff, 0x85, 0x21, 0x54,
    0x00, 0x00, 0x00, 0x85, 0x21, 0x2f, 0x85, 0x21, 0xfa, 0x85, 0x21, 0xaa, 0x00, 0x00, 0x00, 0x00, 0x00, 0x00, 0x00, 0x00, 0x00, 0x85, 0x21, 0x0a,
    0x85, 0x21, 0xc8, 0x85, 0x21, 0xff, 0x85, 0x21, 0xa3, 0x00, 0x00, 0x00, 0x85, 0x21, 0x75, 0x85, 0x21, 0xeb, 0x85, 0x21, 0x84, 0x00, 0x00, 0x00,
    0x85, 0x21, 0x72, 0x85, 0x21, 0xff, 0x85, 0x21, 0xe9, 0x85, 0x21, 0x26, 0x00, 0x00, 0x00, 0x00, 0x00, 0x00, 0x00, 0x00, 0x00, 0x00, 0x00, 0x00,
    0x00, 0x00, 0x00, 0x00, 0x00, 0x00, 0x00, 0x00, 0x00, 0x85, 0x21, 0xeb, 0x85, 0x21, 0x93, 0x85, 0x21, 0x3b, 0x85, 0x21, 0xff, 0x85, 0x21, 0x60,
    0x85, 0x21, 0xe7, 0x85, 0x21, 0xd5, 0x85, 0x21, 0x97, 0x85, 0x21, 0xff, 0x85, 0x21, 0x33, 0x85, 0x21, 0x9b, 0x85, 0x21, 0xff, 0x85, 0x21, 0x6a,
    0x85, 0x21, 0xff, 0x85, 0x21, 0x9b, 0x00, 0x00, 0x00, 0x00, 0x00, 0x00, 0x00, 0x00, 0x00, 0x00, 0x00, 0x00, 0x85, 0x21, 0xcb, 0x85, 0x21, 0xff,
    0x85, 0x21, 0x27, 0x00, 0x00, 0x00, 0x85, 0x21, 0x6a, 0x85, 0x21, 0x29, 0x00, 0x00, 0x00, 0x85, 0x21, 0x10, 0x85, 0x21, 0xd3, 0x85, 0x21, 0x83,
    0x00, 0x00, 0x00, 0x85, 0x21, 0x14, 0x85, 0x21, 0x55, 0x00, 0x00, 0x00, 0x00, 0x00, 0x00, 0x85, 0x21, 0x1c, 0x85, 0x21, 0xaa, 0x85, 0x21, 0xfc,
    0x85, 0x21, 0xff, 0x85, 0x21, 0xf7, 0x85, 0x21, 0x75, 0x85, 0x21, 0x70, 0x85, 0x21, 0xf5, 0x85, 0x21, 0xff, 0x85, 0x21, 0xf0, 0x85, 0x21, 0x76,
    0x85, 0x21, 0x6f, 0x85, 0x21, 0x6f, 0x85, 0x21, 0x28, 0x00, 0x00, 0x00, 0x00, 0x00, 0x00, 0x00, 0x00, 0x00, 0x85, 0x21, 0x33, 0x85, 0x21, 0xcf,
    0x85, 0x21, 0xff, 0x85, 0x21, 0xe5, 0x85, 0x21, 0x11, 0x00, 0x00, 0x00, 0x85, 0x21, 0x7f, 0x85, 0x21, 0xff, 0x85, 0x21, 0x8f, 0x00, 0x00, 0x00,
    0x85, 0x21, 0x02, 0x85, 0x21, 0xc4, 0x85, 0x21, 0xff, 0x85, 0x21, 0xf2, 0x85, 0x21, 0x6e, 0x85, 0x21, 0x03, 0x00, 0x00, 0x00, 0x00, 0x00, 0x00,
    0x00, 0x00, 0x00, 0x00, 0x00, 0x00, 0x00, 0x00, 0x00, 0x85, 0x21, 0xeb, 0x85, 0x21, 0x93, 0x85, 0x21, 0x3b, 0x85, 0x21, 0xff, 0x85, 0x21, 0x5f,
    0x85, 0x21, 0xa8, 0x85, 0x21, 0xff, 0x85, 0x21, 0xb2, 0x85, 0x21, 0xff, 0x85, 0x21, 0x33, 0x85, 0x21, 0x9b, 0x85, 0x21, 0xff, 0x85, 0x21, 0xa8,
    0x85, 0x21, 0xff, 0x85, 0x21, 0x54, 0x00, 0x00, 0x00, 0x00, 0x00, 0x00, 0x00, 0x00, 0x00, 0x00, 0x00, 0x00, 0x85, 0x21, 0xcb, 0x85, 0x21, 0xff,
    0x85, 0x21, 0x27, 0x00, 0x00, 0x00, 0x85, 0x21, 0x0d, 0x85, 0x21, 0xdf, 0x85, 0x21, 0xdf, 0x85, 0x21, 0xdf, 0x85, 0x21, 0xe1, 0x85, 0x21, 0xdf,
    0x85, 0x21, 0xe0, 0x85, 0x21, 0xcd, 0x85, 0x21, 0x35, 0x00, 0x00, 0x00, 0x00, 0x00, 0x00, 0x85, 0x21, 0x06, 0x85, 0x21, 0xd2, 0x85, 0x21, 0xe4,
    0x85, 0x21, 0xfe, 0x85, 0x21, 0xff, 0x85, 0x21, 0xff, 0x85, 0x21, 0xff, 0x85, 0x21, 0xff, 0x85, 0x21, 0xff, 0x85, 0x21, 0xff, 0x85, 0x21, 0xff,
    0x85, 0x21, 0xff, 0x85, 0x21, 0xff, 0x85, 0x21, 0x13, 0x00, 0x00, 0x00, 0x00, 0x00, 0x00, 0x85, 0x21, 0x69, 0x85, 0x21, 0xfc, 0x85, 0x21, 0xff,
    0x85, 0x21, 0xd8, 0x85, 0x21, 0xd9, 0x85, 0x21, 0xdb, 0x85, 0x21, 0xdb, 0x85, 0x21, 0xed, 0x85, 0x21, 0xff, 0x85, 0x21, 0xf0, 0x85, 0x21, 0xdb,
    0x85, 0x21, 0xdb, 0x85, 0x21, 0xd0, 0x85, 0x21, 0xca, 0x85, 0x21, 0xff, 0x85, 0x21, 0xff, 0x85, 0x21, 0x6b, 0x00, 0x00, 0x00, 0x00, 0x00, 0x00,
    0x00, 0x00, 0x00, 0x00, 0x00, 0x00, 0x00, 0x00, 0x00, 0x85, 0x21, 0xeb, 0x85, 0x21, 0x93, 0x85, 0x21, 0x3b, 0x85, 0x21, 0xff, 0x85, 0x21, 0x5f,
    0x85, 0x21, 0x71, 0x85, 0x21, 0xff, 0x85, 0x21, 0xf1, 0x85, 0x21, 0xff, 0x85, 0x21, 0x33, 0x85, 0x21, 0x9b, 0x85, 0x21, 0xff, 0x85, 0x21, 0xe6,
    0x85, 0x21, 0xf9, 0x85, 0x21, 0x0d, 0x00, 0x00, 0x00, 0x85, 0x21, 0x0f, 0x85, 0x21, 0xff, 0x85, 0x21, 0xff, 0x85, 0x21, 0xff, 0x85, 0x21, 0xff,
    0x85, 0x21, 0xff, 0x85, 0x21, 0xff, 0x85, 0x21, 0x37, 0x85, 0x21, 0xff, 0x85, 0x21, 0xff, 0x85, 0x21, 0xff, 0x85, 0x21, 0xff, 0x85, 0x21, 0xff,
    0x85, 0x21, 0xff, 0x85, 0x21, 0xff, 0x85, 0x21, 0x62, 0x00, 0x00, 0x00, 0x00, 0x00, 0x00, 0x00, 0x00, 0x00, 0x85, 0x21, 0x16, 0x85, 0x21, 0x04,
    0x00, 0x00, 0x00, 0x00, 0x00, 0x00, 0x00, 0x00, 0x00, 0x00, 0x00, 0x00, 0x00, 0x00, 0x00, 0x00, 0x00, 0x00, 0x00, 0x00, 0x00, 0x00, 0x00, 0x00,
    0x85, 0x21, 0xdb, 0x85, 0x21, 0xff, 0x85, 0x21, 0x13, 0x00, 0x00, 0x00, 0x00, 0x00, 0x00, 0x85, 0x21, 0x26, 0x85, 0x21, 0xf5, 0x85, 0x21, 0xbc,
    0x85, 0x21, 0x10, 0x85, 0x21, 0xd7, 0x85, 0x21, 0xff, 0x85, 0x21, 0xff, 0x85, 0x21, 0xff, 0x85, 0x21, 0xff, 0x85, 0x21, 0xff, 0x85, 0x21, 0xff,
    0x85, 0x21, 0xff, 0x85, 0x21, 0xdb, 0x85, 0x21, 0x0f, 0x85, 0x21, 0xb5, 0x85, 0x21, 0xc8, 0x85, 0x21, 0x02, 0x00, 0x00, 0x00, 0x00, 0x00, 0x00,
    0x00, 0x00, 0x00, 0x00, 0x00, 0x00, 0x00, 0x00, 0x00, 0x85, 0x21, 0xeb, 0x85, 0x21, 0xf2, 0x85, 0x21, 0xe7, 0x85, 0x21, 0xff, 0x85, 0x21, 0x5f,
    0x85, 0x21, 0x40, 0x85, 0x21, 0xff, 0x85, 0x21, 0xff, 0x85, 0x21, 0xff, 0x85, 0x21, 0x33, 0x85, 0x21, 0x9b, 0x85, 0x21, 0xff, 0x85, 0x21, 0xff,
    0x85, 0x21, 0xb3, 0x00, 0x00, 0x00, 0x00, 0x00, 0x00, 0x85, 0x21, 0x0d, 0x85, 0x21, 0xd7, 0x85, 0x21, 0xd7, 0x85, 0x21, 0xf7, 0x85, 0x21, 0xff,
    0x85, 0x21, 0xde, 0x85, 0x21, 0xd7, 0x85, 0x21, 0x21, 0x00, 0x00, 0x00, 0x00, 0x00, 0x00, 0x00, 0x00, 0x00, 0x00, 0x00, 0x00, 0x85, 0x21, 0x74,
    0x85, 0x21, 0xff, 0x85, 0x21, 0xd4, 0x85, 0x21, 0x03, 0x00, 0x00, 0x00, 0x00, 0x00, 0x00, 0x00, 0x00, 0x00, 0x85, 0x21, 0x24, 0x85, 0x21, 0xff,
    0x85, 0x21, 0xff, 0x85, 0x21, 0xff, 0x85, 0x21, 0xff, 0x85, 0x21, 0xff, 0x85, 0x21, 0xff, 0x85, 0x21, 0xff, 0x85, 0x21, 0xff, 0x85, 0x21, 0xff,
    0x85, 0x21, 0xff, 0x85, 0x21, 0xff, 0x85, 0x21, 0x13, 0x00, 0x00, 0x00, 0x00, 0x00, 0x00, 0x00, 0x00, 0x00, 0x85, 0x21, 0x3b, 0x85, 0x21, 0x04,
    0x00, 0x00, 0x00, 0x00, 0x00, 0x00, 0x00, 0x00, 0x00, 0x00, 0x00, 0x00, 0x85, 0x21, 0x7f, 0x85, 0x21, 0xff, 0x85, 0x21, 0x8f, 0x00, 0x00, 0x00,
    0x00, 0x00, 0x00, 0x00, 0x00, 0x00, 0x00, 0x00, 0x00, 0x00, 0x00, 0x00, 0x85, 0x21, 0x15, 0x00, 0x00, 0x00, 0x00, 0x00, 0x00, 0x00, 0x00, 0x00,
    0x00, 0x00, 0x00, 0x00, 0x00, 0x00, 0x00, 0x00, 0x00, 0x85, 0x21, 0xeb, 0x85, 0x21, 0xff, 0x85, 0x21, 0xff, 0x85, 0x21, 0xff, 0x85, 0x21, 0x5f,
    0x85, 0x21, 0x14, 0x85, 0x21, 0x8d, 0x85, 0x21, 0xbf, 0x85, 0x21, 0xff, 0x85, 0x21, 0x33, 0x85, 0x21, 0x9b, 0x85, 0x21, 0xff, 0x85, 0x21, 0xb0,
    0x85, 0x21, 0x49, 0x00, 0x00, 0x00, 0x00, 0x00, 0x00, 0x00, 0x00, 0x00, 0x00, 0x00, 0x00, 0x00, 0x00, 0x00, 0x85, 0x21, 0xcb, 0x85, 0x21, 0xff,
    0x85, 0x21, 0x27, 0x00, 0x00, 0x00, 0x00, 0x00, 0x00, 0x00, 0x00, 0x00, 0x85, 0x21, 0x34, 0x85, 0x21, 0x0d, 0x85, 0x21, 0x1f, 0x85, 0x21, 0xf4,
    0x85, 0x21, 0xff, 0x85, 0x21, 0x49, 0x00, 0x00, 0x00, 0x00, 0x00, 0x00, 0x00, 0x00, 0x00, 0x00, 0x00, 0x00, 0x85, 0x21, 0x65, 0x85, 0x21, 0xff,
    0x85, 0x21, 0xce, 0x85, 0x21, 0x77, 0x85, 0x21, 0x77, 0x85, 0x21, 0x77, 0x85, 0x21, 0x77, 0x85, 0x21, 0x77, 0x85, 0x21, 0x77, 0x85, 0x21, 0x77,
    0x85, 0x21, 0x77, 0x85, 0x21, 0x77, 0x85, 0x21, 0x09, 0x00, 0x00, 0x00, 0x00, 0x00, 0x00, 0x00, 0x00, 0x00, 0x00, 0x00, 0x00, 0x00, 0x00, 0x00,
    0x00, 0x00, 0x00, 0x00, 0x00, 0x00, 0x00, 0x00, 0x00, 0x00, 0x00, 0x00, 0x85, 0x21, 0x7f, 0x85, 0x21, 0xff, 0x85, 0x21, 0x8f, 0x00, 0x00, 0x00,
    0x00, 0x00, 0x00, 0x00, 0x00, 0x00, 0x00, 0x00, 0x00, 0x00, 0x00, 0x00, 0x00, 0x00, 0x00, 0x00, 0x00, 0x00, 0x00, 0x00, 0x00, 0x00, 0x00, 0x00,
    0x00, 0x00, 0x00, 0x00, 0x00, 0x00, 0x00, 0x00, 0x00, 0x85, 0x21, 0xeb, 0x85, 0x21, 0x93, 0x00, 0x00, 0x00, 0x00, 0x00, 0x00, 0x00, 0x00, 0x00,
    0x00, 0x00, 0x00, 0x00, 0x00, 0x00, 0x85, 0x21, 0x97, 0x85, 0x21, 0xff, 0x85, 0x21, 0x33, 0x85, 0x21, 0x9b, 0x85, 0x21, 0xff, 0x85, 0x21, 0x37,
    0x00, 0x00, 0x00, 0x00, 0x00, 0x00, 0x00, 0x00, 0x00, 0x00, 0x00, 0x00, 0x00, 0x00, 0x00, 0x00, 0x00, 0x00, 0x85, 0x21, 0xcb, 0x85, 0x21, 0xff,
    0x85, 0x21, 0x27, 0x85, 0x21, 0x15, 0x85, 0x21, 0x19, 0x85, 0x21, 0x43, 0x85, 0x21, 0xf7, 0x85, 0x21, 0xd4, 0x85, 0x21, 0xbf, 0x85, 0x21, 0xff,
    0x85, 0x21, 0xa8, 0x00, 0x00, 0x00, 0x00, 0x00, 0x00, 0x00, 0x00, 0x00, 0x00, 0x00, 0x00, 0x00, 0x00, 0x00, 0x85, 0x21, 0xa8, 0x85, 0x21, 0xff,
    0x85, 0x21, 0xbe, 0x85, 0x21, 0x73, 0x85, 0x21, 0x73, 0x85, 0x21, 0x73, 0x85, 0x21, 0x73, 0x85, 0x21, 0x73, 0x85, 0x21, 0x73, 0x85, 0x21, 0x73,
    0x85, 0x21, 0x73, 0x85, 0x21, 0x73, 0x85, 0x21, 0x73, 0x85, 0x21, 0x22, 0x00, 0x00, 0x00, 0x00, 0x00, 0x00, 0x85, 0x21, 0x83, 0x85, 0x21, 0xff,
    0x85, 0x21, 0xff, 0x85, 0x21, 0xff, 0x85, 0x21, 0xff, 0x85, 0x21, 0xff, 0x85, 0x21, 0xff, 0x85, 0x21, 0xff, 0x85, 0x21, 0xff, 0x85, 0x21, 0xff,
    0x85, 0x21, 0xff, 0x85, 0x21, 0xff, 0x85, 0x21, 0xff, 0x85, 0x21, 0xff, 0x85, 0x21, 0xb3, 0x00, 0x00, 0x00, 0x00, 0x00, 0x00, 0x00, 0x00, 0x00,
    0x00, 0x00, 0x00, 0x00, 0x00, 0x00, 0x00, 0x00, 0x00, 0x85, 0x21, 0x8f, 0x85, 0x21, 0x5a, 0x00, 0x00, 0x00, 0x00, 0x00, 0x00, 0x00, 0x00, 0x00,
    0x00, 0x00, 0x00, 0x00, 0x00, 0x00, 0x85, 0x21, 0x97, 0x85, 0x21, 0xff, 0x85, 0x21, 0x33, 0x85, 0x21, 0x9b, 0x85, 0x21, 0xff, 0x85, 0x21, 0x37,
    0x00, 0x00, 0x00, 0x00, 0x00, 0x00, 0x00, 0x00, 0x00, 0x00, 0x00, 0x00, 0x00, 0x00, 0x00, 0x00, 0x00, 0x00, 0x85, 0x21, 0xd8, 0x85, 0x21, 0xff,
    0x85, 0x21, 0xa8, 0x85, 0x21, 0xf5, 0x85, 0x21, 0x66, 0x85, 0x21, 0x0d, 0x85, 0x21, 0xb8, 0x85, 0x21, 0xff, 0x85, 0x21, 0xff, 0x85, 0x21, 0xef,
    0x85, 0x21, 0x17, 0x00, 0x00, 0x00, 0x00, 0x00, 0x00, 0x00, 0x00, 0x00, 0x00, 0x00, 0x00, 0x85, 0x21, 0x05, 0x85, 0x21, 0xf0, 0x85, 0x21, 0xff,
    0x85, 0x21, 0xff, 0x85, 0x21, 0xff, 0x85, 0x21, 0xff, 0x85, 0x21, 0xff, 0x85, 0x21, 0xff, 0x85, 0x21, 0xff, 0x85, 0x21, 0xff, 0x85, 0x21, 0xff,
    0x85, 0x21, 0xff, 0x85, 0x21, 0xff, 0x85, 0x21, 0xff, 0x85, 0x21, 0x28, 0x00, 0x00, 0x00, 0x00, 0x00, 0x00, 0x85, 0x21, 0x77, 0x85, 0x21, 0xe7,
    0x85, 0x21, 0xe7, 0x85, 0x21, 0xe7, 0x85, 0x21, 0xe7, 0x85, 0x21, 0xe7, 0x85, 0x21, 0xf3, 0x85, 0x21, 0xff, 0x85, 0x21, 0xf5, 0x85, 0x21, 0xe7,
    0x85, 0x21, 0xe7, 0x85, 0x21, 0xe7, 0x85, 0x21, 0xe7, 0x85, 0x21, 0xe7, 0x85, 0x21, 0xa3, 0x00, 0x00, 0x00, 0x00, 0x00, 0x00, 0x00, 0x00, 0x00,
    0x00, 0x00, 0x00, 0x00, 0x00, 0x00, 0x00, 0x00, 0x00, 0x00, 0x00, 0x00, 0x00, 0x00, 0x00, 0x00, 0x00, 0x00, 0x00, 0x00, 0x00, 0x85, 0x21, 0xcb,
    0x85, 0x21, 0xcb, 0x85, 0x21, 0xcb, 0x85, 0x21, 0xea, 0x85, 0x21, 0xff, 0x85, 0x21, 0xd6, 0x85, 0x21, 0xeb, 0x85, 0x21, 0xff, 0x85, 0x21, 0xd7,
    0x85, 0x21, 0xcb, 0x85, 0x21, 0xcb, 0x85, 0x21, 0x62, 0x00, 0x00, 0x00, 0x00, 0x00, 0x00, 0x85, 0x21, 0x26, 0x85, 0x21, 0xff, 0x85, 0x21, 0xff,
    0x85, 0x21, 0xff, 0x85, 0x21, 0xf0, 0x85, 0x21, 0x52, 0x00, 0x00, 0x00, 0x85, 0x21, 0x04, 0x85, 0x21, 0x9c, 0x85, 0x21, 0xff, 0x85, 0x21, 0xfa,
    0x85, 0x21, 0x5e, 0x00, 0x00, 0x00, 0x00, 0x00, 0x00, 0x00, 0x00, 0x00, 0x00, 0x00, 0x00, 0x85, 0x21, 0x1d, 0x85, 0x21, 0xac, 0x85, 0x21, 0xbb,
    0x00, 0x00, 0x00, 0x00, 0x00, 0x00, 0x00, 0x00, 0x00, 0x00, 0x00, 0x00, 0x00, 0x00, 0x00, 0x00, 0x00, 0x00, 0x00, 0x00, 0x00, 0x00, 0x00, 0x00,
    0x85, 0x21, 0x37, 0x85, 0x21, 0xff, 0x85, 0x21, 0xee, 0x85, 0x21, 0x01, 0x00, 0x00, 0x00, 0x00, 0x00, 0x00, 0x00, 0x00, 0x00, 0x00, 0x00, 0x00,
    0x00, 0x00, 0x00, 0x00, 0x00, 0x00, 0x00, 0x00, 0x00, 0x00, 0x00, 0x00, 0x85, 0x21, 0x7f, 0x85, 0x21, 0xff, 0x85, 0x21, 0x8f, 0x00, 0x00, 0x00,
    0x00, 0x00, 0x00, 0x00, 0x00, 0x00, 0x00, 0x00, 0x00, 0x00, 0x00, 0x00, 0x00, 0x00, 0x00, 0x00, 0x00, 0x00, 0x00, 0x00, 0x00, 0x00, 0x00, 0x00,
    0x00, 0x00, 0x00, 0x00, 0x00, 0x00, 0x00, 0x00, 0x00, 0x00, 0x00, 0x00, 0x00, 0x00, 0x00, 0x00, 0x00, 0x00, 0x00, 0x00, 0x00, 0x85, 0x21, 0xff,
    0x85, 0x21, 0xff, 0x85, 0x21, 0xff, 0x85, 0x21, 0xff, 0x85, 0x21, 0xff, 0x85, 0x21, 0xff, 0x85, 0x21, 0xff, 0x85, 0x21, 0xff, 0x85, 0x21, 0xff,
    0x85, 0x21, 0xff, 0x85, 0x21, 0xff, 0x85, 0x21, 0x7b, 0x00, 0x00, 0x00, 0x00, 0x00, 0x00, 0x85, 0x21, 0xa2, 0x85, 0x21, 0xff, 0x85, 0x21, 0xf7,
    0x85, 0x21, 0x89, 0x85, 0x21, 0x12, 0x00, 0x00, 0x00, 0x00, 0x00, 0x00, 0x00, 0x00, 0x00, 0x00, 0x00, 0x00, 0x85, 0x21, 0x86, 0x85, 0x21, 0xff,
    0x85, 0x21, 0xfd, 0x85, 0x21, 0x2b, 0x00, 0x00, 0x00, 0x00, 0x00, 0x00, 0x00, 0x00, 0x00, 0x00, 0x00, 0x00, 0x00, 0x00, 0x00, 0x00, 0x00, 0x00,
    0x00, 0x00, 0x00, 0x00, 0x00, 0x00, 0x00, 0x00, 0x00, 0x00, 0x00, 0x00, 0x85, 0x21, 0x03, 0x85, 0x21, 0xb1, 0x85, 0x21, 0xb5, 0x85, 0x21, 0xb3,
    0x85, 0x21, 0xe7, 0x85, 0x21, 0xff, 0x85, 0x21, 0x96, 0x00, 0x00, 0x00, 0x00, 0x00, 0x00, 0x00, 0x00, 0x00, 0x00, 0x00, 0x00, 0x00, 0x00, 0x00,
    0x00, 0x00, 0x00, 0x00, 0x00, 0x00, 0x00, 0x00, 0x00, 0x00, 0x00, 0x00, 0x85, 0x21, 0x7f, 0x85, 0x21, 0xff, 0x85, 0x21, 0x8f, 0x00, 0x00, 0x00,
    0x00, 0x00, 0x00, 0x00, 0x00, 0x00, 0x00, 0x00, 0x00, 0x00, 0x00, 0x00, 0x00, 0x00, 0x00, 0x00, 0x00, 0x00, 0x00, 0x00, 0x00, 0x00, 0x00, 0x00,
    0x00, 0x00, 0x00, 0x00, 0x00, 0x00, 0x00, 0x00, 0x00, 0x00, 0x00, 0x00, 0x00, 0x00, 0x00, 0x00, 0x00, 0x00, 0x00, 0x00, 0x00, 0x00, 0x00, 0x00,
    0x00, 0x00, 0x00, 0x00, 0x00, 0x00, 0x00, 0x00, 0x00, 0x00, 0x00, 0x00, 0x00, 0x00, 0x00, 0x00, 0x00, 0x00, 0x00, 0x00, 0x00, 0x00, 0x00, 0x00,
    0x00, 0x00, 0x00, 0x00, 0x00, 0x00, 0x00, 0x00, 0x00, 0x00, 0x00, 0x00, 0x00, 0x00, 0x00, 0x85, 0x21, 0x1e, 0x85, 0x21, 0xa8, 0x85, 0x21, 0x1d,
    0x00, 0x00, 0x00, 0x00, 0x00, 0x00, 0x00, 0x00, 0x00, 0x00, 0x00, 0x00, 0x00, 0x00, 0x00, 0x00, 0x00, 0x00, 0x00, 0x00, 0x00, 0x85, 0x21, 0x7d,
    0x85, 0x21, 0x61, 0x00, 0x00, 0x00, 0x00, 0x00, 0x00, 0x00, 0x00, 0x00, 0x00, 0x00, 0x00, 0x00, 0x00, 0x00, 0x00, 0x00, 0x00, 0x00, 0x00, 0x00,
    0x00, 0x00, 0x00, 0x00, 0x00, 0x00, 0x00, 0x00, 0x00, 0x00, 0x00, 0x00, 0x00, 0x00, 0x00, 0x85, 0x21, 0x9a, 0x85, 0x21, 0xff, 0x85, 0x21, 0xff,
    0x85, 0x21, 0xf8, 0x85, 0x21, 0xbc, 0x85, 0x21, 0x13, 0x00, 0x00, 0x00, 0x00, 0x00, 0x00, 0x00, 0x00, 0x00, 0x00, 0x00, 0x00, 0x00, 0x00, 0x00,
    0x00, 0x00, 0x00, 0x00, 0x00, 0x00, 0x00, 0x00, 0x00, 0x00, 0x00, 0x00, 0x85, 0x21, 0x79, 0x85, 0x21, 0xf3, 0x85, 0x21, 0x89, 0x00, 0x00, 0x00,
    0x00, 0x00, 0x00, 0x00, 0x00, 0x00, 0x00, 0x00, 0x00, 0x00, 0x00, 0x00, 0x00, 0x00, 0x00, 0x00, 0x00, 0x00, 0x00, 0x00, 0x00, 0x00, 0x00, 0x00,
    0x00, 0x00, 0x00, 0x00, 0x00, 0x00, 0x00, 0x00, 0x00, 0x00, 0x00, 0x00, 0x00, 0x00, 0x00, 0x00, 0x00, 0x00, 0x00, 0x00, 0x00, 0x00, 0x00, 0x00,
    0x00, 0x00, 0x00, 0x00, 0x00, 0x00, 0x00, 0x00, 0x00, 0x00, 0x00, 0x00, 0x00, 0x00, 0x00, 0x00, 0x00, 0x00, 0x00, 0x00, 0x00, 0x00, 0x00, 0x00,
    0x00, 0x00, 0x00, 0x00, 0x00, 0x00, 0x00, 0x00, 0x00, 0x00, 0x00, 0x00, 0x00, 0x00, 0x00, 0x00, 0x00, 0x00, 0x00, 0x00, 0x00, 0x00, 0x00, 0x00,
    0x00, 0x00, 0x00, 0x00, 0x00, 0x00, 0x00, 0x00, 0x00, 0x00, 0x00, 0x00, 0x00, 0x00, 0x00, 0x00, 0x00, 0x00, 0x00, 0x00, 0x00, 0x00, 0x00, 0x00,
    0x00, 0x00, 0x00, 0x00, 0x00, 0x00, 0x00, 0x00, 0x00, 0x00, 0x00, 0x00, 0x00, 0x00, 0x00, 0x00, 0x00, 0x00, 0x00, 0x00, 0x00, 0x00, 0x00, 0x00,
    0x00, 0x00, 0x00, 0x00, 0x00, 0x00, 0x00, 0x00, 0x00, 0x00, 0x00, 0x00, 0x00, 0x00, 0x00, 0x00, 0x00, 0x00, 0x85, 0x21, 0x03, 0x85, 0x21, 0x04,
    0x00, 0x00, 0x00, 0x00, 0x00, 0x00, 0x00, 0x00, 0x00, 0x00, 0x00, 0x00, 0x00, 0x00, 0x00, 0x00, 0x00, 0x00, 0x00, 0x00, 0x00, 0x00, 0x00, 0x00,
    0x00, 0x00, 0x00, 0x00, 0x00, 0x00, 0x00, 0x00, 0x00, 0x00, 0x00, 0x00, 0x00, 0x00, 0x00, 0x00, 0x00, 0x00, 0x00, 0x00, 0x00, 0x00, 0x00, 0x00,
    0x00, 0x00, 0x00, 0x00, 0x00, 0x00, 0x00, 0x00, 0x00, 0x00, 0x00, 0x00, 0x00, 0x00, 0x00, 0x00, 0x00, 0x00, 0x00, 0x00, 0x00, 0x00, 0x00, 0x00,
    0x00, 0x00, 0x00, 0x00, 0x00, 0x00, 0x00, 0x00, 0x00, 0x00, 0x00, 0x00, 0x00, 0x00, 0x00, 0x00, 0x00, 0x00, 0x00, 0x00, 0x00, 0x00, 0x00, 0x00,
    0x00, 0x00, 0x00, 0x00, 0x00, 0x00, 0x00, 0x00, 0x00, 0x00, 0x00, 0x00, 0x00, 0x00, 0x00, 0x00, 0x00, 0x00, 0x00, 0x00, 0x00, 0x00, 0x00, 0x00,
    0x00, 0x00, 0x00, 0x00, 0x00, 0x00, 0x00, 0x00, 0x00, 0x00, 0x00, 0x00, 0x00, 0x00, 0x00, 0x00, 0x00, 0x00, 0x00, 0x00, 0x00, 0x00, 0x00, 0x00,
    0x00, 0x00, 0x00, 0x00, 0x00, 0x00, 0x00, 0x00, 0x00, 0x00, 0x00, 0x00, 0x00, 0x00, 0x00, 0x00, 0x00, 0x00, 0x00, 0x00, 0x00, 0x00, 0x00, 0x00,
    0x00, 0x00, 0x00, 0x00, 0x00, 0x00, 0x00, 0x00, 0x00, 0x00, 0x00, 0x00, 0x00, 0x00, 0x00, 0x00, 0x00, 0x00, 0x00, 0x00, 0x00, 0x00, 0x00, 0x00,
    0x00, 0x00, 0x00, 0x00, 0x00, 0x00, 0x00, 0x00, 0x00, 0x00, 0x00, 0x00, 0x00, 0x00, 0x00, 0x00, 0x00, 0x00, 0x00, 0x00, 0x00, 0x00, 0x00, 0x00,
    0x00, 0x00, 0x00, 0x00, 0x00, 0x00, 0x00, 0x00, 0x00, 0x00, 0x00, 0x00, 0x00, 0x00, 0x00, 0x00, 0x00, 0x00, 0x00, 0x00, 0x00, 0x00, 0x00, 0x00,
    0x00, 0x00, 0x00, 0x00, 0x00, 0x00, 0x00, 0x00, 0x00, 0x00, 0x00, 0x00, 0x00, 0x00, 0x00, 0x00, 0x00, 0x00, 0x00, 0x00, 0x00, 0x00, 0x00, 0x00,
    0x00, 0x00, 0x00, 0x00, 0x00, 0x00, 0x00, 0x00, 0x00, 0x00, 0x00, 0x00, 0x00, 0x00, 0x00, 0x00, 0x00, 0x00, 0x00, 0x00, 0x00, 0x00, 0x00, 0x00,
    0x00, 0x00, 0x00, 0x00, 0x00, 0x00, 0x00, 0x00, 0x00, 0x00, 0x00, 0x00, 0x00, 0x00, 0x00, 0x00, 0x00, 0x00, 0x00, 0x00, 0x00, 0x00, 0x00, 0x00,
    0x00, 0x00, 0x00, 0x00, 0x00, 0x00, 0x00, 0x00, 0x00, 0x00, 0x00, 0x00, 0x00, 0x00, 0x00, 0x00, 0x00, 0x00, 0x00, 0x00, 0x00, 0x00, 0x00, 0x00,
    0x00, 0x00, 0x00, 0x00, 0x00, 0x00, 0x00, 0x00, 0x00, 0x00, 0x00, 0x00, 0x00, 0x00, 0x00, 0x00, 0x00, 0x00, 0x00, 0x00, 0x00, 0x00, 0x00, 0x00,
    0x00, 0x00, 0x00, 0x00, 0x00, 0x00, 0x00, 0x00, 0x00, 0x00, 0x00, 0x00, 0x00, 0x00, 0x00, 0x00, 0x00, 0x00, 0x00, 0x00, 0x00, 0x00, 0x00, 0x00,
    0x00, 0x00, 0x00, 0x00, 0x00, 0x00, 0x00, 0x00, 0x00, 0x00, 0x00, 0x00, 0x00, 0x00, 0x00, 0x00, 0x00, 0x00, 0x00, 0x00, 0x00, 0x00, 0x00, 0x00,
    0x00, 0x00, 0x00, 0x00, 0x00, 0x00, 0x00, 0x00, 0x00, 0x00, 0x00, 0x00, 0x00, 0x00, 0x00, 0x00, 0x00, 0x00, 0x00, 0x00, 0x00, 0x00, 0x00, 0x00,
    0x00, 0x00, 0x00, 0x00, 0x00, 0x00, 0x00, 0x00, 0x00, 0x00, 0x00, 0x00, 0x00, 0x00, 0x00, 0x00, 0x00, 0x00, 0x00, 0x00, 0x00, 0x00, 0x00, 0x00,
    0x00, 0x00, 0x00, 0x00, 0x00, 0x00, 0x00, 0x00, 0x00, 0x00, 0x00, 0x00, 0x00, 0x00, 0x00, 0x00, 0x00, 0x00, 0x00, 0x00, 0x00, 0x00, 0x00, 0x00,
    0x00, 0x00, 0x00, 0x00, 0x00, 0x00, 0x00, 0x00, 0x00, 0x00, 0x00, 0x00, 0x00, 0x00, 0x00, 0x00, 0x00, 0x00, 0x00, 0x00, 0x00, 0x00, 0x00, 0x00,
};
const lv_img_dsc_t rx_curl = {
    .header.always_zero = 0,
    .header.w = 72,
    .header.h = 23,
    .data_size = 4968,
    .header.cf = LV_IMG_CF_TRUE_COLOR_ALPHA,
    .data = rx_curl_map,
};

#ifndef LV_ATTRIBUTE_IMG_RX_TRICEPS
#define LV_ATTRIBUTE_IMG_RX_TRICEPS
#endif
const LV_ATTRIBUTE_MEM_ALIGN LV_ATTRIBUTE_LARGE_CONST LV_ATTRIBUTE_IMG_RX_TRICEPS uint8_t rx_triceps_map[] = {
    0x00, 0x00, 0x00, 0x00, 0x00, 0x00, 0x00, 0x00, 0x00, 0x00, 0x00, 0x00, 0x00, 0x00, 0x00, 0x00, 0x00, 0x00, 0x00, 0x00, 0x00, 0x00, 0x00, 0x00,
    0x00, 0x00, 0x00, 0x00, 0x00, 0x00, 0x00, 0x00, 0x00, 0x00, 0x00, 0x00, 0x00, 0x00, 0x00, 0x00, 0x00, 0x00, 0x00, 0x00, 0x00, 0x00, 0x00, 0x00,
    0x00, 0x00, 0x00, 0x00, 0x00, 0x00, 0x00, 0x00, 0x00, 0x00, 0x00, 0x00, 0x00, 0x00, 0x00, 0x00, 0x00, 0x00, 0x00, 0x00, 0x00, 0x00, 0x00, 0x00,
    0x00, 0x00, 0x00, 0x00, 0x00, 0x00, 0x00, 0x00, 0x00, 0x00, 0x00, 0x00, 0x00, 0x00, 0x00, 0x00, 0x00, 0x00, 0x00, 0x00, 0x00, 0x00, 0x00, 0x00,
    0x00, 0x00, 0x00, 0x00, 0x00, 0x00, 0x00, 0x00, 0x00, 0x00, 0x00, 0x00, 0x00, 0x00, 0x00, 0x00, 0x00, 0x00, 0x00, 0x00, 0x00, 0x00, 0x00, 0x00,
    0x00, 0x00, 0x00, 0x00, 0x00, 0x00, 0x00, 0x00, 0x00, 0x00, 0x00, 0x00, 0x00, 0x00, 0x00, 0x00, 0x00, 0x00, 0x00, 0x00, 0x00, 0x00, 0x00, 0x00,
    0x00, 0x00, 0x00, 0x00, 0x00, 0x00, 0x00, 0x00, 0x00, 0x00, 0x00, 0x00, 0x00, 0x00, 0x00, 0x00, 0x00, 0x00, 0x00, 0x00, 0x00, 0x00, 0x00, 0x00,
    0x00, 0x00, 0x00, 0x00, 0x00, 0x00, 0x00, 0x00, 0x00, 0x00, 0x00, 0x00, 0x00, 0x00, 0x00, 0x00, 0x00, 0x00, 0x00, 0x00, 0x00, 0x00, 0x00, 0x00,
    0x00, 0x00, 0x00, 0x00, 0x00, 0x00, 0x00, 0x00, 0x00, 0x00, 0x00, 0x00, 0x00, 0x00, 0x00, 0x00, 0x00, 0x00, 0x00, 0x00, 0x00, 0x00, 0x00, 0x00,
    0x00, 0x00, 0x00, 0x00, 0x00, 0x00, 0x00, 0x00, 0x00, 0x00, 0x00, 0x00, 0x00, 0x00, 0x00, 0x00, 0x00, 0x00, 0x00, 0x00, 0x00, 0x00, 0x00, 0x00,
    0x00, 0x00, 0x00, 0x00, 0x00, 0x00, 0x00, 0x00, 0x00, 0x00, 0x00, 0x00, 0x00, 0x00, 0x00, 0x00, 0x00, 0x00, 0x00, 0x00, 0x00, 0x00, 0x00, 0x00,
    0x00, 0x00, 0x00, 0x00, 0x00, 0x00, 0x00, 0x00, 0x00, 0x00, 0x00, 0x00, 0x00, 0x00, 0x00, 0x00, 0x00, 0x00, 0x00, 0x00, 0x00, 0x00, 0x00, 0x00,
    0x00, 0x00, 0x00, 0x00, 0x00, 0x00, 0x00, 0x00, 0x00, 0x00, 0x00, 0x00, 0x00, 0x00, 0x00, 0x00, 0x00, 0x00, 0x00, 0x00, 0x00, 0x00, 0x00, 0x00,
    0x00, 0x00, 0x00, 0x00, 0x00, 0x00, 0x00, 0x00, 0x00, 0x00, 0x00, 0x00, 0x00, 0x00, 0x00, 0x00, 0x00, 0x00, 0x00, 0x00, 0x00, 0x00, 0x00, 0x00,
    0x00, 0x00, 0x00, 0x00, 0x00, 0x00, 0x00, 0x00, 0x00, 0x00, 0x00, 0x00, 0x00, 0x00, 0x00, 0x00, 0x00, 0x00, 0x00, 0x00, 0x00, 0x00, 0x00, 0x00,
    0x00, 0x00, 0x00, 0x00, 0x00, 0x00, 0x00, 0x00, 0x00, 0x00, 0x00, 0x00, 0x00, 0x00, 0x00, 0x00, 0x00, 0x00, 0x00, 0x00, 0x00, 0x00, 0x00, 0x00,
    0x00, 0x00, 0x00, 0x00, 0x00, 0x00, 0x00, 0x00, 0x00, 0x00, 0x00, 0x00, 0x00, 0x00, 0x00, 0x00, 0x00, 0x00, 0x00, 0x00, 0x00, 0x00, 0x00, 0x00,
    0x00, 0x00, 0x00, 0x00, 0x00, 0x00, 0x00, 0x00, 0x00, 0x00, 0x00, 0x00, 0x00, 0x00, 0x00, 0x00, 0x00, 0x00, 0x00, 0x00, 0x00, 0x00, 0x00, 0x00,
    0x00, 0x00, 0x00, 0x00, 0x00, 0x00, 0x00, 0x00, 0x00, 0x00, 0x00, 0x00, 0x00, 0x00, 0x00, 0x00, 0x00, 0x00, 0x00, 0x00, 0x00, 0x00, 0x00, 0x00,
    0x00, 0x00, 0x00, 0x00, 0x00, 0x00, 0x00, 0x00, 0x00, 0x00, 0x00, 0x00, 0x00, 0x00, 0x00, 0x00, 0x00, 0x00, 0x00, 0x00, 0x00, 0x00, 0x00, 0x00,
    0x00, 0x00, 0x00, 0x00, 0x00, 0x00, 0x00, 0x00, 0x00, 0x00, 0x00, 0x00, 0x00, 0x00, 0x00, 0x00, 0x00, 0x00, 0x00, 0x00, 0x00, 0x00, 0x00, 0x00,
    0x00, 0x00, 0x00, 0x00, 0x00, 0x00, 0x00, 0x00, 0x00, 0x00, 0x00, 0x00, 0x00, 0x00, 0x00, 0x00, 0x00, 0x00, 0x00, 0x00, 0x00, 0x00, 0x00, 0x00,
    0x00, 0x00, 0x00, 0x00, 0x00, 0x00, 0x00, 0x00, 0x00, 0x00, 0x00, 0x00, 0x00, 0x00, 0x00, 0x00, 0x00, 0x00, 0x00, 0x00, 0x00, 0x00, 0x00, 0x00,
    0x00, 0x00, 0x00, 0x00, 0x00, 0x00, 0x00, 0x00, 0x00, 0x00, 0x00, 0x00, 0x00, 0x00, 0x00, 0x00, 0x00, 0x00, 0x00, 0x00, 0x00, 0x00, 0x00, 0x00,
    0x00, 0x00, 0x00, 0x00, 0x00, 0x00, 0x00, 0x00, 0x00, 0x00, 0x00, 0x00, 0x00, 0x00, 0x00, 0x00, 0x00, 0x00, 0x00, 0x00, 0x00, 0x00, 0x00, 0x00,
    0x00, 0x00, 0x00, 0x00, 0x00, 0x00, 0x00, 0x00, 0x00, 0x85, 0x21, 0x75, 0x85, 0x21, 0xbb, 0x85, 0x21, 0xbb, 0x85, 0x21, 0xbb, 0x85, 0x21, 0xbb,
    0x85, 0x21, 0x14, 0x00, 0x00, 0x00, 0x85, 0x21, 0x7b, 0x85, 0x21, 0xa2, 0x85, 0x21, 0x25, 0x00, 0x00, 0x00, 0x00, 0x00, 0x00, 0x00, 0x00, 0x00,
    0x00, 0x00, 0x00, 0x00, 0x00, 0x00, 0x00, 0x00, 0x00, 0x00, 0x00, 0x00, 0x00, 0x00, 0x00, 0x00, 0x00, 0x00, 0x00, 0x00, 0x00, 0x00, 0x00, 0x00,
    0x00, 0x00, 0x00, 0x00, 0x00, 0x00, 0x00, 0x00, 0x00, 0x00, 0x00, 0x00, 0x00, 0x00, 0x00, 0x00, 0x00, 0x00, 0x00, 0x00, 0x00, 0x00, 0x00, 0x00,
    0x00, 0x00, 0x00, 0x00, 0x00, 0x00, 0x00, 0x00, 0x00, 0x00, 0x00, 0x00, 0x00, 0x00, 0x00, 0x85, 0x21, 0x29, 0x85, 0x21, 0x19, 0x00, 0x00, 0x00,
    0x00, 0x00, 0x00, 0x00, 0x00, 0x00, 0x85, 0x21, 0xb4, 0x85, 0x21, 0xdb, 0x85, 0x21, 0x27, 0x00, 0x00, 0x00, 0x00, 0x00, 0x00, 0x00, 0x00, 0x00,
    0x00, 0x00, 0x00, 0x00, 0x00, 0x00, 0x00, 0x00, 0x00, 0x00, 0x00, 0x00, 0x00, 0x00, 0x00, 0x00, 0x00, 0x00, 0x00, 0x00, 0x00, 0x00, 0x00, 0x00,
    0x00, 0x00, 0x00, 0x00, 0x00, 0x00, 0x00, 0x00, 0x00, 0x00, 0x00, 0x00, 0x00, 0x00, 0x00, 0x00, 0x00, 0x00, 0x00, 0x00, 0x00, 0x00, 0x00, 0x00,
    0x00, 0x00, 0x00, 0x00, 0x00, 0x00, 0x00, 0x00, 0x00, 0x00, 0x00, 0x00, 0x00, 0x00, 0x00, 0x85, 0x21, 0x57, 0x85, 0x21, 0x97, 0x85, 0x21, 0x2b,
    0x00, 0x00, 0x00, 0x00, 0x00, 0x00, 0x00, 0x00, 0x00, 0x85, 0x21, 0xac, 0x85, 0x21, 0xd7, 0x85, 0x21, 0x10, 0x00, 0x00, 0x00, 0x00, 0x00, 0x00,
    0x00, 0x00, 0x00, 0x00, 0x00, 0x00, 0x00, 0x00, 0x00, 0x00, 0x00, 0x00, 0x00, 0x00, 0x00, 0x00, 0x00, 0x00, 0x00, 0x00, 0x00, 0x00, 0x00, 0x00,
    0x00, 0x00, 0x00, 0x00, 0x00, 0x00, 0x00, 0x00, 0x00, 0x00, 0x00, 0x00, 0x00, 0x00, 0x00, 0x00, 0x00, 0x00, 0x00, 0x00, 0x00, 0x00, 0x00, 0x00,
    0x00, 0x00, 0x00, 0x00, 0x00, 0x00, 0x00, 0x00, 0x00, 0x00, 0x00, 0x00, 0x00, 0x00, 0x00, 0x00, 0x00, 0x00, 0x00, 0x00, 0x00, 0x85, 0x21, 0x9f,
    0x85, 0x21, 0xff, 0x85, 0x21, 0xff, 0x85, 0x21, 0xff, 0x85, 0x21, 0xff, 0x85, 0x21, 0x1b, 0x00, 0x00, 0x00, 0x85, 0x21, 0xbf, 0x85, 0x21, 0xff,
    0x85, 0x21, 0x33, 0x00, 0x00, 0x00, 0x00, 0x00, 0x00, 0x00, 0x00, 0x00, 0x00, 0x00, 0x00, 0x00, 0x00, 0x00, 0x00, 0x00, 0x00, 0x00, 0x00, 0x00,
    0x00, 0x00, 0x00, 0x00, 0x00, 0x00, 0x00, 0x00, 0x00, 0x00, 0x00, 0x00, 0x00, 0x00, 0x00, 0x00, 0x00, 0x00, 0x00, 0x00, 0x00, 0x00, 0x00, 0x00,
    0x00, 0x00, 0x00, 0x00, 0x00, 0x00, 0x00, 0x00, 0x00, 0x00, 0x00, 0x00, 0x00, 0x00, 0x00, 0x00, 0x00, 0x00, 0x00, 0x00, 0x00, 0x00, 0x00, 0x00,
    0x85, 0x21, 0x0b, 0x85, 0x21, 0xdc, 0x85, 0x21, 0xfa, 0x85, 0x21, 0xa1, 0x85, 0x21, 0x1b, 0x00, 0x00, 0x00, 0x85, 0x21, 0xd3, 0x85, 0x21, 0xff,
    0x85, 0x21, 0x29, 0x00, 0x00, 0x00, 0x00, 0x00, 0x00, 0x00, 0x00, 0x00, 0x00, 0x00, 0x00, 0x00, 0x00, 0x00, 0x00, 0x00, 0x00, 0x85, 0x21, 0x8b,
    0x85, 0x21, 0xff, 0x85, 0x21, 0xff, 0x85, 0x21, 0xff, 0x85, 0x21, 0xff, 0x85, 0x21, 0xa3, 0x85, 0x21, 0x27, 0x85, 0x21, 0xff, 0x85, 0x21, 0xff,
    0x85, 0x21, 0xff, 0x85, 0x21, 0xff, 0x85, 0x21, 0xff, 0x85, 0x21, 0x67, 0x00, 0x00, 0x00, 0x00, 0x00, 0x00, 0x00, 0x00, 0x00, 0x00, 0x00, 0x00,
    0x00, 0x00, 0x00, 0x85, 0x21, 0xcf, 0x85, 0x21, 0xff, 0x85, 0x21, 0x4d, 0x00, 0x00, 0x00, 0x00, 0x00, 0x00, 0x00, 0x00, 0x00, 0x85, 0x21, 0xcb,
    0x85, 0x21, 0xff, 0x85, 0x21, 0x13, 0x00, 0x00, 0x00, 0x00, 0x00, 0x00, 0x00, 0x00, 0x00, 0x00, 0x00, 0x00, 0x00, 0x00, 0x00, 0x00, 0x00, 0x00,
    0x85, 0x21, 0xef, 0x85, 0x21, 0xff, 0x85, 0x21, 0xff, 0x85, 0x21, 0xff, 0x85, 0x21, 0xff, 0x85, 0x21, 0xff, 0x85, 0x21, 0xff, 0x85, 0x21, 0xff,
    0x85, 0x21, 0xff, 0x85, 0x21, 0xff, 0x85, 0x21, 0xff, 0x85, 0x21, 0xff, 0x85, 0x21, 0x77, 0x00, 0x00, 0x00, 0x00, 0x00, 0x00, 0x00, 0x00, 0x00,
    0x00, 0x00, 0x00, 0x00, 0x00, 0x00, 0x00, 0x00, 0x00, 0x85, 0x21, 0x9f, 0x85, 0x21, 0xff, 0x85, 0x21, 0x0b, 0x85, 0x21, 0x9f, 0x85, 0x21, 0xff,
    0x85, 0x21, 0x1b, 0x00, 0x00, 0x00, 0x85, 0x21, 0xc7, 0x85, 0x21, 0xff, 0x85, 0x21, 0x28, 0x00, 0x00, 0x00, 0x00, 0x00, 0x00, 0x00, 0x00, 0x00,
    0x00, 0x00, 0x00, 0x00, 0x00, 0x00, 0x00, 0x00, 0x00, 0x85, 0x21, 0x1b, 0x85, 0x21, 0xff, 0x85, 0x21, 0xff, 0x85, 0x21, 0xff, 0x85, 0x21, 0xff,
    0x85, 0x21, 0xff, 0x85, 0x21, 0xff, 0x85, 0x21, 0xff, 0x85, 0x21, 0xff, 0x85, 0x21, 0xff, 0x85, 0x21, 0xff, 0x85, 0x21, 0xff, 0x85, 0x21, 0xff,
    0x85, 0x21, 0x1b, 0x00, 0x00, 0x00, 0x00, 0x00, 0x00, 0x00, 0x00, 0x00, 0x85, 0x21, 0x0d, 0x85, 0x21, 0x80, 0x85, 0x21, 0xf0, 0x85, 0x21, 0xff,
    0x85, 0x21, 0xf1, 0x85, 0x21, 0x3d, 0x85, 0x21, 0xd6, 0x85, 0x21, 0xff, 0x85, 0x21, 0x26, 0x00, 0x00, 0x00, 0x00, 0x00, 0x00, 0x00, 0x00, 0x00,
    0x00, 0x00, 0x00, 0x00, 0x00, 0x00, 0x00, 0x00, 0x00, 0x85, 0x21, 0x8b, 0x85, 0x21, 0xff, 0x85, 0x21, 0xd3, 0x85, 0x21, 0xd0, 0x85, 0x21, 0xff,
    0x85, 0x21, 0xa3, 0x85, 0x21, 0x27, 0x85, 0x21, 0xff, 0x85, 0x21, 0xf5, 0x85, 0x21, 0xd7, 0x85, 0x21, 0xec, 0x85, 0x21, 0xff, 0x85, 0x21, 0x67,
    0x00, 0x00, 0x00, 0x00, 0x00, 0x00, 0x00, 0x00, 0x00, 0x00, 0x00, 0x00, 0x85, 0x21, 0x3f, 0x85, 0x21, 0xff, 0x85, 0x21, 0xdf, 0x85, 0x21, 0x02,
    0x00, 0x00, 0x00, 0x00, 0x00, 0x00, 0x00, 0x00, 0x00, 0x85, 0x21, 0xcb, 0x85, 0x21, 0xff, 0x85, 0x21, 0x13, 0x00, 0x00, 0x00, 0x00, 0x00, 0x00,
    0x00, 0x00, 0x00, 0x00, 0x00, 0x00, 0x00, 0x00, 0x00, 0x00, 0x00, 0x00, 0x85, 0x21, 0xef, 0x85, 0x21, 0xff, 0x85, 0x21, 0xa5, 0x85, 0x21, 0xa3,
    0x85, 0x21, 0xa3, 0x85, 0x21, 0xa3, 0x85, 0x21, 0xa3, 0x85, 0x21, 0xa3, 0x85, 0x21, 0xa3, 0x85, 0x21, 0xa3, 0x85, 0x21, 0xcf, 0x85, 0x21, 0xff,
    0x85, 0x21, 0x77, 0x00, 0x00, 0x00, 0x00, 0x00, 0x00, 0x00, 0x00, 0x00, 0x00, 0x00, 0x00, 0x00, 0x00, 0x00, 0x00, 0x00, 0x00, 0x85, 0x21, 0x9f,
    0x85, 0x21, 0xff, 0x85, 0x21, 0x0b, 0x85, 0x21, 0x9f, 0x85, 0x21, 0xff, 0x85, 0x21, 0xb7, 0x85, 0x21, 0xff, 0x85, 0x21, 0xff, 0x85, 0x21, 0xff,
    0x85, 0x21, 0xff, 0x85, 0x21, 0xff, 0x85, 0x21, 0xff, 0x85, 0x21, 0xff, 0x85, 0x21, 0xff, 0x85, 0x21, 0x73, 0x00, 0x00, 0x00, 0x85, 0x21, 0x1b,
    0x85, 0x21, 0xfb, 0x85, 0x21, 0xfb, 0x85, 0x21, 0xfb, 0x85, 0x21, 0xfb, 0x85, 0x21, 0xfb, 0x85, 0x21, 0xfb, 0x85, 0x21, 0xfb, 0x85, 0x21, 0xfb,
    0x85, 0x21, 0xfb, 0x85, 0x21, 0xfb, 0x85, 0x21, 0xfb, 0x85, 0x21, 0xfb, 0x85, 0x21, 0x1b, 0x00, 0x00, 0x00, 0x00, 0x00, 0x00, 0x00, 0x00, 0x00,
    0x00, 0x00, 0x00, 0x00, 0x00, 0x00, 0x85, 0x21, 0x11, 0x85, 0x21, 0x9f, 0x85, 0x21, 0xde, 0x85, 0x21, 0x0b, 0x85, 0x21, 0xd8, 0x85, 0x21, 0xff,
    0x85, 0x21, 0x22, 0x00, 0x00, 0x00, 0x00, 0x00, 0x00, 0x00, 0x00, 0x00, 0x00, 0x00, 0x00, 0x00, 0x00, 0x00, 0x00, 0x00, 0x00, 0x85, 0x21, 0x8b,
    0x85, 0x21, 0xff, 0x85, 0x21, 0x33, 0x85, 0x21, 0x27, 0x85, 0x21, 0xff, 0x85, 0x21, 0xa3, 0x85, 0x21, 0x27, 0x85, 0x21, 0xff, 0x85, 0x21, 0xbf,
    0x00, 0x00, 0x00, 0x85, 0x21, 0x83, 0x85, 0x21, 0xff, 0x85, 0x21, 0x67, 0x00, 0x00, 0x00, 0x00, 0x00, 0x00, 0x00, 0x00, 0x00, 0x00, 0x00, 0x00,
    0x85, 0x21, 0xb1, 0x85, 0x21, 0xff, 0x85, 0x21, 0x76, 0x85, 0x21, 0xcf, 0x85, 0x21, 0xff, 0x85, 0x21, 0xff, 0x85, 0x21, 0xff, 0x85, 0x21, 0xff,
    0x85, 0x21, 0xff, 0x85, 0x21, 0xff, 0x85, 0x21, 0xff, 0x85, 0x21, 0xff, 0x85, 0x21, 0xff, 0x85, 0x21, 0x37, 0x00, 0x00, 0x00, 0x00, 0x00, 0x00,
    0x85, 0x21, 0xef, 0x85, 0x21, 0xff, 0x85, 0x21, 0x03, 0x00, 0x00, 0x00, 0x00, 0x00, 0x00, 0x00, 0x00, 0x00, 0x00, 0x00, 0x00, 0x00, 0x00, 0x00,
    0x00, 0x00, 0x00, 0x00, 0x00, 0x00, 0x85, 0x21, 0x77, 0x85, 0x21, 0xff, 0x85, 0x21, 0x77, 0x00, 0x00, 0x00, 0x00, 0x00, 0x00, 0x00, 0x00, 0x00,
    0x00, 0x00, 0x00, 0x00, 0x00, 0x00, 0x00, 0x00, 0x00, 0x85, 0x21, 0x9f, 0x85, 0x21, 0xff, 0x85, 0x21, 0xbb, 0x85, 0x21, 0xe4, 0x85, 0x21, 0xff,
    0x85, 0x21, 0xa4, 0x85, 0x21, 0xdf, 0x85, 0x21, 0xfd, 0x85, 0x21, 0xff, 0x85, 0x21, 0xdf, 0x85, 0x21, 0xdf, 0x85, 0x21, 0xdf, 0x85, 0x21, 0xdf,
    0x85, 0x21, 0xdf, 0x85, 0x21, 0x65, 0x00, 0x00, 0x00, 0x00, 0x00, 0x00, 0x00, 0x00, 0x00, 0x00, 0x00, 0x00, 0x00, 0x00, 0x00, 0x00, 0x00, 0x00,
    0x00, 0x00, 0x00, 0x00, 0x00, 0x00, 0x00, 0x00, 0x00, 0x00, 0x00, 0x00, 0x00, 0x00, 0x00, 0x00, 0x00, 0x00, 0x00, 0x00, 0x00, 0x00, 0x00, 0x00,
    0x00, 0x00, 0x00, 0x00, 0x00, 0x00, 0x00, 0x00, 0x00, 0x85, 0x21, 0x20, 0x85, 0x21, 0xd9, 0x85, 0x21, 0x79, 0x85, 0x21, 0x0f, 0x00, 0x00, 0x00,
    0x85, 0x21, 0x15, 0x00, 0x00, 0x00, 0x85, 0x21, 0xdf, 0x85, 0x21, 0xff, 0x85, 0x21, 0x1a, 0x00, 0x00, 0x00, 0x00, 0x00, 0x00, 0x00, 0x00, 0x00,
    0x00, 0x00, 0x00, 0x00, 0x00, 0x00, 0x00, 0x00, 0x00, 0x85, 0x21, 0x8b, 0x85, 0x21, 0xff, 0x85, 0x21, 0xd0, 0x85, 0x21, 0xcd, 0x85, 0x21, 0xff,
    0x85, 0x21, 0xa3, 0x85, 0x21, 0x27, 0x85, 0x21, 0xff, 0x85, 0x21, 0xbf, 0x00, 0x00, 0x00, 0x85, 0x21, 0x83, 0x85, 0x21, 0xff, 0x85, 0x21, 0x67,
    0x00, 0x00, 0x00, 0x00, 0x00, 0x00, 0x00, 0x00, 0x00, 0x85, 0x21, 0x4c, 0x85, 0x21, 0xff, 0x85, 0x21, 0xff, 0x85, 0x21, 0x1d, 0x85, 0x21, 0xcf,
    0x85, 0x21, 0xfe, 0x85, 0x21, 0xbf, 0x85, 0x21, 0xbf, 0x85, 0x21, 0xf2, 0x85, 0x21, 0xff, 0x85, 0x21, 0xc4, 0x85, 0x21, 0xbf, 0x85, 0x21, 0xea,
    0x85, 0x21, 0xff, 0x85, 0x21, 0x37, 0x00, 0x00, 0x00, 0x00, 0x00, 0x00, 0x85, 0x21, 0xef, 0x85, 0x21, 0xff, 0x85, 0x21, 0xff, 0x85, 0x21, 0xff,
    0x85, 0x21, 0xff, 0x85, 0x21, 0xff, 0x85, 0x21, 0xff, 0x85, 0x21, 0xff, 0x85, 0x21, 0xff, 0x85, 0x21, 0xff, 0x85, 0x21, 0xff, 0x85, 0x21, 0xff,
    0x85, 0x21, 0x77, 0x00, 0x00, 0x00, 0x00, 0x00, 0x00, 0x00, 0x00, 0x00, 0x00, 0x00, 0x00, 0x00, 0x00, 0x00, 0x00, 0x00, 0x00, 0x85, 0x21, 0x9f,
    0x85, 0x21, 0xff, 0x85, 0x21, 0xff, 0x85, 0x21, 0xff, 0x85, 0x21, 0xff, 0x85, 0x21, 0x1b, 0x85, 0x21, 0x05, 0x85, 0x21, 0xfc, 0x85, 0x21, 0xe7,
    0x85, 0x21, 0x08, 0x85, 0x21, 0x1c, 0x00, 0x00, 0x00, 0x00, 0x00, 0x00, 0x00, 0x00, 0x00, 0x00, 0x00, 0x00, 0x00, 0x00, 0x00, 0x00, 0x00, 0x00,
    0x00, 0x00, 0x00, 0x00, 0x00, 0x00, 0x00, 0x00, 0x00, 0x00, 0x00, 0x00, 0x00, 0x00, 0x00, 0x00, 0x00, 0x00, 0x00, 0x00, 0x00, 0x00, 0x00, 0x00,
    0x00, 0x00, 0x00, 0x00, 0x00, 0x00, 0x00, 0x00, 0x00, 0x00, 0x00, 0x00, 0x00, 0x00, 0x00, 0x00, 0x00, 0x00, 0x00, 0x00, 0x00, 0x85, 0x21, 0x72,
    0x85, 0x21, 0xfc, 0x85, 0x21, 0xff, 0x85, 0x21, 0xe8, 0x85, 0x21, 0x4e, 0x00, 0x00, 0x00, 0x00, 0x00, 0x00, 0x85, 0x21, 0xf5, 0x85, 0x21, 0xfe,
    0x85, 0x21, 0x04, 0x00, 0x00, 0x00, 0x00, 0x00, 0x00, 0x00, 0x00, 0x00, 0x00, 0x00, 0x00, 0x00, 0x00, 0x00, 0x00, 0x00, 0x00, 0x85, 0x21, 0x8b,
    0x85, 0x21, 0xff, 0x85, 0x21, 0xff, 0x85, 0x21, 0xff, 0x85, 0x21, 0xff, 0x85, 0x21, 0xa3, 0x85, 0x21, 0x27, 0x85, 0x21, 0xff, 0x85, 0x21, 0xbf,
    0x00, 0x00, 0x00, 0x85, 0x21, 0x83, 0x85, 0x21, 0xff, 0x85, 0x21, 0x67, 0x00, 0x00, 0x00, 0x00, 0x00, 0x00, 0x85, 0x21, 0x23, 0x85, 0x21, 0xe9,
    0x85, 0x21, 0xff, 0x85, 0x21, 0xff, 0x85, 0x21, 0x13, 0x85, 0x21, 0xcf, 0x85, 0x21, 0xfb, 0x00, 0x00, 0x00, 0x00, 0x00, 0x00, 0x85, 0x21, 0xcb,
    0x85, 0x21, 0xff, 0x85, 0x21, 0x13, 0x00, 0x00, 0x00, 0x85, 0x21, 0xab, 0x85, 0x21, 0xff, 0x85, 0x21, 0x37, 0x00, 0x00, 0x00, 0x00, 0x00, 0x00,
    0x85, 0x21, 0xf0, 0x85, 0x21, 0xff, 0x85, 0x21, 0xa5, 0x85, 0x21, 0xa3, 0x85, 0x21, 0xe0, 0x85, 0x21, 0xff, 0x85, 0x21, 0xae, 0x85, 0x21, 0xa3,
    0x85, 0x21, 0xd0, 0x85, 0x21, 0xff, 0x85, 0x21, 0xbf, 0x85, 0x21, 0xa3, 0x85, 0x21, 0x4c, 0x00, 0x00, 0x00, 0x00, 0x00, 0x00, 0x00, 0x00, 0x00,
    0x00, 0x00, 0x00, 0x00, 0x00, 0x00, 0x00, 0x00, 0x00, 0x85, 0x21, 0xa0, 0x85, 0x21, 0xff, 0x85, 0x21, 0x0b, 0x85, 0x21, 0x9f, 0x85, 0x21, 0xff,
    0x85, 0x21, 0x1b, 0x85, 0x21, 0x26, 0x85, 0x21, 0xff, 0x85, 0x21, 0xc2, 0x85, 0x21, 0x3c, 0x85, 0x21, 0xff, 0x85, 0x21, 0xb1, 0x00, 0x00, 0x00,
    0x00, 0x00, 0x00, 0x00, 0x00, 0x00, 0x00, 0x00, 0x00, 0x00, 0x00, 0x00, 0x00, 0x00, 0x00, 0x00, 0x00, 0x00, 0x00, 0x00, 0x00, 0x00, 0x00, 0x00,
    0x00, 0x00, 0x00, 0x00, 0x00, 0x00, 0x00, 0x00, 0x00, 0x00, 0x00, 0x00, 0x00, 0x00, 0x00, 0x00, 0x00, 0x00, 0x00, 0x00, 0x00, 0x00, 0x00, 0x00,
    0x00, 0x00, 0x00, 0x00, 0x00, 0x00, 0x00, 0x00, 0x00, 0x00, 0x00, 0x00, 0x85, 0x21, 0x2a, 0x85, 0x21, 0xbb, 0x85, 0x21, 0xff, 0x85, 0x21, 0xd9,
    0x85, 0x21, 0x06, 0x85, 0x21, 0x0f, 0x85, 0x21, 0xff, 0x85, 0x21, 0xea, 0x00, 0x00, 0x00, 0x00, 0x00, 0x00, 0x00, 0x00, 0x00, 0x00, 0x00, 0x00,
    0x00, 0x00, 0x00, 0x00, 0x00, 0x00, 0x00, 0x00, 0x00, 0x85, 0x21, 0x8c, 0x85, 0x21, 0xff, 0x85, 0x21, 0x33, 0x85, 0x21, 0x27, 0x85, 0x21, 0xff,
    0x85, 0x21, 0xa3, 0x85, 0x21, 0x27, 0x85, 0x21, 0xff, 0x85, 0x21, 0xbf, 0x00, 0x00, 0x00, 0x85, 0x21, 0x83, 0x85, 0x21, 0xff, 0x85, 0x21, 0x67,
    0x00, 0x00, 0x00, 0x00, 0x00, 0x00, 0x85, 0x21, 0xb0, 0x85, 0x21, 0xff, 0x85, 0x21, 0xff, 0x85, 0x21, 0xff, 0x85, 0x21, 0x13, 0x85, 0x21, 0xcf,
    0x85, 0x21, 0xff, 0x85, 0x21, 0xff, 0x85, 0x21, 0xff, 0x85, 0x21, 0xff, 0x85, 0x21, 0xff, 0x85, 0x21, 0xff, 0x85, 0x21, 0xff, 0x85, 0x21, 0xff,
    0x85, 0x21, 0xff, 0x85, 0x21, 0x37, 0x00, 0x00, 0x00, 0x00, 0x00, 0x00, 0x85, 0x21, 0xf3, 0x85, 0x21, 0xfe, 0x85, 0x21, 0x66, 0x85, 0x21, 0x97,
    0x85, 0x21, 0xdc, 0x85, 0x21, 0xff, 0x85, 0x21, 0xa3, 0x85, 0x21, 0x97, 0x85, 0x21, 0xca, 0x85, 0x21, 0xff, 0x85, 0x21, 0xb6, 0x85, 0x21, 0x97,
    0x85, 0x21, 0x5c, 0x00, 0x00, 0x00, 0x00, 0x00, 0x00, 0x00, 0x00, 0x00, 0x00, 0x00, 0x00, 0x00, 0x00, 0x00, 0x00, 0x00, 0x00, 0x85, 0x21, 0xa2,
    0x85, 0x21, 0xff, 0x85, 0x21, 0x08, 0x85, 0x21, 0x9f, 0x85, 0x21, 0xff, 0x85, 0x21, 0x1b, 0x85, 0x21, 0x49, 0x85, 0x21, 0xff, 0x85, 0x21, 0x9d,
    0x85, 0x21, 0x5e, 0x85, 0x21, 0xff, 0x85, 0x21, 0x8a, 0x00, 0x00, 0x00, 0x00, 0x00, 0x00, 0x00, 0x00, 0x00, 0x00, 0x00, 0x00, 0x00, 0x00, 0x00,
    0x00, 0x00, 0x00, 0x85, 0x21, 0xef, 0x85, 0x21, 0xef, 0x85, 0x21, 0xef, 0x85, 0x21, 0xef, 0x85, 0x21, 0xef, 0x85, 0x21, 0xef, 0x85, 0x21, 0xef,
    0x85, 0x21, 0xef, 0x85, 0x21, 0xef, 0x85, 0x21, 0xc6, 0x00, 0x00, 0x00, 0x00, 0x00, 0x00, 0x00, 0x00, 0x00, 0x00, 0x00, 0x00, 0x00, 0x00, 0x00,
    0x00, 0x00, 0x00, 0x85, 0x21, 0x01, 0x85, 0x21, 0x76, 0x85, 0x21, 0x31, 0x00, 0x00, 0x00, 0x85, 0x21, 0x27, 0x85, 0x21, 0xff, 0x85, 0x21, 0xd3,
    0x00, 0x00, 0x00, 0x00, 0x00, 0x00, 0x00, 0x00, 0x00, 0x00, 0x00, 0x00, 0x00, 0x00, 0x00, 0x00, 0x00, 0x00, 0x00, 0x00, 0x00, 0x85, 0x21, 0x8f,
    0x85, 0x21, 0xff, 0x85, 0x21, 0x30, 0x85, 0x21, 0x27, 0x85, 0x21, 0xff, 0x85, 0x21, 0xa3, 0x85, 0x21, 0x2b, 0x85, 0x21, 0xff, 0x85, 0x21, 0xbe,
    0x00, 0x00, 0x00, 0x85, 0x21, 0x83, 0x85, 0x21, 0xff, 0x85, 0x21, 0x67, 0x00, 0x00, 0x00, 0x00, 0x00, 0x00, 0x85, 0x21, 0x43, 0x85, 0x21, 0xd9,
    0x85, 0x21, 0xce, 0x85, 0x21, 0xff, 0x85, 0x21, 0x13, 0x85, 0x21, 0xcf, 0x85, 0x21, 0xfe, 0x85, 0x21, 0xab, 0x85, 0x21, 0xab, 0x85, 0x21, 0xee,
    0x85, 0x21, 0xff, 0x85, 0x21, 0xb2, 0x85, 0x21, 0xab, 0x85, 0x21, 0xe4, 0x85, 0x21, 0xff, 0x85, 0x21, 0x37, 0x00, 0x00, 0x00, 0x00, 0x00, 0x00,
    0x85, 0x21, 0xf9, 0x85, 0x21, 0xf6, 0x85, 0x21, 0xab, 0x85, 0x21, 0xff, 0x85, 0x21, 0xff, 0x85, 0x21, 0xff, 0x85, 0x21, 0xff, 0x85, 0x21, 0xff,
    0x85, 0x21, 0xff, 0x85, 0x21, 0xff, 0x85, 0x21, 0xff, 0x85, 0x21, 0xff, 0x85, 0x21, 0x9b, 0x00, 0x00, 0x00, 0x00, 0x00, 0x00, 0x00, 0x00, 0x00,
    0x00, 0x00, 0x00, 0x00, 0x00, 0x00, 0x00, 0x00, 0x00, 0x85, 0x21, 0xa6, 0x85, 0x21, 0xff, 0x85, 0x21, 0xc5, 0x85, 0x21, 0xe9, 0x85, 0x21, 0xff,
    0x85, 0x21, 0x1b, 0x85, 0x21, 0x6d, 0x85, 0x21, 0xff, 0x85, 0x21, 0x77, 0x85, 0x21, 0x80, 0x85, 0x21, 0xff, 0x85, 0x21, 0x5c, 0x00, 0x00, 0x00,
    0x00, 0x00, 0x00, 0x00, 0x00, 0x00, 0x00, 0x00, 0x00, 0x00, 0x00, 0x00, 0x00, 0x00, 0x00, 0x85, 0x21, 0xff, 0x85, 0x21, 0xff, 0x85, 0x21, 0xff,
    0x85, 0x21, 0xff, 0x85, 0x21, 0xff, 0x85, 0x21, 0xff, 0x85, 0x21, 0xff, 0x85, 0x21, 0xff, 0x85, 0x21, 0xff, 0x85, 0x21, 0xd3, 0x00, 0x00, 0x00,
    0x00, 0x00, 0x00, 0x00, 0x00, 0x00, 0x85, 0x21, 0x37, 0x85, 0x21, 0xff, 0x85, 0x21, 0xff, 0x85, 0x21, 0xff, 0x85, 0x21, 0xff, 0x85, 0x21, 0xff,
    0x85, 0x21, 0xff, 0x85, 0x21, 0xff, 0x85, 0x21, 0xff, 0x85, 0x21, 0xff, 0x85, 0x21, 0xff, 0x85, 0x21, 0xff, 0x85, 0x21, 0xff, 0x85, 0x21, 0xff,
    0x85, 0x21, 0xff, 0x85, 0x21, 0x43, 0x00, 0x00, 0x00, 0x85, 0x21, 0x94, 0x85, 0x21, 0xff, 0x85, 0x21, 0xd5, 0x85, 0x21, 0xd4, 0x85, 0x21, 0xff,
    0x85, 0x21, 0xa3, 0x85, 0x21, 0x38, 0x85, 0x21, 0xff, 0x85, 0x21, 0xb7, 0x00, 0x00, 0x00, 0x85, 0x21, 0x83, 0x85, 0x21, 0xff, 0x85, 0x21, 0x67,
    0x00, 0x00, 0x00, 0x00, 0x00, 0x00, 0x00, 0x00, 0x00, 0x85, 0x21, 0x1e, 0x85, 0x21, 0xbf, 0x85, 0x21, 0xff, 0x85, 0x21, 0x13, 0x85, 0x21, 0xcf,
    0x85, 0x21, 0xfb, 0x00, 0x00, 0x00, 0x00, 0x00, 0x00, 0x85, 0x21, 0xcb, 0x85, 0x21, 0xff, 0x85, 0x21, 0x13, 0x00, 0x00, 0x00, 0x85, 0x21, 0xab,
    0x85, 0x21, 0xff, 0x85, 0x21, 0x37, 0x00, 0x00, 0x00, 0x85, 0x21, 0x08, 0x85, 0x21, 0xff, 0x85, 0x21, 0xea, 0x00, 0x00, 0x00, 0x00, 0x00, 0x00,
    0x85, 0x21, 0xa7, 0x85, 0x21, 0xff, 0x85, 0x21, 0x1b, 0x00, 0x00, 0x00, 0x85, 0x21, 0x7b, 0x85, 0x21, 0xff, 0x85, 0x21, 0x4b, 0x00, 0x00, 0x00,
    0x00, 0x00, 0x00, 0x00, 0x00, 0x00, 0x00, 0x00, 0x00, 0x00, 0x00, 0x00, 0x00, 0x00, 0x00, 0x00, 0x00, 0x00, 0x00, 0x00, 0x00, 0x85, 0x21, 0xb1,
    0x85, 0x21, 0xff, 0x85, 0x21, 0xff, 0x85, 0x21, 0xff, 0x85, 0x21, 0xff, 0x85, 0x21, 0x1b, 0x85, 0x21, 0x94, 0x85, 0x21, 0xff, 0x85, 0x21, 0x52,
    0x85, 0x21, 0xa4, 0x85, 0x21, 0xff, 0x85, 0x21, 0x64, 0x85, 0x21, 0xa5, 0x85, 0x21, 0x26, 0x00, 0x00, 0x00, 0x00, 0x00, 0x00, 0x00, 0x00, 0x00,
    0x00, 0x00, 0x00, 0x00, 0x00, 0x00, 0x00, 0x00, 0x00, 0x00, 0x00, 0x00, 0x00, 0x00, 0x00, 0x00, 0x00, 0x00, 0x00, 0x00, 0x00, 0x00, 0x00, 0x00,
    0x00, 0x00, 0x00, 0x00, 0x00, 0x00, 0x00, 0x00, 0x00, 0x00, 0x00, 0x00, 0x00, 0x00, 0x00, 0x00, 0x00, 0x00, 0x85, 0x21, 0x2b, 0x85, 0x21, 0xc7,
    0x85, 0x21, 0xc7, 0x85, 0x21, 0xc7, 0x85, 0x21, 0xc7, 0x85, 0x21, 0xc7, 0x85, 0x21, 0xc7, 0x85, 0x21, 0xf5, 0x85, 0x21, 0xff, 0x85, 0x21, 0xd8,
    0x85, 0x21, 0xc7, 0x85, 0x21, 0xc7, 0x85, 0x21, 0xc7, 0x85, 0x21, 0xc7, 0x85, 0x21, 0xc7, 0x85, 0x21, 0x35, 0x00, 0x00, 0x00, 0x85, 0x21, 0xa1,
    0x85, 0x21, 0xff, 0x85, 0x21, 0xff, 0x85, 0x21, 0xff, 0x85, 0x21, 0xff, 0x85, 0x21, 0xa3, 0x85, 0x21, 0x46, 0x85, 0x21, 0xff, 0x85, 0x21, 0xae,
    0x00, 0x00, 0x00, 0x85, 0x21, 0x83, 0x85, 0x21, 0xff, 0x85, 0x21, 0x67, 0x00, 0x00, 0x00, 0x00, 0x00, 0x00, 0x00, 0x00, 0x00, 0x00, 0x00, 0x00,
    0x85, 0x21, 0xbf, 0x85, 0x21, 0xff, 0x85, 0x21, 0x13, 0x85, 0x21, 0xcf, 0x85, 0x21, 0xfe, 0x85, 0x21, 0xbb, 0x85, 0x21, 0xbb, 0x85, 0x21, 0xf2,
    0x85, 0x21, 0xff, 0x85, 0x21, 0xc1, 0x85, 0x21, 0xbb, 0x85, 0x21, 0xe9, 0x85, 0x21, 0xff, 0x85, 0x21, 0x37, 0x00, 0x00, 0x00, 0x85, 0x21, 0x1f,
    0x85, 0x21, 0xff, 0x85, 0x21, 0xe2, 0x85, 0x21, 0x9b, 0x85, 0x21, 0x9b, 0x85, 0x21, 0xdd, 0x85, 0x21, 0xff, 0x85, 0x21, 0xa6, 0x85, 0x21, 0x9b,
    0x85, 0x21, 0xcc, 0x85, 0x21, 0xff, 0x85, 0x21, 0xb9, 0x85, 0x21, 0x9b, 0x85, 0x21, 0x9b, 0x85, 0x21, 0x30, 0x00, 0x00, 0x00, 0x00, 0x00, 0x00,
    0x00, 0x00, 0x00, 0x00, 0x00, 0x00, 0x00, 0x00, 0x00, 0x85, 0x21, 0xc0, 0x85, 0x21, 0xe1, 0x00, 0x00, 0x00, 0x85, 0x21, 0x9f, 0x85, 0x21, 0xff,
    0x85, 0x21, 0x1c, 0x85, 0x21, 0xdb, 0x85, 0x21, 0xff, 0x85, 0x21, 0x2d, 0x85, 0x21, 0xd4, 0x85, 0x21, 0xf5, 0x85, 0x21, 0x63, 0x85, 0x21, 0xff,
    0x85, 0x21, 0x78, 0x00, 0x00, 0x00, 0x00, 0x00, 0x00, 0x00, 0x00, 0x00, 0x00, 0x00, 0x00, 0x00, 0x00, 0x00, 0x00, 0x00, 0x00, 0x00, 0x00, 0x00,
    0x00, 0x00, 0x00, 0x00, 0x00, 0x00, 0x00, 0x00, 0x00, 0x00, 0x00, 0x00, 0x00, 0x00, 0x00, 0x00, 0x00, 0x00, 0x00, 0x00, 0x00, 0x00, 0x00, 0x00,
    0x00, 0x00, 0x00, 0x00, 0x00, 0x00, 0x00, 0x00, 0x00, 0x00, 0x00, 0x00, 0x00, 0x00, 0x00, 0x00, 0x00, 0x00, 0x00, 0x00, 0x00, 0x00, 0x00, 0x00,
    0x85, 0x21, 0x34, 0x85, 0x21, 0xfd, 0x85, 0x21, 0xf0, 0x85, 0x21, 0x0f, 0x00, 0x00, 0x00, 0x00, 0x00, 0x00, 0x00, 0x00, 0x00, 0x00, 0x00, 0x00,
    0x00, 0x00, 0x00, 0x00, 0x00, 0x00, 0x00, 0x00, 0x00, 0x85, 0x21, 0xb0, 0x85, 0x21, 0xff, 0x85, 0x21, 0x09, 0x85, 0x21, 0x27, 0x85, 0x21, 0xff,
    0x85, 0x21, 0xa3, 0x85, 0x21, 0x54, 0x85, 0x21, 0xff, 0x85, 0x21, 0x96, 0x00, 0x00, 0x00, 0x85, 0x21, 0x83, 0x85, 0x21, 0xff, 0x85, 0x21, 0x67,
    0x85, 0x21, 0x15, 0x00, 0x00, 0x00, 0x00, 0x00, 0x00, 0x00, 0x00, 0x00, 0x85, 0x21, 0xbf, 0x85, 0x21, 0xff, 0x85, 0x21, 0x13, 0x85, 0x21, 0xcf,
    0x85, 0x21, 0xff, 0x85, 0x21, 0xff, 0x85, 0x21, 0xff, 0x85, 0x21, 0xff, 0x85, 0x21, 0xff, 0x85, 0x21, 0xff, 0x85, 0x21, 0xff, 0x85, 0x21, 0xff,
    0x85, 0x21, 0xff, 0x85, 0x21, 0x37, 0x00, 0x00, 0x00, 0x85, 0x21, 0x3c, 0x85, 0x21, 0xff, 0x85, 0x21, 0xd3, 0x85, 0x21, 0xff, 0x85, 0x21, 0xff,
    0x85, 0x21, 0xff, 0x85, 0x21, 0xff, 0x85, 0x21, 0xff, 0x85, 0x21, 0xff, 0x85, 0x21, 0xff, 0x85, 0x21, 0xff, 0x85, 0x21, 0xff, 0x85, 0x21, 0xff,
    0x85, 0x21, 0xff, 0x85, 0x21, 0x4f, 0x00, 0x00, 0x00, 0x00, 0x00, 0x00, 0x00, 0x00, 0x00, 0x00, 0x00, 0x00, 0x00, 0x00, 0x00, 0x85, 0x21, 0xdb,
    0x85, 0x21, 0xc6, 0x00, 0x00, 0x00, 0x85, 0x21, 0x9f, 0x85, 0x21, 0xff, 0x85, 0x21, 0x46, 0x85, 0x21, 0xff, 0x85, 0x21, 0xef, 0x85, 0x21, 0x0c,
    0x85, 0x21, 0xfc, 0x85, 0x21, 0xc1, 0x85, 0x21, 0x16, 0x85, 0x21, 0xfe, 0x85, 0x21, 0xc9, 0x00, 0x00, 0x00, 0x00, 0x00, 0x00, 0x00, 0x00, 0x00,
    0x00, 0x00, 0x00, 0x00, 0x00, 0x00, 0x00, 0x00, 0x00, 0x00, 0x00, 0x00, 0x00, 0x00, 0x00, 0x00, 0x00, 0x00, 0x00, 0x00, 0x00, 0x00, 0x00, 0x00,
    0x00, 0x00, 0x00, 0x00, 0x00, 0x00, 0x00, 0x00, 0x00, 0x00, 0x00, 0x00, 0x00, 0x00, 0x00, 0x00, 0x00, 0x00, 0x00, 0x00, 0x00, 0x00, 0x00, 0x00,
    0x00, 0x00, 0x00, 0x00, 0x00, 0x00, 0x00, 0x00, 0x00, 0x85, 0x21, 0x19, 0x85, 0x21, 0xd6, 0x85, 0x21, 0xff, 0x85, 0x21, 0x85, 0x85, 0x21, 0xb3,
    0x85, 0x21, 0x94, 0x85, 0x21, 0x1c, 0x00, 0x00, 0x00, 0x00, 0x00, 0x00, 0x00, 0x00, 0x00, 0x00, 0x00, 0x00, 0x00, 0x00, 0x00, 0x85, 0x21, 0xcd,
    0x85, 0x21, 0xec, 0x00, 0x00, 0x00, 0x85, 0x21, 0x27, 0x85, 0x21, 0xff, 0x85, 0x21, 0xa3, 0x85, 0x21, 0x6f, 0x85, 0x21, 0xff, 0x85, 0x21, 0x7d,
    0x00, 0x00, 0x00, 0x85, 0x21, 0x83, 0x85, 0x21, 0xff, 0x85, 0x21, 0x67, 0x85, 0x21, 0xcf, 0x85, 0x21, 0x59, 0x00, 0x00, 0x00, 0x00, 0x00, 0x00,
    0x85, 0x21, 0xbf, 0x85, 0x21, 0xff, 0x85, 0x21, 0x13, 0x85, 0x21, 0xbf, 0x85, 0x21, 0xe8, 0x00, 0x00, 0x00, 0x00, 0x00, 0x00, 0x85, 0x21, 0xcb,
    0x85, 0x21, 0xff, 0x85, 0x21, 0x13, 0x00, 0x00, 0x00, 0x85, 0x21, 0x7e, 0x85, 0x21, 0xbb, 0x85, 0x21, 0x29, 0x00, 0x00, 0x00, 0x85, 0x21, 0x71,
    0x85, 0x21, 0xff, 0x85, 0x21, 0x8b, 0x00, 0x00, 0x00, 0x85, 0x21, 0x73, 0x85, 0x21, 0xff, 0x85, 0x21, 0x4f, 0x85, 0x21, 0x12, 0x85, 0x21, 0xee,
    0x85, 0x21, 0xdb, 0x85, 0x21, 0x17, 0x85, 0x21, 0x9b, 0x85, 0x21, 0xf2, 0x85, 0x21, 0x4e, 0x00, 0x00, 0x00, 0x00, 0x00, 0x00, 0x00, 0x00, 0x00,
    0x00, 0x00, 0x00, 0x00, 0x00, 0x00, 0x85, 0x21, 0x04, 0x85, 0x21, 0xfb, 0x85, 0x21, 0xab, 0x00, 0x00, 0x00, 0x85, 0x21, 0x9f, 0x85, 0x21, 0xff,
    0x85, 0x21, 0x96, 0x85, 0x21, 0xff, 0x85, 0x21, 0xab, 0x85, 0x21, 0x36, 0x85, 0x21, 0xff, 0x85, 0x21, 0x99, 0x85, 0x21, 0x2e, 0x85, 0x21, 0xde,
    0x85, 0x21, 0xfe, 0x85, 0x21, 0x17, 0x00, 0x00, 0x00, 0x00, 0x00, 0x00, 0x00, 0x00, 0x00, 0x00, 0x00, 0x00, 0x00, 0x00, 0x00, 0x00, 0x00, 0x00,
    0x00, 0x00, 0x00, 0x00, 0x00, 0x00, 0x00, 0x00, 0x00, 0x00, 0x00, 0x00, 0x00, 0x00, 0x00, 0x00, 0x00, 0x00, 0x00, 0x00, 0x00, 0x00, 0x00, 0x00,
    0x00, 0x00, 0x00, 0x00, 0x00, 0x00, 0x00, 0x00, 0x00, 0x00, 0x00, 0x00, 0x00, 0x00, 0x00, 0x00, 0x00, 0x00, 0x85, 0x21, 0x3c, 0x85, 0x21, 0xde,
    0x85, 0x21, 0xff, 0x85, 0x21, 0xbd, 0x85, 0x21, 0x25, 0x85, 0x21, 0xd6, 0x85, 0x21, 0xff, 0x85, 0x21, 0xf9, 0x85, 0x21, 0x96, 0x85, 0x21, 0x15,
    0x00, 0x00, 0x00, 0x00, 0x00, 0x00, 0x00, 0x00, 0x00, 0x85, 0x21, 0xf1, 0x85, 0x21, 0xd0, 0x00, 0x00, 0x00, 0x85, 0x21, 0x27, 0x85, 0x21, 0xff,
    0x85, 0x21, 0xa3, 0x85, 0x21, 0xa3, 0x85, 0x21, 0xff, 0x85, 0x21, 0x50, 0x00, 0x00, 0x00, 0x85, 0x21, 0x83, 0x85, 0x21, 0xff, 0x85, 0x21, 0x67,
    0x85, 0x21, 0xde, 0x85, 0x21, 0x9f, 0x00, 0x00, 0x00, 0x00, 0x00, 0x00, 0x85, 0x21, 0xbf, 0x85, 0x21, 0xff, 0x85, 0x21, 0x13, 0x00, 0x00, 0x00,
    0x00, 0x00, 0x00, 0x00, 0x00, 0x00, 0x00, 0x00, 0x00, 0x85, 0x21, 0xcb, 0x85, 0x21, 0xff, 0x85, 0x21, 0x13, 0x00, 0x00, 0x00, 0x00, 0x00, 0x00,
    0x00, 0x00, 0x00, 0x00, 0x00, 0x00, 0x00, 0x00, 0x00, 0x85, 0x21, 0xa9, 0x85, 0x21, 0xff, 0x85, 0x21, 0x53, 0x00, 0x00, 0x00, 0x85, 0x21, 0x73,
    0x85, 0x21, 0xff, 0x85, 0x21, 0x4f, 0x00, 0x00, 0x00, 0x85, 0x21, 0x72, 0x85, 0x21, 0xff, 0x85, 0x21, 0xf6, 0x85, 0x21, 0xff, 0x85, 0x21, 0xa9,
    0x85, 0x21, 0x15, 0x00, 0x00, 0x00, 0x00, 0x00, 0x00, 0x00, 0x00, 0x00, 0x00, 0x00, 0x00, 0x00, 0x00, 0x00, 0x85, 0x21, 0x34, 0x85, 0x21, 0xff,
    0x85, 0x21, 0x84, 0x00, 0x00, 0x00, 0x85, 0x21, 0xa8, 0x85, 0x21, 0xff, 0x85, 0x21, 0xe5, 0x85, 0x21, 0xff, 0x85, 0x21, 0xb5, 0x85, 0x21, 0xe7,
    0x85, 0x21, 0xff, 0x85, 0x21, 0xff, 0x85, 0x21, 0xff, 0x85, 0x21, 0xff, 0x85, 0x21, 0xff, 0x85, 0x21, 0x54, 0x00, 0x00, 0x00, 0x85, 0x21, 0xff,
    0x85, 0x21, 0xff, 0x85, 0x21, 0xff, 0x85, 0x21, 0xff, 0x85, 0x21, 0xff, 0x85, 0x21, 0xff, 0x85, 0x21, 0xff, 0x85, 0x21, 0xff, 0x85, 0x21, 0xff,
    0x85, 0x21, 0xff, 0x85, 0x21, 0xff, 0x85, 0x21, 0xff, 0x85, 0x21, 0xff, 0x85, 0x21, 0xf3, 0x00, 0x00, 0x00, 0x00, 0x00, 0x00, 0x85, 0x21, 0x05,
    0x85, 0x21, 0x46, 0x85, 0x21, 0xaf, 0x85, 0x21, 0xff, 0x85, 0x21, 0xff, 0x85, 0x21, 0xbe, 0x85, 0x21, 0x0f, 0x00, 0x00, 0x00, 0x85, 0x21, 0x03,
    0x85, 0x21, 0x63, 0x85, 0x21, 0xe3, 0x85, 0x21, 0xff, 0x85, 0x21, 0xed, 0x85, 0x21, 0x5b, 0x00, 0x00, 0x00, 0x85, 0x21, 0x26, 0x85, 0x21, 0xff,
    0x85, 0x21, 0xab, 0x85, 0x21, 0x03, 0x85, 0x21, 0x34, 0x85, 0x21, 0xff, 0x85, 0x21, 0xa7, 0x85, 0x21, 0xe5, 0x85, 0x21, 0xff, 0x85, 0x21, 0x17,
    0x00, 0x00, 0x00, 0x85, 0x21, 0x81, 0x85, 0x21, 0xff, 0x85, 0x21, 0x6f, 0x85, 0x21, 0xeb, 0x85, 0x21, 0x93, 0x00, 0x00, 0x00, 0x00, 0x00, 0x00,
    0x85, 0x21, 0xbf, 0x85, 0x21, 0xff, 0x85, 0x21, 0x13, 0x00, 0x00, 0x00, 0x00, 0x00, 0x00, 0x00, 0x00, 0x00, 0x00, 0x00, 0x00, 0x85, 0x21, 0xcb,
    0x85, 0x21, 0xff, 0x85, 0x21, 0x13, 0x00, 0x00, 0x00, 0x00, 0x00, 0x00, 0x00, 0x00, 0x00, 0x00, 0x00, 0x00, 0x85, 0x21, 0x11, 0x85, 0x21, 0xf5,
    0x85, 0x21, 0xfe, 0x85, 0x21, 0x1d, 0x85, 0x21, 0x36, 0x85, 0x21, 0x9f, 0x85, 0x21, 0xff, 0x85, 0x21, 0xc4, 0x85, 0x21, 0xc8, 0x85, 0x21, 0xee,
    0x85, 0x21, 0xc6, 0x85, 0x21, 0xff, 0x85, 0x21, 0xf1, 0x85, 0x21, 0x79, 0x85, 0x21, 0x1a, 0x00, 0x00, 0x00, 0x00, 0x00, 0x00, 0x00, 0x00, 0x00,
    0x00, 0x00, 0x00, 0x00, 0x00, 0x00, 0x85, 0x21, 0x7d, 0x85, 0x21, 0xff, 0x85, 0x21, 0x43, 0x85, 0x21, 0xed, 0x85, 0x21, 0xff, 0x85, 0x21, 0xfb,
    0x85, 0x21, 0xfa, 0x85, 0x21, 0xed, 0x85, 0x21, 0x56, 0x85, 0x21, 0xff, 0x85, 0x21, 0xf1, 0x85, 0x21, 0xd4, 0x85, 0x21, 0xb7, 0x85, 0x21, 0xb9,
    0x85, 0x21, 0xff, 0x85, 0x21, 0x89, 0x00, 0x00, 0x00, 0x85, 0x21, 0xf3, 0x85, 0x21, 0xf3, 0x85, 0x21, 0xf3, 0x85, 0x21, 0xf3, 0x85, 0x21, 0xf3,
    0x85, 0x21, 0xf3, 0x85, 0x21, 0xf3, 0x85, 0x21, 0xf3, 0x85, 0x21, 0xf3, 0x85, 0x21, 0xf3, 0x85, 0x21, 0xf3, 0x85, 0x21, 0xf3, 0x85, 0x21, 0xf3,
    0x85, 0x21, 0xe8, 0x00, 0x00, 0x00, 0x85, 0x21, 0x26, 0x85, 0x21, 0xef, 0x85, 0x21, 0xff, 0x85, 0x21, 0xff, 0x85, 0x21, 0xee, 0x85, 0x21, 0x65,
    0x85, 0x21, 0x01, 0x00, 0x00, 0x00, 0x00, 0x00, 0x00, 0x00, 0x00, 0x00, 0x00, 0x00, 0x00, 0x85, 0x21, 0x0a, 0x85, 0x21, 0x92, 0x85, 0x21, 0xfe,
    0x85, 0x21, 0xf8, 0x85, 0x21, 0x23, 0x85, 0x21, 0x71, 0x85, 0x21, 0xff, 0x85, 0x21, 0x65, 0x85, 0x21, 0xa1, 0x85, 0x21, 0xff, 0x85, 0x21, 0xff,
    0x85, 0x21, 0xdf, 0x85, 0x21, 0xff, 0x85, 0x21, 0xc9, 0x00, 0x00, 0x00, 0x00, 0x00, 0x00, 0x85, 0x21, 0x6b, 0x85, 0x21, 0xff, 0x85, 0x21, 0xff,
    0x85, 0x21, 0xff, 0x85, 0x21, 0x6e, 0x00, 0x00, 0x00, 0x00, 0x00, 0x00, 0x85, 0x21, 0xbf, 0x85, 0x21, 0xff, 0x85, 0x21, 0x13, 0x00, 0x00, 0x00,
    0x00, 0x00, 0x00, 0x00, 0x00, 0x00, 0x00, 0x00, 0x00, 0x85, 0x21, 0xcb, 0x85, 0x21, 0xff, 0x85, 0x21, 0x13, 0x00, 0x00, 0x00, 0x00, 0x00, 0x00,
    0x00, 0x00, 0x00, 0x00, 0x00, 0x00, 0x85, 0x21, 0x74, 0x85, 0x21, 0xff, 0x85, 0x21, 0xb5, 0x85, 0x21, 0x06, 0x85, 0x21, 0xfc, 0x85, 0x21, 0xff,
    0x85, 0x21, 0xff, 0x85, 0x21, 0xff, 0x85, 0x21, 0xfe, 0x85, 0x21, 0xe0, 0x85, 0x21, 0x21, 0x85, 0x21, 0x93, 0x85, 0x21, 0xff, 0x85, 0x21, 0xff,
    0x85, 0x21, 0xfb, 0x85, 0x21, 0x35, 0x00, 0x00, 0x00, 0x00, 0x00, 0x00, 0x00, 0x00, 0x00, 0x00, 0x00, 0x00, 0x85, 0x21, 0x1e, 0x85, 0x21, 0xa0,
    0x85, 0x21, 0x06, 0x85, 0x21, 0x8c, 0x85, 0x21, 0xba, 0x85, 0x21, 0x58, 0x85, 0x21, 0x32, 0x85, 0x21, 0x6a, 0x85, 0x21, 0x07, 0x85, 0x21, 0x0f,
    0x00, 0x00, 0x00, 0x00, 0x00, 0x00, 0x00, 0x00, 0x00, 0x85, 0x21, 0x24, 0x85, 0x21, 0xa3, 0x85, 0x21, 0x37, 0x00, 0x00, 0x00, 0x00, 0x00, 0x00,
    0x00, 0x00, 0x00, 0x00, 0x00, 0x00, 0x00, 0x00, 0x00, 0x00, 0x00, 0x00, 0x00, 0x00, 0x00, 0x00, 0x00, 0x00, 0x00, 0x00, 0x00, 0x00, 0x00, 0x00,
    0x00, 0x00, 0x00, 0x00, 0x00, 0x00, 0x00, 0x00, 0x00, 0x00, 0x00, 0x00, 0x00, 0x00, 0x00, 0x00, 0x00, 0x00, 0x00, 0x00, 0x00, 0x85, 0x21, 0x99,
    0x85, 0x21, 0xb3, 0x85, 0x21, 0x57, 0x85, 0x21, 0x09, 0x00, 0x00, 0x00, 0x00, 0x00, 0x00, 0x00, 0x00, 0x00, 0x00, 0x00, 0x00, 0x00, 0x00, 0x00,
    0x00, 0x00, 0x00, 0x00, 0x00, 0x00, 0x00, 0x00, 0x00, 0x85, 0x21, 0x4e, 0x85, 0x21, 0x5a, 0x00, 0x00, 0x00, 0x85, 0x21, 0x29, 0x85, 0x21, 0xb6,
    0x85, 0x21, 0x1e, 0x85, 0x21, 0x4c, 0x85, 0x21, 0xc3, 0x85, 0x21, 0x9a, 0x85, 0x21, 0x2c, 0x85, 0x21, 0xae, 0x85, 0x21, 0x4f, 0x00, 0x00, 0x00,
    0x00, 0x00, 0x00, 0x85, 0x21, 0x10, 0x85, 0x21, 0x95, 0x85, 0x21, 0xc7, 0x85, 0x21, 0xa0, 0x85, 0x21, 0x0a, 0x00, 0x00, 0x00, 0x00, 0x00, 0x00,
    0x85, 0x21, 0xb3, 0x85, 0x21, 0xef, 0x85, 0x21, 0x12, 0x00, 0x00, 0x00, 0x00, 0x00, 0x00, 0x00, 0x00, 0x00, 0x00, 0x00, 0x00, 0x85, 0x21, 0xc2,
    0x85, 0x21, 0xf3, 0x85, 0x21, 0x13, 0x00, 0x00, 0x00, 0x00, 0x00, 0x00, 0x00, 0x00, 0x00, 0x00, 0x00, 0x00, 0x85, 0x21, 0x18, 0x85, 0x21, 0xa4,
    0x85, 0x21, 0x48, 0x00, 0x00, 0x00, 0x85, 0x21, 0x9b, 0x85, 0x21, 0x89, 0x85, 0x21, 0x5f, 0x85, 0x21, 0x35, 0x85, 0x21, 0x0c, 0x00, 0x00, 0x00,
    0x00, 0x00, 0x00, 0x00, 0x00, 0x00, 0x85, 0x21, 0x35, 0x85, 0x21, 0xa2, 0x85, 0x21, 0x9e, 0x00, 0x00, 0x00, 0x00, 0x00, 0x00, 0x00, 0x00, 0x00,
    0x00, 0x00, 0x00, 0x00, 0x00, 0x00, 0x00, 0x00, 0x00, 0x00, 0x00, 0x00, 0x00, 0x00, 0x00, 0x00, 0x00, 0x00, 0x00, 0x00, 0x00, 0x00, 0x00, 0x00,
    0x00, 0x00, 0x00, 0x00, 0x00, 0x00, 0x00, 0x00, 0x00, 0x00, 0x00, 0x00, 0x00, 0x00, 0x00, 0x00, 0x00, 0x00, 0x00, 0x00, 0x00, 0x00, 0x00, 0x00,
    0x00, 0x00, 0x00, 0x00, 0x00, 0x00, 0x00, 0x00, 0x00, 0x00, 0x00, 0x00, 0x00, 0x00, 0x00, 0x00, 0x00, 0x00, 0x00, 0x00, 0x00, 0x00, 0x00, 0x00,
    0x00, 0x00, 0x00, 0x00, 0x00, 0x00, 0x00, 0x00, 0x00, 0x00, 0x00, 0x00, 0x00, 0x00, 0x00, 0x00, 0x00, 0x00, 0x00, 0x00, 0x00, 0x00, 0x00, 0x00,
    0x00, 0x00, 0x00, 0x00, 0x00, 0x00, 0x00, 0x00, 0x00, 0x00, 0x00, 0x00, 0x00, 0x00, 0x00, 0x00, 0x00, 0x00, 0x00, 0x00, 0x00, 0x00, 0x00, 0x00,
    0x00, 0x00, 0x00, 0x00, 0x00, 0x00, 0x00, 0x00, 0x00, 0x00, 0x00, 0x00, 0x00, 0x00, 0x00, 0x00, 0x00, 0x00, 0x00, 0x00, 0x00, 0x00, 0x00, 0x00,
    0x00, 0x00, 0x00, 0x00, 0x00, 0x00, 0x00, 0x00, 0x00, 0x00, 0x00, 0x00, 0x00, 0x00, 0x00, 0x00, 0x00, 0x00, 0x00, 0x00, 0x00, 0x00, 0x00, 0x00,
    0x00, 0x00, 0x00, 0x00, 0x00, 0x00, 0x85, 0x21, 0x01, 0x00, 0x00, 0x00, 0x00, 0x00, 0x00, 0x00, 0x00, 0x00, 0x00, 0x00, 0x00, 0x00, 0x00, 0x00,
    0x00, 0x00, 0x00, 0x00, 0x00, 0x00, 0x00, 0x00, 0x00, 0x00, 0x00, 0x00, 0x00, 0x00, 0x00, 0x00, 0x00, 0x00, 0x00, 0x00, 0x00, 0x00, 0x00, 0x00,
    0x00, 0x00, 0x00, 0x00, 0x00, 0x00, 0x00, 0x00, 0x00, 0x00, 0x00, 0x00, 0x00, 0x00, 0x00, 0x00, 0x00, 0x00, 0x00, 0x00, 0x00, 0x00, 0x00, 0x00,
    0x00, 0x00, 0x00, 0x00, 0x00, 0x00, 0x00, 0x00, 0x00, 0x00, 0x00, 0x00, 0x00, 0x00, 0x00, 0x00, 0x00, 0x00, 0x00, 0x00, 0x00, 0x00, 0x00, 0x00,
    0x00, 0x00, 0x00, 0x00, 0x00, 0x00, 0x00, 0x00, 0x00, 0x00, 0x00, 0x00, 0x00, 0x00, 0x00, 0x00, 0x00, 0x00, 0x00, 0x00, 0x00, 0x00, 0x00, 0x00,
    0x00, 0x00, 0x00, 0x00, 0x00, 0x00, 0x00, 0x00, 0x00, 0x00, 0x00, 0x00, 0x00, 0x00, 0x00, 0x00, 0x00, 0x00, 0x00, 0x00, 0x00, 0x00, 0x00, 0x00,
    0x00, 0x00, 0x00, 0x00, 0x00, 0x00, 0x00, 0x00, 0x00, 0x00, 0x00, 0x00, 0x00, 0x00, 0x00, 0x00, 0x00, 0x00, 0x00, 0x00, 0x00, 0x00, 0x00, 0x00,
    0x00, 0x00, 0x00, 0x00, 0x00, 0x00, 0x00, 0x00, 0x00, 0x00, 0x00, 0x00, 0x00, 0x00, 0x00, 0x00, 0x00, 0x00, 0x00, 0x00, 0x00, 0x00, 0x00, 0x00,
    0x00, 0x00, 0x00, 0x00, 0x00, 0x00, 0x00, 0x00, 0x00, 0x00, 0x00, 0x00, 0x00, 0x00, 0x00, 0x00, 0x00, 0x00, 0x00, 0x00, 0x00, 0x00, 0x00, 0x00,
    0x00, 0x00, 0x00, 0x00, 0x00, 0x00, 0x00, 0x00, 0x00, 0x00, 0x00, 0x00, 0x00, 0x00, 0x00, 0x00, 0x00, 0x00, 0x00, 0x00, 0x00, 0x00, 0x00, 0x00,
    0x00, 0x00, 0x00, 0x00, 0x00, 0x00, 0x00, 0x00, 0x00, 0x00, 0x00, 0x00, 0x00, 0x00, 0x00, 0x00, 0x00, 0x00, 0x00, 0x00, 0x00, 0x00, 0x00, 0x00,
    0x00, 0x00, 0x00, 0x00, 0x00, 0x00, 0x00, 0x00, 0x00, 0x00, 0x00, 0x00, 0x00, 0x00, 0x00, 0x00, 0x00, 0x00, 0x00, 0x00, 0x00, 0x00, 0x00, 0x00,
    0x00, 0x00, 0x00, 0x00, 0x00, 0x00, 0x00, 0x00, 0x00, 0x00, 0x00, 0x00, 0x00, 0x00, 0x00, 0x00, 0x00, 0x00, 0x00, 0x00, 0x00, 0x00, 0x00, 0x00,
    0x00, 0x00, 0x00, 0x00, 0x00, 0x00, 0x00, 0x00, 0x00, 0x00, 0x00, 0x00, 0x00, 0x00, 0x00, 0x00, 0x00, 0x00, 0x00, 0x00, 0x00, 0x00, 0x00, 0x00,
    0x00, 0x00, 0x00, 0x00, 0x00, 0x00, 0x00, 0x00, 0x00, 0x00, 0x00, 0x00, 0x00, 0x00, 0x00, 0x00, 0x00, 0x00, 0x00, 0x00, 0x00, 0x00, 0x00, 0x00,
    0x00, 0x00, 0x00, 0x00, 0x00, 0x00, 0x00, 0x00, 0x00, 0x00, 0x00, 0x00, 0x00, 0x00, 0x00, 0x00, 0x00, 0x00, 0x00, 0x00, 0x00, 0x00, 0x00, 0x00,
    0x00, 0x00, 0x00, 0x00, 0x00, 0x00, 0x00, 0x00, 0x00, 0x00, 0x00, 0x00, 0x00, 0x00, 0x00, 0x00, 0x00, 0x00, 0x00, 0x00, 0x00, 0x00, 0x00, 0x00,
    0x00, 0x00, 0x00, 0x00, 0x00, 0x00, 0x00, 0x00, 0x00, 0x00, 0x00, 0x00, 0x00, 0x00, 0x00, 0x00, 0x00, 0x00, 0x00, 0x00, 0x00, 0x00, 0x00, 0x00,
    0x00, 0x00, 0x00, 0x00, 0x00, 0x00, 0x00, 0x00, 0x00, 0x00, 0x00, 0x00, 0x00, 0x00, 0x00, 0x00, 0x00, 0x00, 0x00, 0x00, 0x00, 0x00, 0x00, 0x00,
    0x00, 0x00, 0x00, 0x00, 0x00, 0x00, 0x00, 0x00, 0x00, 0x00, 0x00, 0x00, 0x00, 0x00, 0x00, 0x00, 0x00, 0x00, 0x00, 0x00, 0x00, 0x00, 0x00, 0x00,
    0x00, 0x00, 0x00, 0x00, 0x00, 0x00, 0x00, 0x00, 0x00, 0x00, 0x00, 0x00, 0x00, 0x00, 0x00, 0x00, 0x00, 0x00, 0x00, 0x00, 0x00, 0x00, 0x00, 0x00,
    0x00, 0x00, 0x00, 0x00, 0x00, 0x00, 0x00, 0x00, 0x00, 0x00, 0x00, 0x00, 0x00, 0x00, 0x00, 0x00, 0x00, 0x00, 0x00, 0x00, 0x00, 0x00, 0x00, 0x00,
    0x00, 0x00, 0x00, 0x00, 0x00, 0x00, 0x00, 0x00, 0x00, 0x00, 0x00, 0x00, 0x00, 0x00, 0x00, 0x00, 0x00, 0x00, 0x00, 0x00, 0x00, 0x00, 0x00, 0x00,
    0x00, 0x00, 0x00, 0x00, 0x00, 0x00, 0x00, 0x00, 0x00, 0x00, 0x00, 0x00, 0x00, 0x00, 0x00, 0x00, 0x00, 0x00, 0x00, 0x00, 0x00, 0x00, 0x00, 0x00,
    0x00, 0x00, 0x00, 0x00, 0x00, 0x00, 0x00, 0x00, 0x00, 0x00, 0x00, 0x00, 0x00, 0x00, 0x00, 0x00, 0x00, 0x00, 0x00, 0x00, 0x00, 0x00, 0x00, 0x00,
    0x00, 0x00, 0x00, 0x00, 0x00, 0x00, 0x00, 0x00, 0x00, 0x00, 0x00, 0x00, 0x00, 0x00, 0x00, 0x00, 0x00, 0x00, 0x00, 0x00, 0x00, 0x00, 0x00, 0x00,
    0x00, 0x00, 0x00, 0x00, 0x00, 0x00, 0x00, 0x00, 0x00, 0x00, 0x00, 0x00, 0x00, 0x00, 0x00, 0x00, 0x00, 0x00, 0x00, 0x00, 0x00, 0x00, 0x00, 0x00,
    0x00, 0x00, 0x00, 0x00, 0x00, 0x00, 0x00, 0x00, 0x00, 0x00, 0x00, 0x00, 0x00, 0x00, 0x00, 0x00, 0x00, 0x00, 0x00, 0x00, 0x00, 0x00, 0x00, 0x00,
    0x00, 0x00, 0x00, 0x00, 0x00, 0x00, 0x00, 0x00, 0x00, 0x00, 0x00, 0x00, 0x00, 0x00, 0x00, 0x00, 0x00, 0x00, 0x00, 0x00, 0x00, 0x00, 0x00, 0x00,
    0x00, 0x00, 0x00, 0x00, 0x00, 0x00, 0x00, 0x00, 0x00, 0x00, 0x00, 0x00, 0x00, 0x00, 0x00, 0x00, 0x00, 0x00, 0x00, 0x00, 0x00, 0x00, 0x00, 0x00,
    0x00, 0x00, 0x00, 0x00, 0x00, 0x00, 0x00, 0x00, 0x00, 0x00, 0x00, 0x00,
};
const lv_img_dsc_t rx_triceps = {
    .header.always_zero = 0,
    .header.w = 100,
    .header.h = 21,
    .data_size = 6300,
    .header.cf = LV_IMG_CF_TRUE_COLOR_ALPHA,
    .data = rx_triceps_map,
};

#ifndef LV_ATTRIBUTE_IMG_RX_KNEE
#define LV_ATTRIBUTE_IMG_RX_KNEE
#endif
const LV_ATTRIBUTE_MEM_ALIGN LV_ATTRIBUTE_LARGE_CONST LV_ATTRIBUTE_IMG_RX_KNEE uint8_t rx_knee_map[] = {
    0x00, 0x00, 0x00, 0x00, 0x00, 0x00, 0x00, 0x00, 0x00, 0x00, 0x00, 0x00, 0x00, 0x00, 0x00, 0x00, 0x00, 0x00, 0x00, 0x00, 0x00, 0x00, 0x00, 0x00,
    0x00, 0x00, 0x00, 0x00, 0x00, 0x00, 0x00, 0x00, 0x00, 0x00, 0x00, 0x00, 0x00, 0x00, 0x00, 0x00, 0x00, 0x00, 0x00, 0x00, 0x00, 0x00, 0x00, 0x00,
    0x00, 0x00, 0x00, 0x00, 0x00, 0x00, 0x00, 0x00, 0x00, 0x00, 0x00, 0x00, 0x00, 0x00, 0x00, 0x00, 0x00, 0x00, 0x00, 0x00, 0x00, 0x00, 0x00, 0x00,
    0x00, 0x00, 0x00, 0x00, 0x00, 0x00, 0x00, 0x00, 0x00, 0x00, 0x00, 0x00, 0x00, 0x00, 0x00, 0x00, 0x00, 0x00, 0x00, 0x00, 0x00, 0x00, 0x00, 0x00,
    0x00, 0x00, 0x00, 0x00, 0x00, 0x00, 0x00, 0x00, 0x00, 0x00, 0x00, 0x00, 0x00, 0x00, 0x00, 0x00, 0x00, 0x00, 0x00, 0x00, 0x00, 0x00, 0x00, 0x00,
    0x00, 0x00, 0x00, 0x00, 0x00, 0x00, 0x00, 0x00, 0x00, 0x00, 0x00, 0x00, 0x00, 0x00, 0x00, 0x00, 0x00, 0x00, 0x00, 0x00, 0x00, 0x00, 0x00, 0x00,
    0x00, 0x00, 0x00, 0x00, 0x00, 0x00, 0x00, 0x00, 0x00, 0x00, 0x00, 0x00, 0x00, 0x00, 0x00, 0x00, 0x00, 0x00, 0x00, 0x00, 0x00, 0x00, 0x00, 0x00,
    0x00, 0x00, 0x00, 0x00, 0x00, 0x00, 0x00, 0x00, 0x00, 0x00, 0x00, 0x00, 0x00, 0x00, 0x00, 0x00, 0x00, 0x00, 0x00, 0x00, 0x00, 0x00, 0x00, 0x00,
    0x00, 0x00, 0x00, 0x00, 0x00, 0x00, 0x00, 0x00, 0x00, 0x00, 0x00, 0x00, 0x00, 0x00, 0x00, 0x00, 0x00, 0x00, 0x00, 0x00, 0x00, 0x00, 0x00, 0x00,
    0x00, 0x00, 0x00, 0x00, 0x00, 0x00, 0x00, 0x00, 0x00, 0x00, 0x00, 0x00, 0x00, 0x00, 0x00, 0x00, 0x00, 0x00, 0x00, 0x00, 0x00, 0x00, 0x00, 0x00,
    0x00, 0x00, 0x00, 0x00, 0x00, 0x00, 0x00, 0x00, 0x00, 0x00, 0x00, 0x00, 0x00, 0x00, 0x00, 0x00, 0x00, 0x00, 0x00, 0x00, 0x00, 0x00, 0x00, 0x00,
    0x00, 0x00, 0x00, 0x00, 0x00, 0x00, 0x00, 0x00, 0x00, 0x00, 0x00, 0x00, 0x00, 0x00, 0x00, 0x00, 0x00, 0x00, 0x00, 0x00, 0x00, 0x00, 0x00, 0x00,
    0x00, 0x00, 0x00, 0x00, 0x00, 0x00, 0x00, 0x00, 0x00, 0x00, 0x00, 0x00, 0x00, 0x00, 0x00, 0x00, 0x00, 0x00, 0x00, 0x00, 0x00, 0x00, 0x00, 0x00,
    0x00, 0x00, 0x00, 0x00, 0x00, 0x00, 0x00, 0x00, 0x00, 0x00, 0x00, 0x00, 0x00, 0x00, 0x00, 0x00, 0x00, 0x00, 0x00, 0x00, 0x00, 0x00, 0x00, 0x00,
    0x00, 0x00, 0x00, 0x00, 0x00, 0x00, 0x00, 0x00, 0x00, 0x00, 0x00, 0x00, 0x00, 0x00, 0x00, 0x00, 0x00, 0x00, 0x00, 0x00, 0x00, 0x00, 0x00, 0x00,
    0x00, 0x00, 0x00, 0x00, 0x00, 0x00, 0x00, 0x00, 0x00, 0x00, 0x00, 0x00, 0x00, 0x00, 0x00, 0x00, 0x00, 0x00, 0x00, 0x00, 0x00, 0x00, 0x00, 0x00,
    0x00, 0x00, 0x00, 0x00, 0x00, 0x00, 0x00, 0x00, 0x00, 0x00, 0x00, 0x00, 0x00, 0x00, 0x00, 0x00, 0x00, 0x00, 0x00, 0x00, 0x00, 0x00, 0x00, 0x00,
    0x00, 0x00, 0x00, 0x00, 0x00, 0x00, 0x00, 0x00, 0x00, 0x00, 0x00, 0x00, 0x00, 0x00, 0x00, 0x00, 0x00, 0x00, 0x00, 0x00, 0x00, 0x00, 0x00, 0x00,
    0x00, 0x00, 0x00, 0x00, 0x00, 0x00, 0x00, 0x00, 0x00, 0x00, 0x00, 0x00, 0x00, 0x00, 0x00, 0x00, 0x00, 0x00, 0x00, 0x00, 0x00, 0x00, 0x00, 0x00,
    0x00, 0x00, 0x00, 0x00, 0x00, 0x00, 0x00, 0x00, 0x00, 0x00, 0x00, 0x00, 0x00, 0x00, 0x00, 0x00, 0x00, 0x00, 0x00, 0x00, 0x00, 0x00, 0x00, 0x00,
    0x00, 0x00, 0x00, 0x00, 0x00, 0x00, 0x00, 0x00, 0x00, 0x00, 0x00, 0x00, 0x00, 0x00, 0x00, 0x00, 0x00, 0x00, 0x00, 0x00, 0x00, 0x00, 0x00, 0x00,
    0x00, 0x00, 0x00, 0x00, 0x00, 0x00, 0x00, 0x00, 0x00, 0x00, 0x00, 0x00, 0x00, 0x00, 0x00, 0x00, 0x00, 0x00, 0x00, 0x00, 0x00, 0x00, 0x00, 0x00,
    0x00, 0x00, 0x00, 0x00, 0x00, 0x00, 0x00, 0x00, 0x00, 0x85, 0x21, 0x32, 0x85, 0x21, 0xe7, 0x85, 0x21, 0x8d, 0x00, 0x00, 0x00, 0x00, 0x00, 0x00,
    0x00, 0x00, 0x00, 0x00, 0x00, 0x00, 0x00, 0x00, 0x00, 0x00, 0x00, 0x00, 0x00, 0x00, 0x00, 0x85, 0x21, 0x02, 0x85, 0x21, 0x60, 0x85, 0x21, 0x59,
    0x00, 0x00, 0x00, 0x00, 0x00, 0x00, 0x00, 0x00, 0x00, 0x00, 0x00, 0x00, 0x85, 0x21, 0x91, 0x85, 0x21, 0x9a, 0x85, 0x21, 0x2a, 0x00, 0x00, 0x00,
    0x00, 0x00, 0x00, 0x00, 0x00, 0x00, 0x00, 0x00, 0x00, 0x00, 0x00, 0x00, 0x00, 0x00, 0x00, 0x00, 0x00, 0x00, 0x85, 0x21, 0xb1, 0x85, 0x21, 0xe7,
    0x85, 0x21, 0x2f, 0x00, 0x00, 0x00, 0x00, 0x00, 0x00, 0x85, 0x21, 0x20, 0x85, 0x21, 0xe7, 0x85, 0x21, 0xce, 0x00, 0x00, 0x00, 0x00, 0x00, 0x00,
    0x00, 0x00, 0x00, 0x00, 0x00, 0x00, 0x00, 0x00, 0x00, 0x00, 0x00, 0x00, 0x00, 0x00, 0x00, 0x00, 0x00, 0x00, 0x00, 0x00, 0x00, 0x00, 0x00, 0x00,
    0x00, 0x00, 0x00, 0x00, 0x00, 0x00, 0x00, 0x00, 0x00, 0x00, 0x00, 0x00, 0x00, 0x00, 0x00, 0x00, 0x00, 0x00, 0x00, 0x00, 0x00, 0x00, 0x00, 0x00,
    0x00, 0x00, 0x00, 0x00, 0x00, 0x00, 0x00, 0x00, 0x00, 0x00, 0x00, 0x00, 0x00, 0x00, 0x00, 0x85, 0x21, 0x57, 0x85, 0x21, 0x97, 0x85, 0x21, 0x2b,
    0x00, 0x00, 0x00, 0x00, 0x00, 0x00, 0x00, 0x00, 0x00, 0x85, 0x21, 0xac, 0x85, 0x21, 0xd7, 0x85, 0x21, 0x10, 0x00, 0x00, 0x00, 0x00, 0x00, 0x00,
    0x00, 0x00, 0x00, 0x00, 0x00, 0x00, 0x00, 0x00, 0x00, 0x00, 0x00, 0x00, 0x00, 0x00, 0x00, 0x00, 0x00, 0x00, 0x00, 0x00, 0x00, 0x85, 0x21, 0xaf,
    0x85, 0x21, 0xff, 0x85, 0x21, 0xff, 0x85, 0x21, 0xff, 0x85, 0x21, 0xdf, 0x85, 0x21, 0x55, 0x85, 0x21, 0x97, 0x85, 0x21, 0x97, 0x85, 0x21, 0xae,
    0x85, 0x21, 0xff, 0x85, 0x21, 0xd7, 0x85, 0x21, 0x97, 0x85, 0x21, 0x97, 0x85, 0x21, 0x97, 0x85, 0x21, 0x17, 0x00, 0x00, 0x00, 0x00, 0x00, 0x00,
    0x00, 0x00, 0x00, 0x85, 0x21, 0x23, 0x85, 0x21, 0xf9, 0x85, 0x21, 0xf0, 0x85, 0x21, 0x1b, 0x00, 0x00, 0x00, 0x00, 0x00, 0x00, 0x85, 0x21, 0x12,
    0x85, 0x21, 0xf6, 0x85, 0x21, 0xfd, 0x85, 0x21, 0x2f, 0x00, 0x00, 0x00, 0x00, 0x00, 0x00, 0x00, 0x00, 0x00, 0x00, 0x00, 0x00, 0x00, 0x00, 0x00,
    0x00, 0x00, 0x00, 0x00, 0x00, 0x00, 0x85, 0x21, 0xc3, 0x85, 0x21, 0xff, 0x85, 0x21, 0x33, 0x00, 0x00, 0x00, 0x00, 0x00, 0x00, 0x85, 0x21, 0x23,
    0x85, 0x21, 0xff, 0x85, 0x21, 0xe3, 0x00, 0x00, 0x00, 0x00, 0x00, 0x00, 0x00, 0x00, 0x00, 0x00, 0x00, 0x00, 0x00, 0x00, 0x00, 0x00, 0x00, 0x00,
    0x85, 0x21, 0xeb, 0x85, 0x21, 0xff, 0x85, 0x21, 0xff, 0x85, 0x21, 0xff, 0x85, 0x21, 0xff, 0x85, 0x21, 0xff, 0x85, 0x21, 0xff, 0x85, 0x21, 0xff,
    0x85, 0x21, 0xff, 0x85, 0x21, 0xff, 0x85, 0x21, 0xff, 0x85, 0x21, 0xff, 0x85, 0x21, 0x5f, 0x00, 0x00, 0x00, 0x00, 0x00, 0x00, 0x00, 0x00, 0x00,
    0x00, 0x00, 0x00, 0x85, 0x21, 0xcf, 0x85, 0x21, 0xff, 0x85, 0x21, 0x4d, 0x00, 0x00, 0x00, 0x00, 0x00, 0x00, 0x00, 0x00, 0x00, 0x85, 0x21, 0xcb,
    0x85, 0x21, 0xff, 0x85, 0x21, 0x13, 0x00, 0x00, 0x00, 0x00, 0x00, 0x00, 0x00, 0x00, 0x00, 0x00, 0x00, 0x00, 0x00, 0x00, 0x00, 0x00, 0x00, 0x00,
    0x00, 0x00, 0x00, 0x00, 0x00, 0x00, 0x00, 0x00, 0x00, 0x85, 0x21, 0xaf, 0x85, 0x21, 0xfa, 0x85, 0x21, 0xbf, 0x85, 0x21, 0xf3, 0x85, 0x21, 0xdf,
    0x85, 0x21, 0x8f, 0x85, 0x21, 0xff, 0x85, 0x21, 0xff, 0x85, 0x21, 0xff, 0x85, 0x21, 0xff, 0x85, 0x21, 0xff, 0x85, 0x21, 0xff, 0x85, 0x21, 0xff,
    0x85, 0x21, 0xff, 0x85, 0x21, 0x27, 0x00, 0x00, 0x00, 0x00, 0x00, 0x00, 0x00, 0x00, 0x00, 0x00, 0x00, 0x00, 0x85, 0x21, 0x8b, 0x85, 0x21, 0xff,
    0x85, 0x21, 0x92, 0x00, 0x00, 0x00, 0x00, 0x00, 0x00, 0x85, 0x21, 0x87, 0x85, 0x21, 0xff, 0x85, 0x21, 0x99, 0x00, 0x00, 0x00, 0x00, 0x00, 0x00,
    0x00, 0x00, 0x00, 0x00, 0x00, 0x00, 0x85, 0x21, 0x37, 0x85, 0x21, 0xff, 0x85, 0x21, 0xff, 0x85, 0x21, 0xff, 0x85, 0x21, 0xff, 0x85, 0x21, 0xff,
    0x85, 0x21, 0xff, 0x85, 0x21, 0xff, 0x85, 0x21, 0xff, 0x85, 0x21, 0xff, 0x85, 0x21, 0xff, 0x85, 0x21, 0xff, 0x85, 0x21, 0xff, 0x85, 0x21, 0xff,
    0x85, 0x21, 0xff, 0x85, 0x21, 0x3b, 0x00, 0x00, 0x00, 0x00, 0x00, 0x00, 0x85, 0x21, 0xeb, 0x85, 0x21, 0xff, 0x85, 0x21, 0xad, 0x85, 0x21, 0xab,
    0x85, 0x21, 0xab, 0x85, 0x21, 0xab, 0x85, 0x21, 0xab, 0x85, 0x21, 0xab, 0x85, 0x21, 0xab, 0x85, 0x21, 0xab, 0x85, 0x21, 0xdb, 0x85, 0x21, 0xff,
    0x85, 0x21, 0x5f, 0x00, 0x00, 0x00, 0x00, 0x00, 0x00, 0x00, 0x00, 0x00, 0x85, 0x21, 0x3f, 0x85, 0x21, 0xff, 0x85, 0x21, 0xdf, 0x85, 0x21, 0x02,
    0x00, 0x00, 0x00, 0x00, 0x00, 0x00, 0x00, 0x00, 0x00, 0x85, 0x21, 0xcb, 0x85, 0x21, 0xff, 0x85, 0x21, 0x13, 0x00, 0x00, 0x00, 0x00, 0x00, 0x00,
    0x00, 0x00, 0x00, 0x00, 0x00, 0x00, 0x00, 0x00, 0x00, 0x00, 0x00, 0x00, 0x00, 0x00, 0x00, 0x00, 0x00, 0x00, 0x00, 0x00, 0x00, 0x85, 0x21, 0xaf,
    0x85, 0x21, 0xeb, 0x00, 0x00, 0x00, 0x85, 0x21, 0xcf, 0x85, 0x21, 0xdf, 0x00, 0x00, 0x00, 0x85, 0x21, 0x17, 0x85, 0x21, 0xc9, 0x85, 0x21, 0xff,
    0x85, 0x21, 0xff, 0x85, 0x21, 0xff, 0x85, 0x21, 0xfa, 0x85, 0x21, 0x66, 0x00, 0x00, 0x00, 0x00, 0x00, 0x00, 0x00, 0x00, 0x00, 0x00, 0x00, 0x00,
    0x00, 0x00, 0x00, 0x00, 0x00, 0x00, 0x85, 0x21, 0x18, 0x85, 0x21, 0xec, 0x85, 0x21, 0x6c, 0x00, 0x00, 0x00, 0x00, 0x00, 0x00, 0x85, 0x21, 0x77,
    0x85, 0x21, 0xd0, 0x85, 0x21, 0x11, 0x00, 0x00, 0x00, 0x00, 0x00, 0x00, 0x00, 0x00, 0x00, 0x00, 0x00, 0x00, 0x85, 0x21, 0x2f, 0x85, 0x21, 0xd7,
    0x85, 0x21, 0xd7, 0x85, 0x21, 0xd7, 0x85, 0x21, 0xf6, 0x85, 0x21, 0xff, 0x85, 0x21, 0xe0, 0x85, 0x21, 0xd7, 0x85, 0x21, 0xd7, 0x85, 0x21, 0xdd,
    0x85, 0x21, 0xff, 0x85, 0x21, 0xfb, 0x85, 0x21, 0xd7, 0x85, 0x21, 0xd7, 0x85, 0x21, 0xd7, 0x85, 0x21, 0x32, 0x00, 0x00, 0x00, 0x00, 0x00, 0x00,
    0x85, 0x21, 0xeb, 0x85, 0x21, 0xff, 0x85, 0x21, 0x03, 0x00, 0x00, 0x00, 0x00, 0x00, 0x00, 0x00, 0x00, 0x00, 0x00, 0x00, 0x00, 0x00, 0x00, 0x00,
    0x00, 0x00, 0x00, 0x00, 0x00, 0x00, 0x85, 0x21, 0x8f, 0x85, 0x21, 0xff, 0x85, 0x21, 0x5f, 0x00, 0x00, 0x00, 0x00, 0x00, 0x00, 0x00, 0x00, 0x00,
    0x85, 0x21, 0xb1, 0x85, 0x21, 0xff, 0x85, 0x21, 0x76, 0x85, 0x21, 0xcf, 0x85, 0x21, 0xff, 0x85, 0x21, 0xff, 0x85, 0x21, 0xff, 0x85, 0x21, 0xff,
    0x85, 0x21, 0xff, 0x85, 0x21, 0xff, 0x85, 0x21, 0xff, 0x85, 0x21, 0xff, 0x85, 0x21, 0xff, 0x85, 0x21, 0x37, 0x00, 0x00, 0x00, 0x00, 0x00, 0x00,
    0x00, 0x00, 0x00, 0x00, 0x00, 0x00, 0x00, 0x00, 0x00, 0x85, 0x21, 0xaf, 0x85, 0x21, 0xfa, 0x85, 0x21, 0xb7, 0x85, 0x21, 0xf2, 0x85, 0x21, 0xe2,
    0x85, 0x21, 0x60, 0x85, 0x21, 0xe6, 0x85, 0x21, 0xec, 0x85, 0x21, 0x71, 0x85, 0x21, 0xff, 0x85, 0x21, 0xad, 0x85, 0x21, 0xd2, 0x85, 0x21, 0xff,
    0x85, 0x21, 0xaa, 0x85, 0x21, 0x21, 0x00, 0x00, 0x00, 0x00, 0x00, 0x00, 0x00, 0x00, 0x00, 0x85, 0x21, 0xd7, 0x85, 0x21, 0xff, 0x85, 0x21, 0xff,
    0x85, 0x21, 0xff, 0x85, 0x21, 0xff, 0x85, 0x21, 0xff, 0x85, 0x21, 0xff, 0x85, 0x21, 0xff, 0x85, 0x21, 0xff, 0x85, 0x21, 0xdb, 0x00, 0x00, 0x00,
    0x00, 0x00, 0x00, 0x00, 0x00, 0x00, 0x00, 0x00, 0x00, 0x00, 0x00, 0x00, 0x00, 0x00, 0x00, 0x00, 0x00, 0x00, 0x85, 0x21, 0xc3, 0x85, 0x21, 0xff,
    0x85, 0x21, 0x33, 0x00, 0x00, 0x00, 0x00, 0x00, 0x00, 0x85, 0x21, 0x23, 0x85, 0x21, 0xff, 0x85, 0x21, 0xe3, 0x00, 0x00, 0x00, 0x00, 0x00, 0x00,
    0x00, 0x00, 0x00, 0x00, 0x00, 0x00, 0x00, 0x00, 0x00, 0x00, 0x00, 0x00, 0x85, 0x21, 0xeb, 0x85, 0x21, 0xff, 0x85, 0x21, 0xff, 0x85, 0x21, 0xff,
    0x85, 0x21, 0xff, 0x85, 0x21, 0xff, 0x85, 0x21, 0xff, 0x85, 0x21, 0xff, 0x85, 0x21, 0xff, 0x85, 0x21, 0xff, 0x85, 0x21, 0xff, 0x85, 0x21, 0xff,
    0x85, 0x21, 0x5f, 0x00, 0x00, 0x00, 0x00, 0x00, 0x00, 0x85, 0x21, 0x4c, 0x85, 0x21, 0xff, 0x85, 0x21, 0xff, 0x85, 0x21, 0x1d, 0x85, 0x21, 0xcf,
    0x85, 0x21, 0xfe, 0x85, 0x21, 0xbf, 0x85, 0x21, 0xbf, 0x85, 0x21, 0xf2, 0x85, 0x21, 0xff, 0x85, 0x21, 0xc4, 0x85, 0x21, 0xbf, 0x85, 0x21, 0xea,
    0x85, 0x21, 0xff, 0x85, 0x21, 0x37, 0x00, 0x00, 0x00, 0x00, 0x00, 0x00, 0x00, 0x00, 0x00, 0x00, 0x00, 0x00, 0x00, 0x00, 0x00, 0x85, 0x21, 0xaf,
    0x85, 0x21, 0xff, 0x85, 0x21, 0xff, 0x85, 0x21, 0xff, 0x85, 0x21, 0xe3, 0x85, 0x21, 0xbb, 0x85, 0x21, 0xc0, 0x85, 0x21, 0x26, 0x85, 0x21, 0x9c,
    0x85, 0x21, 0xff, 0x85, 0x21, 0xbf, 0x85, 0x21, 0x1d, 0x85, 0x21, 0xc7, 0x85, 0x21, 0xfd, 0x85, 0x21, 0x49, 0x00, 0x00, 0x00, 0x00, 0x00, 0x00,
    0x00, 0x00, 0x00, 0x85, 0x21, 0xaf, 0x85, 0x21, 0xcf, 0x85, 0x21, 0xcf, 0x85, 0x21, 0xd4, 0x85, 0x21, 0xff, 0x85, 0x21, 0xfa, 0x85, 0x21, 0xcf,
    0x85, 0x21, 0xcf, 0x85, 0x21, 0xcf, 0x85, 0x21, 0xb2, 0x00, 0x00, 0x00, 0x00, 0x00, 0x00, 0x00, 0x00, 0x00, 0x00, 0x00, 0x00, 0x00, 0x00, 0x00,
    0x00, 0x00, 0x00, 0x00, 0x00, 0x00, 0x85, 0x21, 0x4c, 0x85, 0x21, 0x63, 0x85, 0x21, 0x14, 0x00, 0x00, 0x00, 0x00, 0x00, 0x00, 0x85, 0x21, 0x0e,
    0x85, 0x21, 0x63, 0x85, 0x21, 0x59, 0x00, 0x00, 0x00, 0x00, 0x00, 0x00, 0x00, 0x00, 0x00, 0x00, 0x00, 0x00, 0x00, 0x00, 0x00, 0x00, 0x00, 0x00,
    0x85, 0x21, 0xec, 0x85, 0x21, 0xff, 0x85, 0x21, 0xad, 0x85, 0x21, 0xab, 0x85, 0x21, 0xab, 0x85, 0x21, 0xab, 0x85, 0x21, 0xad, 0x85, 0x21, 0xaf,
    0x85, 0x21, 0xad, 0x85, 0x21, 0xab, 0x85, 0x21, 0xab, 0x85, 0x21, 0xab, 0x85, 0x21, 0x40, 0x00, 0x00, 0x00, 0x85, 0x21, 0x23, 0x85, 0x21, 0xe9,
    0x85, 0x21, 0xff, 0x85, 0x21, 0xff, 0x85, 0x21, 0x13, 0x85, 0x21, 0xcf, 0x85, 0x21, 0xfb, 0x00, 0x00, 0x00, 0x00, 0x00, 0x00, 0x85, 0x21, 0xcb,
    0x85, 0x21, 0xff, 0x85, 0x21, 0x13, 0x00, 0x00, 0x00, 0x85, 0x21, 0xab, 0x85, 0x21, 0xff, 0x85, 0x21, 0x37, 0x00, 0x00, 0x00, 0x00, 0x00, 0x00,
    0x00, 0x00, 0x00, 0x00, 0x00, 0x00, 0x00, 0x00, 0x00, 0x85, 0x21, 0xaf, 0x85, 0x21, 0xeb, 0x00, 0x00, 0x00, 0x85, 0x21, 0xcf, 0x85, 0x21, 0xdf,
    0x85, 0x21, 0x0b, 0x85, 0x21, 0x0c, 0x85, 0x21, 0xa7, 0x85, 0x21, 0xff, 0x85, 0x21, 0xc8, 0x85, 0x21, 0xf8, 0x85, 0x21, 0xc6, 0x85, 0x21, 0x1e,
    0x85, 0x21, 0x40, 0x00, 0x00, 0x00, 0x00, 0x00, 0x00, 0x00, 0x00, 0x00, 0x00, 0x00, 0x00, 0x00, 0x00, 0x00, 0x00, 0x00, 0x00, 0x00, 0x00, 0x00,
    0x85, 0x21, 0x17, 0x85, 0x21, 0xff, 0x85, 0x21, 0xe3, 0x00, 0x00, 0x00, 0x00, 0x00, 0x00, 0x00, 0x00, 0x00, 0x00, 0x00, 0x00, 0x00, 0x00, 0x00,
    0x00, 0x00, 0x00, 0x00, 0x00, 0x00, 0x00, 0x00, 0x00, 0x85, 0x21, 0x68, 0x85, 0x21, 0xd7, 0x85, 0x21, 0xd7, 0x85, 0x21, 0xd7, 0x85, 0x21, 0xd7,
    0x85, 0x21, 0xd7, 0x85, 0x21, 0xd7, 0x85, 0x21, 0xd7, 0x85, 0x21, 0xd7, 0x85, 0x21, 0xd7, 0x85, 0x21, 0xd7, 0x85, 0x21, 0xd7, 0x85, 0x21, 0xcd,
    0x00, 0x00, 0x00, 0x00, 0x00, 0x00, 0x00, 0x00, 0x00, 0x00, 0x00, 0x00, 0x85, 0x21, 0xef, 0x85, 0x21, 0xfe, 0x00, 0x00, 0x00, 0x85, 0x21, 0x7d,
    0x85, 0x21, 0x67, 0x00, 0x00, 0x00, 0x85, 0x21, 0x6b, 0x85, 0x21, 0xff, 0x85, 0x21, 0x73, 0x00, 0x00, 0x00, 0x85, 0x21, 0x5a, 0x85, 0x21, 0x83,
    0x85, 0x21, 0x12, 0x00, 0x00, 0x00, 0x85, 0x21, 0xb0, 0x85, 0x21, 0xff, 0x85, 0x21, 0xff, 0x85, 0x21, 0xff, 0x85, 0x21, 0x13, 0x85, 0x21, 0xcf,
    0x85, 0x21, 0xff, 0x85, 0x21, 0xff, 0x85, 0x21, 0xff, 0x85, 0x21, 0xff, 0x85, 0x21, 0xff, 0x85, 0x21, 0xff, 0x85, 0x21, 0xff, 0x85, 0x21, 0xff,
    0x85, 0x21, 0xff, 0x85, 0x21, 0x37, 0x00, 0x00, 0x00, 0x00, 0x00, 0x00, 0x00, 0x00, 0x00, 0x00, 0x00, 0x00, 0x00, 0x00, 0x00, 0x85, 0x21, 0xb5,
    0x85, 0x21, 0xe8, 0x00, 0x00, 0x00, 0x85, 0x21, 0xcf, 0x85, 0x21, 0xe1, 0x85, 0x21, 0x5b, 0x85, 0x21, 0xe4, 0x85, 0x21, 0xff, 0x85, 0x21, 0xb1,
    0x85, 0x21, 0x06, 0x85, 0x21, 0x41, 0x85, 0x21, 0xf2, 0x85, 0x21, 0xf4, 0x85, 0x21, 0xa2, 0x85, 0x21, 0x38, 0x00, 0x00, 0x00, 0x00, 0x00, 0x00,
    0x00, 0x00, 0x00, 0x00, 0x00, 0x00, 0x00, 0x00, 0x00, 0x00, 0x00, 0x00, 0x85, 0x21, 0x17, 0x85, 0x21, 0xff, 0x85, 0x21, 0xe3, 0x00, 0x00, 0x00,
    0x00, 0x00, 0x00, 0x00, 0x00, 0x00, 0x00, 0x00, 0x00, 0x00, 0x00, 0x00, 0x00, 0x00, 0x00, 0x00, 0x00, 0x00, 0x00, 0x00, 0x00, 0x85, 0x21, 0x7b,
    0x85, 0x21, 0xff, 0x85, 0x21, 0xff, 0x85, 0x21, 0xff, 0x85, 0x21, 0xff, 0x85, 0x21, 0xff, 0x85, 0x21, 0xff, 0x85, 0x21, 0xff, 0x85, 0x21, 0xff,
    0x85, 0x21, 0xff, 0x85, 0x21, 0xff, 0x85, 0x21, 0xff, 0x85, 0x21, 0xf3, 0x00, 0x00, 0x00, 0x00, 0x00, 0x00, 0x00, 0x00, 0x00, 0x00, 0x00, 0x00,
    0x85, 0x21, 0xf5, 0x85, 0x21, 0xf7, 0x00, 0x00, 0x00, 0x85, 0x21, 0xf3, 0x85, 0x21, 0xc7, 0x00, 0x00, 0x00, 0x85, 0x21, 0x6b, 0x85, 0x21, 0xff,
    0x85, 0x21, 0x73, 0x00, 0x00, 0x00, 0x85, 0x21, 0xaf, 0x85, 0x21, 0xff, 0x85, 0x21, 0x23, 0x00, 0x00, 0x00, 0x85, 0x21, 0x43, 0x85, 0x21, 0xd9,
    0x85, 0x21, 0xce, 0x85, 0x21, 0xff, 0x85, 0x21, 0x13, 0x85, 0x21, 0xcf, 0x85, 0x21, 0xfe, 0x85, 0x21, 0xab, 0x85, 0x21, 0xab, 0x85, 0x21, 0xee,
    0x85, 0x21, 0xff, 0x85, 0x21, 0xb2, 0x85, 0x21, 0xab, 0x85, 0x21, 0xe4, 0x85, 0x21, 0xff, 0x85, 0x21, 0x37, 0x00, 0x00, 0x00, 0x00, 0x00, 0x00,
    0x00, 0x00, 0x00, 0x00, 0x00, 0x00, 0x00, 0x00, 0x00, 0x85, 0x21, 0xbe, 0x85, 0x21, 0xfa, 0x85, 0x21, 0xc3, 0x85, 0x21, 0xf4, 0x85, 0x21, 0xe4,
    0x85, 0x21, 0xd5, 0x85, 0x21, 0xf5, 0x85, 0x21, 0x7e, 0x85, 0x21, 0x24, 0x85, 0x21, 0xa7, 0x85, 0x21, 0x53, 0x85, 0x21, 0x2b, 0x85, 0x21, 0xbe,
    0x85, 0x21, 0xff, 0x85, 0x21, 0x45, 0x00, 0x00, 0x00, 0x00, 0x00, 0x00, 0x85, 0x21, 0x4f, 0x85, 0x21, 0xff, 0x85, 0x21, 0xff, 0x85, 0x21, 0xff,
    0x85, 0x21, 0xff, 0x85, 0x21, 0xff, 0x85, 0x21, 0xff, 0x85, 0x21, 0xff, 0x85, 0x21, 0xff, 0x85, 0x21, 0xff, 0x85, 0x21, 0xff, 0x85, 0x21, 0x5b,
    0x00, 0x00, 0x00, 0x00, 0x00, 0x00, 0x00, 0x00, 0x00, 0x00, 0x00, 0x00, 0x00, 0x00, 0x00, 0x00, 0x00, 0x00, 0x00, 0x00, 0x00, 0x85, 0x21, 0xb3,
    0x85, 0x21, 0xff, 0x85, 0x21, 0x57, 0x00, 0x00, 0x00, 0x00, 0x00, 0x00, 0x00, 0x00, 0x00, 0x85, 0x21, 0x0f, 0x85, 0x21, 0xff, 0x85, 0x21, 0xf3,
    0x00, 0x00, 0x00, 0x00, 0x00, 0x00, 0x00, 0x00, 0x00, 0x85, 0x21, 0x03, 0x85, 0x21, 0xfd, 0x85, 0x21, 0xec, 0x00, 0x00, 0x00, 0x85, 0x21, 0xf3,
    0x85, 0x21, 0xc7, 0x00, 0x00, 0x00, 0x85, 0x21, 0x6b, 0x85, 0x21, 0xff, 0x85, 0x21, 0x73, 0x00, 0x00, 0x00, 0x85, 0x21, 0xaf, 0x85, 0x21, 0xff,
    0x85, 0x21, 0x23, 0x00, 0x00, 0x00, 0x00, 0x00, 0x00, 0x85, 0x21, 0x1e, 0x85, 0x21, 0xbf, 0x85, 0x21, 0xff, 0x85, 0x21, 0x13, 0x85, 0x21, 0xcf,
    0x85, 0x21, 0xfb, 0x00, 0x00, 0x00, 0x00, 0x00, 0x00, 0x85, 0x21, 0xcb, 0x85, 0x21, 0xff, 0x85, 0x21, 0x13, 0x00, 0x00, 0x00, 0x85, 0x21, 0xab,
    0x85, 0x21, 0xff, 0x85, 0x21, 0x37, 0x00, 0x00, 0x00, 0x00, 0x00, 0x00, 0x00, 0x00, 0x00, 0x00, 0x00, 0x00, 0x00, 0x00, 0x00, 0x85, 0x21, 0xc7,
    0x85, 0x21, 0xff, 0x85, 0x21, 0xff, 0x85, 0x21, 0xff, 0x85, 0x21, 0xdf, 0x85, 0x21, 0x37, 0x85, 0x21, 0xa1, 0x85, 0x21, 0x71, 0x85, 0x21, 0x2f,
    0x85, 0x21, 0xff, 0x85, 0x21, 0x7f, 0x85, 0x21, 0x2f, 0x85, 0x21, 0xd2, 0x85, 0x21, 0x71, 0x00, 0x00, 0x00, 0x00, 0x00, 0x00, 0x00, 0x00, 0x00,
    0x85, 0x21, 0x42, 0x85, 0x21, 0xd3, 0x85, 0x21, 0xd3, 0x85, 0x21, 0xd3, 0x85, 0x21, 0xe1, 0x85, 0x21, 0xff, 0x85, 0x21, 0xff, 0x85, 0x21, 0xe4,
    0x85, 0x21, 0xd3, 0x85, 0x21, 0xd3, 0x85, 0x21, 0xd3, 0x85, 0x21, 0x4c, 0x00, 0x00, 0x00, 0x00, 0x00, 0x00, 0x00, 0x00, 0x00, 0x00, 0x00, 0x00,
    0x00, 0x00, 0x00, 0x00, 0x00, 0x00, 0x00, 0x00, 0x00, 0x85, 0x21, 0xb3, 0x85, 0x21, 0xff, 0x85, 0x21, 0x57, 0x00, 0x00, 0x00, 0x00, 0x00, 0x00,
    0x00, 0x00, 0x00, 0x85, 0x21, 0x0f, 0x85, 0x21, 0xff, 0x85, 0x21, 0xf3, 0x00, 0x00, 0x00, 0x00, 0x00, 0x00, 0x00, 0x00, 0x00, 0x85, 0x21, 0x19,
    0x85, 0x21, 0xff, 0x85, 0x21, 0xd4, 0x00, 0x00, 0x00, 0x85, 0x21, 0xf3, 0x85, 0x21, 0xff, 0x85, 0x21, 0xff, 0x85, 0x21, 0xff, 0x85, 0x21, 0xff,
    0x85, 0x21, 0xff, 0x85, 0x21, 0xff, 0x85, 0x21, 0xff, 0x85, 0x21, 0xff, 0x85, 0x21, 0x23, 0x00, 0x00, 0x00, 0x00, 0x00, 0x00, 0x00, 0x00, 0x00,
    0x85, 0x21, 0xbf, 0x85, 0x21, 0xff, 0x85, 0x21, 0x13, 0x85, 0x21, 0xcf, 0x85, 0x21, 0xfe, 0x85, 0x21, 0xbb, 0x85, 0x21, 0xbb, 0x85, 0x21, 0xf2,
    0x85, 0x21, 0xff, 0x85, 0x21, 0xc1, 0x85, 0x21, 0xbb, 0x85, 0x21, 0xe9, 0x85, 0x21, 0xff, 0x85, 0x21, 0x37, 0x00, 0x00, 0x00, 0x00, 0x00, 0x00,
    0x00, 0x00, 0x00, 0x00, 0x00, 0x00, 0x00, 0x00, 0x00, 0x85, 0x21, 0xd0, 0x85, 0x21, 0xc6, 0x00, 0x00, 0x00, 0x85, 0x21, 0xcf, 0x85, 0x21, 0xdf,
    0x85, 0x21, 0x03, 0x85, 0x21, 0xc8, 0x85, 0x21, 0xfd, 0x85, 0x21, 0x5d, 0x85, 0x21, 0xff, 0x85, 0x21, 0x85, 0x85, 0x21, 0xcf, 0x85, 0x21, 0xf7,
    0x85, 0x21, 0x2e, 0x00, 0x00, 0x00, 0x00, 0x00, 0x00, 0x00, 0x00, 0x00, 0x00, 0x00, 0x00, 0x00, 0x00, 0x00, 0x00, 0x00, 0x00, 0x00, 0x00, 0x00,
    0x85, 0x21, 0x82, 0x85, 0x21, 0xff, 0x85, 0x21, 0xff, 0x85, 0x21, 0xc0, 0x85, 0x21, 0x01, 0x00, 0x00, 0x00, 0x00, 0x00, 0x00, 0x00, 0x00, 0x00,
    0x00, 0x00, 0x00, 0x00, 0x00, 0x00, 0x00, 0x00, 0x00, 0x00, 0x00, 0x00, 0x00, 0x00, 0x00, 0x00, 0x00, 0x00, 0x00, 0x00, 0x00, 0x85, 0x21, 0xb3,
    0x85, 0x21, 0xff, 0x85, 0x21, 0x57, 0x00, 0x00, 0x00, 0x00, 0x00, 0x00, 0x00, 0x00, 0x00, 0x85, 0x21, 0x0f, 0x85, 0x21, 0xff, 0x85, 0x21, 0xf3,
    0x00, 0x00, 0x00, 0x00, 0x00, 0x00, 0x00, 0x00, 0x00, 0x85, 0x21, 0x33, 0x85, 0x21, 0xff, 0x85, 0x21, 0xbb, 0x00, 0x00, 0x00, 0x85, 0x21, 0x89,
    0x85, 0x21, 0x8f, 0x85, 0x21, 0x8f, 0x85, 0x21, 0xbf, 0x85, 0x21, 0xff, 0x85, 0x21, 0xc2, 0x85, 0x21, 0x8f, 0x85, 0x21, 0x8f, 0x85, 0x21, 0x8f,
    0x85, 0x21, 0x14, 0x00, 0x00, 0x00, 0x00, 0x00, 0x00, 0x00, 0x00, 0x00, 0x85, 0x21, 0xbf, 0x85, 0x21, 0xff, 0x85, 0x21, 0x13, 0x85, 0x21, 0xcf,
    0x85, 0x21, 0xff, 0x85, 0x21, 0xff, 0x85, 0x21, 0xff, 0x85, 0x21, 0xff, 0x85, 0x21, 0xff, 0x85, 0x21, 0xff, 0x85, 0x21, 0xff, 0x85, 0x21, 0xff,
    0x85, 0x21, 0xff, 0x85, 0x21, 0x37, 0x00, 0x00, 0x00, 0x00, 0x00, 0x00, 0x00, 0x00, 0x00, 0x00, 0x00, 0x00, 0x00, 0x00, 0x00, 0x85, 0x21, 0xe4,
    0x85, 0x21, 0xad, 0x00, 0x00, 0x00, 0x85, 0x21, 0xcf, 0x85, 0x21, 0xdf, 0x00, 0x00, 0x00, 0x85, 0x21, 0x38, 0x85, 0x21, 0xb9, 0x85, 0x21, 0x50,
    0x85, 0x21, 0xff, 0x85, 0x21, 0x81, 0x85, 0x21, 0x8f, 0x85, 0x21, 0x63, 0x00, 0x00, 0x00, 0x00, 0x00, 0x00, 0x00, 0x00, 0x00, 0x00, 0x00, 0x00,
    0x00, 0x00, 0x00, 0x00, 0x00, 0x00, 0x00, 0x00, 0x00, 0x85, 0x21, 0x17, 0x85, 0x21, 0xea, 0x85, 0x21, 0xff, 0x85, 0x21, 0xed, 0x85, 0x21, 0xff,
    0x85, 0x21, 0x6b, 0x00, 0x00, 0x00, 0x00, 0x00, 0x00, 0x00, 0x00, 0x00, 0x00, 0x00, 0x00, 0x00, 0x00, 0x00, 0x00, 0x00, 0x00, 0x00, 0x00, 0x00,
    0x00, 0x00, 0x00, 0x00, 0x00, 0x00, 0x00, 0x00, 0x00, 0x85, 0x21, 0xb3, 0x85, 0x21, 0xff, 0x85, 0x21, 0x57, 0x00, 0x00, 0x00, 0x85, 0x21, 0x07,
    0x85, 0x21, 0x01, 0x85, 0x21, 0x17, 0x85, 0x21, 0xff, 0x85, 0x21, 0xf2, 0x00, 0x00, 0x00, 0x00, 0x00, 0x00, 0x00, 0x00, 0x00, 0x85, 0x21, 0x64,
    0x85, 0x21, 0xff, 0x85, 0x21, 0x96, 0x85, 0x21, 0x59, 0x85, 0x21, 0xbf, 0x85, 0x21, 0x44, 0x00, 0x00, 0x00, 0x85, 0x21, 0x6b, 0x85, 0x21, 0xff,
    0x85, 0x21, 0x73, 0x00, 0x00, 0x00, 0x85, 0x21, 0x26, 0x85, 0x21, 0xbf, 0x85, 0x21, 0x80, 0x00, 0x00, 0x00, 0x00, 0x00, 0x00, 0x00, 0x00, 0x00,
    0x85, 0x21, 0xbf, 0x85, 0x21, 0xff, 0x85, 0x21, 0x13, 0x85, 0x21, 0xbf, 0x85, 0x21, 0xe8, 0x00, 0x00, 0x00, 0x00, 0x00, 0x00, 0x85, 0x21, 0xcb,
    0x85, 0x21, 0xff, 0x85, 0x21, 0x13, 0x00, 0x00, 0x00, 0x85, 0x21, 0x7e, 0x85, 0x21, 0xbb, 0x85, 0x21, 0x29, 0x00, 0x00, 0x00, 0x00, 0x00, 0x00,
    0x00, 0x00, 0x00, 0x00, 0x00, 0x00, 0x85, 0x21, 0x08, 0x85, 0x21, 0xfe, 0x85, 0x21, 0x94, 0x00, 0x00, 0x00, 0x85, 0x21, 0xcf, 0x85, 0x21, 0xdf,
    0x00, 0x00, 0x00, 0x85, 0x21, 0x45, 0x85, 0x21, 0xd3, 0x85, 0x21, 0x93, 0x85, 0x21, 0xff, 0x85, 0x21, 0xd0, 0x85, 0x21, 0xf2, 0x85, 0x21, 0x5e,
    0x00, 0x00, 0x00, 0x00, 0x00, 0x00, 0x00, 0x00, 0x00, 0x00, 0x00, 0x00, 0x00, 0x00, 0x00, 0x00, 0x00, 0x00, 0x85, 0x21, 0x11, 0x85, 0x21, 0xc1,
    0x85, 0x21, 0xff, 0x85, 0x21, 0xb0, 0x85, 0x21, 0x41, 0x85, 0x21, 0xfe, 0x85, 0x21, 0xf4, 0x85, 0x21, 0x36, 0x00, 0x00, 0x00, 0x00, 0x00, 0x00,
    0x00, 0x00, 0x00, 0x00, 0x00, 0x00, 0x00, 0x00, 0x00, 0x00, 0x00, 0x00, 0x00, 0x00, 0x00, 0x00, 0x00, 0x00, 0x00, 0x00, 0x00, 0x85, 0x21, 0xb3,
    0x85, 0x21, 0xff, 0x85, 0x21, 0x57, 0x00, 0x00, 0x00, 0x85, 0x21, 0xb5, 0x85, 0x21, 0xff, 0x85, 0x21, 0xff, 0x85, 0x21, 0xff, 0x85, 0x21, 0xd4,
    0x00, 0x00, 0x00, 0x00, 0x00, 0x00, 0x00, 0x00, 0x00, 0x85, 0x21, 0x9b, 0x85, 0x21, 0xff, 0x85, 0x21, 0x5e, 0x85, 0x21, 0x77, 0x85, 0x21, 0xff,
    0x85, 0x21, 0x5b, 0x00, 0x00, 0x00, 0x85, 0x21, 0x6b, 0x85, 0x21, 0xff, 0x85, 0x21, 0x73, 0x00, 0x00, 0x00, 0x85, 0x21, 0x33, 0x85, 0x21, 0xff,
    0x85, 0x21, 0xab, 0x00, 0x00, 0x00, 0x00, 0x00, 0x00, 0x00, 0x00, 0x00, 0x85, 0x21, 0xbf, 0x85, 0x21, 0xff, 0x85, 0x21, 0x13, 0x00, 0x00, 0x00,
    0x00, 0x00, 0x00, 0x00, 0x00, 0x00, 0x00, 0x00, 0x00, 0x85, 0x21, 0xcb, 0x85, 0x21, 0xff, 0x85, 0x21, 0x13, 0x00, 0x00, 0x00, 0x00, 0x00, 0x00,
    0x00, 0x00, 0x00, 0x00, 0x00, 0x00, 0x00, 0x00, 0x00, 0x00, 0x00, 0x00, 0x00, 0x00, 0x00, 0x00, 0x00, 0x00, 0x85, 0x21, 0x34, 0x85, 0x21, 0xff,
    0x85, 0x21, 0x75, 0x00, 0x00, 0x00, 0x85, 0x21, 0xd0, 0x85, 0x21, 0xe0, 0x85, 0x21, 0xb4, 0x85, 0x21, 0xff, 0x85, 0x21, 0xfb, 0x85, 0x21, 0x93,
    0x85, 0x21, 0xff, 0x85, 0x21, 0xc7, 0x85, 0x21, 0xf6, 0x85, 0x21, 0xff, 0x85, 0x21, 0x8e, 0x85, 0x21, 0x02, 0x00, 0x00, 0x00, 0x00, 0x00, 0x00,
    0x00, 0x00, 0x00, 0x85, 0x21, 0x44, 0x85, 0x21, 0xda, 0x85, 0x21, 0xff, 0x85, 0x21, 0xdb, 0x85, 0x21, 0x14, 0x00, 0x00, 0x00, 0x85, 0x21, 0x8e,
    0x85, 0x21, 0xff, 0x85, 0x21, 0xf8, 0x85, 0x21, 0x79, 0x85, 0x21, 0x0e, 0x00, 0x00, 0x00, 0x00, 0x00, 0x00, 0x00, 0x00, 0x00, 0x00, 0x00, 0x00,
    0x00, 0x00, 0x00, 0x00, 0x00, 0x00, 0x00, 0x00, 0x00, 0x85, 0x21, 0xb3, 0x85, 0x21, 0xff, 0x85, 0x21, 0x57, 0x00, 0x00, 0x00, 0x85, 0x21, 0x6f,
    0x85, 0x21, 0xfc, 0x85, 0x21, 0xf3, 0x85, 0x21, 0xc9, 0x85, 0x21, 0x40, 0x00, 0x00, 0x00, 0x00, 0x00, 0x00, 0x85, 0x21, 0x05, 0x85, 0x21, 0xe7,
    0x85, 0x21, 0xff, 0x85, 0x21, 0x25, 0x85, 0x21, 0x77, 0x85, 0x21, 0xff, 0x85, 0x21, 0x5b, 0x00, 0x00, 0x00, 0x85, 0x21, 0x6b, 0x85, 0x21, 0xff,
    0x85, 0x21, 0x73, 0x00, 0x00, 0x00, 0x85, 0x21, 0x33, 0x85, 0x21, 0xff, 0x85, 0x21, 0xab, 0x00, 0x00, 0x00, 0x00, 0x00, 0x00, 0x00, 0x00, 0x00,
    0x85, 0x21, 0xbf, 0x85, 0x21, 0xff, 0x85, 0x21, 0x13, 0x00, 0x00, 0x00, 0x00, 0x00, 0x00, 0x00, 0x00, 0x00, 0x00, 0x00, 0x00, 0x85, 0x21, 0xcb,
    0x85, 0x21, 0xff, 0x85, 0x21, 0x13, 0x00, 0x00, 0x00, 0x00, 0x00, 0x00, 0x00, 0x00, 0x00, 0x00, 0x00, 0x00, 0x00, 0x00, 0x00, 0x00, 0x00, 0x00,
    0x00, 0x00, 0x00, 0x00, 0x00, 0x00, 0x85, 0x21, 0x79, 0x85, 0x21, 0xff, 0x85, 0x21, 0x59, 0x85, 0x21, 0xbe, 0x85, 0x21, 0xfc, 0x85, 0x21, 0xd0,
    0x85, 0x21, 0xa5, 0x85, 0x21, 0xc5, 0x85, 0x21, 0x63, 0x85, 0x21, 0x81, 0x85, 0x21, 0xff, 0x85, 0x21, 0x7a, 0x85, 0x21, 0x2f, 0x85, 0x21, 0xe1,
    0x85, 0x21, 0xe8, 0x85, 0x21, 0x19, 0x00, 0x00, 0x00, 0x00, 0x00, 0x00, 0x85, 0x21, 0xa1, 0x85, 0x21, 0xff, 0x85, 0x21, 0xff, 0x85, 0x21, 0xc6,
    0x85, 0x21, 0x1a, 0x00, 0x00, 0x00, 0x00, 0x00, 0x00, 0x85, 0x21, 0x08, 0x85, 0x21, 0x9d, 0x85, 0x21, 0xff, 0x85, 0x21, 0xff, 0x85, 0x21, 0x8f,
    0x00, 0x00, 0x00, 0x00, 0x00, 0x00, 0x00, 0x00, 0x00, 0x00, 0x00, 0x00, 0x00, 0x00, 0x00, 0x00, 0x00, 0x00, 0x00, 0x00, 0x00, 0x85, 0x21, 0xb3,
    0x85, 0x21, 0xff, 0x85, 0x21, 0x57, 0x00, 0x00, 0x00, 0x00, 0x00, 0x00, 0x00, 0x00, 0x00, 0x00, 0x00, 0x00, 0x00, 0x00, 0x00, 0x00, 0x00, 0x00,
    0x00, 0x00, 0x00, 0x00, 0x00, 0x00, 0x85, 0x21, 0x5a, 0x85, 0x21, 0xff, 0x85, 0x21, 0xc7, 0x00, 0x00, 0x00, 0x85, 0x21, 0x77, 0x85, 0x21, 0xff,
    0x85, 0x21, 0xff, 0x85, 0x21, 0xff, 0x85, 0x21, 0xff, 0x85, 0x21, 0xff, 0x85, 0x21, 0xff, 0x85, 0x21, 0xff, 0x85, 0x21, 0xff, 0x85, 0x21, 0xff,
    0x85, 0x21, 0xab, 0x00, 0x00, 0x00, 0x00, 0x00, 0x00, 0x00, 0x00, 0x00, 0x85, 0x21, 0xbf, 0x85, 0x21, 0xff, 0x85, 0x21, 0x13, 0x00, 0x00, 0x00,
    0x00, 0x00, 0x00, 0x00, 0x00, 0x00, 0x00, 0x00, 0x00, 0x85, 0x21, 0xcb, 0x85, 0x21, 0xff, 0x85, 0x21, 0x13, 0x00, 0x00, 0x00, 0x00, 0x00, 0x00,
    0x00, 0x00, 0x00, 0x00, 0x00, 0x00, 0x00, 0x00, 0x00, 0x00, 0x00, 0x00, 0x00, 0x00, 0x00, 0x00, 0x00, 0x00, 0x85, 0x21, 0x2e, 0x85, 0x21, 0xb7,
    0x85, 0x21, 0x08, 0x85, 0x21, 0xdd, 0x85, 0x21, 0xe7, 0x85, 0x21, 0x60, 0x85, 0x21, 0x13, 0x85, 0x21, 0x01, 0x85, 0x21, 0x57, 0x85, 0x21, 0xfb,
    0x85, 0x21, 0xd9, 0x85, 0x21, 0x31, 0x00, 0x00, 0x00, 0x85, 0x21, 0x18, 0x85, 0x21, 0x30, 0x00, 0x00, 0x00, 0x00, 0x00, 0x00, 0x00, 0x00, 0x00,
    0x85, 0x21, 0x20, 0x85, 0x21, 0xd8, 0x85, 0x21, 0x6e, 0x85, 0x21, 0x05, 0x00, 0x00, 0x00, 0x00, 0x00, 0x00, 0x00, 0x00, 0x00, 0x00, 0x00, 0x00,
    0x00, 0x00, 0x00, 0x85, 0x21, 0x48, 0x85, 0x21, 0xbe, 0x85, 0x21, 0x07, 0x00, 0x00, 0x00, 0x00, 0x00, 0x00, 0x00, 0x00, 0x00, 0x00, 0x00, 0x00,
    0x00, 0x00, 0x00, 0x00, 0x00, 0x00, 0x00, 0x00, 0x00, 0x85, 0x21, 0xae, 0x85, 0x21, 0xf7, 0x85, 0x21, 0x55, 0x00, 0x00, 0x00, 0x00, 0x00, 0x00,
    0x00, 0x00, 0x00, 0x00, 0x00, 0x00, 0x00, 0x00, 0x00, 0x00, 0x00, 0x00, 0x00, 0x00, 0x00, 0x00, 0x00, 0x00, 0x85, 0x21, 0x3a, 0x85, 0x21, 0xc8,
    0x85, 0x21, 0x54, 0x00, 0x00, 0x00, 0x85, 0x21, 0x77, 0x85, 0x21, 0xff, 0x85, 0x21, 0xbf, 0x85, 0x21, 0x9b, 0x85, 0x21, 0x9b, 0x85, 0x21, 0x9b,
    0x85, 0x21, 0x9b, 0x85, 0x21, 0x9b, 0x85, 0x21, 0xb0, 0x85, 0x21, 0xff, 0x85, 0x21, 0xab, 0x00, 0x00, 0x00, 0x00, 0x00, 0x00, 0x00, 0x00, 0x00,
    0x85, 0x21, 0xb3, 0x85, 0x21, 0xef, 0x85, 0x21, 0x12, 0x00, 0x00, 0x00, 0x00, 0x00, 0x00, 0x00, 0x00, 0x00, 0x00, 0x00, 0x00, 0x85, 0x21, 0xc2,
    0x85, 0x21, 0xf3, 0x85, 0x21, 0x13, 0x00, 0x00, 0x00, 0x00, 0x00, 0x00, 0x00, 0x00, 0x00, 0x00, 0x00, 0x00, 0x00, 0x00, 0x00, 0x00, 0x00, 0x00,
    0x00, 0x00, 0x00, 0x00, 0x00, 0x00, 0x00, 0x00, 0x00, 0x00, 0x00, 0x00, 0x00, 0x00, 0x00, 0x00, 0x00, 0x00, 0x00, 0x00, 0x00, 0x00, 0x00, 0x00,
    0x00, 0x00, 0x00, 0x00, 0x00, 0x00, 0x00, 0x00, 0x00, 0x00, 0x00, 0x00, 0x00, 0x00, 0x00, 0x00, 0x00, 0x00, 0x00, 0x00, 0x00, 0x00, 0x00, 0x00,
    0x00, 0x00, 0x00, 0x00, 0x00, 0x00, 0x00, 0x00, 0x00, 0x00, 0x00, 0x00, 0x00, 0x00, 0x00, 0x00, 0x00, 0x00, 0x00, 0x00, 0x00, 0x00, 0x00, 0x00,
    0x00, 0x00, 0x00, 0x00, 0x00, 0x00, 0x00, 0x00, 0x00, 0x00, 0x00, 0x00, 0x00, 0x00, 0x00, 0x00, 0x00, 0x00, 0x00, 0x00, 0x00, 0x00, 0x00, 0x00,
    0x00, 0x00, 0x00, 0x00, 0x00, 0x00, 0x00, 0x00, 0x00, 0x00, 0x00, 0x00, 0x00, 0x00, 0x00, 0x00, 0x00, 0x00, 0x00, 0x00, 0x00, 0x00, 0x00, 0x00,
    0x00, 0x00, 0x00, 0x00, 0x00, 0x00, 0x00, 0x00, 0x00, 0x00, 0x00, 0x00, 0x00, 0x00, 0x00, 0x00, 0x00, 0x00, 0x00, 0x00, 0x00, 0x00, 0x00, 0x00,
    0x00, 0x00, 0x00, 0x00, 0x00, 0x00, 0x00, 0x00, 0x00, 0x85, 0x21, 0x01, 0x85, 0x21, 0x02, 0x00, 0x00, 0x00, 0x85, 0x21, 0x07, 0x85, 0x21, 0x0f,
    0x85, 0x21, 0x05, 0x00, 0x00, 0x00, 0x00, 0x00, 0x00, 0x00, 0x00, 0x00, 0x00, 0x00, 0x00, 0x00, 0x00, 0x00, 0x85, 0x21, 0x03, 0x85, 0x21, 0x0f,
    0x85, 0x21, 0x0a, 0x00, 0x00, 0x00, 0x00, 0x00, 0x00, 0x00, 0x00, 0x00, 0x00, 0x00, 0x00, 0x00, 0x00, 0x00, 0x00, 0x00, 0x00, 0x00, 0x00, 0x00,
    0x00, 0x00, 0x00, 0x00, 0x00, 0x00, 0x00, 0x00, 0x00, 0x00, 0x00, 0x00, 0x00, 0x00, 0x00, 0x00, 0x00, 0x00, 0x00, 0x00, 0x00, 0x00, 0x00, 0x00,
    0x00, 0x00, 0x00, 0x00, 0x00, 0x00, 0x00, 0x00, 0x00, 0x00, 0x00, 0x00, 0x00, 0x00, 0x00, 0x00, 0x00, 0x00, 0x00, 0x00, 0x00, 0x00, 0x00, 0x00,
    0x00, 0x00, 0x00, 0x00, 0x00, 0x00, 0x00, 0x00, 0x00, 0x00, 0x00, 0x00, 0x00, 0x00, 0x00, 0x00, 0x00, 0x00, 0x00, 0x00, 0x00, 0x00, 0x00, 0x00,
    0x00, 0x00, 0x00, 0x00, 0x00, 0x00, 0x00, 0x00, 0x00, 0x00, 0x00, 0x00, 0x00, 0x00, 0x00, 0x00, 0x00, 0x00, 0x00, 0x00, 0x00, 0x00, 0x00, 0x00,
    0x00, 0x00, 0x00, 0x00, 0x00, 0x00, 0x00, 0x00, 0x00, 0x00, 0x00, 0x00, 0x00, 0x00, 0x00, 0x00, 0x00, 0x00, 0x00, 0x00, 0x00, 0x00, 0x00, 0x00,
    0x00, 0x00, 0x00, 0x00, 0x00, 0x00, 0x00, 0x00, 0x00, 0x00, 0x00, 0x00, 0x00, 0x00, 0x00, 0x00, 0x00, 0x00, 0x00, 0x00, 0x00, 0x00, 0x00, 0x00,
    0x00, 0x00, 0x00, 0x00, 0x00, 0x00, 0x00, 0x00, 0x00, 0x00, 0x00, 0x00, 0x00, 0x00, 0x00, 0x00, 0x00, 0x00, 0x00, 0x00, 0x00, 0x00, 0x00, 0x00,
    0x00, 0x00, 0x00, 0x00, 0x00, 0x00, 0x00, 0x00, 0x00, 0x00, 0x00, 0x00, 0x00, 0x00, 0x00, 0x00, 0x00, 0x00, 0x00, 0x00, 0x00, 0x00, 0x00, 0x00,
    0x00, 0x00, 0x00, 0x00, 0x00, 0x00, 0x00, 0x00, 0x00, 0x00, 0x00, 0x00, 0x00, 0x00, 0x00, 0x00, 0x00, 0x00, 0x00, 0x00, 0x00, 0x00, 0x00, 0x00,
    0x00, 0x00, 0x00, 0x00, 0x00, 0x00, 0x00, 0x00, 0x00, 0x00, 0x00, 0x00, 0x00, 0x00, 0x00, 0x00, 0x00, 0x00, 0x00, 0x00, 0x00, 0x00, 0x00, 0x00,
    0x00, 0x00, 0x00, 0x00, 0x00, 0x00, 0x00, 0x00, 0x00, 0x00, 0x00, 0x00, 0x00, 0x00, 0x00, 0x00, 0x00, 0x00, 0x00, 0x00, 0x00, 0x00, 0x00, 0x00,
    0x00, 0x00, 0x00, 0x00, 0x00, 0x00, 0x00, 0x00, 0x00, 0x00, 0x00, 0x00, 0x00, 0x00, 0x00, 0x00, 0x00, 0x00, 0x00, 0x00, 0x00, 0x00, 0x00, 0x00,
    0x00, 0x00, 0x00, 0x00, 0x00, 0x00, 0x00, 0x00, 0x00, 0x00, 0x00, 0x00, 0x00, 0x00, 0x00, 0x00, 0x00, 0x00, 0x00, 0x00, 0x00, 0x00, 0x00, 0x00,
    0x00, 0x00, 0x00, 0x00, 0x00, 0x00, 0x00, 0x00, 0x00, 0x00, 0x00, 0x00, 0x00, 0x00, 0x00, 0x00, 0x00, 0x00, 0x00, 0x00, 0x00, 0x00, 0x00, 0x00,
    0x00, 0x00, 0x00, 0x00, 0x00, 0x00, 0x00, 0x00, 0x00, 0x00, 0x00, 0x00, 0x00, 0x00, 0x00, 0x00, 0x00, 0x00, 0x00, 0x00, 0x00, 0x00, 0x00, 0x00,
    0x00, 0x00, 0x00, 0x00, 0x00, 0x00, 0x00, 0x00, 0x00, 0x00, 0x00, 0x00, 0x00, 0x00, 0x00, 0x00, 0x00, 0x00, 0x00, 0x00, 0x00, 0x00, 0x00, 0x00,
    0x00, 0x00, 0x00, 0x00, 0x00, 0x00, 0x00, 0x00, 0x00, 0x00, 0x00, 0x00, 0x00, 0x00, 0x00, 0x00, 0x00, 0x00, 0x00, 0x00, 0x00, 0x00, 0x00, 0x00,
    0x00, 0x00, 0x00, 0x00, 0x00, 0x00, 0x00, 0x00, 0x00, 0x00, 0x00, 0x00, 0x00, 0x00, 0x00, 0x00, 0x00, 0x00, 0x00, 0x00, 0x00, 0x00, 0x00, 0x00,
    0x00, 0x00, 0x00, 0x00, 0x00, 0x00, 0x00, 0x00, 0x00, 0x00, 0x00, 0x00, 0x00, 0x00, 0x00, 0x00, 0x00, 0x00, 0x00, 0x00, 0x00, 0x00, 0x00, 0x00,
    0x00, 0x00, 0x00, 0x00, 0x00, 0x00, 0x00, 0x00, 0x00, 0x00, 0x00, 0x00, 0x00, 0x00, 0x00, 0x00, 0x00, 0x00, 0x00, 0x00, 0x00, 0x00, 0x00, 0x00,
    0x00, 0x00, 0x00, 0x00, 0x00, 0x00, 0x00, 0x00, 0x00, 0x00, 0x00, 0x00, 0x00, 0x00, 0x00, 0x00, 0x00, 0x00, 0x00, 0x00, 0x00, 0x00, 0x00, 0x00,
    0x00, 0x00, 0x00, 0x00, 0x00, 0x00, 0x00, 0x00, 0x00, 0x00, 0x00, 0x00, 0x00, 0x00, 0x00, 0x00, 0x00, 0x00, 0x00, 0x00, 0x00, 0x00, 0x00, 0x00,
    0x00, 0x00, 0x00, 0x00, 0x00, 0x00, 0x00, 0x00, 0x00, 0x00, 0x00, 0x00,
};
const lv_img_dsc_t rx_knee = {
    .header.always_zero = 0,
    .header.w = 84,
    .header.h = 21,
    .data_size = 5292,
    .header.cf = LV_IMG_CF_TRUE_COLOR_ALPHA,
    .data = rx_knee_map,
};

#ifndef LV_ATTRIBUTE_IMG_RX_3X10
#define LV_ATTRIBUTE_IMG_RX_3X10
#endif
const LV_ATTRIBUTE_MEM_ALIGN LV_ATTRIBUTE_LARGE_CONST LV_ATTRIBUTE_IMG_RX_3X10 uint8_t rx_3x10_map[] = {
    0x00, 0x00, 0x00, 0x00, 0x00, 0x00, 0x00, 0x00, 0x00, 0x00, 0x00, 0x00, 0x00, 0x00, 0x00, 0x00, 0x00, 0x00, 0x00, 0x00, 0x00, 0x00, 0x00, 0x00,
    0x00, 0x00, 0x00, 0x00, 0x00, 0x00, 0x00, 0x00, 0x00, 0x00, 0x00, 0x00, 0x00, 0x00, 0x00, 0x00, 0x00, 0x00, 0x00, 0x00, 0x00, 0x00, 0x00, 0x00,
    0x00, 0x00, 0x00, 0x00, 0x00, 0x00, 0x00, 0x00, 0x00, 0x00, 0x00, 0x00, 0x00, 0x00, 0x00, 0x00, 0x00, 0x00, 0x00, 0x00, 0x00, 0x00, 0x00, 0x00,
    0x00, 0x00, 0x00, 0x00, 0x00, 0x00, 0x00, 0x00, 0x00, 0x00, 0x00, 0x00, 0x00, 0x00, 0x00, 0x00, 0x00, 0x00, 0x00, 0x00, 0x00, 0x00, 0x00, 0x00,
    0x00, 0x00, 0x00, 0x00, 0x00, 0x00, 0x00, 0x00, 0x00, 0x00, 0x00, 0x00, 0x00, 0x00, 0x00, 0x00, 0x00, 0x00, 0x00, 0x00, 0x00, 0x00, 0x00, 0x00,
    0x00, 0x00, 0x00, 0x00, 0x00, 0x00, 0x00, 0x00, 0x00, 0x00, 0x00, 0x00, 0x00, 0x00, 0x00, 0x00, 0x00, 0x00, 0x00, 0x00, 0x00, 0x00, 0x00, 0x00,
    0x00, 0x00, 0x00, 0x00, 0x00, 0x00, 0x00, 0x00, 0x00, 0x00, 0x00, 0x00, 0x00, 0x00, 0x00, 0x00, 0x00, 0x00, 0x00, 0x00, 0x00, 0x00, 0x00, 0x00,
    0x00, 0x00, 0x00, 0x00, 0x00, 0x00, 0x00, 0x00, 0x00, 0x00, 0x00, 0x00, 0x00, 0x00, 0x00, 0x00, 0x00, 0x00, 0x00, 0x00, 0x00, 0x00, 0x00, 0x00,
    0x00, 0x00, 0x00, 0x00, 0x00, 0x00, 0x00, 0x00, 0x00, 0x00, 0x00, 0x00, 0x00, 0x00, 0x00, 0x00, 0x00, 0x00, 0x00, 0x00, 0x00, 0x00, 0x00, 0x00,
    0x00, 0x00, 0x00, 0x00, 0x00, 0x00, 0x00, 0x00, 0x00, 0x00, 0x00, 0x00, 0x00, 0x00, 0x00, 0x00, 0x00, 0x00, 0x00, 0x00, 0x00, 0x00, 0x00, 0x00,
    0x00, 0x00, 0x00, 0x00, 0x00, 0x00, 0x00, 0x00, 0x00, 0x00, 0x00, 0x00, 0x00, 0x00, 0x00, 0x00, 0x00, 0x00, 0x00, 0x00, 0x00, 0x00, 0x00, 0x00,
    0x00, 0x00, 0x00, 0x00, 0x00, 0x00, 0x00, 0x00, 0x00, 0x00, 0x00, 0x00, 0x00, 0x00, 0x00, 0x00, 0x00, 0x00, 0x00, 0x00, 0x00, 0x00, 0x00, 0x00,
    0x00, 0x00, 0x00, 0x00, 0x00, 0x00, 0x00, 0x00, 0x00, 0x00, 0x00, 0x00, 0x00, 0x00, 0x00, 0x00, 0x00, 0x00, 0x00, 0x00, 0x00, 0x00, 0x00, 0x00,
    0x00, 0x00, 0x00, 0x00, 0x00, 0x00, 0x00, 0x00, 0x00, 0x00, 0x00, 0x00, 0x00, 0x00, 0x00, 0x00, 0x00, 0x00, 0x00, 0x00, 0x00, 0x00, 0x00, 0x00,
    0x00, 0x00, 0x00, 0x00, 0x00, 0x00, 0x00, 0x00, 0x00, 0x00, 0x00, 0x00, 0x00, 0x00, 0x00, 0x00, 0x00, 0x00, 0x00, 0x00, 0x00, 0x00, 0x00, 0x00,
    0x00, 0x00, 0x00, 0x00, 0x00, 0x00, 0x00, 0x00, 0x00, 0x00, 0x00, 0x00, 0x00, 0x00, 0x00, 0x00, 0x00, 0x00, 0x00, 0x00, 0x00, 0x00, 0x00, 0x00,
    0x00, 0x00, 0x00, 0x00, 0x00, 0x00, 0x00, 0x00, 0x00, 0x00, 0x00, 0x00, 0x00, 0x00, 0x00, 0x00, 0x00, 0x00, 0x00, 0x00, 0x00, 0x00, 0x00, 0x00,
    0x00, 0x00, 0x00, 0x00, 0x00, 0x00, 0x00, 0x00, 0x00, 0x00, 0x00, 0x00, 0x00, 0x00, 0x00, 0x00, 0x00, 0x00, 0x00, 0x00, 0x00, 0x00, 0x00, 0x00,
    0x00, 0x00, 0x00, 0x00, 0x00, 0x00, 0x00, 0x00, 0x00, 0x00, 0x00, 0x00, 0x00, 0x00, 0x00, 0x00, 0x00, 0x00, 0x00, 0x00, 0x00, 0x8d, 0x6b, 0x7d,
    0x8d, 0x6b, 0x2c, 0x00, 0x00, 0x00, 0x00, 0x00, 0x00, 0x00, 0x00, 0x00, 0x00, 0x00, 0x00, 0x00, 0x00, 0x00, 0x00, 0x00, 0x00, 0x00, 0x00, 0x00,
    0x00, 0x00, 0x00, 0x00, 0x00, 0x00, 0x00, 0x00, 0x00, 0x00, 0x00, 0x00, 0x00, 0x00, 0x00, 0x00, 0x00, 0x00, 0x00, 0x00, 0x00, 0x00, 0x00, 0x00,
    0x00, 0x00, 0x00, 0x00, 0x00, 0x00, 0x00, 0x00, 0x00, 0x00, 0x00, 0x00, 0x00, 0x00, 0x00, 0x00, 0x00, 0x00, 0x00, 0x00, 0x00, 0x00, 0x00, 0x00,
    0x00, 0x00, 0x00, 0x00, 0x00, 0x00, 0x00, 0x00, 0x00, 0x00, 0x00, 0x00, 0x00, 0x00, 0x00, 0x00, 0x00, 0x00, 0x00, 0x00, 0x00, 0x00, 0x00, 0x00,
    0x00, 0x00, 0x00, 0x00, 0x00, 0x00, 0x00, 0x00, 0x00, 0x00, 0x00, 0x00, 0x00, 0x00, 0x00, 0x00, 0x00, 0x00, 0x00, 0x00, 0x00, 0x00, 0x00, 0x00,
    0x00, 0x00, 0x00, 0x00, 0x00, 0x00, 0x00, 0x00, 0x00, 0x00, 0x00, 0x00, 0x00, 0x00, 0x00, 0x8d, 0x6b, 0xab, 0x8d, 0x6b, 0x29, 0x00, 0x00, 0x00,
    0x00, 0x00, 0x00, 0x00, 0x00, 0x00, 0x00, 0x00, 0x00, 0x00, 0x00, 0x00, 0x00, 0x00, 0x00, 0x00, 0x00, 0x00, 0x00, 0x00, 0x00, 0x00, 0x00, 0x00,
    0x00, 0x00, 0x00, 0x00, 0x00, 0x00, 0x8d, 0x6b, 0x43, 0x8d, 0x6b, 0xbe, 0x8d, 0x6b, 0xf1, 0x8d, 0x6b, 0xdd, 0x8d, 0x6b, 0x6f, 0x00, 0x00, 0x00,
    0x00, 0x00, 0x00, 0x00, 0x00, 0x00, 0x00, 0x00, 0x00, 0x8d, 0x6b, 0x16, 0x8d, 0x6b, 0xf2, 0x8d, 0x6b, 0x19, 0x00, 0x00, 0x00, 0x8d, 0x6b, 0x43,
    0x8d, 0x6b, 0xfd, 0x8d, 0x6b, 0xf7, 0x8d, 0x6b, 0xf7, 0x8d, 0x6b, 0xf7, 0x8d, 0x6b, 0xfe, 0x8d, 0x6b, 0x33, 0x00, 0x00, 0x00, 0x00, 0x00, 0x00,
    0x00, 0x00, 0x00, 0x00, 0x00, 0x00, 0x00, 0x00, 0x00, 0x00, 0x00, 0x00, 0x00, 0x00, 0x00, 0x00, 0x00, 0x00, 0x00, 0x00, 0x00, 0x00, 0x00, 0x00,
    0x00, 0x00, 0x00, 0x00, 0x00, 0x00, 0x00, 0x00, 0x00, 0x00, 0x00, 0x00, 0x00, 0x00, 0x00, 0x00, 0x00, 0x00, 0x8d, 0x6b, 0x18, 0x8d, 0x6b, 0x79,
    0x8d, 0x6b, 0xd9, 0x8d, 0x6b, 0xcb, 0x00, 0x00, 0x00, 0x00, 0x00, 0x00, 0x00, 0x00, 0x00, 0x00, 0x00, 0x00, 0x8d, 0x6b, 0x01, 0x8d, 0x6b, 0x87,
    0x8d, 0x6b, 0xe5, 0x8d, 0x6b, 0xd7, 0x8d, 0x6b, 0x5b, 0x00, 0x00, 0x00, 0x00, 0x00, 0x00, 0x8d, 0x6b, 0x7c, 0x8d, 0x6b, 0x35, 0x00, 0x00, 0x00,
    0x00, 0x00, 0x00, 0x8d, 0x6b, 0x25, 0x8d, 0x6b, 0xfc, 0x8d, 0x6b, 0x0f, 0x00, 0x00, 0x00, 0x00, 0x00, 0x00, 0x00, 0x00, 0x00, 0x00, 0x00, 0x00,
    0x00, 0x00, 0x00, 0x00, 0x00, 0x00, 0x00, 0x00, 0x00, 0x00, 0x00, 0x00, 0x00, 0x00, 0x00, 0x00, 0x00, 0x00, 0x8d, 0x6b, 0x0c, 0x8d, 0x6b, 0xdb,
    0x8d, 0x6b, 0x62, 0x8d, 0x6b, 0x20, 0x8d, 0x6b, 0x6b, 0x8d, 0x6b, 0xff, 0x8d, 0x6b, 0x4e, 0x00, 0x00, 0x00, 0x00, 0x00, 0x00, 0x00, 0x00, 0x00,
    0x8d, 0x6b, 0x7b, 0x8d, 0x6b, 0x9b, 0x00, 0x00, 0x00, 0x00, 0x00, 0x00, 0x8d, 0x6b, 0x43, 0x8d, 0x6b, 0xbb, 0x00, 0x00, 0x00, 0x00, 0x00, 0x00,
    0x00, 0x00, 0x00, 0x8d, 0x6b, 0xd3, 0x8d, 0x6b, 0x33, 0x00, 0x00, 0x00, 0x00, 0x00, 0x00, 0x00, 0x00, 0x00, 0x00, 0x00, 0x00, 0x00, 0x00, 0x00,
    0x00, 0x00, 0x00, 0x00, 0x00, 0x00, 0x00, 0x00, 0x00, 0x00, 0x00, 0x00, 0x00, 0x00, 0x00, 0x00, 0x00, 0x00, 0x00, 0x00, 0x00, 0x00, 0x00, 0x00,
    0x00, 0x00, 0x00, 0x00, 0x00, 0x00, 0x00, 0x00, 0x00, 0x8d, 0x6b, 0x2b, 0x8d, 0x6b, 0x8b, 0x8d, 0x6b, 0xc4, 0x8d, 0x6b, 0xcb, 0x00, 0x00, 0x00,
    0x00, 0x00, 0x00, 0x00, 0x00, 0x00, 0x00, 0x00, 0x00, 0x8d, 0x6b, 0x78, 0x8d, 0x6b, 0xda, 0x8d, 0x6b, 0x26, 0x8d, 0x6b, 0x43, 0x8d, 0x6b, 0xf3,
    0x8d, 0x6b, 0x3d, 0x00, 0x00, 0x00, 0x8d, 0x6b, 0x7d, 0x8d, 0x6b, 0xf6, 0x8d, 0x6b, 0x54, 0x00, 0x00, 0x00, 0x8d, 0x6b, 0x6e, 0x8d, 0x6b, 0xcd,
    0x8d, 0x6b, 0x07, 0x8d, 0x6b, 0x07, 0x8d, 0x6b, 0x07, 0x8d, 0x6b, 0x07, 0x8d, 0x6b, 0x07, 0x8d, 0x6b, 0x08, 0x00, 0x00, 0x00, 0x00, 0x00, 0x00,
    0x00, 0x00, 0x00, 0x00, 0x00, 0x00, 0x00, 0x00, 0x00, 0x00, 0x00, 0x00, 0x8d, 0x6b, 0x04, 0x00, 0x00, 0x00, 0x00, 0x00, 0x00, 0x00, 0x00, 0x00,
    0x8d, 0x6b, 0xcd, 0x8d, 0x6b, 0x90, 0x00, 0x00, 0x00, 0x00, 0x00, 0x00, 0x8d, 0x6b, 0x0a, 0x8d, 0x6b, 0xe2, 0x8d, 0x6b, 0x22, 0x8d, 0x6b, 0x16,
    0x8d, 0x6b, 0x2a, 0x8d, 0x6b, 0x43, 0x8d, 0x6b, 0xbb, 0x00, 0x00, 0x00, 0x00, 0x00, 0x00, 0x00, 0x00, 0x00, 0x8d, 0x6b, 0xd3, 0x8d, 0x6b, 0x33,
    0x00, 0x00, 0x00, 0x00, 0x00, 0x00, 0x00, 0x00, 0x00, 0x8d, 0x6b, 0x3f, 0x8d, 0x6b, 0xa7, 0x8d, 0x6b, 0x04, 0x00, 0x00, 0x00, 0x00, 0x00, 0x00,
    0x00, 0x00, 0x00, 0x00, 0x00, 0x00, 0x8d, 0x6b, 0x04, 0x8d, 0x6b, 0xa7, 0x8d, 0x6b, 0x3c, 0x00, 0x00, 0x00, 0x00, 0x00, 0x00, 0x00, 0x00, 0x00,
    0x00, 0x00, 0x00, 0x00, 0x00, 0x00, 0x8d, 0x6b, 0x7b, 0x8d, 0x6b, 0xcb, 0x00, 0x00, 0x00, 0x00, 0x00, 0x00, 0x00, 0x00, 0x00, 0x8d, 0x6b, 0x01,
    0x8d, 0x6b, 0xe0, 0x8d, 0x6b, 0x56, 0x00, 0x00, 0x00, 0x00, 0x00, 0x00, 0x8d, 0x6b, 0x93, 0x8d, 0x6b, 0xa3, 0x00, 0x00, 0x00, 0x00, 0x00, 0x00,
    0x8d, 0x6b, 0x5b, 0x8d, 0x6b, 0xf3, 0x8d, 0x6b, 0x17, 0x8d, 0x6b, 0xb9, 0x8d, 0x6b, 0xff, 0x8d, 0x6b, 0xff, 0x8d, 0x6b, 0xff, 0x8d, 0x6b, 0xff,
    0x8d, 0x6b, 0xff, 0x8d, 0x6b, 0xff, 0x8d, 0x6b, 0xfb, 0x8d, 0x6b, 0x2f, 0x00, 0x00, 0x00, 0x00, 0x00, 0x00, 0x00, 0x00, 0x00, 0x00, 0x00, 0x00,
    0x00, 0x00, 0x00, 0x00, 0x00, 0x00, 0x00, 0x00, 0x00, 0x00, 0x00, 0x00, 0x00, 0x00, 0x00, 0x8d, 0x6b, 0xcf, 0x8d, 0x6b, 0x66, 0x00, 0x00, 0x00,
    0x00, 0x00, 0x00, 0x8d, 0x6b, 0x7b, 0x8d, 0x6b, 0x88, 0x00, 0x00, 0x00, 0x8d, 0x6b, 0x94, 0x8d, 0x6b, 0x8c, 0x8d, 0x6b, 0x43, 0x8d, 0x6b, 0xbb,
    0x00, 0x00, 0x00, 0x00, 0x00, 0x00, 0x00, 0x00, 0x00, 0x8d, 0x6b, 0xd3, 0x8d, 0x6b, 0x33, 0x00, 0x00, 0x00, 0x00, 0x00, 0x00, 0x00, 0x00, 0x00,
    0x8d, 0x6b, 0x04, 0x8d, 0x6b, 0xab, 0x8d, 0x6b, 0xa9, 0x8d, 0x6b, 0x04, 0x00, 0x00, 0x00, 0x00, 0x00, 0x00, 0x8d, 0x6b, 0x04, 0x8d, 0x6b, 0xaa,
    0x8d, 0x6b, 0xa6, 0x8d, 0x6b, 0x03, 0x00, 0x00, 0x00, 0x00, 0x00, 0x00, 0x00, 0x00, 0x00, 0x00, 0x00, 0x00, 0x00, 0x00, 0x00, 0x8d, 0x6b, 0x7b,
    0x8d, 0x6b, 0xcb, 0x00, 0x00, 0x00, 0x00, 0x00, 0x00, 0x00, 0x00, 0x00, 0x8d, 0x6b, 0x21, 0x8d, 0x6b, 0xff, 0x8d, 0x6b, 0x14, 0x00, 0x00, 0x00,
    0x00, 0x00, 0x00, 0x8d, 0x6b, 0x52, 0x8d, 0x6b, 0xe4, 0x00, 0x00, 0x00, 0x00, 0x00, 0x00, 0x00, 0x00, 0x00, 0x8d, 0x6b, 0x1a, 0x8d, 0x6b, 0x27,
    0x8d, 0x6b, 0xf6, 0x8d, 0x6b, 0x16, 0x8d, 0x6b, 0x03, 0x8d, 0x6b, 0xff, 0x8d, 0x6b, 0x13, 0x00, 0x00, 0x00, 0x8d, 0x6b, 0x2c, 0x8d, 0x6b, 0xec,
    0x8d, 0x6b, 0x04, 0x00, 0x00, 0x00, 0x00, 0x00, 0x00, 0x00, 0x00, 0x00, 0x00, 0x00, 0x00, 0x00, 0x00, 0x00, 0x00, 0x00, 0x00, 0x8d, 0x6b, 0x04,
    0x8d, 0x6b, 0x21, 0x8d, 0x6b, 0x8e, 0x8d, 0x6b, 0xda, 0x8d, 0x6b, 0x17, 0x00, 0x00, 0x00, 0x8d, 0x6b, 0x35, 0x8d, 0x6b, 0xf9, 0x8d, 0x6b, 0xab,
    0x8d, 0x6b, 0xb8, 0x8d, 0x6b, 0xdd, 0x8d, 0x6b, 0x0c, 0x8d, 0x6b, 0x43, 0x8d, 0x6b, 0xfd, 0x8d, 0x6b, 0xf7, 0x8d, 0x6b, 0xf7, 0x8d, 0x6b, 0xf7,
    0x8d, 0x6b, 0xfe, 0x8d, 0x6b, 0x33, 0x00, 0x00, 0x00, 0x00, 0x00, 0x00, 0x00, 0x00, 0x00, 0x00, 0x00, 0x00, 0x8d, 0x6b, 0x04, 0x8d, 0x6b, 0xaa,
    0x8d, 0x6b, 0xa9, 0x8d, 0x6b, 0x03, 0x8d, 0x6b, 0x03, 0x8d, 0x6b, 0xa9, 0x8d, 0x6b, 0xa8, 0x8d, 0x6b, 0x03, 0x00, 0x00, 0x00, 0x00, 0x00, 0x00,
    0x00, 0x00, 0x00, 0x00, 0x00, 0x00, 0x00, 0x00, 0x00, 0x00, 0x00, 0x00, 0x8d, 0x6b, 0x7b, 0x8d, 0x6b, 0xcb, 0x00, 0x00, 0x00, 0x00, 0x00, 0x00,
    0x00, 0x00, 0x00, 0x8d, 0x6b, 0x39, 0x8d, 0x6b, 0xfc, 0x8d, 0x6b, 0x01, 0x00, 0x00, 0x00, 0x00, 0x00, 0x00, 0x8d, 0x6b, 0x3a, 0x8d, 0x6b, 0xfa,
    0x8d, 0x6b, 0x01, 0x00, 0x00, 0x00, 0x00, 0x00, 0x00, 0x00, 0x00, 0x00, 0x8d, 0x6b, 0xae, 0x8d, 0x6b, 0x99, 0x00, 0x00, 0x00, 0x8d, 0x6b, 0x04,
    0x8d, 0x6b, 0xff, 0x8d, 0x6b, 0x14, 0x00, 0x00, 0x00, 0x8d, 0x6b, 0x87, 0x8d, 0x6b, 0x95, 0x00, 0x00, 0x00, 0x00, 0x00, 0x00, 0x00, 0x00, 0x00,
    0x00, 0x00, 0x00, 0x00, 0x00, 0x00, 0x00, 0x00, 0x00, 0x00, 0x00, 0x00, 0x8d, 0x6b, 0x83, 0x8d, 0x6b, 0xff, 0x8d, 0x6b, 0xf6, 0x8d, 0x6b, 0x31,
    0x00, 0x00, 0x00, 0x00, 0x00, 0x00, 0x8d, 0x6b, 0x1e, 0x8d, 0x6b, 0x7d, 0x8d, 0x6b, 0x55, 0x8d, 0x6b, 0xe7, 0x8d, 0x6b, 0x4d, 0x00, 0x00, 0x00,
    0x8d, 0x6b, 0x43, 0x8d, 0x6b, 0xbb, 0x00, 0x00, 0x00, 0x00, 0x00, 0x00, 0x00, 0x00, 0x00, 0x8d, 0x6b, 0xd3, 0x8d, 0x6b, 0x33, 0x00, 0x00, 0x00,
    0x00, 0x00, 0x00, 0x00, 0x00, 0x00, 0x00, 0x00, 0x00, 0x00, 0x00, 0x00, 0x8d, 0x6b, 0x04, 0x8d, 0x6b, 0xa9, 0x8d, 0x6b, 0xa7, 0x8d, 0x6b, 0xa8,
    0x8d, 0x6b, 0xa9, 0x8d, 0x6b, 0x03, 0x00, 0x00, 0x00, 0x00, 0x00, 0x00, 0x00, 0x00, 0x00, 0x00, 0x00, 0x00, 0x00, 0x00, 0x00, 0x00, 0x00, 0x00,
    0x00, 0x00, 0x00, 0x8d, 0x6b, 0x7b, 0x8d, 0x6b, 0xcb, 0x00, 0x00, 0x00, 0x00, 0x00, 0x00, 0x00, 0x00, 0x00, 0x8d, 0x6b, 0x4a, 0x8d, 0x6b, 0xf0,
    0x00, 0x00, 0x00, 0x00, 0x00, 0x00, 0x00, 0x00, 0x00, 0x8d, 0x6b, 0x2c, 0x8d, 0x6b, 0xff, 0x8d, 0x6b, 0x0d, 0x00, 0x00, 0x00, 0x00, 0x00, 0x00,
    0x8d, 0x6b, 0x17, 0x8d, 0x6b, 0xd1, 0x8d, 0x6b, 0x18, 0x00, 0x00, 0x00, 0x8d, 0x6b, 0x16, 0x8d, 0x6b, 0xff, 0x8d, 0x6b, 0x24, 0x8d, 0x6b, 0x03,
    0x8d, 0x6b, 0xe4, 0x8d, 0x6b, 0x24, 0x00, 0x00, 0x00, 0x00, 0x00, 0x00, 0x00, 0x00, 0x00, 0x00, 0x00, 0x00, 0x00, 0x00, 0x00, 0x00, 0x00, 0x00,
    0x00, 0x00, 0x00, 0x8d, 0x6b, 0x01, 0x8d, 0x6b, 0x16, 0x8d, 0x6b, 0x59, 0x8d, 0x6b, 0xe7, 0x8d, 0x6b, 0x60, 0x00, 0x00, 0x00, 0x00, 0x00, 0x00,
    0x00, 0x00, 0x00, 0x8d, 0x6b, 0x8a, 0x8d, 0x6b, 0x93, 0x00, 0x00, 0x00, 0x00, 0x00, 0x00, 0x8d, 0x6b, 0x43, 0x8d, 0x6b, 0xbb, 0x00, 0x00, 0x00,
    0x00, 0x00, 0x00, 0x00, 0x00, 0x00, 0x8d, 0x6b, 0xd3, 0x8d, 0x6b, 0x33, 0x00, 0x00, 0x00, 0x00, 0x00, 0x00, 0x00, 0x00, 0x00, 0x00, 0x00, 0x00,
    0x00, 0x00, 0x00, 0x00, 0x00, 0x00, 0x8d, 0x6b, 0x07, 0x8d, 0x6b, 0xe4, 0x8d, 0x6b, 0xe6, 0x8d, 0x6b, 0x08, 0x00, 0x00, 0x00, 0x00, 0x00, 0x00,
    0x00, 0x00, 0x00, 0x00, 0x00, 0x00, 0x00, 0x00, 0x00, 0x00, 0x00, 0x00, 0x00, 0x00, 0x00, 0x00, 0x00, 0x00, 0x8d, 0x6b, 0x7b, 0x8d, 0x6b, 0xcb,
    0x00, 0x00, 0x00, 0x00, 0x00, 0x00, 0x00, 0x00, 0x00, 0x8d, 0x6b, 0x38, 0x8d, 0x6b, 0xfc, 0x8d, 0x6b, 0x01, 0x00, 0x00, 0x00, 0x00, 0x00, 0x00,
    0x8d, 0x6b, 0x3a, 0x8d, 0x6b, 0xfa, 0x8d, 0x6b, 0x01, 0x00, 0x00, 0x00, 0x00, 0x00, 0x00, 0x8d, 0x6b, 0x4a, 0x8d, 0x6b, 0x07, 0x00, 0x00, 0x00,
    0x00, 0x00, 0x00, 0x8d, 0x6b, 0x43, 0x8d, 0x6b, 0xff, 0x8d, 0x6b, 0x4f, 0x00, 0x00, 0x00, 0x8d, 0x6b, 0x14, 0x00, 0x00, 0x00, 0x00, 0x00, 0x00,
    0x00, 0x00, 0x00, 0x00, 0x00, 0x00, 0x00, 0x00, 0x00, 0x00, 0x00, 0x00, 0x00, 0x00, 0x00, 0x00, 0x00, 0x00, 0x00, 0x00, 0x00, 0x00, 0x00, 0x00,
    0x00, 0x00, 0x00, 0x8d, 0x6b, 0x72, 0x8d, 0x6b, 0xe0, 0x00, 0x00, 0x00, 0x00, 0x00, 0x00, 0x8d, 0x6b, 0x54, 0x8d, 0x6b, 0xe0, 0x8d, 0x6b, 0x54,
    0x8d, 0x6b, 0x80, 0x8d, 0x6b, 0x69, 0x8d, 0x6b, 0x43, 0x8d, 0x6b, 0xbb, 0x00, 0x00, 0x00, 0x00, 0x00, 0x00, 0x00, 0x00, 0x00, 0x8d, 0x6b, 0xd3,
    0x8d, 0x6b, 0x33, 0x00, 0x00, 0x00, 0x00, 0x00, 0x00, 0x00, 0x00, 0x00, 0x00, 0x00, 0x00, 0x00, 0x00, 0x00, 0x8d, 0x6b, 0x04, 0x8d, 0x6b, 0xa9,
    0x8d, 0x6b, 0xa8, 0x8d, 0x6b, 0xa8, 0x8d, 0x6b, 0xaa, 0x8d, 0x6b, 0x04, 0x00, 0x00, 0x00, 0x00, 0x00, 0x00, 0x00, 0x00, 0x00, 0x00, 0x00, 0x00,
    0x00, 0x00, 0x00, 0x00, 0x00, 0x00, 0x00, 0x00, 0x00, 0x8d, 0x6b, 0x7b, 0x8d, 0x6b, 0xcb, 0x00, 0x00, 0x00, 0x00, 0x00, 0x00, 0x00, 0x00, 0x00,
    0x8d, 0x6b, 0x20, 0x8d, 0x6b, 0xff, 0x8d, 0x6b, 0x16, 0x00, 0x00, 0x00, 0x00, 0x00, 0x00, 0x8d, 0x6b, 0x53, 0x8d, 0x6b, 0xe3, 0x00, 0x00, 0x00,
    0x00, 0x00, 0x00, 0x8d, 0x6b, 0x47, 0x8d, 0x6b, 0xf1, 0x8d, 0x6b, 0x29, 0x00, 0x00, 0x00, 0x00, 0x00, 0x00, 0x8d, 0x6b, 0x9d, 0x8d, 0x6b, 0xb6,
    0x8d, 0x6b, 0xa1, 0x00, 0x00, 0x00, 0x00, 0x00, 0x00, 0x00, 0x00, 0x00, 0x00, 0x00, 0x00, 0x00, 0x00, 0x00, 0x00, 0x00, 0x00, 0x00, 0x00, 0x00,
    0x00, 0x00, 0x00, 0x8d, 0x6b, 0x02, 0x8d, 0x6b, 0x0c, 0x00, 0x00, 0x00, 0x00, 0x00, 0x00, 0x00, 0x00, 0x00, 0x8d, 0x6b, 0x6c, 0x8d, 0x6b, 0xe4,
    0x00, 0x00, 0x00, 0x8d, 0x6b, 0x2b, 0x8d, 0x6b, 0xfa, 0x8d, 0x6b, 0xe0, 0x8d, 0x6b, 0xa7, 0x8d, 0x6b, 0x72, 0x8d, 0x6b, 0x2b, 0x8d, 0x6b, 0x43,
    0x8d, 0x6b, 0xfc, 0x8d, 0x6b, 0xf3, 0x8d, 0x6b, 0xf3, 0x8d, 0x6b, 0xf3, 0x8d, 0x6b, 0xfd, 0x8d, 0x6b, 0x33, 0x00, 0x00, 0x00, 0x00, 0x00, 0x00,
    0x00, 0x00, 0x00, 0x00, 0x00, 0x00, 0x8d, 0x6b, 0x04, 0x8d, 0x6b, 0xa9, 0x8d, 0x6b, 0xa8, 0x8d, 0x6b, 0x03, 0x8d, 0x6b, 0x03, 0x8d, 0x6b, 0xa9,
    0x8d, 0x6b, 0xa9, 0x8d, 0x6b, 0x03, 0x00, 0x00, 0x00, 0x00, 0x00, 0x00, 0x00, 0x00, 0x00, 0x00, 0x00, 0x00, 0x00, 0x00, 0x00, 0x00, 0x00, 0x00,
    0x8d, 0x6b, 0x7b, 0x8d, 0x6b, 0xcb, 0x00, 0x00, 0x00, 0x00, 0x00, 0x00, 0x00, 0x00, 0x00, 0x8d, 0x6b, 0x01, 0x8d, 0x6b, 0xde, 0x8d, 0x6b, 0x59,
    0x00, 0x00, 0x00, 0x00, 0x00, 0x00, 0x8d, 0x6b, 0x96, 0x8d, 0x6b, 0xa1, 0x00, 0x00, 0x00, 0x8d, 0x6b, 0x3a, 0x8d, 0x6b, 0xf2, 0x8d, 0x6b, 0x51,
    0x00, 0x00, 0x00, 0x00, 0x00, 0x00, 0x8d, 0x6b, 0x1f, 0x8d, 0x6b, 0xe5, 0x8d, 0x6b, 0x23, 0x8d, 0x6b, 0xe6, 0x8d, 0x6b, 0x1d, 0x00, 0x00, 0x00,
    0x00, 0x00, 0x00, 0x00, 0x00, 0x00, 0x00, 0x00, 0x00, 0x00, 0x00, 0x00, 0x00, 0x00, 0x00, 0x00, 0x00, 0x00, 0x8d, 0x6b, 0x5b, 0x8d, 0x6b, 0xd6,
    0x8d, 0x6b, 0x52, 0x8d, 0x6b, 0x1d, 0x8d, 0x6b, 0x44, 0x8d, 0x6b, 0xe3, 0x8d, 0x6b, 0x8d, 0x00, 0x00, 0x00, 0x8d, 0x6b, 0x03, 0x8d, 0x6b, 0x24,
    0x00, 0x00, 0x00, 0x00, 0x00, 0x00, 0x00, 0x00, 0x00, 0x00, 0x00, 0x00, 0x8d, 0x6b, 0x43, 0x8d, 0x6b, 0xbb, 0x00, 0x00, 0x00, 0x00, 0x00, 0x00,
    0x00, 0x00, 0x00, 0x8d, 0x6b, 0xd3, 0x8d, 0x6b, 0x33, 0x00, 0x00, 0x00, 0x00, 0x00, 0x00, 0x00, 0x00, 0x00, 0x8d, 0x6b, 0x04, 0x8d, 0x6b, 0xaa,
    0x8d, 0x6b, 0xa8, 0x8d, 0x6b, 0x03, 0x00, 0x00, 0x00, 0x00, 0x00, 0x00, 0x8d, 0x6b, 0x03, 0x8d, 0x6b, 0xa9, 0x8d, 0x6b, 0xa8, 0x8d, 0x6b, 0x03,
    0x00, 0x00, 0x00, 0x00, 0x00, 0x00, 0x00, 0x00, 0x00, 0x8d, 0x6b, 0x0c, 0x8d, 0x6b, 0x0f, 0x8d, 0x6b, 0x84, 0x8d, 0x6b, 0xcf, 0x8d, 0x6b, 0x0f,
    0x8d, 0x6b, 0x0d, 0x00, 0x00, 0x00, 0x00, 0x00, 0x00, 0x8d, 0x6b, 0x76, 0x8d, 0x6b, 0xdc, 0x8d, 0x6b, 0x29, 0x8d, 0x6b, 0x47, 0x8d, 0x6b, 0xf4,
    0x8d, 0x6b, 0x3b, 0x8d, 0x6b, 0x2d, 0x8d, 0x6b, 0xf0, 0x8d, 0x6b, 0x67, 0x00, 0x00, 0x00, 0x00, 0x00, 0x00, 0x8d, 0x6b, 0x05, 0x8d, 0x6b, 0xc9,
    0x8d, 0x6b, 0x7c, 0x00, 0x00, 0x00, 0x8d, 0x6b, 0x88, 0x8d, 0x6b, 0xbb, 0x8d, 0x6b, 0x01, 0x00, 0x00, 0x00, 0x00, 0x00, 0x00, 0x00, 0x00, 0x00,
    0x00, 0x00, 0x00, 0x00, 0x00, 0x00, 0x00, 0x00, 0x00, 0x00, 0x00, 0x00, 0x8d, 0x6b, 0x67, 0x8d, 0x6b, 0xbf, 0x8d, 0x6b, 0xf1, 0x8d, 0x6b, 0xe0,
    0x8d, 0x6b, 0x83, 0x8d, 0x6b, 0x06, 0x00, 0x00, 0x00, 0x00, 0x00, 0x00, 0x8d, 0x6b, 0x01, 0x8d, 0x6b, 0x2e, 0x8d, 0x6b, 0x6f, 0x8d, 0x6b, 0xb2,
    0x8d, 0x6b, 0x81, 0x8d, 0x6b, 0x43, 0x8d, 0x6b, 0xbb, 0x00, 0x00, 0x00, 0x00, 0x00, 0x00, 0x00, 0x00, 0x00, 0x8d, 0x6b, 0xd3, 0x8d, 0x6b, 0x33,
    0x00, 0x00, 0x00, 0x00, 0x00, 0x00, 0x00, 0x00, 0x00, 0x8d, 0x6b, 0x3f, 0x8d, 0x6b, 0xa5, 0x8d, 0x6b, 0x03, 0x00, 0x00, 0x00, 0x00, 0x00, 0x00,
    0x00, 0x00, 0x00, 0x00, 0x00, 0x00, 0x8d, 0x6b, 0x03, 0x8d, 0x6b, 0xa4, 0x8d, 0x6b, 0x3c, 0x00, 0x00, 0x00, 0x00, 0x00, 0x00, 0x00, 0x00, 0x00,
    0x8d, 0x6b, 0xc7, 0x8d, 0x6b, 0xff, 0x8d, 0x6b, 0xff, 0x8d, 0x6b, 0xff, 0x8d, 0x6b, 0xff, 0x8d, 0x6b, 0xdb, 0x00, 0x00, 0x00, 0x00, 0x00, 0x00,
    0x8d, 0x6b, 0x01, 0x8d, 0x6b, 0x87, 0x8d, 0x6b, 0xe6, 0x8d, 0x6b, 0xd8, 0x8d, 0x6b, 0x5b, 0x00, 0x00, 0x00, 0x8d, 0x6b, 0x16, 0x8d, 0x6b, 0x67,
    0x00, 0x00, 0x00, 0x00, 0x00, 0x00, 0x8d, 0x6b, 0x07, 0x8d, 0x6b, 0xa4, 0x8d, 0x6b, 0xb7, 0x8d, 0x6b, 0x04, 0x00, 0x00, 0x00, 0x8d, 0x6b, 0x0b,
    0x8d, 0x6b, 0xd3, 0x8d, 0x6b, 0x88, 0x00, 0x00, 0x00, 0x00, 0x00, 0x00, 0x00, 0x00, 0x00, 0x00, 0x00, 0x00, 0x00, 0x00, 0x00, 0x00, 0x00, 0x00,
    0x00, 0x00, 0x00, 0x00, 0x00, 0x00, 0x00, 0x00, 0x00, 0x00, 0x00, 0x00, 0x00, 0x00, 0x00, 0x00, 0x00, 0x00, 0x00, 0x00, 0x00, 0x00, 0x00, 0x00,
    0x8d, 0x6b, 0x34, 0x8d, 0x6b, 0xed, 0x8d, 0x6b, 0xe9, 0x8d, 0x6b, 0xa3, 0x8d, 0x6b, 0x59, 0x8d, 0x6b, 0x12, 0x8d, 0x6b, 0x43, 0x8d, 0x6b, 0xbb,
    0x00, 0x00, 0x00, 0x00, 0x00, 0x00, 0x00, 0x00, 0x00, 0x8d, 0x6b, 0xd3, 0x8d, 0x6b, 0x33, 0x00, 0x00, 0x00, 0x00, 0x00, 0x00, 0x00, 0x00, 0x00,
    0x00, 0x00, 0x00, 0x00, 0x00, 0x00, 0x00, 0x00, 0x00, 0x00, 0x00, 0x00, 0x00, 0x00, 0x00, 0x00, 0x00, 0x00, 0x00, 0x00, 0x00, 0x00, 0x00, 0x00,
    0x00, 0x00, 0x00, 0x00, 0x00, 0x00, 0x00, 0x00, 0x00, 0x00, 0x00, 0x00, 0x00, 0x00, 0x00, 0x00, 0x00, 0x00, 0x00, 0x00, 0x00, 0x00, 0x00, 0x00,
    0x00, 0x00, 0x00, 0x00, 0x00, 0x00, 0x00, 0x00, 0x00, 0x00, 0x00, 0x00, 0x00, 0x00, 0x00, 0x00, 0x00, 0x00, 0x00, 0x00, 0x00, 0x00, 0x00, 0x00,
    0x00, 0x00, 0x00, 0x00, 0x00, 0x00, 0x00, 0x00, 0x00, 0x00, 0x00, 0x00, 0x00, 0x00, 0x00, 0x00, 0x00, 0x00, 0x8d, 0x6b, 0x48, 0x8d, 0x6b, 0xd2,
    0x8d, 0x6b, 0xb7, 0x8d, 0x6b, 0x0b, 0x00, 0x00, 0x00, 0x00, 0x00, 0x00, 0x00, 0x00, 0x00, 0x8d, 0x6b, 0x23, 0x8d, 0x6b, 0xe1, 0x8d, 0x6b, 0xb5,
    0x8d, 0x6b, 0x23, 0x00, 0x00, 0x00, 0x00, 0x00, 0x00, 0x00, 0x00, 0x00, 0x00, 0x00, 0x00, 0x00, 0x00, 0x00, 0x00, 0x00, 0x00, 0x00, 0x00, 0x00,
    0x00, 0x00, 0x00, 0x00, 0x00, 0x00, 0x00, 0x00, 0x00, 0x00, 0x00, 0x00, 0x00, 0x00, 0x00, 0x8d, 0x6b, 0x0e, 0x8d, 0x6b, 0x30, 0x8d, 0x6b, 0x01,
    0x00, 0x00, 0x00, 0x00, 0x00, 0x00, 0x8d, 0x6b, 0xaa, 0x8d, 0x6b, 0xf7, 0x8d, 0x6b, 0xf7, 0x8d, 0x6b, 0xf7, 0x8d, 0x6b, 0xf7, 0x8d, 0x6b, 0xf7,
    0x8d, 0x6b, 0xf7, 0x8d, 0x6b, 0xf7, 0x8d, 0x6b, 0x68, 0x00, 0x00, 0x00, 0x00, 0x00, 0x00, 0x00, 0x00, 0x00, 0x00, 0x00, 0x00, 0x00, 0x00, 0x00,
    0x00, 0x00, 0x00, 0x00, 0x00, 0x00, 0x00, 0x00, 0x00, 0x00, 0x00, 0x00, 0x00, 0x00, 0x00, 0x00, 0x00, 0x00, 0x00, 0x00, 0x00, 0x00, 0x00, 0x00,
    0x00, 0x00, 0x00, 0x00, 0x00, 0x00, 0x00, 0x00, 0x00, 0x00, 0x00, 0x00, 0x00, 0x00, 0x00, 0x00, 0x00, 0x00, 0x00, 0x00, 0x00, 0x00, 0x00, 0x00,
    0x00, 0x00, 0x00, 0x00, 0x00, 0x00, 0x00, 0x00, 0x00, 0x00, 0x00, 0x00, 0x00, 0x00, 0x00, 0x00, 0x00, 0x00, 0x00, 0x00, 0x00, 0x00, 0x00, 0x00,
    0x00, 0x00, 0x00, 0x00, 0x00, 0x00, 0x00, 0x00, 0x00, 0x8d, 0x6b, 0x93, 0x8d, 0x6b, 0x5c, 0x00, 0x00, 0x00, 0x00, 0x00, 0x00, 0x00, 0x00, 0x00,
    0x00, 0x00, 0x00, 0x00, 0x00, 0x00, 0x00, 0x00, 0x00, 0x8d, 0x6b, 0x0e, 0x8d, 0x6b, 0x9f, 0x8d, 0x6b, 0x32, 0x00, 0x00, 0x00, 0x00, 0x00, 0x00,
    0x00, 0x00, 0x00, 0x00, 0x00, 0x00, 0x00, 0x00, 0x00, 0x00, 0x00, 0x00, 0x00, 0x00, 0x00, 0x00, 0x00, 0x00, 0x00, 0x00, 0x00, 0x00, 0x00, 0x00,
    0x00, 0x00, 0x00, 0x00, 0x00, 0x00, 0x00, 0x00, 0x00, 0x00, 0x00, 0x00, 0x00, 0x00, 0x00, 0x00, 0x00, 0x00, 0x00, 0x00, 0x00, 0x00, 0x00, 0x00,
    0x00, 0x00, 0x00, 0x00, 0x00, 0x00, 0x00, 0x00, 0x00, 0x00, 0x00, 0x00, 0x00, 0x00, 0x00, 0x00, 0x00, 0x00, 0x00, 0x00, 0x00, 0x00, 0x00, 0x00,
    0x00, 0x00, 0x00, 0x00, 0x00, 0x00, 0x00, 0x00, 0x00, 0x00, 0x00, 0x00, 0x00, 0x00, 0x00, 0x00, 0x00, 0x00, 0x00, 0x00, 0x00, 0x00, 0x00, 0x00,
    0x00, 0x00, 0x00, 0x00, 0x00, 0x00, 0x00, 0x00, 0x00, 0x00, 0x00, 0x00, 0x00, 0x00, 0x00, 0x00, 0x00, 0x00, 0x00, 0x00, 0x00, 0x00, 0x00, 0x00,
    0x00, 0x00, 0x00, 0x00, 0x00, 0x00, 0x00, 0x00, 0x00, 0x00, 0x00, 0x00, 0x00, 0x00, 0x00, 0x00, 0x00, 0x00, 0x00, 0x00, 0x00, 0x00, 0x00, 0x00,
    0x00, 0x00, 0x00, 0x00, 0x00, 0x00, 0x00, 0x00, 0x00, 0x00, 0x00, 0x00, 0x00, 0x00, 0x00, 0x00, 0x00, 0x00, 0x00, 0x00, 0x00, 0x00, 0x00, 0x00,
    0x00, 0x00, 0x00, 0x00, 0x00, 0x00, 0x00, 0x00, 0x00, 0x00, 0x00, 0x00, 0x00, 0x00, 0x00, 0x00, 0x00, 0x00, 0x00, 0x00, 0x00, 0x00, 0x00, 0x00,
    0x00, 0x00, 0x00, 0x00, 0x00, 0x00, 0x00, 0x00, 0x00, 0x00, 0x00, 0x00, 0x00, 0x00, 0x00, 0x00, 0x00, 0x00, 0x00, 0x00, 0x00, 0x00, 0x00, 0x00,
    0x00, 0x00, 0x00, 0x00, 0x00, 0x00, 0x00, 0x00, 0x00, 0x00, 0x00, 0x00, 0x00, 0x00, 0x00, 0x00, 0x00, 0x00, 0x00, 0x00, 0x00, 0x00, 0x00, 0x00,
    0x00, 0x00, 0x00, 0x00, 0x00, 0x00, 0x00, 0x00, 0x00, 0x00, 0x00, 0x00, 0x00, 0x00, 0x00, 0x00, 0x00, 0x00, 0x00, 0x00, 0x00, 0x00, 0x00, 0x00,
    0x00, 0x00, 0x00, 0x00, 0x00, 0x00, 0x00, 0x00, 0x00, 0x00, 0x00, 0x00, 0x00, 0x00, 0x00, 0x00, 0x00, 0x00, 0x00, 0x00, 0x00, 0x00, 0x00, 0x00,
    0x00, 0x00, 0x00, 0x00, 0x00, 0x00, 0x00, 0x00, 0x00, 0x00, 0x00, 0x00, 0x00, 0x00, 0x00, 0x00, 0x00, 0x00, 0x00, 0x00, 0x00, 0x00, 0x00, 0x00,
    0x00, 0x00, 0x00, 0x00, 0x00, 0x00, 0x00, 0x00, 0x00, 0x00, 0x00, 0x00, 0x00, 0x00, 0x00, 0x00, 0x00, 0x00, 0x00, 0x00, 0x00, 0x00, 0x00, 0x00,
    0x00, 0x00, 0x00, 0x00, 0x00, 0x00, 0x00, 0x00, 0x00, 0x00, 0x00, 0x00, 0x00, 0x00, 0x00, 0x00, 0x00, 0x00, 0x00, 0x00, 0x00, 0x00, 0x00, 0x00,
    0x00, 0x00, 0x00, 0x00, 0x00, 0x00, 0x00, 0x00, 0x00, 0x00, 0x00, 0x00, 0x00, 0x00, 0x00, 0x00, 0x00, 0x00, 0x00, 0x00, 0x00, 0x00, 0x00, 0x00,
    0x00, 0x00, 0x00, 0x00, 0x00, 0x00, 0x00, 0x00, 0x00, 0x00, 0x00, 0x00, 0x00, 0x00, 0x00, 0x00, 0x00, 0x00, 0x00, 0x00, 0x00, 0x00, 0x00, 0x00,
    0x00, 0x00, 0x00, 0x00, 0x00, 0x00,
};
const lv_img_dsc_t rx_3x10 = {
    .header.always_zero = 0,
    .header.w = 69,
    .header.h = 18,
    .data_size = 3726,
    .header.cf = LV_IMG_CF_TRUE_COLOR_ALPHA,
    .data = rx_3x10_map,
};

#ifndef LV_ATTRIBUTE_IMG_RX_2X10
#define LV_ATTRIBUTE_IMG_RX_2X10
#endif
const LV_ATTRIBUTE_MEM_ALIGN LV_ATTRIBUTE_LARGE_CONST LV_ATTRIBUTE_IMG_RX_2X10 uint8_t rx_2x10_map[] = {
    0x00, 0x00, 0x00, 0x00, 0x00, 0x00, 0x00, 0x00, 0x00, 0x00, 0x00, 0x00, 0x00, 0x00, 0x00, 0x00, 0x00, 0x00, 0x00, 0x00, 0x00, 0x00, 0x00, 0x00,
    0x00, 0x00, 0x00, 0x00, 0x00, 0x00, 0x00, 0x00, 0x00, 0x00, 0x00, 0x00, 0x00, 0x00, 0x00, 0x00, 0x00, 0x00, 0x00, 0x00, 0x00, 0x00, 0x00, 0x00,
    0x00, 0x00, 0x00, 0x00, 0x00, 0x00, 0x00, 0x00, 0x00, 0x00, 0x00, 0x00, 0x00, 0x00, 0x00, 0x00, 0x00, 0x00, 0x00, 0x00, 0x00, 0x00, 0x00, 0x00,
    0x00, 0x00, 0x00, 0x00, 0x00, 0x00, 0x00, 0x00, 0x00, 0x00, 0x00, 0x00, 0x00, 0x00, 0x00, 0x00, 0x00, 0x00, 0x00, 0x00, 0x00, 0x00, 0x00, 0x00,
    0x00, 0x00, 0x00, 0x00, 0x00, 0x00, 0x00, 0x00, 0x00, 0x00, 0x00, 0x00, 0x00, 0x00, 0x00, 0x00, 0x00, 0x00, 0x00, 0x00, 0x00, 0x00, 0x00, 0x00,
    0x00, 0x00, 0x00, 0x00, 0x00, 0x00, 0x00, 0x00, 0x00, 0x00, 0x00, 0x00, 0x00, 0x00, 0x00, 0x00, 0x00, 0x00, 0x00, 0x00, 0x00, 0x00, 0x00, 0x00,
    0x00, 0x00, 0x00, 0x00, 0x00, 0x00, 0x00, 0x00, 0x00, 0x00, 0x00, 0x00, 0x00, 0x00, 0x00, 0x00, 0x00, 0x00, 0x00, 0x00, 0x00, 0x00, 0x00, 0x00,
    0x00, 0x00, 0x00, 0x00, 0x00, 0x00, 0x00, 0x00, 0x00, 0x00, 0x00, 0x00, 0x00, 0x00, 0x00, 0x00, 0x00, 0x00, 0x00, 0x00, 0x00, 0x00, 0x00, 0x00,
    0x00, 0x00, 0x00, 0x00, 0x00, 0x00, 0x00, 0x00, 0x00, 0x00, 0x00, 0x00, 0x00, 0x00, 0x00, 0x00, 0x00, 0x00, 0x00, 0x00, 0x00, 0x00, 0x00, 0x00,
    0x00, 0x00, 0x00, 0x00, 0x00, 0x00, 0x00, 0x00, 0x00, 0x00, 0x00, 0x00, 0x00, 0x00, 0x00, 0x00, 0x00, 0x00, 0x00, 0x00, 0x00, 0x00, 0x00, 0x00,
    0x00, 0x00, 0x00, 0x00, 0x00, 0x00, 0x00, 0x00, 0x00, 0x00, 0x00, 0x00, 0x00, 0x00, 0x00, 0x00, 0x00, 0x00, 0x00, 0x00, 0x00, 0x00, 0x00, 0x00,
    0x00, 0x00, 0x00, 0x00, 0x00, 0x00, 0x00, 0x00, 0x00, 0x00, 0x00, 0x00, 0x00, 0x00, 0x00, 0x00, 0x00, 0x00, 0x00, 0x00, 0x00, 0x00, 0x00, 0x00,
    0x00, 0x00, 0x00, 0x00, 0x00, 0x00, 0x00, 0x00, 0x00, 0x00, 0x00, 0x00, 0x00, 0x00, 0x00, 0x00, 0x00, 0x00, 0x00, 0x00, 0x00, 0x00, 0x00, 0x00,
    0x00, 0x00, 0x00, 0x00, 0x00, 0x00, 0x00, 0x00, 0x00, 0x00, 0x00, 0x00, 0x00, 0x00, 0x00, 0x00, 0x00, 0x00, 0x00, 0x00, 0x00, 0x00, 0x00, 0x00,
    0x00, 0x00, 0x00, 0x00, 0x00, 0x00, 0x00, 0x00, 0x00, 0x00, 0x00, 0x00, 0x00, 0x00, 0x00, 0x00, 0x00, 0x00, 0x00, 0x00, 0x00, 0x00, 0x00, 0x00,
    0x00, 0x00, 0x00, 0x00, 0x00, 0x00, 0x00, 0x00, 0x00, 0x00, 0x00, 0x00, 0x00, 0x00, 0x00, 0x00, 0x00, 0x00, 0x00, 0x00, 0x00, 0x00, 0x00, 0x00,
    0x00, 0x00, 0x00, 0x00, 0x00, 0x00, 0x00, 0x00, 0x00, 0x00, 0x00, 0x00, 0x00, 0x00, 0x00, 0x00, 0x00, 0x00, 0x00, 0x00, 0x00, 0x00, 0x00, 0x00,
    0x00, 0x00, 0x00, 0x00, 0x00, 0x00, 0x00, 0x00, 0x00, 0x00, 0x00, 0x00, 0x00, 0x00, 0x00, 0x00, 0x00, 0x00, 0x00, 0x00, 0x00, 0x00, 0x00, 0x00,
    0x00, 0x00, 0x00, 0x00, 0x00, 0x00, 0x00, 0x00, 0x00, 0x00, 0x00, 0x00, 0x00, 0x00, 0x00, 0x00, 0x00, 0x00, 0x00, 0x00, 0x00, 0x8d, 0x6b, 0x7d,
    0x8d, 0x6b, 0x2c, 0x00, 0x00, 0x00, 0x00, 0x00, 0x00, 0x00, 0x00, 0x00, 0x00, 0x00, 0x00, 0x00, 0x00, 0x00, 0x00, 0x00, 0x00, 0x00, 0x00, 0x00,
    0x00, 0x00, 0x00, 0x00, 0x00, 0x00, 0x00, 0x00, 0x00, 0x00, 0x00, 0x00, 0x00, 0x00, 0x00, 0x00, 0x00, 0x00, 0x00, 0x00, 0x00, 0x00, 0x00, 0x00,
    0x00, 0x00, 0x00, 0x00, 0x00, 0x00, 0x00, 0x00, 0x00, 0x00, 0x00, 0x00, 0x00, 0x00, 0x00, 0x00, 0x00, 0x00, 0x00, 0x00, 0x00, 0x00, 0x00, 0x00,
    0x00, 0x00, 0x00, 0x00, 0x00, 0x00, 0x00, 0x00, 0x00, 0x00, 0x00, 0x00, 0x00, 0x00, 0x00, 0x00, 0x00, 0x00, 0x00, 0x00, 0x00, 0x00, 0x00, 0x00,
    0x00, 0x00, 0x00, 0x00, 0x00, 0x00, 0x00, 0x00, 0x00, 0x00, 0x00, 0x00, 0x00, 0x00, 0x00, 0x00, 0x00, 0x00, 0x00, 0x00, 0x00, 0x00, 0x00, 0x00,
    0x00, 0x00, 0x00, 0x00, 0x00, 0x00, 0x00, 0x00, 0x00, 0x00, 0x00, 0x00, 0x00, 0x00, 0x00, 0x8d, 0x6b, 0xab, 0x8d, 0x6b, 0x29, 0x00, 0x00, 0x00,
    0x00, 0x00, 0x00, 0x00, 0x00, 0x00, 0x00, 0x00, 0x00, 0x00, 0x00, 0x00, 0x00, 0x00, 0x00, 0x00, 0x00, 0x00, 0x00, 0x00, 0x00, 0x00, 0x00, 0x00,
    0x00, 0x00, 0x00, 0x00, 0x00, 0x00, 0x8d, 0x6b, 0x46, 0x8d, 0x6b, 0xbb, 0x8d, 0x6b, 0xf1, 0x8d, 0x6b, 0xd3, 0x8d, 0x6b, 0x50, 0x00, 0x00, 0x00,
    0x00, 0x00, 0x00, 0x00, 0x00, 0x00, 0x00, 0x00, 0x00, 0x8d, 0x6b, 0x16, 0x8d, 0x6b, 0xf2, 0x8d, 0x6b, 0x19, 0x00, 0x00, 0x00, 0x8d, 0x6b, 0x43,
    0x8d, 0x6b, 0xfd, 0x8d, 0x6b, 0xf7, 0x8d, 0x6b, 0xf7, 0x8d, 0x6b, 0xf7, 0x8d, 0x6b, 0xfe, 0x8d, 0x6b, 0x33, 0x00, 0x00, 0x00, 0x00, 0x00, 0x00,
    0x00, 0x00, 0x00, 0x00, 0x00, 0x00, 0x00, 0x00, 0x00, 0x00, 0x00, 0x00, 0x00, 0x00, 0x00, 0x00, 0x00, 0x00, 0x00, 0x00, 0x00, 0x00, 0x00, 0x00,
    0x00, 0x00, 0x00, 0x00, 0x00, 0x00, 0x00, 0x00, 0x00, 0x00, 0x00, 0x00, 0x00, 0x00, 0x00, 0x00, 0x00, 0x00, 0x8d, 0x6b, 0x18, 0x8d, 0x6b, 0x79,
    0x8d, 0x6b, 0xd9, 0x8d, 0x6b, 0xcb, 0x00, 0x00, 0x00, 0x00, 0x00, 0x00, 0x00, 0x00, 0x00, 0x00, 0x00, 0x00, 0x8d, 0x6b, 0x01, 0x8d, 0x6b, 0x87,
    0x8d, 0x6b, 0xe5, 0x8d, 0x6b, 0xd7, 0x8d, 0x6b, 0x5b, 0x00, 0x00, 0x00, 0x00, 0x00, 0x00, 0x8d, 0x6b, 0x7c, 0x8d, 0x6b, 0x35, 0x00, 0x00, 0x00,
    0x00, 0x00, 0x00, 0x8d, 0x6b, 0x25, 0x8d, 0x6b, 0xfc, 0x8d, 0x6b, 0x0f, 0x00, 0x00, 0x00, 0x00, 0x00, 0x00, 0x00, 0x00, 0x00, 0x00, 0x00, 0x00,
    0x00, 0x00, 0x00, 0x00, 0x00, 0x00, 0x00, 0x00, 0x00, 0x00, 0x00, 0x00, 0x00, 0x00, 0x00, 0x00, 0x00, 0x00, 0x8d, 0x6b, 0x31, 0x8d, 0x6b, 0xeb,
    0x8d, 0x6b, 0x5a, 0x8d, 0x6b, 0x1b, 0x8d, 0x6b, 0x70, 0x8d, 0x6b, 0xfb, 0x8d, 0x6b, 0x2b, 0x00, 0x00, 0x00, 0x00, 0x00, 0x00, 0x00, 0x00, 0x00,
    0x8d, 0x6b, 0x7b, 0x8d, 0x6b, 0x9b, 0x00, 0x00, 0x00, 0x00, 0x00, 0x00, 0x8d, 0x6b, 0x43, 0x8d, 0x6b, 0xbb, 0x00, 0x00, 0x00, 0x00, 0x00, 0x00,
    0x00, 0x00, 0x00, 0x8d, 0x6b, 0xd3, 0x8d, 0x6b, 0x33, 0x00, 0x00, 0x00, 0x00, 0x00, 0x00, 0x00, 0x00, 0x00, 0x00, 0x00, 0x00, 0x00, 0x00, 0x00,
    0x00, 0x00, 0x00, 0x00, 0x00, 0x00, 0x00, 0x00, 0x00, 0x00, 0x00, 0x00, 0x00, 0x00, 0x00, 0x00, 0x00, 0x00, 0x00, 0x00, 0x00, 0x00, 0x00, 0x00,
    0x00, 0x00, 0x00, 0x00, 0x00, 0x00, 0x00, 0x00, 0x00, 0x8d, 0x6b, 0x2b, 0x8d, 0x6b, 0x8b, 0x8d, 0x6b, 0xc4, 0x8d, 0x6b, 0xcb, 0x00, 0x00, 0x00,
    0x00, 0x00, 0x00, 0x00, 0x00, 0x00, 0x00, 0x00, 0x00, 0x8d, 0x6b, 0x78, 0x8d, 0x6b, 0xda, 0x8d, 0x6b, 0x26, 0x8d, 0x6b, 0x43, 0x8d, 0x6b, 0xf3,
    0x8d, 0x6b, 0x3d, 0x00, 0x00, 0x00, 0x8d, 0x6b, 0x7d, 0x8d, 0x6b, 0xf6, 0x8d, 0x6b, 0x54, 0x00, 0x00, 0x00, 0x8d, 0x6b, 0x6e, 0x8d, 0x6b, 0xcd,
    0x8d, 0x6b, 0x07, 0x8d, 0x6b, 0x07, 0x8d, 0x6b, 0x07, 0x8d, 0x6b, 0x07, 0x8d, 0x6b, 0x07, 0x8d, 0x6b, 0x08, 0x00, 0x00, 0x00, 0x00, 0x00, 0x00,
    0x00, 0x00, 0x00, 0x00, 0x00, 0x00, 0x00, 0x00, 0x00, 0x00, 0x00, 0x00, 0x8d, 0x6b, 0x19, 0x00, 0x00, 0x00, 0x00, 0x00, 0x00, 0x8d, 0x6b, 0x01,
    0x8d, 0x6b, 0xe5, 0x8d, 0x6b, 0x77, 0x00, 0x00, 0x00, 0x00, 0x00, 0x00, 0x8d, 0x6b, 0x0a, 0x8d, 0x6b, 0xe2, 0x8d, 0x6b, 0x22, 0x8d, 0x6b, 0x16,
    0x8d, 0x6b, 0x2a, 0x8d, 0x6b, 0x43, 0x8d, 0x6b, 0xbb, 0x00, 0x00, 0x00, 0x00, 0x00, 0x00, 0x00, 0x00, 0x00, 0x8d, 0x6b, 0xd3, 0x8d, 0x6b, 0x33,
    0x00, 0x00, 0x00, 0x00, 0x00, 0x00, 0x00, 0x00, 0x00, 0x8d, 0x6b, 0x3f, 0x8d, 0x6b, 0xa7, 0x8d, 0x6b, 0x04, 0x00, 0x00, 0x00, 0x00, 0x00, 0x00,
    0x00, 0x00, 0x00, 0x00, 0x00, 0x00, 0x8d, 0x6b, 0x04, 0x8d, 0x6b, 0xa7, 0x8d, 0x6b, 0x3c, 0x00, 0x00, 0x00, 0x00, 0x00, 0x00, 0x00, 0x00, 0x00,
    0x00, 0x00, 0x00, 0x00, 0x00, 0x00, 0x8d, 0x6b, 0x7b, 0x8d, 0x6b, 0xcb, 0x00, 0x00, 0x00, 0x00, 0x00, 0x00, 0x00, 0x00, 0x00, 0x8d, 0x6b, 0x01,
    0x8d, 0x6b, 0xe0, 0x8d, 0x6b, 0x56, 0x00, 0x00, 0x00, 0x00, 0x00, 0x00, 0x8d, 0x6b, 0x93, 0x8d, 0x6b, 0xa3, 0x00, 0x00, 0x00, 0x00, 0x00, 0x00,
    0x8d, 0x6b, 0x5b, 0x8d, 0x6b, 0xf3, 0x8d, 0x6b, 0x17, 0x8d, 0x6b, 0xb9, 0x8d, 0x6b, 0xff, 0x8d, 0x6b, 0xff, 0x8d, 0x6b, 0xff, 0x8d, 0x6b, 0xff,
    0x8d, 0x6b, 0xff, 0x8d, 0x6b, 0xff, 0x8d, 0x6b, 0xfb, 0x8d, 0x6b, 0x2f, 0x00, 0x00, 0x00, 0x00, 0x00, 0x00, 0x00, 0x00, 0x00, 0x00, 0x00, 0x00,
    0x00, 0x00, 0x00, 0x00, 0x00, 0x00, 0x00, 0x00, 0x00, 0x00, 0x00, 0x00, 0x00, 0x00, 0x00, 0x8d, 0x6b, 0xc1, 0x8d, 0x6b, 0x82, 0x00, 0x00, 0x00,
    0x00, 0x00, 0x00, 0x8d, 0x6b, 0x7b, 0x8d, 0x6b, 0x88, 0x00, 0x00, 0x00, 0x8d, 0x6b, 0x94, 0x8d, 0x6b, 0x8c, 0x8d, 0x6b, 0x43, 0x8d, 0x6b, 0xbb,
    0x00, 0x00, 0x00, 0x00, 0x00, 0x00, 0x00, 0x00, 0x00, 0x8d, 0x6b, 0xd3, 0x8d, 0x6b, 0x33, 0x00, 0x00, 0x00, 0x00, 0x00, 0x00, 0x00, 0x00, 0x00,
    0x8d, 0x6b, 0x04, 0x8d, 0x6b, 0xab, 0x8d, 0x6b, 0xa9, 0x8d, 0x6b, 0x04, 0x00, 0x00, 0x00, 0x00, 0x00, 0x00, 0x8d, 0x6b, 0x04, 0x8d, 0x6b, 0xaa,
    0x8d, 0x6b, 0xa6, 0x8d, 0x6b, 0x03, 0x00, 0x00, 0x00, 0x00, 0x00, 0x00, 0x00, 0x00, 0x00, 0x00, 0x00, 0x00, 0x00, 0x00, 0x00, 0x8d, 0x6b, 0x7b,
    0x8d, 0x6b, 0xcb, 0x00, 0x00, 0x00, 0x00, 0x00, 0x00, 0x00, 0x00, 0x00, 0x8d, 0x6b, 0x21, 0x8d, 0x6b, 0xff, 0x8d, 0x6b, 0x14, 0x00, 0x00, 0x00,
    0x00, 0x00, 0x00, 0x8d, 0x6b, 0x52, 0x8d, 0x6b, 0xe4, 0x00, 0x00, 0x00, 0x00, 0x00, 0x00, 0x00, 0x00, 0x00, 0x8d, 0x6b, 0x1a, 0x8d, 0x6b, 0x27,
    0x8d, 0x6b, 0xf6, 0x8d, 0x6b, 0x16, 0x8d, 0x6b, 0x03, 0x8d, 0x6b, 0xff, 0x8d, 0x6b, 0x13, 0x00, 0x00, 0x00, 0x8d, 0x6b, 0x2c, 0x8d, 0x6b, 0xec,
    0x8d, 0x6b, 0x04, 0x00, 0x00, 0x00, 0x00, 0x00, 0x00, 0x00, 0x00, 0x00, 0x00, 0x00, 0x00, 0x00, 0x00, 0x00, 0x00, 0x00, 0x00, 0x00, 0x00, 0x00,
    0x00, 0x00, 0x00, 0x8d, 0x6b, 0x04, 0x8d, 0x6b, 0xef, 0x8d, 0x6b, 0x55, 0x00, 0x00, 0x00, 0x8d, 0x6b, 0x35, 0x8d, 0x6b, 0xf9, 0x8d, 0x6b, 0xab,
    0x8d, 0x6b, 0xb8, 0x8d, 0x6b, 0xdd, 0x8d, 0x6b, 0x0c, 0x8d, 0x6b, 0x43, 0x8d, 0x6b, 0xfd, 0x8d, 0x6b, 0xf7, 0x8d, 0x6b, 0xf7, 0x8d, 0x6b, 0xf7,
    0x8d, 0x6b, 0xfe, 0x8d, 0x6b, 0x33, 0x00, 0x00, 0x00, 0x00, 0x00, 0x00, 0x00, 0x00, 0x00, 0x00, 0x00, 0x00, 0x8d, 0x6b, 0x04, 0x8d, 0x6b, 0xaa,
    0x8d, 0x6b, 0xa9, 0x8d, 0x6b, 0x03, 0x8d, 0x6b, 0x03, 0x8d, 0x6b, 0xa9, 0x8d, 0x6b, 0xa8, 0x8d, 0x6b, 0x03, 0x00, 0x00, 0x00, 0x00, 0x00, 0x00,
    0x00, 0x00, 0x00, 0x00, 0x00, 0x00, 0x00, 0x00, 0x00, 0x00, 0x00, 0x00, 0x8d, 0x6b, 0x7b, 0x8d, 0x6b, 0xcb, 0x00, 0x00, 0x00, 0x00, 0x00, 0x00,
    0x00, 0x00, 0x00, 0x8d, 0x6b, 0x39, 0x8d, 0x6b, 0xfc, 0x8d, 0x6b, 0x01, 0x00, 0x00, 0x00, 0x00, 0x00, 0x00, 0x8d, 0x6b, 0x3a, 0x8d, 0x6b, 0xfa,
    0x8d, 0x6b, 0x01, 0x00, 0x00, 0x00, 0x00, 0x00, 0x00, 0x00, 0x00, 0x00, 0x8d, 0x6b, 0xae, 0x8d, 0x6b, 0x99, 0x00, 0x00, 0x00, 0x8d, 0x6b, 0x04,
    0x8d, 0x6b, 0xff, 0x8d, 0x6b, 0x14, 0x00, 0x00, 0x00, 0x8d, 0x6b, 0x87, 0x8d, 0x6b, 0x95, 0x00, 0x00, 0x00, 0x00, 0x00, 0x00, 0x00, 0x00, 0x00,
    0x00, 0x00, 0x00, 0x00, 0x00, 0x00, 0x00, 0x00, 0x00, 0x00, 0x00, 0x00, 0x00, 0x00, 0x00, 0x00, 0x00, 0x00, 0x8d, 0x6b, 0x67, 0x8d, 0x6b, 0xe8,
    0x8d, 0x6b, 0x09, 0x00, 0x00, 0x00, 0x8d, 0x6b, 0x1e, 0x8d, 0x6b, 0x7d, 0x8d, 0x6b, 0x55, 0x8d, 0x6b, 0xe7, 0x8d, 0x6b, 0x4d, 0x00, 0x00, 0x00,
    0x8d, 0x6b, 0x43, 0x8d, 0x6b, 0xbb, 0x00, 0x00, 0x00, 0x00, 0x00, 0x00, 0x00, 0x00, 0x00, 0x8d, 0x6b, 0xd3, 0x8d, 0x6b, 0x33, 0x00, 0x00, 0x00,
    0x00, 0x00, 0x00, 0x00, 0x00, 0x00, 0x00, 0x00, 0x00, 0x00, 0x00, 0x00, 0x8d, 0x6b, 0x04, 0x8d, 0x6b, 0xa9, 0x8d, 0x6b, 0xa7, 0x8d, 0x6b, 0xa8,
    0x8d, 0x6b, 0xa9, 0x8d, 0x6b, 0x03, 0x00, 0x00, 0x00, 0x00, 0x00, 0x00, 0x00, 0x00, 0x00, 0x00, 0x00, 0x00, 0x00, 0x00, 0x00, 0x00, 0x00, 0x00,
    0x00, 0x00, 0x00, 0x8d, 0x6b, 0x7b, 0x8d, 0x6b, 0xcb, 0x00, 0x00, 0x00, 0x00, 0x00, 0x00, 0x00, 0x00, 0x00, 0x8d, 0x6b, 0x4a, 0x8d, 0x6b, 0xf0,
    0x00, 0x00, 0x00, 0x00, 0x00, 0x00, 0x00, 0x00, 0x00, 0x8d, 0x6b, 0x2c, 0x8d, 0x6b, 0xff, 0x8d, 0x6b, 0x0d, 0x00, 0x00, 0x00, 0x00, 0x00, 0x00,
    0x8d, 0x6b, 0x17, 0x8d, 0x6b, 0xd1, 0x8d, 0x6b, 0x18, 0x00, 0x00, 0x00, 0x8d, 0x6b, 0x16, 0x8d, 0x6b, 0xff, 0x8d, 0x6b, 0x24, 0x8d, 0x6b, 0x03,
    0x8d, 0x6b, 0xe4, 0x8d, 0x6b, 0x24, 0x00, 0x00, 0x00, 0x00, 0x00, 0x00, 0x00, 0x00, 0x00, 0x00, 0x00, 0x00, 0x00, 0x00, 0x00, 0x00, 0x00, 0x00,
    0x00, 0x00, 0x00, 0x00, 0x00, 0x00, 0x8d, 0x6b, 0x16, 0x8d, 0x6b, 0xe7, 0x8d, 0x6b, 0x6d, 0x00, 0x00, 0x00, 0x00, 0x00, 0x00, 0x00, 0x00, 0x00,
    0x00, 0x00, 0x00, 0x8d, 0x6b, 0x8a, 0x8d, 0x6b, 0x93, 0x00, 0x00, 0x00, 0x00, 0x00, 0x00, 0x8d, 0x6b, 0x43, 0x8d, 0x6b, 0xbb, 0x00, 0x00, 0x00,
    0x00, 0x00, 0x00, 0x00, 0x00, 0x00, 0x8d, 0x6b, 0xd3, 0x8d, 0x6b, 0x33, 0x00, 0x00, 0x00, 0x00, 0x00, 0x00, 0x00, 0x00, 0x00, 0x00, 0x00, 0x00,
    0x00, 0x00, 0x00, 0x00, 0x00, 0x00, 0x8d, 0x6b, 0x07, 0x8d, 0x6b, 0xe4, 0x8d, 0x6b, 0xe6, 0x8d, 0x6b, 0x08, 0x00, 0x00, 0x00, 0x00, 0x00, 0x00,
    0x00, 0x00, 0x00, 0x00, 0x00, 0x00, 0x00, 0x00, 0x00, 0x00, 0x00, 0x00, 0x00, 0x00, 0x00, 0x00, 0x00, 0x00, 0x8d, 0x6b, 0x7b, 0x8d, 0x6b, 0xcb,
    0x00, 0x00, 0x00, 0x00, 0x00, 0x00, 0x00, 0x00, 0x00, 0x8d, 0x6b, 0x38, 0x8d, 0x6b, 0xfc, 0x8d, 0x6b, 0x01, 0x00, 0x00, 0x00, 0x00, 0x00, 0x00,
    0x8d, 0x6b, 0x3a, 0x8d, 0x6b, 0xfa, 0x8d, 0x6b, 0x01, 0x00, 0x00, 0x00, 0x00, 0x00, 0x00, 0x8d, 0x6b, 0x4a, 0x8d, 0x6b, 0x07, 0x00, 0x00, 0x00,
    0x00, 0x00, 0x00, 0x8d, 0x6b, 0x43, 0x8d, 0x6b, 0xff, 0x8d, 0x6b, 0x4f, 0x00, 0x00, 0x00, 0x8d, 0x6b, 0x14, 0x00, 0x00, 0x00, 0x00, 0x00, 0x00,
    0x00, 0x00, 0x00, 0x00, 0x00, 0x00, 0x00, 0x00, 0x00, 0x00, 0x00, 0x00, 0x00, 0x00, 0x00, 0x00, 0x00, 0x00, 0x8d, 0x6b, 0x05, 0x8d, 0x6b, 0xc1,
    0x8d, 0x6b, 0xb7, 0x8d, 0x6b, 0x01, 0x00, 0x00, 0x00, 0x00, 0x00, 0x00, 0x00, 0x00, 0x00, 0x8d, 0x6b, 0x54, 0x8d, 0x6b, 0xe0, 0x8d, 0x6b, 0x54,
    0x8d, 0x6b, 0x80, 0x8d, 0x6b, 0x69, 0x8d, 0x6b, 0x43, 0x8d, 0x6b, 0xbb, 0x00, 0x00, 0x00, 0x00, 0x00, 0x00, 0x00, 0x00, 0x00, 0x8d, 0x6b, 0xd3,
    0x8d, 0x6b, 0x33, 0x00, 0x00, 0x00, 0x00, 0x00, 0x00, 0x00, 0x00, 0x00, 0x00, 0x00, 0x00, 0x00, 0x00, 0x00, 0x8d, 0x6b, 0x04, 0x8d, 0x6b, 0xa9,
    0x8d, 0x6b, 0xa8, 0x8d, 0x6b, 0xa8, 0x8d, 0x6b, 0xaa, 0x8d, 0x6b, 0x04, 0x00, 0x00, 0x00, 0x00, 0x00, 0x00, 0x00, 0x00, 0x00, 0x00, 0x00, 0x00,
    0x00, 0x00, 0x00, 0x00, 0x00, 0x00, 0x00, 0x00, 0x00, 0x8d, 0x6b, 0x7b, 0x8d, 0x6b, 0xcb, 0x00, 0x00, 0x00, 0x00, 0x00, 0x00, 0x00, 0x00, 0x00,
    0x8d, 0x6b, 0x20, 0x8d, 0x6b, 0xff, 0x8d, 0x6b, 0x16, 0x00, 0x00, 0x00, 0x00, 0x00, 0x00, 0x8d, 0x6b, 0x53, 0x8d, 0x6b, 0xe3, 0x00, 0x00, 0x00,
    0x00, 0x00, 0x00, 0x8d, 0x6b, 0x47, 0x8d, 0x6b, 0xf1, 0x8d, 0x6b, 0x29, 0x00, 0x00, 0x00, 0x00, 0x00, 0x00, 0x8d, 0x6b, 0x9d, 0x8d, 0x6b, 0xb6,
    0x8d, 0x6b, 0xa1, 0x00, 0x00, 0x00, 0x00, 0x00, 0x00, 0x00, 0x00, 0x00, 0x00, 0x00, 0x00, 0x00, 0x00, 0x00, 0x00, 0x00, 0x00, 0x00, 0x00, 0x00,
    0x00, 0x00, 0x00, 0x00, 0x00, 0x00, 0x8d, 0x6b, 0x02, 0x8d, 0x6b, 0xa2, 0x8d, 0x6b, 0xd9, 0x8d, 0x6b, 0x14, 0x00, 0x00, 0x00, 0x00, 0x00, 0x00,
    0x00, 0x00, 0x00, 0x8d, 0x6b, 0x2b, 0x8d, 0x6b, 0xfa, 0x8d, 0x6b, 0xe0, 0x8d, 0x6b, 0xa7, 0x8d, 0x6b, 0x72, 0x8d, 0x6b, 0x2b, 0x8d, 0x6b, 0x43,
    0x8d, 0x6b, 0xfc, 0x8d, 0x6b, 0xf3, 0x8d, 0x6b, 0xf3, 0x8d, 0x6b, 0xf3, 0x8d, 0x6b, 0xfd, 0x8d, 0x6b, 0x33, 0x00, 0x00, 0x00, 0x00, 0x00, 0x00,
    0x00, 0x00, 0x00, 0x00, 0x00, 0x00, 0x8d, 0x6b, 0x04, 0x8d, 0x6b, 0xa9, 0x8d, 0x6b, 0xa8, 0x8d, 0x6b, 0x03, 0x8d, 0x6b, 0x03, 0x8d, 0x6b, 0xa9,
    0x8d, 0x6b, 0xa9, 0x8d, 0x6b, 0x03, 0x00, 0x00, 0x00, 0x00, 0x00, 0x00, 0x00, 0x00, 0x00, 0x00, 0x00, 0x00, 0x00, 0x00, 0x00, 0x00, 0x00, 0x00,
    0x8d, 0x6b, 0x7b, 0x8d, 0x6b, 0xcb, 0x00, 0x00, 0x00, 0x00, 0x00, 0x00, 0x00, 0x00, 0x00, 0x8d, 0x6b, 0x01, 0x8d, 0x6b, 0xde, 0x8d, 0x6b, 0x59,
    0x00, 0x00, 0x00, 0x00, 0x00, 0x00, 0x8d, 0x6b, 0x96, 0x8d, 0x6b, 0xa1, 0x00, 0x00, 0x00, 0x8d, 0x6b, 0x3a, 0x8d, 0x6b, 0xf2, 0x8d, 0x6b, 0x51,
    0x00, 0x00, 0x00, 0x00, 0x00, 0x00, 0x8d, 0x6b, 0x1f, 0x8d, 0x6b, 0xe5, 0x8d, 0x6b, 0x23, 0x8d, 0x6b, 0xe6, 0x8d, 0x6b, 0x1d, 0x00, 0x00, 0x00,
    0x00, 0x00, 0x00, 0x00, 0x00, 0x00, 0x00, 0x00, 0x00, 0x00, 0x00, 0x00, 0x00, 0x00, 0x00, 0x00, 0x00, 0x00, 0x8d, 0x6b, 0x02, 0x8d, 0x6b, 0xa1,
    0x8d, 0x6b, 0xe5, 0x8d, 0x6b, 0x2b, 0x8d, 0x6b, 0x17, 0x8d, 0x6b, 0x17, 0x8d, 0x6b, 0x17, 0x8d, 0x6b, 0x01, 0x8d, 0x6b, 0x03, 0x8d, 0x6b, 0x24,
    0x00, 0x00, 0x00, 0x00, 0x00, 0x00, 0x00, 0x00, 0x00, 0x00, 0x00, 0x00, 0x8d, 0x6b, 0x43, 0x8d, 0x6b, 0xbb, 0x00, 0x00, 0x00, 0x00, 0x00, 0x00,
    0x00, 0x00, 0x00, 0x8d, 0x6b, 0xd3, 0x8d, 0x6b, 0x33, 0x00, 0x00, 0x00, 0x00, 0x00, 0x00, 0x00, 0x00, 0x00, 0x8d, 0x6b, 0x04, 0x8d, 0x6b, 0xaa,
    0x8d, 0x6b, 0xa8, 0x8d, 0x6b, 0x03, 0x00, 0x00, 0x00, 0x00, 0x00, 0x00, 0x8d, 0x6b, 0x03, 0x8d, 0x6b, 0xa9, 0x8d, 0x6b, 0xa8, 0x8d, 0x6b, 0x03,
    0x00, 0x00, 0x00, 0x00, 0x00, 0x00, 0x00, 0x00, 0x00, 0x8d, 0x6b, 0x0c, 0x8d, 0x6b, 0x0f, 0x8d, 0x6b, 0x84, 0x8d, 0x6b, 0xcf, 0x8d, 0x6b, 0x0f,
    0x8d, 0x6b, 0x0d, 0x00, 0x00, 0x00, 0x00, 0x00, 0x00, 0x8d, 0x6b, 0x76, 0x8d, 0x6b, 0xdc, 0x8d, 0x6b, 0x29, 0x8d, 0x6b, 0x47, 0x8d, 0x6b, 0xf4,
    0x8d, 0x6b, 0x3b, 0x8d, 0x6b, 0x2d, 0x8d, 0x6b, 0xf0, 0x8d, 0x6b, 0x67, 0x00, 0x00, 0x00, 0x00, 0x00, 0x00, 0x8d, 0x6b, 0x05, 0x8d, 0x6b, 0xc9,
    0x8d, 0x6b, 0x7c, 0x00, 0x00, 0x00, 0x8d, 0x6b, 0x88, 0x8d, 0x6b, 0xbb, 0x8d, 0x6b, 0x01, 0x00, 0x00, 0x00, 0x00, 0x00, 0x00, 0x00, 0x00, 0x00,
    0x00, 0x00, 0x00, 0x00, 0x00, 0x00, 0x00, 0x00, 0x00, 0x8d, 0x6b, 0x5c, 0x8d, 0x6b, 0xff, 0x8d, 0x6b, 0xff, 0x8d, 0x6b, 0xff, 0x8d, 0x6b, 0xff,
    0x8d, 0x6b, 0xff, 0x8d, 0x6b, 0xff, 0x8d, 0x6b, 0x0f, 0x00, 0x00, 0x00, 0x8d, 0x6b, 0x01, 0x8d, 0x6b, 0x2e, 0x8d, 0x6b, 0x6f, 0x8d, 0x6b, 0xb2,
    0x8d, 0x6b, 0x81, 0x8d, 0x6b, 0x43, 0x8d, 0x6b, 0xbb, 0x00, 0x00, 0x00, 0x00, 0x00, 0x00, 0x00, 0x00, 0x00, 0x8d, 0x6b, 0xd3, 0x8d, 0x6b, 0x33,
    0x00, 0x00, 0x00, 0x00, 0x00, 0x00, 0x00, 0x00, 0x00, 0x8d, 0x6b, 0x3f, 0x8d, 0x6b, 0xa5, 0x8d, 0x6b, 0x03, 0x00, 0x00, 0x00, 0x00, 0x00, 0x00,
    0x00, 0x00, 0x00, 0x00, 0x00, 0x00, 0x8d, 0x6b, 0x03, 0x8d, 0x6b, 0xa4, 0x8d, 0x6b, 0x3c, 0x00, 0x00, 0x00, 0x00, 0x00, 0x00, 0x00, 0x00, 0x00,
    0x8d, 0x6b, 0xc7, 0x8d, 0x6b, 0xff, 0x8d, 0x6b, 0xff, 0x8d, 0x6b, 0xff, 0x8d, 0x6b, 0xff, 0x8d, 0x6b, 0xdb, 0x00, 0x00, 0x00, 0x00, 0x00, 0x00,
    0x8d, 0x6b, 0x01, 0x8d, 0x6b, 0x87, 0x8d, 0x6b, 0xe6, 0x8d, 0x6b, 0xd8, 0x8d, 0x6b, 0x5b, 0x00, 0x00, 0x00, 0x8d, 0x6b, 0x16, 0x8d, 0x6b, 0x67,
    0x00, 0x00, 0x00, 0x00, 0x00, 0x00, 0x8d, 0x6b, 0x07, 0x8d, 0x6b, 0xa4, 0x8d, 0x6b, 0xb7, 0x8d, 0x6b, 0x04, 0x00, 0x00, 0x00, 0x8d, 0x6b, 0x0b,
    0x8d, 0x6b, 0xd3, 0x8d, 0x6b, 0x88, 0x00, 0x00, 0x00, 0x00, 0x00, 0x00, 0x00, 0x00, 0x00, 0x00, 0x00, 0x00, 0x00, 0x00, 0x00, 0x00, 0x00, 0x00,
    0x00, 0x00, 0x00, 0x00, 0x00, 0x00, 0x00, 0x00, 0x00, 0x00, 0x00, 0x00, 0x00, 0x00, 0x00, 0x00, 0x00, 0x00, 0x00, 0x00, 0x00, 0x00, 0x00, 0x00,
    0x8d, 0x6b, 0x34, 0x8d, 0x6b, 0xed, 0x8d, 0x6b, 0xe9, 0x8d, 0x6b, 0xa3, 0x8d, 0x6b, 0x59, 0x8d, 0x6b, 0x12, 0x8d, 0x6b, 0x43, 0x8d, 0x6b, 0xbb,
    0x00, 0x00, 0x00, 0x00, 0x00, 0x00, 0x00, 0x00, 0x00, 0x8d, 0x6b, 0xd3, 0x8d, 0x6b, 0x33, 0x00, 0x00, 0x00, 0x00, 0x00, 0x00, 0x00, 0x00, 0x00,
    0x00, 0x00, 0x00, 0x00, 0x00, 0x00, 0x00, 0x00, 0x00, 0x00, 0x00, 0x00, 0x00, 0x00, 0x00, 0x00, 0x00, 0x00, 0x00, 0x00, 0x00, 0x00, 0x00, 0x00,
    0x00, 0x00, 0x00, 0x00, 0x00, 0x00, 0x00, 0x00, 0x00, 0x00, 0x00, 0x00, 0x00, 0x00, 0x00, 0x00, 0x00, 0x00, 0x00, 0x00, 0x00, 0x00, 0x00, 0x00,
    0x00, 0x00, 0x00, 0x00, 0x00, 0x00, 0x00, 0x00, 0x00, 0x00, 0x00, 0x00, 0x00, 0x00, 0x00, 0x00, 0x00, 0x00, 0x00, 0x00, 0x00, 0x00, 0x00, 0x00,
    0x00, 0x00, 0x00, 0x00, 0x00, 0x00, 0x00, 0x00, 0x00, 0x00, 0x00, 0x00, 0x00, 0x00, 0x00, 0x00, 0x00, 0x00, 0x8d, 0x6b, 0x48, 0x8d, 0x6b, 0xd2,
    0x8d, 0x6b, 0xb7, 0x8d, 0x6b, 0x0b, 0x00, 0x00, 0x00, 0x00, 0x00, 0x00, 0x00, 0x00, 0x00, 0x8d, 0x6b, 0x23, 0x8d, 0x6b, 0xe1, 0x8d, 0x6b, 0xb5,
    0x8d, 0x6b, 0x23, 0x00, 0x00, 0x00, 0x00, 0x00, 0x00, 0x00, 0x00, 0x00, 0x00, 0x00, 0x00, 0x00, 0x00, 0x00, 0x00, 0x00, 0x00, 0x00, 0x00, 0x00,
    0x00, 0x00, 0x00, 0x00, 0x00, 0x00, 0x00, 0x00, 0x00, 0x00, 0x00, 0x00, 0x00, 0x00, 0x00, 0x8d, 0x6b, 0x0e, 0x8d, 0x6b, 0x30, 0x8d, 0x6b, 0x01,
    0x00, 0x00, 0x00, 0x00, 0x00, 0x00, 0x8d, 0x6b, 0xaa, 0x8d, 0x6b, 0xf7, 0x8d, 0x6b, 0xf7, 0x8d, 0x6b, 0xf7, 0x8d, 0x6b, 0xf7, 0x8d, 0x6b, 0xf7,
    0x8d, 0x6b, 0xf7, 0x8d, 0x6b, 0xf7, 0x8d, 0x6b, 0x68, 0x00, 0x00, 0x00, 0x00, 0x00, 0x00, 0x00, 0x00, 0x00, 0x00, 0x00, 0x00, 0x00, 0x00, 0x00,
    0x00, 0x00, 0x00, 0x00, 0x00, 0x00, 0x00, 0x00, 0x00, 0x00, 0x00, 0x00, 0x00, 0x00, 0x00, 0x00, 0x00, 0x00, 0x00, 0x00, 0x00, 0x00, 0x00, 0x00,
    0x00, 0x00, 0x00, 0x00, 0x00, 0x00, 0x00, 0x00, 0x00, 0x00, 0x00, 0x00, 0x00, 0x00, 0x00, 0x00, 0x00, 0x00, 0x00, 0x00, 0x00, 0x00, 0x00, 0x00,
    0x00, 0x00, 0x00, 0x00, 0x00, 0x00, 0x00, 0x00, 0x00, 0x00, 0x00, 0x00, 0x00, 0x00, 0x00, 0x00, 0x00, 0x00, 0x00, 0x00, 0x00, 0x00, 0x00, 0x00,
    0x00, 0x00, 0x00, 0x00, 0x00, 0x00, 0x00, 0x00, 0x00, 0x8d, 0x6b, 0x93, 0x8d, 0x6b, 0x5c, 0x00, 0x00, 0x00, 0x00, 0x00, 0x00, 0x00, 0x00, 0x00,
    0x00, 0x00, 0x00, 0x00, 0x00, 0x00, 0x00, 0x00, 0x00, 0x8d, 0x6b, 0x0e, 0x8d, 0x6b, 0x9f, 0x8d, 0x6b, 0x32, 0x00, 0x00, 0x00, 0x00, 0x00, 0x00,
    0x00, 0x00, 0x00, 0x00, 0x00, 0x00, 0x00, 0x00, 0x00, 0x00, 0x00, 0x00, 0x00, 0x00, 0x00, 0x00, 0x00, 0x00, 0x00, 0x00, 0x00, 0x00, 0x00, 0x00,
    0x00, 0x00, 0x00, 0x00, 0x00, 0x00, 0x00, 0x00, 0x00, 0x00, 0x00, 0x00, 0x00, 0x00, 0x00, 0x00, 0x00, 0x00, 0x00, 0x00, 0x00, 0x00, 0x00, 0x00,
    0x00, 0x00, 0x00, 0x00, 0x00, 0x00, 0x00, 0x00, 0x00, 0x00, 0x00, 0x00, 0x00, 0x00, 0x00, 0x00, 0x00, 0x00, 0x00, 0x00, 0x00, 0x00, 0x00, 0x00,
    0x00, 0x00, 0x00, 0x00, 0x00, 0x00, 0x00, 0x00, 0x00, 0x00, 0x00, 0x00, 0x00, 0x00, 0x00, 0x00, 0x00, 0x00, 0x00, 0x00, 0x00, 0x00, 0x00, 0x00,
    0x00, 0x00, 0x00, 0x00, 0x00, 0x00, 0x00, 0x00, 0x00, 0x00, 0x00, 0x00, 0x00, 0x00, 0x00, 0x00, 0x00, 0x00, 0x00, 0x00, 0x00, 0x00, 0x00, 0x00,
    0x00, 0x00, 0x00, 0x00, 0x00, 0x00, 0x00, 0x00, 0x00, 0x00, 0x00, 0x00, 0x00, 0x00, 0x00, 0x00, 0x00, 0x00, 0x00, 0x00, 0x00, 0x00, 0x00, 0x00,
    0x00, 0x00, 0x00, 0x00, 0x00, 0x00, 0x00, 0x00, 0x00, 0x00, 0x00, 0x00, 0x00, 0x00, 0x00, 0x00, 0x00, 0x00, 0x00, 0x00, 0x00, 0x00, 0x00, 0x00,
    0x00, 0x00, 0x00, 0x00, 0x00, 0x00, 0x00, 0x00, 0x00, 0x00, 0x00, 0x00, 0x00, 0x00, 0x00, 0x00, 0x00, 0x00, 0x00, 0x00, 0x00, 0x00, 0x00, 0x00,
    0x00, 0x00, 0x00, 0x00, 0x00, 0x00, 0x00, 0x00, 0x00, 0x00, 0x00, 0x00, 0x00, 0x00, 0x00, 0x00, 0x00, 0x00, 0x00, 0x00, 0x00, 0x00, 0x00, 0x00,
    0x00, 0x00, 0x00, 0x00, 0x00, 0x00, 0x00, 0x00, 0x00, 0x00, 0x00, 0x00, 0x00, 0x00, 0x00, 0x00, 0x00, 0x00, 0x00, 0x00, 0x00, 0x00, 0x00, 0x00,
    0x00, 0x00, 0x00, 0x00, 0x00, 0x00, 0x00, 0x00, 0x00, 0x00, 0x00, 0x00, 0x00, 0x00, 0x00, 0x00, 0x00, 0x00, 0x00, 0x00, 0x00, 0x00, 0x00, 0x00,
    0x00, 0x00, 0x00, 0x00, 0x00, 0x00, 0x00, 0x00, 0x00, 0x00, 0x00, 0x00, 0x00, 0x00, 0x00, 0x00, 0x00, 0x00, 0x00, 0x00, 0x00, 0x00, 0x00, 0x00,
    0x00, 0x00, 0x00, 0x00, 0x00, 0x00, 0x00, 0x00, 0x00, 0x00, 0x00, 0x00, 0x00, 0x00, 0x00, 0x00, 0x00, 0x00, 0x00, 0x00, 0x00, 0x00, 0x00, 0x00,
    0x00, 0x00, 0x00, 0x00, 0x00, 0x00, 0x00, 0x00, 0x00, 0x00, 0x00, 0x00, 0x00, 0x00, 0x00, 0x00, 0x00, 0x00, 0x00, 0x00, 0x00, 0x00, 0x00, 0x00,
    0x00, 0x00, 0x00, 0x00, 0x00, 0x00, 0x00, 0x00, 0x00, 0x00, 0x00, 0x00, 0x00, 0x00, 0x00, 0x00, 0x00, 0x00, 0x00, 0x00, 0x00, 0x00, 0x00, 0x00,
    0x00, 0x00, 0x00, 0x00, 0x00, 0x00, 0x00, 0x00, 0x00, 0x00, 0x00, 0x00, 0x00, 0x00, 0x00, 0x00, 0x00, 0x00, 0x00, 0x00, 0x00, 0x00, 0x00, 0x00,
    0x00, 0x00, 0x00, 0x00, 0x00, 0x00, 0x00, 0x00, 0x00, 0x00, 0x00, 0x00, 0x00, 0x00, 0x00, 0x00, 0x00, 0x00, 0x00, 0x00, 0x00, 0x00, 0x00, 0x00,
    0x00, 0x00, 0x00, 0x00, 0x00, 0x00,
};
const lv_img_dsc_t rx_2x10 = {
    .header.always_zero = 0,
    .header.w = 69,
    .header.h = 18,
    .data_size = 3726,
    .header.cf = LV_IMG_CF_TRUE_COLOR_ALPHA,
    .data = rx_2x10_map,
};

#ifndef LV_ATTRIBUTE_IMG_RX_PENDING
#define LV_ATTRIBUTE_IMG_RX_PENDING
#endif
const LV_ATTRIBUTE_MEM_ALIGN LV_ATTRIBUTE_LARGE_CONST LV_ATTRIBUTE_IMG_RX_PENDING uint8_t rx_pending_map[] = {
    0x00, 0x00, 0x00, 0x00, 0x00, 0x00, 0x00, 0x00, 0x00, 0x00, 0x00, 0x00, 0x00, 0x00, 0x00, 0x00, 0x00, 0x00, 0x00, 0x00, 0x00, 0x00, 0x00, 0x00,
    0x00, 0x00, 0x00, 0x00, 0x00, 0x00, 0x00, 0x00, 0x00, 0x00, 0x00, 0x00, 0x00, 0x00, 0x00, 0x00, 0x00, 0x00, 0x00, 0x00, 0x00, 0x00, 0x00, 0x00,
    0x00, 0x00, 0x00, 0x00, 0x00, 0x00, 0x00, 0x00, 0x00, 0x00, 0x00, 0x00, 0x00, 0x00, 0x00, 0x00, 0x00, 0x00, 0x00, 0x00, 0x00, 0x00, 0x00, 0x00,
    0x00, 0x00, 0x00, 0x00, 0x00, 0x00, 0x00, 0x00, 0x00, 0x00, 0x00, 0x00, 0x00, 0x00, 0x00, 0x00, 0x00, 0x00, 0x00, 0x00, 0x00, 0x00, 0x00, 0x00,
    0x00, 0x00, 0x00, 0x00, 0x00, 0x00, 0x00, 0x00, 0x00, 0x00, 0x00, 0x00, 0x00, 0x00, 0x00, 0x00, 0x00, 0x00, 0x00, 0x00, 0x00, 0x00, 0x00, 0x00,
    0x00, 0x00, 0x00, 0x00, 0x00, 0x00, 0x00, 0x00, 0x00, 0x00, 0x00, 0x00, 0x00, 0x00, 0x00, 0x00, 0x00, 0x00, 0x00, 0x00, 0x00, 0x00, 0x00, 0x00,
    0x00, 0x00, 0x00, 0x00, 0x00, 0x00, 0x00, 0x00, 0x00, 0x00, 0x00, 0x00, 0x00, 0x00, 0x00, 0x00, 0x00, 0x00, 0x00, 0x00, 0x00, 0x00, 0x00, 0x00,
    0x00, 0x00, 0x00, 0x00, 0x00, 0x00, 0x00, 0x00, 0x00, 0x00, 0x00, 0x00, 0x00, 0x00, 0x00, 0x00, 0x00, 0x00, 0x00, 0x00, 0x00, 0x00, 0x00, 0x00,
    0x00, 0x00, 0x00, 0x00, 0x00, 0x00, 0x00, 0x00, 0x00, 0x00, 0x00, 0x00, 0x00, 0x00, 0x00, 0x00, 0x00, 0x00, 0x00, 0x00, 0x00, 0x00, 0x00, 0x00,
    0x00, 0x00, 0x00, 0x00, 0x00, 0x00, 0x00, 0x00, 0x00, 0x00, 0x00, 0x00, 0x00, 0x00, 0x00, 0x00, 0x00, 0x00, 0x00, 0x00, 0x00, 0x00, 0x00, 0x00,
    0x00, 0x00, 0x00, 0x00, 0x00, 0x00, 0x00, 0x00, 0x00, 0x00, 0x00, 0x00, 0x00, 0x00, 0x00, 0x00, 0x00, 0x00, 0x00, 0x00, 0x00, 0x00, 0x00, 0x00,
    0x00, 0x00, 0x00, 0x00, 0x00, 0x00, 0x00, 0x00, 0x00, 0x00, 0x00, 0x00, 0x00, 0x00, 0x00, 0x00, 0x00, 0x00, 0x00, 0x00, 0x00, 0x00, 0x00, 0x00,
    0x00, 0x00, 0x00, 0x00, 0x00, 0x00, 0x00, 0x00, 0x00, 0x00, 0x00, 0x00, 0x00, 0x00, 0x00, 0x00, 0x00, 0x00, 0x00, 0x00, 0x00, 0x00, 0x00, 0x00,
    0x00, 0x00, 0x00, 0x00, 0x00, 0x00, 0x00, 0x00, 0x00, 0x00, 0x00, 0x00, 0x00, 0x00, 0x00, 0x00, 0x00, 0x00, 0x00, 0x00, 0x00, 0x00, 0x00, 0x00,
    0x00, 0x00, 0x00, 0x00, 0x00, 0x00, 0x00, 0x00, 0x00, 0x00, 0x00, 0x00, 0x4b, 0x34, 0x0a, 0x00, 0x00, 0x00, 0x00, 0x00, 0x00, 0x00, 0x00, 0x00,
    0x00, 0x00, 0x00, 0x4b, 0x34, 0x04, 0x4b, 0x34, 0x01, 0x00, 0x00, 0x00, 0x00, 0x00, 0x00, 0x00, 0x00, 0x00, 0x00, 0x00, 0x00, 0x00, 0x00, 0x00,
    0x00, 0x00, 0x00, 0x00, 0x00, 0x00, 0x00, 0x00, 0x00, 0x00, 0x00, 0x00, 0x00, 0x00, 0x00, 0x4b, 0x34, 0x5f, 0x4b, 0x34, 0xd1, 0x4b, 0x34, 0x2f,
    0x00, 0x00, 0x00, 0x00, 0x00, 0x00, 0x4b, 0x34, 0x56, 0x4b, 0x34, 0xfb, 0x4b, 0x34, 0x33, 0x00, 0x00, 0x00, 0x00, 0x00, 0x00, 0x00, 0x00, 0x00,
    0x00, 0x00, 0x00, 0x00, 0x00, 0x00, 0x00, 0x00, 0x00, 0x00, 0x00, 0x00, 0x00, 0x00, 0x00, 0x00, 0x00, 0x00, 0x00, 0x00, 0x00, 0x00, 0x00, 0x00,
    0x00, 0x00, 0x00, 0x00, 0x00, 0x00, 0x00, 0x00, 0x00, 0x00, 0x00, 0x00, 0x00, 0x00, 0x00, 0x00, 0x00, 0x00, 0x00, 0x00, 0x00, 0x4b, 0x34, 0xdc,
    0x4b, 0x34, 0x99, 0x00, 0x00, 0x00, 0x00, 0x00, 0x00, 0x00, 0x00, 0x00, 0x4b, 0x34, 0x65, 0x4b, 0x34, 0xf4, 0x4b, 0x34, 0x50, 0x00, 0x00, 0x00,
    0x00, 0x00, 0x00, 0x00, 0x00, 0x00, 0x00, 0x00, 0x00, 0x00, 0x00, 0x00, 0x00, 0x00, 0x00, 0x00, 0x00, 0x00, 0x00, 0x00, 0x00, 0x4b, 0x34, 0x42,
    0x4b, 0x34, 0xf7, 0x4b, 0x34, 0xc9, 0x4b, 0x34, 0x09, 0x4b, 0x34, 0x67, 0x4b, 0x34, 0x67, 0x4b, 0x34, 0x9c, 0x4b, 0x34, 0xff, 0x4b, 0x34, 0x86,
    0x4b, 0x34, 0x67, 0x4b, 0x34, 0x67, 0x4b, 0x34, 0x01, 0x00, 0x00, 0x00, 0x4b, 0x34, 0xfb, 0x4b, 0x34, 0xff, 0x4b, 0x34, 0xff, 0x4b, 0x34, 0xff,
    0x4b, 0x34, 0xff, 0x4b, 0x34, 0xff, 0x4b, 0x34, 0xff, 0x4b, 0x34, 0xff, 0x4b, 0x34, 0xff, 0x4b, 0x34, 0xff, 0x4b, 0x34, 0xff, 0x4b, 0x34, 0x0f,
    0x00, 0x00, 0x00, 0x4b, 0x34, 0x0c, 0x4b, 0x34, 0xfe, 0x4b, 0x34, 0x6b, 0x00, 0x00, 0x00, 0x00, 0x00, 0x00, 0x00, 0x00, 0x00, 0x4b, 0x34, 0xac,
    0x4b, 0x34, 0xfa, 0x4b, 0x34, 0x13, 0x00, 0x00, 0x00, 0x00, 0x00, 0x00, 0x00, 0x00, 0x00, 0x00, 0x00, 0x00, 0x00, 0x00, 0x00, 0x00, 0x00, 0x00,
    0x00, 0x00, 0x00, 0x4b, 0x34, 0x54, 0x4b, 0x34, 0xfb, 0x4b, 0x34, 0xe4, 0x4b, 0x34, 0x1c, 0x4b, 0x34, 0x03, 0x4b, 0x34, 0xff, 0x4b, 0x34, 0xff,
    0x4b, 0x34, 0xff, 0x4b, 0x34, 0xff, 0x4b, 0x34, 0xff, 0x4b, 0x34, 0xff, 0x4b, 0x34, 0xff, 0x4b, 0x34, 0x03, 0x00, 0x00, 0x00, 0x4b, 0x34, 0x7a,
    0x4b, 0x34, 0x7b, 0x4b, 0x34, 0xb9, 0x4b, 0x34, 0xff, 0x4b, 0x34, 0x8e, 0x4b, 0x34, 0x7b, 0x4b, 0x34, 0x7b, 0x4b, 0x34, 0xef, 0x4b, 0x34, 0xde,
    0x4b, 0x34, 0x7b, 0x4b, 0x34, 0x7b, 0x4b, 0x34, 0x07, 0x4b, 0x34, 0x37, 0x4b, 0x34, 0x8a, 0x4b, 0x34, 0xff, 0x4b, 0x34, 0x97, 0x4b, 0x34, 0x71,
    0x4b, 0x34, 0x35, 0x4b, 0x34, 0x03, 0x4b, 0x34, 0xef, 0x4b, 0x34, 0xb1, 0x4b, 0x34, 0x25, 0x4b, 0x34, 0xcd, 0x4b, 0x34, 0x2e, 0x00, 0x00, 0x00,
    0x00, 0x00, 0x00, 0x00, 0x00, 0x00, 0x00, 0x00, 0x00, 0x00, 0x00, 0x00, 0x4b, 0x34, 0x3a, 0x4b, 0x34, 0xe4, 0x4b, 0x34, 0x34, 0x4b, 0x34, 0xca,
    0x4b, 0x34, 0x4e, 0x00, 0x00, 0x00, 0x00, 0x00, 0x00, 0x4b, 0x34, 0x57, 0x4b, 0x34, 0xff, 0x4b, 0x34, 0x33, 0x00, 0x00, 0x00, 0x00, 0x00, 0x00,
    0x00, 0x00, 0x00, 0x00, 0x00, 0x00, 0x00, 0x00, 0x00, 0x00, 0x00, 0x00, 0x4b, 0x34, 0x77, 0x4b, 0x34, 0xff, 0x4b, 0x34, 0x23, 0x00, 0x00, 0x00,
    0x00, 0x00, 0x00, 0x4b, 0x34, 0xdf, 0x4b, 0x34, 0xbf, 0x00, 0x00, 0x00, 0x00, 0x00, 0x00, 0x00, 0x00, 0x00, 0x4b, 0x34, 0x7f, 0x4b, 0x34, 0xff,
    0x4b, 0x34, 0xff, 0x4b, 0x34, 0xff, 0x4b, 0x34, 0xff, 0x4b, 0x34, 0x80, 0x4b, 0x34, 0x38, 0x4b, 0x34, 0xff, 0x4b, 0x34, 0x55, 0x4b, 0x34, 0x05,
    0x4b, 0x34, 0xd3, 0x4b, 0x34, 0xcb, 0x4b, 0x34, 0x02, 0x00, 0x00, 0x00, 0x00, 0x00, 0x00, 0x00, 0x00, 0x00, 0x00, 0x00, 0x00, 0x00, 0x00, 0x00,
    0x4b, 0x34, 0x1c, 0x4b, 0x34, 0x97, 0x4b, 0x34, 0xf4, 0x4b, 0x34, 0x8b, 0x4b, 0x34, 0x67, 0x4b, 0x34, 0x67, 0x4b, 0x34, 0x9c, 0x4b, 0x34, 0xff,
    0x4b, 0x34, 0x86, 0x4b, 0x34, 0x67, 0x4b, 0x34, 0x67, 0x4b, 0x34, 0x40, 0x00, 0x00, 0x00, 0x00, 0x00, 0x00, 0x00, 0x00, 0x00, 0x4b, 0x34, 0x77,
    0x4b, 0x34, 0xff, 0x4b, 0x34, 0x23, 0x00, 0x00, 0x00, 0x00, 0x00, 0x00, 0x4b, 0x34, 0xdf, 0x4b, 0x34, 0xbf, 0x00, 0x00, 0x00, 0x00, 0x00, 0x00,
    0x00, 0x00, 0x00, 0x00, 0x00, 0x00, 0x4b, 0x34, 0xa7, 0x4b, 0x34, 0xc7, 0x4b, 0x34, 0x0b, 0x4b, 0x34, 0xff, 0x4b, 0x34, 0xb9, 0x4b, 0x34, 0xd8,
    0x4b, 0x34, 0xff, 0x4b, 0x34, 0xe6, 0x4b, 0x34, 0xf0, 0x4b, 0x34, 0xfe, 0x4b, 0x34, 0xff, 0x4b, 0x34, 0x50, 0x00, 0x00, 0x00, 0x00, 0x00, 0x00,
    0x00, 0x00, 0x00, 0x00, 0x00, 0x00, 0x00, 0x00, 0x00, 0x4b, 0x34, 0x60, 0x4b, 0x34, 0xfe, 0x4b, 0x34, 0xa7, 0x4b, 0x34, 0xbf, 0x4b, 0x34, 0xff,
    0x4b, 0x34, 0xff, 0x4b, 0x34, 0xff, 0x4b, 0x34, 0xff, 0x4b, 0x34, 0xff, 0x4b, 0x34, 0xff, 0x4b, 0x34, 0xff, 0x4b, 0x34, 0x9f, 0x00, 0x00, 0x00,
    0x00, 0x00, 0x00, 0x00, 0x00, 0x00, 0x4b, 0x34, 0x77, 0x4b, 0x34, 0xff, 0x4b, 0x34, 0x23, 0x00, 0x00, 0x00, 0x00, 0x00, 0x00, 0x4b, 0x34, 0xdf,
    0x4b, 0x34, 0xbf, 0x00, 0x00, 0x00, 0x00, 0x00, 0x00, 0x00, 0x00, 0x00, 0x00, 0x00, 0x00, 0x4b, 0x34, 0xdd, 0x4b, 0x34, 0x90, 0x4b, 0x34, 0x30,
    0x4b, 0x34, 0xff, 0x4b, 0x34, 0xa3, 0x4b, 0x34, 0xdf, 0x4b, 0x34, 0xca, 0x4b, 0x34, 0xb6, 0x4b, 0x34, 0xa1, 0x4b, 0x34, 0x8d, 0x4b, 0x34, 0xe1,
    0x4b, 0x34, 0xa8, 0x00, 0x00, 0x00, 0x00, 0x00, 0x00, 0x00, 0x00, 0x00, 0x00, 0x00, 0x00, 0x4b, 0x34, 0x6d, 0x4b, 0x34, 0xff, 0x4b, 0x34, 0xff,
    0x4b, 0x34, 0xa3, 0x00, 0x00, 0x00, 0x00, 0x00, 0x00, 0x00, 0x00, 0x00, 0x00, 0x00, 0x00, 0x00, 0x00, 0x00, 0x4b, 0x34, 0x8f, 0x4b, 0x34, 0xfb,
    0x00, 0x00, 0x00, 0x00, 0x00, 0x00, 0x4b, 0x34, 0x67, 0x4b, 0x34, 0xff, 0x4b, 0x34, 0xff, 0x4b, 0x34, 0xff, 0x4b, 0x34, 0xff, 0x4b, 0x34, 0xff,
    0x4b, 0x34, 0xff, 0x4b, 0x34, 0xff, 0x4b, 0x34, 0xff, 0x4b, 0x34, 0xff, 0x4b, 0x34, 0xff, 0x4b, 0x34, 0xff, 0x4b, 0x34, 0x6f, 0x4b, 0x34, 0x16,
    0x4b, 0x34, 0xff, 0x4b, 0x34, 0x59, 0x4b, 0x34, 0x63, 0x4b, 0x34, 0xff, 0x4b, 0x34, 0x1b, 0x00, 0x00, 0x00, 0x00, 0x00, 0x00, 0x00, 0x00, 0x00,
    0x00, 0x00, 0x00, 0x00, 0x00, 0x00, 0x4b, 0x34, 0x36, 0x4b, 0x34, 0x07, 0x00, 0x00, 0x00, 0x00, 0x00, 0x00, 0x00, 0x00, 0x00, 0x00, 0x00, 0x00,
    0x4b, 0x34, 0x68, 0x4b, 0x34, 0xd1, 0x4b, 0x34, 0xe6, 0x4b, 0x34, 0xa3, 0x4b, 0x34, 0x9f, 0x4b, 0x34, 0xff, 0x4b, 0x34, 0xff, 0x4b, 0x34, 0xff,
    0x4b, 0x34, 0xff, 0x4b, 0x34, 0xff, 0x4b, 0x34, 0xff, 0x4b, 0x34, 0xff, 0x4b, 0x34, 0x83, 0x4b, 0x34, 0x33, 0x4b, 0x34, 0x7f, 0x4b, 0x34, 0x7f,
    0x4b, 0x34, 0xd5, 0x4b, 0x34, 0xfe, 0x4b, 0x34, 0x81, 0x4b, 0x34, 0x7f, 0x4b, 0x34, 0x7f, 0x4b, 0x34, 0xef, 0x4b, 0x34, 0xdf, 0x4b, 0x34, 0x7f,
    0x4b, 0x34, 0x7f, 0x4b, 0x34, 0x37, 0x4b, 0x34, 0x56, 0x4b, 0x34, 0xff, 0x4b, 0x34, 0xb6, 0x4b, 0x34, 0xba, 0x4b, 0x34, 0xd6, 0x00, 0x00, 0x00,
    0x4b, 0x34, 0xa7, 0x4b, 0x34, 0xff, 0x4b, 0x34, 0xff, 0x4b, 0x34, 0xff, 0x4b, 0x34, 0xff, 0x4b, 0x34, 0xff, 0x4b, 0x34, 0x1b, 0x00, 0x00, 0x00,
    0x00, 0x00, 0x00, 0x00, 0x00, 0x00, 0x00, 0x00, 0x00, 0x4b, 0x34, 0x09, 0x4b, 0x34, 0x0f, 0x4b, 0x34, 0xd7, 0x4b, 0x34, 0xa3, 0x4b, 0x34, 0x40,
    0x4b, 0x34, 0x79, 0x4b, 0x34, 0xa5, 0x4b, 0x34, 0x67, 0x4b, 0x34, 0x67, 0x4b, 0x34, 0xbd, 0x4b, 0x34, 0xfd, 0x4b, 0x34, 0x67, 0x4b, 0x34, 0x35,
    0x00, 0x00, 0x00, 0x00, 0x00, 0x00, 0x00, 0x00, 0x00, 0x4b, 0x34, 0xd9, 0x4b, 0x34, 0xdb, 0x00, 0x00, 0x00, 0x00, 0x00, 0x00, 0x00, 0x00, 0x00,
    0x4b, 0x34, 0xdf, 0x4b, 0x34, 0xbf, 0x00, 0x00, 0x00, 0x00, 0x00, 0x00, 0x00, 0x00, 0x00, 0x4b, 0x34, 0x42, 0x4b, 0x34, 0xd6, 0x4b, 0x34, 0xf4,
    0x4b, 0x34, 0xff, 0x4b, 0x34, 0x99, 0x00, 0x00, 0x00, 0x4b, 0x34, 0xa7, 0x4b, 0x34, 0xe4, 0x4b, 0x34, 0x6b, 0x4b, 0x34, 0x6b, 0x4b, 0x34, 0xac,
    0x4b, 0x34, 0xff, 0x4b, 0x34, 0x1b, 0x00, 0x00, 0x00, 0x00, 0x00, 0x00, 0x00, 0x00, 0x00, 0x00, 0x00, 0x00, 0x00, 0x00, 0x00, 0x00, 0x00, 0x00,
    0x4b, 0x34, 0xd7, 0x4b, 0x34, 0xa3, 0x00, 0x00, 0x00, 0x4b, 0x34, 0xaa, 0x4b, 0x34, 0xf3, 0x4b, 0x34, 0x22, 0x00, 0x00, 0x00, 0x4b, 0x34, 0x8f,
    0x4b, 0x34, 0xfb, 0x00, 0x00, 0x00, 0x00, 0x00, 0x00, 0x00, 0x00, 0x00, 0x00, 0x00, 0x00, 0x4b, 0x34, 0x3e, 0x4b, 0x34, 0xff, 0x4b, 0x34, 0x95,
    0x00, 0x00, 0x00, 0x00, 0x00, 0x00, 0x00, 0x00, 0x00, 0x4b, 0x34, 0xdf, 0x4b, 0x34, 0xbf, 0x00, 0x00, 0x00, 0x00, 0x00, 0x00, 0x00, 0x00, 0x00,
    0x00, 0x00, 0x00, 0x4b, 0x34, 0x03, 0x4b, 0x34, 0x90, 0x4b, 0x34, 0xff, 0x4b, 0x34, 0xef, 0x4b, 0x34, 0x27, 0x4b, 0x34, 0xa7, 0x4b, 0x34, 0xcf,
    0x00, 0x00, 0x00, 0x00, 0x00, 0x00, 0x4b, 0x34, 0x6f, 0x4b, 0x34, 0xff, 0x4b, 0x34, 0x1b, 0x00, 0x00, 0x00, 0x00, 0x00, 0x00, 0x00, 0x00, 0x00,
    0x00, 0x00, 0x00, 0x00, 0x00, 0x00, 0x00, 0x00, 0x00, 0x4b, 0x34, 0xd7, 0x4b, 0x34, 0xa3, 0x00, 0x00, 0x00, 0x4b, 0x34, 0x20, 0x4b, 0x34, 0xf8,
    0x4b, 0x34, 0xaa, 0x00, 0x00, 0x00, 0x4b, 0x34, 0x8f, 0x4b, 0x34, 0xfb, 0x00, 0x00, 0x00, 0x00, 0x00, 0x00, 0x00, 0x00, 0x00, 0x4b, 0x34, 0x0c,
    0x4b, 0x34, 0xd7, 0x4b, 0x34, 0xfd, 0x4b, 0x34, 0x2f, 0x00, 0x00, 0x00, 0x00, 0x00, 0x00, 0x00, 0x00, 0x00, 0x4b, 0x34, 0xdf, 0x4b, 0x34, 0xbf,
    0x00, 0x00, 0x00, 0x00, 0x00, 0x00, 0x00, 0x00, 0x00, 0x00, 0x00, 0x00, 0x4b, 0x34, 0x2b, 0x4b, 0x34, 0xf8, 0x4b, 0x34, 0xd5, 0x4b, 0x34, 0xf7,
    0x4b, 0x34, 0xb7, 0x4b, 0x34, 0xa7, 0x4b, 0x34, 0xcf, 0x00, 0x00, 0x00, 0x00, 0x00, 0x00, 0x4b, 0x34, 0x6f, 0x4b, 0x34, 0xff, 0x4b, 0x34, 0x1b,
    0x00, 0x00, 0x00, 0x00, 0x00, 0x00, 0x00, 0x00, 0x00, 0x00, 0x00, 0x00, 0x00, 0x00, 0x00, 0x00, 0x00, 0x00, 0x4b, 0x34, 0xd7, 0x4b, 0x34, 0xa3,
    0x00, 0x00, 0x00, 0x00, 0x00, 0x00, 0x4b, 0x34, 0x68, 0x4b, 0x34, 0x53, 0x4b, 0x34, 0x71, 0x4b, 0x34, 0xcb, 0x4b, 0x34, 0xf3, 0x00, 0x00, 0x00,
    0x00, 0x00, 0x00, 0x4b, 0x34, 0x1d, 0x4b, 0x34, 0xcd, 0x4b, 0x34, 0xff, 0x4b, 0x34, 0x87, 0x00, 0x00, 0x00, 0x00, 0x00, 0x00, 0x00, 0x00, 0x00,
    0x00, 0x00, 0x00, 0x4b, 0x34, 0xdf, 0x4b, 0x34, 0xbf, 0x00, 0x00, 0x00, 0x00, 0x00, 0x00, 0x00, 0x00, 0x00, 0x4b, 0x34, 0x31, 0x4b, 0x34, 0xed,
    0x4b, 0x34, 0xf3, 0x4b, 0x34, 0x24, 0x4b, 0x34, 0x53, 0x4b, 0x34, 0x36, 0x4b, 0x34, 0xa7, 0x4b, 0x34, 0xff, 0x4b, 0x34, 0xff, 0x4b, 0x34, 0xff,
    0x4b, 0x34, 0xff, 0x4b, 0x34, 0xff, 0x4b, 0x34, 0x1b, 0x00, 0x00, 0x00, 0x00, 0x00, 0x00, 0x00, 0x00, 0x00, 0x00, 0x00, 0x00, 0x00, 0x00, 0x00,
    0x00, 0x00, 0x00, 0x4b, 0x34, 0xd7, 0x4b, 0x34, 0xa3, 0x00, 0x00, 0x00, 0x00, 0x00, 0x00, 0x00, 0x00, 0x00, 0x4b, 0x34, 0x17, 0x4b, 0x34, 0xfa,
    0x4b, 0x34, 0xec, 0x4b, 0x34, 0x87, 0x00, 0x00, 0x00, 0x00, 0x00, 0x00, 0x4b, 0x34, 0x11, 0x4b, 0x34, 0xcb, 0x4b, 0x34, 0x90, 0x4b, 0x34, 0x02,
    0x00, 0x00, 0x00, 0x00, 0x00, 0x00, 0x00, 0x00, 0x00, 0x00, 0x00, 0x00, 0x4b, 0x34, 0xdf, 0x4b, 0x34, 0xbf, 0x00, 0x00, 0x00, 0x00, 0x00, 0x00,
    0x00, 0x00, 0x00, 0x4b, 0x34, 0x0a, 0x4b, 0x34, 0xc7, 0x4b, 0x34, 0x39, 0x00, 0x00, 0x00, 0x00, 0x00, 0x00, 0x00, 0x00, 0x00, 0x4b, 0x34, 0xa7,
    0x4b, 0x34, 0xe4, 0x4b, 0x34, 0x6b, 0x4b, 0x34, 0x6b, 0x4b, 0x34, 0xa9, 0x4b, 0x34, 0xf7, 0x4b, 0x34, 0x1b, 0x00, 0x00, 0x00, 0x00, 0x00, 0x00,
    0x00, 0x00, 0x00, 0x00, 0x00, 0x00, 0x00, 0x00, 0x00, 0x00, 0x00, 0x00, 0x00, 0x00, 0x00, 0x00, 0x00, 0x00, 0x00, 0x00, 0x00, 0x00, 0x00, 0x00,
    0x00, 0x00, 0x00, 0x00, 0x00, 0x00, 0x00, 0x00, 0x00, 0x00, 0x00, 0x00, 0x00, 0x00, 0x00, 0x00, 0x00, 0x00, 0x00, 0x00, 0x00, 0x00, 0x00, 0x00,
    0x4b, 0x34, 0x06, 0x00, 0x00, 0x00, 0x00, 0x00, 0x00, 0x00, 0x00, 0x00, 0x00, 0x00, 0x00, 0x00, 0x00, 0x00, 0x00, 0x00, 0x00, 0x4b, 0x34, 0x14,
    0x4b, 0x34, 0x11, 0x00, 0x00, 0x00, 0x00, 0x00, 0x00, 0x00, 0x00, 0x00, 0x00, 0x00, 0x00, 0x4b, 0x34, 0x01, 0x00, 0x00, 0x00, 0x00, 0x00, 0x00,
    0x00, 0x00, 0x00, 0x00, 0x00, 0x00, 0x4b, 0x34, 0x05, 0x4b, 0x34, 0x06, 0x00, 0x00, 0x00, 0x00, 0x00, 0x00, 0x00, 0x00, 0x00, 0x00, 0x00, 0x00,
    0x00, 0x00, 0x00, 0x00, 0x00, 0x00, 0x00, 0x00, 0x00, 0x00, 0x00, 0x00, 0x00, 0x00, 0x00, 0x00, 0x00, 0x00, 0x00, 0x00, 0x00, 0x00, 0x00, 0x00,
    0x00, 0x00, 0x00, 0x00, 0x00, 0x00, 0x00, 0x00, 0x00, 0x00, 0x00, 0x00, 0x00, 0x00, 0x00, 0x00, 0x00, 0x00, 0x00, 0x00, 0x00, 0x00, 0x00, 0x00,
    0x00, 0x00, 0x00, 0x00, 0x00, 0x00, 0x00, 0x00, 0x00, 0x00, 0x00, 0x00, 0x00, 0x00, 0x00, 0x00, 0x00, 0x00, 0x00, 0x00, 0x00, 0x00, 0x00, 0x00,
    0x00, 0x00, 0x00, 0x00, 0x00, 0x00, 0x00, 0x00, 0x00, 0x00, 0x00, 0x00, 0x00, 0x00, 0x00, 0x00, 0x00, 0x00, 0x00, 0x00, 0x00, 0x00, 0x00, 0x00,
    0x00, 0x00, 0x00, 0x00, 0x00, 0x00, 0x00, 0x00, 0x00, 0x00, 0x00, 0x00, 0x00, 0x00, 0x00, 0x00, 0x00, 0x00, 0x00, 0x00, 0x00, 0x00, 0x00, 0x00,
    0x00, 0x00, 0x00, 0x00, 0x00, 0x00, 0x00, 0x00, 0x00, 0x00, 0x00, 0x00, 0x00, 0x00, 0x00, 0x00, 0x00, 0x00, 0x00, 0x00, 0x00, 0x00, 0x00, 0x00,
    0x00, 0x00, 0x00, 0x00, 0x00, 0x00, 0x00, 0x00, 0x00, 0x00, 0x00, 0x00, 0x00, 0x00, 0x00, 0x00, 0x00, 0x00, 0x00, 0x00, 0x00, 0x00, 0x00, 0x00,
    0x00, 0x00, 0x00, 0x00, 0x00, 0x00, 0x00, 0x00, 0x00, 0x00, 0x00, 0x00, 0x00, 0x00, 0x00, 0x00, 0x00, 0x00, 0x00, 0x00, 0x00, 0x00, 0x00, 0x00,
    0x00, 0x00, 0x00, 0x00, 0x00, 0x00, 0x00, 0x00, 0x00, 0x00, 0x00, 0x00, 0x00, 0x00, 0x00, 0x00, 0x00, 0x00, 0x00, 0x00, 0x00, 0x00, 0x00, 0x00,
    0x00, 0x00, 0x00, 0x00, 0x00, 0x00, 0x00, 0x00, 0x00, 0x00, 0x00, 0x00, 0x00, 0x00, 0x00, 0x00, 0x00, 0x00, 0x00, 0x00, 0x00, 0x00, 0x00, 0x00,
    0x00, 0x00, 0x00, 0x00, 0x00, 0x00, 0x00, 0x00, 0x00, 0x00, 0x00, 0x00, 0x00, 0x00, 0x00, 0x00, 0x00, 0x00, 0x00, 0x00, 0x00, 0x00, 0x00, 0x00,
    0x00, 0x00, 0x00,
};
const lv_img_dsc_t rx_pending = {
    .header.always_zero = 0,
    .header.w = 43,
    .header.h = 19,
    .data_size = 2451,
    .header.cf = LV_IMG_CF_TRUE_COLOR_ALPHA,
    .data = rx_pending_map,
};

#ifndef LV_ATTRIBUTE_IMG_RX_POPUP_TITLE
#define LV_ATTRIBUTE_IMG_RX_POPUP_TITLE
#endif
const LV_ATTRIBUTE_MEM_ALIGN LV_ATTRIBUTE_LARGE_CONST LV_ATTRIBUTE_IMG_RX_POPUP_TITLE uint8_t rx_popup_title_map[] = {
    0x00, 0x00, 0x00, 0x00, 0x00, 0x00, 0x00, 0x00, 0x00, 0x00, 0x00, 0x00, 0x00, 0x00, 0x00, 0x00, 0x00, 0x00, 0x00, 0x00, 0x00, 0x00, 0x00, 0x00,
    0x00, 0x00, 0x00, 0x00, 0x00, 0x00, 0x00, 0x00, 0x00, 0x00, 0x00, 0x00, 0x00, 0x00, 0x00, 0x00, 0x00, 0x00, 0x00, 0x00, 0x00, 0x00, 0x00, 0x00,
    0x00, 0x00, 0x00, 0x00, 0x00, 0x00, 0x00, 0x00, 0x00, 0x00, 0x00, 0x00, 0x00, 0x00, 0x00, 0x00, 0x00, 0x00, 0x00, 0x00, 0x00, 0x00, 0x00, 0x00,
    0x00, 0x00, 0x00, 0x00, 0x00, 0x00, 0x00, 0x00, 0x00, 0x00, 0x00, 0x00, 0x00, 0x00, 0x00, 0x00, 0x00, 0x00, 0x00, 0x00, 0x00, 0x00, 0x00, 0x00,
    0x00, 0x00, 0x00, 0x00, 0x00, 0x00, 0x00, 0x00, 0x00, 0x00, 0x00, 0x00, 0x00, 0x00, 0x00, 0x00, 0x00, 0x00, 0x00, 0x00, 0x00, 0x00, 0x00, 0x00,
    0x00, 0x00, 0x00, 0x00, 0x00, 0x00, 0x00, 0x00, 0x00, 0x00, 0x00, 0x00, 0x00, 0x00, 0x00, 0x00, 0x00, 0x00, 0x00, 0x00, 0x00, 0x00, 0x00, 0x00,
    0x00, 0x00, 0x00, 0x00, 0x00, 0x00, 0x00, 0x00, 0x00, 0x00, 0x00, 0x00, 0x00, 0x00, 0x00, 0x00, 0x00, 0x00, 0x00, 0x00, 0x00, 0x00, 0x00, 0x00,
    0x00, 0x00, 0x00, 0x00, 0x00, 0x00, 0x00, 0x00, 0x00, 0x00, 0x00, 0x00, 0x00, 0x00, 0x00, 0x00, 0x00, 0x00, 0x00, 0x00, 0x00, 0x00, 0x00, 0x00,
    0x00, 0x00, 0x00, 0x00, 0x00, 0x00, 0x00, 0x00, 0x00, 0x00, 0x00, 0x00, 0x00, 0x00, 0x00, 0x00, 0x00, 0x00, 0x00, 0x00, 0x00, 0x00, 0x00, 0x00,
    0x00, 0x00, 0x00, 0x00, 0x00, 0x00, 0x00, 0x00, 0x00, 0x00, 0x00, 0x00, 0x00, 0x00, 0x00, 0x00, 0x00, 0x00, 0x00, 0x00, 0x00, 0x00, 0x00, 0x00,
    0x00, 0x00, 0x00, 0x00, 0x00, 0x00, 0x00, 0x00, 0x00, 0x00, 0x00, 0x00, 0x00, 0x00, 0x00, 0x00, 0x00, 0x00, 0x00, 0x00, 0x00, 0x00, 0x00, 0x00,
    0x00, 0x00, 0x00, 0x00, 0x00, 0x00, 0x00, 0x00, 0x00, 0x00, 0x00, 0x00, 0x00, 0x00, 0x00, 0x00, 0x00, 0x00, 0x00, 0x00, 0x00, 0x00, 0x00, 0x00,
    0x00, 0x00, 0x00, 0x00, 0x00, 0x00, 0x00, 0x00, 0x00, 0x00, 0x00, 0x00, 0x00, 0x00, 0x00, 0x00, 0x00, 0x00, 0x00, 0x00, 0x00, 0x00, 0x00, 0x00,
    0x00, 0x00, 0x00, 0x00, 0x00, 0x00, 0x00, 0x00, 0x00, 0x00, 0x00, 0x00, 0x00, 0x00, 0x00, 0x00, 0x00, 0x00, 0x00, 0x00, 0x00, 0x00, 0x00, 0x00,
    0x00, 0x00, 0x00, 0x00, 0x00, 0x00, 0x00, 0x00, 0x00, 0x00, 0x00, 0x00, 0x00, 0x00, 0x00, 0x00, 0x00, 0x00, 0x00, 0x00, 0x00, 0x00, 0x00, 0x00,
    0x00, 0x00, 0x00, 0x00, 0x00, 0x00, 0x00, 0x00, 0x00, 0x00, 0x00, 0x00, 0x00, 0x00, 0x00, 0x00, 0x00, 0x00, 0x00, 0x00, 0x00, 0x00, 0x00, 0x00,
    0x00, 0x00, 0x00, 0x00, 0x00, 0x00, 0x00, 0x00, 0x00, 0x00, 0x00, 0x00, 0x00, 0x00, 0x00, 0x00, 0x00, 0x00, 0x00, 0x00, 0x00, 0x00, 0x00, 0x00,
    0x00, 0x00, 0x00, 0x00, 0x00, 0x00, 0x00, 0x00, 0x00, 0x00, 0x00, 0x00, 0x00, 0x00, 0x00, 0x00, 0x00, 0x00, 0x00, 0x00, 0x00, 0x00, 0x00, 0x00,
    0x00, 0x00, 0x00, 0x00, 0x00, 0x00, 0x00, 0x00, 0x00, 0x00, 0x00, 0x00, 0x00, 0x00, 0x00, 0x00, 0x00, 0x00, 0x00, 0x00, 0x00, 0x00, 0x00, 0x00,
    0x00, 0x00, 0x00, 0x00, 0x00, 0x00, 0x00, 0x00, 0x00, 0x00, 0x00, 0x00, 0x00, 0x00, 0x00, 0x00, 0x00, 0x00, 0x00, 0x00, 0x00, 0x00, 0x00, 0x00,
    0x00, 0x00, 0x00, 0x00, 0x00, 0x00, 0x00, 0x00, 0x00, 0x00, 0x00, 0x00, 0x00, 0x00, 0x00, 0x00, 0x00, 0x00, 0x00, 0x00, 0x00, 0x00, 0x00, 0x00,
    0x00, 0x00, 0x00, 0x00, 0x00, 0x00, 0x00, 0x00, 0x00, 0x00, 0x00, 0x00, 0x00, 0x00, 0x00, 0x00, 0x00, 0x00, 0x00, 0x00, 0x00, 0x00, 0x00, 0x00,
    0x00, 0x00, 0x00, 0x00, 0x00, 0x00, 0x00, 0x00, 0x00, 0x00, 0x00, 0x00, 0x00, 0x00, 0x00, 0x00, 0x00, 0x00, 0x00, 0x00, 0x00, 0x00, 0x00, 0x00,
    0x00, 0x00, 0x00, 0x00, 0x00, 0x00, 0x00, 0x00, 0x00, 0x00, 0x00, 0x00, 0x00, 0x00, 0x00, 0x00, 0x00, 0x00, 0x00, 0x00, 0x00, 0x00, 0x00, 0x00,
    0x00, 0x00, 0x00, 0x00, 0x00, 0x00, 0x00, 0x00, 0x00, 0x00, 0x00, 0x00, 0x00, 0x00, 0x00, 0x00, 0x00, 0x00, 0x00, 0x00, 0x00, 0x00, 0x00, 0x00,
    0x00, 0x00, 0x00, 0x00, 0x00, 0x00, 0x00, 0x00, 0x00, 0x00, 0x00, 0x00, 0x00, 0x00, 0x00, 0x00, 0x00, 0x00, 0x00, 0x00, 0x00, 0x00, 0x00, 0x00,
    0x00, 0x00, 0x00, 0x00, 0x00, 0x00, 0x00, 0x00, 0x00, 0x00, 0x00, 0x00, 0x00, 0x00, 0x00, 0x00, 0x00, 0x00, 0x00, 0x00, 0x00, 0x00, 0x00, 0x00,
    0x00, 0x00, 0x00, 0x00, 0x00, 0x00, 0x00, 0x00, 0x00, 0x00, 0x00, 0x00, 0x00, 0x00, 0x00, 0x00, 0x00, 0x00, 0x00, 0x00, 0x00, 0x00, 0x00, 0x00,
    0x00, 0x00, 0x00, 0x00, 0x00, 0x00, 0x00, 0x00, 0x00, 0x00, 0x00, 0x00, 0x00, 0x00, 0x00, 0x00, 0x00, 0x00, 0x00, 0x00, 0x00, 0x00, 0x00, 0x00,
    0x00, 0x00, 0x00, 0x00, 0x00, 0x00, 0x00, 0x00, 0x00, 0x00, 0x00, 0x00, 0x00, 0x00, 0x00, 0x00, 0x00, 0x00, 0x00, 0x00, 0x00, 0x00, 0x00, 0x00,
    0x00, 0x00, 0x00, 0x00, 0x00, 0x00, 0x00, 0x00, 0x00, 0x00, 0x00, 0x00, 0x00, 0x00, 0x00, 0x00, 0x00, 0x00, 0x00, 0x00, 0x00, 0x00, 0x00, 0x00,
    0x00, 0x00, 0x00, 0x00, 0x00, 0x00, 0x00, 0x00, 0x00, 0x00, 0x00, 0x00, 0x00, 0x00, 0x00, 0x00, 0x00, 0x00, 0x00, 0x00, 0x00, 0x00, 0x00, 0x00,
    0x00, 0x00, 0x00, 0x00, 0x00, 0x00, 0x00, 0x00, 0x00, 0x00, 0x00, 0x00, 0x00, 0x00, 0x00, 0x00, 0x00, 0x00, 0x00, 0x00, 0x00, 0x00, 0x00, 0x00,
    0x00, 0x00, 0x00, 0x00, 0x00, 0x00, 0x00, 0x00, 0x00, 0x00, 0x00, 0x00, 0x00, 0x00, 0x00, 0x00, 0x00, 0x00, 0x00, 0x00, 0x00, 0x00, 0x00, 0x00,
    0x00, 0x00, 0x00, 0x00, 0x00, 0x00, 0x00, 0x00, 0x00, 0x00, 0x00, 0x00, 0x00, 0x00, 0x00, 0x00, 0x00, 0x00, 0x00, 0x00, 0x00, 0x00, 0x00, 0x00,
    0x00, 0x00, 0x00, 0x00, 0x00, 0x00, 0x00, 0x00, 0x00, 0x00, 0x00, 0x00, 0x00, 0x00, 0x00, 0x00, 0x00, 0x00, 0x00, 0x00, 0x00, 0x00, 0x00, 0x00,
    0x00, 0x00, 0x00, 0x00, 0x00, 0x00, 0x00, 0x00, 0x00, 0x00, 0x00, 0x00, 0x00, 0x00, 0x00, 0x00, 0x00, 0x00, 0x00, 0x00, 0x00, 0x00, 0x00, 0x00,
    0x00, 0x00, 0x00, 0x00, 0x00, 0x00, 0x00, 0x00, 0x00, 0x00, 0x00, 0x00, 0x00, 0x00, 0x00, 0x00, 0x00, 0x00, 0x00, 0x00, 0x00, 0x00, 0x00, 0x00,
    0x00, 0x00, 0x00, 0x00, 0x00, 0x00, 0x00, 0x00, 0x00, 0x00, 0x00, 0x00, 0x00, 0x00, 0x00, 0x00, 0x00, 0x00, 0x00, 0x00, 0x00, 0x00, 0x00, 0x00,
    0x00, 0x00, 0x00, 0x00, 0x00, 0x00, 0x00, 0x00, 0x00, 0x00, 0x00, 0x00, 0x00, 0x00, 0x00, 0x00, 0x00, 0x00, 0x00, 0x00, 0x00, 0x00, 0x00, 0x00,
    0x00, 0x00, 0x00, 0x00, 0x00, 0x00, 0x00, 0x00, 0x00, 0x00, 0x00, 0x00, 0x00, 0x00, 0x00, 0x00, 0x00, 0x00, 0x00, 0x00, 0x00, 0x00, 0x00, 0x00,
    0x00, 0x00, 0x00, 0x00, 0x00, 0x00, 0x00, 0x00, 0x00, 0x00, 0x00, 0x00, 0x00, 0x00, 0x00, 0x00, 0x00, 0x00, 0x00, 0x00, 0x00, 0x00, 0x00, 0x00,
    0x00, 0x00, 0x00, 0x00, 0x00, 0x00, 0x00, 0x00, 0x00, 0x00, 0x00, 0x00, 0x00, 0x00, 0x00, 0x00, 0x00, 0x00, 0x00, 0x00, 0x00, 0x00, 0x00, 0x00,
    0x00, 0x00, 0x00, 0x00, 0x00, 0x00, 0x00, 0x00, 0x00, 0x00, 0x00, 0x00, 0x00, 0x00, 0x00, 0x00, 0x00, 0x00, 0x00, 0x00, 0x00, 0x00, 0x00, 0x00,
    0x00, 0x00, 0x00, 0x00, 0x00, 0x00, 0x00, 0x00, 0x00, 0x00, 0x00, 0x00, 0x00, 0x00, 0x00, 0x00, 0x00, 0x00, 0x00, 0x00, 0x00, 0x00, 0x00, 0x00,
    0x00, 0x00, 0x00, 0x00, 0x00, 0x00, 0x00, 0x00, 0x00, 0x00, 0x00, 0x00, 0x00, 0x00, 0x00, 0x00, 0x00, 0x00, 0x00, 0x00, 0x00, 0x00, 0x00, 0x00,
    0x00, 0x00, 0x00, 0x00, 0x00, 0x00, 0x00, 0x00, 0x00, 0x00, 0x00, 0x00, 0x00, 0x00, 0x00, 0x00, 0x00, 0x00, 0x00, 0x00, 0x00, 0x00, 0x00, 0x00,
    0x00, 0x00, 0x00, 0x00, 0x00, 0x00, 0x00, 0x00, 0x00, 0x00, 0x00, 0x00, 0x00, 0x00, 0x00, 0x00, 0x00, 0x00, 0x00, 0x00, 0x00, 0x00, 0x00, 0x00,
    0x00, 0x00, 0x00, 0x00, 0x00, 0x00, 0x00, 0x00, 0x00, 0x00, 0x00, 0x00, 0x00, 0x00, 0x00, 0x00, 0x00, 0x00, 0x00, 0x00, 0x00, 0x00, 0x00, 0x00,
    0x00, 0x00, 0x00, 0x00, 0x00, 0x00, 0x00, 0x00, 0x00, 0x00, 0x00, 0x00, 0x00, 0x00, 0x00, 0x00, 0x00, 0x00, 0x00, 0x00, 0x00, 0x00, 0x00, 0x00,
    0x00, 0x00, 0x00, 0x00, 0x00, 0x00, 0x00, 0x00, 0x00, 0x00, 0x00, 0x00, 0x00, 0x00, 0x00, 0x00, 0x00, 0x00, 0x00, 0x00, 0x00, 0x00, 0x00, 0x00,
    0x00, 0x00, 0x00, 0x00, 0x00, 0x00, 0x00, 0x00, 0x00, 0x00, 0x00, 0x00, 0x00, 0x00, 0x00, 0x00, 0x00, 0x00, 0x00, 0x00, 0x00, 0x85, 0x21, 0x36,
    0x85, 0x21, 0x6f, 0x85, 0x21, 0x6f, 0x85, 0x21, 0x2f, 0x00, 0x00, 0x00, 0x00, 0x00, 0x00, 0x00, 0x00, 0x00, 0x00, 0x00, 0x00, 0x00, 0x00, 0x00,
    0x00, 0x00, 0x00, 0x00, 0x00, 0x00, 0x00, 0x00, 0x00, 0x00, 0x00, 0x00, 0x00, 0x00, 0x00, 0x00, 0x00, 0x00, 0x00, 0x00, 0x00, 0x85, 0x21, 0x39,
    0x00, 0x00, 0x00, 0x00, 0x00, 0x00, 0x00, 0x00, 0x00, 0x00, 0x00, 0x00, 0x00, 0x00, 0x00, 0x00, 0x00, 0x00, 0x85, 0x21, 0x36, 0x85, 0x21, 0x07,
    0x00, 0x00, 0x00, 0x00, 0x00, 0x00, 0x00, 0x00, 0x00, 0x00, 0x00, 0x00, 0x00, 0x00, 0x00, 0x00, 0x00, 0x00, 0x00, 0x00, 0x00, 0x00, 0x00, 0x00,
    0x00, 0x00, 0x00, 0x00, 0x00, 0x00, 0x00, 0x00, 0x00, 0x00, 0x00, 0x00, 0x00, 0x00, 0x00, 0x00, 0x00, 0x00, 0x00, 0x00, 0x00, 0x85, 0x21, 0x0e,
    0x85, 0x21, 0x17, 0x85, 0x21, 0x17, 0x85, 0x21, 0x0a, 0x00, 0x00, 0x00, 0x00, 0x00, 0x00, 0x00, 0x00, 0x00, 0x00, 0x00, 0x00, 0x00, 0x00, 0x00,
    0x85, 0x21, 0xa9, 0x85, 0x21, 0x6f, 0x85, 0x21, 0x0b, 0x00, 0x00, 0x00, 0x00, 0x00, 0x00, 0x00, 0x00, 0x00, 0x00, 0x00, 0x00, 0x00, 0x00, 0x00,
    0x00, 0x00, 0x00, 0x85, 0x21, 0x5f, 0x85, 0x21, 0xb4, 0x85, 0x21, 0x92, 0x85, 0x21, 0x3b, 0x00, 0x00, 0x00, 0x00, 0x00, 0x00, 0x00, 0x00, 0x00,
    0x00, 0x00, 0x00, 0x00, 0x00, 0x00, 0x00, 0x00, 0x00, 0x00, 0x00, 0x00, 0x00, 0x00, 0x00, 0x00, 0x00, 0x00, 0x00, 0x00, 0x00, 0x00, 0x00, 0x00,
    0x00, 0x00, 0x00, 0x85, 0x21, 0x23, 0x85, 0x21, 0x07, 0x00, 0x00, 0x00, 0x00, 0x00, 0x00, 0x00, 0x00, 0x00, 0x00, 0x00, 0x00, 0x00, 0x00, 0x00,
    0x00, 0x00, 0x00, 0x00, 0x00, 0x00, 0x00, 0x00, 0x00, 0x00, 0x00, 0x00, 0x85, 0x21, 0x81, 0x85, 0x21, 0x94, 0x85, 0x21, 0x8f, 0x85, 0x21, 0x36,
    0x00, 0x00, 0x00, 0x00, 0x00, 0x00, 0x00, 0x00, 0x00, 0x00, 0x00, 0x00, 0x00, 0x00, 0x00, 0x00, 0x00, 0x00, 0x00, 0x00, 0x00, 0x00, 0x00, 0x00,
    0x00, 0x00, 0x00, 0x85, 0x21, 0x32, 0x85, 0x21, 0xa7, 0x85, 0x21, 0xa7, 0x85, 0x21, 0x82, 0x00, 0x00, 0x00, 0x85, 0x21, 0x05, 0x85, 0x21, 0x43,
    0x00, 0x00, 0x00, 0x00, 0x00, 0x00, 0x00, 0x00, 0x00, 0x00, 0x00, 0x00, 0x00, 0x00, 0x00, 0x00, 0x00, 0x00, 0x00, 0x00, 0x00, 0x00, 0x00, 0x00,
    0x00, 0x00, 0x00, 0x00, 0x00, 0x00, 0x85, 0x21, 0x52, 0x85, 0x21, 0x6f, 0x85, 0x21, 0x6f, 0x85, 0x21, 0x14, 0x00, 0x00, 0x00, 0x00, 0x00, 0x00,
    0x00, 0x00, 0x00, 0x00, 0x00, 0x00, 0x00, 0x00, 0x00, 0x00, 0x00, 0x00, 0x00, 0x00, 0x00, 0x00, 0x00, 0x00, 0x00, 0x00, 0x00, 0x00, 0x00, 0x00,
    0x00, 0x00, 0x00, 0x00, 0x00, 0x00, 0x00, 0x00, 0x00, 0x00, 0x00, 0x00, 0x00, 0x00, 0x00, 0x00, 0x00, 0x00, 0x00, 0x00, 0x00, 0x00, 0x00, 0x00,
    0x00, 0x00, 0x00, 0x00, 0x00, 0x00, 0x00, 0x00, 0x00, 0x00, 0x00, 0x00, 0x00, 0x00, 0x00, 0x00, 0x00, 0x00, 0x00, 0x00, 0x00, 0x00, 0x00, 0x00,
    0x00, 0x00, 0x00, 0x00, 0x00, 0x00, 0x00, 0x00, 0x00, 0x00, 0x00, 0x00, 0x00, 0x00, 0x00, 0x00, 0x00, 0x00, 0x00, 0x00, 0x00, 0x00, 0x00, 0x00,
    0x00, 0x00, 0x00, 0x00, 0x00, 0x00, 0x00, 0x00, 0x00, 0x00, 0x00, 0x00, 0x00, 0x00, 0x00, 0x00, 0x00, 0x00, 0x00, 0x00, 0x00, 0x00, 0x00, 0x00,
    0x00, 0x00, 0x00, 0x00, 0x00, 0x00, 0x00, 0x00, 0x00, 0x00, 0x00, 0x00, 0x00, 0x00, 0x00, 0x00, 0x00, 0x00, 0x00, 0x00, 0x00, 0x00, 0x00, 0x00,
    0x00, 0x00, 0x00, 0x00, 0x00, 0x00, 0x00, 0x00, 0x00, 0x00, 0x00, 0x00, 0x00, 0x00, 0x00, 0x00, 0x00, 0x00, 0x00, 0x00, 0x00, 0x00, 0x00, 0x00,
    0x00, 0x00, 0x00, 0x00, 0x00, 0x00, 0x00, 0x00, 0x00, 0x00, 0x00, 0x00, 0x85, 0x21, 0xa0, 0x85, 0x21, 0xa7, 0x85, 0x21, 0xa7, 0x85, 0x21, 0x12,
    0x00, 0x00, 0x00, 0x00, 0x00, 0x00, 0x00, 0x00, 0x00, 0x00, 0x00, 0x00, 0x00, 0x00, 0x00, 0x00, 0x00, 0x00, 0x00, 0x00, 0x00, 0x00, 0x00, 0x00,
    0x00, 0x00, 0x00, 0x00, 0x00, 0x00, 0x00, 0x00, 0x00, 0x00, 0x00, 0x00, 0x00, 0x00, 0x00, 0x00, 0x00, 0x00, 0x00, 0x00, 0x00, 0x00, 0x00, 0x00,
    0x00, 0x00, 0x00, 0x00, 0x00, 0x00, 0x00, 0x00, 0x00, 0x85, 0x21, 0x7b, 0x85, 0x21, 0xff, 0x85, 0x21, 0xff, 0x85, 0x21, 0x6b, 0x00, 0x00, 0x00,
    0x00, 0x00, 0x00, 0x00, 0x00, 0x00, 0x00, 0x00, 0x00, 0x00, 0x00, 0x00, 0x00, 0x00, 0x00, 0x00, 0x00, 0x00, 0x00, 0x00, 0x00, 0x00, 0x00, 0x00,
    0x85, 0x21, 0x0b, 0x85, 0x21, 0x60, 0x85, 0x21, 0xcc, 0x85, 0x21, 0xff, 0x85, 0x21, 0x97, 0x85, 0x21, 0x01, 0x00, 0x00, 0x00, 0x00, 0x00, 0x00,
    0x00, 0x00, 0x00, 0x85, 0x21, 0x3f, 0x85, 0x21, 0xf7, 0x85, 0x21, 0xcb, 0x85, 0x21, 0x1f, 0x00, 0x00, 0x00, 0x00, 0x00, 0x00, 0x00, 0x00, 0x00,
    0x00, 0x00, 0x00, 0x85, 0x21, 0xb0, 0x85, 0x21, 0xef, 0x85, 0x21, 0xef, 0x85, 0x21, 0x3f, 0x00, 0x00, 0x00, 0x00, 0x00, 0x00, 0x00, 0x00, 0x00,
    0x00, 0x00, 0x00, 0x00, 0x00, 0x00, 0x00, 0x00, 0x00, 0x85, 0x21, 0x97, 0x85, 0x21, 0xff, 0x85, 0x21, 0xff, 0x85, 0x21, 0x6f, 0x00, 0x00, 0x00,
    0x00, 0x00, 0x00, 0x00, 0x00, 0x00, 0x00, 0x00, 0x00, 0x85, 0x21, 0x14, 0x85, 0x21, 0xfd, 0x85, 0x21, 0xff, 0x85, 0x21, 0xe8, 0x85, 0x21, 0x07,
    0x00, 0x00, 0x00, 0x00, 0x00, 0x00, 0x00, 0x00, 0x00, 0x00, 0x00, 0x00, 0x00, 0x00, 0x00, 0x85, 0x21, 0xa0, 0x85, 0x21, 0xff, 0x85, 0x21, 0xff,
    0x85, 0x21, 0x54, 0x00, 0x00, 0x00, 0x00, 0x00, 0x00, 0x00, 0x00, 0x00, 0x00, 0x00, 0x00, 0x00, 0x00, 0x00, 0x00, 0x00, 0x00, 0x00, 0x00, 0x00,
    0x00, 0x00, 0x00, 0x00, 0x00, 0x00, 0x00, 0x00, 0x00, 0x00, 0x00, 0x00, 0x85, 0x21, 0x21, 0x85, 0x21, 0xe6, 0x85, 0x21, 0xc1, 0x85, 0x21, 0x11,
    0x00, 0x00, 0x00, 0x00, 0x00, 0x00, 0x00, 0x00, 0x00, 0x00, 0x00, 0x00, 0x00, 0x00, 0x00, 0x00, 0x00, 0x00, 0x00, 0x00, 0x00, 0x00, 0x00, 0x00,
    0x85, 0x21, 0xd7, 0x85, 0x21, 0xff, 0x85, 0x21, 0xff, 0x85, 0x21, 0x63, 0x00, 0x00, 0x00, 0x00, 0x00, 0x00, 0x00, 0x00, 0x00, 0x00, 0x00, 0x00,
    0x00, 0x00, 0x00, 0x00, 0x00, 0x00, 0x00, 0x00, 0x00, 0x00, 0x00, 0x00, 0x00, 0x00, 0x00, 0x85, 0x21, 0x43, 0x85, 0x21, 0xff, 0x85, 0x21, 0xff,
    0x85, 0x21, 0xcc, 0x85, 0x21, 0x10, 0x85, 0x21, 0xbd, 0x85, 0x21, 0xff, 0x85, 0x21, 0x79, 0x00, 0x00, 0x00, 0x00, 0x00, 0x00, 0x00, 0x00, 0x00,
    0x00, 0x00, 0x00, 0x00, 0x00, 0x00, 0x00, 0x00, 0x00, 0x00, 0x00, 0x00, 0x00, 0x00, 0x00, 0x00, 0x00, 0x00, 0x85, 0x21, 0xbb, 0x85, 0x21, 0xff,
    0x85, 0x21, 0xff, 0x85, 0x21, 0x2f, 0x00, 0x00, 0x00, 0x00, 0x00, 0x00, 0x00, 0x00, 0x00, 0x00, 0x00, 0x00, 0x00, 0x00, 0x00, 0x00, 0x00, 0x00,
    0x00, 0x00, 0x00, 0x00, 0x00, 0x00, 0x00, 0x00, 0x00, 0x00, 0x00, 0x00, 0x00, 0x00, 0x00, 0x00, 0x00, 0x00, 0x00, 0x00, 0x00, 0x00, 0x00, 0x00,
    0x00, 0x00, 0x00, 0x00, 0x00, 0x00, 0x00, 0x00, 0x00, 0x00, 0x00, 0x00, 0x00, 0x00, 0x00, 0x00, 0x00, 0x00, 0x00, 0x00, 0x00, 0x00, 0x00, 0x00,
    0x00, 0x00, 0x00, 0x00, 0x00, 0x00, 0x00, 0x00, 0x00, 0x00, 0x00, 0x00, 0x00, 0x00, 0x00, 0x85, 0x21, 0x1d, 0x85, 0x21, 0xcf, 0x85, 0x21, 0xcf,
    0x85, 0x21, 0xcf, 0x85, 0x21, 0xcf, 0x85, 0x21, 0xcf, 0x85, 0x21, 0xcf, 0x85, 0x21, 0xcf, 0x85, 0x21, 0xcf, 0x85, 0x21, 0xcf, 0x85, 0x21, 0xcf,
    0x85, 0x21, 0xcf, 0x85, 0x21, 0xcf, 0x85, 0x21, 0xcf, 0x85, 0x21, 0xcf, 0x85, 0x21, 0xcf, 0x85, 0x21, 0xcf, 0x85, 0x21, 0xcf, 0x85, 0x21, 0xcf,
    0x85, 0x21, 0xcf, 0x85, 0x21, 0xcf, 0x85, 0x21, 0xcf, 0x85, 0x21, 0x20, 0x00, 0x00, 0x00, 0x00, 0x00, 0x00, 0x00, 0x00, 0x00, 0x00, 0x00, 0x00,
    0x00, 0x00, 0x00, 0x00, 0x00, 0x00, 0x00, 0x00, 0x00, 0x00, 0x00, 0x00, 0x00, 0x00, 0x00, 0x00, 0x00, 0x00, 0x00, 0x00, 0x00, 0x00, 0x00, 0x00,
    0x85, 0x21, 0xf3, 0x85, 0x21, 0xff, 0x85, 0x21, 0xff, 0x85, 0x21, 0x1b, 0x00, 0x00, 0x00, 0x00, 0x00, 0x00, 0x00, 0x00, 0x00, 0x00, 0x00, 0x00,
    0x00, 0x00, 0x00, 0x00, 0x00, 0x00, 0x00, 0x00, 0x00, 0x00, 0x00, 0x00, 0x00, 0x00, 0x00, 0x00, 0x00, 0x00, 0x00, 0x00, 0x00, 0x00, 0x00, 0x00,
    0x00, 0x00, 0x00, 0x00, 0x00, 0x00, 0x00, 0x00, 0x00, 0x00, 0x00, 0x00, 0x00, 0x00, 0x00, 0x00, 0x00, 0x00, 0x00, 0x00, 0x00, 0x85, 0x21, 0x7b,
    0x85, 0x21, 0xff, 0x85, 0x21, 0xff, 0x85, 0x21, 0x6b, 0x00, 0x00, 0x00, 0x00, 0x00, 0x00, 0x00, 0x00, 0x00, 0x00, 0x00, 0x00, 0x85, 0x21, 0x3a,
    0x85, 0x21, 0x41, 0x85, 0x21, 0x1b, 0x85, 0x21, 0x63, 0x85, 0x21, 0xb2, 0x85, 0x21, 0xf7, 0x85, 0x21, 0xff, 0x85, 0x21, 0xff, 0x85, 0x21, 0xff,
    0x85, 0x21, 0xff, 0x85, 0x21, 0x9d, 0x85, 0x21, 0x01, 0x00, 0x00, 0x00, 0x85, 0x21, 0x08, 0x85, 0x21, 0xe5, 0x85, 0x21, 0xff, 0x85, 0x21, 0xff,
    0x85, 0x21, 0xed, 0x85, 0x21, 0x44, 0x00, 0x00, 0x00, 0x00, 0x00, 0x00, 0x00, 0x00, 0x00, 0x85, 0x21, 0xbb, 0x85, 0x21, 0xff, 0x85, 0x21, 0xff,
    0x85, 0x21, 0x43, 0x00, 0x00, 0x00, 0x85, 0x21, 0x5e, 0x85, 0x21, 0x9f, 0x85, 0x21, 0x9f, 0x85, 0x21, 0x1d, 0x00, 0x00, 0x00, 0x85, 0x21, 0x97,
    0x85, 0x21, 0xff, 0x85, 0x21, 0xff, 0x85, 0x21, 0x6f, 0x00, 0x00, 0x00, 0x00, 0x00, 0x00, 0x00, 0x00, 0x00, 0x00, 0x00, 0x00, 0x85, 0x21, 0x5d,
    0x85, 0x21, 0xff, 0x85, 0x21, 0xff, 0x85, 0x21, 0xb1, 0x00, 0x00, 0x00, 0x00, 0x00, 0x00, 0x00, 0x00, 0x00, 0x00, 0x00, 0x00, 0x00, 0x00, 0x00,
    0x00, 0x00, 0x00, 0x85, 0x21, 0xcd, 0x85, 0x21, 0xff, 0x85, 0x21, 0xff, 0x85, 0x21, 0x1e, 0x00, 0x00, 0x00, 0x00, 0x00, 0x00, 0x00, 0x00, 0x00,
    0x00, 0x00, 0x00, 0x00, 0x00, 0x00, 0x00, 0x00, 0x00, 0x00, 0x00, 0x00, 0x00, 0x00, 0x00, 0x00, 0x00, 0x00, 0x00, 0x00, 0x00, 0x85, 0x21, 0x05,
    0x85, 0x21, 0xd9, 0x85, 0x21, 0xff, 0x85, 0x21, 0xff, 0x85, 0x21, 0xd5, 0x85, 0x21, 0x1c, 0x00, 0x00, 0x00, 0x00, 0x00, 0x00, 0x00, 0x00, 0x00,
    0x00, 0x00, 0x00, 0x00, 0x00, 0x00, 0x00, 0x00, 0x00, 0x00, 0x00, 0x00, 0x85, 0x21, 0xd7, 0x85, 0x21, 0xff, 0x85, 0x21, 0xff, 0x85, 0x21, 0x63,
    0x00, 0x00, 0x00, 0x00, 0x00, 0x00, 0x00, 0x00, 0x00, 0x00, 0x00, 0x00, 0x00, 0x00, 0x00, 0x00, 0x00, 0x00, 0x00, 0x00, 0x00, 0x00, 0x00, 0x00,
    0x00, 0x00, 0x00, 0x85, 0x21, 0x38, 0x85, 0x21, 0xff, 0x85, 0x21, 0xff, 0x85, 0x21, 0xd4, 0x85, 0x21, 0x50, 0x85, 0x21, 0xfd, 0x85, 0x21, 0xff,
    0x85, 0x21, 0xff, 0x85, 0x21, 0x8c, 0x00, 0x00, 0x00, 0x00, 0x00, 0x00, 0x00, 0x00, 0x00, 0x00, 0x00, 0x00, 0x00, 0x00, 0x00, 0x00, 0x00, 0x00,
    0x00, 0x00, 0x00, 0x00, 0x00, 0x00, 0x85, 0x21, 0xbb, 0x85, 0x21, 0xff, 0x85, 0x21, 0xff, 0x85, 0x21, 0x2f, 0x00, 0x00, 0x00, 0x00, 0x00, 0x00,
    0x00, 0x00, 0x00, 0x85, 0x21, 0xbb, 0x85, 0x21, 0xff, 0x85, 0x21, 0xff, 0x85, 0x21, 0xff, 0x85, 0x21, 0xff, 0x85, 0x21, 0xff, 0x85, 0x21, 0xff,
    0x85, 0x21, 0xff, 0x85, 0x21, 0xff, 0x85, 0x21, 0xff, 0x85, 0x21, 0xff, 0x85, 0x21, 0xff, 0x85, 0x21, 0xff, 0x85, 0x21, 0xff, 0x85, 0x21, 0xff,
    0x85, 0x21, 0xff, 0x85, 0x21, 0xff, 0x85, 0x21, 0xff, 0x85, 0x21, 0xe3, 0x00, 0x00, 0x00, 0x00, 0x00, 0x00, 0x00, 0x00, 0x00, 0x00, 0x00, 0x00,
    0x00, 0x00, 0x00, 0x85, 0x21, 0x23, 0x85, 0x21, 0xff, 0x85, 0x21, 0xff, 0x85, 0x21, 0xff, 0x85, 0x21, 0xff, 0x85, 0x21, 0xff, 0x85, 0x21, 0xff,
    0x85, 0x21, 0xff, 0x85, 0x21, 0xff, 0x85, 0x21, 0xff, 0x85, 0x21, 0xff, 0x85, 0x21, 0xff, 0x85, 0x21, 0xff, 0x85, 0x21, 0xff, 0x85, 0x21, 0xff,
    0x85, 0x21, 0xff, 0x85, 0x21, 0xff, 0x85, 0x21, 0xff, 0x85, 0x21, 0xff, 0x85, 0x21, 0xff, 0x85, 0x21, 0xff, 0x85, 0x21, 0xff, 0x85, 0x21, 0x27,
    0x00, 0x00, 0x00, 0x00, 0x00, 0x00, 0x00, 0x00, 0x00, 0x00, 0x00, 0x00, 0x00, 0x00, 0x00, 0x85, 0x21, 0x52, 0x85, 0x21, 0xd3, 0x85, 0x21, 0xd3,
    0x85, 0x21, 0x8e, 0x00, 0x00, 0x00, 0x00, 0x00, 0x00, 0x00, 0x00, 0x00, 0x85, 0x21, 0xf3, 0x85, 0x21, 0xff, 0x85, 0x21, 0xff, 0x85, 0x21, 0x1b,
    0x00, 0x00, 0x00, 0x00, 0x00, 0x00, 0x00, 0x00, 0x00, 0x00, 0x00, 0x00, 0x00, 0x00, 0x00, 0x00, 0x00, 0x00, 0x00, 0x00, 0x00, 0x00, 0x00, 0x00,
    0x00, 0x00, 0x00, 0x00, 0x00, 0x00, 0x00, 0x00, 0x00, 0x00, 0x00, 0x00, 0x00, 0x00, 0x00, 0x00, 0x00, 0x00, 0x00, 0x00, 0x00, 0x85, 0x21, 0xaf,
    0x85, 0x21, 0xff, 0x85, 0x21, 0xff, 0x85, 0x21, 0xff, 0x85, 0x21, 0xff, 0x85, 0x21, 0xff, 0x85, 0x21, 0xff, 0x85, 0x21, 0xff, 0x85, 0x21, 0xff,
    0x85, 0x21, 0xff, 0x85, 0x21, 0xff, 0x85, 0x21, 0x97, 0x85, 0x21, 0x77, 0x85, 0x21, 0xff, 0x85, 0x21, 0xff, 0x85, 0x21, 0xff, 0x85, 0x21, 0xff,
    0x85, 0x21, 0xff, 0x85, 0x21, 0xff, 0x85, 0x21, 0xff, 0x85, 0x21, 0xe1, 0x85, 0x21, 0x86, 0x85, 0x21, 0x2a, 0x00, 0x00, 0x00, 0x00, 0x00, 0x00,
    0x00, 0x00, 0x00, 0x85, 0x21, 0x30, 0x85, 0x21, 0xe3, 0x85, 0x21, 0xff, 0x85, 0x21, 0xff, 0x85, 0x21, 0xfb, 0x85, 0x21, 0x61, 0x00, 0x00, 0x00,
    0x00, 0x00, 0x00, 0x85, 0x21, 0xbb, 0x85, 0x21, 0xff, 0x85, 0x21, 0xff, 0x85, 0x21, 0x43, 0x00, 0x00, 0x00, 0x85, 0x21, 0x97, 0x85, 0x21, 0xff,
    0x85, 0x21, 0xff, 0x85, 0x21, 0x2f, 0x00, 0x00, 0x00, 0x85, 0x21, 0x97, 0x85, 0x21, 0xff, 0x85, 0x21, 0xff, 0x85, 0x21, 0x6f, 0x00, 0x00, 0x00,
    0x00, 0x00, 0x00, 0x00, 0x00, 0x00, 0x00, 0x00, 0x00, 0x85, 0x21, 0xa8, 0x85, 0x21, 0xff, 0x85, 0x21, 0xff, 0x85, 0x21, 0x50, 0x00, 0x00, 0x00,
    0x00, 0x00, 0x00, 0x85, 0x21, 0xc3, 0x85, 0x21, 0xff, 0x85, 0x21, 0xff, 0x85, 0x21, 0xff, 0x85, 0x21, 0xff, 0x85, 0x21, 0xff, 0x85, 0x21, 0xff,
    0x85, 0x21, 0xff, 0x85, 0x21, 0xff, 0x85, 0x21, 0xff, 0x85, 0x21, 0xff, 0x85, 0x21, 0xff, 0x85, 0x21, 0xff, 0x85, 0x21, 0xff, 0x85, 0x21, 0x5b,
    0x00, 0x00, 0x00, 0x00, 0x00, 0x00, 0x00, 0x00, 0x00, 0x00, 0x00, 0x00, 0x85, 0x21, 0x54, 0x85, 0x21, 0xfa, 0x85, 0x21, 0xff, 0x85, 0x21, 0xff,
    0x85, 0x21, 0xdd, 0x85, 0x21, 0x1d, 0x00, 0x00, 0x00, 0x00, 0x00, 0x00, 0x00, 0x00, 0x00, 0x00, 0x00, 0x00, 0x00, 0x00, 0x00, 0x00, 0x00, 0x00,
    0x85, 0x21, 0xd7, 0x85, 0x21, 0xff, 0x85, 0x21, 0xff, 0x85, 0x21, 0x63, 0x00, 0x00, 0x00, 0x00, 0x00, 0x00, 0x00, 0x00, 0x00, 0x00, 0x00, 0x00,
    0x00, 0x00, 0x00, 0x00, 0x00, 0x00, 0x00, 0x00, 0x00, 0x00, 0x00, 0x00, 0x00, 0x00, 0x00, 0x85, 0x21, 0x2d, 0x85, 0x21, 0xff, 0x85, 0x21, 0xff,
    0x85, 0x21, 0xdb, 0x00, 0x00, 0x00, 0x85, 0x21, 0x5a, 0x85, 0x21, 0xfc, 0x85, 0x21, 0xff, 0x85, 0x21, 0xff, 0x85, 0x21, 0x79, 0x00, 0x00, 0x00,
    0x00, 0x00, 0x00, 0x85, 0x21, 0x73, 0x85, 0x21, 0xdf, 0x85, 0x21, 0xdf, 0x85, 0x21, 0x50, 0x00, 0x00, 0x00, 0x85, 0x21, 0xbb, 0x85, 0x21, 0xff,
    0x85, 0x21, 0xff, 0x85, 0x21, 0x2f, 0x00, 0x00, 0x00, 0x00, 0x00, 0x00, 0x00, 0x00, 0x00, 0x85, 0x21, 0xbb, 0x85, 0x21, 0xff, 0x85, 0x21, 0xff,
    0x85, 0x21, 0xff, 0x85, 0x21, 0xff, 0x85, 0x21, 0xff, 0x85, 0x21, 0xff, 0x85, 0x21, 0xff, 0x85, 0x21, 0xff, 0x85, 0x21, 0xff, 0x85, 0x21, 0xff,
    0x85, 0x21, 0xff, 0x85, 0x21, 0xff, 0x85, 0x21, 0xff, 0x85, 0x21, 0xff, 0x85, 0x21, 0xff, 0x85, 0x21, 0xff, 0x85, 0x21, 0xff, 0x85, 0x21, 0xe3,
    0x00, 0x00, 0x00, 0x00, 0x00, 0x00, 0x00, 0x00, 0x00, 0x00, 0x00, 0x00, 0x00, 0x00, 0x00, 0x85, 0x21, 0x23, 0x85, 0x21, 0xff, 0x85, 0x21, 0xff,
    0x85, 0x21, 0xff, 0x85, 0x21, 0xff, 0x85, 0x21, 0xff, 0x85, 0x21, 0xff, 0x85, 0x21, 0xff, 0x85, 0x21, 0xff, 0x85, 0x21, 0xff, 0x85, 0x21, 0xff,
    0x85, 0x21, 0xff, 0x85, 0x21, 0xff, 0x85, 0x21, 0xff, 0x85, 0x21, 0xff, 0x85, 0x21, 0xff, 0x85, 0x21, 0xff, 0x85, 0x21, 0xff, 0x85, 0x21, 0xff,
    0x85, 0x21, 0xff, 0x85, 0x21, 0xff, 0x85, 0x21, 0xff, 0x85, 0x21, 0x27, 0x00, 0x00, 0x00, 0x00, 0x00, 0x00, 0x00, 0x00, 0x00, 0x00, 0x00, 0x00,
    0x00, 0x00, 0x00, 0x85, 0x21, 0x63, 0x85, 0x21, 0xff, 0x85, 0x21, 0xff, 0x85, 0x21, 0xab, 0x00, 0x00, 0x00, 0x00, 0x00, 0x00, 0x00, 0x00, 0x00,
    0x85, 0x21, 0xf3, 0x85, 0x21, 0xff, 0x85, 0x21, 0xff, 0x85, 0x21, 0xff, 0x85, 0x21, 0xff, 0x85, 0x21, 0xff, 0x85, 0x21, 0xff, 0x85, 0x21, 0xff,
    0x85, 0x21, 0xff, 0x85, 0x21, 0xff, 0x85, 0x21, 0x27, 0x00, 0x00, 0x00, 0x00, 0x00, 0x00, 0x00, 0x00, 0x00, 0x00, 0x00, 0x00, 0x00, 0x00, 0x00,
    0x00, 0x00, 0x00, 0x00, 0x00, 0x00, 0x00, 0x00, 0x00, 0x85, 0x21, 0xaf, 0x85, 0x21, 0xff, 0x85, 0x21, 0xff, 0x85, 0x21, 0xff, 0x85, 0x21, 0xff,
    0x85, 0x21, 0xff, 0x85, 0x21, 0xff, 0x85, 0x21, 0xff, 0x85, 0x21, 0xff, 0x85, 0x21, 0xff, 0x85, 0x21, 0xff, 0x85, 0x21, 0x97, 0x85, 0x21, 0x77,
    0x85, 0x21, 0xff, 0x85, 0x21, 0xff, 0x85, 0x21, 0xff, 0x85, 0x21, 0xf5, 0x85, 0x21, 0xbd, 0x85, 0x21, 0x7f, 0x85, 0x21, 0x3c, 0x85, 0x21, 0x01,
    0x00, 0x00, 0x00, 0x00, 0x00, 0x00, 0x00, 0x00, 0x00, 0x00, 0x00, 0x00, 0x00, 0x00, 0x00, 0x00, 0x00, 0x00, 0x85, 0x21, 0x19, 0x85, 0x21, 0xcd,
    0x85, 0x21, 0xff, 0x85, 0x21, 0xff, 0x85, 0x21, 0xf6, 0x85, 0x21, 0x17, 0x00, 0x00, 0x00, 0x85, 0x21, 0xbb, 0x85, 0x21, 0xff, 0x85, 0x21, 0xff,
    0x85, 0x21, 0x43, 0x00, 0x00, 0x00, 0x85, 0x21, 0x97, 0x85, 0x21, 0xff, 0x85, 0x21, 0xff, 0x85, 0x21, 0x2f, 0x00, 0x00, 0x00, 0x85, 0x21, 0x97,
    0x85, 0x21, 0xff, 0x85, 0x21, 0xff, 0x85, 0x21, 0x6f, 0x00, 0x00, 0x00, 0x00, 0x00, 0x00, 0x00, 0x00, 0x00, 0x85, 0x21, 0x07, 0x85, 0x21, 0xef,
    0x85, 0x21, 0xff, 0x85, 0x21, 0xea, 0x85, 0x21, 0x05, 0x00, 0x00, 0x00, 0x00, 0x00, 0x00, 0x85, 0x21, 0xc3, 0x85, 0x21, 0xff, 0x85, 0x21, 0xff,
    0x85, 0x21, 0xff, 0x85, 0x21, 0xff, 0x85, 0x21, 0xff, 0x85, 0x21, 0xff, 0x85, 0x21, 0xff, 0x85, 0x21, 0xff, 0x85, 0x21, 0xff, 0x85, 0x21, 0xff,
    0x85, 0x21, 0xff, 0x85, 0x21, 0xff, 0x85, 0x21, 0xff, 0x85, 0x21, 0x5b, 0x00, 0x00, 0x00, 0x00, 0x00, 0x00, 0x00, 0x00, 0x00, 0x00, 0x00, 0x00,
    0x00, 0x00, 0x00, 0x85, 0x21, 0x4a, 0x85, 0x21, 0xf7, 0x85, 0x21, 0xff, 0x85, 0x21, 0xff, 0x85, 0x21, 0xc7, 0x00, 0x00, 0x00, 0x00, 0x00, 0x00,
    0x00, 0x00, 0x00, 0x00, 0x00, 0x00, 0x00, 0x00, 0x00, 0x00, 0x00, 0x00, 0x85, 0x21, 0xd7, 0x85, 0x21, 0xff, 0x85, 0x21, 0xff, 0x85, 0x21, 0x63,
    0x00, 0x00, 0x00, 0x00, 0x00, 0x00, 0x00, 0x00, 0x00, 0x00, 0x00, 0x00, 0x00, 0x00, 0x00, 0x00, 0x00, 0x00, 0x00, 0x00, 0x00, 0x00, 0x00, 0x00,
    0x00, 0x00, 0x00, 0x85, 0x21, 0x22, 0x85, 0x21, 0xff, 0x85, 0x21, 0xff, 0x85, 0x21, 0xe3, 0x00, 0x00, 0x00, 0x00, 0x00, 0x00, 0x85, 0x21, 0x60,
    0x85, 0x21, 0xff, 0x85, 0x21, 0xff, 0x85, 0x21, 0x75, 0x00, 0x00, 0x00, 0x00, 0x00, 0x00, 0x85, 0x21, 0x83, 0x85, 0x21, 0xff, 0x85, 0x21, 0xff,
    0x85, 0x21, 0x5b, 0x00, 0x00, 0x00, 0x85, 0x21, 0xbb, 0x85, 0x21, 0xff, 0x85, 0x21, 0xff, 0x85, 0x21, 0x2f, 0x00, 0x00, 0x00, 0x00, 0x00, 0x00,
    0x00, 0x00, 0x00, 0x85, 0x21, 0xb9, 0x85, 0x21, 0xfb, 0x85, 0x21, 0xfb, 0x85, 0x21, 0xfb, 0x85, 0x21, 0xfb, 0x85, 0x21, 0xfb, 0x85, 0x21, 0xfb,
    0x85, 0x21, 0xfb, 0x85, 0x21, 0xfb, 0x85, 0x21, 0xfb, 0x85, 0x21, 0xfb, 0x85, 0x21, 0xfb, 0x85, 0x21, 0xfb, 0x85, 0x21, 0xfb, 0x85, 0x21, 0xfb,
    0x85, 0x21, 0xfc, 0x85, 0x21, 0xff, 0x85, 0x21, 0xff, 0x85, 0x21, 0xe3, 0x00, 0x00, 0x00, 0x00, 0x00, 0x00, 0x00, 0x00, 0x00, 0x00, 0x00, 0x00,
    0x00, 0x00, 0x00, 0x85, 0x21, 0x23, 0x85, 0x21, 0xff, 0x85, 0x21, 0xff, 0x85, 0x21, 0xcb, 0x00, 0x00, 0x00, 0x00, 0x00, 0x00, 0x00, 0x00, 0x00,
    0x00, 0x00, 0x00, 0x00, 0x00, 0x00, 0x00, 0x00, 0x00, 0x00, 0x00, 0x00, 0x00, 0x00, 0x00, 0x00, 0x00, 0x00, 0x00, 0x00, 0x00, 0x00, 0x00, 0x00,
    0x00, 0x00, 0x00, 0x00, 0x00, 0x00, 0x00, 0x00, 0x00, 0x00, 0x00, 0x00, 0x85, 0x21, 0xc7, 0x85, 0x21, 0xff, 0x85, 0x21, 0xff, 0x85, 0x21, 0x27,
    0x00, 0x00, 0x00, 0x00, 0x00, 0x00, 0x00, 0x00, 0x00, 0x00, 0x00, 0x00, 0x00, 0x00, 0x00, 0x85, 0x21, 0x63, 0x85, 0x21, 0xff, 0x85, 0x21, 0xff,
    0x85, 0x21, 0xab, 0x00, 0x00, 0x00, 0x00, 0x00, 0x00, 0x00, 0x00, 0x00, 0x85, 0x21, 0xf3, 0x85, 0x21, 0xff, 0x85, 0x21, 0xff, 0x85, 0x21, 0xff,
    0x85, 0x21, 0xff, 0x85, 0x21, 0xff, 0x85, 0x21, 0xff, 0x85, 0x21, 0xff, 0x85, 0x21, 0xff, 0x85, 0x21, 0xff, 0x85, 0x21, 0x27, 0x00, 0x00, 0x00,
    0x00, 0x00, 0x00, 0x00, 0x00, 0x00, 0x00, 0x00, 0x00, 0x00, 0x00, 0x00, 0x00, 0x00, 0x00, 0x00, 0x00, 0x00, 0x00, 0x00, 0x00, 0x85, 0x21, 0x4c,
    0x85, 0x21, 0x88, 0x85, 0x21, 0xd6, 0x85, 0x21, 0xfe, 0x85, 0x21, 0x77, 0x85, 0x21, 0x6f, 0x85, 0x21, 0x6f, 0x85, 0x21, 0xa4, 0x85, 0x21, 0xff,
    0x85, 0x21, 0xe3, 0x85, 0x21, 0x91, 0x85, 0x21, 0x42, 0x85, 0x21, 0x77, 0x85, 0x21, 0xff, 0x85, 0x21, 0xff, 0x85, 0x21, 0x7f, 0x85, 0x21, 0x05,
    0x00, 0x00, 0x00, 0x00, 0x00, 0x00, 0x00, 0x00, 0x00, 0x00, 0x00, 0x00, 0x00, 0x00, 0x00, 0x00, 0x00, 0x00, 0x00, 0x00, 0x00, 0x00, 0x00, 0x00,
    0x00, 0x00, 0x00, 0x00, 0x00, 0x00, 0x00, 0x00, 0x00, 0x85, 0x21, 0x0e, 0x85, 0x21, 0xc4, 0x85, 0x21, 0xfe, 0x85, 0x21, 0x58, 0x00, 0x00, 0x00,
    0x00, 0x00, 0x00, 0x85, 0x21, 0xbb, 0x85, 0x21, 0xff, 0x85, 0x21, 0xff, 0x85, 0x21, 0x43, 0x00, 0x00, 0x00, 0x85, 0x21, 0x97, 0x85, 0x21, 0xff,
    0x85, 0x21, 0xff, 0x85, 0x21, 0x2f, 0x00, 0x00, 0x00, 0x85, 0x21, 0x97, 0x85, 0x21, 0xff, 0x85, 0x21, 0xff, 0x85, 0x21, 0x6f, 0x00, 0x00, 0x00,
    0x00, 0x00, 0x00, 0x00, 0x00, 0x00, 0x85, 0x21, 0x58, 0x85, 0x21, 0xff, 0x85, 0x21, 0xff, 0x85, 0x21, 0x82, 0x85, 0x21, 0x04, 0x00, 0x00, 0x00,
    0x00, 0x00, 0x00, 0x85, 0x21, 0x92, 0x85, 0x21, 0xbf, 0x85, 0x21, 0xbf, 0x85, 0x21, 0xe3, 0x85, 0x21, 0xff, 0x85, 0x21, 0xff, 0x85, 0x21, 0xd0,
    0x85, 0x21, 0xbf, 0x85, 0x21, 0xbf, 0x85, 0x21, 0xbf, 0x85, 0x21, 0xbf, 0x85, 0x21, 0xbf, 0x85, 0x21, 0xbf, 0x85, 0x21, 0xbf, 0x85, 0x21, 0x44,
    0x00, 0x00, 0x00, 0x00, 0x00, 0x00, 0x00, 0x00, 0x00, 0x00, 0x00, 0x00, 0x00, 0x00, 0x00, 0x00, 0x00, 0x00, 0x85, 0x21, 0x4c, 0x85, 0x21, 0xfb,
    0x85, 0x21, 0xfb, 0x85, 0x21, 0x47, 0x00, 0x00, 0x00, 0x00, 0x00, 0x00, 0x00, 0x00, 0x00, 0x00, 0x00, 0x00, 0x00, 0x00, 0x00, 0x00, 0x00, 0x00,
    0x85, 0x21, 0xd7, 0x85, 0x21, 0xff, 0x85, 0x21, 0xff, 0x85, 0x21, 0x63, 0x00, 0x00, 0x00, 0x00, 0x00, 0x00, 0x00, 0x00, 0x00, 0x00, 0x00, 0x00,
    0x00, 0x00, 0x00, 0x00, 0x00, 0x00, 0x00, 0x00, 0x00, 0x00, 0x00, 0x00, 0x00, 0x00, 0x00, 0x85, 0x21, 0x17, 0x85, 0x21, 0xff, 0x85, 0x21, 0xff,
    0x85, 0x21, 0xeb, 0x00, 0x00, 0x00, 0x00, 0x00, 0x00, 0x00, 0x00, 0x00, 0x85, 0x21, 0x8a, 0x85, 0x21, 0x60, 0x00, 0x00, 0x00, 0x00, 0x00, 0x00,
    0x00, 0x00, 0x00, 0x85, 0x21, 0x83, 0x85, 0x21, 0xff, 0x85, 0x21, 0xff, 0x85, 0x21, 0x5b, 0x00, 0x00, 0x00, 0x85, 0x21, 0xbb, 0x85, 0x21, 0xff,
    0x85, 0x21, 0xff, 0x85, 0x21, 0x2f, 0x00, 0x00, 0x00, 0x00, 0x00, 0x00, 0x00, 0x00, 0x00, 0x00, 0x00, 0x00, 0x00, 0x00, 0x00, 0x00, 0x00, 0x00,
    0x00, 0x00, 0x00, 0x00, 0x00, 0x00, 0x00, 0x00, 0x00, 0x00, 0x00, 0x00, 0x00, 0x00, 0x00, 0x00, 0x00, 0x00, 0x00, 0x00, 0x00, 0x00, 0x00, 0x00,
    0x00, 0x00, 0x00, 0x00, 0x00, 0x00, 0x00, 0x00, 0x00, 0x00, 0x00, 0x00, 0x85, 0x21, 0x3b, 0x85, 0x21, 0xff, 0x85, 0x21, 0xff, 0x85, 0x21, 0xe3,
    0x00, 0x00, 0x00, 0x00, 0x00, 0x00, 0x00, 0x00, 0x00, 0x00, 0x00, 0x00, 0x00, 0x00, 0x00, 0x85, 0x21, 0x23, 0x85, 0x21, 0xff, 0x85, 0x21, 0xff,
    0x85, 0x21, 0xcb, 0x00, 0x00, 0x00, 0x00, 0x00, 0x00, 0x00, 0x00, 0x00, 0x00, 0x00, 0x00, 0x00, 0x00, 0x00, 0x00, 0x00, 0x00, 0x00, 0x00, 0x00,
    0x00, 0x00, 0x00, 0x00, 0x00, 0x00, 0x00, 0x00, 0x00, 0x00, 0x00, 0x00, 0x00, 0x00, 0x00, 0x00, 0x00, 0x00, 0x00, 0x00, 0x00, 0x00, 0x00, 0x00,
    0x85, 0x21, 0xc7, 0x85, 0x21, 0xff, 0x85, 0x21, 0xff, 0x85, 0x21, 0x27, 0x00, 0x00, 0x00, 0x00, 0x00, 0x00, 0x00, 0x00, 0x00, 0x00, 0x00, 0x00,
    0x00, 0x00, 0x00, 0x85, 0x21, 0x63, 0x85, 0x21, 0xff, 0x85, 0x21, 0xff, 0x85, 0x21, 0xab, 0x00, 0x00, 0x00, 0x00, 0x00, 0x00, 0x00, 0x00, 0x00,
    0x85, 0x21, 0xf3, 0x85, 0x21, 0xff, 0x85, 0x21, 0xff, 0x85, 0x21, 0xd5, 0x85, 0x21, 0xcf, 0x85, 0x21, 0xcf, 0x85, 0x21, 0xcf, 0x85, 0x21, 0xcf,
    0x85, 0x21, 0xcf, 0x85, 0x21, 0xcf, 0x85, 0x21, 0x20, 0x00, 0x00, 0x00, 0x00, 0x00, 0x00, 0x00, 0x00, 0x00, 0x00, 0x00, 0x00, 0x00, 0x00, 0x00,
    0x00, 0x00, 0x00, 0x00, 0x00, 0x00, 0x00, 0x00, 0x00, 0x00, 0x00, 0x00, 0x85, 0x21, 0x3f, 0x85, 0x21, 0xff, 0x85, 0x21, 0xff, 0x85, 0x21, 0x49,
    0x00, 0x00, 0x00, 0x00, 0x00, 0x00, 0x85, 0x21, 0xa1, 0x85, 0x21, 0xff, 0x85, 0x21, 0xfe, 0x85, 0x21, 0x26, 0x00, 0x00, 0x00, 0x85, 0x21, 0x77,
    0x85, 0x21, 0xff, 0x85, 0x21, 0xff, 0x85, 0x21, 0x63, 0x00, 0x00, 0x00, 0x00, 0x00, 0x00, 0x00, 0x00, 0x00, 0x00, 0x00, 0x00, 0x00, 0x00, 0x00,
    0x00, 0x00, 0x00, 0x00, 0x00, 0x00, 0x00, 0x00, 0x00, 0x00, 0x00, 0x00, 0x00, 0x00, 0x00, 0x00, 0x00, 0x00, 0x00, 0x00, 0x00, 0x00, 0x00, 0x00,
    0x85, 0x21, 0x0e, 0x85, 0x21, 0x5d, 0x00, 0x00, 0x00, 0x00, 0x00, 0x00, 0x00, 0x00, 0x00, 0x85, 0x21, 0xbb, 0x85, 0x21, 0xff, 0x85, 0x21, 0xff,
    0x85, 0x21, 0x43, 0x00, 0x00, 0x00, 0x85, 0x21, 0x97, 0x85, 0x21, 0xff, 0x85, 0x21, 0xff, 0x85, 0x21, 0x2f, 0x00, 0x00, 0x00, 0x85, 0x21, 0x97,
    0x85, 0x21, 0xff, 0x85, 0x21, 0xff, 0x85, 0x21, 0x6f, 0x00, 0x00, 0x00, 0x00, 0x00, 0x00, 0x00, 0x00, 0x00, 0x85, 0x21, 0xc4, 0x85, 0x21, 0xff,
    0x85, 0x21, 0xf1, 0x85, 0x21, 0x11, 0x85, 0x21, 0x7c, 0x85, 0x21, 0xb1, 0x85, 0x21, 0x20, 0x00, 0x00, 0x00, 0x00, 0x00, 0x00, 0x00, 0x00, 0x00,
    0x85, 0x21, 0xb3, 0x85, 0x21, 0xff, 0x85, 0x21, 0xff, 0x85, 0x21, 0x1b, 0x00, 0x00, 0x00, 0x00, 0x00, 0x00, 0x00, 0x00, 0x00, 0x00, 0x00, 0x00,
    0x00, 0x00, 0x00, 0x00, 0x00, 0x00, 0x00, 0x00, 0x00, 0x00, 0x00, 0x00, 0x00, 0x00, 0x00, 0x00, 0x00, 0x00, 0x00, 0x00, 0x00, 0x00, 0x00, 0x00,
    0x00, 0x00, 0x00, 0x00, 0x00, 0x00, 0x00, 0x00, 0x00, 0x85, 0x21, 0x68, 0x85, 0x21, 0x66, 0x00, 0x00, 0x00, 0x00, 0x00, 0x00, 0x00, 0x00, 0x00,
    0x00, 0x00, 0x00, 0x00, 0x00, 0x00, 0x00, 0x00, 0x00, 0x00, 0x00, 0x00, 0x85, 0x21, 0xd7, 0x85, 0x21, 0xff, 0x85, 0x21, 0xff, 0x85, 0x21, 0x63,
    0x00, 0x00, 0x00, 0x00, 0x00, 0x00, 0x00, 0x00, 0x00, 0x00, 0x00, 0x00, 0x00, 0x00, 0x00, 0x00, 0x00, 0x00, 0x00, 0x00, 0x00, 0x00, 0x00, 0x00,
    0x00, 0x00, 0x00, 0x85, 0x21, 0x0c, 0x85, 0x21, 0xff, 0x85, 0x21, 0xff, 0x85, 0x21, 0xf4, 0x85, 0x21, 0x22, 0x85, 0x21, 0x40, 0x85, 0x21, 0x5d,
    0x85, 0x21, 0x7a, 0x85, 0x21, 0x97, 0x85, 0x21, 0xb4, 0x85, 0x21, 0xd1, 0x85, 0x21, 0x63, 0x85, 0x21, 0x83, 0x85, 0x21, 0xff, 0x85, 0x21, 0xff,
    0x85, 0x21, 0x5b, 0x00, 0x00, 0x00, 0x85, 0x21, 0xbb, 0x85, 0x21, 0xff, 0x85, 0x21, 0xff, 0x85, 0x21, 0x2f, 0x00, 0x00, 0x00, 0x00, 0x00, 0x00,
    0x00, 0x00, 0x00, 0x00, 0x00, 0x00, 0x85, 0x21, 0x23, 0x85, 0x21, 0x2f, 0x85, 0x21, 0x2f, 0x85, 0x21, 0x11, 0x00, 0x00, 0x00, 0x00, 0x00, 0x00,
    0x00, 0x00, 0x00, 0x00, 0x00, 0x00, 0x00, 0x00, 0x00, 0x00, 0x00, 0x00, 0x00, 0x00, 0x00, 0x00, 0x00, 0x00, 0x00, 0x00, 0x00, 0x00, 0x00, 0x00,
    0x85, 0x21, 0x3b, 0x85, 0x21, 0xff, 0x85, 0x21, 0xff, 0x85, 0x21, 0xe3, 0x00, 0x00, 0x00, 0x00, 0x00, 0x00, 0x00, 0x00, 0x00, 0x00, 0x00, 0x00,
    0x00, 0x00, 0x00, 0x85, 0x21, 0x23, 0x85, 0x21, 0xff, 0x85, 0x21, 0xff, 0x85, 0x21, 0xcb, 0x00, 0x00, 0x00, 0x85, 0x21, 0x67, 0x85, 0x21, 0x83,
    0x85, 0x21, 0x83, 0x85, 0x21, 0x83, 0x85, 0x21, 0x83, 0x85, 0x21, 0x83, 0x85, 0x21, 0x83, 0x85, 0x21, 0x83, 0x85, 0x21, 0x83, 0x85, 0x21, 0x83,
    0x85, 0x21, 0x83, 0x85, 0x21, 0x83, 0x85, 0x21, 0x60, 0x00, 0x00, 0x00, 0x85, 0x21, 0xc7, 0x85, 0x21, 0xff, 0x85, 0x21, 0xff, 0x85, 0x21, 0x27,
    0x00, 0x00, 0x00, 0x00, 0x00, 0x00, 0x00, 0x00, 0x00, 0x00, 0x00, 0x00, 0x00, 0x00, 0x00, 0x85, 0x21, 0x63, 0x85, 0x21, 0xff, 0x85, 0x21, 0xff,
    0x85, 0x21, 0xab, 0x00, 0x00, 0x00, 0x00, 0x00, 0x00, 0x00, 0x00, 0x00, 0x85, 0x21, 0xf3, 0x85, 0x21, 0xff, 0x85, 0x21, 0xff, 0x85, 0x21, 0x1b,
    0x00, 0x00, 0x00, 0x00, 0x00, 0x00, 0x00, 0x00, 0x00, 0x00, 0x00, 0x00, 0x00, 0x00, 0x00, 0x00, 0x00, 0x00, 0x00, 0x00, 0x00, 0x00, 0x00, 0x00,
    0x00, 0x00, 0x00, 0x00, 0x00, 0x00, 0x00, 0x00, 0x00, 0x00, 0x00, 0x00, 0x00, 0x00, 0x00, 0x00, 0x00, 0x00, 0x00, 0x00, 0x00, 0x00, 0x00, 0x00,
    0x85, 0x21, 0x04, 0x85, 0x21, 0xf1, 0x85, 0x21, 0xff, 0x85, 0x21, 0x96, 0x00, 0x00, 0x00, 0x85, 0x21, 0x07, 0x85, 0x21, 0xf0, 0x85, 0x21, 0xff,
    0x85, 0x21, 0xb7, 0x00, 0x00, 0x00, 0x00, 0x00, 0x00, 0x85, 0x21, 0x77, 0x85, 0x21, 0xff, 0x85, 0x21, 0xff, 0x85, 0x21, 0x63, 0x00, 0x00, 0x00,
    0x00, 0x00, 0x00, 0x00, 0x00, 0x00, 0x00, 0x00, 0x00, 0x00, 0x00, 0x00, 0x00, 0x00, 0x00, 0x00, 0x00, 0x00, 0x00, 0x00, 0x00, 0x00, 0x00, 0x00,
    0x00, 0x00, 0x00, 0x00, 0x00, 0x00, 0x00, 0x00, 0x00, 0x00, 0x00, 0x00, 0x00, 0x00, 0x00, 0x00, 0x00, 0x00, 0x00, 0x00, 0x00, 0x00, 0x00, 0x00,
    0x00, 0x00, 0x00, 0x85, 0x21, 0xbb, 0x85, 0x21, 0xff, 0x85, 0x21, 0xff, 0x85, 0x21, 0x43, 0x00, 0x00, 0x00, 0x85, 0x21, 0x97, 0x85, 0x21, 0xff,
    0x85, 0x21, 0xff, 0x85, 0x21, 0x2f, 0x00, 0x00, 0x00, 0x85, 0x21, 0x97, 0x85, 0x21, 0xff, 0x85, 0x21, 0xff, 0x85, 0x21, 0x6f, 0x00, 0x00, 0x00,
    0x00, 0x00, 0x00, 0x85, 0x21, 0x47, 0x85, 0x21, 0xff, 0x85, 0x21, 0xff, 0x85, 0x21, 0x81, 0x85, 0x21, 0x07, 0x85, 0x21, 0xe8, 0x85, 0x21, 0xff,
    0x85, 0x21, 0xf3, 0x85, 0x21, 0x11, 0x00, 0x00, 0x00, 0x00, 0x00, 0x00, 0x85, 0x21, 0xeb, 0x85, 0x21, 0xff, 0x85, 0x21, 0xe0, 0x00, 0x00, 0x00,
    0x00, 0x00, 0x00, 0x00, 0x00, 0x00, 0x00, 0x00, 0x00, 0x00, 0x00, 0x00, 0x00, 0x00, 0x00, 0x00, 0x00, 0x00, 0x00, 0x00, 0x00, 0x00, 0x00, 0x00,
    0x00, 0x00, 0x00, 0x00, 0x00, 0x00, 0x00, 0x00, 0x00, 0x00, 0x00, 0x00, 0x00, 0x00, 0x00, 0x00, 0x00, 0x00, 0x00, 0x00, 0x00, 0x00, 0x00, 0x00,
    0x00, 0x00, 0x00, 0x00, 0x00, 0x00, 0x00, 0x00, 0x00, 0x00, 0x00, 0x00, 0x00, 0x00, 0x00, 0x00, 0x00, 0x00, 0x00, 0x00, 0x00, 0x00, 0x00, 0x00,
    0x85, 0x21, 0xd7, 0x85, 0x21, 0xff, 0x85, 0x21, 0xff, 0x85, 0x21, 0x63, 0x00, 0x00, 0x00, 0x00, 0x00, 0x00, 0x00, 0x00, 0x00, 0x00, 0x00, 0x00,
    0x00, 0x00, 0x00, 0x00, 0x00, 0x00, 0x85, 0x21, 0x20, 0x85, 0x21, 0x70, 0x85, 0x21, 0x8e, 0x85, 0x21, 0xae, 0x85, 0x21, 0xff, 0x85, 0x21, 0xff,
    0x85, 0x21, 0xff, 0x85, 0x21, 0xff, 0x85, 0x21, 0xff, 0x85, 0x21, 0xff, 0x85, 0x21, 0xff, 0x85, 0x21, 0xff, 0x85, 0x21, 0xff, 0x85, 0x21, 0xff,
    0x85, 0x21, 0x84, 0x85, 0x21, 0x83, 0x85, 0x21, 0xff, 0x85, 0x21, 0xff, 0x85, 0x21, 0x5b, 0x00, 0x00, 0x00, 0x85, 0x21, 0xbb, 0x85, 0x21, 0xff,
    0x85, 0x21, 0xff, 0x85, 0x21, 0x2f, 0x00, 0x00, 0x00, 0x00, 0x00, 0x00, 0x00, 0x00, 0x00, 0x00, 0x00, 0x00, 0x85, 0x21, 0xbb, 0x85, 0x21, 0xff,
    0x85, 0x21, 0xff, 0x85, 0x21, 0x5b, 0x00, 0x00, 0x00, 0x00, 0x00, 0x00, 0x00, 0x00, 0x00, 0x00, 0x00, 0x00, 0x00, 0x00, 0x00, 0x00, 0x00, 0x00,
    0x00, 0x00, 0x00, 0x00, 0x00, 0x00, 0x00, 0x00, 0x00, 0x00, 0x00, 0x00, 0x85, 0x21, 0x3b, 0x85, 0x21, 0xff, 0x85, 0x21, 0xff, 0x85, 0x21, 0xe3,
    0x00, 0x00, 0x00, 0x00, 0x00, 0x00, 0x00, 0x00, 0x00, 0x00, 0x00, 0x00, 0x00, 0x00, 0x00, 0x85, 0x21, 0x23, 0x85, 0x21, 0xff, 0x85, 0x21, 0xff,
    0x85, 0x21, 0xcb, 0x00, 0x00, 0x00, 0x85, 0x21, 0xc7, 0x85, 0x21, 0xff, 0x85, 0x21, 0xff, 0x85, 0x21, 0xff, 0x85, 0x21, 0xff, 0x85, 0x21, 0xff,
    0x85, 0x21, 0xff, 0x85, 0x21, 0xff, 0x85, 0x21, 0xff, 0x85, 0x21, 0xff, 0x85, 0x21, 0xff, 0x85, 0x21, 0xff, 0x85, 0x21, 0xbb, 0x00, 0x00, 0x00,
    0x85, 0x21, 0xc7, 0x85, 0x21, 0xff, 0x85, 0x21, 0xff, 0x85, 0x21, 0x27, 0x00, 0x00, 0x00, 0x00, 0x00, 0x00, 0x00, 0x00, 0x00, 0x00, 0x00, 0x00,
    0x00, 0x00, 0x00, 0x85, 0x21, 0x63, 0x85, 0x21, 0xff, 0x85, 0x21, 0xff, 0x85, 0x21, 0xab, 0x00, 0x00, 0x00, 0x00, 0x00, 0x00, 0x00, 0x00, 0x00,
    0x85, 0x21, 0xf3, 0x85, 0x21, 0xff, 0x85, 0x21, 0xff, 0x85, 0x21, 0x1b, 0x00, 0x00, 0x00, 0x00, 0x00, 0x00, 0x00, 0x00, 0x00, 0x00, 0x00, 0x00,
    0x00, 0x00, 0x00, 0x00, 0x00, 0x00, 0x00, 0x00, 0x00, 0x00, 0x00, 0x00, 0x00, 0x00, 0x00, 0x00, 0x00, 0x00, 0x00, 0x00, 0x00, 0x00, 0x00, 0x00,
    0x00, 0x00, 0x00, 0x00, 0x00, 0x00, 0x00, 0x00, 0x00, 0x85, 0x21, 0x6e, 0x85, 0x21, 0x6f, 0x85, 0x21, 0xda, 0x85, 0x21, 0xf5, 0x85, 0x21, 0xab,
    0x85, 0x21, 0x6f, 0x85, 0x21, 0x79, 0x85, 0x21, 0xc5, 0x85, 0x21, 0xf6, 0x85, 0x21, 0xa4, 0x85, 0x21, 0x6f, 0x85, 0x21, 0x59, 0x85, 0x21, 0x77,
    0x85, 0x21, 0xff, 0x85, 0x21, 0xff, 0x85, 0x21, 0x63, 0x00, 0x00, 0x00, 0x00, 0x00, 0x00, 0x00, 0x00, 0x00, 0x00, 0x00, 0x00, 0x00, 0x00, 0x00,
    0x00, 0x00, 0x00, 0x00, 0x00, 0x00, 0x00, 0x00, 0x00, 0x85, 0x21, 0x2c, 0x85, 0x21, 0xdb, 0x85, 0x21, 0xdb, 0x85, 0x21, 0xdb, 0x85, 0x21, 0xdb,
    0x85, 0x21, 0xdb, 0x85, 0x21, 0x82, 0x00, 0x00, 0x00, 0x00, 0x00, 0x00, 0x00, 0x00, 0x00, 0x85, 0x21, 0xbb, 0x85, 0x21, 0xff, 0x85, 0x21, 0xff,
    0x85, 0x21, 0x43, 0x00, 0x00, 0x00, 0x85, 0x21, 0x97, 0x85, 0x21, 0xff, 0x85, 0x21, 0xff, 0x85, 0x21, 0x2f, 0x00, 0x00, 0x00, 0x85, 0x21, 0x97,
    0x85, 0x21, 0xff, 0x85, 0x21, 0xff, 0x85, 0x21, 0x6f, 0x00, 0x00, 0x00, 0x85, 0x21, 0x25, 0x85, 0x21, 0xdf, 0x85, 0x21, 0xff, 0x85, 0x21, 0xff,
    0x85, 0x21, 0x78, 0x85, 0x21, 0x9f, 0x85, 0x21, 0xff, 0x85, 0x21, 0xff, 0x85, 0x21, 0xa0, 0x85, 0x21, 0x5b, 0x85, 0x21, 0xff, 0x85, 0x21, 0xff,
    0x85, 0x21, 0xff, 0x85, 0x21, 0xff, 0x85, 0x21, 0xff, 0x85, 0x21, 0xff, 0x85, 0x21, 0xff, 0x85, 0x21, 0xff, 0x85, 0x21, 0x57, 0x00, 0x00, 0x00,
    0x00, 0x00, 0x00, 0x00, 0x00, 0x00, 0x00, 0x00, 0x00, 0x00, 0x00, 0x00, 0x00, 0x00, 0x00, 0x85, 0x21, 0x0f, 0x85, 0x21, 0xf7, 0x85, 0x21, 0xf7,
    0x85, 0x21, 0xf7, 0x85, 0x21, 0xf7, 0x85, 0x21, 0xf7, 0x85, 0x21, 0xf7, 0x85, 0x21, 0x9e, 0x00, 0x00, 0x00, 0x85, 0x21, 0x17, 0x85, 0x21, 0x1b,
    0x85, 0x21, 0x1b, 0x85, 0x21, 0x1b, 0x85, 0x21, 0x1b, 0x85, 0x21, 0x1b, 0x85, 0x21, 0xdc, 0x85, 0x21, 0xff, 0x85, 0x21, 0xff, 0x85, 0x21, 0x75,
    0x85, 0x21, 0x1b, 0x85, 0x21, 0x1b, 0x85, 0x21, 0x1b, 0x85, 0x21, 0x1b, 0x85, 0x21, 0x1b, 0x85, 0x21, 0x04, 0x85, 0x21, 0x47, 0x85, 0x21, 0xff,
    0x85, 0x21, 0xff, 0x85, 0x21, 0xff, 0x85, 0x21, 0xff, 0x85, 0x21, 0xff, 0x85, 0x21, 0xff, 0x85, 0x21, 0xff, 0x85, 0x21, 0xff, 0x85, 0x21, 0xff,
    0x85, 0x21, 0xff, 0x85, 0x21, 0xff, 0x85, 0x21, 0xff, 0x85, 0x21, 0xff, 0x85, 0x21, 0x9a, 0x85, 0x21, 0x83, 0x85, 0x21, 0xff, 0x85, 0x21, 0xff,
    0x85, 0x21, 0x5b, 0x00, 0x00, 0x00, 0x85, 0x21, 0xbb, 0x85, 0x21, 0xff, 0x85, 0x21, 0xff, 0x85, 0x21, 0x2f, 0x00, 0x00, 0x00, 0x00, 0x00, 0x00,
    0x00, 0x00, 0x00, 0x00, 0x00, 0x00, 0x85, 0x21, 0xbb, 0x85, 0x21, 0xff, 0x85, 0x21, 0xff, 0x85, 0x21, 0x5b, 0x00, 0x00, 0x00, 0x00, 0x00, 0x00,
    0x00, 0x00, 0x00, 0x00, 0x00, 0x00, 0x00, 0x00, 0x00, 0x00, 0x00, 0x00, 0x00, 0x00, 0x00, 0x00, 0x00, 0x00, 0x00, 0x00, 0x00, 0x00, 0x00, 0x00,
    0x85, 0x21, 0x3b, 0x85, 0x21, 0xff, 0x85, 0x21, 0xff, 0x85, 0x21, 0xe3, 0x00, 0x00, 0x00, 0x00, 0x00, 0x00, 0x00, 0x00, 0x00, 0x00, 0x00, 0x00,
    0x00, 0x00, 0x00, 0x85, 0x21, 0x23, 0x85, 0x21, 0xff, 0x85, 0x21, 0xff, 0x85, 0x21, 0xcb, 0x00, 0x00, 0x00, 0x85, 0x21, 0xc7, 0x85, 0x21, 0xff,
    0x85, 0x21, 0xff, 0x85, 0x21, 0xff, 0x85, 0x21, 0xff, 0x85, 0x21, 0xff, 0x85, 0x21, 0xff, 0x85, 0x21, 0xff, 0x85, 0x21, 0xff, 0x85, 0x21, 0xff,
    0x85, 0x21, 0xff, 0x85, 0x21, 0xff, 0x85, 0x21, 0xbb, 0x00, 0x00, 0x00, 0x85, 0x21, 0xc7, 0x85, 0x21, 0xff, 0x85, 0x21, 0xff, 0x85, 0x21, 0x27,
    0x00, 0x00, 0x00, 0x00, 0x00, 0x00, 0x85, 0x21, 0xcf, 0x85, 0x21, 0xff, 0x85, 0x21, 0xff, 0x85, 0x21, 0xff, 0x85, 0x21, 0xff, 0x85, 0x21, 0xff,
    0x85, 0x21, 0xff, 0x85, 0x21, 0xff, 0x85, 0x21, 0xff, 0x85, 0x21, 0xff, 0x85, 0x21, 0xff, 0x85, 0x21, 0xff, 0x85, 0x21, 0xff, 0x85, 0x21, 0xff,
    0x85, 0x21, 0xff, 0x85, 0x21, 0xff, 0x85, 0x21, 0xff, 0x85, 0x21, 0xff, 0x85, 0x21, 0xff, 0x85, 0x21, 0xff, 0x85, 0x21, 0xff, 0x85, 0x21, 0xff,
    0x85, 0x21, 0xc7, 0x00, 0x00, 0x00, 0x00, 0x00, 0x00, 0x00, 0x00, 0x00, 0x00, 0x00, 0x00, 0x00, 0x00, 0x00, 0x00, 0x00, 0x00, 0x85, 0x21, 0xfb,
    0x85, 0x21, 0xff, 0x85, 0x21, 0xff, 0x85, 0x21, 0xff, 0x85, 0x21, 0xff, 0x85, 0x21, 0xff, 0x85, 0x21, 0xff, 0x85, 0x21, 0xff, 0x85, 0x21, 0xff,
    0x85, 0x21, 0xff, 0x85, 0x21, 0xff, 0x85, 0x21, 0xcb, 0x85, 0x21, 0x77, 0x85, 0x21, 0xff, 0x85, 0x21, 0xff, 0x85, 0x21, 0xff, 0x85, 0x21, 0xff,
    0x85, 0x21, 0xff, 0x85, 0x21, 0xff, 0x85, 0x21, 0xff, 0x85, 0x21, 0xff, 0x85, 0x21, 0xff, 0x85, 0x21, 0xff, 0x85, 0x21, 0x37, 0x85, 0x21, 0x33,
    0x85, 0x21, 0xff, 0x85, 0x21, 0xff, 0x85, 0x21, 0xff, 0x85, 0x21, 0xff, 0x85, 0x21, 0xff, 0x85, 0x21, 0x97, 0x00, 0x00, 0x00, 0x00, 0x00, 0x00,
    0x00, 0x00, 0x00, 0x85, 0x21, 0xbc, 0x85, 0x21, 0xff, 0x85, 0x21, 0xff, 0x85, 0x21, 0x43, 0x00, 0x00, 0x00, 0x85, 0x21, 0x97, 0x85, 0x21, 0xff,
    0x85, 0x21, 0xff, 0x85, 0x21, 0x2f, 0x00, 0x00, 0x00, 0x85, 0x21, 0x97, 0x85, 0x21, 0xff, 0x85, 0x21, 0xff, 0x85, 0x21, 0x6f, 0x00, 0x00, 0x00,
    0x85, 0x21, 0x34, 0x85, 0x21, 0xff, 0x85, 0x21, 0xff, 0x85, 0x21, 0xff, 0x85, 0x21, 0xff, 0x85, 0x21, 0xff, 0x85, 0x21, 0xff, 0x85, 0x21, 0xf9,
    0x85, 0x21, 0x20, 0x85, 0x21, 0x5b, 0x85, 0x21, 0xff, 0x85, 0x21, 0xff, 0x85, 0x21, 0xff, 0x85, 0x21, 0xff, 0x85, 0x21, 0xff, 0x85, 0x21, 0xff,
    0x85, 0x21, 0xff, 0x85, 0x21, 0xff, 0x85, 0x21, 0x57, 0x00, 0x00, 0x00, 0x00, 0x00, 0x00, 0x00, 0x00, 0x00, 0x00, 0x00, 0x00, 0x00, 0x00, 0x00,
    0x00, 0x00, 0x00, 0x85, 0x21, 0x0f, 0x85, 0x21, 0xff, 0x85, 0x21, 0xff, 0x85, 0x21, 0xff, 0x85, 0x21, 0xff, 0x85, 0x21, 0xff, 0x85, 0x21, 0xff,
    0x85, 0x21, 0xa3, 0x00, 0x00, 0x00, 0x85, 0x21, 0xd3, 0x85, 0x21, 0xff, 0x85, 0x21, 0xff, 0x85, 0x21, 0xff, 0x85, 0x21, 0xff, 0x85, 0x21, 0xff,
    0x85, 0x21, 0xff, 0x85, 0x21, 0xff, 0x85, 0x21, 0xff, 0x85, 0x21, 0xff, 0x85, 0x21, 0xff, 0x85, 0x21, 0xff, 0x85, 0x21, 0xff, 0x85, 0x21, 0xff,
    0x85, 0x21, 0xff, 0x85, 0x21, 0x27, 0x85, 0x21, 0x2f, 0x85, 0x21, 0xff, 0x85, 0x21, 0xff, 0x85, 0x21, 0xff, 0x85, 0x21, 0xff, 0x85, 0x21, 0xff,
    0x85, 0x21, 0xff, 0x85, 0x21, 0xe9, 0x85, 0x21, 0xc6, 0x85, 0x21, 0xa8, 0x85, 0x21, 0x8a, 0x85, 0x21, 0x6b, 0x85, 0x21, 0x4d, 0x85, 0x21, 0x2f,
    0x85, 0x21, 0x0e, 0x85, 0x21, 0x83, 0x85, 0x21, 0xff, 0x85, 0x21, 0xff, 0x85, 0x21, 0x5b, 0x00, 0x00, 0x00, 0x85, 0x21, 0xbb, 0x85, 0x21, 0xff,
    0x85, 0x21, 0xff, 0x85, 0x21, 0x2f, 0x00, 0x00, 0x00, 0x00, 0x00, 0x00, 0x00, 0x00, 0x00, 0x00, 0x00, 0x00, 0x85, 0x21, 0xbb, 0x85, 0x21, 0xff,
    0x85, 0x21, 0xff, 0x85, 0x21, 0x5b, 0x00, 0x00, 0x00, 0x00, 0x00, 0x00, 0x00, 0x00, 0x00, 0x00, 0x00, 0x00, 0x00, 0x00, 0x00, 0x00, 0x00, 0x00,
    0x00, 0x00, 0x00, 0x00, 0x00, 0x00, 0x00, 0x00, 0x00, 0x00, 0x00, 0x00, 0x85, 0x21, 0x3b, 0x85, 0x21, 0xff, 0x85, 0x21, 0xff, 0x85, 0x21, 0xe3,
    0x00, 0x00, 0x00, 0x00, 0x00, 0x00, 0x00, 0x00, 0x00, 0x00, 0x00, 0x00, 0x00, 0x00, 0x00, 0x85, 0x21, 0x23, 0x85, 0x21, 0xff, 0x85, 0x21, 0xff,
    0x85, 0x21, 0xcb, 0x00, 0x00, 0x00, 0x00, 0x00, 0x00, 0x00, 0x00, 0x00, 0x00, 0x00, 0x00, 0x00, 0x00, 0x00, 0x00, 0x00, 0x00, 0x00, 0x00, 0x00,
    0x00, 0x00, 0x00, 0x00, 0x00, 0x00, 0x00, 0x00, 0x00, 0x00, 0x00, 0x00, 0x00, 0x00, 0x00, 0x00, 0x00, 0x00, 0x00, 0x00, 0x00, 0x00, 0x00, 0x00,
    0x85, 0x21, 0xc7, 0x85, 0x21, 0xff, 0x85, 0x21, 0xff, 0x85, 0x21, 0x27, 0x00, 0x00, 0x00, 0x00, 0x00, 0x00, 0x85, 0x21, 0xcf, 0x85, 0x21, 0xff,
    0x85, 0x21, 0xff, 0x85, 0x21, 0xff, 0x85, 0x21, 0xff, 0x85, 0x21, 0xff, 0x85, 0x21, 0xff, 0x85, 0x21, 0xff, 0x85, 0x21, 0xff, 0x85, 0x21, 0xff,
    0x85, 0x21, 0xff, 0x85, 0x21, 0xff, 0x85, 0x21, 0xff, 0x85, 0x21, 0xff, 0x85, 0x21, 0xff, 0x85, 0x21, 0xff, 0x85, 0x21, 0xff, 0x85, 0x21, 0xff,
    0x85, 0x21, 0xff, 0x85, 0x21, 0xff, 0x85, 0x21, 0xff, 0x85, 0x21, 0xff, 0x85, 0x21, 0xc7, 0x00, 0x00, 0x00, 0x00, 0x00, 0x00, 0x00, 0x00, 0x00,
    0x00, 0x00, 0x00, 0x00, 0x00, 0x00, 0x00, 0x00, 0x00, 0x85, 0x21, 0xfb, 0x85, 0x21, 0xff, 0x85, 0x21, 0xff, 0x85, 0x21, 0xff, 0x85, 0x21, 0xff,
    0x85, 0x21, 0xff, 0x85, 0x21, 0xff, 0x85, 0x21, 0xff, 0x85, 0x21, 0xff, 0x85, 0x21, 0xff, 0x85, 0x21, 0xff, 0x85, 0x21, 0xcb, 0x85, 0x21, 0x77,
    0x85, 0x21, 0xff, 0x85, 0x21, 0xff, 0x85, 0x21, 0xff, 0x85, 0x21, 0xff, 0x85, 0x21, 0xff, 0x85, 0x21, 0xff, 0x85, 0x21, 0xff, 0x85, 0x21, 0xff,
    0x85, 0x21, 0xff, 0x85, 0x21, 0xff, 0x85, 0x21, 0x37, 0x85, 0x21, 0x33, 0x85, 0x21, 0xff, 0x85, 0x21, 0xff, 0x85, 0x21, 0xff, 0x85, 0x21, 0xff,
    0x85, 0x21, 0xff, 0x85, 0x21, 0x97, 0x00, 0x00, 0x00, 0x00, 0x00, 0x00, 0x00, 0x00, 0x00, 0x85, 0x21, 0xc1, 0x85, 0x21, 0xff, 0x85, 0x21, 0xff,
    0x85, 0x21, 0x40, 0x00, 0x00, 0x00, 0x85, 0x21, 0x97, 0x85, 0x21, 0xff, 0x85, 0x21, 0xff, 0x85, 0x21, 0x2f, 0x00, 0x00, 0x00, 0x85, 0x21, 0x97,
    0x85, 0x21, 0xff, 0x85, 0x21, 0xff, 0x85, 0x21, 0x6f, 0x00, 0x00, 0x00, 0x00, 0x00, 0x00, 0x85, 0x21, 0xda, 0x85, 0x21, 0xff, 0x85, 0x21, 0xff,
    0x85, 0x21, 0xff, 0x85, 0x21, 0xff, 0x85, 0x21, 0xff, 0x85, 0x21, 0x91, 0x00, 0x00, 0x00, 0x85, 0x21, 0x44, 0x85, 0x21, 0xc0, 0x85, 0x21, 0xfe,
    0x85, 0x21, 0xff, 0x85, 0x21, 0xef, 0x85, 0x21, 0xbf, 0x85, 0x21, 0xe3, 0x85, 0x21, 0xff, 0x85, 0x21, 0xff, 0x85, 0x21, 0x57, 0x00, 0x00, 0x00,
    0x00, 0x00, 0x00, 0x00, 0x00, 0x00, 0x00, 0x00, 0x00, 0x00, 0x00, 0x00, 0x00, 0x00, 0x00, 0x85, 0x21, 0x0f, 0x85, 0x21, 0xff, 0x85, 0x21, 0xff,
    0x85, 0x21, 0xff, 0x85, 0x21, 0xff, 0x85, 0x21, 0xff, 0x85, 0x21, 0xff, 0x85, 0x21, 0xa3, 0x00, 0x00, 0x00, 0x85, 0x21, 0xd3, 0x85, 0x21, 0xff,
    0x85, 0x21, 0xff, 0x85, 0x21, 0xff, 0x85, 0x21, 0xff, 0x85, 0x21, 0xff, 0x85, 0x21, 0xff, 0x85, 0x21, 0xff, 0x85, 0x21, 0xff, 0x85, 0x21, 0xff,
    0x85, 0x21, 0xff, 0x85, 0x21, 0xff, 0x85, 0x21, 0xff, 0x85, 0x21, 0xff, 0x85, 0x21, 0xff, 0x85, 0x21, 0x27, 0x85, 0x21, 0x12, 0x85, 0x21, 0x97,
    0x85, 0x21, 0x79, 0x85, 0x21, 0x5b, 0x85, 0x21, 0xbf, 0x85, 0x21, 0xff, 0x85, 0x21, 0xff, 0x85, 0x21, 0x58, 0x00, 0x00, 0x00, 0x00, 0x00, 0x00,
    0x85, 0x21, 0x63, 0x85, 0x21, 0xbe, 0x85, 0x21, 0x8b, 0x85, 0x21, 0x33, 0x00, 0x00, 0x00, 0x85, 0x21, 0x83, 0x85, 0x21, 0xff, 0x85, 0x21, 0xff,
    0x85, 0x21, 0x5b, 0x00, 0x00, 0x00, 0x85, 0x21, 0xbb, 0x85, 0x21, 0xff, 0x85, 0x21, 0xff, 0x85, 0x21, 0x2f, 0x00, 0x00, 0x00, 0x00, 0x00, 0x00,
    0x00, 0x00, 0x00, 0x00, 0x00, 0x00, 0x85, 0x21, 0xbb, 0x85, 0x21, 0xff, 0x85, 0x21, 0xff, 0x85, 0x21, 0xf5, 0x85, 0x21, 0xef, 0x85, 0x21, 0xef,
    0x85, 0x21, 0xef, 0x85, 0x21, 0xef, 0x85, 0x21, 0xef, 0x85, 0x21, 0xef, 0x85, 0x21, 0xef, 0x85, 0x21, 0xef, 0x85, 0x21, 0xef, 0x85, 0x21, 0xef,
    0x85, 0x21, 0xf3, 0x85, 0x21, 0xff, 0x85, 0x21, 0xff, 0x85, 0x21, 0xe3, 0x00, 0x00, 0x00, 0x00, 0x00, 0x00, 0x00, 0x00, 0x00, 0x00, 0x00, 0x00,
    0x00, 0x00, 0x00, 0x85, 0x21, 0x23, 0x85, 0x21, 0xff, 0x85, 0x21, 0xff, 0x85, 0x21, 0xcb, 0x00, 0x00, 0x00, 0x00, 0x00, 0x00, 0x00, 0x00, 0x00,
    0x00, 0x00, 0x00, 0x00, 0x00, 0x00, 0x00, 0x00, 0x00, 0x00, 0x00, 0x00, 0x00, 0x00, 0x00, 0x00, 0x00, 0x00, 0x00, 0x00, 0x00, 0x00, 0x00, 0x00,
    0x00, 0x00, 0x00, 0x00, 0x00, 0x00, 0x00, 0x00, 0x00, 0x00, 0x00, 0x00, 0x85, 0x21, 0xc7, 0x85, 0x21, 0xff, 0x85, 0x21, 0xff, 0x85, 0x21, 0x27,
    0x00, 0x00, 0x00, 0x00, 0x00, 0x00, 0x85, 0x21, 0xac, 0x85, 0x21, 0xd3, 0x85, 0x21, 0xd3, 0x85, 0x21, 0xd3, 0x85, 0x21, 0xd3, 0x85, 0x21, 0xd3,
    0x85, 0x21, 0xd3, 0x85, 0x21, 0xd3, 0x85, 0x21, 0xd3, 0x85, 0x21, 0xd3, 0x85, 0x21, 0xfd, 0x85, 0x21, 0xff, 0x85, 0x21, 0xff, 0x85, 0x21, 0xd6,
    0x85, 0x21, 0xd3, 0x85, 0x21, 0xd3, 0x85, 0x21, 0xd3, 0x85, 0x21, 0xd3, 0x85, 0x21, 0xd3, 0x85, 0x21, 0xd3, 0x85, 0x21, 0xd3, 0x85, 0x21, 0xd3,
    0x85, 0x21, 0xa5, 0x00, 0x00, 0x00, 0x00, 0x00, 0x00, 0x00, 0x00, 0x00, 0x00, 0x00, 0x00, 0x00, 0x00, 0x00, 0x00, 0x00, 0x00, 0x00, 0x00, 0x00,
    0x00, 0x00, 0x00, 0x00, 0x00, 0x00, 0x00, 0x00, 0x00, 0x85, 0x21, 0x7b, 0x85, 0x21, 0xff, 0x85, 0x21, 0xff, 0x85, 0x21, 0x6b, 0x00, 0x00, 0x00,
    0x00, 0x00, 0x00, 0x00, 0x00, 0x00, 0x00, 0x00, 0x00, 0x85, 0x21, 0x7a, 0x85, 0x21, 0xff, 0x85, 0x21, 0xff, 0x85, 0x21, 0xdd, 0x85, 0x21, 0xc7,
    0x85, 0x21, 0xcd, 0x85, 0x21, 0xff, 0x85, 0x21, 0xff, 0x85, 0x21, 0xf7, 0x85, 0x21, 0xc7, 0x85, 0x21, 0xc7, 0x85, 0x21, 0x2b, 0x00, 0x00, 0x00,
    0x00, 0x00, 0x00, 0x00, 0x00, 0x00, 0x85, 0x21, 0x47, 0x85, 0x21, 0xff, 0x85, 0x21, 0xff, 0x85, 0x21, 0x97, 0x00, 0x00, 0x00, 0x00, 0x00, 0x00,
    0x00, 0x00, 0x00, 0x85, 0x21, 0xc9, 0x85, 0x21, 0xff, 0x85, 0x21, 0xff, 0x85, 0x21, 0x3b, 0x00, 0x00, 0x00, 0x85, 0x21, 0x97, 0x85, 0x21, 0xff,
    0x85, 0x21, 0xff, 0x85, 0x21, 0x2f, 0x00, 0x00, 0x00, 0x85, 0x21, 0x97, 0x85, 0x21, 0xff, 0x85, 0x21, 0xff, 0x85, 0x21, 0x6f, 0x00, 0x00, 0x00,
    0x00, 0x00, 0x00, 0x85, 0x21, 0x50, 0x85, 0x21, 0x4b, 0x85, 0x21, 0x38, 0x85, 0x21, 0xf5, 0x85, 0x21, 0xff, 0x85, 0x21, 0xe6, 0x85, 0x21, 0x10,
    0x00, 0x00, 0x00, 0x00, 0x00, 0x00, 0x85, 0x21, 0x56, 0x85, 0x21, 0xff, 0x85, 0x21, 0xff, 0x85, 0x21, 0x6e, 0x00, 0x00, 0x00, 0x85, 0x21, 0x8f,
    0x85, 0x21, 0xff, 0x85, 0x21, 0xff, 0x85, 0x21, 0x57, 0x00, 0x00, 0x00, 0x00, 0x00, 0x00, 0x00, 0x00, 0x00, 0x00, 0x00, 0x00, 0x00, 0x00, 0x00,
    0x00, 0x00, 0x00, 0x00, 0x00, 0x00, 0x00, 0x00, 0x00, 0x00, 0x00, 0x00, 0x00, 0x00, 0x00, 0x85, 0x21, 0x67, 0x85, 0x21, 0xff, 0x85, 0x21, 0xff,
    0x85, 0x21, 0xa3, 0x00, 0x00, 0x00, 0x85, 0x21, 0xd3, 0x85, 0x21, 0xff, 0x85, 0x21, 0xff, 0x85, 0x21, 0xff, 0x85, 0x21, 0xff, 0x85, 0x21, 0xff,
    0x85, 0x21, 0xff, 0x85, 0x21, 0xff, 0x85, 0x21, 0xff, 0x85, 0x21, 0xff, 0x85, 0x21, 0xff, 0x85, 0x21, 0xff, 0x85, 0x21, 0xff, 0x85, 0x21, 0xff,
    0x85, 0x21, 0xff, 0x85, 0x21, 0x27, 0x00, 0x00, 0x00, 0x00, 0x00, 0x00, 0x00, 0x00, 0x00, 0x00, 0x00, 0x00, 0x85, 0x21, 0x85, 0x85, 0x21, 0xff,
    0x85, 0x21, 0xff, 0x85, 0x21, 0x7d, 0x00, 0x00, 0x00, 0x85, 0x21, 0x03, 0x85, 0x21, 0xdd, 0x85, 0x21, 0xff, 0x85, 0x21, 0xfd, 0x85, 0x21, 0x2c,
    0x00, 0x00, 0x00, 0x85, 0x21, 0x83, 0x85, 0x21, 0xff, 0x85, 0x21, 0xff, 0x85, 0x21, 0x5b, 0x00, 0x00, 0x00, 0x85, 0x21, 0xbb, 0x85, 0x21, 0xff,
    0x85, 0x21, 0xff, 0x85, 0x21, 0x2f, 0x00, 0x00, 0x00, 0x00, 0x00, 0x00, 0x00, 0x00, 0x00, 0x00, 0x00, 0x00, 0x85, 0x21, 0xbb, 0x85, 0x21, 0xff,
    0x85, 0x21, 0xff, 0x85, 0x21, 0xff, 0x85, 0x21, 0xff, 0x85, 0x21, 0xff, 0x85, 0x21, 0xff, 0x85, 0x21, 0xff, 0x85, 0x21, 0xff, 0x85, 0x21, 0xff,
    0x85, 0x21, 0xff, 0x85, 0x21, 0xff, 0x85, 0x21, 0xff, 0x85, 0x21, 0xff, 0x85, 0x21, 0xff, 0x85, 0x21, 0xff, 0x85, 0x21, 0xff, 0x85, 0x21, 0xe3,
    0x00, 0x00, 0x00, 0x00, 0x00, 0x00, 0x00, 0x00, 0x00, 0x00, 0x00, 0x00, 0x00, 0x00, 0x00, 0x85, 0x21, 0x23, 0x85, 0x21, 0xff, 0x85, 0x21, 0xff,
    0x85, 0x21, 0xcb, 0x00, 0x00, 0x00, 0x00, 0x00, 0x00, 0x85, 0x21, 0x9b, 0x85, 0x21, 0xff, 0x85, 0x21, 0xff, 0x85, 0x21, 0xff, 0x85, 0x21, 0xff,
    0x85, 0x21, 0xff, 0x85, 0x21, 0xff, 0x85, 0x21, 0xff, 0x85, 0x21, 0xff, 0x85, 0x21, 0xff, 0x85, 0x21, 0x9b, 0x00, 0x00, 0x00, 0x00, 0x00, 0x00,
    0x85, 0x21, 0xc7, 0x85, 0x21, 0xff, 0x85, 0x21, 0xff, 0x85, 0x21, 0x27, 0x00, 0x00, 0x00, 0x00, 0x00, 0x00, 0x00, 0x00, 0x00, 0x00, 0x00, 0x00,
    0x00, 0x00, 0x00, 0x00, 0x00, 0x00, 0x85, 0x21, 0x47, 0x85, 0x21, 0x96, 0x85, 0x21, 0x42, 0x85, 0x21, 0x03, 0x00, 0x00, 0x00, 0x00, 0x00, 0x00,
    0x85, 0x21, 0xef, 0x85, 0x21, 0xff, 0x85, 0x21, 0xff, 0x85, 0x21, 0x0f, 0x00, 0x00, 0x00, 0x00, 0x00, 0x00, 0x00, 0x00, 0x00, 0x00, 0x00, 0x00,
    0x00, 0x00, 0x00, 0x00, 0x00, 0x00, 0x00, 0x00, 0x00, 0x00, 0x00, 0x00, 0x00, 0x00, 0x00, 0x00, 0x00, 0x00, 0x00, 0x00, 0x00, 0x00, 0x00, 0x00,
    0x00, 0x00, 0x00, 0x00, 0x00, 0x00, 0x00, 0x00, 0x00, 0x00, 0x00, 0x00, 0x00, 0x00, 0x00, 0x00, 0x00, 0x00, 0x00, 0x00, 0x00, 0x85, 0x21, 0x7b,
    0x85, 0x21, 0xff, 0x85, 0x21, 0xff, 0x85, 0x21, 0x6b, 0x00, 0x00, 0x00, 0x00, 0x00, 0x00, 0x00, 0x00, 0x00, 0x00, 0x00, 0x00, 0x85, 0x21, 0x82,
    0x85, 0x21, 0xff, 0x85, 0x21, 0xff, 0x85, 0x21, 0x5a, 0x00, 0x00, 0x00, 0x85, 0x21, 0x17, 0x85, 0x21, 0xff, 0x85, 0x21, 0xff, 0x85, 0x21, 0xd7,
    0x00, 0x00, 0x00, 0x00, 0x00, 0x00, 0x00, 0x00, 0x00, 0x00, 0x00, 0x00, 0x00, 0x00, 0x00, 0x00, 0x00, 0x00, 0x85, 0x21, 0x47, 0x85, 0x21, 0xff,
    0x85, 0x21, 0xff, 0x85, 0x21, 0x97, 0x00, 0x00, 0x00, 0x00, 0x00, 0x00, 0x00, 0x00, 0x00, 0x85, 0x21, 0xd1, 0x85, 0x21, 0xff, 0x85, 0x21, 0xff,
    0x85, 0x21, 0x35, 0x00, 0x00, 0x00, 0x85, 0x21, 0x97, 0x85, 0x21, 0xff, 0x85, 0x21, 0xff, 0x85, 0x21, 0x2f, 0x00, 0x00, 0x00, 0x85, 0x21, 0x97,
    0x85, 0x21, 0xff, 0x85, 0x21, 0xff, 0x85, 0x21, 0x6f, 0x00, 0x00, 0x00, 0x00, 0x00, 0x00, 0x00, 0x00, 0x00, 0x00, 0x00, 0x00, 0x85, 0x21, 0xab,
    0x85, 0x21, 0xff, 0x85, 0x21, 0xff, 0x85, 0x21, 0x52, 0x00, 0x00, 0x00, 0x00, 0x00, 0x00, 0x85, 0x21, 0x2a, 0x85, 0x21, 0xe5, 0x85, 0x21, 0xff,
    0x85, 0x21, 0xff, 0x85, 0x21, 0xb8, 0x85, 0x21, 0xaf, 0x85, 0x21, 0xdc, 0x85, 0x21, 0xff, 0x85, 0x21, 0xff, 0x85, 0x21, 0xcb, 0x85, 0x21, 0xaf,
    0x85, 0x21, 0xaf, 0x85, 0x21, 0xaf, 0x85, 0x21, 0xaf, 0x85, 0x21, 0x02, 0x00, 0x00, 0x00, 0x00, 0x00, 0x00, 0x00, 0x00, 0x00, 0x00, 0x00, 0x00,
    0x00, 0x00, 0x00, 0x85, 0x21, 0x67, 0x85, 0x21, 0xff, 0x85, 0x21, 0xff, 0x85, 0x21, 0xa3, 0x00, 0x00, 0x00, 0x00, 0x00, 0x00, 0x00, 0x00, 0x00,
    0x00, 0x00, 0x00, 0x00, 0x00, 0x00, 0x00, 0x00, 0x00, 0x00, 0x00, 0x00, 0x85, 0x21, 0xd7, 0x85, 0x21, 0xff, 0x85, 0x21, 0xff, 0x85, 0x21, 0x63,
    0x00, 0x00, 0x00, 0x00, 0x00, 0x00, 0x00, 0x00, 0x00, 0x00, 0x00, 0x00, 0x00, 0x00, 0x00, 0x00, 0x00, 0x00, 0x00, 0x00, 0x00, 0x00, 0x00, 0x00,
    0x00, 0x00, 0x00, 0x00, 0x00, 0x00, 0x85, 0x21, 0x5f, 0x85, 0x21, 0xff, 0x85, 0x21, 0xff, 0x85, 0x21, 0xa4, 0x00, 0x00, 0x00, 0x85, 0x21, 0x58,
    0x85, 0x21, 0xff, 0x85, 0x21, 0xff, 0x85, 0x21, 0xa5, 0x00, 0x00, 0x00, 0x00, 0x00, 0x00, 0x85, 0x21, 0x83, 0x85, 0x21, 0xff, 0x85, 0x21, 0xff,
    0x85, 0x21, 0x5b, 0x00, 0x00, 0x00, 0x85, 0x21, 0xbb, 0x85, 0x21, 0xff, 0x85, 0x21, 0xff, 0x85, 0x21, 0x2f, 0x00, 0x00, 0x00, 0x00, 0x00, 0x00,
    0x00, 0x00, 0x00, 0x00, 0x00, 0x00, 0x85, 0x21, 0xbb, 0x85, 0x21, 0xff, 0x85, 0x21, 0xff, 0x85, 0x21, 0xff, 0x85, 0x21, 0xff, 0x85, 0x21, 0xff,
    0x85, 0x21, 0xff, 0x85, 0x21, 0xff, 0x85, 0x21, 0xff, 0x85, 0x21, 0xff, 0x85, 0x21, 0xff, 0x85, 0x21, 0xff, 0x85, 0x21, 0xff, 0x85, 0x21, 0xff,
    0x85, 0x21, 0xff, 0x85, 0x21, 0xff, 0x85, 0x21, 0xff, 0x85, 0x21, 0xe3, 0x00, 0x00, 0x00, 0x00, 0x00, 0x00, 0x00, 0x00, 0x00, 0x00, 0x00, 0x00,
    0x00, 0x00, 0x00, 0x85, 0x21, 0x23, 0x85, 0x21, 0xff, 0x85, 0x21, 0xff, 0x85, 0x21, 0xcb, 0x00, 0x00, 0x00, 0x00, 0x00, 0x00, 0x85, 0x21, 0x9b,
    0x85, 0x21, 0xff, 0x85, 0x21, 0xff, 0x85, 0x21, 0xff, 0x85, 0x21, 0xff, 0x85, 0x21, 0xff, 0x85, 0x21, 0xff, 0x85, 0x21, 0xff, 0x85, 0x21, 0xff,
    0x85, 0x21, 0xff, 0x85, 0x21, 0x9b, 0x00, 0x00, 0x00, 0x00, 0x00, 0x00, 0x85, 0x21, 0xc7, 0x85, 0x21, 0xff, 0x85, 0x21, 0xff, 0x85, 0x21, 0x27,
    0x00, 0x00, 0x00, 0x00, 0x00, 0x00, 0x00, 0x00, 0x00, 0x00, 0x00, 0x00, 0x00, 0x00, 0x00, 0x85, 0x21, 0x1b, 0x85, 0x21, 0xe8, 0x85, 0x21, 0xff,
    0x85, 0x21, 0xff, 0x85, 0x21, 0xb3, 0x00, 0x00, 0x00, 0x00, 0x00, 0x00, 0x85, 0x21, 0xef, 0x85, 0x21, 0xff, 0x85, 0x21, 0xff, 0x85, 0x21, 0x0f,
    0x00, 0x00, 0x00, 0x00, 0x00, 0x00, 0x00, 0x00, 0x00, 0x85, 0x21, 0xbe, 0x85, 0x21, 0xb4, 0x85, 0x21, 0x61, 0x85, 0x21, 0x11, 0x00, 0x00, 0x00,
    0x00, 0x00, 0x00, 0x00, 0x00, 0x00, 0x00, 0x00, 0x00, 0x00, 0x00, 0x00, 0x00, 0x00, 0x00, 0x00, 0x00, 0x00, 0x00, 0x00, 0x00, 0x85, 0x21, 0x77,
    0x85, 0x21, 0x83, 0x85, 0x21, 0x83, 0x85, 0x21, 0x83, 0x85, 0x21, 0xc0, 0x85, 0x21, 0xff, 0x85, 0x21, 0xff, 0x85, 0x21, 0xb8, 0x85, 0x21, 0x83,
    0x85, 0x21, 0x83, 0x85, 0x21, 0x83, 0x85, 0x21, 0x4a, 0x85, 0x21, 0x8a, 0x85, 0x21, 0xff, 0x85, 0x21, 0xff, 0x85, 0x21, 0x4d, 0x00, 0x00, 0x00,
    0x85, 0x21, 0x17, 0x85, 0x21, 0xff, 0x85, 0x21, 0xff, 0x85, 0x21, 0xd7, 0x00, 0x00, 0x00, 0x00, 0x00, 0x00, 0x00, 0x00, 0x00, 0x00, 0x00, 0x00,
    0x00, 0x00, 0x00, 0x00, 0x00, 0x00, 0x85, 0x21, 0x47, 0x85, 0x21, 0xff, 0x85, 0x21, 0xff, 0x85, 0x21, 0x97, 0x00, 0x00, 0x00, 0x00, 0x00, 0x00,
    0x00, 0x00, 0x00, 0x85, 0x21, 0xd9, 0x85, 0x21, 0xff, 0x85, 0x21, 0xff, 0x85, 0x21, 0x30, 0x00, 0x00, 0x00, 0x85, 0x21, 0x97, 0x85, 0x21, 0xff,
    0x85, 0x21, 0xff, 0x85, 0x21, 0x2f, 0x00, 0x00, 0x00, 0x85, 0x21, 0x97, 0x85, 0x21, 0xff, 0x85, 0x21, 0xff, 0x85, 0x21, 0x6f, 0x00, 0x00, 0x00,
    0x00, 0x00, 0x00, 0x00, 0x00, 0x00, 0x85, 0x21, 0x59, 0x85, 0x21, 0xff, 0x85, 0x21, 0xff, 0x85, 0x21, 0xb8, 0x85, 0x21, 0x36, 0x85, 0x21, 0x69,
    0x85, 0x21, 0x71, 0x85, 0x21, 0x46, 0x85, 0x21, 0xff, 0x85, 0x21, 0xff, 0x85, 0x21, 0xff, 0x85, 0x21, 0xff, 0x85, 0x21, 0xff, 0x85, 0x21, 0xff,
    0x85, 0x21, 0xff, 0x85, 0x21, 0xff, 0x85, 0x21, 0xff, 0x85, 0x21, 0xff, 0x85, 0x21, 0xff, 0x85, 0x21, 0xff, 0x85, 0x21, 0xff, 0x85, 0x21, 0x03,
    0x00, 0x00, 0x00, 0x00, 0x00, 0x00, 0x00, 0x00, 0x00, 0x00, 0x00, 0x00, 0x00, 0x00, 0x00, 0x85, 0x21, 0x67, 0x85, 0x21, 0xff, 0x85, 0x21, 0xff,
    0x85, 0x21, 0xa3, 0x00, 0x00, 0x00, 0x00, 0x00, 0x00, 0x00, 0x00, 0x00, 0x00, 0x00, 0x00, 0x00, 0x00, 0x00, 0x00, 0x00, 0x00, 0x00, 0x00, 0x00,
    0x85, 0x21, 0xd7, 0x85, 0x21, 0xff, 0x85, 0x21, 0xff, 0x85, 0x21, 0x63, 0x00, 0x00, 0x00, 0x00, 0x00, 0x00, 0x00, 0x00, 0x00, 0x00, 0x00, 0x00,
    0x00, 0x00, 0x00, 0x00, 0x00, 0x00, 0x00, 0x00, 0x00, 0x00, 0x00, 0x00, 0x00, 0x00, 0x00, 0x00, 0x00, 0x00, 0x85, 0x21, 0x39, 0x85, 0x21, 0xff,
    0x85, 0x21, 0xff, 0x85, 0x21, 0xd4, 0x85, 0x21, 0x0a, 0x85, 0x21, 0xe0, 0x85, 0x21, 0xff, 0x85, 0x21, 0xfb, 0x85, 0x21, 0x25, 0x00, 0x00, 0x00,
    0x00, 0x00, 0x00, 0x85, 0x21, 0x83, 0x85, 0x21, 0xff, 0x85, 0x21, 0xff, 0x85, 0x21, 0x5b, 0x00, 0x00, 0x00, 0x85, 0x21, 0xbb, 0x85, 0x21, 0xff,
    0x85, 0x21, 0xff, 0x85, 0x21, 0x2f, 0x00, 0x00, 0x00, 0x00, 0x00, 0x00, 0x00, 0x00, 0x00, 0x00, 0x00, 0x00, 0x85, 0x21, 0xbb, 0x85, 0x21, 0xff,
    0x85, 0x21, 0xff, 0x85, 0x21, 0x5b, 0x00, 0x00, 0x00, 0x00, 0x00, 0x00, 0x00, 0x00, 0x00, 0x00, 0x00, 0x00, 0x00, 0x00, 0x00, 0x00, 0x00, 0x00,
    0x00, 0x00, 0x00, 0x00, 0x00, 0x00, 0x00, 0x00, 0x00, 0x00, 0x00, 0x00, 0x85, 0x21, 0x3b, 0x85, 0x21, 0xff, 0x85, 0x21, 0xff, 0x85, 0x21, 0xe3,
    0x00, 0x00, 0x00, 0x00, 0x00, 0x00, 0x00, 0x00, 0x00, 0x00, 0x00, 0x00, 0x00, 0x00, 0x00, 0x85, 0x21, 0x23, 0x85, 0x21, 0xff, 0x85, 0x21, 0xff,
    0x85, 0x21, 0xcb, 0x00, 0x00, 0x00, 0x00, 0x00, 0x00, 0x85, 0x21, 0x9b, 0x85, 0x21, 0xff, 0x85, 0x21, 0xff, 0x85, 0x21, 0x8e, 0x85, 0x21, 0x7b,
    0x85, 0x21, 0x7b, 0x85, 0x21, 0x7b, 0x85, 0x21, 0x90, 0x85, 0x21, 0xff, 0x85, 0x21, 0xff, 0x85, 0x21, 0x9b, 0x00, 0x00, 0x00, 0x00, 0x00, 0x00,
    0x85, 0x21, 0xc7, 0x85, 0x21, 0xff, 0x85, 0x21, 0xff, 0x85, 0x21, 0x27, 0x00, 0x00, 0x00, 0x00, 0x00, 0x00, 0x00, 0x00, 0x00, 0x00, 0x00, 0x00,
    0x85, 0x21, 0x13, 0x85, 0x21, 0xd5, 0x85, 0x21, 0xff, 0x85, 0x21, 0xff, 0x85, 0x21, 0xe9, 0x85, 0x21, 0x1b, 0x00, 0x00, 0x00, 0x00, 0x00, 0x00,
    0x85, 0x21, 0xef, 0x85, 0x21, 0xff, 0x85, 0x21, 0xff, 0x85, 0x21, 0x0f, 0x00, 0x00, 0x00, 0x00, 0x00, 0x00, 0x85, 0x21, 0x33, 0x85, 0x21, 0xff,
    0x85, 0x21, 0xff, 0x85, 0x21, 0xff, 0x85, 0x21, 0x49, 0x00, 0x00, 0x00, 0x00, 0x00, 0x00, 0x00, 0x00, 0x00, 0x00, 0x00, 0x00, 0x00, 0x00, 0x00,
    0x00, 0x00, 0x00, 0x00, 0x00, 0x00, 0x00, 0x00, 0x00, 0x85, 0x21, 0xe7, 0x85, 0x21, 0xff, 0x85, 0x21, 0xff, 0x85, 0x21, 0xff, 0x85, 0x21, 0xff,
    0x85, 0x21, 0xff, 0x85, 0x21, 0xff, 0x85, 0x21, 0xff, 0x85, 0x21, 0xff, 0x85, 0x21, 0xff, 0x85, 0x21, 0xff, 0x85, 0x21, 0x8f, 0x85, 0x21, 0x99,
    0x85, 0x21, 0xff, 0x85, 0x21, 0xff, 0x85, 0x21, 0x41, 0x00, 0x00, 0x00, 0x85, 0x21, 0x17, 0x85, 0x21, 0xff, 0x85, 0x21, 0xff, 0x85, 0x21, 0xd7,
    0x00, 0x00, 0x00, 0x00, 0x00, 0x00, 0x00, 0x00, 0x00, 0x00, 0x00, 0x00, 0x00, 0x00, 0x00, 0x00, 0x00, 0x00, 0x85, 0x21, 0x47, 0x85, 0x21, 0xff,
    0x85, 0x21, 0xff, 0x85, 0x21, 0x97, 0x00, 0x00, 0x00, 0x00, 0x00, 0x00, 0x00, 0x00, 0x00, 0x85, 0x21, 0xe8, 0x85, 0x21, 0xff, 0x85, 0x21, 0xff,
    0x85, 0x21, 0x1d, 0x00, 0x00, 0x00, 0x85, 0x21, 0x97, 0x85, 0x21, 0xff, 0x85, 0x21, 0xff, 0x85, 0x21, 0x2f, 0x00, 0x00, 0x00, 0x85, 0x21, 0x97,
    0x85, 0x21, 0xff, 0x85, 0x21, 0xff, 0x85, 0x21, 0x6f, 0x00, 0x00, 0x00, 0x00, 0x00, 0x00, 0x85, 0x21, 0x36, 0x85, 0x21, 0xf5, 0x85, 0x21, 0xff,
    0x85, 0x21, 0xff, 0x85, 0x21, 0xff, 0x85, 0x21, 0xff, 0x85, 0x21, 0xff, 0x85, 0x21, 0xb7, 0x85, 0x21, 0x02, 0x85, 0x21, 0xe6, 0x85, 0x21, 0xff,
    0x85, 0x21, 0xff, 0x85, 0x21, 0xff, 0x85, 0x21, 0xff, 0x85, 0x21, 0xff, 0x85, 0x21, 0xff, 0x85, 0x21, 0xff, 0x85, 0x21, 0xff, 0x85, 0x21, 0xff,
    0x85, 0x21, 0xff, 0x85, 0x21, 0xff, 0x85, 0x21, 0xff, 0x85, 0x21, 0x03, 0x00, 0x00, 0x00, 0x00, 0x00, 0x00, 0x00, 0x00, 0x00, 0x00, 0x00, 0x00,
    0x00, 0x00, 0x00, 0x85, 0x21, 0x67, 0x85, 0x21, 0xff, 0x85, 0x21, 0xff, 0x85, 0x21, 0xa3, 0x00, 0x00, 0x00, 0x00, 0x00, 0x00, 0x00, 0x00, 0x00,
    0x00, 0x00, 0x00, 0x00, 0x00, 0x00, 0x00, 0x00, 0x00, 0x00, 0x00, 0x00, 0x85, 0x21, 0xd7, 0x85, 0x21, 0xff, 0x85, 0x21, 0xff, 0x85, 0x21, 0x63,
    0x00, 0x00, 0x00, 0x00, 0x00, 0x00, 0x00, 0x00, 0x00, 0x00, 0x00, 0x00, 0x00, 0x00, 0x00, 0x00, 0x00, 0x00, 0x00, 0x00, 0x00, 0x00, 0x00, 0x00,
    0x00, 0x00, 0x00, 0x00, 0x00, 0x00, 0x85, 0x21, 0x10, 0x85, 0x21, 0xfe, 0x85, 0x21, 0xff, 0x85, 0x21, 0xfc, 0x85, 0x21, 0x8f, 0x85, 0x21, 0xff,
    0x85, 0x21, 0xff, 0x85, 0x21, 0x97, 0x00, 0x00, 0x00, 0x00, 0x00, 0x00, 0x00, 0x00, 0x00, 0x85, 0x21, 0x83, 0x85, 0x21, 0xff, 0x85, 0x21, 0xff,
    0x85, 0x21, 0x5b, 0x00, 0x00, 0x00, 0x85, 0x21, 0xbb, 0x85, 0x21, 0xff, 0x85, 0x21, 0xff, 0x85, 0x21, 0x2f, 0x00, 0x00, 0x00, 0x00, 0x00, 0x00,
    0x00, 0x00, 0x00, 0x00, 0x00, 0x00, 0x85, 0x21, 0xbb, 0x85, 0x21, 0xff, 0x85, 0x21, 0xff, 0x85, 0x21, 0x5b, 0x00, 0x00, 0x00, 0x00, 0x00, 0x00,
    0x00, 0x00, 0x00, 0x00, 0x00, 0x00, 0x00, 0x00, 0x00, 0x00, 0x00, 0x00, 0x00, 0x00, 0x00, 0x00, 0x00, 0x00, 0x00, 0x00, 0x00, 0x00, 0x00, 0x00,
    0x85, 0x21, 0x13, 0x85, 0x21, 0x53, 0x85, 0x21, 0x53, 0x85, 0x21, 0x4a, 0x00, 0x00, 0x00, 0x00, 0x00, 0x00, 0x00, 0x00, 0x00, 0x00, 0x00, 0x00,
    0x00, 0x00, 0x00, 0x85, 0x21, 0x23, 0x85, 0x21, 0xff, 0x85, 0x21, 0xff, 0x85, 0x21, 0xcb, 0x00, 0x00, 0x00, 0x00, 0x00, 0x00, 0x85, 0x21, 0x9b,
    0x85, 0x21, 0xff, 0x85, 0x21, 0xff, 0x85, 0x21, 0x23, 0x00, 0x00, 0x00, 0x00, 0x00, 0x00, 0x00, 0x00, 0x00, 0x85, 0x21, 0x27, 0x85, 0x21, 0xff,
    0x85, 0x21, 0xff, 0x85, 0x21, 0x9b, 0x00, 0x00, 0x00, 0x00, 0x00, 0x00, 0x85, 0x21, 0xc7, 0x85, 0x21, 0xff, 0x85, 0x21, 0xff, 0x85, 0x21, 0x27,
    0x00, 0x00, 0x00, 0x00, 0x00, 0x00, 0x00, 0x00, 0x00, 0x85, 0x21, 0x32, 0x85, 0x21, 0xdd, 0x85, 0x21, 0xff, 0x85, 0x21, 0xff, 0x85, 0x21, 0xfb,
    0x85, 0x21, 0x3f, 0x00, 0x00, 0x00, 0x00, 0x00, 0x00, 0x00, 0x00, 0x00, 0x85, 0x21, 0xef, 0x85, 0x21, 0xff, 0x85, 0x21, 0xff, 0x85, 0x21, 0x0f,
    0x00, 0x00, 0x00, 0x00, 0x00, 0x00, 0x85, 0x21, 0xb3, 0x85, 0x21, 0xff, 0x85, 0x21, 0xff, 0x85, 0x21, 0xd9, 0x85, 0x21, 0x01, 0x00, 0x00, 0x00,
    0x00, 0x00, 0x00, 0x00, 0x00, 0x00, 0x00, 0x00, 0x00, 0x00, 0x00, 0x00, 0x00, 0x00, 0x00, 0x00, 0x00, 0x00, 0x00, 0x00, 0x00, 0x85, 0x21, 0xe7,
    0x85, 0x21, 0xff, 0x85, 0x21, 0xff, 0x85, 0x21, 0xff, 0x85, 0x21, 0xff, 0x85, 0x21, 0xff, 0x85, 0x21, 0xff, 0x85, 0x21, 0xff, 0x85, 0x21, 0xff,
    0x85, 0x21, 0xff, 0x85, 0x21, 0xff, 0x85, 0x21, 0x8f, 0x85, 0x21, 0xbc, 0x85, 0x21, 0xff, 0x85, 0x21, 0xff, 0x85, 0x21, 0x27, 0x00, 0x00, 0x00,
    0x85, 0x21, 0x17, 0x85, 0x21, 0xff, 0x85, 0x21, 0xff, 0x85, 0x21, 0xd7, 0x00, 0x00, 0x00, 0x00, 0x00, 0x00, 0x00, 0x00, 0x00, 0x00, 0x00, 0x00,
    0x00, 0x00, 0x00, 0x00, 0x00, 0x00, 0x85, 0x21, 0x47, 0x85, 0x21, 0xff, 0x85, 0x21, 0xff, 0x85, 0x21, 0x97, 0x00, 0x00, 0x00, 0x00, 0x00, 0x00,
    0x85, 0x21, 0x11, 0x85, 0x21, 0xff, 0x85, 0x21, 0xff, 0x85, 0x21, 0xff, 0x85, 0x21, 0x06, 0x00, 0x00, 0x00, 0x85, 0x21, 0x97, 0x85, 0x21, 0xff,
    0x85, 0x21, 0xff, 0x85, 0x21, 0x2f, 0x00, 0x00, 0x00, 0x85, 0x21, 0x97, 0x85, 0x21, 0xff, 0x85, 0x21, 0xff, 0x85, 0x21, 0x6f, 0x00, 0x00, 0x00,
    0x85, 0x21, 0x0f, 0x85, 0x21, 0xf9, 0x85, 0x21, 0xff, 0x85, 0x21, 0xff, 0x85, 0x21, 0xff, 0x85, 0x21, 0xff, 0x85, 0x21, 0xff, 0x85, 0x21, 0xff,
    0x85, 0x21, 0xb8, 0x00, 0x00, 0x00, 0x85, 0x21, 0x35, 0x85, 0x21, 0x1b, 0x85, 0x21, 0x05, 0x00, 0x00, 0x00, 0x00, 0x00, 0x00, 0x85, 0x21, 0x8f,
    0x85, 0x21, 0xff, 0x85, 0x21, 0xff, 0x85, 0x21, 0x57, 0x00, 0x00, 0x00, 0x00, 0x00, 0x00, 0x00, 0x00, 0x00, 0x00, 0x00, 0x00, 0x00, 0x00, 0x00,
    0x00, 0x00, 0x00, 0x00, 0x00, 0x00, 0x00, 0x00, 0x00, 0x00, 0x00, 0x00, 0x00, 0x00, 0x00, 0x85, 0x21, 0x67, 0x85, 0x21, 0xff, 0x85, 0x21, 0xff,
    0x85, 0x21, 0xa3, 0x00, 0x00, 0x00, 0x00, 0x00, 0x00, 0x00, 0x00, 0x00, 0x00, 0x00, 0x00, 0x00, 0x00, 0x00, 0x00, 0x00, 0x00, 0x00, 0x00, 0x00,
    0x85, 0x21, 0xd7, 0x85, 0x21, 0xff, 0x85, 0x21, 0xff, 0x85, 0x21, 0x63, 0x00, 0x00, 0x00, 0x00, 0x00, 0x00, 0x00, 0x00, 0x00, 0x00, 0x00, 0x00,
    0x00, 0x00, 0x00, 0x00, 0x00, 0x00, 0x00, 0x00, 0x00, 0x00, 0x00, 0x00, 0x00, 0x00, 0x00, 0x00, 0x00, 0x00, 0x00, 0x00, 0x00, 0x85, 0x21, 0xd3,
    0x85, 0x21, 0xff, 0x85, 0x21, 0xff, 0x85, 0x21, 0xff, 0x85, 0x21, 0xff, 0x85, 0x21, 0xdc, 0x85, 0x21, 0x0c, 0x00, 0x00, 0x00, 0x00, 0x00, 0x00,
    0x00, 0x00, 0x00, 0x85, 0x21, 0x83, 0x85, 0x21, 0xff, 0x85, 0x21, 0xff, 0x85, 0x21, 0x5b, 0x00, 0x00, 0x00, 0x85, 0x21, 0xbb, 0x85, 0x21, 0xff,
    0x85, 0x21, 0xff, 0x85, 0x21, 0x2f, 0x00, 0x00, 0x00, 0x00, 0x00, 0x00, 0x00, 0x00, 0x00, 0x00, 0x00, 0x00, 0x85, 0x21, 0xbb, 0x85, 0x21, 0xff,
    0x85, 0x21, 0xff, 0x85, 0x21, 0x5b, 0x00, 0x00, 0x00, 0x00, 0x00, 0x00, 0x00, 0x00, 0x00, 0x00, 0x00, 0x00, 0x00, 0x00, 0x00, 0x00, 0x00, 0x00,
    0x00, 0x00, 0x00, 0x00, 0x00, 0x00, 0x00, 0x00, 0x00, 0x00, 0x00, 0x00, 0x00, 0x00, 0x00, 0x00, 0x00, 0x00, 0x00, 0x00, 0x00, 0x00, 0x00, 0x00,
    0x00, 0x00, 0x00, 0x00, 0x00, 0x00, 0x00, 0x00, 0x00, 0x00, 0x00, 0x00, 0x00, 0x00, 0x00, 0x85, 0x21, 0x23, 0x85, 0x21, 0xff, 0x85, 0x21, 0xff,
    0x85, 0x21, 0xcb, 0x00, 0x00, 0x00, 0x00, 0x00, 0x00, 0x85, 0x21, 0x9b, 0x85, 0x21, 0xff, 0x85, 0x21, 0xff, 0x85, 0x21, 0x23, 0x00, 0x00, 0x00,
    0x00, 0x00, 0x00, 0x00, 0x00, 0x00, 0x85, 0x21, 0x27, 0x85, 0x21, 0xff, 0x85, 0x21, 0xff, 0x85, 0x21, 0x9b, 0x00, 0x00, 0x00, 0x00, 0x00, 0x00,
    0x85, 0x21, 0xc7, 0x85, 0x21, 0xff, 0x85, 0x21, 0xff, 0x85, 0x21, 0x27, 0x00, 0x00, 0x00, 0x00, 0x00, 0x00, 0x85, 0x21, 0x68, 0x85, 0x21, 0xf8,
    0x85, 0x21, 0xff, 0x85, 0x21, 0xff, 0x85, 0x21, 0xff, 0x85, 0x21, 0x6a, 0x00, 0x00, 0x00, 0x00, 0x00, 0x00, 0x00, 0x00, 0x00, 0x85, 0x21, 0x03,
    0x85, 0x21, 0xf3, 0x85, 0x21, 0xff, 0x85, 0x21, 0xff, 0x85, 0x21, 0x0e, 0x00, 0x00, 0x00, 0x85, 0x21, 0x58, 0x85, 0x21, 0xff, 0x85, 0x21, 0xff,
    0x85, 0x21, 0xff, 0x85, 0x21, 0x66, 0x00, 0x00, 0x00, 0x00, 0x00, 0x00, 0x00, 0x00, 0x00, 0x00, 0x00, 0x00, 0x00, 0x00, 0x00, 0x00, 0x00, 0x00,
    0x00, 0x00, 0x00, 0x00, 0x00, 0x00, 0x00, 0x00, 0x00, 0x00, 0x00, 0x00, 0x00, 0x00, 0x00, 0x00, 0x00, 0x00, 0x85, 0x21, 0x70, 0x85, 0x21, 0xff,
    0x85, 0x21, 0xff, 0x85, 0x21, 0xff, 0x85, 0x21, 0xbd, 0x85, 0x21, 0x12, 0x00, 0x00, 0x00, 0x00, 0x00, 0x00, 0x00, 0x00, 0x00, 0x85, 0x21, 0xe0,
    0x85, 0x21, 0xff, 0x85, 0x21, 0xf9, 0x85, 0x21, 0x04, 0x00, 0x00, 0x00, 0x85, 0x21, 0x17, 0x85, 0x21, 0xff, 0x85, 0x21, 0xff, 0x85, 0x21, 0xd7,
    0x00, 0x00, 0x00, 0x00, 0x00, 0x00, 0x00, 0x00, 0x00, 0x00, 0x00, 0x00, 0x00, 0x00, 0x00, 0x00, 0x00, 0x00, 0x85, 0x21, 0x47, 0x85, 0x21, 0xff,
    0x85, 0x21, 0xff, 0x85, 0x21, 0x97, 0x85, 0x21, 0x18, 0x85, 0x21, 0x52, 0x85, 0x21, 0x3c, 0x85, 0x21, 0xff, 0x85, 0x21, 0xff, 0x85, 0x21, 0xed,
    0x00, 0x00, 0x00, 0x00, 0x00, 0x00, 0x85, 0x21, 0x97, 0x85, 0x21, 0xff, 0x85, 0x21, 0xff, 0x85, 0x21, 0x2f, 0x00, 0x00, 0x00, 0x85, 0x21, 0x97,
    0x85, 0x21, 0xff, 0x85, 0x21, 0xff, 0x85, 0x21, 0x6f, 0x00, 0x00, 0x00, 0x00, 0x00, 0x00, 0x85, 0x21, 0xbe, 0x85, 0x21, 0xff, 0x85, 0x21, 0xff,
    0x85, 0x21, 0xf5, 0x85, 0x21, 0xba, 0x85, 0x21, 0x7d, 0x85, 0x21, 0x41, 0x85, 0x21, 0x0a, 0x00, 0x00, 0x00, 0x00, 0x00, 0x00, 0x85, 0x21, 0xac,
    0x85, 0x21, 0x7f, 0x85, 0x21, 0x2d, 0x00, 0x00, 0x00, 0x85, 0x21, 0x8f, 0x85, 0x21, 0xff, 0x85, 0x21, 0xff, 0x85, 0x21, 0x57, 0x00, 0x00, 0x00,
    0x85, 0x21, 0x4d, 0x85, 0x21, 0x7e, 0x00, 0x00, 0x00, 0x00, 0x00, 0x00, 0x00, 0x00, 0x00, 0x00, 0x00, 0x00, 0x00, 0x00, 0x00, 0x00, 0x00, 0x00,
    0x00, 0x00, 0x00, 0x85, 0x21, 0x67, 0x85, 0x21, 0xff, 0x85, 0x21, 0xff, 0x85, 0x21, 0xa3, 0x00, 0x00, 0x00, 0x85, 0x21, 0x3e, 0x85, 0x21, 0x34,
    0x00, 0x00, 0x00, 0x00, 0x00, 0x00, 0x00, 0x00, 0x00, 0x00, 0x00, 0x00, 0x85, 0x21, 0xd7, 0x85, 0x21, 0xff, 0x85, 0x21, 0xff, 0x85, 0x21, 0x63,
    0x00, 0x00, 0x00, 0x00, 0x00, 0x00, 0x00, 0x00, 0x00, 0x00, 0x00, 0x00, 0x00, 0x00, 0x00, 0x00, 0x00, 0x00, 0x00, 0x00, 0x00, 0x00, 0x00, 0x00,
    0x00, 0x00, 0x00, 0x00, 0x00, 0x00, 0x00, 0x00, 0x00, 0x85, 0x21, 0x97, 0x85, 0x21, 0xff, 0x85, 0x21, 0xff, 0x85, 0x21, 0xff, 0x85, 0x21, 0xfb,
    0x85, 0x21, 0x38, 0x00, 0x00, 0x00, 0x85, 0x21, 0x04, 0x00, 0x00, 0x00, 0x00, 0x00, 0x00, 0x85, 0x21, 0x83, 0x85, 0x21, 0xff, 0x85, 0x21, 0xff,
    0x85, 0x21, 0x5b, 0x00, 0x00, 0x00, 0x85, 0x21, 0xbb, 0x85, 0x21, 0xff, 0x85, 0x21, 0xff, 0x85, 0x21, 0x2f, 0x00, 0x00, 0x00, 0x00, 0x00, 0x00,
    0x00, 0x00, 0x00, 0x00, 0x00, 0x00, 0x85, 0x21, 0xbb, 0x85, 0x21, 0xff, 0x85, 0x21, 0xff, 0x85, 0x21, 0x5b, 0x00, 0x00, 0x00, 0x00, 0x00, 0x00,
    0x00, 0x00, 0x00, 0x00, 0x00, 0x00, 0x00, 0x00, 0x00, 0x00, 0x00, 0x00, 0x00, 0x00, 0x00, 0x00, 0x00, 0x00, 0x00, 0x00, 0x00, 0x00, 0x00, 0x00,
    0x00, 0x00, 0x00, 0x00, 0x00, 0x00, 0x00, 0x00, 0x00, 0x00, 0x00, 0x00, 0x85, 0x21, 0x8b, 0x85, 0x21, 0x1d, 0x00, 0x00, 0x00, 0x00, 0x00, 0x00,
    0x00, 0x00, 0x00, 0x85, 0x21, 0x23, 0x85, 0x21, 0xff, 0x85, 0x21, 0xff, 0x85, 0x21, 0xcb, 0x00, 0x00, 0x00, 0x00, 0x00, 0x00, 0x85, 0x21, 0x9b,
    0x85, 0x21, 0xff, 0x85, 0x21, 0xff, 0x85, 0x21, 0x23, 0x00, 0x00, 0x00, 0x00, 0x00, 0x00, 0x00, 0x00, 0x00, 0x85, 0x21, 0x27, 0x85, 0x21, 0xff,
    0x85, 0x21, 0xff, 0x85, 0x21, 0x9b, 0x00, 0x00, 0x00, 0x00, 0x00, 0x00, 0x85, 0x21, 0xc7, 0x85, 0x21, 0xff, 0x85, 0x21, 0xff, 0x85, 0x21, 0x27,
    0x00, 0x00, 0x00, 0x85, 0x21, 0x03, 0x85, 0x21, 0x8b, 0x85, 0x21, 0xfe, 0x85, 0x21, 0xff, 0x85, 0x21, 0xfe, 0x85, 0x21, 0x6a, 0x00, 0x00, 0x00,
    0x85, 0x21, 0x08, 0x85, 0x21, 0xea, 0x85, 0x21, 0xfa, 0x85, 0x21, 0xfe, 0x85, 0x21, 0xff, 0x85, 0x21, 0xff, 0x85, 0x21, 0xef, 0x00, 0x00, 0x00,
    0x85, 0x21, 0x2e, 0x85, 0x21, 0xee, 0x85, 0x21, 0xff, 0x85, 0x21, 0xff, 0x85, 0x21, 0xca, 0x85, 0x21, 0x02, 0x00, 0x00, 0x00, 0x00, 0x00, 0x00,
    0x00, 0x00, 0x00, 0x00, 0x00, 0x00, 0x00, 0x00, 0x00, 0x00, 0x00, 0x00, 0x00, 0x00, 0x00, 0x00, 0x00, 0x00, 0x00, 0x00, 0x00, 0x00, 0x00, 0x00,
    0x00, 0x00, 0x00, 0x85, 0x21, 0x35, 0x85, 0x21, 0xf9, 0x85, 0x21, 0xff, 0x85, 0x21, 0xff, 0x85, 0x21, 0xff, 0x85, 0x21, 0xff, 0x85, 0x21, 0xe0,
    0x85, 0x21, 0x34, 0x00, 0x00, 0x00, 0x85, 0x21, 0x13, 0x85, 0x21, 0xfd, 0x85, 0x21, 0xff, 0x85, 0x21, 0xd3, 0x00, 0x00, 0x00, 0x00, 0x00, 0x00,
    0x85, 0x21, 0x17, 0x85, 0x21, 0xff, 0x85, 0x21, 0xff, 0x85, 0x21, 0xd7, 0x00, 0x00, 0x00, 0x00, 0x00, 0x00, 0x00, 0x00, 0x00, 0x00, 0x00, 0x00,
    0x00, 0x00, 0x00, 0x00, 0x00, 0x00, 0x85, 0x21, 0x47, 0x85, 0x21, 0xff, 0x85, 0x21, 0xff, 0x85, 0x21, 0xb7, 0x85, 0x21, 0xdc, 0x85, 0x21, 0xd5,
    0x85, 0x21, 0x68, 0x85, 0x21, 0xff, 0x85, 0x21, 0xff, 0x85, 0x21, 0xd3, 0x00, 0x00, 0x00, 0x00, 0x00, 0x00, 0x85, 0x21, 0x97, 0x85, 0x21, 0xff,
    0x85, 0x21, 0xff, 0x85, 0x21, 0x2f, 0x00, 0x00, 0x00, 0x85, 0x21, 0x97, 0x85, 0x21, 0xff, 0x85, 0x21, 0xff, 0x85, 0x21, 0x6f, 0x00, 0x00, 0x00,
    0x00, 0x00, 0x00, 0x85, 0x21, 0x62, 0x85, 0x21, 0x97, 0x85, 0x21, 0x42, 0x85, 0x21, 0x06, 0x00, 0x00, 0x00, 0x00, 0x00, 0x00, 0x85, 0x21, 0x2b,
    0x85, 0x21, 0x1e, 0x00, 0x00, 0x00, 0x85, 0x21, 0x48, 0x85, 0x21, 0xff, 0x85, 0x21, 0xff, 0x85, 0x21, 0xce, 0x00, 0x00, 0x00, 0x85, 0x21, 0x8f,
    0x85, 0x21, 0xff, 0x85, 0x21, 0xff, 0x85, 0x21, 0x57, 0x85, 0x21, 0xa1, 0x85, 0x21, 0xff, 0x85, 0x21, 0xfc, 0x85, 0x21, 0x23, 0x00, 0x00, 0x00,
    0x00, 0x00, 0x00, 0x00, 0x00, 0x00, 0x00, 0x00, 0x00, 0x00, 0x00, 0x00, 0x00, 0x00, 0x00, 0x85, 0x21, 0x67, 0x85, 0x21, 0xff, 0x85, 0x21, 0xff,
    0x85, 0x21, 0xa5, 0x85, 0x21, 0x79, 0x85, 0x21, 0xfc, 0x85, 0x21, 0x86, 0x00, 0x00, 0x00, 0x00, 0x00, 0x00, 0x00, 0x00, 0x00, 0x00, 0x00, 0x00,
    0x85, 0x21, 0xd7, 0x85, 0x21, 0xff, 0x85, 0x21, 0xff, 0x85, 0x21, 0x63, 0x00, 0x00, 0x00, 0x00, 0x00, 0x00, 0x00, 0x00, 0x00, 0x00, 0x00, 0x00,
    0x00, 0x00, 0x00, 0x00, 0x00, 0x00, 0x00, 0x00, 0x00, 0x00, 0x00, 0x00, 0x00, 0x00, 0x00, 0x00, 0x00, 0x00, 0x00, 0x00, 0x00, 0x85, 0x21, 0x5a,
    0x85, 0x21, 0xff, 0x85, 0x21, 0xff, 0x85, 0x21, 0xff, 0x85, 0x21, 0x7e, 0x00, 0x00, 0x00, 0x00, 0x00, 0x00, 0x85, 0x21, 0x8e, 0x85, 0x21, 0x4c,
    0x00, 0x00, 0x00, 0x85, 0x21, 0x5c, 0x85, 0x21, 0xb3, 0x85, 0x21, 0xb3, 0x85, 0x21, 0x40, 0x00, 0x00, 0x00, 0x85, 0x21, 0xbb, 0x85, 0x21, 0xff,
    0x85, 0x21, 0xff, 0x85, 0x21, 0x2f, 0x00, 0x00, 0x00, 0x00, 0x00, 0x00, 0x00, 0x00, 0x00, 0x00, 0x00, 0x00, 0x85, 0x21, 0xbb, 0x85, 0x21, 0xff,
    0x85, 0x21, 0xff, 0x85, 0x21, 0x5b, 0x00, 0x00, 0x00, 0x00, 0x00, 0x00, 0x00, 0x00, 0x00, 0x00, 0x00, 0x00, 0x00, 0x00, 0x00, 0x00, 0x00, 0x00,
    0x00, 0x00, 0x00, 0x00, 0x00, 0x00, 0x00, 0x00, 0x00, 0x00, 0x00, 0x00, 0x00, 0x00, 0x00, 0x00, 0x00, 0x00, 0x00, 0x00, 0x00, 0x85, 0x21, 0x04,
    0x85, 0x21, 0xfc, 0x85, 0x21, 0xfb, 0x85, 0x21, 0xb8, 0x85, 0x21, 0x10, 0x00, 0x00, 0x00, 0x85, 0x21, 0x23, 0x85, 0x21, 0xff, 0x85, 0x21, 0xff,
    0x85, 0x21, 0xcb, 0x00, 0x00, 0x00, 0x00, 0x00, 0x00, 0x85, 0x21, 0x9b, 0x85, 0x21, 0xff, 0x85, 0x21, 0xff, 0x85, 0x21, 0xff, 0x85, 0x21, 0xff,
    0x85, 0x21, 0xff, 0x85, 0x21, 0xff, 0x85, 0x21, 0xff, 0x85, 0x21, 0xff, 0x85, 0x21, 0xff, 0x85, 0x21, 0x9b, 0x00, 0x00, 0x00, 0x00, 0x00, 0x00,
    0x85, 0x21, 0xc7, 0x85, 0x21, 0xff, 0x85, 0x21, 0xff, 0x85, 0x21, 0x27, 0x00, 0x00, 0x00, 0x00, 0x00, 0x00, 0x00, 0x00, 0x00, 0x85, 0x21, 0x50,
    0x85, 0x21, 0xe6, 0x85, 0x21, 0x4e, 0x00, 0x00, 0x00, 0x00, 0x00, 0x00, 0x00, 0x00, 0x00, 0x85, 0x21, 0x96, 0x85, 0x21, 0xff, 0x85, 0x21, 0xff,
    0x85, 0x21, 0xff, 0x85, 0x21, 0xff, 0x85, 0x21, 0x93, 0x85, 0x21, 0x2d, 0x85, 0x21, 0xe9, 0x85, 0x21, 0xff, 0x85, 0x21, 0xff, 0x85, 0x21, 0xf9,
    0x85, 0x21, 0x2f, 0x00, 0x00, 0x00, 0x00, 0x00, 0x00, 0x00, 0x00, 0x00, 0x00, 0x00, 0x00, 0x00, 0x00, 0x00, 0x00, 0x00, 0x00, 0x00, 0x00, 0x00,
    0x00, 0x00, 0x00, 0x00, 0x00, 0x00, 0x00, 0x00, 0x00, 0x00, 0x00, 0x00, 0x85, 0x21, 0x12, 0x85, 0x21, 0xdf, 0x85, 0x21, 0xff, 0x85, 0x21, 0xff,
    0x85, 0x21, 0xff, 0x85, 0x21, 0xff, 0x85, 0x21, 0xff, 0x85, 0x21, 0xff, 0x85, 0x21, 0xf8, 0x85, 0x21, 0x63, 0x85, 0x21, 0x65, 0x85, 0x21, 0xff,
    0x85, 0x21, 0xff, 0x85, 0x21, 0xa3, 0x00, 0x00, 0x00, 0x00, 0x00, 0x00, 0x85, 0x21, 0x17, 0x85, 0x21, 0xff, 0x85, 0x21, 0xff, 0x85, 0x21, 0xd7,
    0x00, 0x00, 0x00, 0x00, 0x00, 0x00, 0x00, 0x00, 0x00, 0x00, 0x00, 0x00, 0x00, 0x00, 0x00, 0x00, 0x00, 0x00, 0x85, 0x21, 0x47, 0x85, 0x21, 0xff,
    0x85, 0x21, 0xff, 0x85, 0x21, 0xff, 0x85, 0x21, 0xff, 0x85, 0x21, 0xff, 0x85, 0x21, 0xd4, 0x85, 0x21, 0xff, 0x85, 0x21, 0xff, 0x85, 0x21, 0x9f,
    0x00, 0x00, 0x00, 0x00, 0x00, 0x00, 0x85, 0x21, 0x97, 0x85, 0x21, 0xff, 0x85, 0x21, 0xff, 0x85, 0x21, 0x2f, 0x00, 0x00, 0x00, 0x85, 0x21, 0x97,
    0x85, 0x21, 0xff, 0x85, 0x21, 0xff, 0x85, 0x21, 0x6f, 0x00, 0x00, 0x00, 0x00, 0x00, 0x00, 0x00, 0x00, 0x00, 0x00, 0x00, 0x00, 0x00, 0x00, 0x00,
    0x85, 0x21, 0x07, 0x85, 0x21, 0x59, 0x85, 0x21, 0xc2, 0x85, 0x21, 0xff, 0x85, 0x21, 0x6d, 0x00, 0x00, 0x00, 0x85, 0x21, 0xbd, 0x85, 0x21, 0xff,
    0x85, 0x21, 0xff, 0x85, 0x21, 0x4e, 0x00, 0x00, 0x00, 0x85, 0x21, 0x8f, 0x85, 0x21, 0xff, 0x85, 0x21, 0xff, 0x85, 0x21, 0x57, 0x85, 0x21, 0x5d,
    0x85, 0x21, 0xff, 0x85, 0x21, 0xff, 0x85, 0x21, 0x9d, 0x00, 0x00, 0x00, 0x00, 0x00, 0x00, 0x00, 0x00, 0x00, 0x00, 0x00, 0x00, 0x00, 0x00, 0x00,
    0x00, 0x00, 0x00, 0x85, 0x21, 0x67, 0x85, 0x21, 0xff, 0x85, 0x21, 0xff, 0x85, 0x21, 0xfb, 0x85, 0x21, 0xff, 0x85, 0x21, 0xff, 0x85, 0x21, 0xdc,
    0x85, 0x21, 0x01, 0x00, 0x00, 0x00, 0x00, 0x00, 0x00, 0x00, 0x00, 0x00, 0x85, 0x21, 0xd7, 0x85, 0x21, 0xff, 0x85, 0x21, 0xff, 0x85, 0x21, 0x63,
    0x00, 0x00, 0x00, 0x00, 0x00, 0x00, 0x00, 0x00, 0x00, 0x00, 0x00, 0x00, 0x00, 0x00, 0x00, 0x00, 0x00, 0x00, 0x00, 0x00, 0x00, 0x00, 0x00, 0x00,
    0x00, 0x00, 0x00, 0x00, 0x00, 0x00, 0x85, 0x21, 0x0c, 0x85, 0x21, 0xbb, 0x85, 0x21, 0xff, 0x85, 0x21, 0xff, 0x85, 0x21, 0xff, 0x85, 0x21, 0x59,
    0x00, 0x00, 0x00, 0x00, 0x00, 0x00, 0x85, 0x21, 0xb0, 0x85, 0x21, 0xff, 0x85, 0x21, 0xa3, 0x00, 0x00, 0x00, 0x00, 0x00, 0x00, 0x00, 0x00, 0x00,
    0x00, 0x00, 0x00, 0x00, 0x00, 0x00, 0x85, 0x21, 0xbb, 0x85, 0x21, 0xff, 0x85, 0x21, 0xff, 0x85, 0x21, 0x2f, 0x00, 0x00, 0x00, 0x00, 0x00, 0x00,
    0x00, 0x00, 0x00, 0x00, 0x00, 0x00, 0x85, 0x21, 0xbb, 0x85, 0x21, 0xff, 0x85, 0x21, 0xff, 0x85, 0x21, 0x5b, 0x00, 0x00, 0x00, 0x00, 0x00, 0x00,
    0x00, 0x00, 0x00, 0x00, 0x00, 0x00, 0x00, 0x00, 0x00, 0x00, 0x00, 0x00, 0x00, 0x00, 0x00, 0x00, 0x00, 0x00, 0x00, 0x00, 0x00, 0x00, 0x00, 0x00,
    0x00, 0x00, 0x00, 0x00, 0x00, 0x00, 0x00, 0x00, 0x00, 0x85, 0x21, 0x2a, 0x85, 0x21, 0xff, 0x85, 0x21, 0xff, 0x85, 0x21, 0xfd, 0x85, 0x21, 0x06,
    0x00, 0x00, 0x00, 0x85, 0x21, 0x23, 0x85, 0x21, 0xff, 0x85, 0x21, 0xff, 0x85, 0x21, 0xcb, 0x00, 0x00, 0x00, 0x00, 0x00, 0x00, 0x85, 0x21, 0x9b,
    0x85, 0x21, 0xff, 0x85, 0x21, 0xff, 0x85, 0x21, 0xff, 0x85, 0x21, 0xff, 0x85, 0x21, 0xff, 0x85, 0x21, 0xff, 0x85, 0x21, 0xff, 0x85, 0x21, 0xff,
    0x85, 0x21, 0xff, 0x85, 0x21, 0x9b, 0x00, 0x00, 0x00, 0x00, 0x00, 0x00, 0x85, 0x21, 0xc7, 0x85, 0x21, 0xff, 0x85, 0x21, 0xff, 0x85, 0x21, 0x27,
    0x00, 0x00, 0x00, 0x00, 0x00, 0x00, 0x00, 0x00, 0x00, 0x00, 0x00, 0x00, 0x85, 0x21, 0x04, 0x00, 0x00, 0x00, 0x00, 0x00, 0x00, 0x00, 0x00, 0x00,
    0x00, 0x00, 0x00, 0x85, 0x21, 0x3e, 0x85, 0x21, 0xab, 0x85, 0x21, 0xa5, 0x85, 0x21, 0x88, 0x85, 0x21, 0x4d, 0x85, 0x21, 0x67, 0x85, 0x21, 0xf6,
    0x85, 0x21, 0xff, 0x85, 0x21, 0xff, 0x85, 0x21, 0xfe, 0x85, 0x21, 0x58, 0x00, 0x00, 0x00, 0x00, 0x00, 0x00, 0x00, 0x00, 0x00, 0x00, 0x00, 0x00,
    0x00, 0x00, 0x00, 0x00, 0x00, 0x00, 0x00, 0x00, 0x00, 0x00, 0x00, 0x00, 0x00, 0x00, 0x00, 0x00, 0x00, 0x00, 0x00, 0x00, 0x00, 0x85, 0x21, 0x1f,
    0x85, 0x21, 0xd6, 0x85, 0x21, 0xff, 0x85, 0x21, 0xff, 0x85, 0x21, 0xeb, 0x85, 0x21, 0xff, 0x85, 0x21, 0xff, 0x85, 0x21, 0xb7, 0x85, 0x21, 0xfb,
    0x85, 0x21, 0xff, 0x85, 0x21, 0x95, 0x85, 0x21, 0xbb, 0x85, 0x21, 0xff, 0x85, 0x21, 0xff, 0x85, 0x21, 0x4e, 0x00, 0x00, 0x00, 0x00, 0x00, 0x00,
    0x85, 0x21, 0x17, 0x85, 0x21, 0xff, 0x85, 0x21, 0xff, 0x85, 0x21, 0xd7, 0x00, 0x00, 0x00, 0x00, 0x00, 0x00, 0x00, 0x00, 0x00, 0x00, 0x00, 0x00,
    0x00, 0x00, 0x00, 0x00, 0x00, 0x00, 0x85, 0x21, 0x52, 0x85, 0x21, 0xff, 0x85, 0x21, 0xff, 0x85, 0x21, 0xff, 0x85, 0x21, 0xff, 0x85, 0x21, 0xd6,
    0x85, 0x21, 0xf0, 0x85, 0x21, 0xff, 0x85, 0x21, 0xff, 0x85, 0x21, 0x66, 0x00, 0x00, 0x00, 0x00, 0x00, 0x00, 0x85, 0x21, 0x97, 0x85, 0x21, 0xff,
    0x85, 0x21, 0xff, 0x85, 0x21, 0x2f, 0x00, 0x00, 0x00, 0x85, 0x21, 0x97, 0x85, 0x21, 0xff, 0x85, 0x21, 0xff, 0x85, 0x21, 0x6f, 0x00, 0x00, 0x00,
    0x00, 0x00, 0x00, 0x00, 0x00, 0x00, 0x85, 0x21, 0x26, 0x85, 0x21, 0x8a, 0x85, 0x21, 0xeb, 0x85, 0x21, 0xff, 0x85, 0x21, 0xff, 0x85, 0x21, 0xff,
    0x85, 0x21, 0xa0, 0x85, 0x21, 0x3e, 0x85, 0x21, 0xff, 0x85, 0x21, 0xff, 0x85, 0x21, 0xce, 0x00, 0x00, 0x00, 0x00, 0x00, 0x00, 0x85, 0x21, 0x8f,
    0x85, 0x21, 0xff, 0x85, 0x21, 0xff, 0x85, 0x21, 0x57, 0x85, 0x21, 0x05, 0x85, 0x21, 0xe5, 0x85, 0x21, 0xff, 0x85, 0x21, 0xfa, 0x85, 0x21, 0x1e,
    0x00, 0x00, 0x00, 0x00, 0x00, 0x00, 0x00, 0x00, 0x00, 0x00, 0x00, 0x00, 0x00, 0x00, 0x00, 0x85, 0x21, 0x88, 0x85, 0x21, 0xff, 0x85, 0x21, 0xff,
    0x85, 0x21, 0xff, 0x85, 0x21, 0xff, 0x85, 0x21, 0xff, 0x85, 0x21, 0xb6, 0x85, 0x21, 0x07, 0x00, 0x00, 0x00, 0x00, 0x00, 0x00, 0x00, 0x00, 0x00,
    0x85, 0x21, 0xd7, 0x85, 0x21, 0xff, 0x85, 0x21, 0xff, 0x85, 0x21, 0x63, 0x00, 0x00, 0x00, 0x00, 0x00, 0x00, 0x00, 0x00, 0x00, 0x00, 0x00, 0x00,
    0x00, 0x00, 0x00, 0x00, 0x00, 0x00, 0x00, 0x00, 0x00, 0x00, 0x00, 0x00, 0x00, 0x00, 0x00, 0x85, 0x21, 0x16, 0x85, 0x21, 0xcc, 0x85, 0x21, 0xff,
    0x85, 0x21, 0xff, 0x85, 0x21, 0xff, 0x85, 0x21, 0xff, 0x85, 0x21, 0xd0, 0x85, 0x21, 0x03, 0x00, 0x00, 0x00, 0x85, 0x21, 0xd3, 0x85, 0x21, 0xff,
    0x85, 0x21, 0xc0, 0x00, 0x00, 0x00, 0x00, 0x00, 0x00, 0x00, 0x00, 0x00, 0x00, 0x00, 0x00, 0x00, 0x00, 0x00, 0x85, 0x21, 0xbb, 0x85, 0x21, 0xff,
    0x85, 0x21, 0xff, 0x85, 0x21, 0x2f, 0x00, 0x00, 0x00, 0x00, 0x00, 0x00, 0x00, 0x00, 0x00, 0x00, 0x00, 0x00, 0x85, 0x21, 0xb5, 0x85, 0x21, 0xff,
    0x85, 0x21, 0xff, 0x85, 0x21, 0x68, 0x00, 0x00, 0x00, 0x00, 0x00, 0x00, 0x00, 0x00, 0x00, 0x00, 0x00, 0x00, 0x00, 0x00, 0x00, 0x00, 0x00, 0x00,
    0x00, 0x00, 0x00, 0x00, 0x00, 0x00, 0x00, 0x00, 0x00, 0x00, 0x00, 0x00, 0x00, 0x00, 0x00, 0x00, 0x00, 0x00, 0x00, 0x00, 0x00, 0x85, 0x21, 0x7a,
    0x85, 0x21, 0xff, 0x85, 0x21, 0xff, 0x85, 0x21, 0xd9, 0x00, 0x00, 0x00, 0x00, 0x00, 0x00, 0x85, 0x21, 0x23, 0x85, 0x21, 0xff, 0x85, 0x21, 0xff,
    0x85, 0x21, 0xcb, 0x00, 0x00, 0x00, 0x00, 0x00, 0x00, 0x85, 0x21, 0x9b, 0x85, 0x21, 0xff, 0x85, 0x21, 0xff, 0x85, 0x21, 0x8e, 0x85, 0x21, 0x7b,
    0x85, 0x21, 0x7b, 0x85, 0x21, 0x7b, 0x85, 0x21, 0x7b, 0x85, 0x21, 0x7b, 0x85, 0x21, 0x7b, 0x85, 0x21, 0x4b, 0x00, 0x00, 0x00, 0x00, 0x00, 0x00,
    0x85, 0x21, 0xc7, 0x85, 0x21, 0xff, 0x85, 0x21, 0xff, 0x85, 0x21, 0x27, 0x00, 0x00, 0x00, 0x00, 0x00, 0x00, 0x00, 0x00, 0x00, 0x00, 0x00, 0x00,
    0x00, 0x00, 0x00, 0x00, 0x00, 0x00, 0x00, 0x00, 0x00, 0x00, 0x00, 0x00, 0x00, 0x00, 0x00, 0x00, 0x00, 0x00, 0x00, 0x00, 0x00, 0x00, 0x00, 0x00,
    0x85, 0x21, 0x48, 0x85, 0x21, 0xc9, 0x85, 0x21, 0xff, 0x85, 0x21, 0xff, 0x85, 0x21, 0xff, 0x85, 0x21, 0xfd, 0x85, 0x21, 0x6c, 0x00, 0x00, 0x00,
    0x00, 0x00, 0x00, 0x00, 0x00, 0x00, 0x00, 0x00, 0x00, 0x00, 0x00, 0x00, 0x00, 0x00, 0x00, 0x00, 0x00, 0x00, 0x00, 0x00, 0x00, 0x00, 0x00, 0x00,
    0x00, 0x00, 0x00, 0x00, 0x00, 0x00, 0x85, 0x21, 0x30, 0x85, 0x21, 0xe6, 0x85, 0x21, 0xff, 0x85, 0x21, 0xff, 0x85, 0x21, 0xc1, 0x85, 0x21, 0x80,
    0x85, 0x21, 0xff, 0x85, 0x21, 0xff, 0x85, 0x21, 0x6b, 0x85, 0x21, 0x5f, 0x85, 0x21, 0xc4, 0x85, 0x21, 0x3a, 0x85, 0x21, 0xfc, 0x85, 0x21, 0xff,
    0x85, 0x21, 0xef, 0x85, 0x21, 0x06, 0x00, 0x00, 0x00, 0x00, 0x00, 0x00, 0x85, 0x21, 0x17, 0x85, 0x21, 0xff, 0x85, 0x21, 0xff, 0x85, 0x21, 0xd7,
    0x00, 0x00, 0x00, 0x00, 0x00, 0x00, 0x00, 0x00, 0x00, 0x00, 0x00, 0x00, 0x00, 0x00, 0x00, 0x00, 0x00, 0x00, 0x85, 0x21, 0x89, 0x85, 0x21, 0xff,
    0x85, 0x21, 0xff, 0x85, 0x21, 0xff, 0x85, 0x21, 0xce, 0x85, 0x21, 0x4e, 0x85, 0x21, 0xff, 0x85, 0x21, 0xff, 0x85, 0x21, 0xff, 0x85, 0x21, 0x2e,
    0x00, 0x00, 0x00, 0x00, 0x00, 0x00, 0x85, 0x21, 0x97, 0x85, 0x21, 0xff, 0x85, 0x21, 0xff, 0x85, 0x21, 0x2f, 0x00, 0x00, 0x00, 0x85, 0x21, 0x97,
    0x85, 0x21, 0xff, 0x85, 0x21, 0xff, 0x85, 0x21, 0x6f, 0x00, 0x00, 0x00, 0x85, 0x21, 0x12, 0x85, 0x21, 0xc2, 0x85, 0x21, 0xff, 0x85, 0x21, 0xff,
    0x85, 0x21, 0xff, 0x85, 0x21, 0xff, 0x85, 0x21, 0xfd, 0x85, 0x21, 0xa6, 0x85, 0x21, 0x2d, 0x85, 0x21, 0xd5, 0x85, 0x21, 0xff, 0x85, 0x21, 0xff,
    0x85, 0x21, 0x4d, 0x00, 0x00, 0x00, 0x00, 0x00, 0x00, 0x85, 0x21, 0x8f, 0x85, 0x21, 0xff, 0x85, 0x21, 0xff, 0x85, 0x21, 0x57, 0x00, 0x00, 0x00,
    0x85, 0x21, 0x79, 0x85, 0x21, 0xff, 0x85, 0x21, 0xff, 0x85, 0x21, 0x8e, 0x00, 0x00, 0x00, 0x00, 0x00, 0x00, 0x00, 0x00, 0x00, 0x00, 0x00, 0x00,
    0x85, 0x21, 0x06, 0x85, 0x21, 0xda, 0x85, 0x21, 0xff, 0x85, 0x21, 0xff, 0x85, 0x21, 0xff, 0x85, 0x21, 0xfe, 0x85, 0x21, 0x81, 0x85, 0x21, 0x02,
    0x00, 0x00, 0x00, 0x00, 0x00, 0x00, 0x00, 0x00, 0x00, 0x00, 0x00, 0x00, 0x85, 0x21, 0xd7, 0x85, 0x21, 0xff, 0x85, 0x21, 0xff, 0x85, 0x21, 0x63,
    0x00, 0x00, 0x00, 0x00, 0x00, 0x00, 0x00, 0x00, 0x00, 0x00, 0x00, 0x00, 0x00, 0x00, 0x00, 0x00, 0x00, 0x00, 0x00, 0x00, 0x00, 0x00, 0x00, 0x00,
    0x85, 0x21, 0x3e, 0x85, 0x21, 0xde, 0x85, 0x21, 0xff, 0x85, 0x21, 0xff, 0x85, 0x21, 0xff, 0x85, 0x21, 0xff, 0x85, 0x21, 0xff, 0x85, 0x21, 0xff,
    0x85, 0x21, 0x8c, 0x85, 0x21, 0x27, 0x85, 0x21, 0xfc, 0x85, 0x21, 0xff, 0x85, 0x21, 0x94, 0x00, 0x00, 0x00, 0x00, 0x00, 0x00, 0x00, 0x00, 0x00,
    0x00, 0x00, 0x00, 0x00, 0x00, 0x00, 0x85, 0x21, 0xbb, 0x85, 0x21, 0xff, 0x85, 0x21, 0xff, 0x85, 0x21, 0x2f, 0x00, 0x00, 0x00, 0x00, 0x00, 0x00,
    0x00, 0x00, 0x00, 0x00, 0x00, 0x00, 0x85, 0x21, 0xa0, 0x85, 0x21, 0xff, 0x85, 0x21, 0xff, 0x85, 0x21, 0xc9, 0x85, 0x21, 0x2d, 0x85, 0x21, 0x09,
    0x85, 0x21, 0x01, 0x00, 0x00, 0x00, 0x00, 0x00, 0x00, 0x00, 0x00, 0x00, 0x00, 0x00, 0x00, 0x00, 0x00, 0x00, 0x00, 0x00, 0x00, 0x00, 0x00, 0x00,
    0x00, 0x00, 0x00, 0x85, 0x21, 0x13, 0x85, 0x21, 0x52, 0x85, 0x21, 0xed, 0x85, 0x21, 0xff, 0x85, 0x21, 0xff, 0x85, 0x21, 0x9d, 0x00, 0x00, 0x00,
    0x00, 0x00, 0x00, 0x85, 0x21, 0x23, 0x85, 0x21, 0xff, 0x85, 0x21, 0xff, 0x85, 0x21, 0xcb, 0x00, 0x00, 0x00, 0x00, 0x00, 0x00, 0x85, 0x21, 0x9b,
    0x85, 0x21, 0xff, 0x85, 0x21, 0xff, 0x85, 0x21, 0x23, 0x00, 0x00, 0x00, 0x00, 0x00, 0x00, 0x00, 0x00, 0x00, 0x00, 0x00, 0x00, 0x00, 0x00, 0x00,
    0x00, 0x00, 0x00, 0x00, 0x00, 0x00, 0x00, 0x00, 0x00, 0x00, 0x00, 0x00, 0x85, 0x21, 0xc7, 0x85, 0x21, 0xff, 0x85, 0x21, 0xff, 0x85, 0x21, 0x27,
    0x00, 0x00, 0x00, 0x00, 0x00, 0x00, 0x00, 0x00, 0x00, 0x00, 0x00, 0x00, 0x00, 0x00, 0x00, 0x00, 0x00, 0x00, 0x00, 0x00, 0x00, 0x00, 0x00, 0x00,
    0x85, 0x21, 0x03, 0x85, 0x21, 0x32, 0x85, 0x21, 0x83, 0x85, 0x21, 0xdb, 0x85, 0x21, 0xff, 0x85, 0x21, 0xff, 0x85, 0x21, 0xff, 0x85, 0x21, 0xff,
    0x85, 0x21, 0xee, 0x85, 0x21, 0x48, 0x00, 0x00, 0x00, 0x00, 0x00, 0x00, 0x00, 0x00, 0x00, 0x00, 0x00, 0x00, 0x00, 0x00, 0x00, 0x00, 0x00, 0x00,
    0x00, 0x00, 0x00, 0x00, 0x00, 0x00, 0x00, 0x00, 0x00, 0x00, 0x00, 0x00, 0x00, 0x00, 0x00, 0x00, 0x00, 0x00, 0x85, 0x21, 0x28, 0x85, 0x21, 0xe6,
    0x85, 0x21, 0xff, 0x85, 0x21, 0xdf, 0x85, 0x21, 0x18, 0x85, 0x21, 0x7b, 0x85, 0x21, 0xff, 0x85, 0x21, 0xff, 0x85, 0x21, 0x6b, 0x00, 0x00, 0x00,
    0x85, 0x21, 0x10, 0x85, 0x21, 0xd4, 0x85, 0x21, 0xff, 0x85, 0x21, 0xff, 0x85, 0x21, 0x9a, 0x00, 0x00, 0x00, 0x00, 0x00, 0x00, 0x00, 0x00, 0x00,
    0x85, 0x21, 0x17, 0x85, 0x21, 0xff, 0x85, 0x21, 0xff, 0x85, 0x21, 0xd7, 0x00, 0x00, 0x00, 0x00, 0x00, 0x00, 0x00, 0x00, 0x00, 0x00, 0x00, 0x00,
    0x00, 0x00, 0x00, 0x85, 0x21, 0x0e, 0x85, 0x21, 0xdf, 0x85, 0x21, 0xff, 0x85, 0x21, 0xff, 0x85, 0x21, 0xc9, 0x85, 0x21, 0x10, 0x85, 0x21, 0xaa,
    0x85, 0x21, 0xff, 0x85, 0x21, 0xff, 0x85, 0x21, 0xe3, 0x85, 0x21, 0x02, 0x00, 0x00, 0x00, 0x00, 0x00, 0x00, 0x85, 0x21, 0x0e, 0x85, 0x21, 0x17,
    0x85, 0x21, 0x17, 0x85, 0x21, 0x04, 0x00, 0x00, 0x00, 0x85, 0x21, 0x97, 0x85, 0x21, 0xff, 0x85, 0x21, 0xff, 0x85, 0x21, 0x6f, 0x00, 0x00, 0x00,
    0x85, 0x21, 0x03, 0x85, 0x21, 0xf2, 0x85, 0x21, 0xff, 0x85, 0x21, 0xff, 0x85, 0x21, 0xfe, 0x85, 0x21, 0xab, 0x85, 0x21, 0x2b, 0x00, 0x00, 0x00,
    0x85, 0x21, 0x96, 0x85, 0x21, 0xff, 0x85, 0x21, 0xff, 0x85, 0x21, 0xb1, 0x85, 0x21, 0x01, 0x00, 0x00, 0x00, 0x00, 0x00, 0x00, 0x85, 0x21, 0x9b,
    0x85, 0x21, 0xff, 0x85, 0x21, 0xff, 0x85, 0x21, 0x54, 0x00, 0x00, 0x00, 0x85, 0x21, 0x14, 0x85, 0x21, 0xf7, 0x85, 0x21, 0xff, 0x85, 0x21, 0xf1,
    0x85, 0x21, 0x0c, 0x00, 0x00, 0x00, 0x00, 0x00, 0x00, 0x00, 0x00, 0x00, 0x85, 0x21, 0x92, 0x85, 0x21, 0xff, 0x85, 0x21, 0xff, 0x85, 0x21, 0xff,
    0x85, 0x21, 0xef, 0x85, 0x21, 0x4b, 0x00, 0x00, 0x00, 0x00, 0x00, 0x00, 0x00, 0x00, 0x00, 0x00, 0x00, 0x00, 0x00, 0x00, 0x00, 0x00, 0x00, 0x00,
    0x85, 0x21, 0xd7, 0x85, 0x21, 0xff, 0x85, 0x21, 0xff, 0x85, 0x21, 0x63, 0x00, 0x00, 0x00, 0x00, 0x00, 0x00, 0x00, 0x00, 0x00, 0x00, 0x00, 0x00,
    0x00, 0x00, 0x00, 0x00, 0x00, 0x00, 0x85, 0x21, 0x0a, 0x85, 0x21, 0x91, 0x85, 0x21, 0xfe, 0x85, 0x21, 0xff, 0x85, 0x21, 0xff, 0x85, 0x21, 0xfe,
    0x85, 0x21, 0x74, 0x85, 0x21, 0xad, 0x85, 0x21, 0xff, 0x85, 0x21, 0xff, 0x85, 0x21, 0xff, 0x85, 0x21, 0xff, 0x85, 0x21, 0xff, 0x85, 0x21, 0xff,
    0x85, 0x21, 0x4e, 0x00, 0x00, 0x00, 0x85, 0x21, 0x05, 0x85, 0x21, 0x05, 0x85, 0x21, 0x01, 0x85, 0x21, 0x04, 0x85, 0x21, 0xcc, 0x85, 0x21, 0xff,
    0x85, 0x21, 0xff, 0x85, 0x21, 0x2d, 0x00, 0x00, 0x00, 0x00, 0x00, 0x00, 0x00, 0x00, 0x00, 0x00, 0x00, 0x00, 0x85, 0x21, 0x5d, 0x85, 0x21, 0xff,
    0x85, 0x21, 0xff, 0x85, 0x21, 0xff, 0x85, 0x21, 0xff, 0x85, 0x21, 0xff, 0x85, 0x21, 0xff, 0x85, 0x21, 0xff, 0x85, 0x21, 0xff, 0x85, 0x21, 0xff,
    0x85, 0x21, 0xff, 0x85, 0x21, 0xff, 0x85, 0x21, 0xff, 0x85, 0x21, 0xff, 0x85, 0x21, 0xff, 0x85, 0x21, 0xff, 0x85, 0x21, 0xff, 0x85, 0x21, 0xff,
    0x85, 0x21, 0xff, 0x85, 0x21, 0xff, 0x85, 0x21, 0x41, 0x00, 0x00, 0x00, 0x00, 0x00, 0x00, 0x85, 0x21, 0x23, 0x85, 0x21, 0xff, 0x85, 0x21, 0xff,
    0x85, 0x21, 0xcb, 0x00, 0x00, 0x00, 0x00, 0x00, 0x00, 0x85, 0x21, 0x6d, 0x85, 0x21, 0xb3, 0x85, 0x21, 0xb3, 0x85, 0x21, 0x19, 0x00, 0x00, 0x00,
    0x00, 0x00, 0x00, 0x00, 0x00, 0x00, 0x00, 0x00, 0x00, 0x00, 0x00, 0x00, 0x00, 0x00, 0x00, 0x00, 0x00, 0x00, 0x00, 0x00, 0x00, 0x85, 0x21, 0x02,
    0x85, 0x21, 0xd8, 0x85, 0x21, 0xff, 0x85, 0x21, 0xff, 0x85, 0x21, 0x24, 0x00, 0x00, 0x00, 0x00, 0x00, 0x00, 0x00, 0x00, 0x00, 0x00, 0x00, 0x00,
    0x85, 0x21, 0x3e, 0x85, 0x21, 0x66, 0x85, 0x21, 0x8b, 0x85, 0x21, 0xbb, 0x85, 0x21, 0xf3, 0x85, 0x21, 0xff, 0x85, 0x21, 0xff, 0x85, 0x21, 0xff,
    0x85, 0x21, 0xff, 0x85, 0x21, 0xff, 0x85, 0x21, 0xfe, 0x85, 0x21, 0xa2, 0x85, 0x21, 0x1c, 0x00, 0x00, 0x00, 0x00, 0x00, 0x00, 0x00, 0x00, 0x00,
    0x00, 0x00, 0x00, 0x00, 0x00, 0x00, 0x00, 0x00, 0x00, 0x00, 0x00, 0x00, 0x00, 0x00, 0x00, 0x00, 0x00, 0x00, 0x00, 0x00, 0x00, 0x00, 0x00, 0x00,
    0x00, 0x00, 0x00, 0x00, 0x00, 0x00, 0x00, 0x00, 0x00, 0x85, 0x21, 0x31, 0x85, 0x21, 0xd3, 0x85, 0x21, 0x1e, 0x00, 0x00, 0x00, 0x85, 0x21, 0x7b,
    0x85, 0x21, 0xff, 0x85, 0x21, 0xff, 0x85, 0x21, 0x6b, 0x00, 0x00, 0x00, 0x85, 0x21, 0x6f, 0x85, 0x21, 0xff, 0x85, 0x21, 0xff, 0x85, 0x21, 0xef,
    0x85, 0x21, 0x1b, 0x00, 0x00, 0x00, 0x00, 0x00, 0x00, 0x00, 0x00, 0x00, 0x85, 0x21, 0x17, 0x85, 0x21, 0xff, 0x85, 0x21, 0xff, 0x85, 0x21, 0xd7,
    0x00, 0x00, 0x00, 0x00, 0x00, 0x00, 0x00, 0x00, 0x00, 0x00, 0x00, 0x00, 0x00, 0x00, 0x00, 0x85, 0x21, 0x4e, 0x85, 0x21, 0xff, 0x85, 0x21, 0xff,
    0x85, 0x21, 0xc6, 0x85, 0x21, 0x0e, 0x85, 0x21, 0x2d, 0x85, 0x21, 0xfe, 0x85, 0x21, 0xff, 0x85, 0x21, 0xff, 0x85, 0x21, 0x79, 0x00, 0x00, 0x00,
    0x00, 0x00, 0x00, 0x00, 0x00, 0x00, 0x00, 0x00, 0x00, 0x00, 0x00, 0x00, 0x00, 0x00, 0x00, 0x00, 0x00, 0x00, 0x00, 0x00, 0x00, 0x85, 0x21, 0x97,
    0x85, 0x21, 0xff, 0x85, 0x21, 0xff, 0x85, 0x21, 0x6f, 0x00, 0x00, 0x00, 0x00, 0x00, 0x00, 0x85, 0x21, 0xbb, 0x85, 0x21, 0xfb, 0x85, 0x21, 0xa3,
    0x85, 0x21, 0x2b, 0x00, 0x00, 0x00, 0x00, 0x00, 0x00, 0x00, 0x00, 0x00, 0x85, 0x21, 0x7d, 0x85, 0x21, 0xfd, 0x85, 0x21, 0xe7, 0x85, 0x21, 0x1a,
    0x85, 0x21, 0x52, 0x85, 0x21, 0xff, 0x85, 0x21, 0xfe, 0x85, 0x21, 0xff, 0x85, 0x21, 0xff, 0x85, 0x21, 0xff, 0x85, 0x21, 0x36, 0x00, 0x00, 0x00,
    0x00, 0x00, 0x00, 0x85, 0x21, 0xa1, 0x85, 0x21, 0xfa, 0x85, 0x21, 0x97, 0x85, 0x21, 0x10, 0x00, 0x00, 0x00, 0x00, 0x00, 0x00, 0x00, 0x00, 0x00,
    0x85, 0x21, 0x40, 0x85, 0x21, 0xff, 0x85, 0x21, 0xff, 0x85, 0x21, 0xd4, 0x85, 0x21, 0x24, 0x00, 0x00, 0x00, 0x00, 0x00, 0x00, 0x00, 0x00, 0x00,
    0x00, 0x00, 0x00, 0x00, 0x00, 0x00, 0x00, 0x00, 0x00, 0x00, 0x00, 0x00, 0x85, 0x21, 0xd7, 0x85, 0x21, 0xff, 0x85, 0x21, 0xff, 0x85, 0x21, 0x63,
    0x00, 0x00, 0x00, 0x00, 0x00, 0x00, 0x00, 0x00, 0x00, 0x00, 0x00, 0x00, 0x00, 0x00, 0x00, 0x00, 0x00, 0x00, 0x85, 0x21, 0x11, 0x85, 0x21, 0xce,
    0x85, 0x21, 0xff, 0x85, 0x21, 0xff, 0x85, 0x21, 0xf6, 0x85, 0x21, 0x54, 0x00, 0x00, 0x00, 0x85, 0x21, 0x07, 0x85, 0x21, 0xbd, 0x85, 0x21, 0xff,
    0x85, 0x21, 0xff, 0x85, 0x21, 0xff, 0x85, 0x21, 0xff, 0x85, 0x21, 0xe0, 0x85, 0x21, 0x03, 0x00, 0x00, 0x00, 0x85, 0x21, 0x65, 0x85, 0x21, 0xff,
    0x85, 0x21, 0xff, 0x85, 0x21, 0xff, 0x85, 0x21, 0xff, 0x85, 0x21, 0xff, 0x85, 0x21, 0xff, 0x85, 0x21, 0x19, 0x00, 0x00, 0x00, 0x00, 0x00, 0x00,
    0x00, 0x00, 0x00, 0x00, 0x00, 0x00, 0x85, 0x21, 0x01, 0x85, 0x21, 0xbe, 0x85, 0x21, 0xff, 0x85, 0x21, 0xff, 0x85, 0x21, 0xff, 0x85, 0x21, 0xff,
    0x85, 0x21, 0xff, 0x85, 0x21, 0xff, 0x85, 0x21, 0xff, 0x85, 0x21, 0xff, 0x85, 0x21, 0xff, 0x85, 0x21, 0xff, 0x85, 0x21, 0xff, 0x85, 0x21, 0xff,
    0x85, 0x21, 0xff, 0x85, 0x21, 0xff, 0x85, 0x21, 0xff, 0x85, 0x21, 0xff, 0x85, 0x21, 0xff, 0x85, 0x21, 0x99, 0x00, 0x00, 0x00, 0x00, 0x00, 0x00,
    0x00, 0x00, 0x00, 0x85, 0x21, 0x23, 0x85, 0x21, 0xff, 0x85, 0x21, 0xff, 0x85, 0x21, 0xcb, 0x00, 0x00, 0x00, 0x00, 0x00, 0x00, 0x00, 0x00, 0x00,
    0x00, 0x00, 0x00, 0x00, 0x00, 0x00, 0x00, 0x00, 0x00, 0x00, 0x00, 0x00, 0x00, 0x00, 0x00, 0x00, 0x00, 0x00, 0x00, 0x00, 0x00, 0x00, 0x00, 0x00,
    0x85, 0x21, 0x5f, 0x85, 0x21, 0xf5, 0x85, 0x21, 0xef, 0x85, 0x21, 0xf4, 0x85, 0x21, 0xff, 0x85, 0x21, 0xff, 0x85, 0x21, 0xff, 0x85, 0x21, 0x11,
    0x00, 0x00, 0x00, 0x00, 0x00, 0x00, 0x00, 0x00, 0x00, 0x00, 0x00, 0x00, 0x85, 0x21, 0x90, 0x85, 0x21, 0xff, 0x85, 0x21, 0xff, 0x85, 0x21, 0xff,
    0x85, 0x21, 0xff, 0x85, 0x21, 0xff, 0x85, 0x21, 0xff, 0x85, 0x21, 0xff, 0x85, 0x21, 0xf6, 0x85, 0x21, 0xa2, 0x85, 0x21, 0x32, 0x00, 0x00, 0x00,
    0x00, 0x00, 0x00, 0x00, 0x00, 0x00, 0x00, 0x00, 0x00, 0x00, 0x00, 0x00, 0x00, 0x00, 0x00, 0x00, 0x00, 0x00, 0x00, 0x00, 0x00, 0x00, 0x00, 0x00,
    0x00, 0x00, 0x00, 0x00, 0x00, 0x00, 0x00, 0x00, 0x00, 0x00, 0x00, 0x00, 0x00, 0x00, 0x00, 0x00, 0x00, 0x00, 0x00, 0x00, 0x00, 0x00, 0x00, 0x00,
    0x85, 0x21, 0x03, 0x00, 0x00, 0x00, 0x00, 0x00, 0x00, 0x85, 0x21, 0x7b, 0x85, 0x21, 0xff, 0x85, 0x21, 0xff, 0x85, 0x21, 0x6b, 0x00, 0x00, 0x00,
    0x85, 0x21, 0x06, 0x85, 0x21, 0x9f, 0x85, 0x21, 0xff, 0x85, 0x21, 0x5c, 0x00, 0x00, 0x00, 0x00, 0x00, 0x00, 0x00, 0x00, 0x00, 0x00, 0x00, 0x00,
    0x85, 0x21, 0x17, 0x85, 0x21, 0xff, 0x85, 0x21, 0xff, 0x85, 0x21, 0xd7, 0x00, 0x00, 0x00, 0x00, 0x00, 0x00, 0x00, 0x00, 0x00, 0x00, 0x00, 0x00,
    0x00, 0x00, 0x00, 0x00, 0x00, 0x00, 0x85, 0x21, 0x9e, 0x85, 0x21, 0xcb, 0x85, 0x21, 0x0d, 0x00, 0x00, 0x00, 0x85, 0x21, 0x01, 0x85, 0x21, 0x57,
    0x85, 0x21, 0xde, 0x85, 0x21, 0xf7, 0x85, 0x21, 0x14, 0x00, 0x00, 0x00, 0x00, 0x00, 0x00, 0x00, 0x00, 0x00, 0x00, 0x00, 0x00, 0x00, 0x00, 0x00,
    0x00, 0x00, 0x00, 0x00, 0x00, 0x00, 0x00, 0x00, 0x00, 0x85, 0x21, 0x97, 0x85, 0x21, 0xff, 0x85, 0x21, 0xff, 0x85, 0x21, 0x6f, 0x00, 0x00, 0x00,
    0x00, 0x00, 0x00, 0x85, 0x21, 0x43, 0x85, 0x21, 0x21, 0x00, 0x00, 0x00, 0x00, 0x00, 0x00, 0x00, 0x00, 0x00, 0x00, 0x00, 0x00, 0x00, 0x00, 0x00,
    0x00, 0x00, 0x00, 0x85, 0x21, 0x46, 0x85, 0x21, 0x39, 0x00, 0x00, 0x00, 0x85, 0x21, 0x05, 0x85, 0x21, 0xf3, 0x85, 0x21, 0xff, 0x85, 0x21, 0xff,
    0x85, 0x21, 0xff, 0x85, 0x21, 0xcf, 0x85, 0x21, 0x09, 0x00, 0x00, 0x00, 0x00, 0x00, 0x00, 0x85, 0x21, 0x25, 0x85, 0x21, 0x21, 0x00, 0x00, 0x00,
    0x00, 0x00, 0x00, 0x00, 0x00, 0x00, 0x00, 0x00, 0x00, 0x00, 0x00, 0x00, 0x00, 0x00, 0x00, 0x85, 0x21, 0xc0, 0x85, 0x21, 0xb8, 0x85, 0x21, 0x0d,
    0x00, 0x00, 0x00, 0x00, 0x00, 0x00, 0x00, 0x00, 0x00, 0x00, 0x00, 0x00, 0x00, 0x00, 0x00, 0x00, 0x00, 0x00, 0x00, 0x00, 0x00, 0x00, 0x00, 0x00,
    0x85, 0x21, 0xd7, 0x85, 0x21, 0xff, 0x85, 0x21, 0xff, 0x85, 0x21, 0x63, 0x00, 0x00, 0x00, 0x00, 0x00, 0x00, 0x00, 0x00, 0x00, 0x00, 0x00, 0x00,
    0x00, 0x00, 0x00, 0x00, 0x00, 0x00, 0x00, 0x00, 0x00, 0x85, 0x21, 0x15, 0x85, 0x21, 0xe1, 0x85, 0x21, 0xcd, 0x85, 0x21, 0x2a, 0x00, 0x00, 0x00,
    0x00, 0x00, 0x00, 0x00, 0x00, 0x00, 0x85, 0x21, 0x0b, 0x85, 0x21, 0x84, 0x85, 0x21, 0xde, 0x85, 0x21, 0xf2, 0x85, 0x21, 0xc2, 0x85, 0x21, 0x26,
    0x00, 0x00, 0x00, 0x00, 0x00, 0x00, 0x85, 0x21, 0x0d, 0x85, 0x21, 0xf9, 0x85, 0x21, 0xff, 0x85, 0x21, 0xff, 0x85, 0x21, 0xff, 0x85, 0x21, 0xff,
    0x85, 0x21, 0xb4, 0x00, 0x00, 0x00, 0x00, 0x00, 0x00, 0x00, 0x00, 0x00, 0x00, 0x00, 0x00, 0x00, 0x00, 0x00, 0x00, 0x00, 0x00, 0x85, 0x21, 0x0c,
    0x85, 0x21, 0x79, 0x85, 0x21, 0xc3, 0x85, 0x21, 0xe7, 0x85, 0x21, 0xf8, 0x85, 0x21, 0xfe, 0x85, 0x21, 0xff, 0x85, 0x21, 0xff, 0x85, 0x21, 0xff,
    0x85, 0x21, 0xff, 0x85, 0x21, 0xff, 0x85, 0x21, 0xff, 0x85, 0x21, 0xff, 0x85, 0x21, 0xff, 0x85, 0x21, 0xf9, 0x85, 0x21, 0xe9, 0x85, 0x21, 0xbc,
    0x85, 0x21, 0x44, 0x00, 0x00, 0x00, 0x00, 0x00, 0x00, 0x00, 0x00, 0x00, 0x00, 0x00, 0x00, 0x85, 0x21, 0x23, 0x85, 0x21, 0xff, 0x85, 0x21, 0xff,
    0x85, 0x21, 0xcb, 0x00, 0x00, 0x00, 0x00, 0x00, 0x00, 0x00, 0x00, 0x00, 0x00, 0x00, 0x00, 0x00, 0x00, 0x00, 0x00, 0x00, 0x00, 0x00, 0x00, 0x00,
    0x00, 0x00, 0x00, 0x00, 0x00, 0x00, 0x00, 0x00, 0x00, 0x00, 0x00, 0x00, 0x85, 0x21, 0x07, 0x85, 0x21, 0xf0, 0x85, 0x21, 0xff, 0x85, 0x21, 0xff,
    0x85, 0x21, 0xff, 0x85, 0x21, 0xff, 0x85, 0x21, 0xb1, 0x00, 0x00, 0x00, 0x00, 0x00, 0x00, 0x00, 0x00, 0x00, 0x00, 0x00, 0x00, 0x00, 0x00, 0x00,
    0x85, 0x21, 0x0e, 0x85, 0x21, 0xf2, 0x85, 0x21, 0xff, 0x85, 0x21, 0xff, 0x85, 0x21, 0xff, 0x85, 0x21, 0xef, 0x85, 0x21, 0xac, 0x85, 0x21, 0x64,
    0x85, 0x21, 0x10, 0x00, 0x00, 0x00, 0x00, 0x00, 0x00, 0x00, 0x00, 0x00, 0x00, 0x00, 0x00, 0x00, 0x00, 0x00, 0x00, 0x00, 0x00, 0x00, 0x00, 0x00,
    0x00, 0x00, 0x00, 0x00, 0x00, 0x00, 0x00, 0x00, 0x00, 0x00, 0x00, 0x00, 0x00, 0x00, 0x00, 0x00, 0x00, 0x00, 0x00, 0x00, 0x00, 0x00, 0x00, 0x00,
    0x00, 0x00, 0x00, 0x00, 0x00, 0x00, 0x00, 0x00, 0x00, 0x00, 0x00, 0x00, 0x00, 0x00, 0x00, 0x00, 0x00, 0x00, 0x00, 0x00, 0x00, 0x85, 0x21, 0x55,
    0x85, 0x21, 0xaf, 0x85, 0x21, 0xaf, 0x85, 0x21, 0x4a, 0x00, 0x00, 0x00, 0x00, 0x00, 0x00, 0x85, 0x21, 0x03, 0x85, 0x21, 0x74, 0x00, 0x00, 0x00,
    0x00, 0x00, 0x00, 0x00, 0x00, 0x00, 0x00, 0x00, 0x00, 0x00, 0x00, 0x00, 0x85, 0x21, 0x0e, 0x85, 0x21, 0x97, 0x85, 0x21, 0x97, 0x85, 0x21, 0x80,
    0x00, 0x00, 0x00, 0x00, 0x00, 0x00, 0x00, 0x00, 0x00, 0x00, 0x00, 0x00, 0x00, 0x00, 0x00, 0x00, 0x00, 0x00, 0x85, 0x21, 0x16, 0x85, 0x21, 0x19,
    0x00, 0x00, 0x00, 0x00, 0x00, 0x00, 0x00, 0x00, 0x00, 0x00, 0x00, 0x00, 0x85, 0x21, 0x0b, 0x85, 0x21, 0x54, 0x00, 0x00, 0x00, 0x00, 0x00, 0x00,
    0x00, 0x00, 0x00, 0x00, 0x00, 0x00, 0x00, 0x00, 0x00, 0x00, 0x00, 0x00, 0x00, 0x00, 0x00, 0x00, 0x00, 0x00, 0x00, 0x00, 0x00, 0x85, 0x21, 0x36,
    0x85, 0x21, 0x5b, 0x85, 0x21, 0x5b, 0x85, 0x21, 0x28, 0x00, 0x00, 0x00, 0x00, 0x00, 0x00, 0x00, 0x00, 0x00, 0x00, 0x00, 0x00, 0x00, 0x00, 0x00,
    0x00, 0x00, 0x00, 0x00, 0x00, 0x00, 0x00, 0x00, 0x00, 0x00, 0x00, 0x00, 0x00, 0x00, 0x00, 0x00, 0x00, 0x00, 0x00, 0x00, 0x00, 0x00, 0x00, 0x00,
    0x00, 0x00, 0x00, 0x85, 0x21, 0x85, 0x85, 0x21, 0xa5, 0x85, 0x21, 0x96, 0x85, 0x21, 0x5f, 0x85, 0x21, 0x10, 0x00, 0x00, 0x00, 0x00, 0x00, 0x00,
    0x00, 0x00, 0x00, 0x00, 0x00, 0x00, 0x00, 0x00, 0x00, 0x00, 0x00, 0x00, 0x00, 0x00, 0x00, 0x00, 0x00, 0x00, 0x00, 0x00, 0x00, 0x00, 0x00, 0x00,
    0x00, 0x00, 0x00, 0x85, 0x21, 0x31, 0x85, 0x21, 0x05, 0x00, 0x00, 0x00, 0x00, 0x00, 0x00, 0x00, 0x00, 0x00, 0x00, 0x00, 0x00, 0x00, 0x00, 0x00,
    0x00, 0x00, 0x00, 0x00, 0x00, 0x00, 0x00, 0x00, 0x00, 0x00, 0x00, 0x00, 0x85, 0x21, 0xa1, 0x85, 0x21, 0xbf, 0x85, 0x21, 0xbf, 0x85, 0x21, 0x4a,
    0x00, 0x00, 0x00, 0x00, 0x00, 0x00, 0x00, 0x00, 0x00, 0x00, 0x00, 0x00, 0x00, 0x00, 0x00, 0x00, 0x00, 0x00, 0x00, 0x00, 0x00, 0x00, 0x00, 0x00,
    0x85, 0x21, 0x1f, 0x85, 0x21, 0x05, 0x00, 0x00, 0x00, 0x00, 0x00, 0x00, 0x00, 0x00, 0x00, 0x00, 0x00, 0x00, 0x00, 0x00, 0x00, 0x00, 0x00, 0x00,
    0x00, 0x00, 0x00, 0x00, 0x00, 0x00, 0x00, 0x00, 0x00, 0x00, 0x00, 0x00, 0x00, 0x00, 0x00, 0x00, 0x00, 0x00, 0x00, 0x00, 0x00, 0x85, 0x21, 0xb7,
    0x85, 0x21, 0xe4, 0x85, 0x21, 0xd9, 0x85, 0x21, 0xb7, 0x85, 0x21, 0x75, 0x85, 0x21, 0x08, 0x00, 0x00, 0x00, 0x00, 0x00, 0x00, 0x00, 0x00, 0x00,
    0x00, 0x00, 0x00, 0x00, 0x00, 0x00, 0x00, 0x00, 0x00, 0x00, 0x00, 0x00, 0x00, 0x00, 0x00, 0x00, 0x00, 0x00, 0x00, 0x00, 0x00, 0x00, 0x00, 0x00,
    0x00, 0x00, 0x00, 0x00, 0x00, 0x00, 0x00, 0x00, 0x00, 0x00, 0x00, 0x00, 0x00, 0x00, 0x00, 0x00, 0x00, 0x00, 0x00, 0x00, 0x00, 0x00, 0x00, 0x00,
    0x00, 0x00, 0x00, 0x00, 0x00, 0x00, 0x00, 0x00, 0x00, 0x00, 0x00, 0x00, 0x00, 0x00, 0x00, 0x00, 0x00, 0x00, 0x00, 0x00, 0x00, 0x00, 0x00, 0x00,
    0x00, 0x00, 0x00, 0x85, 0x21, 0x22, 0x85, 0x21, 0xf3, 0x85, 0x21, 0xf3, 0x85, 0x21, 0xc2, 0x00, 0x00, 0x00, 0x00, 0x00, 0x00, 0x00, 0x00, 0x00,
    0x00, 0x00, 0x00, 0x00, 0x00, 0x00, 0x00, 0x00, 0x00, 0x00, 0x00, 0x00, 0x00, 0x00, 0x00, 0x00, 0x00, 0x00, 0x00, 0x00, 0x00, 0x00, 0x00, 0x00,
    0x00, 0x00, 0x00, 0x85, 0x21, 0xa7, 0x85, 0x21, 0xeb, 0x85, 0x21, 0xe2, 0x85, 0x21, 0xc1, 0x85, 0x21, 0x80, 0x85, 0x21, 0x09, 0x00, 0x00, 0x00,
    0x00, 0x00, 0x00, 0x00, 0x00, 0x00, 0x00, 0x00, 0x00, 0x00, 0x00, 0x00, 0x00, 0x00, 0x00, 0x85, 0x21, 0x74, 0x85, 0x21, 0x95, 0x85, 0x21, 0x64,
    0x85, 0x21, 0x32, 0x85, 0x21, 0x03, 0x00, 0x00, 0x00, 0x00, 0x00, 0x00, 0x00, 0x00, 0x00, 0x00, 0x00, 0x00, 0x00, 0x00, 0x00, 0x00, 0x00, 0x00,
    0x00, 0x00, 0x00, 0x00, 0x00, 0x00, 0x00, 0x00, 0x00, 0x00, 0x00, 0x00, 0x00, 0x00, 0x00, 0x00, 0x00, 0x00, 0x00, 0x00, 0x00, 0x00, 0x00, 0x00,
    0x00, 0x00, 0x00, 0x00, 0x00, 0x00, 0x00, 0x00, 0x00, 0x00, 0x00, 0x00, 0x00, 0x00, 0x00, 0x00, 0x00, 0x00, 0x00, 0x00, 0x00, 0x00, 0x00, 0x00,
    0x00, 0x00, 0x00, 0x00, 0x00, 0x00, 0x00, 0x00, 0x00, 0x00, 0x00, 0x00, 0x00, 0x00, 0x00, 0x00, 0x00, 0x00, 0x00, 0x00, 0x00, 0x00, 0x00, 0x00,
    0x00, 0x00, 0x00, 0x00, 0x00, 0x00, 0x00, 0x00, 0x00, 0x00, 0x00, 0x00, 0x00, 0x00, 0x00, 0x00, 0x00, 0x00, 0x00, 0x00, 0x00, 0x00, 0x00, 0x00,
    0x00, 0x00, 0x00, 0x00, 0x00, 0x00, 0x00, 0x00, 0x00, 0x00, 0x00, 0x00, 0x00, 0x00, 0x00, 0x00, 0x00, 0x00, 0x00, 0x00, 0x00, 0x00, 0x00, 0x00,
    0x00, 0x00, 0x00, 0x00, 0x00, 0x00, 0x00, 0x00, 0x00, 0x00, 0x00, 0x00, 0x00, 0x00, 0x00, 0x00, 0x00, 0x00, 0x00, 0x00, 0x00, 0x00, 0x00, 0x00,
    0x00, 0x00, 0x00, 0x00, 0x00, 0x00, 0x00, 0x00, 0x00, 0x00, 0x00, 0x00, 0x00, 0x00, 0x00, 0x00, 0x00, 0x00, 0x00, 0x00, 0x00, 0x00, 0x00, 0x00,
    0x00, 0x00, 0x00, 0x00, 0x00, 0x00, 0x00, 0x00, 0x00, 0x00, 0x00, 0x00, 0x00, 0x00, 0x00, 0x00, 0x00, 0x00, 0x00, 0x00, 0x00, 0x00, 0x00, 0x00,
    0x00, 0x00, 0x00, 0x00, 0x00, 0x00, 0x00, 0x00, 0x00, 0x00, 0x00, 0x00, 0x00, 0x00, 0x00, 0x00, 0x00, 0x00, 0x00, 0x00, 0x00, 0x00, 0x00, 0x00,
    0x00, 0x00, 0x00, 0x00, 0x00, 0x00, 0x00, 0x00, 0x00, 0x00, 0x00, 0x00, 0x00, 0x00, 0x00, 0x00, 0x00, 0x00, 0x00, 0x00, 0x00, 0x00, 0x00, 0x00,
    0x00, 0x00, 0x00, 0x00, 0x00, 0x00, 0x00, 0x00, 0x00, 0x00, 0x00, 0x00, 0x00, 0x00, 0x00, 0x00, 0x00, 0x00, 0x00, 0x00, 0x00, 0x00, 0x00, 0x00,
    0x00, 0x00, 0x00, 0x00, 0x00, 0x00, 0x00, 0x00, 0x00, 0x00, 0x00, 0x00, 0x00, 0x00, 0x00, 0x00, 0x00, 0x00, 0x00, 0x00, 0x00, 0x00, 0x00, 0x00,
    0x00, 0x00, 0x00, 0x00, 0x00, 0x00, 0x00, 0x00, 0x00, 0x00, 0x00, 0x00, 0x00, 0x00, 0x00, 0x00, 0x00, 0x00, 0x00, 0x00, 0x00, 0x00, 0x00, 0x00,
    0x00, 0x00, 0x00, 0x00, 0x00, 0x00, 0x00, 0x00, 0x00, 0x00, 0x00, 0x00, 0x00, 0x00, 0x00, 0x00, 0x00, 0x00, 0x00, 0x00, 0x00, 0x00, 0x00, 0x00,
    0x00, 0x00, 0x00, 0x00, 0x00, 0x00, 0x00, 0x00, 0x00, 0x00, 0x00, 0x00, 0x00, 0x00, 0x00, 0x00, 0x00, 0x00, 0x00, 0x00, 0x00, 0x00, 0x00, 0x00,
    0x00, 0x00, 0x00, 0x00, 0x00, 0x00, 0x00, 0x00, 0x00, 0x00, 0x00, 0x00, 0x00, 0x00, 0x00, 0x00, 0x00, 0x00, 0x00, 0x00, 0x00, 0x00, 0x00, 0x00,
    0x00, 0x00, 0x00, 0x00, 0x00, 0x00, 0x00, 0x00, 0x00, 0x00, 0x00, 0x00, 0x00, 0x00, 0x00, 0x00, 0x00, 0x00, 0x00, 0x00, 0x00, 0x00, 0x00, 0x00,
    0x00, 0x00, 0x00, 0x00, 0x00, 0x00, 0x00, 0x00, 0x00, 0x00, 0x00, 0x00, 0x00, 0x00, 0x00, 0x00, 0x00, 0x00, 0x00, 0x00, 0x00, 0x00, 0x00, 0x00,
    0x00, 0x00, 0x00, 0x00, 0x00, 0x00, 0x00, 0x00, 0x00, 0x00, 0x00, 0x00, 0x00, 0x00, 0x00, 0x00, 0x00, 0x00, 0x00, 0x00, 0x00, 0x00, 0x00, 0x00,
    0x00, 0x00, 0x00, 0x00, 0x00, 0x00, 0x00, 0x00, 0x00, 0x00, 0x00, 0x00, 0x00, 0x00, 0x00, 0x00, 0x00, 0x00, 0x00, 0x00, 0x00, 0x00, 0x00, 0x00,
    0x00, 0x00, 0x00, 0x00, 0x00, 0x00, 0x00, 0x00, 0x00, 0x00, 0x00, 0x00, 0x00, 0x00, 0x00, 0x00, 0x00, 0x00, 0x00, 0x00, 0x00, 0x00, 0x00, 0x00,
    0x00, 0x00, 0x00, 0x00, 0x00, 0x00, 0x00, 0x00, 0x00, 0x00, 0x00, 0x00, 0x00, 0x00, 0x00, 0x00, 0x00, 0x00, 0x00, 0x00, 0x00, 0x00, 0x00, 0x00,
    0x00, 0x00, 0x00, 0x00, 0x00, 0x00, 0x00, 0x00, 0x00, 0x00, 0x00, 0x00, 0x00, 0x00, 0x00, 0x00, 0x00, 0x00, 0x00, 0x00, 0x00, 0x00, 0x00, 0x00,
    0x00, 0x00, 0x00, 0x00, 0x00, 0x00, 0x00, 0x00, 0x00, 0x00, 0x00, 0x00, 0x00, 0x00, 0x00, 0x00, 0x00, 0x00, 0x00, 0x00, 0x00, 0x00, 0x00, 0x00,
    0x00, 0x00, 0x00, 0x00, 0x00, 0x00, 0x00, 0x00, 0x00, 0x00, 0x00, 0x00, 0x00, 0x00, 0x00, 0x00, 0x00, 0x00, 0x00, 0x00, 0x00, 0x00, 0x00, 0x00,
    0x00, 0x00, 0x00, 0x00, 0x00, 0x00, 0x00, 0x00, 0x00, 0x00, 0x00, 0x00, 0x00, 0x00, 0x00, 0x00, 0x00, 0x00, 0x00, 0x00, 0x00, 0x00, 0x00, 0x00,
    0x00, 0x00, 0x00, 0x00, 0x00, 0x00, 0x00, 0x00, 0x00, 0x00, 0x00, 0x00, 0x00, 0x00, 0x00, 0x00, 0x00, 0x00, 0x00, 0x00, 0x00, 0x00, 0x00, 0x00,
    0x00, 0x00, 0x00, 0x00, 0x00, 0x00, 0x00, 0x00, 0x00, 0x00, 0x00, 0x00, 0x00, 0x00, 0x00, 0x00, 0x00, 0x00, 0x00, 0x00, 0x00, 0x00, 0x00, 0x00,
    0x00, 0x00, 0x00, 0x00, 0x00, 0x00, 0x00, 0x00, 0x00, 0x00, 0x00, 0x00, 0x00, 0x00, 0x00, 0x00, 0x00, 0x00, 0x00, 0x00, 0x00, 0x00, 0x00, 0x00,
    0x00, 0x00, 0x00, 0x00, 0x00, 0x00, 0x00, 0x00, 0x00, 0x00, 0x00, 0x00, 0x00, 0x00, 0x00, 0x00, 0x00, 0x00, 0x00, 0x00, 0x00, 0x00, 0x00, 0x00,
    0x00, 0x00, 0x00, 0x00, 0x00, 0x00, 0x00, 0x00, 0x00, 0x00, 0x00, 0x00, 0x00, 0x00, 0x00, 0x00, 0x00, 0x00, 0x00, 0x00, 0x00, 0x00, 0x00, 0x00,
    0x00, 0x00, 0x00, 0x00, 0x00, 0x00, 0x00, 0x00, 0x00, 0x00, 0x00, 0x00, 0x00, 0x00, 0x00, 0x00, 0x00, 0x00, 0x00, 0x00, 0x00, 0x00, 0x00, 0x00,
    0x00, 0x00, 0x00, 0x00, 0x00, 0x00, 0x00, 0x00, 0x00, 0x00, 0x00, 0x00, 0x00, 0x00, 0x00, 0x00, 0x00, 0x00, 0x00, 0x00, 0x00, 0x00, 0x00, 0x00,
    0x00, 0x00, 0x00, 0x00, 0x00, 0x00, 0x00, 0x00, 0x00, 0x00, 0x00, 0x00, 0x00, 0x00, 0x00, 0x00, 0x00, 0x00, 0x00, 0x00, 0x00, 0x00, 0x00, 0x00,
    0x00, 0x00, 0x00, 0x00, 0x00, 0x00, 0x00, 0x00, 0x00, 0x00, 0x00, 0x00, 0x00, 0x00, 0x00, 0x00, 0x00, 0x00, 0x00, 0x00, 0x00, 0x00, 0x00, 0x00,
    0x00, 0x00, 0x00, 0x00, 0x00, 0x00, 0x00, 0x00, 0x00, 0x00, 0x00, 0x00, 0x00, 0x00, 0x00, 0x00, 0x00, 0x00, 0x00, 0x00, 0x00, 0x00, 0x00, 0x00,
    0x00, 0x00, 0x00, 0x00, 0x00, 0x00, 0x00, 0x00, 0x00, 0x00, 0x00, 0x00, 0x00, 0x00, 0x00, 0x00, 0x00, 0x00, 0x00, 0x00, 0x00, 0x00, 0x00, 0x00,
    0x00, 0x00, 0x00, 0x00, 0x00, 0x00, 0x00, 0x00, 0x00, 0x00, 0x00, 0x00, 0x00, 0x00, 0x00, 0x00, 0x00, 0x00, 0x00, 0x00, 0x00, 0x00, 0x00, 0x00,
    0x00, 0x00, 0x00, 0x00, 0x00, 0x00, 0x00, 0x00, 0x00, 0x00, 0x00, 0x00, 0x00, 0x00, 0x00, 0x00, 0x00, 0x00, 0x00, 0x00, 0x00, 0x00, 0x00, 0x00,
    0x00, 0x00, 0x00, 0x00, 0x00, 0x00, 0x00, 0x00, 0x00, 0x00, 0x00, 0x00, 0x00, 0x00, 0x00, 0x00, 0x00, 0x00, 0x00, 0x00, 0x00, 0x00, 0x00, 0x00,
    0x00, 0x00, 0x00, 0x00, 0x00, 0x00, 0x00, 0x00, 0x00, 0x00, 0x00, 0x00, 0x00, 0x00, 0x00, 0x00, 0x00, 0x00, 0x00, 0x00, 0x00, 0x00, 0x00, 0x00,
    0x00, 0x00, 0x00, 0x00, 0x00, 0x00, 0x00, 0x00, 0x00, 0x00, 0x00, 0x00, 0x00, 0x00, 0x00, 0x00, 0x00, 0x00, 0x00, 0x00, 0x00, 0x00, 0x00, 0x00,
    0x00, 0x00, 0x00, 0x00, 0x00, 0x00, 0x00, 0x00, 0x00, 0x00, 0x00, 0x00, 0x00, 0x00, 0x00, 0x00, 0x00, 0x00, 0x00, 0x00, 0x00, 0x00, 0x00, 0x00,
    0x00, 0x00, 0x00, 0x00, 0x00, 0x00, 0x00, 0x00, 0x00, 0x00, 0x00, 0x00, 0x00, 0x00, 0x00, 0x00, 0x00, 0x00, 0x00, 0x00, 0x00, 0x00, 0x00, 0x00,
    0x00, 0x00, 0x00, 0x00, 0x00, 0x00, 0x00, 0x00, 0x00, 0x00, 0x00, 0x00, 0x00, 0x00, 0x00, 0x00, 0x00, 0x00, 0x00, 0x00, 0x00, 0x00, 0x00, 0x00,
    0x00, 0x00, 0x00, 0x00, 0x00, 0x00, 0x00, 0x00, 0x00, 0x00, 0x00, 0x00, 0x00, 0x00, 0x00, 0x00, 0x00, 0x00, 0x00, 0x00, 0x00, 0x00, 0x00, 0x00,
    0x00, 0x00, 0x00, 0x00, 0x00, 0x00, 0x00, 0x00, 0x00, 0x00, 0x00, 0x00, 0x00, 0x00, 0x00, 0x00, 0x00, 0x00, 0x00, 0x00, 0x00, 0x00, 0x00, 0x00,
    0x00, 0x00, 0x00, 0x00, 0x00, 0x00, 0x00, 0x00, 0x00, 0x00, 0x00, 0x00, 0x00, 0x00, 0x00, 0x00, 0x00, 0x00, 0x00, 0x00, 0x00, 0x00, 0x00, 0x00,
    0x00, 0x00, 0x00, 0x00, 0x00, 0x00, 0x00, 0x00, 0x00, 0x00, 0x00, 0x00, 0x00, 0x00, 0x00, 0x00, 0x00, 0x00, 0x00, 0x00, 0x00, 0x00, 0x00, 0x00,
    0x00, 0x00, 0x00, 0x00, 0x00, 0x00, 0x00, 0x00, 0x00, 0x00, 0x00, 0x00, 0x00, 0x00, 0x00, 0x00, 0x00, 0x00, 0x00, 0x00, 0x00, 0x00, 0x00, 0x00,
    0x00, 0x00, 0x00, 0x00, 0x00, 0x00, 0x00, 0x00, 0x00, 0x00, 0x00, 0x00, 0x00, 0x00, 0x00, 0x00, 0x00, 0x00, 0x00, 0x00, 0x00, 0x00, 0x00, 0x00,
    0x00, 0x00, 0x00, 0x00, 0x00, 0x00, 0x00, 0x00, 0x00, 0x00, 0x00, 0x00, 0x00, 0x00, 0x00, 0x00, 0x00, 0x00, 0x00, 0x00, 0x00, 0x00, 0x00, 0x00,
    0x00, 0x00, 0x00, 0x00, 0x00, 0x00, 0x00, 0x00, 0x00, 0x00, 0x00, 0x00,
};
const lv_img_dsc_t rx_popup_title = {
    .header.always_zero = 0,
    .header.w = 204,
    .header.h = 29,
    .data_size = 17748,
    .header.cf = LV_IMG_CF_TRUE_COLOR_ALPHA,
    .data = rx_popup_title_map,
};

#ifndef LV_ATTRIBUTE_IMG_RX_POPUP_SUBTITLE
#define LV_ATTRIBUTE_IMG_RX_POPUP_SUBTITLE
#endif
const LV_ATTRIBUTE_MEM_ALIGN LV_ATTRIBUTE_LARGE_CONST LV_ATTRIBUTE_IMG_RX_POPUP_SUBTITLE uint8_t rx_popup_subtitle_map[] = {
    0x00, 0x00, 0x00, 0x00, 0x00, 0x00, 0x00, 0x00, 0x00, 0x00, 0x00, 0x00, 0x00, 0x00, 0x00, 0x00, 0x00, 0x00, 0x00, 0x00, 0x00, 0x00, 0x00, 0x00,
    0x00, 0x00, 0x00, 0x00, 0x00, 0x00, 0x00, 0x00, 0x00, 0x00, 0x00, 0x00, 0x00, 0x00, 0x00, 0x00, 0x00, 0x00, 0x00, 0x00, 0x00, 0x00, 0x00, 0x00,
    0x00, 0x00, 0x00, 0x00, 0x00, 0x00, 0x00, 0x00, 0x00, 0x00, 0x00, 0x00, 0x00, 0x00, 0x00, 0x00, 0x00, 0x00, 0x00, 0x00, 0x00, 0x00, 0x00, 0x00,
    0x00, 0x00, 0x00, 0x00, 0x00, 0x00, 0x00, 0x00, 0x00, 0x00, 0x00, 0x00, 0x00, 0x00, 0x00, 0x00, 0x00, 0x00, 0x00, 0x00, 0x00, 0x00, 0x00, 0x00,
    0x00, 0x00, 0x00, 0x00, 0x00, 0x00, 0x00, 0x00, 0x00, 0x00, 0x00, 0x00, 0x00, 0x00, 0x00, 0x00, 0x00, 0x00, 0x00, 0x00, 0x00, 0x00, 0x00, 0x00,
    0x00, 0x00, 0x00, 0x00, 0x00, 0x00, 0x00, 0x00, 0x00, 0x00, 0x00, 0x00, 0x00, 0x00, 0x00, 0x00, 0x00, 0x00, 0x00, 0x00, 0x00, 0x00, 0x00, 0x00,
    0x00, 0x00, 0x00, 0x00, 0x00, 0x00, 0x00, 0x00, 0x00, 0x00, 0x00, 0x00, 0x00, 0x00, 0x00, 0x00, 0x00, 0x00, 0x00, 0x00, 0x00, 0x00, 0x00, 0x00,
    0x00, 0x00, 0x00, 0x00, 0x00, 0x00, 0x00, 0x00, 0x00, 0x00, 0x00, 0x00, 0x00, 0x00, 0x00, 0x00, 0x00, 0x00, 0x00, 0x00, 0x00, 0x00, 0x00, 0x00,
    0x00, 0x00, 0x00, 0x00, 0x00, 0x00, 0x00, 0x00, 0x00, 0x00, 0x00, 0x00, 0x00, 0x00, 0x00, 0x00, 0x00, 0x00, 0x00, 0x00, 0x00, 0x00, 0x00, 0x00,
    0x00, 0x00, 0x00, 0x00, 0x00, 0x00, 0x00, 0x00, 0x00, 0x00, 0x00, 0x00, 0x00, 0x00, 0x00, 0x00, 0x00, 0x00, 0x00, 0x00, 0x00, 0x00, 0x00, 0x00,
    0x00, 0x00, 0x00, 0x00, 0x00, 0x00, 0x00, 0x00, 0x00, 0x00, 0x00, 0x00, 0x00, 0x00, 0x00, 0x00, 0x00, 0x00, 0x00, 0x00, 0x00, 0x00, 0x00, 0x00,
    0x00, 0x00, 0x00, 0x00, 0x00, 0x00, 0x00, 0x00, 0x00, 0x00, 0x00, 0x00, 0x00, 0x00, 0x00, 0x00, 0x00, 0x00, 0x00, 0x00, 0x00, 0x00, 0x00, 0x00,
    0x00, 0x00, 0x00, 0x00, 0x00, 0x00, 0x00, 0x00, 0x00, 0x00, 0x00, 0x00, 0x00, 0x00, 0x00, 0x00, 0x00, 0x00, 0x00, 0x00, 0x00, 0x00, 0x00, 0x00,
    0x00, 0x00, 0x00, 0x00, 0x00, 0x00, 0x00, 0x00, 0x00, 0x00, 0x00, 0x00, 0x00, 0x00, 0x00, 0x00, 0x00, 0x00, 0x00, 0x00, 0x00, 0x00, 0x00, 0x00,
    0x00, 0x00, 0x00, 0x00, 0x00, 0x00, 0x00, 0x00, 0x00, 0x00, 0x00, 0x00, 0x00, 0x00, 0x00, 0x00, 0x00, 0x00, 0x00, 0x00, 0x00, 0x00, 0x00, 0x00,
    0x00, 0x00, 0x00, 0x00, 0x00, 0x00, 0x00, 0x00, 0x00, 0x00, 0x00, 0x00, 0x00, 0x00, 0x00, 0x00, 0x00, 0x00, 0x00, 0x00, 0x00, 0x00, 0x00, 0x00,
    0x00, 0x00, 0x00, 0x00, 0x00, 0x00, 0x00, 0x00, 0x00, 0x00, 0x00, 0x00, 0x00, 0x00, 0x00, 0x00, 0x00, 0x00, 0x00, 0x00, 0x00, 0x00, 0x00, 0x00,
    0x00, 0x00, 0x00, 0x00, 0x00, 0x00, 0x00, 0x00, 0x00, 0x00, 0x00, 0x00, 0x00, 0x00, 0x00, 0x00, 0x00, 0x00, 0x00, 0x00, 0x00, 0x00, 0x00, 0x00,
    0x00, 0x00, 0x00, 0x00, 0x00, 0x00, 0x00, 0x00, 0x00, 0x00, 0x00, 0x00, 0x00, 0x00, 0x00, 0x00, 0x00, 0x00, 0x00, 0x00, 0x00, 0x00, 0x00, 0x00,
    0x00, 0x00, 0x00, 0x00, 0x00, 0x00, 0x00, 0x00, 0x00, 0x00, 0x00, 0x00, 0x00, 0x00, 0x00, 0x00, 0x00, 0x00, 0x00, 0x00, 0x00, 0x00, 0x00, 0x00,
    0x00, 0x00, 0x00, 0x00, 0x00, 0x00, 0x00, 0x00, 0x00, 0x00, 0x00, 0x00, 0x00, 0x00, 0x00, 0x00, 0x00, 0x00, 0x00, 0x00, 0x00, 0x00, 0x00, 0x00,
    0x00, 0x00, 0x00, 0x00, 0x00, 0x00, 0x00, 0x00, 0x00, 0x00, 0x00, 0x00, 0x00, 0x00, 0x00, 0x00, 0x00, 0x00, 0x00, 0x00, 0x00, 0x00, 0x00, 0x00,
    0x00, 0x00, 0x00, 0x00, 0x00, 0x00, 0x00, 0x00, 0x00, 0x00, 0x00, 0x00, 0x00, 0x00, 0x00, 0x00, 0x00, 0x00, 0x00, 0x00, 0x00, 0x00, 0x00, 0x00,
    0x00, 0x00, 0x00, 0x00, 0x00, 0x00, 0x00, 0x00, 0x00, 0x00, 0x00, 0x00, 0x00, 0x00, 0x00, 0x00, 0x00, 0x00, 0x00, 0x00, 0x00, 0x00, 0x00, 0x00,
    0x00, 0x00, 0x00, 0x00, 0x00, 0x00, 0x00, 0x00, 0x00, 0x00, 0x00, 0x00, 0x00, 0x00, 0x00, 0x00, 0x00, 0x00, 0x00, 0x00, 0x00, 0x00, 0x00, 0x00,
    0x00, 0x00, 0x00, 0x00, 0x00, 0x00, 0x00, 0x00, 0x00, 0x00, 0x00, 0x00, 0x00, 0x00, 0x00, 0x00, 0x00, 0x00, 0x00, 0x00, 0x00, 0x00, 0x00, 0x00,
    0x00, 0x00, 0x00, 0x00, 0x00, 0x00, 0x00, 0x00, 0x00, 0x00, 0x00, 0x00, 0x00, 0x00, 0x00, 0x00, 0x00, 0x00, 0x00, 0x00, 0x00, 0x00, 0x00, 0x00,
    0x00, 0x00, 0x00, 0x00, 0x00, 0x00, 0x00, 0x00, 0x00, 0x00, 0x00, 0x00, 0x00, 0x00, 0x00, 0x00, 0x00, 0x00, 0x00, 0x00, 0x00, 0x00, 0x00, 0x00,
    0x00, 0x00, 0x00, 0x00, 0x00, 0x00, 0x00, 0x00, 0x00, 0x00, 0x00, 0x00, 0x00, 0x00, 0x00, 0x00, 0x00, 0x00, 0x00, 0x00, 0x00, 0x00, 0x00, 0x00,
    0x00, 0x00, 0x00, 0x00, 0x00, 0x00, 0x00, 0x00, 0x00, 0x00, 0x00, 0x00, 0x00, 0x00, 0x00, 0x00, 0x00, 0x00, 0x00, 0x00, 0x00, 0x00, 0x00, 0x00,
    0x00, 0x00, 0x00, 0x00, 0x00, 0x00, 0x00, 0x00, 0x00, 0x00, 0x00, 0x00, 0x00, 0x00, 0x00, 0x00, 0x00, 0x00, 0x00, 0x00, 0x00, 0x00, 0x00, 0x00,
    0x00, 0x00, 0x00, 0x00, 0x00, 0x00, 0x00, 0x00, 0x00, 0x00, 0x00, 0x00, 0x00, 0x00, 0x00, 0x00, 0x00, 0x00, 0x00, 0x00, 0x00, 0x00, 0x00, 0x00,
    0x00, 0x00, 0x00, 0x00, 0x00, 0x00, 0x00, 0x00, 0x00, 0x00, 0x00, 0x00, 0x00, 0x00, 0x00, 0x00, 0x00, 0x00, 0x00, 0x00, 0x00, 0x00, 0x00, 0x00,
    0x00, 0x00, 0x00, 0x00, 0x00, 0x00, 0x00, 0x00, 0x00, 0x00, 0x00, 0x00, 0x00, 0x00, 0x00, 0x00, 0x00, 0x00, 0x00, 0x00, 0x00, 0x00, 0x00, 0x00,
    0x00, 0x00, 0x00, 0x00, 0x00, 0x00, 0x00, 0x00, 0x00, 0x00, 0x00, 0x00, 0x00, 0x00, 0x00, 0x00, 0x00, 0x00, 0x00, 0x00, 0x00, 0x00, 0x00, 0x00,
    0x00, 0x00, 0x00, 0x00, 0x00, 0x00, 0x00, 0x00, 0x00, 0x00, 0x00, 0x00, 0x00, 0x00, 0x00, 0x00, 0x00, 0x00, 0x00, 0x00, 0x00, 0x00, 0x00, 0x00,
    0x00, 0x00, 0x00, 0x00, 0x00, 0x00, 0x00, 0x00, 0x00, 0x00, 0x00, 0x00, 0x00, 0x00, 0x00, 0x00, 0x00, 0x00, 0x00, 0x00, 0x00, 0x00, 0x00, 0x00,
    0x00, 0x00, 0x00, 0x00, 0x00, 0x00, 0x00, 0x00, 0x00, 0x00, 0x00, 0x00, 0x00, 0x00, 0x00, 0x00, 0x00, 0x00, 0x00, 0x00, 0x00, 0x00, 0x00, 0x00,
    0x00, 0x00, 0x00, 0x00, 0x00, 0x00, 0x00, 0x00, 0x00, 0x00, 0x00, 0x00, 0x00, 0x00, 0x00, 0x00, 0x00, 0x00, 0x00, 0x00, 0x00, 0x00, 0x00, 0x00,
    0x00, 0x00, 0x00, 0x00, 0x00, 0x00, 0x00, 0x00, 0x00, 0x00, 0x00, 0x00, 0x00, 0x00, 0x00, 0x00, 0x00, 0x00, 0x8d, 0x6b, 0x13, 0x8d, 0x6b, 0xcb,
    0x8d, 0x6b, 0x13, 0x00, 0x00, 0x00, 0x8d, 0x6b, 0x0d, 0x8d, 0x6b, 0xc8, 0x8d, 0x6b, 0x25, 0x00, 0x00, 0x00, 0x00, 0x00, 0x00, 0x00, 0x00, 0x00,
    0x00, 0x00, 0x00, 0x00, 0x00, 0x00, 0x00, 0x00, 0x00, 0x00, 0x00, 0x00, 0x00, 0x00, 0x00, 0x00, 0x00, 0x00, 0x00, 0x00, 0x00, 0x00, 0x00, 0x00,
    0x00, 0x00, 0x00, 0x00, 0x00, 0x00, 0x00, 0x00, 0x00, 0x00, 0x00, 0x00, 0x00, 0x00, 0x00, 0x00, 0x00, 0x00, 0x00, 0x00, 0x00, 0x8d, 0x6b, 0x37,
    0x8d, 0x6b, 0x4b, 0x00, 0x00, 0x00, 0x00, 0x00, 0x00, 0x00, 0x00, 0x00, 0x00, 0x00, 0x00, 0x00, 0x00, 0x00, 0x00, 0x00, 0x00, 0x00, 0x00, 0x00,
    0x00, 0x00, 0x00, 0x00, 0x00, 0x00, 0x00, 0x00, 0x00, 0x00, 0x00, 0x00, 0x00, 0x00, 0x00, 0x00, 0x00, 0x00, 0x00, 0x00, 0x00, 0x00, 0x00, 0x00,
    0x00, 0x00, 0x00, 0x00, 0x00, 0x00, 0x00, 0x00, 0x00, 0x00, 0x00, 0x00, 0x00, 0x00, 0x00, 0x00, 0x00, 0x00, 0x00, 0x00, 0x00, 0x00, 0x00, 0x00,
    0x00, 0x00, 0x00, 0x00, 0x00, 0x00, 0x00, 0x00, 0x00, 0x00, 0x00, 0x00, 0x00, 0x00, 0x00, 0x00, 0x00, 0x00, 0x00, 0x00, 0x00, 0x00, 0x00, 0x00,
    0x00, 0x00, 0x00, 0x00, 0x00, 0x00, 0x00, 0x00, 0x00, 0x00, 0x00, 0x00, 0x8d, 0x6b, 0x22, 0x00, 0x00, 0x00, 0x00, 0x00, 0x00, 0x00, 0x00, 0x00,
    0x8d, 0x6b, 0x07, 0x8d, 0x6b, 0x3f, 0x8d, 0x6b, 0x03, 0x00, 0x00, 0x00, 0x00, 0x00, 0x00, 0x00, 0x00, 0x00, 0x00, 0x00, 0x00, 0x8d, 0x6b, 0x23,
    0x8d, 0x6b, 0x41, 0x00, 0x00, 0x00, 0x00, 0x00, 0x00, 0x00, 0x00, 0x00, 0x00, 0x00, 0x00, 0x8d, 0x6b, 0xa8, 0x8d, 0x6b, 0x2f, 0x00, 0x00, 0x00,
    0x00, 0x00, 0x00, 0x00, 0x00, 0x00, 0x8d, 0x6b, 0x1c, 0x8d, 0x6b, 0xd7, 0x8d, 0x6b, 0x11, 0x00, 0x00, 0x00, 0x00, 0x00, 0x00, 0x00, 0x00, 0x00,
    0x00, 0x00, 0x00, 0x00, 0x00, 0x00, 0x00, 0x00, 0x00, 0x00, 0x00, 0x00, 0x00, 0x00, 0x00, 0x00, 0x00, 0x00, 0x8d, 0x6b, 0x59, 0x8d, 0x6b, 0x6b,
    0x00, 0x00, 0x00, 0x00, 0x00, 0x00, 0x00, 0x00, 0x00, 0x00, 0x00, 0x00, 0x00, 0x00, 0x00, 0x00, 0x00, 0x00, 0x8d, 0x6b, 0x01, 0x8d, 0x6b, 0x31,
    0x8d, 0x6b, 0x01, 0x00, 0x00, 0x00, 0x00, 0x00, 0x00, 0x00, 0x00, 0x00, 0x00, 0x00, 0x00, 0x00, 0x00, 0x00, 0x00, 0x00, 0x00, 0x8d, 0x6b, 0x23,
    0x8d, 0x6b, 0xb9, 0x8d, 0x6b, 0x1c, 0x00, 0x00, 0x00, 0x00, 0x00, 0x00, 0x00, 0x00, 0x00, 0x00, 0x00, 0x00, 0x00, 0x00, 0x00, 0x00, 0x00, 0x00,
    0x00, 0x00, 0x00, 0x00, 0x00, 0x00, 0x00, 0x00, 0x00, 0x00, 0x00, 0x00, 0x00, 0x00, 0x00, 0x00, 0x00, 0x00, 0x00, 0x00, 0x00, 0x8d, 0x6b, 0x83,
    0x8d, 0x6b, 0xff, 0x8d, 0x6b, 0xff, 0x8d, 0x6b, 0xff, 0x8d, 0x6b, 0xff, 0x8d, 0x6b, 0xff, 0x8d, 0x6b, 0xff, 0x8d, 0x6b, 0xff, 0x8d, 0x6b, 0xff,
    0x8d, 0x6b, 0xff, 0x8d, 0x6b, 0xff, 0x8d, 0x6b, 0xff, 0x8d, 0x6b, 0x33, 0x00, 0x00, 0x00, 0x00, 0x00, 0x00, 0x00, 0x00, 0x00, 0x8d, 0x6b, 0x08,
    0x8d, 0x6b, 0x13, 0x00, 0x00, 0x00, 0x8d, 0x6b, 0x17, 0x8d, 0x6b, 0xff, 0x8d, 0x6b, 0x17, 0x00, 0x00, 0x00, 0x8d, 0x6b, 0x57, 0x8d, 0x6b, 0xf1,
    0x8d, 0x6b, 0x05, 0x00, 0x00, 0x00, 0x00, 0x00, 0x00, 0x00, 0x00, 0x00, 0x00, 0x00, 0x00, 0x00, 0x00, 0x00, 0x8d, 0x6b, 0x2f, 0x8d, 0x6b, 0xff,
    0x8d, 0x6b, 0xff, 0x8d, 0x6b, 0xff, 0x8d, 0x6b, 0xff, 0x8d, 0x6b, 0xff, 0x8d, 0x6b, 0xff, 0x8d, 0x6b, 0xff, 0x8d, 0x6b, 0xff, 0x8d, 0x6b, 0x03,
    0x00, 0x00, 0x00, 0x00, 0x00, 0x00, 0x00, 0x00, 0x00, 0x8d, 0x6b, 0x7f, 0x8d, 0x6b, 0xab, 0x00, 0x00, 0x00, 0x00, 0x00, 0x00, 0x00, 0x00, 0x00,
    0x00, 0x00, 0x00, 0x00, 0x00, 0x00, 0x00, 0x00, 0x00, 0x00, 0x00, 0x00, 0x00, 0x00, 0x00, 0x00, 0x00, 0x00, 0x00, 0x00, 0x00, 0x00, 0x00, 0x00,
    0x00, 0x00, 0x00, 0x00, 0x00, 0x00, 0x00, 0x00, 0x00, 0x00, 0x00, 0x00, 0x00, 0x00, 0x00, 0x00, 0x00, 0x00, 0x00, 0x00, 0x00, 0x00, 0x00, 0x00,
    0x00, 0x00, 0x00, 0x00, 0x00, 0x00, 0x00, 0x00, 0x00, 0x00, 0x00, 0x00, 0x8d, 0x6b, 0xe7, 0x8d, 0x6b, 0xff, 0x8d, 0x6b, 0xff, 0x8d, 0x6b, 0xff,
    0x8d, 0x6b, 0xff, 0x8d, 0x6b, 0xff, 0x8d, 0x6b, 0xff, 0x8d, 0x6b, 0xff, 0x8d, 0x6b, 0xff, 0x8d, 0x6b, 0x4f, 0x00, 0x00, 0x00, 0x8d, 0x6b, 0x39,
    0x8d, 0x6b, 0xf5, 0x8d, 0x6b, 0x47, 0x00, 0x00, 0x00, 0x00, 0x00, 0x00, 0x8d, 0x6b, 0x1f, 0x8d, 0x6b, 0xff, 0x8d, 0x6b, 0x0f, 0x00, 0x00, 0x00,
    0x8d, 0x6b, 0x47, 0x8d, 0x6b, 0x23, 0x00, 0x00, 0x00, 0x8d, 0x6b, 0x6b, 0x8d, 0x6b, 0xc7, 0x00, 0x00, 0x00, 0x00, 0x00, 0x00, 0x00, 0x00, 0x00,
    0x8d, 0x6b, 0x2a, 0x8d, 0x6b, 0xfc, 0x8d, 0x6b, 0x1a, 0x00, 0x00, 0x00, 0x00, 0x00, 0x00, 0x00, 0x00, 0x00, 0x8d, 0x6b, 0x54, 0x8d, 0x6b, 0xdd,
    0x00, 0x00, 0x00, 0x00, 0x00, 0x00, 0x00, 0x00, 0x00, 0x00, 0x00, 0x00, 0x00, 0x00, 0x00, 0x00, 0x00, 0x00, 0x00, 0x00, 0x00, 0x00, 0x00, 0x00,
    0x00, 0x00, 0x00, 0x8d, 0x6b, 0x04, 0x8d, 0x6b, 0xdf, 0x8d, 0x6b, 0x77, 0x00, 0x00, 0x00, 0x00, 0x00, 0x00, 0x8d, 0x6b, 0x01, 0x8d, 0x6b, 0x22,
    0x8d, 0x6b, 0x58, 0x8d, 0x6b, 0x98, 0x8d, 0x6b, 0xe1, 0x8d, 0x6b, 0xff, 0x8d, 0x6b, 0x66, 0x00, 0x00, 0x00, 0x00, 0x00, 0x00, 0x00, 0x00, 0x00,
    0x00, 0x00, 0x00, 0x00, 0x00, 0x00, 0x8d, 0x6b, 0x08, 0x8d, 0x6b, 0xc7, 0x8d, 0x6b, 0xab, 0x8d, 0x6b, 0x03, 0x8d, 0x6b, 0x03, 0x8d, 0x6b, 0x03,
    0x8d, 0x6b, 0x03, 0x8d, 0x6b, 0x03, 0x8d, 0x6b, 0x04, 0x8d, 0x6b, 0x02, 0x00, 0x00, 0x00, 0x00, 0x00, 0x00, 0x00, 0x00, 0x00, 0x00, 0x00, 0x00,
    0x00, 0x00, 0x00, 0x00, 0x00, 0x00, 0x00, 0x00, 0x00, 0x8d, 0x6b, 0x1a, 0x8d, 0x6b, 0x33, 0x8d, 0x6b, 0x33, 0x8d, 0x6b, 0x33, 0x8d, 0x6b, 0x33,
    0x8d, 0x6b, 0x33, 0x8d, 0x6b, 0x33, 0x8d, 0x6b, 0x33, 0x8d, 0x6b, 0x33, 0x8d, 0x6b, 0x33, 0x8d, 0x6b, 0x3d, 0x8d, 0x6b, 0xff, 0x8d, 0x6b, 0x33,
    0x00, 0x00, 0x00, 0x00, 0x00, 0x00, 0x00, 0x00, 0x00, 0x8d, 0x6b, 0x5b, 0x8d, 0x6b, 0xcb, 0x00, 0x00, 0x00, 0x8d, 0x6b, 0x17, 0x8d, 0x6b, 0xff,
    0x8d, 0x6b, 0x17, 0x00, 0x00, 0x00, 0x8d, 0x6b, 0xa8, 0x8d, 0x6b, 0xaa, 0x00, 0x00, 0x00, 0x00, 0x00, 0x00, 0x00, 0x00, 0x00, 0x00, 0x00, 0x00,
    0x00, 0x00, 0x00, 0x00, 0x00, 0x00, 0x8d, 0x6b, 0x05, 0x8d, 0x6b, 0x1b, 0x8d, 0x6b, 0x1b, 0x8d, 0x6b, 0xbf, 0x8d, 0x6b, 0xaa, 0x8d, 0x6b, 0x1b,
    0x8d, 0x6b, 0x1b, 0x8d, 0x6b, 0x1b, 0x8d, 0x6b, 0x1b, 0x8d, 0x6b, 0x4c, 0x8d, 0x6b, 0xdf, 0x00, 0x00, 0x00, 0x00, 0x00, 0x00, 0x8d, 0x6b, 0x7f,
    0x8d, 0x6b, 0xab, 0x00, 0x00, 0x00, 0x00, 0x00, 0x00, 0x00, 0x00, 0x00, 0x00, 0x00, 0x00, 0x00, 0x00, 0x00, 0x00, 0x00, 0x00, 0x8d, 0x6b, 0x19,
    0x8d, 0x6b, 0x9b, 0x8d, 0x6b, 0xda, 0x8d, 0x6b, 0xf1, 0x8d, 0x6b, 0xc3, 0x8d, 0x6b, 0x44, 0x00, 0x00, 0x00, 0x00, 0x00, 0x00, 0x00, 0x00, 0x00,
    0x00, 0x00, 0x00, 0x00, 0x00, 0x00, 0x8d, 0x6b, 0x43, 0x8d, 0x6b, 0xff, 0x8d, 0x6b, 0xff, 0x8d, 0x6b, 0xff, 0x8d, 0x6b, 0xff, 0x8d, 0x6b, 0xcb,
    0x8d, 0x6b, 0x15, 0x8d, 0x6b, 0x17, 0x8d, 0x6b, 0x17, 0x8d, 0x6b, 0x66, 0x8d, 0x6b, 0xf9, 0x8d, 0x6b, 0x28, 0x8d, 0x6b, 0x17, 0x8d, 0x6b, 0x17,
    0x8d, 0x6b, 0x17, 0x8d, 0x6b, 0x07, 0x00, 0x00, 0x00, 0x00, 0x00, 0x00, 0x8d, 0x6b, 0x77, 0x8d, 0x6b, 0xf9, 0x8d, 0x6b, 0x42, 0x00, 0x00, 0x00,
    0x8d, 0x6b, 0x1f, 0x8d, 0x6b, 0xff, 0x8d, 0x6b, 0x0f, 0x00, 0x00, 0x00, 0x8d, 0x6b, 0xbf, 0x8d, 0x6b, 0x5f, 0x00, 0x00, 0x00, 0x8d, 0x6b, 0x6b,
    0x8d, 0x6b, 0xc7, 0x00, 0x00, 0x00, 0x00, 0x00, 0x00, 0x00, 0x00, 0x00, 0x8d, 0x6b, 0x81, 0x8d, 0x6b, 0xb3, 0x00, 0x00, 0x00, 0x8d, 0x6b, 0x43,
    0x8d, 0x6b, 0xff, 0x8d, 0x6b, 0xff, 0x8d, 0x6b, 0xff, 0x8d, 0x6b, 0xff, 0x8d, 0x6b, 0xff, 0x8d, 0x6b, 0xff, 0x8d, 0x6b, 0xff, 0x8d, 0x6b, 0xff,
    0x8d, 0x6b, 0xe7, 0x00, 0x00, 0x00, 0x00, 0x00, 0x00, 0x00, 0x00, 0x00, 0x00, 0x00, 0x00, 0x8d, 0x6b, 0x5d, 0x8d, 0x6b, 0xf4, 0x8d, 0x6b, 0x51,
    0x8d, 0x6b, 0x96, 0x8d, 0x6b, 0xc4, 0x8d, 0x6b, 0xf2, 0x8d, 0x6b, 0xff, 0x8d, 0x6b, 0xf9, 0x8d, 0x6b, 0xb7, 0x8d, 0x6b, 0x79, 0x8d, 0x6b, 0x2f,
    0x00, 0x00, 0x00, 0x00, 0x00, 0x00, 0x00, 0x00, 0x00, 0x00, 0x00, 0x00, 0x00, 0x00, 0x00, 0x8d, 0x6b, 0x08, 0x8d, 0x6b, 0xb2, 0x8d, 0x6b, 0xff,
    0x8d, 0x6b, 0xff, 0x8d, 0x6b, 0xff, 0x8d, 0x6b, 0xff, 0x8d, 0x6b, 0xff, 0x8d, 0x6b, 0xff, 0x8d, 0x6b, 0xff, 0x8d, 0x6b, 0xff, 0x8d, 0x6b, 0x83,
    0x00, 0x00, 0x00, 0x00, 0x00, 0x00, 0x00, 0x00, 0x00, 0x00, 0x00, 0x00, 0x00, 0x00, 0x00, 0x00, 0x00, 0x00, 0x00, 0x00, 0x00, 0x00, 0x00, 0x00,
    0x00, 0x00, 0x00, 0x00, 0x00, 0x00, 0x00, 0x00, 0x00, 0x00, 0x00, 0x00, 0x00, 0x00, 0x00, 0x00, 0x00, 0x00, 0x00, 0x00, 0x00, 0x00, 0x00, 0x00,
    0x00, 0x00, 0x00, 0x8d, 0x6b, 0x0b, 0x8d, 0x6b, 0xff, 0x8d, 0x6b, 0x33, 0x00, 0x00, 0x00, 0x00, 0x00, 0x00, 0x00, 0x00, 0x00, 0x8d, 0x6b, 0x5b,
    0x8d, 0x6b, 0xcb, 0x00, 0x00, 0x00, 0x8d, 0x6b, 0x17, 0x8d, 0x6b, 0xff, 0x8d, 0x6b, 0x17, 0x8d, 0x6b, 0x06, 0x8d, 0x6b, 0xf2, 0x8d, 0x6b, 0xff,
    0x8d, 0x6b, 0xff, 0x8d, 0x6b, 0xff, 0x8d, 0x6b, 0xff, 0x8d, 0x6b, 0xff, 0x8d, 0x6b, 0xff, 0x8d, 0x6b, 0x6b, 0x00, 0x00, 0x00, 0x00, 0x00, 0x00,
    0x8d, 0x6b, 0x0a, 0x8d, 0x6b, 0xf7, 0x8d, 0x6b, 0x4c, 0x8d, 0x6b, 0x05, 0x8d, 0x6b, 0x9d, 0x8d, 0x6b, 0x18, 0x00, 0x00, 0x00, 0x8d, 0x6b, 0x4b,
    0x8d, 0x6b, 0xdf, 0x00, 0x00, 0x00, 0x00, 0x00, 0x00, 0x8d, 0x6b, 0x7f, 0x8d, 0x6b, 0xab, 0x00, 0x00, 0x00, 0x00, 0x00, 0x00, 0x00, 0x00, 0x00,
    0x00, 0x00, 0x00, 0x00, 0x00, 0x00, 0x8d, 0x6b, 0x02, 0x8d, 0x6b, 0xd1, 0x8d, 0x6b, 0xb0, 0x8d, 0x6b, 0x53, 0x8d, 0x6b, 0x51, 0x8d, 0x6b, 0xb7,
    0x8d, 0x6b, 0xf9, 0x8d, 0x6b, 0x31, 0x00, 0x00, 0x00, 0x00, 0x00, 0x00, 0x00, 0x00, 0x00, 0x00, 0x00, 0x00, 0x8d, 0x6b, 0x0a, 0x8d, 0x6b, 0x27,
    0x8d, 0x6b, 0x5d, 0x8d, 0x6b, 0xf5, 0x8d, 0x6b, 0x27, 0x8d, 0x6b, 0x1f, 0x8d, 0x6b, 0x06, 0x8d, 0x6b, 0x13, 0x8d, 0x6b, 0x13, 0x8d, 0x6b, 0xa4,
    0x8d, 0x6b, 0xaf, 0x8d, 0x6b, 0x13, 0x8d, 0x6b, 0x13, 0x8d, 0x6b, 0x13, 0x8d, 0x6b, 0x04, 0x00, 0x00, 0x00, 0x00, 0x00, 0x00, 0x00, 0x00, 0x00,
    0x00, 0x00, 0x00, 0x8d, 0x6b, 0x86, 0x8d, 0x6b, 0xdb, 0x8d, 0x6b, 0x01, 0x8d, 0x6b, 0x1f, 0x8d, 0x6b, 0xff, 0x8d, 0x6b, 0x0f, 0x00, 0x00, 0x00,
    0x8d, 0x6b, 0xbf, 0x8d, 0x6b, 0x5f, 0x00, 0x00, 0x00, 0x8d, 0x6b, 0x6b, 0x8d, 0x6b, 0xc7, 0x00, 0x00, 0x00, 0x00, 0x00, 0x00, 0x8d, 0x6b, 0x02,
    0x8d, 0x6b, 0xde, 0x8d, 0x6b, 0x4b, 0x8d, 0x6b, 0x10, 0x8d, 0x6b, 0x08, 0x8d, 0x6b, 0x1f, 0x8d, 0x6b, 0x1f, 0x8d, 0x6b, 0xe1, 0x8d, 0x6b, 0x64,
    0x8d, 0x6b, 0x1f, 0x8d, 0x6b, 0x1f, 0x8d, 0x6b, 0x1f, 0x8d, 0x6b, 0x1f, 0x8d, 0x6b, 0x1c, 0x00, 0x00, 0x00, 0x00, 0x00, 0x00, 0x00, 0x00, 0x00,
    0x8d, 0x6b, 0x01, 0x8d, 0x6b, 0xd4, 0x8d, 0x6b, 0x93, 0x8d, 0x6b, 0x45, 0x8d, 0x6b, 0x9d, 0x8d, 0x6b, 0x75, 0x8d, 0x6b, 0x4c, 0x8d, 0x6b, 0x7f,
    0x8d, 0x6b, 0xd3, 0x00, 0x00, 0x00, 0x00, 0x00, 0x00, 0x00, 0x00, 0x00, 0x00, 0x00, 0x00, 0x00, 0x00, 0x00, 0x00, 0x00, 0x00, 0x00, 0x00, 0x00,
    0x8d, 0x6b, 0x1f, 0x8d, 0x6b, 0xc8, 0x8d, 0x6b, 0xff, 0x8d, 0x6b, 0x7c, 0x00, 0x00, 0x00, 0x00, 0x00, 0x00, 0x00, 0x00, 0x00, 0x00, 0x00, 0x00,
    0x8d, 0x6b, 0x08, 0x8d, 0x6b, 0xa6, 0x8d, 0x6b, 0xc8, 0x8d, 0x6b, 0x0a, 0x00, 0x00, 0x00, 0x00, 0x00, 0x00, 0x00, 0x00, 0x00, 0x00, 0x00, 0x00,
    0x00, 0x00, 0x00, 0x00, 0x00, 0x00, 0x00, 0x00, 0x00, 0x00, 0x00, 0x00, 0x8d, 0x6b, 0xab, 0x8d, 0x6b, 0x8b, 0x00, 0x00, 0x00, 0x00, 0x00, 0x00,
    0x00, 0x00, 0x00, 0x00, 0x00, 0x00, 0x00, 0x00, 0x00, 0x00, 0x00, 0x00, 0x00, 0x00, 0x00, 0x8d, 0x6b, 0x0b, 0x8d, 0x6b, 0xff, 0x8d, 0x6b, 0x33,
    0x00, 0x00, 0x00, 0x00, 0x00, 0x00, 0x00, 0x00, 0x00, 0x8d, 0x6b, 0x5b, 0x8d, 0x6b, 0xcb, 0x00, 0x00, 0x00, 0x8d, 0x6b, 0x17, 0x8d, 0x6b, 0xff,
    0x8d, 0x6b, 0x17, 0x8d, 0x6b, 0x61, 0x8d, 0x6b, 0xff, 0x8d, 0x6b, 0x57, 0x8d, 0x6b, 0x23, 0x8d, 0x6b, 0x23, 0x8d, 0x6b, 0x23, 0x8d, 0x6b, 0xe7,
    0x8d, 0x6b, 0x71, 0x8d, 0x6b, 0x0f, 0x00, 0x00, 0x00, 0x00, 0x00, 0x00, 0x8d, 0x6b, 0x50, 0x8d, 0x6b, 0xee, 0x8d, 0x6b, 0x05, 0x00, 0x00, 0x00,
    0x8d, 0x6b, 0xaf, 0x8d, 0x6b, 0xb0, 0x00, 0x00, 0x00, 0x8d, 0x6b, 0x4b, 0x8d, 0x6b, 0xdf, 0x00, 0x00, 0x00, 0x00, 0x00, 0x00, 0x8d, 0x6b, 0x7f,
    0x8d, 0x6b, 0xab, 0x00, 0x00, 0x00, 0x00, 0x00, 0x00, 0x00, 0x00, 0x00, 0x00, 0x00, 0x00, 0x00, 0x00, 0x00, 0x00, 0x00, 0x00, 0x8d, 0x6b, 0x13,
    0x00, 0x00, 0x00, 0x00, 0x00, 0x00, 0x00, 0x00, 0x00, 0x8d, 0x6b, 0x07, 0x8d, 0x6b, 0xf8, 0x8d, 0x6b, 0x80, 0x00, 0x00, 0x00, 0x00, 0x00, 0x00,
    0x00, 0x00, 0x00, 0x00, 0x00, 0x00, 0x00, 0x00, 0x00, 0x00, 0x00, 0x00, 0x8d, 0x6b, 0x3f, 0x8d, 0x6b, 0xf3, 0x00, 0x00, 0x00, 0x00, 0x00, 0x00,
    0x8d, 0x6b, 0x53, 0x8d, 0x6b, 0xff, 0x8d, 0x6b, 0xff, 0x8d, 0x6b, 0xff, 0x8d, 0x6b, 0xff, 0x8d, 0x6b, 0xff, 0x8d, 0x6b, 0xff, 0x8d, 0x6b, 0xff,
    0x8d, 0x6b, 0x3f, 0x00, 0x00, 0x00, 0x00, 0x00, 0x00, 0x00, 0x00, 0x00, 0x00, 0x00, 0x00, 0x8d, 0x6b, 0x01, 0x8d, 0x6b, 0x27, 0x00, 0x00, 0x00,
    0x8d, 0x6b, 0x1f, 0x8d, 0x6b, 0xff, 0x8d, 0x6b, 0x0f, 0x00, 0x00, 0x00, 0x8d, 0x6b, 0xbf, 0x8d, 0x6b, 0x5f, 0x00, 0x00, 0x00, 0x8d, 0x6b, 0x6b,
    0x8d, 0x6b, 0xc7, 0x00, 0x00, 0x00, 0x00, 0x00, 0x00, 0x8d, 0x6b, 0x4b, 0x8d, 0x6b, 0xd0, 0x00, 0x00, 0x00, 0x8d, 0x6b, 0xa5, 0x8d, 0x6b, 0x77,
    0x00, 0x00, 0x00, 0x8d, 0x6b, 0x1b, 0x8d, 0x6b, 0xfc, 0x8d, 0x6b, 0x11, 0x00, 0x00, 0x00, 0x00, 0x00, 0x00, 0x00, 0x00, 0x00, 0x00, 0x00, 0x00,
    0x00, 0x00, 0x00, 0x00, 0x00, 0x00, 0x00, 0x00, 0x00, 0x00, 0x00, 0x00, 0x8d, 0x6b, 0x5d, 0x8d, 0x6b, 0xff, 0x8d, 0x6b, 0x33, 0x00, 0x00, 0x00,
    0x00, 0x00, 0x00, 0x00, 0x00, 0x00, 0x00, 0x00, 0x00, 0x8d, 0x6b, 0x63, 0x8d, 0x6b, 0xd3, 0x00, 0x00, 0x00, 0x00, 0x00, 0x00, 0x00, 0x00, 0x00,
    0x00, 0x00, 0x00, 0x00, 0x00, 0x00, 0x00, 0x00, 0x00, 0x8d, 0x6b, 0x43, 0x8d, 0x6b, 0xf4, 0x8d, 0x6b, 0x9b, 0x8d, 0x6b, 0x2e, 0x8d, 0x6b, 0xd6,
    0x8d, 0x6b, 0x81, 0x8d, 0x6b, 0x06, 0x00, 0x00, 0x00, 0x8d, 0x6b, 0x39, 0x8d, 0x6b, 0xcc, 0x8d, 0x6b, 0xc0, 0x8d, 0x6b, 0x14, 0x00, 0x00, 0x00,
    0x00, 0x00, 0x00, 0x00, 0x00, 0x00, 0x00, 0x00, 0x00, 0x00, 0x00, 0x00, 0x00, 0x00, 0x00, 0x00, 0x00, 0x00, 0x00, 0x00, 0x00, 0x00, 0x00, 0x00,
    0x8d, 0x6b, 0xab, 0x8d, 0x6b, 0x8b, 0x00, 0x00, 0x00, 0x00, 0x00, 0x00, 0x00, 0x00, 0x00, 0x00, 0x00, 0x00, 0x00, 0x00, 0x00, 0x00, 0x00, 0x00,
    0x00, 0x00, 0x00, 0x8d, 0x6b, 0x0b, 0x8d, 0x6b, 0xff, 0x8d, 0x6b, 0x33, 0x00, 0x00, 0x00, 0x00, 0x00, 0x00, 0x00, 0x00, 0x00, 0x8d, 0x6b, 0x5b,
    0x8d, 0x6b, 0xcb, 0x00, 0x00, 0x00, 0x8d, 0x6b, 0x17, 0x8d, 0x6b, 0xff, 0x8d, 0x6b, 0x1c, 0x8d, 0x6b, 0xd8, 0x8d, 0x6b, 0xfe, 0x8d, 0x6b, 0x76,
    0x00, 0x00, 0x00, 0x00, 0x00, 0x00, 0x8d, 0x6b, 0x20, 0x8d, 0x6b, 0xff, 0x8d, 0x6b, 0x1a, 0x00, 0x00, 0x00, 0x00, 0x00, 0x00, 0x00, 0x00, 0x00,
    0x8d, 0x6b, 0xa0, 0x8d, 0x6b, 0xa4, 0x8d, 0x6b, 0x19, 0x8d, 0x6b, 0x26, 0x8d, 0x6b, 0x4c, 0x8d, 0x6b, 0xfb, 0x8d, 0x6b, 0x56, 0x8d, 0x6b, 0x4b,
    0x8d, 0x6b, 0xdf, 0x00, 0x00, 0x00, 0x00, 0x00, 0x00, 0x8d, 0x6b, 0x7f, 0x8d, 0x6b, 0xab, 0x00, 0x00, 0x00, 0x00, 0x00, 0x00, 0x00, 0x00, 0x00,
    0x00, 0x00, 0x00, 0x00, 0x00, 0x00, 0x00, 0x00, 0x00, 0x00, 0x00, 0x00, 0x00, 0x00, 0x00, 0x00, 0x00, 0x00, 0x00, 0x00, 0x00, 0x8d, 0x6b, 0x0f,
    0x8d, 0x6b, 0xfc, 0x8d, 0x6b, 0x73, 0x00, 0x00, 0x00, 0x00, 0x00, 0x00, 0x00, 0x00, 0x00, 0x00, 0x00, 0x00, 0x00, 0x00, 0x00, 0x00, 0x00, 0x00,
    0x8d, 0x6b, 0x3f, 0x8d, 0x6b, 0xf3, 0x00, 0x00, 0x00, 0x00, 0x00, 0x00, 0x8d, 0x6b, 0x53, 0x8d, 0x6b, 0xd3, 0x00, 0x00, 0x00, 0x8d, 0x6b, 0x01,
    0x8d, 0x6b, 0x0b, 0x00, 0x00, 0x00, 0x00, 0x00, 0x00, 0x8d, 0x6b, 0xf3, 0x8d, 0x6b, 0x3f, 0x00, 0x00, 0x00, 0x8d, 0x6b, 0x0e, 0x8d, 0x6b, 0x27,
    0x8d, 0x6b, 0x27, 0x8d, 0x6b, 0x27, 0x8d, 0x6b, 0x02, 0x00, 0x00, 0x00, 0x8d, 0x6b, 0x1f, 0x8d, 0x6b, 0xff, 0x8d, 0x6b, 0x0f, 0x00, 0x00, 0x00,
    0x8d, 0x6b, 0xbf, 0x8d, 0x6b, 0x5f, 0x00, 0x00, 0x00, 0x8d, 0x6b, 0x6b, 0x8d, 0x6b, 0xc7, 0x00, 0x00, 0x00, 0x8d, 0x6b, 0x0a, 0x8d, 0x6b, 0xcf,
    0x8d, 0x6b, 0x7a, 0x8d, 0x6b, 0x48, 0x8d, 0x6b, 0xf4, 0x8d, 0x6b, 0x23, 0x8d, 0x6b, 0xfb, 0x8d, 0x6b, 0xff, 0x8d, 0x6b, 0xff, 0x8d, 0x6b, 0xff,
    0x8d, 0x6b, 0xff, 0x8d, 0x6b, 0x43, 0x00, 0x00, 0x00, 0x00, 0x00, 0x00, 0x00, 0x00, 0x00, 0x00, 0x00, 0x00, 0x00, 0x00, 0x00, 0x8d, 0x6b, 0x19,
    0x8d, 0x6b, 0xee, 0x8d, 0x6b, 0xff, 0x8d, 0x6b, 0x27, 0x00, 0x00, 0x00, 0x00, 0x00, 0x00, 0x00, 0x00, 0x00, 0x00, 0x00, 0x00, 0x8d, 0x6b, 0x63,
    0x8d, 0x6b, 0xd3, 0x00, 0x00, 0x00, 0x00, 0x00, 0x00, 0x00, 0x00, 0x00, 0x00, 0x00, 0x00, 0x00, 0x00, 0x00, 0x00, 0x00, 0x00, 0x8d, 0x6b, 0x09,
    0x8d, 0x6b, 0x49, 0x00, 0x00, 0x00, 0x00, 0x00, 0x00, 0x8d, 0x6b, 0x10, 0x8d, 0x6b, 0xbb, 0x8d, 0x6b, 0xdb, 0x8d, 0x6b, 0xb6, 0x8d, 0x6b, 0xf2,
    0x8d, 0x6b, 0x69, 0x8d, 0x6b, 0x01, 0x00, 0x00, 0x00, 0x00, 0x00, 0x00, 0x00, 0x00, 0x00, 0x00, 0x00, 0x00, 0x00, 0x00, 0x00, 0x00, 0x00, 0x00,
    0x00, 0x00, 0x00, 0x00, 0x00, 0x00, 0x00, 0x00, 0x00, 0x00, 0x00, 0x00, 0x8d, 0x6b, 0xab, 0x8d, 0x6b, 0x8b, 0x00, 0x00, 0x00, 0x00, 0x00, 0x00,
    0x00, 0x00, 0x00, 0x00, 0x00, 0x00, 0x00, 0x00, 0x00, 0x00, 0x00, 0x00, 0x00, 0x00, 0x00, 0x8d, 0x6b, 0x0b, 0x8d, 0x6b, 0xff, 0x8d, 0x6b, 0x33,
    0x00, 0x00, 0x00, 0x00, 0x00, 0x00, 0x00, 0x00, 0x00, 0x8d, 0x6b, 0x5b, 0x8d, 0x6b, 0xcb, 0x00, 0x00, 0x00, 0x8d, 0x6b, 0x17, 0x8d, 0x6b, 0xff,
    0x8d, 0x6b, 0x8d, 0x8d, 0x6b, 0xef, 0x8d, 0x6b, 0x86, 0x8d, 0x6b, 0xb6, 0x00, 0x00, 0x00, 0x00, 0x00, 0x00, 0x8d, 0x6b, 0x62, 0x8d, 0x6b, 0xd4,
    0x00, 0x00, 0x00, 0x00, 0x00, 0x00, 0x8d, 0x6b, 0x30, 0x8d, 0x6b, 0xfd, 0x8d, 0x6b, 0xff, 0x8d, 0x6b, 0xff, 0x8d, 0x6b, 0xfb, 0x8d, 0x6b, 0xef,
    0x8d, 0x6b, 0xe1, 0x8d, 0x6b, 0xda, 0x8d, 0x6b, 0xe2, 0x8d, 0x6b, 0x56, 0x8d, 0x6b, 0xdf, 0x00, 0x00, 0x00, 0x00, 0x00, 0x00, 0x8d, 0x6b, 0x7f,
    0x8d, 0x6b, 0xab, 0x00, 0x00, 0x00, 0x00, 0x00, 0x00, 0x00, 0x00, 0x00, 0x00, 0x00, 0x00, 0x00, 0x00, 0x00, 0x00, 0x00, 0x00, 0x00, 0x00, 0x00,
    0x00, 0x00, 0x00, 0x8d, 0x6b, 0x10, 0x8d, 0x6b, 0x3b, 0x8d, 0x6b, 0xbf, 0x8d, 0x6b, 0xcc, 0x8d, 0x6b, 0x11, 0x00, 0x00, 0x00, 0x00, 0x00, 0x00,
    0x00, 0x00, 0x00, 0x00, 0x00, 0x00, 0x00, 0x00, 0x00, 0x00, 0x00, 0x00, 0x8d, 0x6b, 0x3f, 0x8d, 0x6b, 0xf3, 0x00, 0x00, 0x00, 0x00, 0x00, 0x00,
    0x8d, 0x6b, 0x53, 0x8d, 0x6b, 0xd3, 0x00, 0x00, 0x00, 0x8d, 0x6b, 0x1b, 0x8d, 0x6b, 0xff, 0x8d, 0x6b, 0x13, 0x00, 0x00, 0x00, 0x8d, 0x6b, 0xf3,
    0x8d, 0x6b, 0x3f, 0x00, 0x00, 0x00, 0x8d, 0x6b, 0x5f, 0x8d, 0x6b, 0xff, 0x8d, 0x6b, 0xff, 0x8d, 0x6b, 0xff, 0x8d, 0x6b, 0x0f, 0x00, 0x00, 0x00,
    0x8d, 0x6b, 0x20, 0x8d, 0x6b, 0xff, 0x8d, 0x6b, 0x0f, 0x00, 0x00, 0x00, 0x8d, 0x6b, 0xbf, 0x8d, 0x6b, 0x5f, 0x00, 0x00, 0x00, 0x8d, 0x6b, 0x6b,
    0x8d, 0x6b, 0xc7, 0x00, 0x00, 0x00, 0x8d, 0x6b, 0x38, 0x8d, 0x6b, 0xf8, 0x8d, 0x6b, 0xd2, 0x8d, 0x6b, 0xf6, 0x8d, 0x6b, 0x92, 0x00, 0x00, 0x00,
    0x8d, 0x6b, 0x1b, 0x8d, 0x6b, 0xd3, 0x8d, 0x6b, 0x68, 0x8d, 0x6b, 0x1b, 0x8d, 0x6b, 0xe7, 0x8d, 0x6b, 0x43, 0x00, 0x00, 0x00, 0x00, 0x00, 0x00,
    0x00, 0x00, 0x00, 0x00, 0x00, 0x00, 0x8d, 0x6b, 0x06, 0x8d, 0x6b, 0xc2, 0x8d, 0x6b, 0xdd, 0x8d, 0x6b, 0xff, 0x8d, 0x6b, 0x27, 0x00, 0x00, 0x00,
    0x00, 0x00, 0x00, 0x00, 0x00, 0x00, 0x00, 0x00, 0x00, 0x8d, 0x6b, 0x63, 0x8d, 0x6b, 0xd3, 0x00, 0x00, 0x00, 0x00, 0x00, 0x00, 0x00, 0x00, 0x00,
    0x00, 0x00, 0x00, 0x00, 0x00, 0x00, 0x00, 0x00, 0x00, 0x00, 0x00, 0x00, 0x8d, 0x6b, 0x07, 0x8d, 0x6b, 0x2b, 0x8d, 0x6b, 0x66, 0x8d, 0x6b, 0xab,
    0x8d, 0x6b, 0xed, 0x8d, 0x6b, 0xdc, 0x8d, 0x6b, 0xca, 0x8d, 0x6b, 0xf4, 0x8d, 0x6b, 0xbd, 0x8d, 0x6b, 0x81, 0x8d, 0x6b, 0x4e, 0x8d, 0x6b, 0x31,
    0x8d, 0x6b, 0x16, 0x8d, 0x6b, 0x01, 0x00, 0x00, 0x00, 0x00, 0x00, 0x00, 0x00, 0x00, 0x00, 0x00, 0x00, 0x00, 0x00, 0x00, 0x00, 0x00, 0x00, 0x00,
    0x8d, 0x6b, 0xab, 0x8d, 0x6b, 0xff, 0x8d, 0x6b, 0xff, 0x8d, 0x6b, 0xff, 0x8d, 0x6b, 0xff, 0x8d, 0x6b, 0xff, 0x8d, 0x6b, 0xff, 0x8d, 0x6b, 0xff,
    0x8d, 0x6b, 0xff, 0x8d, 0x6b, 0xff, 0x8d, 0x6b, 0xff, 0x8d, 0x6b, 0x33, 0x00, 0x00, 0x00, 0x00, 0x00, 0x00, 0x00, 0x00, 0x00, 0x8d, 0x6b, 0x5b,
    0x8d, 0x6b, 0xcb, 0x00, 0x00, 0x00, 0x8d, 0x6b, 0x17, 0x8d, 0x6b, 0xff, 0x8d, 0x6b, 0xc1, 0x8d, 0x6b, 0x71, 0x8d, 0x6b, 0x29, 0x8d, 0x6b, 0xf3,
    0x8d, 0x6b, 0x0a, 0x00, 0x00, 0x00, 0x8d, 0x6b, 0xa8, 0x8d, 0x6b, 0x8f, 0x00, 0x00, 0x00, 0x00, 0x00, 0x00, 0x8d, 0x6b, 0x06, 0x8d, 0x6b, 0x23,
    0x8d, 0x6b, 0x16, 0x8d, 0x6b, 0x09, 0x8d, 0x6b, 0x6b, 0x8d, 0x6b, 0x52, 0x00, 0x00, 0x00, 0x00, 0x00, 0x00, 0x8d, 0x6b, 0x79, 0x8d, 0x6b, 0x60,
    0x8d, 0x6b, 0xdf, 0x00, 0x00, 0x00, 0x00, 0x00, 0x00, 0x8d, 0x6b, 0x7f, 0x8d, 0x6b, 0xab, 0x00, 0x00, 0x00, 0x00, 0x00, 0x00, 0x00, 0x00, 0x00,
    0x00, 0x00, 0x00, 0x00, 0x00, 0x00, 0x00, 0x00, 0x00, 0x00, 0x00, 0x00, 0x8d, 0x6b, 0x27, 0x8d, 0x6b, 0xff, 0x8d, 0x6b, 0xff, 0x8d, 0x6b, 0xd4,
    0x8d, 0x6b, 0x17, 0x00, 0x00, 0x00, 0x00, 0x00, 0x00, 0x00, 0x00, 0x00, 0x00, 0x00, 0x00, 0x00, 0x00, 0x00, 0x00, 0x00, 0x00, 0x00, 0x00, 0x00,
    0x8d, 0x6b, 0x3f, 0x8d, 0x6b, 0xf3, 0x00, 0x00, 0x00, 0x00, 0x00, 0x00, 0x8d, 0x6b, 0x53, 0x8d, 0x6b, 0xd3, 0x00, 0x00, 0x00, 0x8d, 0x6b, 0x1b,
    0x8d, 0x6b, 0xff, 0x8d, 0x6b, 0x13, 0x00, 0x00, 0x00, 0x8d, 0x6b, 0xf3, 0x8d, 0x6b, 0x3f, 0x00, 0x00, 0x00, 0x00, 0x00, 0x00, 0x00, 0x00, 0x00,
    0x8d, 0x6b, 0x17, 0x8d, 0x6b, 0xff, 0x8d, 0x6b, 0x0f, 0x00, 0x00, 0x00, 0x8d, 0x6b, 0x2b, 0x8d, 0x6b, 0xff, 0x8d, 0x6b, 0x05, 0x00, 0x00, 0x00,
    0x8d, 0x6b, 0xbf, 0x8d, 0x6b, 0x5f, 0x00, 0x00, 0x00, 0x8d, 0x6b, 0x6b, 0x8d, 0x6b, 0xc7, 0x00, 0x00, 0x00, 0x00, 0x00, 0x00, 0x8d, 0x6b, 0x07,
    0x8d, 0x6b, 0x43, 0x8d, 0x6b, 0xe6, 0x8d, 0x6b, 0x12, 0x00, 0x00, 0x00, 0x8d, 0x6b, 0x41, 0x8d, 0x6b, 0xe6, 0x8d, 0x6b, 0x05, 0x00, 0x00, 0x00,
    0x8d, 0x6b, 0xe3, 0x8d, 0x6b, 0x43, 0x00, 0x00, 0x00, 0x00, 0x00, 0x00, 0x00, 0x00, 0x00, 0x00, 0x00, 0x00, 0x8d, 0x6b, 0x79, 0x8d, 0x6b, 0xf0,
    0x8d, 0x6b, 0x2f, 0x8d, 0x6b, 0xff, 0x8d, 0x6b, 0x2d, 0x8d, 0x6b, 0x23, 0x8d, 0x6b, 0x23, 0x8d, 0x6b, 0x23, 0x8d, 0x6b, 0x23, 0x8d, 0x6b, 0x79,
    0x8d, 0x6b, 0xda, 0x8d, 0x6b, 0x23, 0x8d, 0x6b, 0x23, 0x8d, 0x6b, 0x23, 0x8d, 0x6b, 0x23, 0x8d, 0x6b, 0x0c, 0x8d, 0x6b, 0x16, 0x8d, 0x6b, 0xdf,
    0x8d, 0x6b, 0xfd, 0x8d, 0x6b, 0xec, 0x8d, 0x6b, 0xbb, 0x8d, 0x6b, 0x76, 0x8d, 0x6b, 0x29, 0x8d, 0x6b, 0x0d, 0x8d, 0x6b, 0x01, 0x8d, 0x6b, 0x18,
    0x8d, 0x6b, 0x63, 0x8d, 0x6b, 0xa3, 0x8d, 0x6b, 0xc8, 0x8d, 0x6b, 0xec, 0x8d, 0x6b, 0xf3, 0x8d, 0x6b, 0x1d, 0x00, 0x00, 0x00, 0x00, 0x00, 0x00,
    0x00, 0x00, 0x00, 0x00, 0x00, 0x00, 0x00, 0x00, 0x00, 0x00, 0x00, 0x00, 0x8d, 0x6b, 0xab, 0x8d, 0x6b, 0xa1, 0x8d, 0x6b, 0x2f, 0x8d, 0x6b, 0x2f,
    0x8d, 0x6b, 0x2f, 0x8d, 0x6b, 0x2f, 0x8d, 0x6b, 0x2f, 0x8d, 0x6b, 0x2f, 0x8d, 0x6b, 0x2f, 0x8d, 0x6b, 0x39, 0x8d, 0x6b, 0xff, 0x8d, 0x6b, 0x33,
    0x00, 0x00, 0x00, 0x00, 0x00, 0x00, 0x00, 0x00, 0x00, 0x8d, 0x6b, 0x5b, 0x8d, 0x6b, 0xcb, 0x00, 0x00, 0x00, 0x8d, 0x6b, 0x17, 0x8d, 0x6b, 0xff,
    0x8d, 0x6b, 0x1e, 0x8d, 0x6b, 0x05, 0x00, 0x00, 0x00, 0x8d, 0x6b, 0xdf, 0x8d, 0x6b, 0x62, 0x8d, 0x6b, 0x19, 0x8d, 0x6b, 0xf9, 0x8d, 0x6b, 0x3a,
    0x00, 0x00, 0x00, 0x00, 0x00, 0x00, 0x00, 0x00, 0x00, 0x00, 0x00, 0x00, 0x00, 0x00, 0x00, 0x00, 0x00, 0x00, 0x8d, 0x6b, 0xab, 0x8d, 0x6b, 0x83,
    0x00, 0x00, 0x00, 0x00, 0x00, 0x00, 0x00, 0x00, 0x00, 0x8d, 0x6b, 0x4b, 0x8d, 0x6b, 0xdf, 0x00, 0x00, 0x00, 0x00, 0x00, 0x00, 0x8d, 0x6b, 0x7f,
    0x8d, 0x6b, 0xab, 0x00, 0x00, 0x00, 0x00, 0x00, 0x00, 0x00, 0x00, 0x00, 0x00, 0x00, 0x00, 0x00, 0x00, 0x00, 0x00, 0x00, 0x00, 0x00, 0x00, 0x00,
    0x8d, 0x6b, 0x05, 0x8d, 0x6b, 0x31, 0x8d, 0x6b, 0x53, 0x8d, 0x6b, 0xbc, 0x8d, 0x6b, 0xea, 0x8d, 0x6b, 0x30, 0x00, 0x00, 0x00, 0x00, 0x00, 0x00,
    0x00, 0x00, 0x00, 0x00, 0x00, 0x00, 0x00, 0x00, 0x00, 0x00, 0x00, 0x00, 0x8d, 0x6b, 0x3f, 0x8d, 0x6b, 0xf3, 0x00, 0x00, 0x00, 0x00, 0x00, 0x00,
    0x8d, 0x6b, 0x53, 0x8d, 0x6b, 0xd3, 0x00, 0x00, 0x00, 0x8d, 0x6b, 0x1b, 0x8d, 0x6b, 0xff, 0x8d, 0x6b, 0x13, 0x00, 0x00, 0x00, 0x8d, 0x6b, 0xf3,
    0x8d, 0x6b, 0x3f, 0x00, 0x00, 0x00, 0x00, 0x00, 0x00, 0x00, 0x00, 0x00, 0x8d, 0x6b, 0x17, 0x8d, 0x6b, 0xff, 0x8d, 0x6b, 0x0f, 0x00, 0x00, 0x00,
    0x8d, 0x6b, 0x3b, 0x8d, 0x6b, 0xf5, 0x00, 0x00, 0x00, 0x00, 0x00, 0x00, 0x8d, 0x6b, 0xbf, 0x8d, 0x6b, 0x5f, 0x00, 0x00, 0x00, 0x8d, 0x6b, 0x6b,
    0x8d, 0x6b, 0xc7, 0x00, 0x00, 0x00, 0x00, 0x00, 0x00, 0x8d, 0x6b, 0x0f, 0x8d, 0x6b, 0xdf, 0x8d, 0x6b, 0x4b, 0x8d, 0x6b, 0x04, 0x8d, 0x6b, 0x14,
    0x8d, 0x6b, 0xb3, 0x8d, 0x6b, 0xff, 0x8d, 0x6b, 0xff, 0x8d, 0x6b, 0xff, 0x8d, 0x6b, 0xff, 0x8d, 0x6b, 0xff, 0x8d, 0x6b, 0xff, 0x8d, 0x6b, 0xff,
    0x8d, 0x6b, 0x97, 0x00, 0x00, 0x00, 0x8d, 0x6b, 0x1d, 0x8d, 0x6b, 0x47, 0x8d, 0x6b, 0x07, 0x8d, 0x6b, 0xff, 0x8d, 0x6b, 0x4b, 0x8d, 0x6b, 0xff,
    0x8d, 0x6b, 0xff, 0x8d, 0x6b, 0xff, 0x8d, 0x6b, 0xff, 0x8d, 0x6b, 0xff, 0x8d, 0x6b, 0xff, 0x8d, 0x6b, 0xff, 0x8d, 0x6b, 0xff, 0x8d, 0x6b, 0xff,
    0x8d, 0x6b, 0xff, 0x8d, 0x6b, 0x5b, 0x00, 0x00, 0x00, 0x8d, 0x6b, 0x41, 0x8d, 0x6b, 0x1d, 0x00, 0x00, 0x00, 0x00, 0x00, 0x00, 0x00, 0x00, 0x00,
    0x8d, 0x6b, 0x01, 0x8d, 0x6b, 0xf5, 0x8d, 0x6b, 0x4b, 0x00, 0x00, 0x00, 0x00, 0x00, 0x00, 0x00, 0x00, 0x00, 0x00, 0x00, 0x00, 0x00, 0x00, 0x00,
    0x8d, 0x6b, 0x08, 0x00, 0x00, 0x00, 0x00, 0x00, 0x00, 0x00, 0x00, 0x00, 0x00, 0x00, 0x00, 0x00, 0x00, 0x00, 0x00, 0x00, 0x00, 0x00, 0x00, 0x00,
    0x8d, 0x6b, 0xab, 0x8d, 0x6b, 0x8b, 0x00, 0x00, 0x00, 0x00, 0x00, 0x00, 0x00, 0x00, 0x00, 0x00, 0x00, 0x00, 0x00, 0x00, 0x00, 0x00, 0x00, 0x00,
    0x00, 0x00, 0x00, 0x00, 0x00, 0x00, 0x8d, 0x6b, 0x07, 0x8d, 0x6b, 0x01, 0x00, 0x00, 0x00, 0x00, 0x00, 0x00, 0x00, 0x00, 0x00, 0x8d, 0x6b, 0x5b,
    0x8d, 0x6b, 0xcb, 0x00, 0x00, 0x00, 0x8d, 0x6b, 0x18, 0x8d, 0x6b, 0xff, 0x8d, 0x6b, 0x17, 0x00, 0x00, 0x00, 0x00, 0x00, 0x00, 0x8d, 0x6b, 0x7f,
    0x8d, 0x6b, 0xca, 0x8d, 0x6b, 0x84, 0x8d, 0x6b, 0xc4, 0x00, 0x00, 0x00, 0x00, 0x00, 0x00, 0x00, 0x00, 0x00, 0x00, 0x00, 0x00, 0x8d, 0x6b, 0xbb,
    0x8d, 0x6b, 0xff, 0x8d, 0x6b, 0xff, 0x8d, 0x6b, 0xff, 0x8d, 0x6b, 0xff, 0x8d, 0x6b, 0xff, 0x8d, 0x6b, 0xff, 0x8d, 0x6b, 0x8f, 0x8d, 0x6b, 0x4b,
    0x8d, 0x6b, 0xdf, 0x00, 0x00, 0x00, 0x00, 0x00, 0x00, 0x8d, 0x6b, 0x7f, 0x8d, 0x6b, 0xab, 0x00, 0x00, 0x00, 0x00, 0x00, 0x00, 0x00, 0x00, 0x00,
    0x00, 0x00, 0x00, 0x00, 0x00, 0x00, 0x00, 0x00, 0x00, 0x00, 0x00, 0x00, 0x00, 0x00, 0x00, 0x00, 0x00, 0x00, 0x00, 0x00, 0x00, 0x8d, 0x6b, 0x03,
    0x8d, 0x6b, 0xcb, 0x8d, 0x6b, 0xbf, 0x00, 0x00, 0x00, 0x00, 0x00, 0x00, 0x00, 0x00, 0x00, 0x00, 0x00, 0x00, 0x00, 0x00, 0x00, 0x00, 0x00, 0x00,
    0x8d, 0x6b, 0x3f, 0x8d, 0x6b, 0xf3, 0x8d, 0x6b, 0x01, 0x8d, 0x6b, 0x33, 0x8d, 0x6b, 0x53, 0x8d, 0x6b, 0xd3, 0x00, 0x00, 0x00, 0x8d, 0x6b, 0x1e,
    0x8d, 0x6b, 0xff, 0x8d, 0x6b, 0x11, 0x00, 0x00, 0x00, 0x8d, 0x6b, 0xf3, 0x8d, 0x6b, 0x3f, 0x00, 0x00, 0x00, 0x00, 0x00, 0x00, 0x00, 0x00, 0x00,
    0x8d, 0x6b, 0x17, 0x8d, 0x6b, 0xff, 0x8d, 0x6b, 0x0f, 0x00, 0x00, 0x00, 0x8d, 0x6b, 0x4b, 0x8d, 0x6b, 0xe5, 0x00, 0x00, 0x00, 0x00, 0x00, 0x00,
    0x8d, 0x6b, 0xbf, 0x8d, 0x6b, 0x5f, 0x00, 0x00, 0x00, 0x8d, 0x6b, 0x6b, 0x8d, 0x6b, 0xc7, 0x00, 0x00, 0x00, 0x8d, 0x6b, 0x06, 0x8d, 0x6b, 0xae,
    0x8d, 0x6b, 0xf1, 0x8d, 0x6b, 0xc8, 0x8d, 0x6b, 0xf7, 0x8d, 0x6b, 0x90, 0x8d, 0x6b, 0x26, 0x8d, 0x6b, 0x22, 0x8d, 0x6b, 0x17, 0x8d, 0x6b, 0x17,
    0x8d, 0x6b, 0xe6, 0x8d, 0x6b, 0x55, 0x8d, 0x6b, 0x17, 0x8d, 0x6b, 0x17, 0x8d, 0x6b, 0x0e, 0x00, 0x00, 0x00, 0x00, 0x00, 0x00, 0x00, 0x00, 0x00,
    0x8d, 0x6b, 0x07, 0x8d, 0x6b, 0xff, 0x8d, 0x6b, 0x27, 0x00, 0x00, 0x00, 0x00, 0x00, 0x00, 0x00, 0x00, 0x00, 0x00, 0x00, 0x00, 0x8d, 0x6b, 0x63,
    0x8d, 0x6b, 0xd3, 0x00, 0x00, 0x00, 0x00, 0x00, 0x00, 0x00, 0x00, 0x00, 0x00, 0x00, 0x00, 0x00, 0x00, 0x00, 0x00, 0x00, 0x00, 0x00, 0x00, 0x00,
    0x8d, 0x6b, 0x0b, 0x8d, 0x6b, 0x0b, 0x8d, 0x6b, 0x0b, 0x8d, 0x6b, 0x0b, 0x8d, 0x6b, 0x25, 0x8d, 0x6b, 0xff, 0x8d, 0x6b, 0x30, 0x8d, 0x6b, 0x0b,
    0x8d, 0x6b, 0x0b, 0x8d, 0x6b, 0x0b, 0x8d, 0x6b, 0x0b, 0x8d, 0x6b, 0x0b, 0x00, 0x00, 0x00, 0x00, 0x00, 0x00, 0x00, 0x00, 0x00, 0x00, 0x00, 0x00,
    0x00, 0x00, 0x00, 0x00, 0x00, 0x00, 0x00, 0x00, 0x00, 0x00, 0x00, 0x00, 0x8d, 0x6b, 0xab, 0x8d, 0x6b, 0x8b, 0x00, 0x00, 0x00, 0x00, 0x00, 0x00,
    0x00, 0x00, 0x00, 0x00, 0x00, 0x00, 0x00, 0x00, 0x00, 0x00, 0x00, 0x00, 0x00, 0x00, 0x00, 0x00, 0x00, 0x00, 0x00, 0x00, 0x00, 0x00, 0x00, 0x00,
    0x8d, 0x6b, 0x1d, 0x00, 0x00, 0x00, 0x00, 0x00, 0x00, 0x8d, 0x6b, 0x5d, 0x8d, 0x6b, 0xe1, 0x8d, 0x6b, 0x9b, 0x8d, 0x6b, 0xe9, 0x8d, 0x6b, 0xff,
    0x8d, 0x6b, 0x17, 0x00, 0x00, 0x00, 0x00, 0x00, 0x00, 0x8d, 0x6b, 0x18, 0x8d, 0x6b, 0xf9, 0x8d, 0x6b, 0xf5, 0x8d, 0x6b, 0x4d, 0x00, 0x00, 0x00,
    0x00, 0x00, 0x00, 0x00, 0x00, 0x00, 0x00, 0x00, 0x00, 0x8d, 0x6b, 0x11, 0x8d, 0x6b, 0x17, 0x8d, 0x6b, 0x17, 0x8d, 0x6b, 0xb3, 0x8d, 0x6b, 0x8f,
    0x8d, 0x6b, 0x17, 0x8d, 0x6b, 0x17, 0x8d, 0x6b, 0x0d, 0x8d, 0x6b, 0x4b, 0x8d, 0x6b, 0xdf, 0x00, 0x00, 0x00, 0x00, 0x00, 0x00, 0x8d, 0x6b, 0x7f,
    0x8d, 0x6b, 0xab, 0x00, 0x00, 0x00, 0x00, 0x00, 0x00, 0x00, 0x00, 0x00, 0x00, 0x00, 0x00, 0x00, 0x00, 0x00, 0x00, 0x00, 0x00, 0x00, 0x00, 0x00,
    0x00, 0x00, 0x00, 0x00, 0x00, 0x00, 0x00, 0x00, 0x00, 0x00, 0x00, 0x00, 0x8d, 0x6b, 0x90, 0x8d, 0x6b, 0xef, 0x00, 0x00, 0x00, 0x00, 0x00, 0x00,
    0x00, 0x00, 0x00, 0x00, 0x00, 0x00, 0x00, 0x00, 0x00, 0x8d, 0x6b, 0x07, 0x8d, 0x6b, 0x6f, 0x8d, 0x6b, 0xfc, 0x8d, 0x6b, 0xe6, 0x8d, 0x6b, 0xe9,
    0x8d, 0x6b, 0x57, 0x8d, 0x6b, 0xd3, 0x00, 0x00, 0x00, 0x8d, 0x6b, 0x34, 0x8d, 0x6b, 0xf8, 0x00, 0x00, 0x00, 0x00, 0x00, 0x00, 0x8d, 0x6b, 0xf3,
    0x8d, 0x6b, 0x3f, 0x00, 0x00, 0x00, 0x00, 0x00, 0x00, 0x00, 0x00, 0x00, 0x8d, 0x6b, 0x17, 0x8d, 0x6b, 0xff, 0x8d, 0x6b, 0x0f, 0x00, 0x00, 0x00,
    0x8d, 0x6b, 0x5c, 0x8d, 0x6b, 0xd6, 0x00, 0x00, 0x00, 0x00, 0x00, 0x00, 0x8d, 0x6b, 0xbf, 0x8d, 0x6b, 0x5f, 0x00, 0x00, 0x00, 0x8d, 0x6b, 0x6b,
    0x8d, 0x6b, 0xc7, 0x00, 0x00, 0x00, 0x8d, 0x6b, 0x18, 0x8d, 0x6b, 0xfc, 0x8d, 0x6b, 0xc4, 0x8d, 0x6b, 0x7c, 0x8d, 0x6b, 0x38, 0x8d, 0x6b, 0x03,
    0x00, 0x00, 0x00, 0x8d, 0x6b, 0x73, 0x8d, 0x6b, 0x41, 0x00, 0x00, 0x00, 0x8d, 0x6b, 0xe3, 0x8d, 0x6b, 0x43, 0x8d, 0x6b, 0x36, 0x8d, 0x6b, 0x5e,
    0x00, 0x00, 0x00, 0x00, 0x00, 0x00, 0x00, 0x00, 0x00, 0x00, 0x00, 0x00, 0x8d, 0x6b, 0x07, 0x8d, 0x6b, 0xff, 0x8d, 0x6b, 0x27, 0x00, 0x00, 0x00,
    0x00, 0x00, 0x00, 0x00, 0x00, 0x00, 0x00, 0x00, 0x00, 0x8d, 0x6b, 0x63, 0x8d, 0x6b, 0xd3, 0x00, 0x00, 0x00, 0x00, 0x00, 0x00, 0x00, 0x00, 0x00,
    0x00, 0x00, 0x00, 0x00, 0x00, 0x00, 0x00, 0x00, 0x00, 0x00, 0x00, 0x00, 0x8d, 0x6b, 0xfb, 0x8d, 0x6b, 0xff, 0x8d, 0x6b, 0xff, 0x8d, 0x6b, 0xff,
    0x8d, 0x6b, 0xff, 0x8d, 0x6b, 0xff, 0x8d, 0x6b, 0xff, 0x8d, 0x6b, 0xff, 0x8d, 0x6b, 0xff, 0x8d, 0x6b, 0xff, 0x8d, 0x6b, 0xff, 0x8d, 0x6b, 0xdb,
    0x00, 0x00, 0x00, 0x00, 0x00, 0x00, 0x00, 0x00, 0x00, 0x00, 0x00, 0x00, 0x00, 0x00, 0x00, 0x00, 0x00, 0x00, 0x00, 0x00, 0x00, 0x00, 0x00, 0x00,
    0x8d, 0x6b, 0xab, 0x8d, 0x6b, 0x8b, 0x00, 0x00, 0x00, 0x00, 0x00, 0x00, 0x00, 0x00, 0x00, 0x00, 0x00, 0x00, 0x00, 0x00, 0x00, 0x00, 0x00, 0x00,
    0x00, 0x00, 0x00, 0x00, 0x00, 0x00, 0x00, 0x00, 0x00, 0x8d, 0x6b, 0x15, 0x8d, 0x6b, 0xfb, 0x8d, 0x6b, 0x25, 0x8d, 0x6b, 0x4a, 0x8d, 0x6b, 0xfa,
    0x8d, 0x6b, 0xfb, 0x8d, 0x6b, 0xb6, 0x8d, 0x6b, 0x6f, 0x8d, 0x6b, 0xff, 0x8d, 0x6b, 0x17, 0x00, 0x00, 0x00, 0x00, 0x00, 0x00, 0x8d, 0x6b, 0x01,
    0x8d, 0x6b, 0xcd, 0x8d, 0x6b, 0xf3, 0x8d, 0x6b, 0x08, 0x00, 0x00, 0x00, 0x00, 0x00, 0x00, 0x00, 0x00, 0x00, 0x00, 0x00, 0x00, 0x00, 0x00, 0x00,
    0x00, 0x00, 0x00, 0x00, 0x00, 0x00, 0x8d, 0x6b, 0xab, 0x8d, 0x6b, 0x83, 0x00, 0x00, 0x00, 0x00, 0x00, 0x00, 0x00, 0x00, 0x00, 0x8d, 0x6b, 0x1e,
    0x8d, 0x6b, 0x5a, 0x00, 0x00, 0x00, 0x00, 0x00, 0x00, 0x8d, 0x6b, 0x7f, 0x8d, 0x6b, 0xab, 0x00, 0x00, 0x00, 0x00, 0x00, 0x00, 0x00, 0x00, 0x00,
    0x00, 0x00, 0x00, 0x00, 0x00, 0x00, 0x8d, 0x6b, 0x0a, 0x8d, 0x6b, 0x50, 0x00, 0x00, 0x00, 0x00, 0x00, 0x00, 0x00, 0x00, 0x00, 0x00, 0x00, 0x00,
    0x8d, 0x6b, 0xc1, 0x8d, 0x6b, 0xcb, 0x00, 0x00, 0x00, 0x00, 0x00, 0x00, 0x00, 0x00, 0x00, 0x00, 0x00, 0x00, 0x8d, 0x6b, 0x5b, 0x8d, 0x6b, 0xf4,
    0x8d, 0x6b, 0xf8, 0x8d, 0x6b, 0xac, 0x8d, 0x6b, 0x4e, 0x8d, 0x6b, 0x05, 0x8d, 0x6b, 0x48, 0x8d, 0x6b, 0xb6, 0x00, 0x00, 0x00, 0x8d, 0x6b, 0x7e,
    0x8d, 0x6b, 0xc6, 0x00, 0x00, 0x00, 0x00, 0x00, 0x00, 0x8d, 0x6b, 0xca, 0x8d, 0x6b, 0x34, 0x00, 0x00, 0x00, 0x00, 0x00, 0x00, 0x00, 0x00, 0x00,
    0x8d, 0x6b, 0x17, 0x8d, 0x6b, 0xff, 0x8d, 0x6b, 0x10, 0x8d, 0x6b, 0x3b, 0x8d, 0x6b, 0x7d, 0x8d, 0x6b, 0xc2, 0x00, 0x00, 0x00, 0x00, 0x00, 0x00,
    0x8d, 0x6b, 0xbf, 0x8d, 0x6b, 0x5f, 0x00, 0x00, 0x00, 0x8d, 0x6b, 0x6b, 0x8d, 0x6b, 0xc7, 0x00, 0x00, 0x00, 0x00, 0x00, 0x00, 0x8d, 0x6b, 0x17,
    0x00, 0x00, 0x00, 0x00, 0x00, 0x00, 0x8d, 0x6b, 0x05, 0x8d, 0x6b, 0x19, 0x8d, 0x6b, 0x14, 0x8d, 0x6b, 0xf7, 0x8d, 0x6b, 0x39, 0x00, 0x00, 0x00,
    0x8d, 0x6b, 0xe3, 0x8d, 0x6b, 0x43, 0x8d, 0x6b, 0x3f, 0x8d, 0x6b, 0xee, 0x8d, 0x6b, 0x0e, 0x00, 0x00, 0x00, 0x00, 0x00, 0x00, 0x00, 0x00, 0x00,
    0x8d, 0x6b, 0x07, 0x8d, 0x6b, 0xff, 0x8d, 0x6b, 0x27, 0x00, 0x00, 0x00, 0x00, 0x00, 0x00, 0x00, 0x00, 0x00, 0x00, 0x00, 0x00, 0x8d, 0x6b, 0x63,
    0x8d, 0x6b, 0xd3, 0x00, 0x00, 0x00, 0x00, 0x00, 0x00, 0x00, 0x00, 0x00, 0x00, 0x00, 0x00, 0x00, 0x00, 0x00, 0x00, 0x00, 0x00, 0x00, 0x00, 0x00,
    0x00, 0x00, 0x00, 0x00, 0x00, 0x00, 0x00, 0x00, 0x00, 0x8d, 0x6b, 0x02, 0x8d, 0x6b, 0xd1, 0x8d, 0x6b, 0x7c, 0x00, 0x00, 0x00, 0x00, 0x00, 0x00,
    0x00, 0x00, 0x00, 0x00, 0x00, 0x00, 0x8d, 0x6b, 0x76, 0x8d, 0x6b, 0xb9, 0x00, 0x00, 0x00, 0x00, 0x00, 0x00, 0x00, 0x00, 0x00, 0x00, 0x00, 0x00,
    0x00, 0x00, 0x00, 0x00, 0x00, 0x00, 0x00, 0x00, 0x00, 0x00, 0x00, 0x00, 0x8d, 0x6b, 0xaa, 0x8d, 0x6b, 0x8d, 0x00, 0x00, 0x00, 0x00, 0x00, 0x00,
    0x00, 0x00, 0x00, 0x00, 0x00, 0x00, 0x00, 0x00, 0x00, 0x00, 0x00, 0x00, 0x00, 0x00, 0x00, 0x00, 0x00, 0x00, 0x00, 0x00, 0x00, 0x8d, 0x6b, 0x3f,
    0x8d, 0x6b, 0xfd, 0x8d, 0x6b, 0x09, 0x8d, 0x6b, 0x17, 0x8d, 0x6b, 0x69, 0x8d, 0x6b, 0x14, 0x00, 0x00, 0x00, 0x8d, 0x6b, 0x17, 0x8d, 0x6b, 0xff,
    0x8d, 0x6b, 0x17, 0x00, 0x00, 0x00, 0x00, 0x00, 0x00, 0x8d, 0x6b, 0x92, 0x8d, 0x6b, 0xf5, 0x8d, 0x6b, 0xef, 0x8d, 0x6b, 0x9f, 0x00, 0x00, 0x00,
    0x00, 0x00, 0x00, 0x00, 0x00, 0x00, 0x00, 0x00, 0x00, 0x00, 0x00, 0x00, 0x00, 0x00, 0x00, 0x00, 0x00, 0x00, 0x8d, 0x6b, 0xab, 0x8d, 0x6b, 0x83,
    0x00, 0x00, 0x00, 0x00, 0x00, 0x00, 0x8d, 0x6b, 0x10, 0x8d, 0x6b, 0x01, 0x00, 0x00, 0x00, 0x00, 0x00, 0x00, 0x00, 0x00, 0x00, 0x8d, 0x6b, 0x7f,
    0x8d, 0x6b, 0xab, 0x00, 0x00, 0x00, 0x00, 0x00, 0x00, 0x00, 0x00, 0x00, 0x00, 0x00, 0x00, 0x00, 0x00, 0x00, 0x8d, 0x6b, 0x44, 0x8d, 0x6b, 0xf8,
    0x8d, 0x6b, 0xa7, 0x8d, 0x6b, 0x5a, 0x8d, 0x6b, 0x44, 0x8d, 0x6b, 0x9f, 0x8d, 0x6b, 0xff, 0x8d, 0x6b, 0x57, 0x00, 0x00, 0x00, 0x00, 0x00, 0x00,
    0x00, 0x00, 0x00, 0x00, 0x00, 0x00, 0x8d, 0x6b, 0x32, 0x8d, 0x6b, 0x64, 0x8d, 0x6b, 0x10, 0x00, 0x00, 0x00, 0x00, 0x00, 0x00, 0x00, 0x00, 0x00,
    0x00, 0x00, 0x00, 0x00, 0x00, 0x00, 0x8d, 0x6b, 0x1c, 0x8d, 0x6b, 0xea, 0x8d, 0x6b, 0x59, 0x8d, 0x6b, 0x89, 0x8d, 0x6b, 0x5a, 0x00, 0x00, 0x00,
    0x00, 0x00, 0x00, 0x00, 0x00, 0x00, 0x00, 0x00, 0x00, 0x00, 0x00, 0x00, 0x8d, 0x6b, 0x17, 0x8d, 0x6b, 0xff, 0x8d, 0x6b, 0xb0, 0x8d, 0x6b, 0xd9,
    0x8d, 0x6b, 0xbf, 0x8d, 0x6b, 0x8b, 0x00, 0x00, 0x00, 0x00, 0x00, 0x00, 0x8d, 0x6b, 0xbf, 0x8d, 0x6b, 0x5f, 0x00, 0x00, 0x00, 0x8d, 0x6b, 0x6b,
    0x8d, 0x6b, 0xc7, 0x00, 0x00, 0x00, 0x00, 0x00, 0x00, 0x00, 0x00, 0x00, 0x8d, 0x6b, 0x16, 0x8d, 0x6b, 0x7c, 0x8d, 0x6b, 0xe6, 0x8d, 0x6b, 0x7f,
    0x8d, 0x6b, 0x82, 0x8d, 0x6b, 0xbf, 0x00, 0x00, 0x00, 0x00, 0x00, 0x00, 0x8d, 0x6b, 0xe3, 0x8d, 0x6b, 0x43, 0x00, 0x00, 0x00, 0x8d, 0x6b, 0xc3,
    0x8d, 0x6b, 0x7b, 0x00, 0x00, 0x00, 0x00, 0x00, 0x00, 0x00, 0x00, 0x00, 0x8d, 0x6b, 0x07, 0x8d, 0x6b, 0xff, 0x8d, 0x6b, 0x27, 0x00, 0x00, 0x00,
    0x00, 0x00, 0x00, 0x00, 0x00, 0x00, 0x00, 0x00, 0x00, 0x8d, 0x6b, 0x63, 0x8d, 0x6b, 0xd3, 0x00, 0x00, 0x00, 0x00, 0x00, 0x00, 0x00, 0x00, 0x00,
    0x00, 0x00, 0x00, 0x00, 0x00, 0x00, 0x00, 0x00, 0x00, 0x00, 0x00, 0x00, 0x00, 0x00, 0x00, 0x00, 0x00, 0x00, 0x00, 0x00, 0x00, 0x8d, 0x6b, 0x6d,
    0x8d, 0x6b, 0xf0, 0x8d, 0x6b, 0x0f, 0x00, 0x00, 0x00, 0x00, 0x00, 0x00, 0x00, 0x00, 0x00, 0x00, 0x00, 0x00, 0x8d, 0x6b, 0x9b, 0x8d, 0x6b, 0x96,
    0x00, 0x00, 0x00, 0x00, 0x00, 0x00, 0x00, 0x00, 0x00, 0x00, 0x00, 0x00, 0x00, 0x00, 0x00, 0x00, 0x00, 0x00, 0x00, 0x00, 0x00, 0x00, 0x00, 0x00,
    0x8d, 0x6b, 0x8f, 0x8d, 0x6b, 0xc7, 0x8d, 0x6b, 0x1a, 0x8d, 0x6b, 0x02, 0x00, 0x00, 0x00, 0x00, 0x00, 0x00, 0x00, 0x00, 0x00, 0x00, 0x00, 0x00,
    0x00, 0x00, 0x00, 0x00, 0x00, 0x00, 0x8d, 0x6b, 0x19, 0x8d, 0x6b, 0xb8, 0x8d, 0x6b, 0xc1, 0x00, 0x00, 0x00, 0x00, 0x00, 0x00, 0x00, 0x00, 0x00,
    0x00, 0x00, 0x00, 0x00, 0x00, 0x00, 0x8d, 0x6b, 0x17, 0x8d, 0x6b, 0xff, 0x8d, 0x6b, 0x17, 0x8d, 0x6b, 0x07, 0x8d, 0x6b, 0x90, 0x8d, 0x6b, 0xf8,
    0x8d, 0x6b, 0x46, 0x8d, 0x6b, 0x42, 0x8d, 0x6b, 0xfb, 0x8d, 0x6b, 0x7f, 0x8d, 0x6b, 0x01, 0x00, 0x00, 0x00, 0x00, 0x00, 0x00, 0x00, 0x00, 0x00,
    0x8d, 0x6b, 0x14, 0x8d, 0x6b, 0x3d, 0x8d, 0x6b, 0xc9, 0x8d, 0x6b, 0xce, 0x8d, 0x6b, 0xb9, 0x8d, 0x6b, 0xe4, 0x8d, 0x6b, 0xff, 0x8d, 0x6b, 0x0e,
    0x00, 0x00, 0x00, 0x00, 0x00, 0x00, 0x00, 0x00, 0x00, 0x8d, 0x6b, 0x7f, 0x8d, 0x6b, 0xab, 0x00, 0x00, 0x00, 0x00, 0x00, 0x00, 0x00, 0x00, 0x00,
    0x00, 0x00, 0x00, 0x00, 0x00, 0x00, 0x00, 0x00, 0x00, 0x8d, 0x6b, 0x35, 0x8d, 0x6b, 0xa2, 0x8d, 0x6b, 0xd9, 0x8d, 0x6b, 0xf2, 0x8d, 0x6b, 0xc7,
    0x8d, 0x6b, 0x51, 0x00, 0x00, 0x00, 0x00, 0x00, 0x00, 0x00, 0x00, 0x00, 0x00, 0x00, 0x00, 0x00, 0x00, 0x00, 0x00, 0x00, 0x00, 0x00, 0x00, 0x00,
    0x00, 0x00, 0x00, 0x00, 0x00, 0x00, 0x00, 0x00, 0x00, 0x00, 0x00, 0x00, 0x00, 0x00, 0x00, 0x8d, 0x6b, 0x3b, 0x8d, 0x6b, 0xdf, 0x8d, 0x6b, 0xaa,
    0x8d, 0x6b, 0x01, 0x8d, 0x6b, 0x4a, 0x8d, 0x6b, 0xeb, 0x8d, 0x6b, 0xa5, 0x8d, 0x6b, 0x0a, 0x00, 0x00, 0x00, 0x00, 0x00, 0x00, 0x00, 0x00, 0x00,
    0x8d, 0x6b, 0x39, 0x8d, 0x6b, 0xff, 0x8d, 0x6b, 0xce, 0x8d, 0x6b, 0x32, 0x8d, 0x6b, 0xf8, 0x8d, 0x6b, 0x4c, 0x00, 0x00, 0x00, 0x00, 0x00, 0x00,
    0x8d, 0x6b, 0x86, 0x8d, 0x6b, 0x43, 0x00, 0x00, 0x00, 0x8d, 0x6b, 0x6b, 0x8d, 0x6b, 0xc7, 0x00, 0x00, 0x00, 0x8d, 0x6b, 0x18, 0x8d, 0x6b, 0xa7,
    0x8d, 0x6b, 0xf9, 0x8d, 0x6b, 0xd2, 0x8d, 0x6b, 0x55, 0x8d, 0x6b, 0x2e, 0x8d, 0x6b, 0xf6, 0x8d, 0x6b, 0x36, 0x00, 0x00, 0x00, 0x00, 0x00, 0x00,
    0x8d, 0x6b, 0xe3, 0x8d, 0x6b, 0x43, 0x00, 0x00, 0x00, 0x8d, 0x6b, 0x4e, 0x8d, 0x6b, 0xe9, 0x8d, 0x6b, 0x08, 0x00, 0x00, 0x00, 0x00, 0x00, 0x00,
    0x8d, 0x6b, 0x07, 0x8d, 0x6b, 0xff, 0x8d, 0x6b, 0x27, 0x00, 0x00, 0x00, 0x00, 0x00, 0x00, 0x00, 0x00, 0x00, 0x00, 0x00, 0x00, 0x8d, 0x6b, 0x63,
    0x8d, 0x6b, 0xd3, 0x00, 0x00, 0x00, 0x00, 0x00, 0x00, 0x00, 0x00, 0x00, 0x00, 0x00, 0x00, 0x00, 0x00, 0x00, 0x00, 0x00, 0x00, 0x00, 0x00, 0x00,
    0x00, 0x00, 0x00, 0x00, 0x00, 0x00, 0x8d, 0x6b, 0x69, 0x8d, 0x6b, 0xf8, 0x8d, 0x6b, 0x4a, 0x00, 0x00, 0x00, 0x00, 0x00, 0x00, 0x00, 0x00, 0x00,
    0x00, 0x00, 0x00, 0x00, 0x00, 0x00, 0x8d, 0x6b, 0xcf, 0x8d, 0x6b, 0x67, 0x00, 0x00, 0x00, 0x00, 0x00, 0x00, 0x00, 0x00, 0x00, 0x00, 0x00, 0x00,
    0x00, 0x00, 0x00, 0x00, 0x00, 0x00, 0x00, 0x00, 0x00, 0x00, 0x00, 0x00, 0x8d, 0x6b, 0x23, 0x8d, 0x6b, 0xda, 0x8d, 0x6b, 0xff, 0x8d, 0x6b, 0xff,
    0x8d, 0x6b, 0xff, 0x8d, 0x6b, 0xff, 0x8d, 0x6b, 0xff, 0x8d, 0x6b, 0xff, 0x8d, 0x6b, 0xff, 0x8d, 0x6b, 0xff, 0x8d, 0x6b, 0xff, 0x8d, 0x6b, 0xdf,
    0x8d, 0x6b, 0x34, 0x00, 0x00, 0x00, 0x00, 0x00, 0x00, 0x00, 0x00, 0x00, 0x00, 0x00, 0x00, 0x00, 0x00, 0x00, 0x8d, 0x6b, 0x17, 0x8d, 0x6b, 0xff,
    0x8d, 0x6b, 0x50, 0x8d, 0x6b, 0xd6, 0x8d, 0x6b, 0xf0, 0x8d, 0x6b, 0x4d, 0x00, 0x00, 0x00, 0x00, 0x00, 0x00, 0x8d, 0x6b, 0x60, 0x8d, 0x6b, 0xfa,
    0x8d, 0x6b, 0xbc, 0x8d, 0x6b, 0x1c, 0x8d, 0x6b, 0x42, 0x8d, 0x6b, 0xeb, 0x8d, 0x6b, 0xff, 0x8d, 0x6b, 0xff, 0x8d, 0x6b, 0xfb, 0x8d, 0x6b, 0xd6,
    0x8d, 0x6b, 0xac, 0x8d, 0x6b, 0x82, 0x8d, 0x6b, 0x58, 0x8d, 0x6b, 0x04, 0x8d, 0x6b, 0x0d, 0x8d, 0x6b, 0x3a, 0x8d, 0x6b, 0x37, 0x8d, 0x6b, 0xa5,
    0x8d, 0x6b, 0xa1, 0x00, 0x00, 0x00, 0x00, 0x00, 0x00, 0x00, 0x00, 0x00, 0x00, 0x00, 0x00, 0x00, 0x00, 0x00, 0x00, 0x00, 0x00, 0x00, 0x00, 0x00,
    0x00, 0x00, 0x00, 0x00, 0x00, 0x00, 0x00, 0x00, 0x00, 0x00, 0x00, 0x00, 0x00, 0x00, 0x00, 0x00, 0x00, 0x00, 0x00, 0x00, 0x00, 0x00, 0x00, 0x00,
    0x00, 0x00, 0x00, 0x00, 0x00, 0x00, 0x00, 0x00, 0x00, 0x00, 0x00, 0x00, 0x00, 0x00, 0x00, 0x00, 0x00, 0x00, 0x00, 0x00, 0x00, 0x8d, 0x6b, 0x50,
    0x8d, 0x6b, 0xb8, 0x8d, 0x6b, 0xf7, 0x8d, 0x6b, 0x80, 0x8d, 0x6b, 0x02, 0x00, 0x00, 0x00, 0x00, 0x00, 0x00, 0x8d, 0x6b, 0x1b, 0x8d, 0x6b, 0xcc,
    0x8d, 0x6b, 0xcb, 0x8d, 0x6b, 0x17, 0x00, 0x00, 0x00, 0x00, 0x00, 0x00, 0x8d, 0x6b, 0xa5, 0x8d, 0x6b, 0xb9, 0x8d, 0x6b, 0x0c, 0x8d, 0x6b, 0x89,
    0x8d, 0x6b, 0xe2, 0x8d, 0x6b, 0x05, 0x00, 0x00, 0x00, 0x00, 0x00, 0x00, 0x00, 0x00, 0x00, 0x00, 0x00, 0x00, 0x00, 0x00, 0x00, 0x8d, 0x6b, 0x6b,
    0x8d, 0x6b, 0xc7, 0x00, 0x00, 0x00, 0x8d, 0x6b, 0x18, 0x8d, 0x6b, 0xcb, 0x8d, 0x6b, 0x50, 0x8d, 0x6b, 0x01, 0x00, 0x00, 0x00, 0x8d, 0x6b, 0x95,
    0x8d, 0x6b, 0x88, 0x00, 0x00, 0x00, 0x8d, 0x6b, 0x15, 0x8d, 0x6b, 0x19, 0x8d, 0x6b, 0xee, 0x8d, 0x6b, 0x40, 0x00, 0x00, 0x00, 0x8d, 0x6b, 0x02,
    0x8d, 0x6b, 0xcf, 0x8d, 0x6b, 0x31, 0x00, 0x00, 0x00, 0x00, 0x00, 0x00, 0x8d, 0x6b, 0x07, 0x8d, 0x6b, 0xff, 0x8d, 0x6b, 0x27, 0x8d, 0x6b, 0x83,
    0x8d, 0x6b, 0xff, 0x8d, 0x6b, 0xff, 0x8d, 0x6b, 0xff, 0x8d, 0x6b, 0xff, 0x8d, 0x6b, 0xff, 0x8d, 0x6b, 0xff, 0x8d, 0x6b, 0xff, 0x8d, 0x6b, 0xff,
    0x8d, 0x6b, 0xff, 0x8d, 0x6b, 0x1b, 0x00, 0x00, 0x00, 0x8d, 0x6b, 0x0e, 0x8d, 0x6b, 0x54, 0x8d, 0x6b, 0xc8, 0x8d, 0x6b, 0xe7, 0x8d, 0x6b, 0x4f,
    0x00, 0x00, 0x00, 0x00, 0x00, 0x00, 0x8d, 0x6b, 0x0c, 0x8d, 0x6b, 0x0d, 0x8d, 0x6b, 0x01, 0x8d, 0x6b, 0x39, 0x8d, 0x6b, 0xfe, 0x8d, 0x6b, 0x26,
    0x00, 0x00, 0x00, 0x00, 0x00, 0x00, 0x00, 0x00, 0x00, 0x00, 0x00, 0x00, 0x00, 0x00, 0x00, 0x00, 0x00, 0x00, 0x00, 0x00, 0x00, 0x00, 0x00, 0x00,
    0x00, 0x00, 0x00, 0x00, 0x00, 0x00, 0x8d, 0x6b, 0x1b, 0x8d, 0x6b, 0x2b, 0x8d, 0x6b, 0x2f, 0x8d, 0x6b, 0x2f, 0x8d, 0x6b, 0x2f, 0x8d, 0x6b, 0x2f,
    0x8d, 0x6b, 0x2f, 0x8d, 0x6b, 0x2f, 0x8d, 0x6b, 0x1a, 0x8d, 0x6b, 0x02, 0x00, 0x00, 0x00, 0x00, 0x00, 0x00, 0x00, 0x00, 0x00, 0x00, 0x00, 0x00,
    0x00, 0x00, 0x00, 0x00, 0x00, 0x00, 0x8d, 0x6b, 0x17, 0x8d, 0x6b, 0xff, 0x8d, 0x6b, 0x85, 0x8d, 0x6b, 0xaf, 0x8d, 0x6b, 0x1a, 0x00, 0x00, 0x00,
    0x00, 0x00, 0x00, 0x00, 0x00, 0x00, 0x00, 0x00, 0x00, 0x8d, 0x6b, 0x30, 0x8d, 0x6b, 0xcb, 0x8d, 0x6b, 0x3b, 0x8d, 0x6b, 0x1e, 0x8d, 0x6b, 0x6f,
    0x8d, 0x6b, 0x4b, 0x8d, 0x6b, 0x25, 0x8d, 0x6b, 0x04, 0x00, 0x00, 0x00, 0x00, 0x00, 0x00, 0x00, 0x00, 0x00, 0x00, 0x00, 0x00, 0x00, 0x00, 0x00,
    0x8d, 0x6b, 0x0b, 0x8d, 0x6b, 0xf3, 0x8d, 0x6b, 0xf8, 0x8d, 0x6b, 0xdb, 0x8d, 0x6b, 0x48, 0x00, 0x00, 0x00, 0x00, 0x00, 0x00, 0x00, 0x00, 0x00,
    0x00, 0x00, 0x00, 0x00, 0x00, 0x00, 0x00, 0x00, 0x00, 0x00, 0x00, 0x00, 0x00, 0x00, 0x00, 0x00, 0x00, 0x00, 0x00, 0x00, 0x00, 0x00, 0x00, 0x00,
    0x00, 0x00, 0x00, 0x00, 0x00, 0x00, 0x00, 0x00, 0x00, 0x00, 0x00, 0x00, 0x00, 0x00, 0x00, 0x00, 0x00, 0x00, 0x00, 0x00, 0x00, 0x00, 0x00, 0x00,
    0x00, 0x00, 0x00, 0x00, 0x00, 0x00, 0x00, 0x00, 0x00, 0x8d, 0x6b, 0x59, 0x8d, 0x6b, 0x85, 0x8d, 0x6b, 0x1d, 0x00, 0x00, 0x00, 0x00, 0x00, 0x00,
    0x00, 0x00, 0x00, 0x00, 0x00, 0x00, 0x00, 0x00, 0x00, 0x8d, 0x6b, 0x0c, 0x8d, 0x6b, 0x90, 0x8d, 0x6b, 0x0c, 0x00, 0x00, 0x00, 0x00, 0x00, 0x00,
    0x8d, 0x6b, 0x2c, 0x8d, 0x6b, 0x06, 0x00, 0x00, 0x00, 0x8d, 0x6b, 0x4e, 0x8d, 0x6b, 0x5f, 0x00, 0x00, 0x00, 0x00, 0x00, 0x00, 0x00, 0x00, 0x00,
    0x00, 0x00, 0x00, 0x00, 0x00, 0x00, 0x00, 0x00, 0x00, 0x8d, 0x6b, 0x43, 0x8d, 0x6b, 0x7c, 0x00, 0x00, 0x00, 0x00, 0x00, 0x00, 0x00, 0x00, 0x00,
    0x00, 0x00, 0x00, 0x00, 0x00, 0x00, 0x00, 0x00, 0x00, 0x8d, 0x6b, 0x05, 0x8d, 0x6b, 0x07, 0x00, 0x00, 0x00, 0x8d, 0x6b, 0xcd, 0x8d, 0x6b, 0xf9,
    0x8d, 0x6b, 0xcd, 0x8d, 0x6b, 0x12, 0x00, 0x00, 0x00, 0x00, 0x00, 0x00, 0x8d, 0x6b, 0x02, 0x00, 0x00, 0x00, 0x00, 0x00, 0x00, 0x00, 0x00, 0x00,
    0x8d, 0x6b, 0x06, 0x8d, 0x6b, 0xd3, 0x8d, 0x6b, 0x21, 0x8d, 0x6b, 0x14, 0x8d, 0x6b, 0x27, 0x8d, 0x6b, 0x27, 0x8d, 0x6b, 0x27, 0x8d, 0x6b, 0x27,
    0x8d, 0x6b, 0x27, 0x8d, 0x6b, 0x27, 0x8d, 0x6b, 0x27, 0x8d, 0x6b, 0x27, 0x8d, 0x6b, 0x27, 0x8d, 0x6b, 0x04, 0x8d, 0x6b, 0x01, 0x8d, 0x6b, 0xcb,
    0x8d, 0x6b, 0xcd, 0x8d, 0x6b, 0x7a, 0x8d, 0x6b, 0x0e, 0x00, 0x00, 0x00, 0x00, 0x00, 0x00, 0x00, 0x00, 0x00, 0x8d, 0x6b, 0x46, 0x8d, 0x6b, 0xfc,
    0x8d, 0x6b, 0xff, 0x8d, 0x6b, 0xf7, 0x8d, 0x6b, 0x8c, 0x00, 0x00, 0x00, 0x00, 0x00, 0x00, 0x00, 0x00, 0x00, 0x00, 0x00, 0x00, 0x00, 0x00, 0x00,
    0x00, 0x00, 0x00, 0x00, 0x00, 0x00, 0x00, 0x00, 0x00, 0x00, 0x00, 0x00, 0x00, 0x00, 0x00, 0x00, 0x00, 0x00, 0x00, 0x00, 0x00, 0x00, 0x00, 0x00,
    0x00, 0x00, 0x00, 0x00, 0x00, 0x00, 0x00, 0x00, 0x00, 0x00, 0x00, 0x00, 0x00, 0x00, 0x00, 0x00, 0x00, 0x00, 0x00, 0x00, 0x00, 0x00, 0x00, 0x00,
    0x00, 0x00, 0x00, 0x00, 0x00, 0x00, 0x00, 0x00, 0x00, 0x00, 0x00, 0x00, 0x00, 0x00, 0x00, 0x00, 0x00, 0x00, 0x00, 0x00, 0x00, 0x00, 0x00, 0x00,
    0x00, 0x00, 0x00, 0x00, 0x00, 0x00, 0x00, 0x00, 0x00, 0x00, 0x00, 0x00, 0x00, 0x00, 0x00, 0x00, 0x00, 0x00, 0x00, 0x00, 0x00, 0x00, 0x00, 0x00,
    0x00, 0x00, 0x00, 0x00, 0x00, 0x00, 0x00, 0x00, 0x00, 0x00, 0x00, 0x00, 0x00, 0x00, 0x00, 0x00, 0x00, 0x00, 0x00, 0x00, 0x00, 0x00, 0x00, 0x00,
    0x00, 0x00, 0x00, 0x00, 0x00, 0x00, 0x00, 0x00, 0x00, 0x00, 0x00, 0x00, 0x00, 0x00, 0x00, 0x00, 0x00, 0x00, 0x00, 0x00, 0x00, 0x00, 0x00, 0x00,
    0x00, 0x00, 0x00, 0x00, 0x00, 0x00, 0x00, 0x00, 0x00, 0x00, 0x00, 0x00, 0x00, 0x00, 0x00, 0x00, 0x00, 0x00, 0x00, 0x00, 0x00, 0x00, 0x00, 0x00,
    0x00, 0x00, 0x00, 0x00, 0x00, 0x00, 0x00, 0x00, 0x00, 0x00, 0x00, 0x00, 0x00, 0x00, 0x00, 0x00, 0x00, 0x00, 0x00, 0x00, 0x00, 0x00, 0x00, 0x00,
    0x00, 0x00, 0x00, 0x00, 0x00, 0x00, 0x00, 0x00, 0x00, 0x00, 0x00, 0x00, 0x00, 0x00, 0x00, 0x00, 0x00, 0x00, 0x00, 0x00, 0x00, 0x00, 0x00, 0x00,
    0x00, 0x00, 0x00, 0x00, 0x00, 0x00, 0x00, 0x00, 0x00, 0x00, 0x00, 0x00, 0x00, 0x00, 0x00, 0x00, 0x00, 0x00, 0x00, 0x00, 0x00, 0x00, 0x00, 0x00,
    0x00, 0x00, 0x00, 0x00, 0x00, 0x00, 0x00, 0x00, 0x00, 0x00, 0x00, 0x00, 0x00, 0x00, 0x00, 0x00, 0x00, 0x00, 0x00, 0x00, 0x00, 0x00, 0x00, 0x00,
    0x00, 0x00, 0x00, 0x00, 0x00, 0x00, 0x00, 0x00, 0x00, 0x00, 0x00, 0x00, 0x00, 0x00, 0x00, 0x00, 0x00, 0x00, 0x00, 0x00, 0x00, 0x00, 0x00, 0x00,
    0x00, 0x00, 0x00, 0x00, 0x00, 0x00, 0x00, 0x00, 0x00, 0x00, 0x00, 0x00, 0x00, 0x00, 0x00, 0x00, 0x00, 0x00, 0x00, 0x00, 0x00, 0x00, 0x00, 0x00,
    0x00, 0x00, 0x00, 0x00, 0x00, 0x00, 0x00, 0x00, 0x00, 0x00, 0x00, 0x00, 0x00, 0x00, 0x00, 0x00, 0x00, 0x00, 0x00, 0x00, 0x00, 0x00, 0x00, 0x00,
    0x00, 0x00, 0x00, 0x00, 0x00, 0x00, 0x00, 0x00, 0x00, 0x00, 0x00, 0x00, 0x00, 0x00, 0x00, 0x00, 0x00, 0x00, 0x00, 0x00, 0x00, 0x00, 0x00, 0x00,
    0x00, 0x00, 0x00, 0x00, 0x00, 0x00, 0x00, 0x00, 0x00, 0x00, 0x00, 0x00, 0x00, 0x00, 0x00, 0x00, 0x00, 0x00, 0x00, 0x00, 0x00, 0x00, 0x00, 0x00,
    0x00, 0x00, 0x00, 0x00, 0x00, 0x00, 0x00, 0x00, 0x00, 0x8d, 0x6b, 0x04, 0x00, 0x00, 0x00, 0x00, 0x00, 0x00, 0x00, 0x00, 0x00, 0x00, 0x00, 0x00,
    0x00, 0x00, 0x00, 0x00, 0x00, 0x00, 0x00, 0x00, 0x00, 0x00, 0x00, 0x00, 0x00, 0x00, 0x00, 0x00, 0x00, 0x00, 0x00, 0x00, 0x00, 0x00, 0x00, 0x00,
    0x00, 0x00, 0x00, 0x00, 0x00, 0x00, 0x00, 0x00, 0x00, 0x00, 0x00, 0x00, 0x00, 0x00, 0x00, 0x00, 0x00, 0x00, 0x00, 0x00, 0x00, 0x00, 0x00, 0x00,
    0x00, 0x00, 0x00, 0x00, 0x00, 0x00, 0x00, 0x00, 0x00, 0x00, 0x00, 0x00, 0x00, 0x00, 0x00, 0x00, 0x00, 0x00, 0x00, 0x00, 0x00, 0x00, 0x00, 0x00,
    0x00, 0x00, 0x00, 0x00, 0x00, 0x00, 0x00, 0x00, 0x00, 0x00, 0x00, 0x00, 0x00, 0x00, 0x00, 0x00, 0x00, 0x00, 0x00, 0x00, 0x00, 0x00, 0x00, 0x00,
    0x00, 0x00, 0x00, 0x00, 0x00, 0x00, 0x00, 0x00, 0x00, 0x00, 0x00, 0x00, 0x00, 0x00, 0x00, 0x00, 0x00, 0x00, 0x00, 0x00, 0x00, 0x00, 0x00, 0x00,
    0x00, 0x00, 0x00, 0x00, 0x00, 0x00, 0x00, 0x00, 0x00, 0x00, 0x00, 0x00, 0x00, 0x00, 0x00, 0x00, 0x00, 0x00, 0x00, 0x00, 0x00, 0x00, 0x00, 0x00,
    0x00, 0x00, 0x00, 0x00, 0x00, 0x00, 0x00, 0x00, 0x00, 0x00, 0x00, 0x00, 0x00, 0x00, 0x00, 0x00, 0x00, 0x00, 0x00, 0x00, 0x00, 0x00, 0x00, 0x00,
    0x00, 0x00, 0x00, 0x00, 0x00, 0x00, 0x00, 0x00, 0x00, 0x00, 0x00, 0x00, 0x00, 0x00, 0x00, 0x00, 0x00, 0x00, 0x00, 0x00, 0x00, 0x00, 0x00, 0x00,
    0x00, 0x00, 0x00, 0x00, 0x00, 0x00, 0x00, 0x00, 0x00, 0x00, 0x00, 0x00, 0x00, 0x00, 0x00, 0x00, 0x00, 0x00, 0x00, 0x00, 0x00, 0x00, 0x00, 0x00,
    0x00, 0x00, 0x00, 0x00, 0x00, 0x00, 0x00, 0x00, 0x00, 0x00, 0x00, 0x00, 0x00, 0x00, 0x00, 0x00, 0x00, 0x00, 0x00, 0x00, 0x00, 0x00, 0x00, 0x00,
    0x00, 0x00, 0x00, 0x00, 0x00, 0x00, 0x00, 0x00, 0x00, 0x00, 0x00, 0x00, 0x00, 0x00, 0x00, 0x00, 0x00, 0x00, 0x00, 0x00, 0x00, 0x00, 0x00, 0x00,
    0x00, 0x00, 0x00, 0x00, 0x00, 0x00, 0x00, 0x00, 0x00, 0x00, 0x00, 0x00, 0x00, 0x00, 0x00, 0x00, 0x00, 0x00, 0x00, 0x00, 0x00, 0x00, 0x00, 0x00,
    0x00, 0x00, 0x00, 0x00, 0x00, 0x00, 0x00, 0x00, 0x00, 0x00, 0x00, 0x00, 0x00, 0x00, 0x00, 0x00, 0x00, 0x00, 0x00, 0x00, 0x00, 0x00, 0x00, 0x00,
    0x00, 0x00, 0x00, 0x00, 0x00, 0x00, 0x00, 0x00, 0x00, 0x00, 0x00, 0x00, 0x00, 0x00, 0x00, 0x00, 0x00, 0x00, 0x00, 0x00, 0x00, 0x00, 0x00, 0x00,
    0x00, 0x00, 0x00, 0x00, 0x00, 0x00, 0x00, 0x00, 0x00, 0x00, 0x00, 0x00, 0x00, 0x00, 0x00, 0x00, 0x00, 0x00, 0x00, 0x00, 0x00, 0x00, 0x00, 0x00,
    0x00, 0x00, 0x00, 0x00, 0x00, 0x00, 0x00, 0x00, 0x00, 0x00, 0x00, 0x00, 0x00, 0x00, 0x00, 0x00, 0x00, 0x00, 0x00, 0x00, 0x00, 0x00, 0x00, 0x00,
    0x00, 0x00, 0x00, 0x00, 0x00, 0x00, 0x00, 0x00, 0x00, 0x00, 0x00, 0x00, 0x00, 0x00, 0x00, 0x00, 0x00, 0x00, 0x00, 0x00, 0x00, 0x00, 0x00, 0x00,
    0x00, 0x00, 0x00, 0x00, 0x00, 0x00, 0x00, 0x00, 0x00, 0x00, 0x00, 0x00, 0x00, 0x00, 0x00, 0x00, 0x00, 0x00, 0x00, 0x00, 0x00, 0x00, 0x00, 0x00,
    0x00, 0x00, 0x00, 0x00, 0x00, 0x00, 0x00, 0x00, 0x00, 0x00, 0x00, 0x00, 0x00, 0x00, 0x00, 0x00, 0x00, 0x00, 0x00, 0x00, 0x00, 0x00, 0x00, 0x00,
    0x00, 0x00, 0x00, 0x00, 0x00, 0x00, 0x00, 0x00, 0x00, 0x00, 0x00, 0x00, 0x00, 0x00, 0x00, 0x00, 0x00, 0x00, 0x00, 0x00, 0x00, 0x00, 0x00, 0x00,
    0x00, 0x00, 0x00, 0x00, 0x00, 0x00, 0x00, 0x00, 0x00, 0x00, 0x00, 0x00, 0x00, 0x00, 0x00, 0x00, 0x00, 0x00, 0x00, 0x00, 0x00, 0x00, 0x00, 0x00,
    0x00, 0x00, 0x00, 0x00, 0x00, 0x00, 0x00, 0x00, 0x00, 0x00, 0x00, 0x00, 0x00, 0x00, 0x00, 0x00, 0x00, 0x00, 0x00, 0x00, 0x00, 0x00, 0x00, 0x00,
    0x00, 0x00, 0x00, 0x00, 0x00, 0x00, 0x00, 0x00, 0x00, 0x00, 0x00, 0x00, 0x00, 0x00, 0x00, 0x00, 0x00, 0x00, 0x00, 0x00, 0x00, 0x00, 0x00, 0x00,
    0x00, 0x00, 0x00, 0x00, 0x00, 0x00, 0x00, 0x00, 0x00, 0x00, 0x00, 0x00, 0x00, 0x00, 0x00, 0x00, 0x00, 0x00, 0x00, 0x00, 0x00, 0x00, 0x00, 0x00,
    0x00, 0x00, 0x00, 0x00, 0x00, 0x00, 0x00, 0x00, 0x00, 0x00, 0x00, 0x00, 0x00, 0x00, 0x00, 0x00, 0x00, 0x00, 0x00, 0x00, 0x00, 0x00, 0x00, 0x00,
    0x00, 0x00, 0x00, 0x00, 0x00, 0x00, 0x00, 0x00, 0x00, 0x00, 0x00, 0x00, 0x00, 0x00, 0x00, 0x00, 0x00, 0x00, 0x00, 0x00, 0x00, 0x00, 0x00, 0x00,
    0x00, 0x00, 0x00, 0x00, 0x00, 0x00, 0x00, 0x00, 0x00, 0x00, 0x00, 0x00, 0x00, 0x00, 0x00, 0x00, 0x00, 0x00, 0x00, 0x00, 0x00, 0x00, 0x00, 0x00,
    0x00, 0x00, 0x00, 0x00, 0x00, 0x00, 0x00, 0x00, 0x00, 0x00, 0x00, 0x00, 0x00, 0x00, 0x00, 0x00, 0x00, 0x00, 0x00, 0x00, 0x00, 0x00, 0x00, 0x00,
    0x00, 0x00, 0x00, 0x00, 0x00, 0x00, 0x00, 0x00, 0x00, 0x00, 0x00, 0x00, 0x00, 0x00, 0x00, 0x00, 0x00, 0x00, 0x00, 0x00, 0x00, 0x00, 0x00, 0x00,
    0x00, 0x00, 0x00, 0x00, 0x00, 0x00, 0x00, 0x00, 0x00, 0x00, 0x00, 0x00, 0x00, 0x00, 0x00, 0x00, 0x00, 0x00, 0x00, 0x00, 0x00, 0x00, 0x00, 0x00,
    0x00, 0x00, 0x00, 0x00, 0x00, 0x00, 0x00, 0x00, 0x00, 0x00, 0x00, 0x00, 0x00, 0x00, 0x00, 0x00, 0x00, 0x00, 0x00, 0x00, 0x00, 0x00, 0x00, 0x00,
    0x00, 0x00, 0x00, 0x00, 0x00, 0x00, 0x00, 0x00, 0x00, 0x00, 0x00, 0x00, 0x00, 0x00, 0x00, 0x00, 0x00, 0x00, 0x00, 0x00, 0x00, 0x00, 0x00, 0x00,
    0x00, 0x00, 0x00, 0x00, 0x00, 0x00, 0x00, 0x00, 0x00, 0x00, 0x00, 0x00, 0x00, 0x00, 0x00, 0x00, 0x00, 0x00, 0x00, 0x00, 0x00, 0x00, 0x00, 0x00,
    0x00, 0x00, 0x00, 0x00, 0x00, 0x00, 0x00, 0x00, 0x00, 0x00, 0x00, 0x00, 0x00, 0x00, 0x00, 0x00, 0x00, 0x00, 0x00, 0x00, 0x00, 0x00, 0x00, 0x00,
    0x00, 0x00, 0x00, 0x00, 0x00, 0x00, 0x00, 0x00, 0x00, 0x00, 0x00, 0x00, 0x00, 0x00, 0x00, 0x00, 0x00, 0x00, 0x00, 0x00, 0x00, 0x00, 0x00, 0x00,
    0x00, 0x00, 0x00, 0x00, 0x00, 0x00, 0x00, 0x00, 0x00, 0x00, 0x00, 0x00, 0x00, 0x00, 0x00, 0x00, 0x00, 0x00, 0x00, 0x00, 0x00, 0x00, 0x00, 0x00,
    0x00, 0x00, 0x00, 0x00, 0x00, 0x00, 0x00, 0x00, 0x00, 0x00, 0x00, 0x00, 0x00, 0x00, 0x00, 0x00, 0x00, 0x00, 0x00, 0x00, 0x00, 0x00, 0x00, 0x00,
    0x00, 0x00, 0x00, 0x00, 0x00, 0x00, 0x00, 0x00, 0x00, 0x00, 0x00, 0x00, 0x00, 0x00, 0x00, 0x00, 0x00, 0x00, 0x00, 0x00, 0x00, 0x00, 0x00, 0x00,
    0x00, 0x00, 0x00, 0x00, 0x00, 0x00, 0x00, 0x00, 0x00, 0x00, 0x00, 0x00,
};
const lv_img_dsc_t rx_popup_subtitle = {
    .header.always_zero = 0,
    .header.w = 148,
    .header.h = 21,
    .data_size = 9324,
    .header.cf = LV_IMG_CF_TRUE_COLOR_ALPHA,
    .data = rx_popup_subtitle_map,
};

#ifndef LV_ATTRIBUTE_IMG_RX_POPUP_DEMO
#define LV_ATTRIBUTE_IMG_RX_POPUP_DEMO
#endif
const LV_ATTRIBUTE_MEM_ALIGN LV_ATTRIBUTE_LARGE_CONST LV_ATTRIBUTE_IMG_RX_POPUP_DEMO uint8_t rx_popup_sync_map[] = {
    0x00, 0x00, 0x00, 0x00, 0x00, 0x00, 0x00, 0x00, 0x00, 0x00, 0x00, 0x00, 0x00, 0x00, 0x00, 0x00, 0x00, 0x00, 0x00, 0x00, 0x00, 0x00, 0x00, 0x00,
    0x00, 0x00, 0x00, 0x00, 0x00, 0x00, 0x00, 0x00, 0x00, 0x00, 0x00, 0x00, 0x00, 0x00, 0x00, 0x00, 0x00, 0x00, 0x00, 0x00, 0x00, 0x00, 0x00, 0x00,
    0x00, 0x00, 0x00, 0x00, 0x00, 0x00, 0x00, 0x00, 0x00, 0x00, 0x00, 0x00, 0x00, 0x00, 0x00, 0x00, 0x00, 0x00, 0x00, 0x00, 0x00, 0x00, 0x00, 0x00,
    0x00, 0x00, 0x00, 0x00, 0x00, 0x00, 0x00, 0x00, 0x00, 0x00, 0x00, 0x00, 0x00, 0x00, 0x00, 0x00, 0x00, 0x00, 0x00, 0x00, 0x00, 0x00, 0x00, 0x00,
    0x00, 0x00, 0x00, 0x00, 0x00, 0x00, 0x00, 0x00, 0x00, 0x00, 0x00, 0x00, 0x00, 0x00, 0x00, 0x00, 0x00, 0x00, 0x00, 0x00, 0x00, 0x00, 0x00, 0x00,
    0x00, 0x00, 0x00, 0x00, 0x00, 0x00, 0x00, 0x00, 0x00, 0x00, 0x00, 0x00, 0x00, 0x00, 0x00, 0x00, 0x00, 0x00, 0x00, 0x00, 0x00, 0x00, 0x00, 0x00,
    0x00, 0x00, 0x00, 0x00, 0x00, 0x00, 0x00, 0x00, 0x00, 0x00, 0x00, 0x00, 0x00, 0x00, 0x00, 0x00, 0x00, 0x00, 0x00, 0x00, 0x00, 0x00, 0x00, 0x00,
    0x00, 0x00, 0x00, 0x00, 0x00, 0x00, 0x00, 0x00, 0x00, 0x00, 0x00, 0x00, 0x00, 0x00, 0x00, 0x00, 0x00, 0x00, 0x00, 0x00, 0x00, 0x00, 0x00, 0x00,
    0x00, 0x00, 0x00, 0x00, 0x00, 0x00, 0x00, 0x00, 0x00, 0x00, 0x00, 0x00, 0x00, 0x00, 0x00, 0x00, 0x00, 0x00, 0x00, 0x00, 0x00, 0x00, 0x00, 0x00,
    0x00, 0x00, 0x00, 0x00, 0x00, 0x00, 0x00, 0x00, 0x00, 0x00, 0x00, 0x00, 0x00, 0x00, 0x00, 0x00, 0x00, 0x00, 0x00, 0x00, 0x00, 0x00, 0x00, 0x00,
    0x00, 0x00, 0x00, 0x00, 0x00, 0x00, 0x00, 0x00, 0x00, 0x00, 0x00, 0x00, 0x00, 0x00, 0x00, 0x00, 0x00, 0x00, 0x00, 0x00, 0x00, 0x00, 0x00, 0x00,
    0x00, 0x00, 0x00, 0x00, 0x00, 0x00, 0x00, 0x00, 0x00, 0x00, 0x00, 0x00, 0x00, 0x00, 0x00, 0x00, 0x00, 0x00, 0x00, 0x00, 0x00, 0x00, 0x00, 0x00,
    0x00, 0x00, 0x00, 0x00, 0x00, 0x00, 0x00, 0x00, 0x00, 0x00, 0x00, 0x00, 0x00, 0x00, 0x00, 0x00, 0x00, 0x00, 0x00, 0x00, 0x00, 0x00, 0x00, 0x00,
    0x00, 0x00, 0x00, 0x00, 0x00, 0x00, 0x00, 0x00, 0x00, 0x00, 0x00, 0x00, 0x00, 0x00, 0x00, 0x00, 0x00, 0x00, 0x00, 0x00, 0x00, 0x00, 0x00, 0x00,
    0x00, 0x00, 0x00, 0x00, 0x00, 0x00, 0x00, 0x00, 0x00, 0x00, 0x00, 0x00, 0x00, 0x00, 0x00, 0x00, 0x00, 0x00, 0x00, 0x00, 0x00, 0x00, 0x00, 0x00,
    0x00, 0x00, 0x00, 0x00, 0x00, 0x00, 0x00, 0x00, 0x00, 0x00, 0x00, 0x00, 0x00, 0x00, 0x00, 0x00, 0x00, 0x00, 0x00, 0x00, 0x00, 0x00, 0x00, 0x00,
    0x00, 0x00, 0x00, 0x00, 0x00, 0x00, 0x00, 0x00, 0x00, 0x00, 0x00, 0x00, 0x00, 0x00, 0x00, 0x00, 0x00, 0x00, 0x00, 0x00, 0x00, 0x00, 0x00, 0x00,
    0x00, 0x00, 0x00, 0x00, 0x00, 0x00, 0x00, 0x00, 0x00, 0x00, 0x00, 0x00, 0x00, 0x00, 0x00, 0x00, 0x00, 0x00, 0x00, 0x00, 0x00, 0x00, 0x00, 0x00,
    0x00, 0x00, 0x00, 0x00, 0x00, 0x00, 0x00, 0x00, 0x00, 0x00, 0x00, 0x00, 0x00, 0x00, 0x00, 0x00, 0x00, 0x00, 0x00, 0x00, 0x00, 0x00, 0x00, 0x00,
    0x00, 0x00, 0x00, 0x00, 0x00, 0x00, 0x00, 0x00, 0x00, 0x00, 0x00, 0x00, 0x00, 0x00, 0x00, 0x00, 0x00, 0x00, 0x00, 0x00, 0x00, 0x00, 0x00, 0x00,
    0x00, 0x00, 0x00, 0x00, 0x00, 0x00, 0x00, 0x00, 0x00, 0x00, 0x00, 0x00, 0x00, 0x00, 0x00, 0x00, 0x00, 0x00, 0x00, 0x00, 0x00, 0x00, 0x00, 0x00,
    0x00, 0x00, 0x00, 0x00, 0x00, 0x00, 0x00, 0x00, 0x00, 0x00, 0x00, 0x00, 0x00, 0x00, 0x00, 0x00, 0x00, 0x00, 0x00, 0x00, 0x00, 0x00, 0x00, 0x00,
    0x00, 0x00, 0x00, 0x00, 0x00, 0x00, 0x00, 0x00, 0x00, 0x00, 0x00, 0x00, 0x00, 0x00, 0x00, 0x00, 0x00, 0x00, 0x00, 0x00, 0x00, 0x00, 0x00, 0x00,
    0x00, 0x00, 0x00, 0x00, 0x00, 0x00, 0x00, 0x00, 0x00, 0x00, 0x00, 0x00, 0x00, 0x00, 0x00, 0x00, 0x00, 0x00, 0x00, 0x00, 0x00, 0x00, 0x00, 0x00,
    0x00, 0x00, 0x00, 0x00, 0x00, 0x00, 0x00, 0x00, 0x00, 0x00, 0x00, 0x00, 0x00, 0x00, 0x00, 0x00, 0x00, 0x00, 0x00, 0x00, 0x00, 0x00, 0x00, 0x00,
    0x00, 0x00, 0x00, 0x00, 0x00, 0x00, 0x00, 0x00, 0x00, 0x00, 0x00, 0x00, 0x00, 0x00, 0x00, 0x00, 0x00, 0x00, 0x00, 0x00, 0x00, 0x00, 0x00, 0x00,
    0x00, 0x00, 0x00, 0x00, 0x00, 0x00, 0x00, 0x00, 0x00, 0x00, 0x00, 0x00, 0x00, 0x00, 0x00, 0x00, 0x00, 0x00, 0x00, 0x00, 0x00, 0x00, 0x00, 0x00,
    0x00, 0x00, 0x00, 0x00, 0x00, 0x00, 0x00, 0x00, 0x00, 0x0f, 0x74, 0x04, 0x0f, 0x74, 0x03, 0x00, 0x00, 0x00, 0x00, 0x00, 0x00, 0x00, 0x00, 0x00,
    0x00, 0x00, 0x00, 0x00, 0x00, 0x00, 0x00, 0x00, 0x00, 0x00, 0x00, 0x00, 0x00, 0x00, 0x00, 0x00, 0x00, 0x00, 0x00, 0x00, 0x00, 0x00, 0x00, 0x00,
    0x00, 0x00, 0x00, 0x00, 0x00, 0x00, 0x00, 0x00, 0x00, 0x00, 0x00, 0x00, 0x00, 0x00, 0x00, 0x00, 0x00, 0x00, 0x00, 0x00, 0x00, 0x00, 0x00, 0x00,
    0x00, 0x00, 0x00, 0x00, 0x00, 0x00, 0x00, 0x00, 0x00, 0x00, 0x00, 0x00, 0x00, 0x00, 0x00, 0x00, 0x00, 0x00, 0x00, 0x00, 0x00, 0x00, 0x00, 0x00,
    0x00, 0x00, 0x00, 0x00, 0x00, 0x00, 0x00, 0x00, 0x00, 0x00, 0x00, 0x00, 0x00, 0x00, 0x00, 0x00, 0x00, 0x00, 0x00, 0x00, 0x00, 0x00, 0x00, 0x00,
    0x00, 0x00, 0x00, 0x00, 0x00, 0x00, 0x00, 0x00, 0x00, 0x00, 0x00, 0x00, 0x00, 0x00, 0x00, 0x00, 0x00, 0x00, 0x00, 0x00, 0x00, 0x00, 0x00, 0x00,
    0x00, 0x00, 0x00, 0x00, 0x00, 0x00, 0x00, 0x00, 0x00, 0x00, 0x00, 0x00, 0x00, 0x00, 0x00, 0x00, 0x00, 0x00, 0x00, 0x00, 0x00, 0x00, 0x00, 0x00,
    0x00, 0x00, 0x00, 0x00, 0x00, 0x00, 0x00, 0x00, 0x00, 0x00, 0x00, 0x00, 0x00, 0x00, 0x00, 0x00, 0x00, 0x00, 0x00, 0x00, 0x00, 0x00, 0x00, 0x00,
    0x00, 0x00, 0x00, 0x00, 0x00, 0x00, 0x00, 0x00, 0x00, 0x00, 0x00, 0x00, 0x00, 0x00, 0x00, 0x00, 0x00, 0x00, 0x00, 0x00, 0x00, 0x00, 0x00, 0x00,
    0x00, 0x00, 0x00, 0x00, 0x00, 0x00, 0x00, 0x00, 0x00, 0x00, 0x00, 0x00, 0x00, 0x00, 0x00, 0x00, 0x00, 0x00, 0x00, 0x00, 0x00, 0x00, 0x00, 0x00,
    0x00, 0x00, 0x00, 0x00, 0x00, 0x00, 0x00, 0x00, 0x00, 0x00, 0x00, 0x00, 0x00, 0x00, 0x00, 0x00, 0x00, 0x00, 0x00, 0x00, 0x00, 0x00, 0x00, 0x00,
    0x0f, 0x74, 0x68, 0x0f, 0x74, 0x60, 0x00, 0x00, 0x00, 0x00, 0x00, 0x00, 0x00, 0x00, 0x00, 0x0f, 0x74, 0x93, 0x0f, 0x74, 0x4d, 0x00, 0x00, 0x00,
    0x00, 0x00, 0x00, 0x00, 0x00, 0x00, 0x00, 0x00, 0x00, 0x00, 0x00, 0x00, 0x00, 0x00, 0x00, 0x00, 0x00, 0x00, 0x00, 0x00, 0x00, 0x0f, 0x74, 0x83,
    0x0f, 0x74, 0x67, 0x00, 0x00, 0x00, 0x00, 0x00, 0x00, 0x00, 0x00, 0x00, 0x00, 0x00, 0x00, 0x00, 0x00, 0x00, 0x00, 0x00, 0x00, 0x00, 0x00, 0x00,
    0x00, 0x00, 0x00, 0x00, 0x00, 0x00, 0x00, 0x00, 0x00, 0x00, 0x00, 0x00, 0x00, 0x00, 0x00, 0x00, 0x00, 0x00, 0x00, 0x00, 0x00, 0x00, 0x00, 0x00,
    0x00, 0x00, 0x00, 0x00, 0x00, 0x00, 0x00, 0x00, 0x00, 0x00, 0x00, 0x00, 0x00, 0x00, 0x00, 0x00, 0x00, 0x00, 0x00, 0x00, 0x00, 0x0f, 0x74, 0x63,
    0x0f, 0x74, 0x67, 0x00, 0x00, 0x00, 0x00, 0x00, 0x00, 0x00, 0x00, 0x00, 0x00, 0x00, 0x00, 0x00, 0x00, 0x00, 0x00, 0x00, 0x00, 0x0f, 0x74, 0x18,
    0x0f, 0x74, 0xc3, 0x0f, 0x74, 0xc3, 0x0f, 0x74, 0xc3, 0x0f, 0x74, 0xc3, 0x0f, 0x74, 0xc3, 0x0f, 0x74, 0xc3, 0x0f, 0x74, 0xc3, 0x0f, 0x74, 0xc3,
    0x0f, 0x74, 0x18, 0x00, 0x00, 0x00, 0x00, 0x00, 0x00, 0x00, 0x00, 0x00, 0x00, 0x00, 0x00, 0x00, 0x00, 0x00, 0x00, 0x00, 0x00, 0x00, 0x00, 0x00,
    0x00, 0x00, 0x00, 0x00, 0x00, 0x00, 0x00, 0x00, 0x00, 0x00, 0x00, 0x00, 0x00, 0x00, 0x00, 0x00, 0x00, 0x00, 0x00, 0x00, 0x00, 0x0f, 0x74, 0x99,
    0x0f, 0x74, 0x7f, 0x0f, 0x74, 0x09, 0x00, 0x00, 0x00, 0x00, 0x00, 0x00, 0x00, 0x00, 0x00, 0x0f, 0x74, 0xe0, 0x00, 0x00, 0x00, 0x00, 0x00, 0x00,
    0x00, 0x00, 0x00, 0x00, 0x00, 0x00, 0x00, 0x00, 0x00, 0x00, 0x00, 0x00, 0x00, 0x00, 0x00, 0x00, 0x00, 0x00, 0x00, 0x00, 0x00, 0x00, 0x00, 0x00,
    0x00, 0x00, 0x00, 0x00, 0x00, 0x00, 0x00, 0x00, 0x00, 0x00, 0x00, 0x00, 0x00, 0x00, 0x00, 0x00, 0x00, 0x00, 0x00, 0x00, 0x00, 0x00, 0x00, 0x00,
    0x00, 0x00, 0x00, 0x00, 0x00, 0x00, 0x00, 0x00, 0x00, 0x00, 0x00, 0x00, 0x0f, 0x74, 0xab, 0x0f, 0x74, 0x5c, 0x00, 0x00, 0x00, 0x00, 0x00, 0x00,
    0x00, 0x00, 0x00, 0x0f, 0x74, 0x9f, 0x0f, 0x74, 0x53, 0x00, 0x00, 0x00, 0x00, 0x00, 0x00, 0x00, 0x00, 0x00, 0x00, 0x00, 0x00, 0x00, 0x00, 0x00,
    0x00, 0x00, 0x00, 0x00, 0x00, 0x00, 0x00, 0x00, 0x00, 0x0f, 0x74, 0x83, 0x0f, 0x74, 0x67, 0x00, 0x00, 0x00, 0x00, 0x00, 0x00, 0x00, 0x00, 0x00,
    0x00, 0x00, 0x00, 0x00, 0x00, 0x00, 0x00, 0x00, 0x00, 0x0f, 0x74, 0xf1, 0x0f, 0x74, 0xdb, 0x0f, 0x74, 0xdb, 0x0f, 0x74, 0xdb, 0x0f, 0x74, 0xdb,
    0x0f, 0x74, 0xdb, 0x0f, 0x74, 0xdb, 0x0f, 0x74, 0xdb, 0x0f, 0x74, 0xdb, 0x0f, 0x74, 0xf1, 0x00, 0x00, 0x00, 0x00, 0x00, 0x00, 0x00, 0x00, 0x00,
    0x0f, 0x74, 0x59, 0x0f, 0x74, 0x36, 0x00, 0x00, 0x00, 0x0f, 0x74, 0x73, 0x0f, 0x74, 0x77, 0x00, 0x00, 0x00, 0x00, 0x00, 0x00, 0x00, 0x00, 0x00,
    0x00, 0x00, 0x00, 0x00, 0x00, 0x00, 0x00, 0x00, 0x00, 0x0f, 0x74, 0x1f, 0x0f, 0x74, 0xc3, 0x00, 0x00, 0x00, 0x00, 0x00, 0x00, 0x0f, 0x74, 0x7b,
    0x0f, 0x74, 0x6b, 0x00, 0x00, 0x00, 0x00, 0x00, 0x00, 0x0f, 0x74, 0xcb, 0x0f, 0x74, 0x1f, 0x00, 0x00, 0x00, 0x0f, 0x74, 0x45, 0x0f, 0x74, 0xdf,
    0x0f, 0x74, 0xdf, 0x0f, 0x74, 0xdf, 0x0f, 0x74, 0xdf, 0x0f, 0x74, 0xf6, 0x0f, 0x74, 0xeb, 0x0f, 0x74, 0xdf, 0x0f, 0x74, 0xdf, 0x0f, 0x74, 0xdf,
    0x0f, 0x74, 0xdf, 0x0f, 0x74, 0x49, 0x00, 0x00, 0x00, 0x0f, 0x74, 0x07, 0x0f, 0x74, 0x87, 0x0f, 0x74, 0x8c, 0x0f, 0x74, 0xc3, 0x0f, 0x74, 0xc3,
    0x0f, 0x74, 0xc3, 0x0f, 0x74, 0xf9, 0x0f, 0x74, 0xc3, 0x0f, 0x74, 0xc3, 0x0f, 0x74, 0xc3, 0x0f, 0x74, 0x40, 0x00, 0x00, 0x00, 0x0f, 0x74, 0x31,
    0x0f, 0x74, 0xe3, 0x0f, 0x74, 0xe3, 0x0f, 0x74, 0xe3, 0x0f, 0x74, 0xe3, 0x0f, 0x74, 0xe3, 0x0f, 0x74, 0xe3, 0x0f, 0x74, 0xe3, 0x0f, 0x74, 0xe3,
    0x0f, 0x74, 0x31, 0x00, 0x00, 0x00, 0x00, 0x00, 0x00, 0x00, 0x00, 0x00, 0x00, 0x00, 0x00, 0x00, 0x00, 0x00, 0x00, 0x00, 0x00, 0x00, 0x00, 0x00,
    0x0f, 0x74, 0xe0, 0x0f, 0x74, 0xdc, 0x0f, 0x74, 0xcf, 0x0f, 0x74, 0xce, 0x0f, 0x74, 0x09, 0x0f, 0x74, 0x9f, 0x0f, 0x74, 0x53, 0x00, 0x00, 0x00,
    0x00, 0x00, 0x00, 0x00, 0x00, 0x00, 0x0f, 0x74, 0x52, 0x0f, 0x74, 0xdb, 0x0f, 0x74, 0xdb, 0x0f, 0x74, 0xdb, 0x0f, 0x74, 0xdb, 0x0f, 0x74, 0xee,
    0x0f, 0x74, 0xea, 0x0f, 0x74, 0xdb, 0x0f, 0x74, 0xdb, 0x0f, 0x74, 0xdb, 0x0f, 0x74, 0xdb, 0x0f, 0x74, 0x4f, 0x00, 0x00, 0x00, 0x0f, 0x74, 0xdf,
    0x00, 0x00, 0x00, 0x00, 0x00, 0x00, 0x00, 0x00, 0x00, 0x00, 0x00, 0x00, 0x00, 0x00, 0x00, 0x00, 0x00, 0x00, 0x00, 0x00, 0x00, 0x00, 0x00, 0x00,
    0x0f, 0x74, 0xe3, 0x00, 0x00, 0x00, 0x00, 0x00, 0x00, 0x00, 0x00, 0x00, 0x0f, 0x74, 0x8f, 0x0f, 0x74, 0x57, 0x00, 0x00, 0x00, 0x0f, 0x74, 0x73,
    0x0f, 0x74, 0xec, 0x0f, 0x74, 0xdb, 0x0f, 0x74, 0xdb, 0x0f, 0x74, 0xdb, 0x0f, 0x74, 0x1e, 0x00, 0x00, 0x00, 0x00, 0x00, 0x00, 0x0f, 0x74, 0x1f,
    0x0f, 0x74, 0xc3, 0x00, 0x00, 0x00, 0x00, 0x00, 0x00, 0x0f, 0x74, 0x7b, 0x0f, 0x74, 0x6b, 0x00, 0x00, 0x00, 0x00, 0x00, 0x00, 0x0f, 0x74, 0xcb,
    0x0f, 0x74, 0x1f, 0x00, 0x00, 0x00, 0x00, 0x00, 0x00, 0x00, 0x00, 0x00, 0x00, 0x00, 0x00, 0x00, 0x00, 0x00, 0x00, 0x00, 0x00, 0x0f, 0x74, 0xd8,
    0x0f, 0x74, 0x26, 0x00, 0x00, 0x00, 0x00, 0x00, 0x00, 0x00, 0x00, 0x00, 0x00, 0x00, 0x00, 0x00, 0x00, 0x00, 0x00, 0x00, 0x00, 0x00, 0x00, 0x00,
    0x00, 0x00, 0x00, 0x0f, 0x74, 0x24, 0x0f, 0x74, 0xaf, 0x00, 0x00, 0x00, 0x00, 0x00, 0x00, 0x00, 0x00, 0x00, 0x00, 0x00, 0x00, 0x00, 0x00, 0x00,
    0x0f, 0x74, 0x87, 0x0f, 0x74, 0x53, 0x00, 0x00, 0x00, 0x00, 0x00, 0x00, 0x00, 0x00, 0x00, 0x00, 0x00, 0x00, 0x00, 0x00, 0x00, 0x00, 0x00, 0x00,
    0x00, 0x00, 0x00, 0x00, 0x00, 0x00, 0x00, 0x00, 0x00, 0x00, 0x00, 0x00, 0x00, 0x00, 0x00, 0x00, 0x00, 0x00, 0x00, 0x00, 0x00, 0x00, 0x00, 0x00,
    0x00, 0x00, 0x00, 0x00, 0x00, 0x00, 0x00, 0x00, 0x00, 0x0f, 0x74, 0x16, 0x0f, 0x74, 0xdf, 0x00, 0x00, 0x00, 0x0f, 0x74, 0x05, 0x0f, 0x74, 0xe0,
    0x00, 0x00, 0x00, 0x0f, 0x74, 0x9f, 0x0f, 0x74, 0xb6, 0x0f, 0x74, 0x07, 0x00, 0x00, 0x00, 0x00, 0x00, 0x00, 0x00, 0x00, 0x00, 0x00, 0x00, 0x00,
    0x00, 0x00, 0x00, 0x00, 0x00, 0x00, 0x0f, 0x74, 0xb7, 0x0f, 0x74, 0x44, 0x00, 0x00, 0x00, 0x00, 0x00, 0x00, 0x00, 0x00, 0x00, 0x00, 0x00, 0x00,
    0x00, 0x00, 0x00, 0x00, 0x00, 0x00, 0x00, 0x00, 0x00, 0x0f, 0x74, 0xdf, 0x0f, 0x74, 0x06, 0x0f, 0x74, 0xc7, 0x0f, 0x74, 0xc7, 0x0f, 0x74, 0xc7,
    0x0f, 0x74, 0xc7, 0x0f, 0x74, 0xc7, 0x0f, 0x74, 0xc7, 0x0f, 0x74, 0x0c, 0x0f, 0x74, 0xe3, 0x00, 0x00, 0x00, 0x00, 0x00, 0x00, 0x00, 0x00, 0x00,
    0x0f, 0x74, 0x8f, 0x0f, 0x74, 0x57, 0x00, 0x00, 0x00, 0x0f, 0x74, 0x73, 0x0f, 0x74, 0x77, 0x00, 0x00, 0x00, 0x00, 0x00, 0x00, 0x00, 0x00, 0x00,
    0x00, 0x00, 0x00, 0x00, 0x00, 0x00, 0x00, 0x00, 0x00, 0x0f, 0x74, 0x1f, 0x0f, 0x74, 0xef, 0x0f, 0x74, 0xb7, 0x0f, 0x74, 0xb7, 0x0f, 0x74, 0xda,
    0x0f, 0x74, 0xd6, 0x0f, 0x74, 0xb7, 0x0f, 0x74, 0xb7, 0x0f, 0x74, 0xf1, 0x0f, 0x74, 0x1f, 0x00, 0x00, 0x00, 0x00, 0x00, 0x00, 0x0f, 0x74, 0xa2,
    0x0f, 0x74, 0xd3, 0x0f, 0x74, 0xd3, 0x0f, 0x74, 0xd4, 0x0f, 0x74, 0xfc, 0x0f, 0x74, 0xd3, 0x0f, 0x74, 0xd3, 0x0f, 0x74, 0xd3, 0x0f, 0x74, 0xd3,
    0x0f, 0x74, 0x9b, 0x00, 0x00, 0x00, 0x0f, 0x74, 0x26, 0x0f, 0x74, 0x4c, 0x00, 0x00, 0x00, 0x0f, 0x74, 0x03, 0x0f, 0x74, 0x47, 0x0f, 0x74, 0xff,
    0x0f, 0x74, 0xff, 0x0f, 0x74, 0xff, 0x0f, 0x74, 0xff, 0x0f, 0x74, 0xff, 0x0f, 0x74, 0x7a, 0x0f, 0x74, 0x09, 0x00, 0x00, 0x00, 0x00, 0x00, 0x00,
    0x00, 0x00, 0x00, 0x00, 0x00, 0x00, 0x00, 0x00, 0x00, 0x00, 0x00, 0x00, 0x00, 0x00, 0x00, 0x00, 0x00, 0x00, 0x00, 0x00, 0x00, 0x00, 0x00, 0x00,
    0x00, 0x00, 0x00, 0x00, 0x00, 0x00, 0x00, 0x00, 0x00, 0x00, 0x00, 0x00, 0x00, 0x00, 0x00, 0x00, 0x00, 0x00, 0x00, 0x00, 0x00, 0x0f, 0x74, 0x66,
    0x0f, 0x74, 0xc8, 0x00, 0x00, 0x00, 0x0f, 0x74, 0x2d, 0x0f, 0x74, 0xba, 0x00, 0x00, 0x00, 0x0f, 0x74, 0x9f, 0x0f, 0x74, 0xcf, 0x0f, 0x74, 0x94,
    0x00, 0x00, 0x00, 0x00, 0x00, 0x00, 0x00, 0x00, 0x00, 0x00, 0x00, 0x00, 0x00, 0x00, 0x00, 0x00, 0x00, 0x00, 0x0f, 0x74, 0xcc, 0x0f, 0x74, 0x30,
    0x00, 0x00, 0x00, 0x00, 0x00, 0x00, 0x00, 0x00, 0x00, 0x00, 0x00, 0x00, 0x00, 0x00, 0x00, 0x00, 0x00, 0x00, 0x00, 0x00, 0x00, 0x0f, 0x74, 0xdf,
    0x00, 0x00, 0x00, 0x00, 0x00, 0x00, 0x00, 0x00, 0x00, 0x00, 0x00, 0x00, 0x00, 0x00, 0x00, 0x00, 0x00, 0x00, 0x00, 0x00, 0x00, 0x00, 0x00, 0x00,
    0x0f, 0x74, 0xe3, 0x00, 0x00, 0x00, 0x0f, 0x74, 0x4f, 0x0f, 0x74, 0xdb, 0x0f, 0x74, 0xdb, 0x0f, 0x74, 0xdb, 0x0f, 0x74, 0xdb, 0x0f, 0x74, 0xec,
    0x0f, 0x74, 0xec, 0x0f, 0x74, 0xdb, 0x0f, 0x74, 0xdb, 0x0f, 0x74, 0xdb, 0x0f, 0x74, 0xdb, 0x0f, 0x74, 0x4b, 0x00, 0x00, 0x00, 0x0f, 0x74, 0x1f,
    0x0f, 0x74, 0xc3, 0x00, 0x00, 0x00, 0x00, 0x00, 0x00, 0x0f, 0x74, 0x7b, 0x0f, 0x74, 0x6b, 0x00, 0x00, 0x00, 0x00, 0x00, 0x00, 0x0f, 0x74, 0xcb,
    0x0f, 0x74, 0x1f, 0x00, 0x00, 0x00, 0x00, 0x00, 0x00, 0x0f, 0x74, 0xc3, 0x0f, 0x74, 0x1b, 0x0f, 0x74, 0x2b, 0x0f, 0x74, 0xa7, 0x00, 0x00, 0x00,
    0x00, 0x00, 0x00, 0x0f, 0x74, 0xcb, 0x0f, 0x74, 0x07, 0x0f, 0x74, 0x2b, 0x0f, 0x74, 0xbb, 0x00, 0x00, 0x00, 0x0f, 0x74, 0x2b, 0x0f, 0x74, 0xc3,
    0x0f, 0x74, 0xb2, 0x0f, 0x74, 0x02, 0x00, 0x00, 0x00, 0x00, 0x00, 0x00, 0x00, 0x00, 0x00, 0x0f, 0x74, 0xdb, 0x00, 0x00, 0x00, 0x00, 0x00, 0x00,
    0x00, 0x00, 0x00, 0x00, 0x00, 0x00, 0x0f, 0x74, 0x3e, 0x0f, 0x74, 0xdf, 0x0f, 0x74, 0xdf, 0x0f, 0x74, 0xdf, 0x0f, 0x74, 0xdf, 0x0f, 0x74, 0xdf,
    0x0f, 0x74, 0xdf, 0x0f, 0x74, 0xdf, 0x0f, 0x74, 0xdf, 0x0f, 0x74, 0xdf, 0x0f, 0x74, 0xdf, 0x0f, 0x74, 0x3e, 0x00, 0x00, 0x00, 0x00, 0x00, 0x00,
    0x00, 0x00, 0x00, 0x00, 0x00, 0x00, 0x00, 0x00, 0x00, 0x0f, 0x74, 0xca, 0x0f, 0x74, 0xe2, 0x0f, 0x74, 0x0c, 0x0f, 0x74, 0x5e, 0x0f, 0x74, 0x8f,
    0x00, 0x00, 0x00, 0x0f, 0x74, 0x9f, 0x0f, 0x74, 0x58, 0x0f, 0x74, 0xc8, 0x0f, 0x74, 0x4d, 0x00, 0x00, 0x00, 0x00, 0x00, 0x00, 0x00, 0x00, 0x00,
    0x00, 0x00, 0x00, 0x00, 0x00, 0x00, 0x0f, 0x74, 0xea, 0x0f, 0x74, 0xe1, 0x0f, 0x74, 0xdb, 0x0f, 0x74, 0xdb, 0x0f, 0x74, 0xdb, 0x0f, 0x74, 0xc8,
    0x00, 0x00, 0x00, 0x00, 0x00, 0x00, 0x00, 0x00, 0x00, 0x0f, 0x74, 0xdf, 0x00, 0x00, 0x00, 0x0f, 0x74, 0x52, 0x0f, 0x74, 0xc3, 0x0f, 0x74, 0xc3,
    0x0f, 0x74, 0xc3, 0x0f, 0x74, 0xc3, 0x0f, 0x74, 0x4f, 0x00, 0x00, 0x00, 0x0f, 0x74, 0xe3, 0x00, 0x00, 0x00, 0x00, 0x00, 0x00, 0x00, 0x00, 0x00,
    0x0f, 0x74, 0x17, 0x0f, 0x74, 0x7f, 0x00, 0x00, 0x00, 0x0f, 0x74, 0x73, 0x0f, 0x74, 0x73, 0x00, 0x00, 0x00, 0x00, 0x00, 0x00, 0x0f, 0x74, 0x1f,
    0x00, 0x00, 0x00, 0x00, 0x00, 0x00, 0x00, 0x00, 0x00, 0x0f, 0x74, 0x18, 0x0f, 0x74, 0xc3, 0x0f, 0x74, 0xc4, 0x0f, 0x74, 0xf7, 0x0f, 0x74, 0xd3,
    0x0f, 0x74, 0xce, 0x0f, 0x74, 0xf8, 0x0f, 0x74, 0xc4, 0x0f, 0x74, 0xc3, 0x0f, 0x74, 0x18, 0x00, 0x00, 0x00, 0x00, 0x00, 0x00, 0x0f, 0x74, 0xc3,
    0x0f, 0x74, 0x1b, 0x0f, 0x74, 0x2b, 0x0f, 0x74, 0xa7, 0x00, 0x00, 0x00, 0x00, 0x00, 0x00, 0x0f, 0x74, 0xcb, 0x0f, 0x74, 0x07, 0x0f, 0x74, 0x2b,
    0x0f, 0x74, 0xbb, 0x00, 0x00, 0x00, 0x00, 0x00, 0x00, 0x0f, 0x74, 0x02, 0x0f, 0x74, 0x48, 0x00, 0x00, 0x00, 0x0f, 0x74, 0x8f, 0x0f, 0x74, 0xc5,
    0x0f, 0x74, 0xb3, 0x0f, 0x74, 0xf5, 0x0f, 0x74, 0xb3, 0x0f, 0x74, 0xb9, 0x0f, 0x74, 0xc3, 0x00, 0x00, 0x00, 0x00, 0x00, 0x00, 0x00, 0x00, 0x00,
    0x00, 0x00, 0x00, 0x00, 0x00, 0x00, 0x00, 0x00, 0x00, 0x0f, 0x74, 0x7b, 0x0f, 0x74, 0x7f, 0x00, 0x00, 0x00, 0x00, 0x00, 0x00, 0x00, 0x00, 0x00,
    0x00, 0x00, 0x00, 0x00, 0x00, 0x00, 0x00, 0x00, 0x00, 0x00, 0x00, 0x00, 0x00, 0x00, 0x00, 0x00, 0x00, 0x00, 0x0f, 0x74, 0x33, 0x0f, 0x74, 0xb4,
    0x0f, 0x74, 0x7c, 0x0f, 0x74, 0x56, 0x0f, 0x74, 0xad, 0x0f, 0x74, 0x46, 0x00, 0x00, 0x00, 0x0f, 0x74, 0x9f, 0x0f, 0x74, 0x53, 0x0f, 0x74, 0x2b,
    0x0f, 0x74, 0xe0, 0x0f, 0x74, 0x0e, 0x00, 0x00, 0x00, 0x00, 0x00, 0x00, 0x00, 0x00, 0x00, 0x0f, 0x74, 0x24, 0x0f, 0x74, 0xe0, 0x00, 0x00, 0x00,
    0x00, 0x00, 0x00, 0x00, 0x00, 0x00, 0x0f, 0x74, 0x12, 0x0f, 0x74, 0xd6, 0x00, 0x00, 0x00, 0x00, 0x00, 0x00, 0x00, 0x00, 0x00, 0x0f, 0x74, 0xdf,
    0x00, 0x00, 0x00, 0x0f, 0x74, 0x6b, 0x0f, 0x74, 0x67, 0x00, 0x00, 0x00, 0x00, 0x00, 0x00, 0x0f, 0x74, 0x6b, 0x0f, 0x74, 0x67, 0x00, 0x00, 0x00,
    0x0f, 0x74, 0xe3, 0x00, 0x00, 0x00, 0x00, 0x00, 0x00, 0x0f, 0x74, 0x04, 0x0f, 0x74, 0xbd, 0x0f, 0x74, 0x6f, 0x00, 0x00, 0x00, 0x0f, 0x74, 0x73,
    0x0f, 0x74, 0x73, 0x00, 0x00, 0x00, 0x0f, 0x74, 0x2d, 0x0f, 0x74, 0xdc, 0x0f, 0x74, 0x02, 0x00, 0x00, 0x00, 0x00, 0x00, 0x00, 0x00, 0x00, 0x00,
    0x0f, 0x74, 0x06, 0x0f, 0x74, 0x9b, 0x0f, 0x74, 0x9a, 0x0f, 0x74, 0x02, 0x00, 0x00, 0x00, 0x0f, 0x74, 0x91, 0x0f, 0x74, 0xa2, 0x0f, 0x74, 0x09,
    0x00, 0x00, 0x00, 0x00, 0x00, 0x00, 0x00, 0x00, 0x00, 0x0f, 0x74, 0xc3, 0x0f, 0x74, 0x1b, 0x0f, 0x74, 0x2b, 0x0f, 0x74, 0xe8, 0x0f, 0x74, 0xbb,
    0x0f, 0x74, 0xbb, 0x0f, 0x74, 0xf2, 0x0f, 0x74, 0x07, 0x0f, 0x74, 0x2b, 0x0f, 0x74, 0xbb, 0x00, 0x00, 0x00, 0x00, 0x00, 0x00, 0x00, 0x00, 0x00,
    0x0f, 0x74, 0x04, 0x00, 0x00, 0x00, 0x0f, 0x74, 0x8f, 0x0f, 0x74, 0x3b, 0x00, 0x00, 0x00, 0x0f, 0x74, 0xdb, 0x00, 0x00, 0x00, 0x0f, 0x74, 0x13,
    0x0f, 0x74, 0xc3, 0x00, 0x00, 0x00, 0x00, 0x00, 0x00, 0x00, 0x00, 0x00, 0x0f, 0x74, 0x3e, 0x0f, 0x74, 0x54, 0x00, 0x00, 0x00, 0x0f, 0x74, 0x7b,
    0x0f, 0x74, 0x7f, 0x00, 0x00, 0x00, 0x0f, 0x74, 0x58, 0x0f, 0x74, 0x24, 0x00, 0x00, 0x00, 0x00, 0x00, 0x00, 0x00, 0x00, 0x00, 0x00, 0x00, 0x00,
    0x00, 0x00, 0x00, 0x00, 0x00, 0x00, 0x00, 0x00, 0x00, 0x0f, 0x74, 0x0a, 0x0f, 0x74, 0x28, 0x0f, 0x74, 0xc9, 0x0f, 0x74, 0xdf, 0x0f, 0x74, 0x03,
    0x00, 0x00, 0x00, 0x0f, 0x74, 0x9f, 0x0f, 0x74, 0x53, 0x00, 0x00, 0x00, 0x0f, 0x74, 0x3b, 0x0f, 0x74, 0x01, 0x00, 0x00, 0x00, 0x00, 0x00, 0x00,
    0x00, 0x00, 0x00, 0x0f, 0x74, 0x68, 0x0f, 0x74, 0x9f, 0x00, 0x00, 0x00, 0x00, 0x00, 0x00, 0x00, 0x00, 0x00, 0x0f, 0x74, 0x26, 0x0f, 0x74, 0xc3,
    0x00, 0x00, 0x00, 0x00, 0x00, 0x00, 0x00, 0x00, 0x00, 0x0f, 0x74, 0xdf, 0x00, 0x00, 0x00, 0x0f, 0x74, 0x6b, 0x0f, 0x74, 0x67, 0x00, 0x00, 0x00,
    0x00, 0x00, 0x00, 0x0f, 0x74, 0x6b, 0x0f, 0x74, 0x67, 0x00, 0x00, 0x00, 0x0f, 0x74, 0xe3, 0x00, 0x00, 0x00, 0x0f, 0x74, 0x10, 0x0f, 0x74, 0xbc,
    0x0f, 0x74, 0x9c, 0x00, 0x00, 0x00, 0x00, 0x00, 0x00, 0x0f, 0x74, 0x73, 0x0f, 0x74, 0x73, 0x00, 0x00, 0x00, 0x0f, 0x74, 0xa8, 0x0f, 0x74, 0x66,
    0x00, 0x00, 0x00, 0x00, 0x00, 0x00, 0x0f, 0x74, 0x06, 0x0f, 0x74, 0x5f, 0x0f, 0x74, 0xd1, 0x0f, 0x74, 0xaa, 0x0f, 0x74, 0x53, 0x00, 0x00, 0x00,
    0x00, 0x00, 0x00, 0x0f, 0x74, 0x3c, 0x0f, 0x74, 0xb9, 0x0f, 0x74, 0xd5, 0x0f, 0x74, 0x73, 0x0f, 0x74, 0x11, 0x00, 0x00, 0x00, 0x0f, 0x74, 0xc3,
    0x0f, 0x74, 0x1b, 0x0f, 0x74, 0x2b, 0x0f, 0x74, 0xa7, 0x00, 0x00, 0x00, 0x00, 0x00, 0x00, 0x0f, 0x74, 0xcb, 0x0f, 0x74, 0x07, 0x0f, 0x74, 0x2b,
    0x0f, 0x74, 0xbb, 0x00, 0x00, 0x00, 0x00, 0x00, 0x00, 0x00, 0x00, 0x00, 0x0f, 0x74, 0x75, 0x0f, 0x74, 0x59, 0x0f, 0x74, 0x8f, 0x0f, 0x74, 0xbf,
    0x0f, 0x74, 0xab, 0x0f, 0x74, 0xf4, 0x0f, 0x74, 0xab, 0x0f, 0x74, 0xb2, 0x0f, 0x74, 0xc3, 0x00, 0x00, 0x00, 0x00, 0x00, 0x00, 0x00, 0x00, 0x00,
    0x0f, 0x74, 0xc2, 0x0f, 0x74, 0x4b, 0x00, 0x00, 0x00, 0x0f, 0x74, 0x7b, 0x0f, 0x74, 0x7f, 0x00, 0x00, 0x00, 0x0f, 0x74, 0x59, 0x0f, 0x74, 0xb9,
    0x00, 0x00, 0x00, 0x00, 0x00, 0x00, 0x00, 0x00, 0x00, 0x00, 0x00, 0x00, 0x00, 0x00, 0x00, 0x00, 0x00, 0x00, 0x00, 0x00, 0x00, 0x00, 0x00, 0x00,
    0x00, 0x00, 0x00, 0x0f, 0x74, 0xc1, 0x0f, 0x74, 0x99, 0x00, 0x00, 0x00, 0x00, 0x00, 0x00, 0x0f, 0x74, 0x9f, 0x0f, 0x74, 0x53, 0x00, 0x00, 0x00,
    0x00, 0x00, 0x00, 0x00, 0x00, 0x00, 0x00, 0x00, 0x00, 0x00, 0x00, 0x00, 0x0f, 0x74, 0x07, 0x0f, 0x74, 0xe0, 0x0f, 0x74, 0x3c, 0x00, 0x00, 0x00,
    0x00, 0x00, 0x00, 0x00, 0x00, 0x00, 0x0f, 0x74, 0x40, 0x0f, 0x74, 0xaa, 0x00, 0x00, 0x00, 0x00, 0x00, 0x00, 0x00, 0x00, 0x00, 0x0f, 0x74, 0xdf,
    0x00, 0x00, 0x00, 0x0f, 0x74, 0x6b, 0x0f, 0x74, 0xdc, 0x0f, 0x74, 0xc3, 0x0f, 0x74, 0xc3, 0x0f, 0x74, 0xdd, 0x0f, 0x74, 0x67, 0x00, 0x00, 0x00,
    0x0f, 0x74, 0xe3, 0x00, 0x00, 0x00, 0x0f, 0x74, 0x10, 0x0f, 0x74, 0x68, 0x00, 0x00, 0x00, 0x0f, 0x74, 0x01, 0x0f, 0x74, 0xb7, 0x0f, 0x74, 0xda,
    0x0f, 0x74, 0x49, 0x0f, 0x74, 0x76, 0x0f, 0x74, 0xce, 0x0f, 0x74, 0x07, 0x00, 0x00, 0x00, 0x00, 0x00, 0x00, 0x0f, 0x74, 0x2d, 0x0f, 0x74, 0xa8,
    0x0f, 0x74, 0x25, 0x0f, 0x74, 0x4e, 0x0f, 0x74, 0x9e, 0x00, 0x00, 0x00, 0x00, 0x00, 0x00, 0x0f, 0x74, 0x77, 0x0f, 0x74, 0x73, 0x0f, 0x74, 0x19,
    0x0f, 0x74, 0x92, 0x0f, 0x74, 0x2d, 0x00, 0x00, 0x00, 0x0f, 0x74, 0xc3, 0x0f, 0x74, 0x1b, 0x0f, 0x74, 0x2b, 0x0f, 0x74, 0xe8, 0x0f, 0x74, 0xbb,
    0x0f, 0x74, 0xbb, 0x0f, 0x74, 0xf2, 0x0f, 0x74, 0x07, 0x0f, 0x74, 0x2b, 0x0f, 0x74, 0xbb, 0x00, 0x00, 0x00, 0x00, 0x00, 0x00, 0x0f, 0x74, 0x03,
    0x0f, 0x74, 0xdc, 0x0f, 0x74, 0x1b, 0x0f, 0x74, 0x8f, 0x0f, 0x74, 0x3b, 0x00, 0x00, 0x00, 0x0f, 0x74, 0xdb, 0x00, 0x00, 0x00, 0x0f, 0x74, 0x13,
    0x0f, 0x74, 0xc3, 0x00, 0x00, 0x00, 0x00, 0x00, 0x00, 0x0f, 0x74, 0x43, 0x0f, 0x74, 0xd3, 0x0f, 0x74, 0x01, 0x00, 0x00, 0x00, 0x0f, 0x74, 0x7b,
    0x0f, 0x74, 0x7f, 0x00, 0x00, 0x00, 0x00, 0x00, 0x00, 0x0f, 0x74, 0xc3, 0x0f, 0x74, 0x51, 0x00, 0x00, 0x00, 0x00, 0x00, 0x00, 0x00, 0x00, 0x00,
    0x00, 0x00, 0x00, 0x00, 0x00, 0x00, 0x00, 0x00, 0x00, 0x00, 0x00, 0x00, 0x0f, 0x74, 0x38, 0x0f, 0x74, 0xeb, 0x0f, 0x74, 0xe6, 0x0f, 0x74, 0x3a,
    0x00, 0x00, 0x00, 0x0f, 0x74, 0x9f, 0x0f, 0x74, 0x53, 0x00, 0x00, 0x00, 0x00, 0x00, 0x00, 0x00, 0x00, 0x00, 0x00, 0x00, 0x00, 0x00, 0x00, 0x00,
    0x0f, 0x74, 0x7f, 0x0f, 0x74, 0xbd, 0x00, 0x00, 0x00, 0x00, 0x00, 0x00, 0x00, 0x00, 0x00, 0x00, 0x00, 0x00, 0x0f, 0x74, 0x64, 0x0f, 0x74, 0x8b,
    0x00, 0x00, 0x00, 0x00, 0x00, 0x00, 0x00, 0x00, 0x00, 0x0f, 0x74, 0xdf, 0x00, 0x00, 0x00, 0x0f, 0x74, 0x6b, 0x0f, 0x74, 0x67, 0x00, 0x00, 0x00,
    0x00, 0x00, 0x00, 0x00, 0x00, 0x00, 0x00, 0x00, 0x00, 0x00, 0x00, 0x00, 0x0f, 0x74, 0xe3, 0x00, 0x00, 0x00, 0x00, 0x00, 0x00, 0x00, 0x00, 0x00,
    0x00, 0x00, 0x00, 0x00, 0x00, 0x00, 0x00, 0x00, 0x00, 0x0f, 0x74, 0x14, 0x0f, 0x74, 0x8e, 0x0f, 0x74, 0xd2, 0x0f, 0x74, 0x13, 0x00, 0x00, 0x00,
    0x00, 0x00, 0x00, 0x00, 0x00, 0x00, 0x00, 0x00, 0x00, 0x00, 0x00, 0x00, 0x00, 0x00, 0x00, 0x0f, 0x74, 0x89, 0x0f, 0x74, 0x76, 0x00, 0x00, 0x00,
    0x00, 0x00, 0x00, 0x0f, 0x74, 0x77, 0x0f, 0x74, 0x73, 0x00, 0x00, 0x00, 0x00, 0x00, 0x00, 0x00, 0x00, 0x00, 0x00, 0x00, 0x00, 0x0f, 0x74, 0xc3,
    0x0f, 0x74, 0x1b, 0x0f, 0x74, 0x2b, 0x0f, 0x74, 0xa7, 0x00, 0x00, 0x00, 0x00, 0x00, 0x00, 0x0f, 0x74, 0xcb, 0x0f, 0x74, 0x07, 0x0f, 0x74, 0x2b,
    0x0f, 0x74, 0xbb, 0x00, 0x00, 0x00, 0x00, 0x00, 0x00, 0x0f, 0x74, 0x5b, 0x0f, 0x74, 0xa9, 0x00, 0x00, 0x00, 0x0f, 0x74, 0x67, 0x0f, 0x74, 0xb9,
    0x0f, 0x74, 0xba, 0x0f, 0x74, 0xb7, 0x0f, 0x74, 0xbe, 0x0f, 0x74, 0xba, 0x0f, 0x74, 0x8c, 0x00, 0x00, 0x00, 0x0f, 0x74, 0x18, 0x0f, 0x74, 0xe3,
    0x0f, 0x74, 0x3c, 0x00, 0x00, 0x00, 0x00, 0x00, 0x00, 0x0f, 0x74, 0x7b, 0x0f, 0x74, 0x7f, 0x00, 0x00, 0x00, 0x00, 0x00, 0x00, 0x0f, 0x74, 0x48,
    0x0f, 0x74, 0xc6, 0x00, 0x00, 0x00, 0x00, 0x00, 0x00, 0x00, 0x00, 0x00, 0x00, 0x00, 0x00, 0x00, 0x00, 0x00, 0x00, 0x00, 0x00, 0x0f, 0x74, 0x2b,
    0x0f, 0x74, 0xe0, 0x0f, 0x74, 0x49, 0x0f, 0x74, 0x39, 0x0f, 0x74, 0xe8, 0x0f, 0x74, 0x95, 0x0f, 0x74, 0x3c, 0x0f, 0x74, 0x0f, 0x0f, 0x74, 0x01,
    0x00, 0x00, 0x00, 0x00, 0x00, 0x00, 0x0f, 0x74, 0x04, 0x0f, 0x74, 0x7e, 0x0f, 0x74, 0xe2, 0x0f, 0x74, 0x17, 0x00, 0x00, 0x00, 0x0f, 0x74, 0x08,
    0x0f, 0x74, 0x08, 0x0f, 0x74, 0x05, 0x0f, 0x74, 0xad, 0x0f, 0x74, 0x57, 0x00, 0x00, 0x00, 0x00, 0x00, 0x00, 0x00, 0x00, 0x00, 0x0f, 0x74, 0xdf,
    0x00, 0x00, 0x00, 0x0f, 0x74, 0x14, 0x0f, 0x74, 0x13, 0x00, 0x00, 0x00, 0x00, 0x00, 0x00, 0x00, 0x00, 0x00, 0x00, 0x00, 0x00, 0x0f, 0x74, 0x02,
    0x0f, 0x74, 0xe6, 0x00, 0x00, 0x00, 0x00, 0x00, 0x00, 0x00, 0x00, 0x00, 0x0f, 0x74, 0x19, 0x0f, 0x74, 0x4f, 0x0f, 0x74, 0x93, 0x0f, 0x74, 0xe8,
    0x0f, 0x74, 0x85, 0x0f, 0x74, 0x10, 0x00, 0x00, 0x00, 0x00, 0x00, 0x00, 0x00, 0x00, 0x00, 0x00, 0x00, 0x00, 0x00, 0x00, 0x00, 0x00, 0x00, 0x00,
    0x0f, 0x74, 0x57, 0x0f, 0x74, 0xe2, 0x0f, 0x74, 0x18, 0x00, 0x00, 0x00, 0x00, 0x00, 0x00, 0x0f, 0x74, 0x77, 0x0f, 0x74, 0x73, 0x00, 0x00, 0x00,
    0x00, 0x00, 0x00, 0x00, 0x00, 0x00, 0x00, 0x00, 0x00, 0x0f, 0x74, 0xc3, 0x0f, 0x74, 0xd8, 0x0f, 0x74, 0xdb, 0x0f, 0x74, 0xf0, 0x0f, 0x74, 0xd3,
    0x0f, 0x74, 0xd3, 0x0f, 0x74, 0xf7, 0x0f, 0x74, 0xd5, 0x0f, 0x74, 0xdb, 0x0f, 0x74, 0xbb, 0x00, 0x00, 0x00, 0x0f, 0x74, 0x03, 0x0f, 0x74, 0xd9,
    0x0f, 0x74, 0x32, 0x00, 0x00, 0x00, 0x0f, 0x74, 0x28, 0x0f, 0x74, 0xbc, 0x0f, 0x74, 0x66, 0x00, 0x00, 0x00, 0x0f, 0x74, 0x54, 0x0f, 0x74, 0xc4,
    0x0f, 0x74, 0x34, 0x00, 0x00, 0x00, 0x0f, 0x74, 0x41, 0x0f, 0x74, 0x72, 0x00, 0x00, 0x00, 0x00, 0x00, 0x00, 0x00, 0x00, 0x00, 0x0f, 0x74, 0x84,
    0x0f, 0x74, 0x7e, 0x00, 0x00, 0x00, 0x00, 0x00, 0x00, 0x0f, 0x74, 0x01, 0x0f, 0x74, 0xa5, 0x0f, 0x74, 0x0c, 0x00, 0x00, 0x00, 0x00, 0x00, 0x00,
    0x00, 0x00, 0x00, 0x00, 0x00, 0x00, 0x0f, 0x74, 0x41, 0x0f, 0x74, 0xdf, 0x0f, 0x74, 0x52, 0x00, 0x00, 0x00, 0x00, 0x00, 0x00, 0x0f, 0x74, 0x10,
    0x0f, 0x74, 0x7a, 0x0f, 0x74, 0xbf, 0x0f, 0x74, 0xe2, 0x0f, 0x74, 0xee, 0x0f, 0x74, 0xef, 0x0f, 0x74, 0x59, 0x0f, 0x74, 0x35, 0x0f, 0x74, 0xac,
    0x0f, 0x74, 0x15, 0x00, 0x00, 0x00, 0x00, 0x00, 0x00, 0x0f, 0x74, 0x31, 0x0f, 0x74, 0xd4, 0x0f, 0x74, 0xd9, 0x0f, 0x74, 0x9b, 0x0f, 0x74, 0x07,
    0x00, 0x00, 0x00, 0x00, 0x00, 0x00, 0x00, 0x00, 0x00, 0x0f, 0x74, 0xdf, 0x00, 0x00, 0x00, 0x00, 0x00, 0x00, 0x00, 0x00, 0x00, 0x00, 0x00, 0x00,
    0x00, 0x00, 0x00, 0x00, 0x00, 0x00, 0x0f, 0x74, 0x9c, 0x0f, 0x74, 0xdb, 0x0f, 0x74, 0xad, 0x00, 0x00, 0x00, 0x00, 0x00, 0x00, 0x0f, 0x74, 0x42,
    0x0f, 0x74, 0xe3, 0x0f, 0x74, 0xa6, 0x0f, 0x74, 0x69, 0x0f, 0x74, 0x14, 0x00, 0x00, 0x00, 0x00, 0x00, 0x00, 0x00, 0x00, 0x00, 0x00, 0x00, 0x00,
    0x00, 0x00, 0x00, 0x00, 0x00, 0x00, 0x00, 0x00, 0x00, 0x0f, 0x74, 0x52, 0x0f, 0x74, 0xc7, 0x0f, 0x74, 0x2c, 0x00, 0x00, 0x00, 0x00, 0x00, 0x00,
    0x00, 0x00, 0x00, 0x0f, 0x74, 0x74, 0x0f, 0x74, 0x70, 0x00, 0x00, 0x00, 0x00, 0x00, 0x00, 0x00, 0x00, 0x00, 0x00, 0x00, 0x00, 0x0f, 0x74, 0xa8,
    0x0f, 0x74, 0x18, 0x00, 0x00, 0x00, 0x00, 0x00, 0x00, 0x00, 0x00, 0x00, 0x00, 0x00, 0x00, 0x00, 0x00, 0x00, 0x00, 0x00, 0x00, 0x0f, 0x74, 0x25,
    0x0f, 0x74, 0xa1, 0x00, 0x00, 0x00, 0x0f, 0x74, 0x0c, 0x0f, 0x74, 0x7b, 0x00, 0x00, 0x00, 0x0f, 0x74, 0x5c, 0x0f, 0x74, 0xc4, 0x0f, 0x74, 0x38,
    0x00, 0x00, 0x00, 0x00, 0x00, 0x00, 0x00, 0x00, 0x00, 0x0f, 0x74, 0x24, 0x0f, 0x74, 0xc7, 0x0f, 0x74, 0x2c, 0x00, 0x00, 0x00, 0x00, 0x00, 0x00,
    0x00, 0x00, 0x00, 0x0f, 0x74, 0x6b, 0x0f, 0x74, 0xe8, 0x0f, 0x74, 0xda, 0x0f, 0x74, 0x3c, 0x00, 0x00, 0x00, 0x00, 0x00, 0x00, 0x00, 0x00, 0x00,
    0x00, 0x00, 0x00, 0x00, 0x00, 0x00, 0x00, 0x00, 0x00, 0x00, 0x00, 0x00, 0x00, 0x00, 0x00, 0x00, 0x00, 0x00, 0x0f, 0x74, 0x01, 0x0f, 0x74, 0x0c,
    0x00, 0x00, 0x00, 0x00, 0x00, 0x00, 0x00, 0x00, 0x00, 0x00, 0x00, 0x00, 0x00, 0x00, 0x00, 0x00, 0x00, 0x00, 0x00, 0x00, 0x00, 0x00, 0x00, 0x00,
    0x00, 0x00, 0x00, 0x00, 0x00, 0x00, 0x00, 0x00, 0x00, 0x00, 0x00, 0x00, 0x00, 0x00, 0x00, 0x00, 0x00, 0x00, 0x00, 0x00, 0x00, 0x00, 0x00, 0x00,
    0x00, 0x00, 0x00, 0x00, 0x00, 0x00, 0x00, 0x00, 0x00, 0x00, 0x00, 0x00, 0x00, 0x00, 0x00, 0x00, 0x00, 0x00, 0x00, 0x00, 0x00, 0x0f, 0x74, 0x03,
    0x00, 0x00, 0x00, 0x00, 0x00, 0x00, 0x00, 0x00, 0x00, 0x00, 0x00, 0x00, 0x00, 0x00, 0x00, 0x00, 0x00, 0x00, 0x00, 0x00, 0x00, 0x00, 0x00, 0x00,
    0x00, 0x00, 0x00, 0x00, 0x00, 0x00, 0x00, 0x00, 0x00, 0x00, 0x00, 0x00, 0x00, 0x00, 0x00, 0x00, 0x00, 0x00, 0x00, 0x00, 0x00, 0x00, 0x00, 0x00,
    0x00, 0x00, 0x00, 0x00, 0x00, 0x00, 0x00, 0x00, 0x00, 0x00, 0x00, 0x00, 0x00, 0x00, 0x00, 0x00, 0x00, 0x00, 0x00, 0x00, 0x00, 0x00, 0x00, 0x00,
    0x0f, 0x74, 0x01, 0x00, 0x00, 0x00, 0x00, 0x00, 0x00, 0x00, 0x00, 0x00, 0x00, 0x00, 0x00, 0x00, 0x00, 0x00, 0x00, 0x00, 0x00, 0x00, 0x00, 0x00,
    0x00, 0x00, 0x00, 0x00, 0x00, 0x00, 0x00, 0x00, 0x00, 0x00, 0x00, 0x00, 0x00, 0x00, 0x00, 0x00, 0x00, 0x00, 0x00, 0x00, 0x00, 0x00, 0x00, 0x00,
    0x00, 0x00, 0x00, 0x00, 0x00, 0x00, 0x00, 0x00, 0x00, 0x00, 0x00, 0x00, 0x00, 0x00, 0x00, 0x00, 0x00, 0x00, 0x00, 0x00, 0x00, 0x00, 0x00, 0x00,
    0x00, 0x00, 0x00, 0x00, 0x00, 0x00, 0x00, 0x00, 0x00, 0x00, 0x00, 0x00, 0x00, 0x00, 0x00, 0x00, 0x00, 0x00, 0x00, 0x00, 0x00, 0x00, 0x00, 0x00,
    0x00, 0x00, 0x00, 0x00, 0x00, 0x00, 0x00, 0x00, 0x00, 0x00, 0x00, 0x00, 0x00, 0x00, 0x00, 0x00, 0x00, 0x00, 0x00, 0x00, 0x00, 0x00, 0x00, 0x00,
    0x00, 0x00, 0x00, 0x00, 0x00, 0x00, 0x00, 0x00, 0x00, 0x00, 0x00, 0x00, 0x00, 0x00, 0x00, 0x00, 0x00, 0x00, 0x00, 0x00, 0x00, 0x00, 0x00, 0x00,
    0x00, 0x00, 0x00, 0x00, 0x00, 0x00, 0x00, 0x00, 0x00, 0x00, 0x00, 0x00, 0x00, 0x00, 0x00, 0x00, 0x00, 0x00, 0x00, 0x00, 0x00, 0x00, 0x00, 0x00,
    0x00, 0x00, 0x00, 0x00, 0x00, 0x00, 0x00, 0x00, 0x00, 0x00, 0x00, 0x00, 0x00, 0x00, 0x00, 0x00, 0x00, 0x00, 0x00, 0x00, 0x00, 0x00, 0x00, 0x00,
    0x00, 0x00, 0x00, 0x00, 0x00, 0x00, 0x00, 0x00, 0x00, 0x00, 0x00, 0x00, 0x00, 0x00, 0x00, 0x00, 0x00, 0x00, 0x00, 0x00, 0x00, 0x00, 0x00, 0x00,
    0x00, 0x00, 0x00, 0x00, 0x00, 0x00, 0x00, 0x00, 0x00, 0x00, 0x00, 0x00, 0x00, 0x00, 0x00, 0x00, 0x00, 0x00, 0x00, 0x00, 0x00, 0x00, 0x00, 0x00,
    0x00, 0x00, 0x00, 0x00, 0x00, 0x00, 0x00, 0x00, 0x00, 0x00, 0x00, 0x00, 0x00, 0x00, 0x00, 0x00, 0x00, 0x00, 0x00, 0x00, 0x00, 0x00, 0x00, 0x00,
    0x00, 0x00, 0x00, 0x00, 0x00, 0x00, 0x00, 0x00, 0x00, 0x00, 0x00, 0x00, 0x00, 0x00, 0x00, 0x00, 0x00, 0x00, 0x00, 0x00, 0x00, 0x00, 0x00, 0x00,
    0x00, 0x00, 0x00, 0x00, 0x00, 0x00, 0x00, 0x00, 0x00, 0x00, 0x00, 0x00, 0x00, 0x00, 0x00, 0x00, 0x00, 0x00, 0x00, 0x00, 0x00, 0x00, 0x00, 0x00,
    0x00, 0x00, 0x00, 0x00, 0x00, 0x00, 0x00, 0x00, 0x00, 0x00, 0x00, 0x00, 0x00, 0x00, 0x00, 0x00, 0x00, 0x00, 0x00, 0x00, 0x00, 0x00, 0x00, 0x00,
    0x00, 0x00, 0x00, 0x00, 0x00, 0x00, 0x00, 0x00, 0x00, 0x00, 0x00, 0x00, 0x00, 0x00, 0x00, 0x00, 0x00, 0x00, 0x00, 0x00, 0x00, 0x00, 0x00, 0x00,
    0x00, 0x00, 0x00, 0x00, 0x00, 0x00, 0x00, 0x00, 0x00, 0x00, 0x00, 0x00, 0x00, 0x00, 0x00, 0x00, 0x00, 0x00, 0x00, 0x00, 0x00, 0x00, 0x00, 0x00,
    0x00, 0x00, 0x00, 0x00, 0x00, 0x00, 0x00, 0x00, 0x00, 0x00, 0x00, 0x00, 0x00, 0x00, 0x00, 0x00, 0x00, 0x00, 0x00, 0x00, 0x00, 0x00, 0x00, 0x00,
    0x00, 0x00, 0x00, 0x00, 0x00, 0x00, 0x00, 0x00, 0x00, 0x00, 0x00, 0x00, 0x00, 0x00, 0x00, 0x00, 0x00, 0x00, 0x00, 0x00, 0x00, 0x00, 0x00, 0x00,
    0x00, 0x00, 0x00, 0x00, 0x00, 0x00, 0x00, 0x00, 0x00, 0x00, 0x00, 0x00, 0x00, 0x00, 0x00, 0x00, 0x00, 0x00, 0x00, 0x00, 0x00, 0x00, 0x00, 0x00,
    0x00, 0x00, 0x00, 0x00, 0x00, 0x00, 0x00, 0x00, 0x00, 0x00, 0x00, 0x00, 0x00, 0x00, 0x00, 0x00, 0x00, 0x00, 0x00, 0x00, 0x00, 0x00, 0x00, 0x00,
    0x00, 0x00, 0x00, 0x00, 0x00, 0x00, 0x00, 0x00, 0x00, 0x00, 0x00, 0x00, 0x00, 0x00, 0x00, 0x00, 0x00, 0x00, 0x00, 0x00, 0x00, 0x00, 0x00, 0x00,
    0x00, 0x00, 0x00, 0x00, 0x00, 0x00, 0x00, 0x00, 0x00, 0x00, 0x00, 0x00, 0x00, 0x00, 0x00, 0x00, 0x00, 0x00, 0x00, 0x00, 0x00, 0x00, 0x00, 0x00,
    0x00, 0x00, 0x00, 0x00, 0x00, 0x00, 0x00, 0x00, 0x00, 0x00, 0x00, 0x00, 0x00, 0x00, 0x00, 0x00, 0x00, 0x00, 0x00, 0x00, 0x00, 0x00, 0x00, 0x00,
    0x00, 0x00, 0x00, 0x00, 0x00, 0x00, 0x00, 0x00, 0x00, 0x00, 0x00, 0x00, 0x00, 0x00, 0x00, 0x00, 0x00, 0x00, 0x00, 0x00, 0x00, 0x00, 0x00, 0x00,
    0x00, 0x00, 0x00, 0x00, 0x00, 0x00, 0x00, 0x00, 0x00, 0x00, 0x00, 0x00, 0x00, 0x00, 0x00, 0x00, 0x00, 0x00, 0x00, 0x00, 0x00, 0x00, 0x00, 0x00,
    0x00, 0x00, 0x00, 0x00, 0x00, 0x00, 0x00, 0x00, 0x00, 0x00, 0x00, 0x00, 0x00, 0x00, 0x00, 0x00, 0x00, 0x00, 0x00, 0x00, 0x00, 0x00, 0x00, 0x00,
    0x00, 0x00, 0x00, 0x00, 0x00, 0x00, 0x00, 0x00, 0x00, 0x00, 0x00, 0x00, 0x00, 0x00, 0x00, 0x00, 0x00, 0x00, 0x00, 0x00, 0x00, 0x00, 0x00, 0x00,
    0x00, 0x00, 0x00, 0x00, 0x00, 0x00, 0x00, 0x00, 0x00, 0x00, 0x00, 0x00, 0x00, 0x00, 0x00, 0x00, 0x00, 0x00, 0x00, 0x00, 0x00, 0x00, 0x00, 0x00,
    0x00, 0x00, 0x00, 0x00, 0x00, 0x00, 0x00, 0x00, 0x00, 0x00, 0x00, 0x00, 0x00, 0x00, 0x00, 0x00, 0x00, 0x00, 0x00, 0x00, 0x00, 0x00, 0x00, 0x00,
    0x00, 0x00, 0x00, 0x00, 0x00, 0x00, 0x00, 0x00, 0x00, 0x00, 0x00, 0x00, 0x00, 0x00, 0x00, 0x00, 0x00, 0x00, 0x00, 0x00, 0x00, 0x00, 0x00, 0x00,
    0x00, 0x00, 0x00, 0x00, 0x00, 0x00, 0x00, 0x00, 0x00, 0x00, 0x00, 0x00, 0x00, 0x00, 0x00, 0x00, 0x00, 0x00, 0x00, 0x00, 0x00, 0x00, 0x00, 0x00,
};
const lv_img_dsc_t rx_popup_sync = {
    .header.always_zero = 0,
    .header.w = 100,
    .header.h = 18,
    .data_size = 5400,
    .header.cf = LV_IMG_CF_TRUE_COLOR_ALPHA,
    .data = rx_popup_sync_map,
};

#ifndef LV_ATTRIBUTE_IMG_RX_FROM_APP
#define LV_ATTRIBUTE_IMG_RX_FROM_APP
#endif
const LV_ATTRIBUTE_MEM_ALIGN LV_ATTRIBUTE_LARGE_CONST LV_ATTRIBUTE_IMG_RX_FROM_APP uint8_t rx_from_app_map[] = {
    0x00, 0x00, 0x00, 0x00, 0x00, 0x00, 0x00, 0x00, 0x00, 0x00, 0x00, 0x00, 0x00, 0x00, 0x00, 0x00, 0x00, 0x00, 0x00, 0x00, 0x00, 0x00, 0x00, 0x00,
    0x00, 0x00, 0x00, 0x00, 0x00, 0x00, 0x00, 0x00, 0x00, 0x00, 0x00, 0x00, 0x00, 0x00, 0x00, 0x00, 0x00, 0x00, 0x00, 0x00, 0x00, 0x00, 0x00, 0x00,
    0x00, 0x00, 0x00, 0x00, 0x00, 0x00, 0x00, 0x00, 0x00, 0x00, 0x00, 0x00, 0x00, 0x00, 0x00, 0x00, 0x00, 0x00, 0x00, 0x00, 0x00, 0x00, 0x00, 0x00,
    0x00, 0x00, 0x00, 0x00, 0x00, 0x00, 0x00, 0x00, 0x00, 0x00, 0x00, 0x00, 0x00, 0x00, 0x00, 0x00, 0x00, 0x00, 0x00, 0x00, 0x00, 0x00, 0x00, 0x00,
    0x00, 0x00, 0x00, 0x00, 0x00, 0x00, 0x00, 0x00, 0x00, 0x00, 0x00, 0x00, 0x00, 0x00, 0x00, 0x00, 0x00, 0x00, 0x00, 0x00, 0x00, 0x00, 0x00, 0x00,
    0x00, 0x00, 0x00, 0x00, 0x00, 0x00, 0x00, 0x00, 0x00, 0x00, 0x00, 0x00, 0x00, 0x00, 0x00, 0x00, 0x00, 0x00, 0x00, 0x00, 0x00, 0x00, 0x00, 0x00,
    0x00, 0x00, 0x00, 0x00, 0x00, 0x00, 0x00, 0x00, 0x00, 0x00, 0x00, 0x00, 0x00, 0x00, 0x00, 0x00, 0x00, 0x00, 0x00, 0x00, 0x00, 0x00, 0x00, 0x00,
    0x00, 0x00, 0x00, 0x00, 0x00, 0x00, 0x00, 0x00, 0x00, 0x00, 0x00, 0x00, 0x00, 0x00, 0x00, 0x00, 0x00, 0x00, 0x00, 0x00, 0x00, 0x00, 0x00, 0x00,
    0x00, 0x00, 0x00, 0x00, 0x00, 0x00, 0x00, 0x00, 0x00, 0x00, 0x00, 0x00, 0x00, 0x00, 0x00, 0x00, 0x00, 0x00, 0x00, 0x00, 0x00, 0x00, 0x00, 0x00,
    0x00, 0x00, 0x00, 0x00, 0x00, 0x00, 0x00, 0x00, 0x00, 0x00, 0x00, 0x00, 0x00, 0x00, 0x00, 0x00, 0x00, 0x00, 0x00, 0x00, 0x00, 0x00, 0x00, 0x00,
    0x00, 0x00, 0x00, 0x00, 0x00, 0x00, 0x00, 0x00, 0x00, 0x00, 0x00, 0x00, 0x00, 0x00, 0x00, 0x00, 0x00, 0x00, 0x00, 0x00, 0x00, 0x00, 0x00, 0x00,
    0x00, 0x00, 0x00, 0x00, 0x00, 0x00, 0x00, 0x00, 0x00, 0x00, 0x00, 0x00, 0x00, 0x00, 0x00, 0x00, 0x00, 0x00, 0x00, 0x00, 0x00, 0x00, 0x00, 0x00,
    0x00, 0x00, 0x00, 0x00, 0x00, 0x00, 0x00, 0x00, 0x00, 0x00, 0x00, 0x00, 0x00, 0x00, 0x00, 0x00, 0x00, 0x00, 0x00, 0x00, 0x00, 0x00, 0x00, 0x00,
    0x00, 0x00, 0x00, 0x00, 0x00, 0x00, 0x00, 0x00, 0x00, 0x00, 0x00, 0x00, 0x00, 0x00, 0x00, 0x00, 0x00, 0x00, 0x00, 0x00, 0x00, 0x00, 0x00, 0x00,
    0x00, 0x00, 0x00, 0x00, 0x00, 0x00, 0x00, 0x00, 0x00, 0x00, 0x00, 0x00, 0x00, 0x00, 0x00, 0x00, 0x00, 0x00, 0x00, 0x00, 0x00, 0x00, 0x00, 0x00,
    0x00, 0x00, 0x00, 0x00, 0x00, 0x00, 0x00, 0x00, 0x00, 0x00, 0x00, 0x00, 0x00, 0x00, 0x00, 0x00, 0x00, 0x00, 0x00, 0x00, 0x00, 0x00, 0x00, 0x00,
    0x00, 0x00, 0x00, 0x00, 0x00, 0x00, 0x00, 0x00, 0x00, 0x00, 0x00, 0x00, 0x00, 0x00, 0x00, 0x00, 0x00, 0x00, 0x00, 0x00, 0x00, 0x00, 0x00, 0x00,
    0x00, 0x00, 0x00, 0x00, 0x00, 0x00, 0x00, 0x00, 0x00, 0x00, 0x00, 0x00, 0x00, 0x00, 0x00, 0x00, 0x00, 0x00, 0x00, 0x00, 0x00, 0x00, 0x00, 0x00,
    0x00, 0x00, 0x00, 0x00, 0x00, 0x00, 0x00, 0x00, 0x00, 0x00, 0x00, 0x00, 0x00, 0x00, 0x00, 0x00, 0x00, 0x00, 0x00, 0x00, 0x00, 0x00, 0x00, 0x00,
    0x00, 0x00, 0x00, 0x00, 0x00, 0x00, 0x00, 0x00, 0x00, 0x00, 0x00, 0x00, 0x00, 0x00, 0x00, 0x00, 0x00, 0x00, 0x00, 0x00, 0x00, 0x00, 0x00, 0x00,
    0x00, 0x00, 0x00, 0x00, 0x00, 0x00, 0x00, 0x00, 0x00, 0x00, 0x00, 0x00, 0x00, 0x00, 0x00, 0x00, 0x00, 0x00, 0x00, 0x00, 0x00, 0x00, 0x00, 0x00,
    0x00, 0x00, 0x00, 0x00, 0x00, 0x00, 0x00, 0x00, 0x00, 0x00, 0x00, 0x00, 0x00, 0x00, 0x00, 0x00, 0x00, 0x00, 0x00, 0x00, 0x00, 0x00, 0x00, 0x00,
    0x00, 0x00, 0x00, 0x00, 0x00, 0x00, 0x00, 0x00, 0x00, 0x00, 0x00, 0x00, 0x00, 0x00, 0x00, 0x00, 0x00, 0x00, 0x00, 0x00, 0x00, 0x00, 0x00, 0x00,
    0x00, 0x00, 0x00, 0x00, 0x00, 0x00, 0x00, 0x00, 0x00, 0x00, 0x00, 0x00, 0x00, 0x00, 0x00, 0x00, 0x00, 0x00, 0x00, 0x00, 0x00, 0x00, 0x00, 0x00,
    0x00, 0x00, 0x00, 0x00, 0x00, 0x00, 0x00, 0x00, 0x00, 0x00, 0x00, 0x00, 0x00, 0x00, 0x00, 0x00, 0x00, 0x00, 0x00, 0x00, 0x00, 0x00, 0x00, 0x00,
    0x00, 0x00, 0x00, 0x00, 0x00, 0x00, 0x00, 0x00, 0x00, 0x00, 0x00, 0x00, 0x00, 0x00, 0x00, 0x00, 0x00, 0x00, 0x00, 0x00, 0x00, 0x00, 0x00, 0x00,
    0x00, 0x00, 0x00, 0x00, 0x00, 0x00, 0x00, 0x00, 0x00, 0x00, 0x00, 0x00, 0x00, 0x00, 0x00, 0x00, 0x00, 0x00, 0x00, 0x00, 0x00, 0x00, 0x00, 0x00,
    0x00, 0x00, 0x00, 0x00, 0x00, 0x00, 0x00, 0x00, 0x00, 0x00, 0x00, 0x00, 0x00, 0x00, 0x00, 0x00, 0x00, 0x00, 0x00, 0x00, 0x00, 0x00, 0x00, 0x00,
    0x00, 0x00, 0x00, 0x00, 0x00, 0x00, 0x00, 0x00, 0x00, 0x00, 0x00, 0x00, 0x00, 0x00, 0x00, 0x00, 0x00, 0x00, 0x00, 0x00, 0x00, 0x00, 0x00, 0x00,
    0x00, 0x00, 0x00, 0x00, 0x00, 0x00, 0x00, 0x00, 0x00, 0x00, 0x00, 0x00, 0x00, 0x00, 0x00, 0x00, 0x00, 0x00, 0x00, 0x00, 0x00, 0x00, 0x00, 0x00,
    0x00, 0x00, 0x00, 0x00, 0x00, 0x00, 0x00, 0x00, 0x00, 0x00, 0x00, 0x00, 0x00, 0x00, 0x00, 0x00, 0x00, 0x00, 0x00, 0x00, 0x00, 0x00, 0x00, 0x00,
    0x00, 0x00, 0x00, 0x00, 0x00, 0x00, 0x00, 0x00, 0x00, 0x00, 0x00, 0x00, 0x00, 0x00, 0x00, 0x00, 0x00, 0x00, 0x00, 0x00, 0x00, 0x00, 0x00, 0x00,
    0x00, 0x00, 0x00, 0x00, 0x00, 0x00, 0x00, 0x00, 0x00, 0x00, 0x00, 0x00, 0x00, 0x00, 0x00, 0x00, 0x00, 0x00, 0x00, 0x00, 0x00, 0x00, 0x00, 0x00,
    0x00, 0x00, 0x00, 0x00, 0x00, 0x00, 0x00, 0x00, 0x00, 0x00, 0x00, 0x00, 0x8d, 0x6b, 0x62, 0x8d, 0x6b, 0x60, 0x00, 0x00, 0x00, 0x00, 0x00, 0x00,
    0x00, 0x00, 0x00, 0x00, 0x00, 0x00, 0x00, 0x00, 0x00, 0x00, 0x00, 0x00, 0x00, 0x00, 0x00, 0x8d, 0x6b, 0x44, 0x8d, 0x6b, 0x3c, 0x00, 0x00, 0x00,
    0x00, 0x00, 0x00, 0x00, 0x00, 0x00, 0x00, 0x00, 0x00, 0x00, 0x00, 0x00, 0x00, 0x00, 0x00, 0x00, 0x00, 0x00, 0x00, 0x00, 0x00, 0x00, 0x00, 0x00,
    0x00, 0x00, 0x00, 0x00, 0x00, 0x00, 0x00, 0x00, 0x00, 0x00, 0x00, 0x00, 0x00, 0x00, 0x00, 0x00, 0x00, 0x00, 0x00, 0x00, 0x00, 0x00, 0x00, 0x00,
    0x00, 0x00, 0x00, 0x00, 0x00, 0x00, 0x00, 0x00, 0x00, 0x00, 0x00, 0x00, 0x00, 0x00, 0x00, 0x00, 0x00, 0x00, 0x00, 0x00, 0x00, 0x00, 0x00, 0x00,
    0x00, 0x00, 0x00, 0x00, 0x00, 0x00, 0x00, 0x00, 0x00, 0x00, 0x00, 0x00, 0x00, 0x00, 0x00, 0x00, 0x00, 0x00, 0x8d, 0x6b, 0x82, 0x8d, 0x6b, 0x6c,
    0x00, 0x00, 0x00, 0x00, 0x00, 0x00, 0x00, 0x00, 0x00, 0x00, 0x00, 0x00, 0x00, 0x00, 0x00, 0x00, 0x00, 0x00, 0x00, 0x00, 0x00, 0x00, 0x00, 0x00,
    0x00, 0x00, 0x00, 0x00, 0x00, 0x00, 0x00, 0x00, 0x00, 0x8d, 0x6b, 0x4a, 0x8d, 0x6b, 0x6d, 0x00, 0x00, 0x00, 0x00, 0x00, 0x00, 0x00, 0x00, 0x00,
    0x00, 0x00, 0x00, 0x8d, 0x6b, 0x23, 0x8d, 0x6b, 0x09, 0x00, 0x00, 0x00, 0x00, 0x00, 0x00, 0x00, 0x00, 0x00, 0x8d, 0x6b, 0x54, 0x8d, 0x6b, 0x4d,
    0x00, 0x00, 0x00, 0x00, 0x00, 0x00, 0x00, 0x00, 0x00, 0x00, 0x00, 0x00, 0x8d, 0x6b, 0x2f, 0x8d, 0x6b, 0xbf, 0x00, 0x00, 0x00, 0x00, 0x00, 0x00,
    0x00, 0x00, 0x00, 0x00, 0x00, 0x00, 0x00, 0x00, 0x00, 0x00, 0x00, 0x00, 0x00, 0x00, 0x00, 0x00, 0x00, 0x00, 0x00, 0x00, 0x00, 0x00, 0x00, 0x00,
    0x8d, 0x6b, 0x58, 0x8d, 0x6b, 0x6b, 0x00, 0x00, 0x00, 0x00, 0x00, 0x00, 0x00, 0x00, 0x00, 0x00, 0x00, 0x00, 0x00, 0x00, 0x00, 0x00, 0x00, 0x00,
    0x00, 0x00, 0x00, 0x00, 0x00, 0x00, 0x00, 0x00, 0x00, 0x8d, 0x6b, 0x03, 0x8d, 0x6b, 0x4a, 0x8d, 0x6b, 0x34, 0x00, 0x00, 0x00, 0x00, 0x00, 0x00,
    0x00, 0x00, 0x00, 0x00, 0x00, 0x00, 0x00, 0x00, 0x00, 0x00, 0x00, 0x00, 0x00, 0x00, 0x00, 0x00, 0x00, 0x00, 0x00, 0x00, 0x00, 0x00, 0x00, 0x00,
    0x00, 0x00, 0x00, 0x00, 0x00, 0x00, 0x00, 0x00, 0x00, 0x00, 0x00, 0x00, 0x8d, 0x6b, 0x1f, 0x8d, 0x6b, 0xf3, 0x00, 0x00, 0x00, 0x00, 0x00, 0x00,
    0x00, 0x00, 0x00, 0x00, 0x00, 0x00, 0x00, 0x00, 0x00, 0x00, 0x00, 0x00, 0x00, 0x00, 0x00, 0x00, 0x00, 0x00, 0x00, 0x00, 0x00, 0x00, 0x00, 0x00,
    0x00, 0x00, 0x00, 0x00, 0x00, 0x00, 0x00, 0x00, 0x00, 0x00, 0x00, 0x00, 0x00, 0x00, 0x00, 0x00, 0x00, 0x00, 0x8d, 0x6b, 0x8f, 0x8d, 0x6b, 0x8b,
    0x00, 0x00, 0x00, 0x00, 0x00, 0x00, 0x00, 0x00, 0x00, 0x00, 0x00, 0x00, 0x00, 0x00, 0x00, 0x00, 0x00, 0x00, 0x00, 0x00, 0x00, 0x8d, 0x6b, 0x53,
    0x8d, 0x6b, 0xe4, 0x8d, 0x6b, 0x8d, 0x8d, 0x6b, 0x48, 0x8d, 0x6b, 0xfc, 0x8d, 0x6b, 0xf3, 0x8d, 0x6b, 0xf3, 0x8d, 0x6b, 0xf3, 0x8d, 0x6b, 0xfe,
    0x8d, 0x6b, 0xf7, 0x8d, 0x6b, 0xf3, 0x8d, 0x6b, 0xf3, 0x8d, 0x6b, 0x4c, 0x00, 0x00, 0x00, 0x00, 0x00, 0x00, 0x00, 0x00, 0x00, 0x00, 0x00, 0x00,
    0x00, 0x00, 0x00, 0x00, 0x00, 0x00, 0x00, 0x00, 0x00, 0x00, 0x00, 0x00, 0x00, 0x00, 0x00, 0x00, 0x00, 0x00, 0x00, 0x00, 0x00, 0x00, 0x00, 0x00,
    0x00, 0x00, 0x00, 0x00, 0x00, 0x00, 0x00, 0x00, 0x00, 0x00, 0x00, 0x00, 0x8d, 0x6b, 0xa2, 0x8d, 0x6b, 0xcb, 0x8d, 0x6b, 0xcb, 0x8d, 0x6b, 0xcb,
    0x8d, 0x6b, 0xe9, 0x8d, 0x6b, 0xe4, 0x8d, 0x6b, 0xcb, 0x8d, 0x6b, 0xcb, 0x8d, 0x6b, 0xcb, 0x8d, 0x6b, 0xb2, 0x00, 0x00, 0x00, 0x00, 0x00, 0x00,
    0x00, 0x00, 0x00, 0x00, 0x00, 0x00, 0x00, 0x00, 0x00, 0x00, 0x00, 0x00, 0x00, 0x00, 0x00, 0x8d, 0x6b, 0x6b, 0x8d, 0x6b, 0x9f, 0x00, 0x00, 0x00,
    0x00, 0x00, 0x00, 0x00, 0x00, 0x00, 0x8d, 0x6b, 0x1a, 0x8d, 0x6b, 0xe3, 0x8d, 0x6b, 0x48, 0x00, 0x00, 0x00, 0x00, 0x00, 0x00, 0x00, 0x00, 0x00,
    0x8d, 0x6b, 0x83, 0x8d, 0x6b, 0x6f, 0x00, 0x00, 0x00, 0x8d, 0x6b, 0x1b, 0x8d, 0x6b, 0xdb, 0x00, 0x00, 0x00, 0x8d, 0x6b, 0x33, 0x8d, 0x6b, 0xcf,
    0x00, 0x00, 0x00, 0x8d, 0x6b, 0x13, 0x8d, 0x6b, 0xef, 0x00, 0x00, 0x00, 0x00, 0x00, 0x00, 0x00, 0x00, 0x00, 0x00, 0x00, 0x00, 0x00, 0x00, 0x00,
    0x00, 0x00, 0x00, 0x00, 0x00, 0x00, 0x8d, 0x6b, 0x83, 0x8d, 0x6b, 0x9f, 0x00, 0x00, 0x00, 0x00, 0x00, 0x00, 0x00, 0x00, 0x00, 0x00, 0x00, 0x00,
    0x00, 0x00, 0x00, 0x00, 0x00, 0x00, 0x8d, 0x6b, 0x19, 0x8d, 0x6b, 0x6b, 0x8d, 0x6b, 0xa1, 0x8d, 0x6b, 0xe8, 0x8d, 0x6b, 0x67, 0x8d, 0x6b, 0x18,
    0x8d, 0x6b, 0x87, 0x8d, 0x6b, 0xf4, 0x8d, 0x6b, 0xeb, 0x8d, 0x6b, 0xeb, 0x8d, 0x6b, 0xeb, 0x8d, 0x6b, 0xf2, 0x8d, 0x6b, 0xb3, 0x00, 0x00, 0x00,
    0x00, 0x00, 0x00, 0x00, 0x00, 0x00, 0x00, 0x00, 0x00, 0x00, 0x00, 0x00, 0x00, 0x00, 0x00, 0x00, 0x00, 0x00, 0x8d, 0x6b, 0x1f, 0x8d, 0x6b, 0xf3,
    0x00, 0x00, 0x00, 0x00, 0x00, 0x00, 0x00, 0x00, 0x00, 0x00, 0x00, 0x00, 0x00, 0x00, 0x00, 0x00, 0x00, 0x00, 0x00, 0x00, 0x00, 0x00, 0x00, 0x00,
    0x00, 0x00, 0x00, 0x00, 0x00, 0x00, 0x00, 0x00, 0x00, 0x8d, 0x6b, 0x8b, 0x8d, 0x6b, 0xff, 0x8d, 0x6b, 0xff, 0x8d, 0x6b, 0xff, 0x8d, 0x6b, 0xff,
    0x8d, 0x6b, 0xff, 0x8d, 0x6b, 0xff, 0x8d, 0x6b, 0xff, 0x8d, 0x6b, 0xff, 0x8d, 0x6b, 0xff, 0x8d, 0x6b, 0xff, 0x8d, 0x6b, 0xa3, 0x00, 0x00, 0x00,
    0x00, 0x00, 0x00, 0x00, 0x00, 0x00, 0x8d, 0x6b, 0x0f, 0x8d, 0x6b, 0x71, 0x8d, 0x6b, 0x46, 0x8d, 0x6b, 0xbf, 0x00, 0x00, 0x00, 0x00, 0x00, 0x00,
    0x8d, 0x6b, 0x0a, 0x8d, 0x6b, 0xf8, 0x8d, 0x6b, 0x1a, 0x00, 0x00, 0x00, 0x00, 0x00, 0x00, 0x00, 0x00, 0x00, 0x00, 0x00, 0x00, 0x00, 0x00, 0x00,
    0x00, 0x00, 0x00, 0x00, 0x00, 0x00, 0x00, 0x00, 0x00, 0x00, 0x00, 0x00, 0x8d, 0x6b, 0xbd, 0x8d, 0x6b, 0xbd, 0x00, 0x00, 0x00, 0x00, 0x00, 0x00,
    0x00, 0x00, 0x00, 0x00, 0x00, 0x00, 0x00, 0x00, 0x00, 0x00, 0x00, 0x00, 0x00, 0x00, 0x00, 0x00, 0x00, 0x00, 0x8d, 0x6b, 0xcb, 0x8d, 0x6b, 0x2f,
    0x00, 0x00, 0x00, 0x00, 0x00, 0x00, 0x8d, 0x6b, 0x8f, 0x8d, 0x6b, 0x77, 0x00, 0x00, 0x00, 0x00, 0x00, 0x00, 0x8d, 0x6b, 0x27, 0x8d, 0x6b, 0xdf,
    0x00, 0x00, 0x00, 0x00, 0x00, 0x00, 0x00, 0x00, 0x00, 0x8d, 0x6b, 0x03, 0x8d, 0x6b, 0xef, 0x8d, 0x6b, 0xef, 0x8d, 0x6b, 0xef, 0x8d, 0x6b, 0xf6,
    0x8d, 0x6b, 0xf9, 0x8d, 0x6b, 0xef, 0x8d, 0x6b, 0xef, 0x8d, 0x6b, 0xf4, 0x8d, 0x6b, 0xdc, 0x8d, 0x6b, 0x69, 0x00, 0x00, 0x00, 0x00, 0x00, 0x00,
    0x00, 0x00, 0x00, 0x00, 0x00, 0x00, 0x8d, 0x6b, 0x83, 0x8d, 0x6b, 0x6f, 0x00, 0x00, 0x00, 0x8d, 0x6b, 0x1b, 0x8d, 0x6b, 0xdb, 0x00, 0x00, 0x00,
    0x8d, 0x6b, 0x33, 0x8d, 0x6b, 0xcf, 0x00, 0x00, 0x00, 0x8d, 0x6b, 0x13, 0x8d, 0x6b, 0xef, 0x00, 0x00, 0x00, 0x00, 0x00, 0x00, 0x00, 0x00, 0x00,
    0x00, 0x00, 0x00, 0x00, 0x00, 0x00, 0x00, 0x00, 0x00, 0x00, 0x00, 0x00, 0x8d, 0x6b, 0x83, 0x8d, 0x6b, 0x9f, 0x00, 0x00, 0x00, 0x00, 0x00, 0x00,
    0x00, 0x00, 0x00, 0x00, 0x00, 0x00, 0x00, 0x00, 0x00, 0x00, 0x00, 0x00, 0x8d, 0x6b, 0x17, 0x8d, 0x6b, 0x62, 0x8d, 0x6b, 0x44, 0x8d, 0x6b, 0xff,
    0x00, 0x00, 0x00, 0x00, 0x00, 0x00, 0x8d, 0x6b, 0x87, 0x8d, 0x6b, 0x6f, 0x00, 0x00, 0x00, 0x00, 0x00, 0x00, 0x00, 0x00, 0x00, 0x8d, 0x6b, 0x53,
    0x8d, 0x6b, 0xb3, 0x00, 0x00, 0x00, 0x00, 0x00, 0x00, 0x8d, 0x6b, 0x4f, 0x8d, 0x6b, 0xfe, 0x8d, 0x6b, 0xfb, 0x8d, 0x6b, 0xfb, 0x8d, 0x6b, 0xfb,
    0x8d, 0x6b, 0xfb, 0x8d, 0x6b, 0xfb, 0x8d, 0x6b, 0xfb, 0x8d, 0x6b, 0xfb, 0x8d, 0x6b, 0xfb, 0x8d, 0x6b, 0xfb, 0x8d, 0x6b, 0xfb, 0x8d, 0x6b, 0x4e,
    0x00, 0x00, 0x00, 0x00, 0x00, 0x00, 0x00, 0x00, 0x00, 0x00, 0x00, 0x00, 0x00, 0x00, 0x00, 0x00, 0x00, 0x00, 0x8d, 0x6b, 0x1e, 0x8d, 0x6b, 0x5b,
    0x00, 0x00, 0x00, 0x00, 0x00, 0x00, 0x8d, 0x6b, 0x8f, 0x8d, 0x6b, 0x8b, 0x00, 0x00, 0x00, 0x00, 0x00, 0x00, 0x8d, 0x6b, 0x5a, 0x8d, 0x6b, 0x43,
    0x00, 0x00, 0x00, 0x00, 0x00, 0x00, 0x00, 0x00, 0x00, 0x8d, 0x6b, 0x01, 0x00, 0x00, 0x00, 0x00, 0x00, 0x00, 0x8d, 0x6b, 0x43, 0x8d, 0x6b, 0xbf,
    0x8d, 0x6b, 0x59, 0x8d, 0x6b, 0xcb, 0x8d, 0x6b, 0xd4, 0x8d, 0x6b, 0xf9, 0x8d, 0x6b, 0xcb, 0x8d, 0x6b, 0xcb, 0x8d, 0x6b, 0x9f, 0x00, 0x00, 0x00,
    0x00, 0x00, 0x00, 0x00, 0x00, 0x00, 0x00, 0x00, 0x00, 0x00, 0x00, 0x00, 0x00, 0x00, 0x00, 0x8d, 0x6b, 0x02, 0x8d, 0x6b, 0xd6, 0x8d, 0x6b, 0xd6,
    0x8d, 0x6b, 0x01, 0x00, 0x00, 0x00, 0x00, 0x00, 0x00, 0x00, 0x00, 0x00, 0x00, 0x00, 0x00, 0x00, 0x00, 0x00, 0x00, 0x00, 0x00, 0x00, 0x00, 0x00,
    0x8d, 0x6b, 0xcb, 0x8d, 0x6b, 0xd5, 0x8d, 0x6b, 0xcb, 0x8d, 0x6b, 0xcb, 0x8d, 0x6b, 0xe9, 0x8d, 0x6b, 0xe4, 0x8d, 0x6b, 0xcb, 0x8d, 0x6b, 0xcb,
    0x8d, 0x6b, 0xd4, 0x8d, 0x6b, 0xdf, 0x00, 0x00, 0x00, 0x00, 0x00, 0x00, 0x00, 0x00, 0x00, 0x00, 0x00, 0x00, 0x00, 0x00, 0x00, 0x00, 0x00, 0x00,
    0x00, 0x00, 0x00, 0x8d, 0x6b, 0x6b, 0x8d, 0x6b, 0x9f, 0x00, 0x00, 0x00, 0x8d, 0x6b, 0x0f, 0x8d, 0x6b, 0xc6, 0x8d, 0x6b, 0x84, 0x00, 0x00, 0x00,
    0x00, 0x00, 0x00, 0x00, 0x00, 0x00, 0x8d, 0x6b, 0x43, 0x8d, 0x6b, 0xef, 0x8d, 0x6b, 0xf8, 0x8d, 0x6b, 0xf6, 0x8d, 0x6b, 0xef, 0x8d, 0x6b, 0x3d,
    0x8d, 0x6b, 0xfd, 0x8d, 0x6b, 0xeb, 0x8d, 0x6b, 0xf0, 0x8d, 0x6b, 0xfc, 0x8d, 0x6b, 0xeb, 0x8d, 0x6b, 0xed, 0x8d, 0x6b, 0xef, 0x00, 0x00, 0x00,
    0x00, 0x00, 0x00, 0x00, 0x00, 0x00, 0x8d, 0x6b, 0x03, 0x8d, 0x6b, 0x02, 0x00, 0x00, 0x00, 0x00, 0x00, 0x00, 0x8d, 0x6b, 0x83, 0x8d, 0x6b, 0x9f,
    0x00, 0x00, 0x00, 0x00, 0x00, 0x00, 0x8d, 0x6b, 0x0f, 0x00, 0x00, 0x00, 0x00, 0x00, 0x00, 0x00, 0x00, 0x00, 0x00, 0x00, 0x00, 0x00, 0x00, 0x00,
    0x8d, 0x6b, 0x07, 0x8d, 0x6b, 0xff, 0x00, 0x00, 0x00, 0x00, 0x00, 0x00, 0x8d, 0x6b, 0x87, 0x8d, 0x6b, 0x6f, 0x00, 0x00, 0x00, 0x00, 0x00, 0x00,
    0x00, 0x00, 0x00, 0x8d, 0x6b, 0x53, 0x8d, 0x6b, 0xb3, 0x00, 0x00, 0x00, 0x00, 0x00, 0x00, 0x8d, 0x6b, 0x4f, 0x8d, 0x6b, 0xb3, 0x00, 0x00, 0x00,
    0x00, 0x00, 0x00, 0x00, 0x00, 0x00, 0x00, 0x00, 0x00, 0x00, 0x00, 0x00, 0x00, 0x00, 0x00, 0x00, 0x00, 0x00, 0x00, 0x00, 0x00, 0x8d, 0x6b, 0x01,
    0x00, 0x00, 0x00, 0x00, 0x00, 0x00, 0x00, 0x00, 0x00, 0x00, 0x00, 0x00, 0x00, 0x00, 0x00, 0x00, 0x00, 0x00, 0x00, 0x00, 0x00, 0x00, 0x00, 0x00,
    0x8d, 0x6b, 0x18, 0x8d, 0x6b, 0xf0, 0x8d, 0x6b, 0x1f, 0x00, 0x00, 0x00, 0x8d, 0x6b, 0x8f, 0x8d, 0x6b, 0x8b, 0x00, 0x00, 0x00, 0x8d, 0x6b, 0x02,
    0x8d, 0x6b, 0xe1, 0x8d, 0x6b, 0x47, 0x00, 0x00, 0x00, 0x00, 0x00, 0x00, 0x8d, 0x6b, 0x3a, 0x8d, 0x6b, 0xd0, 0x8d, 0x6b, 0x36, 0x00, 0x00, 0x00,
    0x8d, 0x6b, 0x45, 0x8d, 0x6b, 0xbf, 0x8d, 0x6b, 0x6f, 0x8d, 0x6b, 0x83, 0x00, 0x00, 0x00, 0x00, 0x00, 0x00, 0x00, 0x00, 0x00, 0x8d, 0x6b, 0x33,
    0x8d, 0x6b, 0xc7, 0x00, 0x00, 0x00, 0x00, 0x00, 0x00, 0x00, 0x00, 0x00, 0x00, 0x00, 0x00, 0x00, 0x00, 0x00, 0x00, 0x00, 0x00, 0x00, 0x00, 0x00,
    0x8d, 0x6b, 0x04, 0x8d, 0x6b, 0x03, 0x00, 0x00, 0x00, 0x00, 0x00, 0x00, 0x00, 0x00, 0x00, 0x00, 0x00, 0x00, 0x00, 0x00, 0x00, 0x00, 0x00, 0x00,
    0x00, 0x00, 0x00, 0x00, 0x00, 0x00, 0x00, 0x00, 0x00, 0x00, 0x00, 0x00, 0x00, 0x00, 0x00, 0x00, 0x00, 0x00, 0x8d, 0x6b, 0x8f, 0x8d, 0x6b, 0x77,
    0x00, 0x00, 0x00, 0x00, 0x00, 0x00, 0x00, 0x00, 0x00, 0x00, 0x00, 0x00, 0x00, 0x00, 0x00, 0x00, 0x00, 0x00, 0x00, 0x00, 0x00, 0x00, 0x00, 0x00,
    0x00, 0x00, 0x00, 0x00, 0x00, 0x00, 0x00, 0x00, 0x00, 0x8d, 0x6b, 0x6b, 0x8d, 0x6b, 0x9f, 0x8d, 0x6b, 0x12, 0x8d, 0x6b, 0xcc, 0x8d, 0x6b, 0xa1,
    0x00, 0x00, 0x00, 0x00, 0x00, 0x00, 0x00, 0x00, 0x00, 0x00, 0x00, 0x00, 0x00, 0x00, 0x00, 0x8d, 0x6b, 0x45, 0x00, 0x00, 0x00, 0x8d, 0x6b, 0x21,
    0x8d, 0x6b, 0x58, 0x00, 0x00, 0x00, 0x00, 0x00, 0x00, 0x00, 0x00, 0x00, 0x00, 0x00, 0x00, 0x00, 0x00, 0x00, 0x00, 0x00, 0x00, 0x00, 0x00, 0x00,
    0x00, 0x00, 0x00, 0x00, 0x00, 0x00, 0x00, 0x00, 0x00, 0x00, 0x00, 0x00, 0x8d, 0x6b, 0x54, 0x8d, 0x6b, 0xda, 0x00, 0x00, 0x00, 0x00, 0x00, 0x00,
    0x8d, 0x6b, 0x83, 0x8d, 0x6b, 0x9f, 0x00, 0x00, 0x00, 0x8d, 0x6b, 0x05, 0x8d, 0x6b, 0xe8, 0x8d, 0x6b, 0x38, 0x00, 0x00, 0x00, 0x00, 0x00, 0x00,
    0x8d, 0x6b, 0x51, 0x8d, 0x6b, 0xf7, 0x8d, 0x6b, 0xf8, 0x8d, 0x6b, 0xff, 0x8d, 0x6b, 0xf7, 0x8d, 0x6b, 0xb9, 0x8d, 0x6b, 0x87, 0x8d, 0x6b, 0xf2,
    0x8d, 0x6b, 0xe7, 0x8d, 0x6b, 0xe7, 0x8d, 0x6b, 0xe7, 0x8d, 0x6b, 0xef, 0x8d, 0x6b, 0xb3, 0x00, 0x00, 0x00, 0x00, 0x00, 0x00, 0x8d, 0x6b, 0x4f,
    0x8d, 0x6b, 0xb3, 0x00, 0x00, 0x00, 0x8d, 0x6b, 0xd8, 0x8d, 0x6b, 0xdf, 0x8d, 0x6b, 0xdf, 0x8d, 0x6b, 0xdf, 0x8d, 0x6b, 0xdf, 0x8d, 0x6b, 0xe0,
    0x8d, 0x6b, 0xfd, 0x8d, 0x6b, 0xb9, 0x00, 0x00, 0x00, 0x00, 0x00, 0x00, 0x00, 0x00, 0x00, 0x00, 0x00, 0x00, 0x00, 0x00, 0x00, 0x00, 0x00, 0x00,
    0x00, 0x00, 0x00, 0x00, 0x00, 0x00, 0x00, 0x00, 0x00, 0x8d, 0x6b, 0x9a, 0x8d, 0x6b, 0x88, 0x00, 0x00, 0x00, 0x8d, 0x6b, 0x8f, 0x8d, 0x6b, 0x8b,
    0x00, 0x00, 0x00, 0x8d, 0x6b, 0x57, 0x8d, 0x6b, 0xc9, 0x00, 0x00, 0x00, 0x00, 0x00, 0x00, 0x00, 0x00, 0x00, 0x8d, 0x6b, 0x05, 0x8d, 0x6b, 0x83,
    0x8d, 0x6b, 0xf6, 0x8d, 0x6b, 0x3e, 0x8d, 0x6b, 0x52, 0x8d, 0x6b, 0xb8, 0x8d, 0x6b, 0x6f, 0x8d, 0x6b, 0x83, 0x00, 0x00, 0x00, 0x00, 0x00, 0x00,
    0x00, 0x00, 0x00, 0x8d, 0x6b, 0x33, 0x8d, 0x6b, 0xc7, 0x00, 0x00, 0x00, 0x00, 0x00, 0x00, 0x00, 0x00, 0x00, 0x00, 0x00, 0x00, 0x00, 0x00, 0x00,
    0x00, 0x00, 0x00, 0x00, 0x00, 0x00, 0x00, 0x00, 0x00, 0x00, 0x00, 0x00, 0x00, 0x00, 0x00, 0x00, 0x00, 0x00, 0x00, 0x00, 0x00, 0x00, 0x00, 0x00,
    0x00, 0x00, 0x00, 0x00, 0x00, 0x00, 0x00, 0x00, 0x00, 0x8d, 0x6b, 0x39, 0x8d, 0x6b, 0xcb, 0x8d, 0x6b, 0xcb, 0x8d, 0x6b, 0xcb, 0x8d, 0x6b, 0xcb,
    0x8d, 0x6b, 0xe9, 0x8d, 0x6b, 0xe4, 0x8d, 0x6b, 0xcb, 0x8d, 0x6b, 0xcb, 0x8d, 0x6b, 0xcb, 0x8d, 0x6b, 0xcb, 0x8d, 0x6b, 0x42, 0x00, 0x00, 0x00,
    0x8d, 0x6b, 0x3c, 0x8d, 0x6b, 0xf3, 0x8d, 0x6b, 0xf3, 0x8d, 0x6b, 0xf3, 0x8d, 0x6b, 0xf3, 0x8d, 0x6b, 0xf3, 0x8d, 0x6b, 0xfd, 0x8d, 0x6b, 0xff,
    0x8d, 0x6b, 0xf3, 0x8d, 0x6b, 0xf3, 0x8d, 0x6b, 0xf3, 0x8d, 0x6b, 0xf3, 0x8d, 0x6b, 0xf3, 0x8d, 0x6b, 0x3c, 0x00, 0x00, 0x00, 0x8d, 0x6b, 0xda,
    0x8d, 0x6b, 0x01, 0x8d, 0x6b, 0x4a, 0x8d, 0x6b, 0xb2, 0x00, 0x00, 0x00, 0x00, 0x00, 0x00, 0x00, 0x00, 0x00, 0x00, 0x00, 0x00, 0x00, 0x00, 0x00,
    0x00, 0x00, 0x00, 0x00, 0x00, 0x00, 0x00, 0x00, 0x00, 0x00, 0x00, 0x00, 0x00, 0x00, 0x00, 0x00, 0x00, 0x00, 0x8d, 0x6b, 0x97, 0x8d, 0x6b, 0x9c,
    0x00, 0x00, 0x00, 0x00, 0x00, 0x00, 0x8d, 0x6b, 0x83, 0x8d, 0x6b, 0x9f, 0x00, 0x00, 0x00, 0x00, 0x00, 0x00, 0x8d, 0x6b, 0x86, 0x8d, 0x6b, 0xb5,
    0x00, 0x00, 0x00, 0x00, 0x00, 0x00, 0x00, 0x00, 0x00, 0x00, 0x00, 0x00, 0x8d, 0x6b, 0x57, 0x8d, 0x6b, 0xff, 0x00, 0x00, 0x00, 0x00, 0x00, 0x00,
    0x00, 0x00, 0x00, 0x00, 0x00, 0x00, 0x00, 0x00, 0x00, 0x00, 0x00, 0x00, 0x00, 0x00, 0x00, 0x00, 0x00, 0x00, 0x00, 0x00, 0x00, 0x00, 0x00, 0x00,
    0x00, 0x00, 0x00, 0x8d, 0x6b, 0x4f, 0x8d, 0x6b, 0xb3, 0x00, 0x00, 0x00, 0x00, 0x00, 0x00, 0x8d, 0x6b, 0x25, 0x8d, 0x6b, 0x1b, 0x00, 0x00, 0x00,
    0x8d, 0x6b, 0x05, 0x8d, 0x6b, 0x99, 0x8d, 0x6b, 0xdf, 0x8d, 0x6b, 0x1f, 0x00, 0x00, 0x00, 0x00, 0x00, 0x00, 0x00, 0x00, 0x00, 0x00, 0x00, 0x00,
    0x00, 0x00, 0x00, 0x00, 0x00, 0x00, 0x00, 0x00, 0x00, 0x00, 0x00, 0x00, 0x00, 0x00, 0x00, 0x8d, 0x6b, 0x39, 0x8d, 0x6b, 0x73, 0x00, 0x00, 0x00,
    0x8d, 0x6b, 0x8f, 0x8d, 0x6b, 0x8b, 0x00, 0x00, 0x00, 0x8d, 0x6b, 0x7b, 0x8d, 0x6b, 0x3e, 0x00, 0x00, 0x00, 0x00, 0x00, 0x00, 0x00, 0x00, 0x00,
    0x00, 0x00, 0x00, 0x00, 0x00, 0x00, 0x8d, 0x6b, 0x54, 0x8d, 0x6b, 0x11, 0x8d, 0x6b, 0x63, 0x8d, 0x6b, 0xb1, 0x8d, 0x6b, 0x6f, 0x8d, 0x6b, 0xe4,
    0x8d, 0x6b, 0xc7, 0x8d, 0x6b, 0xc7, 0x8d, 0x6b, 0xc7, 0x8d, 0x6b, 0xd3, 0x8d, 0x6b, 0xc7, 0x00, 0x00, 0x00, 0x00, 0x00, 0x00, 0x00, 0x00, 0x00,
    0x00, 0x00, 0x00, 0x00, 0x00, 0x00, 0x00, 0x00, 0x00, 0x00, 0x00, 0x00, 0x00, 0x00, 0x00, 0x00, 0x00, 0x00, 0x00, 0x00, 0x00, 0x00, 0x00, 0x00,
    0x00, 0x00, 0x00, 0x00, 0x00, 0x00, 0x00, 0x00, 0x00, 0x00, 0x00, 0x00, 0x00, 0x00, 0x00, 0x8d, 0x6b, 0x47, 0x8d, 0x6b, 0xb3, 0x00, 0x00, 0x00,
    0x00, 0x00, 0x00, 0x00, 0x00, 0x00, 0x8d, 0x6b, 0x8f, 0x8d, 0x6b, 0x77, 0x00, 0x00, 0x00, 0x00, 0x00, 0x00, 0x00, 0x00, 0x00, 0x8d, 0x6b, 0xaf,
    0x8d, 0x6b, 0x53, 0x00, 0x00, 0x00, 0x00, 0x00, 0x00, 0x00, 0x00, 0x00, 0x00, 0x00, 0x00, 0x00, 0x00, 0x00, 0x8d, 0x6b, 0x3f, 0x8d, 0x6b, 0xb5,
    0x8d, 0x6b, 0xb3, 0x8d, 0x6b, 0x32, 0x00, 0x00, 0x00, 0x00, 0x00, 0x00, 0x00, 0x00, 0x00, 0x00, 0x00, 0x00, 0x00, 0x00, 0x00, 0x00, 0x00, 0x00,
    0x00, 0x00, 0x00, 0x8d, 0x6b, 0xc0, 0x8d, 0x6b, 0x1b, 0x8d, 0x6b, 0x63, 0x8d, 0x6b, 0x8c, 0x8d, 0x6b, 0xb3, 0x8d, 0x6b, 0xf3, 0x8d, 0x6b, 0xf3,
    0x8d, 0x6b, 0xf7, 0x8d, 0x6b, 0xfe, 0x8d, 0x6b, 0xf3, 0x8d, 0x6b, 0xf3, 0x8d, 0x6b, 0xf3, 0x8d, 0x6b, 0x66, 0x00, 0x00, 0x00, 0x00, 0x00, 0x00,
    0x8d, 0x6b, 0xda, 0x8d, 0x6b, 0x55, 0x00, 0x00, 0x00, 0x00, 0x00, 0x00, 0x8d, 0x6b, 0x83, 0x8d, 0x6b, 0x9f, 0x00, 0x00, 0x00, 0x00, 0x00, 0x00,
    0x8d, 0x6b, 0x17, 0x8d, 0x6b, 0xf7, 0x8d, 0x6b, 0x35, 0x00, 0x00, 0x00, 0x00, 0x00, 0x00, 0x00, 0x00, 0x00, 0x8d, 0x6b, 0xae, 0x8d, 0x6b, 0xff,
    0x8d, 0x6b, 0x2b, 0x00, 0x00, 0x00, 0x00, 0x00, 0x00, 0x00, 0x00, 0x00, 0x00, 0x00, 0x00, 0x00, 0x00, 0x00, 0x00, 0x00, 0x00, 0x00, 0x00, 0x00,
    0x00, 0x00, 0x00, 0x00, 0x00, 0x00, 0x00, 0x00, 0x00, 0x8d, 0x6b, 0x55, 0x8d, 0x6b, 0xad, 0x00, 0x00, 0x00, 0x00, 0x00, 0x00, 0x8d, 0x6b, 0x62,
    0x8d, 0x6b, 0xe9, 0x8d, 0x6b, 0x93, 0x8d, 0x6b, 0xc1, 0x8d, 0x6b, 0xb4, 0x8d, 0x6b, 0x14, 0x00, 0x00, 0x00, 0x00, 0x00, 0x00, 0x00, 0x00, 0x00,
    0x00, 0x00, 0x00, 0x00, 0x00, 0x00, 0x00, 0x00, 0x00, 0x00, 0x00, 0x00, 0x8d, 0x6b, 0x33, 0x8d, 0x6b, 0xff, 0x8d, 0x6b, 0xff, 0x8d, 0x6b, 0xff,
    0x8d, 0x6b, 0xff, 0x8d, 0x6b, 0xff, 0x8d, 0x6b, 0xff, 0x8d, 0x6b, 0xff, 0x8d, 0x6b, 0xff, 0x8d, 0x6b, 0xff, 0x8d, 0x6b, 0xff, 0x8d, 0x6b, 0xff,
    0x8d, 0x6b, 0xff, 0x8d, 0x6b, 0x3b, 0x00, 0x00, 0x00, 0x00, 0x00, 0x00, 0x00, 0x00, 0x00, 0x00, 0x00, 0x00, 0x8d, 0x6b, 0x73, 0x8d, 0x6b, 0x9d,
    0x8d, 0x6b, 0x6f, 0x8d, 0x6b, 0x83, 0x00, 0x00, 0x00, 0x00, 0x00, 0x00, 0x00, 0x00, 0x00, 0x8d, 0x6b, 0x33, 0x8d, 0x6b, 0xc7, 0x00, 0x00, 0x00,
    0x00, 0x00, 0x00, 0x00, 0x00, 0x00, 0x00, 0x00, 0x00, 0x00, 0x00, 0x00, 0x00, 0x00, 0x00, 0x00, 0x00, 0x00, 0x00, 0x00, 0x00, 0x00, 0x00, 0x00,
    0x00, 0x00, 0x00, 0x00, 0x00, 0x00, 0x00, 0x00, 0x00, 0x00, 0x00, 0x00, 0x00, 0x00, 0x00, 0x00, 0x00, 0x00, 0x00, 0x00, 0x00, 0x8d, 0x6b, 0x47,
    0x8d, 0x6b, 0xb3, 0x00, 0x00, 0x00, 0x00, 0x00, 0x00, 0x00, 0x00, 0x00, 0x8d, 0x6b, 0x8f, 0x8d, 0x6b, 0x77, 0x00, 0x00, 0x00, 0x00, 0x00, 0x00,
    0x00, 0x00, 0x00, 0x8d, 0x6b, 0xaf, 0x8d, 0x6b, 0x53, 0x00, 0x00, 0x00, 0x00, 0x00, 0x00, 0x8d, 0x6b, 0x03, 0x8d, 0x6b, 0x55, 0x8d, 0x6b, 0xca,
    0x8d, 0x6b, 0xff, 0x8d, 0x6b, 0xfa, 0x8d, 0x6b, 0xe3, 0x8d, 0x6b, 0xe3, 0x8d, 0x6b, 0xe3, 0x8d, 0x6b, 0xe3, 0x8d, 0x6b, 0xe3, 0x8d, 0x6b, 0x75,
    0x00, 0x00, 0x00, 0x00, 0x00, 0x00, 0x00, 0x00, 0x00, 0x8d, 0x6b, 0x9f, 0x8d, 0x6b, 0x3d, 0x8d, 0x6b, 0x7e, 0x8d, 0x6b, 0x66, 0x00, 0x00, 0x00,
    0x00, 0x00, 0x00, 0x00, 0x00, 0x00, 0x8d, 0x6b, 0x6f, 0x8d, 0x6b, 0xa9, 0x00, 0x00, 0x00, 0x00, 0x00, 0x00, 0x00, 0x00, 0x00, 0x00, 0x00, 0x00,
    0x00, 0x00, 0x00, 0x8d, 0x6b, 0x2b, 0x8d, 0x6b, 0xfa, 0x8d, 0x6b, 0x11, 0x00, 0x00, 0x00, 0x00, 0x00, 0x00, 0x8d, 0x6b, 0x83, 0x8d, 0x6b, 0x9f,
    0x00, 0x00, 0x00, 0x00, 0x00, 0x00, 0x00, 0x00, 0x00, 0x8d, 0x6b, 0x98, 0x8d, 0x6b, 0xab, 0x00, 0x00, 0x00, 0x00, 0x00, 0x00, 0x8d, 0x6b, 0x0d,
    0x8d, 0x6b, 0xe6, 0x8d, 0x6b, 0xff, 0x8d, 0x6b, 0xd0, 0x8d, 0x6b, 0x1f, 0x8d, 0x6b, 0xef, 0x8d, 0x6b, 0xef, 0x8d, 0x6b, 0xef, 0x8d, 0x6b, 0xff,
    0x8d, 0x6b, 0xf0, 0x8d, 0x6b, 0xef, 0x8d, 0x6b, 0xef, 0x8d, 0x6b, 0x29, 0x00, 0x00, 0x00, 0x8d, 0x6b, 0x62, 0x8d, 0x6b, 0x9d, 0x00, 0x00, 0x00,
    0x00, 0x00, 0x00, 0x00, 0x00, 0x00, 0x8d, 0x6b, 0x14, 0x8d, 0x6b, 0x92, 0x8d, 0x6b, 0xf8, 0x8d, 0x6b, 0x73, 0x8d, 0x6b, 0x01, 0x00, 0x00, 0x00,
    0x8d, 0x6b, 0x02, 0x00, 0x00, 0x00, 0x00, 0x00, 0x00, 0x00, 0x00, 0x00, 0x00, 0x00, 0x00, 0x00, 0x00, 0x00, 0x00, 0x00, 0x00, 0x00, 0x00, 0x00,
    0x00, 0x00, 0x00, 0x00, 0x00, 0x00, 0x8d, 0x6b, 0x06, 0x8d, 0x6b, 0xba, 0x8d, 0x6b, 0xef, 0x8d, 0x6b, 0xeb, 0x8d, 0x6b, 0xb6, 0x8d, 0x6b, 0x05,
    0x00, 0x00, 0x00, 0x00, 0x00, 0x00, 0x00, 0x00, 0x00, 0x00, 0x00, 0x00, 0x00, 0x00, 0x00, 0x00, 0x00, 0x00, 0x8d, 0x6b, 0x1d, 0x8d, 0x6b, 0x41,
    0x8d, 0x6b, 0x84, 0x8d, 0x6b, 0x82, 0x8d, 0x6b, 0x5a, 0x8d, 0x6b, 0xcf, 0x8d, 0x6b, 0xcf, 0x8d, 0x6b, 0xfc, 0x8d, 0x6b, 0xd4, 0x8d, 0x6b, 0xcf,
    0x8d, 0x6b, 0xa2, 0x00, 0x00, 0x00, 0x00, 0x00, 0x00, 0x00, 0x00, 0x00, 0x00, 0x00, 0x00, 0x00, 0x00, 0x00, 0x00, 0x00, 0x00, 0x00, 0x00, 0x00,
    0x00, 0x00, 0x00, 0x00, 0x00, 0x00, 0x00, 0x00, 0x00, 0x00, 0x00, 0x00, 0x00, 0x00, 0x00, 0x00, 0x00, 0x00, 0x00, 0x00, 0x00, 0x00, 0x00, 0x00,
    0x00, 0x00, 0x00, 0x8d, 0x6b, 0x47, 0x8d, 0x6b, 0xf1, 0x8d, 0x6b, 0xcf, 0x8d, 0x6b, 0xcf, 0x8d, 0x6b, 0xcf, 0x8d, 0x6b, 0xea, 0x8d, 0x6b, 0xe6,
    0x8d, 0x6b, 0xcf, 0x8d, 0x6b, 0xcf, 0x8d, 0x6b, 0xcf, 0x8d, 0x6b, 0xf0, 0x8d, 0x6b, 0x53, 0x00, 0x00, 0x00, 0x8d, 0x6b, 0x40, 0x8d, 0x6b, 0xdd,
    0x8d, 0x6b, 0xed, 0x8d, 0x6b, 0xa4, 0x8d, 0x6b, 0xbb, 0x00, 0x00, 0x00, 0x00, 0x00, 0x00, 0x00, 0x00, 0x00, 0x00, 0x00, 0x00, 0x00, 0x00, 0x00,
    0x8d, 0x6b, 0x8f, 0x8d, 0x6b, 0x83, 0x00, 0x00, 0x00, 0x00, 0x00, 0x00, 0x00, 0x00, 0x00, 0x8d, 0x6b, 0x8a, 0x8d, 0x6b, 0x51, 0x8d, 0x6b, 0xa9,
    0x8d, 0x6b, 0x36, 0x8d, 0x6b, 0x47, 0x8d, 0x6b, 0xf9, 0x8d, 0x6b, 0xee, 0x8d, 0x6b, 0xfa, 0x8d, 0x6b, 0xeb, 0x8d, 0x6b, 0xfc, 0x8d, 0x6b, 0xeb,
    0x8d, 0x6b, 0xfc, 0x8d, 0x6b, 0x1f, 0x00, 0x00, 0x00, 0x8d, 0x6b, 0x97, 0x8d, 0x6b, 0xa7, 0x00, 0x00, 0x00, 0x00, 0x00, 0x00, 0x00, 0x00, 0x00,
    0x8d, 0x6b, 0x83, 0x8d, 0x6b, 0x9f, 0x00, 0x00, 0x00, 0x00, 0x00, 0x00, 0x00, 0x00, 0x00, 0x8d, 0x6b, 0x36, 0x8d, 0x6b, 0xf9, 0x8d, 0x6b, 0x12,
    0x00, 0x00, 0x00, 0x8d, 0x6b, 0x68, 0x8d, 0x6b, 0x8d, 0x8d, 0x6b, 0xff, 0x8d, 0x6b, 0x6b, 0x8d, 0x6b, 0xb1, 0x00, 0x00, 0x00, 0x00, 0x00, 0x00,
    0x00, 0x00, 0x00, 0x8d, 0x6b, 0xfb, 0x8d, 0x6b, 0x0b, 0x00, 0x00, 0x00, 0x00, 0x00, 0x00, 0x00, 0x00, 0x00, 0x00, 0x00, 0x00, 0x8d, 0x6b, 0x70,
    0x8d, 0x6b, 0x8e, 0x8d, 0x6b, 0xb8, 0x8d, 0x6b, 0xeb, 0x8d, 0x6b, 0xeb, 0x8d, 0x6b, 0xeb, 0x8d, 0x6b, 0xf4, 0x8d, 0x6b, 0xf8, 0x8d, 0x6b, 0xeb,
    0x8d, 0x6b, 0xeb, 0x8d, 0x6b, 0xf3, 0x8d, 0x6b, 0xf0, 0x8d, 0x6b, 0x14, 0x00, 0x00, 0x00, 0x00, 0x00, 0x00, 0x00, 0x00, 0x00, 0x00, 0x00, 0x00,
    0x00, 0x00, 0x00, 0x00, 0x00, 0x00, 0x00, 0x00, 0x00, 0x8d, 0x6b, 0x03, 0x8d, 0x6b, 0xae, 0x8d, 0x6b, 0xa5, 0x8d, 0x6b, 0x91, 0x8d, 0x6b, 0x8c,
    0x8d, 0x6b, 0xa3, 0x8d, 0x6b, 0xab, 0x8d, 0x6b, 0x03, 0x00, 0x00, 0x00, 0x00, 0x00, 0x00, 0x00, 0x00, 0x00, 0x00, 0x00, 0x00, 0x00, 0x00, 0x00,
    0x8d, 0x6b, 0x86, 0x8d, 0x6b, 0x8f, 0x8d, 0x6b, 0xad, 0x8d, 0x6b, 0x5e, 0x8d, 0x6b, 0x03, 0x8d, 0x6b, 0x3b, 0x00, 0x00, 0x00, 0x8d, 0x6b, 0xeb,
    0x8d, 0x6b, 0x17, 0x8d, 0x6b, 0x49, 0x8d, 0x6b, 0x0a, 0x00, 0x00, 0x00, 0x00, 0x00, 0x00, 0x00, 0x00, 0x00, 0x00, 0x00, 0x00, 0x00, 0x00, 0x00,
    0x00, 0x00, 0x00, 0x00, 0x00, 0x00, 0x8d, 0x6b, 0x03, 0x8d, 0x6b, 0x03, 0x00, 0x00, 0x00, 0x00, 0x00, 0x00, 0x00, 0x00, 0x00, 0x00, 0x00, 0x00,
    0x00, 0x00, 0x00, 0x00, 0x00, 0x00, 0x00, 0x00, 0x00, 0x8d, 0x6b, 0x15, 0x8d, 0x6b, 0x35, 0x00, 0x00, 0x00, 0x00, 0x00, 0x00, 0x8d, 0x6b, 0x69,
    0x8d, 0x6b, 0xd4, 0x8d, 0x6b, 0x66, 0x00, 0x00, 0x00, 0x00, 0x00, 0x00, 0x00, 0x00, 0x00, 0x8d, 0x6b, 0x2e, 0x8d, 0x6b, 0x16, 0x00, 0x00, 0x00,
    0x8d, 0x6b, 0x1f, 0x8d, 0x6b, 0xa1, 0x8d, 0x6b, 0x16, 0x8d, 0x6b, 0x4f, 0x8d, 0x6b, 0xbb, 0x00, 0x00, 0x00, 0x00, 0x00, 0x00, 0x00, 0x00, 0x00,
    0x00, 0x00, 0x00, 0x00, 0x00, 0x00, 0x8d, 0x6b, 0x8f, 0x8d, 0x6b, 0x83, 0x00, 0x00, 0x00, 0x00, 0x00, 0x00, 0x00, 0x00, 0x00, 0x8d, 0x6b, 0x51,
    0x8d, 0x6b, 0x39, 0x8d, 0x6b, 0xd2, 0x8d, 0x6b, 0x21, 0x8d, 0x6b, 0x63, 0x8d, 0x6b, 0xab, 0x8d, 0x6b, 0x1b, 0x8d, 0x6b, 0xbb, 0x00, 0x00, 0x00,
    0x8d, 0x6b, 0xd7, 0x00, 0x00, 0x00, 0x8d, 0x6b, 0xd3, 0x8d, 0x6b, 0x1f, 0x8d, 0x6b, 0x2a, 0x8d, 0x6b, 0xf8, 0x8d, 0x6b, 0x34, 0x00, 0x00, 0x00,
    0x00, 0x00, 0x00, 0x00, 0x00, 0x00, 0x8d, 0x6b, 0x83, 0x8d, 0x6b, 0x9f, 0x00, 0x00, 0x00, 0x00, 0x00, 0x00, 0x00, 0x00, 0x00, 0x00, 0x00, 0x00,
    0x8d, 0x6b, 0xdf, 0x8d, 0x6b, 0x5e, 0x8d, 0x6b, 0x0b, 0x8d, 0x6b, 0xde, 0x8d, 0x6b, 0x26, 0x8d, 0x6b, 0xff, 0x8d, 0x6b, 0x03, 0x8d, 0x6b, 0x42,
    0x00, 0x00, 0x00, 0x00, 0x00, 0x00, 0x00, 0x00, 0x00, 0x8d, 0x6b, 0xfb, 0x8d, 0x6b, 0x0b, 0x00, 0x00, 0x00, 0x00, 0x00, 0x00, 0x00, 0x00, 0x00,
    0x00, 0x00, 0x00, 0x8d, 0x6b, 0x7d, 0x8d, 0x6b, 0x7e, 0x00, 0x00, 0x00, 0x00, 0x00, 0x00, 0x00, 0x00, 0x00, 0x00, 0x00, 0x00, 0x8d, 0x6b, 0x6b,
    0x8d, 0x6b, 0xa3, 0x00, 0x00, 0x00, 0x8d, 0x6b, 0x07, 0x8d, 0x6b, 0xc8, 0x8d, 0x6b, 0x68, 0x00, 0x00, 0x00, 0x00, 0x00, 0x00, 0x00, 0x00, 0x00,
    0x00, 0x00, 0x00, 0x00, 0x00, 0x00, 0x00, 0x00, 0x00, 0x00, 0x00, 0x00, 0x8d, 0x6b, 0x08, 0x8d, 0x6b, 0xa6, 0x8d, 0x6b, 0xba, 0x8d, 0x6b, 0x05,
    0x8d, 0x6b, 0x8f, 0x8d, 0x6b, 0x8b, 0x8d, 0x6b, 0x05, 0x8d, 0x6b, 0xbc, 0x8d, 0x6b, 0xa3, 0x8d, 0x6b, 0x07, 0x00, 0x00, 0x00, 0x00, 0x00, 0x00,
    0x00, 0x00, 0x00, 0x8d, 0x6b, 0x07, 0x8d, 0x6b, 0xea, 0x8d, 0x6b, 0x2b, 0x8d, 0x6b, 0xe9, 0x8d, 0x6b, 0x22, 0x8d, 0x6b, 0x57, 0x8d, 0x6b, 0xb7,
    0x00, 0x00, 0x00, 0x8d, 0x6b, 0xeb, 0x8d, 0x6b, 0x17, 0x8d, 0x6b, 0x9b, 0x8d, 0x6b, 0x8d, 0x00, 0x00, 0x00, 0x00, 0x00, 0x00, 0x00, 0x00, 0x00,
    0x00, 0x00, 0x00, 0x00, 0x00, 0x00, 0x00, 0x00, 0x00, 0x8d, 0x6b, 0x01, 0x8d, 0x6b, 0xd4, 0x8d, 0x6b, 0xd4, 0x8d, 0x6b, 0x01, 0x00, 0x00, 0x00,
    0x00, 0x00, 0x00, 0x00, 0x00, 0x00, 0x00, 0x00, 0x00, 0x00, 0x00, 0x00, 0x00, 0x00, 0x00, 0x00, 0x00, 0x00, 0x8d, 0x6b, 0x8c, 0x8d, 0x6b, 0x2f,
    0x8d, 0x6b, 0x92, 0x8d, 0x6b, 0x4f, 0x8d, 0x6b, 0xb7, 0x8d, 0x6b, 0xa8, 0x8d, 0x6b, 0x07, 0x00, 0x00, 0x00, 0x8d, 0x6b, 0xa7, 0x8d, 0x6b, 0x49,
    0x00, 0x00, 0x00, 0x00, 0x00, 0x00, 0x00, 0x00, 0x00, 0x00, 0x00, 0x00, 0x00, 0x00, 0x00, 0x8d, 0x6b, 0x4f, 0x8d, 0x6b, 0xf5, 0x8d, 0x6b, 0xd7,
    0x8d, 0x6b, 0xd7, 0x8d, 0x6b, 0xd7, 0x8d, 0x6b, 0xd7, 0x8d, 0x6b, 0xd7, 0x8d, 0x6b, 0xee, 0x8d, 0x6b, 0x83, 0x00, 0x00, 0x00, 0x00, 0x00, 0x00,
    0x8d, 0x6b, 0x1f, 0x8d, 0x6b, 0x67, 0x8d, 0x6b, 0xa1, 0x8d, 0x6b, 0xf2, 0x8d, 0x6b, 0xee, 0x8d, 0x6b, 0xa0, 0x8d, 0x6b, 0xab, 0x8d, 0x6b, 0x1b,
    0x8d, 0x6b, 0xbb, 0x00, 0x00, 0x00, 0x8d, 0x6b, 0xd7, 0x00, 0x00, 0x00, 0x8d, 0x6b, 0xd3, 0x8d, 0x6b, 0x1f, 0x8d, 0x6b, 0x2f, 0x8d, 0x6b, 0x77,
    0x00, 0x00, 0x00, 0x00, 0x00, 0x00, 0x00, 0x00, 0x00, 0x00, 0x00, 0x00, 0x8d, 0x6b, 0x83, 0x8d, 0x6b, 0x9f, 0x00, 0x00, 0x00, 0x00, 0x00, 0x00,
    0x00, 0x00, 0x00, 0x00, 0x00, 0x00, 0x8d, 0x6b, 0x94, 0x8d, 0x6b, 0x69, 0x8d, 0x6b, 0x75, 0x8d, 0x6b, 0x90, 0x8d, 0x6b, 0x07, 0x8d, 0x6b, 0xff,
    0x00, 0x00, 0x00, 0x00, 0x00, 0x00, 0x8d, 0x6b, 0xad, 0x8d, 0x6b, 0xeb, 0x8d, 0x6b, 0xeb, 0x8d, 0x6b, 0xff, 0x8d, 0x6b, 0xec, 0x8d, 0x6b, 0xeb,
    0x8d, 0x6b, 0xca, 0x00, 0x00, 0x00, 0x00, 0x00, 0x00, 0x8d, 0x6b, 0xa2, 0x8d, 0x6b, 0x63, 0x00, 0x00, 0x00, 0x00, 0x00, 0x00, 0x00, 0x00, 0x00,
    0x00, 0x00, 0x00, 0x8d, 0x6b, 0x6b, 0x8d, 0x6b, 0xa3, 0x00, 0x00, 0x00, 0x8d, 0x6b, 0x9b, 0x8d, 0x6b, 0x9b, 0x00, 0x00, 0x00, 0x00, 0x00, 0x00,
    0x00, 0x00, 0x00, 0x00, 0x00, 0x00, 0x00, 0x00, 0x00, 0x00, 0x00, 0x00, 0x00, 0x00, 0x00, 0x8d, 0x6b, 0x33, 0x8d, 0x6b, 0xd2, 0x8d, 0x6b, 0xb7,
    0x8d, 0x6b, 0x0c, 0x00, 0x00, 0x00, 0x8d, 0x6b, 0x8f, 0x8d, 0x6b, 0x8b, 0x00, 0x00, 0x00, 0x8d, 0x6b, 0x0e, 0x8d, 0x6b, 0xbc, 0x8d, 0x6b, 0xce,
    0x8d, 0x6b, 0x2d, 0x00, 0x00, 0x00, 0x00, 0x00, 0x00, 0x8d, 0x6b, 0x66, 0x8d, 0x6b, 0xc1, 0x8d, 0x6b, 0x3a, 0x8d, 0x6b, 0xe3, 0x8d, 0x6b, 0x0b,
    0x8d, 0x6b, 0xd9, 0x8d, 0x6b, 0x3e, 0x00, 0x00, 0x00, 0x8d, 0x6b, 0xeb, 0x8d, 0x6b, 0x17, 0x8d, 0x6b, 0x13, 0x8d, 0x6b, 0xee, 0x8d, 0x6b, 0x23,
    0x00, 0x00, 0x00, 0x00, 0x00, 0x00, 0x00, 0x00, 0x00, 0x00, 0x00, 0x00, 0x00, 0x00, 0x00, 0x00, 0x00, 0x00, 0x8d, 0x6b, 0xbe, 0x8d, 0x6b, 0xbe,
    0x00, 0x00, 0x00, 0x00, 0x00, 0x00, 0x00, 0x00, 0x00, 0x00, 0x00, 0x00, 0x00, 0x00, 0x00, 0x00, 0x00, 0x00, 0x00, 0x00, 0x00, 0x8d, 0x6b, 0x1e,
    0x8d, 0x6b, 0xee, 0x8d, 0x6b, 0x0c, 0x8d, 0x6b, 0xbb, 0x8d, 0x6b, 0x47, 0x8d, 0x6b, 0x04, 0x8d, 0x6b, 0x72, 0x8d, 0x6b, 0x08, 0x8d, 0x6b, 0x3c,
    0x8d, 0x6b, 0x4b, 0x8d, 0x6b, 0xeb, 0x8d, 0x6b, 0x43, 0x00, 0x00, 0x00, 0x00, 0x00, 0x00, 0x00, 0x00, 0x00, 0x00, 0x00, 0x00, 0x8d, 0x6b, 0x4f,
    0x8d, 0x6b, 0xbb, 0x00, 0x00, 0x00, 0x00, 0x00, 0x00, 0x00, 0x00, 0x00, 0x00, 0x00, 0x00, 0x00, 0x00, 0x00, 0x8d, 0x6b, 0x8f, 0x8d, 0x6b, 0x83,
    0x00, 0x00, 0x00, 0x00, 0x00, 0x00, 0x8d, 0x6b, 0x5f, 0x8d, 0x6b, 0xbb, 0x8d, 0x6b, 0x7a, 0x8d, 0x6b, 0x37, 0x8d, 0x6b, 0x03, 0x8d, 0x6b, 0x47,
    0x8d, 0x6b, 0xab, 0x8d, 0x6b, 0x1b, 0x8d, 0x6b, 0xbb, 0x00, 0x00, 0x00, 0x8d, 0x6b, 0xd7, 0x00, 0x00, 0x00, 0x8d, 0x6b, 0xd3, 0x8d, 0x6b, 0x1f,
    0x00, 0x00, 0x00, 0x00, 0x00, 0x00, 0x00, 0x00, 0x00, 0x00, 0x00, 0x00, 0x00, 0x00, 0x00, 0x00, 0x00, 0x00, 0x8d, 0x6b, 0x83, 0x8d, 0x6b, 0x9f,
    0x00, 0x00, 0x00, 0x00, 0x00, 0x00, 0x00, 0x00, 0x00, 0x00, 0x00, 0x00, 0x00, 0x00, 0x00, 0x00, 0x00, 0x00, 0x8d, 0x6b, 0x1e, 0x8d, 0x6b, 0x10,
    0x8d, 0x6b, 0x07, 0x8d, 0x6b, 0xff, 0x00, 0x00, 0x00, 0x00, 0x00, 0x00, 0x00, 0x00, 0x00, 0x00, 0x00, 0x00, 0x00, 0x00, 0x00, 0x8d, 0x6b, 0xfb,
    0x8d, 0x6b, 0x0b, 0x00, 0x00, 0x00, 0x00, 0x00, 0x00, 0x00, 0x00, 0x00, 0x00, 0x00, 0x00, 0x8d, 0x6b, 0xd9, 0x8d, 0x6b, 0x2e, 0x00, 0x00, 0x00,
    0x00, 0x00, 0x00, 0x00, 0x00, 0x00, 0x00, 0x00, 0x00, 0x8d, 0x6b, 0x6b, 0x8d, 0x6b, 0xa3, 0x00, 0x00, 0x00, 0x8d, 0x6b, 0x21, 0x8d, 0x6b, 0x05,
    0x00, 0x00, 0x00, 0x00, 0x00, 0x00, 0x00, 0x00, 0x00, 0x00, 0x00, 0x00, 0x00, 0x00, 0x00, 0x00, 0x00, 0x00, 0x8d, 0x6b, 0x3f, 0x8d, 0x6b, 0xf6,
    0x8d, 0x6b, 0x7b, 0x8d, 0x6b, 0x02, 0x00, 0x00, 0x00, 0x00, 0x00, 0x00, 0x8d, 0x6b, 0x8f, 0x8d, 0x6b, 0x8b, 0x00, 0x00, 0x00, 0x00, 0x00, 0x00,
    0x8d, 0x6b, 0x03, 0x8d, 0x6b, 0x85, 0x8d, 0x6b, 0xf7, 0x8d, 0x6b, 0x42, 0x8d, 0x6b, 0x04, 0x8d, 0x6b, 0xde, 0x8d, 0x6b, 0x4c, 0x8d, 0x6b, 0xb0,
    0x8d, 0x6b, 0x79, 0x8d, 0x6b, 0x60, 0x8d, 0x6b, 0x9c, 0x00, 0x00, 0x00, 0x8d, 0x6b, 0x02, 0x8d, 0x6b, 0xef, 0x8d, 0x6b, 0x17, 0x00, 0x00, 0x00,
    0x8d, 0x6b, 0x80, 0x8d, 0x6b, 0x4d, 0x00, 0x00, 0x00, 0x00, 0x00, 0x00, 0x00, 0x00, 0x00, 0x00, 0x00, 0x00, 0x00, 0x00, 0x00, 0x00, 0x00, 0x00,
    0x00, 0x00, 0x00, 0x00, 0x00, 0x00, 0x00, 0x00, 0x00, 0x00, 0x00, 0x00, 0x00, 0x00, 0x00, 0x00, 0x00, 0x00, 0x00, 0x00, 0x00, 0x00, 0x00, 0x00,
    0x8d, 0x6b, 0x0f, 0x8d, 0x6b, 0xce, 0x8d, 0x6b, 0x7a, 0x00, 0x00, 0x00, 0x8d, 0x6b, 0xb9, 0x8d, 0x6b, 0x59, 0x00, 0x00, 0x00, 0x00, 0x00, 0x00,
    0x8d, 0x6b, 0x06, 0x8d, 0x6b, 0xbc, 0x8d, 0x6b, 0x48, 0x8d, 0x6b, 0x4e, 0x8d, 0x6b, 0xe5, 0x8d, 0x6b, 0x11, 0x00, 0x00, 0x00, 0x00, 0x00, 0x00,
    0x00, 0x00, 0x00, 0x8d, 0x6b, 0x4f, 0x8d, 0x6b, 0xf9, 0x8d, 0x6b, 0xe7, 0x8d, 0x6b, 0xe7, 0x8d, 0x6b, 0xe7, 0x8d, 0x6b, 0xe7, 0x8d, 0x6b, 0xe7,
    0x8d, 0x6b, 0xf5, 0x8d, 0x6b, 0x83, 0x00, 0x00, 0x00, 0x00, 0x00, 0x00, 0x00, 0x00, 0x00, 0x00, 0x00, 0x00, 0x00, 0x00, 0x00, 0x00, 0x00, 0x00,
    0x00, 0x00, 0x00, 0x8d, 0x6b, 0x47, 0x8d, 0x6b, 0xab, 0x8d, 0x6b, 0x1b, 0x8d, 0x6b, 0xbb, 0x00, 0x00, 0x00, 0x8d, 0x6b, 0xd7, 0x00, 0x00, 0x00,
    0x8d, 0x6b, 0xd7, 0x8d, 0x6b, 0x1e, 0x00, 0x00, 0x00, 0x00, 0x00, 0x00, 0x00, 0x00, 0x00, 0x8d, 0x6b, 0x03, 0x8d, 0x6b, 0x10, 0x8d, 0x6b, 0x10,
    0x8d, 0x6b, 0x96, 0x8d, 0x6b, 0x9a, 0x00, 0x00, 0x00, 0x00, 0x00, 0x00, 0x00, 0x00, 0x00, 0x00, 0x00, 0x00, 0x00, 0x00, 0x00, 0x00, 0x00, 0x00,
    0x00, 0x00, 0x00, 0x00, 0x00, 0x00, 0x8d, 0x6b, 0x07, 0x8d, 0x6b, 0xff, 0x00, 0x00, 0x00, 0x00, 0x00, 0x00, 0x00, 0x00, 0x00, 0x00, 0x00, 0x00,
    0x00, 0x00, 0x00, 0x8d, 0x6b, 0xfb, 0x8d, 0x6b, 0x0b, 0x00, 0x00, 0x00, 0x00, 0x00, 0x00, 0x00, 0x00, 0x00, 0x8d, 0x6b, 0x34, 0x8d, 0x6b, 0xe6,
    0x8d, 0x6b, 0x03, 0x00, 0x00, 0x00, 0x00, 0x00, 0x00, 0x00, 0x00, 0x00, 0x00, 0x00, 0x00, 0x8d, 0x6b, 0x76, 0x8d, 0x6b, 0xa2, 0x00, 0x00, 0x00,
    0x00, 0x00, 0x00, 0x00, 0x00, 0x00, 0x00, 0x00, 0x00, 0x00, 0x00, 0x00, 0x00, 0x00, 0x00, 0x00, 0x00, 0x00, 0x00, 0x00, 0x00, 0x00, 0x00, 0x00,
    0x00, 0x00, 0x00, 0x8d, 0x6b, 0x18, 0x00, 0x00, 0x00, 0x00, 0x00, 0x00, 0x00, 0x00, 0x00, 0x00, 0x00, 0x00, 0x8d, 0x6b, 0x82, 0x8d, 0x6b, 0x7e,
    0x00, 0x00, 0x00, 0x00, 0x00, 0x00, 0x00, 0x00, 0x00, 0x00, 0x00, 0x00, 0x8d, 0x6b, 0x21, 0x00, 0x00, 0x00, 0x8d, 0x6b, 0x07, 0x8d, 0x6b, 0x76,
    0x8d, 0x6b, 0x01, 0x8d, 0x6b, 0x89, 0x8d, 0x6b, 0x10, 0x00, 0x00, 0x00, 0x8d, 0x6b, 0x03, 0x8d, 0x6b, 0x65, 0x8d, 0x6b, 0xe3, 0x8d, 0x6b, 0xb7,
    0x8d, 0x6b, 0x02, 0x00, 0x00, 0x00, 0x00, 0x00, 0x00, 0x00, 0x00, 0x00, 0x00, 0x00, 0x00, 0x00, 0x00, 0x00, 0x00, 0x00, 0x00, 0x00, 0x00, 0x00,
    0x00, 0x00, 0x00, 0x00, 0x00, 0x00, 0x00, 0x00, 0x00, 0x00, 0x00, 0x00, 0x00, 0x00, 0x00, 0x00, 0x00, 0x00, 0x00, 0x00, 0x00, 0x00, 0x00, 0x00,
    0x00, 0x00, 0x00, 0x00, 0x00, 0x00, 0x8d, 0x6b, 0x22, 0x8d, 0x6b, 0x7a, 0x00, 0x00, 0x00, 0x00, 0x00, 0x00, 0x8d, 0x6b, 0x6b, 0x8d, 0x6b, 0xe9,
    0x8d, 0x6b, 0xf3, 0x8d, 0x6b, 0xf3, 0x8d, 0x6b, 0xf3, 0x8d, 0x6b, 0xc9, 0x8d, 0x6b, 0x0a, 0x00, 0x00, 0x00, 0x8d, 0x6b, 0x6d, 0x8d, 0x6b, 0x19,
    0x00, 0x00, 0x00, 0x00, 0x00, 0x00, 0x00, 0x00, 0x00, 0x8d, 0x6b, 0x36, 0x8d, 0x6b, 0x81, 0x00, 0x00, 0x00, 0x00, 0x00, 0x00, 0x00, 0x00, 0x00,
    0x00, 0x00, 0x00, 0x00, 0x00, 0x00, 0x8d, 0x6b, 0x57, 0x8d, 0x6b, 0x50, 0x00, 0x00, 0x00, 0x00, 0x00, 0x00, 0x00, 0x00, 0x00, 0x00, 0x00, 0x00,
    0x00, 0x00, 0x00, 0x00, 0x00, 0x00, 0x00, 0x00, 0x00, 0x8d, 0x6b, 0x3d, 0x8d, 0x6b, 0x93, 0x8d, 0x6b, 0x13, 0x8d, 0x6b, 0x84, 0x00, 0x00, 0x00,
    0x8d, 0x6b, 0x8d, 0x8d, 0x6b, 0x98, 0x8d, 0x6b, 0xb2, 0x8d, 0x6b, 0x01, 0x00, 0x00, 0x00, 0x00, 0x00, 0x00, 0x00, 0x00, 0x00, 0x8d, 0x6b, 0x0b,
    0x8d, 0x6b, 0xf2, 0x8d, 0x6b, 0xfc, 0x8d, 0x6b, 0xe0, 0x8d, 0x6b, 0x47, 0x00, 0x00, 0x00, 0x00, 0x00, 0x00, 0x00, 0x00, 0x00, 0x00, 0x00, 0x00,
    0x00, 0x00, 0x00, 0x00, 0x00, 0x00, 0x00, 0x00, 0x00, 0x00, 0x00, 0x00, 0x8d, 0x6b, 0x07, 0x8d, 0x6b, 0xff, 0x00, 0x00, 0x00, 0x8d, 0x6b, 0xa1,
    0x8d, 0x6b, 0xef, 0x8d, 0x6b, 0xef, 0x8d, 0x6b, 0xef, 0x8d, 0x6b, 0xef, 0x8d, 0x6b, 0xef, 0x8d, 0x6b, 0xef, 0x8d, 0x6b, 0xef, 0x8d, 0x6b, 0x74,
    0x8d, 0x6b, 0x50, 0x8d, 0x6b, 0x7b, 0x00, 0x00, 0x00, 0x00, 0x00, 0x00, 0x00, 0x00, 0x00, 0x8d, 0x6b, 0xcb, 0x8d, 0x6b, 0xf3, 0x8d, 0x6b, 0xe4,
    0x8d, 0x6b, 0x57, 0x00, 0x00, 0x00, 0x00, 0x00, 0x00, 0x00, 0x00, 0x00, 0x00, 0x00, 0x00, 0x00, 0x00, 0x00, 0x00, 0x00, 0x00, 0x00, 0x00, 0x00,
    0x00, 0x00, 0x00, 0x00, 0x00, 0x00, 0x00, 0x00, 0x00, 0x00, 0x00, 0x00, 0x00, 0x00, 0x00, 0x00, 0x00, 0x00, 0x00, 0x00, 0x00, 0x00, 0x00, 0x00,
    0x00, 0x00, 0x00, 0x00, 0x00, 0x00, 0x00, 0x00, 0x00, 0x00, 0x00, 0x00, 0x00, 0x00, 0x00, 0x00, 0x00, 0x00, 0x00, 0x00, 0x00, 0x00, 0x00, 0x00,
    0x00, 0x00, 0x00, 0x00, 0x00, 0x00, 0x00, 0x00, 0x00, 0x00, 0x00, 0x00, 0x00, 0x00, 0x00, 0x00, 0x00, 0x00, 0x00, 0x00, 0x00, 0x00, 0x00, 0x00,
    0x00, 0x00, 0x00, 0x00, 0x00, 0x00, 0x00, 0x00, 0x00, 0x00, 0x00, 0x00, 0x00, 0x00, 0x00, 0x00, 0x00, 0x00, 0x00, 0x00, 0x00, 0x00, 0x00, 0x00,
    0x00, 0x00, 0x00, 0x00, 0x00, 0x00, 0x00, 0x00, 0x00, 0x00, 0x00, 0x00, 0x00, 0x00, 0x00, 0x00, 0x00, 0x00, 0x00, 0x00, 0x00, 0x00, 0x00, 0x00,
    0x00, 0x00, 0x00, 0x00, 0x00, 0x00, 0x00, 0x00, 0x00, 0x00, 0x00, 0x00, 0x00, 0x00, 0x00, 0x00, 0x00, 0x00, 0x00, 0x00, 0x00, 0x00, 0x00, 0x00,
    0x00, 0x00, 0x00, 0x00, 0x00, 0x00, 0x00, 0x00, 0x00, 0x00, 0x00, 0x00, 0x00, 0x00, 0x00, 0x00, 0x00, 0x00, 0x00, 0x00, 0x00, 0x00, 0x00, 0x00,
    0x00, 0x00, 0x00, 0x00, 0x00, 0x00, 0x00, 0x00, 0x00, 0x00, 0x00, 0x00, 0x00, 0x00, 0x00, 0x00, 0x00, 0x00, 0x00, 0x00, 0x00, 0x00, 0x00, 0x00,
    0x00, 0x00, 0x00, 0x00, 0x00, 0x00, 0x00, 0x00, 0x00, 0x00, 0x00, 0x00, 0x00, 0x00, 0x00, 0x00, 0x00, 0x00, 0x00, 0x00, 0x00, 0x00, 0x00, 0x00,
    0x00, 0x00, 0x00, 0x00, 0x00, 0x00, 0x00, 0x00, 0x00, 0x00, 0x00, 0x00, 0x00, 0x00, 0x00, 0x00, 0x00, 0x00, 0x00, 0x00, 0x00, 0x00, 0x00, 0x00,
    0x00, 0x00, 0x00, 0x00, 0x00, 0x00, 0x00, 0x00, 0x00, 0x00, 0x00, 0x00, 0x00, 0x00, 0x00, 0x00, 0x00, 0x00, 0x00, 0x00, 0x00, 0x00, 0x00, 0x00,
    0x00, 0x00, 0x00, 0x00, 0x00, 0x00, 0x00, 0x00, 0x00, 0x00, 0x00, 0x00, 0x00, 0x00, 0x00, 0x00, 0x00, 0x00, 0x00, 0x00, 0x00, 0x00, 0x00, 0x00,
    0x00, 0x00, 0x00, 0x00, 0x00, 0x00, 0x00, 0x00, 0x00, 0x00, 0x00, 0x00, 0x00, 0x00, 0x00, 0x00, 0x00, 0x00, 0x8d, 0x6b, 0x01, 0x8d, 0x6b, 0x23,
    0x00, 0x00, 0x00, 0x00, 0x00, 0x00, 0x00, 0x00, 0x00, 0x00, 0x00, 0x00, 0x00, 0x00, 0x00, 0x00, 0x00, 0x00, 0x00, 0x00, 0x00, 0x00, 0x00, 0x00,
    0x00, 0x00, 0x00, 0x00, 0x00, 0x00, 0x00, 0x00, 0x00, 0x00, 0x00, 0x00, 0x00, 0x00, 0x00, 0x00, 0x00, 0x00, 0x00, 0x00, 0x00, 0x00, 0x00, 0x00,
    0x00, 0x00, 0x00, 0x00, 0x00, 0x00, 0x00, 0x00, 0x00, 0x00, 0x00, 0x00, 0x00, 0x00, 0x00, 0x00, 0x00, 0x00, 0x00, 0x00, 0x00, 0x00, 0x00, 0x00,
    0x00, 0x00, 0x00, 0x00, 0x00, 0x00, 0x00, 0x00, 0x00, 0x00, 0x00, 0x00, 0x00, 0x00, 0x00, 0x00, 0x00, 0x00, 0x00, 0x00, 0x00, 0x00, 0x00, 0x00,
    0x00, 0x00, 0x00, 0x00, 0x00, 0x00, 0x00, 0x00, 0x00, 0x00, 0x00, 0x00, 0x00, 0x00, 0x00, 0x00, 0x00, 0x00, 0x00, 0x00, 0x00, 0x00, 0x00, 0x00,
    0x00, 0x00, 0x00, 0x00, 0x00, 0x00, 0x00, 0x00, 0x00, 0x00, 0x00, 0x00, 0x00, 0x00, 0x00, 0x00, 0x00, 0x00, 0x00, 0x00, 0x00, 0x00, 0x00, 0x00,
    0x00, 0x00, 0x00, 0x00, 0x00, 0x00, 0x00, 0x00, 0x00, 0x00, 0x00, 0x00, 0x00, 0x00, 0x00, 0x00, 0x00, 0x00, 0x00, 0x00, 0x00, 0x00, 0x00, 0x00,
    0x00, 0x00, 0x00, 0x00, 0x00, 0x00, 0x00, 0x00, 0x00, 0x00, 0x00, 0x00, 0x00, 0x00, 0x00, 0x00, 0x00, 0x00, 0x00, 0x00, 0x00, 0x00, 0x00, 0x00,
    0x00, 0x00, 0x00, 0x00, 0x00, 0x00, 0x00, 0x00, 0x00, 0x00, 0x00, 0x00, 0x00, 0x00, 0x00, 0x00, 0x00, 0x00, 0x00, 0x00, 0x00, 0x00, 0x00, 0x00,
    0x00, 0x00, 0x00, 0x00, 0x00, 0x00, 0x00, 0x00, 0x00, 0x00, 0x00, 0x00, 0x00, 0x00, 0x00, 0x00, 0x00, 0x00, 0x00, 0x00, 0x00, 0x00, 0x00, 0x00,
    0x00, 0x00, 0x00, 0x00, 0x00, 0x00, 0x00, 0x00, 0x00, 0x00, 0x00, 0x00, 0x00, 0x00, 0x00, 0x00, 0x00, 0x00, 0x00, 0x00, 0x00, 0x00, 0x00, 0x00,
    0x00, 0x00, 0x00, 0x00, 0x00, 0x00, 0x00, 0x00, 0x00, 0x00, 0x00, 0x00, 0x00, 0x00, 0x00, 0x00, 0x00, 0x00, 0x00, 0x00, 0x00, 0x00, 0x00, 0x00,
    0x00, 0x00, 0x00, 0x00, 0x00, 0x00, 0x00, 0x00, 0x00, 0x00, 0x00, 0x00, 0x00, 0x00, 0x00, 0x00, 0x00, 0x00, 0x00, 0x00, 0x00, 0x00, 0x00, 0x00,
    0x00, 0x00, 0x00, 0x00, 0x00, 0x00, 0x00, 0x00, 0x00, 0x00, 0x00, 0x00, 0x00, 0x00, 0x00, 0x00, 0x00, 0x00, 0x00, 0x00, 0x00, 0x00, 0x00, 0x00,
    0x00, 0x00, 0x00, 0x00, 0x00, 0x00, 0x00, 0x00, 0x00, 0x00, 0x00, 0x00, 0x00, 0x00, 0x00, 0x00, 0x00, 0x00, 0x00, 0x00, 0x00, 0x00, 0x00, 0x00,
    0x00, 0x00, 0x00, 0x00, 0x00, 0x00, 0x00, 0x00, 0x00, 0x00, 0x00, 0x00, 0x00, 0x00, 0x00, 0x00, 0x00, 0x00, 0x00, 0x00, 0x00, 0x00, 0x00, 0x00,
    0x00, 0x00, 0x00, 0x00, 0x00, 0x00, 0x00, 0x00, 0x00, 0x00, 0x00, 0x00, 0x00, 0x00, 0x00, 0x00, 0x00, 0x00, 0x00, 0x00, 0x00, 0x00, 0x00, 0x00,
    0x00, 0x00, 0x00, 0x00, 0x00, 0x00, 0x00, 0x00, 0x00, 0x00, 0x00, 0x00, 0x00, 0x00, 0x00, 0x00, 0x00, 0x00, 0x00, 0x00, 0x00, 0x00, 0x00, 0x00,
    0x00, 0x00, 0x00, 0x00, 0x00, 0x00, 0x00, 0x00, 0x00, 0x00, 0x00, 0x00, 0x00, 0x00, 0x00, 0x00, 0x00, 0x00, 0x00, 0x00, 0x00, 0x00, 0x00, 0x00,
    0x00, 0x00, 0x00, 0x00, 0x00, 0x00, 0x00, 0x00, 0x00, 0x00, 0x00, 0x00, 0x00, 0x00, 0x00, 0x00, 0x00, 0x00, 0x00, 0x00, 0x00, 0x00, 0x00, 0x00,
    0x00, 0x00, 0x00, 0x00, 0x00, 0x00, 0x00, 0x00, 0x00, 0x00, 0x00, 0x00, 0x00, 0x00, 0x00, 0x00, 0x00, 0x00, 0x00, 0x00, 0x00, 0x00, 0x00, 0x00,
    0x00, 0x00, 0x00, 0x00, 0x00, 0x00, 0x00, 0x00, 0x00, 0x00, 0x00, 0x00, 0x00, 0x00, 0x00, 0x00, 0x00, 0x00, 0x00, 0x00, 0x00, 0x00, 0x00, 0x00,
    0x00, 0x00, 0x00, 0x00, 0x00, 0x00, 0x00, 0x00, 0x00, 0x00, 0x00, 0x00, 0x00, 0x00, 0x00, 0x00, 0x00, 0x00, 0x00, 0x00, 0x00, 0x00, 0x00, 0x00,
    0x00, 0x00, 0x00, 0x00, 0x00, 0x00, 0x00, 0x00, 0x00, 0x00, 0x00, 0x00, 0x00, 0x00, 0x00, 0x00, 0x00, 0x00, 0x00, 0x00, 0x00, 0x00, 0x00, 0x00,
    0x00, 0x00, 0x00, 0x00, 0x00, 0x00, 0x00, 0x00, 0x00, 0x00, 0x00, 0x00, 0x00, 0x00, 0x00, 0x00, 0x00, 0x00, 0x00, 0x00, 0x00, 0x00, 0x00, 0x00,
    0x00, 0x00, 0x00, 0x00, 0x00, 0x00, 0x00, 0x00, 0x00, 0x00, 0x00, 0x00, 0x00, 0x00, 0x00, 0x00, 0x00, 0x00, 0x00, 0x00, 0x00, 0x00, 0x00, 0x00,
    0x00, 0x00, 0x00, 0x00, 0x00, 0x00, 0x00, 0x00, 0x00, 0x00, 0x00, 0x00, 0x00, 0x00, 0x00, 0x00, 0x00, 0x00, 0x00, 0x00, 0x00, 0x00, 0x00, 0x00,
    0x00, 0x00, 0x00, 0x00, 0x00, 0x00, 0x00, 0x00, 0x00, 0x00, 0x00, 0x00, 0x00, 0x00, 0x00, 0x00, 0x00, 0x00, 0x00, 0x00, 0x00, 0x00, 0x00, 0x00,
    0x00, 0x00, 0x00, 0x00, 0x00, 0x00, 0x00, 0x00, 0x00, 0x00, 0x00, 0x00, 0x00, 0x00, 0x00, 0x00, 0x00, 0x00, 0x00, 0x00, 0x00, 0x00, 0x00, 0x00,
    0x00, 0x00, 0x00, 0x00, 0x00, 0x00, 0x00, 0x00, 0x00, 0x00, 0x00, 0x00, 0x00, 0x00, 0x00, 0x00, 0x00, 0x00, 0x00, 0x00, 0x00, 0x00, 0x00, 0x00,
    0x00, 0x00, 0x00, 0x00, 0x00, 0x00, 0x00, 0x00, 0x00, 0x00, 0x00, 0x00, 0x00, 0x00, 0x00, 0x00, 0x00, 0x00, 0x00, 0x00, 0x00, 0x00, 0x00, 0x00,
    0x00, 0x00, 0x00, 0x00, 0x00, 0x00, 0x00, 0x00, 0x00, 0x00, 0x00, 0x00, 0x00, 0x00, 0x00, 0x00, 0x00, 0x00, 0x00, 0x00, 0x00, 0x00, 0x00, 0x00,
    0x00, 0x00, 0x00, 0x00, 0x00, 0x00, 0x00, 0x00, 0x00, 0x00, 0x00, 0x00, 0x00, 0x00, 0x00, 0x00, 0x00, 0x00, 0x00, 0x00, 0x00, 0x00, 0x00, 0x00,
    0x00, 0x00, 0x00, 0x00, 0x00, 0x00, 0x00, 0x00, 0x00, 0x00, 0x00, 0x00, 0x00, 0x00, 0x00, 0x00, 0x00, 0x00, 0x00, 0x00, 0x00, 0x00, 0x00, 0x00,
    0x00, 0x00, 0x00, 0x00, 0x00, 0x00, 0x00, 0x00, 0x00, 0x00, 0x00, 0x00, 0x00, 0x00, 0x00, 0x00, 0x00, 0x00, 0x00, 0x00, 0x00, 0x00, 0x00, 0x00,
    0x00, 0x00, 0x00, 0x00, 0x00, 0x00, 0x00, 0x00, 0x00, 0x00, 0x00, 0x00, 0x00, 0x00, 0x00, 0x00, 0x00, 0x00,
};
const lv_img_dsc_t rx_from_app = {
    .header.always_zero = 0,
    .header.w = 130,
    .header.h = 19,
    .data_size = 7410,
    .header.cf = LV_IMG_CF_TRUE_COLOR_ALPHA,
    .data = rx_from_app_map,
};

#ifndef LV_ATTRIBUTE_IMG_RX_CONFIRM
#define LV_ATTRIBUTE_IMG_RX_CONFIRM
#endif
const LV_ATTRIBUTE_MEM_ALIGN LV_ATTRIBUTE_LARGE_CONST LV_ATTRIBUTE_IMG_RX_CONFIRM uint8_t rx_confirm_map[] = {
    0x00, 0x00, 0x00, 0x00, 0x00, 0x00, 0x00, 0x00, 0x00, 0x00, 0x00, 0x00, 0x00, 0x00, 0x00, 0x00, 0x00, 0x00, 0x00, 0x00, 0x00, 0x00, 0x00, 0x00,
    0x00, 0x00, 0x00, 0x00, 0x00, 0x00, 0x00, 0x00, 0x00, 0x00, 0x00, 0x00, 0x00, 0x00, 0x00, 0x00, 0x00, 0x00, 0x00, 0x00, 0x00, 0x00, 0x00, 0x00,
    0x00, 0x00, 0x00, 0x00, 0x00, 0x00, 0x00, 0x00, 0x00, 0x00, 0x00, 0x00, 0x00, 0x00, 0x00, 0x00, 0x00, 0x00, 0x00, 0x00, 0x00, 0x00, 0x00, 0x00,
    0x00, 0x00, 0x00, 0x00, 0x00, 0x00, 0x00, 0x00, 0x00, 0x00, 0x00, 0x00, 0x00, 0x00, 0x00, 0x00, 0x00, 0x00, 0x00, 0x00, 0x00, 0x00, 0x00, 0x00,
    0x00, 0x00, 0x00, 0x00, 0x00, 0x00, 0x00, 0x00, 0x00, 0x00, 0x00, 0x00, 0x00, 0x00, 0x00, 0x00, 0x00, 0x00, 0x00, 0x00, 0x00, 0x00, 0x00, 0x00,
    0x00, 0x00, 0x00, 0x00, 0x00, 0x00, 0x00, 0x00, 0x00, 0x00, 0x00, 0x00, 0x00, 0x00, 0x00, 0x00, 0x00, 0x00, 0x00, 0x00, 0x00, 0x00, 0x00, 0x00,
    0x00, 0x00, 0x00, 0x00, 0x00, 0x00, 0x00, 0x00, 0x00, 0x00, 0x00, 0x00, 0x00, 0x00, 0x00, 0x00, 0x00, 0x00, 0x00, 0x00, 0x00, 0x00, 0x00, 0x00,
    0x00, 0x00, 0x00, 0x00, 0x00, 0x00, 0x00, 0x00, 0x00, 0x00, 0x00, 0x00, 0x00, 0x00, 0x00, 0x00, 0x00, 0x00, 0x00, 0x00, 0x00, 0x00, 0x00, 0x00,
    0x00, 0x00, 0x00, 0x00, 0x00, 0x00, 0x00, 0x00, 0x00, 0x00, 0x00, 0x00, 0x00, 0x00, 0x00, 0x00, 0x00, 0x00, 0x00, 0x00, 0x00, 0x00, 0x00, 0x00,
    0x00, 0x00, 0x00, 0x00, 0x00, 0x00, 0x00, 0x00, 0x00, 0x00, 0x00, 0x00, 0x00, 0x00, 0x00, 0x00, 0x00, 0x00, 0x00, 0x00, 0x00, 0x00, 0x00, 0x00,
    0x00, 0x00, 0x00, 0x00, 0x00, 0x00, 0x00, 0x00, 0x00, 0x00, 0x00, 0x00, 0x00, 0x00, 0x00, 0x00, 0x00, 0x00, 0x00, 0x00, 0x00, 0x00, 0x00, 0x00,
    0x00, 0x00, 0x00, 0x00, 0x00, 0x00, 0x00, 0x00, 0x00, 0xff, 0xff, 0x46, 0xff, 0xff, 0xb5, 0xff, 0xff, 0x54, 0x00, 0x00, 0x00, 0x00, 0x00, 0x00,
    0x00, 0x00, 0x00, 0x00, 0x00, 0x00, 0x00, 0x00, 0x00, 0x00, 0x00, 0x00, 0x00, 0x00, 0x00, 0x00, 0x00, 0x00, 0xff, 0xff, 0x02, 0xff, 0xff, 0x70,
    0xff, 0xff, 0x09, 0x00, 0x00, 0x00, 0x00, 0x00, 0x00, 0x00, 0x00, 0x00, 0x00, 0x00, 0x00, 0x00, 0x00, 0x00, 0xff, 0xff, 0x25, 0xff, 0xff, 0xd3,
    0xff, 0xff, 0xd3, 0xff, 0xff, 0x04, 0x00, 0x00, 0x00, 0x00, 0x00, 0x00, 0x00, 0x00, 0x00, 0x00, 0x00, 0x00, 0x00, 0x00, 0x00, 0x00, 0x00, 0x00,
    0x00, 0x00, 0x00, 0x00, 0x00, 0x00, 0xff, 0xff, 0x35, 0xff, 0xff, 0xf3, 0xff, 0xff, 0xf3, 0xff, 0xff, 0xf3, 0xff, 0xff, 0xf3, 0xff, 0xff, 0xf3,
    0xff, 0xff, 0xf3, 0xff, 0xff, 0xaf, 0x00, 0x00, 0x00, 0xff, 0xff, 0xb4, 0xff, 0xff, 0xff, 0xff, 0xff, 0xa8, 0x00, 0x00, 0x00, 0xff, 0xff, 0x05,
    0xff, 0xff, 0x01, 0x00, 0x00, 0x00, 0x00, 0x00, 0x00, 0x00, 0x00, 0x00, 0x00, 0x00, 0x00, 0x00, 0x00, 0x00, 0xff, 0xff, 0x93, 0xff, 0xff, 0xff,
    0xff, 0xff, 0xc2, 0xff, 0xff, 0x0e, 0x00, 0x00, 0x00, 0x00, 0x00, 0x00, 0x00, 0x00, 0x00, 0x00, 0x00, 0x00, 0xff, 0xff, 0x30, 0xff, 0xff, 0xff,
    0xff, 0xff, 0xfe, 0x00, 0x00, 0x00, 0x00, 0x00, 0x00, 0x00, 0x00, 0x00, 0x00, 0x00, 0x00, 0x00, 0x00, 0x00, 0x00, 0x00, 0x00, 0x00, 0x00, 0x00,
    0x00, 0x00, 0x00, 0x00, 0x00, 0x00, 0xff, 0xff, 0x37, 0xff, 0xff, 0xff, 0xff, 0xff, 0xff, 0xff, 0xff, 0xff, 0xff, 0xff, 0xff, 0xff, 0xff, 0xff,
    0xff, 0xff, 0xff, 0xff, 0xff, 0xb7, 0xff, 0xff, 0x22, 0xff, 0xff, 0xfd, 0xff, 0xff, 0xff, 0xff, 0xff, 0xff, 0xff, 0xff, 0xff, 0xff, 0xff, 0xff,
    0xff, 0xff, 0xb9, 0xff, 0xff, 0x14, 0x00, 0x00, 0x00, 0x00, 0x00, 0x00, 0x00, 0x00, 0x00, 0x00, 0x00, 0x00, 0xff, 0xff, 0x38, 0xff, 0xff, 0xf1,
    0xff, 0xff, 0xff, 0xff, 0xff, 0xc8, 0xff, 0xff, 0x0e, 0x00, 0x00, 0x00, 0x00, 0x00, 0x00, 0x00, 0x00, 0x00, 0xff, 0xff, 0x34, 0xff, 0xff, 0xff,
    0xff, 0xff, 0xf7, 0x00, 0x00, 0x00, 0x00, 0x00, 0x00, 0x00, 0x00, 0x00, 0x00, 0x00, 0x00, 0x00, 0x00, 0x00, 0x00, 0x00, 0x00, 0x00, 0x00, 0x00,
    0x00, 0x00, 0x00, 0x00, 0x00, 0x00, 0x00, 0x00, 0x00, 0x00, 0x00, 0x00, 0xff, 0xff, 0x59, 0xff, 0xff, 0xff, 0xff, 0xff, 0xbb, 0x00, 0x00, 0x00,
    0x00, 0x00, 0x00, 0x00, 0x00, 0x00, 0xff, 0xff, 0xab, 0xff, 0xff, 0xff, 0xff, 0xff, 0xe8, 0xff, 0xff, 0xbf, 0xff, 0xff, 0xe1, 0xff, 0xff, 0xff,
    0xff, 0xff, 0xda, 0xff, 0xff, 0x09, 0x00, 0x00, 0x00, 0x00, 0x00, 0x00, 0x00, 0x00, 0x00, 0x00, 0x00, 0x00, 0x00, 0x00, 0x00, 0xff, 0xff, 0x39,
    0xff, 0xff, 0xf5, 0xff, 0xff, 0xf1, 0xff, 0xff, 0x2c, 0x00, 0x00, 0x00, 0x00, 0x00, 0x00, 0x00, 0x00, 0x00, 0xff, 0xff, 0x37, 0xff, 0xff, 0xff,
    0xff, 0xff, 0xf1, 0x00, 0x00, 0x00, 0x00, 0x00, 0x00, 0x00, 0x00, 0x00, 0x00, 0x00, 0x00, 0x00, 0x00, 0x00, 0x00, 0x00, 0x00, 0x00, 0x00, 0x00,
    0x00, 0x00, 0x00, 0x00, 0x00, 0x00, 0x00, 0x00, 0x00, 0x00, 0x00, 0x00, 0xff, 0xff, 0x8a, 0xff, 0xff, 0xff, 0xff, 0xff, 0x8d, 0x00, 0x00, 0x00,
    0x00, 0x00, 0x00, 0xff, 0xff, 0x63, 0xff, 0xff, 0xff, 0xff, 0xff, 0xfe, 0xff, 0xff, 0x3d, 0xff, 0xff, 0x0c, 0xff, 0xff, 0xe0, 0xff, 0xff, 0xfd,
    0xff, 0xff, 0x3b, 0x00, 0x00, 0x00, 0x00, 0x00, 0x00, 0x00, 0x00, 0x00, 0x00, 0x00, 0x00, 0x00, 0x00, 0x00, 0x00, 0x00, 0x00, 0x00, 0x00, 0x00,
    0xff, 0xff, 0x4a, 0xff, 0xff, 0x42, 0x00, 0x00, 0x00, 0x00, 0x00, 0x00, 0x00, 0x00, 0x00, 0x00, 0x00, 0x00, 0xff, 0xff, 0x3b, 0xff, 0xff, 0xff,
    0xff, 0xff, 0xea, 0x00, 0x00, 0x00, 0x00, 0x00, 0x00, 0x00, 0x00, 0x00, 0x00, 0x00, 0x00, 0x00, 0x00, 0x00, 0x00, 0x00, 0x00, 0x00, 0x00, 0x00,
    0x00, 0x00, 0x00, 0x00, 0x00, 0x00, 0x00, 0x00, 0x00, 0x00, 0x00, 0x00, 0xff, 0xff, 0xbc, 0xff, 0xff, 0xff, 0xff, 0xff, 0x5f, 0x00, 0x00, 0x00,
    0xff, 0xff, 0x05, 0xff, 0xff, 0xe5, 0xff, 0xff, 0xff, 0xff, 0xff, 0xff, 0xff, 0xff, 0xff, 0xff, 0xff, 0xff, 0xff, 0xff, 0xff, 0xff, 0xff, 0xff,
    0xff, 0xff, 0xff, 0xff, 0xff, 0xff, 0xff, 0xff, 0xdf, 0x00, 0x00, 0x00, 0x00, 0x00, 0x00, 0x00, 0x00, 0x00, 0x00, 0x00, 0x00, 0x00, 0x00, 0x00,
    0x00, 0x00, 0x00, 0x00, 0x00, 0x00, 0x00, 0x00, 0x00, 0x00, 0x00, 0x00, 0x00, 0x00, 0x00, 0x00, 0x00, 0x00, 0xff, 0xff, 0x4e, 0xff, 0xff, 0xff,
    0xff, 0xff, 0xe6, 0x00, 0x00, 0x00, 0x00, 0x00, 0x00, 0x00, 0x00, 0x00, 0x00, 0x00, 0x00, 0x00, 0x00, 0x00, 0x00, 0x00, 0x00, 0x00, 0x00, 0x00,
    0x00, 0x00, 0x00, 0x00, 0x00, 0x00, 0x00, 0x00, 0x00, 0x00, 0x00, 0x00, 0xff, 0xff, 0xee, 0xff, 0xff, 0xff, 0xff, 0xff, 0x32, 0x00, 0x00, 0x00,
    0x00, 0x00, 0x00, 0xff, 0xff, 0x2e, 0xff, 0xff, 0xf0, 0xff, 0xff, 0xff, 0xff, 0xff, 0xda, 0xff, 0xff, 0xe7, 0xff, 0xff, 0xff, 0xff, 0xff, 0xe5,
    0xff, 0xff, 0xda, 0xff, 0xff, 0xff, 0xff, 0xff, 0xdf, 0x00, 0x00, 0x00, 0xff, 0xff, 0x4f, 0xff, 0xff, 0xff, 0xff, 0xff, 0xff, 0xff, 0xff, 0xff,
    0xff, 0xff, 0xff, 0xff, 0xff, 0x7b, 0x00, 0x00, 0x00, 0x00, 0x00, 0x00, 0x00, 0x00, 0x00, 0x00, 0x00, 0x00, 0xff, 0xff, 0x68, 0xff, 0xff, 0xff,
    0xff, 0xff, 0xf9, 0xff, 0xff, 0x02, 0x00, 0x00, 0x00, 0x00, 0x00, 0x00, 0x00, 0x00, 0x00, 0x00, 0x00, 0x00, 0x00, 0x00, 0x00, 0x00, 0x00, 0x00,
    0x00, 0x00, 0x00, 0x00, 0x00, 0x00, 0x00, 0x00, 0x00, 0xff, 0xff, 0x24, 0xff, 0xff, 0xff, 0xff, 0xff, 0xff, 0xff, 0xff, 0xff, 0xff, 0xff, 0xff,
    0xff, 0xff, 0xff, 0xff, 0xff, 0x37, 0xff, 0xff, 0xd3, 0xff, 0xff, 0xff, 0xff, 0xff, 0x23, 0xff, 0xff, 0x73, 0xff, 0xff, 0xff, 0xff, 0xff, 0x63,
    0xff, 0xff, 0x27, 0xff, 0xff, 0xff, 0xff, 0xff, 0xdf, 0x00, 0x00, 0x00, 0xff, 0xff, 0x4f, 0xff, 0xff, 0xff, 0xff, 0xff, 0xff, 0xff, 0xff, 0xff,
    0xff, 0xff, 0xff, 0xff, 0xff, 0x7b, 0x00, 0x00, 0x00, 0x00, 0x00, 0x00, 0x00, 0x00, 0x00, 0x00, 0x00, 0x00, 0xff, 0xff, 0x83, 0xff, 0xff, 0xff,
    0xff, 0xff, 0xff, 0xff, 0xff, 0x20, 0x00, 0x00, 0x00, 0x00, 0x00, 0x00, 0x00, 0x00, 0x00, 0x00, 0x00, 0x00, 0x00, 0x00, 0x00, 0x00, 0x00, 0x00,
    0x00, 0x00, 0x00, 0x00, 0x00, 0x00, 0x00, 0x00, 0x00, 0xff, 0xff, 0x77, 0xff, 0xff, 0xff, 0xff, 0xff, 0xfe, 0xff, 0xff, 0xe3, 0xff, 0xff, 0xf7,
    0xff, 0xff, 0xff, 0xff, 0xff, 0x37, 0xff, 0xff, 0xd3, 0xff, 0xff, 0xff, 0xff, 0xff, 0xad, 0xff, 0xff, 0xcb, 0xff, 0xff, 0xff, 0xff, 0xff, 0xc5,
    0xff, 0xff, 0xae, 0xff, 0xff, 0xff, 0xff, 0xff, 0xdf, 0x00, 0x00, 0x00, 0xff, 0xff, 0x06, 0xff, 0xff, 0x13, 0xff, 0xff, 0x13, 0xff, 0xff, 0xa3,
    0xff, 0xff, 0xff, 0xff, 0xff, 0x7b, 0x00, 0x00, 0x00, 0x00, 0x00, 0x00, 0x00, 0x00, 0x00, 0x00, 0x00, 0x00, 0xff, 0xff, 0x9d, 0xff, 0xff, 0xff,
    0xff, 0xff, 0xff, 0xff, 0xff, 0x58, 0x00, 0x00, 0x00, 0x00, 0x00, 0x00, 0x00, 0x00, 0x00, 0x00, 0x00, 0x00, 0x00, 0x00, 0x00, 0x00, 0x00, 0x00,
    0x00, 0x00, 0x00, 0x00, 0x00, 0x00, 0xff, 0xff, 0x01, 0xff, 0xff, 0xd5, 0xff, 0xff, 0xff, 0xff, 0xff, 0xef, 0x00, 0x00, 0x00, 0xff, 0xff, 0xb3,
    0xff, 0xff, 0xff, 0xff, 0xff, 0x37, 0xff, 0xff, 0xd4, 0xff, 0xff, 0xff, 0xff, 0xff, 0xff, 0xff, 0xff, 0xff, 0xff, 0xff, 0xff, 0xff, 0xff, 0xff,
    0xff, 0xff, 0xff, 0xff, 0xff, 0xff, 0xff, 0xff, 0xdf, 0x00, 0x00, 0x00, 0x00, 0x00, 0x00, 0x00, 0x00, 0x00, 0x00, 0x00, 0x00, 0xff, 0xff, 0x9b,
    0xff, 0xff, 0xff, 0xff, 0xff, 0x7b, 0x00, 0x00, 0x00, 0x00, 0x00, 0x00, 0x00, 0x00, 0x00, 0x00, 0x00, 0x00, 0xff, 0xff, 0xc4, 0xff, 0xff, 0xff,
    0xff, 0xff, 0xff, 0xff, 0xff, 0x96, 0x00, 0x00, 0x00, 0x00, 0x00, 0x00, 0x00, 0x00, 0x00, 0x00, 0x00, 0x00, 0x00, 0x00, 0x00, 0x00, 0x00, 0x00,
    0x00, 0x00, 0x00, 0x00, 0x00, 0x00, 0xff, 0xff, 0x59, 0xff, 0xff, 0xff, 0xff, 0xff, 0xff, 0xff, 0xff, 0xef, 0x00, 0x00, 0x00, 0xff, 0xff, 0xb3,
    0xff, 0xff, 0xff, 0xff, 0xff, 0x37, 0xff, 0xff, 0xe0, 0xff, 0xff, 0xff, 0xff, 0xff, 0x1d, 0xff, 0xff, 0x73, 0xff, 0xff, 0xff, 0xff, 0xff, 0x63,
    0xff, 0xff, 0x27, 0xff, 0xff, 0xff, 0xff, 0xff, 0xdf, 0x00, 0x00, 0x00, 0x00, 0x00, 0x00, 0x00, 0x00, 0x00, 0x00, 0x00, 0x00, 0xff, 0xff, 0x9b,
    0xff, 0xff, 0xff, 0xff, 0xff, 0x7b, 0x00, 0x00, 0x00, 0x00, 0x00, 0x00, 0x00, 0x00, 0x00, 0xff, 0xff, 0x0a, 0xff, 0xff, 0xfa, 0xff, 0xff, 0xff,
    0xff, 0xff, 0xff, 0xff, 0xff, 0xda, 0x00, 0x00, 0x00, 0x00, 0x00, 0x00, 0x00, 0x00, 0x00, 0x00, 0x00, 0x00, 0x00, 0x00, 0x00, 0x00, 0x00, 0x00,
    0x00, 0x00, 0x00, 0x00, 0x00, 0x00, 0xff, 0xff, 0x7f, 0xff, 0xff, 0xff, 0xff, 0xff, 0xff, 0xff, 0xff, 0xef, 0x00, 0x00, 0x00, 0xff, 0xff, 0xb3,
    0xff, 0xff, 0xff, 0xff, 0xff, 0x37, 0xff, 0xff, 0xf0, 0xff, 0xff, 0xff, 0xff, 0xff, 0xd8, 0xff, 0xff, 0xe7, 0xff, 0xff, 0xff, 0xff, 0xff, 0xe5,
    0xff, 0xff, 0xda, 0xff, 0xff, 0xff, 0xff, 0xff, 0xdf, 0x00, 0x00, 0x00, 0x00, 0x00, 0x00, 0x00, 0x00, 0x00, 0x00, 0x00, 0x00, 0xff, 0xff, 0x9b,
    0xff, 0xff, 0xff, 0xff, 0xff, 0x7b, 0x00, 0x00, 0x00, 0x00, 0x00, 0x00, 0x00, 0x00, 0x00, 0xff, 0xff, 0x54, 0xff, 0xff, 0xff, 0xff, 0xff, 0xeb,
    0xff, 0xff, 0xe5, 0xff, 0xff, 0xff, 0xff, 0xff, 0x48, 0x00, 0x00, 0x00, 0x00, 0x00, 0x00, 0x00, 0x00, 0x00, 0x00, 0x00, 0x00, 0x00, 0x00, 0x00,
    0x00, 0x00, 0x00, 0x00, 0x00, 0x00, 0xff, 0xff, 0x0b, 0xff, 0xff, 0xe0, 0xff, 0xff, 0xfb, 0xff, 0xff, 0xef, 0x00, 0x00, 0x00, 0xff, 0xff, 0xb3,
    0xff, 0xff, 0xff, 0xff, 0xff, 0x4a, 0xff, 0xff, 0xfe, 0xff, 0xff, 0xff, 0xff, 0xff, 0xff, 0xff, 0xff, 0xff, 0xff, 0xff, 0xff, 0xff, 0xff, 0xff,
    0xff, 0xff, 0xff, 0xff, 0xff, 0xff, 0xff, 0xff, 0xdf, 0x00, 0x00, 0x00, 0x00, 0x00, 0x00, 0x00, 0x00, 0x00, 0x00, 0x00, 0x00, 0xff, 0xff, 0x9b,
    0xff, 0xff, 0xff, 0xff, 0xff, 0x7f, 0xff, 0xff, 0x83, 0xff, 0xff, 0x39, 0x00, 0x00, 0x00, 0xff, 0xff, 0xbe, 0xff, 0xff, 0xff, 0xff, 0xff, 0x89,
    0xff, 0xff, 0x7d, 0xff, 0xff, 0xff, 0xff, 0xff, 0xbd, 0x00, 0x00, 0x00, 0x00, 0x00, 0x00, 0x00, 0x00, 0x00, 0x00, 0x00, 0x00, 0x00, 0x00, 0x00,
    0x00, 0x00, 0x00, 0x00, 0x00, 0x00, 0x00, 0x00, 0x00, 0xff, 0xff, 0x1c, 0xff, 0xff, 0xf3, 0xff, 0xff, 0xef, 0x00, 0x00, 0x00, 0xff, 0xff, 0xb3,
    0xff, 0xff, 0xff, 0xff, 0xff, 0x91, 0xff, 0xff, 0xff, 0xff, 0xff, 0xc1, 0x00, 0x00, 0x00, 0x00, 0x00, 0x00, 0x00, 0x00, 0x00, 0x00, 0x00, 0x00,
    0xff, 0xff, 0x27, 0xff, 0xff, 0xff, 0xff, 0xff, 0xdf, 0x00, 0x00, 0x00, 0x00, 0x00, 0x00, 0x00, 0x00, 0x00, 0x00, 0x00, 0x00, 0xff, 0xff, 0x9c,
    0xff, 0xff, 0xff, 0xff, 0xff, 0xf6, 0xff, 0xff, 0xff, 0xff, 0xff, 0x8b, 0xff, 0xff, 0x45, 0xff, 0xff, 0xff, 0xff, 0xff, 0xfe, 0xff, 0xff, 0x23,
    0xff, 0xff, 0x17, 0xff, 0xff, 0xf9, 0xff, 0xff, 0xff, 0xff, 0xff, 0x3a, 0x00, 0x00, 0x00, 0x00, 0x00, 0x00, 0x00, 0x00, 0x00, 0x00, 0x00, 0x00,
    0x00, 0x00, 0x00, 0x00, 0x00, 0x00, 0x00, 0x00, 0x00, 0x00, 0x00, 0x00, 0xff, 0xff, 0xf3, 0xff, 0xff, 0xff, 0xff, 0xff, 0xff, 0xff, 0xff, 0xff,
    0xff, 0xff, 0xff, 0xff, 0xff, 0xdb, 0xff, 0xff, 0xff, 0xff, 0xff, 0x85, 0x00, 0x00, 0x00, 0x00, 0x00, 0x00, 0x00, 0x00, 0x00, 0x00, 0x00, 0x00,
    0xff, 0xff, 0x27, 0xff, 0xff, 0xff, 0xff, 0xff, 0xdf, 0x00, 0x00, 0x00, 0x00, 0x00, 0x00, 0x00, 0x00, 0x00, 0x00, 0x00, 0x00, 0xff, 0xff, 0xcb,
    0xff, 0xff, 0xff, 0xff, 0xff, 0xff, 0xff, 0xff, 0xe1, 0xff, 0xff, 0x47, 0xff, 0xff, 0xe1, 0xff, 0xff, 0xff, 0xff, 0xff, 0xba, 0x00, 0x00, 0x00,
    0x00, 0x00, 0x00, 0xff, 0xff, 0xa4, 0xff, 0xff, 0xff, 0xff, 0xff, 0xdd, 0xff, 0xff, 0x0f, 0x00, 0x00, 0x00, 0x00, 0x00, 0x00, 0x00, 0x00, 0x00,
    0x00, 0x00, 0x00, 0x00, 0x00, 0x00, 0x00, 0x00, 0x00, 0x00, 0x00, 0x00, 0xff, 0xff, 0xf3, 0xff, 0xff, 0xfe, 0xff, 0xff, 0xe3, 0xff, 0xff, 0xe3,
    0xff, 0xff, 0xe3, 0xff, 0xff, 0xfe, 0xff, 0xff, 0xff, 0xff, 0xff, 0x49, 0x00, 0x00, 0x00, 0x00, 0x00, 0x00, 0xff, 0xff, 0x02, 0xff, 0xff, 0x02,
    0xff, 0xff, 0x39, 0xff, 0xff, 0xff, 0xff, 0xff, 0xdd, 0x00, 0x00, 0x00, 0x00, 0x00, 0x00, 0x00, 0x00, 0x00, 0xff, 0xff, 0x48, 0xff, 0xff, 0xfe,
    0xff, 0xff, 0xff, 0xff, 0xff, 0xbb, 0xff, 0xff, 0x28, 0xff, 0xff, 0xce, 0xff, 0xff, 0xff, 0xff, 0xff, 0xf9, 0xff, 0xff, 0x2f, 0x00, 0x00, 0x00,
    0x00, 0x00, 0x00, 0xff, 0xff, 0x1d, 0xff, 0xff, 0xf0, 0xff, 0xff, 0xff, 0xff, 0xff, 0xc7, 0xff, 0xff, 0x12, 0x00, 0x00, 0x00, 0x00, 0x00, 0x00,
    0x00, 0x00, 0x00, 0x00, 0x00, 0x00, 0x00, 0x00, 0x00, 0x00, 0x00, 0x00, 0xff, 0xff, 0xf3, 0xff, 0xff, 0xef, 0x00, 0x00, 0x00, 0x00, 0x00, 0x00,
    0xff, 0xff, 0x52, 0xff, 0xff, 0xff, 0xff, 0xff, 0xd3, 0xff, 0xff, 0x03, 0x00, 0x00, 0x00, 0x00, 0x00, 0x00, 0xff, 0xff, 0x3f, 0xff, 0xff, 0xff,
    0xff, 0xff, 0xff, 0xff, 0xff, 0xff, 0xff, 0xff, 0xc2, 0x00, 0x00, 0x00, 0x00, 0x00, 0x00, 0x00, 0x00, 0x00, 0xff, 0xff, 0x49, 0xff, 0xff, 0xfe,
    0xff, 0xff, 0x8f, 0xff, 0xff, 0x03, 0xff, 0xff, 0x3b, 0xff, 0xff, 0xf1, 0xff, 0xff, 0xff, 0xff, 0xff, 0x6b, 0x00, 0x00, 0x00, 0x00, 0x00, 0x00,
    0x00, 0x00, 0x00, 0x00, 0x00, 0x00, 0xff, 0xff, 0x56, 0xff, 0xff, 0xfd, 0xff, 0xff, 0xfb, 0xff, 0xff, 0x4d, 0x00, 0x00, 0x00, 0x00, 0x00, 0x00,
    0x00, 0x00, 0x00, 0x00, 0x00, 0x00, 0x00, 0x00, 0x00, 0x00, 0x00, 0x00, 0xff, 0xff, 0x2d, 0xff, 0xff, 0x2c, 0x00, 0x00, 0x00, 0x00, 0x00, 0x00,
    0xff, 0xff, 0x08, 0xff, 0xff, 0xa0, 0xff, 0xff, 0x46, 0x00, 0x00, 0x00, 0x00, 0x00, 0x00, 0x00, 0x00, 0x00, 0xff, 0xff, 0x03, 0xff, 0xff, 0xe8,
    0xff, 0xff, 0xf0, 0xff, 0xff, 0xc4, 0xff, 0xff, 0x36, 0x00, 0x00, 0x00, 0x00, 0x00, 0x00, 0x00, 0x00, 0x00, 0x00, 0x00, 0x00, 0xff, 0xff, 0x43,
    0x00, 0x00, 0x00, 0x00, 0x00, 0x00, 0x00, 0x00, 0x00, 0xff, 0xff, 0x43, 0xff, 0xff, 0x73, 0x00, 0x00, 0x00, 0x00, 0x00, 0x00, 0x00, 0x00, 0x00,
    0x00, 0x00, 0x00, 0x00, 0x00, 0x00, 0x00, 0x00, 0x00, 0xff, 0xff, 0x5d, 0xff, 0xff, 0x68, 0x00, 0x00, 0x00, 0x00, 0x00, 0x00, 0x00, 0x00, 0x00,
    0x00, 0x00, 0x00, 0x00, 0x00, 0x00, 0x00, 0x00, 0x00, 0x00, 0x00, 0x00, 0x00, 0x00, 0x00, 0x00, 0x00, 0x00, 0x00, 0x00, 0x00, 0x00, 0x00, 0x00,
    0x00, 0x00, 0x00, 0x00, 0x00, 0x00, 0x00, 0x00, 0x00, 0x00, 0x00, 0x00, 0x00, 0x00, 0x00, 0x00, 0x00, 0x00, 0x00, 0x00, 0x00, 0x00, 0x00, 0x00,
    0x00, 0x00, 0x00, 0x00, 0x00, 0x00, 0x00, 0x00, 0x00, 0x00, 0x00, 0x00, 0x00, 0x00, 0x00, 0x00, 0x00, 0x00, 0x00, 0x00, 0x00, 0x00, 0x00, 0x00,
    0x00, 0x00, 0x00, 0x00, 0x00, 0x00, 0x00, 0x00, 0x00, 0x00, 0x00, 0x00, 0x00, 0x00, 0x00, 0x00, 0x00, 0x00, 0x00, 0x00, 0x00, 0x00, 0x00, 0x00,
    0x00, 0x00, 0x00, 0x00, 0x00, 0x00, 0x00, 0x00, 0x00, 0x00, 0x00, 0x00, 0x00, 0x00, 0x00, 0x00, 0x00, 0x00, 0x00, 0x00, 0x00, 0x00, 0x00, 0x00,
    0x00, 0x00, 0x00, 0x00, 0x00, 0x00, 0x00, 0x00, 0x00, 0x00, 0x00, 0x00, 0x00, 0x00, 0x00, 0x00, 0x00, 0x00, 0x00, 0x00, 0x00, 0x00, 0x00, 0x00,
    0x00, 0x00, 0x00, 0x00, 0x00, 0x00, 0x00, 0x00, 0x00, 0x00, 0x00, 0x00, 0x00, 0x00, 0x00, 0x00, 0x00, 0x00, 0x00, 0x00, 0x00, 0x00, 0x00, 0x00,
    0x00, 0x00, 0x00, 0x00, 0x00, 0x00, 0x00, 0x00, 0x00, 0x00, 0x00, 0x00, 0x00, 0x00, 0x00, 0x00, 0x00, 0x00, 0x00, 0x00, 0x00, 0x00, 0x00, 0x00,
    0x00, 0x00, 0x00, 0x00, 0x00, 0x00, 0x00, 0x00, 0x00, 0x00, 0x00, 0x00, 0x00, 0x00, 0x00, 0x00, 0x00, 0x00, 0x00, 0x00, 0x00, 0x00, 0x00, 0x00,
    0x00, 0x00, 0x00, 0x00, 0x00, 0x00, 0x00, 0x00, 0x00, 0x00, 0x00, 0x00, 0x00, 0x00, 0x00, 0x00, 0x00, 0x00, 0x00, 0x00, 0x00, 0x00, 0x00, 0x00,
    0x00, 0x00, 0x00, 0x00, 0x00, 0x00, 0x00, 0x00, 0x00, 0x00, 0x00, 0x00, 0x00, 0x00, 0x00, 0x00, 0x00, 0x00, 0x00, 0x00, 0x00, 0x00, 0x00, 0x00,
    0x00, 0x00, 0x00, 0x00, 0x00, 0x00, 0x00, 0x00, 0x00, 0x00, 0x00, 0x00, 0x00, 0x00, 0x00, 0x00, 0x00, 0x00, 0x00, 0x00, 0x00, 0x00, 0x00, 0x00,
    0x00, 0x00, 0x00, 0x00, 0x00, 0x00, 0x00, 0x00, 0x00, 0x00, 0x00, 0x00, 0x00, 0x00, 0x00, 0x00, 0x00, 0x00, 0x00, 0x00, 0x00, 0x00, 0x00, 0x00,
    0x00, 0x00, 0x00, 0x00, 0x00, 0x00, 0x00, 0x00, 0x00, 0x00, 0x00, 0x00, 0x00, 0x00, 0x00, 0x00, 0x00, 0x00, 0x00, 0x00, 0x00, 0x00, 0x00, 0x00,
    0x00, 0x00, 0x00, 0x00, 0x00, 0x00, 0x00, 0x00, 0x00, 0x00, 0x00, 0x00, 0x00, 0x00, 0x00, 0x00, 0x00, 0x00, 0x00, 0x00, 0x00, 0x00, 0x00, 0x00,
};
const lv_img_dsc_t rx_confirm = {
    .header.always_zero = 0,
    .header.w = 40,
    .header.h = 23,
    .data_size = 2760,
    .header.cf = LV_IMG_CF_TRUE_COLOR_ALPHA,
    .data = rx_confirm_map,
};
