#include "rehab_voice_assistant_assets.h"

#ifndef LV_ATTRIBUTE_IMG_VOICE_LISTENING
#define LV_ATTRIBUTE_IMG_VOICE_LISTENING
#endif
const LV_ATTRIBUTE_MEM_ALIGN LV_ATTRIBUTE_LARGE_CONST LV_ATTRIBUTE_IMG_VOICE_LISTENING uint8_t voice_listening_map[] = {
    0x00, 0x00, 0x00, 0x00, 0x00, 0x00, 0x00, 0x00, 0x00, 0x00, 0x00, 0x00, 0x00, 0x00, 0x00, 0x00, 0x00, 0x00, 0x00, 0x00, 0x00, 0x00, 0x00, 0x00,
    0x00, 0x00, 0x00, 0x00, 0x00, 0x00, 0x00, 0x00, 0x00, 0x00, 0x00, 0x00, 0x00, 0x00, 0x00, 0x00, 0x00, 0x00, 0x00, 0x00, 0x00, 0x00, 0x00, 0x00,
    0x00, 0x00, 0x00, 0x00, 0x00, 0x00, 0x00, 0x00, 0x00, 0x00, 0x00, 0x00, 0x00, 0x00, 0x00, 0x00, 0x00, 0x00, 0x00, 0x00, 0x00, 0x00, 0x00, 0x00,
    0x00, 0x00, 0x00, 0x00, 0x00, 0x00, 0x00, 0x00, 0x00, 0x00, 0x00, 0x00, 0x00, 0x00, 0x00, 0x00, 0x00, 0x00, 0x00, 0x00, 0x00, 0x00, 0x00, 0x00,
    0x00, 0x00, 0x00, 0x00, 0x00, 0x00, 0x00, 0x00, 0x00, 0x00, 0x00, 0x00, 0x00, 0x00, 0x00, 0x00, 0x00, 0x00, 0x00, 0x00, 0x00, 0x00, 0x00, 0x00,
    0x00, 0x00, 0x00, 0x00, 0x00, 0x00, 0x00, 0x00, 0x00, 0x00, 0x00, 0x00, 0x00, 0x00, 0x00, 0x00, 0x00, 0x00, 0x00, 0x00, 0x00, 0x00, 0x00, 0x00,
    0x00, 0x00, 0x00, 0x00, 0x00, 0x00, 0x00, 0x00, 0x00, 0x00, 0x00, 0x00, 0x00, 0x00, 0x00, 0x00, 0x00, 0x00, 0x00, 0x00, 0x00, 0x00, 0x00, 0x00,
    0x00, 0x00, 0x00, 0x00, 0x00, 0x00, 0x00, 0x00, 0x00, 0x00, 0x00, 0x00, 0x00, 0x00, 0x00, 0x00, 0x00, 0x00, 0x00, 0x00, 0x00, 0x00, 0x00, 0x00,
    0x00, 0x00, 0x00, 0x00, 0x00, 0x00, 0x00, 0x00, 0x00, 0x00, 0x00, 0x00, 0x00, 0x00, 0x00, 0x00, 0x00, 0x00, 0x00, 0x00, 0x00, 0x00, 0x00, 0x00,
    0x00, 0x00, 0x00, 0x00, 0x00, 0x00, 0x00, 0x00, 0x00, 0x00, 0x00, 0x00, 0x00, 0x00, 0x00, 0x00, 0x00, 0x00, 0x00, 0x00, 0x00, 0x00, 0x00, 0x00,
    0x00, 0x00, 0x00, 0x00, 0x00, 0x00, 0x00, 0x00, 0x00, 0x00, 0x00, 0x00, 0x00, 0x00, 0x00, 0x00, 0x00, 0x00, 0x00, 0x00, 0x00, 0x00, 0x00, 0x00,
    0x00, 0x00, 0x00, 0x00, 0x00, 0x00, 0x00, 0x00, 0x00, 0x00, 0x00, 0x00, 0x00, 0x00, 0x00, 0x00, 0x00, 0x00, 0x00, 0x00, 0x00, 0x00, 0x00, 0x00,
    0x00, 0x00, 0x00, 0x00, 0x00, 0x00, 0x00, 0x00, 0x00, 0x00, 0x00, 0x00, 0x00, 0x00, 0x00, 0x00, 0x00, 0x00, 0x00, 0x00, 0x00, 0x00, 0x00, 0x00,
    0x00, 0x00, 0x00, 0x00, 0x00, 0x00, 0x00, 0x00, 0x00, 0x00, 0x00, 0x00, 0x00, 0x00, 0x00, 0x00, 0x00, 0x00, 0x00, 0x00, 0x00, 0x00, 0x00, 0x00,
    0x00, 0x00, 0x00, 0x00, 0x00, 0x00, 0x00, 0x00, 0x00, 0x00, 0x00, 0x00, 0x00, 0x00, 0x00, 0x00, 0x00, 0x00, 0x00, 0x00, 0x00, 0x00, 0x00, 0x00,
    0x00, 0x00, 0x00, 0x00, 0x00, 0x00, 0x00, 0x00, 0x00, 0x00, 0x00, 0x00, 0x00, 0x00, 0x00, 0x00, 0x00, 0x00, 0x00, 0x00, 0x00, 0x00, 0x00, 0x00,
    0x00, 0x00, 0x00, 0x00, 0x00, 0x00, 0x00, 0x00, 0x00, 0x00, 0x00, 0x00, 0x00, 0x00, 0x00, 0x00, 0x00, 0x00, 0x00, 0x00, 0x00, 0x00, 0x00, 0x00,
    0x00, 0x00, 0x00, 0x00, 0x00, 0x00, 0x00, 0x00, 0x00, 0x00, 0x00, 0x00, 0x00, 0x00, 0x00, 0x00, 0x00, 0x00, 0x00, 0x00, 0x00, 0x00, 0x00, 0x00,
    0x00, 0x00, 0x00, 0x00, 0x00, 0x00, 0x00, 0x00, 0x00, 0x00, 0x00, 0x00, 0x00, 0x00, 0x00, 0x00, 0x00, 0x00, 0x00, 0x00, 0x00, 0x00, 0x00, 0x00,
    0x00, 0x00, 0x00, 0x00, 0x00, 0x00, 0x00, 0x00, 0x00, 0x00, 0x00, 0x00, 0x00, 0x00, 0x00, 0x00, 0x00, 0x00, 0x00, 0x00, 0x00, 0x00, 0x00, 0x00,
    0x00, 0x00, 0x00, 0x00, 0x00, 0x00, 0x00, 0x00, 0x00, 0x00, 0x00, 0x00, 0x00, 0x00, 0x00, 0x00, 0x00, 0x00, 0x00, 0x00, 0x00, 0x00, 0x00, 0x00,
    0x00, 0x00, 0x00, 0x00, 0x00, 0x00, 0x00, 0x00, 0x00, 0x00, 0x00, 0x00, 0x00, 0x00, 0x00, 0x00, 0x00, 0x00, 0x00, 0x00, 0x00, 0x00, 0x00, 0x00,
    0x00, 0x00, 0x00, 0x00, 0x00, 0x00, 0x00, 0x00, 0x00, 0x00, 0x00, 0x00, 0x00, 0x00, 0x00, 0x00, 0x00, 0x00, 0x00, 0x00, 0x00, 0x00, 0x00, 0x00,
    0x00, 0x00, 0x00, 0x00, 0x00, 0x00, 0x00, 0x00, 0x00, 0x00, 0x00, 0x00, 0x00, 0x00, 0x00, 0x00, 0x00, 0x00, 0x00, 0x00, 0x00, 0x00, 0x00, 0x00,
    0x00, 0x00, 0x00, 0x00, 0x00, 0x00, 0x00, 0x00, 0x00, 0x00, 0x00, 0x00, 0x00, 0x00, 0x00, 0x00, 0x00, 0x00, 0x00, 0x00, 0x00, 0x00, 0x00, 0x00,
    0x00, 0x00, 0x00, 0x00, 0x00, 0x00, 0x00, 0x00, 0x00, 0x00, 0x00, 0x00, 0x00, 0x00, 0x00, 0x00, 0x00, 0x00, 0x00, 0x00, 0x00, 0x00, 0x00, 0x00,
    0x00, 0x00, 0x00, 0x00, 0x00, 0x00, 0x00, 0x00, 0x00, 0x00, 0x00, 0x00, 0x00, 0x00, 0x00, 0x00, 0x00, 0x00, 0x00, 0x00, 0x00, 0x00, 0x00, 0x00,
    0x00, 0x00, 0x00, 0x00, 0x00, 0x00, 0x00, 0x00, 0x00, 0x00, 0x00, 0x00, 0x00, 0x00, 0x00, 0x00, 0x00, 0x00, 0x00, 0x00, 0x00, 0x00, 0x00, 0x00,
    0x00, 0x00, 0x00, 0x00, 0x00, 0x00, 0x00, 0x00, 0x00, 0x00, 0x00, 0x00, 0x00, 0x00, 0x00, 0x00, 0x00, 0x00, 0x00, 0x00, 0x00, 0x00, 0x00, 0x00,
    0x00, 0x00, 0x00, 0x00, 0x00, 0x00, 0x00, 0x00, 0x00, 0x00, 0x00, 0x00, 0x00, 0x00, 0x00, 0x00, 0x00, 0x00, 0x00, 0x00, 0x00, 0x00, 0x00, 0x00,
    0x00, 0x00, 0x00, 0x00, 0x00, 0x00, 0x00, 0x00, 0x00, 0x00, 0x00, 0x00, 0x00, 0x00, 0x00, 0x00, 0x00, 0x00, 0x00, 0x00, 0x00, 0x00, 0x00, 0x00,
    0x00, 0x00, 0x00, 0x00, 0x00, 0x00, 0x00, 0x00, 0x00, 0x00, 0x00, 0x00, 0x00, 0x00, 0x00, 0x00, 0x00, 0x00, 0x00, 0x00, 0x00, 0x00, 0x00, 0x00,
    0x00, 0x00, 0x00, 0x00, 0x00, 0x00, 0x00, 0x00, 0x00, 0x00, 0x00, 0x00, 0x00, 0x00, 0x00, 0x00, 0x00, 0x00, 0x00, 0x00, 0x00, 0x00, 0x00, 0x00,
    0x00, 0x00, 0x00, 0x00, 0x00, 0x00, 0x00, 0x00, 0x00, 0x00, 0x00, 0x00, 0x00, 0x00, 0x00, 0x00, 0x00, 0x00, 0x00, 0x00, 0x00, 0x00, 0x00, 0x00,
    0x00, 0x00, 0x00, 0x00, 0x00, 0x00, 0x00, 0x00, 0x00, 0x00, 0x00, 0x00, 0x00, 0x00, 0x00, 0x00, 0x00, 0x00, 0x00, 0x00, 0x00, 0x00, 0x00, 0x00,
    0x00, 0x00, 0x00, 0x00, 0x00, 0x00, 0x00, 0x00, 0x00, 0x00, 0x00, 0x00, 0x00, 0x00, 0x00, 0x00, 0x00, 0x00, 0x00, 0x00, 0x00, 0x00, 0x00, 0x00,
    0x00, 0x00, 0x00, 0x00, 0x00, 0x00, 0x00, 0x00, 0x00, 0x00, 0x00, 0x00, 0x00, 0x00, 0x00, 0x00, 0x00, 0x00, 0x00, 0x00, 0x00, 0x00, 0x00, 0x00,
    0x00, 0x00, 0x00, 0x00, 0x00, 0x00, 0x00, 0x00, 0x00, 0x00, 0x00, 0x00, 0x00, 0x00, 0x00, 0x00, 0x00, 0x00, 0x00, 0x00, 0x00, 0x00, 0x00, 0x00,
    0x00, 0x00, 0x00, 0x00, 0x00, 0x00, 0x00, 0x00, 0x00, 0x00, 0x00, 0x00, 0x00, 0x00, 0x00, 0x00, 0x00, 0x00, 0x00, 0x00, 0x00, 0x00, 0x00, 0x00,
    0x00, 0x00, 0x00, 0x00, 0x00, 0x00, 0x00, 0x00, 0x00, 0x00, 0x00, 0x00, 0x00, 0x00, 0x00, 0x00, 0x00, 0x00, 0x00, 0x00, 0x00, 0x00, 0x00, 0x00,
    0x00, 0x00, 0x00, 0x00, 0x00, 0x00, 0x00, 0x00, 0x00, 0x00, 0x00, 0x00, 0x00, 0x00, 0x00, 0x00, 0x00, 0x00, 0x00, 0x00, 0x00, 0x00, 0x00, 0x00,
    0x00, 0x00, 0x00, 0x00, 0x00, 0x00, 0x00, 0x00, 0x00, 0x00, 0x00, 0x00, 0x00, 0x00, 0x00, 0x00, 0x00, 0x00, 0x00, 0x00, 0x00, 0x00, 0x00, 0x00,
    0x00, 0x00, 0x00, 0x00, 0x00, 0x00, 0x00, 0x00, 0x00, 0x00, 0x00, 0x00, 0x00, 0x00, 0x00, 0x00, 0x00, 0x00, 0x00, 0x00, 0x00, 0x00, 0x00, 0x00,
    0x00, 0x00, 0x00, 0x00, 0x00, 0x00, 0x00, 0x00, 0x00, 0x00, 0x00, 0x00, 0x00, 0x00, 0x00, 0x00, 0x00, 0x00, 0x00, 0x00, 0x00, 0x00, 0x00, 0x00,
    0x00, 0x00, 0x00, 0x00, 0x00, 0x00, 0x00, 0x00, 0x00, 0x00, 0x00, 0x00, 0x00, 0x00, 0x00, 0x00, 0x00, 0x00, 0x00, 0x00, 0x00, 0x00, 0x00, 0x00,
    0x00, 0x00, 0x00, 0x00, 0x00, 0x00, 0x00, 0x00, 0x00, 0x00, 0x00, 0x00, 0x00, 0x00, 0x00, 0x00, 0x00, 0x00, 0x00, 0x00, 0x00, 0x00, 0x00, 0x00,
    0x00, 0x00, 0x00, 0x00, 0x00, 0x00, 0x00, 0x00, 0x00, 0x00, 0x00, 0x00, 0x00, 0x00, 0x00, 0x00, 0x00, 0x00, 0x00, 0x00, 0x00, 0x00, 0x00, 0x00,
    0x00, 0x00, 0x00, 0x00, 0x00, 0x00, 0x00, 0x00, 0x00, 0x00, 0x00, 0x00, 0x00, 0x00, 0x00, 0x00, 0x00, 0x00, 0x00, 0x00, 0x00, 0x00, 0x00, 0x00,
    0x00, 0x00, 0x00, 0x00, 0x00, 0x00, 0x00, 0x00, 0x00, 0x00, 0x00, 0x00, 0x00, 0x00, 0x00, 0x00, 0x00, 0x00, 0x00, 0x00, 0x00, 0x00, 0x00, 0x00,
    0x00, 0x00, 0x00, 0x00, 0x00, 0x00, 0x00, 0x00, 0x00, 0x00, 0x00, 0x00, 0x00, 0x00, 0x00, 0x00, 0x00, 0x00, 0x00, 0x00, 0x00, 0x00, 0x00, 0x00,
    0x00, 0x00, 0x00, 0x00, 0x00, 0x00, 0x00, 0x00, 0x00, 0x00, 0x00, 0x00, 0x00, 0x00, 0x00, 0x00, 0x00, 0x00, 0x00, 0x00, 0x00, 0x00, 0x00, 0x00,
    0x00, 0x00, 0x00, 0x00, 0x00, 0x00, 0x00, 0x00, 0x00, 0x00, 0x00, 0x00, 0x00, 0x00, 0x00, 0x00, 0x00, 0x00, 0x00, 0x00, 0x00, 0x00, 0x00, 0x00,
    0x00, 0x00, 0x00, 0x00, 0x00, 0x00, 0x00, 0x00, 0x00, 0x00, 0x00, 0x00, 0x00, 0x00, 0x00, 0x00, 0x00, 0x00, 0x00, 0x00, 0x00, 0x00, 0x00, 0x00,
    0x00, 0x00, 0x00, 0x00, 0x00, 0x00, 0x00, 0x00, 0x00, 0x00, 0x00, 0x00, 0x00, 0x00, 0x00, 0x00, 0x00, 0x00, 0x00, 0x00, 0x00, 0x00, 0x00, 0x00,
    0x00, 0x00, 0x00, 0x00, 0x00, 0x00, 0x00, 0x00, 0x00, 0x00, 0x00, 0x00, 0x00, 0x00, 0x00, 0x00, 0x00, 0x00, 0x00, 0x00, 0x00, 0x00, 0x00, 0x00,
    0x00, 0x00, 0x00, 0x00, 0x00, 0x00, 0x00, 0x00, 0x00, 0x00, 0x00, 0x00, 0x00, 0x00, 0x00, 0x00, 0x00, 0x00, 0x00, 0x00, 0x00, 0x00, 0x00, 0x00,
    0x00, 0x00, 0x00, 0x00, 0x00, 0x00, 0x00, 0x00, 0x00, 0x00, 0x00, 0x00, 0x00, 0x00, 0x00, 0x00, 0x00, 0x00, 0x00, 0x00, 0x00, 0x00, 0x00, 0x00,
    0x00, 0x00, 0x00, 0x00, 0x00, 0x00, 0x00, 0x00, 0x00, 0x00, 0x00, 0x00, 0x00, 0x00, 0x00, 0x00, 0x00, 0x00, 0x00, 0x00, 0x00, 0x00, 0x00, 0x00,
    0x00, 0x00, 0x00, 0x00, 0x00, 0x00, 0x00, 0x00, 0x00, 0x00, 0x00, 0x00, 0x00, 0x00, 0x00, 0x00, 0x00, 0x00, 0x00, 0x00, 0x00, 0x00, 0x00, 0x00,
    0x00, 0x00, 0x00, 0x00, 0x00, 0x00, 0x00, 0x00, 0x00, 0x00, 0x00, 0x00, 0x00, 0x00, 0x00, 0x00, 0x00, 0x00, 0x00, 0x00, 0x00, 0x00, 0x00, 0x00,
    0x00, 0x00, 0x00, 0x00, 0x00, 0x00, 0x00, 0x00, 0x00, 0x00, 0x00, 0x00, 0x00, 0x00, 0x00, 0x00, 0x00, 0x00, 0x00, 0x00, 0x00, 0x00, 0x00, 0x00,
    0x00, 0x00, 0x00, 0x00, 0x00, 0x00, 0x00, 0x00, 0x00, 0x00, 0x00, 0x00, 0x00, 0x00, 0x00, 0x00, 0x00, 0x00, 0x00, 0x00, 0x00, 0x00, 0x00, 0x00,
    0x00, 0x00, 0x00, 0x00, 0x00, 0x00, 0x00, 0x00, 0x00, 0x00, 0x00, 0x00, 0x00, 0x00, 0x00, 0x00, 0x00, 0x00, 0x00, 0x00, 0x00, 0x00, 0x00, 0x00,
    0x00, 0x00, 0x00, 0x00, 0x00, 0x00, 0x00, 0x00, 0x00, 0x00, 0x00, 0x00, 0x00, 0x00, 0x00, 0x00, 0x00, 0x00, 0x00, 0x00, 0x00, 0x00, 0x00, 0x00,
    0x00, 0x00, 0x00, 0x00, 0x00, 0x00, 0x00, 0x00, 0x00, 0x00, 0x00, 0x00, 0x00, 0x00, 0x00, 0x00, 0x00, 0x00, 0x00, 0x00, 0x00, 0x00, 0x00, 0x00,
    0x00, 0x00, 0x00, 0x00, 0x00, 0x00, 0x00, 0x00, 0x00, 0x00, 0x00, 0x00, 0x00, 0x00, 0x00, 0x00, 0x00, 0x00, 0x00, 0x00, 0x00, 0x00, 0x00, 0x00,
    0x00, 0x00, 0x00, 0x00, 0x00, 0x00, 0x00, 0x00, 0x00, 0x00, 0x00, 0x00, 0x00, 0x00, 0x00, 0x00, 0x00, 0x00, 0x00, 0x00, 0x00, 0x00, 0x00, 0x00,
    0x00, 0x00, 0x00, 0x00, 0x00, 0x00, 0x00, 0x00, 0x00, 0x00, 0x00, 0x00, 0x00, 0x00, 0x00, 0x00, 0x00, 0x00, 0x00, 0x00, 0x00, 0x00, 0x00, 0x00,
    0x00, 0x00, 0x00, 0x00, 0x00, 0x00, 0x00, 0x00, 0x00, 0x00, 0x00, 0x00, 0x00, 0x00, 0x00, 0x24, 0x21, 0x51, 0x24, 0x21, 0x3a, 0x24, 0x21, 0x04,
    0x00, 0x00, 0x00, 0x00, 0x00, 0x00, 0x00, 0x00, 0x00, 0x00, 0x00, 0x00, 0x00, 0x00, 0x00, 0x00, 0x00, 0x00, 0x00, 0x00, 0x00, 0x00, 0x00, 0x00,
    0x00, 0x00, 0x00, 0x00, 0x00, 0x00, 0x00, 0x00, 0x00, 0x00, 0x00, 0x00, 0x00, 0x00, 0x00, 0x00, 0x00, 0x00, 0x00, 0x00, 0x00, 0x00, 0x00, 0x00,
    0x00, 0x00, 0x00, 0x00, 0x00, 0x00, 0x00, 0x00, 0x00, 0x00, 0x00, 0x00, 0x00, 0x00, 0x00, 0x00, 0x00, 0x00, 0x00, 0x00, 0x00, 0x00, 0x00, 0x00,
    0x00, 0x00, 0x00, 0x00, 0x00, 0x00, 0x00, 0x00, 0x00, 0x24, 0x21, 0x0f, 0x24, 0x21, 0x5e, 0x24, 0x21, 0x16, 0x00, 0x00, 0x00, 0x00, 0x00, 0x00,
    0x00, 0x00, 0x00, 0x00, 0x00, 0x00, 0x00, 0x00, 0x00, 0x00, 0x00, 0x00, 0x00, 0x00, 0x00, 0x00, 0x00, 0x00, 0x00, 0x00, 0x00, 0x00, 0x00, 0x00,
    0x00, 0x00, 0x00, 0x00, 0x00, 0x00, 0x00, 0x00, 0x00, 0x00, 0x00, 0x00, 0x00, 0x00, 0x00, 0x00, 0x00, 0x00, 0x00, 0x00, 0x00, 0x00, 0x00, 0x00,
    0x00, 0x00, 0x00, 0x00, 0x00, 0x00, 0x00, 0x00, 0x00, 0x00, 0x00, 0x00, 0x00, 0x00, 0x00, 0x00, 0x00, 0x00, 0x00, 0x00, 0x00, 0x24, 0x21, 0x0d,
    0x24, 0x21, 0x18, 0x00, 0x00, 0x00, 0x00, 0x00, 0x00, 0x00, 0x00, 0x00, 0x00, 0x00, 0x00, 0x00, 0x00, 0x00, 0x00, 0x00, 0x00, 0x00, 0x00, 0x00,
    0x00, 0x00, 0x00, 0x00, 0x00, 0x00, 0x00, 0x00, 0x00, 0x00, 0x00, 0x00, 0x00, 0x00, 0x00, 0x00, 0x00, 0x00, 0x00, 0x00, 0x00, 0x00, 0x00, 0x00,
    0x00, 0x00, 0x00, 0x00, 0x00, 0x00, 0x00, 0x00, 0x00, 0x00, 0x00, 0x00, 0x00, 0x00, 0x00, 0x00, 0x00, 0x00, 0x00, 0x00, 0x00, 0x00, 0x00, 0x00,
    0x00, 0x00, 0x00, 0x00, 0x00, 0x00, 0x00, 0x00, 0x00, 0x00, 0x00, 0x00, 0x00, 0x00, 0x00, 0x00, 0x00, 0x00, 0x00, 0x00, 0x00, 0x00, 0x00, 0x00,
    0x00, 0x00, 0x00, 0x00, 0x00, 0x00, 0x00, 0x00, 0x00, 0x00, 0x00, 0x00, 0x00, 0x00, 0x00, 0x00, 0x00, 0x00, 0x00, 0x00, 0x00, 0x00, 0x00, 0x00,
    0x00, 0x00, 0x00, 0x00, 0x00, 0x00, 0x00, 0x00, 0x00, 0x00, 0x00, 0x00, 0x00, 0x00, 0x00, 0x00, 0x00, 0x00, 0x00, 0x00, 0x00, 0x00, 0x00, 0x00,
    0x00, 0x00, 0x00, 0x00, 0x00, 0x00, 0x00, 0x00, 0x00, 0x00, 0x00, 0x00, 0x00, 0x00, 0x00, 0x00, 0x00, 0x00, 0x00, 0x00, 0x00, 0x00, 0x00, 0x00,
    0x00, 0x00, 0x00, 0x00, 0x00, 0x00, 0x00, 0x00, 0x00, 0x00, 0x00, 0x00, 0x00, 0x00, 0x00, 0x00, 0x00, 0x00, 0x00, 0x00, 0x00, 0x00, 0x00, 0x00,
    0x00, 0x00, 0x00, 0x00, 0x00, 0x00, 0x00, 0x00, 0x00, 0x00, 0x00, 0x00, 0x24, 0x21, 0x06, 0x24, 0x21, 0xf0, 0x24, 0x21, 0xfb, 0x24, 0x21, 0x13,
    0x00, 0x00, 0x00, 0x00, 0x00, 0x00, 0x00, 0x00, 0x00, 0x00, 0x00, 0x00, 0x00, 0x00, 0x00, 0x00, 0x00, 0x00, 0x00, 0x00, 0x00, 0x00, 0x00, 0x00,
    0x00, 0x00, 0x00, 0x00, 0x00, 0x00, 0x00, 0x00, 0x00, 0x00, 0x00, 0x00, 0x00, 0x00, 0x00, 0x24, 0x21, 0x89, 0x24, 0x21, 0x9f, 0x24, 0x21, 0x9f,
    0x24, 0x21, 0x9f, 0x24, 0x21, 0x9f, 0x24, 0x21, 0x9f, 0x24, 0x21, 0x9f, 0x24, 0x21, 0x9f, 0x24, 0x21, 0x9f, 0x24, 0x21, 0x45, 0x00, 0x00, 0x00,
    0x00, 0x00, 0x00, 0x00, 0x00, 0x00, 0x00, 0x00, 0x00, 0x24, 0x21, 0x74, 0x24, 0x21, 0xff, 0x24, 0x21, 0x67, 0x00, 0x00, 0x00, 0x00, 0x00, 0x00,
    0x00, 0x00, 0x00, 0x00, 0x00, 0x00, 0x00, 0x00, 0x00, 0x00, 0x00, 0x00, 0x00, 0x00, 0x00, 0x00, 0x00, 0x00, 0x00, 0x00, 0x00, 0x00, 0x00, 0x00,
    0x00, 0x00, 0x00, 0x00, 0x00, 0x00, 0x00, 0x00, 0x00, 0x00, 0x00, 0x00, 0x00, 0x00, 0x00, 0x00, 0x00, 0x00, 0x00, 0x00, 0x00, 0x00, 0x00, 0x00,
    0x00, 0x00, 0x00, 0x00, 0x00, 0x00, 0x00, 0x00, 0x00, 0x00, 0x00, 0x00, 0x24, 0x21, 0x03, 0x24, 0x21, 0x41, 0x24, 0x21, 0x98, 0x24, 0x21, 0xf2,
    0x24, 0x21, 0xdf, 0x24, 0x21, 0x1d, 0x00, 0x00, 0x00, 0x00, 0x00, 0x00, 0x00, 0x00, 0x00, 0x00, 0x00, 0x00, 0x00, 0x00, 0x00, 0x00, 0x00, 0x00,
    0x00, 0x00, 0x00, 0x00, 0x00, 0x00, 0x00, 0x00, 0x00, 0x00, 0x00, 0x00, 0x00, 0x00, 0x00, 0x00, 0x00, 0x00, 0x00, 0x00, 0x00, 0x00, 0x00, 0x00,
    0x00, 0x00, 0x00, 0x00, 0x00, 0x00, 0x00, 0x00, 0x00, 0x00, 0x00, 0x00, 0x00, 0x00, 0x00, 0x00, 0x00, 0x00, 0x00, 0x00, 0x00, 0x00, 0x00, 0x00,
    0x00, 0x00, 0x00, 0x00, 0x00, 0x00, 0x00, 0x00, 0x00, 0x00, 0x00, 0x00, 0x00, 0x00, 0x00, 0x00, 0x00, 0x00, 0x00, 0x00, 0x00, 0x00, 0x00, 0x00,
    0x00, 0x00, 0x00, 0x00, 0x00, 0x00, 0x00, 0x00, 0x00, 0x00, 0x00, 0x00, 0x00, 0x00, 0x00, 0x00, 0x00, 0x00, 0x24, 0x21, 0xa5, 0x24, 0x21, 0xc3,
    0x24, 0x21, 0xc3, 0x24, 0x21, 0xc3, 0x24, 0x21, 0xc3, 0x24, 0x21, 0xc3, 0x24, 0x21, 0xc3, 0x24, 0x21, 0xc3, 0x24, 0x21, 0xc3, 0x24, 0x21, 0xc3,
    0x24, 0x21, 0xc3, 0x24, 0x21, 0xc3, 0x24, 0x21, 0xc3, 0x24, 0x21, 0xc3, 0x24, 0x21, 0xc3, 0x24, 0x21, 0xc3, 0x24, 0x21, 0xc3, 0x24, 0x21, 0xc3,
    0x24, 0x21, 0xc3, 0x24, 0x21, 0xc3, 0x00, 0x00, 0x00, 0x00, 0x00, 0x00, 0x00, 0x00, 0x00, 0x00, 0x00, 0x00, 0x00, 0x00, 0x00, 0x00, 0x00, 0x00,
    0x00, 0x00, 0x00, 0x00, 0x00, 0x00, 0x00, 0x00, 0x00, 0x00, 0x00, 0x00, 0x24, 0x21, 0x4c, 0x24, 0x21, 0xff, 0x24, 0x21, 0xb5, 0x00, 0x00, 0x00,
    0x00, 0x00, 0x00, 0x00, 0x00, 0x00, 0x00, 0x00, 0x00, 0x00, 0x00, 0x00, 0x00, 0x00, 0x00, 0x00, 0x00, 0x00, 0x00, 0x00, 0x00, 0x00, 0x00, 0x00,
    0x00, 0x00, 0x00, 0x00, 0x00, 0x00, 0x00, 0x00, 0x00, 0x00, 0x00, 0x00, 0x00, 0x00, 0x00, 0x24, 0x21, 0xdb, 0x24, 0x21, 0xff, 0x24, 0x21, 0xff,
    0x24, 0x21, 0xff, 0x24, 0x21, 0xff, 0x24, 0x21, 0xff, 0x24, 0x21, 0xff, 0x24, 0x21, 0xff, 0x24, 0x21, 0xff, 0x24, 0x21, 0x6f, 0x00, 0x00, 0x00,
    0x00, 0x00, 0x00, 0x00, 0x00, 0x00, 0x24, 0x21, 0x04, 0x24, 0x21, 0xe2, 0x24, 0x21, 0xff, 0x24, 0x21, 0x58, 0x00, 0x00, 0x00, 0x00, 0x00, 0x00,
    0x00, 0x00, 0x00, 0x00, 0x00, 0x00, 0x00, 0x00, 0x00, 0x00, 0x00, 0x00, 0x00, 0x00, 0x00, 0x00, 0x00, 0x00, 0x00, 0x00, 0x00, 0x00, 0x00, 0x00,
    0x00, 0x00, 0x00, 0x00, 0x00, 0x00, 0x00, 0x00, 0x00, 0x00, 0x00, 0x00, 0x00, 0x00, 0x00, 0x00, 0x00, 0x00, 0x00, 0x00, 0x00, 0x00, 0x00, 0x00,
    0x24, 0x21, 0x03, 0x24, 0x21, 0x32, 0x24, 0x21, 0x6e, 0x24, 0x21, 0xab, 0x24, 0x21, 0xec, 0x24, 0x21, 0xff, 0x24, 0x21, 0xff, 0x24, 0x21, 0xfd,
    0x24, 0x21, 0xba, 0x24, 0x21, 0x43, 0x00, 0x00, 0x00, 0x00, 0x00, 0x00, 0x00, 0x00, 0x00, 0x00, 0x00, 0x00, 0x00, 0x00, 0x00, 0x00, 0x00, 0x00,
    0x00, 0x00, 0x00, 0x00, 0x00, 0x00, 0x00, 0x00, 0x00, 0x00, 0x00, 0x00, 0x00, 0x00, 0x00, 0x00, 0x00, 0x00, 0x00, 0x00, 0x00, 0x00, 0x00, 0x00,
    0x00, 0x00, 0x00, 0x00, 0x00, 0x00, 0x00, 0x00, 0x00, 0x00, 0x00, 0x00, 0x00, 0x00, 0x00, 0x00, 0x00, 0x00, 0x00, 0x00, 0x00, 0x00, 0x00, 0x00,
    0x00, 0x00, 0x00, 0x00, 0x00, 0x00, 0x00, 0x00, 0x00, 0x00, 0x00, 0x00, 0x00, 0x00, 0x00, 0x00, 0x00, 0x00, 0x00, 0x00, 0x00, 0x00, 0x00, 0x00,
    0x00, 0x00, 0x00, 0x00, 0x00, 0x00, 0x00, 0x00, 0x00, 0x00, 0x00, 0x00, 0x00, 0x00, 0x00, 0x00, 0x00, 0x00, 0x24, 0x21, 0xd7, 0x24, 0x21, 0xff,
    0x24, 0x21, 0xff, 0x24, 0x21, 0xff, 0x24, 0x21, 0xff, 0x24, 0x21, 0xff, 0x24, 0x21, 0xff, 0x24, 0x21, 0xff, 0x24, 0x21, 0xff, 0x24, 0x21, 0xff,
    0x24, 0x21, 0xff, 0x24, 0x21, 0xff, 0x24, 0x21, 0xff, 0x24, 0x21, 0xff, 0x24, 0x21, 0xff, 0x24, 0x21, 0xff, 0x24, 0x21, 0xff, 0x24, 0x21, 0xff,
    0x24, 0x21, 0xff, 0x24, 0x21, 0xff, 0x00, 0x00, 0x00, 0x00, 0x00, 0x00, 0x00, 0x00, 0x00, 0x00, 0x00, 0x00, 0x00, 0x00, 0x00, 0x00, 0x00, 0x00,
    0x00, 0x00, 0x00, 0x00, 0x00, 0x00, 0x00, 0x00, 0x00, 0x00, 0x00, 0x00, 0x24, 0x21, 0xa1, 0x24, 0x21, 0xff, 0x24, 0x21, 0x5c, 0x00, 0x00, 0x00,
    0x00, 0x00, 0x00, 0x00, 0x00, 0x00, 0x00, 0x00, 0x00, 0x00, 0x00, 0x00, 0x00, 0x00, 0x00, 0x00, 0x00, 0x00, 0x00, 0x00, 0x00, 0x00, 0x00, 0x00,
    0x00, 0x00, 0x00, 0x00, 0x00, 0x00, 0x00, 0x00, 0x00, 0x00, 0x00, 0x00, 0x00, 0x00, 0x00, 0x00, 0x00, 0x00, 0x24, 0x21, 0x7b, 0x24, 0x21, 0xff,
    0x24, 0x21, 0x17, 0x00, 0x00, 0x00, 0x00, 0x00, 0x00, 0x24, 0x21, 0xc3, 0x24, 0x21, 0xd7, 0x00, 0x00, 0x00, 0x00, 0x00, 0x00, 0x00, 0x00, 0x00,
    0x00, 0x00, 0x00, 0x00, 0x00, 0x00, 0x24, 0x21, 0x6f, 0x24, 0x21, 0xff, 0x24, 0x21, 0xf4, 0x24, 0x21, 0xe3, 0x24, 0x21, 0x0b, 0x00, 0x00, 0x00,
    0x00, 0x00, 0x00, 0x00, 0x00, 0x00, 0x00, 0x00, 0x00, 0x00, 0x00, 0x00, 0x00, 0x00, 0x00, 0x24, 0x21, 0x2f, 0x24, 0x21, 0xff, 0x24, 0x21, 0xff,
    0x24, 0x21, 0xff, 0x24, 0x21, 0xff, 0x24, 0x21, 0xff, 0x24, 0x21, 0xff, 0x24, 0x21, 0x7b, 0x00, 0x00, 0x00, 0x00, 0x00, 0x00, 0x24, 0x21, 0x80,
    0x24, 0x21, 0xf2, 0x24, 0x21, 0xff, 0x24, 0x21, 0xff, 0x24, 0x21, 0xff, 0x24, 0x21, 0xde, 0x24, 0x21, 0xa4, 0x24, 0x21, 0x5e, 0x24, 0x21, 0x15,
    0x00, 0x00, 0x00, 0x00, 0x00, 0x00, 0x00, 0x00, 0x00, 0x00, 0x00, 0x00, 0x00, 0x00, 0x00, 0x00, 0x00, 0x00, 0x00, 0x00, 0x00, 0x00, 0x00, 0x00,
    0x00, 0x00, 0x00, 0x00, 0x00, 0x00, 0x00, 0x00, 0x00, 0x00, 0x00, 0x00, 0x00, 0x00, 0x00, 0x00, 0x00, 0x00, 0x00, 0x00, 0x00, 0x00, 0x00, 0x00,
    0x00, 0x00, 0x00, 0x00, 0x00, 0x00, 0x00, 0x00, 0x00, 0x00, 0x00, 0x00, 0x00, 0x00, 0x00, 0x00, 0x00, 0x00, 0x00, 0x00, 0x00, 0x00, 0x00, 0x00,
    0x00, 0x00, 0x00, 0x00, 0x00, 0x00, 0x00, 0x00, 0x00, 0x00, 0x00, 0x00, 0x00, 0x00, 0x00, 0x00, 0x00, 0x00, 0x00, 0x00, 0x00, 0x00, 0x00, 0x00,
    0x00, 0x00, 0x00, 0x00, 0x00, 0x00, 0x00, 0x00, 0x00, 0x00, 0x00, 0x00, 0x00, 0x00, 0x00, 0x00, 0x00, 0x00, 0x00, 0x00, 0x00, 0x00, 0x00, 0x00,
    0x00, 0x00, 0x00, 0x00, 0x00, 0x00, 0x00, 0x00, 0x00, 0x00, 0x00, 0x00, 0x00, 0x00, 0x00, 0x00, 0x00, 0x00, 0x00, 0x00, 0x00, 0x24, 0x21, 0x57,
    0x24, 0x21, 0xff, 0x24, 0x21, 0x8b, 0x00, 0x00, 0x00, 0x00, 0x00, 0x00, 0x00, 0x00, 0x00, 0x00, 0x00, 0x00, 0x00, 0x00, 0x00, 0x00, 0x00, 0x00,
    0x00, 0x00, 0x00, 0x00, 0x00, 0x00, 0x00, 0x00, 0x00, 0x00, 0x00, 0x00, 0x00, 0x00, 0x00, 0x24, 0x21, 0x5b, 0x24, 0x21, 0xb7, 0x24, 0x21, 0xb7,
    0x24, 0x21, 0xb7, 0x24, 0x21, 0xb7, 0x24, 0x21, 0xb7, 0x24, 0x21, 0xb7, 0x24, 0x21, 0xf4, 0x24, 0x21, 0xff, 0x24, 0x21, 0xc2, 0x24, 0x21, 0xb7,
    0x24, 0x21, 0xb7, 0x24, 0x21, 0xb7, 0x24, 0x21, 0xb7, 0x24, 0x21, 0xb7, 0x24, 0x21, 0xb7, 0x24, 0x21, 0xb7, 0x24, 0x21, 0xb7, 0x24, 0x21, 0xb7,
    0x24, 0x21, 0xb7, 0x24, 0x21, 0xb7, 0x24, 0x21, 0x61, 0x00, 0x00, 0x00, 0x00, 0x00, 0x00, 0x00, 0x00, 0x00, 0x24, 0x21, 0x7b, 0x24, 0x21, 0xff,
    0x24, 0x21, 0x17, 0x00, 0x00, 0x00, 0x00, 0x00, 0x00, 0x24, 0x21, 0xc3, 0x24, 0x21, 0xd7, 0x00, 0x00, 0x00, 0x00, 0x00, 0x00, 0x00, 0x00, 0x00,
    0x00, 0x00, 0x00, 0x24, 0x21, 0x19, 0x24, 0x21, 0xf1, 0x24, 0x21, 0xd5, 0x24, 0x21, 0x32, 0x24, 0x21, 0xf9, 0x24, 0x21, 0x94, 0x00, 0x00, 0x00,
    0x00, 0x00, 0x00, 0x00, 0x00, 0x00, 0x00, 0x00, 0x00, 0x00, 0x00, 0x00, 0x00, 0x00, 0x00, 0x24, 0x21, 0x2f, 0x24, 0x21, 0xff, 0x24, 0x21, 0xe2,
    0x24, 0x21, 0xbb, 0x24, 0x21, 0xbb, 0x24, 0x21, 0xd1, 0x24, 0x21, 0xff, 0x24, 0x21, 0x7b, 0x00, 0x00, 0x00, 0x00, 0x00, 0x00, 0x24, 0x21, 0xa7,
    0x24, 0x21, 0xff, 0x24, 0x21, 0x9d, 0x24, 0x21, 0x4f, 0x24, 0x21, 0x16, 0x00, 0x00, 0x00, 0x00, 0x00, 0x00, 0x00, 0x00, 0x00, 0x00, 0x00, 0x00,
    0x00, 0x00, 0x00, 0x00, 0x00, 0x00, 0x00, 0x00, 0x00, 0x00, 0x00, 0x00, 0x00, 0x00, 0x00, 0x00, 0x00, 0x00, 0x00, 0x00, 0x00, 0x00, 0x00, 0x00,
    0x00, 0x00, 0x00, 0x00, 0x00, 0x00, 0x00, 0x00, 0x00, 0x00, 0x00, 0x00, 0x00, 0x00, 0x00, 0x00, 0x00, 0x00, 0x00, 0x00, 0x00, 0x00, 0x00, 0x00,
    0x00, 0x00, 0x00, 0x00, 0x00, 0x00, 0x00, 0x00, 0x00, 0x00, 0x00, 0x00, 0x00, 0x00, 0x00, 0x00, 0x00, 0x00, 0x00, 0x00, 0x00, 0x00, 0x00, 0x00,
    0x00, 0x00, 0x00, 0x00, 0x00, 0x00, 0x00, 0x00, 0x00, 0x00, 0x00, 0x00, 0x00, 0x00, 0x00, 0x00, 0x00, 0x00, 0x00, 0x00, 0x00, 0x00, 0x00, 0x00,
    0x00, 0x00, 0x00, 0x00, 0x00, 0x00, 0x00, 0x00, 0x00, 0x00, 0x00, 0x00, 0x00, 0x00, 0x00, 0x00, 0x00, 0x00, 0x00, 0x00, 0x00, 0x00, 0x00, 0x00,
    0x00, 0x00, 0x00, 0x00, 0x00, 0x00, 0x00, 0x00, 0x00, 0x00, 0x00, 0x00, 0x00, 0x00, 0x00, 0x00, 0x00, 0x00, 0x00, 0x00, 0x00, 0x24, 0x21, 0x57,
    0x24, 0x21, 0xff, 0x24, 0x21, 0x8b, 0x00, 0x00, 0x00, 0x00, 0x00, 0x00, 0x00, 0x00, 0x00, 0x00, 0x00, 0x00, 0x00, 0x00, 0x00, 0x00, 0x00, 0x00,
    0x00, 0x00, 0x00, 0x00, 0x00, 0x00, 0x00, 0x00, 0x00, 0x00, 0x00, 0x00, 0x00, 0x00, 0x00, 0x24, 0x21, 0x7f, 0x24, 0x21, 0xff, 0x24, 0x21, 0xff,
    0x24, 0x21, 0xff, 0x24, 0x21, 0xff, 0x24, 0x21, 0xff, 0x24, 0x21, 0xff, 0x24, 0x21, 0xff, 0x24, 0x21, 0xff, 0x24, 0x21, 0xff, 0x24, 0x21, 0xff,
    0x24, 0x21, 0xff, 0x24, 0x21, 0xff, 0x24, 0x21, 0xff, 0x24, 0x21, 0xff, 0x24, 0x21, 0xff, 0x24, 0x21, 0xff, 0x24, 0x21, 0xff, 0x24, 0x21, 0xff,
    0x24, 0x21, 0xff, 0x24, 0x21, 0xff, 0x24, 0x21, 0x87, 0x00, 0x00, 0x00, 0x00, 0x00, 0x00, 0x00, 0x00, 0x00, 0x24, 0x21, 0x7b, 0x24, 0x21, 0xff,
    0x24, 0x21, 0x17, 0x00, 0x00, 0x00, 0x00, 0x00, 0x00, 0x24, 0x21, 0xc3, 0x24, 0x21, 0xd7, 0x00, 0x00, 0x00, 0x00, 0x00, 0x00, 0x00, 0x00, 0x00,
    0x00, 0x00, 0x00, 0x24, 0x21, 0xad, 0x24, 0x21, 0xfd, 0x24, 0x21, 0x39, 0x00, 0x00, 0x00, 0x24, 0x21, 0x7b, 0x24, 0x21, 0xff, 0x24, 0x21, 0x54,
    0x00, 0x00, 0x00, 0x00, 0x00, 0x00, 0x00, 0x00, 0x00, 0x00, 0x00, 0x00, 0x00, 0x00, 0x00, 0x24, 0x21, 0x2f, 0x24, 0x21, 0xff, 0x24, 0x21, 0x8f,
    0x00, 0x00, 0x00, 0x00, 0x00, 0x00, 0x24, 0x21, 0x4f, 0x24, 0x21, 0xff, 0x24, 0x21, 0x7b, 0x00, 0x00, 0x00, 0x00, 0x00, 0x00, 0x24, 0x21, 0xa7,
    0x24, 0x21, 0xff, 0x24, 0x21, 0x37, 0x00, 0x00, 0x00, 0x00, 0x00, 0x00, 0x00, 0x00, 0x00, 0x00, 0x00, 0x00, 0x00, 0x00, 0x00, 0x00, 0x00, 0x00,
    0x00, 0x00, 0x00, 0x00, 0x00, 0x00, 0x00, 0x00, 0x00, 0x00, 0x00, 0x00, 0x00, 0x00, 0x00, 0x00, 0x00, 0x00, 0x00, 0x00, 0x00, 0x00, 0x00, 0x00,
    0x00, 0x00, 0x00, 0x00, 0x00, 0x00, 0x00, 0x00, 0x00, 0x00, 0x00, 0x00, 0x00, 0x00, 0x00, 0x00, 0x00, 0x00, 0x00, 0x00, 0x00, 0x00, 0x00, 0x00,
    0x00, 0x00, 0x00, 0x00, 0x00, 0x00, 0x00, 0x00, 0x00, 0x00, 0x00, 0x00, 0x00, 0x00, 0x00, 0x00, 0x00, 0x00, 0x00, 0x00, 0x00, 0x00, 0x00, 0x00,
    0x00, 0x00, 0x00, 0x00, 0x00, 0x00, 0x00, 0x00, 0x00, 0x00, 0x00, 0x00, 0x00, 0x00, 0x00, 0x00, 0x00, 0x00, 0x00, 0x00, 0x00, 0x00, 0x00, 0x00,
    0x00, 0x00, 0x00, 0x00, 0x00, 0x00, 0x00, 0x00, 0x00, 0x00, 0x00, 0x00, 0x00, 0x00, 0x00, 0x00, 0x00, 0x00, 0x00, 0x00, 0x00, 0x00, 0x00, 0x00,
    0x00, 0x00, 0x00, 0x00, 0x00, 0x00, 0x00, 0x00, 0x00, 0x00, 0x00, 0x00, 0x00, 0x00, 0x00, 0x00, 0x00, 0x00, 0x00, 0x00, 0x00, 0x24, 0x21, 0x57,
    0x24, 0x21, 0xff, 0x24, 0x21, 0x8b, 0x00, 0x00, 0x00, 0x00, 0x00, 0x00, 0x00, 0x00, 0x00, 0x00, 0x00, 0x00, 0x00, 0x00, 0x00, 0x00, 0x00, 0x00,
    0x00, 0x00, 0x00, 0x00, 0x00, 0x00, 0x00, 0x00, 0x00, 0x00, 0x00, 0x00, 0x00, 0x00, 0x00, 0x00, 0x00, 0x00, 0x00, 0x00, 0x00, 0x00, 0x00, 0x00,
    0x00, 0x00, 0x00, 0x00, 0x00, 0x00, 0x24, 0x21, 0x10, 0x24, 0x21, 0xea, 0x24, 0x21, 0xf7, 0x24, 0x21, 0x1d, 0x00, 0x00, 0x00, 0x00, 0x00, 0x00,
    0x00, 0x00, 0x00, 0x00, 0x00, 0x00, 0x00, 0x00, 0x00, 0x00, 0x00, 0x00, 0x00, 0x00, 0x00, 0x00, 0x00, 0x00, 0x00, 0x00, 0x00, 0x00, 0x00, 0x00,
    0x00, 0x00, 0x00, 0x00, 0x00, 0x00, 0x00, 0x00, 0x00, 0x00, 0x00, 0x00, 0x00, 0x00, 0x00, 0x00, 0x00, 0x00, 0x24, 0x21, 0x7b, 0x24, 0x21, 0xff,
    0x24, 0x21, 0x17, 0x00, 0x00, 0x00, 0x00, 0x00, 0x00, 0x24, 0x21, 0xc3, 0x24, 0x21, 0xd7, 0x00, 0x00, 0x00, 0x00, 0x00, 0x00, 0x00, 0x00, 0x00,
    0x24, 0x21, 0x74, 0x24, 0x21, 0xff, 0x24, 0x21, 0x94, 0x00, 0x00, 0x00, 0x00, 0x00, 0x00, 0x24, 0x21, 0x04, 0x24, 0x21, 0xcd, 0x24, 0x21, 0xf1,
    0x24, 0x21, 0x2f, 0x00, 0x00, 0x00, 0x00, 0x00, 0x00, 0x00, 0x00, 0x00, 0x00, 0x00, 0x00, 0x24, 0x21, 0x2f, 0x24, 0x21, 0xff, 0x24, 0x21, 0x8f,
    0x00, 0x00, 0x00, 0x00, 0x00, 0x00, 0x24, 0x21, 0x4f, 0x24, 0x21, 0xff, 0x24, 0x21, 0x7b, 0x00, 0x00, 0x00, 0x00, 0x00, 0x00, 0x24, 0x21, 0xa7,
    0x24, 0x21, 0xff, 0x24, 0x21, 0x37, 0x00, 0x00, 0x00, 0x00, 0x00, 0x00, 0x00, 0x00, 0x00, 0x00, 0x00, 0x00, 0x00, 0x00, 0x00, 0x00, 0x00, 0x00,
    0x00, 0x00, 0x00, 0x00, 0x00, 0x00, 0x00, 0x00, 0x00, 0x00, 0x00, 0x00, 0x00, 0x00, 0x00, 0x00, 0x00, 0x00, 0x00, 0x00, 0x00, 0x00, 0x00, 0x00,
    0x00, 0x00, 0x00, 0x00, 0x00, 0x00, 0x00, 0x00, 0x00, 0x00, 0x00, 0x00, 0x00, 0x00, 0x00, 0x00, 0x00, 0x00, 0x00, 0x00, 0x00, 0x00, 0x00, 0x00,
    0x00, 0x00, 0x00, 0x00, 0x00, 0x00, 0x00, 0x00, 0x00, 0x00, 0x00, 0x00, 0x00, 0x00, 0x00, 0x00, 0x00, 0x00, 0x00, 0x00, 0x00, 0x00, 0x00, 0x00,
    0x00, 0x00, 0x00, 0x00, 0x00, 0x00, 0x00, 0x00, 0x00, 0x00, 0x00, 0x00, 0x00, 0x00, 0x00, 0x00, 0x00, 0x00, 0x00, 0x00, 0x00, 0x00, 0x00, 0x00,
    0x00, 0x00, 0x00, 0x00, 0x00, 0x00, 0x00, 0x00, 0x00, 0x00, 0x00, 0x00, 0x00, 0x00, 0x00, 0x00, 0x00, 0x00, 0x00, 0x00, 0x00, 0x00, 0x00, 0x00,
    0x00, 0x00, 0x00, 0x00, 0x00, 0x00, 0x00, 0x00, 0x00, 0x00, 0x00, 0x00, 0x00, 0x00, 0x00, 0x00, 0x00, 0x00, 0x00, 0x00, 0x00, 0x24, 0x21, 0x57,
    0x24, 0x21, 0xff, 0x24, 0x21, 0x8b, 0x00, 0x00, 0x00, 0x00, 0x00, 0x00, 0x00, 0x00, 0x00, 0x00, 0x00, 0x00, 0x00, 0x00, 0x00, 0x00, 0x00, 0x00,
    0x00, 0x00, 0x00, 0x00, 0x00, 0x00, 0x00, 0x00, 0x00, 0x00, 0x00, 0x00, 0x00, 0x00, 0x00, 0x00, 0x00, 0x00, 0x00, 0x00, 0x00, 0x00, 0x00, 0x00,
    0x00, 0x00, 0x00, 0x00, 0x00, 0x00, 0x24, 0x21, 0x91, 0x24, 0x21, 0xff, 0x24, 0x21, 0x87, 0x00, 0x00, 0x00, 0x00, 0x00, 0x00, 0x00, 0x00, 0x00,
    0x00, 0x00, 0x00, 0x00, 0x00, 0x00, 0x24, 0x21, 0x6e, 0x24, 0x21, 0xa7, 0x24, 0x21, 0x17, 0x00, 0x00, 0x00, 0x00, 0x00, 0x00, 0x00, 0x00, 0x00,
    0x00, 0x00, 0x00, 0x00, 0x00, 0x00, 0x00, 0x00, 0x00, 0x00, 0x00, 0x00, 0x00, 0x00, 0x00, 0x00, 0x00, 0x00, 0x24, 0x21, 0x7b, 0x24, 0x21, 0xff,
    0x24, 0x21, 0xff, 0x24, 0x21, 0xff, 0x24, 0x21, 0xff, 0x24, 0x21, 0xff, 0x24, 0x21, 0xd7, 0x00, 0x00, 0x00, 0x00, 0x00, 0x00, 0x24, 0x21, 0x46,
    0x24, 0x21, 0xfc, 0x24, 0x21, 0xdd, 0x24, 0x21, 0x0d, 0x24, 0x21, 0x15, 0x00, 0x00, 0x00, 0x00, 0x00, 0x00, 0x24, 0x21, 0x2d, 0x24, 0x21, 0xf8,
    0x24, 0x21, 0xe8, 0x24, 0x21, 0x24, 0x00, 0x00, 0x00, 0x00, 0x00, 0x00, 0x00, 0x00, 0x00, 0x24, 0x21, 0x2f, 0x24, 0x21, 0xff, 0x24, 0x21, 0x8f,
    0x00, 0x00, 0x00, 0x00, 0x00, 0x00, 0x24, 0x21, 0x4f, 0x24, 0x21, 0xff, 0x24, 0x21, 0x7b, 0x00, 0x00, 0x00, 0x00, 0x00, 0x00, 0x24, 0x21, 0xa7,
    0x24, 0x21, 0xff, 0x24, 0x21, 0x37, 0x00, 0x00, 0x00, 0x00, 0x00, 0x00, 0x00, 0x00, 0x00, 0x00, 0x00, 0x00, 0x00, 0x00, 0x00, 0x00, 0x00, 0x00,
    0x00, 0x00, 0x00, 0x00, 0x00, 0x00, 0x00, 0x00, 0x00, 0x00, 0x00, 0x00, 0x00, 0x00, 0x00, 0x00, 0x00, 0x00, 0x00, 0x00, 0x00, 0x00, 0x00, 0x00,
    0x00, 0x00, 0x00, 0x00, 0x00, 0x00, 0x00, 0x00, 0x00, 0x00, 0x00, 0x00, 0x00, 0x00, 0x00, 0x00, 0x00, 0x00, 0x00, 0x00, 0x00, 0x00, 0x00, 0x00,
    0x00, 0x00, 0x00, 0x00, 0x00, 0x00, 0x00, 0x00, 0x00, 0x00, 0x00, 0x00, 0x00, 0x00, 0x00, 0x00, 0x00, 0x00, 0x00, 0x00, 0x00, 0x00, 0x00, 0x00,
    0x00, 0x00, 0x00, 0x00, 0x00, 0x00, 0x00, 0x00, 0x00, 0x00, 0x00, 0x00, 0x00, 0x00, 0x00, 0x00, 0x00, 0x00, 0x00, 0x00, 0x00, 0x00, 0x00, 0x00,
    0x00, 0x00, 0x00, 0x00, 0x00, 0x00, 0x00, 0x00, 0x00, 0x00, 0x00, 0x00, 0x00, 0x00, 0x00, 0x00, 0x00, 0x00, 0x00, 0x00, 0x00, 0x00, 0x00, 0x00,
    0x24, 0x21, 0x17, 0x24, 0x21, 0x2f, 0x24, 0x21, 0x11, 0x00, 0x00, 0x00, 0x00, 0x00, 0x00, 0x00, 0x00, 0x00, 0x00, 0x00, 0x00, 0x24, 0x21, 0x57,
    0x24, 0x21, 0xff, 0x24, 0x21, 0x8b, 0x00, 0x00, 0x00, 0x00, 0x00, 0x00, 0x00, 0x00, 0x00, 0x00, 0x00, 0x00, 0x00, 0x00, 0x00, 0x00, 0x00, 0x00,
    0x00, 0x00, 0x00, 0x00, 0x00, 0x00, 0x00, 0x00, 0x00, 0x00, 0x00, 0x00, 0x00, 0x00, 0x00, 0x00, 0x00, 0x00, 0x00, 0x00, 0x00, 0x00, 0x00, 0x00,
    0x00, 0x00, 0x00, 0x24, 0x21, 0x2b, 0x24, 0x21, 0xfb, 0x24, 0x21, 0xeb, 0x24, 0x21, 0x0f, 0x00, 0x00, 0x00, 0x00, 0x00, 0x00, 0x00, 0x00, 0x00,
    0x00, 0x00, 0x00, 0x00, 0x00, 0x00, 0x24, 0x21, 0xa7, 0x24, 0x21, 0xff, 0x24, 0x21, 0x23, 0x00, 0x00, 0x00, 0x00, 0x00, 0x00, 0x00, 0x00, 0x00,
    0x00, 0x00, 0x00, 0x00, 0x00, 0x00, 0x00, 0x00, 0x00, 0x00, 0x00, 0x00, 0x00, 0x00, 0x00, 0x00, 0x00, 0x00, 0x24, 0x21, 0x7b, 0x24, 0x21, 0xff,
    0x24, 0x21, 0x8f, 0x24, 0x21, 0x83, 0x24, 0x21, 0x83, 0x24, 0x21, 0xe2, 0x24, 0x21, 0xd7, 0x00, 0x00, 0x00, 0x24, 0x21, 0x47, 0x24, 0x21, 0xf6,
    0x24, 0x21, 0xe6, 0x24, 0x21, 0x22, 0x24, 0x21, 0x45, 0x24, 0x21, 0xfa, 0x24, 0x21, 0x64, 0x00, 0x00, 0x00, 0x00, 0x00, 0x00, 0x24, 0x21, 0x57,
    0x24, 0x21, 0xfe, 0x24, 0x21, 0xe5, 0x24, 0x21, 0x35, 0x00, 0x00, 0x00, 0x00, 0x00, 0x00, 0x24, 0x21, 0x2f, 0x24, 0x21, 0xff, 0x24, 0x21, 0x8f,
    0x00, 0x00, 0x00, 0x00, 0x00, 0x00, 0x24, 0x21, 0x4f, 0x24, 0x21, 0xff, 0x24, 0x21, 0x7b, 0x00, 0x00, 0x00, 0x00, 0x00, 0x00, 0x24, 0x21, 0xa7,
    0x24, 0x21, 0xff, 0x24, 0x21, 0x37, 0x00, 0x00, 0x00, 0x00, 0x00, 0x00, 0x00, 0x00, 0x00, 0x00, 0x00, 0x00, 0x00, 0x00, 0x00, 0x00, 0x00, 0x00,
    0x00, 0x00, 0x00, 0x00, 0x00, 0x00, 0x00, 0x00, 0x00, 0x00, 0x00, 0x00, 0x00, 0x00, 0x00, 0x00, 0x00, 0x00, 0x00, 0x00, 0x00, 0x00, 0x00, 0x00,
    0x00, 0x00, 0x00, 0x00, 0x00, 0x00, 0x00, 0x00, 0x00, 0x00, 0x00, 0x00, 0x00, 0x00, 0x00, 0x00, 0x00, 0x00, 0x00, 0x00, 0x00, 0x00, 0x00, 0x00,
    0x00, 0x00, 0x00, 0x00, 0x00, 0x00, 0x00, 0x00, 0x00, 0x00, 0x00, 0x00, 0x00, 0x00, 0x00, 0x00, 0x00, 0x00, 0x00, 0x00, 0x00, 0x00, 0x00, 0x00,
    0x00, 0x00, 0x00, 0x00, 0x00, 0x00, 0x00, 0x00, 0x00, 0x00, 0x00, 0x00, 0x00, 0x00, 0x00, 0x00, 0x00, 0x00, 0x00, 0x00, 0x00, 0x00, 0x00, 0x00,
    0x00, 0x00, 0x00, 0x00, 0x00, 0x00, 0x00, 0x00, 0x00, 0x00, 0x00, 0x00, 0x00, 0x00, 0x00, 0x00, 0x00, 0x00, 0x00, 0x00, 0x00, 0x00, 0x00, 0x00,
    0x24, 0x21, 0x7f, 0x24, 0x21, 0xff, 0x24, 0x21, 0x5b, 0x00, 0x00, 0x00, 0x00, 0x00, 0x00, 0x00, 0x00, 0x00, 0x00, 0x00, 0x00, 0x24, 0x21, 0x57,
    0x24, 0x21, 0xff, 0x24, 0x21, 0x8b, 0x00, 0x00, 0x00, 0x00, 0x00, 0x00, 0x00, 0x00, 0x00, 0x00, 0x00, 0x00, 0x00, 0x00, 0x00, 0x00, 0x00, 0x00,
    0x00, 0x00, 0x00, 0x00, 0x00, 0x00, 0x00, 0x00, 0x00, 0x00, 0x00, 0x00, 0x00, 0x00, 0x00, 0x00, 0x00, 0x00, 0x00, 0x00, 0x00, 0x00, 0x00, 0x00,
    0x00, 0x00, 0x00, 0x24, 0x21, 0xbd, 0x24, 0x21, 0xff, 0x24, 0x21, 0x6d, 0x00, 0x00, 0x00, 0x00, 0x00, 0x00, 0x00, 0x00, 0x00, 0x00, 0x00, 0x00,
    0x00, 0x00, 0x00, 0x00, 0x00, 0x00, 0x24, 0x21, 0xa7, 0x24, 0x21, 0xff, 0x24, 0x21, 0x23, 0x00, 0x00, 0x00, 0x00, 0x00, 0x00, 0x00, 0x00, 0x00,
    0x00, 0x00, 0x00, 0x00, 0x00, 0x00, 0x00, 0x00, 0x00, 0x00, 0x00, 0x00, 0x00, 0x00, 0x00, 0x00, 0x00, 0x00, 0x24, 0x21, 0x7b, 0x24, 0x21, 0xff,
    0x24, 0x21, 0x17, 0x00, 0x00, 0x00, 0x00, 0x00, 0x00, 0x24, 0x21, 0xc3, 0x24, 0x21, 0xd7, 0x24, 0x21, 0x31, 0x24, 0x21, 0xf9, 0x24, 0x21, 0xec,
    0x24, 0x21, 0x2b, 0x00, 0x00, 0x00, 0x24, 0x21, 0x01, 0x24, 0x21, 0xae, 0x24, 0x21, 0xfd, 0x24, 0x21, 0x49, 0x00, 0x00, 0x00, 0x00, 0x00, 0x00,
    0x24, 0x21, 0x71, 0x24, 0x21, 0xff, 0x24, 0x21, 0xe1, 0x24, 0x21, 0x09, 0x00, 0x00, 0x00, 0x24, 0x21, 0x2f, 0x24, 0x21, 0xff, 0x24, 0x21, 0x8f,
    0x00, 0x00, 0x00, 0x00, 0x00, 0x00, 0x24, 0x21, 0x4f, 0x24, 0x21, 0xff, 0x24, 0x21, 0x7b, 0x00, 0x00, 0x00, 0x00, 0x00, 0x00, 0x24, 0x21, 0xa7,
    0x24, 0x21, 0xff, 0x24, 0x21, 0xff, 0x24, 0x21, 0xff, 0x24, 0x21, 0xff, 0x24, 0x21, 0xff, 0x24, 0x21, 0xff, 0x24, 0x21, 0xff, 0x24, 0x21, 0xff,
    0x24, 0x21, 0xff, 0x24, 0x21, 0xff, 0x24, 0x21, 0xcb, 0x00, 0x00, 0x00, 0x00, 0x00, 0x00, 0x00, 0x00, 0x00, 0x00, 0x00, 0x00, 0x00, 0x00, 0x00,
    0x00, 0x00, 0x00, 0x00, 0x00, 0x00, 0x00, 0x00, 0x00, 0x00, 0x00, 0x00, 0x00, 0x00, 0x00, 0x00, 0x00, 0x00, 0x00, 0x00, 0x00, 0x00, 0x00, 0x00,
    0x00, 0x00, 0x00, 0x00, 0x00, 0x00, 0x00, 0x00, 0x00, 0x00, 0x00, 0x00, 0x00, 0x00, 0x00, 0x00, 0x00, 0x00, 0x00, 0x00, 0x00, 0x00, 0x00, 0x00,
    0x00, 0x00, 0x00, 0x00, 0x00, 0x00, 0x00, 0x00, 0x00, 0x00, 0x00, 0x00, 0x00, 0x00, 0x00, 0x00, 0x00, 0x00, 0x00, 0x00, 0x00, 0x00, 0x00, 0x00,
    0x00, 0x00, 0x00, 0x00, 0x00, 0x00, 0x00, 0x00, 0x00, 0x00, 0x00, 0x00, 0x00, 0x00, 0x00, 0x00, 0x00, 0x00, 0x00, 0x00, 0x00, 0x00, 0x00, 0x00,
    0x24, 0x21, 0x7f, 0x24, 0x21, 0xff, 0x24, 0x21, 0x5b, 0x00, 0x00, 0x00, 0x00, 0x00, 0x00, 0x00, 0x00, 0x00, 0x00, 0x00, 0x00, 0x24, 0x21, 0x57,
    0x24, 0x21, 0xff, 0x24, 0x21, 0x8b, 0x00, 0x00, 0x00, 0x00, 0x00, 0x00, 0x00, 0x00, 0x00, 0x00, 0x00, 0x00, 0x00, 0x00, 0x00, 0x00, 0x00, 0x00,
    0x00, 0x00, 0x00, 0x00, 0x00, 0x00, 0x00, 0x00, 0x00, 0x00, 0x00, 0x00, 0x00, 0x00, 0x00, 0x00, 0x00, 0x00, 0x00, 0x00, 0x00, 0x00, 0x00, 0x00,
    0x24, 0x21, 0x58, 0x24, 0x21, 0xff, 0x24, 0x21, 0xdb, 0x24, 0x21, 0x05, 0x00, 0x00, 0x00, 0x00, 0x00, 0x00, 0x00, 0x00, 0x00, 0x00, 0x00, 0x00,
    0x00, 0x00, 0x00, 0x00, 0x00, 0x00, 0x24, 0x21, 0xa7, 0x24, 0x21, 0xff, 0x24, 0x21, 0x23, 0x00, 0x00, 0x00, 0x00, 0x00, 0x00, 0x00, 0x00, 0x00,
    0x00, 0x00, 0x00, 0x00, 0x00, 0x00, 0x00, 0x00, 0x00, 0x00, 0x00, 0x00, 0x00, 0x00, 0x00, 0x00, 0x00, 0x00, 0x24, 0x21, 0x7b, 0x24, 0x21, 0xff,
    0x24, 0x21, 0x17, 0x00, 0x00, 0x00, 0x00, 0x00, 0x00, 0x24, 0x21, 0xc3, 0x24, 0x21, 0xd7, 0x24, 0x21, 0x01, 0x24, 0x21, 0x8b, 0x24, 0x21, 0x34,
    0x00, 0x00, 0x00, 0x00, 0x00, 0x00, 0x00, 0x00, 0x00, 0x24, 0x21, 0x0c, 0x24, 0x21, 0xdb, 0x24, 0x21, 0xe8, 0x24, 0x21, 0x0a, 0x00, 0x00, 0x00,
    0x00, 0x00, 0x00, 0x24, 0x21, 0x66, 0x24, 0x21, 0x34, 0x00, 0x00, 0x00, 0x00, 0x00, 0x00, 0x24, 0x21, 0x2f, 0x24, 0x21, 0xff, 0x24, 0x21, 0x8f,
    0x00, 0x00, 0x00, 0x00, 0x00, 0x00, 0x24, 0x21, 0x4f, 0x24, 0x21, 0xff, 0x24, 0x21, 0x7b, 0x00, 0x00, 0x00, 0x00, 0x00, 0x00, 0x24, 0x21, 0xab,
    0x24, 0x21, 0xff, 0x24, 0x21, 0xd3, 0x24, 0x21, 0xc7, 0x24, 0x21, 0xc7, 0x24, 0x21, 0xc7, 0x24, 0x21, 0xce, 0x24, 0x21, 0xff, 0x24, 0x21, 0xef,
    0x24, 0x21, 0xc7, 0x24, 0x21, 0xc7, 0x24, 0x21, 0x9f, 0x00, 0x00, 0x00, 0x00, 0x00, 0x00, 0x00, 0x00, 0x00, 0x00, 0x00, 0x00, 0x24, 0x21, 0x07,
    0x24, 0x21, 0x07, 0x00, 0x00, 0x00, 0x00, 0x00, 0x00, 0x00, 0x00, 0x00, 0x00, 0x00, 0x00, 0x00, 0x00, 0x00, 0x00, 0x00, 0x00, 0x24, 0x21, 0x07,
    0x24, 0x21, 0x07, 0x00, 0x00, 0x00, 0x00, 0x00, 0x00, 0x00, 0x00, 0x00, 0x00, 0x00, 0x00, 0x00, 0x00, 0x00, 0x00, 0x00, 0x00, 0x24, 0x21, 0x08,
    0x24, 0x21, 0x06, 0x00, 0x00, 0x00, 0x00, 0x00, 0x00, 0x00, 0x00, 0x00, 0x00, 0x00, 0x00, 0x00, 0x00, 0x00, 0x00, 0x00, 0x00, 0x00, 0x00, 0x00,
    0x00, 0x00, 0x00, 0x00, 0x00, 0x00, 0x00, 0x00, 0x00, 0x00, 0x00, 0x00, 0x00, 0x00, 0x00, 0x00, 0x00, 0x00, 0x00, 0x00, 0x00, 0x00, 0x00, 0x00,
    0x24, 0x21, 0x7f, 0x24, 0x21, 0xff, 0x24, 0x21, 0x5b, 0x00, 0x00, 0x00, 0x00, 0x00, 0x00, 0x00, 0x00, 0x00, 0x00, 0x00, 0x00, 0x24, 0x21, 0x57,
    0x24, 0x21, 0xff, 0x24, 0x21, 0xff, 0x24, 0x21, 0xff, 0x24, 0x21, 0xff, 0x24, 0x21, 0xff, 0x24, 0x21, 0xff, 0x24, 0x21, 0xff, 0x24, 0x21, 0xff,
    0x24, 0x21, 0xff, 0x24, 0x21, 0x0f, 0x00, 0x00, 0x00, 0x00, 0x00, 0x00, 0x00, 0x00, 0x00, 0x00, 0x00, 0x00, 0x00, 0x00, 0x00, 0x24, 0x21, 0x30,
    0x24, 0x21, 0xf3, 0x24, 0x21, 0xff, 0x24, 0x21, 0x73, 0x00, 0x00, 0x00, 0x00, 0x00, 0x00, 0x00, 0x00, 0x00, 0x00, 0x00, 0x00, 0x00, 0x00, 0x00,
    0x00, 0x00, 0x00, 0x00, 0x00, 0x00, 0x24, 0x21, 0xa7, 0x24, 0x21, 0xff, 0x24, 0x21, 0x23, 0x00, 0x00, 0x00, 0x00, 0x00, 0x00, 0x00, 0x00, 0x00,
    0x00, 0x00, 0x00, 0x00, 0x00, 0x00, 0x00, 0x00, 0x00, 0x00, 0x00, 0x00, 0x00, 0x00, 0x00, 0x00, 0x00, 0x00, 0x24, 0x21, 0x7b, 0x24, 0x21, 0xff,
    0x24, 0x21, 0x17, 0x00, 0x00, 0x00, 0x00, 0x00, 0x00, 0x24, 0x21, 0xc3, 0x24, 0x21, 0xd7, 0x00, 0x00, 0x00, 0x00, 0x00, 0x00, 0x00, 0x00, 0x00,
    0x00, 0x00, 0x00, 0x00, 0x00, 0x00, 0x00, 0x00, 0x00, 0x00, 0x00, 0x00, 0x24, 0x21, 0x32, 0x24, 0x21, 0x34, 0x00, 0x00, 0x00, 0x00, 0x00, 0x00,
    0x00, 0x00, 0x00, 0x00, 0x00, 0x00, 0x00, 0x00, 0x00, 0x00, 0x00, 0x00, 0x00, 0x00, 0x00, 0x24, 0x21, 0x2f, 0x24, 0x21, 0xff, 0x24, 0x21, 0x8f,
    0x00, 0x00, 0x00, 0x00, 0x00, 0x00, 0x24, 0x21, 0x4f, 0x24, 0x21, 0xff, 0x24, 0x21, 0x7b, 0x00, 0x00, 0x00, 0x00, 0x00, 0x00, 0x24, 0x21, 0xb2,
    0x24, 0x21, 0xff, 0x24, 0x21, 0x2d, 0x00, 0x00, 0x00, 0x00, 0x00, 0x00, 0x00, 0x00, 0x00, 0x24, 0x21, 0x1f, 0x24, 0x21, 0xff, 0x24, 0x21, 0xb3,
    0x00, 0x00, 0x00, 0x00, 0x00, 0x00, 0x00, 0x00, 0x00, 0x00, 0x00, 0x00, 0x00, 0x00, 0x00, 0x00, 0x00, 0x00, 0x24, 0x21, 0x30, 0x24, 0x21, 0xec,
    0x24, 0x21, 0xeb, 0x24, 0x21, 0x2f, 0x00, 0x00, 0x00, 0x00, 0x00, 0x00, 0x00, 0x00, 0x00, 0x00, 0x00, 0x00, 0x24, 0x21, 0x32, 0x24, 0x21, 0xec,
    0x24, 0x21, 0xeb, 0x24, 0x21, 0x2f, 0x00, 0x00, 0x00, 0x00, 0x00, 0x00, 0x00, 0x00, 0x00, 0x00, 0x00, 0x00, 0x24, 0x21, 0x33, 0x24, 0x21, 0xed,
    0x24, 0x21, 0xeb, 0x24, 0x21, 0x2c, 0x00, 0x00, 0x00, 0x00, 0x00, 0x00, 0x00, 0x00, 0x00, 0x00, 0x00, 0x00, 0x00, 0x00, 0x00, 0x00, 0x00, 0x00,
    0x00, 0x00, 0x00, 0x00, 0x00, 0x00, 0x00, 0x00, 0x00, 0x00, 0x00, 0x00, 0x00, 0x00, 0x00, 0x00, 0x00, 0x00, 0x00, 0x00, 0x00, 0x00, 0x00, 0x00,
    0x24, 0x21, 0x7f, 0x24, 0x21, 0xff, 0x24, 0x21, 0x5b, 0x00, 0x00, 0x00, 0x00, 0x00, 0x00, 0x00, 0x00, 0x00, 0x00, 0x00, 0x00, 0x24, 0x21, 0x57,
    0x24, 0x21, 0xff, 0x24, 0x21, 0xe4, 0x24, 0x21, 0xc3, 0x24, 0x21, 0xc3, 0x24, 0x21, 0xc3, 0x24, 0x21, 0xc3, 0x24, 0x21, 0xc3, 0x24, 0x21, 0xc3,
    0x24, 0x21, 0xc3, 0x24, 0x21, 0x0c, 0x00, 0x00, 0x00, 0x00, 0x00, 0x00, 0x00, 0x00, 0x00, 0x00, 0x00, 0x00, 0x24, 0x21, 0x20, 0x24, 0x21, 0xe4,
    0x24, 0x21, 0xff, 0x24, 0x21, 0xff, 0x24, 0x21, 0x6b, 0x00, 0x00, 0x00, 0x24, 0x21, 0x0a, 0x24, 0x21, 0xab, 0x24, 0x21, 0xab, 0x24, 0x21, 0xab,
    0x24, 0x21, 0xab, 0x24, 0x21, 0xab, 0x24, 0x21, 0xe3, 0x24, 0x21, 0xff, 0x24, 0x21, 0xb7, 0x24, 0x21, 0xab, 0x24, 0x21, 0xab, 0x24, 0x21, 0xab,
    0x24, 0x21, 0xab, 0x24, 0x21, 0x66, 0x00, 0x00, 0x00, 0x00, 0x00, 0x00, 0x00, 0x00, 0x00, 0x00, 0x00, 0x00, 0x24, 0x21, 0x7b, 0x24, 0x21, 0xff,
    0x24, 0x21, 0xff, 0x24, 0x21, 0xff, 0x24, 0x21, 0xff, 0x24, 0x21, 0xff, 0x24, 0x21, 0xd7, 0x00, 0x00, 0x00, 0x00, 0x00, 0x00, 0x24, 0x21, 0x12,
    0x24, 0x21, 0x97, 0x24, 0x21, 0x97, 0x24, 0x21, 0x97, 0x24, 0x21, 0x97, 0x24, 0x21, 0x97, 0x24, 0x21, 0x97, 0x24, 0x21, 0x97, 0x24, 0x21, 0x98,
    0x24, 0x21, 0x86, 0x24, 0x21, 0x0b, 0x00, 0x00, 0x00, 0x00, 0x00, 0x00, 0x00, 0x00, 0x00, 0x24, 0x21, 0x2f, 0x24, 0x21, 0xff, 0x24, 0x21, 0x8f,
    0x00, 0x00, 0x00, 0x00, 0x00, 0x00, 0x24, 0x21, 0x4f, 0x24, 0x21, 0xff, 0x24, 0x21, 0x7b, 0x00, 0x00, 0x00, 0x00, 0x00, 0x00, 0x24, 0x21, 0xb9,
    0x24, 0x21, 0xff, 0x24, 0x21, 0x20, 0x00, 0x00, 0x00, 0x00, 0x00, 0x00, 0x00, 0x00, 0x00, 0x24, 0x21, 0x1f, 0x24, 0x21, 0xff, 0x24, 0x21, 0xb3,
    0x00, 0x00, 0x00, 0x00, 0x00, 0x00, 0x00, 0x00, 0x00, 0x00, 0x00, 0x00, 0x00, 0x00, 0x00, 0x00, 0x00, 0x00, 0x24, 0x21, 0x79, 0x24, 0x21, 0xff,
    0x24, 0x21, 0xff, 0x24, 0x21, 0x78, 0x00, 0x00, 0x00, 0x00, 0x00, 0x00, 0x00, 0x00, 0x00, 0x00, 0x00, 0x00, 0x24, 0x21, 0x7d, 0x24, 0x21, 0xff,
    0x24, 0x21, 0xff, 0x24, 0x21, 0x78, 0x00, 0x00, 0x00, 0x00, 0x00, 0x00, 0x00, 0x00, 0x00, 0x00, 0x00, 0x00, 0x24, 0x21, 0x7d, 0x24, 0x21, 0xff,
    0x24, 0x21, 0xff, 0x24, 0x21, 0x74, 0x00, 0x00, 0x00, 0x00, 0x00, 0x00, 0x00, 0x00, 0x00, 0x00, 0x00, 0x00, 0x00, 0x00, 0x00, 0x00, 0x00, 0x00,
    0x00, 0x00, 0x00, 0x00, 0x00, 0x00, 0x00, 0x00, 0x00, 0x00, 0x00, 0x00, 0x00, 0x00, 0x00, 0x00, 0x00, 0x00, 0x00, 0x00, 0x00, 0x00, 0x00, 0x00,
    0x24, 0x21, 0x7f, 0x24, 0x21, 0xff, 0x24, 0x21, 0x5b, 0x00, 0x00, 0x00, 0x00, 0x00, 0x00, 0x00, 0x00, 0x00, 0x00, 0x00, 0x00, 0x24, 0x21, 0x57,
    0x24, 0x21, 0xff, 0x24, 0x21, 0x8b, 0x00, 0x00, 0x00, 0x00, 0x00, 0x00, 0x00, 0x00, 0x00, 0x00, 0x00, 0x00, 0x00, 0x00, 0x00, 0x00, 0x00, 0x00,
    0x00, 0x00, 0x00, 0x00, 0x00, 0x00, 0x00, 0x00, 0x00, 0x00, 0x00, 0x00, 0x00, 0x00, 0x00, 0x24, 0x21, 0x38, 0x24, 0x21, 0xe9, 0x24, 0x21, 0xff,
    0x24, 0x21, 0xe1, 0x24, 0x21, 0xff, 0x24, 0x21, 0x6b, 0x00, 0x00, 0x00, 0x24, 0x21, 0x0f, 0x24, 0x21, 0xff, 0x24, 0x21, 0xff, 0x24, 0x21, 0xff,
    0x24, 0x21, 0xff, 0x24, 0x21, 0xff, 0x24, 0x21, 0xff, 0x24, 0x21, 0xff, 0x24, 0x21, 0xff, 0x24, 0x21, 0xff, 0x24, 0x21, 0xff, 0x24, 0x21, 0xff,
    0x24, 0x21, 0xff, 0x24, 0x21, 0x97, 0x00, 0x00, 0x00, 0x00, 0x00, 0x00, 0x00, 0x00, 0x00, 0x00, 0x00, 0x00, 0x24, 0x21, 0x7b, 0x24, 0x21, 0xff,
    0x24, 0x21, 0x96, 0x24, 0x21, 0x8b, 0x24, 0x21, 0x8b, 0x24, 0x21, 0xe4, 0x24, 0x21, 0xd7, 0x00, 0x00, 0x00, 0x00, 0x00, 0x00, 0x24, 0x21, 0x1f,
    0x24, 0x21, 0xff, 0x24, 0x21, 0xff, 0x24, 0x21, 0xff, 0x24, 0x21, 0xff, 0x24, 0x21, 0xff, 0x24, 0x21, 0xff, 0x24, 0x21, 0xff, 0x24, 0x21, 0xff,
    0x24, 0x21, 0xfd, 0x24, 0x21, 0x2d, 0x00, 0x00, 0x00, 0x00, 0x00, 0x00, 0x00, 0x00, 0x00, 0x24, 0x21, 0x2f, 0x24, 0x21, 0xff, 0x24, 0x21, 0x8f,
    0x00, 0x00, 0x00, 0x00, 0x00, 0x00, 0x24, 0x21, 0x4f, 0x24, 0x21, 0xff, 0x24, 0x21, 0x7b, 0x00, 0x00, 0x00, 0x00, 0x00, 0x00, 0x24, 0x21, 0xce,
    0x24, 0x21, 0xff, 0x24, 0x21, 0x12, 0x00, 0x00, 0x00, 0x00, 0x00, 0x00, 0x00, 0x00, 0x00, 0x24, 0x21, 0x1f, 0x24, 0x21, 0xff, 0x24, 0x21, 0xb3,
    0x00, 0x00, 0x00, 0x00, 0x00, 0x00, 0x00, 0x00, 0x00, 0x00, 0x00, 0x00, 0x00, 0x00, 0x00, 0x00, 0x00, 0x00, 0x24, 0x21, 0x21, 0x24, 0x21, 0xcc,
    0x24, 0x21, 0xcc, 0x24, 0x21, 0x21, 0x00, 0x00, 0x00, 0x00, 0x00, 0x00, 0x00, 0x00, 0x00, 0x00, 0x00, 0x00, 0x24, 0x21, 0x23, 0x24, 0x21, 0xcc,
    0x24, 0x21, 0xcc, 0x24, 0x21, 0x20, 0x00, 0x00, 0x00, 0x00, 0x00, 0x00, 0x00, 0x00, 0x00, 0x00, 0x00, 0x00, 0x24, 0x21, 0x24, 0x24, 0x21, 0xce,
    0x24, 0x21, 0xca, 0x24, 0x21, 0x1e, 0x00, 0x00, 0x00, 0x00, 0x00, 0x00, 0x00, 0x00, 0x00, 0x00, 0x00, 0x00, 0x00, 0x00, 0x00, 0x00, 0x00, 0x00,
    0x00, 0x00, 0x00, 0x00, 0x00, 0x00, 0x00, 0x00, 0x00, 0x00, 0x00, 0x00, 0x00, 0x00, 0x00, 0x00, 0x00, 0x00, 0x00, 0x00, 0x00, 0x00, 0x00, 0x00,
    0x24, 0x21, 0x7f, 0x24, 0x21, 0xff, 0x24, 0x21, 0x5b, 0x00, 0x00, 0x00, 0x00, 0x00, 0x00, 0x00, 0x00, 0x00, 0x00, 0x00, 0x00, 0x24, 0x21, 0x57,
    0x24, 0x21, 0xff, 0x24, 0x21, 0x8b, 0x00, 0x00, 0x00, 0x00, 0x00, 0x00, 0x00, 0x00, 0x00, 0x00, 0x00, 0x00, 0x00, 0x00, 0x00, 0x00, 0x00, 0x00,
    0x00, 0x00, 0x00, 0x00, 0x00, 0x00, 0x00, 0x00, 0x00, 0x00, 0x00, 0x00, 0x24, 0x21, 0x03, 0x24, 0x21, 0xe6, 0x24, 0x21, 0xff, 0x24, 0x21, 0x91,
    0x24, 0x21, 0x61, 0x24, 0x21, 0xff, 0x24, 0x21, 0x6b, 0x00, 0x00, 0x00, 0x00, 0x00, 0x00, 0x00, 0x00, 0x00, 0x00, 0x00, 0x00, 0x00, 0x00, 0x00,
    0x00, 0x00, 0x00, 0x00, 0x00, 0x00, 0x24, 0x21, 0xa7, 0x24, 0x21, 0xff, 0x24, 0x21, 0x23, 0x00, 0x00, 0x00, 0x00, 0x00, 0x00, 0x00, 0x00, 0x00,
    0x00, 0x00, 0x00, 0x00, 0x00, 0x00, 0x00, 0x00, 0x00, 0x00, 0x00, 0x00, 0x00, 0x00, 0x00, 0x00, 0x00, 0x00, 0x24, 0x21, 0x7b, 0x24, 0x21, 0xff,
    0x24, 0x21, 0x17, 0x00, 0x00, 0x00, 0x00, 0x00, 0x00, 0x24, 0x21, 0xc3, 0x24, 0x21, 0xd7, 0x00, 0x00, 0x00, 0x00, 0x00, 0x00, 0x00, 0x00, 0x00,
    0x00, 0x00, 0x00, 0x00, 0x00, 0x00, 0x00, 0x00, 0x00, 0x00, 0x00, 0x00, 0x00, 0x00, 0x00, 0x00, 0x00, 0x00, 0x24, 0x21, 0x38, 0x24, 0x21, 0xfe,
    0x24, 0x21, 0x9f, 0x00, 0x00, 0x00, 0x00, 0x00, 0x00, 0x00, 0x00, 0x00, 0x00, 0x00, 0x00, 0x24, 0x21, 0x2f, 0x24, 0x21, 0xff, 0x24, 0x21, 0x8f,
    0x00, 0x00, 0x00, 0x00, 0x00, 0x00, 0x24, 0x21, 0x4f, 0x24, 0x21, 0xff, 0x24, 0x21, 0x7b, 0x00, 0x00, 0x00, 0x00, 0x00, 0x00, 0x24, 0x21, 0xed,
    0x24, 0x21, 0xf1, 0x00, 0x00, 0x00, 0x00, 0x00, 0x00, 0x00, 0x00, 0x00, 0x00, 0x00, 0x00, 0x24, 0x21, 0x1f, 0x24, 0x21, 0xff, 0x24, 0x21, 0xb3,
    0x00, 0x00, 0x00, 0x00, 0x00, 0x00, 0x00, 0x00, 0x00, 0x00, 0x00, 0x00, 0x00, 0x00, 0x00, 0x00, 0x00, 0x00, 0x00, 0x00, 0x00, 0x00, 0x00, 0x00,
    0x00, 0x00, 0x00, 0x00, 0x00, 0x00, 0x00, 0x00, 0x00, 0x00, 0x00, 0x00, 0x00, 0x00, 0x00, 0x00, 0x00, 0x00, 0x00, 0x00, 0x00, 0x00, 0x00, 0x00,
    0x00, 0x00, 0x00, 0x00, 0x00, 0x00, 0x00, 0x00, 0x00, 0x00, 0x00, 0x00, 0x00, 0x00, 0x00, 0x00, 0x00, 0x00, 0x00, 0x00, 0x00, 0x00, 0x00, 0x00,
    0x00, 0x00, 0x00, 0x00, 0x00, 0x00, 0x00, 0x00, 0x00, 0x00, 0x00, 0x00, 0x00, 0x00, 0x00, 0x00, 0x00, 0x00, 0x00, 0x00, 0x00, 0x00, 0x00, 0x00,
    0x00, 0x00, 0x00, 0x00, 0x00, 0x00, 0x00, 0x00, 0x00, 0x00, 0x00, 0x00, 0x00, 0x00, 0x00, 0x00, 0x00, 0x00, 0x00, 0x00, 0x00, 0x00, 0x00, 0x00,
    0x24, 0x21, 0x7f, 0x24, 0x21, 0xff, 0x24, 0x21, 0x5b, 0x00, 0x00, 0x00, 0x00, 0x00, 0x00, 0x00, 0x00, 0x00, 0x00, 0x00, 0x00, 0x24, 0x21, 0x57,
    0x24, 0x21, 0xff, 0x24, 0x21, 0x8b, 0x00, 0x00, 0x00, 0x00, 0x00, 0x00, 0x00, 0x00, 0x00, 0x00, 0x00, 0x00, 0x00, 0x00, 0x00, 0x00, 0x00, 0x00,
    0x00, 0x00, 0x00, 0x00, 0x00, 0x00, 0x00, 0x00, 0x00, 0x00, 0x00, 0x00, 0x00, 0x00, 0x00, 0x24, 0x21, 0x78, 0x24, 0x21, 0x7d, 0x00, 0x00, 0x00,
    0x24, 0x21, 0x5f, 0x24, 0x21, 0xff, 0x24, 0x21, 0x6b, 0x00, 0x00, 0x00, 0x00, 0x00, 0x00, 0x00, 0x00, 0x00, 0x00, 0x00, 0x00, 0x00, 0x00, 0x00,
    0x00, 0x00, 0x00, 0x00, 0x00, 0x00, 0x24, 0x21, 0xa7, 0x24, 0x21, 0xff, 0x24, 0x21, 0x23, 0x00, 0x00, 0x00, 0x00, 0x00, 0x00, 0x00, 0x00, 0x00,
    0x00, 0x00, 0x00, 0x00, 0x00, 0x00, 0x00, 0x00, 0x00, 0x00, 0x00, 0x00, 0x00, 0x00, 0x00, 0x00, 0x00, 0x00, 0x24, 0x21, 0x7b, 0x24, 0x21, 0xff,
    0x24, 0x21, 0x17, 0x00, 0x00, 0x00, 0x00, 0x00, 0x00, 0x24, 0x21, 0xc3, 0x24, 0x21, 0xd7, 0x00, 0x00, 0x00, 0x00, 0x00, 0x00, 0x00, 0x00, 0x00,
    0x00, 0x00, 0x00, 0x00, 0x00, 0x00, 0x00, 0x00, 0x00, 0x00, 0x00, 0x00, 0x00, 0x00, 0x00, 0x24, 0x21, 0x02, 0x24, 0x21, 0xcb, 0x24, 0x21, 0xf7,
    0x24, 0x21, 0x1d, 0x00, 0x00, 0x00, 0x00, 0x00, 0x00, 0x00, 0x00, 0x00, 0x00, 0x00, 0x00, 0x24, 0x21, 0x2f, 0x24, 0x21, 0xff, 0x24, 0x21, 0xe3,
    0x24, 0x21, 0xbf, 0x24, 0x21, 0xbf, 0x24, 0x21, 0xd3, 0x24, 0x21, 0xff, 0x24, 0x21, 0x7b, 0x00, 0x00, 0x00, 0x24, 0x21, 0x0b, 0x24, 0x21, 0xff,
    0x24, 0x21, 0xcc, 0x00, 0x00, 0x00, 0x00, 0x00, 0x00, 0x00, 0x00, 0x00, 0x00, 0x00, 0x00, 0x24, 0x21, 0x1f, 0x24, 0x21, 0xff, 0x24, 0x21, 0xb3,
    0x00, 0x00, 0x00, 0x00, 0x00, 0x00, 0x00, 0x00, 0x00, 0x00, 0x00, 0x00, 0x00, 0x00, 0x00, 0x00, 0x00, 0x00, 0x00, 0x00, 0x00, 0x00, 0x00, 0x00,
    0x00, 0x00, 0x00, 0x00, 0x00, 0x00, 0x00, 0x00, 0x00, 0x00, 0x00, 0x00, 0x00, 0x00, 0x00, 0x00, 0x00, 0x00, 0x00, 0x00, 0x00, 0x00, 0x00, 0x00,
    0x00, 0x00, 0x00, 0x00, 0x00, 0x00, 0x00, 0x00, 0x00, 0x00, 0x00, 0x00, 0x00, 0x00, 0x00, 0x00, 0x00, 0x00, 0x00, 0x00, 0x00, 0x00, 0x00, 0x00,
    0x00, 0x00, 0x00, 0x00, 0x00, 0x00, 0x00, 0x00, 0x00, 0x00, 0x00, 0x00, 0x00, 0x00, 0x00, 0x00, 0x00, 0x00, 0x00, 0x00, 0x00, 0x00, 0x00, 0x00,
    0x00, 0x00, 0x00, 0x00, 0x00, 0x00, 0x00, 0x00, 0x00, 0x00, 0x00, 0x00, 0x00, 0x00, 0x00, 0x00, 0x00, 0x00, 0x00, 0x00, 0x00, 0x00, 0x00, 0x00,
    0x24, 0x21, 0x7f, 0x24, 0x21, 0xff, 0x24, 0x21, 0x5b, 0x00, 0x00, 0x00, 0x00, 0x00, 0x00, 0x00, 0x00, 0x00, 0x00, 0x00, 0x00, 0x24, 0x21, 0x57,
    0x24, 0x21, 0xff, 0x24, 0x21, 0x8b, 0x00, 0x00, 0x00, 0x00, 0x00, 0x00, 0x00, 0x00, 0x00, 0x00, 0x00, 0x00, 0x00, 0x00, 0x00, 0x00, 0x00, 0x00,
    0x00, 0x00, 0x00, 0x00, 0x00, 0x00, 0x00, 0x00, 0x00, 0x00, 0x00, 0x00, 0x00, 0x00, 0x00, 0x24, 0x21, 0x01, 0x00, 0x00, 0x00, 0x00, 0x00, 0x00,
    0x24, 0x21, 0x5f, 0x24, 0x21, 0xff, 0x24, 0x21, 0x6b, 0x00, 0x00, 0x00, 0x00, 0x00, 0x00, 0x00, 0x00, 0x00, 0x00, 0x00, 0x00, 0x00, 0x00, 0x00,
    0x00, 0x00, 0x00, 0x00, 0x00, 0x00, 0x24, 0x21, 0xa7, 0x24, 0x21, 0xff, 0x24, 0x21, 0x23, 0x00, 0x00, 0x00, 0x00, 0x00, 0x00, 0x00, 0x00, 0x00,
    0x00, 0x00, 0x00, 0x00, 0x00, 0x00, 0x00, 0x00, 0x00, 0x00, 0x00, 0x00, 0x00, 0x00, 0x00, 0x00, 0x00, 0x00, 0x24, 0x21, 0x7b, 0x24, 0x21, 0xff,
    0x24, 0x21, 0x17, 0x00, 0x00, 0x00, 0x00, 0x00, 0x00, 0x24, 0x21, 0xc3, 0x24, 0x21, 0xd9, 0x24, 0x21, 0x25, 0x24, 0x21, 0x12, 0x00, 0x00, 0x00,
    0x00, 0x00, 0x00, 0x00, 0x00, 0x00, 0x00, 0x00, 0x00, 0x00, 0x00, 0x00, 0x00, 0x00, 0x00, 0x24, 0x21, 0x65, 0x24, 0x21, 0xff, 0x24, 0x21, 0x88,
    0x00, 0x00, 0x00, 0x00, 0x00, 0x00, 0x00, 0x00, 0x00, 0x00, 0x00, 0x00, 0x00, 0x00, 0x00, 0x24, 0x21, 0x2f, 0x24, 0x21, 0xff, 0x24, 0x21, 0xff,
    0x24, 0x21, 0xff, 0x24, 0x21, 0xff, 0x24, 0x21, 0xff, 0x24, 0x21, 0xff, 0x24, 0x21, 0x7b, 0x00, 0x00, 0x00, 0x24, 0x21, 0x3f, 0x24, 0x21, 0xff,
    0x24, 0x21, 0xa7, 0x00, 0x00, 0x00, 0x00, 0x00, 0x00, 0x00, 0x00, 0x00, 0x00, 0x00, 0x00, 0x24, 0x21, 0x1f, 0x24, 0x21, 0xff, 0x24, 0x21, 0xb3,
    0x00, 0x00, 0x00, 0x00, 0x00, 0x00, 0x00, 0x00, 0x00, 0x00, 0x00, 0x00, 0x00, 0x00, 0x00, 0x00, 0x00, 0x00, 0x00, 0x00, 0x00, 0x00, 0x00, 0x00,
    0x00, 0x00, 0x00, 0x00, 0x00, 0x00, 0x00, 0x00, 0x00, 0x00, 0x00, 0x00, 0x00, 0x00, 0x00, 0x00, 0x00, 0x00, 0x00, 0x00, 0x00, 0x00, 0x00, 0x00,
    0x00, 0x00, 0x00, 0x00, 0x00, 0x00, 0x00, 0x00, 0x00, 0x00, 0x00, 0x00, 0x00, 0x00, 0x00, 0x00, 0x00, 0x00, 0x00, 0x00, 0x00, 0x00, 0x00, 0x00,
    0x00, 0x00, 0x00, 0x00, 0x00, 0x00, 0x00, 0x00, 0x00, 0x00, 0x00, 0x00, 0x00, 0x00, 0x00, 0x00, 0x00, 0x00, 0x00, 0x00, 0x00, 0x00, 0x00, 0x00,
    0x00, 0x00, 0x00, 0x00, 0x00, 0x00, 0x00, 0x00, 0x00, 0x00, 0x00, 0x00, 0x00, 0x00, 0x00, 0x00, 0x00, 0x00, 0x00, 0x00, 0x00, 0x00, 0x00, 0x00,
    0x24, 0x21, 0x7f, 0x24, 0x21, 0xff, 0x24, 0x21, 0x5b, 0x00, 0x00, 0x00, 0x00, 0x00, 0x00, 0x00, 0x00, 0x00, 0x00, 0x00, 0x00, 0x24, 0x21, 0x57,
    0x24, 0x21, 0xff, 0x24, 0x21, 0x8b, 0x00, 0x00, 0x00, 0x00, 0x00, 0x00, 0x00, 0x00, 0x00, 0x00, 0x00, 0x00, 0x00, 0x00, 0x00, 0x00, 0x00, 0x00,
    0x00, 0x00, 0x00, 0x00, 0x00, 0x00, 0x00, 0x00, 0x00, 0x00, 0x00, 0x00, 0x00, 0x00, 0x00, 0x00, 0x00, 0x00, 0x00, 0x00, 0x00, 0x00, 0x00, 0x00,
    0x24, 0x21, 0x5f, 0x24, 0x21, 0xff, 0x24, 0x21, 0x6b, 0x00, 0x00, 0x00, 0x00, 0x00, 0x00, 0x00, 0x00, 0x00, 0x00, 0x00, 0x00, 0x00, 0x00, 0x00,
    0x00, 0x00, 0x00, 0x00, 0x00, 0x00, 0x24, 0x21, 0xa7, 0x24, 0x21, 0xff, 0x24, 0x21, 0x23, 0x00, 0x00, 0x00, 0x00, 0x00, 0x00, 0x00, 0x00, 0x00,
    0x00, 0x00, 0x00, 0x00, 0x00, 0x00, 0x00, 0x00, 0x00, 0x00, 0x00, 0x00, 0x00, 0x00, 0x00, 0x00, 0x00, 0x00, 0x24, 0x21, 0x7b, 0x24, 0x21, 0xff,
    0x24, 0x21, 0x7d, 0x24, 0x21, 0x98, 0x24, 0x21, 0xc3, 0x24, 0x21, 0xf8, 0x24, 0x21, 0xff, 0x24, 0x21, 0xff, 0x24, 0x21, 0x4e, 0x00, 0x00, 0x00,
    0x24, 0x21, 0x02, 0x24, 0x21, 0x6c, 0x24, 0x21, 0x14, 0x00, 0x00, 0x00, 0x24, 0x21, 0x1f, 0x24, 0x21, 0xf1, 0x24, 0x21, 0xdc, 0x24, 0x21, 0x0a,
    0x00, 0x00, 0x00, 0x00, 0x00, 0x00, 0x00, 0x00, 0x00, 0x00, 0x00, 0x00, 0x00, 0x00, 0x00, 0x24, 0x21, 0x2f, 0x24, 0x21, 0xff, 0x24, 0x21, 0x8f,
    0x00, 0x00, 0x00, 0x00, 0x00, 0x00, 0x00, 0x00, 0x00, 0x00, 0x00, 0x00, 0x00, 0x00, 0x00, 0x00, 0x00, 0x00, 0x24, 0x21, 0x84, 0x24, 0x21, 0xff,
    0x24, 0x21, 0x6d, 0x00, 0x00, 0x00, 0x00, 0x00, 0x00, 0x00, 0x00, 0x00, 0x00, 0x00, 0x00, 0x24, 0x21, 0x1f, 0x24, 0x21, 0xff, 0x24, 0x21, 0xb3,
    0x00, 0x00, 0x00, 0x00, 0x00, 0x00, 0x00, 0x00, 0x00, 0x00, 0x00, 0x00, 0x00, 0x00, 0x00, 0x00, 0x00, 0x00, 0x00, 0x00, 0x00, 0x00, 0x00, 0x00,
    0x00, 0x00, 0x00, 0x00, 0x00, 0x00, 0x00, 0x00, 0x00, 0x00, 0x00, 0x00, 0x00, 0x00, 0x00, 0x00, 0x00, 0x00, 0x00, 0x00, 0x00, 0x00, 0x00, 0x00,
    0x00, 0x00, 0x00, 0x00, 0x00, 0x00, 0x00, 0x00, 0x00, 0x00, 0x00, 0x00, 0x00, 0x00, 0x00, 0x00, 0x00, 0x00, 0x00, 0x00, 0x00, 0x00, 0x00, 0x00,
    0x00, 0x00, 0x00, 0x00, 0x00, 0x00, 0x00, 0x00, 0x00, 0x00, 0x00, 0x00, 0x00, 0x00, 0x00, 0x00, 0x00, 0x00, 0x00, 0x00, 0x00, 0x00, 0x00, 0x00,
    0x00, 0x00, 0x00, 0x00, 0x00, 0x00, 0x00, 0x00, 0x00, 0x00, 0x00, 0x00, 0x00, 0x00, 0x00, 0x00, 0x00, 0x00, 0x00, 0x00, 0x00, 0x00, 0x00, 0x00,
    0x24, 0x21, 0x7f, 0x24, 0x21, 0xff, 0x24, 0x21, 0x5b, 0x00, 0x00, 0x00, 0x00, 0x00, 0x00, 0x00, 0x00, 0x00, 0x00, 0x00, 0x00, 0x24, 0x21, 0x57,
    0x24, 0x21, 0xff, 0x24, 0x21, 0x8b, 0x00, 0x00, 0x00, 0x00, 0x00, 0x00, 0x00, 0x00, 0x00, 0x00, 0x00, 0x00, 0x00, 0x00, 0x00, 0x00, 0x00, 0x00,
    0x00, 0x00, 0x00, 0x00, 0x00, 0x00, 0x00, 0x00, 0x00, 0x00, 0x00, 0x00, 0x00, 0x00, 0x00, 0x00, 0x00, 0x00, 0x00, 0x00, 0x00, 0x00, 0x00, 0x00,
    0x24, 0x21, 0x5f, 0x24, 0x21, 0xff, 0x24, 0x21, 0x6b, 0x00, 0x00, 0x00, 0x00, 0x00, 0x00, 0x00, 0x00, 0x00, 0x00, 0x00, 0x00, 0x00, 0x00, 0x00,
    0x00, 0x00, 0x00, 0x00, 0x00, 0x00, 0x24, 0x21, 0xa7, 0x24, 0x21, 0xff, 0x24, 0x21, 0x23, 0x00, 0x00, 0x00, 0x00, 0x00, 0x00, 0x00, 0x00, 0x00,
    0x00, 0x00, 0x00, 0x00, 0x00, 0x00, 0x00, 0x00, 0x00, 0x00, 0x00, 0x00, 0x24, 0x21, 0x05, 0x24, 0x21, 0xd9, 0x24, 0x21, 0xfb, 0x24, 0x21, 0xff,
    0x24, 0x21, 0xff, 0x24, 0x21, 0xff, 0x24, 0x21, 0xfe, 0x24, 0x21, 0xfb, 0x24, 0x21, 0xf0, 0x24, 0x21, 0x81, 0x24, 0x21, 0x21, 0x00, 0x00, 0x00,
    0x24, 0x21, 0x42, 0x24, 0x21, 0xfa, 0x24, 0x21, 0xdf, 0x24, 0x21, 0x31, 0x24, 0x21, 0xc1, 0x24, 0x21, 0xfe, 0x24, 0x21, 0x3d, 0x00, 0x00, 0x00,
    0x00, 0x00, 0x00, 0x00, 0x00, 0x00, 0x00, 0x00, 0x00, 0x00, 0x00, 0x00, 0x00, 0x00, 0x00, 0x24, 0x21, 0x2f, 0x24, 0x21, 0xff, 0x24, 0x21, 0x8f,
    0x00, 0x00, 0x00, 0x00, 0x00, 0x00, 0x00, 0x00, 0x00, 0x00, 0x00, 0x00, 0x00, 0x00, 0x00, 0x00, 0x00, 0x00, 0x24, 0x21, 0xc8, 0x24, 0x21, 0xff,
    0x24, 0x21, 0x24, 0x00, 0x00, 0x00, 0x00, 0x00, 0x00, 0x00, 0x00, 0x00, 0x00, 0x00, 0x00, 0x24, 0x21, 0x1f, 0x24, 0x21, 0xff, 0x24, 0x21, 0xb3,
    0x00, 0x00, 0x00, 0x00, 0x00, 0x00, 0x00, 0x00, 0x00, 0x00, 0x00, 0x00, 0x00, 0x00, 0x00, 0x00, 0x00, 0x00, 0x00, 0x00, 0x00, 0x00, 0x00, 0x00,
    0x00, 0x00, 0x00, 0x00, 0x00, 0x00, 0x00, 0x00, 0x00, 0x00, 0x00, 0x00, 0x00, 0x00, 0x00, 0x00, 0x00, 0x00, 0x00, 0x00, 0x00, 0x00, 0x00, 0x00,
    0x00, 0x00, 0x00, 0x00, 0x00, 0x00, 0x00, 0x00, 0x00, 0x00, 0x00, 0x00, 0x00, 0x00, 0x00, 0x00, 0x00, 0x00, 0x00, 0x00, 0x00, 0x00, 0x00, 0x00,
    0x00, 0x00, 0x00, 0x00, 0x00, 0x00, 0x00, 0x00, 0x00, 0x00, 0x00, 0x00, 0x00, 0x00, 0x00, 0x00, 0x00, 0x00, 0x00, 0x00, 0x00, 0x00, 0x00, 0x00,
    0x00, 0x00, 0x00, 0x00, 0x00, 0x00, 0x00, 0x00, 0x00, 0x00, 0x00, 0x00, 0x00, 0x00, 0x00, 0x00, 0x00, 0x00, 0x00, 0x00, 0x00, 0x00, 0x00, 0x00,
    0x24, 0x21, 0x7f, 0x24, 0x21, 0xff, 0x24, 0x21, 0x5b, 0x00, 0x00, 0x00, 0x00, 0x00, 0x00, 0x00, 0x00, 0x00, 0x00, 0x00, 0x00, 0x24, 0x21, 0x57,
    0x24, 0x21, 0xff, 0x24, 0x21, 0x8b, 0x00, 0x00, 0x00, 0x00, 0x00, 0x00, 0x00, 0x00, 0x00, 0x00, 0x00, 0x00, 0x00, 0x00, 0x00, 0x00, 0x00, 0x00,
    0x00, 0x00, 0x00, 0x00, 0x00, 0x00, 0x00, 0x00, 0x00, 0x00, 0x00, 0x00, 0x00, 0x00, 0x00, 0x00, 0x00, 0x00, 0x00, 0x00, 0x00, 0x00, 0x00, 0x00,
    0x24, 0x21, 0x5f, 0x24, 0x21, 0xff, 0x24, 0x21, 0x6b, 0x00, 0x00, 0x00, 0x00, 0x00, 0x00, 0x00, 0x00, 0x00, 0x00, 0x00, 0x00, 0x00, 0x00, 0x00,
    0x00, 0x00, 0x00, 0x00, 0x00, 0x00, 0x24, 0x21, 0xa7, 0x24, 0x21, 0xff, 0x24, 0x21, 0x23, 0x00, 0x00, 0x00, 0x00, 0x00, 0x00, 0x00, 0x00, 0x00,
    0x00, 0x00, 0x00, 0x00, 0x00, 0x00, 0x00, 0x00, 0x00, 0x00, 0x00, 0x00, 0x00, 0x00, 0x00, 0x24, 0x21, 0xc9, 0x24, 0x21, 0xc6, 0x24, 0x21, 0x97,
    0x24, 0x21, 0x68, 0x24, 0x21, 0x39, 0x24, 0x21, 0x0c, 0x24, 0x21, 0xc3, 0x24, 0x21, 0xd7, 0x00, 0x00, 0x00, 0x00, 0x00, 0x00, 0x00, 0x00, 0x00,
    0x00, 0x00, 0x00, 0x24, 0x21, 0x40, 0x24, 0x21, 0xed, 0x24, 0x21, 0xfd, 0x24, 0x21, 0xff, 0x24, 0x21, 0x90, 0x00, 0x00, 0x00, 0x00, 0x00, 0x00,
    0x00, 0x00, 0x00, 0x00, 0x00, 0x00, 0x00, 0x00, 0x00, 0x00, 0x00, 0x00, 0x00, 0x00, 0x00, 0x24, 0x21, 0x02, 0x24, 0x21, 0x0b, 0x24, 0x21, 0x06,
    0x00, 0x00, 0x00, 0x00, 0x00, 0x00, 0x00, 0x00, 0x00, 0x00, 0x00, 0x00, 0x00, 0x00, 0x00, 0x24, 0x21, 0x28, 0x24, 0x21, 0xfd, 0x24, 0x21, 0xd9,
    0x00, 0x00, 0x00, 0x00, 0x00, 0x00, 0x00, 0x00, 0x00, 0x00, 0x00, 0x00, 0x00, 0x00, 0x00, 0x24, 0x21, 0x1f, 0x24, 0x21, 0xff, 0x24, 0x21, 0xb3,
    0x00, 0x00, 0x00, 0x00, 0x00, 0x00, 0x00, 0x00, 0x00, 0x00, 0x00, 0x00, 0x00, 0x00, 0x00, 0x00, 0x00, 0x00, 0x00, 0x00, 0x00, 0x00, 0x00, 0x00,
    0x00, 0x00, 0x00, 0x00, 0x00, 0x00, 0x00, 0x00, 0x00, 0x00, 0x00, 0x00, 0x00, 0x00, 0x00, 0x00, 0x00, 0x00, 0x00, 0x00, 0x00, 0x00, 0x00, 0x00,
    0x00, 0x00, 0x00, 0x00, 0x00, 0x00, 0x00, 0x00, 0x00, 0x00, 0x00, 0x00, 0x00, 0x00, 0x00, 0x00, 0x00, 0x00, 0x00, 0x00, 0x00, 0x00, 0x00, 0x00,
    0x00, 0x00, 0x00, 0x00, 0x00, 0x00, 0x00, 0x00, 0x00, 0x00, 0x00, 0x00, 0x00, 0x00, 0x00, 0x00, 0x00, 0x00, 0x00, 0x00, 0x00, 0x00, 0x00, 0x00,
    0x00, 0x00, 0x00, 0x00, 0x00, 0x00, 0x00, 0x00, 0x00, 0x00, 0x00, 0x00, 0x00, 0x00, 0x00, 0x24, 0x21, 0x92, 0x24, 0x21, 0xbf, 0x24, 0x21, 0xbf,
    0x24, 0x21, 0xdf, 0x24, 0x21, 0xff, 0x24, 0x21, 0xd6, 0x24, 0x21, 0xbf, 0x24, 0x21, 0xbf, 0x24, 0x21, 0xbf, 0x24, 0x21, 0xbf, 0x24, 0x21, 0xd5,
    0x24, 0x21, 0xff, 0x24, 0x21, 0xe2, 0x24, 0x21, 0xbf, 0x24, 0x21, 0xbf, 0x24, 0x21, 0xbf, 0x24, 0x21, 0xbf, 0x24, 0x21, 0xbf, 0x24, 0x21, 0xbf,
    0x24, 0x21, 0xbf, 0x24, 0x21, 0xbf, 0x24, 0x21, 0x98, 0x00, 0x00, 0x00, 0x00, 0x00, 0x00, 0x00, 0x00, 0x00, 0x00, 0x00, 0x00, 0x00, 0x00, 0x00,
    0x24, 0x21, 0x5f, 0x24, 0x21, 0xff, 0x24, 0x21, 0x6b, 0x00, 0x00, 0x00, 0x00, 0x00, 0x00, 0x00, 0x00, 0x00, 0x00, 0x00, 0x00, 0x00, 0x00, 0x00,
    0x00, 0x00, 0x00, 0x00, 0x00, 0x00, 0x24, 0x21, 0xa7, 0x24, 0x21, 0xff, 0x24, 0x21, 0x23, 0x00, 0x00, 0x00, 0x00, 0x00, 0x00, 0x00, 0x00, 0x00,
    0x00, 0x00, 0x00, 0x00, 0x00, 0x00, 0x00, 0x00, 0x00, 0x00, 0x00, 0x00, 0x00, 0x00, 0x00, 0x00, 0x00, 0x00, 0x00, 0x00, 0x00, 0x00, 0x00, 0x00,
    0x00, 0x00, 0x00, 0x00, 0x00, 0x00, 0x00, 0x00, 0x00, 0x24, 0x21, 0xc3, 0x24, 0x21, 0xd7, 0x00, 0x00, 0x00, 0x00, 0x00, 0x00, 0x00, 0x00, 0x00,
    0x00, 0x00, 0x00, 0x00, 0x00, 0x00, 0x24, 0x21, 0x24, 0x24, 0x21, 0xd7, 0x24, 0x21, 0xff, 0x24, 0x21, 0x79, 0x00, 0x00, 0x00, 0x00, 0x00, 0x00,
    0x00, 0x00, 0x00, 0x00, 0x00, 0x00, 0x00, 0x00, 0x00, 0x00, 0x00, 0x00, 0x00, 0x00, 0x00, 0x00, 0x00, 0x00, 0x00, 0x00, 0x00, 0x00, 0x00, 0x00,
    0x00, 0x00, 0x00, 0x00, 0x00, 0x00, 0x00, 0x00, 0x00, 0x00, 0x00, 0x00, 0x00, 0x00, 0x00, 0x24, 0x21, 0xa8, 0x24, 0x21, 0xff, 0x24, 0x21, 0x82,
    0x00, 0x00, 0x00, 0x00, 0x00, 0x00, 0x00, 0x00, 0x00, 0x00, 0x00, 0x00, 0x00, 0x00, 0x00, 0x24, 0x21, 0x1f, 0x24, 0x21, 0xff, 0x24, 0x21, 0xb3,
    0x00, 0x00, 0x00, 0x00, 0x00, 0x00, 0x00, 0x00, 0x00, 0x00, 0x00, 0x00, 0x00, 0x00, 0x00, 0x00, 0x00, 0x00, 0x00, 0x00, 0x00, 0x00, 0x00, 0x00,
    0x00, 0x00, 0x00, 0x00, 0x00, 0x00, 0x00, 0x00, 0x00, 0x00, 0x00, 0x00, 0x00, 0x00, 0x00, 0x00, 0x00, 0x00, 0x00, 0x00, 0x00, 0x00, 0x00, 0x00,
    0x00, 0x00, 0x00, 0x00, 0x00, 0x00, 0x00, 0x00, 0x00, 0x00, 0x00, 0x00, 0x00, 0x00, 0x00, 0x00, 0x00, 0x00, 0x00, 0x00, 0x00, 0x00, 0x00, 0x00,
    0x00, 0x00, 0x00, 0x00, 0x00, 0x00, 0x00, 0x00, 0x00, 0x00, 0x00, 0x00, 0x00, 0x00, 0x00, 0x00, 0x00, 0x00, 0x00, 0x00, 0x00, 0x00, 0x00, 0x00,
    0x00, 0x00, 0x00, 0x00, 0x00, 0x00, 0x00, 0x00, 0x00, 0x00, 0x00, 0x00, 0x00, 0x00, 0x00, 0x24, 0x21, 0xc3, 0x24, 0x21, 0xff, 0x24, 0x21, 0xff,
    0x24, 0x21, 0xff, 0x24, 0x21, 0xff, 0x24, 0x21, 0xff, 0x24, 0x21, 0xff, 0x24, 0x21, 0xff, 0x24, 0x21, 0xff, 0x24, 0x21, 0xff, 0x24, 0x21, 0xff,
    0x24, 0x21, 0xff, 0x24, 0x21, 0xff, 0x24, 0x21, 0xff, 0x24, 0x21, 0xff, 0x24, 0x21, 0xff, 0x24, 0x21, 0xff, 0x24, 0x21, 0xff, 0x24, 0x21, 0xff,
    0x24, 0x21, 0xff, 0x24, 0x21, 0xff, 0x24, 0x21, 0xcb, 0x00, 0x00, 0x00, 0x00, 0x00, 0x00, 0x00, 0x00, 0x00, 0x00, 0x00, 0x00, 0x00, 0x00, 0x00,
    0x24, 0x21, 0x5f, 0x24, 0x21, 0xff, 0x24, 0x21, 0x6b, 0x24, 0x21, 0x02, 0x24, 0x21, 0xab, 0x24, 0x21, 0xab, 0x24, 0x21, 0xab, 0x24, 0x21, 0xab,
    0x24, 0x21, 0xab, 0x24, 0x21, 0xab, 0x24, 0x21, 0xe3, 0x24, 0x21, 0xff, 0x24, 0x21, 0xb7, 0x24, 0x21, 0xab, 0x24, 0x21, 0xab, 0x24, 0x21, 0xab,
    0x24, 0x21, 0xab, 0x24, 0x21, 0xab, 0x24, 0x21, 0x55, 0x00, 0x00, 0x00, 0x00, 0x00, 0x00, 0x00, 0x00, 0x00, 0x00, 0x00, 0x00, 0x00, 0x00, 0x00,
    0x00, 0x00, 0x00, 0x00, 0x00, 0x00, 0x00, 0x00, 0x00, 0x24, 0x21, 0xc3, 0x24, 0x21, 0xd7, 0x00, 0x00, 0x00, 0x00, 0x00, 0x00, 0x00, 0x00, 0x00,
    0x00, 0x00, 0x00, 0x00, 0x00, 0x00, 0x00, 0x00, 0x00, 0x24, 0x21, 0x11, 0x24, 0x21, 0xc8, 0x24, 0x21, 0xff, 0x24, 0x21, 0x83, 0x00, 0x00, 0x00,
    0x00, 0x00, 0x00, 0x00, 0x00, 0x00, 0x00, 0x00, 0x00, 0x00, 0x00, 0x00, 0x00, 0x00, 0x00, 0x00, 0x00, 0x00, 0x00, 0x00, 0x00, 0x00, 0x00, 0x00,
    0x00, 0x00, 0x00, 0x00, 0x00, 0x00, 0x00, 0x00, 0x00, 0x00, 0x00, 0x00, 0x24, 0x21, 0x2c, 0x24, 0x21, 0xfe, 0x24, 0x21, 0xf0, 0x24, 0x21, 0x11,
    0x00, 0x00, 0x00, 0x00, 0x00, 0x00, 0x00, 0x00, 0x00, 0x00, 0x00, 0x00, 0x00, 0x00, 0x00, 0x24, 0x21, 0x1f, 0x24, 0x21, 0xff, 0x24, 0x21, 0xb3,
    0x00, 0x00, 0x00, 0x00, 0x00, 0x00, 0x00, 0x00, 0x00, 0x00, 0x00, 0x00, 0x00, 0x00, 0x00, 0x00, 0x00, 0x00, 0x00, 0x00, 0x00, 0x00, 0x00, 0x00,
    0x00, 0x00, 0x00, 0x00, 0x00, 0x00, 0x00, 0x00, 0x00, 0x00, 0x00, 0x00, 0x00, 0x00, 0x00, 0x00, 0x00, 0x00, 0x00, 0x00, 0x00, 0x00, 0x00, 0x00,
    0x00, 0x00, 0x00, 0x00, 0x00, 0x00, 0x00, 0x00, 0x00, 0x00, 0x00, 0x00, 0x00, 0x00, 0x00, 0x00, 0x00, 0x00, 0x00, 0x00, 0x00, 0x00, 0x00, 0x00,
    0x00, 0x00, 0x00, 0x00, 0x00, 0x00, 0x00, 0x00, 0x00, 0x00, 0x00, 0x00, 0x00, 0x00, 0x00, 0x00, 0x00, 0x00, 0x00, 0x00, 0x00, 0x00, 0x00, 0x00,
    0x00, 0x00, 0x00, 0x00, 0x00, 0x00, 0x00, 0x00, 0x00, 0x00, 0x00, 0x00, 0x00, 0x00, 0x00, 0x00, 0x00, 0x00, 0x00, 0x00, 0x00, 0x00, 0x00, 0x00,
    0x00, 0x00, 0x00, 0x00, 0x00, 0x00, 0x00, 0x00, 0x00, 0x00, 0x00, 0x00, 0x00, 0x00, 0x00, 0x00, 0x00, 0x00, 0x00, 0x00, 0x00, 0x00, 0x00, 0x00,
    0x00, 0x00, 0x00, 0x00, 0x00, 0x00, 0x00, 0x00, 0x00, 0x00, 0x00, 0x00, 0x00, 0x00, 0x00, 0x00, 0x00, 0x00, 0x00, 0x00, 0x00, 0x00, 0x00, 0x00,
    0x00, 0x00, 0x00, 0x00, 0x00, 0x00, 0x00, 0x00, 0x00, 0x00, 0x00, 0x00, 0x00, 0x00, 0x00, 0x00, 0x00, 0x00, 0x00, 0x00, 0x00, 0x00, 0x00, 0x00,
    0x24, 0x21, 0x5f, 0x24, 0x21, 0xff, 0x24, 0x21, 0x6b, 0x24, 0x21, 0x03, 0x24, 0x21, 0xff, 0x24, 0x21, 0xff, 0x24, 0x21, 0xff, 0x24, 0x21, 0xff,
    0x24, 0x21, 0xff, 0x24, 0x21, 0xff, 0x24, 0x21, 0xff, 0x24, 0x21, 0xff, 0x24, 0x21, 0xff, 0x24, 0x21, 0xff, 0x24, 0x21, 0xff, 0x24, 0x21, 0xff,
    0x24, 0x21, 0xff, 0x24, 0x21, 0xff, 0x24, 0x21, 0x7f, 0x00, 0x00, 0x00, 0x00, 0x00, 0x00, 0x00, 0x00, 0x00, 0x00, 0x00, 0x00, 0x00, 0x00, 0x00,
    0x00, 0x00, 0x00, 0x00, 0x00, 0x00, 0x00, 0x00, 0x00, 0x24, 0x21, 0xc3, 0x24, 0x21, 0xd7, 0x00, 0x00, 0x00, 0x00, 0x00, 0x00, 0x00, 0x00, 0x00,
    0x00, 0x00, 0x00, 0x00, 0x00, 0x00, 0x00, 0x00, 0x00, 0x00, 0x00, 0x00, 0x24, 0x21, 0x0c, 0x24, 0x21, 0xc4, 0x24, 0x21, 0xfa, 0x24, 0x21, 0x30,
    0x00, 0x00, 0x00, 0x00, 0x00, 0x00, 0x00, 0x00, 0x00, 0x00, 0x00, 0x00, 0x00, 0x00, 0x00, 0x00, 0x00, 0x00, 0x00, 0x00, 0x00, 0x00, 0x00, 0x00,
    0x00, 0x00, 0x00, 0x00, 0x00, 0x00, 0x00, 0x00, 0x00, 0x00, 0x00, 0x00, 0x24, 0x21, 0x24, 0x24, 0x21, 0xd3, 0x24, 0x21, 0x7e, 0x00, 0x00, 0x00,
    0x00, 0x00, 0x00, 0x00, 0x00, 0x00, 0x00, 0x00, 0x00, 0x00, 0x00, 0x00, 0x00, 0x00, 0x00, 0x24, 0x21, 0x1f, 0x24, 0x21, 0xff, 0x24, 0x21, 0xb3,
    0x00, 0x00, 0x00, 0x00, 0x00, 0x00, 0x00, 0x00, 0x00, 0x00, 0x00, 0x00, 0x00, 0x00, 0x00, 0x00, 0x00, 0x00, 0x00, 0x00, 0x00, 0x00, 0x00, 0x00,
    0x00, 0x00, 0x00, 0x00, 0x00, 0x00, 0x00, 0x00, 0x00, 0x00, 0x00, 0x00, 0x00, 0x00, 0x00, 0x00, 0x00, 0x00, 0x00, 0x00, 0x00, 0x00, 0x00, 0x00,
    0x00, 0x00, 0x00, 0x00, 0x00, 0x00, 0x00, 0x00, 0x00, 0x00, 0x00, 0x00, 0x00, 0x00, 0x00, 0x00, 0x00, 0x00, 0x00, 0x00, 0x00, 0x00, 0x00, 0x00,
    0x00, 0x00, 0x00, 0x00, 0x00, 0x00, 0x00, 0x00, 0x00, 0x00, 0x00, 0x00, 0x00, 0x00, 0x00, 0x00, 0x00, 0x00, 0x00, 0x00, 0x00, 0x00, 0x00, 0x00,
    0x00, 0x00, 0x00, 0x00, 0x00, 0x00, 0x00, 0x00, 0x00, 0x00, 0x00, 0x00, 0x00, 0x00, 0x00, 0x00, 0x00, 0x00, 0x00, 0x00, 0x00, 0x00, 0x00, 0x00,
    0x00, 0x00, 0x00, 0x00, 0x00, 0x00, 0x00, 0x00, 0x00, 0x00, 0x00, 0x00, 0x00, 0x00, 0x00, 0x00, 0x00, 0x00, 0x00, 0x00, 0x00, 0x00, 0x00, 0x00,
    0x00, 0x00, 0x00, 0x00, 0x00, 0x00, 0x00, 0x00, 0x00, 0x00, 0x00, 0x00, 0x00, 0x00, 0x00, 0x00, 0x00, 0x00, 0x00, 0x00, 0x00, 0x00, 0x00, 0x00,
    0x00, 0x00, 0x00, 0x00, 0x00, 0x00, 0x00, 0x00, 0x00, 0x00, 0x00, 0x00, 0x00, 0x00, 0x00, 0x00, 0x00, 0x00, 0x00, 0x00, 0x00, 0x00, 0x00, 0x00,
    0x24, 0x21, 0x10, 0x24, 0x21, 0x2b, 0x24, 0x21, 0x12, 0x00, 0x00, 0x00, 0x00, 0x00, 0x00, 0x00, 0x00, 0x00, 0x00, 0x00, 0x00, 0x00, 0x00, 0x00,
    0x00, 0x00, 0x00, 0x00, 0x00, 0x00, 0x00, 0x00, 0x00, 0x00, 0x00, 0x00, 0x00, 0x00, 0x00, 0x00, 0x00, 0x00, 0x00, 0x00, 0x00, 0x00, 0x00, 0x00,
    0x00, 0x00, 0x00, 0x00, 0x00, 0x00, 0x00, 0x00, 0x00, 0x00, 0x00, 0x00, 0x00, 0x00, 0x00, 0x00, 0x00, 0x00, 0x00, 0x00, 0x00, 0x00, 0x00, 0x00,
    0x00, 0x00, 0x00, 0x00, 0x00, 0x00, 0x00, 0x00, 0x00, 0x24, 0x21, 0x65, 0x24, 0x21, 0x6f, 0x00, 0x00, 0x00, 0x00, 0x00, 0x00, 0x00, 0x00, 0x00,
    0x00, 0x00, 0x00, 0x00, 0x00, 0x00, 0x00, 0x00, 0x00, 0x00, 0x00, 0x00, 0x00, 0x00, 0x00, 0x24, 0x21, 0x0f, 0x24, 0x21, 0x3a, 0x00, 0x00, 0x00,
    0x00, 0x00, 0x00, 0x00, 0x00, 0x00, 0x00, 0x00, 0x00, 0x00, 0x00, 0x00, 0x00, 0x00, 0x00, 0x00, 0x00, 0x00, 0x00, 0x00, 0x00, 0x00, 0x00, 0x00,
    0x00, 0x00, 0x00, 0x00, 0x00, 0x00, 0x00, 0x00, 0x00, 0x00, 0x00, 0x00, 0x00, 0x00, 0x00, 0x24, 0x21, 0x12, 0x24, 0x21, 0x0d, 0x00, 0x00, 0x00,
    0x00, 0x00, 0x00, 0x00, 0x00, 0x00, 0x00, 0x00, 0x00, 0x00, 0x00, 0x00, 0x00, 0x00, 0x00, 0x24, 0x21, 0x0c, 0x24, 0x21, 0x67, 0x24, 0x21, 0x49,
    0x00, 0x00, 0x00, 0x00, 0x00, 0x00, 0x00, 0x00, 0x00, 0x00, 0x00, 0x00, 0x00, 0x00, 0x00, 0x00, 0x00, 0x00, 0x00, 0x00, 0x00, 0x00, 0x00, 0x00,
    0x00, 0x00, 0x00, 0x00, 0x00, 0x00, 0x00, 0x00, 0x00, 0x00, 0x00, 0x00, 0x00, 0x00, 0x00, 0x00, 0x00, 0x00, 0x00, 0x00, 0x00, 0x00, 0x00, 0x00,
    0x00, 0x00, 0x00, 0x00, 0x00, 0x00, 0x00, 0x00, 0x00, 0x00, 0x00, 0x00, 0x00, 0x00, 0x00, 0x00, 0x00, 0x00, 0x00, 0x00, 0x00, 0x00, 0x00, 0x00,
    0x00, 0x00, 0x00, 0x00, 0x00, 0x00, 0x00, 0x00, 0x00, 0x00, 0x00, 0x00, 0x00, 0x00, 0x00, 0x00, 0x00, 0x00, 0x00, 0x00, 0x00, 0x00, 0x00, 0x00,
    0x00, 0x00, 0x00, 0x00, 0x00, 0x00, 0x00, 0x00, 0x00, 0x00, 0x00, 0x00, 0x00, 0x00, 0x00, 0x00, 0x00, 0x00, 0x00, 0x00, 0x00, 0x00, 0x00, 0x00,
    0x00, 0x00, 0x00, 0x00, 0x00, 0x00, 0x00, 0x00, 0x00, 0x00, 0x00, 0x00, 0x00, 0x00, 0x00, 0x00, 0x00, 0x00, 0x00, 0x00, 0x00, 0x00, 0x00, 0x00,
    0x00, 0x00, 0x00, 0x00, 0x00, 0x00, 0x00, 0x00, 0x00, 0x00, 0x00, 0x00, 0x00, 0x00, 0x00, 0x00, 0x00, 0x00, 0x00, 0x00, 0x00, 0x00, 0x00, 0x00,
    0x00, 0x00, 0x00, 0x00, 0x00, 0x00, 0x00, 0x00, 0x00, 0x00, 0x00, 0x00, 0x00, 0x00, 0x00, 0x00, 0x00, 0x00, 0x00, 0x00, 0x00, 0x00, 0x00, 0x00,
    0x00, 0x00, 0x00, 0x00, 0x00, 0x00, 0x00, 0x00, 0x00, 0x00, 0x00, 0x00, 0x00, 0x00, 0x00, 0x00, 0x00, 0x00, 0x00, 0x00, 0x00, 0x00, 0x00, 0x00,
    0x00, 0x00, 0x00, 0x00, 0x00, 0x00, 0x00, 0x00, 0x00, 0x00, 0x00, 0x00, 0x00, 0x00, 0x00, 0x00, 0x00, 0x00, 0x00, 0x00, 0x00, 0x00, 0x00, 0x00,
    0x00, 0x00, 0x00, 0x00, 0x00, 0x00, 0x00, 0x00, 0x00, 0x00, 0x00, 0x00, 0x00, 0x00, 0x00, 0x00, 0x00, 0x00, 0x00, 0x00, 0x00, 0x00, 0x00, 0x00,
    0x00, 0x00, 0x00, 0x00, 0x00, 0x00, 0x00, 0x00, 0x00, 0x00, 0x00, 0x00, 0x00, 0x00, 0x00, 0x00, 0x00, 0x00, 0x00, 0x00, 0x00, 0x00, 0x00, 0x00,
    0x00, 0x00, 0x00, 0x00, 0x00, 0x00, 0x00, 0x00, 0x00, 0x00, 0x00, 0x00, 0x00, 0x00, 0x00, 0x00, 0x00, 0x00, 0x00, 0x00, 0x00, 0x00, 0x00, 0x00,
    0x00, 0x00, 0x00, 0x00, 0x00, 0x00, 0x00, 0x00, 0x00, 0x00, 0x00, 0x00, 0x00, 0x00, 0x00, 0x00, 0x00, 0x00, 0x00, 0x00, 0x00, 0x00, 0x00, 0x00,
    0x00, 0x00, 0x00, 0x00, 0x00, 0x00, 0x00, 0x00, 0x00, 0x00, 0x00, 0x00, 0x00, 0x00, 0x00, 0x00, 0x00, 0x00, 0x00, 0x00, 0x00, 0x00, 0x00, 0x00,
    0x00, 0x00, 0x00, 0x00, 0x00, 0x00, 0x00, 0x00, 0x00, 0x00, 0x00, 0x00, 0x00, 0x00, 0x00, 0x00, 0x00, 0x00, 0x00, 0x00, 0x00, 0x00, 0x00, 0x00,
    0x00, 0x00, 0x00, 0x00, 0x00, 0x00, 0x00, 0x00, 0x00, 0x00, 0x00, 0x00, 0x00, 0x00, 0x00, 0x00, 0x00, 0x00, 0x00, 0x00, 0x00, 0x00, 0x00, 0x00,
    0x00, 0x00, 0x00, 0x00, 0x00, 0x00, 0x00, 0x00, 0x00, 0x00, 0x00, 0x00, 0x00, 0x00, 0x00, 0x00, 0x00, 0x00, 0x00, 0x00, 0x00, 0x00, 0x00, 0x00,
    0x00, 0x00, 0x00, 0x00, 0x00, 0x00, 0x00, 0x00, 0x00, 0x00, 0x00, 0x00, 0x00, 0x00, 0x00, 0x00, 0x00, 0x00, 0x00, 0x00, 0x00, 0x00, 0x00, 0x00,
    0x00, 0x00, 0x00, 0x00, 0x00, 0x00, 0x00, 0x00, 0x00, 0x00, 0x00, 0x00, 0x00, 0x00, 0x00, 0x00, 0x00, 0x00, 0x00, 0x00, 0x00, 0x00, 0x00, 0x00,
    0x00, 0x00, 0x00, 0x00, 0x00, 0x00, 0x00, 0x00, 0x00, 0x00, 0x00, 0x00, 0x00, 0x00, 0x00, 0x00, 0x00, 0x00, 0x00, 0x00, 0x00, 0x00, 0x00, 0x00,
    0x00, 0x00, 0x00, 0x00, 0x00, 0x00, 0x00, 0x00, 0x00, 0x00, 0x00, 0x00, 0x00, 0x00, 0x00, 0x00, 0x00, 0x00, 0x00, 0x00, 0x00, 0x00, 0x00, 0x00,
    0x00, 0x00, 0x00, 0x00, 0x00, 0x00, 0x00, 0x00, 0x00, 0x00, 0x00, 0x00, 0x00, 0x00, 0x00, 0x00, 0x00, 0x00, 0x00, 0x00, 0x00, 0x00, 0x00, 0x00,
    0x00, 0x00, 0x00, 0x00, 0x00, 0x00, 0x00, 0x00, 0x00, 0x00, 0x00, 0x00, 0x00, 0x00, 0x00, 0x00, 0x00, 0x00, 0x00, 0x00, 0x00, 0x00, 0x00, 0x00,
    0x00, 0x00, 0x00, 0x00, 0x00, 0x00, 0x00, 0x00, 0x00, 0x00, 0x00, 0x00, 0x00, 0x00, 0x00, 0x00, 0x00, 0x00, 0x00, 0x00, 0x00, 0x00, 0x00, 0x00,
    0x00, 0x00, 0x00, 0x00, 0x00, 0x00, 0x00, 0x00, 0x00, 0x00, 0x00, 0x00, 0x00, 0x00, 0x00, 0x00, 0x00, 0x00, 0x00, 0x00, 0x00, 0x00, 0x00, 0x00,
    0x00, 0x00, 0x00, 0x00, 0x00, 0x00, 0x00, 0x00, 0x00, 0x00, 0x00, 0x00, 0x00, 0x00, 0x00, 0x00, 0x00, 0x00, 0x00, 0x00, 0x00, 0x00, 0x00, 0x00,
    0x00, 0x00, 0x00, 0x00, 0x00, 0x00, 0x00, 0x00, 0x00, 0x00, 0x00, 0x00, 0x00, 0x00, 0x00, 0x00, 0x00, 0x00, 0x00, 0x00, 0x00, 0x00, 0x00, 0x00,
    0x00, 0x00, 0x00, 0x00, 0x00, 0x00, 0x00, 0x00, 0x00, 0x00, 0x00, 0x00, 0x00, 0x00, 0x00, 0x00, 0x00, 0x00, 0x00, 0x00, 0x00, 0x00, 0x00, 0x00,
    0x00, 0x00, 0x00, 0x00, 0x00, 0x00, 0x00, 0x00, 0x00, 0x00, 0x00, 0x00, 0x00, 0x00, 0x00, 0x00, 0x00, 0x00, 0x00, 0x00, 0x00, 0x00, 0x00, 0x00,
    0x00, 0x00, 0x00, 0x00, 0x00, 0x00, 0x00, 0x00, 0x00, 0x00, 0x00, 0x00, 0x00, 0x00, 0x00, 0x00, 0x00, 0x00, 0x00, 0x00, 0x00, 0x00, 0x00, 0x00,
    0x00, 0x00, 0x00, 0x00, 0x00, 0x00, 0x00, 0x00, 0x00, 0x00, 0x00, 0x00, 0x00, 0x00, 0x00, 0x00, 0x00, 0x00, 0x00, 0x00, 0x00, 0x00, 0x00, 0x00,
    0x00, 0x00, 0x00, 0x00, 0x00, 0x00, 0x00, 0x00, 0x00, 0x00, 0x00, 0x00, 0x00, 0x00, 0x00, 0x00, 0x00, 0x00, 0x00, 0x00, 0x00, 0x00, 0x00, 0x00,
    0x00, 0x00, 0x00, 0x00, 0x00, 0x00, 0x00, 0x00, 0x00, 0x00, 0x00, 0x00, 0x00, 0x00, 0x00, 0x00, 0x00, 0x00, 0x00, 0x00, 0x00, 0x00, 0x00, 0x00,
    0x00, 0x00, 0x00, 0x00, 0x00, 0x00, 0x00, 0x00, 0x00, 0x00, 0x00, 0x00, 0x00, 0x00, 0x00, 0x00, 0x00, 0x00, 0x00, 0x00, 0x00, 0x00, 0x00, 0x00,
    0x00, 0x00, 0x00, 0x00, 0x00, 0x00, 0x00, 0x00, 0x00, 0x00, 0x00, 0x00, 0x00, 0x00, 0x00, 0x00, 0x00, 0x00, 0x00, 0x00, 0x00, 0x00, 0x00, 0x00,
    0x00, 0x00, 0x00, 0x00, 0x00, 0x00, 0x00, 0x00, 0x00, 0x00, 0x00, 0x00, 0x00, 0x00, 0x00, 0x00, 0x00, 0x00, 0x00, 0x00, 0x00, 0x00, 0x00, 0x00,
    0x00, 0x00, 0x00, 0x00, 0x00, 0x00, 0x00, 0x00, 0x00, 0x00, 0x00, 0x00, 0x00, 0x00, 0x00, 0x00, 0x00, 0x00, 0x00, 0x00, 0x00, 0x00, 0x00, 0x00,
    0x00, 0x00, 0x00, 0x00, 0x00, 0x00, 0x00, 0x00, 0x00, 0x00, 0x00, 0x00, 0x00, 0x00, 0x00, 0x00, 0x00, 0x00, 0x00, 0x00, 0x00, 0x00, 0x00, 0x00,
    0x00, 0x00, 0x00, 0x00, 0x00, 0x00, 0x00, 0x00, 0x00, 0x00, 0x00, 0x00, 0x00, 0x00, 0x00, 0x00, 0x00, 0x00, 0x00, 0x00, 0x00, 0x00, 0x00, 0x00,
    0x00, 0x00, 0x00, 0x00, 0x00, 0x00, 0x00, 0x00, 0x00, 0x00, 0x00, 0x00, 0x00, 0x00, 0x00, 0x00, 0x00, 0x00, 0x00, 0x00, 0x00, 0x00, 0x00, 0x00,
    0x00, 0x00, 0x00, 0x00, 0x00, 0x00, 0x00, 0x00, 0x00, 0x00, 0x00, 0x00, 0x00, 0x00, 0x00, 0x00, 0x00, 0x00, 0x00, 0x00, 0x00, 0x00, 0x00, 0x00,
    0x00, 0x00, 0x00, 0x00, 0x00, 0x00, 0x00, 0x00, 0x00, 0x00, 0x00, 0x00, 0x00, 0x00, 0x00, 0x00, 0x00, 0x00, 0x00, 0x00, 0x00, 0x00, 0x00, 0x00,
    0x00, 0x00, 0x00, 0x00, 0x00, 0x00, 0x00, 0x00, 0x00, 0x00, 0x00, 0x00, 0x00, 0x00, 0x00, 0x00, 0x00, 0x00, 0x00, 0x00, 0x00, 0x00, 0x00, 0x00,
    0x00, 0x00, 0x00, 0x00, 0x00, 0x00, 0x00, 0x00, 0x00, 0x00, 0x00, 0x00, 0x00, 0x00, 0x00, 0x00, 0x00, 0x00, 0x00, 0x00, 0x00, 0x00, 0x00, 0x00,
    0x00, 0x00, 0x00, 0x00, 0x00, 0x00, 0x00, 0x00, 0x00, 0x00, 0x00, 0x00, 0x00, 0x00, 0x00, 0x00, 0x00, 0x00, 0x00, 0x00, 0x00, 0x00, 0x00, 0x00,
    0x00, 0x00, 0x00, 0x00, 0x00, 0x00, 0x00, 0x00, 0x00, 0x00, 0x00, 0x00, 0x00, 0x00, 0x00, 0x00, 0x00, 0x00, 0x00, 0x00, 0x00, 0x00, 0x00, 0x00,
    0x00, 0x00, 0x00, 0x00, 0x00, 0x00, 0x00, 0x00, 0x00, 0x00, 0x00, 0x00, 0x00, 0x00, 0x00, 0x00, 0x00, 0x00, 0x00, 0x00, 0x00, 0x00, 0x00, 0x00,
    0x00, 0x00, 0x00, 0x00, 0x00, 0x00, 0x00, 0x00, 0x00, 0x00, 0x00, 0x00, 0x00, 0x00, 0x00, 0x00, 0x00, 0x00, 0x00, 0x00, 0x00, 0x00, 0x00, 0x00,
    0x00, 0x00, 0x00, 0x00, 0x00, 0x00, 0x00, 0x00, 0x00, 0x00, 0x00, 0x00, 0x00, 0x00, 0x00, 0x00, 0x00, 0x00, 0x00, 0x00, 0x00, 0x00, 0x00, 0x00,
    0x00, 0x00, 0x00, 0x00, 0x00, 0x00, 0x00, 0x00, 0x00, 0x00, 0x00, 0x00, 0x00, 0x00, 0x00, 0x00, 0x00, 0x00, 0x00, 0x00, 0x00, 0x00, 0x00, 0x00,
    0x00, 0x00, 0x00, 0x00, 0x00, 0x00, 0x00, 0x00, 0x00, 0x00, 0x00, 0x00, 0x00, 0x00, 0x00, 0x00, 0x00, 0x00, 0x00, 0x00, 0x00, 0x00, 0x00, 0x00,
    0x00, 0x00, 0x00, 0x00, 0x00, 0x00, 0x00, 0x00, 0x00, 0x00, 0x00, 0x00, 0x00, 0x00, 0x00, 0x00, 0x00, 0x00, 0x00, 0x00, 0x00, 0x00, 0x00, 0x00,
    0x00, 0x00, 0x00, 0x00, 0x00, 0x00, 0x00, 0x00, 0x00, 0x00, 0x00, 0x00, 0x00, 0x00, 0x00, 0x00, 0x00, 0x00, 0x00, 0x00, 0x00, 0x00, 0x00, 0x00,
    0x00, 0x00, 0x00, 0x00, 0x00, 0x00, 0x00, 0x00, 0x00, 0x00, 0x00, 0x00, 0x00, 0x00, 0x00, 0x00, 0x00, 0x00, 0x00, 0x00, 0x00, 0x00, 0x00, 0x00,
    0x00, 0x00, 0x00, 0x00, 0x00, 0x00, 0x00, 0x00, 0x00, 0x00, 0x00, 0x00, 0x00, 0x00, 0x00, 0x00, 0x00, 0x00, 0x00, 0x00, 0x00, 0x00, 0x00, 0x00,
    0x00, 0x00, 0x00, 0x00, 0x00, 0x00, 0x00, 0x00, 0x00, 0x00, 0x00, 0x00, 0x00, 0x00, 0x00, 0x00, 0x00, 0x00, 0x00, 0x00, 0x00, 0x00, 0x00, 0x00,
    0x00, 0x00, 0x00, 0x00, 0x00, 0x00, 0x00, 0x00, 0x00, 0x00, 0x00, 0x00, 0x00, 0x00, 0x00, 0x00, 0x00, 0x00, 0x00, 0x00, 0x00, 0x00, 0x00, 0x00,
    0x00, 0x00, 0x00, 0x00, 0x00, 0x00, 0x00, 0x00, 0x00, 0x00, 0x00, 0x00, 0x00, 0x00, 0x00, 0x00, 0x00, 0x00, 0x00, 0x00, 0x00, 0x00, 0x00, 0x00,
    0x00, 0x00, 0x00, 0x00, 0x00, 0x00, 0x00, 0x00, 0x00, 0x00, 0x00, 0x00, 0x00, 0x00, 0x00, 0x00, 0x00, 0x00, 0x00, 0x00, 0x00, 0x00, 0x00, 0x00,
    0x00, 0x00, 0x00, 0x00, 0x00, 0x00, 0x00, 0x00, 0x00, 0x00, 0x00, 0x00, 0x00, 0x00, 0x00, 0x00, 0x00, 0x00, 0x00, 0x00, 0x00, 0x00, 0x00, 0x00,
    0x00, 0x00, 0x00, 0x00, 0x00, 0x00, 0x00, 0x00, 0x00, 0x00, 0x00, 0x00, 0x00, 0x00, 0x00, 0x00, 0x00, 0x00, 0x00, 0x00, 0x00, 0x00, 0x00, 0x00,
    0x00, 0x00, 0x00, 0x00, 0x00, 0x00, 0x00, 0x00, 0x00, 0x00, 0x00, 0x00, 0x00, 0x00, 0x00, 0x00, 0x00, 0x00, 0x00, 0x00, 0x00, 0x00, 0x00, 0x00,
    0x00, 0x00, 0x00, 0x00, 0x00, 0x00, 0x00, 0x00, 0x00, 0x00, 0x00, 0x00, 0x00, 0x00, 0x00, 0x00, 0x00, 0x00, 0x00, 0x00, 0x00, 0x00, 0x00, 0x00,
    0x00, 0x00, 0x00, 0x00, 0x00, 0x00, 0x00, 0x00, 0x00, 0x00, 0x00, 0x00, 0x00, 0x00, 0x00, 0x00, 0x00, 0x00, 0x00, 0x00, 0x00, 0x00, 0x00, 0x00,
    0x00, 0x00, 0x00, 0x00, 0x00, 0x00, 0x00, 0x00, 0x00, 0x00, 0x00, 0x00, 0x00, 0x00, 0x00, 0x00, 0x00, 0x00, 0x00, 0x00, 0x00, 0x00, 0x00, 0x00,
    0x00, 0x00, 0x00, 0x00, 0x00, 0x00, 0x00, 0x00, 0x00, 0x00, 0x00, 0x00, 0x00, 0x00, 0x00, 0x00, 0x00, 0x00, 0x00, 0x00, 0x00, 0x00, 0x00, 0x00,
    0x00, 0x00, 0x00, 0x00, 0x00, 0x00, 0x00, 0x00, 0x00, 0x00, 0x00, 0x00, 0x00, 0x00, 0x00, 0x00, 0x00, 0x00, 0x00, 0x00, 0x00, 0x00, 0x00, 0x00,
};
const lv_img_dsc_t voice_listening = {
    .header.always_zero = 0,
    .header.w = 128,
    .header.h = 32,
    .data_size = 12288,
    .header.cf = LV_IMG_CF_TRUE_COLOR_ALPHA,
    .data = voice_listening_map,
};

#ifndef LV_ATTRIBUTE_IMG_VOICE_RECOGNIZED
#define LV_ATTRIBUTE_IMG_VOICE_RECOGNIZED
#endif
const LV_ATTRIBUTE_MEM_ALIGN LV_ATTRIBUTE_LARGE_CONST LV_ATTRIBUTE_IMG_VOICE_RECOGNIZED uint8_t voice_recognized_map[] = {
    0x00, 0x00, 0x00, 0x00, 0x00, 0x00, 0x00, 0x00, 0x00, 0x00, 0x00, 0x00, 0x00, 0x00, 0x00, 0x00, 0x00, 0x00, 0x00, 0x00, 0x00, 0x00, 0x00, 0x00,
    0x00, 0x00, 0x00, 0x00, 0x00, 0x00, 0x00, 0x00, 0x00, 0x00, 0x00, 0x00, 0x00, 0x00, 0x00, 0x00, 0x00, 0x00, 0x00, 0x00, 0x00, 0x00, 0x00, 0x00,
    0x00, 0x00, 0x00, 0x00, 0x00, 0x00, 0x00, 0x00, 0x00, 0x00, 0x00, 0x00, 0x00, 0x00, 0x00, 0x00, 0x00, 0x00, 0x00, 0x00, 0x00, 0x00, 0x00, 0x00,
    0x00, 0x00, 0x00, 0x00, 0x00, 0x00, 0x00, 0x00, 0x00, 0x00, 0x00, 0x00, 0x00, 0x00, 0x00, 0x00, 0x00, 0x00, 0x00, 0x00, 0x00, 0x00, 0x00, 0x00,
    0x00, 0x00, 0x00, 0x00, 0x00, 0x00, 0x00, 0x00, 0x00, 0x00, 0x00, 0x00, 0x00, 0x00, 0x00, 0x00, 0x00, 0x00, 0x00, 0x00, 0x00, 0x00, 0x00, 0x00,
    0x00, 0x00, 0x00, 0x00, 0x00, 0x00, 0x00, 0x00, 0x00, 0x00, 0x00, 0x00, 0x00, 0x00, 0x00, 0x00, 0x00, 0x00, 0x00, 0x00, 0x00, 0x00, 0x00, 0x00,
    0x00, 0x00, 0x00, 0x00, 0x00, 0x00, 0x00, 0x00, 0x00, 0x00, 0x00, 0x00, 0x00, 0x00, 0x00, 0x00, 0x00, 0x00, 0x00, 0x00, 0x00, 0x00, 0x00, 0x00,
    0x00, 0x00, 0x00, 0x00, 0x00, 0x00, 0x00, 0x00, 0x00, 0x00, 0x00, 0x00, 0x00, 0x00, 0x00, 0x00, 0x00, 0x00, 0x00, 0x00, 0x00, 0x00, 0x00, 0x00,
    0x00, 0x00, 0x00, 0x00, 0x00, 0x00, 0x00, 0x00, 0x00, 0x00, 0x00, 0x00, 0x00, 0x00, 0x00, 0x00, 0x00, 0x00, 0x00, 0x00, 0x00, 0x00, 0x00, 0x00,
    0x00, 0x00, 0x00, 0x00, 0x00, 0x00, 0x00, 0x00, 0x00, 0x00, 0x00, 0x00, 0x00, 0x00, 0x00, 0x00, 0x00, 0x00, 0x00, 0x00, 0x00, 0x00, 0x00, 0x00,
    0x00, 0x00, 0x00, 0x00, 0x00, 0x00, 0x00, 0x00, 0x00, 0x00, 0x00, 0x00, 0x00, 0x00, 0x00, 0x00, 0x00, 0x00, 0x00, 0x00, 0x00, 0x00, 0x00, 0x00,
    0x00, 0x00, 0x00, 0x00, 0x00, 0x00, 0x00, 0x00, 0x00, 0x00, 0x00, 0x00, 0x00, 0x00, 0x00, 0x00, 0x00, 0x00, 0x00, 0x00, 0x00, 0x00, 0x00, 0x00,
    0x00, 0x00, 0x00, 0x00, 0x00, 0x00, 0x00, 0x00, 0x00, 0x00, 0x00, 0x00, 0x00, 0x00, 0x00, 0x00, 0x00, 0x00, 0x00, 0x00, 0x00, 0x00, 0x00, 0x00,
    0x00, 0x00, 0x00, 0x00, 0x00, 0x00, 0x00, 0x00, 0x00, 0x00, 0x00, 0x00, 0x00, 0x00, 0x00, 0x00, 0x00, 0x00, 0x00, 0x00, 0x00, 0x00, 0x00, 0x00,
    0x00, 0x00, 0x00, 0x00, 0x00, 0x00, 0x00, 0x00, 0x00, 0x00, 0x00, 0x00, 0x00, 0x00, 0x00, 0x00, 0x00, 0x00, 0x00, 0x00, 0x00, 0x00, 0x00, 0x00,
    0x00, 0x00, 0x00, 0x00, 0x00, 0x00, 0x00, 0x00, 0x00, 0x00, 0x00, 0x00, 0x00, 0x00, 0x00, 0x00, 0x00, 0x00, 0x00, 0x00, 0x00, 0x00, 0x00, 0x00,
    0x00, 0x00, 0x00, 0x00, 0x00, 0x00, 0x00, 0x00, 0x00, 0x00, 0x00, 0x00, 0x00, 0x00, 0x00, 0x00, 0x00, 0x00, 0x00, 0x00, 0x00, 0x00, 0x00, 0x00,
    0x00, 0x00, 0x00, 0x00, 0x00, 0x00, 0x00, 0x00, 0x00, 0x00, 0x00, 0x00, 0x00, 0x00, 0x00, 0x00, 0x00, 0x00, 0x00, 0x00, 0x00, 0x00, 0x00, 0x00,
    0x00, 0x00, 0x00, 0x00, 0x00, 0x00, 0x00, 0x00, 0x00, 0x00, 0x00, 0x00, 0x00, 0x00, 0x00, 0x00, 0x00, 0x00, 0x00, 0x00, 0x00, 0x00, 0x00, 0x00,
    0x00, 0x00, 0x00, 0x00, 0x00, 0x00, 0x00, 0x00, 0x00, 0x00, 0x00, 0x00, 0x00, 0x00, 0x00, 0x00, 0x00, 0x00, 0x00, 0x00, 0x00, 0x00, 0x00, 0x00,
    0x00, 0x00, 0x00, 0x00, 0x00, 0x00, 0x00, 0x00, 0x00, 0x00, 0x00, 0x00, 0x00, 0x00, 0x00, 0x00, 0x00, 0x00, 0x00, 0x00, 0x00, 0x00, 0x00, 0x00,
    0x00, 0x00, 0x00, 0x00, 0x00, 0x00, 0x00, 0x00, 0x00, 0x00, 0x00, 0x00, 0x00, 0x00, 0x00, 0x00, 0x00, 0x00, 0x00, 0x00, 0x00, 0x00, 0x00, 0x00,
    0x00, 0x00, 0x00, 0x00, 0x00, 0x00, 0x00, 0x00, 0x00, 0x00, 0x00, 0x00, 0x00, 0x00, 0x00, 0x00, 0x00, 0x00, 0x00, 0x00, 0x00, 0x00, 0x00, 0x00,
    0x00, 0x00, 0x00, 0x00, 0x00, 0x00, 0x00, 0x00, 0x00, 0x00, 0x00, 0x00, 0x00, 0x00, 0x00, 0x00, 0x00, 0x00, 0x00, 0x00, 0x00, 0x00, 0x00, 0x00,
    0x00, 0x00, 0x00, 0x00, 0x00, 0x00, 0x00, 0x00, 0x00, 0x00, 0x00, 0x00, 0x00, 0x00, 0x00, 0x00, 0x00, 0x00, 0x00, 0x00, 0x00, 0x00, 0x00, 0x00,
    0x00, 0x00, 0x00, 0x00, 0x00, 0x00, 0x00, 0x00, 0x00, 0x00, 0x00, 0x00, 0x00, 0x00, 0x00, 0x00, 0x00, 0x00, 0x00, 0x00, 0x00, 0x00, 0x00, 0x00,
    0x00, 0x00, 0x00, 0x00, 0x00, 0x00, 0x00, 0x00, 0x00, 0x00, 0x00, 0x00, 0x00, 0x00, 0x00, 0x00, 0x00, 0x00, 0x00, 0x00, 0x00, 0x00, 0x00, 0x00,
    0x00, 0x00, 0x00, 0x00, 0x00, 0x00, 0x00, 0x00, 0x00, 0x00, 0x00, 0x00, 0x00, 0x00, 0x00, 0x00, 0x00, 0x00, 0x00, 0x00, 0x00, 0x00, 0x00, 0x00,
    0x00, 0x00, 0x00, 0x00, 0x00, 0x00, 0x00, 0x00, 0x00, 0x00, 0x00, 0x00, 0x00, 0x00, 0x00, 0x00, 0x00, 0x00, 0x00, 0x00, 0x00, 0x00, 0x00, 0x00,
    0x00, 0x00, 0x00, 0x00, 0x00, 0x00, 0x00, 0x00, 0x00, 0x00, 0x00, 0x00, 0x00, 0x00, 0x00, 0x00, 0x00, 0x00, 0x00, 0x00, 0x00, 0x00, 0x00, 0x00,
    0x00, 0x00, 0x00, 0x00, 0x00, 0x00, 0x00, 0x00, 0x00, 0x00, 0x00, 0x00, 0x00, 0x00, 0x00, 0x00, 0x00, 0x00, 0x00, 0x00, 0x00, 0x00, 0x00, 0x00,
    0x00, 0x00, 0x00, 0x00, 0x00, 0x00, 0x00, 0x00, 0x00, 0x00, 0x00, 0x00, 0x00, 0x00, 0x00, 0x00, 0x00, 0x00, 0x00, 0x00, 0x00, 0x00, 0x00, 0x00,
    0x00, 0x00, 0x00, 0x00, 0x00, 0x00, 0x00, 0x00, 0x00, 0x00, 0x00, 0x00, 0x00, 0x00, 0x00, 0x00, 0x00, 0x00, 0x00, 0x00, 0x00, 0x00, 0x00, 0x00,
    0x00, 0x00, 0x00, 0x00, 0x00, 0x00, 0x00, 0x00, 0x00, 0x00, 0x00, 0x00, 0x00, 0x00, 0x00, 0x00, 0x00, 0x00, 0x00, 0x00, 0x00, 0x00, 0x00, 0x00,
    0x00, 0x00, 0x00, 0x00, 0x00, 0x00, 0x00, 0x00, 0x00, 0x00, 0x00, 0x00, 0x00, 0x00, 0x00, 0x00, 0x00, 0x00, 0x00, 0x00, 0x00, 0x00, 0x00, 0x00,
    0x00, 0x00, 0x00, 0x00, 0x00, 0x00, 0x00, 0x00, 0x00, 0x00, 0x00, 0x00, 0x00, 0x00, 0x00, 0x00, 0x00, 0x00, 0x00, 0x00, 0x00, 0x00, 0x00, 0x00,
    0x00, 0x00, 0x00, 0x00, 0x00, 0x00, 0x00, 0x00, 0x00, 0x00, 0x00, 0x00, 0x00, 0x00, 0x00, 0x00, 0x00, 0x00, 0x00, 0x00, 0x00, 0x00, 0x00, 0x00,
    0x00, 0x00, 0x00, 0x00, 0x00, 0x00, 0x00, 0x00, 0x00, 0x00, 0x00, 0x00, 0x00, 0x00, 0x00, 0x00, 0x00, 0x00, 0x00, 0x00, 0x00, 0x00, 0x00, 0x00,
    0x00, 0x00, 0x00, 0x00, 0x00, 0x00, 0x00, 0x00, 0x00, 0x00, 0x00, 0x00, 0x00, 0x00, 0x00, 0x00, 0x00, 0x00, 0x00, 0x00, 0x00, 0x00, 0x00, 0x00,
    0x00, 0x00, 0x00, 0x00, 0x00, 0x00, 0x00, 0x00, 0x00, 0x00, 0x00, 0x00, 0x00, 0x00, 0x00, 0x00, 0x00, 0x00, 0x00, 0x00, 0x00, 0x00, 0x00, 0x00,
    0x00, 0x00, 0x00, 0x00, 0x00, 0x00, 0x00, 0x00, 0x00, 0x00, 0x00, 0x00, 0x00, 0x00, 0x00, 0x00, 0x00, 0x00, 0x00, 0x00, 0x00, 0x00, 0x00, 0x00,
    0x00, 0x00, 0x00, 0x00, 0x00, 0x00, 0x00, 0x00, 0x00, 0x00, 0x00, 0x00, 0x00, 0x00, 0x00, 0x00, 0x00, 0x00, 0x00, 0x00, 0x00, 0x00, 0x00, 0x00,
    0x00, 0x00, 0x00, 0x00, 0x00, 0x00, 0x00, 0x00, 0x00, 0x00, 0x00, 0x00, 0x00, 0x00, 0x00, 0x00, 0x00, 0x00, 0x00, 0x00, 0x00, 0x00, 0x00, 0x00,
    0x00, 0x00, 0x00, 0x00, 0x00, 0x00, 0x00, 0x00, 0x00, 0x00, 0x00, 0x00, 0x00, 0x00, 0x00, 0x00, 0x00, 0x00, 0x00, 0x00, 0x00, 0x00, 0x00, 0x00,
    0x00, 0x00, 0x00, 0x00, 0x00, 0x00, 0x00, 0x00, 0x00, 0x00, 0x00, 0x00, 0x00, 0x00, 0x00, 0x00, 0x00, 0x00, 0x00, 0x00, 0x00, 0x00, 0x00, 0x00,
    0x00, 0x00, 0x00, 0x00, 0x00, 0x00, 0x00, 0x00, 0x00, 0x00, 0x00, 0x00, 0x00, 0x00, 0x00, 0x00, 0x00, 0x00, 0x00, 0x00, 0x00, 0x00, 0x00, 0x00,
    0x00, 0x00, 0x00, 0x00, 0x00, 0x00, 0x00, 0x00, 0x00, 0x00, 0x00, 0x00, 0x00, 0x00, 0x00, 0x00, 0x00, 0x00, 0x00, 0x00, 0x00, 0x00, 0x00, 0x00,
    0x00, 0x00, 0x00, 0x00, 0x00, 0x00, 0x00, 0x00, 0x00, 0x00, 0x00, 0x00, 0x00, 0x00, 0x00, 0x00, 0x00, 0x00, 0x00, 0x00, 0x00, 0x00, 0x00, 0x00,
    0x00, 0x00, 0x00, 0x00, 0x00, 0x00, 0x00, 0x00, 0x00, 0x00, 0x00, 0x00, 0x00, 0x00, 0x00, 0x00, 0x00, 0x00, 0x00, 0x00, 0x00, 0x00, 0x00, 0x00,
    0x00, 0x00, 0x00, 0x00, 0x00, 0x00, 0x00, 0x00, 0x00, 0x00, 0x00, 0x00, 0x00, 0x00, 0x00, 0x00, 0x00, 0x00, 0x00, 0x00, 0x00, 0x00, 0x00, 0x00,
    0x00, 0x00, 0x00, 0x00, 0x00, 0x00, 0x00, 0x00, 0x00, 0x00, 0x00, 0x00, 0x00, 0x00, 0x00, 0x00, 0x00, 0x00, 0x00, 0x00, 0x00, 0x00, 0x00, 0x00,
    0x00, 0x00, 0x00, 0x00, 0x00, 0x00, 0x00, 0x00, 0x00, 0x00, 0x00, 0x00, 0x00, 0x00, 0x00, 0x00, 0x00, 0x00, 0x00, 0x00, 0x00, 0x00, 0x00, 0x00,
    0x00, 0x00, 0x00, 0x00, 0x00, 0x00, 0x00, 0x00, 0x00, 0x00, 0x00, 0x00, 0x00, 0x00, 0x00, 0x00, 0x00, 0x00, 0x00, 0x00, 0x00, 0x00, 0x00, 0x00,
    0x00, 0x00, 0x00, 0x00, 0x00, 0x00, 0x00, 0x00, 0x00, 0x00, 0x00, 0x00, 0x00, 0x00, 0x00, 0x00, 0x00, 0x00, 0x00, 0x00, 0x00, 0x00, 0x00, 0x00,
    0x00, 0x00, 0x00, 0x00, 0x00, 0x00, 0x00, 0x00, 0x00, 0x00, 0x00, 0x00, 0x00, 0x00, 0x00, 0x00, 0x00, 0x00, 0x00, 0x00, 0x00, 0x00, 0x00, 0x00,
    0x00, 0x00, 0x00, 0x00, 0x00, 0x00, 0x00, 0x00, 0x00, 0x00, 0x00, 0x00, 0x00, 0x00, 0x00, 0x00, 0x00, 0x00, 0x00, 0x00, 0x00, 0x00, 0x00, 0x00,
    0x00, 0x00, 0x00, 0x00, 0x00, 0x00, 0x00, 0x00, 0x00, 0x00, 0x00, 0x00, 0x00, 0x00, 0x00, 0x00, 0x00, 0x00, 0x00, 0x00, 0x00, 0x00, 0x00, 0x00,
    0x00, 0x00, 0x00, 0x00, 0x00, 0x00, 0x00, 0x00, 0x00, 0x00, 0x00, 0x00, 0x00, 0x00, 0x00, 0x00, 0x00, 0x00, 0x00, 0x00, 0x00, 0x00, 0x00, 0x00,
    0x00, 0x00, 0x00, 0x00, 0x00, 0x00, 0x00, 0x00, 0x00, 0x00, 0x00, 0x00, 0x00, 0x00, 0x00, 0x00, 0x00, 0x00, 0x00, 0x00, 0x00, 0x00, 0x00, 0x00,
    0x00, 0x00, 0x00, 0x00, 0x00, 0x00, 0x00, 0x00, 0x00, 0x00, 0x00, 0x00, 0x00, 0x00, 0x00, 0x00, 0x00, 0x00, 0x00, 0x00, 0x00, 0x00, 0x00, 0x00,
    0x00, 0x00, 0x00, 0x00, 0x00, 0x00, 0x00, 0x00, 0x00, 0x00, 0x00, 0x00, 0x00, 0x00, 0x00, 0x00, 0x00, 0x00, 0x00, 0x00, 0x00, 0x00, 0x00, 0x00,
    0x00, 0x00, 0x00, 0x00, 0x00, 0x00, 0x00, 0x00, 0x00, 0x00, 0x00, 0x00, 0x00, 0x00, 0x00, 0x00, 0x00, 0x00, 0x00, 0x00, 0x00, 0x00, 0x00, 0x00,
    0x00, 0x00, 0x00, 0x00, 0x00, 0x00, 0x00, 0x00, 0x00, 0x00, 0x00, 0x00, 0x00, 0x00, 0x00, 0x00, 0x00, 0x00, 0x00, 0x00, 0x00, 0x00, 0x00, 0x00,
    0x00, 0x00, 0x00, 0x00, 0x00, 0x00, 0x00, 0x00, 0x00, 0x00, 0x00, 0x00, 0x00, 0x00, 0x00, 0x00, 0x00, 0x00, 0x00, 0x00, 0x00, 0x00, 0x00, 0x00,
    0x00, 0x00, 0x00, 0x00, 0x00, 0x00, 0x00, 0x00, 0x00, 0x00, 0x00, 0x00, 0x00, 0x00, 0x00, 0x00, 0x00, 0x00, 0x00, 0x00, 0x00, 0x00, 0x00, 0x00,
    0x00, 0x00, 0x00, 0x00, 0x00, 0x00, 0x00, 0x00, 0x00, 0x00, 0x00, 0x00, 0x00, 0x00, 0x00, 0x00, 0x00, 0x00, 0x00, 0x00, 0x00, 0x00, 0x00, 0x00,
    0x00, 0x00, 0x00, 0x00, 0x00, 0x00, 0x00, 0x00, 0x00, 0x00, 0x00, 0x00, 0x00, 0x00, 0x00, 0x24, 0x21, 0x42, 0x24, 0x21, 0x41, 0x24, 0x21, 0x30,
    0x24, 0x21, 0x10, 0x00, 0x00, 0x00, 0x00, 0x00, 0x00, 0x00, 0x00, 0x00, 0x00, 0x00, 0x00, 0x00, 0x00, 0x00, 0x00, 0x00, 0x00, 0x00, 0x00, 0x00,
    0x00, 0x00, 0x00, 0x00, 0x00, 0x00, 0x24, 0x21, 0x58, 0x24, 0x21, 0x21, 0x00, 0x00, 0x00, 0x00, 0x00, 0x00, 0x00, 0x00, 0x00, 0x00, 0x00, 0x00,
    0x00, 0x00, 0x00, 0x00, 0x00, 0x00, 0x00, 0x00, 0x00, 0x00, 0x00, 0x00, 0x00, 0x00, 0x00, 0x00, 0x00, 0x00, 0x00, 0x00, 0x00, 0x00, 0x00, 0x00,
    0x00, 0x00, 0x00, 0x00, 0x00, 0x00, 0x24, 0x21, 0x18, 0x00, 0x00, 0x00, 0x00, 0x00, 0x00, 0x00, 0x00, 0x00, 0x00, 0x00, 0x00, 0x00, 0x00, 0x00,
    0x00, 0x00, 0x00, 0x00, 0x00, 0x00, 0x00, 0x00, 0x00, 0x00, 0x00, 0x00, 0x00, 0x00, 0x00, 0x00, 0x00, 0x00, 0x00, 0x00, 0x00, 0x00, 0x00, 0x00,
    0x00, 0x00, 0x00, 0x00, 0x00, 0x00, 0x00, 0x00, 0x00, 0x00, 0x00, 0x00, 0x00, 0x00, 0x00, 0x00, 0x00, 0x00, 0x00, 0x00, 0x00, 0x00, 0x00, 0x00,
    0x00, 0x00, 0x00, 0x00, 0x00, 0x00, 0x00, 0x00, 0x00, 0x00, 0x00, 0x00, 0x00, 0x00, 0x00, 0x00, 0x00, 0x00, 0x00, 0x00, 0x00, 0x24, 0x21, 0x0d,
    0x24, 0x21, 0xac, 0x24, 0x21, 0x36, 0x00, 0x00, 0x00, 0x00, 0x00, 0x00, 0x00, 0x00, 0x00, 0x00, 0x00, 0x00, 0x00, 0x00, 0x00, 0x00, 0x00, 0x00,
    0x00, 0x00, 0x00, 0x00, 0x00, 0x00, 0x24, 0x21, 0x2b, 0x24, 0x21, 0x91, 0x24, 0x21, 0x6c, 0x24, 0x21, 0x48, 0x24, 0x21, 0x08, 0x00, 0x00, 0x00,
    0x00, 0x00, 0x00, 0x00, 0x00, 0x00, 0x00, 0x00, 0x00, 0x00, 0x00, 0x00, 0x00, 0x00, 0x00, 0x00, 0x00, 0x00, 0x00, 0x00, 0x00, 0x00, 0x00, 0x00,
    0x00, 0x00, 0x00, 0x00, 0x00, 0x00, 0x00, 0x00, 0x00, 0x00, 0x00, 0x00, 0x00, 0x00, 0x00, 0x00, 0x00, 0x00, 0x00, 0x00, 0x00, 0x00, 0x00, 0x00,
    0x00, 0x00, 0x00, 0x00, 0x00, 0x00, 0x00, 0x00, 0x00, 0x00, 0x00, 0x00, 0x00, 0x00, 0x00, 0x00, 0x00, 0x00, 0x00, 0x00, 0x00, 0x00, 0x00, 0x00,
    0x00, 0x00, 0x00, 0x00, 0x00, 0x00, 0x00, 0x00, 0x00, 0x00, 0x00, 0x00, 0x00, 0x00, 0x00, 0x00, 0x00, 0x00, 0x00, 0x00, 0x00, 0x00, 0x00, 0x00,
    0x00, 0x00, 0x00, 0x00, 0x00, 0x00, 0x00, 0x00, 0x00, 0x00, 0x00, 0x00, 0x00, 0x00, 0x00, 0x00, 0x00, 0x00, 0x00, 0x00, 0x00, 0x00, 0x00, 0x00,
    0x00, 0x00, 0x00, 0x00, 0x00, 0x00, 0x00, 0x00, 0x00, 0x00, 0x00, 0x00, 0x00, 0x00, 0x00, 0x00, 0x00, 0x00, 0x00, 0x00, 0x00, 0x00, 0x00, 0x00,
    0x00, 0x00, 0x00, 0x24, 0x21, 0xe3, 0x24, 0x21, 0xff, 0x24, 0x21, 0xff, 0x24, 0x21, 0x62, 0x00, 0x00, 0x00, 0x00, 0x00, 0x00, 0x00, 0x00, 0x00,
    0x00, 0x00, 0x00, 0x00, 0x00, 0x00, 0x00, 0x00, 0x00, 0x00, 0x00, 0x00, 0x00, 0x00, 0x00, 0x24, 0x21, 0x23, 0x24, 0x21, 0xff, 0x24, 0x21, 0xff,
    0x24, 0x21, 0xd6, 0x24, 0x21, 0x70, 0x00, 0x00, 0x00, 0x00, 0x00, 0x00, 0x00, 0x00, 0x00, 0x00, 0x00, 0x00, 0x00, 0x00, 0x00, 0x00, 0x00, 0x00,
    0x00, 0x00, 0x00, 0x00, 0x00, 0x00, 0x00, 0x00, 0x00, 0x00, 0x00, 0x00, 0x00, 0x00, 0x00, 0x24, 0x21, 0x75, 0x24, 0x21, 0xf1, 0x24, 0x21, 0x50,
    0x00, 0x00, 0x00, 0x00, 0x00, 0x00, 0x00, 0x00, 0x00, 0x00, 0x00, 0x00, 0x00, 0x00, 0x00, 0x24, 0x21, 0x0f, 0x24, 0x21, 0xa7, 0x24, 0x21, 0xa7,
    0x24, 0x21, 0xa7, 0x24, 0x21, 0x41, 0x00, 0x00, 0x00, 0x00, 0x00, 0x00, 0x00, 0x00, 0x00, 0x00, 0x00, 0x00, 0x00, 0x00, 0x00, 0x00, 0x00, 0x00,
    0x00, 0x00, 0x00, 0x24, 0x21, 0x43, 0x24, 0x21, 0xd7, 0x24, 0x21, 0xd7, 0x24, 0x21, 0xd7, 0x24, 0x21, 0x2b, 0x00, 0x00, 0x00, 0x00, 0x00, 0x00,
    0x00, 0x00, 0x00, 0x00, 0x00, 0x00, 0x00, 0x00, 0x00, 0x24, 0x21, 0x4b, 0x24, 0x21, 0xff, 0x24, 0x21, 0xff, 0x24, 0x21, 0xbd, 0x24, 0x21, 0x18,
    0x00, 0x00, 0x00, 0x00, 0x00, 0x00, 0x00, 0x00, 0x00, 0x00, 0x00, 0x00, 0x00, 0x00, 0x00, 0x00, 0x00, 0x00, 0x24, 0x21, 0x66, 0x24, 0x21, 0xff,
    0x24, 0x21, 0xff, 0x24, 0x21, 0xfe, 0x24, 0x21, 0x0e, 0x00, 0x00, 0x00, 0x00, 0x00, 0x00, 0x00, 0x00, 0x00, 0x00, 0x00, 0x00, 0x00, 0x00, 0x00,
    0x00, 0x00, 0x00, 0x00, 0x00, 0x00, 0x00, 0x00, 0x00, 0x00, 0x00, 0x00, 0x00, 0x00, 0x00, 0x00, 0x00, 0x00, 0x00, 0x00, 0x00, 0x00, 0x00, 0x00,
    0x00, 0x00, 0x00, 0x00, 0x00, 0x00, 0x00, 0x00, 0x00, 0x00, 0x00, 0x00, 0x00, 0x00, 0x00, 0x00, 0x00, 0x00, 0x24, 0x21, 0xb7, 0x24, 0x21, 0xff,
    0x24, 0x21, 0xff, 0x24, 0x21, 0xff, 0x24, 0x21, 0xff, 0x24, 0x21, 0xff, 0x24, 0x21, 0xff, 0x24, 0x21, 0xff, 0x24, 0x21, 0xff, 0x24, 0x21, 0xff,
    0x24, 0x21, 0xff, 0x24, 0x21, 0xff, 0x24, 0x21, 0xff, 0x24, 0x21, 0xff, 0x24, 0x21, 0xff, 0x24, 0x21, 0xff, 0x24, 0x21, 0xff, 0x24, 0x21, 0xff,
    0x24, 0x21, 0xff, 0x24, 0x21, 0xff, 0x24, 0x21, 0xff, 0x24, 0x21, 0xff, 0x24, 0x21, 0xff, 0x24, 0x21, 0xff, 0x24, 0x21, 0xe7, 0x00, 0x00, 0x00,
    0x00, 0x00, 0x00, 0x00, 0x00, 0x00, 0x00, 0x00, 0x00, 0x00, 0x00, 0x00, 0x24, 0x21, 0x03, 0x24, 0x21, 0xfc, 0x24, 0x21, 0xff, 0x24, 0x21, 0xff,
    0x24, 0x21, 0x40, 0x00, 0x00, 0x00, 0x00, 0x00, 0x00, 0x00, 0x00, 0x00, 0x00, 0x00, 0x00, 0x00, 0x00, 0x00, 0x00, 0x00, 0x00, 0x00, 0x00, 0x00,
    0x00, 0x00, 0x00, 0x24, 0x21, 0x7e, 0x24, 0x21, 0xff, 0x24, 0x21, 0xff, 0x24, 0x21, 0xff, 0x24, 0x21, 0x6b, 0x00, 0x00, 0x00, 0x00, 0x00, 0x00,
    0x00, 0x00, 0x00, 0x00, 0x00, 0x00, 0x00, 0x00, 0x00, 0x00, 0x00, 0x00, 0x00, 0x00, 0x00, 0x00, 0x00, 0x00, 0x00, 0x00, 0x00, 0x00, 0x00, 0x00,
    0x24, 0x21, 0x5a, 0x24, 0x21, 0xfe, 0x24, 0x21, 0xff, 0x24, 0x21, 0xfe, 0x24, 0x21, 0x85, 0x24, 0x21, 0x02, 0x00, 0x00, 0x00, 0x00, 0x00, 0x00,
    0x00, 0x00, 0x00, 0x24, 0x21, 0x17, 0x24, 0x21, 0xff, 0x24, 0x21, 0xff, 0x24, 0x21, 0xff, 0x24, 0x21, 0x63, 0x00, 0x00, 0x00, 0x24, 0x21, 0x03,
    0x24, 0x21, 0x1b, 0x24, 0x21, 0x1b, 0x24, 0x21, 0x1b, 0x24, 0x21, 0x03, 0x00, 0x00, 0x00, 0x24, 0x21, 0x4f, 0x24, 0x21, 0xff, 0x24, 0x21, 0xff,
    0x24, 0x21, 0xff, 0x24, 0x21, 0x33, 0x00, 0x00, 0x00, 0x00, 0x00, 0x00, 0x00, 0x00, 0x00, 0x00, 0x00, 0x00, 0x00, 0x00, 0x00, 0x24, 0x21, 0x8e,
    0x24, 0x21, 0xff, 0x24, 0x21, 0xff, 0x24, 0x21, 0xec, 0x24, 0x21, 0x06, 0x00, 0x00, 0x00, 0x00, 0x00, 0x00, 0x00, 0x00, 0x00, 0x00, 0x00, 0x00,
    0x00, 0x00, 0x00, 0x00, 0x00, 0x00, 0x24, 0x21, 0x90, 0x24, 0x21, 0xff, 0x24, 0x21, 0xff, 0x24, 0x21, 0xd7, 0x00, 0x00, 0x00, 0x00, 0x00, 0x00,
    0x00, 0x00, 0x00, 0x00, 0x00, 0x00, 0x00, 0x00, 0x00, 0x00, 0x00, 0x00, 0x00, 0x00, 0x00, 0x00, 0x00, 0x00, 0x00, 0x00, 0x00, 0x00, 0x00, 0x00,
    0x00, 0x00, 0x00, 0x00, 0x00, 0x00, 0x00, 0x00, 0x00, 0x00, 0x00, 0x00, 0x00, 0x00, 0x00, 0x00, 0x00, 0x00, 0x00, 0x00, 0x00, 0x00, 0x00, 0x00,
    0x00, 0x00, 0x00, 0x00, 0x00, 0x00, 0x24, 0x21, 0xb7, 0x24, 0x21, 0xff, 0x24, 0x21, 0xff, 0x24, 0x21, 0xff, 0x24, 0x21, 0xff, 0x24, 0x21, 0xff,
    0x24, 0x21, 0xff, 0x24, 0x21, 0xff, 0x24, 0x21, 0xff, 0x24, 0x21, 0xff, 0x24, 0x21, 0xff, 0x24, 0x21, 0xff, 0x24, 0x21, 0xff, 0x24, 0x21, 0xff,
    0x24, 0x21, 0xff, 0x24, 0x21, 0xff, 0x24, 0x21, 0xff, 0x24, 0x21, 0xff, 0x24, 0x21, 0xff, 0x24, 0x21, 0xff, 0x24, 0x21, 0xff, 0x24, 0x21, 0xff,
    0x24, 0x21, 0xff, 0x24, 0x21, 0xff, 0x24, 0x21, 0xe7, 0x00, 0x00, 0x00, 0x00, 0x00, 0x00, 0x00, 0x00, 0x00, 0x00, 0x00, 0x00, 0x00, 0x00, 0x00,
    0x24, 0x21, 0x1b, 0x24, 0x21, 0xff, 0x24, 0x21, 0xff, 0x24, 0x21, 0xff, 0x24, 0x21, 0x1e, 0x00, 0x00, 0x00, 0x00, 0x00, 0x00, 0x00, 0x00, 0x00,
    0x00, 0x00, 0x00, 0x00, 0x00, 0x00, 0x00, 0x00, 0x00, 0x00, 0x00, 0x00, 0x24, 0x21, 0x01, 0x24, 0x21, 0xda, 0x24, 0x21, 0xff, 0x24, 0x21, 0xff,
    0x24, 0x21, 0xef, 0x24, 0x21, 0x0b, 0x00, 0x00, 0x00, 0x00, 0x00, 0x00, 0x00, 0x00, 0x00, 0x00, 0x00, 0x00, 0x00, 0x00, 0x00, 0x00, 0x00, 0x00,
    0x00, 0x00, 0x00, 0x00, 0x00, 0x00, 0x00, 0x00, 0x00, 0x00, 0x00, 0x00, 0x24, 0x21, 0x6e, 0x24, 0x21, 0xfd, 0x24, 0x21, 0xff, 0x24, 0x21, 0xff,
    0x24, 0x21, 0xff, 0x24, 0x21, 0xb2, 0x24, 0x21, 0x0b, 0x00, 0x00, 0x00, 0x00, 0x00, 0x00, 0x24, 0x21, 0x17, 0x24, 0x21, 0xff, 0x24, 0x21, 0xff,
    0x24, 0x21, 0xff, 0x24, 0x21, 0x63, 0x00, 0x00, 0x00, 0x24, 0x21, 0x1b, 0x24, 0x21, 0xff, 0x24, 0x21, 0xff, 0x24, 0x21, 0xff, 0x24, 0x21, 0x1b,
    0x00, 0x00, 0x00, 0x24, 0x21, 0x4f, 0x24, 0x21, 0xff, 0x24, 0x21, 0xff, 0x24, 0x21, 0xff, 0x24, 0x21, 0x33, 0x00, 0x00, 0x00, 0x00, 0x00, 0x00,
    0x00, 0x00, 0x00, 0x00, 0x00, 0x00, 0x00, 0x00, 0x00, 0x24, 0x21, 0xdd, 0x24, 0x21, 0xff, 0x24, 0x21, 0xff, 0x24, 0x21, 0x92, 0x00, 0x00, 0x00,
    0x00, 0x00, 0x00, 0x24, 0x21, 0x0d, 0x24, 0x21, 0x2f, 0x24, 0x21, 0x2f, 0x24, 0x21, 0x2f, 0x24, 0x21, 0x2f, 0x24, 0x21, 0xc4, 0x24, 0x21, 0xff,
    0x24, 0x21, 0xff, 0x24, 0x21, 0xb9, 0x24, 0x21, 0x2f, 0x24, 0x21, 0x2f, 0x24, 0x21, 0x2f, 0x24, 0x21, 0x2f, 0x24, 0x21, 0x2f, 0x24, 0x21, 0x2f,
    0x24, 0x21, 0x2f, 0x24, 0x21, 0x2f, 0x24, 0x21, 0x05, 0x00, 0x00, 0x00, 0x00, 0x00, 0x00, 0x00, 0x00, 0x00, 0x00, 0x00, 0x00, 0x00, 0x00, 0x00,
    0x00, 0x00, 0x00, 0x00, 0x00, 0x00, 0x00, 0x00, 0x00, 0x00, 0x00, 0x00, 0x00, 0x00, 0x00, 0x00, 0x00, 0x00, 0x24, 0x21, 0xb7, 0x24, 0x21, 0xff,
    0x24, 0x21, 0xff, 0x24, 0x21, 0xff, 0x24, 0x21, 0xff, 0x24, 0x21, 0xff, 0x24, 0x21, 0xff, 0x24, 0x21, 0xff, 0x24, 0x21, 0xff, 0x24, 0x21, 0xff,
    0x24, 0x21, 0xff, 0x24, 0x21, 0xff, 0x24, 0x21, 0xff, 0x24, 0x21, 0xff, 0x24, 0x21, 0xff, 0x24, 0x21, 0xff, 0x24, 0x21, 0xff, 0x24, 0x21, 0xff,
    0x24, 0x21, 0xff, 0x24, 0x21, 0xff, 0x24, 0x21, 0xff, 0x24, 0x21, 0xff, 0x24, 0x21, 0xff, 0x24, 0x21, 0xff, 0x24, 0x21, 0xe7, 0x00, 0x00, 0x00,
    0x00, 0x00, 0x00, 0x00, 0x00, 0x00, 0x00, 0x00, 0x00, 0x00, 0x00, 0x00, 0x24, 0x21, 0x37, 0x24, 0x21, 0xff, 0x24, 0x21, 0xff, 0x24, 0x21, 0xfa,
    0x24, 0x21, 0x03, 0x00, 0x00, 0x00, 0x00, 0x00, 0x00, 0x00, 0x00, 0x00, 0x00, 0x00, 0x00, 0x00, 0x00, 0x00, 0x00, 0x00, 0x00, 0x00, 0x00, 0x00,
    0x24, 0x21, 0x49, 0x24, 0x21, 0xff, 0x24, 0x21, 0xff, 0x24, 0x21, 0xff, 0x24, 0x21, 0x89, 0x00, 0x00, 0x00, 0x00, 0x00, 0x00, 0x00, 0x00, 0x00,
    0x00, 0x00, 0x00, 0x00, 0x00, 0x00, 0x00, 0x00, 0x00, 0x00, 0x00, 0x00, 0x00, 0x00, 0x00, 0x00, 0x00, 0x00, 0x00, 0x00, 0x00, 0x00, 0x00, 0x00,
    0x00, 0x00, 0x00, 0x24, 0x21, 0x50, 0x24, 0x21, 0xf5, 0x24, 0x21, 0xff, 0x24, 0x21, 0xff, 0x24, 0x21, 0xff, 0x24, 0x21, 0xc8, 0x24, 0x21, 0x0f,
    0x00, 0x00, 0x00, 0x24, 0x21, 0x17, 0x24, 0x21, 0xff, 0x24, 0x21, 0xff, 0x24, 0x21, 0xff, 0x24, 0x21, 0x63, 0x00, 0x00, 0x00, 0x24, 0x21, 0x1b,
    0x24, 0x21, 0xff, 0x24, 0x21, 0xff, 0x24, 0x21, 0xff, 0x24, 0x21, 0x1b, 0x00, 0x00, 0x00, 0x24, 0x21, 0x4f, 0x24, 0x21, 0xff, 0x24, 0x21, 0xff,
    0x24, 0x21, 0xff, 0x24, 0x21, 0x33, 0x00, 0x00, 0x00, 0x00, 0x00, 0x00, 0x00, 0x00, 0x00, 0x00, 0x00, 0x00, 0x24, 0x21, 0x33, 0x24, 0x21, 0xff,
    0x24, 0x21, 0xff, 0x24, 0x21, 0xff, 0x24, 0x21, 0x31, 0x00, 0x00, 0x00, 0x00, 0x00, 0x00, 0x24, 0x21, 0x47, 0x24, 0x21, 0xff, 0x24, 0x21, 0xff,
    0x24, 0x21, 0xff, 0x24, 0x21, 0xff, 0x24, 0x21, 0xff, 0x24, 0x21, 0xff, 0x24, 0x21, 0xff, 0x24, 0x21, 0xff, 0x24, 0x21, 0xff, 0x24, 0x21, 0xff,
    0x24, 0x21, 0xff, 0x24, 0x21, 0xff, 0x24, 0x21, 0xff, 0x24, 0x21, 0xff, 0x24, 0x21, 0xff, 0x24, 0x21, 0xff, 0x24, 0x21, 0x1b, 0x00, 0x00, 0x00,
    0x00, 0x00, 0x00, 0x00, 0x00, 0x00, 0x00, 0x00, 0x00, 0x00, 0x00, 0x00, 0x00, 0x00, 0x00, 0x00, 0x00, 0x00, 0x00, 0x00, 0x00, 0x00, 0x00, 0x00,
    0x00, 0x00, 0x00, 0x00, 0x00, 0x00, 0x24, 0x21, 0x39, 0x24, 0x21, 0x4f, 0x24, 0x21, 0x4f, 0x24, 0x21, 0x4f, 0x24, 0x21, 0x4f, 0x24, 0x21, 0x65,
    0x24, 0x21, 0xff, 0x24, 0x21, 0xff, 0x24, 0x21, 0xff, 0x24, 0x21, 0xa5, 0x24, 0x21, 0x4f, 0x24, 0x21, 0x4f, 0x24, 0x21, 0x4f, 0x24, 0x21, 0x4f,
    0x24, 0x21, 0x4f, 0x24, 0x21, 0x4f, 0x24, 0x21, 0xe9, 0x24, 0x21, 0xff, 0x24, 0x21, 0xff, 0x24, 0x21, 0xd9, 0x24, 0x21, 0x4f, 0x24, 0x21, 0x4f,
    0x24, 0x21, 0x4f, 0x24, 0x21, 0x4f, 0x24, 0x21, 0x48, 0x00, 0x00, 0x00, 0x00, 0x00, 0x00, 0x00, 0x00, 0x00, 0x00, 0x00, 0x00, 0x00, 0x00, 0x00,
    0x24, 0x21, 0x53, 0x24, 0x21, 0xff, 0x24, 0x21, 0xff, 0x24, 0x21, 0xdb, 0x00, 0x00, 0x00, 0x00, 0x00, 0x00, 0x00, 0x00, 0x00, 0x00, 0x00, 0x00,
    0x00, 0x00, 0x00, 0x00, 0x00, 0x00, 0x00, 0x00, 0x00, 0x00, 0x00, 0x00, 0x24, 0x21, 0xb7, 0x24, 0x21, 0xff, 0x24, 0x21, 0xff, 0x24, 0x21, 0xfb,
    0x24, 0x21, 0x1d, 0x00, 0x00, 0x00, 0x00, 0x00, 0x00, 0x24, 0x21, 0x54, 0x24, 0x21, 0xcc, 0x24, 0x21, 0x1b, 0x00, 0x00, 0x00, 0x00, 0x00, 0x00,
    0x00, 0x00, 0x00, 0x00, 0x00, 0x00, 0x00, 0x00, 0x00, 0x00, 0x00, 0x00, 0x00, 0x00, 0x00, 0x00, 0x00, 0x00, 0x24, 0x21, 0x34, 0x24, 0x21, 0xea,
    0x24, 0x21, 0xff, 0x24, 0x21, 0xff, 0x24, 0x21, 0xff, 0x24, 0x21, 0x5c, 0x00, 0x00, 0x00, 0x24, 0x21, 0x17, 0x24, 0x21, 0xff, 0x24, 0x21, 0xff,
    0x24, 0x21, 0xff, 0x24, 0x21, 0x63, 0x00, 0x00, 0x00, 0x24, 0x21, 0x1b, 0x24, 0x21, 0xff, 0x24, 0x21, 0xff, 0x24, 0x21, 0xff, 0x24, 0x21, 0x1b,
    0x00, 0x00, 0x00, 0x24, 0x21, 0x4f, 0x24, 0x21, 0xff, 0x24, 0x21, 0xff, 0x24, 0x21, 0xff, 0x24, 0x21, 0x33, 0x00, 0x00, 0x00, 0x00, 0x00, 0x00,
    0x00, 0x00, 0x00, 0x00, 0x00, 0x00, 0x24, 0x21, 0x8c, 0x24, 0x21, 0xff, 0x24, 0x21, 0xff, 0x24, 0x21, 0xd2, 0x00, 0x00, 0x00, 0x00, 0x00, 0x00,
    0x00, 0x00, 0x00, 0x24, 0x21, 0x47, 0x24, 0x21, 0xff, 0x24, 0x21, 0xff, 0x24, 0x21, 0xff, 0x24, 0x21, 0xff, 0x24, 0x21, 0xff, 0x24, 0x21, 0xff,
    0x24, 0x21, 0xff, 0x24, 0x21, 0xff, 0x24, 0x21, 0xff, 0x24, 0x21, 0xff, 0x24, 0x21, 0xff, 0x24, 0x21, 0xff, 0x24, 0x21, 0xff, 0x24, 0x21, 0xff,
    0x24, 0x21, 0xff, 0x24, 0x21, 0xff, 0x24, 0x21, 0x1b, 0x00, 0x00, 0x00, 0x00, 0x00, 0x00, 0x00, 0x00, 0x00, 0x00, 0x00, 0x00, 0x00, 0x00, 0x00,
    0x00, 0x00, 0x00, 0x00, 0x00, 0x00, 0x00, 0x00, 0x00, 0x00, 0x00, 0x00, 0x00, 0x00, 0x00, 0x00, 0x00, 0x00, 0x00, 0x00, 0x00, 0x00, 0x00, 0x00,
    0x00, 0x00, 0x00, 0x00, 0x00, 0x00, 0x00, 0x00, 0x00, 0x24, 0x21, 0x1f, 0x24, 0x21, 0xff, 0x24, 0x21, 0xff, 0x24, 0x21, 0xff, 0x24, 0x21, 0x7b,
    0x00, 0x00, 0x00, 0x00, 0x00, 0x00, 0x00, 0x00, 0x00, 0x00, 0x00, 0x00, 0x00, 0x00, 0x00, 0x00, 0x00, 0x00, 0x24, 0x21, 0xdf, 0x24, 0x21, 0xff,
    0x24, 0x21, 0xff, 0x24, 0x21, 0xc7, 0x00, 0x00, 0x00, 0x00, 0x00, 0x00, 0x00, 0x00, 0x00, 0x00, 0x00, 0x00, 0x00, 0x00, 0x00, 0x00, 0x00, 0x00,
    0x00, 0x00, 0x00, 0x00, 0x00, 0x00, 0x24, 0x21, 0x2c, 0x24, 0x21, 0x2f, 0x24, 0x21, 0x88, 0x24, 0x21, 0xff, 0x24, 0x21, 0xff, 0x24, 0x21, 0xc9,
    0x24, 0x21, 0x2f, 0x24, 0x21, 0x30, 0x24, 0x21, 0x36, 0x24, 0x21, 0x18, 0x00, 0x00, 0x00, 0x00, 0x00, 0x00, 0x00, 0x00, 0x00, 0x24, 0x21, 0x2e,
    0x24, 0x21, 0xfe, 0x24, 0x21, 0xff, 0x24, 0x21, 0xff, 0x24, 0x21, 0x9f, 0x00, 0x00, 0x00, 0x00, 0x00, 0x00, 0x24, 0x21, 0xb8, 0x24, 0x21, 0xff,
    0x24, 0x21, 0xff, 0x24, 0x21, 0xb4, 0x00, 0x00, 0x00, 0x00, 0x00, 0x00, 0x00, 0x00, 0x00, 0x00, 0x00, 0x00, 0x00, 0x00, 0x00, 0x00, 0x00, 0x00,
    0x00, 0x00, 0x00, 0x00, 0x00, 0x00, 0x00, 0x00, 0x00, 0x24, 0x21, 0x29, 0x24, 0x21, 0xe6, 0x24, 0x21, 0xff, 0x24, 0x21, 0x93, 0x00, 0x00, 0x00,
    0x00, 0x00, 0x00, 0x24, 0x21, 0x17, 0x24, 0x21, 0xff, 0x24, 0x21, 0xff, 0x24, 0x21, 0xff, 0x24, 0x21, 0x63, 0x00, 0x00, 0x00, 0x24, 0x21, 0x1b,
    0x24, 0x21, 0xff, 0x24, 0x21, 0xff, 0x24, 0x21, 0xff, 0x24, 0x21, 0x1b, 0x00, 0x00, 0x00, 0x24, 0x21, 0x4f, 0x24, 0x21, 0xff, 0x24, 0x21, 0xff,
    0x24, 0x21, 0xff, 0x24, 0x21, 0x33, 0x00, 0x00, 0x00, 0x00, 0x00, 0x00, 0x00, 0x00, 0x00, 0x24, 0x21, 0x06, 0x24, 0x21, 0xea, 0x24, 0x21, 0xff,
    0x24, 0x21, 0xff, 0x24, 0x21, 0x60, 0x24, 0x21, 0x03, 0x00, 0x00, 0x00, 0x00, 0x00, 0x00, 0x24, 0x21, 0x47, 0x24, 0x21, 0xff, 0x24, 0x21, 0xff,
    0x24, 0x21, 0xff, 0x24, 0x21, 0xff, 0x24, 0x21, 0xff, 0x24, 0x21, 0xff, 0x24, 0x21, 0xff, 0x24, 0x21, 0xff, 0x24, 0x21, 0xff, 0x24, 0x21, 0xff,
    0x24, 0x21, 0xff, 0x24, 0x21, 0xff, 0x24, 0x21, 0xff, 0x24, 0x21, 0xff, 0x24, 0x21, 0xff, 0x24, 0x21, 0xff, 0x24, 0x21, 0x1b, 0x00, 0x00, 0x00,
    0x00, 0x00, 0x00, 0x00, 0x00, 0x00, 0x00, 0x00, 0x00, 0x00, 0x00, 0x00, 0x00, 0x00, 0x00, 0x00, 0x00, 0x00, 0x00, 0x00, 0x00, 0x00, 0x00, 0x00,
    0x00, 0x00, 0x00, 0x00, 0x00, 0x00, 0x00, 0x00, 0x00, 0x00, 0x00, 0x00, 0x00, 0x00, 0x00, 0x00, 0x00, 0x00, 0x00, 0x00, 0x00, 0x24, 0x21, 0x1f,
    0x24, 0x21, 0xff, 0x24, 0x21, 0xff, 0x24, 0x21, 0xff, 0x24, 0x21, 0x7b, 0x00, 0x00, 0x00, 0x00, 0x00, 0x00, 0x00, 0x00, 0x00, 0x00, 0x00, 0x00,
    0x00, 0x00, 0x00, 0x00, 0x00, 0x00, 0x24, 0x21, 0xdf, 0x24, 0x21, 0xff, 0x24, 0x21, 0xff, 0x24, 0x21, 0xc7, 0x00, 0x00, 0x00, 0x00, 0x00, 0x00,
    0x00, 0x00, 0x00, 0x00, 0x00, 0x00, 0x00, 0x00, 0x00, 0x00, 0x00, 0x00, 0x00, 0x00, 0x00, 0x00, 0x00, 0x00, 0x24, 0x21, 0xef, 0x24, 0x21, 0xff,
    0x24, 0x21, 0xff, 0x24, 0x21, 0xff, 0x24, 0x21, 0xff, 0x24, 0x21, 0xff, 0x24, 0x21, 0xff, 0x24, 0x21, 0xff, 0x24, 0x21, 0xff, 0x24, 0x21, 0xff,
    0x24, 0x21, 0x52, 0x00, 0x00, 0x00, 0x00, 0x00, 0x00, 0x24, 0x21, 0xad, 0x24, 0x21, 0xff, 0x24, 0x21, 0xff, 0x24, 0x21, 0xf4, 0x24, 0x21, 0x1a,
    0x00, 0x00, 0x00, 0x00, 0x00, 0x00, 0x24, 0x21, 0x61, 0x24, 0x21, 0xff, 0x24, 0x21, 0xff, 0x24, 0x21, 0xff, 0x24, 0x21, 0x5c, 0x00, 0x00, 0x00,
    0x00, 0x00, 0x00, 0x00, 0x00, 0x00, 0x00, 0x00, 0x00, 0x00, 0x00, 0x00, 0x00, 0x00, 0x00, 0x00, 0x00, 0x00, 0x00, 0x00, 0x00, 0x00, 0x00, 0x00,
    0x24, 0x21, 0x2b, 0x24, 0x21, 0xa5, 0x24, 0x21, 0x03, 0x00, 0x00, 0x00, 0x00, 0x00, 0x00, 0x24, 0x21, 0x17, 0x24, 0x21, 0xff, 0x24, 0x21, 0xff,
    0x24, 0x21, 0xff, 0x24, 0x21, 0x63, 0x00, 0x00, 0x00, 0x24, 0x21, 0x1b, 0x24, 0x21, 0xff, 0x24, 0x21, 0xff, 0x24, 0x21, 0xff, 0x24, 0x21, 0x1b,
    0x00, 0x00, 0x00, 0x24, 0x21, 0x4f, 0x24, 0x21, 0xff, 0x24, 0x21, 0xff, 0x24, 0x21, 0xff, 0x24, 0x21, 0x33, 0x00, 0x00, 0x00, 0x00, 0x00, 0x00,
    0x00, 0x00, 0x00, 0x24, 0x21, 0x5a, 0x24, 0x21, 0xff, 0x24, 0x21, 0xff, 0x24, 0x21, 0xdb, 0x24, 0x21, 0x04, 0x24, 0x21, 0x67, 0x24, 0x21, 0xbd,
    0x24, 0x21, 0x28, 0x00, 0x00, 0x00, 0x00, 0x00, 0x00, 0x00, 0x00, 0x00, 0x00, 0x00, 0x00, 0x24, 0x21, 0xad, 0x24, 0x21, 0xff, 0x24, 0x21, 0xff,
    0x24, 0x21, 0x97, 0x00, 0x00, 0x00, 0x00, 0x00, 0x00, 0x00, 0x00, 0x00, 0x00, 0x00, 0x00, 0x00, 0x00, 0x00, 0x00, 0x00, 0x00, 0x00, 0x00, 0x00,
    0x00, 0x00, 0x00, 0x00, 0x00, 0x00, 0x00, 0x00, 0x00, 0x00, 0x00, 0x00, 0x00, 0x00, 0x00, 0x00, 0x00, 0x00, 0x00, 0x00, 0x00, 0x00, 0x00, 0x00,
    0x00, 0x00, 0x00, 0x00, 0x00, 0x00, 0x00, 0x00, 0x00, 0x00, 0x00, 0x00, 0x00, 0x00, 0x00, 0x00, 0x00, 0x00, 0x00, 0x00, 0x00, 0x00, 0x00, 0x00,
    0x00, 0x00, 0x00, 0x00, 0x00, 0x00, 0x00, 0x00, 0x00, 0x24, 0x21, 0x1f, 0x24, 0x21, 0xff, 0x24, 0x21, 0xff, 0x24, 0x21, 0xff, 0x24, 0x21, 0x7b,
    0x00, 0x00, 0x00, 0x00, 0x00, 0x00, 0x00, 0x00, 0x00, 0x00, 0x00, 0x00, 0x00, 0x00, 0x00, 0x00, 0x00, 0x00, 0x24, 0x21, 0xdf, 0x24, 0x21, 0xff,
    0x24, 0x21, 0xff, 0x24, 0x21, 0xc7, 0x00, 0x00, 0x00, 0x00, 0x00, 0x00, 0x00, 0x00, 0x00, 0x00, 0x00, 0x00, 0x00, 0x00, 0x00, 0x00, 0x00, 0x00,
    0x00, 0x00, 0x00, 0x00, 0x00, 0x00, 0x24, 0x21, 0xef, 0x24, 0x21, 0xff, 0x24, 0x21, 0xff, 0x24, 0x21, 0xff, 0x24, 0x21, 0xff, 0x24, 0x21, 0xff,
    0x24, 0x21, 0xff, 0x24, 0x21, 0xff, 0x24, 0x21, 0xff, 0x24, 0x21, 0xff, 0x24, 0x21, 0x3f, 0x00, 0x00, 0x00, 0x24, 0x21, 0x33, 0x24, 0x21, 0xfe,
    0x24, 0x21, 0xff, 0x24, 0x21, 0xff, 0x24, 0x21, 0x7b, 0x00, 0x00, 0x00, 0x00, 0x00, 0x00, 0x00, 0x00, 0x00, 0x00, 0x00, 0x00, 0x24, 0x21, 0xba,
    0x24, 0x21, 0xff, 0x24, 0x21, 0xff, 0x24, 0x21, 0xed, 0x24, 0x21, 0x18, 0x00, 0x00, 0x00, 0x00, 0x00, 0x00, 0x00, 0x00, 0x00, 0x00, 0x00, 0x00,
    0x00, 0x00, 0x00, 0x00, 0x00, 0x00, 0x00, 0x00, 0x00, 0x00, 0x00, 0x00, 0x00, 0x00, 0x00, 0x00, 0x00, 0x00, 0x00, 0x00, 0x00, 0x00, 0x00, 0x00,
    0x00, 0x00, 0x00, 0x24, 0x21, 0x17, 0x24, 0x21, 0xff, 0x24, 0x21, 0xff, 0x24, 0x21, 0xff, 0x24, 0x21, 0x63, 0x00, 0x00, 0x00, 0x24, 0x21, 0x1b,
    0x24, 0x21, 0xff, 0x24, 0x21, 0xff, 0x24, 0x21, 0xff, 0x24, 0x21, 0x1b, 0x00, 0x00, 0x00, 0x24, 0x21, 0x4f, 0x24, 0x21, 0xff, 0x24, 0x21, 0xff,
    0x24, 0x21, 0xff, 0x24, 0x21, 0x33, 0x00, 0x00, 0x00, 0x00, 0x00, 0x00, 0x24, 0x21, 0x03, 0x24, 0x21, 0xd3, 0x24, 0x21, 0xff, 0x24, 0x21, 0xff,
    0x24, 0x21, 0x5e, 0x24, 0x21, 0x01, 0x24, 0x21, 0xd7, 0x24, 0x21, 0xff, 0x24, 0x21, 0xf9, 0x24, 0x21, 0x65, 0x00, 0x00, 0x00, 0x00, 0x00, 0x00,
    0x24, 0x21, 0x05, 0x24, 0x21, 0xf1, 0x24, 0x21, 0xff, 0x24, 0x21, 0xff, 0x24, 0x21, 0x4a, 0x00, 0x00, 0x00, 0x00, 0x00, 0x00, 0x00, 0x00, 0x00,
    0x00, 0x00, 0x00, 0x00, 0x00, 0x00, 0x00, 0x00, 0x00, 0x00, 0x00, 0x00, 0x00, 0x00, 0x00, 0x00, 0x00, 0x00, 0x00, 0x00, 0x00, 0x00, 0x00, 0x00,
    0x00, 0x00, 0x00, 0x00, 0x00, 0x00, 0x00, 0x00, 0x00, 0x00, 0x00, 0x00, 0x00, 0x00, 0x00, 0x00, 0x00, 0x00, 0x00, 0x00, 0x00, 0x00, 0x00, 0x00,
    0x00, 0x00, 0x00, 0x00, 0x00, 0x00, 0x00, 0x00, 0x00, 0x00, 0x00, 0x00, 0x00, 0x00, 0x00, 0x00, 0x00, 0x00, 0x00, 0x00, 0x00, 0x24, 0x21, 0x1f,
    0x24, 0x21, 0xff, 0x24, 0x21, 0xff, 0x24, 0x21, 0xff, 0x24, 0x21, 0x7b, 0x00, 0x00, 0x00, 0x00, 0x00, 0x00, 0x00, 0x00, 0x00, 0x00, 0x00, 0x00,
    0x00, 0x00, 0x00, 0x00, 0x00, 0x00, 0x24, 0x21, 0xdf, 0x24, 0x21, 0xff, 0x24, 0x21, 0xff, 0x24, 0x21, 0xc7, 0x00, 0x00, 0x00, 0x00, 0x00, 0x00,
    0x00, 0x00, 0x00, 0x00, 0x00, 0x00, 0x00, 0x00, 0x00, 0x00, 0x00, 0x00, 0x00, 0x00, 0x00, 0x00, 0x00, 0x00, 0x24, 0x21, 0xef, 0x24, 0x21, 0xff,
    0x24, 0x21, 0xff, 0x24, 0x21, 0xff, 0x24, 0x21, 0xff, 0x24, 0x21, 0xff, 0x24, 0x21, 0xff, 0x24, 0x21, 0xff, 0x24, 0x21, 0xff, 0x24, 0x21, 0xff,
    0x24, 0x21, 0x2c, 0x24, 0x21, 0x06, 0x24, 0x21, 0xcc, 0x24, 0x21, 0xff, 0x24, 0x21, 0xff, 0x24, 0x21, 0xe0, 0x24, 0x21, 0x08, 0x00, 0x00, 0x00,
    0x00, 0x00, 0x00, 0x00, 0x00, 0x00, 0x00, 0x00, 0x00, 0x24, 0x21, 0x1f, 0x24, 0x21, 0xf3, 0x24, 0x21, 0xff, 0x24, 0x21, 0xff, 0x24, 0x21, 0xa7,
    0x00, 0x00, 0x00, 0x00, 0x00, 0x00, 0x24, 0x21, 0x06, 0x24, 0x21, 0x53, 0x24, 0x21, 0x53, 0x24, 0x21, 0x53, 0x24, 0x21, 0x53, 0x24, 0x21, 0x53,
    0x24, 0x21, 0x53, 0x24, 0x21, 0x37, 0x00, 0x00, 0x00, 0x00, 0x00, 0x00, 0x00, 0x00, 0x00, 0x24, 0x21, 0x17, 0x24, 0x21, 0xff, 0x24, 0x21, 0xff,
    0x24, 0x21, 0xff, 0x24, 0x21, 0x63, 0x00, 0x00, 0x00, 0x24, 0x21, 0x1b, 0x24, 0x21, 0xff, 0x24, 0x21, 0xff, 0x24, 0x21, 0xff, 0x24, 0x21, 0x1b,
    0x00, 0x00, 0x00, 0x24, 0x21, 0x4f, 0x24, 0x21, 0xff, 0x24, 0x21, 0xff, 0x24, 0x21, 0xff, 0x24, 0x21, 0x33, 0x00, 0x00, 0x00, 0x00, 0x00, 0x00,
    0x24, 0x21, 0x76, 0x24, 0x21, 0xff, 0x24, 0x21, 0xff, 0x24, 0x21, 0xda, 0x24, 0x21, 0x04, 0x24, 0x21, 0x4f, 0x24, 0x21, 0xff, 0x24, 0x21, 0xff,
    0x24, 0x21, 0xff, 0x24, 0x21, 0x3e, 0x24, 0x21, 0xcf, 0x24, 0x21, 0xff, 0x24, 0x21, 0xff, 0x24, 0x21, 0xff, 0x24, 0x21, 0xff, 0x24, 0x21, 0xff,
    0x24, 0x21, 0xff, 0x24, 0x21, 0xff, 0x24, 0x21, 0xff, 0x24, 0x21, 0xff, 0x24, 0x21, 0x47, 0x00, 0x00, 0x00, 0x00, 0x00, 0x00, 0x00, 0x00, 0x00,
    0x00, 0x00, 0x00, 0x00, 0x00, 0x00, 0x00, 0x00, 0x00, 0x00, 0x00, 0x00, 0x00, 0x00, 0x00, 0x00, 0x00, 0x00, 0x00, 0x00, 0x00, 0x00, 0x00, 0x00,
    0x00, 0x00, 0x00, 0x00, 0x00, 0x00, 0x00, 0x00, 0x00, 0x00, 0x00, 0x00, 0x00, 0x00, 0x00, 0x00, 0x00, 0x00, 0x00, 0x00, 0x00, 0x00, 0x00, 0x00,
    0x00, 0x00, 0x00, 0x00, 0x00, 0x00, 0x00, 0x00, 0x00, 0x24, 0x21, 0x1f, 0x24, 0x21, 0xff, 0x24, 0x21, 0xff, 0x24, 0x21, 0xff, 0x24, 0x21, 0x7b,
    0x00, 0x00, 0x00, 0x00, 0x00, 0x00, 0x00, 0x00, 0x00, 0x00, 0x00, 0x00, 0x00, 0x00, 0x00, 0x00, 0x00, 0x00, 0x24, 0x21, 0xdf, 0x24, 0x21, 0xff,
    0x24, 0x21, 0xff, 0x24, 0x21, 0xc7, 0x00, 0x00, 0x00, 0x00, 0x00, 0x00, 0x00, 0x00, 0x00, 0x00, 0x00, 0x00, 0x00, 0x00, 0x00, 0x00, 0x00, 0x00,
    0x00, 0x00, 0x00, 0x00, 0x00, 0x00, 0x00, 0x00, 0x00, 0x24, 0x21, 0x20, 0x24, 0x21, 0xff, 0x24, 0x21, 0xff, 0x24, 0x21, 0xf8, 0x24, 0x21, 0x06,
    0x24, 0x21, 0x0a, 0x24, 0x21, 0xff, 0x24, 0x21, 0xff, 0x24, 0x21, 0xff, 0x24, 0x21, 0x1f, 0x24, 0x21, 0x9c, 0x24, 0x21, 0xff, 0x24, 0x21, 0xff,
    0x24, 0x21, 0xff, 0x24, 0x21, 0xc6, 0x24, 0x21, 0x9b, 0x24, 0x21, 0xac, 0x24, 0x21, 0xbd, 0x24, 0x21, 0xcf, 0x24, 0x21, 0xe0, 0x24, 0x21, 0xf2,
    0x24, 0x21, 0xff, 0x24, 0x21, 0xff, 0x24, 0x21, 0xff, 0x24, 0x21, 0xfe, 0x24, 0x21, 0x32, 0x00, 0x00, 0x00, 0x24, 0x21, 0x13, 0x24, 0x21, 0xff,
    0x24, 0x21, 0xff, 0x24, 0x21, 0xff, 0x24, 0x21, 0xff, 0x24, 0x21, 0xff, 0x24, 0x21, 0xff, 0x24, 0x21, 0xa7, 0x00, 0x00, 0x00, 0x00, 0x00, 0x00,
    0x00, 0x00, 0x00, 0x24, 0x21, 0x17, 0x24, 0x21, 0xff, 0x24, 0x21, 0xff, 0x24, 0x21, 0xff, 0x24, 0x21, 0x63, 0x00, 0x00, 0x00, 0x24, 0x21, 0x1b,
    0x24, 0x21, 0xff, 0x24, 0x21, 0xff, 0x24, 0x21, 0xff, 0x24, 0x21, 0x1b, 0x00, 0x00, 0x00, 0x24, 0x21, 0x4f, 0x24, 0x21, 0xff, 0x24, 0x21, 0xff,
    0x24, 0x21, 0xff, 0x24, 0x21, 0x33, 0x00, 0x00, 0x00, 0x24, 0x21, 0x38, 0x24, 0x21, 0xff, 0x24, 0x21, 0xff, 0x24, 0x21, 0xff, 0x24, 0x21, 0xf9,
    0x24, 0x21, 0xfb, 0x24, 0x21, 0xff, 0x24, 0x21, 0xff, 0x24, 0x21, 0xff, 0x24, 0x21, 0xb5, 0x00, 0x00, 0x00, 0x24, 0x21, 0xcf, 0x24, 0x21, 0xff,
    0x24, 0x21, 0xff, 0x24, 0x21, 0xff, 0x24, 0x21, 0xff, 0x24, 0x21, 0xff, 0x24, 0x21, 0xff, 0x24, 0x21, 0xff, 0x24, 0x21, 0xff, 0x24, 0x21, 0xff,
    0x24, 0x21, 0x47, 0x00, 0x00, 0x00, 0x00, 0x00, 0x00, 0x00, 0x00, 0x00, 0x00, 0x00, 0x00, 0x00, 0x00, 0x00, 0x00, 0x00, 0x00, 0x00, 0x00, 0x00,
    0x00, 0x00, 0x00, 0x00, 0x00, 0x00, 0x00, 0x00, 0x00, 0x00, 0x00, 0x00, 0x00, 0x00, 0x00, 0x00, 0x00, 0x00, 0x00, 0x00, 0x00, 0x00, 0x00, 0x00,
    0x00, 0x00, 0x00, 0x00, 0x00, 0x00, 0x00, 0x00, 0x00, 0x00, 0x00, 0x00, 0x00, 0x00, 0x00, 0x00, 0x00, 0x00, 0x00, 0x00, 0x00, 0x24, 0x21, 0x1f,
    0x24, 0x21, 0xff, 0x24, 0x21, 0xff, 0x24, 0x21, 0xff, 0x24, 0x21, 0x7b, 0x00, 0x00, 0x00, 0x00, 0x00, 0x00, 0x00, 0x00, 0x00, 0x00, 0x00, 0x00,
    0x00, 0x00, 0x00, 0x00, 0x00, 0x00, 0x24, 0x21, 0xdf, 0x24, 0x21, 0xff, 0x24, 0x21, 0xff, 0x24, 0x21, 0xc7, 0x00, 0x00, 0x00, 0x00, 0x00, 0x00,
    0x00, 0x00, 0x00, 0x00, 0x00, 0x00, 0x00, 0x00, 0x00, 0x00, 0x00, 0x00, 0x00, 0x00, 0x00, 0x00, 0x00, 0x00, 0x00, 0x00, 0x00, 0x24, 0x21, 0x57,
    0x24, 0x21, 0xff, 0x24, 0x21, 0xff, 0x24, 0x21, 0xc6, 0x00, 0x00, 0x00, 0x24, 0x21, 0x2d, 0x24, 0x21, 0xff, 0x24, 0x21, 0xff, 0x24, 0x21, 0xfa,
    0x24, 0x21, 0x76, 0x24, 0x21, 0xff, 0x24, 0x21, 0xff, 0x24, 0x21, 0xff, 0x24, 0x21, 0xff, 0x24, 0x21, 0xff, 0x24, 0x21, 0xff, 0x24, 0x21, 0xff,
    0x24, 0x21, 0xff, 0x24, 0x21, 0xff, 0x24, 0x21, 0xff, 0x24, 0x21, 0xff, 0x24, 0x21, 0xff, 0x24, 0x21, 0xff, 0x24, 0x21, 0xff, 0x24, 0x21, 0xff,
    0x24, 0x21, 0xb7, 0x00, 0x00, 0x00, 0x24, 0x21, 0x13, 0x24, 0x21, 0xff, 0x24, 0x21, 0xff, 0x24, 0x21, 0xff, 0x24, 0x21, 0xff, 0x24, 0x21, 0xff,
    0x24, 0x21, 0xff, 0x24, 0x21, 0xa7, 0x00, 0x00, 0x00, 0x00, 0x00, 0x00, 0x00, 0x00, 0x00, 0x24, 0x21, 0x18, 0x24, 0x21, 0xff, 0x24, 0x21, 0xff,
    0x24, 0x21, 0xff, 0x24, 0x21, 0x63, 0x00, 0x00, 0x00, 0x24, 0x21, 0x1b, 0x24, 0x21, 0xff, 0x24, 0x21, 0xff, 0x24, 0x21, 0xff, 0x24, 0x21, 0x1b,
    0x00, 0x00, 0x00, 0x24, 0x21, 0x4f, 0x24, 0x21, 0xff, 0x24, 0x21, 0xff, 0x24, 0x21, 0xff, 0x24, 0x21, 0x33, 0x00, 0x00, 0x00, 0x24, 0x21, 0x04,
    0x24, 0x21, 0xe9, 0x24, 0x21, 0xff, 0x24, 0x21, 0xff, 0x24, 0x21, 0xff, 0x24, 0x21, 0xff, 0x24, 0x21, 0xff, 0x24, 0x21, 0xff, 0x24, 0x21, 0xfe,
    0x24, 0x21, 0x30, 0x00, 0x00, 0x00, 0x24, 0x21, 0xcf, 0x24, 0x21, 0xff, 0x24, 0x21, 0xff, 0x24, 0x21, 0xff, 0x24, 0x21, 0xff, 0x24, 0x21, 0xff,
    0x24, 0x21, 0xff, 0x24, 0x21, 0xff, 0x24, 0x21, 0xff, 0x24, 0x21, 0xff, 0x24, 0x21, 0x47, 0x00, 0x00, 0x00, 0x00, 0x00, 0x00, 0x00, 0x00, 0x00,
    0x00, 0x00, 0x00, 0x00, 0x00, 0x00, 0x00, 0x00, 0x00, 0x00, 0x00, 0x00, 0x00, 0x00, 0x00, 0x00, 0x00, 0x00, 0x00, 0x00, 0x00, 0x00, 0x00, 0x00,
    0x00, 0x00, 0x00, 0x00, 0x00, 0x00, 0x00, 0x00, 0x00, 0x00, 0x00, 0x00, 0x00, 0x00, 0x00, 0x00, 0x00, 0x00, 0x00, 0x00, 0x00, 0x00, 0x00, 0x00,
    0x00, 0x00, 0x00, 0x00, 0x00, 0x00, 0x00, 0x00, 0x00, 0x24, 0x21, 0x1f, 0x24, 0x21, 0xff, 0x24, 0x21, 0xff, 0x24, 0x21, 0xff, 0x24, 0x21, 0x7b,
    0x00, 0x00, 0x00, 0x00, 0x00, 0x00, 0x00, 0x00, 0x00, 0x00, 0x00, 0x00, 0x00, 0x00, 0x00, 0x00, 0x00, 0x00, 0x24, 0x21, 0xdf, 0x24, 0x21, 0xff,
    0x24, 0x21, 0xff, 0x24, 0x21, 0xc7, 0x00, 0x00, 0x00, 0x00, 0x00, 0x00, 0x00, 0x00, 0x00, 0x00, 0x00, 0x00, 0x00, 0x00, 0x00, 0x00, 0x00, 0x00,
    0x00, 0x00, 0x00, 0x00, 0x00, 0x00, 0x00, 0x00, 0x00, 0x24, 0x21, 0x8f, 0x24, 0x21, 0xff, 0x24, 0x21, 0xff, 0x24, 0x21, 0x8e, 0x00, 0x00, 0x00,
    0x24, 0x21, 0x51, 0x24, 0x21, 0xff, 0x24, 0x21, 0xff, 0x24, 0x21, 0xda, 0x24, 0x21, 0x20, 0x24, 0x21, 0xfe, 0x24, 0x21, 0xff, 0x24, 0x21, 0xff,
    0x24, 0x21, 0xff, 0x24, 0x21, 0xff, 0x24, 0x21, 0xff, 0x24, 0x21, 0xff, 0x24, 0x21, 0xff, 0x24, 0x21, 0xff, 0x24, 0x21, 0xff, 0x24, 0x21, 0xff,
    0x24, 0x21, 0xff, 0x24, 0x21, 0xff, 0x24, 0x21, 0xff, 0x24, 0x21, 0xff, 0x24, 0x21, 0xff, 0x24, 0x21, 0x2a, 0x24, 0x21, 0x13, 0x24, 0x21, 0xff,
    0x24, 0x21, 0xff, 0x24, 0x21, 0xff, 0x24, 0x21, 0xff, 0x24, 0x21, 0xff, 0x24, 0x21, 0xff, 0x24, 0x21, 0xa7, 0x00, 0x00, 0x00, 0x00, 0x00, 0x00,
    0x00, 0x00, 0x00, 0x24, 0x21, 0x1e, 0x24, 0x21, 0xff, 0x24, 0x21, 0xff, 0x24, 0x21, 0xff, 0x24, 0x21, 0x5f, 0x00, 0x00, 0x00, 0x24, 0x21, 0x1b,
    0x24, 0x21, 0xff, 0x24, 0x21, 0xff, 0x24, 0x21, 0xff, 0x24, 0x21, 0x1b, 0x00, 0x00, 0x00, 0x24, 0x21, 0x4f, 0x24, 0x21, 0xff, 0x24, 0x21, 0xff,
    0x24, 0x21, 0xff, 0x24, 0x21, 0x33, 0x00, 0x00, 0x00, 0x00, 0x00, 0x00, 0x24, 0x21, 0x95, 0x24, 0x21, 0xff, 0x24, 0x21, 0xff, 0x24, 0x21, 0xec,
    0x24, 0x21, 0xff, 0x24, 0x21, 0xff, 0x24, 0x21, 0xff, 0x24, 0x21, 0xa3, 0x00, 0x00, 0x00, 0x00, 0x00, 0x00, 0x24, 0x21, 0x2a, 0x24, 0x21, 0x6e,
    0x24, 0x21, 0xff, 0x24, 0x21, 0xff, 0x24, 0x21, 0xea, 0x24, 0x21, 0x34, 0x24, 0x21, 0x43, 0x24, 0x21, 0xff, 0x24, 0x21, 0xff, 0x24, 0x21, 0xff,
    0x24, 0x21, 0x47, 0x00, 0x00, 0x00, 0x00, 0x00, 0x00, 0x00, 0x00, 0x00, 0x00, 0x00, 0x00, 0x00, 0x00, 0x00, 0x00, 0x00, 0x00, 0x00, 0x00, 0x00,
    0x00, 0x00, 0x00, 0x00, 0x00, 0x00, 0x00, 0x00, 0x00, 0x00, 0x00, 0x00, 0x00, 0x00, 0x00, 0x00, 0x00, 0x00, 0x00, 0x00, 0x00, 0x00, 0x00, 0x00,
    0x00, 0x00, 0x00, 0x24, 0x21, 0xab, 0x24, 0x21, 0xff, 0x24, 0x21, 0xff, 0x24, 0x21, 0xff, 0x24, 0x21, 0xff, 0x24, 0x21, 0xff, 0x24, 0x21, 0xff,
    0x24, 0x21, 0xff, 0x24, 0x21, 0xff, 0x24, 0x21, 0xff, 0x24, 0x21, 0xff, 0x24, 0x21, 0xff, 0x24, 0x21, 0xff, 0x24, 0x21, 0xff, 0x24, 0x21, 0xff,
    0x24, 0x21, 0xff, 0x24, 0x21, 0xff, 0x24, 0x21, 0xff, 0x24, 0x21, 0xff, 0x24, 0x21, 0xff, 0x24, 0x21, 0xff, 0x24, 0x21, 0xff, 0x24, 0x21, 0xff,
    0x24, 0x21, 0xff, 0x24, 0x21, 0xff, 0x24, 0x21, 0xff, 0x24, 0x21, 0xbf, 0x00, 0x00, 0x00, 0x00, 0x00, 0x00, 0x00, 0x00, 0x00, 0x24, 0x21, 0xc7,
    0x24, 0x21, 0xff, 0x24, 0x21, 0xff, 0x24, 0x21, 0x56, 0x00, 0x00, 0x00, 0x24, 0x21, 0x76, 0x24, 0x21, 0xff, 0x24, 0x21, 0xff, 0x24, 0x21, 0xb9,
    0x00, 0x00, 0x00, 0x24, 0x21, 0xc3, 0x24, 0x21, 0xff, 0x24, 0x21, 0xfa, 0x24, 0x21, 0xde, 0x24, 0x21, 0xc3, 0x24, 0x21, 0xaa, 0x24, 0x21, 0x91,
    0x24, 0x21, 0x7a, 0x24, 0x21, 0x64, 0x24, 0x21, 0x4d, 0x24, 0x21, 0x37, 0x24, 0x21, 0x21, 0x24, 0x21, 0x18, 0x24, 0x21, 0xf5, 0x24, 0x21, 0xff,
    0x24, 0x21, 0xdd, 0x24, 0x21, 0x3b, 0x00, 0x00, 0x00, 0x00, 0x00, 0x00, 0x00, 0x00, 0x00, 0x00, 0x00, 0x00, 0x24, 0x21, 0xaf, 0x24, 0x21, 0xff,
    0x24, 0x21, 0xff, 0x24, 0x21, 0xa7, 0x00, 0x00, 0x00, 0x00, 0x00, 0x00, 0x00, 0x00, 0x00, 0x24, 0x21, 0x27, 0x24, 0x21, 0xff, 0x24, 0x21, 0xff,
    0x24, 0x21, 0xff, 0x24, 0x21, 0x5a, 0x00, 0x00, 0x00, 0x24, 0x21, 0x1b, 0x24, 0x21, 0xff, 0x24, 0x21, 0xff, 0x24, 0x21, 0xff, 0x24, 0x21, 0x1b,
    0x00, 0x00, 0x00, 0x24, 0x21, 0x4f, 0x24, 0x21, 0xff, 0x24, 0x21, 0xff, 0x24, 0x21, 0xff, 0x24, 0x21, 0x33, 0x00, 0x00, 0x00, 0x00, 0x00, 0x00,
    0x24, 0x21, 0x29, 0x24, 0x21, 0x44, 0x24, 0x21, 0x0d, 0x24, 0x21, 0x7a, 0x24, 0x21, 0xff, 0x24, 0x21, 0xff, 0x24, 0x21, 0xed, 0x24, 0x21, 0x16,
    0x00, 0x00, 0x00, 0x00, 0x00, 0x00, 0x00, 0x00, 0x00, 0x24, 0x21, 0x9d, 0x24, 0x21, 0xff, 0x24, 0x21, 0xff, 0x24, 0x21, 0x98, 0x00, 0x00, 0x00,
    0x24, 0x21, 0x13, 0x24, 0x21, 0xff, 0x24, 0x21, 0xff, 0x24, 0x21, 0xff, 0x24, 0x21, 0x47, 0x00, 0x00, 0x00, 0x00, 0x00, 0x00, 0x00, 0x00, 0x00,
    0x00, 0x00, 0x00, 0x00, 0x00, 0x00, 0x00, 0x00, 0x00, 0x00, 0x00, 0x00, 0x00, 0x00, 0x00, 0x00, 0x00, 0x00, 0x00, 0x00, 0x00, 0x00, 0x00, 0x00,
    0x00, 0x00, 0x00, 0x00, 0x00, 0x00, 0x00, 0x00, 0x00, 0x00, 0x00, 0x00, 0x00, 0x00, 0x00, 0x24, 0x21, 0xab, 0x24, 0x21, 0xff, 0x24, 0x21, 0xff,
    0x24, 0x21, 0xff, 0x24, 0x21, 0xff, 0x24, 0x21, 0xff, 0x24, 0x21, 0xff, 0x24, 0x21, 0xff, 0x24, 0x21, 0xff, 0x24, 0x21, 0xff, 0x24, 0x21, 0xff,
    0x24, 0x21, 0xff, 0x24, 0x21, 0xff, 0x24, 0x21, 0xff, 0x24, 0x21, 0xff, 0x24, 0x21, 0xff, 0x24, 0x21, 0xff, 0x24, 0x21, 0xff, 0x24, 0x21, 0xff,
    0x24, 0x21, 0xff, 0x24, 0x21, 0xff, 0x24, 0x21, 0xff, 0x24, 0x21, 0xff, 0x24, 0x21, 0xff, 0x24, 0x21, 0xff, 0x24, 0x21, 0xff, 0x24, 0x21, 0xbf,
    0x00, 0x00, 0x00, 0x00, 0x00, 0x00, 0x24, 0x21, 0x0d, 0x24, 0x21, 0xfb, 0x24, 0x21, 0xff, 0x24, 0x21, 0xff, 0x24, 0x21, 0x1d, 0x00, 0x00, 0x00,
    0x24, 0x21, 0xac, 0x24, 0x21, 0xff, 0x24, 0x21, 0xff, 0x24, 0x21, 0x8f, 0x00, 0x00, 0x00, 0x24, 0x21, 0x30, 0x24, 0x21, 0x29, 0x24, 0x21, 0x03,
    0x00, 0x00, 0x00, 0x00, 0x00, 0x00, 0x00, 0x00, 0x00, 0x00, 0x00, 0x00, 0x00, 0x00, 0x00, 0x00, 0x00, 0x00, 0x00, 0x00, 0x00, 0x00, 0x00, 0x00,
    0x00, 0x00, 0x00, 0x00, 0x00, 0x00, 0x24, 0x21, 0x87, 0x24, 0x21, 0x6b, 0x24, 0x21, 0x05, 0x00, 0x00, 0x00, 0x00, 0x00, 0x00, 0x00, 0x00, 0x00,
    0x00, 0x00, 0x00, 0x00, 0x00, 0x00, 0x24, 0x21, 0xaf, 0x24, 0x21, 0xff, 0x24, 0x21, 0xff, 0x24, 0x21, 0xa7, 0x00, 0x00, 0x00, 0x00, 0x00, 0x00,
    0x00, 0x00, 0x00, 0x24, 0x21, 0x2f, 0x24, 0x21, 0xff, 0x24, 0x21, 0xff, 0x24, 0x21, 0xff, 0x24, 0x21, 0x54, 0x00, 0x00, 0x00, 0x24, 0x21, 0x1b,
    0x24, 0x21, 0xff, 0x24, 0x21, 0xff, 0x24, 0x21, 0xff, 0x24, 0x21, 0x1b, 0x00, 0x00, 0x00, 0x24, 0x21, 0x4f, 0x24, 0x21, 0xff, 0x24, 0x21, 0xff,
    0x24, 0x21, 0xff, 0x24, 0x21, 0x33, 0x00, 0x00, 0x00, 0x00, 0x00, 0x00, 0x00, 0x00, 0x00, 0x00, 0x00, 0x00, 0x24, 0x21, 0x21, 0x24, 0x21, 0xf6,
    0x24, 0x21, 0xff, 0x24, 0x21, 0xff, 0x24, 0x21, 0x5e, 0x00, 0x00, 0x00, 0x00, 0x00, 0x00, 0x00, 0x00, 0x00, 0x24, 0x21, 0x19, 0x24, 0x21, 0xf6,
    0x24, 0x21, 0xff, 0x24, 0x21, 0xff, 0x24, 0x21, 0x5f, 0x24, 0x21, 0x1f, 0x24, 0x21, 0x31, 0x24, 0x21, 0xff, 0x24, 0x21, 0xff, 0x24, 0x21, 0xff,
    0x24, 0x21, 0x5e, 0x24, 0x21, 0x1f, 0x24, 0x21, 0x1f, 0x24, 0x21, 0x1f, 0x24, 0x21, 0x1f, 0x24, 0x21, 0x16, 0x00, 0x00, 0x00, 0x00, 0x00, 0x00,
    0x00, 0x00, 0x00, 0x00, 0x00, 0x00, 0x00, 0x00, 0x00, 0x00, 0x00, 0x00, 0x00, 0x00, 0x00, 0x00, 0x00, 0x00, 0x00, 0x00, 0x00, 0x00, 0x00, 0x00,
    0x00, 0x00, 0x00, 0x24, 0x21, 0xab, 0x24, 0x21, 0xff, 0x24, 0x21, 0xff, 0x24, 0x21, 0xff, 0x24, 0x21, 0xff, 0x24, 0x21, 0xff, 0x24, 0x21, 0xff,
    0x24, 0x21, 0xff, 0x24, 0x21, 0xff, 0x24, 0x21, 0xff, 0x24, 0x21, 0xff, 0x24, 0x21, 0xff, 0x24, 0x21, 0xff, 0x24, 0x21, 0xff, 0x24, 0x21, 0xff,
    0x24, 0x21, 0xff, 0x24, 0x21, 0xff, 0x24, 0x21, 0xff, 0x24, 0x21, 0xff, 0x24, 0x21, 0xff, 0x24, 0x21, 0xff, 0x24, 0x21, 0xff, 0x24, 0x21, 0xff,
    0x24, 0x21, 0xff, 0x24, 0x21, 0xff, 0x24, 0x21, 0xff, 0x24, 0x21, 0xbf, 0x00, 0x00, 0x00, 0x00, 0x00, 0x00, 0x24, 0x21, 0x4b, 0x24, 0x21, 0xff,
    0x24, 0x21, 0xff, 0x24, 0x21, 0xf2, 0x24, 0x21, 0x05, 0x24, 0x21, 0x01, 0x24, 0x21, 0xea, 0x24, 0x21, 0xff, 0x24, 0x21, 0xff, 0x24, 0x21, 0x5a,
    0x00, 0x00, 0x00, 0x00, 0x00, 0x00, 0x00, 0x00, 0x00, 0x00, 0x00, 0x00, 0x00, 0x00, 0x00, 0x00, 0x00, 0x00, 0x00, 0x00, 0x00, 0x00, 0x00, 0x00,
    0x00, 0x00, 0x00, 0x00, 0x00, 0x00, 0x00, 0x00, 0x00, 0x00, 0x00, 0x00, 0x00, 0x00, 0x00, 0x00, 0x00, 0x00, 0x00, 0x00, 0x00, 0x00, 0x00, 0x00,
    0x00, 0x00, 0x00, 0x00, 0x00, 0x00, 0x00, 0x00, 0x00, 0x00, 0x00, 0x00, 0x00, 0x00, 0x00, 0x00, 0x00, 0x00, 0x24, 0x21, 0xaf, 0x24, 0x21, 0xff,
    0x24, 0x21, 0xff, 0x24, 0x21, 0xa7, 0x00, 0x00, 0x00, 0x00, 0x00, 0x00, 0x00, 0x00, 0x00, 0x24, 0x21, 0x37, 0x24, 0x21, 0xff, 0x24, 0x21, 0xff,
    0x24, 0x21, 0xff, 0x24, 0x21, 0x4f, 0x00, 0x00, 0x00, 0x24, 0x21, 0x1b, 0x24, 0x21, 0xff, 0x24, 0x21, 0xff, 0x24, 0x21, 0xff, 0x24, 0x21, 0x1b,
    0x00, 0x00, 0x00, 0x24, 0x21, 0x4f, 0x24, 0x21, 0xff, 0x24, 0x21, 0xff, 0x24, 0x21, 0xff, 0x24, 0x21, 0x33, 0x00, 0x00, 0x00, 0x00, 0x00, 0x00,
    0x00, 0x00, 0x00, 0x24, 0x21, 0x03, 0x24, 0x21, 0xc2, 0x24, 0x21, 0xff, 0x24, 0x21, 0xff, 0x24, 0x21, 0xbb, 0x24, 0x21, 0x03, 0x24, 0x21, 0x2a,
    0x24, 0x21, 0x5d, 0x24, 0x21, 0x13, 0x24, 0x21, 0xbe, 0x24, 0x21, 0xff, 0x24, 0x21, 0xff, 0x24, 0x21, 0xff, 0x24, 0x21, 0xff, 0x24, 0x21, 0xff,
    0x24, 0x21, 0xff, 0x24, 0x21, 0xff, 0x24, 0x21, 0xff, 0x24, 0x21, 0xff, 0x24, 0x21, 0xff, 0x24, 0x21, 0xff, 0x24, 0x21, 0xff, 0x24, 0x21, 0xff,
    0x24, 0x21, 0xff, 0x24, 0x21, 0xb3, 0x00, 0x00, 0x00, 0x00, 0x00, 0x00, 0x00, 0x00, 0x00, 0x00, 0x00, 0x00, 0x00, 0x00, 0x00, 0x00, 0x00, 0x00,
    0x00, 0x00, 0x00, 0x00, 0x00, 0x00, 0x00, 0x00, 0x00, 0x00, 0x00, 0x00, 0x00, 0x00, 0x00, 0x24, 0x21, 0x3b, 0x24, 0x21, 0x57, 0x24, 0x21, 0x57,
    0x24, 0x21, 0x57, 0x24, 0x21, 0x57, 0x24, 0x21, 0x57, 0x24, 0x21, 0xa9, 0x24, 0x21, 0xff, 0x24, 0x21, 0xff, 0x24, 0x21, 0xff, 0x24, 0x21, 0x7c,
    0x24, 0x21, 0x57, 0x24, 0x21, 0x57, 0x24, 0x21, 0x57, 0x24, 0x21, 0x57, 0x24, 0x21, 0x57, 0x24, 0x21, 0x57, 0x24, 0x21, 0xea, 0x24, 0x21, 0xff,
    0x24, 0x21, 0xff, 0x24, 0x21, 0xdb, 0x24, 0x21, 0x57, 0x24, 0x21, 0x57, 0x24, 0x21, 0x57, 0x24, 0x21, 0x57, 0x24, 0x21, 0x57, 0x24, 0x21, 0x41,
    0x00, 0x00, 0x00, 0x00, 0x00, 0x00, 0x24, 0x21, 0x89, 0x24, 0x21, 0xff, 0x24, 0x21, 0xff, 0x24, 0x21, 0xff, 0x24, 0x21, 0xbf, 0x24, 0x21, 0x3e,
    0x24, 0x21, 0xff, 0x24, 0x21, 0xff, 0x24, 0x21, 0xff, 0x24, 0x21, 0x27, 0x00, 0x00, 0x00, 0x00, 0x00, 0x00, 0x24, 0x21, 0xfb, 0x24, 0x21, 0xff,
    0x24, 0x21, 0xff, 0x24, 0x21, 0xff, 0x24, 0x21, 0xff, 0x24, 0x21, 0xff, 0x24, 0x21, 0xff, 0x24, 0x21, 0xff, 0x24, 0x21, 0xff, 0x24, 0x21, 0xff,
    0x24, 0x21, 0xff, 0x24, 0x21, 0xff, 0x24, 0x21, 0xff, 0x24, 0x21, 0x8f, 0x00, 0x00, 0x00, 0x00, 0x00, 0x00, 0x00, 0x00, 0x00, 0x00, 0x00, 0x00,
    0x00, 0x00, 0x00, 0x00, 0x00, 0x00, 0x24, 0x21, 0xaf, 0x24, 0x21, 0xff, 0x24, 0x21, 0xff, 0x24, 0x21, 0xa7, 0x00, 0x00, 0x00, 0x00, 0x00, 0x00,
    0x00, 0x00, 0x00, 0x24, 0x21, 0x40, 0x24, 0x21, 0xff, 0x24, 0x21, 0xff, 0x24, 0x21, 0xff, 0x24, 0x21, 0x43, 0x00, 0x00, 0x00, 0x24, 0x21, 0x1b,
    0x24, 0x21, 0xff, 0x24, 0x21, 0xff, 0x24, 0x21, 0xff, 0x24, 0x21, 0x1b, 0x00, 0x00, 0x00, 0x24, 0x21, 0x4f, 0x24, 0x21, 0xff, 0x24, 0x21, 0xff,
    0x24, 0x21, 0xff, 0x24, 0x21, 0x33, 0x00, 0x00, 0x00, 0x00, 0x00, 0x00, 0x00, 0x00, 0x00, 0x24, 0x21, 0x8d, 0x24, 0x21, 0xff, 0x24, 0x21, 0xff,
    0x24, 0x21, 0xff, 0x24, 0x21, 0xdd, 0x24, 0x21, 0xf4, 0x24, 0x21, 0xff, 0x24, 0x21, 0xff, 0x24, 0x21, 0x21, 0x24, 0x21, 0x9e, 0x24, 0x21, 0xff,
    0x24, 0x21, 0xff, 0x24, 0x21, 0xff, 0x24, 0x21, 0xff, 0x24, 0x21, 0xff, 0x24, 0x21, 0xff, 0x24, 0x21, 0xff, 0x24, 0x21, 0xff, 0x24, 0x21, 0xff,
    0x24, 0x21, 0xff, 0x24, 0x21, 0xff, 0x24, 0x21, 0xff, 0x24, 0x21, 0xff, 0x24, 0x21, 0xff, 0x24, 0x21, 0xb3, 0x00, 0x00, 0x00, 0x00, 0x00, 0x00,
    0x00, 0x00, 0x00, 0x00, 0x00, 0x00, 0x00, 0x00, 0x00, 0x00, 0x00, 0x00, 0x00, 0x00, 0x00, 0x00, 0x00, 0x00, 0x00, 0x00, 0x00, 0x00, 0x00, 0x00,
    0x00, 0x00, 0x00, 0x00, 0x00, 0x00, 0x00, 0x00, 0x00, 0x00, 0x00, 0x00, 0x00, 0x00, 0x00, 0x00, 0x00, 0x00, 0x00, 0x00, 0x00, 0x24, 0x21, 0xaf,
    0x24, 0x21, 0xff, 0x24, 0x21, 0xff, 0x24, 0x21, 0xff, 0x24, 0x21, 0x0f, 0x00, 0x00, 0x00, 0x00, 0x00, 0x00, 0x00, 0x00, 0x00, 0x00, 0x00, 0x00,
    0x00, 0x00, 0x00, 0x00, 0x00, 0x00, 0x24, 0x21, 0xdf, 0x24, 0x21, 0xff, 0x24, 0x21, 0xff, 0x24, 0x21, 0xc7, 0x00, 0x00, 0x00, 0x00, 0x00, 0x00,
    0x00, 0x00, 0x00, 0x00, 0x00, 0x00, 0x00, 0x00, 0x00, 0x00, 0x00, 0x00, 0x00, 0x00, 0x00, 0x00, 0x00, 0x00, 0x24, 0x21, 0x15, 0x24, 0x21, 0xca,
    0x24, 0x21, 0xff, 0x24, 0x21, 0xff, 0x24, 0x21, 0xff, 0x24, 0x21, 0xf8, 0x24, 0x21, 0xff, 0x24, 0x21, 0xff, 0x24, 0x21, 0xe6, 0x24, 0x21, 0x01,
    0x00, 0x00, 0x00, 0x00, 0x00, 0x00, 0x24, 0x21, 0xfb, 0x24, 0x21, 0xff, 0x24, 0x21, 0xff, 0x24, 0x21, 0xff, 0x24, 0x21, 0xff, 0x24, 0x21, 0xff,
    0x24, 0x21, 0xff, 0x24, 0x21, 0xff, 0x24, 0x21, 0xff, 0x24, 0x21, 0xff, 0x24, 0x21, 0xff, 0x24, 0x21, 0xff, 0x24, 0x21, 0xff, 0x24, 0x21, 0x8f,
    0x00, 0x00, 0x00, 0x00, 0x00, 0x00, 0x00, 0x00, 0x00, 0x00, 0x00, 0x00, 0x00, 0x00, 0x00, 0x00, 0x00, 0x00, 0x24, 0x21, 0xaf, 0x24, 0x21, 0xff,
    0x24, 0x21, 0xff, 0x24, 0x21, 0xa7, 0x00, 0x00, 0x00, 0x00, 0x00, 0x00, 0x00, 0x00, 0x00, 0x24, 0x21, 0x57, 0x24, 0x21, 0xff, 0x24, 0x21, 0xff,
    0x24, 0x21, 0xff, 0x24, 0x21, 0x2b, 0x00, 0x00, 0x00, 0x24, 0x21, 0x1b, 0x24, 0x21, 0xff, 0x24, 0x21, 0xff, 0x24, 0x21, 0xff, 0x24, 0x21, 0x1b,
    0x00, 0x00, 0x00, 0x24, 0x21, 0x4f, 0x24, 0x21, 0xff, 0x24, 0x21, 0xff, 0x24, 0x21, 0xff, 0x24, 0x21, 0x33, 0x00, 0x00, 0x00, 0x00, 0x00, 0x00,
    0x24, 0x21, 0x9b, 0x24, 0x21, 0xff, 0x24, 0x21, 0xff, 0x24, 0x21, 0xff, 0x24, 0x21, 0xff, 0x24, 0x21, 0xff, 0x24, 0x21, 0xff, 0x24, 0x21, 0xff,
    0x24, 0x21, 0xff, 0x24, 0x21, 0x1d, 0x24, 0x21, 0x41, 0x24, 0x21, 0xff, 0x24, 0x21, 0xff, 0x24, 0x21, 0xff, 0x24, 0x21, 0xff, 0x24, 0x21, 0xff,
    0x24, 0x21, 0xff, 0x24, 0x21, 0xff, 0x24, 0x21, 0xff, 0x24, 0x21, 0xff, 0x24, 0x21, 0xff, 0x24, 0x21, 0xff, 0x24, 0x21, 0xff, 0x24, 0x21, 0xff,
    0x24, 0x21, 0xff, 0x24, 0x21, 0xb3, 0x00, 0x00, 0x00, 0x00, 0x00, 0x00, 0x00, 0x00, 0x00, 0x00, 0x00, 0x00, 0x00, 0x00, 0x00, 0x00, 0x00, 0x00,
    0x00, 0x00, 0x00, 0x00, 0x00, 0x00, 0x00, 0x00, 0x00, 0x00, 0x00, 0x00, 0x00, 0x00, 0x00, 0x00, 0x00, 0x00, 0x00, 0x00, 0x00, 0x00, 0x00, 0x00,
    0x00, 0x00, 0x00, 0x00, 0x00, 0x00, 0x00, 0x00, 0x00, 0x24, 0x21, 0xeb, 0x24, 0x21, 0xff, 0x24, 0x21, 0xff, 0x24, 0x21, 0xdd, 0x00, 0x00, 0x00,
    0x00, 0x00, 0x00, 0x00, 0x00, 0x00, 0x00, 0x00, 0x00, 0x00, 0x00, 0x00, 0x00, 0x00, 0x00, 0x00, 0x00, 0x00, 0x24, 0x21, 0xdf, 0x24, 0x21, 0xff,
    0x24, 0x21, 0xff, 0x24, 0x21, 0xc7, 0x00, 0x00, 0x00, 0x00, 0x00, 0x00, 0x00, 0x00, 0x00, 0x00, 0x00, 0x00, 0x00, 0x00, 0x00, 0x00, 0x00, 0x00,
    0x00, 0x00, 0x00, 0x00, 0x00, 0x00, 0x00, 0x00, 0x00, 0x24, 0x21, 0x0b, 0x24, 0x21, 0xb8, 0x24, 0x21, 0xff, 0x24, 0x21, 0xff, 0x24, 0x21, 0xff,
    0x24, 0x21, 0xff, 0x24, 0x21, 0xff, 0x24, 0x21, 0x9b, 0x00, 0x00, 0x00, 0x00, 0x00, 0x00, 0x00, 0x00, 0x00, 0x24, 0x21, 0xfb, 0x24, 0x21, 0xff,
    0x24, 0x21, 0xff, 0x24, 0x21, 0xff, 0x24, 0x21, 0xff, 0x24, 0x21, 0xff, 0x24, 0x21, 0xff, 0x24, 0x21, 0xff, 0x24, 0x21, 0xff, 0x24, 0x21, 0xff,
    0x24, 0x21, 0xff, 0x24, 0x21, 0xff, 0x24, 0x21, 0xff, 0x24, 0x21, 0x8f, 0x00, 0x00, 0x00, 0x00, 0x00, 0x00, 0x00, 0x00, 0x00, 0x00, 0x00, 0x00,
    0x00, 0x00, 0x00, 0x00, 0x00, 0x00, 0x24, 0x21, 0xaf, 0x24, 0x21, 0xff, 0x24, 0x21, 0xff, 0x24, 0x21, 0xa7, 0x00, 0x00, 0x00, 0x00, 0x00, 0x00,
    0x00, 0x00, 0x00, 0x24, 0x21, 0x76, 0x24, 0x21, 0xff, 0x24, 0x21, 0xff, 0x24, 0x21, 0xff, 0x24, 0x21, 0x13, 0x00, 0x00, 0x00, 0x24, 0x21, 0x1b,
    0x24, 0x21, 0xff, 0x24, 0x21, 0xff, 0x24, 0x21, 0xff, 0x24, 0x21, 0x1b, 0x00, 0x00, 0x00, 0x24, 0x21, 0x4f, 0x24, 0x21, 0xff, 0x24, 0x21, 0xff,
    0x24, 0x21, 0xff, 0x24, 0x21, 0x33, 0x00, 0x00, 0x00, 0x00, 0x00, 0x00, 0x24, 0x21, 0xc5, 0x24, 0x21, 0xff, 0x24, 0x21, 0xff, 0x24, 0x21, 0xff,
    0x24, 0x21, 0xff, 0x24, 0x21, 0xff, 0x24, 0x21, 0xff, 0x24, 0x21, 0xea, 0x24, 0x21, 0xb1, 0x24, 0x21, 0x13, 0x24, 0x21, 0x03, 0x24, 0x21, 0x43,
    0x24, 0x21, 0x16, 0x24, 0x21, 0x05, 0x00, 0x00, 0x00, 0x00, 0x00, 0x00, 0x24, 0x21, 0x13, 0x24, 0x21, 0xff, 0x24, 0x21, 0xff, 0x24, 0x21, 0xff,
    0x24, 0x21, 0x47, 0x00, 0x00, 0x00, 0x00, 0x00, 0x00, 0x00, 0x00, 0x00, 0x00, 0x00, 0x00, 0x00, 0x00, 0x00, 0x00, 0x00, 0x00, 0x00, 0x00, 0x00,
    0x00, 0x00, 0x00, 0x00, 0x00, 0x00, 0x00, 0x00, 0x00, 0x00, 0x00, 0x00, 0x00, 0x00, 0x00, 0x00, 0x00, 0x00, 0x00, 0x00, 0x00, 0x00, 0x00, 0x00,
    0x00, 0x00, 0x00, 0x00, 0x00, 0x00, 0x00, 0x00, 0x00, 0x00, 0x00, 0x00, 0x00, 0x00, 0x00, 0x00, 0x00, 0x00, 0x24, 0x21, 0x46, 0x24, 0x21, 0xff,
    0x24, 0x21, 0xff, 0x24, 0x21, 0xff, 0x24, 0x21, 0xaa, 0x00, 0x00, 0x00, 0x00, 0x00, 0x00, 0x00, 0x00, 0x00, 0x00, 0x00, 0x00, 0x00, 0x00, 0x00,
    0x00, 0x00, 0x00, 0x00, 0x00, 0x00, 0x24, 0x21, 0xdf, 0x24, 0x21, 0xff, 0x24, 0x21, 0xff, 0x24, 0x21, 0xc7, 0x00, 0x00, 0x00, 0x00, 0x00, 0x00,
    0x00, 0x00, 0x00, 0x00, 0x00, 0x00, 0x00, 0x00, 0x00, 0x00, 0x00, 0x00, 0x00, 0x00, 0x00, 0x00, 0x00, 0x00, 0x00, 0x00, 0x00, 0x00, 0x00, 0x00,
    0x24, 0x21, 0x05, 0x24, 0x21, 0xa2, 0x24, 0x21, 0xff, 0x24, 0x21, 0xff, 0x24, 0x21, 0xff, 0x24, 0x21, 0xff, 0x24, 0x21, 0x68, 0x00, 0x00, 0x00,
    0x00, 0x00, 0x00, 0x00, 0x00, 0x00, 0x24, 0x21, 0xfb, 0x24, 0x21, 0xff, 0x24, 0x21, 0xff, 0x24, 0x21, 0x38, 0x24, 0x21, 0x13, 0x24, 0x21, 0x13,
    0x24, 0x21, 0x13, 0x24, 0x21, 0x13, 0x24, 0x21, 0x13, 0x24, 0x21, 0x13, 0x24, 0x21, 0xc4, 0x24, 0x21, 0xff, 0x24, 0x21, 0xff, 0x24, 0x21, 0x8f,
    0x00, 0x00, 0x00, 0x00, 0x00, 0x00, 0x00, 0x00, 0x00, 0x00, 0x00, 0x00, 0x00, 0x00, 0x00, 0x00, 0x00, 0x00, 0x24, 0x21, 0xaf, 0x24, 0x21, 0xff,
    0x24, 0x21, 0xff, 0x24, 0x21, 0xa7, 0x24, 0x21, 0x15, 0x24, 0x21, 0xb0, 0x24, 0x21, 0x02, 0x24, 0x21, 0x99, 0x24, 0x21, 0xff, 0x24, 0x21, 0xff,
    0x24, 0x21, 0xfa, 0x24, 0x21, 0x01, 0x00, 0x00, 0x00, 0x24, 0x21, 0x1b, 0x24, 0x21, 0xff, 0x24, 0x21, 0xff, 0x24, 0x21, 0xff, 0x24, 0x21, 0x1b,
    0x00, 0x00, 0x00, 0x24, 0x21, 0x4f, 0x24, 0x21, 0xff, 0x24, 0x21, 0xff, 0x24, 0x21, 0xff, 0x24, 0x21, 0x33, 0x00, 0x00, 0x00, 0x00, 0x00, 0x00,
    0x24, 0x21, 0x6a, 0x24, 0x21, 0xff, 0x24, 0x21, 0xff, 0x24, 0x21, 0xe5, 0x24, 0x21, 0xa2, 0x24, 0x21, 0x63, 0x24, 0x21, 0x26, 0x00, 0x00, 0x00,
    0x00, 0x00, 0x00, 0x00, 0x00, 0x00, 0x00, 0x00, 0x00, 0x24, 0x21, 0x11, 0x24, 0x21, 0xbf, 0x24, 0x21, 0x80, 0x24, 0x21, 0x39, 0x24, 0x21, 0x03,
    0x24, 0x21, 0x13, 0x24, 0x21, 0xff, 0x24, 0x21, 0xff, 0x24, 0x21, 0xff, 0x24, 0x21, 0x47, 0x00, 0x00, 0x00, 0x24, 0x21, 0x2d, 0x24, 0x21, 0x9c,
    0x24, 0x21, 0x23, 0x00, 0x00, 0x00, 0x00, 0x00, 0x00, 0x00, 0x00, 0x00, 0x00, 0x00, 0x00, 0x00, 0x00, 0x00, 0x00, 0x00, 0x00, 0x00, 0x00, 0x00,
    0x00, 0x00, 0x00, 0x00, 0x00, 0x00, 0x00, 0x00, 0x00, 0x00, 0x00, 0x00, 0x00, 0x00, 0x00, 0x00, 0x00, 0x00, 0x00, 0x00, 0x00, 0x00, 0x00, 0x00,
    0x00, 0x00, 0x00, 0x00, 0x00, 0x00, 0x24, 0x21, 0xbc, 0x24, 0x21, 0xff, 0x24, 0x21, 0xff, 0x24, 0x21, 0xff, 0x24, 0x21, 0x53, 0x00, 0x00, 0x00,
    0x00, 0x00, 0x00, 0x00, 0x00, 0x00, 0x00, 0x00, 0x00, 0x00, 0x00, 0x00, 0x00, 0x00, 0x00, 0x00, 0x00, 0x00, 0x24, 0x21, 0xdf, 0x24, 0x21, 0xff,
    0x24, 0x21, 0xff, 0x24, 0x21, 0xc7, 0x00, 0x00, 0x00, 0x00, 0x00, 0x00, 0x00, 0x00, 0x00, 0x00, 0x00, 0x00, 0x00, 0x00, 0x00, 0x00, 0x00, 0x00,
    0x00, 0x00, 0x00, 0x00, 0x00, 0x00, 0x00, 0x00, 0x00, 0x00, 0x00, 0x00, 0x00, 0x00, 0x00, 0x24, 0x21, 0x01, 0x24, 0x21, 0xd1, 0x24, 0x21, 0xff,
    0x24, 0x21, 0xff, 0x24, 0x21, 0xff, 0x24, 0x21, 0xee, 0x24, 0x21, 0x2d, 0x00, 0x00, 0x00, 0x00, 0x00, 0x00, 0x24, 0x21, 0xfb, 0x24, 0x21, 0xff,
    0x24, 0x21, 0xff, 0x24, 0x21, 0x27, 0x00, 0x00, 0x00, 0x00, 0x00, 0x00, 0x00, 0x00, 0x00, 0x00, 0x00, 0x00, 0x00, 0x00, 0x00, 0x00, 0x00, 0x00,
    0x24, 0x21, 0xbf, 0x24, 0x21, 0xff, 0x24, 0x21, 0xff, 0x24, 0x21, 0x8f, 0x00, 0x00, 0x00, 0x00, 0x00, 0x00, 0x00, 0x00, 0x00, 0x00, 0x00, 0x00,
    0x00, 0x00, 0x00, 0x00, 0x00, 0x00, 0x24, 0x21, 0xaf, 0x24, 0x21, 0xff, 0x24, 0x21, 0xff, 0x24, 0x21, 0xc3, 0x24, 0x21, 0xd8, 0x24, 0x21, 0xff,
    0x24, 0x21, 0x4c, 0x24, 0x21, 0xcf, 0x24, 0x21, 0xff, 0x24, 0x21, 0xff, 0x24, 0x21, 0xdf, 0x00, 0x00, 0x00, 0x00, 0x00, 0x00, 0x24, 0x21, 0x1b,
    0x24, 0x21, 0xff, 0x24, 0x21, 0xff, 0x24, 0x21, 0xff, 0x24, 0x21, 0x1b, 0x00, 0x00, 0x00, 0x24, 0x21, 0x4f, 0x24, 0x21, 0xff, 0x24, 0x21, 0xff,
    0x24, 0x21, 0xff, 0x24, 0x21, 0x33, 0x00, 0x00, 0x00, 0x00, 0x00, 0x00, 0x24, 0x21, 0x19, 0x24, 0x21, 0x8f, 0x24, 0x21, 0x32, 0x00, 0x00, 0x00,
    0x00, 0x00, 0x00, 0x00, 0x00, 0x00, 0x00, 0x00, 0x00, 0x24, 0x21, 0x1a, 0x24, 0x21, 0x3b, 0x00, 0x00, 0x00, 0x00, 0x00, 0x00, 0x24, 0x21, 0x7d,
    0x24, 0x21, 0xff, 0x24, 0x21, 0xff, 0x24, 0x21, 0xf2, 0x24, 0x21, 0x17, 0x24, 0x21, 0x13, 0x24, 0x21, 0xff, 0x24, 0x21, 0xff, 0x24, 0x21, 0xff,
    0x24, 0x21, 0x47, 0x24, 0x21, 0x84, 0x24, 0x21, 0xff, 0x24, 0x21, 0xff, 0x24, 0x21, 0xae, 0x00, 0x00, 0x00, 0x00, 0x00, 0x00, 0x00, 0x00, 0x00,
    0x00, 0x00, 0x00, 0x00, 0x00, 0x00, 0x00, 0x00, 0x00, 0x00, 0x00, 0x00, 0x00, 0x00, 0x00, 0x00, 0x00, 0x00, 0x00, 0x00, 0x00, 0x00, 0x00, 0x00,
    0x00, 0x00, 0x00, 0x00, 0x00, 0x00, 0x00, 0x00, 0x00, 0x00, 0x00, 0x00, 0x00, 0x00, 0x00, 0x24, 0x21, 0x3b, 0x24, 0x21, 0xff, 0x24, 0x21, 0xff,
    0x24, 0x21, 0xff, 0x24, 0x21, 0xea, 0x24, 0x21, 0x05, 0x00, 0x00, 0x00, 0x00, 0x00, 0x00, 0x00, 0x00, 0x00, 0x00, 0x00, 0x00, 0x00, 0x00, 0x00,
    0x00, 0x00, 0x00, 0x00, 0x00, 0x00, 0x24, 0x21, 0xdf, 0x24, 0x21, 0xff, 0x24, 0x21, 0xff, 0x24, 0x21, 0xc7, 0x00, 0x00, 0x00, 0x00, 0x00, 0x00,
    0x00, 0x00, 0x00, 0x00, 0x00, 0x00, 0x00, 0x00, 0x00, 0x00, 0x00, 0x00, 0x00, 0x00, 0x00, 0x00, 0x00, 0x00, 0x00, 0x00, 0x00, 0x00, 0x00, 0x00,
    0x00, 0x00, 0x00, 0x24, 0x21, 0x52, 0x24, 0x21, 0xff, 0x24, 0x21, 0xff, 0x24, 0x21, 0xff, 0x24, 0x21, 0xff, 0x24, 0x21, 0xff, 0x24, 0x21, 0xe5,
    0x24, 0x21, 0x19, 0x00, 0x00, 0x00, 0x24, 0x21, 0xfb, 0x24, 0x21, 0xff, 0x24, 0x21, 0xff, 0x24, 0x21, 0x27, 0x00, 0x00, 0x00, 0x00, 0x00, 0x00,
    0x00, 0x00, 0x00, 0x00, 0x00, 0x00, 0x00, 0x00, 0x00, 0x00, 0x00, 0x00, 0x24, 0x21, 0xbf, 0x24, 0x21, 0xff, 0x24, 0x21, 0xff, 0x24, 0x21, 0x8f,
    0x00, 0x00, 0x00, 0x00, 0x00, 0x00, 0x00, 0x00, 0x00, 0x00, 0x00, 0x00, 0x00, 0x00, 0x00, 0x00, 0x00, 0x00, 0x24, 0x21, 0xaf, 0x24, 0x21, 0xff,
    0x24, 0x21, 0xff, 0x24, 0x21, 0xff, 0x24, 0x21, 0xff, 0x24, 0x21, 0xff, 0x24, 0x21, 0xca, 0x24, 0x21, 0xfc, 0x24, 0x21, 0xff, 0x24, 0x21, 0xff,
    0x24, 0x21, 0xa8, 0x00, 0x00, 0x00, 0x00, 0x00, 0x00, 0x24, 0x21, 0x1b, 0x24, 0x21, 0xff, 0x24, 0x21, 0xff, 0x24, 0x21, 0xff, 0x24, 0x21, 0x1b,
    0x00, 0x00, 0x00, 0x24, 0x21, 0x4f, 0x24, 0x21, 0xff, 0x24, 0x21, 0xff, 0x24, 0x21, 0xff, 0x24, 0x21, 0x33, 0x00, 0x00, 0x00, 0x00, 0x00, 0x00,
    0x00, 0x00, 0x00, 0x00, 0x00, 0x00, 0x00, 0x00, 0x00, 0x00, 0x00, 0x00, 0x24, 0x21, 0x11, 0x24, 0x21, 0x64, 0x24, 0x21, 0xbd, 0x24, 0x21, 0xfd,
    0x24, 0x21, 0xc8, 0x00, 0x00, 0x00, 0x24, 0x21, 0x19, 0x24, 0x21, 0xf2, 0x24, 0x21, 0xff, 0x24, 0x21, 0xff, 0x24, 0x21, 0x77, 0x00, 0x00, 0x00,
    0x24, 0x21, 0x13, 0x24, 0x21, 0xff, 0x24, 0x21, 0xff, 0x24, 0x21, 0xff, 0x24, 0x21, 0x47, 0x24, 0x21, 0x38, 0x24, 0x21, 0xff, 0x24, 0x21, 0xff,
    0x24, 0x21, 0xff, 0x24, 0x21, 0x3f, 0x00, 0x00, 0x00, 0x00, 0x00, 0x00, 0x00, 0x00, 0x00, 0x00, 0x00, 0x00, 0x00, 0x00, 0x00, 0x00, 0x00, 0x00,
    0x00, 0x00, 0x00, 0x00, 0x00, 0x00, 0x00, 0x00, 0x00, 0x00, 0x00, 0x00, 0x00, 0x00, 0x00, 0x00, 0x00, 0x00, 0x00, 0x00, 0x00, 0x00, 0x00, 0x00,
    0x24, 0x21, 0x15, 0x24, 0x21, 0xe3, 0x24, 0x21, 0xff, 0x24, 0x21, 0xff, 0x24, 0x21, 0xff, 0x24, 0x21, 0x8c, 0x00, 0x00, 0x00, 0x00, 0x00, 0x00,
    0x00, 0x00, 0x00, 0x00, 0x00, 0x00, 0x00, 0x00, 0x00, 0x00, 0x00, 0x00, 0x00, 0x00, 0x00, 0x00, 0x00, 0x00, 0x24, 0x21, 0xdf, 0x24, 0x21, 0xff,
    0x24, 0x21, 0xff, 0x24, 0x21, 0xc7, 0x00, 0x00, 0x00, 0x00, 0x00, 0x00, 0x00, 0x00, 0x00, 0x00, 0x00, 0x00, 0x00, 0x00, 0x00, 0x00, 0x00, 0x00,
    0x00, 0x00, 0x00, 0x00, 0x00, 0x00, 0x00, 0x00, 0x00, 0x00, 0x00, 0x00, 0x24, 0x21, 0x13, 0x24, 0x21, 0xe9, 0x24, 0x21, 0xff, 0x24, 0x21, 0xff,
    0x24, 0x21, 0xfe, 0x24, 0x21, 0xff, 0x24, 0x21, 0xff, 0x24, 0x21, 0xff, 0x24, 0x21, 0xa8, 0x00, 0x00, 0x00, 0x24, 0x21, 0xfb, 0x24, 0x21, 0xff,
    0x24, 0x21, 0xff, 0x24, 0x21, 0x27, 0x00, 0x00, 0x00, 0x00, 0x00, 0x00, 0x00, 0x00, 0x00, 0x00, 0x00, 0x00, 0x00, 0x00, 0x00, 0x00, 0x00, 0x00,
    0x24, 0x21, 0xbf, 0x24, 0x21, 0xff, 0x24, 0x21, 0xff, 0x24, 0x21, 0x8f, 0x00, 0x00, 0x00, 0x00, 0x00, 0x00, 0x00, 0x00, 0x00, 0x00, 0x00, 0x00,
    0x00, 0x00, 0x00, 0x00, 0x00, 0x00, 0x24, 0x21, 0xb5, 0x24, 0x21, 0xff, 0x24, 0x21, 0xff, 0x24, 0x21, 0xff, 0x24, 0x21, 0xff, 0x24, 0x21, 0xff,
    0x24, 0x21, 0xd6, 0x24, 0x21, 0xff, 0x24, 0x21, 0xff, 0x24, 0x21, 0xff, 0x24, 0x21, 0x6f, 0x00, 0x00, 0x00, 0x00, 0x00, 0x00, 0x24, 0x21, 0x1b,
    0x24, 0x21, 0xff, 0x24, 0x21, 0xff, 0x24, 0x21, 0xff, 0x24, 0x21, 0x1b, 0x00, 0x00, 0x00, 0x24, 0x21, 0x4f, 0x24, 0x21, 0xff, 0x24, 0x21, 0xff,
    0x24, 0x21, 0xff, 0x24, 0x21, 0x33, 0x00, 0x00, 0x00, 0x00, 0x00, 0x00, 0x00, 0x00, 0x00, 0x24, 0x21, 0x0b, 0x24, 0x21, 0x58, 0x24, 0x21, 0xb1,
    0x24, 0x21, 0xf9, 0x24, 0x21, 0xff, 0x24, 0x21, 0xff, 0x24, 0x21, 0xff, 0x24, 0x21, 0xfa, 0x24, 0x21, 0x0a, 0x24, 0x21, 0xab, 0x24, 0x21, 0xff,
    0x24, 0x21, 0xff, 0x24, 0x21, 0xdd, 0x24, 0x21, 0x07, 0x00, 0x00, 0x00, 0x24, 0x21, 0x13, 0x24, 0x21, 0xff, 0x24, 0x21, 0xff, 0x24, 0x21, 0xff,
    0x24, 0x21, 0x47, 0x00, 0x00, 0x00, 0x24, 0x21, 0xb4, 0x24, 0x21, 0xff, 0x24, 0x21, 0xff, 0x24, 0x21, 0xcd, 0x24, 0x21, 0x01, 0x00, 0x00, 0x00,
    0x00, 0x00, 0x00, 0x00, 0x00, 0x00, 0x00, 0x00, 0x00, 0x00, 0x00, 0x00, 0x00, 0x00, 0x00, 0x00, 0x00, 0x00, 0x00, 0x00, 0x00, 0x00, 0x00, 0x00,
    0x00, 0x00, 0x00, 0x00, 0x00, 0x00, 0x00, 0x00, 0x00, 0x24, 0x21, 0x04, 0x24, 0x21, 0xbe, 0x24, 0x21, 0xff, 0x24, 0x21, 0xff, 0x24, 0x21, 0xff,
    0x24, 0x21, 0xea, 0x24, 0x21, 0x16, 0x00, 0x00, 0x00, 0x00, 0x00, 0x00, 0x00, 0x00, 0x00, 0x00, 0x00, 0x00, 0x00, 0x00, 0x00, 0x00, 0x00, 0x00,
    0x00, 0x00, 0x00, 0x00, 0x00, 0x00, 0x24, 0x21, 0xdf, 0x24, 0x21, 0xff, 0x24, 0x21, 0xff, 0x24, 0x21, 0xc7, 0x00, 0x00, 0x00, 0x00, 0x00, 0x00,
    0x00, 0x00, 0x00, 0x00, 0x00, 0x00, 0x00, 0x00, 0x00, 0x00, 0x00, 0x00, 0x00, 0x00, 0x00, 0x00, 0x00, 0x00, 0x00, 0x00, 0x00, 0x24, 0x21, 0x0b,
    0x24, 0x21, 0xb6, 0x24, 0x21, 0xff, 0x24, 0x21, 0xff, 0x24, 0x21, 0xff, 0x24, 0x21, 0x62, 0x24, 0x21, 0xb4, 0x24, 0x21, 0xff, 0x24, 0x21, 0xf9,
    0x24, 0x21, 0x34, 0x00, 0x00, 0x00, 0x24, 0x21, 0xfb, 0x24, 0x21, 0xff, 0x24, 0x21, 0xff, 0x24, 0x21, 0x27, 0x00, 0x00, 0x00, 0x00, 0x00, 0x00,
    0x00, 0x00, 0x00, 0x00, 0x00, 0x00, 0x00, 0x00, 0x00, 0x00, 0x00, 0x00, 0x24, 0x21, 0xbf, 0x24, 0x21, 0xff, 0x24, 0x21, 0xff, 0x24, 0x21, 0x8f,
    0x00, 0x00, 0x00, 0x00, 0x00, 0x00, 0x00, 0x00, 0x00, 0x00, 0x00, 0x00, 0x00, 0x00, 0x00, 0x00, 0x00, 0x00, 0x24, 0x21, 0xe8, 0x24, 0x21, 0xff,
    0x24, 0x21, 0xff, 0x24, 0x21, 0xff, 0x24, 0x21, 0xff, 0x24, 0x21, 0x7d, 0x24, 0x21, 0xb3, 0x24, 0x21, 0xff, 0x24, 0x21, 0xff, 0x24, 0x21, 0xff,
    0x24, 0x21, 0x35, 0x00, 0x00, 0x00, 0x00, 0x00, 0x00, 0x24, 0x21, 0x1b, 0x24, 0x21, 0xff, 0x24, 0x21, 0xff, 0x24, 0x21, 0xff, 0x24, 0x21, 0x1b,
    0x00, 0x00, 0x00, 0x24, 0x21, 0x4f, 0x24, 0x21, 0xff, 0x24, 0x21, 0xff, 0x24, 0x21, 0xff, 0x24, 0x21, 0x33, 0x00, 0x00, 0x00, 0x24, 0x21, 0x01,
    0x24, 0x21, 0xaa, 0x24, 0x21, 0xf6, 0x24, 0x21, 0xff, 0x24, 0x21, 0xff, 0x24, 0x21, 0xff, 0x24, 0x21, 0xff, 0x24, 0x21, 0xff, 0x24, 0x21, 0xc4,
    0x24, 0x21, 0x4f, 0x24, 0x21, 0x64, 0x24, 0x21, 0xff, 0x24, 0x21, 0xff, 0x24, 0x21, 0xff, 0x24, 0x21, 0x50, 0x00, 0x00, 0x00, 0x00, 0x00, 0x00,
    0x24, 0x21, 0x13, 0x24, 0x21, 0xff, 0x24, 0x21, 0xff, 0x24, 0x21, 0xff, 0x24, 0x21, 0x47, 0x00, 0x00, 0x00, 0x24, 0x21, 0x33, 0x24, 0x21, 0xff,
    0x24, 0x21, 0xff, 0x24, 0x21, 0xff, 0x24, 0x21, 0x56, 0x00, 0x00, 0x00, 0x00, 0x00, 0x00, 0x00, 0x00, 0x00, 0x00, 0x00, 0x00, 0x00, 0x00, 0x00,
    0x00, 0x00, 0x00, 0x00, 0x00, 0x00, 0x00, 0x00, 0x00, 0x00, 0x00, 0x00, 0x00, 0x00, 0x00, 0x00, 0x00, 0x00, 0x24, 0x21, 0x16, 0x24, 0x21, 0xbf,
    0x24, 0x21, 0xff, 0x24, 0x21, 0xff, 0x24, 0x21, 0xff, 0x24, 0x21, 0xff, 0x24, 0x21, 0x4e, 0x00, 0x00, 0x00, 0x00, 0x00, 0x00, 0x00, 0x00, 0x00,
    0x00, 0x00, 0x00, 0x00, 0x00, 0x00, 0x00, 0x00, 0x00, 0x00, 0x00, 0x00, 0x00, 0x00, 0x00, 0x00, 0x00, 0x00, 0x24, 0x21, 0xdf, 0x24, 0x21, 0xff,
    0x24, 0x21, 0xff, 0x24, 0x21, 0xc7, 0x00, 0x00, 0x00, 0x00, 0x00, 0x00, 0x00, 0x00, 0x00, 0x00, 0x00, 0x00, 0x00, 0x00, 0x00, 0x00, 0x00, 0x00,
    0x00, 0x00, 0x00, 0x00, 0x00, 0x00, 0x24, 0x21, 0x24, 0x24, 0x21, 0xd4, 0x24, 0x21, 0xff, 0x24, 0x21, 0xff, 0x24, 0x21, 0xff, 0x24, 0x21, 0xa7,
    0x00, 0x00, 0x00, 0x24, 0x21, 0x0d, 0x24, 0x21, 0xda, 0x24, 0x21, 0x70, 0x00, 0x00, 0x00, 0x00, 0x00, 0x00, 0x24, 0x21, 0xfb, 0x24, 0x21, 0xff,
    0x24, 0x21, 0xff, 0x24, 0x21, 0xff, 0x24, 0x21, 0xff, 0x24, 0x21, 0xff, 0x24, 0x21, 0xff, 0x24, 0x21, 0xff, 0x24, 0x21, 0xff, 0x24, 0x21, 0xff,
    0x24, 0x21, 0xff, 0x24, 0x21, 0xff, 0x24, 0x21, 0xff, 0x24, 0x21, 0x8f, 0x00, 0x00, 0x00, 0x00, 0x00, 0x00, 0x00, 0x00, 0x00, 0x00, 0x00, 0x00,
    0x00, 0x00, 0x00, 0x24, 0x21, 0x30, 0x24, 0x21, 0xff, 0x24, 0x21, 0xff, 0x24, 0x21, 0xff, 0x24, 0x21, 0xfe, 0x24, 0x21, 0x6e, 0x24, 0x21, 0x1d,
    0x24, 0x21, 0xfb, 0x24, 0x21, 0xff, 0x24, 0x21, 0xff, 0x24, 0x21, 0xf3, 0x24, 0x21, 0x05, 0x00, 0x00, 0x00, 0x00, 0x00, 0x00, 0x24, 0x21, 0x0d,
    0x24, 0x21, 0x7f, 0x24, 0x21, 0x7f, 0x24, 0x21, 0x7f, 0x24, 0x21, 0x0d, 0x00, 0x00, 0x00, 0x24, 0x21, 0x4f, 0x24, 0x21, 0xff, 0x24, 0x21, 0xff,
    0x24, 0x21, 0xff, 0x24, 0x21, 0x33, 0x00, 0x00, 0x00, 0x00, 0x00, 0x00, 0x24, 0x21, 0xcd, 0x24, 0x21, 0xff, 0x24, 0x21, 0xff, 0x24, 0x21, 0xff,
    0x24, 0x21, 0xfd, 0x24, 0x21, 0xae, 0x24, 0x21, 0x39, 0x00, 0x00, 0x00, 0x24, 0x21, 0x3f, 0x24, 0x21, 0xf8, 0x24, 0x21, 0xff, 0x24, 0x21, 0xff,
    0x24, 0x21, 0xa1, 0x24, 0x21, 0x01, 0x00, 0x00, 0x00, 0x00, 0x00, 0x00, 0x24, 0x21, 0x21, 0x24, 0x21, 0xff, 0x24, 0x21, 0xff, 0x24, 0x21, 0xff,
    0x24, 0x21, 0x46, 0x00, 0x00, 0x00, 0x00, 0x00, 0x00, 0x24, 0x21, 0xb7, 0x24, 0x21, 0xff, 0x24, 0x21, 0xff, 0x24, 0x21, 0xd5, 0x24, 0x21, 0x01,
    0x00, 0x00, 0x00, 0x00, 0x00, 0x00, 0x00, 0x00, 0x00, 0x00, 0x00, 0x00, 0x00, 0x00, 0x00, 0x00, 0x00, 0x00, 0x00, 0x00, 0x00, 0x00, 0x00, 0x00,
    0x00, 0x00, 0x00, 0x24, 0x21, 0x37, 0x24, 0x21, 0xe4, 0x24, 0x21, 0xff, 0x24, 0x21, 0xff, 0x24, 0x21, 0xff, 0x24, 0x21, 0xff, 0x24, 0x21, 0x9a,
    0x00, 0x00, 0x00, 0x00, 0x00, 0x00, 0x00, 0x00, 0x00, 0x00, 0x00, 0x00, 0x00, 0x00, 0x00, 0x00, 0x00, 0x00, 0x00, 0x00, 0x00, 0x00, 0x00, 0x00,
    0x00, 0x00, 0x00, 0x00, 0x00, 0x00, 0x24, 0x21, 0xdf, 0x24, 0x21, 0xff, 0x24, 0x21, 0xff, 0x24, 0x21, 0xc7, 0x00, 0x00, 0x00, 0x00, 0x00, 0x00,
    0x00, 0x00, 0x00, 0x00, 0x00, 0x00, 0x00, 0x00, 0x00, 0x00, 0x00, 0x00, 0x00, 0x00, 0x00, 0x24, 0x21, 0x07, 0x24, 0x21, 0xe3, 0x24, 0x21, 0xff,
    0x24, 0x21, 0xff, 0x24, 0x21, 0xff, 0x24, 0x21, 0xde, 0x24, 0x21, 0x0e, 0x00, 0x00, 0x00, 0x00, 0x00, 0x00, 0x24, 0x21, 0x20, 0x24, 0x21, 0x01,
    0x00, 0x00, 0x00, 0x00, 0x00, 0x00, 0x24, 0x21, 0xfb, 0x24, 0x21, 0xff, 0x24, 0x21, 0xff, 0x24, 0x21, 0xff, 0x24, 0x21, 0xff, 0x24, 0x21, 0xff,
    0x24, 0x21, 0xff, 0x24, 0x21, 0xff, 0x24, 0x21, 0xff, 0x24, 0x21, 0xff, 0x24, 0x21, 0xff, 0x24, 0x21, 0xff, 0x24, 0x21, 0xff, 0x24, 0x21, 0x8f,
    0x00, 0x00, 0x00, 0x00, 0x00, 0x00, 0x00, 0x00, 0x00, 0x00, 0x00, 0x00, 0x24, 0x21, 0x06, 0x24, 0x21, 0xd1, 0x24, 0x21, 0xff, 0x24, 0x21, 0xff,
    0x24, 0x21, 0xfd, 0x24, 0x21, 0x62, 0x00, 0x00, 0x00, 0x24, 0x21, 0x9d, 0x24, 0x21, 0xff, 0x24, 0x21, 0xff, 0x24, 0x21, 0xff, 0x24, 0x21, 0x94,
    0x00, 0x00, 0x00, 0x00, 0x00, 0x00, 0x00, 0x00, 0x00, 0x00, 0x00, 0x00, 0x00, 0x00, 0x00, 0x00, 0x00, 0x00, 0x00, 0x00, 0x00, 0x00, 0x00, 0x00,
    0x00, 0x00, 0x00, 0x24, 0x21, 0x4f, 0x24, 0x21, 0xff, 0x24, 0x21, 0xff, 0x24, 0x21, 0xff, 0x24, 0x21, 0x33, 0x00, 0x00, 0x00, 0x00, 0x00, 0x00,
    0x24, 0x21, 0x8f, 0x24, 0x21, 0xff, 0x24, 0x21, 0xf6, 0x24, 0x21, 0x96, 0x24, 0x21, 0x25, 0x00, 0x00, 0x00, 0x00, 0x00, 0x00, 0x00, 0x00, 0x00,
    0x24, 0x21, 0x44, 0x24, 0x21, 0xe7, 0x24, 0x21, 0xff, 0x24, 0x21, 0xd7, 0x24, 0x21, 0x0d, 0x24, 0x21, 0x4e, 0x24, 0x21, 0xff, 0x24, 0x21, 0xfd,
    0x24, 0x21, 0xff, 0x24, 0x21, 0xff, 0x24, 0x21, 0xff, 0x24, 0x21, 0xff, 0x24, 0x21, 0x37, 0x00, 0x00, 0x00, 0x00, 0x00, 0x00, 0x24, 0x21, 0x42,
    0x24, 0x21, 0xff, 0x24, 0x21, 0xf7, 0x24, 0x21, 0x8e, 0x24, 0x21, 0x09, 0x00, 0x00, 0x00, 0x00, 0x00, 0x00, 0x00, 0x00, 0x00, 0x00, 0x00, 0x00,
    0x00, 0x00, 0x00, 0x00, 0x00, 0x00, 0x00, 0x00, 0x00, 0x00, 0x00, 0x00, 0x00, 0x00, 0x00, 0x24, 0x21, 0x42, 0x24, 0x21, 0xef, 0x24, 0x21, 0xff,
    0x24, 0x21, 0xff, 0x24, 0x21, 0xff, 0x24, 0x21, 0xb6, 0x24, 0x21, 0x08, 0x00, 0x00, 0x00, 0x00, 0x00, 0x00, 0x00, 0x00, 0x00, 0x00, 0x00, 0x00,
    0x00, 0x00, 0x00, 0x00, 0x00, 0x00, 0x00, 0x00, 0x00, 0x00, 0x00, 0x00, 0x00, 0x00, 0x00, 0x00, 0x00, 0x00, 0x24, 0x21, 0xdf, 0x24, 0x21, 0xff,
    0x24, 0x21, 0xff, 0x24, 0x21, 0xc7, 0x00, 0x00, 0x00, 0x00, 0x00, 0x00, 0x00, 0x00, 0x00, 0x00, 0x00, 0x00, 0x00, 0x00, 0x00, 0x00, 0x00, 0x00,
    0x00, 0x00, 0x00, 0x00, 0x00, 0x00, 0x24, 0x21, 0x52, 0x24, 0x21, 0xff, 0x24, 0x21, 0xff, 0x24, 0x21, 0xda, 0x24, 0x21, 0x21, 0x00, 0x00, 0x00,
    0x00, 0x00, 0x00, 0x00, 0x00, 0x00, 0x00, 0x00, 0x00, 0x00, 0x00, 0x00, 0x00, 0x00, 0x00, 0x00, 0x00, 0x00, 0x24, 0x21, 0xfb, 0x24, 0x21, 0xff,
    0x24, 0x21, 0xff, 0x24, 0x21, 0xff, 0x24, 0x21, 0xff, 0x24, 0x21, 0xff, 0x24, 0x21, 0xff, 0x24, 0x21, 0xff, 0x24, 0x21, 0xff, 0x24, 0x21, 0xff,
    0x24, 0x21, 0xff, 0x24, 0x21, 0xff, 0x24, 0x21, 0xff, 0x24, 0x21, 0x8f, 0x00, 0x00, 0x00, 0x00, 0x00, 0x00, 0x00, 0x00, 0x00, 0x00, 0x00, 0x00,
    0x00, 0x00, 0x00, 0x24, 0x21, 0x9d, 0x24, 0x21, 0xff, 0x24, 0x21, 0xfc, 0x24, 0x21, 0x5a, 0x00, 0x00, 0x00, 0x24, 0x21, 0x07, 0x24, 0x21, 0xd3,
    0x24, 0x21, 0xff, 0x24, 0x21, 0xff, 0x24, 0x21, 0xfe, 0x24, 0x21, 0x26, 0x00, 0x00, 0x00, 0x00, 0x00, 0x00, 0x00, 0x00, 0x00, 0x00, 0x00, 0x00,
    0x00, 0x00, 0x00, 0x00, 0x00, 0x00, 0x00, 0x00, 0x00, 0x00, 0x00, 0x00, 0x00, 0x00, 0x00, 0x24, 0x21, 0x4f, 0x24, 0x21, 0xff, 0x24, 0x21, 0xff,
    0x24, 0x21, 0xff, 0x24, 0x21, 0x33, 0x00, 0x00, 0x00, 0x00, 0x00, 0x00, 0x24, 0x21, 0x44, 0x24, 0x21, 0x7e, 0x24, 0x21, 0x14, 0x00, 0x00, 0x00,
    0x00, 0x00, 0x00, 0x00, 0x00, 0x00, 0x00, 0x00, 0x00, 0x00, 0x00, 0x00, 0x00, 0x00, 0x00, 0x24, 0x21, 0x19, 0x24, 0x21, 0xb4, 0x24, 0x21, 0x21,
    0x00, 0x00, 0x00, 0x24, 0x21, 0x04, 0x24, 0x21, 0xed, 0x24, 0x21, 0xff, 0x24, 0x21, 0xff, 0x24, 0x21, 0xff, 0x24, 0x21, 0xff, 0x24, 0x21, 0xea,
    0x24, 0x21, 0x08, 0x00, 0x00, 0x00, 0x00, 0x00, 0x00, 0x00, 0x00, 0x00, 0x24, 0x21, 0x7f, 0x24, 0x21, 0x1b, 0x00, 0x00, 0x00, 0x00, 0x00, 0x00,
    0x00, 0x00, 0x00, 0x00, 0x00, 0x00, 0x00, 0x00, 0x00, 0x00, 0x00, 0x00, 0x00, 0x00, 0x00, 0x00, 0x00, 0x00, 0x00, 0x00, 0x00, 0x00, 0x00, 0x00,
    0x00, 0x00, 0x00, 0x00, 0x00, 0x00, 0x24, 0x21, 0x2a, 0x24, 0x21, 0xeb, 0x24, 0x21, 0xff, 0x24, 0x21, 0xa2, 0x24, 0x21, 0x06, 0x00, 0x00, 0x00,
    0x00, 0x00, 0x00, 0x00, 0x00, 0x00, 0x00, 0x00, 0x00, 0x00, 0x00, 0x00, 0x00, 0x00, 0x00, 0x00, 0x00, 0x00, 0x00, 0x00, 0x00, 0x00, 0x00, 0x00,
    0x00, 0x00, 0x00, 0x00, 0x00, 0x00, 0x24, 0x21, 0xdf, 0x24, 0x21, 0xff, 0x24, 0x21, 0xff, 0x24, 0x21, 0xc7, 0x00, 0x00, 0x00, 0x00, 0x00, 0x00,
    0x00, 0x00, 0x00, 0x00, 0x00, 0x00, 0x00, 0x00, 0x00, 0x00, 0x00, 0x00, 0x00, 0x00, 0x00, 0x00, 0x00, 0x00, 0x00, 0x00, 0x00, 0x24, 0x21, 0xab,
    0x24, 0x21, 0xcb, 0x24, 0x21, 0x15, 0x00, 0x00, 0x00, 0x00, 0x00, 0x00, 0x00, 0x00, 0x00, 0x00, 0x00, 0x00, 0x00, 0x00, 0x00, 0x00, 0x00, 0x00,
    0x00, 0x00, 0x00, 0x00, 0x00, 0x00, 0x24, 0x21, 0xfb, 0x24, 0x21, 0xff, 0x24, 0x21, 0xff, 0x24, 0x21, 0x38, 0x24, 0x21, 0x13, 0x24, 0x21, 0x13,
    0x24, 0x21, 0x13, 0x24, 0x21, 0x13, 0x24, 0x21, 0x13, 0x24, 0x21, 0x13, 0x24, 0x21, 0xc4, 0x24, 0x21, 0xff, 0x24, 0x21, 0xff, 0x24, 0x21, 0x8f,
    0x00, 0x00, 0x00, 0x00, 0x00, 0x00, 0x00, 0x00, 0x00, 0x00, 0x00, 0x00, 0x00, 0x00, 0x00, 0x24, 0x21, 0x07, 0x24, 0x21, 0xdb, 0x24, 0x21, 0x61,
    0x00, 0x00, 0x00, 0x00, 0x00, 0x00, 0x00, 0x00, 0x00, 0x24, 0x21, 0x02, 0x24, 0x21, 0x5e, 0x24, 0x21, 0xeb, 0x24, 0x21, 0xb4, 0x00, 0x00, 0x00,
    0x00, 0x00, 0x00, 0x00, 0x00, 0x00, 0x00, 0x00, 0x00, 0x00, 0x00, 0x00, 0x00, 0x00, 0x00, 0x00, 0x00, 0x00, 0x00, 0x00, 0x00, 0x00, 0x00, 0x00,
    0x00, 0x00, 0x00, 0x24, 0x21, 0x4f, 0x24, 0x21, 0xff, 0x24, 0x21, 0xff, 0x24, 0x21, 0xff, 0x24, 0x21, 0x33, 0x00, 0x00, 0x00, 0x00, 0x00, 0x00,
    0x00, 0x00, 0x00, 0x00, 0x00, 0x00, 0x00, 0x00, 0x00, 0x00, 0x00, 0x00, 0x00, 0x00, 0x00, 0x00, 0x00, 0x00, 0x00, 0x00, 0x00, 0x00, 0x00, 0x00,
    0x00, 0x00, 0x00, 0x00, 0x00, 0x00, 0x00, 0x00, 0x00, 0x00, 0x00, 0x00, 0x00, 0x00, 0x00, 0x00, 0x00, 0x00, 0x24, 0x21, 0xb0, 0x24, 0x21, 0xff,
    0x24, 0x21, 0xff, 0x24, 0x21, 0xe9, 0x24, 0x21, 0xac, 0x24, 0x21, 0x31, 0x00, 0x00, 0x00, 0x00, 0x00, 0x00, 0x00, 0x00, 0x00, 0x00, 0x00, 0x00,
    0x00, 0x00, 0x00, 0x00, 0x00, 0x00, 0x00, 0x00, 0x00, 0x00, 0x00, 0x00, 0x00, 0x00, 0x00, 0x00, 0x00, 0x00, 0x00, 0x00, 0x00, 0x00, 0x00, 0x00,
    0x00, 0x00, 0x00, 0x00, 0x00, 0x00, 0x00, 0x00, 0x00, 0x00, 0x00, 0x00, 0x00, 0x00, 0x00, 0x00, 0x00, 0x00, 0x00, 0x00, 0x00, 0x24, 0x21, 0x34,
    0x24, 0x21, 0x61, 0x00, 0x00, 0x00, 0x00, 0x00, 0x00, 0x00, 0x00, 0x00, 0x00, 0x00, 0x00, 0x00, 0x00, 0x00, 0x00, 0x00, 0x00, 0x00, 0x00, 0x00,
    0x00, 0x00, 0x00, 0x00, 0x00, 0x00, 0x00, 0x00, 0x00, 0x00, 0x00, 0x00, 0x00, 0x00, 0x00, 0x00, 0x00, 0x00, 0x24, 0x21, 0x88, 0x24, 0x21, 0x9b,
    0x24, 0x21, 0x9b, 0x24, 0x21, 0x79, 0x00, 0x00, 0x00, 0x00, 0x00, 0x00, 0x00, 0x00, 0x00, 0x00, 0x00, 0x00, 0x00, 0x00, 0x00, 0x00, 0x00, 0x00,
    0x00, 0x00, 0x00, 0x00, 0x00, 0x00, 0x00, 0x00, 0x00, 0x24, 0x21, 0x1a, 0x24, 0x21, 0x0c, 0x00, 0x00, 0x00, 0x00, 0x00, 0x00, 0x00, 0x00, 0x00,
    0x00, 0x00, 0x00, 0x00, 0x00, 0x00, 0x00, 0x00, 0x00, 0x00, 0x00, 0x00, 0x00, 0x00, 0x00, 0x00, 0x00, 0x00, 0x24, 0x21, 0x72, 0x24, 0x21, 0x73,
    0x24, 0x21, 0x73, 0x24, 0x21, 0x12, 0x00, 0x00, 0x00, 0x00, 0x00, 0x00, 0x00, 0x00, 0x00, 0x00, 0x00, 0x00, 0x00, 0x00, 0x00, 0x00, 0x00, 0x00,
    0x24, 0x21, 0x50, 0x24, 0x21, 0x6b, 0x24, 0x21, 0x6b, 0x24, 0x21, 0x3c, 0x00, 0x00, 0x00, 0x00, 0x00, 0x00, 0x00, 0x00, 0x00, 0x00, 0x00, 0x00,
    0x00, 0x00, 0x00, 0x00, 0x00, 0x00, 0x24, 0x21, 0x1a, 0x00, 0x00, 0x00, 0x00, 0x00, 0x00, 0x00, 0x00, 0x00, 0x00, 0x00, 0x00, 0x00, 0x00, 0x00,
    0x00, 0x00, 0x00, 0x24, 0x21, 0x16, 0x24, 0x21, 0x2b, 0x00, 0x00, 0x00, 0x00, 0x00, 0x00, 0x00, 0x00, 0x00, 0x00, 0x00, 0x00, 0x00, 0x00, 0x00,
    0x00, 0x00, 0x00, 0x00, 0x00, 0x00, 0x00, 0x00, 0x00, 0x00, 0x00, 0x00, 0x00, 0x00, 0x00, 0x24, 0x21, 0x10, 0x24, 0x21, 0x33, 0x24, 0x21, 0x33,
    0x24, 0x21, 0x33, 0x24, 0x21, 0x0a, 0x00, 0x00, 0x00, 0x00, 0x00, 0x00, 0x00, 0x00, 0x00, 0x00, 0x00, 0x00, 0x00, 0x00, 0x00, 0x00, 0x00, 0x00,
    0x00, 0x00, 0x00, 0x00, 0x00, 0x00, 0x00, 0x00, 0x00, 0x00, 0x00, 0x00, 0x00, 0x00, 0x00, 0x00, 0x00, 0x00, 0x00, 0x00, 0x00, 0x00, 0x00, 0x00,
    0x00, 0x00, 0x00, 0x00, 0x00, 0x00, 0x24, 0x21, 0x0e, 0x24, 0x21, 0x13, 0x24, 0x21, 0x0a, 0x00, 0x00, 0x00, 0x00, 0x00, 0x00, 0x00, 0x00, 0x00,
    0x00, 0x00, 0x00, 0x00, 0x00, 0x00, 0x00, 0x00, 0x00, 0x00, 0x00, 0x00, 0x00, 0x00, 0x00, 0x00, 0x00, 0x00, 0x00, 0x00, 0x00, 0x00, 0x00, 0x00,
    0x00, 0x00, 0x00, 0x00, 0x00, 0x00, 0x00, 0x00, 0x00, 0x00, 0x00, 0x00, 0x00, 0x00, 0x00, 0x00, 0x00, 0x00, 0x00, 0x00, 0x00, 0x00, 0x00, 0x00,
    0x00, 0x00, 0x00, 0x00, 0x00, 0x00, 0x00, 0x00, 0x00, 0x00, 0x00, 0x00, 0x00, 0x00, 0x00, 0x00, 0x00, 0x00, 0x00, 0x00, 0x00, 0x00, 0x00, 0x00,
    0x00, 0x00, 0x00, 0x00, 0x00, 0x00, 0x00, 0x00, 0x00, 0x00, 0x00, 0x00, 0x00, 0x00, 0x00, 0x00, 0x00, 0x00, 0x00, 0x00, 0x00, 0x00, 0x00, 0x00,
    0x00, 0x00, 0x00, 0x00, 0x00, 0x00, 0x00, 0x00, 0x00, 0x00, 0x00, 0x00, 0x00, 0x00, 0x00, 0x00, 0x00, 0x00, 0x00, 0x00, 0x00, 0x00, 0x00, 0x00,
    0x00, 0x00, 0x00, 0x00, 0x00, 0x00, 0x00, 0x00, 0x00, 0x00, 0x00, 0x00, 0x00, 0x00, 0x00, 0x00, 0x00, 0x00, 0x00, 0x00, 0x00, 0x00, 0x00, 0x00,
    0x00, 0x00, 0x00, 0x00, 0x00, 0x00, 0x00, 0x00, 0x00, 0x00, 0x00, 0x00, 0x00, 0x00, 0x00, 0x00, 0x00, 0x00, 0x00, 0x00, 0x00, 0x00, 0x00, 0x00,
    0x00, 0x00, 0x00, 0x00, 0x00, 0x00, 0x00, 0x00, 0x00, 0x00, 0x00, 0x00, 0x00, 0x00, 0x00, 0x00, 0x00, 0x00, 0x00, 0x00, 0x00, 0x00, 0x00, 0x00,
    0x00, 0x00, 0x00, 0x00, 0x00, 0x00, 0x00, 0x00, 0x00, 0x00, 0x00, 0x00, 0x00, 0x00, 0x00, 0x00, 0x00, 0x00, 0x00, 0x00, 0x00, 0x00, 0x00, 0x00,
    0x00, 0x00, 0x00, 0x00, 0x00, 0x00, 0x00, 0x00, 0x00, 0x00, 0x00, 0x00, 0x00, 0x00, 0x00, 0x00, 0x00, 0x00, 0x00, 0x00, 0x00, 0x00, 0x00, 0x00,
    0x00, 0x00, 0x00, 0x00, 0x00, 0x00, 0x00, 0x00, 0x00, 0x00, 0x00, 0x00, 0x00, 0x00, 0x00, 0x00, 0x00, 0x00, 0x00, 0x00, 0x00, 0x00, 0x00, 0x00,
    0x00, 0x00, 0x00, 0x00, 0x00, 0x00, 0x00, 0x00, 0x00, 0x00, 0x00, 0x00, 0x00, 0x00, 0x00, 0x00, 0x00, 0x00, 0x00, 0x00, 0x00, 0x00, 0x00, 0x00,
    0x00, 0x00, 0x00, 0x00, 0x00, 0x00, 0x00, 0x00, 0x00, 0x00, 0x00, 0x00, 0x00, 0x00, 0x00, 0x00, 0x00, 0x00, 0x00, 0x00, 0x00, 0x00, 0x00, 0x00,
    0x00, 0x00, 0x00, 0x00, 0x00, 0x00, 0x00, 0x00, 0x00, 0x00, 0x00, 0x00, 0x00, 0x00, 0x00, 0x00, 0x00, 0x00, 0x00, 0x00, 0x00, 0x00, 0x00, 0x00,
    0x00, 0x00, 0x00, 0x00, 0x00, 0x00, 0x00, 0x00, 0x00, 0x00, 0x00, 0x00, 0x00, 0x00, 0x00, 0x00, 0x00, 0x00, 0x00, 0x00, 0x00, 0x00, 0x00, 0x00,
    0x00, 0x00, 0x00, 0x00, 0x00, 0x00, 0x00, 0x00, 0x00, 0x00, 0x00, 0x00, 0x00, 0x00, 0x00, 0x00, 0x00, 0x00, 0x00, 0x00, 0x00, 0x00, 0x00, 0x00,
    0x00, 0x00, 0x00, 0x00, 0x00, 0x00, 0x00, 0x00, 0x00, 0x00, 0x00, 0x00, 0x00, 0x00, 0x00, 0x00, 0x00, 0x00, 0x00, 0x00, 0x00, 0x00, 0x00, 0x00,
    0x00, 0x00, 0x00, 0x00, 0x00, 0x00, 0x00, 0x00, 0x00, 0x00, 0x00, 0x00, 0x00, 0x00, 0x00, 0x00, 0x00, 0x00, 0x00, 0x00, 0x00, 0x00, 0x00, 0x00,
    0x00, 0x00, 0x00, 0x00, 0x00, 0x00, 0x00, 0x00, 0x00, 0x00, 0x00, 0x00, 0x00, 0x00, 0x00, 0x00, 0x00, 0x00, 0x00, 0x00, 0x00, 0x00, 0x00, 0x00,
    0x00, 0x00, 0x00, 0x00, 0x00, 0x00, 0x00, 0x00, 0x00, 0x00, 0x00, 0x00, 0x00, 0x00, 0x00, 0x00, 0x00, 0x00, 0x00, 0x00, 0x00, 0x00, 0x00, 0x00,
    0x00, 0x00, 0x00, 0x00, 0x00, 0x00, 0x00, 0x00, 0x00, 0x00, 0x00, 0x00, 0x00, 0x00, 0x00, 0x00, 0x00, 0x00, 0x00, 0x00, 0x00, 0x00, 0x00, 0x00,
    0x00, 0x00, 0x00, 0x00, 0x00, 0x00, 0x00, 0x00, 0x00, 0x00, 0x00, 0x00, 0x00, 0x00, 0x00, 0x00, 0x00, 0x00, 0x00, 0x00, 0x00, 0x00, 0x00, 0x00,
    0x00, 0x00, 0x00, 0x00, 0x00, 0x00, 0x00, 0x00, 0x00, 0x00, 0x00, 0x00, 0x00, 0x00, 0x00, 0x00, 0x00, 0x00, 0x00, 0x00, 0x00, 0x00, 0x00, 0x00,
    0x00, 0x00, 0x00, 0x00, 0x00, 0x00, 0x00, 0x00, 0x00, 0x00, 0x00, 0x00, 0x00, 0x00, 0x00, 0x00, 0x00, 0x00, 0x00, 0x00, 0x00, 0x00, 0x00, 0x00,
    0x00, 0x00, 0x00, 0x00, 0x00, 0x00, 0x00, 0x00, 0x00, 0x00, 0x00, 0x00, 0x00, 0x00, 0x00, 0x00, 0x00, 0x00, 0x00, 0x00, 0x00, 0x00, 0x00, 0x00,
    0x00, 0x00, 0x00, 0x00, 0x00, 0x00, 0x00, 0x00, 0x00, 0x00, 0x00, 0x00, 0x00, 0x00, 0x00, 0x00, 0x00, 0x00, 0x00, 0x00, 0x00, 0x00, 0x00, 0x00,
    0x00, 0x00, 0x00, 0x00, 0x00, 0x00, 0x00, 0x00, 0x00, 0x00, 0x00, 0x00, 0x00, 0x00, 0x00, 0x00, 0x00, 0x00, 0x00, 0x00, 0x00, 0x00, 0x00, 0x00,
    0x00, 0x00, 0x00, 0x00, 0x00, 0x00, 0x00, 0x00, 0x00, 0x00, 0x00, 0x00, 0x00, 0x00, 0x00, 0x00, 0x00, 0x00, 0x00, 0x00, 0x00, 0x00, 0x00, 0x00,
    0x00, 0x00, 0x00, 0x00, 0x00, 0x00, 0x00, 0x00, 0x00, 0x00, 0x00, 0x00, 0x00, 0x00, 0x00, 0x00, 0x00, 0x00, 0x00, 0x00, 0x00, 0x00, 0x00, 0x00,
    0x00, 0x00, 0x00, 0x00, 0x00, 0x00, 0x00, 0x00, 0x00, 0x00, 0x00, 0x00, 0x00, 0x00, 0x00, 0x00, 0x00, 0x00, 0x00, 0x00, 0x00, 0x00, 0x00, 0x00,
    0x00, 0x00, 0x00, 0x00, 0x00, 0x00, 0x00, 0x00, 0x00, 0x00, 0x00, 0x00, 0x00, 0x00, 0x00, 0x00, 0x00, 0x00, 0x00, 0x00, 0x00, 0x00, 0x00, 0x00,
    0x00, 0x00, 0x00, 0x00, 0x00, 0x00, 0x00, 0x00, 0x00, 0x00, 0x00, 0x00, 0x00, 0x00, 0x00, 0x00, 0x00, 0x00, 0x00, 0x00, 0x00, 0x00, 0x00, 0x00,
    0x00, 0x00, 0x00, 0x00, 0x00, 0x00, 0x00, 0x00, 0x00, 0x00, 0x00, 0x00, 0x00, 0x00, 0x00, 0x00, 0x00, 0x00, 0x00, 0x00, 0x00, 0x00, 0x00, 0x00,
    0x00, 0x00, 0x00, 0x00, 0x00, 0x00, 0x00, 0x00, 0x00, 0x00, 0x00, 0x00, 0x00, 0x00, 0x00, 0x00, 0x00, 0x00, 0x00, 0x00, 0x00, 0x00, 0x00, 0x00,
    0x00, 0x00, 0x00, 0x00, 0x00, 0x00, 0x00, 0x00, 0x00, 0x00, 0x00, 0x00, 0x00, 0x00, 0x00, 0x00, 0x00, 0x00, 0x00, 0x00, 0x00, 0x00, 0x00, 0x00,
    0x00, 0x00, 0x00, 0x00, 0x00, 0x00, 0x00, 0x00, 0x00, 0x00, 0x00, 0x00, 0x00, 0x00, 0x00, 0x00, 0x00, 0x00, 0x00, 0x00, 0x00, 0x00, 0x00, 0x00,
    0x00, 0x00, 0x00, 0x00, 0x00, 0x00, 0x00, 0x00, 0x00, 0x00, 0x00, 0x00, 0x00, 0x00, 0x00, 0x00, 0x00, 0x00, 0x00, 0x00, 0x00, 0x00, 0x00, 0x00,
    0x00, 0x00, 0x00, 0x00, 0x00, 0x00, 0x00, 0x00, 0x00, 0x00, 0x00, 0x00, 0x00, 0x00, 0x00, 0x00, 0x00, 0x00, 0x00, 0x00, 0x00, 0x00, 0x00, 0x00,
    0x00, 0x00, 0x00, 0x00, 0x00, 0x00, 0x00, 0x00, 0x00, 0x00, 0x00, 0x00, 0x00, 0x00, 0x00, 0x00, 0x00, 0x00, 0x00, 0x00, 0x00, 0x00, 0x00, 0x00,
    0x00, 0x00, 0x00, 0x00, 0x00, 0x00, 0x00, 0x00, 0x00, 0x00, 0x00, 0x00, 0x00, 0x00, 0x00, 0x00, 0x00, 0x00, 0x00, 0x00, 0x00, 0x00, 0x00, 0x00,
    0x00, 0x00, 0x00, 0x00, 0x00, 0x00, 0x00, 0x00, 0x00, 0x00, 0x00, 0x00, 0x00, 0x00, 0x00, 0x00, 0x00, 0x00, 0x00, 0x00, 0x00, 0x00, 0x00, 0x00,
    0x00, 0x00, 0x00, 0x00, 0x00, 0x00, 0x00, 0x00, 0x00, 0x00, 0x00, 0x00, 0x00, 0x00, 0x00, 0x00, 0x00, 0x00, 0x00, 0x00, 0x00, 0x00, 0x00, 0x00,
    0x00, 0x00, 0x00, 0x00, 0x00, 0x00, 0x00, 0x00, 0x00, 0x00, 0x00, 0x00, 0x00, 0x00, 0x00, 0x00, 0x00, 0x00, 0x00, 0x00, 0x00, 0x00, 0x00, 0x00,
    0x00, 0x00, 0x00, 0x00, 0x00, 0x00, 0x00, 0x00, 0x00, 0x00, 0x00, 0x00, 0x00, 0x00, 0x00, 0x00, 0x00, 0x00, 0x00, 0x00, 0x00, 0x00, 0x00, 0x00,
    0x00, 0x00, 0x00, 0x00, 0x00, 0x00, 0x00, 0x00, 0x00, 0x00, 0x00, 0x00, 0x00, 0x00, 0x00, 0x00, 0x00, 0x00, 0x00, 0x00, 0x00, 0x00, 0x00, 0x00,
    0x00, 0x00, 0x00, 0x00, 0x00, 0x00, 0x00, 0x00, 0x00, 0x00, 0x00, 0x00, 0x00, 0x00, 0x00, 0x00, 0x00, 0x00, 0x00, 0x00, 0x00, 0x00, 0x00, 0x00,
    0x00, 0x00, 0x00, 0x00, 0x00, 0x00, 0x00, 0x00, 0x00, 0x00, 0x00, 0x00, 0x00, 0x00, 0x00, 0x00, 0x00, 0x00, 0x00, 0x00, 0x00, 0x00, 0x00, 0x00,
    0x00, 0x00, 0x00, 0x00, 0x00, 0x00, 0x00, 0x00, 0x00, 0x00, 0x00, 0x00, 0x00, 0x00, 0x00, 0x00, 0x00, 0x00, 0x00, 0x00, 0x00, 0x00, 0x00, 0x00,
    0x00, 0x00, 0x00, 0x00, 0x00, 0x00, 0x00, 0x00, 0x00, 0x00, 0x00, 0x00, 0x00, 0x00, 0x00, 0x00, 0x00, 0x00, 0x00, 0x00, 0x00, 0x00, 0x00, 0x00,
    0x00, 0x00, 0x00, 0x00, 0x00, 0x00, 0x00, 0x00, 0x00, 0x00, 0x00, 0x00, 0x00, 0x00, 0x00, 0x00, 0x00, 0x00, 0x00, 0x00, 0x00, 0x00, 0x00, 0x00,
    0x00, 0x00, 0x00, 0x00, 0x00, 0x00, 0x00, 0x00, 0x00, 0x00, 0x00, 0x00, 0x00, 0x00, 0x00, 0x00, 0x00, 0x00, 0x00, 0x00, 0x00, 0x00, 0x00, 0x00,
    0x00, 0x00, 0x00, 0x00, 0x00, 0x00, 0x00, 0x00, 0x00, 0x00, 0x00, 0x00, 0x00, 0x00, 0x00, 0x00, 0x00, 0x00, 0x00, 0x00, 0x00, 0x00, 0x00, 0x00,
    0x00, 0x00, 0x00, 0x00, 0x00, 0x00, 0x00, 0x00, 0x00, 0x00, 0x00, 0x00, 0x00, 0x00, 0x00, 0x00, 0x00, 0x00, 0x00, 0x00, 0x00, 0x00, 0x00, 0x00,
    0x00, 0x00, 0x00, 0x00, 0x00, 0x00, 0x00, 0x00, 0x00, 0x00, 0x00, 0x00, 0x00, 0x00, 0x00, 0x00, 0x00, 0x00, 0x00, 0x00, 0x00, 0x00, 0x00, 0x00,
    0x00, 0x00, 0x00, 0x00, 0x00, 0x00, 0x00, 0x00, 0x00, 0x00, 0x00, 0x00, 0x00, 0x00, 0x00, 0x00, 0x00, 0x00, 0x00, 0x00, 0x00, 0x00, 0x00, 0x00,
    0x00, 0x00, 0x00, 0x00, 0x00, 0x00, 0x00, 0x00, 0x00, 0x00, 0x00, 0x00, 0x00, 0x00, 0x00, 0x00, 0x00, 0x00, 0x00, 0x00, 0x00, 0x00, 0x00, 0x00,
    0x00, 0x00, 0x00, 0x00, 0x00, 0x00, 0x00, 0x00, 0x00, 0x00, 0x00, 0x00, 0x00, 0x00, 0x00, 0x00, 0x00, 0x00, 0x00, 0x00, 0x00, 0x00, 0x00, 0x00,
    0x00, 0x00, 0x00, 0x00, 0x00, 0x00, 0x00, 0x00, 0x00, 0x00, 0x00, 0x00, 0x00, 0x00, 0x00, 0x00, 0x00, 0x00, 0x00, 0x00, 0x00, 0x00, 0x00, 0x00,
    0x00, 0x00, 0x00, 0x00, 0x00, 0x00, 0x00, 0x00, 0x00, 0x00, 0x00, 0x00, 0x00, 0x00, 0x00, 0x00, 0x00, 0x00, 0x00, 0x00, 0x00, 0x00, 0x00, 0x00,
    0x00, 0x00, 0x00, 0x00, 0x00, 0x00, 0x00, 0x00, 0x00, 0x00, 0x00, 0x00, 0x00, 0x00, 0x00, 0x00, 0x00, 0x00, 0x00, 0x00, 0x00, 0x00, 0x00, 0x00,
    0x00, 0x00, 0x00, 0x00, 0x00, 0x00, 0x00, 0x00, 0x00, 0x00, 0x00, 0x00, 0x00, 0x00, 0x00, 0x00, 0x00, 0x00, 0x00, 0x00, 0x00, 0x00, 0x00, 0x00,
    0x00, 0x00, 0x00, 0x00, 0x00, 0x00, 0x00, 0x00, 0x00, 0x00, 0x00, 0x00, 0x00, 0x00, 0x00, 0x00, 0x00, 0x00, 0x00, 0x00, 0x00, 0x00, 0x00, 0x00,
    0x00, 0x00, 0x00, 0x00, 0x00, 0x00, 0x00, 0x00, 0x00, 0x00, 0x00, 0x00, 0x00, 0x00, 0x00, 0x00, 0x00, 0x00, 0x00, 0x00, 0x00, 0x00, 0x00, 0x00,
    0x00, 0x00, 0x00, 0x00, 0x00, 0x00, 0x00, 0x00, 0x00, 0x00, 0x00, 0x00,
};
const lv_img_dsc_t voice_recognized = {
    .header.always_zero = 0,
    .header.w = 124,
    .header.h = 37,
    .data_size = 13764,
    .header.cf = LV_IMG_CF_TRUE_COLOR_ALPHA,
    .data = voice_recognized_map,
};

#ifndef LV_ATTRIBUTE_IMG_VOICE_REPLY
#define LV_ATTRIBUTE_IMG_VOICE_REPLY
#endif
const LV_ATTRIBUTE_MEM_ALIGN LV_ATTRIBUTE_LARGE_CONST LV_ATTRIBUTE_IMG_VOICE_REPLY uint8_t voice_reply_map[] = {
    0x00, 0x00, 0x00, 0x00, 0x00, 0x00, 0x00, 0x00, 0x00, 0x00, 0x00, 0x00, 0x00, 0x00, 0x00, 0x00, 0x00, 0x00, 0x00, 0x00, 0x00, 0x00, 0x00, 0x00,
    0x00, 0x00, 0x00, 0x00, 0x00, 0x00, 0x00, 0x00, 0x00, 0x00, 0x00, 0x00, 0x00, 0x00, 0x00, 0x00, 0x00, 0x00, 0x00, 0x00, 0x00, 0x00, 0x00, 0x00,
    0x00, 0x00, 0x00, 0x00, 0x00, 0x00, 0x00, 0x00, 0x00, 0x00, 0x00, 0x00, 0x00, 0x00, 0x00, 0x00, 0x00, 0x00, 0x00, 0x00, 0x00, 0x00, 0x00, 0x00,
    0x00, 0x00, 0x00, 0x00, 0x00, 0x00, 0x00, 0x00, 0x00, 0x00, 0x00, 0x00, 0x00, 0x00, 0x00, 0x00, 0x00, 0x00, 0x00, 0x00, 0x00, 0x00, 0x00, 0x00,
    0x00, 0x00, 0x00, 0x00, 0x00, 0x00, 0x00, 0x00, 0x00, 0x00, 0x00, 0x00, 0x00, 0x00, 0x00, 0x00, 0x00, 0x00, 0x00, 0x00, 0x00, 0x00, 0x00, 0x00,
    0x00, 0x00, 0x00, 0x00, 0x00, 0x00, 0x00, 0x00, 0x00, 0x00, 0x00, 0x00, 0x00, 0x00, 0x00, 0x00, 0x00, 0x00, 0x00, 0x00, 0x00, 0x00, 0x00, 0x00,
    0x00, 0x00, 0x00, 0x00, 0x00, 0x00, 0x00, 0x00, 0x00, 0x00, 0x00, 0x00, 0x00, 0x00, 0x00, 0x00, 0x00, 0x00, 0x00, 0x00, 0x00, 0x00, 0x00, 0x00,
    0x00, 0x00, 0x00, 0x00, 0x00, 0x00, 0x00, 0x00, 0x00, 0x00, 0x00, 0x00, 0x00, 0x00, 0x00, 0x00, 0x00, 0x00, 0x00, 0x00, 0x00, 0x00, 0x00, 0x00,
    0x00, 0x00, 0x00, 0x00, 0x00, 0x00, 0x00, 0x00, 0x00, 0x00, 0x00, 0x00, 0x00, 0x00, 0x00, 0x00, 0x00, 0x00, 0x00, 0x00, 0x00, 0x00, 0x00, 0x00,
    0x00, 0x00, 0x00, 0x00, 0x00, 0x00, 0x00, 0x00, 0x00, 0x00, 0x00, 0x00, 0x00, 0x00, 0x00, 0x00, 0x00, 0x00, 0x00, 0x00, 0x00, 0x00, 0x00, 0x00,
    0x00, 0x00, 0x00, 0x00, 0x00, 0x00, 0x00, 0x00, 0x00, 0x00, 0x00, 0x00, 0x00, 0x00, 0x00, 0x00, 0x00, 0x00, 0x00, 0x00, 0x00, 0x00, 0x00, 0x00,
    0x00, 0x00, 0x00, 0x00, 0x00, 0x00, 0x00, 0x00, 0x00, 0x00, 0x00, 0x00, 0x00, 0x00, 0x00, 0x00, 0x00, 0x00, 0x00, 0x00, 0x00, 0x00, 0x00, 0x00,
    0x00, 0x00, 0x00, 0x00, 0x00, 0x00, 0x00, 0x00, 0x00, 0x00, 0x00, 0x00, 0x00, 0x00, 0x00, 0x00, 0x00, 0x00, 0x00, 0x00, 0x00, 0x00, 0x00, 0x00,
    0x00, 0x00, 0x00, 0x00, 0x00, 0x00, 0x00, 0x00, 0x00, 0x00, 0x00, 0x00, 0x00, 0x00, 0x00, 0x00, 0x00, 0x00, 0x00, 0x00, 0x00, 0x00, 0x00, 0x00,
    0x00, 0x00, 0x00, 0x00, 0x00, 0x00, 0x00, 0x00, 0x00, 0x00, 0x00, 0x00, 0x00, 0x00, 0x00, 0x00, 0x00, 0x00, 0x00, 0x00, 0x00, 0x00, 0x00, 0x00,
    0x00, 0x00, 0x00, 0x00, 0x00, 0x00, 0x00, 0x00, 0x00, 0x00, 0x00, 0x00, 0x00, 0x00, 0x00, 0x00, 0x00, 0x00, 0x00, 0x00, 0x00, 0x00, 0x00, 0x00,
    0x00, 0x00, 0x00, 0x00, 0x00, 0x00, 0x00, 0x00, 0x00, 0x00, 0x00, 0x00, 0x00, 0x00, 0x00, 0x00, 0x00, 0x00, 0x00, 0x00, 0x00, 0x00, 0x00, 0x00,
    0x00, 0x00, 0x00, 0x00, 0x00, 0x00, 0x00, 0x00, 0x00, 0x00, 0x00, 0x00, 0x00, 0x00, 0x00, 0x00, 0x00, 0x00, 0x00, 0x00, 0x00, 0x00, 0x00, 0x00,
    0x00, 0x00, 0x00, 0x00, 0x00, 0x00, 0x00, 0x00, 0x00, 0x00, 0x00, 0x00, 0x00, 0x00, 0x00, 0x00, 0x00, 0x00, 0x00, 0x00, 0x00, 0x00, 0x00, 0x00,
    0x00, 0x00, 0x00, 0x00, 0x00, 0x00, 0x00, 0x00, 0x00, 0x00, 0x00, 0x00, 0x00, 0x00, 0x00, 0x00, 0x00, 0x00, 0x00, 0x00, 0x00, 0x00, 0x00, 0x00,
    0x00, 0x00, 0x00, 0x00, 0x00, 0x00, 0x00, 0x00, 0x00, 0x00, 0x00, 0x00, 0x00, 0x00, 0x00, 0x00, 0x00, 0x00, 0x00, 0x00, 0x00, 0x00, 0x00, 0x00,
    0x00, 0x00, 0x00, 0x00, 0x00, 0x00, 0x00, 0x00, 0x00, 0x00, 0x00, 0x00, 0x00, 0x00, 0x00, 0x00, 0x00, 0x00, 0x00, 0x00, 0x00, 0x00, 0x00, 0x00,
    0x00, 0x00, 0x00, 0x00, 0x00, 0x00, 0x00, 0x00, 0x00, 0x00, 0x00, 0x00, 0x00, 0x00, 0x00, 0x00, 0x00, 0x00, 0x00, 0x00, 0x00, 0x00, 0x00, 0x00,
    0x00, 0x00, 0x00, 0x00, 0x00, 0x00, 0x00, 0x00, 0x00, 0x00, 0x00, 0x00, 0x00, 0x00, 0x00, 0x00, 0x00, 0x00, 0x00, 0x00, 0x00, 0x00, 0x00, 0x00,
    0x00, 0x00, 0x00, 0x00, 0x00, 0x00, 0x00, 0x00, 0x00, 0x00, 0x00, 0x00, 0x00, 0x00, 0x00, 0x00, 0x00, 0x00, 0x00, 0x00, 0x00, 0x00, 0x00, 0x00,
    0x00, 0x00, 0x00, 0x00, 0x00, 0x00, 0x00, 0x00, 0x00, 0x00, 0x00, 0x00, 0x00, 0x00, 0x00, 0x00, 0x00, 0x00, 0x00, 0x00, 0x00, 0x00, 0x00, 0x00,
    0x00, 0x00, 0x00, 0x00, 0x00, 0x00, 0x00, 0x00, 0x00, 0x00, 0x00, 0x00, 0x00, 0x00, 0x00, 0x00, 0x00, 0x00, 0x00, 0x00, 0x00, 0x00, 0x00, 0x00,
    0x00, 0x00, 0x00, 0x00, 0x00, 0x00, 0x00, 0x00, 0x00, 0x00, 0x00, 0x00, 0x00, 0x00, 0x00, 0x00, 0x00, 0x00, 0x00, 0x00, 0x00, 0x00, 0x00, 0x00,
    0x00, 0x00, 0x00, 0x00, 0x00, 0x00, 0x00, 0x00, 0x00, 0x00, 0x00, 0x00, 0x00, 0x00, 0x00, 0x00, 0x00, 0x00, 0x00, 0x00, 0x00, 0x00, 0x00, 0x00,
    0x00, 0x00, 0x00, 0x00, 0x00, 0x00, 0x00, 0x00, 0x00, 0x00, 0x00, 0x00, 0x00, 0x00, 0x00, 0x00, 0x00, 0x00, 0x00, 0x00, 0x00, 0x00, 0x00, 0x00,
    0x00, 0x00, 0x00, 0x00, 0x00, 0x00, 0x00, 0x00, 0x00, 0x00, 0x00, 0x00, 0x00, 0x00, 0x00, 0x00, 0x00, 0x00, 0x00, 0x00, 0x00, 0x00, 0x00, 0x00,
    0x00, 0x00, 0x00, 0x00, 0x00, 0x00, 0x00, 0x00, 0x00, 0x00, 0x00, 0x00, 0x00, 0x00, 0x00, 0x00, 0x00, 0x00, 0x00, 0x00, 0x00, 0x00, 0x00, 0x00,
    0x00, 0x00, 0x00, 0x00, 0x00, 0x00, 0x00, 0x00, 0x00, 0x00, 0x00, 0x00, 0x00, 0x00, 0x00, 0x00, 0x00, 0x00, 0x00, 0x00, 0x00, 0x00, 0x00, 0x00,
    0x00, 0x00, 0x00, 0x00, 0x00, 0x00, 0x00, 0x00, 0x00, 0x00, 0x00, 0x00, 0x00, 0x00, 0x00, 0x00, 0x00, 0x00, 0x00, 0x00, 0x00, 0x00, 0x00, 0x00,
    0x00, 0x00, 0x00, 0x00, 0x00, 0x00, 0x00, 0x00, 0x00, 0x00, 0x00, 0x00, 0x00, 0x00, 0x00, 0x00, 0x00, 0x00, 0x00, 0x00, 0x00, 0x00, 0x00, 0x00,
    0x00, 0x00, 0x00, 0x00, 0x00, 0x00, 0x00, 0x00, 0x00, 0x00, 0x00, 0x00, 0x00, 0x00, 0x00, 0x00, 0x00, 0x00, 0x00, 0x00, 0x00, 0x00, 0x00, 0x00,
    0x00, 0x00, 0x00, 0x00, 0x00, 0x00, 0x00, 0x00, 0x00, 0x00, 0x00, 0x00, 0x00, 0x00, 0x00, 0x00, 0x00, 0x00, 0x00, 0x00, 0x00, 0x00, 0x00, 0x00,
    0x00, 0x00, 0x00, 0x00, 0x00, 0x00, 0x00, 0x00, 0x00, 0x00, 0x00, 0x00, 0x00, 0x00, 0x00, 0x00, 0x00, 0x00, 0x00, 0x00, 0x00, 0x00, 0x00, 0x00,
    0x00, 0x00, 0x00, 0x00, 0x00, 0x00, 0x00, 0x00, 0x00, 0x00, 0x00, 0x00, 0x00, 0x00, 0x00, 0x00, 0x00, 0x00, 0x00, 0x00, 0x00, 0x00, 0x00, 0x00,
    0x00, 0x00, 0x00, 0x00, 0x00, 0x00, 0x00, 0x00, 0x00, 0x00, 0x00, 0x00, 0x00, 0x00, 0x00, 0x00, 0x00, 0x00, 0x00, 0x00, 0x00, 0x00, 0x00, 0x00,
    0x00, 0x00, 0x00, 0x00, 0x00, 0x00, 0x00, 0x00, 0x00, 0x00, 0x00, 0x00, 0x00, 0x00, 0x00, 0x00, 0x00, 0x00, 0x00, 0x00, 0x00, 0x00, 0x00, 0x00,
    0x00, 0x00, 0x00, 0x00, 0x00, 0x00, 0x00, 0x00, 0x00, 0x00, 0x00, 0x00, 0x00, 0x00, 0x00, 0x00, 0x00, 0x00, 0x00, 0x00, 0x00, 0x00, 0x00, 0x00,
    0x00, 0x00, 0x00, 0x00, 0x00, 0x00, 0x00, 0x00, 0x00, 0x00, 0x00, 0x00, 0x00, 0x00, 0x00, 0x00, 0x00, 0x00, 0x00, 0x00, 0x00, 0x00, 0x00, 0x00,
    0x00, 0x00, 0x00, 0x00, 0x00, 0x00, 0x00, 0x00, 0x00, 0x00, 0x00, 0x00, 0x00, 0x00, 0x00, 0x00, 0x00, 0x00, 0x00, 0x00, 0x00, 0x00, 0x00, 0x00,
    0x00, 0x00, 0x00, 0x00, 0x00, 0x00, 0x00, 0x00, 0x00, 0x00, 0x00, 0x00, 0x00, 0x00, 0x00, 0x00, 0x00, 0x00, 0x00, 0x00, 0x00, 0x00, 0x00, 0x00,
    0x00, 0x00, 0x00, 0x00, 0x00, 0x00, 0x00, 0x00, 0x00, 0x00, 0x00, 0x00, 0x00, 0x00, 0x00, 0x00, 0x00, 0x00, 0x00, 0x00, 0x00, 0x00, 0x00, 0x00,
    0x00, 0x00, 0x00, 0x00, 0x00, 0x00, 0x00, 0x00, 0x00, 0x00, 0x00, 0x00, 0x00, 0x00, 0x00, 0x00, 0x00, 0x00, 0x00, 0x00, 0x00, 0x00, 0x00, 0x00,
    0x00, 0x00, 0x00, 0x00, 0x00, 0x00, 0x00, 0x00, 0x00, 0x00, 0x00, 0x00, 0x00, 0x00, 0x00, 0x00, 0x00, 0x00, 0x00, 0x00, 0x00, 0x00, 0x00, 0x00,
    0x00, 0x00, 0x00, 0x00, 0x00, 0x00, 0x00, 0x00, 0x00, 0x00, 0x00, 0x00, 0x00, 0x00, 0x00, 0x00, 0x00, 0x00, 0x00, 0x00, 0x00, 0x00, 0x00, 0x00,
    0x00, 0x00, 0x00, 0x00, 0x00, 0x00, 0x00, 0x00, 0x00, 0x00, 0x00, 0x00, 0x00, 0x00, 0x00, 0x00, 0x00, 0x00, 0x00, 0x00, 0x00, 0x00, 0x00, 0x00,
    0x00, 0x00, 0x00, 0x00, 0x00, 0x00, 0x00, 0x00, 0x00, 0x00, 0x00, 0x00, 0x00, 0x00, 0x00, 0x00, 0x00, 0x00, 0x00, 0x00, 0x00, 0x00, 0x00, 0x00,
    0x00, 0x00, 0x00, 0x00, 0x00, 0x00, 0x00, 0x00, 0x00, 0x00, 0x00, 0x00, 0x00, 0x00, 0x00, 0x00, 0x00, 0x00, 0x00, 0x00, 0x00, 0x00, 0x00, 0x00,
    0x00, 0x00, 0x00, 0x00, 0x00, 0x00, 0x00, 0x00, 0x00, 0x00, 0x00, 0x00, 0x00, 0x00, 0x00, 0x00, 0x00, 0x00, 0x00, 0x00, 0x00, 0x00, 0x00, 0x00,
    0x00, 0x00, 0x00, 0x00, 0x00, 0x00, 0x00, 0x00, 0x00, 0x00, 0x00, 0x00, 0x00, 0x00, 0x00, 0x00, 0x00, 0x00, 0x00, 0x00, 0x00, 0x00, 0x00, 0x00,
    0x00, 0x00, 0x00, 0x00, 0x00, 0x00, 0x00, 0x00, 0x00, 0x00, 0x00, 0x00, 0x00, 0x00, 0x00, 0x00, 0x00, 0x00, 0x00, 0x00, 0x00, 0x00, 0x00, 0x00,
    0x00, 0x00, 0x00, 0x00, 0x00, 0x00, 0x00, 0x00, 0x00, 0x00, 0x00, 0x00, 0x00, 0x00, 0x00, 0x00, 0x00, 0x00, 0x00, 0x00, 0x00, 0x00, 0x00, 0x00,
    0x00, 0x00, 0x00, 0x00, 0x00, 0x00, 0x00, 0x00, 0x00, 0x00, 0x00, 0x00, 0x00, 0x00, 0x00, 0x00, 0x00, 0x00, 0x00, 0x00, 0x00, 0x00, 0x00, 0x00,
    0x00, 0x00, 0x00, 0x00, 0x00, 0x00, 0x00, 0x00, 0x00, 0x00, 0x00, 0x00, 0x00, 0x00, 0x00, 0x00, 0x00, 0x00, 0x00, 0x00, 0x00, 0x00, 0x00, 0x00,
    0x00, 0x00, 0x00, 0x00, 0x00, 0x00, 0x00, 0x00, 0x00, 0x00, 0x00, 0x00, 0x00, 0x00, 0x00, 0x00, 0x00, 0x00, 0x00, 0x00, 0x00, 0x00, 0x00, 0x00,
    0x00, 0x00, 0x00, 0x00, 0x00, 0x00, 0x00, 0x00, 0x00, 0x00, 0x00, 0x00, 0x00, 0x00, 0x00, 0x00, 0x00, 0x00, 0x00, 0x00, 0x00, 0x00, 0x00, 0x00,
    0x00, 0x00, 0x00, 0x00, 0x00, 0x00, 0x00, 0x00, 0x00, 0x00, 0x00, 0x00, 0x00, 0x00, 0x00, 0x00, 0x00, 0x00, 0x00, 0x00, 0x00, 0x00, 0x00, 0x00,
    0x00, 0x00, 0x00, 0x00, 0x00, 0x00, 0x00, 0x00, 0x00, 0x00, 0x00, 0x00, 0x00, 0x00, 0x00, 0x00, 0x00, 0x00, 0x00, 0x00, 0x00, 0x00, 0x00, 0x00,
    0x00, 0x00, 0x00, 0x00, 0x00, 0x00, 0x00, 0x00, 0x00, 0x00, 0x00, 0x00, 0x00, 0x00, 0x00, 0x00, 0x00, 0x00, 0x00, 0x00, 0x00, 0x00, 0x00, 0x00,
    0x00, 0x00, 0x00, 0x00, 0x00, 0x00, 0x00, 0x00, 0x00, 0x00, 0x00, 0x00, 0x00, 0x00, 0x00, 0x00, 0x00, 0x00, 0x00, 0x00, 0x00, 0x00, 0x00, 0x00,
    0x00, 0x00, 0x00, 0x00, 0x00, 0x00, 0x00, 0x00, 0x00, 0x00, 0x00, 0x00, 0x00, 0x00, 0x00, 0x00, 0x00, 0x00, 0x00, 0x00, 0x00, 0x00, 0x00, 0x00,
    0x00, 0x00, 0x00, 0x00, 0x00, 0x00, 0x00, 0x00, 0x00, 0x00, 0x00, 0x00, 0x00, 0x00, 0x00, 0x00, 0x00, 0x00, 0x00, 0x00, 0x00, 0x00, 0x00, 0x00,
    0x00, 0x00, 0x00, 0x00, 0x00, 0x00, 0x00, 0x00, 0x00, 0x00, 0x00, 0x00, 0x00, 0x00, 0x00, 0x00, 0x00, 0x00, 0x00, 0x00, 0x00, 0x00, 0x00, 0x00,
    0x00, 0x00, 0x00, 0x00, 0x00, 0x00, 0x00, 0x00, 0x00, 0x00, 0x00, 0x00, 0x00, 0x00, 0x00, 0x00, 0x00, 0x00, 0x00, 0x00, 0x00, 0x00, 0x00, 0x00,
    0x00, 0x00, 0x00, 0x00, 0x00, 0x00, 0x00, 0x00, 0x00, 0x00, 0x00, 0x00, 0x00, 0x00, 0x00, 0x00, 0x00, 0x00, 0x00, 0x00, 0x00, 0x00, 0x00, 0x00,
    0x00, 0x00, 0x00, 0x00, 0x00, 0x00, 0x00, 0x00, 0x00, 0x00, 0x00, 0x00, 0x00, 0x00, 0x00, 0x00, 0x00, 0x00, 0x00, 0x00, 0x00, 0x00, 0x00, 0x00,
    0x00, 0x00, 0x00, 0x00, 0x00, 0x00, 0x00, 0x00, 0x00, 0x00, 0x00, 0x00, 0x00, 0x00, 0x00, 0x00, 0x00, 0x00, 0x00, 0x00, 0x00, 0x00, 0x00, 0x00,
    0x00, 0x00, 0x00, 0x00, 0x00, 0x00, 0x00, 0x00, 0x00, 0x00, 0x00, 0x00, 0x00, 0x00, 0x00, 0x00, 0x00, 0x00, 0x00, 0x00, 0x00, 0x00, 0x00, 0x00,
    0x00, 0x00, 0x00, 0x00, 0x00, 0x00, 0x00, 0x00, 0x00, 0x00, 0x00, 0x00, 0x00, 0x00, 0x00, 0x00, 0x00, 0x00, 0x00, 0x00, 0x00, 0x00, 0x00, 0x00,
    0x00, 0x00, 0x00, 0x00, 0x00, 0x00, 0x00, 0x00, 0x00, 0x00, 0x00, 0x00, 0x00, 0x00, 0x00, 0x00, 0x00, 0x00, 0x00, 0x00, 0x00, 0x00, 0x00, 0x00,
    0x00, 0x00, 0x00, 0x00, 0x00, 0x00, 0x00, 0x00, 0x00, 0x00, 0x00, 0x00, 0x00, 0x00, 0x00, 0x00, 0x00, 0x00, 0x00, 0x00, 0x00, 0x00, 0x00, 0x00,
    0x00, 0x00, 0x00, 0x00, 0x00, 0x00, 0x00, 0x00, 0x00, 0x00, 0x00, 0x00, 0x00, 0x00, 0x00, 0x00, 0x00, 0x00, 0x00, 0x00, 0x00, 0x00, 0x00, 0x00,
    0x00, 0x00, 0x00, 0x00, 0x00, 0x00, 0x00, 0x00, 0x00, 0x00, 0x00, 0x00, 0x00, 0x00, 0x00, 0x00, 0x00, 0x00, 0x00, 0x00, 0x00, 0x00, 0x00, 0x00,
    0x00, 0x00, 0x00, 0x00, 0x00, 0x00, 0x00, 0x00, 0x00, 0x00, 0x00, 0x00, 0x00, 0x00, 0x00, 0x00, 0x00, 0x00, 0x00, 0x00, 0x00, 0x00, 0x00, 0x00,
    0x00, 0x00, 0x00, 0x00, 0x00, 0x00, 0x00, 0x00, 0x00, 0x00, 0x00, 0x00, 0x00, 0x00, 0x00, 0x00, 0x00, 0x00, 0x00, 0x00, 0x00, 0x00, 0x00, 0x00,
    0x00, 0x00, 0x00, 0x00, 0x00, 0x00, 0x00, 0x00, 0x00, 0x00, 0x00, 0x00, 0x00, 0x00, 0x00, 0x00, 0x00, 0x00, 0x00, 0x00, 0x00, 0x00, 0x00, 0x00,
    0x00, 0x00, 0x00, 0x00, 0x00, 0x00, 0x00, 0x00, 0x00, 0x00, 0x00, 0x00, 0x00, 0x00, 0x00, 0x00, 0x00, 0x00, 0x00, 0x00, 0x00, 0x00, 0x00, 0x00,
    0x00, 0x00, 0x00, 0x00, 0x00, 0x00, 0x00, 0x00, 0x00, 0x00, 0x00, 0x00, 0x00, 0x00, 0x00, 0x00, 0x00, 0x00, 0x00, 0x00, 0x00, 0x00, 0x00, 0x00,
    0x00, 0x00, 0x00, 0x00, 0x00, 0x00, 0x00, 0x00, 0x00, 0x00, 0x00, 0x00, 0x00, 0x00, 0x00, 0x00, 0x00, 0x00, 0x00, 0x00, 0x00, 0x00, 0x00, 0x00,
    0x00, 0x00, 0x00, 0x00, 0x00, 0x00, 0x00, 0x00, 0x00, 0x00, 0x00, 0x00, 0x00, 0x00, 0x00, 0x00, 0x00, 0x00, 0x00, 0x00, 0x00, 0x00, 0x00, 0x00,
    0x00, 0x00, 0x00, 0x00, 0x00, 0x00, 0x00, 0x00, 0x00, 0x00, 0x00, 0x00, 0x00, 0x00, 0x00, 0x00, 0x00, 0x00, 0x00, 0x00, 0x00, 0x00, 0x00, 0x00,
    0x00, 0x00, 0x00, 0x00, 0x00, 0x00, 0x00, 0x00, 0x00, 0x00, 0x00, 0x00, 0x8e, 0x35, 0x62, 0x8e, 0x35, 0x4f, 0x00, 0x00, 0x00, 0x00, 0x00, 0x00,
    0x00, 0x00, 0x00, 0x00, 0x00, 0x00, 0x00, 0x00, 0x00, 0x00, 0x00, 0x00, 0x00, 0x00, 0x00, 0x00, 0x00, 0x00, 0x00, 0x00, 0x00, 0x00, 0x00, 0x00,
    0x00, 0x00, 0x00, 0x00, 0x00, 0x00, 0x00, 0x00, 0x00, 0x00, 0x00, 0x00, 0x00, 0x00, 0x00, 0x00, 0x00, 0x00, 0x00, 0x00, 0x00, 0x00, 0x00, 0x00,
    0x00, 0x00, 0x00, 0x00, 0x00, 0x00, 0x00, 0x00, 0x00, 0x00, 0x00, 0x00, 0x8e, 0x35, 0x47, 0x8e, 0x35, 0x5c, 0x8e, 0x35, 0x14, 0x00, 0x00, 0x00,
    0x00, 0x00, 0x00, 0x00, 0x00, 0x00, 0x00, 0x00, 0x00, 0x00, 0x00, 0x00, 0x8e, 0x35, 0x33, 0x8e, 0x35, 0x6c, 0x8e, 0x35, 0x18, 0x00, 0x00, 0x00,
    0x00, 0x00, 0x00, 0x00, 0x00, 0x00, 0x00, 0x00, 0x00, 0x00, 0x00, 0x00, 0x00, 0x00, 0x00, 0x00, 0x00, 0x00, 0x00, 0x00, 0x00, 0x00, 0x00, 0x00,
    0x00, 0x00, 0x00, 0x00, 0x00, 0x00, 0x00, 0x00, 0x00, 0x00, 0x00, 0x00, 0x00, 0x00, 0x00, 0x00, 0x00, 0x00, 0x00, 0x00, 0x00, 0x00, 0x00, 0x00,
    0x00, 0x00, 0x00, 0x00, 0x00, 0x00, 0x00, 0x00, 0x00, 0x00, 0x00, 0x00, 0x00, 0x00, 0x00, 0x00, 0x00, 0x00, 0x00, 0x00, 0x00, 0x00, 0x00, 0x00,
    0x00, 0x00, 0x00, 0x00, 0x00, 0x00, 0x00, 0x00, 0x00, 0x00, 0x00, 0x00, 0x00, 0x00, 0x00, 0x00, 0x00, 0x00, 0x00, 0x00, 0x00, 0x00, 0x00, 0x00,
    0x00, 0x00, 0x00, 0x00, 0x00, 0x00, 0x00, 0x00, 0x00, 0x00, 0x00, 0x00, 0x00, 0x00, 0x00, 0x00, 0x00, 0x00, 0x00, 0x00, 0x00, 0x00, 0x00, 0x00,
    0x00, 0x00, 0x00, 0x00, 0x00, 0x00, 0x00, 0x00, 0x00, 0x00, 0x00, 0x00, 0x00, 0x00, 0x00, 0x00, 0x00, 0x00, 0x00, 0x00, 0x00, 0x00, 0x00, 0x00,
    0x00, 0x00, 0x00, 0x00, 0x00, 0x00, 0x00, 0x00, 0x00, 0x00, 0x00, 0x00, 0x00, 0x00, 0x00, 0x00, 0x00, 0x00, 0x00, 0x00, 0x00, 0x00, 0x00, 0x00,
    0x8e, 0x35, 0x61, 0x8e, 0x35, 0x39, 0x00, 0x00, 0x00, 0x00, 0x00, 0x00, 0x00, 0x00, 0x00, 0x00, 0x00, 0x00, 0x00, 0x00, 0x00, 0x00, 0x00, 0x00,
    0x00, 0x00, 0x00, 0x00, 0x00, 0x00, 0x8e, 0x35, 0x59, 0x8e, 0x35, 0x3c, 0x8e, 0x35, 0x03, 0x00, 0x00, 0x00, 0x00, 0x00, 0x00, 0x00, 0x00, 0x00,
    0x00, 0x00, 0x00, 0x00, 0x00, 0x00, 0x00, 0x00, 0x00, 0x00, 0x00, 0x00, 0x00, 0x00, 0x00, 0x00, 0x00, 0x00, 0x00, 0x00, 0x00, 0x00, 0x00, 0x00,
    0x00, 0x00, 0x00, 0x00, 0x00, 0x00, 0x00, 0x00, 0x00, 0x00, 0x00, 0x00, 0x00, 0x00, 0x00, 0x00, 0x00, 0x00, 0x00, 0x00, 0x00, 0x00, 0x00, 0x00,
    0x00, 0x00, 0x00, 0x00, 0x00, 0x00, 0x00, 0x00, 0x00, 0x00, 0x00, 0x00, 0x00, 0x00, 0x00, 0x00, 0x00, 0x00, 0x00, 0x00, 0x00, 0x00, 0x00, 0x00,
    0x00, 0x00, 0x00, 0x00, 0x00, 0x00, 0x00, 0x00, 0x00, 0x00, 0x00, 0x00, 0x00, 0x00, 0x00, 0x00, 0x00, 0x00, 0x8e, 0x35, 0x2d, 0x8e, 0x35, 0x36,
    0x00, 0x00, 0x00, 0x00, 0x00, 0x00, 0x00, 0x00, 0x00, 0x00, 0x00, 0x00, 0x00, 0x00, 0x00, 0x00, 0x00, 0x00, 0x8e, 0x35, 0x16, 0x8e, 0x35, 0x83,
    0x8e, 0x35, 0x37, 0x00, 0x00, 0x00, 0x00, 0x00, 0x00, 0x00, 0x00, 0x00, 0x00, 0x00, 0x00, 0x00, 0x00, 0x00, 0x00, 0x00, 0x00, 0x00, 0x00, 0x00,
    0x00, 0x00, 0x00, 0x00, 0x00, 0x00, 0x00, 0x00, 0x00, 0x00, 0x00, 0x00, 0x00, 0x00, 0x00, 0x00, 0x00, 0x00, 0x00, 0x00, 0x00, 0x00, 0x00, 0x00,
    0x00, 0x00, 0x00, 0x00, 0x00, 0x00, 0x00, 0x00, 0x00, 0x00, 0x00, 0x00, 0x8e, 0x35, 0x03, 0x8e, 0x35, 0xfa, 0x8e, 0x35, 0xb7, 0x00, 0x00, 0x00,
    0x00, 0x00, 0x00, 0x00, 0x00, 0x00, 0x00, 0x00, 0x00, 0x00, 0x00, 0x00, 0x00, 0x00, 0x00, 0x00, 0x00, 0x00, 0x00, 0x00, 0x00, 0x00, 0x00, 0x00,
    0x00, 0x00, 0x00, 0x00, 0x00, 0x00, 0x00, 0x00, 0x00, 0x00, 0x00, 0x00, 0x00, 0x00, 0x00, 0x00, 0x00, 0x00, 0x00, 0x00, 0x00, 0x00, 0x00, 0x00,
    0x00, 0x00, 0x00, 0x00, 0x00, 0x00, 0x00, 0x00, 0x00, 0x00, 0x00, 0x00, 0x00, 0x00, 0x00, 0x8e, 0x35, 0xbb, 0x8e, 0x35, 0xff, 0x8e, 0x35, 0x24,
    0x00, 0x00, 0x00, 0x00, 0x00, 0x00, 0x00, 0x00, 0x00, 0x00, 0x00, 0x00, 0x00, 0x00, 0x00, 0x8e, 0x35, 0x96, 0x8e, 0x35, 0xff, 0x8e, 0x35, 0x35,
    0x00, 0x00, 0x00, 0x00, 0x00, 0x00, 0x00, 0x00, 0x00, 0x00, 0x00, 0x00, 0x00, 0x00, 0x00, 0x00, 0x00, 0x00, 0x00, 0x00, 0x00, 0x00, 0x00, 0x00,
    0x00, 0x00, 0x00, 0x00, 0x00, 0x00, 0x00, 0x00, 0x00, 0x00, 0x00, 0x00, 0x00, 0x00, 0x00, 0x00, 0x00, 0x00, 0x00, 0x00, 0x00, 0x00, 0x00, 0x00,
    0x00, 0x00, 0x00, 0x00, 0x00, 0x00, 0x00, 0x00, 0x00, 0x00, 0x00, 0x00, 0x00, 0x00, 0x00, 0x00, 0x00, 0x00, 0x00, 0x00, 0x00, 0x00, 0x00, 0x00,
    0x00, 0x00, 0x00, 0x00, 0x00, 0x00, 0x00, 0x00, 0x00, 0x00, 0x00, 0x00, 0x00, 0x00, 0x00, 0x00, 0x00, 0x00, 0x00, 0x00, 0x00, 0x00, 0x00, 0x00,
    0x00, 0x00, 0x00, 0x00, 0x00, 0x00, 0x00, 0x00, 0x00, 0x00, 0x00, 0x00, 0x00, 0x00, 0x00, 0x00, 0x00, 0x00, 0x00, 0x00, 0x00, 0x00, 0x00, 0x00,
    0x00, 0x00, 0x00, 0x00, 0x00, 0x00, 0x00, 0x00, 0x00, 0x00, 0x00, 0x00, 0x00, 0x00, 0x00, 0x00, 0x00, 0x00, 0x00, 0x00, 0x00, 0x00, 0x00, 0x00,
    0x00, 0x00, 0x00, 0x00, 0x00, 0x00, 0x00, 0x00, 0x00, 0x00, 0x00, 0x00, 0x00, 0x00, 0x00, 0x00, 0x00, 0x00, 0x00, 0x00, 0x00, 0x00, 0x00, 0x00,
    0x8e, 0x35, 0x0e, 0x8e, 0x35, 0xff, 0x8e, 0x35, 0x8e, 0x00, 0x00, 0x00, 0x00, 0x00, 0x00, 0x00, 0x00, 0x00, 0x00, 0x00, 0x00, 0x00, 0x00, 0x00,
    0x00, 0x00, 0x00, 0x00, 0x00, 0x00, 0x8e, 0x35, 0x13, 0x8e, 0x35, 0xf7, 0x8e, 0x35, 0xe7, 0x8e, 0x35, 0x09, 0x00, 0x00, 0x00, 0x00, 0x00, 0x00,
    0x00, 0x00, 0x00, 0x00, 0x00, 0x00, 0x00, 0x00, 0x00, 0x00, 0x00, 0x00, 0x00, 0x00, 0x00, 0x00, 0x00, 0x00, 0x8e, 0x35, 0x33, 0x8e, 0x35, 0xbc,
    0x8e, 0x35, 0x16, 0x00, 0x00, 0x00, 0x00, 0x00, 0x00, 0x00, 0x00, 0x00, 0x00, 0x00, 0x00, 0x8e, 0x35, 0x1a, 0x8e, 0x35, 0xd7, 0x8e, 0x35, 0x7c,
    0x00, 0x00, 0x00, 0x00, 0x00, 0x00, 0x00, 0x00, 0x00, 0x00, 0x00, 0x00, 0x00, 0x00, 0x00, 0x00, 0x00, 0x00, 0x00, 0x00, 0x00, 0x8e, 0x35, 0x74,
    0x8e, 0x35, 0xef, 0x8e, 0x35, 0x38, 0x00, 0x00, 0x00, 0x00, 0x00, 0x00, 0x00, 0x00, 0x00, 0x00, 0x00, 0x00, 0x00, 0x00, 0x00, 0x8e, 0x35, 0x9a,
    0x8e, 0x35, 0xff, 0x8e, 0x35, 0x39, 0x00, 0x00, 0x00, 0x00, 0x00, 0x00, 0x00, 0x00, 0x00, 0x00, 0x00, 0x00, 0x00, 0x00, 0x00, 0x8e, 0x35, 0x50,
    0x8e, 0x35, 0xff, 0x8e, 0x35, 0x72, 0x00, 0x00, 0x00, 0x00, 0x00, 0x00, 0x00, 0x00, 0x00, 0x00, 0x00, 0x00, 0x00, 0x00, 0x00, 0x00, 0x00, 0x00,
    0x00, 0x00, 0x00, 0x00, 0x00, 0x00, 0x00, 0x00, 0x00, 0x00, 0x00, 0x00, 0x00, 0x00, 0x00, 0x00, 0x00, 0x00, 0x00, 0x00, 0x00, 0x00, 0x00, 0x00,
    0x00, 0x00, 0x00, 0x00, 0x00, 0x00, 0x00, 0x00, 0x00, 0x00, 0x00, 0x00, 0x00, 0x00, 0x00, 0x8e, 0x35, 0x24, 0x8e, 0x35, 0xff, 0x8e, 0x35, 0x8d,
    0x00, 0x00, 0x00, 0x00, 0x00, 0x00, 0x00, 0x00, 0x00, 0x00, 0x00, 0x00, 0x8e, 0x35, 0x10, 0x8e, 0x35, 0x93, 0x8e, 0x35, 0x93, 0x8e, 0x35, 0x93,
    0x8e, 0x35, 0x93, 0x8e, 0x35, 0x93, 0x8e, 0x35, 0x93, 0x8e, 0x35, 0x93, 0x8e, 0x35, 0x93, 0x8e, 0x35, 0x95, 0x8e, 0x35, 0x75, 0x8e, 0x35, 0x02,
    0x00, 0x00, 0x00, 0x00, 0x00, 0x00, 0x00, 0x00, 0x00, 0x00, 0x00, 0x00, 0x00, 0x00, 0x00, 0x8e, 0x35, 0x04, 0x8e, 0x35, 0xf4, 0x8e, 0x35, 0xce,
    0x00, 0x00, 0x00, 0x00, 0x00, 0x00, 0x00, 0x00, 0x00, 0x00, 0x00, 0x00, 0x00, 0x00, 0x00, 0x00, 0x00, 0x00, 0x8e, 0x35, 0xe2, 0x8e, 0x35, 0xed,
    0x8e, 0x35, 0x02, 0x00, 0x00, 0x00, 0x00, 0x00, 0x00, 0x00, 0x00, 0x00, 0x00, 0x00, 0x00, 0x00, 0x00, 0x00, 0x00, 0x00, 0x00, 0x00, 0x00, 0x00,
    0x00, 0x00, 0x00, 0x00, 0x00, 0x00, 0x00, 0x00, 0x00, 0x00, 0x00, 0x00, 0x00, 0x00, 0x00, 0x00, 0x00, 0x00, 0x00, 0x00, 0x00, 0x00, 0x00, 0x00,
    0x00, 0x00, 0x00, 0x00, 0x00, 0x00, 0x00, 0x00, 0x00, 0x00, 0x00, 0x00, 0x00, 0x00, 0x00, 0x00, 0x00, 0x00, 0x00, 0x00, 0x00, 0x00, 0x00, 0x00,
    0x00, 0x00, 0x00, 0x00, 0x00, 0x00, 0x00, 0x00, 0x00, 0x00, 0x00, 0x00, 0x00, 0x00, 0x00, 0x00, 0x00, 0x00, 0x00, 0x00, 0x00, 0x00, 0x00, 0x00,
    0x00, 0x00, 0x00, 0x8e, 0x35, 0xf7, 0x8e, 0x35, 0xff, 0x8e, 0x35, 0xff, 0x8e, 0x35, 0xff, 0x8e, 0x35, 0xff, 0x8e, 0x35, 0xff, 0x8e, 0x35, 0xff,
    0x8e, 0x35, 0xff, 0x8e, 0x35, 0xff, 0x8e, 0x35, 0xff, 0x8e, 0x35, 0xff, 0x8e, 0x35, 0xff, 0x8e, 0x35, 0xff, 0x8e, 0x35, 0xff, 0x8e, 0x35, 0xff,
    0x8e, 0x35, 0xff, 0x8e, 0x35, 0xff, 0x8e, 0x35, 0xff, 0x8e, 0x35, 0xff, 0x8e, 0x35, 0x1b, 0x00, 0x00, 0x00, 0x00, 0x00, 0x00, 0x00, 0x00, 0x00,
    0x00, 0x00, 0x00, 0x8e, 0x35, 0x32, 0x8e, 0x35, 0xff, 0x8e, 0x35, 0x66, 0x00, 0x00, 0x00, 0x00, 0x00, 0x00, 0x00, 0x00, 0x00, 0x00, 0x00, 0x00,
    0x00, 0x00, 0x00, 0x00, 0x00, 0x00, 0x00, 0x00, 0x00, 0x8e, 0x35, 0x78, 0x8e, 0x35, 0xff, 0x8e, 0x35, 0x70, 0x00, 0x00, 0x00, 0x00, 0x00, 0x00,
    0x00, 0x00, 0x00, 0x00, 0x00, 0x00, 0x00, 0x00, 0x00, 0x00, 0x00, 0x00, 0x00, 0x00, 0x00, 0x00, 0x00, 0x00, 0x00, 0x00, 0x00, 0x8e, 0x35, 0x6c,
    0x8e, 0x35, 0xff, 0x8e, 0x35, 0xde, 0x8e, 0x35, 0x27, 0x00, 0x00, 0x00, 0x00, 0x00, 0x00, 0x00, 0x00, 0x00, 0x8e, 0x35, 0x1f, 0x8e, 0x35, 0xff,
    0x8e, 0x35, 0x93, 0x00, 0x00, 0x00, 0x00, 0x00, 0x00, 0x8e, 0x35, 0x2c, 0x8e, 0x35, 0xa7, 0x8e, 0x35, 0x39, 0x00, 0x00, 0x00, 0x00, 0x00, 0x00,
    0x8e, 0x35, 0x7b, 0x8e, 0x35, 0xff, 0x8e, 0x35, 0x3b, 0x00, 0x00, 0x00, 0x00, 0x00, 0x00, 0x00, 0x00, 0x00, 0x00, 0x00, 0x00, 0x8e, 0x35, 0x03,
    0x8e, 0x35, 0xeb, 0x8e, 0x35, 0xe2, 0x8e, 0x35, 0x02, 0x00, 0x00, 0x00, 0x00, 0x00, 0x00, 0x00, 0x00, 0x00, 0x00, 0x00, 0x00, 0x00, 0x00, 0x00,
    0x8e, 0x35, 0x85, 0x8e, 0x35, 0xff, 0x8e, 0x35, 0x35, 0x00, 0x00, 0x00, 0x00, 0x00, 0x00, 0x00, 0x00, 0x00, 0x00, 0x00, 0x00, 0x00, 0x00, 0x00,
    0x00, 0x00, 0x00, 0x00, 0x00, 0x00, 0x00, 0x00, 0x00, 0x00, 0x00, 0x00, 0x00, 0x00, 0x00, 0x00, 0x00, 0x00, 0x00, 0x00, 0x00, 0x00, 0x00, 0x00,
    0x00, 0x00, 0x00, 0x00, 0x00, 0x00, 0x00, 0x00, 0x00, 0x00, 0x00, 0x00, 0x00, 0x00, 0x00, 0x00, 0x00, 0x00, 0x8e, 0x35, 0x4b, 0x8e, 0x35, 0xff,
    0x8e, 0x35, 0x62, 0x00, 0x00, 0x00, 0x00, 0x00, 0x00, 0x00, 0x00, 0x00, 0x00, 0x00, 0x00, 0x8e, 0x35, 0x1b, 0x8e, 0x35, 0xff, 0x8e, 0x35, 0xff,
    0x8e, 0x35, 0xff, 0x8e, 0x35, 0xff, 0x8e, 0x35, 0xff, 0x8e, 0x35, 0xff, 0x8e, 0x35, 0xff, 0x8e, 0x35, 0xff, 0x8e, 0x35, 0xff, 0x8e, 0x35, 0xf4,
    0x8e, 0x35, 0x22, 0x00, 0x00, 0x00, 0x00, 0x00, 0x00, 0x00, 0x00, 0x00, 0x00, 0x00, 0x00, 0x00, 0x00, 0x00, 0x8e, 0x35, 0x35, 0x8e, 0x35, 0xff,
    0x8e, 0x35, 0x79, 0x00, 0x00, 0x00, 0x00, 0x00, 0x00, 0x00, 0x00, 0x00, 0x00, 0x00, 0x00, 0x00, 0x00, 0x00, 0x8e, 0x35, 0x30, 0x8e, 0x35, 0xff,
    0x8e, 0x35, 0xa8, 0x00, 0x00, 0x00, 0x00, 0x00, 0x00, 0x00, 0x00, 0x00, 0x00, 0x00, 0x00, 0x00, 0x00, 0x00, 0x00, 0x00, 0x00, 0x00, 0x00, 0x00,
    0x00, 0x00, 0x00, 0x00, 0x00, 0x00, 0x00, 0x00, 0x00, 0x00, 0x00, 0x00, 0x00, 0x00, 0x00, 0x00, 0x00, 0x00, 0x00, 0x00, 0x00, 0x00, 0x00, 0x00,
    0x00, 0x00, 0x00, 0x00, 0x00, 0x00, 0x00, 0x00, 0x00, 0x00, 0x00, 0x00, 0x00, 0x00, 0x00, 0x00, 0x00, 0x00, 0x00, 0x00, 0x00, 0x00, 0x00, 0x00,
    0x00, 0x00, 0x00, 0x00, 0x00, 0x00, 0x00, 0x00, 0x00, 0x00, 0x00, 0x00, 0x00, 0x00, 0x00, 0x00, 0x00, 0x00, 0x00, 0x00, 0x00, 0x00, 0x00, 0x00,
    0x00, 0x00, 0x00, 0x00, 0x00, 0x00, 0x8e, 0x35, 0xa2, 0x8e, 0x35, 0xa7, 0x8e, 0x35, 0xa7, 0x8e, 0x35, 0xa7, 0x8e, 0x35, 0xbf, 0x8e, 0x35, 0xff,
    0x8e, 0x35, 0xd2, 0x8e, 0x35, 0xa7, 0x8e, 0x35, 0xa7, 0x8e, 0x35, 0xa7, 0x8e, 0x35, 0xa7, 0x8e, 0x35, 0xa7, 0x8e, 0x35, 0xae, 0x8e, 0x35, 0xff,
    0x8e, 0x35, 0xe4, 0x8e, 0x35, 0xa7, 0x8e, 0x35, 0xa7, 0x8e, 0x35, 0xa7, 0x8e, 0x35, 0xa7, 0x8e, 0x35, 0x12, 0x00, 0x00, 0x00, 0x00, 0x00, 0x00,
    0x00, 0x00, 0x00, 0x00, 0x00, 0x00, 0x8e, 0x35, 0x57, 0x8e, 0x35, 0xff, 0x8e, 0x35, 0x3e, 0x00, 0x00, 0x00, 0x00, 0x00, 0x00, 0x00, 0x00, 0x00,
    0x00, 0x00, 0x00, 0x00, 0x00, 0x00, 0x00, 0x00, 0x00, 0x8e, 0x35, 0x0b, 0x8e, 0x35, 0xe9, 0x8e, 0x35, 0xe8, 0x8e, 0x35, 0x09, 0x00, 0x00, 0x00,
    0x00, 0x00, 0x00, 0x00, 0x00, 0x00, 0x00, 0x00, 0x00, 0x00, 0x00, 0x00, 0x00, 0x00, 0x00, 0x00, 0x00, 0x00, 0x00, 0x00, 0x00, 0x00, 0x00, 0x00,
    0x00, 0x00, 0x00, 0x8e, 0x35, 0x63, 0x8e, 0x35, 0xfc, 0x8e, 0x35, 0xea, 0x8e, 0x35, 0x2e, 0x00, 0x00, 0x00, 0x00, 0x00, 0x00, 0x8e, 0x35, 0x1f,
    0x8e, 0x35, 0xff, 0x8e, 0x35, 0x93, 0x00, 0x00, 0x00, 0x00, 0x00, 0x00, 0x8e, 0x35, 0x43, 0x8e, 0x35, 0xff, 0x8e, 0x35, 0x57, 0x00, 0x00, 0x00,
    0x00, 0x00, 0x00, 0x8e, 0x35, 0x7b, 0x8e, 0x35, 0xff, 0x8e, 0x35, 0x3b, 0x00, 0x00, 0x00, 0x00, 0x00, 0x00, 0x00, 0x00, 0x00, 0x00, 0x00, 0x00,
    0x8e, 0x35, 0x44, 0x8e, 0x35, 0xff, 0x8e, 0x35, 0x81, 0x00, 0x00, 0x00, 0x00, 0x00, 0x00, 0x8e, 0x35, 0x74, 0x8e, 0x35, 0x9b, 0x8e, 0x35, 0x9b,
    0x8e, 0x35, 0x9b, 0x8e, 0x35, 0xde, 0x8e, 0x35, 0xff, 0x8e, 0x35, 0xa0, 0x8e, 0x35, 0x9b, 0x8e, 0x35, 0x9b, 0x8e, 0x35, 0x9b, 0x8e, 0x35, 0x9b,
    0x8e, 0x35, 0x9b, 0x8e, 0x35, 0x9b, 0x8e, 0x35, 0x41, 0x00, 0x00, 0x00, 0x00, 0x00, 0x00, 0x00, 0x00, 0x00, 0x00, 0x00, 0x00, 0x00, 0x00, 0x00,
    0x00, 0x00, 0x00, 0x00, 0x00, 0x00, 0x00, 0x00, 0x00, 0x00, 0x00, 0x00, 0x00, 0x00, 0x00, 0x00, 0x00, 0x00, 0x00, 0x00, 0x00, 0x8e, 0x35, 0x71,
    0x8e, 0x35, 0xff, 0x8e, 0x35, 0x38, 0x00, 0x00, 0x00, 0x00, 0x00, 0x00, 0x00, 0x00, 0x00, 0x00, 0x00, 0x00, 0x00, 0x00, 0x00, 0x00, 0x00, 0x00,
    0x00, 0x00, 0x00, 0x00, 0x00, 0x00, 0x00, 0x00, 0x00, 0x00, 0x00, 0x00, 0x00, 0x00, 0x00, 0x8e, 0x35, 0x05, 0x8e, 0x35, 0xc6, 0x8e, 0x35, 0xff,
    0x8e, 0x35, 0x5b, 0x00, 0x00, 0x00, 0x00, 0x00, 0x00, 0x00, 0x00, 0x00, 0x00, 0x00, 0x00, 0x8e, 0x35, 0x87, 0x8e, 0x35, 0x87, 0x8e, 0x35, 0xb5,
    0x8e, 0x35, 0xff, 0x8e, 0x35, 0xa3, 0x8e, 0x35, 0x87, 0x8e, 0x35, 0x87, 0x8e, 0x35, 0x87, 0x00, 0x00, 0x00, 0x00, 0x00, 0x00, 0x8e, 0x35, 0x7e,
    0x8e, 0x35, 0xff, 0x8e, 0x35, 0xc5, 0x8e, 0x35, 0x93, 0x8e, 0x35, 0x93, 0x8e, 0x35, 0x93, 0x8e, 0x35, 0x93, 0x8e, 0x35, 0x93, 0x8e, 0x35, 0x93,
    0x8e, 0x35, 0x34, 0x00, 0x00, 0x00, 0x00, 0x00, 0x00, 0x00, 0x00, 0x00, 0x00, 0x00, 0x00, 0x00, 0x00, 0x00, 0x00, 0x00, 0x00, 0x00, 0x00, 0x00,
    0x00, 0x00, 0x00, 0x00, 0x00, 0x00, 0x00, 0x00, 0x00, 0x00, 0x00, 0x00, 0x00, 0x00, 0x00, 0x00, 0x00, 0x00, 0x00, 0x00, 0x00, 0x00, 0x00, 0x00,
    0x00, 0x00, 0x00, 0x00, 0x00, 0x00, 0x00, 0x00, 0x00, 0x00, 0x00, 0x00, 0x00, 0x00, 0x00, 0x00, 0x00, 0x00, 0x00, 0x00, 0x00, 0x00, 0x00, 0x00,
    0x00, 0x00, 0x00, 0x00, 0x00, 0x00, 0x00, 0x00, 0x00, 0x00, 0x00, 0x00, 0x00, 0x00, 0x00, 0x00, 0x00, 0x00, 0x00, 0x00, 0x00, 0x8e, 0x35, 0x43,
    0x8e, 0x35, 0xff, 0x8e, 0x35, 0x7b, 0x00, 0x00, 0x00, 0x00, 0x00, 0x00, 0x00, 0x00, 0x00, 0x00, 0x00, 0x00, 0x00, 0x00, 0x00, 0x8e, 0x35, 0x13,
    0x8e, 0x35, 0xff, 0x8e, 0x35, 0xaf, 0x00, 0x00, 0x00, 0x00, 0x00, 0x00, 0x00, 0x00, 0x00, 0x00, 0x00, 0x00, 0x00, 0x00, 0x00, 0x00, 0x00, 0x00,
    0x00, 0x00, 0x00, 0x00, 0x00, 0x00, 0x00, 0x00, 0x00, 0x8e, 0x35, 0x7b, 0x8e, 0x35, 0xff, 0x8e, 0x35, 0x16, 0x00, 0x00, 0x00, 0x00, 0x00, 0x00,
    0x00, 0x00, 0x00, 0x00, 0x00, 0x00, 0x00, 0x00, 0x00, 0x00, 0x00, 0x00, 0x8e, 0x35, 0x76, 0x8e, 0x35, 0xff, 0x8e, 0x35, 0x71, 0x00, 0x00, 0x00,
    0x00, 0x00, 0x00, 0x8e, 0x35, 0x8c, 0x8e, 0x35, 0xb7, 0x00, 0x00, 0x00, 0x00, 0x00, 0x00, 0x00, 0x00, 0x00, 0x00, 0x00, 0x00, 0x00, 0x00, 0x00,
    0x00, 0x00, 0x00, 0x00, 0x00, 0x00, 0x00, 0x00, 0x00, 0x8e, 0x35, 0x57, 0x8e, 0x35, 0xfc, 0x8e, 0x35, 0xe8, 0x8e, 0x35, 0x17, 0x00, 0x00, 0x00,
    0x8e, 0x35, 0x1f, 0x8e, 0x35, 0xff, 0x8e, 0x35, 0x93, 0x00, 0x00, 0x00, 0x00, 0x00, 0x00, 0x8e, 0x35, 0x43, 0x8e, 0x35, 0xff, 0x8e, 0x35, 0x57,
    0x00, 0x00, 0x00, 0x00, 0x00, 0x00, 0x8e, 0x35, 0x7b, 0x8e, 0x35, 0xff, 0x8e, 0x35, 0x3b, 0x00, 0x00, 0x00, 0x00, 0x00, 0x00, 0x00, 0x00, 0x00,
    0x00, 0x00, 0x00, 0x8e, 0x35, 0x9a, 0x8e, 0x35, 0xfe, 0x8e, 0x35, 0x21, 0x00, 0x00, 0x00, 0x00, 0x00, 0x00, 0x8e, 0x35, 0xbf, 0x8e, 0x35, 0xff,
    0x8e, 0x35, 0xff, 0x8e, 0x35, 0xff, 0x8e, 0x35, 0xff, 0x8e, 0x35, 0xff, 0x8e, 0x35, 0xff, 0x8e, 0x35, 0xff, 0x8e, 0x35, 0xff, 0x8e, 0x35, 0xff,
    0x8e, 0x35, 0xff, 0x8e, 0x35, 0xff, 0x8e, 0x35, 0xff, 0x8e, 0x35, 0x6b, 0x00, 0x00, 0x00, 0x00, 0x00, 0x00, 0x00, 0x00, 0x00, 0x00, 0x00, 0x00,
    0x00, 0x00, 0x00, 0x00, 0x00, 0x00, 0x00, 0x00, 0x00, 0x00, 0x00, 0x00, 0x00, 0x00, 0x00, 0x8e, 0x35, 0x09, 0x8e, 0x35, 0x9b, 0x8e, 0x35, 0x9b,
    0x8e, 0x35, 0xd2, 0x8e, 0x35, 0xff, 0x8e, 0x35, 0xa6, 0x8e, 0x35, 0x9b, 0x8e, 0x35, 0x9b, 0x8e, 0x35, 0xa0, 0x8e, 0x35, 0x60, 0x00, 0x00, 0x00,
    0x00, 0x00, 0x00, 0x00, 0x00, 0x00, 0x00, 0x00, 0x00, 0x00, 0x00, 0x00, 0x00, 0x00, 0x00, 0x00, 0x00, 0x00, 0x8e, 0x35, 0x94, 0x8e, 0x35, 0xff,
    0x8e, 0x35, 0x98, 0x00, 0x00, 0x00, 0x00, 0x00, 0x00, 0x00, 0x00, 0x00, 0x00, 0x00, 0x00, 0x00, 0x00, 0x00, 0x8e, 0x35, 0xff, 0x8e, 0x35, 0xff,
    0x8e, 0x35, 0xff, 0x8e, 0x35, 0xff, 0x8e, 0x35, 0xff, 0x8e, 0x35, 0xff, 0x8e, 0x35, 0xff, 0x8e, 0x35, 0xff, 0x00, 0x00, 0x00, 0x8e, 0x35, 0x01,
    0x8e, 0x35, 0xd5, 0x8e, 0x35, 0xff, 0x8e, 0x35, 0xff, 0x8e, 0x35, 0xff, 0x8e, 0x35, 0xff, 0x8e, 0x35, 0xff, 0x8e, 0x35, 0xff, 0x8e, 0x35, 0xff,
    0x8e, 0x35, 0xff, 0x8e, 0x35, 0x51, 0x00, 0x00, 0x00, 0x00, 0x00, 0x00, 0x00, 0x00, 0x00, 0x00, 0x00, 0x00, 0x00, 0x00, 0x00, 0x00, 0x00, 0x00,
    0x00, 0x00, 0x00, 0x00, 0x00, 0x00, 0x00, 0x00, 0x00, 0x00, 0x00, 0x00, 0x00, 0x00, 0x00, 0x00, 0x00, 0x00, 0x00, 0x00, 0x00, 0x00, 0x00, 0x00,
    0x00, 0x00, 0x00, 0x00, 0x00, 0x00, 0x00, 0x00, 0x00, 0x00, 0x00, 0x00, 0x00, 0x00, 0x00, 0x00, 0x00, 0x00, 0x00, 0x00, 0x00, 0x00, 0x00, 0x00,
    0x00, 0x00, 0x00, 0x00, 0x00, 0x00, 0x00, 0x00, 0x00, 0x00, 0x00, 0x00, 0x00, 0x00, 0x00, 0x00, 0x00, 0x00, 0x00, 0x00, 0x00, 0x00, 0x00, 0x00,
    0x8e, 0x35, 0x43, 0x8e, 0x35, 0xff, 0x8e, 0x35, 0x7b, 0x00, 0x00, 0x00, 0x00, 0x00, 0x00, 0x00, 0x00, 0x00, 0x00, 0x00, 0x00, 0x00, 0x00, 0x00,
    0x8e, 0x35, 0x13, 0x8e, 0x35, 0xff, 0x8e, 0x35, 0xaf, 0x00, 0x00, 0x00, 0x00, 0x00, 0x00, 0x00, 0x00, 0x00, 0x00, 0x00, 0x00, 0x00, 0x00, 0x00,
    0x00, 0x00, 0x00, 0x8e, 0x35, 0x02, 0x8e, 0x35, 0x9b, 0x8e, 0x35, 0x9b, 0x8e, 0x35, 0xd6, 0x8e, 0x35, 0xfe, 0x8e, 0x35, 0x9c, 0x8e, 0x35, 0x9b,
    0x8e, 0x35, 0x9e, 0x8e, 0x35, 0x84, 0x00, 0x00, 0x00, 0x00, 0x00, 0x00, 0x8e, 0x35, 0x14, 0x8e, 0x35, 0xef, 0x8e, 0x35, 0xdd, 0x8e, 0x35, 0x08,
    0x00, 0x00, 0x00, 0x00, 0x00, 0x00, 0x8e, 0x35, 0x73, 0x8e, 0x35, 0xff, 0x8e, 0x35, 0x64, 0x00, 0x00, 0x00, 0x00, 0x00, 0x00, 0x00, 0x00, 0x00,
    0x00, 0x00, 0x00, 0x00, 0x00, 0x00, 0x00, 0x00, 0x00, 0x00, 0x00, 0x00, 0x00, 0x00, 0x00, 0x8e, 0x35, 0x65, 0x8e, 0x35, 0xb0, 0x8e, 0x35, 0x02,
    0x00, 0x00, 0x00, 0x8e, 0x35, 0x1f, 0x8e, 0x35, 0xff, 0x8e, 0x35, 0x93, 0x00, 0x00, 0x00, 0x00, 0x00, 0x00, 0x8e, 0x35, 0x43, 0x8e, 0x35, 0xff,
    0x8e, 0x35, 0x57, 0x00, 0x00, 0x00, 0x00, 0x00, 0x00, 0x8e, 0x35, 0x7b, 0x8e, 0x35, 0xff, 0x8e, 0x35, 0x3b, 0x00, 0x00, 0x00, 0x00, 0x00, 0x00,
    0x00, 0x00, 0x00, 0x8e, 0x35, 0x0d, 0x8e, 0x35, 0xf2, 0x8e, 0x35, 0xb2, 0x00, 0x00, 0x00, 0x8e, 0x35, 0x0c, 0x00, 0x00, 0x00, 0x00, 0x00, 0x00,
    0x00, 0x00, 0x00, 0x00, 0x00, 0x00, 0x8e, 0x35, 0x48, 0x8e, 0x35, 0xff, 0x8e, 0x35, 0x61, 0x00, 0x00, 0x00, 0x00, 0x00, 0x00, 0x00, 0x00, 0x00,
    0x00, 0x00, 0x00, 0x00, 0x00, 0x00, 0x00, 0x00, 0x00, 0x00, 0x00, 0x00, 0x00, 0x00, 0x00, 0x00, 0x00, 0x00, 0x00, 0x00, 0x00, 0x00, 0x00, 0x00,
    0x00, 0x00, 0x00, 0x00, 0x00, 0x00, 0x00, 0x00, 0x00, 0x00, 0x00, 0x00, 0x00, 0x00, 0x00, 0x00, 0x00, 0x00, 0x8e, 0x35, 0x0f, 0x8e, 0x35, 0xff,
    0x8e, 0x35, 0xff, 0x8e, 0x35, 0xff, 0x8e, 0x35, 0xff, 0x8e, 0x35, 0xff, 0x8e, 0x35, 0xff, 0x8e, 0x35, 0xff, 0x8e, 0x35, 0xff, 0x8e, 0x35, 0xae,
    0x00, 0x00, 0x00, 0x00, 0x00, 0x00, 0x00, 0x00, 0x00, 0x00, 0x00, 0x00, 0x00, 0x00, 0x00, 0x00, 0x00, 0x00, 0x8e, 0x35, 0x72, 0x8e, 0x35, 0xff,
    0x8e, 0x35, 0xb5, 0x8e, 0x35, 0x05, 0x00, 0x00, 0x00, 0x00, 0x00, 0x00, 0x00, 0x00, 0x00, 0x00, 0x00, 0x00, 0x00, 0x00, 0x00, 0x8e, 0x35, 0xff,
    0x8e, 0x35, 0x93, 0x00, 0x00, 0x00, 0x00, 0x00, 0x00, 0x00, 0x00, 0x00, 0x00, 0x00, 0x00, 0x8e, 0x35, 0x97, 0x8e, 0x35, 0xff, 0x00, 0x00, 0x00,
    0x8e, 0x35, 0x4c, 0x8e, 0x35, 0xff, 0x8e, 0x35, 0x90, 0x00, 0x00, 0x00, 0x00, 0x00, 0x00, 0x00, 0x00, 0x00, 0x00, 0x00, 0x00, 0x00, 0x00, 0x00,
    0x8e, 0x35, 0x58, 0x8e, 0x35, 0xff, 0x8e, 0x35, 0x48, 0x00, 0x00, 0x00, 0x00, 0x00, 0x00, 0x00, 0x00, 0x00, 0x00, 0x00, 0x00, 0x00, 0x00, 0x00,
    0x00, 0x00, 0x00, 0x00, 0x00, 0x00, 0x00, 0x00, 0x00, 0x00, 0x00, 0x00, 0x00, 0x00, 0x00, 0x00, 0x00, 0x00, 0x00, 0x00, 0x00, 0x00, 0x00, 0x00,
    0x00, 0x00, 0x00, 0x00, 0x00, 0x00, 0x00, 0x00, 0x00, 0x00, 0x00, 0x00, 0x00, 0x00, 0x00, 0x00, 0x00, 0x00, 0x00, 0x00, 0x00, 0x00, 0x00, 0x00,
    0x00, 0x00, 0x00, 0x00, 0x00, 0x00, 0x00, 0x00, 0x00, 0x00, 0x00, 0x00, 0x00, 0x00, 0x00, 0x00, 0x00, 0x00, 0x00, 0x00, 0x00, 0x00, 0x00, 0x00,
    0x00, 0x00, 0x00, 0x8e, 0x35, 0x43, 0x8e, 0x35, 0xff, 0x8e, 0x35, 0x7b, 0x00, 0x00, 0x00, 0x00, 0x00, 0x00, 0x00, 0x00, 0x00, 0x00, 0x00, 0x00,
    0x00, 0x00, 0x00, 0x8e, 0x35, 0x13, 0x8e, 0x35, 0xff, 0x8e, 0x35, 0xaf, 0x00, 0x00, 0x00, 0x00, 0x00, 0x00, 0x00, 0x00, 0x00, 0x00, 0x00, 0x00,
    0x00, 0x00, 0x00, 0x00, 0x00, 0x00, 0x8e, 0x35, 0x03, 0x8e, 0x35, 0xff, 0x8e, 0x35, 0xff, 0x8e, 0x35, 0xff, 0x8e, 0x35, 0xff, 0x8e, 0x35, 0xff,
    0x8e, 0x35, 0xff, 0x8e, 0x35, 0xff, 0x8e, 0x35, 0xd8, 0x00, 0x00, 0x00, 0x00, 0x00, 0x00, 0x8e, 0x35, 0x98, 0x8e, 0x35, 0xff, 0x8e, 0x35, 0x48,
    0x00, 0x00, 0x00, 0x00, 0x00, 0x00, 0x00, 0x00, 0x00, 0x8e, 0x35, 0x03, 0x8e, 0x35, 0xce, 0x8e, 0x35, 0xf0, 0x8e, 0x35, 0x1b, 0x00, 0x00, 0x00,
    0x00, 0x00, 0x00, 0x00, 0x00, 0x00, 0x00, 0x00, 0x00, 0x00, 0x00, 0x00, 0x00, 0x00, 0x00, 0x00, 0x00, 0x00, 0x00, 0x00, 0x00, 0x8e, 0x35, 0x04,
    0x00, 0x00, 0x00, 0x00, 0x00, 0x00, 0x8e, 0x35, 0x1f, 0x8e, 0x35, 0xff, 0x8e, 0x35, 0x93, 0x00, 0x00, 0x00, 0x00, 0x00, 0x00, 0x8e, 0x35, 0x43,
    0x8e, 0x35, 0xff, 0x8e, 0x35, 0x57, 0x00, 0x00, 0x00, 0x00, 0x00, 0x00, 0x8e, 0x35, 0x7b, 0x8e, 0x35, 0xff, 0x8e, 0x35, 0x3b, 0x00, 0x00, 0x00,
    0x00, 0x00, 0x00, 0x00, 0x00, 0x00, 0x8e, 0x35, 0x6f, 0x8e, 0x35, 0xfe, 0x8e, 0x35, 0x31, 0x00, 0x00, 0x00, 0x8e, 0x35, 0x98, 0x8e, 0x35, 0xbb,
    0x8e, 0x35, 0x09, 0x00, 0x00, 0x00, 0x00, 0x00, 0x00, 0x8e, 0x35, 0x91, 0x8e, 0x35, 0xfe, 0x8e, 0x35, 0x19, 0x00, 0x00, 0x00, 0x00, 0x00, 0x00,
    0x00, 0x00, 0x00, 0x00, 0x00, 0x00, 0x00, 0x00, 0x00, 0x00, 0x00, 0x00, 0x00, 0x00, 0x00, 0x00, 0x00, 0x00, 0x00, 0x00, 0x00, 0x00, 0x00, 0x00,
    0x00, 0x00, 0x00, 0x00, 0x00, 0x00, 0x00, 0x00, 0x00, 0x00, 0x00, 0x00, 0x00, 0x00, 0x00, 0x00, 0x00, 0x00, 0x00, 0x00, 0x00, 0x00, 0x00, 0x00,
    0x00, 0x00, 0x00, 0x8e, 0x35, 0x08, 0x8e, 0x35, 0xfa, 0x8e, 0x35, 0xa4, 0x00, 0x00, 0x00, 0x00, 0x00, 0x00, 0x8e, 0x35, 0x11, 0x8e, 0x35, 0xff,
    0x8e, 0x35, 0x91, 0x00, 0x00, 0x00, 0x00, 0x00, 0x00, 0x00, 0x00, 0x00, 0x00, 0x00, 0x00, 0x00, 0x00, 0x00, 0x8e, 0x35, 0x6a, 0x8e, 0x35, 0xff,
    0x8e, 0x35, 0xc2, 0x8e, 0x35, 0x09, 0x00, 0x00, 0x00, 0x00, 0x00, 0x00, 0x00, 0x00, 0x00, 0x00, 0x00, 0x00, 0x00, 0x00, 0x00, 0x00, 0x00, 0x00,
    0x8e, 0x35, 0xff, 0x8e, 0x35, 0x93, 0x00, 0x00, 0x00, 0x00, 0x00, 0x00, 0x00, 0x00, 0x00, 0x00, 0x00, 0x00, 0x8e, 0x35, 0x97, 0x8e, 0x35, 0xff,
    0x8e, 0x35, 0x01, 0x8e, 0x35, 0xc8, 0x8e, 0x35, 0xfc, 0x8e, 0x35, 0x1f, 0x00, 0x00, 0x00, 0x00, 0x00, 0x00, 0x00, 0x00, 0x00, 0x00, 0x00, 0x00,
    0x00, 0x00, 0x00, 0x8e, 0x35, 0x60, 0x8e, 0x35, 0xff, 0x8e, 0x35, 0x3f, 0x00, 0x00, 0x00, 0x00, 0x00, 0x00, 0x00, 0x00, 0x00, 0x00, 0x00, 0x00,
    0x00, 0x00, 0x00, 0x00, 0x00, 0x00, 0x00, 0x00, 0x00, 0x00, 0x00, 0x00, 0x00, 0x00, 0x00, 0x00, 0x00, 0x00, 0x00, 0x00, 0x00, 0x00, 0x00, 0x00,
    0x00, 0x00, 0x00, 0x00, 0x00, 0x00, 0x00, 0x00, 0x00, 0x00, 0x00, 0x00, 0x00, 0x00, 0x00, 0x00, 0x00, 0x00, 0x00, 0x00, 0x00, 0x00, 0x00, 0x00,
    0x00, 0x00, 0x00, 0x00, 0x00, 0x00, 0x00, 0x00, 0x00, 0x00, 0x00, 0x00, 0x00, 0x00, 0x00, 0x00, 0x00, 0x00, 0x00, 0x00, 0x00, 0x00, 0x00, 0x00,
    0x00, 0x00, 0x00, 0x00, 0x00, 0x00, 0x8e, 0x35, 0x43, 0x8e, 0x35, 0xff, 0x8e, 0x35, 0x7b, 0x00, 0x00, 0x00, 0x00, 0x00, 0x00, 0x00, 0x00, 0x00,
    0x00, 0x00, 0x00, 0x00, 0x00, 0x00, 0x8e, 0x35, 0x13, 0x8e, 0x35, 0xff, 0x8e, 0x35, 0xaf, 0x00, 0x00, 0x00, 0x00, 0x00, 0x00, 0x00, 0x00, 0x00,
    0x00, 0x00, 0x00, 0x00, 0x00, 0x00, 0x00, 0x00, 0x00, 0x00, 0x00, 0x00, 0x00, 0x00, 0x00, 0x8e, 0x35, 0x0a, 0x8e, 0x35, 0xfc, 0x8e, 0x35, 0x88,
    0x00, 0x00, 0x00, 0x00, 0x00, 0x00, 0x8e, 0x35, 0xce, 0x8e, 0x35, 0xc2, 0x00, 0x00, 0x00, 0x8e, 0x35, 0x3e, 0x8e, 0x35, 0xfe, 0x8e, 0x35, 0xab,
    0x00, 0x00, 0x00, 0x00, 0x00, 0x00, 0x00, 0x00, 0x00, 0x00, 0x00, 0x00, 0x00, 0x00, 0x00, 0x8e, 0x35, 0x34, 0x8e, 0x35, 0xfc, 0x8e, 0x35, 0xad,
    0x00, 0x00, 0x00, 0x00, 0x00, 0x00, 0x00, 0x00, 0x00, 0x00, 0x00, 0x00, 0x00, 0x00, 0x00, 0x00, 0x00, 0x00, 0x00, 0x00, 0x00, 0x00, 0x00, 0x00,
    0x00, 0x00, 0x00, 0x00, 0x00, 0x00, 0x00, 0x00, 0x00, 0x8e, 0x35, 0x1f, 0x8e, 0x35, 0xff, 0x8e, 0x35, 0x93, 0x00, 0x00, 0x00, 0x00, 0x00, 0x00,
    0x8e, 0x35, 0x43, 0x8e, 0x35, 0xff, 0x8e, 0x35, 0x57, 0x00, 0x00, 0x00, 0x00, 0x00, 0x00, 0x8e, 0x35, 0x7b, 0x8e, 0x35, 0xff, 0x8e, 0x35, 0x3b,
    0x00, 0x00, 0x00, 0x00, 0x00, 0x00, 0x8e, 0x35, 0x0a, 0x8e, 0x35, 0xe3, 0x8e, 0x35, 0xad, 0x00, 0x00, 0x00, 0x8e, 0x35, 0x16, 0x8e, 0x35, 0xf7,
    0x8e, 0x35, 0xbd, 0x8e, 0x35, 0x35, 0x8e, 0x35, 0x93, 0x8e, 0x35, 0x93, 0x8e, 0x35, 0xe7, 0x8e, 0x35, 0xf3, 0x8e, 0x35, 0x93, 0x8e, 0x35, 0x93,
    0x8e, 0x35, 0x93, 0x8e, 0x35, 0x1b, 0x00, 0x00, 0x00, 0x00, 0x00, 0x00, 0x00, 0x00, 0x00, 0x00, 0x00, 0x00, 0x00, 0x00, 0x00, 0x00, 0x00, 0x00,
    0x00, 0x00, 0x00, 0x00, 0x00, 0x00, 0x00, 0x00, 0x00, 0x00, 0x00, 0x00, 0x00, 0x00, 0x00, 0x00, 0x00, 0x00, 0x00, 0x00, 0x00, 0x00, 0x00, 0x00,
    0x00, 0x00, 0x00, 0x00, 0x00, 0x00, 0x8e, 0x35, 0x38, 0x8e, 0x35, 0xff, 0x8e, 0x35, 0x70, 0x00, 0x00, 0x00, 0x00, 0x00, 0x00, 0x8e, 0x35, 0x33,
    0x8e, 0x35, 0xff, 0x8e, 0x35, 0x76, 0x00, 0x00, 0x00, 0x00, 0x00, 0x00, 0x00, 0x00, 0x00, 0x00, 0x00, 0x00, 0x00, 0x00, 0x00, 0x8e, 0x35, 0xcf,
    0x8e, 0x35, 0xfa, 0x8e, 0x35, 0x0f, 0x00, 0x00, 0x00, 0x00, 0x00, 0x00, 0x00, 0x00, 0x00, 0x00, 0x00, 0x00, 0x00, 0x00, 0x00, 0x00, 0x00, 0x00,
    0x00, 0x00, 0x00, 0x8e, 0x35, 0xff, 0x8e, 0x35, 0x93, 0x00, 0x00, 0x00, 0x00, 0x00, 0x00, 0x00, 0x00, 0x00, 0x00, 0x00, 0x00, 0x8e, 0x35, 0x97,
    0x8e, 0x35, 0xff, 0x8e, 0x35, 0x69, 0x8e, 0x35, 0xff, 0x8e, 0x35, 0x9d, 0x00, 0x00, 0x00, 0x00, 0x00, 0x00, 0x00, 0x00, 0x00, 0x00, 0x00, 0x00,
    0x00, 0x00, 0x00, 0x00, 0x00, 0x00, 0x8e, 0x35, 0x69, 0x8e, 0x35, 0xff, 0x8e, 0x35, 0x36, 0x00, 0x00, 0x00, 0x00, 0x00, 0x00, 0x00, 0x00, 0x00,
    0x00, 0x00, 0x00, 0x00, 0x00, 0x00, 0x00, 0x00, 0x00, 0x00, 0x00, 0x00, 0x00, 0x00, 0x00, 0x00, 0x00, 0x00, 0x00, 0x00, 0x00, 0x00, 0x00, 0x00,
    0x00, 0x00, 0x00, 0x00, 0x00, 0x00, 0x00, 0x00, 0x00, 0x00, 0x00, 0x00, 0x00, 0x00, 0x00, 0x00, 0x00, 0x00, 0x00, 0x00, 0x00, 0x00, 0x00, 0x00,
    0x00, 0x00, 0x00, 0x00, 0x00, 0x00, 0x00, 0x00, 0x00, 0x00, 0x00, 0x00, 0x00, 0x00, 0x00, 0x00, 0x00, 0x00, 0x00, 0x00, 0x00, 0x00, 0x00, 0x00,
    0x00, 0x00, 0x00, 0x00, 0x00, 0x00, 0x00, 0x00, 0x00, 0x8e, 0x35, 0x43, 0x8e, 0x35, 0xff, 0x8e, 0x35, 0x7b, 0x00, 0x00, 0x00, 0x00, 0x00, 0x00,
    0x00, 0x00, 0x00, 0x00, 0x00, 0x00, 0x00, 0x00, 0x00, 0x8e, 0x35, 0x13, 0x8e, 0x35, 0xff, 0x8e, 0x35, 0xaf, 0x00, 0x00, 0x00, 0x00, 0x00, 0x00,
    0x00, 0x00, 0x00, 0x00, 0x00, 0x00, 0x00, 0x00, 0x00, 0x00, 0x00, 0x00, 0x00, 0x00, 0x00, 0x00, 0x00, 0x00, 0x8e, 0x35, 0x3c, 0x8e, 0x35, 0xff,
    0x8e, 0x35, 0x54, 0x00, 0x00, 0x00, 0x00, 0x00, 0x00, 0x8e, 0x35, 0xf0, 0x8e, 0x35, 0xab, 0x8e, 0x35, 0x19, 0x8e, 0x35, 0xe0, 0x8e, 0x35, 0xfe,
    0x8e, 0x35, 0x6d, 0x8e, 0x35, 0x62, 0x8e, 0x35, 0x74, 0x8e, 0x35, 0x85, 0x8e, 0x35, 0x97, 0x8e, 0x35, 0xa8, 0x8e, 0x35, 0xb9, 0x8e, 0x35, 0xf4,
    0x8e, 0x35, 0xff, 0x8e, 0x35, 0x37, 0x00, 0x00, 0x00, 0x8e, 0x35, 0x17, 0x8e, 0x35, 0xff, 0x8e, 0x35, 0xff, 0x8e, 0x35, 0xff, 0x8e, 0x35, 0xff,
    0x8e, 0x35, 0xd3, 0x00, 0x00, 0x00, 0x00, 0x00, 0x00, 0x00, 0x00, 0x00, 0x8e, 0x35, 0x1f, 0x8e, 0x35, 0xff, 0x8e, 0x35, 0x93, 0x00, 0x00, 0x00,
    0x00, 0x00, 0x00, 0x8e, 0x35, 0x43, 0x8e, 0x35, 0xff, 0x8e, 0x35, 0x57, 0x00, 0x00, 0x00, 0x00, 0x00, 0x00, 0x8e, 0x35, 0x7b, 0x8e, 0x35, 0xff,
    0x8e, 0x35, 0x3b, 0x00, 0x00, 0x00, 0x8e, 0x35, 0x03, 0x8e, 0x35, 0xa1, 0x8e, 0x35, 0xff, 0x8e, 0x35, 0x8c, 0x8e, 0x35, 0x77, 0x8e, 0x35, 0xb7,
    0x8e, 0x35, 0xff, 0x8e, 0x35, 0x36, 0x8e, 0x35, 0x5b, 0x8e, 0x35, 0xff, 0x8e, 0x35, 0xff, 0x8e, 0x35, 0xff, 0x8e, 0x35, 0xff, 0x8e, 0x35, 0xff,
    0x8e, 0x35, 0xff, 0x8e, 0x35, 0xff, 0x8e, 0x35, 0x2f, 0x00, 0x00, 0x00, 0x00, 0x00, 0x00, 0x00, 0x00, 0x00, 0x00, 0x00, 0x00, 0x00, 0x00, 0x00,
    0x00, 0x00, 0x00, 0x00, 0x00, 0x00, 0x00, 0x00, 0x00, 0x00, 0x00, 0x00, 0x00, 0x00, 0x00, 0x00, 0x00, 0x00, 0x00, 0x00, 0x00, 0x00, 0x00, 0x00,
    0x00, 0x00, 0x00, 0x00, 0x00, 0x00, 0x00, 0x00, 0x00, 0x8e, 0x35, 0x6d, 0x8e, 0x35, 0xff, 0x8e, 0x35, 0x3c, 0x00, 0x00, 0x00, 0x00, 0x00, 0x00,
    0x8e, 0x35, 0x58, 0x8e, 0x35, 0xff, 0x8e, 0x35, 0x4d, 0x00, 0x00, 0x00, 0x00, 0x00, 0x00, 0x00, 0x00, 0x00, 0x00, 0x00, 0x00, 0x00, 0x00, 0x00,
    0x8e, 0x35, 0xcf, 0x8e, 0x35, 0xf7, 0x00, 0x00, 0x00, 0x00, 0x00, 0x00, 0x00, 0x00, 0x00, 0x00, 0x00, 0x00, 0x00, 0x00, 0x00, 0x00, 0x00, 0x00,
    0x00, 0x00, 0x00, 0x00, 0x00, 0x00, 0x8e, 0x35, 0xff, 0x8e, 0x35, 0x93, 0x00, 0x00, 0x00, 0x00, 0x00, 0x00, 0x00, 0x00, 0x00, 0x00, 0x00, 0x00,
    0x8e, 0x35, 0x97, 0x8e, 0x35, 0xff, 0x8e, 0x35, 0x57, 0x8e, 0x35, 0xe0, 0x8e, 0x35, 0x16, 0x8e, 0x35, 0x11, 0x8e, 0x35, 0x09, 0x00, 0x00, 0x00,
    0x00, 0x00, 0x00, 0x00, 0x00, 0x00, 0x00, 0x00, 0x00, 0x8e, 0x35, 0x72, 0x8e, 0x35, 0xff, 0x8e, 0x35, 0x2c, 0x00, 0x00, 0x00, 0x00, 0x00, 0x00,
    0x00, 0x00, 0x00, 0x00, 0x00, 0x00, 0x00, 0x00, 0x00, 0x00, 0x00, 0x00, 0x00, 0x00, 0x00, 0x00, 0x00, 0x00, 0x00, 0x00, 0x00, 0x00, 0x00, 0x00,
    0x00, 0x00, 0x00, 0x00, 0x00, 0x00, 0x00, 0x00, 0x00, 0x00, 0x00, 0x00, 0x00, 0x00, 0x00, 0x00, 0x00, 0x00, 0x00, 0x00, 0x00, 0x00, 0x00, 0x00,
    0x00, 0x00, 0x00, 0x00, 0x00, 0x00, 0x00, 0x00, 0x00, 0x00, 0x00, 0x00, 0x00, 0x00, 0x00, 0x00, 0x00, 0x00, 0x00, 0x00, 0x00, 0x00, 0x00, 0x00,
    0x00, 0x00, 0x00, 0x00, 0x00, 0x00, 0x00, 0x00, 0x00, 0x00, 0x00, 0x00, 0x8e, 0x35, 0x45, 0x8e, 0x35, 0xff, 0x8e, 0x35, 0x7b, 0x00, 0x00, 0x00,
    0x00, 0x00, 0x00, 0x00, 0x00, 0x00, 0x00, 0x00, 0x00, 0x00, 0x00, 0x00, 0x8e, 0x35, 0x13, 0x8e, 0x35, 0xff, 0x8e, 0x35, 0xaf, 0x00, 0x00, 0x00,
    0x00, 0x00, 0x00, 0x00, 0x00, 0x00, 0x00, 0x00, 0x00, 0x00, 0x00, 0x00, 0x00, 0x00, 0x00, 0x00, 0x00, 0x00, 0x00, 0x00, 0x00, 0x8e, 0x35, 0x71,
    0x8e, 0x35, 0xff, 0x8e, 0x35, 0x20, 0x00, 0x00, 0x00, 0x8e, 0x35, 0x14, 0x8e, 0x35, 0xff, 0x8e, 0x35, 0x88, 0x8e, 0x35, 0x94, 0x8e, 0x35, 0xff,
    0x8e, 0x35, 0xff, 0x8e, 0x35, 0xff, 0x8e, 0x35, 0xff, 0x8e, 0x35, 0xff, 0x8e, 0x35, 0xff, 0x8e, 0x35, 0xff, 0x8e, 0x35, 0xff, 0x8e, 0x35, 0xfc,
    0x8e, 0x35, 0xe8, 0x8e, 0x35, 0xfc, 0x8e, 0x35, 0xb5, 0x00, 0x00, 0x00, 0x8e, 0x35, 0x10, 0x8e, 0x35, 0xaf, 0x8e, 0x35, 0xaf, 0x8e, 0x35, 0xaf,
    0x8e, 0x35, 0xf2, 0x8e, 0x35, 0xd3, 0x00, 0x00, 0x00, 0x00, 0x00, 0x00, 0x00, 0x00, 0x00, 0x8e, 0x35, 0x21, 0x8e, 0x35, 0xff, 0x8e, 0x35, 0x92,
    0x00, 0x00, 0x00, 0x00, 0x00, 0x00, 0x8e, 0x35, 0x43, 0x8e, 0x35, 0xff, 0x8e, 0x35, 0x57, 0x00, 0x00, 0x00, 0x00, 0x00, 0x00, 0x8e, 0x35, 0x7b,
    0x8e, 0x35, 0xff, 0x8e, 0x35, 0x3b, 0x00, 0x00, 0x00, 0x8e, 0x35, 0x02, 0x8e, 0x35, 0xe2, 0x8e, 0x35, 0xff, 0x8e, 0x35, 0xff, 0x8e, 0x35, 0xff,
    0x8e, 0x35, 0xff, 0x8e, 0x35, 0xac, 0x00, 0x00, 0x00, 0x00, 0x00, 0x00, 0x00, 0x00, 0x00, 0x8e, 0x35, 0x95, 0x8e, 0x35, 0xf9, 0x8e, 0x35, 0x14,
    0x00, 0x00, 0x00, 0x8e, 0x35, 0x77, 0x8e, 0x35, 0xff, 0x8e, 0x35, 0x2f, 0x00, 0x00, 0x00, 0x00, 0x00, 0x00, 0x00, 0x00, 0x00, 0x00, 0x00, 0x00,
    0x00, 0x00, 0x00, 0x00, 0x00, 0x00, 0x00, 0x00, 0x00, 0x00, 0x00, 0x00, 0x00, 0x00, 0x00, 0x00, 0x00, 0x00, 0x00, 0x00, 0x00, 0x00, 0x00, 0x00,
    0x00, 0x00, 0x00, 0x00, 0x00, 0x00, 0x00, 0x00, 0x00, 0x00, 0x00, 0x00, 0x8e, 0x35, 0xa2, 0x8e, 0x35, 0xfb, 0x8e, 0x35, 0x0b, 0x00, 0x00, 0x00,
    0x00, 0x00, 0x00, 0x8e, 0x35, 0x8b, 0x8e, 0x35, 0xff, 0x8e, 0x35, 0x1e, 0x00, 0x00, 0x00, 0x00, 0x00, 0x00, 0x00, 0x00, 0x00, 0x00, 0x00, 0x00,
    0x00, 0x00, 0x00, 0x8e, 0x35, 0xcf, 0x8e, 0x35, 0xf7, 0x00, 0x00, 0x00, 0x00, 0x00, 0x00, 0x00, 0x00, 0x00, 0x00, 0x00, 0x00, 0x00, 0x00, 0x00,
    0x00, 0x00, 0x00, 0x00, 0x00, 0x00, 0x00, 0x00, 0x00, 0x8e, 0x35, 0xff, 0x8e, 0x35, 0x93, 0x00, 0x00, 0x00, 0x00, 0x00, 0x00, 0x00, 0x00, 0x00,
    0x00, 0x00, 0x00, 0x8e, 0x35, 0x97, 0x8e, 0x35, 0xff, 0x00, 0x00, 0x00, 0x8e, 0x35, 0x07, 0x8e, 0x35, 0x19, 0x8e, 0x35, 0xec, 0x8e, 0x35, 0x98,
    0x00, 0x00, 0x00, 0x00, 0x00, 0x00, 0x00, 0x00, 0x00, 0x00, 0x00, 0x00, 0x8e, 0x35, 0x7d, 0x8e, 0x35, 0xff, 0x8e, 0x35, 0x21, 0x00, 0x00, 0x00,
    0x00, 0x00, 0x00, 0x00, 0x00, 0x00, 0x00, 0x00, 0x00, 0x00, 0x00, 0x00, 0x00, 0x00, 0x00, 0x00, 0x00, 0x00, 0x00, 0x00, 0x00, 0x00, 0x00, 0x00,
    0x00, 0x00, 0x00, 0x00, 0x00, 0x00, 0x00, 0x00, 0x00, 0x00, 0x00, 0x00, 0x00, 0x00, 0x00, 0x00, 0x00, 0x00, 0x00, 0x00, 0x00, 0x00, 0x00, 0x00,
    0x00, 0x00, 0x00, 0x00, 0x00, 0x00, 0x00, 0x00, 0x00, 0x00, 0x00, 0x00, 0x00, 0x00, 0x00, 0x00, 0x00, 0x00, 0x00, 0x00, 0x00, 0x00, 0x00, 0x00,
    0x8e, 0x35, 0x85, 0x8e, 0x35, 0xa3, 0x8e, 0x35, 0xa3, 0x8e, 0x35, 0xa3, 0x8e, 0x35, 0xa3, 0x8e, 0x35, 0xbe, 0x8e, 0x35, 0xff, 0x8e, 0x35, 0xd0,
    0x8e, 0x35, 0xa3, 0x8e, 0x35, 0xa3, 0x8e, 0x35, 0xa3, 0x8e, 0x35, 0xa3, 0x8e, 0x35, 0xa3, 0x8e, 0x35, 0xab, 0x8e, 0x35, 0xff, 0x8e, 0x35, 0xe3,
    0x8e, 0x35, 0xa3, 0x8e, 0x35, 0xa3, 0x8e, 0x35, 0xa3, 0x8e, 0x35, 0xa3, 0x8e, 0x35, 0x85, 0x00, 0x00, 0x00, 0x00, 0x00, 0x00, 0x00, 0x00, 0x00,
    0x8e, 0x35, 0xa7, 0x8e, 0x35, 0xea, 0x00, 0x00, 0x00, 0x00, 0x00, 0x00, 0x8e, 0x35, 0x37, 0x8e, 0x35, 0xff, 0x8e, 0x35, 0x62, 0x8e, 0x35, 0x46,
    0x8e, 0x35, 0xd0, 0x8e, 0x35, 0xa6, 0x8e, 0x35, 0x8a, 0x8e, 0x35, 0x71, 0x8e, 0x35, 0x59, 0x8e, 0x35, 0x42, 0x8e, 0x35, 0x2b, 0x8e, 0x35, 0x15,
    0x8e, 0x35, 0x02, 0x00, 0x00, 0x00, 0x8e, 0x35, 0xac, 0x8e, 0x35, 0xfe, 0x8e, 0x35, 0x1d, 0x00, 0x00, 0x00, 0x00, 0x00, 0x00, 0x00, 0x00, 0x00,
    0x00, 0x00, 0x00, 0x8e, 0x35, 0xd3, 0x8e, 0x35, 0xd3, 0x00, 0x00, 0x00, 0x00, 0x00, 0x00, 0x00, 0x00, 0x00, 0x8e, 0x35, 0x26, 0x8e, 0x35, 0xff,
    0x8e, 0x35, 0x8d, 0x00, 0x00, 0x00, 0x00, 0x00, 0x00, 0x8e, 0x35, 0x43, 0x8e, 0x35, 0xff, 0x8e, 0x35, 0x57, 0x00, 0x00, 0x00, 0x00, 0x00, 0x00,
    0x8e, 0x35, 0x7b, 0x8e, 0x35, 0xff, 0x8e, 0x35, 0x3b, 0x00, 0x00, 0x00, 0x00, 0x00, 0x00, 0x8e, 0x35, 0x54, 0x8e, 0x35, 0x52, 0x8e, 0x35, 0x25,
    0x8e, 0x35, 0xad, 0x8e, 0x35, 0xf9, 0x8e, 0x35, 0x27, 0x00, 0x00, 0x00, 0x00, 0x00, 0x00, 0x8e, 0x35, 0x0b, 0x8e, 0x35, 0xef, 0x8e, 0x35, 0xa8,
    0x00, 0x00, 0x00, 0x00, 0x00, 0x00, 0x8e, 0x35, 0x77, 0x8e, 0x35, 0xff, 0x8e, 0x35, 0x2f, 0x00, 0x00, 0x00, 0x00, 0x00, 0x00, 0x00, 0x00, 0x00,
    0x00, 0x00, 0x00, 0x00, 0x00, 0x00, 0x00, 0x00, 0x00, 0x00, 0x00, 0x00, 0x00, 0x00, 0x00, 0x00, 0x00, 0x00, 0x00, 0x00, 0x00, 0x00, 0x00, 0x00,
    0x00, 0x00, 0x00, 0x00, 0x00, 0x00, 0x00, 0x00, 0x00, 0x00, 0x00, 0x00, 0x00, 0x00, 0x00, 0x8e, 0x35, 0xdf, 0x8e, 0x35, 0xc8, 0x00, 0x00, 0x00,
    0x00, 0x00, 0x00, 0x00, 0x00, 0x00, 0x8e, 0x35, 0xc4, 0x8e, 0x35, 0xee, 0x8e, 0x35, 0x24, 0x8e, 0x35, 0xff, 0x8e, 0x35, 0xff, 0x8e, 0x35, 0xff,
    0x8e, 0x35, 0xff, 0x8e, 0x35, 0xff, 0x8e, 0x35, 0xff, 0x8e, 0x35, 0xff, 0x8e, 0x35, 0xff, 0x8e, 0x35, 0xff, 0x8e, 0x35, 0xff, 0x8e, 0x35, 0xff,
    0x8e, 0x35, 0xff, 0x8e, 0x35, 0x0f, 0x00, 0x00, 0x00, 0x00, 0x00, 0x00, 0x8e, 0x35, 0xff, 0x8e, 0x35, 0xff, 0x8e, 0x35, 0xff, 0x8e, 0x35, 0xff,
    0x8e, 0x35, 0xff, 0x8e, 0x35, 0xff, 0x8e, 0x35, 0xff, 0x8e, 0x35, 0xff, 0x00, 0x00, 0x00, 0x00, 0x00, 0x00, 0x00, 0x00, 0x00, 0x8e, 0x35, 0x9e,
    0x8e, 0x35, 0xff, 0x8e, 0x35, 0x53, 0x00, 0x00, 0x00, 0x00, 0x00, 0x00, 0x00, 0x00, 0x00, 0x8e, 0x35, 0x87, 0x8e, 0x35, 0xff, 0x8e, 0x35, 0x16,
    0x00, 0x00, 0x00, 0x00, 0x00, 0x00, 0x00, 0x00, 0x00, 0x00, 0x00, 0x00, 0x00, 0x00, 0x00, 0x00, 0x00, 0x00, 0x00, 0x00, 0x00, 0x00, 0x00, 0x00,
    0x00, 0x00, 0x00, 0x00, 0x00, 0x00, 0x00, 0x00, 0x00, 0x00, 0x00, 0x00, 0x00, 0x00, 0x00, 0x00, 0x00, 0x00, 0x00, 0x00, 0x00, 0x00, 0x00, 0x00,
    0x00, 0x00, 0x00, 0x00, 0x00, 0x00, 0x00, 0x00, 0x00, 0x00, 0x00, 0x00, 0x00, 0x00, 0x00, 0x00, 0x00, 0x00, 0x00, 0x00, 0x00, 0x00, 0x00, 0x00,
    0x00, 0x00, 0x00, 0x8e, 0x35, 0xcf, 0x8e, 0x35, 0xff, 0x8e, 0x35, 0xff, 0x8e, 0x35, 0xff, 0x8e, 0x35, 0xff, 0x8e, 0x35, 0xff, 0x8e, 0x35, 0xff,
    0x8e, 0x35, 0xff, 0x8e, 0x35, 0xff, 0x8e, 0x35, 0xff, 0x8e, 0x35, 0xff, 0x8e, 0x35, 0xff, 0x8e, 0x35, 0xff, 0x8e, 0x35, 0xff, 0x8e, 0x35, 0xff,
    0x8e, 0x35, 0xff, 0x8e, 0x35, 0xff, 0x8e, 0x35, 0xff, 0x8e, 0x35, 0xff, 0x8e, 0x35, 0xff, 0x8e, 0x35, 0xcf, 0x00, 0x00, 0x00, 0x00, 0x00, 0x00,
    0x00, 0x00, 0x00, 0x8e, 0x35, 0xe6, 0x8e, 0x35, 0xaf, 0x00, 0x00, 0x00, 0x00, 0x00, 0x00, 0x8e, 0x35, 0x5f, 0x8e, 0x35, 0xff, 0x8e, 0x35, 0x3a,
    0x00, 0x00, 0x00, 0x00, 0x00, 0x00, 0x00, 0x00, 0x00, 0x00, 0x00, 0x00, 0x00, 0x00, 0x00, 0x00, 0x00, 0x00, 0x00, 0x00, 0x00, 0x00, 0x00, 0x00,
    0x00, 0x00, 0x00, 0x00, 0x00, 0x00, 0x00, 0x00, 0x00, 0x8e, 0x35, 0x34, 0x8e, 0x35, 0x3f, 0x00, 0x00, 0x00, 0x00, 0x00, 0x00, 0x00, 0x00, 0x00,
    0x00, 0x00, 0x00, 0x00, 0x00, 0x00, 0x8e, 0x35, 0xd3, 0x8e, 0x35, 0xd3, 0x00, 0x00, 0x00, 0x00, 0x00, 0x00, 0x00, 0x00, 0x00, 0x8e, 0x35, 0x2c,
    0x8e, 0x35, 0xff, 0x8e, 0x35, 0x87, 0x00, 0x00, 0x00, 0x00, 0x00, 0x00, 0x8e, 0x35, 0x43, 0x8e, 0x35, 0xff, 0x8e, 0x35, 0x57, 0x00, 0x00, 0x00,
    0x00, 0x00, 0x00, 0x8e, 0x35, 0x7b, 0x8e, 0x35, 0xff, 0x8e, 0x35, 0x3b, 0x00, 0x00, 0x00, 0x00, 0x00, 0x00, 0x00, 0x00, 0x00, 0x00, 0x00, 0x00,
    0x8e, 0x35, 0x41, 0x8e, 0x35, 0xff, 0x8e, 0x35, 0x7a, 0x00, 0x00, 0x00, 0x00, 0x00, 0x00, 0x00, 0x00, 0x00, 0x8e, 0x35, 0x72, 0x8e, 0x35, 0xff,
    0x8e, 0x35, 0x45, 0x00, 0x00, 0x00, 0x00, 0x00, 0x00, 0x8e, 0x35, 0x77, 0x8e, 0x35, 0xff, 0x8e, 0x35, 0x2f, 0x00, 0x00, 0x00, 0x00, 0x00, 0x00,
    0x00, 0x00, 0x00, 0x00, 0x00, 0x00, 0x00, 0x00, 0x00, 0x00, 0x00, 0x00, 0x00, 0x00, 0x00, 0x00, 0x00, 0x00, 0x00, 0x00, 0x00, 0x00, 0x00, 0x00,
    0x00, 0x00, 0x00, 0x00, 0x00, 0x00, 0x00, 0x00, 0x00, 0x00, 0x00, 0x00, 0x00, 0x00, 0x00, 0x8e, 0x35, 0x21, 0x8e, 0x35, 0xff, 0x8e, 0x35, 0x8a,
    0x00, 0x00, 0x00, 0x00, 0x00, 0x00, 0x8e, 0x35, 0x18, 0x8e, 0x35, 0xfd, 0x8e, 0x35, 0xac, 0x8e, 0x35, 0x17, 0x8e, 0x35, 0xa3, 0x8e, 0x35, 0xa3,
    0x8e, 0x35, 0xa3, 0x8e, 0x35, 0xa3, 0x8e, 0x35, 0xa3, 0x8e, 0x35, 0xee, 0x8e, 0x35, 0xfd, 0x8e, 0x35, 0xa3, 0x8e, 0x35, 0xa3, 0x8e, 0x35, 0xa3,
    0x8e, 0x35, 0xa3, 0x8e, 0x35, 0xa3, 0x8e, 0x35, 0x0a, 0x00, 0x00, 0x00, 0x00, 0x00, 0x00, 0x8e, 0x35, 0xff, 0x8e, 0x35, 0xcd, 0x8e, 0x35, 0x87,
    0x8e, 0x35, 0x87, 0x8e, 0x35, 0x87, 0x8e, 0x35, 0x87, 0x8e, 0x35, 0xcf, 0x8e, 0x35, 0xff, 0x00, 0x00, 0x00, 0x00, 0x00, 0x00, 0x00, 0x00, 0x00,
    0x8e, 0x35, 0x0e, 0x8e, 0x35, 0xe1, 0x8e, 0x35, 0xef, 0x8e, 0x35, 0x1b, 0x00, 0x00, 0x00, 0x00, 0x00, 0x00, 0x8e, 0x35, 0x94, 0x8e, 0x35, 0xff,
    0x8e, 0x35, 0x0b, 0x00, 0x00, 0x00, 0x00, 0x00, 0x00, 0x00, 0x00, 0x00, 0x00, 0x00, 0x00, 0x00, 0x00, 0x00, 0x00, 0x00, 0x00, 0x00, 0x00, 0x00,
    0x00, 0x00, 0x00, 0x00, 0x00, 0x00, 0x00, 0x00, 0x00, 0x00, 0x00, 0x00, 0x00, 0x00, 0x00, 0x00, 0x00, 0x00, 0x00, 0x00, 0x00, 0x00, 0x00, 0x00,
    0x00, 0x00, 0x00, 0x00, 0x00, 0x00, 0x00, 0x00, 0x00, 0x00, 0x00, 0x00, 0x00, 0x00, 0x00, 0x00, 0x00, 0x00, 0x00, 0x00, 0x00, 0x00, 0x00, 0x00,
    0x00, 0x00, 0x00, 0x00, 0x00, 0x00, 0x00, 0x00, 0x00, 0x00, 0x00, 0x00, 0x00, 0x00, 0x00, 0x00, 0x00, 0x00, 0x00, 0x00, 0x00, 0x8e, 0x35, 0x7a,
    0x8e, 0x35, 0xff, 0x8e, 0x35, 0x4f, 0x00, 0x00, 0x00, 0x00, 0x00, 0x00, 0x00, 0x00, 0x00, 0x00, 0x00, 0x00, 0x00, 0x00, 0x00, 0x8e, 0x35, 0x13,
    0x8e, 0x35, 0xff, 0x8e, 0x35, 0xaf, 0x00, 0x00, 0x00, 0x00, 0x00, 0x00, 0x00, 0x00, 0x00, 0x00, 0x00, 0x00, 0x00, 0x00, 0x00, 0x00, 0x00, 0x00,
    0x00, 0x00, 0x00, 0x8e, 0x35, 0x2b, 0x8e, 0x35, 0xff, 0x8e, 0x35, 0x74, 0x00, 0x00, 0x00, 0x00, 0x00, 0x00, 0x8e, 0x35, 0xa3, 0x8e, 0x35, 0xfa,
    0x8e, 0x35, 0x08, 0x00, 0x00, 0x00, 0x00, 0x00, 0x00, 0x00, 0x00, 0x00, 0x00, 0x00, 0x00, 0x00, 0x00, 0x00, 0x00, 0x00, 0x00, 0x00, 0x00, 0x00,
    0x00, 0x00, 0x00, 0x00, 0x00, 0x00, 0x00, 0x00, 0x00, 0x00, 0x00, 0x00, 0x00, 0x00, 0x00, 0x00, 0x00, 0x00, 0x00, 0x00, 0x00, 0x00, 0x00, 0x00,
    0x00, 0x00, 0x00, 0x00, 0x00, 0x00, 0x00, 0x00, 0x00, 0x8e, 0x35, 0xd3, 0x8e, 0x35, 0xd3, 0x00, 0x00, 0x00, 0x00, 0x00, 0x00, 0x00, 0x00, 0x00,
    0x8e, 0x35, 0x33, 0x8e, 0x35, 0xff, 0x8e, 0x35, 0x82, 0x00, 0x00, 0x00, 0x00, 0x00, 0x00, 0x8e, 0x35, 0x43, 0x8e, 0x35, 0xff, 0x8e, 0x35, 0x57,
    0x00, 0x00, 0x00, 0x00, 0x00, 0x00, 0x8e, 0x35, 0x7b, 0x8e, 0x35, 0xff, 0x8e, 0x35, 0x3b, 0x00, 0x00, 0x00, 0x00, 0x00, 0x00, 0x00, 0x00, 0x00,
    0x8e, 0x35, 0x09, 0x8e, 0x35, 0xd9, 0x8e, 0x35, 0xce, 0x8e, 0x35, 0x04, 0x00, 0x00, 0x00, 0x00, 0x00, 0x00, 0x8e, 0x35, 0x07, 0x8e, 0x35, 0xf6,
    0x8e, 0x35, 0xff, 0x8e, 0x35, 0xff, 0x8e, 0x35, 0xff, 0x8e, 0x35, 0xff, 0x8e, 0x35, 0xff, 0x8e, 0x35, 0xff, 0x8e, 0x35, 0xff, 0x8e, 0x35, 0xff,
    0x8e, 0x35, 0xff, 0x8e, 0x35, 0xff, 0x8e, 0x35, 0xf7, 0x00, 0x00, 0x00, 0x00, 0x00, 0x00, 0x00, 0x00, 0x00, 0x00, 0x00, 0x00, 0x00, 0x00, 0x00,
    0x00, 0x00, 0x00, 0x00, 0x00, 0x00, 0x00, 0x00, 0x00, 0x00, 0x00, 0x00, 0x00, 0x00, 0x00, 0x00, 0x00, 0x00, 0x8e, 0x35, 0x68, 0x8e, 0x35, 0xff,
    0x8e, 0x35, 0xbd, 0x8e, 0x35, 0x15, 0x00, 0x00, 0x00, 0x8e, 0x35, 0x6c, 0x8e, 0x35, 0xff, 0x8e, 0x35, 0x65, 0x00, 0x00, 0x00, 0x00, 0x00, 0x00,
    0x00, 0x00, 0x00, 0x00, 0x00, 0x00, 0x00, 0x00, 0x00, 0x00, 0x00, 0x00, 0x8e, 0x35, 0xcf, 0x8e, 0x35, 0xf7, 0x00, 0x00, 0x00, 0x00, 0x00, 0x00,
    0x00, 0x00, 0x00, 0x00, 0x00, 0x00, 0x00, 0x00, 0x00, 0x00, 0x00, 0x00, 0x00, 0x00, 0x00, 0x00, 0x00, 0x00, 0x8e, 0x35, 0xff, 0x8e, 0x35, 0x93,
    0x00, 0x00, 0x00, 0x00, 0x00, 0x00, 0x00, 0x00, 0x00, 0x00, 0x00, 0x00, 0x8e, 0x35, 0x97, 0x8e, 0x35, 0xff, 0x00, 0x00, 0x00, 0x00, 0x00, 0x00,
    0x00, 0x00, 0x00, 0x00, 0x00, 0x00, 0x8e, 0x35, 0x44, 0x8e, 0x35, 0xff, 0x8e, 0x35, 0xab, 0x00, 0x00, 0x00, 0x00, 0x00, 0x00, 0x8e, 0x35, 0xa2,
    0x8e, 0x35, 0xfc, 0x00, 0x00, 0x00, 0x00, 0x00, 0x00, 0x00, 0x00, 0x00, 0x00, 0x00, 0x00, 0x00, 0x00, 0x00, 0x00, 0x00, 0x00, 0x00, 0x00, 0x00,
    0x00, 0x00, 0x00, 0x00, 0x00, 0x00, 0x00, 0x00, 0x00, 0x00, 0x00, 0x00, 0x00, 0x00, 0x00, 0x00, 0x00, 0x00, 0x00, 0x00, 0x00, 0x00, 0x00, 0x00,
    0x00, 0x00, 0x00, 0x00, 0x00, 0x00, 0x00, 0x00, 0x00, 0x00, 0x00, 0x00, 0x00, 0x00, 0x00, 0x00, 0x00, 0x00, 0x00, 0x00, 0x00, 0x00, 0x00, 0x00,
    0x00, 0x00, 0x00, 0x00, 0x00, 0x00, 0x00, 0x00, 0x00, 0x00, 0x00, 0x00, 0x00, 0x00, 0x00, 0x00, 0x00, 0x00, 0x00, 0x00, 0x00, 0x00, 0x00, 0x00,
    0x8e, 0x35, 0xa5, 0x8e, 0x35, 0xff, 0x8e, 0x35, 0x28, 0x00, 0x00, 0x00, 0x00, 0x00, 0x00, 0x00, 0x00, 0x00, 0x00, 0x00, 0x00, 0x00, 0x00, 0x00,
    0x8e, 0x35, 0x13, 0x8e, 0x35, 0xff, 0x8e, 0x35, 0xaf, 0x00, 0x00, 0x00, 0x00, 0x00, 0x00, 0x00, 0x00, 0x00, 0x00, 0x00, 0x00, 0x00, 0x00, 0x00,
    0x00, 0x00, 0x00, 0x00, 0x00, 0x00, 0x8e, 0x35, 0x68, 0x8e, 0x35, 0xff, 0x8e, 0x35, 0xae, 0x8e, 0x35, 0x0c, 0x8e, 0x35, 0x01, 0x8e, 0x35, 0xe8,
    0x8e, 0x35, 0xc8, 0x00, 0x00, 0x00, 0x00, 0x00, 0x00, 0x8e, 0x35, 0x63, 0x8e, 0x35, 0xff, 0x8e, 0x35, 0xff, 0x8e, 0x35, 0xff, 0x8e, 0x35, 0xff,
    0x8e, 0x35, 0xff, 0x8e, 0x35, 0xff, 0x8e, 0x35, 0xff, 0x8e, 0x35, 0xff, 0x8e, 0x35, 0xff, 0x8e, 0x35, 0xcb, 0x00, 0x00, 0x00, 0x00, 0x00, 0x00,
    0x00, 0x00, 0x00, 0x00, 0x00, 0x00, 0x00, 0x00, 0x00, 0x00, 0x00, 0x00, 0x8e, 0x35, 0xd3, 0x8e, 0x35, 0xd3, 0x00, 0x00, 0x00, 0x00, 0x00, 0x00,
    0x00, 0x00, 0x00, 0x8e, 0x35, 0x4a, 0x8e, 0x35, 0xff, 0x8e, 0x35, 0x70, 0x00, 0x00, 0x00, 0x00, 0x00, 0x00, 0x8e, 0x35, 0x43, 0x8e, 0x35, 0xff,
    0x8e, 0x35, 0x57, 0x00, 0x00, 0x00, 0x00, 0x00, 0x00, 0x8e, 0x35, 0x7b, 0x8e, 0x35, 0xff, 0x8e, 0x35, 0x3b, 0x00, 0x00, 0x00, 0x00, 0x00, 0x00,
    0x00, 0x00, 0x00, 0x8e, 0x35, 0x9d, 0x8e, 0x35, 0xfd, 0x8e, 0x35, 0x5d, 0x8e, 0x35, 0x5f, 0x8e, 0x35, 0x91, 0x8e, 0x35, 0xc2, 0x00, 0x00, 0x00,
    0x8e, 0x35, 0xa2, 0x8e, 0x35, 0xa6, 0x8e, 0x35, 0x96, 0x8e, 0x35, 0x93, 0x8e, 0x35, 0x93, 0x8e, 0x35, 0xc6, 0x8e, 0x35, 0xff, 0x8e, 0x35, 0xa8,
    0x8e, 0x35, 0x93, 0x8e, 0x35, 0x93, 0x8e, 0x35, 0x93, 0x8e, 0x35, 0x8f, 0x00, 0x00, 0x00, 0x00, 0x00, 0x00, 0x00, 0x00, 0x00, 0x00, 0x00, 0x00,
    0x00, 0x00, 0x00, 0x00, 0x00, 0x00, 0x00, 0x00, 0x00, 0x00, 0x00, 0x00, 0x00, 0x00, 0x00, 0x00, 0x00, 0x00, 0x00, 0x00, 0x00, 0x8e, 0x35, 0x0d,
    0x8e, 0x35, 0xaa, 0x8e, 0x35, 0xff, 0x8e, 0x35, 0xe5, 0x8e, 0x35, 0x40, 0x8e, 0x35, 0xc4, 0x8e, 0x35, 0xfb, 0x8e, 0x35, 0x18, 0x00, 0x00, 0x00,
    0x00, 0x00, 0x00, 0x00, 0x00, 0x00, 0x00, 0x00, 0x00, 0x00, 0x00, 0x00, 0x00, 0x00, 0x00, 0x8e, 0x35, 0xcf, 0x8e, 0x35, 0xf7, 0x00, 0x00, 0x00,
    0x00, 0x00, 0x00, 0x00, 0x00, 0x00, 0x00, 0x00, 0x00, 0x00, 0x00, 0x00, 0x00, 0x00, 0x00, 0x00, 0x00, 0x00, 0x00, 0x00, 0x00, 0x8e, 0x35, 0xff,
    0x8e, 0x35, 0x93, 0x00, 0x00, 0x00, 0x00, 0x00, 0x00, 0x00, 0x00, 0x00, 0x00, 0x00, 0x00, 0x8e, 0x35, 0x97, 0x8e, 0x35, 0xff, 0x00, 0x00, 0x00,
    0x00, 0x00, 0x00, 0x00, 0x00, 0x00, 0x00, 0x00, 0x00, 0x00, 0x00, 0x00, 0x8e, 0x35, 0xa9, 0x8e, 0x35, 0xff, 0x8e, 0x35, 0x49, 0x00, 0x00, 0x00,
    0x8e, 0x35, 0xb2, 0x8e, 0x35, 0xee, 0x00, 0x00, 0x00, 0x00, 0x00, 0x00, 0x00, 0x00, 0x00, 0x00, 0x00, 0x00, 0x00, 0x00, 0x00, 0x00, 0x00, 0x00,
    0x00, 0x00, 0x00, 0x00, 0x00, 0x00, 0x00, 0x00, 0x00, 0x00, 0x00, 0x00, 0x00, 0x00, 0x00, 0x00, 0x00, 0x00, 0x00, 0x00, 0x00, 0x00, 0x00, 0x00,
    0x00, 0x00, 0x00, 0x00, 0x00, 0x00, 0x00, 0x00, 0x00, 0x00, 0x00, 0x00, 0x00, 0x00, 0x00, 0x00, 0x00, 0x00, 0x00, 0x00, 0x00, 0x00, 0x00, 0x00,
    0x00, 0x00, 0x00, 0x00, 0x00, 0x00, 0x00, 0x00, 0x00, 0x00, 0x00, 0x00, 0x00, 0x00, 0x00, 0x00, 0x00, 0x00, 0x00, 0x00, 0x00, 0x00, 0x00, 0x00,
    0x00, 0x00, 0x00, 0x8e, 0x35, 0xd6, 0x8e, 0x35, 0xfb, 0x8e, 0x35, 0x05, 0x00, 0x00, 0x00, 0x00, 0x00, 0x00, 0x00, 0x00, 0x00, 0x00, 0x00, 0x00,
    0x00, 0x00, 0x00, 0x8e, 0x35, 0x13, 0x8e, 0x35, 0xff, 0x8e, 0x35, 0xaf, 0x00, 0x00, 0x00, 0x00, 0x00, 0x00, 0x00, 0x00, 0x00, 0x00, 0x00, 0x00,
    0x00, 0x00, 0x00, 0x00, 0x00, 0x00, 0x00, 0x00, 0x00, 0x8e, 0x35, 0x08, 0x8e, 0x35, 0x9e, 0x8e, 0x35, 0xff, 0x8e, 0x35, 0xd7, 0x8e, 0x35, 0x5d,
    0x8e, 0x35, 0xff, 0x8e, 0x35, 0x80, 0x00, 0x00, 0x00, 0x00, 0x00, 0x00, 0x8e, 0x35, 0x63, 0x8e, 0x35, 0xff, 0x8e, 0x35, 0xa9, 0x8e, 0x35, 0x93,
    0x8e, 0x35, 0x93, 0x8e, 0x35, 0x93, 0x8e, 0x35, 0x93, 0x8e, 0x35, 0x93, 0x8e, 0x35, 0x93, 0x8e, 0x35, 0xf0, 0x8e, 0x35, 0xcb, 0x00, 0x00, 0x00,
    0x00, 0x00, 0x00, 0x00, 0x00, 0x00, 0x00, 0x00, 0x00, 0x00, 0x00, 0x00, 0x00, 0x00, 0x00, 0x8e, 0x35, 0xd3, 0x8e, 0x35, 0xd3, 0x00, 0x00, 0x00,
    0x00, 0x00, 0x00, 0x00, 0x00, 0x00, 0x8e, 0x35, 0x65, 0x8e, 0x35, 0xff, 0x8e, 0x35, 0x57, 0x00, 0x00, 0x00, 0x00, 0x00, 0x00, 0x8e, 0x35, 0x43,
    0x8e, 0x35, 0xff, 0x8e, 0x35, 0x57, 0x00, 0x00, 0x00, 0x00, 0x00, 0x00, 0x8e, 0x35, 0x7b, 0x8e, 0x35, 0xff, 0x8e, 0x35, 0x3b, 0x00, 0x00, 0x00,
    0x00, 0x00, 0x00, 0x8e, 0x35, 0x88, 0x8e, 0x35, 0xff, 0x8e, 0x35, 0xff, 0x8e, 0x35, 0xff, 0x8e, 0x35, 0xff, 0x8e, 0x35, 0xf7, 0x8e, 0x35, 0xc2,
    0x8e, 0x35, 0x01, 0x00, 0x00, 0x00, 0x00, 0x00, 0x00, 0x00, 0x00, 0x00, 0x00, 0x00, 0x00, 0x00, 0x00, 0x00, 0x8e, 0x35, 0x77, 0x8e, 0x35, 0xff,
    0x8e, 0x35, 0x2f, 0x00, 0x00, 0x00, 0x00, 0x00, 0x00, 0x00, 0x00, 0x00, 0x00, 0x00, 0x00, 0x00, 0x00, 0x00, 0x00, 0x00, 0x00, 0x00, 0x00, 0x00,
    0x00, 0x00, 0x00, 0x00, 0x00, 0x00, 0x00, 0x00, 0x00, 0x00, 0x00, 0x00, 0x00, 0x00, 0x00, 0x00, 0x00, 0x00, 0x00, 0x00, 0x00, 0x00, 0x00, 0x00,
    0x00, 0x00, 0x00, 0x00, 0x00, 0x00, 0x8e, 0x35, 0x70, 0x8e, 0x35, 0xfa, 0x8e, 0x35, 0xfd, 0x8e, 0x35, 0xfe, 0x8e, 0x35, 0xae, 0x00, 0x00, 0x00,
    0x00, 0x00, 0x00, 0x00, 0x00, 0x00, 0x00, 0x00, 0x00, 0x00, 0x00, 0x00, 0x00, 0x00, 0x00, 0x00, 0x00, 0x00, 0x8e, 0x35, 0xcf, 0x8e, 0x35, 0xf7,
    0x00, 0x00, 0x00, 0x00, 0x00, 0x00, 0x00, 0x00, 0x00, 0x00, 0x00, 0x00, 0x00, 0x00, 0x00, 0x00, 0x00, 0x00, 0x00, 0x00, 0x00, 0x00, 0x00, 0x00,
    0x8e, 0x35, 0xff, 0x8e, 0x35, 0x93, 0x00, 0x00, 0x00, 0x00, 0x00, 0x00, 0x00, 0x00, 0x00, 0x00, 0x00, 0x00, 0x8e, 0x35, 0x97, 0x8e, 0x35, 0xff,
    0x00, 0x00, 0x00, 0x00, 0x00, 0x00, 0x00, 0x00, 0x00, 0x00, 0x00, 0x00, 0x00, 0x00, 0x00, 0x8e, 0x35, 0x22, 0x8e, 0x35, 0xd6, 0x8e, 0x35, 0x3a,
    0x00, 0x00, 0x00, 0x8e, 0x35, 0xc6, 0x8e, 0x35, 0xdb, 0x00, 0x00, 0x00, 0x00, 0x00, 0x00, 0x00, 0x00, 0x00, 0x00, 0x00, 0x00, 0x00, 0x00, 0x00,
    0x00, 0x00, 0x00, 0x8e, 0x35, 0x87, 0x8e, 0x35, 0xea, 0x8e, 0x35, 0xb4, 0x8e, 0x35, 0x0a, 0x00, 0x00, 0x00, 0x00, 0x00, 0x00, 0x00, 0x00, 0x00,
    0x00, 0x00, 0x00, 0x00, 0x00, 0x00, 0x00, 0x00, 0x00, 0x00, 0x00, 0x00, 0x00, 0x00, 0x00, 0x00, 0x00, 0x00, 0x00, 0x00, 0x00, 0x00, 0x00, 0x00,
    0x00, 0x00, 0x00, 0x00, 0x00, 0x00, 0x00, 0x00, 0x00, 0x00, 0x00, 0x00, 0x00, 0x00, 0x00, 0x00, 0x00, 0x00, 0x00, 0x00, 0x00, 0x00, 0x00, 0x00,
    0x00, 0x00, 0x00, 0x8e, 0x35, 0x30, 0x8e, 0x35, 0xff, 0x8e, 0x35, 0xbb, 0x00, 0x00, 0x00, 0x00, 0x00, 0x00, 0x00, 0x00, 0x00, 0x00, 0x00, 0x00,
    0x00, 0x00, 0x00, 0x00, 0x00, 0x00, 0x8e, 0x35, 0x13, 0x8e, 0x35, 0xff, 0x8e, 0x35, 0xaf, 0x00, 0x00, 0x00, 0x00, 0x00, 0x00, 0x00, 0x00, 0x00,
    0x00, 0x00, 0x00, 0x00, 0x00, 0x00, 0x00, 0x00, 0x00, 0x00, 0x00, 0x00, 0x00, 0x00, 0x00, 0x00, 0x00, 0x00, 0x8e, 0x35, 0x6a, 0x8e, 0x35, 0xfa,
    0x8e, 0x35, 0xff, 0x8e, 0x35, 0xff, 0x8e, 0x35, 0x2a, 0x00, 0x00, 0x00, 0x00, 0x00, 0x00, 0x8e, 0x35, 0x63, 0x8e, 0x35, 0xff, 0x8e, 0x35, 0x33,
    0x00, 0x00, 0x00, 0x00, 0x00, 0x00, 0x00, 0x00, 0x00, 0x00, 0x00, 0x00, 0x00, 0x00, 0x00, 0x00, 0x00, 0x00, 0x8e, 0x35, 0xdb, 0x8e, 0x35, 0xcb,
    0x00, 0x00, 0x00, 0x00, 0x00, 0x00, 0x00, 0x00, 0x00, 0x00, 0x00, 0x00, 0x00, 0x00, 0x00, 0x00, 0x00, 0x00, 0x8e, 0x35, 0xd3, 0x8e, 0x35, 0xd3,
    0x00, 0x00, 0x00, 0x00, 0x00, 0x00, 0x00, 0x00, 0x00, 0x8e, 0x35, 0x81, 0x8e, 0x35, 0xff, 0x8e, 0x35, 0x3e, 0x00, 0x00, 0x00, 0x00, 0x00, 0x00,
    0x8e, 0x35, 0x43, 0x8e, 0x35, 0xff, 0x8e, 0x35, 0x57, 0x00, 0x00, 0x00, 0x00, 0x00, 0x00, 0x8e, 0x35, 0x7b, 0x8e, 0x35, 0xff, 0x8e, 0x35, 0x3b,
    0x00, 0x00, 0x00, 0x00, 0x00, 0x00, 0x8e, 0x35, 0xa3, 0x8e, 0x35, 0xf8, 0x8e, 0x35, 0xba, 0x8e, 0x35, 0x7a, 0x8e, 0x35, 0x3b, 0x8e, 0x35, 0x06,
    0x00, 0x00, 0x00, 0x00, 0x00, 0x00, 0x00, 0x00, 0x00, 0x8e, 0x35, 0x6c, 0x8e, 0x35, 0xb8, 0x8e, 0x35, 0x24, 0x00, 0x00, 0x00, 0x8e, 0x35, 0x77,
    0x8e, 0x35, 0xff, 0x8e, 0x35, 0x2f, 0x8e, 0x35, 0x07, 0x8e, 0x35, 0x93, 0x8e, 0x35, 0x6d, 0x00, 0x00, 0x00, 0x00, 0x00, 0x00, 0x00, 0x00, 0x00,
    0x00, 0x00, 0x00, 0x00, 0x00, 0x00, 0x00, 0x00, 0x00, 0x00, 0x00, 0x00, 0x00, 0x00, 0x00, 0x00, 0x00, 0x00, 0x00, 0x00, 0x00, 0x00, 0x00, 0x00,
    0x00, 0x00, 0x00, 0x00, 0x00, 0x00, 0x00, 0x00, 0x00, 0x00, 0x00, 0x00, 0x8e, 0x35, 0x3a, 0x8e, 0x35, 0xf6, 0x8e, 0x35, 0xff, 0x8e, 0x35, 0xa7,
    0x8e, 0x35, 0x02, 0x00, 0x00, 0x00, 0x00, 0x00, 0x00, 0x00, 0x00, 0x00, 0x00, 0x00, 0x00, 0x00, 0x00, 0x00, 0x00, 0x00, 0x00, 0x8e, 0x35, 0xcf,
    0x8e, 0x35, 0xf7, 0x00, 0x00, 0x00, 0x00, 0x00, 0x00, 0x00, 0x00, 0x00, 0x00, 0x00, 0x00, 0x00, 0x00, 0x00, 0x00, 0x00, 0x00, 0x00, 0x00, 0x00,
    0x00, 0x00, 0x00, 0x8e, 0x35, 0xff, 0x8e, 0x35, 0x93, 0x00, 0x00, 0x00, 0x00, 0x00, 0x00, 0x00, 0x00, 0x00, 0x00, 0x00, 0x00, 0x8e, 0x35, 0x97,
    0x8e, 0x35, 0xff, 0x00, 0x00, 0x00, 0x00, 0x00, 0x00, 0x00, 0x00, 0x00, 0x00, 0x00, 0x00, 0x00, 0x00, 0x00, 0x00, 0x00, 0x00, 0x8e, 0x35, 0x02,
    0x00, 0x00, 0x00, 0x00, 0x00, 0x00, 0x8e, 0x35, 0xdd, 0x8e, 0x35, 0xc8, 0x00, 0x00, 0x00, 0x00, 0x00, 0x00, 0x00, 0x00, 0x00, 0x00, 0x00, 0x00,
    0x00, 0x00, 0x00, 0x8e, 0x35, 0x12, 0x8e, 0x35, 0xff, 0x8e, 0x35, 0xff, 0x8e, 0x35, 0xff, 0x8e, 0x35, 0x63, 0x00, 0x00, 0x00, 0x00, 0x00, 0x00,
    0x00, 0x00, 0x00, 0x00, 0x00, 0x00, 0x00, 0x00, 0x00, 0x00, 0x00, 0x00, 0x00, 0x00, 0x00, 0x00, 0x00, 0x00, 0x00, 0x00, 0x00, 0x00, 0x00, 0x00,
    0x00, 0x00, 0x00, 0x00, 0x00, 0x00, 0x00, 0x00, 0x00, 0x00, 0x00, 0x00, 0x00, 0x00, 0x00, 0x00, 0x00, 0x00, 0x00, 0x00, 0x00, 0x00, 0x00, 0x00,
    0x00, 0x00, 0x00, 0x00, 0x00, 0x00, 0x8e, 0x35, 0x92, 0x8e, 0x35, 0xff, 0x8e, 0x35, 0x63, 0x00, 0x00, 0x00, 0x00, 0x00, 0x00, 0x00, 0x00, 0x00,
    0x00, 0x00, 0x00, 0x00, 0x00, 0x00, 0x00, 0x00, 0x00, 0x8e, 0x35, 0x13, 0x8e, 0x35, 0xff, 0x8e, 0x35, 0xaf, 0x00, 0x00, 0x00, 0x00, 0x00, 0x00,
    0x00, 0x00, 0x00, 0x00, 0x00, 0x00, 0x00, 0x00, 0x00, 0x00, 0x00, 0x00, 0x00, 0x00, 0x00, 0x00, 0x00, 0x00, 0x00, 0x00, 0x00, 0x00, 0x00, 0x00,
    0x8e, 0x35, 0x4b, 0x8e, 0x35, 0xff, 0x8e, 0x35, 0xfe, 0x8e, 0x35, 0x55, 0x00, 0x00, 0x00, 0x00, 0x00, 0x00, 0x8e, 0x35, 0x63, 0x8e, 0x35, 0xff,
    0x8e, 0x35, 0x33, 0x00, 0x00, 0x00, 0x00, 0x00, 0x00, 0x00, 0x00, 0x00, 0x00, 0x00, 0x00, 0x00, 0x00, 0x00, 0x00, 0x00, 0x00, 0x8e, 0x35, 0xdb,
    0x8e, 0x35, 0xcb, 0x00, 0x00, 0x00, 0x00, 0x00, 0x00, 0x00, 0x00, 0x00, 0x00, 0x00, 0x00, 0x00, 0x00, 0x00, 0x00, 0x00, 0x00, 0x8e, 0x35, 0xd3,
    0x8e, 0x35, 0xd3, 0x00, 0x00, 0x00, 0x8e, 0x35, 0x67, 0x8e, 0x35, 0x28, 0x8e, 0x35, 0xb6, 0x8e, 0x35, 0xff, 0x8e, 0x35, 0x1c, 0x00, 0x00, 0x00,
    0x00, 0x00, 0x00, 0x8e, 0x35, 0x43, 0x8e, 0x35, 0xff, 0x8e, 0x35, 0x57, 0x00, 0x00, 0x00, 0x00, 0x00, 0x00, 0x8e, 0x35, 0x7b, 0x8e, 0x35, 0xff,
    0x8e, 0x35, 0x3b, 0x00, 0x00, 0x00, 0x00, 0x00, 0x00, 0x8e, 0x35, 0x1f, 0x8e, 0x35, 0x0c, 0x00, 0x00, 0x00, 0x00, 0x00, 0x00, 0x00, 0x00, 0x00,
    0x00, 0x00, 0x00, 0x8e, 0x35, 0x04, 0x00, 0x00, 0x00, 0x8e, 0x35, 0x07, 0x8e, 0x35, 0xe6, 0x8e, 0x35, 0xde, 0x8e, 0x35, 0x06, 0x00, 0x00, 0x00,
    0x8e, 0x35, 0x77, 0x8e, 0x35, 0xff, 0x8e, 0x35, 0x2f, 0x00, 0x00, 0x00, 0x8e, 0x35, 0xbe, 0x8e, 0x35, 0xf0, 0x8e, 0x35, 0x15, 0x00, 0x00, 0x00,
    0x00, 0x00, 0x00, 0x00, 0x00, 0x00, 0x00, 0x00, 0x00, 0x00, 0x00, 0x00, 0x00, 0x00, 0x00, 0x00, 0x00, 0x00, 0x00, 0x00, 0x00, 0x00, 0x00, 0x00,
    0x00, 0x00, 0x00, 0x00, 0x00, 0x00, 0x00, 0x00, 0x00, 0x00, 0x00, 0x00, 0x00, 0x00, 0x00, 0x8e, 0x35, 0x68, 0x8e, 0x35, 0xff, 0x8e, 0x35, 0xfd,
    0x8e, 0x35, 0xff, 0x8e, 0x35, 0xa3, 0x8e, 0x35, 0x02, 0x00, 0x00, 0x00, 0x00, 0x00, 0x00, 0x00, 0x00, 0x00, 0x00, 0x00, 0x00, 0x00, 0x00, 0x00,
    0x8e, 0x35, 0xcf, 0x8e, 0x35, 0xf7, 0x00, 0x00, 0x00, 0x00, 0x00, 0x00, 0x00, 0x00, 0x00, 0x00, 0x00, 0x00, 0x00, 0x00, 0x00, 0x00, 0x00, 0x00,
    0x00, 0x00, 0x00, 0x00, 0x00, 0x00, 0x8e, 0x35, 0xff, 0x8e, 0x35, 0x93, 0x00, 0x00, 0x00, 0x00, 0x00, 0x00, 0x00, 0x00, 0x00, 0x00, 0x00, 0x00,
    0x8e, 0x35, 0x97, 0x8e, 0x35, 0xff, 0x00, 0x00, 0x00, 0x00, 0x00, 0x00, 0x00, 0x00, 0x00, 0x00, 0x00, 0x00, 0x00, 0x00, 0x00, 0x00, 0x00, 0x00,
    0x00, 0x00, 0x00, 0x00, 0x00, 0x00, 0x8e, 0x35, 0x02, 0x8e, 0x35, 0xfa, 0x8e, 0x35, 0xae, 0x00, 0x00, 0x00, 0x00, 0x00, 0x00, 0x00, 0x00, 0x00,
    0x00, 0x00, 0x00, 0x00, 0x00, 0x00, 0x8e, 0x35, 0x02, 0x8e, 0x35, 0xd6, 0x8e, 0x35, 0xff, 0x8e, 0x35, 0xff, 0x8e, 0x35, 0x8b, 0x00, 0x00, 0x00,
    0x00, 0x00, 0x00, 0x00, 0x00, 0x00, 0x00, 0x00, 0x00, 0x00, 0x00, 0x00, 0x00, 0x00, 0x00, 0x00, 0x00, 0x00, 0x00, 0x00, 0x00, 0x00, 0x00, 0x00,
    0x00, 0x00, 0x00, 0x00, 0x00, 0x00, 0x00, 0x00, 0x00, 0x00, 0x00, 0x00, 0x00, 0x00, 0x00, 0x00, 0x00, 0x00, 0x00, 0x00, 0x00, 0x00, 0x00, 0x00,
    0x00, 0x00, 0x00, 0x00, 0x00, 0x00, 0x8e, 0x35, 0x2a, 0x8e, 0x35, 0xf7, 0x8e, 0x35, 0xf5, 0x8e, 0x35, 0x11, 0x00, 0x00, 0x00, 0x00, 0x00, 0x00,
    0x00, 0x00, 0x00, 0x00, 0x00, 0x00, 0x00, 0x00, 0x00, 0x00, 0x00, 0x00, 0x8e, 0x35, 0x13, 0x8e, 0x35, 0xff, 0x8e, 0x35, 0xaf, 0x00, 0x00, 0x00,
    0x00, 0x00, 0x00, 0x00, 0x00, 0x00, 0x00, 0x00, 0x00, 0x00, 0x00, 0x00, 0x00, 0x00, 0x00, 0x00, 0x00, 0x00, 0x00, 0x00, 0x00, 0x00, 0x00, 0x00,
    0x00, 0x00, 0x00, 0x8e, 0x35, 0x9d, 0x8e, 0x35, 0xff, 0x8e, 0x35, 0xf7, 0x8e, 0x35, 0xfb, 0x8e, 0x35, 0x52, 0x00, 0x00, 0x00, 0x8e, 0x35, 0x63,
    0x8e, 0x35, 0xff, 0x8e, 0x35, 0x33, 0x00, 0x00, 0x00, 0x00, 0x00, 0x00, 0x00, 0x00, 0x00, 0x00, 0x00, 0x00, 0x00, 0x00, 0x00, 0x00, 0x00, 0x00,
    0x8e, 0x35, 0xdb, 0x8e, 0x35, 0xcb, 0x00, 0x00, 0x00, 0x00, 0x00, 0x00, 0x00, 0x00, 0x00, 0x00, 0x00, 0x00, 0x00, 0x00, 0x00, 0x00, 0x00, 0x00,
    0x8e, 0x35, 0xd3, 0x8e, 0x35, 0xd7, 0x8e, 0x35, 0x90, 0x8e, 0x35, 0xff, 0x8e, 0x35, 0x8c, 0x8e, 0x35, 0xf2, 0x8e, 0x35, 0xe0, 0x00, 0x00, 0x00,
    0x00, 0x00, 0x00, 0x00, 0x00, 0x00, 0x8e, 0x35, 0x43, 0x8e, 0x35, 0xff, 0x8e, 0x35, 0x57, 0x00, 0x00, 0x00, 0x00, 0x00, 0x00, 0x8e, 0x35, 0x7b,
    0x8e, 0x35, 0xff, 0x8e, 0x35, 0x3b, 0x00, 0x00, 0x00, 0x00, 0x00, 0x00, 0x00, 0x00, 0x00, 0x00, 0x00, 0x00, 0x00, 0x00, 0x00, 0x00, 0x00, 0x00,
    0x8e, 0x35, 0x3d, 0x8e, 0x35, 0x9f, 0x8e, 0x35, 0xd7, 0x00, 0x00, 0x00, 0x8e, 0x35, 0x6b, 0x8e, 0x35, 0xff, 0x8e, 0x35, 0x5b, 0x00, 0x00, 0x00,
    0x00, 0x00, 0x00, 0x8e, 0x35, 0x77, 0x8e, 0x35, 0xff, 0x8e, 0x35, 0x2f, 0x00, 0x00, 0x00, 0x8e, 0x35, 0x35, 0x8e, 0x35, 0xff, 0x8e, 0x35, 0x96,
    0x00, 0x00, 0x00, 0x00, 0x00, 0x00, 0x00, 0x00, 0x00, 0x00, 0x00, 0x00, 0x00, 0x00, 0x00, 0x00, 0x00, 0x00, 0x00, 0x00, 0x00, 0x00, 0x00, 0x00,
    0x00, 0x00, 0x00, 0x00, 0x00, 0x00, 0x00, 0x00, 0x00, 0x00, 0x00, 0x00, 0x00, 0x00, 0x00, 0x8e, 0x35, 0x35, 0x8e, 0x35, 0xf8, 0x8e, 0x35, 0xea,
    0x8e, 0x35, 0x33, 0x8e, 0x35, 0xd5, 0x8e, 0x35, 0xff, 0x8e, 0x35, 0x91, 0x00, 0x00, 0x00, 0x00, 0x00, 0x00, 0x00, 0x00, 0x00, 0x00, 0x00, 0x00,
    0x00, 0x00, 0x00, 0x8e, 0x35, 0xcf, 0x8e, 0x35, 0xf7, 0x00, 0x00, 0x00, 0x00, 0x00, 0x00, 0x00, 0x00, 0x00, 0x00, 0x00, 0x00, 0x00, 0x00, 0x00,
    0x00, 0x00, 0x00, 0x00, 0x00, 0x00, 0x00, 0x00, 0x00, 0x8e, 0x35, 0xff, 0x8e, 0x35, 0xd0, 0x8e, 0x35, 0x8f, 0x8e, 0x35, 0x8f, 0x8e, 0x35, 0x8f,
    0x8e, 0x35, 0x8f, 0x8e, 0x35, 0xd2, 0x8e, 0x35, 0xff, 0x00, 0x00, 0x00, 0x00, 0x00, 0x00, 0x00, 0x00, 0x00, 0x00, 0x00, 0x00, 0x00, 0x00, 0x00,
    0x00, 0x00, 0x00, 0x00, 0x00, 0x00, 0x00, 0x00, 0x00, 0x8e, 0x35, 0x27, 0x8e, 0x35, 0xff, 0x8e, 0x35, 0x90, 0x00, 0x00, 0x00, 0x00, 0x00, 0x00,
    0x00, 0x00, 0x00, 0x00, 0x00, 0x00, 0x00, 0x00, 0x00, 0x00, 0x00, 0x00, 0x8e, 0x35, 0x03, 0x8e, 0x35, 0x4a, 0x8e, 0x35, 0xff, 0x8e, 0x35, 0x71,
    0x00, 0x00, 0x00, 0x00, 0x00, 0x00, 0x00, 0x00, 0x00, 0x00, 0x00, 0x00, 0x00, 0x00, 0x00, 0x00, 0x00, 0x00, 0x00, 0x00, 0x00, 0x00, 0x00, 0x00,
    0x00, 0x00, 0x00, 0x00, 0x00, 0x00, 0x00, 0x00, 0x00, 0x00, 0x00, 0x00, 0x00, 0x00, 0x00, 0x00, 0x00, 0x00, 0x00, 0x00, 0x00, 0x00, 0x00, 0x00,
    0x00, 0x00, 0x00, 0x00, 0x00, 0x00, 0x8e, 0x35, 0x06, 0x8e, 0x35, 0xcf, 0x8e, 0x35, 0xff, 0x8e, 0x35, 0x70, 0x00, 0x00, 0x00, 0x00, 0x00, 0x00,
    0x00, 0x00, 0x00, 0x00, 0x00, 0x00, 0x00, 0x00, 0x00, 0x00, 0x00, 0x00, 0x00, 0x00, 0x00, 0x8e, 0x35, 0x13, 0x8e, 0x35, 0xff, 0x8e, 0x35, 0xaf,
    0x00, 0x00, 0x00, 0x00, 0x00, 0x00, 0x00, 0x00, 0x00, 0x00, 0x00, 0x00, 0x00, 0x00, 0x00, 0x00, 0x00, 0x00, 0x00, 0x00, 0x00, 0x00, 0x00, 0x00,
    0x00, 0x00, 0x00, 0x8e, 0x35, 0x46, 0x8e, 0x35, 0xff, 0x8e, 0x35, 0xbc, 0x8e, 0x35, 0x30, 0x8e, 0x35, 0xee, 0x8e, 0x35, 0xf6, 0x8e, 0x35, 0x2c,
    0x8e, 0x35, 0x63, 0x8e, 0x35, 0xff, 0x8e, 0x35, 0x33, 0x00, 0x00, 0x00, 0x00, 0x00, 0x00, 0x00, 0x00, 0x00, 0x00, 0x00, 0x00, 0x00, 0x00, 0x00,
    0x00, 0x00, 0x00, 0x8e, 0x35, 0xdb, 0x8e, 0x35, 0xcb, 0x00, 0x00, 0x00, 0x00, 0x00, 0x00, 0x00, 0x00, 0x00, 0x00, 0x00, 0x00, 0x00, 0x00, 0x00,
    0x00, 0x00, 0x00, 0x8e, 0x35, 0xdf, 0x8e, 0x35, 0xff, 0x8e, 0x35, 0xff, 0x8e, 0x35, 0xb6, 0x8e, 0x35, 0x44, 0x8e, 0x35, 0xff, 0x8e, 0x35, 0xa4,
    0x00, 0x00, 0x00, 0x00, 0x00, 0x00, 0x00, 0x00, 0x00, 0x8e, 0x35, 0x43, 0x8e, 0x35, 0xff, 0x8e, 0x35, 0x57, 0x00, 0x00, 0x00, 0x00, 0x00, 0x00,
    0x8e, 0x35, 0x7b, 0x8e, 0x35, 0xff, 0x8e, 0x35, 0x3b, 0x00, 0x00, 0x00, 0x00, 0x00, 0x00, 0x00, 0x00, 0x00, 0x8e, 0x35, 0x1f, 0x8e, 0x35, 0x7c,
    0x8e, 0x35, 0xdc, 0x8e, 0x35, 0xff, 0x8e, 0x35, 0xee, 0x8e, 0x35, 0x89, 0x8e, 0x35, 0x22, 0x8e, 0x35, 0xef, 0x8e, 0x35, 0xd0, 0x8e, 0x35, 0x02,
    0x00, 0x00, 0x00, 0x00, 0x00, 0x00, 0x8e, 0x35, 0x77, 0x8e, 0x35, 0xff, 0x8e, 0x35, 0x2f, 0x00, 0x00, 0x00, 0x00, 0x00, 0x00, 0x8e, 0x35, 0xab,
    0x8e, 0x35, 0xfb, 0x8e, 0x35, 0x25, 0x00, 0x00, 0x00, 0x00, 0x00, 0x00, 0x00, 0x00, 0x00, 0x00, 0x00, 0x00, 0x00, 0x00, 0x00, 0x00, 0x00, 0x00,
    0x00, 0x00, 0x00, 0x00, 0x00, 0x00, 0x00, 0x00, 0x00, 0x00, 0x00, 0x00, 0x00, 0x00, 0x00, 0x8e, 0x35, 0x2e, 0x8e, 0x35, 0xe2, 0x8e, 0x35, 0xfb,
    0x8e, 0x35, 0x40, 0x00, 0x00, 0x00, 0x8e, 0x35, 0x18, 0x8e, 0x35, 0xe2, 0x8e, 0x35, 0xaf, 0x00, 0x00, 0x00, 0x00, 0x00, 0x00, 0x00, 0x00, 0x00,
    0x00, 0x00, 0x00, 0x00, 0x00, 0x00, 0x8e, 0x35, 0xcf, 0x8e, 0x35, 0xf7, 0x00, 0x00, 0x00, 0x00, 0x00, 0x00, 0x00, 0x00, 0x00, 0x00, 0x00, 0x00,
    0x00, 0x00, 0x00, 0x00, 0x00, 0x00, 0x00, 0x00, 0x00, 0x00, 0x00, 0x00, 0x8e, 0x35, 0xff, 0x8e, 0x35, 0xff, 0x8e, 0x35, 0xff, 0x8e, 0x35, 0xff,
    0x8e, 0x35, 0xff, 0x8e, 0x35, 0xff, 0x8e, 0x35, 0xff, 0x8e, 0x35, 0xff, 0x00, 0x00, 0x00, 0x00, 0x00, 0x00, 0x00, 0x00, 0x00, 0x00, 0x00, 0x00,
    0x00, 0x00, 0x00, 0x00, 0x00, 0x00, 0x00, 0x00, 0x00, 0x00, 0x00, 0x00, 0x8e, 0x35, 0x6e, 0x8e, 0x35, 0xff, 0x8e, 0x35, 0x65, 0x00, 0x00, 0x00,
    0x00, 0x00, 0x00, 0x00, 0x00, 0x00, 0x00, 0x00, 0x00, 0x00, 0x00, 0x00, 0x00, 0x00, 0x00, 0x00, 0x00, 0x00, 0x8e, 0x35, 0x57, 0x8e, 0x35, 0xff,
    0x8e, 0x35, 0x3f, 0x00, 0x00, 0x00, 0x00, 0x00, 0x00, 0x00, 0x00, 0x00, 0x00, 0x00, 0x00, 0x00, 0x00, 0x00, 0x00, 0x00, 0x00, 0x00, 0x00, 0x00,
    0x00, 0x00, 0x00, 0x00, 0x00, 0x00, 0x00, 0x00, 0x00, 0x00, 0x00, 0x00, 0x00, 0x00, 0x00, 0x00, 0x00, 0x00, 0x00, 0x00, 0x00, 0x00, 0x00, 0x00,
    0x00, 0x00, 0x00, 0x00, 0x00, 0x00, 0x8e, 0x35, 0x08, 0x8e, 0x35, 0xa9, 0x8e, 0x35, 0xff, 0x8e, 0x35, 0xc6, 0x8e, 0x35, 0x02, 0x00, 0x00, 0x00,
    0x00, 0x00, 0x00, 0x00, 0x00, 0x00, 0x00, 0x00, 0x00, 0x00, 0x00, 0x00, 0x00, 0x00, 0x00, 0x00, 0x00, 0x00, 0x8e, 0x35, 0x13, 0x8e, 0x35, 0xff,
    0x8e, 0x35, 0xaf, 0x00, 0x00, 0x00, 0x00, 0x00, 0x00, 0x00, 0x00, 0x00, 0x00, 0x00, 0x00, 0x00, 0x00, 0x00, 0x00, 0x00, 0x00, 0x00, 0x00, 0x00,
    0x00, 0x00, 0x00, 0x8e, 0x35, 0x2a, 0x8e, 0x35, 0xe3, 0x8e, 0x35, 0xf1, 0x8e, 0x35, 0x1e, 0x00, 0x00, 0x00, 0x8e, 0x35, 0x3f, 0x8e, 0x35, 0xd5,
    0x8e, 0x35, 0x0c, 0x8e, 0x35, 0x63, 0x8e, 0x35, 0xff, 0x8e, 0x35, 0x33, 0x00, 0x00, 0x00, 0x00, 0x00, 0x00, 0x00, 0x00, 0x00, 0x00, 0x00, 0x00,
    0x00, 0x00, 0x00, 0x00, 0x00, 0x00, 0x8e, 0x35, 0xdb, 0x8e, 0x35, 0xcb, 0x00, 0x00, 0x00, 0x00, 0x00, 0x00, 0x00, 0x00, 0x00, 0x00, 0x00, 0x00,
    0x00, 0x00, 0x00, 0x8e, 0x35, 0x1f, 0x8e, 0x35, 0xff, 0x8e, 0x35, 0xff, 0x8e, 0x35, 0x9b, 0x8e, 0x35, 0x04, 0x8e, 0x35, 0xa1, 0x8e, 0x35, 0xff,
    0x8e, 0x35, 0x61, 0x00, 0x00, 0x00, 0x00, 0x00, 0x00, 0x00, 0x00, 0x00, 0x8e, 0x35, 0x1d, 0x8e, 0x35, 0x6f, 0x8e, 0x35, 0x26, 0x00, 0x00, 0x00,
    0x00, 0x00, 0x00, 0x8e, 0x35, 0x7b, 0x8e, 0x35, 0xff, 0x8e, 0x35, 0x3b, 0x00, 0x00, 0x00, 0x00, 0x00, 0x00, 0x8e, 0x35, 0xb1, 0x8e, 0x35, 0xfe,
    0x8e, 0x35, 0xff, 0x8e, 0x35, 0xd8, 0x8e, 0x35, 0x69, 0x8e, 0x35, 0x0a, 0x8e, 0x35, 0x05, 0x8e, 0x35, 0xc9, 0x8e, 0x35, 0xf6, 0x8e, 0x35, 0x2b,
    0x00, 0x00, 0x00, 0x00, 0x00, 0x00, 0x00, 0x00, 0x00, 0x8e, 0x35, 0x77, 0x8e, 0x35, 0xff, 0x8e, 0x35, 0x2f, 0x00, 0x00, 0x00, 0x00, 0x00, 0x00,
    0x8e, 0x35, 0x2b, 0x8e, 0x35, 0xfe, 0x8e, 0x35, 0xa5, 0x00, 0x00, 0x00, 0x00, 0x00, 0x00, 0x00, 0x00, 0x00, 0x00, 0x00, 0x00, 0x00, 0x00, 0x00,
    0x00, 0x00, 0x00, 0x00, 0x00, 0x00, 0x00, 0x00, 0x00, 0x00, 0x00, 0x00, 0x00, 0x00, 0x00, 0x8e, 0x35, 0x6d, 0x8e, 0x35, 0xf8, 0x8e, 0x35, 0xfd,
    0x8e, 0x35, 0x69, 0x00, 0x00, 0x00, 0x00, 0x00, 0x00, 0x00, 0x00, 0x00, 0x8e, 0x35, 0x2c, 0x8e, 0x35, 0x0e, 0x00, 0x00, 0x00, 0x00, 0x00, 0x00,
    0x8e, 0x35, 0x01, 0x00, 0x00, 0x00, 0x8e, 0x35, 0x03, 0x8e, 0x35, 0xd9, 0x8e, 0x35, 0xf3, 0x00, 0x00, 0x00, 0x00, 0x00, 0x00, 0x00, 0x00, 0x00,
    0x00, 0x00, 0x00, 0x00, 0x00, 0x00, 0x00, 0x00, 0x00, 0x00, 0x00, 0x00, 0x00, 0x00, 0x00, 0x8e, 0x35, 0xff, 0x8e, 0x35, 0x93, 0x00, 0x00, 0x00,
    0x00, 0x00, 0x00, 0x00, 0x00, 0x00, 0x00, 0x00, 0x00, 0x00, 0x00, 0x00, 0x00, 0x00, 0x00, 0x00, 0x00, 0x00, 0x00, 0x00, 0x00, 0x00, 0x00, 0x00,
    0x8e, 0x35, 0x05, 0x8e, 0x35, 0x3e, 0x8e, 0x35, 0x1d, 0x8e, 0x35, 0x06, 0x8e, 0x35, 0x16, 0x8e, 0x35, 0xe6, 0x8e, 0x35, 0xff, 0x8e, 0x35, 0x29,
    0x00, 0x00, 0x00, 0x00, 0x00, 0x00, 0x00, 0x00, 0x00, 0x00, 0x00, 0x00, 0x00, 0x00, 0x00, 0x00, 0x00, 0x00, 0x8e, 0x35, 0x1b, 0x8e, 0x35, 0xdf,
    0x8e, 0x35, 0xc7, 0x00, 0x00, 0x00, 0x00, 0x00, 0x00, 0x00, 0x00, 0x00, 0x00, 0x00, 0x00, 0x00, 0x00, 0x00, 0x00, 0x00, 0x00, 0x00, 0x00, 0x00,
    0x00, 0x00, 0x00, 0x00, 0x00, 0x00, 0x00, 0x00, 0x00, 0x00, 0x00, 0x00, 0x00, 0x00, 0x00, 0x00, 0x00, 0x00, 0x00, 0x00, 0x00, 0x00, 0x00, 0x00,
    0x00, 0x00, 0x00, 0x00, 0x00, 0x00, 0x8e, 0x35, 0x19, 0x8e, 0x35, 0xc9, 0x8e, 0x35, 0xff, 0x8e, 0x35, 0xe7, 0x8e, 0x35, 0x24, 0x00, 0x00, 0x00,
    0x00, 0x00, 0x00, 0x00, 0x00, 0x00, 0x00, 0x00, 0x00, 0x00, 0x00, 0x00, 0x00, 0x00, 0x00, 0x00, 0x00, 0x00, 0x00, 0x00, 0x00, 0x8e, 0x35, 0x13,
    0x8e, 0x35, 0xff, 0x8e, 0x35, 0xaf, 0x00, 0x00, 0x00, 0x00, 0x00, 0x00, 0x00, 0x00, 0x00, 0x00, 0x00, 0x00, 0x00, 0x00, 0x00, 0x00, 0x00, 0x00,
    0x00, 0x00, 0x00, 0x8e, 0x35, 0x52, 0x8e, 0x35, 0xf3, 0x8e, 0x35, 0xfc, 0x8e, 0x35, 0x58, 0x00, 0x00, 0x00, 0x00, 0x00, 0x00, 0x00, 0x00, 0x00,
    0x8e, 0x35, 0x0a, 0x00, 0x00, 0x00, 0x8e, 0x35, 0x63, 0x8e, 0x35, 0xff, 0x8e, 0x35, 0xff, 0x8e, 0x35, 0xff, 0x8e, 0x35, 0xff, 0x8e, 0x35, 0xff,
    0x8e, 0x35, 0xff, 0x8e, 0x35, 0xff, 0x8e, 0x35, 0xff, 0x8e, 0x35, 0xff, 0x8e, 0x35, 0xcb, 0x00, 0x00, 0x00, 0x00, 0x00, 0x00, 0x00, 0x00, 0x00,
    0x00, 0x00, 0x00, 0x00, 0x00, 0x00, 0x8e, 0x35, 0xaa, 0x8e, 0x35, 0xff, 0x8e, 0x35, 0x83, 0x00, 0x00, 0x00, 0x8e, 0x35, 0x1e, 0x8e, 0x35, 0xfb,
    0x8e, 0x35, 0xeb, 0x8e, 0x35, 0x09, 0x00, 0x00, 0x00, 0x00, 0x00, 0x00, 0x00, 0x00, 0x00, 0x00, 0x00, 0x00, 0x00, 0x00, 0x00, 0x00, 0x00, 0x00,
    0x00, 0x00, 0x00, 0x00, 0x00, 0x00, 0x8e, 0x35, 0x7b, 0x8e, 0x35, 0xff, 0x8e, 0x35, 0x3b, 0x00, 0x00, 0x00, 0x00, 0x00, 0x00, 0x8e, 0x35, 0xb0,
    0x8e, 0x35, 0xb8, 0x8e, 0x35, 0x49, 0x8e, 0x35, 0x01, 0x00, 0x00, 0x00, 0x00, 0x00, 0x00, 0x8e, 0x35, 0x48, 0x8e, 0x35, 0xfe, 0x8e, 0x35, 0x65,
    0x00, 0x00, 0x00, 0x8e, 0x35, 0x01, 0x00, 0x00, 0x00, 0x00, 0x00, 0x00, 0x8e, 0x35, 0x82, 0x8e, 0x35, 0xff, 0x8e, 0x35, 0x2b, 0x00, 0x00, 0x00,
    0x00, 0x00, 0x00, 0x00, 0x00, 0x00, 0x8e, 0x35, 0xae, 0x8e, 0x35, 0xd0, 0x8e, 0x35, 0x06, 0x00, 0x00, 0x00, 0x00, 0x00, 0x00, 0x00, 0x00, 0x00,
    0x00, 0x00, 0x00, 0x00, 0x00, 0x00, 0x00, 0x00, 0x00, 0x00, 0x00, 0x00, 0x00, 0x00, 0x00, 0x8e, 0x35, 0x29, 0x8e, 0x35, 0xf9, 0x8e, 0x35, 0xe6,
    0x8e, 0x35, 0x42, 0x00, 0x00, 0x00, 0x00, 0x00, 0x00, 0x00, 0x00, 0x00, 0x00, 0x00, 0x00, 0x00, 0x00, 0x00, 0x00, 0x00, 0x00, 0x00, 0x00, 0x00,
    0x8e, 0x35, 0x19, 0x8e, 0x35, 0xfc, 0x8e, 0x35, 0xff, 0x8e, 0x35, 0xff, 0x8e, 0x35, 0xff, 0x8e, 0x35, 0xbf, 0x00, 0x00, 0x00, 0x00, 0x00, 0x00,
    0x00, 0x00, 0x00, 0x00, 0x00, 0x00, 0x00, 0x00, 0x00, 0x00, 0x00, 0x00, 0x00, 0x00, 0x00, 0x00, 0x00, 0x00, 0x8e, 0x35, 0xeb, 0x8e, 0x35, 0x88,
    0x00, 0x00, 0x00, 0x00, 0x00, 0x00, 0x00, 0x00, 0x00, 0x00, 0x00, 0x00, 0x00, 0x00, 0x00, 0x00, 0x00, 0x00, 0x00, 0x00, 0x00, 0x00, 0x00, 0x00,
    0x00, 0x00, 0x00, 0x00, 0x00, 0x00, 0x8e, 0x35, 0xde, 0x8e, 0x35, 0xff, 0x8e, 0x35, 0xff, 0x8e, 0x35, 0xff, 0x8e, 0x35, 0xff, 0x8e, 0x35, 0xbd,
    0x00, 0x00, 0x00, 0x00, 0x00, 0x00, 0x00, 0x00, 0x00, 0x00, 0x00, 0x00, 0x00, 0x00, 0x00, 0x00, 0x00, 0x00, 0x8e, 0x35, 0x53, 0x8e, 0x35, 0xe3,
    0x8e, 0x35, 0xe6, 0x8e, 0x35, 0x27, 0x00, 0x00, 0x00, 0x00, 0x00, 0x00, 0x00, 0x00, 0x00, 0x00, 0x00, 0x00, 0x00, 0x00, 0x00, 0x00, 0x00, 0x00,
    0x00, 0x00, 0x00, 0x00, 0x00, 0x00, 0x00, 0x00, 0x00, 0x00, 0x00, 0x00, 0x00, 0x00, 0x00, 0x00, 0x00, 0x00, 0x00, 0x00, 0x00, 0x00, 0x00, 0x00,
    0x00, 0x00, 0x00, 0x00, 0x00, 0x00, 0x00, 0x00, 0x00, 0x8e, 0x35, 0x71, 0x8e, 0x35, 0xff, 0x8e, 0x35, 0xde, 0x8e, 0x35, 0x28, 0x00, 0x00, 0x00,
    0x00, 0x00, 0x00, 0x00, 0x00, 0x00, 0x00, 0x00, 0x00, 0x00, 0x00, 0x00, 0x00, 0x00, 0x00, 0x00, 0x00, 0x00, 0x00, 0x00, 0x00, 0x00, 0x00, 0x00,
    0x8e, 0x35, 0x13, 0x8e, 0x35, 0xff, 0x8e, 0x35, 0xaf, 0x00, 0x00, 0x00, 0x00, 0x00, 0x00, 0x00, 0x00, 0x00, 0x00, 0x00, 0x00, 0x00, 0x00, 0x00,
    0x00, 0x00, 0x00, 0x8e, 0x35, 0x02, 0x8e, 0x35, 0xcb, 0x8e, 0x35, 0xef, 0x8e, 0x35, 0x45, 0x00, 0x00, 0x00, 0x00, 0x00, 0x00, 0x00, 0x00, 0x00,
    0x00, 0x00, 0x00, 0x00, 0x00, 0x00, 0x00, 0x00, 0x00, 0x8e, 0x35, 0x63, 0x8e, 0x35, 0xff, 0x8e, 0x35, 0xa3, 0x8e, 0x35, 0x8b, 0x8e, 0x35, 0x8b,
    0x8e, 0x35, 0x8b, 0x8e, 0x35, 0x8b, 0x8e, 0x35, 0x8b, 0x8e, 0x35, 0x8b, 0x8e, 0x35, 0xef, 0x8e, 0x35, 0xcb, 0x00, 0x00, 0x00, 0x00, 0x00, 0x00,
    0x00, 0x00, 0x00, 0x00, 0x00, 0x00, 0x00, 0x00, 0x00, 0x8e, 0x35, 0x57, 0x8e, 0x35, 0x79, 0x00, 0x00, 0x00, 0x00, 0x00, 0x00, 0x8e, 0x35, 0x4d,
    0x8e, 0x35, 0xf5, 0x8e, 0x35, 0x80, 0x00, 0x00, 0x00, 0x00, 0x00, 0x00, 0x00, 0x00, 0x00, 0x00, 0x00, 0x00, 0x00, 0x00, 0x00, 0x00, 0x00, 0x00,
    0x00, 0x00, 0x00, 0x00, 0x00, 0x00, 0x00, 0x00, 0x00, 0x8e, 0x35, 0x7b, 0x8e, 0x35, 0xff, 0x8e, 0x35, 0x3b, 0x00, 0x00, 0x00, 0x00, 0x00, 0x00,
    0x8e, 0x35, 0x09, 0x00, 0x00, 0x00, 0x00, 0x00, 0x00, 0x00, 0x00, 0x00, 0x00, 0x00, 0x00, 0x00, 0x00, 0x00, 0x00, 0x00, 0x00, 0x8e, 0x35, 0x37,
    0x00, 0x00, 0x00, 0x00, 0x00, 0x00, 0x8e, 0x35, 0x58, 0x8e, 0x35, 0xff, 0x8e, 0x35, 0xfd, 0x8e, 0x35, 0xff, 0x8e, 0x35, 0xf2, 0x8e, 0x35, 0x09,
    0x00, 0x00, 0x00, 0x00, 0x00, 0x00, 0x00, 0x00, 0x00, 0x8e, 0x35, 0x13, 0x8e, 0x35, 0x02, 0x00, 0x00, 0x00, 0x00, 0x00, 0x00, 0x00, 0x00, 0x00,
    0x00, 0x00, 0x00, 0x00, 0x00, 0x00, 0x00, 0x00, 0x00, 0x00, 0x00, 0x00, 0x00, 0x00, 0x00, 0x00, 0x00, 0x00, 0x00, 0x00, 0x00, 0x8e, 0x35, 0x4b,
    0x8e, 0x35, 0x15, 0x00, 0x00, 0x00, 0x00, 0x00, 0x00, 0x00, 0x00, 0x00, 0x00, 0x00, 0x00, 0x00, 0x00, 0x00, 0x00, 0x00, 0x00, 0x00, 0x00, 0x00,
    0x00, 0x00, 0x00, 0x00, 0x00, 0x00, 0x8e, 0x35, 0x7b, 0x8e, 0x35, 0x9b, 0x8e, 0x35, 0x92, 0x8e, 0x35, 0x6c, 0x8e, 0x35, 0x10, 0x00, 0x00, 0x00,
    0x00, 0x00, 0x00, 0x00, 0x00, 0x00, 0x00, 0x00, 0x00, 0x00, 0x00, 0x00, 0x00, 0x00, 0x00, 0x00, 0x00, 0x00, 0x00, 0x00, 0x00, 0x00, 0x00, 0x00,
    0x00, 0x00, 0x00, 0x00, 0x00, 0x00, 0x00, 0x00, 0x00, 0x00, 0x00, 0x00, 0x00, 0x00, 0x00, 0x00, 0x00, 0x00, 0x00, 0x00, 0x00, 0x00, 0x00, 0x00,
    0x00, 0x00, 0x00, 0x00, 0x00, 0x00, 0x00, 0x00, 0x00, 0x8e, 0x35, 0x56, 0x8e, 0x35, 0x8f, 0x8e, 0x35, 0x93, 0x8e, 0x35, 0x90, 0x8e, 0x35, 0x6a,
    0x8e, 0x35, 0x09, 0x00, 0x00, 0x00, 0x00, 0x00, 0x00, 0x00, 0x00, 0x00, 0x00, 0x00, 0x00, 0x00, 0x00, 0x00, 0x00, 0x00, 0x00, 0x8e, 0x35, 0xaa,
    0x8e, 0x35, 0xb5, 0x8e, 0x35, 0x23, 0x00, 0x00, 0x00, 0x00, 0x00, 0x00, 0x00, 0x00, 0x00, 0x00, 0x00, 0x00, 0x00, 0x00, 0x00, 0x00, 0x00, 0x00,
    0x00, 0x00, 0x00, 0x00, 0x00, 0x00, 0x00, 0x00, 0x00, 0x00, 0x00, 0x00, 0x00, 0x00, 0x00, 0x00, 0x00, 0x00, 0x00, 0x00, 0x00, 0x00, 0x00, 0x00,
    0x00, 0x00, 0x00, 0x00, 0x00, 0x00, 0x00, 0x00, 0x00, 0x00, 0x00, 0x00, 0x00, 0x00, 0x00, 0x8e, 0x35, 0x61, 0x8e, 0x35, 0x11, 0x00, 0x00, 0x00,
    0x00, 0x00, 0x00, 0x00, 0x00, 0x00, 0x00, 0x00, 0x00, 0x00, 0x00, 0x00, 0x00, 0x00, 0x00, 0x00, 0x00, 0x00, 0x00, 0x00, 0x00, 0x00, 0x00, 0x00,
    0x00, 0x00, 0x00, 0x8e, 0x35, 0x0a, 0x8e, 0x35, 0x8b, 0x8e, 0x35, 0x60, 0x00, 0x00, 0x00, 0x00, 0x00, 0x00, 0x00, 0x00, 0x00, 0x00, 0x00, 0x00,
    0x00, 0x00, 0x00, 0x00, 0x00, 0x00, 0x00, 0x00, 0x00, 0x8e, 0x35, 0x20, 0x8e, 0x35, 0x27, 0x00, 0x00, 0x00, 0x00, 0x00, 0x00, 0x00, 0x00, 0x00,
    0x00, 0x00, 0x00, 0x00, 0x00, 0x00, 0x00, 0x00, 0x00, 0x00, 0x00, 0x00, 0x8e, 0x35, 0x39, 0x8e, 0x35, 0x93, 0x8e, 0x35, 0x1e, 0x00, 0x00, 0x00,
    0x00, 0x00, 0x00, 0x00, 0x00, 0x00, 0x00, 0x00, 0x00, 0x00, 0x00, 0x00, 0x00, 0x00, 0x00, 0x8e, 0x35, 0x74, 0x8e, 0x35, 0x6c, 0x00, 0x00, 0x00,
    0x00, 0x00, 0x00, 0x00, 0x00, 0x00, 0x00, 0x00, 0x00, 0x00, 0x00, 0x00, 0x00, 0x00, 0x00, 0x00, 0x00, 0x00, 0x00, 0x00, 0x00, 0x00, 0x00, 0x00,
    0x00, 0x00, 0x00, 0x8e, 0x35, 0x26, 0x8e, 0x35, 0x15, 0x00, 0x00, 0x00, 0x00, 0x00, 0x00, 0x00, 0x00, 0x00, 0x00, 0x00, 0x00, 0x00, 0x00, 0x00,
    0x00, 0x00, 0x00, 0x00, 0x00, 0x00, 0x00, 0x00, 0x00, 0x00, 0x00, 0x00, 0x8e, 0x35, 0x1d, 0x8e, 0x35, 0x3b, 0x8e, 0x35, 0x0e, 0x00, 0x00, 0x00,
    0x00, 0x00, 0x00, 0x00, 0x00, 0x00, 0x00, 0x00, 0x00, 0x00, 0x00, 0x00, 0x00, 0x00, 0x00, 0x00, 0x00, 0x00, 0x00, 0x00, 0x00, 0x00, 0x00, 0x00,
    0x00, 0x00, 0x00, 0x00, 0x00, 0x00, 0x00, 0x00, 0x00, 0x8e, 0x35, 0x0c, 0x8e, 0x35, 0x91, 0x8e, 0x35, 0x8b, 0x8e, 0x35, 0x72, 0x8e, 0x35, 0x28,
    0x00, 0x00, 0x00, 0x00, 0x00, 0x00, 0x00, 0x00, 0x00, 0x00, 0x00, 0x00, 0x00, 0x00, 0x00, 0x00, 0x00, 0x00, 0x00, 0x00, 0x00, 0x00, 0x00, 0x00,
    0x00, 0x00, 0x00, 0x00, 0x00, 0x00, 0x00, 0x00, 0x00, 0x00, 0x00, 0x00, 0x00, 0x00, 0x00, 0x00, 0x00, 0x00, 0x00, 0x00, 0x00, 0x00, 0x00, 0x00,
    0x00, 0x00, 0x00, 0x00, 0x00, 0x00, 0x00, 0x00, 0x00, 0x00, 0x00, 0x00, 0x00, 0x00, 0x00, 0x00, 0x00, 0x00, 0x00, 0x00, 0x00, 0x00, 0x00, 0x00,
    0x00, 0x00, 0x00, 0x00, 0x00, 0x00, 0x00, 0x00, 0x00, 0x00, 0x00, 0x00, 0x00, 0x00, 0x00, 0x00, 0x00, 0x00, 0x00, 0x00, 0x00, 0x00, 0x00, 0x00,
    0x00, 0x00, 0x00, 0x00, 0x00, 0x00, 0x00, 0x00, 0x00, 0x00, 0x00, 0x00, 0x00, 0x00, 0x00, 0x00, 0x00, 0x00, 0x00, 0x00, 0x00, 0x00, 0x00, 0x00,
    0x00, 0x00, 0x00, 0x00, 0x00, 0x00, 0x00, 0x00, 0x00, 0x00, 0x00, 0x00, 0x00, 0x00, 0x00, 0x00, 0x00, 0x00, 0x00, 0x00, 0x00, 0x00, 0x00, 0x00,
    0x00, 0x00, 0x00, 0x00, 0x00, 0x00, 0x00, 0x00, 0x00, 0x00, 0x00, 0x00, 0x00, 0x00, 0x00, 0x00, 0x00, 0x00, 0x00, 0x00, 0x00, 0x00, 0x00, 0x00,
    0x00, 0x00, 0x00, 0x00, 0x00, 0x00, 0x00, 0x00, 0x00, 0x00, 0x00, 0x00, 0x00, 0x00, 0x00, 0x00, 0x00, 0x00, 0x00, 0x00, 0x00, 0x00, 0x00, 0x00,
    0x8e, 0x35, 0x0a, 0x00, 0x00, 0x00, 0x00, 0x00, 0x00, 0x00, 0x00, 0x00, 0x00, 0x00, 0x00, 0x00, 0x00, 0x00, 0x00, 0x00, 0x00, 0x00, 0x00, 0x00,
    0x00, 0x00, 0x00, 0x00, 0x00, 0x00, 0x00, 0x00, 0x00, 0x00, 0x00, 0x00, 0x00, 0x00, 0x00, 0x00, 0x00, 0x00, 0x00, 0x00, 0x00, 0x00, 0x00, 0x00,
    0x00, 0x00, 0x00, 0x00, 0x00, 0x00, 0x00, 0x00, 0x00, 0x00, 0x00, 0x00, 0x00, 0x00, 0x00, 0x00, 0x00, 0x00, 0x00, 0x00, 0x00, 0x00, 0x00, 0x00,
    0x00, 0x00, 0x00, 0x00, 0x00, 0x00, 0x00, 0x00, 0x00, 0x00, 0x00, 0x00, 0x00, 0x00, 0x00, 0x00, 0x00, 0x00, 0x00, 0x00, 0x00, 0x00, 0x00, 0x00,
    0x00, 0x00, 0x00, 0x00, 0x00, 0x00, 0x00, 0x00, 0x00, 0x00, 0x00, 0x00, 0x00, 0x00, 0x00, 0x00, 0x00, 0x00, 0x00, 0x00, 0x00, 0x00, 0x00, 0x00,
    0x00, 0x00, 0x00, 0x00, 0x00, 0x00, 0x00, 0x00, 0x00, 0x00, 0x00, 0x00, 0x00, 0x00, 0x00, 0x00, 0x00, 0x00, 0x00, 0x00, 0x00, 0x00, 0x00, 0x00,
    0x00, 0x00, 0x00, 0x00, 0x00, 0x00, 0x00, 0x00, 0x00, 0x00, 0x00, 0x00, 0x00, 0x00, 0x00, 0x00, 0x00, 0x00, 0x00, 0x00, 0x00, 0x00, 0x00, 0x00,
    0x00, 0x00, 0x00, 0x00, 0x00, 0x00, 0x00, 0x00, 0x00, 0x00, 0x00, 0x00, 0x00, 0x00, 0x00, 0x00, 0x00, 0x00, 0x00, 0x00, 0x00, 0x00, 0x00, 0x00,
    0x00, 0x00, 0x00, 0x00, 0x00, 0x00, 0x00, 0x00, 0x00, 0x00, 0x00, 0x00, 0x00, 0x00, 0x00, 0x00, 0x00, 0x00, 0x00, 0x00, 0x00, 0x00, 0x00, 0x00,
    0x00, 0x00, 0x00, 0x00, 0x00, 0x00, 0x00, 0x00, 0x00, 0x00, 0x00, 0x00, 0x00, 0x00, 0x00, 0x00, 0x00, 0x00, 0x00, 0x00, 0x00, 0x00, 0x00, 0x00,
    0x00, 0x00, 0x00, 0x00, 0x00, 0x00, 0x00, 0x00, 0x00, 0x00, 0x00, 0x00, 0x00, 0x00, 0x00, 0x00, 0x00, 0x00, 0x00, 0x00, 0x00, 0x00, 0x00, 0x00,
    0x00, 0x00, 0x00, 0x00, 0x00, 0x00, 0x00, 0x00, 0x00, 0x00, 0x00, 0x00, 0x00, 0x00, 0x00, 0x00, 0x00, 0x00, 0x00, 0x00, 0x00, 0x00, 0x00, 0x00,
    0x00, 0x00, 0x00, 0x00, 0x00, 0x00, 0x00, 0x00, 0x00, 0x00, 0x00, 0x00, 0x00, 0x00, 0x00, 0x00, 0x00, 0x00, 0x00, 0x00, 0x00, 0x00, 0x00, 0x00,
    0x00, 0x00, 0x00, 0x00, 0x00, 0x00, 0x00, 0x00, 0x00, 0x00, 0x00, 0x00, 0x00, 0x00, 0x00, 0x00, 0x00, 0x00, 0x00, 0x00, 0x00, 0x00, 0x00, 0x00,
    0x00, 0x00, 0x00, 0x00, 0x00, 0x00, 0x00, 0x00, 0x00, 0x00, 0x00, 0x00, 0x00, 0x00, 0x00, 0x00, 0x00, 0x00, 0x00, 0x00, 0x00, 0x00, 0x00, 0x00,
    0x00, 0x00, 0x00, 0x00, 0x00, 0x00, 0x00, 0x00, 0x00, 0x00, 0x00, 0x00, 0x00, 0x00, 0x00, 0x00, 0x00, 0x00, 0x00, 0x00, 0x00, 0x00, 0x00, 0x00,
    0x00, 0x00, 0x00, 0x00, 0x00, 0x00, 0x00, 0x00, 0x00, 0x00, 0x00, 0x00, 0x00, 0x00, 0x00, 0x00, 0x00, 0x00, 0x00, 0x00, 0x00, 0x00, 0x00, 0x00,
    0x00, 0x00, 0x00, 0x00, 0x00, 0x00, 0x00, 0x00, 0x00, 0x00, 0x00, 0x00, 0x00, 0x00, 0x00, 0x00, 0x00, 0x00, 0x00, 0x00, 0x00, 0x00, 0x00, 0x00,
    0x00, 0x00, 0x00, 0x00, 0x00, 0x00, 0x00, 0x00, 0x00, 0x00, 0x00, 0x00, 0x00, 0x00, 0x00, 0x00, 0x00, 0x00, 0x00, 0x00, 0x00, 0x00, 0x00, 0x00,
    0x00, 0x00, 0x00, 0x00, 0x00, 0x00, 0x00, 0x00, 0x00, 0x00, 0x00, 0x00, 0x00, 0x00, 0x00, 0x00, 0x00, 0x00, 0x00, 0x00, 0x00, 0x00, 0x00, 0x00,
    0x00, 0x00, 0x00, 0x00, 0x00, 0x00, 0x00, 0x00, 0x00, 0x00, 0x00, 0x00, 0x00, 0x00, 0x00, 0x00, 0x00, 0x00, 0x00, 0x00, 0x00, 0x00, 0x00, 0x00,
    0x00, 0x00, 0x00, 0x00, 0x00, 0x00, 0x00, 0x00, 0x00, 0x00, 0x00, 0x00, 0x00, 0x00, 0x00, 0x00, 0x00, 0x00, 0x00, 0x00, 0x00, 0x00, 0x00, 0x00,
    0x00, 0x00, 0x00, 0x00, 0x00, 0x00, 0x00, 0x00, 0x00, 0x00, 0x00, 0x00, 0x00, 0x00, 0x00, 0x00, 0x00, 0x00, 0x00, 0x00, 0x00, 0x00, 0x00, 0x00,
    0x00, 0x00, 0x00, 0x00, 0x00, 0x00, 0x00, 0x00, 0x00, 0x00, 0x00, 0x00, 0x00, 0x00, 0x00, 0x00, 0x00, 0x00, 0x00, 0x00, 0x00, 0x00, 0x00, 0x00,
    0x00, 0x00, 0x00, 0x00, 0x00, 0x00, 0x00, 0x00, 0x00, 0x00, 0x00, 0x00, 0x00, 0x00, 0x00, 0x00, 0x00, 0x00, 0x00, 0x00, 0x00, 0x00, 0x00, 0x00,
    0x00, 0x00, 0x00, 0x00, 0x00, 0x00, 0x00, 0x00, 0x00, 0x00, 0x00, 0x00, 0x00, 0x00, 0x00, 0x00, 0x00, 0x00, 0x00, 0x00, 0x00, 0x00, 0x00, 0x00,
    0x00, 0x00, 0x00, 0x00, 0x00, 0x00, 0x00, 0x00, 0x00, 0x00, 0x00, 0x00, 0x00, 0x00, 0x00, 0x00, 0x00, 0x00, 0x00, 0x00, 0x00, 0x00, 0x00, 0x00,
    0x00, 0x00, 0x00, 0x00, 0x00, 0x00, 0x00, 0x00, 0x00, 0x00, 0x00, 0x00, 0x00, 0x00, 0x00, 0x00, 0x00, 0x00, 0x00, 0x00, 0x00, 0x00, 0x00, 0x00,
    0x00, 0x00, 0x00, 0x00, 0x00, 0x00, 0x00, 0x00, 0x00, 0x00, 0x00, 0x00, 0x00, 0x00, 0x00, 0x00, 0x00, 0x00, 0x00, 0x00, 0x00, 0x00, 0x00, 0x00,
    0x00, 0x00, 0x00, 0x00, 0x00, 0x00, 0x00, 0x00, 0x00, 0x00, 0x00, 0x00, 0x00, 0x00, 0x00, 0x00, 0x00, 0x00, 0x00, 0x00, 0x00, 0x00, 0x00, 0x00,
    0x00, 0x00, 0x00, 0x00, 0x00, 0x00, 0x00, 0x00, 0x00, 0x00, 0x00, 0x00, 0x00, 0x00, 0x00, 0x00, 0x00, 0x00, 0x00, 0x00, 0x00, 0x00, 0x00, 0x00,
    0x00, 0x00, 0x00, 0x00, 0x00, 0x00, 0x00, 0x00, 0x00, 0x00, 0x00, 0x00, 0x00, 0x00, 0x00, 0x00, 0x00, 0x00, 0x00, 0x00, 0x00, 0x00, 0x00, 0x00,
    0x00, 0x00, 0x00, 0x00, 0x00, 0x00, 0x00, 0x00, 0x00, 0x00, 0x00, 0x00, 0x00, 0x00, 0x00, 0x00, 0x00, 0x00, 0x00, 0x00, 0x00, 0x00, 0x00, 0x00,
    0x00, 0x00, 0x00, 0x00, 0x00, 0x00, 0x00, 0x00, 0x00, 0x00, 0x00, 0x00, 0x00, 0x00, 0x00, 0x00, 0x00, 0x00, 0x00, 0x00, 0x00, 0x00, 0x00, 0x00,
    0x00, 0x00, 0x00, 0x00, 0x00, 0x00, 0x00, 0x00, 0x00, 0x00, 0x00, 0x00, 0x00, 0x00, 0x00, 0x00, 0x00, 0x00, 0x00, 0x00, 0x00, 0x00, 0x00, 0x00,
    0x00, 0x00, 0x00, 0x00, 0x00, 0x00, 0x00, 0x00, 0x00, 0x00, 0x00, 0x00, 0x00, 0x00, 0x00, 0x00, 0x00, 0x00, 0x00, 0x00, 0x00, 0x00, 0x00, 0x00,
    0x00, 0x00, 0x00, 0x00, 0x00, 0x00, 0x00, 0x00, 0x00, 0x00, 0x00, 0x00, 0x00, 0x00, 0x00, 0x00, 0x00, 0x00, 0x00, 0x00, 0x00, 0x00, 0x00, 0x00,
    0x00, 0x00, 0x00, 0x00, 0x00, 0x00, 0x00, 0x00, 0x00, 0x00, 0x00, 0x00, 0x00, 0x00, 0x00, 0x00, 0x00, 0x00, 0x00, 0x00, 0x00, 0x00, 0x00, 0x00,
    0x00, 0x00, 0x00, 0x00, 0x00, 0x00, 0x00, 0x00, 0x00, 0x00, 0x00, 0x00, 0x00, 0x00, 0x00, 0x00, 0x00, 0x00, 0x00, 0x00, 0x00, 0x00, 0x00, 0x00,
    0x00, 0x00, 0x00, 0x00, 0x00, 0x00, 0x00, 0x00, 0x00, 0x00, 0x00, 0x00, 0x00, 0x00, 0x00, 0x00, 0x00, 0x00, 0x00, 0x00, 0x00, 0x00, 0x00, 0x00,
    0x00, 0x00, 0x00, 0x00, 0x00, 0x00, 0x00, 0x00, 0x00, 0x00, 0x00, 0x00, 0x00, 0x00, 0x00, 0x00, 0x00, 0x00, 0x00, 0x00, 0x00, 0x00, 0x00, 0x00,
    0x00, 0x00, 0x00, 0x00, 0x00, 0x00, 0x00, 0x00, 0x00, 0x00, 0x00, 0x00, 0x00, 0x00, 0x00, 0x00, 0x00, 0x00, 0x00, 0x00, 0x00, 0x00, 0x00, 0x00,
    0x00, 0x00, 0x00, 0x00, 0x00, 0x00, 0x00, 0x00, 0x00, 0x00, 0x00, 0x00, 0x00, 0x00, 0x00, 0x00, 0x00, 0x00, 0x00, 0x00, 0x00, 0x00, 0x00, 0x00,
    0x00, 0x00, 0x00, 0x00, 0x00, 0x00, 0x00, 0x00, 0x00, 0x00, 0x00, 0x00, 0x00, 0x00, 0x00, 0x00, 0x00, 0x00, 0x00, 0x00, 0x00, 0x00, 0x00, 0x00,
    0x00, 0x00, 0x00, 0x00, 0x00, 0x00, 0x00, 0x00, 0x00, 0x00, 0x00, 0x00, 0x00, 0x00, 0x00, 0x00, 0x00, 0x00, 0x00, 0x00, 0x00, 0x00, 0x00, 0x00,
    0x00, 0x00, 0x00, 0x00, 0x00, 0x00, 0x00, 0x00, 0x00, 0x00, 0x00, 0x00, 0x00, 0x00, 0x00, 0x00, 0x00, 0x00, 0x00, 0x00, 0x00, 0x00, 0x00, 0x00,
    0x00, 0x00, 0x00, 0x00, 0x00, 0x00, 0x00, 0x00, 0x00, 0x00, 0x00, 0x00, 0x00, 0x00, 0x00, 0x00, 0x00, 0x00, 0x00, 0x00, 0x00, 0x00, 0x00, 0x00,
    0x00, 0x00, 0x00, 0x00, 0x00, 0x00, 0x00, 0x00, 0x00, 0x00, 0x00, 0x00, 0x00, 0x00, 0x00, 0x00, 0x00, 0x00, 0x00, 0x00, 0x00, 0x00, 0x00, 0x00,
    0x00, 0x00, 0x00, 0x00, 0x00, 0x00, 0x00, 0x00, 0x00, 0x00, 0x00, 0x00, 0x00, 0x00, 0x00, 0x00, 0x00, 0x00, 0x00, 0x00, 0x00, 0x00, 0x00, 0x00,
    0x00, 0x00, 0x00, 0x00, 0x00, 0x00, 0x00, 0x00, 0x00, 0x00, 0x00, 0x00, 0x00, 0x00, 0x00, 0x00, 0x00, 0x00, 0x00, 0x00, 0x00, 0x00, 0x00, 0x00,
    0x00, 0x00, 0x00, 0x00, 0x00, 0x00, 0x00, 0x00, 0x00, 0x00, 0x00, 0x00, 0x00, 0x00, 0x00, 0x00, 0x00, 0x00, 0x00, 0x00, 0x00, 0x00, 0x00, 0x00,
    0x00, 0x00, 0x00, 0x00, 0x00, 0x00, 0x00, 0x00, 0x00, 0x00, 0x00, 0x00, 0x00, 0x00, 0x00, 0x00, 0x00, 0x00, 0x00, 0x00, 0x00, 0x00, 0x00, 0x00,
    0x00, 0x00, 0x00, 0x00, 0x00, 0x00, 0x00, 0x00, 0x00, 0x00, 0x00, 0x00, 0x00, 0x00, 0x00, 0x00, 0x00, 0x00, 0x00, 0x00, 0x00, 0x00, 0x00, 0x00,
    0x00, 0x00, 0x00, 0x00, 0x00, 0x00, 0x00, 0x00, 0x00, 0x00, 0x00, 0x00, 0x00, 0x00, 0x00, 0x00, 0x00, 0x00, 0x00, 0x00, 0x00, 0x00, 0x00, 0x00,
    0x00, 0x00, 0x00, 0x00, 0x00, 0x00, 0x00, 0x00, 0x00, 0x00, 0x00, 0x00, 0x00, 0x00, 0x00, 0x00, 0x00, 0x00, 0x00, 0x00, 0x00, 0x00, 0x00, 0x00,
    0x00, 0x00, 0x00, 0x00, 0x00, 0x00, 0x00, 0x00, 0x00, 0x00, 0x00, 0x00, 0x00, 0x00, 0x00, 0x00, 0x00, 0x00, 0x00, 0x00, 0x00, 0x00, 0x00, 0x00,
    0x00, 0x00, 0x00, 0x00, 0x00, 0x00, 0x00, 0x00, 0x00, 0x00, 0x00, 0x00, 0x00, 0x00, 0x00, 0x00, 0x00, 0x00, 0x00, 0x00, 0x00, 0x00, 0x00, 0x00,
    0x00, 0x00, 0x00, 0x00, 0x00, 0x00, 0x00, 0x00, 0x00, 0x00, 0x00, 0x00, 0x00, 0x00, 0x00, 0x00, 0x00, 0x00, 0x00, 0x00, 0x00, 0x00, 0x00, 0x00,
    0x00, 0x00, 0x00, 0x00, 0x00, 0x00, 0x00, 0x00, 0x00, 0x00, 0x00, 0x00, 0x00, 0x00, 0x00, 0x00, 0x00, 0x00, 0x00, 0x00, 0x00, 0x00, 0x00, 0x00,
    0x00, 0x00, 0x00, 0x00, 0x00, 0x00, 0x00, 0x00, 0x00, 0x00, 0x00, 0x00, 0x00, 0x00, 0x00, 0x00, 0x00, 0x00, 0x00, 0x00, 0x00, 0x00, 0x00, 0x00,
    0x00, 0x00, 0x00, 0x00, 0x00, 0x00, 0x00, 0x00, 0x00, 0x00, 0x00, 0x00, 0x00, 0x00, 0x00, 0x00, 0x00, 0x00, 0x00, 0x00, 0x00, 0x00, 0x00, 0x00,
    0x00, 0x00, 0x00, 0x00, 0x00, 0x00, 0x00, 0x00, 0x00, 0x00, 0x00, 0x00, 0x00, 0x00, 0x00, 0x00, 0x00, 0x00, 0x00, 0x00, 0x00, 0x00, 0x00, 0x00,
    0x00, 0x00, 0x00, 0x00, 0x00, 0x00, 0x00, 0x00, 0x00, 0x00, 0x00, 0x00, 0x00, 0x00, 0x00, 0x00, 0x00, 0x00, 0x00, 0x00, 0x00, 0x00, 0x00, 0x00,
    0x00, 0x00, 0x00, 0x00, 0x00, 0x00, 0x00, 0x00, 0x00, 0x00, 0x00, 0x00, 0x00, 0x00, 0x00, 0x00, 0x00, 0x00, 0x00, 0x00, 0x00, 0x00, 0x00, 0x00,
    0x00, 0x00, 0x00, 0x00, 0x00, 0x00, 0x00, 0x00, 0x00, 0x00, 0x00, 0x00, 0x00, 0x00, 0x00, 0x00, 0x00, 0x00, 0x00, 0x00, 0x00, 0x00, 0x00, 0x00,
    0x00, 0x00, 0x00, 0x00, 0x00, 0x00, 0x00, 0x00, 0x00, 0x00, 0x00, 0x00, 0x00, 0x00, 0x00, 0x00, 0x00, 0x00, 0x00, 0x00, 0x00, 0x00, 0x00, 0x00,
    0x00, 0x00, 0x00, 0x00, 0x00, 0x00, 0x00, 0x00, 0x00, 0x00, 0x00, 0x00, 0x00, 0x00, 0x00, 0x00, 0x00, 0x00, 0x00, 0x00, 0x00, 0x00, 0x00, 0x00,
    0x00, 0x00, 0x00, 0x00, 0x00, 0x00, 0x00, 0x00, 0x00, 0x00, 0x00, 0x00, 0x00, 0x00, 0x00, 0x00, 0x00, 0x00, 0x00, 0x00, 0x00, 0x00, 0x00, 0x00,
    0x00, 0x00, 0x00, 0x00, 0x00, 0x00, 0x00, 0x00, 0x00, 0x00, 0x00, 0x00, 0x00, 0x00, 0x00, 0x00, 0x00, 0x00, 0x00, 0x00, 0x00, 0x00, 0x00, 0x00,
    0x00, 0x00, 0x00, 0x00, 0x00, 0x00, 0x00, 0x00, 0x00, 0x00, 0x00, 0x00, 0x00, 0x00, 0x00, 0x00, 0x00, 0x00, 0x00, 0x00, 0x00, 0x00, 0x00, 0x00,
    0x00, 0x00, 0x00, 0x00, 0x00, 0x00, 0x00, 0x00, 0x00, 0x00, 0x00, 0x00, 0x00, 0x00, 0x00, 0x00, 0x00, 0x00, 0x00, 0x00, 0x00, 0x00, 0x00, 0x00,
    0x00, 0x00, 0x00, 0x00, 0x00, 0x00, 0x00, 0x00, 0x00, 0x00, 0x00, 0x00, 0x00, 0x00, 0x00, 0x00, 0x00, 0x00, 0x00, 0x00, 0x00, 0x00, 0x00, 0x00,
    0x00, 0x00, 0x00, 0x00, 0x00, 0x00, 0x00, 0x00, 0x00, 0x00, 0x00, 0x00, 0x00, 0x00, 0x00, 0x00, 0x00, 0x00, 0x00, 0x00, 0x00, 0x00, 0x00, 0x00,
    0x00, 0x00, 0x00, 0x00, 0x00, 0x00, 0x00, 0x00, 0x00, 0x00, 0x00, 0x00, 0x00, 0x00, 0x00, 0x00, 0x00, 0x00, 0x00, 0x00, 0x00, 0x00, 0x00, 0x00,
    0x00, 0x00, 0x00, 0x00, 0x00, 0x00, 0x00, 0x00, 0x00, 0x00, 0x00, 0x00, 0x00, 0x00, 0x00, 0x00, 0x00, 0x00, 0x00, 0x00, 0x00, 0x00, 0x00, 0x00,
    0x00, 0x00, 0x00, 0x00, 0x00, 0x00, 0x00, 0x00, 0x00, 0x00, 0x00, 0x00, 0x00, 0x00, 0x00, 0x00, 0x00, 0x00, 0x00, 0x00, 0x00, 0x00, 0x00, 0x00,
    0x00, 0x00, 0x00, 0x00, 0x00, 0x00, 0x00, 0x00, 0x00, 0x00, 0x00, 0x00, 0x00, 0x00, 0x00, 0x00, 0x00, 0x00, 0x00, 0x00, 0x00, 0x00, 0x00, 0x00,
    0x00, 0x00, 0x00, 0x00, 0x00, 0x00, 0x00, 0x00, 0x00, 0x00, 0x00, 0x00, 0x00, 0x00, 0x00, 0x00, 0x00, 0x00, 0x00, 0x00, 0x00, 0x00, 0x00, 0x00,
    0x00, 0x00, 0x00, 0x00, 0x00, 0x00, 0x00, 0x00, 0x00, 0x00, 0x00, 0x00, 0x00, 0x00, 0x00, 0x00, 0x00, 0x00, 0x00, 0x00, 0x00, 0x00, 0x00, 0x00,
    0x00, 0x00, 0x00, 0x00, 0x00, 0x00, 0x00, 0x00, 0x00, 0x00, 0x00, 0x00, 0x00, 0x00, 0x00, 0x00, 0x00, 0x00, 0x00, 0x00, 0x00, 0x00, 0x00, 0x00,
    0x00, 0x00, 0x00, 0x00, 0x00, 0x00, 0x00, 0x00, 0x00, 0x00, 0x00, 0x00, 0x00, 0x00, 0x00, 0x00, 0x00, 0x00, 0x00, 0x00, 0x00, 0x00, 0x00, 0x00,
    0x00, 0x00, 0x00, 0x00, 0x00, 0x00, 0x00, 0x00, 0x00, 0x00, 0x00, 0x00, 0x00, 0x00, 0x00, 0x00, 0x00, 0x00, 0x00, 0x00, 0x00, 0x00, 0x00, 0x00,
    0x00, 0x00, 0x00, 0x00, 0x00, 0x00, 0x00, 0x00, 0x00, 0x00, 0x00, 0x00, 0x00, 0x00, 0x00, 0x00, 0x00, 0x00, 0x00, 0x00, 0x00, 0x00, 0x00, 0x00,
    0x00, 0x00, 0x00, 0x00, 0x00, 0x00, 0x00, 0x00, 0x00, 0x00, 0x00, 0x00, 0x00, 0x00, 0x00, 0x00, 0x00, 0x00, 0x00, 0x00, 0x00, 0x00, 0x00, 0x00,
    0x00, 0x00, 0x00, 0x00, 0x00, 0x00, 0x00, 0x00, 0x00, 0x00, 0x00, 0x00, 0x00, 0x00, 0x00, 0x00, 0x00, 0x00, 0x00, 0x00, 0x00, 0x00, 0x00, 0x00,
    0x00, 0x00, 0x00, 0x00, 0x00, 0x00, 0x00, 0x00, 0x00, 0x00, 0x00, 0x00, 0x00, 0x00, 0x00, 0x00, 0x00, 0x00, 0x00, 0x00, 0x00, 0x00, 0x00, 0x00,
    0x00, 0x00, 0x00, 0x00, 0x00, 0x00, 0x00, 0x00, 0x00, 0x00, 0x00, 0x00, 0x00, 0x00, 0x00, 0x00, 0x00, 0x00, 0x00, 0x00, 0x00, 0x00, 0x00, 0x00,
    0x00, 0x00, 0x00, 0x00, 0x00, 0x00, 0x00, 0x00, 0x00, 0x00, 0x00, 0x00, 0x00, 0x00, 0x00, 0x00, 0x00, 0x00, 0x00, 0x00, 0x00, 0x00, 0x00, 0x00,
    0x00, 0x00, 0x00, 0x00, 0x00, 0x00, 0x00, 0x00, 0x00, 0x00, 0x00, 0x00, 0x00, 0x00, 0x00, 0x00, 0x00, 0x00, 0x00, 0x00, 0x00, 0x00, 0x00, 0x00,
    0x00, 0x00, 0x00, 0x00, 0x00, 0x00, 0x00, 0x00, 0x00, 0x00, 0x00, 0x00, 0x00, 0x00, 0x00, 0x00, 0x00, 0x00, 0x00, 0x00, 0x00, 0x00, 0x00, 0x00,
    0x00, 0x00, 0x00, 0x00, 0x00, 0x00, 0x00, 0x00, 0x00, 0x00, 0x00, 0x00, 0x00, 0x00, 0x00, 0x00, 0x00, 0x00, 0x00, 0x00, 0x00, 0x00, 0x00, 0x00,
    0x00, 0x00, 0x00, 0x00, 0x00, 0x00, 0x00, 0x00, 0x00, 0x00, 0x00, 0x00, 0x00, 0x00, 0x00, 0x00, 0x00, 0x00, 0x00, 0x00, 0x00, 0x00, 0x00, 0x00,
    0x00, 0x00, 0x00, 0x00, 0x00, 0x00, 0x00, 0x00, 0x00, 0x00, 0x00, 0x00, 0x00, 0x00, 0x00, 0x00, 0x00, 0x00, 0x00, 0x00, 0x00, 0x00, 0x00, 0x00,
    0x00, 0x00, 0x00, 0x00, 0x00, 0x00, 0x00, 0x00, 0x00, 0x00, 0x00, 0x00, 0x00, 0x00, 0x00, 0x00, 0x00, 0x00, 0x00, 0x00, 0x00, 0x00, 0x00, 0x00,
    0x00, 0x00, 0x00, 0x00, 0x00, 0x00, 0x00, 0x00, 0x00, 0x00, 0x00, 0x00, 0x00, 0x00, 0x00, 0x00, 0x00, 0x00, 0x00, 0x00, 0x00, 0x00, 0x00, 0x00,
    0x00, 0x00, 0x00, 0x00, 0x00, 0x00, 0x00, 0x00, 0x00, 0x00, 0x00, 0x00, 0x00, 0x00, 0x00, 0x00, 0x00, 0x00, 0x00, 0x00, 0x00, 0x00, 0x00, 0x00,
    0x00, 0x00, 0x00, 0x00, 0x00, 0x00, 0x00, 0x00, 0x00, 0x00, 0x00, 0x00, 0x00, 0x00, 0x00, 0x00, 0x00, 0x00, 0x00, 0x00, 0x00, 0x00, 0x00, 0x00,
    0x00, 0x00, 0x00, 0x00, 0x00, 0x00, 0x00, 0x00, 0x00, 0x00, 0x00, 0x00, 0x00, 0x00, 0x00, 0x00, 0x00, 0x00, 0x00, 0x00, 0x00, 0x00, 0x00, 0x00,
    0x00, 0x00, 0x00, 0x00, 0x00, 0x00, 0x00, 0x00, 0x00, 0x00, 0x00, 0x00, 0x00, 0x00, 0x00, 0x00, 0x00, 0x00, 0x00, 0x00, 0x00, 0x00, 0x00, 0x00,
};
const lv_img_dsc_t voice_reply = {
    .header.always_zero = 0,
    .header.w = 169,
    .header.h = 32,
    .data_size = 16224,
    .header.cf = LV_IMG_CF_TRUE_COLOR_ALPHA,
    .data = voice_reply_map,
};

