#include "rehab_feedback_cn_assets.h"

#ifndef LV_ATTRIBUTE_IMG_REHAB_FEEDBACK_OK
#define LV_ATTRIBUTE_IMG_REHAB_FEEDBACK_OK
#endif
const LV_ATTRIBUTE_MEM_ALIGN LV_ATTRIBUTE_LARGE_CONST LV_ATTRIBUTE_IMG_REHAB_FEEDBACK_OK uint8_t rehab_feedback_ok_map[] = {
    0x00, 0x00, 0x00, 0x00, 0x00, 0x00, 0x00, 0x00, 0x00, 0x00, 0x00, 0x00, 0x00, 0x00, 0x00, 0x00, 0x00, 0x00, 0x00, 0x00, 0x00, 0x00, 0x00, 0x00,
    0x00, 0x00, 0x00, 0x00, 0x00, 0x00, 0x00, 0x00, 0x00, 0x00, 0x00, 0x00, 0x00, 0x00, 0x00, 0x00, 0x00, 0x00, 0x00, 0x00, 0x00, 0x00, 0x00, 0x00,
    0x00, 0x00, 0x00, 0x00, 0x00, 0x00, 0x00, 0x00, 0x00, 0x00, 0x00, 0x00, 0x00, 0x00, 0x00, 0x00, 0x00, 0x00, 0x00, 0x00, 0x00, 0x00, 0x00, 0x00,
    0x00, 0x00, 0x00, 0x00, 0x00, 0x00, 0x00, 0x00, 0x00, 0x00, 0x00, 0x00, 0x00, 0x00, 0x00, 0x00, 0x00, 0x00, 0x00, 0x00, 0x00, 0x00, 0x00, 0x00,
    0x00, 0x00, 0x00, 0x00, 0x00, 0x00, 0x00, 0x00, 0x00, 0x00, 0x00, 0x00, 0x00, 0x00, 0x00, 0x00, 0x00, 0x00, 0x00, 0x00, 0x00, 0x00, 0x00, 0x00,
    0x00, 0x00, 0x00, 0x00, 0x00, 0x00, 0x00, 0x00, 0x00, 0x00, 0x00, 0x00, 0x00, 0x00, 0x00, 0x00, 0x00, 0x00, 0x00, 0x00, 0x00, 0x00, 0x00, 0x00,
    0x00, 0x00, 0x00, 0x00, 0x00, 0x00, 0x00, 0x00, 0x00, 0x00, 0x00, 0x00, 0x00, 0x00, 0x00, 0x00, 0x00, 0x00, 0x00, 0x00, 0x00, 0x00, 0x00, 0x00,
    0x00, 0x00, 0x00, 0x00, 0x00, 0x00, 0x00, 0x00, 0x00, 0x00, 0x00, 0x00, 0x00, 0x00, 0x00, 0x00, 0x00, 0x00, 0x00, 0x00, 0x00, 0x00, 0x00, 0x00,
    0x00, 0x00, 0x00, 0x00, 0x00, 0x00, 0x00, 0x00, 0x00, 0x00, 0x00, 0x00, 0x00, 0x00, 0x00, 0x00, 0x00, 0x00, 0x00, 0x00, 0x00, 0x00, 0x00, 0x00,
    0x00, 0x00, 0x00, 0x00, 0x00, 0x00, 0x00, 0x00, 0x00, 0x00, 0x00, 0x00, 0x00, 0x00, 0x00, 0x00, 0x00, 0x00, 0x00, 0x00, 0x00, 0x00, 0x00, 0x00,
    0x00, 0x00, 0x00, 0x00, 0x00, 0x00, 0x00, 0x00, 0x00, 0x00, 0x00, 0x00, 0x00, 0x00, 0x00, 0x00, 0x00, 0x00, 0x8E, 0x35, 0x57, 0x8E, 0x35, 0x5F,
    0x8E, 0x35, 0x17, 0x00, 0x00, 0x00, 0x00, 0x00, 0x00, 0x00, 0x00, 0x00, 0x00, 0x00, 0x00, 0x00, 0x00, 0x00, 0x00, 0x00, 0x00, 0x00, 0x00, 0x00,
    0x00, 0x00, 0x00, 0x8E, 0x35, 0x91, 0x8E, 0x35, 0x8D, 0x8E, 0x35, 0x2A, 0x00, 0x00, 0x00, 0x00, 0x00, 0x00, 0x8E, 0x35, 0x9B, 0x8E, 0x35, 0x73,
    0x8E, 0x35, 0x16, 0x00, 0x00, 0x00, 0x00, 0x00, 0x00, 0x00, 0x00, 0x00, 0x00, 0x00, 0x00, 0x00, 0x00, 0x00, 0x00, 0x00, 0x00, 0x00, 0x00, 0x00,
    0x00, 0x00, 0x00, 0x00, 0x00, 0x00, 0x00, 0x00, 0x00, 0x00, 0x00, 0x00, 0x00, 0x00, 0x00, 0x00, 0x00, 0x00, 0x00, 0x00, 0x00, 0x00, 0x00, 0x00,
    0x00, 0x00, 0x00, 0x00, 0x00, 0x00, 0x00, 0x00, 0x00, 0x00, 0x00, 0x00, 0x00, 0x00, 0x00, 0x00, 0x00, 0x00, 0x00, 0x00, 0x00, 0x00, 0x00, 0x00,
    0x00, 0x00, 0x00, 0x00, 0x00, 0x00, 0x00, 0x00, 0x00, 0x00, 0x00, 0x00, 0x8E, 0x35, 0x35, 0x8E, 0x35, 0x8C, 0x8E, 0x35, 0x04, 0x00, 0x00, 0x00,
    0x8E, 0x35, 0x23, 0x8E, 0x35, 0xFF, 0x8E, 0x35, 0xFF, 0x8E, 0x35, 0x17, 0x00, 0x00, 0x00, 0x8E, 0x35, 0x06, 0x8E, 0x35, 0x8D, 0x8E, 0x35, 0x43,
    0x8E, 0x35, 0x03, 0x00, 0x00, 0x00, 0x00, 0x00, 0x00, 0x00, 0x00, 0x00, 0x00, 0x00, 0x00, 0x00, 0x00, 0x00, 0x00, 0x00, 0x00, 0x00, 0x00, 0x00,
    0x00, 0x00, 0x00, 0x00, 0x00, 0x00, 0x00, 0x00, 0x00, 0x00, 0x00, 0x00, 0x00, 0x00, 0x00, 0x00, 0x00, 0x00, 0x00, 0x00, 0x00, 0x00, 0x00, 0x00,
    0x8E, 0x35, 0xE9, 0x8E, 0x35, 0xFF, 0x8E, 0x35, 0x3C, 0x00, 0x00, 0x00, 0x00, 0x00, 0x00, 0x00, 0x00, 0x00, 0x00, 0x00, 0x00, 0x00, 0x00, 0x00,
    0x00, 0x00, 0x00, 0x00, 0x00, 0x00, 0x8E, 0x35, 0x26, 0x8E, 0x35, 0xFD, 0x8E, 0x35, 0xFF, 0x8E, 0x35, 0x45, 0x00, 0x00, 0x00, 0x8E, 0x35, 0x43,
    0x8E, 0x35, 0xFF, 0x8E, 0x35, 0xFA, 0x8E, 0x35, 0x16, 0x00, 0x00, 0x00, 0x00, 0x00, 0x00, 0x00, 0x00, 0x00, 0x00, 0x00, 0x00, 0x00, 0x00, 0x00,
    0x00, 0x00, 0x00, 0x00, 0x00, 0x00, 0x8E, 0x35, 0x9B, 0x8E, 0x35, 0xFF, 0x8E, 0x35, 0xFF, 0x8E, 0x35, 0xFF, 0x8E, 0x35, 0xFF, 0x8E, 0x35, 0xFF,
    0x8E, 0x35, 0xFF, 0x8E, 0x35, 0xFF, 0x8E, 0x35, 0xFF, 0x8E, 0x35, 0xFF, 0x8E, 0x35, 0xFF, 0x8E, 0x35, 0xFF, 0x8E, 0x35, 0xFF, 0x8E, 0x35, 0xFF,
    0x8E, 0x35, 0xFF, 0x8E, 0x35, 0xBB, 0x00, 0x00, 0x00, 0x00, 0x00, 0x00, 0x00, 0x00, 0x00, 0x8E, 0x35, 0x1C, 0x8E, 0x35, 0xFA, 0x8E, 0x35, 0xFF,
    0x8E, 0x35, 0x74, 0x00, 0x00, 0x00, 0x8E, 0x35, 0x23, 0x8E, 0x35, 0xFF, 0x8E, 0x35, 0xFF, 0x8E, 0x35, 0x17, 0x00, 0x00, 0x00, 0x8E, 0x35, 0x72,
    0x8E, 0x35, 0xFF, 0x8E, 0x35, 0xFC, 0x8E, 0x35, 0x3E, 0x00, 0x00, 0x00, 0x00, 0x00, 0x00, 0x00, 0x00, 0x00, 0x00, 0x00, 0x00, 0x00, 0x00, 0x00,
    0x8E, 0x35, 0x8B, 0x8E, 0x35, 0xFF, 0x8E, 0x35, 0xFF, 0x8E, 0x35, 0xFF, 0x8E, 0x35, 0xFF, 0x8E, 0x35, 0xFF, 0x8E, 0x35, 0xFF, 0x8E, 0x35, 0x87,
    0x00, 0x00, 0x00, 0x00, 0x00, 0x00, 0x8E, 0x35, 0xEA, 0x8E, 0x35, 0xFF, 0x8E, 0x35, 0x3A, 0x00, 0x00, 0x00, 0x00, 0x00, 0x00, 0x00, 0x00, 0x00,
    0x00, 0x00, 0x00, 0x00, 0x00, 0x00, 0x00, 0x00, 0x00, 0x00, 0x00, 0x00, 0x8E, 0x35, 0x9E, 0x8E, 0x35, 0xFF, 0x8E, 0x35, 0xD0, 0x00, 0x00, 0x00,
    0x00, 0x00, 0x00, 0x8E, 0x35, 0xB2, 0x8E, 0x35, 0xFF, 0x8E, 0x35, 0xAA, 0x00, 0x00, 0x00, 0x00, 0x00, 0x00, 0x00, 0x00, 0x00, 0x00, 0x00, 0x00,
    0x00, 0x00, 0x00, 0x00, 0x00, 0x00, 0x00, 0x00, 0x00, 0x00, 0x00, 0x00, 0x8E, 0x35, 0x9B, 0x8E, 0x35, 0xFF, 0x8E, 0x35, 0xFF, 0x8E, 0x35, 0xFF,
    0x8E, 0x35, 0xFF, 0x8E, 0x35, 0xFF, 0x8E, 0x35, 0xFF, 0x8E, 0x35, 0xFF, 0x8E, 0x35, 0xFF, 0x8E, 0x35, 0xFF, 0x8E, 0x35, 0xFF, 0x8E, 0x35, 0xFF,
    0x8E, 0x35, 0xFF, 0x8E, 0x35, 0xFF, 0x8E, 0x35, 0xFF, 0x8E, 0x35, 0xBB, 0x00, 0x00, 0x00, 0x00, 0x00, 0x00, 0x00, 0x00, 0x00, 0x00, 0x00, 0x00,
    0x8E, 0x35, 0x92, 0x8E, 0x35, 0xFF, 0x8E, 0x35, 0xAE, 0x00, 0x00, 0x00, 0x8E, 0x35, 0x23, 0x8E, 0x35, 0xFF, 0x8E, 0x35, 0xFF, 0x8E, 0x35, 0x17,
    0x8E, 0x35, 0x01, 0x8E, 0x35, 0xC4, 0x8E, 0x35, 0xFF, 0x8E, 0x35, 0x77, 0x00, 0x00, 0x00, 0x00, 0x00, 0x00, 0x00, 0x00, 0x00, 0x00, 0x00, 0x00,
    0x00, 0x00, 0x00, 0x00, 0x00, 0x00, 0x8E, 0x35, 0x7C, 0x8E, 0x35, 0xE3, 0x8E, 0x35, 0xE3, 0x8E, 0x35, 0xE3, 0x8E, 0x35, 0xE3, 0x8E, 0x35, 0xE3,
    0x8E, 0x35, 0xE3, 0x8E, 0x35, 0x79, 0x00, 0x00, 0x00, 0x00, 0x00, 0x00, 0x8E, 0x35, 0xEB, 0x8E, 0x35, 0xFF, 0x8E, 0x35, 0x37, 0x00, 0x00, 0x00,
    0x00, 0x00, 0x00, 0x00, 0x00, 0x00, 0x00, 0x00, 0x00, 0x00, 0x00, 0x00, 0x00, 0x00, 0x00, 0x8E, 0x35, 0x1E, 0x8E, 0x35, 0xFA, 0x8E, 0x35, 0xFF,
    0x8E, 0x35, 0x5B, 0x00, 0x00, 0x00, 0x8E, 0x35, 0x22, 0x8E, 0x35, 0xFD, 0x8E, 0x35, 0xFF, 0x8E, 0x35, 0xFF, 0x8E, 0x35, 0xFF, 0x8E, 0x35, 0xFF,
    0x8E, 0x35, 0xFF, 0x8E, 0x35, 0xFF, 0x8E, 0x35, 0xFF, 0x8E, 0x35, 0xFF, 0x8E, 0x35, 0x7F, 0x00, 0x00, 0x00, 0x8E, 0x35, 0x11, 0x8E, 0x35, 0x1B,
    0x8E, 0x35, 0x1B, 0x8E, 0x35, 0x1B, 0x8E, 0x35, 0x1B, 0x8E, 0x35, 0x1B, 0x8E, 0x35, 0x1B, 0x8E, 0x35, 0xA3, 0x8E, 0x35, 0xFF, 0x8E, 0x35, 0xB8,
    0x8E, 0x35, 0x1B, 0x8E, 0x35, 0x1B, 0x8E, 0x35, 0x1B, 0x8E, 0x35, 0x1B, 0x8E, 0x35, 0x1B, 0x8E, 0x35, 0x14, 0x00, 0x00, 0x00, 0x00, 0x00, 0x00,
    0x8E, 0x35, 0xBB, 0x8E, 0x35, 0xFF, 0x8E, 0x35, 0xFF, 0x8E, 0x35, 0xFF, 0x8E, 0x35, 0xFF, 0x8E, 0x35, 0xFF, 0x8E, 0x35, 0xFF, 0x8E, 0x35, 0xFF,
    0x8E, 0x35, 0xFF, 0x8E, 0x35, 0xFF, 0x8E, 0x35, 0xFF, 0x8E, 0x35, 0xFF, 0x8E, 0x35, 0xFF, 0x8E, 0x35, 0xFF, 0x8E, 0x35, 0xFF, 0x8E, 0x35, 0xCF,
    0x00, 0x00, 0x00, 0x00, 0x00, 0x00, 0x00, 0x00, 0x00, 0x00, 0x00, 0x00, 0x00, 0x00, 0x00, 0x00, 0x00, 0x00, 0x00, 0x00, 0x00, 0x00, 0x00, 0x00,
    0x00, 0x00, 0x00, 0x00, 0x00, 0x00, 0x00, 0x00, 0x00, 0x00, 0x00, 0x00, 0x8E, 0x35, 0x0E, 0x8E, 0x35, 0x0F, 0x8E, 0x35, 0xED, 0x8E, 0x35, 0xFF,
    0x8E, 0x35, 0x41, 0x8E, 0x35, 0x0F, 0x8E, 0x35, 0x0F, 0x8E, 0x35, 0x0F, 0x8E, 0x35, 0x02, 0x00, 0x00, 0x00, 0x00, 0x00, 0x00, 0x8E, 0x35, 0xB1,
    0x8E, 0x35, 0xFF, 0x8E, 0x35, 0xED, 0x8E, 0x35, 0x04, 0x00, 0x00, 0x00, 0x8E, 0x35, 0xA6, 0x8E, 0x35, 0xFF, 0x8E, 0x35, 0xFF, 0x8E, 0x35, 0xFF,
    0x8E, 0x35, 0xFF, 0x8E, 0x35, 0xFF, 0x8E, 0x35, 0xFF, 0x8E, 0x35, 0xFF, 0x8E, 0x35, 0xFF, 0x8E, 0x35, 0xFF, 0x8E, 0x35, 0x7F, 0x00, 0x00, 0x00,
    0x00, 0x00, 0x00, 0x00, 0x00, 0x00, 0x00, 0x00, 0x00, 0x00, 0x00, 0x00, 0x00, 0x00, 0x00, 0x00, 0x00, 0x00, 0x00, 0x00, 0x00, 0x8E, 0x35, 0x97,
    0x8E, 0x35, 0xFF, 0x8E, 0x35, 0xAF, 0x00, 0x00, 0x00, 0x00, 0x00, 0x00, 0x00, 0x00, 0x00, 0x00, 0x00, 0x00, 0x00, 0x00, 0x00, 0x00, 0x00, 0x00,
    0x00, 0x00, 0x00, 0x00, 0x00, 0x00, 0x8E, 0x35, 0xBB, 0x8E, 0x35, 0xFF, 0x8E, 0x35, 0xEA, 0x8E, 0x35, 0xDF, 0x8E, 0x35, 0xDF, 0x8E, 0x35, 0xDF,
    0x8E, 0x35, 0xDF, 0x8E, 0x35, 0xDF, 0x8E, 0x35, 0xDF, 0x8E, 0x35, 0xDF, 0x8E, 0x35, 0xDF, 0x8E, 0x35, 0xDF, 0x8E, 0x35, 0xDF, 0x8E, 0x35, 0xEA,
    0x8E, 0x35, 0xFF, 0x8E, 0x35, 0xCF, 0x00, 0x00, 0x00, 0x00, 0x00, 0x00, 0x00, 0x00, 0x00, 0x00, 0x00, 0x00, 0x00, 0x00, 0x00, 0x00, 0x00, 0x00,
    0x00, 0x00, 0x00, 0x00, 0x00, 0x00, 0x00, 0x00, 0x00, 0x00, 0x00, 0x00, 0x00, 0x00, 0x00, 0x00, 0x00, 0x00, 0x8E, 0x35, 0xEF, 0x8E, 0x35, 0xFF,
    0x8E, 0x35, 0xFF, 0x8E, 0x35, 0xFF, 0x8E, 0x35, 0xFF, 0x8E, 0x35, 0xFF, 0x8E, 0x35, 0xFF, 0x8E, 0x35, 0xFF, 0x8E, 0x35, 0x1E, 0x00, 0x00, 0x00,
    0x8E, 0x35, 0x61, 0x8E, 0x35, 0xFF, 0x8E, 0x35, 0xFF, 0x8E, 0x35, 0xDF, 0x00, 0x00, 0x00, 0x8E, 0x35, 0x46, 0x8E, 0x35, 0xFF, 0x8E, 0x35, 0xFE,
    0x8E, 0x35, 0x40, 0x8E, 0x35, 0xE1, 0x8E, 0x35, 0xFF, 0x8E, 0x35, 0x66, 0x8E, 0x35, 0x0F, 0x8E, 0x35, 0x0F, 0x8E, 0x35, 0x0F, 0x8E, 0x35, 0x0F,
    0x8E, 0x35, 0x07, 0x00, 0x00, 0x00, 0x00, 0x00, 0x00, 0x00, 0x00, 0x00, 0x00, 0x00, 0x00, 0x00, 0x00, 0x00, 0x00, 0x00, 0x00, 0x00, 0x00, 0x00,
    0x00, 0x00, 0x00, 0x8E, 0x35, 0x97, 0x8E, 0x35, 0xFF, 0x8E, 0x35, 0xAF, 0x00, 0x00, 0x00, 0x00, 0x00, 0x00, 0x00, 0x00, 0x00, 0x00, 0x00, 0x00,
    0x00, 0x00, 0x00, 0x00, 0x00, 0x00, 0x00, 0x00, 0x00, 0x00, 0x00, 0x00, 0x8E, 0x35, 0xBB, 0x8E, 0x35, 0xFF, 0x8E, 0x35, 0x57, 0x8E, 0x35, 0x67,
    0x8E, 0x35, 0x7F, 0x8E, 0x35, 0x7F, 0x8E, 0x35, 0x7F, 0x8E, 0x35, 0x7F, 0x8E, 0x35, 0x7F, 0x8E, 0x35, 0x7F, 0x8E, 0x35, 0x7F, 0x8E, 0x35, 0x7F,
    0x8E, 0x35, 0x6B, 0x8E, 0x35, 0x57, 0x8E, 0x35, 0xFF, 0x8E, 0x35, 0xCF, 0x00, 0x00, 0x00, 0x00, 0x00, 0x00, 0x00, 0x00, 0x00, 0x8E, 0x35, 0x23,
    0x8E, 0x35, 0xFF, 0x8E, 0x35, 0xFF, 0x8E, 0x35, 0xFF, 0x8E, 0x35, 0xFF, 0x8E, 0x35, 0xFF, 0x8E, 0x35, 0xFF, 0x8E, 0x35, 0xFF, 0x8E, 0x35, 0xD7,
    0x8E, 0x35, 0x65, 0x8E, 0x35, 0x6E, 0x8E, 0x35, 0xFF, 0x8E, 0x35, 0xFF, 0x8E, 0x35, 0xFF, 0x8E, 0x35, 0xFF, 0x8E, 0x35, 0xFF, 0x8E, 0x35, 0xFF,
    0x8E, 0x35, 0x17, 0x8E, 0x35, 0x3A, 0x8E, 0x35, 0xF8, 0x8E, 0x35, 0xFF, 0x8E, 0x35, 0xFF, 0x8E, 0x35, 0xDF, 0x8E, 0x35, 0x1E, 0x8E, 0x35, 0xEA,
    0x8E, 0x35, 0xFF, 0x8E, 0x35, 0xA0, 0x00, 0x00, 0x00, 0x8E, 0x35, 0xDF, 0x8E, 0x35, 0xFF, 0x8E, 0x35, 0x5B, 0x00, 0x00, 0x00, 0x00, 0x00, 0x00,
    0x00, 0x00, 0x00, 0x00, 0x00, 0x00, 0x00, 0x00, 0x00, 0x00, 0x00, 0x00, 0x00, 0x00, 0x00, 0x00, 0x00, 0x00, 0x8E, 0x35, 0x7D, 0x8E, 0x35, 0x7F,
    0x8E, 0x35, 0x21, 0x00, 0x00, 0x00, 0x00, 0x00, 0x00, 0x8E, 0x35, 0x97, 0x8E, 0x35, 0xFF, 0x8E, 0x35, 0xAF, 0x00, 0x00, 0x00, 0x00, 0x00, 0x00,
    0x00, 0x00, 0x00, 0x00, 0x00, 0x00, 0x00, 0x00, 0x00, 0x00, 0x00, 0x00, 0x00, 0x00, 0x00, 0x00, 0x00, 0x00, 0x8E, 0x35, 0xBB, 0x8E, 0x35, 0xFF,
    0x8E, 0x35, 0x57, 0x8E, 0x35, 0xCF, 0x8E, 0x35, 0xFF, 0x8E, 0x35, 0xFF, 0x8E, 0x35, 0xFF, 0x8E, 0x35, 0xFF, 0x8E, 0x35, 0xFF, 0x8E, 0x35, 0xFF,
    0x8E, 0x35, 0xFF, 0x8E, 0x35, 0xFF, 0x8E, 0x35, 0xD7, 0x8E, 0x35, 0x57, 0x8E, 0x35, 0xFF, 0x8E, 0x35, 0xCF, 0x00, 0x00, 0x00, 0x00, 0x00, 0x00,
    0x00, 0x00, 0x00, 0x8E, 0x35, 0x22, 0x8E, 0x35, 0xF7, 0x8E, 0x35, 0xF7, 0x8E, 0x35, 0xFF, 0x8E, 0x35, 0xFF, 0x8E, 0x35, 0xFA, 0x8E, 0x35, 0xF7,
    0x8E, 0x35, 0xF7, 0x8E, 0x35, 0xD1, 0x00, 0x00, 0x00, 0x8E, 0x35, 0x18, 0x8E, 0x35, 0xFF, 0x8E, 0x35, 0xFF, 0x8E, 0x35, 0x17, 0x8E, 0x35, 0x08,
    0x8E, 0x35, 0xFF, 0x8E, 0x35, 0xFF, 0x8E, 0x35, 0x10, 0x8E, 0x35, 0x53, 0x8E, 0x35, 0xFF, 0x8E, 0x35, 0xFF, 0x8E, 0x35, 0xFF, 0x8E, 0x35, 0xDF,
    0x8E, 0x35, 0x36, 0x8E, 0x35, 0xEB, 0x8E, 0x35, 0xE4, 0x8E, 0x35, 0x14, 0x00, 0x00, 0x00, 0x8E, 0x35, 0xDF, 0x8E, 0x35, 0xFF, 0x8E, 0x35, 0xF8,
    0x8E, 0x35, 0xF3, 0x8E, 0x35, 0xF3, 0x8E, 0x35, 0xF3, 0x8E, 0x35, 0xF3, 0x8E, 0x35, 0x0B, 0x00, 0x00, 0x00, 0x00, 0x00, 0x00, 0x00, 0x00, 0x00,
    0x8E, 0x35, 0xFB, 0x8E, 0x35, 0xFF, 0x8E, 0x35, 0x43, 0x00, 0x00, 0x00, 0x00, 0x00, 0x00, 0x8E, 0x35, 0x97, 0x8E, 0x35, 0xFF, 0x8E, 0x35, 0xB7,
    0x8E, 0x35, 0x17, 0x8E, 0x35, 0x17, 0x8E, 0x35, 0x17, 0x8E, 0x35, 0x17, 0x8E, 0x35, 0x13, 0x00, 0x00, 0x00, 0x00, 0x00, 0x00, 0x00, 0x00, 0x00,
    0x00, 0x00, 0x00, 0x00, 0x00, 0x00, 0x00, 0x00, 0x00, 0x8E, 0x35, 0xCF, 0x8E, 0x35, 0xFF, 0x8E, 0x35, 0x43, 0x00, 0x00, 0x00, 0x00, 0x00, 0x00,
    0x00, 0x00, 0x00, 0x00, 0x00, 0x00, 0x8E, 0x35, 0x5B, 0x8E, 0x35, 0xFF, 0x8E, 0x35, 0xD7, 0x00, 0x00, 0x00, 0x00, 0x00, 0x00, 0x00, 0x00, 0x00,
    0x00, 0x00, 0x00, 0x00, 0x00, 0x00, 0x00, 0x00, 0x00, 0x00, 0x00, 0x00, 0x00, 0x00, 0x00, 0x8E, 0x35, 0x0D, 0x8E, 0x35, 0xFC, 0x8E, 0x35, 0xFF,
    0x8E, 0x35, 0x22, 0x00, 0x00, 0x00, 0x00, 0x00, 0x00, 0x00, 0x00, 0x00, 0x00, 0x00, 0x00, 0x8E, 0x35, 0x33, 0x8E, 0x35, 0xFF, 0x8E, 0x35, 0xFD,
    0x8E, 0x35, 0x03, 0x8E, 0x35, 0x0F, 0x8E, 0x35, 0xFF, 0x8E, 0x35, 0xFF, 0x8E, 0x35, 0x09, 0x00, 0x00, 0x00, 0x8E, 0x35, 0xCF, 0x8E, 0x35, 0x9E,
    0x8E, 0x35, 0xFF, 0x8E, 0x35, 0xDF, 0x00, 0x00, 0x00, 0x8E, 0x35, 0x2B, 0x8E, 0x35, 0x3A, 0x00, 0x00, 0x00, 0x00, 0x00, 0x00, 0x8E, 0x35, 0xDF,
    0x8E, 0x35, 0xFF, 0x8E, 0x35, 0xFF, 0x8E, 0x35, 0xFF, 0x8E, 0x35, 0xFF, 0x8E, 0x35, 0xFF, 0x8E, 0x35, 0xFF, 0x8E, 0x35, 0x0B, 0x00, 0x00, 0x00,
    0x00, 0x00, 0x00, 0x00, 0x00, 0x00, 0x8E, 0x35, 0xFB, 0x8E, 0x35, 0xFF, 0x8E, 0x35, 0x43, 0x00, 0x00, 0x00, 0x00, 0x00, 0x00, 0x8E, 0x35, 0x97,
    0x8E, 0x35, 0xFF, 0x8E, 0x35, 0xFF, 0x8E, 0x35, 0xFF, 0x8E, 0x35, 0xFF, 0x8E, 0x35, 0xFF, 0x8E, 0x35, 0xFF, 0x8E, 0x35, 0xCF, 0x00, 0x00, 0x00,
    0x00, 0x00, 0x00, 0x00, 0x00, 0x00, 0x00, 0x00, 0x00, 0x00, 0x00, 0x00, 0x00, 0x00, 0x00, 0x8E, 0x35, 0xCF, 0x8E, 0x35, 0xFF, 0x8E, 0x35, 0xA1,
    0x8E, 0x35, 0x7F, 0x8E, 0x35, 0x7F, 0x8E, 0x35, 0x7F, 0x8E, 0x35, 0x7F, 0x8E, 0x35, 0xAD, 0x8E, 0x35, 0xFF, 0x8E, 0x35, 0xD7, 0x00, 0x00, 0x00,
    0x00, 0x00, 0x00, 0x00, 0x00, 0x00, 0x00, 0x00, 0x00, 0x00, 0x00, 0x00, 0x00, 0x00, 0x00, 0x00, 0x00, 0x00, 0x00, 0x00, 0x00, 0x8E, 0x35, 0x49,
    0x8E, 0x35, 0xFF, 0x8E, 0x35, 0xD3, 0x00, 0x00, 0x00, 0x8E, 0x35, 0x5A, 0x8E, 0x35, 0x93, 0x00, 0x00, 0x00, 0x00, 0x00, 0x00, 0x8E, 0x35, 0x4E,
    0x8E, 0x35, 0xFF, 0x8E, 0x35, 0xE9, 0x00, 0x00, 0x00, 0x8E, 0x35, 0x18, 0x8E, 0x35, 0xFF, 0x8E, 0x35, 0xFF, 0x8E, 0x35, 0x02, 0x00, 0x00, 0x00,
    0x8E, 0x35, 0x1D, 0x8E, 0x35, 0x4F, 0x8E, 0x35, 0xFF, 0x8E, 0x35, 0xDF, 0x00, 0x00, 0x00, 0x00, 0x00, 0x00, 0x00, 0x00, 0x00, 0x00, 0x00, 0x00,
    0x00, 0x00, 0x00, 0x8E, 0x35, 0xDF, 0x8E, 0x35, 0xFF, 0x8E, 0x35, 0x5B, 0x00, 0x00, 0x00, 0x00, 0x00, 0x00, 0x00, 0x00, 0x00, 0x00, 0x00, 0x00,
    0x00, 0x00, 0x00, 0x00, 0x00, 0x00, 0x00, 0x00, 0x00, 0x00, 0x00, 0x00, 0x8E, 0x35, 0xFB, 0x8E, 0x35, 0xFF, 0x8E, 0x35, 0x43, 0x00, 0x00, 0x00,
    0x00, 0x00, 0x00, 0x8E, 0x35, 0x97, 0x8E, 0x35, 0xFF, 0x8E, 0x35, 0xFF, 0x8E, 0x35, 0xFF, 0x8E, 0x35, 0xFF, 0x8E, 0x35, 0xFF, 0x8E, 0x35, 0xFF,
    0x8E, 0x35, 0xCF, 0x00, 0x00, 0x00, 0x00, 0x00, 0x00, 0x00, 0x00, 0x00, 0x00, 0x00, 0x00, 0x00, 0x00, 0x00, 0x00, 0x00, 0x00, 0x8E, 0x35, 0xCF,
    0x8E, 0x35, 0xFF, 0x8E, 0x35, 0xFF, 0x8E, 0x35, 0xFF, 0x8E, 0x35, 0xFF, 0x8E, 0x35, 0xFF, 0x8E, 0x35, 0xFF, 0x8E, 0x35, 0xFF, 0x8E, 0x35, 0xFF,
    0x8E, 0x35, 0xD7, 0x00, 0x00, 0x00, 0x00, 0x00, 0x00, 0x00, 0x00, 0x00, 0x00, 0x00, 0x00, 0x00, 0x00, 0x00, 0x00, 0x00, 0x00, 0x00, 0x00, 0x00,
    0x00, 0x00, 0x00, 0x8E, 0x35, 0x88, 0x8E, 0x35, 0xFF, 0x8E, 0x35, 0x85, 0x00, 0x00, 0x00, 0x8E, 0x35, 0xB5, 0x8E, 0x35, 0xFF, 0x8E, 0x35, 0x3C,
    0x00, 0x00, 0x00, 0x8E, 0x35, 0x6C, 0x8E, 0x35, 0xFF, 0x8E, 0x35, 0xCD, 0x00, 0x00, 0x00, 0x8E, 0x35, 0x21, 0x8E, 0x35, 0xFF, 0x8E, 0x35, 0xF9,
    0x00, 0x00, 0x00, 0x00, 0x00, 0x00, 0x00, 0x00, 0x00, 0x8E, 0x35, 0x4F, 0x8E, 0x35, 0xFF, 0x8E, 0x35, 0xDF, 0x00, 0x00, 0x00, 0x00, 0x00, 0x00,
    0x00, 0x00, 0x00, 0x00, 0x00, 0x00, 0x00, 0x00, 0x00, 0x8E, 0x35, 0xDF, 0x8E, 0x35, 0xFF, 0x8E, 0x35, 0x5B, 0x00, 0x00, 0x00, 0x00, 0x00, 0x00,
    0x00, 0x00, 0x00, 0x00, 0x00, 0x00, 0x00, 0x00, 0x00, 0x00, 0x00, 0x00, 0x00, 0x00, 0x00, 0x00, 0x00, 0x00, 0x8E, 0x35, 0xFB, 0x8E, 0x35, 0xFF,
    0x8E, 0x35, 0x43, 0x00, 0x00, 0x00, 0x00, 0x00, 0x00, 0x8E, 0x35, 0x97, 0x8E, 0x35, 0xFF, 0x8E, 0x35, 0xAF, 0x00, 0x00, 0x00, 0x00, 0x00, 0x00,
    0x00, 0x00, 0x00, 0x00, 0x00, 0x00, 0x00, 0x00, 0x00, 0x00, 0x00, 0x00, 0x00, 0x00, 0x00, 0x00, 0x00, 0x00, 0x00, 0x00, 0x00, 0x00, 0x00, 0x00,
    0x00, 0x00, 0x00, 0x00, 0x00, 0x00, 0x00, 0x00, 0x00, 0x00, 0x00, 0x00, 0x00, 0x00, 0x00, 0x8E, 0x35, 0xEB, 0x8E, 0x35, 0xFF, 0x8E, 0x35, 0x4F,
    0x00, 0x00, 0x00, 0x00, 0x00, 0x00, 0x00, 0x00, 0x00, 0x00, 0x00, 0x00, 0x00, 0x00, 0x00, 0x00, 0x00, 0x00, 0x00, 0x00, 0x00, 0x00, 0x00, 0x00,
    0x00, 0x00, 0x00, 0x00, 0x00, 0x00, 0x00, 0x00, 0x00, 0x8E, 0x35, 0xD2, 0x8E, 0x35, 0xFF, 0x8E, 0x35, 0x36, 0x00, 0x00, 0x00, 0x8E, 0x35, 0x5B,
    0x8E, 0x35, 0xFF, 0x8E, 0x35, 0x9E, 0x00, 0x00, 0x00, 0x8E, 0x35, 0xB4, 0x8E, 0x35, 0xFF, 0x8E, 0x35, 0x9A, 0x00, 0x00, 0x00, 0x8E, 0x35, 0x2D,
    0x8E, 0x35, 0xFF, 0x8E, 0x35, 0xED, 0x00, 0x00, 0x00, 0x00, 0x00, 0x00, 0x00, 0x00, 0x00, 0x8E, 0x35, 0x4F, 0x8E, 0x35, 0xFF, 0x8E, 0x35, 0xDF,
    0x00, 0x00, 0x00, 0x00, 0x00, 0x00, 0x00, 0x00, 0x00, 0x00, 0x00, 0x00, 0x00, 0x00, 0x00, 0x8E, 0x35, 0xDF, 0x8E, 0x35, 0xFF, 0x8E, 0x35, 0x5E,
    0x8E, 0x35, 0x03, 0x8E, 0x35, 0x03, 0x8E, 0x35, 0x03, 0x8E, 0x35, 0x03, 0x8E, 0x35, 0x01, 0x00, 0x00, 0x00, 0x00, 0x00, 0x00, 0x00, 0x00, 0x00,
    0x8E, 0x35, 0xFB, 0x8E, 0x35, 0xFF, 0x8E, 0x35, 0x43, 0x00, 0x00, 0x00, 0x00, 0x00, 0x00, 0x8E, 0x35, 0x97, 0x8E, 0x35, 0xFF, 0x8E, 0x35, 0xAF,
    0x00, 0x00, 0x00, 0x00, 0x00, 0x00, 0x00, 0x00, 0x00, 0x00, 0x00, 0x00, 0x00, 0x00, 0x00, 0x00, 0x00, 0x00, 0x00, 0x00, 0x00, 0x00, 0x00, 0x00,
    0x00, 0x00, 0x00, 0x8E, 0x35, 0x81, 0x8E, 0x35, 0xEB, 0x8E, 0x35, 0xEB, 0x8E, 0x35, 0xEB, 0x8E, 0x35, 0xEB, 0x8E, 0x35, 0xEB, 0x8E, 0x35, 0xFE,
    0x8E, 0x35, 0xFF, 0x8E, 0x35, 0xF2, 0x8E, 0x35, 0xEB, 0x8E, 0x35, 0xEB, 0x8E, 0x35, 0xEB, 0x8E, 0x35, 0xEB, 0x8E, 0x35, 0xB8, 0x00, 0x00, 0x00,
    0x00, 0x00, 0x00, 0x00, 0x00, 0x00, 0x00, 0x00, 0x00, 0x00, 0x00, 0x00, 0x8E, 0x35, 0x2D, 0x8E, 0x35, 0xFF, 0x8E, 0x35, 0xEF, 0x8E, 0x35, 0x4D,
    0x8E, 0x35, 0x8B, 0x8E, 0x35, 0xD0, 0x8E, 0x35, 0xFF, 0x8E, 0x35, 0xED, 0x8E, 0x35, 0x12, 0x8E, 0x35, 0xF9, 0x8E, 0x35, 0xFF, 0x8E, 0x35, 0x66,
    0x00, 0x00, 0x00, 0x8E, 0x35, 0x3B, 0x8E, 0x35, 0xFF, 0x8E, 0x35, 0xE1, 0x00, 0x00, 0x00, 0x00, 0x00, 0x00, 0x00, 0x00, 0x00, 0x8E, 0x35, 0x4F,
    0x8E, 0x35, 0xFF, 0x8E, 0x35, 0xDF, 0x00, 0x00, 0x00, 0x00, 0x00, 0x00, 0x00, 0x00, 0x00, 0x00, 0x00, 0x00, 0x00, 0x00, 0x00, 0x8E, 0x35, 0xDF,
    0x8E, 0x35, 0xFF, 0x8E, 0x35, 0xFF, 0x8E, 0x35, 0xFF, 0x8E, 0x35, 0xFF, 0x8E, 0x35, 0xFF, 0x8E, 0x35, 0xFF, 0x8E, 0x35, 0x47, 0x00, 0x00, 0x00,
    0x00, 0x00, 0x00, 0x00, 0x00, 0x00, 0x8E, 0x35, 0xFB, 0x8E, 0x35, 0xFF, 0x8E, 0x35, 0x43, 0x00, 0x00, 0x00, 0x00, 0x00, 0x00, 0x8E, 0x35, 0x97,
    0x8E, 0x35, 0xFF, 0x8E, 0x35, 0xAF, 0x00, 0x00, 0x00, 0x00, 0x00, 0x00, 0x00, 0x00, 0x00, 0x00, 0x00, 0x00, 0x00, 0x00, 0x00, 0x00, 0x00, 0x00,
    0x00, 0x00, 0x00, 0x00, 0x00, 0x00, 0x00, 0x00, 0x00, 0x8E, 0x35, 0x8B, 0x8E, 0x35, 0xFF, 0x8E, 0x35, 0xFF, 0x8E, 0x35, 0xFF, 0x8E, 0x35, 0xFF,
    0x8E, 0x35, 0xFF, 0x8E, 0x35, 0xFF, 0x8E, 0x35, 0xFF, 0x8E, 0x35, 0xFF, 0x8E, 0x35, 0xFF, 0x8E, 0x35, 0xFF, 0x8E, 0x35, 0xFF, 0x8E, 0x35, 0xFF,
    0x8E, 0x35, 0xC7, 0x00, 0x00, 0x00, 0x00, 0x00, 0x00, 0x00, 0x00, 0x00, 0x00, 0x00, 0x00, 0x8E, 0x35, 0x02, 0x8E, 0x35, 0xBE, 0x8E, 0x35, 0xFF,
    0x8E, 0x35, 0xFF, 0x8E, 0x35, 0xFF, 0x8E, 0x35, 0xFF, 0x8E, 0x35, 0xFF, 0x8E, 0x35, 0xFF, 0x8E, 0x35, 0xFF, 0x8E, 0x35, 0x9A, 0x8E, 0x35, 0xFF,
    0x8E, 0x35, 0xFF, 0x8E, 0x35, 0x28, 0x00, 0x00, 0x00, 0x8E, 0x35, 0x50, 0x8E, 0x35, 0xFF, 0x8E, 0x35, 0xD1, 0x00, 0x00, 0x00, 0x00, 0x00, 0x00,
    0x00, 0x00, 0x00, 0x8E, 0x35, 0x4F, 0x8E, 0x35, 0xFF, 0x8E, 0x35, 0xDF, 0x00, 0x00, 0x00, 0x00, 0x00, 0x00, 0x00, 0x00, 0x00, 0x00, 0x00, 0x00,
    0x00, 0x00, 0x00, 0x8E, 0x35, 0xDF, 0x8E, 0x35, 0xFF, 0x8E, 0x35, 0xFF, 0x8E, 0x35, 0xFF, 0x8E, 0x35, 0xFF, 0x8E, 0x35, 0xFF, 0x8E, 0x35, 0xFF,
    0x8E, 0x35, 0x47, 0x00, 0x00, 0x00, 0x00, 0x00, 0x00, 0x00, 0x00, 0x00, 0x8E, 0x35, 0xFB, 0x8E, 0x35, 0xFF, 0x8E, 0x35, 0x43, 0x00, 0x00, 0x00,
    0x00, 0x00, 0x00, 0x8E, 0x35, 0x97, 0x8E, 0x35, 0xFF, 0x8E, 0x35, 0xAF, 0x00, 0x00, 0x00, 0x00, 0x00, 0x00, 0x00, 0x00, 0x00, 0x00, 0x00, 0x00,
    0x00, 0x00, 0x00, 0x00, 0x00, 0x00, 0x00, 0x00, 0x00, 0x00, 0x00, 0x00, 0x00, 0x00, 0x00, 0x8E, 0x35, 0x8B, 0x8E, 0x35, 0xFF, 0x8E, 0x35, 0xA7,
    0x00, 0x00, 0x00, 0x00, 0x00, 0x00, 0x00, 0x00, 0x00, 0x8E, 0x35, 0xEB, 0x8E, 0x35, 0xFF, 0x8E, 0x35, 0x4F, 0x00, 0x00, 0x00, 0x00, 0x00, 0x00,
    0x8E, 0x35, 0x73, 0x8E, 0x35, 0xFF, 0x8E, 0x35, 0xC7, 0x00, 0x00, 0x00, 0x00, 0x00, 0x00, 0x00, 0x00, 0x00, 0x00, 0x00, 0x00, 0x00, 0x00, 0x00,
    0x8E, 0x35, 0xD1, 0x8E, 0x35, 0xFF, 0x8E, 0x35, 0xFF, 0x8E, 0x35, 0xD5, 0x8E, 0x35, 0x8C, 0x8E, 0x35, 0x44, 0x8E, 0x35, 0x73, 0x8E, 0x35, 0xA0,
    0x8E, 0x35, 0xEF, 0x8E, 0x35, 0xFF, 0x8E, 0x35, 0xC1, 0x00, 0x00, 0x00, 0x00, 0x00, 0x00, 0x8E, 0x35, 0x6F, 0x8E, 0x35, 0xFF, 0x8E, 0x35, 0xBB,
    0x00, 0x00, 0x00, 0x00, 0x00, 0x00, 0x00, 0x00, 0x00, 0x8E, 0x35, 0x4F, 0x8E, 0x35, 0xFF, 0x8E, 0x35, 0xDF, 0x00, 0x00, 0x00, 0x00, 0x00, 0x00,
    0x00, 0x00, 0x00, 0x00, 0x00, 0x00, 0x00, 0x00, 0x00, 0x8E, 0x35, 0xDF, 0x8E, 0x35, 0xFF, 0x8E, 0x35, 0x5B, 0x00, 0x00, 0x00, 0x00, 0x00, 0x00,
    0x00, 0x00, 0x00, 0x00, 0x00, 0x00, 0x00, 0x00, 0x00, 0x00, 0x00, 0x00, 0x00, 0x00, 0x00, 0x00, 0x00, 0x00, 0x8E, 0x35, 0xFB, 0x8E, 0x35, 0xFF,
    0x8E, 0x35, 0x43, 0x00, 0x00, 0x00, 0x00, 0x00, 0x00, 0x8E, 0x35, 0x97, 0x8E, 0x35, 0xFF, 0x8E, 0x35, 0xAF, 0x00, 0x00, 0x00, 0x00, 0x00, 0x00,
    0x00, 0x00, 0x00, 0x00, 0x00, 0x00, 0x00, 0x00, 0x00, 0x00, 0x00, 0x00, 0x00, 0x00, 0x00, 0x00, 0x00, 0x00, 0x00, 0x00, 0x00, 0x8E, 0x35, 0x8B,
    0x8E, 0x35, 0xFF, 0x8E, 0x35, 0xA7, 0x00, 0x00, 0x00, 0x00, 0x00, 0x00, 0x00, 0x00, 0x00, 0x8E, 0x35, 0xEB, 0x8E, 0x35, 0xFF, 0x8E, 0x35, 0x4F,
    0x00, 0x00, 0x00, 0x00, 0x00, 0x00, 0x8E, 0x35, 0x75, 0x8E, 0x35, 0xFF, 0x8E, 0x35, 0xC7, 0x00, 0x00, 0x00, 0x00, 0x00, 0x00, 0x00, 0x00, 0x00,
    0x00, 0x00, 0x00, 0x00, 0x00, 0x00, 0x8E, 0x35, 0x69, 0x8E, 0x35, 0x78, 0x8E, 0x35, 0x22, 0x00, 0x00, 0x00, 0x00, 0x00, 0x00, 0x00, 0x00, 0x00,
    0x00, 0x00, 0x00, 0x8E, 0x35, 0x88, 0x8E, 0x35, 0xFF, 0x8E, 0x35, 0xFF, 0x8E, 0x35, 0x61, 0x8E, 0x35, 0x0C, 0x8E, 0x35, 0x11, 0x8E, 0x35, 0xBD,
    0x8E, 0x35, 0xFF, 0x8E, 0x35, 0x9A, 0x00, 0x00, 0x00, 0x00, 0x00, 0x00, 0x00, 0x00, 0x00, 0x8E, 0x35, 0x4F, 0x8E, 0x35, 0xFF, 0x8E, 0x35, 0xDF,
    0x00, 0x00, 0x00, 0x00, 0x00, 0x00, 0x00, 0x00, 0x00, 0x00, 0x00, 0x00, 0x00, 0x00, 0x00, 0x8E, 0x35, 0xDF, 0x8E, 0x35, 0xFF, 0x8E, 0x35, 0x5B,
    0x00, 0x00, 0x00, 0x00, 0x00, 0x00, 0x00, 0x00, 0x00, 0x00, 0x00, 0x00, 0x00, 0x00, 0x00, 0x8E, 0x35, 0x37, 0x8E, 0x35, 0xFF, 0x8E, 0x35, 0xFF,
    0x8E, 0x35, 0xFF, 0x8E, 0x35, 0xFF, 0x8E, 0x35, 0xFF, 0x8E, 0x35, 0xFF, 0x8E, 0x35, 0xFF, 0x8E, 0x35, 0xFF, 0x8E, 0x35, 0xFF, 0x8E, 0x35, 0xFF,
    0x8E, 0x35, 0xFF, 0x8E, 0x35, 0xFF, 0x8E, 0x35, 0xFF, 0x8E, 0x35, 0xFF, 0x8E, 0x35, 0xFF, 0x8E, 0x35, 0xFF, 0x8E, 0x35, 0x3B, 0x00, 0x00, 0x00,
    0x00, 0x00, 0x00, 0x8E, 0x35, 0x8B, 0x8E, 0x35, 0xFF, 0x8E, 0x35, 0xA7, 0x00, 0x00, 0x00, 0x00, 0x00, 0x00, 0x00, 0x00, 0x00, 0x8E, 0x35, 0xEB,
    0x8E, 0x35, 0xFF, 0x8E, 0x35, 0x4F, 0x8E, 0x35, 0x9E, 0x8E, 0x35, 0xED, 0x8E, 0x35, 0xF8, 0x8E, 0x35, 0xFF, 0x8E, 0x35, 0xAC, 0x00, 0x00, 0x00,
    0x00, 0x00, 0x00, 0x00, 0x00, 0x00, 0x00, 0x00, 0x00, 0x00, 0x00, 0x00, 0x00, 0x00, 0x00, 0x00, 0x00, 0x00, 0x00, 0x00, 0x00, 0x00, 0x00, 0x00,
    0x00, 0x00, 0x00, 0x00, 0x00, 0x00, 0x00, 0x00, 0x00, 0x8E, 0x35, 0xA4, 0x8E, 0x35, 0xFF, 0x8E, 0x35, 0xB3, 0x8E, 0x35, 0x30, 0x8E, 0x35, 0xFF,
    0x8E, 0x35, 0xFF, 0x8E, 0x35, 0xFF, 0x8E, 0x35, 0xFF, 0x8E, 0x35, 0x54, 0x00, 0x00, 0x00, 0x00, 0x00, 0x00, 0x00, 0x00, 0x00, 0x8E, 0x35, 0x4F,
    0x8E, 0x35, 0xFF, 0x8E, 0x35, 0xDF, 0x00, 0x00, 0x00, 0x00, 0x00, 0x00, 0x00, 0x00, 0x00, 0x00, 0x00, 0x00, 0x00, 0x00, 0x00, 0x8E, 0x35, 0xDF,
    0x8E, 0x35, 0xFF, 0x8E, 0x35, 0x5B, 0x00, 0x00, 0x00, 0x00, 0x00, 0x00, 0x00, 0x00, 0x00, 0x00, 0x00, 0x00, 0x00, 0x00, 0x00, 0x8E, 0x35, 0x37,
    0x8E, 0x35, 0xFF, 0x8E, 0x35, 0xFF, 0x8E, 0x35, 0xFF, 0x8E, 0x35, 0xFF, 0x8E, 0x35, 0xFF, 0x8E, 0x35, 0xFF, 0x8E, 0x35, 0xFF, 0x8E, 0x35, 0xFF,
    0x8E, 0x35, 0xFF, 0x8E, 0x35, 0xFF, 0x8E, 0x35, 0xFF, 0x8E, 0x35, 0xFF, 0x8E, 0x35, 0xFF, 0x8E, 0x35, 0xFF, 0x8E, 0x35, 0xFF, 0x8E, 0x35, 0xFF,
    0x8E, 0x35, 0x3B, 0x00, 0x00, 0x00, 0x00, 0x00, 0x00, 0x8E, 0x35, 0x71, 0x8E, 0x35, 0xCF, 0x8E, 0x35, 0x88, 0x00, 0x00, 0x00, 0x00, 0x00, 0x00,
    0x00, 0x00, 0x00, 0x8E, 0x35, 0xEB, 0x8E, 0x35, 0xFF, 0x8E, 0x35, 0x4F, 0x8E, 0x35, 0x4E, 0x8E, 0x35, 0xFD, 0x8E, 0x35, 0xF3, 0x8E, 0x35, 0xC5,
    0x8E, 0x35, 0x2D, 0x00, 0x00, 0x00, 0x00, 0x00, 0x00, 0x00, 0x00, 0x00, 0x00, 0x00, 0x00, 0x00, 0x00, 0x00, 0x00, 0x00, 0x00, 0x00, 0x00, 0x00,
    0x00, 0x00, 0x00, 0x00, 0x00, 0x00, 0x00, 0x00, 0x00, 0x00, 0x00, 0x00, 0x00, 0x00, 0x00, 0x8E, 0x35, 0x02, 0x8E, 0x35, 0x94, 0x8E, 0x35, 0x0E,
    0x00, 0x00, 0x00, 0x8E, 0x35, 0xE0, 0x8E, 0x35, 0xFF, 0x8E, 0x35, 0xF2, 0x8E, 0x35, 0x91, 0x8E, 0x35, 0x03, 0x00, 0x00, 0x00, 0x00, 0x00, 0x00,
    0x00, 0x00, 0x00, 0x8E, 0x35, 0x4A, 0x8E, 0x35, 0xEF, 0x8E, 0x35, 0xD1, 0x00, 0x00, 0x00, 0x00, 0x00, 0x00, 0x00, 0x00, 0x00, 0x00, 0x00, 0x00,
    0x00, 0x00, 0x00, 0x8E, 0x35, 0xD5, 0x8E, 0x35, 0xF3, 0x8E, 0x35, 0x57, 0x00, 0x00, 0x00, 0x00, 0x00, 0x00, 0x00, 0x00, 0x00, 0x00, 0x00, 0x00,
    0x00, 0x00, 0x00, 0x8E, 0x35, 0x06, 0x8E, 0x35, 0x1B, 0x8E, 0x35, 0x1B, 0x8E, 0x35, 0x1B, 0x8E, 0x35, 0x1B, 0x8E, 0x35, 0x1B, 0x8E, 0x35, 0x1B,
    0x8E, 0x35, 0x1B, 0x8E, 0x35, 0x1B, 0x8E, 0x35, 0x1B, 0x8E, 0x35, 0x1B, 0x8E, 0x35, 0x1B, 0x8E, 0x35, 0x1B, 0x8E, 0x35, 0x1B, 0x8E, 0x35, 0x1B,
    0x8E, 0x35, 0x1B, 0x8E, 0x35, 0x1B, 0x8E, 0x35, 0x06, 0x00, 0x00, 0x00, 0x00, 0x00, 0x00, 0x00, 0x00, 0x00, 0x00, 0x00, 0x00, 0x00, 0x00, 0x00,
    0x00, 0x00, 0x00, 0x00, 0x00, 0x00, 0x00, 0x00, 0x00, 0x8E, 0x35, 0xBC, 0x8E, 0x35, 0xCB, 0x8E, 0x35, 0x3F, 0x00, 0x00, 0x00, 0x00, 0x00, 0x00,
    0x00, 0x00, 0x00, 0x00, 0x00, 0x00, 0x00, 0x00, 0x00, 0x00, 0x00, 0x00, 0x00, 0x00, 0x00, 0x00, 0x00, 0x00, 0x00, 0x00, 0x00, 0x00, 0x00, 0x00,
    0x00, 0x00, 0x00, 0x00, 0x00, 0x00, 0x00, 0x00, 0x00, 0x00, 0x00, 0x00, 0x00, 0x00, 0x00, 0x00, 0x00, 0x00, 0x00, 0x00, 0x00, 0x00, 0x00, 0x00,
    0x00, 0x00, 0x00, 0x00, 0x00, 0x00, 0x00, 0x00, 0x00, 0x8E, 0x35, 0x01, 0x8E, 0x35, 0x03, 0x00, 0x00, 0x00, 0x00, 0x00, 0x00, 0x00, 0x00, 0x00,
    0x00, 0x00, 0x00, 0x00, 0x00, 0x00, 0x00, 0x00, 0x00, 0x00, 0x00, 0x00, 0x00, 0x00, 0x00, 0x00, 0x00, 0x00, 0x00, 0x00, 0x00, 0x00, 0x00, 0x00,
    0x00, 0x00, 0x00, 0x00, 0x00, 0x00, 0x00, 0x00, 0x00, 0x00, 0x00, 0x00, 0x00, 0x00, 0x00, 0x00, 0x00, 0x00, 0x00, 0x00, 0x00, 0x00, 0x00, 0x00,
    0x00, 0x00, 0x00, 0x00, 0x00, 0x00, 0x00, 0x00, 0x00, 0x00, 0x00, 0x00, 0x00, 0x00, 0x00, 0x00, 0x00, 0x00, 0x00, 0x00, 0x00, 0x00, 0x00, 0x00,
    0x00, 0x00, 0x00, 0x00, 0x00, 0x00, 0x00, 0x00, 0x00, 0x00, 0x00, 0x00, 0x00, 0x00, 0x00, 0x00, 0x00, 0x00, 0x00, 0x00, 0x00, 0x00, 0x00, 0x00,
    0x00, 0x00, 0x00, 0x00, 0x00, 0x00, 0x00, 0x00, 0x00, 0x00, 0x00, 0x00, 0x00, 0x00, 0x00, 0x00, 0x00, 0x00, 0x00, 0x00, 0x00, 0x00, 0x00, 0x00,
    0x00, 0x00, 0x00, 0x00, 0x00, 0x00, 0x00, 0x00, 0x00, 0x00, 0x00, 0x00, 0x00, 0x00, 0x00, 0x00, 0x00, 0x00, 0x00, 0x00, 0x00, 0x00, 0x00, 0x00,
    0x00, 0x00, 0x00, 0x00, 0x00, 0x00, 0x00, 0x00, 0x00, 0x00, 0x00, 0x00, 0x00, 0x00, 0x00, 0x00, 0x00, 0x00, 0x00, 0x00, 0x00, 0x00, 0x00, 0x00,
    0x00, 0x00, 0x00, 0x00, 0x00, 0x00, 0x00, 0x00, 0x00, 0x00, 0x00, 0x00, 0x00, 0x00, 0x00, 0x00, 0x00, 0x00, 0x00, 0x00, 0x00, 0x00, 0x00, 0x00,
    0x00, 0x00, 0x00, 0x00, 0x00, 0x00, 0x00, 0x00, 0x00, 0x00, 0x00, 0x00, 0x00, 0x00, 0x00, 0x00, 0x00, 0x00, 0x00, 0x00, 0x00, 0x00, 0x00, 0x00,
    0x00, 0x00, 0x00, 0x00, 0x00, 0x00, 0x00, 0x00, 0x00, 0x00, 0x00, 0x00, 0x00, 0x00, 0x00, 0x00, 0x00, 0x00, 0x00, 0x00, 0x00, 0x00, 0x00, 0x00,
    0x00, 0x00, 0x00, 0x00, 0x00, 0x00, 0x00, 0x00, 0x00, 0x00, 0x00, 0x00, 0x00, 0x00, 0x00, 0x00, 0x00, 0x00, 0x00, 0x00, 0x00, 0x00, 0x00, 0x00,
    0x00, 0x00, 0x00, 0x00, 0x00, 0x00, 0x00, 0x00, 0x00, 0x00, 0x00, 0x00, 0x00, 0x00, 0x00, 0x00, 0x00, 0x00, 0x00, 0x00, 0x00, 0x00, 0x00, 0x00,
    0x00, 0x00, 0x00, 0x00, 0x00, 0x00, 0x00, 0x00, 0x00, 0x00, 0x00, 0x00, 0x00, 0x00, 0x00, 0x00, 0x00, 0x00, 0x00, 0x00, 0x00, 0x00, 0x00, 0x00,
    0x00, 0x00, 0x00, 0x00, 0x00, 0x00, 0x00, 0x00, 0x00, 0x00, 0x00, 0x00, 0x00, 0x00, 0x00, 0x00, 0x00, 0x00, 0x00, 0x00, 0x00, 0x00, 0x00, 0x00,
    0x00, 0x00, 0x00, 0x00, 0x00, 0x00, 0x00, 0x00, 0x00, 0x00, 0x00, 0x00, 0x00, 0x00, 0x00, 0x00, 0x00, 0x00, 0x00, 0x00, 0x00, 0x00, 0x00, 0x00,
    0x00, 0x00, 0x00, 0x00, 0x00, 0x00, 0x00, 0x00, 0x00, 0x00, 0x00, 0x00, 0x00, 0x00, 0x00, 0x00, 0x00, 0x00, 0x00, 0x00, 0x00, 0x00, 0x00, 0x00,
    0x00, 0x00, 0x00, 0x00, 0x00, 0x00, 0x00, 0x00, 0x00, 0x00, 0x00, 0x00, 0x00, 0x00, 0x00, 0x00, 0x00, 0x00, 0x00, 0x00, 0x00, 0x00, 0x00, 0x00,
    0x00, 0x00, 0x00, 0x00, 0x00, 0x00, 0x00, 0x00, 0x00, 0x00, 0x00, 0x00, 0x00, 0x00, 0x00, 0x00, 0x00, 0x00, 0x00, 0x00, 0x00, 0x00, 0x00, 0x00,
    0x00, 0x00, 0x00, 0x00, 0x00, 0x00, 0x00, 0x00, 0x00, 0x00, 0x00, 0x00, 0x00, 0x00, 0x00, 0x00, 0x00, 0x00, 0x00, 0x00, 0x00, 0x00, 0x00, 0x00,
    0x00, 0x00, 0x00, 0x00, 0x00, 0x00, 0x00, 0x00, 0x00, 0x00, 0x00, 0x00, 0x00, 0x00, 0x00, 0x00, 0x00, 0x00, 0x00, 0x00, 0x00, 0x00, 0x00, 0x00,
    0x00, 0x00, 0x00, 0x00, 0x00, 0x00, 0x00, 0x00, 0x00, 0x00, 0x00, 0x00, 0x00, 0x00, 0x00, 0x00, 0x00, 0x00, 0x00, 0x00, 0x00, 0x00, 0x00, 0x00,
    0x00, 0x00, 0x00, 0x00, 0x00, 0x00, 0x00, 0x00, 0x00, 0x00, 0x00, 0x00, 0x00, 0x00, 0x00, 0x00, 0x00, 0x00, 0x00, 0x00, 0x00, 0x00, 0x00, 0x00,
    0x00, 0x00, 0x00, 0x00, 0x00, 0x00, 0x00, 0x00, 0x00, 0x00, 0x00, 0x00, 0x00, 0x00, 0x00, 0x00, 0x00, 0x00, 0x00, 0x00, 0x00, 0x00, 0x00, 0x00,
    0x00, 0x00, 0x00, 0x00, 0x00, 0x00, 0x00, 0x00, 0x00, 0x00, 0x00, 0x00, 0x00, 0x00, 0x00, 0x00, 0x00, 0x00, 0x00, 0x00, 0x00, 0x00, 0x00, 0x00,
    0x00, 0x00, 0x00, 0x00, 0x00, 0x00, 0x00, 0x00, 0x00, 0x00, 0x00, 0x00, 0x00, 0x00, 0x00, 0x00, 0x00, 0x00, 0x00, 0x00, 0x00, 0x00, 0x00, 0x00,
    0x00, 0x00, 0x00, 0x00, 0x00, 0x00, 0x00, 0x00, 0x00, 0x00, 0x00, 0x00, 0x00, 0x00, 0x00, 0x00, 0x00, 0x00, 0x00, 0x00, 0x00, 0x00, 0x00, 0x00,
    0x00, 0x00, 0x00, 0x00, 0x00, 0x00, 0x00, 0x00, 0x00, 0x00, 0x00, 0x00, 0x00, 0x00, 0x00, 0x00, 0x00, 0x00, 0x00, 0x00, 0x00, 0x00, 0x00, 0x00,
    0x00, 0x00, 0x00, 0x00, 0x00, 0x00, 0x00, 0x00, 0x00, 0x00, 0x00, 0x00, 0x00, 0x00, 0x00, 0x00, 0x00, 0x00, 0x00, 0x00, 0x00, 0x00, 0x00, 0x00,
    0x00, 0x00, 0x00, 0x00, 0x00, 0x00, 0x00, 0x00, 0x00, 0x00, 0x00, 0x00, 0x00, 0x00, 0x00, 0x00, 0x00, 0x00, 0x00, 0x00, 0x00, 0x00, 0x00, 0x00,
    0x00, 0x00, 0x00, 0x00, 0x00, 0x00, 0x00, 0x00, 0x00, 0x00, 0x00, 0x00, 0x00, 0x00, 0x00, 0x00, 0x00, 0x00, 0x00, 0x00, 0x00, 0x00, 0x00, 0x00,
    0x00, 0x00, 0x00, 0x00, 0x00, 0x00, 0x00, 0x00, 0x00, 0x00, 0x00, 0x00, 0x00, 0x00, 0x00, 0x00, 0x00, 0x00, 0x00, 0x00, 0x00, 0x00, 0x00, 0x00,
    0x00, 0x00, 0x00, 0x00, 0x00, 0x00, 0x00, 0x00, 0x00, 0x00, 0x00, 0x00, 0x00, 0x00, 0x00, 0x00, 0x00, 0x00, 0x00, 0x00, 0x00, 0x00, 0x00, 0x00,
    0x00, 0x00, 0x00, 0x00, 0x00, 0x00, 0x00, 0x00, 0x00, 0x00, 0x00, 0x00, 0x00, 0x00, 0x00, 0x00, 0x00, 0x00, 0x00, 0x00, 0x00, 0x00, 0x00, 0x00,
    0x00, 0x00, 0x00, 0x00, 0x00, 0x00, 0x00, 0x00, 0x00, 0x00, 0x00, 0x00, 0x00, 0x00, 0x00, 0x00, 0x00, 0x00, 0x00, 0x00, 0x00, 0x00, 0x00, 0x00,
    0x00, 0x00, 0x00, 0x00, 0x00, 0x00, 0x00, 0x00, 0x00, 0x00, 0x00, 0x00, 0x00, 0x00, 0x00, 0x00, 0x00, 0x00, 0x00, 0x00, 0x00, 0x00, 0x00, 0x00,
    0x00, 0x00, 0x00, 0x00, 0x00, 0x00, 0x00, 0x00, 0x00, 0x00, 0x00, 0x00, 0x00, 0x00, 0x00, 0x00, 0x00, 0x00, 0x00, 0x00, 0x00, 0x00, 0x00, 0x00,
    0x00, 0x00, 0x00, 0x00, 0x00, 0x00, 0x00, 0x00, 0x00, 0x00, 0x00, 0x00, 0x00, 0x00, 0x00, 0x00, 0x00, 0x00, 0x00, 0x00, 0x00, 0x00, 0x00, 0x00,
    0x00, 0x00, 0x00, 0x00, 0x00, 0x00, 0x00, 0x00, 0x00, 0x00, 0x00, 0x00, 0x00, 0x00, 0x00, 0x00, 0x00, 0x00, 0x00, 0x00, 0x00, 0x00, 0x00, 0x00,
    0x00, 0x00, 0x00, 0x00, 0x00, 0x00, 0x00, 0x00, 0x00, 0x00, 0x00, 0x00, 0x00, 0x00, 0x00, 0x00, 0x00, 0x00, 0x00, 0x00, 0x00, 0x00, 0x00, 0x00,
    0x00, 0x00, 0x00, 0x00, 0x00, 0x00, 0x00, 0x00, 0x00, 0x00, 0x00, 0x00, 0x00, 0x00, 0x00, 0x00, 0x00, 0x00, 0x00, 0x00, 0x00, 0x00, 0x00, 0x00,
    0x00, 0x00, 0x00, 0x00, 0x00, 0x00, 0x00, 0x00, 0x00, 0x00, 0x00, 0x00, 0x00, 0x00, 0x00, 0x00, 0x00, 0x00, 0x00, 0x00, 0x00, 0x00, 0x00, 0x00,
    0x00, 0x00, 0x00, 0x00, 0x00, 0x00, 0x00, 0x00, 0x00, 0x00, 0x00, 0x00, 0x00, 0x00, 0x00, 0x00, 0x00, 0x00, 0x00, 0x00, 0x00, 0x00, 0x00, 0x00,
    0x00, 0x00, 0x00, 0x00, 0x00, 0x00, 0x00, 0x00, 0x00, 0x00, 0x00, 0x00, 0x00, 0x00, 0x00, 0x00, 0x00, 0x00, 0x00, 0x00, 0x00, 0x00, 0x00, 0x00,
    0x00, 0x00, 0x00, 0x00, 0x00, 0x00, 0x00, 0x00, 0x00, 0x00, 0x00, 0x00, 0x00, 0x00, 0x00, 0x00, 0x00, 0x00, 0x00, 0x00, 0x00, 0x00, 0x00, 0x00,
};
const lv_img_dsc_t rehab_feedback_ok = {
    .header.always_zero = 0,
    .header.w = 74,
    .header.h = 24,
    .data_size = 5328,
    .header.cf = LV_IMG_CF_TRUE_COLOR_ALPHA,
    .data = rehab_feedback_ok_map,
};

#ifndef LV_ATTRIBUTE_IMG_REHAB_FEEDBACK_RETRY
#define LV_ATTRIBUTE_IMG_REHAB_FEEDBACK_RETRY
#endif
const LV_ATTRIBUTE_MEM_ALIGN LV_ATTRIBUTE_LARGE_CONST LV_ATTRIBUTE_IMG_REHAB_FEEDBACK_RETRY uint8_t rehab_feedback_retry_map[] = {
    0x00, 0x00, 0x00, 0x00, 0x00, 0x00, 0x00, 0x00, 0x00, 0x00, 0x00, 0x00, 0x00, 0x00, 0x00, 0x00, 0x00, 0x00, 0x00, 0x00, 0x00, 0x00, 0x00, 0x00,
    0x00, 0x00, 0x00, 0x00, 0x00, 0x00, 0x00, 0x00, 0x00, 0x00, 0x00, 0x00, 0x00, 0x00, 0x00, 0x00, 0x00, 0x00, 0x00, 0x00, 0x00, 0x00, 0x00, 0x00,
    0x00, 0x00, 0x00, 0x00, 0x00, 0x00, 0x00, 0x00, 0x00, 0x00, 0x00, 0x00, 0x00, 0x00, 0x00, 0x00, 0x00, 0x00, 0x00, 0x00, 0x00, 0x00, 0x00, 0x00,
    0x00, 0x00, 0x00, 0x00, 0x00, 0x00, 0x00, 0x00, 0x00, 0x00, 0x00, 0x00, 0x00, 0x00, 0x00, 0x00, 0x00, 0x00, 0x00, 0x00, 0x00, 0x00, 0x00, 0x00,
    0x00, 0x00, 0x00, 0x00, 0x00, 0x00, 0x00, 0x00, 0x00, 0x00, 0x00, 0x00, 0x00, 0x00, 0x00, 0x00, 0x00, 0x00, 0x00, 0x00, 0x00, 0x00, 0x00, 0x00,
    0x00, 0x00, 0x00, 0x00, 0x00, 0x00, 0x00, 0x00, 0x00, 0x00, 0x00, 0x00, 0x00, 0x00, 0x00, 0x00, 0x00, 0x00, 0x00, 0x00, 0x00, 0x00, 0x00, 0x00,
    0x00, 0x00, 0x00, 0x00, 0x00, 0x00, 0x00, 0x00, 0x00, 0x00, 0x00, 0x00, 0x00, 0x00, 0x00, 0x00, 0x00, 0x00, 0x00, 0x00, 0x00, 0x00, 0x00, 0x00,
    0x00, 0x00, 0x00, 0x00, 0x00, 0x00, 0x00, 0x00, 0x00, 0x45, 0xD4, 0x41, 0x45, 0xD4, 0x1B, 0x00, 0x00, 0x00, 0x00, 0x00, 0x00, 0x00, 0x00, 0x00,
    0x00, 0x00, 0x00, 0x00, 0x00, 0x00, 0x00, 0x00, 0x00, 0x45, 0xD4, 0x43, 0x45, 0xD4, 0xE3, 0x45, 0xD4, 0xC0, 0x00, 0x00, 0x00, 0x00, 0x00, 0x00,
    0x00, 0x00, 0x00, 0x00, 0x00, 0x00, 0x00, 0x00, 0x00, 0x00, 0x00, 0x00, 0x00, 0x00, 0x00, 0x45, 0xD4, 0x02, 0x45, 0xD4, 0x0C, 0x45, 0xD4, 0x18,
    0x45, 0xD4, 0x23, 0x45, 0xD4, 0x2E, 0x45, 0xD4, 0x39, 0x45, 0xD4, 0x44, 0x45, 0xD4, 0x57, 0x45, 0xD4, 0x6E, 0x45, 0xD4, 0x86, 0x45, 0xD4, 0xA4,
    0x45, 0xD4, 0xC6, 0x45, 0xD4, 0x9F, 0x00, 0x00, 0x00, 0x00, 0x00, 0x00, 0x00, 0x00, 0x00, 0x00, 0x00, 0x00, 0x00, 0x00, 0x00, 0x45, 0xD4, 0x1B,
    0x45, 0xD4, 0x44, 0x00, 0x00, 0x00, 0x00, 0x00, 0x00, 0x00, 0x00, 0x00, 0x00, 0x00, 0x00, 0x00, 0x00, 0x00, 0x00, 0x00, 0x00, 0x00, 0x00, 0x00,
    0x45, 0xD4, 0x23, 0x45, 0xD4, 0xEB, 0x45, 0xD4, 0xEB, 0x45, 0xD4, 0x3F, 0x45, 0xD4, 0xA8, 0x45, 0xD4, 0x0B, 0x00, 0x00, 0x00, 0x00, 0x00, 0x00,
    0x00, 0x00, 0x00, 0x00, 0x00, 0x00, 0x45, 0xD4, 0x3C, 0x45, 0xD4, 0xF7, 0x45, 0xD4, 0xDF, 0x45, 0xD4, 0x23, 0x00, 0x00, 0x00, 0x45, 0xD4, 0x1E,
    0x45, 0xD4, 0x83, 0x45, 0xD4, 0x83, 0x45, 0xD4, 0x83, 0x45, 0xD4, 0xA8, 0x45, 0xD4, 0xFF, 0x45, 0xD4, 0xEC, 0x45, 0xD4, 0x83, 0x45, 0xD4, 0x83,
    0x45, 0xD4, 0x83, 0x45, 0xD4, 0x71, 0x00, 0x00, 0x00, 0x00, 0x00, 0x00, 0x00, 0x00, 0x00, 0x45, 0xD4, 0x97, 0x45, 0xD4, 0xFF, 0x45, 0xD4, 0xFF,
    0x45, 0xD4, 0xFF, 0x45, 0xD4, 0xFF, 0x45, 0xD4, 0xFF, 0x45, 0xD4, 0xFF, 0x45, 0xD4, 0xFF, 0x45, 0xD4, 0xFF, 0x45, 0xD4, 0xFF, 0x45, 0xD4, 0xFF,
    0x45, 0xD4, 0xFF, 0x45, 0xD4, 0xEB, 0x45, 0xD4, 0x2C, 0x00, 0x00, 0x00, 0x00, 0x00, 0x00, 0x00, 0x00, 0x00, 0x45, 0xD4, 0x11, 0x45, 0xD4, 0xD9,
    0x45, 0xD4, 0xF9, 0x45, 0xD4, 0x52, 0x00, 0x00, 0x00, 0x00, 0x00, 0x00, 0x00, 0x00, 0x00, 0x00, 0x00, 0x00, 0x00, 0x00, 0x00, 0x00, 0x00, 0x00,
    0x45, 0xD4, 0x22, 0x45, 0xD4, 0xFF, 0x45, 0xD4, 0xFF, 0x45, 0xD4, 0x97, 0x45, 0xD4, 0xFF, 0x45, 0xD4, 0x99, 0x00, 0x00, 0x00, 0x00, 0x00, 0x00,
    0x00, 0x00, 0x00, 0x00, 0x00, 0x00, 0x45, 0xD4, 0x12, 0x45, 0xD4, 0xD2, 0x45, 0xD4, 0xFF, 0x45, 0xD4, 0xE0, 0x45, 0xD4, 0x1C, 0x45, 0xD4, 0x3B,
    0x45, 0xD4, 0xFF, 0x45, 0xD4, 0xFF, 0x45, 0xD4, 0xFF, 0x45, 0xD4, 0xFF, 0x45, 0xD4, 0xFF, 0x45, 0xD4, 0xFF, 0x45, 0xD4, 0xFF, 0x45, 0xD4, 0xFF,
    0x45, 0xD4, 0xFF, 0x45, 0xD4, 0xDB, 0x00, 0x00, 0x00, 0x00, 0x00, 0x00, 0x00, 0x00, 0x00, 0x45, 0xD4, 0x41, 0x45, 0xD4, 0xA9, 0x45, 0xD4, 0xA0,
    0x45, 0xD4, 0x98, 0x45, 0xD4, 0x8F, 0x45, 0xD4, 0x9C, 0x45, 0xD4, 0xFF, 0x45, 0xD4, 0xFF, 0x45, 0xD4, 0x58, 0x45, 0xD4, 0x42, 0x45, 0xD4, 0x2B,
    0x45, 0xD4, 0x0D, 0x00, 0x00, 0x00, 0x00, 0x00, 0x00, 0x00, 0x00, 0x00, 0x00, 0x00, 0x00, 0x00, 0x00, 0x00, 0x45, 0xD4, 0x01, 0x45, 0xD4, 0x9C,
    0x45, 0xD4, 0xFF, 0x45, 0xD4, 0xFA, 0x45, 0xD4, 0x42, 0x00, 0x00, 0x00, 0x00, 0x00, 0x00, 0x00, 0x00, 0x00, 0x00, 0x00, 0x00, 0x00, 0x00, 0x00,
    0x45, 0xD4, 0x1E, 0x45, 0xD4, 0xFF, 0x45, 0xD4, 0xFF, 0x45, 0xD4, 0x1B, 0x45, 0xD4, 0xE8, 0x45, 0xD4, 0xFD, 0x45, 0xD4, 0x29, 0x00, 0x00, 0x00,
    0x00, 0x00, 0x00, 0x00, 0x00, 0x00, 0x00, 0x00, 0x00, 0x45, 0xD4, 0x17, 0x45, 0xD4, 0xDF, 0x45, 0xD4, 0xFF, 0x45, 0xD4, 0x7A, 0x00, 0x00, 0x00,
    0x00, 0x00, 0x00, 0x00, 0x00, 0x00, 0x00, 0x00, 0x00, 0x45, 0xD4, 0x4B, 0x45, 0xD4, 0xFF, 0x45, 0xD4, 0xD7, 0x00, 0x00, 0x00, 0x00, 0x00, 0x00,
    0x00, 0x00, 0x00, 0x00, 0x00, 0x00, 0x00, 0x00, 0x00, 0x45, 0xD4, 0x0D, 0x45, 0xD4, 0xAF, 0x45, 0xD4, 0xAF, 0x45, 0xD4, 0xAF, 0x45, 0xD4, 0xAF,
    0x45, 0xD4, 0xAF, 0x45, 0xD4, 0xAF, 0x45, 0xD4, 0xBD, 0x45, 0xD4, 0xFF, 0x45, 0xD4, 0xFF, 0x45, 0xD4, 0xAF, 0x45, 0xD4, 0xAF, 0x45, 0xD4, 0xAF,
    0x45, 0xD4, 0xAF, 0x45, 0xD4, 0xAF, 0x45, 0xD4, 0xAF, 0x45, 0xD4, 0xAF, 0x45, 0xD4, 0x10, 0x00, 0x00, 0x00, 0x00, 0x00, 0x00, 0x45, 0xD4, 0x02,
    0x45, 0xD4, 0xA8, 0x45, 0xD4, 0xFF, 0x45, 0xD4, 0xBF, 0x45, 0xD4, 0x08, 0x45, 0xD4, 0x0B, 0x45, 0xD4, 0x0B, 0x45, 0xD4, 0x0B, 0x45, 0xD4, 0x0B,
    0x45, 0xD4, 0x24, 0x45, 0xD4, 0xFF, 0x45, 0xD4, 0xFF, 0x45, 0xD4, 0x1D, 0x45, 0xD4, 0x80, 0x45, 0xD4, 0xA1, 0x45, 0xD4, 0x0A, 0x00, 0x00, 0x00,
    0x00, 0x00, 0x00, 0x00, 0x00, 0x00, 0x00, 0x00, 0x00, 0x00, 0x00, 0x00, 0x45, 0xD4, 0x2F, 0x45, 0xD4, 0xA5, 0x45, 0xD4, 0x02, 0x00, 0x00, 0x00,
    0x45, 0xD4, 0xBB, 0x45, 0xD4, 0xFF, 0x45, 0xD4, 0xFF, 0x45, 0xD4, 0xFF, 0x45, 0xD4, 0xFF, 0x45, 0xD4, 0xFF, 0x45, 0xD4, 0xFF, 0x45, 0xD4, 0xFF,
    0x45, 0xD4, 0xFF, 0x45, 0xD4, 0x53, 0x00, 0x00, 0x00, 0x45, 0xD4, 0x13, 0x45, 0xD4, 0xFF, 0x45, 0xD4, 0xFF, 0x45, 0xD4, 0xFF, 0x45, 0xD4, 0xFF,
    0x45, 0xD4, 0xFF, 0x45, 0xD4, 0xFF, 0x45, 0xD4, 0xFF, 0x45, 0xD4, 0xFF, 0x45, 0xD4, 0xFF, 0x45, 0xD4, 0xFF, 0x45, 0xD4, 0xFF, 0x45, 0xD4, 0xFF,
    0x45, 0xD4, 0xFF, 0x45, 0xD4, 0xFF, 0x45, 0xD4, 0xFF, 0x45, 0xD4, 0xFF, 0x45, 0xD4, 0x17, 0x00, 0x00, 0x00, 0x00, 0x00, 0x00, 0x00, 0x00, 0x00,
    0x45, 0xD4, 0x08, 0x45, 0xD4, 0xA0, 0x45, 0xD4, 0x14, 0x45, 0xD4, 0xAF, 0x45, 0xD4, 0xFF, 0x45, 0xD4, 0xFF, 0x45, 0xD4, 0xFF, 0x45, 0xD4, 0xFF,
    0x45, 0xD4, 0xFF, 0x45, 0xD4, 0xFF, 0x45, 0xD4, 0xFF, 0x45, 0xD4, 0xFF, 0x45, 0xD4, 0xFF, 0x45, 0xD4, 0xFF, 0x45, 0xD4, 0x63, 0x00, 0x00, 0x00,
    0x00, 0x00, 0x00, 0x00, 0x00, 0x00, 0x00, 0x00, 0x00, 0x00, 0x00, 0x00, 0x00, 0x00, 0x00, 0x00, 0x00, 0x00, 0x00, 0x00, 0x00, 0x00, 0x00, 0x00,
    0x45, 0xD4, 0x55, 0x45, 0xD4, 0x73, 0x45, 0xD4, 0x73, 0x45, 0xD4, 0x9D, 0x45, 0xD4, 0xFF, 0x45, 0xD4, 0xEA, 0x45, 0xD4, 0x73, 0x45, 0xD4, 0x73,
    0x45, 0xD4, 0x73, 0x45, 0xD4, 0x26, 0x00, 0x00, 0x00, 0x00, 0x00, 0x00, 0x00, 0x00, 0x00, 0x00, 0x00, 0x00, 0x00, 0x00, 0x00, 0x00, 0x00, 0x00,
    0x00, 0x00, 0x00, 0x00, 0x00, 0x00, 0x45, 0xD4, 0x2B, 0x45, 0xD4, 0xFF, 0x45, 0xD4, 0xFF, 0x00, 0x00, 0x00, 0x00, 0x00, 0x00, 0x00, 0x00, 0x00,
    0x00, 0x00, 0x00, 0x00, 0x00, 0x00, 0x00, 0x00, 0x00, 0x00, 0x00, 0x00, 0x00, 0x00, 0x00, 0x00, 0x00, 0x00, 0x00, 0x00, 0x00, 0x00, 0x00, 0x00,
    0x00, 0x00, 0x00, 0x00, 0x00, 0x00, 0x00, 0x00, 0x00, 0x45, 0xD4, 0xAF, 0x45, 0xD4, 0xFF, 0x45, 0xD4, 0xFF, 0x45, 0xD4, 0xFF, 0x45, 0xD4, 0xFF,
    0x45, 0xD4, 0xFF, 0x45, 0xD4, 0xFF, 0x45, 0xD4, 0xFF, 0x45, 0xD4, 0xFF, 0x45, 0xD4, 0xFF, 0x45, 0xD4, 0xFF, 0x45, 0xD4, 0x63, 0x00, 0x00, 0x00,
    0x00, 0x00, 0x00, 0x45, 0xD4, 0x63, 0x45, 0xD4, 0xFF, 0x45, 0xD4, 0xFF, 0x45, 0xD4, 0xFF, 0x45, 0xD4, 0xDF, 0x00, 0x00, 0x00, 0x45, 0xD4, 0xC7,
    0x45, 0xD4, 0xFF, 0x45, 0xD4, 0xFF, 0x45, 0xD4, 0xFF, 0x45, 0xD4, 0xFF, 0x45, 0xD4, 0xFF, 0x45, 0xD4, 0xFF, 0x45, 0xD4, 0xFF, 0x45, 0xD4, 0xFF,
    0x45, 0xD4, 0xFF, 0x45, 0xD4, 0xFF, 0x45, 0xD4, 0x6B, 0x00, 0x00, 0x00, 0x00, 0x00, 0x00, 0x45, 0xD4, 0x3F, 0x45, 0xD4, 0xFF, 0x45, 0xD4, 0xFF,
    0x45, 0xD4, 0xFF, 0x45, 0xD4, 0xFF, 0x45, 0xD4, 0xFF, 0x45, 0xD4, 0xFF, 0x45, 0xD4, 0xFF, 0x45, 0xD4, 0xFF, 0x45, 0xD4, 0xFF, 0x45, 0xD4, 0xFF,
    0x45, 0xD4, 0xFF, 0x45, 0xD4, 0xFF, 0x45, 0xD4, 0x5F, 0x00, 0x00, 0x00, 0x00, 0x00, 0x00, 0x45, 0xD4, 0x1F, 0x45, 0xD4, 0xFF, 0x45, 0xD4, 0xFF,
    0x45, 0xD4, 0xFF, 0x45, 0xD4, 0xFF, 0x45, 0xD4, 0x0B, 0x00, 0x00, 0x00, 0x00, 0x00, 0x00, 0x00, 0x00, 0x00, 0x00, 0x00, 0x00, 0x00, 0x00, 0x00,
    0x00, 0x00, 0x00, 0x45, 0xD4, 0xFC, 0x45, 0xD4, 0xFF, 0x45, 0xD4, 0x26, 0x00, 0x00, 0x00, 0x00, 0x00, 0x00, 0x00, 0x00, 0x00, 0x00, 0x00, 0x00,
    0x00, 0x00, 0x00, 0x45, 0xD4, 0x63, 0x45, 0xD4, 0xFF, 0x45, 0xD4, 0xFF, 0x45, 0xD4, 0xFF, 0x45, 0xD4, 0xDF, 0x00, 0x00, 0x00, 0x45, 0xD4, 0x70,
    0x45, 0xD4, 0x8F, 0x45, 0xD4, 0x8F, 0x45, 0xD4, 0x8F, 0x45, 0xD4, 0x8F, 0x45, 0xD4, 0x8F, 0x45, 0xD4, 0x8F, 0x45, 0xD4, 0x8F, 0x45, 0xD4, 0x8F,
    0x45, 0xD4, 0x8F, 0x45, 0xD4, 0x8F, 0x45, 0xD4, 0x3C, 0x00, 0x00, 0x00, 0x00, 0x00, 0x00, 0x45, 0xD4, 0x3F, 0x45, 0xD4, 0xFF, 0x45, 0xD4, 0xEB,
    0x45, 0xD4, 0x6F, 0x45, 0xD4, 0x6F, 0x45, 0xD4, 0x88, 0x45, 0xD4, 0xFF, 0x45, 0xD4, 0xFF, 0x45, 0xD4, 0x6F, 0x45, 0xD4, 0x6F, 0x45, 0xD4, 0x6F,
    0x45, 0xD4, 0xE7, 0x45, 0xD4, 0xFF, 0x45, 0xD4, 0x5F, 0x00, 0x00, 0x00, 0x00, 0x00, 0x00, 0x45, 0xD4, 0x1F, 0x45, 0xD4, 0xFF, 0x45, 0xD4, 0xFF,
    0x45, 0xD4, 0xFF, 0x45, 0xD4, 0xFF, 0x45, 0xD4, 0x0B, 0x00, 0x00, 0x00, 0x00, 0x00, 0x00, 0x00, 0x00, 0x00, 0x00, 0x00, 0x00, 0x00, 0x00, 0x00,
    0x00, 0x00, 0x00, 0x45, 0xD4, 0xEF, 0x45, 0xD4, 0xFF, 0x45, 0xD4, 0x36, 0x00, 0x00, 0x00, 0x00, 0x00, 0x00, 0x00, 0x00, 0x00, 0x00, 0x00, 0x00,
    0x00, 0x00, 0x00, 0x45, 0xD4, 0x07, 0x45, 0xD4, 0x13, 0x45, 0xD4, 0x43, 0x45, 0xD4, 0xFF, 0x45, 0xD4, 0xDF, 0x00, 0x00, 0x00, 0x00, 0x00, 0x00,
    0x45, 0xD4, 0x50, 0x45, 0xD4, 0x93, 0x45, 0xD4, 0x93, 0x45, 0xD4, 0x93, 0x45, 0xD4, 0x93, 0x45, 0xD4, 0x93, 0x45, 0xD4, 0x93, 0x45, 0xD4, 0x93,
    0x45, 0xD4, 0x93, 0x45, 0xD4, 0x19, 0x00, 0x00, 0x00, 0x00, 0x00, 0x00, 0x00, 0x00, 0x00, 0x45, 0xD4, 0x3F, 0x45, 0xD4, 0xFF, 0x45, 0xD4, 0xFF,
    0x45, 0xD4, 0xFF, 0x45, 0xD4, 0xFF, 0x45, 0xD4, 0xFF, 0x45, 0xD4, 0xFF, 0x45, 0xD4, 0xFF, 0x45, 0xD4, 0xFF, 0x45, 0xD4, 0xFF, 0x45, 0xD4, 0xFF,
    0x45, 0xD4, 0xFF, 0x45, 0xD4, 0xFF, 0x45, 0xD4, 0x5F, 0x00, 0x00, 0x00, 0x00, 0x00, 0x00, 0x45, 0xD4, 0x02, 0x45, 0xD4, 0x13, 0x45, 0xD4, 0x13,
    0x45, 0xD4, 0xFF, 0x45, 0xD4, 0xFF, 0x45, 0xD4, 0x0B, 0x45, 0xD4, 0x22, 0x45, 0xD4, 0xF7, 0x45, 0xD4, 0xF7, 0x45, 0xD4, 0xF7, 0x45, 0xD4, 0xF7,
    0x45, 0xD4, 0x9E, 0x45, 0xD4, 0xE1, 0x45, 0xD4, 0xFF, 0x45, 0xD4, 0x46, 0x00, 0x00, 0x00, 0x00, 0x00, 0x00, 0x00, 0x00, 0x00, 0x00, 0x00, 0x00,
    0x00, 0x00, 0x00, 0x00, 0x00, 0x00, 0x00, 0x00, 0x00, 0x45, 0xD4, 0x33, 0x45, 0xD4, 0xFF, 0x45, 0xD4, 0xDF, 0x00, 0x00, 0x00, 0x00, 0x00, 0x00,
    0x45, 0xD4, 0x8B, 0x45, 0xD4, 0xFF, 0x45, 0xD4, 0xFF, 0x45, 0xD4, 0xFF, 0x45, 0xD4, 0xFF, 0x45, 0xD4, 0xFF, 0x45, 0xD4, 0xFF, 0x45, 0xD4, 0xFF,
    0x45, 0xD4, 0xFF, 0x45, 0xD4, 0x2B, 0x00, 0x00, 0x00, 0x00, 0x00, 0x00, 0x00, 0x00, 0x00, 0x45, 0xD4, 0x3F, 0x45, 0xD4, 0xFF, 0x45, 0xD4, 0xE6,
    0x45, 0xD4, 0x4B, 0x45, 0xD4, 0x4B, 0x45, 0xD4, 0x6A, 0x45, 0xD4, 0xFF, 0x45, 0xD4, 0xFF, 0x45, 0xD4, 0x4B, 0x45, 0xD4, 0x4B, 0x45, 0xD4, 0x4B,
    0x45, 0xD4, 0xE1, 0x45, 0xD4, 0xFF, 0x45, 0xD4, 0x5F, 0x00, 0x00, 0x00, 0x00, 0x00, 0x00, 0x00, 0x00, 0x00, 0x00, 0x00, 0x00, 0x00, 0x00, 0x00,
    0x45, 0xD4, 0xFF, 0x45, 0xD4, 0xFF, 0x45, 0xD4, 0x0B, 0x45, 0xD4, 0x23, 0x45, 0xD4, 0xFF, 0x45, 0xD4, 0xFF, 0x45, 0xD4, 0xFF, 0x45, 0xD4, 0xFF,
    0x45, 0xD4, 0xA3, 0x45, 0xD4, 0xCD, 0x45, 0xD4, 0xFF, 0x45, 0xD4, 0x58, 0x00, 0x00, 0x00, 0x00, 0x00, 0x00, 0x00, 0x00, 0x00, 0x00, 0x00, 0x00,
    0x00, 0x00, 0x00, 0x00, 0x00, 0x00, 0x00, 0x00, 0x00, 0x45, 0xD4, 0x33, 0x45, 0xD4, 0xFF, 0x45, 0xD4, 0xDF, 0x00, 0x00, 0x00, 0x00, 0x00, 0x00,
    0x45, 0xD4, 0x8B, 0x45, 0xD4, 0xFF, 0x45, 0xD4, 0x6F, 0x00, 0x00, 0x00, 0x00, 0x00, 0x00, 0x00, 0x00, 0x00, 0x00, 0x00, 0x00, 0x45, 0xD4, 0xDB,
    0x45, 0xD4, 0xFF, 0x45, 0xD4, 0x2B, 0x00, 0x00, 0x00, 0x00, 0x00, 0x00, 0x00, 0x00, 0x00, 0x45, 0xD4, 0x3F, 0x45, 0xD4, 0xFF, 0x45, 0xD4, 0xEB,
    0x45, 0xD4, 0x6B, 0x45, 0xD4, 0x6B, 0x45, 0xD4, 0x85, 0x45, 0xD4, 0xFF, 0x45, 0xD4, 0xFF, 0x45, 0xD4, 0x6B, 0x45, 0xD4, 0x6B, 0x45, 0xD4, 0x6B,
    0x45, 0xD4, 0xE6, 0x45, 0xD4, 0xFF, 0x45, 0xD4, 0x5F, 0x00, 0x00, 0x00, 0x00, 0x00, 0x00, 0x00, 0x00, 0x00, 0x00, 0x00, 0x00, 0x00, 0x00, 0x00,
    0x45, 0xD4, 0xFF, 0x45, 0xD4, 0xFF, 0x45, 0xD4, 0x0B, 0x00, 0x00, 0x00, 0x00, 0x00, 0x00, 0x45, 0xD4, 0xAF, 0x45, 0xD4, 0xFF, 0x45, 0xD4, 0x4B,
    0x00, 0x00, 0x00, 0x45, 0xD4, 0xB7, 0x45, 0xD4, 0xFF, 0x45, 0xD4, 0x71, 0x00, 0x00, 0x00, 0x00, 0x00, 0x00, 0x00, 0x00, 0x00, 0x00, 0x00, 0x00,
    0x00, 0x00, 0x00, 0x00, 0x00, 0x00, 0x00, 0x00, 0x00, 0x45, 0xD4, 0x33, 0x45, 0xD4, 0xFF, 0x45, 0xD4, 0xDF, 0x00, 0x00, 0x00, 0x00, 0x00, 0x00,
    0x45, 0xD4, 0x8B, 0x45, 0xD4, 0xFF, 0x45, 0xD4, 0xFF, 0x45, 0xD4, 0xFF, 0x45, 0xD4, 0xFF, 0x45, 0xD4, 0xFF, 0x45, 0xD4, 0xFF, 0x45, 0xD4, 0xFF,
    0x45, 0xD4, 0xFF, 0x45, 0xD4, 0x2B, 0x00, 0x00, 0x00, 0x00, 0x00, 0x00, 0x00, 0x00, 0x00, 0x45, 0xD4, 0x3F, 0x45, 0xD4, 0xFF, 0x45, 0xD4, 0xFF,
    0x45, 0xD4, 0xFF, 0x45, 0xD4, 0xFF, 0x45, 0xD4, 0xFF, 0x45, 0xD4, 0xFF, 0x45, 0xD4, 0xFF, 0x45, 0xD4, 0xFF, 0x45, 0xD4, 0xFF, 0x45, 0xD4, 0xFF,
    0x45, 0xD4, 0xFF, 0x45, 0xD4, 0xFF, 0x45, 0xD4, 0x5F, 0x00, 0x00, 0x00, 0x00, 0x00, 0x00, 0x00, 0x00, 0x00, 0x00, 0x00, 0x00, 0x00, 0x00, 0x00,
    0x45, 0xD4, 0xFF, 0x45, 0xD4, 0xFF, 0x45, 0xD4, 0x0B, 0x00, 0x00, 0x00, 0x00, 0x00, 0x00, 0x45, 0xD4, 0xAF, 0x45, 0xD4, 0xFF, 0x45, 0xD4, 0x4B,
    0x00, 0x00, 0x00, 0x45, 0xD4, 0x9B, 0x45, 0xD4, 0xFF, 0x45, 0xD4, 0x8C, 0x00, 0x00, 0x00, 0x00, 0x00, 0x00, 0x00, 0x00, 0x00, 0x00, 0x00, 0x00,
    0x00, 0x00, 0x00, 0x00, 0x00, 0x00, 0x00, 0x00, 0x00, 0x45, 0xD4, 0x33, 0x45, 0xD4, 0xFF, 0x45, 0xD4, 0xDF, 0x45, 0xD4, 0x45, 0x45, 0xD4, 0x86,
    0x45, 0xD4, 0x8B, 0x45, 0xD4, 0xFF, 0x45, 0xD4, 0xA8, 0x45, 0xD4, 0x63, 0x45, 0xD4, 0x63, 0x45, 0xD4, 0x63, 0x45, 0xD4, 0x63, 0x45, 0xD4, 0xEA,
    0x45, 0xD4, 0xFF, 0x45, 0xD4, 0x2B, 0x00, 0x00, 0x00, 0x00, 0x00, 0x00, 0x00, 0x00, 0x00, 0x00, 0x00, 0x00, 0x00, 0x00, 0x00, 0x00, 0x00, 0x00,
    0x00, 0x00, 0x00, 0x00, 0x00, 0x00, 0x45, 0xD4, 0x2B, 0x45, 0xD4, 0xFF, 0x45, 0xD4, 0xFF, 0x00, 0x00, 0x00, 0x00, 0x00, 0x00, 0x00, 0x00, 0x00,
    0x00, 0x00, 0x00, 0x00, 0x00, 0x00, 0x00, 0x00, 0x00, 0x00, 0x00, 0x00, 0x00, 0x00, 0x00, 0x00, 0x00, 0x00, 0x00, 0x00, 0x00, 0x00, 0x00, 0x00,
    0x45, 0xD4, 0xFF, 0x45, 0xD4, 0xFF, 0x45, 0xD4, 0x0C, 0x45, 0xD4, 0x38, 0x00, 0x00, 0x00, 0x45, 0xD4, 0xAF, 0x45, 0xD4, 0xFF, 0x45, 0xD4, 0x4B,
    0x00, 0x00, 0x00, 0x45, 0xD4, 0x79, 0x45, 0xD4, 0xFF, 0x45, 0xD4, 0xAA, 0x45, 0xD4, 0x1A, 0x45, 0xD4, 0x56, 0x00, 0x00, 0x00, 0x00, 0x00, 0x00,
    0x00, 0x00, 0x00, 0x00, 0x00, 0x00, 0x00, 0x00, 0x00, 0x45, 0xD4, 0x34, 0x45, 0xD4, 0xFF, 0x45, 0xD4, 0xF9, 0x45, 0xD4, 0xFB, 0x45, 0xD4, 0xE9,
    0x45, 0xD4, 0x91, 0x45, 0xD4, 0xFF, 0x45, 0xD4, 0xAC, 0x45, 0xD4, 0x6B, 0x45, 0xD4, 0x6B, 0x45, 0xD4, 0x6B, 0x45, 0xD4, 0x6B, 0x45, 0xD4, 0xEB,
    0x45, 0xD4, 0xFF, 0x45, 0xD4, 0x2B, 0x00, 0x00, 0x00, 0x00, 0x00, 0x00, 0x00, 0x00, 0x00, 0x45, 0xD4, 0xD7, 0x45, 0xD4, 0xFF, 0x45, 0xD4, 0xFF,
    0x45, 0xD4, 0xFF, 0x45, 0xD4, 0xFF, 0x45, 0xD4, 0xFF, 0x45, 0xD4, 0xFF, 0x45, 0xD4, 0xFF, 0x45, 0xD4, 0xFF, 0x45, 0xD4, 0xFF, 0x45, 0xD4, 0xFF,
    0x45, 0xD4, 0xFF, 0x45, 0xD4, 0xFF, 0x45, 0xD4, 0xFF, 0x45, 0xD4, 0x0B, 0x00, 0x00, 0x00, 0x00, 0x00, 0x00, 0x00, 0x00, 0x00, 0x00, 0x00, 0x00,
    0x45, 0xD4, 0xFF, 0x45, 0xD4, 0xFF, 0x45, 0xD4, 0xC1, 0x45, 0xD4, 0xE3, 0x00, 0x00, 0x00, 0x45, 0xD4, 0xAF, 0x45, 0xD4, 0xFF, 0x45, 0xD4, 0x90,
    0x45, 0xD4, 0x9F, 0x45, 0xD4, 0x6D, 0x45, 0xD4, 0xFF, 0x45, 0xD4, 0xD5, 0x45, 0xD4, 0x2E, 0x45, 0xD4, 0xFD, 0x45, 0xD4, 0x62, 0x00, 0x00, 0x00,
    0x00, 0x00, 0x00, 0x00, 0x00, 0x00, 0x00, 0x00, 0x00, 0x45, 0xD4, 0x5C, 0x45, 0xD4, 0xFF, 0x45, 0xD4, 0xFF, 0x45, 0xD4, 0xFE, 0x45, 0xD4, 0x7D,
    0x45, 0xD4, 0x8C, 0x45, 0xD4, 0xFF, 0x45, 0xD4, 0xFF, 0x45, 0xD4, 0xFF, 0x45, 0xD4, 0xFF, 0x45, 0xD4, 0xFF, 0x45, 0xD4, 0xFF, 0x45, 0xD4, 0xFF,
    0x45, 0xD4, 0xFF, 0x45, 0xD4, 0x2B, 0x00, 0x00, 0x00, 0x00, 0x00, 0x00, 0x00, 0x00, 0x00, 0x45, 0xD4, 0x8A, 0x45, 0xD4, 0xA3, 0x45, 0xD4, 0xA3,
    0x45, 0xD4, 0xA3, 0x45, 0xD4, 0xA3, 0x45, 0xD4, 0xB3, 0x45, 0xD4, 0xFF, 0x45, 0xD4, 0xFF, 0x45, 0xD4, 0xA3, 0x45, 0xD4, 0xA3, 0x45, 0xD4, 0xA3,
    0x45, 0xD4, 0xA3, 0x45, 0xD4, 0xA3, 0x45, 0xD4, 0xA3, 0x45, 0xD4, 0x07, 0x00, 0x00, 0x00, 0x00, 0x00, 0x00, 0x00, 0x00, 0x00, 0x45, 0xD4, 0x32,
    0x45, 0xD4, 0xFF, 0x45, 0xD4, 0xFF, 0x45, 0xD4, 0xFF, 0x45, 0xD4, 0xFF, 0x45, 0xD4, 0xAA, 0x45, 0xD4, 0xEE, 0x45, 0xD4, 0xFF, 0x45, 0xD4, 0xFF,
    0x45, 0xD4, 0xFF, 0x45, 0xD4, 0x61, 0x45, 0xD4, 0xFF, 0x45, 0xD4, 0xFE, 0x45, 0xD4, 0x74, 0x45, 0xD4, 0xFF, 0x45, 0xD4, 0x72, 0x00, 0x00, 0x00,
    0x00, 0x00, 0x00, 0x00, 0x00, 0x00, 0x45, 0xD4, 0x03, 0x45, 0xD4, 0xD5, 0x45, 0xD4, 0xFF, 0x45, 0xD4, 0xF6, 0x45, 0xD4, 0x54, 0x00, 0x00, 0x00,
    0x45, 0xD4, 0x8B, 0x45, 0xD4, 0xFF, 0x45, 0xD4, 0x6F, 0x00, 0x00, 0x00, 0x00, 0x00, 0x00, 0x45, 0xD4, 0x02, 0x45, 0xD4, 0x04, 0x45, 0xD4, 0xE5,
    0x45, 0xD4, 0xFF, 0x45, 0xD4, 0x2A, 0x00, 0x00, 0x00, 0x45, 0xD4, 0x1E, 0x45, 0xD4, 0xB3, 0x45, 0xD4, 0xB3, 0x45, 0xD4, 0xB3, 0x45, 0xD4, 0xB3,
    0x45, 0xD4, 0xB3, 0x45, 0xD4, 0xB3, 0x45, 0xD4, 0xC1, 0x45, 0xD4, 0xFF, 0x45, 0xD4, 0xFF, 0x45, 0xD4, 0xB3, 0x45, 0xD4, 0xB3, 0x45, 0xD4, 0xB3,
    0x45, 0xD4, 0xB3, 0x45, 0xD4, 0xB3, 0x45, 0xD4, 0xB3, 0x45, 0xD4, 0xB3, 0x45, 0xD4, 0x27, 0x00, 0x00, 0x00, 0x00, 0x00, 0x00, 0x45, 0xD4, 0xBE,
    0x45, 0xD4, 0xFF, 0x45, 0xD4, 0xFF, 0x45, 0xD4, 0xB8, 0x45, 0xD4, 0x5C, 0x45, 0xD4, 0xFF, 0x45, 0xD4, 0xFF, 0x45, 0xD4, 0xFD, 0x45, 0xD4, 0xC6,
    0x45, 0xD4, 0x76, 0x45, 0xD4, 0x18, 0x45, 0xD4, 0xCD, 0x45, 0xD4, 0xFF, 0x45, 0xD4, 0xFF, 0x45, 0xD4, 0xFF, 0x45, 0xD4, 0x3B, 0x00, 0x00, 0x00,
    0x00, 0x00, 0x00, 0x00, 0x00, 0x00, 0x00, 0x00, 0x00, 0x45, 0xD4, 0x9F, 0x45, 0xD4, 0xEB, 0x45, 0xD4, 0x37, 0x00, 0x00, 0x00, 0x00, 0x00, 0x00,
    0x45, 0xD4, 0x8B, 0x45, 0xD4, 0xFF, 0x45, 0xD4, 0x6F, 0x00, 0x00, 0x00, 0x00, 0x00, 0x00, 0x45, 0xD4, 0xD9, 0x45, 0xD4, 0xFF, 0x45, 0xD4, 0xFF,
    0x45, 0xD4, 0xFD, 0x45, 0xD4, 0x0E, 0x00, 0x00, 0x00, 0x45, 0xD4, 0x2B, 0x45, 0xD4, 0xFF, 0x45, 0xD4, 0xFF, 0x45, 0xD4, 0xFF, 0x45, 0xD4, 0xFF,
    0x45, 0xD4, 0xFF, 0x45, 0xD4, 0xFF, 0x45, 0xD4, 0xFF, 0x45, 0xD4, 0xFF, 0x45, 0xD4, 0xFF, 0x45, 0xD4, 0xFF, 0x45, 0xD4, 0xFF, 0x45, 0xD4, 0xFF,
    0x45, 0xD4, 0xFF, 0x45, 0xD4, 0xFF, 0x45, 0xD4, 0xFF, 0x45, 0xD4, 0xFF, 0x45, 0xD4, 0x37, 0x00, 0x00, 0x00, 0x00, 0x00, 0x00, 0x45, 0xD4, 0x73,
    0x45, 0xD4, 0xF9, 0x45, 0xD4, 0x70, 0x45, 0xD4, 0x01, 0x45, 0xD4, 0x07, 0x45, 0xD4, 0xAF, 0x45, 0xD4, 0x64, 0x45, 0xD4, 0x17, 0x00, 0x00, 0x00,
    0x00, 0x00, 0x00, 0x00, 0x00, 0x00, 0x45, 0xD4, 0x62, 0x45, 0xD4, 0xFF, 0x45, 0xD4, 0xFF, 0x45, 0xD4, 0xDB, 0x45, 0xD4, 0x01, 0x00, 0x00, 0x00,
    0x00, 0x00, 0x00, 0x00, 0x00, 0x00, 0x00, 0x00, 0x00, 0x45, 0xD4, 0x27, 0x45, 0xD4, 0x2C, 0x00, 0x00, 0x00, 0x00, 0x00, 0x00, 0x00, 0x00, 0x00,
    0x45, 0xD4, 0x73, 0x45, 0xD4, 0xD3, 0x45, 0xD4, 0x5C, 0x00, 0x00, 0x00, 0x00, 0x00, 0x00, 0x45, 0xD4, 0x75, 0x45, 0xD4, 0xCB, 0x45, 0xD4, 0xB3,
    0x45, 0xD4, 0x51, 0x00, 0x00, 0x00, 0x00, 0x00, 0x00, 0x00, 0x00, 0x00, 0x00, 0x00, 0x00, 0x00, 0x00, 0x00, 0x00, 0x00, 0x00, 0x00, 0x00, 0x00,
    0x00, 0x00, 0x00, 0x00, 0x00, 0x00, 0x00, 0x00, 0x00, 0x00, 0x00, 0x00, 0x00, 0x00, 0x00, 0x00, 0x00, 0x00, 0x00, 0x00, 0x00, 0x00, 0x00, 0x00,
    0x00, 0x00, 0x00, 0x00, 0x00, 0x00, 0x00, 0x00, 0x00, 0x00, 0x00, 0x00, 0x00, 0x00, 0x00, 0x00, 0x00, 0x00, 0x00, 0x00, 0x00, 0x45, 0xD4, 0x0E,
    0x45, 0xD4, 0x38, 0x00, 0x00, 0x00, 0x00, 0x00, 0x00, 0x00, 0x00, 0x00, 0x00, 0x00, 0x00, 0x00, 0x00, 0x00, 0x00, 0x00, 0x00, 0x00, 0x00, 0x00,
    0x00, 0x00, 0x00, 0x00, 0x00, 0x00, 0x45, 0xD4, 0x02, 0x45, 0xD4, 0x90, 0x45, 0xD4, 0xD9, 0x45, 0xD4, 0x42, 0x00, 0x00, 0x00, 0x00, 0x00, 0x00,
    0x00, 0x00, 0x00, 0x00, 0x00, 0x00, 0x00, 0x00, 0x00, 0x00, 0x00, 0x00, 0x00, 0x00, 0x00, 0x00, 0x00, 0x00, 0x00, 0x00, 0x00, 0x00, 0x00, 0x00,
    0x00, 0x00, 0x00, 0x00, 0x00, 0x00, 0x00, 0x00, 0x00, 0x00, 0x00, 0x00, 0x00, 0x00, 0x00, 0x00, 0x00, 0x00, 0x00, 0x00, 0x00, 0x00, 0x00, 0x00,
    0x00, 0x00, 0x00, 0x00, 0x00, 0x00, 0x00, 0x00, 0x00, 0x00, 0x00, 0x00, 0x00, 0x00, 0x00, 0x00, 0x00, 0x00, 0x00, 0x00, 0x00, 0x00, 0x00, 0x00,
    0x00, 0x00, 0x00, 0x00, 0x00, 0x00, 0x00, 0x00, 0x00, 0x00, 0x00, 0x00, 0x00, 0x00, 0x00, 0x00, 0x00, 0x00, 0x00, 0x00, 0x00, 0x00, 0x00, 0x00,
    0x00, 0x00, 0x00, 0x00, 0x00, 0x00, 0x00, 0x00, 0x00, 0x00, 0x00, 0x00, 0x00, 0x00, 0x00, 0x00, 0x00, 0x00, 0x00, 0x00, 0x00, 0x00, 0x00, 0x00,
    0x00, 0x00, 0x00, 0x00, 0x00, 0x00, 0x00, 0x00, 0x00, 0x00, 0x00, 0x00, 0x00, 0x00, 0x00, 0x00, 0x00, 0x00, 0x00, 0x00, 0x00, 0x00, 0x00, 0x00,
    0x00, 0x00, 0x00, 0x00, 0x00, 0x00, 0x00, 0x00, 0x00, 0x00, 0x00, 0x00, 0x00, 0x00, 0x00, 0x00, 0x00, 0x00, 0x00, 0x00, 0x00, 0x00, 0x00, 0x00,
    0x00, 0x00, 0x00, 0x00, 0x00, 0x00, 0x00, 0x00, 0x00, 0x00, 0x00, 0x00, 0x00, 0x00, 0x00, 0x00, 0x00, 0x00, 0x00, 0x00, 0x00, 0x00, 0x00, 0x00,
    0x00, 0x00, 0x00, 0x00, 0x00, 0x00, 0x00, 0x00, 0x00, 0x00, 0x00, 0x00, 0x00, 0x00, 0x00, 0x00, 0x00, 0x00, 0x00, 0x00, 0x00, 0x00, 0x00, 0x00,
    0x00, 0x00, 0x00, 0x00, 0x00, 0x00, 0x00, 0x00, 0x00, 0x00, 0x00, 0x00, 0x00, 0x00, 0x00, 0x00, 0x00, 0x00, 0x00, 0x00, 0x00, 0x00, 0x00, 0x00,
    0x00, 0x00, 0x00, 0x00, 0x00, 0x00, 0x00, 0x00, 0x00, 0x00, 0x00, 0x00, 0x00, 0x00, 0x00, 0x00, 0x00, 0x00, 0x00, 0x00, 0x00, 0x00, 0x00, 0x00,
    0x00, 0x00, 0x00, 0x00, 0x00, 0x00, 0x00, 0x00, 0x00, 0x00, 0x00, 0x00, 0x00, 0x00, 0x00, 0x00, 0x00, 0x00, 0x00, 0x00, 0x00, 0x00, 0x00, 0x00,
    0x00, 0x00, 0x00, 0x00, 0x00, 0x00, 0x00, 0x00, 0x00, 0x00, 0x00, 0x00, 0x00, 0x00, 0x00, 0x00, 0x00, 0x00, 0x00, 0x00, 0x00, 0x00, 0x00, 0x00,
    0x00, 0x00, 0x00, 0x00, 0x00, 0x00, 0x00, 0x00, 0x00, 0x00, 0x00, 0x00, 0x00, 0x00, 0x00, 0x00, 0x00, 0x00, 0x00, 0x00, 0x00, 0x00, 0x00, 0x00,
    0x00, 0x00, 0x00, 0x00, 0x00, 0x00, 0x00, 0x00, 0x00, 0x00, 0x00, 0x00, 0x00, 0x00, 0x00, 0x00, 0x00, 0x00, 0x00, 0x00, 0x00, 0x00, 0x00, 0x00,
    0x00, 0x00, 0x00, 0x00, 0x00, 0x00, 0x00, 0x00, 0x00, 0x00, 0x00, 0x00, 0x00, 0x00, 0x00, 0x00, 0x00, 0x00, 0x00, 0x00, 0x00, 0x00, 0x00, 0x00,
    0x00, 0x00, 0x00, 0x00, 0x00, 0x00, 0x00, 0x00, 0x00, 0x00, 0x00, 0x00, 0x00, 0x00, 0x00, 0x00, 0x00, 0x00, 0x00, 0x00, 0x00, 0x00, 0x00, 0x00,
    0x00, 0x00, 0x00, 0x00, 0x00, 0x00, 0x00, 0x00, 0x00, 0x00, 0x00, 0x00, 0x00, 0x00, 0x00, 0x00, 0x00, 0x00, 0x00, 0x00, 0x00, 0x00, 0x00, 0x00,
    0x00, 0x00, 0x00, 0x00, 0x00, 0x00, 0x00, 0x00, 0x00, 0x00, 0x00, 0x00, 0x00, 0x00, 0x00, 0x00, 0x00, 0x00, 0x00, 0x00, 0x00, 0x00, 0x00, 0x00,
    0x00, 0x00, 0x00, 0x00, 0x00, 0x00, 0x00, 0x00, 0x00, 0x00, 0x00, 0x00, 0x00, 0x00, 0x00, 0x00, 0x00, 0x00, 0x00, 0x00, 0x00, 0x00, 0x00, 0x00,
    0x00, 0x00, 0x00, 0x00, 0x00, 0x00, 0x00, 0x00, 0x00, 0x00, 0x00, 0x00, 0x00, 0x00, 0x00, 0x00, 0x00, 0x00, 0x00, 0x00, 0x00, 0x00, 0x00, 0x00,
    0x00, 0x00, 0x00, 0x00, 0x00, 0x00, 0x00, 0x00, 0x00, 0x00, 0x00, 0x00, 0x00, 0x00, 0x00, 0x00, 0x00, 0x00, 0x00, 0x00, 0x00, 0x00, 0x00, 0x00,
    0x00, 0x00, 0x00, 0x00, 0x00, 0x00, 0x00, 0x00, 0x00, 0x00, 0x00, 0x00, 0x00, 0x00, 0x00, 0x00, 0x00, 0x00, 0x00, 0x00, 0x00, 0x00, 0x00, 0x00,
    0x00, 0x00, 0x00, 0x00, 0x00, 0x00, 0x00, 0x00, 0x00, 0x00, 0x00, 0x00, 0x00, 0x00, 0x00, 0x00, 0x00, 0x00, 0x00, 0x00, 0x00, 0x00, 0x00, 0x00,
    0x00, 0x00, 0x00, 0x00, 0x00, 0x00, 0x00, 0x00, 0x00, 0x00, 0x00, 0x00, 0x00, 0x00, 0x00, 0x00, 0x00, 0x00, 0x00, 0x00, 0x00, 0x00, 0x00, 0x00,
    0x00, 0x00, 0x00, 0x00, 0x00, 0x00, 0x00, 0x00, 0x00, 0x00, 0x00, 0x00, 0x00, 0x00, 0x00, 0x00, 0x00, 0x00, 0x00, 0x00, 0x00, 0x00, 0x00, 0x00,
    0x00, 0x00, 0x00, 0x00, 0x00, 0x00, 0x00, 0x00, 0x00, 0x00, 0x00, 0x00, 0x00, 0x00, 0x00, 0x00, 0x00, 0x00, 0x00, 0x00, 0x00, 0x00, 0x00, 0x00,
    0x00, 0x00, 0x00, 0x00, 0x00, 0x00, 0x00, 0x00, 0x00, 0x00, 0x00, 0x00, 0x00, 0x00, 0x00, 0x00, 0x00, 0x00, 0x00, 0x00, 0x00, 0x00, 0x00, 0x00,
    0x00, 0x00, 0x00, 0x00, 0x00, 0x00, 0x00, 0x00, 0x00, 0x00, 0x00, 0x00, 0x00, 0x00, 0x00, 0x00, 0x00, 0x00, 0x00, 0x00, 0x00, 0x00, 0x00, 0x00,
    0x00, 0x00, 0x00, 0x00, 0x00, 0x00, 0x00, 0x00, 0x00, 0x00, 0x00, 0x00, 0x00, 0x00, 0x00, 0x00, 0x00, 0x00, 0x00, 0x00, 0x00, 0x00, 0x00, 0x00,
    0x00, 0x00, 0x00, 0x00, 0x00, 0x00, 0x00, 0x00, 0x00, 0x00, 0x00, 0x00, 0x00, 0x00, 0x00, 0x00, 0x00, 0x00, 0x00, 0x00, 0x00, 0x00, 0x00, 0x00,
    0x00, 0x00, 0x00, 0x00, 0x00, 0x00, 0x00, 0x00, 0x00, 0x00, 0x00, 0x00, 0x00, 0x00, 0x00, 0x00, 0x00, 0x00, 0x00, 0x00, 0x00, 0x00, 0x00, 0x00,
    0x00, 0x00, 0x00, 0x00, 0x00, 0x00, 0x00, 0x00, 0x00, 0x00, 0x00, 0x00, 0x00, 0x00, 0x00, 0x00, 0x00, 0x00, 0x00, 0x00, 0x00, 0x00, 0x00, 0x00,
    0x00, 0x00, 0x00, 0x00, 0x00, 0x00, 0x00, 0x00, 0x00, 0x00, 0x00, 0x00, 0x00, 0x00, 0x00, 0x00, 0x00, 0x00, 0x00, 0x00, 0x00, 0x00, 0x00, 0x00,
    0x00, 0x00, 0x00, 0x00, 0x00, 0x00, 0x00, 0x00, 0x00, 0x00, 0x00, 0x00, 0x00, 0x00, 0x00, 0x00, 0x00, 0x00, 0x00, 0x00, 0x00, 0x00, 0x00, 0x00,
};
const lv_img_dsc_t rehab_feedback_retry = {
    .header.always_zero = 0,
    .header.w = 56,
    .header.h = 24,
    .data_size = 4032,
    .header.cf = LV_IMG_CF_TRUE_COLOR_ALPHA,
    .data = rehab_feedback_retry_map,
};

#ifndef LV_ATTRIBUTE_IMG_REHAB_FEEDBACK_ROM_LOW
#define LV_ATTRIBUTE_IMG_REHAB_FEEDBACK_ROM_LOW
#endif
const LV_ATTRIBUTE_MEM_ALIGN LV_ATTRIBUTE_LARGE_CONST LV_ATTRIBUTE_IMG_REHAB_FEEDBACK_ROM_LOW uint8_t rehab_feedback_rom_low_map[] = {
    0x00, 0x00, 0x00, 0x00, 0x00, 0x00, 0x00, 0x00, 0x00, 0x00, 0x00, 0x00, 0x00, 0x00, 0x00, 0x00, 0x00, 0x00, 0x00, 0x00, 0x00, 0x00, 0x00, 0x00,
    0x00, 0x00, 0x00, 0x00, 0x00, 0x00, 0x00, 0x00, 0x00, 0x00, 0x00, 0x00, 0x00, 0x00, 0x00, 0x00, 0x00, 0x00, 0x00, 0x00, 0x00, 0x00, 0x00, 0x00,
    0x00, 0x00, 0x00, 0x00, 0x00, 0x00, 0x00, 0x00, 0x00, 0x00, 0x00, 0x00, 0x00, 0x00, 0x00, 0x00, 0x00, 0x00, 0x00, 0x00, 0x00, 0x00, 0x00, 0x00,
    0x00, 0x00, 0x00, 0x00, 0x00, 0x00, 0x00, 0x00, 0x00, 0x00, 0x00, 0x00, 0x00, 0x00, 0x00, 0x00, 0x00, 0x00, 0x00, 0x00, 0x00, 0x00, 0x00, 0x00,
    0x00, 0x00, 0x00, 0x00, 0x00, 0x00, 0x00, 0x00, 0x00, 0x00, 0x00, 0x00, 0x00, 0x00, 0x00, 0x00, 0x00, 0x00, 0x00, 0x00, 0x00, 0x00, 0x00, 0x00,
    0x00, 0x00, 0x00, 0x00, 0x00, 0x00, 0x00, 0x00, 0x00, 0x00, 0x00, 0x00, 0x00, 0x00, 0x00, 0x00, 0x00, 0x00, 0x00, 0x00, 0x00, 0x00, 0x00, 0x00,
    0x00, 0x00, 0x00, 0x00, 0x00, 0x00, 0x00, 0x00, 0x00, 0x00, 0x00, 0x00, 0x00, 0x00, 0x00, 0x00, 0x00, 0x00, 0x00, 0x00, 0x00, 0x00, 0x00, 0x00,
    0x00, 0x00, 0x00, 0x00, 0x00, 0x00, 0x00, 0x00, 0x00, 0x00, 0x00, 0x00, 0x00, 0x00, 0x00, 0x00, 0x00, 0x00, 0x00, 0x00, 0x00, 0x00, 0x00, 0x00,
    0x00, 0x00, 0x00, 0x00, 0x00, 0x00, 0x00, 0x00, 0x00, 0x00, 0x00, 0x00, 0x00, 0x00, 0x00, 0x00, 0x00, 0x00, 0x00, 0x00, 0x00, 0x00, 0x00, 0x00,
    0x00, 0x00, 0x00, 0x00, 0x00, 0x00, 0x00, 0x00, 0x00, 0x00, 0x00, 0x00, 0x00, 0x00, 0x00, 0x00, 0x00, 0x00, 0xE9, 0xD2, 0xA5, 0xE9, 0xD2, 0xD7,
    0xE9, 0xD2, 0x0A, 0x00, 0x00, 0x00, 0x00, 0x00, 0x00, 0x00, 0x00, 0x00, 0x00, 0x00, 0x00, 0x00, 0x00, 0x00, 0x00, 0x00, 0x00, 0x00, 0x00, 0x00,
    0x00, 0x00, 0x00, 0x00, 0x00, 0x00, 0x00, 0x00, 0x00, 0x00, 0x00, 0x00, 0x00, 0x00, 0x00, 0x00, 0x00, 0x00, 0x00, 0x00, 0x00, 0x00, 0x00, 0x00,
    0x00, 0x00, 0x00, 0x00, 0x00, 0x00, 0x00, 0x00, 0x00, 0x00, 0x00, 0x00, 0x00, 0x00, 0x00, 0xE9, 0xD2, 0x50, 0xE9, 0xD2, 0xBA, 0xE9, 0xD2, 0xA8,
    0x00, 0x00, 0x00, 0x00, 0x00, 0x00, 0x00, 0x00, 0x00, 0x00, 0x00, 0x00, 0x00, 0x00, 0x00, 0x00, 0x00, 0x00, 0x00, 0x00, 0x00, 0x00, 0x00, 0x00,
    0x00, 0x00, 0x00, 0x00, 0x00, 0x00, 0x00, 0x00, 0x00, 0x00, 0x00, 0x00, 0x00, 0x00, 0x00, 0x00, 0x00, 0x00, 0x00, 0x00, 0x00, 0x00, 0x00, 0x00,
    0x00, 0x00, 0x00, 0x00, 0x00, 0x00, 0x00, 0x00, 0x00, 0x00, 0x00, 0x00, 0x00, 0x00, 0x00, 0x00, 0x00, 0x00, 0x00, 0x00, 0x00, 0x00, 0x00, 0x00,
    0x00, 0x00, 0x00, 0x00, 0x00, 0x00, 0x00, 0x00, 0x00, 0xE9, 0xD2, 0x02, 0xE9, 0xD2, 0x0F, 0xE9, 0xD2, 0x0F, 0xE9, 0xD2, 0x0F, 0xE9, 0xD2, 0x0F,
    0xE9, 0xD2, 0x0F, 0xE9, 0xD2, 0x0F, 0xE9, 0xD2, 0x0F, 0xE9, 0xD2, 0x0F, 0xE9, 0xD2, 0x0F, 0xE9, 0xD2, 0x0F, 0xE9, 0xD2, 0x0F, 0xE9, 0xD2, 0x0F,
    0xE9, 0xD2, 0x08, 0x00, 0x00, 0x00, 0x00, 0x00, 0x00, 0x00, 0x00, 0x00, 0x00, 0x00, 0x00, 0x00, 0x00, 0x00, 0x00, 0x00, 0x00, 0x00, 0x00, 0x00,
    0xE9, 0xD2, 0xC3, 0xE9, 0xD2, 0xFF, 0xE9, 0xD2, 0x0B, 0x00, 0x00, 0x00, 0xE9, 0xD2, 0x1F, 0xE9, 0xD2, 0xFF, 0xE9, 0xD2, 0xFF, 0xE9, 0xD2, 0xFF,
    0xE9, 0xD2, 0xFF, 0xE9, 0xD2, 0xFF, 0xE9, 0xD2, 0xFF, 0xE9, 0xD2, 0xFF, 0xE9, 0xD2, 0xFF, 0xE9, 0xD2, 0xFF, 0xE9, 0xD2, 0x2B, 0x00, 0x00, 0x00,
    0x00, 0x00, 0x00, 0x00, 0x00, 0x00, 0x00, 0x00, 0x00, 0x00, 0x00, 0x00, 0x00, 0x00, 0x00, 0x00, 0x00, 0x00, 0x00, 0x00, 0x00, 0xE9, 0xD2, 0x63,
    0xE9, 0xD2, 0xFF, 0xE9, 0xD2, 0xF9, 0xE9, 0xD2, 0x0F, 0x00, 0x00, 0x00, 0x00, 0x00, 0x00, 0x00, 0x00, 0x00, 0x00, 0x00, 0x00, 0x00, 0x00, 0x00,
    0x00, 0x00, 0x00, 0x00, 0x00, 0x00, 0xE9, 0xD2, 0x2B, 0xE9, 0xD2, 0x33, 0xE9, 0xD2, 0x33, 0xE9, 0xD2, 0x33, 0xE9, 0xD2, 0x33, 0xE9, 0xD2, 0x33,
    0xE9, 0xD2, 0x33, 0xE9, 0xD2, 0x33, 0xE9, 0xD2, 0x33, 0xE9, 0xD2, 0x33, 0xE9, 0xD2, 0x33, 0xE9, 0xD2, 0x33, 0xE9, 0xD2, 0x33, 0xE9, 0xD2, 0x33,
    0xE9, 0xD2, 0x33, 0xE9, 0xD2, 0x2C, 0x00, 0x00, 0x00, 0x00, 0x00, 0x00, 0x00, 0x00, 0x00, 0xE9, 0xD2, 0x2F, 0xE9, 0xD2, 0xFF, 0xE9, 0xD2, 0xFF,
    0xE9, 0xD2, 0xFF, 0xE9, 0xD2, 0xFF, 0xE9, 0xD2, 0xFF, 0xE9, 0xD2, 0xFF, 0xE9, 0xD2, 0xFF, 0xE9, 0xD2, 0xFF, 0xE9, 0xD2, 0xFF, 0xE9, 0xD2, 0xFF,
    0xE9, 0xD2, 0xFF, 0xE9, 0xD2, 0xFF, 0xE9, 0xD2, 0x8F, 0x00, 0x00, 0x00, 0x00, 0x00, 0x00, 0x00, 0x00, 0x00, 0x00, 0x00, 0x00, 0x00, 0x00, 0x00,
    0x00, 0x00, 0x00, 0x00, 0x00, 0x00, 0xE9, 0xD2, 0xC3, 0xE9, 0xD2, 0xFF, 0xE9, 0xD2, 0x0B, 0x00, 0x00, 0x00, 0xE9, 0xD2, 0x17, 0xE9, 0xD2, 0xBF,
    0xE9, 0xD2, 0xBF, 0xE9, 0xD2, 0xBF, 0xE9, 0xD2, 0xBF, 0xE9, 0xD2, 0xBF, 0xE9, 0xD2, 0xBF, 0xE9, 0xD2, 0xBF, 0xE9, 0xD2, 0xBF, 0xE9, 0xD2, 0xBF,
    0xE9, 0xD2, 0x20, 0x00, 0x00, 0x00, 0xE9, 0xD2, 0x03, 0xE9, 0xD2, 0xFF, 0xE9, 0xD2, 0xFF, 0xE9, 0xD2, 0xFF, 0xE9, 0xD2, 0xFF, 0xE9, 0xD2, 0xFF,
    0xE9, 0xD2, 0xFF, 0xE9, 0xD2, 0xFF, 0xE9, 0xD2, 0xFF, 0xE9, 0xD2, 0xFF, 0xE9, 0xD2, 0xFF, 0xE9, 0xD2, 0xFF, 0xE9, 0xD2, 0xFF, 0xE9, 0xD2, 0xFF,
    0xE9, 0xD2, 0xFF, 0xE9, 0xD2, 0xFF, 0xE9, 0xD2, 0x2F, 0x00, 0x00, 0x00, 0xE9, 0xD2, 0xD7, 0xE9, 0xD2, 0xFF, 0xE9, 0xD2, 0xFF, 0xE9, 0xD2, 0xFF,
    0xE9, 0xD2, 0xFF, 0xE9, 0xD2, 0xFF, 0xE9, 0xD2, 0xFF, 0xE9, 0xD2, 0xFF, 0xE9, 0xD2, 0xFF, 0xE9, 0xD2, 0xFF, 0xE9, 0xD2, 0xFF, 0xE9, 0xD2, 0xFF,
    0xE9, 0xD2, 0xFF, 0xE9, 0xD2, 0xFF, 0xE9, 0xD2, 0xFF, 0xE9, 0xD2, 0xDB, 0x00, 0x00, 0x00, 0x00, 0x00, 0x00, 0x00, 0x00, 0x00, 0xE9, 0xD2, 0x2F,
    0xE9, 0xD2, 0xFF, 0xE9, 0xD2, 0xFF, 0xE9, 0xD2, 0xFF, 0xE9, 0xD2, 0xFF, 0xE9, 0xD2, 0xFF, 0xE9, 0xD2, 0xFF, 0xE9, 0xD2, 0xFF, 0xE9, 0xD2, 0xFF,
    0xE9, 0xD2, 0xFF, 0xE9, 0xD2, 0xFF, 0xE9, 0xD2, 0xFF, 0xE9, 0xD2, 0xFF, 0xE9, 0xD2, 0x8F, 0x00, 0x00, 0x00, 0x00, 0x00, 0x00, 0x00, 0x00, 0x00,
    0x00, 0x00, 0x00, 0x00, 0x00, 0x00, 0x00, 0x00, 0x00, 0x00, 0x00, 0x00, 0xE9, 0xD2, 0xC3, 0xE9, 0xD2, 0xFF, 0xE9, 0xD2, 0x0B, 0x00, 0x00, 0x00,
    0x00, 0x00, 0x00, 0x00, 0x00, 0x00, 0x00, 0x00, 0x00, 0x00, 0x00, 0x00, 0x00, 0x00, 0x00, 0x00, 0x00, 0x00, 0x00, 0x00, 0x00, 0x00, 0x00, 0x00,
    0x00, 0x00, 0x00, 0x00, 0x00, 0x00, 0x00, 0x00, 0x00, 0x00, 0x00, 0x00, 0xE9, 0xD2, 0x03, 0xE9, 0xD2, 0xFF, 0xE9, 0xD2, 0xFF, 0xE9, 0xD2, 0xFF,
    0xE9, 0xD2, 0xFF, 0xE9, 0xD2, 0xFF, 0xE9, 0xD2, 0xFF, 0xE9, 0xD2, 0xFF, 0xE9, 0xD2, 0xFF, 0xE9, 0xD2, 0xFF, 0xE9, 0xD2, 0xFF, 0xE9, 0xD2, 0xFF,
    0xE9, 0xD2, 0xFF, 0xE9, 0xD2, 0xFF, 0xE9, 0xD2, 0xFF, 0xE9, 0xD2, 0xFF, 0xE9, 0xD2, 0x2F, 0x00, 0x00, 0x00, 0xE9, 0xD2, 0xD7, 0xE9, 0xD2, 0xFF,
    0xE9, 0xD2, 0xFF, 0xE9, 0xD2, 0xFF, 0xE9, 0xD2, 0xFF, 0xE9, 0xD2, 0xFF, 0xE9, 0xD2, 0xFF, 0xE9, 0xD2, 0xFF, 0xE9, 0xD2, 0xFF, 0xE9, 0xD2, 0xFF,
    0xE9, 0xD2, 0xFF, 0xE9, 0xD2, 0xFF, 0xE9, 0xD2, 0xFF, 0xE9, 0xD2, 0xFF, 0xE9, 0xD2, 0xFF, 0xE9, 0xD2, 0xDB, 0x00, 0x00, 0x00, 0x00, 0x00, 0x00,
    0x00, 0x00, 0x00, 0xE9, 0xD2, 0x2F, 0xE9, 0xD2, 0xFF, 0xE9, 0xD2, 0xFB, 0x00, 0x00, 0x00, 0x00, 0x00, 0x00, 0x00, 0x00, 0x00, 0x00, 0x00, 0x00,
    0x00, 0x00, 0x00, 0x00, 0x00, 0x00, 0x00, 0x00, 0x00, 0x00, 0x00, 0x00, 0xE9, 0xD2, 0xB7, 0xE9, 0xD2, 0xFF, 0xE9, 0xD2, 0x8F, 0x00, 0x00, 0x00,
    0x00, 0x00, 0x00, 0x00, 0x00, 0x00, 0x00, 0x00, 0x00, 0xE9, 0xD2, 0x1F, 0xE9, 0xD2, 0xFF, 0xE9, 0xD2, 0xFF, 0xE9, 0xD2, 0xFF, 0xE9, 0xD2, 0xFF,
    0xE9, 0xD2, 0xFF, 0xE9, 0xD2, 0xFF, 0xE9, 0xD2, 0x63, 0xE9, 0xD2, 0x57, 0xE9, 0xD2, 0xFF, 0xE9, 0xD2, 0xFF, 0xE9, 0xD2, 0xFF, 0xE9, 0xD2, 0xFF,
    0xE9, 0xD2, 0xFF, 0xE9, 0xD2, 0xFF, 0xE9, 0xD2, 0xFF, 0xE9, 0xD2, 0x77, 0x00, 0x00, 0x00, 0x00, 0x00, 0x00, 0xE9, 0xD2, 0x03, 0xE9, 0xD2, 0xFF,
    0xE9, 0xD2, 0xFF, 0xE9, 0xD2, 0x23, 0x00, 0x00, 0x00, 0xE9, 0xD2, 0x0A, 0xE9, 0xD2, 0xA7, 0xE9, 0xD2, 0xA5, 0x00, 0x00, 0x00, 0x00, 0x00, 0x00,
    0x00, 0x00, 0x00, 0xE9, 0xD2, 0x76, 0xE9, 0xD2, 0xA7, 0xE9, 0xD2, 0x41, 0x00, 0x00, 0x00, 0x00, 0x00, 0x00, 0x00, 0x00, 0x00, 0x00, 0x00, 0x00,
    0x00, 0x00, 0x00, 0x00, 0x00, 0x00, 0x00, 0x00, 0x00, 0x00, 0x00, 0x00, 0x00, 0x00, 0x00, 0x00, 0x00, 0x00, 0xE9, 0xD2, 0x11, 0xE9, 0xD2, 0xE5,
    0xE9, 0xD2, 0xFF, 0xE9, 0xD2, 0xE3, 0xE9, 0xD2, 0x0B, 0x00, 0x00, 0x00, 0x00, 0x00, 0x00, 0x00, 0x00, 0x00, 0x00, 0x00, 0x00, 0x00, 0x00, 0x00,
    0x00, 0x00, 0x00, 0x00, 0x00, 0x00, 0x00, 0x00, 0x00, 0xE9, 0xD2, 0x2F, 0xE9, 0xD2, 0xFF, 0xE9, 0xD2, 0xFB, 0x00, 0x00, 0x00, 0x00, 0x00, 0x00,
    0x00, 0x00, 0x00, 0x00, 0x00, 0x00, 0x00, 0x00, 0x00, 0x00, 0x00, 0x00, 0x00, 0x00, 0x00, 0x00, 0x00, 0x00, 0xE9, 0xD2, 0xB7, 0xE9, 0xD2, 0xFF,
    0xE9, 0xD2, 0x8F, 0x00, 0x00, 0x00, 0x00, 0x00, 0x00, 0x00, 0x00, 0x00, 0x00, 0x00, 0x00, 0xE9, 0xD2, 0x1F, 0xE9, 0xD2, 0xFF, 0xE9, 0xD2, 0xF0,
    0xE9, 0xD2, 0xF9, 0xE9, 0xD2, 0xFF, 0xE9, 0xD2, 0xE9, 0xE9, 0xD2, 0xFF, 0xE9, 0xD2, 0x63, 0xE9, 0xD2, 0x57, 0xE9, 0xD2, 0xFF, 0xE9, 0xD2, 0xCA,
    0xE9, 0xD2, 0x9B, 0xE9, 0xD2, 0x9B, 0xE9, 0xD2, 0x9B, 0xE9, 0xD2, 0xC7, 0xE9, 0xD2, 0xFF, 0xE9, 0xD2, 0x77, 0x00, 0x00, 0x00, 0x00, 0x00, 0x00,
    0xE9, 0xD2, 0x03, 0xE9, 0xD2, 0xFF, 0xE9, 0xD2, 0xFF, 0xE9, 0xD2, 0x7B, 0xE9, 0xD2, 0xB3, 0xE9, 0xD2, 0xB8, 0xE9, 0xD2, 0xFF, 0xE9, 0xD2, 0xFE,
    0xE9, 0xD2, 0xB3, 0xE9, 0xD2, 0xB3, 0xE9, 0xD2, 0xB3, 0xE9, 0xD2, 0xE9, 0xE9, 0xD2, 0xFF, 0xE9, 0xD2, 0xD1, 0xE9, 0xD2, 0xB3, 0xE9, 0xD2, 0xB3,
    0x00, 0x00, 0x00, 0x00, 0x00, 0x00, 0x00, 0x00, 0x00, 0x00, 0x00, 0x00, 0x00, 0x00, 0x00, 0x00, 0x00, 0x00, 0x00, 0x00, 0x00, 0x00, 0x00, 0x00,
    0xE9, 0xD2, 0xA7, 0xE9, 0xD2, 0xFF, 0xE9, 0xD2, 0xFF, 0xE9, 0xD2, 0x59, 0x00, 0x00, 0x00, 0x00, 0x00, 0x00, 0x00, 0x00, 0x00, 0x00, 0x00, 0x00,
    0x00, 0x00, 0x00, 0x00, 0x00, 0x00, 0x00, 0x00, 0x00, 0x00, 0x00, 0x00, 0x00, 0x00, 0x00, 0xE9, 0xD2, 0x2F, 0xE9, 0xD2, 0xFF, 0xE9, 0xD2, 0xFC,
    0xE9, 0xD2, 0x0B, 0xE9, 0xD2, 0x0B, 0xE9, 0xD2, 0x0B, 0xE9, 0xD2, 0x0B, 0xE9, 0xD2, 0x0B, 0xE9, 0xD2, 0x0B, 0xE9, 0xD2, 0x0B, 0xE9, 0xD2, 0x0B,
    0xE9, 0xD2, 0xBB, 0xE9, 0xD2, 0xFF, 0xE9, 0xD2, 0x8F, 0x00, 0x00, 0x00, 0x00, 0x00, 0x00, 0x00, 0x00, 0x00, 0x00, 0x00, 0x00, 0xE9, 0xD2, 0x1F,
    0xE9, 0xD2, 0xFF, 0xE9, 0xD2, 0x73, 0xE9, 0xD2, 0xC3, 0xE9, 0xD2, 0xFF, 0xE9, 0xD2, 0x2F, 0xE9, 0xD2, 0xFF, 0xE9, 0xD2, 0x63, 0xE9, 0xD2, 0x57,
    0xE9, 0xD2, 0xFF, 0xE9, 0xD2, 0x77, 0x00, 0x00, 0x00, 0x00, 0x00, 0x00, 0x00, 0x00, 0x00, 0xE9, 0xD2, 0x6F, 0xE9, 0xD2, 0xFF, 0xE9, 0xD2, 0x77,
    0x00, 0x00, 0x00, 0x00, 0x00, 0x00, 0xE9, 0xD2, 0x04, 0xE9, 0xD2, 0xFF, 0xE9, 0xD2, 0xFF, 0xE9, 0xD2, 0x9F, 0xE9, 0xD2, 0xFF, 0xE9, 0xD2, 0xFF,
    0xE9, 0xD2, 0xFF, 0xE9, 0xD2, 0xFF, 0xE9, 0xD2, 0xFF, 0xE9, 0xD2, 0xFF, 0xE9, 0xD2, 0xFF, 0xE9, 0xD2, 0xFF, 0xE9, 0xD2, 0xFF, 0xE9, 0xD2, 0xFF,
    0xE9, 0xD2, 0xFF, 0xE9, 0xD2, 0xFF, 0x00, 0x00, 0x00, 0x00, 0x00, 0x00, 0x00, 0x00, 0x00, 0x00, 0x00, 0x00, 0x00, 0x00, 0x00, 0x00, 0x00, 0x00,
    0x00, 0x00, 0x00, 0xE9, 0xD2, 0x6B, 0xE9, 0xD2, 0xFF, 0xE9, 0xD2, 0xFF, 0xE9, 0xD2, 0xFF, 0xE9, 0xD2, 0x30, 0xE9, 0xD2, 0x46, 0xE9, 0xD2, 0x02,
    0x00, 0x00, 0x00, 0x00, 0x00, 0x00, 0x00, 0x00, 0x00, 0x00, 0x00, 0x00, 0x00, 0x00, 0x00, 0x00, 0x00, 0x00, 0x00, 0x00, 0x00, 0xE9, 0xD2, 0x2F,
    0xE9, 0xD2, 0xFF, 0xE9, 0xD2, 0xFF, 0xE9, 0xD2, 0xFF, 0xE9, 0xD2, 0xFF, 0xE9, 0xD2, 0xFF, 0xE9, 0xD2, 0xFF, 0xE9, 0xD2, 0xFF, 0xE9, 0xD2, 0xFF,
    0xE9, 0xD2, 0xFF, 0xE9, 0xD2, 0xFF, 0xE9, 0xD2, 0xFF, 0xE9, 0xD2, 0xFF, 0xE9, 0xD2, 0x8F, 0x00, 0x00, 0x00, 0x00, 0x00, 0x00, 0x00, 0x00, 0x00,
    0x00, 0x00, 0x00, 0xE9, 0xD2, 0x1F, 0xE9, 0xD2, 0xFF, 0xE9, 0xD2, 0x73, 0xE9, 0xD2, 0xC3, 0xE9, 0xD2, 0xFF, 0xE9, 0xD2, 0x2F, 0xE9, 0xD2, 0xFF,
    0xE9, 0xD2, 0x63, 0xE9, 0xD2, 0x57, 0xE9, 0xD2, 0xFF, 0xE9, 0xD2, 0xFF, 0xE9, 0xD2, 0xFF, 0xE9, 0xD2, 0xFF, 0xE9, 0xD2, 0xFF, 0xE9, 0xD2, 0xFF,
    0xE9, 0xD2, 0xFF, 0xE9, 0xD2, 0x77, 0x00, 0x00, 0x00, 0x00, 0x00, 0x00, 0xE9, 0xD2, 0x08, 0xE9, 0xD2, 0xFF, 0xE9, 0xD2, 0xFF, 0xE9, 0xD2, 0x1D,
    0x00, 0x00, 0x00, 0xE9, 0xD2, 0x0F, 0xE9, 0xD2, 0xFF, 0xE9, 0xD2, 0xFB, 0x00, 0x00, 0x00, 0x00, 0x00, 0x00, 0x00, 0x00, 0x00, 0xE9, 0xD2, 0xB3,
    0xE9, 0xD2, 0xFF, 0xE9, 0xD2, 0x63, 0x00, 0x00, 0x00, 0x00, 0x00, 0x00, 0x00, 0x00, 0x00, 0x00, 0x00, 0x00, 0x00, 0x00, 0x00, 0x00, 0x00, 0x00,
    0x00, 0x00, 0x00, 0x00, 0x00, 0x00, 0xE9, 0xD2, 0x54, 0xE9, 0xD2, 0xFD, 0xE9, 0xD2, 0xFF, 0xE9, 0xD2, 0xFF, 0xE9, 0xD2, 0xFF, 0xE9, 0xD2, 0xBA,
    0xE9, 0xD2, 0xFF, 0xE9, 0xD2, 0xB8, 0xE9, 0xD2, 0x12, 0x00, 0x00, 0x00, 0x00, 0x00, 0x00, 0x00, 0x00, 0x00, 0x00, 0x00, 0x00, 0x00, 0x00, 0x00,
    0x00, 0x00, 0x00, 0xE9, 0xD2, 0x2F, 0xE9, 0xD2, 0xFF, 0xE9, 0xD2, 0xFF, 0xE9, 0xD2, 0xFF, 0xE9, 0xD2, 0xFF, 0xE9, 0xD2, 0xFF, 0xE9, 0xD2, 0xFF,
    0xE9, 0xD2, 0xFF, 0xE9, 0xD2, 0xFF, 0xE9, 0xD2, 0xFF, 0xE9, 0xD2, 0xFF, 0xE9, 0xD2, 0xFF, 0xE9, 0xD2, 0xFF, 0xE9, 0xD2, 0x8F, 0x00, 0x00, 0x00,
    0x00, 0x00, 0x00, 0x00, 0x00, 0x00, 0x00, 0x00, 0x00, 0xE9, 0xD2, 0x1F, 0xE9, 0xD2, 0xFF, 0xE9, 0xD2, 0x73, 0xE9, 0xD2, 0xC3, 0xE9, 0xD2, 0xFF,
    0xE9, 0xD2, 0x2F, 0xE9, 0xD2, 0xFF, 0xE9, 0xD2, 0x63, 0xE9, 0xD2, 0x32, 0xE9, 0xD2, 0x93, 0xE9, 0xD2, 0x93, 0xE9, 0xD2, 0x93, 0xE9, 0xD2, 0x93,
    0xE9, 0xD2, 0x93, 0xE9, 0xD2, 0x93, 0xE9, 0xD2, 0x93, 0xE9, 0xD2, 0x45, 0x00, 0x00, 0x00, 0x00, 0x00, 0x00, 0xE9, 0xD2, 0x0D, 0xE9, 0xD2, 0xFF,
    0xE9, 0xD2, 0xFF, 0xE9, 0xD2, 0x18, 0x00, 0x00, 0x00, 0xE9, 0xD2, 0x0F, 0xE9, 0xD2, 0xFF, 0xE9, 0xD2, 0xFE, 0xE9, 0xD2, 0x9F, 0xE9, 0xD2, 0x9F,
    0xE9, 0xD2, 0x9F, 0xE9, 0xD2, 0xE3, 0xE9, 0xD2, 0xFF, 0xE9, 0xD2, 0x63, 0x00, 0x00, 0x00, 0x00, 0x00, 0x00, 0x00, 0x00, 0x00, 0x00, 0x00, 0x00,
    0x00, 0x00, 0x00, 0x00, 0x00, 0x00, 0x00, 0x00, 0x00, 0xE9, 0xD2, 0x5A, 0xE9, 0xD2, 0xF8, 0xE9, 0xD2, 0xFF, 0xE9, 0xD2, 0xF9, 0xE9, 0xD2, 0xFF,
    0xE9, 0xD2, 0xFF, 0xE9, 0xD2, 0xA8, 0xE9, 0xD2, 0xFF, 0xE9, 0xD2, 0xFF, 0xE9, 0xD2, 0xDF, 0xE9, 0xD2, 0x33, 0x00, 0x00, 0x00, 0x00, 0x00, 0x00,
    0x00, 0x00, 0x00, 0x00, 0x00, 0x00, 0x00, 0x00, 0x00, 0x00, 0x00, 0x00, 0xE9, 0xD2, 0x01, 0x00, 0x00, 0x00, 0x00, 0x00, 0x00, 0x00, 0x00, 0x00,
    0x00, 0x00, 0x00, 0xE9, 0xD2, 0xFB, 0xE9, 0xD2, 0xFF, 0xE9, 0xD2, 0x3F, 0x00, 0x00, 0x00, 0x00, 0x00, 0x00, 0x00, 0x00, 0x00, 0x00, 0x00, 0x00,
    0x00, 0x00, 0x00, 0x00, 0x00, 0x00, 0x00, 0x00, 0x00, 0x00, 0x00, 0x00, 0x00, 0x00, 0x00, 0xE9, 0xD2, 0x1F, 0xE9, 0xD2, 0xFF, 0xE9, 0xD2, 0x73,
    0xE9, 0xD2, 0xC3, 0xE9, 0xD2, 0xFF, 0xE9, 0xD2, 0x2F, 0xE9, 0xD2, 0xFF, 0xE9, 0xD2, 0x79, 0xE9, 0xD2, 0xAB, 0xE9, 0xD2, 0xAB, 0xE9, 0xD2, 0xAB,
    0xE9, 0xD2, 0xAB, 0xE9, 0xD2, 0xAB, 0xE9, 0xD2, 0xAB, 0xE9, 0xD2, 0xAB, 0xE9, 0xD2, 0xAB, 0xE9, 0xD2, 0xAB, 0xE9, 0xD2, 0x10, 0x00, 0x00, 0x00,
    0xE9, 0xD2, 0x19, 0xE9, 0xD2, 0xFF, 0xE9, 0xD2, 0xFF, 0xE9, 0xD2, 0x0E, 0x00, 0x00, 0x00, 0xE9, 0xD2, 0x0F, 0xE9, 0xD2, 0xFF, 0xE9, 0xD2, 0xFF,
    0xE9, 0xD2, 0xFF, 0xE9, 0xD2, 0xFF, 0xE9, 0xD2, 0xFF, 0xE9, 0xD2, 0xFF, 0xE9, 0xD2, 0xFF, 0xE9, 0xD2, 0x63, 0x00, 0x00, 0x00, 0x00, 0x00, 0x00,
    0x00, 0x00, 0x00, 0x00, 0x00, 0x00, 0x00, 0x00, 0x00, 0xE9, 0xD2, 0x01, 0xE9, 0xD2, 0x82, 0xE9, 0xD2, 0xFF, 0xE9, 0xD2, 0xFF, 0xE9, 0xD2, 0xE7,
    0xE9, 0xD2, 0x57, 0xE9, 0xD2, 0xFF, 0xE9, 0xD2, 0xFF, 0xE9, 0xD2, 0x2F, 0xE9, 0xD2, 0x58, 0xE9, 0xD2, 0xF7, 0xE9, 0xD2, 0xFF, 0xE9, 0xD2, 0xF7,
    0xE9, 0xD2, 0x56, 0x00, 0x00, 0x00, 0x00, 0x00, 0x00, 0x00, 0x00, 0x00, 0x00, 0x00, 0x00, 0x00, 0x00, 0x00, 0xE9, 0xD2, 0x79, 0xE9, 0xD2, 0xED,
    0xE9, 0xD2, 0xA4, 0x00, 0x00, 0x00, 0x00, 0x00, 0x00, 0xE9, 0xD2, 0xFB, 0xE9, 0xD2, 0xFF, 0xE9, 0xD2, 0x3F, 0x00, 0x00, 0x00, 0x00, 0x00, 0x00,
    0x00, 0x00, 0x00, 0x00, 0x00, 0x00, 0x00, 0x00, 0x00, 0x00, 0x00, 0x00, 0x00, 0x00, 0x00, 0x00, 0x00, 0x00, 0x00, 0x00, 0x00, 0xE9, 0xD2, 0x1F,
    0xE9, 0xD2, 0xFF, 0xE9, 0xD2, 0x73, 0xE9, 0xD2, 0xC3, 0xE9, 0xD2, 0xFF, 0xE9, 0xD2, 0x2F, 0xE9, 0xD2, 0xFF, 0xE9, 0xD2, 0x83, 0xE9, 0xD2, 0xFF,
    0xE9, 0xD2, 0xFF, 0xE9, 0xD2, 0xFF, 0xE9, 0xD2, 0xFF, 0xE9, 0xD2, 0xFF, 0xE9, 0xD2, 0xFF, 0xE9, 0xD2, 0xFF, 0xE9, 0xD2, 0xFF, 0xE9, 0xD2, 0xFF,
    0xE9, 0xD2, 0x17, 0x00, 0x00, 0x00, 0xE9, 0xD2, 0x2B, 0xE9, 0xD2, 0xFF, 0xE9, 0xD2, 0xF9, 0x00, 0x00, 0x00, 0x00, 0x00, 0x00, 0x00, 0x00, 0x00,
    0x00, 0x00, 0x00, 0x00, 0x00, 0x00, 0x00, 0x00, 0x00, 0x00, 0x00, 0x00, 0x00, 0x00, 0x00, 0x00, 0x00, 0x00, 0x00, 0x00, 0x00, 0xE9, 0xD2, 0x08,
    0x00, 0x00, 0x00, 0x00, 0x00, 0x00, 0x00, 0x00, 0x00, 0x00, 0x00, 0x00, 0xE9, 0xD2, 0x30, 0xE9, 0xD2, 0xC6, 0xE9, 0xD2, 0xFF, 0xE9, 0xD2, 0xFF,
    0xE9, 0xD2, 0xE1, 0xE9, 0xD2, 0x24, 0xE9, 0xD2, 0x2B, 0xE9, 0xD2, 0xFF, 0xE9, 0xD2, 0xFF, 0xE9, 0xD2, 0x2F, 0x00, 0x00, 0x00, 0xE9, 0xD2, 0x37,
    0xE9, 0xD2, 0xE8, 0xE9, 0xD2, 0xFF, 0xE9, 0xD2, 0xFE, 0xE9, 0xD2, 0x72, 0x00, 0x00, 0x00, 0x00, 0x00, 0x00, 0x00, 0x00, 0x00, 0x00, 0x00, 0x00,
    0xE9, 0xD2, 0xA2, 0xE9, 0xD2, 0xFF, 0xE9, 0xD2, 0x94, 0x00, 0x00, 0x00, 0x00, 0x00, 0x00, 0xE9, 0xD2, 0xFB, 0xE9, 0xD2, 0xFF, 0xE9, 0xD2, 0xFC,
    0xE9, 0xD2, 0xFB, 0xE9, 0xD2, 0xFB, 0xE9, 0xD2, 0xFB, 0xE9, 0xD2, 0xFB, 0xE9, 0xD2, 0xFB, 0xE9, 0xD2, 0x23, 0x00, 0x00, 0x00, 0x00, 0x00, 0x00,
    0x00, 0x00, 0x00, 0xE9, 0xD2, 0x1F, 0xE9, 0xD2, 0xFF, 0xE9, 0xD2, 0x73, 0xE9, 0xD2, 0xC3, 0xE9, 0xD2, 0xFF, 0xE9, 0xD2, 0x33, 0xE9, 0xD2, 0xFF,
    0xE9, 0xD2, 0x83, 0xE9, 0xD2, 0xFF, 0xE9, 0xD2, 0xC7, 0x00, 0x00, 0x00, 0xE9, 0xD2, 0x83, 0xE9, 0xD2, 0xFF, 0xE9, 0xD2, 0x4B, 0x00, 0x00, 0x00,
    0xE9, 0xD2, 0xE3, 0xE9, 0xD2, 0xFF, 0xE9, 0xD2, 0x17, 0x00, 0x00, 0x00, 0xE9, 0xD2, 0x3F, 0xE9, 0xD2, 0xFF, 0xE9, 0xD2, 0xE4, 0xE9, 0xD2, 0x5B,
    0xE9, 0xD2, 0xFF, 0xE9, 0xD2, 0xFF, 0xE9, 0xD2, 0xFF, 0xE9, 0xD2, 0xFF, 0xE9, 0xD2, 0xFF, 0xE9, 0xD2, 0xFF, 0xE9, 0xD2, 0xFF, 0xE9, 0xD2, 0xFF,
    0xE9, 0xD2, 0xFF, 0xE9, 0xD2, 0xFF, 0xE9, 0xD2, 0xB5, 0xE9, 0xD2, 0x03, 0x00, 0x00, 0x00, 0xE9, 0xD2, 0x29, 0xE9, 0xD2, 0xFB, 0xE9, 0xD2, 0xFF,
    0xE9, 0xD2, 0xFF, 0xE9, 0xD2, 0xC1, 0xE9, 0xD2, 0x1D, 0x00, 0x00, 0x00, 0xE9, 0xD2, 0x2B, 0xE9, 0xD2, 0xFF, 0xE9, 0xD2, 0xFF, 0xE9, 0xD2, 0x2F,
    0x00, 0x00, 0x00, 0x00, 0x00, 0x00, 0xE9, 0xD2, 0x25, 0xE9, 0xD2, 0xE1, 0xE9, 0xD2, 0xFF, 0xE9, 0xD2, 0xFF, 0xE9, 0xD2, 0x48, 0x00, 0x00, 0x00,
    0x00, 0x00, 0x00, 0x00, 0x00, 0x00, 0xE9, 0xD2, 0xDA, 0xE9, 0xD2, 0xFF, 0xE9, 0xD2, 0x8B, 0x00, 0x00, 0x00, 0x00, 0x00, 0x00, 0xE9, 0xD2, 0xFB,
    0xE9, 0xD2, 0xFF, 0xE9, 0xD2, 0xFF, 0xE9, 0xD2, 0xFF, 0xE9, 0xD2, 0xFF, 0xE9, 0xD2, 0xFF, 0xE9, 0xD2, 0xFF, 0xE9, 0xD2, 0xFF, 0xE9, 0xD2, 0x23,
    0x00, 0x00, 0x00, 0x00, 0x00, 0x00, 0x00, 0x00, 0x00, 0xE9, 0xD2, 0x1F, 0xE9, 0xD2, 0xFF, 0xE9, 0xD2, 0x73, 0xE9, 0xD2, 0xC3, 0xE9, 0xD2, 0xFF,
    0xE9, 0xD2, 0xE1, 0xE9, 0xD2, 0xFF, 0xE9, 0xD2, 0x72, 0xE9, 0xD2, 0xFF, 0xE9, 0xD2, 0xEA, 0xE9, 0xD2, 0x9F, 0xE9, 0xD2, 0xD1, 0xE9, 0xD2, 0xFF,
    0xE9, 0xD2, 0xBC, 0xE9, 0xD2, 0x9F, 0xE9, 0xD2, 0xF5, 0xE9, 0xD2, 0xFF, 0xE9, 0xD2, 0x17, 0x00, 0x00, 0x00, 0xE9, 0xD2, 0x66, 0xE9, 0xD2, 0xFF,
    0xE9, 0xD2, 0xC8, 0xE9, 0xD2, 0x3F, 0xE9, 0xD2, 0xB1, 0xE9, 0xD2, 0xEC, 0xE9, 0xD2, 0xFF, 0xE9, 0xD2, 0xCA, 0xE9, 0xD2, 0xAF, 0xE9, 0xD2, 0xAF,
    0xE9, 0xD2, 0xAF, 0xE9, 0xD2, 0xCF, 0xE9, 0xD2, 0xFF, 0xE9, 0xD2, 0xFF, 0xE9, 0xD2, 0x80, 0x00, 0x00, 0x00, 0x00, 0x00, 0x00, 0x00, 0x00, 0x00,
    0xE9, 0xD2, 0x92, 0xE9, 0xD2, 0xF5, 0xE9, 0xD2, 0x6D, 0xE9, 0xD2, 0x01, 0x00, 0x00, 0x00, 0x00, 0x00, 0x00, 0xE9, 0xD2, 0x2B, 0xE9, 0xD2, 0xFF,
    0xE9, 0xD2, 0xFF, 0xE9, 0xD2, 0x2F, 0x00, 0x00, 0x00, 0x00, 0x00, 0x00, 0x00, 0x00, 0x00, 0xE9, 0xD2, 0x20, 0xE9, 0xD2, 0xE6, 0xE9, 0xD2, 0x8D,
    0xE9, 0xD2, 0x01, 0x00, 0x00, 0x00, 0x00, 0x00, 0x00, 0xE9, 0xD2, 0x1E, 0xE9, 0xD2, 0xFF, 0xE9, 0xD2, 0xFF, 0xE9, 0xD2, 0xF4, 0xE9, 0xD2, 0x17,
    0x00, 0x00, 0x00, 0xE9, 0xD2, 0xFB, 0xE9, 0xD2, 0xFF, 0xE9, 0xD2, 0x3F, 0x00, 0x00, 0x00, 0x00, 0x00, 0x00, 0x00, 0x00, 0x00, 0x00, 0x00, 0x00,
    0x00, 0x00, 0x00, 0x00, 0x00, 0x00, 0x00, 0x00, 0x00, 0x00, 0x00, 0x00, 0x00, 0x00, 0x00, 0xE9, 0xD2, 0x1F, 0xE9, 0xD2, 0xFF, 0xE9, 0xD2, 0x73,
    0xE9, 0xD2, 0xC3, 0xE9, 0xD2, 0xFF, 0xE9, 0xD2, 0x85, 0xE9, 0xD2, 0xA0, 0xE9, 0xD2, 0x27, 0xE9, 0xD2, 0xFF, 0xE9, 0xD2, 0xFF, 0xE9, 0xD2, 0xFF,
    0xE9, 0xD2, 0xFF, 0xE9, 0xD2, 0xFF, 0xE9, 0xD2, 0xFF, 0xE9, 0xD2, 0xFF, 0xE9, 0xD2, 0xFF, 0xE9, 0xD2, 0xFF, 0xE9, 0xD2, 0x17, 0x00, 0x00, 0x00,
    0xE9, 0xD2, 0x91, 0xE9, 0xD2, 0xFF, 0xE9, 0xD2, 0x9B, 0x00, 0x00, 0x00, 0xE9, 0xD2, 0x03, 0xE9, 0xD2, 0xA1, 0xE9, 0xD2, 0xFF, 0xE9, 0xD2, 0xEF,
    0xE9, 0xD2, 0x5D, 0xE9, 0xD2, 0x01, 0xE9, 0xD2, 0x68, 0xE9, 0xD2, 0xF3, 0xE9, 0xD2, 0xFF, 0xE9, 0xD2, 0xBE, 0xE9, 0xD2, 0x04, 0x00, 0x00, 0x00,
    0x00, 0x00, 0x00, 0x00, 0x00, 0x00, 0xE9, 0xD2, 0x07, 0xE9, 0xD2, 0x21, 0x00, 0x00, 0x00, 0x00, 0x00, 0x00, 0x00, 0x00, 0x00, 0x00, 0x00, 0x00,
    0xE9, 0xD2, 0x2B, 0xE9, 0xD2, 0xFF, 0xE9, 0xD2, 0xFF, 0xE9, 0xD2, 0x2F, 0x00, 0x00, 0x00, 0x00, 0x00, 0x00, 0x00, 0x00, 0x00, 0x00, 0x00, 0x00,
    0xE9, 0xD2, 0x16, 0x00, 0x00, 0x00, 0x00, 0x00, 0x00, 0x00, 0x00, 0x00, 0x00, 0x00, 0x00, 0xE9, 0xD2, 0x77, 0xE9, 0xD2, 0xFF, 0xE9, 0xD2, 0xFF,
    0xE9, 0xD2, 0xFF, 0xE9, 0xD2, 0xAD, 0xE9, 0xD2, 0x04, 0xE9, 0xD2, 0xFB, 0xE9, 0xD2, 0xFF, 0xE9, 0xD2, 0x3F, 0x00, 0x00, 0x00, 0x00, 0x00, 0x00,
    0x00, 0x00, 0x00, 0x00, 0x00, 0x00, 0x00, 0x00, 0x00, 0x00, 0x00, 0x00, 0x00, 0x00, 0x00, 0x00, 0x00, 0x00, 0x00, 0x00, 0x00, 0x00, 0x00, 0x00,
    0xE9, 0xD2, 0x07, 0xE9, 0xD2, 0x03, 0xE9, 0xD2, 0xC3, 0xE9, 0xD2, 0xFF, 0xE9, 0xD2, 0x0B, 0x00, 0x00, 0x00, 0xE9, 0xD2, 0x1F, 0xE9, 0xD2, 0xFF,
    0xE9, 0xD2, 0xC7, 0x00, 0x00, 0x00, 0xE9, 0xD2, 0x83, 0xE9, 0xD2, 0xFF, 0xE9, 0xD2, 0x4B, 0x00, 0x00, 0x00, 0xE9, 0xD2, 0xE3, 0xE9, 0xD2, 0xFF,
    0xE9, 0xD2, 0x17, 0x00, 0x00, 0x00, 0xE9, 0xD2, 0xC6, 0xE9, 0xD2, 0xFF, 0xE9, 0xD2, 0x6F, 0x00, 0x00, 0x00, 0x00, 0x00, 0x00, 0xE9, 0xD2, 0x02,
    0xE9, 0xD2, 0x9B, 0xE9, 0xD2, 0xFF, 0xE9, 0xD2, 0xFF, 0xE9, 0xD2, 0xE1, 0xE9, 0xD2, 0xFF, 0xE9, 0xD2, 0xFF, 0xE9, 0xD2, 0xA5, 0xE9, 0xD2, 0x07,
    0x00, 0x00, 0x00, 0x00, 0x00, 0x00, 0x00, 0x00, 0x00, 0x00, 0x00, 0x00, 0x00, 0x00, 0x00, 0x00, 0x00, 0x00, 0x00, 0x00, 0x00, 0x00, 0x00, 0x00,
    0x00, 0x00, 0x00, 0x00, 0x00, 0x00, 0xE9, 0xD2, 0x2B, 0xE9, 0xD2, 0xFF, 0xE9, 0xD2, 0xFF, 0xE9, 0xD2, 0x2F, 0x00, 0x00, 0x00, 0x00, 0x00, 0x00,
    0x00, 0x00, 0x00, 0x00, 0x00, 0x00, 0x00, 0x00, 0x00, 0x00, 0x00, 0x00, 0x00, 0x00, 0x00, 0x00, 0x00, 0x00, 0xE9, 0xD2, 0x04, 0xE9, 0xD2, 0xE3,
    0xE9, 0xD2, 0xFF, 0xE9, 0xD2, 0xA6, 0xE9, 0xD2, 0xF5, 0xE9, 0xD2, 0xFF, 0xE9, 0xD2, 0xB1, 0xE9, 0xD2, 0xFC, 0xE9, 0xD2, 0xFF, 0xE9, 0xD2, 0x3F,
    0x00, 0x00, 0x00, 0x00, 0x00, 0x00, 0x00, 0x00, 0x00, 0x00, 0x00, 0x00, 0x00, 0x00, 0x00, 0x00, 0x00, 0x00, 0x00, 0x00, 0x00, 0x00, 0x00, 0x00,
    0x00, 0x00, 0x00, 0x00, 0x00, 0x00, 0x00, 0x00, 0x00, 0x00, 0x00, 0x00, 0xE9, 0xD2, 0xC3, 0xE9, 0xD2, 0xFF, 0xE9, 0xD2, 0x0B, 0x00, 0x00, 0x00,
    0xE9, 0xD2, 0x1F, 0xE9, 0xD2, 0xFF, 0xE9, 0xD2, 0xED, 0xE9, 0xD2, 0xAB, 0xE9, 0xD2, 0xD7, 0xE9, 0xD2, 0xFF, 0xE9, 0xD2, 0xC4, 0xE9, 0xD2, 0xAB,
    0xE9, 0xD2, 0xF6, 0xE9, 0xD2, 0xFF, 0xE9, 0xD2, 0x17, 0xE9, 0xD2, 0x1D, 0xE9, 0xD2, 0xFE, 0xE9, 0xD2, 0xFF, 0xE9, 0xD2, 0x40, 0xE9, 0xD2, 0x4A,
    0xE9, 0xD2, 0x73, 0xE9, 0xD2, 0x9C, 0xE9, 0xD2, 0xC6, 0xE9, 0xD2, 0xFF, 0xE9, 0xD2, 0xFF, 0xE9, 0xD2, 0xFF, 0xE9, 0xD2, 0xFF, 0xE9, 0xD2, 0xFF,
    0xE9, 0xD2, 0xC4, 0xE9, 0xD2, 0x9A, 0xE9, 0xD2, 0x71, 0xE9, 0xD2, 0x48, 0xE9, 0xD2, 0x13, 0x00, 0x00, 0x00, 0x00, 0x00, 0x00, 0x00, 0x00, 0x00,
    0x00, 0x00, 0x00, 0x00, 0x00, 0x00, 0x00, 0x00, 0x00, 0x00, 0x00, 0x00, 0xE9, 0xD2, 0x2B, 0xE9, 0xD2, 0xFF, 0xE9, 0xD2, 0xFF, 0xE9, 0xD2, 0x2F,
    0x00, 0x00, 0x00, 0x00, 0x00, 0x00, 0x00, 0x00, 0x00, 0x00, 0x00, 0x00, 0x00, 0x00, 0x00, 0x00, 0x00, 0x00, 0x00, 0x00, 0x00, 0x00, 0x00, 0x00,
    0xE9, 0xD2, 0x7E, 0xE9, 0xD2, 0xFF, 0xE9, 0xD2, 0xF4, 0xE9, 0xD2, 0x13, 0xE9, 0xD2, 0x54, 0xE9, 0xD2, 0xFE, 0xE9, 0xD2, 0xFF, 0xE9, 0xD2, 0xFF,
    0xE9, 0xD2, 0xFF, 0xE9, 0xD2, 0x75, 0xE9, 0xD2, 0x32, 0xE9, 0xD2, 0x1C, 0xE9, 0xD2, 0x0F, 0xE9, 0xD2, 0x0D, 0xE9, 0xD2, 0x0F, 0xE9, 0xD2, 0x10,
    0xE9, 0xD2, 0x09, 0x00, 0x00, 0x00, 0x00, 0x00, 0x00, 0x00, 0x00, 0x00, 0x00, 0x00, 0x00, 0x00, 0x00, 0x00, 0xE9, 0xD2, 0xC3, 0xE9, 0xD2, 0xFF,
    0xE9, 0xD2, 0x0B, 0x00, 0x00, 0x00, 0xE9, 0xD2, 0x1F, 0xE9, 0xD2, 0xFF, 0xE9, 0xD2, 0xFF, 0xE9, 0xD2, 0xFF, 0xE9, 0xD2, 0xFF, 0xE9, 0xD2, 0xFF,
    0xE9, 0xD2, 0xFF, 0xE9, 0xD2, 0xFF, 0xE9, 0xD2, 0xFF, 0xE9, 0xD2, 0xFF, 0xE9, 0xD2, 0x17, 0xE9, 0xD2, 0x6D, 0xE9, 0xD2, 0xFF, 0xE9, 0xD2, 0xDF,
    0xE9, 0xD2, 0x09, 0xE9, 0xD2, 0xE9, 0xE9, 0xD2, 0xFF, 0xE9, 0xD2, 0xFF, 0xE9, 0xD2, 0xFF, 0xE9, 0xD2, 0xF8, 0xE9, 0xD2, 0xB6, 0xE9, 0xD2, 0x8A,
    0xE9, 0xD2, 0xD6, 0xE9, 0xD2, 0xFF, 0xE9, 0xD2, 0xFF, 0xE9, 0xD2, 0xFF, 0xE9, 0xD2, 0xFF, 0xE9, 0xD2, 0xEE, 0xE9, 0xD2, 0x1D, 0x00, 0x00, 0x00,
    0x00, 0x00, 0x00, 0x00, 0x00, 0x00, 0x00, 0x00, 0x00, 0x00, 0x00, 0x00, 0x00, 0x00, 0x00, 0x00, 0x00, 0x00, 0xE9, 0xD2, 0x2B, 0xE9, 0xD2, 0xFF,
    0xE9, 0xD2, 0xFF, 0xE9, 0xD2, 0x2F, 0x00, 0x00, 0x00, 0x00, 0x00, 0x00, 0x00, 0x00, 0x00, 0x00, 0x00, 0x00, 0x00, 0x00, 0x00, 0x00, 0x00, 0x00,
    0x00, 0x00, 0x00, 0xE9, 0xD2, 0x2B, 0xE9, 0xD2, 0xFD, 0xE9, 0xD2, 0xFF, 0xE9, 0xD2, 0x82, 0x00, 0x00, 0x00, 0x00, 0x00, 0x00, 0xE9, 0xD2, 0x50,
    0xE9, 0xD2, 0xE1, 0xE9, 0xD2, 0xFF, 0xE9, 0xD2, 0xFF, 0xE9, 0xD2, 0xFF, 0xE9, 0xD2, 0xFF, 0xE9, 0xD2, 0xFF, 0xE9, 0xD2, 0xFF, 0xE9, 0xD2, 0xFF,
    0xE9, 0xD2, 0xFF, 0xE9, 0xD2, 0xFF, 0xE9, 0xD2, 0x43, 0x00, 0x00, 0x00, 0x00, 0x00, 0x00, 0x00, 0x00, 0x00, 0x00, 0x00, 0x00, 0x00, 0x00, 0x00,
    0xE9, 0xD2, 0xB7, 0xE9, 0xD2, 0xEF, 0xE9, 0xD2, 0x0B, 0x00, 0x00, 0x00, 0xE9, 0xD2, 0x17, 0xE9, 0xD2, 0xBB, 0xE9, 0xD2, 0x92, 0x00, 0x00, 0x00,
    0x00, 0x00, 0x00, 0x00, 0x00, 0x00, 0x00, 0x00, 0x00, 0x00, 0x00, 0x00, 0xE9, 0xD2, 0xA0, 0xE9, 0xD2, 0xB3, 0xE9, 0xD2, 0x10, 0xE9, 0xD2, 0x03,
    0xE9, 0xD2, 0x59, 0xE9, 0xD2, 0x6F, 0x00, 0x00, 0x00, 0xE9, 0xD2, 0x69, 0xE9, 0xD2, 0xA3, 0xE9, 0xD2, 0x78, 0xE9, 0xD2, 0x4A, 0xE9, 0xD2, 0x0B,
    0x00, 0x00, 0x00, 0x00, 0x00, 0x00, 0x00, 0x00, 0x00, 0xE9, 0xD2, 0x2C, 0xE9, 0xD2, 0x71, 0xE9, 0xD2, 0x9D, 0xE9, 0xD2, 0xC8, 0xE9, 0xD2, 0x6C,
    0x00, 0x00, 0x00, 0x00, 0x00, 0x00, 0x00, 0x00, 0x00, 0x00, 0x00, 0x00, 0x00, 0x00, 0x00, 0x00, 0x00, 0x00, 0x00, 0x00, 0x00, 0x00, 0x00, 0x00,
    0xE9, 0xD2, 0x27, 0xE9, 0xD2, 0xE7, 0xE9, 0xD2, 0xE7, 0xE9, 0xD2, 0x2B, 0x00, 0x00, 0x00, 0x00, 0x00, 0x00, 0x00, 0x00, 0x00, 0x00, 0x00, 0x00,
    0x00, 0x00, 0x00, 0x00, 0x00, 0x00, 0x00, 0x00, 0x00, 0x00, 0x00, 0x00, 0xE9, 0xD2, 0x7B, 0xE9, 0xD2, 0xA7, 0xE9, 0xD2, 0x01, 0x00, 0x00, 0x00,
    0x00, 0x00, 0x00, 0x00, 0x00, 0x00, 0xE9, 0xD2, 0x0A, 0xE9, 0xD2, 0x62, 0xE9, 0xD2, 0xA2, 0xE9, 0xD2, 0xD9, 0xE9, 0xD2, 0xEB, 0xE9, 0xD2, 0xF9,
    0xE9, 0xD2, 0xFF, 0xE9, 0xD2, 0xFF, 0xE9, 0xD2, 0xFF, 0xE9, 0xD2, 0xE7, 0xE9, 0xD2, 0x01, 0x00, 0x00, 0x00, 0x00, 0x00, 0x00, 0x00, 0x00, 0x00,
    0x00, 0x00, 0x00, 0x00, 0x00, 0x00, 0x00, 0x00, 0x00, 0x00, 0x00, 0x00, 0x00, 0x00, 0x00, 0x00, 0x00, 0x00, 0x00, 0x00, 0x00, 0x00, 0x00, 0x00,
    0x00, 0x00, 0x00, 0x00, 0x00, 0x00, 0x00, 0x00, 0x00, 0x00, 0x00, 0x00, 0x00, 0x00, 0x00, 0x00, 0x00, 0x00, 0x00, 0x00, 0x00, 0x00, 0x00, 0x00,
    0x00, 0x00, 0x00, 0x00, 0x00, 0x00, 0x00, 0x00, 0x00, 0x00, 0x00, 0x00, 0x00, 0x00, 0x00, 0x00, 0x00, 0x00, 0x00, 0x00, 0x00, 0x00, 0x00, 0x00,
    0x00, 0x00, 0x00, 0x00, 0x00, 0x00, 0x00, 0x00, 0x00, 0x00, 0x00, 0x00, 0x00, 0x00, 0x00, 0x00, 0x00, 0x00, 0x00, 0x00, 0x00, 0x00, 0x00, 0x00,
    0x00, 0x00, 0x00, 0x00, 0x00, 0x00, 0x00, 0x00, 0x00, 0x00, 0x00, 0x00, 0x00, 0x00, 0x00, 0x00, 0x00, 0x00, 0x00, 0x00, 0x00, 0x00, 0x00, 0x00,
    0x00, 0x00, 0x00, 0x00, 0x00, 0x00, 0x00, 0x00, 0x00, 0x00, 0x00, 0x00, 0x00, 0x00, 0x00, 0x00, 0x00, 0x00, 0x00, 0x00, 0x00, 0x00, 0x00, 0x00,
    0x00, 0x00, 0x00, 0x00, 0x00, 0x00, 0x00, 0x00, 0x00, 0x00, 0x00, 0x00, 0x00, 0x00, 0x00, 0x00, 0x00, 0x00, 0x00, 0x00, 0x00, 0xE9, 0xD2, 0x01,
    0x00, 0x00, 0x00, 0x00, 0x00, 0x00, 0x00, 0x00, 0x00, 0x00, 0x00, 0x00, 0x00, 0x00, 0x00, 0x00, 0x00, 0x00, 0x00, 0x00, 0x00, 0x00, 0x00, 0x00,
    0x00, 0x00, 0x00, 0x00, 0x00, 0x00, 0x00, 0x00, 0x00, 0x00, 0x00, 0x00, 0x00, 0x00, 0x00, 0x00, 0x00, 0x00, 0x00, 0x00, 0x00, 0x00, 0x00, 0x00,
    0x00, 0x00, 0x00, 0x00, 0x00, 0x00, 0x00, 0x00, 0x00, 0x00, 0x00, 0x00, 0x00, 0x00, 0x00, 0x00, 0x00, 0x00, 0x00, 0x00, 0x00, 0x00, 0x00, 0x00,
    0x00, 0x00, 0x00, 0x00, 0x00, 0x00, 0x00, 0x00, 0x00, 0x00, 0x00, 0x00, 0x00, 0x00, 0x00, 0x00, 0x00, 0x00, 0x00, 0x00, 0x00, 0x00, 0x00, 0x00,
    0x00, 0x00, 0x00, 0x00, 0x00, 0x00, 0x00, 0x00, 0x00, 0x00, 0x00, 0x00, 0x00, 0x00, 0x00, 0x00, 0x00, 0x00, 0x00, 0x00, 0x00, 0x00, 0x00, 0x00,
    0x00, 0x00, 0x00, 0x00, 0x00, 0x00, 0x00, 0x00, 0x00, 0x00, 0x00, 0x00, 0x00, 0x00, 0x00, 0x00, 0x00, 0x00, 0x00, 0x00, 0x00, 0x00, 0x00, 0x00,
    0x00, 0x00, 0x00, 0x00, 0x00, 0x00, 0x00, 0x00, 0x00, 0x00, 0x00, 0x00, 0x00, 0x00, 0x00, 0x00, 0x00, 0x00, 0x00, 0x00, 0x00, 0x00, 0x00, 0x00,
    0x00, 0x00, 0x00, 0x00, 0x00, 0x00, 0x00, 0x00, 0x00, 0x00, 0x00, 0x00, 0x00, 0x00, 0x00, 0x00, 0x00, 0x00, 0x00, 0x00, 0x00, 0x00, 0x00, 0x00,
    0x00, 0x00, 0x00, 0x00, 0x00, 0x00, 0x00, 0x00, 0x00, 0x00, 0x00, 0x00, 0x00, 0x00, 0x00, 0x00, 0x00, 0x00, 0x00, 0x00, 0x00, 0x00, 0x00, 0x00,
    0x00, 0x00, 0x00, 0x00, 0x00, 0x00, 0x00, 0x00, 0x00, 0x00, 0x00, 0x00, 0x00, 0x00, 0x00, 0x00, 0x00, 0x00, 0x00, 0x00, 0x00, 0x00, 0x00, 0x00,
    0x00, 0x00, 0x00, 0x00, 0x00, 0x00, 0x00, 0x00, 0x00, 0x00, 0x00, 0x00, 0x00, 0x00, 0x00, 0x00, 0x00, 0x00, 0x00, 0x00, 0x00, 0x00, 0x00, 0x00,
    0x00, 0x00, 0x00, 0x00, 0x00, 0x00, 0x00, 0x00, 0x00, 0x00, 0x00, 0x00, 0x00, 0x00, 0x00, 0x00, 0x00, 0x00, 0x00, 0x00, 0x00, 0x00, 0x00, 0x00,
    0x00, 0x00, 0x00, 0x00, 0x00, 0x00, 0x00, 0x00, 0x00, 0x00, 0x00, 0x00, 0x00, 0x00, 0x00, 0x00, 0x00, 0x00, 0x00, 0x00, 0x00, 0x00, 0x00, 0x00,
    0x00, 0x00, 0x00, 0x00, 0x00, 0x00, 0x00, 0x00, 0x00, 0x00, 0x00, 0x00, 0x00, 0x00, 0x00, 0x00, 0x00, 0x00, 0x00, 0x00, 0x00, 0x00, 0x00, 0x00,
    0x00, 0x00, 0x00, 0x00, 0x00, 0x00, 0x00, 0x00, 0x00, 0x00, 0x00, 0x00, 0x00, 0x00, 0x00, 0x00, 0x00, 0x00, 0x00, 0x00, 0x00, 0x00, 0x00, 0x00,
    0x00, 0x00, 0x00, 0x00, 0x00, 0x00, 0x00, 0x00, 0x00, 0x00, 0x00, 0x00, 0x00, 0x00, 0x00, 0x00, 0x00, 0x00, 0x00, 0x00, 0x00, 0x00, 0x00, 0x00,
    0x00, 0x00, 0x00, 0x00, 0x00, 0x00, 0x00, 0x00, 0x00, 0x00, 0x00, 0x00, 0x00, 0x00, 0x00, 0x00, 0x00, 0x00, 0x00, 0x00, 0x00, 0x00, 0x00, 0x00,
    0x00, 0x00, 0x00, 0x00, 0x00, 0x00, 0x00, 0x00, 0x00, 0x00, 0x00, 0x00, 0x00, 0x00, 0x00, 0x00, 0x00, 0x00, 0x00, 0x00, 0x00, 0x00, 0x00, 0x00,
    0x00, 0x00, 0x00, 0x00, 0x00, 0x00, 0x00, 0x00, 0x00, 0x00, 0x00, 0x00, 0x00, 0x00, 0x00, 0x00, 0x00, 0x00, 0x00, 0x00, 0x00, 0x00, 0x00, 0x00,
    0x00, 0x00, 0x00, 0x00, 0x00, 0x00, 0x00, 0x00, 0x00, 0x00, 0x00, 0x00, 0x00, 0x00, 0x00, 0x00, 0x00, 0x00, 0x00, 0x00, 0x00, 0x00, 0x00, 0x00,
    0x00, 0x00, 0x00, 0x00, 0x00, 0x00, 0x00, 0x00, 0x00, 0x00, 0x00, 0x00, 0x00, 0x00, 0x00, 0x00, 0x00, 0x00, 0x00, 0x00, 0x00, 0x00, 0x00, 0x00,
    0x00, 0x00, 0x00, 0x00, 0x00, 0x00, 0x00, 0x00, 0x00, 0x00, 0x00, 0x00, 0x00, 0x00, 0x00, 0x00, 0x00, 0x00, 0x00, 0x00, 0x00, 0x00, 0x00, 0x00,
    0x00, 0x00, 0x00, 0x00, 0x00, 0x00, 0x00, 0x00, 0x00, 0x00, 0x00, 0x00, 0x00, 0x00, 0x00, 0x00, 0x00, 0x00, 0x00, 0x00, 0x00, 0x00, 0x00, 0x00,
    0x00, 0x00, 0x00, 0x00, 0x00, 0x00, 0x00, 0x00, 0x00, 0x00, 0x00, 0x00, 0x00, 0x00, 0x00, 0x00, 0x00, 0x00, 0x00, 0x00, 0x00, 0x00, 0x00, 0x00,
    0x00, 0x00, 0x00, 0x00, 0x00, 0x00, 0x00, 0x00, 0x00, 0x00, 0x00, 0x00, 0x00, 0x00, 0x00, 0x00, 0x00, 0x00, 0x00, 0x00, 0x00, 0x00, 0x00, 0x00,
    0x00, 0x00, 0x00, 0x00, 0x00, 0x00, 0x00, 0x00, 0x00, 0x00, 0x00, 0x00, 0x00, 0x00, 0x00, 0x00, 0x00, 0x00, 0x00, 0x00, 0x00, 0x00, 0x00, 0x00,
    0x00, 0x00, 0x00, 0x00, 0x00, 0x00, 0x00, 0x00, 0x00, 0x00, 0x00, 0x00, 0x00, 0x00, 0x00, 0x00, 0x00, 0x00, 0x00, 0x00, 0x00, 0x00, 0x00, 0x00,
    0x00, 0x00, 0x00, 0x00, 0x00, 0x00, 0x00, 0x00, 0x00, 0x00, 0x00, 0x00, 0x00, 0x00, 0x00, 0x00, 0x00, 0x00, 0x00, 0x00, 0x00, 0x00, 0x00, 0x00,
    0x00, 0x00, 0x00, 0x00, 0x00, 0x00, 0x00, 0x00, 0x00, 0x00, 0x00, 0x00, 0x00, 0x00, 0x00, 0x00, 0x00, 0x00, 0x00, 0x00, 0x00, 0x00, 0x00, 0x00,
    0x00, 0x00, 0x00, 0x00, 0x00, 0x00, 0x00, 0x00, 0x00, 0x00, 0x00, 0x00, 0x00, 0x00, 0x00, 0x00, 0x00, 0x00, 0x00, 0x00, 0x00, 0x00, 0x00, 0x00,
    0x00, 0x00, 0x00, 0x00, 0x00, 0x00, 0x00, 0x00, 0x00, 0x00, 0x00, 0x00, 0x00, 0x00, 0x00, 0x00, 0x00, 0x00, 0x00, 0x00, 0x00, 0x00, 0x00, 0x00,
    0x00, 0x00, 0x00, 0x00, 0x00, 0x00, 0x00, 0x00, 0x00, 0x00, 0x00, 0x00, 0x00, 0x00, 0x00, 0x00, 0x00, 0x00, 0x00, 0x00, 0x00, 0x00, 0x00, 0x00,
    0x00, 0x00, 0x00, 0x00, 0x00, 0x00, 0x00, 0x00, 0x00, 0x00, 0x00, 0x00, 0x00, 0x00, 0x00, 0x00, 0x00, 0x00, 0x00, 0x00, 0x00, 0x00, 0x00, 0x00,
    0x00, 0x00, 0x00, 0x00, 0x00, 0x00, 0x00, 0x00, 0x00, 0x00, 0x00, 0x00, 0x00, 0x00, 0x00, 0x00, 0x00, 0x00, 0x00, 0x00, 0x00, 0x00, 0x00, 0x00,
    0x00, 0x00, 0x00, 0x00, 0x00, 0x00, 0x00, 0x00, 0x00, 0x00, 0x00, 0x00, 0x00, 0x00, 0x00, 0x00, 0x00, 0x00, 0x00, 0x00, 0x00, 0x00, 0x00, 0x00,
    0x00, 0x00, 0x00, 0x00, 0x00, 0x00, 0x00, 0x00, 0x00, 0x00, 0x00, 0x00, 0x00, 0x00, 0x00, 0x00, 0x00, 0x00, 0x00, 0x00, 0x00, 0x00, 0x00, 0x00,
    0x00, 0x00, 0x00, 0x00, 0x00, 0x00, 0x00, 0x00, 0x00, 0x00, 0x00, 0x00, 0x00, 0x00, 0x00, 0x00, 0x00, 0x00, 0x00, 0x00, 0x00, 0x00, 0x00, 0x00,
    0x00, 0x00, 0x00, 0x00, 0x00, 0x00, 0x00, 0x00, 0x00, 0x00, 0x00, 0x00, 0x00, 0x00, 0x00, 0x00, 0x00, 0x00, 0x00, 0x00, 0x00, 0x00, 0x00, 0x00,
    0x00, 0x00, 0x00, 0x00, 0x00, 0x00, 0x00, 0x00, 0x00, 0x00, 0x00, 0x00, 0x00, 0x00, 0x00, 0x00, 0x00, 0x00, 0x00, 0x00, 0x00, 0x00, 0x00, 0x00,
};
const lv_img_dsc_t rehab_feedback_rom_low = {
    .header.always_zero = 0,
    .header.w = 74,
    .header.h = 24,
    .data_size = 5328,
    .header.cf = LV_IMG_CF_TRUE_COLOR_ALPHA,
    .data = rehab_feedback_rom_low_map,
};

#ifndef LV_ATTRIBUTE_IMG_REHAB_FEEDBACK_UPPER
#define LV_ATTRIBUTE_IMG_REHAB_FEEDBACK_UPPER
#endif
const LV_ATTRIBUTE_MEM_ALIGN LV_ATTRIBUTE_LARGE_CONST LV_ATTRIBUTE_IMG_REHAB_FEEDBACK_UPPER uint8_t rehab_feedback_upper_map[] = {
    0x00, 0x00, 0x00, 0x00, 0x00, 0x00, 0x00, 0x00, 0x00, 0x00, 0x00, 0x00, 0x00, 0x00, 0x00, 0x00, 0x00, 0x00, 0x00, 0x00, 0x00, 0x00, 0x00, 0x00,
    0x00, 0x00, 0x00, 0x00, 0x00, 0x00, 0x00, 0x00, 0x00, 0x00, 0x00, 0x00, 0x00, 0x00, 0x00, 0x00, 0x00, 0x00, 0x00, 0x00, 0x00, 0x00, 0x00, 0x00,
    0x00, 0x00, 0x00, 0x00, 0x00, 0x00, 0x00, 0x00, 0x00, 0x00, 0x00, 0x00, 0x00, 0x00, 0x00, 0x00, 0x00, 0x00, 0x00, 0x00, 0x00, 0x00, 0x00, 0x00,
    0x00, 0x00, 0x00, 0x00, 0x00, 0x00, 0x00, 0x00, 0x00, 0x00, 0x00, 0x00, 0x00, 0x00, 0x00, 0x00, 0x00, 0x00, 0x00, 0x00, 0x00, 0x00, 0x00, 0x00,
    0x00, 0x00, 0x00, 0x00, 0x00, 0x00, 0x00, 0x00, 0x00, 0x00, 0x00, 0x00, 0x00, 0x00, 0x00, 0x00, 0x00, 0x00, 0x00, 0x00, 0x00, 0x00, 0x00, 0x00,
    0x00, 0x00, 0x00, 0x00, 0x00, 0x00, 0x00, 0x00, 0x00, 0x00, 0x00, 0x00, 0x00, 0x00, 0x00, 0x00, 0x00, 0x00, 0x00, 0x00, 0x00, 0x00, 0x00, 0x00,
    0x00, 0x00, 0x00, 0x00, 0x00, 0x00, 0x00, 0x00, 0x00, 0x00, 0x00, 0x00, 0x00, 0x00, 0x00, 0x00, 0x00, 0x00, 0x00, 0x00, 0x00, 0x00, 0x00, 0x00,
    0x00, 0x00, 0x00, 0x00, 0x00, 0x00, 0x00, 0x00, 0x00, 0x00, 0x00, 0x00, 0x00, 0x00, 0x00, 0x00, 0x00, 0x00, 0x00, 0x00, 0x00, 0x00, 0x00, 0x00,
    0x00, 0x00, 0x00, 0x00, 0x00, 0x00, 0x00, 0x00, 0x00, 0x00, 0x00, 0x00, 0x00, 0x00, 0x00, 0x00, 0x00, 0x00, 0x00, 0x00, 0x00, 0x00, 0x00, 0x00,
    0x00, 0x00, 0x00, 0x00, 0x00, 0x00, 0x00, 0x00, 0x00, 0x00, 0x00, 0x00, 0x00, 0x00, 0x00, 0x00, 0x00, 0x00, 0x00, 0x00, 0x00, 0x00, 0x00, 0x00,
    0x00, 0x00, 0x00, 0x00, 0x00, 0x00, 0x00, 0x00, 0x00, 0x00, 0x00, 0x00, 0x00, 0x00, 0x00, 0x00, 0x00, 0x00, 0x00, 0x00, 0x00, 0x00, 0x00, 0x00,
    0x00, 0x00, 0x00, 0x00, 0x00, 0x00, 0x00, 0x00, 0x00, 0x00, 0x00, 0x00, 0x00, 0x00, 0x00, 0x00, 0x00, 0x00, 0x00, 0x00, 0x00, 0x00, 0x00, 0x00,
    0x00, 0x00, 0x00, 0x00, 0x00, 0x00, 0x00, 0x00, 0x00, 0x00, 0x00, 0x00, 0x00, 0x00, 0x00, 0x00, 0x00, 0x00, 0x00, 0x00, 0x00, 0x00, 0x00, 0x00,
    0x00, 0x00, 0x00, 0x00, 0x00, 0x00, 0x00, 0x00, 0x00, 0x00, 0x00, 0x00, 0x00, 0x00, 0x00, 0x00, 0x00, 0x00, 0x00, 0x00, 0x00, 0x00, 0x00, 0x00,
    0x00, 0x00, 0x00, 0x00, 0x00, 0x00, 0x00, 0x00, 0x00, 0x00, 0x00, 0x00, 0x00, 0x00, 0x00, 0x00, 0x00, 0x00, 0x00, 0x00, 0x00, 0x00, 0x00, 0x00,
    0x00, 0x00, 0x00, 0x00, 0x00, 0x00, 0x00, 0x00, 0x00, 0x00, 0x00, 0x00, 0x00, 0x00, 0x00, 0x00, 0x00, 0x00, 0x00, 0x00, 0x00, 0x00, 0x00, 0x00,
    0x00, 0x00, 0x00, 0x00, 0x00, 0x00, 0x00, 0x00, 0x00, 0x00, 0x00, 0x00, 0x00, 0x00, 0x00, 0x00, 0x00, 0x00, 0x00, 0x00, 0x00, 0x00, 0x00, 0x00,
    0x00, 0x00, 0x00, 0x00, 0x00, 0x00, 0x00, 0x00, 0x00, 0x00, 0x00, 0x00, 0x00, 0x00, 0x00, 0x00, 0x00, 0x00, 0x00, 0x00, 0x00, 0x00, 0x00, 0x00,
    0x00, 0x00, 0x00, 0x00, 0x00, 0x00, 0x00, 0x00, 0x00, 0x00, 0x00, 0x00, 0x00, 0x00, 0x00, 0x00, 0x00, 0x00, 0x00, 0x00, 0x00, 0x00, 0x00, 0x00,
    0x00, 0x00, 0x00, 0x00, 0x00, 0x00, 0x00, 0x00, 0x00, 0x00, 0x00, 0x00, 0xE9, 0xD2, 0x80, 0xE9, 0xD2, 0xAB, 0xE9, 0xD2, 0x63, 0x00, 0x00, 0x00,
    0x00, 0x00, 0x00, 0x00, 0x00, 0x00, 0x00, 0x00, 0x00, 0x00, 0x00, 0x00, 0x00, 0x00, 0x00, 0x00, 0x00, 0x00, 0x00, 0x00, 0x00, 0x00, 0x00, 0x00,
    0xE9, 0xD2, 0x1A, 0xE9, 0xD2, 0x3F, 0xE9, 0xD2, 0x3F, 0xE9, 0xD2, 0x3F, 0xE9, 0xD2, 0x3F, 0xE9, 0xD2, 0x3F, 0xE9, 0xD2, 0x3F, 0xE9, 0xD2, 0x21,
    0x00, 0x00, 0x00, 0x00, 0x00, 0x00, 0xE9, 0xD2, 0x22, 0xE9, 0xD2, 0xD6, 0xE9, 0xD2, 0xDC, 0xE9, 0xD2, 0x04, 0x00, 0x00, 0x00, 0x00, 0x00, 0x00,
    0x00, 0x00, 0x00, 0x00, 0x00, 0x00, 0x00, 0x00, 0x00, 0x00, 0x00, 0x00, 0x00, 0x00, 0x00, 0x00, 0x00, 0x00, 0x00, 0x00, 0x00, 0x00, 0x00, 0x00,
    0x00, 0x00, 0x00, 0x00, 0x00, 0x00, 0x00, 0x00, 0x00, 0x00, 0x00, 0x00, 0x00, 0x00, 0x00, 0x00, 0x00, 0x00, 0x00, 0x00, 0x00, 0x00, 0x00, 0x00,
    0x00, 0x00, 0x00, 0x00, 0x00, 0x00, 0x00, 0x00, 0x00, 0x00, 0x00, 0x00, 0x00, 0x00, 0x00, 0x00, 0x00, 0x00, 0xE9, 0xD2, 0x58, 0xE9, 0xD2, 0x9F,
    0xE9, 0xD2, 0x3E, 0xE9, 0xD2, 0x0B, 0xE9, 0xD2, 0x77, 0xE9, 0xD2, 0x31, 0x00, 0x00, 0x00, 0xE9, 0xD2, 0xCF, 0xE9, 0xD2, 0xFF, 0xE9, 0xD2, 0x57,
    0x00, 0x00, 0x00, 0xE9, 0xD2, 0x6B, 0xE9, 0xD2, 0x56, 0xE9, 0xD2, 0x0D, 0x00, 0x00, 0x00, 0x00, 0x00, 0x00, 0x00, 0x00, 0x00, 0x00, 0x00, 0x00,
    0x00, 0x00, 0x00, 0x00, 0x00, 0x00, 0x00, 0x00, 0x00, 0x00, 0x00, 0x00, 0x00, 0x00, 0x00, 0x00, 0x00, 0x00, 0xE9, 0xD2, 0xBF, 0xE9, 0xD2, 0xFF,
    0xE9, 0xD2, 0x93, 0x00, 0x00, 0x00, 0x00, 0x00, 0x00, 0x00, 0x00, 0x00, 0x00, 0x00, 0x00, 0x00, 0x00, 0x00, 0x00, 0x00, 0x00, 0x00, 0x00, 0x00,
    0x00, 0x00, 0x00, 0x00, 0x00, 0x00, 0xE9, 0xD2, 0x6B, 0xE9, 0xD2, 0xFF, 0xE9, 0xD2, 0xFF, 0xE9, 0xD2, 0xFF, 0xE9, 0xD2, 0xFF, 0xE9, 0xD2, 0xFF,
    0xE9, 0xD2, 0xFF, 0xE9, 0xD2, 0x87, 0xE9, 0xD2, 0xBB, 0xE9, 0xD2, 0xFF, 0xE9, 0xD2, 0xFF, 0xE9, 0xD2, 0xFF, 0xE9, 0xD2, 0xFF, 0xE9, 0xD2, 0xFF,
    0xE9, 0xD2, 0xFF, 0xE9, 0xD2, 0xF3, 0x00, 0x00, 0x00, 0x00, 0x00, 0x00, 0x00, 0x00, 0x00, 0x00, 0x00, 0x00, 0x00, 0x00, 0x00, 0xE9, 0xD2, 0x29,
    0xE9, 0xD2, 0xD4, 0xE9, 0xD2, 0x85, 0xE9, 0xD2, 0x08, 0x00, 0x00, 0x00, 0xE9, 0xD2, 0x6A, 0xE9, 0xD2, 0xD7, 0xE9, 0xD2, 0x95, 0x00, 0x00, 0x00,
    0xE9, 0xD2, 0x5D, 0xE9, 0xD2, 0xCB, 0xE9, 0xD2, 0x1E, 0x00, 0x00, 0x00, 0x00, 0x00, 0x00, 0x00, 0x00, 0x00, 0x00, 0x00, 0x00, 0x00, 0x00, 0x00,
    0xE9, 0xD2, 0xBD, 0xE9, 0xD2, 0xFF, 0xE9, 0xD2, 0x82, 0xE9, 0xD2, 0x90, 0xE9, 0xD2, 0xFF, 0xE9, 0xD2, 0xE0, 0xE9, 0xD2, 0x0D, 0xE9, 0xD2, 0xCF,
    0xE9, 0xD2, 0xFF, 0xE9, 0xD2, 0x57, 0xE9, 0xD2, 0x3C, 0xE9, 0xD2, 0xFE, 0xE9, 0xD2, 0xFF, 0xE9, 0xD2, 0x63, 0x00, 0x00, 0x00, 0x00, 0x00, 0x00,
    0x00, 0x00, 0x00, 0x00, 0x00, 0x00, 0x00, 0x00, 0x00, 0x00, 0x00, 0x00, 0x00, 0x00, 0x00, 0x00, 0x00, 0x00, 0x00, 0x00, 0x00, 0x00, 0x00, 0x00,
    0xE9, 0xD2, 0xBF, 0xE9, 0xD2, 0xFF, 0xE9, 0xD2, 0x93, 0x00, 0x00, 0x00, 0x00, 0x00, 0x00, 0x00, 0x00, 0x00, 0x00, 0x00, 0x00, 0x00, 0x00, 0x00,
    0x00, 0x00, 0x00, 0x00, 0x00, 0x00, 0x00, 0x00, 0x00, 0x00, 0x00, 0x00, 0xE9, 0xD2, 0x6C, 0xE9, 0xD2, 0xFF, 0xE9, 0xD2, 0x5B, 0x00, 0x00, 0x00,
    0x00, 0x00, 0x00, 0xE9, 0xD2, 0x4F, 0xE9, 0xD2, 0xFF, 0xE9, 0xD2, 0x87, 0xE9, 0xD2, 0x46, 0xE9, 0xD2, 0x80, 0xE9, 0xD2, 0xA0, 0xE9, 0xD2, 0x5F,
    0xE9, 0xD2, 0x5F, 0xE9, 0xD2, 0xB4, 0xE9, 0xD2, 0x9B, 0xE9, 0xD2, 0x5C, 0x00, 0x00, 0x00, 0x00, 0x00, 0x00, 0x00, 0x00, 0x00, 0x00, 0x00, 0x00,
    0x00, 0x00, 0x00, 0xE9, 0xD2, 0xB3, 0xE9, 0xD2, 0xFF, 0xE9, 0xD2, 0xC1, 0x00, 0x00, 0x00, 0x00, 0x00, 0x00, 0xE9, 0xD2, 0x72, 0xE9, 0xD2, 0xFF,
    0xE9, 0xD2, 0xBB, 0xE9, 0xD2, 0x02, 0xE9, 0xD2, 0xA7, 0xE9, 0xD2, 0xFF, 0xE9, 0xD2, 0xDE, 0xE9, 0xD2, 0x16, 0x00, 0x00, 0x00, 0x00, 0x00, 0x00,
    0x00, 0x00, 0x00, 0xE9, 0xD2, 0x1A, 0xE9, 0xD2, 0xFD, 0xE9, 0xD2, 0xFF, 0xE9, 0xD2, 0x26, 0xE9, 0xD2, 0x10, 0xE9, 0xD2, 0xE6, 0xE9, 0xD2, 0xFD,
    0xE9, 0xD2, 0x59, 0xE9, 0xD2, 0xCF, 0xE9, 0xD2, 0xFF, 0xE9, 0xD2, 0x57, 0xE9, 0xD2, 0xAE, 0xE9, 0xD2, 0xFF, 0xE9, 0xD2, 0x8B, 0x00, 0x00, 0x00,
    0x00, 0x00, 0x00, 0x00, 0x00, 0x00, 0x00, 0x00, 0x00, 0x00, 0x00, 0x00, 0x00, 0x00, 0x00, 0x00, 0x00, 0x00, 0x00, 0x00, 0x00, 0x00, 0x00, 0x00,
    0x00, 0x00, 0x00, 0x00, 0x00, 0x00, 0xE9, 0xD2, 0xBF, 0xE9, 0xD2, 0xFF, 0xE9, 0xD2, 0x93, 0x00, 0x00, 0x00, 0x00, 0x00, 0x00, 0x00, 0x00, 0x00,
    0x00, 0x00, 0x00, 0x00, 0x00, 0x00, 0x00, 0x00, 0x00, 0x00, 0x00, 0x00, 0x00, 0x00, 0x00, 0x00, 0x00, 0x00, 0xE9, 0xD2, 0x7B, 0xE9, 0xD2, 0xFF,
    0xE9, 0xD2, 0xFF, 0xE9, 0xD2, 0xFF, 0xE9, 0xD2, 0xFF, 0xE9, 0xD2, 0xFF, 0xE9, 0xD2, 0xFF, 0xE9, 0xD2, 0x87, 0x00, 0x00, 0x00, 0xE9, 0xD2, 0x86,
    0xE9, 0xD2, 0xFD, 0xE9, 0xD2, 0x1E, 0xE9, 0xD2, 0x07, 0xE9, 0xD2, 0xF3, 0xE9, 0xD2, 0xCC, 0x00, 0x00, 0x00, 0x00, 0x00, 0x00, 0x00, 0x00, 0x00,
    0x00, 0x00, 0x00, 0x00, 0x00, 0x00, 0xE9, 0xD2, 0x40, 0xE9, 0xD2, 0xFF, 0xE9, 0xD2, 0xFF, 0xE9, 0xD2, 0x3F, 0x00, 0x00, 0x00, 0x00, 0x00, 0x00,
    0xE9, 0xD2, 0x64, 0xE9, 0xD2, 0xFF, 0xE9, 0xD2, 0xC7, 0x00, 0x00, 0x00, 0xE9, 0xD2, 0x05, 0xE9, 0xD2, 0xBD, 0xE9, 0xD2, 0xFF, 0xE9, 0xD2, 0xBE,
    0xE9, 0xD2, 0x02, 0x00, 0x00, 0x00, 0x00, 0x00, 0x00, 0xE9, 0xD2, 0x72, 0xE9, 0xD2, 0xFF, 0xE9, 0xD2, 0xC8, 0xE9, 0xD2, 0x5F, 0xE9, 0xD2, 0xCB,
    0xE9, 0xD2, 0xE9, 0xE9, 0xD2, 0xED, 0xE9, 0xD2, 0xCB, 0xE9, 0xD2, 0xF6, 0xE9, 0xD2, 0xFF, 0xE9, 0xD2, 0xDD, 0xE9, 0xD2, 0xCC, 0xE9, 0xD2, 0xF6,
    0xE9, 0xD2, 0xCE, 0xE9, 0xD2, 0xCB, 0xE9, 0xD2, 0x0F, 0x00, 0x00, 0x00, 0x00, 0x00, 0x00, 0x00, 0x00, 0x00, 0x00, 0x00, 0x00, 0x00, 0x00, 0x00,
    0x00, 0x00, 0x00, 0x00, 0x00, 0x00, 0x00, 0x00, 0x00, 0x00, 0x00, 0x00, 0xE9, 0xD2, 0xBF, 0xE9, 0xD2, 0xFF, 0xE9, 0xD2, 0x93, 0x00, 0x00, 0x00,
    0x00, 0x00, 0x00, 0x00, 0x00, 0x00, 0x00, 0x00, 0x00, 0x00, 0x00, 0x00, 0x00, 0x00, 0x00, 0x00, 0x00, 0x00, 0x00, 0x00, 0x00, 0x00, 0x00, 0x00,
    0xE9, 0xD2, 0x90, 0xE9, 0xD2, 0xFF, 0xE9, 0xD2, 0x71, 0xE9, 0xD2, 0x3B, 0xE9, 0xD2, 0x3B, 0xE9, 0xD2, 0x3B, 0xE9, 0xD2, 0x3B, 0xE9, 0xD2, 0x38,
    0xE9, 0xD2, 0xFF, 0xE9, 0xD2, 0xFF, 0xE9, 0xD2, 0xFF, 0xE9, 0xD2, 0xFF, 0xE9, 0xD2, 0xFF, 0xE9, 0xD2, 0xFF, 0xE9, 0xD2, 0xFF, 0xE9, 0xD2, 0xFF,
    0xE9, 0xD2, 0x73, 0x00, 0x00, 0x00, 0x00, 0x00, 0x00, 0xE9, 0xD2, 0x01, 0xE9, 0xD2, 0xCC, 0xE9, 0xD2, 0xFF, 0xE9, 0xD2, 0xBC, 0x00, 0x00, 0x00,
    0x00, 0x00, 0x00, 0x00, 0x00, 0x00, 0xE9, 0xD2, 0x56, 0xE9, 0xD2, 0xFF, 0xE9, 0xD2, 0xD3, 0x00, 0x00, 0x00, 0x00, 0x00, 0x00, 0xE9, 0xD2, 0x19,
    0xE9, 0xD2, 0xCC, 0xE9, 0xD2, 0x4B, 0x00, 0x00, 0x00, 0x00, 0x00, 0x00, 0xE9, 0xD2, 0x01, 0xE9, 0xD2, 0xD3, 0xE9, 0xD2, 0xFF, 0xE9, 0xD2, 0x7A,
    0xE9, 0xD2, 0x77, 0xE9, 0xD2, 0xFF, 0xE9, 0xD2, 0xFF, 0xE9, 0xD2, 0xFF, 0xE9, 0xD2, 0xFF, 0xE9, 0xD2, 0xFF, 0xE9, 0xD2, 0xFF, 0xE9, 0xD2, 0xFF,
    0xE9, 0xD2, 0xFF, 0xE9, 0xD2, 0xFF, 0xE9, 0xD2, 0xFF, 0xE9, 0xD2, 0xFF, 0xE9, 0xD2, 0x13, 0x00, 0x00, 0x00, 0x00, 0x00, 0x00, 0x00, 0x00, 0x00,
    0x00, 0x00, 0x00, 0x00, 0x00, 0x00, 0x00, 0x00, 0x00, 0x00, 0x00, 0x00, 0x00, 0x00, 0x00, 0x00, 0x00, 0x00, 0xE9, 0xD2, 0xBF, 0xE9, 0xD2, 0xFF,
    0xE9, 0xD2, 0xA6, 0xE9, 0xD2, 0x2B, 0xE9, 0xD2, 0x2B, 0xE9, 0xD2, 0x2B, 0xE9, 0xD2, 0x2B, 0xE9, 0xD2, 0x2B, 0xE9, 0xD2, 0x2A, 0x00, 0x00, 0x00,
    0x00, 0x00, 0x00, 0x00, 0x00, 0x00, 0xE9, 0xD2, 0xB4, 0xE9, 0xD2, 0xFF, 0xE9, 0xD2, 0xFF, 0xE9, 0xD2, 0xFF, 0xE9, 0xD2, 0xFF, 0xE9, 0xD2, 0xFF,
    0xE9, 0xD2, 0xFF, 0xE9, 0xD2, 0xB7, 0xE9, 0xD2, 0x7B, 0xE9, 0xD2, 0x7B, 0xE9, 0xD2, 0x7B, 0xE9, 0xD2, 0xF3, 0xE9, 0xD2, 0xFF, 0xE9, 0xD2, 0x79,
    0xE9, 0xD2, 0x63, 0xE9, 0xD2, 0x63, 0xE9, 0xD2, 0x2D, 0x00, 0x00, 0x00, 0x00, 0x00, 0x00, 0xE9, 0xD2, 0x7C, 0xE9, 0xD2, 0xFF, 0xE9, 0xD2, 0xFF,
    0xE9, 0xD2, 0x7B, 0x00, 0x00, 0x00, 0x00, 0x00, 0x00, 0x00, 0x00, 0x00, 0xE9, 0xD2, 0x49, 0xE9, 0xD2, 0xFF, 0xE9, 0xD2, 0xDE, 0x00, 0x00, 0x00,
    0xE9, 0xD2, 0x0A, 0xE9, 0xD2, 0x2B, 0xE9, 0xD2, 0x4E, 0xE9, 0xD2, 0x6F, 0xE9, 0xD2, 0x0D, 0x00, 0x00, 0x00, 0xE9, 0xD2, 0x52, 0xE9, 0xD2, 0xFF,
    0xE9, 0xD2, 0xFF, 0xE9, 0xD2, 0x6F, 0xE9, 0xD2, 0x77, 0xE9, 0xD2, 0xFF, 0xE9, 0xD2, 0x9B, 0x00, 0x00, 0x00, 0x00, 0x00, 0x00, 0x00, 0x00, 0x00,
    0x00, 0x00, 0x00, 0x00, 0x00, 0x00, 0x00, 0x00, 0x00, 0xE9, 0xD2, 0x17, 0xE9, 0xD2, 0xFF, 0xE9, 0xD2, 0xFF, 0xE9, 0xD2, 0x13, 0x00, 0x00, 0x00,
    0x00, 0x00, 0x00, 0x00, 0x00, 0x00, 0x00, 0x00, 0x00, 0x00, 0x00, 0x00, 0x00, 0x00, 0x00, 0x00, 0x00, 0x00, 0x00, 0x00, 0x00, 0x00, 0x00, 0x00,
    0xE9, 0xD2, 0xBF, 0xE9, 0xD2, 0xFF, 0xE9, 0xD2, 0xFF, 0xE9, 0xD2, 0xFF, 0xE9, 0xD2, 0xFF, 0xE9, 0xD2, 0xFF, 0xE9, 0xD2, 0xFF, 0xE9, 0xD2, 0xFF,
    0xE9, 0xD2, 0xF7, 0x00, 0x00, 0x00, 0x00, 0x00, 0x00, 0xE9, 0xD2, 0x0C, 0xE9, 0xD2, 0xF3, 0xE9, 0xD2, 0xFF, 0xE9, 0xD2, 0xFF, 0xE9, 0xD2, 0x99,
    0xE9, 0xD2, 0x43, 0xE9, 0xD2, 0x67, 0xE9, 0xD2, 0xFF, 0xE9, 0xD2, 0xAB, 0xE9, 0xD2, 0xB7, 0xE9, 0xD2, 0xFF, 0xE9, 0xD2, 0xFF, 0xE9, 0xD2, 0xFF,
    0xE9, 0xD2, 0xFF, 0xE9, 0xD2, 0xFF, 0xE9, 0xD2, 0xFF, 0xE9, 0xD2, 0xDF, 0x00, 0x00, 0x00, 0x00, 0x00, 0x00, 0xE9, 0xD2, 0x4D, 0xE9, 0xD2, 0xFD,
    0xE9, 0xD2, 0xFF, 0xE9, 0xD2, 0xFF, 0xE9, 0xD2, 0x7B, 0xE9, 0xD2, 0x18, 0xE9, 0xD2, 0x3A, 0xE9, 0xD2, 0x5C, 0xE9, 0xD2, 0x9B, 0xE9, 0xD2, 0xFF,
    0xE9, 0xD2, 0xFB, 0xE9, 0xD2, 0xE7, 0xE9, 0xD2, 0xFF, 0xE9, 0xD2, 0xFF, 0xE9, 0xD2, 0xFF, 0xE9, 0xD2, 0xFF, 0xE9, 0xD2, 0x37, 0xE9, 0xD2, 0x05,
    0xE9, 0xD2, 0xD5, 0xE9, 0xD2, 0xFF, 0xE9, 0xD2, 0xFF, 0xE9, 0xD2, 0x6F, 0xE9, 0xD2, 0x77, 0xE9, 0xD2, 0xFF, 0xE9, 0xD2, 0x9B, 0x00, 0x00, 0x00,
    0x00, 0x00, 0x00, 0x00, 0x00, 0x00, 0x00, 0x00, 0x00, 0x00, 0x00, 0x00, 0x00, 0x00, 0x00, 0xE9, 0xD2, 0x17, 0xE9, 0xD2, 0xFF, 0xE9, 0xD2, 0xFF,
    0xE9, 0xD2, 0x13, 0x00, 0x00, 0x00, 0x00, 0x00, 0x00, 0x00, 0x00, 0x00, 0x00, 0x00, 0x00, 0x00, 0x00, 0x00, 0x00, 0x00, 0x00, 0x00, 0x00, 0x00,
    0x00, 0x00, 0x00, 0x00, 0x00, 0x00, 0xE9, 0xD2, 0xBF, 0xE9, 0xD2, 0xFF, 0xE9, 0xD2, 0xFF, 0xE9, 0xD2, 0xFF, 0xE9, 0xD2, 0xFF, 0xE9, 0xD2, 0xFF,
    0xE9, 0xD2, 0xFF, 0xE9, 0xD2, 0xFF, 0xE9, 0xD2, 0xF7, 0x00, 0x00, 0x00, 0x00, 0x00, 0x00, 0xE9, 0xD2, 0x6D, 0xE9, 0xD2, 0xFF, 0xE9, 0xD2, 0xE3,
    0xE9, 0xD2, 0xFF, 0xE9, 0xD2, 0x99, 0xE9, 0xD2, 0x43, 0xE9, 0xD2, 0x67, 0xE9, 0xD2, 0xFF, 0xE9, 0xD2, 0xAB, 0xE9, 0xD2, 0x47, 0xE9, 0xD2, 0x63,
    0xE9, 0xD2, 0x63, 0xE9, 0xD2, 0xF1, 0xE9, 0xD2, 0xFF, 0xE9, 0xD2, 0x79, 0xE9, 0xD2, 0x63, 0xE9, 0xD2, 0x57, 0x00, 0x00, 0x00, 0xE9, 0xD2, 0x49,
    0xE9, 0xD2, 0xF8, 0xE9, 0xD2, 0xFF, 0xE9, 0xD2, 0xFF, 0xE9, 0xD2, 0xFF, 0xE9, 0xD2, 0x7B, 0xE9, 0xD2, 0xCF, 0xE9, 0xD2, 0xFF, 0xE9, 0xD2, 0xFF,
    0xE9, 0xD2, 0xFF, 0xE9, 0xD2, 0xFF, 0xE9, 0xD2, 0xFF, 0xE9, 0xD2, 0xFF, 0xE9, 0xD2, 0xFF, 0xE9, 0xD2, 0xED, 0xE9, 0xD2, 0xCA, 0xE9, 0xD2, 0xA7,
    0xE9, 0xD2, 0x30, 0xE9, 0xD2, 0x79, 0xE9, 0xD2, 0xFF, 0xE9, 0xD2, 0xFF, 0xE9, 0xD2, 0xFF, 0xE9, 0xD2, 0x6F, 0x00, 0x00, 0x00, 0xE9, 0xD2, 0x0F,
    0xE9, 0xD2, 0xFF, 0xE9, 0xD2, 0xFF, 0xE9, 0xD2, 0xFF, 0xE9, 0xD2, 0xFF, 0xE9, 0xD2, 0xFF, 0xE9, 0xD2, 0xFF, 0xE9, 0xD2, 0xFF, 0xE9, 0xD2, 0xFF,
    0xE9, 0xD2, 0xBF, 0x00, 0x00, 0x00, 0x00, 0x00, 0x00, 0x00, 0x00, 0x00, 0x00, 0x00, 0x00, 0x00, 0x00, 0x00, 0x00, 0x00, 0x00, 0x00, 0x00, 0x00,
    0x00, 0x00, 0x00, 0x00, 0x00, 0x00, 0x00, 0x00, 0x00, 0x00, 0x00, 0x00, 0xE9, 0xD2, 0xBF, 0xE9, 0xD2, 0xFF, 0xE9, 0xD2, 0x93, 0x00, 0x00, 0x00,
    0x00, 0x00, 0x00, 0x00, 0x00, 0x00, 0x00, 0x00, 0x00, 0x00, 0x00, 0x00, 0x00, 0x00, 0x00, 0x00, 0x00, 0x00, 0x00, 0x00, 0x00, 0xE9, 0xD2, 0x0D,
    0xE9, 0xD2, 0xB4, 0xE9, 0xD2, 0x68, 0xE9, 0xD2, 0xFF, 0xE9, 0xD2, 0xFF, 0xE9, 0xD2, 0xFF, 0xE9, 0xD2, 0xFF, 0xE9, 0xD2, 0xFF, 0xE9, 0xD2, 0xAB,
    0x00, 0x00, 0x00, 0x00, 0x00, 0x00, 0x00, 0x00, 0x00, 0xE9, 0xD2, 0xB1, 0xE9, 0xD2, 0xC3, 0xE9, 0xD2, 0x1B, 0x00, 0x00, 0x00, 0x00, 0x00, 0x00,
    0x00, 0x00, 0x00, 0xE9, 0xD2, 0x96, 0xE9, 0xD2, 0xFF, 0xE9, 0xD2, 0xE4, 0xE9, 0xD2, 0xD8, 0xE9, 0xD2, 0xFF, 0xE9, 0xD2, 0x7B, 0xE9, 0xD2, 0xA4,
    0xE9, 0xD2, 0xDE, 0xE9, 0xD2, 0xBB, 0xE9, 0xD2, 0x99, 0xE9, 0xD2, 0xFE, 0xE9, 0xD2, 0xFF, 0xE9, 0xD2, 0x56, 0xE9, 0xD2, 0x10, 0x00, 0x00, 0x00,
    0x00, 0x00, 0x00, 0x00, 0x00, 0x00, 0x00, 0x00, 0x00, 0xE9, 0xD2, 0x73, 0xE9, 0xD2, 0xFF, 0xE9, 0xD2, 0xFF, 0xE9, 0xD2, 0xFF, 0xE9, 0xD2, 0x6F,
    0x00, 0x00, 0x00, 0xE9, 0xD2, 0x0F, 0xE9, 0xD2, 0xFF, 0xE9, 0xD2, 0xFF, 0xE9, 0xD2, 0xFF, 0xE9, 0xD2, 0xFF, 0xE9, 0xD2, 0xFF, 0xE9, 0xD2, 0xFF,
    0xE9, 0xD2, 0xFF, 0xE9, 0xD2, 0xFF, 0xE9, 0xD2, 0xBF, 0x00, 0x00, 0x00, 0x00, 0x00, 0x00, 0x00, 0x00, 0x00, 0x00, 0x00, 0x00, 0x00, 0x00, 0x00,
    0x00, 0x00, 0x00, 0x00, 0x00, 0x00, 0x00, 0x00, 0x00, 0x00, 0x00, 0x00, 0x00, 0x00, 0x00, 0x00, 0x00, 0x00, 0xE9, 0xD2, 0xBF, 0xE9, 0xD2, 0xFF,
    0xE9, 0xD2, 0x93, 0x00, 0x00, 0x00, 0x00, 0x00, 0x00, 0x00, 0x00, 0x00, 0x00, 0x00, 0x00, 0x00, 0x00, 0x00, 0x00, 0x00, 0x00, 0x00, 0x00, 0x00,
    0x00, 0x00, 0x00, 0x00, 0x00, 0x00, 0x00, 0x00, 0x00, 0xE9, 0xD2, 0x1F, 0xE9, 0xD2, 0x6F, 0xE9, 0xD2, 0x6F, 0xE9, 0xD2, 0x6F, 0xE9, 0xD2, 0x6F,
    0xE9, 0xD2, 0x6F, 0xE9, 0xD2, 0x6F, 0xE9, 0xD2, 0x6F, 0xE9, 0xD2, 0x6F, 0xE9, 0xD2, 0x6F, 0xE9, 0xD2, 0x6F, 0xE9, 0xD2, 0x6F, 0xE9, 0xD2, 0x6F,
    0xE9, 0xD2, 0x29, 0x00, 0x00, 0x00, 0x00, 0x00, 0x00, 0xE9, 0xD2, 0x13, 0xE9, 0xD2, 0xDF, 0xE9, 0xD2, 0x29, 0xE9, 0xD2, 0xBF, 0xE9, 0xD2, 0xFF,
    0xE9, 0xD2, 0x7B, 0x00, 0x00, 0x00, 0x00, 0x00, 0x00, 0x00, 0x00, 0x00, 0x00, 0x00, 0x00, 0xE9, 0xD2, 0xDD, 0xE9, 0xD2, 0xFF, 0xE9, 0xD2, 0x54,
    0x00, 0x00, 0x00, 0x00, 0x00, 0x00, 0x00, 0x00, 0x00, 0x00, 0x00, 0x00, 0x00, 0x00, 0x00, 0xE9, 0xD2, 0x08, 0xE9, 0xD2, 0xB7, 0xE9, 0xD2, 0xB8,
    0xE9, 0xD2, 0xFF, 0xE9, 0xD2, 0x6F, 0xE9, 0xD2, 0x06, 0xE9, 0xD2, 0x07, 0xE9, 0xD2, 0x07, 0xE9, 0xD2, 0x07, 0xE9, 0xD2, 0x07, 0xE9, 0xD2, 0x07,
    0xE9, 0xD2, 0x07, 0xE9, 0xD2, 0x07, 0xE9, 0xD2, 0x07, 0xE9, 0xD2, 0x07, 0xE9, 0xD2, 0x07, 0xE9, 0xD2, 0x07, 0xE9, 0xD2, 0x03, 0x00, 0x00, 0x00,
    0x00, 0x00, 0x00, 0x00, 0x00, 0x00, 0x00, 0x00, 0x00, 0x00, 0x00, 0x00, 0x00, 0x00, 0x00, 0x00, 0x00, 0x00, 0x00, 0x00, 0x00, 0x00, 0x00, 0x00,
    0xE9, 0xD2, 0xBF, 0xE9, 0xD2, 0xFF, 0xE9, 0xD2, 0x93, 0x00, 0x00, 0x00, 0x00, 0x00, 0x00, 0x00, 0x00, 0x00, 0x00, 0x00, 0x00, 0x00, 0x00, 0x00,
    0x00, 0x00, 0x00, 0x00, 0x00, 0x00, 0x00, 0x00, 0x00, 0x00, 0x00, 0x00, 0x00, 0x00, 0x00, 0xE9, 0xD2, 0x47, 0xE9, 0xD2, 0xFF, 0xE9, 0xD2, 0xFF,
    0xE9, 0xD2, 0xFF, 0xE9, 0xD2, 0xFF, 0xE9, 0xD2, 0xFF, 0xE9, 0xD2, 0xFF, 0xE9, 0xD2, 0xFF, 0xE9, 0xD2, 0xFF, 0xE9, 0xD2, 0xFF, 0xE9, 0xD2, 0xFF,
    0xE9, 0xD2, 0xFF, 0xE9, 0xD2, 0xFF, 0xE9, 0xD2, 0x5F, 0x00, 0x00, 0x00, 0x00, 0x00, 0x00, 0x00, 0x00, 0x00, 0xE9, 0xD2, 0x0E, 0x00, 0x00, 0x00,
    0xE9, 0xD2, 0xBF, 0xE9, 0xD2, 0xFF, 0xE9, 0xD2, 0x7B, 0x00, 0x00, 0x00, 0x00, 0x00, 0x00, 0x00, 0x00, 0x00, 0x00, 0x00, 0x00, 0xE9, 0xD2, 0xB0,
    0xE9, 0xD2, 0xFF, 0xE9, 0xD2, 0x7F, 0x00, 0x00, 0x00, 0x00, 0x00, 0x00, 0x00, 0x00, 0x00, 0x00, 0x00, 0x00, 0x00, 0x00, 0x00, 0x00, 0x00, 0x00,
    0xE9, 0xD2, 0x01, 0xE9, 0xD2, 0xAB, 0xE9, 0xD2, 0xFF, 0xE9, 0xD2, 0x6F, 0xE9, 0xD2, 0xD3, 0xE9, 0xD2, 0xFF, 0xE9, 0xD2, 0xFF, 0xE9, 0xD2, 0xFF,
    0xE9, 0xD2, 0xFF, 0xE9, 0xD2, 0xFF, 0xE9, 0xD2, 0xFF, 0xE9, 0xD2, 0xFF, 0xE9, 0xD2, 0xFF, 0xE9, 0xD2, 0xFF, 0xE9, 0xD2, 0xFF, 0xE9, 0xD2, 0xFF,
    0xE9, 0xD2, 0x6F, 0x00, 0x00, 0x00, 0x00, 0x00, 0x00, 0x00, 0x00, 0x00, 0x00, 0x00, 0x00, 0x00, 0x00, 0x00, 0x00, 0x00, 0x00, 0x00, 0x00, 0x00,
    0x00, 0x00, 0x00, 0x00, 0x00, 0x00, 0xE9, 0xD2, 0xBF, 0xE9, 0xD2, 0xFF, 0xE9, 0xD2, 0x93, 0x00, 0x00, 0x00, 0x00, 0x00, 0x00, 0x00, 0x00, 0x00,
    0x00, 0x00, 0x00, 0x00, 0x00, 0x00, 0x00, 0x00, 0x00, 0x00, 0x00, 0x00, 0x00, 0x00, 0x00, 0x00, 0x00, 0x00, 0x00, 0x00, 0x00, 0xE9, 0xD2, 0x47,
    0xE9, 0xD2, 0xFF, 0xE9, 0xD2, 0xF0, 0xE9, 0xD2, 0x57, 0xE9, 0xD2, 0x57, 0xE9, 0xD2, 0x57, 0xE9, 0xD2, 0x57, 0xE9, 0xD2, 0x57, 0xE9, 0xD2, 0x57,
    0xE9, 0xD2, 0x57, 0xE9, 0xD2, 0x57, 0xE9, 0xD2, 0xE8, 0xE9, 0xD2, 0xFF, 0xE9, 0xD2, 0x5F, 0x00, 0x00, 0x00, 0x00, 0x00, 0x00, 0x00, 0x00, 0x00,
    0x00, 0x00, 0x00, 0x00, 0x00, 0x00, 0xE9, 0xD2, 0xBF, 0xE9, 0xD2, 0xFF, 0xE9, 0xD2, 0x7B, 0x00, 0x00, 0x00, 0x00, 0x00, 0x00, 0x00, 0x00, 0x00,
    0x00, 0x00, 0x00, 0xE9, 0xD2, 0x83, 0xE9, 0xD2, 0xFF, 0xE9, 0xD2, 0xBA, 0x00, 0x00, 0x00, 0x00, 0x00, 0x00, 0x00, 0x00, 0x00, 0x00, 0x00, 0x00,
    0x00, 0x00, 0x00, 0x00, 0x00, 0x00, 0x00, 0x00, 0x00, 0xE9, 0xD2, 0xAB, 0xE9, 0xD2, 0xFF, 0xE9, 0xD2, 0x6F, 0xE9, 0xD2, 0xD3, 0xE9, 0xD2, 0xFF,
    0xE9, 0xD2, 0xFF, 0xE9, 0xD2, 0xFF, 0xE9, 0xD2, 0xFF, 0xE9, 0xD2, 0xFF, 0xE9, 0xD2, 0xFF, 0xE9, 0xD2, 0xFF, 0xE9, 0xD2, 0xFF, 0xE9, 0xD2, 0xFF,
    0xE9, 0xD2, 0xFF, 0xE9, 0xD2, 0xFF, 0xE9, 0xD2, 0x6F, 0x00, 0x00, 0x00, 0x00, 0x00, 0x00, 0x00, 0x00, 0x00, 0x00, 0x00, 0x00, 0x00, 0x00, 0x00,
    0x00, 0x00, 0x00, 0x00, 0x00, 0x00, 0x00, 0x00, 0x00, 0x00, 0x00, 0x00, 0xE9, 0xD2, 0xBF, 0xE9, 0xD2, 0xFF, 0xE9, 0xD2, 0x93, 0x00, 0x00, 0x00,
    0x00, 0x00, 0x00, 0x00, 0x00, 0x00, 0x00, 0x00, 0x00, 0x00, 0x00, 0x00, 0x00, 0x00, 0x00, 0x00, 0x00, 0x00, 0x00, 0x00, 0x00, 0x00, 0x00, 0x00,
    0x00, 0x00, 0x00, 0xE9, 0xD2, 0x47, 0xE9, 0xD2, 0xFF, 0xE9, 0xD2, 0xFF, 0xE9, 0xD2, 0xFF, 0xE9, 0xD2, 0xFF, 0xE9, 0xD2, 0xFF, 0xE9, 0xD2, 0xFF,
    0xE9, 0xD2, 0xFF, 0xE9, 0xD2, 0xFF, 0xE9, 0xD2, 0xFF, 0xE9, 0xD2, 0xFF, 0xE9, 0xD2, 0xFF, 0xE9, 0xD2, 0xFF, 0xE9, 0xD2, 0x5F, 0x00, 0x00, 0x00,
    0x00, 0x00, 0x00, 0x00, 0x00, 0x00, 0x00, 0x00, 0x00, 0x00, 0x00, 0x00, 0xE9, 0xD2, 0xBF, 0xE9, 0xD2, 0xFF, 0xE9, 0xD2, 0x7B, 0x00, 0x00, 0x00,
    0x00, 0x00, 0x00, 0x00, 0x00, 0x00, 0x00, 0x00, 0x00, 0xE9, 0xD2, 0x49, 0xE9, 0xD2, 0xFF, 0xE9, 0xD2, 0xF9, 0xE9, 0xD2, 0x0D, 0x00, 0x00, 0x00,
    0xE9, 0xD2, 0x29, 0xE9, 0xD2, 0x37, 0x00, 0x00, 0x00, 0x00, 0x00, 0x00, 0x00, 0x00, 0x00, 0xE9, 0xD2, 0xAB, 0xE9, 0xD2, 0xFF, 0xE9, 0xD2, 0x6F,
    0x00, 0x00, 0x00, 0x00, 0x00, 0x00, 0xE9, 0xD2, 0x05, 0xE9, 0xD2, 0xCE, 0xE9, 0xD2, 0xFF, 0xE9, 0xD2, 0xD6, 0xE9, 0xD2, 0x0B, 0xE9, 0xD2, 0x18,
    0xE9, 0xD2, 0x9B, 0xE9, 0xD2, 0xC1, 0xE9, 0xD2, 0x03, 0x00, 0x00, 0x00, 0x00, 0x00, 0x00, 0x00, 0x00, 0x00, 0x00, 0x00, 0x00, 0x00, 0x00, 0x00,
    0x00, 0x00, 0x00, 0x00, 0x00, 0x00, 0x00, 0x00, 0x00, 0x00, 0x00, 0x00, 0x00, 0x00, 0x00, 0x00, 0x00, 0x00, 0xE9, 0xD2, 0xBF, 0xE9, 0xD2, 0xFF,
    0xE9, 0xD2, 0x93, 0x00, 0x00, 0x00, 0x00, 0x00, 0x00, 0x00, 0x00, 0x00, 0x00, 0x00, 0x00, 0x00, 0x00, 0x00, 0x00, 0x00, 0x00, 0x00, 0x00, 0x00,
    0x00, 0x00, 0x00, 0x00, 0x00, 0x00, 0x00, 0x00, 0x00, 0xE9, 0xD2, 0x47, 0xE9, 0xD2, 0xFF, 0xE9, 0xD2, 0xE7, 0x00, 0x00, 0x00, 0x00, 0x00, 0x00,
    0x00, 0x00, 0x00, 0x00, 0x00, 0x00, 0x00, 0x00, 0x00, 0x00, 0x00, 0x00, 0x00, 0x00, 0x00, 0x00, 0x00, 0x00, 0xE9, 0xD2, 0xDB, 0xE9, 0xD2, 0xFF,
    0xE9, 0xD2, 0x5F, 0x00, 0x00, 0x00, 0x00, 0x00, 0x00, 0x00, 0x00, 0x00, 0x00, 0x00, 0x00, 0x00, 0x00, 0x00, 0xE9, 0xD2, 0xBF, 0xE9, 0xD2, 0xFF,
    0xE9, 0xD2, 0x7B, 0x00, 0x00, 0x00, 0x00, 0x00, 0x00, 0x00, 0x00, 0x00, 0x00, 0x00, 0x00, 0xE9, 0xD2, 0x04, 0xE9, 0xD2, 0xEB, 0xE9, 0xD2, 0xFF,
    0xE9, 0xD2, 0x6F, 0x00, 0x00, 0x00, 0xE9, 0xD2, 0x55, 0xE9, 0xD2, 0xFB, 0xE9, 0xD2, 0x5B, 0x00, 0x00, 0x00, 0x00, 0x00, 0x00, 0xE9, 0xD2, 0xAB,
    0xE9, 0xD2, 0xFF, 0xE9, 0xD2, 0x6F, 0x00, 0x00, 0x00, 0x00, 0x00, 0x00, 0xE9, 0xD2, 0x87, 0xE9, 0xD2, 0xFF, 0xE9, 0xD2, 0xF5, 0xE9, 0xD2, 0x2B,
    0x00, 0x00, 0x00, 0xE9, 0xD2, 0x18, 0xE9, 0xD2, 0xEC, 0xE9, 0xD2, 0xFF, 0xE9, 0xD2, 0x7B, 0x00, 0x00, 0x00, 0x00, 0x00, 0x00, 0x00, 0x00, 0x00,
    0x00, 0x00, 0x00, 0xE9, 0xD2, 0x0A, 0xE9, 0xD2, 0x2B, 0xE9, 0xD2, 0x2B, 0xE9, 0xD2, 0x2B, 0xE9, 0xD2, 0x2B, 0xE9, 0xD2, 0x2B, 0xE9, 0xD2, 0x2B,
    0xE9, 0xD2, 0xCA, 0xE9, 0xD2, 0xFF, 0xE9, 0xD2, 0xA6, 0xE9, 0xD2, 0x2B, 0xE9, 0xD2, 0x2B, 0xE9, 0xD2, 0x2B, 0xE9, 0xD2, 0x2B, 0xE9, 0xD2, 0x2B,
    0xE9, 0xD2, 0x2B, 0xE9, 0xD2, 0x2B, 0xE9, 0xD2, 0x0A, 0x00, 0x00, 0x00, 0x00, 0x00, 0x00, 0xE9, 0xD2, 0x47, 0xE9, 0xD2, 0xFF, 0xE9, 0xD2, 0xFF,
    0xE9, 0xD2, 0xFF, 0xE9, 0xD2, 0xFF, 0xE9, 0xD2, 0xFF, 0xE9, 0xD2, 0xFF, 0xE9, 0xD2, 0xFF, 0xE9, 0xD2, 0xFF, 0xE9, 0xD2, 0xFF, 0xE9, 0xD2, 0xFF,
    0xE9, 0xD2, 0xFF, 0xE9, 0xD2, 0xFF, 0xE9, 0xD2, 0x5F, 0x00, 0x00, 0x00, 0x00, 0x00, 0x00, 0x00, 0x00, 0x00, 0x00, 0x00, 0x00, 0x00, 0x00, 0x00,
    0xE9, 0xD2, 0xBF, 0xE9, 0xD2, 0xFF, 0xE9, 0xD2, 0x7B, 0x00, 0x00, 0x00, 0x00, 0x00, 0x00, 0x00, 0x00, 0x00, 0x00, 0x00, 0x00, 0x00, 0x00, 0x00,
    0xE9, 0xD2, 0x95, 0xE9, 0xD2, 0xFF, 0xE9, 0xD2, 0xEE, 0xE9, 0xD2, 0x32, 0xE9, 0xD2, 0x88, 0xE9, 0xD2, 0xFF, 0xE9, 0xD2, 0x5A, 0x00, 0x00, 0x00,
    0x00, 0x00, 0x00, 0xE9, 0xD2, 0xAB, 0xE9, 0xD2, 0xFF, 0xE9, 0xD2, 0x6F, 0x00, 0x00, 0x00, 0xE9, 0xD2, 0x5E, 0xE9, 0xD2, 0xFF, 0xE9, 0xD2, 0xFF,
    0xE9, 0xD2, 0x70, 0xE9, 0xD2, 0x26, 0xE9, 0xD2, 0x3C, 0xE9, 0xD2, 0x51, 0xE9, 0xD2, 0xAD, 0xE9, 0xD2, 0xFF, 0xE9, 0xD2, 0xFA, 0xE9, 0xD2, 0x2E,
    0x00, 0x00, 0x00, 0x00, 0x00, 0x00, 0x00, 0x00, 0x00, 0xE9, 0xD2, 0x3B, 0xE9, 0xD2, 0xFF, 0xE9, 0xD2, 0xFF, 0xE9, 0xD2, 0xFF, 0xE9, 0xD2, 0xFF,
    0xE9, 0xD2, 0xFF, 0xE9, 0xD2, 0xFF, 0xE9, 0xD2, 0xFF, 0xE9, 0xD2, 0xFF, 0xE9, 0xD2, 0xFF, 0xE9, 0xD2, 0xFF, 0xE9, 0xD2, 0xFF, 0xE9, 0xD2, 0xFF,
    0xE9, 0xD2, 0xFF, 0xE9, 0xD2, 0xFF, 0xE9, 0xD2, 0xFF, 0xE9, 0xD2, 0xFF, 0xE9, 0xD2, 0x3B, 0x00, 0x00, 0x00, 0x00, 0x00, 0x00, 0xE9, 0xD2, 0x47,
    0xE9, 0xD2, 0xFF, 0xE9, 0xD2, 0xF2, 0xE9, 0xD2, 0x6F, 0xE9, 0xD2, 0x6F, 0xE9, 0xD2, 0x6F, 0xE9, 0xD2, 0x6F, 0xE9, 0xD2, 0x6F, 0xE9, 0xD2, 0x6F,
    0xE9, 0xD2, 0x6F, 0xE9, 0xD2, 0x6F, 0xE9, 0xD2, 0xEB, 0xE9, 0xD2, 0xFF, 0xE9, 0xD2, 0x5F, 0x00, 0x00, 0x00, 0x00, 0x00, 0x00, 0x00, 0x00, 0x00,
    0x00, 0x00, 0x00, 0x00, 0x00, 0x00, 0xE9, 0xD2, 0xBF, 0xE9, 0xD2, 0xFF, 0xE9, 0xD2, 0x7B, 0x00, 0x00, 0x00, 0x00, 0x00, 0x00, 0x00, 0x00, 0x00,
    0x00, 0x00, 0x00, 0x00, 0x00, 0x00, 0xE9, 0xD2, 0x25, 0xE9, 0xD2, 0xF8, 0xE9, 0xD2, 0xFF, 0xE9, 0xD2, 0xFD, 0xE9, 0xD2, 0xFB, 0xE9, 0xD2, 0xFF,
    0xE9, 0xD2, 0x24, 0x00, 0x00, 0x00, 0x00, 0x00, 0x00, 0xE9, 0xD2, 0xAB, 0xE9, 0xD2, 0xFF, 0xE9, 0xD2, 0x6F, 0xE9, 0xD2, 0x38, 0xE9, 0xD2, 0xFF,
    0xE9, 0xD2, 0xFF, 0xE9, 0xD2, 0xFF, 0xE9, 0xD2, 0xFF, 0xE9, 0xD2, 0xFF, 0xE9, 0xD2, 0xFF, 0xE9, 0xD2, 0xFF, 0xE9, 0xD2, 0xFF, 0xE9, 0xD2, 0xFF,
    0xE9, 0xD2, 0xFF, 0xE9, 0xD2, 0xBC, 0x00, 0x00, 0x00, 0x00, 0x00, 0x00, 0x00, 0x00, 0x00, 0xE9, 0xD2, 0x3B, 0xE9, 0xD2, 0xFF, 0xE9, 0xD2, 0xFF,
    0xE9, 0xD2, 0xFF, 0xE9, 0xD2, 0xFF, 0xE9, 0xD2, 0xFF, 0xE9, 0xD2, 0xFF, 0xE9, 0xD2, 0xFF, 0xE9, 0xD2, 0xFF, 0xE9, 0xD2, 0xFF, 0xE9, 0xD2, 0xFF,
    0xE9, 0xD2, 0xFF, 0xE9, 0xD2, 0xFF, 0xE9, 0xD2, 0xFF, 0xE9, 0xD2, 0xFF, 0xE9, 0xD2, 0xFF, 0xE9, 0xD2, 0xFF, 0xE9, 0xD2, 0x3B, 0x00, 0x00, 0x00,
    0x00, 0x00, 0x00, 0xE9, 0xD2, 0x47, 0xE9, 0xD2, 0xFF, 0xE9, 0xD2, 0xE7, 0x00, 0x00, 0x00, 0x00, 0x00, 0x00, 0x00, 0x00, 0x00, 0x00, 0x00, 0x00,
    0x00, 0x00, 0x00, 0xE9, 0xD2, 0x4A, 0xE9, 0xD2, 0x9E, 0xE9, 0xD2, 0x9E, 0xE9, 0xD2, 0xF9, 0xE9, 0xD2, 0xFF, 0xE9, 0xD2, 0x45, 0x00, 0x00, 0x00,
    0x00, 0x00, 0x00, 0x00, 0x00, 0x00, 0x00, 0x00, 0x00, 0x00, 0x00, 0x00, 0xE9, 0xD2, 0xBF, 0xE9, 0xD2, 0xFF, 0xE9, 0xD2, 0x7B, 0x00, 0x00, 0x00,
    0x00, 0x00, 0x00, 0x00, 0x00, 0x00, 0x00, 0x00, 0x00, 0x00, 0x00, 0x00, 0x00, 0x00, 0x00, 0xE9, 0xD2, 0x5E, 0xE9, 0xD2, 0xFD, 0xE9, 0xD2, 0xFF,
    0xE9, 0xD2, 0xFF, 0xE9, 0xD2, 0xBF, 0x00, 0x00, 0x00, 0x00, 0x00, 0x00, 0x00, 0x00, 0x00, 0xE9, 0xD2, 0xAB, 0xE9, 0xD2, 0xFF, 0xE9, 0xD2, 0x6F,
    0xE9, 0xD2, 0x05, 0xE9, 0xD2, 0xEF, 0xE9, 0xD2, 0xFF, 0xE9, 0xD2, 0xFF, 0xE9, 0xD2, 0xF9, 0xE9, 0xD2, 0xDF, 0xE9, 0xD2, 0xC6, 0xE9, 0xD2, 0xAC,
    0xE9, 0xD2, 0x94, 0xE9, 0xD2, 0x85, 0xE9, 0xD2, 0xFE, 0xE9, 0xD2, 0xFF, 0xE9, 0xD2, 0x40, 0x00, 0x00, 0x00, 0x00, 0x00, 0x00, 0x00, 0x00, 0x00,
    0x00, 0x00, 0x00, 0x00, 0x00, 0x00, 0x00, 0x00, 0x00, 0x00, 0x00, 0x00, 0x00, 0x00, 0x00, 0x00, 0x00, 0x00, 0x00, 0x00, 0x00, 0x00, 0x00, 0x00,
    0x00, 0x00, 0x00, 0x00, 0x00, 0x00, 0x00, 0x00, 0x00, 0x00, 0x00, 0x00, 0x00, 0x00, 0x00, 0x00, 0x00, 0x00, 0x00, 0x00, 0x00, 0x00, 0x00, 0x00,
    0x00, 0x00, 0x00, 0x00, 0x00, 0x00, 0x00, 0x00, 0x00, 0xE9, 0xD2, 0x47, 0xE9, 0xD2, 0xFF, 0xE9, 0xD2, 0xE7, 0x00, 0x00, 0x00, 0x00, 0x00, 0x00,
    0x00, 0x00, 0x00, 0x00, 0x00, 0x00, 0x00, 0x00, 0x00, 0xE9, 0xD2, 0x23, 0xE9, 0xD2, 0xFD, 0xE9, 0xD2, 0xFA, 0xE9, 0xD2, 0xE2, 0xE9, 0xD2, 0x9A,
    0xE9, 0xD2, 0x08, 0x00, 0x00, 0x00, 0x00, 0x00, 0x00, 0x00, 0x00, 0x00, 0x00, 0x00, 0x00, 0x00, 0x00, 0x00, 0xE9, 0xD2, 0x8F, 0xE9, 0xD2, 0xBF,
    0xE9, 0xD2, 0x5C, 0x00, 0x00, 0x00, 0x00, 0x00, 0x00, 0x00, 0x00, 0x00, 0x00, 0x00, 0x00, 0x00, 0x00, 0x00, 0x00, 0x00, 0x00, 0x00, 0x00, 0x00,
    0xE9, 0xD2, 0x33, 0xE9, 0xD2, 0x99, 0xE9, 0xD2, 0xA8, 0xE9, 0xD2, 0x1E, 0x00, 0x00, 0x00, 0x00, 0x00, 0x00, 0x00, 0x00, 0x00, 0xE9, 0xD2, 0x9E,
    0xE9, 0xD2, 0xEB, 0xE9, 0xD2, 0x67, 0x00, 0x00, 0x00, 0xE9, 0xD2, 0x53, 0xE9, 0xD2, 0x40, 0xE9, 0xD2, 0x19, 0xE9, 0xD2, 0x01, 0x00, 0x00, 0x00,
    0x00, 0x00, 0x00, 0x00, 0x00, 0x00, 0x00, 0x00, 0x00, 0x00, 0x00, 0x00, 0xE9, 0xD2, 0x94, 0xE9, 0xD2, 0x5E, 0xE9, 0xD2, 0x01, 0x00, 0x00, 0x00,
    0x00, 0x00, 0x00, 0x00, 0x00, 0x00, 0x00, 0x00, 0x00, 0x00, 0x00, 0x00, 0x00, 0x00, 0x00, 0x00, 0x00, 0x00, 0x00, 0x00, 0x00, 0x00, 0x00, 0x00,
    0x00, 0x00, 0x00, 0x00, 0x00, 0x00, 0x00, 0x00, 0x00, 0x00, 0x00, 0x00, 0x00, 0x00, 0x00, 0x00, 0x00, 0x00, 0x00, 0x00, 0x00, 0x00, 0x00, 0x00,
    0x00, 0x00, 0x00, 0x00, 0x00, 0x00, 0x00, 0x00, 0x00, 0x00, 0x00, 0x00, 0x00, 0x00, 0x00, 0xE9, 0xD2, 0x03, 0xE9, 0xD2, 0x0B, 0xE9, 0xD2, 0x0A,
    0x00, 0x00, 0x00, 0x00, 0x00, 0x00, 0x00, 0x00, 0x00, 0x00, 0x00, 0x00, 0x00, 0x00, 0x00, 0x00, 0x00, 0x00, 0x00, 0x00, 0x00, 0x00, 0x00, 0x00,
    0x00, 0x00, 0x00, 0x00, 0x00, 0x00, 0x00, 0x00, 0x00, 0x00, 0x00, 0x00, 0x00, 0x00, 0x00, 0x00, 0x00, 0x00, 0x00, 0x00, 0x00, 0x00, 0x00, 0x00,
    0x00, 0x00, 0x00, 0x00, 0x00, 0x00, 0x00, 0x00, 0x00, 0x00, 0x00, 0x00, 0x00, 0x00, 0x00, 0x00, 0x00, 0x00, 0x00, 0x00, 0x00, 0x00, 0x00, 0x00,
    0x00, 0x00, 0x00, 0x00, 0x00, 0x00, 0x00, 0x00, 0x00, 0x00, 0x00, 0x00, 0x00, 0x00, 0x00, 0x00, 0x00, 0x00, 0x00, 0x00, 0x00, 0x00, 0x00, 0x00,
    0x00, 0x00, 0x00, 0x00, 0x00, 0x00, 0x00, 0x00, 0x00, 0x00, 0x00, 0x00, 0x00, 0x00, 0x00, 0x00, 0x00, 0x00, 0x00, 0x00, 0x00, 0x00, 0x00, 0x00,
    0x00, 0x00, 0x00, 0x00, 0x00, 0x00, 0x00, 0x00, 0x00, 0x00, 0x00, 0x00, 0x00, 0x00, 0x00, 0x00, 0x00, 0x00, 0x00, 0x00, 0x00, 0x00, 0x00, 0x00,
    0x00, 0x00, 0x00, 0x00, 0x00, 0x00, 0x00, 0x00, 0x00, 0x00, 0x00, 0x00, 0x00, 0x00, 0x00, 0x00, 0x00, 0x00, 0x00, 0x00, 0x00, 0x00, 0x00, 0x00,
    0x00, 0x00, 0x00, 0x00, 0x00, 0x00, 0x00, 0x00, 0x00, 0x00, 0x00, 0x00, 0x00, 0x00, 0x00, 0x00, 0x00, 0x00, 0x00, 0x00, 0x00, 0x00, 0x00, 0x00,
    0x00, 0x00, 0x00, 0x00, 0x00, 0x00, 0x00, 0x00, 0x00, 0x00, 0x00, 0x00, 0x00, 0x00, 0x00, 0x00, 0x00, 0x00, 0x00, 0x00, 0x00, 0x00, 0x00, 0x00,
    0x00, 0x00, 0x00, 0x00, 0x00, 0x00, 0x00, 0x00, 0x00, 0x00, 0x00, 0x00, 0x00, 0x00, 0x00, 0x00, 0x00, 0x00, 0x00, 0x00, 0x00, 0x00, 0x00, 0x00,
    0x00, 0x00, 0x00, 0x00, 0x00, 0x00, 0x00, 0x00, 0x00, 0x00, 0x00, 0x00, 0x00, 0x00, 0x00, 0x00, 0x00, 0x00, 0x00, 0x00, 0x00, 0x00, 0x00, 0x00,
    0x00, 0x00, 0x00, 0x00, 0x00, 0x00, 0x00, 0x00, 0x00, 0x00, 0x00, 0x00, 0x00, 0x00, 0x00, 0x00, 0x00, 0x00, 0x00, 0x00, 0x00, 0x00, 0x00, 0x00,
    0x00, 0x00, 0x00, 0x00, 0x00, 0x00, 0x00, 0x00, 0x00, 0x00, 0x00, 0x00, 0x00, 0x00, 0x00, 0x00, 0x00, 0x00, 0x00, 0x00, 0x00, 0x00, 0x00, 0x00,
    0x00, 0x00, 0x00, 0x00, 0x00, 0x00, 0x00, 0x00, 0x00, 0x00, 0x00, 0x00, 0x00, 0x00, 0x00, 0x00, 0x00, 0x00, 0x00, 0x00, 0x00, 0x00, 0x00, 0x00,
    0x00, 0x00, 0x00, 0x00, 0x00, 0x00, 0x00, 0x00, 0x00, 0x00, 0x00, 0x00, 0x00, 0x00, 0x00, 0x00, 0x00, 0x00, 0x00, 0x00, 0x00, 0x00, 0x00, 0x00,
    0x00, 0x00, 0x00, 0x00, 0x00, 0x00, 0x00, 0x00, 0x00, 0x00, 0x00, 0x00, 0x00, 0x00, 0x00, 0x00, 0x00, 0x00, 0x00, 0x00, 0x00, 0x00, 0x00, 0x00,
    0x00, 0x00, 0x00, 0x00, 0x00, 0x00, 0x00, 0x00, 0x00, 0x00, 0x00, 0x00, 0x00, 0x00, 0x00, 0x00, 0x00, 0x00, 0x00, 0x00, 0x00, 0x00, 0x00, 0x00,
    0x00, 0x00, 0x00, 0x00, 0x00, 0x00, 0x00, 0x00, 0x00, 0x00, 0x00, 0x00, 0x00, 0x00, 0x00, 0x00, 0x00, 0x00, 0x00, 0x00, 0x00, 0x00, 0x00, 0x00,
    0x00, 0x00, 0x00, 0x00, 0x00, 0x00, 0x00, 0x00, 0x00, 0x00, 0x00, 0x00, 0x00, 0x00, 0x00, 0x00, 0x00, 0x00, 0x00, 0x00, 0x00, 0x00, 0x00, 0x00,
    0x00, 0x00, 0x00, 0x00, 0x00, 0x00, 0x00, 0x00, 0x00, 0x00, 0x00, 0x00, 0x00, 0x00, 0x00, 0x00, 0x00, 0x00, 0x00, 0x00, 0x00, 0x00, 0x00, 0x00,
    0x00, 0x00, 0x00, 0x00, 0x00, 0x00, 0x00, 0x00, 0x00, 0x00, 0x00, 0x00, 0x00, 0x00, 0x00, 0x00, 0x00, 0x00, 0x00, 0x00, 0x00, 0x00, 0x00, 0x00,
    0x00, 0x00, 0x00, 0x00, 0x00, 0x00, 0x00, 0x00, 0x00, 0x00, 0x00, 0x00, 0x00, 0x00, 0x00, 0x00, 0x00, 0x00, 0x00, 0x00, 0x00, 0x00, 0x00, 0x00,
    0x00, 0x00, 0x00, 0x00, 0x00, 0x00, 0x00, 0x00, 0x00, 0x00, 0x00, 0x00, 0x00, 0x00, 0x00, 0x00, 0x00, 0x00, 0x00, 0x00, 0x00, 0x00, 0x00, 0x00,
    0x00, 0x00, 0x00, 0x00, 0x00, 0x00, 0x00, 0x00, 0x00, 0x00, 0x00, 0x00, 0x00, 0x00, 0x00, 0x00, 0x00, 0x00, 0x00, 0x00, 0x00, 0x00, 0x00, 0x00,
    0x00, 0x00, 0x00, 0x00, 0x00, 0x00, 0x00, 0x00, 0x00, 0x00, 0x00, 0x00, 0x00, 0x00, 0x00, 0x00, 0x00, 0x00, 0x00, 0x00, 0x00, 0x00, 0x00, 0x00,
    0x00, 0x00, 0x00, 0x00, 0x00, 0x00, 0x00, 0x00, 0x00, 0x00, 0x00, 0x00, 0x00, 0x00, 0x00, 0x00, 0x00, 0x00, 0x00, 0x00, 0x00, 0x00, 0x00, 0x00,
    0x00, 0x00, 0x00, 0x00, 0x00, 0x00, 0x00, 0x00, 0x00, 0x00, 0x00, 0x00, 0x00, 0x00, 0x00, 0x00, 0x00, 0x00, 0x00, 0x00, 0x00, 0x00, 0x00, 0x00,
    0x00, 0x00, 0x00, 0x00, 0x00, 0x00, 0x00, 0x00, 0x00, 0x00, 0x00, 0x00, 0x00, 0x00, 0x00, 0x00, 0x00, 0x00, 0x00, 0x00, 0x00, 0x00, 0x00, 0x00,
    0x00, 0x00, 0x00, 0x00, 0x00, 0x00, 0x00, 0x00, 0x00, 0x00, 0x00, 0x00, 0x00, 0x00, 0x00, 0x00, 0x00, 0x00, 0x00, 0x00, 0x00, 0x00, 0x00, 0x00,
    0x00, 0x00, 0x00, 0x00, 0x00, 0x00, 0x00, 0x00, 0x00, 0x00, 0x00, 0x00, 0x00, 0x00, 0x00, 0x00, 0x00, 0x00, 0x00, 0x00, 0x00, 0x00, 0x00, 0x00,
    0x00, 0x00, 0x00, 0x00, 0x00, 0x00, 0x00, 0x00, 0x00, 0x00, 0x00, 0x00, 0x00, 0x00, 0x00, 0x00, 0x00, 0x00, 0x00, 0x00, 0x00, 0x00, 0x00, 0x00,
    0x00, 0x00, 0x00, 0x00, 0x00, 0x00, 0x00, 0x00, 0x00, 0x00, 0x00, 0x00, 0x00, 0x00, 0x00, 0x00, 0x00, 0x00, 0x00, 0x00, 0x00, 0x00, 0x00, 0x00,
    0x00, 0x00, 0x00, 0x00, 0x00, 0x00, 0x00, 0x00, 0x00, 0x00, 0x00, 0x00, 0x00, 0x00, 0x00, 0x00, 0x00, 0x00, 0x00, 0x00, 0x00, 0x00, 0x00, 0x00,
    0x00, 0x00, 0x00, 0x00, 0x00, 0x00, 0x00, 0x00, 0x00, 0x00, 0x00, 0x00, 0x00, 0x00, 0x00, 0x00, 0x00, 0x00, 0x00, 0x00, 0x00, 0x00, 0x00, 0x00,
};
const lv_img_dsc_t rehab_feedback_upper = {
    .header.always_zero = 0,
    .header.w = 74,
    .header.h = 24,
    .data_size = 5328,
    .header.cf = LV_IMG_CF_TRUE_COLOR_ALPHA,
    .data = rehab_feedback_upper_map,
};

#ifndef LV_ATTRIBUTE_IMG_REHAB_FEEDBACK_PLANE
#define LV_ATTRIBUTE_IMG_REHAB_FEEDBACK_PLANE
#endif
const LV_ATTRIBUTE_MEM_ALIGN LV_ATTRIBUTE_LARGE_CONST LV_ATTRIBUTE_IMG_REHAB_FEEDBACK_PLANE uint8_t rehab_feedback_plane_map[] = {
    0x00, 0x00, 0x00, 0x00, 0x00, 0x00, 0x00, 0x00, 0x00, 0x00, 0x00, 0x00, 0x00, 0x00, 0x00, 0x00, 0x00, 0x00, 0x00, 0x00, 0x00, 0x00, 0x00, 0x00,
    0x00, 0x00, 0x00, 0x00, 0x00, 0x00, 0x00, 0x00, 0x00, 0x00, 0x00, 0x00, 0x00, 0x00, 0x00, 0x00, 0x00, 0x00, 0x00, 0x00, 0x00, 0x00, 0x00, 0x00,
    0x00, 0x00, 0x00, 0x00, 0x00, 0x00, 0x00, 0x00, 0x00, 0x00, 0x00, 0x00, 0x00, 0x00, 0x00, 0x00, 0x00, 0x00, 0x00, 0x00, 0x00, 0x00, 0x00, 0x00,
    0x00, 0x00, 0x00, 0x00, 0x00, 0x00, 0x00, 0x00, 0x00, 0x00, 0x00, 0x00, 0x00, 0x00, 0x00, 0x00, 0x00, 0x00, 0x00, 0x00, 0x00, 0x00, 0x00, 0x00,
    0x00, 0x00, 0x00, 0x00, 0x00, 0x00, 0x00, 0x00, 0x00, 0x00, 0x00, 0x00, 0x00, 0x00, 0x00, 0x00, 0x00, 0x00, 0x00, 0x00, 0x00, 0x00, 0x00, 0x00,
    0x00, 0x00, 0x00, 0x00, 0x00, 0x00, 0x00, 0x00, 0x00, 0x00, 0x00, 0x00, 0x00, 0x00, 0x00, 0x00, 0x00, 0x00, 0x00, 0x00, 0x00, 0x00, 0x00, 0x00,
    0x00, 0x00, 0x00, 0x00, 0x00, 0x00, 0x00, 0x00, 0x00, 0x00, 0x00, 0x00, 0x00, 0x00, 0x00, 0x00, 0x00, 0x00, 0x00, 0x00, 0x00, 0x00, 0x00, 0x00,
    0x00, 0x00, 0x00, 0x00, 0x00, 0x00, 0x00, 0x00, 0x00, 0x00, 0x00, 0x00, 0x00, 0x00, 0x00, 0x00, 0x00, 0x00, 0x00, 0x00, 0x00, 0x00, 0x00, 0x00,
    0x00, 0x00, 0x00, 0x00, 0x00, 0x00, 0x00, 0x00, 0x00, 0x00, 0x00, 0x00, 0x00, 0x00, 0x00, 0x00, 0x00, 0x00, 0x00, 0x00, 0x00, 0x00, 0x00, 0x00,
    0x00, 0x00, 0x00, 0x00, 0x00, 0x00, 0x00, 0x00, 0x00, 0x00, 0x00, 0x00, 0x00, 0x00, 0x00, 0x00, 0x00, 0x00, 0x00, 0x00, 0x00, 0x00, 0x00, 0x00,
    0x00, 0x00, 0x00, 0x00, 0x00, 0x00, 0x00, 0x00, 0x00, 0x00, 0x00, 0x00, 0x00, 0x00, 0x00, 0x00, 0x00, 0x00, 0x00, 0x00, 0x00, 0x00, 0x00, 0x00,
    0x00, 0x00, 0x00, 0x00, 0x00, 0x00, 0x00, 0x00, 0x00, 0x00, 0x00, 0x00, 0x00, 0x00, 0x00, 0x00, 0x00, 0x00, 0x00, 0x00, 0x00, 0x00, 0x00, 0x00,
    0x00, 0x00, 0x00, 0x00, 0x00, 0x00, 0x00, 0x00, 0x00, 0x00, 0x00, 0x00, 0x00, 0x00, 0x00, 0x00, 0x00, 0x00, 0x00, 0x00, 0x00, 0x00, 0x00, 0x00,
    0x00, 0x00, 0x00, 0x00, 0x00, 0x00, 0x00, 0x00, 0x00, 0x00, 0x00, 0x00, 0x00, 0x00, 0x00, 0x00, 0x00, 0x00, 0x00, 0x00, 0x00, 0x00, 0x00, 0x00,
    0x00, 0x00, 0x00, 0x00, 0x00, 0x00, 0x00, 0x00, 0x00, 0x00, 0x00, 0x00, 0x00, 0x00, 0x00, 0x00, 0x00, 0x00, 0x00, 0x00, 0x00, 0x00, 0x00, 0x00,
    0x00, 0x00, 0x00, 0x00, 0x00, 0x00, 0x00, 0x00, 0x00, 0x00, 0x00, 0x00, 0x00, 0x00, 0x00, 0x00, 0x00, 0x00, 0x00, 0x00, 0x00, 0x00, 0x00, 0x00,
    0x00, 0x00, 0x00, 0x00, 0x00, 0x00, 0x00, 0x00, 0x00, 0x00, 0x00, 0x00, 0x00, 0x00, 0x00, 0x00, 0x00, 0x00, 0x00, 0x00, 0x00, 0x00, 0x00, 0x00,
    0x00, 0x00, 0x00, 0x00, 0x00, 0x00, 0x00, 0x00, 0x00, 0x00, 0x00, 0x00, 0x00, 0x00, 0x00, 0x00, 0x00, 0x00, 0x00, 0x00, 0x00, 0x00, 0x00, 0x00,
    0x00, 0x00, 0x00, 0x00, 0x00, 0x00, 0x00, 0x00, 0x00, 0x00, 0x00, 0x00, 0x00, 0x00, 0x00, 0x00, 0x00, 0x00, 0x00, 0x00, 0x00, 0x00, 0x00, 0x00,
    0x00, 0x00, 0x00, 0x00, 0x00, 0x00, 0x00, 0x00, 0x00, 0x00, 0x00, 0x00, 0x00, 0x00, 0x00, 0x00, 0x00, 0x00, 0x00, 0x00, 0x00, 0x00, 0x00, 0x00,
    0x00, 0x00, 0x00, 0x00, 0x00, 0x00, 0x00, 0x00, 0x00, 0x00, 0x00, 0x00, 0x00, 0x00, 0x00, 0x00, 0x00, 0x00, 0x00, 0x00, 0x00, 0x00, 0x00, 0x00,
    0x00, 0x00, 0x00, 0x00, 0x00, 0x00, 0x00, 0x00, 0x00, 0x00, 0x00, 0x00, 0x00, 0x00, 0x00, 0x00, 0x00, 0x00, 0x00, 0x00, 0x00, 0x00, 0x00, 0x00,
    0x00, 0x00, 0x00, 0x00, 0x00, 0x00, 0x00, 0x00, 0x00, 0x00, 0x00, 0x00, 0x00, 0x00, 0x00, 0x00, 0x00, 0x00, 0x00, 0x00, 0x00, 0x00, 0x00, 0x00,
    0x00, 0x00, 0x00, 0x00, 0x00, 0x00, 0x00, 0x00, 0x00, 0x00, 0x00, 0x00, 0x00, 0x00, 0x00, 0xE9, 0xD2, 0x9B, 0xE9, 0xD2, 0x7D, 0xE9, 0xD2, 0x19,
    0x00, 0x00, 0x00, 0x00, 0x00, 0x00, 0x00, 0x00, 0x00, 0xE9, 0xD2, 0x90, 0xE9, 0xD2, 0xD5, 0xE9, 0xD2, 0x25, 0x00, 0x00, 0x00, 0x00, 0x00, 0x00,
    0x00, 0x00, 0x00, 0x00, 0x00, 0x00, 0x00, 0x00, 0x00, 0x00, 0x00, 0x00, 0x00, 0x00, 0x00, 0x00, 0x00, 0x00, 0x00, 0x00, 0x00, 0x00, 0x00, 0x00,
    0x00, 0x00, 0x00, 0x00, 0x00, 0x00, 0xE9, 0xD2, 0x4C, 0xE9, 0xD2, 0xC0, 0xE9, 0xD2, 0x6B, 0x00, 0x00, 0x00, 0x00, 0x00, 0x00, 0x00, 0x00, 0x00,
    0x00, 0x00, 0x00, 0x00, 0x00, 0x00, 0x00, 0x00, 0x00, 0x00, 0x00, 0x00, 0x00, 0x00, 0x00, 0x00, 0x00, 0x00, 0x00, 0x00, 0x00, 0x00, 0x00, 0x00,
    0xE9, 0xD2, 0x37, 0xE9, 0xD2, 0xFF, 0xE9, 0xD2, 0xFF, 0xE9, 0xD2, 0xFF, 0xE9, 0xD2, 0xFF, 0xE9, 0xD2, 0xFF, 0xE9, 0xD2, 0xFF, 0xE9, 0xD2, 0xFF,
    0xE9, 0xD2, 0xFF, 0xE9, 0xD2, 0xFF, 0xE9, 0xD2, 0xFF, 0xE9, 0xD2, 0xFF, 0xE9, 0xD2, 0xFF, 0xE9, 0xD2, 0xFF, 0xE9, 0xD2, 0xFF, 0xE9, 0xD2, 0x2B,
    0x00, 0x00, 0x00, 0xE9, 0xD2, 0x1B, 0xE9, 0xD2, 0xFF, 0xE9, 0xD2, 0xFF, 0xE9, 0xD2, 0xFF, 0xE9, 0xD2, 0xFF, 0xE9, 0xD2, 0xFF, 0xE9, 0xD2, 0xFF,
    0xE9, 0xD2, 0xFF, 0xE9, 0xD2, 0xFF, 0xE9, 0xD2, 0xFF, 0xE9, 0xD2, 0xFF, 0xE9, 0xD2, 0xFF, 0xE9, 0xD2, 0xFF, 0xE9, 0xD2, 0xFF, 0xE9, 0xD2, 0xFF,
    0xE9, 0xD2, 0xFF, 0xE9, 0xD2, 0xFF, 0xE9, 0xD2, 0x2B, 0x00, 0x00, 0x00, 0x00, 0x00, 0x00, 0x00, 0x00, 0x00, 0xE9, 0xD2, 0x38, 0xE9, 0xD2, 0xFF,
    0xE9, 0xD2, 0xFC, 0xE9, 0xD2, 0x22, 0x00, 0x00, 0x00, 0x00, 0x00, 0x00, 0x00, 0x00, 0x00, 0xE9, 0xD2, 0xB0, 0xE9, 0xD2, 0xFF, 0xE9, 0xD2, 0x8E,
    0x00, 0x00, 0x00, 0x00, 0x00, 0x00, 0x00, 0x00, 0x00, 0x00, 0x00, 0x00, 0x00, 0x00, 0x00, 0x00, 0x00, 0x00, 0x00, 0x00, 0x00, 0x00, 0x00, 0x00,
    0x00, 0x00, 0x00, 0x00, 0x00, 0x00, 0x00, 0x00, 0x00, 0x00, 0x00, 0x00, 0xE9, 0xD2, 0x6B, 0xE9, 0xD2, 0xFF, 0xE9, 0xD2, 0xCE, 0x00, 0x00, 0x00,
    0x00, 0x00, 0x00, 0x00, 0x00, 0x00, 0x00, 0x00, 0x00, 0x00, 0x00, 0x00, 0x00, 0x00, 0x00, 0x00, 0x00, 0x00, 0x00, 0x00, 0x00, 0x00, 0x00, 0x00,
    0x00, 0x00, 0x00, 0x00, 0x00, 0x00, 0xE9, 0xD2, 0x37, 0xE9, 0xD2, 0xFF, 0xE9, 0xD2, 0xFF, 0xE9, 0xD2, 0xFF, 0xE9, 0xD2, 0xFF, 0xE9, 0xD2, 0xFF,
    0xE9, 0xD2, 0xFF, 0xE9, 0xD2, 0xFF, 0xE9, 0xD2, 0xFF, 0xE9, 0xD2, 0xFF, 0xE9, 0xD2, 0xFF, 0xE9, 0xD2, 0xFF, 0xE9, 0xD2, 0xFF, 0xE9, 0xD2, 0xFF,
    0xE9, 0xD2, 0xFF, 0xE9, 0xD2, 0x2B, 0x00, 0x00, 0x00, 0xE9, 0xD2, 0x1B, 0xE9, 0xD2, 0xFF, 0xE9, 0xD2, 0xFF, 0xE9, 0xD2, 0xFF, 0xE9, 0xD2, 0xFF,
    0xE9, 0xD2, 0xFF, 0xE9, 0xD2, 0xFF, 0xE9, 0xD2, 0xFF, 0xE9, 0xD2, 0xFF, 0xE9, 0xD2, 0xFF, 0xE9, 0xD2, 0xFF, 0xE9, 0xD2, 0xFF, 0xE9, 0xD2, 0xFF,
    0xE9, 0xD2, 0xFF, 0xE9, 0xD2, 0xFF, 0xE9, 0xD2, 0xFF, 0xE9, 0xD2, 0xFF, 0xE9, 0xD2, 0x2B, 0x00, 0x00, 0x00, 0x00, 0x00, 0x00, 0x00, 0x00, 0x00,
    0xE9, 0xD2, 0xB3, 0xE9, 0xD2, 0xFF, 0xE9, 0xD2, 0xA5, 0xE9, 0xD2, 0xBB, 0xE9, 0xD2, 0xFF, 0xE9, 0xD2, 0xFF, 0xE9, 0xD2, 0xFF, 0xE9, 0xD2, 0xFF,
    0xE9, 0xD2, 0xFF, 0xE9, 0xD2, 0xFF, 0xE9, 0xD2, 0xFF, 0xE9, 0xD2, 0xFF, 0xE9, 0xD2, 0xFF, 0xE9, 0xD2, 0x8F, 0x00, 0x00, 0x00, 0x00, 0x00, 0x00,
    0xE9, 0xD2, 0xF7, 0xE9, 0xD2, 0xFF, 0xE9, 0xD2, 0xFF, 0xE9, 0xD2, 0xFF, 0xE9, 0xD2, 0xFF, 0xE9, 0xD2, 0xFF, 0xE9, 0xD2, 0xFF, 0xE9, 0xD2, 0xFF,
    0xE9, 0xD2, 0xFF, 0xE9, 0xD2, 0xFF, 0xE9, 0xD2, 0xFF, 0xE9, 0xD2, 0xFF, 0xE9, 0xD2, 0xFF, 0xE9, 0xD2, 0xFF, 0xE9, 0xD2, 0xFF, 0xE9, 0xD2, 0xFF,
    0xE9, 0xD2, 0x07, 0x00, 0x00, 0x00, 0x00, 0x00, 0x00, 0x00, 0x00, 0x00, 0xE9, 0xD2, 0x08, 0xE9, 0xD2, 0x27, 0xE9, 0xD2, 0x27, 0xE9, 0xD2, 0x41,
    0xE9, 0xD2, 0x27, 0xE9, 0xD2, 0x27, 0xE9, 0xD2, 0x46, 0xE9, 0xD2, 0xFF, 0xE9, 0xD2, 0xFF, 0xE9, 0xD2, 0x3F, 0xE9, 0xD2, 0x27, 0xE9, 0xD2, 0x27,
    0xE9, 0xD2, 0x52, 0xE9, 0xD2, 0x29, 0xE9, 0xD2, 0x27, 0xE9, 0xD2, 0x06, 0x00, 0x00, 0x00, 0xE9, 0xD2, 0x01, 0xE9, 0xD2, 0x0B, 0xE9, 0xD2, 0x0B,
    0xE9, 0xD2, 0x0B, 0xE9, 0xD2, 0x0B, 0xE9, 0xD2, 0x0B, 0xE9, 0xD2, 0x0B, 0xE9, 0xD2, 0x99, 0xE9, 0xD2, 0xFF, 0xE9, 0xD2, 0xDA, 0xE9, 0xD2, 0x0B,
    0xE9, 0xD2, 0x0B, 0xE9, 0xD2, 0x0B, 0xE9, 0xD2, 0x0B, 0xE9, 0xD2, 0x0B, 0xE9, 0xD2, 0x0B, 0xE9, 0xD2, 0x0B, 0xE9, 0xD2, 0x02, 0x00, 0x00, 0x00,
    0x00, 0x00, 0x00, 0xE9, 0xD2, 0x2F, 0xE9, 0xD2, 0xFF, 0xE9, 0xD2, 0xFF, 0xE9, 0xD2, 0x2E, 0xE9, 0xD2, 0xBB, 0xE9, 0xD2, 0xFF, 0xE9, 0xD2, 0xCE,
    0xE9, 0xD2, 0xBF, 0xE9, 0xD2, 0xBF, 0xE9, 0xD2, 0xBF, 0xE9, 0xD2, 0xBF, 0xE9, 0xD2, 0xBF, 0xE9, 0xD2, 0xE1, 0xE9, 0xD2, 0xFF, 0xE9, 0xD2, 0x8F,
    0x00, 0x00, 0x00, 0x00, 0x00, 0x00, 0xE9, 0xD2, 0xD1, 0xE9, 0xD2, 0xD7, 0xE9, 0xD2, 0xD7, 0xE9, 0xD2, 0xD7, 0xE9, 0xD2, 0xD7, 0xE9, 0xD2, 0xDA,
    0xE9, 0xD2, 0xD7, 0xE9, 0xD2, 0xD7, 0xE9, 0xD2, 0xD7, 0xE9, 0xD2, 0xD8, 0xE9, 0xD2, 0xE4, 0xE9, 0xD2, 0xD7, 0xE9, 0xD2, 0xD7, 0xE9, 0xD2, 0xD7,
    0xE9, 0xD2, 0xD7, 0xE9, 0xD2, 0xD7, 0xE9, 0xD2, 0x06, 0x00, 0x00, 0x00, 0x00, 0x00, 0x00, 0x00, 0x00, 0x00, 0x00, 0x00, 0x00, 0xE9, 0xD2, 0x07,
    0xE9, 0xD2, 0xCC, 0xE9, 0xD2, 0xFE, 0xE9, 0xD2, 0x27, 0x00, 0x00, 0x00, 0xE9, 0xD2, 0x23, 0xE9, 0xD2, 0xFF, 0xE9, 0xD2, 0xFF, 0xE9, 0xD2, 0x1B,
    0x00, 0x00, 0x00, 0xE9, 0xD2, 0x24, 0xE9, 0xD2, 0xFF, 0xE9, 0xD2, 0xE9, 0xE9, 0xD2, 0x36, 0x00, 0x00, 0x00, 0x00, 0x00, 0x00, 0x00, 0x00, 0x00,
    0x00, 0x00, 0x00, 0x00, 0x00, 0x00, 0x00, 0x00, 0x00, 0x00, 0x00, 0x00, 0x00, 0x00, 0x00, 0x00, 0x00, 0x00, 0xE9, 0xD2, 0xB5, 0xE9, 0xD2, 0xFF,
    0xE9, 0xD2, 0x99, 0x00, 0x00, 0x00, 0x00, 0x00, 0x00, 0x00, 0x00, 0x00, 0x00, 0x00, 0x00, 0x00, 0x00, 0x00, 0x00, 0x00, 0x00, 0x00, 0x00, 0x00,
    0x00, 0x00, 0x00, 0x00, 0x00, 0x00, 0xE9, 0xD2, 0x03, 0xE9, 0xD2, 0xC7, 0xE9, 0xD2, 0xFF, 0xE9, 0xD2, 0xBF, 0x00, 0x00, 0x00, 0xE9, 0xD2, 0xBB,
    0xE9, 0xD2, 0xFF, 0xE9, 0xD2, 0x3B, 0x00, 0x00, 0x00, 0x00, 0x00, 0x00, 0x00, 0x00, 0x00, 0x00, 0x00, 0x00, 0x00, 0x00, 0x00, 0xE9, 0xD2, 0x87,
    0xE9, 0xD2, 0xFF, 0xE9, 0xD2, 0x8F, 0x00, 0x00, 0x00, 0x00, 0x00, 0x00, 0x00, 0x00, 0x00, 0xE9, 0xD2, 0x0D, 0xE9, 0xD2, 0x8F, 0xE9, 0xD2, 0x8D,
    0xE9, 0xD2, 0x0B, 0xE9, 0xD2, 0xD1, 0xE9, 0xD2, 0xA3, 0xE9, 0xD2, 0x2D, 0xE9, 0xD2, 0x19, 0xE9, 0xD2, 0xB0, 0xE9, 0xD2, 0xEE, 0xE9, 0xD2, 0x27,
    0xE9, 0xD2, 0x96, 0xE9, 0xD2, 0xAB, 0xE9, 0xD2, 0x30, 0x00, 0x00, 0x00, 0x00, 0x00, 0x00, 0x00, 0x00, 0x00, 0x00, 0x00, 0x00, 0x00, 0x00, 0x00,
    0x00, 0x00, 0x00, 0x00, 0x00, 0x00, 0xE9, 0xD2, 0xB6, 0xE9, 0xD2, 0xFF, 0xE9, 0xD2, 0x94, 0x00, 0x00, 0x00, 0xE9, 0xD2, 0x23, 0xE9, 0xD2, 0xFF,
    0xE9, 0xD2, 0xFF, 0xE9, 0xD2, 0x1B, 0x00, 0x00, 0x00, 0xE9, 0xD2, 0x7B, 0xE9, 0xD2, 0xFF, 0xE9, 0xD2, 0xE2, 0xE9, 0xD2, 0x04, 0x00, 0x00, 0x00,
    0x00, 0x00, 0x00, 0x00, 0x00, 0x00, 0xE9, 0xD2, 0x5C, 0xE9, 0xD2, 0xF7, 0xE9, 0xD2, 0xF7, 0xE9, 0xD2, 0xF7, 0xE9, 0xD2, 0xF7, 0xE9, 0xD2, 0xF7,
    0xE9, 0xD2, 0xFE, 0xE9, 0xD2, 0xFF, 0xE9, 0xD2, 0xFB, 0xE9, 0xD2, 0xF7, 0xE9, 0xD2, 0xF7, 0xE9, 0xD2, 0xF7, 0xE9, 0xD2, 0xF7, 0xE9, 0xD2, 0xF7,
    0xE9, 0xD2, 0xF7, 0xE9, 0xD2, 0x55, 0x00, 0x00, 0x00, 0x00, 0x00, 0x00, 0xE9, 0xD2, 0x82, 0xE9, 0xD2, 0xFF, 0xE9, 0xD2, 0xFF, 0xE9, 0xD2, 0xAB,
    0x00, 0x00, 0x00, 0xE9, 0xD2, 0xBC, 0xE9, 0xD2, 0xFF, 0xE9, 0xD2, 0xCE, 0xE9, 0xD2, 0xBF, 0xE9, 0xD2, 0xBF, 0xE9, 0xD2, 0xBF, 0xE9, 0xD2, 0xBF,
    0xE9, 0xD2, 0xBF, 0xE9, 0xD2, 0xE1, 0xE9, 0xD2, 0xFF, 0xE9, 0xD2, 0x8F, 0x00, 0x00, 0x00, 0x00, 0x00, 0x00, 0x00, 0x00, 0x00, 0xE9, 0xD2, 0x17,
    0xE9, 0xD2, 0xFF, 0xE9, 0xD2, 0xFB, 0xE9, 0xD2, 0x04, 0xE9, 0xD2, 0x5A, 0xE9, 0xD2, 0xD5, 0xE9, 0xD2, 0xFF, 0xE9, 0xD2, 0xF5, 0xE9, 0xD2, 0xED,
    0xE9, 0xD2, 0x37, 0x00, 0x00, 0x00, 0xE9, 0xD2, 0xDF, 0xE9, 0xD2, 0xFF, 0xE9, 0xD2, 0x47, 0x00, 0x00, 0x00, 0x00, 0x00, 0x00, 0x00, 0x00, 0x00,
    0x00, 0x00, 0x00, 0x00, 0x00, 0x00, 0x00, 0x00, 0x00, 0x00, 0x00, 0x00, 0xE9, 0xD2, 0x56, 0xE9, 0xD2, 0xFF, 0xE9, 0xD2, 0xEA, 0xE9, 0xD2, 0x02,
    0xE9, 0xD2, 0x23, 0xE9, 0xD2, 0xFF, 0xE9, 0xD2, 0xFF, 0xE9, 0xD2, 0x1B, 0xE9, 0xD2, 0x03, 0xE9, 0xD2, 0xDF, 0xE9, 0xD2, 0xFF, 0xE9, 0xD2, 0x6E,
    0x00, 0x00, 0x00, 0x00, 0x00, 0x00, 0x00, 0x00, 0x00, 0x00, 0x00, 0x00, 0xE9, 0xD2, 0x5F, 0xE9, 0xD2, 0xFF, 0xE9, 0xD2, 0xFF, 0xE9, 0xD2, 0xFF,
    0xE9, 0xD2, 0xFF, 0xE9, 0xD2, 0xFF, 0xE9, 0xD2, 0xFF, 0xE9, 0xD2, 0xFF, 0xE9, 0xD2, 0xFF, 0xE9, 0xD2, 0xFF, 0xE9, 0xD2, 0xFF, 0xE9, 0xD2, 0xFF,
    0xE9, 0xD2, 0xFF, 0xE9, 0xD2, 0xFF, 0xE9, 0xD2, 0xFF, 0xE9, 0xD2, 0x57, 0x00, 0x00, 0x00, 0xE9, 0xD2, 0x5E, 0xE9, 0xD2, 0xFF, 0xE9, 0xD2, 0xFF,
    0xE9, 0xD2, 0xFF, 0xE9, 0xD2, 0xAB, 0x00, 0x00, 0x00, 0xE9, 0xD2, 0xBF, 0xE9, 0xD2, 0xFF, 0xE9, 0xD2, 0xFF, 0xE9, 0xD2, 0xFF, 0xE9, 0xD2, 0xFF,
    0xE9, 0xD2, 0xFF, 0xE9, 0xD2, 0xFF, 0xE9, 0xD2, 0xFF, 0xE9, 0xD2, 0xFF, 0xE9, 0xD2, 0xFF, 0xE9, 0xD2, 0x8F, 0x00, 0x00, 0x00, 0x00, 0x00, 0x00,
    0x00, 0x00, 0x00, 0xE9, 0xD2, 0x17, 0xE9, 0xD2, 0xFF, 0xE9, 0xD2, 0xFB, 0xE9, 0xD2, 0x2B, 0xE9, 0xD2, 0x9A, 0xE9, 0xD2, 0xF4, 0xE9, 0xD2, 0xED,
    0xE9, 0xD2, 0xCB, 0xE9, 0xD2, 0xFF, 0xE9, 0xD2, 0xC7, 0xE9, 0xD2, 0x38, 0xE9, 0xD2, 0xDF, 0xE9, 0xD2, 0xFF, 0xE9, 0xD2, 0x47, 0x00, 0x00, 0x00,
    0x00, 0x00, 0x00, 0x00, 0x00, 0x00, 0x00, 0x00, 0x00, 0x00, 0x00, 0x00, 0x00, 0x00, 0x00, 0x00, 0x00, 0x00, 0xE9, 0xD2, 0x11, 0xE9, 0xD2, 0xFD,
    0xE9, 0xD2, 0xF1, 0xE9, 0xD2, 0x25, 0xE9, 0xD2, 0x23, 0xE9, 0xD2, 0xFF, 0xE9, 0xD2, 0xFF, 0xE9, 0xD2, 0x1B, 0xE9, 0xD2, 0x40, 0xE9, 0xD2, 0xFD,
    0xE9, 0xD2, 0xE0, 0xE9, 0xD2, 0x07, 0x00, 0x00, 0x00, 0x00, 0x00, 0x00, 0x00, 0x00, 0x00, 0x00, 0x00, 0x00, 0xE9, 0xD2, 0x5F, 0xE9, 0xD2, 0xFF,
    0xE9, 0xD2, 0xB7, 0x00, 0x00, 0x00, 0xE9, 0xD2, 0x6F, 0xE9, 0xD2, 0xFF, 0xE9, 0xD2, 0x7B, 0x00, 0x00, 0x00, 0x00, 0x00, 0x00, 0xE9, 0xD2, 0xBF,
    0xE9, 0xD2, 0xFF, 0xE9, 0xD2, 0x33, 0x00, 0x00, 0x00, 0xE9, 0xD2, 0xDB, 0xE9, 0xD2, 0xFF, 0xE9, 0xD2, 0x57, 0x00, 0x00, 0x00, 0xE9, 0xD2, 0x6C,
    0xE9, 0xD2, 0xFF, 0xE9, 0xD2, 0xF9, 0xE9, 0xD2, 0xFF, 0xE9, 0xD2, 0xAB, 0x00, 0x00, 0x00, 0xE9, 0xD2, 0xC3, 0xE9, 0xD2, 0xFF, 0xE9, 0xD2, 0x34,
    0x00, 0x00, 0x00, 0x00, 0x00, 0x00, 0x00, 0x00, 0x00, 0x00, 0x00, 0x00, 0x00, 0x00, 0x00, 0x00, 0x00, 0x00, 0x00, 0x00, 0x00, 0x00, 0x00, 0x00,
    0x00, 0x00, 0x00, 0x00, 0x00, 0x00, 0x00, 0x00, 0x00, 0xE9, 0xD2, 0x17, 0xE9, 0xD2, 0xFF, 0xE9, 0xD2, 0xFB, 0xE9, 0xD2, 0x28, 0xE9, 0xD2, 0xD8,
    0xE9, 0xD2, 0x78, 0xE9, 0xD2, 0x0D, 0x00, 0x00, 0x00, 0xE9, 0xD2, 0x4C, 0xE9, 0xD2, 0xCD, 0xE9, 0xD2, 0x2D, 0xE9, 0xD2, 0xDF, 0xE9, 0xD2, 0xFF,
    0xE9, 0xD2, 0x47, 0x00, 0x00, 0x00, 0x00, 0x00, 0x00, 0x00, 0x00, 0x00, 0x00, 0x00, 0x00, 0x00, 0x00, 0x00, 0x00, 0x00, 0x00, 0x00, 0x00, 0x00,
    0x00, 0x00, 0x00, 0xE9, 0xD2, 0x3E, 0xE9, 0xD2, 0x07, 0x00, 0x00, 0x00, 0xE9, 0xD2, 0x23, 0xE9, 0xD2, 0xFF, 0xE9, 0xD2, 0xFF, 0xE9, 0xD2, 0x1B,
    0x00, 0x00, 0x00, 0xE9, 0xD2, 0x17, 0xE9, 0xD2, 0x2B, 0x00, 0x00, 0x00, 0x00, 0x00, 0x00, 0x00, 0x00, 0x00, 0x00, 0x00, 0x00, 0x00, 0x00, 0x00,
    0xE9, 0xD2, 0x5F, 0xE9, 0xD2, 0xFF, 0xE9, 0xD2, 0xB7, 0x00, 0x00, 0x00, 0xE9, 0xD2, 0x6F, 0xE9, 0xD2, 0xFF, 0xE9, 0xD2, 0xD6, 0xE9, 0xD2, 0xAF,
    0xE9, 0xD2, 0xAF, 0xE9, 0xD2, 0xEB, 0xE9, 0xD2, 0xFF, 0xE9, 0xD2, 0x33, 0x00, 0x00, 0x00, 0xE9, 0xD2, 0xDB, 0xE9, 0xD2, 0xFF, 0xE9, 0xD2, 0x57,
    0x00, 0x00, 0x00, 0xE9, 0xD2, 0x06, 0xE9, 0xD2, 0xD5, 0xE9, 0xD2, 0x7D, 0xE9, 0xD2, 0xFF, 0xE9, 0xD2, 0xAB, 0x00, 0x00, 0x00, 0xE9, 0xD2, 0xCB,
    0xE9, 0xD2, 0xFF, 0xE9, 0xD2, 0xB2, 0xE9, 0xD2, 0x9F, 0xE9, 0xD2, 0x9F, 0xE9, 0xD2, 0x9F, 0xE9, 0xD2, 0x9F, 0xE9, 0xD2, 0x9F, 0xE9, 0xD2, 0x9F,
    0xE9, 0xD2, 0x9F, 0xE9, 0xD2, 0x81, 0x00, 0x00, 0x00, 0x00, 0x00, 0x00, 0x00, 0x00, 0x00, 0xE9, 0xD2, 0x17, 0xE9, 0xD2, 0xFF, 0xE9, 0xD2, 0xFF,
    0xE9, 0xD2, 0xFF, 0xE9, 0xD2, 0xFF, 0xE9, 0xD2, 0xFF, 0xE9, 0xD2, 0xFF, 0xE9, 0xD2, 0xFF, 0xE9, 0xD2, 0xFF, 0xE9, 0xD2, 0xFF, 0xE9, 0xD2, 0xFF,
    0xE9, 0xD2, 0xFF, 0xE9, 0xD2, 0xFF, 0xE9, 0xD2, 0x47, 0x00, 0x00, 0x00, 0x00, 0x00, 0x00, 0x00, 0x00, 0x00, 0x00, 0x00, 0x00, 0xE9, 0xD2, 0x2B,
    0xE9, 0xD2, 0xFF, 0xE9, 0xD2, 0xFF, 0xE9, 0xD2, 0xFF, 0xE9, 0xD2, 0xFF, 0xE9, 0xD2, 0xFF, 0xE9, 0xD2, 0xFF, 0xE9, 0xD2, 0xFF, 0xE9, 0xD2, 0xFF,
    0xE9, 0xD2, 0xFF, 0xE9, 0xD2, 0xFF, 0xE9, 0xD2, 0xFF, 0xE9, 0xD2, 0xFF, 0xE9, 0xD2, 0xFF, 0xE9, 0xD2, 0xFF, 0xE9, 0xD2, 0xFF, 0xE9, 0xD2, 0xFF,
    0xE9, 0xD2, 0x37, 0x00, 0x00, 0x00, 0xE9, 0xD2, 0x5F, 0xE9, 0xD2, 0xFF, 0xE9, 0xD2, 0xB7, 0x00, 0x00, 0x00, 0xE9, 0xD2, 0x6F, 0xE9, 0xD2, 0xFF,
    0xE9, 0xD2, 0xFF, 0xE9, 0xD2, 0xFF, 0xE9, 0xD2, 0xFF, 0xE9, 0xD2, 0xFF, 0xE9, 0xD2, 0xFF, 0xE9, 0xD2, 0x33, 0x00, 0x00, 0x00, 0xE9, 0xD2, 0xDB,
    0xE9, 0xD2, 0xFF, 0xE9, 0xD2, 0x57, 0x00, 0x00, 0x00, 0x00, 0x00, 0x00, 0xE9, 0xD2, 0x0E, 0xE9, 0xD2, 0x5F, 0xE9, 0xD2, 0xFF, 0xE9, 0xD2, 0xAB,
    0x00, 0x00, 0x00, 0xE9, 0xD2, 0xDC, 0xE9, 0xD2, 0xFF, 0xE9, 0xD2, 0xF0, 0xE9, 0xD2, 0xFF, 0xE9, 0xD2, 0xFF, 0xE9, 0xD2, 0xFF, 0xE9, 0xD2, 0xFF,
    0xE9, 0xD2, 0xFF, 0xE9, 0xD2, 0xFF, 0xE9, 0xD2, 0xFF, 0xE9, 0xD2, 0xCF, 0x00, 0x00, 0x00, 0x00, 0x00, 0x00, 0x00, 0x00, 0x00, 0xE9, 0xD2, 0x0F,
    0xE9, 0xD2, 0xA3, 0xE9, 0xD2, 0xA3, 0xE9, 0xD2, 0xA3, 0xE9, 0xD2, 0xA3, 0xE9, 0xD2, 0xC0, 0xE9, 0xD2, 0xFF, 0xE9, 0xD2, 0xFE, 0xE9, 0xD2, 0xAA,
    0xE9, 0xD2, 0xA3, 0xE9, 0xD2, 0xA3, 0xE9, 0xD2, 0xA3, 0xE9, 0xD2, 0xA3, 0xE9, 0xD2, 0x2E, 0x00, 0x00, 0x00, 0x00, 0x00, 0x00, 0x00, 0x00, 0x00,
    0x00, 0x00, 0x00, 0xE9, 0xD2, 0x2B, 0xE9, 0xD2, 0xFF, 0xE9, 0xD2, 0xFF, 0xE9, 0xD2, 0xFF, 0xE9, 0xD2, 0xFF, 0xE9, 0xD2, 0xFF, 0xE9, 0xD2, 0xFF,
    0xE9, 0xD2, 0xFF, 0xE9, 0xD2, 0xFF, 0xE9, 0xD2, 0xFF, 0xE9, 0xD2, 0xFF, 0xE9, 0xD2, 0xFF, 0xE9, 0xD2, 0xFF, 0xE9, 0xD2, 0xFF, 0xE9, 0xD2, 0xFF,
    0xE9, 0xD2, 0xFF, 0xE9, 0xD2, 0xFF, 0xE9, 0xD2, 0x37, 0x00, 0x00, 0x00, 0xE9, 0xD2, 0x5F, 0xE9, 0xD2, 0xFF, 0xE9, 0xD2, 0xB7, 0x00, 0x00, 0x00,
    0xE9, 0xD2, 0x6F, 0xE9, 0xD2, 0xFF, 0xE9, 0xD2, 0x7B, 0x00, 0x00, 0x00, 0x00, 0x00, 0x00, 0xE9, 0xD2, 0xBF, 0xE9, 0xD2, 0xFF, 0xE9, 0xD2, 0x33,
    0x00, 0x00, 0x00, 0xE9, 0xD2, 0xDB, 0xE9, 0xD2, 0xFF, 0xE9, 0xD2, 0x57, 0x00, 0x00, 0x00, 0x00, 0x00, 0x00, 0x00, 0x00, 0x00, 0xE9, 0xD2, 0x5F,
    0xE9, 0xD2, 0xFF, 0xE9, 0xD2, 0xAB, 0x00, 0x00, 0x00, 0xE9, 0xD2, 0xED, 0xE9, 0xD2, 0xFC, 0xE9, 0xD2, 0xD7, 0xE9, 0xD2, 0xCF, 0xE9, 0xD2, 0x4F,
    0xE9, 0xD2, 0xFF, 0xE9, 0xD2, 0x17, 0xE9, 0xD2, 0xFF, 0xE9, 0xD2, 0x3F, 0xE9, 0xD2, 0xDB, 0xE9, 0xD2, 0xCF, 0x00, 0x00, 0x00, 0x00, 0x00, 0x00,
    0xE9, 0xD2, 0x3A, 0xE9, 0xD2, 0xCF, 0xE9, 0xD2, 0xCF, 0xE9, 0xD2, 0xCF, 0xE9, 0xD2, 0xCF, 0xE9, 0xD2, 0xCF, 0xE9, 0xD2, 0xEA, 0xE9, 0xD2, 0xFF,
    0xE9, 0xD2, 0xF6, 0xE9, 0xD2, 0xCF, 0xE9, 0xD2, 0xCF, 0xE9, 0xD2, 0xCF, 0xE9, 0xD2, 0xCF, 0xE9, 0xD2, 0xCF, 0xE9, 0xD2, 0xCF, 0xE9, 0xD2, 0x54,
    0x00, 0x00, 0x00, 0x00, 0x00, 0x00, 0x00, 0x00, 0x00, 0xE9, 0xD2, 0x08, 0xE9, 0xD2, 0x2F, 0xE9, 0xD2, 0x2F, 0xE9, 0xD2, 0x2F, 0xE9, 0xD2, 0x2F,
    0xE9, 0xD2, 0x2F, 0xE9, 0xD2, 0x2F, 0xE9, 0xD2, 0x4D, 0xE9, 0xD2, 0xFF, 0xE9, 0xD2, 0xFF, 0xE9, 0xD2, 0x46, 0xE9, 0xD2, 0x2F, 0xE9, 0xD2, 0x2F,
    0xE9, 0xD2, 0x2F, 0xE9, 0xD2, 0x2F, 0xE9, 0xD2, 0x2F, 0xE9, 0xD2, 0x2F, 0xE9, 0xD2, 0x0A, 0x00, 0x00, 0x00, 0xE9, 0xD2, 0x5F, 0xE9, 0xD2, 0xFF,
    0xE9, 0xD2, 0xB7, 0x00, 0x00, 0x00, 0xE9, 0xD2, 0x6F, 0xE9, 0xD2, 0xFF, 0xE9, 0xD2, 0x7B, 0x00, 0x00, 0x00, 0x00, 0x00, 0x00, 0xE9, 0xD2, 0xBF,
    0xE9, 0xD2, 0xFF, 0xE9, 0xD2, 0x33, 0x00, 0x00, 0x00, 0xE9, 0xD2, 0xDB, 0xE9, 0xD2, 0xFF, 0xE9, 0xD2, 0x57, 0x00, 0x00, 0x00, 0x00, 0x00, 0x00,
    0x00, 0x00, 0x00, 0xE9, 0xD2, 0x5F, 0xE9, 0xD2, 0xFF, 0xE9, 0xD2, 0xAB, 0xE9, 0xD2, 0x0B, 0xE9, 0xD2, 0xFE, 0xE9, 0xD2, 0xE1, 0xE9, 0xD2, 0xD3,
    0xE9, 0xD2, 0xCF, 0xE9, 0xD2, 0x4F, 0xE9, 0xD2, 0xFF, 0xE9, 0xD2, 0x17, 0xE9, 0xD2, 0xFF, 0xE9, 0xD2, 0x3F, 0xE9, 0xD2, 0xDB, 0xE9, 0xD2, 0xCF,
    0x00, 0x00, 0x00, 0x00, 0x00, 0x00, 0xE9, 0xD2, 0x47, 0xE9, 0xD2, 0xFF, 0xE9, 0xD2, 0xFF, 0xE9, 0xD2, 0xFF, 0xE9, 0xD2, 0xFF, 0xE9, 0xD2, 0xFF,
    0xE9, 0xD2, 0xFF, 0xE9, 0xD2, 0xFF, 0xE9, 0xD2, 0xFF, 0xE9, 0xD2, 0xFF, 0xE9, 0xD2, 0xFF, 0xE9, 0xD2, 0xFF, 0xE9, 0xD2, 0xFF, 0xE9, 0xD2, 0xFF,
    0xE9, 0xD2, 0xFF, 0xE9, 0xD2, 0x67, 0x00, 0x00, 0x00, 0x00, 0x00, 0x00, 0x00, 0x00, 0x00, 0x00, 0x00, 0x00, 0x00, 0x00, 0x00, 0x00, 0x00, 0x00,
    0x00, 0x00, 0x00, 0x00, 0x00, 0x00, 0x00, 0x00, 0x00, 0x00, 0x00, 0x00, 0xE9, 0xD2, 0x23, 0xE9, 0xD2, 0xFF, 0xE9, 0xD2, 0xFF, 0xE9, 0xD2, 0x1B,
    0x00, 0x00, 0x00, 0x00, 0x00, 0x00, 0x00, 0x00, 0x00, 0x00, 0x00, 0x00, 0x00, 0x00, 0x00, 0x00, 0x00, 0x00, 0x00, 0x00, 0x00, 0x00, 0x00, 0x00,
    0xE9, 0xD2, 0x5F, 0xE9, 0xD2, 0xFF, 0xE9, 0xD2, 0xB7, 0x00, 0x00, 0x00, 0xE9, 0xD2, 0x6F, 0xE9, 0xD2, 0xFF, 0xE9, 0xD2, 0xFF, 0xE9, 0xD2, 0xFF,
    0xE9, 0xD2, 0xFF, 0xE9, 0xD2, 0xFF, 0xE9, 0xD2, 0xFF, 0xE9, 0xD2, 0x33, 0x00, 0x00, 0x00, 0xE9, 0xD2, 0xDB, 0xE9, 0xD2, 0xFF, 0xE9, 0xD2, 0x57,
    0x00, 0x00, 0x00, 0x00, 0x00, 0x00, 0x00, 0x00, 0x00, 0xE9, 0xD2, 0x5F, 0xE9, 0xD2, 0xFF, 0xE9, 0xD2, 0xAB, 0xE9, 0xD2, 0x34, 0xE9, 0xD2, 0xFF,
    0xE9, 0xD2, 0xC4, 0xE9, 0xD2, 0xD3, 0xE9, 0xD2, 0xFF, 0xE9, 0xD2, 0xFF, 0xE9, 0xD2, 0xFF, 0xE9, 0xD2, 0xFF, 0xE9, 0xD2, 0xFF, 0xE9, 0xD2, 0xFF,
    0xE9, 0xD2, 0xFF, 0xE9, 0xD2, 0xCF, 0x00, 0x00, 0x00, 0x00, 0x00, 0x00, 0xE9, 0xD2, 0x47, 0xE9, 0xD2, 0xFF, 0xE9, 0xD2, 0xD3, 0x00, 0x00, 0x00,
    0xE9, 0xD2, 0x15, 0xE9, 0xD2, 0xED, 0xE9, 0xD2, 0xFF, 0xE9, 0xD2, 0x43, 0x00, 0x00, 0x00, 0xE9, 0xD2, 0xA6, 0xE9, 0xD2, 0xEC, 0xE9, 0xD2, 0x1B,
    0x00, 0x00, 0x00, 0xE9, 0xD2, 0xAF, 0xE9, 0xD2, 0xFF, 0xE9, 0xD2, 0x67, 0x00, 0x00, 0x00, 0x00, 0x00, 0x00, 0x00, 0x00, 0x00, 0x00, 0x00, 0x00,
    0x00, 0x00, 0x00, 0x00, 0x00, 0x00, 0x00, 0x00, 0x00, 0x00, 0x00, 0x00, 0x00, 0x00, 0x00, 0x00, 0x00, 0x00, 0xE9, 0xD2, 0x23, 0xE9, 0xD2, 0xFF,
    0xE9, 0xD2, 0xFF, 0xE9, 0xD2, 0x1B, 0x00, 0x00, 0x00, 0x00, 0x00, 0x00, 0x00, 0x00, 0x00, 0x00, 0x00, 0x00, 0x00, 0x00, 0x00, 0x00, 0x00, 0x00,
    0x00, 0x00, 0x00, 0x00, 0x00, 0x00, 0xE9, 0xD2, 0x5F, 0xE9, 0xD2, 0xFF, 0xE9, 0xD2, 0xB7, 0x00, 0x00, 0x00, 0xE9, 0xD2, 0x6F, 0xE9, 0xD2, 0xFF,
    0xE9, 0xD2, 0xD8, 0xE9, 0xD2, 0xB3, 0xE9, 0xD2, 0xB3, 0xE9, 0xD2, 0xEC, 0xE9, 0xD2, 0xFF, 0xE9, 0xD2, 0x33, 0x00, 0x00, 0x00, 0xE9, 0xD2, 0xDB,
    0xE9, 0xD2, 0xFF, 0xE9, 0xD2, 0x57, 0x00, 0x00, 0x00, 0x00, 0x00, 0x00, 0x00, 0x00, 0x00, 0xE9, 0xD2, 0x5F, 0xE9, 0xD2, 0xFF, 0xE9, 0xD2, 0xAB,
    0xE9, 0xD2, 0x5F, 0xE9, 0xD2, 0xFF, 0xE9, 0xD2, 0xA4, 0xE9, 0xD2, 0xD3, 0xE9, 0xD2, 0xEE, 0xE9, 0xD2, 0xC0, 0xE9, 0xD2, 0xFF, 0xE9, 0xD2, 0xAC,
    0xE9, 0xD2, 0xFF, 0xE9, 0xD2, 0xBA, 0xE9, 0xD2, 0xF3, 0xE9, 0xD2, 0xCF, 0x00, 0x00, 0x00, 0x00, 0x00, 0x00, 0xE9, 0xD2, 0x47, 0xE9, 0xD2, 0xFF,
    0xE9, 0xD2, 0xD3, 0xE9, 0xD2, 0x0B, 0xE9, 0xD2, 0xB8, 0xE9, 0xD2, 0xFF, 0xE9, 0xD2, 0xBE, 0xE9, 0xD2, 0x45, 0xE9, 0xD2, 0x64, 0xE9, 0xD2, 0xC0,
    0xE9, 0xD2, 0xFF, 0xE9, 0xD2, 0xBC, 0x00, 0x00, 0x00, 0xE9, 0xD2, 0xAF, 0xE9, 0xD2, 0xFF, 0xE9, 0xD2, 0x67, 0x00, 0x00, 0x00, 0x00, 0x00, 0x00,
    0x00, 0x00, 0x00, 0x00, 0x00, 0x00, 0x00, 0x00, 0x00, 0x00, 0x00, 0x00, 0x00, 0x00, 0x00, 0x00, 0x00, 0x00, 0x00, 0x00, 0x00, 0x00, 0x00, 0x00,
    0xE9, 0xD2, 0x23, 0xE9, 0xD2, 0xFF, 0xE9, 0xD2, 0xFF, 0xE9, 0xD2, 0x1B, 0x00, 0x00, 0x00, 0x00, 0x00, 0x00, 0x00, 0x00, 0x00, 0x00, 0x00, 0x00,
    0x00, 0x00, 0x00, 0x00, 0x00, 0x00, 0x00, 0x00, 0x00, 0x00, 0x00, 0x00, 0xE9, 0xD2, 0x5F, 0xE9, 0xD2, 0xFF, 0xE9, 0xD2, 0xB7, 0x00, 0x00, 0x00,
    0xE9, 0xD2, 0x6F, 0xE9, 0xD2, 0xFF, 0xE9, 0xD2, 0x7B, 0x00, 0x00, 0x00, 0x00, 0x00, 0x00, 0xE9, 0xD2, 0xBF, 0xE9, 0xD2, 0xFF, 0xE9, 0xD2, 0x33,
    0x00, 0x00, 0x00, 0xE9, 0xD2, 0xDB, 0xE9, 0xD2, 0xFF, 0xE9, 0xD2, 0x57, 0x00, 0x00, 0x00, 0x00, 0x00, 0x00, 0x00, 0x00, 0x00, 0xE9, 0xD2, 0x5F,
    0xE9, 0xD2, 0xFF, 0xE9, 0xD2, 0xAB, 0xE9, 0xD2, 0xA2, 0xE9, 0xD2, 0xFF, 0xE9, 0xD2, 0x6C, 0xE9, 0xD2, 0xD3, 0xE9, 0xD2, 0xCF, 0xE9, 0xD2, 0x4F,
    0xE9, 0xD2, 0xFF, 0xE9, 0xD2, 0x17, 0xE9, 0xD2, 0xFF, 0xE9, 0xD2, 0x3F, 0xE9, 0xD2, 0xDB, 0xE9, 0xD2, 0xCF, 0x00, 0x00, 0x00, 0x00, 0x00, 0x00,
    0xE9, 0xD2, 0x47, 0xE9, 0xD2, 0xFF, 0xE9, 0xD2, 0xD3, 0xE9, 0xD2, 0x2A, 0xE9, 0xD2, 0xFF, 0xE9, 0xD2, 0xFF, 0xE9, 0xD2, 0xFF, 0xE9, 0xD2, 0xFF,
    0xE9, 0xD2, 0xFF, 0xE9, 0xD2, 0xFF, 0xE9, 0xD2, 0xFF, 0xE9, 0xD2, 0xFF, 0xE9, 0xD2, 0x61, 0xE9, 0xD2, 0xAF, 0xE9, 0xD2, 0xFF, 0xE9, 0xD2, 0x67,
    0x00, 0x00, 0x00, 0x00, 0x00, 0x00, 0x00, 0x00, 0x00, 0x00, 0x00, 0x00, 0x00, 0x00, 0x00, 0x00, 0x00, 0x00, 0x00, 0x00, 0x00, 0x00, 0x00, 0x00,
    0x00, 0x00, 0x00, 0x00, 0x00, 0x00, 0xE9, 0xD2, 0x23, 0xE9, 0xD2, 0xFF, 0xE9, 0xD2, 0xFF, 0xE9, 0xD2, 0x1B, 0x00, 0x00, 0x00, 0x00, 0x00, 0x00,
    0x00, 0x00, 0x00, 0x00, 0x00, 0x00, 0x00, 0x00, 0x00, 0x00, 0x00, 0x00, 0x00, 0x00, 0x00, 0x00, 0x00, 0x00, 0xE9, 0xD2, 0x5F, 0xE9, 0xD2, 0xFF,
    0xE9, 0xD2, 0xFF, 0xE9, 0xD2, 0xFF, 0xE9, 0xD2, 0xFF, 0xE9, 0xD2, 0xFF, 0xE9, 0xD2, 0xFF, 0xE9, 0xD2, 0xFF, 0xE9, 0xD2, 0xFF, 0xE9, 0xD2, 0xFF,
    0xE9, 0xD2, 0xFF, 0xE9, 0xD2, 0xFF, 0xE9, 0xD2, 0xFF, 0xE9, 0xD2, 0xFF, 0xE9, 0xD2, 0xFF, 0xE9, 0xD2, 0x57, 0x00, 0x00, 0x00, 0x00, 0x00, 0x00,
    0x00, 0x00, 0x00, 0xE9, 0xD2, 0x5F, 0xE9, 0xD2, 0xFF, 0xE9, 0xD2, 0xB2, 0xE9, 0xD2, 0xF0, 0xE9, 0xD2, 0xFF, 0xE9, 0xD2, 0x30, 0xE9, 0xD2, 0xD3,
    0xE9, 0xD2, 0xCF, 0xE9, 0xD2, 0x4F, 0xE9, 0xD2, 0xFF, 0xE9, 0xD2, 0x17, 0xE9, 0xD2, 0xFF, 0xE9, 0xD2, 0x41, 0xE9, 0xD2, 0xDF, 0xE9, 0xD2, 0xCF,
    0x00, 0x00, 0x00, 0x00, 0x00, 0x00, 0xE9, 0xD2, 0x47, 0xE9, 0xD2, 0xFF, 0xE9, 0xD2, 0xD3, 0x00, 0x00, 0x00, 0xE9, 0xD2, 0xDD, 0xE9, 0xD2, 0xF9,
    0xE9, 0xD2, 0xD2, 0xE9, 0xD2, 0xAC, 0xE9, 0xD2, 0x87, 0xE9, 0xD2, 0x64, 0xE9, 0xD2, 0x50, 0xE9, 0xD2, 0xD1, 0xE9, 0xD2, 0x23, 0xE9, 0xD2, 0xAF,
    0xE9, 0xD2, 0xFF, 0xE9, 0xD2, 0x67, 0x00, 0x00, 0x00, 0x00, 0x00, 0x00, 0x00, 0x00, 0x00, 0x00, 0x00, 0x00, 0x00, 0x00, 0x00, 0x00, 0x00, 0x00,
    0x00, 0x00, 0x00, 0x00, 0x00, 0x00, 0x00, 0x00, 0x00, 0x00, 0x00, 0x00, 0xE9, 0xD2, 0x23, 0xE9, 0xD2, 0xFF, 0xE9, 0xD2, 0xFF, 0xE9, 0xD2, 0x1B,
    0x00, 0x00, 0x00, 0x00, 0x00, 0x00, 0x00, 0x00, 0x00, 0x00, 0x00, 0x00, 0x00, 0x00, 0x00, 0x00, 0x00, 0x00, 0x00, 0x00, 0x00, 0x00, 0x00, 0x00,
    0xE9, 0xD2, 0x5F, 0xE9, 0xD2, 0xFF, 0xE9, 0xD2, 0xFF, 0xE9, 0xD2, 0xFF, 0xE9, 0xD2, 0xFF, 0xE9, 0xD2, 0xFF, 0xE9, 0xD2, 0xFF, 0xE9, 0xD2, 0xFF,
    0xE9, 0xD2, 0xFF, 0xE9, 0xD2, 0xFF, 0xE9, 0xD2, 0xFF, 0xE9, 0xD2, 0xFF, 0xE9, 0xD2, 0xFF, 0xE9, 0xD2, 0xFF, 0xE9, 0xD2, 0xFF, 0xE9, 0xD2, 0x57,
    0x00, 0x00, 0x00, 0x00, 0x00, 0x00, 0x00, 0x00, 0x00, 0xE9, 0xD2, 0x5F, 0xE9, 0xD2, 0xFF, 0xE9, 0xD2, 0xC8, 0xE9, 0xD2, 0xE7, 0xE9, 0xD2, 0xDC,
    0x00, 0x00, 0x00, 0xE9, 0xD2, 0xD3, 0xE9, 0xD2, 0xCF, 0xE9, 0xD2, 0x4F, 0xE9, 0xD2, 0xFF, 0xE9, 0xD2, 0x17, 0xE9, 0xD2, 0xFF, 0xE9, 0xD2, 0xE7,
    0xE9, 0xD2, 0xFF, 0xE9, 0xD2, 0xBA, 0x00, 0x00, 0x00, 0x00, 0x00, 0x00, 0xE9, 0xD2, 0x47, 0xE9, 0xD2, 0xFF, 0xE9, 0xD2, 0xD3, 0x00, 0x00, 0x00,
    0xE9, 0xD2, 0x28, 0xE9, 0xD2, 0x07, 0x00, 0x00, 0x00, 0x00, 0x00, 0x00, 0x00, 0x00, 0x00, 0x00, 0x00, 0x00, 0xE9, 0xD2, 0x3D, 0xE9, 0xD2, 0x9A,
    0xE9, 0xD2, 0x93, 0xE9, 0xD2, 0xE7, 0xE9, 0xD2, 0xFF, 0xE9, 0xD2, 0x51, 0x00, 0x00, 0x00, 0x00, 0x00, 0x00, 0x00, 0x00, 0x00, 0x00, 0x00, 0x00,
    0x00, 0x00, 0x00, 0x00, 0x00, 0x00, 0x00, 0x00, 0x00, 0x00, 0x00, 0x00, 0x00, 0x00, 0x00, 0x00, 0x00, 0x00, 0xE9, 0xD2, 0x1F, 0xE9, 0xD2, 0xDF,
    0xE9, 0xD2, 0xDF, 0xE9, 0xD2, 0x18, 0x00, 0x00, 0x00, 0x00, 0x00, 0x00, 0x00, 0x00, 0x00, 0x00, 0x00, 0x00, 0x00, 0x00, 0x00, 0x00, 0x00, 0x00,
    0x00, 0x00, 0x00, 0x00, 0x00, 0x00, 0xE9, 0xD2, 0x5B, 0xE9, 0xD2, 0xF3, 0xE9, 0xD2, 0xAF, 0x00, 0x00, 0x00, 0x00, 0x00, 0x00, 0x00, 0x00, 0x00,
    0x00, 0x00, 0x00, 0x00, 0x00, 0x00, 0x00, 0x00, 0x00, 0x00, 0x00, 0x00, 0x00, 0x00, 0x00, 0x00, 0x00, 0x00, 0x00, 0x00, 0x00, 0xE9, 0xD2, 0xD1,
    0xE9, 0xD2, 0xF3, 0xE9, 0xD2, 0x53, 0x00, 0x00, 0x00, 0x00, 0x00, 0x00, 0x00, 0x00, 0x00, 0xE9, 0xD2, 0x53, 0xE9, 0xD2, 0xDF, 0xE9, 0xD2, 0x96,
    0xE9, 0xD2, 0x1A, 0xE9, 0xD2, 0x59, 0x00, 0x00, 0x00, 0xE9, 0xD2, 0xAC, 0xE9, 0xD2, 0xA8, 0xE9, 0xD2, 0x16, 0xE9, 0xD2, 0x47, 0xE9, 0xD2, 0x05,
    0xE9, 0xD2, 0x3B, 0xE9, 0xD2, 0x5C, 0xE9, 0xD2, 0xAA, 0xE9, 0xD2, 0x31, 0x00, 0x00, 0x00, 0x00, 0x00, 0x00, 0xE9, 0xD2, 0x45, 0xE9, 0xD2, 0xF7,
    0xE9, 0xD2, 0xCD, 0x00, 0x00, 0x00, 0x00, 0x00, 0x00, 0x00, 0x00, 0x00, 0x00, 0x00, 0x00, 0x00, 0x00, 0x00, 0x00, 0x00, 0x00, 0x00, 0x00, 0x00,
    0xE9, 0xD2, 0x13, 0xE9, 0xD2, 0xF4, 0xE9, 0xD2, 0xFA, 0xE9, 0xD2, 0xE5, 0xE9, 0xD2, 0xA2, 0xE9, 0xD2, 0x0C, 0x00, 0x00, 0x00, 0x00, 0x00, 0x00,
    0x00, 0x00, 0x00, 0x00, 0x00, 0x00, 0x00, 0x00, 0x00, 0x00, 0x00, 0x00, 0x00, 0x00, 0x00, 0x00, 0x00, 0x00, 0x00, 0x00, 0x00, 0x00, 0x00, 0x00,
    0x00, 0x00, 0x00, 0x00, 0x00, 0x00, 0x00, 0x00, 0x00, 0x00, 0x00, 0x00, 0x00, 0x00, 0x00, 0x00, 0x00, 0x00, 0x00, 0x00, 0x00, 0x00, 0x00, 0x00,
    0x00, 0x00, 0x00, 0x00, 0x00, 0x00, 0x00, 0x00, 0x00, 0x00, 0x00, 0x00, 0x00, 0x00, 0x00, 0x00, 0x00, 0x00, 0x00, 0x00, 0x00, 0x00, 0x00, 0x00,
    0x00, 0x00, 0x00, 0x00, 0x00, 0x00, 0x00, 0x00, 0x00, 0x00, 0x00, 0x00, 0x00, 0x00, 0x00, 0x00, 0x00, 0x00, 0x00, 0x00, 0x00, 0x00, 0x00, 0x00,
    0x00, 0x00, 0x00, 0x00, 0x00, 0x00, 0x00, 0x00, 0x00, 0x00, 0x00, 0x00, 0x00, 0x00, 0x00, 0x00, 0x00, 0x00, 0x00, 0x00, 0x00, 0x00, 0x00, 0x00,
    0x00, 0x00, 0x00, 0x00, 0x00, 0x00, 0x00, 0x00, 0x00, 0x00, 0x00, 0x00, 0x00, 0x00, 0x00, 0x00, 0x00, 0x00, 0x00, 0x00, 0x00, 0x00, 0x00, 0x00,
    0x00, 0x00, 0x00, 0x00, 0x00, 0x00, 0x00, 0x00, 0x00, 0x00, 0x00, 0x00, 0x00, 0x00, 0x00, 0x00, 0x00, 0x00, 0x00, 0x00, 0x00, 0x00, 0x00, 0x00,
    0x00, 0x00, 0x00, 0x00, 0x00, 0x00, 0x00, 0x00, 0x00, 0x00, 0x00, 0x00, 0x00, 0x00, 0x00, 0x00, 0x00, 0x00, 0x00, 0x00, 0x00, 0x00, 0x00, 0x00,
    0x00, 0x00, 0x00, 0x00, 0x00, 0x00, 0x00, 0x00, 0x00, 0x00, 0x00, 0x00, 0x00, 0x00, 0x00, 0x00, 0x00, 0x00, 0x00, 0x00, 0x00, 0x00, 0x00, 0x00,
    0x00, 0x00, 0x00, 0x00, 0x00, 0x00, 0x00, 0x00, 0x00, 0x00, 0x00, 0x00, 0x00, 0x00, 0x00, 0x00, 0x00, 0x00, 0x00, 0x00, 0x00, 0x00, 0x00, 0x00,
    0x00, 0x00, 0x00, 0x00, 0x00, 0x00, 0x00, 0x00, 0x00, 0x00, 0x00, 0x00, 0x00, 0x00, 0x00, 0x00, 0x00, 0x00, 0x00, 0x00, 0x00, 0x00, 0x00, 0x00,
    0x00, 0x00, 0x00, 0x00, 0x00, 0x00, 0x00, 0x00, 0x00, 0x00, 0x00, 0x00, 0x00, 0x00, 0x00, 0x00, 0x00, 0x00, 0x00, 0x00, 0x00, 0x00, 0x00, 0x00,
    0x00, 0x00, 0x00, 0x00, 0x00, 0x00, 0x00, 0x00, 0x00, 0x00, 0x00, 0x00, 0x00, 0x00, 0x00, 0x00, 0x00, 0x00, 0x00, 0x00, 0x00, 0x00, 0x00, 0x00,
    0x00, 0x00, 0x00, 0x00, 0x00, 0x00, 0x00, 0x00, 0x00, 0x00, 0x00, 0x00, 0x00, 0x00, 0x00, 0x00, 0x00, 0x00, 0x00, 0x00, 0x00, 0x00, 0x00, 0x00,
    0x00, 0x00, 0x00, 0x00, 0x00, 0x00, 0x00, 0x00, 0x00, 0x00, 0x00, 0x00, 0x00, 0x00, 0x00, 0x00, 0x00, 0x00, 0x00, 0x00, 0x00, 0x00, 0x00, 0x00,
    0x00, 0x00, 0x00, 0x00, 0x00, 0x00, 0x00, 0x00, 0x00, 0x00, 0x00, 0x00, 0x00, 0x00, 0x00, 0x00, 0x00, 0x00, 0x00, 0x00, 0x00, 0x00, 0x00, 0x00,
    0x00, 0x00, 0x00, 0x00, 0x00, 0x00, 0x00, 0x00, 0x00, 0x00, 0x00, 0x00, 0x00, 0x00, 0x00, 0x00, 0x00, 0x00, 0x00, 0x00, 0x00, 0x00, 0x00, 0x00,
    0x00, 0x00, 0x00, 0x00, 0x00, 0x00, 0x00, 0x00, 0x00, 0x00, 0x00, 0x00, 0x00, 0x00, 0x00, 0x00, 0x00, 0x00, 0x00, 0x00, 0x00, 0x00, 0x00, 0x00,
    0x00, 0x00, 0x00, 0x00, 0x00, 0x00, 0x00, 0x00, 0x00, 0x00, 0x00, 0x00, 0x00, 0x00, 0x00, 0x00, 0x00, 0x00, 0x00, 0x00, 0x00, 0x00, 0x00, 0x00,
    0x00, 0x00, 0x00, 0x00, 0x00, 0x00, 0x00, 0x00, 0x00, 0x00, 0x00, 0x00, 0x00, 0x00, 0x00, 0x00, 0x00, 0x00, 0x00, 0x00, 0x00, 0x00, 0x00, 0x00,
    0x00, 0x00, 0x00, 0x00, 0x00, 0x00, 0x00, 0x00, 0x00, 0x00, 0x00, 0x00, 0x00, 0x00, 0x00, 0x00, 0x00, 0x00, 0x00, 0x00, 0x00, 0x00, 0x00, 0x00,
    0x00, 0x00, 0x00, 0x00, 0x00, 0x00, 0x00, 0x00, 0x00, 0x00, 0x00, 0x00, 0x00, 0x00, 0x00, 0x00, 0x00, 0x00, 0x00, 0x00, 0x00, 0x00, 0x00, 0x00,
    0x00, 0x00, 0x00, 0x00, 0x00, 0x00, 0x00, 0x00, 0x00, 0x00, 0x00, 0x00, 0x00, 0x00, 0x00, 0x00, 0x00, 0x00, 0x00, 0x00, 0x00, 0x00, 0x00, 0x00,
    0x00, 0x00, 0x00, 0x00, 0x00, 0x00, 0x00, 0x00, 0x00, 0x00, 0x00, 0x00, 0x00, 0x00, 0x00, 0x00, 0x00, 0x00, 0x00, 0x00, 0x00, 0x00, 0x00, 0x00,
    0x00, 0x00, 0x00, 0x00, 0x00, 0x00, 0x00, 0x00, 0x00, 0x00, 0x00, 0x00, 0x00, 0x00, 0x00, 0x00, 0x00, 0x00, 0x00, 0x00, 0x00, 0x00, 0x00, 0x00,
    0x00, 0x00, 0x00, 0x00, 0x00, 0x00, 0x00, 0x00, 0x00, 0x00, 0x00, 0x00, 0x00, 0x00, 0x00, 0x00, 0x00, 0x00, 0x00, 0x00, 0x00, 0x00, 0x00, 0x00,
    0x00, 0x00, 0x00, 0x00, 0x00, 0x00, 0x00, 0x00, 0x00, 0x00, 0x00, 0x00, 0x00, 0x00, 0x00, 0x00, 0x00, 0x00, 0x00, 0x00, 0x00, 0x00, 0x00, 0x00,
    0x00, 0x00, 0x00, 0x00, 0x00, 0x00, 0x00, 0x00, 0x00, 0x00, 0x00, 0x00, 0x00, 0x00, 0x00, 0x00, 0x00, 0x00, 0x00, 0x00, 0x00, 0x00, 0x00, 0x00,
    0x00, 0x00, 0x00, 0x00, 0x00, 0x00, 0x00, 0x00, 0x00, 0x00, 0x00, 0x00, 0x00, 0x00, 0x00, 0x00, 0x00, 0x00, 0x00, 0x00, 0x00, 0x00, 0x00, 0x00,
    0x00, 0x00, 0x00, 0x00, 0x00, 0x00, 0x00, 0x00, 0x00, 0x00, 0x00, 0x00, 0x00, 0x00, 0x00, 0x00, 0x00, 0x00, 0x00, 0x00, 0x00, 0x00, 0x00, 0x00,
    0x00, 0x00, 0x00, 0x00, 0x00, 0x00, 0x00, 0x00, 0x00, 0x00, 0x00, 0x00, 0x00, 0x00, 0x00, 0x00, 0x00, 0x00, 0x00, 0x00, 0x00, 0x00, 0x00, 0x00,
    0x00, 0x00, 0x00, 0x00, 0x00, 0x00, 0x00, 0x00, 0x00, 0x00, 0x00, 0x00, 0x00, 0x00, 0x00, 0x00, 0x00, 0x00, 0x00, 0x00, 0x00, 0x00, 0x00, 0x00,
    0x00, 0x00, 0x00, 0x00, 0x00, 0x00, 0x00, 0x00, 0x00, 0x00, 0x00, 0x00, 0x00, 0x00, 0x00, 0x00, 0x00, 0x00, 0x00, 0x00, 0x00, 0x00, 0x00, 0x00,
    0x00, 0x00, 0x00, 0x00, 0x00, 0x00, 0x00, 0x00, 0x00, 0x00, 0x00, 0x00, 0x00, 0x00, 0x00, 0x00, 0x00, 0x00, 0x00, 0x00, 0x00, 0x00, 0x00, 0x00,
    0x00, 0x00, 0x00, 0x00, 0x00, 0x00, 0x00, 0x00, 0x00, 0x00, 0x00, 0x00, 0x00, 0x00, 0x00, 0x00, 0x00, 0x00, 0x00, 0x00, 0x00, 0x00, 0x00, 0x00,
    0x00, 0x00, 0x00, 0x00, 0x00, 0x00, 0x00, 0x00, 0x00, 0x00, 0x00, 0x00, 0x00, 0x00, 0x00, 0x00, 0x00, 0x00, 0x00, 0x00, 0x00, 0x00, 0x00, 0x00,
    0x00, 0x00, 0x00, 0x00, 0x00, 0x00, 0x00, 0x00, 0x00, 0x00, 0x00, 0x00, 0x00, 0x00, 0x00, 0x00, 0x00, 0x00, 0x00, 0x00, 0x00, 0x00, 0x00, 0x00,
};
const lv_img_dsc_t rehab_feedback_plane = {
    .header.always_zero = 0,
    .header.w = 74,
    .header.h = 24,
    .data_size = 5328,
    .header.cf = LV_IMG_CF_TRUE_COLOR_ALPHA,
    .data = rehab_feedback_plane_map,
};

#ifndef LV_ATTRIBUTE_IMG_REHAB_FEEDBACK_TORSO
#define LV_ATTRIBUTE_IMG_REHAB_FEEDBACK_TORSO
#endif
const LV_ATTRIBUTE_MEM_ALIGN LV_ATTRIBUTE_LARGE_CONST LV_ATTRIBUTE_IMG_REHAB_FEEDBACK_TORSO uint8_t rehab_feedback_torso_map[] = {
    0x00, 0x00, 0x00, 0x00, 0x00, 0x00, 0x00, 0x00, 0x00, 0x00, 0x00, 0x00, 0x00, 0x00, 0x00, 0x00, 0x00, 0x00, 0x00, 0x00, 0x00, 0x00, 0x00, 0x00,
    0x00, 0x00, 0x00, 0x00, 0x00, 0x00, 0x00, 0x00, 0x00, 0x00, 0x00, 0x00, 0x00, 0x00, 0x00, 0x00, 0x00, 0x00, 0x00, 0x00, 0x00, 0x00, 0x00, 0x00,
    0x00, 0x00, 0x00, 0x00, 0x00, 0x00, 0x00, 0x00, 0x00, 0x00, 0x00, 0x00, 0x00, 0x00, 0x00, 0x00, 0x00, 0x00, 0x00, 0x00, 0x00, 0x00, 0x00, 0x00,
    0x00, 0x00, 0x00, 0x00, 0x00, 0x00, 0x00, 0x00, 0x00, 0x00, 0x00, 0x00, 0x00, 0x00, 0x00, 0x00, 0x00, 0x00, 0x00, 0x00, 0x00, 0x00, 0x00, 0x00,
    0x00, 0x00, 0x00, 0x00, 0x00, 0x00, 0x00, 0x00, 0x00, 0x00, 0x00, 0x00, 0x00, 0x00, 0x00, 0x00, 0x00, 0x00, 0x00, 0x00, 0x00, 0x00, 0x00, 0x00,
    0x00, 0x00, 0x00, 0x00, 0x00, 0x00, 0x00, 0x00, 0x00, 0x00, 0x00, 0x00, 0x00, 0x00, 0x00, 0x00, 0x00, 0x00, 0x00, 0x00, 0x00, 0x00, 0x00, 0x00,
    0x00, 0x00, 0x00, 0x00, 0x00, 0x00, 0x00, 0x00, 0x00, 0x00, 0x00, 0x00, 0x00, 0x00, 0x00, 0x00, 0x00, 0x00, 0x00, 0x00, 0x00, 0x00, 0x00, 0x00,
    0x00, 0x00, 0x00, 0x00, 0x00, 0x00, 0x00, 0x00, 0x00, 0x00, 0x00, 0x00, 0x00, 0x00, 0x00, 0x00, 0x00, 0x00, 0x00, 0x00, 0x00, 0x00, 0x00, 0x00,
    0x00, 0x00, 0x00, 0x00, 0x00, 0x00, 0x00, 0x00, 0x00, 0x00, 0x00, 0x00, 0x00, 0x00, 0x00, 0x00, 0x00, 0x00, 0x00, 0x00, 0x00, 0x00, 0x00, 0x00,
    0x00, 0x00, 0x00, 0x00, 0x00, 0x00, 0x00, 0x00, 0x00, 0x00, 0x00, 0x00, 0x00, 0x00, 0x00, 0x00, 0x00, 0x00, 0xE9, 0xD2, 0x91, 0xE9, 0xD2, 0xD4,
    0xE9, 0xD2, 0x77, 0x00, 0x00, 0x00, 0x00, 0x00, 0x00, 0x00, 0x00, 0x00, 0x00, 0x00, 0x00, 0x00, 0x00, 0x00, 0x00, 0x00, 0x00, 0x00, 0x00, 0x00,
    0x00, 0x00, 0x00, 0x00, 0x00, 0x00, 0x00, 0x00, 0x00, 0x00, 0x00, 0x00, 0x00, 0x00, 0x00, 0x00, 0x00, 0x00, 0x00, 0x00, 0x00, 0x00, 0x00, 0x00,
    0x00, 0x00, 0x00, 0x00, 0x00, 0x00, 0x00, 0x00, 0x00, 0x00, 0x00, 0x00, 0x00, 0x00, 0x00, 0x00, 0x00, 0x00, 0x00, 0x00, 0x00, 0x00, 0x00, 0x00,
    0x00, 0x00, 0x00, 0x00, 0x00, 0x00, 0x00, 0x00, 0x00, 0x00, 0x00, 0x00, 0x00, 0x00, 0x00, 0x00, 0x00, 0x00, 0x00, 0x00, 0x00, 0x00, 0x00, 0x00,
    0x00, 0x00, 0x00, 0x00, 0x00, 0x00, 0x00, 0x00, 0x00, 0x00, 0x00, 0x00, 0x00, 0x00, 0x00, 0x00, 0x00, 0x00, 0x00, 0x00, 0x00, 0x00, 0x00, 0x00,
    0x00, 0x00, 0x00, 0x00, 0x00, 0x00, 0x00, 0x00, 0x00, 0x00, 0x00, 0x00, 0x00, 0x00, 0x00, 0x00, 0x00, 0x00, 0x00, 0x00, 0x00, 0x00, 0x00, 0x00,
    0x00, 0x00, 0x00, 0x00, 0x00, 0x00, 0x00, 0x00, 0x00, 0x00, 0x00, 0x00, 0xE9, 0xD2, 0x58, 0xE9, 0xD2, 0x9F, 0xE9, 0xD2, 0x3E, 0xE9, 0xD2, 0x0B,
    0xE9, 0xD2, 0x77, 0xE9, 0xD2, 0x31, 0x00, 0x00, 0x00, 0xE9, 0xD2, 0xCF, 0xE9, 0xD2, 0xFF, 0xE9, 0xD2, 0x57, 0x00, 0x00, 0x00, 0xE9, 0xD2, 0x6B,
    0xE9, 0xD2, 0x56, 0xE9, 0xD2, 0x0D, 0x00, 0x00, 0x00, 0x00, 0x00, 0x00, 0x00, 0x00, 0x00, 0x00, 0x00, 0x00, 0x00, 0x00, 0x00, 0x00, 0x00, 0x00,
    0xE9, 0xD2, 0xDE, 0xE9, 0xD2, 0xFF, 0xE9, 0xD2, 0x31, 0x00, 0x00, 0x00, 0x00, 0x00, 0x00, 0xE9, 0xD2, 0x5F, 0xE9, 0xD2, 0xF3, 0xE9, 0xD2, 0xF3,
    0xE9, 0xD2, 0xF3, 0xE9, 0xD2, 0xF3, 0xE9, 0xD2, 0xF3, 0xE9, 0xD2, 0xF3, 0xE9, 0xD2, 0xF3, 0xE9, 0xD2, 0xF3, 0xE9, 0xD2, 0x31, 0x00, 0x00, 0x00,
    0xE9, 0xD2, 0x2F, 0xE9, 0xD2, 0xFF, 0xE9, 0xD2, 0xFF, 0xE9, 0xD2, 0xFF, 0xE9, 0xD2, 0xFF, 0xE9, 0xD2, 0xFF, 0xE9, 0xD2, 0xFF, 0xE9, 0xD2, 0xFF,
    0xE9, 0xD2, 0xFF, 0xE9, 0xD2, 0xFF, 0xE9, 0xD2, 0xFF, 0xE9, 0xD2, 0xFF, 0xE9, 0xD2, 0xFF, 0xE9, 0xD2, 0xFF, 0xE9, 0xD2, 0xFF, 0xE9, 0xD2, 0x4F,
    0x00, 0x00, 0x00, 0x00, 0x00, 0x00, 0x00, 0x00, 0x00, 0x00, 0x00, 0x00, 0x00, 0x00, 0x00, 0xE9, 0xD2, 0x29, 0xE9, 0xD2, 0xD4, 0xE9, 0xD2, 0x85,
    0xE9, 0xD2, 0x08, 0x00, 0x00, 0x00, 0xE9, 0xD2, 0x6A, 0xE9, 0xD2, 0xD7, 0xE9, 0xD2, 0x95, 0x00, 0x00, 0x00, 0xE9, 0xD2, 0x5D, 0xE9, 0xD2, 0xCB,
    0xE9, 0xD2, 0x1E, 0x00, 0x00, 0x00, 0x00, 0x00, 0x00, 0x00, 0x00, 0x00, 0x00, 0x00, 0x00, 0x00, 0x00, 0x00, 0xE9, 0xD2, 0xBD, 0xE9, 0xD2, 0xFF,
    0xE9, 0xD2, 0x82, 0xE9, 0xD2, 0x90, 0xE9, 0xD2, 0xFF, 0xE9, 0xD2, 0xE0, 0xE9, 0xD2, 0x0D, 0xE9, 0xD2, 0xCF, 0xE9, 0xD2, 0xFF, 0xE9, 0xD2, 0x57,
    0xE9, 0xD2, 0x3C, 0xE9, 0xD2, 0xFE, 0xE9, 0xD2, 0xFF, 0xE9, 0xD2, 0x63, 0x00, 0x00, 0x00, 0x00, 0x00, 0x00, 0x00, 0x00, 0x00, 0x00, 0x00, 0x00,
    0xE9, 0xD2, 0x8B, 0xE9, 0xD2, 0xFF, 0xE9, 0xD2, 0xFF, 0xE9, 0xD2, 0xFF, 0xE9, 0xD2, 0xFF, 0xE9, 0xD2, 0xFF, 0xE9, 0xD2, 0x87, 0xE9, 0xD2, 0x63,
    0xE9, 0xD2, 0xFF, 0xE9, 0xD2, 0xFF, 0xE9, 0xD2, 0xFF, 0xE9, 0xD2, 0xFF, 0xE9, 0xD2, 0xFF, 0xE9, 0xD2, 0xFF, 0xE9, 0xD2, 0xFF, 0xE9, 0xD2, 0xFF,
    0xE9, 0xD2, 0x33, 0x00, 0x00, 0x00, 0xE9, 0xD2, 0x2F, 0xE9, 0xD2, 0xFF, 0xE9, 0xD2, 0xFF, 0xE9, 0xD2, 0xFF, 0xE9, 0xD2, 0xFF, 0xE9, 0xD2, 0xFF,
    0xE9, 0xD2, 0xFF, 0xE9, 0xD2, 0xFF, 0xE9, 0xD2, 0xFF, 0xE9, 0xD2, 0xFF, 0xE9, 0xD2, 0xFF, 0xE9, 0xD2, 0xFF, 0xE9, 0xD2, 0xFF, 0xE9, 0xD2, 0xFF,
    0xE9, 0xD2, 0xFF, 0xE9, 0xD2, 0x4F, 0x00, 0x00, 0x00, 0x00, 0x00, 0x00, 0x00, 0x00, 0x00, 0x00, 0x00, 0x00, 0x00, 0x00, 0x00, 0xE9, 0xD2, 0xB3,
    0xE9, 0xD2, 0xFF, 0xE9, 0xD2, 0xC1, 0x00, 0x00, 0x00, 0x00, 0x00, 0x00, 0xE9, 0xD2, 0x72, 0xE9, 0xD2, 0xFF, 0xE9, 0xD2, 0xBB, 0xE9, 0xD2, 0x02,
    0xE9, 0xD2, 0xA7, 0xE9, 0xD2, 0xFF, 0xE9, 0xD2, 0xDE, 0xE9, 0xD2, 0x16, 0x00, 0x00, 0x00, 0x00, 0x00, 0x00, 0x00, 0x00, 0x00, 0xE9, 0xD2, 0x1A,
    0xE9, 0xD2, 0xFD, 0xE9, 0xD2, 0xFF, 0xE9, 0xD2, 0x26, 0xE9, 0xD2, 0x10, 0xE9, 0xD2, 0xE6, 0xE9, 0xD2, 0xFD, 0xE9, 0xD2, 0x59, 0xE9, 0xD2, 0xCF,
    0xE9, 0xD2, 0xFF, 0xE9, 0xD2, 0x57, 0xE9, 0xD2, 0xAE, 0xE9, 0xD2, 0xFF, 0xE9, 0xD2, 0x8B, 0x00, 0x00, 0x00, 0x00, 0x00, 0x00, 0x00, 0x00, 0x00,
    0x00, 0x00, 0x00, 0x00, 0x00, 0x00, 0xE9, 0xD2, 0x8B, 0xE9, 0xD2, 0xFF, 0xE9, 0xD2, 0xBD, 0xE9, 0xD2, 0x9F, 0xE9, 0xD2, 0xC0, 0xE9, 0xD2, 0xFF,
    0xE9, 0xD2, 0x87, 0xE9, 0xD2, 0x63, 0xE9, 0xD2, 0xFF, 0xE9, 0xD2, 0xA3, 0x00, 0x00, 0x00, 0x00, 0x00, 0x00, 0x00, 0x00, 0x00, 0x00, 0x00, 0x00,
    0xE9, 0xD2, 0x0B, 0x00, 0x00, 0x00, 0x00, 0x00, 0x00, 0x00, 0x00, 0x00, 0xE9, 0xD2, 0x0B, 0xE9, 0xD2, 0x3B, 0xE9, 0xD2, 0x3B, 0xE9, 0xD2, 0x3B,
    0xE9, 0xD2, 0x3B, 0xE9, 0xD2, 0x3B, 0xE9, 0xD2, 0x73, 0xE9, 0xD2, 0xFF, 0xE9, 0xD2, 0xFF, 0xE9, 0xD2, 0x54, 0xE9, 0xD2, 0x3B, 0xE9, 0xD2, 0x3B,
    0xE9, 0xD2, 0x3B, 0xE9, 0xD2, 0x3B, 0xE9, 0xD2, 0x3B, 0xE9, 0xD2, 0x12, 0x00, 0x00, 0x00, 0x00, 0x00, 0x00, 0x00, 0x00, 0x00, 0x00, 0x00, 0x00,
    0xE9, 0xD2, 0x40, 0xE9, 0xD2, 0xFF, 0xE9, 0xD2, 0xFF, 0xE9, 0xD2, 0x3F, 0x00, 0x00, 0x00, 0x00, 0x00, 0x00, 0xE9, 0xD2, 0x64, 0xE9, 0xD2, 0xFF,
    0xE9, 0xD2, 0xC7, 0x00, 0x00, 0x00, 0xE9, 0xD2, 0x05, 0xE9, 0xD2, 0xBD, 0xE9, 0xD2, 0xFF, 0xE9, 0xD2, 0xBE, 0xE9, 0xD2, 0x02, 0x00, 0x00, 0x00,
    0x00, 0x00, 0x00, 0xE9, 0xD2, 0x72, 0xE9, 0xD2, 0xFF, 0xE9, 0xD2, 0xC8, 0xE9, 0xD2, 0x5F, 0xE9, 0xD2, 0xCB, 0xE9, 0xD2, 0xE9, 0xE9, 0xD2, 0xED,
    0xE9, 0xD2, 0xCB, 0xE9, 0xD2, 0xF6, 0xE9, 0xD2, 0xFF, 0xE9, 0xD2, 0xDD, 0xE9, 0xD2, 0xCC, 0xE9, 0xD2, 0xF6, 0xE9, 0xD2, 0xCE, 0xE9, 0xD2, 0xCB,
    0xE9, 0xD2, 0x0F, 0x00, 0x00, 0x00, 0x00, 0x00, 0x00, 0x00, 0x00, 0x00, 0xE9, 0xD2, 0x8B, 0xE9, 0xD2, 0xFF, 0xE9, 0xD2, 0x4F, 0x00, 0x00, 0x00,
    0xE9, 0xD2, 0x57, 0xE9, 0xD2, 0xFF, 0xE9, 0xD2, 0x87, 0xE9, 0xD2, 0x63, 0xE9, 0xD2, 0xFF, 0xE9, 0xD2, 0xA3, 0xE9, 0xD2, 0x3C, 0xE9, 0xD2, 0x52,
    0x00, 0x00, 0x00, 0xE9, 0xD2, 0x16, 0xE9, 0xD2, 0xFB, 0xE9, 0xD2, 0xC1, 0xE9, 0xD2, 0x02, 0x00, 0x00, 0x00, 0x00, 0x00, 0x00, 0x00, 0x00, 0x00,
    0x00, 0x00, 0x00, 0x00, 0x00, 0x00, 0x00, 0x00, 0x00, 0x00, 0x00, 0x00, 0xE9, 0xD2, 0x47, 0xE9, 0xD2, 0xFF, 0xE9, 0xD2, 0xFF, 0xE9, 0xD2, 0x1F,
    0x00, 0x00, 0x00, 0x00, 0x00, 0x00, 0x00, 0x00, 0x00, 0x00, 0x00, 0x00, 0x00, 0x00, 0x00, 0x00, 0x00, 0x00, 0x00, 0x00, 0x00, 0x00, 0x00, 0x00,
    0x00, 0x00, 0x00, 0xE9, 0xD2, 0x01, 0xE9, 0xD2, 0xCC, 0xE9, 0xD2, 0xFF, 0xE9, 0xD2, 0xBC, 0x00, 0x00, 0x00, 0x00, 0x00, 0x00, 0x00, 0x00, 0x00,
    0xE9, 0xD2, 0x56, 0xE9, 0xD2, 0xFF, 0xE9, 0xD2, 0xD3, 0x00, 0x00, 0x00, 0x00, 0x00, 0x00, 0xE9, 0xD2, 0x19, 0xE9, 0xD2, 0xCC, 0xE9, 0xD2, 0x4B,
    0x00, 0x00, 0x00, 0x00, 0x00, 0x00, 0xE9, 0xD2, 0x01, 0xE9, 0xD2, 0xD3, 0xE9, 0xD2, 0xFF, 0xE9, 0xD2, 0x7A, 0xE9, 0xD2, 0x77, 0xE9, 0xD2, 0xFF,
    0xE9, 0xD2, 0xFF, 0xE9, 0xD2, 0xFF, 0xE9, 0xD2, 0xFF, 0xE9, 0xD2, 0xFF, 0xE9, 0xD2, 0xFF, 0xE9, 0xD2, 0xFF, 0xE9, 0xD2, 0xFF, 0xE9, 0xD2, 0xFF,
    0xE9, 0xD2, 0xFF, 0xE9, 0xD2, 0xFF, 0xE9, 0xD2, 0x13, 0x00, 0x00, 0x00, 0x00, 0x00, 0x00, 0x00, 0x00, 0x00, 0xE9, 0xD2, 0x8B, 0xE9, 0xD2, 0xFF,
    0xE9, 0xD2, 0xFF, 0xE9, 0xD2, 0xFF, 0xE9, 0xD2, 0xFF, 0xE9, 0xD2, 0xFF, 0xE9, 0xD2, 0x87, 0xE9, 0xD2, 0x63, 0xE9, 0xD2, 0xFF, 0xE9, 0xD2, 0xD0,
    0xE9, 0xD2, 0xFC, 0xE9, 0xD2, 0xE9, 0xE9, 0xD2, 0x10, 0xE9, 0xD2, 0x5D, 0xE9, 0xD2, 0xFF, 0xE9, 0xD2, 0x9F, 0x00, 0x00, 0x00, 0x00, 0x00, 0x00,
    0x00, 0x00, 0x00, 0x00, 0x00, 0x00, 0x00, 0x00, 0x00, 0x00, 0x00, 0x00, 0x00, 0x00, 0x00, 0x00, 0x00, 0x00, 0xE9, 0xD2, 0x47, 0xE9, 0xD2, 0xFF,
    0xE9, 0xD2, 0xFF, 0xE9, 0xD2, 0x1F, 0x00, 0x00, 0x00, 0x00, 0x00, 0x00, 0x00, 0x00, 0x00, 0x00, 0x00, 0x00, 0x00, 0x00, 0x00, 0x00, 0x00, 0x00,
    0x00, 0x00, 0x00, 0x00, 0x00, 0x00, 0x00, 0x00, 0x00, 0xE9, 0xD2, 0x7C, 0xE9, 0xD2, 0xFF, 0xE9, 0xD2, 0xFF, 0xE9, 0xD2, 0x7B, 0x00, 0x00, 0x00,
    0x00, 0x00, 0x00, 0x00, 0x00, 0x00, 0xE9, 0xD2, 0x49, 0xE9, 0xD2, 0xFF, 0xE9, 0xD2, 0xDE, 0x00, 0x00, 0x00, 0xE9, 0xD2, 0x0A, 0xE9, 0xD2, 0x2B,
    0xE9, 0xD2, 0x4E, 0xE9, 0xD2, 0x6F, 0xE9, 0xD2, 0x0D, 0x00, 0x00, 0x00, 0xE9, 0xD2, 0x52, 0xE9, 0xD2, 0xFF, 0xE9, 0xD2, 0xFF, 0xE9, 0xD2, 0x6F,
    0xE9, 0xD2, 0x77, 0xE9, 0xD2, 0xFF, 0xE9, 0xD2, 0x9B, 0x00, 0x00, 0x00, 0x00, 0x00, 0x00, 0x00, 0x00, 0x00, 0x00, 0x00, 0x00, 0x00, 0x00, 0x00,
    0x00, 0x00, 0x00, 0xE9, 0xD2, 0x17, 0xE9, 0xD2, 0xFF, 0xE9, 0xD2, 0xFF, 0xE9, 0xD2, 0x13, 0x00, 0x00, 0x00, 0x00, 0x00, 0x00, 0x00, 0x00, 0x00,
    0xE9, 0xD2, 0x8B, 0xE9, 0xD2, 0xFF, 0xE9, 0xD2, 0xAA, 0xE9, 0xD2, 0x83, 0xE9, 0xD2, 0xAE, 0xE9, 0xD2, 0xFF, 0xE9, 0xD2, 0x87, 0xE9, 0xD2, 0x63,
    0xE9, 0xD2, 0xFF, 0xE9, 0xD2, 0xA4, 0xE9, 0xD2, 0xBC, 0xE9, 0xD2, 0xFF, 0xE9, 0xD2, 0x91, 0xE9, 0xD2, 0xB9, 0xE9, 0xD2, 0xFF, 0xE9, 0xD2, 0x3B,
    0x00, 0x00, 0x00, 0x00, 0x00, 0x00, 0x00, 0x00, 0x00, 0x00, 0x00, 0x00, 0x00, 0x00, 0x00, 0x00, 0x00, 0x00, 0x00, 0x00, 0x00, 0x00, 0x00, 0x00,
    0xE9, 0xD2, 0x47, 0xE9, 0xD2, 0xFF, 0xE9, 0xD2, 0xFF, 0xE9, 0xD2, 0x1F, 0x00, 0x00, 0x00, 0x00, 0x00, 0x00, 0x00, 0x00, 0x00, 0x00, 0x00, 0x00,
    0x00, 0x00, 0x00, 0x00, 0x00, 0x00, 0x00, 0x00, 0x00, 0x00, 0x00, 0x00, 0xE9, 0xD2, 0x4D, 0xE9, 0xD2, 0xFD, 0xE9, 0xD2, 0xFF, 0xE9, 0xD2, 0xFF,
    0xE9, 0xD2, 0x7B, 0xE9, 0xD2, 0x18, 0xE9, 0xD2, 0x3A, 0xE9, 0xD2, 0x5C, 0xE9, 0xD2, 0x9B, 0xE9, 0xD2, 0xFF, 0xE9, 0xD2, 0xFB, 0xE9, 0xD2, 0xE7,
    0xE9, 0xD2, 0xFF, 0xE9, 0xD2, 0xFF, 0xE9, 0xD2, 0xFF, 0xE9, 0xD2, 0xFF, 0xE9, 0xD2, 0x37, 0xE9, 0xD2, 0x05, 0xE9, 0xD2, 0xD5, 0xE9, 0xD2, 0xFF,
    0xE9, 0xD2, 0xFF, 0xE9, 0xD2, 0x6F, 0xE9, 0xD2, 0x77, 0xE9, 0xD2, 0xFF, 0xE9, 0xD2, 0x9B, 0x00, 0x00, 0x00, 0x00, 0x00, 0x00, 0x00, 0x00, 0x00,
    0x00, 0x00, 0x00, 0x00, 0x00, 0x00, 0x00, 0x00, 0x00, 0xE9, 0xD2, 0x17, 0xE9, 0xD2, 0xFF, 0xE9, 0xD2, 0xFF, 0xE9, 0xD2, 0x13, 0x00, 0x00, 0x00,
    0x00, 0x00, 0x00, 0x00, 0x00, 0x00, 0xE9, 0xD2, 0x8B, 0xE9, 0xD2, 0xFF, 0xE9, 0xD2, 0xAA, 0xE9, 0xD2, 0x83, 0xE9, 0xD2, 0xAE, 0xE9, 0xD2, 0xFF,
    0xE9, 0xD2, 0x87, 0xE9, 0xD2, 0x63, 0xE9, 0xD2, 0xFF, 0xE9, 0xD2, 0xA3, 0xE9, 0xD2, 0x2A, 0xE9, 0xD2, 0xFB, 0xE9, 0xD2, 0xFC, 0xE9, 0xD2, 0xFD,
    0xE9, 0xD2, 0xD7, 0x00, 0x00, 0x00, 0x00, 0x00, 0x00, 0xE9, 0xD2, 0x08, 0xE9, 0xD2, 0x43, 0xE9, 0xD2, 0x43, 0xE9, 0xD2, 0x43, 0xE9, 0xD2, 0x43,
    0xE9, 0xD2, 0x43, 0xE9, 0xD2, 0x43, 0xE9, 0xD2, 0x78, 0xE9, 0xD2, 0xFF, 0xE9, 0xD2, 0xFF, 0xE9, 0xD2, 0x5B, 0xE9, 0xD2, 0x43, 0xE9, 0xD2, 0x43,
    0xE9, 0xD2, 0x43, 0xE9, 0xD2, 0x43, 0xE9, 0xD2, 0x43, 0xE9, 0xD2, 0x43, 0xE9, 0xD2, 0x0A, 0xE9, 0xD2, 0x49, 0xE9, 0xD2, 0xF8, 0xE9, 0xD2, 0xFF,
    0xE9, 0xD2, 0xFF, 0xE9, 0xD2, 0xFF, 0xE9, 0xD2, 0x7B, 0xE9, 0xD2, 0xCF, 0xE9, 0xD2, 0xFF, 0xE9, 0xD2, 0xFF, 0xE9, 0xD2, 0xFF, 0xE9, 0xD2, 0xFF,
    0xE9, 0xD2, 0xFF, 0xE9, 0xD2, 0xFF, 0xE9, 0xD2, 0xFF, 0xE9, 0xD2, 0xED, 0xE9, 0xD2, 0xCA, 0xE9, 0xD2, 0xA7, 0xE9, 0xD2, 0x30, 0xE9, 0xD2, 0x79,
    0xE9, 0xD2, 0xFF, 0xE9, 0xD2, 0xFF, 0xE9, 0xD2, 0xFF, 0xE9, 0xD2, 0x6F, 0x00, 0x00, 0x00, 0xE9, 0xD2, 0x0F, 0xE9, 0xD2, 0xFF, 0xE9, 0xD2, 0xFF,
    0xE9, 0xD2, 0xFF, 0xE9, 0xD2, 0xFF, 0xE9, 0xD2, 0xFF, 0xE9, 0xD2, 0xFF, 0xE9, 0xD2, 0xFF, 0xE9, 0xD2, 0xFF, 0xE9, 0xD2, 0xBF, 0x00, 0x00, 0x00,
    0x00, 0x00, 0x00, 0x00, 0x00, 0x00, 0x00, 0x00, 0x00, 0x00, 0x00, 0x00, 0xE9, 0xD2, 0x8B, 0xE9, 0xD2, 0xFF, 0xE9, 0xD2, 0xFF, 0xE9, 0xD2, 0xFF,
    0xE9, 0xD2, 0xFF, 0xE9, 0xD2, 0xFF, 0xE9, 0xD2, 0x87, 0xE9, 0xD2, 0x63, 0xE9, 0xD2, 0xFF, 0xE9, 0xD2, 0xA3, 0x00, 0x00, 0x00, 0xE9, 0xD2, 0x8E,
    0xE9, 0xD2, 0xFF, 0xE9, 0xD2, 0xFF, 0xE9, 0xD2, 0x73, 0x00, 0x00, 0x00, 0x00, 0x00, 0x00, 0xE9, 0xD2, 0x1F, 0xE9, 0xD2, 0xFF, 0xE9, 0xD2, 0xFF,
    0xE9, 0xD2, 0xFF, 0xE9, 0xD2, 0xFF, 0xE9, 0xD2, 0xFF, 0xE9, 0xD2, 0xFF, 0xE9, 0xD2, 0xFF, 0xE9, 0xD2, 0xFF, 0xE9, 0xD2, 0xFF, 0xE9, 0xD2, 0xFF,
    0xE9, 0xD2, 0xFF, 0xE9, 0xD2, 0xFF, 0xE9, 0xD2, 0xFF, 0xE9, 0xD2, 0xFF, 0xE9, 0xD2, 0xFF, 0xE9, 0xD2, 0xFF, 0xE9, 0xD2, 0x27, 0xE9, 0xD2, 0x96,
    0xE9, 0xD2, 0xFF, 0xE9, 0xD2, 0xE4, 0xE9, 0xD2, 0xD8, 0xE9, 0xD2, 0xFF, 0xE9, 0xD2, 0x7B, 0xE9, 0xD2, 0xA4, 0xE9, 0xD2, 0xDE, 0xE9, 0xD2, 0xBB,
    0xE9, 0xD2, 0x99, 0xE9, 0xD2, 0xFE, 0xE9, 0xD2, 0xFF, 0xE9, 0xD2, 0x56, 0xE9, 0xD2, 0x10, 0x00, 0x00, 0x00, 0x00, 0x00, 0x00, 0x00, 0x00, 0x00,
    0x00, 0x00, 0x00, 0xE9, 0xD2, 0x73, 0xE9, 0xD2, 0xFF, 0xE9, 0xD2, 0xFF, 0xE9, 0xD2, 0xFF, 0xE9, 0xD2, 0x6F, 0x00, 0x00, 0x00, 0xE9, 0xD2, 0x0F,
    0xE9, 0xD2, 0xFF, 0xE9, 0xD2, 0xFF, 0xE9, 0xD2, 0xFF, 0xE9, 0xD2, 0xFF, 0xE9, 0xD2, 0xFF, 0xE9, 0xD2, 0xFF, 0xE9, 0xD2, 0xFF, 0xE9, 0xD2, 0xFF,
    0xE9, 0xD2, 0xBF, 0x00, 0x00, 0x00, 0x00, 0x00, 0x00, 0x00, 0x00, 0x00, 0x00, 0x00, 0x00, 0x00, 0x00, 0x00, 0xE9, 0xD2, 0x8B, 0xE9, 0xD2, 0xFF,
    0xE9, 0xD2, 0x4F, 0x00, 0x00, 0x00, 0xE9, 0xD2, 0x57, 0xE9, 0xD2, 0xFF, 0xE9, 0xD2, 0x87, 0xE9, 0xD2, 0x63, 0xE9, 0xD2, 0xFF, 0xE9, 0xD2, 0xA3,
    0x00, 0x00, 0x00, 0xE9, 0xD2, 0x38, 0xE9, 0xD2, 0xFF, 0xE9, 0xD2, 0xFF, 0xE9, 0xD2, 0x6B, 0x00, 0x00, 0x00, 0x00, 0x00, 0x00, 0xE9, 0xD2, 0x1F,
    0xE9, 0xD2, 0xFF, 0xE9, 0xD2, 0xFF, 0xE9, 0xD2, 0xFF, 0xE9, 0xD2, 0xFF, 0xE9, 0xD2, 0xFF, 0xE9, 0xD2, 0xFF, 0xE9, 0xD2, 0xFF, 0xE9, 0xD2, 0xFF,
    0xE9, 0xD2, 0xFF, 0xE9, 0xD2, 0xFF, 0xE9, 0xD2, 0xFF, 0xE9, 0xD2, 0xFF, 0xE9, 0xD2, 0xFF, 0xE9, 0xD2, 0xFF, 0xE9, 0xD2, 0xFF, 0xE9, 0xD2, 0xFF,
    0xE9, 0xD2, 0x27, 0xE9, 0xD2, 0x13, 0xE9, 0xD2, 0xDF, 0xE9, 0xD2, 0x29, 0xE9, 0xD2, 0xBF, 0xE9, 0xD2, 0xFF, 0xE9, 0xD2, 0x7B, 0x00, 0x00, 0x00,
    0x00, 0x00, 0x00, 0x00, 0x00, 0x00, 0x00, 0x00, 0x00, 0xE9, 0xD2, 0xDD, 0xE9, 0xD2, 0xFF, 0xE9, 0xD2, 0x54, 0x00, 0x00, 0x00, 0x00, 0x00, 0x00,
    0x00, 0x00, 0x00, 0x00, 0x00, 0x00, 0x00, 0x00, 0x00, 0xE9, 0xD2, 0x08, 0xE9, 0xD2, 0xB7, 0xE9, 0xD2, 0xB8, 0xE9, 0xD2, 0xFF, 0xE9, 0xD2, 0x6F,
    0xE9, 0xD2, 0x06, 0xE9, 0xD2, 0x07, 0xE9, 0xD2, 0x07, 0xE9, 0xD2, 0x07, 0xE9, 0xD2, 0x07, 0xE9, 0xD2, 0x07, 0xE9, 0xD2, 0x07, 0xE9, 0xD2, 0x07,
    0xE9, 0xD2, 0x07, 0xE9, 0xD2, 0x07, 0xE9, 0xD2, 0x07, 0xE9, 0xD2, 0x07, 0xE9, 0xD2, 0x03, 0x00, 0x00, 0x00, 0x00, 0x00, 0x00, 0xE9, 0xD2, 0x57,
    0xE9, 0xD2, 0xFF, 0xE9, 0xD2, 0xFF, 0xE9, 0xD2, 0xFF, 0xE9, 0xD2, 0xFF, 0xE9, 0xD2, 0xFF, 0xE9, 0xD2, 0xFF, 0xE9, 0xD2, 0x87, 0xE9, 0xD2, 0x63,
    0xE9, 0xD2, 0xFF, 0xE9, 0xD2, 0xA3, 0xE9, 0xD2, 0x03, 0xE9, 0xD2, 0xCA, 0xE9, 0xD2, 0xFF, 0xE9, 0xD2, 0xFF, 0xE9, 0xD2, 0xE3, 0xE9, 0xD2, 0x07,
    0x00, 0x00, 0x00, 0x00, 0x00, 0x00, 0x00, 0x00, 0x00, 0x00, 0x00, 0x00, 0x00, 0x00, 0x00, 0x00, 0x00, 0x00, 0x00, 0x00, 0x00, 0x00, 0x00, 0x00,
    0xE9, 0xD2, 0x47, 0xE9, 0xD2, 0xFF, 0xE9, 0xD2, 0xFF, 0xE9, 0xD2, 0x1F, 0x00, 0x00, 0x00, 0x00, 0x00, 0x00, 0x00, 0x00, 0x00, 0x00, 0x00, 0x00,
    0x00, 0x00, 0x00, 0x00, 0x00, 0x00, 0x00, 0x00, 0x00, 0x00, 0x00, 0x00, 0xE9, 0xD2, 0x0E, 0x00, 0x00, 0x00, 0xE9, 0xD2, 0xBF, 0xE9, 0xD2, 0xFF,
    0xE9, 0xD2, 0x7B, 0x00, 0x00, 0x00, 0x00, 0x00, 0x00, 0x00, 0x00, 0x00, 0x00, 0x00, 0x00, 0xE9, 0xD2, 0xB0, 0xE9, 0xD2, 0xFF, 0xE9, 0xD2, 0x7F,
    0x00, 0x00, 0x00, 0x00, 0x00, 0x00, 0x00, 0x00, 0x00, 0x00, 0x00, 0x00, 0x00, 0x00, 0x00, 0x00, 0x00, 0x00, 0xE9, 0xD2, 0x01, 0xE9, 0xD2, 0xAB,
    0xE9, 0xD2, 0xFF, 0xE9, 0xD2, 0x6F, 0xE9, 0xD2, 0xD3, 0xE9, 0xD2, 0xFF, 0xE9, 0xD2, 0xFF, 0xE9, 0xD2, 0xFF, 0xE9, 0xD2, 0xFF, 0xE9, 0xD2, 0xFF,
    0xE9, 0xD2, 0xFF, 0xE9, 0xD2, 0xFF, 0xE9, 0xD2, 0xFF, 0xE9, 0xD2, 0xFF, 0xE9, 0xD2, 0xFF, 0xE9, 0xD2, 0xFF, 0xE9, 0xD2, 0x6F, 0x00, 0x00, 0x00,
    0x00, 0x00, 0x00, 0xE9, 0xD2, 0x2E, 0xE9, 0xD2, 0x87, 0xE9, 0xD2, 0x87, 0xE9, 0xD2, 0x94, 0xE9, 0xD2, 0xFC, 0xE9, 0xD2, 0xFF, 0xE9, 0xD2, 0xFF,
    0xE9, 0xD2, 0x87, 0xE9, 0xD2, 0x63, 0xE9, 0xD2, 0xFF, 0xE9, 0xD2, 0xA3, 0xE9, 0xD2, 0x77, 0xE9, 0xD2, 0xFF, 0xE9, 0xD2, 0xE6, 0xE9, 0xD2, 0xE5,
    0xE9, 0xD2, 0xFF, 0xE9, 0xD2, 0x63, 0x00, 0x00, 0x00, 0x00, 0x00, 0x00, 0x00, 0x00, 0x00, 0x00, 0x00, 0x00, 0x00, 0x00, 0x00, 0x00, 0x00, 0x00,
    0x00, 0x00, 0x00, 0x00, 0x00, 0x00, 0xE9, 0xD2, 0x47, 0xE9, 0xD2, 0xFF, 0xE9, 0xD2, 0xFF, 0xE9, 0xD2, 0x1F, 0x00, 0x00, 0x00, 0x00, 0x00, 0x00,
    0x00, 0x00, 0x00, 0x00, 0x00, 0x00, 0x00, 0x00, 0x00, 0x00, 0x00, 0x00, 0x00, 0x00, 0x00, 0x00, 0x00, 0x00, 0x00, 0x00, 0x00, 0x00, 0x00, 0x00,
    0xE9, 0xD2, 0xBF, 0xE9, 0xD2, 0xFF, 0xE9, 0xD2, 0x7B, 0x00, 0x00, 0x00, 0x00, 0x00, 0x00, 0x00, 0x00, 0x00, 0x00, 0x00, 0x00, 0xE9, 0xD2, 0x83,
    0xE9, 0xD2, 0xFF, 0xE9, 0xD2, 0xBA, 0x00, 0x00, 0x00, 0x00, 0x00, 0x00, 0x00, 0x00, 0x00, 0x00, 0x00, 0x00, 0x00, 0x00, 0x00, 0x00, 0x00, 0x00,
    0x00, 0x00, 0x00, 0xE9, 0xD2, 0xAB, 0xE9, 0xD2, 0xFF, 0xE9, 0xD2, 0x6F, 0xE9, 0xD2, 0xD3, 0xE9, 0xD2, 0xFF, 0xE9, 0xD2, 0xFF, 0xE9, 0xD2, 0xFF,
    0xE9, 0xD2, 0xFF, 0xE9, 0xD2, 0xFF, 0xE9, 0xD2, 0xFF, 0xE9, 0xD2, 0xFF, 0xE9, 0xD2, 0xFF, 0xE9, 0xD2, 0xFF, 0xE9, 0xD2, 0xFF, 0xE9, 0xD2, 0xFF,
    0xE9, 0xD2, 0x6F, 0x00, 0x00, 0x00, 0x00, 0x00, 0x00, 0x00, 0x00, 0x00, 0x00, 0x00, 0x00, 0xE9, 0xD2, 0x0A, 0xE9, 0xD2, 0xC0, 0xE9, 0xD2, 0xFF,
    0xE9, 0xD2, 0xEF, 0xE9, 0xD2, 0xFF, 0xE9, 0xD2, 0x87, 0xE9, 0xD2, 0x63, 0xE9, 0xD2, 0xFF, 0xE9, 0xD2, 0xCB, 0xE9, 0xD2, 0xF8, 0xE9, 0xD2, 0xFF,
    0xE9, 0xD2, 0x4D, 0xE9, 0xD2, 0x80, 0xE9, 0xD2, 0xFF, 0xE9, 0xD2, 0xCB, 0x00, 0x00, 0x00, 0x00, 0x00, 0x00, 0x00, 0x00, 0x00, 0x00, 0x00, 0x00,
    0x00, 0x00, 0x00, 0x00, 0x00, 0x00, 0x00, 0x00, 0x00, 0x00, 0x00, 0x00, 0xE9, 0xD2, 0x47, 0xE9, 0xD2, 0xFF, 0xE9, 0xD2, 0xFF, 0xE9, 0xD2, 0x1F,
    0x00, 0x00, 0x00, 0x00, 0x00, 0x00, 0x00, 0x00, 0x00, 0x00, 0x00, 0x00, 0x00, 0x00, 0x00, 0x00, 0x00, 0x00, 0x00, 0x00, 0x00, 0x00, 0x00, 0x00,
    0x00, 0x00, 0x00, 0x00, 0x00, 0x00, 0xE9, 0xD2, 0xBF, 0xE9, 0xD2, 0xFF, 0xE9, 0xD2, 0x7B, 0x00, 0x00, 0x00, 0x00, 0x00, 0x00, 0x00, 0x00, 0x00,
    0x00, 0x00, 0x00, 0xE9, 0xD2, 0x49, 0xE9, 0xD2, 0xFF, 0xE9, 0xD2, 0xF9, 0xE9, 0xD2, 0x0D, 0x00, 0x00, 0x00, 0xE9, 0xD2, 0x29, 0xE9, 0xD2, 0x37,
    0x00, 0x00, 0x00, 0x00, 0x00, 0x00, 0x00, 0x00, 0x00, 0xE9, 0xD2, 0xAB, 0xE9, 0xD2, 0xFF, 0xE9, 0xD2, 0x6F, 0x00, 0x00, 0x00, 0x00, 0x00, 0x00,
    0xE9, 0xD2, 0x05, 0xE9, 0xD2, 0xCE, 0xE9, 0xD2, 0xFF, 0xE9, 0xD2, 0xD6, 0xE9, 0xD2, 0x0B, 0xE9, 0xD2, 0x18, 0xE9, 0xD2, 0x9B, 0xE9, 0xD2, 0xC1,
    0xE9, 0xD2, 0x03, 0x00, 0x00, 0x00, 0x00, 0x00, 0x00, 0x00, 0x00, 0x00, 0x00, 0x00, 0x00, 0x00, 0x00, 0x00, 0xE9, 0xD2, 0x19, 0xE9, 0xD2, 0xC1,
    0xE9, 0xD2, 0xFF, 0xE9, 0xD2, 0xCF, 0xE9, 0xD2, 0x66, 0xE9, 0xD2, 0xFF, 0xE9, 0xD2, 0x87, 0xE9, 0xD2, 0x63, 0xE9, 0xD2, 0xFF, 0xE9, 0xD2, 0xC8,
    0xE9, 0xD2, 0xE3, 0xE9, 0xD2, 0xA2, 0x00, 0x00, 0x00, 0xE9, 0xD2, 0x1B, 0xE9, 0xD2, 0xCC, 0xE9, 0xD2, 0x34, 0x00, 0x00, 0x00, 0x00, 0x00, 0x00,
    0x00, 0x00, 0x00, 0x00, 0x00, 0x00, 0x00, 0x00, 0x00, 0x00, 0x00, 0x00, 0x00, 0x00, 0x00, 0x00, 0x00, 0x00, 0xE9, 0xD2, 0x47, 0xE9, 0xD2, 0xFF,
    0xE9, 0xD2, 0xFF, 0xE9, 0xD2, 0x1F, 0x00, 0x00, 0x00, 0x00, 0x00, 0x00, 0x00, 0x00, 0x00, 0x00, 0x00, 0x00, 0x00, 0x00, 0x00, 0x00, 0x00, 0x00,
    0x00, 0x00, 0x00, 0x00, 0x00, 0x00, 0x00, 0x00, 0x00, 0x00, 0x00, 0x00, 0xE9, 0xD2, 0xBF, 0xE9, 0xD2, 0xFF, 0xE9, 0xD2, 0x7B, 0x00, 0x00, 0x00,
    0x00, 0x00, 0x00, 0x00, 0x00, 0x00, 0x00, 0x00, 0x00, 0xE9, 0xD2, 0x04, 0xE9, 0xD2, 0xEB, 0xE9, 0xD2, 0xFF, 0xE9, 0xD2, 0x6F, 0x00, 0x00, 0x00,
    0xE9, 0xD2, 0x55, 0xE9, 0xD2, 0xFB, 0xE9, 0xD2, 0x5B, 0x00, 0x00, 0x00, 0x00, 0x00, 0x00, 0xE9, 0xD2, 0xAB, 0xE9, 0xD2, 0xFF, 0xE9, 0xD2, 0x6F,
    0x00, 0x00, 0x00, 0x00, 0x00, 0x00, 0xE9, 0xD2, 0x87, 0xE9, 0xD2, 0xFF, 0xE9, 0xD2, 0xF5, 0xE9, 0xD2, 0x2B, 0x00, 0x00, 0x00, 0xE9, 0xD2, 0x18,
    0xE9, 0xD2, 0xEC, 0xE9, 0xD2, 0xFF, 0xE9, 0xD2, 0x7B, 0x00, 0x00, 0x00, 0x00, 0x00, 0x00, 0x00, 0x00, 0x00, 0x00, 0x00, 0x00, 0xE9, 0xD2, 0x48,
    0xE9, 0xD2, 0xEC, 0xE9, 0xD2, 0xFF, 0xE9, 0xD2, 0xDE, 0xE9, 0xD2, 0x18, 0xE9, 0xD2, 0x57, 0xE9, 0xD2, 0xFF, 0xE9, 0xD2, 0x87, 0xE9, 0xD2, 0x63,
    0xE9, 0xD2, 0xFF, 0xE9, 0xD2, 0xA3, 0xE9, 0xD2, 0x22, 0xE9, 0xD2, 0x11, 0x00, 0x00, 0x00, 0x00, 0x00, 0x00, 0x00, 0x00, 0x00, 0x00, 0x00, 0x00,
    0x00, 0x00, 0x00, 0x00, 0x00, 0x00, 0x00, 0x00, 0x00, 0x00, 0x00, 0x00, 0x00, 0x00, 0x00, 0x00, 0x00, 0x00, 0x00, 0x00, 0x00, 0x00, 0x00, 0x00,
    0xE9, 0xD2, 0x47, 0xE9, 0xD2, 0xFF, 0xE9, 0xD2, 0xFF, 0xE9, 0xD2, 0x1F, 0x00, 0x00, 0x00, 0x00, 0x00, 0x00, 0x00, 0x00, 0x00, 0x00, 0x00, 0x00,
    0x00, 0x00, 0x00, 0x00, 0x00, 0x00, 0x00, 0x00, 0x00, 0x00, 0x00, 0x00, 0x00, 0x00, 0x00, 0x00, 0x00, 0x00, 0xE9, 0xD2, 0xBF, 0xE9, 0xD2, 0xFF,
    0xE9, 0xD2, 0x7B, 0x00, 0x00, 0x00, 0x00, 0x00, 0x00, 0x00, 0x00, 0x00, 0x00, 0x00, 0x00, 0x00, 0x00, 0x00, 0xE9, 0xD2, 0x95, 0xE9, 0xD2, 0xFF,
    0xE9, 0xD2, 0xEE, 0xE9, 0xD2, 0x32, 0xE9, 0xD2, 0x88, 0xE9, 0xD2, 0xFF, 0xE9, 0xD2, 0x5A, 0x00, 0x00, 0x00, 0x00, 0x00, 0x00, 0xE9, 0xD2, 0xAB,
    0xE9, 0xD2, 0xFF, 0xE9, 0xD2, 0x6F, 0x00, 0x00, 0x00, 0xE9, 0xD2, 0x5E, 0xE9, 0xD2, 0xFF, 0xE9, 0xD2, 0xFF, 0xE9, 0xD2, 0x70, 0xE9, 0xD2, 0x26,
    0xE9, 0xD2, 0x3C, 0xE9, 0xD2, 0x51, 0xE9, 0xD2, 0xAD, 0xE9, 0xD2, 0xFF, 0xE9, 0xD2, 0xFA, 0xE9, 0xD2, 0x2E, 0x00, 0x00, 0x00, 0x00, 0x00, 0x00,
    0x00, 0x00, 0x00, 0xE9, 0xD2, 0x3E, 0xE9, 0xD2, 0xFE, 0xE9, 0xD2, 0xC0, 0xE9, 0xD2, 0x17, 0x00, 0x00, 0x00, 0xE9, 0xD2, 0x65, 0xE9, 0xD2, 0xFF,
    0xE9, 0xD2, 0x86, 0xE9, 0xD2, 0x63, 0xE9, 0xD2, 0xFF, 0xE9, 0xD2, 0xFD, 0xE9, 0xD2, 0xF7, 0xE9, 0xD2, 0xF7, 0xE9, 0xD2, 0xF7, 0xE9, 0xD2, 0xF7,
    0xE9, 0xD2, 0xF7, 0xE9, 0xD2, 0xF7, 0xE9, 0xD2, 0x6C, 0x00, 0x00, 0x00, 0x00, 0x00, 0x00, 0x00, 0x00, 0x00, 0x00, 0x00, 0x00, 0x00, 0x00, 0x00,
    0x00, 0x00, 0x00, 0x00, 0x00, 0x00, 0xE9, 0xD2, 0x47, 0xE9, 0xD2, 0xFF, 0xE9, 0xD2, 0xFF, 0xE9, 0xD2, 0x1F, 0x00, 0x00, 0x00, 0x00, 0x00, 0x00,
    0x00, 0x00, 0x00, 0x00, 0x00, 0x00, 0x00, 0x00, 0x00, 0x00, 0x00, 0x00, 0x00, 0x00, 0x00, 0x00, 0x00, 0x00, 0x00, 0x00, 0x00, 0x00, 0x00, 0x00,
    0xE9, 0xD2, 0xBF, 0xE9, 0xD2, 0xFF, 0xE9, 0xD2, 0x7B, 0x00, 0x00, 0x00, 0x00, 0x00, 0x00, 0x00, 0x00, 0x00, 0x00, 0x00, 0x00, 0x00, 0x00, 0x00,
    0xE9, 0xD2, 0x25, 0xE9, 0xD2, 0xF8, 0xE9, 0xD2, 0xFF, 0xE9, 0xD2, 0xFD, 0xE9, 0xD2, 0xFB, 0xE9, 0xD2, 0xFF, 0xE9, 0xD2, 0x24, 0x00, 0x00, 0x00,
    0x00, 0x00, 0x00, 0xE9, 0xD2, 0xAB, 0xE9, 0xD2, 0xFF, 0xE9, 0xD2, 0x6F, 0xE9, 0xD2, 0x38, 0xE9, 0xD2, 0xFF, 0xE9, 0xD2, 0xFF, 0xE9, 0xD2, 0xFF,
    0xE9, 0xD2, 0xFF, 0xE9, 0xD2, 0xFF, 0xE9, 0xD2, 0xFF, 0xE9, 0xD2, 0xFF, 0xE9, 0xD2, 0xFF, 0xE9, 0xD2, 0xFF, 0xE9, 0xD2, 0xFF, 0xE9, 0xD2, 0xBC,
    0x00, 0x00, 0x00, 0x00, 0x00, 0x00, 0x00, 0x00, 0x00, 0x00, 0x00, 0x00, 0xE9, 0xD2, 0x57, 0xE9, 0xD2, 0x04, 0xE9, 0xD2, 0x1D, 0xE9, 0xD2, 0xFD,
    0xE9, 0xD2, 0xFF, 0xE9, 0xD2, 0xFF, 0xE9, 0xD2, 0x67, 0xE9, 0xD2, 0x63, 0xE9, 0xD2, 0xFF, 0xE9, 0xD2, 0xFF, 0xE9, 0xD2, 0xFF, 0xE9, 0xD2, 0xFF,
    0xE9, 0xD2, 0xFF, 0xE9, 0xD2, 0xFF, 0xE9, 0xD2, 0xFF, 0xE9, 0xD2, 0xFF, 0xE9, 0xD2, 0x6F, 0x00, 0x00, 0x00, 0x00, 0x00, 0x00, 0x00, 0x00, 0x00,
    0x00, 0x00, 0x00, 0x00, 0x00, 0x00, 0x00, 0x00, 0x00, 0x00, 0x00, 0x00, 0xE9, 0xD2, 0x47, 0xE9, 0xD2, 0xFF, 0xE9, 0xD2, 0xFF, 0xE9, 0xD2, 0x1F,
    0x00, 0x00, 0x00, 0x00, 0x00, 0x00, 0x00, 0x00, 0x00, 0x00, 0x00, 0x00, 0x00, 0x00, 0x00, 0x00, 0x00, 0x00, 0x00, 0x00, 0x00, 0x00, 0x00, 0x00,
    0x00, 0x00, 0x00, 0x00, 0x00, 0x00, 0xE9, 0xD2, 0xBF, 0xE9, 0xD2, 0xFF, 0xE9, 0xD2, 0x7B, 0x00, 0x00, 0x00, 0x00, 0x00, 0x00, 0x00, 0x00, 0x00,
    0x00, 0x00, 0x00, 0x00, 0x00, 0x00, 0x00, 0x00, 0x00, 0xE9, 0xD2, 0x5E, 0xE9, 0xD2, 0xFD, 0xE9, 0xD2, 0xFF, 0xE9, 0xD2, 0xFF, 0xE9, 0xD2, 0xBF,
    0x00, 0x00, 0x00, 0x00, 0x00, 0x00, 0x00, 0x00, 0x00, 0xE9, 0xD2, 0xAB, 0xE9, 0xD2, 0xFF, 0xE9, 0xD2, 0x6F, 0xE9, 0xD2, 0x05, 0xE9, 0xD2, 0xEF,
    0xE9, 0xD2, 0xFF, 0xE9, 0xD2, 0xFF, 0xE9, 0xD2, 0xF9, 0xE9, 0xD2, 0xDF, 0xE9, 0xD2, 0xC6, 0xE9, 0xD2, 0xAC, 0xE9, 0xD2, 0x94, 0xE9, 0xD2, 0x85,
    0xE9, 0xD2, 0xFE, 0xE9, 0xD2, 0xFF, 0xE9, 0xD2, 0x40, 0x00, 0x00, 0x00, 0x00, 0x00, 0x00, 0x00, 0x00, 0x00, 0x00, 0x00, 0x00, 0x00, 0x00, 0x00,
    0x00, 0x00, 0x00, 0xE9, 0xD2, 0xA6, 0xE9, 0xD2, 0xC2, 0xE9, 0xD2, 0x89, 0xE9, 0xD2, 0x06, 0x00, 0x00, 0x00, 0x00, 0x00, 0x00, 0x00, 0x00, 0x00,
    0x00, 0x00, 0x00, 0x00, 0x00, 0x00, 0x00, 0x00, 0x00, 0x00, 0x00, 0x00, 0x00, 0x00, 0x00, 0x00, 0x00, 0x00, 0x00, 0x00, 0x00, 0x00, 0x00, 0x00,
    0x00, 0x00, 0x00, 0x00, 0x00, 0x00, 0x00, 0x00, 0x00, 0x00, 0x00, 0x00, 0x00, 0x00, 0x00, 0x00, 0x00, 0x00, 0xE9, 0xD2, 0x41, 0xE9, 0xD2, 0xE7,
    0xE9, 0xD2, 0xE7, 0xE9, 0xD2, 0x1C, 0x00, 0x00, 0x00, 0x00, 0x00, 0x00, 0x00, 0x00, 0x00, 0x00, 0x00, 0x00, 0x00, 0x00, 0x00, 0x00, 0x00, 0x00,
    0x00, 0x00, 0x00, 0x00, 0x00, 0x00, 0x00, 0x00, 0x00, 0x00, 0x00, 0x00, 0xE9, 0xD2, 0x8F, 0xE9, 0xD2, 0xBF, 0xE9, 0xD2, 0x5C, 0x00, 0x00, 0x00,
    0x00, 0x00, 0x00, 0x00, 0x00, 0x00, 0x00, 0x00, 0x00, 0x00, 0x00, 0x00, 0x00, 0x00, 0x00, 0x00, 0x00, 0x00, 0xE9, 0xD2, 0x33, 0xE9, 0xD2, 0x99,
    0xE9, 0xD2, 0xA8, 0xE9, 0xD2, 0x1E, 0x00, 0x00, 0x00, 0x00, 0x00, 0x00, 0x00, 0x00, 0x00, 0xE9, 0xD2, 0x9E, 0xE9, 0xD2, 0xEB, 0xE9, 0xD2, 0x67,
    0x00, 0x00, 0x00, 0xE9, 0xD2, 0x53, 0xE9, 0xD2, 0x40, 0xE9, 0xD2, 0x19, 0xE9, 0xD2, 0x01, 0x00, 0x00, 0x00, 0x00, 0x00, 0x00, 0x00, 0x00, 0x00,
    0x00, 0x00, 0x00, 0x00, 0x00, 0x00, 0xE9, 0xD2, 0x94, 0xE9, 0xD2, 0x5E, 0xE9, 0xD2, 0x01, 0x00, 0x00, 0x00, 0x00, 0x00, 0x00, 0x00, 0x00, 0x00,
    0x00, 0x00, 0x00, 0x00, 0x00, 0x00, 0x00, 0x00, 0x00, 0x00, 0x00, 0x00, 0x00, 0x00, 0x00, 0x00, 0x00, 0x00, 0x00, 0x00, 0x00, 0x00, 0x00, 0x00,
    0x00, 0x00, 0x00, 0x00, 0x00, 0x00, 0x00, 0x00, 0x00, 0x00, 0x00, 0x00, 0x00, 0x00, 0x00, 0x00, 0x00, 0x00, 0x00, 0x00, 0x00, 0x00, 0x00, 0x00,
    0x00, 0x00, 0x00, 0x00, 0x00, 0x00, 0x00, 0x00, 0x00, 0x00, 0x00, 0x00, 0x00, 0x00, 0x00, 0x00, 0x00, 0x00, 0x00, 0x00, 0x00, 0x00, 0x00, 0x00,
    0x00, 0x00, 0x00, 0x00, 0x00, 0x00, 0x00, 0x00, 0x00, 0x00, 0x00, 0x00, 0x00, 0x00, 0x00, 0x00, 0x00, 0x00, 0x00, 0x00, 0x00, 0x00, 0x00, 0x00,
    0x00, 0x00, 0x00, 0x00, 0x00, 0x00, 0x00, 0x00, 0x00, 0x00, 0x00, 0x00, 0x00, 0x00, 0x00, 0x00, 0x00, 0x00, 0x00, 0x00, 0x00, 0x00, 0x00, 0x00,
    0x00, 0x00, 0x00, 0x00, 0x00, 0x00, 0x00, 0x00, 0x00, 0x00, 0x00, 0x00, 0x00, 0x00, 0x00, 0x00, 0x00, 0x00, 0x00, 0x00, 0x00, 0x00, 0x00, 0x00,
    0x00, 0x00, 0x00, 0x00, 0x00, 0x00, 0x00, 0x00, 0x00, 0x00, 0x00, 0x00, 0x00, 0x00, 0x00, 0x00, 0x00, 0x00, 0x00, 0x00, 0x00, 0x00, 0x00, 0x00,
    0x00, 0x00, 0x00, 0x00, 0x00, 0x00, 0x00, 0x00, 0x00, 0x00, 0x00, 0x00, 0x00, 0x00, 0x00, 0x00, 0x00, 0x00, 0x00, 0x00, 0x00, 0x00, 0x00, 0x00,
    0x00, 0x00, 0x00, 0x00, 0x00, 0x00, 0x00, 0x00, 0x00, 0x00, 0x00, 0x00, 0x00, 0x00, 0x00, 0x00, 0x00, 0x00, 0x00, 0x00, 0x00, 0x00, 0x00, 0x00,
    0x00, 0x00, 0x00, 0x00, 0x00, 0x00, 0x00, 0x00, 0x00, 0x00, 0x00, 0x00, 0x00, 0x00, 0x00, 0x00, 0x00, 0x00, 0x00, 0x00, 0x00, 0x00, 0x00, 0x00,
    0x00, 0x00, 0x00, 0x00, 0x00, 0x00, 0x00, 0x00, 0x00, 0x00, 0x00, 0x00, 0x00, 0x00, 0x00, 0x00, 0x00, 0x00, 0x00, 0x00, 0x00, 0x00, 0x00, 0x00,
    0x00, 0x00, 0x00, 0x00, 0x00, 0x00, 0x00, 0x00, 0x00, 0x00, 0x00, 0x00, 0x00, 0x00, 0x00, 0x00, 0x00, 0x00, 0x00, 0x00, 0x00, 0x00, 0x00, 0x00,
    0x00, 0x00, 0x00, 0x00, 0x00, 0x00, 0x00, 0x00, 0x00, 0x00, 0x00, 0x00, 0x00, 0x00, 0x00, 0x00, 0x00, 0x00, 0x00, 0x00, 0x00, 0x00, 0x00, 0x00,
    0x00, 0x00, 0x00, 0x00, 0x00, 0x00, 0x00, 0x00, 0x00, 0x00, 0x00, 0x00, 0x00, 0x00, 0x00, 0x00, 0x00, 0x00, 0x00, 0x00, 0x00, 0x00, 0x00, 0x00,
    0x00, 0x00, 0x00, 0x00, 0x00, 0x00, 0x00, 0x00, 0x00, 0x00, 0x00, 0x00, 0x00, 0x00, 0x00, 0x00, 0x00, 0x00, 0x00, 0x00, 0x00, 0x00, 0x00, 0x00,
    0x00, 0x00, 0x00, 0x00, 0x00, 0x00, 0x00, 0x00, 0x00, 0x00, 0x00, 0x00, 0x00, 0x00, 0x00, 0x00, 0x00, 0x00, 0x00, 0x00, 0x00, 0x00, 0x00, 0x00,
    0x00, 0x00, 0x00, 0x00, 0x00, 0x00, 0x00, 0x00, 0x00, 0x00, 0x00, 0x00, 0x00, 0x00, 0x00, 0x00, 0x00, 0x00, 0x00, 0x00, 0x00, 0x00, 0x00, 0x00,
    0x00, 0x00, 0x00, 0x00, 0x00, 0x00, 0x00, 0x00, 0x00, 0x00, 0x00, 0x00, 0x00, 0x00, 0x00, 0x00, 0x00, 0x00, 0x00, 0x00, 0x00, 0x00, 0x00, 0x00,
    0x00, 0x00, 0x00, 0x00, 0x00, 0x00, 0x00, 0x00, 0x00, 0x00, 0x00, 0x00, 0x00, 0x00, 0x00, 0x00, 0x00, 0x00, 0x00, 0x00, 0x00, 0x00, 0x00, 0x00,
    0x00, 0x00, 0x00, 0x00, 0x00, 0x00, 0x00, 0x00, 0x00, 0x00, 0x00, 0x00, 0x00, 0x00, 0x00, 0x00, 0x00, 0x00, 0x00, 0x00, 0x00, 0x00, 0x00, 0x00,
    0x00, 0x00, 0x00, 0x00, 0x00, 0x00, 0x00, 0x00, 0x00, 0x00, 0x00, 0x00, 0x00, 0x00, 0x00, 0x00, 0x00, 0x00, 0x00, 0x00, 0x00, 0x00, 0x00, 0x00,
    0x00, 0x00, 0x00, 0x00, 0x00, 0x00, 0x00, 0x00, 0x00, 0x00, 0x00, 0x00, 0x00, 0x00, 0x00, 0x00, 0x00, 0x00, 0x00, 0x00, 0x00, 0x00, 0x00, 0x00,
    0x00, 0x00, 0x00, 0x00, 0x00, 0x00, 0x00, 0x00, 0x00, 0x00, 0x00, 0x00, 0x00, 0x00, 0x00, 0x00, 0x00, 0x00, 0x00, 0x00, 0x00, 0x00, 0x00, 0x00,
    0x00, 0x00, 0x00, 0x00, 0x00, 0x00, 0x00, 0x00, 0x00, 0x00, 0x00, 0x00, 0x00, 0x00, 0x00, 0x00, 0x00, 0x00, 0x00, 0x00, 0x00, 0x00, 0x00, 0x00,
    0x00, 0x00, 0x00, 0x00, 0x00, 0x00, 0x00, 0x00, 0x00, 0x00, 0x00, 0x00, 0x00, 0x00, 0x00, 0x00, 0x00, 0x00, 0x00, 0x00, 0x00, 0x00, 0x00, 0x00,
    0x00, 0x00, 0x00, 0x00, 0x00, 0x00, 0x00, 0x00, 0x00, 0x00, 0x00, 0x00, 0x00, 0x00, 0x00, 0x00, 0x00, 0x00, 0x00, 0x00, 0x00, 0x00, 0x00, 0x00,
    0x00, 0x00, 0x00, 0x00, 0x00, 0x00, 0x00, 0x00, 0x00, 0x00, 0x00, 0x00, 0x00, 0x00, 0x00, 0x00, 0x00, 0x00, 0x00, 0x00, 0x00, 0x00, 0x00, 0x00,
    0x00, 0x00, 0x00, 0x00, 0x00, 0x00, 0x00, 0x00, 0x00, 0x00, 0x00, 0x00, 0x00, 0x00, 0x00, 0x00, 0x00, 0x00, 0x00, 0x00, 0x00, 0x00, 0x00, 0x00,
    0x00, 0x00, 0x00, 0x00, 0x00, 0x00, 0x00, 0x00, 0x00, 0x00, 0x00, 0x00, 0x00, 0x00, 0x00, 0x00, 0x00, 0x00, 0x00, 0x00, 0x00, 0x00, 0x00, 0x00,
    0x00, 0x00, 0x00, 0x00, 0x00, 0x00, 0x00, 0x00, 0x00, 0x00, 0x00, 0x00, 0x00, 0x00, 0x00, 0x00, 0x00, 0x00, 0x00, 0x00, 0x00, 0x00, 0x00, 0x00,
    0x00, 0x00, 0x00, 0x00, 0x00, 0x00, 0x00, 0x00, 0x00, 0x00, 0x00, 0x00, 0x00, 0x00, 0x00, 0x00, 0x00, 0x00, 0x00, 0x00, 0x00, 0x00, 0x00, 0x00,
    0x00, 0x00, 0x00, 0x00, 0x00, 0x00, 0x00, 0x00, 0x00, 0x00, 0x00, 0x00, 0x00, 0x00, 0x00, 0x00, 0x00, 0x00, 0x00, 0x00, 0x00, 0x00, 0x00, 0x00,
    0x00, 0x00, 0x00, 0x00, 0x00, 0x00, 0x00, 0x00, 0x00, 0x00, 0x00, 0x00, 0x00, 0x00, 0x00, 0x00, 0x00, 0x00, 0x00, 0x00, 0x00, 0x00, 0x00, 0x00,
    0x00, 0x00, 0x00, 0x00, 0x00, 0x00, 0x00, 0x00, 0x00, 0x00, 0x00, 0x00, 0x00, 0x00, 0x00, 0x00, 0x00, 0x00, 0x00, 0x00, 0x00, 0x00, 0x00, 0x00,
    0x00, 0x00, 0x00, 0x00, 0x00, 0x00, 0x00, 0x00, 0x00, 0x00, 0x00, 0x00, 0x00, 0x00, 0x00, 0x00, 0x00, 0x00, 0x00, 0x00, 0x00, 0x00, 0x00, 0x00,
    0x00, 0x00, 0x00, 0x00, 0x00, 0x00, 0x00, 0x00, 0x00, 0x00, 0x00, 0x00, 0x00, 0x00, 0x00, 0x00, 0x00, 0x00, 0x00, 0x00, 0x00, 0x00, 0x00, 0x00,
    0x00, 0x00, 0x00, 0x00, 0x00, 0x00, 0x00, 0x00, 0x00, 0x00, 0x00, 0x00, 0x00, 0x00, 0x00, 0x00, 0x00, 0x00, 0x00, 0x00, 0x00, 0x00, 0x00, 0x00,
    0x00, 0x00, 0x00, 0x00, 0x00, 0x00, 0x00, 0x00, 0x00, 0x00, 0x00, 0x00, 0x00, 0x00, 0x00, 0x00, 0x00, 0x00, 0x00, 0x00, 0x00, 0x00, 0x00, 0x00,
    0x00, 0x00, 0x00, 0x00, 0x00, 0x00, 0x00, 0x00, 0x00, 0x00, 0x00, 0x00, 0x00, 0x00, 0x00, 0x00, 0x00, 0x00, 0x00, 0x00, 0x00, 0x00, 0x00, 0x00,
    0x00, 0x00, 0x00, 0x00, 0x00, 0x00, 0x00, 0x00, 0x00, 0x00, 0x00, 0x00, 0x00, 0x00, 0x00, 0x00, 0x00, 0x00, 0x00, 0x00, 0x00, 0x00, 0x00, 0x00,
    0x00, 0x00, 0x00, 0x00, 0x00, 0x00, 0x00, 0x00, 0x00, 0x00, 0x00, 0x00, 0x00, 0x00, 0x00, 0x00, 0x00, 0x00, 0x00, 0x00, 0x00, 0x00, 0x00, 0x00,
    0x00, 0x00, 0x00, 0x00, 0x00, 0x00, 0x00, 0x00, 0x00, 0x00, 0x00, 0x00, 0x00, 0x00, 0x00, 0x00, 0x00, 0x00, 0x00, 0x00, 0x00, 0x00, 0x00, 0x00,
    0x00, 0x00, 0x00, 0x00, 0x00, 0x00, 0x00, 0x00, 0x00, 0x00, 0x00, 0x00, 0x00, 0x00, 0x00, 0x00, 0x00, 0x00, 0x00, 0x00, 0x00, 0x00, 0x00, 0x00,
    0x00, 0x00, 0x00, 0x00, 0x00, 0x00, 0x00, 0x00, 0x00, 0x00, 0x00, 0x00, 0x00, 0x00, 0x00, 0x00, 0x00, 0x00, 0x00, 0x00, 0x00, 0x00, 0x00, 0x00,
    0x00, 0x00, 0x00, 0x00, 0x00, 0x00, 0x00, 0x00, 0x00, 0x00, 0x00, 0x00, 0x00, 0x00, 0x00, 0x00, 0x00, 0x00, 0x00, 0x00, 0x00, 0x00, 0x00, 0x00,
    0x00, 0x00, 0x00, 0x00, 0x00, 0x00, 0x00, 0x00, 0x00, 0x00, 0x00, 0x00, 0x00, 0x00, 0x00, 0x00, 0x00, 0x00, 0x00, 0x00, 0x00, 0x00, 0x00, 0x00,
};
const lv_img_dsc_t rehab_feedback_torso = {
    .header.always_zero = 0,
    .header.w = 74,
    .header.h = 24,
    .data_size = 5328,
    .header.cf = LV_IMG_CF_TRUE_COLOR_ALPHA,
    .data = rehab_feedback_torso_map,
};

#ifndef LV_ATTRIBUTE_IMG_REHAB_FEEDBACK_CHECK
#define LV_ATTRIBUTE_IMG_REHAB_FEEDBACK_CHECK
#endif
const LV_ATTRIBUTE_MEM_ALIGN LV_ATTRIBUTE_LARGE_CONST LV_ATTRIBUTE_IMG_REHAB_FEEDBACK_CHECK uint8_t rehab_feedback_check_map[] = {
    0x00, 0x00, 0x00, 0x00, 0x00, 0x00, 0x00, 0x00, 0x00, 0x00, 0x00, 0x00, 0x00, 0x00, 0x00, 0x00, 0x00, 0x00, 0x00, 0x00, 0x00, 0x00, 0x00, 0x00,
    0x00, 0x00, 0x00, 0x00, 0x00, 0x00, 0x00, 0x00, 0x00, 0x00, 0x00, 0x00, 0x00, 0x00, 0x00, 0x00, 0x00, 0x00, 0x00, 0x00, 0x00, 0x00, 0x00, 0x00,
    0x00, 0x00, 0x00, 0x00, 0x00, 0x00, 0x00, 0x00, 0x00, 0x00, 0x00, 0x00, 0x00, 0x00, 0x00, 0x00, 0x00, 0x00, 0x00, 0x00, 0x00, 0x00, 0x00, 0x00,
    0x00, 0x00, 0x00, 0x00, 0x00, 0x00, 0x00, 0x00, 0x00, 0x00, 0x00, 0x00, 0x00, 0x00, 0x00, 0x00, 0x00, 0x00, 0x00, 0x00, 0x00, 0x00, 0x00, 0x00,
    0x00, 0x00, 0x00, 0x00, 0x00, 0x00, 0x00, 0x00, 0x00, 0x00, 0x00, 0x00, 0x00, 0x00, 0x00, 0x00, 0x00, 0x00, 0x00, 0x00, 0x00, 0x00, 0x00, 0x00,
    0x00, 0x00, 0x00, 0x00, 0x00, 0x00, 0x00, 0x00, 0x00, 0x00, 0x00, 0x00, 0x00, 0x00, 0x00, 0x00, 0x00, 0x00, 0x00, 0x00, 0x00, 0x00, 0x00, 0x00,
    0x00, 0x00, 0x00, 0x00, 0x00, 0x00, 0x00, 0x00, 0x00, 0x00, 0x00, 0x00, 0x00, 0x00, 0x00, 0x00, 0x00, 0x00, 0x00, 0x00, 0x00, 0x00, 0x00, 0x00,
    0x00, 0x00, 0x00, 0x00, 0x00, 0x00, 0x00, 0x00, 0x00, 0x00, 0x00, 0x00, 0x00, 0x00, 0x00, 0x00, 0x00, 0x00, 0x00, 0x00, 0x00, 0x00, 0x00, 0x00,
    0x00, 0x00, 0x00, 0x00, 0x00, 0x00, 0x00, 0x00, 0x00, 0x00, 0x00, 0x00, 0x00, 0x00, 0x00, 0x00, 0x00, 0x00, 0x00, 0x00, 0x00, 0x00, 0x00, 0x00,
    0x00, 0x00, 0x00, 0x00, 0x00, 0x00, 0x00, 0x00, 0x00, 0x00, 0x00, 0x00, 0x00, 0x00, 0x00, 0x00, 0x00, 0x00, 0x00, 0x00, 0x00, 0x00, 0x00, 0x00,
    0x00, 0x00, 0x00, 0x00, 0x00, 0x00, 0x00, 0x00, 0x00, 0x00, 0x00, 0x00, 0x00, 0x00, 0x00, 0xE9, 0xD2, 0x02, 0xE9, 0xD2, 0x03, 0x00, 0x00, 0x00,
    0x00, 0x00, 0x00, 0x00, 0x00, 0x00, 0x00, 0x00, 0x00, 0x00, 0x00, 0x00, 0x00, 0x00, 0x00, 0x00, 0x00, 0x00, 0x00, 0x00, 0x00, 0x00, 0x00, 0x00,
    0x00, 0x00, 0x00, 0x00, 0x00, 0x00, 0x00, 0x00, 0x00, 0x00, 0x00, 0x00, 0x00, 0x00, 0x00, 0x00, 0x00, 0x00, 0x00, 0x00, 0x00, 0x00, 0x00, 0x00,
    0x00, 0x00, 0x00, 0x00, 0x00, 0x00, 0x00, 0x00, 0x00, 0x00, 0x00, 0x00, 0x00, 0x00, 0x00, 0x00, 0x00, 0x00, 0x00, 0x00, 0x00, 0x00, 0x00, 0x00,
    0x00, 0x00, 0x00, 0x00, 0x00, 0x00, 0x00, 0x00, 0x00, 0x00, 0x00, 0x00, 0x00, 0x00, 0x00, 0x00, 0x00, 0x00, 0x00, 0x00, 0x00, 0x00, 0x00, 0x00,
    0x00, 0x00, 0x00, 0x00, 0x00, 0x00, 0x00, 0x00, 0x00, 0x00, 0x00, 0x00, 0x00, 0x00, 0x00, 0x00, 0x00, 0x00, 0x00, 0x00, 0x00, 0x00, 0x00, 0x00,
    0x00, 0x00, 0x00, 0x00, 0x00, 0x00, 0x00, 0x00, 0x00, 0x00, 0x00, 0x00, 0x00, 0x00, 0x00, 0x00, 0x00, 0x00, 0x00, 0x00, 0x00, 0x00, 0x00, 0x00,
    0x00, 0x00, 0x00, 0x00, 0x00, 0x00, 0x00, 0x00, 0x00, 0x00, 0x00, 0x00, 0x00, 0x00, 0x00, 0x00, 0x00, 0x00, 0x00, 0x00, 0x00, 0x00, 0x00, 0x00,
    0x00, 0x00, 0x00, 0x00, 0x00, 0x00, 0x00, 0x00, 0x00, 0x00, 0x00, 0x00, 0x00, 0x00, 0x00, 0x00, 0x00, 0x00, 0x00, 0x00, 0x00, 0xE9, 0xD2, 0x33,
    0xE9, 0xD2, 0xFF, 0xE9, 0xD2, 0xC3, 0x00, 0x00, 0x00, 0x00, 0x00, 0x00, 0x00, 0x00, 0x00, 0x00, 0x00, 0x00, 0x00, 0x00, 0x00, 0xE9, 0xD2, 0x77,
    0xE9, 0xD2, 0xE3, 0xE9, 0xD2, 0x65, 0x00, 0x00, 0x00, 0x00, 0x00, 0x00, 0x00, 0x00, 0x00, 0x00, 0x00, 0x00, 0x00, 0x00, 0x00, 0x00, 0x00, 0x00,
    0x00, 0x00, 0x00, 0x00, 0x00, 0x00, 0x00, 0x00, 0x00, 0x00, 0x00, 0x00, 0x00, 0x00, 0x00, 0x00, 0x00, 0x00, 0xE9, 0xD2, 0x21, 0xE9, 0xD2, 0xEF,
    0xE9, 0xD2, 0xEF, 0x00, 0x00, 0x00, 0x00, 0x00, 0x00, 0x00, 0x00, 0x00, 0x00, 0x00, 0x00, 0x00, 0x00, 0x00, 0x00, 0x00, 0x00, 0x00, 0x00, 0x00,
    0x00, 0x00, 0x00, 0x00, 0x00, 0x00, 0x00, 0x00, 0x00, 0x00, 0x00, 0x00, 0x00, 0x00, 0x00, 0x00, 0x00, 0x00, 0x00, 0x00, 0x00, 0x00, 0x00, 0x00,
    0x00, 0x00, 0x00, 0x00, 0x00, 0x00, 0x00, 0x00, 0x00, 0x00, 0x00, 0x00, 0xE9, 0xD2, 0x57, 0xE9, 0xD2, 0x5F, 0xE9, 0xD2, 0x17, 0x00, 0x00, 0x00,
    0x00, 0x00, 0x00, 0x00, 0x00, 0x00, 0x00, 0x00, 0x00, 0x00, 0x00, 0x00, 0x00, 0x00, 0x00, 0x00, 0x00, 0x00, 0x00, 0x00, 0x00, 0xE9, 0xD2, 0x91,
    0xE9, 0xD2, 0x8D, 0xE9, 0xD2, 0x2A, 0x00, 0x00, 0x00, 0x00, 0x00, 0x00, 0xE9, 0xD2, 0x9B, 0xE9, 0xD2, 0x73, 0xE9, 0xD2, 0x16, 0x00, 0x00, 0x00,
    0x00, 0x00, 0x00, 0x00, 0x00, 0x00, 0x00, 0x00, 0x00, 0x00, 0x00, 0x00, 0x00, 0x00, 0x00, 0x00, 0x00, 0x00, 0x00, 0x00, 0x00, 0x00, 0x00, 0x00,
    0x00, 0x00, 0x00, 0xE9, 0xD2, 0x33, 0xE9, 0xD2, 0xFF, 0xE9, 0xD2, 0xC3, 0x00, 0x00, 0x00, 0x00, 0x00, 0x00, 0x00, 0x00, 0x00, 0x00, 0x00, 0x00,
    0xE9, 0xD2, 0x29, 0xE9, 0xD2, 0xF8, 0xE9, 0xD2, 0xFF, 0xE9, 0xD2, 0xB8, 0xE9, 0xD2, 0x04, 0x00, 0x00, 0x00, 0x00, 0x00, 0x00, 0x00, 0x00, 0x00,
    0x00, 0x00, 0x00, 0x00, 0x00, 0x00, 0x00, 0x00, 0x00, 0x00, 0x00, 0x00, 0x00, 0x00, 0x00, 0x00, 0x00, 0x00, 0x00, 0x00, 0x00, 0x00, 0x00, 0x00,
    0xE9, 0xD2, 0x23, 0xE9, 0xD2, 0xFF, 0xE9, 0xD2, 0xFF, 0x00, 0x00, 0x00, 0x00, 0x00, 0x00, 0x00, 0x00, 0x00, 0x00, 0x00, 0x00, 0x00, 0x00, 0x00,
    0x00, 0x00, 0x00, 0x00, 0x00, 0x00, 0x00, 0x00, 0x00, 0x00, 0x00, 0x00, 0x00, 0x00, 0x00, 0x00, 0x00, 0x00, 0x00, 0x00, 0x00, 0x00, 0x00, 0x00,
    0x00, 0x00, 0x00, 0x00, 0x00, 0x00, 0x00, 0x00, 0x00, 0x00, 0x00, 0x00, 0x00, 0x00, 0x00, 0x00, 0x00, 0x00, 0xE9, 0xD2, 0xE9, 0xE9, 0xD2, 0xFF,
    0xE9, 0xD2, 0x3C, 0x00, 0x00, 0x00, 0x00, 0x00, 0x00, 0x00, 0x00, 0x00, 0x00, 0x00, 0x00, 0x00, 0x00, 0x00, 0x00, 0x00, 0x00, 0x00, 0x00, 0x00,
    0xE9, 0xD2, 0x26, 0xE9, 0xD2, 0xFD, 0xE9, 0xD2, 0xFF, 0xE9, 0xD2, 0x45, 0x00, 0x00, 0x00, 0xE9, 0xD2, 0x43, 0xE9, 0xD2, 0xFF, 0xE9, 0xD2, 0xFA,
    0xE9, 0xD2, 0x16, 0x00, 0x00, 0x00, 0x00, 0x00, 0x00, 0x00, 0x00, 0x00, 0x00, 0x00, 0x00, 0x00, 0x00, 0x00, 0x00, 0x00, 0x00, 0x00, 0x00, 0x00,
    0x00, 0x00, 0x00, 0x00, 0x00, 0x00, 0x00, 0x00, 0x00, 0xE9, 0xD2, 0x33, 0xE9, 0xD2, 0xFF, 0xE9, 0xD2, 0xC3, 0x00, 0x00, 0x00, 0x00, 0x00, 0x00,
    0x00, 0x00, 0x00, 0xE9, 0xD2, 0x03, 0xE9, 0xD2, 0xC9, 0xE9, 0xD2, 0xFF, 0xE9, 0xD2, 0xFF, 0xE9, 0xD2, 0xFF, 0xE9, 0xD2, 0xAB, 0xE9, 0xD2, 0x04,
    0x00, 0x00, 0x00, 0x00, 0x00, 0x00, 0x00, 0x00, 0x00, 0xE9, 0xD2, 0x0A, 0xE9, 0xD2, 0xDB, 0xE9, 0xD2, 0xDB, 0xE9, 0xD2, 0xDB, 0xE9, 0xD2, 0xDB,
    0xE9, 0xD2, 0xDB, 0xE9, 0xD2, 0xDB, 0xE9, 0xD2, 0xE1, 0xE9, 0xD2, 0xFF, 0xE9, 0xD2, 0xFF, 0xE9, 0xD2, 0xDB, 0xE9, 0xD2, 0xDB, 0xE9, 0xD2, 0xDB,
    0xE9, 0xD2, 0xDB, 0xE9, 0xD2, 0xDB, 0xE9, 0xD2, 0xDB, 0xE9, 0xD2, 0xDB, 0xE9, 0xD2, 0x11, 0x00, 0x00, 0x00, 0xE9, 0xD2, 0x8B, 0xE9, 0xD2, 0xFF,
    0xE9, 0xD2, 0xFF, 0xE9, 0xD2, 0xFF, 0xE9, 0xD2, 0xFF, 0xE9, 0xD2, 0xFF, 0xE9, 0xD2, 0xFF, 0xE9, 0xD2, 0x87, 0x00, 0x00, 0x00, 0x00, 0x00, 0x00,
    0xE9, 0xD2, 0xEA, 0xE9, 0xD2, 0xFF, 0xE9, 0xD2, 0x3A, 0x00, 0x00, 0x00, 0x00, 0x00, 0x00, 0x00, 0x00, 0x00, 0x00, 0x00, 0x00, 0x00, 0x00, 0x00,
    0x00, 0x00, 0x00, 0x00, 0x00, 0x00, 0xE9, 0xD2, 0x9E, 0xE9, 0xD2, 0xFF, 0xE9, 0xD2, 0xD0, 0x00, 0x00, 0x00, 0x00, 0x00, 0x00, 0xE9, 0xD2, 0xB2,
    0xE9, 0xD2, 0xFF, 0xE9, 0xD2, 0xAA, 0x00, 0x00, 0x00, 0x00, 0x00, 0x00, 0x00, 0x00, 0x00, 0x00, 0x00, 0x00, 0x00, 0x00, 0x00, 0x00, 0x00, 0x00,
    0x00, 0x00, 0x00, 0x00, 0x00, 0x00, 0x00, 0x00, 0x00, 0xE9, 0xD2, 0x52, 0xE9, 0xD2, 0xFB, 0xE9, 0xD2, 0xFC, 0xE9, 0xD2, 0xFF, 0xE9, 0xD2, 0xFF,
    0xE9, 0xD2, 0xFB, 0xE9, 0xD2, 0x2F, 0xE9, 0xD2, 0x04, 0xE9, 0xD2, 0xA4, 0xE9, 0xD2, 0xFF, 0xE9, 0xD2, 0xE1, 0xE9, 0xD2, 0x50, 0xE9, 0xD2, 0xF2,
    0xE9, 0xD2, 0xFF, 0xE9, 0xD2, 0xAF, 0xE9, 0xD2, 0x0B, 0x00, 0x00, 0x00, 0x00, 0x00, 0x00, 0xE9, 0xD2, 0x0B, 0xE9, 0xD2, 0xFF, 0xE9, 0xD2, 0xFF,
    0xE9, 0xD2, 0xFF, 0xE9, 0xD2, 0xFF, 0xE9, 0xD2, 0xFF, 0xE9, 0xD2, 0xFF, 0xE9, 0xD2, 0xFF, 0xE9, 0xD2, 0xFF, 0xE9, 0xD2, 0xFF, 0xE9, 0xD2, 0xFF,
    0xE9, 0xD2, 0xFF, 0xE9, 0xD2, 0xFF, 0xE9, 0xD2, 0xFF, 0xE9, 0xD2, 0xFF, 0xE9, 0xD2, 0xFF, 0xE9, 0xD2, 0xFF, 0xE9, 0xD2, 0x13, 0x00, 0x00, 0x00,
    0xE9, 0xD2, 0x7C, 0xE9, 0xD2, 0xE3, 0xE9, 0xD2, 0xE3, 0xE9, 0xD2, 0xE3, 0xE9, 0xD2, 0xE3, 0xE9, 0xD2, 0xE3, 0xE9, 0xD2, 0xE3, 0xE9, 0xD2, 0x79,
    0x00, 0x00, 0x00, 0x00, 0x00, 0x00, 0xE9, 0xD2, 0xEB, 0xE9, 0xD2, 0xFF, 0xE9, 0xD2, 0x37, 0x00, 0x00, 0x00, 0x00, 0x00, 0x00, 0x00, 0x00, 0x00,
    0x00, 0x00, 0x00, 0x00, 0x00, 0x00, 0x00, 0x00, 0x00, 0xE9, 0xD2, 0x1E, 0xE9, 0xD2, 0xFA, 0xE9, 0xD2, 0xFF, 0xE9, 0xD2, 0x5B, 0x00, 0x00, 0x00,
    0xE9, 0xD2, 0x22, 0xE9, 0xD2, 0xFD, 0xE9, 0xD2, 0xFF, 0xE9, 0xD2, 0xFF, 0xE9, 0xD2, 0xFF, 0xE9, 0xD2, 0xFF, 0xE9, 0xD2, 0xFF, 0xE9, 0xD2, 0xFF,
    0xE9, 0xD2, 0xFF, 0xE9, 0xD2, 0xFF, 0xE9, 0xD2, 0x7F, 0x00, 0x00, 0x00, 0x00, 0x00, 0x00, 0xE9, 0xD2, 0x53, 0xE9, 0xD2, 0xFF, 0xE9, 0xD2, 0xFF,
    0xE9, 0xD2, 0xFF, 0xE9, 0xD2, 0xFF, 0xE9, 0xD2, 0xFF, 0xE9, 0xD2, 0x36, 0xE9, 0xD2, 0xAD, 0xE9, 0xD2, 0xFF, 0xE9, 0xD2, 0xF4, 0xE9, 0xD2, 0x30,
    0x00, 0x00, 0x00, 0xE9, 0xD2, 0x3B, 0xE9, 0xD2, 0xF3, 0xE9, 0xD2, 0xFF, 0xE9, 0xD2, 0xDD, 0xE9, 0xD2, 0x3E, 0x00, 0x00, 0x00, 0x00, 0x00, 0x00,
    0x00, 0x00, 0x00, 0x00, 0x00, 0x00, 0x00, 0x00, 0x00, 0xE9, 0xD2, 0x14, 0xE9, 0xD2, 0xC1, 0xE9, 0xD2, 0xFF, 0xE9, 0xD2, 0xE9, 0xE9, 0xD2, 0xFF,
    0xE9, 0xD2, 0xFF, 0xE9, 0xD2, 0xE7, 0xE9, 0xD2, 0xFF, 0xE9, 0xD2, 0xA4, 0xE9, 0xD2, 0x0B, 0x00, 0x00, 0x00, 0x00, 0x00, 0x00, 0x00, 0x00, 0x00,
    0x00, 0x00, 0x00, 0x00, 0x00, 0x00, 0x00, 0x00, 0x00, 0x00, 0x00, 0x00, 0x00, 0x00, 0x00, 0x00, 0x00, 0x00, 0x00, 0x00, 0x00, 0x00, 0x00, 0x00,
    0x00, 0x00, 0x00, 0x00, 0x00, 0x00, 0xE9, 0xD2, 0x0E, 0xE9, 0xD2, 0x0F, 0xE9, 0xD2, 0xED, 0xE9, 0xD2, 0xFF, 0xE9, 0xD2, 0x41, 0xE9, 0xD2, 0x0F,
    0xE9, 0xD2, 0x0F, 0xE9, 0xD2, 0x0F, 0xE9, 0xD2, 0x02, 0x00, 0x00, 0x00, 0x00, 0x00, 0x00, 0xE9, 0xD2, 0xB1, 0xE9, 0xD2, 0xFF, 0xE9, 0xD2, 0xED,
    0xE9, 0xD2, 0x04, 0x00, 0x00, 0x00, 0xE9, 0xD2, 0xA6, 0xE9, 0xD2, 0xFF, 0xE9, 0xD2, 0xFF, 0xE9, 0xD2, 0xFF, 0xE9, 0xD2, 0xFF, 0xE9, 0xD2, 0xFF,
    0xE9, 0xD2, 0xFF, 0xE9, 0xD2, 0xFF, 0xE9, 0xD2, 0xFF, 0xE9, 0xD2, 0xFF, 0xE9, 0xD2, 0x7F, 0x00, 0x00, 0x00, 0x00, 0x00, 0x00, 0x00, 0x00, 0x00,
    0x00, 0x00, 0x00, 0xE9, 0xD2, 0x7A, 0xE9, 0xD2, 0xFF, 0xE9, 0xD2, 0xC3, 0xE9, 0xD2, 0x4E, 0xE9, 0xD2, 0xD5, 0xE9, 0xD2, 0xFF, 0xE9, 0xD2, 0xFE,
    0xE9, 0xD2, 0x52, 0x00, 0x00, 0x00, 0x00, 0x00, 0x00, 0x00, 0x00, 0x00, 0xE9, 0xD2, 0x3C, 0xE9, 0xD2, 0xF3, 0xE9, 0xD2, 0xFF, 0xE9, 0xD2, 0xFD,
    0xE9, 0xD2, 0x64, 0x00, 0x00, 0x00, 0x00, 0x00, 0x00, 0x00, 0x00, 0x00, 0xE9, 0xD2, 0x2C, 0xE9, 0xD2, 0xDE, 0xE9, 0xD2, 0xFF, 0xE9, 0xD2, 0xE2,
    0xE9, 0xD2, 0x41, 0xE9, 0xD2, 0xFF, 0xE9, 0xD2, 0xFF, 0xE9, 0xD2, 0x2B, 0xE9, 0xD2, 0xEC, 0xE9, 0xD2, 0xFF, 0xE9, 0xD2, 0xD7, 0xE9, 0xD2, 0x2C,
    0x00, 0x00, 0x00, 0x00, 0x00, 0x00, 0x00, 0x00, 0x00, 0x00, 0x00, 0x00, 0x00, 0x00, 0x00, 0x00, 0x00, 0x00, 0x00, 0x00, 0x00, 0x00, 0x00, 0x00,
    0x00, 0x00, 0x00, 0x00, 0x00, 0x00, 0x00, 0x00, 0x00, 0x00, 0x00, 0x00, 0xE9, 0xD2, 0xEF, 0xE9, 0xD2, 0xFF, 0xE9, 0xD2, 0xFF, 0xE9, 0xD2, 0xFF,
    0xE9, 0xD2, 0xFF, 0xE9, 0xD2, 0xFF, 0xE9, 0xD2, 0xFF, 0xE9, 0xD2, 0xFF, 0xE9, 0xD2, 0x1E, 0x00, 0x00, 0x00, 0xE9, 0xD2, 0x61, 0xE9, 0xD2, 0xFF,
    0xE9, 0xD2, 0xFF, 0xE9, 0xD2, 0xDF, 0x00, 0x00, 0x00, 0xE9, 0xD2, 0x46, 0xE9, 0xD2, 0xFF, 0xE9, 0xD2, 0xFE, 0xE9, 0xD2, 0x40, 0xE9, 0xD2, 0xE1,
    0xE9, 0xD2, 0xFF, 0xE9, 0xD2, 0x66, 0xE9, 0xD2, 0x0F, 0xE9, 0xD2, 0x0F, 0xE9, 0xD2, 0x0F, 0xE9, 0xD2, 0x0F, 0xE9, 0xD2, 0x07, 0x00, 0x00, 0x00,
    0x00, 0x00, 0x00, 0x00, 0x00, 0x00, 0x00, 0x00, 0x00, 0xE9, 0xD2, 0xB5, 0xE9, 0xD2, 0xFF, 0xE9, 0xD2, 0xDF, 0xE9, 0xD2, 0x72, 0xE9, 0xD2, 0xFF,
    0xE9, 0xD2, 0xFA, 0xE9, 0xD2, 0xDF, 0xE9, 0xD2, 0xFF, 0xE9, 0xD2, 0xFF, 0xE9, 0xD2, 0xFF, 0xE9, 0xD2, 0xFF, 0xE9, 0xD2, 0xFF, 0xE9, 0xD2, 0xE1,
    0xE9, 0xD2, 0xD9, 0xE9, 0xD2, 0xFF, 0xE9, 0xD2, 0x35, 0x00, 0x00, 0x00, 0xE9, 0xD2, 0x1D, 0xE9, 0xD2, 0x93, 0xE9, 0xD2, 0xF7, 0xE9, 0xD2, 0xFF,
    0xE9, 0xD2, 0xDE, 0xE9, 0xD2, 0x28, 0xE9, 0xD2, 0x23, 0xE9, 0xD2, 0xFF, 0xE9, 0xD2, 0xFF, 0x00, 0x00, 0x00, 0xE9, 0xD2, 0x32, 0xE9, 0xD2, 0xE3,
    0xE9, 0xD2, 0xFF, 0xE9, 0xD2, 0xFC, 0xE9, 0xD2, 0xA9, 0xE9, 0xD2, 0x36, 0x00, 0x00, 0x00, 0xE9, 0xD2, 0x23, 0xE9, 0xD2, 0xFF, 0xE9, 0xD2, 0xFF,
    0xE9, 0xD2, 0xFF, 0xE9, 0xD2, 0xFF, 0xE9, 0xD2, 0xFF, 0xE9, 0xD2, 0xFF, 0xE9, 0xD2, 0xFF, 0xE9, 0xD2, 0xD7, 0xE9, 0xD2, 0x65, 0xE9, 0xD2, 0x6E,
    0xE9, 0xD2, 0xFF, 0xE9, 0xD2, 0xFF, 0xE9, 0xD2, 0xFF, 0xE9, 0xD2, 0xFF, 0xE9, 0xD2, 0xFF, 0xE9, 0xD2, 0xFF, 0xE9, 0xD2, 0x17, 0xE9, 0xD2, 0x3A,
    0xE9, 0xD2, 0xF8, 0xE9, 0xD2, 0xFF, 0xE9, 0xD2, 0xFF, 0xE9, 0xD2, 0xDF, 0xE9, 0xD2, 0x1E, 0xE9, 0xD2, 0xEA, 0xE9, 0xD2, 0xFF, 0xE9, 0xD2, 0xA0,
    0x00, 0x00, 0x00, 0xE9, 0xD2, 0xDF, 0xE9, 0xD2, 0xFF, 0xE9, 0xD2, 0x5B, 0x00, 0x00, 0x00, 0x00, 0x00, 0x00, 0x00, 0x00, 0x00, 0x00, 0x00, 0x00,
    0x00, 0x00, 0x00, 0x00, 0x00, 0x00, 0x00, 0x00, 0x00, 0x00, 0x00, 0x00, 0xE9, 0xD2, 0x02, 0xE9, 0xD2, 0xEF, 0xE9, 0xD2, 0xFF, 0xE9, 0xD2, 0xFF,
    0xE9, 0xD2, 0x8D, 0xE9, 0xD2, 0xAD, 0xE9, 0xD2, 0x40, 0xE9, 0xD2, 0x84, 0xE9, 0xD2, 0xD3, 0xE9, 0xD2, 0xD3, 0xE9, 0xD2, 0xD3, 0xE9, 0xD2, 0xD3,
    0xE9, 0xD2, 0xD3, 0xE9, 0xD2, 0xA5, 0xE9, 0xD2, 0x0B, 0xE9, 0xD2, 0x6E, 0x00, 0x00, 0x00, 0xE9, 0xD2, 0x46, 0xE9, 0xD2, 0xF9, 0xE9, 0xD2, 0xFF,
    0xE9, 0xD2, 0xFF, 0xE9, 0xD2, 0xB6, 0xE9, 0xD2, 0x11, 0x00, 0x00, 0x00, 0xE9, 0xD2, 0x10, 0xE9, 0xD2, 0x73, 0xE9, 0xD2, 0x73, 0x00, 0x00, 0x00,
    0x00, 0x00, 0x00, 0xE9, 0xD2, 0x13, 0xE9, 0xD2, 0xB2, 0xE9, 0xD2, 0xFF, 0xE9, 0xD2, 0xFF, 0xE9, 0xD2, 0xFD, 0xE9, 0xD2, 0x3A, 0xE9, 0xD2, 0x22,
    0xE9, 0xD2, 0xF7, 0xE9, 0xD2, 0xF7, 0xE9, 0xD2, 0xFF, 0xE9, 0xD2, 0xFF, 0xE9, 0xD2, 0xFA, 0xE9, 0xD2, 0xF7, 0xE9, 0xD2, 0xF7, 0xE9, 0xD2, 0xD1,
    0x00, 0x00, 0x00, 0xE9, 0xD2, 0x18, 0xE9, 0xD2, 0xFF, 0xE9, 0xD2, 0xFF, 0xE9, 0xD2, 0x17, 0xE9, 0xD2, 0x08, 0xE9, 0xD2, 0xFF, 0xE9, 0xD2, 0xFF,
    0xE9, 0xD2, 0x10, 0xE9, 0xD2, 0x53, 0xE9, 0xD2, 0xFF, 0xE9, 0xD2, 0xFF, 0xE9, 0xD2, 0xFF, 0xE9, 0xD2, 0xDF, 0xE9, 0xD2, 0x36, 0xE9, 0xD2, 0xEB,
    0xE9, 0xD2, 0xE4, 0xE9, 0xD2, 0x14, 0x00, 0x00, 0x00, 0xE9, 0xD2, 0xDF, 0xE9, 0xD2, 0xFF, 0xE9, 0xD2, 0xF8, 0xE9, 0xD2, 0xF3, 0xE9, 0xD2, 0xF3,
    0xE9, 0xD2, 0xF3, 0xE9, 0xD2, 0xF3, 0xE9, 0xD2, 0x0B, 0x00, 0x00, 0x00, 0x00, 0x00, 0x00, 0x00, 0x00, 0x00, 0xE9, 0xD2, 0x2E, 0xE9, 0xD2, 0xFF,
    0xE9, 0xD2, 0xFF, 0xE9, 0xD2, 0xFF, 0xE9, 0xD2, 0xFD, 0xE9, 0xD2, 0x37, 0x00, 0x00, 0x00, 0x00, 0x00, 0x00, 0x00, 0x00, 0x00, 0x00, 0x00, 0x00,
    0xE9, 0xD2, 0x11, 0xE9, 0xD2, 0x05, 0x00, 0x00, 0x00, 0xE9, 0xD2, 0x07, 0xE9, 0xD2, 0x0A, 0x00, 0x00, 0x00, 0x00, 0x00, 0x00, 0xE9, 0xD2, 0x01,
    0xE9, 0xD2, 0xB8, 0xE9, 0xD2, 0xE4, 0xE9, 0xD2, 0xA2, 0xE9, 0xD2, 0xFF, 0xE9, 0xD2, 0xFF, 0xE9, 0xD2, 0xFF, 0xE9, 0xD2, 0xFF, 0xE9, 0xD2, 0xFF,
    0xE9, 0xD2, 0xFF, 0xE9, 0xD2, 0xFF, 0xE9, 0xD2, 0xFF, 0xE9, 0xD2, 0xFF, 0xE9, 0xD2, 0xFF, 0xE9, 0xD2, 0x7D, 0xE9, 0xD2, 0xD7, 0xE9, 0xD2, 0x8B,
    0x00, 0x00, 0x00, 0x00, 0x00, 0x00, 0x00, 0x00, 0x00, 0xE9, 0xD2, 0x0D, 0xE9, 0xD2, 0xFC, 0xE9, 0xD2, 0xFF, 0xE9, 0xD2, 0x22, 0x00, 0x00, 0x00,
    0x00, 0x00, 0x00, 0x00, 0x00, 0x00, 0x00, 0x00, 0x00, 0xE9, 0xD2, 0x33, 0xE9, 0xD2, 0xFF, 0xE9, 0xD2, 0xFD, 0xE9, 0xD2, 0x03, 0xE9, 0xD2, 0x0F,
    0xE9, 0xD2, 0xFF, 0xE9, 0xD2, 0xFF, 0xE9, 0xD2, 0x09, 0x00, 0x00, 0x00, 0xE9, 0xD2, 0xCF, 0xE9, 0xD2, 0x9E, 0xE9, 0xD2, 0xFF, 0xE9, 0xD2, 0xDF,
    0x00, 0x00, 0x00, 0xE9, 0xD2, 0x2B, 0xE9, 0xD2, 0x3A, 0x00, 0x00, 0x00, 0x00, 0x00, 0x00, 0xE9, 0xD2, 0xDF, 0xE9, 0xD2, 0xFF, 0xE9, 0xD2, 0xFF,
    0xE9, 0xD2, 0xFF, 0xE9, 0xD2, 0xFF, 0xE9, 0xD2, 0xFF, 0xE9, 0xD2, 0xFF, 0xE9, 0xD2, 0x0B, 0x00, 0x00, 0x00, 0x00, 0x00, 0x00, 0x00, 0x00, 0x00,
    0xE9, 0xD2, 0x82, 0xE9, 0xD2, 0xFF, 0xE9, 0xD2, 0xFF, 0xE9, 0xD2, 0xD8, 0xE9, 0xD2, 0xF7, 0xE9, 0xD2, 0xA0, 0xE9, 0xD2, 0x73, 0xE9, 0xD2, 0x9A,
    0x00, 0x00, 0x00, 0xE9, 0xD2, 0x6C, 0xE9, 0xD2, 0xFF, 0xE9, 0xD2, 0x46, 0x00, 0x00, 0x00, 0xE9, 0xD2, 0x65, 0xE9, 0xD2, 0xFB, 0xE9, 0xD2, 0x78,
    0x00, 0x00, 0x00, 0x00, 0x00, 0x00, 0xE9, 0xD2, 0x14, 0xE9, 0xD2, 0x0A, 0xE9, 0xD2, 0x4F, 0xE9, 0xD2, 0xFF, 0xE9, 0xD2, 0xE7, 0xE9, 0xD2, 0x6F,
    0xE9, 0xD2, 0x6F, 0xE9, 0xD2, 0x6F, 0xE9, 0xD2, 0x6F, 0xE9, 0xD2, 0x6F, 0xE9, 0xD2, 0x7D, 0xE9, 0xD2, 0xFF, 0xE9, 0xD2, 0xFF, 0xE9, 0xD2, 0x2F,
    0xE9, 0xD2, 0x03, 0xE9, 0xD2, 0x07, 0x00, 0x00, 0x00, 0x00, 0x00, 0x00, 0x00, 0x00, 0x00, 0xE9, 0xD2, 0x49, 0xE9, 0xD2, 0xFF, 0xE9, 0xD2, 0xD3,
    0x00, 0x00, 0x00, 0xE9, 0xD2, 0x5A, 0xE9, 0xD2, 0x93, 0x00, 0x00, 0x00, 0x00, 0x00, 0x00, 0xE9, 0xD2, 0x4E, 0xE9, 0xD2, 0xFF, 0xE9, 0xD2, 0xE9,
    0x00, 0x00, 0x00, 0xE9, 0xD2, 0x18, 0xE9, 0xD2, 0xFF, 0xE9, 0xD2, 0xFF, 0xE9, 0xD2, 0x02, 0x00, 0x00, 0x00, 0xE9, 0xD2, 0x1D, 0xE9, 0xD2, 0x4F,
    0xE9, 0xD2, 0xFF, 0xE9, 0xD2, 0xDF, 0x00, 0x00, 0x00, 0x00, 0x00, 0x00, 0x00, 0x00, 0x00, 0x00, 0x00, 0x00, 0x00, 0x00, 0x00, 0xE9, 0xD2, 0xDF,
    0xE9, 0xD2, 0xFF, 0xE9, 0xD2, 0x5B, 0x00, 0x00, 0x00, 0x00, 0x00, 0x00, 0x00, 0x00, 0x00, 0x00, 0x00, 0x00, 0x00, 0x00, 0x00, 0x00, 0x00, 0x00,
    0x00, 0x00, 0x00, 0xE9, 0xD2, 0x06, 0xE9, 0xD2, 0xE3, 0xE9, 0xD2, 0xF9, 0xE9, 0xD2, 0xFF, 0xE9, 0xD2, 0xC3, 0xE9, 0xD2, 0x80, 0xE9, 0xD2, 0x15,
    0xE9, 0xD2, 0xBB, 0xE9, 0xD2, 0xFE, 0xE9, 0xD2, 0x15, 0xE9, 0xD2, 0x41, 0xE9, 0xD2, 0xFF, 0xE9, 0xD2, 0x7B, 0x00, 0x00, 0x00, 0xE9, 0xD2, 0xBB,
    0xE9, 0xD2, 0xFF, 0xE9, 0xD2, 0x34, 0x00, 0x00, 0x00, 0x00, 0x00, 0x00, 0x00, 0x00, 0x00, 0x00, 0x00, 0x00, 0xE9, 0xD2, 0x4F, 0xE9, 0xD2, 0xFF,
    0xE9, 0xD2, 0xE3, 0xE9, 0xD2, 0x5B, 0xE9, 0xD2, 0x5B, 0xE9, 0xD2, 0x5B, 0xE9, 0xD2, 0x5B, 0xE9, 0xD2, 0x5B, 0xE9, 0xD2, 0x6B, 0xE9, 0xD2, 0xFF,
    0xE9, 0xD2, 0xFF, 0xE9, 0xD2, 0x2F, 0x00, 0x00, 0x00, 0x00, 0x00, 0x00, 0x00, 0x00, 0x00, 0x00, 0x00, 0x00, 0x00, 0x00, 0x00, 0xE9, 0xD2, 0x88,
    0xE9, 0xD2, 0xFF, 0xE9, 0xD2, 0x85, 0x00, 0x00, 0x00, 0xE9, 0xD2, 0xB5, 0xE9, 0xD2, 0xFF, 0xE9, 0xD2, 0x3C, 0x00, 0x00, 0x00, 0xE9, 0xD2, 0x6C,
    0xE9, 0xD2, 0xFF, 0xE9, 0xD2, 0xCD, 0x00, 0x00, 0x00, 0xE9, 0xD2, 0x21, 0xE9, 0xD2, 0xFF, 0xE9, 0xD2, 0xF9, 0x00, 0x00, 0x00, 0x00, 0x00, 0x00,
    0x00, 0x00, 0x00, 0xE9, 0xD2, 0x4F, 0xE9, 0xD2, 0xFF, 0xE9, 0xD2, 0xDF, 0x00, 0x00, 0x00, 0x00, 0x00, 0x00, 0x00, 0x00, 0x00, 0x00, 0x00, 0x00,
    0x00, 0x00, 0x00, 0xE9, 0xD2, 0xDF, 0xE9, 0xD2, 0xFF, 0xE9, 0xD2, 0x5B, 0x00, 0x00, 0x00, 0x00, 0x00, 0x00, 0x00, 0x00, 0x00, 0x00, 0x00, 0x00,
    0x00, 0x00, 0x00, 0x00, 0x00, 0x00, 0x00, 0x00, 0x00, 0xE9, 0xD2, 0x60, 0xE9, 0xD2, 0xFF, 0xE9, 0xD2, 0xB2, 0xE9, 0xD2, 0xFF, 0xE9, 0xD2, 0xC3,
    0x00, 0x00, 0x00, 0x00, 0x00, 0x00, 0xE9, 0xD2, 0x79, 0xE9, 0xD2, 0xFF, 0xE9, 0xD2, 0x58, 0xE9, 0xD2, 0x16, 0xE9, 0xD2, 0xFF, 0xE9, 0xD2, 0xAB,
    0xE9, 0xD2, 0x14, 0xE9, 0xD2, 0xFC, 0xE9, 0xD2, 0xD0, 0x00, 0x00, 0x00, 0x00, 0x00, 0x00, 0x00, 0x00, 0x00, 0x00, 0x00, 0x00, 0x00, 0x00, 0x00,
    0xE9, 0xD2, 0x4F, 0xE9, 0xD2, 0xFF, 0xE9, 0xD2, 0xFF, 0xE9, 0xD2, 0xFF, 0xE9, 0xD2, 0xFF, 0xE9, 0xD2, 0xFF, 0xE9, 0xD2, 0xFF, 0xE9, 0xD2, 0xFF,
    0xE9, 0xD2, 0xFF, 0xE9, 0xD2, 0xFF, 0xE9, 0xD2, 0xFF, 0xE9, 0xD2, 0x2F, 0x00, 0x00, 0x00, 0x00, 0x00, 0x00, 0x00, 0x00, 0x00, 0x00, 0x00, 0x00,
    0x00, 0x00, 0x00, 0xE9, 0xD2, 0xD2, 0xE9, 0xD2, 0xFF, 0xE9, 0xD2, 0x36, 0x00, 0x00, 0x00, 0xE9, 0xD2, 0x5B, 0xE9, 0xD2, 0xFF, 0xE9, 0xD2, 0x9E,
    0x00, 0x00, 0x00, 0xE9, 0xD2, 0xB4, 0xE9, 0xD2, 0xFF, 0xE9, 0xD2, 0x9A, 0x00, 0x00, 0x00, 0xE9, 0xD2, 0x2D, 0xE9, 0xD2, 0xFF, 0xE9, 0xD2, 0xED,
    0x00, 0x00, 0x00, 0x00, 0x00, 0x00, 0x00, 0x00, 0x00, 0xE9, 0xD2, 0x4F, 0xE9, 0xD2, 0xFF, 0xE9, 0xD2, 0xDF, 0x00, 0x00, 0x00, 0x00, 0x00, 0x00,
    0x00, 0x00, 0x00, 0x00, 0x00, 0x00, 0x00, 0x00, 0x00, 0xE9, 0xD2, 0xDF, 0xE9, 0xD2, 0xFF, 0xE9, 0xD2, 0x5E, 0xE9, 0xD2, 0x03, 0xE9, 0xD2, 0x03,
    0xE9, 0xD2, 0x03, 0xE9, 0xD2, 0x03, 0xE9, 0xD2, 0x01, 0x00, 0x00, 0x00, 0x00, 0x00, 0x00, 0xE9, 0xD2, 0x22, 0xE9, 0xD2, 0xFB, 0xE9, 0xD2, 0x59,
    0xE9, 0xD2, 0xFF, 0xE9, 0xD2, 0xC3, 0x00, 0x00, 0x00, 0x00, 0x00, 0x00, 0xE9, 0xD2, 0x43, 0xE9, 0xD2, 0xFF, 0xE9, 0xD2, 0x8D, 0x00, 0x00, 0x00,
    0xE9, 0xD2, 0xF5, 0xE9, 0xD2, 0xCF, 0xE9, 0xD2, 0x72, 0xE9, 0xD2, 0xFF, 0xE9, 0xD2, 0x66, 0x00, 0x00, 0x00, 0x00, 0x00, 0x00, 0x00, 0x00, 0x00,
    0x00, 0x00, 0x00, 0x00, 0x00, 0x00, 0xE9, 0xD2, 0x4F, 0xE9, 0xD2, 0xFF, 0xE9, 0xD2, 0xD3, 0x00, 0x00, 0x00, 0x00, 0x00, 0x00, 0x00, 0x00, 0x00,
    0x00, 0x00, 0x00, 0x00, 0x00, 0x00, 0xE9, 0xD2, 0x17, 0xE9, 0xD2, 0xFF, 0xE9, 0xD2, 0xFF, 0xE9, 0xD2, 0x2F, 0x00, 0x00, 0x00, 0x00, 0x00, 0x00,
    0x00, 0x00, 0x00, 0x00, 0x00, 0x00, 0xE9, 0xD2, 0x2D, 0xE9, 0xD2, 0xFF, 0xE9, 0xD2, 0xEF, 0xE9, 0xD2, 0x4D, 0xE9, 0xD2, 0x8B, 0xE9, 0xD2, 0xD0,
    0xE9, 0xD2, 0xFF, 0xE9, 0xD2, 0xED, 0xE9, 0xD2, 0x12, 0xE9, 0xD2, 0xF9, 0xE9, 0xD2, 0xFF, 0xE9, 0xD2, 0x66, 0x00, 0x00, 0x00, 0xE9, 0xD2, 0x3B,
    0xE9, 0xD2, 0xFF, 0xE9, 0xD2, 0xE1, 0x00, 0x00, 0x00, 0x00, 0x00, 0x00, 0x00, 0x00, 0x00, 0xE9, 0xD2, 0x4F, 0xE9, 0xD2, 0xFF, 0xE9, 0xD2, 0xDF,
    0x00, 0x00, 0x00, 0x00, 0x00, 0x00, 0x00, 0x00, 0x00, 0x00, 0x00, 0x00, 0x00, 0x00, 0x00, 0xE9, 0xD2, 0xDF, 0xE9, 0xD2, 0xFF, 0xE9, 0xD2, 0xFF,
    0xE9, 0xD2, 0xFF, 0xE9, 0xD2, 0xFF, 0xE9, 0xD2, 0xFF, 0xE9, 0xD2, 0xFF, 0xE9, 0xD2, 0x47, 0x00, 0x00, 0x00, 0x00, 0x00, 0x00, 0x00, 0x00, 0x00,
    0xE9, 0xD2, 0x64, 0xE9, 0xD2, 0x33, 0xE9, 0xD2, 0xFF, 0xE9, 0xD2, 0xC3, 0x00, 0x00, 0x00, 0x00, 0x00, 0x00, 0xE9, 0xD2, 0x18, 0xE9, 0xD2, 0xF8,
    0xE9, 0xD2, 0x8C, 0x00, 0x00, 0x00, 0xE9, 0xD2, 0x6A, 0xE9, 0xD2, 0x50, 0xE9, 0xD2, 0xDC, 0xE9, 0xD2, 0xE9, 0xE9, 0xD2, 0x08, 0x00, 0x00, 0x00,
    0x00, 0x00, 0x00, 0x00, 0x00, 0x00, 0x00, 0x00, 0x00, 0x00, 0x00, 0x00, 0xE9, 0xD2, 0x4F, 0xE9, 0xD2, 0xFF, 0xE9, 0xD2, 0xFF, 0xE9, 0xD2, 0xFF,
    0xE9, 0xD2, 0xFF, 0xE9, 0xD2, 0xFF, 0xE9, 0xD2, 0xFF, 0xE9, 0xD2, 0xFF, 0xE9, 0xD2, 0xFF, 0xE9, 0xD2, 0xFF, 0xE9, 0xD2, 0xFF, 0xE9, 0xD2, 0x2F,
    0x00, 0x00, 0x00, 0x00, 0x00, 0x00, 0x00, 0x00, 0x00, 0xE9, 0xD2, 0x02, 0xE9, 0xD2, 0xBE, 0xE9, 0xD2, 0xFF, 0xE9, 0xD2, 0xFF, 0xE9, 0xD2, 0xFF,
    0xE9, 0xD2, 0xFF, 0xE9, 0xD2, 0xFF, 0xE9, 0xD2, 0xFF, 0xE9, 0xD2, 0xFF, 0xE9, 0xD2, 0x9A, 0xE9, 0xD2, 0xFF, 0xE9, 0xD2, 0xFF, 0xE9, 0xD2, 0x28,
    0x00, 0x00, 0x00, 0xE9, 0xD2, 0x50, 0xE9, 0xD2, 0xFF, 0xE9, 0xD2, 0xD1, 0x00, 0x00, 0x00, 0x00, 0x00, 0x00, 0x00, 0x00, 0x00, 0xE9, 0xD2, 0x4F,
    0xE9, 0xD2, 0xFF, 0xE9, 0xD2, 0xDF, 0x00, 0x00, 0x00, 0x00, 0x00, 0x00, 0x00, 0x00, 0x00, 0x00, 0x00, 0x00, 0x00, 0x00, 0x00, 0xE9, 0xD2, 0xDF,
    0xE9, 0xD2, 0xFF, 0xE9, 0xD2, 0xFF, 0xE9, 0xD2, 0xFF, 0xE9, 0xD2, 0xFF, 0xE9, 0xD2, 0xFF, 0xE9, 0xD2, 0xFF, 0xE9, 0xD2, 0x47, 0x00, 0x00, 0x00,
    0x00, 0x00, 0x00, 0x00, 0x00, 0x00, 0x00, 0x00, 0x00, 0xE9, 0xD2, 0x33, 0xE9, 0xD2, 0xFF, 0xE9, 0xD2, 0xC3, 0x00, 0x00, 0x00, 0x00, 0x00, 0x00,
    0x00, 0x00, 0x00, 0xE9, 0xD2, 0x0B, 0x00, 0x00, 0x00, 0x00, 0x00, 0x00, 0x00, 0x00, 0x00, 0xE9, 0xD2, 0x4C, 0xE9, 0xD2, 0xFF, 0xE9, 0xD2, 0x7C,
    0x00, 0x00, 0x00, 0x00, 0x00, 0x00, 0x00, 0x00, 0x00, 0x00, 0x00, 0x00, 0x00, 0x00, 0x00, 0x00, 0x00, 0x00, 0xE9, 0xD2, 0x22, 0xE9, 0xD2, 0x6F,
    0xE9, 0xD2, 0x6F, 0xE9, 0xD2, 0x6F, 0xE9, 0xD2, 0x6F, 0xE9, 0xD2, 0x6F, 0xE9, 0xD2, 0x6F, 0xE9, 0xD2, 0x6F, 0xE9, 0xD2, 0x6F, 0xE9, 0xD2, 0x6F,
    0xE9, 0xD2, 0x6F, 0xE9, 0xD2, 0x14, 0x00, 0x00, 0x00, 0x00, 0x00, 0x00, 0x00, 0x00, 0x00, 0x00, 0x00, 0x00, 0xE9, 0xD2, 0xD1, 0xE9, 0xD2, 0xFF,
    0xE9, 0xD2, 0xFF, 0xE9, 0xD2, 0xD5, 0xE9, 0xD2, 0x8C, 0xE9, 0xD2, 0x44, 0xE9, 0xD2, 0x73, 0xE9, 0xD2, 0xA0, 0xE9, 0xD2, 0xEF, 0xE9, 0xD2, 0xFF,
    0xE9, 0xD2, 0xC1, 0x00, 0x00, 0x00, 0x00, 0x00, 0x00, 0xE9, 0xD2, 0x6F, 0xE9, 0xD2, 0xFF, 0xE9, 0xD2, 0xBB, 0x00, 0x00, 0x00, 0x00, 0x00, 0x00,
    0x00, 0x00, 0x00, 0xE9, 0xD2, 0x4F, 0xE9, 0xD2, 0xFF, 0xE9, 0xD2, 0xDF, 0x00, 0x00, 0x00, 0x00, 0x00, 0x00, 0x00, 0x00, 0x00, 0x00, 0x00, 0x00,
    0x00, 0x00, 0x00, 0xE9, 0xD2, 0xDF, 0xE9, 0xD2, 0xFF, 0xE9, 0xD2, 0x5B, 0x00, 0x00, 0x00, 0x00, 0x00, 0x00, 0x00, 0x00, 0x00, 0x00, 0x00, 0x00,
    0x00, 0x00, 0x00, 0x00, 0x00, 0x00, 0x00, 0x00, 0x00, 0x00, 0x00, 0x00, 0x00, 0x00, 0x00, 0xE9, 0xD2, 0x33, 0xE9, 0xD2, 0xFF, 0xE9, 0xD2, 0xC3,
    0x00, 0x00, 0x00, 0xE9, 0xD2, 0xB2, 0xE9, 0xD2, 0xDF, 0xE9, 0xD2, 0xDF, 0xE9, 0xD2, 0xDF, 0xE9, 0xD2, 0xDF, 0xE9, 0xD2, 0xDF, 0xE9, 0xD2, 0xF1,
    0xE9, 0xD2, 0xFF, 0xE9, 0xD2, 0xE7, 0xE9, 0xD2, 0xDF, 0xE9, 0xD2, 0xD1, 0x00, 0x00, 0x00, 0x00, 0x00, 0x00, 0xE9, 0xD2, 0xCA, 0xE9, 0xD2, 0xDF,
    0xE9, 0xD2, 0xDF, 0xE9, 0xD2, 0xDF, 0xE9, 0xD2, 0xDF, 0xE9, 0xD2, 0xDF, 0xE9, 0xD2, 0xDF, 0xE9, 0xD2, 0xDF, 0xE9, 0xD2, 0xDF, 0xE9, 0xD2, 0xDF,
    0xE9, 0xD2, 0xDF, 0xE9, 0xD2, 0xDF, 0xE9, 0xD2, 0xDF, 0xE9, 0xD2, 0xDF, 0xE9, 0xD2, 0xDF, 0xE9, 0xD2, 0xCE, 0x00, 0x00, 0x00, 0x00, 0x00, 0x00,
    0xE9, 0xD2, 0x69, 0xE9, 0xD2, 0x78, 0xE9, 0xD2, 0x22, 0x00, 0x00, 0x00, 0x00, 0x00, 0x00, 0x00, 0x00, 0x00, 0x00, 0x00, 0x00, 0xE9, 0xD2, 0x88,
    0xE9, 0xD2, 0xFF, 0xE9, 0xD2, 0xFF, 0xE9, 0xD2, 0x61, 0xE9, 0xD2, 0x0C, 0xE9, 0xD2, 0x11, 0xE9, 0xD2, 0xBD, 0xE9, 0xD2, 0xFF, 0xE9, 0xD2, 0x9A,
    0x00, 0x00, 0x00, 0x00, 0x00, 0x00, 0x00, 0x00, 0x00, 0xE9, 0xD2, 0x4F, 0xE9, 0xD2, 0xFF, 0xE9, 0xD2, 0xDF, 0x00, 0x00, 0x00, 0x00, 0x00, 0x00,
    0x00, 0x00, 0x00, 0x00, 0x00, 0x00, 0x00, 0x00, 0x00, 0xE9, 0xD2, 0xDF, 0xE9, 0xD2, 0xFF, 0xE9, 0xD2, 0x5B, 0x00, 0x00, 0x00, 0x00, 0x00, 0x00,
    0x00, 0x00, 0x00, 0x00, 0x00, 0x00, 0x00, 0x00, 0x00, 0x00, 0x00, 0x00, 0x00, 0x00, 0x00, 0x00, 0x00, 0x00, 0x00, 0x00, 0x00, 0xE9, 0xD2, 0x33,
    0xE9, 0xD2, 0xFF, 0xE9, 0xD2, 0xC3, 0x00, 0x00, 0x00, 0xE9, 0xD2, 0xCB, 0xE9, 0xD2, 0xFF, 0xE9, 0xD2, 0xFF, 0xE9, 0xD2, 0xFF, 0xE9, 0xD2, 0xFF,
    0xE9, 0xD2, 0xFF, 0xE9, 0xD2, 0xFF, 0xE9, 0xD2, 0xFF, 0xE9, 0xD2, 0xFF, 0xE9, 0xD2, 0xFF, 0xE9, 0xD2, 0xEF, 0x00, 0x00, 0x00, 0x00, 0x00, 0x00,
    0xE9, 0xD2, 0xE7, 0xE9, 0xD2, 0xFF, 0xE9, 0xD2, 0xFF, 0xE9, 0xD2, 0xFF, 0xE9, 0xD2, 0xFF, 0xE9, 0xD2, 0xFF, 0xE9, 0xD2, 0xFF, 0xE9, 0xD2, 0xFF,
    0xE9, 0xD2, 0xFF, 0xE9, 0xD2, 0xFF, 0xE9, 0xD2, 0xFF, 0xE9, 0xD2, 0xFF, 0xE9, 0xD2, 0xFF, 0xE9, 0xD2, 0xFF, 0xE9, 0xD2, 0xFF, 0xE9, 0xD2, 0xEB,
    0x00, 0x00, 0x00, 0x00, 0x00, 0x00, 0x00, 0x00, 0x00, 0x00, 0x00, 0x00, 0x00, 0x00, 0x00, 0x00, 0x00, 0x00, 0x00, 0x00, 0x00, 0x00, 0x00, 0x00,
    0x00, 0x00, 0x00, 0xE9, 0xD2, 0xA4, 0xE9, 0xD2, 0xFF, 0xE9, 0xD2, 0xB3, 0xE9, 0xD2, 0x30, 0xE9, 0xD2, 0xFF, 0xE9, 0xD2, 0xFF, 0xE9, 0xD2, 0xFF,
    0xE9, 0xD2, 0xFF, 0xE9, 0xD2, 0x54, 0x00, 0x00, 0x00, 0x00, 0x00, 0x00, 0x00, 0x00, 0x00, 0xE9, 0xD2, 0x4F, 0xE9, 0xD2, 0xFF, 0xE9, 0xD2, 0xDF,
    0x00, 0x00, 0x00, 0x00, 0x00, 0x00, 0x00, 0x00, 0x00, 0x00, 0x00, 0x00, 0x00, 0x00, 0x00, 0xE9, 0xD2, 0xDF, 0xE9, 0xD2, 0xFF, 0xE9, 0xD2, 0x5B,
    0x00, 0x00, 0x00, 0x00, 0x00, 0x00, 0x00, 0x00, 0x00, 0x00, 0x00, 0x00, 0x00, 0x00, 0x00, 0x00, 0x00, 0x00, 0x00, 0x00, 0x00, 0x00, 0x00, 0x00,
    0x00, 0x00, 0x00, 0xE9, 0xD2, 0x2C, 0xE9, 0xD2, 0xDB, 0xE9, 0xD2, 0xA8, 0x00, 0x00, 0x00, 0x00, 0x00, 0x00, 0x00, 0x00, 0x00, 0x00, 0x00, 0x00,
    0x00, 0x00, 0x00, 0x00, 0x00, 0x00, 0x00, 0x00, 0x00, 0x00, 0x00, 0x00, 0x00, 0x00, 0x00, 0x00, 0x00, 0x00, 0x00, 0x00, 0x00, 0x00, 0x00, 0x00,
    0x00, 0x00, 0x00, 0x00, 0x00, 0x00, 0x00, 0x00, 0x00, 0x00, 0x00, 0x00, 0x00, 0x00, 0x00, 0x00, 0x00, 0x00, 0x00, 0x00, 0x00, 0x00, 0x00, 0x00,
    0x00, 0x00, 0x00, 0x00, 0x00, 0x00, 0x00, 0x00, 0x00, 0x00, 0x00, 0x00, 0x00, 0x00, 0x00, 0x00, 0x00, 0x00, 0x00, 0x00, 0x00, 0x00, 0x00, 0x00,
    0x00, 0x00, 0x00, 0x00, 0x00, 0x00, 0x00, 0x00, 0x00, 0x00, 0x00, 0x00, 0x00, 0x00, 0x00, 0x00, 0x00, 0x00, 0x00, 0x00, 0x00, 0x00, 0x00, 0x00,
    0x00, 0x00, 0x00, 0x00, 0x00, 0x00, 0x00, 0x00, 0x00, 0xE9, 0xD2, 0x02, 0xE9, 0xD2, 0x94, 0xE9, 0xD2, 0x0E, 0x00, 0x00, 0x00, 0xE9, 0xD2, 0xE0,
    0xE9, 0xD2, 0xFF, 0xE9, 0xD2, 0xF2, 0xE9, 0xD2, 0x91, 0xE9, 0xD2, 0x03, 0x00, 0x00, 0x00, 0x00, 0x00, 0x00, 0x00, 0x00, 0x00, 0xE9, 0xD2, 0x4A,
    0xE9, 0xD2, 0xEF, 0xE9, 0xD2, 0xD1, 0x00, 0x00, 0x00, 0x00, 0x00, 0x00, 0x00, 0x00, 0x00, 0x00, 0x00, 0x00, 0x00, 0x00, 0x00, 0xE9, 0xD2, 0xD5,
    0xE9, 0xD2, 0xF3, 0xE9, 0xD2, 0x57, 0x00, 0x00, 0x00, 0x00, 0x00, 0x00, 0x00, 0x00, 0x00, 0x00, 0x00, 0x00, 0x00, 0x00, 0x00, 0x00, 0x00, 0x00,
    0x00, 0x00, 0x00, 0x00, 0x00, 0x00, 0x00, 0x00, 0x00, 0x00, 0x00, 0x00, 0x00, 0x00, 0x00, 0x00, 0x00, 0x00, 0x00, 0x00, 0x00, 0x00, 0x00, 0x00,
    0x00, 0x00, 0x00, 0x00, 0x00, 0x00, 0x00, 0x00, 0x00, 0x00, 0x00, 0x00, 0x00, 0x00, 0x00, 0x00, 0x00, 0x00, 0x00, 0x00, 0x00, 0x00, 0x00, 0x00,
    0x00, 0x00, 0x00, 0x00, 0x00, 0x00, 0x00, 0x00, 0x00, 0x00, 0x00, 0x00, 0x00, 0x00, 0x00, 0x00, 0x00, 0x00, 0x00, 0x00, 0x00, 0x00, 0x00, 0x00,
    0x00, 0x00, 0x00, 0x00, 0x00, 0x00, 0x00, 0x00, 0x00, 0x00, 0x00, 0x00, 0x00, 0x00, 0x00, 0x00, 0x00, 0x00, 0x00, 0x00, 0x00, 0x00, 0x00, 0x00,
    0x00, 0x00, 0x00, 0x00, 0x00, 0x00, 0x00, 0x00, 0x00, 0x00, 0x00, 0x00, 0x00, 0x00, 0x00, 0x00, 0x00, 0x00, 0x00, 0x00, 0x00, 0x00, 0x00, 0x00,
    0x00, 0x00, 0x00, 0x00, 0x00, 0x00, 0x00, 0x00, 0x00, 0x00, 0x00, 0x00, 0x00, 0x00, 0x00, 0x00, 0x00, 0x00, 0x00, 0x00, 0x00, 0x00, 0x00, 0x00,
    0x00, 0x00, 0x00, 0xE9, 0xD2, 0x01, 0xE9, 0xD2, 0x03, 0x00, 0x00, 0x00, 0x00, 0x00, 0x00, 0x00, 0x00, 0x00, 0x00, 0x00, 0x00, 0x00, 0x00, 0x00,
    0x00, 0x00, 0x00, 0x00, 0x00, 0x00, 0x00, 0x00, 0x00, 0x00, 0x00, 0x00, 0x00, 0x00, 0x00, 0x00, 0x00, 0x00, 0x00, 0x00, 0x00, 0x00, 0x00, 0x00,
    0x00, 0x00, 0x00, 0x00, 0x00, 0x00, 0x00, 0x00, 0x00, 0x00, 0x00, 0x00, 0x00, 0x00, 0x00, 0x00, 0x00, 0x00, 0x00, 0x00, 0x00, 0x00, 0x00, 0x00,
    0x00, 0x00, 0x00, 0x00, 0x00, 0x00, 0x00, 0x00, 0x00, 0x00, 0x00, 0x00, 0x00, 0x00, 0x00, 0x00, 0x00, 0x00, 0x00, 0x00, 0x00, 0x00, 0x00, 0x00,
    0x00, 0x00, 0x00, 0x00, 0x00, 0x00, 0x00, 0x00, 0x00, 0x00, 0x00, 0x00, 0x00, 0x00, 0x00, 0x00, 0x00, 0x00, 0x00, 0x00, 0x00, 0x00, 0x00, 0x00,
    0x00, 0x00, 0x00, 0x00, 0x00, 0x00, 0x00, 0x00, 0x00, 0x00, 0x00, 0x00, 0x00, 0x00, 0x00, 0x00, 0x00, 0x00, 0x00, 0x00, 0x00, 0x00, 0x00, 0x00,
    0x00, 0x00, 0x00, 0x00, 0x00, 0x00, 0x00, 0x00, 0x00, 0x00, 0x00, 0x00, 0x00, 0x00, 0x00, 0x00, 0x00, 0x00, 0x00, 0x00, 0x00, 0x00, 0x00, 0x00,
    0x00, 0x00, 0x00, 0x00, 0x00, 0x00, 0x00, 0x00, 0x00, 0x00, 0x00, 0x00, 0x00, 0x00, 0x00, 0x00, 0x00, 0x00, 0x00, 0x00, 0x00, 0x00, 0x00, 0x00,
    0x00, 0x00, 0x00, 0x00, 0x00, 0x00, 0x00, 0x00, 0x00, 0x00, 0x00, 0x00, 0x00, 0x00, 0x00, 0x00, 0x00, 0x00, 0x00, 0x00, 0x00, 0x00, 0x00, 0x00,
    0x00, 0x00, 0x00, 0x00, 0x00, 0x00, 0x00, 0x00, 0x00, 0x00, 0x00, 0x00, 0x00, 0x00, 0x00, 0x00, 0x00, 0x00, 0x00, 0x00, 0x00, 0x00, 0x00, 0x00,
    0x00, 0x00, 0x00, 0x00, 0x00, 0x00, 0x00, 0x00, 0x00, 0x00, 0x00, 0x00, 0x00, 0x00, 0x00, 0x00, 0x00, 0x00, 0x00, 0x00, 0x00, 0x00, 0x00, 0x00,
    0x00, 0x00, 0x00, 0x00, 0x00, 0x00, 0x00, 0x00, 0x00, 0x00, 0x00, 0x00, 0x00, 0x00, 0x00, 0x00, 0x00, 0x00, 0x00, 0x00, 0x00, 0x00, 0x00, 0x00,
    0x00, 0x00, 0x00, 0x00, 0x00, 0x00, 0x00, 0x00, 0x00, 0x00, 0x00, 0x00, 0x00, 0x00, 0x00, 0x00, 0x00, 0x00, 0x00, 0x00, 0x00, 0x00, 0x00, 0x00,
    0x00, 0x00, 0x00, 0x00, 0x00, 0x00, 0x00, 0x00, 0x00, 0x00, 0x00, 0x00, 0x00, 0x00, 0x00, 0x00, 0x00, 0x00, 0x00, 0x00, 0x00, 0x00, 0x00, 0x00,
    0x00, 0x00, 0x00, 0x00, 0x00, 0x00, 0x00, 0x00, 0x00, 0x00, 0x00, 0x00, 0x00, 0x00, 0x00, 0x00, 0x00, 0x00, 0x00, 0x00, 0x00, 0x00, 0x00, 0x00,
    0x00, 0x00, 0x00, 0x00, 0x00, 0x00, 0x00, 0x00, 0x00, 0x00, 0x00, 0x00, 0x00, 0x00, 0x00, 0x00, 0x00, 0x00, 0x00, 0x00, 0x00, 0x00, 0x00, 0x00,
    0x00, 0x00, 0x00, 0x00, 0x00, 0x00, 0x00, 0x00, 0x00, 0x00, 0x00, 0x00, 0x00, 0x00, 0x00, 0x00, 0x00, 0x00, 0x00, 0x00, 0x00, 0x00, 0x00, 0x00,
    0x00, 0x00, 0x00, 0x00, 0x00, 0x00, 0x00, 0x00, 0x00, 0x00, 0x00, 0x00, 0x00, 0x00, 0x00, 0x00, 0x00, 0x00, 0x00, 0x00, 0x00, 0x00, 0x00, 0x00,
    0x00, 0x00, 0x00, 0x00, 0x00, 0x00, 0x00, 0x00, 0x00, 0x00, 0x00, 0x00, 0x00, 0x00, 0x00, 0x00, 0x00, 0x00, 0x00, 0x00, 0x00, 0x00, 0x00, 0x00,
    0x00, 0x00, 0x00, 0x00, 0x00, 0x00, 0x00, 0x00, 0x00, 0x00, 0x00, 0x00, 0x00, 0x00, 0x00, 0x00, 0x00, 0x00, 0x00, 0x00, 0x00, 0x00, 0x00, 0x00,
    0x00, 0x00, 0x00, 0x00, 0x00, 0x00, 0x00, 0x00, 0x00, 0x00, 0x00, 0x00, 0x00, 0x00, 0x00, 0x00, 0x00, 0x00, 0x00, 0x00, 0x00, 0x00, 0x00, 0x00,
    0x00, 0x00, 0x00, 0x00, 0x00, 0x00, 0x00, 0x00, 0x00, 0x00, 0x00, 0x00, 0x00, 0x00, 0x00, 0x00, 0x00, 0x00, 0x00, 0x00, 0x00, 0x00, 0x00, 0x00,
    0x00, 0x00, 0x00, 0x00, 0x00, 0x00, 0x00, 0x00, 0x00, 0x00, 0x00, 0x00, 0x00, 0x00, 0x00, 0x00, 0x00, 0x00, 0x00, 0x00, 0x00, 0x00, 0x00, 0x00,
    0x00, 0x00, 0x00, 0x00, 0x00, 0x00, 0x00, 0x00, 0x00, 0x00, 0x00, 0x00, 0x00, 0x00, 0x00, 0x00, 0x00, 0x00, 0x00, 0x00, 0x00, 0x00, 0x00, 0x00,
    0x00, 0x00, 0x00, 0x00, 0x00, 0x00, 0x00, 0x00, 0x00, 0x00, 0x00, 0x00, 0x00, 0x00, 0x00, 0x00, 0x00, 0x00, 0x00, 0x00, 0x00, 0x00, 0x00, 0x00,
    0x00, 0x00, 0x00, 0x00, 0x00, 0x00, 0x00, 0x00, 0x00, 0x00, 0x00, 0x00, 0x00, 0x00, 0x00, 0x00, 0x00, 0x00, 0x00, 0x00, 0x00, 0x00, 0x00, 0x00,
    0x00, 0x00, 0x00, 0x00, 0x00, 0x00, 0x00, 0x00, 0x00, 0x00, 0x00, 0x00, 0x00, 0x00, 0x00, 0x00, 0x00, 0x00, 0x00, 0x00, 0x00, 0x00, 0x00, 0x00,
    0x00, 0x00, 0x00, 0x00, 0x00, 0x00, 0x00, 0x00, 0x00, 0x00, 0x00, 0x00, 0x00, 0x00, 0x00, 0x00, 0x00, 0x00, 0x00, 0x00, 0x00, 0x00, 0x00, 0x00,
    0x00, 0x00, 0x00, 0x00, 0x00, 0x00, 0x00, 0x00, 0x00, 0x00, 0x00, 0x00, 0x00, 0x00, 0x00, 0x00, 0x00, 0x00, 0x00, 0x00, 0x00, 0x00, 0x00, 0x00,
    0x00, 0x00, 0x00, 0x00, 0x00, 0x00, 0x00, 0x00, 0x00, 0x00, 0x00, 0x00, 0x00, 0x00, 0x00, 0x00, 0x00, 0x00, 0x00, 0x00, 0x00, 0x00, 0x00, 0x00,
    0x00, 0x00, 0x00, 0x00, 0x00, 0x00, 0x00, 0x00, 0x00, 0x00, 0x00, 0x00, 0x00, 0x00, 0x00, 0x00, 0x00, 0x00, 0x00, 0x00, 0x00, 0x00, 0x00, 0x00,
};
const lv_img_dsc_t rehab_feedback_check = {
    .header.always_zero = 0,
    .header.w = 74,
    .header.h = 24,
    .data_size = 5328,
    .header.cf = LV_IMG_CF_TRUE_COLOR_ALPHA,
    .data = rehab_feedback_check_map,
};

