#include "rehab_pause_text_assets.h"

#ifndef LV_ATTRIBUTE_IMG_FLOW_HOLD_AUTO_V2
#define LV_ATTRIBUTE_IMG_FLOW_HOLD_AUTO_V2
#endif
const LV_ATTRIBUTE_MEM_ALIGN LV_ATTRIBUTE_LARGE_CONST LV_ATTRIBUTE_IMG_FLOW_HOLD_AUTO_V2 uint8_t flow_hold_auto_v2_map[] = {
    0x00, 0x00, 0x00, 0x00, 0x00, 0x00, 0x00, 0x00, 0x00, 0x00, 0x00, 0x00, 0x00, 0x00, 0x00, 0x00, 0x00, 0x00, 0x00, 0x00, 0x00, 0x00, 0x00, 0x00,
    0x00, 0x00, 0x00, 0x00, 0x00, 0x00, 0x00, 0x00, 0x00, 0x00, 0x00, 0x00, 0x00, 0x00, 0x00, 0x00, 0x00, 0x00, 0x00, 0x00, 0x00, 0x00, 0x00, 0x00,
    0x00, 0x00, 0x00, 0x00, 0x00, 0x00, 0x00, 0x00, 0x00, 0x00, 0x00, 0x00, 0x00, 0x00, 0x00, 0x00, 0x00, 0x00, 0x00, 0x00, 0x00, 0x00, 0x00, 0x00,
    0x00, 0x00, 0x00, 0x00, 0x00, 0x00, 0x00, 0x00, 0x00, 0x00, 0x00, 0x00, 0x00, 0x00, 0x00, 0x00, 0x00, 0x00, 0x00, 0x00, 0x00, 0x00, 0x00, 0x00,
    0x00, 0x00, 0x00, 0x00, 0x00, 0x00, 0x00, 0x00, 0x00, 0x00, 0x00, 0x00, 0x00, 0x00, 0x00, 0x00, 0x00, 0x00, 0x00, 0x00, 0x00, 0x00, 0x00, 0x00,
    0x00, 0x00, 0x00, 0x00, 0x00, 0x00, 0x00, 0x00, 0x00, 0x00, 0x00, 0x00, 0x00, 0x00, 0x00, 0x00, 0x00, 0x00, 0x00, 0x00, 0x00, 0x00, 0x00, 0x00,
    0x00, 0x00, 0x00, 0x00, 0x00, 0x00, 0x00, 0x00, 0x00, 0x00, 0x00, 0x00, 0x00, 0x00, 0x00, 0x00, 0x00, 0x00, 0x00, 0x00, 0x00, 0x00, 0x00, 0x00,
    0x00, 0x00, 0x00, 0x00, 0x00, 0x00, 0x00, 0x00, 0x00, 0x00, 0x00, 0x00, 0x00, 0x00, 0x00, 0x00, 0x00, 0x00, 0x00, 0x00, 0x00, 0x00, 0x00, 0x00,
    0x00, 0x00, 0x00, 0x00, 0x00, 0x00, 0x00, 0x00, 0x00, 0x00, 0x00, 0x00, 0x00, 0x00, 0x00, 0x00, 0x00, 0x00, 0x00, 0x00, 0x00, 0x00, 0x00, 0x00,
    0x00, 0x00, 0x00, 0x00, 0x00, 0x00, 0x00, 0x00, 0x00, 0x00, 0x00, 0x00, 0x00, 0x00, 0x00, 0x00, 0x00, 0x00, 0x00, 0x00, 0x00, 0x00, 0x00, 0x00,
    0x00, 0x00, 0x00, 0x00, 0x00, 0x00, 0x00, 0x00, 0x00, 0x00, 0x00, 0x00, 0x00, 0x00, 0x00, 0x00, 0x00, 0x00, 0x00, 0x00, 0x00, 0x00, 0x00, 0x00,
    0x00, 0x00, 0x00, 0x00, 0x00, 0x00, 0x00, 0x00, 0x00, 0x00, 0x00, 0x00, 0x00, 0x00, 0x00, 0x00, 0x00, 0x00, 0x00, 0x00, 0x00, 0x00, 0x00, 0x00,
    0x00, 0x00, 0x00, 0x00, 0x00, 0x00, 0x00, 0x00, 0x00, 0x00, 0x00, 0x00, 0x00, 0x00, 0x00, 0x00, 0x00, 0x00, 0x00, 0x00, 0x00, 0x00, 0x00, 0x00,
    0x00, 0x00, 0x00, 0x00, 0x00, 0x00, 0x00, 0x00, 0x00, 0x00, 0x00, 0x00, 0x00, 0x00, 0x00, 0x00, 0x00, 0x00, 0x00, 0x00, 0x00, 0x00, 0x00, 0x00,
    0x00, 0x00, 0x00, 0x00, 0x00, 0x00, 0x00, 0x00, 0x00, 0x00, 0x00, 0x00, 0x00, 0x00, 0x00, 0x00, 0x00, 0x00, 0x00, 0x00, 0x00, 0x00, 0x00, 0x00,
    0x00, 0x00, 0x00, 0x00, 0x00, 0x00, 0x00, 0x00, 0x00, 0x00, 0x00, 0x00, 0x00, 0x00, 0x00, 0x00, 0x00, 0x00, 0x00, 0x00, 0x00, 0x00, 0x00, 0x00,
    0x00, 0x00, 0x00, 0x00, 0x00, 0x00, 0x00, 0x00, 0x00, 0x00, 0x00, 0x00, 0x00, 0x00, 0x00, 0x00, 0x00, 0x00, 0x00, 0x00, 0x00, 0x00, 0x00, 0x00,
    0x00, 0x00, 0x00, 0x00, 0x00, 0x00, 0x00, 0x00, 0x00, 0x00, 0x00, 0x00, 0x00, 0x00, 0x00, 0x00, 0x00, 0x00, 0x00, 0x00, 0x00, 0x00, 0x00, 0x00,
    0x00, 0x00, 0x00, 0x00, 0x00, 0x00, 0x00, 0x00, 0x00, 0x00, 0x00, 0x00, 0x00, 0x00, 0x00, 0x00, 0x00, 0x00, 0x00, 0x00, 0x00, 0x00, 0x00, 0x00,
    0x00, 0x00, 0x00, 0x00, 0x00, 0x00, 0x00, 0x00, 0x00, 0x00, 0x00, 0x00, 0x00, 0x00, 0x00, 0x00, 0x00, 0x00, 0x00, 0x00, 0x00, 0x00, 0x00, 0x00,
    0x00, 0x00, 0x00, 0x00, 0x00, 0x00, 0x00, 0x00, 0x00, 0x00, 0x00, 0x00, 0x00, 0x00, 0x00, 0x00, 0x00, 0x00, 0x00, 0x00, 0x00, 0x00, 0x00, 0x00,
    0x00, 0x00, 0x00, 0x00, 0x00, 0x00, 0x00, 0x00, 0x00, 0x00, 0x00, 0x00, 0x00, 0x00, 0x00, 0x00, 0x00, 0x00, 0x00, 0x00, 0x00, 0x00, 0x00, 0x00,
    0x00, 0x00, 0x00, 0x00, 0x00, 0x00, 0x00, 0x00, 0x00, 0x00, 0x00, 0x00, 0x00, 0x00, 0x00, 0x00, 0x00, 0x00, 0x00, 0x00, 0x00, 0x00, 0x00, 0x00,
    0x00, 0x00, 0x00, 0x00, 0x00, 0x00, 0x00, 0x00, 0x00, 0x00, 0x00, 0x00, 0x00, 0x00, 0x00, 0x00, 0x00, 0x00, 0x00, 0x00, 0x00, 0x00, 0x00, 0x00,
    0x00, 0x00, 0x00, 0x00, 0x00, 0x00, 0x00, 0x00, 0x00, 0x00, 0x00, 0x00, 0x00, 0x00, 0x00, 0x00, 0x00, 0x00, 0x00, 0x00, 0x00, 0x00, 0x00, 0x00,
    0x00, 0x00, 0x00, 0x00, 0x00, 0x00, 0x00, 0x00, 0x00, 0x00, 0x00, 0x00, 0x00, 0x00, 0x00, 0x00, 0x00, 0x00, 0x00, 0x00, 0x00, 0x00, 0x00, 0x00,
    0x00, 0x00, 0x00, 0x00, 0x00, 0x00, 0x00, 0x00, 0x00, 0x00, 0x00, 0x00, 0x00, 0x00, 0x00, 0x00, 0x00, 0x00, 0x00, 0x00, 0x00, 0x00, 0x00, 0x00,
    0x00, 0x00, 0x00, 0x00, 0x00, 0x00, 0x00, 0x00, 0x00, 0x00, 0x00, 0x00, 0x00, 0x00, 0x00, 0x00, 0x00, 0x00, 0x00, 0x00, 0x00, 0x00, 0x00, 0x00,
    0x00, 0x00, 0x00, 0x00, 0x00, 0x00, 0x00, 0x00, 0x00, 0x00, 0x00, 0x00, 0x00, 0x00, 0x00, 0x00, 0x00, 0x00, 0x00, 0x00, 0x00, 0x00, 0x00, 0x00,
    0x00, 0x00, 0x00, 0x00, 0x00, 0x00, 0x00, 0x00, 0x00, 0x00, 0x00, 0x00, 0x00, 0x00, 0x00, 0x00, 0x00, 0x00, 0x00, 0x00, 0x00, 0x00, 0x00, 0x00,
    0x00, 0x00, 0x00, 0x00, 0x00, 0x00, 0x00, 0x00, 0x00, 0x00, 0x00, 0x00, 0x00, 0x00, 0x00, 0x00, 0x00, 0x00, 0x00, 0x00, 0x00, 0x00, 0x00, 0x00,
    0x00, 0x00, 0x00, 0x00, 0x00, 0x00, 0x00, 0x00, 0x00, 0x00, 0x00, 0x00, 0x00, 0x00, 0x00, 0x00, 0x00, 0x00, 0x00, 0x00, 0x00, 0x00, 0x00, 0x00,
    0x00, 0x00, 0x00, 0x00, 0x00, 0x00, 0x00, 0x00, 0x00, 0x00, 0x00, 0x00, 0x00, 0x00, 0x00, 0x00, 0x00, 0x00, 0x00, 0x00, 0x00, 0x00, 0x00, 0x00,
    0x00, 0x00, 0x00, 0x00, 0x00, 0x00, 0x00, 0x00, 0x00, 0x00, 0x00, 0x00, 0x00, 0x00, 0x00, 0x00, 0x00, 0x00, 0x00, 0x00, 0x00, 0x00, 0x00, 0x00,
    0x00, 0x00, 0x00, 0x00, 0x00, 0x00, 0x00, 0x00, 0x00, 0x00, 0x00, 0x00, 0x00, 0x00, 0x00, 0x00, 0x00, 0x00, 0x00, 0x00, 0x00, 0x00, 0x00, 0x00,
    0x00, 0x00, 0x00, 0x00, 0x00, 0x00, 0x00, 0x00, 0x00, 0x00, 0x00, 0x00, 0x00, 0x00, 0x00, 0x00, 0x00, 0x00, 0x00, 0x00, 0x00, 0x00, 0x00, 0x00,
    0x00, 0x00, 0x00, 0x00, 0x00, 0x00, 0x00, 0x00, 0x00, 0x00, 0x00, 0x00, 0x00, 0x00, 0x00, 0x00, 0x00, 0x00, 0x00, 0x00, 0x00, 0x00, 0x00, 0x00,
    0x00, 0x00, 0x00, 0x00, 0x00, 0x00, 0x00, 0x00, 0x00, 0x00, 0x00, 0x00, 0x00, 0x00, 0x00, 0x00, 0x00, 0x00, 0x00, 0x00, 0x00, 0x00, 0x00, 0x00,
    0x00, 0x00, 0x00, 0x00, 0x00, 0x00, 0x00, 0x00, 0x00, 0x00, 0x00, 0x00, 0x00, 0x00, 0x00, 0x00, 0x00, 0x00, 0x00, 0x00, 0x00, 0x00, 0x00, 0x00,
    0x00, 0x00, 0x00, 0x00, 0x00, 0x00, 0x00, 0x00, 0x00, 0x00, 0x00, 0x00, 0x00, 0x00, 0x00, 0x00, 0x00, 0x00, 0x00, 0x00, 0x00, 0x00, 0x00, 0x00,
    0x00, 0x00, 0x00, 0x00, 0x00, 0x00, 0x00, 0x00, 0x00, 0x00, 0x00, 0x00, 0x00, 0x00, 0x00, 0x00, 0x00, 0x00, 0x00, 0x00, 0x00, 0x00, 0x00, 0x00,
    0x00, 0x00, 0x00, 0x00, 0x00, 0x00, 0x00, 0x00, 0x00, 0x00, 0x00, 0x00, 0x00, 0x00, 0x00, 0x00, 0x00, 0x00, 0x00, 0x00, 0x00, 0x00, 0x00, 0x00,
    0x00, 0x00, 0x00, 0x00, 0x00, 0x00, 0x00, 0x00, 0x00, 0x00, 0x00, 0x00, 0x00, 0x00, 0x00, 0x00, 0x00, 0x00, 0x00, 0x00, 0x00, 0x27, 0x32, 0x0C,
    0x27, 0x32, 0x99, 0x27, 0x32, 0x0C, 0x00, 0x00, 0x00, 0x00, 0x00, 0x00, 0x00, 0x00, 0x00, 0x00, 0x00, 0x00, 0x00, 0x00, 0x00, 0x00, 0x00, 0x00,
    0x00, 0x00, 0x00, 0x00, 0x00, 0x00, 0x00, 0x00, 0x00, 0x00, 0x00, 0x00, 0x00, 0x00, 0x00, 0x27, 0x32, 0x63, 0x27, 0x32, 0x8C, 0x00, 0x00, 0x00,
    0x00, 0x00, 0x00, 0x00, 0x00, 0x00, 0x00, 0x00, 0x00, 0x00, 0x00, 0x00, 0x27, 0x32, 0x84, 0x27, 0x32, 0x63, 0x00, 0x00, 0x00, 0x00, 0x00, 0x00,
    0x00, 0x00, 0x00, 0x00, 0x00, 0x00, 0x00, 0x00, 0x00, 0x00, 0x00, 0x00, 0x27, 0x32, 0x04, 0x27, 0x32, 0x40, 0x27, 0x32, 0x9B, 0x27, 0x32, 0x2F,
    0x00, 0x00, 0x00, 0x27, 0x32, 0x40, 0x27, 0x32, 0xBD, 0x00, 0x00, 0x00, 0x00, 0x00, 0x00, 0x00, 0x00, 0x00, 0x00, 0x00, 0x00, 0x00, 0x00, 0x00,
    0x00, 0x00, 0x00, 0x00, 0x00, 0x00, 0x00, 0x00, 0x00, 0x00, 0x00, 0x00, 0x00, 0x00, 0x00, 0x00, 0x00, 0x00, 0x00, 0x00, 0x00, 0x27, 0x32, 0x5C,
    0x27, 0x32, 0xA0, 0x00, 0x00, 0x00, 0x00, 0x00, 0x00, 0x00, 0x00, 0x00, 0x00, 0x00, 0x00, 0x00, 0x00, 0x00, 0x00, 0x00, 0x00, 0x00, 0x00, 0x00,
    0x00, 0x00, 0x00, 0x00, 0x00, 0x00, 0x00, 0x00, 0x00, 0x00, 0x00, 0x00, 0x00, 0x00, 0x00, 0x00, 0x00, 0x00, 0x00, 0x00, 0x00, 0x00, 0x00, 0x00,
    0x00, 0x00, 0x00, 0x00, 0x00, 0x00, 0x00, 0x00, 0x00, 0x00, 0x00, 0x00, 0x00, 0x00, 0x00, 0x00, 0x00, 0x00, 0x00, 0x00, 0x00, 0x00, 0x00, 0x00,
    0x00, 0x00, 0x00, 0x00, 0x00, 0x00, 0x00, 0x00, 0x00, 0x00, 0x00, 0x00, 0x00, 0x00, 0x00, 0x27, 0x32, 0x6B, 0x27, 0x32, 0xA2, 0x00, 0x00, 0x00,
    0x00, 0x00, 0x00, 0x00, 0x00, 0x00, 0x00, 0x00, 0x00, 0x00, 0x00, 0x00, 0x00, 0x00, 0x00, 0x00, 0x00, 0x00, 0x00, 0x00, 0x00, 0x00, 0x00, 0x00,
    0x00, 0x00, 0x00, 0x00, 0x00, 0x00, 0x00, 0x00, 0x00, 0x00, 0x00, 0x00, 0x00, 0x00, 0x00, 0x00, 0x00, 0x00, 0x27, 0x32, 0xB0, 0x27, 0x32, 0x46,
    0x27, 0x32, 0x75, 0x27, 0x32, 0x4F, 0x00, 0x00, 0x00, 0x00, 0x00, 0x00, 0x00, 0x00, 0x00, 0x00, 0x00, 0x00, 0x00, 0x00, 0x00, 0x00, 0x00, 0x00,
    0x00, 0x00, 0x00, 0x00, 0x00, 0x00, 0x00, 0x00, 0x00, 0x00, 0x00, 0x00, 0x00, 0x00, 0x00, 0x00, 0x00, 0x00, 0x00, 0x00, 0x00, 0x27, 0x32, 0x1A,
    0x27, 0x32, 0x5A, 0x27, 0x32, 0x4A, 0x00, 0x00, 0x00, 0x00, 0x00, 0x00, 0x00, 0x00, 0x00, 0x00, 0x00, 0x00, 0x00, 0x00, 0x00, 0x27, 0x32, 0x8B,
    0x27, 0x32, 0x83, 0x00, 0x00, 0x00, 0x00, 0x00, 0x00, 0x00, 0x00, 0x00, 0x27, 0x32, 0x22, 0x27, 0x32, 0xD4, 0x27, 0x32, 0x2E, 0x00, 0x00, 0x00,
    0x00, 0x00, 0x00, 0x00, 0x00, 0x00, 0x00, 0x00, 0x00, 0x00, 0x00, 0x00, 0x00, 0x00, 0x00, 0x00, 0x00, 0x00, 0x00, 0x00, 0x00, 0x00, 0x00, 0x00,
    0x00, 0x00, 0x00, 0x27, 0x32, 0x4F, 0x27, 0x32, 0xCF, 0x27, 0x32, 0x05, 0x00, 0x00, 0x00, 0x00, 0x00, 0x00, 0x00, 0x00, 0x00, 0x00, 0x00, 0x00,
    0x00, 0x00, 0x00, 0x00, 0x00, 0x00, 0x00, 0x00, 0x00, 0x00, 0x00, 0x00, 0x00, 0x00, 0x00, 0x00, 0x00, 0x00, 0x00, 0x00, 0x00, 0x00, 0x00, 0x00,
    0x00, 0x00, 0x00, 0x00, 0x00, 0x00, 0x00, 0x00, 0x00, 0x27, 0x32, 0x2E, 0x27, 0x32, 0xB4, 0x00, 0x00, 0x00, 0x00, 0x00, 0x00, 0x00, 0x00, 0x00,
    0x00, 0x00, 0x00, 0x00, 0x00, 0x00, 0x00, 0x00, 0x00, 0x00, 0x00, 0x00, 0x00, 0x00, 0x00, 0x00, 0x00, 0x00, 0x00, 0x00, 0x00, 0x00, 0x00, 0x00,
    0x27, 0x32, 0x74, 0x27, 0x32, 0xCC, 0x27, 0x32, 0x50, 0x27, 0x32, 0xFF, 0x27, 0x32, 0xFF, 0x27, 0x32, 0xFF, 0x27, 0x32, 0xFF, 0x27, 0x32, 0xFF,
    0x27, 0x32, 0xFF, 0x27, 0x32, 0xFF, 0x27, 0x32, 0x7B, 0x00, 0x00, 0x00, 0x00, 0x00, 0x00, 0x00, 0x00, 0x00, 0x27, 0x32, 0x6F, 0x27, 0x32, 0x9B,
    0x00, 0x00, 0x00, 0x00, 0x00, 0x00, 0x00, 0x00, 0x00, 0x00, 0x00, 0x00, 0x00, 0x00, 0x00, 0x27, 0x32, 0x9F, 0x27, 0x32, 0x77, 0x00, 0x00, 0x00,
    0x00, 0x00, 0x00, 0x00, 0x00, 0x00, 0x00, 0x00, 0x00, 0x00, 0x00, 0x00, 0x27, 0x32, 0xAC, 0x27, 0x32, 0xF3, 0x27, 0x32, 0xFF, 0x27, 0x32, 0xC3,
    0x27, 0x32, 0x47, 0x27, 0x32, 0x03, 0x27, 0x32, 0xD0, 0x27, 0x32, 0xF4, 0x27, 0x32, 0xE3, 0x27, 0x32, 0xE3, 0x27, 0x32, 0xE5, 0x27, 0x32, 0x47,
    0x00, 0x00, 0x00, 0x00, 0x00, 0x00, 0x00, 0x00, 0x00, 0x00, 0x00, 0x00, 0x00, 0x00, 0x00, 0x00, 0x00, 0x00, 0x00, 0x00, 0x00, 0x00, 0x00, 0x00,
    0x27, 0x32, 0x25, 0x27, 0x32, 0xFB, 0x27, 0x32, 0x24, 0x00, 0x00, 0x00, 0x00, 0x00, 0x00, 0x00, 0x00, 0x00, 0x00, 0x00, 0x00, 0x00, 0x00, 0x00,
    0x00, 0x00, 0x00, 0x00, 0x00, 0x00, 0x00, 0x00, 0x00, 0x00, 0x00, 0x00, 0x00, 0x00, 0x00, 0x00, 0x00, 0x00, 0x00, 0x00, 0x00, 0x00, 0x00, 0x00,
    0x00, 0x00, 0x00, 0x00, 0x00, 0x00, 0x00, 0x00, 0x00, 0x00, 0x00, 0x00, 0x00, 0x00, 0x00, 0x00, 0x00, 0x00, 0x00, 0x00, 0x00, 0x00, 0x00, 0x00,
    0x00, 0x00, 0x00, 0x00, 0x00, 0x00, 0x00, 0x00, 0x00, 0x00, 0x00, 0x00, 0x00, 0x00, 0x00, 0x00, 0x00, 0x00, 0x27, 0x32, 0x2C, 0x27, 0x32, 0xFC,
    0x27, 0x32, 0x28, 0x00, 0x00, 0x00, 0x00, 0x00, 0x00, 0x00, 0x00, 0x00, 0x00, 0x00, 0x00, 0x00, 0x00, 0x00, 0x00, 0x00, 0x00, 0x00, 0x00, 0x00,
    0x00, 0x00, 0x00, 0x00, 0x00, 0x00, 0x00, 0x00, 0x00, 0x00, 0x00, 0x00, 0x00, 0x00, 0x00, 0x00, 0x00, 0x00, 0x00, 0x00, 0x00, 0x27, 0x32, 0xCE,
    0x27, 0x32, 0x59, 0x27, 0x32, 0x41, 0x27, 0x32, 0xDC, 0x27, 0x32, 0xA8, 0x27, 0x32, 0x0D, 0x00, 0x00, 0x00, 0x00, 0x00, 0x00, 0x00, 0x00, 0x00,
    0x27, 0x32, 0x07, 0x27, 0x32, 0x21, 0x27, 0x32, 0x3D, 0x27, 0x32, 0x59, 0x27, 0x32, 0x75, 0x27, 0x32, 0x92, 0x27, 0x32, 0xBA, 0x27, 0x32, 0xE7,
    0x27, 0x32, 0xFF, 0x27, 0x32, 0xF9, 0x27, 0x32, 0xC0, 0x27, 0x32, 0x0D, 0x00, 0x00, 0x00, 0x00, 0x00, 0x00, 0x27, 0x32, 0x02, 0x00, 0x00, 0x00,
    0x27, 0x32, 0x8F, 0x27, 0x32, 0x87, 0x00, 0x00, 0x00, 0x00, 0x00, 0x00, 0x27, 0x32, 0x36, 0x27, 0x32, 0xE6, 0x27, 0x32, 0xFC, 0x27, 0x32, 0xEB,
    0x27, 0x32, 0xEB, 0x27, 0x32, 0xEB, 0x27, 0x32, 0xB0, 0x00, 0x00, 0x00, 0x00, 0x00, 0x00, 0x00, 0x00, 0x00, 0x00, 0x00, 0x00, 0x00, 0x00, 0x00,
    0x00, 0x00, 0x00, 0x00, 0x00, 0x00, 0x27, 0x32, 0x9E, 0x27, 0x32, 0x95, 0x00, 0x00, 0x00, 0x00, 0x00, 0x00, 0x00, 0x00, 0x00, 0x00, 0x00, 0x00,
    0x00, 0x00, 0x00, 0x00, 0x00, 0x00, 0x00, 0x00, 0x00, 0x00, 0x00, 0x00, 0x27, 0x32, 0xAB, 0x27, 0x32, 0xFF, 0x27, 0x32, 0xFF, 0x27, 0x32, 0xFF,
    0x27, 0x32, 0xFF, 0x27, 0x32, 0xFF, 0x27, 0x32, 0x1F, 0x00, 0x00, 0x00, 0x27, 0x32, 0x3D, 0x27, 0x32, 0xDF, 0x00, 0x00, 0x00, 0x00, 0x00, 0x00,
    0x00, 0x00, 0x00, 0x00, 0x00, 0x00, 0x00, 0x00, 0x00, 0x00, 0x00, 0x00, 0x00, 0x00, 0x00, 0x00, 0x00, 0x00, 0x00, 0x00, 0x00, 0x00, 0x00, 0x00,
    0x27, 0x32, 0x07, 0x27, 0x32, 0xE6, 0x27, 0x32, 0x55, 0x27, 0x32, 0x4F, 0x27, 0x32, 0xC3, 0x00, 0x00, 0x00, 0x00, 0x00, 0x00, 0x00, 0x00, 0x00,
    0x00, 0x00, 0x00, 0x00, 0x00, 0x00, 0x27, 0x32, 0xA3, 0x27, 0x32, 0x7B, 0x00, 0x00, 0x00, 0x00, 0x00, 0x00, 0x00, 0x00, 0x00, 0x27, 0x32, 0x6F,
    0x27, 0x32, 0x9B, 0x00, 0x00, 0x00, 0x00, 0x00, 0x00, 0x27, 0x32, 0xCF, 0x27, 0x32, 0xFF, 0x27, 0x32, 0xFF, 0x27, 0x32, 0xFF, 0x27, 0x32, 0xFF,
    0x27, 0x32, 0xFF, 0x27, 0x32, 0xFF, 0x27, 0x32, 0xAB, 0x00, 0x00, 0x00, 0x00, 0x00, 0x00, 0x27, 0x32, 0x35, 0x27, 0x32, 0x1F, 0x27, 0x32, 0xFF,
    0x00, 0x00, 0x00, 0x27, 0x32, 0x02, 0x27, 0x32, 0xA3, 0x27, 0x32, 0xAA, 0x00, 0x00, 0x00, 0x00, 0x00, 0x00, 0x27, 0x32, 0x2B, 0x27, 0x32, 0xF0,
    0x27, 0x32, 0x11, 0x00, 0x00, 0x00, 0x00, 0x00, 0x00, 0x00, 0x00, 0x00, 0x27, 0x32, 0xC7, 0x27, 0x32, 0xFF, 0x27, 0x32, 0xFF, 0x27, 0x32, 0xFF,
    0x27, 0x32, 0xFF, 0x27, 0x32, 0xFF, 0x27, 0x32, 0xFF, 0x27, 0x32, 0xFF, 0x27, 0x32, 0xFF, 0x27, 0x32, 0xFF, 0x27, 0x32, 0xFF, 0x27, 0x32, 0xFF,
    0x27, 0x32, 0xC3, 0x00, 0x00, 0x00, 0x00, 0x00, 0x00, 0x00, 0x00, 0x00, 0x00, 0x00, 0x00, 0x00, 0x00, 0x00, 0x00, 0x00, 0x00, 0x00, 0x00, 0x00,
    0x00, 0x00, 0x00, 0x00, 0x00, 0x00, 0x00, 0x00, 0x00, 0x00, 0x00, 0x00, 0x00, 0x00, 0x00, 0x00, 0x00, 0x00, 0x00, 0x00, 0x00, 0x00, 0x00, 0x00,
    0x00, 0x00, 0x00, 0x00, 0x00, 0x00, 0x27, 0x32, 0xC7, 0x27, 0x32, 0xFF, 0x27, 0x32, 0xFF, 0x27, 0x32, 0xFF, 0x27, 0x32, 0xFF, 0x27, 0x32, 0xFF,
    0x27, 0x32, 0xFF, 0x27, 0x32, 0xFF, 0x27, 0x32, 0xFF, 0x27, 0x32, 0xFF, 0x27, 0x32, 0xFF, 0x27, 0x32, 0xFF, 0x27, 0x32, 0xBB, 0x00, 0x00, 0x00,
    0x00, 0x00, 0x00, 0x27, 0x32, 0x02, 0x27, 0x32, 0x17, 0x27, 0x32, 0x17, 0x27, 0x32, 0x17, 0x27, 0x32, 0x17, 0x27, 0x32, 0x17, 0x27, 0x32, 0x17,
    0x27, 0x32, 0xCC, 0x27, 0x32, 0x6D, 0x27, 0x32, 0x17, 0x27, 0x32, 0x25, 0x27, 0x32, 0xBC, 0x27, 0x32, 0x3D, 0x27, 0x32, 0x05, 0x00, 0x00, 0x00,
    0x00, 0x00, 0x00, 0x27, 0x32, 0xBF, 0x27, 0x32, 0xF4, 0x27, 0x32, 0xD9, 0x27, 0x32, 0xC2, 0x27, 0x32, 0xAA, 0x27, 0x32, 0x93, 0x27, 0x32, 0x7A,
    0x27, 0x32, 0x56, 0x27, 0x32, 0x2F, 0x27, 0x32, 0x07, 0x00, 0x00, 0x00, 0x00, 0x00, 0x00, 0x00, 0x00, 0x00, 0x27, 0x32, 0x21, 0x27, 0x32, 0xCB,
    0x27, 0x32, 0x0E, 0x27, 0x32, 0x8F, 0x27, 0x32, 0x87, 0x27, 0x32, 0x0A, 0x27, 0x32, 0x8B, 0x27, 0x32, 0xE2, 0x27, 0x32, 0x3C, 0x00, 0x00, 0x00,
    0x00, 0x00, 0x00, 0x27, 0x32, 0x13, 0x27, 0x32, 0xE4, 0x27, 0x32, 0x55, 0x00, 0x00, 0x00, 0x00, 0x00, 0x00, 0x00, 0x00, 0x00, 0x27, 0x32, 0x8F,
    0x27, 0x32, 0xFF, 0x27, 0x32, 0xFF, 0x27, 0x32, 0xFF, 0x27, 0x32, 0xFF, 0x27, 0x32, 0xFF, 0x27, 0x32, 0xFF, 0x27, 0x32, 0xFF, 0x27, 0x32, 0xFF,
    0x27, 0x32, 0xFF, 0x27, 0x32, 0xC7, 0x00, 0x00, 0x00, 0x00, 0x00, 0x00, 0x00, 0x00, 0x00, 0x27, 0x32, 0x02, 0x27, 0x32, 0x03, 0x27, 0x32, 0x03,
    0x27, 0x32, 0x03, 0x27, 0x32, 0x03, 0x27, 0x32, 0x03, 0x00, 0x00, 0x00, 0x00, 0x00, 0x00, 0x27, 0x32, 0x41, 0x27, 0x32, 0xDC, 0x00, 0x00, 0x00,
    0x00, 0x00, 0x00, 0x00, 0x00, 0x00, 0x00, 0x00, 0x00, 0x00, 0x00, 0x00, 0x00, 0x00, 0x00, 0x00, 0x00, 0x00, 0x00, 0x00, 0x00, 0x00, 0x00, 0x00,
    0x00, 0x00, 0x00, 0x27, 0x32, 0x69, 0x27, 0x32, 0xDD, 0x27, 0x32, 0x02, 0x27, 0x32, 0x4F, 0x27, 0x32, 0xC3, 0x00, 0x00, 0x00, 0x00, 0x00, 0x00,
    0x00, 0x00, 0x00, 0x00, 0x00, 0x00, 0x00, 0x00, 0x00, 0x27, 0x32, 0xA3, 0x27, 0x32, 0x7B, 0x00, 0x00, 0x00, 0x27, 0x32, 0x5F, 0x27, 0x32, 0xFF,
    0x27, 0x32, 0xFF, 0x27, 0x32, 0xFF, 0x27, 0x32, 0xFF, 0x27, 0x32, 0x33, 0x27, 0x32, 0x06, 0x27, 0x32, 0x07, 0x27, 0x32, 0x07, 0x27, 0x32, 0xA2,
    0x27, 0x32, 0x7C, 0x27, 0x32, 0x07, 0x27, 0x32, 0x07, 0x27, 0x32, 0x05, 0x00, 0x00, 0x00, 0x00, 0x00, 0x00, 0x00, 0x00, 0x00, 0x27, 0x32, 0x0B,
    0x27, 0x32, 0xFF, 0x00, 0x00, 0x00, 0x27, 0x32, 0x83, 0x27, 0x32, 0xF1, 0x27, 0x32, 0x1A, 0x00, 0x00, 0x00, 0x00, 0x00, 0x00, 0x27, 0x32, 0xA6,
    0x27, 0x32, 0x83, 0x00, 0x00, 0x00, 0x00, 0x00, 0x00, 0x00, 0x00, 0x00, 0x00, 0x00, 0x00, 0x27, 0x32, 0xC7, 0x27, 0x32, 0x61, 0x27, 0x32, 0x13,
    0x27, 0x32, 0x13, 0x27, 0x32, 0x13, 0x27, 0x32, 0x13, 0x27, 0x32, 0x13, 0x27, 0x32, 0x13, 0x27, 0x32, 0x13, 0x27, 0x32, 0x13, 0x27, 0x32, 0x13,
    0x27, 0x32, 0x70, 0x27, 0x32, 0xC3, 0x00, 0x00, 0x00, 0x00, 0x00, 0x00, 0x00, 0x00, 0x00, 0x00, 0x00, 0x00, 0x00, 0x00, 0x00, 0x00, 0x00, 0x00,
    0x00, 0x00, 0x00, 0x00, 0x00, 0x00, 0x00, 0x00, 0x00, 0x00, 0x00, 0x00, 0x00, 0x00, 0x00, 0x00, 0x00, 0x00, 0x00, 0x00, 0x00, 0x00, 0x00, 0x00,
    0x00, 0x00, 0x00, 0x00, 0x00, 0x00, 0x00, 0x00, 0x00, 0x27, 0x32, 0xC7, 0x27, 0x32, 0x67, 0x27, 0x32, 0x17, 0x27, 0x32, 0x17, 0x27, 0x32, 0x17,
    0x27, 0x32, 0x17, 0x27, 0x32, 0x17, 0x27, 0x32, 0x17, 0x27, 0x32, 0x17, 0x27, 0x32, 0x17, 0x27, 0x32, 0x17, 0x27, 0x32, 0x7D, 0x27, 0x32, 0xBB,
    0x00, 0x00, 0x00, 0x00, 0x00, 0x00, 0x27, 0x32, 0x17, 0x27, 0x32, 0xFF, 0x27, 0x32, 0xFF, 0x27, 0x32, 0xFF, 0x27, 0x32, 0xFF, 0x27, 0x32, 0xFF,
    0x27, 0x32, 0xFF, 0x27, 0x32, 0xFF, 0x27, 0x32, 0xFF, 0x27, 0x32, 0xFF, 0x27, 0x32, 0xFF, 0x27, 0x32, 0xFF, 0x27, 0x32, 0xFF, 0x27, 0x32, 0x3F,
    0x00, 0x00, 0x00, 0x00, 0x00, 0x00, 0x27, 0x32, 0xBF, 0x27, 0x32, 0x63, 0x00, 0x00, 0x00, 0x00, 0x00, 0x00, 0x00, 0x00, 0x00, 0x00, 0x00, 0x00,
    0x00, 0x00, 0x00, 0x00, 0x00, 0x00, 0x00, 0x00, 0x00, 0x00, 0x00, 0x00, 0x00, 0x00, 0x00, 0x00, 0x00, 0x00, 0x00, 0x00, 0x00, 0x00, 0x00, 0x00,
    0x27, 0x32, 0xB5, 0x27, 0x32, 0xA5, 0x27, 0x32, 0x8F, 0x27, 0x32, 0x87, 0x27, 0x32, 0x79, 0x27, 0x32, 0xBE, 0x27, 0x32, 0x45, 0x27, 0x32, 0xB3,
    0x27, 0x32, 0x05, 0x27, 0x32, 0x05, 0x27, 0x32, 0xB4, 0x27, 0x32, 0xBD, 0x00, 0x00, 0x00, 0x00, 0x00, 0x00, 0x00, 0x00, 0x00, 0x00, 0x00, 0x00,
    0x27, 0x32, 0x8F, 0x27, 0x32, 0x9E, 0x27, 0x32, 0x17, 0x27, 0x32, 0x17, 0x27, 0x32, 0x17, 0x27, 0x32, 0x17, 0x27, 0x32, 0x17, 0x27, 0x32, 0x17,
    0x27, 0x32, 0x17, 0x27, 0x32, 0x72, 0x27, 0x32, 0xC7, 0x00, 0x00, 0x00, 0x00, 0x00, 0x00, 0x00, 0x00, 0x00, 0x00, 0x00, 0x00, 0x00, 0x00, 0x00,
    0x00, 0x00, 0x00, 0x00, 0x00, 0x00, 0x00, 0x00, 0x00, 0x00, 0x00, 0x00, 0x27, 0x32, 0x67, 0x27, 0x32, 0xFF, 0x27, 0x32, 0xFF, 0x27, 0x32, 0xFF,
    0x27, 0x32, 0xFF, 0x27, 0x32, 0xFF, 0x27, 0x32, 0xFF, 0x27, 0x32, 0x2B, 0x00, 0x00, 0x00, 0x00, 0x00, 0x00, 0x00, 0x00, 0x00, 0x00, 0x00, 0x00,
    0x00, 0x00, 0x00, 0x27, 0x32, 0x19, 0x27, 0x32, 0xED, 0x27, 0x32, 0xAB, 0x00, 0x00, 0x00, 0x27, 0x32, 0x4F, 0x27, 0x32, 0xC4, 0x27, 0x32, 0x03,
    0x27, 0x32, 0x03, 0x27, 0x32, 0x03, 0x27, 0x32, 0x03, 0x27, 0x32, 0x03, 0x27, 0x32, 0xA5, 0x27, 0x32, 0x7B, 0x00, 0x00, 0x00, 0x27, 0x32, 0x05,
    0x27, 0x32, 0x0F, 0x27, 0x32, 0x78, 0x27, 0x32, 0xA2, 0x27, 0x32, 0x0F, 0x27, 0x32, 0x03, 0x00, 0x00, 0x00, 0x00, 0x00, 0x00, 0x00, 0x00, 0x00,
    0x27, 0x32, 0x9F, 0x27, 0x32, 0x77, 0x00, 0x00, 0x00, 0x00, 0x00, 0x00, 0x00, 0x00, 0x00, 0x00, 0x00, 0x00, 0x27, 0x32, 0x02, 0x27, 0x32, 0x0B,
    0x27, 0x32, 0x17, 0x27, 0x32, 0xFF, 0x27, 0x32, 0x0B, 0x27, 0x32, 0x23, 0x27, 0x32, 0xAB, 0x27, 0x32, 0xF3, 0x27, 0x32, 0xF3, 0x27, 0x32, 0xF3,
    0x27, 0x32, 0xF3, 0x27, 0x32, 0xF3, 0x27, 0x32, 0xFD, 0x27, 0x32, 0x3B, 0x00, 0x00, 0x00, 0x00, 0x00, 0x00, 0x27, 0x32, 0xC7, 0x27, 0x32, 0x53,
    0x00, 0x00, 0x00, 0x00, 0x00, 0x00, 0x00, 0x00, 0x00, 0x00, 0x00, 0x00, 0x00, 0x00, 0x00, 0x00, 0x00, 0x00, 0x00, 0x00, 0x00, 0x00, 0x00, 0x00,
    0x00, 0x00, 0x00, 0x27, 0x32, 0x63, 0x27, 0x32, 0xC3, 0x00, 0x00, 0x00, 0x00, 0x00, 0x00, 0x00, 0x00, 0x00, 0x00, 0x00, 0x00, 0x00, 0x00, 0x00,
    0x00, 0x00, 0x00, 0x00, 0x00, 0x00, 0x00, 0x00, 0x00, 0x00, 0x00, 0x00, 0x00, 0x00, 0x00, 0x00, 0x00, 0x00, 0x00, 0x00, 0x00, 0x00, 0x00, 0x00,
    0x00, 0x00, 0x00, 0x00, 0x00, 0x00, 0x00, 0x00, 0x00, 0x00, 0x00, 0x00, 0x27, 0x32, 0xC7, 0x27, 0x32, 0x57, 0x27, 0x32, 0x04, 0x27, 0x32, 0x07,
    0x27, 0x32, 0x07, 0x27, 0x32, 0x07, 0x27, 0x32, 0x07, 0x27, 0x32, 0x07, 0x27, 0x32, 0x07, 0x27, 0x32, 0x07, 0x27, 0x32, 0x04, 0x27, 0x32, 0x6F,
    0x27, 0x32, 0xBB, 0x00, 0x00, 0x00, 0x00, 0x00, 0x00, 0x27, 0x32, 0x17, 0x27, 0x32, 0xFF, 0x27, 0x32, 0x13, 0x00, 0x00, 0x00, 0x00, 0x00, 0x00,
    0x00, 0x00, 0x00, 0x00, 0x00, 0x00, 0x27, 0x32, 0xA5, 0x27, 0x32, 0x7E, 0x00, 0x00, 0x00, 0x00, 0x00, 0x00, 0x00, 0x00, 0x00, 0x00, 0x00, 0x00,
    0x00, 0x00, 0x00, 0x00, 0x00, 0x00, 0x00, 0x00, 0x00, 0x27, 0x32, 0xBF, 0x27, 0x32, 0x70, 0x27, 0x32, 0x13, 0x27, 0x32, 0x13, 0x27, 0x32, 0x13,
    0x27, 0x32, 0x13, 0x27, 0x32, 0x13, 0x27, 0x32, 0x13, 0x27, 0x32, 0x13, 0x27, 0x32, 0x13, 0x27, 0x32, 0x13, 0x27, 0x32, 0x13, 0x27, 0x32, 0x05,
    0x00, 0x00, 0x00, 0x27, 0x32, 0x18, 0x27, 0x32, 0xF2, 0x27, 0x32, 0xD1, 0x27, 0x32, 0x87, 0x27, 0x32, 0x03, 0x27, 0x32, 0x03, 0x27, 0x32, 0x03,
    0x27, 0x32, 0xBF, 0x27, 0x32, 0x9F, 0x27, 0x32, 0xBC, 0x27, 0x32, 0xC2, 0x27, 0x32, 0x0F, 0x00, 0x00, 0x00, 0x00, 0x00, 0x00, 0x00, 0x00, 0x00,
    0x00, 0x00, 0x00, 0x27, 0x32, 0x8F, 0x27, 0x32, 0x93, 0x00, 0x00, 0x00, 0x00, 0x00, 0x00, 0x00, 0x00, 0x00, 0x00, 0x00, 0x00, 0x00, 0x00, 0x00,
    0x00, 0x00, 0x00, 0x00, 0x00, 0x00, 0x27, 0x32, 0x63, 0x27, 0x32, 0xC7, 0x00, 0x00, 0x00, 0x00, 0x00, 0x00, 0x00, 0x00, 0x00, 0x00, 0x00, 0x00,
    0x00, 0x00, 0x00, 0x00, 0x00, 0x00, 0x00, 0x00, 0x00, 0x00, 0x00, 0x00, 0x00, 0x00, 0x00, 0x27, 0x32, 0x09, 0x27, 0x32, 0x17, 0x27, 0x32, 0x64,
    0x27, 0x32, 0xCC, 0x27, 0x32, 0x17, 0x27, 0x32, 0x17, 0x27, 0x32, 0xF8, 0x27, 0x32, 0x23, 0x00, 0x00, 0x00, 0x00, 0x00, 0x00, 0x00, 0x00, 0x00,
    0x00, 0x00, 0x00, 0x27, 0x32, 0x04, 0x27, 0x32, 0xBC, 0x27, 0x32, 0xF5, 0x27, 0x32, 0xAB, 0x00, 0x00, 0x00, 0x27, 0x32, 0x4F, 0x27, 0x32, 0xFF,
    0x27, 0x32, 0xFF, 0x27, 0x32, 0xFF, 0x27, 0x32, 0xFF, 0x27, 0x32, 0xFF, 0x27, 0x32, 0xFF, 0x27, 0x32, 0xFF, 0x27, 0x32, 0x7B, 0x00, 0x00, 0x00,
    0x00, 0x00, 0x00, 0x00, 0x00, 0x00, 0x27, 0x32, 0x6F, 0x27, 0x32, 0x9B, 0x00, 0x00, 0x00, 0x27, 0x32, 0x93, 0x27, 0x32, 0xFF, 0x27, 0x32, 0xFF,
    0x27, 0x32, 0xFF, 0x27, 0x32, 0xFF, 0x27, 0x32, 0xFF, 0x27, 0x32, 0xFF, 0x27, 0x32, 0xFF, 0x27, 0x32, 0xFF, 0x27, 0x32, 0x63, 0x27, 0x32, 0x2B,
    0x27, 0x32, 0xFF, 0x27, 0x32, 0xFF, 0x27, 0x32, 0xFF, 0x27, 0x32, 0xFF, 0x27, 0x32, 0xB7, 0x00, 0x00, 0x00, 0x00, 0x00, 0x00, 0x00, 0x00, 0x00,
    0x00, 0x00, 0x00, 0x00, 0x00, 0x00, 0x00, 0x00, 0x00, 0x27, 0x32, 0xCB, 0x27, 0x32, 0x3B, 0x00, 0x00, 0x00, 0x00, 0x00, 0x00, 0x27, 0x32, 0x47,
    0x27, 0x32, 0x1E, 0x27, 0x32, 0xD7, 0x27, 0x32, 0xFF, 0x27, 0x32, 0xFF, 0x27, 0x32, 0xFF, 0x27, 0x32, 0xFF, 0x27, 0x32, 0xFF, 0x27, 0x32, 0xFF,
    0x27, 0x32, 0xFF, 0x27, 0x32, 0xEB, 0x27, 0x32, 0x23, 0x27, 0x32, 0x46, 0x00, 0x00, 0x00, 0x00, 0x00, 0x00, 0x00, 0x00, 0x00, 0x00, 0x00, 0x00,
    0x00, 0x00, 0x00, 0x00, 0x00, 0x00, 0x00, 0x00, 0x00, 0x00, 0x00, 0x00, 0x00, 0x00, 0x00, 0x00, 0x00, 0x00, 0x00, 0x00, 0x00, 0x00, 0x00, 0x00,
    0x00, 0x00, 0x00, 0x00, 0x00, 0x00, 0x00, 0x00, 0x00, 0x00, 0x00, 0x00, 0x00, 0x00, 0x00, 0x27, 0x32, 0x83, 0x27, 0x32, 0x39, 0x27, 0x32, 0x9B,
    0x27, 0x32, 0xFF, 0x27, 0x32, 0xFF, 0x27, 0x32, 0xFF, 0x27, 0x32, 0xFF, 0x27, 0x32, 0xFF, 0x27, 0x32, 0xFF, 0x27, 0x32, 0xFF, 0x27, 0x32, 0x8F,
    0x27, 0x32, 0x49, 0x27, 0x32, 0x7B, 0x00, 0x00, 0x00, 0x00, 0x00, 0x00, 0x27, 0x32, 0x17, 0x27, 0x32, 0xFF, 0x27, 0x32, 0x13, 0x00, 0x00, 0x00,
    0x00, 0x00, 0x00, 0x00, 0x00, 0x00, 0x00, 0x00, 0x00, 0x27, 0x32, 0x86, 0x27, 0x32, 0x9C, 0x00, 0x00, 0x00, 0x27, 0x32, 0x07, 0x27, 0x32, 0xAE,
    0x27, 0x32, 0x23, 0x00, 0x00, 0x00, 0x00, 0x00, 0x00, 0x00, 0x00, 0x00, 0x27, 0x32, 0xBF, 0x27, 0x32, 0xFF, 0x27, 0x32, 0xFF, 0x27, 0x32, 0xFF,
    0x27, 0x32, 0xFF, 0x27, 0x32, 0xFF, 0x27, 0x32, 0xFF, 0x27, 0x32, 0xFF, 0x27, 0x32, 0xFF, 0x27, 0x32, 0xFF, 0x27, 0x32, 0xFF, 0x27, 0x32, 0xFF,
    0x27, 0x32, 0x4B, 0x00, 0x00, 0x00, 0x00, 0x00, 0x00, 0x27, 0x32, 0x5A, 0x27, 0x32, 0xA2, 0x27, 0x32, 0x87, 0x00, 0x00, 0x00, 0x00, 0x00, 0x00,
    0x27, 0x32, 0x05, 0x27, 0x32, 0x75, 0x27, 0x32, 0xFF, 0x27, 0x32, 0xA5, 0x27, 0x32, 0x09, 0x00, 0x00, 0x00, 0x00, 0x00, 0x00, 0x00, 0x00, 0x00,
    0x00, 0x00, 0x00, 0x00, 0x00, 0x00, 0x27, 0x32, 0x8F, 0x27, 0x32, 0x9A, 0x27, 0x32, 0x0F, 0x27, 0x32, 0x0F, 0x27, 0x32, 0x0F, 0x27, 0x32, 0x0F,
    0x27, 0x32, 0x0F, 0x27, 0x32, 0x0F, 0x27, 0x32, 0x0F, 0x27, 0x32, 0x6D, 0x27, 0x32, 0xC7, 0x00, 0x00, 0x00, 0x00, 0x00, 0x00, 0x27, 0x32, 0x33,
    0x27, 0x32, 0xFF, 0x27, 0x32, 0xFF, 0x27, 0x32, 0xFF, 0x27, 0x32, 0xFF, 0x27, 0x32, 0xFF, 0x27, 0x32, 0xFF, 0x27, 0x32, 0x67, 0x00, 0x00, 0x00,
    0x27, 0x32, 0x66, 0x27, 0x32, 0xB4, 0x00, 0x00, 0x00, 0x00, 0x00, 0x00, 0x27, 0x32, 0xFE, 0x27, 0x32, 0x1B, 0x00, 0x00, 0x00, 0x00, 0x00, 0x00,
    0x00, 0x00, 0x00, 0x00, 0x00, 0x00, 0x27, 0x32, 0x79, 0x27, 0x32, 0xDE, 0x27, 0x32, 0x7A, 0x27, 0x32, 0xAB, 0x00, 0x00, 0x00, 0x00, 0x00, 0x00,
    0x00, 0x00, 0x00, 0x00, 0x00, 0x00, 0x27, 0x32, 0x07, 0x27, 0x32, 0xFF, 0x27, 0x32, 0x17, 0x00, 0x00, 0x00, 0x00, 0x00, 0x00, 0x00, 0x00, 0x00,
    0x00, 0x00, 0x00, 0x00, 0x00, 0x00, 0x00, 0x00, 0x00, 0x27, 0x32, 0x6F, 0x27, 0x32, 0x9B, 0x27, 0x32, 0x09, 0x27, 0x32, 0x0B, 0x27, 0x32, 0x0B,
    0x27, 0x32, 0x0B, 0x27, 0x32, 0x0B, 0x27, 0x32, 0x0B, 0x27, 0x32, 0x0B, 0x27, 0x32, 0xA8, 0x27, 0x32, 0x76, 0x27, 0x32, 0x0B, 0x27, 0x32, 0x04,
    0x00, 0x00, 0x00, 0x00, 0x00, 0x00, 0x27, 0x32, 0x66, 0x27, 0x32, 0xFF, 0x27, 0x32, 0x21, 0x00, 0x00, 0x00, 0x27, 0x32, 0x63, 0x27, 0x32, 0xE3,
    0x27, 0x32, 0xE3, 0x27, 0x32, 0xE3, 0x27, 0x32, 0xE3, 0x27, 0x32, 0xE3, 0x27, 0x32, 0xFA, 0x27, 0x32, 0x3B, 0x00, 0x00, 0x00, 0x00, 0x00, 0x00,
    0x00, 0x00, 0x00, 0x00, 0x00, 0x00, 0x27, 0x32, 0x17, 0x27, 0x32, 0x1B, 0x27, 0x32, 0x1B, 0x27, 0x32, 0x34, 0x27, 0x32, 0xFF, 0x27, 0x32, 0x2A,
    0x27, 0x32, 0x1B, 0x27, 0x32, 0x1B, 0x27, 0x32, 0x19, 0x00, 0x00, 0x00, 0x00, 0x00, 0x00, 0x00, 0x00, 0x00, 0x00, 0x00, 0x00, 0x00, 0x00, 0x00,
    0x00, 0x00, 0x00, 0x00, 0x00, 0x00, 0x00, 0x00, 0x00, 0x00, 0x00, 0x00, 0x00, 0x00, 0x00, 0x00, 0x00, 0x00, 0x00, 0x00, 0x00, 0x00, 0x00, 0x00,
    0x00, 0x00, 0x00, 0x00, 0x00, 0x00, 0x00, 0x00, 0x00, 0x00, 0x00, 0x00, 0x00, 0x00, 0x00, 0x00, 0x00, 0x00, 0x00, 0x00, 0x00, 0x00, 0x00, 0x00,
    0x00, 0x00, 0x00, 0x00, 0x00, 0x00, 0x00, 0x00, 0x00, 0x00, 0x00, 0x00, 0x00, 0x00, 0x00, 0x00, 0x00, 0x00, 0x00, 0x00, 0x00, 0x00, 0x00, 0x00,
    0x00, 0x00, 0x00, 0x00, 0x00, 0x00, 0x00, 0x00, 0x00, 0x00, 0x00, 0x00, 0x00, 0x00, 0x00, 0x27, 0x32, 0x17, 0x27, 0x32, 0xFF, 0x27, 0x32, 0xFF,
    0x27, 0x32, 0xFF, 0x27, 0x32, 0xFF, 0x27, 0x32, 0xEB, 0x00, 0x00, 0x00, 0x27, 0x32, 0x68, 0x27, 0x32, 0xBB, 0x00, 0x00, 0x00, 0x27, 0x32, 0x66,
    0x27, 0x32, 0xE7, 0x27, 0x32, 0x05, 0x00, 0x00, 0x00, 0x00, 0x00, 0x00, 0x00, 0x00, 0x00, 0x27, 0x32, 0xC4, 0x27, 0x32, 0x5E, 0x00, 0x00, 0x00,
    0x00, 0x00, 0x00, 0x00, 0x00, 0x00, 0x00, 0x00, 0x00, 0x00, 0x00, 0x00, 0x00, 0x00, 0x00, 0x00, 0x00, 0x00, 0x00, 0x00, 0x00, 0x00, 0x00, 0x00,
    0x00, 0x00, 0x00, 0x00, 0x00, 0x00, 0x00, 0x00, 0x00, 0x00, 0x00, 0x00, 0x00, 0x00, 0x00, 0x27, 0x32, 0x8F, 0x27, 0x32, 0x87, 0x27, 0x32, 0x34,
    0x27, 0x32, 0x95, 0x27, 0x32, 0xE4, 0x27, 0x32, 0xC0, 0x27, 0x32, 0x38, 0x00, 0x00, 0x00, 0x27, 0x32, 0x9F, 0x27, 0x32, 0x61, 0x00, 0x00, 0x00,
    0x00, 0x00, 0x00, 0x00, 0x00, 0x00, 0x00, 0x00, 0x00, 0x27, 0x32, 0x8F, 0x27, 0x32, 0xFF, 0x27, 0x32, 0xFF, 0x27, 0x32, 0xFF, 0x27, 0x32, 0xFF,
    0x27, 0x32, 0xFF, 0x27, 0x32, 0xFF, 0x27, 0x32, 0xFF, 0x27, 0x32, 0xFF, 0x27, 0x32, 0xFF, 0x27, 0x32, 0xC7, 0x00, 0x00, 0x00, 0x00, 0x00, 0x00,
    0x27, 0x32, 0x02, 0x27, 0x32, 0x0B, 0x27, 0x32, 0x42, 0x27, 0x32, 0xED, 0x27, 0x32, 0x0D, 0x27, 0x32, 0x0B, 0x27, 0x32, 0x0B, 0x27, 0x32, 0x04,
    0x00, 0x00, 0x00, 0x27, 0x32, 0x79, 0x27, 0x32, 0xA0, 0x00, 0x00, 0x00, 0x27, 0x32, 0x07, 0x27, 0x32, 0xFF, 0x27, 0x32, 0x13, 0x00, 0x00, 0x00,
    0x00, 0x00, 0x00, 0x00, 0x00, 0x00, 0x00, 0x00, 0x00, 0x27, 0x32, 0x2A, 0x27, 0x32, 0x30, 0x27, 0x32, 0x67, 0x27, 0x32, 0xAB, 0x00, 0x00, 0x00,
    0x00, 0x00, 0x00, 0x00, 0x00, 0x00, 0x00, 0x00, 0x00, 0x27, 0x32, 0x07, 0x27, 0x32, 0xFF, 0x27, 0x32, 0x17, 0x00, 0x00, 0x00, 0x00, 0x00, 0x00,
    0x00, 0x00, 0x00, 0x00, 0x00, 0x00, 0x00, 0x00, 0x00, 0x27, 0x32, 0x06, 0x27, 0x32, 0x8E, 0x27, 0x32, 0xE4, 0x27, 0x32, 0xF1, 0x27, 0x32, 0x2C,
    0x00, 0x00, 0x00, 0x00, 0x00, 0x00, 0x00, 0x00, 0x00, 0x00, 0x00, 0x00, 0x00, 0x00, 0x00, 0x27, 0x32, 0xA3, 0x27, 0x32, 0x6F, 0x00, 0x00, 0x00,
    0x00, 0x00, 0x00, 0x00, 0x00, 0x00, 0x00, 0x00, 0x00, 0x27, 0x32, 0xC2, 0x27, 0x32, 0xFF, 0x27, 0x32, 0xC1, 0x27, 0x32, 0x01, 0x00, 0x00, 0x00,
    0x00, 0x00, 0x00, 0x00, 0x00, 0x00, 0x00, 0x00, 0x00, 0x00, 0x00, 0x00, 0x00, 0x00, 0x00, 0x27, 0x32, 0xCB, 0x27, 0x32, 0x3B, 0x00, 0x00, 0x00,
    0x00, 0x00, 0x00, 0x00, 0x00, 0x00, 0x00, 0x00, 0x00, 0x27, 0x32, 0x4F, 0x27, 0x32, 0x2B, 0x00, 0x00, 0x00, 0x27, 0x32, 0x1B, 0x27, 0x32, 0xFF,
    0x27, 0x32, 0x0F, 0x00, 0x00, 0x00, 0x00, 0x00, 0x00, 0x00, 0x00, 0x00, 0x00, 0x00, 0x00, 0x00, 0x00, 0x00, 0x00, 0x00, 0x00, 0x00, 0x00, 0x00,
    0x00, 0x00, 0x00, 0x00, 0x00, 0x00, 0x00, 0x00, 0x00, 0x00, 0x00, 0x00, 0x00, 0x00, 0x00, 0x00, 0x00, 0x00, 0x00, 0x00, 0x00, 0x00, 0x00, 0x00,
    0x00, 0x00, 0x00, 0x00, 0x00, 0x00, 0x00, 0x00, 0x00, 0x00, 0x00, 0x00, 0x00, 0x00, 0x00, 0x00, 0x00, 0x00, 0x27, 0x32, 0x02, 0x27, 0x32, 0x0B,
    0x27, 0x32, 0x0B, 0x27, 0x32, 0x0B, 0x27, 0x32, 0x0B, 0x27, 0x32, 0x0B, 0x27, 0x32, 0x0B, 0x27, 0x32, 0x0B, 0x27, 0x32, 0x0B, 0x27, 0x32, 0x0B,
    0x27, 0x32, 0x0B, 0x27, 0x32, 0x0B, 0x27, 0x32, 0x0B, 0x27, 0x32, 0x0B, 0x27, 0x32, 0x01, 0x00, 0x00, 0x00, 0x27, 0x32, 0x1E, 0x27, 0x32, 0xFF,
    0x27, 0x32, 0x1F, 0x27, 0x32, 0x0F, 0x27, 0x32, 0x3C, 0x27, 0x32, 0xE3, 0x00, 0x00, 0x00, 0x27, 0x32, 0x45, 0x27, 0x32, 0xE8, 0x27, 0x32, 0x03,
    0x27, 0x32, 0xDC, 0x27, 0x32, 0x82, 0x00, 0x00, 0x00, 0x00, 0x00, 0x00, 0x00, 0x00, 0x00, 0x00, 0x00, 0x00, 0x27, 0x32, 0xCB, 0x27, 0x32, 0x56,
    0x00, 0x00, 0x00, 0x00, 0x00, 0x00, 0x00, 0x00, 0x00, 0x00, 0x00, 0x00, 0x00, 0x00, 0x00, 0x00, 0x00, 0x00, 0x00, 0x00, 0x00, 0x00, 0x00, 0x00,
    0x00, 0x00, 0x00, 0x00, 0x00, 0x00, 0x00, 0x00, 0x00, 0x00, 0x00, 0x00, 0x00, 0x00, 0x00, 0x00, 0x00, 0x00, 0x27, 0x32, 0x98, 0x27, 0x32, 0x87,
    0x27, 0x32, 0x27, 0x27, 0x32, 0x6E, 0x27, 0x32, 0x1D, 0x00, 0x00, 0x00, 0x00, 0x00, 0x00, 0x00, 0x00, 0x00, 0x27, 0x32, 0xAF, 0x27, 0x32, 0x6B,
    0x00, 0x00, 0x00, 0x00, 0x00, 0x00, 0x00, 0x00, 0x00, 0x00, 0x00, 0x00, 0x27, 0x32, 0x8F, 0x27, 0x32, 0x93, 0x00, 0x00, 0x00, 0x00, 0x00, 0x00,
    0x00, 0x00, 0x00, 0x00, 0x00, 0x00, 0x00, 0x00, 0x00, 0x00, 0x00, 0x00, 0x00, 0x00, 0x00, 0x27, 0x32, 0x63, 0x27, 0x32, 0xC7, 0x00, 0x00, 0x00,
    0x00, 0x00, 0x00, 0x00, 0x00, 0x00, 0x00, 0x00, 0x00, 0x27, 0x32, 0x73, 0x27, 0x32, 0xB0, 0x00, 0x00, 0x00, 0x27, 0x32, 0x31, 0x27, 0x32, 0x15,
    0x00, 0x00, 0x00, 0x00, 0x00, 0x00, 0x27, 0x32, 0x92, 0x27, 0x32, 0x8B, 0x00, 0x00, 0x00, 0x27, 0x32, 0x0F, 0x27, 0x32, 0xFF, 0x27, 0x32, 0x09,
    0x00, 0x00, 0x00, 0x00, 0x00, 0x00, 0x00, 0x00, 0x00, 0x00, 0x00, 0x00, 0x00, 0x00, 0x00, 0x00, 0x00, 0x00, 0x27, 0x32, 0x67, 0x27, 0x32, 0xAB,
    0x27, 0x32, 0x6B, 0x27, 0x32, 0xFF, 0x27, 0x32, 0xFF, 0x27, 0x32, 0xFF, 0x27, 0x32, 0xFF, 0x27, 0x32, 0xFF, 0x27, 0x32, 0xFF, 0x27, 0x32, 0xFF,
    0x27, 0x32, 0xFF, 0x27, 0x32, 0xFF, 0x27, 0x32, 0x4B, 0x27, 0x32, 0x60, 0x27, 0x32, 0xF1, 0x27, 0x32, 0xFB, 0x27, 0x32, 0xCC, 0x27, 0x32, 0x3F,
    0x27, 0x32, 0x6A, 0x27, 0x32, 0xFF, 0x27, 0x32, 0xFF, 0x27, 0x32, 0xFF, 0x27, 0x32, 0xFF, 0x27, 0x32, 0xFF, 0x27, 0x32, 0xFF, 0x27, 0x32, 0xFF,
    0x27, 0x32, 0xFF, 0x27, 0x32, 0x4B, 0x00, 0x00, 0x00, 0x27, 0x32, 0x20, 0x27, 0x32, 0xE5, 0x27, 0x32, 0xFF, 0x27, 0x32, 0xB1, 0x27, 0x32, 0x6B,
    0x27, 0x32, 0xCA, 0x27, 0x32, 0xEF, 0x27, 0x32, 0xEF, 0x27, 0x32, 0xEF, 0x27, 0x32, 0xEF, 0x27, 0x32, 0xEF, 0x27, 0x32, 0xFC, 0x27, 0x32, 0x3B,
    0x00, 0x00, 0x00, 0x00, 0x00, 0x00, 0x00, 0x00, 0x00, 0x00, 0x00, 0x00, 0x27, 0x32, 0xDB, 0x27, 0x32, 0x57, 0x00, 0x00, 0x00, 0x27, 0x32, 0x1B,
    0x27, 0x32, 0xFF, 0x27, 0x32, 0x1B, 0x27, 0x32, 0x0B, 0x27, 0x32, 0x0B, 0x27, 0x32, 0x0B, 0x27, 0x32, 0x06, 0x00, 0x00, 0x00, 0x00, 0x00, 0x00,
    0x00, 0x00, 0x00, 0x00, 0x00, 0x00, 0x00, 0x00, 0x00, 0x00, 0x00, 0x00, 0x00, 0x00, 0x00, 0x00, 0x00, 0x00, 0x00, 0x00, 0x00, 0x00, 0x00, 0x00,
    0x00, 0x00, 0x00, 0x00, 0x00, 0x00, 0x00, 0x00, 0x00, 0x00, 0x00, 0x00, 0x00, 0x00, 0x00, 0x00, 0x00, 0x00, 0x00, 0x00, 0x00, 0x27, 0x32, 0x2B,
    0x27, 0x32, 0xFF, 0x27, 0x32, 0xFF, 0x27, 0x32, 0xFF, 0x27, 0x32, 0xFF, 0x27, 0x32, 0xFF, 0x27, 0x32, 0xFF, 0x27, 0x32, 0xFF, 0x27, 0x32, 0xFF,
    0x27, 0x32, 0xFF, 0x27, 0x32, 0xFF, 0x27, 0x32, 0xFF, 0x27, 0x32, 0xFF, 0x27, 0x32, 0xFF, 0x27, 0x32, 0x23, 0x00, 0x00, 0x00, 0x27, 0x32, 0x2E,
    0x27, 0x32, 0xFF, 0x27, 0x32, 0x08, 0x00, 0x00, 0x00, 0x27, 0x32, 0x38, 0x27, 0x32, 0xDC, 0x00, 0x00, 0x00, 0x27, 0x32, 0x0F, 0x27, 0x32, 0xFD,
    0x27, 0x32, 0x75, 0x27, 0x32, 0xF1, 0x27, 0x32, 0x18, 0x00, 0x00, 0x00, 0x00, 0x00, 0x00, 0x00, 0x00, 0x00, 0x00, 0x00, 0x00, 0x27, 0x32, 0xDF,
    0x27, 0x32, 0x44, 0x27, 0x32, 0x53, 0x27, 0x32, 0xFF, 0x27, 0x32, 0xFF, 0x27, 0x32, 0xFF, 0x27, 0x32, 0xFF, 0x27, 0x32, 0xFF, 0x27, 0x32, 0xFF,
    0x27, 0x32, 0xFF, 0x27, 0x32, 0xFF, 0x27, 0x32, 0x33, 0x00, 0x00, 0x00, 0x00, 0x00, 0x00, 0x00, 0x00, 0x00, 0x27, 0x32, 0x62, 0x27, 0x32, 0xFC,
    0x27, 0x32, 0x87, 0x27, 0x32, 0xC3, 0x27, 0x32, 0xFF, 0x27, 0x32, 0xFF, 0x27, 0x32, 0xFF, 0x27, 0x32, 0xFF, 0x27, 0x32, 0xFF, 0x27, 0x32, 0xFF,
    0x27, 0x32, 0xFF, 0x27, 0x32, 0xFF, 0x27, 0x32, 0x3B, 0x00, 0x00, 0x00, 0x00, 0x00, 0x00, 0x27, 0x32, 0x8F, 0x27, 0x32, 0x93, 0x00, 0x00, 0x00,
    0x00, 0x00, 0x00, 0x00, 0x00, 0x00, 0x00, 0x00, 0x00, 0x00, 0x00, 0x00, 0x00, 0x00, 0x00, 0x00, 0x00, 0x00, 0x27, 0x32, 0x63, 0x27, 0x32, 0xC7,
    0x00, 0x00, 0x00, 0x00, 0x00, 0x00, 0x00, 0x00, 0x00, 0x00, 0x00, 0x00, 0x27, 0x32, 0xAE, 0x27, 0x32, 0x71, 0x00, 0x00, 0x00, 0x27, 0x32, 0x95,
    0x27, 0x32, 0x72, 0x00, 0x00, 0x00, 0x00, 0x00, 0x00, 0x27, 0x32, 0xBC, 0x27, 0x32, 0x62, 0x00, 0x00, 0x00, 0x27, 0x32, 0x18, 0x27, 0x32, 0xFE,
    0x27, 0x32, 0x01, 0x00, 0x00, 0x00, 0x00, 0x00, 0x00, 0x00, 0x00, 0x00, 0x00, 0x00, 0x00, 0x00, 0x00, 0x00, 0x00, 0x00, 0x00, 0x27, 0x32, 0x67,
    0x27, 0x32, 0xAB, 0x27, 0x32, 0x05, 0x27, 0x32, 0x0B, 0x27, 0x32, 0x0B, 0x27, 0x32, 0x2C, 0x27, 0x32, 0xEE, 0x27, 0x32, 0xFF, 0x27, 0x32, 0xF2,
    0x27, 0x32, 0x31, 0x27, 0x32, 0x0B, 0x27, 0x32, 0x0B, 0x27, 0x32, 0x03, 0x27, 0x32, 0x32, 0x27, 0x32, 0x48, 0x27, 0x32, 0x73, 0x27, 0x32, 0x9B,
    0x00, 0x00, 0x00, 0x27, 0x32, 0x04, 0x27, 0x32, 0x0C, 0x27, 0x32, 0x41, 0x27, 0x32, 0x0B, 0x27, 0x32, 0x0B, 0x27, 0x32, 0x0B, 0x27, 0x32, 0xA8,
    0x27, 0x32, 0x76, 0x27, 0x32, 0x0B, 0x27, 0x32, 0x03, 0x00, 0x00, 0x00, 0x27, 0x32, 0x92, 0x27, 0x32, 0x83, 0x27, 0x32, 0xFF, 0x27, 0x32, 0x32,
    0x27, 0x32, 0x61, 0x00, 0x00, 0x00, 0x00, 0x00, 0x00, 0x00, 0x00, 0x00, 0x27, 0x32, 0x22, 0x00, 0x00, 0x00, 0x00, 0x00, 0x00, 0x00, 0x00, 0x00,
    0x00, 0x00, 0x00, 0x00, 0x00, 0x00, 0x00, 0x00, 0x00, 0x00, 0x00, 0x00, 0x27, 0x32, 0x14, 0x27, 0x32, 0xFF, 0x27, 0x32, 0x2F, 0x00, 0x00, 0x00,
    0x27, 0x32, 0x1B, 0x27, 0x32, 0xFF, 0x27, 0x32, 0xFF, 0x27, 0x32, 0xFF, 0x27, 0x32, 0xFF, 0x27, 0x32, 0xFF, 0x27, 0x32, 0x87, 0x00, 0x00, 0x00,
    0x00, 0x00, 0x00, 0x00, 0x00, 0x00, 0x00, 0x00, 0x00, 0x00, 0x00, 0x00, 0x27, 0x32, 0x0C, 0x00, 0x00, 0x00, 0x00, 0x00, 0x00, 0x00, 0x00, 0x00,
    0x00, 0x00, 0x00, 0x00, 0x00, 0x00, 0x00, 0x00, 0x00, 0x00, 0x00, 0x00, 0x00, 0x00, 0x00, 0x00, 0x00, 0x00, 0x00, 0x00, 0x00, 0x00, 0x00, 0x00,
    0x00, 0x00, 0x00, 0x00, 0x00, 0x00, 0x00, 0x00, 0x00, 0x00, 0x00, 0x00, 0x27, 0x32, 0x34, 0x27, 0x32, 0xF2, 0x00, 0x00, 0x00, 0x00, 0x00, 0x00,
    0x27, 0x32, 0x57, 0x27, 0x32, 0xC7, 0x00, 0x00, 0x00, 0x00, 0x00, 0x00, 0x00, 0x00, 0x00, 0x00, 0x00, 0x00, 0x00, 0x00, 0x00, 0x00, 0x00, 0x00,
    0x27, 0x32, 0x3F, 0x27, 0x32, 0xF5, 0x00, 0x00, 0x00, 0x00, 0x00, 0x00, 0x27, 0x32, 0x45, 0x27, 0x32, 0xCF, 0x00, 0x00, 0x00, 0x00, 0x00, 0x00,
    0x27, 0x32, 0xD0, 0x27, 0x32, 0xF8, 0x27, 0x32, 0x6A, 0x00, 0x00, 0x00, 0x00, 0x00, 0x00, 0x00, 0x00, 0x00, 0x00, 0x00, 0x00, 0x27, 0x32, 0x01,
    0x27, 0x32, 0xFA, 0x27, 0x32, 0x25, 0x27, 0x32, 0x53, 0x27, 0x32, 0xCF, 0x27, 0x32, 0x0F, 0x27, 0x32, 0x0F, 0x27, 0x32, 0x0F, 0x27, 0x32, 0x0F,
    0x27, 0x32, 0x0F, 0x27, 0x32, 0x0F, 0x27, 0x32, 0xFC, 0x27, 0x32, 0x33, 0x00, 0x00, 0x00, 0x00, 0x00, 0x00, 0x27, 0x32, 0x73, 0x27, 0x32, 0xE7,
    0x27, 0x32, 0xB4, 0x27, 0x32, 0x87, 0x27, 0x32, 0x0C, 0x27, 0x32, 0x24, 0x27, 0x32, 0x3A, 0x27, 0x32, 0x0F, 0x27, 0x32, 0x0F, 0x27, 0x32, 0x0F,
    0x27, 0x32, 0xB4, 0x27, 0x32, 0x75, 0x27, 0x32, 0x0F, 0x27, 0x32, 0x03, 0x00, 0x00, 0x00, 0x00, 0x00, 0x00, 0x27, 0x32, 0x8F, 0x27, 0x32, 0xFF,
    0x27, 0x32, 0xFF, 0x27, 0x32, 0xFF, 0x27, 0x32, 0xFF, 0x27, 0x32, 0xFF, 0x27, 0x32, 0xFF, 0x27, 0x32, 0xFF, 0x27, 0x32, 0xFF, 0x27, 0x32, 0xFF,
    0x27, 0x32, 0xC7, 0x00, 0x00, 0x00, 0x00, 0x00, 0x00, 0x00, 0x00, 0x00, 0x27, 0x32, 0x03, 0x27, 0x32, 0xEE, 0x27, 0x32, 0x27, 0x00, 0x00, 0x00,
    0x27, 0x32, 0x45, 0x27, 0x32, 0xC8, 0x00, 0x00, 0x00, 0x00, 0x00, 0x00, 0x27, 0x32, 0xE8, 0x27, 0x32, 0x36, 0x00, 0x00, 0x00, 0x27, 0x32, 0x25,
    0x27, 0x32, 0xF3, 0x00, 0x00, 0x00, 0x00, 0x00, 0x00, 0x00, 0x00, 0x00, 0x00, 0x00, 0x00, 0x00, 0x00, 0x00, 0x00, 0x00, 0x00, 0x00, 0x00, 0x00,
    0x27, 0x32, 0x67, 0x27, 0x32, 0xAB, 0x00, 0x00, 0x00, 0x00, 0x00, 0x00, 0x27, 0x32, 0x08, 0x27, 0x32, 0xCD, 0x27, 0x32, 0x7D, 0x27, 0x32, 0xFF,
    0x27, 0x32, 0x7F, 0x27, 0x32, 0xCF, 0x27, 0x32, 0x07, 0x00, 0x00, 0x00, 0x00, 0x00, 0x00, 0x00, 0x00, 0x00, 0x00, 0x00, 0x00, 0x27, 0x32, 0x6F,
    0x27, 0x32, 0x9B, 0x00, 0x00, 0x00, 0x00, 0x00, 0x00, 0x27, 0x32, 0x17, 0x27, 0x32, 0xF1, 0x27, 0x32, 0x31, 0x00, 0x00, 0x00, 0x00, 0x00, 0x00,
    0x27, 0x32, 0xA3, 0x27, 0x32, 0x6F, 0x00, 0x00, 0x00, 0x00, 0x00, 0x00, 0x27, 0x32, 0x29, 0x27, 0x32, 0xED, 0x27, 0x32, 0x21, 0x27, 0x32, 0xFF,
    0x00, 0x00, 0x00, 0x27, 0x32, 0x06, 0x27, 0x32, 0x2B, 0x27, 0x32, 0x40, 0x27, 0x32, 0x2B, 0x27, 0x32, 0xD4, 0x27, 0x32, 0x53, 0x00, 0x00, 0x00,
    0x27, 0x32, 0x4C, 0x27, 0x32, 0x13, 0x00, 0x00, 0x00, 0x00, 0x00, 0x00, 0x00, 0x00, 0x00, 0x27, 0x32, 0x4D, 0x27, 0x32, 0xFF, 0x27, 0x32, 0x68,
    0x00, 0x00, 0x00, 0x27, 0x32, 0x1B, 0x27, 0x32, 0xFF, 0x27, 0x32, 0x0F, 0x00, 0x00, 0x00, 0x00, 0x00, 0x00, 0x00, 0x00, 0x00, 0x00, 0x00, 0x00,
    0x00, 0x00, 0x00, 0x00, 0x00, 0x00, 0x00, 0x00, 0x00, 0x00, 0x00, 0x00, 0x27, 0x32, 0x45, 0x27, 0x32, 0xFC, 0x27, 0x32, 0x8F, 0x00, 0x00, 0x00,
    0x00, 0x00, 0x00, 0x00, 0x00, 0x00, 0x00, 0x00, 0x00, 0x00, 0x00, 0x00, 0x00, 0x00, 0x00, 0x00, 0x00, 0x00, 0x00, 0x00, 0x00, 0x00, 0x00, 0x00,
    0x00, 0x00, 0x00, 0x00, 0x00, 0x00, 0x00, 0x00, 0x00, 0x00, 0x00, 0x00, 0x00, 0x00, 0x00, 0x27, 0x32, 0x53, 0x27, 0x32, 0xD1, 0x00, 0x00, 0x00,
    0x00, 0x00, 0x00, 0x27, 0x32, 0x57, 0x27, 0x32, 0xC7, 0x00, 0x00, 0x00, 0x00, 0x00, 0x00, 0x00, 0x00, 0x00, 0x00, 0x00, 0x00, 0x00, 0x00, 0x00,
    0x00, 0x00, 0x00, 0x27, 0x32, 0x54, 0x27, 0x32, 0xD9, 0x27, 0x32, 0x03, 0x00, 0x00, 0x00, 0x27, 0x32, 0x6C, 0x27, 0x32, 0xB9, 0x00, 0x00, 0x00,
    0x27, 0x32, 0x01, 0x27, 0x32, 0xC0, 0x27, 0x32, 0xD9, 0x27, 0x32, 0x02, 0x00, 0x00, 0x00, 0x27, 0x32, 0x63, 0x27, 0x32, 0x1C, 0x00, 0x00, 0x00,
    0x27, 0x32, 0x2C, 0x27, 0x32, 0xF9, 0x27, 0x32, 0x07, 0x27, 0x32, 0x53, 0x27, 0x32, 0xCB, 0x00, 0x00, 0x00, 0x00, 0x00, 0x00, 0x00, 0x00, 0x00,
    0x00, 0x00, 0x00, 0x00, 0x00, 0x00, 0x00, 0x00, 0x00, 0x27, 0x32, 0xFB, 0x27, 0x32, 0x33, 0x00, 0x00, 0x00, 0x27, 0x32, 0x3B, 0x27, 0x32, 0xEE,
    0x27, 0x32, 0x2E, 0x27, 0x32, 0x8F, 0x27, 0x32, 0x87, 0x00, 0x00, 0x00, 0x27, 0x32, 0x62, 0x27, 0x32, 0xE2, 0x27, 0x32, 0x15, 0x00, 0x00, 0x00,
    0x00, 0x00, 0x00, 0x27, 0x32, 0xAF, 0x27, 0x32, 0x6B, 0x00, 0x00, 0x00, 0x00, 0x00, 0x00, 0x00, 0x00, 0x00, 0x00, 0x00, 0x00, 0x27, 0x32, 0x8F,
    0x27, 0x32, 0x9A, 0x27, 0x32, 0x0F, 0x27, 0x32, 0x0F, 0x27, 0x32, 0x0F, 0x27, 0x32, 0x0F, 0x27, 0x32, 0x0F, 0x27, 0x32, 0x0F, 0x27, 0x32, 0x0F,
    0x27, 0x32, 0x6D, 0x27, 0x32, 0xC7, 0x00, 0x00, 0x00, 0x00, 0x00, 0x00, 0x00, 0x00, 0x00, 0x27, 0x32, 0x3F, 0x27, 0x32, 0xD4, 0x00, 0x00, 0x00,
    0x27, 0x32, 0x07, 0x27, 0x32, 0x43, 0x27, 0x32, 0xFC, 0x27, 0x32, 0x1B, 0x27, 0x32, 0x25, 0x27, 0x32, 0xFB, 0x27, 0x32, 0x0C, 0x00, 0x00, 0x00,
    0x27, 0x32, 0x34, 0x27, 0x32, 0xE6, 0x00, 0x00, 0x00, 0x00, 0x00, 0x00, 0x00, 0x00, 0x00, 0x00, 0x00, 0x00, 0x00, 0x00, 0x00, 0x00, 0x00, 0x00,
    0x00, 0x00, 0x00, 0x27, 0x32, 0x67, 0x27, 0x32, 0xAB, 0x00, 0x00, 0x00, 0x27, 0x32, 0x04, 0x27, 0x32, 0xA7, 0x27, 0x32, 0xB5, 0x27, 0x32, 0x09,
    0x27, 0x32, 0xFF, 0x27, 0x32, 0x18, 0x27, 0x32, 0xB3, 0x27, 0x32, 0xA1, 0x27, 0x32, 0x04, 0x00, 0x00, 0x00, 0x00, 0x00, 0x00, 0x00, 0x00, 0x00,
    0x27, 0x32, 0x6F, 0x27, 0x32, 0x9B, 0x00, 0x00, 0x00, 0x00, 0x00, 0x00, 0x00, 0x00, 0x00, 0x27, 0x32, 0x7E, 0x27, 0x32, 0xBF, 0x00, 0x00, 0x00,
    0x00, 0x00, 0x00, 0x27, 0x32, 0xA3, 0x27, 0x32, 0x6F, 0x00, 0x00, 0x00, 0x00, 0x00, 0x00, 0x27, 0x32, 0x47, 0x27, 0x32, 0x7F, 0x27, 0x32, 0x0B,
    0x27, 0x32, 0xFF, 0x00, 0x00, 0x00, 0x27, 0x32, 0x4F, 0x27, 0x32, 0xB3, 0x27, 0x32, 0xA3, 0x27, 0x32, 0x5F, 0x27, 0x32, 0x2B, 0x27, 0x32, 0xE8,
    0x27, 0x32, 0x0D, 0x27, 0x32, 0x8E, 0x27, 0x32, 0x7D, 0x00, 0x00, 0x00, 0x00, 0x00, 0x00, 0x00, 0x00, 0x00, 0x27, 0x32, 0x8A, 0x27, 0x32, 0xD9,
    0x27, 0x32, 0xE0, 0x27, 0x32, 0x0C, 0x27, 0x32, 0x1B, 0x27, 0x32, 0xFF, 0x27, 0x32, 0x0F, 0x00, 0x00, 0x00, 0x00, 0x00, 0x00, 0x00, 0x00, 0x00,
    0x00, 0x00, 0x00, 0x00, 0x00, 0x00, 0x00, 0x00, 0x00, 0x00, 0x00, 0x00, 0x00, 0x00, 0x00, 0x27, 0x32, 0x37, 0x27, 0x32, 0xED, 0x27, 0x32, 0xE0,
    0x00, 0x00, 0x00, 0x00, 0x00, 0x00, 0x00, 0x00, 0x00, 0x00, 0x00, 0x00, 0x00, 0x00, 0x00, 0x00, 0x00, 0x00, 0x00, 0x00, 0x00, 0x00, 0x00, 0x00,
    0x00, 0x00, 0x00, 0x00, 0x00, 0x00, 0x00, 0x00, 0x00, 0x00, 0x00, 0x00, 0x00, 0x00, 0x00, 0x00, 0x00, 0x00, 0x27, 0x32, 0x94, 0x27, 0x32, 0xA3,
    0x00, 0x00, 0x00, 0x00, 0x00, 0x00, 0x27, 0x32, 0x57, 0x27, 0x32, 0xC7, 0x00, 0x00, 0x00, 0x00, 0x00, 0x00, 0x00, 0x00, 0x00, 0x27, 0x32, 0x1E,
    0x00, 0x00, 0x00, 0x00, 0x00, 0x00, 0x27, 0x32, 0x86, 0x27, 0x32, 0xB0, 0x27, 0x32, 0x6A, 0x27, 0x32, 0xFA, 0x27, 0x32, 0xF6, 0x27, 0x32, 0x63,
    0x00, 0x00, 0x00, 0x27, 0x32, 0x84, 0x27, 0x32, 0xEE, 0x27, 0x32, 0xF9, 0x27, 0x32, 0x16, 0x00, 0x00, 0x00, 0x27, 0x32, 0xAE, 0x27, 0x32, 0x4E,
    0x00, 0x00, 0x00, 0x27, 0x32, 0x6D, 0x27, 0x32, 0xC2, 0x00, 0x00, 0x00, 0x27, 0x32, 0x53, 0x27, 0x32, 0xCB, 0x00, 0x00, 0x00, 0x00, 0x00, 0x00,
    0x00, 0x00, 0x00, 0x00, 0x00, 0x00, 0x00, 0x00, 0x00, 0x00, 0x00, 0x00, 0x27, 0x32, 0xFB, 0x27, 0x32, 0x33, 0x00, 0x00, 0x00, 0x27, 0x32, 0x01,
    0x27, 0x32, 0x2B, 0x00, 0x00, 0x00, 0x27, 0x32, 0x8F, 0x27, 0x32, 0x87, 0x00, 0x00, 0x00, 0x00, 0x00, 0x00, 0x27, 0x32, 0xAC, 0x27, 0x32, 0xA8,
    0x00, 0x00, 0x00, 0x00, 0x00, 0x00, 0x27, 0x32, 0xAF, 0x27, 0x32, 0x6B, 0x00, 0x00, 0x00, 0x00, 0x00, 0x00, 0x00, 0x00, 0x00, 0x00, 0x00, 0x00,
    0x27, 0x32, 0x8F, 0x27, 0x32, 0x93, 0x00, 0x00, 0x00, 0x00, 0x00, 0x00, 0x00, 0x00, 0x00, 0x00, 0x00, 0x00, 0x00, 0x00, 0x00, 0x00, 0x00, 0x00,
    0x00, 0x00, 0x00, 0x27, 0x32, 0x63, 0x27, 0x32, 0xC7, 0x00, 0x00, 0x00, 0x00, 0x00, 0x00, 0x00, 0x00, 0x00, 0x27, 0x32, 0xA8, 0x27, 0x32, 0xD3,
    0x27, 0x32, 0xBD, 0x27, 0x32, 0xF7, 0x27, 0x32, 0xF4, 0x27, 0x32, 0xE8, 0x27, 0x32, 0x61, 0x27, 0x32, 0x7E, 0x27, 0x32, 0xB5, 0x00, 0x00, 0x00,
    0x00, 0x00, 0x00, 0x27, 0x32, 0x47, 0x27, 0x32, 0xD5, 0x00, 0x00, 0x00, 0x00, 0x00, 0x00, 0x00, 0x00, 0x00, 0x00, 0x00, 0x00, 0x00, 0x00, 0x00,
    0x00, 0x00, 0x00, 0x00, 0x00, 0x00, 0x27, 0x32, 0x67, 0x27, 0x32, 0xAB, 0x27, 0x32, 0x19, 0x27, 0x32, 0xBA, 0x27, 0x32, 0xC9, 0x27, 0x32, 0x12,
    0x27, 0x32, 0x07, 0x27, 0x32, 0xFF, 0x27, 0x32, 0x17, 0x27, 0x32, 0x15, 0x27, 0x32, 0xD3, 0x27, 0x32, 0xBE, 0x27, 0x32, 0x13, 0x00, 0x00, 0x00,
    0x00, 0x00, 0x00, 0x27, 0x32, 0x6F, 0x27, 0x32, 0x9B, 0x00, 0x00, 0x00, 0x00, 0x00, 0x00, 0x00, 0x00, 0x00, 0x27, 0x32, 0x0F, 0x27, 0x32, 0xEF,
    0x27, 0x32, 0x1F, 0x00, 0x00, 0x00, 0x27, 0x32, 0xA3, 0x27, 0x32, 0x6F, 0x00, 0x00, 0x00, 0x00, 0x00, 0x00, 0x00, 0x00, 0x00, 0x27, 0x32, 0x05,
    0x27, 0x32, 0x0B, 0x27, 0x32, 0xFF, 0x00, 0x00, 0x00, 0x27, 0x32, 0xAF, 0x27, 0x32, 0x5C, 0x27, 0x32, 0xA3, 0x27, 0x32, 0x5F, 0x00, 0x00, 0x00,
    0x27, 0x32, 0x22, 0x27, 0x32, 0x50, 0x27, 0x32, 0x60, 0x27, 0x32, 0xE6, 0x27, 0x32, 0x03, 0x00, 0x00, 0x00, 0x27, 0x32, 0x0D, 0x27, 0x32, 0xEE,
    0x27, 0x32, 0x41, 0x27, 0x32, 0x9F, 0x27, 0x32, 0xC5, 0x27, 0x32, 0x36, 0x27, 0x32, 0xFF, 0x27, 0x32, 0x0F, 0x00, 0x00, 0x00, 0x00, 0x00, 0x00,
    0x00, 0x00, 0x00, 0x00, 0x00, 0x00, 0x00, 0x00, 0x00, 0x00, 0x00, 0x00, 0x00, 0x00, 0x00, 0x00, 0x00, 0x00, 0x00, 0x00, 0x00, 0x27, 0x32, 0x49,
    0x27, 0x32, 0xCB, 0x00, 0x00, 0x00, 0x00, 0x00, 0x00, 0x00, 0x00, 0x00, 0x00, 0x00, 0x00, 0x00, 0x00, 0x00, 0x00, 0x00, 0x00, 0x00, 0x00, 0x00,
    0x00, 0x00, 0x00, 0x00, 0x00, 0x00, 0x00, 0x00, 0x00, 0x00, 0x00, 0x00, 0x00, 0x00, 0x00, 0x00, 0x00, 0x00, 0x27, 0x32, 0x1E, 0x27, 0x32, 0xF2,
    0x27, 0x32, 0x3E, 0x00, 0x00, 0x00, 0x00, 0x00, 0x00, 0x27, 0x32, 0x57, 0x27, 0x32, 0xC7, 0x00, 0x00, 0x00, 0x00, 0x00, 0x00, 0x00, 0x00, 0x00,
    0x27, 0x32, 0xB9, 0x27, 0x32, 0x47, 0x00, 0x00, 0x00, 0x27, 0x32, 0xC2, 0x27, 0x32, 0x75, 0x00, 0x00, 0x00, 0x27, 0x32, 0x0D, 0x27, 0x32, 0x06,
    0x00, 0x00, 0x00, 0x27, 0x32, 0x6D, 0x27, 0x32, 0xFD, 0x27, 0x32, 0x40, 0x27, 0x32, 0xD5, 0x27, 0x32, 0x7B, 0x00, 0x00, 0x00, 0x27, 0x32, 0xC9,
    0x27, 0x32, 0x37, 0x00, 0x00, 0x00, 0x27, 0x32, 0xC7, 0x27, 0x32, 0x81, 0x00, 0x00, 0x00, 0x27, 0x32, 0x53, 0x27, 0x32, 0xCE, 0x27, 0x32, 0x0B,
    0x27, 0x32, 0x0B, 0x27, 0x32, 0x0B, 0x27, 0x32, 0x0B, 0x27, 0x32, 0x0B, 0x27, 0x32, 0x0B, 0x27, 0x32, 0xFC, 0x27, 0x32, 0x33, 0x00, 0x00, 0x00,
    0x00, 0x00, 0x00, 0x00, 0x00, 0x00, 0x00, 0x00, 0x00, 0x27, 0x32, 0x8F, 0x27, 0x32, 0x87, 0x00, 0x00, 0x00, 0x00, 0x00, 0x00, 0x27, 0x32, 0x1F,
    0x27, 0x32, 0xE4, 0x27, 0x32, 0x12, 0x00, 0x00, 0x00, 0x27, 0x32, 0xAF, 0x27, 0x32, 0x6B, 0x00, 0x00, 0x00, 0x00, 0x00, 0x00, 0x00, 0x00, 0x00,
    0x00, 0x00, 0x00, 0x27, 0x32, 0x8F, 0x27, 0x32, 0x9A, 0x27, 0x32, 0x0F, 0x27, 0x32, 0x0F, 0x27, 0x32, 0x0F, 0x27, 0x32, 0x0F, 0x27, 0x32, 0x0F,
    0x27, 0x32, 0x0F, 0x27, 0x32, 0x0F, 0x27, 0x32, 0x6D, 0x27, 0x32, 0xC7, 0x00, 0x00, 0x00, 0x00, 0x00, 0x00, 0x00, 0x00, 0x00, 0x27, 0x32, 0xE5,
    0x27, 0x32, 0xD3, 0x27, 0x32, 0x87, 0x27, 0x32, 0x3F, 0x27, 0x32, 0x05, 0x27, 0x32, 0x60, 0x27, 0x32, 0x6D, 0x27, 0x32, 0xDB, 0x27, 0x32, 0x5C,
    0x00, 0x00, 0x00, 0x00, 0x00, 0x00, 0x27, 0x32, 0x63, 0x27, 0x32, 0xBC, 0x00, 0x00, 0x00, 0x00, 0x00, 0x00, 0x00, 0x00, 0x00, 0x00, 0x00, 0x00,
    0x00, 0x00, 0x00, 0x00, 0x00, 0x00, 0x00, 0x00, 0x00, 0x27, 0x32, 0x67, 0x27, 0x32, 0xAB, 0x27, 0x32, 0x91, 0x27, 0x32, 0xAA, 0x27, 0x32, 0x09,
    0x00, 0x00, 0x00, 0x27, 0x32, 0x07, 0x27, 0x32, 0xFF, 0x27, 0x32, 0x17, 0x00, 0x00, 0x00, 0x27, 0x32, 0x11, 0x27, 0x32, 0xC6, 0x27, 0x32, 0x6B,
    0x27, 0x32, 0x01, 0x27, 0x32, 0x09, 0x27, 0x32, 0x80, 0x27, 0x32, 0x99, 0x00, 0x00, 0x00, 0x00, 0x00, 0x00, 0x00, 0x00, 0x00, 0x00, 0x00, 0x00,
    0x27, 0x32, 0x18, 0x27, 0x32, 0x10, 0x27, 0x32, 0x11, 0x27, 0x32, 0xB6, 0x27, 0x32, 0x6D, 0x00, 0x00, 0x00, 0x00, 0x00, 0x00, 0x00, 0x00, 0x00,
    0x00, 0x00, 0x00, 0x27, 0x32, 0x0B, 0x27, 0x32, 0xFF, 0x27, 0x32, 0x20, 0x27, 0x32, 0xEA, 0x27, 0x32, 0x09, 0x27, 0x32, 0xA1, 0x27, 0x32, 0x6D,
    0x00, 0x00, 0x00, 0x00, 0x00, 0x00, 0x27, 0x32, 0x98, 0x27, 0x32, 0x65, 0x27, 0x32, 0xC8, 0x27, 0x32, 0x46, 0x00, 0x00, 0x00, 0x27, 0x32, 0x94,
    0x27, 0x32, 0xCD, 0x00, 0x00, 0x00, 0x27, 0x32, 0x0F, 0x27, 0x32, 0xB7, 0x27, 0x32, 0xF2, 0x27, 0x32, 0xFF, 0x27, 0x32, 0x54, 0x27, 0x32, 0x32,
    0x27, 0x32, 0x1E, 0x27, 0x32, 0x1B, 0x27, 0x32, 0x1D, 0x27, 0x32, 0x1F, 0x27, 0x32, 0x0C, 0x00, 0x00, 0x00, 0x00, 0x00, 0x00, 0x27, 0x32, 0x10,
    0x27, 0x32, 0xC3, 0x27, 0x32, 0x68, 0x00, 0x00, 0x00, 0x00, 0x00, 0x00, 0x00, 0x00, 0x00, 0x00, 0x00, 0x00, 0x00, 0x00, 0x00, 0x00, 0x00, 0x00,
    0x00, 0x00, 0x00, 0x00, 0x00, 0x00, 0x00, 0x00, 0x00, 0x00, 0x00, 0x00, 0x00, 0x00, 0x00, 0x27, 0x32, 0x05, 0x27, 0x32, 0x4D, 0x27, 0x32, 0xE7,
    0x27, 0x32, 0x96, 0x00, 0x00, 0x00, 0x00, 0x00, 0x00, 0x00, 0x00, 0x00, 0x27, 0x32, 0x53, 0x27, 0x32, 0xD7, 0x27, 0x32, 0x0D, 0x27, 0x32, 0x07,
    0x27, 0x32, 0x0C, 0x27, 0x32, 0xDE, 0x27, 0x32, 0x30, 0x27, 0x32, 0x1E, 0x27, 0x32, 0xFD, 0x27, 0x32, 0x2B, 0x00, 0x00, 0x00, 0x00, 0x00, 0x00,
    0x00, 0x00, 0x00, 0x27, 0x32, 0x71, 0x27, 0x32, 0xFF, 0x27, 0x32, 0x7E, 0x00, 0x00, 0x00, 0x27, 0x32, 0x64, 0x27, 0x32, 0xF3, 0x27, 0x32, 0x51,
    0x27, 0x32, 0xF3, 0x27, 0x32, 0x0D, 0x27, 0x32, 0x45, 0x27, 0x32, 0xF9, 0x27, 0x32, 0x1C, 0x00, 0x00, 0x00, 0x27, 0x32, 0x53, 0x27, 0x32, 0xFF,
    0x27, 0x32, 0xFF, 0x27, 0x32, 0xFF, 0x27, 0x32, 0xFF, 0x27, 0x32, 0xFF, 0x27, 0x32, 0xFF, 0x27, 0x32, 0xFF, 0x27, 0x32, 0xFF, 0x27, 0x32, 0x33,
    0x00, 0x00, 0x00, 0x00, 0x00, 0x00, 0x00, 0x00, 0x00, 0x00, 0x00, 0x00, 0x27, 0x32, 0x8F, 0x27, 0x32, 0x87, 0x00, 0x00, 0x00, 0x00, 0x00, 0x00,
    0x00, 0x00, 0x00, 0x27, 0x32, 0x07, 0x27, 0x32, 0x0C, 0x27, 0x32, 0x09, 0x27, 0x32, 0xC0, 0x27, 0x32, 0x69, 0x00, 0x00, 0x00, 0x00, 0x00, 0x00,
    0x00, 0x00, 0x00, 0x00, 0x00, 0x00, 0x27, 0x32, 0x8F, 0x27, 0x32, 0xFF, 0x27, 0x32, 0xFF, 0x27, 0x32, 0xFF, 0x27, 0x32, 0xFF, 0x27, 0x32, 0xFF,
    0x27, 0x32, 0xFF, 0x27, 0x32, 0xFF, 0x27, 0x32, 0xFF, 0x27, 0x32, 0xFF, 0x27, 0x32, 0xC7, 0x00, 0x00, 0x00, 0x00, 0x00, 0x00, 0x00, 0x00, 0x00,
    0x27, 0x32, 0x19, 0x00, 0x00, 0x00, 0x00, 0x00, 0x00, 0x00, 0x00, 0x00, 0x00, 0x00, 0x00, 0x00, 0x00, 0x00, 0x27, 0x32, 0x83, 0x27, 0x32, 0xDA,
    0x27, 0x32, 0x11, 0x27, 0x32, 0x0F, 0x27, 0x32, 0x0A, 0x27, 0x32, 0xB1, 0x27, 0x32, 0x91, 0x00, 0x00, 0x00, 0x00, 0x00, 0x00, 0x00, 0x00, 0x00,
    0x00, 0x00, 0x00, 0x00, 0x00, 0x00, 0x00, 0x00, 0x00, 0x00, 0x00, 0x00, 0x27, 0x32, 0x54, 0x27, 0x32, 0x8B, 0x27, 0x32, 0x05, 0x27, 0x32, 0x01,
    0x00, 0x00, 0x00, 0x00, 0x00, 0x00, 0x27, 0x32, 0x06, 0x27, 0x32, 0xDB, 0x27, 0x32, 0x14, 0x00, 0x00, 0x00, 0x00, 0x00, 0x00, 0x27, 0x32, 0x08,
    0x00, 0x00, 0x00, 0x27, 0x32, 0x04, 0x27, 0x32, 0xEC, 0x27, 0x32, 0xED, 0x27, 0x32, 0x53, 0x00, 0x00, 0x00, 0x00, 0x00, 0x00, 0x00, 0x00, 0x00,
    0x00, 0x00, 0x00, 0x00, 0x00, 0x00, 0x27, 0x32, 0x98, 0x27, 0x32, 0xFC, 0x27, 0x32, 0xE0, 0x27, 0x32, 0x30, 0x00, 0x00, 0x00, 0x00, 0x00, 0x00,
    0x00, 0x00, 0x00, 0x00, 0x00, 0x00, 0x27, 0x32, 0x0A, 0x27, 0x32, 0xE7, 0x27, 0x32, 0x02, 0x27, 0x32, 0x30, 0x00, 0x00, 0x00, 0x27, 0x32, 0x59,
    0x27, 0x32, 0xE2, 0x27, 0x32, 0xEB, 0x27, 0x32, 0xEB, 0x27, 0x32, 0xD5, 0x27, 0x32, 0x1C, 0x27, 0x32, 0x1E, 0x27, 0x32, 0x03, 0x27, 0x32, 0x33,
    0x27, 0x32, 0xE5, 0x27, 0x32, 0x20, 0x00, 0x00, 0x00, 0x00, 0x00, 0x00, 0x00, 0x00, 0x00, 0x27, 0x32, 0x59, 0x27, 0x32, 0xA9, 0x27, 0x32, 0xE1,
    0x27, 0x32, 0xF2, 0x27, 0x32, 0xFE, 0x27, 0x32, 0xFF, 0x27, 0x32, 0xFF, 0x27, 0x32, 0xFF, 0x27, 0x32, 0x27, 0x00, 0x00, 0x00, 0x00, 0x00, 0x00,
    0x27, 0x32, 0xCC, 0x27, 0x32, 0x94, 0x27, 0x32, 0x01, 0x00, 0x00, 0x00, 0x00, 0x00, 0x00, 0x00, 0x00, 0x00, 0x00, 0x00, 0x00, 0x00, 0x00, 0x00,
    0x00, 0x00, 0x00, 0x00, 0x00, 0x00, 0x00, 0x00, 0x00, 0x00, 0x00, 0x00, 0x00, 0x00, 0x00, 0x27, 0x32, 0x1A, 0x27, 0x32, 0xEA, 0x27, 0x32, 0xD5,
    0x27, 0x32, 0x64, 0x00, 0x00, 0x00, 0x00, 0x00, 0x00, 0x00, 0x00, 0x00, 0x00, 0x00, 0x00, 0x27, 0x32, 0x1D, 0x27, 0x32, 0xDE, 0x27, 0x32, 0xFE,
    0x27, 0x32, 0xFF, 0x27, 0x32, 0xFE, 0x27, 0x32, 0xC1, 0x27, 0x32, 0x01, 0x27, 0x32, 0x42, 0x27, 0x32, 0xBA, 0x00, 0x00, 0x00, 0x00, 0x00, 0x00,
    0x00, 0x00, 0x00, 0x27, 0x32, 0x01, 0x27, 0x32, 0xAF, 0x27, 0x32, 0x6A, 0x00, 0x00, 0x00, 0x00, 0x00, 0x00, 0x27, 0x32, 0x01, 0x27, 0x32, 0x93,
    0x27, 0x32, 0xF1, 0x27, 0x32, 0x91, 0x00, 0x00, 0x00, 0x27, 0x32, 0x24, 0x27, 0x32, 0x79, 0x00, 0x00, 0x00, 0x00, 0x00, 0x00, 0x27, 0x32, 0x48,
    0x27, 0x32, 0xAF, 0x00, 0x00, 0x00, 0x00, 0x00, 0x00, 0x00, 0x00, 0x00, 0x00, 0x00, 0x00, 0x00, 0x00, 0x00, 0x00, 0x00, 0x00, 0x27, 0x32, 0xD0,
    0x27, 0x32, 0x2B, 0x00, 0x00, 0x00, 0x00, 0x00, 0x00, 0x00, 0x00, 0x00, 0x00, 0x00, 0x00, 0x27, 0x32, 0x8F, 0x27, 0x32, 0x87, 0x00, 0x00, 0x00,
    0x00, 0x00, 0x00, 0x00, 0x00, 0x00, 0x00, 0x00, 0x00, 0x27, 0x32, 0xD0, 0x27, 0x32, 0xFB, 0x27, 0x32, 0xDC, 0x27, 0x32, 0x2D, 0x00, 0x00, 0x00,
    0x00, 0x00, 0x00, 0x00, 0x00, 0x00, 0x00, 0x00, 0x00, 0x27, 0x32, 0x80, 0x27, 0x32, 0x83, 0x00, 0x00, 0x00, 0x00, 0x00, 0x00, 0x00, 0x00, 0x00,
    0x00, 0x00, 0x00, 0x00, 0x00, 0x00, 0x00, 0x00, 0x00, 0x00, 0x00, 0x00, 0x27, 0x32, 0x51, 0x27, 0x32, 0xA2, 0x00, 0x00, 0x00, 0x00, 0x00, 0x00,
    0x00, 0x00, 0x00, 0x00, 0x00, 0x00, 0x00, 0x00, 0x00, 0x00, 0x00, 0x00, 0x00, 0x00, 0x00, 0x00, 0x00, 0x00, 0x27, 0x32, 0x05, 0x27, 0x32, 0xD5,
    0x27, 0x32, 0x36, 0x27, 0x32, 0x14, 0x27, 0x32, 0xFC, 0x27, 0x32, 0xFF, 0x27, 0x32, 0xEA, 0x27, 0x32, 0x2D, 0x00, 0x00, 0x00, 0x00, 0x00, 0x00,
    0x00, 0x00, 0x00, 0x00, 0x00, 0x00, 0x00, 0x00, 0x00, 0x00, 0x00, 0x00, 0x00, 0x00, 0x00, 0x00, 0x00, 0x00, 0x00, 0x00, 0x00, 0x00, 0x00, 0x00,
    0x00, 0x00, 0x00, 0x00, 0x00, 0x00, 0x00, 0x00, 0x00, 0x00, 0x00, 0x00, 0x00, 0x00, 0x00, 0x00, 0x00, 0x00, 0x00, 0x00, 0x00, 0x00, 0x00, 0x00,
    0x00, 0x00, 0x00, 0x00, 0x00, 0x00, 0x00, 0x00, 0x00, 0x00, 0x00, 0x00, 0x00, 0x00, 0x00, 0x00, 0x00, 0x00, 0x00, 0x00, 0x00, 0x00, 0x00, 0x00,
    0x00, 0x00, 0x00, 0x00, 0x00, 0x00, 0x00, 0x00, 0x00, 0x00, 0x00, 0x00, 0x00, 0x00, 0x00, 0x00, 0x00, 0x00, 0x00, 0x00, 0x00, 0x00, 0x00, 0x00,
    0x00, 0x00, 0x00, 0x00, 0x00, 0x00, 0x00, 0x00, 0x00, 0x00, 0x00, 0x00, 0x00, 0x00, 0x00, 0x00, 0x00, 0x00, 0x00, 0x00, 0x00, 0x00, 0x00, 0x00,
    0x00, 0x00, 0x00, 0x00, 0x00, 0x00, 0x00, 0x00, 0x00, 0x00, 0x00, 0x00, 0x00, 0x00, 0x00, 0x00, 0x00, 0x00, 0x00, 0x00, 0x00, 0x00, 0x00, 0x00,
    0x00, 0x00, 0x00, 0x27, 0x32, 0x08, 0x00, 0x00, 0x00, 0x00, 0x00, 0x00, 0x00, 0x00, 0x00, 0x00, 0x00, 0x00, 0x00, 0x00, 0x00, 0x00, 0x00, 0x00,
    0x00, 0x00, 0x00, 0x00, 0x00, 0x00, 0x00, 0x00, 0x00, 0x00, 0x00, 0x00, 0x00, 0x00, 0x00, 0x00, 0x00, 0x00, 0x00, 0x00, 0x00, 0x00, 0x00, 0x00,
    0x00, 0x00, 0x00, 0x27, 0x32, 0x18, 0x00, 0x00, 0x00, 0x00, 0x00, 0x00, 0x00, 0x00, 0x00, 0x00, 0x00, 0x00, 0x00, 0x00, 0x00, 0x00, 0x00, 0x00,
    0x00, 0x00, 0x00, 0x00, 0x00, 0x00, 0x00, 0x00, 0x00, 0x00, 0x00, 0x00, 0x00, 0x00, 0x00, 0x00, 0x00, 0x00, 0x00, 0x00, 0x00, 0x27, 0x32, 0x0F,
    0x00, 0x00, 0x00, 0x00, 0x00, 0x00, 0x00, 0x00, 0x00, 0x00, 0x00, 0x00, 0x00, 0x00, 0x00, 0x00, 0x00, 0x00, 0x00, 0x00, 0x00, 0x00, 0x00, 0x00,
    0x00, 0x00, 0x00, 0x00, 0x00, 0x00, 0x00, 0x00, 0x00, 0x00, 0x00, 0x00, 0x00, 0x00, 0x00, 0x00, 0x00, 0x00, 0x27, 0x32, 0x05, 0x00, 0x00, 0x00,
    0x00, 0x00, 0x00, 0x00, 0x00, 0x00, 0x00, 0x00, 0x00, 0x00, 0x00, 0x00, 0x00, 0x00, 0x00, 0x00, 0x00, 0x00, 0x00, 0x00, 0x00, 0x00, 0x00, 0x00,
    0x00, 0x00, 0x00, 0x00, 0x00, 0x00, 0x00, 0x00, 0x00, 0x00, 0x00, 0x00, 0x00, 0x00, 0x00, 0x00, 0x00, 0x00, 0x00, 0x00, 0x00, 0x00, 0x00, 0x00,
    0x00, 0x00, 0x00, 0x00, 0x00, 0x00, 0x00, 0x00, 0x00, 0x00, 0x00, 0x00, 0x00, 0x00, 0x00, 0x00, 0x00, 0x00, 0x00, 0x00, 0x00, 0x00, 0x00, 0x00,
    0x00, 0x00, 0x00, 0x00, 0x00, 0x00, 0x00, 0x00, 0x00, 0x00, 0x00, 0x00, 0x00, 0x00, 0x00, 0x00, 0x00, 0x00, 0x00, 0x00, 0x00, 0x00, 0x00, 0x00,
    0x00, 0x00, 0x00, 0x00, 0x00, 0x00, 0x00, 0x00, 0x00, 0x00, 0x00, 0x00, 0x00, 0x00, 0x00, 0x00, 0x00, 0x00, 0x00, 0x00, 0x00, 0x00, 0x00, 0x00,
    0x00, 0x00, 0x00, 0x00, 0x00, 0x00, 0x00, 0x00, 0x00, 0x00, 0x00, 0x00, 0x00, 0x00, 0x00, 0x00, 0x00, 0x00, 0x00, 0x00, 0x00, 0x00, 0x00, 0x00,
    0x00, 0x00, 0x00, 0x00, 0x00, 0x00, 0x00, 0x00, 0x00, 0x00, 0x00, 0x00, 0x00, 0x00, 0x00, 0x00, 0x00, 0x00, 0x00, 0x00, 0x00, 0x00, 0x00, 0x00,
    0x00, 0x00, 0x00, 0x00, 0x00, 0x00, 0x00, 0x00, 0x00, 0x00, 0x00, 0x00, 0x00, 0x00, 0x00, 0x00, 0x00, 0x00, 0x00, 0x00, 0x00, 0x00, 0x00, 0x00,
    0x27, 0x32, 0x04, 0x00, 0x00, 0x00, 0x00, 0x00, 0x00, 0x27, 0x32, 0x03, 0x27, 0x32, 0x08, 0x00, 0x00, 0x00, 0x00, 0x00, 0x00, 0x00, 0x00, 0x00,
    0x00, 0x00, 0x00, 0x00, 0x00, 0x00, 0x00, 0x00, 0x00, 0x00, 0x00, 0x00, 0x00, 0x00, 0x00, 0x00, 0x00, 0x00, 0x00, 0x00, 0x00, 0x00, 0x00, 0x00,
    0x00, 0x00, 0x00, 0x00, 0x00, 0x00, 0x00, 0x00, 0x00, 0x00, 0x00, 0x00, 0x00, 0x00, 0x00, 0x00, 0x00, 0x00, 0x00, 0x00, 0x00, 0x00, 0x00, 0x00,
    0x00, 0x00, 0x00, 0x00, 0x00, 0x00, 0x00, 0x00, 0x00, 0x00, 0x00, 0x00, 0x00, 0x00, 0x00, 0x00, 0x00, 0x00, 0x00, 0x00, 0x00, 0x00, 0x00, 0x00,
    0x00, 0x00, 0x00, 0x00, 0x00, 0x00, 0x00, 0x00, 0x00, 0x00, 0x00, 0x00, 0x00, 0x00, 0x00, 0x00, 0x00, 0x00, 0x00, 0x00, 0x00, 0x00, 0x00, 0x00,
    0x00, 0x00, 0x00, 0x00, 0x00, 0x00, 0x00, 0x00, 0x00, 0x00, 0x00, 0x00, 0x00, 0x00, 0x00, 0x00, 0x00, 0x00, 0x00, 0x00, 0x00, 0x00, 0x00, 0x00,
    0x00, 0x00, 0x00, 0x00, 0x00, 0x00, 0x00, 0x00, 0x00, 0x00, 0x00, 0x00, 0x00, 0x00, 0x00, 0x00, 0x00, 0x00, 0x00, 0x00, 0x00, 0x00, 0x00, 0x00,
    0x00, 0x00, 0x00, 0x00, 0x00, 0x00, 0x00, 0x00, 0x00, 0x00, 0x00, 0x00, 0x00, 0x00, 0x00, 0x00, 0x00, 0x00, 0x00, 0x00, 0x00, 0x00, 0x00, 0x00,
    0x00, 0x00, 0x00, 0x00, 0x00, 0x00, 0x00, 0x00, 0x00, 0x00, 0x00, 0x00, 0x00, 0x00, 0x00, 0x00, 0x00, 0x00, 0x00, 0x00, 0x00, 0x00, 0x00, 0x00,
    0x00, 0x00, 0x00, 0x00, 0x00, 0x00, 0x00, 0x00, 0x00, 0x00, 0x00, 0x00, 0x00, 0x00, 0x00, 0x00, 0x00, 0x00, 0x00, 0x00, 0x00, 0x00, 0x00, 0x00,
    0x00, 0x00, 0x00, 0x00, 0x00, 0x00, 0x00, 0x00, 0x00, 0x00, 0x00, 0x00, 0x00, 0x00, 0x00, 0x00, 0x00, 0x00, 0x00, 0x00, 0x00, 0x00, 0x00, 0x00,
    0x00, 0x00, 0x00, 0x00, 0x00, 0x00, 0x00, 0x00, 0x00, 0x00, 0x00, 0x00, 0x00, 0x00, 0x00, 0x00, 0x00, 0x00, 0x00, 0x00, 0x00, 0x00, 0x00, 0x00,
    0x00, 0x00, 0x00, 0x00, 0x00, 0x00, 0x00, 0x00, 0x00, 0x00, 0x00, 0x00, 0x00, 0x00, 0x00, 0x00, 0x00, 0x00, 0x00, 0x00, 0x00, 0x00, 0x00, 0x00,
    0x00, 0x00, 0x00, 0x00, 0x00, 0x00, 0x00, 0x00, 0x00, 0x00, 0x00, 0x00, 0x00, 0x00, 0x00, 0x00, 0x00, 0x00, 0x00, 0x00, 0x00, 0x00, 0x00, 0x00,
    0x00, 0x00, 0x00, 0x00, 0x00, 0x00, 0x00, 0x00, 0x00, 0x00, 0x00, 0x00, 0x00, 0x00, 0x00, 0x00, 0x00, 0x00, 0x00, 0x00, 0x00, 0x00, 0x00, 0x00,
    0x00, 0x00, 0x00, 0x00, 0x00, 0x00, 0x00, 0x00, 0x00, 0x00, 0x00, 0x00, 0x00, 0x00, 0x00, 0x00, 0x00, 0x00, 0x00, 0x00, 0x00, 0x00, 0x00, 0x00,
    0x00, 0x00, 0x00, 0x00, 0x00, 0x00, 0x00, 0x00, 0x00, 0x00, 0x00, 0x00, 0x00, 0x00, 0x00, 0x00, 0x00, 0x00, 0x00, 0x00, 0x00, 0x00, 0x00, 0x00,
    0x00, 0x00, 0x00, 0x00, 0x00, 0x00, 0x00, 0x00, 0x00, 0x00, 0x00, 0x00, 0x00, 0x00, 0x00, 0x00, 0x00, 0x00, 0x00, 0x00, 0x00, 0x00, 0x00, 0x00,
    0x00, 0x00, 0x00, 0x00, 0x00, 0x00, 0x00, 0x00, 0x00, 0x00, 0x00, 0x00, 0x00, 0x00, 0x00, 0x00, 0x00, 0x00, 0x00, 0x00, 0x00, 0x00, 0x00, 0x00,
    0x00, 0x00, 0x00, 0x00, 0x00, 0x00, 0x00, 0x00, 0x00, 0x00, 0x00, 0x00, 0x00, 0x00, 0x00, 0x00, 0x00, 0x00, 0x00, 0x00, 0x00, 0x00, 0x00, 0x00,
    0x00, 0x00, 0x00, 0x00, 0x00, 0x00, 0x00, 0x00, 0x00, 0x00, 0x00, 0x00, 0x00, 0x00, 0x00, 0x00, 0x00, 0x00, 0x00, 0x00, 0x00, 0x00, 0x00, 0x00,
    0x00, 0x00, 0x00, 0x00, 0x00, 0x00, 0x00, 0x00, 0x00, 0x00, 0x00, 0x00, 0x00, 0x00, 0x00, 0x00, 0x00, 0x00, 0x00, 0x00, 0x00, 0x00, 0x00, 0x00,
    0x00, 0x00, 0x00, 0x00, 0x00, 0x00, 0x00, 0x00, 0x00, 0x00, 0x00, 0x00, 0x00, 0x00, 0x00, 0x00, 0x00, 0x00, 0x00, 0x00, 0x00, 0x00, 0x00, 0x00,
    0x00, 0x00, 0x00, 0x00, 0x00, 0x00, 0x00, 0x00, 0x00, 0x00, 0x00, 0x00, 0x00, 0x00, 0x00, 0x00, 0x00, 0x00, 0x00, 0x00, 0x00, 0x00, 0x00, 0x00,
    0x00, 0x00, 0x00, 0x00, 0x00, 0x00, 0x00, 0x00, 0x00, 0x00, 0x00, 0x00, 0x00, 0x00, 0x00, 0x00, 0x00, 0x00, 0x00, 0x00, 0x00, 0x00, 0x00, 0x00,
    0x00, 0x00, 0x00, 0x00, 0x00, 0x00, 0x00, 0x00, 0x00, 0x00, 0x00, 0x00, 0x00, 0x00, 0x00, 0x00, 0x00, 0x00, 0x00, 0x00, 0x00, 0x00, 0x00, 0x00,
    0x00, 0x00, 0x00, 0x00, 0x00, 0x00, 0x00, 0x00, 0x00, 0x00, 0x00, 0x00, 0x00, 0x00, 0x00, 0x00, 0x00, 0x00, 0x00, 0x00, 0x00, 0x00, 0x00, 0x00,
    0x00, 0x00, 0x00, 0x00, 0x00, 0x00, 0x00, 0x00, 0x00, 0x00, 0x00, 0x00, 0x00, 0x00, 0x00, 0x00, 0x00, 0x00, 0x00, 0x00, 0x00, 0x00, 0x00, 0x00,
    0x00, 0x00, 0x00, 0x00, 0x00, 0x00, 0x00, 0x00, 0x00, 0x00, 0x00, 0x00, 0x00, 0x00, 0x00, 0x00, 0x00, 0x00, 0x00, 0x00, 0x00, 0x00, 0x00, 0x00,
    0x00, 0x00, 0x00, 0x00, 0x00, 0x00, 0x00, 0x00, 0x00, 0x00, 0x00, 0x00, 0x00, 0x00, 0x00, 0x00, 0x00, 0x00, 0x00, 0x00, 0x00, 0x00, 0x00, 0x00,
    0x00, 0x00, 0x00, 0x00, 0x00, 0x00, 0x00, 0x00, 0x00, 0x00, 0x00, 0x00, 0x00, 0x00, 0x00, 0x00, 0x00, 0x00, 0x00, 0x00, 0x00, 0x00, 0x00, 0x00,
    0x00, 0x00, 0x00, 0x00, 0x00, 0x00, 0x00, 0x00, 0x00, 0x00, 0x00, 0x00, 0x00, 0x00, 0x00, 0x00, 0x00, 0x00, 0x00, 0x00, 0x00, 0x00, 0x00, 0x00,
    0x00, 0x00, 0x00, 0x00, 0x00, 0x00, 0x00, 0x00, 0x00, 0x00, 0x00, 0x00, 0x00, 0x00, 0x00, 0x00, 0x00, 0x00, 0x00, 0x00, 0x00, 0x00, 0x00, 0x00,
    0x00, 0x00, 0x00, 0x00, 0x00, 0x00, 0x00, 0x00, 0x00, 0x00, 0x00, 0x00, 0x00, 0x00, 0x00, 0x00, 0x00, 0x00, 0x00, 0x00, 0x00, 0x00, 0x00, 0x00,
    0x00, 0x00, 0x00, 0x00, 0x00, 0x00, 0x00, 0x00, 0x00, 0x00, 0x00, 0x00, 0x00, 0x00, 0x00, 0x00, 0x00, 0x00, 0x00, 0x00, 0x00, 0x00, 0x00, 0x00,
    0x00, 0x00, 0x00, 0x00, 0x00, 0x00, 0x00, 0x00, 0x00, 0x00, 0x00, 0x00, 0x00, 0x00, 0x00, 0x00, 0x00, 0x00, 0x00, 0x00, 0x00, 0x00, 0x00, 0x00,
    0x00, 0x00, 0x00, 0x00, 0x00, 0x00, 0x00, 0x00, 0x00, 0x00, 0x00, 0x00, 0x00, 0x00, 0x00, 0x00, 0x00, 0x00, 0x00, 0x00, 0x00, 0x00, 0x00, 0x00,
    0x00, 0x00, 0x00, 0x00, 0x00, 0x00, 0x00, 0x00, 0x00, 0x00, 0x00, 0x00, 0x00, 0x00, 0x00, 0x00, 0x00, 0x00, 0x00, 0x00, 0x00, 0x00, 0x00, 0x00,
    0x00, 0x00, 0x00, 0x00, 0x00, 0x00, 0x00, 0x00, 0x00, 0x00, 0x00, 0x00, 0x00, 0x00, 0x00, 0x00, 0x00, 0x00, 0x00, 0x00, 0x00, 0x00, 0x00, 0x00,
    0x00, 0x00, 0x00, 0x00, 0x00, 0x00, 0x00, 0x00, 0x00, 0x00, 0x00, 0x00, 0x00, 0x00, 0x00, 0x00, 0x00, 0x00, 0x00, 0x00, 0x00, 0x00, 0x00, 0x00,
    0x00, 0x00, 0x00, 0x00, 0x00, 0x00, 0x00, 0x00, 0x00, 0x00, 0x00, 0x00, 0x00, 0x00, 0x00, 0x00, 0x00, 0x00, 0x00, 0x00, 0x00, 0x00, 0x00, 0x00,
    0x00, 0x00, 0x00, 0x00, 0x00, 0x00, 0x00, 0x00, 0x00, 0x00, 0x00, 0x00, 0x00, 0x00, 0x00, 0x00, 0x00, 0x00, 0x00, 0x00, 0x00, 0x00, 0x00, 0x00,
    0x00, 0x00, 0x00, 0x00, 0x00, 0x00, 0x00, 0x00, 0x00, 0x00, 0x00, 0x00, 0x00, 0x00, 0x00, 0x00, 0x00, 0x00, 0x00, 0x00, 0x00, 0x00, 0x00, 0x00,
    0x00, 0x00, 0x00, 0x00, 0x00, 0x00, 0x00, 0x00, 0x00, 0x00, 0x00, 0x00, 0x00, 0x00, 0x00, 0x00, 0x00, 0x00, 0x00, 0x00, 0x00, 0x00, 0x00, 0x00,
    0x00, 0x00, 0x00, 0x00, 0x00, 0x00, 0x00, 0x00, 0x00, 0x00, 0x00, 0x00, 0x00, 0x00, 0x00, 0x00, 0x00, 0x00, 0x00, 0x00, 0x00, 0x00, 0x00, 0x00,
    0x00, 0x00, 0x00, 0x00, 0x00, 0x00, 0x00, 0x00, 0x00, 0x00, 0x00, 0x00, 0x00, 0x00, 0x00, 0x00, 0x00, 0x00, 0x00, 0x00, 0x00, 0x00, 0x00, 0x00,
    0x00, 0x00, 0x00, 0x00, 0x00, 0x00, 0x00, 0x00, 0x00, 0x00, 0x00, 0x00, 0x00, 0x00, 0x00, 0x00, 0x00, 0x00, 0x00, 0x00, 0x00, 0x00, 0x00, 0x00,
    0x00, 0x00, 0x00, 0x00, 0x00, 0x00, 0x00, 0x00, 0x00, 0x00, 0x00, 0x00, 0x00, 0x00, 0x00, 0x00, 0x00, 0x00, 0x00, 0x00, 0x00, 0x00, 0x00, 0x00,
    0x00, 0x00, 0x00, 0x00, 0x00, 0x00, 0x00, 0x00, 0x00, 0x00, 0x00, 0x00, 0x00, 0x00, 0x00, 0x00, 0x00, 0x00, 0x00, 0x00, 0x00, 0x00, 0x00, 0x00,
    0x00, 0x00, 0x00, 0x00, 0x00, 0x00, 0x00, 0x00, 0x00, 0x00, 0x00, 0x00, 0x00, 0x00, 0x00, 0x00, 0x00, 0x00, 0x00, 0x00, 0x00, 0x00, 0x00, 0x00,
    0x00, 0x00, 0x00, 0x00, 0x00, 0x00, 0x00, 0x00, 0x00, 0x00, 0x00, 0x00, 0x00, 0x00, 0x00, 0x00, 0x00, 0x00, 0x00, 0x00, 0x00, 0x00, 0x00, 0x00,
    0x00, 0x00, 0x00, 0x00, 0x00, 0x00, 0x00, 0x00, 0x00, 0x00, 0x00, 0x00, 0x00, 0x00, 0x00, 0x00, 0x00, 0x00, 0x00, 0x00, 0x00, 0x00, 0x00, 0x00,
    0x00, 0x00, 0x00, 0x00, 0x00, 0x00, 0x00, 0x00, 0x00, 0x00, 0x00, 0x00, 0x00, 0x00, 0x00, 0x00, 0x00, 0x00, 0x00, 0x00, 0x00, 0x00, 0x00, 0x00,
    0x00, 0x00, 0x00, 0x00, 0x00, 0x00, 0x00, 0x00, 0x00, 0x00, 0x00, 0x00, 0x00, 0x00, 0x00, 0x00, 0x00, 0x00, 0x00, 0x00, 0x00, 0x00, 0x00, 0x00,
    0x00, 0x00, 0x00, 0x00, 0x00, 0x00, 0x00, 0x00, 0x00, 0x00, 0x00, 0x00, 0x00, 0x00, 0x00, 0x00, 0x00, 0x00, 0x00, 0x00, 0x00, 0x00, 0x00, 0x00,
    0x00, 0x00, 0x00, 0x00, 0x00, 0x00, 0x00, 0x00, 0x00, 0x00, 0x00, 0x00, 0x00, 0x00, 0x00, 0x00, 0x00, 0x00, 0x00, 0x00, 0x00, 0x00, 0x00, 0x00,
    0x00, 0x00, 0x00, 0x00, 0x00, 0x00, 0x00, 0x00, 0x00, 0x00, 0x00, 0x00, 0x00, 0x00, 0x00, 0x00, 0x00, 0x00, 0x00, 0x00, 0x00, 0x00, 0x00, 0x00,
    0x00, 0x00, 0x00, 0x00, 0x00, 0x00, 0x00, 0x00, 0x00, 0x00, 0x00, 0x00, 0x00, 0x00, 0x00, 0x00, 0x00, 0x00, 0x00, 0x00, 0x00, 0x00, 0x00, 0x00,
    0x00, 0x00, 0x00, 0x00, 0x00, 0x00, 0x00, 0x00, 0x00, 0x00, 0x00, 0x00, 0x00, 0x00, 0x00, 0x00, 0x00, 0x00, 0x00, 0x00, 0x00, 0x00, 0x00, 0x00,
    0x00, 0x00, 0x00, 0x00, 0x00, 0x00, 0x00, 0x00, 0x00, 0x00, 0x00, 0x00, 0x00, 0x00, 0x00, 0x00, 0x00, 0x00, 0x00, 0x00, 0x00, 0x00, 0x00, 0x00,
    0x00, 0x00, 0x00, 0x00, 0x00, 0x00, 0x00, 0x00, 0x00, 0x00, 0x00, 0x00, 0x00, 0x00, 0x00, 0x00, 0x00, 0x00, 0x00, 0x00, 0x00, 0x00, 0x00, 0x00,
    0x00, 0x00, 0x00, 0x00, 0x00, 0x00, 0x00, 0x00, 0x00, 0x00, 0x00, 0x00, 0x00, 0x00, 0x00, 0x00, 0x00, 0x00, 0x00, 0x00, 0x00, 0x00, 0x00, 0x00,
    0x00, 0x00, 0x00, 0x00, 0x00, 0x00, 0x00, 0x00, 0x00, 0x00, 0x00, 0x00, 0x00, 0x00, 0x00, 0x00, 0x00, 0x00, 0x00, 0x00, 0x00, 0x00, 0x00, 0x00,
    0x00, 0x00, 0x00, 0x00, 0x00, 0x00, 0x00, 0x00, 0x00, 0x00, 0x00, 0x00, 0x00, 0x00, 0x00, 0x00, 0x00, 0x00, 0x00, 0x00, 0x00, 0x00, 0x00, 0x00,
    0x00, 0x00, 0x00, 0x00, 0x00, 0x00, 0x00, 0x00, 0x00, 0x00, 0x00, 0x00, 0x00, 0x00, 0x00, 0x00, 0x00, 0x00, 0x00, 0x00, 0x00, 0x00, 0x00, 0x00,
    0x00, 0x00, 0x00, 0x00, 0x00, 0x00, 0x00, 0x00, 0x00, 0x00, 0x00, 0x00, 0x00, 0x00, 0x00, 0x00, 0x00, 0x00, 0x00, 0x00, 0x00, 0x00, 0x00, 0x00,
    0x00, 0x00, 0x00, 0x00, 0x00, 0x00, 0x00, 0x00, 0x00, 0x00, 0x00, 0x00, 0x00, 0x00, 0x00, 0x00, 0x00, 0x00, 0x00, 0x00, 0x00, 0x00, 0x00, 0x00,
    0x27, 0x32, 0x59, 0x27, 0x32, 0x87, 0x00, 0x00, 0x00, 0x00, 0x00, 0x00, 0x00, 0x00, 0x00, 0x00, 0x00, 0x00, 0x27, 0x32, 0x01, 0x27, 0x32, 0xBB,
    0x27, 0x32, 0x47, 0x00, 0x00, 0x00, 0x00, 0x00, 0x00, 0x00, 0x00, 0x00, 0x00, 0x00, 0x00, 0x00, 0x00, 0x00, 0x27, 0x32, 0x0E, 0x27, 0x32, 0x3A,
    0x00, 0x00, 0x00, 0x00, 0x00, 0x00, 0x00, 0x00, 0x00, 0x27, 0x32, 0x3C, 0x27, 0x32, 0x3B, 0x00, 0x00, 0x00, 0x00, 0x00, 0x00, 0x00, 0x00, 0x00,
    0x00, 0x00, 0x00, 0x27, 0x32, 0x20, 0x27, 0x32, 0x6A, 0x00, 0x00, 0x00, 0x00, 0x00, 0x00, 0x00, 0x00, 0x00, 0x27, 0x32, 0x0F, 0x27, 0x32, 0xB2,
    0x27, 0x32, 0x09, 0x00, 0x00, 0x00, 0x00, 0x00, 0x00, 0x00, 0x00, 0x00, 0x27, 0x32, 0x9A, 0x27, 0x32, 0x5B, 0x00, 0x00, 0x00, 0x00, 0x00, 0x00,
    0x00, 0x00, 0x00, 0x00, 0x00, 0x00, 0x00, 0x00, 0x00, 0x00, 0x00, 0x00, 0x00, 0x00, 0x00, 0x00, 0x00, 0x00, 0x00, 0x00, 0x00, 0x00, 0x00, 0x00,
    0x00, 0x00, 0x00, 0x00, 0x00, 0x00, 0x00, 0x00, 0x00, 0x00, 0x00, 0x00, 0x00, 0x00, 0x00, 0x00, 0x00, 0x00, 0x00, 0x00, 0x00, 0x00, 0x00, 0x00,
    0x00, 0x00, 0x00, 0x00, 0x00, 0x00, 0x00, 0x00, 0x00, 0x00, 0x00, 0x00, 0x00, 0x00, 0x00, 0x00, 0x00, 0x00, 0x00, 0x00, 0x00, 0x00, 0x00, 0x00,
    0x00, 0x00, 0x00, 0x00, 0x00, 0x00, 0x00, 0x00, 0x00, 0x00, 0x00, 0x00, 0x00, 0x00, 0x00, 0x00, 0x00, 0x00, 0x00, 0x00, 0x00, 0x00, 0x00, 0x00,
    0x00, 0x00, 0x00, 0x00, 0x00, 0x00, 0x00, 0x00, 0x00, 0x00, 0x00, 0x00, 0x00, 0x00, 0x00, 0x00, 0x00, 0x00, 0x00, 0x00, 0x00, 0x00, 0x00, 0x00,
    0x00, 0x00, 0x00, 0x00, 0x00, 0x00, 0x00, 0x00, 0x00, 0x00, 0x00, 0x00, 0x00, 0x00, 0x00, 0x00, 0x00, 0x00, 0x00, 0x00, 0x00, 0x00, 0x00, 0x00,
    0x00, 0x00, 0x00, 0x00, 0x00, 0x00, 0x00, 0x00, 0x00, 0x00, 0x00, 0x00, 0x00, 0x00, 0x00, 0x00, 0x00, 0x00, 0x00, 0x00, 0x00, 0x00, 0x00, 0x00,
    0x00, 0x00, 0x00, 0x00, 0x00, 0x00, 0x00, 0x00, 0x00, 0x00, 0x00, 0x00, 0x00, 0x00, 0x00, 0x00, 0x00, 0x00, 0x00, 0x00, 0x00, 0x00, 0x00, 0x00,
    0x00, 0x00, 0x00, 0x00, 0x00, 0x00, 0x00, 0x00, 0x00, 0x00, 0x00, 0x00, 0x00, 0x00, 0x00, 0x00, 0x00, 0x00, 0x00, 0x00, 0x00, 0x00, 0x00, 0x00,
    0x00, 0x00, 0x00, 0x00, 0x00, 0x00, 0x00, 0x00, 0x00, 0x00, 0x00, 0x00, 0x00, 0x00, 0x00, 0x00, 0x00, 0x00, 0x00, 0x00, 0x00, 0x00, 0x00, 0x00,
    0x00, 0x00, 0x00, 0x00, 0x00, 0x00, 0x00, 0x00, 0x00, 0x00, 0x00, 0x00, 0x00, 0x00, 0x00, 0x00, 0x00, 0x00, 0x00, 0x00, 0x00, 0x00, 0x00, 0x00,
    0x00, 0x00, 0x00, 0x00, 0x00, 0x00, 0x00, 0x00, 0x00, 0x00, 0x00, 0x00, 0x00, 0x00, 0x00, 0x00, 0x00, 0x00, 0x00, 0x00, 0x00, 0x00, 0x00, 0x00,
    0x00, 0x00, 0x00, 0x00, 0x00, 0x00, 0x00, 0x00, 0x00, 0x00, 0x00, 0x00, 0x00, 0x00, 0x00, 0x00, 0x00, 0x00, 0x00, 0x00, 0x00, 0x00, 0x00, 0x00,
    0x00, 0x00, 0x00, 0x00, 0x00, 0x00, 0x00, 0x00, 0x00, 0x00, 0x00, 0x00, 0x00, 0x00, 0x00, 0x00, 0x00, 0x00, 0x00, 0x00, 0x00, 0x00, 0x00, 0x00,
    0x00, 0x00, 0x00, 0x27, 0x32, 0xAB, 0x27, 0x32, 0xFF, 0x27, 0x32, 0xFF, 0x27, 0x32, 0xFF, 0x27, 0x32, 0xFF, 0x27, 0x32, 0xFF, 0x27, 0x32, 0xFF,
    0x27, 0x32, 0xFF, 0x27, 0x32, 0xFF, 0x27, 0x32, 0xFF, 0x27, 0x32, 0xFF, 0x27, 0x32, 0xFF, 0x27, 0x32, 0xC3, 0x00, 0x00, 0x00, 0x00, 0x00, 0x00,
    0x00, 0x00, 0x00, 0x27, 0x32, 0x8D, 0x27, 0x32, 0x7D, 0x00, 0x00, 0x00, 0x00, 0x00, 0x00, 0x00, 0x00, 0x00, 0x00, 0x00, 0x00, 0x27, 0x32, 0x53,
    0x27, 0x32, 0xE0, 0x27, 0x32, 0x08, 0x00, 0x00, 0x00, 0x00, 0x00, 0x00, 0x00, 0x00, 0x00, 0x00, 0x00, 0x00, 0x00, 0x00, 0x00, 0x27, 0x32, 0x3F,
    0x27, 0x32, 0xF1, 0x27, 0x32, 0x5A, 0x00, 0x00, 0x00, 0x00, 0x00, 0x00, 0x27, 0x32, 0x8F, 0x27, 0x32, 0x8B, 0x00, 0x00, 0x00, 0x27, 0x32, 0x41,
    0x27, 0x32, 0x6E, 0x00, 0x00, 0x00, 0x27, 0x32, 0x43, 0x27, 0x32, 0xDB, 0x00, 0x00, 0x00, 0x00, 0x00, 0x00, 0x00, 0x00, 0x00, 0x27, 0x32, 0x5B,
    0x27, 0x32, 0xD3, 0x00, 0x00, 0x00, 0x00, 0x00, 0x00, 0x00, 0x00, 0x00, 0x00, 0x00, 0x00, 0x27, 0x32, 0xE1, 0x27, 0x32, 0x3E, 0x00, 0x00, 0x00,
    0x00, 0x00, 0x00, 0x00, 0x00, 0x00, 0x00, 0x00, 0x00, 0x00, 0x00, 0x00, 0x00, 0x00, 0x00, 0x00, 0x00, 0x00, 0x00, 0x00, 0x00, 0x00, 0x00, 0x00,
    0x00, 0x00, 0x00, 0x00, 0x00, 0x00, 0x00, 0x00, 0x00, 0x00, 0x00, 0x00, 0x00, 0x00, 0x00, 0x00, 0x00, 0x00, 0x00, 0x00, 0x00, 0x00, 0x00, 0x00,
    0x00, 0x00, 0x00, 0x00, 0x00, 0x00, 0x00, 0x00, 0x00, 0x00, 0x00, 0x00, 0x00, 0x00, 0x00, 0x00, 0x00, 0x00, 0x00, 0x00, 0x00, 0x00, 0x00, 0x00,
    0x00, 0x00, 0x00, 0x00, 0x00, 0x00, 0x00, 0x00, 0x00, 0x00, 0x00, 0x00, 0x00, 0x00, 0x00, 0x00, 0x00, 0x00, 0x00, 0x00, 0x00, 0x00, 0x00, 0x00,
    0x00, 0x00, 0x00, 0x00, 0x00, 0x00, 0x00, 0x00, 0x00, 0x00, 0x00, 0x00, 0x00, 0x00, 0x00, 0x00, 0x00, 0x00, 0x00, 0x00, 0x00, 0x00, 0x00, 0x00,
    0x00, 0x00, 0x00, 0x00, 0x00, 0x00, 0x00, 0x00, 0x00, 0x00, 0x00, 0x00, 0x00, 0x00, 0x00, 0x00, 0x00, 0x00, 0x00, 0x00, 0x00, 0x00, 0x00, 0x00,
    0x00, 0x00, 0x00, 0x00, 0x00, 0x00, 0x00, 0x00, 0x00, 0x00, 0x00, 0x00, 0x00, 0x00, 0x00, 0x00, 0x00, 0x00, 0x00, 0x00, 0x00, 0x00, 0x00, 0x00,
    0x00, 0x00, 0x00, 0x00, 0x00, 0x00, 0x00, 0x00, 0x00, 0x00, 0x00, 0x00, 0x00, 0x00, 0x00, 0x00, 0x00, 0x00, 0x00, 0x00, 0x00, 0x00, 0x00, 0x00,
    0x00, 0x00, 0x00, 0x00, 0x00, 0x00, 0x00, 0x00, 0x00, 0x00, 0x00, 0x00, 0x00, 0x00, 0x00, 0x00, 0x00, 0x00, 0x00, 0x00, 0x00, 0x00, 0x00, 0x00,
    0x00, 0x00, 0x00, 0x00, 0x00, 0x00, 0x00, 0x00, 0x00, 0x00, 0x00, 0x00, 0x00, 0x00, 0x00, 0x00, 0x00, 0x00, 0x00, 0x00, 0x00, 0x00, 0x00, 0x00,
    0x00, 0x00, 0x00, 0x00, 0x00, 0x00, 0x00, 0x00, 0x00, 0x00, 0x00, 0x00, 0x00, 0x00, 0x00, 0x00, 0x00, 0x00, 0x00, 0x00, 0x00, 0x00, 0x00, 0x00,
    0x00, 0x00, 0x00, 0x00, 0x00, 0x00, 0x00, 0x00, 0x00, 0x00, 0x00, 0x00, 0x00, 0x00, 0x00, 0x00, 0x00, 0x00, 0x00, 0x00, 0x00, 0x00, 0x00, 0x00,
    0x00, 0x00, 0x00, 0x00, 0x00, 0x00, 0x00, 0x00, 0x00, 0x00, 0x00, 0x00, 0x00, 0x00, 0x00, 0x00, 0x00, 0x00, 0x00, 0x00, 0x00, 0x00, 0x00, 0x00,
    0x00, 0x00, 0x00, 0x00, 0x00, 0x00, 0x00, 0x00, 0x00, 0x00, 0x00, 0x00, 0x00, 0x00, 0x00, 0x00, 0x00, 0x00, 0x00, 0x00, 0x00, 0x00, 0x00, 0x00,
    0x00, 0x00, 0x00, 0x00, 0x00, 0x00, 0x27, 0x32, 0x10, 0x27, 0x32, 0x17, 0x27, 0x32, 0x17, 0x27, 0x32, 0xA5, 0x27, 0x32, 0x93, 0x27, 0x32, 0x17,
    0x27, 0x32, 0x17, 0x27, 0x32, 0x17, 0x27, 0x32, 0x55, 0x27, 0x32, 0xE2, 0x27, 0x32, 0x17, 0x27, 0x32, 0x17, 0x27, 0x32, 0x12, 0x00, 0x00, 0x00,
    0x00, 0x00, 0x00, 0x00, 0x00, 0x00, 0x27, 0x32, 0xB4, 0x27, 0x32, 0x51, 0x00, 0x00, 0x00, 0x00, 0x00, 0x00, 0x00, 0x00, 0x00, 0x27, 0x32, 0x02,
    0x27, 0x32, 0xD2, 0x27, 0x32, 0x54, 0x00, 0x00, 0x00, 0x27, 0x32, 0x85, 0x27, 0x32, 0x3A, 0x00, 0x00, 0x00, 0x00, 0x00, 0x00, 0x00, 0x00, 0x00,
    0x00, 0x00, 0x00, 0x27, 0x32, 0x40, 0x27, 0x32, 0xF3, 0x27, 0x32, 0x5B, 0x00, 0x00, 0x00, 0x27, 0x32, 0x8F, 0x27, 0x32, 0x8B, 0x00, 0x00, 0x00,
    0x27, 0x32, 0x63, 0x27, 0x32, 0xA7, 0x00, 0x00, 0x00, 0x27, 0x32, 0x43, 0x27, 0x32, 0xDB, 0x00, 0x00, 0x00, 0x00, 0x00, 0x00, 0x00, 0x00, 0x00,
    0x27, 0x32, 0xAD, 0x27, 0x32, 0x76, 0x00, 0x00, 0x00, 0x27, 0x32, 0x9F, 0x27, 0x32, 0xFF, 0x27, 0x32, 0xFF, 0x27, 0x32, 0xFF, 0x27, 0x32, 0xFF,
    0x27, 0x32, 0xFF, 0x27, 0x32, 0xFF, 0x27, 0x32, 0xFF, 0x27, 0x32, 0xF7, 0x00, 0x00, 0x00, 0x00, 0x00, 0x00, 0x00, 0x00, 0x00, 0x00, 0x00, 0x00,
    0x00, 0x00, 0x00, 0x00, 0x00, 0x00, 0x00, 0x00, 0x00, 0x00, 0x00, 0x00, 0x00, 0x00, 0x00, 0x00, 0x00, 0x00, 0x00, 0x00, 0x00, 0x00, 0x00, 0x00,
    0x00, 0x00, 0x00, 0x00, 0x00, 0x00, 0x00, 0x00, 0x00, 0x00, 0x00, 0x00, 0x00, 0x00, 0x00, 0x00, 0x00, 0x00, 0x00, 0x00, 0x00, 0x00, 0x00, 0x00,
    0x00, 0x00, 0x00, 0x00, 0x00, 0x00, 0x00, 0x00, 0x00, 0x00, 0x00, 0x00, 0x00, 0x00, 0x00, 0x00, 0x00, 0x00, 0x00, 0x00, 0x00, 0x00, 0x00, 0x00,
    0x00, 0x00, 0x00, 0x00, 0x00, 0x00, 0x00, 0x00, 0x00, 0x00, 0x00, 0x00, 0x00, 0x00, 0x00, 0x00, 0x00, 0x00, 0x00, 0x00, 0x00, 0x00, 0x00, 0x00,
    0x00, 0x00, 0x00, 0x00, 0x00, 0x00, 0x00, 0x00, 0x00, 0x00, 0x00, 0x00, 0x00, 0x00, 0x00, 0x00, 0x00, 0x00, 0x00, 0x00, 0x00, 0x00, 0x00, 0x00,
    0x00, 0x00, 0x00, 0x00, 0x00, 0x00, 0x00, 0x00, 0x00, 0x00, 0x00, 0x00, 0x00, 0x00, 0x00, 0x00, 0x00, 0x00, 0x00, 0x00, 0x00, 0x00, 0x00, 0x00,
    0x00, 0x00, 0x00, 0x00, 0x00, 0x00, 0x00, 0x00, 0x00, 0x00, 0x00, 0x00, 0x00, 0x00, 0x00, 0x00, 0x00, 0x00, 0x00, 0x00, 0x00, 0x00, 0x00, 0x00,
    0x00, 0x00, 0x00, 0x00, 0x00, 0x00, 0x00, 0x00, 0x00, 0x00, 0x00, 0x00, 0x00, 0x00, 0x00, 0x00, 0x00, 0x00, 0x00, 0x00, 0x00, 0x00, 0x00, 0x00,
    0x00, 0x00, 0x00, 0x00, 0x00, 0x00, 0x00, 0x00, 0x00, 0x00, 0x00, 0x00, 0x00, 0x00, 0x00, 0x00, 0x00, 0x00, 0x00, 0x00, 0x00, 0x00, 0x00, 0x00,
    0x00, 0x00, 0x00, 0x00, 0x00, 0x00, 0x00, 0x00, 0x00, 0x00, 0x00, 0x00, 0x00, 0x00, 0x00, 0x00, 0x00, 0x00, 0x00, 0x00, 0x00, 0x00, 0x00, 0x00,
    0x00, 0x00, 0x00, 0x00, 0x00, 0x00, 0x00, 0x00, 0x00, 0x00, 0x00, 0x00, 0x00, 0x00, 0x00, 0x00, 0x00, 0x00, 0x00, 0x00, 0x00, 0x00, 0x00, 0x00,
    0x00, 0x00, 0x00, 0x00, 0x00, 0x00, 0x00, 0x00, 0x00, 0x00, 0x00, 0x00, 0x00, 0x00, 0x00, 0x00, 0x00, 0x00, 0x00, 0x00, 0x00, 0x00, 0x00, 0x00,
    0x00, 0x00, 0x00, 0x00, 0x00, 0x00, 0x00, 0x00, 0x00, 0x00, 0x00, 0x00, 0x00, 0x00, 0x00, 0x00, 0x00, 0x00, 0x00, 0x00, 0x00, 0x00, 0x00, 0x00,
    0x00, 0x00, 0x00, 0x00, 0x00, 0x00, 0x00, 0x00, 0x00, 0x00, 0x00, 0x00, 0x00, 0x00, 0x00, 0x00, 0x00, 0x00, 0x27, 0x32, 0x9B, 0x27, 0x32, 0x87,
    0x00, 0x00, 0x00, 0x00, 0x00, 0x00, 0x00, 0x00, 0x00, 0x27, 0x32, 0x43, 0x27, 0x32, 0xDF, 0x00, 0x00, 0x00, 0x00, 0x00, 0x00, 0x00, 0x00, 0x00,
    0x00, 0x00, 0x00, 0x27, 0x32, 0x5B, 0x27, 0x32, 0xFF, 0x27, 0x32, 0xFF, 0x27, 0x32, 0xFF, 0x27, 0x32, 0xFF, 0x27, 0x32, 0xC1, 0x00, 0x00, 0x00,
    0x27, 0x32, 0x68, 0x27, 0x32, 0xC1, 0x00, 0x00, 0x00, 0x00, 0x00, 0x00, 0x27, 0x32, 0x4E, 0x27, 0x32, 0xDA, 0x27, 0x32, 0x0A, 0x00, 0x00, 0x00,
    0x00, 0x00, 0x00, 0x00, 0x00, 0x00, 0x00, 0x00, 0x00, 0x27, 0x32, 0x48, 0x27, 0x32, 0x48, 0x00, 0x00, 0x00, 0x27, 0x32, 0x8F, 0x27, 0x32, 0x8B,
    0x00, 0x00, 0x00, 0x27, 0x32, 0x63, 0x27, 0x32, 0xA7, 0x00, 0x00, 0x00, 0x27, 0x32, 0x43, 0x27, 0x32, 0xDB, 0x00, 0x00, 0x00, 0x00, 0x00, 0x00,
    0x27, 0x32, 0x10, 0x27, 0x32, 0xF0, 0x27, 0x32, 0x19, 0x27, 0x32, 0x17, 0x27, 0x32, 0x09, 0x27, 0x32, 0x0F, 0x27, 0x32, 0x6A, 0x27, 0x32, 0xBA,
    0x27, 0x32, 0x0F, 0x27, 0x32, 0x0F, 0x27, 0x32, 0x0F, 0x27, 0x32, 0x0F, 0x27, 0x32, 0x0F, 0x00, 0x00, 0x00, 0x00, 0x00, 0x00, 0x00, 0x00, 0x00,
    0x00, 0x00, 0x00, 0x00, 0x00, 0x00, 0x00, 0x00, 0x00, 0x00, 0x00, 0x00, 0x00, 0x00, 0x00, 0x00, 0x00, 0x00, 0x00, 0x00, 0x00, 0x00, 0x00, 0x00,
    0x00, 0x00, 0x00, 0x00, 0x00, 0x00, 0x00, 0x00, 0x00, 0x00, 0x00, 0x00, 0x00, 0x00, 0x00, 0x00, 0x00, 0x00, 0x00, 0x00, 0x00, 0x00, 0x00, 0x00,
    0x00, 0x00, 0x00, 0x00, 0x00, 0x00, 0x00, 0x00, 0x00, 0x00, 0x00, 0x00, 0x00, 0x00, 0x00, 0x00, 0x00, 0x00, 0x00, 0x00, 0x00, 0x00, 0x00, 0x00,
    0x00, 0x00, 0x00, 0x00, 0x00, 0x00, 0x00, 0x00, 0x00, 0x00, 0x00, 0x00, 0x00, 0x00, 0x00, 0x00, 0x00, 0x00, 0x00, 0x00, 0x00, 0x00, 0x00, 0x00,
    0x00, 0x00, 0x00, 0x00, 0x00, 0x00, 0x00, 0x00, 0x00, 0x00, 0x00, 0x00, 0x00, 0x00, 0x00, 0x00, 0x00, 0x00, 0x00, 0x00, 0x00, 0x00, 0x00, 0x00,
    0x00, 0x00, 0x00, 0x00, 0x00, 0x00, 0x00, 0x00, 0x00, 0x00, 0x00, 0x00, 0x00, 0x00, 0x00, 0x00, 0x00, 0x00, 0x00, 0x00, 0x00, 0x00, 0x00, 0x00,
    0x00, 0x00, 0x00, 0x00, 0x00, 0x00, 0x00, 0x00, 0x00, 0x00, 0x00, 0x00, 0x00, 0x00, 0x00, 0x00, 0x00, 0x00, 0x00, 0x00, 0x00, 0x00, 0x00, 0x00,
    0x00, 0x00, 0x00, 0x00, 0x00, 0x00, 0x00, 0x00, 0x00, 0x00, 0x00, 0x00, 0x00, 0x00, 0x00, 0x00, 0x00, 0x00, 0x00, 0x00, 0x00, 0x00, 0x00, 0x00,
    0x00, 0x00, 0x00, 0x00, 0x00, 0x00, 0x00, 0x00, 0x00, 0x00, 0x00, 0x00, 0x00, 0x00, 0x00, 0x00, 0x00, 0x00, 0x00, 0x00, 0x00, 0x00, 0x00, 0x00,
    0x00, 0x00, 0x00, 0x00, 0x00, 0x00, 0x00, 0x00, 0x00, 0x00, 0x00, 0x00, 0x00, 0x00, 0x00, 0x00, 0x00, 0x00, 0x00, 0x00, 0x00, 0x00, 0x00, 0x00,
    0x00, 0x00, 0x00, 0x00, 0x00, 0x00, 0x00, 0x00, 0x00, 0x00, 0x00, 0x00, 0x00, 0x00, 0x00, 0x00, 0x00, 0x00, 0x00, 0x00, 0x00, 0x00, 0x00, 0x00,
    0x00, 0x00, 0x00, 0x00, 0x00, 0x00, 0x00, 0x00, 0x00, 0x00, 0x00, 0x00, 0x00, 0x00, 0x00, 0x00, 0x00, 0x00, 0x00, 0x00, 0x00, 0x00, 0x00, 0x00,
    0x00, 0x00, 0x00, 0x00, 0x00, 0x00, 0x00, 0x00, 0x00, 0x00, 0x00, 0x00, 0x00, 0x00, 0x00, 0x00, 0x00, 0x00, 0x00, 0x00, 0x00, 0x00, 0x00, 0x00,
    0x00, 0x00, 0x00, 0x00, 0x00, 0x00, 0x00, 0x00, 0x00, 0x00, 0x00, 0x00, 0x00, 0x00, 0x00, 0x00, 0x00, 0x00, 0x00, 0x00, 0x00, 0x27, 0x32, 0x9B,
    0x27, 0x32, 0x87, 0x00, 0x00, 0x00, 0x00, 0x00, 0x00, 0x00, 0x00, 0x00, 0x27, 0x32, 0x43, 0x27, 0x32, 0xDF, 0x00, 0x00, 0x00, 0x00, 0x00, 0x00,
    0x00, 0x00, 0x00, 0x00, 0x00, 0x00, 0x27, 0x32, 0x05, 0x27, 0x32, 0x27, 0x27, 0x32, 0xED, 0x27, 0x32, 0x10, 0x27, 0x32, 0x5F, 0x27, 0x32, 0xA9,
    0x27, 0x32, 0x1D, 0x27, 0x32, 0xED, 0x27, 0x32, 0x30, 0x00, 0x00, 0x00, 0x27, 0x32, 0x01, 0x27, 0x32, 0x10, 0x27, 0x32, 0xBE, 0x27, 0x32, 0x87,
    0x00, 0x00, 0x00, 0x00, 0x00, 0x00, 0x00, 0x00, 0x00, 0x00, 0x00, 0x00, 0x00, 0x00, 0x00, 0x00, 0x00, 0x00, 0x00, 0x00, 0x00, 0x27, 0x32, 0x8F,
    0x27, 0x32, 0x8B, 0x00, 0x00, 0x00, 0x27, 0x32, 0x63, 0x27, 0x32, 0xA7, 0x00, 0x00, 0x00, 0x27, 0x32, 0x43, 0x27, 0x32, 0xDB, 0x00, 0x00, 0x00,
    0x00, 0x00, 0x00, 0x27, 0x32, 0x6C, 0x27, 0x32, 0x9C, 0x27, 0x32, 0x06, 0x27, 0x32, 0xE7, 0x27, 0x32, 0x28, 0x27, 0x32, 0x07, 0x27, 0x32, 0x9E,
    0x27, 0x32, 0x7E, 0x27, 0x32, 0x07, 0x27, 0x32, 0x04, 0x00, 0x00, 0x00, 0x00, 0x00, 0x00, 0x00, 0x00, 0x00, 0x00, 0x00, 0x00, 0x00, 0x00, 0x00,
    0x00, 0x00, 0x00, 0x00, 0x00, 0x00, 0x00, 0x00, 0x00, 0x00, 0x00, 0x00, 0x00, 0x00, 0x00, 0x00, 0x00, 0x00, 0x00, 0x00, 0x00, 0x00, 0x00, 0x00,
    0x00, 0x00, 0x00, 0x00, 0x00, 0x00, 0x00, 0x00, 0x00, 0x00, 0x00, 0x00, 0x00, 0x00, 0x00, 0x00, 0x00, 0x00, 0x00, 0x00, 0x00, 0x00, 0x00, 0x00,
    0x00, 0x00, 0x00, 0x00, 0x00, 0x00, 0x00, 0x00, 0x00, 0x00, 0x00, 0x00, 0x00, 0x00, 0x00, 0x00, 0x00, 0x00, 0x00, 0x00, 0x00, 0x00, 0x00, 0x00,
    0x00, 0x00, 0x00, 0x00, 0x00, 0x00, 0x00, 0x00, 0x00, 0x00, 0x00, 0x00, 0x00, 0x00, 0x00, 0x00, 0x00, 0x00, 0x00, 0x00, 0x00, 0x00, 0x00, 0x00,
    0x00, 0x00, 0x00, 0x00, 0x00, 0x00, 0x00, 0x00, 0x00, 0x00, 0x00, 0x00, 0x00, 0x00, 0x00, 0x00, 0x00, 0x00, 0x00, 0x00, 0x00, 0x00, 0x00, 0x00,
    0x00, 0x00, 0x00, 0x00, 0x00, 0x00, 0x00, 0x00, 0x00, 0x00, 0x00, 0x00, 0x00, 0x00, 0x00, 0x00, 0x00, 0x00, 0x00, 0x00, 0x00, 0x00, 0x00, 0x00,
    0x00, 0x00, 0x00, 0x00, 0x00, 0x00, 0x00, 0x00, 0x00, 0x00, 0x00, 0x00, 0x00, 0x00, 0x00, 0x00, 0x00, 0x00, 0x00, 0x00, 0x00, 0x00, 0x00, 0x00,
    0x00, 0x00, 0x00, 0x00, 0x00, 0x00, 0x00, 0x00, 0x00, 0x00, 0x00, 0x00, 0x00, 0x00, 0x00, 0x00, 0x00, 0x00, 0x00, 0x00, 0x00, 0x00, 0x00, 0x00,
    0x00, 0x00, 0x00, 0x00, 0x00, 0x00, 0x00, 0x00, 0x00, 0x00, 0x00, 0x00, 0x00, 0x00, 0x00, 0x00, 0x00, 0x00, 0x00, 0x00, 0x00, 0x00, 0x00, 0x00,
    0x00, 0x00, 0x00, 0x00, 0x00, 0x00, 0x00, 0x00, 0x00, 0x00, 0x00, 0x00, 0x00, 0x00, 0x00, 0x00, 0x00, 0x00, 0x00, 0x00, 0x00, 0x00, 0x00, 0x00,
    0x00, 0x00, 0x00, 0x00, 0x00, 0x00, 0x00, 0x00, 0x00, 0x00, 0x00, 0x00, 0x00, 0x00, 0x00, 0x00, 0x00, 0x00, 0x00, 0x00, 0x00, 0x00, 0x00, 0x00,
    0x00, 0x00, 0x00, 0x00, 0x00, 0x00, 0x00, 0x00, 0x00, 0x00, 0x00, 0x00, 0x00, 0x00, 0x00, 0x00, 0x00, 0x00, 0x00, 0x00, 0x00, 0x00, 0x00, 0x00,
    0x00, 0x00, 0x00, 0x00, 0x00, 0x00, 0x00, 0x00, 0x00, 0x00, 0x00, 0x00, 0x00, 0x00, 0x00, 0x00, 0x00, 0x00, 0x00, 0x00, 0x00, 0x00, 0x00, 0x00,
    0x00, 0x00, 0x00, 0x00, 0x00, 0x00, 0x00, 0x00, 0x00, 0x00, 0x00, 0x00, 0x00, 0x00, 0x00, 0x00, 0x00, 0x00, 0x00, 0x00, 0x00, 0x00, 0x00, 0x00,
    0x27, 0x32, 0x9B, 0x27, 0x32, 0x87, 0x00, 0x00, 0x00, 0x00, 0x00, 0x00, 0x00, 0x00, 0x00, 0x27, 0x32, 0x43, 0x27, 0x32, 0xDF, 0x00, 0x00, 0x00,
    0x00, 0x00, 0x00, 0x00, 0x00, 0x00, 0x00, 0x00, 0x00, 0x00, 0x00, 0x00, 0x27, 0x32, 0x4B, 0x27, 0x32, 0xBA, 0x00, 0x00, 0x00, 0x27, 0x32, 0x76,
    0x27, 0x32, 0x8B, 0x27, 0x32, 0xC4, 0x27, 0x32, 0xF8, 0x27, 0x32, 0xDB, 0x27, 0x32, 0xED, 0x27, 0x32, 0xFD, 0x27, 0x32, 0xFF, 0x27, 0x32, 0xFB,
    0x27, 0x32, 0xF1, 0x27, 0x32, 0x11, 0x27, 0x32, 0x67, 0x27, 0x32, 0xFF, 0x27, 0x32, 0xFF, 0x27, 0x32, 0xCB, 0x00, 0x00, 0x00, 0x00, 0x00, 0x00,
    0x27, 0x32, 0x90, 0x27, 0x32, 0x8B, 0x00, 0x00, 0x00, 0x27, 0x32, 0x63, 0x27, 0x32, 0xA7, 0x00, 0x00, 0x00, 0x27, 0x32, 0x43, 0x27, 0x32, 0xDB,
    0x00, 0x00, 0x00, 0x27, 0x32, 0x17, 0x27, 0x32, 0xE4, 0x27, 0x32, 0x6A, 0x27, 0x32, 0x85, 0x27, 0x32, 0xC2, 0x27, 0x32, 0x60, 0x27, 0x32, 0xFF,
    0x27, 0x32, 0xFF, 0x27, 0x32, 0xFF, 0x27, 0x32, 0xFF, 0x27, 0x32, 0x8B, 0x00, 0x00, 0x00, 0x00, 0x00, 0x00, 0x00, 0x00, 0x00, 0x00, 0x00, 0x00,
    0x00, 0x00, 0x00, 0x00, 0x00, 0x00, 0x00, 0x00, 0x00, 0x00, 0x00, 0x00, 0x00, 0x00, 0x00, 0x00, 0x00, 0x00, 0x00, 0x00, 0x00, 0x00, 0x00, 0x00,
    0x00, 0x00, 0x00, 0x00, 0x00, 0x00, 0x00, 0x00, 0x00, 0x00, 0x00, 0x00, 0x00, 0x00, 0x00, 0x00, 0x00, 0x00, 0x00, 0x00, 0x00, 0x00, 0x00, 0x00,
    0x00, 0x00, 0x00, 0x00, 0x00, 0x00, 0x00, 0x00, 0x00, 0x00, 0x00, 0x00, 0x00, 0x00, 0x00, 0x00, 0x00, 0x00, 0x00, 0x00, 0x00, 0x00, 0x00, 0x00,
    0x00, 0x00, 0x00, 0x00, 0x00, 0x00, 0x00, 0x00, 0x00, 0x00, 0x00, 0x00, 0x00, 0x00, 0x00, 0x00, 0x00, 0x00, 0x00, 0x00, 0x00, 0x00, 0x00, 0x00,
    0x00, 0x00, 0x00, 0x00, 0x00, 0x00, 0x00, 0x00, 0x00, 0x00, 0x00, 0x00, 0x00, 0x00, 0x00, 0x00, 0x00, 0x00, 0x00, 0x00, 0x00, 0x00, 0x00, 0x00,
    0x00, 0x00, 0x00, 0x00, 0x00, 0x00, 0x00, 0x00, 0x00, 0x00, 0x00, 0x00, 0x00, 0x00, 0x00, 0x00, 0x00, 0x00, 0x00, 0x00, 0x00, 0x00, 0x00, 0x00,
    0x00, 0x00, 0x00, 0x00, 0x00, 0x00, 0x00, 0x00, 0x00, 0x00, 0x00, 0x00, 0x00, 0x00, 0x00, 0x00, 0x00, 0x00, 0x00, 0x00, 0x00, 0x00, 0x00, 0x00,
    0x00, 0x00, 0x00, 0x00, 0x00, 0x00, 0x00, 0x00, 0x00, 0x00, 0x00, 0x00, 0x00, 0x00, 0x00, 0x00, 0x00, 0x00, 0x00, 0x00, 0x00, 0x00, 0x00, 0x00,
    0x00, 0x00, 0x00, 0x00, 0x00, 0x00, 0x00, 0x00, 0x00, 0x00, 0x00, 0x00, 0x00, 0x00, 0x00, 0x00, 0x00, 0x00, 0x00, 0x00, 0x00, 0x00, 0x00, 0x00,
    0x00, 0x00, 0x00, 0x00, 0x00, 0x00, 0x00, 0x00, 0x00, 0x00, 0x00, 0x00, 0x00, 0x00, 0x00, 0x00, 0x00, 0x00, 0x00, 0x00, 0x00, 0x00, 0x00, 0x00,
    0x00, 0x00, 0x00, 0x00, 0x00, 0x00, 0x00, 0x00, 0x00, 0x00, 0x00, 0x00, 0x00, 0x00, 0x00, 0x00, 0x00, 0x00, 0x00, 0x00, 0x00, 0x00, 0x00, 0x00,
    0x00, 0x00, 0x00, 0x00, 0x00, 0x00, 0x00, 0x00, 0x00, 0x00, 0x00, 0x00, 0x00, 0x00, 0x00, 0x00, 0x00, 0x00, 0x00, 0x00, 0x00, 0x00, 0x00, 0x00,
    0x00, 0x00, 0x00, 0x00, 0x00, 0x00, 0x00, 0x00, 0x00, 0x00, 0x00, 0x00, 0x00, 0x00, 0x00, 0x00, 0x00, 0x00, 0x00, 0x00, 0x00, 0x00, 0x00, 0x00,
    0x00, 0x00, 0x00, 0x00, 0x00, 0x00, 0x00, 0x00, 0x00, 0x00, 0x00, 0x00, 0x00, 0x00, 0x00, 0x27, 0x32, 0x04, 0x27, 0x32, 0x13, 0x27, 0x32, 0x13,
    0x27, 0x32, 0x13, 0x27, 0x32, 0xA5, 0x27, 0x32, 0x91, 0x27, 0x32, 0x13, 0x27, 0x32, 0x13, 0x27, 0x32, 0x13, 0x27, 0x32, 0x52, 0x27, 0x32, 0xE2,
    0x27, 0x32, 0x13, 0x27, 0x32, 0x13, 0x27, 0x32, 0x13, 0x27, 0x32, 0x04, 0x00, 0x00, 0x00, 0x27, 0x32, 0x82, 0x27, 0x32, 0x85, 0x00, 0x00, 0x00,
    0x27, 0x32, 0x99, 0x27, 0x32, 0x6E, 0x27, 0x32, 0x69, 0x27, 0x32, 0x75, 0x27, 0x32, 0x57, 0x27, 0x32, 0x40, 0x27, 0x32, 0x29, 0x27, 0x32, 0x12,
    0x27, 0x32, 0x01, 0x27, 0x32, 0xAA, 0x27, 0x32, 0x4D, 0x27, 0x32, 0x0B, 0x27, 0x32, 0x1B, 0x27, 0x32, 0x5C, 0x27, 0x32, 0xCB, 0x00, 0x00, 0x00,
    0x00, 0x00, 0x00, 0x27, 0x32, 0x98, 0x27, 0x32, 0x83, 0x00, 0x00, 0x00, 0x27, 0x32, 0x63, 0x27, 0x32, 0xA7, 0x00, 0x00, 0x00, 0x27, 0x32, 0x43,
    0x27, 0x32, 0xDB, 0x00, 0x00, 0x00, 0x27, 0x32, 0x3C, 0x27, 0x32, 0xE8, 0x27, 0x32, 0xC1, 0x27, 0x32, 0xFF, 0x27, 0x32, 0x40, 0x00, 0x00, 0x00,
    0x27, 0x32, 0x44, 0x27, 0x32, 0xC9, 0x00, 0x00, 0x00, 0x27, 0x32, 0x87, 0x27, 0x32, 0x8B, 0x00, 0x00, 0x00, 0x00, 0x00, 0x00, 0x00, 0x00, 0x00,
    0x00, 0x00, 0x00, 0x00, 0x00, 0x00, 0x00, 0x00, 0x00, 0x00, 0x00, 0x00, 0x00, 0x00, 0x00, 0x00, 0x00, 0x00, 0x00, 0x00, 0x00, 0x00, 0x00, 0x00,
    0x00, 0x00, 0x00, 0x00, 0x00, 0x00, 0x00, 0x00, 0x00, 0x00, 0x00, 0x00, 0x00, 0x00, 0x00, 0x00, 0x00, 0x00, 0x00, 0x00, 0x00, 0x00, 0x00, 0x00,
    0x00, 0x00, 0x00, 0x00, 0x00, 0x00, 0x00, 0x00, 0x00, 0x00, 0x00, 0x00, 0x00, 0x00, 0x00, 0x00, 0x00, 0x00, 0x00, 0x00, 0x00, 0x00, 0x00, 0x00,
    0x00, 0x00, 0x00, 0x00, 0x00, 0x00, 0x00, 0x00, 0x00, 0x00, 0x00, 0x00, 0x00, 0x00, 0x00, 0x00, 0x00, 0x00, 0x00, 0x00, 0x00, 0x00, 0x00, 0x00,
    0x00, 0x00, 0x00, 0x00, 0x00, 0x00, 0x00, 0x00, 0x00, 0x00, 0x00, 0x00, 0x00, 0x00, 0x00, 0x00, 0x00, 0x00, 0x00, 0x00, 0x00, 0x00, 0x00, 0x00,
    0x00, 0x00, 0x00, 0x00, 0x00, 0x00, 0x00, 0x00, 0x00, 0x00, 0x00, 0x00, 0x00, 0x00, 0x00, 0x00, 0x00, 0x00, 0x00, 0x00, 0x00, 0x00, 0x00, 0x00,
    0x00, 0x00, 0x00, 0x00, 0x00, 0x00, 0x00, 0x00, 0x00, 0x00, 0x00, 0x00, 0x00, 0x00, 0x00, 0x00, 0x00, 0x00, 0x00, 0x00, 0x00, 0x00, 0x00, 0x00,
    0x00, 0x00, 0x00, 0x00, 0x00, 0x00, 0x00, 0x00, 0x00, 0x00, 0x00, 0x00, 0x00, 0x00, 0x00, 0x00, 0x00, 0x00, 0x00, 0x00, 0x00, 0x00, 0x00, 0x00,
    0x00, 0x00, 0x00, 0x00, 0x00, 0x00, 0x00, 0x00, 0x00, 0x00, 0x00, 0x00, 0x00, 0x00, 0x00, 0x00, 0x00, 0x00, 0x00, 0x00, 0x00, 0x00, 0x00, 0x00,
    0x00, 0x00, 0x00, 0x00, 0x00, 0x00, 0x00, 0x00, 0x00, 0x00, 0x00, 0x00, 0x00, 0x00, 0x00, 0x00, 0x00, 0x00, 0x00, 0x00, 0x00, 0x00, 0x00, 0x00,
    0x00, 0x00, 0x00, 0x00, 0x00, 0x00, 0x00, 0x00, 0x00, 0x00, 0x00, 0x00, 0x00, 0x00, 0x00, 0x00, 0x00, 0x00, 0x00, 0x00, 0x00, 0x00, 0x00, 0x00,
    0x00, 0x00, 0x00, 0x00, 0x00, 0x00, 0x00, 0x00, 0x00, 0x00, 0x00, 0x00, 0x00, 0x00, 0x00, 0x00, 0x00, 0x00, 0x00, 0x00, 0x00, 0x00, 0x00, 0x00,
    0x00, 0x00, 0x00, 0x00, 0x00, 0x00, 0x00, 0x00, 0x00, 0x00, 0x00, 0x00, 0x00, 0x00, 0x00, 0x00, 0x00, 0x00, 0x00, 0x00, 0x00, 0x00, 0x00, 0x00,
    0x00, 0x00, 0x00, 0x00, 0x00, 0x00, 0x00, 0x00, 0x00, 0x00, 0x00, 0x00, 0x00, 0x00, 0x00, 0x00, 0x00, 0x00, 0x27, 0x32, 0x3B, 0x27, 0x32, 0xFF,
    0x27, 0x32, 0xFF, 0x27, 0x32, 0xFF, 0x27, 0x32, 0xFF, 0x27, 0x32, 0xFF, 0x27, 0x32, 0xFF, 0x27, 0x32, 0xFF, 0x27, 0x32, 0xFF, 0x27, 0x32, 0xFF,
    0x27, 0x32, 0xFF, 0x27, 0x32, 0xFF, 0x27, 0x32, 0xFF, 0x27, 0x32, 0xFF, 0x27, 0x32, 0x3B, 0x00, 0x00, 0x00, 0x27, 0x32, 0xC3, 0x27, 0x32, 0x4B,
    0x00, 0x00, 0x00, 0x27, 0x32, 0xCD, 0x27, 0x32, 0x3F, 0x00, 0x00, 0x00, 0x00, 0x00, 0x00, 0x00, 0x00, 0x00, 0x00, 0x00, 0x00, 0x00, 0x00, 0x00,
    0x00, 0x00, 0x00, 0x00, 0x00, 0x00, 0x27, 0x32, 0x03, 0x00, 0x00, 0x00, 0x00, 0x00, 0x00, 0x00, 0x00, 0x00, 0x27, 0x32, 0x47, 0x27, 0x32, 0xCB,
    0x00, 0x00, 0x00, 0x00, 0x00, 0x00, 0x27, 0x32, 0xA8, 0x27, 0x32, 0x74, 0x00, 0x00, 0x00, 0x27, 0x32, 0x63, 0x27, 0x32, 0xA7, 0x00, 0x00, 0x00,
    0x27, 0x32, 0x43, 0x27, 0x32, 0xDB, 0x00, 0x00, 0x00, 0x00, 0x00, 0x00, 0x27, 0x32, 0x01, 0x27, 0x32, 0x79, 0x27, 0x32, 0xAA, 0x00, 0x00, 0x00,
    0x00, 0x00, 0x00, 0x27, 0x32, 0xB2, 0x27, 0x32, 0x6A, 0x27, 0x32, 0x03, 0x27, 0x32, 0x89, 0x27, 0x32, 0x8D, 0x27, 0x32, 0x03, 0x27, 0x32, 0x03,
    0x27, 0x32, 0x02, 0x00, 0x00, 0x00, 0x00, 0x00, 0x00, 0x00, 0x00, 0x00, 0x00, 0x00, 0x00, 0x00, 0x00, 0x00, 0x00, 0x00, 0x00, 0x00, 0x00, 0x00,
    0x00, 0x00, 0x00, 0x00, 0x00, 0x00, 0x00, 0x00, 0x00, 0x00, 0x00, 0x00, 0x00, 0x00, 0x00, 0x00, 0x00, 0x00, 0x00, 0x00, 0x00, 0x00, 0x00, 0x00,
    0x00, 0x00, 0x00, 0x00, 0x00, 0x00, 0x00, 0x00, 0x00, 0x00, 0x00, 0x00, 0x00, 0x00, 0x00, 0x00, 0x00, 0x00, 0x00, 0x00, 0x00, 0x00, 0x00, 0x00,
    0x00, 0x00, 0x00, 0x00, 0x00, 0x00, 0x00, 0x00, 0x00, 0x00, 0x00, 0x00, 0x00, 0x00, 0x00, 0x00, 0x00, 0x00, 0x00, 0x00, 0x00, 0x00, 0x00, 0x00,
    0x00, 0x00, 0x00, 0x00, 0x00, 0x00, 0x00, 0x00, 0x00, 0x00, 0x00, 0x00, 0x00, 0x00, 0x00, 0x00, 0x00, 0x00, 0x00, 0x00, 0x00, 0x00, 0x00, 0x00,
    0x00, 0x00, 0x00, 0x00, 0x00, 0x00, 0x00, 0x00, 0x00, 0x00, 0x00, 0x00, 0x00, 0x00, 0x00, 0x00, 0x00, 0x00, 0x00, 0x00, 0x00, 0x00, 0x00, 0x00,
    0x00, 0x00, 0x00, 0x00, 0x00, 0x00, 0x00, 0x00, 0x00, 0x00, 0x00, 0x00, 0x00, 0x00, 0x00, 0x00, 0x00, 0x00, 0x00, 0x00, 0x00, 0x00, 0x00, 0x00,
    0x00, 0x00, 0x00, 0x00, 0x00, 0x00, 0x00, 0x00, 0x00, 0x00, 0x00, 0x00, 0x00, 0x00, 0x00, 0x00, 0x00, 0x00, 0x00, 0x00, 0x00, 0x00, 0x00, 0x00,
    0x00, 0x00, 0x00, 0x00, 0x00, 0x00, 0x00, 0x00, 0x00, 0x00, 0x00, 0x00, 0x00, 0x00, 0x00, 0x00, 0x00, 0x00, 0x00, 0x00, 0x00, 0x00, 0x00, 0x00,
    0x00, 0x00, 0x00, 0x00, 0x00, 0x00, 0x00, 0x00, 0x00, 0x00, 0x00, 0x00, 0x00, 0x00, 0x00, 0x00, 0x00, 0x00, 0x00, 0x00, 0x00, 0x00, 0x00, 0x00,
    0x00, 0x00, 0x00, 0x00, 0x00, 0x00, 0x00, 0x00, 0x00, 0x00, 0x00, 0x00, 0x00, 0x00, 0x00, 0x00, 0x00, 0x00, 0x00, 0x00, 0x00, 0x00, 0x00, 0x00,
    0x00, 0x00, 0x00, 0x00, 0x00, 0x00, 0x00, 0x00, 0x00, 0x00, 0x00, 0x00, 0x00, 0x00, 0x00, 0x00, 0x00, 0x00, 0x00, 0x00, 0x00, 0x00, 0x00, 0x00,
    0x00, 0x00, 0x00, 0x00, 0x00, 0x00, 0x00, 0x00, 0x00, 0x00, 0x00, 0x00, 0x00, 0x00, 0x00, 0x00, 0x00, 0x00, 0x00, 0x00, 0x00, 0x00, 0x00, 0x00,
    0x00, 0x00, 0x00, 0x00, 0x00, 0x00, 0x00, 0x00, 0x00, 0x00, 0x00, 0x00, 0x00, 0x00, 0x00, 0x00, 0x00, 0x00, 0x00, 0x00, 0x00, 0x00, 0x00, 0x00,
    0x00, 0x00, 0x00, 0x00, 0x00, 0x00, 0x00, 0x00, 0x00, 0x27, 0x32, 0xC6, 0x27, 0x32, 0x63, 0x00, 0x00, 0x00, 0x00, 0x00, 0x00, 0x00, 0x00, 0x00,
    0x27, 0x32, 0x43, 0x27, 0x32, 0xDF, 0x00, 0x00, 0x00, 0x00, 0x00, 0x00, 0x00, 0x00, 0x00, 0x00, 0x00, 0x00, 0x00, 0x00, 0x00, 0x27, 0x32, 0xDD,
    0x27, 0x32, 0x9D, 0x27, 0x32, 0x1B, 0x27, 0x32, 0xF3, 0x27, 0x32, 0x06, 0x27, 0x32, 0x13, 0x27, 0x32, 0xFF, 0x27, 0x32, 0xFF, 0x27, 0x32, 0xFF,
    0x27, 0x32, 0xFF, 0x27, 0x32, 0xFF, 0x27, 0x32, 0xFF, 0x27, 0x32, 0x8F, 0x00, 0x00, 0x00, 0x00, 0x00, 0x00, 0x00, 0x00, 0x00, 0x27, 0x32, 0x47,
    0x27, 0x32, 0xCB, 0x00, 0x00, 0x00, 0x00, 0x00, 0x00, 0x27, 0x32, 0xB7, 0x27, 0x32, 0x66, 0x00, 0x00, 0x00, 0x27, 0x32, 0x63, 0x27, 0x32, 0xA7,
    0x00, 0x00, 0x00, 0x27, 0x32, 0x43, 0x27, 0x32, 0xDB, 0x00, 0x00, 0x00, 0x00, 0x00, 0x00, 0x27, 0x32, 0x26, 0x27, 0x32, 0xE3, 0x27, 0x32, 0x18,
    0x27, 0x32, 0x22, 0x27, 0x32, 0x26, 0x27, 0x32, 0xFF, 0x27, 0x32, 0xFF, 0x27, 0x32, 0xFF, 0x27, 0x32, 0xFF, 0x27, 0x32, 0xFF, 0x27, 0x32, 0xFF,
    0x27, 0x32, 0xFF, 0x27, 0x32, 0xAB, 0x00, 0x00, 0x00, 0x00, 0x00, 0x00, 0x00, 0x00, 0x00, 0x00, 0x00, 0x00, 0x00, 0x00, 0x00, 0x00, 0x00, 0x00,
    0x00, 0x00, 0x00, 0x00, 0x00, 0x00, 0x00, 0x00, 0x00, 0x00, 0x00, 0x00, 0x00, 0x00, 0x00, 0x00, 0x00, 0x00, 0x00, 0x00, 0x00, 0x00, 0x00, 0x00,
    0x00, 0x00, 0x00, 0x00, 0x00, 0x00, 0x00, 0x00, 0x00, 0x00, 0x00, 0x00, 0x00, 0x00, 0x00, 0x00, 0x00, 0x00, 0x00, 0x00, 0x00, 0x00, 0x00, 0x00,
    0x00, 0x00, 0x00, 0x00, 0x00, 0x00, 0x00, 0x00, 0x00, 0x00, 0x00, 0x00, 0x00, 0x00, 0x00, 0x00, 0x00, 0x00, 0x00, 0x00, 0x00, 0x00, 0x00, 0x00,
    0x00, 0x00, 0x00, 0x00, 0x00, 0x00, 0x00, 0x00, 0x00, 0x00, 0x00, 0x00, 0x00, 0x00, 0x00, 0x00, 0x00, 0x00, 0x00, 0x00, 0x00, 0x00, 0x00, 0x00,
    0x00, 0x00, 0x00, 0x00, 0x00, 0x00, 0x00, 0x00, 0x00, 0x00, 0x00, 0x00, 0x00, 0x00, 0x00, 0x00, 0x00, 0x00, 0x00, 0x00, 0x00, 0x00, 0x00, 0x00,
    0x00, 0x00, 0x00, 0x00, 0x00, 0x00, 0x00, 0x00, 0x00, 0x00, 0x00, 0x00, 0x00, 0x00, 0x00, 0x00, 0x00, 0x00, 0x00, 0x00, 0x00, 0x00, 0x00, 0x00,
    0x00, 0x00, 0x00, 0x00, 0x00, 0x00, 0x00, 0x00, 0x00, 0x00, 0x00, 0x00, 0x00, 0x00, 0x00, 0x00, 0x00, 0x00, 0x00, 0x00, 0x00, 0x00, 0x00, 0x00,
    0x00, 0x00, 0x00, 0x00, 0x00, 0x00, 0x00, 0x00, 0x00, 0x00, 0x00, 0x00, 0x00, 0x00, 0x00, 0x00, 0x00, 0x00, 0x00, 0x00, 0x00, 0x00, 0x00, 0x00,
    0x00, 0x00, 0x00, 0x00, 0x00, 0x00, 0x00, 0x00, 0x00, 0x00, 0x00, 0x00, 0x00, 0x00, 0x00, 0x00, 0x00, 0x00, 0x00, 0x00, 0x00, 0x00, 0x00, 0x00,
    0x00, 0x00, 0x00, 0x00, 0x00, 0x00, 0x00, 0x00, 0x00, 0x00, 0x00, 0x00, 0x00, 0x00, 0x00, 0x00, 0x00, 0x00, 0x00, 0x00, 0x00, 0x00, 0x00, 0x00,
    0x00, 0x00, 0x00, 0x00, 0x00, 0x00, 0x00, 0x00, 0x00, 0x00, 0x00, 0x00, 0x00, 0x00, 0x00, 0x00, 0x00, 0x00, 0x00, 0x00, 0x00, 0x00, 0x00, 0x00,
    0x00, 0x00, 0x00, 0x00, 0x00, 0x00, 0x00, 0x00, 0x00, 0x00, 0x00, 0x00, 0x00, 0x00, 0x00, 0x00, 0x00, 0x00, 0x00, 0x00, 0x00, 0x00, 0x00, 0x00,
    0x00, 0x00, 0x00, 0x00, 0x00, 0x00, 0x00, 0x00, 0x00, 0x00, 0x00, 0x00, 0x00, 0x00, 0x00, 0x00, 0x00, 0x00, 0x00, 0x00, 0x00, 0x00, 0x00, 0x00,
    0x00, 0x00, 0x00, 0x00, 0x00, 0x00, 0x00, 0x00, 0x00, 0x27, 0x32, 0x03, 0x27, 0x32, 0xF0, 0x27, 0x32, 0x3B, 0x00, 0x00, 0x00, 0x00, 0x00, 0x00,
    0x00, 0x00, 0x00, 0x27, 0x32, 0x43, 0x27, 0x32, 0xDF, 0x00, 0x00, 0x00, 0x00, 0x00, 0x00, 0x00, 0x00, 0x00, 0x00, 0x00, 0x00, 0x00, 0x00, 0x00,
    0x27, 0x32, 0x1B, 0x27, 0x32, 0xD0, 0x27, 0x32, 0xE8, 0x27, 0x32, 0xB6, 0x00, 0x00, 0x00, 0x27, 0x32, 0x13, 0x27, 0x32, 0xF4, 0x27, 0x32, 0x07,
    0x27, 0x32, 0x07, 0x27, 0x32, 0x07, 0x27, 0x32, 0x07, 0x27, 0x32, 0x87, 0x27, 0x32, 0x8F, 0x00, 0x00, 0x00, 0x00, 0x00, 0x00, 0x00, 0x00, 0x00,
    0x27, 0x32, 0x47, 0x27, 0x32, 0xCB, 0x00, 0x00, 0x00, 0x00, 0x00, 0x00, 0x27, 0x32, 0xC7, 0x27, 0x32, 0x57, 0x00, 0x00, 0x00, 0x27, 0x32, 0x63,
    0x27, 0x32, 0xA7, 0x00, 0x00, 0x00, 0x27, 0x32, 0x43, 0x27, 0x32, 0xDB, 0x00, 0x00, 0x00, 0x27, 0x32, 0x15, 0x27, 0x32, 0xD5, 0x27, 0x32, 0xEC,
    0x27, 0x32, 0xEF, 0x27, 0x32, 0xE5, 0x27, 0x32, 0x2B, 0x27, 0x32, 0x1B, 0x27, 0x32, 0x02, 0x00, 0x00, 0x00, 0x27, 0x32, 0x87, 0x27, 0x32, 0x8B,
    0x00, 0x00, 0x00, 0x00, 0x00, 0x00, 0x00, 0x00, 0x00, 0x00, 0x00, 0x00, 0x00, 0x00, 0x00, 0x00, 0x00, 0x00, 0x00, 0x00, 0x00, 0x00, 0x00, 0x00,
    0x00, 0x00, 0x00, 0x00, 0x00, 0x00, 0x00, 0x00, 0x00, 0x00, 0x00, 0x00, 0x00, 0x00, 0x00, 0x00, 0x00, 0x00, 0x00, 0x00, 0x00, 0x00, 0x00, 0x00,
    0x00, 0x00, 0x00, 0x00, 0x00, 0x00, 0x00, 0x00, 0x00, 0x00, 0x00, 0x00, 0x00, 0x00, 0x00, 0x00, 0x00, 0x00, 0x00, 0x00, 0x00, 0x00, 0x00, 0x00,
    0x00, 0x00, 0x00, 0x00, 0x00, 0x00, 0x00, 0x00, 0x00, 0x00, 0x00, 0x00, 0x00, 0x00, 0x00, 0x00, 0x00, 0x00, 0x00, 0x00, 0x00, 0x00, 0x00, 0x00,
    0x00, 0x00, 0x00, 0x00, 0x00, 0x00, 0x00, 0x00, 0x00, 0x00, 0x00, 0x00, 0x00, 0x00, 0x00, 0x00, 0x00, 0x00, 0x00, 0x00, 0x00, 0x00, 0x00, 0x00,
    0x00, 0x00, 0x00, 0x00, 0x00, 0x00, 0x00, 0x00, 0x00, 0x00, 0x00, 0x00, 0x00, 0x00, 0x00, 0x00, 0x00, 0x00, 0x00, 0x00, 0x00, 0x00, 0x00, 0x00,
    0x00, 0x00, 0x00, 0x00, 0x00, 0x00, 0x00, 0x00, 0x00, 0x00, 0x00, 0x00, 0x00, 0x00, 0x00, 0x00, 0x00, 0x00, 0x00, 0x00, 0x00, 0x00, 0x00, 0x00,
    0x00, 0x00, 0x00, 0x00, 0x00, 0x00, 0x00, 0x00, 0x00, 0x00, 0x00, 0x00, 0x00, 0x00, 0x00, 0x00, 0x00, 0x00, 0x00, 0x00, 0x00, 0x00, 0x00, 0x00,
    0x00, 0x00, 0x00, 0x00, 0x00, 0x00, 0x00, 0x00, 0x00, 0x00, 0x00, 0x00, 0x00, 0x00, 0x00, 0x00, 0x00, 0x00, 0x00, 0x00, 0x00, 0x00, 0x00, 0x00,
    0x00, 0x00, 0x00, 0x00, 0x00, 0x00, 0x00, 0x00, 0x00, 0x00, 0x00, 0x00, 0x00, 0x00, 0x00, 0x00, 0x00, 0x00, 0x00, 0x00, 0x00, 0x00, 0x00, 0x00,
    0x00, 0x00, 0x00, 0x00, 0x00, 0x00, 0x00, 0x00, 0x00, 0x00, 0x00, 0x00, 0x00, 0x00, 0x00, 0x00, 0x00, 0x00, 0x00, 0x00, 0x00, 0x00, 0x00, 0x00,
    0x00, 0x00, 0x00, 0x00, 0x00, 0x00, 0x00, 0x00, 0x00, 0x00, 0x00, 0x00, 0x00, 0x00, 0x00, 0x00, 0x00, 0x00, 0x00, 0x00, 0x00, 0x00, 0x00, 0x00,
    0x00, 0x00, 0x00, 0x00, 0x00, 0x00, 0x00, 0x00, 0x00, 0x00, 0x00, 0x00, 0x00, 0x00, 0x00, 0x00, 0x00, 0x00, 0x00, 0x00, 0x00, 0x00, 0x00, 0x00,
    0x00, 0x00, 0x00, 0x00, 0x00, 0x00, 0x00, 0x00, 0x00, 0x00, 0x00, 0x00, 0x00, 0x00, 0x00, 0x00, 0x00, 0x00, 0x00, 0x00, 0x00, 0x00, 0x00, 0x00,
    0x00, 0x00, 0x00, 0x00, 0x00, 0x00, 0x00, 0x00, 0x00, 0x00, 0x00, 0x00, 0x27, 0x32, 0x4A, 0x27, 0x32, 0xEF, 0x27, 0x32, 0x06, 0x00, 0x00, 0x00,
    0x00, 0x00, 0x00, 0x00, 0x00, 0x00, 0x27, 0x32, 0x43, 0x27, 0x32, 0xDF, 0x00, 0x00, 0x00, 0x00, 0x00, 0x00, 0x00, 0x00, 0x00, 0x00, 0x00, 0x00,
    0x00, 0x00, 0x00, 0x00, 0x00, 0x00, 0x27, 0x32, 0x0D, 0x27, 0x32, 0xEB, 0x27, 0x32, 0xC8, 0x27, 0x32, 0x06, 0x27, 0x32, 0x13, 0x27, 0x32, 0xF3,
    0x00, 0x00, 0x00, 0x00, 0x00, 0x00, 0x00, 0x00, 0x00, 0x00, 0x00, 0x00, 0x27, 0x32, 0x83, 0x27, 0x32, 0x8F, 0x00, 0x00, 0x00, 0x00, 0x00, 0x00,
    0x00, 0x00, 0x00, 0x27, 0x32, 0x47, 0x27, 0x32, 0xCB, 0x27, 0x32, 0x0C, 0x27, 0x32, 0x22, 0x27, 0x32, 0xE3, 0x27, 0x32, 0x45, 0x00, 0x00, 0x00,
    0x27, 0x32, 0x63, 0x27, 0x32, 0xA7, 0x00, 0x00, 0x00, 0x27, 0x32, 0x43, 0x27, 0x32, 0xDB, 0x00, 0x00, 0x00, 0x27, 0x32, 0x12, 0x27, 0x32, 0xAF,
    0x27, 0x32, 0x65, 0x27, 0x32, 0x24, 0x00, 0x00, 0x00, 0x00, 0x00, 0x00, 0x27, 0x32, 0x35, 0x27, 0x32, 0xC7, 0x27, 0x32, 0x01, 0x27, 0x32, 0x87,
    0x27, 0x32, 0x8B, 0x27, 0x32, 0x28, 0x27, 0x32, 0xB7, 0x27, 0x32, 0x01, 0x00, 0x00, 0x00, 0x00, 0x00, 0x00, 0x00, 0x00, 0x00, 0x00, 0x00, 0x00,
    0x00, 0x00, 0x00, 0x00, 0x00, 0x00, 0x00, 0x00, 0x00, 0x00, 0x00, 0x00, 0x00, 0x00, 0x00, 0x00, 0x00, 0x00, 0x00, 0x00, 0x00, 0x00, 0x00, 0x00,
    0x00, 0x00, 0x00, 0x00, 0x00, 0x00, 0x00, 0x00, 0x00, 0x00, 0x00, 0x00, 0x00, 0x00, 0x00, 0x00, 0x00, 0x00, 0x00, 0x00, 0x00, 0x00, 0x00, 0x00,
    0x00, 0x00, 0x00, 0x00, 0x00, 0x00, 0x00, 0x00, 0x00, 0x00, 0x00, 0x00, 0x00, 0x00, 0x00, 0x00, 0x00, 0x00, 0x00, 0x00, 0x00, 0x00, 0x00, 0x00,
    0x00, 0x00, 0x00, 0x00, 0x00, 0x00, 0x00, 0x00, 0x00, 0x00, 0x00, 0x00, 0x00, 0x00, 0x00, 0x00, 0x00, 0x00, 0x00, 0x00, 0x00, 0x00, 0x00, 0x00,
    0x00, 0x00, 0x00, 0x00, 0x00, 0x00, 0x00, 0x00, 0x00, 0x00, 0x00, 0x00, 0x00, 0x00, 0x00, 0x00, 0x00, 0x00, 0x00, 0x00, 0x00, 0x00, 0x00, 0x00,
    0x00, 0x00, 0x00, 0x00, 0x00, 0x00, 0x00, 0x00, 0x00, 0x00, 0x00, 0x00, 0x00, 0x00, 0x00, 0x00, 0x00, 0x00, 0x00, 0x00, 0x00, 0x00, 0x00, 0x00,
    0x00, 0x00, 0x00, 0x00, 0x00, 0x00, 0x00, 0x00, 0x00, 0x00, 0x00, 0x00, 0x00, 0x00, 0x00, 0x00, 0x00, 0x00, 0x00, 0x00, 0x00, 0x00, 0x00, 0x00,
    0x00, 0x00, 0x00, 0x00, 0x00, 0x00, 0x00, 0x00, 0x00, 0x00, 0x00, 0x00, 0x00, 0x00, 0x00, 0x00, 0x00, 0x00, 0x00, 0x00, 0x00, 0x00, 0x00, 0x00,
    0x00, 0x00, 0x00, 0x00, 0x00, 0x00, 0x00, 0x00, 0x00, 0x00, 0x00, 0x00, 0x00, 0x00, 0x00, 0x00, 0x00, 0x00, 0x00, 0x00, 0x00, 0x00, 0x00, 0x00,
    0x00, 0x00, 0x00, 0x00, 0x00, 0x00, 0x00, 0x00, 0x00, 0x00, 0x00, 0x00, 0x00, 0x00, 0x00, 0x00, 0x00, 0x00, 0x00, 0x00, 0x00, 0x00, 0x00, 0x00,
    0x00, 0x00, 0x00, 0x00, 0x00, 0x00, 0x00, 0x00, 0x00, 0x00, 0x00, 0x00, 0x00, 0x00, 0x00, 0x00, 0x00, 0x00, 0x00, 0x00, 0x00, 0x00, 0x00, 0x00,
    0x00, 0x00, 0x00, 0x00, 0x00, 0x00, 0x00, 0x00, 0x00, 0x00, 0x00, 0x00, 0x00, 0x00, 0x00, 0x00, 0x00, 0x00, 0x00, 0x00, 0x00, 0x00, 0x00, 0x00,
    0x00, 0x00, 0x00, 0x00, 0x00, 0x00, 0x00, 0x00, 0x00, 0x00, 0x00, 0x00, 0x00, 0x00, 0x00, 0x00, 0x00, 0x00, 0x00, 0x00, 0x00, 0x00, 0x00, 0x00,
    0x00, 0x00, 0x00, 0x00, 0x00, 0x00, 0x00, 0x00, 0x00, 0x00, 0x00, 0x00, 0x27, 0x32, 0x02, 0x27, 0x32, 0xC2, 0x27, 0x32, 0x9A, 0x00, 0x00, 0x00,
    0x00, 0x00, 0x00, 0x00, 0x00, 0x00, 0x00, 0x00, 0x00, 0x27, 0x32, 0x43, 0x27, 0x32, 0xDF, 0x00, 0x00, 0x00, 0x00, 0x00, 0x00, 0x00, 0x00, 0x00,
    0x00, 0x00, 0x00, 0x00, 0x00, 0x00, 0x00, 0x00, 0x00, 0x27, 0x32, 0x56, 0x27, 0x32, 0xEA, 0x27, 0x32, 0xD1, 0x27, 0x32, 0x9E, 0x27, 0x32, 0x14,
    0x27, 0x32, 0xF3, 0x00, 0x00, 0x00, 0x00, 0x00, 0x00, 0x00, 0x00, 0x00, 0x00, 0x00, 0x00, 0x27, 0x32, 0x83, 0x27, 0x32, 0x8F, 0x00, 0x00, 0x00,
    0x00, 0x00, 0x00, 0x00, 0x00, 0x00, 0x27, 0x32, 0x47, 0x27, 0x32, 0xDC, 0x27, 0x32, 0xCD, 0x27, 0x32, 0x9D, 0x27, 0x32, 0xFF, 0x27, 0x32, 0x14,
    0x00, 0x00, 0x00, 0x27, 0x32, 0x63, 0x27, 0x32, 0xA7, 0x00, 0x00, 0x00, 0x27, 0x32, 0x43, 0x27, 0x32, 0xDB, 0x00, 0x00, 0x00, 0x00, 0x00, 0x00,
    0x00, 0x00, 0x00, 0x00, 0x00, 0x00, 0x27, 0x32, 0x27, 0x27, 0x32, 0x8A, 0x27, 0x32, 0x19, 0x27, 0x32, 0xB0, 0x27, 0x32, 0x7A, 0x00, 0x00, 0x00,
    0x27, 0x32, 0x87, 0x27, 0x32, 0x8B, 0x27, 0x32, 0x01, 0x27, 0x32, 0xD0, 0x27, 0x32, 0x58, 0x00, 0x00, 0x00, 0x00, 0x00, 0x00, 0x00, 0x00, 0x00,
    0x00, 0x00, 0x00, 0x00, 0x00, 0x00, 0x00, 0x00, 0x00, 0x00, 0x00, 0x00, 0x00, 0x00, 0x00, 0x00, 0x00, 0x00, 0x00, 0x00, 0x00, 0x00, 0x00, 0x00,
    0x00, 0x00, 0x00, 0x00, 0x00, 0x00, 0x00, 0x00, 0x00, 0x00, 0x00, 0x00, 0x00, 0x00, 0x00, 0x00, 0x00, 0x00, 0x00, 0x00, 0x00, 0x00, 0x00, 0x00,
    0x00, 0x00, 0x00, 0x00, 0x00, 0x00, 0x00, 0x00, 0x00, 0x00, 0x00, 0x00, 0x00, 0x00, 0x00, 0x00, 0x00, 0x00, 0x00, 0x00, 0x00, 0x00, 0x00, 0x00,
    0x00, 0x00, 0x00, 0x00, 0x00, 0x00, 0x00, 0x00, 0x00, 0x00, 0x00, 0x00, 0x00, 0x00, 0x00, 0x00, 0x00, 0x00, 0x00, 0x00, 0x00, 0x00, 0x00, 0x00,
    0x00, 0x00, 0x00, 0x00, 0x00, 0x00, 0x00, 0x00, 0x00, 0x00, 0x00, 0x00, 0x00, 0x00, 0x00, 0x00, 0x00, 0x00, 0x00, 0x00, 0x00, 0x00, 0x00, 0x00,
    0x00, 0x00, 0x00, 0x00, 0x00, 0x00, 0x00, 0x00, 0x00, 0x00, 0x00, 0x00, 0x00, 0x00, 0x00, 0x00, 0x00, 0x00, 0x00, 0x00, 0x00, 0x00, 0x00, 0x00,
    0x00, 0x00, 0x00, 0x00, 0x00, 0x00, 0x00, 0x00, 0x00, 0x00, 0x00, 0x00, 0x00, 0x00, 0x00, 0x00, 0x00, 0x00, 0x00, 0x00, 0x00, 0x00, 0x00, 0x00,
    0x00, 0x00, 0x00, 0x00, 0x00, 0x00, 0x00, 0x00, 0x00, 0x00, 0x00, 0x00, 0x00, 0x00, 0x00, 0x00, 0x00, 0x00, 0x00, 0x00, 0x00, 0x00, 0x00, 0x00,
    0x00, 0x00, 0x00, 0x00, 0x00, 0x00, 0x00, 0x00, 0x00, 0x00, 0x00, 0x00, 0x00, 0x00, 0x00, 0x00, 0x00, 0x00, 0x00, 0x00, 0x00, 0x00, 0x00, 0x00,
    0x00, 0x00, 0x00, 0x00, 0x00, 0x00, 0x00, 0x00, 0x00, 0x00, 0x00, 0x00, 0x00, 0x00, 0x00, 0x00, 0x00, 0x00, 0x00, 0x00, 0x00, 0x00, 0x00, 0x00,
    0x00, 0x00, 0x00, 0x00, 0x00, 0x00, 0x00, 0x00, 0x00, 0x00, 0x00, 0x00, 0x00, 0x00, 0x00, 0x00, 0x00, 0x00, 0x00, 0x00, 0x00, 0x00, 0x00, 0x00,
    0x00, 0x00, 0x00, 0x00, 0x00, 0x00, 0x00, 0x00, 0x00, 0x00, 0x00, 0x00, 0x00, 0x00, 0x00, 0x00, 0x00, 0x00, 0x00, 0x00, 0x00, 0x00, 0x00, 0x00,
    0x00, 0x00, 0x00, 0x00, 0x00, 0x00, 0x00, 0x00, 0x00, 0x00, 0x00, 0x00, 0x00, 0x00, 0x00, 0x00, 0x00, 0x00, 0x00, 0x00, 0x00, 0x00, 0x00, 0x00,
    0x00, 0x00, 0x00, 0x00, 0x00, 0x00, 0x00, 0x00, 0x00, 0x00, 0x00, 0x00, 0x00, 0x00, 0x00, 0x27, 0x32, 0x7D, 0x27, 0x32, 0xEE, 0x27, 0x32, 0x18,
    0x00, 0x00, 0x00, 0x00, 0x00, 0x00, 0x00, 0x00, 0x00, 0x00, 0x00, 0x00, 0x27, 0x32, 0x43, 0x27, 0x32, 0xDF, 0x00, 0x00, 0x00, 0x00, 0x00, 0x00,
    0x00, 0x00, 0x00, 0x00, 0x00, 0x00, 0x00, 0x00, 0x00, 0x27, 0x32, 0x1D, 0x27, 0x32, 0xE3, 0x27, 0x32, 0x5C, 0x27, 0x32, 0x22, 0x27, 0x32, 0xC8,
    0x27, 0x32, 0x1A, 0x27, 0x32, 0xF3, 0x00, 0x00, 0x00, 0x00, 0x00, 0x00, 0x00, 0x00, 0x00, 0x00, 0x00, 0x00, 0x27, 0x32, 0x83, 0x27, 0x32, 0x8F,
    0x00, 0x00, 0x00, 0x00, 0x00, 0x00, 0x00, 0x00, 0x00, 0x27, 0x32, 0x66, 0x27, 0x32, 0xFF, 0x27, 0x32, 0x9B, 0x27, 0x32, 0x6E, 0x27, 0x32, 0xD8,
    0x00, 0x00, 0x00, 0x00, 0x00, 0x00, 0x27, 0x32, 0x49, 0x27, 0x32, 0x7B, 0x00, 0x00, 0x00, 0x27, 0x32, 0x43, 0x27, 0x32, 0xDB, 0x00, 0x00, 0x00,
    0x27, 0x32, 0x0B, 0x27, 0x32, 0x64, 0x27, 0x32, 0xC4, 0x27, 0x32, 0xEA, 0x27, 0x32, 0x81, 0x27, 0x32, 0x5E, 0x27, 0x32, 0xE1, 0x27, 0x32, 0x0C,
    0x00, 0x00, 0x00, 0x27, 0x32, 0x87, 0x27, 0x32, 0x8B, 0x00, 0x00, 0x00, 0x27, 0x32, 0x4C, 0x27, 0x32, 0xDA, 0x27, 0x32, 0x03, 0x00, 0x00, 0x00,
    0x00, 0x00, 0x00, 0x00, 0x00, 0x00, 0x00, 0x00, 0x00, 0x00, 0x00, 0x00, 0x00, 0x00, 0x00, 0x00, 0x00, 0x00, 0x00, 0x00, 0x00, 0x00, 0x00, 0x00,
    0x00, 0x00, 0x00, 0x00, 0x00, 0x00, 0x00, 0x00, 0x00, 0x00, 0x00, 0x00, 0x00, 0x00, 0x00, 0x00, 0x00, 0x00, 0x00, 0x00, 0x00, 0x00, 0x00, 0x00,
    0x00, 0x00, 0x00, 0x00, 0x00, 0x00, 0x00, 0x00, 0x00, 0x00, 0x00, 0x00, 0x00, 0x00, 0x00, 0x00, 0x00, 0x00, 0x00, 0x00, 0x00, 0x00, 0x00, 0x00,
    0x00, 0x00, 0x00, 0x00, 0x00, 0x00, 0x00, 0x00, 0x00, 0x00, 0x00, 0x00, 0x00, 0x00, 0x00, 0x00, 0x00, 0x00, 0x00, 0x00, 0x00, 0x00, 0x00, 0x00,
    0x00, 0x00, 0x00, 0x00, 0x00, 0x00, 0x00, 0x00, 0x00, 0x00, 0x00, 0x00, 0x00, 0x00, 0x00, 0x00, 0x00, 0x00, 0x00, 0x00, 0x00, 0x00, 0x00, 0x00,
    0x00, 0x00, 0x00, 0x00, 0x00, 0x00, 0x00, 0x00, 0x00, 0x00, 0x00, 0x00, 0x00, 0x00, 0x00, 0x00, 0x00, 0x00, 0x00, 0x00, 0x00, 0x00, 0x00, 0x00,
    0x00, 0x00, 0x00, 0x00, 0x00, 0x00, 0x00, 0x00, 0x00, 0x00, 0x00, 0x00, 0x00, 0x00, 0x00, 0x00, 0x00, 0x00, 0x00, 0x00, 0x00, 0x00, 0x00, 0x00,
    0x00, 0x00, 0x00, 0x00, 0x00, 0x00, 0x00, 0x00, 0x00, 0x00, 0x00, 0x00, 0x00, 0x00, 0x00, 0x00, 0x00, 0x00, 0x00, 0x00, 0x00, 0x00, 0x00, 0x00,
    0x00, 0x00, 0x00, 0x00, 0x00, 0x00, 0x00, 0x00, 0x00, 0x00, 0x00, 0x00, 0x00, 0x00, 0x00, 0x00, 0x00, 0x00, 0x00, 0x00, 0x00, 0x00, 0x00, 0x00,
    0x00, 0x00, 0x00, 0x00, 0x00, 0x00, 0x00, 0x00, 0x00, 0x00, 0x00, 0x00, 0x00, 0x00, 0x00, 0x00, 0x00, 0x00, 0x00, 0x00, 0x00, 0x00, 0x00, 0x00,
    0x00, 0x00, 0x00, 0x00, 0x00, 0x00, 0x00, 0x00, 0x00, 0x00, 0x00, 0x00, 0x00, 0x00, 0x00, 0x00, 0x00, 0x00, 0x00, 0x00, 0x00, 0x00, 0x00, 0x00,
    0x00, 0x00, 0x00, 0x00, 0x00, 0x00, 0x00, 0x00, 0x00, 0x00, 0x00, 0x00, 0x00, 0x00, 0x00, 0x00, 0x00, 0x00, 0x00, 0x00, 0x00, 0x00, 0x00, 0x00,
    0x00, 0x00, 0x00, 0x00, 0x00, 0x00, 0x00, 0x00, 0x00, 0x00, 0x00, 0x00, 0x00, 0x00, 0x00, 0x00, 0x00, 0x00, 0x00, 0x00, 0x00, 0x00, 0x00, 0x00,
    0x00, 0x00, 0x00, 0x00, 0x00, 0x00, 0x00, 0x00, 0x00, 0x00, 0x00, 0x00, 0x27, 0x32, 0x02, 0x27, 0x32, 0x8D, 0x27, 0x32, 0xF9, 0x27, 0x32, 0x50,
    0x00, 0x00, 0x00, 0x00, 0x00, 0x00, 0x00, 0x00, 0x00, 0x00, 0x00, 0x00, 0x00, 0x00, 0x00, 0x27, 0x32, 0x43, 0x27, 0x32, 0xDF, 0x00, 0x00, 0x00,
    0x00, 0x00, 0x00, 0x00, 0x00, 0x00, 0x00, 0x00, 0x00, 0x27, 0x32, 0x26, 0x27, 0x32, 0xE6, 0x27, 0x32, 0xA3, 0x00, 0x00, 0x00, 0x00, 0x00, 0x00,
    0x27, 0x32, 0x04, 0x27, 0x32, 0x13, 0x27, 0x32, 0xFF, 0x27, 0x32, 0xFF, 0x27, 0x32, 0xFF, 0x27, 0x32, 0xFF, 0x27, 0x32, 0xFF, 0x27, 0x32, 0xFF,
    0x27, 0x32, 0x8F, 0x00, 0x00, 0x00, 0x00, 0x00, 0x00, 0x00, 0x00, 0x00, 0x27, 0x32, 0xCB, 0x27, 0x32, 0x8C, 0x27, 0x32, 0x02, 0x27, 0x32, 0xDA,
    0x27, 0x32, 0x79, 0x00, 0x00, 0x00, 0x00, 0x00, 0x00, 0x00, 0x00, 0x00, 0x00, 0x00, 0x00, 0x00, 0x00, 0x00, 0x27, 0x32, 0x43, 0x27, 0x32, 0xDB,
    0x00, 0x00, 0x00, 0x27, 0x32, 0x2E, 0x27, 0x32, 0xD8, 0x27, 0x32, 0x67, 0x27, 0x32, 0x09, 0x27, 0x32, 0x05, 0x27, 0x32, 0xE0, 0x27, 0x32, 0x3C,
    0x27, 0x32, 0x03, 0x27, 0x32, 0x03, 0x27, 0x32, 0x93, 0x27, 0x32, 0x8A, 0x00, 0x00, 0x00, 0x00, 0x00, 0x00, 0x27, 0x32, 0xCE, 0x27, 0x32, 0x3A,
    0x00, 0x00, 0x00, 0x00, 0x00, 0x00, 0x00, 0x00, 0x00, 0x00, 0x00, 0x00, 0x00, 0x00, 0x00, 0x00, 0x00, 0x00, 0x00, 0x00, 0x00, 0x00, 0x00, 0x00,
    0x00, 0x00, 0x00, 0x00, 0x00, 0x00, 0x00, 0x00, 0x00, 0x00, 0x00, 0x00, 0x00, 0x00, 0x00, 0x00, 0x00, 0x00, 0x00, 0x00, 0x00, 0x00, 0x00, 0x00,
    0x00, 0x00, 0x00, 0x00, 0x00, 0x00, 0x00, 0x00, 0x00, 0x00, 0x00, 0x00, 0x00, 0x00, 0x00, 0x00, 0x00, 0x00, 0x00, 0x00, 0x00, 0x00, 0x00, 0x00,
    0x00, 0x00, 0x00, 0x00, 0x00, 0x00, 0x00, 0x00, 0x00, 0x00, 0x00, 0x00, 0x00, 0x00, 0x00, 0x00, 0x00, 0x00, 0x00, 0x00, 0x00, 0x00, 0x00, 0x00,
    0x00, 0x00, 0x00, 0x00, 0x00, 0x00, 0x00, 0x00, 0x00, 0x00, 0x00, 0x00, 0x00, 0x00, 0x00, 0x00, 0x00, 0x00, 0x00, 0x00, 0x00, 0x00, 0x00, 0x00,
    0x00, 0x00, 0x00, 0x00, 0x00, 0x00, 0x00, 0x00, 0x00, 0x00, 0x00, 0x00, 0x00, 0x00, 0x00, 0x00, 0x00, 0x00, 0x00, 0x00, 0x00, 0x00, 0x00, 0x00,
    0x00, 0x00, 0x00, 0x00, 0x00, 0x00, 0x00, 0x00, 0x00, 0x00, 0x00, 0x00, 0x00, 0x00, 0x00, 0x00, 0x00, 0x00, 0x00, 0x00, 0x00, 0x00, 0x00, 0x00,
    0x00, 0x00, 0x00, 0x00, 0x00, 0x00, 0x00, 0x00, 0x00, 0x00, 0x00, 0x00, 0x00, 0x00, 0x00, 0x00, 0x00, 0x00, 0x00, 0x00, 0x00, 0x00, 0x00, 0x00,
    0x00, 0x00, 0x00, 0x00, 0x00, 0x00, 0x00, 0x00, 0x00, 0x00, 0x00, 0x00, 0x00, 0x00, 0x00, 0x00, 0x00, 0x00, 0x00, 0x00, 0x00, 0x00, 0x00, 0x00,
    0x00, 0x00, 0x00, 0x00, 0x00, 0x00, 0x00, 0x00, 0x00, 0x00, 0x00, 0x00, 0x00, 0x00, 0x00, 0x00, 0x00, 0x00, 0x00, 0x00, 0x00, 0x00, 0x00, 0x00,
    0x00, 0x00, 0x00, 0x00, 0x00, 0x00, 0x00, 0x00, 0x00, 0x00, 0x00, 0x00, 0x00, 0x00, 0x00, 0x00, 0x00, 0x00, 0x00, 0x00, 0x00, 0x00, 0x00, 0x00,
    0x00, 0x00, 0x00, 0x00, 0x00, 0x00, 0x00, 0x00, 0x00, 0x00, 0x00, 0x00, 0x00, 0x00, 0x00, 0x00, 0x00, 0x00, 0x00, 0x00, 0x00, 0x00, 0x00, 0x00,
    0x00, 0x00, 0x00, 0x00, 0x00, 0x00, 0x00, 0x00, 0x00, 0x00, 0x00, 0x00, 0x00, 0x00, 0x00, 0x00, 0x00, 0x00, 0x00, 0x00, 0x00, 0x00, 0x00, 0x00,
    0x00, 0x00, 0x00, 0x00, 0x00, 0x00, 0x00, 0x00, 0x00, 0x00, 0x00, 0x00, 0x00, 0x00, 0x00, 0x27, 0x32, 0x06, 0x27, 0x32, 0xA4, 0x27, 0x32, 0x40,
    0x00, 0x00, 0x00, 0x00, 0x00, 0x00, 0x00, 0x00, 0x00, 0x00, 0x00, 0x00, 0x00, 0x00, 0x00, 0x00, 0x00, 0x00, 0x27, 0x32, 0x3B, 0x27, 0x32, 0xC3,
    0x00, 0x00, 0x00, 0x00, 0x00, 0x00, 0x00, 0x00, 0x00, 0x00, 0x00, 0x00, 0x27, 0x32, 0x0A, 0x27, 0x32, 0x79, 0x27, 0x32, 0x01, 0x00, 0x00, 0x00,
    0x00, 0x00, 0x00, 0x00, 0x00, 0x00, 0x27, 0x32, 0x0F, 0x27, 0x32, 0xC2, 0x27, 0x32, 0x03, 0x27, 0x32, 0x03, 0x27, 0x32, 0x03, 0x27, 0x32, 0x03,
    0x27, 0x32, 0x66, 0x27, 0x32, 0x6E, 0x00, 0x00, 0x00, 0x00, 0x00, 0x00, 0x00, 0x00, 0x00, 0x27, 0x32, 0x31, 0x00, 0x00, 0x00, 0x27, 0x32, 0x05,
    0x27, 0x32, 0x8B, 0x27, 0x32, 0x14, 0x00, 0x00, 0x00, 0x00, 0x00, 0x00, 0x00, 0x00, 0x00, 0x00, 0x00, 0x00, 0x00, 0x00, 0x00, 0x27, 0x32, 0x2B,
    0x27, 0x32, 0x8C, 0x00, 0x00, 0x00, 0x27, 0x32, 0x01, 0x27, 0x32, 0x01, 0x00, 0x00, 0x00, 0x00, 0x00, 0x00, 0x00, 0x00, 0x00, 0x27, 0x32, 0x13,
    0x00, 0x00, 0x00, 0x27, 0x32, 0x54, 0x27, 0x32, 0xFD, 0x27, 0x32, 0xEA, 0x27, 0x32, 0x49, 0x00, 0x00, 0x00, 0x00, 0x00, 0x00, 0x27, 0x32, 0x07,
    0x00, 0x00, 0x00, 0x00, 0x00, 0x00, 0x00, 0x00, 0x00, 0x00, 0x00, 0x00, 0x00, 0x00, 0x00, 0x00, 0x00, 0x00, 0x00, 0x00, 0x00, 0x00, 0x00, 0x00,
    0x00, 0x00, 0x00, 0x00, 0x00, 0x00, 0x00, 0x00, 0x00, 0x00, 0x00, 0x00, 0x00, 0x00, 0x00, 0x00, 0x00, 0x00, 0x00, 0x00, 0x00, 0x00, 0x00, 0x00,
    0x00, 0x00, 0x00, 0x00, 0x00, 0x00, 0x00, 0x00, 0x00, 0x00, 0x00, 0x00, 0x00, 0x00, 0x00, 0x00, 0x00, 0x00, 0x00, 0x00, 0x00, 0x00, 0x00, 0x00,
    0x00, 0x00, 0x00, 0x00, 0x00, 0x00, 0x00, 0x00, 0x00, 0x00, 0x00, 0x00, 0x00, 0x00, 0x00, 0x00, 0x00, 0x00, 0x00, 0x00, 0x00, 0x00, 0x00, 0x00,
    0x00, 0x00, 0x00, 0x00, 0x00, 0x00, 0x00, 0x00, 0x00, 0x00, 0x00, 0x00, 0x00, 0x00, 0x00, 0x00, 0x00, 0x00, 0x00, 0x00, 0x00, 0x00, 0x00, 0x00,
    0x00, 0x00, 0x00, 0x00, 0x00, 0x00, 0x00, 0x00, 0x00, 0x00, 0x00, 0x00, 0x00, 0x00, 0x00, 0x00, 0x00, 0x00, 0x00, 0x00, 0x00, 0x00, 0x00, 0x00,
    0x00, 0x00, 0x00, 0x00, 0x00, 0x00, 0x00, 0x00, 0x00, 0x00, 0x00, 0x00, 0x00, 0x00, 0x00, 0x00, 0x00, 0x00, 0x00, 0x00, 0x00, 0x00, 0x00, 0x00,
    0x00, 0x00, 0x00, 0x00, 0x00, 0x00, 0x00, 0x00, 0x00, 0x00, 0x00, 0x00, 0x00, 0x00, 0x00, 0x00, 0x00, 0x00, 0x00, 0x00, 0x00, 0x00, 0x00, 0x00,
    0x00, 0x00, 0x00, 0x00, 0x00, 0x00, 0x00, 0x00, 0x00, 0x00, 0x00, 0x00, 0x00, 0x00, 0x00, 0x00, 0x00, 0x00, 0x00, 0x00, 0x00, 0x00, 0x00, 0x00,
    0x00, 0x00, 0x00, 0x00, 0x00, 0x00, 0x00, 0x00, 0x00, 0x00, 0x00, 0x00, 0x00, 0x00, 0x00, 0x00, 0x00, 0x00, 0x00, 0x00, 0x00, 0x00, 0x00, 0x00,
    0x00, 0x00, 0x00, 0x00, 0x00, 0x00, 0x00, 0x00, 0x00, 0x00, 0x00, 0x00, 0x00, 0x00, 0x00, 0x00, 0x00, 0x00, 0x00, 0x00, 0x00, 0x00, 0x00, 0x00,
    0x00, 0x00, 0x00, 0x00, 0x00, 0x00, 0x00, 0x00, 0x00, 0x00, 0x00, 0x00, 0x00, 0x00, 0x00, 0x00, 0x00, 0x00, 0x00, 0x00, 0x00, 0x00, 0x00, 0x00,
    0x00, 0x00, 0x00, 0x00, 0x00, 0x00, 0x00, 0x00, 0x00, 0x00, 0x00, 0x00, 0x00, 0x00, 0x00, 0x00, 0x00, 0x00, 0x00, 0x00, 0x00, 0x00, 0x00, 0x00,
    0x00, 0x00, 0x00, 0x00, 0x00, 0x00, 0x00, 0x00, 0x00, 0x00, 0x00, 0x00, 0x00, 0x00, 0x00, 0x00, 0x00, 0x00, 0x00, 0x00, 0x00, 0x00, 0x00, 0x00,
    0x00, 0x00, 0x00, 0x00, 0x00, 0x00, 0x00, 0x00, 0x00, 0x00, 0x00, 0x00, 0x00, 0x00, 0x00, 0x00, 0x00, 0x00, 0x00, 0x00, 0x00, 0x00, 0x00, 0x00,
    0x00, 0x00, 0x00, 0x00, 0x00, 0x00, 0x00, 0x00, 0x00, 0x00, 0x00, 0x00, 0x00, 0x00, 0x00, 0x00, 0x00, 0x00, 0x00, 0x00, 0x00, 0x00, 0x00, 0x00,
    0x00, 0x00, 0x00, 0x00, 0x00, 0x00, 0x00, 0x00, 0x00, 0x00, 0x00, 0x00, 0x00, 0x00, 0x00, 0x00, 0x00, 0x00, 0x00, 0x00, 0x00, 0x00, 0x00, 0x00,
    0x00, 0x00, 0x00, 0x00, 0x00, 0x00, 0x00, 0x00, 0x00, 0x00, 0x00, 0x00, 0x00, 0x00, 0x00, 0x00, 0x00, 0x00, 0x00, 0x00, 0x00, 0x00, 0x00, 0x00,
    0x00, 0x00, 0x00, 0x00, 0x00, 0x00, 0x00, 0x00, 0x00, 0x00, 0x00, 0x00, 0x00, 0x00, 0x00, 0x00, 0x00, 0x00, 0x00, 0x00, 0x00, 0x00, 0x00, 0x00,
    0x00, 0x00, 0x00, 0x00, 0x00, 0x00, 0x00, 0x00, 0x00, 0x00, 0x00, 0x00, 0x00, 0x00, 0x00, 0x00, 0x00, 0x00, 0x00, 0x00, 0x00, 0x00, 0x00, 0x00,
    0x00, 0x00, 0x00, 0x00, 0x00, 0x00, 0x00, 0x00, 0x00, 0x00, 0x00, 0x00, 0x00, 0x00, 0x00, 0x00, 0x00, 0x00, 0x00, 0x00, 0x00, 0x00, 0x00, 0x00,
    0x00, 0x00, 0x00, 0x00, 0x00, 0x00, 0x00, 0x00, 0x00, 0x00, 0x00, 0x00, 0x00, 0x00, 0x00, 0x00, 0x00, 0x00, 0x00, 0x00, 0x00, 0x00, 0x00, 0x00,
    0x00, 0x00, 0x00, 0x00, 0x00, 0x00, 0x00, 0x00, 0x00, 0x00, 0x00, 0x00, 0x00, 0x00, 0x00, 0x00, 0x00, 0x00, 0x00, 0x00, 0x00, 0x00, 0x00, 0x00,
    0x00, 0x00, 0x00, 0x00, 0x00, 0x00, 0x00, 0x00, 0x00, 0x00, 0x00, 0x00, 0x00, 0x00, 0x00, 0x00, 0x00, 0x00, 0x00, 0x00, 0x00, 0x00, 0x00, 0x00,
    0x00, 0x00, 0x00, 0x00, 0x00, 0x00, 0x00, 0x00, 0x00, 0x00, 0x00, 0x00, 0x00, 0x00, 0x00, 0x00, 0x00, 0x00, 0x00, 0x00, 0x00, 0x00, 0x00, 0x00,
    0x00, 0x00, 0x00, 0x00, 0x00, 0x00, 0x00, 0x00, 0x00, 0x00, 0x00, 0x00, 0x00, 0x00, 0x00, 0x00, 0x00, 0x00, 0x00, 0x00, 0x00, 0x00, 0x00, 0x00,
    0x00, 0x00, 0x00, 0x00, 0x00, 0x00, 0x00, 0x00, 0x00, 0x00, 0x00, 0x00, 0x00, 0x00, 0x00, 0x00, 0x00, 0x00, 0x00, 0x00, 0x00, 0x00, 0x00, 0x00,
    0x00, 0x00, 0x00, 0x00, 0x00, 0x00, 0x00, 0x00, 0x00, 0x00, 0x00, 0x00, 0x00, 0x00, 0x00, 0x00, 0x00, 0x00, 0x00, 0x00, 0x00, 0x00, 0x00, 0x00,
    0x00, 0x00, 0x00, 0x00, 0x00, 0x00, 0x00, 0x00, 0x00, 0x00, 0x00, 0x00, 0x00, 0x00, 0x00, 0x00, 0x00, 0x00, 0x00, 0x00, 0x00, 0x00, 0x00, 0x00,
    0x00, 0x00, 0x00, 0x00, 0x00, 0x00, 0x00, 0x00, 0x00, 0x00, 0x00, 0x00, 0x00, 0x00, 0x00, 0x00, 0x00, 0x00, 0x00, 0x00, 0x00, 0x00, 0x00, 0x00,
    0x00, 0x00, 0x00, 0x00, 0x00, 0x00, 0x00, 0x00, 0x00, 0x00, 0x00, 0x00, 0x00, 0x00, 0x00, 0x00, 0x00, 0x00, 0x00, 0x00, 0x00, 0x00, 0x00, 0x00,
    0x00, 0x00, 0x00, 0x00, 0x00, 0x00, 0x00, 0x00, 0x00, 0x00, 0x00, 0x00, 0x00, 0x00, 0x00, 0x00, 0x00, 0x00, 0x00, 0x00, 0x00, 0x00, 0x00, 0x00,
    0x00, 0x00, 0x00, 0x00, 0x00, 0x00, 0x00, 0x00, 0x00, 0x00, 0x00, 0x00, 0x00, 0x00, 0x00, 0x00, 0x00, 0x00, 0x00, 0x00, 0x00, 0x00, 0x00, 0x00,
    0x00, 0x00, 0x00, 0x00, 0x00, 0x00, 0x00, 0x00, 0x00, 0x00, 0x00, 0x00, 0x00, 0x00, 0x00, 0x00, 0x00, 0x00, 0x00, 0x00, 0x00, 0x00, 0x00, 0x00,
    0x00, 0x00, 0x00, 0x00, 0x00, 0x00, 0x00, 0x00, 0x00, 0x00, 0x00, 0x00, 0x00, 0x00, 0x00, 0x00, 0x00, 0x00, 0x00, 0x00, 0x00, 0x00, 0x00, 0x00,
    0x00, 0x00, 0x00, 0x00, 0x00, 0x00, 0x00, 0x00, 0x00, 0x00, 0x00, 0x00, 0x00, 0x00, 0x00, 0x00, 0x00, 0x00, 0x00, 0x00, 0x00, 0x00, 0x00, 0x00,
    0x00, 0x00, 0x00, 0x00, 0x00, 0x00, 0x00, 0x00, 0x00, 0x00, 0x00, 0x00, 0x00, 0x00, 0x00, 0x00, 0x00, 0x00, 0x00, 0x00, 0x00, 0x00, 0x00, 0x00,
    0x00, 0x00, 0x00, 0x00, 0x00, 0x00, 0x00, 0x00, 0x00, 0x00, 0x00, 0x00, 0x00, 0x00, 0x00, 0x00, 0x00, 0x00, 0x00, 0x00, 0x00, 0x00, 0x00, 0x00,
    0x00, 0x00, 0x00, 0x00, 0x00, 0x00, 0x00, 0x00, 0x00, 0x00, 0x00, 0x00, 0x00, 0x00, 0x00, 0x00, 0x00, 0x00, 0x00, 0x00, 0x00, 0x00, 0x00, 0x00,
    0x00, 0x00, 0x00, 0x00, 0x00, 0x00, 0x00, 0x00, 0x00, 0x00, 0x00, 0x00, 0x00, 0x00, 0x00, 0x00, 0x00, 0x00, 0x00, 0x00, 0x00, 0x00, 0x00, 0x00,
    0x00, 0x00, 0x00, 0x00, 0x00, 0x00, 0x00, 0x00, 0x00, 0x00, 0x00, 0x00, 0x00, 0x00, 0x00, 0x00, 0x00, 0x00, 0x00, 0x00, 0x00, 0x00, 0x00, 0x00,
    0x00, 0x00, 0x00, 0x00, 0x00, 0x00, 0x00, 0x00, 0x00, 0x00, 0x00, 0x00, 0x00, 0x00, 0x00, 0x00, 0x00, 0x00, 0x00, 0x00, 0x00, 0x00, 0x00, 0x00,
    0x00, 0x00, 0x00, 0x00, 0x00, 0x00, 0x00, 0x00, 0x00, 0x00, 0x00, 0x00, 0x00, 0x00, 0x00, 0x00, 0x00, 0x00, 0x00, 0x00, 0x00, 0x00, 0x00, 0x00,
    0x00, 0x00, 0x00, 0x00, 0x00, 0x00, 0x00, 0x00, 0x00, 0x00, 0x00, 0x00, 0x00, 0x00, 0x00, 0x00, 0x00, 0x00, 0x00, 0x00, 0x00, 0x00, 0x00, 0x00,
    0x00, 0x00, 0x00, 0x00, 0x00, 0x00, 0x00, 0x00, 0x00, 0x00, 0x00, 0x00, 0x00, 0x00, 0x00, 0x00, 0x00, 0x00, 0x00, 0x00, 0x00, 0x00, 0x00, 0x00,
    0x00, 0x00, 0x00, 0x00, 0x00, 0x00, 0x00, 0x00, 0x00, 0x00, 0x00, 0x00, 0x00, 0x00, 0x00, 0x00, 0x00, 0x00, 0x00, 0x00, 0x00, 0x00, 0x00, 0x00,
    0x00, 0x00, 0x00, 0x00, 0x00, 0x00, 0x00, 0x00, 0x00, 0x00, 0x00, 0x00, 0x00, 0x00, 0x00, 0x00, 0x00, 0x00, 0x00, 0x00, 0x00, 0x00, 0x00, 0x00,
    0x00, 0x00, 0x00, 0x00, 0x00, 0x00, 0x00, 0x00, 0x00, 0x00, 0x00, 0x00, 0x00, 0x00, 0x00, 0x00, 0x00, 0x00, 0x00, 0x00, 0x00, 0x00, 0x00, 0x00,
    0x00, 0x00, 0x00, 0x00, 0x00, 0x00, 0x00, 0x00, 0x00, 0x00, 0x00, 0x00, 0x00, 0x00, 0x00, 0x00, 0x00, 0x00, 0x00, 0x00, 0x00, 0x00, 0x00, 0x00,
    0x00, 0x00, 0x00, 0x00, 0x00, 0x00, 0x00, 0x00, 0x00, 0x00, 0x00, 0x00, 0x00, 0x00, 0x00, 0x00, 0x00, 0x00, 0x00, 0x00, 0x00, 0x00, 0x00, 0x00,
    0x00, 0x00, 0x00, 0x00, 0x00, 0x00, 0x00, 0x00, 0x00, 0x00, 0x00, 0x00, 0x00, 0x00, 0x00, 0x00, 0x00, 0x00, 0x00, 0x00, 0x00, 0x00, 0x00, 0x00,
    0x00, 0x00, 0x00, 0x00, 0x00, 0x00, 0x00, 0x00, 0x00, 0x00, 0x00, 0x00, 0x00, 0x00, 0x00, 0x00, 0x00, 0x00, 0x00, 0x00, 0x00, 0x00, 0x00, 0x00,
    0x00, 0x00, 0x00, 0x00, 0x00, 0x00, 0x00, 0x00, 0x00, 0x00, 0x00, 0x00, 0x00, 0x00, 0x00, 0x00, 0x00, 0x00, 0x00, 0x00, 0x00, 0x00, 0x00, 0x00,
    0x00, 0x00, 0x00, 0x00, 0x00, 0x00, 0x00, 0x00, 0x00, 0x00, 0x00, 0x00, 0x00, 0x00, 0x00, 0x00, 0x00, 0x00, 0x00, 0x00, 0x00, 0x00, 0x00, 0x00,
    0x00, 0x00, 0x00, 0x00, 0x00, 0x00, 0x00, 0x00, 0x00, 0x00, 0x00, 0x00, 0x00, 0x00, 0x00, 0x00, 0x00, 0x00, 0x00, 0x00, 0x00, 0x00, 0x00, 0x00,
    0x00, 0x00, 0x00, 0x00, 0x00, 0x00, 0x00, 0x00, 0x00, 0x00, 0x00, 0x00, 0x00, 0x00, 0x00, 0x00, 0x00, 0x00,
};
const lv_img_dsc_t flow_hold_auto_v2 = {
    .header.always_zero = 0,
    .header.w = 169,
    .header.h = 38,
    .data_size = 19266,
    .header.cf = LV_IMG_CF_TRUE_COLOR_ALPHA,
    .data = flow_hold_auto_v2_map,
};

#ifndef LV_ATTRIBUTE_IMG_FLOW_PAUSE_TRAINING
#define LV_ATTRIBUTE_IMG_FLOW_PAUSE_TRAINING
#endif
const LV_ATTRIBUTE_MEM_ALIGN LV_ATTRIBUTE_LARGE_CONST LV_ATTRIBUTE_IMG_FLOW_PAUSE_TRAINING uint8_t flow_pause_training_map[] = {
    0x00, 0x00, 0x00, 0x00, 0x00, 0x00, 0x00, 0x00, 0x00, 0x00, 0x00, 0x00, 0x00, 0x00, 0x00, 0x00, 0x00, 0x00, 0x00, 0x00, 0x00, 0x00, 0x00, 0x00,
    0x00, 0x00, 0x00, 0x00, 0x00, 0x00, 0x00, 0x00, 0x00, 0x00, 0x00, 0x00, 0x00, 0x00, 0x00, 0x00, 0x00, 0x00, 0x00, 0x00, 0x00, 0x00, 0x00, 0x00,
    0x00, 0x00, 0x00, 0x00, 0x00, 0x00, 0x00, 0x00, 0x00, 0x00, 0x00, 0x00, 0x00, 0x00, 0x00, 0x00, 0x00, 0x00, 0x00, 0x00, 0x00, 0x00, 0x00, 0x00,
    0x00, 0x00, 0x00, 0x00, 0x00, 0x00, 0x00, 0x00, 0x00, 0x00, 0x00, 0x00, 0x00, 0x00, 0x00, 0x00, 0x00, 0x00, 0x00, 0x00, 0x00, 0x00, 0x00, 0x00,
    0x00, 0x00, 0x00, 0x00, 0x00, 0x00, 0x00, 0x00, 0x00, 0x00, 0x00, 0x00, 0x00, 0x00, 0x00, 0x00, 0x00, 0x00, 0x00, 0x00, 0x00, 0x00, 0x00, 0x00,
    0x00, 0x00, 0x00, 0x00, 0x00, 0x00, 0x00, 0x00, 0x00, 0x00, 0x00, 0x00, 0x00, 0x00, 0x00, 0x00, 0x00, 0x00, 0x00, 0x00, 0x00, 0x00, 0x00, 0x00,
    0x00, 0x00, 0x00, 0x00, 0x00, 0x00, 0x00, 0x00, 0x00, 0x00, 0x00, 0x00, 0x00, 0x00, 0x00, 0x00, 0x00, 0x00, 0x00, 0x00, 0x00, 0x00, 0x00, 0x00,
    0x00, 0x00, 0x00, 0x00, 0x00, 0x00, 0x00, 0x00, 0x00, 0x00, 0x00, 0x00, 0x00, 0x00, 0x00, 0x00, 0x00, 0x00, 0x00, 0x00, 0x00, 0x00, 0x00, 0x00,
    0x00, 0x00, 0x00, 0x00, 0x00, 0x00, 0x00, 0x00, 0x00, 0x00, 0x00, 0x00, 0x00, 0x00, 0x00, 0x00, 0x00, 0x00, 0x00, 0x00, 0x00, 0x00, 0x00, 0x00,
    0x00, 0x00, 0x00, 0x00, 0x00, 0x00, 0x00, 0x00, 0x00, 0x00, 0x00, 0x00, 0x00, 0x00, 0x00, 0x00, 0x00, 0x00, 0x00, 0x00, 0x00, 0x00, 0x00, 0x00,
    0x00, 0x00, 0x00, 0x00, 0x00, 0x00, 0x00, 0x00, 0x00, 0x00, 0x00, 0x00, 0x00, 0x00, 0x00, 0x00, 0x00, 0x00, 0x00, 0x00, 0x00, 0x00, 0x00, 0x00,
    0x00, 0x00, 0x00, 0x00, 0x00, 0x00, 0x00, 0x00, 0x00, 0x00, 0x00, 0x00, 0x00, 0x00, 0x00, 0x00, 0x00, 0x00, 0x00, 0x00, 0x00, 0x00, 0x00, 0x00,
    0x00, 0x00, 0x00, 0x00, 0x00, 0x00, 0x00, 0x00, 0x00, 0x00, 0x00, 0x00, 0x00, 0x00, 0x00, 0x00, 0x00, 0x00, 0x00, 0x00, 0x00, 0x00, 0x00, 0x00,
    0x00, 0x00, 0x00, 0x00, 0x00, 0x00, 0x00, 0x00, 0x00, 0x00, 0x00, 0x00, 0x00, 0x00, 0x00, 0x00, 0x00, 0x00, 0x00, 0x00, 0x00, 0x00, 0x00, 0x00,
    0x00, 0x00, 0x00, 0x00, 0x00, 0x00, 0x00, 0x00, 0x00, 0x00, 0x00, 0x00, 0x00, 0x00, 0x00, 0x00, 0x00, 0x00, 0x00, 0x00, 0x00, 0x00, 0x00, 0x00,
    0x00, 0x00, 0x00, 0x00, 0x00, 0x00, 0x00, 0x00, 0x00, 0x00, 0x00, 0x00, 0x00, 0x00, 0x00, 0x00, 0x00, 0x00, 0x00, 0x00, 0x00, 0x00, 0x00, 0x00,
    0x00, 0x00, 0x00, 0x00, 0x00, 0x00, 0x00, 0x00, 0x00, 0x00, 0x00, 0x00, 0x00, 0x00, 0x00, 0x00, 0x00, 0x00, 0x00, 0x00, 0x00, 0x00, 0x00, 0x00,
    0x00, 0x00, 0x00, 0x00, 0x00, 0x00, 0x00, 0x00, 0x00, 0x00, 0x00, 0x00, 0x00, 0x00, 0x00, 0x00, 0x00, 0x00, 0x00, 0x00, 0x00, 0x00, 0x00, 0x00,
    0x00, 0x00, 0x00, 0x00, 0x00, 0x00, 0x00, 0x00, 0x00, 0x00, 0x00, 0x00, 0x00, 0x00, 0x00, 0x00, 0x00, 0x00, 0x00, 0x00, 0x00, 0x00, 0x00, 0x00,
    0x00, 0x00, 0x00, 0x00, 0x00, 0x00, 0x00, 0x00, 0x00, 0x00, 0x00, 0x00, 0x00, 0x00, 0x00, 0x00, 0x00, 0x00, 0x00, 0x00, 0x00, 0x00, 0x00, 0x00,
    0x00, 0x00, 0x00, 0x00, 0x00, 0x00, 0x00, 0x00, 0x00, 0x00, 0x00, 0x00, 0x00, 0x00, 0x00, 0x00, 0x00, 0x00, 0x00, 0x00, 0x00, 0x00, 0x00, 0x00,
    0x00, 0x00, 0x00, 0x00, 0x00, 0x00, 0x00, 0x00, 0x00, 0x00, 0x00, 0x00, 0x00, 0x00, 0x00, 0x00, 0x00, 0x00, 0xFF, 0xFF, 0x05, 0x00, 0x00, 0x00,
    0x00, 0x00, 0x00, 0x00, 0x00, 0x00, 0x00, 0x00, 0x00, 0x00, 0x00, 0x00, 0x00, 0x00, 0x00, 0x00, 0x00, 0x00, 0x00, 0x00, 0x00, 0x00, 0x00, 0x00,
    0x00, 0x00, 0x00, 0x00, 0x00, 0x00, 0x00, 0x00, 0x00, 0x00, 0x00, 0x00, 0x00, 0x00, 0x00, 0x00, 0x00, 0x00, 0x00, 0x00, 0x00, 0x00, 0x00, 0x00,
    0x00, 0x00, 0x00, 0x00, 0x00, 0x00, 0x00, 0x00, 0x00, 0x00, 0x00, 0x00, 0x00, 0x00, 0x00, 0x00, 0x00, 0x00, 0x00, 0x00, 0x00, 0xFF, 0xFF, 0x01,
    0xFF, 0xFF, 0x03, 0x00, 0x00, 0x00, 0x00, 0x00, 0x00, 0x00, 0x00, 0x00, 0x00, 0x00, 0x00, 0x00, 0x00, 0x00, 0x00, 0x00, 0x00, 0x00, 0x00, 0x00,
    0x00, 0x00, 0x00, 0x00, 0x00, 0x00, 0x00, 0x00, 0x00, 0x00, 0x00, 0x00, 0x00, 0x00, 0x00, 0x00, 0x00, 0x00, 0x00, 0x00, 0x00, 0x00, 0x00, 0x00,
    0x00, 0x00, 0x00, 0x00, 0x00, 0x00, 0x00, 0x00, 0x00, 0x00, 0x00, 0x00, 0x00, 0x00, 0x00, 0xFF, 0xFF, 0x92, 0xFF, 0xFF, 0xC5, 0xFF, 0xFF, 0x52,
    0x00, 0x00, 0x00, 0x00, 0x00, 0x00, 0x00, 0x00, 0x00, 0x00, 0x00, 0x00, 0xFF, 0xFF, 0x06, 0xFF, 0xFF, 0x23, 0xFF, 0xFF, 0x45, 0xFF, 0xFF, 0x7A,
    0xFF, 0xFF, 0xB3, 0xFF, 0xFF, 0x4F, 0x00, 0x00, 0x00, 0x00, 0x00, 0x00, 0x00, 0x00, 0x00, 0x00, 0x00, 0x00, 0xFF, 0xFF, 0x31, 0xFF, 0xFF, 0xBC,
    0xFF, 0xFF, 0x59, 0x00, 0x00, 0x00, 0x00, 0x00, 0x00, 0x00, 0x00, 0x00, 0xFF, 0xFF, 0x48, 0xFF, 0xFF, 0xE1, 0xFF, 0xFF, 0xA0, 0x00, 0x00, 0x00,
    0x00, 0x00, 0x00, 0x00, 0x00, 0x00, 0x00, 0x00, 0x00, 0x00, 0x00, 0x00, 0x00, 0x00, 0x00, 0xFF, 0xFF, 0x01, 0xFF, 0xFF, 0x79, 0xFF, 0xFF, 0x0C,
    0x00, 0x00, 0x00, 0x00, 0x00, 0x00, 0xFF, 0xFF, 0x01, 0xFF, 0xFF, 0x53, 0xFF, 0xFF, 0x53, 0xFF, 0xFF, 0x01, 0x00, 0x00, 0x00, 0x00, 0x00, 0x00,
    0x00, 0x00, 0x00, 0xFF, 0xFF, 0x0D, 0xFF, 0xFF, 0x6F, 0xFF, 0xFF, 0x68, 0x00, 0x00, 0x00, 0x00, 0x00, 0x00, 0x00, 0x00, 0x00, 0xFF, 0xFF, 0x34,
    0xFF, 0xFF, 0xD9, 0xFF, 0xFF, 0x56, 0x00, 0x00, 0x00, 0x00, 0x00, 0x00, 0x00, 0x00, 0x00, 0x00, 0x00, 0x00, 0xFF, 0xFF, 0xCE, 0xFF, 0xFF, 0xD5,
    0xFF, 0xFF, 0x21, 0x00, 0x00, 0x00, 0x00, 0x00, 0x00, 0x00, 0x00, 0x00, 0x00, 0x00, 0x00, 0x00, 0x00, 0x00, 0x00, 0x00, 0x00, 0x00, 0x00, 0x00,
    0x00, 0x00, 0x00, 0x00, 0x00, 0x00, 0xFF, 0xFF, 0x2B, 0xFF, 0xFF, 0xFF, 0xFF, 0xFF, 0xFF, 0xFF, 0xFF, 0xFF, 0xFF, 0xFF, 0xFF, 0xFF, 0xFF, 0xFF,
    0xFF, 0xFF, 0xFF, 0xFF, 0xFF, 0xFF, 0xFF, 0xFF, 0xDB, 0xFF, 0xFF, 0x70, 0xFF, 0xFF, 0xFE, 0xFF, 0xFF, 0xFF, 0xFF, 0xFF, 0xFF, 0xFF, 0xFF, 0xFF,
    0xFF, 0xFF, 0xFA, 0xFF, 0xFF, 0xAB, 0x00, 0x00, 0x00, 0x00, 0x00, 0x00, 0x00, 0x00, 0x00, 0x00, 0x00, 0x00, 0xFF, 0xFF, 0x9F, 0xFF, 0xFF, 0xFF,
    0xFF, 0xFF, 0xCC, 0xFF, 0xFF, 0xA7, 0xFF, 0xFF, 0xA7, 0xFF, 0xFF, 0xA7, 0xFF, 0xFF, 0xB8, 0xFF, 0xFF, 0xFF, 0xFF, 0xFF, 0xFB, 0xFF, 0xFF, 0xA8,
    0xFF, 0xFF, 0xA7, 0xFF, 0xFF, 0xA7, 0xFF, 0xFF, 0xA7, 0xFF, 0xFF, 0x2C, 0x00, 0x00, 0x00, 0xFF, 0xFF, 0x7B, 0xFF, 0xFF, 0xFF, 0xFF, 0xFF, 0xCF,
    0xFF, 0xFF, 0x19, 0x00, 0x00, 0x00, 0xFF, 0xFF, 0x03, 0xFF, 0xFF, 0xFF, 0xFF, 0xFF, 0xFF, 0xFF, 0xFF, 0x03, 0xFF, 0xFF, 0x2B, 0xFF, 0xFF, 0x53,
    0xFF, 0xFF, 0x1E, 0xFF, 0xFF, 0x1F, 0xFF, 0xFF, 0xFF, 0xFF, 0xFF, 0xEF, 0x00, 0x00, 0x00, 0x00, 0x00, 0x00, 0x00, 0x00, 0x00, 0xFF, 0xFF, 0x7C,
    0xFF, 0xFF, 0xFF, 0xFF, 0xFF, 0x9B, 0x00, 0x00, 0x00, 0x00, 0x00, 0x00, 0x00, 0x00, 0x00, 0xFF, 0xFF, 0x04, 0xFF, 0xFF, 0xFA, 0xFF, 0xFF, 0xF8,
    0xFF, 0xFF, 0x05, 0x00, 0x00, 0x00, 0x00, 0x00, 0x00, 0x00, 0x00, 0x00, 0x00, 0x00, 0x00, 0x00, 0x00, 0x00, 0x00, 0x00, 0x00, 0x00, 0x00, 0x00,
    0x00, 0x00, 0x00, 0x00, 0x00, 0x00, 0xFF, 0xFF, 0x16, 0xFF, 0xFF, 0x86, 0xFF, 0xFF, 0xF6, 0xFF, 0xFF, 0xFF, 0xFF, 0xFF, 0x96, 0xFF, 0xFF, 0x8F,
    0xFF, 0xFF, 0x8A, 0xFF, 0xFF, 0x83, 0xFF, 0xFF, 0x71, 0xFF, 0xFF, 0x77, 0xFF, 0xFF, 0xFF, 0xFF, 0xFF, 0x9B, 0xFF, 0xFF, 0x50, 0xFF, 0xFF, 0x31,
    0xFF, 0xFF, 0x08, 0x00, 0x00, 0x00, 0x00, 0x00, 0x00, 0x00, 0x00, 0x00, 0x00, 0x00, 0x00, 0xFF, 0xFF, 0x15, 0xFF, 0xFF, 0xF8, 0xFF, 0xFF, 0xFD,
    0xFF, 0xFF, 0x8E, 0xFF, 0xFF, 0xFF, 0xFF, 0xFF, 0xFF, 0xFF, 0xFF, 0xFF, 0xFF, 0xFF, 0xFF, 0xFF, 0xFF, 0xFF, 0xFF, 0xFF, 0xFF, 0xFF, 0xFF, 0xFF,
    0xFF, 0xFF, 0xFF, 0xFF, 0xFF, 0xFF, 0xFF, 0xFF, 0xFF, 0xFF, 0xFF, 0x43, 0x00, 0x00, 0x00, 0xFF, 0xFF, 0x27, 0xFF, 0xFF, 0xE2, 0xFF, 0xFF, 0xFF,
    0xFF, 0xFF, 0xD9, 0xFF, 0xFF, 0x1A, 0xFF, 0xFF, 0x03, 0xFF, 0xFF, 0xFF, 0xFF, 0xFF, 0xFF, 0xFF, 0xFF, 0x03, 0xFF, 0xFF, 0x83, 0xFF, 0xFF, 0xFF,
    0xFF, 0xFF, 0x5B, 0xFF, 0xFF, 0x1F, 0xFF, 0xFF, 0xFF, 0xFF, 0xFF, 0xEF, 0x00, 0x00, 0x00, 0x00, 0x00, 0x00, 0x00, 0x00, 0x00, 0xFF, 0xFF, 0xC3,
    0xFF, 0xFF, 0xFF, 0xFF, 0xFF, 0x3F, 0x00, 0x00, 0x00, 0xFF, 0xFF, 0xB7, 0xFF, 0xFF, 0xFF, 0xFF, 0xFF, 0xFF, 0xFF, 0xFF, 0xFF, 0xFF, 0xFF, 0xFF,
    0xFF, 0xFF, 0xFF, 0xFF, 0xFF, 0xFF, 0xFF, 0xFF, 0xFF, 0xFF, 0xFF, 0xFF, 0xFF, 0xFF, 0xE3, 0x00, 0x00, 0x00, 0x00, 0x00, 0x00, 0x00, 0x00, 0x00,
    0x00, 0x00, 0x00, 0x00, 0x00, 0x00, 0x00, 0x00, 0x00, 0xFF, 0xFF, 0x83, 0xFF, 0xFF, 0xFF, 0xFF, 0xFF, 0x8C, 0xFF, 0xFF, 0x4B, 0xFF, 0xFF, 0xFF,
    0xFF, 0xFF, 0x8B, 0x00, 0x00, 0x00, 0x00, 0x00, 0x00, 0xFF, 0xFF, 0x78, 0xFF, 0xFF, 0xFF, 0xFF, 0xFF, 0x53, 0x00, 0x00, 0x00, 0x00, 0x00, 0x00,
    0x00, 0x00, 0x00, 0x00, 0x00, 0x00, 0x00, 0x00, 0x00, 0x00, 0x00, 0x00, 0x00, 0x00, 0x00, 0xFF, 0xFF, 0x7E, 0xFF, 0xFF, 0xFF, 0xFF, 0xFF, 0xB3,
    0x00, 0x00, 0x00, 0x00, 0x00, 0x00, 0x00, 0x00, 0x00, 0x00, 0x00, 0x00, 0x00, 0x00, 0x00, 0x00, 0x00, 0x00, 0x00, 0x00, 0x00, 0x00, 0x00, 0x00,
    0x00, 0x00, 0x00, 0x00, 0x00, 0x00, 0x00, 0x00, 0x00, 0x00, 0x00, 0x00, 0x00, 0x00, 0x00, 0x00, 0x00, 0x00, 0xFF, 0xFF, 0x1F, 0xFF, 0xFF, 0xE2,
    0xFF, 0xFF, 0xFF, 0xFF, 0xFF, 0x5D, 0xFF, 0xFF, 0x03, 0xFF, 0xFF, 0xFF, 0xFF, 0xFF, 0xFF, 0xFF, 0xFF, 0x03, 0xFF, 0xFF, 0x83, 0xFF, 0xFF, 0xFF,
    0xFF, 0xFF, 0x5B, 0xFF, 0xFF, 0x1F, 0xFF, 0xFF, 0xFF, 0xFF, 0xFF, 0xEF, 0x00, 0x00, 0x00, 0x00, 0x00, 0x00, 0xFF, 0xFF, 0x19, 0xFF, 0xFF, 0xFC,
    0xFF, 0xFF, 0xDE, 0xFF, 0xFF, 0x01, 0x00, 0x00, 0x00, 0xFF, 0xFF, 0xA0, 0xFF, 0xFF, 0xDF, 0xFF, 0xFF, 0xF1, 0xFF, 0xFF, 0xFF, 0xFF, 0xFF, 0xEB,
    0xFF, 0xFF, 0xDF, 0xFF, 0xFF, 0xDF, 0xFF, 0xFF, 0xDF, 0xFF, 0xFF, 0xDF, 0xFF, 0xFF, 0xC7, 0x00, 0x00, 0x00, 0x00, 0x00, 0x00, 0x00, 0x00, 0x00,
    0x00, 0x00, 0x00, 0x00, 0x00, 0x00, 0xFF, 0xFF, 0x13, 0xFF, 0xFF, 0xFC, 0xFF, 0xFF, 0xFF, 0xFF, 0xFF, 0xFF, 0xFF, 0xFF, 0xFF, 0xFF, 0xFF, 0xFF,
    0xFF, 0xFF, 0xFF, 0xFF, 0xFF, 0xFF, 0xFF, 0xFF, 0xEB, 0xFF, 0xFF, 0x86, 0xFF, 0xFF, 0xFF, 0xFF, 0xFF, 0xFF, 0xFF, 0xFF, 0xFF, 0xFF, 0xFF, 0xFF,
    0xFF, 0xFF, 0xFF, 0xFF, 0xFF, 0xFF, 0xFF, 0xFF, 0x43, 0x00, 0x00, 0x00, 0xFF, 0xFF, 0x1C, 0xFF, 0xFF, 0xF2, 0xFF, 0xFF, 0xFF, 0xFF, 0xFF, 0x4E,
    0x00, 0x00, 0x00, 0xFF, 0xFF, 0x67, 0xFF, 0xFF, 0xFF, 0xFF, 0xFF, 0xFF, 0xFF, 0xFF, 0xFF, 0xFF, 0xFF, 0xFF, 0xFF, 0xFF, 0xFF, 0xFF, 0xFF, 0xFF,
    0xFF, 0xFF, 0xFF, 0xFF, 0xFF, 0xFF, 0xFF, 0xFF, 0x1B, 0x00, 0x00, 0x00, 0x00, 0x00, 0x00, 0x00, 0x00, 0x00, 0x00, 0x00, 0x00, 0xFF, 0xFF, 0x29,
    0xFF, 0xFF, 0x8E, 0x00, 0x00, 0x00, 0xFF, 0xFF, 0x03, 0xFF, 0xFF, 0xFF, 0xFF, 0xFF, 0xFF, 0xFF, 0xFF, 0x03, 0xFF, 0xFF, 0x83, 0xFF, 0xFF, 0xFF,
    0xFF, 0xFF, 0x5B, 0xFF, 0xFF, 0x1F, 0xFF, 0xFF, 0xFF, 0xFF, 0xFF, 0xEF, 0x00, 0x00, 0x00, 0x00, 0x00, 0x00, 0xFF, 0xFF, 0x7A, 0xFF, 0xFF, 0xFF,
    0xFF, 0xFF, 0x69, 0xFF, 0xFF, 0x7D, 0xFF, 0xFF, 0x5A, 0x00, 0x00, 0x00, 0x00, 0x00, 0x00, 0xFF, 0xFF, 0xB1, 0xFF, 0xFF, 0xFF, 0xFF, 0xFF, 0x35,
    0x00, 0x00, 0x00, 0x00, 0x00, 0x00, 0x00, 0x00, 0x00, 0x00, 0x00, 0x00, 0x00, 0x00, 0x00, 0x00, 0x00, 0x00, 0x00, 0x00, 0x00, 0x00, 0x00, 0x00,
    0x00, 0x00, 0x00, 0x00, 0x00, 0x00, 0x00, 0x00, 0x00, 0xFF, 0xFF, 0xA0, 0xFF, 0xFF, 0xA2, 0xFF, 0xFF, 0x97, 0xFF, 0xFF, 0xB6, 0xFF, 0xFF, 0xFF,
    0xFF, 0xFF, 0xD0, 0xFF, 0xFF, 0x97, 0xFF, 0xFF, 0x8C, 0xFF, 0xFF, 0x9B, 0xFF, 0xFF, 0xFF, 0xFF, 0xFF, 0xB1, 0xFF, 0xFF, 0xB9, 0xFF, 0xFF, 0xFF,
    0xFF, 0xFF, 0xD4, 0xFF, 0xFF, 0x9B, 0xFF, 0xFF, 0x29, 0xFF, 0xFF, 0x03, 0xFF, 0xFF, 0xB7, 0xFF, 0xFF, 0xFF, 0xFF, 0xFF, 0xFF, 0xFF, 0xFF, 0x2B,
    0x00, 0x00, 0x00, 0xFF, 0xFF, 0x67, 0xFF, 0xFF, 0xFF, 0xFF, 0xFF, 0xA8, 0xFF, 0xFF, 0x5F, 0xFF, 0xFF, 0x5F, 0xFF, 0xFF, 0x5F, 0xFF, 0xFF, 0x5F,
    0xFF, 0xFF, 0xEB, 0xFF, 0xFF, 0xFF, 0xFF, 0xFF, 0x1B, 0x00, 0x00, 0x00, 0x00, 0x00, 0x00, 0x00, 0x00, 0x00, 0x00, 0x00, 0x00, 0x00, 0x00, 0x00,
    0x00, 0x00, 0x00, 0x00, 0x00, 0x00, 0xFF, 0xFF, 0x03, 0xFF, 0xFF, 0xFF, 0xFF, 0xFF, 0xFF, 0xFF, 0xFF, 0x03, 0xFF, 0xFF, 0x83, 0xFF, 0xFF, 0xFF,
    0xFF, 0xFF, 0x5B, 0xFF, 0xFF, 0x1F, 0xFF, 0xFF, 0xFF, 0xFF, 0xFF, 0xEF, 0x00, 0x00, 0x00, 0xFF, 0xFF, 0x12, 0xFF, 0xFF, 0xEA, 0xFF, 0xFF, 0xE6,
    0xFF, 0xFF, 0x15, 0xFF, 0xFF, 0xF1, 0xFF, 0xFF, 0xF5, 0xFF, 0xFF, 0x7B, 0xFF, 0xFF, 0xDB, 0xFF, 0xFF, 0xFA, 0xFF, 0xFF, 0xFF, 0xFF, 0xFF, 0xDD,
    0xFF, 0xFF, 0xDB, 0xFF, 0xFF, 0x67, 0x00, 0x00, 0x00, 0x00, 0x00, 0x00, 0x00, 0x00, 0x00, 0x00, 0x00, 0x00, 0x00, 0x00, 0x00, 0x00, 0x00, 0x00,
    0x00, 0x00, 0x00, 0x00, 0x00, 0x00, 0xFF, 0xFF, 0x0E, 0xFF, 0xFF, 0x66, 0xFF, 0xFF, 0x76, 0xFF, 0xFF, 0x87, 0xFF, 0xFF, 0xB5, 0xFF, 0xFF, 0xFF,
    0xFF, 0xFF, 0xB8, 0xFF, 0xFF, 0x72, 0xFF, 0xFF, 0x5B, 0xFF, 0xFF, 0xC0, 0xFF, 0xFF, 0xFF, 0xFF, 0xFF, 0x13, 0xFF, 0xFF, 0x4B, 0xFF, 0xFF, 0xFF,
    0xFF, 0xFF, 0x8F, 0x00, 0x00, 0x00, 0x00, 0x00, 0x00, 0xFF, 0xFF, 0x77, 0xFF, 0xFF, 0xFF, 0xFF, 0xFF, 0xFF, 0xFF, 0xFF, 0xFF, 0xFF, 0xFF, 0x2B,
    0x00, 0x00, 0x00, 0xFF, 0xFF, 0x67, 0xFF, 0xFF, 0xFF, 0xFF, 0xFF, 0xFF, 0xFF, 0xFF, 0xFF, 0xFF, 0xFF, 0xFF, 0xFF, 0xFF, 0xFF, 0xFF, 0xFF, 0xFF,
    0xFF, 0xFF, 0xFF, 0xFF, 0xFF, 0xFF, 0xFF, 0xFF, 0x1B, 0x00, 0x00, 0x00, 0xFF, 0xFF, 0x77, 0xFF, 0xFF, 0xFF, 0xFF, 0xFF, 0xFF, 0xFF, 0xFF, 0xFF,
    0xFF, 0xFF, 0x7B, 0x00, 0x00, 0x00, 0xFF, 0xFF, 0x03, 0xFF, 0xFF, 0xFF, 0xFF, 0xFF, 0xFF, 0xFF, 0xFF, 0x03, 0xFF, 0xFF, 0x83, 0xFF, 0xFF, 0xFF,
    0xFF, 0xFF, 0x5B, 0xFF, 0xFF, 0x1F, 0xFF, 0xFF, 0xFF, 0xFF, 0xFF, 0xEF, 0x00, 0x00, 0x00, 0xFF, 0xFF, 0x7D, 0xFF, 0xFF, 0xFF, 0xFF, 0xFF, 0xFC,
    0xFF, 0xFF, 0xFE, 0xFF, 0xFF, 0xFF, 0xFF, 0xFF, 0x7D, 0xFF, 0xFF, 0x73, 0xFF, 0xFF, 0xFF, 0xFF, 0xFF, 0xFF, 0xFF, 0xFF, 0xFF, 0xFF, 0xFF, 0xFF,
    0xFF, 0xFF, 0xFF, 0xFF, 0xFF, 0x77, 0x00, 0x00, 0x00, 0x00, 0x00, 0x00, 0x00, 0x00, 0x00, 0x00, 0x00, 0x00, 0x00, 0x00, 0x00, 0x00, 0x00, 0x00,
    0x00, 0x00, 0x00, 0x00, 0x00, 0x00, 0xFF, 0xFF, 0x19, 0xFF, 0xFF, 0xFF, 0xFF, 0xFF, 0xFF, 0xFF, 0xFF, 0xFE, 0xFF, 0xFF, 0xF2, 0xFF, 0xFF, 0xFF,
    0xFF, 0xFF, 0xFF, 0xFF, 0xFF, 0xFE, 0xFF, 0xFF, 0xB7, 0xFF, 0xFF, 0xFB, 0xFF, 0xFF, 0xE0, 0x00, 0x00, 0x00, 0xFF, 0xFF, 0x4B, 0xFF, 0xFF, 0xFF,
    0xFF, 0xFF, 0x8F, 0x00, 0x00, 0x00, 0x00, 0x00, 0x00, 0xFF, 0xFF, 0x37, 0xFF, 0xFF, 0xFF, 0xFF, 0xFF, 0xF5, 0xFF, 0xFF, 0xFF, 0xFF, 0xFF, 0x2B,
    0x00, 0x00, 0x00, 0xFF, 0xFF, 0x28, 0xFF, 0xFF, 0x63, 0xFF, 0xFF, 0x63, 0xFF, 0xFF, 0x63, 0xFF, 0xFF, 0x63, 0xFF, 0xFF, 0x63, 0xFF, 0xFF, 0x63,
    0xFF, 0xFF, 0x63, 0xFF, 0xFF, 0x63, 0xFF, 0xFF, 0x0A, 0x00, 0x00, 0x00, 0xFF, 0xFF, 0x74, 0xFF, 0xFF, 0xF7, 0xFF, 0xFF, 0xFB, 0xFF, 0xFF, 0xFF,
    0xFF, 0xFF, 0x7B, 0x00, 0x00, 0x00, 0xFF, 0xFF, 0x07, 0xFF, 0xFF, 0xFF, 0xFF, 0xFF, 0xFE, 0xFF, 0xFF, 0x01, 0xFF, 0xFF, 0x83, 0xFF, 0xFF, 0xFF,
    0xFF, 0xFF, 0x5B, 0xFF, 0xFF, 0x1F, 0xFF, 0xFF, 0xFF, 0xFF, 0xFF, 0xEF, 0x00, 0x00, 0x00, 0xFF, 0xFF, 0x29, 0xFF, 0xFF, 0xE9, 0xFF, 0xFF, 0xCC,
    0xFF, 0xFF, 0xFF, 0xFF, 0xFF, 0xE1, 0xFF, 0xFF, 0x09, 0x00, 0x00, 0x00, 0xFF, 0xFF, 0xB9, 0xFF, 0xFF, 0xFE, 0xFF, 0xFF, 0x2A, 0xFF, 0xFF, 0x7F,
    0xFF, 0xFF, 0xFF, 0xFF, 0xFF, 0x77, 0x00, 0x00, 0x00, 0x00, 0x00, 0x00, 0x00, 0x00, 0x00, 0x00, 0x00, 0x00, 0x00, 0x00, 0x00, 0x00, 0x00, 0x00,
    0x00, 0x00, 0x00, 0x00, 0x00, 0x00, 0xFF, 0xFF, 0x02, 0xFF, 0xFF, 0x36, 0xFF, 0xFF, 0x1C, 0xFF, 0xFF, 0x04, 0xFF, 0xFF, 0x4B, 0xFF, 0xFF, 0xFF,
    0xFF, 0xFF, 0x97, 0xFF, 0xFF, 0x06, 0xFF, 0xFF, 0x81, 0xFF, 0xFF, 0xFF, 0xFF, 0xFF, 0x7C, 0x00, 0x00, 0x00, 0xFF, 0xFF, 0x4B, 0xFF, 0xFF, 0xFF,
    0xFF, 0xFF, 0x8F, 0x00, 0x00, 0x00, 0x00, 0x00, 0x00, 0x00, 0x00, 0x00, 0xFF, 0xFF, 0x8E, 0xFF, 0xFF, 0xAD, 0xFF, 0xFF, 0xFF, 0xFF, 0xFF, 0x2B,
    0xFF, 0xFF, 0x7D, 0xFF, 0xFF, 0x97, 0xFF, 0xFF, 0x97, 0xFF, 0xFF, 0x97, 0xFF, 0xFF, 0x97, 0xFF, 0xFF, 0x97, 0xFF, 0xFF, 0x97, 0xFF, 0xFF, 0x97,
    0xFF, 0xFF, 0x97, 0xFF, 0xFF, 0x97, 0xFF, 0xFF, 0x97, 0xFF, 0xFF, 0x3D, 0x00, 0x00, 0x00, 0x00, 0x00, 0x00, 0xFF, 0xFF, 0x77, 0xFF, 0xFF, 0xFF,
    0xFF, 0xFF, 0x7B, 0x00, 0x00, 0x00, 0xFF, 0xFF, 0x10, 0xFF, 0xFF, 0xFF, 0xFF, 0xFF, 0xF0, 0x00, 0x00, 0x00, 0xFF, 0xFF, 0x83, 0xFF, 0xFF, 0xFF,
    0xFF, 0xFF, 0x5B, 0xFF, 0xFF, 0x1F, 0xFF, 0xFF, 0xFF, 0xFF, 0xFF, 0xEF, 0x00, 0x00, 0x00, 0x00, 0x00, 0x00, 0xFF, 0xFF, 0x01, 0xFF, 0xFF, 0xA0,
    0xFF, 0xFF, 0xFF, 0xFF, 0xFF, 0x55, 0x00, 0x00, 0x00, 0xFF, 0xFF, 0x55, 0xFF, 0xFF, 0xFF, 0xFF, 0xFF, 0xFB, 0xFF, 0xFF, 0xD3, 0xFF, 0xFF, 0xE9,
    0xFF, 0xFF, 0xFF, 0xFF, 0xFF, 0xE8, 0xFF, 0xFF, 0xD3, 0xFF, 0xFF, 0xD3, 0xFF, 0xFF, 0x87, 0x00, 0x00, 0x00, 0x00, 0x00, 0x00, 0x00, 0x00, 0x00,
    0x00, 0x00, 0x00, 0x00, 0x00, 0x00, 0x00, 0x00, 0x00, 0x00, 0x00, 0x00, 0x00, 0x00, 0x00, 0x00, 0x00, 0x00, 0x00, 0x00, 0x00, 0x00, 0x00, 0x00,
    0x00, 0x00, 0x00, 0x00, 0x00, 0x00, 0xFF, 0xFF, 0x04, 0xFF, 0xFF, 0x7D, 0xFF, 0xFF, 0x0E, 0x00, 0x00, 0x00, 0xFF, 0xFF, 0x31, 0xFF, 0xFF, 0xA7,
    0xFF, 0xFF, 0x5E, 0x00, 0x00, 0x00, 0x00, 0x00, 0x00, 0x00, 0x00, 0x00, 0x00, 0x00, 0x00, 0xFF, 0xFF, 0xAB, 0xFF, 0xFF, 0xFF, 0xFF, 0xFF, 0x2B,
    0xFF, 0xFF, 0xD3, 0xFF, 0xFF, 0xFF, 0xFF, 0xFF, 0xFF, 0xFF, 0xFF, 0xFF, 0xFF, 0xFF, 0xFF, 0xFF, 0xFF, 0xFF, 0xFF, 0xFF, 0xFF, 0xFF, 0xFF, 0xFF,
    0xFF, 0xFF, 0xFF, 0xFF, 0xFF, 0xFF, 0xFF, 0xFF, 0xFF, 0xFF, 0xFF, 0x67, 0x00, 0x00, 0x00, 0x00, 0x00, 0x00, 0xFF, 0xFF, 0x77, 0xFF, 0xFF, 0xFF,
    0xFF, 0xFF, 0x7B, 0x00, 0x00, 0x00, 0xFF, 0xFF, 0x19, 0xFF, 0xFF, 0xFF, 0xFF, 0xFF, 0xE1, 0x00, 0x00, 0x00, 0xFF, 0xFF, 0x83, 0xFF, 0xFF, 0xFF,
    0xFF, 0xFF, 0x5B, 0xFF, 0xFF, 0x1F, 0xFF, 0xFF, 0xFF, 0xFF, 0xFF, 0xEF, 0x00, 0x00, 0x00, 0x00, 0x00, 0x00, 0xFF, 0xFF, 0x4F, 0xFF, 0xFF, 0xFF,
    0xFF, 0xFF, 0xE6, 0xFF, 0xFF, 0x77, 0xFF, 0xFF, 0x9C, 0xFF, 0xFF, 0x32, 0xFF, 0xFF, 0xFF, 0xFF, 0xFF, 0xFF, 0xFF, 0xFF, 0xFF, 0xFF, 0xFF, 0xFF,
    0xFF, 0xFF, 0xFF, 0xFF, 0xFF, 0xFF, 0xFF, 0xFF, 0xFF, 0xFF, 0xFF, 0xFF, 0xFF, 0xFF, 0xA3, 0x00, 0x00, 0x00, 0x00, 0x00, 0x00, 0x00, 0x00, 0x00,
    0x00, 0x00, 0x00, 0x00, 0x00, 0x00, 0x00, 0x00, 0x00, 0x00, 0x00, 0x00, 0xFF, 0xFF, 0x43, 0xFF, 0xFF, 0xFF, 0xFF, 0xFF, 0xFF, 0xFF, 0xFF, 0xFF,
    0xFF, 0xFF, 0xFF, 0xFF, 0xFF, 0xFF, 0xFF, 0xFF, 0xFF, 0xFF, 0xFF, 0xFF, 0xFF, 0xFF, 0xFF, 0xFF, 0xFF, 0xFF, 0xFF, 0xFF, 0xFF, 0xFF, 0xFF, 0xFF,
    0xFF, 0xFF, 0x53, 0x00, 0x00, 0x00, 0x00, 0x00, 0x00, 0x00, 0x00, 0x00, 0x00, 0x00, 0x00, 0xFF, 0xFF, 0xAB, 0xFF, 0xFF, 0xFF, 0xFF, 0xFF, 0x2B,
    0xFF, 0xFF, 0xD3, 0xFF, 0xFF, 0xEB, 0x00, 0x00, 0x00, 0x00, 0x00, 0x00, 0x00, 0x00, 0x00, 0x00, 0x00, 0x00, 0x00, 0x00, 0x00, 0x00, 0x00, 0x00,
    0x00, 0x00, 0x00, 0xFF, 0xFF, 0x67, 0xFF, 0xFF, 0xFF, 0xFF, 0xFF, 0x67, 0x00, 0x00, 0x00, 0x00, 0x00, 0x00, 0xFF, 0xFF, 0x77, 0xFF, 0xFF, 0xFF,
    0xFF, 0xFF, 0x7B, 0x00, 0x00, 0x00, 0xFF, 0xFF, 0x2D, 0xFF, 0xFF, 0xFF, 0xFF, 0xFF, 0xD2, 0x00, 0x00, 0x00, 0xFF, 0xFF, 0x83, 0xFF, 0xFF, 0xFF,
    0xFF, 0xFF, 0x5B, 0xFF, 0xFF, 0x1F, 0xFF, 0xFF, 0xFF, 0xFF, 0xFF, 0xEF, 0x00, 0x00, 0x00, 0xFF, 0xFF, 0x3A, 0xFF, 0xFF, 0xF3, 0xFF, 0xFF, 0xFF,
    0xFF, 0xFF, 0xFF, 0xFF, 0xFF, 0xFF, 0xFF, 0xFF, 0xEC, 0x00, 0x00, 0x00, 0xFF, 0xFF, 0x36, 0xFF, 0xFF, 0x08, 0x00, 0x00, 0x00, 0xFF, 0xFF, 0x7F,
    0xFF, 0xFF, 0xFF, 0xFF, 0xFF, 0x77, 0x00, 0x00, 0x00, 0xFF, 0xFF, 0x07, 0x00, 0x00, 0x00, 0x00, 0x00, 0x00, 0x00, 0x00, 0x00, 0x00, 0x00, 0x00,
    0x00, 0x00, 0x00, 0x00, 0x00, 0x00, 0x00, 0x00, 0x00, 0x00, 0x00, 0x00, 0xFF, 0xFF, 0x43, 0xFF, 0xFF, 0xFF, 0xFF, 0xFF, 0xD8, 0xFF, 0xFF, 0x87,
    0xFF, 0xFF, 0x87, 0xFF, 0xFF, 0x87, 0xFF, 0xFF, 0x87, 0xFF, 0xFF, 0x87, 0xFF, 0xFF, 0x87, 0xFF, 0xFF, 0x87, 0xFF, 0xFF, 0xDC, 0xFF, 0xFF, 0xFF,
    0xFF, 0xFF, 0x53, 0x00, 0x00, 0x00, 0x00, 0x00, 0x00, 0x00, 0x00, 0x00, 0x00, 0x00, 0x00, 0xFF, 0xFF, 0xAB, 0xFF, 0xFF, 0xFF, 0xFF, 0xFF, 0x2B,
    0xFF, 0xFF, 0x84, 0xFF, 0xFF, 0xA7, 0xFF, 0xFF, 0xFF, 0xFF, 0xFF, 0xFF, 0xFF, 0xFF, 0xFF, 0xFF, 0xFF, 0xFF, 0xFF, 0xFF, 0xFF, 0xFF, 0xFF, 0xFF,
    0xFF, 0xFF, 0xFF, 0xFF, 0xFF, 0xDA, 0xFF, 0xFF, 0x9F, 0xFF, 0xFF, 0x40, 0x00, 0x00, 0x00, 0x00, 0x00, 0x00, 0xFF, 0xFF, 0x77, 0xFF, 0xFF, 0xFF,
    0xFF, 0xFF, 0x7B, 0xFF, 0xFF, 0x45, 0xFF, 0xFF, 0x58, 0xFF, 0xFF, 0xFF, 0xFF, 0xFF, 0xC3, 0x00, 0x00, 0x00, 0xFF, 0xFF, 0x83, 0xFF, 0xFF, 0xFF,
    0xFF, 0xFF, 0x5B, 0xFF, 0xFF, 0x1F, 0xFF, 0xFF, 0xFF, 0xFF, 0xFF, 0xEF, 0x00, 0x00, 0x00, 0xFF, 0xFF, 0x22, 0xFF, 0xFF, 0xFF, 0xFF, 0xFF, 0xE1,
    0xFF, 0xFF, 0x9D, 0xFF, 0xFF, 0x5E, 0xFF, 0xFF, 0x2D, 0x00, 0x00, 0x00, 0xFF, 0xFF, 0x98, 0xFF, 0xFF, 0xE9, 0xFF, 0xFF, 0x4B, 0xFF, 0xFF, 0x7F,
    0xFF, 0xFF, 0xFF, 0xFF, 0xFF, 0x77, 0xFF, 0xFF, 0x88, 0xFF, 0xFF, 0xDC, 0xFF, 0xFF, 0x05, 0x00, 0x00, 0x00, 0x00, 0x00, 0x00, 0x00, 0x00, 0x00,
    0x00, 0x00, 0x00, 0x00, 0x00, 0x00, 0x00, 0x00, 0x00, 0x00, 0x00, 0x00, 0xFF, 0xFF, 0x43, 0xFF, 0xFF, 0xFF, 0xFF, 0xFF, 0xCA, 0xFF, 0xFF, 0x5B,
    0xFF, 0xFF, 0x5B, 0xFF, 0xFF, 0x5B, 0xFF, 0xFF, 0x5B, 0xFF, 0xFF, 0x5B, 0xFF, 0xFF, 0x5B, 0xFF, 0xFF, 0x5B, 0xFF, 0xFF, 0xCF, 0xFF, 0xFF, 0xFF,
    0xFF, 0xFF, 0x53, 0x00, 0x00, 0x00, 0x00, 0x00, 0x00, 0x00, 0x00, 0x00, 0x00, 0x00, 0x00, 0xFF, 0xFF, 0xAB, 0xFF, 0xFF, 0xFF, 0xFF, 0xFF, 0x2B,
    0x00, 0x00, 0x00, 0xFF, 0xFF, 0x0D, 0xFF, 0xFF, 0xAF, 0xFF, 0xFF, 0xAF, 0xFF, 0xFF, 0xB9, 0xFF, 0xFF, 0xFF, 0xFF, 0xFF, 0xF9, 0xFF, 0xFF, 0xAF,
    0xFF, 0xFF, 0xAF, 0xFF, 0xFF, 0x6B, 0x00, 0x00, 0x00, 0x00, 0x00, 0x00, 0x00, 0x00, 0x00, 0x00, 0x00, 0x00, 0xFF, 0xFF, 0x77, 0xFF, 0xFF, 0xFF,
    0xFF, 0xFF, 0xDE, 0xFF, 0xFF, 0xFE, 0xFF, 0xFF, 0xAD, 0xFF, 0xFF, 0xFF, 0xFF, 0xFF, 0xA9, 0x00, 0x00, 0x00, 0xFF, 0xFF, 0x83, 0xFF, 0xFF, 0xFF,
    0xFF, 0xFF, 0x5B, 0xFF, 0xFF, 0x1F, 0xFF, 0xFF, 0xFF, 0xFF, 0xFF, 0xEF, 0x00, 0x00, 0x00, 0x00, 0x00, 0x00, 0xFF, 0xFF, 0x2D, 0xFF, 0xFF, 0x02,
    0xFF, 0xFF, 0x49, 0xFF, 0xFF, 0xB6, 0xFF, 0xFF, 0xB9, 0xFF, 0xFF, 0x11, 0xFF, 0xFF, 0xF5, 0xFF, 0xFF, 0xF6, 0xFF, 0xFF, 0x15, 0xFF, 0xFF, 0x7F,
    0xFF, 0xFF, 0xFF, 0xFF, 0xFF, 0x77, 0xFF, 0xFF, 0xA5, 0xFF, 0xFF, 0xFF, 0xFF, 0xFF, 0x5F, 0x00, 0x00, 0x00, 0x00, 0x00, 0x00, 0x00, 0x00, 0x00,
    0x00, 0x00, 0x00, 0x00, 0x00, 0x00, 0x00, 0x00, 0x00, 0x00, 0x00, 0x00, 0xFF, 0xFF, 0x43, 0xFF, 0xFF, 0xFF, 0xFF, 0xFF, 0xFF, 0xFF, 0xFF, 0xFF,
    0xFF, 0xFF, 0xFF, 0xFF, 0xFF, 0xFF, 0xFF, 0xFF, 0xFF, 0xFF, 0xFF, 0xFF, 0xFF, 0xFF, 0xFF, 0xFF, 0xFF, 0xFF, 0xFF, 0xFF, 0xFF, 0xFF, 0xFF, 0xFF,
    0xFF, 0xFF, 0x53, 0x00, 0x00, 0x00, 0x00, 0x00, 0x00, 0x00, 0x00, 0x00, 0x00, 0x00, 0x00, 0xFF, 0xFF, 0xAB, 0xFF, 0xFF, 0xFF, 0xFF, 0xFF, 0x2B,
    0x00, 0x00, 0x00, 0x00, 0x00, 0x00, 0x00, 0x00, 0x00, 0x00, 0x00, 0x00, 0xFF, 0xFF, 0x1F, 0xFF, 0xFF, 0xFF, 0xFF, 0xFF, 0xEB, 0x00, 0x00, 0x00,
    0x00, 0x00, 0x00, 0x00, 0x00, 0x00, 0x00, 0x00, 0x00, 0x00, 0x00, 0x00, 0x00, 0x00, 0x00, 0x00, 0x00, 0x00, 0xFF, 0xFF, 0x80, 0xFF, 0xFF, 0xFF,
    0xFF, 0xFF, 0xFF, 0xFF, 0xFF, 0xEC, 0xFF, 0xFF, 0xF1, 0xFF, 0xFF, 0xFF, 0xFF, 0xFF, 0x70, 0x00, 0x00, 0x00, 0xFF, 0xFF, 0x83, 0xFF, 0xFF, 0xFF,
    0xFF, 0xFF, 0x5B, 0xFF, 0xFF, 0x1F, 0xFF, 0xFF, 0xFF, 0xFF, 0xFF, 0xEF, 0x00, 0x00, 0x00, 0xFF, 0xFF, 0x13, 0xFF, 0xFF, 0x75, 0xFF, 0xFF, 0xDC,
    0xFF, 0xFF, 0xFF, 0xFF, 0xFF, 0xFF, 0xFF, 0xFF, 0xBF, 0xFF, 0xFF, 0x90, 0xFF, 0xFF, 0xFF, 0xFF, 0xFF, 0x90, 0x00, 0x00, 0x00, 0xFF, 0xFF, 0x7F,
    0xFF, 0xFF, 0xFF, 0xFF, 0xFF, 0x77, 0xFF, 0xFF, 0x39, 0xFF, 0xFF, 0xFF, 0xFF, 0xFF, 0xD2, 0x00, 0x00, 0x00, 0x00, 0x00, 0x00, 0x00, 0x00, 0x00,
    0x00, 0x00, 0x00, 0x00, 0x00, 0x00, 0x00, 0x00, 0x00, 0x00, 0x00, 0x00, 0xFF, 0xFF, 0x43, 0xFF, 0xFF, 0xFF, 0xFF, 0xFF, 0xAB, 0x00, 0x00, 0x00,
    0x00, 0x00, 0x00, 0x00, 0x00, 0x00, 0x00, 0x00, 0x00, 0x00, 0x00, 0x00, 0x00, 0x00, 0x00, 0x00, 0x00, 0x00, 0xFF, 0xFF, 0xB3, 0xFF, 0xFF, 0xFF,
    0xFF, 0xFF, 0x53, 0x00, 0x00, 0x00, 0x00, 0x00, 0x00, 0x00, 0x00, 0x00, 0x00, 0x00, 0x00, 0xFF, 0xFF, 0xAB, 0xFF, 0xFF, 0xFF, 0xFF, 0xFF, 0x2B,
    0x00, 0x00, 0x00, 0x00, 0x00, 0x00, 0xFF, 0xFF, 0x01, 0x00, 0x00, 0x00, 0xFF, 0xFF, 0x2B, 0xFF, 0xFF, 0xFF, 0xFF, 0xFF, 0xEB, 0x00, 0x00, 0x00,
    0x00, 0x00, 0x00, 0x00, 0x00, 0x00, 0x00, 0x00, 0x00, 0x00, 0x00, 0x00, 0x00, 0x00, 0x00, 0x00, 0x00, 0x00, 0xFF, 0xFF, 0xBE, 0xFF, 0xFF, 0xFF,
    0xFF, 0xFF, 0xE4, 0xFF, 0xFF, 0x66, 0xFF, 0xFF, 0xFF, 0xFF, 0xFF, 0xFF, 0xFF, 0xFF, 0x34, 0x00, 0x00, 0x00, 0xFF, 0xFF, 0x50, 0xFF, 0xFF, 0x9B,
    0xFF, 0xFF, 0x38, 0xFF, 0xFF, 0x1F, 0xFF, 0xFF, 0xFF, 0xFF, 0xFF, 0xEF, 0x00, 0x00, 0x00, 0xFF, 0xFF, 0x53, 0xFF, 0xFF, 0xFF, 0xFF, 0xFF, 0xFF,
    0xFF, 0xFF, 0xDD, 0xFF, 0xFF, 0x5B, 0xFF, 0xFF, 0x3A, 0xFF, 0xFF, 0xFD, 0xFF, 0xFF, 0xEE, 0xFF, 0xFF, 0x18, 0x00, 0x00, 0x00, 0xFF, 0xFF, 0x8D,
    0xFF, 0xFF, 0xFF, 0xFF, 0xFF, 0x76, 0x00, 0x00, 0x00, 0xFF, 0xFF, 0xCE, 0xFF, 0xFF, 0xFF, 0xFF, 0xFF, 0x3F, 0x00, 0x00, 0x00, 0x00, 0x00, 0x00,
    0x00, 0x00, 0x00, 0x00, 0x00, 0x00, 0x00, 0x00, 0x00, 0x00, 0x00, 0x00, 0xFF, 0xFF, 0x43, 0xFF, 0xFF, 0xFF, 0xFF, 0xFF, 0xFF, 0xFF, 0xFF, 0xFF,
    0xFF, 0xFF, 0xFF, 0xFF, 0xFF, 0xFF, 0xFF, 0xFF, 0xFF, 0xFF, 0xFF, 0xFF, 0xFF, 0xFF, 0xFF, 0xFF, 0xFF, 0xFF, 0xFF, 0xFF, 0xFF, 0xFF, 0xFF, 0xFF,
    0xFF, 0xFF, 0x53, 0x00, 0x00, 0x00, 0x00, 0x00, 0x00, 0x00, 0x00, 0x00, 0x00, 0x00, 0x00, 0xFF, 0xFF, 0xAB, 0xFF, 0xFF, 0xFF, 0xFF, 0xFF, 0x2B,
    0x00, 0x00, 0x00, 0x00, 0x00, 0x00, 0xFF, 0xFF, 0x60, 0xFF, 0xFF, 0xFF, 0xFF, 0xFF, 0xFF, 0xFF, 0xFF, 0xFF, 0xFF, 0xFF, 0xCB, 0x00, 0x00, 0x00,
    0x00, 0x00, 0x00, 0x00, 0x00, 0x00, 0x00, 0x00, 0x00, 0x00, 0x00, 0x00, 0x00, 0x00, 0x00, 0xFF, 0xFF, 0x21, 0xFF, 0xFF, 0xFB, 0xFF, 0xFF, 0xDD,
    0xFF, 0xFF, 0x20, 0xFF, 0xFF, 0xA3, 0xFF, 0xFF, 0xFF, 0xFF, 0xFF, 0xD1, 0x00, 0x00, 0x00, 0x00, 0x00, 0x00, 0x00, 0x00, 0x00, 0x00, 0x00, 0x00,
    0x00, 0x00, 0x00, 0xFF, 0xFF, 0x1F, 0xFF, 0xFF, 0xFF, 0xFF, 0xFF, 0xEF, 0x00, 0x00, 0x00, 0xFF, 0xFF, 0x19, 0xFF, 0xFF, 0xD7, 0xFF, 0xFF, 0x5F,
    0xFF, 0xFF, 0x04, 0x00, 0x00, 0x00, 0xFF, 0xFF, 0x29, 0xFF, 0xFF, 0xD6, 0xFF, 0xFF, 0x58, 0xFF, 0xFF, 0x5B, 0xFF, 0xFF, 0xFE, 0xFF, 0xFF, 0xFF,
    0xFF, 0xFF, 0xFF, 0xFF, 0xFF, 0x59, 0x00, 0x00, 0x00, 0xFF, 0xFF, 0x65, 0xFF, 0xFF, 0xA7, 0xFF, 0xFF, 0x21, 0x00, 0x00, 0x00, 0x00, 0x00, 0x00,
    0x00, 0x00, 0x00, 0x00, 0x00, 0x00, 0x00, 0x00, 0x00, 0x00, 0x00, 0x00, 0xFF, 0xFF, 0x43, 0xFF, 0xFF, 0xFF, 0xFF, 0xFF, 0xD8, 0xFF, 0xFF, 0x87,
    0xFF, 0xFF, 0x87, 0xFF, 0xFF, 0x87, 0xFF, 0xFF, 0x87, 0xFF, 0xFF, 0x87, 0xFF, 0xFF, 0x87, 0xFF, 0xFF, 0x87, 0xFF, 0xFF, 0xDC, 0xFF, 0xFF, 0xFF,
    0xFF, 0xFF, 0x53, 0x00, 0x00, 0x00, 0x00, 0x00, 0x00, 0x00, 0x00, 0x00, 0x00, 0x00, 0x00, 0xFF, 0xFF, 0x8E, 0xFF, 0xFF, 0xD3, 0xFF, 0xFF, 0x24,
    0x00, 0x00, 0x00, 0x00, 0x00, 0x00, 0xFF, 0xFF, 0x10, 0xFF, 0xFF, 0xC1, 0xFF, 0xFF, 0xBB, 0xFF, 0xFF, 0x98, 0xFF, 0xFF, 0x26, 0x00, 0x00, 0x00,
    0x00, 0x00, 0x00, 0x00, 0x00, 0x00, 0x00, 0x00, 0x00, 0x00, 0x00, 0x00, 0x00, 0x00, 0x00, 0x00, 0x00, 0x00, 0xFF, 0xFF, 0x69, 0xFF, 0xFF, 0x1D,
    0x00, 0x00, 0x00, 0xFF, 0xFF, 0x09, 0xFF, 0xFF, 0x7D, 0xFF, 0xFF, 0x5B, 0x00, 0x00, 0x00, 0x00, 0x00, 0x00, 0x00, 0x00, 0x00, 0x00, 0x00, 0x00,
    0x00, 0x00, 0x00, 0xFF, 0xFF, 0x17, 0xFF, 0xFF, 0xBF, 0xFF, 0xFF, 0xB3, 0x00, 0x00, 0x00, 0x00, 0x00, 0x00, 0xFF, 0xFF, 0x01, 0x00, 0x00, 0x00,
    0x00, 0x00, 0x00, 0x00, 0x00, 0x00, 0x00, 0x00, 0x00, 0xFF, 0xFF, 0x05, 0x00, 0x00, 0x00, 0xFF, 0xFF, 0x11, 0xFF, 0xFF, 0xCF, 0xFF, 0xFF, 0xC3,
    0xFF, 0xFF, 0x82, 0xFF, 0xFF, 0x03, 0x00, 0x00, 0x00, 0x00, 0x00, 0x00, 0x00, 0x00, 0x00, 0x00, 0x00, 0x00, 0x00, 0x00, 0x00, 0x00, 0x00, 0x00,
    0x00, 0x00, 0x00, 0x00, 0x00, 0x00, 0x00, 0x00, 0x00, 0x00, 0x00, 0x00, 0xFF, 0xFF, 0x02, 0xFF, 0xFF, 0x07, 0xFF, 0xFF, 0x05, 0x00, 0x00, 0x00,
    0x00, 0x00, 0x00, 0x00, 0x00, 0x00, 0x00, 0x00, 0x00, 0x00, 0x00, 0x00, 0x00, 0x00, 0x00, 0x00, 0x00, 0x00, 0xFF, 0xFF, 0x02, 0xFF, 0xFF, 0x03,
    0xFF, 0xFF, 0x01, 0x00, 0x00, 0x00, 0x00, 0x00, 0x00, 0x00, 0x00, 0x00, 0x00, 0x00, 0x00, 0x00, 0x00, 0x00, 0x00, 0x00, 0x00, 0x00, 0x00, 0x00,
    0x00, 0x00, 0x00, 0x00, 0x00, 0x00, 0x00, 0x00, 0x00, 0x00, 0x00, 0x00, 0x00, 0x00, 0x00, 0x00, 0x00, 0x00, 0x00, 0x00, 0x00, 0x00, 0x00, 0x00,
    0x00, 0x00, 0x00, 0x00, 0x00, 0x00, 0x00, 0x00, 0x00, 0x00, 0x00, 0x00, 0x00, 0x00, 0x00, 0x00, 0x00, 0x00, 0x00, 0x00, 0x00, 0x00, 0x00, 0x00,
    0x00, 0x00, 0x00, 0x00, 0x00, 0x00, 0x00, 0x00, 0x00, 0x00, 0x00, 0x00, 0x00, 0x00, 0x00, 0x00, 0x00, 0x00, 0x00, 0x00, 0x00, 0x00, 0x00, 0x00,
    0x00, 0x00, 0x00, 0x00, 0x00, 0x00, 0x00, 0x00, 0x00, 0x00, 0x00, 0x00, 0x00, 0x00, 0x00, 0x00, 0x00, 0x00, 0x00, 0x00, 0x00, 0x00, 0x00, 0x00,
    0x00, 0x00, 0x00, 0x00, 0x00, 0x00, 0x00, 0x00, 0x00, 0x00, 0x00, 0x00, 0x00, 0x00, 0x00, 0x00, 0x00, 0x00, 0x00, 0x00, 0x00, 0x00, 0x00, 0x00,
    0x00, 0x00, 0x00, 0x00, 0x00, 0x00, 0x00, 0x00, 0x00, 0x00, 0x00, 0x00, 0x00, 0x00, 0x00, 0x00, 0x00, 0x00, 0x00, 0x00, 0x00, 0x00, 0x00, 0x00,
    0x00, 0x00, 0x00, 0x00, 0x00, 0x00, 0x00, 0x00, 0x00, 0x00, 0x00, 0x00, 0x00, 0x00, 0x00, 0x00, 0x00, 0x00, 0x00, 0x00, 0x00, 0x00, 0x00, 0x00,
    0x00, 0x00, 0x00, 0x00, 0x00, 0x00, 0x00, 0x00, 0x00, 0x00, 0x00, 0x00, 0x00, 0x00, 0x00, 0x00, 0x00, 0x00, 0x00, 0x00, 0x00, 0x00, 0x00, 0x00,
    0x00, 0x00, 0x00, 0x00, 0x00, 0x00, 0x00, 0x00, 0x00, 0x00, 0x00, 0x00, 0x00, 0x00, 0x00, 0x00, 0x00, 0x00, 0x00, 0x00, 0x00, 0x00, 0x00, 0x00,
    0x00, 0x00, 0x00, 0x00, 0x00, 0x00, 0x00, 0x00, 0x00, 0x00, 0x00, 0x00, 0x00, 0x00, 0x00, 0x00, 0x00, 0x00, 0x00, 0x00, 0x00, 0x00, 0x00, 0x00,
    0x00, 0x00, 0x00, 0x00, 0x00, 0x00, 0x00, 0x00, 0x00, 0x00, 0x00, 0x00, 0x00, 0x00, 0x00, 0x00, 0x00, 0x00, 0x00, 0x00, 0x00, 0x00, 0x00, 0x00,
    0x00, 0x00, 0x00, 0x00, 0x00, 0x00, 0x00, 0x00, 0x00, 0x00, 0x00, 0x00, 0x00, 0x00, 0x00, 0x00, 0x00, 0x00, 0x00, 0x00, 0x00, 0x00, 0x00, 0x00,
    0x00, 0x00, 0x00, 0x00, 0x00, 0x00, 0x00, 0x00, 0x00, 0x00, 0x00, 0x00, 0x00, 0x00, 0x00, 0x00, 0x00, 0x00, 0x00, 0x00, 0x00, 0x00, 0x00, 0x00,
    0x00, 0x00, 0x00, 0x00, 0x00, 0x00, 0x00, 0x00, 0x00, 0x00, 0x00, 0x00, 0x00, 0x00, 0x00, 0x00, 0x00, 0x00, 0x00, 0x00, 0x00, 0x00, 0x00, 0x00,
    0x00, 0x00, 0x00, 0x00, 0x00, 0x00, 0x00, 0x00, 0x00, 0x00, 0x00, 0x00, 0x00, 0x00, 0x00, 0x00, 0x00, 0x00, 0x00, 0x00, 0x00, 0x00, 0x00, 0x00,
    0x00, 0x00, 0x00, 0x00, 0x00, 0x00, 0x00, 0x00, 0x00, 0x00, 0x00, 0x00, 0x00, 0x00, 0x00, 0x00, 0x00, 0x00, 0x00, 0x00, 0x00, 0x00, 0x00, 0x00,
    0x00, 0x00, 0x00, 0x00, 0x00, 0x00, 0x00, 0x00, 0x00, 0x00, 0x00, 0x00, 0x00, 0x00, 0x00, 0x00, 0x00, 0x00, 0x00, 0x00, 0x00, 0x00, 0x00, 0x00,
    0x00, 0x00, 0x00, 0x00, 0x00, 0x00, 0x00, 0x00, 0x00, 0x00, 0x00, 0x00, 0x00, 0x00, 0x00, 0x00, 0x00, 0x00, 0x00, 0x00, 0x00, 0x00, 0x00, 0x00,
    0x00, 0x00, 0x00, 0x00, 0x00, 0x00, 0x00, 0x00, 0x00, 0x00, 0x00, 0x00, 0x00, 0x00, 0x00, 0x00, 0x00, 0x00, 0x00, 0x00, 0x00, 0x00, 0x00, 0x00,
    0x00, 0x00, 0x00, 0x00, 0x00, 0x00, 0x00, 0x00, 0x00, 0x00, 0x00, 0x00, 0x00, 0x00, 0x00, 0x00, 0x00, 0x00, 0x00, 0x00, 0x00, 0x00, 0x00, 0x00,
    0x00, 0x00, 0x00, 0x00, 0x00, 0x00, 0x00, 0x00, 0x00, 0x00, 0x00, 0x00, 0x00, 0x00, 0x00, 0x00, 0x00, 0x00, 0x00, 0x00, 0x00, 0x00, 0x00, 0x00,
    0x00, 0x00, 0x00, 0x00, 0x00, 0x00, 0x00, 0x00, 0x00, 0x00, 0x00, 0x00, 0x00, 0x00, 0x00, 0x00, 0x00, 0x00, 0x00, 0x00, 0x00, 0x00, 0x00, 0x00,
    0x00, 0x00, 0x00, 0x00, 0x00, 0x00, 0x00, 0x00, 0x00, 0x00, 0x00, 0x00, 0x00, 0x00, 0x00, 0x00, 0x00, 0x00, 0x00, 0x00, 0x00, 0x00, 0x00, 0x00,
    0x00, 0x00, 0x00, 0x00, 0x00, 0x00, 0x00, 0x00, 0x00, 0x00, 0x00, 0x00, 0x00, 0x00, 0x00, 0x00, 0x00, 0x00, 0x00, 0x00, 0x00, 0x00, 0x00, 0x00,
};
const lv_img_dsc_t flow_pause_training = {
    .header.always_zero = 0,
    .header.w = 72,
    .header.h = 23,
    .data_size = 4968,
    .header.cf = LV_IMG_CF_TRUE_COLOR_ALPHA,
    .data = flow_pause_training_map,
};

#ifndef LV_ATTRIBUTE_IMG_FLOW_PAUSED_TITLE
#define LV_ATTRIBUTE_IMG_FLOW_PAUSED_TITLE
#endif
const LV_ATTRIBUTE_MEM_ALIGN LV_ATTRIBUTE_LARGE_CONST LV_ATTRIBUTE_IMG_FLOW_PAUSED_TITLE uint8_t flow_paused_title_map[] = {
    0x00, 0x00, 0x00, 0x00, 0x00, 0x00, 0x00, 0x00, 0x00, 0x00, 0x00, 0x00, 0x00, 0x00, 0x00, 0x00, 0x00, 0x00, 0x00, 0x00, 0x00, 0x00, 0x00, 0x00,
    0x00, 0x00, 0x00, 0x00, 0x00, 0x00, 0x00, 0x00, 0x00, 0x00, 0x00, 0x00, 0x00, 0x00, 0x00, 0x00, 0x00, 0x00, 0x00, 0x00, 0x00, 0x00, 0x00, 0x00,
    0x00, 0x00, 0x00, 0x00, 0x00, 0x00, 0x00, 0x00, 0x00, 0x00, 0x00, 0x00, 0x00, 0x00, 0x00, 0x00, 0x00, 0x00, 0x00, 0x00, 0x00, 0x00, 0x00, 0x00,
    0x00, 0x00, 0x00, 0x00, 0x00, 0x00, 0x00, 0x00, 0x00, 0x00, 0x00, 0x00, 0x00, 0x00, 0x00, 0x00, 0x00, 0x00, 0x00, 0x00, 0x00, 0x00, 0x00, 0x00,
    0x00, 0x00, 0x00, 0x00, 0x00, 0x00, 0x00, 0x00, 0x00, 0x00, 0x00, 0x00, 0x00, 0x00, 0x00, 0x00, 0x00, 0x00, 0x00, 0x00, 0x00, 0x00, 0x00, 0x00,
    0x00, 0x00, 0x00, 0x00, 0x00, 0x00, 0x00, 0x00, 0x00, 0x00, 0x00, 0x00, 0x00, 0x00, 0x00, 0x00, 0x00, 0x00, 0x00, 0x00, 0x00, 0x00, 0x00, 0x00,
    0x00, 0x00, 0x00, 0x00, 0x00, 0x00, 0x00, 0x00, 0x00, 0x00, 0x00, 0x00, 0x00, 0x00, 0x00, 0x00, 0x00, 0x00, 0x00, 0x00, 0x00, 0x00, 0x00, 0x00,
    0x00, 0x00, 0x00, 0x00, 0x00, 0x00, 0x00, 0x00, 0x00, 0x00, 0x00, 0x00, 0x00, 0x00, 0x00, 0x00, 0x00, 0x00, 0x00, 0x00, 0x00, 0x00, 0x00, 0x00,
    0x00, 0x00, 0x00, 0x00, 0x00, 0x00, 0x00, 0x00, 0x00, 0x00, 0x00, 0x00, 0x00, 0x00, 0x00, 0x00, 0x00, 0x00, 0x00, 0x00, 0x00, 0x00, 0x00, 0x00,
    0x00, 0x00, 0x00, 0x00, 0x00, 0x00, 0x00, 0x00, 0x00, 0x00, 0x00, 0x00, 0x00, 0x00, 0x00, 0x00, 0x00, 0x00, 0x00, 0x00, 0x00, 0x00, 0x00, 0x00,
    0x00, 0x00, 0x00, 0x00, 0x00, 0x00, 0x00, 0x00, 0x00, 0x00, 0x00, 0x00, 0x00, 0x00, 0x00, 0x00, 0x00, 0x00, 0x00, 0x00, 0x00, 0x00, 0x00, 0x00,
    0x00, 0x00, 0x00, 0x00, 0x00, 0x00, 0x00, 0x00, 0x00, 0x00, 0x00, 0x00, 0x00, 0x00, 0x00, 0x00, 0x00, 0x00, 0x00, 0x00, 0x00, 0x00, 0x00, 0x00,
    0x00, 0x00, 0x00, 0x00, 0x00, 0x00, 0x00, 0x00, 0x00, 0x00, 0x00, 0x00, 0x00, 0x00, 0x00, 0x00, 0x00, 0x00, 0x00, 0x00, 0x00, 0x00, 0x00, 0x00,
    0x00, 0x00, 0x00, 0x00, 0x00, 0x00, 0x00, 0x00, 0x00, 0x00, 0x00, 0x00, 0x00, 0x00, 0x00, 0x00, 0x00, 0x00, 0x00, 0x00, 0x00, 0x00, 0x00, 0x00,
    0x00, 0x00, 0x00, 0x00, 0x00, 0x00, 0x00, 0x00, 0x00, 0x00, 0x00, 0x00, 0x00, 0x00, 0x00, 0x00, 0x00, 0x00, 0x00, 0x00, 0x00, 0x00, 0x00, 0x00,
    0x00, 0x00, 0x00, 0x00, 0x00, 0x00, 0x00, 0x00, 0x00, 0x00, 0x00, 0x00, 0x00, 0x00, 0x00, 0x00, 0x00, 0x00, 0x00, 0x00, 0x00, 0x00, 0x00, 0x00,
    0x00, 0x00, 0x00, 0x00, 0x00, 0x00, 0x00, 0x00, 0x00, 0x00, 0x00, 0x00, 0x00, 0x00, 0x00, 0x00, 0x00, 0x00, 0x00, 0x00, 0x00, 0x00, 0x00, 0x00,
    0x00, 0x00, 0x00, 0x00, 0x00, 0x00, 0x00, 0x00, 0x00, 0x00, 0x00, 0x00, 0x00, 0x00, 0x00, 0x00, 0x00, 0x00, 0x00, 0x00, 0x00, 0x00, 0x00, 0x00,
    0x00, 0x00, 0x00, 0x00, 0x00, 0x00, 0x00, 0x00, 0x00, 0x00, 0x00, 0x00, 0x00, 0x00, 0x00, 0x00, 0x00, 0x00, 0x00, 0x00, 0x00, 0x00, 0x00, 0x00,
    0x00, 0x00, 0x00, 0x00, 0x00, 0x00, 0x00, 0x00, 0x00, 0x00, 0x00, 0x00, 0x00, 0x00, 0x00, 0x00, 0x00, 0x00, 0x00, 0x00, 0x00, 0x00, 0x00, 0x00,
    0x00, 0x00, 0x00, 0x00, 0x00, 0x00, 0x00, 0x00, 0x00, 0x00, 0x00, 0x00, 0x00, 0x00, 0x00, 0x00, 0x00, 0x00, 0x00, 0x00, 0x00, 0x00, 0x00, 0x00,
    0x00, 0x00, 0x00, 0x00, 0x00, 0x00, 0x00, 0x00, 0x00, 0x00, 0x00, 0x00, 0x00, 0x00, 0x00, 0x00, 0x00, 0x00, 0x00, 0x00, 0x00, 0x00, 0x00, 0x00,
    0x00, 0x00, 0x00, 0x00, 0x00, 0x00, 0x00, 0x00, 0x00, 0x00, 0x00, 0x00, 0x00, 0x00, 0x00, 0x00, 0x00, 0x00, 0x00, 0x00, 0x00, 0x00, 0x00, 0x00,
    0x00, 0x00, 0x00, 0x00, 0x00, 0x00, 0x00, 0x00, 0x00, 0x00, 0x00, 0x00, 0x00, 0x00, 0x00, 0x00, 0x00, 0x00, 0x00, 0x00, 0x00, 0x00, 0x00, 0x00,
    0x00, 0x00, 0x00, 0x00, 0x00, 0x00, 0x00, 0x00, 0x00, 0x00, 0x00, 0x00, 0x00, 0x00, 0x00, 0x00, 0x00, 0x00, 0x00, 0x00, 0x00, 0x00, 0x00, 0x00,
    0x00, 0x00, 0x00, 0x00, 0x00, 0x00, 0x00, 0x00, 0x00, 0x00, 0x00, 0x00, 0x00, 0x00, 0x00, 0x00, 0x00, 0x00, 0x00, 0x00, 0x00, 0x00, 0x00, 0x00,
    0x00, 0x00, 0x00, 0x00, 0x00, 0x00, 0x00, 0x00, 0x00, 0x00, 0x00, 0x00, 0x00, 0x00, 0x00, 0x00, 0x00, 0x00, 0x00, 0x00, 0x00, 0x00, 0x00, 0x00,
    0x00, 0x00, 0x00, 0x00, 0x00, 0x00, 0x00, 0x00, 0x00, 0x00, 0x00, 0x00, 0x00, 0x00, 0x00, 0x00, 0x00, 0x00, 0x00, 0x00, 0x00, 0x00, 0x00, 0x00,
    0x00, 0x00, 0x00, 0x00, 0x00, 0x00, 0x00, 0x00, 0x00, 0x00, 0x00, 0x00, 0x00, 0x00, 0x00, 0x00, 0x00, 0x00, 0x00, 0x00, 0x00, 0x00, 0x00, 0x00,
    0x00, 0x00, 0x00, 0x00, 0x00, 0x00, 0x00, 0x00, 0x00, 0x00, 0x00, 0x00, 0x00, 0x00, 0x00, 0x00, 0x00, 0x00, 0x00, 0x00, 0x00, 0x00, 0x00, 0x00,
    0x00, 0x00, 0x00, 0x00, 0x00, 0x00, 0x00, 0x00, 0x00, 0x00, 0x00, 0x00, 0x00, 0x00, 0x00, 0x00, 0x00, 0x00, 0x00, 0x00, 0x00, 0x00, 0x00, 0x00,
    0x00, 0x00, 0x00, 0x00, 0x00, 0x00, 0x00, 0x00, 0x00, 0x00, 0x00, 0x00, 0x00, 0x00, 0x00, 0x00, 0x00, 0x00, 0x00, 0x00, 0x00, 0x00, 0x00, 0x00,
    0x00, 0x00, 0x00, 0x00, 0x00, 0x00, 0x00, 0x00, 0x00, 0x00, 0x00, 0x00, 0x00, 0x00, 0x00, 0x00, 0x00, 0x00, 0x00, 0x00, 0x00, 0x00, 0x00, 0x00,
    0x00, 0x00, 0x00, 0x00, 0x00, 0x00, 0x00, 0x00, 0x00, 0x00, 0x00, 0x00, 0x00, 0x00, 0x00, 0x00, 0x00, 0x00, 0x00, 0x00, 0x00, 0x00, 0x00, 0x00,
    0x00, 0x00, 0x00, 0x00, 0x00, 0x00, 0x00, 0x00, 0x00, 0x00, 0x00, 0x00, 0x00, 0x00, 0x00, 0x00, 0x00, 0x00, 0x00, 0x00, 0x00, 0x00, 0x00, 0x00,
    0x00, 0x00, 0x00, 0x00, 0x00, 0x00, 0x00, 0x00, 0x00, 0x00, 0x00, 0x00, 0x00, 0x00, 0x00, 0x00, 0x00, 0x00, 0x00, 0x00, 0x00, 0x00, 0x00, 0x00,
    0x00, 0x00, 0x00, 0x00, 0x00, 0x00, 0x00, 0x00, 0x00, 0x00, 0x00, 0x00, 0x00, 0x00, 0x00, 0x00, 0x00, 0x00, 0x00, 0x00, 0x00, 0x00, 0x00, 0x00,
    0x00, 0x00, 0x00, 0x00, 0x00, 0x00, 0x00, 0x00, 0x00, 0x00, 0x00, 0x00, 0x00, 0x00, 0x00, 0x00, 0x00, 0x00, 0x00, 0x00, 0x00, 0x00, 0x00, 0x00,
    0x00, 0x00, 0x00, 0x00, 0x00, 0x00, 0x00, 0x00, 0x00, 0x00, 0x00, 0x00, 0x00, 0x00, 0x00, 0x00, 0x00, 0x00, 0x00, 0x00, 0x00, 0x00, 0x00, 0x00,
    0x00, 0x00, 0x00, 0x00, 0x00, 0x00, 0x00, 0x00, 0x00, 0x00, 0x00, 0x00, 0x00, 0x00, 0x00, 0x00, 0x00, 0x00, 0x00, 0x00, 0x00, 0x00, 0x00, 0x00,
    0x00, 0x00, 0x00, 0x00, 0x00, 0x00, 0x00, 0x00, 0x00, 0x00, 0x00, 0x00, 0x00, 0x00, 0x00, 0x00, 0x00, 0x00, 0x00, 0x00, 0x00, 0x00, 0x00, 0x00,
    0x00, 0x00, 0x00, 0x00, 0x00, 0x00, 0x00, 0x00, 0x00, 0x00, 0x00, 0x00, 0x00, 0x00, 0x00, 0x00, 0x00, 0x00, 0x00, 0x00, 0x00, 0x00, 0x00, 0x00,
    0x00, 0x00, 0x00, 0x00, 0x00, 0x00, 0x00, 0x00, 0x00, 0x00, 0x00, 0x00, 0x00, 0x00, 0x00, 0x00, 0x00, 0x00, 0x00, 0x00, 0x00, 0x00, 0x00, 0x00,
    0x00, 0x00, 0x00, 0x00, 0x00, 0x00, 0x00, 0x00, 0x00, 0x00, 0x00, 0x00, 0x00, 0x00, 0x00, 0x00, 0x00, 0x00, 0x00, 0x00, 0x00, 0x00, 0x00, 0x00,
    0x00, 0x00, 0x00, 0x00, 0x00, 0x00, 0x8E, 0x35, 0x02, 0x8E, 0x35, 0x02, 0x00, 0x00, 0x00, 0x00, 0x00, 0x00, 0x00, 0x00, 0x00, 0x00, 0x00, 0x00,
    0x00, 0x00, 0x00, 0x00, 0x00, 0x00, 0x00, 0x00, 0x00, 0x00, 0x00, 0x00, 0x00, 0x00, 0x00, 0x00, 0x00, 0x00, 0x00, 0x00, 0x00, 0x00, 0x00, 0x00,
    0x00, 0x00, 0x00, 0x00, 0x00, 0x00, 0x00, 0x00, 0x00, 0x00, 0x00, 0x00, 0x00, 0x00, 0x00, 0x00, 0x00, 0x00, 0x00, 0x00, 0x00, 0x00, 0x00, 0x00,
    0x00, 0x00, 0x00, 0x00, 0x00, 0x00, 0x00, 0x00, 0x00, 0x00, 0x00, 0x00, 0x00, 0x00, 0x00, 0x00, 0x00, 0x00, 0x00, 0x00, 0x00, 0x00, 0x00, 0x00,
    0x00, 0x00, 0x00, 0x00, 0x00, 0x00, 0x00, 0x00, 0x00, 0x00, 0x00, 0x00, 0x00, 0x00, 0x00, 0x8E, 0x35, 0x22, 0x8E, 0x35, 0x87, 0x8E, 0x35, 0x18,
    0x00, 0x00, 0x00, 0x00, 0x00, 0x00, 0x00, 0x00, 0x00, 0x00, 0x00, 0x00, 0x00, 0x00, 0x00, 0x00, 0x00, 0x00, 0x00, 0x00, 0x00, 0x00, 0x00, 0x00,
    0x00, 0x00, 0x00, 0x00, 0x00, 0x00, 0x8E, 0x35, 0x4D, 0x8E, 0x35, 0x74, 0x8E, 0x35, 0x51, 0x8E, 0x35, 0x2E, 0x8E, 0x35, 0x0A, 0x00, 0x00, 0x00,
    0x00, 0x00, 0x00, 0x00, 0x00, 0x00, 0x00, 0x00, 0x00, 0x00, 0x00, 0x00, 0x00, 0x00, 0x00, 0x00, 0x00, 0x00, 0x00, 0x00, 0x00, 0x00, 0x00, 0x00,
    0x00, 0x00, 0x00, 0x00, 0x00, 0x00, 0x00, 0x00, 0x00, 0x00, 0x00, 0x00, 0x00, 0x00, 0x00, 0x00, 0x00, 0x00, 0x00, 0x00, 0x00, 0x00, 0x00, 0x00,
    0x00, 0x00, 0x00, 0x00, 0x00, 0x00, 0x00, 0x00, 0x00, 0x00, 0x00, 0x00, 0x00, 0x00, 0x00, 0x00, 0x00, 0x00, 0x00, 0x00, 0x00, 0x00, 0x00, 0x00,
    0x00, 0x00, 0x00, 0x00, 0x00, 0x00, 0x00, 0x00, 0x00, 0x00, 0x00, 0x00, 0x00, 0x00, 0x00, 0x00, 0x00, 0x00, 0x00, 0x00, 0x00, 0x00, 0x00, 0x00,
    0x00, 0x00, 0x00, 0x00, 0x00, 0x00, 0x00, 0x00, 0x00, 0x00, 0x00, 0x00, 0x00, 0x00, 0x00, 0x00, 0x00, 0x00, 0x00, 0x00, 0x00, 0x00, 0x00, 0x00,
    0x00, 0x00, 0x00, 0x00, 0x00, 0x00, 0x00, 0x00, 0x00, 0x00, 0x00, 0x00, 0x00, 0x00, 0x00, 0x00, 0x00, 0x00, 0x00, 0x00, 0x00, 0x00, 0x00, 0x00,
    0x00, 0x00, 0x00, 0x00, 0x00, 0x00, 0x00, 0x00, 0x00, 0x8E, 0x35, 0x2A, 0x8E, 0x35, 0x05, 0x00, 0x00, 0x00, 0x00, 0x00, 0x00, 0x00, 0x00, 0x00,
    0x00, 0x00, 0x00, 0x00, 0x00, 0x00, 0x00, 0x00, 0x00, 0x00, 0x00, 0x00, 0x00, 0x00, 0x00, 0x00, 0x00, 0x00, 0x00, 0x00, 0x00, 0x00, 0x00, 0x00,
    0x00, 0x00, 0x00, 0x00, 0x00, 0x00, 0x00, 0x00, 0x00, 0x00, 0x00, 0x00, 0x00, 0x00, 0x00, 0x00, 0x00, 0x00, 0x00, 0x00, 0x00, 0x00, 0x00, 0x00,
    0x00, 0x00, 0x00, 0x00, 0x00, 0x00, 0x00, 0x00, 0x00, 0x00, 0x00, 0x00, 0x00, 0x00, 0x00, 0x00, 0x00, 0x00, 0x00, 0x00, 0x00, 0x00, 0x00, 0x00,
    0x00, 0x00, 0x00, 0x00, 0x00, 0x00, 0x00, 0x00, 0x00, 0x00, 0x00, 0x00, 0x00, 0x00, 0x00, 0x8E, 0x35, 0x08, 0x8E, 0x35, 0x36, 0x8E, 0x35, 0x01,
    0x00, 0x00, 0x00, 0x00, 0x00, 0x00, 0x00, 0x00, 0x00, 0x00, 0x00, 0x00, 0x00, 0x00, 0x00, 0x00, 0x00, 0x00, 0x00, 0x00, 0x00, 0x00, 0x00, 0x00,
    0x00, 0x00, 0x00, 0x8E, 0x35, 0x02, 0x8E, 0x35, 0x33, 0x8E, 0x35, 0x75, 0x8E, 0x35, 0x99, 0x00, 0x00, 0x00, 0x00, 0x00, 0x00, 0x00, 0x00, 0x00,
    0x00, 0x00, 0x00, 0x00, 0x00, 0x00, 0x00, 0x00, 0x00, 0x00, 0x00, 0x00, 0x00, 0x00, 0x00, 0x00, 0x00, 0x00, 0x00, 0x00, 0x00, 0x00, 0x00, 0x00,
    0x00, 0x00, 0x00, 0x00, 0x00, 0x00, 0x00, 0x00, 0x00, 0x00, 0x00, 0x00, 0x00, 0x00, 0x00, 0x00, 0x00, 0x00, 0x00, 0x00, 0x00, 0x00, 0x00, 0x00,
    0x8E, 0x35, 0x97, 0x8E, 0x35, 0xB8, 0x8E, 0x35, 0x13, 0x00, 0x00, 0x00, 0x00, 0x00, 0x00, 0x00, 0x00, 0x00, 0x00, 0x00, 0x00, 0x00, 0x00, 0x00,
    0x00, 0x00, 0x00, 0x8E, 0x35, 0x03, 0x8E, 0x35, 0x67, 0x8E, 0x35, 0x67, 0x8E, 0x35, 0x67, 0x8E, 0x35, 0x67, 0x8E, 0x35, 0x04, 0x00, 0x00, 0x00,
    0x00, 0x00, 0x00, 0x00, 0x00, 0x00, 0x00, 0x00, 0x00, 0x00, 0x00, 0x00, 0x00, 0x00, 0x00, 0x00, 0x00, 0x00, 0x00, 0x00, 0x00, 0x8E, 0x35, 0x24,
    0x8E, 0x35, 0x9B, 0x8E, 0x35, 0x9B, 0x8E, 0x35, 0x9B, 0x8E, 0x35, 0x88, 0x00, 0x00, 0x00, 0x00, 0x00, 0x00, 0x00, 0x00, 0x00, 0x00, 0x00, 0x00,
    0x00, 0x00, 0x00, 0x00, 0x00, 0x00, 0x00, 0x00, 0x00, 0x8E, 0x35, 0x67, 0x8E, 0x35, 0xFF, 0x8E, 0x35, 0xF8, 0x8E, 0x35, 0x98, 0x8E, 0x35, 0x24,
    0x00, 0x00, 0x00, 0x00, 0x00, 0x00, 0x00, 0x00, 0x00, 0x00, 0x00, 0x00, 0x00, 0x00, 0x00, 0x00, 0x00, 0x00, 0x00, 0x00, 0x00, 0x00, 0x00, 0x00,
    0x8E, 0x35, 0xAD, 0x8E, 0x35, 0xFF, 0x8E, 0x35, 0xFF, 0x8E, 0x35, 0xFF, 0x8E, 0x35, 0x60, 0x00, 0x00, 0x00, 0x00, 0x00, 0x00, 0x00, 0x00, 0x00,
    0x00, 0x00, 0x00, 0x00, 0x00, 0x00, 0x00, 0x00, 0x00, 0x00, 0x00, 0x00, 0x00, 0x00, 0x00, 0x00, 0x00, 0x00, 0x00, 0x00, 0x00, 0x00, 0x00, 0x00,
    0x00, 0x00, 0x00, 0x00, 0x00, 0x00, 0x00, 0x00, 0x00, 0x00, 0x00, 0x00, 0x00, 0x00, 0x00, 0x00, 0x00, 0x00, 0x00, 0x00, 0x00, 0x00, 0x00, 0x00,
    0x00, 0x00, 0x00, 0x00, 0x00, 0x00, 0x00, 0x00, 0x00, 0x00, 0x00, 0x00, 0x00, 0x00, 0x00, 0x00, 0x00, 0x00, 0x00, 0x00, 0x00, 0x00, 0x00, 0x00,
    0x00, 0x00, 0x00, 0x00, 0x00, 0x00, 0x00, 0x00, 0x00, 0x00, 0x00, 0x00, 0x00, 0x00, 0x00, 0x00, 0x00, 0x00, 0x00, 0x00, 0x00, 0x00, 0x00, 0x00,
    0x00, 0x00, 0x00, 0x00, 0x00, 0x00, 0x00, 0x00, 0x00, 0x00, 0x00, 0x00, 0x00, 0x00, 0x00, 0x00, 0x00, 0x00, 0x00, 0x00, 0x00, 0x00, 0x00, 0x00,
    0x00, 0x00, 0x00, 0x00, 0x00, 0x00, 0x00, 0x00, 0x00, 0x00, 0x00, 0x00, 0x00, 0x00, 0x00, 0x00, 0x00, 0x00, 0x00, 0x00, 0x00, 0x00, 0x00, 0x00,
    0x8E, 0x35, 0x17, 0x8E, 0x35, 0xF9, 0x8E, 0x35, 0xF3, 0x8E, 0x35, 0xB5, 0x8E, 0x35, 0x72, 0x8E, 0x35, 0x16, 0x00, 0x00, 0x00, 0x00, 0x00, 0x00,
    0x00, 0x00, 0x00, 0x00, 0x00, 0x00, 0x00, 0x00, 0x00, 0x00, 0x00, 0x00, 0x00, 0x00, 0x00, 0x00, 0x00, 0x00, 0x00, 0x00, 0x00, 0x00, 0x00, 0x00,
    0x00, 0x00, 0x00, 0x00, 0x00, 0x00, 0x00, 0x00, 0x00, 0x00, 0x00, 0x00, 0x8E, 0x35, 0x02, 0x8E, 0x35, 0x2E, 0x8E, 0x35, 0x73, 0x8E, 0x35, 0xC1,
    0x8E, 0x35, 0x7F, 0x00, 0x00, 0x00, 0x00, 0x00, 0x00, 0x00, 0x00, 0x00, 0x00, 0x00, 0x00, 0x00, 0x00, 0x00, 0x00, 0x00, 0x00, 0x00, 0x00, 0x00,
    0x00, 0x00, 0x00, 0x00, 0x00, 0x00, 0x00, 0x00, 0x00, 0x8E, 0x35, 0x5C, 0x8E, 0x35, 0xFF, 0x8E, 0x35, 0xE5, 0x8E, 0x35, 0x97, 0x8E, 0x35, 0x35,
    0x00, 0x00, 0x00, 0x00, 0x00, 0x00, 0x00, 0x00, 0x00, 0x00, 0x00, 0x00, 0x00, 0x00, 0x00, 0x00, 0x00, 0x00, 0x8E, 0x35, 0x01, 0x8E, 0x35, 0xD7,
    0x8E, 0x35, 0xFF, 0x8E, 0x35, 0xFF, 0x8E, 0x35, 0xFF, 0x8E, 0x35, 0x51, 0x00, 0x00, 0x00, 0x00, 0x00, 0x00, 0x00, 0x00, 0x00, 0x00, 0x00, 0x00,
    0x00, 0x00, 0x00, 0x00, 0x00, 0x00, 0x00, 0x00, 0x00, 0x00, 0x00, 0x00, 0x00, 0x00, 0x00, 0x00, 0x00, 0x00, 0x00, 0x00, 0x00, 0x00, 0x00, 0x00,
    0x00, 0x00, 0x00, 0x00, 0x00, 0x00, 0x00, 0x00, 0x00, 0x00, 0x00, 0x00, 0x00, 0x00, 0x00, 0x8E, 0x35, 0x82, 0x8E, 0x35, 0xFF, 0x8E, 0x35, 0xFF,
    0x8E, 0x35, 0xE2, 0x8E, 0x35, 0x38, 0x00, 0x00, 0x00, 0x00, 0x00, 0x00, 0x00, 0x00, 0x00, 0x00, 0x00, 0x00, 0x00, 0x00, 0x00, 0x8E, 0x35, 0x07,
    0x8E, 0x35, 0xFF, 0x8E, 0x35, 0xFF, 0x8E, 0x35, 0xFF, 0x8E, 0x35, 0xFF, 0x8E, 0x35, 0x0B, 0x00, 0x00, 0x00, 0x00, 0x00, 0x00, 0x00, 0x00, 0x00,
    0x00, 0x00, 0x00, 0x00, 0x00, 0x00, 0x00, 0x00, 0x00, 0x00, 0x00, 0x00, 0x00, 0x00, 0x00, 0x8E, 0x35, 0x3B, 0x8E, 0x35, 0xFF, 0x8E, 0x35, 0xFF,
    0x8E, 0x35, 0xFF, 0x8E, 0x35, 0xDF, 0x00, 0x00, 0x00, 0x00, 0x00, 0x00, 0x00, 0x00, 0x00, 0x00, 0x00, 0x00, 0x00, 0x00, 0x00, 0x00, 0x00, 0x00,
    0x00, 0x00, 0x00, 0x8E, 0x35, 0xA9, 0x8E, 0x35, 0xFF, 0x8E, 0x35, 0xFF, 0x8E, 0x35, 0xFF, 0x8E, 0x35, 0x82, 0x00, 0x00, 0x00, 0x00, 0x00, 0x00,
    0x00, 0x00, 0x00, 0x00, 0x00, 0x00, 0x00, 0x00, 0x00, 0x00, 0x00, 0x00, 0x00, 0x00, 0x00, 0x00, 0x00, 0x00, 0x8E, 0x35, 0xD9, 0x8E, 0x35, 0xFF,
    0x8E, 0x35, 0xFF, 0x8E, 0x35, 0xFF, 0x8E, 0x35, 0x29, 0x00, 0x00, 0x00, 0x00, 0x00, 0x00, 0x00, 0x00, 0x00, 0x00, 0x00, 0x00, 0x00, 0x00, 0x00,
    0x00, 0x00, 0x00, 0x00, 0x00, 0x00, 0x00, 0x00, 0x00, 0x00, 0x00, 0x00, 0x00, 0x00, 0x00, 0x00, 0x00, 0x00, 0x00, 0x00, 0x00, 0x00, 0x00, 0x00,
    0x00, 0x00, 0x00, 0x8E, 0x35, 0x07, 0x8E, 0x35, 0x07, 0x8E, 0x35, 0x07, 0x8E, 0x35, 0x07, 0x8E, 0x35, 0x07, 0x8E, 0x35, 0x07, 0x8E, 0x35, 0x07,
    0x8E, 0x35, 0x07, 0x8E, 0x35, 0x07, 0x8E, 0x35, 0x07, 0x8E, 0x35, 0x07, 0x8E, 0x35, 0x07, 0x8E, 0x35, 0x07, 0x8E, 0x35, 0x07, 0x8E, 0x35, 0x07,
    0x8E, 0x35, 0x07, 0x8E, 0x35, 0x07, 0x8E, 0x35, 0x07, 0x8E, 0x35, 0x07, 0x8E, 0x35, 0x07, 0x8E, 0x35, 0x07, 0x8E, 0x35, 0x07, 0x8E, 0x35, 0x07,
    0x8E, 0x35, 0x07, 0x8E, 0x35, 0x07, 0x8E, 0x35, 0x03, 0x00, 0x00, 0x00, 0x00, 0x00, 0x00, 0x00, 0x00, 0x00, 0x00, 0x00, 0x00, 0x00, 0x00, 0x00,
    0x00, 0x00, 0x00, 0x8E, 0x35, 0x01, 0x8E, 0x35, 0x03, 0x8E, 0x35, 0x03, 0x8E, 0x35, 0x03, 0x8E, 0x35, 0x03, 0x8E, 0x35, 0x7D, 0x8E, 0x35, 0xFF,
    0x8E, 0x35, 0xFF, 0x8E, 0x35, 0xFF, 0x8E, 0x35, 0xEF, 0x8E, 0x35, 0x14, 0x8E, 0x35, 0x03, 0x8E, 0x35, 0x03, 0x8E, 0x35, 0x03, 0x8E, 0x35, 0x03,
    0x8E, 0x35, 0x03, 0x8E, 0x35, 0x02, 0x00, 0x00, 0x00, 0x00, 0x00, 0x00, 0x8E, 0x35, 0x0A, 0x8E, 0x35, 0x2A, 0x8E, 0x35, 0x4D, 0x8E, 0x35, 0x6F,
    0x8E, 0x35, 0x91, 0x8E, 0x35, 0xBE, 0x8E, 0x35, 0xF3, 0x8E, 0x35, 0xFF, 0x8E, 0x35, 0xFF, 0x8E, 0x35, 0xFF, 0x8E, 0x35, 0xF4, 0x8E, 0x35, 0x18,
    0x00, 0x00, 0x00, 0x00, 0x00, 0x00, 0x00, 0x00, 0x00, 0x00, 0x00, 0x00, 0x00, 0x00, 0x00, 0x00, 0x00, 0x00, 0x00, 0x00, 0x00, 0x00, 0x00, 0x00,
    0x00, 0x00, 0x00, 0x8E, 0x35, 0xC2, 0x8E, 0x35, 0xFF, 0x8E, 0x35, 0xFF, 0x8E, 0x35, 0xFF, 0x8E, 0x35, 0x5D, 0x00, 0x00, 0x00, 0x00, 0x00, 0x00,
    0x00, 0x00, 0x00, 0x00, 0x00, 0x00, 0x00, 0x00, 0x00, 0x00, 0x00, 0x00, 0x00, 0x00, 0x00, 0x8E, 0x35, 0x75, 0x8E, 0x35, 0xFF, 0x8E, 0x35, 0xFF,
    0x8E, 0x35, 0xFF, 0x8E, 0x35, 0xD3, 0x8E, 0x35, 0x02, 0x00, 0x00, 0x00, 0x00, 0x00, 0x00, 0x00, 0x00, 0x00, 0x00, 0x00, 0x00, 0x00, 0x00, 0x00,
    0x00, 0x00, 0x00, 0x00, 0x00, 0x00, 0x00, 0x00, 0x00, 0x00, 0x00, 0x00, 0x00, 0x00, 0x00, 0x00, 0x00, 0x00, 0x00, 0x00, 0x00, 0x00, 0x00, 0x00,
    0x00, 0x00, 0x00, 0x00, 0x00, 0x00, 0x8E, 0x35, 0x44, 0x8E, 0x35, 0xFF, 0x8E, 0x35, 0xFF, 0x8E, 0x35, 0xFF, 0x8E, 0x35, 0xFF, 0x8E, 0x35, 0xFA,
    0x8E, 0x35, 0x6A, 0x00, 0x00, 0x00, 0x00, 0x00, 0x00, 0x00, 0x00, 0x00, 0x00, 0x00, 0x00, 0x8E, 0x35, 0x07, 0x8E, 0x35, 0xFF, 0x8E, 0x35, 0xFF,
    0x8E, 0x35, 0xFF, 0x8E, 0x35, 0xFF, 0x8E, 0x35, 0x0B, 0x00, 0x00, 0x00, 0x8E, 0x35, 0x04, 0x8E, 0x35, 0x9F, 0x8E, 0x35, 0x9F, 0x8E, 0x35, 0x9F,
    0x8E, 0x35, 0x75, 0x00, 0x00, 0x00, 0x00, 0x00, 0x00, 0x8E, 0x35, 0x3B, 0x8E, 0x35, 0xFF, 0x8E, 0x35, 0xFF, 0x8E, 0x35, 0xFF, 0x8E, 0x35, 0xDF,
    0x00, 0x00, 0x00, 0x00, 0x00, 0x00, 0x00, 0x00, 0x00, 0x00, 0x00, 0x00, 0x00, 0x00, 0x00, 0x00, 0x00, 0x00, 0x8E, 0x35, 0x04, 0x8E, 0x35, 0xEC,
    0x8E, 0x35, 0xFF, 0x8E, 0x35, 0xFF, 0x8E, 0x35, 0xFE, 0x8E, 0x35, 0x22, 0x00, 0x00, 0x00, 0x00, 0x00, 0x00, 0x00, 0x00, 0x00, 0x00, 0x00, 0x00,
    0x00, 0x00, 0x00, 0x00, 0x00, 0x00, 0x00, 0x00, 0x00, 0x8E, 0x35, 0x09, 0x8E, 0x35, 0xFD, 0x8E, 0x35, 0xFF, 0x8E, 0x35, 0xFF, 0x8E, 0x35, 0xF0,
    0x8E, 0x35, 0x01, 0x00, 0x00, 0x00, 0x00, 0x00, 0x00, 0x00, 0x00, 0x00, 0x00, 0x00, 0x00, 0x00, 0x00, 0x00, 0x00, 0x00, 0x00, 0x00, 0x00, 0x00,
    0x00, 0x00, 0x00, 0x00, 0x00, 0x00, 0x00, 0x00, 0x00, 0x00, 0x00, 0x00, 0x00, 0x00, 0x00, 0x00, 0x00, 0x00, 0x00, 0x00, 0x00, 0x8E, 0x35, 0xEB,
    0x8E, 0x35, 0xFF, 0x8E, 0x35, 0xFF, 0x8E, 0x35, 0xFF, 0x8E, 0x35, 0xFF, 0x8E, 0x35, 0xFF, 0x8E, 0x35, 0xFF, 0x8E, 0x35, 0xFF, 0x8E, 0x35, 0xFF,
    0x8E, 0x35, 0xFF, 0x8E, 0x35, 0xFF, 0x8E, 0x35, 0xFF, 0x8E, 0x35, 0xFF, 0x8E, 0x35, 0xFF, 0x8E, 0x35, 0xFF, 0x8E, 0x35, 0xFF, 0x8E, 0x35, 0xFF,
    0x8E, 0x35, 0xFF, 0x8E, 0x35, 0xFF, 0x8E, 0x35, 0xFF, 0x8E, 0x35, 0xFF, 0x8E, 0x35, 0xFF, 0x8E, 0x35, 0xFF, 0x8E, 0x35, 0xFF, 0x8E, 0x35, 0xFF,
    0x8E, 0x35, 0x67, 0x00, 0x00, 0x00, 0x00, 0x00, 0x00, 0x00, 0x00, 0x00, 0x00, 0x00, 0x00, 0x00, 0x00, 0x00, 0x00, 0x00, 0x00, 0x8E, 0x35, 0x57,
    0x8E, 0x35, 0xFF, 0x8E, 0x35, 0xFF, 0x8E, 0x35, 0xFF, 0x8E, 0x35, 0xFF, 0x8E, 0x35, 0xFF, 0x8E, 0x35, 0xFF, 0x8E, 0x35, 0xFF, 0x8E, 0x35, 0xFF,
    0x8E, 0x35, 0xFF, 0x8E, 0x35, 0xFF, 0x8E, 0x35, 0xFF, 0x8E, 0x35, 0xFF, 0x8E, 0x35, 0xFF, 0x8E, 0x35, 0xFF, 0x8E, 0x35, 0xFF, 0x8E, 0x35, 0xBB,
    0x00, 0x00, 0x00, 0x8E, 0x35, 0xD9, 0x8E, 0x35, 0xFF, 0x8E, 0x35, 0xFF, 0x8E, 0x35, 0xFF, 0x8E, 0x35, 0xFF, 0x8E, 0x35, 0xFF, 0x8E, 0x35, 0xFF,
    0x8E, 0x35, 0xFF, 0x8E, 0x35, 0xFF, 0x8E, 0x35, 0xFF, 0x8E, 0x35, 0xFF, 0x8E, 0x35, 0xFF, 0x8E, 0x35, 0x96, 0x00, 0x00, 0x00, 0x00, 0x00, 0x00,
    0x00, 0x00, 0x00, 0x00, 0x00, 0x00, 0x00, 0x00, 0x00, 0x00, 0x00, 0x00, 0x00, 0x00, 0x00, 0x00, 0x00, 0x00, 0x8E, 0x35, 0x27, 0x8E, 0x35, 0xFF,
    0x8E, 0x35, 0xFF, 0x8E, 0x35, 0xFF, 0x8E, 0x35, 0xEC, 0x8E, 0x35, 0xE4, 0x8E, 0x35, 0xFF, 0x8E, 0x35, 0xFF, 0x8E, 0x35, 0xFF, 0x8E, 0x35, 0xFF,
    0x8E, 0x35, 0xFF, 0x8E, 0x35, 0xFF, 0x8E, 0x35, 0xFF, 0x8E, 0x35, 0xFF, 0x8E, 0x35, 0xFF, 0x8E, 0x35, 0xFF, 0x8E, 0x35, 0xFF, 0x8E, 0x35, 0xFF,
    0x8E, 0x35, 0xFF, 0x8E, 0x35, 0xFF, 0x8E, 0x35, 0xFF, 0x8E, 0x35, 0xFF, 0x8E, 0x35, 0xFF, 0x8E, 0x35, 0xFF, 0x8E, 0x35, 0xFF, 0x8E, 0x35, 0xFF,
    0x8E, 0x35, 0x87, 0x00, 0x00, 0x00, 0x00, 0x00, 0x00, 0x00, 0x00, 0x00, 0x00, 0x00, 0x00, 0x00, 0x00, 0x00, 0x00, 0x00, 0x00, 0x00, 0x00, 0x00,
    0x00, 0x00, 0x00, 0x8E, 0x35, 0x78, 0x8E, 0x35, 0xFE, 0x8E, 0x35, 0xFF, 0x8E, 0x35, 0xFF, 0x8E, 0x35, 0xFF, 0x8E, 0x35, 0xFF, 0x8E, 0x35, 0x93,
    0x8E, 0x35, 0x03, 0x00, 0x00, 0x00, 0x00, 0x00, 0x00, 0x8E, 0x35, 0x07, 0x8E, 0x35, 0xFF, 0x8E, 0x35, 0xFF, 0x8E, 0x35, 0xFF, 0x8E, 0x35, 0xFF,
    0x8E, 0x35, 0x0B, 0x00, 0x00, 0x00, 0x8E, 0x35, 0x07, 0x8E, 0x35, 0xFF, 0x8E, 0x35, 0xFF, 0x8E, 0x35, 0xFF, 0x8E, 0x35, 0xBB, 0x00, 0x00, 0x00,
    0x00, 0x00, 0x00, 0x8E, 0x35, 0x3B, 0x8E, 0x35, 0xFF, 0x8E, 0x35, 0xFF, 0x8E, 0x35, 0xFF, 0x8E, 0x35, 0xDF, 0x00, 0x00, 0x00, 0x00, 0x00, 0x00,
    0x00, 0x00, 0x00, 0x00, 0x00, 0x00, 0x00, 0x00, 0x00, 0x00, 0x00, 0x00, 0x8E, 0x35, 0x45, 0x8E, 0x35, 0xFF, 0x8E, 0x35, 0xFF, 0x8E, 0x35, 0xFF,
    0x8E, 0x35, 0xBE, 0x00, 0x00, 0x00, 0x00, 0x00, 0x00, 0x00, 0x00, 0x00, 0x8E, 0x35, 0x4F, 0x8E, 0x35, 0xBB, 0x8E, 0x35, 0xBB, 0x8E, 0x35, 0xBB,
    0x8E, 0x35, 0xBB, 0x8E, 0x35, 0xC5, 0x8E, 0x35, 0xFF, 0x8E, 0x35, 0xFF, 0x8E, 0x35, 0xFF, 0x8E, 0x35, 0xF2, 0x8E, 0x35, 0xBB, 0x8E, 0x35, 0xBB,
    0x8E, 0x35, 0xBB, 0x8E, 0x35, 0xBB, 0x8E, 0x35, 0xBB, 0x8E, 0x35, 0xBB, 0x8E, 0x35, 0xBB, 0x8E, 0x35, 0xBB, 0x8E, 0x35, 0xBB, 0x8E, 0x35, 0x92,
    0x00, 0x00, 0x00, 0x00, 0x00, 0x00, 0x00, 0x00, 0x00, 0x00, 0x00, 0x00, 0x00, 0x00, 0x00, 0x8E, 0x35, 0xEB, 0x8E, 0x35, 0xFF, 0x8E, 0x35, 0xFF,
    0x8E, 0x35, 0xFF, 0x8E, 0x35, 0xFF, 0x8E, 0x35, 0xFF, 0x8E, 0x35, 0xFF, 0x8E, 0x35, 0xFF, 0x8E, 0x35, 0xFF, 0x8E, 0x35, 0xFF, 0x8E, 0x35, 0xFF,
    0x8E, 0x35, 0xFF, 0x8E, 0x35, 0xFF, 0x8E, 0x35, 0xFF, 0x8E, 0x35, 0xFF, 0x8E, 0x35, 0xFF, 0x8E, 0x35, 0xFF, 0x8E, 0x35, 0xFF, 0x8E, 0x35, 0xFF,
    0x8E, 0x35, 0xFF, 0x8E, 0x35, 0xFF, 0x8E, 0x35, 0xFF, 0x8E, 0x35, 0xFF, 0x8E, 0x35, 0xFF, 0x8E, 0x35, 0xFF, 0x8E, 0x35, 0x67, 0x00, 0x00, 0x00,
    0x00, 0x00, 0x00, 0x00, 0x00, 0x00, 0x00, 0x00, 0x00, 0x00, 0x00, 0x00, 0x00, 0x00, 0x00, 0x8E, 0x35, 0x57, 0x8E, 0x35, 0xFF, 0x8E, 0x35, 0xFF,
    0x8E, 0x35, 0xFF, 0x8E, 0x35, 0xFF, 0x8E, 0x35, 0xFF, 0x8E, 0x35, 0xFF, 0x8E, 0x35, 0xFF, 0x8E, 0x35, 0xFF, 0x8E, 0x35, 0xFF, 0x8E, 0x35, 0xFF,
    0x8E, 0x35, 0xFF, 0x8E, 0x35, 0xFF, 0x8E, 0x35, 0xFF, 0x8E, 0x35, 0xFF, 0x8E, 0x35, 0xFF, 0x8E, 0x35, 0xBB, 0x00, 0x00, 0x00, 0x8E, 0x35, 0xEF,
    0x8E, 0x35, 0xFF, 0x8E, 0x35, 0xFF, 0x8E, 0x35, 0xFF, 0x8E, 0x35, 0xFF, 0x8E, 0x35, 0xFF, 0x8E, 0x35, 0xFF, 0x8E, 0x35, 0xFF, 0x8E, 0x35, 0xFF,
    0x8E, 0x35, 0xFF, 0x8E, 0x35, 0xE1, 0x8E, 0x35, 0xAB, 0x8E, 0x35, 0x71, 0x00, 0x00, 0x00, 0x00, 0x00, 0x00, 0x00, 0x00, 0x00, 0x00, 0x00, 0x00,
    0x00, 0x00, 0x00, 0x00, 0x00, 0x00, 0x00, 0x00, 0x00, 0x00, 0x00, 0x00, 0x8E, 0x35, 0x93, 0x8E, 0x35, 0xFF, 0x8E, 0x35, 0xFF, 0x8E, 0x35, 0xFF,
    0x8E, 0x35, 0x88, 0x8E, 0x35, 0xDB, 0x8E, 0x35, 0xFF, 0x8E, 0x35, 0xFF, 0x8E, 0x35, 0xFF, 0x8E, 0x35, 0xFF, 0x8E, 0x35, 0xFF, 0x8E, 0x35, 0xFF,
    0x8E, 0x35, 0xFF, 0x8E, 0x35, 0xFF, 0x8E, 0x35, 0xFF, 0x8E, 0x35, 0xFF, 0x8E, 0x35, 0xFF, 0x8E, 0x35, 0xFF, 0x8E, 0x35, 0xFF, 0x8E, 0x35, 0xFF,
    0x8E, 0x35, 0xFF, 0x8E, 0x35, 0xFF, 0x8E, 0x35, 0xFF, 0x8E, 0x35, 0xFF, 0x8E, 0x35, 0xFF, 0x8E, 0x35, 0xFF, 0x8E, 0x35, 0x87, 0x00, 0x00, 0x00,
    0x00, 0x00, 0x00, 0x00, 0x00, 0x00, 0x00, 0x00, 0x00, 0x00, 0x00, 0x00, 0x00, 0x00, 0x00, 0x00, 0x00, 0x00, 0x00, 0x00, 0x00, 0x00, 0x00, 0x00,
    0x8E, 0x35, 0x50, 0x8E, 0x35, 0xF4, 0x8E, 0x35, 0xFF, 0x8E, 0x35, 0xFF, 0x8E, 0x35, 0xFF, 0x8E, 0x35, 0xFF, 0x8E, 0x35, 0xA9, 0x8E, 0x35, 0x04,
    0x00, 0x00, 0x00, 0x8E, 0x35, 0x07, 0x8E, 0x35, 0xFF, 0x8E, 0x35, 0xFF, 0x8E, 0x35, 0xFF, 0x8E, 0x35, 0xFF, 0x8E, 0x35, 0x0B, 0x00, 0x00, 0x00,
    0x8E, 0x35, 0x07, 0x8E, 0x35, 0xFF, 0x8E, 0x35, 0xFF, 0x8E, 0x35, 0xFF, 0x8E, 0x35, 0xBB, 0x00, 0x00, 0x00, 0x00, 0x00, 0x00, 0x8E, 0x35, 0x3B,
    0x8E, 0x35, 0xFF, 0x8E, 0x35, 0xFF, 0x8E, 0x35, 0xFF, 0x8E, 0x35, 0xDF, 0x00, 0x00, 0x00, 0x00, 0x00, 0x00, 0x00, 0x00, 0x00, 0x00, 0x00, 0x00,
    0x00, 0x00, 0x00, 0x00, 0x00, 0x00, 0x8E, 0x35, 0x9B, 0x8E, 0x35, 0xFF, 0x8E, 0x35, 0xFF, 0x8E, 0x35, 0xFF, 0x8E, 0x35, 0x5B, 0x00, 0x00, 0x00,
    0x00, 0x00, 0x00, 0x00, 0x00, 0x00, 0x8E, 0x35, 0x6B, 0x8E, 0x35, 0xFF, 0x8E, 0x35, 0xFF, 0x8E, 0x35, 0xFF, 0x8E, 0x35, 0xFF, 0x8E, 0x35, 0xFF,
    0x8E, 0x35, 0xFF, 0x8E, 0x35, 0xFF, 0x8E, 0x35, 0xFF, 0x8E, 0x35, 0xFF, 0x8E, 0x35, 0xFF, 0x8E, 0x35, 0xFF, 0x8E, 0x35, 0xFF, 0x8E, 0x35, 0xFF,
    0x8E, 0x35, 0xFF, 0x8E, 0x35, 0xFF, 0x8E, 0x35, 0xFF, 0x8E, 0x35, 0xFF, 0x8E, 0x35, 0xFF, 0x8E, 0x35, 0xC7, 0x00, 0x00, 0x00, 0x00, 0x00, 0x00,
    0x00, 0x00, 0x00, 0x00, 0x00, 0x00, 0x00, 0x00, 0x00, 0x8E, 0x35, 0xEB, 0x8E, 0x35, 0xFF, 0x8E, 0x35, 0xFF, 0x8E, 0x35, 0xFF, 0x8E, 0x35, 0xFF,
    0x8E, 0x35, 0xFF, 0x8E, 0x35, 0xFF, 0x8E, 0x35, 0xFF, 0x8E, 0x35, 0xFF, 0x8E, 0x35, 0xFF, 0x8E, 0x35, 0xFF, 0x8E, 0x35, 0xFF, 0x8E, 0x35, 0xFF,
    0x8E, 0x35, 0xFF, 0x8E, 0x35, 0xFF, 0x8E, 0x35, 0xFF, 0x8E, 0x35, 0xFF, 0x8E, 0x35, 0xFF, 0x8E, 0x35, 0xFF, 0x8E, 0x35, 0xFF, 0x8E, 0x35, 0xFF,
    0x8E, 0x35, 0xFF, 0x8E, 0x35, 0xFF, 0x8E, 0x35, 0xFF, 0x8E, 0x35, 0xFF, 0x8E, 0x35, 0x67, 0x00, 0x00, 0x00, 0x00, 0x00, 0x00, 0x00, 0x00, 0x00,
    0x00, 0x00, 0x00, 0x00, 0x00, 0x00, 0x00, 0x00, 0x00, 0x8E, 0x35, 0x57, 0x8E, 0x35, 0xFF, 0x8E, 0x35, 0xFF, 0x8E, 0x35, 0xFF, 0x8E, 0x35, 0xFF,
    0x8E, 0x35, 0xFF, 0x8E, 0x35, 0xFF, 0x8E, 0x35, 0xFF, 0x8E, 0x35, 0xFF, 0x8E, 0x35, 0xFF, 0x8E, 0x35, 0xFF, 0x8E, 0x35, 0xFF, 0x8E, 0x35, 0xFF,
    0x8E, 0x35, 0xFF, 0x8E, 0x35, 0xFF, 0x8E, 0x35, 0xFF, 0x8E, 0x35, 0xBB, 0x00, 0x00, 0x00, 0x8E, 0x35, 0xEF, 0x8E, 0x35, 0xFF, 0x8E, 0x35, 0xFF,
    0x8E, 0x35, 0xF3, 0x8E, 0x35, 0xC6, 0x8E, 0x35, 0xA8, 0x8E, 0x35, 0x89, 0x8E, 0x35, 0x6A, 0x8E, 0x35, 0x4A, 0x8E, 0x35, 0x18, 0x00, 0x00, 0x00,
    0x00, 0x00, 0x00, 0x00, 0x00, 0x00, 0x00, 0x00, 0x00, 0x00, 0x00, 0x00, 0x00, 0x00, 0x00, 0x00, 0x00, 0x00, 0x00, 0x00, 0x00, 0x00, 0x00, 0x00,
    0x00, 0x00, 0x00, 0x8E, 0x35, 0x18, 0x8E, 0x35, 0xF7, 0x8E, 0x35, 0xFF, 0x8E, 0x35, 0xFF, 0x8E, 0x35, 0xFC, 0x8E, 0x35, 0x1F, 0x8E, 0x35, 0xDB,
    0x8E, 0x35, 0xFF, 0x8E, 0x35, 0xFF, 0x8E, 0x35, 0xFF, 0x8E, 0x35, 0xFF, 0x8E, 0x35, 0xFF, 0x8E, 0x35, 0xFF, 0x8E, 0x35, 0xFF, 0x8E, 0x35, 0xFF,
    0x8E, 0x35, 0xFF, 0x8E, 0x35, 0xFF, 0x8E, 0x35, 0xFF, 0x8E, 0x35, 0xFF, 0x8E, 0x35, 0xFF, 0x8E, 0x35, 0xFF, 0x8E, 0x35, 0xFF, 0x8E, 0x35, 0xFF,
    0x8E, 0x35, 0xFF, 0x8E, 0x35, 0xFF, 0x8E, 0x35, 0xFF, 0x8E, 0x35, 0xFF, 0x8E, 0x35, 0x87, 0x00, 0x00, 0x00, 0x00, 0x00, 0x00, 0x00, 0x00, 0x00,
    0x00, 0x00, 0x00, 0x00, 0x00, 0x00, 0x00, 0x00, 0x00, 0x00, 0x00, 0x00, 0x00, 0x00, 0x00, 0x00, 0x00, 0x00, 0x00, 0x00, 0x00, 0x8E, 0x35, 0x2F,
    0x8E, 0x35, 0xE7, 0x8E, 0x35, 0xFF, 0x8E, 0x35, 0xFF, 0x8E, 0x35, 0xFF, 0x8E, 0x35, 0xD7, 0x8E, 0x35, 0x10, 0x00, 0x00, 0x00, 0x8E, 0x35, 0x07,
    0x8E, 0x35, 0xFF, 0x8E, 0x35, 0xFF, 0x8E, 0x35, 0xFF, 0x8E, 0x35, 0xFF, 0x8E, 0x35, 0x0B, 0x00, 0x00, 0x00, 0x8E, 0x35, 0x07, 0x8E, 0x35, 0xFF,
    0x8E, 0x35, 0xFF, 0x8E, 0x35, 0xFF, 0x8E, 0x35, 0xBB, 0x00, 0x00, 0x00, 0x00, 0x00, 0x00, 0x8E, 0x35, 0x3B, 0x8E, 0x35, 0xFF, 0x8E, 0x35, 0xFF,
    0x8E, 0x35, 0xFF, 0x8E, 0x35, 0xDF, 0x00, 0x00, 0x00, 0x00, 0x00, 0x00, 0x00, 0x00, 0x00, 0x00, 0x00, 0x00, 0x00, 0x00, 0x00, 0x8E, 0x35, 0x08,
    0x8E, 0x35, 0xEE, 0x8E, 0x35, 0xFF, 0x8E, 0x35, 0xFF, 0x8E, 0x35, 0xF0, 0x8E, 0x35, 0x09, 0x00, 0x00, 0x00, 0x00, 0x00, 0x00, 0x00, 0x00, 0x00,
    0x8E, 0x35, 0x6B, 0x8E, 0x35, 0xFF, 0x8E, 0x35, 0xFF, 0x8E, 0x35, 0xFF, 0x8E, 0x35, 0xFF, 0x8E, 0x35, 0xFF, 0x8E, 0x35, 0xFF, 0x8E, 0x35, 0xFF,
    0x8E, 0x35, 0xFF, 0x8E, 0x35, 0xFF, 0x8E, 0x35, 0xFF, 0x8E, 0x35, 0xFF, 0x8E, 0x35, 0xFF, 0x8E, 0x35, 0xFF, 0x8E, 0x35, 0xFF, 0x8E, 0x35, 0xFF,
    0x8E, 0x35, 0xFF, 0x8E, 0x35, 0xFF, 0x8E, 0x35, 0xFF, 0x8E, 0x35, 0xC7, 0x00, 0x00, 0x00, 0x00, 0x00, 0x00, 0x00, 0x00, 0x00, 0x00, 0x00, 0x00,
    0x00, 0x00, 0x00, 0x8E, 0x35, 0xEB, 0x8E, 0x35, 0xFF, 0x8E, 0x35, 0xFF, 0x8E, 0x35, 0xFF, 0x8E, 0x35, 0xFF, 0x8E, 0x35, 0xFF, 0x8E, 0x35, 0xFF,
    0x8E, 0x35, 0xFF, 0x8E, 0x35, 0xFF, 0x8E, 0x35, 0xFF, 0x8E, 0x35, 0xFF, 0x8E, 0x35, 0xFF, 0x8E, 0x35, 0xFF, 0x8E, 0x35, 0xFF, 0x8E, 0x35, 0xFF,
    0x8E, 0x35, 0xFF, 0x8E, 0x35, 0xFF, 0x8E, 0x35, 0xFF, 0x8E, 0x35, 0xFF, 0x8E, 0x35, 0xFF, 0x8E, 0x35, 0xFF, 0x8E, 0x35, 0xFF, 0x8E, 0x35, 0xFF,
    0x8E, 0x35, 0xFF, 0x8E, 0x35, 0xFF, 0x8E, 0x35, 0x67, 0x00, 0x00, 0x00, 0x00, 0x00, 0x00, 0x00, 0x00, 0x00, 0x00, 0x00, 0x00, 0x00, 0x00, 0x00,
    0x00, 0x00, 0x00, 0x00, 0x00, 0x00, 0x00, 0x00, 0x00, 0x8E, 0x35, 0x0A, 0x8E, 0x35, 0xDA, 0x8E, 0x35, 0xFF, 0x8E, 0x35, 0xFF, 0x8E, 0x35, 0xF9,
    0x8E, 0x35, 0x38, 0x8E, 0x35, 0x1A, 0x8E, 0x35, 0x2B, 0x8E, 0x35, 0x2B, 0x8E, 0x35, 0x2B, 0x8E, 0x35, 0x04, 0x00, 0x00, 0x00, 0x00, 0x00, 0x00,
    0x00, 0x00, 0x00, 0x00, 0x00, 0x00, 0x00, 0x00, 0x00, 0x8E, 0x35, 0xEF, 0x8E, 0x35, 0xFF, 0x8E, 0x35, 0xFF, 0x8E, 0x35, 0xAB, 0x00, 0x00, 0x00,
    0x00, 0x00, 0x00, 0x00, 0x00, 0x00, 0x00, 0x00, 0x00, 0x00, 0x00, 0x00, 0x00, 0x00, 0x00, 0x00, 0x00, 0x00, 0x00, 0x00, 0x00, 0x00, 0x00, 0x00,
    0x00, 0x00, 0x00, 0x00, 0x00, 0x00, 0x00, 0x00, 0x00, 0x00, 0x00, 0x00, 0x00, 0x00, 0x00, 0x00, 0x00, 0x00, 0x00, 0x00, 0x00, 0x8E, 0x35, 0x8B,
    0x8E, 0x35, 0xFF, 0x8E, 0x35, 0xFF, 0x8E, 0x35, 0xFF, 0x8E, 0x35, 0xAE, 0x00, 0x00, 0x00, 0x8E, 0x35, 0x4B, 0x8E, 0x35, 0x57, 0x8E, 0x35, 0x57,
    0x8E, 0x35, 0x57, 0x8E, 0x35, 0x57, 0x8E, 0x35, 0x57, 0x8E, 0x35, 0x57, 0x8E, 0x35, 0x57, 0x8E, 0x35, 0x57, 0x8E, 0x35, 0x57, 0x8E, 0x35, 0x57,
    0x8E, 0x35, 0x57, 0x8E, 0x35, 0x57, 0x8E, 0x35, 0x57, 0x8E, 0x35, 0x57, 0x8E, 0x35, 0x57, 0x8E, 0x35, 0x57, 0x8E, 0x35, 0x57, 0x8E, 0x35, 0x57,
    0x8E, 0x35, 0x57, 0x8E, 0x35, 0x57, 0x8E, 0x35, 0x2E, 0x00, 0x00, 0x00, 0x00, 0x00, 0x00, 0x00, 0x00, 0x00, 0x00, 0x00, 0x00, 0x00, 0x00, 0x00,
    0x00, 0x00, 0x00, 0x00, 0x00, 0x00, 0x00, 0x00, 0x00, 0x00, 0x00, 0x00, 0x00, 0x00, 0x00, 0x00, 0x00, 0x00, 0x8E, 0x35, 0x23, 0x8E, 0x35, 0xDF,
    0x8E, 0x35, 0xFF, 0x8E, 0x35, 0xE8, 0x8E, 0x35, 0x21, 0x00, 0x00, 0x00, 0x00, 0x00, 0x00, 0x8E, 0x35, 0x07, 0x8E, 0x35, 0xFF, 0x8E, 0x35, 0xFF,
    0x8E, 0x35, 0xFF, 0x8E, 0x35, 0xFF, 0x8E, 0x35, 0x0B, 0x00, 0x00, 0x00, 0x8E, 0x35, 0x07, 0x8E, 0x35, 0xFF, 0x8E, 0x35, 0xFF, 0x8E, 0x35, 0xFF,
    0x8E, 0x35, 0xBB, 0x00, 0x00, 0x00, 0x00, 0x00, 0x00, 0x8E, 0x35, 0x3B, 0x8E, 0x35, 0xFF, 0x8E, 0x35, 0xFF, 0x8E, 0x35, 0xFF, 0x8E, 0x35, 0xDF,
    0x00, 0x00, 0x00, 0x00, 0x00, 0x00, 0x00, 0x00, 0x00, 0x00, 0x00, 0x00, 0x00, 0x00, 0x00, 0x8E, 0x35, 0x5C, 0x8E, 0x35, 0xFF, 0x8E, 0x35, 0xFF,
    0x8E, 0x35, 0xFF, 0x8E, 0x35, 0x88, 0x00, 0x00, 0x00, 0x00, 0x00, 0x00, 0x00, 0x00, 0x00, 0x00, 0x00, 0x00, 0x8E, 0x35, 0x6B, 0x8E, 0x35, 0xFF,
    0x8E, 0x35, 0xFF, 0x8E, 0x35, 0xFF, 0x8E, 0x35, 0xFF, 0x8E, 0x35, 0xFF, 0x8E, 0x35, 0xFF, 0x8E, 0x35, 0xFF, 0x8E, 0x35, 0xFF, 0x8E, 0x35, 0xFF,
    0x8E, 0x35, 0xFF, 0x8E, 0x35, 0xFF, 0x8E, 0x35, 0xFF, 0x8E, 0x35, 0xFF, 0x8E, 0x35, 0xFF, 0x8E, 0x35, 0xFF, 0x8E, 0x35, 0xFF, 0x8E, 0x35, 0xFF,
    0x8E, 0x35, 0xFF, 0x8E, 0x35, 0xC7, 0x00, 0x00, 0x00, 0x00, 0x00, 0x00, 0x00, 0x00, 0x00, 0x00, 0x00, 0x00, 0x00, 0x00, 0x00, 0x00, 0x00, 0x00,
    0x00, 0x00, 0x00, 0x00, 0x00, 0x00, 0x00, 0x00, 0x00, 0x00, 0x00, 0x00, 0x00, 0x00, 0x00, 0x00, 0x00, 0x00, 0x00, 0x00, 0x00, 0x00, 0x00, 0x00,
    0x00, 0x00, 0x00, 0x00, 0x00, 0x00, 0x00, 0x00, 0x00, 0x00, 0x00, 0x00, 0x00, 0x00, 0x00, 0x00, 0x00, 0x00, 0x00, 0x00, 0x00, 0x00, 0x00, 0x00,
    0x00, 0x00, 0x00, 0x00, 0x00, 0x00, 0x00, 0x00, 0x00, 0x00, 0x00, 0x00, 0x8E, 0x35, 0xD7, 0x8E, 0x35, 0xFF, 0x8E, 0x35, 0xFF, 0x8E, 0x35, 0xFF,
    0x8E, 0x35, 0x67, 0x00, 0x00, 0x00, 0x00, 0x00, 0x00, 0x00, 0x00, 0x00, 0x00, 0x00, 0x00, 0x00, 0x00, 0x00, 0x00, 0x00, 0x00, 0x00, 0x00, 0x00,
    0x8E, 0x35, 0x01, 0x8E, 0x35, 0xA5, 0x8E, 0x35, 0xFF, 0x8E, 0x35, 0xFF, 0x8E, 0x35, 0xFF, 0x8E, 0x35, 0x67, 0x00, 0x00, 0x00, 0x8E, 0x35, 0x97,
    0x8E, 0x35, 0xFF, 0x8E, 0x35, 0xFF, 0x8E, 0x35, 0xFF, 0x8E, 0x35, 0x1B, 0x00, 0x00, 0x00, 0x00, 0x00, 0x00, 0x00, 0x00, 0x00, 0x00, 0x00, 0x00,
    0x00, 0x00, 0x00, 0x8E, 0x35, 0xF0, 0x8E, 0x35, 0xFF, 0x8E, 0x35, 0xFF, 0x8E, 0x35, 0xAB, 0x00, 0x00, 0x00, 0x00, 0x00, 0x00, 0x00, 0x00, 0x00,
    0x00, 0x00, 0x00, 0x00, 0x00, 0x00, 0x00, 0x00, 0x00, 0x00, 0x00, 0x00, 0x00, 0x00, 0x00, 0x00, 0x00, 0x00, 0x00, 0x00, 0x00, 0x00, 0x00, 0x00,
    0x00, 0x00, 0x00, 0x00, 0x00, 0x00, 0x00, 0x00, 0x00, 0x00, 0x00, 0x00, 0x8E, 0x35, 0x14, 0x8E, 0x35, 0xF4, 0x8E, 0x35, 0xFF, 0x8E, 0x35, 0xFF,
    0x8E, 0x35, 0xFF, 0x8E, 0x35, 0x41, 0x00, 0x00, 0x00, 0x00, 0x00, 0x00, 0x00, 0x00, 0x00, 0x00, 0x00, 0x00, 0x00, 0x00, 0x00, 0x00, 0x00, 0x00,
    0x00, 0x00, 0x00, 0x00, 0x00, 0x00, 0x00, 0x00, 0x00, 0x00, 0x00, 0x00, 0x00, 0x00, 0x00, 0x00, 0x00, 0x00, 0x00, 0x00, 0x00, 0x00, 0x00, 0x00,
    0x00, 0x00, 0x00, 0x00, 0x00, 0x00, 0x00, 0x00, 0x00, 0x00, 0x00, 0x00, 0x00, 0x00, 0x00, 0x00, 0x00, 0x00, 0x00, 0x00, 0x00, 0x00, 0x00, 0x00,
    0x00, 0x00, 0x00, 0x00, 0x00, 0x00, 0x00, 0x00, 0x00, 0x00, 0x00, 0x00, 0x00, 0x00, 0x00, 0x00, 0x00, 0x00, 0x00, 0x00, 0x00, 0x00, 0x00, 0x00,
    0x00, 0x00, 0x00, 0x00, 0x00, 0x00, 0x00, 0x00, 0x00, 0x00, 0x00, 0x00, 0x00, 0x00, 0x00, 0x8E, 0x35, 0x21, 0x8E, 0x35, 0xDA, 0x8E, 0x35, 0x35,
    0x00, 0x00, 0x00, 0x00, 0x00, 0x00, 0x00, 0x00, 0x00, 0x8E, 0x35, 0x07, 0x8E, 0x35, 0xFF, 0x8E, 0x35, 0xFF, 0x8E, 0x35, 0xFF, 0x8E, 0x35, 0xFF,
    0x8E, 0x35, 0x0B, 0x00, 0x00, 0x00, 0x8E, 0x35, 0x07, 0x8E, 0x35, 0xFF, 0x8E, 0x35, 0xFF, 0x8E, 0x35, 0xFF, 0x8E, 0x35, 0xBB, 0x00, 0x00, 0x00,
    0x00, 0x00, 0x00, 0x8E, 0x35, 0x3B, 0x8E, 0x35, 0xFF, 0x8E, 0x35, 0xFF, 0x8E, 0x35, 0xFF, 0x8E, 0x35, 0xDF, 0x00, 0x00, 0x00, 0x00, 0x00, 0x00,
    0x00, 0x00, 0x00, 0x00, 0x00, 0x00, 0x00, 0x00, 0x00, 0x8E, 0x35, 0xC4, 0x8E, 0x35, 0xFF, 0x8E, 0x35, 0xFF, 0x8E, 0x35, 0xF2, 0x8E, 0x35, 0x13,
    0x8E, 0x35, 0x09, 0x8E, 0x35, 0xB3, 0x8E, 0x35, 0x30, 0x00, 0x00, 0x00, 0x00, 0x00, 0x00, 0x00, 0x00, 0x00, 0x00, 0x00, 0x00, 0x00, 0x00, 0x00,
    0x8E, 0x35, 0x32, 0x8E, 0x35, 0xFF, 0x8E, 0x35, 0xFF, 0x8E, 0x35, 0xFF, 0x8E, 0x35, 0xA2, 0x00, 0x00, 0x00, 0x00, 0x00, 0x00, 0x00, 0x00, 0x00,
    0x00, 0x00, 0x00, 0x00, 0x00, 0x00, 0x00, 0x00, 0x00, 0x00, 0x00, 0x00, 0x00, 0x00, 0x00, 0x00, 0x00, 0x00, 0x00, 0x00, 0x00, 0x00, 0x00, 0x00,
    0x00, 0x00, 0x00, 0x00, 0x00, 0x00, 0x00, 0x00, 0x00, 0x00, 0x00, 0x00, 0x00, 0x00, 0x00, 0x00, 0x00, 0x00, 0x00, 0x00, 0x00, 0x00, 0x00, 0x00,
    0x00, 0x00, 0x00, 0x00, 0x00, 0x00, 0x00, 0x00, 0x00, 0x00, 0x00, 0x00, 0x00, 0x00, 0x00, 0x00, 0x00, 0x00, 0x00, 0x00, 0x00, 0x00, 0x00, 0x00,
    0x00, 0x00, 0x00, 0x00, 0x00, 0x00, 0x00, 0x00, 0x00, 0x00, 0x00, 0x00, 0x00, 0x00, 0x00, 0x00, 0x00, 0x00, 0x00, 0x00, 0x00, 0x00, 0x00, 0x00,
    0x00, 0x00, 0x00, 0x00, 0x00, 0x00, 0x8E, 0x35, 0xD7, 0x8E, 0x35, 0xFF, 0x8E, 0x35, 0xFF, 0x8E, 0x35, 0xFF, 0x8E, 0x35, 0x67, 0x00, 0x00, 0x00,
    0x00, 0x00, 0x00, 0x00, 0x00, 0x00, 0x00, 0x00, 0x00, 0x00, 0x00, 0x00, 0x00, 0x00, 0x00, 0x8E, 0x35, 0x0E, 0x8E, 0x35, 0x9E, 0x8E, 0x35, 0xFF,
    0x8E, 0x35, 0xFF, 0x8E, 0x35, 0xFF, 0x8E, 0x35, 0xBA, 0x8E, 0x35, 0x28, 0x8E, 0x35, 0x27, 0x8E, 0x35, 0xA8, 0x8E, 0x35, 0xFF, 0x8E, 0x35, 0xFF,
    0x8E, 0x35, 0xFF, 0x8E, 0x35, 0x3F, 0x8E, 0x35, 0x27, 0x8E, 0x35, 0x27, 0x8E, 0x35, 0x27, 0x8E, 0x35, 0x21, 0x00, 0x00, 0x00, 0x8E, 0x35, 0xF5,
    0x8E, 0x35, 0xFF, 0x8E, 0x35, 0xFF, 0x8E, 0x35, 0xFF, 0x8E, 0x35, 0xFF, 0x8E, 0x35, 0xFF, 0x8E, 0x35, 0xFF, 0x8E, 0x35, 0xFF, 0x8E, 0x35, 0xFF,
    0x8E, 0x35, 0xFF, 0x8E, 0x35, 0xFF, 0x8E, 0x35, 0xFF, 0x8E, 0x35, 0xFF, 0x8E, 0x35, 0x87, 0x00, 0x00, 0x00, 0x00, 0x00, 0x00, 0x00, 0x00, 0x00,
    0x00, 0x00, 0x00, 0x00, 0x00, 0x00, 0x8E, 0x35, 0x96, 0x8E, 0x35, 0xFF, 0x8E, 0x35, 0xFF, 0x8E, 0x35, 0xFF, 0x8E, 0x35, 0xD4, 0x00, 0x00, 0x00,
    0x00, 0x00, 0x00, 0x00, 0x00, 0x00, 0x00, 0x00, 0x00, 0x8E, 0x35, 0xCF, 0x8E, 0x35, 0xFF, 0x8E, 0x35, 0xFF, 0x8E, 0x35, 0xFF, 0x8E, 0x35, 0xFF,
    0x8E, 0x35, 0xFF, 0x8E, 0x35, 0xFF, 0x8E, 0x35, 0xFF, 0x8E, 0x35, 0xFF, 0x8E, 0x35, 0xFF, 0x8E, 0x35, 0xFF, 0x8E, 0x35, 0xFF, 0x8E, 0x35, 0xFF,
    0x8E, 0x35, 0xFF, 0x8E, 0x35, 0xFF, 0x8E, 0x35, 0xFF, 0x8E, 0x35, 0xFF, 0x8E, 0x35, 0x37, 0x00, 0x00, 0x00, 0x00, 0x00, 0x00, 0x00, 0x00, 0x00,
    0x00, 0x00, 0x00, 0x00, 0x00, 0x00, 0x00, 0x00, 0x00, 0x00, 0x00, 0x00, 0x00, 0x00, 0x00, 0x00, 0x00, 0x00, 0x00, 0x00, 0x00, 0x00, 0x00, 0x00,
    0x00, 0x00, 0x00, 0x00, 0x00, 0x00, 0x00, 0x00, 0x00, 0x00, 0x00, 0x00, 0x8E, 0x35, 0x05, 0x00, 0x00, 0x00, 0x00, 0x00, 0x00, 0x00, 0x00, 0x00,
    0x00, 0x00, 0x00, 0x8E, 0x35, 0x07, 0x8E, 0x35, 0xFF, 0x8E, 0x35, 0xFF, 0x8E, 0x35, 0xFF, 0x8E, 0x35, 0xFF, 0x8E, 0x35, 0x0B, 0x00, 0x00, 0x00,
    0x8E, 0x35, 0x07, 0x8E, 0x35, 0xFF, 0x8E, 0x35, 0xFF, 0x8E, 0x35, 0xFF, 0x8E, 0x35, 0xBB, 0x00, 0x00, 0x00, 0x00, 0x00, 0x00, 0x8E, 0x35, 0x3B,
    0x8E, 0x35, 0xFF, 0x8E, 0x35, 0xFF, 0x8E, 0x35, 0xFF, 0x8E, 0x35, 0xDF, 0x00, 0x00, 0x00, 0x00, 0x00, 0x00, 0x00, 0x00, 0x00, 0x00, 0x00, 0x00,
    0x8E, 0x35, 0x3A, 0x8E, 0x35, 0xFF, 0x8E, 0x35, 0xFF, 0x8E, 0x35, 0xFF, 0x8E, 0x35, 0x83, 0x00, 0x00, 0x00, 0x8E, 0x35, 0x69, 0x8E, 0x35, 0xFF,
    0x8E, 0x35, 0xFC, 0x8E, 0x35, 0x94, 0x8E, 0x35, 0x11, 0x00, 0x00, 0x00, 0x00, 0x00, 0x00, 0x00, 0x00, 0x00, 0x8E, 0x35, 0x7D, 0x8E, 0x35, 0xFF,
    0x8E, 0x35, 0xFF, 0x8E, 0x35, 0xFF, 0x8E, 0x35, 0x51, 0x00, 0x00, 0x00, 0x00, 0x00, 0x00, 0x00, 0x00, 0x00, 0x00, 0x00, 0x00, 0x00, 0x00, 0x00,
    0x00, 0x00, 0x00, 0x00, 0x00, 0x00, 0x00, 0x00, 0x00, 0x00, 0x00, 0x00, 0x00, 0x00, 0x00, 0x00, 0x00, 0x00, 0x00, 0x00, 0x00, 0x00, 0x00, 0x00,
    0x00, 0x00, 0x00, 0x00, 0x00, 0x00, 0x00, 0x00, 0x00, 0x00, 0x00, 0x00, 0x8E, 0x35, 0x41, 0x8E, 0x35, 0x77, 0x8E, 0x35, 0x77, 0x8E, 0x35, 0x77,
    0x8E, 0x35, 0x4E, 0x00, 0x00, 0x00, 0x00, 0x00, 0x00, 0x00, 0x00, 0x00, 0x00, 0x00, 0x00, 0x00, 0x00, 0x00, 0x00, 0x00, 0x00, 0x00, 0x00, 0x00,
    0x00, 0x00, 0x00, 0x00, 0x00, 0x00, 0x00, 0x00, 0x00, 0x00, 0x00, 0x00, 0x00, 0x00, 0x00, 0x00, 0x00, 0x00, 0x00, 0x00, 0x00, 0x00, 0x00, 0x00,
    0x8E, 0x35, 0xD7, 0x8E, 0x35, 0xFF, 0x8E, 0x35, 0xFF, 0x8E, 0x35, 0xFF, 0x8E, 0x35, 0x67, 0x00, 0x00, 0x00, 0x00, 0x00, 0x00, 0x00, 0x00, 0x00,
    0x00, 0x00, 0x00, 0x00, 0x00, 0x00, 0x00, 0x00, 0x00, 0x8E, 0x35, 0x37, 0x8E, 0x35, 0xFF, 0x8E, 0x35, 0xFF, 0x8E, 0x35, 0xFF, 0x8E, 0x35, 0xFF,
    0x8E, 0x35, 0xFF, 0x8E, 0x35, 0xFF, 0x8E, 0x35, 0xFF, 0x8E, 0x35, 0xFF, 0x8E, 0x35, 0xFF, 0x8E, 0x35, 0xFF, 0x8E, 0x35, 0xFF, 0x8E, 0x35, 0xFF,
    0x8E, 0x35, 0xFF, 0x8E, 0x35, 0xFF, 0x8E, 0x35, 0xFF, 0x8E, 0x35, 0xD7, 0x00, 0x00, 0x00, 0x8E, 0x35, 0xFD, 0x8E, 0x35, 0xFF, 0x8E, 0x35, 0xFF,
    0x8E, 0x35, 0xFF, 0x8E, 0x35, 0xFF, 0x8E, 0x35, 0xFF, 0x8E, 0x35, 0xFF, 0x8E, 0x35, 0xFF, 0x8E, 0x35, 0xFF, 0x8E, 0x35, 0xFF, 0x8E, 0x35, 0xFF,
    0x8E, 0x35, 0xFF, 0x8E, 0x35, 0xFF, 0x8E, 0x35, 0x87, 0x00, 0x00, 0x00, 0x00, 0x00, 0x00, 0x00, 0x00, 0x00, 0x00, 0x00, 0x00, 0x8E, 0x35, 0x30,
    0x8E, 0x35, 0xFC, 0x8E, 0x35, 0xFF, 0x8E, 0x35, 0xFF, 0x8E, 0x35, 0xFF, 0x8E, 0x35, 0x70, 0x00, 0x00, 0x00, 0x00, 0x00, 0x00, 0x00, 0x00, 0x00,
    0x00, 0x00, 0x00, 0x8E, 0x35, 0xCF, 0x8E, 0x35, 0xFF, 0x8E, 0x35, 0xFF, 0x8E, 0x35, 0xFF, 0x8E, 0x35, 0xFF, 0x8E, 0x35, 0xFF, 0x8E, 0x35, 0xFF,
    0x8E, 0x35, 0xFF, 0x8E, 0x35, 0xFF, 0x8E, 0x35, 0xFF, 0x8E, 0x35, 0xFF, 0x8E, 0x35, 0xFF, 0x8E, 0x35, 0xFF, 0x8E, 0x35, 0xFF, 0x8E, 0x35, 0xFF,
    0x8E, 0x35, 0xFF, 0x8E, 0x35, 0xFF, 0x8E, 0x35, 0x37, 0x00, 0x00, 0x00, 0x00, 0x00, 0x00, 0x00, 0x00, 0x00, 0x00, 0x00, 0x00, 0x00, 0x00, 0x00,
    0x00, 0x00, 0x00, 0x00, 0x00, 0x00, 0x00, 0x00, 0x00, 0x00, 0x00, 0x00, 0x00, 0x00, 0x00, 0x00, 0x00, 0x00, 0x00, 0x00, 0x00, 0x00, 0x00, 0x00,
    0x00, 0x00, 0x00, 0x00, 0x00, 0x00, 0x00, 0x00, 0x00, 0x00, 0x00, 0x00, 0x00, 0x00, 0x00, 0x00, 0x00, 0x00, 0x00, 0x00, 0x00, 0x8E, 0x35, 0x07,
    0x8E, 0x35, 0xFF, 0x8E, 0x35, 0xFF, 0x8E, 0x35, 0xFF, 0x8E, 0x35, 0xFF, 0x8E, 0x35, 0x0B, 0x00, 0x00, 0x00, 0x8E, 0x35, 0x07, 0x8E, 0x35, 0xFF,
    0x8E, 0x35, 0xFF, 0x8E, 0x35, 0xFF, 0x8E, 0x35, 0xBB, 0x00, 0x00, 0x00, 0x00, 0x00, 0x00, 0x8E, 0x35, 0x3B, 0x8E, 0x35, 0xFF, 0x8E, 0x35, 0xFF,
    0x8E, 0x35, 0xFF, 0x8E, 0x35, 0xDF, 0x00, 0x00, 0x00, 0x00, 0x00, 0x00, 0x00, 0x00, 0x00, 0x8E, 0x35, 0x02, 0x8E, 0x35, 0xC8, 0x8E, 0x35, 0xFF,
    0x8E, 0x35, 0xFF, 0x8E, 0x35, 0xF0, 0x8E, 0x35, 0x11, 0x8E, 0x35, 0x02, 0x8E, 0x35, 0xDA, 0x8E, 0x35, 0xFF, 0x8E, 0x35, 0xFF, 0x8E, 0x35, 0xFF,
    0x8E, 0x35, 0x56, 0x8E, 0x35, 0xA7, 0x8E, 0x35, 0xBB, 0x8E, 0x35, 0xBB, 0x8E, 0x35, 0xEA, 0x8E, 0x35, 0xFF, 0x8E, 0x35, 0xFF, 0x8E, 0x35, 0xFF,
    0x8E, 0x35, 0xC4, 0x8E, 0x35, 0xBB, 0x8E, 0x35, 0xBB, 0x8E, 0x35, 0xBB, 0x8E, 0x35, 0xB3, 0x00, 0x00, 0x00, 0x00, 0x00, 0x00, 0x00, 0x00, 0x00,
    0x00, 0x00, 0x00, 0x00, 0x00, 0x00, 0x00, 0x00, 0x00, 0x00, 0x00, 0x00, 0x00, 0x00, 0x00, 0x00, 0x00, 0x00, 0x00, 0x00, 0x00, 0x00, 0x00, 0x00,
    0x00, 0x00, 0x00, 0x00, 0x00, 0x00, 0x8E, 0x35, 0x8B, 0x8E, 0x35, 0xFF, 0x8E, 0x35, 0xFF, 0x8E, 0x35, 0xFF, 0x8E, 0x35, 0xA7, 0x00, 0x00, 0x00,
    0x00, 0x00, 0x00, 0x00, 0x00, 0x00, 0x00, 0x00, 0x00, 0x00, 0x00, 0x00, 0x00, 0x00, 0x00, 0x00, 0x00, 0x00, 0x00, 0x00, 0x00, 0x00, 0x00, 0x00,
    0x00, 0x00, 0x00, 0x00, 0x00, 0x00, 0x00, 0x00, 0x00, 0x00, 0x00, 0x00, 0x00, 0x00, 0x00, 0x00, 0x00, 0x00, 0x8E, 0x35, 0xD7, 0x8E, 0x35, 0xFF,
    0x8E, 0x35, 0xFF, 0x8E, 0x35, 0xFF, 0x8E, 0x35, 0x67, 0x00, 0x00, 0x00, 0x00, 0x00, 0x00, 0x00, 0x00, 0x00, 0x00, 0x00, 0x00, 0x00, 0x00, 0x00,
    0x00, 0x00, 0x00, 0x00, 0x00, 0x00, 0x8E, 0x35, 0xD8, 0x8E, 0x35, 0xFF, 0x8E, 0x35, 0xFF, 0x8E, 0x35, 0xFF, 0x8E, 0x35, 0xFF, 0x8E, 0x35, 0xFF,
    0x8E, 0x35, 0xFF, 0x8E, 0x35, 0xFF, 0x8E, 0x35, 0xFF, 0x8E, 0x35, 0xFF, 0x8E, 0x35, 0xFF, 0x8E, 0x35, 0xFF, 0x8E, 0x35, 0xFF, 0x8E, 0x35, 0xFF,
    0x8E, 0x35, 0xFF, 0x8E, 0x35, 0xD7, 0x8E, 0x35, 0x12, 0x8E, 0x35, 0xFF, 0x8E, 0x35, 0xFF, 0x8E, 0x35, 0xFF, 0x8E, 0x35, 0xFF, 0x8E, 0x35, 0xFF,
    0x8E, 0x35, 0xFF, 0x8E, 0x35, 0xFF, 0x8E, 0x35, 0xFF, 0x8E, 0x35, 0xFF, 0x8E, 0x35, 0xFF, 0x8E, 0x35, 0xFF, 0x8E, 0x35, 0xFF, 0x8E, 0x35, 0xFF,
    0x8E, 0x35, 0x87, 0x00, 0x00, 0x00, 0x00, 0x00, 0x00, 0x00, 0x00, 0x00, 0x00, 0x00, 0x00, 0x8E, 0x35, 0xC2, 0x8E, 0x35, 0xFF, 0x8E, 0x35, 0xFF,
    0x8E, 0x35, 0xFF, 0x8E, 0x35, 0xFF, 0x8E, 0x35, 0x5B, 0x00, 0x00, 0x00, 0x00, 0x00, 0x00, 0x00, 0x00, 0x00, 0x00, 0x00, 0x00, 0x8E, 0x35, 0xCF,
    0x8E, 0x35, 0xFF, 0x8E, 0x35, 0xFF, 0x8E, 0x35, 0xFA, 0x8E, 0x35, 0xBB, 0x8E, 0x35, 0xBB, 0x8E, 0x35, 0xBB, 0x8E, 0x35, 0xBB, 0x8E, 0x35, 0xBB,
    0x8E, 0x35, 0xBB, 0x8E, 0x35, 0xBB, 0x8E, 0x35, 0xBB, 0x8E, 0x35, 0xBB, 0x8E, 0x35, 0xED, 0x8E, 0x35, 0xFF, 0x8E, 0x35, 0xFF, 0x8E, 0x35, 0xFF,
    0x8E, 0x35, 0x37, 0x00, 0x00, 0x00, 0x00, 0x00, 0x00, 0x00, 0x00, 0x00, 0x00, 0x00, 0x00, 0x00, 0x00, 0x00, 0x00, 0x00, 0x00, 0x00, 0x00, 0x00,
    0x00, 0x00, 0x00, 0x8E, 0x35, 0xD5, 0x8E, 0x35, 0xE7, 0x8E, 0x35, 0xE7, 0x8E, 0x35, 0xE7, 0x8E, 0x35, 0xE7, 0x8E, 0x35, 0xE7, 0x8E, 0x35, 0xE7,
    0x8E, 0x35, 0xE0, 0x00, 0x00, 0x00, 0x00, 0x00, 0x00, 0x00, 0x00, 0x00, 0x00, 0x00, 0x00, 0x8E, 0x35, 0x07, 0x8E, 0x35, 0xFF, 0x8E, 0x35, 0xFF,
    0x8E, 0x35, 0xFF, 0x8E, 0x35, 0xFF, 0x8E, 0x35, 0x0B, 0x00, 0x00, 0x00, 0x8E, 0x35, 0x07, 0x8E, 0x35, 0xFF, 0x8E, 0x35, 0xFF, 0x8E, 0x35, 0xFF,
    0x8E, 0x35, 0xBB, 0x00, 0x00, 0x00, 0x00, 0x00, 0x00, 0x8E, 0x35, 0x3B, 0x8E, 0x35, 0xFF, 0x8E, 0x35, 0xFF, 0x8E, 0x35, 0xFF, 0x8E, 0x35, 0xDF,
    0x00, 0x00, 0x00, 0x00, 0x00, 0x00, 0x8E, 0x35, 0x03, 0x8E, 0x35, 0x8C, 0x8E, 0x35, 0xFF, 0x8E, 0x35, 0xFF, 0x8E, 0x35, 0xFF, 0x8E, 0x35, 0xAB,
    0x8E, 0x35, 0x4D, 0x8E, 0x35, 0x82, 0x8E, 0x35, 0xFF, 0x8E, 0x35, 0xFF, 0x8E, 0x35, 0xFF, 0x8E, 0x35, 0xCC, 0x8E, 0x35, 0x01, 0x8E, 0x35, 0xE3,
    0x8E, 0x35, 0xFF, 0x8E, 0x35, 0xFF, 0x8E, 0x35, 0xFF, 0x8E, 0x35, 0xFF, 0x8E, 0x35, 0xFF, 0x8E, 0x35, 0xFF, 0x8E, 0x35, 0xFF, 0x8E, 0x35, 0xFF,
    0x8E, 0x35, 0xFF, 0x8E, 0x35, 0xFF, 0x8E, 0x35, 0xF3, 0x00, 0x00, 0x00, 0x00, 0x00, 0x00, 0x00, 0x00, 0x00, 0x00, 0x00, 0x00, 0x00, 0x00, 0x00,
    0x00, 0x00, 0x00, 0x00, 0x00, 0x00, 0x00, 0x00, 0x00, 0x00, 0x00, 0x00, 0x00, 0x00, 0x00, 0x00, 0x00, 0x00, 0x00, 0x00, 0x00, 0x00, 0x00, 0x00,
    0x8E, 0x35, 0x8B, 0x8E, 0x35, 0xFF, 0x8E, 0x35, 0xFF, 0x8E, 0x35, 0xFF, 0x8E, 0x35, 0xA7, 0x00, 0x00, 0x00, 0x00, 0x00, 0x00, 0x00, 0x00, 0x00,
    0x00, 0x00, 0x00, 0x00, 0x00, 0x00, 0x00, 0x00, 0x00, 0x00, 0x00, 0x00, 0x00, 0x00, 0x00, 0x00, 0x00, 0x00, 0x00, 0x00, 0x00, 0x00, 0x00, 0x00,
    0x00, 0x00, 0x00, 0x00, 0x00, 0x00, 0x00, 0x00, 0x00, 0x00, 0x00, 0x00, 0x8E, 0x35, 0xD7, 0x8E, 0x35, 0xFF, 0x8E, 0x35, 0xFF, 0x8E, 0x35, 0xFF,
    0x8E, 0x35, 0x67, 0x00, 0x00, 0x00, 0x00, 0x00, 0x00, 0x00, 0x00, 0x00, 0x00, 0x00, 0x00, 0x00, 0x00, 0x00, 0x00, 0x00, 0x00, 0x00, 0x00, 0x00,
    0x8E, 0x35, 0x7F, 0x8E, 0x35, 0xFF, 0x8E, 0x35, 0xFF, 0x8E, 0x35, 0xFF, 0x8E, 0x35, 0xFF, 0x8E, 0x35, 0xFF, 0x8E, 0x35, 0xFF, 0x8E, 0x35, 0xFF,
    0x8E, 0x35, 0xFF, 0x8E, 0x35, 0xFF, 0x8E, 0x35, 0xFF, 0x8E, 0x35, 0xFF, 0x8E, 0x35, 0xFF, 0x8E, 0x35, 0xFF, 0x8E, 0x35, 0xFF, 0x8E, 0x35, 0xD7,
    0x8E, 0x35, 0x32, 0x8E, 0x35, 0xFF, 0x8E, 0x35, 0xFF, 0x8E, 0x35, 0xFF, 0x8E, 0x35, 0x8A, 0x8E, 0x35, 0x33, 0x8E, 0x35, 0x33, 0x8E, 0x35, 0xA9,
    0x8E, 0x35, 0xFF, 0x8E, 0x35, 0xFF, 0x8E, 0x35, 0xFF, 0x8E, 0x35, 0x4D, 0x8E, 0x35, 0x33, 0x8E, 0x35, 0x33, 0x8E, 0x35, 0x1B, 0x00, 0x00, 0x00,
    0x00, 0x00, 0x00, 0x00, 0x00, 0x00, 0x8E, 0x35, 0x64, 0x8E, 0x35, 0xFF, 0x8E, 0x35, 0xFF, 0x8E, 0x35, 0xFF, 0x8E, 0x35, 0xFF, 0x8E, 0x35, 0xFF,
    0x8E, 0x35, 0x5B, 0x00, 0x00, 0x00, 0x00, 0x00, 0x00, 0x00, 0x00, 0x00, 0x00, 0x00, 0x00, 0x8E, 0x35, 0xCF, 0x8E, 0x35, 0xFF, 0x8E, 0x35, 0xFF,
    0x8E, 0x35, 0xEB, 0x00, 0x00, 0x00, 0x00, 0x00, 0x00, 0x00, 0x00, 0x00, 0x00, 0x00, 0x00, 0x00, 0x00, 0x00, 0x00, 0x00, 0x00, 0x00, 0x00, 0x00,
    0x00, 0x00, 0x00, 0x00, 0x00, 0x00, 0x8E, 0x35, 0xBB, 0x8E, 0x35, 0xFF, 0x8E, 0x35, 0xFF, 0x8E, 0x35, 0xFF, 0x8E, 0x35, 0x37, 0x00, 0x00, 0x00,
    0x00, 0x00, 0x00, 0x00, 0x00, 0x00, 0x00, 0x00, 0x00, 0x00, 0x00, 0x00, 0x00, 0x00, 0x00, 0x00, 0x00, 0x00, 0x00, 0x00, 0x00, 0x8E, 0x35, 0xEB,
    0x8E, 0x35, 0xFF, 0x8E, 0x35, 0xFF, 0x8E, 0x35, 0xFF, 0x8E, 0x35, 0xFF, 0x8E, 0x35, 0xFF, 0x8E, 0x35, 0xFF, 0x8E, 0x35, 0xF7, 0x00, 0x00, 0x00,
    0x00, 0x00, 0x00, 0x00, 0x00, 0x00, 0x00, 0x00, 0x00, 0x8E, 0x35, 0x07, 0x8E, 0x35, 0xFF, 0x8E, 0x35, 0xFF, 0x8E, 0x35, 0xFF, 0x8E, 0x35, 0xFF,
    0x8E, 0x35, 0x0B, 0x00, 0x00, 0x00, 0x8E, 0x35, 0x07, 0x8E, 0x35, 0xFF, 0x8E, 0x35, 0xFF, 0x8E, 0x35, 0xFF, 0x8E, 0x35, 0xBB, 0x00, 0x00, 0x00,
    0x00, 0x00, 0x00, 0x8E, 0x35, 0x3B, 0x8E, 0x35, 0xFF, 0x8E, 0x35, 0xFF, 0x8E, 0x35, 0xFF, 0x8E, 0x35, 0xDF, 0x00, 0x00, 0x00, 0x00, 0x00, 0x00,
    0x8E, 0x35, 0x1A, 0x8E, 0x35, 0xFC, 0x8E, 0x35, 0xFF, 0x8E, 0x35, 0xFF, 0x8E, 0x35, 0xFF, 0x8E, 0x35, 0xFF, 0x8E, 0x35, 0xFF, 0x8E, 0x35, 0xFF,
    0x8E, 0x35, 0xFF, 0x8E, 0x35, 0xFF, 0x8E, 0x35, 0xFF, 0x8E, 0x35, 0x44, 0x00, 0x00, 0x00, 0x8E, 0x35, 0xE3, 0x8E, 0x35, 0xFF, 0x8E, 0x35, 0xFF,
    0x8E, 0x35, 0xFF, 0x8E, 0x35, 0xFF, 0x8E, 0x35, 0xFF, 0x8E, 0x35, 0xFF, 0x8E, 0x35, 0xFF, 0x8E, 0x35, 0xFF, 0x8E, 0x35, 0xFF, 0x8E, 0x35, 0xFF,
    0x8E, 0x35, 0xF3, 0x00, 0x00, 0x00, 0x00, 0x00, 0x00, 0x00, 0x00, 0x00, 0x00, 0x00, 0x00, 0x00, 0x00, 0x00, 0x00, 0x00, 0x00, 0x00, 0x00, 0x00,
    0x00, 0x00, 0x00, 0x00, 0x00, 0x00, 0x00, 0x00, 0x00, 0x00, 0x00, 0x00, 0x00, 0x00, 0x00, 0x00, 0x00, 0x00, 0x8E, 0x35, 0x8B, 0x8E, 0x35, 0xFF,
    0x8E, 0x35, 0xFF, 0x8E, 0x35, 0xFF, 0x8E, 0x35, 0xA7, 0x00, 0x00, 0x00, 0x00, 0x00, 0x00, 0x00, 0x00, 0x00, 0x00, 0x00, 0x00, 0x00, 0x00, 0x00,
    0x00, 0x00, 0x00, 0x00, 0x00, 0x00, 0x00, 0x00, 0x00, 0x00, 0x00, 0x00, 0x00, 0x00, 0x00, 0x00, 0x00, 0x00, 0x00, 0x00, 0x00, 0x00, 0x00, 0x00,
    0x00, 0x00, 0x00, 0x00, 0x00, 0x00, 0x8E, 0x35, 0xD7, 0x8E, 0x35, 0xFF, 0x8E, 0x35, 0xFF, 0x8E, 0x35, 0xFF, 0x8E, 0x35, 0x67, 0x00, 0x00, 0x00,
    0x00, 0x00, 0x00, 0x00, 0x00, 0x00, 0x00, 0x00, 0x00, 0x00, 0x00, 0x00, 0x00, 0x00, 0x00, 0x00, 0x00, 0x00, 0x8E, 0x35, 0x19, 0x8E, 0x35, 0x33,
    0x8E, 0x35, 0x14, 0x8E, 0x35, 0x04, 0x00, 0x00, 0x00, 0x00, 0x00, 0x00, 0x00, 0x00, 0x00, 0x8E, 0x35, 0x97, 0x8E, 0x35, 0xFF, 0x8E, 0x35, 0xFF,
    0x8E, 0x35, 0xFF, 0x8E, 0x35, 0x1B, 0x00, 0x00, 0x00, 0x00, 0x00, 0x00, 0x00, 0x00, 0x00, 0x8E, 0x35, 0x01, 0x8E, 0x35, 0x59, 0x8E, 0x35, 0xFF,
    0x8E, 0x35, 0xFF, 0x8E, 0x35, 0xFF, 0x8E, 0x35, 0x3E, 0x00, 0x00, 0x00, 0x00, 0x00, 0x00, 0x8E, 0x35, 0x93, 0x8E, 0x35, 0xFF, 0x8E, 0x35, 0xFF,
    0x8E, 0x35, 0xFF, 0x8E, 0x35, 0x1F, 0x00, 0x00, 0x00, 0x00, 0x00, 0x00, 0x00, 0x00, 0x00, 0x00, 0x00, 0x00, 0x00, 0x00, 0x00, 0x8E, 0x35, 0x26,
    0x8E, 0x35, 0xF4, 0x8E, 0x35, 0xFF, 0x8E, 0x35, 0xFF, 0x8E, 0x35, 0xFF, 0x8E, 0x35, 0xFF, 0x8E, 0x35, 0xFF, 0x8E, 0x35, 0x5B, 0x00, 0x00, 0x00,
    0x00, 0x00, 0x00, 0x00, 0x00, 0x00, 0x00, 0x00, 0x00, 0x8E, 0x35, 0xCF, 0x8E, 0x35, 0xFF, 0x8E, 0x35, 0xFF, 0x8E, 0x35, 0xEB, 0x00, 0x00, 0x00,
    0x00, 0x00, 0x00, 0x00, 0x00, 0x00, 0x00, 0x00, 0x00, 0x00, 0x00, 0x00, 0x00, 0x00, 0x00, 0x00, 0x00, 0x00, 0x00, 0x00, 0x00, 0x00, 0x00, 0x00,
    0x8E, 0x35, 0xBB, 0x8E, 0x35, 0xFF, 0x8E, 0x35, 0xFF, 0x8E, 0x35, 0xFF, 0x8E, 0x35, 0x37, 0x00, 0x00, 0x00, 0x00, 0x00, 0x00, 0x00, 0x00, 0x00,
    0x00, 0x00, 0x00, 0x00, 0x00, 0x00, 0x00, 0x00, 0x00, 0x00, 0x00, 0x00, 0x00, 0x00, 0x00, 0x8E, 0x35, 0xEB, 0x8E, 0x35, 0xFF, 0x8E, 0x35, 0xFF,
    0x8E, 0x35, 0xFF, 0x8E, 0x35, 0xFF, 0x8E, 0x35, 0xFF, 0x8E, 0x35, 0xFF, 0x8E, 0x35, 0xF7, 0x00, 0x00, 0x00, 0x00, 0x00, 0x00, 0x00, 0x00, 0x00,
    0x00, 0x00, 0x00, 0x8E, 0x35, 0x09, 0x8E, 0x35, 0xFF, 0x8E, 0x35, 0xFF, 0x8E, 0x35, 0xFF, 0x8E, 0x35, 0xFF, 0x8E, 0x35, 0x0B, 0x00, 0x00, 0x00,
    0x8E, 0x35, 0x07, 0x8E, 0x35, 0xFF, 0x8E, 0x35, 0xFF, 0x8E, 0x35, 0xFF, 0x8E, 0x35, 0xBB, 0x00, 0x00, 0x00, 0x00, 0x00, 0x00, 0x8E, 0x35, 0x3B,
    0x8E, 0x35, 0xFF, 0x8E, 0x35, 0xFF, 0x8E, 0x35, 0xFF, 0x8E, 0x35, 0xDF, 0x00, 0x00, 0x00, 0x00, 0x00, 0x00, 0x00, 0x00, 0x00, 0x8E, 0x35, 0xB7,
    0x8E, 0x35, 0xFF, 0x8E, 0x35, 0xFF, 0x8E, 0x35, 0xFF, 0x8E, 0x35, 0xFF, 0x8E, 0x35, 0xFF, 0x8E, 0x35, 0xFF, 0x8E, 0x35, 0xFF, 0x8E, 0x35, 0xFF,
    0x8E, 0x35, 0xBB, 0x00, 0x00, 0x00, 0x00, 0x00, 0x00, 0x8E, 0x35, 0xE3, 0x8E, 0x35, 0xFF, 0x8E, 0x35, 0xFF, 0x8E, 0x35, 0xFF, 0x8E, 0x35, 0xFF,
    0x8E, 0x35, 0xFF, 0x8E, 0x35, 0xFF, 0x8E, 0x35, 0xFF, 0x8E, 0x35, 0xFF, 0x8E, 0x35, 0xFF, 0x8E, 0x35, 0xFF, 0x8E, 0x35, 0xF3, 0x00, 0x00, 0x00,
    0x00, 0x00, 0x00, 0x00, 0x00, 0x00, 0x00, 0x00, 0x00, 0x00, 0x00, 0x00, 0x00, 0x00, 0x00, 0x00, 0x00, 0x00, 0x00, 0x00, 0x00, 0x00, 0x00, 0x00,
    0x00, 0x00, 0x00, 0x00, 0x00, 0x00, 0x00, 0x00, 0x00, 0x00, 0x00, 0x00, 0x8E, 0x35, 0x8B, 0x8E, 0x35, 0xFF, 0x8E, 0x35, 0xFF, 0x8E, 0x35, 0xFF,
    0x8E, 0x35, 0xA7, 0x00, 0x00, 0x00, 0x00, 0x00, 0x00, 0x00, 0x00, 0x00, 0x00, 0x00, 0x00, 0x00, 0x00, 0x00, 0x00, 0x00, 0x00, 0x00, 0x00, 0x00,
    0x00, 0x00, 0x00, 0x00, 0x00, 0x00, 0x00, 0x00, 0x00, 0x00, 0x00, 0x00, 0x00, 0x00, 0x00, 0x00, 0x00, 0x00, 0x00, 0x00, 0x00, 0x00, 0x00, 0x00,
    0x8E, 0x35, 0xD7, 0x8E, 0x35, 0xFF, 0x8E, 0x35, 0xFF, 0x8E, 0x35, 0xFF, 0x8E, 0x35, 0x67, 0x00, 0x00, 0x00, 0x00, 0x00, 0x00, 0x00, 0x00, 0x00,
    0x00, 0x00, 0x00, 0x00, 0x00, 0x00, 0x00, 0x00, 0x00, 0x00, 0x00, 0x00, 0x00, 0x00, 0x00, 0x00, 0x00, 0x00, 0x00, 0x00, 0x00, 0x8E, 0x35, 0x05,
    0x8E, 0x35, 0x19, 0x8E, 0x35, 0x2F, 0x8E, 0x35, 0x44, 0x8E, 0x35, 0xB9, 0x8E, 0x35, 0xFF, 0x8E, 0x35, 0xFF, 0x8E, 0x35, 0xFF, 0x8E, 0x35, 0xCA,
    0x8E, 0x35, 0xD3, 0x8E, 0x35, 0xE5, 0x8E, 0x35, 0xF8, 0x8E, 0x35, 0x5B, 0x8E, 0x35, 0xA0, 0x8E, 0x35, 0xFF, 0x8E, 0x35, 0xFF, 0x8E, 0x35, 0xFE,
    0x8E, 0x35, 0x0E, 0x00, 0x00, 0x00, 0x00, 0x00, 0x00, 0x8E, 0x35, 0x93, 0x8E, 0x35, 0xFF, 0x8E, 0x35, 0xFF, 0x8E, 0x35, 0xFF, 0x8E, 0x35, 0x1F,
    0x00, 0x00, 0x00, 0x00, 0x00, 0x00, 0x00, 0x00, 0x00, 0x00, 0x00, 0x00, 0x8E, 0x35, 0x06, 0x8E, 0x35, 0xCD, 0x8E, 0x35, 0xFF, 0x8E, 0x35, 0xFF,
    0x8E, 0x35, 0xFF, 0x8E, 0x35, 0xFF, 0x8E, 0x35, 0xFF, 0x8E, 0x35, 0xFF, 0x8E, 0x35, 0x5B, 0x00, 0x00, 0x00, 0x00, 0x00, 0x00, 0x00, 0x00, 0x00,
    0x00, 0x00, 0x00, 0x8E, 0x35, 0xCF, 0x8E, 0x35, 0xFF, 0x8E, 0x35, 0xFF, 0x8E, 0x35, 0xFF, 0x8E, 0x35, 0xFF, 0x8E, 0x35, 0xFF, 0x8E, 0x35, 0xFF,
    0x8E, 0x35, 0xFF, 0x8E, 0x35, 0xFF, 0x8E, 0x35, 0xFF, 0x8E, 0x35, 0xFF, 0x8E, 0x35, 0xFF, 0x8E, 0x35, 0xFF, 0x8E, 0x35, 0xFF, 0x8E, 0x35, 0xFF,
    0x8E, 0x35, 0xFF, 0x8E, 0x35, 0xFF, 0x8E, 0x35, 0x37, 0x00, 0x00, 0x00, 0x00, 0x00, 0x00, 0x00, 0x00, 0x00, 0x00, 0x00, 0x00, 0x00, 0x00, 0x00,
    0x00, 0x00, 0x00, 0x00, 0x00, 0x00, 0x00, 0x00, 0x00, 0x8E, 0x35, 0xEB, 0x8E, 0x35, 0xFF, 0x8E, 0x35, 0xFF, 0x8E, 0x35, 0xFF, 0x8E, 0x35, 0xFF,
    0x8E, 0x35, 0xFF, 0x8E, 0x35, 0xFF, 0x8E, 0x35, 0xF7, 0x00, 0x00, 0x00, 0x00, 0x00, 0x00, 0x00, 0x00, 0x00, 0x00, 0x00, 0x00, 0x8E, 0x35, 0x10,
    0x8E, 0x35, 0xFF, 0x8E, 0x35, 0xFF, 0x8E, 0x35, 0xFF, 0x8E, 0x35, 0xFF, 0x8E, 0x35, 0x06, 0x00, 0x00, 0x00, 0x8E, 0x35, 0x07, 0x8E, 0x35, 0xFF,
    0x8E, 0x35, 0xFF, 0x8E, 0x35, 0xFF, 0x8E, 0x35, 0xBB, 0x00, 0x00, 0x00, 0x00, 0x00, 0x00, 0x8E, 0x35, 0x3B, 0x8E, 0x35, 0xFF, 0x8E, 0x35, 0xFF,
    0x8E, 0x35, 0xFF, 0x8E, 0x35, 0xDF, 0x00, 0x00, 0x00, 0x00, 0x00, 0x00, 0x00, 0x00, 0x00, 0x8E, 0x35, 0x5C, 0x8E, 0x35, 0xFF, 0x8E, 0x35, 0xFF,
    0x8E, 0x35, 0xFF, 0x8E, 0x35, 0xFF, 0x8E, 0x35, 0xFF, 0x8E, 0x35, 0xFF, 0x8E, 0x35, 0xFF, 0x8E, 0x35, 0xFD, 0x8E, 0x35, 0x33, 0x00, 0x00, 0x00,
    0x00, 0x00, 0x00, 0x00, 0x00, 0x00, 0x8E, 0x35, 0x22, 0x8E, 0x35, 0xFF, 0x8E, 0x35, 0xFF, 0x8E, 0x35, 0xFF, 0x8E, 0x35, 0x9D, 0x00, 0x00, 0x00,
    0x00, 0x00, 0x00, 0x8E, 0x35, 0xFF, 0x8E, 0x35, 0xFF, 0x8E, 0x35, 0xFF, 0x8E, 0x35, 0xF3, 0x00, 0x00, 0x00, 0x00, 0x00, 0x00, 0x00, 0x00, 0x00,
    0x00, 0x00, 0x00, 0x00, 0x00, 0x00, 0x00, 0x00, 0x00, 0x00, 0x00, 0x00, 0x00, 0x00, 0x00, 0x00, 0x00, 0x00, 0x00, 0x00, 0x00, 0x00, 0x00, 0x00,
    0x00, 0x00, 0x00, 0x00, 0x00, 0x00, 0x8E, 0x35, 0x8B, 0x8E, 0x35, 0xFF, 0x8E, 0x35, 0xFF, 0x8E, 0x35, 0xFF, 0x8E, 0x35, 0xFF, 0x8E, 0x35, 0xFF,
    0x8E, 0x35, 0xFF, 0x8E, 0x35, 0xFF, 0x8E, 0x35, 0xFF, 0x8E, 0x35, 0xFF, 0x8E, 0x35, 0xFF, 0x8E, 0x35, 0xFF, 0x8E, 0x35, 0xFF, 0x8E, 0x35, 0xFF,
    0x8E, 0x35, 0xFF, 0x8E, 0x35, 0xFF, 0x8E, 0x35, 0xFF, 0x8E, 0x35, 0xFF, 0x8E, 0x35, 0xFF, 0x8E, 0x35, 0xFF, 0x8E, 0x35, 0xFF, 0x8E, 0x35, 0xFF,
    0x8E, 0x35, 0xFF, 0x8E, 0x35, 0xFF, 0x8E, 0x35, 0x67, 0x00, 0x00, 0x00, 0x00, 0x00, 0x00, 0x00, 0x00, 0x00, 0x00, 0x00, 0x00, 0x00, 0x00, 0x00,
    0x00, 0x00, 0x00, 0x8E, 0x35, 0x39, 0x8E, 0x35, 0xC5, 0x8E, 0x35, 0xDA, 0x8E, 0x35, 0xEF, 0x8E, 0x35, 0xFF, 0x8E, 0x35, 0xFF, 0x8E, 0x35, 0xFF,
    0x8E, 0x35, 0xFF, 0x8E, 0x35, 0xFF, 0x8E, 0x35, 0xFF, 0x8E, 0x35, 0xFF, 0x8E, 0x35, 0xFF, 0x8E, 0x35, 0xFF, 0x8E, 0x35, 0xFF, 0x8E, 0x35, 0xFF,
    0x8E, 0x35, 0xFF, 0x8E, 0x35, 0x5E, 0x8E, 0x35, 0xEA, 0x8E, 0x35, 0xFF, 0x8E, 0x35, 0xFF, 0x8E, 0x35, 0xDA, 0x00, 0x00, 0x00, 0x00, 0x00, 0x00,
    0x00, 0x00, 0x00, 0x8E, 0x35, 0x93, 0x8E, 0x35, 0xFF, 0x8E, 0x35, 0xFF, 0x8E, 0x35, 0xFF, 0x8E, 0x35, 0x1F, 0x00, 0x00, 0x00, 0x00, 0x00, 0x00,
    0x00, 0x00, 0x00, 0x00, 0x00, 0x00, 0x8E, 0x35, 0x1C, 0x8E, 0x35, 0xF6, 0x8E, 0x35, 0xFF, 0x8E, 0x35, 0xFF, 0x8E, 0x35, 0xFF, 0x8E, 0x35, 0xFF,
    0x8E, 0x35, 0xFF, 0x8E, 0x35, 0xFF, 0x8E, 0x35, 0x5B, 0x00, 0x00, 0x00, 0x00, 0x00, 0x00, 0x00, 0x00, 0x00, 0x00, 0x00, 0x00, 0x8E, 0x35, 0xCF,
    0x8E, 0x35, 0xFF, 0x8E, 0x35, 0xFF, 0x8E, 0x35, 0xFF, 0x8E, 0x35, 0xFF, 0x8E, 0x35, 0xFF, 0x8E, 0x35, 0xFF, 0x8E, 0x35, 0xFF, 0x8E, 0x35, 0xFF,
    0x8E, 0x35, 0xFF, 0x8E, 0x35, 0xFF, 0x8E, 0x35, 0xFF, 0x8E, 0x35, 0xFF, 0x8E, 0x35, 0xFF, 0x8E, 0x35, 0xFF, 0x8E, 0x35, 0xFF, 0x8E, 0x35, 0xFF,
    0x8E, 0x35, 0x37, 0x00, 0x00, 0x00, 0x00, 0x00, 0x00, 0x00, 0x00, 0x00, 0x00, 0x00, 0x00, 0x00, 0x00, 0x00, 0x00, 0x00, 0x00, 0x00, 0x00, 0x00,
    0x00, 0x00, 0x00, 0x00, 0x00, 0x00, 0x00, 0x00, 0x00, 0x00, 0x00, 0x00, 0x00, 0x00, 0x00, 0x8E, 0x35, 0xEF, 0x8E, 0x35, 0xFF, 0x8E, 0x35, 0xFF,
    0x8E, 0x35, 0xF7, 0x00, 0x00, 0x00, 0x00, 0x00, 0x00, 0x00, 0x00, 0x00, 0x00, 0x00, 0x00, 0x8E, 0x35, 0x19, 0x8E, 0x35, 0xFF, 0x8E, 0x35, 0xFF,
    0x8E, 0x35, 0xFF, 0x8E, 0x35, 0xFF, 0x8E, 0x35, 0x01, 0x00, 0x00, 0x00, 0x8E, 0x35, 0x07, 0x8E, 0x35, 0xFF, 0x8E, 0x35, 0xFF, 0x8E, 0x35, 0xFF,
    0x8E, 0x35, 0xBB, 0x00, 0x00, 0x00, 0x00, 0x00, 0x00, 0x8E, 0x35, 0x3B, 0x8E, 0x35, 0xFF, 0x8E, 0x35, 0xFF, 0x8E, 0x35, 0xFF, 0x8E, 0x35, 0xDF,
    0x00, 0x00, 0x00, 0x00, 0x00, 0x00, 0x00, 0x00, 0x00, 0x8E, 0x35, 0x11, 0x8E, 0x35, 0x9D, 0x8E, 0x35, 0x5C, 0x8E, 0x35, 0x2F, 0x8E, 0x35, 0x96,
    0x8E, 0x35, 0xFF, 0x8E, 0x35, 0xFF, 0x8E, 0x35, 0xFF, 0x8E, 0x35, 0x91, 0x00, 0x00, 0x00, 0x00, 0x00, 0x00, 0x00, 0x00, 0x00, 0x00, 0x00, 0x00,
    0x8E, 0x35, 0x81, 0x8E, 0x35, 0xFF, 0x8E, 0x35, 0xFF, 0x8E, 0x35, 0xFF, 0x8E, 0x35, 0x43, 0x00, 0x00, 0x00, 0x00, 0x00, 0x00, 0x8E, 0x35, 0xFF,
    0x8E, 0x35, 0xFF, 0x8E, 0x35, 0xFF, 0x8E, 0x35, 0xF3, 0x00, 0x00, 0x00, 0x00, 0x00, 0x00, 0x00, 0x00, 0x00, 0x00, 0x00, 0x00, 0x00, 0x00, 0x00,
    0x00, 0x00, 0x00, 0x00, 0x00, 0x00, 0x00, 0x00, 0x00, 0x00, 0x00, 0x00, 0x00, 0x00, 0x00, 0x00, 0x00, 0x00, 0x00, 0x00, 0x00, 0x00, 0x00, 0x00,
    0x8E, 0x35, 0x8B, 0x8E, 0x35, 0xFF, 0x8E, 0x35, 0xFF, 0x8E, 0x35, 0xFF, 0x8E, 0x35, 0xFF, 0x8E, 0x35, 0xFF, 0x8E, 0x35, 0xFF, 0x8E, 0x35, 0xFF,
    0x8E, 0x35, 0xFF, 0x8E, 0x35, 0xFF, 0x8E, 0x35, 0xFF, 0x8E, 0x35, 0xFF, 0x8E, 0x35, 0xFF, 0x8E, 0x35, 0xFF, 0x8E, 0x35, 0xFF, 0x8E, 0x35, 0xFF,
    0x8E, 0x35, 0xFF, 0x8E, 0x35, 0xFF, 0x8E, 0x35, 0xFF, 0x8E, 0x35, 0xFF, 0x8E, 0x35, 0xFF, 0x8E, 0x35, 0xFF, 0x8E, 0x35, 0xFF, 0x8E, 0x35, 0xFF,
    0x8E, 0x35, 0x67, 0x00, 0x00, 0x00, 0x00, 0x00, 0x00, 0x00, 0x00, 0x00, 0x00, 0x00, 0x00, 0x00, 0x00, 0x00, 0x00, 0x00, 0x00, 0x8E, 0x35, 0x3D,
    0x8E, 0x35, 0xFF, 0x8E, 0x35, 0xFF, 0x8E, 0x35, 0xFF, 0x8E, 0x35, 0xFF, 0x8E, 0x35, 0xFF, 0x8E, 0x35, 0xFF, 0x8E, 0x35, 0xFF, 0x8E, 0x35, 0xFF,
    0x8E, 0x35, 0xFF, 0x8E, 0x35, 0xFF, 0x8E, 0x35, 0xFF, 0x8E, 0x35, 0xFF, 0x8E, 0x35, 0xFF, 0x8E, 0x35, 0xFA, 0x8E, 0x35, 0xE0, 0x8E, 0x35, 0xA8,
    0x8E, 0x35, 0xFF, 0x8E, 0x35, 0xFF, 0x8E, 0x35, 0xFF, 0x8E, 0x35, 0xA5, 0x00, 0x00, 0x00, 0x00, 0x00, 0x00, 0x00, 0x00, 0x00, 0x8E, 0x35, 0x93,
    0x8E, 0x35, 0xFF, 0x8E, 0x35, 0xFF, 0x8E, 0x35, 0xFF, 0x8E, 0x35, 0x1F, 0x00, 0x00, 0x00, 0x00, 0x00, 0x00, 0x00, 0x00, 0x00, 0x00, 0x00, 0x00,
    0x00, 0x00, 0x00, 0x8E, 0x35, 0x82, 0x8E, 0x35, 0xFF, 0x8E, 0x35, 0xFF, 0x8E, 0x35, 0xFF, 0x8E, 0x35, 0xFF, 0x8E, 0x35, 0xFF, 0x8E, 0x35, 0xFF,
    0x8E, 0x35, 0x5B, 0x00, 0x00, 0x00, 0x00, 0x00, 0x00, 0x00, 0x00, 0x00, 0x00, 0x00, 0x00, 0x8E, 0x35, 0x9F, 0x8E, 0x35, 0xC3, 0x8E, 0x35, 0xC3,
    0x8E, 0x35, 0xC3, 0x8E, 0x35, 0xC3, 0x8E, 0x35, 0xC3, 0x8E, 0x35, 0xC3, 0x8E, 0x35, 0xC3, 0x8E, 0x35, 0xC3, 0x8E, 0x35, 0xC3, 0x8E, 0x35, 0xC3,
    0x8E, 0x35, 0xC3, 0x8E, 0x35, 0xC3, 0x8E, 0x35, 0xC3, 0x8E, 0x35, 0xC3, 0x8E, 0x35, 0xC3, 0x8E, 0x35, 0xC3, 0x8E, 0x35, 0x2A, 0x00, 0x00, 0x00,
    0x00, 0x00, 0x00, 0x00, 0x00, 0x00, 0x00, 0x00, 0x00, 0x00, 0x00, 0x00, 0x00, 0x00, 0x00, 0x00, 0x00, 0x00, 0x00, 0x00, 0x00, 0x00, 0x00, 0x00,
    0x00, 0x00, 0x00, 0x00, 0x00, 0x00, 0x00, 0x00, 0x00, 0x8E, 0x35, 0xEF, 0x8E, 0x35, 0xFF, 0x8E, 0x35, 0xFF, 0x8E, 0x35, 0xF7, 0x00, 0x00, 0x00,
    0x00, 0x00, 0x00, 0x00, 0x00, 0x00, 0x00, 0x00, 0x00, 0x8E, 0x35, 0x22, 0x8E, 0x35, 0xFF, 0x8E, 0x35, 0xFF, 0x8E, 0x35, 0xFF, 0x8E, 0x35, 0xFB,
    0x00, 0x00, 0x00, 0x00, 0x00, 0x00, 0x8E, 0x35, 0x07, 0x8E, 0x35, 0xFF, 0x8E, 0x35, 0xFF, 0x8E, 0x35, 0xFF, 0x8E, 0x35, 0xBB, 0x00, 0x00, 0x00,
    0x00, 0x00, 0x00, 0x8E, 0x35, 0x3B, 0x8E, 0x35, 0xFF, 0x8E, 0x35, 0xFF, 0x8E, 0x35, 0xFF, 0x8E, 0x35, 0xDF, 0x00, 0x00, 0x00, 0x00, 0x00, 0x00,
    0x00, 0x00, 0x00, 0x00, 0x00, 0x00, 0x00, 0x00, 0x00, 0x00, 0x00, 0x00, 0x8E, 0x35, 0x2B, 0x8E, 0x35, 0xFA, 0x8E, 0x35, 0xFF, 0x8E, 0x35, 0xFF,
    0x8E, 0x35, 0xE1, 0x8E, 0x35, 0x0C, 0x00, 0x00, 0x00, 0x00, 0x00, 0x00, 0x00, 0x00, 0x00, 0x8E, 0x35, 0x0A, 0x8E, 0x35, 0xE9, 0x8E, 0x35, 0xFF,
    0x8E, 0x35, 0xFF, 0x8E, 0x35, 0xE6, 0x8E, 0x35, 0x02, 0x00, 0x00, 0x00, 0x00, 0x00, 0x00, 0x8E, 0x35, 0xFF, 0x8E, 0x35, 0xFF, 0x8E, 0x35, 0xFF,
    0x8E, 0x35, 0xF3, 0x00, 0x00, 0x00, 0x00, 0x00, 0x00, 0x00, 0x00, 0x00, 0x00, 0x00, 0x00, 0x00, 0x00, 0x00, 0x00, 0x00, 0x00, 0x00, 0x00, 0x00,
    0x00, 0x00, 0x00, 0x00, 0x00, 0x00, 0x00, 0x00, 0x00, 0x00, 0x00, 0x00, 0x00, 0x00, 0x00, 0x00, 0x00, 0x00, 0x8E, 0x35, 0x8B, 0x8E, 0x35, 0xFF,
    0x8E, 0x35, 0xFF, 0x8E, 0x35, 0xFF, 0x8E, 0x35, 0xFF, 0x8E, 0x35, 0xFF, 0x8E, 0x35, 0xFF, 0x8E, 0x35, 0xFF, 0x8E, 0x35, 0xFF, 0x8E, 0x35, 0xFF,
    0x8E, 0x35, 0xFF, 0x8E, 0x35, 0xFF, 0x8E, 0x35, 0xFF, 0x8E, 0x35, 0xFF, 0x8E, 0x35, 0xFF, 0x8E, 0x35, 0xFF, 0x8E, 0x35, 0xFF, 0x8E, 0x35, 0xFF,
    0x8E, 0x35, 0xFF, 0x8E, 0x35, 0xFF, 0x8E, 0x35, 0xFF, 0x8E, 0x35, 0xFF, 0x8E, 0x35, 0xFF, 0x8E, 0x35, 0xFF, 0x8E, 0x35, 0x67, 0x00, 0x00, 0x00,
    0x00, 0x00, 0x00, 0x00, 0x00, 0x00, 0x00, 0x00, 0x00, 0x00, 0x00, 0x00, 0x00, 0x00, 0x00, 0x8E, 0x35, 0x27, 0x8E, 0x35, 0xFF, 0x8E, 0x35, 0xFF,
    0x8E, 0x35, 0xFF, 0x8E, 0x35, 0xFF, 0x8E, 0x35, 0xFF, 0x8E, 0x35, 0xF8, 0x8E, 0x35, 0xDF, 0x8E, 0x35, 0xEB, 0x8E, 0x35, 0xFF, 0x8E, 0x35, 0xFF,
    0x8E, 0x35, 0xFF, 0x8E, 0x35, 0x49, 0x8E, 0x35, 0x18, 0x8E, 0x35, 0x02, 0x8E, 0x35, 0x0C, 0x8E, 0x35, 0xE5, 0x8E, 0x35, 0xFF, 0x8E, 0x35, 0xFF,
    0x8E, 0x35, 0xFF, 0x8E, 0x35, 0x4B, 0x00, 0x00, 0x00, 0x00, 0x00, 0x00, 0x00, 0x00, 0x00, 0x8E, 0x35, 0x93, 0x8E, 0x35, 0xFF, 0x8E, 0x35, 0xFF,
    0x8E, 0x35, 0xFF, 0x8E, 0x35, 0x1F, 0x00, 0x00, 0x00, 0x00, 0x00, 0x00, 0x00, 0x00, 0x00, 0x00, 0x00, 0x00, 0x00, 0x00, 0x00, 0x8E, 0x35, 0x0E,
    0x8E, 0x35, 0xEF, 0x8E, 0x35, 0xFD, 0x8E, 0x35, 0xA6, 0x8E, 0x35, 0xFF, 0x8E, 0x35, 0xFF, 0x8E, 0x35, 0xFF, 0x8E, 0x35, 0x5B, 0x00, 0x00, 0x00,
    0x00, 0x00, 0x00, 0x00, 0x00, 0x00, 0x00, 0x00, 0x00, 0x00, 0x00, 0x00, 0x00, 0x00, 0x00, 0x00, 0x00, 0x00, 0x00, 0x00, 0x00, 0x00, 0x00, 0x00,
    0x00, 0x00, 0x00, 0x00, 0x00, 0x00, 0x00, 0x00, 0x00, 0x00, 0x00, 0x00, 0x00, 0x00, 0x00, 0x00, 0x00, 0x00, 0x00, 0x00, 0x00, 0x00, 0x00, 0x00,
    0x00, 0x00, 0x00, 0x00, 0x00, 0x00, 0x00, 0x00, 0x00, 0x00, 0x00, 0x00, 0x00, 0x00, 0x00, 0x00, 0x00, 0x00, 0x00, 0x00, 0x00, 0x00, 0x00, 0x00,
    0x00, 0x00, 0x00, 0x00, 0x00, 0x00, 0x00, 0x00, 0x00, 0x00, 0x00, 0x00, 0x00, 0x00, 0x00, 0x00, 0x00, 0x00, 0x00, 0x00, 0x00, 0x00, 0x00, 0x00,
    0x00, 0x00, 0x00, 0x8E, 0x35, 0xEF, 0x8E, 0x35, 0xFF, 0x8E, 0x35, 0xFF, 0x8E, 0x35, 0xF7, 0x00, 0x00, 0x00, 0x00, 0x00, 0x00, 0x00, 0x00, 0x00,
    0x00, 0x00, 0x00, 0x8E, 0x35, 0x2A, 0x8E, 0x35, 0xFF, 0x8E, 0x35, 0xFF, 0x8E, 0x35, 0xFF, 0x8E, 0x35, 0xF5, 0x00, 0x00, 0x00, 0x00, 0x00, 0x00,
    0x8E, 0x35, 0x07, 0x8E, 0x35, 0xFF, 0x8E, 0x35, 0xFF, 0x8E, 0x35, 0xFF, 0x8E, 0x35, 0xBB, 0x00, 0x00, 0x00, 0x00, 0x00, 0x00, 0x8E, 0x35, 0x3B,
    0x8E, 0x35, 0xFF, 0x8E, 0x35, 0xFF, 0x8E, 0x35, 0xFF, 0x8E, 0x35, 0xDF, 0x00, 0x00, 0x00, 0x00, 0x00, 0x00, 0x00, 0x00, 0x00, 0x00, 0x00, 0x00,
    0x00, 0x00, 0x00, 0x8E, 0x35, 0x03, 0x8E, 0x35, 0xC6, 0x8E, 0x35, 0xFF, 0x8E, 0x35, 0xFF, 0x8E, 0x35, 0xFF, 0x8E, 0x35, 0x4A, 0x00, 0x00, 0x00,
    0x00, 0x00, 0x00, 0x00, 0x00, 0x00, 0x8E, 0x35, 0x03, 0x8E, 0x35, 0xAB, 0x8E, 0x35, 0xFF, 0x8E, 0x35, 0xFF, 0x8E, 0x35, 0xFF, 0x8E, 0x35, 0xFF,
    0x8E, 0x35, 0xFF, 0x8E, 0x35, 0xFF, 0x8E, 0x35, 0xFF, 0x8E, 0x35, 0xFF, 0x8E, 0x35, 0xFF, 0x8E, 0x35, 0xFF, 0x8E, 0x35, 0xFF, 0x8E, 0x35, 0xFF,
    0x8E, 0x35, 0xFF, 0x8E, 0x35, 0xFF, 0x8E, 0x35, 0xFF, 0x8E, 0x35, 0xFF, 0x8E, 0x35, 0xFF, 0x8E, 0x35, 0x4B, 0x00, 0x00, 0x00, 0x00, 0x00, 0x00,
    0x00, 0x00, 0x00, 0x00, 0x00, 0x00, 0x00, 0x00, 0x00, 0x00, 0x00, 0x00, 0x8E, 0x35, 0x8B, 0x8E, 0x35, 0xFF, 0x8E, 0x35, 0xFF, 0x8E, 0x35, 0xFF,
    0x8E, 0x35, 0xFF, 0x8E, 0x35, 0xFF, 0x8E, 0x35, 0xFF, 0x8E, 0x35, 0xFF, 0x8E, 0x35, 0xFF, 0x8E, 0x35, 0xFF, 0x8E, 0x35, 0xFF, 0x8E, 0x35, 0xFF,
    0x8E, 0x35, 0xFF, 0x8E, 0x35, 0xFF, 0x8E, 0x35, 0xFF, 0x8E, 0x35, 0xFF, 0x8E, 0x35, 0xFF, 0x8E, 0x35, 0xFF, 0x8E, 0x35, 0xFF, 0x8E, 0x35, 0xFF,
    0x8E, 0x35, 0xFF, 0x8E, 0x35, 0xFF, 0x8E, 0x35, 0xFF, 0x8E, 0x35, 0xFF, 0x8E, 0x35, 0x67, 0x00, 0x00, 0x00, 0x00, 0x00, 0x00, 0x00, 0x00, 0x00,
    0x00, 0x00, 0x00, 0x00, 0x00, 0x00, 0x00, 0x00, 0x00, 0x8E, 0x35, 0x0B, 0x8E, 0x35, 0x79, 0x8E, 0x35, 0x5F, 0x8E, 0x35, 0x46, 0x8E, 0x35, 0x2C,
    0x8E, 0x35, 0x12, 0x00, 0x00, 0x00, 0x00, 0x00, 0x00, 0x8E, 0x35, 0x97, 0x8E, 0x35, 0xFF, 0x8E, 0x35, 0xFF, 0x8E, 0x35, 0xFF, 0x8E, 0x35, 0x1B,
    0x00, 0x00, 0x00, 0x00, 0x00, 0x00, 0x8E, 0x35, 0x29, 0x8E, 0x35, 0xDE, 0x8E, 0x35, 0xFF, 0x8E, 0x35, 0xFF, 0x8E, 0x35, 0xE2, 0x8E, 0x35, 0x03,
    0x00, 0x00, 0x00, 0x00, 0x00, 0x00, 0x00, 0x00, 0x00, 0x8E, 0x35, 0x93, 0x8E, 0x35, 0xFF, 0x8E, 0x35, 0xFF, 0x8E, 0x35, 0xFF, 0x8E, 0x35, 0x1F,
    0x00, 0x00, 0x00, 0x00, 0x00, 0x00, 0x00, 0x00, 0x00, 0x00, 0x00, 0x00, 0x00, 0x00, 0x00, 0x00, 0x00, 0x00, 0x8E, 0x35, 0x85, 0x8E, 0x35, 0x74,
    0x8E, 0x35, 0x57, 0x8E, 0x35, 0xFF, 0x8E, 0x35, 0xFF, 0x8E, 0x35, 0xFF, 0x8E, 0x35, 0x5B, 0x00, 0x00, 0x00, 0x8E, 0x35, 0xA3, 0x8E, 0x35, 0xFF,
    0x8E, 0x35, 0xFF, 0x8E, 0x35, 0xFF, 0x8E, 0x35, 0xFF, 0x8E, 0x35, 0xFF, 0x8E, 0x35, 0xFF, 0x8E, 0x35, 0xFF, 0x8E, 0x35, 0xFF, 0x8E, 0x35, 0xFF,
    0x8E, 0x35, 0xFF, 0x8E, 0x35, 0xFF, 0x8E, 0x35, 0xFF, 0x8E, 0x35, 0xFF, 0x8E, 0x35, 0xFF, 0x8E, 0x35, 0xFF, 0x8E, 0x35, 0xFF, 0x8E, 0x35, 0xFF,
    0x8E, 0x35, 0xFF, 0x8E, 0x35, 0xFF, 0x8E, 0x35, 0xFF, 0x8E, 0x35, 0xFF, 0x8E, 0x35, 0xD3, 0x00, 0x00, 0x00, 0x00, 0x00, 0x00, 0x00, 0x00, 0x00,
    0x00, 0x00, 0x00, 0x00, 0x00, 0x00, 0x00, 0x00, 0x00, 0x00, 0x00, 0x00, 0x00, 0x00, 0x00, 0x00, 0x00, 0x00, 0x00, 0x00, 0x00, 0x8E, 0x35, 0xEF,
    0x8E, 0x35, 0xFF, 0x8E, 0x35, 0xFF, 0x8E, 0x35, 0xF7, 0x00, 0x00, 0x00, 0x00, 0x00, 0x00, 0x00, 0x00, 0x00, 0x00, 0x00, 0x00, 0x8E, 0x35, 0x33,
    0x8E, 0x35, 0xFF, 0x8E, 0x35, 0xFF, 0x8E, 0x35, 0xFF, 0x8E, 0x35, 0xEF, 0x00, 0x00, 0x00, 0x00, 0x00, 0x00, 0x8E, 0x35, 0x07, 0x8E, 0x35, 0xFF,
    0x8E, 0x35, 0xFF, 0x8E, 0x35, 0xFF, 0x8E, 0x35, 0xBB, 0x00, 0x00, 0x00, 0x00, 0x00, 0x00, 0x8E, 0x35, 0x3B, 0x8E, 0x35, 0xFF, 0x8E, 0x35, 0xFF,
    0x8E, 0x35, 0xFF, 0x8E, 0x35, 0xDF, 0x00, 0x00, 0x00, 0x00, 0x00, 0x00, 0x00, 0x00, 0x00, 0x00, 0x00, 0x00, 0x00, 0x00, 0x00, 0x8E, 0x35, 0x7F,
    0x8E, 0x35, 0xFF, 0x8E, 0x35, 0xFF, 0x8E, 0x35, 0xFF, 0x8E, 0x35, 0xAA, 0x8E, 0x35, 0x30, 0x8E, 0x35, 0x63, 0x8E, 0x35, 0x96, 0x8E, 0x35, 0xB4,
    0x00, 0x00, 0x00, 0x8E, 0x35, 0xD1, 0x8E, 0x35, 0xFF, 0x8E, 0x35, 0xFF, 0x8E, 0x35, 0xFF, 0x8E, 0x35, 0xFF, 0x8E, 0x35, 0xFF, 0x8E, 0x35, 0xFF,
    0x8E, 0x35, 0xFF, 0x8E, 0x35, 0xFF, 0x8E, 0x35, 0xFF, 0x8E, 0x35, 0xFF, 0x8E, 0x35, 0xFF, 0x8E, 0x35, 0xFF, 0x8E, 0x35, 0xFF, 0x8E, 0x35, 0xFF,
    0x8E, 0x35, 0xFF, 0x8E, 0x35, 0xFF, 0x8E, 0x35, 0xFF, 0x8E, 0x35, 0x4B, 0x00, 0x00, 0x00, 0x00, 0x00, 0x00, 0x00, 0x00, 0x00, 0x00, 0x00, 0x00,
    0x00, 0x00, 0x00, 0x00, 0x00, 0x00, 0x8E, 0x35, 0x8B, 0x8E, 0x35, 0xFF, 0x8E, 0x35, 0xFF, 0x8E, 0x35, 0xFF, 0x8E, 0x35, 0xA9, 0x8E, 0x35, 0x03,
    0x8E, 0x35, 0x03, 0x8E, 0x35, 0x03, 0x8E, 0x35, 0x03, 0x8E, 0x35, 0x03, 0x8E, 0x35, 0x03, 0x8E, 0x35, 0x03, 0x8E, 0x35, 0x03, 0x8E, 0x35, 0x03,
    0x8E, 0x35, 0x03, 0x8E, 0x35, 0x03, 0x8E, 0x35, 0x03, 0x8E, 0x35, 0x03, 0x8E, 0x35, 0x03, 0x8E, 0x35, 0x03, 0x8E, 0x35, 0xD8, 0x8E, 0x35, 0xFF,
    0x8E, 0x35, 0xFF, 0x8E, 0x35, 0xFF, 0x8E, 0x35, 0x67, 0x00, 0x00, 0x00, 0x00, 0x00, 0x00, 0x00, 0x00, 0x00, 0x00, 0x00, 0x00, 0x00, 0x00, 0x00,
    0x00, 0x00, 0x00, 0x00, 0x00, 0x00, 0x00, 0x00, 0x00, 0x00, 0x00, 0x00, 0x00, 0x00, 0x00, 0x00, 0x00, 0x00, 0x00, 0x00, 0x00, 0x00, 0x00, 0x00,
    0x00, 0x00, 0x00, 0x8E, 0x35, 0x97, 0x8E, 0x35, 0xFF, 0x8E, 0x35, 0xFF, 0x8E, 0x35, 0xFF, 0x8E, 0x35, 0x1B, 0x00, 0x00, 0x00, 0x00, 0x00, 0x00,
    0x00, 0x00, 0x00, 0x8E, 0x35, 0x0A, 0x8E, 0x35, 0x97, 0x8E, 0x35, 0xFF, 0x8E, 0x35, 0x56, 0x00, 0x00, 0x00, 0x00, 0x00, 0x00, 0x00, 0x00, 0x00,
    0x00, 0x00, 0x00, 0x8E, 0x35, 0x93, 0x8E, 0x35, 0xFF, 0x8E, 0x35, 0xFF, 0x8E, 0x35, 0xFF, 0x8E, 0x35, 0x1F, 0x00, 0x00, 0x00, 0x00, 0x00, 0x00,
    0x00, 0x00, 0x00, 0x00, 0x00, 0x00, 0x00, 0x00, 0x00, 0x00, 0x00, 0x00, 0x8E, 0x35, 0x0B, 0x00, 0x00, 0x00, 0x8E, 0x35, 0x57, 0x8E, 0x35, 0xFF,
    0x8E, 0x35, 0xFF, 0x8E, 0x35, 0xFF, 0x8E, 0x35, 0x5B, 0x00, 0x00, 0x00, 0x8E, 0x35, 0xA3, 0x8E, 0x35, 0xFF, 0x8E, 0x35, 0xFF, 0x8E, 0x35, 0xFF,
    0x8E, 0x35, 0xFF, 0x8E, 0x35, 0xFF, 0x8E, 0x35, 0xFF, 0x8E, 0x35, 0xFF, 0x8E, 0x35, 0xFF, 0x8E, 0x35, 0xFF, 0x8E, 0x35, 0xFF, 0x8E, 0x35, 0xFF,
    0x8E, 0x35, 0xFF, 0x8E, 0x35, 0xFF, 0x8E, 0x35, 0xFF, 0x8E, 0x35, 0xFF, 0x8E, 0x35, 0xFF, 0x8E, 0x35, 0xFF, 0x8E, 0x35, 0xFF, 0x8E, 0x35, 0xFF,
    0x8E, 0x35, 0xFF, 0x8E, 0x35, 0xFF, 0x8E, 0x35, 0xD3, 0x00, 0x00, 0x00, 0x00, 0x00, 0x00, 0x00, 0x00, 0x00, 0x00, 0x00, 0x00, 0x00, 0x00, 0x00,
    0x00, 0x00, 0x00, 0x00, 0x00, 0x00, 0x00, 0x00, 0x00, 0x00, 0x00, 0x00, 0x00, 0x00, 0x00, 0x8E, 0x35, 0xEF, 0x8E, 0x35, 0xFF, 0x8E, 0x35, 0xFF,
    0x8E, 0x35, 0xF7, 0x00, 0x00, 0x00, 0x00, 0x00, 0x00, 0x00, 0x00, 0x00, 0x00, 0x00, 0x00, 0x8E, 0x35, 0x3E, 0x8E, 0x35, 0xFF, 0x8E, 0x35, 0xFF,
    0x8E, 0x35, 0xFF, 0x8E, 0x35, 0xDB, 0x00, 0x00, 0x00, 0x00, 0x00, 0x00, 0x8E, 0x35, 0x07, 0x8E, 0x35, 0xFF, 0x8E, 0x35, 0xFF, 0x8E, 0x35, 0xFF,
    0x8E, 0x35, 0xBB, 0x00, 0x00, 0x00, 0x00, 0x00, 0x00, 0x8E, 0x35, 0x3B, 0x8E, 0x35, 0xFF, 0x8E, 0x35, 0xFF, 0x8E, 0x35, 0xFF, 0x8E, 0x35, 0xDF,
    0x00, 0x00, 0x00, 0x00, 0x00, 0x00, 0x00, 0x00, 0x00, 0x00, 0x00, 0x00, 0x8E, 0x35, 0x4F, 0x8E, 0x35, 0xFE, 0x8E, 0x35, 0xFF, 0x8E, 0x35, 0xFF,
    0x8E, 0x35, 0xFF, 0x8E, 0x35, 0xFE, 0x8E, 0x35, 0xFF, 0x8E, 0x35, 0xFF, 0x8E, 0x35, 0xFF, 0x8E, 0x35, 0xDD, 0x00, 0x00, 0x00, 0x8E, 0x35, 0x6E,
    0x8E, 0x35, 0xFF, 0x8E, 0x35, 0xFF, 0x8E, 0x35, 0xFF, 0x8E, 0x35, 0xFF, 0x8E, 0x35, 0xFF, 0x8E, 0x35, 0xFF, 0x8E, 0x35, 0xFF, 0x8E, 0x35, 0xFF,
    0x8E, 0x35, 0xFF, 0x8E, 0x35, 0xFF, 0x8E, 0x35, 0xFF, 0x8E, 0x35, 0xFF, 0x8E, 0x35, 0xFF, 0x8E, 0x35, 0xFF, 0x8E, 0x35, 0xFF, 0x8E, 0x35, 0xFF,
    0x8E, 0x35, 0xFF, 0x8E, 0x35, 0x4B, 0x00, 0x00, 0x00, 0x00, 0x00, 0x00, 0x00, 0x00, 0x00, 0x00, 0x00, 0x00, 0x00, 0x00, 0x00, 0x00, 0x00, 0x00,
    0x8E, 0x35, 0x8B, 0x8E, 0x35, 0xFF, 0x8E, 0x35, 0xFF, 0x8E, 0x35, 0xFF, 0x8E, 0x35, 0xA7, 0x00, 0x00, 0x00, 0x00, 0x00, 0x00, 0x00, 0x00, 0x00,
    0x00, 0x00, 0x00, 0x00, 0x00, 0x00, 0x00, 0x00, 0x00, 0x00, 0x00, 0x00, 0x00, 0x00, 0x00, 0x00, 0x00, 0x00, 0x00, 0x00, 0x00, 0x00, 0x00, 0x00,
    0x00, 0x00, 0x00, 0x00, 0x00, 0x00, 0x00, 0x00, 0x00, 0x00, 0x00, 0x00, 0x8E, 0x35, 0x91, 0x8E, 0x35, 0xAB, 0x8E, 0x35, 0xAB, 0x8E, 0x35, 0xAB,
    0x8E, 0x35, 0x45, 0x00, 0x00, 0x00, 0x00, 0x00, 0x00, 0x00, 0x00, 0x00, 0x00, 0x00, 0x00, 0x00, 0x00, 0x00, 0x00, 0x00, 0x00, 0x00, 0x00, 0x00,
    0x00, 0x00, 0x00, 0x00, 0x00, 0x00, 0x00, 0x00, 0x00, 0x8E, 0x35, 0x06, 0x8E, 0x35, 0x0B, 0x8E, 0x35, 0x0B, 0x8E, 0x35, 0x0B, 0x8E, 0x35, 0x0E,
    0x8E, 0x35, 0x0F, 0x8E, 0x35, 0x0F, 0x8E, 0x35, 0x0F, 0x8E, 0x35, 0x0C, 0x8E, 0x35, 0x0B, 0x8E, 0x35, 0x0B, 0x8E, 0x35, 0x0B, 0x8E, 0x35, 0x0B,
    0x8E, 0x35, 0x0B, 0x8E, 0x35, 0x53, 0x8E, 0x35, 0x0C, 0x8E, 0x35, 0x0B, 0x8E, 0x35, 0x0B, 0x8E, 0x35, 0x0B, 0x8E, 0x35, 0x0B, 0x8E, 0x35, 0x30,
    0x8E, 0x35, 0x4B, 0x8E, 0x35, 0x4B, 0x8E, 0x35, 0x47, 0x8E, 0x35, 0x07, 0x00, 0x00, 0x00, 0x00, 0x00, 0x00, 0x00, 0x00, 0x00, 0x00, 0x00, 0x00,
    0x00, 0x00, 0x00, 0x00, 0x00, 0x00, 0x00, 0x00, 0x00, 0x00, 0x00, 0x00, 0x8E, 0x35, 0x57, 0x8E, 0x35, 0xFF, 0x8E, 0x35, 0xFF, 0x8E, 0x35, 0xFF,
    0x8E, 0x35, 0x5B, 0x00, 0x00, 0x00, 0x8E, 0x35, 0xA3, 0x8E, 0x35, 0xFF, 0x8E, 0x35, 0xFF, 0x8E, 0x35, 0xFF, 0x8E, 0x35, 0xFF, 0x8E, 0x35, 0xFF,
    0x8E, 0x35, 0xFF, 0x8E, 0x35, 0xFF, 0x8E, 0x35, 0xFF, 0x8E, 0x35, 0xFF, 0x8E, 0x35, 0xFF, 0x8E, 0x35, 0xFF, 0x8E, 0x35, 0xFF, 0x8E, 0x35, 0xFF,
    0x8E, 0x35, 0xFF, 0x8E, 0x35, 0xFF, 0x8E, 0x35, 0xFF, 0x8E, 0x35, 0xFF, 0x8E, 0x35, 0xFF, 0x8E, 0x35, 0xFF, 0x8E, 0x35, 0xFF, 0x8E, 0x35, 0xFF,
    0x8E, 0x35, 0xD3, 0x00, 0x00, 0x00, 0x00, 0x00, 0x00, 0x00, 0x00, 0x00, 0x00, 0x00, 0x00, 0x00, 0x00, 0x00, 0x00, 0x00, 0x00, 0x00, 0x00, 0x00,
    0x00, 0x00, 0x00, 0x00, 0x00, 0x00, 0x00, 0x00, 0x00, 0x8E, 0x35, 0xEF, 0x8E, 0x35, 0xFF, 0x8E, 0x35, 0xFF, 0x8E, 0x35, 0xF7, 0x00, 0x00, 0x00,
    0x00, 0x00, 0x00, 0x00, 0x00, 0x00, 0x00, 0x00, 0x00, 0x8E, 0x35, 0x59, 0x8E, 0x35, 0xFF, 0x8E, 0x35, 0xFF, 0x8E, 0x35, 0xFF, 0x8E, 0x35, 0xC3,
    0x00, 0x00, 0x00, 0x00, 0x00, 0x00, 0x8E, 0x35, 0x07, 0x8E, 0x35, 0xFF, 0x8E, 0x35, 0xFF, 0x8E, 0x35, 0xFF, 0x8E, 0x35, 0xBB, 0x00, 0x00, 0x00,
    0x00, 0x00, 0x00, 0x8E, 0x35, 0x3B, 0x8E, 0x35, 0xFF, 0x8E, 0x35, 0xFF, 0x8E, 0x35, 0xFF, 0x8E, 0x35, 0xDF, 0x00, 0x00, 0x00, 0x00, 0x00, 0x00,
    0x00, 0x00, 0x00, 0x8E, 0x35, 0x78, 0x8E, 0x35, 0xF9, 0x8E, 0x35, 0xFF, 0x8E, 0x35, 0xFF, 0x8E, 0x35, 0xFF, 0x8E, 0x35, 0xFF, 0x8E, 0x35, 0xFF,
    0x8E, 0x35, 0xFF, 0x8E, 0x35, 0xFF, 0x8E, 0x35, 0xFF, 0x8E, 0x35, 0xDB, 0x00, 0x00, 0x00, 0x8E, 0x35, 0x18, 0x8E, 0x35, 0xF8, 0x8E, 0x35, 0xD1,
    0x8E, 0x35, 0xBC, 0x8E, 0x35, 0xAD, 0x8E, 0x35, 0xAB, 0x8E, 0x35, 0xAB, 0x8E, 0x35, 0xAB, 0x8E, 0x35, 0xFF, 0x8E, 0x35, 0xFF, 0x8E, 0x35, 0xFF,
    0x8E, 0x35, 0xFC, 0x8E, 0x35, 0xAB, 0x8E, 0x35, 0xAB, 0x8E, 0x35, 0xAB, 0x8E, 0x35, 0xAB, 0x8E, 0x35, 0xAB, 0x8E, 0x35, 0xAB, 0x8E, 0x35, 0x33,
    0x00, 0x00, 0x00, 0x00, 0x00, 0x00, 0x00, 0x00, 0x00, 0x00, 0x00, 0x00, 0x00, 0x00, 0x00, 0x00, 0x00, 0x00, 0x8E, 0x35, 0x8B, 0x8E, 0x35, 0xFF,
    0x8E, 0x35, 0xFF, 0x8E, 0x35, 0xFF, 0x8E, 0x35, 0xA7, 0x00, 0x00, 0x00, 0x00, 0x00, 0x00, 0x00, 0x00, 0x00, 0x00, 0x00, 0x00, 0x00, 0x00, 0x00,
    0x00, 0x00, 0x00, 0x00, 0x00, 0x00, 0x00, 0x00, 0x00, 0x00, 0x00, 0x00, 0x00, 0x00, 0x00, 0x00, 0x00, 0x00, 0x00, 0x00, 0x00, 0x00, 0x00, 0x00,
    0x00, 0x00, 0x00, 0x00, 0x00, 0x00, 0x00, 0x00, 0x00, 0x00, 0x00, 0x00, 0x00, 0x00, 0x00, 0x00, 0x00, 0x00, 0x00, 0x00, 0x00, 0x00, 0x00, 0x00,
    0x00, 0x00, 0x00, 0x00, 0x00, 0x00, 0x00, 0x00, 0x00, 0x00, 0x00, 0x00, 0x00, 0x00, 0x00, 0x00, 0x00, 0x00, 0x00, 0x00, 0x00, 0x00, 0x00, 0x00,
    0x00, 0x00, 0x00, 0x8E, 0x35, 0x87, 0x8E, 0x35, 0xFF, 0x8E, 0x35, 0xFF, 0x8E, 0x35, 0xFF, 0x8E, 0x35, 0xFF, 0x8E, 0x35, 0xFF, 0x8E, 0x35, 0xFF,
    0x8E, 0x35, 0xFF, 0x8E, 0x35, 0xFF, 0x8E, 0x35, 0xFF, 0x8E, 0x35, 0xFF, 0x8E, 0x35, 0xFF, 0x8E, 0x35, 0xFF, 0x8E, 0x35, 0xFF, 0x8E, 0x35, 0xFF,
    0x8E, 0x35, 0xFF, 0x8E, 0x35, 0xFF, 0x8E, 0x35, 0xFF, 0x8E, 0x35, 0xFF, 0x8E, 0x35, 0xFF, 0x8E, 0x35, 0xFF, 0x8E, 0x35, 0xFF, 0x8E, 0x35, 0xFF,
    0x8E, 0x35, 0xA7, 0x00, 0x00, 0x00, 0x00, 0x00, 0x00, 0x00, 0x00, 0x00, 0x00, 0x00, 0x00, 0x00, 0x00, 0x00, 0x00, 0x00, 0x00, 0x00, 0x00, 0x00,
    0x00, 0x00, 0x00, 0x00, 0x00, 0x00, 0x8E, 0x35, 0x57, 0x8E, 0x35, 0xFF, 0x8E, 0x35, 0xFF, 0x8E, 0x35, 0xFF, 0x8E, 0x35, 0x5B, 0x00, 0x00, 0x00,
    0x8E, 0x35, 0xA3, 0x8E, 0x35, 0xFF, 0x8E, 0x35, 0xFF, 0x8E, 0x35, 0xE3, 0x8E, 0x35, 0x33, 0x8E, 0x35, 0x33, 0x8E, 0x35, 0x33, 0x8E, 0x35, 0x33,
    0x8E, 0x35, 0x33, 0x8E, 0x35, 0x33, 0x8E, 0x35, 0x33, 0x8E, 0x35, 0x33, 0x8E, 0x35, 0x33, 0x8E, 0x35, 0x33, 0x8E, 0x35, 0x33, 0x8E, 0x35, 0x33,
    0x8E, 0x35, 0x33, 0x8E, 0x35, 0x33, 0x8E, 0x35, 0x33, 0x8E, 0x35, 0xD9, 0x8E, 0x35, 0xFF, 0x8E, 0x35, 0xFF, 0x8E, 0x35, 0xD3, 0x00, 0x00, 0x00,
    0x00, 0x00, 0x00, 0x00, 0x00, 0x00, 0x00, 0x00, 0x00, 0x00, 0x00, 0x00, 0x00, 0x00, 0x00, 0x00, 0x00, 0x00, 0x00, 0x00, 0x00, 0x00, 0x00, 0x00,
    0x00, 0x00, 0x00, 0x8E, 0x35, 0xEF, 0x8E, 0x35, 0xFF, 0x8E, 0x35, 0xFF, 0x8E, 0x35, 0xF7, 0x00, 0x00, 0x00, 0x00, 0x00, 0x00, 0x00, 0x00, 0x00,
    0x00, 0x00, 0x00, 0x8E, 0x35, 0x78, 0x8E, 0x35, 0xFF, 0x8E, 0x35, 0xFF, 0x8E, 0x35, 0xFF, 0x8E, 0x35, 0xAB, 0x00, 0x00, 0x00, 0x00, 0x00, 0x00,
    0x8E, 0x35, 0x07, 0x8E, 0x35, 0xFF, 0x8E, 0x35, 0xFF, 0x8E, 0x35, 0xFF, 0x8E, 0x35, 0xBB, 0x00, 0x00, 0x00, 0x00, 0x00, 0x00, 0x8E, 0x35, 0x3B,
    0x8E, 0x35, 0xFF, 0x8E, 0x35, 0xFF, 0x8E, 0x35, 0xFF, 0x8E, 0x35, 0xDF, 0x00, 0x00, 0x00, 0x00, 0x00, 0x00, 0x00, 0x00, 0x00, 0x8E, 0x35, 0x9C,
    0x8E, 0x35, 0xFF, 0x8E, 0x35, 0xFF, 0x8E, 0x35, 0xFF, 0x8E, 0x35, 0xFF, 0x8E, 0x35, 0xFF, 0x8E, 0x35, 0xFF, 0x8E, 0x35, 0xFF, 0x8E, 0x35, 0xFF,
    0x8E, 0x35, 0xF9, 0x8E, 0x35, 0xB2, 0x00, 0x00, 0x00, 0x00, 0x00, 0x00, 0x8E, 0x35, 0x0E, 0x00, 0x00, 0x00, 0x00, 0x00, 0x00, 0x00, 0x00, 0x00,
    0x00, 0x00, 0x00, 0x00, 0x00, 0x00, 0x00, 0x00, 0x00, 0x8E, 0x35, 0xFF, 0x8E, 0x35, 0xFF, 0x8E, 0x35, 0xFF, 0x8E, 0x35, 0xF3, 0x00, 0x00, 0x00,
    0x00, 0x00, 0x00, 0x00, 0x00, 0x00, 0x00, 0x00, 0x00, 0x00, 0x00, 0x00, 0x00, 0x00, 0x00, 0x00, 0x00, 0x00, 0x00, 0x00, 0x00, 0x00, 0x00, 0x00,
    0x00, 0x00, 0x00, 0x00, 0x00, 0x00, 0x00, 0x00, 0x00, 0x00, 0x00, 0x00, 0x8E, 0x35, 0x8B, 0x8E, 0x35, 0xFF, 0x8E, 0x35, 0xFF, 0x8E, 0x35, 0xFF,
    0x8E, 0x35, 0xA7, 0x00, 0x00, 0x00, 0x00, 0x00, 0x00, 0x00, 0x00, 0x00, 0x00, 0x00, 0x00, 0x00, 0x00, 0x00, 0x00, 0x00, 0x00, 0x00, 0x00, 0x00,
    0x00, 0x00, 0x00, 0x00, 0x00, 0x00, 0x00, 0x00, 0x00, 0x00, 0x00, 0x00, 0x00, 0x00, 0x00, 0x00, 0x00, 0x00, 0x00, 0x00, 0x00, 0x00, 0x00, 0x00,
    0x00, 0x00, 0x00, 0x00, 0x00, 0x00, 0x00, 0x00, 0x00, 0x00, 0x00, 0x00, 0x00, 0x00, 0x00, 0x00, 0x00, 0x00, 0x00, 0x00, 0x00, 0x00, 0x00, 0x00,
    0x00, 0x00, 0x00, 0x00, 0x00, 0x00, 0x00, 0x00, 0x00, 0x00, 0x00, 0x00, 0x00, 0x00, 0x00, 0x00, 0x00, 0x00, 0x00, 0x00, 0x00, 0x8E, 0x35, 0x87,
    0x8E, 0x35, 0xFF, 0x8E, 0x35, 0xFF, 0x8E, 0x35, 0xFF, 0x8E, 0x35, 0xFF, 0x8E, 0x35, 0xFF, 0x8E, 0x35, 0xFF, 0x8E, 0x35, 0xFF, 0x8E, 0x35, 0xFF,
    0x8E, 0x35, 0xFF, 0x8E, 0x35, 0xFF, 0x8E, 0x35, 0xFF, 0x8E, 0x35, 0xFF, 0x8E, 0x35, 0xFF, 0x8E, 0x35, 0xFF, 0x8E, 0x35, 0xFF, 0x8E, 0x35, 0xFF,
    0x8E, 0x35, 0xFF, 0x8E, 0x35, 0xFF, 0x8E, 0x35, 0xFF, 0x8E, 0x35, 0xFF, 0x8E, 0x35, 0xFF, 0x8E, 0x35, 0xFF, 0x8E, 0x35, 0xA7, 0x00, 0x00, 0x00,
    0x00, 0x00, 0x00, 0x00, 0x00, 0x00, 0x00, 0x00, 0x00, 0x00, 0x00, 0x00, 0x00, 0x00, 0x00, 0x00, 0x00, 0x00, 0x00, 0x00, 0x00, 0x00, 0x00, 0x00,
    0x8E, 0x35, 0x57, 0x8E, 0x35, 0xFF, 0x8E, 0x35, 0xFF, 0x8E, 0x35, 0xFF, 0x8E, 0x35, 0x5B, 0x00, 0x00, 0x00, 0x8E, 0x35, 0xA3, 0x8E, 0x35, 0xFF,
    0x8E, 0x35, 0xFF, 0x8E, 0x35, 0xDB, 0x00, 0x00, 0x00, 0x00, 0x00, 0x00, 0x00, 0x00, 0x00, 0x00, 0x00, 0x00, 0x00, 0x00, 0x00, 0x00, 0x00, 0x00,
    0x00, 0x00, 0x00, 0x00, 0x00, 0x00, 0x00, 0x00, 0x00, 0x00, 0x00, 0x00, 0x00, 0x00, 0x00, 0x00, 0x00, 0x00, 0x00, 0x00, 0x00, 0x00, 0x00, 0x00,
    0x00, 0x00, 0x00, 0x8E, 0x35, 0xCF, 0x8E, 0x35, 0xFF, 0x8E, 0x35, 0xFF, 0x8E, 0x35, 0xD3, 0x00, 0x00, 0x00, 0x00, 0x00, 0x00, 0x00, 0x00, 0x00,
    0x00, 0x00, 0x00, 0x00, 0x00, 0x00, 0x00, 0x00, 0x00, 0x00, 0x00, 0x00, 0x00, 0x00, 0x00, 0x00, 0x00, 0x00, 0x00, 0x00, 0x00, 0x8E, 0x35, 0xEF,
    0x8E, 0x35, 0xFF, 0x8E, 0x35, 0xFF, 0x8E, 0x35, 0xF7, 0x00, 0x00, 0x00, 0x8E, 0x35, 0x34, 0x8E, 0x35, 0x75, 0x00, 0x00, 0x00, 0x8E, 0x35, 0x9A,
    0x8E, 0x35, 0xFF, 0x8E, 0x35, 0xFF, 0x8E, 0x35, 0xFF, 0x8E, 0x35, 0x93, 0x00, 0x00, 0x00, 0x00, 0x00, 0x00, 0x8E, 0x35, 0x07, 0x8E, 0x35, 0xFF,
    0x8E, 0x35, 0xFF, 0x8E, 0x35, 0xFF, 0x8E, 0x35, 0xBB, 0x00, 0x00, 0x00, 0x00, 0x00, 0x00, 0x8E, 0x35, 0x3B, 0x8E, 0x35, 0xFF, 0x8E, 0x35, 0xFF,
    0x8E, 0x35, 0xFF, 0x8E, 0x35, 0xDF, 0x00, 0x00, 0x00, 0x00, 0x00, 0x00, 0x00, 0x00, 0x00, 0x8E, 0x35, 0x40, 0x8E, 0x35, 0xFF, 0x8E, 0x35, 0xFF,
    0x8E, 0x35, 0xFF, 0x8E, 0x35, 0xFF, 0x8E, 0x35, 0xEF, 0x8E, 0x35, 0xB2, 0x8E, 0x35, 0x76, 0x8E, 0x35, 0x3A, 0x8E, 0x35, 0x07, 0x00, 0x00, 0x00,
    0x00, 0x00, 0x00, 0x00, 0x00, 0x00, 0x00, 0x00, 0x00, 0x8E, 0x35, 0xAB, 0x8E, 0x35, 0x9C, 0x8E, 0x35, 0x52, 0x8E, 0x35, 0x0E, 0x00, 0x00, 0x00,
    0x00, 0x00, 0x00, 0x8E, 0x35, 0xFF, 0x8E, 0x35, 0xFF, 0x8E, 0x35, 0xFF, 0x8E, 0x35, 0xF3, 0x00, 0x00, 0x00, 0x00, 0x00, 0x00, 0x8E, 0x35, 0x15,
    0x8E, 0x35, 0x83, 0x8E, 0x35, 0x62, 0x00, 0x00, 0x00, 0x00, 0x00, 0x00, 0x00, 0x00, 0x00, 0x00, 0x00, 0x00, 0x00, 0x00, 0x00, 0x00, 0x00, 0x00,
    0x00, 0x00, 0x00, 0x00, 0x00, 0x00, 0x8E, 0x35, 0x8B, 0x8E, 0x35, 0xFF, 0x8E, 0x35, 0xFF, 0x8E, 0x35, 0xFF, 0x8E, 0x35, 0xA7, 0x00, 0x00, 0x00,
    0x00, 0x00, 0x00, 0x00, 0x00, 0x00, 0x00, 0x00, 0x00, 0x00, 0x00, 0x00, 0x00, 0x00, 0x00, 0x00, 0x00, 0x00, 0x00, 0x00, 0x00, 0x00, 0x00, 0x00,
    0x00, 0x00, 0x00, 0x00, 0x00, 0x00, 0x00, 0x00, 0x00, 0x00, 0x00, 0x00, 0x00, 0x00, 0x00, 0x00, 0x00, 0x00, 0x00, 0x00, 0x00, 0x00, 0x00, 0x00,
    0x00, 0x00, 0x00, 0x00, 0x00, 0x00, 0x8E, 0x35, 0x4C, 0x8E, 0x35, 0xA4, 0x8E, 0x35, 0x28, 0x00, 0x00, 0x00, 0x00, 0x00, 0x00, 0x00, 0x00, 0x00,
    0x00, 0x00, 0x00, 0x00, 0x00, 0x00, 0x00, 0x00, 0x00, 0x00, 0x00, 0x00, 0x00, 0x00, 0x00, 0x8E, 0x35, 0x87, 0x8E, 0x35, 0xFF, 0x8E, 0x35, 0xFF,
    0x8E, 0x35, 0xFF, 0x8E, 0x35, 0xFF, 0x8E, 0x35, 0xFF, 0x8E, 0x35, 0xFF, 0x8E, 0x35, 0xFF, 0x8E, 0x35, 0xFF, 0x8E, 0x35, 0xFF, 0x8E, 0x35, 0xFF,
    0x8E, 0x35, 0xFF, 0x8E, 0x35, 0xFF, 0x8E, 0x35, 0xFF, 0x8E, 0x35, 0xFF, 0x8E, 0x35, 0xFF, 0x8E, 0x35, 0xFF, 0x8E, 0x35, 0xFF, 0x8E, 0x35, 0xFF,
    0x8E, 0x35, 0xFF, 0x8E, 0x35, 0xFF, 0x8E, 0x35, 0xFF, 0x8E, 0x35, 0xFF, 0x8E, 0x35, 0xA7, 0x00, 0x00, 0x00, 0x00, 0x00, 0x00, 0x00, 0x00, 0x00,
    0x00, 0x00, 0x00, 0x00, 0x00, 0x00, 0x00, 0x00, 0x00, 0x00, 0x00, 0x00, 0x00, 0x00, 0x00, 0x00, 0x00, 0x00, 0x8E, 0x35, 0x57, 0x8E, 0x35, 0xFF,
    0x8E, 0x35, 0xFF, 0x8E, 0x35, 0xFF, 0x8E, 0x35, 0x5B, 0x00, 0x00, 0x00, 0x8E, 0x35, 0xA3, 0x8E, 0x35, 0xFF, 0x8E, 0x35, 0xFF, 0x8E, 0x35, 0xFF,
    0x8E, 0x35, 0xFF, 0x8E, 0x35, 0xFF, 0x8E, 0x35, 0xFF, 0x8E, 0x35, 0xFF, 0x8E, 0x35, 0xFF, 0x8E, 0x35, 0xFF, 0x8E, 0x35, 0xFF, 0x8E, 0x35, 0xFF,
    0x8E, 0x35, 0xFF, 0x8E, 0x35, 0xFF, 0x8E, 0x35, 0xFF, 0x8E, 0x35, 0xFF, 0x8E, 0x35, 0xFF, 0x8E, 0x35, 0xFF, 0x8E, 0x35, 0xFF, 0x8E, 0x35, 0xFF,
    0x8E, 0x35, 0xFF, 0x8E, 0x35, 0xFF, 0x8E, 0x35, 0xD3, 0x00, 0x00, 0x00, 0x00, 0x00, 0x00, 0x00, 0x00, 0x00, 0x00, 0x00, 0x00, 0x00, 0x00, 0x00,
    0x00, 0x00, 0x00, 0x00, 0x00, 0x00, 0x00, 0x00, 0x00, 0x00, 0x00, 0x00, 0x00, 0x00, 0x00, 0x8E, 0x35, 0xEF, 0x8E, 0x35, 0xFF, 0x8E, 0x35, 0xFF,
    0x8E, 0x35, 0xF7, 0x8E, 0x35, 0x43, 0x8E, 0x35, 0xF2, 0x8E, 0x35, 0xE6, 0x8E, 0x35, 0x03, 0x8E, 0x35, 0xCE, 0x8E, 0x35, 0xFF, 0x8E, 0x35, 0xFF,
    0x8E, 0x35, 0xFF, 0x8E, 0x35, 0x7B, 0x00, 0x00, 0x00, 0x00, 0x00, 0x00, 0x8E, 0x35, 0x07, 0x8E, 0x35, 0xFF, 0x8E, 0x35, 0xFF, 0x8E, 0x35, 0xFF,
    0x8E, 0x35, 0xBB, 0x00, 0x00, 0x00, 0x00, 0x00, 0x00, 0x8E, 0x35, 0x3B, 0x8E, 0x35, 0xFF, 0x8E, 0x35, 0xFF, 0x8E, 0x35, 0xFF, 0x8E, 0x35, 0xDF,
    0x00, 0x00, 0x00, 0x00, 0x00, 0x00, 0x00, 0x00, 0x00, 0x8E, 0x35, 0x02, 0x8E, 0x35, 0xE9, 0x8E, 0x35, 0xCD, 0x8E, 0x35, 0x7B, 0x8E, 0x35, 0x34,
    0x8E, 0x35, 0x02, 0x00, 0x00, 0x00, 0x00, 0x00, 0x00, 0x00, 0x00, 0x00, 0x8E, 0x35, 0x03, 0x8E, 0x35, 0x09, 0x00, 0x00, 0x00, 0x00, 0x00, 0x00,
    0x8E, 0x35, 0x33, 0x8E, 0x35, 0xFF, 0x8E, 0x35, 0xFF, 0x8E, 0x35, 0xFF, 0x8E, 0x35, 0xDF, 0x8E, 0x35, 0x04, 0x00, 0x00, 0x00, 0x8E, 0x35, 0xFF,
    0x8E, 0x35, 0xFF, 0x8E, 0x35, 0xFF, 0x8E, 0x35, 0xF3, 0x00, 0x00, 0x00, 0x8E, 0x35, 0x89, 0x8E, 0x35, 0xF6, 0x8E, 0x35, 0xFF, 0x8E, 0x35, 0xE9,
    0x8E, 0x35, 0x0B, 0x00, 0x00, 0x00, 0x00, 0x00, 0x00, 0x00, 0x00, 0x00, 0x00, 0x00, 0x00, 0x00, 0x00, 0x00, 0x00, 0x00, 0x00, 0x00, 0x00, 0x00,
    0x8E, 0x35, 0x8B, 0x8E, 0x35, 0xFF, 0x8E, 0x35, 0xFF, 0x8E, 0x35, 0xFF, 0x8E, 0x35, 0xA7, 0x00, 0x00, 0x00, 0x00, 0x00, 0x00, 0x00, 0x00, 0x00,
    0x00, 0x00, 0x00, 0x00, 0x00, 0x00, 0x00, 0x00, 0x00, 0x00, 0x00, 0x00, 0x00, 0x00, 0x00, 0x00, 0x00, 0x00, 0x00, 0x00, 0x00, 0x00, 0x00, 0x00,
    0x00, 0x00, 0x00, 0x00, 0x00, 0x00, 0x00, 0x00, 0x00, 0x00, 0x00, 0x00, 0x00, 0x00, 0x00, 0x00, 0x00, 0x00, 0x00, 0x00, 0x00, 0x00, 0x00, 0x00,
    0x8E, 0x35, 0x6C, 0x8E, 0x35, 0xFF, 0x8E, 0x35, 0xFE, 0x8E, 0x35, 0xCA, 0x8E, 0x35, 0x6C, 0x00, 0x00, 0x00, 0x00, 0x00, 0x00, 0x00, 0x00, 0x00,
    0x00, 0x00, 0x00, 0x00, 0x00, 0x00, 0x00, 0x00, 0x00, 0x8E, 0x35, 0x87, 0x8E, 0x35, 0xFF, 0x8E, 0x35, 0xFF, 0x8E, 0x35, 0xFF, 0x8E, 0x35, 0x57,
    0x00, 0x00, 0x00, 0x00, 0x00, 0x00, 0x00, 0x00, 0x00, 0x00, 0x00, 0x00, 0x00, 0x00, 0x00, 0x00, 0x00, 0x00, 0x00, 0x00, 0x00, 0x00, 0x00, 0x00,
    0x00, 0x00, 0x00, 0x00, 0x00, 0x00, 0x00, 0x00, 0x00, 0x00, 0x00, 0x00, 0x00, 0x00, 0x00, 0x00, 0x00, 0x00, 0x8E, 0x35, 0x63, 0x8E, 0x35, 0xFF,
    0x8E, 0x35, 0xFF, 0x8E, 0x35, 0xFF, 0x8E, 0x35, 0xA7, 0x00, 0x00, 0x00, 0x00, 0x00, 0x00, 0x00, 0x00, 0x00, 0x00, 0x00, 0x00, 0x00, 0x00, 0x00,
    0x00, 0x00, 0x00, 0x00, 0x00, 0x00, 0x00, 0x00, 0x00, 0x00, 0x00, 0x00, 0x8E, 0x35, 0x57, 0x8E, 0x35, 0xFF, 0x8E, 0x35, 0xFF, 0x8E, 0x35, 0xFF,
    0x8E, 0x35, 0x5B, 0x00, 0x00, 0x00, 0x8E, 0x35, 0x26, 0x8E, 0x35, 0x3B, 0x8E, 0x35, 0x3B, 0x8E, 0x35, 0x57, 0x8E, 0x35, 0xFF, 0x8E, 0x35, 0xFF,
    0x8E, 0x35, 0xFF, 0x8E, 0x35, 0xFF, 0x8E, 0x35, 0xFF, 0x8E, 0x35, 0xFF, 0x8E, 0x35, 0xFF, 0x8E, 0x35, 0xFF, 0x8E, 0x35, 0xFF, 0x8E, 0x35, 0xFF,
    0x8E, 0x35, 0xFF, 0x8E, 0x35, 0xFF, 0x8E, 0x35, 0xFF, 0x8E, 0x35, 0xFF, 0x8E, 0x35, 0xFF, 0x8E, 0x35, 0x69, 0x8E, 0x35, 0x3B, 0x8E, 0x35, 0x3B,
    0x8E, 0x35, 0x31, 0x00, 0x00, 0x00, 0x00, 0x00, 0x00, 0x00, 0x00, 0x00, 0x00, 0x00, 0x00, 0x00, 0x00, 0x00, 0x00, 0x00, 0x00, 0x00, 0x00, 0x00,
    0x00, 0x00, 0x00, 0x00, 0x00, 0x00, 0x00, 0x00, 0x00, 0x8E, 0x35, 0xEF, 0x8E, 0x35, 0xFF, 0x8E, 0x35, 0xFF, 0x8E, 0x35, 0xFE, 0x8E, 0x35, 0xF9,
    0x8E, 0x35, 0xFF, 0x8E, 0x35, 0xFF, 0x8E, 0x35, 0x64, 0x8E, 0x35, 0xFB, 0x8E, 0x35, 0xFF, 0x8E, 0x35, 0xFF, 0x8E, 0x35, 0xFF, 0x8E, 0x35, 0x4D,
    0x00, 0x00, 0x00, 0x00, 0x00, 0x00, 0x8E, 0x35, 0x07, 0x8E, 0x35, 0xFF, 0x8E, 0x35, 0xFF, 0x8E, 0x35, 0xFF, 0x8E, 0x35, 0xBB, 0x00, 0x00, 0x00,
    0x00, 0x00, 0x00, 0x8E, 0x35, 0x3B, 0x8E, 0x35, 0xFF, 0x8E, 0x35, 0xFF, 0x8E, 0x35, 0xFF, 0x8E, 0x35, 0xDF, 0x00, 0x00, 0x00, 0x00, 0x00, 0x00,
    0x00, 0x00, 0x00, 0x00, 0x00, 0x00, 0x8E, 0x35, 0x1F, 0x00, 0x00, 0x00, 0x00, 0x00, 0x00, 0x00, 0x00, 0x00, 0x00, 0x00, 0x00, 0x00, 0x00, 0x00,
    0x8E, 0x35, 0x2D, 0x8E, 0x35, 0x8C, 0x8E, 0x35, 0xE7, 0x8E, 0x35, 0x5D, 0x00, 0x00, 0x00, 0x00, 0x00, 0x00, 0x8E, 0x35, 0xB4, 0x8E, 0x35, 0xFF,
    0x8E, 0x35, 0xFF, 0x8E, 0x35, 0xFF, 0x8E, 0x35, 0x62, 0x00, 0x00, 0x00, 0x00, 0x00, 0x00, 0x8E, 0x35, 0xFF, 0x8E, 0x35, 0xFF, 0x8E, 0x35, 0xFF,
    0x8E, 0x35, 0xF3, 0x00, 0x00, 0x00, 0x8E, 0x35, 0x8D, 0x8E, 0x35, 0xFF, 0x8E, 0x35, 0xFF, 0x8E, 0x35, 0xFF, 0x8E, 0x35, 0x7C, 0x00, 0x00, 0x00,
    0x00, 0x00, 0x00, 0x00, 0x00, 0x00, 0x00, 0x00, 0x00, 0x00, 0x00, 0x00, 0x00, 0x00, 0x00, 0x00, 0x00, 0x00, 0x8E, 0x35, 0x8B, 0x8E, 0x35, 0xFF,
    0x8E, 0x35, 0xFF, 0x8E, 0x35, 0xFF, 0x8E, 0x35, 0xA7, 0x00, 0x00, 0x00, 0x00, 0x00, 0x00, 0x00, 0x00, 0x00, 0x00, 0x00, 0x00, 0x00, 0x00, 0x00,
    0x00, 0x00, 0x00, 0x00, 0x00, 0x00, 0x00, 0x00, 0x00, 0x00, 0x00, 0x00, 0x00, 0x00, 0x00, 0x00, 0x00, 0x00, 0x00, 0x00, 0x00, 0x00, 0x00, 0x00,
    0x00, 0x00, 0x00, 0x00, 0x00, 0x00, 0x00, 0x00, 0x00, 0x00, 0x00, 0x00, 0x00, 0x00, 0x00, 0x00, 0x00, 0x00, 0x8E, 0x35, 0x94, 0x8E, 0x35, 0xFF,
    0x8E, 0x35, 0xFF, 0x8E, 0x35, 0xFF, 0x8E, 0x35, 0xB9, 0x00, 0x00, 0x00, 0x00, 0x00, 0x00, 0x00, 0x00, 0x00, 0x00, 0x00, 0x00, 0x00, 0x00, 0x00,
    0x00, 0x00, 0x00, 0x8E, 0x35, 0x87, 0x8E, 0x35, 0xFF, 0x8E, 0x35, 0xFF, 0x8E, 0x35, 0xFF, 0x8E, 0x35, 0x57, 0x00, 0x00, 0x00, 0x00, 0x00, 0x00,
    0x00, 0x00, 0x00, 0x00, 0x00, 0x00, 0x00, 0x00, 0x00, 0x00, 0x00, 0x00, 0x00, 0x00, 0x00, 0x00, 0x00, 0x00, 0x00, 0x00, 0x00, 0x00, 0x00, 0x00,
    0x00, 0x00, 0x00, 0x00, 0x00, 0x00, 0x00, 0x00, 0x00, 0x00, 0x00, 0x00, 0x8E, 0x35, 0x63, 0x8E, 0x35, 0xFF, 0x8E, 0x35, 0xFF, 0x8E, 0x35, 0xFF,
    0x8E, 0x35, 0xA7, 0x00, 0x00, 0x00, 0x00, 0x00, 0x00, 0x00, 0x00, 0x00, 0x00, 0x00, 0x00, 0x00, 0x00, 0x00, 0x00, 0x00, 0x00, 0x00, 0x00, 0x00,
    0x00, 0x00, 0x00, 0x00, 0x00, 0x00, 0x8E, 0x35, 0x57, 0x8E, 0x35, 0xFF, 0x8E, 0x35, 0xFF, 0x8E, 0x35, 0xFF, 0x8E, 0x35, 0x5B, 0x00, 0x00, 0x00,
    0x00, 0x00, 0x00, 0x00, 0x00, 0x00, 0x00, 0x00, 0x00, 0x8E, 0x35, 0x23, 0x8E, 0x35, 0xFF, 0x8E, 0x35, 0xFF, 0x8E, 0x35, 0xFF, 0x8E, 0x35, 0xFF,
    0x8E, 0x35, 0xFF, 0x8E, 0x35, 0xFF, 0x8E, 0x35, 0xFF, 0x8E, 0x35, 0xFF, 0x8E, 0x35, 0xFF, 0x8E, 0x35, 0xFF, 0x8E, 0x35, 0xFF, 0x8E, 0x35, 0xFF,
    0x8E, 0x35, 0xFF, 0x8E, 0x35, 0xFF, 0x8E, 0x35, 0xFF, 0x8E, 0x35, 0x3B, 0x00, 0x00, 0x00, 0x00, 0x00, 0x00, 0x00, 0x00, 0x00, 0x00, 0x00, 0x00,
    0x00, 0x00, 0x00, 0x00, 0x00, 0x00, 0x00, 0x00, 0x00, 0x00, 0x00, 0x00, 0x00, 0x00, 0x00, 0x00, 0x00, 0x00, 0x00, 0x00, 0x00, 0x00, 0x00, 0x00,
    0x00, 0x00, 0x00, 0x8E, 0x35, 0xEF, 0x8E, 0x35, 0xFF, 0x8E, 0x35, 0xFF, 0x8E, 0x35, 0xFF, 0x8E, 0x35, 0xFF, 0x8E, 0x35, 0xFF, 0x8E, 0x35, 0xFF,
    0x8E, 0x35, 0xF1, 0x8E, 0x35, 0xFF, 0x8E, 0x35, 0xFF, 0x8E, 0x35, 0xFF, 0x8E, 0x35, 0xFF, 0x8E, 0x35, 0x15, 0x00, 0x00, 0x00, 0x00, 0x00, 0x00,
    0x8E, 0x35, 0x07, 0x8E, 0x35, 0xFF, 0x8E, 0x35, 0xFF, 0x8E, 0x35, 0xFF, 0x8E, 0x35, 0xBB, 0x00, 0x00, 0x00, 0x00, 0x00, 0x00, 0x8E, 0x35, 0x3B,
    0x8E, 0x35, 0xFF, 0x8E, 0x35, 0xFF, 0x8E, 0x35, 0xFF, 0x8E, 0x35, 0xDF, 0x00, 0x00, 0x00, 0x00, 0x00, 0x00, 0x00, 0x00, 0x00, 0x00, 0x00, 0x00,
    0x00, 0x00, 0x00, 0x00, 0x00, 0x00, 0x00, 0x00, 0x00, 0x8E, 0x35, 0x15, 0x8E, 0x35, 0x6E, 0x8E, 0x35, 0xCD, 0x8E, 0x35, 0xFF, 0x8E, 0x35, 0xFF,
    0x8E, 0x35, 0xFF, 0x8E, 0x35, 0x95, 0x00, 0x00, 0x00, 0x8E, 0x35, 0x42, 0x8E, 0x35, 0xFF, 0x8E, 0x35, 0xFF, 0x8E, 0x35, 0xFF, 0x8E, 0x35, 0xD5,
    0x8E, 0x35, 0x03, 0x00, 0x00, 0x00, 0x00, 0x00, 0x00, 0x8E, 0x35, 0xFF, 0x8E, 0x35, 0xFF, 0x8E, 0x35, 0xFF, 0x8E, 0x35, 0xF3, 0x00, 0x00, 0x00,
    0x8E, 0x35, 0x18, 0x8E, 0x35, 0xF7, 0x8E, 0x35, 0xFF, 0x8E, 0x35, 0xFF, 0x8E, 0x35, 0xF1, 0x8E, 0x35, 0x14, 0x00, 0x00, 0x00, 0x00, 0x00, 0x00,
    0x00, 0x00, 0x00, 0x00, 0x00, 0x00, 0x00, 0x00, 0x00, 0x00, 0x00, 0x00, 0x8E, 0x35, 0x8A, 0x8E, 0x35, 0xFF, 0x8E, 0x35, 0xFF, 0x8E, 0x35, 0xFF,
    0x8E, 0x35, 0xAB, 0x00, 0x00, 0x00, 0x00, 0x00, 0x00, 0x00, 0x00, 0x00, 0x00, 0x00, 0x00, 0x00, 0x00, 0x00, 0x00, 0x00, 0x00, 0x00, 0x00, 0x00,
    0x00, 0x00, 0x00, 0x00, 0x00, 0x00, 0x00, 0x00, 0x00, 0x00, 0x00, 0x00, 0x00, 0x00, 0x00, 0x00, 0x00, 0x00, 0x00, 0x00, 0x00, 0x00, 0x00, 0x00,
    0x00, 0x00, 0x00, 0x00, 0x00, 0x00, 0x00, 0x00, 0x00, 0x00, 0x00, 0x00, 0x8E, 0x35, 0xCC, 0x8E, 0x35, 0xFF, 0x8E, 0x35, 0xFF, 0x8E, 0x35, 0xFF,
    0x8E, 0x35, 0x94, 0x00, 0x00, 0x00, 0x00, 0x00, 0x00, 0x00, 0x00, 0x00, 0x00, 0x00, 0x00, 0x00, 0x00, 0x00, 0x00, 0x00, 0x00, 0x8E, 0x35, 0x87,
    0x8E, 0x35, 0xFF, 0x8E, 0x35, 0xFF, 0x8E, 0x35, 0xFF, 0x8E, 0x35, 0xFF, 0x8E, 0x35, 0xFF, 0x8E, 0x35, 0xFF, 0x8E, 0x35, 0xFF, 0x8E, 0x35, 0xFF,
    0x8E, 0x35, 0xFF, 0x8E, 0x35, 0xFF, 0x8E, 0x35, 0xFF, 0x8E, 0x35, 0xFF, 0x8E, 0x35, 0xFF, 0x8E, 0x35, 0xFF, 0x8E, 0x35, 0xFF, 0x8E, 0x35, 0xFF,
    0x8E, 0x35, 0xFF, 0x8E, 0x35, 0xFF, 0x8E, 0x35, 0xFF, 0x8E, 0x35, 0xFF, 0x8E, 0x35, 0xFF, 0x8E, 0x35, 0xFF, 0x8E, 0x35, 0xA7, 0x00, 0x00, 0x00,
    0x00, 0x00, 0x00, 0x00, 0x00, 0x00, 0x00, 0x00, 0x00, 0x00, 0x00, 0x00, 0x00, 0x00, 0x00, 0x00, 0x00, 0x00, 0x00, 0x00, 0x00, 0x00, 0x00, 0x00,
    0x8E, 0x35, 0x57, 0x8E, 0x35, 0xFF, 0x8E, 0x35, 0xFF, 0x8E, 0x35, 0xFF, 0x8E, 0x35, 0x5B, 0x00, 0x00, 0x00, 0x00, 0x00, 0x00, 0x00, 0x00, 0x00,
    0x00, 0x00, 0x00, 0x8E, 0x35, 0x0D, 0x8E, 0x35, 0x5F, 0x8E, 0x35, 0x5F, 0x8E, 0x35, 0x5F, 0x8E, 0x35, 0x5F, 0x8E, 0x35, 0x5F, 0x8E, 0x35, 0x87,
    0x8E, 0x35, 0xFF, 0x8E, 0x35, 0xFF, 0x8E, 0x35, 0xFF, 0x8E, 0x35, 0xE9, 0x8E, 0x35, 0x5F, 0x8E, 0x35, 0x5F, 0x8E, 0x35, 0x5F, 0x8E, 0x35, 0x5F,
    0x8E, 0x35, 0x5F, 0x8E, 0x35, 0x16, 0x00, 0x00, 0x00, 0x00, 0x00, 0x00, 0x00, 0x00, 0x00, 0x00, 0x00, 0x00, 0x00, 0x00, 0x00, 0x00, 0x00, 0x00,
    0x00, 0x00, 0x00, 0x00, 0x00, 0x00, 0x00, 0x00, 0x00, 0x00, 0x00, 0x00, 0x00, 0x00, 0x00, 0x00, 0x00, 0x00, 0x00, 0x00, 0x00, 0x8E, 0x35, 0xF7,
    0x8E, 0x35, 0xFF, 0x8E, 0x35, 0xFF, 0x8E, 0x35, 0xFF, 0x8E, 0x35, 0xFF, 0x8E, 0x35, 0xFF, 0x8E, 0x35, 0xE7, 0x8E, 0x35, 0xC1, 0x8E, 0x35, 0xFF,
    0x8E, 0x35, 0xFF, 0x8E, 0x35, 0xFF, 0x8E, 0x35, 0xDB, 0x00, 0x00, 0x00, 0x00, 0x00, 0x00, 0x00, 0x00, 0x00, 0x8E, 0x35, 0x07, 0x8E, 0x35, 0xFF,
    0x8E, 0x35, 0xFF, 0x8E, 0x35, 0xFF, 0x8E, 0x35, 0xBB, 0x00, 0x00, 0x00, 0x00, 0x00, 0x00, 0x8E, 0x35, 0x3B, 0x8E, 0x35, 0xFF, 0x8E, 0x35, 0xFF,
    0x8E, 0x35, 0xFF, 0x8E, 0x35, 0xDF, 0x00, 0x00, 0x00, 0x00, 0x00, 0x00, 0x00, 0x00, 0x00, 0x00, 0x00, 0x00, 0x8E, 0x35, 0x09, 0x8E, 0x35, 0x56,
    0x8E, 0x35, 0xB3, 0x8E, 0x35, 0xFB, 0x8E, 0x35, 0xFF, 0x8E, 0x35, 0xFF, 0x8E, 0x35, 0xFF, 0x8E, 0x35, 0xFF, 0x8E, 0x35, 0xFF, 0x8E, 0x35, 0xCA,
    0x8E, 0x35, 0x09, 0x8E, 0x35, 0xD8, 0x8E, 0x35, 0xFF, 0x8E, 0x35, 0xFF, 0x8E, 0x35, 0xFF, 0x8E, 0x35, 0x4D, 0x00, 0x00, 0x00, 0x00, 0x00, 0x00,
    0x00, 0x00, 0x00, 0x8E, 0x35, 0xFF, 0x8E, 0x35, 0xFF, 0x8E, 0x35, 0xFF, 0x8E, 0x35, 0xF3, 0x00, 0x00, 0x00, 0x00, 0x00, 0x00, 0x8E, 0x35, 0x92,
    0x8E, 0x35, 0xFF, 0x8E, 0x35, 0xFF, 0x8E, 0x35, 0xFF, 0x8E, 0x35, 0x8A, 0x00, 0x00, 0x00, 0x00, 0x00, 0x00, 0x00, 0x00, 0x00, 0x00, 0x00, 0x00,
    0x00, 0x00, 0x00, 0x00, 0x00, 0x00, 0x8E, 0x35, 0x7E, 0x8E, 0x35, 0xFF, 0x8E, 0x35, 0xFF, 0x8E, 0x35, 0xFF, 0x8E, 0x35, 0xC8, 0x00, 0x00, 0x00,
    0x00, 0x00, 0x00, 0x00, 0x00, 0x00, 0x00, 0x00, 0x00, 0x00, 0x00, 0x00, 0x00, 0x00, 0x00, 0x00, 0x00, 0x00, 0x00, 0x00, 0x00, 0x00, 0x00, 0x00,
    0x00, 0x00, 0x00, 0x00, 0x00, 0x00, 0x00, 0x00, 0x00, 0x00, 0x00, 0x00, 0x00, 0x00, 0x00, 0x00, 0x00, 0x00, 0x00, 0x00, 0x00, 0x00, 0x00, 0x00,
    0x00, 0x00, 0x00, 0x8E, 0x35, 0x2E, 0x8E, 0x35, 0xFE, 0x8E, 0x35, 0xFF, 0x8E, 0x35, 0xFF, 0x8E, 0x35, 0xFF, 0x8E, 0x35, 0x5F, 0x00, 0x00, 0x00,
    0x00, 0x00, 0x00, 0x00, 0x00, 0x00, 0x00, 0x00, 0x00, 0x00, 0x00, 0x00, 0x00, 0x00, 0x00, 0x8E, 0x35, 0x87, 0x8E, 0x35, 0xFF, 0x8E, 0x35, 0xFF,
    0x8E, 0x35, 0xFF, 0x8E, 0x35, 0xFF, 0x8E, 0x35, 0xFF, 0x8E, 0x35, 0xFF, 0x8E, 0x35, 0xFF, 0x8E, 0x35, 0xFF, 0x8E, 0x35, 0xFF, 0x8E, 0x35, 0xFF,
    0x8E, 0x35, 0xFF, 0x8E, 0x35, 0xFF, 0x8E, 0x35, 0xFF, 0x8E, 0x35, 0xFF, 0x8E, 0x35, 0xFF, 0x8E, 0x35, 0xFF, 0x8E, 0x35, 0xFF, 0x8E, 0x35, 0xFF,
    0x8E, 0x35, 0xFF, 0x8E, 0x35, 0xFF, 0x8E, 0x35, 0xFF, 0x8E, 0x35, 0xFF, 0x8E, 0x35, 0xA7, 0x00, 0x00, 0x00, 0x00, 0x00, 0x00, 0x00, 0x00, 0x00,
    0x00, 0x00, 0x00, 0x00, 0x00, 0x00, 0x00, 0x00, 0x00, 0x00, 0x00, 0x00, 0x00, 0x00, 0x00, 0x00, 0x00, 0x00, 0x8E, 0x35, 0x57, 0x8E, 0x35, 0xFF,
    0x8E, 0x35, 0xFF, 0x8E, 0x35, 0xFF, 0x8E, 0x35, 0x5B, 0x00, 0x00, 0x00, 0x00, 0x00, 0x00, 0x00, 0x00, 0x00, 0x00, 0x00, 0x00, 0x00, 0x00, 0x00,
    0x00, 0x00, 0x00, 0x00, 0x00, 0x00, 0x00, 0x00, 0x00, 0x00, 0x00, 0x00, 0x00, 0x00, 0x00, 0x8E, 0x35, 0x3F, 0x8E, 0x35, 0xFF, 0x8E, 0x35, 0xFF,
    0x8E, 0x35, 0xFF, 0x8E, 0x35, 0xDB, 0x00, 0x00, 0x00, 0x00, 0x00, 0x00, 0x00, 0x00, 0x00, 0x00, 0x00, 0x00, 0x00, 0x00, 0x00, 0x00, 0x00, 0x00,
    0x00, 0x00, 0x00, 0x00, 0x00, 0x00, 0x00, 0x00, 0x00, 0x00, 0x00, 0x00, 0x00, 0x00, 0x00, 0x00, 0x00, 0x00, 0x00, 0x00, 0x00, 0x00, 0x00, 0x00,
    0x00, 0x00, 0x00, 0x00, 0x00, 0x00, 0x00, 0x00, 0x00, 0x00, 0x00, 0x00, 0x8E, 0x35, 0x1A, 0x8E, 0x35, 0xFF, 0x8E, 0x35, 0xFF, 0x8E, 0x35, 0xFF,
    0x8E, 0x35, 0xFF, 0x8E, 0x35, 0xFF, 0x8E, 0x35, 0xE0, 0x8E, 0x35, 0x2B, 0x8E, 0x35, 0xED, 0x8E, 0x35, 0xFF, 0x8E, 0x35, 0xFF, 0x8E, 0x35, 0xFF,
    0x8E, 0x35, 0xA1, 0x00, 0x00, 0x00, 0x00, 0x00, 0x00, 0x00, 0x00, 0x00, 0x8E, 0x35, 0x07, 0x8E, 0x35, 0xFF, 0x8E, 0x35, 0xFF, 0x8E, 0x35, 0xFF,
    0x8E, 0x35, 0xBB, 0x00, 0x00, 0x00, 0x00, 0x00, 0x00, 0x8E, 0x35, 0x3B, 0x8E, 0x35, 0xFF, 0x8E, 0x35, 0xFF, 0x8E, 0x35, 0xFF, 0x8E, 0x35, 0xDF,
    0x00, 0x00, 0x00, 0x00, 0x00, 0x00, 0x00, 0x00, 0x00, 0x8E, 0x35, 0x8D, 0x8E, 0x35, 0xF2, 0x8E, 0x35, 0xFF, 0x8E, 0x35, 0xFF, 0x8E, 0x35, 0xFF,
    0x8E, 0x35, 0xFF, 0x8E, 0x35, 0xFF, 0x8E, 0x35, 0xFF, 0x8E, 0x35, 0xF5, 0x8E, 0x35, 0x91, 0x8E, 0x35, 0x1D, 0x8E, 0x35, 0x8F, 0x8E, 0x35, 0xFF,
    0x8E, 0x35, 0xFF, 0x8E, 0x35, 0xFF, 0x8E, 0x35, 0xC1, 0x00, 0x00, 0x00, 0x00, 0x00, 0x00, 0x00, 0x00, 0x00, 0x00, 0x00, 0x00, 0x8E, 0x35, 0xFF,
    0x8E, 0x35, 0xFF, 0x8E, 0x35, 0xFF, 0x8E, 0x35, 0xF3, 0x00, 0x00, 0x00, 0x00, 0x00, 0x00, 0x8E, 0x35, 0x1C, 0x8E, 0x35, 0xF9, 0x8E, 0x35, 0xFF,
    0x8E, 0x35, 0xFF, 0x8E, 0x35, 0xF4, 0x8E, 0x35, 0x15, 0x00, 0x00, 0x00, 0x00, 0x00, 0x00, 0x00, 0x00, 0x00, 0x00, 0x00, 0x00, 0x00, 0x00, 0x00,
    0x8E, 0x35, 0x66, 0x8E, 0x35, 0xFF, 0x8E, 0x35, 0xFF, 0x8E, 0x35, 0xFF, 0x8E, 0x35, 0xFF, 0x8E, 0x35, 0x7D, 0x8E, 0x35, 0x26, 0x8E, 0x35, 0x08,
    0x8E, 0x35, 0x01, 0x00, 0x00, 0x00, 0x00, 0x00, 0x00, 0x00, 0x00, 0x00, 0x00, 0x00, 0x00, 0x00, 0x00, 0x00, 0x00, 0x00, 0x00, 0x00, 0x00, 0x00,
    0x00, 0x00, 0x00, 0x00, 0x00, 0x00, 0x00, 0x00, 0x00, 0x00, 0x00, 0x00, 0x8E, 0x35, 0x03, 0x8E, 0x35, 0x13, 0x8E, 0x35, 0x5C, 0x8E, 0x35, 0xEB,
    0x8E, 0x35, 0xFF, 0x8E, 0x35, 0xFF, 0x8E, 0x35, 0xFF, 0x8E, 0x35, 0xFF, 0x8E, 0x35, 0x20, 0x00, 0x00, 0x00, 0x00, 0x00, 0x00, 0x00, 0x00, 0x00,
    0x00, 0x00, 0x00, 0x00, 0x00, 0x00, 0x00, 0x00, 0x00, 0x8E, 0x35, 0x87, 0x8E, 0x35, 0xFF, 0x8E, 0x35, 0xFF, 0x8E, 0x35, 0xFF, 0x8E, 0x35, 0xD3,
    0x8E, 0x35, 0xBB, 0x8E, 0x35, 0xBB, 0x8E, 0x35, 0xBB, 0x8E, 0x35, 0xBB, 0x8E, 0x35, 0xBB, 0x8E, 0x35, 0xBB, 0x8E, 0x35, 0xBB, 0x8E, 0x35, 0xBB,
    0x8E, 0x35, 0xBB, 0x8E, 0x35, 0xBB, 0x8E, 0x35, 0xBB, 0x8E, 0x35, 0xBB, 0x8E, 0x35, 0xBB, 0x8E, 0x35, 0xBB, 0x8E, 0x35, 0xD6, 0x8E, 0x35, 0xFF,
    0x8E, 0x35, 0xFF, 0x8E, 0x35, 0xFF, 0x8E, 0x35, 0xA7, 0x00, 0x00, 0x00, 0x00, 0x00, 0x00, 0x00, 0x00, 0x00, 0x00, 0x00, 0x00, 0x00, 0x00, 0x00,
    0x00, 0x00, 0x00, 0x00, 0x00, 0x00, 0x00, 0x00, 0x00, 0x00, 0x00, 0x00, 0x8E, 0x35, 0x57, 0x8E, 0x35, 0xFF, 0x8E, 0x35, 0xFF, 0x8E, 0x35, 0xFF,
    0x8E, 0x35, 0x5B, 0x00, 0x00, 0x00, 0x00, 0x00, 0x00, 0x00, 0x00, 0x00, 0x00, 0x00, 0x00, 0x00, 0x00, 0x00, 0x00, 0x00, 0x00, 0x00, 0x00, 0x00,
    0x00, 0x00, 0x00, 0x00, 0x00, 0x00, 0x00, 0x00, 0x00, 0x8E, 0x35, 0x3F, 0x8E, 0x35, 0xFF, 0x8E, 0x35, 0xFF, 0x8E, 0x35, 0xFF, 0x8E, 0x35, 0xDB,
    0x00, 0x00, 0x00, 0x00, 0x00, 0x00, 0x00, 0x00, 0x00, 0x00, 0x00, 0x00, 0x00, 0x00, 0x00, 0x00, 0x00, 0x00, 0x00, 0x00, 0x00, 0x00, 0x00, 0x00,
    0x00, 0x00, 0x00, 0x00, 0x00, 0x00, 0x00, 0x00, 0x00, 0x00, 0x00, 0x00, 0x00, 0x00, 0x00, 0x00, 0x00, 0x00, 0x00, 0x00, 0x00, 0x00, 0x00, 0x00,
    0x00, 0x00, 0x00, 0x00, 0x00, 0x00, 0x8E, 0x35, 0x70, 0x8E, 0x35, 0xFF, 0x8E, 0x35, 0xFF, 0x8E, 0x35, 0xFF, 0x8E, 0x35, 0xFF, 0x8E, 0x35, 0xD9,
    0x8E, 0x35, 0x1D, 0x8E, 0x35, 0x5A, 0x8E, 0x35, 0xFF, 0x8E, 0x35, 0xFF, 0x8E, 0x35, 0xFF, 0x8E, 0x35, 0xFF, 0x8E, 0x35, 0x67, 0x00, 0x00, 0x00,
    0x00, 0x00, 0x00, 0x00, 0x00, 0x00, 0x8E, 0x35, 0x04, 0x8E, 0x35, 0x93, 0x8E, 0x35, 0x93, 0x8E, 0x35, 0x93, 0x8E, 0x35, 0x6C, 0x00, 0x00, 0x00,
    0x00, 0x00, 0x00, 0x8E, 0x35, 0x3B, 0x8E, 0x35, 0xFF, 0x8E, 0x35, 0xFF, 0x8E, 0x35, 0xFF, 0x8E, 0x35, 0xDF, 0x00, 0x00, 0x00, 0x00, 0x00, 0x00,
    0x00, 0x00, 0x00, 0x8E, 0x35, 0xA7, 0x8E, 0x35, 0xFF, 0x8E, 0x35, 0xFF, 0x8E, 0x35, 0xFF, 0x8E, 0x35, 0xFF, 0x8E, 0x35, 0xFF, 0x8E, 0x35, 0xF0,
    0x8E, 0x35, 0x84, 0x8E, 0x35, 0x15, 0x00, 0x00, 0x00, 0x8E, 0x35, 0x58, 0x8E, 0x35, 0xFF, 0x8E, 0x35, 0xFF, 0x8E, 0x35, 0xFF, 0x8E, 0x35, 0xF5,
    0x8E, 0x35, 0x25, 0x00, 0x00, 0x00, 0x00, 0x00, 0x00, 0x00, 0x00, 0x00, 0x8E, 0x35, 0x01, 0x8E, 0x35, 0xFF, 0x8E, 0x35, 0xFF, 0x8E, 0x35, 0xFF,
    0x8E, 0x35, 0xF3, 0x00, 0x00, 0x00, 0x00, 0x00, 0x00, 0x00, 0x00, 0x00, 0x8E, 0x35, 0x9F, 0x8E, 0x35, 0xFF, 0x8E, 0x35, 0xFF, 0x8E, 0x35, 0xFF,
    0x8E, 0x35, 0x83, 0x00, 0x00, 0x00, 0x00, 0x00, 0x00, 0x00, 0x00, 0x00, 0x00, 0x00, 0x00, 0x00, 0x00, 0x00, 0x8E, 0x35, 0x2E, 0x8E, 0x35, 0xFF,
    0x8E, 0x35, 0xFF, 0x8E, 0x35, 0xFF, 0x8E, 0x35, 0xFF, 0x8E, 0x35, 0xFF, 0x8E, 0x35, 0xFF, 0x8E, 0x35, 0xFF, 0x8E, 0x35, 0xFF, 0x8E, 0x35, 0xFF,
    0x8E, 0x35, 0xFF, 0x8E, 0x35, 0xFF, 0x8E, 0x35, 0xFF, 0x8E, 0x35, 0xFF, 0x8E, 0x35, 0xFF, 0x8E, 0x35, 0xFF, 0x8E, 0x35, 0xFF, 0x8E, 0x35, 0xFF,
    0x8E, 0x35, 0xFF, 0x8E, 0x35, 0xFF, 0x8E, 0x35, 0xFF, 0x8E, 0x35, 0xFF, 0x8E, 0x35, 0xFF, 0x8E, 0x35, 0xFF, 0x8E, 0x35, 0xFF, 0x8E, 0x35, 0xFF,
    0x8E, 0x35, 0xFF, 0x8E, 0x35, 0xC1, 0x00, 0x00, 0x00, 0x00, 0x00, 0x00, 0x00, 0x00, 0x00, 0x00, 0x00, 0x00, 0x00, 0x00, 0x00, 0x00, 0x00, 0x00,
    0x00, 0x00, 0x00, 0x8E, 0x35, 0x87, 0x8E, 0x35, 0xFF, 0x8E, 0x35, 0xFF, 0x8E, 0x35, 0xFF, 0x8E, 0x35, 0x57, 0x00, 0x00, 0x00, 0x00, 0x00, 0x00,
    0x00, 0x00, 0x00, 0x00, 0x00, 0x00, 0x00, 0x00, 0x00, 0x00, 0x00, 0x00, 0x00, 0x00, 0x00, 0x00, 0x00, 0x00, 0x00, 0x00, 0x00, 0x00, 0x00, 0x00,
    0x00, 0x00, 0x00, 0x00, 0x00, 0x00, 0x00, 0x00, 0x00, 0x00, 0x00, 0x00, 0x8E, 0x35, 0x63, 0x8E, 0x35, 0xFF, 0x8E, 0x35, 0xFF, 0x8E, 0x35, 0xFF,
    0x8E, 0x35, 0xA7, 0x00, 0x00, 0x00, 0x00, 0x00, 0x00, 0x00, 0x00, 0x00, 0x00, 0x00, 0x00, 0x00, 0x00, 0x00, 0x00, 0x00, 0x00, 0x00, 0x00, 0x00,
    0x00, 0x00, 0x00, 0x00, 0x00, 0x00, 0x8E, 0x35, 0x57, 0x8E, 0x35, 0xFF, 0x8E, 0x35, 0xFF, 0x8E, 0x35, 0xFF, 0x8E, 0x35, 0x5B, 0x00, 0x00, 0x00,
    0x00, 0x00, 0x00, 0x00, 0x00, 0x00, 0x00, 0x00, 0x00, 0x00, 0x00, 0x00, 0x00, 0x00, 0x00, 0x00, 0x00, 0x00, 0x00, 0x00, 0x00, 0x00, 0x00, 0x00,
    0x00, 0x00, 0x00, 0x8E, 0x35, 0x3F, 0x8E, 0x35, 0xFF, 0x8E, 0x35, 0xFF, 0x8E, 0x35, 0xFF, 0x8E, 0x35, 0xDB, 0x00, 0x00, 0x00, 0x00, 0x00, 0x00,
    0x00, 0x00, 0x00, 0x00, 0x00, 0x00, 0x00, 0x00, 0x00, 0x00, 0x00, 0x00, 0x00, 0x00, 0x00, 0x00, 0x00, 0x00, 0x00, 0x00, 0x00, 0x00, 0x00, 0x00,
    0x00, 0x00, 0x00, 0x00, 0x00, 0x00, 0x00, 0x00, 0x00, 0x00, 0x00, 0x00, 0x00, 0x00, 0x00, 0x00, 0x00, 0x00, 0x00, 0x00, 0x00, 0x8E, 0x35, 0x26,
    0x8E, 0x35, 0xF2, 0x8E, 0x35, 0xFF, 0x8E, 0x35, 0xFF, 0x8E, 0x35, 0xFF, 0x8E, 0x35, 0xD3, 0x8E, 0x35, 0x17, 0x8E, 0x35, 0x03, 0x8E, 0x35, 0xD8,
    0x8E, 0x35, 0xFF, 0x8E, 0x35, 0xFF, 0x8E, 0x35, 0xFF, 0x8E, 0x35, 0xFC, 0x8E, 0x35, 0x17, 0x00, 0x00, 0x00, 0x00, 0x00, 0x00, 0x00, 0x00, 0x00,
    0x00, 0x00, 0x00, 0x00, 0x00, 0x00, 0x00, 0x00, 0x00, 0x00, 0x00, 0x00, 0x00, 0x00, 0x00, 0x00, 0x00, 0x00, 0x00, 0x00, 0x00, 0x8E, 0x35, 0x3B,
    0x8E, 0x35, 0xFF, 0x8E, 0x35, 0xFF, 0x8E, 0x35, 0xFF, 0x8E, 0x35, 0xDF, 0x00, 0x00, 0x00, 0x00, 0x00, 0x00, 0x00, 0x00, 0x00, 0x8E, 0x35, 0x6A,
    0x8E, 0x35, 0xFF, 0x8E, 0x35, 0xFF, 0x8E, 0x35, 0xFF, 0x8E, 0x35, 0xE6, 0x8E, 0x35, 0x77, 0x8E, 0x35, 0x0E, 0x00, 0x00, 0x00, 0x00, 0x00, 0x00,
    0x8E, 0x35, 0x05, 0x8E, 0x35, 0xD8, 0x8E, 0x35, 0xFF, 0x8E, 0x35, 0xFF, 0x8E, 0x35, 0xFF, 0x8E, 0x35, 0x6A, 0x00, 0x00, 0x00, 0x8E, 0x35, 0x95,
    0x8E, 0x35, 0xA1, 0x8E, 0x35, 0x9E, 0x8E, 0x35, 0xB1, 0x8E, 0x35, 0xFF, 0x8E, 0x35, 0xFF, 0x8E, 0x35, 0xFF, 0x8E, 0x35, 0xE9, 0x00, 0x00, 0x00,
    0x00, 0x00, 0x00, 0x00, 0x00, 0x00, 0x8E, 0x35, 0x2C, 0x8E, 0x35, 0xFF, 0x8E, 0x35, 0xFF, 0x8E, 0x35, 0xFF, 0x8E, 0x35, 0xCB, 0x00, 0x00, 0x00,
    0x00, 0x00, 0x00, 0x00, 0x00, 0x00, 0x00, 0x00, 0x00, 0x00, 0x00, 0x00, 0x00, 0x00, 0x00, 0x8E, 0x35, 0xC4, 0x8E, 0x35, 0xFF, 0x8E, 0x35, 0xFF,
    0x8E, 0x35, 0xFF, 0x8E, 0x35, 0xFF, 0x8E, 0x35, 0xFF, 0x8E, 0x35, 0xFF, 0x8E, 0x35, 0xFF, 0x8E, 0x35, 0xFF, 0x8E, 0x35, 0xFF, 0x8E, 0x35, 0xFF,
    0x8E, 0x35, 0xFF, 0x8E, 0x35, 0xFF, 0x8E, 0x35, 0xFF, 0x8E, 0x35, 0xFF, 0x8E, 0x35, 0xFF, 0x8E, 0x35, 0xFF, 0x8E, 0x35, 0xFF, 0x8E, 0x35, 0xFF,
    0x8E, 0x35, 0xFF, 0x8E, 0x35, 0xFF, 0x8E, 0x35, 0xFF, 0x8E, 0x35, 0xFF, 0x8E, 0x35, 0xFF, 0x8E, 0x35, 0xFF, 0x8E, 0x35, 0xFE, 0x8E, 0x35, 0x42,
    0x00, 0x00, 0x00, 0x00, 0x00, 0x00, 0x00, 0x00, 0x00, 0x00, 0x00, 0x00, 0x00, 0x00, 0x00, 0x00, 0x00, 0x00, 0x00, 0x00, 0x00, 0x8E, 0x35, 0x87,
    0x8E, 0x35, 0xFF, 0x8E, 0x35, 0xFF, 0x8E, 0x35, 0xFF, 0x8E, 0x35, 0xFF, 0x8E, 0x35, 0xFF, 0x8E, 0x35, 0xFF, 0x8E, 0x35, 0xFF, 0x8E, 0x35, 0xFF,
    0x8E, 0x35, 0xFF, 0x8E, 0x35, 0xFF, 0x8E, 0x35, 0xFF, 0x8E, 0x35, 0xFF, 0x8E, 0x35, 0xFF, 0x8E, 0x35, 0xFF, 0x8E, 0x35, 0xFF, 0x8E, 0x35, 0xFF,
    0x8E, 0x35, 0xFF, 0x8E, 0x35, 0xFF, 0x8E, 0x35, 0xFF, 0x8E, 0x35, 0xFF, 0x8E, 0x35, 0xFF, 0x8E, 0x35, 0xFF, 0x8E, 0x35, 0xA7, 0x00, 0x00, 0x00,
    0x00, 0x00, 0x00, 0x00, 0x00, 0x00, 0x00, 0x00, 0x00, 0x00, 0x00, 0x00, 0x00, 0x00, 0x00, 0x00, 0x00, 0x00, 0x00, 0x00, 0x00, 0x00, 0x00, 0x00,
    0x8E, 0x35, 0x57, 0x8E, 0x35, 0xFF, 0x8E, 0x35, 0xFF, 0x8E, 0x35, 0xFF, 0x8E, 0x35, 0x5B, 0x00, 0x00, 0x00, 0x00, 0x00, 0x00, 0x00, 0x00, 0x00,
    0x00, 0x00, 0x00, 0x00, 0x00, 0x00, 0x00, 0x00, 0x00, 0x8E, 0x35, 0x05, 0x8E, 0x35, 0x02, 0x00, 0x00, 0x00, 0x00, 0x00, 0x00, 0x8E, 0x35, 0x54,
    0x8E, 0x35, 0xFF, 0x8E, 0x35, 0xFF, 0x8E, 0x35, 0xFF, 0x8E, 0x35, 0xDA, 0x00, 0x00, 0x00, 0x00, 0x00, 0x00, 0x00, 0x00, 0x00, 0x00, 0x00, 0x00,
    0x00, 0x00, 0x00, 0x00, 0x00, 0x00, 0x00, 0x00, 0x00, 0x00, 0x00, 0x00, 0x00, 0x00, 0x00, 0x00, 0x00, 0x00, 0x00, 0x00, 0x00, 0x00, 0x00, 0x00,
    0x00, 0x00, 0x00, 0x00, 0x00, 0x00, 0x00, 0x00, 0x00, 0x00, 0x00, 0x00, 0x00, 0x00, 0x00, 0x8E, 0x35, 0x58, 0x8E, 0x35, 0xFF, 0x8E, 0x35, 0xFF,
    0x8E, 0x35, 0xFF, 0x8E, 0x35, 0xCF, 0x8E, 0x35, 0x13, 0x00, 0x00, 0x00, 0x8E, 0x35, 0x64, 0x8E, 0x35, 0xFF, 0x8E, 0x35, 0xFF, 0x8E, 0x35, 0xFF,
    0x8E, 0x35, 0xFF, 0x8E, 0x35, 0xB4, 0x00, 0x00, 0x00, 0x00, 0x00, 0x00, 0x00, 0x00, 0x00, 0x00, 0x00, 0x00, 0x00, 0x00, 0x00, 0x00, 0x00, 0x00,
    0x00, 0x00, 0x00, 0x00, 0x00, 0x00, 0x00, 0x00, 0x00, 0x00, 0x00, 0x00, 0x00, 0x00, 0x00, 0x8E, 0x35, 0x3B, 0x8E, 0x35, 0xFF, 0x8E, 0x35, 0xFF,
    0x8E, 0x35, 0xFF, 0x8E, 0x35, 0xDF, 0x00, 0x00, 0x00, 0x00, 0x00, 0x00, 0x00, 0x00, 0x00, 0x8E, 0x35, 0x2E, 0x8E, 0x35, 0xFF, 0x8E, 0x35, 0xD8,
    0x8E, 0x35, 0x63, 0x8E, 0x35, 0x06, 0x00, 0x00, 0x00, 0x00, 0x00, 0x00, 0x00, 0x00, 0x00, 0x00, 0x00, 0x00, 0x00, 0x00, 0x00, 0x8E, 0x35, 0x0F,
    0x8E, 0x35, 0xAC, 0x8E, 0x35, 0xFF, 0x8E, 0x35, 0x9F, 0x00, 0x00, 0x00, 0x00, 0x00, 0x00, 0x8E, 0x35, 0x93, 0x8E, 0x35, 0xFF, 0x8E, 0x35, 0xFF,
    0x8E, 0x35, 0xFF, 0x8E, 0x35, 0xFF, 0x8E, 0x35, 0xFF, 0x8E, 0x35, 0xFF, 0x8E, 0x35, 0xC7, 0x00, 0x00, 0x00, 0x00, 0x00, 0x00, 0x00, 0x00, 0x00,
    0x00, 0x00, 0x00, 0x8E, 0x35, 0xC0, 0x8E, 0x35, 0xE3, 0x8E, 0x35, 0x66, 0x8E, 0x35, 0x05, 0x00, 0x00, 0x00, 0x00, 0x00, 0x00, 0x00, 0x00, 0x00,
    0x00, 0x00, 0x00, 0x00, 0x00, 0x00, 0x00, 0x00, 0x00, 0x8E, 0x35, 0x1E, 0x8E, 0x35, 0xDB, 0x8E, 0x35, 0xFF, 0x8E, 0x35, 0xFF, 0x8E, 0x35, 0xFF,
    0x8E, 0x35, 0xFF, 0x8E, 0x35, 0xFF, 0x8E, 0x35, 0xFF, 0x8E, 0x35, 0xFF, 0x8E, 0x35, 0xFF, 0x8E, 0x35, 0xFF, 0x8E, 0x35, 0xFF, 0x8E, 0x35, 0xFF,
    0x8E, 0x35, 0xFF, 0x8E, 0x35, 0xFF, 0x8E, 0x35, 0xFF, 0x8E, 0x35, 0xFF, 0x8E, 0x35, 0xFF, 0x8E, 0x35, 0xFF, 0x8E, 0x35, 0xFF, 0x8E, 0x35, 0xFF,
    0x8E, 0x35, 0xFF, 0x8E, 0x35, 0xFF, 0x8E, 0x35, 0xFF, 0x8E, 0x35, 0xFB, 0x8E, 0x35, 0x6C, 0x00, 0x00, 0x00, 0x00, 0x00, 0x00, 0x00, 0x00, 0x00,
    0x00, 0x00, 0x00, 0x00, 0x00, 0x00, 0x00, 0x00, 0x00, 0x00, 0x00, 0x00, 0x00, 0x00, 0x00, 0x8E, 0x35, 0x87, 0x8E, 0x35, 0xFF, 0x8E, 0x35, 0xFF,
    0x8E, 0x35, 0xFF, 0x8E, 0x35, 0xFF, 0x8E, 0x35, 0xFF, 0x8E, 0x35, 0xFF, 0x8E, 0x35, 0xFF, 0x8E, 0x35, 0xFF, 0x8E, 0x35, 0xFF, 0x8E, 0x35, 0xFF,
    0x8E, 0x35, 0xFF, 0x8E, 0x35, 0xFF, 0x8E, 0x35, 0xFF, 0x8E, 0x35, 0xFF, 0x8E, 0x35, 0xFF, 0x8E, 0x35, 0xFF, 0x8E, 0x35, 0xFF, 0x8E, 0x35, 0xFF,
    0x8E, 0x35, 0xFF, 0x8E, 0x35, 0xFF, 0x8E, 0x35, 0xFF, 0x8E, 0x35, 0xFF, 0x8E, 0x35, 0xA7, 0x00, 0x00, 0x00, 0x00, 0x00, 0x00, 0x00, 0x00, 0x00,
    0x00, 0x00, 0x00, 0x00, 0x00, 0x00, 0x00, 0x00, 0x00, 0x00, 0x00, 0x00, 0x00, 0x00, 0x00, 0x00, 0x00, 0x00, 0x8E, 0x35, 0x57, 0x8E, 0x35, 0xFF,
    0x8E, 0x35, 0xFF, 0x8E, 0x35, 0xFF, 0x8E, 0x35, 0x5B, 0x00, 0x00, 0x00, 0x00, 0x00, 0x00, 0x00, 0x00, 0x00, 0x00, 0x00, 0x00, 0x00, 0x00, 0x00,
    0x8E, 0x35, 0x01, 0x8E, 0x35, 0xDB, 0x8E, 0x35, 0xFF, 0x8E, 0x35, 0xFF, 0x8E, 0x35, 0xFF, 0x8E, 0x35, 0xFF, 0x8E, 0x35, 0xFF, 0x8E, 0x35, 0xFF,
    0x8E, 0x35, 0xFF, 0x8E, 0x35, 0xCB, 0x00, 0x00, 0x00, 0x00, 0x00, 0x00, 0x00, 0x00, 0x00, 0x00, 0x00, 0x00, 0x00, 0x00, 0x00, 0x00, 0x00, 0x00,
    0x00, 0x00, 0x00, 0x00, 0x00, 0x00, 0x00, 0x00, 0x00, 0x00, 0x00, 0x00, 0x00, 0x00, 0x00, 0x00, 0x00, 0x00, 0x00, 0x00, 0x00, 0x00, 0x00, 0x00,
    0x00, 0x00, 0x00, 0x00, 0x00, 0x00, 0x00, 0x00, 0x00, 0x00, 0x00, 0x00, 0x8E, 0x35, 0x95, 0x8E, 0x35, 0xFF, 0x8E, 0x35, 0xD2, 0x8E, 0x35, 0x12,
    0x00, 0x00, 0x00, 0x00, 0x00, 0x00, 0x8E, 0x35, 0x16, 0x8E, 0x35, 0x8E, 0x8E, 0x35, 0xF7, 0x8E, 0x35, 0xFF, 0x8E, 0x35, 0xFF, 0x8E, 0x35, 0x49,
    0x00, 0x00, 0x00, 0x00, 0x00, 0x00, 0x00, 0x00, 0x00, 0x00, 0x00, 0x00, 0x00, 0x00, 0x00, 0x00, 0x00, 0x00, 0x00, 0x00, 0x00, 0x00, 0x00, 0x00,
    0x00, 0x00, 0x00, 0x00, 0x00, 0x00, 0x00, 0x00, 0x00, 0x8E, 0x35, 0x3B, 0x8E, 0x35, 0xFF, 0x8E, 0x35, 0xFF, 0x8E, 0x35, 0xFF, 0x8E, 0x35, 0xDF,
    0x00, 0x00, 0x00, 0x00, 0x00, 0x00, 0x00, 0x00, 0x00, 0x8E, 0x35, 0x02, 0x8E, 0x35, 0x4E, 0x8E, 0x35, 0x01, 0x00, 0x00, 0x00, 0x00, 0x00, 0x00,
    0x00, 0x00, 0x00, 0x00, 0x00, 0x00, 0x00, 0x00, 0x00, 0x00, 0x00, 0x00, 0x00, 0x00, 0x00, 0x00, 0x00, 0x00, 0x8E, 0x35, 0x01, 0x8E, 0x35, 0x64,
    0x8E, 0x35, 0x06, 0x00, 0x00, 0x00, 0x00, 0x00, 0x00, 0x8E, 0x35, 0x3F, 0x8E, 0x35, 0xFF, 0x8E, 0x35, 0xFF, 0x8E, 0x35, 0xFF, 0x8E, 0x35, 0xFF,
    0x8E, 0x35, 0xFF, 0x8E, 0x35, 0xFE, 0x8E, 0x35, 0x58, 0x00, 0x00, 0x00, 0x00, 0x00, 0x00, 0x00, 0x00, 0x00, 0x00, 0x00, 0x00, 0x8E, 0x35, 0x23,
    0x8E, 0x35, 0x07, 0x00, 0x00, 0x00, 0x00, 0x00, 0x00, 0x00, 0x00, 0x00, 0x00, 0x00, 0x00, 0x00, 0x00, 0x00, 0x00, 0x00, 0x00, 0x00, 0x00, 0x00,
    0x00, 0x00, 0x00, 0x00, 0x00, 0x00, 0x8E, 0x35, 0x07, 0x8E, 0x35, 0x66, 0x8E, 0x35, 0xB2, 0x8E, 0x35, 0xE0, 0x8E, 0x35, 0xFB, 0x8E, 0x35, 0xFF,
    0x8E, 0x35, 0xFF, 0x8E, 0x35, 0xFF, 0x8E, 0x35, 0xFF, 0x8E, 0x35, 0xFF, 0x8E, 0x35, 0xFF, 0x8E, 0x35, 0xFF, 0x8E, 0x35, 0xFF, 0x8E, 0x35, 0xFF,
    0x8E, 0x35, 0xFF, 0x8E, 0x35, 0xFF, 0x8E, 0x35, 0xFF, 0x8E, 0x35, 0xFF, 0x8E, 0x35, 0xFF, 0x8E, 0x35, 0xFF, 0x8E, 0x35, 0xFA, 0x8E, 0x35, 0xD3,
    0x8E, 0x35, 0x94, 0x8E, 0x35, 0x2C, 0x00, 0x00, 0x00, 0x00, 0x00, 0x00, 0x00, 0x00, 0x00, 0x00, 0x00, 0x00, 0x00, 0x00, 0x00, 0x00, 0x00, 0x00,
    0x00, 0x00, 0x00, 0x00, 0x00, 0x00, 0x00, 0x00, 0x00, 0x8E, 0x35, 0x87, 0x8E, 0x35, 0xFF, 0x8E, 0x35, 0xFF, 0x8E, 0x35, 0xFF, 0x8E, 0x35, 0xFF,
    0x8E, 0x35, 0xFF, 0x8E, 0x35, 0xFF, 0x8E, 0x35, 0xFF, 0x8E, 0x35, 0xFF, 0x8E, 0x35, 0xFF, 0x8E, 0x35, 0xFF, 0x8E, 0x35, 0xFF, 0x8E, 0x35, 0xFF,
    0x8E, 0x35, 0xFF, 0x8E, 0x35, 0xFF, 0x8E, 0x35, 0xFF, 0x8E, 0x35, 0xFF, 0x8E, 0x35, 0xFF, 0x8E, 0x35, 0xFF, 0x8E, 0x35, 0xFF, 0x8E, 0x35, 0xFF,
    0x8E, 0x35, 0xFF, 0x8E, 0x35, 0xFF, 0x8E, 0x35, 0xA7, 0x00, 0x00, 0x00, 0x00, 0x00, 0x00, 0x00, 0x00, 0x00, 0x00, 0x00, 0x00, 0x00, 0x00, 0x00,
    0x00, 0x00, 0x00, 0x00, 0x00, 0x00, 0x00, 0x00, 0x00, 0x00, 0x00, 0x00, 0x8E, 0x35, 0x57, 0x8E, 0x35, 0xFF, 0x8E, 0x35, 0xFF, 0x8E, 0x35, 0xFF,
    0x8E, 0x35, 0x5B, 0x00, 0x00, 0x00, 0x00, 0x00, 0x00, 0x00, 0x00, 0x00, 0x00, 0x00, 0x00, 0x00, 0x00, 0x00, 0x00, 0x00, 0x00, 0x8E, 0x35, 0x75,
    0x8E, 0x35, 0xFF, 0x8E, 0x35, 0xFF, 0x8E, 0x35, 0xFF, 0x8E, 0x35, 0xFF, 0x8E, 0x35, 0xFF, 0x8E, 0x35, 0xFF, 0x8E, 0x35, 0xFF, 0x8E, 0x35, 0x8E,
    0x00, 0x00, 0x00, 0x00, 0x00, 0x00, 0x00, 0x00, 0x00, 0x00, 0x00, 0x00, 0x00, 0x00, 0x00, 0x00, 0x00, 0x00, 0x00, 0x00, 0x00, 0x00, 0x00, 0x00,
    0x00, 0x00, 0x00, 0x00, 0x00, 0x00, 0x00, 0x00, 0x00, 0x00, 0x00, 0x00, 0x00, 0x00, 0x00, 0x00, 0x00, 0x00, 0x00, 0x00, 0x00, 0x00, 0x00, 0x00,
    0x00, 0x00, 0x00, 0x00, 0x00, 0x00, 0x8E, 0x35, 0x0E, 0x8E, 0x35, 0xCB, 0x8E, 0x35, 0x18, 0x00, 0x00, 0x00, 0x00, 0x00, 0x00, 0x00, 0x00, 0x00,
    0x00, 0x00, 0x00, 0x00, 0x00, 0x00, 0x8E, 0x35, 0x20, 0x8E, 0x35, 0xBD, 0x8E, 0x35, 0xC9, 0x00, 0x00, 0x00, 0x00, 0x00, 0x00, 0x00, 0x00, 0x00,
    0x00, 0x00, 0x00, 0x00, 0x00, 0x00, 0x00, 0x00, 0x00, 0x00, 0x00, 0x00, 0x00, 0x00, 0x00, 0x00, 0x00, 0x00, 0x00, 0x00, 0x00, 0x00, 0x00, 0x00,
    0x00, 0x00, 0x00, 0x8E, 0x35, 0x3A, 0x8E, 0x35, 0xF7, 0x8E, 0x35, 0xF7, 0x8E, 0x35, 0xF7, 0x8E, 0x35, 0xD8, 0x00, 0x00, 0x00, 0x00, 0x00, 0x00,
    0x00, 0x00, 0x00, 0x00, 0x00, 0x00, 0x00, 0x00, 0x00, 0x00, 0x00, 0x00, 0x00, 0x00, 0x00, 0x00, 0x00, 0x00, 0x00, 0x00, 0x00, 0x00, 0x00, 0x00,
    0x00, 0x00, 0x00, 0x00, 0x00, 0x00, 0x00, 0x00, 0x00, 0x00, 0x00, 0x00, 0x00, 0x00, 0x00, 0x00, 0x00, 0x00, 0x00, 0x00, 0x00, 0x00, 0x00, 0x00,
    0x00, 0x00, 0x00, 0x8E, 0x35, 0x08, 0x8E, 0x35, 0xF6, 0x8E, 0x35, 0xF4, 0x8E, 0x35, 0xEB, 0x8E, 0x35, 0xD1, 0x8E, 0x35, 0x93, 0x8E, 0x35, 0x3E,
    0x00, 0x00, 0x00, 0x00, 0x00, 0x00, 0x00, 0x00, 0x00, 0x00, 0x00, 0x00, 0x00, 0x00, 0x00, 0x00, 0x00, 0x00, 0x00, 0x00, 0x00, 0x00, 0x00, 0x00,
    0x00, 0x00, 0x00, 0x00, 0x00, 0x00, 0x00, 0x00, 0x00, 0x00, 0x00, 0x00, 0x00, 0x00, 0x00, 0x00, 0x00, 0x00, 0x00, 0x00, 0x00, 0x00, 0x00, 0x00,
    0x00, 0x00, 0x00, 0x00, 0x00, 0x00, 0x00, 0x00, 0x00, 0x00, 0x00, 0x00, 0x8E, 0x35, 0x02, 0x8E, 0x35, 0x0C, 0x8E, 0x35, 0x14, 0x8E, 0x35, 0x17,
    0x8E, 0x35, 0x17, 0x8E, 0x35, 0x17, 0x8E, 0x35, 0x17, 0x8E, 0x35, 0x17, 0x8E, 0x35, 0x17, 0x8E, 0x35, 0x17, 0x8E, 0x35, 0x17, 0x8E, 0x35, 0x17,
    0x8E, 0x35, 0x17, 0x8E, 0x35, 0x17, 0x8E, 0x35, 0x16, 0x8E, 0x35, 0x0C, 0x8E, 0x35, 0x01, 0x00, 0x00, 0x00, 0x00, 0x00, 0x00, 0x00, 0x00, 0x00,
    0x00, 0x00, 0x00, 0x00, 0x00, 0x00, 0x00, 0x00, 0x00, 0x00, 0x00, 0x00, 0x00, 0x00, 0x00, 0x00, 0x00, 0x00, 0x00, 0x00, 0x00, 0x00, 0x00, 0x00,
    0x00, 0x00, 0x00, 0x8E, 0x35, 0x87, 0x8E, 0x35, 0xFF, 0x8E, 0x35, 0xFF, 0x8E, 0x35, 0xFF, 0x8E, 0x35, 0x62, 0x8E, 0x35, 0x0F, 0x8E, 0x35, 0x0F,
    0x8E, 0x35, 0x0F, 0x8E, 0x35, 0x0F, 0x8E, 0x35, 0x0F, 0x8E, 0x35, 0x0F, 0x8E, 0x35, 0x0F, 0x8E, 0x35, 0x0F, 0x8E, 0x35, 0x0F, 0x8E, 0x35, 0x0F,
    0x8E, 0x35, 0x0F, 0x8E, 0x35, 0x0F, 0x8E, 0x35, 0x0F, 0x8E, 0x35, 0x0F, 0x8E, 0x35, 0x6D, 0x8E, 0x35, 0xFF, 0x8E, 0x35, 0xFF, 0x8E, 0x35, 0xFF,
    0x8E, 0x35, 0xA7, 0x00, 0x00, 0x00, 0x00, 0x00, 0x00, 0x00, 0x00, 0x00, 0x00, 0x00, 0x00, 0x00, 0x00, 0x00, 0x00, 0x00, 0x00, 0x00, 0x00, 0x00,
    0x00, 0x00, 0x00, 0x00, 0x00, 0x00, 0x8E, 0x35, 0x57, 0x8E, 0x35, 0xFF, 0x8E, 0x35, 0xFF, 0x8E, 0x35, 0xFF, 0x8E, 0x35, 0x5B, 0x00, 0x00, 0x00,
    0x00, 0x00, 0x00, 0x00, 0x00, 0x00, 0x00, 0x00, 0x00, 0x00, 0x00, 0x00, 0x00, 0x00, 0x00, 0x8E, 0x35, 0x28, 0x8E, 0x35, 0xFF, 0x8E, 0x35, 0xFF,
    0x8E, 0x35, 0xFF, 0x8E, 0x35, 0xFF, 0x8E, 0x35, 0xFF, 0x8E, 0x35, 0xFF, 0x8E, 0x35, 0xBA, 0x8E, 0x35, 0x0F, 0x00, 0x00, 0x00, 0x00, 0x00, 0x00,
    0x00, 0x00, 0x00, 0x00, 0x00, 0x00, 0x00, 0x00, 0x00, 0x00, 0x00, 0x00, 0x00, 0x00, 0x00, 0x00, 0x00, 0x00, 0x00, 0x00, 0x00, 0x00, 0x00, 0x00,
    0x00, 0x00, 0x00, 0x00, 0x00, 0x00, 0x00, 0x00, 0x00, 0x00, 0x00, 0x00, 0x00, 0x00, 0x00, 0x00, 0x00, 0x00, 0x00, 0x00, 0x00, 0x00, 0x00, 0x00,
    0x00, 0x00, 0x00, 0x8E, 0x35, 0x06, 0x00, 0x00, 0x00, 0x00, 0x00, 0x00, 0x00, 0x00, 0x00, 0x00, 0x00, 0x00, 0x00, 0x00, 0x00, 0x00, 0x00, 0x00,
    0x00, 0x00, 0x00, 0x8E, 0x35, 0x01, 0x8E, 0x35, 0x1A, 0x00, 0x00, 0x00, 0x00, 0x00, 0x00, 0x00, 0x00, 0x00, 0x00, 0x00, 0x00, 0x00, 0x00, 0x00,
    0x00, 0x00, 0x00, 0x00, 0x00, 0x00, 0x00, 0x00, 0x00, 0x00, 0x00, 0x00, 0x00, 0x00, 0x00, 0x00, 0x00, 0x00, 0x00, 0x00, 0x00, 0x00, 0x00, 0x00,
    0x00, 0x00, 0x00, 0x00, 0x00, 0x00, 0x00, 0x00, 0x00, 0x00, 0x00, 0x00, 0x00, 0x00, 0x00, 0x00, 0x00, 0x00, 0x00, 0x00, 0x00, 0x00, 0x00, 0x00,
    0x00, 0x00, 0x00, 0x00, 0x00, 0x00, 0x00, 0x00, 0x00, 0x00, 0x00, 0x00, 0x00, 0x00, 0x00, 0x00, 0x00, 0x00, 0x00, 0x00, 0x00, 0x00, 0x00, 0x00,
    0x00, 0x00, 0x00, 0x00, 0x00, 0x00, 0x00, 0x00, 0x00, 0x00, 0x00, 0x00, 0x00, 0x00, 0x00, 0x00, 0x00, 0x00, 0x00, 0x00, 0x00, 0x00, 0x00, 0x00,
    0x00, 0x00, 0x00, 0x00, 0x00, 0x00, 0x00, 0x00, 0x00, 0x00, 0x00, 0x00, 0x00, 0x00, 0x00, 0x00, 0x00, 0x00, 0x00, 0x00, 0x00, 0x00, 0x00, 0x00,
    0x00, 0x00, 0x00, 0x00, 0x00, 0x00, 0x00, 0x00, 0x00, 0x00, 0x00, 0x00, 0x00, 0x00, 0x00, 0x00, 0x00, 0x00, 0x00, 0x00, 0x00, 0x00, 0x00, 0x00,
    0x00, 0x00, 0x00, 0x00, 0x00, 0x00, 0x00, 0x00, 0x00, 0x00, 0x00, 0x00, 0x00, 0x00, 0x00, 0x00, 0x00, 0x00, 0x00, 0x00, 0x00, 0x00, 0x00, 0x00,
    0x00, 0x00, 0x00, 0x00, 0x00, 0x00, 0x00, 0x00, 0x00, 0x00, 0x00, 0x00, 0x00, 0x00, 0x00, 0x00, 0x00, 0x00, 0x00, 0x00, 0x00, 0x00, 0x00, 0x00,
    0x00, 0x00, 0x00, 0x00, 0x00, 0x00, 0x00, 0x00, 0x00, 0x00, 0x00, 0x00, 0x00, 0x00, 0x00, 0x00, 0x00, 0x00, 0x00, 0x00, 0x00, 0x00, 0x00, 0x00,
    0x00, 0x00, 0x00, 0x00, 0x00, 0x00, 0x00, 0x00, 0x00, 0x00, 0x00, 0x00, 0x00, 0x00, 0x00, 0x00, 0x00, 0x00, 0x00, 0x00, 0x00, 0x00, 0x00, 0x00,
    0x00, 0x00, 0x00, 0x00, 0x00, 0x00, 0x00, 0x00, 0x00, 0x00, 0x00, 0x00, 0x00, 0x00, 0x00, 0x00, 0x00, 0x00, 0x00, 0x00, 0x00, 0x8E, 0x35, 0x2C,
    0x8E, 0x35, 0x53, 0x8E, 0x35, 0x53, 0x8E, 0x35, 0x53, 0x8E, 0x35, 0x1C, 0x00, 0x00, 0x00, 0x00, 0x00, 0x00, 0x00, 0x00, 0x00, 0x00, 0x00, 0x00,
    0x00, 0x00, 0x00, 0x00, 0x00, 0x00, 0x00, 0x00, 0x00, 0x00, 0x00, 0x00, 0x00, 0x00, 0x00, 0x00, 0x00, 0x00, 0x00, 0x00, 0x00, 0x00, 0x00, 0x00,
    0x00, 0x00, 0x00, 0x00, 0x00, 0x00, 0x8E, 0x35, 0x1C, 0x8E, 0x35, 0x47, 0x8E, 0x35, 0x47, 0x8E, 0x35, 0x47, 0x8E, 0x35, 0x2F, 0x00, 0x00, 0x00,
    0x00, 0x00, 0x00, 0x00, 0x00, 0x00, 0x00, 0x00, 0x00, 0x00, 0x00, 0x00, 0x00, 0x00, 0x00, 0x00, 0x00, 0x00, 0x00, 0x00, 0x00, 0x00, 0x00, 0x00,
    0x8E, 0x35, 0x34, 0x8E, 0x35, 0x97, 0x8E, 0x35, 0x97, 0x8E, 0x35, 0x97, 0x8E, 0x35, 0x36, 0x00, 0x00, 0x00, 0x00, 0x00, 0x00, 0x00, 0x00, 0x00,
    0x00, 0x00, 0x00, 0x00, 0x00, 0x00, 0x00, 0x00, 0x00, 0x00, 0x00, 0x00, 0x8E, 0x35, 0x7C, 0x8E, 0x35, 0x7D, 0x8E, 0x35, 0x79, 0x8E, 0x35, 0x6E,
    0x8E, 0x35, 0x45, 0x8E, 0x35, 0x17, 0x00, 0x00, 0x00, 0x00, 0x00, 0x00, 0x00, 0x00, 0x00, 0x00, 0x00, 0x00, 0x00, 0x00, 0x00, 0x00, 0x00, 0x00,
    0x00, 0x00, 0x00, 0x00, 0x00, 0x00, 0x00, 0x00, 0x00, 0x00, 0x00, 0x00, 0x00, 0x00, 0x00, 0x00, 0x00, 0x00, 0x00, 0x00, 0x00, 0x00, 0x00, 0x00,
    0x00, 0x00, 0x00, 0x00, 0x00, 0x00, 0x00, 0x00, 0x00, 0x00, 0x00, 0x00, 0x00, 0x00, 0x00, 0x00, 0x00, 0x00, 0x00, 0x00, 0x00, 0x00, 0x00, 0x00,
    0x00, 0x00, 0x00, 0x00, 0x00, 0x00, 0x00, 0x00, 0x00, 0x00, 0x00, 0x00, 0x00, 0x00, 0x00, 0x00, 0x00, 0x00, 0x00, 0x00, 0x00, 0x00, 0x00, 0x00,
    0x00, 0x00, 0x00, 0x00, 0x00, 0x00, 0x00, 0x00, 0x00, 0x00, 0x00, 0x00, 0x00, 0x00, 0x00, 0x00, 0x00, 0x00, 0x00, 0x00, 0x00, 0x00, 0x00, 0x00,
    0x00, 0x00, 0x00, 0x00, 0x00, 0x00, 0x00, 0x00, 0x00, 0x00, 0x00, 0x00, 0x00, 0x00, 0x00, 0x00, 0x00, 0x00, 0x00, 0x00, 0x00, 0x00, 0x00, 0x00,
    0x00, 0x00, 0x00, 0x00, 0x00, 0x00, 0x00, 0x00, 0x00, 0x00, 0x00, 0x00, 0x00, 0x00, 0x00, 0x00, 0x00, 0x00, 0x00, 0x00, 0x00, 0x00, 0x00, 0x00,
    0x00, 0x00, 0x00, 0x00, 0x00, 0x00, 0x00, 0x00, 0x00, 0x00, 0x00, 0x00, 0x00, 0x00, 0x00, 0x00, 0x00, 0x00, 0x00, 0x00, 0x00, 0x00, 0x00, 0x00,
    0x00, 0x00, 0x00, 0x00, 0x00, 0x00, 0x00, 0x00, 0x00, 0x00, 0x00, 0x00, 0x00, 0x00, 0x00, 0x00, 0x00, 0x00, 0x00, 0x00, 0x00, 0x00, 0x00, 0x00,
    0x00, 0x00, 0x00, 0x00, 0x00, 0x00, 0x00, 0x00, 0x00, 0x00, 0x00, 0x00, 0x00, 0x00, 0x00, 0x00, 0x00, 0x00, 0x00, 0x00, 0x00, 0x00, 0x00, 0x00,
    0x00, 0x00, 0x00, 0x00, 0x00, 0x00, 0x00, 0x00, 0x00, 0x00, 0x00, 0x00, 0x00, 0x00, 0x00, 0x00, 0x00, 0x00, 0x00, 0x00, 0x00, 0x00, 0x00, 0x00,
    0x00, 0x00, 0x00, 0x00, 0x00, 0x00, 0x00, 0x00, 0x00, 0x00, 0x00, 0x00, 0x00, 0x00, 0x00, 0x00, 0x00, 0x00, 0x00, 0x00, 0x00, 0x00, 0x00, 0x00,
    0x00, 0x00, 0x00, 0x00, 0x00, 0x00, 0x00, 0x00, 0x00, 0x00, 0x00, 0x00, 0x00, 0x00, 0x00, 0x00, 0x00, 0x00, 0x00, 0x00, 0x00, 0x00, 0x00, 0x00,
    0x00, 0x00, 0x00, 0x00, 0x00, 0x00, 0x00, 0x00, 0x00, 0x00, 0x00, 0x00, 0x00, 0x00, 0x00, 0x00, 0x00, 0x00, 0x00, 0x00, 0x00, 0x00, 0x00, 0x00,
    0x00, 0x00, 0x00, 0x00, 0x00, 0x00, 0x00, 0x00, 0x00, 0x00, 0x00, 0x00, 0x00, 0x00, 0x00, 0x00, 0x00, 0x00, 0x00, 0x00, 0x00, 0x00, 0x00, 0x00,
    0x00, 0x00, 0x00, 0x00, 0x00, 0x00, 0x00, 0x00, 0x00, 0x00, 0x00, 0x00, 0x00, 0x00, 0x00, 0x00, 0x00, 0x00, 0x00, 0x00, 0x00, 0x00, 0x00, 0x00,
    0x00, 0x00, 0x00, 0x00, 0x00, 0x00, 0x00, 0x00, 0x00, 0x00, 0x00, 0x00, 0x00, 0x00, 0x00, 0x00, 0x00, 0x00, 0x00, 0x00, 0x00, 0x00, 0x00, 0x00,
    0x00, 0x00, 0x00, 0x00, 0x00, 0x00, 0x00, 0x00, 0x00, 0x00, 0x00, 0x00, 0x00, 0x00, 0x00, 0x00, 0x00, 0x00, 0x00, 0x00, 0x00, 0x00, 0x00, 0x00,
    0x00, 0x00, 0x00, 0x00, 0x00, 0x00, 0x00, 0x00, 0x00, 0x00, 0x00, 0x00, 0x00, 0x00, 0x00, 0x00, 0x00, 0x00, 0x00, 0x00, 0x00, 0x00, 0x00, 0x00,
    0x00, 0x00, 0x00, 0x00, 0x00, 0x00, 0x00, 0x00, 0x00, 0x00, 0x00, 0x00, 0x00, 0x00, 0x00, 0x00, 0x00, 0x00, 0x00, 0x00, 0x00, 0x00, 0x00, 0x00,
    0x00, 0x00, 0x00, 0x00, 0x00, 0x00, 0x00, 0x00, 0x00, 0x00, 0x00, 0x00, 0x00, 0x00, 0x00, 0x00, 0x00, 0x00, 0x00, 0x00, 0x00, 0x00, 0x00, 0x00,
    0x00, 0x00, 0x00, 0x00, 0x00, 0x00, 0x00, 0x00, 0x00, 0x00, 0x00, 0x00, 0x00, 0x00, 0x00, 0x00, 0x00, 0x00, 0x00, 0x00, 0x00, 0x00, 0x00, 0x00,
    0x00, 0x00, 0x00, 0x00, 0x00, 0x00, 0x00, 0x00, 0x00, 0x00, 0x00, 0x00, 0x00, 0x00, 0x00, 0x00, 0x00, 0x00, 0x00, 0x00, 0x00, 0x00, 0x00, 0x00,
    0x00, 0x00, 0x00, 0x00, 0x00, 0x00, 0x00, 0x00, 0x00, 0x00, 0x00, 0x00, 0x00, 0x00, 0x00, 0x00, 0x00, 0x00, 0x00, 0x00, 0x00, 0x00, 0x00, 0x00,
    0x00, 0x00, 0x00, 0x00, 0x00, 0x00, 0x00, 0x00, 0x00, 0x00, 0x00, 0x00, 0x00, 0x00, 0x00, 0x00, 0x00, 0x00, 0x00, 0x00, 0x00, 0x00, 0x00, 0x00,
    0x00, 0x00, 0x00, 0x00, 0x00, 0x00, 0x00, 0x00, 0x00, 0x00, 0x00, 0x00, 0x00, 0x00, 0x00, 0x00, 0x00, 0x00, 0x00, 0x00, 0x00, 0x00, 0x00, 0x00,
    0x00, 0x00, 0x00, 0x00, 0x00, 0x00, 0x00, 0x00, 0x00, 0x00, 0x00, 0x00, 0x00, 0x00, 0x00, 0x00, 0x00, 0x00, 0x00, 0x00, 0x00, 0x00, 0x00, 0x00,
    0x00, 0x00, 0x00, 0x00, 0x00, 0x00, 0x00, 0x00, 0x00, 0x00, 0x00, 0x00, 0x00, 0x00, 0x00, 0x00, 0x00, 0x00, 0x00, 0x00, 0x00, 0x00, 0x00, 0x00,
    0x00, 0x00, 0x00, 0x00, 0x00, 0x00, 0x00, 0x00, 0x00, 0x00, 0x00, 0x00, 0x00, 0x00, 0x00, 0x00, 0x00, 0x00, 0x00, 0x00, 0x00, 0x00, 0x00, 0x00,
    0x00, 0x00, 0x00, 0x00, 0x00, 0x00, 0x00, 0x00, 0x00, 0x00, 0x00, 0x00, 0x00, 0x00, 0x00, 0x00, 0x00, 0x00, 0x00, 0x00, 0x00, 0x00, 0x00, 0x00,
    0x00, 0x00, 0x00, 0x00, 0x00, 0x00, 0x00, 0x00, 0x00, 0x00, 0x00, 0x00, 0x00, 0x00, 0x00, 0x00, 0x00, 0x00, 0x00, 0x00, 0x00, 0x00, 0x00, 0x00,
    0x00, 0x00, 0x00, 0x00, 0x00, 0x00, 0x00, 0x00, 0x00, 0x00, 0x00, 0x00, 0x00, 0x00, 0x00, 0x00, 0x00, 0x00, 0x00, 0x00, 0x00, 0x00, 0x00, 0x00,
    0x00, 0x00, 0x00, 0x00, 0x00, 0x00, 0x00, 0x00, 0x00, 0x00, 0x00, 0x00, 0x00, 0x00, 0x00, 0x00, 0x00, 0x00, 0x00, 0x00, 0x00, 0x00, 0x00, 0x00,
    0x00, 0x00, 0x00, 0x00, 0x00, 0x00, 0x00, 0x00, 0x00, 0x00, 0x00, 0x00, 0x00, 0x00, 0x00, 0x00, 0x00, 0x00, 0x00, 0x00, 0x00, 0x00, 0x00, 0x00,
    0x00, 0x00, 0x00, 0x00, 0x00, 0x00, 0x00, 0x00, 0x00, 0x00, 0x00, 0x00, 0x00, 0x00, 0x00, 0x00, 0x00, 0x00, 0x00, 0x00, 0x00, 0x00, 0x00, 0x00,
    0x00, 0x00, 0x00, 0x00, 0x00, 0x00, 0x00, 0x00, 0x00, 0x00, 0x00, 0x00, 0x00, 0x00, 0x00, 0x00, 0x00, 0x00, 0x00, 0x00, 0x00, 0x00, 0x00, 0x00,
    0x00, 0x00, 0x00, 0x00, 0x00, 0x00, 0x00, 0x00, 0x00, 0x00, 0x00, 0x00, 0x00, 0x00, 0x00, 0x00, 0x00, 0x00, 0x00, 0x00, 0x00, 0x00, 0x00, 0x00,
    0x00, 0x00, 0x00, 0x00, 0x00, 0x00, 0x00, 0x00, 0x00, 0x00, 0x00, 0x00, 0x00, 0x00, 0x00, 0x00, 0x00, 0x00, 0x00, 0x00, 0x00, 0x00, 0x00, 0x00,
    0x00, 0x00, 0x00, 0x00, 0x00, 0x00, 0x00, 0x00, 0x00, 0x00, 0x00, 0x00, 0x00, 0x00, 0x00, 0x00, 0x00, 0x00, 0x00, 0x00, 0x00, 0x00, 0x00, 0x00,
    0x00, 0x00, 0x00, 0x00, 0x00, 0x00, 0x00, 0x00, 0x00, 0x00, 0x00, 0x00, 0x00, 0x00, 0x00, 0x00, 0x00, 0x00, 0x00, 0x00, 0x00, 0x00, 0x00, 0x00,
    0x00, 0x00, 0x00, 0x00, 0x00, 0x00, 0x00, 0x00, 0x00, 0x00, 0x00, 0x00, 0x00, 0x00, 0x00, 0x00, 0x00, 0x00, 0x00, 0x00, 0x00, 0x00, 0x00, 0x00,
    0x00, 0x00, 0x00, 0x00, 0x00, 0x00, 0x00, 0x00, 0x00, 0x00, 0x00, 0x00, 0x00, 0x00, 0x00, 0x00, 0x00, 0x00, 0x00, 0x00, 0x00, 0x00, 0x00, 0x00,
    0x00, 0x00, 0x00, 0x00, 0x00, 0x00, 0x00, 0x00, 0x00, 0x00, 0x00, 0x00, 0x00, 0x00, 0x00, 0x00, 0x00, 0x00, 0x00, 0x00, 0x00, 0x00, 0x00, 0x00,
    0x00, 0x00, 0x00, 0x00, 0x00, 0x00, 0x00, 0x00, 0x00, 0x00, 0x00, 0x00, 0x00, 0x00, 0x00, 0x00, 0x00, 0x00, 0x00, 0x00, 0x00, 0x00, 0x00, 0x00,
    0x00, 0x00, 0x00, 0x00, 0x00, 0x00, 0x00, 0x00, 0x00, 0x00, 0x00, 0x00, 0x00, 0x00, 0x00, 0x00, 0x00, 0x00, 0x00, 0x00, 0x00, 0x00, 0x00, 0x00,
    0x00, 0x00, 0x00, 0x00, 0x00, 0x00, 0x00, 0x00, 0x00, 0x00, 0x00, 0x00,
};
const lv_img_dsc_t flow_paused_title = {
    .header.always_zero = 0,
    .header.w = 174,
    .header.h = 38,
    .data_size = 19836,
    .header.cf = LV_IMG_CF_TRUE_COLOR_ALPHA,
    .data = flow_paused_title_map,
};

#ifndef LV_ATTRIBUTE_IMG_FLOW_PAUSED_SUB
#define LV_ATTRIBUTE_IMG_FLOW_PAUSED_SUB
#endif
const LV_ATTRIBUTE_MEM_ALIGN LV_ATTRIBUTE_LARGE_CONST LV_ATTRIBUTE_IMG_FLOW_PAUSED_SUB uint8_t flow_paused_sub_map[] = {
    0x00, 0x00, 0x00, 0x00, 0x00, 0x00, 0x00, 0x00, 0x00, 0x00, 0x00, 0x00, 0x00, 0x00, 0x00, 0x00, 0x00, 0x00, 0x00, 0x00, 0x00, 0x00, 0x00, 0x00,
    0x00, 0x00, 0x00, 0x00, 0x00, 0x00, 0x00, 0x00, 0x00, 0x00, 0x00, 0x00, 0x00, 0x00, 0x00, 0x00, 0x00, 0x00, 0x00, 0x00, 0x00, 0x00, 0x00, 0x00,
    0x00, 0x00, 0x00, 0x00, 0x00, 0x00, 0x00, 0x00, 0x00, 0x00, 0x00, 0x00, 0x00, 0x00, 0x00, 0x00, 0x00, 0x00, 0x00, 0x00, 0x00, 0x00, 0x00, 0x00,
    0x00, 0x00, 0x00, 0x00, 0x00, 0x00, 0x00, 0x00, 0x00, 0x00, 0x00, 0x00, 0x00, 0x00, 0x00, 0x00, 0x00, 0x00, 0x00, 0x00, 0x00, 0x00, 0x00, 0x00,
    0x00, 0x00, 0x00, 0x00, 0x00, 0x00, 0x00, 0x00, 0x00, 0x00, 0x00, 0x00, 0x00, 0x00, 0x00, 0x00, 0x00, 0x00, 0x00, 0x00, 0x00, 0x00, 0x00, 0x00,
    0x00, 0x00, 0x00, 0x00, 0x00, 0x00, 0x00, 0x00, 0x00, 0x00, 0x00, 0x00, 0x00, 0x00, 0x00, 0x00, 0x00, 0x00, 0x00, 0x00, 0x00, 0x00, 0x00, 0x00,
    0x00, 0x00, 0x00, 0x00, 0x00, 0x00, 0x00, 0x00, 0x00, 0x00, 0x00, 0x00, 0x00, 0x00, 0x00, 0x00, 0x00, 0x00, 0x00, 0x00, 0x00, 0x00, 0x00, 0x00,
    0x00, 0x00, 0x00, 0x00, 0x00, 0x00, 0x00, 0x00, 0x00, 0x00, 0x00, 0x00, 0x00, 0x00, 0x00, 0x00, 0x00, 0x00, 0x00, 0x00, 0x00, 0x00, 0x00, 0x00,
    0x00, 0x00, 0x00, 0x00, 0x00, 0x00, 0x00, 0x00, 0x00, 0x00, 0x00, 0x00, 0x00, 0x00, 0x00, 0x00, 0x00, 0x00, 0x00, 0x00, 0x00, 0x00, 0x00, 0x00,
    0x00, 0x00, 0x00, 0x00, 0x00, 0x00, 0x00, 0x00, 0x00, 0x00, 0x00, 0x00, 0x00, 0x00, 0x00, 0x00, 0x00, 0x00, 0x00, 0x00, 0x00, 0x00, 0x00, 0x00,
    0x00, 0x00, 0x00, 0x00, 0x00, 0x00, 0x00, 0x00, 0x00, 0x00, 0x00, 0x00, 0x00, 0x00, 0x00, 0x00, 0x00, 0x00, 0x00, 0x00, 0x00, 0x00, 0x00, 0x00,
    0x00, 0x00, 0x00, 0x00, 0x00, 0x00, 0x00, 0x00, 0x00, 0x00, 0x00, 0x00, 0x00, 0x00, 0x00, 0x00, 0x00, 0x00, 0x00, 0x00, 0x00, 0x00, 0x00, 0x00,
    0x00, 0x00, 0x00, 0x00, 0x00, 0x00, 0x00, 0x00, 0x00, 0x00, 0x00, 0x00, 0x00, 0x00, 0x00, 0x00, 0x00, 0x00, 0x00, 0x00, 0x00, 0x00, 0x00, 0x00,
    0x00, 0x00, 0x00, 0x00, 0x00, 0x00, 0x00, 0x00, 0x00, 0x00, 0x00, 0x00, 0x00, 0x00, 0x00, 0x00, 0x00, 0x00, 0x00, 0x00, 0x00, 0x00, 0x00, 0x00,
    0x00, 0x00, 0x00, 0x00, 0x00, 0x00, 0x00, 0x00, 0x00, 0x00, 0x00, 0x00, 0x00, 0x00, 0x00, 0x00, 0x00, 0x00, 0x00, 0x00, 0x00, 0x00, 0x00, 0x00,
    0x00, 0x00, 0x00, 0x00, 0x00, 0x00, 0x00, 0x00, 0x00, 0x00, 0x00, 0x00, 0x00, 0x00, 0x00, 0x00, 0x00, 0x00, 0x00, 0x00, 0x00, 0x00, 0x00, 0x00,
    0x00, 0x00, 0x00, 0x00, 0x00, 0x00, 0x00, 0x00, 0x00, 0x00, 0x00, 0x00, 0x00, 0x00, 0x00, 0x00, 0x00, 0x00, 0x00, 0x00, 0x00, 0x00, 0x00, 0x00,
    0x00, 0x00, 0x00, 0x00, 0x00, 0x00, 0x00, 0x00, 0x00, 0x00, 0x00, 0x00, 0x00, 0x00, 0x00, 0x00, 0x00, 0x00, 0x00, 0x00, 0x00, 0x00, 0x00, 0x00,
    0x00, 0x00, 0x00, 0x00, 0x00, 0x00, 0x00, 0x00, 0x00, 0x00, 0x00, 0x00, 0x00, 0x00, 0x00, 0x00, 0x00, 0x00, 0x00, 0x00, 0x00, 0x00, 0x00, 0x00,
    0x00, 0x00, 0x00, 0x00, 0x00, 0x00, 0x00, 0x00, 0x00, 0x00, 0x00, 0x00, 0x00, 0x00, 0x00, 0x00, 0x00, 0x00, 0x00, 0x00, 0x00, 0x00, 0x00, 0x00,
    0x00, 0x00, 0x00, 0x00, 0x00, 0x00, 0x00, 0x00, 0x00, 0x00, 0x00, 0x00, 0x00, 0x00, 0x00, 0x00, 0x00, 0x00, 0x00, 0x00, 0x00, 0x00, 0x00, 0x00,
    0x00, 0x00, 0x00, 0x00, 0x00, 0x00, 0x00, 0x00, 0x00, 0x00, 0x00, 0x00, 0x00, 0x00, 0x00, 0x00, 0x00, 0x00, 0x00, 0x00, 0x00, 0x00, 0x00, 0x00,
    0x00, 0x00, 0x00, 0x00, 0x00, 0x00, 0x00, 0x00, 0x00, 0x00, 0x00, 0x00, 0x00, 0x00, 0x00, 0x00, 0x00, 0x00, 0x00, 0x00, 0x00, 0x00, 0x00, 0x00,
    0x00, 0x00, 0x00, 0x00, 0x00, 0x00, 0x00, 0x00, 0x00, 0x00, 0x00, 0x00, 0x00, 0x00, 0x00, 0x00, 0x00, 0x00, 0x00, 0x00, 0x00, 0x00, 0x00, 0x00,
    0x00, 0x00, 0x00, 0x00, 0x00, 0x00, 0x00, 0x00, 0x00, 0x00, 0x00, 0x00, 0x00, 0x00, 0x00, 0x00, 0x00, 0x00, 0x00, 0x00, 0x00, 0x00, 0x00, 0x00,
    0x00, 0x00, 0x00, 0x00, 0x00, 0x00, 0x00, 0x00, 0x00, 0x00, 0x00, 0x00, 0x00, 0x00, 0x00, 0x00, 0x00, 0x00, 0x00, 0x00, 0x00, 0x00, 0x00, 0x00,
    0x00, 0x00, 0x00, 0x00, 0x00, 0x00, 0x00, 0x00, 0x00, 0x00, 0x00, 0x00, 0x00, 0x00, 0x00, 0x00, 0x00, 0x00, 0x00, 0x00, 0x00, 0x00, 0x00, 0x00,
    0x00, 0x00, 0x00, 0x00, 0x00, 0x00, 0x00, 0x00, 0x00, 0x00, 0x00, 0x00, 0x00, 0x00, 0x00, 0x00, 0x00, 0x00, 0x00, 0x00, 0x00, 0x00, 0x00, 0x00,
    0x00, 0x00, 0x00, 0x00, 0x00, 0x00, 0x00, 0x00, 0x00, 0x00, 0x00, 0x00, 0x00, 0x00, 0x00, 0x00, 0x00, 0x00, 0x00, 0x00, 0x00, 0x00, 0x00, 0x00,
    0x00, 0x00, 0x00, 0x00, 0x00, 0x00, 0x00, 0x00, 0x00, 0x00, 0x00, 0x00, 0x00, 0x00, 0x00, 0x00, 0x00, 0x00, 0x00, 0x00, 0x00, 0x00, 0x00, 0x00,
    0x00, 0x00, 0x00, 0x00, 0x00, 0x00, 0x00, 0x00, 0x00, 0x00, 0x00, 0x00, 0x00, 0x00, 0x00, 0x00, 0x00, 0x00, 0x00, 0x00, 0x00, 0x00, 0x00, 0x00,
    0x00, 0x00, 0x00, 0x00, 0x00, 0x00, 0x00, 0x00, 0x00, 0x00, 0x00, 0x00, 0x00, 0x00, 0x00, 0x00, 0x00, 0x00, 0x00, 0x00, 0x00, 0x00, 0x00, 0x00,
    0x00, 0x00, 0x00, 0x00, 0x00, 0x00, 0x00, 0x00, 0x00, 0x00, 0x00, 0x00, 0x00, 0x00, 0x00, 0x00, 0x00, 0x00, 0x00, 0x00, 0x00, 0x00, 0x00, 0x00,
    0x00, 0x00, 0x00, 0x00, 0x00, 0x00, 0x00, 0x00, 0x00, 0x00, 0x00, 0x00, 0x00, 0x00, 0x00, 0x00, 0x00, 0x00, 0x00, 0x00, 0x00, 0x00, 0x00, 0x00,
    0x00, 0x00, 0x00, 0x00, 0x00, 0x00, 0x00, 0x00, 0x00, 0x00, 0x00, 0x00, 0x00, 0x00, 0x00, 0x00, 0x00, 0x00, 0x00, 0x00, 0x00, 0x00, 0x00, 0x00,
    0x00, 0x00, 0x00, 0x00, 0x00, 0x00, 0x00, 0x00, 0x00, 0x00, 0x00, 0x00, 0x00, 0x00, 0x00, 0x00, 0x00, 0x00, 0x00, 0x00, 0x00, 0x00, 0x00, 0x00,
    0x00, 0x00, 0x00, 0x00, 0x00, 0x00, 0x00, 0x00, 0x00, 0x00, 0x00, 0x00, 0x00, 0x00, 0x00, 0x00, 0x00, 0x00, 0x00, 0x00, 0x00, 0x00, 0x00, 0x00,
    0x00, 0x00, 0x00, 0x00, 0x00, 0x00, 0x00, 0x00, 0x00, 0x00, 0x00, 0x00, 0x00, 0x00, 0x00, 0x00, 0x00, 0x00, 0x00, 0x00, 0x00, 0x00, 0x00, 0x00,
    0x00, 0x00, 0x00, 0x00, 0x00, 0x00, 0x00, 0x00, 0x00, 0x00, 0x00, 0x00, 0x00, 0x00, 0x00, 0x00, 0x00, 0x00, 0x00, 0x00, 0x00, 0x00, 0x00, 0x00,
    0x00, 0x00, 0x00, 0x00, 0x00, 0x00, 0x00, 0x00, 0x00, 0x00, 0x00, 0x00, 0x00, 0x00, 0x00, 0x00, 0x00, 0x00, 0x00, 0x00, 0x00, 0x00, 0x00, 0x00,
    0x00, 0x00, 0x00, 0x00, 0x00, 0x00, 0x00, 0x00, 0x00, 0x00, 0x00, 0x00, 0x00, 0x00, 0x00, 0x00, 0x00, 0x00, 0x00, 0x00, 0x00, 0x00, 0x00, 0x00,
    0x00, 0x00, 0x00, 0x00, 0x00, 0x00, 0x00, 0x00, 0x00, 0x00, 0x00, 0x00, 0x00, 0x00, 0x00, 0x00, 0x00, 0x00, 0x00, 0x00, 0x00, 0x00, 0x00, 0x00,
    0x00, 0x00, 0x00, 0x00, 0x00, 0x00, 0x00, 0x00, 0x00, 0x00, 0x00, 0x00, 0x00, 0x00, 0x00, 0x00, 0x00, 0x00, 0x24, 0x21, 0x8F, 0x24, 0x21, 0x87,
    0x00, 0x00, 0x00, 0x00, 0x00, 0x00, 0x00, 0x00, 0x00, 0x00, 0x00, 0x00, 0x24, 0x21, 0x01, 0x00, 0x00, 0x00, 0x00, 0x00, 0x00, 0x00, 0x00, 0x00,
    0x00, 0x00, 0x00, 0x00, 0x00, 0x00, 0x00, 0x00, 0x00, 0x24, 0x21, 0x0E, 0x24, 0x21, 0x9E, 0x24, 0x21, 0x42, 0x00, 0x00, 0x00, 0x00, 0x00, 0x00,
    0x00, 0x00, 0x00, 0x00, 0x00, 0x00, 0x00, 0x00, 0x00, 0x00, 0x00, 0x00, 0x24, 0x21, 0x36, 0x24, 0x21, 0xB7, 0x24, 0x21, 0x29, 0x00, 0x00, 0x00,
    0x00, 0x00, 0x00, 0x00, 0x00, 0x00, 0x00, 0x00, 0x00, 0x00, 0x00, 0x00, 0x24, 0x21, 0x22, 0x00, 0x00, 0x00, 0x00, 0x00, 0x00, 0x00, 0x00, 0x00,
    0x00, 0x00, 0x00, 0x24, 0x21, 0x0E, 0x24, 0x21, 0x37, 0x24, 0x21, 0x03, 0x00, 0x00, 0x00, 0x00, 0x00, 0x00, 0x00, 0x00, 0x00, 0x00, 0x00, 0x00,
    0x00, 0x00, 0x00, 0x24, 0x21, 0x36, 0x24, 0x21, 0x2F, 0x00, 0x00, 0x00, 0x00, 0x00, 0x00, 0x00, 0x00, 0x00, 0x00, 0x00, 0x00, 0x24, 0x21, 0x44,
    0x24, 0x21, 0x52, 0x00, 0x00, 0x00, 0x00, 0x00, 0x00, 0x00, 0x00, 0x00, 0x00, 0x00, 0x00, 0x00, 0x00, 0x00, 0x24, 0x21, 0xA7, 0x24, 0x21, 0x39,
    0x00, 0x00, 0x00, 0x00, 0x00, 0x00, 0x00, 0x00, 0x00, 0x00, 0x00, 0x00, 0x00, 0x00, 0x00, 0x00, 0x00, 0x00, 0x00, 0x00, 0x00, 0x00, 0x00, 0x00,
    0x24, 0x21, 0x21, 0x00, 0x00, 0x00, 0x00, 0x00, 0x00, 0x00, 0x00, 0x00, 0x00, 0x00, 0x00, 0x00, 0x00, 0x00, 0x24, 0x21, 0x1E, 0x24, 0x21, 0x56,
    0x00, 0x00, 0x00, 0x00, 0x00, 0x00, 0x24, 0x21, 0x04, 0x24, 0x21, 0x57, 0x24, 0x21, 0x1B, 0x00, 0x00, 0x00, 0x00, 0x00, 0x00, 0x00, 0x00, 0x00,
    0x00, 0x00, 0x00, 0x00, 0x00, 0x00, 0x00, 0x00, 0x00, 0x00, 0x00, 0x00, 0x00, 0x00, 0x00, 0x00, 0x00, 0x00, 0x00, 0x00, 0x00, 0x00, 0x00, 0x00,
    0x24, 0x21, 0x38, 0x24, 0x21, 0xC0, 0x24, 0x21, 0x14, 0x00, 0x00, 0x00, 0x00, 0x00, 0x00, 0x00, 0x00, 0x00, 0x00, 0x00, 0x00, 0x00, 0x00, 0x00,
    0x00, 0x00, 0x00, 0x00, 0x00, 0x00, 0x00, 0x00, 0x00, 0x00, 0x00, 0x00, 0x00, 0x00, 0x00, 0x00, 0x00, 0x00, 0x00, 0x00, 0x00, 0x00, 0x00, 0x00,
    0x00, 0x00, 0x00, 0x00, 0x00, 0x00, 0x00, 0x00, 0x00, 0x00, 0x00, 0x00, 0x00, 0x00, 0x00, 0x00, 0x00, 0x00, 0x00, 0x00, 0x00, 0x00, 0x00, 0x00,
    0x00, 0x00, 0x00, 0x00, 0x00, 0x00, 0x00, 0x00, 0x00, 0x00, 0x00, 0x00, 0x00, 0x00, 0x00, 0x00, 0x00, 0x00, 0x00, 0x00, 0x00, 0x00, 0x00, 0x00,
    0x24, 0x21, 0x25, 0x24, 0x21, 0x97, 0x24, 0x21, 0x10, 0x00, 0x00, 0x00, 0x00, 0x00, 0x00, 0x00, 0x00, 0x00, 0x00, 0x00, 0x00, 0x00, 0x00, 0x00,
    0x00, 0x00, 0x00, 0x00, 0x00, 0x00, 0x00, 0x00, 0x00, 0x00, 0x00, 0x00, 0x00, 0x00, 0x00, 0x00, 0x00, 0x00, 0x00, 0x00, 0x00, 0x00, 0x00, 0x00,
    0x00, 0x00, 0x00, 0x00, 0x00, 0x00, 0x24, 0x21, 0x0A, 0x24, 0x21, 0x4A, 0x24, 0x21, 0x9A, 0x24, 0x21, 0x85, 0x00, 0x00, 0x00, 0x00, 0x00, 0x00,
    0x00, 0x00, 0x00, 0x00, 0x00, 0x00, 0x00, 0x00, 0x00, 0x00, 0x00, 0x00, 0x00, 0x00, 0x00, 0x00, 0x00, 0x00, 0x00, 0x00, 0x00, 0x00, 0x00, 0x00,
    0x00, 0x00, 0x00, 0x00, 0x00, 0x00, 0x00, 0x00, 0x00, 0x00, 0x00, 0x00, 0x00, 0x00, 0x00, 0x00, 0x00, 0x00, 0x24, 0x21, 0x69, 0x24, 0x21, 0x91,
    0x00, 0x00, 0x00, 0x00, 0x00, 0x00, 0x00, 0x00, 0x00, 0x00, 0x00, 0x00, 0x24, 0x21, 0xC3, 0x24, 0x21, 0xB7, 0x00, 0x00, 0x00, 0x00, 0x00, 0x00,
    0x00, 0x00, 0x00, 0x00, 0x00, 0x00, 0x24, 0x21, 0xCA, 0x24, 0x21, 0x89, 0x00, 0x00, 0x00, 0x00, 0x00, 0x00, 0x00, 0x00, 0x00, 0x00, 0x00, 0x00,
    0x00, 0x00, 0x00, 0x00, 0x00, 0x00, 0x24, 0x21, 0x96, 0x24, 0x21, 0xED, 0x24, 0x21, 0x1B, 0x00, 0x00, 0x00, 0x00, 0x00, 0x00, 0x00, 0x00, 0x00,
    0x00, 0x00, 0x00, 0x24, 0x21, 0x02, 0x24, 0x21, 0xCA, 0x24, 0x21, 0xD2, 0x24, 0x21, 0x06, 0x00, 0x00, 0x00, 0x00, 0x00, 0x00, 0x00, 0x00, 0x00,
    0x00, 0x00, 0x00, 0x24, 0x21, 0x12, 0x24, 0x21, 0xF2, 0x24, 0x21, 0x92, 0x24, 0x21, 0x03, 0x00, 0x00, 0x00, 0x00, 0x00, 0x00, 0x24, 0x21, 0x43,
    0x24, 0x21, 0xFF, 0x24, 0x21, 0x0F, 0x00, 0x00, 0x00, 0x24, 0x21, 0x27, 0x24, 0x21, 0x42, 0x00, 0x00, 0x00, 0x00, 0x00, 0x00, 0x24, 0x21, 0xB7,
    0x24, 0x21, 0x9F, 0x00, 0x00, 0x00, 0x00, 0x00, 0x00, 0x00, 0x00, 0x00, 0x00, 0x00, 0x00, 0x24, 0x21, 0xAD, 0x24, 0x21, 0xC7, 0x00, 0x00, 0x00,
    0x00, 0x00, 0x00, 0x00, 0x00, 0x00, 0x00, 0x00, 0x00, 0x24, 0x21, 0x22, 0x24, 0x21, 0xFF, 0x24, 0x21, 0x3C, 0x00, 0x00, 0x00, 0x00, 0x00, 0x00,
    0x00, 0x00, 0x00, 0x00, 0x00, 0x00, 0x00, 0x00, 0x00, 0x00, 0x00, 0x00, 0x00, 0x00, 0x00, 0x24, 0x21, 0x47, 0x24, 0x21, 0xF8, 0x24, 0x21, 0x48,
    0x00, 0x00, 0x00, 0x00, 0x00, 0x00, 0x00, 0x00, 0x00, 0x00, 0x00, 0x00, 0x24, 0x21, 0x57, 0x24, 0x21, 0xFB, 0x00, 0x00, 0x00, 0x00, 0x00, 0x00,
    0x24, 0x21, 0x0B, 0x24, 0x21, 0xFF, 0x24, 0x21, 0x4F, 0x00, 0x00, 0x00, 0x00, 0x00, 0x00, 0x00, 0x00, 0x00, 0x00, 0x00, 0x00, 0x00, 0x00, 0x00,
    0x00, 0x00, 0x00, 0x00, 0x00, 0x00, 0x00, 0x00, 0x00, 0x00, 0x00, 0x00, 0x00, 0x00, 0x00, 0x00, 0x00, 0x00, 0x24, 0x21, 0x0E, 0x24, 0x21, 0xF0,
    0x24, 0x21, 0x85, 0x00, 0x00, 0x00, 0x00, 0x00, 0x00, 0x00, 0x00, 0x00, 0x00, 0x00, 0x00, 0x00, 0x00, 0x00, 0x00, 0x00, 0x00, 0x00, 0x00, 0x00,
    0x00, 0x00, 0x00, 0x24, 0x21, 0x1C, 0x24, 0x21, 0x57, 0x24, 0x21, 0x57, 0x24, 0x21, 0x57, 0x24, 0x21, 0x57, 0x24, 0x21, 0x57, 0x24, 0x21, 0x57,
    0x24, 0x21, 0x57, 0x24, 0x21, 0x57, 0x24, 0x21, 0x57, 0x24, 0x21, 0x57, 0x24, 0x21, 0x57, 0x24, 0x21, 0x57, 0x24, 0x21, 0x4A, 0x00, 0x00, 0x00,
    0x00, 0x00, 0x00, 0x00, 0x00, 0x00, 0x00, 0x00, 0x00, 0x00, 0x00, 0x00, 0x00, 0x00, 0x00, 0x00, 0x00, 0x00, 0x24, 0x21, 0x9D, 0x24, 0x21, 0xD5,
    0x24, 0x21, 0x2D, 0x24, 0x21, 0xFF, 0x24, 0x21, 0xFF, 0x24, 0x21, 0xFF, 0x24, 0x21, 0xFF, 0x24, 0x21, 0xFF, 0x24, 0x21, 0xFF, 0x24, 0x21, 0xFF,
    0x24, 0x21, 0xFF, 0x24, 0x21, 0xFF, 0x24, 0x21, 0x2B, 0x00, 0x00, 0x00, 0x00, 0x00, 0x00, 0x00, 0x00, 0x00, 0x24, 0x21, 0x83, 0x24, 0x21, 0xC7,
    0x24, 0x21, 0xFA, 0x24, 0x21, 0xDC, 0x24, 0x21, 0x8F, 0x24, 0x21, 0x3B, 0x24, 0x21, 0x01, 0x24, 0x21, 0xFB, 0x24, 0x21, 0xFF, 0x24, 0x21, 0xFF,
    0x24, 0x21, 0xFF, 0x24, 0x21, 0xFF, 0x24, 0x21, 0xFF, 0x24, 0x21, 0xFF, 0x24, 0x21, 0x7F, 0x00, 0x00, 0x00, 0x00, 0x00, 0x00, 0x00, 0x00, 0x00,
    0x00, 0x00, 0x00, 0x00, 0x00, 0x00, 0x00, 0x00, 0x00, 0x00, 0x00, 0x00, 0x24, 0x21, 0x4C, 0x24, 0x21, 0xFF, 0x24, 0x21, 0x48, 0x00, 0x00, 0x00,
    0x00, 0x00, 0x00, 0x00, 0x00, 0x00, 0x24, 0x21, 0xC3, 0x24, 0x21, 0xB7, 0x00, 0x00, 0x00, 0x00, 0x00, 0x00, 0x00, 0x00, 0x00, 0x24, 0x21, 0x41,
    0x24, 0x21, 0xFF, 0x24, 0x21, 0x56, 0x00, 0x00, 0x00, 0x00, 0x00, 0x00, 0x00, 0x00, 0x00, 0x00, 0x00, 0x00, 0x00, 0x00, 0x00, 0x00, 0x00, 0x00,
    0x24, 0x21, 0x0A, 0x24, 0x21, 0xDF, 0x24, 0x21, 0x83, 0x00, 0x00, 0x00, 0x00, 0x00, 0x00, 0x00, 0x00, 0x00, 0x00, 0x00, 0x00, 0x24, 0x21, 0x64,
    0x24, 0x21, 0xFB, 0x24, 0x21, 0x32, 0x00, 0x00, 0x00, 0x00, 0x00, 0x00, 0x00, 0x00, 0x00, 0x00, 0x00, 0x00, 0x00, 0x00, 0x00, 0x00, 0x00, 0x00,
    0x24, 0x21, 0x47, 0x24, 0x21, 0xF4, 0x24, 0x21, 0xAB, 0x24, 0x21, 0x04, 0x00, 0x00, 0x00, 0x24, 0x21, 0x43, 0x24, 0x21, 0xFF, 0x24, 0x21, 0x0F,
    0x00, 0x00, 0x00, 0x24, 0x21, 0x77, 0x24, 0x21, 0xCB, 0x00, 0x00, 0x00, 0x00, 0x00, 0x00, 0x24, 0x21, 0xB7, 0x24, 0x21, 0x9F, 0x00, 0x00, 0x00,
    0x00, 0x00, 0x00, 0x00, 0x00, 0x00, 0x24, 0x21, 0x0A, 0x24, 0x21, 0xF6, 0x24, 0x21, 0x66, 0x00, 0x00, 0x00, 0x24, 0x21, 0x22, 0x24, 0x21, 0x3F,
    0x24, 0x21, 0x3F, 0x24, 0x21, 0x7A, 0x24, 0x21, 0xFE, 0x24, 0x21, 0x48, 0x24, 0x21, 0x3F, 0x24, 0x21, 0x3F, 0x24, 0x21, 0x3F, 0x24, 0x21, 0x3F,
    0x24, 0x21, 0x30, 0x00, 0x00, 0x00, 0x00, 0x00, 0x00, 0x00, 0x00, 0x00, 0x24, 0x21, 0x8C, 0x24, 0x21, 0xF7, 0x24, 0x21, 0x3C, 0x00, 0x00, 0x00,
    0x00, 0x00, 0x00, 0x00, 0x00, 0x00, 0x24, 0x21, 0x57, 0x24, 0x21, 0xFB, 0x00, 0x00, 0x00, 0x00, 0x00, 0x00, 0x24, 0x21, 0x0B, 0x24, 0x21, 0xFF,
    0x24, 0x21, 0x4F, 0x00, 0x00, 0x00, 0x00, 0x00, 0x00, 0x00, 0x00, 0x00, 0x00, 0x00, 0x00, 0x00, 0x00, 0x00, 0x24, 0x21, 0xBB, 0x24, 0x21, 0xFF,
    0x24, 0x21, 0xFF, 0x24, 0x21, 0xFF, 0x24, 0x21, 0xFF, 0x24, 0x21, 0xFF, 0x24, 0x21, 0xFF, 0x24, 0x21, 0xFF, 0x24, 0x21, 0xFF, 0x24, 0x21, 0xFF,
    0x24, 0x21, 0xFF, 0x24, 0x21, 0xFF, 0x24, 0x21, 0xFF, 0x24, 0x21, 0xFF, 0x24, 0x21, 0xFF, 0x24, 0x21, 0x0F, 0x00, 0x00, 0x00, 0x24, 0x21, 0x53,
    0x24, 0x21, 0xFF, 0x24, 0x21, 0xFF, 0x24, 0x21, 0xFF, 0x24, 0x21, 0xFF, 0x24, 0x21, 0xFF, 0x24, 0x21, 0xFF, 0x24, 0x21, 0xFF, 0x24, 0x21, 0xFF,
    0x24, 0x21, 0xFF, 0x24, 0x21, 0xFF, 0x24, 0x21, 0xFF, 0x24, 0x21, 0xFF, 0x24, 0x21, 0xD7, 0x00, 0x00, 0x00, 0x00, 0x00, 0x00, 0x00, 0x00, 0x00,
    0x00, 0x00, 0x00, 0x00, 0x00, 0x00, 0x00, 0x00, 0x00, 0x24, 0x21, 0x1D, 0x24, 0x21, 0xFA, 0x24, 0x21, 0x62, 0x24, 0x21, 0x2B, 0x24, 0x21, 0xFF,
    0x24, 0x21, 0x50, 0x24, 0x21, 0x37, 0x24, 0x21, 0x37, 0x24, 0x21, 0x37, 0x24, 0x21, 0x37, 0x24, 0x21, 0x37, 0x24, 0x21, 0x5A, 0x24, 0x21, 0xFF,
    0x24, 0x21, 0x2B, 0x00, 0x00, 0x00, 0x00, 0x00, 0x00, 0x00, 0x00, 0x00, 0x24, 0x21, 0xEF, 0x24, 0x21, 0x94, 0x24, 0x21, 0x1E, 0x00, 0x00, 0x00,
    0x00, 0x00, 0x00, 0x00, 0x00, 0x00, 0x00, 0x00, 0x00, 0x24, 0x21, 0x37, 0x24, 0x21, 0x37, 0x24, 0x21, 0xF2, 0x24, 0x21, 0x7A, 0x24, 0x21, 0x37,
    0x24, 0x21, 0x37, 0x24, 0x21, 0xE1, 0x24, 0x21, 0x75, 0x00, 0x00, 0x00, 0x00, 0x00, 0x00, 0x00, 0x00, 0x00, 0x00, 0x00, 0x00, 0x00, 0x00, 0x00,
    0x00, 0x00, 0x00, 0x00, 0x00, 0x00, 0x00, 0x00, 0x00, 0x24, 0x21, 0xB1, 0x24, 0x21, 0xDD, 0x24, 0x21, 0x04, 0x00, 0x00, 0x00, 0x00, 0x00, 0x00,
    0x24, 0x21, 0xC3, 0x24, 0x21, 0xB7, 0x00, 0x00, 0x00, 0x00, 0x00, 0x00, 0x00, 0x00, 0x00, 0x24, 0x21, 0xB5, 0x24, 0x21, 0xD1, 0x24, 0x21, 0x01,
    0x00, 0x00, 0x00, 0x00, 0x00, 0x00, 0x24, 0x21, 0x0B, 0x24, 0x21, 0xFF, 0x24, 0x21, 0xFF, 0x24, 0x21, 0xFF, 0x24, 0x21, 0xFF, 0x24, 0x21, 0xFF,
    0x24, 0x21, 0xFF, 0x24, 0x21, 0xFF, 0x24, 0x21, 0xFF, 0x24, 0x21, 0xFF, 0x24, 0x21, 0xFF, 0x24, 0x21, 0xFF, 0x24, 0x21, 0xFF, 0x24, 0x21, 0xFF,
    0x24, 0x21, 0xFF, 0x24, 0x21, 0xFF, 0x24, 0x21, 0xFF, 0x24, 0x21, 0x0B, 0x00, 0x00, 0x00, 0x00, 0x00, 0x00, 0x00, 0x00, 0x00, 0x24, 0x21, 0x3C,
    0x24, 0x21, 0xF6, 0x24, 0x21, 0x7B, 0x00, 0x00, 0x00, 0x24, 0x21, 0x43, 0x24, 0x21, 0xFF, 0x24, 0x21, 0x0F, 0x00, 0x00, 0x00, 0x24, 0x21, 0x77,
    0x24, 0x21, 0xCB, 0x00, 0x00, 0x00, 0x00, 0x00, 0x00, 0x24, 0x21, 0xB7, 0x24, 0x21, 0x9F, 0x00, 0x00, 0x00, 0x00, 0x00, 0x00, 0x00, 0x00, 0x00,
    0x24, 0x21, 0x55, 0x24, 0x21, 0xF7, 0x24, 0x21, 0x0F, 0x00, 0x00, 0x00, 0x24, 0x21, 0x8B, 0x24, 0x21, 0xFF, 0x24, 0x21, 0xFF, 0x24, 0x21, 0xFF,
    0x24, 0x21, 0xFF, 0x24, 0x21, 0xFF, 0x24, 0x21, 0xFF, 0x24, 0x21, 0xFF, 0x24, 0x21, 0xFF, 0x24, 0x21, 0xFF, 0x24, 0x21, 0xC3, 0x00, 0x00, 0x00,
    0x00, 0x00, 0x00, 0x00, 0x00, 0x00, 0x00, 0x00, 0x00, 0x24, 0x21, 0xAA, 0x24, 0x21, 0xEA, 0x24, 0x21, 0x0F, 0x24, 0x21, 0x41, 0x24, 0x21, 0x47,
    0x24, 0x21, 0x87, 0x24, 0x21, 0xFD, 0x24, 0x21, 0x47, 0x24, 0x21, 0x47, 0x24, 0x21, 0x50, 0x24, 0x21, 0xFF, 0x24, 0x21, 0x81, 0x24, 0x21, 0x47,
    0x24, 0x21, 0x2C, 0x00, 0x00, 0x00, 0x00, 0x00, 0x00, 0x00, 0x00, 0x00, 0x24, 0x21, 0xBB, 0x24, 0x21, 0xB8, 0x24, 0x21, 0x47, 0x24, 0x21, 0x47,
    0x24, 0x21, 0x49, 0x24, 0x21, 0x63, 0x24, 0x21, 0x4E, 0x24, 0x21, 0x47, 0x24, 0x21, 0x47, 0x24, 0x21, 0x47, 0x24, 0x21, 0x52, 0x24, 0x21, 0x62,
    0x24, 0x21, 0x47, 0x24, 0x21, 0x47, 0x24, 0x21, 0x47, 0x24, 0x21, 0x04, 0x00, 0x00, 0x00, 0x00, 0x00, 0x00, 0x00, 0x00, 0x00, 0x00, 0x00, 0x00,
    0x00, 0x00, 0x00, 0x00, 0x00, 0x00, 0x00, 0x00, 0x00, 0x00, 0x00, 0x00, 0x00, 0x00, 0x00, 0x00, 0x00, 0x00, 0x00, 0x00, 0x00, 0x00, 0x00, 0x00,
    0x00, 0x00, 0x00, 0x24, 0x21, 0x8F, 0x24, 0x21, 0xD7, 0x00, 0x00, 0x00, 0x00, 0x00, 0x00, 0x00, 0x00, 0x00, 0x00, 0x00, 0x00, 0x00, 0x00, 0x00,
    0x00, 0x00, 0x00, 0x24, 0x21, 0x92, 0x24, 0x21, 0xE7, 0x24, 0x21, 0x07, 0x24, 0x21, 0x2B, 0x24, 0x21, 0xFF, 0x24, 0x21, 0x1F, 0x00, 0x00, 0x00,
    0x00, 0x00, 0x00, 0x00, 0x00, 0x00, 0x00, 0x00, 0x00, 0x00, 0x00, 0x00, 0x24, 0x21, 0x2B, 0x24, 0x21, 0xFF, 0x24, 0x21, 0x2B, 0x00, 0x00, 0x00,
    0x00, 0x00, 0x00, 0x00, 0x00, 0x00, 0x24, 0x21, 0xEF, 0x24, 0x21, 0x5F, 0x00, 0x00, 0x00, 0x24, 0x21, 0x18, 0x24, 0x21, 0x5C, 0x00, 0x00, 0x00,
    0x00, 0x00, 0x00, 0x00, 0x00, 0x00, 0x24, 0x21, 0x11, 0x24, 0x21, 0xFF, 0x24, 0x21, 0x31, 0x00, 0x00, 0x00, 0x00, 0x00, 0x00, 0x24, 0x21, 0xE3,
    0x24, 0x21, 0x6A, 0x00, 0x00, 0x00, 0x00, 0x00, 0x00, 0x00, 0x00, 0x00, 0x00, 0x00, 0x00, 0x00, 0x00, 0x00, 0x00, 0x00, 0x00, 0x00, 0x00, 0x00,
    0x00, 0x00, 0x00, 0x24, 0x21, 0x30, 0x24, 0x21, 0xFF, 0x24, 0x21, 0x5C, 0x00, 0x00, 0x00, 0x00, 0x00, 0x00, 0x24, 0x21, 0xC3, 0x24, 0x21, 0xB7,
    0x00, 0x00, 0x00, 0x00, 0x00, 0x00, 0x24, 0x21, 0x3E, 0x24, 0x21, 0xFF, 0x24, 0x21, 0x45, 0x00, 0x00, 0x00, 0x00, 0x00, 0x00, 0x00, 0x00, 0x00,
    0x24, 0x21, 0x02, 0x24, 0x21, 0x3F, 0x24, 0x21, 0x3F, 0x24, 0x21, 0x3F, 0x24, 0x21, 0x3F, 0x24, 0x21, 0x3F, 0x24, 0x21, 0x3F, 0x24, 0x21, 0x3F,
    0x24, 0x21, 0x3F, 0x24, 0x21, 0x3F, 0x24, 0x21, 0x3F, 0x24, 0x21, 0x3F, 0x24, 0x21, 0x3F, 0x24, 0x21, 0x3F, 0x24, 0x21, 0x3F, 0x24, 0x21, 0x3F,
    0x24, 0x21, 0x3F, 0x24, 0x21, 0x02, 0x00, 0x00, 0x00, 0x00, 0x00, 0x00, 0x00, 0x00, 0x00, 0x00, 0x00, 0x00, 0x24, 0x21, 0x3E, 0x24, 0x21, 0x0F,
    0x00, 0x00, 0x00, 0x24, 0x21, 0x43, 0x24, 0x21, 0xFF, 0x24, 0x21, 0x0F, 0x00, 0x00, 0x00, 0x24, 0x21, 0x77, 0x24, 0x21, 0xCB, 0x00, 0x00, 0x00,
    0x00, 0x00, 0x00, 0x24, 0x21, 0xB7, 0x24, 0x21, 0x9F, 0x00, 0x00, 0x00, 0x00, 0x00, 0x00, 0x00, 0x00, 0x00, 0x24, 0x21, 0xBC, 0x24, 0x21, 0x95,
    0x00, 0x00, 0x00, 0x24, 0x21, 0x32, 0x00, 0x00, 0x00, 0x00, 0x00, 0x00, 0x00, 0x00, 0x00, 0x24, 0x21, 0xDE, 0x24, 0x21, 0x6F, 0x00, 0x00, 0x00,
    0x00, 0x00, 0x00, 0x00, 0x00, 0x00, 0x00, 0x00, 0x00, 0x00, 0x00, 0x00, 0x00, 0x00, 0x00, 0x00, 0x00, 0x00, 0x00, 0x00, 0x00, 0x00, 0x00, 0x00,
    0x00, 0x00, 0x00, 0x24, 0x21, 0x0B, 0x24, 0x21, 0x4F, 0x00, 0x00, 0x00, 0x24, 0x21, 0xE7, 0x24, 0x21, 0xFF, 0x24, 0x21, 0xFF, 0x24, 0x21, 0xFF,
    0x24, 0x21, 0xFF, 0x24, 0x21, 0xFF, 0x24, 0x21, 0xFF, 0x24, 0x21, 0xFF, 0x24, 0x21, 0xFF, 0x24, 0x21, 0xFF, 0x24, 0x21, 0x9F, 0x00, 0x00, 0x00,
    0x00, 0x00, 0x00, 0x00, 0x00, 0x00, 0x24, 0x21, 0xBB, 0x24, 0x21, 0x9B, 0x00, 0x00, 0x00, 0x00, 0x00, 0x00, 0x24, 0x21, 0x0F, 0x24, 0x21, 0xFF,
    0x24, 0x21, 0x3B, 0x00, 0x00, 0x00, 0x00, 0x00, 0x00, 0x00, 0x00, 0x00, 0x24, 0x21, 0x63, 0x24, 0x21, 0xF3, 0x00, 0x00, 0x00, 0x00, 0x00, 0x00,
    0x00, 0x00, 0x00, 0x00, 0x00, 0x00, 0x00, 0x00, 0x00, 0x00, 0x00, 0x00, 0x24, 0x21, 0x0B, 0x24, 0x21, 0x1F, 0x00, 0x00, 0x00, 0x00, 0x00, 0x00,
    0x00, 0x00, 0x00, 0x00, 0x00, 0x00, 0x00, 0x00, 0x00, 0x00, 0x00, 0x00, 0x00, 0x00, 0x00, 0x00, 0x00, 0x00, 0x00, 0x00, 0x00, 0x24, 0x21, 0x8F,
    0x24, 0x21, 0xD7, 0x00, 0x00, 0x00, 0x00, 0x00, 0x00, 0x00, 0x00, 0x00, 0x00, 0x00, 0x00, 0x00, 0x00, 0x00, 0x24, 0x21, 0x1D, 0x24, 0x21, 0xF6,
    0x24, 0x21, 0x81, 0x00, 0x00, 0x00, 0x24, 0x21, 0x2B, 0x24, 0x21, 0xFF, 0x24, 0x21, 0x1F, 0x00, 0x00, 0x00, 0x00, 0x00, 0x00, 0x00, 0x00, 0x00,
    0x00, 0x00, 0x00, 0x00, 0x00, 0x00, 0x24, 0x21, 0x2B, 0x24, 0x21, 0xFF, 0x24, 0x21, 0x2B, 0x00, 0x00, 0x00, 0x00, 0x00, 0x00, 0x00, 0x00, 0x00,
    0x24, 0x21, 0xEF, 0x24, 0x21, 0x5F, 0x00, 0x00, 0x00, 0x24, 0x21, 0x3E, 0x24, 0x21, 0xFC, 0x24, 0x21, 0x27, 0x00, 0x00, 0x00, 0x00, 0x00, 0x00,
    0x24, 0x21, 0x49, 0x24, 0x21, 0xFA, 0x24, 0x21, 0x0B, 0x00, 0x00, 0x00, 0x00, 0x00, 0x00, 0x24, 0x21, 0xF0, 0x24, 0x21, 0x5C, 0x00, 0x00, 0x00,
    0x00, 0x00, 0x00, 0x00, 0x00, 0x00, 0x00, 0x00, 0x00, 0x00, 0x00, 0x00, 0x00, 0x00, 0x00, 0x00, 0x00, 0x00, 0x00, 0x00, 0x00, 0x00, 0x00, 0x00,
    0x24, 0x21, 0xB7, 0x24, 0x21, 0x73, 0x00, 0x00, 0x00, 0x00, 0x00, 0x00, 0x24, 0x21, 0xC3, 0x24, 0x21, 0xB7, 0x00, 0x00, 0x00, 0x00, 0x00, 0x00,
    0x24, 0x21, 0xA5, 0x24, 0x21, 0xAD, 0x00, 0x00, 0x00, 0x00, 0x00, 0x00, 0x00, 0x00, 0x00, 0x00, 0x00, 0x00, 0x00, 0x00, 0x00, 0x00, 0x00, 0x00,
    0x00, 0x00, 0x00, 0x00, 0x00, 0x00, 0x00, 0x00, 0x00, 0x00, 0x00, 0x00, 0x00, 0x00, 0x00, 0x00, 0x00, 0x00, 0x00, 0x00, 0x00, 0x00, 0x00, 0x00,
    0x00, 0x00, 0x00, 0x00, 0x00, 0x00, 0x00, 0x00, 0x00, 0x00, 0x00, 0x00, 0x24, 0x21, 0x32, 0x24, 0x21, 0x59, 0x00, 0x00, 0x00, 0x00, 0x00, 0x00,
    0x00, 0x00, 0x00, 0x00, 0x00, 0x00, 0x00, 0x00, 0x00, 0x00, 0x00, 0x00, 0x00, 0x00, 0x00, 0x00, 0x00, 0x00, 0x00, 0x00, 0x00, 0x24, 0x21, 0x43,
    0x24, 0x21, 0xFF, 0x24, 0x21, 0x0F, 0x00, 0x00, 0x00, 0x24, 0x21, 0x77, 0x24, 0x21, 0xCB, 0x00, 0x00, 0x00, 0x00, 0x00, 0x00, 0x24, 0x21, 0xB7,
    0x24, 0x21, 0x9F, 0x00, 0x00, 0x00, 0x00, 0x00, 0x00, 0x24, 0x21, 0x34, 0x24, 0x21, 0xF5, 0x24, 0x21, 0x19, 0x24, 0x21, 0x2E, 0x24, 0x21, 0xFE,
    0x24, 0x21, 0x3F, 0x24, 0x21, 0x3B, 0x24, 0x21, 0x56, 0x24, 0x21, 0xFF, 0x24, 0x21, 0x5C, 0x24, 0x21, 0x3B, 0x24, 0x21, 0x28, 0x00, 0x00, 0x00,
    0x00, 0x00, 0x00, 0x00, 0x00, 0x00, 0x00, 0x00, 0x00, 0x00, 0x00, 0x00, 0x00, 0x00, 0x00, 0x00, 0x00, 0x00, 0x00, 0x00, 0x00, 0x00, 0x00, 0x00,
    0x00, 0x00, 0x00, 0x00, 0x00, 0x00, 0x00, 0x00, 0x00, 0x00, 0x00, 0x00, 0x24, 0x21, 0x57, 0x24, 0x21, 0xFB, 0x00, 0x00, 0x00, 0x00, 0x00, 0x00,
    0x24, 0x21, 0x0B, 0x24, 0x21, 0xFF, 0x24, 0x21, 0x4F, 0x00, 0x00, 0x00, 0x00, 0x00, 0x00, 0x00, 0x00, 0x00, 0x00, 0x00, 0x00, 0x00, 0x00, 0x00,
    0x24, 0x21, 0xBB, 0x24, 0x21, 0x9B, 0x24, 0x21, 0x1A, 0x24, 0x21, 0x1B, 0x24, 0x21, 0x2A, 0x24, 0x21, 0xFF, 0x24, 0x21, 0x51, 0x24, 0x21, 0x1B,
    0x24, 0x21, 0x1B, 0x24, 0x21, 0x1B, 0x24, 0x21, 0x75, 0x24, 0x21, 0xF5, 0x24, 0x21, 0x1B, 0x24, 0x21, 0x1B, 0x24, 0x21, 0x18, 0x00, 0x00, 0x00,
    0x00, 0x00, 0x00, 0x00, 0x00, 0x00, 0x24, 0x21, 0x5F, 0x24, 0x21, 0xFB, 0x00, 0x00, 0x00, 0x00, 0x00, 0x00, 0x00, 0x00, 0x00, 0x00, 0x00, 0x00,
    0x00, 0x00, 0x00, 0x00, 0x00, 0x00, 0x00, 0x00, 0x00, 0x00, 0x00, 0x00, 0x00, 0x00, 0x00, 0x24, 0x21, 0x8F, 0x24, 0x21, 0xD7, 0x00, 0x00, 0x00,
    0x00, 0x00, 0x00, 0x00, 0x00, 0x00, 0x00, 0x00, 0x00, 0x00, 0x00, 0x00, 0x24, 0x21, 0xB6, 0x24, 0x21, 0xFF, 0x24, 0x21, 0x67, 0x00, 0x00, 0x00,
    0x24, 0x21, 0x2B, 0x24, 0x21, 0xFF, 0x24, 0x21, 0x1F, 0x00, 0x00, 0x00, 0x00, 0x00, 0x00, 0x00, 0x00, 0x00, 0x00, 0x00, 0x00, 0x00, 0x00, 0x00,
    0x24, 0x21, 0x2B, 0x24, 0x21, 0xFF, 0x24, 0x21, 0x2B, 0x00, 0x00, 0x00, 0x00, 0x00, 0x00, 0x00, 0x00, 0x00, 0x24, 0x21, 0xEF, 0x24, 0x21, 0x5F,
    0x00, 0x00, 0x00, 0x00, 0x00, 0x00, 0x24, 0x21, 0xC0, 0x24, 0x21, 0xA5, 0x00, 0x00, 0x00, 0x00, 0x00, 0x00, 0x24, 0x21, 0xA1, 0x24, 0x21, 0xB4,
    0x00, 0x00, 0x00, 0x00, 0x00, 0x00, 0x24, 0x21, 0x04, 0x24, 0x21, 0xFE, 0x24, 0x21, 0x49, 0x00, 0x00, 0x00, 0x00, 0x00, 0x00, 0x00, 0x00, 0x00,
    0x00, 0x00, 0x00, 0x00, 0x00, 0x00, 0x00, 0x00, 0x00, 0x00, 0x00, 0x00, 0x00, 0x00, 0x00, 0x00, 0x00, 0x00, 0x24, 0x21, 0x01, 0x00, 0x00, 0x00,
    0x00, 0x00, 0x00, 0x00, 0x00, 0x00, 0x24, 0x21, 0xC3, 0x24, 0x21, 0xB7, 0x00, 0x00, 0x00, 0x00, 0x00, 0x00, 0x24, 0x21, 0x01, 0x24, 0x21, 0x0A,
    0x00, 0x00, 0x00, 0x00, 0x00, 0x00, 0x00, 0x00, 0x00, 0x00, 0x00, 0x00, 0x00, 0x00, 0x00, 0x00, 0x00, 0x00, 0x24, 0x21, 0xEB, 0x24, 0x21, 0xFF,
    0x24, 0x21, 0xFF, 0x24, 0x21, 0xFF, 0x24, 0x21, 0xFF, 0x24, 0x21, 0xFF, 0x24, 0x21, 0xAB, 0x00, 0x00, 0x00, 0x24, 0x21, 0x1A, 0x24, 0x21, 0xD3,
    0x24, 0x21, 0x1A, 0x00, 0x00, 0x00, 0x24, 0x21, 0x7B, 0x24, 0x21, 0xDB, 0x00, 0x00, 0x00, 0x00, 0x00, 0x00, 0x24, 0x21, 0x47, 0x24, 0x21, 0xFF,
    0x24, 0x21, 0xFF, 0x24, 0x21, 0xFF, 0x24, 0x21, 0x8F, 0x00, 0x00, 0x00, 0x00, 0x00, 0x00, 0x24, 0x21, 0x43, 0x24, 0x21, 0xFF, 0x24, 0x21, 0x0F,
    0x00, 0x00, 0x00, 0x24, 0x21, 0x77, 0x24, 0x21, 0xCB, 0x00, 0x00, 0x00, 0x00, 0x00, 0x00, 0x24, 0x21, 0xB7, 0x24, 0x21, 0x9F, 0x00, 0x00, 0x00,
    0x24, 0x21, 0x0E, 0x24, 0x21, 0xCD, 0x24, 0x21, 0xBA, 0x24, 0x21, 0x5C, 0x24, 0x21, 0xBE, 0x24, 0x21, 0xAD, 0x24, 0x21, 0x3B, 0x24, 0x21, 0xFF,
    0x24, 0x21, 0xFF, 0x24, 0x21, 0xFF, 0x24, 0x21, 0xFF, 0x24, 0x21, 0xFF, 0x24, 0x21, 0xAB, 0x00, 0x00, 0x00, 0x00, 0x00, 0x00, 0x00, 0x00, 0x00,
    0x00, 0x00, 0x00, 0x00, 0x00, 0x00, 0x00, 0x00, 0x00, 0x00, 0x00, 0x00, 0x00, 0x00, 0x00, 0x00, 0x00, 0x00, 0x00, 0x00, 0x00, 0x00, 0x00, 0x00,
    0x00, 0x00, 0x00, 0x00, 0x00, 0x00, 0x24, 0x21, 0x57, 0x24, 0x21, 0xFB, 0x00, 0x00, 0x00, 0x00, 0x00, 0x00, 0x24, 0x21, 0x0B, 0x24, 0x21, 0xFF,
    0x24, 0x21, 0x4F, 0x00, 0x00, 0x00, 0x00, 0x00, 0x00, 0x00, 0x00, 0x00, 0x00, 0x00, 0x00, 0x00, 0x00, 0x00, 0x24, 0x21, 0xBB, 0x24, 0x21, 0x9B,
    0x24, 0x21, 0xF3, 0x24, 0x21, 0xFF, 0x24, 0x21, 0xFF, 0x24, 0x21, 0xFF, 0x24, 0x21, 0xFF, 0x24, 0x21, 0xFF, 0x24, 0x21, 0xFF, 0x24, 0x21, 0xFF,
    0x24, 0x21, 0xFF, 0x24, 0x21, 0xFF, 0x24, 0x21, 0xFF, 0x24, 0x21, 0xFF, 0x24, 0x21, 0xDB, 0x00, 0x00, 0x00, 0x00, 0x00, 0x00, 0x00, 0x00, 0x00,
    0x24, 0x21, 0x5F, 0x24, 0x21, 0xFB, 0x00, 0x00, 0x00, 0x00, 0x00, 0x00, 0x00, 0x00, 0x00, 0x00, 0x00, 0x00, 0x00, 0x00, 0x00, 0x00, 0x00, 0x00,
    0x00, 0x00, 0x00, 0x00, 0x00, 0x00, 0x00, 0x00, 0x00, 0x24, 0x21, 0x8F, 0x24, 0x21, 0xD7, 0x00, 0x00, 0x00, 0x00, 0x00, 0x00, 0x00, 0x00, 0x00,
    0x00, 0x00, 0x00, 0x24, 0x21, 0x6A, 0x24, 0x21, 0xFF, 0x24, 0x21, 0xFD, 0x24, 0x21, 0x67, 0x00, 0x00, 0x00, 0x24, 0x21, 0x2B, 0x24, 0x21, 0xFF,
    0x24, 0x21, 0xFF, 0x24, 0x21, 0xFF, 0x24, 0x21, 0xFF, 0x24, 0x21, 0xFF, 0x24, 0x21, 0xFF, 0x24, 0x21, 0xFF, 0x24, 0x21, 0xFF, 0x24, 0x21, 0xFF,
    0x24, 0x21, 0x2B, 0x00, 0x00, 0x00, 0x00, 0x00, 0x00, 0x24, 0x21, 0x05, 0x24, 0x21, 0xFA, 0x24, 0x21, 0x62, 0x24, 0x21, 0x3A, 0x24, 0x21, 0x88,
    0x24, 0x21, 0xE0, 0x24, 0x21, 0xFB, 0x24, 0x21, 0x17, 0x24, 0x21, 0x3A, 0x24, 0x21, 0xFC, 0x24, 0x21, 0x50, 0x00, 0x00, 0x00, 0x00, 0x00, 0x00,
    0x24, 0x21, 0x1E, 0x24, 0x21, 0xFF, 0x24, 0x21, 0x33, 0x00, 0x00, 0x00, 0x00, 0x00, 0x00, 0x00, 0x00, 0x00, 0x00, 0x00, 0x00, 0x00, 0x00, 0x00,
    0x00, 0x00, 0x00, 0x00, 0x00, 0x00, 0x24, 0x21, 0x93, 0x24, 0x21, 0xFF, 0x24, 0x21, 0xFF, 0x24, 0x21, 0xFF, 0x24, 0x21, 0xFF, 0x24, 0x21, 0xFF,
    0x24, 0x21, 0xFF, 0x24, 0x21, 0xFF, 0x24, 0x21, 0xFF, 0x24, 0x21, 0xFF, 0x24, 0x21, 0xFF, 0x24, 0x21, 0xFF, 0x24, 0x21, 0xFF, 0x24, 0x21, 0xA3,
    0x00, 0x00, 0x00, 0x00, 0x00, 0x00, 0x00, 0x00, 0x00, 0x00, 0x00, 0x00, 0x24, 0x21, 0xEB, 0x24, 0x21, 0x75, 0x24, 0x21, 0x27, 0x24, 0x21, 0x27,
    0x24, 0x21, 0x27, 0x24, 0x21, 0xB2, 0x24, 0x21, 0xAB, 0x00, 0x00, 0x00, 0x24, 0x21, 0x1F, 0x24, 0x21, 0xFF, 0x24, 0x21, 0x1F, 0x00, 0x00, 0x00,
    0x24, 0x21, 0x7B, 0x24, 0x21, 0xDB, 0x00, 0x00, 0x00, 0x00, 0x00, 0x00, 0x24, 0x21, 0x17, 0x24, 0x21, 0x53, 0x24, 0x21, 0x53, 0x24, 0x21, 0xD2,
    0x24, 0x21, 0x8F, 0x00, 0x00, 0x00, 0x00, 0x00, 0x00, 0x24, 0x21, 0x4A, 0x24, 0x21, 0xFF, 0x24, 0x21, 0x0A, 0x00, 0x00, 0x00, 0x24, 0x21, 0x77,
    0x24, 0x21, 0xCB, 0x00, 0x00, 0x00, 0x00, 0x00, 0x00, 0x24, 0x21, 0xB7, 0x24, 0x21, 0x9F, 0x00, 0x00, 0x00, 0x24, 0x21, 0x1A, 0x24, 0x21, 0xF1,
    0x24, 0x21, 0xCD, 0x24, 0x21, 0xD8, 0x24, 0x21, 0xF8, 0x24, 0x21, 0x22, 0x00, 0x00, 0x00, 0x24, 0x21, 0x05, 0x24, 0x21, 0xE4, 0x24, 0x21, 0x5B,
    0x00, 0x00, 0x00, 0x24, 0x21, 0x9F, 0x24, 0x21, 0xAB, 0x00, 0x00, 0x00, 0x00, 0x00, 0x00, 0x00, 0x00, 0x00, 0x00, 0x00, 0x00, 0x00, 0x00, 0x00,
    0x24, 0x21, 0x1B, 0x24, 0x21, 0xFF, 0x24, 0x21, 0xFF, 0x24, 0x21, 0xFF, 0x24, 0x21, 0xB3, 0x00, 0x00, 0x00, 0x00, 0x00, 0x00, 0x00, 0x00, 0x00,
    0x24, 0x21, 0x59, 0x24, 0x21, 0xFA, 0x00, 0x00, 0x00, 0x00, 0x00, 0x00, 0x24, 0x21, 0x0B, 0x24, 0x21, 0xFF, 0x24, 0x21, 0x4F, 0x00, 0x00, 0x00,
    0x00, 0x00, 0x00, 0x00, 0x00, 0x00, 0x00, 0x00, 0x00, 0x00, 0x00, 0x00, 0x24, 0x21, 0xBC, 0x24, 0x21, 0x9A, 0x00, 0x00, 0x00, 0x00, 0x00, 0x00,
    0x24, 0x21, 0x0F, 0x24, 0x21, 0xFF, 0x24, 0x21, 0x3B, 0x00, 0x00, 0x00, 0x00, 0x00, 0x00, 0x00, 0x00, 0x00, 0x24, 0x21, 0x63, 0x24, 0x21, 0xF3,
    0x00, 0x00, 0x00, 0x00, 0x00, 0x00, 0x00, 0x00, 0x00, 0x00, 0x00, 0x00, 0x00, 0x00, 0x00, 0x00, 0x00, 0x00, 0x24, 0x21, 0x5F, 0x24, 0x21, 0xFB,
    0x00, 0x00, 0x00, 0x00, 0x00, 0x00, 0x00, 0x00, 0x00, 0x00, 0x00, 0x00, 0x00, 0x00, 0x00, 0x00, 0x00, 0x00, 0x00, 0x00, 0x00, 0x00, 0x00, 0x00,
    0x00, 0x00, 0x00, 0x24, 0x21, 0x8F, 0x24, 0x21, 0xD7, 0x00, 0x00, 0x00, 0x00, 0x00, 0x00, 0x00, 0x00, 0x00, 0x24, 0x21, 0x42, 0x24, 0x21, 0xFB,
    0x24, 0x21, 0x9B, 0x24, 0x21, 0xE3, 0x24, 0x21, 0x67, 0x00, 0x00, 0x00, 0x24, 0x21, 0x0A, 0x24, 0x21, 0x3B, 0x24, 0x21, 0x3B, 0x24, 0x21, 0x3B,
    0x24, 0x21, 0x69, 0x24, 0x21, 0xFF, 0x24, 0x21, 0x51, 0x24, 0x21, 0x3B, 0x24, 0x21, 0x3B, 0x24, 0x21, 0x3B, 0x24, 0x21, 0x0A, 0x00, 0x00, 0x00,
    0x00, 0x00, 0x00, 0x24, 0x21, 0x46, 0x24, 0x21, 0xFF, 0x24, 0x21, 0xFA, 0x24, 0x21, 0xFF, 0x24, 0x21, 0xE8, 0x24, 0x21, 0x9E, 0x24, 0x21, 0xE9,
    0x24, 0x21, 0xB6, 0x24, 0x21, 0xE7, 0x24, 0x21, 0xAA, 0x00, 0x00, 0x00, 0x24, 0x21, 0x1F, 0x24, 0x21, 0x1E, 0x24, 0x21, 0x74, 0x24, 0x21, 0xFE,
    0x24, 0x21, 0x0C, 0x00, 0x00, 0x00, 0x00, 0x00, 0x00, 0x00, 0x00, 0x00, 0x00, 0x00, 0x00, 0x00, 0x00, 0x00, 0x00, 0x00, 0x00, 0x00, 0x00, 0x00,
    0x24, 0x21, 0x35, 0x24, 0x21, 0x5B, 0x24, 0x21, 0x5B, 0x24, 0x21, 0x5B, 0x24, 0x21, 0x5B, 0x24, 0x21, 0x5B, 0x24, 0x21, 0x5B, 0x24, 0x21, 0x5B,
    0x24, 0x21, 0x5B, 0x24, 0x21, 0x5B, 0x24, 0x21, 0x5B, 0x24, 0x21, 0x5B, 0x24, 0x21, 0xDC, 0x24, 0x21, 0xA3, 0x00, 0x00, 0x00, 0x00, 0x00, 0x00,
    0x00, 0x00, 0x00, 0x00, 0x00, 0x00, 0x24, 0x21, 0xEB, 0x24, 0x21, 0x5B, 0x00, 0x00, 0x00, 0x00, 0x00, 0x00, 0x00, 0x00, 0x00, 0x24, 0x21, 0xA3,
    0x24, 0x21, 0xAB, 0x00, 0x00, 0x00, 0x24, 0x21, 0x1F, 0x24, 0x21, 0xFF, 0x24, 0x21, 0x1F, 0x00, 0x00, 0x00, 0x24, 0x21, 0x7B, 0x24, 0x21, 0xDB,
    0x00, 0x00, 0x00, 0x00, 0x00, 0x00, 0x00, 0x00, 0x00, 0x00, 0x00, 0x00, 0x00, 0x00, 0x00, 0x24, 0x21, 0xBB, 0x24, 0x21, 0x8F, 0x00, 0x00, 0x00,
    0x00, 0x00, 0x00, 0x24, 0x21, 0x59, 0x24, 0x21, 0xFB, 0x00, 0x00, 0x00, 0x00, 0x00, 0x00, 0x24, 0x21, 0x77, 0x24, 0x21, 0xCB, 0x00, 0x00, 0x00,
    0x00, 0x00, 0x00, 0x24, 0x21, 0xB7, 0x24, 0x21, 0x9F, 0x00, 0x00, 0x00, 0x00, 0x00, 0x00, 0x24, 0x21, 0x03, 0x24, 0x21, 0x0D, 0x24, 0x21, 0xE0,
    0x24, 0x21, 0x77, 0x00, 0x00, 0x00, 0x00, 0x00, 0x00, 0x24, 0x21, 0x6B, 0x24, 0x21, 0xE2, 0x24, 0x21, 0x04, 0x00, 0x00, 0x00, 0x24, 0x21, 0x9F,
    0x24, 0x21, 0xAB, 0x00, 0x00, 0x00, 0x00, 0x00, 0x00, 0x00, 0x00, 0x00, 0x00, 0x00, 0x00, 0x00, 0x00, 0x00, 0x24, 0x21, 0x07, 0x24, 0x21, 0x43,
    0x24, 0x21, 0x43, 0x24, 0x21, 0xB9, 0x24, 0x21, 0xB3, 0x24, 0x21, 0x01, 0x24, 0x21, 0x47, 0x24, 0x21, 0x47, 0x24, 0x21, 0x8D, 0x24, 0x21, 0xF8,
    0x24, 0x21, 0x47, 0x24, 0x21, 0x47, 0x24, 0x21, 0x50, 0x24, 0x21, 0xFF, 0x24, 0x21, 0x81, 0x24, 0x21, 0x47, 0x24, 0x21, 0x46, 0x00, 0x00, 0x00,
    0x00, 0x00, 0x00, 0x00, 0x00, 0x00, 0x24, 0x21, 0xC1, 0x24, 0x21, 0x94, 0x00, 0x00, 0x00, 0x00, 0x00, 0x00, 0x24, 0x21, 0x0F, 0x24, 0x21, 0xFF,
    0x24, 0x21, 0x4B, 0x24, 0x21, 0x13, 0x24, 0x21, 0x13, 0x24, 0x21, 0x13, 0x24, 0x21, 0x70, 0x24, 0x21, 0xF3, 0x00, 0x00, 0x00, 0x00, 0x00, 0x00,
    0x00, 0x00, 0x00, 0x00, 0x00, 0x00, 0x00, 0x00, 0x00, 0x00, 0x00, 0x00, 0x24, 0x21, 0x5F, 0x24, 0x21, 0xFF, 0x24, 0x21, 0xFF, 0x24, 0x21, 0xFF,
    0x24, 0x21, 0xFF, 0x24, 0x21, 0xFF, 0x24, 0x21, 0xFF, 0x24, 0x21, 0xFF, 0x24, 0x21, 0xFF, 0x24, 0x21, 0xFF, 0x24, 0x21, 0xFF, 0x24, 0x21, 0xFF,
    0x24, 0x21, 0xD7, 0x00, 0x00, 0x00, 0x00, 0x00, 0x00, 0x00, 0x00, 0x00, 0x24, 0x21, 0x4D, 0x24, 0x21, 0xD1, 0x24, 0x21, 0x09, 0x24, 0x21, 0xE3,
    0x24, 0x21, 0x67, 0x00, 0x00, 0x00, 0x00, 0x00, 0x00, 0x00, 0x00, 0x00, 0x00, 0x00, 0x00, 0x00, 0x00, 0x00, 0x24, 0x21, 0x3B, 0x24, 0x21, 0xFF,
    0x24, 0x21, 0x1B, 0x00, 0x00, 0x00, 0x00, 0x00, 0x00, 0x00, 0x00, 0x00, 0x00, 0x00, 0x00, 0x00, 0x00, 0x00, 0x00, 0x00, 0x00, 0x24, 0x21, 0x49,
    0x24, 0x21, 0xDF, 0x24, 0x21, 0x86, 0x24, 0x21, 0x36, 0x24, 0x21, 0x01, 0x00, 0x00, 0x00, 0x24, 0x21, 0x56, 0x24, 0x21, 0xFF, 0x24, 0x21, 0xA2,
    0x24, 0x21, 0x0B, 0x00, 0x00, 0x00, 0x24, 0x21, 0x8C, 0x24, 0x21, 0xFF, 0x24, 0x21, 0xFC, 0x24, 0x21, 0x96, 0x00, 0x00, 0x00, 0x00, 0x00, 0x00,
    0x00, 0x00, 0x00, 0x00, 0x00, 0x00, 0x00, 0x00, 0x00, 0x00, 0x00, 0x00, 0x00, 0x00, 0x00, 0x00, 0x00, 0x00, 0x00, 0x00, 0x00, 0x00, 0x00, 0x00,
    0x00, 0x00, 0x00, 0x00, 0x00, 0x00, 0x00, 0x00, 0x00, 0x00, 0x00, 0x00, 0x00, 0x00, 0x00, 0x00, 0x00, 0x00, 0x00, 0x00, 0x00, 0x00, 0x00, 0x00,
    0x00, 0x00, 0x00, 0x00, 0x00, 0x00, 0x24, 0x21, 0xC7, 0x24, 0x21, 0xA3, 0x00, 0x00, 0x00, 0x00, 0x00, 0x00, 0x00, 0x00, 0x00, 0x00, 0x00, 0x00,
    0x24, 0x21, 0xEB, 0x24, 0x21, 0xFF, 0x24, 0x21, 0xFF, 0x24, 0x21, 0xFF, 0x24, 0x21, 0xFF, 0x24, 0x21, 0xFF, 0x24, 0x21, 0xAB, 0x00, 0x00, 0x00,
    0x24, 0x21, 0x1F, 0x24, 0x21, 0xFF, 0x24, 0x21, 0x1F, 0x00, 0x00, 0x00, 0x24, 0x21, 0x7B, 0x24, 0x21, 0xDB, 0x00, 0x00, 0x00, 0x00, 0x00, 0x00,
    0x00, 0x00, 0x00, 0x00, 0x00, 0x00, 0x00, 0x00, 0x00, 0x24, 0x21, 0xBB, 0x24, 0x21, 0x8F, 0x00, 0x00, 0x00, 0x00, 0x00, 0x00, 0x24, 0x21, 0x69,
    0x24, 0x21, 0xEC, 0x00, 0x00, 0x00, 0x00, 0x00, 0x00, 0x24, 0x21, 0x77, 0x24, 0x21, 0xCB, 0x00, 0x00, 0x00, 0x00, 0x00, 0x00, 0x24, 0x21, 0xB7,
    0x24, 0x21, 0x9F, 0x00, 0x00, 0x00, 0x00, 0x00, 0x00, 0x00, 0x00, 0x00, 0x24, 0x21, 0xA1, 0x24, 0x21, 0xC1, 0x24, 0x21, 0x02, 0x24, 0x21, 0x01,
    0x24, 0x21, 0x07, 0x24, 0x21, 0xEC, 0x24, 0x21, 0xFF, 0x24, 0x21, 0xFF, 0x24, 0x21, 0xFF, 0x24, 0x21, 0xFF, 0x24, 0x21, 0xFF, 0x24, 0x21, 0xFF,
    0x24, 0x21, 0xFF, 0x24, 0x21, 0xFF, 0x24, 0x21, 0x67, 0x00, 0x00, 0x00, 0x00, 0x00, 0x00, 0x00, 0x00, 0x00, 0x00, 0x00, 0x00, 0x24, 0x21, 0x9F,
    0x24, 0x21, 0xB3, 0x24, 0x21, 0x03, 0x24, 0x21, 0xFF, 0x24, 0x21, 0xFF, 0x24, 0x21, 0xFF, 0x24, 0x21, 0xFF, 0x24, 0x21, 0xFF, 0x24, 0x21, 0xFF,
    0x24, 0x21, 0xFF, 0x24, 0x21, 0xFF, 0x24, 0x21, 0xFF, 0x24, 0x21, 0xFF, 0x24, 0x21, 0xFB, 0x00, 0x00, 0x00, 0x00, 0x00, 0x00, 0x00, 0x00, 0x00,
    0x24, 0x21, 0xC7, 0x24, 0x21, 0x8D, 0x00, 0x00, 0x00, 0x00, 0x00, 0x00, 0x24, 0x21, 0x0F, 0x24, 0x21, 0xFF, 0x24, 0x21, 0xFF, 0x24, 0x21, 0xFF,
    0x24, 0x21, 0xFF, 0x24, 0x21, 0xFF, 0x24, 0x21, 0xFF, 0x24, 0x21, 0xF3, 0x00, 0x00, 0x00, 0x00, 0x00, 0x00, 0x00, 0x00, 0x00, 0x00, 0x00, 0x00,
    0x00, 0x00, 0x00, 0x00, 0x00, 0x00, 0x24, 0x21, 0x5F, 0x24, 0x21, 0xFD, 0x24, 0x21, 0x57, 0x24, 0x21, 0x57, 0x24, 0x21, 0x57, 0x24, 0x21, 0x57,
    0x24, 0x21, 0x57, 0x24, 0x21, 0x57, 0x24, 0x21, 0x57, 0x24, 0x21, 0x57, 0x24, 0x21, 0x57, 0x24, 0x21, 0xB6, 0x24, 0x21, 0xD7, 0x00, 0x00, 0x00,
    0x00, 0x00, 0x00, 0x00, 0x00, 0x00, 0x00, 0x00, 0x00, 0x24, 0x21, 0x1B, 0x00, 0x00, 0x00, 0x24, 0x21, 0xE3, 0x24, 0x21, 0x67, 0x24, 0x21, 0x1D,
    0x24, 0x21, 0x3B, 0x24, 0x21, 0x3B, 0x24, 0x21, 0x3B, 0x24, 0x21, 0x3B, 0x24, 0x21, 0x69, 0x24, 0x21, 0xFF, 0x24, 0x21, 0x51, 0x24, 0x21, 0x3B,
    0x24, 0x21, 0x3B, 0x24, 0x21, 0x3B, 0x24, 0x21, 0x3B, 0x24, 0x21, 0x0A, 0x00, 0x00, 0x00, 0x00, 0x00, 0x00, 0x24, 0x21, 0x01, 0x24, 0x21, 0x1B,
    0x24, 0x21, 0x1B, 0x24, 0x21, 0x1B, 0x24, 0x21, 0x1B, 0x24, 0x21, 0x1B, 0x24, 0x21, 0x33, 0x24, 0x21, 0x1C, 0x24, 0x21, 0x1B, 0x24, 0x21, 0x1B,
    0x24, 0x21, 0x1C, 0x24, 0x21, 0x22, 0x24, 0x21, 0x1E, 0x24, 0x21, 0x04, 0x00, 0x00, 0x00, 0x00, 0x00, 0x00, 0x00, 0x00, 0x00, 0x00, 0x00, 0x00,
    0x00, 0x00, 0x00, 0x00, 0x00, 0x00, 0x00, 0x00, 0x00, 0x00, 0x00, 0x00, 0x00, 0x00, 0x00, 0x00, 0x00, 0x00, 0x00, 0x00, 0x00, 0x00, 0x00, 0x00,
    0x00, 0x00, 0x00, 0x00, 0x00, 0x00, 0x00, 0x00, 0x00, 0x00, 0x00, 0x00, 0x00, 0x00, 0x00, 0x00, 0x00, 0x00, 0x00, 0x00, 0x00, 0x00, 0x00, 0x00,
    0x24, 0x21, 0xC7, 0x24, 0x21, 0xA3, 0x00, 0x00, 0x00, 0x00, 0x00, 0x00, 0x00, 0x00, 0x00, 0x00, 0x00, 0x00, 0x24, 0x21, 0xEB, 0x24, 0x21, 0x66,
    0x24, 0x21, 0x0F, 0x24, 0x21, 0x0F, 0x24, 0x21, 0x0F, 0x24, 0x21, 0xA9, 0x24, 0x21, 0xAB, 0x00, 0x00, 0x00, 0x24, 0x21, 0x1F, 0x24, 0x21, 0xFF,
    0x24, 0x21, 0x1F, 0x00, 0x00, 0x00, 0x24, 0x21, 0x7B, 0x24, 0x21, 0xDB, 0x00, 0x00, 0x00, 0x00, 0x00, 0x00, 0x00, 0x00, 0x00, 0x00, 0x00, 0x00,
    0x00, 0x00, 0x00, 0x24, 0x21, 0xBB, 0x24, 0x21, 0x8F, 0x00, 0x00, 0x00, 0x00, 0x00, 0x00, 0x24, 0x21, 0x79, 0x24, 0x21, 0xDE, 0x00, 0x00, 0x00,
    0x00, 0x00, 0x00, 0x24, 0x21, 0x77, 0x24, 0x21, 0xCB, 0x00, 0x00, 0x00, 0x00, 0x00, 0x00, 0x24, 0x21, 0xB7, 0x24, 0x21, 0x9F, 0x00, 0x00, 0x00,
    0x00, 0x00, 0x00, 0x24, 0x21, 0x5E, 0x24, 0x21, 0xFF, 0x24, 0x21, 0xAB, 0x24, 0x21, 0xBF, 0x24, 0x21, 0xF2, 0x24, 0x21, 0x45, 0x24, 0x21, 0x50,
    0x24, 0x21, 0x46, 0x24, 0x21, 0x3B, 0x24, 0x21, 0x3B, 0x24, 0x21, 0xB6, 0x24, 0x21, 0xBF, 0x24, 0x21, 0x3B, 0x24, 0x21, 0x3B, 0x24, 0x21, 0x3B,
    0x24, 0x21, 0x18, 0x00, 0x00, 0x00, 0x00, 0x00, 0x00, 0x00, 0x00, 0x00, 0x00, 0x00, 0x00, 0x24, 0x21, 0x9F, 0x24, 0x21, 0xB3, 0x00, 0x00, 0x00,
    0x00, 0x00, 0x00, 0x00, 0x00, 0x00, 0x24, 0x21, 0xB3, 0x24, 0x21, 0xA8, 0x00, 0x00, 0x00, 0x00, 0x00, 0x00, 0x24, 0x21, 0x0B, 0x24, 0x21, 0xFF,
    0x24, 0x21, 0x4F, 0x00, 0x00, 0x00, 0x00, 0x00, 0x00, 0x00, 0x00, 0x00, 0x00, 0x00, 0x00, 0x00, 0x00, 0x00, 0x24, 0x21, 0xD8, 0x24, 0x21, 0x7B,
    0x00, 0x00, 0x00, 0x00, 0x00, 0x00, 0x00, 0x00, 0x00, 0x00, 0x00, 0x00, 0x00, 0x00, 0x00, 0x00, 0x00, 0x00, 0x00, 0x00, 0x00, 0x00, 0x00, 0x00,
    0x00, 0x00, 0x00, 0x00, 0x00, 0x00, 0x24, 0x21, 0x01, 0x00, 0x00, 0x00, 0x00, 0x00, 0x00, 0x00, 0x00, 0x00, 0x00, 0x00, 0x00, 0x00, 0x00, 0x00,
    0x24, 0x21, 0x5F, 0x24, 0x21, 0xFB, 0x00, 0x00, 0x00, 0x00, 0x00, 0x00, 0x00, 0x00, 0x00, 0x00, 0x00, 0x00, 0x00, 0x00, 0x00, 0x00, 0x00, 0x00,
    0x00, 0x00, 0x00, 0x00, 0x00, 0x00, 0x00, 0x00, 0x00, 0x24, 0x21, 0x2C, 0x24, 0x21, 0x43, 0x00, 0x00, 0x00, 0x00, 0x00, 0x00, 0x00, 0x00, 0x00,
    0x00, 0x00, 0x00, 0x00, 0x00, 0x00, 0x00, 0x00, 0x00, 0x24, 0x21, 0xE3, 0x24, 0x21, 0x67, 0x24, 0x21, 0x7F, 0x24, 0x21, 0xFF, 0x24, 0x21, 0xFF,
    0x24, 0x21, 0xFF, 0x24, 0x21, 0xFF, 0x24, 0x21, 0xFF, 0x24, 0x21, 0xFF, 0x24, 0x21, 0xFF, 0x24, 0x21, 0xFF, 0x24, 0x21, 0xFF, 0x24, 0x21, 0xFF,
    0x24, 0x21, 0xFF, 0x24, 0x21, 0x2B, 0x00, 0x00, 0x00, 0x00, 0x00, 0x00, 0x00, 0x00, 0x00, 0x24, 0x21, 0xF7, 0x24, 0x21, 0xFF, 0x24, 0x21, 0xFF,
    0x24, 0x21, 0xFF, 0x24, 0x21, 0xFF, 0x24, 0x21, 0xFF, 0x24, 0x21, 0xFF, 0x24, 0x21, 0xFF, 0x24, 0x21, 0xFF, 0x24, 0x21, 0xFF, 0x24, 0x21, 0xFF,
    0x24, 0x21, 0xFF, 0x24, 0x21, 0x27, 0x00, 0x00, 0x00, 0x00, 0x00, 0x00, 0x00, 0x00, 0x00, 0x00, 0x00, 0x00, 0x00, 0x00, 0x00, 0x00, 0x00, 0x00,
    0x00, 0x00, 0x00, 0x00, 0x00, 0x00, 0x00, 0x00, 0x00, 0x24, 0x21, 0xFB, 0x24, 0x21, 0xFF, 0x24, 0x21, 0xFF, 0x24, 0x21, 0xFF, 0x24, 0x21, 0xFF,
    0x24, 0x21, 0xFF, 0x24, 0x21, 0xFF, 0x24, 0x21, 0xFF, 0x24, 0x21, 0xFF, 0x24, 0x21, 0xFF, 0x24, 0x21, 0xFF, 0x24, 0x21, 0xFF, 0x24, 0x21, 0xA3,
    0x00, 0x00, 0x00, 0x00, 0x00, 0x00, 0x00, 0x00, 0x00, 0x00, 0x00, 0x00, 0x24, 0x21, 0xEB, 0x24, 0x21, 0x5B, 0x00, 0x00, 0x00, 0x00, 0x00, 0x00,
    0x00, 0x00, 0x00, 0x24, 0x21, 0xA3, 0x24, 0x21, 0xAB, 0x00, 0x00, 0x00, 0x24, 0x21, 0x1F, 0x24, 0x21, 0xFF, 0x24, 0x21, 0x1F, 0x00, 0x00, 0x00,
    0x24, 0x21, 0x7B, 0x24, 0x21, 0xDB, 0x00, 0x00, 0x00, 0x00, 0x00, 0x00, 0x00, 0x00, 0x00, 0x00, 0x00, 0x00, 0x00, 0x00, 0x00, 0x24, 0x21, 0xBB,
    0x24, 0x21, 0x8F, 0x00, 0x00, 0x00, 0x00, 0x00, 0x00, 0x24, 0x21, 0x89, 0x24, 0x21, 0xCF, 0x00, 0x00, 0x00, 0x00, 0x00, 0x00, 0x24, 0x21, 0x77,
    0x24, 0x21, 0xCB, 0x00, 0x00, 0x00, 0x00, 0x00, 0x00, 0x24, 0x21, 0xB7, 0x24, 0x21, 0x9F, 0x00, 0x00, 0x00, 0x24, 0x21, 0x0A, 0x24, 0x21, 0xFB,
    0x24, 0x21, 0xFF, 0x24, 0x21, 0xE8, 0x24, 0x21, 0xA4, 0x24, 0x21, 0x60, 0x24, 0x21, 0x0E, 0x00, 0x00, 0x00, 0x24, 0x21, 0x41, 0x24, 0x21, 0x19,
    0x00, 0x00, 0x00, 0x24, 0x21, 0x9F, 0x24, 0x21, 0xAB, 0x00, 0x00, 0x00, 0x24, 0x21, 0x2B, 0x24, 0x21, 0x12, 0x00, 0x00, 0x00, 0x00, 0x00, 0x00,
    0x00, 0x00, 0x00, 0x00, 0x00, 0x00, 0x00, 0x00, 0x00, 0x24, 0x21, 0x9F, 0x24, 0x21, 0xB3, 0x00, 0x00, 0x00, 0x00, 0x00, 0x00, 0x24, 0x21, 0x0F,
    0x24, 0x21, 0xF9, 0x24, 0x21, 0x5C, 0x00, 0x00, 0x00, 0x00, 0x00, 0x00, 0x24, 0x21, 0x0B, 0x24, 0x21, 0xFF, 0x24, 0x21, 0x4F, 0x00, 0x00, 0x00,
    0x00, 0x00, 0x00, 0x00, 0x00, 0x00, 0x00, 0x00, 0x00, 0x00, 0x00, 0x00, 0x24, 0x21, 0xEE, 0x24, 0x21, 0x63, 0x24, 0x21, 0xB3, 0x24, 0x21, 0xFF,
    0x24, 0x21, 0xFF, 0x24, 0x21, 0xFF, 0x24, 0x21, 0xFF, 0x24, 0x21, 0xFF, 0x24, 0x21, 0xFF, 0x24, 0x21, 0xFF, 0x24, 0x21, 0xFF, 0x24, 0x21, 0xFF,
    0x24, 0x21, 0xFE, 0x24, 0x21, 0x54, 0x00, 0x00, 0x00, 0x00, 0x00, 0x00, 0x00, 0x00, 0x00, 0x00, 0x00, 0x00, 0x24, 0x21, 0x5F, 0x24, 0x21, 0xFB,
    0x00, 0x00, 0x00, 0x00, 0x00, 0x00, 0x00, 0x00, 0x00, 0x00, 0x00, 0x00, 0x00, 0x00, 0x00, 0x00, 0x00, 0x00, 0x00, 0x00, 0x00, 0x00, 0x00, 0x00,
    0x00, 0x00, 0x00, 0x00, 0x00, 0x00, 0x00, 0x00, 0x00, 0x00, 0x00, 0x00, 0x00, 0x00, 0x00, 0x00, 0x00, 0x00, 0x00, 0x00, 0x00, 0x00, 0x00, 0x00,
    0x00, 0x00, 0x00, 0x24, 0x21, 0xE3, 0x24, 0x21, 0x67, 0x00, 0x00, 0x00, 0x00, 0x00, 0x00, 0x00, 0x00, 0x00, 0x00, 0x00, 0x00, 0x24, 0x21, 0x6F,
    0x24, 0x21, 0xFF, 0x24, 0x21, 0xFF, 0x24, 0x21, 0xFD, 0x24, 0x21, 0x4E, 0x00, 0x00, 0x00, 0x00, 0x00, 0x00, 0x00, 0x00, 0x00, 0x00, 0x00, 0x00,
    0x00, 0x00, 0x00, 0x00, 0x00, 0x00, 0x00, 0x00, 0x00, 0x24, 0x21, 0xF7, 0x24, 0x21, 0x63, 0x00, 0x00, 0x00, 0x00, 0x00, 0x00, 0x00, 0x00, 0x00,
    0x24, 0x21, 0x9F, 0x24, 0x21, 0xA7, 0x00, 0x00, 0x00, 0x00, 0x00, 0x00, 0x00, 0x00, 0x00, 0x24, 0x21, 0x3F, 0x24, 0x21, 0xFF, 0x24, 0x21, 0x27,
    0x00, 0x00, 0x00, 0x00, 0x00, 0x00, 0x00, 0x00, 0x00, 0x00, 0x00, 0x00, 0x00, 0x00, 0x00, 0x00, 0x00, 0x00, 0x00, 0x00, 0x00, 0x00, 0x00, 0x00,
    0x00, 0x00, 0x00, 0x24, 0x21, 0x4A, 0x24, 0x21, 0x4B, 0x24, 0x21, 0x4B, 0x24, 0x21, 0x4B, 0x24, 0x21, 0x4B, 0x24, 0x21, 0x4B, 0x24, 0x21, 0x4B,
    0x24, 0x21, 0x4B, 0x24, 0x21, 0x4B, 0x24, 0x21, 0x4B, 0x24, 0x21, 0x4B, 0x24, 0x21, 0xD8, 0x24, 0x21, 0xA3, 0x00, 0x00, 0x00, 0x00, 0x00, 0x00,
    0x00, 0x00, 0x00, 0x00, 0x00, 0x00, 0x24, 0x21, 0xEB, 0x24, 0x21, 0xFF, 0x24, 0x21, 0xFF, 0x24, 0x21, 0xFF, 0x24, 0x21, 0xFF, 0x24, 0x21, 0xFF,
    0x24, 0x21, 0xAB, 0x00, 0x00, 0x00, 0x24, 0x21, 0x1F, 0x24, 0x21, 0xFF, 0x24, 0x21, 0x1F, 0x00, 0x00, 0x00, 0x24, 0x21, 0x7B, 0x24, 0x21, 0xDB,
    0x00, 0x00, 0x00, 0x00, 0x00, 0x00, 0x00, 0x00, 0x00, 0x00, 0x00, 0x00, 0x00, 0x00, 0x00, 0x24, 0x21, 0xBB, 0x24, 0x21, 0x8F, 0x24, 0x21, 0x05,
    0x24, 0x21, 0x1F, 0x24, 0x21, 0xA7, 0x24, 0x21, 0xBE, 0x00, 0x00, 0x00, 0x00, 0x00, 0x00, 0x24, 0x21, 0x77, 0x24, 0x21, 0xCB, 0x00, 0x00, 0x00,
    0x00, 0x00, 0x00, 0x24, 0x21, 0xB7, 0x24, 0x21, 0x9F, 0x00, 0x00, 0x00, 0x00, 0x00, 0x00, 0x24, 0x21, 0x71, 0x24, 0x21, 0x35, 0x24, 0x21, 0x01,
    0x00, 0x00, 0x00, 0x00, 0x00, 0x00, 0x00, 0x00, 0x00, 0x24, 0x21, 0x0B, 0x24, 0x21, 0xEF, 0x24, 0x21, 0x75, 0x00, 0x00, 0x00, 0x24, 0x21, 0x9F,
    0x24, 0x21, 0xAB, 0x00, 0x00, 0x00, 0x24, 0x21, 0xD5, 0x24, 0x21, 0x85, 0x00, 0x00, 0x00, 0x00, 0x00, 0x00, 0x00, 0x00, 0x00, 0x00, 0x00, 0x00,
    0x00, 0x00, 0x00, 0x24, 0x21, 0x9F, 0x24, 0x21, 0xB3, 0x00, 0x00, 0x00, 0x00, 0x00, 0x00, 0x24, 0x21, 0x81, 0x24, 0x21, 0xF8, 0x24, 0x21, 0x13,
    0x00, 0x00, 0x00, 0x00, 0x00, 0x00, 0x24, 0x21, 0x0B, 0x24, 0x21, 0xFF, 0x24, 0x21, 0x4F, 0x00, 0x00, 0x00, 0x00, 0x00, 0x00, 0x00, 0x00, 0x00,
    0x00, 0x00, 0x00, 0x24, 0x21, 0x0E, 0x24, 0x21, 0xFE, 0x24, 0x21, 0x49, 0x24, 0x21, 0x16, 0x24, 0x21, 0x1F, 0x24, 0x21, 0xBD, 0x24, 0x21, 0xC7,
    0x24, 0x21, 0x25, 0x24, 0x21, 0x1F, 0x24, 0x21, 0x1F, 0x24, 0x21, 0x1F, 0x24, 0x21, 0x29, 0x24, 0x21, 0xCE, 0x24, 0x21, 0xCA, 0x24, 0x21, 0x05,
    0x00, 0x00, 0x00, 0x00, 0x00, 0x00, 0x00, 0x00, 0x00, 0x00, 0x00, 0x00, 0x24, 0x21, 0x5F, 0x24, 0x21, 0xFB, 0x00, 0x00, 0x00, 0x00, 0x00, 0x00,
    0x00, 0x00, 0x00, 0x00, 0x00, 0x00, 0x00, 0x00, 0x00, 0x00, 0x00, 0x00, 0x00, 0x00, 0x00, 0x00, 0x00, 0x00, 0x00, 0x00, 0x00, 0x00, 0x00, 0x00,
    0x00, 0x00, 0x00, 0x24, 0x21, 0x36, 0x24, 0x21, 0x77, 0x24, 0x21, 0x07, 0x00, 0x00, 0x00, 0x00, 0x00, 0x00, 0x00, 0x00, 0x00, 0x24, 0x21, 0xE3,
    0x24, 0x21, 0x67, 0x00, 0x00, 0x00, 0x00, 0x00, 0x00, 0x00, 0x00, 0x00, 0x24, 0x21, 0x41, 0x24, 0x21, 0xFB, 0x24, 0x21, 0x8E, 0x24, 0x21, 0xFF,
    0x24, 0x21, 0x88, 0x24, 0x21, 0xEF, 0x24, 0x21, 0x21, 0x00, 0x00, 0x00, 0x00, 0x00, 0x00, 0x00, 0x00, 0x00, 0x00, 0x00, 0x00, 0x00, 0x00, 0x00,
    0x00, 0x00, 0x00, 0x24, 0x21, 0xF7, 0x24, 0x21, 0x6B, 0x24, 0x21, 0x0B, 0x24, 0x21, 0x0B, 0x24, 0x21, 0x0B, 0x24, 0x21, 0xA4, 0x24, 0x21, 0xAC,
    0x24, 0x21, 0x0B, 0x24, 0x21, 0x0B, 0x24, 0x21, 0x0B, 0x24, 0x21, 0x48, 0x24, 0x21, 0xFF, 0x24, 0x21, 0x27, 0x00, 0x00, 0x00, 0x00, 0x00, 0x00,
    0x00, 0x00, 0x00, 0x00, 0x00, 0x00, 0x00, 0x00, 0x00, 0x00, 0x00, 0x00, 0x00, 0x00, 0x00, 0x00, 0x00, 0x00, 0x00, 0x00, 0x00, 0x00, 0x00, 0x00,
    0x00, 0x00, 0x00, 0x00, 0x00, 0x00, 0x00, 0x00, 0x00, 0x00, 0x00, 0x00, 0x00, 0x00, 0x00, 0x00, 0x00, 0x00, 0x00, 0x00, 0x00, 0x00, 0x00, 0x00,
    0x00, 0x00, 0x00, 0x00, 0x00, 0x00, 0x24, 0x21, 0xC7, 0x24, 0x21, 0xA3, 0x00, 0x00, 0x00, 0x00, 0x00, 0x00, 0x00, 0x00, 0x00, 0x00, 0x00, 0x00,
    0x24, 0x21, 0xEB, 0x24, 0x21, 0x66, 0x24, 0x21, 0x0F, 0x24, 0x21, 0x0F, 0x24, 0x21, 0x0F, 0x24, 0x21, 0xA9, 0x24, 0x21, 0xAB, 0x00, 0x00, 0x00,
    0x24, 0x21, 0x19, 0x24, 0x21, 0xCF, 0x24, 0x21, 0x19, 0x00, 0x00, 0x00, 0x24, 0x21, 0x7B, 0x24, 0x21, 0xDB, 0x00, 0x00, 0x00, 0x00, 0x00, 0x00,
    0x00, 0x00, 0x00, 0x00, 0x00, 0x00, 0x00, 0x00, 0x00, 0x24, 0x21, 0xBB, 0x24, 0x21, 0x9E, 0x24, 0x21, 0xBB, 0x24, 0x21, 0xA5, 0x24, 0x21, 0xE3,
    0x24, 0x21, 0x8D, 0x00, 0x00, 0x00, 0x00, 0x00, 0x00, 0x24, 0x21, 0x77, 0x24, 0x21, 0xCB, 0x00, 0x00, 0x00, 0x00, 0x00, 0x00, 0x24, 0x21, 0xB7,
    0x24, 0x21, 0x9F, 0x00, 0x00, 0x00, 0x00, 0x00, 0x00, 0x00, 0x00, 0x00, 0x00, 0x00, 0x00, 0x00, 0x00, 0x00, 0x24, 0x21, 0x2B, 0x24, 0x21, 0x97,
    0x24, 0x21, 0x20, 0x24, 0x21, 0x6B, 0x24, 0x21, 0xEF, 0x24, 0x21, 0x0D, 0x00, 0x00, 0x00, 0x24, 0x21, 0x9F, 0x24, 0x21, 0xAB, 0x00, 0x00, 0x00,
    0x24, 0x21, 0x5F, 0x24, 0x21, 0xF2, 0x24, 0x21, 0x13, 0x00, 0x00, 0x00, 0x00, 0x00, 0x00, 0x00, 0x00, 0x00, 0x00, 0x00, 0x00, 0x24, 0x21, 0xA0,
    0x24, 0x21, 0xB3, 0x00, 0x00, 0x00, 0x24, 0x21, 0x54, 0x24, 0x21, 0xFB, 0x24, 0x21, 0x7E, 0x00, 0x00, 0x00, 0x00, 0x00, 0x00, 0x00, 0x00, 0x00,
    0x24, 0x21, 0x0B, 0x24, 0x21, 0xFF, 0x24, 0x21, 0x4F, 0x00, 0x00, 0x00, 0x00, 0x00, 0x00, 0x00, 0x00, 0x00, 0x00, 0x00, 0x00, 0x24, 0x21, 0x3E,
    0x24, 0x21, 0xFF, 0x24, 0x21, 0x19, 0x00, 0x00, 0x00, 0x00, 0x00, 0x00, 0x24, 0x21, 0x22, 0x24, 0x21, 0xEB, 0x24, 0x21, 0xB2, 0x24, 0x21, 0x13,
    0x00, 0x00, 0x00, 0x24, 0x21, 0x1B, 0x24, 0x21, 0xBE, 0x24, 0x21, 0xE4, 0x24, 0x21, 0x22, 0x00, 0x00, 0x00, 0x00, 0x00, 0x00, 0x00, 0x00, 0x00,
    0x00, 0x00, 0x00, 0x00, 0x00, 0x00, 0x24, 0x21, 0x5F, 0x24, 0x21, 0xFB, 0x00, 0x00, 0x00, 0x00, 0x00, 0x00, 0x00, 0x00, 0x00, 0x00, 0x00, 0x00,
    0x00, 0x00, 0x00, 0x00, 0x00, 0x00, 0x00, 0x00, 0x00, 0x00, 0x00, 0x00, 0x00, 0x00, 0x00, 0x00, 0x00, 0x00, 0x00, 0x00, 0x00, 0x24, 0x21, 0x63,
    0x24, 0x21, 0xFE, 0x24, 0x21, 0x0A, 0x00, 0x00, 0x00, 0x00, 0x00, 0x00, 0x00, 0x00, 0x00, 0x24, 0x21, 0xE3, 0x24, 0x21, 0x67, 0x00, 0x00, 0x00,
    0x00, 0x00, 0x00, 0x24, 0x21, 0x21, 0x24, 0x21, 0xEB, 0x24, 0x21, 0x8A, 0x24, 0x21, 0x3B, 0x24, 0x21, 0xFF, 0x24, 0x21, 0x1C, 0x24, 0x21, 0xB2,
    0x24, 0x21, 0xCD, 0x24, 0x21, 0x09, 0x00, 0x00, 0x00, 0x00, 0x00, 0x00, 0x00, 0x00, 0x00, 0x00, 0x00, 0x00, 0x00, 0x00, 0x00, 0x24, 0x21, 0xF7,
    0x24, 0x21, 0xFF, 0x24, 0x21, 0xFF, 0x24, 0x21, 0xFF, 0x24, 0x21, 0xFF, 0x24, 0x21, 0xFF, 0x24, 0x21, 0xFF, 0x24, 0x21, 0xFF, 0x24, 0x21, 0xFF,
    0x24, 0x21, 0xFF, 0x24, 0x21, 0xFF, 0x24, 0x21, 0xFF, 0x24, 0x21, 0x27, 0x00, 0x00, 0x00, 0x00, 0x00, 0x00, 0x00, 0x00, 0x00, 0x00, 0x00, 0x00,
    0x00, 0x00, 0x00, 0x00, 0x00, 0x00, 0x00, 0x00, 0x00, 0x00, 0x00, 0x00, 0x00, 0x00, 0x00, 0x00, 0x00, 0x00, 0x00, 0x00, 0x00, 0x00, 0x00, 0x00,
    0x00, 0x00, 0x00, 0x00, 0x00, 0x00, 0x00, 0x00, 0x00, 0x00, 0x00, 0x00, 0x00, 0x00, 0x00, 0x00, 0x00, 0x00, 0x00, 0x00, 0x00, 0x00, 0x00, 0x00,
    0x24, 0x21, 0xC7, 0x24, 0x21, 0xA3, 0x00, 0x00, 0x00, 0x00, 0x00, 0x00, 0x00, 0x00, 0x00, 0x00, 0x00, 0x00, 0x24, 0x21, 0xEB, 0x24, 0x21, 0x5B,
    0x00, 0x00, 0x00, 0x00, 0x00, 0x00, 0x00, 0x00, 0x00, 0x24, 0x21, 0xA3, 0x24, 0x21, 0xAB, 0x00, 0x00, 0x00, 0x00, 0x00, 0x00, 0x00, 0x00, 0x00,
    0x00, 0x00, 0x00, 0x00, 0x00, 0x00, 0x24, 0x21, 0x7B, 0x24, 0x21, 0xDB, 0x00, 0x00, 0x00, 0x00, 0x00, 0x00, 0x00, 0x00, 0x00, 0x00, 0x00, 0x00,
    0x00, 0x00, 0x00, 0x24, 0x21, 0xC8, 0x24, 0x21, 0xFF, 0x24, 0x21, 0xDF, 0x24, 0x21, 0x4A, 0x24, 0x21, 0xFF, 0x24, 0x21, 0x53, 0x00, 0x00, 0x00,
    0x00, 0x00, 0x00, 0x24, 0x21, 0x77, 0x24, 0x21, 0xCB, 0x00, 0x00, 0x00, 0x00, 0x00, 0x00, 0x24, 0x21, 0xB7, 0x24, 0x21, 0x9F, 0x00, 0x00, 0x00,
    0x00, 0x00, 0x00, 0x24, 0x21, 0x04, 0x24, 0x21, 0x51, 0x24, 0x21, 0xBC, 0x24, 0x21, 0xFF, 0x24, 0x21, 0xC8, 0x24, 0x21, 0x2F, 0x24, 0x21, 0xE4,
    0x24, 0x21, 0x82, 0x00, 0x00, 0x00, 0x00, 0x00, 0x00, 0x24, 0x21, 0x9F, 0x24, 0x21, 0xAB, 0x00, 0x00, 0x00, 0x24, 0x21, 0x04, 0x24, 0x21, 0xE0,
    0x24, 0x21, 0x80, 0x00, 0x00, 0x00, 0x00, 0x00, 0x00, 0x24, 0x21, 0x01, 0x24, 0x21, 0x79, 0x24, 0x21, 0xF9, 0x24, 0x21, 0xF3, 0x24, 0x21, 0x57,
    0x24, 0x21, 0x38, 0x24, 0x21, 0x98, 0x24, 0x21, 0x02, 0x00, 0x00, 0x00, 0x00, 0x00, 0x00, 0x00, 0x00, 0x00, 0x24, 0x21, 0x09, 0x24, 0x21, 0xCB,
    0x24, 0x21, 0x3F, 0x00, 0x00, 0x00, 0x00, 0x00, 0x00, 0x00, 0x00, 0x00, 0x00, 0x00, 0x00, 0x24, 0x21, 0x71, 0x24, 0x21, 0xE8, 0x00, 0x00, 0x00,
    0x00, 0x00, 0x00, 0x00, 0x00, 0x00, 0x00, 0x00, 0x00, 0x24, 0x21, 0x24, 0x24, 0x21, 0xD2, 0x24, 0x21, 0xEA, 0x24, 0x21, 0x90, 0x24, 0x21, 0xF3,
    0x24, 0x21, 0xBD, 0x24, 0x21, 0x16, 0x00, 0x00, 0x00, 0x00, 0x00, 0x00, 0x00, 0x00, 0x00, 0x00, 0x00, 0x00, 0x00, 0x00, 0x00, 0x00, 0x00, 0x00,
    0x24, 0x21, 0x5B, 0x24, 0x21, 0xFD, 0x24, 0x21, 0x02, 0x00, 0x00, 0x00, 0x00, 0x00, 0x00, 0x00, 0x00, 0x00, 0x00, 0x00, 0x00, 0x00, 0x00, 0x00,
    0x00, 0x00, 0x00, 0x00, 0x00, 0x00, 0x00, 0x00, 0x00, 0x00, 0x00, 0x00, 0x00, 0x00, 0x00, 0x24, 0x21, 0x98, 0x24, 0x21, 0xE0, 0x00, 0x00, 0x00,
    0x00, 0x00, 0x00, 0x00, 0x00, 0x00, 0x00, 0x00, 0x00, 0x24, 0x21, 0xE3, 0x24, 0x21, 0x67, 0x00, 0x00, 0x00, 0x24, 0x21, 0x33, 0x24, 0x21, 0xE6,
    0x24, 0x21, 0xC0, 0x24, 0x21, 0x04, 0x24, 0x21, 0x3B, 0x24, 0x21, 0xFF, 0x24, 0x21, 0x1B, 0x24, 0x21, 0x13, 0x24, 0x21, 0xE3, 0x24, 0x21, 0xC3,
    0x24, 0x21, 0x10, 0x00, 0x00, 0x00, 0x00, 0x00, 0x00, 0x00, 0x00, 0x00, 0x00, 0x00, 0x00, 0x24, 0x21, 0xF7, 0x24, 0x21, 0x63, 0x00, 0x00, 0x00,
    0x00, 0x00, 0x00, 0x00, 0x00, 0x00, 0x24, 0x21, 0x9F, 0x24, 0x21, 0xA7, 0x00, 0x00, 0x00, 0x00, 0x00, 0x00, 0x00, 0x00, 0x00, 0x24, 0x21, 0x3F,
    0x24, 0x21, 0xFF, 0x24, 0x21, 0x27, 0x00, 0x00, 0x00, 0x00, 0x00, 0x00, 0x00, 0x00, 0x00, 0x00, 0x00, 0x00, 0x00, 0x00, 0x00, 0x00, 0x00, 0x00,
    0x00, 0x00, 0x00, 0x00, 0x00, 0x00, 0x24, 0x21, 0x52, 0x24, 0x21, 0x57, 0x24, 0x21, 0x57, 0x24, 0x21, 0x57, 0x24, 0x21, 0x57, 0x24, 0x21, 0x57,
    0x24, 0x21, 0x57, 0x24, 0x21, 0x57, 0x24, 0x21, 0x57, 0x24, 0x21, 0x57, 0x24, 0x21, 0x57, 0x24, 0x21, 0x57, 0x24, 0x21, 0xDB, 0x24, 0x21, 0xA3,
    0x00, 0x00, 0x00, 0x00, 0x00, 0x00, 0x00, 0x00, 0x00, 0x00, 0x00, 0x00, 0x24, 0x21, 0xEB, 0x24, 0x21, 0x5B, 0x00, 0x00, 0x00, 0x00, 0x00, 0x00,
    0x00, 0x00, 0x00, 0x24, 0x21, 0xA3, 0x24, 0x21, 0xAB, 0x00, 0x00, 0x00, 0x00, 0x00, 0x00, 0x00, 0x00, 0x00, 0x00, 0x00, 0x00, 0x00, 0x00, 0x00,
    0x24, 0x21, 0x83, 0x24, 0x21, 0xD8, 0x00, 0x00, 0x00, 0x00, 0x00, 0x00, 0x00, 0x00, 0x00, 0x00, 0x00, 0x00, 0x24, 0x21, 0x17, 0x24, 0x21, 0xFA,
    0x24, 0x21, 0xD3, 0x24, 0x21, 0x19, 0x24, 0x21, 0x8D, 0x24, 0x21, 0xF8, 0x24, 0x21, 0x14, 0x00, 0x00, 0x00, 0x00, 0x00, 0x00, 0x24, 0x21, 0x18,
    0x24, 0x21, 0x29, 0x00, 0x00, 0x00, 0x00, 0x00, 0x00, 0x24, 0x21, 0xB7, 0x24, 0x21, 0x9F, 0x00, 0x00, 0x00, 0x24, 0x21, 0x13, 0x24, 0x21, 0xE5,
    0x24, 0x21, 0xFF, 0x24, 0x21, 0xC4, 0x24, 0x21, 0x46, 0x00, 0x00, 0x00, 0x24, 0x21, 0x9E, 0x24, 0x21, 0xDB, 0x24, 0x21, 0x0A, 0x00, 0x00, 0x00,
    0x00, 0x00, 0x00, 0x24, 0x21, 0x9F, 0x24, 0x21, 0xAB, 0x00, 0x00, 0x00, 0x00, 0x00, 0x00, 0x24, 0x21, 0x72, 0x24, 0x21, 0xEA, 0x24, 0x21, 0x09,
    0x00, 0x00, 0x00, 0x24, 0x21, 0x96, 0x24, 0x21, 0xF9, 0x24, 0x21, 0x62, 0x24, 0x21, 0x64, 0x24, 0x21, 0xF1, 0x24, 0x21, 0xC2, 0x24, 0x21, 0x61,
    0x24, 0x21, 0x23, 0x24, 0x21, 0x12, 0x24, 0x21, 0x04, 0x24, 0x21, 0x04, 0x24, 0x21, 0x0C, 0x24, 0x21, 0x14, 0x24, 0x21, 0x20, 0x24, 0x21, 0x32,
    0x24, 0x21, 0x48, 0x24, 0x21, 0x1A, 0x00, 0x00, 0x00, 0x24, 0x21, 0xC6, 0x24, 0x21, 0xA7, 0x00, 0x00, 0x00, 0x00, 0x00, 0x00, 0x00, 0x00, 0x00,
    0x24, 0x21, 0x23, 0x24, 0x21, 0x67, 0x24, 0x21, 0xB7, 0x24, 0x21, 0xFF, 0x24, 0x21, 0xFF, 0x24, 0x21, 0xFD, 0x24, 0x21, 0x97, 0x24, 0x21, 0x49,
    0x24, 0x21, 0x08, 0x00, 0x00, 0x00, 0x00, 0x00, 0x00, 0x00, 0x00, 0x00, 0x00, 0x00, 0x00, 0x00, 0x00, 0x00, 0x24, 0x21, 0x3C, 0x24, 0x21, 0xFF,
    0x24, 0x21, 0x61, 0x24, 0x21, 0x0C, 0x00, 0x00, 0x00, 0x00, 0x00, 0x00, 0x00, 0x00, 0x00, 0x00, 0x00, 0x00, 0x00, 0x00, 0x00, 0x00, 0x00, 0x00,
    0x00, 0x00, 0x00, 0x24, 0x21, 0x08, 0x24, 0x21, 0x45, 0x24, 0x21, 0xF0, 0x24, 0x21, 0x93, 0x00, 0x00, 0x00, 0x00, 0x00, 0x00, 0x00, 0x00, 0x00,
    0x00, 0x00, 0x00, 0x24, 0x21, 0xE3, 0x24, 0x21, 0x68, 0x24, 0x21, 0x7C, 0x24, 0x21, 0xF8, 0x24, 0x21, 0xBC, 0x24, 0x21, 0x0C, 0x00, 0x00, 0x00,
    0x24, 0x21, 0x3B, 0x24, 0x21, 0xFF, 0x24, 0x21, 0x1B, 0x00, 0x00, 0x00, 0x24, 0x21, 0x27, 0x24, 0x21, 0xE6, 0x24, 0x21, 0xE0, 0x24, 0x21, 0x3C,
    0x00, 0x00, 0x00, 0x00, 0x00, 0x00, 0x00, 0x00, 0x00, 0x24, 0x21, 0xF7, 0x24, 0x21, 0x75, 0x24, 0x21, 0x1B, 0x24, 0x21, 0x1B, 0x24, 0x21, 0x1B,
    0x24, 0x21, 0xAA, 0x24, 0x21, 0xB1, 0x24, 0x21, 0x1B, 0x24, 0x21, 0x1B, 0x24, 0x21, 0x1B, 0x24, 0x21, 0x54, 0x24, 0x21, 0xFF, 0x24, 0x21, 0x27,
    0x00, 0x00, 0x00, 0x00, 0x00, 0x00, 0x00, 0x00, 0x00, 0x00, 0x00, 0x00, 0x00, 0x00, 0x00, 0x00, 0x00, 0x00, 0x00, 0x00, 0x00, 0x00, 0x00, 0x00,
    0x24, 0x21, 0xEF, 0x24, 0x21, 0xFF, 0x24, 0x21, 0xFF, 0x24, 0x21, 0xFF, 0x24, 0x21, 0xFF, 0x24, 0x21, 0xFF, 0x24, 0x21, 0xFF, 0x24, 0x21, 0xFF,
    0x24, 0x21, 0xFF, 0x24, 0x21, 0xFF, 0x24, 0x21, 0xFF, 0x24, 0x21, 0xFF, 0x24, 0x21, 0xFF, 0x24, 0x21, 0xA3, 0x00, 0x00, 0x00, 0x00, 0x00, 0x00,
    0x00, 0x00, 0x00, 0x00, 0x00, 0x00, 0x24, 0x21, 0xEB, 0x24, 0x21, 0x5B, 0x00, 0x00, 0x00, 0x24, 0x21, 0x2B, 0x24, 0x21, 0x2C, 0x24, 0x21, 0xBC,
    0x24, 0x21, 0xA5, 0x00, 0x00, 0x00, 0x00, 0x00, 0x00, 0x24, 0x21, 0x12, 0x24, 0x21, 0xF7, 0x24, 0x21, 0xFB, 0x24, 0x21, 0xFF, 0x24, 0x21, 0x9A,
    0x00, 0x00, 0x00, 0x00, 0x00, 0x00, 0x00, 0x00, 0x00, 0x00, 0x00, 0x00, 0x24, 0x21, 0x62, 0x24, 0x21, 0xCC, 0x24, 0x21, 0x11, 0x24, 0x21, 0x0A,
    0x24, 0x21, 0xF1, 0x24, 0x21, 0x9D, 0x00, 0x00, 0x00, 0x00, 0x00, 0x00, 0x00, 0x00, 0x00, 0x00, 0x00, 0x00, 0x00, 0x00, 0x00, 0x00, 0x00, 0x00,
    0x00, 0x00, 0x00, 0x24, 0x21, 0xB7, 0x24, 0x21, 0x9F, 0x00, 0x00, 0x00, 0x24, 0x21, 0x01, 0x24, 0x21, 0xAD, 0x24, 0x21, 0x3F, 0x00, 0x00, 0x00,
    0x00, 0x00, 0x00, 0x24, 0x21, 0x07, 0x24, 0x21, 0xD0, 0x24, 0x21, 0x3C, 0x00, 0x00, 0x00, 0x24, 0x21, 0x37, 0x24, 0x21, 0x37, 0x24, 0x21, 0xC5,
    0x24, 0x21, 0xA4, 0x00, 0x00, 0x00, 0x00, 0x00, 0x00, 0x24, 0x21, 0x10, 0x24, 0x21, 0xC1, 0x24, 0x21, 0x1D, 0x24, 0x21, 0x20, 0x24, 0x21, 0xF8,
    0x24, 0x21, 0x63, 0x00, 0x00, 0x00, 0x00, 0x00, 0x00, 0x24, 0x21, 0x21, 0x24, 0x21, 0x8C, 0x24, 0x21, 0xE7, 0x24, 0x21, 0xFF, 0x24, 0x21, 0xFF,
    0x24, 0x21, 0xFF, 0x24, 0x21, 0xFF, 0x24, 0x21, 0xFF, 0x24, 0x21, 0xFF, 0x24, 0x21, 0xFF, 0x24, 0x21, 0xFF, 0x24, 0x21, 0xFF, 0x24, 0x21, 0x1B,
    0x24, 0x21, 0x25, 0x24, 0x21, 0xFF, 0x24, 0x21, 0x4B, 0x24, 0x21, 0x4B, 0x24, 0x21, 0xD1, 0x24, 0x21, 0xF5, 0x24, 0x21, 0xFF, 0x24, 0x21, 0xEC,
    0x24, 0x21, 0x9C, 0x24, 0x21, 0x48, 0x24, 0x21, 0x19, 0x24, 0x21, 0x6D, 0x24, 0x21, 0xCC, 0x24, 0x21, 0xFF, 0x24, 0x21, 0xFB, 0x24, 0x21, 0xD8,
    0x24, 0x21, 0xAF, 0x24, 0x21, 0x16, 0x00, 0x00, 0x00, 0x00, 0x00, 0x00, 0x24, 0x21, 0x02, 0x24, 0x21, 0xB2, 0x24, 0x21, 0xFF, 0x24, 0x21, 0xFF,
    0x24, 0x21, 0xFF, 0x24, 0x21, 0xFF, 0x24, 0x21, 0xFF, 0x24, 0x21, 0xFF, 0x24, 0x21, 0xFF, 0x24, 0x21, 0xFF, 0x24, 0x21, 0xFF, 0x24, 0x21, 0xFF,
    0x24, 0x21, 0xFF, 0x24, 0x21, 0xD0, 0x24, 0x21, 0x1C, 0x00, 0x00, 0x00, 0x00, 0x00, 0x00, 0x00, 0x00, 0x00, 0x00, 0x00, 0x00, 0x24, 0x21, 0xE3,
    0x24, 0x21, 0x67, 0x24, 0x21, 0x71, 0x24, 0x21, 0x87, 0x24, 0x21, 0x05, 0x00, 0x00, 0x00, 0x00, 0x00, 0x00, 0x24, 0x21, 0x3B, 0x24, 0x21, 0xFF,
    0x24, 0x21, 0x1B, 0x00, 0x00, 0x00, 0x00, 0x00, 0x00, 0x24, 0x21, 0x1E, 0x24, 0x21, 0xBA, 0x24, 0x21, 0x29, 0x00, 0x00, 0x00, 0x00, 0x00, 0x00,
    0x00, 0x00, 0x00, 0x24, 0x21, 0xF7, 0x24, 0x21, 0xFF, 0x24, 0x21, 0xFF, 0x24, 0x21, 0xFF, 0x24, 0x21, 0xFF, 0x24, 0x21, 0xFF, 0x24, 0x21, 0xFF,
    0x24, 0x21, 0xFF, 0x24, 0x21, 0xFF, 0x24, 0x21, 0xFF, 0x24, 0x21, 0xFF, 0x24, 0x21, 0xFF, 0x24, 0x21, 0x27, 0x00, 0x00, 0x00, 0x00, 0x00, 0x00,
    0x00, 0x00, 0x00, 0x00, 0x00, 0x00, 0x00, 0x00, 0x00, 0x00, 0x00, 0x00, 0x00, 0x00, 0x00, 0x00, 0x00, 0x00, 0x00, 0x00, 0x00, 0x00, 0x00, 0x00,
    0x00, 0x00, 0x00, 0x00, 0x00, 0x00, 0x00, 0x00, 0x00, 0x00, 0x00, 0x00, 0x00, 0x00, 0x00, 0x00, 0x00, 0x00, 0x00, 0x00, 0x00, 0x00, 0x00, 0x00,
    0x00, 0x00, 0x00, 0x00, 0x00, 0x00, 0x24, 0x21, 0x9F, 0x24, 0x21, 0x82, 0x00, 0x00, 0x00, 0x00, 0x00, 0x00, 0x00, 0x00, 0x00, 0x00, 0x00, 0x00,
    0x24, 0x21, 0xE8, 0x24, 0x21, 0x5A, 0x00, 0x00, 0x00, 0x24, 0x21, 0xAD, 0x24, 0x21, 0xFB, 0x24, 0x21, 0xE1, 0x24, 0x21, 0x4E, 0x00, 0x00, 0x00,
    0x00, 0x00, 0x00, 0x00, 0x00, 0x00, 0x24, 0x21, 0x39, 0x24, 0x21, 0x43, 0x24, 0x21, 0x29, 0x24, 0x21, 0x01, 0x00, 0x00, 0x00, 0x00, 0x00, 0x00,
    0x00, 0x00, 0x00, 0x00, 0x00, 0x00, 0x24, 0x21, 0x01, 0x24, 0x21, 0x12, 0x00, 0x00, 0x00, 0x00, 0x00, 0x00, 0x24, 0x21, 0x51, 0x24, 0x21, 0x2B,
    0x00, 0x00, 0x00, 0x00, 0x00, 0x00, 0x00, 0x00, 0x00, 0x00, 0x00, 0x00, 0x00, 0x00, 0x00, 0x00, 0x00, 0x00, 0x00, 0x00, 0x00, 0x24, 0x21, 0x56,
    0x24, 0x21, 0x4A, 0x00, 0x00, 0x00, 0x00, 0x00, 0x00, 0x00, 0x00, 0x00, 0x00, 0x00, 0x00, 0x00, 0x00, 0x00, 0x00, 0x00, 0x00, 0x00, 0x00, 0x00,
    0x24, 0x21, 0x04, 0x00, 0x00, 0x00, 0x00, 0x00, 0x00, 0x24, 0x21, 0xC1, 0x24, 0x21, 0xFA, 0x24, 0x21, 0xE1, 0x24, 0x21, 0x4D, 0x00, 0x00, 0x00,
    0x00, 0x00, 0x00, 0x00, 0x00, 0x00, 0x00, 0x00, 0x00, 0x00, 0x00, 0x00, 0x00, 0x00, 0x00, 0x24, 0x21, 0x31, 0x00, 0x00, 0x00, 0x00, 0x00, 0x00,
    0x00, 0x00, 0x00, 0x00, 0x00, 0x00, 0x00, 0x00, 0x00, 0x24, 0x21, 0x03, 0x24, 0x21, 0x18, 0x24, 0x21, 0x2A, 0x24, 0x21, 0x3B, 0x24, 0x21, 0x3E,
    0x24, 0x21, 0x3A, 0x24, 0x21, 0x33, 0x24, 0x21, 0x2B, 0x24, 0x21, 0x21, 0x24, 0x21, 0x15, 0x00, 0x00, 0x00, 0x24, 0x21, 0x0C, 0x24, 0x21, 0x7C,
    0x24, 0x21, 0x04, 0x24, 0x21, 0x15, 0x24, 0x21, 0x80, 0x24, 0x21, 0x53, 0x24, 0x21, 0x26, 0x24, 0x21, 0x02, 0x00, 0x00, 0x00, 0x00, 0x00, 0x00,
    0x00, 0x00, 0x00, 0x00, 0x00, 0x00, 0x00, 0x00, 0x00, 0x24, 0x21, 0x1F, 0x24, 0x21, 0x52, 0x24, 0x21, 0x85, 0x24, 0x21, 0x81, 0x00, 0x00, 0x00,
    0x00, 0x00, 0x00, 0x00, 0x00, 0x00, 0x00, 0x00, 0x00, 0x00, 0x00, 0x00, 0x24, 0x21, 0x27, 0x24, 0x21, 0x48, 0x24, 0x21, 0x56, 0x24, 0x21, 0x57,
    0x24, 0x21, 0x57, 0x24, 0x21, 0x57, 0x24, 0x21, 0x57, 0x24, 0x21, 0x57, 0x24, 0x21, 0x57, 0x24, 0x21, 0x4F, 0x24, 0x21, 0x32, 0x24, 0x21, 0x04,
    0x00, 0x00, 0x00, 0x00, 0x00, 0x00, 0x00, 0x00, 0x00, 0x00, 0x00, 0x00, 0x00, 0x00, 0x00, 0x24, 0x21, 0xA0, 0x24, 0x21, 0x49, 0x00, 0x00, 0x00,
    0x00, 0x00, 0x00, 0x00, 0x00, 0x00, 0x00, 0x00, 0x00, 0x00, 0x00, 0x00, 0x24, 0x21, 0x2D, 0x24, 0x21, 0xC3, 0x24, 0x21, 0x15, 0x00, 0x00, 0x00,
    0x00, 0x00, 0x00, 0x00, 0x00, 0x00, 0x00, 0x00, 0x00, 0x00, 0x00, 0x00, 0x00, 0x00, 0x00, 0x00, 0x00, 0x00, 0x00, 0x00, 0x00, 0x24, 0x21, 0xB6,
    0x24, 0x21, 0x49, 0x00, 0x00, 0x00, 0x00, 0x00, 0x00, 0x00, 0x00, 0x00, 0x00, 0x00, 0x00, 0x00, 0x00, 0x00, 0x00, 0x00, 0x00, 0x00, 0x00, 0x00,
    0x00, 0x00, 0x00, 0x24, 0x21, 0x29, 0x24, 0x21, 0xA7, 0x24, 0x21, 0x1A, 0x00, 0x00, 0x00, 0x00, 0x00, 0x00, 0x00, 0x00, 0x00, 0x00, 0x00, 0x00,
    0x00, 0x00, 0x00, 0x00, 0x00, 0x00, 0x00, 0x00, 0x00, 0x00, 0x00, 0x00, 0x00, 0x00, 0x00, 0x00, 0x00, 0x00, 0x00, 0x00, 0x00, 0x00, 0x00, 0x00,
    0x00, 0x00, 0x00, 0x00, 0x00, 0x00, 0x00, 0x00, 0x00, 0x00, 0x00, 0x00, 0x00, 0x00, 0x00, 0x00, 0x00, 0x00, 0x00, 0x00, 0x00, 0x00, 0x00, 0x00,
    0x00, 0x00, 0x00, 0x00, 0x00, 0x00, 0x00, 0x00, 0x00, 0x00, 0x00, 0x00, 0x00, 0x00, 0x00, 0x00, 0x00, 0x00, 0x00, 0x00, 0x00, 0x00, 0x00, 0x00,
    0x00, 0x00, 0x00, 0x00, 0x00, 0x00, 0x00, 0x00, 0x00, 0x00, 0x00, 0x00, 0x00, 0x00, 0x00, 0x00, 0x00, 0x00, 0x00, 0x00, 0x00, 0x00, 0x00, 0x00,
    0x00, 0x00, 0x00, 0x00, 0x00, 0x00, 0x00, 0x00, 0x00, 0x00, 0x00, 0x00, 0x00, 0x00, 0x00, 0x00, 0x00, 0x00, 0x00, 0x00, 0x00, 0x00, 0x00, 0x00,
    0x00, 0x00, 0x00, 0x00, 0x00, 0x00, 0x00, 0x00, 0x00, 0x00, 0x00, 0x00, 0x00, 0x00, 0x00, 0x00, 0x00, 0x00, 0x00, 0x00, 0x00, 0x00, 0x00, 0x00,
    0x00, 0x00, 0x00, 0x00, 0x00, 0x00, 0x00, 0x00, 0x00, 0x00, 0x00, 0x00, 0x00, 0x00, 0x00, 0x00, 0x00, 0x00, 0x00, 0x00, 0x00, 0x00, 0x00, 0x00,
    0x00, 0x00, 0x00, 0x00, 0x00, 0x00, 0x00, 0x00, 0x00, 0x00, 0x00, 0x00, 0x00, 0x00, 0x00, 0x00, 0x00, 0x00, 0x00, 0x00, 0x00, 0x00, 0x00, 0x00,
    0x00, 0x00, 0x00, 0x00, 0x00, 0x00, 0x00, 0x00, 0x00, 0x00, 0x00, 0x00, 0x00, 0x00, 0x00, 0x00, 0x00, 0x00, 0x00, 0x00, 0x00, 0x00, 0x00, 0x00,
    0x00, 0x00, 0x00, 0x00, 0x00, 0x00, 0x00, 0x00, 0x00, 0x00, 0x00, 0x00, 0x00, 0x00, 0x00, 0x00, 0x00, 0x00, 0x00, 0x00, 0x00, 0x00, 0x00, 0x00,
    0x00, 0x00, 0x00, 0x00, 0x00, 0x00, 0x00, 0x00, 0x00, 0x00, 0x00, 0x00, 0x00, 0x00, 0x00, 0x00, 0x00, 0x00, 0x00, 0x00, 0x00, 0x00, 0x00, 0x00,
    0x00, 0x00, 0x00, 0x00, 0x00, 0x00, 0x00, 0x00, 0x00, 0x00, 0x00, 0x00, 0x00, 0x00, 0x00, 0x00, 0x00, 0x00, 0x00, 0x00, 0x00, 0x00, 0x00, 0x00,
    0x00, 0x00, 0x00, 0x00, 0x00, 0x00, 0x00, 0x00, 0x00, 0x00, 0x00, 0x00, 0x00, 0x00, 0x00, 0x00, 0x00, 0x00, 0x00, 0x00, 0x00, 0x00, 0x00, 0x00,
    0x00, 0x00, 0x00, 0x00, 0x00, 0x00, 0x00, 0x00, 0x00, 0x00, 0x00, 0x00, 0x00, 0x00, 0x00, 0x00, 0x00, 0x00, 0x00, 0x00, 0x00, 0x00, 0x00, 0x00,
    0x00, 0x00, 0x00, 0x00, 0x00, 0x00, 0x00, 0x00, 0x00, 0x00, 0x00, 0x00, 0x00, 0x00, 0x00, 0x00, 0x00, 0x00, 0x00, 0x00, 0x00, 0x00, 0x00, 0x00,
    0x00, 0x00, 0x00, 0x00, 0x00, 0x00, 0x00, 0x00, 0x00, 0x00, 0x00, 0x00, 0x00, 0x00, 0x00, 0x00, 0x00, 0x00, 0x00, 0x00, 0x00, 0x00, 0x00, 0x00,
    0x00, 0x00, 0x00, 0x00, 0x00, 0x00, 0x00, 0x00, 0x00, 0x00, 0x00, 0x00, 0x00, 0x00, 0x00, 0x00, 0x00, 0x00, 0x00, 0x00, 0x00, 0x00, 0x00, 0x00,
    0x00, 0x00, 0x00, 0x00, 0x00, 0x00, 0x00, 0x00, 0x00, 0x00, 0x00, 0x00, 0x00, 0x00, 0x00, 0x00, 0x00, 0x00, 0x00, 0x00, 0x00, 0x00, 0x00, 0x00,
    0x00, 0x00, 0x00, 0x00, 0x00, 0x00, 0x00, 0x00, 0x00, 0x00, 0x00, 0x00, 0x00, 0x00, 0x00, 0x00, 0x00, 0x00, 0x00, 0x00, 0x00, 0x00, 0x00, 0x00,
    0x00, 0x00, 0x00, 0x00, 0x00, 0x00, 0x00, 0x00, 0x00, 0x00, 0x00, 0x00, 0x00, 0x00, 0x00, 0x00, 0x00, 0x00, 0x00, 0x00, 0x00, 0x00, 0x00, 0x00,
    0x00, 0x00, 0x00, 0x00, 0x00, 0x00, 0x00, 0x00, 0x00, 0x00, 0x00, 0x00, 0x00, 0x00, 0x00, 0x00, 0x00, 0x00, 0x00, 0x00, 0x00, 0x00, 0x00, 0x00,
    0x00, 0x00, 0x00, 0x00, 0x00, 0x00, 0x00, 0x00, 0x00, 0x00, 0x00, 0x00, 0x00, 0x00, 0x00, 0x00, 0x00, 0x00, 0x00, 0x00, 0x00, 0x00, 0x00, 0x00,
    0x00, 0x00, 0x00, 0x00, 0x00, 0x00, 0x00, 0x00, 0x00, 0x00, 0x00, 0x00, 0x00, 0x00, 0x00, 0x00, 0x00, 0x00, 0x00, 0x00, 0x00, 0x00, 0x00, 0x00,
    0x00, 0x00, 0x00, 0x00, 0x00, 0x00, 0x00, 0x00, 0x00, 0x00, 0x00, 0x00, 0x00, 0x00, 0x00, 0x00, 0x00, 0x00, 0x00, 0x00, 0x00, 0x00, 0x00, 0x00,
    0x00, 0x00, 0x00, 0x00, 0x00, 0x00, 0x00, 0x00, 0x00, 0x00, 0x00, 0x00, 0x00, 0x00, 0x00, 0x00, 0x00, 0x00, 0x00, 0x00, 0x00, 0x00, 0x00, 0x00,
    0x00, 0x00, 0x00, 0x00, 0x00, 0x00, 0x00, 0x00, 0x00, 0x00, 0x00, 0x00, 0x00, 0x00, 0x00, 0x00, 0x00, 0x00, 0x00, 0x00, 0x00, 0x00, 0x00, 0x00,
    0x00, 0x00, 0x00, 0x00, 0x00, 0x00, 0x00, 0x00, 0x00, 0x00, 0x00, 0x00, 0x00, 0x00, 0x00, 0x00, 0x00, 0x00, 0x00, 0x00, 0x00, 0x00, 0x00, 0x00,
    0x00, 0x00, 0x00, 0x00, 0x00, 0x00, 0x00, 0x00, 0x00, 0x00, 0x00, 0x00, 0x00, 0x00, 0x00, 0x00, 0x00, 0x00, 0x00, 0x00, 0x00, 0x00, 0x00, 0x00,
    0x00, 0x00, 0x00, 0x00, 0x00, 0x00, 0x00, 0x00, 0x00, 0x00, 0x00, 0x00, 0x00, 0x00, 0x00, 0x00, 0x00, 0x00, 0x00, 0x00, 0x00, 0x00, 0x00, 0x00,
    0x00, 0x00, 0x00, 0x00, 0x00, 0x00, 0x00, 0x00, 0x00, 0x00, 0x00, 0x00, 0x00, 0x00, 0x00, 0x00, 0x00, 0x00, 0x00, 0x00, 0x00, 0x00, 0x00, 0x00,
    0x00, 0x00, 0x00, 0x00, 0x00, 0x00, 0x00, 0x00, 0x00, 0x00, 0x00, 0x00, 0x00, 0x00, 0x00, 0x00, 0x00, 0x00, 0x00, 0x00, 0x00, 0x00, 0x00, 0x00,
    0x00, 0x00, 0x00, 0x00, 0x00, 0x00, 0x00, 0x00, 0x00, 0x00, 0x00, 0x00, 0x00, 0x00, 0x00, 0x00, 0x00, 0x00, 0x00, 0x00, 0x00, 0x00, 0x00, 0x00,
    0x00, 0x00, 0x00, 0x00, 0x00, 0x00, 0x00, 0x00, 0x00, 0x00, 0x00, 0x00, 0x00, 0x00, 0x00, 0x00, 0x00, 0x00, 0x00, 0x00, 0x00, 0x00, 0x00, 0x00,
    0x00, 0x00, 0x00, 0x00, 0x00, 0x00, 0x00, 0x00, 0x00, 0x00, 0x00, 0x00, 0x00, 0x00, 0x00, 0x00, 0x00, 0x00, 0x00, 0x00, 0x00, 0x00, 0x00, 0x00,
    0x00, 0x00, 0x00, 0x00, 0x00, 0x00, 0x00, 0x00, 0x00, 0x00, 0x00, 0x00, 0x00, 0x00, 0x00, 0x00, 0x00, 0x00, 0x00, 0x00, 0x00, 0x00, 0x00, 0x00,
    0x00, 0x00, 0x00, 0x00, 0x00, 0x00, 0x00, 0x00, 0x00, 0x00, 0x00, 0x00, 0x00, 0x00, 0x00, 0x00, 0x00, 0x00, 0x00, 0x00, 0x00, 0x00, 0x00, 0x00,
    0x00, 0x00, 0x00, 0x00, 0x00, 0x00, 0x00, 0x00, 0x00, 0x00, 0x00, 0x00, 0x00, 0x00, 0x00, 0x00, 0x00, 0x00, 0x00, 0x00, 0x00, 0x00, 0x00, 0x00,
    0x00, 0x00, 0x00, 0x00, 0x00, 0x00, 0x00, 0x00, 0x00, 0x00, 0x00, 0x00, 0x00, 0x00, 0x00, 0x00, 0x00, 0x00, 0x00, 0x00, 0x00, 0x00, 0x00, 0x00,
    0x00, 0x00, 0x00, 0x00, 0x00, 0x00, 0x00, 0x00, 0x00, 0x00, 0x00, 0x00, 0x00, 0x00, 0x00, 0x00, 0x00, 0x00, 0x00, 0x00, 0x00, 0x00, 0x00, 0x00,
    0x00, 0x00, 0x00, 0x00, 0x00, 0x00, 0x00, 0x00, 0x00, 0x00, 0x00, 0x00, 0x00, 0x00, 0x00, 0x00, 0x00, 0x00, 0x00, 0x00, 0x00, 0x00, 0x00, 0x00,
    0x00, 0x00, 0x00, 0x00, 0x00, 0x00, 0x00, 0x00, 0x00, 0x00, 0x00, 0x00, 0x00, 0x00, 0x00, 0x00, 0x00, 0x00, 0x00, 0x00, 0x00, 0x00, 0x00, 0x00,
    0x00, 0x00, 0x00, 0x00, 0x00, 0x00, 0x00, 0x00, 0x00, 0x00, 0x00, 0x00,
};
const lv_img_dsc_t flow_paused_sub = {
    .header.always_zero = 0,
    .header.w = 166,
    .header.h = 22,
    .data_size = 10956,
    .header.cf = LV_IMG_CF_TRUE_COLOR_ALPHA,
    .data = flow_paused_sub_map,
};

#ifndef LV_ATTRIBUTE_IMG_FLOW_CONTINUE_BTN
#define LV_ATTRIBUTE_IMG_FLOW_CONTINUE_BTN
#endif
const LV_ATTRIBUTE_MEM_ALIGN LV_ATTRIBUTE_LARGE_CONST LV_ATTRIBUTE_IMG_FLOW_CONTINUE_BTN uint8_t flow_continue_btn_map[] = {
    0x00, 0x00, 0x00, 0x00, 0x00, 0x00, 0x00, 0x00, 0x00, 0x00, 0x00, 0x00, 0x00, 0x00, 0x00, 0x00, 0x00, 0x00, 0x00, 0x00, 0x00, 0x00, 0x00, 0x00,
    0x00, 0x00, 0x00, 0x00, 0x00, 0x00, 0x00, 0x00, 0x00, 0x00, 0x00, 0x00, 0x00, 0x00, 0x00, 0x00, 0x00, 0x00, 0x00, 0x00, 0x00, 0x00, 0x00, 0x00,
    0x00, 0x00, 0x00, 0x00, 0x00, 0x00, 0x00, 0x00, 0x00, 0x00, 0x00, 0x00, 0x00, 0x00, 0x00, 0x00, 0x00, 0x00, 0x00, 0x00, 0x00, 0x00, 0x00, 0x00,
    0x00, 0x00, 0x00, 0x00, 0x00, 0x00, 0x00, 0x00, 0x00, 0x00, 0x00, 0x00, 0x00, 0x00, 0x00, 0x00, 0x00, 0x00, 0x00, 0x00, 0x00, 0x00, 0x00, 0x00,
    0x00, 0x00, 0x00, 0x00, 0x00, 0x00, 0x00, 0x00, 0x00, 0x00, 0x00, 0x00, 0x00, 0x00, 0x00, 0x00, 0x00, 0x00, 0x00, 0x00, 0x00, 0x00, 0x00, 0x00,
    0x00, 0x00, 0x00, 0x00, 0x00, 0x00, 0x00, 0x00, 0x00, 0x00, 0x00, 0x00, 0x00, 0x00, 0x00, 0x00, 0x00, 0x00, 0x00, 0x00, 0x00, 0x00, 0x00, 0x00,
    0x00, 0x00, 0x00, 0x00, 0x00, 0x00, 0x00, 0x00, 0x00, 0x00, 0x00, 0x00, 0x00, 0x00, 0x00, 0x00, 0x00, 0x00, 0x00, 0x00, 0x00, 0x00, 0x00, 0x00,
    0x00, 0x00, 0x00, 0x00, 0x00, 0x00, 0x00, 0x00, 0x00, 0x00, 0x00, 0x00, 0x00, 0x00, 0x00, 0x00, 0x00, 0x00, 0x00, 0x00, 0x00, 0x00, 0x00, 0x00,
    0x00, 0x00, 0x00, 0x00, 0x00, 0x00, 0x00, 0x00, 0x00, 0x00, 0x00, 0x00, 0x00, 0x00, 0x00, 0x00, 0x00, 0x00, 0x00, 0x00, 0x00, 0x00, 0x00, 0x00,
    0x00, 0x00, 0x00, 0x00, 0x00, 0x00, 0x00, 0x00, 0x00, 0x00, 0x00, 0x00, 0x00, 0x00, 0x00, 0x00, 0x00, 0x00, 0x00, 0x00, 0x00, 0x00, 0x00, 0x00,
    0x00, 0x00, 0x00, 0x00, 0x00, 0x00, 0x00, 0x00, 0x00, 0x00, 0x00, 0x00, 0x00, 0x00, 0x00, 0x00, 0x00, 0x00, 0x00, 0x00, 0x00, 0x00, 0x00, 0x00,
    0x00, 0x00, 0x00, 0x00, 0x00, 0x00, 0x00, 0x00, 0x00, 0x00, 0x00, 0x00, 0x00, 0x00, 0x00, 0x00, 0x00, 0x00, 0x00, 0x00, 0x00, 0x00, 0x00, 0x00,
    0x00, 0x00, 0x00, 0x00, 0x00, 0x00, 0x00, 0x00, 0x00, 0x00, 0x00, 0x00, 0x00, 0x00, 0x00, 0x00, 0x00, 0x00, 0x00, 0x00, 0x00, 0x00, 0x00, 0x00,
    0x00, 0x00, 0x00, 0x00, 0x00, 0x00, 0x00, 0x00, 0x00, 0x00, 0x00, 0x00, 0x00, 0x00, 0x00, 0x00, 0x00, 0x00, 0x00, 0x00, 0x00, 0x00, 0x00, 0x00,
    0x00, 0x00, 0x00, 0x00, 0x00, 0x00, 0x00, 0x00, 0x00, 0x00, 0x00, 0x00, 0x00, 0x00, 0x00, 0x00, 0x00, 0x00, 0x00, 0x00, 0x00, 0x00, 0x00, 0x00,
    0x00, 0x00, 0x00, 0x00, 0x00, 0x00, 0x00, 0x00, 0x00, 0x00, 0x00, 0x00, 0x00, 0x00, 0x00, 0x00, 0x00, 0x00, 0x00, 0x00, 0x00, 0x00, 0x00, 0x00,
    0x00, 0x00, 0x00, 0x00, 0x00, 0x00, 0x00, 0x00, 0x00, 0x00, 0x00, 0x00, 0x00, 0x00, 0x00, 0x00, 0x00, 0x00, 0x00, 0x00, 0x00, 0x00, 0x00, 0x00,
    0x00, 0x00, 0x00, 0x00, 0x00, 0x00, 0x00, 0x00, 0x00, 0x00, 0x00, 0x00, 0x00, 0x00, 0x00, 0x00, 0x00, 0x00, 0x00, 0x00, 0x00, 0x00, 0x00, 0x00,
    0x00, 0x00, 0x00, 0x00, 0x00, 0x00, 0x00, 0x00, 0x00, 0x00, 0x00, 0x00, 0x00, 0x00, 0x00, 0xFF, 0xFF, 0x01, 0x00, 0x00, 0x00, 0x00, 0x00, 0x00,
    0x00, 0x00, 0x00, 0x00, 0x00, 0x00, 0x00, 0x00, 0x00, 0x00, 0x00, 0x00, 0x00, 0x00, 0x00, 0x00, 0x00, 0x00, 0x00, 0x00, 0x00, 0x00, 0x00, 0x00,
    0x00, 0x00, 0x00, 0x00, 0x00, 0x00, 0x00, 0x00, 0x00, 0x00, 0x00, 0x00, 0x00, 0x00, 0x00, 0x00, 0x00, 0x00, 0x00, 0x00, 0x00, 0x00, 0x00, 0x00,
    0x00, 0x00, 0x00, 0x00, 0x00, 0x00, 0x00, 0x00, 0x00, 0x00, 0x00, 0x00, 0x00, 0x00, 0x00, 0x00, 0x00, 0x00, 0x00, 0x00, 0x00, 0x00, 0x00, 0x00,
    0x00, 0x00, 0x00, 0x00, 0x00, 0x00, 0x00, 0x00, 0x00, 0x00, 0x00, 0x00, 0x00, 0x00, 0x00, 0x00, 0x00, 0x00, 0x00, 0x00, 0x00, 0x00, 0x00, 0x00,
    0x00, 0x00, 0x00, 0x00, 0x00, 0x00, 0x00, 0x00, 0x00, 0x00, 0x00, 0x00, 0x00, 0x00, 0x00, 0x00, 0x00, 0x00, 0x00, 0x00, 0x00, 0x00, 0x00, 0x00,
    0x00, 0x00, 0x00, 0x00, 0x00, 0x00, 0x00, 0x00, 0x00, 0x00, 0x00, 0x00, 0x00, 0x00, 0x00, 0x00, 0x00, 0x00, 0x00, 0x00, 0x00, 0xFF, 0xFF, 0x01,
    0xFF, 0xFF, 0x03, 0x00, 0x00, 0x00, 0x00, 0x00, 0x00, 0x00, 0x00, 0x00, 0x00, 0x00, 0x00, 0x00, 0x00, 0x00, 0x00, 0x00, 0x00, 0x00, 0x00, 0x00,
    0x00, 0x00, 0x00, 0x00, 0x00, 0x00, 0x00, 0x00, 0x00, 0x00, 0x00, 0x00, 0x00, 0x00, 0x00, 0x00, 0x00, 0x00, 0x00, 0x00, 0x00, 0x00, 0x00, 0x00,
    0x00, 0x00, 0x00, 0x00, 0x00, 0x00, 0x00, 0x00, 0x00, 0x00, 0x00, 0x00, 0xFF, 0xFF, 0x03, 0xFF, 0xFF, 0xD2, 0xFF, 0xFF, 0x6F, 0xFF, 0xFF, 0x05,
    0xFF, 0xFF, 0x18, 0xFF, 0xFF, 0x4D, 0xFF, 0xFF, 0x27, 0x00, 0x00, 0x00, 0x00, 0x00, 0x00, 0xFF, 0xFF, 0x48, 0xFF, 0xFF, 0xCD, 0xFF, 0xFF, 0x3E,
    0x00, 0x00, 0x00, 0x00, 0x00, 0x00, 0x00, 0x00, 0x00, 0x00, 0x00, 0x00, 0x00, 0x00, 0x00, 0x00, 0x00, 0x00, 0xFF, 0xFF, 0x9C, 0xFF, 0xFF, 0x88,
    0xFF, 0xFF, 0x0D, 0x00, 0x00, 0x00, 0x00, 0x00, 0x00, 0x00, 0x00, 0x00, 0x00, 0x00, 0x00, 0xFF, 0xFF, 0xB7, 0xFF, 0xFF, 0xFF, 0xFF, 0xFF, 0x43,
    0x00, 0x00, 0x00, 0x00, 0x00, 0x00, 0x00, 0x00, 0x00, 0x00, 0x00, 0x00, 0x00, 0x00, 0x00, 0xFF, 0xFF, 0x01, 0xFF, 0xFF, 0x79, 0xFF, 0xFF, 0x0C,
    0x00, 0x00, 0x00, 0x00, 0x00, 0x00, 0xFF, 0xFF, 0x01, 0xFF, 0xFF, 0x53, 0xFF, 0xFF, 0x53, 0xFF, 0xFF, 0x01, 0x00, 0x00, 0x00, 0x00, 0x00, 0x00,
    0x00, 0x00, 0x00, 0xFF, 0xFF, 0x0D, 0xFF, 0xFF, 0x6F, 0xFF, 0xFF, 0x68, 0x00, 0x00, 0x00, 0x00, 0x00, 0x00, 0x00, 0x00, 0x00, 0xFF, 0xFF, 0x34,
    0xFF, 0xFF, 0xD9, 0xFF, 0xFF, 0x56, 0x00, 0x00, 0x00, 0x00, 0x00, 0x00, 0x00, 0x00, 0x00, 0x00, 0x00, 0x00, 0xFF, 0xFF, 0xCE, 0xFF, 0xFF, 0xD5,
    0xFF, 0xFF, 0x21, 0x00, 0x00, 0x00, 0x00, 0x00, 0x00, 0x00, 0x00, 0x00, 0x00, 0x00, 0x00, 0x00, 0x00, 0x00, 0x00, 0x00, 0x00, 0x00, 0x00, 0x00,
    0x00, 0x00, 0x00, 0x00, 0x00, 0x00, 0x00, 0x00, 0x00, 0x00, 0x00, 0x00, 0xFF, 0xFF, 0x40, 0xFF, 0xFF, 0xFF, 0xFF, 0xFF, 0xE8, 0xFF, 0xFF, 0x05,
    0xFF, 0xFF, 0x47, 0xFF, 0xFF, 0xFF, 0xFF, 0xFF, 0x93, 0xFF, 0xFF, 0x71, 0xFF, 0xFF, 0x44, 0xFF, 0xFF, 0x5B, 0xFF, 0xFF, 0xFF, 0xFF, 0xFF, 0x4B,
    0xFF, 0xFF, 0x55, 0xFF, 0xFF, 0x7C, 0xFF, 0xFF, 0x0A, 0x00, 0x00, 0x00, 0x00, 0x00, 0x00, 0xFF, 0xFF, 0x0F, 0xFF, 0xFF, 0xF7, 0xFF, 0xFF, 0xEC,
    0xFF, 0xFF, 0x08, 0x00, 0x00, 0x00, 0xFF, 0xFF, 0x68, 0xFF, 0xFF, 0xAB, 0xFF, 0xFF, 0xAB, 0xFF, 0xFF, 0xE8, 0xFF, 0xFF, 0xFF, 0xFF, 0xFF, 0xC2,
    0xFF, 0xFF, 0xAB, 0xFF, 0xFF, 0xAB, 0xFF, 0xFF, 0x25, 0x00, 0x00, 0x00, 0x00, 0x00, 0x00, 0xFF, 0xFF, 0x7B, 0xFF, 0xFF, 0xFF, 0xFF, 0xFF, 0xCF,
    0xFF, 0xFF, 0x19, 0x00, 0x00, 0x00, 0xFF, 0xFF, 0x03, 0xFF, 0xFF, 0xFF, 0xFF, 0xFF, 0xFF, 0xFF, 0xFF, 0x03, 0xFF, 0xFF, 0x2B, 0xFF, 0xFF, 0x53,
    0xFF, 0xFF, 0x1E, 0xFF, 0xFF, 0x1F, 0xFF, 0xFF, 0xFF, 0xFF, 0xFF, 0xEF, 0x00, 0x00, 0x00, 0x00, 0x00, 0x00, 0x00, 0x00, 0x00, 0xFF, 0xFF, 0x7C,
    0xFF, 0xFF, 0xFF, 0xFF, 0xFF, 0x9B, 0x00, 0x00, 0x00, 0x00, 0x00, 0x00, 0x00, 0x00, 0x00, 0xFF, 0xFF, 0x04, 0xFF, 0xFF, 0xFA, 0xFF, 0xFF, 0xF8,
    0xFF, 0xFF, 0x05, 0x00, 0x00, 0x00, 0x00, 0x00, 0x00, 0x00, 0x00, 0x00, 0x00, 0x00, 0x00, 0x00, 0x00, 0x00, 0x00, 0x00, 0x00, 0x00, 0x00, 0x00,
    0x00, 0x00, 0x00, 0x00, 0x00, 0x00, 0x00, 0x00, 0x00, 0x00, 0x00, 0x00, 0xFF, 0xFF, 0x94, 0xFF, 0xFF, 0xFF, 0xFF, 0xFF, 0x85, 0x00, 0x00, 0x00,
    0xFF, 0xFF, 0x47, 0xFF, 0xFF, 0xFF, 0xFF, 0xFF, 0x93, 0xFF, 0xFF, 0xBB, 0xFF, 0xFF, 0xAF, 0xFF, 0xFF, 0x5B, 0xFF, 0xFF, 0xFF, 0xFF, 0xFF, 0x4B,
    0xFF, 0xFF, 0xBB, 0xFF, 0xFF, 0xD3, 0x00, 0x00, 0x00, 0x00, 0x00, 0x00, 0x00, 0x00, 0x00, 0xFF, 0xFF, 0x64, 0xFF, 0xFF, 0xFF, 0xFF, 0xFF, 0x88,
    0x00, 0x00, 0x00, 0x00, 0x00, 0x00, 0xFF, 0xFF, 0x9B, 0xFF, 0xFF, 0xFF, 0xFF, 0xFF, 0xFF, 0xFF, 0xFF, 0xFF, 0xFF, 0xFF, 0xFF, 0xFF, 0xFF, 0xFF,
    0xFF, 0xFF, 0xFF, 0xFF, 0xFF, 0xFF, 0xFF, 0xFF, 0x37, 0x00, 0x00, 0x00, 0x00, 0x00, 0x00, 0xFF, 0xFF, 0x27, 0xFF, 0xFF, 0xE2, 0xFF, 0xFF, 0xFF,
    0xFF, 0xFF, 0xD9, 0xFF, 0xFF, 0x1A, 0xFF, 0xFF, 0x03, 0xFF, 0xFF, 0xFF, 0xFF, 0xFF, 0xFF, 0xFF, 0xFF, 0x03, 0xFF, 0xFF, 0x83, 0xFF, 0xFF, 0xFF,
    0xFF, 0xFF, 0x5B, 0xFF, 0xFF, 0x1F, 0xFF, 0xFF, 0xFF, 0xFF, 0xFF, 0xEF, 0x00, 0x00, 0x00, 0x00, 0x00, 0x00, 0x00, 0x00, 0x00, 0xFF, 0xFF, 0xC3,
    0xFF, 0xFF, 0xFF, 0xFF, 0xFF, 0x3F, 0x00, 0x00, 0x00, 0xFF, 0xFF, 0xB7, 0xFF, 0xFF, 0xFF, 0xFF, 0xFF, 0xFF, 0xFF, 0xFF, 0xFF, 0xFF, 0xFF, 0xFF,
    0xFF, 0xFF, 0xFF, 0xFF, 0xFF, 0xFF, 0xFF, 0xFF, 0xFF, 0xFF, 0xFF, 0xFF, 0xFF, 0xFF, 0xE3, 0x00, 0x00, 0x00, 0x00, 0x00, 0x00, 0x00, 0x00, 0x00,
    0x00, 0x00, 0x00, 0x00, 0x00, 0x00, 0x00, 0x00, 0x00, 0xFF, 0xFF, 0x08, 0xFF, 0xFF, 0xEA, 0xFF, 0xFF, 0xFB, 0xFF, 0xFF, 0x1F, 0xFF, 0xFF, 0x26,
    0xFF, 0xFF, 0x47, 0xFF, 0xFF, 0xFF, 0xFF, 0xFF, 0x93, 0xFF, 0xFF, 0x73, 0xFF, 0xFF, 0xF3, 0xFF, 0xFF, 0x61, 0xFF, 0xFF, 0xFF, 0xFF, 0xFF, 0x60,
    0xFF, 0xFF, 0xFA, 0xFF, 0xFF, 0x63, 0x00, 0x00, 0x00, 0x00, 0x00, 0x00, 0x00, 0x00, 0x00, 0xFF, 0xFF, 0xC7, 0xFF, 0xFF, 0xFA, 0xFF, 0xFF, 0x1F,
    0xFF, 0xFF, 0x0A, 0x00, 0x00, 0x00, 0x00, 0x00, 0x00, 0x00, 0x00, 0x00, 0x00, 0x00, 0x00, 0xFF, 0xFF, 0xB7, 0xFF, 0xFF, 0xFF, 0xFF, 0xFF, 0x43,
    0x00, 0x00, 0x00, 0x00, 0x00, 0x00, 0x00, 0x00, 0x00, 0x00, 0x00, 0x00, 0x00, 0x00, 0x00, 0x00, 0x00, 0x00, 0xFF, 0xFF, 0x1F, 0xFF, 0xFF, 0xE2,
    0xFF, 0xFF, 0xFF, 0xFF, 0xFF, 0x5D, 0xFF, 0xFF, 0x03, 0xFF, 0xFF, 0xFF, 0xFF, 0xFF, 0xFF, 0xFF, 0xFF, 0x03, 0xFF, 0xFF, 0x83, 0xFF, 0xFF, 0xFF,
    0xFF, 0xFF, 0x5B, 0xFF, 0xFF, 0x1F, 0xFF, 0xFF, 0xFF, 0xFF, 0xFF, 0xEF, 0x00, 0x00, 0x00, 0x00, 0x00, 0x00, 0xFF, 0xFF, 0x19, 0xFF, 0xFF, 0xFC,
    0xFF, 0xFF, 0xDE, 0xFF, 0xFF, 0x01, 0x00, 0x00, 0x00, 0xFF, 0xFF, 0xA0, 0xFF, 0xFF, 0xDF, 0xFF, 0xFF, 0xF1, 0xFF, 0xFF, 0xFF, 0xFF, 0xFF, 0xEB,
    0xFF, 0xFF, 0xDF, 0xFF, 0xFF, 0xDF, 0xFF, 0xFF, 0xDF, 0xFF, 0xFF, 0xDF, 0xFF, 0xFF, 0xC7, 0x00, 0x00, 0x00, 0x00, 0x00, 0x00, 0x00, 0x00, 0x00,
    0x00, 0x00, 0x00, 0x00, 0x00, 0x00, 0x00, 0x00, 0x00, 0xFF, 0xFF, 0x67, 0xFF, 0xFF, 0xFF, 0xFF, 0xFF, 0x96, 0xFF, 0xFF, 0x2F, 0xFF, 0xFF, 0xFB,
    0xFF, 0xFF, 0xBB, 0xFF, 0xFF, 0xFF, 0xFF, 0xFF, 0x93, 0xFF, 0xFF, 0x30, 0xFF, 0xFF, 0x9C, 0xFF, 0xFF, 0x6F, 0xFF, 0xFF, 0xFF, 0xFF, 0xFF, 0x79,
    0xFF, 0xFF, 0xB1, 0xFF, 0xFF, 0x06, 0x00, 0x00, 0x00, 0x00, 0x00, 0x00, 0xFF, 0xFF, 0x38, 0xFF, 0xFF, 0xFF, 0xFF, 0xFF, 0x95, 0xFF, 0xFF, 0x36,
    0xFF, 0xFF, 0xD3, 0xFF, 0xFF, 0x47, 0xFF, 0xFF, 0xB3, 0xFF, 0xFF, 0xB3, 0xFF, 0xFF, 0xB3, 0xFF, 0xFF, 0xEA, 0xFF, 0xFF, 0xFF, 0xFF, 0xFF, 0xC8,
    0xFF, 0xFF, 0xB3, 0xFF, 0xFF, 0xB7, 0xFF, 0xFF, 0xA4, 0xFF, 0xFF, 0x12, 0x00, 0x00, 0x00, 0x00, 0x00, 0x00, 0x00, 0x00, 0x00, 0xFF, 0xFF, 0x29,
    0xFF, 0xFF, 0x8E, 0x00, 0x00, 0x00, 0xFF, 0xFF, 0x03, 0xFF, 0xFF, 0xFF, 0xFF, 0xFF, 0xFF, 0xFF, 0xFF, 0x03, 0xFF, 0xFF, 0x83, 0xFF, 0xFF, 0xFF,
    0xFF, 0xFF, 0x5B, 0xFF, 0xFF, 0x1F, 0xFF, 0xFF, 0xFF, 0xFF, 0xFF, 0xEF, 0x00, 0x00, 0x00, 0x00, 0x00, 0x00, 0xFF, 0xFF, 0x7A, 0xFF, 0xFF, 0xFF,
    0xFF, 0xFF, 0x69, 0xFF, 0xFF, 0x7D, 0xFF, 0xFF, 0x5A, 0x00, 0x00, 0x00, 0x00, 0x00, 0x00, 0xFF, 0xFF, 0xB1, 0xFF, 0xFF, 0xFF, 0xFF, 0xFF, 0x35,
    0x00, 0x00, 0x00, 0x00, 0x00, 0x00, 0x00, 0x00, 0x00, 0x00, 0x00, 0x00, 0x00, 0x00, 0x00, 0x00, 0x00, 0x00, 0x00, 0x00, 0x00, 0x00, 0x00, 0x00,
    0x00, 0x00, 0x00, 0x00, 0x00, 0x00, 0xFF, 0xFF, 0x12, 0xFF, 0xFF, 0xE6, 0xFF, 0xFF, 0xF4, 0xFF, 0xFF, 0x1A, 0xFF, 0xFF, 0x9D, 0xFF, 0xFF, 0xFF,
    0xFF, 0xFF, 0xBD, 0xFF, 0xFF, 0xFF, 0xFF, 0xFF, 0xA4, 0xFF, 0xFF, 0xAF, 0xFF, 0xFF, 0xAF, 0xFF, 0xFF, 0xCC, 0xFF, 0xFF, 0xFF, 0xFF, 0xFF, 0xC7,
    0xFF, 0xFF, 0xAF, 0xFF, 0xFF, 0xAF, 0xFF, 0xFF, 0x2E, 0xFF, 0xFF, 0x03, 0xFF, 0xFF, 0xC5, 0xFF, 0xFF, 0xF6, 0xFF, 0xFF, 0x1B, 0xFF, 0xFF, 0xA5,
    0xFF, 0xFF, 0xFF, 0xFF, 0xFF, 0x7C, 0xFF, 0xFF, 0xFF, 0xFF, 0xFF, 0xFF, 0xFF, 0xFF, 0xFF, 0xFF, 0xFF, 0xFF, 0xFF, 0xFF, 0xFF, 0xFF, 0xFF, 0xFF,
    0xFF, 0xFF, 0xFF, 0xFF, 0xFF, 0xFF, 0xFF, 0xFF, 0xEE, 0xFF, 0xFF, 0x02, 0x00, 0x00, 0x00, 0x00, 0x00, 0x00, 0x00, 0x00, 0x00, 0x00, 0x00, 0x00,
    0x00, 0x00, 0x00, 0x00, 0x00, 0x00, 0xFF, 0xFF, 0x03, 0xFF, 0xFF, 0xFF, 0xFF, 0xFF, 0xFF, 0xFF, 0xFF, 0x03, 0xFF, 0xFF, 0x83, 0xFF, 0xFF, 0xFF,
    0xFF, 0xFF, 0x5B, 0xFF, 0xFF, 0x1F, 0xFF, 0xFF, 0xFF, 0xFF, 0xFF, 0xEF, 0x00, 0x00, 0x00, 0xFF, 0xFF, 0x12, 0xFF, 0xFF, 0xEA, 0xFF, 0xFF, 0xE6,
    0xFF, 0xFF, 0x15, 0xFF, 0xFF, 0xF1, 0xFF, 0xFF, 0xF5, 0xFF, 0xFF, 0x7B, 0xFF, 0xFF, 0xDB, 0xFF, 0xFF, 0xFA, 0xFF, 0xFF, 0xFF, 0xFF, 0xFF, 0xDD,
    0xFF, 0xFF, 0xDB, 0xFF, 0xFF, 0x67, 0x00, 0x00, 0x00, 0x00, 0x00, 0x00, 0x00, 0x00, 0x00, 0x00, 0x00, 0x00, 0x00, 0x00, 0x00, 0x00, 0x00, 0x00,
    0x00, 0x00, 0x00, 0x00, 0x00, 0x00, 0xFF, 0xFF, 0x89, 0xFF, 0xFF, 0xFF, 0xFF, 0xFF, 0xFC, 0xFF, 0xFF, 0xFC, 0xFF, 0xFF, 0xFF, 0xFF, 0xFF, 0xD8,
    0xFF, 0xFF, 0x4D, 0xFF, 0xFF, 0xFF, 0xFF, 0xFF, 0xAB, 0xFF, 0xFF, 0xFF, 0xFF, 0xFF, 0xFF, 0xFF, 0xFF, 0xFF, 0xFF, 0xFF, 0xFF, 0xFF, 0xFF, 0xFF,
    0xFF, 0xFF, 0xFF, 0xFF, 0xFF, 0xFF, 0xFF, 0xFF, 0x43, 0xFF, 0xFF, 0x72, 0xFF, 0xFF, 0xFF, 0xFF, 0xFF, 0xFC, 0xFF, 0xFF, 0xFC, 0xFF, 0xFF, 0xFF,
    0xFF, 0xFF, 0xB0, 0x00, 0x00, 0x00, 0x00, 0x00, 0x00, 0xFF, 0xFF, 0x41, 0xFF, 0xFF, 0x12, 0xFF, 0xFF, 0x0E, 0xFF, 0xFF, 0x2B, 0xFF, 0xFF, 0x18,
    0xFF, 0xFF, 0x1B, 0xFF, 0xFF, 0xFF, 0xFF, 0xFF, 0xAB, 0x00, 0x00, 0x00, 0xFF, 0xFF, 0x77, 0xFF, 0xFF, 0xFF, 0xFF, 0xFF, 0xFF, 0xFF, 0xFF, 0xFF,
    0xFF, 0xFF, 0x7B, 0x00, 0x00, 0x00, 0xFF, 0xFF, 0x03, 0xFF, 0xFF, 0xFF, 0xFF, 0xFF, 0xFF, 0xFF, 0xFF, 0x03, 0xFF, 0xFF, 0x83, 0xFF, 0xFF, 0xFF,
    0xFF, 0xFF, 0x5B, 0xFF, 0xFF, 0x1F, 0xFF, 0xFF, 0xFF, 0xFF, 0xFF, 0xEF, 0x00, 0x00, 0x00, 0xFF, 0xFF, 0x7D, 0xFF, 0xFF, 0xFF, 0xFF, 0xFF, 0xFC,
    0xFF, 0xFF, 0xFE, 0xFF, 0xFF, 0xFF, 0xFF, 0xFF, 0x7D, 0xFF, 0xFF, 0x73, 0xFF, 0xFF, 0xFF, 0xFF, 0xFF, 0xFF, 0xFF, 0xFF, 0xFF, 0xFF, 0xFF, 0xFF,
    0xFF, 0xFF, 0xFF, 0xFF, 0xFF, 0x77, 0x00, 0x00, 0x00, 0x00, 0x00, 0x00, 0x00, 0x00, 0x00, 0x00, 0x00, 0x00, 0x00, 0x00, 0x00, 0x00, 0x00, 0x00,
    0x00, 0x00, 0x00, 0x00, 0x00, 0x00, 0xFF, 0xFF, 0x33, 0xFF, 0xFF, 0xE6, 0xFF, 0xFF, 0xBC, 0xFF, 0xFF, 0xFE, 0xFF, 0xFF, 0xFE, 0xFF, 0xFF, 0x44,
    0xFF, 0xFF, 0x47, 0xFF, 0xFF, 0xFF, 0xFF, 0xFF, 0x93, 0x00, 0x00, 0x00, 0xFF, 0xFF, 0x20, 0xFF, 0xFF, 0xFA, 0xFF, 0xFF, 0xFF, 0xFF, 0xFF, 0xE1,
    0xFF, 0xFF, 0x13, 0x00, 0x00, 0x00, 0x00, 0x00, 0x00, 0xFF, 0xFF, 0x33, 0xFF, 0xFF, 0xEC, 0xFF, 0xFF, 0xBD, 0xFF, 0xFF, 0xFC, 0xFF, 0xFF, 0xF7,
    0xFF, 0xFF, 0x22, 0x00, 0x00, 0x00, 0xFF, 0xFF, 0x06, 0xFF, 0xFF, 0xDC, 0xFF, 0xFF, 0xE6, 0xFF, 0xFF, 0x95, 0xFF, 0xFF, 0xFF, 0xFF, 0xFF, 0x8B,
    0xFF, 0xFF, 0x59, 0xFF, 0xFF, 0xFF, 0xFF, 0xFF, 0x59, 0x00, 0x00, 0x00, 0xFF, 0xFF, 0x74, 0xFF, 0xFF, 0xF7, 0xFF, 0xFF, 0xFB, 0xFF, 0xFF, 0xFF,
    0xFF, 0xFF, 0x7B, 0x00, 0x00, 0x00, 0xFF, 0xFF, 0x07, 0xFF, 0xFF, 0xFF, 0xFF, 0xFF, 0xFE, 0xFF, 0xFF, 0x01, 0xFF, 0xFF, 0x83, 0xFF, 0xFF, 0xFF,
    0xFF, 0xFF, 0x5B, 0xFF, 0xFF, 0x1F, 0xFF, 0xFF, 0xFF, 0xFF, 0xFF, 0xEF, 0x00, 0x00, 0x00, 0xFF, 0xFF, 0x29, 0xFF, 0xFF, 0xE9, 0xFF, 0xFF, 0xCC,
    0xFF, 0xFF, 0xFF, 0xFF, 0xFF, 0xE1, 0xFF, 0xFF, 0x09, 0x00, 0x00, 0x00, 0xFF, 0xFF, 0xB9, 0xFF, 0xFF, 0xFE, 0xFF, 0xFF, 0x2A, 0xFF, 0xFF, 0x7F,
    0xFF, 0xFF, 0xFF, 0xFF, 0xFF, 0x77, 0x00, 0x00, 0x00, 0x00, 0x00, 0x00, 0x00, 0x00, 0x00, 0x00, 0x00, 0x00, 0x00, 0x00, 0x00, 0x00, 0x00, 0x00,
    0x00, 0x00, 0x00, 0x00, 0x00, 0x00, 0x00, 0x00, 0x00, 0x00, 0x00, 0x00, 0xFF, 0xFF, 0x81, 0xFF, 0xFF, 0xFF, 0xFF, 0xFF, 0x8C, 0x00, 0x00, 0x00,
    0xFF, 0xFF, 0x47, 0xFF, 0xFF, 0xFF, 0xFF, 0xFF, 0x93, 0x00, 0x00, 0x00, 0xFF, 0xFF, 0x99, 0xFF, 0xFF, 0xFF, 0xFF, 0xFF, 0xFF, 0xFF, 0xFF, 0xFF,
    0xFF, 0xFF, 0xB5, 0xFF, 0xFF, 0x01, 0x00, 0x00, 0x00, 0x00, 0x00, 0x00, 0xFF, 0xFF, 0x04, 0xFF, 0xFF, 0x5F, 0xFF, 0xFF, 0xFF, 0xFF, 0xFF, 0x82,
    0x00, 0x00, 0x00, 0xFF, 0xFF, 0x18, 0xFF, 0xFF, 0xBE, 0xFF, 0xFF, 0x6B, 0xFF, 0xFF, 0x9D, 0xFF, 0xFF, 0x99, 0xFF, 0xFF, 0xFF, 0xFF, 0xFF, 0x8A,
    0x00, 0x00, 0x00, 0xFF, 0xFF, 0x1B, 0xFF, 0xFF, 0x09, 0x00, 0x00, 0x00, 0x00, 0x00, 0x00, 0x00, 0x00, 0x00, 0xFF, 0xFF, 0x77, 0xFF, 0xFF, 0xFF,
    0xFF, 0xFF, 0x7B, 0x00, 0x00, 0x00, 0xFF, 0xFF, 0x10, 0xFF, 0xFF, 0xFF, 0xFF, 0xFF, 0xF0, 0x00, 0x00, 0x00, 0xFF, 0xFF, 0x83, 0xFF, 0xFF, 0xFF,
    0xFF, 0xFF, 0x5B, 0xFF, 0xFF, 0x1F, 0xFF, 0xFF, 0xFF, 0xFF, 0xFF, 0xEF, 0x00, 0x00, 0x00, 0x00, 0x00, 0x00, 0xFF, 0xFF, 0x01, 0xFF, 0xFF, 0xA0,
    0xFF, 0xFF, 0xFF, 0xFF, 0xFF, 0x55, 0x00, 0x00, 0x00, 0xFF, 0xFF, 0x55, 0xFF, 0xFF, 0xFF, 0xFF, 0xFF, 0xFB, 0xFF, 0xFF, 0xD3, 0xFF, 0xFF, 0xE9,
    0xFF, 0xFF, 0xFF, 0xFF, 0xFF, 0xE8, 0xFF, 0xFF, 0xD3, 0xFF, 0xFF, 0xD3, 0xFF, 0xFF, 0x87, 0x00, 0x00, 0x00, 0x00, 0x00, 0x00, 0x00, 0x00, 0x00,
    0x00, 0x00, 0x00, 0x00, 0x00, 0x00, 0x00, 0x00, 0x00, 0xFF, 0xFF, 0x50, 0xFF, 0xFF, 0xFD, 0xFF, 0xFF, 0xEC, 0xFF, 0xFF, 0x6B, 0xFF, 0xFF, 0x90,
    0xFF, 0xFF, 0x6A, 0xFF, 0xFF, 0xFF, 0xFF, 0xFF, 0x93, 0xFF, 0xFF, 0x36, 0xFF, 0xFF, 0xFA, 0xFF, 0xFF, 0xDE, 0xFF, 0xFF, 0xFF, 0xFF, 0xFF, 0xAA,
    0xFF, 0xFF, 0xFF, 0xFF, 0xFF, 0x71, 0x00, 0x00, 0x00, 0x00, 0x00, 0x00, 0xFF, 0xFF, 0x18, 0xFF, 0xFF, 0xEB, 0xFF, 0xFF, 0xF9, 0xFF, 0xFF, 0x8A,
    0xFF, 0xFF, 0xC0, 0xFF, 0xFF, 0x0A, 0xFF, 0xFF, 0x90, 0xFF, 0xFF, 0xFD, 0xFF, 0xFF, 0x61, 0xFF, 0xFF, 0x6E, 0xFF, 0xFF, 0xFF, 0xFF, 0xFF, 0x79,
    0x00, 0x00, 0x00, 0x00, 0x00, 0x00, 0x00, 0x00, 0x00, 0x00, 0x00, 0x00, 0x00, 0x00, 0x00, 0x00, 0x00, 0x00, 0xFF, 0xFF, 0x77, 0xFF, 0xFF, 0xFF,
    0xFF, 0xFF, 0x7B, 0x00, 0x00, 0x00, 0xFF, 0xFF, 0x19, 0xFF, 0xFF, 0xFF, 0xFF, 0xFF, 0xE1, 0x00, 0x00, 0x00, 0xFF, 0xFF, 0x83, 0xFF, 0xFF, 0xFF,
    0xFF, 0xFF, 0x5B, 0xFF, 0xFF, 0x1F, 0xFF, 0xFF, 0xFF, 0xFF, 0xFF, 0xEF, 0x00, 0x00, 0x00, 0x00, 0x00, 0x00, 0xFF, 0xFF, 0x4F, 0xFF, 0xFF, 0xFF,
    0xFF, 0xFF, 0xE6, 0xFF, 0xFF, 0x77, 0xFF, 0xFF, 0x9C, 0xFF, 0xFF, 0x32, 0xFF, 0xFF, 0xFF, 0xFF, 0xFF, 0xFF, 0xFF, 0xFF, 0xFF, 0xFF, 0xFF, 0xFF,
    0xFF, 0xFF, 0xFF, 0xFF, 0xFF, 0xFF, 0xFF, 0xFF, 0xFF, 0xFF, 0xFF, 0xFF, 0xFF, 0xFF, 0xA3, 0x00, 0x00, 0x00, 0x00, 0x00, 0x00, 0x00, 0x00, 0x00,
    0x00, 0x00, 0x00, 0x00, 0x00, 0x00, 0xFF, 0xFF, 0x4A, 0xFF, 0xFF, 0xF9, 0xFF, 0xFF, 0xFF, 0xFF, 0xFF, 0xFF, 0xFF, 0xFF, 0xFF, 0xFF, 0xFF, 0xFF,
    0xFF, 0xFF, 0x71, 0xFF, 0xFF, 0xFF, 0xFF, 0xFF, 0x9D, 0xFF, 0xFF, 0xDE, 0xFF, 0xFF, 0xF4, 0xFF, 0xFF, 0x70, 0xFF, 0xFF, 0xFF, 0xFF, 0xFF, 0x4D,
    0xFF, 0xFF, 0xC9, 0xFF, 0xFF, 0xF8, 0xFF, 0xFF, 0x23, 0xFF, 0xFF, 0x13, 0xFF, 0xFF, 0xC4, 0xFF, 0xFF, 0xFF, 0xFF, 0xFF, 0xFF, 0xFF, 0xFF, 0xFF,
    0xFF, 0xFF, 0xFF, 0xFF, 0xFF, 0x71, 0xFF, 0xFF, 0xBF, 0xFF, 0xFF, 0xE7, 0xFF, 0xFF, 0xC1, 0xFF, 0xFF, 0xE0, 0xFF, 0xFF, 0xFF, 0xFF, 0xFF, 0xDB,
    0xFF, 0xFF, 0xBF, 0xFF, 0xFF, 0xBF, 0xFF, 0xFF, 0xB9, 0x00, 0x00, 0x00, 0x00, 0x00, 0x00, 0x00, 0x00, 0x00, 0xFF, 0xFF, 0x77, 0xFF, 0xFF, 0xFF,
    0xFF, 0xFF, 0x7B, 0x00, 0x00, 0x00, 0xFF, 0xFF, 0x2D, 0xFF, 0xFF, 0xFF, 0xFF, 0xFF, 0xD2, 0x00, 0x00, 0x00, 0xFF, 0xFF, 0x83, 0xFF, 0xFF, 0xFF,
    0xFF, 0xFF, 0x5B, 0xFF, 0xFF, 0x1F, 0xFF, 0xFF, 0xFF, 0xFF, 0xFF, 0xEF, 0x00, 0x00, 0x00, 0xFF, 0xFF, 0x3A, 0xFF, 0xFF, 0xF3, 0xFF, 0xFF, 0xFF,
    0xFF, 0xFF, 0xFF, 0xFF, 0xFF, 0xFF, 0xFF, 0xFF, 0xEC, 0x00, 0x00, 0x00, 0xFF, 0xFF, 0x36, 0xFF, 0xFF, 0x08, 0x00, 0x00, 0x00, 0xFF, 0xFF, 0x7F,
    0xFF, 0xFF, 0xFF, 0xFF, 0xFF, 0x77, 0x00, 0x00, 0x00, 0xFF, 0xFF, 0x07, 0x00, 0x00, 0x00, 0x00, 0x00, 0x00, 0x00, 0x00, 0x00, 0x00, 0x00, 0x00,
    0x00, 0x00, 0x00, 0x00, 0x00, 0x00, 0xFF, 0xFF, 0x29, 0xFF, 0xFF, 0xFC, 0xFF, 0xFF, 0xC8, 0xFF, 0xFF, 0x8E, 0xFF, 0xFF, 0x58, 0xFF, 0xFF, 0x25,
    0xFF, 0xFF, 0x49, 0xFF, 0xFF, 0xFF, 0xFF, 0xFF, 0x95, 0xFF, 0xFF, 0xD6, 0xFF, 0xFF, 0x79, 0xFF, 0xFF, 0x5B, 0xFF, 0xFF, 0xFF, 0xFF, 0xFF, 0x4B,
    0xFF, 0xFF, 0x42, 0xFF, 0xFF, 0xB6, 0xFF, 0xFF, 0x03, 0xFF, 0xFF, 0x41, 0xFF, 0xFF, 0xFF, 0xFF, 0xFF, 0xFA, 0xFF, 0xFF, 0xBC, 0xFF, 0xFF, 0x72,
    0xFF, 0xFF, 0x53, 0xFF, 0xFF, 0x90, 0xFF, 0xFF, 0xFF, 0xFF, 0xFF, 0xFF, 0xFF, 0xFF, 0xFF, 0xFF, 0xFF, 0xFF, 0xFF, 0xFF, 0xFF, 0xFF, 0xFF, 0xFF,
    0xFF, 0xFF, 0xFF, 0xFF, 0xFF, 0xFF, 0xFF, 0xFF, 0xF7, 0x00, 0x00, 0x00, 0x00, 0x00, 0x00, 0x00, 0x00, 0x00, 0xFF, 0xFF, 0x77, 0xFF, 0xFF, 0xFF,
    0xFF, 0xFF, 0x7B, 0xFF, 0xFF, 0x45, 0xFF, 0xFF, 0x58, 0xFF, 0xFF, 0xFF, 0xFF, 0xFF, 0xC3, 0x00, 0x00, 0x00, 0xFF, 0xFF, 0x83, 0xFF, 0xFF, 0xFF,
    0xFF, 0xFF, 0x5B, 0xFF, 0xFF, 0x1F, 0xFF, 0xFF, 0xFF, 0xFF, 0xFF, 0xEF, 0x00, 0x00, 0x00, 0xFF, 0xFF, 0x22, 0xFF, 0xFF, 0xFF, 0xFF, 0xFF, 0xE1,
    0xFF, 0xFF, 0x9D, 0xFF, 0xFF, 0x5E, 0xFF, 0xFF, 0x2D, 0x00, 0x00, 0x00, 0xFF, 0xFF, 0x98, 0xFF, 0xFF, 0xE9, 0xFF, 0xFF, 0x4B, 0xFF, 0xFF, 0x7F,
    0xFF, 0xFF, 0xFF, 0xFF, 0xFF, 0x77, 0xFF, 0xFF, 0x88, 0xFF, 0xFF, 0xDC, 0xFF, 0xFF, 0x05, 0x00, 0x00, 0x00, 0x00, 0x00, 0x00, 0x00, 0x00, 0x00,
    0x00, 0x00, 0x00, 0x00, 0x00, 0x00, 0x00, 0x00, 0x00, 0xFF, 0xFF, 0x14, 0x00, 0x00, 0x00, 0x00, 0x00, 0x00, 0xFF, 0xFF, 0x10, 0xFF, 0xFF, 0x4A,
    0xFF, 0xFF, 0x5E, 0xFF, 0xFF, 0xFF, 0xFF, 0xFF, 0x93, 0xFF, 0xFF, 0x3C, 0xFF, 0xFF, 0x03, 0xFF, 0xFF, 0x5B, 0xFF, 0xFF, 0xFF, 0xFF, 0xFF, 0x4B,
    0x00, 0x00, 0x00, 0xFF, 0xFF, 0x08, 0x00, 0x00, 0x00, 0xFF, 0xFF, 0x02, 0xFF, 0xFF, 0x67, 0xFF, 0xFF, 0x1D, 0xFF, 0xFF, 0x63, 0xFF, 0xFF, 0xC7,
    0xFF, 0xFF, 0xFF, 0xFF, 0xFF, 0x18, 0x00, 0x00, 0x00, 0x00, 0x00, 0x00, 0xFF, 0xFF, 0x9D, 0xFF, 0xFF, 0xFF, 0xFF, 0xFF, 0xB3, 0xFF, 0xFF, 0x5B,
    0xFF, 0xFF, 0x3B, 0x00, 0x00, 0x00, 0x00, 0x00, 0x00, 0x00, 0x00, 0x00, 0x00, 0x00, 0x00, 0x00, 0x00, 0x00, 0xFF, 0xFF, 0x77, 0xFF, 0xFF, 0xFF,
    0xFF, 0xFF, 0xDE, 0xFF, 0xFF, 0xFE, 0xFF, 0xFF, 0xAD, 0xFF, 0xFF, 0xFF, 0xFF, 0xFF, 0xA9, 0x00, 0x00, 0x00, 0xFF, 0xFF, 0x83, 0xFF, 0xFF, 0xFF,
    0xFF, 0xFF, 0x5B, 0xFF, 0xFF, 0x1F, 0xFF, 0xFF, 0xFF, 0xFF, 0xFF, 0xEF, 0x00, 0x00, 0x00, 0x00, 0x00, 0x00, 0xFF, 0xFF, 0x2D, 0xFF, 0xFF, 0x02,
    0xFF, 0xFF, 0x49, 0xFF, 0xFF, 0xB6, 0xFF, 0xFF, 0xB9, 0xFF, 0xFF, 0x11, 0xFF, 0xFF, 0xF5, 0xFF, 0xFF, 0xF6, 0xFF, 0xFF, 0x15, 0xFF, 0xFF, 0x7F,
    0xFF, 0xFF, 0xFF, 0xFF, 0xFF, 0x77, 0xFF, 0xFF, 0xA5, 0xFF, 0xFF, 0xFF, 0xFF, 0xFF, 0x5F, 0x00, 0x00, 0x00, 0x00, 0x00, 0x00, 0x00, 0x00, 0x00,
    0x00, 0x00, 0x00, 0x00, 0x00, 0x00, 0xFF, 0xFF, 0x1B, 0xFF, 0xFF, 0x60, 0xFF, 0xFF, 0x97, 0xFF, 0xFF, 0xD0, 0xFF, 0xFF, 0xFD, 0xFF, 0xFF, 0xFF,
    0xFF, 0xFF, 0x91, 0xFF, 0xFF, 0xFF, 0xFF, 0xFF, 0x93, 0x00, 0x00, 0x00, 0x00, 0x00, 0x00, 0xFF, 0xFF, 0x49, 0xFF, 0xFF, 0xCB, 0xFF, 0xFF, 0x3C,
    0x00, 0x00, 0x00, 0x00, 0x00, 0x00, 0x00, 0x00, 0x00, 0xFF, 0xFF, 0x28, 0xFF, 0xFF, 0xA2, 0xFF, 0xFF, 0xF5, 0xFF, 0xFF, 0xFF, 0xFF, 0xFF, 0xFF,
    0xFF, 0xFF, 0xCC, 0xFF, 0xFF, 0x1F, 0x00, 0x00, 0x00, 0xFF, 0xFF, 0x6C, 0xFF, 0xFF, 0xFF, 0xFF, 0xFF, 0xFB, 0xFF, 0xFF, 0x51, 0xFF, 0xFF, 0xF7,
    0xFF, 0xFF, 0xF9, 0xFF, 0xFF, 0x62, 0x00, 0x00, 0x00, 0x00, 0x00, 0x00, 0x00, 0x00, 0x00, 0x00, 0x00, 0x00, 0xFF, 0xFF, 0x80, 0xFF, 0xFF, 0xFF,
    0xFF, 0xFF, 0xFF, 0xFF, 0xFF, 0xEC, 0xFF, 0xFF, 0xF1, 0xFF, 0xFF, 0xFF, 0xFF, 0xFF, 0x70, 0x00, 0x00, 0x00, 0xFF, 0xFF, 0x83, 0xFF, 0xFF, 0xFF,
    0xFF, 0xFF, 0x5B, 0xFF, 0xFF, 0x1F, 0xFF, 0xFF, 0xFF, 0xFF, 0xFF, 0xEF, 0x00, 0x00, 0x00, 0xFF, 0xFF, 0x13, 0xFF, 0xFF, 0x75, 0xFF, 0xFF, 0xDC,
    0xFF, 0xFF, 0xFF, 0xFF, 0xFF, 0xFF, 0xFF, 0xFF, 0xBF, 0xFF, 0xFF, 0x90, 0xFF, 0xFF, 0xFF, 0xFF, 0xFF, 0x90, 0x00, 0x00, 0x00, 0xFF, 0xFF, 0x7F,
    0xFF, 0xFF, 0xFF, 0xFF, 0xFF, 0x77, 0xFF, 0xFF, 0x39, 0xFF, 0xFF, 0xFF, 0xFF, 0xFF, 0xD2, 0x00, 0x00, 0x00, 0x00, 0x00, 0x00, 0x00, 0x00, 0x00,
    0x00, 0x00, 0x00, 0x00, 0x00, 0x00, 0xFF, 0xFF, 0x5D, 0xFF, 0xFF, 0xFF, 0xFF, 0xFF, 0xFF, 0xFF, 0xFF, 0xFD, 0xFF, 0xFF, 0xCF, 0xFF, 0xFF, 0x8E,
    0xFF, 0xFF, 0x6C, 0xFF, 0xFF, 0xFF, 0xFF, 0xFF, 0xE6, 0xFF, 0xFF, 0xC3, 0xFF, 0xFF, 0xC3, 0xFF, 0xFF, 0xC3, 0xFF, 0xFF, 0xC3, 0xFF, 0xFF, 0xC3,
    0xFF, 0xFF, 0xC3, 0xFF, 0xFF, 0xC3, 0xFF, 0xFF, 0x58, 0xFF, 0xFF, 0x49, 0xFF, 0xFF, 0xFF, 0xFF, 0xFF, 0xFF, 0xFF, 0xFF, 0xBA, 0xFF, 0xFF, 0x44,
    0x00, 0x00, 0x00, 0xFF, 0xFF, 0x0D, 0xFF, 0xFF, 0x91, 0xFF, 0xFF, 0xFF, 0xFF, 0xFF, 0xFF, 0xFF, 0xFF, 0x75, 0x00, 0x00, 0x00, 0xFF, 0xFF, 0x45,
    0xFF, 0xFF, 0xF2, 0xFF, 0xFF, 0xFF, 0xFF, 0xFF, 0x6D, 0x00, 0x00, 0x00, 0x00, 0x00, 0x00, 0x00, 0x00, 0x00, 0xFF, 0xFF, 0xBE, 0xFF, 0xFF, 0xFF,
    0xFF, 0xFF, 0xE4, 0xFF, 0xFF, 0x66, 0xFF, 0xFF, 0xFF, 0xFF, 0xFF, 0xFF, 0xFF, 0xFF, 0x34, 0x00, 0x00, 0x00, 0xFF, 0xFF, 0x50, 0xFF, 0xFF, 0x9B,
    0xFF, 0xFF, 0x38, 0xFF, 0xFF, 0x1F, 0xFF, 0xFF, 0xFF, 0xFF, 0xFF, 0xEF, 0x00, 0x00, 0x00, 0xFF, 0xFF, 0x53, 0xFF, 0xFF, 0xFF, 0xFF, 0xFF, 0xFF,
    0xFF, 0xFF, 0xDD, 0xFF, 0xFF, 0x5B, 0xFF, 0xFF, 0x3A, 0xFF, 0xFF, 0xFD, 0xFF, 0xFF, 0xEE, 0xFF, 0xFF, 0x18, 0x00, 0x00, 0x00, 0xFF, 0xFF, 0x8D,
    0xFF, 0xFF, 0xFF, 0xFF, 0xFF, 0x76, 0x00, 0x00, 0x00, 0xFF, 0xFF, 0xCE, 0xFF, 0xFF, 0xFF, 0xFF, 0xFF, 0x3F, 0x00, 0x00, 0x00, 0x00, 0x00, 0x00,
    0x00, 0x00, 0x00, 0x00, 0x00, 0x00, 0xFF, 0xFF, 0x26, 0xFF, 0xFF, 0x92, 0xFF, 0xFF, 0x51, 0xFF, 0xFF, 0x12, 0x00, 0x00, 0x00, 0x00, 0x00, 0x00,
    0xFF, 0xFF, 0x47, 0xFF, 0xFF, 0xFF, 0xFF, 0xFF, 0xFF, 0xFF, 0xFF, 0xFF, 0xFF, 0xFF, 0xFF, 0xFF, 0xFF, 0xFF, 0xFF, 0xFF, 0xFF, 0xFF, 0xFF, 0xFF,
    0xFF, 0xFF, 0xFF, 0xFF, 0xFF, 0xFF, 0xFF, 0xFF, 0x73, 0xFF, 0xFF, 0x13, 0xFF, 0xFF, 0x9E, 0xFF, 0xFF, 0x2D, 0x00, 0x00, 0x00, 0x00, 0x00, 0x00,
    0x00, 0x00, 0x00, 0xFF, 0xFF, 0xB6, 0xFF, 0xFF, 0xFF, 0xFF, 0xFF, 0xFD, 0xFF, 0xFF, 0x72, 0x00, 0x00, 0x00, 0x00, 0x00, 0x00, 0x00, 0x00, 0x00,
    0xFF, 0xFF, 0x34, 0xFF, 0xFF, 0xF3, 0xFF, 0xFF, 0xFE, 0xFF, 0xFF, 0x36, 0x00, 0x00, 0x00, 0xFF, 0xFF, 0x21, 0xFF, 0xFF, 0xFB, 0xFF, 0xFF, 0xDD,
    0xFF, 0xFF, 0x20, 0xFF, 0xFF, 0xA3, 0xFF, 0xFF, 0xFF, 0xFF, 0xFF, 0xD1, 0x00, 0x00, 0x00, 0x00, 0x00, 0x00, 0x00, 0x00, 0x00, 0x00, 0x00, 0x00,
    0x00, 0x00, 0x00, 0xFF, 0xFF, 0x1F, 0xFF, 0xFF, 0xFF, 0xFF, 0xFF, 0xEF, 0x00, 0x00, 0x00, 0xFF, 0xFF, 0x19, 0xFF, 0xFF, 0xD7, 0xFF, 0xFF, 0x5F,
    0xFF, 0xFF, 0x04, 0x00, 0x00, 0x00, 0xFF, 0xFF, 0x29, 0xFF, 0xFF, 0xD6, 0xFF, 0xFF, 0x58, 0xFF, 0xFF, 0x5B, 0xFF, 0xFF, 0xFE, 0xFF, 0xFF, 0xFF,
    0xFF, 0xFF, 0xFF, 0xFF, 0xFF, 0x59, 0x00, 0x00, 0x00, 0xFF, 0xFF, 0x65, 0xFF, 0xFF, 0xA7, 0xFF, 0xFF, 0x21, 0x00, 0x00, 0x00, 0x00, 0x00, 0x00,
    0x00, 0x00, 0x00, 0x00, 0x00, 0x00, 0x00, 0x00, 0x00, 0x00, 0x00, 0x00, 0x00, 0x00, 0x00, 0x00, 0x00, 0x00, 0x00, 0x00, 0x00, 0x00, 0x00, 0x00,
    0x00, 0x00, 0x00, 0x00, 0x00, 0x00, 0x00, 0x00, 0x00, 0x00, 0x00, 0x00, 0x00, 0x00, 0x00, 0x00, 0x00, 0x00, 0x00, 0x00, 0x00, 0x00, 0x00, 0x00,
    0x00, 0x00, 0x00, 0x00, 0x00, 0x00, 0x00, 0x00, 0x00, 0x00, 0x00, 0x00, 0x00, 0x00, 0x00, 0x00, 0x00, 0x00, 0x00, 0x00, 0x00, 0x00, 0x00, 0x00,
    0x00, 0x00, 0x00, 0xFF, 0xFF, 0x26, 0xFF, 0xFF, 0xC1, 0xFF, 0xFF, 0x36, 0x00, 0x00, 0x00, 0x00, 0x00, 0x00, 0x00, 0x00, 0x00, 0x00, 0x00, 0x00,
    0x00, 0x00, 0x00, 0xFF, 0xFF, 0x46, 0xFF, 0xFF, 0x8A, 0x00, 0x00, 0x00, 0x00, 0x00, 0x00, 0x00, 0x00, 0x00, 0xFF, 0xFF, 0x69, 0xFF, 0xFF, 0x1D,
    0x00, 0x00, 0x00, 0xFF, 0xFF, 0x09, 0xFF, 0xFF, 0x7D, 0xFF, 0xFF, 0x5B, 0x00, 0x00, 0x00, 0x00, 0x00, 0x00, 0x00, 0x00, 0x00, 0x00, 0x00, 0x00,
    0x00, 0x00, 0x00, 0xFF, 0xFF, 0x17, 0xFF, 0xFF, 0xBF, 0xFF, 0xFF, 0xB3, 0x00, 0x00, 0x00, 0x00, 0x00, 0x00, 0xFF, 0xFF, 0x01, 0x00, 0x00, 0x00,
    0x00, 0x00, 0x00, 0x00, 0x00, 0x00, 0x00, 0x00, 0x00, 0xFF, 0xFF, 0x05, 0x00, 0x00, 0x00, 0xFF, 0xFF, 0x11, 0xFF, 0xFF, 0xCF, 0xFF, 0xFF, 0xC3,
    0xFF, 0xFF, 0x82, 0xFF, 0xFF, 0x03, 0x00, 0x00, 0x00, 0x00, 0x00, 0x00, 0x00, 0x00, 0x00, 0x00, 0x00, 0x00, 0x00, 0x00, 0x00, 0x00, 0x00, 0x00,
    0x00, 0x00, 0x00, 0x00, 0x00, 0x00, 0x00, 0x00, 0x00, 0x00, 0x00, 0x00, 0x00, 0x00, 0x00, 0x00, 0x00, 0x00, 0x00, 0x00, 0x00, 0x00, 0x00, 0x00,
    0x00, 0x00, 0x00, 0x00, 0x00, 0x00, 0x00, 0x00, 0x00, 0x00, 0x00, 0x00, 0x00, 0x00, 0x00, 0x00, 0x00, 0x00, 0x00, 0x00, 0x00, 0x00, 0x00, 0x00,
    0x00, 0x00, 0x00, 0x00, 0x00, 0x00, 0x00, 0x00, 0x00, 0x00, 0x00, 0x00, 0x00, 0x00, 0x00, 0x00, 0x00, 0x00, 0x00, 0x00, 0x00, 0x00, 0x00, 0x00,
    0x00, 0x00, 0x00, 0x00, 0x00, 0x00, 0x00, 0x00, 0x00, 0x00, 0x00, 0x00, 0x00, 0x00, 0x00, 0x00, 0x00, 0x00, 0x00, 0x00, 0x00, 0x00, 0x00, 0x00,
    0x00, 0x00, 0x00, 0x00, 0x00, 0x00, 0x00, 0x00, 0x00, 0x00, 0x00, 0x00, 0x00, 0x00, 0x00, 0x00, 0x00, 0x00, 0x00, 0x00, 0x00, 0x00, 0x00, 0x00,
    0x00, 0x00, 0x00, 0x00, 0x00, 0x00, 0x00, 0x00, 0x00, 0x00, 0x00, 0x00, 0x00, 0x00, 0x00, 0x00, 0x00, 0x00, 0x00, 0x00, 0x00, 0x00, 0x00, 0x00,
    0x00, 0x00, 0x00, 0x00, 0x00, 0x00, 0x00, 0x00, 0x00, 0x00, 0x00, 0x00, 0x00, 0x00, 0x00, 0x00, 0x00, 0x00, 0x00, 0x00, 0x00, 0x00, 0x00, 0x00,
    0x00, 0x00, 0x00, 0x00, 0x00, 0x00, 0x00, 0x00, 0x00, 0x00, 0x00, 0x00, 0x00, 0x00, 0x00, 0x00, 0x00, 0x00, 0x00, 0x00, 0x00, 0x00, 0x00, 0x00,
    0x00, 0x00, 0x00, 0x00, 0x00, 0x00, 0x00, 0x00, 0x00, 0x00, 0x00, 0x00, 0x00, 0x00, 0x00, 0x00, 0x00, 0x00, 0x00, 0x00, 0x00, 0x00, 0x00, 0x00,
    0x00, 0x00, 0x00, 0x00, 0x00, 0x00, 0x00, 0x00, 0x00, 0x00, 0x00, 0x00, 0x00, 0x00, 0x00, 0x00, 0x00, 0x00, 0x00, 0x00, 0x00, 0x00, 0x00, 0x00,
    0x00, 0x00, 0x00, 0x00, 0x00, 0x00, 0x00, 0x00, 0x00, 0x00, 0x00, 0x00, 0x00, 0x00, 0x00, 0x00, 0x00, 0x00, 0x00, 0x00, 0x00, 0x00, 0x00, 0x00,
    0x00, 0x00, 0x00, 0x00, 0x00, 0x00, 0x00, 0x00, 0x00, 0x00, 0x00, 0x00, 0x00, 0x00, 0x00, 0x00, 0x00, 0x00, 0x00, 0x00, 0x00, 0x00, 0x00, 0x00,
    0x00, 0x00, 0x00, 0x00, 0x00, 0x00, 0x00, 0x00, 0x00, 0x00, 0x00, 0x00, 0x00, 0x00, 0x00, 0x00, 0x00, 0x00, 0x00, 0x00, 0x00, 0x00, 0x00, 0x00,
    0x00, 0x00, 0x00, 0x00, 0x00, 0x00, 0x00, 0x00, 0x00, 0x00, 0x00, 0x00, 0x00, 0x00, 0x00, 0x00, 0x00, 0x00, 0x00, 0x00, 0x00, 0x00, 0x00, 0x00,
    0x00, 0x00, 0x00, 0x00, 0x00, 0x00, 0x00, 0x00, 0x00, 0x00, 0x00, 0x00, 0x00, 0x00, 0x00, 0x00, 0x00, 0x00, 0x00, 0x00, 0x00, 0x00, 0x00, 0x00,
    0x00, 0x00, 0x00, 0x00, 0x00, 0x00, 0x00, 0x00, 0x00, 0x00, 0x00, 0x00, 0x00, 0x00, 0x00, 0x00, 0x00, 0x00, 0x00, 0x00, 0x00, 0x00, 0x00, 0x00,
    0x00, 0x00, 0x00, 0x00, 0x00, 0x00, 0x00, 0x00, 0x00, 0x00, 0x00, 0x00, 0x00, 0x00, 0x00, 0x00, 0x00, 0x00, 0x00, 0x00, 0x00, 0x00, 0x00, 0x00,
    0x00, 0x00, 0x00, 0x00, 0x00, 0x00, 0x00, 0x00, 0x00, 0x00, 0x00, 0x00, 0x00, 0x00, 0x00, 0x00, 0x00, 0x00, 0x00, 0x00, 0x00, 0x00, 0x00, 0x00,
};
const lv_img_dsc_t flow_continue_btn = {
    .header.always_zero = 0,
    .header.w = 72,
    .header.h = 22,
    .data_size = 4752,
    .header.cf = LV_IMG_CF_TRUE_COLOR_ALPHA,
    .data = flow_continue_btn_map,
};
