#include "rehab_ui_text_assets.h"

#ifndef LV_ATTRIBUTE_IMG_ZH_ABOUT18
#define LV_ATTRIBUTE_IMG_ZH_ABOUT18
#endif
const LV_ATTRIBUTE_MEM_ALIGN LV_ATTRIBUTE_LARGE_CONST LV_ATTRIBUTE_IMG_ZH_ABOUT18 uint8_t zh_about18_map[] = {
    0x00, 0x00, 0x00, 0x00, 0x00, 0x00, 0x00, 0x00, 0x00, 0x00, 0x00, 0x00, 0x00, 0x00, 0x00, 0x00, 0x00, 0x00, 0x00, 0x00, 0x00, 0x00, 0x00, 0x00,
    0x00, 0x00, 0x00, 0x00, 0x00, 0x00, 0x00, 0x00, 0x00, 0x00, 0x00, 0x00, 0x00, 0x00, 0x00, 0x00, 0x00, 0x00, 0x00, 0x00, 0x00, 0x00, 0x00, 0x00,
    0x00, 0x00, 0x00, 0x00, 0x00, 0x00, 0x00, 0x00, 0x00, 0x00, 0x00, 0x00, 0x00, 0x00, 0x00, 0x00, 0x00, 0x00, 0x00, 0x00, 0x00, 0x00, 0x00, 0x00,
    0x00, 0x00, 0x00, 0x00, 0x00, 0x00, 0x00, 0x00, 0x00, 0x00, 0x00, 0x00, 0x00, 0x00, 0x00, 0x00, 0x00, 0x00, 0x00, 0x00, 0x00, 0x00, 0x00, 0x00,
    0x00, 0x00, 0x00, 0x00, 0x00, 0x00, 0x00, 0x00, 0x00, 0x00, 0x00, 0x00, 0x00, 0x00, 0x00, 0x00, 0x00, 0x00, 0x00, 0x00, 0x00, 0x00, 0x00, 0x00,
    0x00, 0x00, 0x00, 0x00, 0x00, 0x00, 0x00, 0x00, 0x00, 0x00, 0x00, 0x00, 0x00, 0x00, 0x00, 0x00, 0x00, 0x00, 0x00, 0x00, 0x00, 0x00, 0x00, 0x00,
    0x00, 0x00, 0x00, 0x00, 0x00, 0x00, 0x00, 0x00, 0x00, 0x00, 0x00, 0x00, 0x00, 0x00, 0x00, 0x00, 0x00, 0x00, 0x00, 0x00, 0x00, 0x00, 0x00, 0x00,
    0x00, 0x00, 0x00, 0x00, 0x00, 0x00, 0x00, 0x00, 0x00, 0x00, 0x00, 0x00, 0x00, 0x00, 0x00, 0x00, 0x00, 0x00, 0x00, 0x00, 0x00, 0x00, 0x00, 0x00,
    0x00, 0x00, 0x00, 0x00, 0x00, 0x00, 0x00, 0x00, 0x00, 0x00, 0x00, 0x00, 0x00, 0x00, 0x00, 0x00, 0x00, 0x00, 0x00, 0x00, 0x00, 0x00, 0x00, 0x00,
    0x00, 0x00, 0x00, 0x00, 0x00, 0x00, 0x00, 0x00, 0x00, 0x00, 0x00, 0x00, 0x00, 0x00, 0x00, 0x00, 0x00, 0x00, 0x00, 0x00, 0x00, 0x00, 0x00, 0x00,
    0x00, 0x00, 0x00, 0x00, 0x00, 0x00, 0x00, 0x00, 0x00, 0x00, 0x00, 0x00, 0x00, 0x00, 0x00, 0x00, 0x00, 0x00, 0x00, 0x00, 0x00, 0x00, 0x00, 0x00,
    0x00, 0x00, 0x00, 0x00, 0x00, 0x00, 0x00, 0x00, 0x00, 0x00, 0x00, 0x00, 0x00, 0x00, 0x00, 0x00, 0x00, 0x00, 0x00, 0x00, 0x00, 0x00, 0x00, 0x00,
    0x00, 0x00, 0x00, 0x00, 0x00, 0x00, 0x00, 0x00, 0x00, 0x00, 0x00, 0x00, 0x00, 0x00, 0x00, 0x00, 0x00, 0x00, 0x00, 0x00, 0x00, 0x00, 0x00, 0x00,
    0x00, 0x00, 0x00, 0x00, 0x00, 0x00, 0x00, 0x00, 0x00, 0x00, 0x00, 0x00, 0x00, 0x00, 0x00, 0x00, 0x00, 0x00, 0x00, 0x00, 0x00, 0x00, 0x00, 0x00,
    0x00, 0x00, 0x00, 0x00, 0x00, 0x00, 0x00, 0x00, 0x00, 0x00, 0x00, 0x00, 0x00, 0x00, 0x00, 0x00, 0x00, 0x00, 0x00, 0x00, 0x00, 0x00, 0x00, 0x00,
    0x00, 0x00, 0x00, 0x00, 0x00, 0x00, 0x00, 0x00, 0x00, 0x00, 0x00, 0x00, 0x00, 0x00, 0x00, 0x00, 0x00, 0x00, 0x00, 0x00, 0x00, 0x00, 0x00, 0x00,
    0x00, 0x00, 0x00, 0x00, 0x00, 0x00, 0x00, 0x00, 0x00, 0x00, 0x00, 0x00, 0x00, 0x00, 0x00, 0x00, 0x00, 0x00, 0x00, 0x00, 0x00, 0x00, 0x00, 0x00,
    0x00, 0x00, 0x00, 0x00, 0x00, 0x00, 0x00, 0x00, 0x00, 0x00, 0x00, 0x00, 0x00, 0x00, 0x00, 0x00, 0x00, 0x00, 0x00, 0x00, 0x00, 0x00, 0x00, 0x00,
    0x00, 0x00, 0x00, 0x00, 0x00, 0x00, 0x00, 0x00, 0x00, 0x00, 0x00, 0x00, 0x00, 0x00, 0x00, 0x24, 0x21, 0x62, 0x24, 0x21, 0x5a, 0x00, 0x00, 0x00,
    0x00, 0x00, 0x00, 0x00, 0x00, 0x00, 0x24, 0x21, 0x8b, 0x24, 0x21, 0x54, 0x00, 0x00, 0x00, 0x00, 0x00, 0x00, 0x00, 0x00, 0x00, 0x00, 0x00, 0x00,
    0x00, 0x00, 0x00, 0x00, 0x00, 0x00, 0x00, 0x00, 0x00, 0x00, 0x00, 0x00, 0x00, 0x00, 0x00, 0x00, 0x00, 0x00, 0x00, 0x00, 0x00, 0x00, 0x00, 0x00,
    0x00, 0x00, 0x00, 0x00, 0x00, 0x00, 0x00, 0x00, 0x00, 0x00, 0x00, 0x00, 0x00, 0x00, 0x00, 0x00, 0x00, 0x00, 0x00, 0x00, 0x00, 0x00, 0x00, 0x00,
    0x00, 0x00, 0x00, 0x00, 0x00, 0x00, 0x00, 0x00, 0x00, 0x00, 0x00, 0x00, 0x00, 0x00, 0x00, 0x00, 0x00, 0x00, 0x00, 0x00, 0x00, 0x00, 0x00, 0x00,
    0x00, 0x00, 0x00, 0x00, 0x00, 0x00, 0x00, 0x00, 0x00, 0x00, 0x00, 0x00, 0x24, 0x21, 0x28, 0x24, 0x21, 0x5f, 0x00, 0x00, 0x00, 0x00, 0x00, 0x00,
    0x00, 0x00, 0x00, 0x24, 0x21, 0x54, 0x24, 0x21, 0x25, 0x00, 0x00, 0x00, 0x00, 0x00, 0x00, 0x00, 0x00, 0x00, 0x00, 0x00, 0x00, 0x00, 0x00, 0x00,
    0x00, 0x00, 0x00, 0x24, 0x21, 0x5f, 0x24, 0x21, 0x61, 0x00, 0x00, 0x00, 0x00, 0x00, 0x00, 0x00, 0x00, 0x00, 0x00, 0x00, 0x00, 0x00, 0x00, 0x00,
    0x24, 0x21, 0x2d, 0x24, 0x21, 0xb9, 0x00, 0x00, 0x00, 0x00, 0x00, 0x00, 0x00, 0x00, 0x00, 0x00, 0x00, 0x00, 0x00, 0x00, 0x00, 0x00, 0x00, 0x00,
    0x00, 0x00, 0x00, 0x00, 0x00, 0x00, 0x00, 0x00, 0x00, 0x00, 0x00, 0x00, 0x24, 0x21, 0x06, 0x24, 0x21, 0xe5, 0x24, 0x21, 0x50, 0x00, 0x00, 0x00,
    0x00, 0x00, 0x00, 0x24, 0x21, 0x04, 0x24, 0x21, 0xee, 0x24, 0x21, 0x35, 0x00, 0x00, 0x00, 0x00, 0x00, 0x00, 0x00, 0x00, 0x00, 0x00, 0x00, 0x00,
    0x00, 0x00, 0x00, 0x00, 0x00, 0x00, 0x00, 0x00, 0x00, 0x00, 0x00, 0x00, 0x00, 0x00, 0x00, 0x00, 0x00, 0x00, 0x00, 0x00, 0x00, 0x00, 0x00, 0x00,
    0x00, 0x00, 0x00, 0x00, 0x00, 0x00, 0x00, 0x00, 0x00, 0x00, 0x00, 0x00, 0x00, 0x00, 0x00, 0x00, 0x00, 0x00, 0x00, 0x00, 0x00, 0x00, 0x00, 0x00,
    0x00, 0x00, 0x00, 0x00, 0x00, 0x00, 0x00, 0x00, 0x00, 0x00, 0x00, 0x00, 0x00, 0x00, 0x00, 0x00, 0x00, 0x00, 0x00, 0x00, 0x00, 0x00, 0x00, 0x00,
    0x00, 0x00, 0x00, 0x00, 0x00, 0x00, 0x00, 0x00, 0x00, 0x00, 0x00, 0x00, 0x24, 0x21, 0xb3, 0x24, 0x21, 0xb0, 0x00, 0x00, 0x00, 0x00, 0x00, 0x00,
    0x00, 0x00, 0x00, 0x24, 0x21, 0x91, 0x24, 0x21, 0xa9, 0x00, 0x00, 0x00, 0x00, 0x00, 0x00, 0x00, 0x00, 0x00, 0x00, 0x00, 0x00, 0x00, 0x00, 0x00,
    0x24, 0x21, 0x02, 0x24, 0x21, 0xdd, 0x24, 0x21, 0x55, 0x00, 0x00, 0x00, 0x00, 0x00, 0x00, 0x00, 0x00, 0x00, 0x00, 0x00, 0x00, 0x00, 0x00, 0x00,
    0x24, 0x21, 0x37, 0x24, 0x21, 0xe3, 0x00, 0x00, 0x00, 0x00, 0x00, 0x00, 0x00, 0x00, 0x00, 0x00, 0x00, 0x00, 0x00, 0x00, 0x00, 0x00, 0x00, 0x00,
    0x00, 0x00, 0x00, 0x00, 0x00, 0x00, 0x00, 0x00, 0x00, 0x00, 0x00, 0x00, 0x24, 0x21, 0x63, 0x24, 0x21, 0xcf, 0x24, 0x21, 0x01, 0x00, 0x00, 0x00,
    0x00, 0x00, 0x00, 0x24, 0x21, 0x44, 0x24, 0x21, 0xe6, 0x24, 0x21, 0x01, 0x00, 0x00, 0x00, 0x00, 0x00, 0x00, 0x00, 0x00, 0x00, 0x00, 0x00, 0x00,
    0x00, 0x00, 0x00, 0x00, 0x00, 0x00, 0x00, 0x00, 0x00, 0x00, 0x00, 0x00, 0x00, 0x00, 0x00, 0x24, 0x21, 0x0b, 0x24, 0x21, 0x63, 0x24, 0x21, 0xba,
    0x24, 0x21, 0xff, 0x24, 0x21, 0x23, 0x00, 0x00, 0x00, 0x00, 0x00, 0x00, 0x00, 0x00, 0x00, 0x00, 0x00, 0x00, 0x24, 0x21, 0x01, 0x24, 0x21, 0x7b,
    0x24, 0x21, 0xe0, 0x24, 0x21, 0xf1, 0x24, 0x21, 0xb8, 0x24, 0x21, 0x27, 0x00, 0x00, 0x00, 0x00, 0x00, 0x00, 0x00, 0x00, 0x00, 0x00, 0x00, 0x00,
    0x00, 0x00, 0x00, 0x00, 0x00, 0x00, 0x00, 0x00, 0x00, 0x24, 0x21, 0x3a, 0x24, 0x21, 0xfe, 0x24, 0x21, 0x32, 0x00, 0x00, 0x00, 0x00, 0x00, 0x00,
    0x00, 0x00, 0x00, 0x24, 0x21, 0x10, 0x24, 0x21, 0xe9, 0x24, 0x21, 0x44, 0x00, 0x00, 0x00, 0x00, 0x00, 0x00, 0x00, 0x00, 0x00, 0x00, 0x00, 0x00,
    0x24, 0x21, 0x61, 0x24, 0x21, 0xff, 0x24, 0x21, 0xff, 0x24, 0x21, 0xff, 0x24, 0x21, 0xff, 0x24, 0x21, 0x37, 0x00, 0x00, 0x00, 0x00, 0x00, 0x00,
    0x24, 0x21, 0x37, 0x24, 0x21, 0xe3, 0x00, 0x00, 0x00, 0x00, 0x00, 0x00, 0x00, 0x00, 0x00, 0x00, 0x00, 0x00, 0x00, 0x00, 0x00, 0x00, 0x00, 0x00,
    0x00, 0x00, 0x00, 0x00, 0x00, 0x00, 0x00, 0x00, 0x00, 0x24, 0x21, 0x08, 0x24, 0x21, 0xe0, 0x24, 0x21, 0x45, 0x24, 0x21, 0x05, 0x24, 0x21, 0x57,
    0x00, 0x00, 0x00, 0x24, 0x21, 0xa5, 0x24, 0x21, 0xff, 0x24, 0x21, 0xff, 0x24, 0x21, 0xff, 0x24, 0x21, 0xff, 0x24, 0x21, 0xff, 0x24, 0x21, 0xd4,
    0x00, 0x00, 0x00, 0x00, 0x00, 0x00, 0x00, 0x00, 0x00, 0x00, 0x00, 0x00, 0x00, 0x00, 0x00, 0x24, 0x21, 0x1f, 0x24, 0x21, 0xa7, 0x24, 0x21, 0xbc,
    0x24, 0x21, 0xff, 0x24, 0x21, 0x23, 0x00, 0x00, 0x00, 0x00, 0x00, 0x00, 0x00, 0x00, 0x00, 0x00, 0x00, 0x00, 0x24, 0x21, 0x6f, 0x24, 0x21, 0xeb,
    0x24, 0x21, 0x4a, 0x24, 0x21, 0x19, 0x24, 0x21, 0x9c, 0x24, 0x21, 0xda, 0x24, 0x21, 0x03, 0x00, 0x00, 0x00, 0x00, 0x00, 0x00, 0x00, 0x00, 0x00,
    0x00, 0x00, 0x00, 0x00, 0x00, 0x00, 0x24, 0x21, 0x01, 0x24, 0x21, 0xc2, 0x24, 0x21, 0xad, 0x00, 0x00, 0x00, 0x00, 0x00, 0x00, 0x00, 0x00, 0x00,
    0x00, 0x00, 0x00, 0x00, 0x00, 0x00, 0x24, 0x21, 0x64, 0x24, 0x21, 0xe2, 0x24, 0x21, 0x12, 0x00, 0x00, 0x00, 0x00, 0x00, 0x00, 0x24, 0x21, 0x2a,
    0x24, 0x21, 0xf2, 0x24, 0x21, 0x47, 0x24, 0x21, 0x0b, 0x24, 0x21, 0x0b, 0x24, 0x21, 0x0b, 0x24, 0x21, 0x22, 0x24, 0x21, 0x6f, 0x24, 0x21, 0x6f,
    0x24, 0x21, 0x8f, 0x24, 0x21, 0xf0, 0x24, 0x21, 0x6f, 0x24, 0x21, 0x6f, 0x24, 0x21, 0x6f, 0x24, 0x21, 0x05, 0x00, 0x00, 0x00, 0x00, 0x00, 0x00,
    0x00, 0x00, 0x00, 0x00, 0x00, 0x00, 0x00, 0x00, 0x00, 0x24, 0x21, 0x84, 0x24, 0x21, 0xa7, 0x00, 0x00, 0x00, 0x24, 0x21, 0x73, 0x24, 0x21, 0xca,
    0x24, 0x21, 0x30, 0x24, 0x21, 0xf7, 0x24, 0x21, 0x29, 0x24, 0x21, 0x0f, 0x24, 0x21, 0x0f, 0x24, 0x21, 0x0f, 0x24, 0x21, 0x53, 0x24, 0x21, 0xcc,
    0x00, 0x00, 0x00, 0x00, 0x00, 0x00, 0x00, 0x00, 0x00, 0x00, 0x00, 0x00, 0x00, 0x00, 0x00, 0x00, 0x00, 0x00, 0x00, 0x00, 0x00, 0x24, 0x21, 0x3b,
    0x24, 0x21, 0xff, 0x24, 0x21, 0x23, 0x00, 0x00, 0x00, 0x00, 0x00, 0x00, 0x00, 0x00, 0x00, 0x00, 0x00, 0x00, 0x24, 0x21, 0xbb, 0x24, 0x21, 0x91,
    0x00, 0x00, 0x00, 0x00, 0x00, 0x00, 0x24, 0x21, 0x19, 0x24, 0x21, 0xfd, 0x24, 0x21, 0x2a, 0x00, 0x00, 0x00, 0x00, 0x00, 0x00, 0x00, 0x00, 0x00,
    0x00, 0x00, 0x00, 0x00, 0x00, 0x00, 0x24, 0x21, 0x7f, 0x24, 0x21, 0xe6, 0x24, 0x21, 0x15, 0x00, 0x00, 0x00, 0x00, 0x00, 0x00, 0x00, 0x00, 0x00,
    0x00, 0x00, 0x00, 0x00, 0x00, 0x00, 0x24, 0x21, 0x02, 0x24, 0x21, 0xbf, 0x24, 0x21, 0xc0, 0x24, 0x21, 0x06, 0x00, 0x00, 0x00, 0x24, 0x21, 0x2d,
    0x24, 0x21, 0x7b, 0x24, 0x21, 0x03, 0x24, 0x21, 0x03, 0x24, 0x21, 0x03, 0x24, 0x21, 0x03, 0x24, 0x21, 0x47, 0x24, 0x21, 0xe8, 0x24, 0x21, 0xa7,
    0x24, 0x21, 0xbb, 0x24, 0x21, 0xf6, 0x24, 0x21, 0xa7, 0x24, 0x21, 0xaa, 0x24, 0x21, 0xff, 0x24, 0x21, 0x0b, 0x00, 0x00, 0x00, 0x00, 0x00, 0x00,
    0x00, 0x00, 0x00, 0x00, 0x00, 0x00, 0x24, 0x21, 0x40, 0x24, 0x21, 0xfc, 0x24, 0x21, 0xb6, 0x24, 0x21, 0xb9, 0x24, 0x21, 0xf2, 0x24, 0x21, 0x32,
    0x24, 0x21, 0xac, 0x24, 0x21, 0x96, 0x00, 0x00, 0x00, 0x00, 0x00, 0x00, 0x00, 0x00, 0x00, 0x00, 0x00, 0x00, 0x24, 0x21, 0x4f, 0x24, 0x21, 0xc4,
    0x00, 0x00, 0x00, 0x00, 0x00, 0x00, 0x00, 0x00, 0x00, 0x00, 0x00, 0x00, 0x00, 0x00, 0x00, 0x00, 0x00, 0x00, 0x00, 0x00, 0x00, 0x24, 0x21, 0x3b,
    0x24, 0x21, 0xff, 0x24, 0x21, 0x23, 0x00, 0x00, 0x00, 0x00, 0x00, 0x00, 0x00, 0x00, 0x00, 0x00, 0x00, 0x00, 0x24, 0x21, 0x8f, 0x24, 0x21, 0xb4,
    0x00, 0x00, 0x00, 0x00, 0x00, 0x00, 0x24, 0x21, 0x18, 0x24, 0x21, 0xf7, 0x24, 0x21, 0x0c, 0x00, 0x00, 0x00, 0x00, 0x00, 0x00, 0x00, 0x00, 0x00,
    0x00, 0x00, 0x00, 0x24, 0x21, 0x6f, 0x24, 0x21, 0xfc, 0x24, 0x21, 0x41, 0x00, 0x00, 0x00, 0x00, 0x00, 0x00, 0x00, 0x00, 0x00, 0x00, 0x00, 0x00,
    0x00, 0x00, 0x00, 0x00, 0x00, 0x00, 0x00, 0x00, 0x00, 0x24, 0x21, 0x16, 0x24, 0x21, 0xe3, 0x24, 0x21, 0xb5, 0x24, 0x21, 0x0a, 0x00, 0x00, 0x00,
    0x24, 0x21, 0x53, 0x24, 0x21, 0xff, 0x24, 0x21, 0xff, 0x24, 0x21, 0xff, 0x24, 0x21, 0xe7, 0x24, 0x21, 0x47, 0x24, 0x21, 0xbb, 0x00, 0x00, 0x00,
    0x24, 0x21, 0x37, 0x24, 0x21, 0xe3, 0x00, 0x00, 0x00, 0x24, 0x21, 0x07, 0x24, 0x21, 0xff, 0x24, 0x21, 0x0b, 0x00, 0x00, 0x00, 0x00, 0x00, 0x00,
    0x00, 0x00, 0x00, 0x00, 0x00, 0x00, 0x24, 0x21, 0x2b, 0x24, 0x21, 0x9e, 0x24, 0x21, 0x71, 0x24, 0x21, 0xdc, 0x24, 0x21, 0x8f, 0x00, 0x00, 0x00,
    0x24, 0x21, 0x27, 0x24, 0x21, 0x44, 0x24, 0x21, 0x6d, 0x00, 0x00, 0x00, 0x00, 0x00, 0x00, 0x00, 0x00, 0x00, 0x24, 0x21, 0x57, 0x24, 0x21, 0xbc,
    0x00, 0x00, 0x00, 0x00, 0x00, 0x00, 0x00, 0x00, 0x00, 0x00, 0x00, 0x00, 0x00, 0x00, 0x00, 0x00, 0x00, 0x00, 0x00, 0x00, 0x00, 0x24, 0x21, 0x3b,
    0x24, 0x21, 0xff, 0x24, 0x21, 0x23, 0x00, 0x00, 0x00, 0x00, 0x00, 0x00, 0x00, 0x00, 0x00, 0x00, 0x00, 0x00, 0x24, 0x21, 0x1f, 0x24, 0x21, 0xe0,
    0x24, 0x21, 0xb1, 0x24, 0x21, 0x30, 0x24, 0x21, 0x9e, 0x24, 0x21, 0x90, 0x00, 0x00, 0x00, 0x00, 0x00, 0x00, 0x00, 0x00, 0x00, 0x00, 0x00, 0x00,
    0x24, 0x21, 0x1b, 0x24, 0x21, 0xe8, 0x24, 0x21, 0x90, 0x24, 0x21, 0xff, 0x24, 0x21, 0xff, 0x24, 0x21, 0xff, 0x24, 0x21, 0xff, 0x24, 0x21, 0xff,
    0x24, 0x21, 0xff, 0x24, 0x21, 0xff, 0x24, 0x21, 0xff, 0x24, 0x21, 0xff, 0x24, 0x21, 0x4f, 0x24, 0x21, 0xc9, 0x24, 0x21, 0x1e, 0x00, 0x00, 0x00,
    0x00, 0x00, 0x00, 0x00, 0x00, 0x00, 0x24, 0x21, 0xef, 0x24, 0x21, 0x23, 0x00, 0x00, 0x00, 0x24, 0x21, 0x47, 0x24, 0x21, 0xbb, 0x00, 0x00, 0x00,
    0x24, 0x21, 0x37, 0x24, 0x21, 0xe3, 0x00, 0x00, 0x00, 0x24, 0x21, 0x07, 0x24, 0x21, 0xff, 0x24, 0x21, 0x0b, 0x00, 0x00, 0x00, 0x00, 0x00, 0x00,
    0x00, 0x00, 0x00, 0x00, 0x00, 0x00, 0x00, 0x00, 0x00, 0x00, 0x00, 0x00, 0x24, 0x21, 0x5a, 0x24, 0x21, 0xd2, 0x24, 0x21, 0x08, 0x00, 0x00, 0x00,
    0x00, 0x00, 0x00, 0x24, 0x21, 0x20, 0x24, 0x21, 0xe7, 0x24, 0x21, 0x6c, 0x00, 0x00, 0x00, 0x00, 0x00, 0x00, 0x24, 0x21, 0x61, 0x24, 0x21, 0xb3,
    0x00, 0x00, 0x00, 0x00, 0x00, 0x00, 0x00, 0x00, 0x00, 0x00, 0x00, 0x00, 0x00, 0x00, 0x00, 0x00, 0x00, 0x00, 0x00, 0x00, 0x00, 0x24, 0x21, 0x3b,
    0x24, 0x21, 0xff, 0x24, 0x21, 0x23, 0x00, 0x00, 0x00, 0x00, 0x00, 0x00, 0x00, 0x00, 0x00, 0x00, 0x00, 0x00, 0x24, 0x21, 0x06, 0x24, 0x21, 0xab,
    0x24, 0x21, 0xcd, 0x24, 0x21, 0xfe, 0x24, 0x21, 0xf0, 0x24, 0x21, 0x17, 0x00, 0x00, 0x00, 0x00, 0x00, 0x00, 0x00, 0x00, 0x00, 0x00, 0x00, 0x00,
    0x00, 0x00, 0x00, 0x24, 0x21, 0x09, 0x24, 0x21, 0x06, 0x24, 0x21, 0x1f, 0x24, 0x21, 0x1f, 0x24, 0x21, 0x77, 0x24, 0x21, 0xd2, 0x24, 0x21, 0x1f,
    0x24, 0x21, 0x1f, 0x24, 0x21, 0x1f, 0x24, 0x21, 0x2f, 0x24, 0x21, 0xff, 0x24, 0x21, 0x1b, 0x00, 0x00, 0x00, 0x00, 0x00, 0x00, 0x00, 0x00, 0x00,
    0x00, 0x00, 0x00, 0x00, 0x00, 0x00, 0x24, 0x21, 0xef, 0x24, 0x21, 0x23, 0x00, 0x00, 0x00, 0x24, 0x21, 0x47, 0x24, 0x21, 0xbb, 0x00, 0x00, 0x00,
    0x24, 0x21, 0x37, 0x24, 0x21, 0xe3, 0x00, 0x00, 0x00, 0x24, 0x21, 0x07, 0x24, 0x21, 0xff, 0x24, 0x21, 0x0b, 0x00, 0x00, 0x00, 0x00, 0x00, 0x00,
    0x00, 0x00, 0x00, 0x00, 0x00, 0x00, 0x00, 0x00, 0x00, 0x24, 0x21, 0x28, 0x24, 0x21, 0xe7, 0x24, 0x21, 0x2a, 0x24, 0x21, 0x20, 0x24, 0x21, 0x4b,
    0x24, 0x21, 0x0e, 0x00, 0x00, 0x00, 0x24, 0x21, 0x32, 0x24, 0x21, 0xf2, 0x24, 0x21, 0x43, 0x00, 0x00, 0x00, 0x24, 0x21, 0x6b, 0x24, 0x21, 0xa9,
    0x00, 0x00, 0x00, 0x00, 0x00, 0x00, 0x00, 0x00, 0x00, 0x00, 0x00, 0x00, 0x00, 0x00, 0x00, 0x00, 0x00, 0x00, 0x00, 0x00, 0x00, 0x24, 0x21, 0x3b,
    0x24, 0x21, 0xff, 0x24, 0x21, 0x23, 0x00, 0x00, 0x00, 0x00, 0x00, 0x00, 0x00, 0x00, 0x00, 0x00, 0x00, 0x00, 0x24, 0x21, 0xb9, 0x24, 0x21, 0x8a,
    0x00, 0x00, 0x00, 0x24, 0x21, 0x2a, 0x24, 0x21, 0xb4, 0x24, 0x21, 0xdf, 0x24, 0x21, 0x18, 0x00, 0x00, 0x00, 0x00, 0x00, 0x00, 0x00, 0x00, 0x00,
    0x00, 0x00, 0x00, 0x00, 0x00, 0x00, 0x00, 0x00, 0x00, 0x00, 0x00, 0x00, 0x00, 0x00, 0x00, 0x24, 0x21, 0x8e, 0x24, 0x21, 0xa1, 0x00, 0x00, 0x00,
    0x00, 0x00, 0x00, 0x00, 0x00, 0x00, 0x24, 0x21, 0x1c, 0x24, 0x21, 0xff, 0x24, 0x21, 0x10, 0x00, 0x00, 0x00, 0x00, 0x00, 0x00, 0x24, 0x21, 0x1b,
    0x24, 0x21, 0xff, 0x24, 0x21, 0xff, 0x24, 0x21, 0xff, 0x24, 0x21, 0xff, 0x24, 0x21, 0xff, 0x24, 0x21, 0x8b, 0x24, 0x21, 0xc2, 0x24, 0x21, 0x17,
    0x24, 0x21, 0x4a, 0x24, 0x21, 0xe6, 0x24, 0x21, 0x17, 0x24, 0x21, 0x1f, 0x24, 0x21, 0xff, 0x24, 0x21, 0x0b, 0x00, 0x00, 0x00, 0x00, 0x00, 0x00,
    0x00, 0x00, 0x00, 0x00, 0x00, 0x00, 0x24, 0x21, 0x22, 0x24, 0x21, 0xe0, 0x24, 0x21, 0xf3, 0x24, 0x21, 0xf4, 0x24, 0x21, 0xf9, 0x24, 0x21, 0xce,
    0x24, 0x21, 0x1e, 0x00, 0x00, 0x00, 0x00, 0x00, 0x00, 0x24, 0x21, 0x66, 0x24, 0x21, 0xe5, 0x24, 0x21, 0x0c, 0x24, 0x21, 0x78, 0x24, 0x21, 0x9c,
    0x00, 0x00, 0x00, 0x00, 0x00, 0x00, 0x00, 0x00, 0x00, 0x00, 0x00, 0x00, 0x00, 0x00, 0x00, 0x00, 0x00, 0x00, 0x00, 0x00, 0x00, 0x24, 0x21, 0x3b,
    0x24, 0x21, 0xff, 0x24, 0x21, 0x23, 0x00, 0x00, 0x00, 0x00, 0x00, 0x00, 0x00, 0x00, 0x00, 0x24, 0x21, 0x31, 0x24, 0x21, 0xfc, 0x24, 0x21, 0x13,
    0x00, 0x00, 0x00, 0x00, 0x00, 0x00, 0x24, 0x21, 0x04, 0x24, 0x21, 0xdd, 0x24, 0x21, 0x7e, 0x00, 0x00, 0x00, 0x00, 0x00, 0x00, 0x00, 0x00, 0x00,
    0x00, 0x00, 0x00, 0x00, 0x00, 0x00, 0x00, 0x00, 0x00, 0x00, 0x00, 0x00, 0x00, 0x00, 0x00, 0x24, 0x21, 0xc7, 0x24, 0x21, 0x72, 0x00, 0x00, 0x00,
    0x00, 0x00, 0x00, 0x00, 0x00, 0x00, 0x24, 0x21, 0x28, 0x24, 0x21, 0xff, 0x24, 0x21, 0x03, 0x00, 0x00, 0x00, 0x00, 0x00, 0x00, 0x24, 0x21, 0x01,
    0x24, 0x21, 0x0b, 0x24, 0x21, 0x0b, 0x24, 0x21, 0xf0, 0x24, 0x21, 0x2e, 0x24, 0x21, 0x0b, 0x24, 0x21, 0x4b, 0x24, 0x21, 0xff, 0x24, 0x21, 0xff,
    0x24, 0x21, 0xff, 0x24, 0x21, 0xff, 0x24, 0x21, 0xff, 0x24, 0x21, 0xff, 0x24, 0x21, 0xff, 0x24, 0x21, 0x0b, 0x00, 0x00, 0x00, 0x00, 0x00, 0x00,
    0x00, 0x00, 0x00, 0x00, 0x00, 0x00, 0x24, 0x21, 0x17, 0x24, 0x21, 0xa4, 0x24, 0x21, 0x65, 0x24, 0x21, 0x31, 0x24, 0x21, 0x05, 0x00, 0x00, 0x00,
    0x00, 0x00, 0x00, 0x00, 0x00, 0x00, 0x00, 0x00, 0x00, 0x00, 0x00, 0x00, 0x24, 0x21, 0x53, 0x00, 0x00, 0x00, 0x24, 0x21, 0x87, 0x24, 0x21, 0x8f,
    0x00, 0x00, 0x00, 0x00, 0x00, 0x00, 0x00, 0x00, 0x00, 0x00, 0x00, 0x00, 0x00, 0x00, 0x00, 0x00, 0x00, 0x00, 0x00, 0x00, 0x00, 0x24, 0x21, 0x3b,
    0x24, 0x21, 0xff, 0x24, 0x21, 0x23, 0x00, 0x00, 0x00, 0x00, 0x00, 0x00, 0x00, 0x00, 0x00, 0x24, 0x21, 0x3a, 0x24, 0x21, 0xf7, 0x24, 0x21, 0x08,
    0x00, 0x00, 0x00, 0x00, 0x00, 0x00, 0x00, 0x00, 0x00, 0x24, 0x21, 0xbe, 0x24, 0x21, 0x8d, 0x00, 0x00, 0x00, 0x00, 0x00, 0x00, 0x00, 0x00, 0x00,
    0x00, 0x00, 0x00, 0x00, 0x00, 0x00, 0x00, 0x00, 0x00, 0x00, 0x00, 0x00, 0x24, 0x21, 0x27, 0x24, 0x21, 0xfd, 0x24, 0x21, 0x1e, 0x00, 0x00, 0x00,
    0x00, 0x00, 0x00, 0x00, 0x00, 0x00, 0x24, 0x21, 0x39, 0x24, 0x21, 0xf1, 0x00, 0x00, 0x00, 0x00, 0x00, 0x00, 0x00, 0x00, 0x00, 0x00, 0x00, 0x00,
    0x00, 0x00, 0x00, 0x00, 0x00, 0x00, 0x24, 0x21, 0xef, 0x24, 0x21, 0x23, 0x00, 0x00, 0x00, 0x24, 0x21, 0x42, 0x24, 0x21, 0xad, 0x00, 0x00, 0x00,
    0x24, 0x21, 0x37, 0x24, 0x21, 0xe3, 0x00, 0x00, 0x00, 0x24, 0x21, 0x06, 0x24, 0x21, 0xd3, 0x24, 0x21, 0x09, 0x00, 0x00, 0x00, 0x00, 0x00, 0x00,
    0x00, 0x00, 0x00, 0x00, 0x00, 0x00, 0x00, 0x00, 0x00, 0x00, 0x00, 0x00, 0x00, 0x00, 0x00, 0x00, 0x00, 0x00, 0x00, 0x00, 0x00, 0x24, 0x21, 0x03,
    0x24, 0x21, 0x08, 0x00, 0x00, 0x00, 0x00, 0x00, 0x00, 0x00, 0x00, 0x00, 0x00, 0x00, 0x00, 0x00, 0x00, 0x00, 0x24, 0x21, 0x9c, 0x24, 0x21, 0x7d,
    0x00, 0x00, 0x00, 0x00, 0x00, 0x00, 0x00, 0x00, 0x00, 0x00, 0x00, 0x00, 0x00, 0x00, 0x00, 0x24, 0x21, 0x15, 0x24, 0x21, 0x1f, 0x24, 0x21, 0x54,
    0x24, 0x21, 0xff, 0x24, 0x21, 0x3f, 0x24, 0x21, 0x1f, 0x24, 0x21, 0x0a, 0x00, 0x00, 0x00, 0x24, 0x21, 0x06, 0x24, 0x21, 0xd5, 0x24, 0x21, 0xac,
    0x24, 0x21, 0x24, 0x24, 0x21, 0x1e, 0x24, 0x21, 0x76, 0x24, 0x21, 0xf9, 0x24, 0x21, 0x37, 0x00, 0x00, 0x00, 0x00, 0x00, 0x00, 0x00, 0x00, 0x00,
    0x00, 0x00, 0x00, 0x00, 0x00, 0x00, 0x00, 0x00, 0x00, 0x00, 0x00, 0x00, 0x24, 0x21, 0xa1, 0x24, 0x21, 0xb9, 0x00, 0x00, 0x00, 0x00, 0x00, 0x00,
    0x00, 0x00, 0x00, 0x00, 0x00, 0x00, 0x24, 0x21, 0x4f, 0x24, 0x21, 0xdc, 0x00, 0x00, 0x00, 0x00, 0x00, 0x00, 0x00, 0x00, 0x00, 0x00, 0x00, 0x00,
    0x00, 0x00, 0x00, 0x00, 0x00, 0x00, 0x24, 0x21, 0xef, 0x24, 0x21, 0x23, 0x24, 0x21, 0x22, 0x24, 0x21, 0x1a, 0x00, 0x00, 0x00, 0x00, 0x00, 0x00,
    0x24, 0x21, 0x37, 0x24, 0x21, 0xe3, 0x00, 0x00, 0x00, 0x00, 0x00, 0x00, 0x00, 0x00, 0x00, 0x00, 0x00, 0x00, 0x00, 0x00, 0x00, 0x00, 0x00, 0x00,
    0x00, 0x00, 0x00, 0x00, 0x00, 0x00, 0x24, 0x21, 0x02, 0x24, 0x21, 0x27, 0x24, 0x21, 0x59, 0x24, 0x21, 0x8c, 0x24, 0x21, 0xc1, 0x24, 0x21, 0xf4,
    0x24, 0x21, 0x5c, 0x00, 0x00, 0x00, 0x00, 0x00, 0x00, 0x00, 0x00, 0x00, 0x00, 0x00, 0x00, 0x00, 0x00, 0x00, 0x24, 0x21, 0xbc, 0x24, 0x21, 0x62,
    0x00, 0x00, 0x00, 0x00, 0x00, 0x00, 0x00, 0x00, 0x00, 0x00, 0x00, 0x00, 0x00, 0x00, 0x00, 0x24, 0x21, 0xaf, 0x24, 0x21, 0xff, 0x24, 0x21, 0xff,
    0x24, 0x21, 0xff, 0x24, 0x21, 0xff, 0x24, 0x21, 0xff, 0x24, 0x21, 0x57, 0x00, 0x00, 0x00, 0x00, 0x00, 0x00, 0x24, 0x21, 0x1a, 0x24, 0x21, 0x9f,
    0x24, 0x21, 0xe5, 0x24, 0x21, 0xf2, 0x24, 0x21, 0xc4, 0x24, 0x21, 0x45, 0x00, 0x00, 0x00, 0x00, 0x00, 0x00, 0x00, 0x00, 0x00, 0x00, 0x00, 0x00,
    0x00, 0x00, 0x00, 0x00, 0x00, 0x00, 0x00, 0x00, 0x00, 0x24, 0x21, 0x6b, 0x24, 0x21, 0xf2, 0x24, 0x21, 0x2a, 0x00, 0x00, 0x00, 0x00, 0x00, 0x00,
    0x00, 0x00, 0x00, 0x00, 0x00, 0x00, 0x24, 0x21, 0x72, 0x24, 0x21, 0xc2, 0x00, 0x00, 0x00, 0x00, 0x00, 0x00, 0x00, 0x00, 0x00, 0x00, 0x00, 0x00,
    0x00, 0x00, 0x00, 0x24, 0x21, 0x07, 0x24, 0x21, 0xf8, 0x24, 0x21, 0xa9, 0x24, 0x21, 0xf1, 0x24, 0x21, 0x3c, 0x00, 0x00, 0x00, 0x00, 0x00, 0x00,
    0x24, 0x21, 0x37, 0x24, 0x21, 0xe3, 0x00, 0x00, 0x00, 0x00, 0x00, 0x00, 0x00, 0x00, 0x00, 0x00, 0x00, 0x00, 0x00, 0x00, 0x00, 0x00, 0x00, 0x00,
    0x00, 0x00, 0x00, 0x00, 0x00, 0x00, 0x24, 0x21, 0x56, 0x24, 0x21, 0xfe, 0x24, 0x21, 0xd6, 0x24, 0x21, 0x9e, 0x24, 0x21, 0x65, 0x24, 0x21, 0x2b,
    0x24, 0x21, 0x01, 0x00, 0x00, 0x00, 0x00, 0x00, 0x00, 0x24, 0x21, 0x0e, 0x24, 0x21, 0x03, 0x24, 0x21, 0x1e, 0x24, 0x21, 0xf5, 0x24, 0x21, 0x32,
    0x00, 0x00, 0x00, 0x00, 0x00, 0x00, 0x00, 0x00, 0x00, 0x00, 0x00, 0x00, 0x00, 0x00, 0x00, 0x00, 0x00, 0x00, 0x00, 0x00, 0x00, 0x00, 0x00, 0x00,
    0x00, 0x00, 0x00, 0x00, 0x00, 0x00, 0x00, 0x00, 0x00, 0x00, 0x00, 0x00, 0x00, 0x00, 0x00, 0x00, 0x00, 0x00, 0x00, 0x00, 0x00, 0x00, 0x00, 0x00,
    0x00, 0x00, 0x00, 0x00, 0x00, 0x00, 0x00, 0x00, 0x00, 0x00, 0x00, 0x00, 0x00, 0x00, 0x00, 0x00, 0x00, 0x00, 0x00, 0x00, 0x00, 0x00, 0x00, 0x00,
    0x00, 0x00, 0x00, 0x24, 0x21, 0x15, 0x24, 0x21, 0x98, 0x24, 0x21, 0xf8, 0x24, 0x21, 0x4f, 0x00, 0x00, 0x00, 0x00, 0x00, 0x00, 0x24, 0x21, 0x13,
    0x24, 0x21, 0x0e, 0x24, 0x21, 0x10, 0x24, 0x21, 0xbb, 0x24, 0x21, 0x96, 0x00, 0x00, 0x00, 0x00, 0x00, 0x00, 0x00, 0x00, 0x00, 0x00, 0x00, 0x00,
    0x00, 0x00, 0x00, 0x24, 0x21, 0x6c, 0x24, 0x21, 0xff, 0x24, 0x21, 0xab, 0x24, 0x21, 0x1f, 0x00, 0x00, 0x00, 0x00, 0x00, 0x00, 0x00, 0x00, 0x00,
    0x24, 0x21, 0x37, 0x24, 0x21, 0xe3, 0x00, 0x00, 0x00, 0x00, 0x00, 0x00, 0x00, 0x00, 0x00, 0x00, 0x00, 0x00, 0x00, 0x00, 0x00, 0x00, 0x00, 0x00,
    0x00, 0x00, 0x00, 0x00, 0x00, 0x00, 0x24, 0x21, 0x0c, 0x24, 0x21, 0x10, 0x00, 0x00, 0x00, 0x00, 0x00, 0x00, 0x00, 0x00, 0x00, 0x00, 0x00, 0x00,
    0x00, 0x00, 0x00, 0x00, 0x00, 0x00, 0x00, 0x00, 0x00, 0x24, 0x21, 0xae, 0x24, 0x21, 0xff, 0x24, 0x21, 0xfe, 0x24, 0x21, 0xad, 0x00, 0x00, 0x00,
    0x00, 0x00, 0x00, 0x00, 0x00, 0x00, 0x00, 0x00, 0x00, 0x00, 0x00, 0x00, 0x00, 0x00, 0x00, 0x00, 0x00, 0x00, 0x00, 0x00, 0x00, 0x00, 0x00, 0x00,
    0x00, 0x00, 0x00, 0x00, 0x00, 0x00, 0x00, 0x00, 0x00, 0x00, 0x00, 0x00, 0x00, 0x00, 0x00, 0x00, 0x00, 0x00, 0x00, 0x00, 0x00, 0x00, 0x00, 0x00,
    0x00, 0x00, 0x00, 0x00, 0x00, 0x00, 0x00, 0x00, 0x00, 0x00, 0x00, 0x00, 0x00, 0x00, 0x00, 0x00, 0x00, 0x00, 0x00, 0x00, 0x00, 0x00, 0x00, 0x00,
    0x00, 0x00, 0x00, 0x24, 0x21, 0xc2, 0x24, 0x21, 0xb0, 0x24, 0x21, 0x27, 0x00, 0x00, 0x00, 0x00, 0x00, 0x00, 0x00, 0x00, 0x00, 0x24, 0x21, 0x7e,
    0x24, 0x21, 0xff, 0x24, 0x21, 0xff, 0x24, 0x21, 0xe9, 0x24, 0x21, 0x30, 0x00, 0x00, 0x00, 0x00, 0x00, 0x00, 0x00, 0x00, 0x00, 0x00, 0x00, 0x00,
    0x00, 0x00, 0x00, 0x24, 0x21, 0x44, 0x24, 0x21, 0x46, 0x00, 0x00, 0x00, 0x00, 0x00, 0x00, 0x00, 0x00, 0x00, 0x00, 0x00, 0x00, 0x00, 0x00, 0x00,
    0x24, 0x21, 0x33, 0x24, 0x21, 0xd2, 0x00, 0x00, 0x00, 0x00, 0x00, 0x00, 0x00, 0x00, 0x00, 0x00, 0x00, 0x00, 0x00, 0x00, 0x00, 0x00, 0x00, 0x00,
    0x00, 0x00, 0x00, 0x00, 0x00, 0x00, 0x00, 0x00, 0x00, 0x00, 0x00, 0x00, 0x00, 0x00, 0x00, 0x00, 0x00, 0x00, 0x00, 0x00, 0x00, 0x00, 0x00, 0x00,
    0x00, 0x00, 0x00, 0x00, 0x00, 0x00, 0x00, 0x00, 0x00, 0x24, 0x21, 0x01, 0x24, 0x21, 0x08, 0x24, 0x21, 0x04, 0x00, 0x00, 0x00, 0x00, 0x00, 0x00,
    0x00, 0x00, 0x00, 0x00, 0x00, 0x00, 0x00, 0x00, 0x00, 0x00, 0x00, 0x00, 0x00, 0x00, 0x00, 0x00, 0x00, 0x00, 0x00, 0x00, 0x00, 0x00, 0x00, 0x00,
    0x00, 0x00, 0x00, 0x00, 0x00, 0x00, 0x00, 0x00, 0x00, 0x00, 0x00, 0x00, 0x00, 0x00, 0x00, 0x00, 0x00, 0x00, 0x00, 0x00, 0x00, 0x00, 0x00, 0x00,
    0x00, 0x00, 0x00, 0x00, 0x00, 0x00, 0x00, 0x00, 0x00, 0x00, 0x00, 0x00, 0x00, 0x00, 0x00, 0x00, 0x00, 0x00, 0x00, 0x00, 0x00, 0x00, 0x00, 0x00,
    0x00, 0x00, 0x00, 0x24, 0x21, 0x08, 0x00, 0x00, 0x00, 0x00, 0x00, 0x00, 0x00, 0x00, 0x00, 0x00, 0x00, 0x00, 0x00, 0x00, 0x00, 0x00, 0x00, 0x00,
    0x24, 0x21, 0x07, 0x24, 0x21, 0x0a, 0x24, 0x21, 0x01, 0x00, 0x00, 0x00, 0x00, 0x00, 0x00, 0x00, 0x00, 0x00, 0x00, 0x00, 0x00, 0x00, 0x00, 0x00,
    0x00, 0x00, 0x00, 0x00, 0x00, 0x00, 0x00, 0x00, 0x00, 0x00, 0x00, 0x00, 0x00, 0x00, 0x00, 0x00, 0x00, 0x00, 0x00, 0x00, 0x00, 0x00, 0x00, 0x00,
    0x00, 0x00, 0x00, 0x00, 0x00, 0x00, 0x00, 0x00, 0x00, 0x00, 0x00, 0x00, 0x00, 0x00, 0x00, 0x00, 0x00, 0x00, 0x00, 0x00, 0x00, 0x00, 0x00, 0x00,
    0x00, 0x00, 0x00, 0x00, 0x00, 0x00, 0x00, 0x00, 0x00, 0x00, 0x00, 0x00, 0x00, 0x00, 0x00, 0x00, 0x00, 0x00, 0x00, 0x00, 0x00, 0x00, 0x00, 0x00,
    0x00, 0x00, 0x00, 0x00, 0x00, 0x00, 0x00, 0x00, 0x00, 0x00, 0x00, 0x00, 0x00, 0x00, 0x00, 0x00, 0x00, 0x00, 0x00, 0x00, 0x00, 0x00, 0x00, 0x00,
    0x00, 0x00, 0x00, 0x00, 0x00, 0x00, 0x00, 0x00, 0x00, 0x00, 0x00, 0x00, 0x00, 0x00, 0x00, 0x00, 0x00, 0x00, 0x00, 0x00, 0x00, 0x00, 0x00, 0x00,
    0x00, 0x00, 0x00, 0x00, 0x00, 0x00, 0x00, 0x00, 0x00, 0x00, 0x00, 0x00, 0x00, 0x00, 0x00, 0x00, 0x00, 0x00, 0x00, 0x00, 0x00, 0x00, 0x00, 0x00,
    0x00, 0x00, 0x00, 0x00, 0x00, 0x00, 0x00, 0x00, 0x00, 0x00, 0x00, 0x00, 0x00, 0x00, 0x00, 0x00, 0x00, 0x00, 0x00, 0x00, 0x00, 0x00, 0x00, 0x00,
    0x00, 0x00, 0x00, 0x00, 0x00, 0x00, 0x00, 0x00, 0x00, 0x00, 0x00, 0x00, 0x00, 0x00, 0x00, 0x00, 0x00, 0x00, 0x00, 0x00, 0x00, 0x00, 0x00, 0x00,
    0x00, 0x00, 0x00, 0x00, 0x00, 0x00, 0x00, 0x00, 0x00, 0x00, 0x00, 0x00, 0x00, 0x00, 0x00, 0x00, 0x00, 0x00, 0x00, 0x00, 0x00, 0x00, 0x00, 0x00,
    0x00, 0x00, 0x00, 0x00, 0x00, 0x00, 0x00, 0x00, 0x00, 0x00, 0x00, 0x00, 0x00, 0x00, 0x00, 0x00, 0x00, 0x00, 0x00, 0x00, 0x00, 0x00, 0x00, 0x00,
    0x00, 0x00, 0x00, 0x00, 0x00, 0x00, 0x00, 0x00, 0x00, 0x00, 0x00, 0x00, 0x00, 0x00, 0x00, 0x00, 0x00, 0x00, 0x00, 0x00, 0x00, 0x00, 0x00, 0x00,
    0x00, 0x00, 0x00, 0x00, 0x00, 0x00, 0x00, 0x00, 0x00, 0x00, 0x00, 0x00, 0x00, 0x00, 0x00, 0x00, 0x00, 0x00, 0x00, 0x00, 0x00, 0x00, 0x00, 0x00,
    0x00, 0x00, 0x00, 0x00, 0x00, 0x00, 0x00, 0x00, 0x00, 0x00, 0x00, 0x00, 0x00, 0x00, 0x00, 0x00, 0x00, 0x00, 0x00, 0x00, 0x00, 0x00, 0x00, 0x00,
    0x00, 0x00, 0x00, 0x00, 0x00, 0x00, 0x00, 0x00, 0x00, 0x00, 0x00, 0x00, 0x00, 0x00, 0x00, 0x00, 0x00, 0x00, 0x00, 0x00, 0x00, 0x00, 0x00, 0x00,
    0x00, 0x00, 0x00, 0x00, 0x00, 0x00, 0x00, 0x00, 0x00, 0x00, 0x00, 0x00, 0x00, 0x00, 0x00, 0x00, 0x00, 0x00, 0x00, 0x00, 0x00, 0x00, 0x00, 0x00,
    0x00, 0x00, 0x00, 0x00, 0x00, 0x00, 0x00, 0x00, 0x00, 0x00, 0x00, 0x00, 0x00, 0x00, 0x00, 0x00, 0x00, 0x00, 0x00, 0x00, 0x00, 0x00, 0x00, 0x00,
    0x00, 0x00, 0x00, 0x00, 0x00, 0x00, 0x00, 0x00, 0x00, 0x00, 0x00, 0x00, 0x00, 0x00, 0x00, 0x00, 0x00, 0x00, 0x00, 0x00, 0x00, 0x00, 0x00, 0x00,
    0x00, 0x00, 0x00, 0x00, 0x00, 0x00, 0x00, 0x00, 0x00, 0x00, 0x00, 0x00, 0x00, 0x00, 0x00, 0x00, 0x00, 0x00, 0x00, 0x00, 0x00, 0x00, 0x00, 0x00,
    0x00, 0x00, 0x00, 0x00, 0x00, 0x00, 0x00, 0x00, 0x00, 0x00, 0x00, 0x00, 0x00, 0x00, 0x00, 0x00, 0x00, 0x00, 0x00, 0x00, 0x00, 0x00, 0x00, 0x00,
    0x00, 0x00, 0x00, 0x00, 0x00, 0x00, 0x00, 0x00, 0x00, 0x00, 0x00, 0x00, 0x00, 0x00, 0x00, 0x00, 0x00, 0x00, 0x00, 0x00, 0x00, 0x00, 0x00, 0x00,
};
const lv_img_dsc_t zh_about18 = {
    .header.always_zero = 0,
    .header.w = 72,
    .header.h = 20,
    .data_size = 4320,
    .header.cf = LV_IMG_CF_TRUE_COLOR_ALPHA,
    .data = zh_about18_map,
};

#ifndef LV_ATTRIBUTE_IMG_ZH_COMPLETED
#define LV_ATTRIBUTE_IMG_ZH_COMPLETED
#endif
const LV_ATTRIBUTE_MEM_ALIGN LV_ATTRIBUTE_LARGE_CONST LV_ATTRIBUTE_IMG_ZH_COMPLETED uint8_t zh_completed_map[] = {
    0x00, 0x00, 0x00, 0x00, 0x00, 0x00, 0x00, 0x00, 0x00, 0x00, 0x00, 0x00, 0x00, 0x00, 0x00, 0x00, 0x00, 0x00, 0x00, 0x00, 0x00, 0x00, 0x00, 0x00,
    0x00, 0x00, 0x00, 0x00, 0x00, 0x00, 0x00, 0x00, 0x00, 0x00, 0x00, 0x00, 0x00, 0x00, 0x00, 0x00, 0x00, 0x00, 0x00, 0x00, 0x00, 0x00, 0x00, 0x00,
    0x00, 0x00, 0x00, 0x00, 0x00, 0x00, 0x00, 0x00, 0x00, 0x00, 0x00, 0x00, 0x00, 0x00, 0x00, 0x00, 0x00, 0x00, 0x00, 0x00, 0x00, 0x00, 0x00, 0x00,
    0x00, 0x00, 0x00, 0x00, 0x00, 0x00, 0x00, 0x00, 0x00, 0x00, 0x00, 0x00, 0x00, 0x00, 0x00, 0x00, 0x00, 0x00, 0x00, 0x00, 0x00, 0x00, 0x00, 0x00,
    0x00, 0x00, 0x00, 0x00, 0x00, 0x00, 0x00, 0x00, 0x00, 0x00, 0x00, 0x00, 0x00, 0x00, 0x00, 0x00, 0x00, 0x00, 0x00, 0x00, 0x00, 0x00, 0x00, 0x00,
    0x00, 0x00, 0x00, 0x00, 0x00, 0x00, 0x00, 0x00, 0x00, 0x00, 0x00, 0x00, 0x00, 0x00, 0x00, 0x00, 0x00, 0x00, 0x00, 0x00, 0x00, 0x00, 0x00, 0x00,
    0x00, 0x00, 0x00, 0x00, 0x00, 0x00, 0x00, 0x00, 0x00, 0x00, 0x00, 0x00, 0x00, 0x00, 0x00, 0x00, 0x00, 0x00, 0x00, 0x00, 0x00, 0x00, 0x00, 0x00,
    0x00, 0x00, 0x00, 0x00, 0x00, 0x00, 0x00, 0x00, 0x00, 0x00, 0x00, 0x00, 0x00, 0x00, 0x00, 0x00, 0x00, 0x00, 0x00, 0x00, 0x00, 0x00, 0x00, 0x00,
    0x00, 0x00, 0x00, 0x00, 0x00, 0x00, 0x00, 0x00, 0x00, 0x00, 0x00, 0x00, 0x00, 0x00, 0x00, 0x00, 0x00, 0x00, 0x00, 0x00, 0x00, 0x00, 0x00, 0x00,
    0x00, 0x00, 0x00, 0x00, 0x00, 0x00, 0x00, 0x00, 0x00, 0x00, 0x00, 0x00, 0x00, 0x00, 0x00, 0x00, 0x00, 0x00, 0x00, 0x00, 0x00, 0x00, 0x00, 0x00,
    0x00, 0x00, 0x00, 0x00, 0x00, 0x00, 0x00, 0x00, 0x00, 0x00, 0x00, 0x00, 0x00, 0x00, 0x00, 0x00, 0x00, 0x00, 0x00, 0x00, 0x00, 0x00, 0x00, 0x00,
    0x00, 0x00, 0x00, 0x00, 0x00, 0x00, 0x00, 0x00, 0x00, 0x00, 0x00, 0x00, 0x00, 0x00, 0x00, 0x00, 0x00, 0x00, 0x00, 0x00, 0x00, 0x00, 0x00, 0x00,
    0x00, 0x00, 0x00, 0x00, 0x00, 0x00, 0x00, 0x00, 0x00, 0x00, 0x00, 0x00, 0x00, 0x00, 0x00, 0x00, 0x00, 0x00, 0x00, 0x00, 0x00, 0x00, 0x00, 0x00,
    0x00, 0x00, 0x00, 0x00, 0x00, 0x00, 0x00, 0x00, 0x00, 0x00, 0x00, 0x00, 0x00, 0x00, 0x00, 0x00, 0x00, 0x00, 0x00, 0x00, 0x00, 0x00, 0x00, 0x00,
    0x00, 0x00, 0x00, 0x00, 0x00, 0x00, 0x00, 0x00, 0x00, 0x00, 0x00, 0x00, 0x00, 0x00, 0x00, 0x00, 0x00, 0x00, 0x00, 0x00, 0x00, 0x00, 0x00, 0x00,
    0x00, 0x00, 0x00, 0x24, 0x21, 0x6b, 0x24, 0x21, 0xa2, 0x00, 0x00, 0x00, 0x00, 0x00, 0x00, 0x00, 0x00, 0x00, 0x00, 0x00, 0x00, 0x00, 0x00, 0x00,
    0x00, 0x00, 0x00, 0x00, 0x00, 0x00, 0x00, 0x00, 0x00, 0x00, 0x00, 0x00, 0x00, 0x00, 0x00, 0x00, 0x00, 0x00, 0x00, 0x00, 0x00, 0x00, 0x00, 0x00,
    0x00, 0x00, 0x00, 0x00, 0x00, 0x00, 0x24, 0x21, 0xb0, 0x24, 0x21, 0x46, 0x24, 0x21, 0x75, 0x24, 0x21, 0x4f, 0x00, 0x00, 0x00, 0x00, 0x00, 0x00,
    0x00, 0x00, 0x00, 0x00, 0x00, 0x00, 0x00, 0x00, 0x00, 0x00, 0x00, 0x00, 0x00, 0x00, 0x00, 0x00, 0x00, 0x00, 0x24, 0x21, 0x9b, 0x24, 0x21, 0xff,
    0x24, 0x21, 0xff, 0x24, 0x21, 0xff, 0x24, 0x21, 0xff, 0x24, 0x21, 0xff, 0x24, 0x21, 0xff, 0x24, 0x21, 0xff, 0x24, 0x21, 0xff, 0x24, 0x21, 0xff,
    0x24, 0x21, 0xff, 0x24, 0x21, 0x5b, 0x00, 0x00, 0x00, 0x00, 0x00, 0x00, 0x00, 0x00, 0x00, 0x00, 0x00, 0x00, 0x00, 0x00, 0x00, 0x00, 0x00, 0x00,
    0x00, 0x00, 0x00, 0x00, 0x00, 0x00, 0x24, 0x21, 0x2c, 0x24, 0x21, 0xfc, 0x24, 0x21, 0x28, 0x00, 0x00, 0x00, 0x00, 0x00, 0x00, 0x00, 0x00, 0x00,
    0x00, 0x00, 0x00, 0x00, 0x00, 0x00, 0x00, 0x00, 0x00, 0x00, 0x00, 0x00, 0x00, 0x00, 0x00, 0x00, 0x00, 0x00, 0x00, 0x00, 0x00, 0x00, 0x00, 0x00,
    0x00, 0x00, 0x00, 0x00, 0x00, 0x00, 0x00, 0x00, 0x00, 0x24, 0x21, 0xce, 0x24, 0x21, 0x59, 0x24, 0x21, 0x41, 0x24, 0x21, 0xdc, 0x24, 0x21, 0xa8,
    0x24, 0x21, 0x0d, 0x00, 0x00, 0x00, 0x00, 0x00, 0x00, 0x00, 0x00, 0x00, 0x00, 0x00, 0x00, 0x00, 0x00, 0x00, 0x00, 0x00, 0x00, 0x24, 0x21, 0x13,
    0x24, 0x21, 0x1f, 0x24, 0x21, 0x1f, 0x24, 0x21, 0x1f, 0x24, 0x21, 0x1f, 0x24, 0x21, 0x1f, 0x24, 0x21, 0x1f, 0x24, 0x21, 0x1f, 0x24, 0x21, 0x1f,
    0x24, 0x21, 0x1f, 0x24, 0x21, 0xd2, 0x24, 0x21, 0x5b, 0x00, 0x00, 0x00, 0x00, 0x00, 0x00, 0x00, 0x00, 0x00, 0x24, 0x21, 0xc7, 0x24, 0x21, 0xff,
    0x24, 0x21, 0xff, 0x24, 0x21, 0xff, 0x24, 0x21, 0xff, 0x24, 0x21, 0xff, 0x24, 0x21, 0xff, 0x24, 0x21, 0xff, 0x24, 0x21, 0xff, 0x24, 0x21, 0xff,
    0x24, 0x21, 0xff, 0x24, 0x21, 0xff, 0x24, 0x21, 0xbb, 0x00, 0x00, 0x00, 0x00, 0x00, 0x00, 0x24, 0x21, 0x02, 0x24, 0x21, 0x17, 0x24, 0x21, 0x17,
    0x24, 0x21, 0x17, 0x24, 0x21, 0x17, 0x24, 0x21, 0x17, 0x24, 0x21, 0x17, 0x24, 0x21, 0xcc, 0x24, 0x21, 0x6d, 0x24, 0x21, 0x17, 0x24, 0x21, 0x25,
    0x24, 0x21, 0xbc, 0x24, 0x21, 0x3d, 0x24, 0x21, 0x05, 0x00, 0x00, 0x00, 0x00, 0x00, 0x00, 0x00, 0x00, 0x00, 0x00, 0x00, 0x00, 0x00, 0x00, 0x00,
    0x00, 0x00, 0x00, 0x24, 0x21, 0x13, 0x24, 0x21, 0x07, 0x00, 0x00, 0x00, 0x00, 0x00, 0x00, 0x00, 0x00, 0x00, 0x00, 0x00, 0x00, 0x00, 0x00, 0x00,
    0x00, 0x00, 0x00, 0x00, 0x00, 0x00, 0x24, 0x21, 0xcb, 0x24, 0x21, 0x5b, 0x00, 0x00, 0x00, 0x00, 0x00, 0x00, 0x00, 0x00, 0x00, 0x24, 0x21, 0xc7,
    0x24, 0x21, 0x67, 0x24, 0x21, 0x17, 0x24, 0x21, 0x17, 0x24, 0x21, 0x17, 0x24, 0x21, 0x17, 0x24, 0x21, 0x17, 0x24, 0x21, 0x17, 0x24, 0x21, 0x17,
    0x24, 0x21, 0x17, 0x24, 0x21, 0x17, 0x24, 0x21, 0x7d, 0x24, 0x21, 0xbb, 0x00, 0x00, 0x00, 0x00, 0x00, 0x00, 0x24, 0x21, 0x17, 0x24, 0x21, 0xff,
    0x24, 0x21, 0xff, 0x24, 0x21, 0xff, 0x24, 0x21, 0xff, 0x24, 0x21, 0xff, 0x24, 0x21, 0xff, 0x24, 0x21, 0xff, 0x24, 0x21, 0xff, 0x24, 0x21, 0xff,
    0x24, 0x21, 0xff, 0x24, 0x21, 0xff, 0x24, 0x21, 0xff, 0x24, 0x21, 0x3f, 0x00, 0x00, 0x00, 0x00, 0x00, 0x00, 0x00, 0x00, 0x00, 0x00, 0x00, 0x00,
    0x00, 0x00, 0x00, 0x00, 0x00, 0x00, 0x24, 0x21, 0xcf, 0x24, 0x21, 0x53, 0x00, 0x00, 0x00, 0x00, 0x00, 0x00, 0x00, 0x00, 0x00, 0x00, 0x00, 0x00,
    0x00, 0x00, 0x00, 0x00, 0x00, 0x00, 0x00, 0x00, 0x00, 0x24, 0x21, 0xcb, 0x24, 0x21, 0x5b, 0x00, 0x00, 0x00, 0x00, 0x00, 0x00, 0x00, 0x00, 0x00,
    0x24, 0x21, 0xc7, 0x24, 0x21, 0x57, 0x24, 0x21, 0x04, 0x24, 0x21, 0x07, 0x24, 0x21, 0x07, 0x24, 0x21, 0x07, 0x24, 0x21, 0x07, 0x24, 0x21, 0x07,
    0x24, 0x21, 0x07, 0x24, 0x21, 0x07, 0x24, 0x21, 0x04, 0x24, 0x21, 0x6f, 0x24, 0x21, 0xbb, 0x00, 0x00, 0x00, 0x00, 0x00, 0x00, 0x24, 0x21, 0x17,
    0x24, 0x21, 0xff, 0x24, 0x21, 0x13, 0x00, 0x00, 0x00, 0x00, 0x00, 0x00, 0x00, 0x00, 0x00, 0x00, 0x00, 0x00, 0x24, 0x21, 0xa5, 0x24, 0x21, 0x7e,
    0x00, 0x00, 0x00, 0x00, 0x00, 0x00, 0x00, 0x00, 0x00, 0x00, 0x00, 0x00, 0x00, 0x00, 0x00, 0x00, 0x00, 0x00, 0x00, 0x00, 0x00, 0x00, 0x00, 0x00,
    0x00, 0x00, 0x00, 0x00, 0x00, 0x00, 0x00, 0x00, 0x00, 0x24, 0x21, 0xcf, 0x24, 0x21, 0x53, 0x00, 0x00, 0x00, 0x00, 0x00, 0x00, 0x00, 0x00, 0x00,
    0x00, 0x00, 0x00, 0x00, 0x00, 0x00, 0x00, 0x00, 0x00, 0x00, 0x00, 0x00, 0x24, 0x21, 0xcb, 0x24, 0x21, 0x5b, 0x00, 0x00, 0x00, 0x00, 0x00, 0x00,
    0x00, 0x00, 0x00, 0x24, 0x21, 0x83, 0x24, 0x21, 0x39, 0x24, 0x21, 0x9b, 0x24, 0x21, 0xff, 0x24, 0x21, 0xff, 0x24, 0x21, 0xff, 0x24, 0x21, 0xff,
    0x24, 0x21, 0xff, 0x24, 0x21, 0xff, 0x24, 0x21, 0xff, 0x24, 0x21, 0x8f, 0x24, 0x21, 0x49, 0x24, 0x21, 0x7b, 0x00, 0x00, 0x00, 0x00, 0x00, 0x00,
    0x24, 0x21, 0x17, 0x24, 0x21, 0xff, 0x24, 0x21, 0x13, 0x00, 0x00, 0x00, 0x00, 0x00, 0x00, 0x00, 0x00, 0x00, 0x00, 0x00, 0x00, 0x24, 0x21, 0x86,
    0x24, 0x21, 0x9c, 0x00, 0x00, 0x00, 0x24, 0x21, 0x07, 0x24, 0x21, 0xae, 0x24, 0x21, 0x23, 0x00, 0x00, 0x00, 0x00, 0x00, 0x00, 0x00, 0x00, 0x00,
    0x00, 0x00, 0x00, 0x00, 0x00, 0x00, 0x00, 0x00, 0x00, 0x00, 0x00, 0x00, 0x24, 0x21, 0xcf, 0x24, 0x21, 0x66, 0x24, 0x21, 0x1b, 0x24, 0x21, 0x1b,
    0x24, 0x21, 0x1b, 0x24, 0x21, 0x1b, 0x24, 0x21, 0x1b, 0x24, 0x21, 0x1b, 0x24, 0x21, 0x1b, 0x24, 0x21, 0xd1, 0x24, 0x21, 0x5b, 0x00, 0x00, 0x00,
    0x00, 0x00, 0x00, 0x00, 0x00, 0x00, 0x00, 0x00, 0x00, 0x00, 0x00, 0x00, 0x00, 0x00, 0x00, 0x00, 0x00, 0x00, 0x00, 0x00, 0x00, 0x00, 0x00, 0x00,
    0x00, 0x00, 0x00, 0x00, 0x00, 0x00, 0x00, 0x00, 0x00, 0x00, 0x00, 0x00, 0x00, 0x00, 0x00, 0x00, 0x00, 0x00, 0x00, 0x00, 0x00, 0x00, 0x00, 0x00,
    0x00, 0x00, 0x00, 0x24, 0x21, 0x17, 0x24, 0x21, 0xff, 0x24, 0x21, 0xff, 0x24, 0x21, 0xff, 0x24, 0x21, 0xff, 0x24, 0x21, 0xeb, 0x00, 0x00, 0x00,
    0x24, 0x21, 0x68, 0x24, 0x21, 0xbb, 0x00, 0x00, 0x00, 0x24, 0x21, 0x66, 0x24, 0x21, 0xe7, 0x24, 0x21, 0x05, 0x00, 0x00, 0x00, 0x00, 0x00, 0x00,
    0x00, 0x00, 0x00, 0x00, 0x00, 0x00, 0x00, 0x00, 0x00, 0x00, 0x00, 0x00, 0x00, 0x00, 0x00, 0x24, 0x21, 0xcf, 0x24, 0x21, 0xff, 0x24, 0x21, 0xff,
    0x24, 0x21, 0xff, 0x24, 0x21, 0xff, 0x24, 0x21, 0xff, 0x24, 0x21, 0xff, 0x24, 0x21, 0xff, 0x24, 0x21, 0xff, 0x24, 0x21, 0xff, 0x24, 0x21, 0x5b,
    0x00, 0x00, 0x00, 0x00, 0x00, 0x00, 0x24, 0x21, 0x02, 0x24, 0x21, 0x0b, 0x24, 0x21, 0x0b, 0x24, 0x21, 0x0b, 0x24, 0x21, 0x0b, 0x24, 0x21, 0x0b,
    0x24, 0x21, 0x0b, 0x24, 0x21, 0x0b, 0x24, 0x21, 0x0b, 0x24, 0x21, 0x0b, 0x24, 0x21, 0x0b, 0x24, 0x21, 0x0b, 0x24, 0x21, 0x0b, 0x24, 0x21, 0x0b,
    0x24, 0x21, 0x01, 0x00, 0x00, 0x00, 0x24, 0x21, 0x1e, 0x24, 0x21, 0xff, 0x24, 0x21, 0x1f, 0x24, 0x21, 0x0f, 0x24, 0x21, 0x3c, 0x24, 0x21, 0xe3,
    0x00, 0x00, 0x00, 0x24, 0x21, 0x45, 0x24, 0x21, 0xe8, 0x24, 0x21, 0x03, 0x24, 0x21, 0xdc, 0x24, 0x21, 0x82, 0x00, 0x00, 0x00, 0x00, 0x00, 0x00,
    0x00, 0x00, 0x00, 0x00, 0x00, 0x00, 0x00, 0x00, 0x00, 0x00, 0x00, 0x00, 0x00, 0x00, 0x00, 0x00, 0x00, 0x00, 0x24, 0x21, 0xcf, 0x24, 0x21, 0x53,
    0x00, 0x00, 0x00, 0x00, 0x00, 0x00, 0x00, 0x00, 0x00, 0x00, 0x00, 0x00, 0x00, 0x00, 0x00, 0x00, 0x00, 0x00, 0x00, 0x00, 0x00, 0x24, 0x21, 0x95,
    0x24, 0x21, 0x43, 0x00, 0x00, 0x00, 0x00, 0x00, 0x00, 0x24, 0x21, 0x2b, 0x24, 0x21, 0xff, 0x24, 0x21, 0xff, 0x24, 0x21, 0xff, 0x24, 0x21, 0xff,
    0x24, 0x21, 0xff, 0x24, 0x21, 0xff, 0x24, 0x21, 0xff, 0x24, 0x21, 0xff, 0x24, 0x21, 0xff, 0x24, 0x21, 0xff, 0x24, 0x21, 0xff, 0x24, 0x21, 0xff,
    0x24, 0x21, 0xff, 0x24, 0x21, 0x23, 0x00, 0x00, 0x00, 0x24, 0x21, 0x2e, 0x24, 0x21, 0xff, 0x24, 0x21, 0x08, 0x00, 0x00, 0x00, 0x24, 0x21, 0x38,
    0x24, 0x21, 0xdc, 0x00, 0x00, 0x00, 0x24, 0x21, 0x0f, 0x24, 0x21, 0xfd, 0x24, 0x21, 0x75, 0x24, 0x21, 0xf1, 0x24, 0x21, 0x18, 0x00, 0x00, 0x00,
    0x00, 0x00, 0x00, 0x00, 0x00, 0x00, 0x00, 0x00, 0x00, 0x00, 0x00, 0x00, 0x00, 0x00, 0x00, 0x00, 0x00, 0x00, 0x00, 0x00, 0x00, 0x24, 0x21, 0xcf,
    0x24, 0x21, 0x53, 0x00, 0x00, 0x00, 0x00, 0x00, 0x00, 0x00, 0x00, 0x00, 0x00, 0x00, 0x00, 0x00, 0x00, 0x00, 0x00, 0x00, 0x00, 0x00, 0x00, 0x00,
    0x00, 0x00, 0x00, 0x00, 0x00, 0x00, 0x00, 0x00, 0x00, 0x00, 0x00, 0x00, 0x00, 0x00, 0x00, 0x00, 0x00, 0x00, 0x00, 0x00, 0x00, 0x00, 0x00, 0x00,
    0x24, 0x21, 0x34, 0x24, 0x21, 0xf2, 0x00, 0x00, 0x00, 0x00, 0x00, 0x00, 0x24, 0x21, 0x57, 0x24, 0x21, 0xc7, 0x00, 0x00, 0x00, 0x00, 0x00, 0x00,
    0x00, 0x00, 0x00, 0x00, 0x00, 0x00, 0x00, 0x00, 0x00, 0x00, 0x00, 0x00, 0x24, 0x21, 0x3f, 0x24, 0x21, 0xf5, 0x00, 0x00, 0x00, 0x00, 0x00, 0x00,
    0x24, 0x21, 0x45, 0x24, 0x21, 0xcf, 0x00, 0x00, 0x00, 0x00, 0x00, 0x00, 0x24, 0x21, 0xd0, 0x24, 0x21, 0xf8, 0x24, 0x21, 0x6a, 0x00, 0x00, 0x00,
    0x00, 0x00, 0x00, 0x00, 0x00, 0x00, 0x00, 0x00, 0x00, 0x00, 0x00, 0x00, 0x00, 0x00, 0x00, 0x00, 0x00, 0x00, 0x00, 0x00, 0x00, 0x00, 0x00, 0x00,
    0x24, 0x21, 0xcf, 0x24, 0x21, 0x53, 0x00, 0x00, 0x00, 0x00, 0x00, 0x00, 0x00, 0x00, 0x00, 0x00, 0x00, 0x00, 0x00, 0x00, 0x00, 0x00, 0x00, 0x00,
    0x00, 0x00, 0x00, 0x00, 0x00, 0x00, 0x00, 0x00, 0x00, 0x24, 0x21, 0xa1, 0x24, 0x21, 0x1a, 0x00, 0x00, 0x00, 0x00, 0x00, 0x00, 0x00, 0x00, 0x00,
    0x00, 0x00, 0x00, 0x24, 0x21, 0x53, 0x24, 0x21, 0xd1, 0x00, 0x00, 0x00, 0x00, 0x00, 0x00, 0x24, 0x21, 0x57, 0x24, 0x21, 0xc7, 0x00, 0x00, 0x00,
    0x00, 0x00, 0x00, 0x00, 0x00, 0x00, 0x00, 0x00, 0x00, 0x00, 0x00, 0x00, 0x00, 0x00, 0x00, 0x24, 0x21, 0x54, 0x24, 0x21, 0xd9, 0x24, 0x21, 0x03,
    0x00, 0x00, 0x00, 0x24, 0x21, 0x6c, 0x24, 0x21, 0xb9, 0x00, 0x00, 0x00, 0x24, 0x21, 0x01, 0x24, 0x21, 0xc0, 0x24, 0x21, 0xd9, 0x24, 0x21, 0x02,
    0x00, 0x00, 0x00, 0x24, 0x21, 0x63, 0x24, 0x21, 0x1c, 0x00, 0x00, 0x00, 0x00, 0x00, 0x00, 0x00, 0x00, 0x00, 0x00, 0x00, 0x00, 0x00, 0x00, 0x00,
    0x00, 0x00, 0x00, 0x24, 0x21, 0xcf, 0x24, 0x21, 0x54, 0x00, 0x00, 0x00, 0x00, 0x00, 0x00, 0x00, 0x00, 0x00, 0x00, 0x00, 0x00, 0x00, 0x00, 0x00,
    0x00, 0x00, 0x00, 0x00, 0x00, 0x00, 0x00, 0x00, 0x00, 0x24, 0x21, 0x11, 0x24, 0x21, 0xff, 0x24, 0x21, 0x1d, 0x00, 0x00, 0x00, 0x00, 0x00, 0x00,
    0x00, 0x00, 0x00, 0x00, 0x00, 0x00, 0x24, 0x21, 0x94, 0x24, 0x21, 0xa3, 0x00, 0x00, 0x00, 0x00, 0x00, 0x00, 0x24, 0x21, 0x57, 0x24, 0x21, 0xc7,
    0x00, 0x00, 0x00, 0x00, 0x00, 0x00, 0x00, 0x00, 0x00, 0x24, 0x21, 0x1e, 0x00, 0x00, 0x00, 0x00, 0x00, 0x00, 0x24, 0x21, 0x86, 0x24, 0x21, 0xb0,
    0x24, 0x21, 0x6a, 0x24, 0x21, 0xfa, 0x24, 0x21, 0xf6, 0x24, 0x21, 0x63, 0x00, 0x00, 0x00, 0x24, 0x21, 0x84, 0x24, 0x21, 0xee, 0x24, 0x21, 0xf9,
    0x24, 0x21, 0x16, 0x00, 0x00, 0x00, 0x24, 0x21, 0xae, 0x24, 0x21, 0x4e, 0x00, 0x00, 0x00, 0x00, 0x00, 0x00, 0x00, 0x00, 0x00, 0x00, 0x00, 0x00,
    0x00, 0x00, 0x00, 0x00, 0x00, 0x00, 0x24, 0x21, 0xb8, 0x24, 0x21, 0xa1, 0x24, 0x21, 0x0b, 0x00, 0x00, 0x00, 0x00, 0x00, 0x00, 0x00, 0x00, 0x00,
    0x00, 0x00, 0x00, 0x00, 0x00, 0x00, 0x00, 0x00, 0x00, 0x24, 0x21, 0x0d, 0x24, 0x21, 0x8a, 0x24, 0x21, 0xdd, 0x00, 0x00, 0x00, 0x00, 0x00, 0x00,
    0x00, 0x00, 0x00, 0x00, 0x00, 0x00, 0x24, 0x21, 0x1e, 0x24, 0x21, 0xf2, 0x24, 0x21, 0x3e, 0x00, 0x00, 0x00, 0x00, 0x00, 0x00, 0x24, 0x21, 0x57,
    0x24, 0x21, 0xc7, 0x00, 0x00, 0x00, 0x00, 0x00, 0x00, 0x00, 0x00, 0x00, 0x24, 0x21, 0xb9, 0x24, 0x21, 0x47, 0x00, 0x00, 0x00, 0x24, 0x21, 0xc2,
    0x24, 0x21, 0x75, 0x00, 0x00, 0x00, 0x24, 0x21, 0x0d, 0x24, 0x21, 0x06, 0x00, 0x00, 0x00, 0x24, 0x21, 0x6d, 0x24, 0x21, 0xfd, 0x24, 0x21, 0x40,
    0x24, 0x21, 0xd5, 0x24, 0x21, 0x7b, 0x00, 0x00, 0x00, 0x24, 0x21, 0xc9, 0x24, 0x21, 0x37, 0x00, 0x00, 0x00, 0x00, 0x00, 0x00, 0x00, 0x00, 0x00,
    0x00, 0x00, 0x00, 0x00, 0x00, 0x00, 0x00, 0x00, 0x00, 0x24, 0x21, 0x42, 0x24, 0x21, 0xe4, 0x24, 0x21, 0xff, 0x24, 0x21, 0xff, 0x24, 0x21, 0xff,
    0x24, 0x21, 0xff, 0x24, 0x21, 0xff, 0x24, 0x21, 0xff, 0x24, 0x21, 0xff, 0x24, 0x21, 0xff, 0x24, 0x21, 0xe6, 0x24, 0x21, 0x45, 0x00, 0x00, 0x00,
    0x00, 0x00, 0x00, 0x24, 0x21, 0x05, 0x24, 0x21, 0x4d, 0x24, 0x21, 0xe7, 0x24, 0x21, 0x96, 0x00, 0x00, 0x00, 0x00, 0x00, 0x00, 0x00, 0x00, 0x00,
    0x24, 0x21, 0x53, 0x24, 0x21, 0xd7, 0x24, 0x21, 0x0d, 0x24, 0x21, 0x07, 0x24, 0x21, 0x0c, 0x24, 0x21, 0xde, 0x24, 0x21, 0x30, 0x24, 0x21, 0x1e,
    0x24, 0x21, 0xfd, 0x24, 0x21, 0x2b, 0x00, 0x00, 0x00, 0x00, 0x00, 0x00, 0x00, 0x00, 0x00, 0x24, 0x21, 0x71, 0x24, 0x21, 0xff, 0x24, 0x21, 0x7e,
    0x00, 0x00, 0x00, 0x24, 0x21, 0x64, 0x24, 0x21, 0xf3, 0x24, 0x21, 0x51, 0x24, 0x21, 0xf3, 0x24, 0x21, 0x0d, 0x00, 0x00, 0x00, 0x00, 0x00, 0x00,
    0x00, 0x00, 0x00, 0x00, 0x00, 0x00, 0x00, 0x00, 0x00, 0x00, 0x00, 0x00, 0x00, 0x00, 0x00, 0x24, 0x21, 0x01, 0x24, 0x21, 0x11, 0x24, 0x21, 0x1e,
    0x24, 0x21, 0x1f, 0x24, 0x21, 0x1f, 0x24, 0x21, 0x1f, 0x24, 0x21, 0x1f, 0x24, 0x21, 0x1f, 0x24, 0x21, 0x12, 0x00, 0x00, 0x00, 0x00, 0x00, 0x00,
    0x00, 0x00, 0x00, 0x24, 0x21, 0x1a, 0x24, 0x21, 0xea, 0x24, 0x21, 0xd5, 0x24, 0x21, 0x64, 0x00, 0x00, 0x00, 0x00, 0x00, 0x00, 0x00, 0x00, 0x00,
    0x00, 0x00, 0x00, 0x24, 0x21, 0x1d, 0x24, 0x21, 0xde, 0x24, 0x21, 0xfe, 0x24, 0x21, 0xff, 0x24, 0x21, 0xfe, 0x24, 0x21, 0xc1, 0x24, 0x21, 0x01,
    0x24, 0x21, 0x42, 0x24, 0x21, 0xba, 0x00, 0x00, 0x00, 0x00, 0x00, 0x00, 0x00, 0x00, 0x00, 0x24, 0x21, 0x01, 0x24, 0x21, 0xaf, 0x24, 0x21, 0x6a,
    0x00, 0x00, 0x00, 0x00, 0x00, 0x00, 0x24, 0x21, 0x01, 0x24, 0x21, 0x93, 0x24, 0x21, 0xf1, 0x24, 0x21, 0x91, 0x00, 0x00, 0x00, 0x00, 0x00, 0x00,
    0x00, 0x00, 0x00, 0x00, 0x00, 0x00, 0x00, 0x00, 0x00, 0x00, 0x00, 0x00, 0x00, 0x00, 0x00, 0x00, 0x00, 0x00, 0x00, 0x00, 0x00, 0x00, 0x00, 0x00,
    0x00, 0x00, 0x00, 0x00, 0x00, 0x00, 0x00, 0x00, 0x00, 0x00, 0x00, 0x00, 0x00, 0x00, 0x00, 0x00, 0x00, 0x00, 0x00, 0x00, 0x00, 0x00, 0x00, 0x00,
    0x00, 0x00, 0x00, 0x00, 0x00, 0x00, 0x00, 0x00, 0x00, 0x24, 0x21, 0x0f, 0x00, 0x00, 0x00, 0x00, 0x00, 0x00, 0x00, 0x00, 0x00, 0x00, 0x00, 0x00,
    0x00, 0x00, 0x00, 0x00, 0x00, 0x00, 0x00, 0x00, 0x00, 0x00, 0x00, 0x00, 0x00, 0x00, 0x00, 0x00, 0x00, 0x00, 0x00, 0x00, 0x00, 0x00, 0x00, 0x00,
    0x00, 0x00, 0x00, 0x00, 0x00, 0x00, 0x24, 0x21, 0x05, 0x00, 0x00, 0x00, 0x00, 0x00, 0x00, 0x00, 0x00, 0x00, 0x00, 0x00, 0x00, 0x00, 0x00, 0x00,
    0x00, 0x00, 0x00, 0x00, 0x00, 0x00, 0x00, 0x00, 0x00, 0x00, 0x00, 0x00, 0x00, 0x00, 0x00, 0x00, 0x00, 0x00, 0x00, 0x00, 0x00, 0x00, 0x00, 0x00,
    0x00, 0x00, 0x00, 0x00, 0x00, 0x00, 0x00, 0x00, 0x00, 0x00, 0x00, 0x00, 0x00, 0x00, 0x00, 0x00, 0x00, 0x00, 0x00, 0x00, 0x00, 0x00, 0x00, 0x00,
    0x00, 0x00, 0x00, 0x00, 0x00, 0x00, 0x00, 0x00, 0x00, 0x00, 0x00, 0x00, 0x00, 0x00, 0x00, 0x00, 0x00, 0x00, 0x00, 0x00, 0x00, 0x00, 0x00, 0x00,
    0x00, 0x00, 0x00, 0x00, 0x00, 0x00, 0x00, 0x00, 0x00, 0x00, 0x00, 0x00, 0x00, 0x00, 0x00, 0x00, 0x00, 0x00, 0x00, 0x00, 0x00, 0x00, 0x00, 0x00,
    0x00, 0x00, 0x00, 0x00, 0x00, 0x00, 0x00, 0x00, 0x00, 0x00, 0x00, 0x00, 0x00, 0x00, 0x00, 0x00, 0x00, 0x00, 0x00, 0x00, 0x00, 0x00, 0x00, 0x00,
    0x00, 0x00, 0x00, 0x00, 0x00, 0x00, 0x00, 0x00, 0x00, 0x00, 0x00, 0x00, 0x00, 0x00, 0x00, 0x00, 0x00, 0x00, 0x00, 0x00, 0x00, 0x00, 0x00, 0x00,
    0x00, 0x00, 0x00, 0x00, 0x00, 0x00, 0x00, 0x00, 0x00, 0x00, 0x00, 0x00, 0x00, 0x00, 0x00, 0x00, 0x00, 0x00, 0x00, 0x00, 0x00, 0x00, 0x00, 0x00,
    0x00, 0x00, 0x00, 0x00, 0x00, 0x00, 0x00, 0x00, 0x00, 0x00, 0x00, 0x00, 0x00, 0x00, 0x00, 0x00, 0x00, 0x00, 0x00, 0x00, 0x00, 0x00, 0x00, 0x00,
    0x00, 0x00, 0x00, 0x00, 0x00, 0x00, 0x00, 0x00, 0x00, 0x00, 0x00, 0x00, 0x00, 0x00, 0x00, 0x00, 0x00, 0x00, 0x00, 0x00, 0x00, 0x00, 0x00, 0x00,
    0x00, 0x00, 0x00, 0x00, 0x00, 0x00, 0x00, 0x00, 0x00, 0x00, 0x00, 0x00, 0x00, 0x00, 0x00, 0x00, 0x00, 0x00, 0x00, 0x00, 0x00, 0x00, 0x00, 0x00,
    0x00, 0x00, 0x00, 0x00, 0x00, 0x00, 0x00, 0x00, 0x00, 0x00, 0x00, 0x00, 0x00, 0x00, 0x00, 0x00, 0x00, 0x00, 0x00, 0x00, 0x00, 0x00, 0x00, 0x00,
    0x00, 0x00, 0x00, 0x00, 0x00, 0x00, 0x00, 0x00, 0x00, 0x00, 0x00, 0x00, 0x00, 0x00, 0x00, 0x00, 0x00, 0x00, 0x00, 0x00, 0x00, 0x00, 0x00, 0x00,
    0x00, 0x00, 0x00, 0x00, 0x00, 0x00, 0x00, 0x00, 0x00, 0x00, 0x00, 0x00, 0x00, 0x00, 0x00, 0x00, 0x00, 0x00, 0x00, 0x00, 0x00, 0x00, 0x00, 0x00,
    0x00, 0x00, 0x00, 0x00, 0x00, 0x00, 0x00, 0x00, 0x00, 0x00, 0x00, 0x00,
};
const lv_img_dsc_t zh_completed = {
    .header.always_zero = 0,
    .header.w = 49,
    .header.h = 20,
    .data_size = 2940,
    .header.cf = LV_IMG_CF_TRUE_COLOR_ALPHA,
    .data = zh_completed_map,
};

#ifndef LV_ATTRIBUTE_IMG_ZH_CONTINUOUS
#define LV_ATTRIBUTE_IMG_ZH_CONTINUOUS
#endif
const LV_ATTRIBUTE_MEM_ALIGN LV_ATTRIBUTE_LARGE_CONST LV_ATTRIBUTE_IMG_ZH_CONTINUOUS uint8_t zh_continuous_map[] = {
    0x00, 0x00, 0x00, 0x00, 0x00, 0x00, 0x00, 0x00, 0x00, 0x00, 0x00, 0x00, 0x00, 0x00, 0x00, 0x00, 0x00, 0x00, 0x00, 0x00, 0x00, 0x00, 0x00, 0x00,
    0x00, 0x00, 0x00, 0x00, 0x00, 0x00, 0x00, 0x00, 0x00, 0x00, 0x00, 0x00, 0x00, 0x00, 0x00, 0x00, 0x00, 0x00, 0x00, 0x00, 0x00, 0x00, 0x00, 0x00,
    0x00, 0x00, 0x00, 0x00, 0x00, 0x00, 0x00, 0x00, 0x00, 0x00, 0x00, 0x00, 0x00, 0x00, 0x00, 0x00, 0x00, 0x00, 0x00, 0x00, 0x00, 0x00, 0x00, 0x00,
    0x00, 0x00, 0x00, 0x00, 0x00, 0x00, 0x00, 0x00, 0x00, 0x00, 0x00, 0x00, 0x00, 0x00, 0x00, 0x00, 0x00, 0x00, 0x00, 0x00, 0x00, 0x00, 0x00, 0x00,
    0x00, 0x00, 0x00, 0x00, 0x00, 0x00, 0x00, 0x00, 0x00, 0x00, 0x00, 0x00, 0x00, 0x00, 0x00, 0x00, 0x00, 0x00, 0x00, 0x00, 0x00, 0x00, 0x00, 0x00,
    0x00, 0x00, 0x00, 0x00, 0x00, 0x00, 0x00, 0x00, 0x00, 0x00, 0x00, 0x00, 0x00, 0x00, 0x00, 0x00, 0x00, 0x00, 0x00, 0x00, 0x00, 0x00, 0x00, 0x00,
    0x00, 0x00, 0x00, 0x00, 0x00, 0x00, 0x00, 0x00, 0x00, 0x00, 0x00, 0x00, 0x00, 0x00, 0x00, 0x00, 0x00, 0x00, 0x00, 0x00, 0x00, 0x00, 0x00, 0x00,
    0x00, 0x00, 0x00, 0x00, 0x00, 0x00, 0x00, 0x00, 0x00, 0x00, 0x00, 0x00, 0x00, 0x00, 0x00, 0x00, 0x00, 0x00, 0x00, 0x00, 0x00, 0x00, 0x00, 0x00,
    0x00, 0x00, 0x00, 0x00, 0x00, 0x00, 0x00, 0x00, 0x00, 0x00, 0x00, 0x00, 0x00, 0x00, 0x00, 0x00, 0x00, 0x00, 0x00, 0x00, 0x00, 0x00, 0x00, 0x00,
    0x00, 0x00, 0x00, 0x00, 0x00, 0x00, 0x00, 0x00, 0x00, 0x00, 0x00, 0x00, 0x00, 0x00, 0x00, 0x00, 0x00, 0x00, 0x00, 0x00, 0x00, 0x00, 0x00, 0x00,
    0x00, 0x00, 0x00, 0x00, 0x00, 0x00, 0x00, 0x00, 0x00, 0x00, 0x00, 0x00, 0x00, 0x00, 0x00, 0x00, 0x00, 0x00, 0x00, 0x00, 0x00, 0x00, 0x00, 0x00,
    0x00, 0x00, 0x00, 0x00, 0x00, 0x00, 0x00, 0x00, 0x00, 0x00, 0x00, 0x00, 0x00, 0x00, 0x00, 0x00, 0x00, 0x00, 0x00, 0x00, 0x00, 0x8d, 0x6b, 0x03,
    0x00, 0x00, 0x00, 0x00, 0x00, 0x00, 0x00, 0x00, 0x00, 0x00, 0x00, 0x00, 0x00, 0x00, 0x00, 0x00, 0x00, 0x00, 0x00, 0x00, 0x00, 0x00, 0x00, 0x00,
    0x00, 0x00, 0x00, 0x00, 0x00, 0x00, 0x8d, 0x6b, 0x08, 0x00, 0x00, 0x00, 0x00, 0x00, 0x00, 0x00, 0x00, 0x00, 0x00, 0x00, 0x00, 0x00, 0x00, 0x00,
    0x00, 0x00, 0x00, 0x00, 0x00, 0x00, 0x00, 0x00, 0x00, 0x00, 0x00, 0x00, 0x00, 0x00, 0x00, 0x00, 0x00, 0x00, 0x00, 0x00, 0x00, 0x00, 0x00, 0x00,
    0x00, 0x00, 0x00, 0x00, 0x00, 0x00, 0x8d, 0x6b, 0x01, 0x00, 0x00, 0x00, 0x00, 0x00, 0x00, 0x8d, 0x6b, 0x05, 0x00, 0x00, 0x00, 0x00, 0x00, 0x00,
    0x00, 0x00, 0x00, 0x00, 0x00, 0x00, 0x00, 0x00, 0x00, 0x00, 0x00, 0x00, 0x00, 0x00, 0x00, 0x00, 0x00, 0x00, 0x8d, 0x6b, 0x07, 0x8d, 0x6b, 0xa7,
    0x8d, 0x6b, 0x07, 0x00, 0x00, 0x00, 0x8d, 0x6b, 0x04, 0x8d, 0x6b, 0xc7, 0x00, 0x00, 0x00, 0x00, 0x00, 0x00, 0x00, 0x00, 0x00, 0x00, 0x00, 0x00,
    0x00, 0x00, 0x00, 0x8d, 0x6b, 0x03, 0x8d, 0x6b, 0xa3, 0x00, 0x00, 0x00, 0x00, 0x00, 0x00, 0x00, 0x00, 0x00, 0x8d, 0x6b, 0xbf, 0x00, 0x00, 0x00,
    0x00, 0x00, 0x00, 0x00, 0x00, 0x00, 0x00, 0x00, 0x00, 0x8d, 0x6b, 0x8a, 0x8d, 0x6b, 0x0f, 0x00, 0x00, 0x00, 0x8d, 0x6b, 0x86, 0x8d, 0x6b, 0x05,
    0x8d, 0x6b, 0x23, 0x8d, 0x6b, 0x05, 0x8d, 0x6b, 0x69, 0x8d, 0x6b, 0x2f, 0x00, 0x00, 0x00, 0x8d, 0x6b, 0x1f, 0x8d, 0x6b, 0x95, 0x00, 0x00, 0x00,
    0x00, 0x00, 0x00, 0x8d, 0x6b, 0x80, 0x8d, 0x6b, 0x3f, 0x00, 0x00, 0x00, 0x00, 0x00, 0x00, 0x00, 0x00, 0x00, 0x00, 0x00, 0x00, 0x00, 0x00, 0x00,
    0x00, 0x00, 0x00, 0x00, 0x00, 0x00, 0x00, 0x00, 0x00, 0x8d, 0x6b, 0x5e, 0x8d, 0x6b, 0x8c, 0x8d, 0x6b, 0x83, 0x8d, 0x6b, 0xd0, 0x8d, 0x6b, 0xcb,
    0x8d, 0x6b, 0xab, 0x8d, 0x6b, 0xab, 0x8d, 0x6b, 0xab, 0x8d, 0x6b, 0x25, 0x00, 0x00, 0x00, 0x8d, 0x6b, 0x4d, 0x8d, 0x6b, 0x5b, 0x00, 0x00, 0x00,
    0x8d, 0x6b, 0x66, 0x8d, 0x6b, 0xa3, 0x8d, 0x6b, 0xe8, 0x8d, 0x6b, 0xa3, 0x8d, 0x6b, 0x8a, 0x00, 0x00, 0x00, 0x00, 0x00, 0x00, 0x8d, 0x6b, 0x3f,
    0x8d, 0x6b, 0xc0, 0x8d, 0x6b, 0x08, 0x8d, 0x6b, 0xb3, 0x8d, 0x6b, 0x07, 0x8d, 0x6b, 0x97, 0x8d, 0x6b, 0x17, 0x8d, 0x6b, 0x83, 0x8d, 0x6b, 0x3b,
    0x00, 0x00, 0x00, 0x8d, 0x6b, 0x71, 0x8d, 0x6b, 0x50, 0x8d, 0x6b, 0x4a, 0x8d, 0x6b, 0xaf, 0x8d, 0x6b, 0xe2, 0x8d, 0x6b, 0xb8, 0x8d, 0x6b, 0xaf,
    0x8d, 0x6b, 0xaf, 0x8d, 0x6b, 0x36, 0x00, 0x00, 0x00, 0x00, 0x00, 0x00, 0x00, 0x00, 0x00, 0x00, 0x00, 0x00, 0x00, 0x00, 0x00, 0x00, 0x00, 0x00,
    0x8d, 0x6b, 0x2f, 0x00, 0x00, 0x00, 0x8d, 0x6b, 0xa5, 0x8d, 0x6b, 0x21, 0x8d, 0x6b, 0x7c, 0x00, 0x00, 0x00, 0x00, 0x00, 0x00, 0x00, 0x00, 0x00,
    0x00, 0x00, 0x00, 0x8d, 0x6b, 0x9d, 0x8d, 0x6b, 0x12, 0x8d, 0x6b, 0x5c, 0x00, 0x00, 0x00, 0x00, 0x00, 0x00, 0x8d, 0x6b, 0xbf, 0x00, 0x00, 0x00,
    0x00, 0x00, 0x00, 0x00, 0x00, 0x00, 0x00, 0x00, 0x00, 0x00, 0x00, 0x00, 0x8d, 0x6b, 0x2c, 0x00, 0x00, 0x00, 0x8d, 0x6b, 0xb3, 0x8d, 0x6b, 0x07,
    0x8d, 0x6b, 0x97, 0x8d, 0x6b, 0x17, 0x8d, 0x6b, 0x83, 0x8d, 0x6b, 0x3b, 0x8d, 0x6b, 0x01, 0x8d, 0x6b, 0xb2, 0x8d, 0x6b, 0x2d, 0x8d, 0x6b, 0x3a,
    0x8d, 0x6b, 0x09, 0x8d, 0x6b, 0xad, 0x00, 0x00, 0x00, 0x00, 0x00, 0x00, 0x00, 0x00, 0x00, 0x00, 0x00, 0x00, 0x00, 0x00, 0x00, 0x00, 0x00, 0x00,
    0x00, 0x00, 0x00, 0x00, 0x00, 0x00, 0x00, 0x00, 0x00, 0x00, 0x00, 0x00, 0x00, 0x00, 0x00, 0x8d, 0x6b, 0x16, 0x8d, 0x6b, 0xb6, 0x00, 0x00, 0x00,
    0x8d, 0x6b, 0xc7, 0x00, 0x00, 0x00, 0x00, 0x00, 0x00, 0x00, 0x00, 0x00, 0x8d, 0x6b, 0x5a, 0x8d, 0x6b, 0xb7, 0x8d, 0x6b, 0xab, 0x8d, 0x6b, 0x2f,
    0x8d, 0x6b, 0xa7, 0x8d, 0x6b, 0xa7, 0x8d, 0x6b, 0xc7, 0x8d, 0x6b, 0xb2, 0x8d, 0x6b, 0xd9, 0x8d, 0x6b, 0x2f, 0x8d, 0x6b, 0x70, 0x8d, 0x6b, 0xb7,
    0x8d, 0x6b, 0x61, 0x00, 0x00, 0x00, 0x8d, 0x6b, 0xb4, 0x8d, 0x6b, 0x07, 0x8d, 0x6b, 0x97, 0x8d, 0x6b, 0x17, 0x8d, 0x6b, 0x83, 0x8d, 0x6b, 0x3b,
    0x8d, 0x6b, 0x6d, 0x8d, 0x6b, 0xbc, 0x8d, 0x6b, 0xc2, 0x8d, 0x6b, 0x57, 0x8d, 0x6b, 0xd5, 0x8d, 0x6b, 0xc8, 0x8d, 0x6b, 0xe8, 0x8d, 0x6b, 0x07,
    0x00, 0x00, 0x00, 0x00, 0x00, 0x00, 0x00, 0x00, 0x00, 0x00, 0x00, 0x00, 0x00, 0x00, 0x00, 0x00, 0x00, 0x00, 0x8d, 0x6b, 0x65, 0x8d, 0x6b, 0xc6,
    0x8d, 0x6b, 0x77, 0x8d, 0x6b, 0x4e, 0x8d, 0x6b, 0xb8, 0x8d, 0x6b, 0xb3, 0x8d, 0x6b, 0xef, 0x8d, 0x6b, 0xb3, 0x8d, 0x6b, 0xa5, 0x00, 0x00, 0x00,
    0x8d, 0x6b, 0x33, 0x8d, 0x6b, 0x62, 0x8d, 0x6b, 0x91, 0x00, 0x00, 0x00, 0x8d, 0x6b, 0x12, 0x8d, 0x6b, 0x8e, 0x8d, 0x6b, 0x97, 0x8d, 0x6b, 0x2b,
    0x8d, 0x6b, 0x91, 0x00, 0x00, 0x00, 0x00, 0x00, 0x00, 0x8d, 0x6b, 0x2f, 0x8d, 0x6b, 0x87, 0x00, 0x00, 0x00, 0x8d, 0x6b, 0xbb, 0x8d, 0x6b, 0x01,
    0x8d, 0x6b, 0x97, 0x8d, 0x6b, 0x17, 0x8d, 0x6b, 0x83, 0x8d, 0x6b, 0x3b, 0x8d, 0x6b, 0x3a, 0x8d, 0x6b, 0x75, 0x8d, 0x6b, 0xa8, 0x00, 0x00, 0x00,
    0x8d, 0x6b, 0xa3, 0x8d, 0x6b, 0x14, 0x8d, 0x6b, 0xaf, 0x8d, 0x6b, 0x07, 0x00, 0x00, 0x00, 0x00, 0x00, 0x00, 0x00, 0x00, 0x00, 0x00, 0x00, 0x00,
    0x00, 0x00, 0x00, 0x00, 0x00, 0x00, 0x00, 0x00, 0x00, 0x8d, 0x6b, 0x3f, 0x8d, 0x6b, 0x77, 0x00, 0x00, 0x00, 0x00, 0x00, 0x00, 0x00, 0x00, 0x00,
    0x8d, 0x6b, 0xc7, 0x00, 0x00, 0x00, 0x00, 0x00, 0x00, 0x00, 0x00, 0x00, 0x8d, 0x6b, 0x01, 0x8d, 0x6b, 0xac, 0x8d, 0x6b, 0x5d, 0x8d, 0x6b, 0x40,
    0x8d, 0x6b, 0x85, 0x8d, 0x6b, 0x55, 0x8d, 0x6b, 0x9a, 0x8d, 0x6b, 0x22, 0x00, 0x00, 0x00, 0x00, 0x00, 0x00, 0x00, 0x00, 0x00, 0x8d, 0x6b, 0x2f,
    0x8d, 0x6b, 0x87, 0x00, 0x00, 0x00, 0x8d, 0x6b, 0xbd, 0x00, 0x00, 0x00, 0x8d, 0x6b, 0x97, 0x8d, 0x6b, 0x17, 0x8d, 0x6b, 0x83, 0x8d, 0x6b, 0x3b,
    0x00, 0x00, 0x00, 0x8d, 0x6b, 0x9c, 0x8d, 0x6b, 0x24, 0x8d, 0x6b, 0x1d, 0x8d, 0x6b, 0xec, 0x8d, 0x6b, 0xab, 0x8d, 0x6b, 0xe5, 0x8d, 0x6b, 0xae,
    0x8d, 0x6b, 0xab, 0x8d, 0x6b, 0x12, 0x00, 0x00, 0x00, 0x00, 0x00, 0x00, 0x00, 0x00, 0x00, 0x00, 0x00, 0x00, 0x00, 0x00, 0x00, 0x8d, 0x6b, 0x3f,
    0x8d, 0x6b, 0x77, 0x8d, 0x6b, 0x97, 0x8d, 0x6b, 0xb3, 0x8d, 0x6b, 0xb3, 0x8d, 0x6b, 0xef, 0x8d, 0x6b, 0xb3, 0x8d, 0x6b, 0xb3, 0x8d, 0x6b, 0x46,
    0x8d, 0x6b, 0x5e, 0x8d, 0x6b, 0xb7, 0x8d, 0x6b, 0x6b, 0x8d, 0x6b, 0x3d, 0x8d, 0x6b, 0xa8, 0x8d, 0x6b, 0xb5, 0x8d, 0x6b, 0xe0, 0x8d, 0x6b, 0xae,
    0x8d, 0x6b, 0xa7, 0x8d, 0x6b, 0x3e, 0x00, 0x00, 0x00, 0x8d, 0x6b, 0x2f, 0x8d, 0x6b, 0x87, 0x00, 0x00, 0x00, 0x8d, 0x6b, 0xbf, 0x00, 0x00, 0x00,
    0x8d, 0x6b, 0x97, 0x8d, 0x6b, 0x17, 0x8d, 0x6b, 0x83, 0x8d, 0x6b, 0x3b, 0x8d, 0x6b, 0x54, 0x8d, 0x6b, 0xeb, 0x8d, 0x6b, 0xb2, 0x8d, 0x6b, 0x42,
    0x8d, 0x6b, 0x2b, 0x8d, 0x6b, 0x0f, 0x8d, 0x6b, 0xaf, 0x8d, 0x6b, 0x0d, 0x8d, 0x6b, 0x1c, 0x00, 0x00, 0x00, 0x00, 0x00, 0x00, 0x00, 0x00, 0x00,
    0x00, 0x00, 0x00, 0x00, 0x00, 0x00, 0x00, 0x00, 0x00, 0x8d, 0x6b, 0x41, 0x8d, 0x6b, 0x77, 0x00, 0x00, 0x00, 0x00, 0x00, 0x00, 0x00, 0x00, 0x00,
    0x8d, 0x6b, 0xc7, 0x00, 0x00, 0x00, 0x00, 0x00, 0x00, 0x00, 0x00, 0x00, 0x00, 0x00, 0x00, 0x8d, 0x6b, 0x07, 0x8d, 0x6b, 0x5b, 0x8d, 0x6b, 0x5d,
    0x00, 0x00, 0x00, 0x8d, 0x6b, 0x39, 0x8d, 0x6b, 0x9c, 0x8d, 0x6b, 0x4d, 0x00, 0x00, 0x00, 0x00, 0x00, 0x00, 0x00, 0x00, 0x00, 0x8d, 0x6b, 0x2f,
    0x8d, 0x6b, 0xaa, 0x8d, 0x6b, 0x89, 0x8d, 0x6b, 0xc0, 0x00, 0x00, 0x00, 0x8d, 0x6b, 0x97, 0x8d, 0x6b, 0x17, 0x8d, 0x6b, 0x83, 0x8d, 0x6b, 0x3b,
    0x8d, 0x6b, 0x10, 0x8d, 0x6b, 0x06, 0x8d, 0x6b, 0x2b, 0x8d, 0x6b, 0x30, 0x8d, 0x6b, 0xaf, 0x8d, 0x6b, 0x19, 0x8d, 0x6b, 0xaf, 0x8d, 0x6b, 0x15,
    0x8d, 0x6b, 0xb6, 0x8d, 0x6b, 0x01, 0x00, 0x00, 0x00, 0x00, 0x00, 0x00, 0x00, 0x00, 0x00, 0x00, 0x00, 0x00, 0x8d, 0x6b, 0x15, 0x8d, 0x6b, 0xcc,
    0x8d, 0x6b, 0xc9, 0x8d, 0x6b, 0x3d, 0x00, 0x00, 0x00, 0x00, 0x00, 0x00, 0x8d, 0x6b, 0xbb, 0x00, 0x00, 0x00, 0x00, 0x00, 0x00, 0x00, 0x00, 0x00,
    0x8d, 0x6b, 0x57, 0x8d, 0x6b, 0xc9, 0x8d, 0x6b, 0x6e, 0x8d, 0x6b, 0x0d, 0x8d, 0x6b, 0x36, 0x8d, 0x6b, 0xcc, 0x8d, 0x6b, 0x19, 0x8d, 0x6b, 0x79,
    0x8d, 0x6b, 0x8b, 0x00, 0x00, 0x00, 0x00, 0x00, 0x00, 0x8d, 0x6b, 0x4b, 0x8d, 0x6b, 0xdf, 0x8d, 0x6b, 0x72, 0x8d, 0x6b, 0x8a, 0x00, 0x00, 0x00,
    0x8d, 0x6b, 0x5a, 0x8d, 0x6b, 0x0e, 0x8d, 0x6b, 0x83, 0x8d, 0x6b, 0x3b, 0x8d, 0x6b, 0x40, 0x8d, 0x6b, 0xb9, 0x8d, 0x6b, 0x8d, 0x8d, 0x6b, 0x70,
    0x8d, 0x6b, 0x80, 0x00, 0x00, 0x00, 0x8d, 0x6b, 0xaf, 0x8d, 0x6b, 0x07, 0x8d, 0x6b, 0x75, 0x8d, 0x6b, 0x50, 0x00, 0x00, 0x00, 0x00, 0x00, 0x00,
    0x00, 0x00, 0x00, 0x00, 0x00, 0x00, 0x8d, 0x6b, 0x7f, 0x8d, 0x6b, 0x4c, 0x8d, 0x6b, 0x18, 0x8d, 0x6b, 0x9b, 0x8d, 0x6b, 0xc3, 0x8d, 0x6b, 0xbd,
    0x8d, 0x6b, 0xbe, 0x8d, 0x6b, 0xc3, 0x8d, 0x6b, 0xce, 0x8d, 0x6b, 0x83, 0x8d, 0x6b, 0x14, 0x8d, 0x6b, 0x02, 0x00, 0x00, 0x00, 0x8d, 0x6b, 0x2d,
    0x8d, 0x6b, 0xc6, 0x8d, 0x6b, 0x27, 0x00, 0x00, 0x00, 0x00, 0x00, 0x00, 0x8d, 0x6b, 0x74, 0x8d, 0x6b, 0x53, 0x00, 0x00, 0x00, 0x8d, 0x6b, 0x5e,
    0x8d, 0x6b, 0x1e, 0x8d, 0x6b, 0x8e, 0x8d, 0x6b, 0x2a, 0x00, 0x00, 0x00, 0x00, 0x00, 0x00, 0x00, 0x00, 0x00, 0x8d, 0x6b, 0x77, 0x8d, 0x6b, 0x36,
    0x8d, 0x6b, 0x21, 0x8d, 0x6b, 0x0e, 0x00, 0x00, 0x00, 0x8d, 0x6b, 0x3f, 0x8d, 0x6b, 0x04, 0x8d, 0x6b, 0x99, 0x8d, 0x6b, 0xc8, 0x8d, 0x6b, 0x01,
    0x8d, 0x6b, 0x0d, 0x8d, 0x6b, 0x28, 0x00, 0x00, 0x00, 0x00, 0x00, 0x00, 0x00, 0x00, 0x00, 0x00, 0x00, 0x00, 0x8d, 0x6b, 0x03, 0x00, 0x00, 0x00,
    0x00, 0x00, 0x00, 0x00, 0x00, 0x00, 0x00, 0x00, 0x00, 0x00, 0x00, 0x00, 0x00, 0x00, 0x00, 0x00, 0x00, 0x00, 0x00, 0x00, 0x00, 0x00, 0x00, 0x00,
    0x00, 0x00, 0x00, 0x00, 0x00, 0x00, 0x00, 0x00, 0x00, 0x00, 0x00, 0x00, 0x8d, 0x6b, 0x01, 0x00, 0x00, 0x00, 0x00, 0x00, 0x00, 0x00, 0x00, 0x00,
    0x00, 0x00, 0x00, 0x8d, 0x6b, 0x01, 0x00, 0x00, 0x00, 0x00, 0x00, 0x00, 0x00, 0x00, 0x00, 0x00, 0x00, 0x00, 0x00, 0x00, 0x00, 0x00, 0x00, 0x00,
    0x00, 0x00, 0x00, 0x00, 0x00, 0x00, 0x00, 0x00, 0x00, 0x00, 0x00, 0x00, 0x00, 0x00, 0x00, 0x00, 0x00, 0x00, 0x00, 0x00, 0x00, 0x00, 0x00, 0x00,
    0x00, 0x00, 0x00, 0x00, 0x00, 0x00, 0x00, 0x00, 0x00, 0x00, 0x00, 0x00, 0x00, 0x00, 0x00, 0x00, 0x00, 0x00, 0x00, 0x00, 0x00, 0x00, 0x00, 0x00,
    0x00, 0x00, 0x00, 0x00, 0x00, 0x00, 0x00, 0x00, 0x00, 0x00, 0x00, 0x00, 0x00, 0x00, 0x00, 0x00, 0x00, 0x00, 0x00, 0x00, 0x00, 0x00, 0x00, 0x00,
    0x00, 0x00, 0x00, 0x00, 0x00, 0x00, 0x00, 0x00, 0x00, 0x00, 0x00, 0x00, 0x00, 0x00, 0x00, 0x00, 0x00, 0x00, 0x00, 0x00, 0x00, 0x00, 0x00, 0x00,
    0x00, 0x00, 0x00, 0x00, 0x00, 0x00, 0x00, 0x00, 0x00, 0x00, 0x00, 0x00, 0x00, 0x00, 0x00, 0x00, 0x00, 0x00, 0x00, 0x00, 0x00, 0x00, 0x00, 0x00,
    0x00, 0x00, 0x00, 0x00, 0x00, 0x00, 0x00, 0x00, 0x00, 0x00, 0x00, 0x00, 0x00, 0x00, 0x00, 0x00, 0x00, 0x00, 0x00, 0x00, 0x00, 0x00, 0x00, 0x00,
    0x00, 0x00, 0x00, 0x00, 0x00, 0x00, 0x00, 0x00, 0x00, 0x00, 0x00, 0x00, 0x00, 0x00, 0x00, 0x00, 0x00, 0x00, 0x00, 0x00, 0x00, 0x00, 0x00, 0x00,
    0x00, 0x00, 0x00, 0x00, 0x00, 0x00, 0x00, 0x00, 0x00, 0x00, 0x00, 0x00, 0x00, 0x00, 0x00, 0x00, 0x00, 0x00, 0x00, 0x00, 0x00, 0x00, 0x00, 0x00,
    0x00, 0x00, 0x00, 0x00, 0x00, 0x00, 0x00, 0x00, 0x00, 0x00, 0x00, 0x00, 0x00, 0x00, 0x00, 0x00, 0x00, 0x00, 0x00, 0x00, 0x00, 0x00, 0x00, 0x00,
    0x00, 0x00, 0x00, 0x00, 0x00, 0x00, 0x00, 0x00, 0x00, 0x00, 0x00, 0x00, 0x00, 0x00, 0x00, 0x00, 0x00, 0x00, 0x00, 0x00, 0x00, 0x00, 0x00, 0x00,
    0x00, 0x00, 0x00, 0x00, 0x00, 0x00, 0x00, 0x00, 0x00, 0x00, 0x00, 0x00, 0x00, 0x00, 0x00, 0x00, 0x00, 0x00, 0x00, 0x00, 0x00, 0x00, 0x00, 0x00,
    0x00, 0x00, 0x00, 0x00, 0x00, 0x00, 0x00, 0x00, 0x00, 0x00, 0x00, 0x00, 0x00, 0x00, 0x00, 0x00, 0x00, 0x00, 0x00, 0x00, 0x00, 0x00, 0x00, 0x00,
    0x00, 0x00, 0x00, 0x00, 0x00, 0x00, 0x00, 0x00, 0x00, 0x00, 0x00, 0x00, 0x00, 0x00, 0x00, 0x00, 0x00, 0x00, 0x00, 0x00, 0x00, 0x00, 0x00, 0x00,
};
const lv_img_dsc_t zh_continuous = {
    .header.always_zero = 0,
    .header.w = 44,
    .header.h = 16,
    .data_size = 2112,
    .header.cf = LV_IMG_CF_TRUE_COLOR_ALPHA,
    .data = zh_continuous_map,
};

#ifndef LV_ATTRIBUTE_IMG_ZH_DAY
#define LV_ATTRIBUTE_IMG_ZH_DAY
#endif
const LV_ATTRIBUTE_MEM_ALIGN LV_ATTRIBUTE_LARGE_CONST LV_ATTRIBUTE_IMG_ZH_DAY uint8_t zh_day_map[] = {
    0x00, 0x00, 0x00, 0x00, 0x00, 0x00, 0x00, 0x00, 0x00, 0x00, 0x00, 0x00, 0x00, 0x00, 0x00, 0x00, 0x00, 0x00, 0x00, 0x00, 0x00, 0x00, 0x00, 0x00,
    0x00, 0x00, 0x00, 0x00, 0x00, 0x00, 0x00, 0x00, 0x00, 0x00, 0x00, 0x00, 0x00, 0x00, 0x00, 0x00, 0x00, 0x00, 0x00, 0x00, 0x00, 0x00, 0x00, 0x00,
    0x00, 0x00, 0x00, 0x00, 0x00, 0x00, 0x00, 0x00, 0x00, 0x00, 0x00, 0x00, 0x00, 0x00, 0x00, 0x00, 0x00, 0x00, 0x00, 0x00, 0x00, 0x00, 0x00, 0x00,
    0x00, 0x00, 0x00, 0x00, 0x00, 0x00, 0x00, 0x00, 0x00, 0x00, 0x00, 0x00, 0x00, 0x00, 0x00, 0x00, 0x00, 0x00, 0x00, 0x00, 0x00, 0x00, 0x00, 0x00,
    0x00, 0x00, 0x00, 0x00, 0x00, 0x00, 0x00, 0x00, 0x00, 0x24, 0x21, 0xb5, 0x24, 0x21, 0xe7, 0x24, 0x21, 0xe7, 0x24, 0x21, 0xe7, 0x24, 0x21, 0xe7,
    0x24, 0x21, 0xe7, 0x24, 0x21, 0xe7, 0x24, 0x21, 0xe7, 0x24, 0x21, 0xe7, 0x24, 0x21, 0xa6, 0x00, 0x00, 0x00, 0x00, 0x00, 0x00, 0x00, 0x00, 0x00,
    0x00, 0x00, 0x00, 0x00, 0x00, 0x00, 0x00, 0x00, 0x00, 0x00, 0x00, 0x00, 0x00, 0x00, 0x00, 0x00, 0x00, 0x00, 0x00, 0x00, 0x00, 0x24, 0x21, 0x8f,
    0x24, 0x21, 0x63, 0x00, 0x00, 0x00, 0x00, 0x00, 0x00, 0x00, 0x00, 0x00, 0x00, 0x00, 0x00, 0x00, 0x00, 0x00, 0x00, 0x00, 0x00, 0x00, 0x00, 0x00,
    0x00, 0x00, 0x00, 0x00, 0x00, 0x00, 0x00, 0x00, 0x00, 0x00, 0x00, 0x00, 0x00, 0x00, 0x00, 0x00, 0x00, 0x00, 0x00, 0x00, 0x00, 0x24, 0x21, 0x91,
    0x24, 0x21, 0x62, 0x00, 0x00, 0x00, 0x00, 0x00, 0x00, 0x00, 0x00, 0x00, 0x00, 0x00, 0x00, 0x00, 0x00, 0x00, 0x00, 0x00, 0x00, 0x00, 0x00, 0x00,
    0x00, 0x00, 0x00, 0x00, 0x00, 0x00, 0x00, 0x00, 0x00, 0x00, 0x00, 0x00, 0x00, 0x00, 0x00, 0x00, 0x00, 0x00, 0x00, 0x00, 0x00, 0x24, 0x21, 0x9c,
    0x24, 0x21, 0x59, 0x00, 0x00, 0x00, 0x00, 0x00, 0x00, 0x00, 0x00, 0x00, 0x00, 0x00, 0x00, 0x00, 0x00, 0x00, 0x00, 0x00, 0x00, 0x00, 0x00, 0x00,
    0x00, 0x00, 0x00, 0x00, 0x00, 0x00, 0x24, 0x21, 0x32, 0x24, 0x21, 0xe7, 0x24, 0x21, 0xe7, 0x24, 0x21, 0xe7, 0x24, 0x21, 0xe7, 0x24, 0x21, 0xf7,
    0x24, 0x21, 0xef, 0x24, 0x21, 0xe7, 0x24, 0x21, 0xe7, 0x24, 0x21, 0xe7, 0x24, 0x21, 0xe7, 0x24, 0x21, 0x36, 0x00, 0x00, 0x00, 0x00, 0x00, 0x00,
    0x00, 0x00, 0x00, 0x00, 0x00, 0x00, 0x00, 0x00, 0x00, 0x00, 0x00, 0x00, 0x00, 0x00, 0x00, 0x00, 0x00, 0x00, 0x24, 0x21, 0x07, 0x24, 0x21, 0xed,
    0x24, 0x21, 0xd9, 0x24, 0x21, 0x02, 0x00, 0x00, 0x00, 0x00, 0x00, 0x00, 0x00, 0x00, 0x00, 0x00, 0x00, 0x00, 0x00, 0x00, 0x00, 0x00, 0x00, 0x00,
    0x00, 0x00, 0x00, 0x00, 0x00, 0x00, 0x00, 0x00, 0x00, 0x00, 0x00, 0x00, 0x00, 0x00, 0x00, 0x00, 0x00, 0x00, 0x24, 0x21, 0x60, 0x24, 0x21, 0xb1,
    0x24, 0x21, 0xa3, 0x24, 0x21, 0x55, 0x00, 0x00, 0x00, 0x00, 0x00, 0x00, 0x00, 0x00, 0x00, 0x00, 0x00, 0x00, 0x00, 0x00, 0x00, 0x00, 0x00, 0x00,
    0x00, 0x00, 0x00, 0x00, 0x00, 0x00, 0x00, 0x00, 0x00, 0x00, 0x00, 0x00, 0x00, 0x00, 0x00, 0x24, 0x21, 0x17, 0x24, 0x21, 0xe7, 0x24, 0x21, 0x36,
    0x24, 0x21, 0x28, 0x24, 0x21, 0xe0, 0x24, 0x21, 0x17, 0x00, 0x00, 0x00, 0x00, 0x00, 0x00, 0x00, 0x00, 0x00, 0x00, 0x00, 0x00, 0x00, 0x00, 0x00,
    0x00, 0x00, 0x00, 0x00, 0x00, 0x00, 0x00, 0x00, 0x00, 0x00, 0x00, 0x00, 0x24, 0x21, 0x1d, 0x24, 0x21, 0xd8, 0x24, 0x21, 0x79, 0x00, 0x00, 0x00,
    0x00, 0x00, 0x00, 0x24, 0x21, 0x6a, 0x24, 0x21, 0xcc, 0x24, 0x21, 0x1b, 0x00, 0x00, 0x00, 0x00, 0x00, 0x00, 0x00, 0x00, 0x00, 0x00, 0x00, 0x00,
    0x00, 0x00, 0x00, 0x00, 0x00, 0x00, 0x24, 0x21, 0x04, 0x24, 0x21, 0x6c, 0x24, 0x21, 0xe9, 0x24, 0x21, 0x6f, 0x00, 0x00, 0x00, 0x00, 0x00, 0x00,
    0x00, 0x00, 0x00, 0x00, 0x00, 0x00, 0x24, 0x21, 0x73, 0x24, 0x21, 0xe5, 0x24, 0x21, 0x68, 0x24, 0x21, 0x09, 0x00, 0x00, 0x00, 0x00, 0x00, 0x00,
    0x00, 0x00, 0x00, 0x00, 0x00, 0x00, 0x24, 0x21, 0x3a, 0x24, 0x21, 0xb5, 0x24, 0x21, 0x2a, 0x00, 0x00, 0x00, 0x00, 0x00, 0x00, 0x00, 0x00, 0x00,
    0x00, 0x00, 0x00, 0x00, 0x00, 0x00, 0x00, 0x00, 0x00, 0x24, 0x21, 0x38, 0x24, 0x21, 0xb8, 0x24, 0x21, 0x47, 0x00, 0x00, 0x00, 0x00, 0x00, 0x00,
    0x00, 0x00, 0x00, 0x00, 0x00, 0x00, 0x00, 0x00, 0x00, 0x00, 0x00, 0x00, 0x00, 0x00, 0x00, 0x00, 0x00, 0x00, 0x00, 0x00, 0x00, 0x00, 0x00, 0x00,
    0x00, 0x00, 0x00, 0x00, 0x00, 0x00, 0x00, 0x00, 0x00, 0x00, 0x00, 0x00, 0x00, 0x00, 0x00, 0x00, 0x00, 0x00, 0x00, 0x00, 0x00, 0x00, 0x00, 0x00,
    0x00, 0x00, 0x00, 0x00, 0x00, 0x00, 0x00, 0x00, 0x00, 0x00, 0x00, 0x00, 0x00, 0x00, 0x00, 0x00, 0x00, 0x00, 0x00, 0x00, 0x00, 0x00, 0x00, 0x00,
    0x00, 0x00, 0x00, 0x00, 0x00, 0x00, 0x00, 0x00, 0x00, 0x00, 0x00, 0x00, 0x00, 0x00, 0x00, 0x00, 0x00, 0x00, 0x00, 0x00, 0x00, 0x00, 0x00, 0x00,
};
const lv_img_dsc_t zh_day = {
    .header.always_zero = 0,
    .header.w = 16,
    .header.h = 15,
    .data_size = 720,
    .header.cf = LV_IMG_CF_TRUE_COLOR_ALPHA,
    .data = zh_day_map,
};

#ifndef LV_ATTRIBUTE_IMG_ZH_DEVICE_READY
#define LV_ATTRIBUTE_IMG_ZH_DEVICE_READY
#endif
const LV_ATTRIBUTE_MEM_ALIGN LV_ATTRIBUTE_LARGE_CONST LV_ATTRIBUTE_IMG_ZH_DEVICE_READY uint8_t zh_device_ready_map[] = {
    0x00, 0x00, 0x00, 0x00, 0x00, 0x00, 0x00, 0x00, 0x00, 0x00, 0x00, 0x00, 0x00, 0x00, 0x00, 0x00, 0x00, 0x00, 0x00, 0x00, 0x00, 0x00, 0x00, 0x00,
    0x00, 0x00, 0x00, 0x00, 0x00, 0x00, 0x00, 0x00, 0x00, 0x00, 0x00, 0x00, 0x00, 0x00, 0x00, 0x00, 0x00, 0x00, 0x00, 0x00, 0x00, 0x00, 0x00, 0x00,
    0x00, 0x00, 0x00, 0x00, 0x00, 0x00, 0x00, 0x00, 0x00, 0x00, 0x00, 0x00, 0x00, 0x00, 0x00, 0x00, 0x00, 0x00, 0x00, 0x00, 0x00, 0x00, 0x00, 0x00,
    0x00, 0x00, 0x00, 0x00, 0x00, 0x00, 0x00, 0x00, 0x00, 0x00, 0x00, 0x00, 0x00, 0x00, 0x00, 0x00, 0x00, 0x00, 0x00, 0x00, 0x00, 0x00, 0x00, 0x00,
    0x00, 0x00, 0x00, 0x00, 0x00, 0x00, 0x00, 0x00, 0x00, 0x00, 0x00, 0x00, 0x00, 0x00, 0x00, 0x00, 0x00, 0x00, 0x00, 0x00, 0x00, 0x00, 0x00, 0x00,
    0x00, 0x00, 0x00, 0x00, 0x00, 0x00, 0x00, 0x00, 0x00, 0x00, 0x00, 0x00, 0x00, 0x00, 0x00, 0x00, 0x00, 0x00, 0x00, 0x00, 0x00, 0x00, 0x00, 0x00,
    0x00, 0x00, 0x00, 0x00, 0x00, 0x00, 0x00, 0x00, 0x00, 0x00, 0x00, 0x00, 0x00, 0x00, 0x00, 0x00, 0x00, 0x00, 0x00, 0x00, 0x00, 0x00, 0x00, 0x00,
    0x00, 0x00, 0x00, 0x00, 0x00, 0x00, 0x00, 0x00, 0x00, 0x00, 0x00, 0x00, 0x00, 0x00, 0x00, 0x00, 0x00, 0x00, 0x00, 0x00, 0x00, 0x00, 0x00, 0x00,
    0x00, 0x00, 0x00, 0x00, 0x00, 0x00, 0x00, 0x00, 0x00, 0x00, 0x00, 0x00, 0x00, 0x00, 0x00, 0x00, 0x00, 0x00, 0x00, 0x00, 0x00, 0x00, 0x00, 0x00,
    0x00, 0x00, 0x00, 0x00, 0x00, 0x00, 0x00, 0x00, 0x00, 0x00, 0x00, 0x00, 0x00, 0x00, 0x00, 0x00, 0x00, 0x00, 0x00, 0x00, 0x00, 0x00, 0x00, 0x00,
    0x00, 0x00, 0x00, 0x00, 0x00, 0x00, 0x00, 0x00, 0x00, 0x00, 0x00, 0x00, 0x00, 0x00, 0x00, 0x00, 0x00, 0x00, 0x00, 0x00, 0x00, 0x00, 0x00, 0x00,
    0x00, 0x00, 0x00, 0x00, 0x00, 0x00, 0x00, 0x00, 0x00, 0x00, 0x00, 0x00, 0x00, 0x00, 0x00, 0x00, 0x00, 0x00, 0x00, 0x00, 0x00, 0x00, 0x00, 0x00,
    0x00, 0x00, 0x00, 0x00, 0x00, 0x00, 0x00, 0x00, 0x00, 0x00, 0x00, 0x00, 0x00, 0x00, 0x00, 0x00, 0x00, 0x00, 0x00, 0x00, 0x00, 0x00, 0x00, 0x00,
    0x00, 0x00, 0x00, 0x00, 0x00, 0x00, 0x00, 0x00, 0x00, 0x00, 0x00, 0x00, 0x00, 0x00, 0x00, 0x00, 0x00, 0x00, 0x00, 0x00, 0x00, 0x00, 0x00, 0x00,
    0x00, 0x00, 0x00, 0x00, 0x00, 0x00, 0x00, 0x00, 0x00, 0x00, 0x00, 0x00, 0x00, 0x00, 0x00, 0x00, 0x00, 0x00, 0x00, 0x00, 0x00, 0x00, 0x00, 0x00,
    0x00, 0x00, 0x00, 0x00, 0x00, 0x00, 0x00, 0x00, 0x00, 0x00, 0x00, 0x00, 0x00, 0x00, 0x00, 0x00, 0x00, 0x00, 0x00, 0x00, 0x00, 0x00, 0x00, 0x00,
    0x00, 0x00, 0x00, 0x00, 0x00, 0x00, 0x00, 0x00, 0x00, 0x00, 0x00, 0x00, 0x00, 0x00, 0x00, 0x00, 0x00, 0x00, 0x00, 0x00, 0x00, 0x00, 0x00, 0x00,
    0x00, 0x00, 0x00, 0x00, 0x00, 0x00, 0x00, 0x00, 0x00, 0x00, 0x00, 0x00, 0x24, 0x21, 0x01, 0x24, 0x21, 0x0e, 0x00, 0x00, 0x00, 0x00, 0x00, 0x00,
    0x00, 0x00, 0x00, 0x00, 0x00, 0x00, 0x00, 0x00, 0x00, 0x00, 0x00, 0x00, 0x00, 0x00, 0x00, 0x00, 0x00, 0x00, 0x00, 0x00, 0x00, 0x00, 0x00, 0x00,
    0x00, 0x00, 0x00, 0x00, 0x00, 0x00, 0x24, 0x21, 0x05, 0x00, 0x00, 0x00, 0x00, 0x00, 0x00, 0x00, 0x00, 0x00, 0x00, 0x00, 0x00, 0x24, 0x21, 0x06,
    0x00, 0x00, 0x00, 0x00, 0x00, 0x00, 0x00, 0x00, 0x00, 0x00, 0x00, 0x00, 0x00, 0x00, 0x00, 0x00, 0x00, 0x00, 0x24, 0x21, 0x01, 0x00, 0x00, 0x00,
    0x00, 0x00, 0x00, 0x00, 0x00, 0x00, 0x00, 0x00, 0x00, 0x00, 0x00, 0x00, 0x24, 0x21, 0x07, 0x24, 0x21, 0x04, 0x00, 0x00, 0x00, 0x00, 0x00, 0x00,
    0x00, 0x00, 0x00, 0x00, 0x00, 0x00, 0x00, 0x00, 0x00, 0x00, 0x00, 0x00, 0x00, 0x00, 0x00, 0x00, 0x00, 0x00, 0x00, 0x00, 0x00, 0x24, 0x21, 0x13,
    0x24, 0x21, 0x9c, 0x24, 0x21, 0x14, 0x00, 0x00, 0x00, 0x00, 0x00, 0x00, 0x24, 0x21, 0x3d, 0x24, 0x21, 0x8b, 0x24, 0x21, 0x8b, 0x24, 0x21, 0x8b,
    0x24, 0x21, 0x8b, 0x24, 0x21, 0x53, 0x00, 0x00, 0x00, 0x00, 0x00, 0x00, 0x00, 0x00, 0x00, 0x00, 0x00, 0x00, 0x00, 0x00, 0x00, 0x00, 0x00, 0x00,
    0x24, 0x21, 0x8f, 0x24, 0x21, 0xfe, 0x24, 0x21, 0x7b, 0x00, 0x00, 0x00, 0x00, 0x00, 0x00, 0x00, 0x00, 0x00, 0x24, 0x21, 0x04, 0x00, 0x00, 0x00,
    0x00, 0x00, 0x00, 0x00, 0x00, 0x00, 0x00, 0x00, 0x00, 0x00, 0x00, 0x00, 0x24, 0x21, 0x12, 0x24, 0x21, 0xe9, 0x24, 0x21, 0x8e, 0x00, 0x00, 0x00,
    0x00, 0x00, 0x00, 0x00, 0x00, 0x00, 0x00, 0x00, 0x00, 0x24, 0x21, 0xf6, 0x24, 0x21, 0x99, 0x24, 0x21, 0x4b, 0x24, 0x21, 0x03, 0x00, 0x00, 0x00,
    0x00, 0x00, 0x00, 0x00, 0x00, 0x00, 0x24, 0x21, 0x59, 0x24, 0x21, 0xbc, 0x24, 0x21, 0x1c, 0x00, 0x00, 0x00, 0x00, 0x00, 0x00, 0x24, 0x21, 0x07,
    0x24, 0x21, 0xff, 0x24, 0x21, 0x8b, 0x00, 0x00, 0x00, 0x24, 0x21, 0x0f, 0x24, 0x21, 0x20, 0x00, 0x00, 0x00, 0x00, 0x00, 0x00, 0x00, 0x00, 0x00,
    0x00, 0x00, 0x00, 0x00, 0x00, 0x00, 0x00, 0x00, 0x00, 0x24, 0x21, 0x46, 0x24, 0x21, 0xf8, 0x24, 0x21, 0xd9, 0x24, 0x21, 0x19, 0x00, 0x00, 0x00,
    0x24, 0x21, 0x70, 0x24, 0x21, 0xff, 0x24, 0x21, 0xff, 0x24, 0x21, 0xff, 0x24, 0x21, 0xff, 0x24, 0x21, 0x97, 0x00, 0x00, 0x00, 0x00, 0x00, 0x00,
    0x00, 0x00, 0x00, 0x00, 0x00, 0x00, 0x24, 0x21, 0x01, 0x24, 0x21, 0x83, 0x24, 0x21, 0xff, 0x24, 0x21, 0xff, 0x24, 0x21, 0xff, 0x24, 0x21, 0xff,
    0x24, 0x21, 0xff, 0x24, 0x21, 0xff, 0x24, 0x21, 0xfa, 0x24, 0x21, 0x60, 0x00, 0x00, 0x00, 0x00, 0x00, 0x00, 0x24, 0x21, 0x29, 0x24, 0x21, 0x73,
    0x24, 0x21, 0x73, 0x24, 0x21, 0xea, 0x24, 0x21, 0xec, 0x24, 0x21, 0x73, 0x24, 0x21, 0x73, 0x24, 0x21, 0x07, 0x00, 0x00, 0x00, 0x24, 0x21, 0xfa,
    0x24, 0x21, 0xae, 0x24, 0x21, 0xf4, 0x24, 0x21, 0x80, 0x00, 0x00, 0x00, 0x00, 0x00, 0x00, 0x00, 0x00, 0x00, 0x24, 0x21, 0xb9, 0x24, 0x21, 0xe5,
    0x24, 0x21, 0x08, 0x24, 0x21, 0x05, 0x24, 0x21, 0x73, 0x24, 0x21, 0x78, 0x24, 0x21, 0xff, 0x24, 0x21, 0xc0, 0x24, 0x21, 0x73, 0x24, 0x21, 0x95,
    0x24, 0x21, 0xff, 0x24, 0x21, 0x2e, 0x00, 0x00, 0x00, 0x00, 0x00, 0x00, 0x00, 0x00, 0x00, 0x00, 0x00, 0x00, 0x00, 0x00, 0x00, 0x00, 0x00, 0x00,
    0x24, 0x21, 0x45, 0x24, 0x21, 0xf9, 0x24, 0x21, 0x6f, 0x00, 0x00, 0x00, 0x24, 0x21, 0x8d, 0x24, 0x21, 0xff, 0x24, 0x21, 0x13, 0x00, 0x00, 0x00,
    0x24, 0x21, 0xff, 0x24, 0x21, 0x97, 0x00, 0x00, 0x00, 0x00, 0x00, 0x00, 0x00, 0x00, 0x00, 0x24, 0x21, 0x28, 0x24, 0x21, 0xbb, 0x24, 0x21, 0xff,
    0x24, 0x21, 0xf7, 0x24, 0x21, 0x86, 0x24, 0x21, 0x73, 0x24, 0x21, 0x73, 0x24, 0x21, 0xac, 0x24, 0x21, 0xff, 0x24, 0x21, 0xed, 0x24, 0x21, 0x1b,
    0x00, 0x00, 0x00, 0x00, 0x00, 0x00, 0x24, 0x21, 0x5b, 0x24, 0x21, 0xff, 0x24, 0x21, 0xff, 0x24, 0x21, 0xff, 0x24, 0x21, 0xff, 0x24, 0x21, 0xff,
    0x24, 0x21, 0xff, 0x24, 0x21, 0x0f, 0x00, 0x00, 0x00, 0x24, 0x21, 0xfe, 0x24, 0x21, 0x8f, 0x24, 0x21, 0x72, 0x24, 0x21, 0xf8, 0x24, 0x21, 0x16,
    0x00, 0x00, 0x00, 0x24, 0x21, 0x20, 0x24, 0x21, 0xfd, 0x24, 0x21, 0x6a, 0x00, 0x00, 0x00, 0x24, 0x21, 0x0b, 0x24, 0x21, 0xff, 0x24, 0x21, 0xff,
    0x24, 0x21, 0xff, 0x24, 0x21, 0xff, 0x24, 0x21, 0xff, 0x24, 0x21, 0xfe, 0x24, 0x21, 0xb2, 0x00, 0x00, 0x00, 0x00, 0x00, 0x00, 0x00, 0x00, 0x00,
    0x00, 0x00, 0x00, 0x00, 0x00, 0x00, 0x00, 0x00, 0x00, 0x00, 0x00, 0x00, 0x00, 0x00, 0x00, 0x24, 0x21, 0x29, 0x00, 0x00, 0x00, 0x24, 0x21, 0x07,
    0x24, 0x21, 0xd5, 0x24, 0x21, 0xe3, 0x24, 0x21, 0x01, 0x00, 0x00, 0x00, 0x24, 0x21, 0xfa, 0x24, 0x21, 0x9e, 0x24, 0x21, 0x02, 0x24, 0x21, 0x04,
    0x24, 0x21, 0x08, 0x24, 0x21, 0xe2, 0x24, 0x21, 0xff, 0x24, 0x21, 0xd0, 0x24, 0x21, 0xff, 0x24, 0x21, 0xe5, 0x24, 0x21, 0x46, 0x24, 0x21, 0x6f,
    0x24, 0x21, 0xfa, 0x24, 0x21, 0xf5, 0x24, 0x21, 0x44, 0x00, 0x00, 0x00, 0x00, 0x00, 0x00, 0x00, 0x00, 0x00, 0x00, 0x00, 0x00, 0x00, 0x00, 0x00,
    0x00, 0x00, 0x00, 0x00, 0x00, 0x00, 0x00, 0x00, 0x00, 0x00, 0x00, 0x00, 0x00, 0x00, 0x00, 0x00, 0x00, 0x00, 0x24, 0x21, 0x02, 0x24, 0x21, 0xff,
    0x24, 0x21, 0x8a, 0x24, 0x21, 0x08, 0x24, 0x21, 0x49, 0x00, 0x00, 0x00, 0x00, 0x00, 0x00, 0x24, 0x21, 0x9a, 0x24, 0x21, 0xe1, 0x24, 0x21, 0x08,
    0x24, 0x21, 0xb3, 0x24, 0x21, 0x30, 0x00, 0x00, 0x00, 0x24, 0x21, 0x07, 0x24, 0x21, 0xff, 0x24, 0x21, 0x8c, 0x24, 0x21, 0xac, 0x24, 0x21, 0xfd,
    0x24, 0x21, 0x2c, 0x00, 0x00, 0x00, 0x00, 0x00, 0x00, 0x00, 0x00, 0x00, 0x00, 0x00, 0x00, 0x00, 0x00, 0x00, 0x24, 0x21, 0x50, 0x24, 0x21, 0x9b,
    0x24, 0x21, 0x9b, 0x24, 0x21, 0x79, 0x24, 0x21, 0x1e, 0x24, 0x21, 0xc4, 0x24, 0x21, 0xff, 0x24, 0x21, 0x6d, 0x00, 0x00, 0x00, 0x00, 0x00, 0x00,
    0x24, 0x21, 0xca, 0x24, 0x21, 0xff, 0x24, 0x21, 0xff, 0x24, 0x21, 0x5e, 0x00, 0x00, 0x00, 0x24, 0x21, 0x3d, 0x24, 0x21, 0x55, 0x00, 0x00, 0x00,
    0x24, 0x21, 0x75, 0x24, 0x21, 0xff, 0x24, 0x21, 0xff, 0x24, 0x21, 0xff, 0x24, 0x21, 0xfc, 0x24, 0x21, 0x46, 0x00, 0x00, 0x00, 0x00, 0x00, 0x00,
    0x00, 0x00, 0x00, 0x00, 0x00, 0x00, 0x00, 0x00, 0x00, 0x24, 0x21, 0xc3, 0x24, 0x21, 0xff, 0x24, 0x21, 0xff, 0x24, 0x21, 0xff, 0x24, 0x21, 0xff,
    0x24, 0x21, 0x93, 0x24, 0x21, 0xc3, 0x24, 0x21, 0xff, 0x24, 0x21, 0xff, 0x24, 0x21, 0xff, 0x24, 0x21, 0xff, 0x24, 0x21, 0xff, 0x24, 0x21, 0x7f,
    0x24, 0x21, 0x48, 0x24, 0x21, 0xfd, 0x24, 0x21, 0xa1, 0x24, 0x21, 0x83, 0x24, 0x21, 0xff, 0x24, 0x21, 0xc0, 0x24, 0x21, 0x7b, 0x24, 0x21, 0x80,
    0x24, 0x21, 0xff, 0x24, 0x21, 0xdb, 0x24, 0x21, 0xff, 0x24, 0x21, 0xe0, 0x24, 0x21, 0x7b, 0x24, 0x21, 0x47, 0x00, 0x00, 0x00, 0x00, 0x00, 0x00,
    0x00, 0x00, 0x00, 0x00, 0x00, 0x00, 0x24, 0x21, 0x83, 0x24, 0x21, 0xff, 0x24, 0x21, 0xff, 0x24, 0x21, 0xc7, 0x24, 0x21, 0x04, 0x24, 0x21, 0xad,
    0x24, 0x21, 0x75, 0x00, 0x00, 0x00, 0x00, 0x00, 0x00, 0x00, 0x00, 0x00, 0x24, 0x21, 0x20, 0x24, 0x21, 0x64, 0x24, 0x21, 0x69, 0x24, 0x21, 0x26,
    0x24, 0x21, 0x0a, 0x24, 0x21, 0x34, 0x24, 0x21, 0x64, 0x24, 0x21, 0xa9, 0x24, 0x21, 0xf1, 0x24, 0x21, 0xff, 0x24, 0x21, 0xff, 0x24, 0x21, 0xff,
    0x24, 0x21, 0xff, 0x24, 0x21, 0xfa, 0x24, 0x21, 0xc1, 0x24, 0x21, 0x85, 0x24, 0x21, 0x5d, 0x24, 0x21, 0x2d, 0x00, 0x00, 0x00, 0x24, 0x21, 0xc3,
    0x24, 0x21, 0xca, 0x24, 0x21, 0x53, 0x24, 0x21, 0x53, 0x24, 0x21, 0xf7, 0x24, 0x21, 0x93, 0x24, 0x21, 0x61, 0x24, 0x21, 0x92, 0x24, 0x21, 0xff,
    0x24, 0x21, 0xb1, 0x24, 0x21, 0x7f, 0x24, 0x21, 0x7f, 0x24, 0x21, 0x3f, 0x24, 0x21, 0x7b, 0x24, 0x21, 0xff, 0x24, 0x21, 0xff, 0x24, 0x21, 0xff,
    0x24, 0x21, 0xe6, 0x24, 0x21, 0xc4, 0x24, 0x21, 0xff, 0x24, 0x21, 0xff, 0x24, 0x21, 0xff, 0x24, 0x21, 0xff, 0x24, 0x21, 0xff, 0x24, 0x21, 0xff,
    0x24, 0x21, 0xff, 0x24, 0x21, 0x93, 0x00, 0x00, 0x00, 0x00, 0x00, 0x00, 0x00, 0x00, 0x00, 0x00, 0x00, 0x00, 0x00, 0x00, 0x00, 0x00, 0x00, 0x00,
    0x24, 0x21, 0xd7, 0x24, 0x21, 0xc7, 0x00, 0x00, 0x00, 0x24, 0x21, 0x5e, 0x24, 0x21, 0x8b, 0x24, 0x21, 0x8b, 0x24, 0x21, 0x8b, 0x24, 0x21, 0x8b,
    0x24, 0x21, 0x8b, 0x24, 0x21, 0x94, 0x24, 0x21, 0x4e, 0x00, 0x00, 0x00, 0x24, 0x21, 0x92, 0x24, 0x21, 0xff, 0x24, 0x21, 0xff, 0x24, 0x21, 0xff,
    0x24, 0x21, 0xf3, 0x24, 0x21, 0x98, 0x24, 0x21, 0x2d, 0x24, 0x21, 0x30, 0x24, 0x21, 0x90, 0x24, 0x21, 0xeb, 0x24, 0x21, 0xff, 0x24, 0x21, 0xff,
    0x24, 0x21, 0xff, 0x24, 0x21, 0x6a, 0x00, 0x00, 0x00, 0x24, 0x21, 0xc3, 0x24, 0x21, 0xc6, 0x24, 0x21, 0x47, 0x24, 0x21, 0x47, 0x24, 0x21, 0xf7,
    0x24, 0x21, 0x93, 0x00, 0x00, 0x00, 0x24, 0x21, 0x3d, 0x24, 0x21, 0xff, 0x24, 0x21, 0xd4, 0x24, 0x21, 0x51, 0x00, 0x00, 0x00, 0x00, 0x00, 0x00,
    0x24, 0x21, 0x16, 0x24, 0x21, 0x2e, 0x24, 0x21, 0xb1, 0x24, 0x21, 0xfc, 0x24, 0x21, 0x49, 0x00, 0x00, 0x00, 0x24, 0x21, 0x14, 0x24, 0x21, 0x9d,
    0x24, 0x21, 0xfe, 0x24, 0x21, 0xc9, 0x24, 0x21, 0x12, 0x00, 0x00, 0x00, 0x00, 0x00, 0x00, 0x00, 0x00, 0x00, 0x00, 0x00, 0x00, 0x00, 0x00, 0x00,
    0x00, 0x00, 0x00, 0x00, 0x00, 0x00, 0x00, 0x00, 0x00, 0x00, 0x00, 0x00, 0x24, 0x21, 0xd7, 0x24, 0x21, 0xc7, 0x00, 0x00, 0x00, 0x24, 0x21, 0xab,
    0x24, 0x21, 0xff, 0x24, 0x21, 0xff, 0x24, 0x21, 0xff, 0x24, 0x21, 0xff, 0x24, 0x21, 0xff, 0x24, 0x21, 0xff, 0x24, 0x21, 0x8b, 0x00, 0x00, 0x00,
    0x24, 0x21, 0x2a, 0x24, 0x21, 0xb8, 0x24, 0x21, 0xee, 0x24, 0x21, 0xb2, 0x24, 0x21, 0x76, 0x24, 0x21, 0x6f, 0x24, 0x21, 0x6f, 0x24, 0x21, 0x6f,
    0x24, 0x21, 0x6f, 0x24, 0x21, 0x73, 0x24, 0x21, 0x9d, 0x24, 0x21, 0xb7, 0x24, 0x21, 0x89, 0x24, 0x21, 0x04, 0x00, 0x00, 0x00, 0x24, 0x21, 0xc3,
    0x24, 0x21, 0xff, 0x24, 0x21, 0xff, 0x24, 0x21, 0xff, 0x24, 0x21, 0xff, 0x24, 0x21, 0x93, 0x00, 0x00, 0x00, 0x24, 0x21, 0x5f, 0x24, 0x21, 0xff,
    0x24, 0x21, 0xff, 0x24, 0x21, 0x6f, 0x00, 0x00, 0x00, 0x00, 0x00, 0x00, 0x00, 0x00, 0x00, 0x24, 0x21, 0x75, 0x24, 0x21, 0xff, 0x24, 0x21, 0xab,
    0x24, 0x21, 0x7e, 0x24, 0x21, 0x64, 0x24, 0x21, 0xed, 0x24, 0x21, 0xff, 0x24, 0x21, 0xff, 0x24, 0x21, 0xff, 0x24, 0x21, 0xff, 0x24, 0x21, 0xff,
    0x24, 0x21, 0xe3, 0x00, 0x00, 0x00, 0x00, 0x00, 0x00, 0x00, 0x00, 0x00, 0x00, 0x00, 0x00, 0x00, 0x00, 0x00, 0x00, 0x00, 0x00, 0x00, 0x00, 0x00,
    0x24, 0x21, 0xd7, 0x24, 0x21, 0xc7, 0x00, 0x00, 0x00, 0x24, 0x21, 0x0d, 0x24, 0x21, 0xeb, 0x24, 0x21, 0xad, 0x00, 0x00, 0x00, 0x00, 0x00, 0x00,
    0x24, 0x21, 0xae, 0x24, 0x21, 0xfe, 0x24, 0x21, 0x24, 0x00, 0x00, 0x00, 0x00, 0x00, 0x00, 0x00, 0x00, 0x00, 0x24, 0x21, 0xef, 0x24, 0x21, 0xff,
    0x24, 0x21, 0xff, 0x24, 0x21, 0xff, 0x24, 0x21, 0xff, 0x24, 0x21, 0xff, 0x24, 0x21, 0xff, 0x24, 0x21, 0xff, 0x24, 0x21, 0xff, 0x24, 0x21, 0xc3,
    0x00, 0x00, 0x00, 0x00, 0x00, 0x00, 0x00, 0x00, 0x00, 0x24, 0x21, 0x43, 0x24, 0x21, 0x54, 0x24, 0x21, 0xbf, 0x24, 0x21, 0xc0, 0x24, 0x21, 0x6e,
    0x24, 0x21, 0x34, 0x00, 0x00, 0x00, 0x24, 0x21, 0x9a, 0x24, 0x21, 0xf9, 0x24, 0x21, 0xff, 0x24, 0x21, 0x6f, 0x00, 0x00, 0x00, 0x00, 0x00, 0x00,
    0x24, 0x21, 0x5f, 0x24, 0x21, 0xff, 0x24, 0x21, 0xff, 0x24, 0x21, 0xff, 0x24, 0x21, 0xee, 0x24, 0x21, 0xd4, 0x24, 0x21, 0xfd, 0x24, 0x21, 0xff,
    0x24, 0x21, 0x9b, 0x24, 0x21, 0x5f, 0x24, 0x21, 0x5f, 0x24, 0x21, 0xd7, 0x24, 0x21, 0xe3, 0x00, 0x00, 0x00, 0x00, 0x00, 0x00, 0x00, 0x00, 0x00,
    0x00, 0x00, 0x00, 0x00, 0x00, 0x00, 0x00, 0x00, 0x00, 0x00, 0x00, 0x00, 0x24, 0x21, 0xd7, 0x24, 0x21, 0xc7, 0x24, 0x21, 0x77, 0x24, 0x21, 0x22,
    0x24, 0x21, 0x69, 0x24, 0x21, 0xff, 0x24, 0x21, 0x75, 0x24, 0x21, 0x6c, 0x24, 0x21, 0xff, 0x24, 0x21, 0xa2, 0x00, 0x00, 0x00, 0x00, 0x00, 0x00,
    0x00, 0x00, 0x00, 0x00, 0x00, 0x00, 0x24, 0x21, 0xef, 0x24, 0x21, 0xde, 0x24, 0x21, 0x4b, 0x24, 0x21, 0x4b, 0x24, 0x21, 0xf1, 0x24, 0x21, 0xde,
    0x24, 0x21, 0x4b, 0x24, 0x21, 0x5a, 0x24, 0x21, 0xff, 0x24, 0x21, 0xc3, 0x00, 0x00, 0x00, 0x00, 0x00, 0x00, 0x00, 0x00, 0x00, 0x24, 0x21, 0xb0,
    0x24, 0x21, 0xbb, 0x24, 0x21, 0xbf, 0x24, 0x21, 0xbf, 0x24, 0x21, 0xc0, 0x24, 0x21, 0xad, 0x00, 0x00, 0x00, 0x24, 0x21, 0xdd, 0x24, 0x21, 0xb5,
    0x24, 0x21, 0xff, 0x24, 0x21, 0x6f, 0x00, 0x00, 0x00, 0x00, 0x00, 0x00, 0x24, 0x21, 0x3a, 0x24, 0x21, 0xc6, 0x24, 0x21, 0x7b, 0x24, 0x21, 0x3c,
    0x24, 0x21, 0x08, 0x24, 0x21, 0x2a, 0x24, 0x21, 0x4f, 0x24, 0x21, 0xff, 0x24, 0x21, 0x8a, 0x24, 0x21, 0x43, 0x24, 0x21, 0x43, 0x24, 0x21, 0xd0,
    0x24, 0x21, 0xe3, 0x00, 0x00, 0x00, 0x00, 0x00, 0x00, 0x00, 0x00, 0x00, 0x00, 0x00, 0x00, 0x00, 0x00, 0x00, 0x00, 0x00, 0x00, 0x00, 0x00, 0x00,
    0x24, 0x21, 0xd9, 0x24, 0x21, 0xfa, 0x24, 0x21, 0xff, 0x24, 0x21, 0x70, 0x24, 0x21, 0x01, 0x24, 0x21, 0xc0, 0x24, 0x21, 0xfc, 0x24, 0x21, 0xf9,
    0x24, 0x21, 0xd9, 0x24, 0x21, 0x0c, 0x00, 0x00, 0x00, 0x00, 0x00, 0x00, 0x00, 0x00, 0x00, 0x00, 0x00, 0x00, 0x24, 0x21, 0xef, 0x24, 0x21, 0xff,
    0x24, 0x21, 0xff, 0x24, 0x21, 0xff, 0x24, 0x21, 0xff, 0x24, 0x21, 0xff, 0x24, 0x21, 0xff, 0x24, 0x21, 0xff, 0x24, 0x21, 0xff, 0x24, 0x21, 0xc3,
    0x00, 0x00, 0x00, 0x00, 0x00, 0x00, 0x24, 0x21, 0x0a, 0x24, 0x21, 0xef, 0x24, 0x21, 0x77, 0x24, 0x21, 0xbf, 0x24, 0x21, 0xbf, 0x24, 0x21, 0x5f,
    0x24, 0x21, 0xf9, 0x24, 0x21, 0x55, 0x24, 0x21, 0xff, 0x24, 0x21, 0x63, 0x24, 0x21, 0xff, 0x24, 0x21, 0x6f, 0x24, 0x21, 0x2b, 0x24, 0x21, 0x05,
    0x00, 0x00, 0x00, 0x00, 0x00, 0x00, 0x00, 0x00, 0x00, 0x24, 0x21, 0x07, 0x24, 0x21, 0x3d, 0x24, 0x21, 0x39, 0x24, 0x21, 0x2f, 0x24, 0x21, 0xff,
    0x24, 0x21, 0xff, 0x24, 0x21, 0xff, 0x24, 0x21, 0xff, 0x24, 0x21, 0xff, 0x24, 0x21, 0xe3, 0x00, 0x00, 0x00, 0x00, 0x00, 0x00, 0x00, 0x00, 0x00,
    0x00, 0x00, 0x00, 0x00, 0x00, 0x00, 0x00, 0x00, 0x00, 0x24, 0x21, 0x12, 0x24, 0x21, 0xfb, 0x24, 0x21, 0xff, 0x24, 0x21, 0xa2, 0x24, 0x21, 0x04,
    0x24, 0x21, 0x3c, 0x24, 0x21, 0xc1, 0x24, 0x21, 0xff, 0x24, 0x21, 0xff, 0x24, 0x21, 0xd0, 0x24, 0x21, 0x60, 0x24, 0x21, 0x0c, 0x00, 0x00, 0x00,
    0x00, 0x00, 0x00, 0x00, 0x00, 0x00, 0x24, 0x21, 0xef, 0x24, 0x21, 0xcf, 0x00, 0x00, 0x00, 0x00, 0x00, 0x00, 0x24, 0x21, 0xeb, 0x24, 0x21, 0xcf,
    0x00, 0x00, 0x00, 0x24, 0x21, 0x13, 0x24, 0x21, 0xff, 0x24, 0x21, 0xc3, 0x00, 0x00, 0x00, 0x00, 0x00, 0x00, 0x24, 0x21, 0x68, 0x24, 0x21, 0xfc,
    0x24, 0x21, 0x1f, 0x24, 0x21, 0xbf, 0x24, 0x21, 0xbf, 0x24, 0x21, 0x15, 0x24, 0x21, 0x4e, 0x24, 0x21, 0xc5, 0x24, 0x21, 0xf9, 0x24, 0x21, 0x16,
    0x24, 0x21, 0xff, 0x24, 0x21, 0x6f, 0x24, 0x21, 0x87, 0x24, 0x21, 0xaf, 0x24, 0x21, 0x30, 0x24, 0x21, 0x88, 0x24, 0x21, 0xc3, 0x24, 0x21, 0xf8,
    0x24, 0x21, 0xff, 0x24, 0x21, 0x9c, 0x24, 0x21, 0x2f, 0x24, 0x21, 0xff, 0x24, 0x21, 0x5f, 0x00, 0x00, 0x00, 0x00, 0x00, 0x00, 0x24, 0x21, 0xbf,
    0x24, 0x21, 0xe3, 0x00, 0x00, 0x00, 0x00, 0x00, 0x00, 0x00, 0x00, 0x00, 0x00, 0x00, 0x00, 0x00, 0x00, 0x00, 0x00, 0x00, 0x00, 0x24, 0x21, 0x5c,
    0x24, 0x21, 0xff, 0x24, 0x21, 0x95, 0x24, 0x21, 0x59, 0x24, 0x21, 0xe3, 0x24, 0x21, 0xff, 0x24, 0x21, 0xfd, 0x24, 0x21, 0x9f, 0x24, 0x21, 0xaa,
    0x24, 0x21, 0xff, 0x24, 0x21, 0xff, 0x24, 0x21, 0xf4, 0x24, 0x21, 0x5a, 0x00, 0x00, 0x00, 0x00, 0x00, 0x00, 0x24, 0x21, 0xef, 0x24, 0x21, 0xff,
    0x24, 0x21, 0xff, 0x24, 0x21, 0xff, 0x24, 0x21, 0xff, 0x24, 0x21, 0xff, 0x24, 0x21, 0xff, 0x24, 0x21, 0xff, 0x24, 0x21, 0xff, 0x24, 0x21, 0xc3,
    0x00, 0x00, 0x00, 0x00, 0x00, 0x00, 0x24, 0x21, 0x1d, 0x24, 0x21, 0x7b, 0x24, 0x21, 0x59, 0x24, 0x21, 0xdc, 0x24, 0x21, 0xba, 0x00, 0x00, 0x00,
    0x24, 0x21, 0x87, 0x24, 0x21, 0xff, 0x24, 0x21, 0x88, 0x00, 0x00, 0x00, 0x24, 0x21, 0xfa, 0x24, 0x21, 0x99, 0x24, 0x21, 0xb7, 0x24, 0x21, 0xb0,
    0x24, 0x21, 0x65, 0x24, 0x21, 0xff, 0x24, 0x21, 0xdc, 0x24, 0x21, 0x97, 0x24, 0x21, 0x51, 0x24, 0x21, 0x0f, 0x24, 0x21, 0x2f, 0x24, 0x21, 0xff,
    0x24, 0x21, 0xff, 0x24, 0x21, 0xff, 0x24, 0x21, 0xff, 0x24, 0x21, 0xff, 0x24, 0x21, 0xe3, 0x00, 0x00, 0x00, 0x00, 0x00, 0x00, 0x00, 0x00, 0x00,
    0x00, 0x00, 0x00, 0x00, 0x00, 0x00, 0x00, 0x00, 0x00, 0x24, 0x21, 0x04, 0x24, 0x21, 0x77, 0x00, 0x00, 0x00, 0x24, 0x21, 0x21, 0x24, 0x21, 0xdf,
    0x24, 0x21, 0x90, 0x24, 0x21, 0x2b, 0x00, 0x00, 0x00, 0x00, 0x00, 0x00, 0x24, 0x21, 0x3f, 0x24, 0x21, 0xa8, 0x24, 0x21, 0xdf, 0x24, 0x21, 0x11,
    0x00, 0x00, 0x00, 0x00, 0x00, 0x00, 0x24, 0x21, 0xe8, 0x24, 0x21, 0xde, 0x24, 0x21, 0x6f, 0x24, 0x21, 0x6f, 0x24, 0x21, 0x6f, 0x24, 0x21, 0x6f,
    0x24, 0x21, 0x6f, 0x24, 0x21, 0x79, 0x24, 0x21, 0xef, 0x24, 0x21, 0xb7, 0x00, 0x00, 0x00, 0x00, 0x00, 0x00, 0x00, 0x00, 0x00, 0x00, 0x00, 0x00,
    0x24, 0x21, 0xae, 0x24, 0x21, 0xed, 0x24, 0x21, 0x63, 0x00, 0x00, 0x00, 0x24, 0x21, 0x67, 0x24, 0x21, 0xbf, 0x24, 0x21, 0x09, 0x00, 0x00, 0x00,
    0x24, 0x21, 0xa2, 0x24, 0x21, 0xfb, 0x24, 0x21, 0xf1, 0x24, 0x21, 0x51, 0x24, 0x21, 0x14, 0x24, 0x21, 0x21, 0x00, 0x00, 0x00, 0x00, 0x00, 0x00,
    0x00, 0x00, 0x00, 0x00, 0x00, 0x00, 0x24, 0x21, 0x2d, 0x24, 0x21, 0xf3, 0x24, 0x21, 0x99, 0x24, 0x21, 0x63, 0x24, 0x21, 0x63, 0x24, 0x21, 0xc3,
    0x24, 0x21, 0xcb, 0x00, 0x00, 0x00, 0x00, 0x00, 0x00, 0x00, 0x00, 0x00, 0x00, 0x00, 0x00, 0x00, 0x00, 0x00, 0x00, 0x00, 0x00, 0x00, 0x00, 0x00,
    0x00, 0x00, 0x00, 0x00, 0x00, 0x00, 0x00, 0x00, 0x00, 0x00, 0x00, 0x00, 0x00, 0x00, 0x00, 0x00, 0x00, 0x00, 0x00, 0x00, 0x00, 0x00, 0x00, 0x00,
    0x00, 0x00, 0x00, 0x00, 0x00, 0x00, 0x24, 0x21, 0x01, 0x00, 0x00, 0x00, 0x00, 0x00, 0x00, 0x00, 0x00, 0x00, 0x00, 0x00, 0x00, 0x00, 0x00, 0x00,
    0x00, 0x00, 0x00, 0x00, 0x00, 0x00, 0x00, 0x00, 0x00, 0x00, 0x00, 0x00, 0x00, 0x00, 0x00, 0x00, 0x00, 0x00, 0x00, 0x00, 0x00, 0x00, 0x00, 0x00,
    0x00, 0x00, 0x00, 0x00, 0x00, 0x00, 0x00, 0x00, 0x00, 0x00, 0x00, 0x00, 0x00, 0x00, 0x00, 0x00, 0x00, 0x00, 0x00, 0x00, 0x00, 0x00, 0x00, 0x00,
    0x00, 0x00, 0x00, 0x24, 0x21, 0x02, 0x00, 0x00, 0x00, 0x00, 0x00, 0x00, 0x00, 0x00, 0x00, 0x00, 0x00, 0x00, 0x00, 0x00, 0x00, 0x00, 0x00, 0x00,
    0x00, 0x00, 0x00, 0x00, 0x00, 0x00, 0x00, 0x00, 0x00, 0x00, 0x00, 0x00, 0x00, 0x00, 0x00, 0x00, 0x00, 0x00, 0x00, 0x00, 0x00, 0x00, 0x00, 0x00,
    0x00, 0x00, 0x00, 0x00, 0x00, 0x00, 0x00, 0x00, 0x00, 0x00, 0x00, 0x00, 0x00, 0x00, 0x00, 0x00, 0x00, 0x00, 0x00, 0x00, 0x00, 0x00, 0x00, 0x00,
    0x00, 0x00, 0x00, 0x00, 0x00, 0x00, 0x00, 0x00, 0x00, 0x00, 0x00, 0x00, 0x00, 0x00, 0x00, 0x00, 0x00, 0x00, 0x00, 0x00, 0x00, 0x00, 0x00, 0x00,
    0x00, 0x00, 0x00, 0x00, 0x00, 0x00, 0x00, 0x00, 0x00, 0x00, 0x00, 0x00, 0x00, 0x00, 0x00, 0x00, 0x00, 0x00, 0x00, 0x00, 0x00, 0x00, 0x00, 0x00,
    0x00, 0x00, 0x00, 0x00, 0x00, 0x00, 0x00, 0x00, 0x00, 0x00, 0x00, 0x00, 0x00, 0x00, 0x00, 0x00, 0x00, 0x00, 0x00, 0x00, 0x00, 0x00, 0x00, 0x00,
    0x00, 0x00, 0x00, 0x00, 0x00, 0x00, 0x00, 0x00, 0x00, 0x00, 0x00, 0x00, 0x00, 0x00, 0x00, 0x00, 0x00, 0x00, 0x00, 0x00, 0x00, 0x00, 0x00, 0x00,
    0x00, 0x00, 0x00, 0x00, 0x00, 0x00, 0x00, 0x00, 0x00, 0x00, 0x00, 0x00, 0x00, 0x00, 0x00, 0x00, 0x00, 0x00, 0x00, 0x00, 0x00, 0x00, 0x00, 0x00,
    0x00, 0x00, 0x00, 0x00, 0x00, 0x00, 0x00, 0x00, 0x00, 0x00, 0x00, 0x00, 0x00, 0x00, 0x00, 0x00, 0x00, 0x00, 0x00, 0x00, 0x00, 0x00, 0x00, 0x00,
    0x00, 0x00, 0x00, 0x00, 0x00, 0x00, 0x00, 0x00, 0x00, 0x00, 0x00, 0x00, 0x00, 0x00, 0x00, 0x00, 0x00, 0x00, 0x00, 0x00, 0x00, 0x00, 0x00, 0x00,
    0x00, 0x00, 0x00, 0x00, 0x00, 0x00, 0x00, 0x00, 0x00, 0x00, 0x00, 0x00, 0x00, 0x00, 0x00, 0x00, 0x00, 0x00, 0x00, 0x00, 0x00, 0x00, 0x00, 0x00,
    0x00, 0x00, 0x00, 0x00, 0x00, 0x00, 0x00, 0x00, 0x00, 0x00, 0x00, 0x00, 0x00, 0x00, 0x00, 0x00, 0x00, 0x00, 0x00, 0x00, 0x00, 0x00, 0x00, 0x00,
    0x00, 0x00, 0x00, 0x00, 0x00, 0x00, 0x00, 0x00, 0x00, 0x00, 0x00, 0x00, 0x00, 0x00, 0x00, 0x00, 0x00, 0x00, 0x00, 0x00, 0x00, 0x00, 0x00, 0x00,
    0x00, 0x00, 0x00, 0x00, 0x00, 0x00, 0x00, 0x00, 0x00, 0x00, 0x00, 0x00, 0x00, 0x00, 0x00, 0x00, 0x00, 0x00, 0x00, 0x00, 0x00, 0x00, 0x00, 0x00,
    0x00, 0x00, 0x00, 0x00, 0x00, 0x00, 0x00, 0x00, 0x00, 0x00, 0x00, 0x00, 0x00, 0x00, 0x00, 0x00, 0x00, 0x00, 0x00, 0x00, 0x00, 0x00, 0x00, 0x00,
    0x00, 0x00, 0x00, 0x00, 0x00, 0x00, 0x00, 0x00, 0x00, 0x00, 0x00, 0x00, 0x00, 0x00, 0x00, 0x00, 0x00, 0x00, 0x00, 0x00, 0x00, 0x00, 0x00, 0x00,
    0x00, 0x00, 0x00, 0x00, 0x00, 0x00, 0x00, 0x00, 0x00, 0x00, 0x00, 0x00, 0x00, 0x00, 0x00, 0x00, 0x00, 0x00, 0x00, 0x00, 0x00, 0x00, 0x00, 0x00,
    0x00, 0x00, 0x00, 0x00, 0x00, 0x00, 0x00, 0x00, 0x00, 0x00, 0x00, 0x00, 0x00, 0x00, 0x00, 0x00, 0x00, 0x00, 0x00, 0x00, 0x00, 0x00, 0x00, 0x00,
};
const lv_img_dsc_t zh_device_ready = {
    .header.always_zero = 0,
    .header.w = 60,
    .header.h = 20,
    .data_size = 3600,
    .header.cf = LV_IMG_CF_TRUE_COLOR_ALPHA,
    .data = zh_device_ready_map,
};

#ifndef LV_ATTRIBUTE_IMG_ZH_ELBOW
#define LV_ATTRIBUTE_IMG_ZH_ELBOW
#endif
const LV_ATTRIBUTE_MEM_ALIGN LV_ATTRIBUTE_LARGE_CONST LV_ATTRIBUTE_IMG_ZH_ELBOW uint8_t zh_elbow_map[] = {
    0x00, 0x00, 0x00, 0x00, 0x00, 0x00, 0x00, 0x00, 0x00, 0x00, 0x00, 0x00, 0x00, 0x00, 0x00, 0x00, 0x00, 0x00, 0x00, 0x00, 0x00, 0x00, 0x00, 0x00,
    0x00, 0x00, 0x00, 0x00, 0x00, 0x00, 0x00, 0x00, 0x00, 0x00, 0x00, 0x00, 0x00, 0x00, 0x00, 0x00, 0x00, 0x00, 0x00, 0x00, 0x00, 0x00, 0x00, 0x00,
    0x00, 0x00, 0x00, 0x00, 0x00, 0x00, 0x00, 0x00, 0x00, 0x00, 0x00, 0x00, 0x00, 0x00, 0x00, 0x00, 0x00, 0x00, 0x00, 0x00, 0x00, 0x00, 0x00, 0x00,
    0x00, 0x00, 0x00, 0x00, 0x00, 0x00, 0x00, 0x00, 0x00, 0x00, 0x00, 0x00, 0x00, 0x00, 0x00, 0x00, 0x00, 0x00, 0x00, 0x00, 0x00, 0x00, 0x00, 0x00,
    0x00, 0x00, 0x00, 0x00, 0x00, 0x00, 0x00, 0x00, 0x00, 0x00, 0x00, 0x00, 0x00, 0x00, 0x00, 0x00, 0x00, 0x00, 0x00, 0x00, 0x00, 0x00, 0x00, 0x00,
    0x00, 0x00, 0x00, 0x00, 0x00, 0x00, 0x00, 0x00, 0x00, 0x00, 0x00, 0x00, 0x00, 0x00, 0x00, 0x00, 0x00, 0x00, 0x00, 0x00, 0x00, 0x00, 0x00, 0x00,
    0x00, 0x00, 0x00, 0x00, 0x00, 0x00, 0x00, 0x00, 0x00, 0x00, 0x00, 0x00, 0x00, 0x00, 0x00, 0x00, 0x00, 0x00, 0x00, 0x00, 0x00, 0x00, 0x00, 0x00,
    0x00, 0x00, 0x00, 0x00, 0x00, 0x00, 0x00, 0x00, 0x00, 0x00, 0x00, 0x00, 0x00, 0x00, 0x00, 0x00, 0x00, 0x00, 0x00, 0x00, 0x00, 0x00, 0x00, 0x00,
    0x00, 0x00, 0x00, 0x00, 0x00, 0x00, 0x00, 0x00, 0x00, 0x00, 0x00, 0x00, 0x00, 0x00, 0x00, 0x00, 0x00, 0x00, 0x00, 0x00, 0x00, 0x00, 0x00, 0x00,
    0x00, 0x00, 0x00, 0x00, 0x00, 0x00, 0x00, 0x00, 0x00, 0x00, 0x00, 0x00, 0x00, 0x00, 0x00, 0x00, 0x00, 0x00, 0x00, 0x00, 0x00, 0x00, 0x00, 0x00,
    0x00, 0x00, 0x00, 0x00, 0x00, 0x00, 0x00, 0x00, 0x00, 0x00, 0x00, 0x00, 0x00, 0x00, 0x00, 0x00, 0x00, 0x00, 0x00, 0x00, 0x00, 0x00, 0x00, 0x00,
    0x00, 0x00, 0x00, 0x00, 0x00, 0x00, 0x00, 0x00, 0x00, 0x00, 0x00, 0x00, 0x00, 0x00, 0x00, 0x00, 0x00, 0x00, 0x00, 0x00, 0x00, 0x00, 0x00, 0x00,
    0x00, 0x00, 0x00, 0x00, 0x00, 0x00, 0x00, 0x00, 0x00, 0x00, 0x00, 0x00, 0x00, 0x00, 0x00, 0x00, 0x00, 0x00, 0x00, 0x00, 0x00, 0x00, 0x00, 0x00,
    0x00, 0x00, 0x00, 0x00, 0x00, 0x00, 0x00, 0x00, 0x00, 0x00, 0x00, 0x00, 0x00, 0x00, 0x00, 0x00, 0x00, 0x00, 0x00, 0x00, 0x00, 0x00, 0x00, 0x00,
    0x00, 0x00, 0x00, 0x00, 0x00, 0x00, 0x00, 0x00, 0x00, 0x00, 0x00, 0x00, 0x00, 0x00, 0x00, 0x00, 0x00, 0x00, 0x00, 0x00, 0x00, 0x00, 0x00, 0x00,
    0x00, 0x00, 0x00, 0x00, 0x00, 0x00, 0x00, 0x00, 0x00, 0x00, 0x00, 0x00, 0x00, 0x00, 0x00, 0x00, 0x00, 0x00, 0x00, 0x00, 0x00, 0x00, 0x00, 0x00,
    0x00, 0x00, 0x00, 0x00, 0x00, 0x00, 0x00, 0x00, 0x00, 0x00, 0x00, 0x00, 0x00, 0x00, 0x00, 0x00, 0x00, 0x00, 0x00, 0x00, 0x00, 0x00, 0x00, 0x00,
    0x00, 0x00, 0x00, 0x00, 0x00, 0x00, 0x00, 0x00, 0x00, 0x00, 0x00, 0x00, 0x00, 0x00, 0x00, 0x00, 0x00, 0x00, 0x00, 0x00, 0x00, 0x00, 0x00, 0x00,
    0x00, 0x00, 0x00, 0x00, 0x00, 0x00, 0x00, 0x00, 0x00, 0x00, 0x00, 0x00, 0x00, 0x00, 0x00, 0x00, 0x00, 0x00, 0x00, 0x00, 0x00, 0x00, 0x00, 0x00,
    0x00, 0x00, 0x00, 0x00, 0x00, 0x00, 0x00, 0x00, 0x00, 0x00, 0x00, 0x00, 0x00, 0x00, 0x00, 0x00, 0x00, 0x00, 0x00, 0x00, 0x00, 0x00, 0x00, 0x00,
    0x00, 0x00, 0x00, 0x00, 0x00, 0x00, 0x00, 0x00, 0x00, 0x00, 0x00, 0x00, 0x00, 0x00, 0x00, 0x00, 0x00, 0x00, 0x00, 0x00, 0x00, 0x00, 0x00, 0x00,
    0x00, 0x00, 0x00, 0x24, 0x21, 0x04, 0x24, 0x21, 0x07, 0x00, 0x00, 0x00, 0x00, 0x00, 0x00, 0x00, 0x00, 0x00, 0x24, 0x21, 0x07, 0x24, 0x21, 0x05,
    0x00, 0x00, 0x00, 0x00, 0x00, 0x00, 0x00, 0x00, 0x00, 0x00, 0x00, 0x00, 0x00, 0x00, 0x00, 0x00, 0x00, 0x00, 0x00, 0x00, 0x00, 0x00, 0x00, 0x00,
    0x00, 0x00, 0x00, 0x00, 0x00, 0x00, 0x00, 0x00, 0x00, 0x00, 0x00, 0x00, 0x00, 0x00, 0x00, 0x00, 0x00, 0x00, 0x00, 0x00, 0x00, 0x00, 0x00, 0x00,
    0x00, 0x00, 0x00, 0x00, 0x00, 0x00, 0x00, 0x00, 0x00, 0x00, 0x00, 0x00, 0x00, 0x00, 0x00, 0x00, 0x00, 0x00, 0x00, 0x00, 0x00, 0x24, 0x21, 0x04,
    0x24, 0x21, 0x07, 0x00, 0x00, 0x00, 0x00, 0x00, 0x00, 0x00, 0x00, 0x00, 0x00, 0x00, 0x00, 0x00, 0x00, 0x00, 0x00, 0x00, 0x00, 0x00, 0x00, 0x00,
    0x00, 0x00, 0x00, 0x00, 0x00, 0x00, 0x24, 0x21, 0x5c, 0x24, 0x21, 0x6f, 0x24, 0x21, 0x6f, 0x24, 0x21, 0x6f, 0x24, 0x21, 0x28, 0x00, 0x00, 0x00,
    0x00, 0x00, 0x00, 0x00, 0x00, 0x00, 0x24, 0x21, 0x76, 0x24, 0x21, 0xdf, 0x24, 0x21, 0x0a, 0x00, 0x00, 0x00, 0x00, 0x00, 0x00, 0x00, 0x00, 0x00,
    0x24, 0x21, 0x1b, 0x24, 0x21, 0xbb, 0x24, 0x21, 0x45, 0x00, 0x00, 0x00, 0x00, 0x00, 0x00, 0x00, 0x00, 0x00, 0x24, 0x21, 0x43, 0x24, 0x21, 0xd3,
    0x24, 0x21, 0x4c, 0x00, 0x00, 0x00, 0x00, 0x00, 0x00, 0x00, 0x00, 0x00, 0x00, 0x00, 0x00, 0x00, 0x00, 0x00, 0x24, 0x21, 0x8f, 0x24, 0x21, 0xff,
    0x24, 0x21, 0x07, 0x00, 0x00, 0x00, 0x00, 0x00, 0x00, 0x24, 0x21, 0xff, 0x24, 0x21, 0xa7, 0x00, 0x00, 0x00, 0x00, 0x00, 0x00, 0x00, 0x00, 0x00,
    0x00, 0x00, 0x00, 0x24, 0x21, 0x2a, 0x24, 0x21, 0x57, 0x24, 0x21, 0x57, 0x24, 0x21, 0x57, 0x24, 0x21, 0x57, 0x24, 0x21, 0x57, 0x24, 0x21, 0x57,
    0x24, 0x21, 0x57, 0x24, 0x21, 0x57, 0x24, 0x21, 0x57, 0x24, 0x21, 0x3b, 0x00, 0x00, 0x00, 0x00, 0x00, 0x00, 0x00, 0x00, 0x00, 0x24, 0x21, 0x2b,
    0x24, 0x21, 0xe2, 0x24, 0x21, 0x48, 0x00, 0x00, 0x00, 0x00, 0x00, 0x00, 0x24, 0x21, 0x87, 0x24, 0x21, 0xff, 0x00, 0x00, 0x00, 0x00, 0x00, 0x00,
    0x00, 0x00, 0x00, 0x00, 0x00, 0x00, 0x00, 0x00, 0x00, 0x00, 0x00, 0x00, 0x00, 0x00, 0x00, 0x00, 0x00, 0x00, 0x00, 0x00, 0x00, 0x24, 0x21, 0xd3,
    0x24, 0x21, 0xff, 0x24, 0x21, 0xff, 0x24, 0x21, 0xff, 0x24, 0x21, 0x5b, 0x00, 0x00, 0x00, 0x00, 0x00, 0x00, 0x00, 0x00, 0x00, 0x24, 0x21, 0x87,
    0x24, 0x21, 0xff, 0x24, 0x21, 0x0b, 0x00, 0x00, 0x00, 0x00, 0x00, 0x00, 0x00, 0x00, 0x00, 0x24, 0x21, 0x0e, 0x24, 0x21, 0xec, 0x24, 0x21, 0xd9,
    0x24, 0x21, 0x02, 0x00, 0x00, 0x00, 0x00, 0x00, 0x00, 0x24, 0x21, 0xb2, 0x24, 0x21, 0xfe, 0x24, 0x21, 0x34, 0x00, 0x00, 0x00, 0x00, 0x00, 0x00,
    0x24, 0x21, 0x2e, 0x24, 0x21, 0x7b, 0x24, 0x21, 0x7b, 0x24, 0x21, 0xc6, 0x24, 0x21, 0xff, 0x24, 0x21, 0x80, 0x24, 0x21, 0x7b, 0x24, 0x21, 0x7b,
    0x24, 0x21, 0xff, 0x24, 0x21, 0xd2, 0x24, 0x21, 0x7b, 0x24, 0x21, 0x7b, 0x24, 0x21, 0x2e, 0x00, 0x00, 0x00, 0x24, 0x21, 0x7b, 0x24, 0x21, 0xff,
    0x24, 0x21, 0xff, 0x24, 0x21, 0xff, 0x24, 0x21, 0xff, 0x24, 0x21, 0xff, 0x24, 0x21, 0xff, 0x24, 0x21, 0xff, 0x24, 0x21, 0xff, 0x24, 0x21, 0xff,
    0x24, 0x21, 0xab, 0x00, 0x00, 0x00, 0x00, 0x00, 0x00, 0x00, 0x00, 0x00, 0x24, 0x21, 0x9f, 0x24, 0x21, 0xf8, 0x24, 0x21, 0x17, 0x00, 0x00, 0x00,
    0x00, 0x00, 0x00, 0x24, 0x21, 0x87, 0x24, 0x21, 0xff, 0x00, 0x00, 0x00, 0x00, 0x00, 0x00, 0x00, 0x00, 0x00, 0x00, 0x00, 0x00, 0x00, 0x00, 0x00,
    0x00, 0x00, 0x00, 0x00, 0x00, 0x00, 0x00, 0x00, 0x00, 0x00, 0x00, 0x00, 0x24, 0x21, 0xd3, 0x24, 0x21, 0x93, 0x24, 0x21, 0x13, 0x24, 0x21, 0xff,
    0x24, 0x21, 0x5b, 0x00, 0x00, 0x00, 0x00, 0x00, 0x00, 0x00, 0x00, 0x00, 0x24, 0x21, 0x87, 0x24, 0x21, 0xff, 0x24, 0x21, 0x0b, 0x00, 0x00, 0x00,
    0x00, 0x00, 0x00, 0x00, 0x00, 0x00, 0x00, 0x00, 0x00, 0x24, 0x21, 0x76, 0x24, 0x21, 0xef, 0x24, 0x21, 0x23, 0x00, 0x00, 0x00, 0x24, 0x21, 0x22,
    0x24, 0x21, 0xfd, 0x24, 0x21, 0xa8, 0x00, 0x00, 0x00, 0x00, 0x00, 0x00, 0x00, 0x00, 0x00, 0x24, 0x21, 0x5f, 0x24, 0x21, 0xff, 0x24, 0x21, 0xff,
    0x24, 0x21, 0xff, 0x24, 0x21, 0xff, 0x24, 0x21, 0xff, 0x24, 0x21, 0xff, 0x24, 0x21, 0xff, 0x24, 0x21, 0xff, 0x24, 0x21, 0xff, 0x24, 0x21, 0xff,
    0x24, 0x21, 0xff, 0x24, 0x21, 0x5f, 0x00, 0x00, 0x00, 0x24, 0x21, 0x7b, 0x24, 0x21, 0xff, 0x24, 0x21, 0x17, 0x00, 0x00, 0x00, 0x00, 0x00, 0x00,
    0x00, 0x00, 0x00, 0x00, 0x00, 0x00, 0x00, 0x00, 0x00, 0x00, 0x00, 0x00, 0x24, 0x21, 0xe3, 0x24, 0x21, 0xab, 0x00, 0x00, 0x00, 0x00, 0x00, 0x00,
    0x24, 0x21, 0x1c, 0x24, 0x21, 0xfa, 0x24, 0x21, 0x9b, 0x24, 0x21, 0xc7, 0x24, 0x21, 0xff, 0x24, 0x21, 0xff, 0x24, 0x21, 0xff, 0x24, 0x21, 0xff,
    0x24, 0x21, 0xff, 0x24, 0x21, 0xff, 0x24, 0x21, 0xff, 0x24, 0x21, 0x5b, 0x00, 0x00, 0x00, 0x00, 0x00, 0x00, 0x00, 0x00, 0x00, 0x00, 0x00, 0x00,
    0x00, 0x00, 0x00, 0x24, 0x21, 0xd3, 0x24, 0x21, 0xc3, 0x24, 0x21, 0x7b, 0x24, 0x21, 0xff, 0x24, 0x21, 0xab, 0x24, 0x21, 0xff, 0x24, 0x21, 0xff,
    0x24, 0x21, 0xff, 0x24, 0x21, 0xff, 0x24, 0x21, 0xff, 0x24, 0x21, 0xff, 0x24, 0x21, 0x73, 0x00, 0x00, 0x00, 0x24, 0x21, 0x5b, 0x24, 0x21, 0xff,
    0x24, 0x21, 0xff, 0x24, 0x21, 0xff, 0x24, 0x21, 0xff, 0x24, 0x21, 0xff, 0x24, 0x21, 0xff, 0x24, 0x21, 0xff, 0x24, 0x21, 0xff, 0x24, 0x21, 0xff,
    0x24, 0x21, 0x93, 0x00, 0x00, 0x00, 0x00, 0x00, 0x00, 0x00, 0x00, 0x00, 0x00, 0x00, 0x00, 0x24, 0x21, 0x8f, 0x24, 0x21, 0xff, 0x24, 0x21, 0x07,
    0x00, 0x00, 0x00, 0x00, 0x00, 0x00, 0x24, 0x21, 0xff, 0x24, 0x21, 0xa7, 0x00, 0x00, 0x00, 0x00, 0x00, 0x00, 0x00, 0x00, 0x00, 0x00, 0x00, 0x00,
    0x24, 0x21, 0x7b, 0x24, 0x21, 0xff, 0x24, 0x21, 0xff, 0x24, 0x21, 0xff, 0x24, 0x21, 0xff, 0x24, 0x21, 0xff, 0x24, 0x21, 0xff, 0x24, 0x21, 0xff,
    0x24, 0x21, 0xff, 0x24, 0x21, 0xff, 0x24, 0x21, 0xab, 0x00, 0x00, 0x00, 0x00, 0x00, 0x00, 0x24, 0x21, 0xaf, 0x24, 0x21, 0xff, 0x24, 0x21, 0x51,
    0x24, 0x21, 0xc7, 0x24, 0x21, 0xcf, 0x24, 0x21, 0x6b, 0x24, 0x21, 0xba, 0x24, 0x21, 0xff, 0x24, 0x21, 0x6b, 0x24, 0x21, 0x85, 0x24, 0x21, 0xff,
    0x24, 0x21, 0x5b, 0x00, 0x00, 0x00, 0x00, 0x00, 0x00, 0x00, 0x00, 0x00, 0x00, 0x00, 0x00, 0x00, 0x00, 0x00, 0x24, 0x21, 0xd3, 0x24, 0x21, 0xff,
    0x24, 0x21, 0xff, 0x24, 0x21, 0xff, 0x24, 0x21, 0x8c, 0x24, 0x21, 0x9b, 0x24, 0x21, 0x9b, 0x24, 0x21, 0x9b, 0x24, 0x21, 0xd1, 0x24, 0x21, 0xff,
    0x24, 0x21, 0xa0, 0x24, 0x21, 0x46, 0x00, 0x00, 0x00, 0x24, 0x21, 0x33, 0x24, 0x21, 0x8f, 0x24, 0x21, 0x8f, 0x24, 0x21, 0x8f, 0x24, 0x21, 0xb2,
    0x24, 0x21, 0xff, 0x24, 0x21, 0xc9, 0x24, 0x21, 0x8f, 0x24, 0x21, 0x8f, 0x24, 0x21, 0x8f, 0x24, 0x21, 0x53, 0x00, 0x00, 0x00, 0x00, 0x00, 0x00,
    0x00, 0x00, 0x00, 0x00, 0x00, 0x00, 0x24, 0x21, 0x31, 0x24, 0x21, 0x57, 0x24, 0x21, 0x02, 0x00, 0x00, 0x00, 0x00, 0x00, 0x00, 0x24, 0x21, 0x57,
    0x24, 0x21, 0x39, 0x00, 0x00, 0x00, 0x00, 0x00, 0x00, 0x00, 0x00, 0x00, 0x00, 0x00, 0x00, 0x24, 0x21, 0x7d, 0x24, 0x21, 0xff, 0x24, 0x21, 0x6a,
    0x24, 0x21, 0x5b, 0x24, 0x21, 0x5b, 0x24, 0x21, 0x60, 0x24, 0x21, 0xbf, 0x24, 0x21, 0x8d, 0x24, 0x21, 0x5b, 0x24, 0x21, 0x5b, 0x24, 0x21, 0x3d,
    0x00, 0x00, 0x00, 0x24, 0x21, 0x59, 0x24, 0x21, 0xff, 0x24, 0x21, 0xff, 0x24, 0x21, 0x4f, 0x24, 0x21, 0xc7, 0x24, 0x21, 0xab, 0x00, 0x00, 0x00,
    0x24, 0x21, 0x87, 0x24, 0x21, 0xff, 0x00, 0x00, 0x00, 0x24, 0x21, 0x2b, 0x24, 0x21, 0xff, 0x24, 0x21, 0x5b, 0x00, 0x00, 0x00, 0x00, 0x00, 0x00,
    0x00, 0x00, 0x00, 0x00, 0x00, 0x00, 0x00, 0x00, 0x00, 0x24, 0x21, 0xd5, 0x24, 0x21, 0x93, 0x24, 0x21, 0x13, 0x24, 0x21, 0xff, 0x24, 0x21, 0x5b,
    0x24, 0x21, 0x17, 0x24, 0x21, 0x32, 0x00, 0x00, 0x00, 0x24, 0x21, 0x87, 0x24, 0x21, 0xff, 0x24, 0x21, 0x0b, 0x00, 0x00, 0x00, 0x00, 0x00, 0x00,
    0x00, 0x00, 0x00, 0x00, 0x00, 0x00, 0x00, 0x00, 0x00, 0x00, 0x00, 0x00, 0x24, 0x21, 0x4f, 0x24, 0x21, 0xff, 0x24, 0x21, 0x83, 0x00, 0x00, 0x00,
    0x00, 0x00, 0x00, 0x00, 0x00, 0x00, 0x00, 0x00, 0x00, 0x00, 0x00, 0x00, 0x00, 0x00, 0x00, 0x24, 0x21, 0xc3, 0x24, 0x21, 0xff, 0x24, 0x21, 0xff,
    0x24, 0x21, 0xff, 0x24, 0x21, 0xff, 0x24, 0x21, 0xff, 0x24, 0x21, 0xff, 0x24, 0x21, 0xff, 0x24, 0x21, 0xff, 0x24, 0x21, 0xff, 0x24, 0x21, 0x53,
    0x00, 0x00, 0x00, 0x00, 0x00, 0x00, 0x24, 0x21, 0x88, 0x24, 0x21, 0xff, 0x24, 0x21, 0x10, 0x24, 0x21, 0xe7, 0x24, 0x21, 0x7f, 0x24, 0x21, 0x0b,
    0x24, 0x21, 0xff, 0x24, 0x21, 0x7f, 0x00, 0x00, 0x00, 0x24, 0x21, 0xff, 0x24, 0x21, 0x7b, 0x00, 0x00, 0x00, 0x24, 0x21, 0xb9, 0x24, 0x21, 0xfe,
    0x24, 0x21, 0xff, 0x24, 0x21, 0x4f, 0x24, 0x21, 0xc7, 0x24, 0x21, 0xff, 0x24, 0x21, 0xff, 0x24, 0x21, 0xff, 0x24, 0x21, 0xff, 0x24, 0x21, 0xff,
    0x24, 0x21, 0xff, 0x24, 0x21, 0xff, 0x24, 0x21, 0x5b, 0x00, 0x00, 0x00, 0x00, 0x00, 0x00, 0x00, 0x00, 0x00, 0x00, 0x00, 0x00, 0x00, 0x00, 0x00,
    0x24, 0x21, 0xdd, 0x24, 0x21, 0x90, 0x24, 0x21, 0x13, 0x24, 0x21, 0xff, 0x24, 0x21, 0x5b, 0x24, 0x21, 0xbf, 0x24, 0x21, 0xd5, 0x24, 0x21, 0x01,
    0x24, 0x21, 0x87, 0x24, 0x21, 0xff, 0x24, 0x21, 0x0b, 0x00, 0x00, 0x00, 0x24, 0x21, 0x20, 0x24, 0x21, 0x8b, 0x24, 0x21, 0x8b, 0x24, 0x21, 0x8b,
    0x24, 0x21, 0x8b, 0x24, 0x21, 0xb0, 0x24, 0x21, 0xff, 0x24, 0x21, 0xc7, 0x24, 0x21, 0x8b, 0x24, 0x21, 0x8b, 0x24, 0x21, 0x8b, 0x24, 0x21, 0x8b,
    0x24, 0x21, 0x22, 0x00, 0x00, 0x00, 0x24, 0x21, 0x65, 0x24, 0x21, 0x83, 0x24, 0x21, 0x83, 0x24, 0x21, 0xdb, 0x24, 0x21, 0xfa, 0x24, 0x21, 0x83,
    0x24, 0x21, 0x83, 0x24, 0x21, 0x83, 0x24, 0x21, 0xaa, 0x24, 0x21, 0xff, 0x24, 0x21, 0x53, 0x00, 0x00, 0x00, 0x00, 0x00, 0x00, 0x24, 0x21, 0x94,
    0x24, 0x21, 0xff, 0x24, 0x21, 0x09, 0x24, 0x21, 0xe7, 0x24, 0x21, 0x7f, 0x24, 0x21, 0x0b, 0x24, 0x21, 0xff, 0x24, 0x21, 0x7f, 0x00, 0x00, 0x00,
    0x24, 0x21, 0xff, 0x24, 0x21, 0x7b, 0x00, 0x00, 0x00, 0x24, 0x21, 0x42, 0x24, 0x21, 0x7d, 0x24, 0x21, 0xff, 0x24, 0x21, 0x4f, 0x24, 0x21, 0xc7,
    0x24, 0x21, 0xca, 0x24, 0x21, 0x5b, 0x24, 0x21, 0xb3, 0x24, 0x21, 0xff, 0x24, 0x21, 0x5b, 0x24, 0x21, 0x78, 0x24, 0x21, 0xff, 0x24, 0x21, 0x5b,
    0x00, 0x00, 0x00, 0x00, 0x00, 0x00, 0x00, 0x00, 0x00, 0x00, 0x00, 0x00, 0x00, 0x00, 0x00, 0x24, 0x21, 0xe6, 0x24, 0x21, 0xff, 0x24, 0x21, 0xff,
    0x24, 0x21, 0xff, 0x24, 0x21, 0x5b, 0x24, 0x21, 0x4f, 0x24, 0x21, 0xff, 0x24, 0x21, 0x4b, 0x24, 0x21, 0x87, 0x24, 0x21, 0xff, 0x24, 0x21, 0x0b,
    0x00, 0x00, 0x00, 0x24, 0x21, 0x3b, 0x24, 0x21, 0xff, 0x24, 0x21, 0xff, 0x24, 0x21, 0xff, 0x24, 0x21, 0xff, 0x24, 0x21, 0xff, 0x24, 0x21, 0xff,
    0x24, 0x21, 0xff, 0x24, 0x21, 0xff, 0x24, 0x21, 0xff, 0x24, 0x21, 0xff, 0x24, 0x21, 0xff, 0x24, 0x21, 0x3f, 0x00, 0x00, 0x00, 0x00, 0x00, 0x00,
    0x00, 0x00, 0x00, 0x00, 0x00, 0x00, 0x24, 0x21, 0xb3, 0x24, 0x21, 0xf3, 0x00, 0x00, 0x00, 0x00, 0x00, 0x00, 0x00, 0x00, 0x00, 0x24, 0x21, 0x4f,
    0x24, 0x21, 0xff, 0x24, 0x21, 0x53, 0x00, 0x00, 0x00, 0x00, 0x00, 0x00, 0x24, 0x21, 0xa1, 0x24, 0x21, 0xf5, 0x00, 0x00, 0x00, 0x24, 0x21, 0xe7,
    0x24, 0x21, 0xff, 0x24, 0x21, 0xff, 0x24, 0x21, 0xff, 0x24, 0x21, 0xff, 0x24, 0x21, 0xff, 0x24, 0x21, 0xff, 0x24, 0x21, 0x7b, 0x00, 0x00, 0x00,
    0x00, 0x00, 0x00, 0x24, 0x21, 0x2b, 0x24, 0x21, 0xff, 0x24, 0x21, 0x4f, 0x24, 0x21, 0xc7, 0x24, 0x21, 0xce, 0x24, 0x21, 0x67, 0x24, 0x21, 0xb8,
    0x24, 0x21, 0xff, 0x24, 0x21, 0x67, 0x24, 0x21, 0x82, 0x24, 0x21, 0xff, 0x24, 0x21, 0x5b, 0x00, 0x00, 0x00, 0x00, 0x00, 0x00, 0x00, 0x00, 0x00,
    0x00, 0x00, 0x00, 0x00, 0x00, 0x00, 0x24, 0x21, 0xf0, 0x24, 0x21, 0xb7, 0x24, 0x21, 0x86, 0x24, 0x21, 0xff, 0x24, 0x21, 0x5b, 0x24, 0x21, 0x03,
    0x24, 0x21, 0xec, 0x24, 0x21, 0x9f, 0x24, 0x21, 0x87, 0x24, 0x21, 0xff, 0x24, 0x21, 0x0b, 0x00, 0x00, 0x00, 0x00, 0x00, 0x00, 0x00, 0x00, 0x00,
    0x00, 0x00, 0x00, 0x00, 0x00, 0x00, 0x24, 0x21, 0x08, 0x24, 0x21, 0xe0, 0x24, 0x21, 0xff, 0x24, 0x21, 0xfd, 0x24, 0x21, 0x56, 0x00, 0x00, 0x00,
    0x00, 0x00, 0x00, 0x00, 0x00, 0x00, 0x00, 0x00, 0x00, 0x00, 0x00, 0x00, 0x00, 0x00, 0x00, 0x00, 0x00, 0x00, 0x00, 0x00, 0x00, 0x24, 0x21, 0xb3,
    0x24, 0x21, 0xf3, 0x00, 0x00, 0x00, 0x00, 0x00, 0x00, 0x00, 0x00, 0x00, 0x24, 0x21, 0x4f, 0x24, 0x21, 0xff, 0x24, 0x21, 0x53, 0x00, 0x00, 0x00,
    0x00, 0x00, 0x00, 0x24, 0x21, 0xb7, 0x24, 0x21, 0xdf, 0x24, 0x21, 0x0d, 0x24, 0x21, 0x69, 0x24, 0x21, 0x4b, 0x24, 0x21, 0x4c, 0x24, 0x21, 0xff,
    0x24, 0x21, 0xa1, 0x24, 0x21, 0x43, 0x24, 0x21, 0x61, 0x24, 0x21, 0x4c, 0x00, 0x00, 0x00, 0x00, 0x00, 0x00, 0x24, 0x21, 0x2b, 0x24, 0x21, 0xff,
    0x24, 0x21, 0x4f, 0x24, 0x21, 0xc7, 0x24, 0x21, 0xff, 0x24, 0x21, 0xff, 0x24, 0x21, 0xff, 0x24, 0x21, 0xff, 0x24, 0x21, 0xff, 0x24, 0x21, 0xff,
    0x24, 0x21, 0xff, 0x24, 0x21, 0x5b, 0x00, 0x00, 0x00, 0x00, 0x00, 0x00, 0x00, 0x00, 0x00, 0x00, 0x00, 0x00, 0x24, 0x21, 0x11, 0x24, 0x21, 0xfe,
    0x24, 0x21, 0x5b, 0x24, 0x21, 0x13, 0x24, 0x21, 0xff, 0x24, 0x21, 0x5b, 0x00, 0x00, 0x00, 0x24, 0x21, 0x3d, 0x24, 0x21, 0x0a, 0x24, 0x21, 0x87,
    0x24, 0x21, 0xff, 0x24, 0x21, 0x0b, 0x00, 0x00, 0x00, 0x00, 0x00, 0x00, 0x00, 0x00, 0x00, 0x00, 0x00, 0x00, 0x24, 0x21, 0x07, 0x24, 0x21, 0xb2,
    0x24, 0x21, 0xff, 0x24, 0x21, 0xbb, 0x24, 0x21, 0xe5, 0x24, 0x21, 0xfa, 0x24, 0x21, 0x4a, 0x00, 0x00, 0x00, 0x00, 0x00, 0x00, 0x00, 0x00, 0x00,
    0x00, 0x00, 0x00, 0x00, 0x00, 0x00, 0x00, 0x00, 0x00, 0x00, 0x00, 0x00, 0x24, 0x21, 0xb3, 0x24, 0x21, 0xf3, 0x00, 0x00, 0x00, 0x24, 0x21, 0x4e,
    0x24, 0x21, 0x9d, 0x24, 0x21, 0xc5, 0x24, 0x21, 0xff, 0x24, 0x21, 0x47, 0x00, 0x00, 0x00, 0x00, 0x00, 0x00, 0x24, 0x21, 0xe2, 0x24, 0x21, 0xb7,
    0x24, 0x21, 0x4f, 0x24, 0x21, 0xff, 0x24, 0x21, 0x2b, 0x24, 0x21, 0x0b, 0x24, 0x21, 0xff, 0x24, 0x21, 0x7f, 0x00, 0x00, 0x00, 0x24, 0x21, 0x9b,
    0x24, 0x21, 0xe7, 0x00, 0x00, 0x00, 0x00, 0x00, 0x00, 0x24, 0x21, 0x2b, 0x24, 0x21, 0xff, 0x24, 0x21, 0x4f, 0x24, 0x21, 0x95, 0x24, 0x21, 0x80,
    0x00, 0x00, 0x00, 0x24, 0x21, 0x87, 0x24, 0x21, 0xff, 0x00, 0x00, 0x00, 0x24, 0x21, 0x1a, 0x24, 0x21, 0x9b, 0x24, 0x21, 0x38, 0x00, 0x00, 0x00,
    0x00, 0x00, 0x00, 0x00, 0x00, 0x00, 0x00, 0x00, 0x00, 0x24, 0x21, 0x4a, 0x24, 0x21, 0xff, 0x24, 0x21, 0x3c, 0x24, 0x21, 0x13, 0x24, 0x21, 0xff,
    0x24, 0x21, 0x5b, 0x00, 0x00, 0x00, 0x00, 0x00, 0x00, 0x00, 0x00, 0x00, 0x24, 0x21, 0x87, 0x24, 0x21, 0xff, 0x24, 0x21, 0x0b, 0x00, 0x00, 0x00,
    0x00, 0x00, 0x00, 0x24, 0x21, 0x01, 0x24, 0x21, 0x4a, 0x24, 0x21, 0xd9, 0x24, 0x21, 0xff, 0x24, 0x21, 0xd6, 0x24, 0x21, 0x15, 0x24, 0x21, 0x30,
    0x24, 0x21, 0xf2, 0x24, 0x21, 0xf9, 0x24, 0x21, 0x9e, 0x24, 0x21, 0x31, 0x00, 0x00, 0x00, 0x00, 0x00, 0x00, 0x00, 0x00, 0x00, 0x00, 0x00, 0x00,
    0x00, 0x00, 0x00, 0x24, 0x21, 0xb3, 0x24, 0x21, 0xf3, 0x00, 0x00, 0x00, 0x24, 0x21, 0x40, 0x24, 0x21, 0xfd, 0x24, 0x21, 0xf2, 0x24, 0x21, 0xb3,
    0x24, 0x21, 0x0d, 0x00, 0x00, 0x00, 0x24, 0x21, 0x1d, 0x24, 0x21, 0xff, 0x24, 0x21, 0x8a, 0x24, 0x21, 0x4f, 0x24, 0x21, 0xff, 0x24, 0x21, 0x2b,
    0x24, 0x21, 0x0b, 0x24, 0x21, 0xff, 0x24, 0x21, 0x7f, 0x00, 0x00, 0x00, 0x24, 0x21, 0x9b, 0x24, 0x21, 0xe7, 0x00, 0x00, 0x00, 0x00, 0x00, 0x00,
    0x24, 0x21, 0x2b, 0x24, 0x21, 0xff, 0x24, 0x21, 0x4f, 0x00, 0x00, 0x00, 0x00, 0x00, 0x00, 0x00, 0x00, 0x00, 0x24, 0x21, 0x87, 0x24, 0x21, 0xff,
    0x00, 0x00, 0x00, 0x00, 0x00, 0x00, 0x00, 0x00, 0x00, 0x00, 0x00, 0x00, 0x00, 0x00, 0x00, 0x00, 0x00, 0x00, 0x00, 0x00, 0x00, 0x00, 0x00, 0x00,
    0x24, 0x21, 0x84, 0x24, 0x21, 0xf8, 0x24, 0x21, 0x36, 0x24, 0x21, 0x8a, 0x24, 0x21, 0xff, 0x24, 0x21, 0x54, 0x00, 0x00, 0x00, 0x24, 0x21, 0x5d,
    0x24, 0x21, 0x99, 0x24, 0x21, 0xdd, 0x24, 0x21, 0xf8, 0x24, 0x21, 0x02, 0x00, 0x00, 0x00, 0x24, 0x21, 0x46, 0x24, 0x21, 0xdd, 0x24, 0x21, 0xff,
    0x24, 0x21, 0xff, 0x24, 0x21, 0xac, 0x24, 0x21, 0x13, 0x00, 0x00, 0x00, 0x00, 0x00, 0x00, 0x24, 0x21, 0x44, 0x24, 0x21, 0xe6, 0x24, 0x21, 0xff,
    0x24, 0x21, 0xff, 0x24, 0x21, 0x71, 0x00, 0x00, 0x00, 0x00, 0x00, 0x00, 0x00, 0x00, 0x00, 0x00, 0x00, 0x00, 0x24, 0x21, 0xb3, 0x24, 0x21, 0xf3,
    0x00, 0x00, 0x00, 0x00, 0x00, 0x00, 0x00, 0x00, 0x00, 0x00, 0x00, 0x00, 0x00, 0x00, 0x00, 0x00, 0x00, 0x00, 0x00, 0x00, 0x00, 0x24, 0x21, 0x75,
    0x24, 0x21, 0xff, 0x24, 0x21, 0x44, 0x24, 0x21, 0x4f, 0x24, 0x21, 0xff, 0x24, 0x21, 0xff, 0x24, 0x21, 0xff, 0x24, 0x21, 0xff, 0x24, 0x21, 0xff,
    0x24, 0x21, 0xff, 0x24, 0x21, 0xff, 0x24, 0x21, 0xe7, 0x00, 0x00, 0x00, 0x00, 0x00, 0x00, 0x24, 0x21, 0x2b, 0x24, 0x21, 0xff, 0x24, 0x21, 0x4f,
    0x00, 0x00, 0x00, 0x00, 0x00, 0x00, 0x00, 0x00, 0x00, 0x24, 0x21, 0x87, 0x24, 0x21, 0xff, 0x00, 0x00, 0x00, 0x00, 0x00, 0x00, 0x00, 0x00, 0x00,
    0x00, 0x00, 0x00, 0x00, 0x00, 0x00, 0x00, 0x00, 0x00, 0x00, 0x00, 0x00, 0x00, 0x00, 0x00, 0x24, 0x21, 0x59, 0x24, 0x21, 0xa5, 0x24, 0x21, 0x20,
    0x24, 0x21, 0xfa, 0x24, 0x21, 0xcf, 0x24, 0x21, 0x17, 0x00, 0x00, 0x00, 0x24, 0x21, 0x51, 0x24, 0x21, 0xfc, 0x24, 0x21, 0xe8, 0x24, 0x21, 0x7b,
    0x00, 0x00, 0x00, 0x00, 0x00, 0x00, 0x24, 0x21, 0x0d, 0x24, 0x21, 0xd5, 0x24, 0x21, 0xb0, 0x24, 0x21, 0x41, 0x00, 0x00, 0x00, 0x00, 0x00, 0x00,
    0x00, 0x00, 0x00, 0x00, 0x00, 0x00, 0x00, 0x00, 0x00, 0x24, 0x21, 0x08, 0x24, 0x21, 0x70, 0x24, 0x21, 0xca, 0x24, 0x21, 0x0e, 0x00, 0x00, 0x00,
    0x00, 0x00, 0x00, 0x00, 0x00, 0x00, 0x00, 0x00, 0x00, 0x24, 0x21, 0xae, 0x24, 0x21, 0xec, 0x00, 0x00, 0x00, 0x00, 0x00, 0x00, 0x00, 0x00, 0x00,
    0x00, 0x00, 0x00, 0x00, 0x00, 0x00, 0x00, 0x00, 0x00, 0x00, 0x00, 0x00, 0x24, 0x21, 0x19, 0x24, 0x21, 0x9c, 0x24, 0x21, 0x03, 0x24, 0x21, 0x1a,
    0x24, 0x21, 0x53, 0x24, 0x21, 0x53, 0x24, 0x21, 0x53, 0x24, 0x21, 0x53, 0x24, 0x21, 0x53, 0x24, 0x21, 0x53, 0x24, 0x21, 0xb0, 0x24, 0x21, 0xd5,
    0x00, 0x00, 0x00, 0x00, 0x00, 0x00, 0x24, 0x21, 0x2b, 0x24, 0x21, 0xff, 0x24, 0x21, 0x4f, 0x00, 0x00, 0x00, 0x00, 0x00, 0x00, 0x00, 0x00, 0x00,
    0x24, 0x21, 0x87, 0x24, 0x21, 0xff, 0x00, 0x00, 0x00, 0x00, 0x00, 0x00, 0x00, 0x00, 0x00, 0x00, 0x00, 0x00, 0x00, 0x00, 0x00, 0x00, 0x00, 0x00,
    0x00, 0x00, 0x00, 0x00, 0x00, 0x00, 0x00, 0x00, 0x00, 0x00, 0x00, 0x00, 0x00, 0x00, 0x00, 0x00, 0x00, 0x00, 0x00, 0x00, 0x00, 0x00, 0x00, 0x00,
    0x00, 0x00, 0x00, 0x00, 0x00, 0x00, 0x00, 0x00, 0x00, 0x00, 0x00, 0x00, 0x00, 0x00, 0x00, 0x00, 0x00, 0x00, 0x00, 0x00, 0x00, 0x00, 0x00, 0x00,
    0x24, 0x21, 0x02, 0x00, 0x00, 0x00, 0x00, 0x00, 0x00, 0x00, 0x00, 0x00, 0x00, 0x00, 0x00, 0x00, 0x00, 0x00, 0x00, 0x00, 0x00, 0x00, 0x00, 0x00,
    0x00, 0x00, 0x00, 0x00, 0x00, 0x00, 0x00, 0x00, 0x00, 0x00, 0x00, 0x00, 0x00, 0x00, 0x00, 0x00, 0x00, 0x00, 0x00, 0x00, 0x00, 0x00, 0x00, 0x00,
    0x00, 0x00, 0x00, 0x00, 0x00, 0x00, 0x00, 0x00, 0x00, 0x00, 0x00, 0x00, 0x00, 0x00, 0x00, 0x00, 0x00, 0x00, 0x00, 0x00, 0x00, 0x00, 0x00, 0x00,
    0x00, 0x00, 0x00, 0x00, 0x00, 0x00, 0x00, 0x00, 0x00, 0x00, 0x00, 0x00, 0x00, 0x00, 0x00, 0x00, 0x00, 0x00, 0x00, 0x00, 0x00, 0x00, 0x00, 0x00,
    0x00, 0x00, 0x00, 0x00, 0x00, 0x00, 0x00, 0x00, 0x00, 0x00, 0x00, 0x00, 0x00, 0x00, 0x00, 0x00, 0x00, 0x00, 0x00, 0x00, 0x00, 0x24, 0x21, 0x02,
    0x24, 0x21, 0x0b, 0x24, 0x21, 0x03, 0x00, 0x00, 0x00, 0x00, 0x00, 0x00, 0x00, 0x00, 0x00, 0x24, 0x21, 0x08, 0x24, 0x21, 0x0f, 0x00, 0x00, 0x00,
    0x00, 0x00, 0x00, 0x00, 0x00, 0x00, 0x00, 0x00, 0x00, 0x00, 0x00, 0x00, 0x00, 0x00, 0x00, 0x00, 0x00, 0x00, 0x00, 0x00, 0x00, 0x00, 0x00, 0x00,
    0x00, 0x00, 0x00, 0x00, 0x00, 0x00, 0x00, 0x00, 0x00, 0x00, 0x00, 0x00, 0x00, 0x00, 0x00, 0x00, 0x00, 0x00, 0x00, 0x00, 0x00, 0x00, 0x00, 0x00,
    0x00, 0x00, 0x00, 0x00, 0x00, 0x00, 0x00, 0x00, 0x00, 0x00, 0x00, 0x00, 0x00, 0x00, 0x00, 0x00, 0x00, 0x00, 0x00, 0x00, 0x00, 0x00, 0x00, 0x00,
    0x00, 0x00, 0x00, 0x00, 0x00, 0x00, 0x00, 0x00, 0x00, 0x00, 0x00, 0x00, 0x00, 0x00, 0x00, 0x00, 0x00, 0x00, 0x00, 0x00, 0x00, 0x00, 0x00, 0x00,
    0x00, 0x00, 0x00, 0x00, 0x00, 0x00, 0x00, 0x00, 0x00, 0x00, 0x00, 0x00, 0x00, 0x00, 0x00, 0x00, 0x00, 0x00, 0x00, 0x00, 0x00, 0x00, 0x00, 0x00,
    0x00, 0x00, 0x00, 0x00, 0x00, 0x00, 0x00, 0x00, 0x00, 0x00, 0x00, 0x00, 0x00, 0x00, 0x00, 0x00, 0x00, 0x00, 0x00, 0x00, 0x00, 0x00, 0x00, 0x00,
    0x00, 0x00, 0x00, 0x00, 0x00, 0x00, 0x00, 0x00, 0x00, 0x00, 0x00, 0x00, 0x00, 0x00, 0x00, 0x00, 0x00, 0x00, 0x00, 0x00, 0x00, 0x00, 0x00, 0x00,
    0x00, 0x00, 0x00, 0x00, 0x00, 0x00, 0x00, 0x00, 0x00, 0x00, 0x00, 0x00, 0x00, 0x00, 0x00, 0x00, 0x00, 0x00, 0x00, 0x00, 0x00, 0x00, 0x00, 0x00,
    0x00, 0x00, 0x00, 0x00, 0x00, 0x00, 0x00, 0x00, 0x00, 0x00, 0x00, 0x00, 0x00, 0x00, 0x00, 0x00, 0x00, 0x00, 0x00, 0x00, 0x00, 0x00, 0x00, 0x00,
    0x00, 0x00, 0x00, 0x00, 0x00, 0x00, 0x00, 0x00, 0x00, 0x00, 0x00, 0x00, 0x00, 0x00, 0x00, 0x00, 0x00, 0x00, 0x00, 0x00, 0x00, 0x00, 0x00, 0x00,
    0x00, 0x00, 0x00, 0x00, 0x00, 0x00, 0x00, 0x00, 0x00, 0x00, 0x00, 0x00, 0x00, 0x00, 0x00, 0x00, 0x00, 0x00, 0x00, 0x00, 0x00, 0x00, 0x00, 0x00,
    0x00, 0x00, 0x00, 0x00, 0x00, 0x00, 0x00, 0x00, 0x00, 0x00, 0x00, 0x00, 0x00, 0x00, 0x00, 0x00, 0x00, 0x00, 0x00, 0x00, 0x00, 0x00, 0x00, 0x00,
    0x00, 0x00, 0x00, 0x00, 0x00, 0x00, 0x00, 0x00, 0x00, 0x00, 0x00, 0x00, 0x00, 0x00, 0x00, 0x00, 0x00, 0x00, 0x00, 0x00, 0x00, 0x00, 0x00, 0x00,
    0x00, 0x00, 0x00, 0x00, 0x00, 0x00, 0x00, 0x00, 0x00, 0x00, 0x00, 0x00, 0x00, 0x00, 0x00, 0x00, 0x00, 0x00, 0x00, 0x00, 0x00, 0x00, 0x00, 0x00,
    0x00, 0x00, 0x00, 0x00, 0x00, 0x00, 0x00, 0x00, 0x00, 0x00, 0x00, 0x00, 0x00, 0x00, 0x00, 0x00, 0x00, 0x00, 0x00, 0x00, 0x00, 0x00, 0x00, 0x00,
    0x00, 0x00, 0x00, 0x00, 0x00, 0x00, 0x00, 0x00, 0x00, 0x00, 0x00, 0x00, 0x00, 0x00, 0x00, 0x00, 0x00, 0x00, 0x00, 0x00, 0x00, 0x00, 0x00, 0x00,
    0x00, 0x00, 0x00, 0x00, 0x00, 0x00, 0x00, 0x00, 0x00, 0x00, 0x00, 0x00, 0x00, 0x00, 0x00, 0x00, 0x00, 0x00, 0x00, 0x00, 0x00, 0x00, 0x00, 0x00,
    0x00, 0x00, 0x00, 0x00, 0x00, 0x00, 0x00, 0x00, 0x00, 0x00, 0x00, 0x00, 0x00, 0x00, 0x00, 0x00, 0x00, 0x00, 0x00, 0x00, 0x00,
};
const lv_img_dsc_t zh_elbow = {
    .header.always_zero = 0,
    .header.w = 69,
    .header.h = 19,
    .data_size = 3933,
    .header.cf = LV_IMG_CF_TRUE_COLOR_ALPHA,
    .data = zh_elbow_map,
};

#ifndef LV_ATTRIBUTE_IMG_ZH_FLOW
#define LV_ATTRIBUTE_IMG_ZH_FLOW
#endif
const LV_ATTRIBUTE_MEM_ALIGN LV_ATTRIBUTE_LARGE_CONST LV_ATTRIBUTE_IMG_ZH_FLOW uint8_t zh_flow_map[] = {
    0x00, 0x00, 0x00, 0x00, 0x00, 0x00, 0x00, 0x00, 0x00, 0x00, 0x00, 0x00, 0x00, 0x00, 0x00, 0x00, 0x00, 0x00, 0x00, 0x00, 0x00, 0x00, 0x00, 0x00,
    0x00, 0x00, 0x00, 0x00, 0x00, 0x00, 0x00, 0x00, 0x00, 0x00, 0x00, 0x00, 0x00, 0x00, 0x00, 0x00, 0x00, 0x00, 0x00, 0x00, 0x00, 0x00, 0x00, 0x00,
    0x00, 0x00, 0x00, 0x00, 0x00, 0x00, 0x00, 0x00, 0x00, 0x00, 0x00, 0x00, 0x00, 0x00, 0x00, 0x00, 0x00, 0x00, 0x00, 0x00, 0x00, 0x00, 0x00, 0x00,
    0x00, 0x00, 0x00, 0x00, 0x00, 0x00, 0x00, 0x00, 0x00, 0x00, 0x00, 0x00, 0x00, 0x00, 0x00, 0x00, 0x00, 0x00, 0x00, 0x00, 0x00, 0x00, 0x00, 0x00,
    0x00, 0x00, 0x00, 0x00, 0x00, 0x00, 0x00, 0x00, 0x00, 0x00, 0x00, 0x00, 0x00, 0x00, 0x00, 0x00, 0x00, 0x00, 0x00, 0x00, 0x00, 0x00, 0x00, 0x00,
    0x00, 0x00, 0x00, 0x00, 0x00, 0x00, 0x00, 0x00, 0x00, 0x00, 0x00, 0x00, 0x00, 0x00, 0x00, 0x00, 0x00, 0x00, 0x00, 0x00, 0x00, 0x00, 0x00, 0x00,
    0x00, 0x00, 0x00, 0x00, 0x00, 0x00, 0x00, 0x00, 0x00, 0x00, 0x00, 0x00, 0x00, 0x00, 0x00, 0x00, 0x00, 0x00, 0x00, 0x00, 0x00, 0x00, 0x00, 0x00,
    0x00, 0x00, 0x00, 0x00, 0x00, 0x00, 0x00, 0x00, 0x00, 0x00, 0x00, 0x00, 0x00, 0x00, 0x00, 0x00, 0x00, 0x00, 0x00, 0x00, 0x00, 0x00, 0x00, 0x00,
    0x00, 0x00, 0x00, 0x00, 0x00, 0x00, 0x00, 0x00, 0x00, 0x00, 0x00, 0x00, 0x00, 0x00, 0x00, 0x00, 0x00, 0x00, 0x00, 0x00, 0x00, 0x00, 0x00, 0x00,
    0x00, 0x00, 0x00, 0x00, 0x00, 0x00, 0x00, 0x00, 0x00, 0x00, 0x00, 0x00, 0x00, 0x00, 0x00, 0x00, 0x00, 0x00, 0x00, 0x00, 0x00, 0x00, 0x00, 0x00,
    0x00, 0x00, 0x00, 0x00, 0x00, 0x00, 0x00, 0x00, 0x00, 0x00, 0x00, 0x00, 0x00, 0x00, 0x00, 0x00, 0x00, 0x00, 0x00, 0x00, 0x00, 0x00, 0x00, 0x00,
    0x00, 0x00, 0x00, 0x00, 0x00, 0x00, 0x00, 0x00, 0x00, 0x00, 0x00, 0x00, 0x00, 0x00, 0x00, 0x00, 0x00, 0x00, 0x00, 0x00, 0x00, 0x00, 0x00, 0x00,
    0x00, 0x00, 0x00, 0x00, 0x00, 0x00, 0x00, 0x00, 0x00, 0x00, 0x00, 0x00, 0x00, 0x00, 0x00, 0x00, 0x00, 0x00, 0x00, 0x00, 0x00, 0x00, 0x00, 0x00,
    0x00, 0x00, 0x00, 0x00, 0x00, 0x00, 0x00, 0x00, 0x00, 0x00, 0x00, 0x00, 0x00, 0x00, 0x00, 0x00, 0x00, 0x00, 0x00, 0x00, 0x00, 0x00, 0x00, 0x00,
    0x00, 0x00, 0x00, 0x00, 0x00, 0x00, 0x00, 0x00, 0x00, 0x00, 0x00, 0x00, 0x00, 0x00, 0x00, 0x00, 0x00, 0x00, 0x00, 0x00, 0x00, 0x00, 0x00, 0x00,
    0x00, 0x00, 0x00, 0x00, 0x00, 0x00, 0x00, 0x00, 0x00, 0x00, 0x00, 0x00, 0x00, 0x00, 0x00, 0x00, 0x00, 0x00, 0x00, 0x00, 0x00, 0x00, 0x00, 0x00,
    0x00, 0x00, 0x00, 0x00, 0x00, 0x00, 0x00, 0x00, 0x00, 0x00, 0x00, 0x00, 0x00, 0x00, 0x00, 0x00, 0x00, 0x00, 0x00, 0x00, 0x00, 0x00, 0x00, 0x00,
    0x00, 0x00, 0x00, 0x00, 0x00, 0x00, 0x00, 0x00, 0x00, 0x00, 0x00, 0x00, 0x00, 0x00, 0x00, 0x00, 0x00, 0x00, 0x00, 0x00, 0x00, 0x00, 0x00, 0x00,
    0x00, 0x00, 0x00, 0x00, 0x00, 0x00, 0x00, 0x00, 0x00, 0x00, 0x00, 0x00, 0x00, 0x00, 0x00, 0x00, 0x00, 0x00, 0x00, 0x00, 0x00, 0x00, 0x00, 0x00,
    0x00, 0x00, 0x00, 0x00, 0x00, 0x00, 0x00, 0x00, 0x00, 0x00, 0x00, 0x00, 0x00, 0x00, 0x00, 0x00, 0x00, 0x00, 0x00, 0x00, 0x00, 0x00, 0x00, 0x00,
    0x00, 0x00, 0x00, 0x00, 0x00, 0x00, 0x00, 0x00, 0x00, 0x00, 0x00, 0x00, 0x00, 0x00, 0x00, 0x00, 0x00, 0x00, 0x00, 0x00, 0x00, 0x00, 0x00, 0x00,
    0x00, 0x00, 0x00, 0x00, 0x00, 0x00, 0x00, 0x00, 0x00, 0x00, 0x00, 0x00, 0x00, 0x00, 0x00, 0x00, 0x00, 0x00, 0x00, 0x00, 0x00, 0x00, 0x00, 0x00,
    0x00, 0x00, 0x00, 0x00, 0x00, 0x00, 0x00, 0x00, 0x00, 0x00, 0x00, 0x00, 0x00, 0x00, 0x00, 0x00, 0x00, 0x00, 0x00, 0x00, 0x00, 0x00, 0x00, 0x00,
    0x24, 0x21, 0x0d, 0x00, 0x00, 0x00, 0x00, 0x00, 0x00, 0x00, 0x00, 0x00, 0x00, 0x00, 0x00, 0x00, 0x00, 0x00, 0x00, 0x00, 0x00, 0x00, 0x00, 0x00,
    0x00, 0x00, 0x00, 0x00, 0x00, 0x00, 0x00, 0x00, 0x00, 0x00, 0x00, 0x00, 0x00, 0x00, 0x00, 0x00, 0x00, 0x00, 0x00, 0x00, 0x00, 0x00, 0x00, 0x00,
    0x00, 0x00, 0x00, 0x00, 0x00, 0x00, 0x00, 0x00, 0x00, 0x00, 0x00, 0x00, 0x00, 0x00, 0x00, 0x00, 0x00, 0x00, 0x00, 0x00, 0x00, 0x00, 0x00, 0x00,
    0x00, 0x00, 0x00, 0x00, 0x00, 0x00, 0x00, 0x00, 0x00, 0x00, 0x00, 0x00, 0x00, 0x00, 0x00, 0x00, 0x00, 0x00, 0x00, 0x00, 0x00, 0x00, 0x00, 0x00,
    0x00, 0x00, 0x00, 0x00, 0x00, 0x00, 0x00, 0x00, 0x00, 0x00, 0x00, 0x00, 0x00, 0x00, 0x00, 0x00, 0x00, 0x00, 0x00, 0x00, 0x00, 0x00, 0x00, 0x00,
    0x00, 0x00, 0x00, 0x00, 0x00, 0x00, 0x00, 0x00, 0x00, 0x00, 0x00, 0x00, 0x00, 0x00, 0x00, 0x00, 0x00, 0x00, 0x00, 0x00, 0x00, 0x00, 0x00, 0x00,
    0x00, 0x00, 0x00, 0x00, 0x00, 0x00, 0x00, 0x00, 0x00, 0x00, 0x00, 0x00, 0x00, 0x00, 0x00, 0x00, 0x00, 0x00, 0x00, 0x00, 0x00, 0x00, 0x00, 0x00,
    0x00, 0x00, 0x00, 0x00, 0x00, 0x00, 0x00, 0x00, 0x00, 0x00, 0x00, 0x00, 0x00, 0x00, 0x00, 0x00, 0x00, 0x00, 0x00, 0x00, 0x00, 0x00, 0x00, 0x00,
    0x00, 0x00, 0x00, 0x00, 0x00, 0x00, 0x00, 0x00, 0x00, 0x00, 0x00, 0x00, 0x00, 0x00, 0x00, 0x00, 0x00, 0x00, 0x00, 0x00, 0x00, 0x00, 0x00, 0x00,
    0x00, 0x00, 0x00, 0x00, 0x00, 0x00, 0x00, 0x00, 0x00, 0x00, 0x00, 0x00, 0x00, 0x00, 0x00, 0x00, 0x00, 0x00, 0x00, 0x00, 0x00, 0x00, 0x00, 0x00,
    0x00, 0x00, 0x00, 0x00, 0x00, 0x00, 0x00, 0x00, 0x00, 0x00, 0x00, 0x00, 0x00, 0x00, 0x00, 0x00, 0x00, 0x00, 0x00, 0x00, 0x00, 0x24, 0x21, 0x04,
    0x24, 0x21, 0xc7, 0x24, 0x21, 0xcd, 0x24, 0x21, 0x23, 0x00, 0x00, 0x00, 0x00, 0x00, 0x00, 0x00, 0x00, 0x00, 0x00, 0x00, 0x00, 0x00, 0x00, 0x00,
    0x00, 0x00, 0x00, 0x00, 0x00, 0x00, 0x00, 0x00, 0x00, 0x00, 0x00, 0x00, 0x00, 0x00, 0x00, 0x00, 0x00, 0x00, 0x00, 0x00, 0x00, 0x00, 0x00, 0x00,
    0x00, 0x00, 0x00, 0x00, 0x00, 0x00, 0x00, 0x00, 0x00, 0x00, 0x00, 0x00, 0x00, 0x00, 0x00, 0x00, 0x00, 0x00, 0x00, 0x00, 0x00, 0x00, 0x00, 0x00,
    0x00, 0x00, 0x00, 0x00, 0x00, 0x00, 0x00, 0x00, 0x00, 0x00, 0x00, 0x00, 0x00, 0x00, 0x00, 0x00, 0x00, 0x00, 0x24, 0x21, 0x4d, 0x24, 0x21, 0xd3,
    0x24, 0x21, 0x3e, 0x00, 0x00, 0x00, 0x00, 0x00, 0x00, 0x00, 0x00, 0x00, 0x00, 0x00, 0x00, 0x00, 0x00, 0x00, 0x00, 0x00, 0x00, 0x24, 0x21, 0xa7,
    0x24, 0x21, 0xa6, 0x24, 0x21, 0x06, 0x24, 0x21, 0x06, 0x24, 0x21, 0xbe, 0x24, 0x21, 0x6b, 0x00, 0x00, 0x00, 0x00, 0x00, 0x00, 0x00, 0x00, 0x00,
    0x00, 0x00, 0x00, 0x00, 0x00, 0x00, 0x00, 0x00, 0x00, 0x24, 0x21, 0x43, 0x24, 0x21, 0x73, 0x24, 0x21, 0x04, 0x00, 0x00, 0x00, 0x00, 0x00, 0x00,
    0x00, 0x00, 0x00, 0x24, 0x21, 0x22, 0x24, 0x21, 0xcc, 0x24, 0x21, 0x6b, 0x00, 0x00, 0x00, 0x00, 0x00, 0x00, 0x00, 0x00, 0x00, 0x00, 0x00, 0x00,
    0x00, 0x00, 0x00, 0x00, 0x00, 0x00, 0x24, 0x21, 0x16, 0x24, 0x21, 0x66, 0x24, 0x21, 0xb1, 0x24, 0x21, 0x10, 0x24, 0x21, 0x3c, 0x24, 0x21, 0x67,
    0x24, 0x21, 0x67, 0x24, 0x21, 0x67, 0x24, 0x21, 0x67, 0x24, 0x21, 0x67, 0x24, 0x21, 0x5a, 0x00, 0x00, 0x00, 0x00, 0x00, 0x00, 0x00, 0x00, 0x00,
    0x00, 0x00, 0x00, 0x00, 0x00, 0x00, 0x00, 0x00, 0x00, 0x00, 0x00, 0x00, 0x00, 0x00, 0x00, 0x00, 0x00, 0x00, 0x00, 0x00, 0x00, 0x24, 0x21, 0x92,
    0x24, 0x21, 0xff, 0x24, 0x21, 0xff, 0x24, 0x21, 0x88, 0x00, 0x00, 0x00, 0x00, 0x00, 0x00, 0x00, 0x00, 0x00, 0x00, 0x00, 0x00, 0x00, 0x00, 0x00,
    0x00, 0x00, 0x00, 0x00, 0x00, 0x00, 0x24, 0x21, 0xd7, 0x24, 0x21, 0xff, 0x24, 0x21, 0xff, 0x24, 0x21, 0xff, 0x24, 0x21, 0xff, 0x24, 0x21, 0xff,
    0x24, 0x21, 0xff, 0x24, 0x21, 0xff, 0x24, 0x21, 0xff, 0x24, 0x21, 0xeb, 0x00, 0x00, 0x00, 0x00, 0x00, 0x00, 0x00, 0x00, 0x00, 0x24, 0x21, 0xdf,
    0x24, 0x21, 0xff, 0x24, 0x21, 0xff, 0x24, 0x21, 0xff, 0x24, 0x21, 0xff, 0x24, 0x21, 0x9f, 0x00, 0x00, 0x00, 0x24, 0x21, 0x5e, 0x24, 0x21, 0xff,
    0x24, 0x21, 0x49, 0x00, 0x00, 0x00, 0x00, 0x00, 0x00, 0x00, 0x00, 0x00, 0x00, 0x00, 0x00, 0x00, 0x00, 0x00, 0x24, 0x21, 0x27, 0x24, 0x21, 0xfe,
    0x24, 0x21, 0xb8, 0x00, 0x00, 0x00, 0x24, 0x21, 0x57, 0x24, 0x21, 0xff, 0x24, 0x21, 0x79, 0x00, 0x00, 0x00, 0x00, 0x00, 0x00, 0x00, 0x00, 0x00,
    0x00, 0x00, 0x00, 0x00, 0x00, 0x00, 0x00, 0x00, 0x00, 0x24, 0x21, 0xc4, 0x24, 0x21, 0xff, 0x24, 0x21, 0xc8, 0x24, 0x21, 0x19, 0x00, 0x00, 0x00,
    0x00, 0x00, 0x00, 0x24, 0x21, 0x06, 0x24, 0x21, 0xf1, 0x24, 0x21, 0xc3, 0x00, 0x00, 0x00, 0x00, 0x00, 0x00, 0x00, 0x00, 0x00, 0x00, 0x00, 0x00,
    0x24, 0x21, 0x5a, 0x24, 0x21, 0xde, 0x24, 0x21, 0xff, 0x24, 0x21, 0xff, 0x24, 0x21, 0xff, 0x24, 0x21, 0x9a, 0x24, 0x21, 0x93, 0x24, 0x21, 0xff,
    0x24, 0x21, 0xff, 0x24, 0x21, 0xff, 0x24, 0x21, 0xff, 0x24, 0x21, 0xff, 0x24, 0x21, 0xdf, 0x00, 0x00, 0x00, 0x00, 0x00, 0x00, 0x00, 0x00, 0x00,
    0x00, 0x00, 0x00, 0x00, 0x00, 0x00, 0x00, 0x00, 0x00, 0x00, 0x00, 0x00, 0x00, 0x00, 0x00, 0x24, 0x21, 0x01, 0x24, 0x21, 0x91, 0x24, 0x21, 0xff,
    0x24, 0x21, 0xe3, 0x24, 0x21, 0xc9, 0x24, 0x21, 0xff, 0x24, 0x21, 0x9a, 0x24, 0x21, 0x06, 0x00, 0x00, 0x00, 0x00, 0x00, 0x00, 0x00, 0x00, 0x00,
    0x00, 0x00, 0x00, 0x00, 0x00, 0x00, 0x24, 0x21, 0xd7, 0x24, 0x21, 0xf6, 0x24, 0x21, 0xb3, 0x24, 0x21, 0xb3, 0x24, 0x21, 0xb3, 0x24, 0x21, 0xb3,
    0x24, 0x21, 0xb3, 0x24, 0x21, 0xb3, 0x24, 0x21, 0xf6, 0x24, 0x21, 0xeb, 0x00, 0x00, 0x00, 0x00, 0x00, 0x00, 0x00, 0x00, 0x00, 0x24, 0x21, 0x6c,
    0x24, 0x21, 0x7b, 0x24, 0x21, 0x7b, 0x24, 0x21, 0x7b, 0x24, 0x21, 0x7b, 0x24, 0x21, 0x4d, 0x00, 0x00, 0x00, 0x24, 0x21, 0x5f, 0x24, 0x21, 0xff,
    0x24, 0x21, 0x48, 0x00, 0x00, 0x00, 0x00, 0x00, 0x00, 0x00, 0x00, 0x00, 0x00, 0x00, 0x00, 0x00, 0x00, 0x00, 0x24, 0x21, 0x98, 0x24, 0x21, 0xff,
    0x24, 0x21, 0x45, 0x00, 0x00, 0x00, 0x24, 0x21, 0xbe, 0x24, 0x21, 0xff, 0x24, 0x21, 0xae, 0x24, 0x21, 0x97, 0x24, 0x21, 0x97, 0x24, 0x21, 0x97,
    0x24, 0x21, 0x97, 0x24, 0x21, 0x5c, 0x00, 0x00, 0x00, 0x24, 0x21, 0x0e, 0x24, 0x21, 0x96, 0x24, 0x21, 0xf6, 0x24, 0x21, 0xa3, 0x24, 0x21, 0xff,
    0x24, 0x21, 0xff, 0x24, 0x21, 0xff, 0x24, 0x21, 0xff, 0x24, 0x21, 0xff, 0x24, 0x21, 0xff, 0x24, 0x21, 0xff, 0x24, 0x21, 0xff, 0x24, 0x21, 0x43,
    0x24, 0x21, 0x2a, 0x24, 0x21, 0x93, 0x24, 0x21, 0xaf, 0x24, 0x21, 0xff, 0x24, 0x21, 0x74, 0x24, 0x21, 0x0f, 0x24, 0x21, 0x93, 0x24, 0x21, 0xf7,
    0x00, 0x00, 0x00, 0x00, 0x00, 0x00, 0x00, 0x00, 0x00, 0x24, 0x21, 0xbf, 0x24, 0x21, 0xdf, 0x00, 0x00, 0x00, 0x00, 0x00, 0x00, 0x00, 0x00, 0x00,
    0x00, 0x00, 0x00, 0x00, 0x00, 0x00, 0x00, 0x00, 0x00, 0x00, 0x00, 0x00, 0x24, 0x21, 0x15, 0x24, 0x21, 0xb4, 0x24, 0x21, 0xff, 0x24, 0x21, 0xe1,
    0x24, 0x21, 0x22, 0x24, 0x21, 0x0c, 0x24, 0x21, 0xbf, 0x24, 0x21, 0xff, 0x24, 0x21, 0xcb, 0x24, 0x21, 0x32, 0x00, 0x00, 0x00, 0x00, 0x00, 0x00,
    0x00, 0x00, 0x00, 0x00, 0x00, 0x00, 0x24, 0x21, 0xd7, 0x24, 0x21, 0xdf, 0x00, 0x00, 0x00, 0x00, 0x00, 0x00, 0x00, 0x00, 0x00, 0x00, 0x00, 0x00,
    0x00, 0x00, 0x00, 0x00, 0x00, 0x00, 0x24, 0x21, 0xdf, 0x24, 0x21, 0xeb, 0x00, 0x00, 0x00, 0x00, 0x00, 0x00, 0x00, 0x00, 0x00, 0x00, 0x00, 0x00,
    0x00, 0x00, 0x00, 0x00, 0x00, 0x00, 0x00, 0x00, 0x00, 0x00, 0x00, 0x00, 0x00, 0x00, 0x00, 0x24, 0x21, 0x94, 0x24, 0x21, 0xc1, 0x24, 0x21, 0xff,
    0x24, 0x21, 0xb8, 0x24, 0x21, 0x9b, 0x24, 0x21, 0x9b, 0x24, 0x21, 0x31, 0x00, 0x00, 0x00, 0x24, 0x21, 0x25, 0x24, 0x21, 0xf7, 0x24, 0x21, 0xdc,
    0x00, 0x00, 0x00, 0x24, 0x21, 0x34, 0x24, 0x21, 0xfe, 0x24, 0x21, 0xff, 0x24, 0x21, 0xff, 0x24, 0x21, 0xff, 0x24, 0x21, 0xff, 0x24, 0x21, 0xff,
    0x24, 0x21, 0xff, 0x24, 0x21, 0x9b, 0x00, 0x00, 0x00, 0x00, 0x00, 0x00, 0x00, 0x00, 0x00, 0x24, 0x21, 0x21, 0x24, 0x21, 0x3b, 0x24, 0x21, 0x7f,
    0x24, 0x21, 0xa1, 0x24, 0x21, 0xff, 0x24, 0x21, 0xcf, 0x24, 0x21, 0x7f, 0x24, 0x21, 0xc1, 0x24, 0x21, 0xc4, 0x24, 0x21, 0x7f, 0x24, 0x21, 0x21,
    0x00, 0x00, 0x00, 0x00, 0x00, 0x00, 0x24, 0x21, 0x6b, 0x24, 0x21, 0xff, 0x24, 0x21, 0x33, 0x00, 0x00, 0x00, 0x24, 0x21, 0x93, 0x24, 0x21, 0xf7,
    0x00, 0x00, 0x00, 0x00, 0x00, 0x00, 0x00, 0x00, 0x00, 0x24, 0x21, 0xbf, 0x24, 0x21, 0xdf, 0x00, 0x00, 0x00, 0x00, 0x00, 0x00, 0x00, 0x00, 0x00,
    0x00, 0x00, 0x00, 0x00, 0x00, 0x00, 0x24, 0x21, 0x02, 0x24, 0x21, 0x61, 0x24, 0x21, 0xe7, 0x24, 0x21, 0xff, 0x24, 0x21, 0xdf, 0x24, 0x21, 0x47,
    0x24, 0x21, 0xc9, 0x24, 0x21, 0x31, 0x24, 0x21, 0x09, 0x24, 0x21, 0xb6, 0x24, 0x21, 0xff, 0x24, 0x21, 0xfd, 0x24, 0x21, 0x98, 0x24, 0x21, 0x14,
    0x00, 0x00, 0x00, 0x00, 0x00, 0x00, 0x24, 0x21, 0xd7, 0x24, 0x21, 0xdf, 0x00, 0x00, 0x00, 0x00, 0x00, 0x00, 0x00, 0x00, 0x00, 0x00, 0x00, 0x00,
    0x00, 0x00, 0x00, 0x00, 0x00, 0x00, 0x24, 0x21, 0xdf, 0x24, 0x21, 0xeb, 0x00, 0x00, 0x00, 0x00, 0x00, 0x00, 0x24, 0x21, 0x1a, 0x24, 0x21, 0x4f,
    0x24, 0x21, 0x4f, 0x24, 0x21, 0x4f, 0x24, 0x21, 0x4f, 0x24, 0x21, 0x4f, 0x24, 0x21, 0x47, 0x24, 0x21, 0xf3, 0x24, 0x21, 0xff, 0x24, 0x21, 0xff,
    0x24, 0x21, 0xff, 0x24, 0x21, 0xff, 0x24, 0x21, 0xff, 0x24, 0x21, 0x4d, 0x24, 0x21, 0x01, 0x24, 0x21, 0xc1, 0x24, 0x21, 0xff, 0x24, 0x21, 0xc7,
    0x24, 0x21, 0x02, 0x24, 0x21, 0xcb, 0x24, 0x21, 0xfc, 0x24, 0x21, 0x42, 0x24, 0x21, 0xff, 0x24, 0x21, 0x9b, 0x00, 0x00, 0x00, 0x00, 0x00, 0x00,
    0x00, 0x00, 0x00, 0x00, 0x00, 0x00, 0x24, 0x21, 0x01, 0x24, 0x21, 0x69, 0x24, 0x21, 0x12, 0x00, 0x00, 0x00, 0x00, 0x00, 0x00, 0x24, 0x21, 0x06,
    0x24, 0x21, 0xc9, 0x24, 0x21, 0xf3, 0x24, 0x21, 0x23, 0x24, 0x21, 0x02, 0x24, 0x21, 0xcb, 0x24, 0x21, 0xf2, 0x24, 0x21, 0x26, 0x00, 0x00, 0x00,
    0x24, 0x21, 0x3d, 0x24, 0x21, 0x8b, 0x24, 0x21, 0xbc, 0x24, 0x21, 0xff, 0x24, 0x21, 0xa3, 0x24, 0x21, 0x62, 0x24, 0x21, 0x93, 0x24, 0x21, 0xff,
    0x24, 0x21, 0xff, 0x24, 0x21, 0xff, 0x24, 0x21, 0xff, 0x24, 0x21, 0xff, 0x24, 0x21, 0xdf, 0x00, 0x00, 0x00, 0x00, 0x00, 0x00, 0x00, 0x00, 0x00,
    0x00, 0x00, 0x00, 0x00, 0x00, 0x00, 0x24, 0x21, 0x61, 0x24, 0x21, 0xff, 0x24, 0x21, 0xff, 0x24, 0x21, 0xa9, 0x24, 0x21, 0x13, 0x24, 0x21, 0x48,
    0x24, 0x21, 0xf6, 0x24, 0x21, 0xf6, 0x24, 0x21, 0x4e, 0x24, 0x21, 0x02, 0x24, 0x21, 0x79, 0x24, 0x21, 0xfa, 0x24, 0x21, 0xff, 0x24, 0x21, 0x51,
    0x00, 0x00, 0x00, 0x00, 0x00, 0x00, 0x24, 0x21, 0xd7, 0x24, 0x21, 0xdf, 0x00, 0x00, 0x00, 0x00, 0x00, 0x00, 0x00, 0x00, 0x00, 0x00, 0x00, 0x00,
    0x00, 0x00, 0x00, 0x00, 0x00, 0x00, 0x24, 0x21, 0xdf, 0x24, 0x21, 0xeb, 0x00, 0x00, 0x00, 0x00, 0x00, 0x00, 0x24, 0x21, 0x53, 0x24, 0x21, 0xff,
    0x24, 0x21, 0xff, 0x24, 0x21, 0xff, 0x24, 0x21, 0xff, 0x24, 0x21, 0xff, 0x24, 0x21, 0xe3, 0x00, 0x00, 0x00, 0x24, 0x21, 0x7d, 0x24, 0x21, 0xff,
    0x24, 0x21, 0x2b, 0x24, 0x21, 0x5c, 0x24, 0x21, 0xff, 0x24, 0x21, 0x46, 0x24, 0x21, 0x68, 0x24, 0x21, 0xff, 0x24, 0x21, 0xff, 0x24, 0x21, 0xc7,
    0x24, 0x21, 0x6b, 0x24, 0x21, 0xff, 0x24, 0x21, 0xa6, 0x24, 0x21, 0x1f, 0x24, 0x21, 0xff, 0x24, 0x21, 0x9b, 0x00, 0x00, 0x00, 0x00, 0x00, 0x00,
    0x00, 0x00, 0x00, 0x00, 0x00, 0x00, 0x24, 0x21, 0x56, 0x24, 0x21, 0xff, 0x24, 0x21, 0xf1, 0x24, 0x21, 0x65, 0x24, 0x21, 0x2b, 0x24, 0x21, 0xd9,
    0x24, 0x21, 0xff, 0x24, 0x21, 0xea, 0x24, 0x21, 0xcc, 0x24, 0x21, 0xdb, 0x24, 0x21, 0xf1, 0x24, 0x21, 0xff, 0x24, 0x21, 0xcd, 0x24, 0x21, 0x04,
    0x24, 0x21, 0x6f, 0x24, 0x21, 0xff, 0x24, 0x21, 0xff, 0x24, 0x21, 0xff, 0x24, 0x21, 0xff, 0x24, 0x21, 0xb3, 0x24, 0x21, 0x3e, 0x24, 0x21, 0x6b,
    0x24, 0x21, 0x6b, 0x24, 0x21, 0x6b, 0x24, 0x21, 0x6b, 0x24, 0x21, 0x6b, 0x24, 0x21, 0x5e, 0x00, 0x00, 0x00, 0x00, 0x00, 0x00, 0x00, 0x00, 0x00,
    0x00, 0x00, 0x00, 0x00, 0x00, 0x00, 0x00, 0x00, 0x00, 0x24, 0x21, 0x9d, 0x24, 0x21, 0x57, 0x00, 0x00, 0x00, 0x00, 0x00, 0x00, 0x00, 0x00, 0x00,
    0x24, 0x21, 0x3c, 0x24, 0x21, 0xef, 0x24, 0x21, 0xe3, 0x24, 0x21, 0x09, 0x00, 0x00, 0x00, 0x24, 0x21, 0x31, 0x24, 0x21, 0x6e, 0x00, 0x00, 0x00,
    0x00, 0x00, 0x00, 0x00, 0x00, 0x00, 0x24, 0x21, 0xd7, 0x24, 0x21, 0xff, 0x24, 0x21, 0xff, 0x24, 0x21, 0xff, 0x24, 0x21, 0xff, 0x24, 0x21, 0xff,
    0x24, 0x21, 0xff, 0x24, 0x21, 0xff, 0x24, 0x21, 0xff, 0x24, 0x21, 0xeb, 0x00, 0x00, 0x00, 0x00, 0x00, 0x00, 0x00, 0x00, 0x00, 0x00, 0x00, 0x00,
    0x24, 0x21, 0xb6, 0x24, 0x21, 0xf4, 0x24, 0x21, 0x06, 0x00, 0x00, 0x00, 0x00, 0x00, 0x00, 0x00, 0x00, 0x00, 0x24, 0x21, 0x96, 0x24, 0x21, 0xff,
    0x24, 0x21, 0x14, 0x24, 0x21, 0x64, 0x24, 0x21, 0xff, 0x24, 0x21, 0x3e, 0x24, 0x21, 0x65, 0x24, 0x21, 0xfd, 0x24, 0x21, 0xfb, 0x24, 0x21, 0xc7,
    0x24, 0x21, 0x58, 0x24, 0x21, 0xe9, 0x24, 0x21, 0x1c, 0x24, 0x21, 0x1f, 0x24, 0x21, 0xff, 0x24, 0x21, 0xff, 0x24, 0x21, 0xff, 0x24, 0x21, 0xff,
    0x24, 0x21, 0xff, 0x24, 0x21, 0x3f, 0x24, 0x21, 0x02, 0x24, 0x21, 0x60, 0x24, 0x21, 0xed, 0x24, 0x21, 0xa0, 0x24, 0x21, 0x1d, 0x24, 0x21, 0xff,
    0x24, 0x21, 0xf2, 0x24, 0x21, 0xd9, 0x24, 0x21, 0xc3, 0x24, 0x21, 0xae, 0x24, 0x21, 0x9a, 0x24, 0x21, 0xa8, 0x24, 0x21, 0xfe, 0x24, 0x21, 0x47,
    0x00, 0x00, 0x00, 0x24, 0x21, 0x01, 0x24, 0x21, 0xda, 0x24, 0x21, 0xff, 0x24, 0x21, 0x68, 0x24, 0x21, 0x03, 0x24, 0x21, 0x6f, 0x24, 0x21, 0x6f,
    0x24, 0x21, 0x6f, 0x24, 0x21, 0x6f, 0x24, 0x21, 0x6f, 0x24, 0x21, 0x6f, 0x24, 0x21, 0x6f, 0x24, 0x21, 0x1b, 0x00, 0x00, 0x00, 0x00, 0x00, 0x00,
    0x00, 0x00, 0x00, 0x00, 0x00, 0x00, 0x00, 0x00, 0x00, 0x00, 0x00, 0x00, 0x24, 0x21, 0x9b, 0x24, 0x21, 0xb7, 0x24, 0x21, 0xb7, 0x24, 0x21, 0xb7,
    0x24, 0x21, 0xb7, 0x24, 0x21, 0xd9, 0x24, 0x21, 0xd8, 0x24, 0x21, 0xb7, 0x24, 0x21, 0xb9, 0x24, 0x21, 0x9b, 0x24, 0x21, 0x19, 0x00, 0x00, 0x00,
    0x00, 0x00, 0x00, 0x00, 0x00, 0x00, 0x24, 0x21, 0xd7, 0x24, 0x21, 0xf4, 0x24, 0x21, 0xa7, 0x24, 0x21, 0xa7, 0x24, 0x21, 0xa7, 0x24, 0x21, 0xa7,
    0x24, 0x21, 0xa7, 0x24, 0x21, 0xa7, 0x24, 0x21, 0xf4, 0x24, 0x21, 0xeb, 0x00, 0x00, 0x00, 0x00, 0x00, 0x00, 0x00, 0x00, 0x00, 0x24, 0x21, 0x02,
    0x24, 0x21, 0xf0, 0x24, 0x21, 0xb0, 0x24, 0x21, 0x1a, 0x24, 0x21, 0x96, 0x24, 0x21, 0x23, 0x00, 0x00, 0x00, 0x24, 0x21, 0xb0, 0x24, 0x21, 0xfa,
    0x24, 0x21, 0x01, 0x24, 0x21, 0x6d, 0x24, 0x21, 0xff, 0x24, 0x21, 0x36, 0x24, 0x21, 0x04, 0x24, 0x21, 0x5b, 0x24, 0x21, 0xe7, 0x24, 0x21, 0xc7,
    0x00, 0x00, 0x00, 0x24, 0x21, 0x10, 0x00, 0x00, 0x00, 0x24, 0x21, 0x1f, 0x24, 0x21, 0xff, 0x24, 0x21, 0xd1, 0x24, 0x21, 0x87, 0x24, 0x21, 0x87,
    0x24, 0x21, 0x87, 0x24, 0x21, 0x21, 0x00, 0x00, 0x00, 0x00, 0x00, 0x00, 0x24, 0x21, 0x1e, 0x24, 0x21, 0x15, 0x00, 0x00, 0x00, 0x24, 0x21, 0x4b,
    0x24, 0x21, 0x6c, 0x24, 0x21, 0x0d, 0x24, 0x21, 0x6b, 0x24, 0x21, 0x28, 0x24, 0x21, 0x50, 0x24, 0x21, 0x57, 0x24, 0x21, 0x3d, 0x00, 0x00, 0x00,
    0x00, 0x00, 0x00, 0x24, 0x21, 0x4a, 0x24, 0x21, 0xff, 0x24, 0x21, 0xff, 0x24, 0x21, 0xfd, 0x24, 0x21, 0x62, 0x24, 0x21, 0xff, 0x24, 0x21, 0xff,
    0x24, 0x21, 0xff, 0x24, 0x21, 0xff, 0x24, 0x21, 0xff, 0x24, 0x21, 0xff, 0x24, 0x21, 0xff, 0x24, 0x21, 0x3f, 0x00, 0x00, 0x00, 0x00, 0x00, 0x00,
    0x00, 0x00, 0x00, 0x00, 0x00, 0x00, 0x00, 0x00, 0x00, 0x00, 0x00, 0x00, 0x24, 0x21, 0xd7, 0x24, 0x21, 0xff, 0x24, 0x21, 0xff, 0x24, 0x21, 0xff,
    0x24, 0x21, 0xff, 0x24, 0x21, 0xff, 0x24, 0x21, 0xff, 0x24, 0x21, 0xff, 0x24, 0x21, 0xff, 0x24, 0x21, 0xe0, 0x24, 0x21, 0x0e, 0x00, 0x00, 0x00,
    0x00, 0x00, 0x00, 0x00, 0x00, 0x00, 0x24, 0x21, 0xd7, 0x24, 0x21, 0xdf, 0x00, 0x00, 0x00, 0x00, 0x00, 0x00, 0x00, 0x00, 0x00, 0x00, 0x00, 0x00,
    0x00, 0x00, 0x00, 0x00, 0x00, 0x00, 0x24, 0x21, 0xdf, 0x24, 0x21, 0xeb, 0x00, 0x00, 0x00, 0x00, 0x00, 0x00, 0x00, 0x00, 0x00, 0x24, 0x21, 0x33,
    0x24, 0x21, 0xff, 0x24, 0x21, 0x67, 0x24, 0x21, 0x0d, 0x24, 0x21, 0xf6, 0x24, 0x21, 0x83, 0x00, 0x00, 0x00, 0x24, 0x21, 0xd8, 0x24, 0x21, 0xce,
    0x00, 0x00, 0x00, 0x24, 0x21, 0x7a, 0x24, 0x21, 0xff, 0x24, 0x21, 0x2a, 0x00, 0x00, 0x00, 0x00, 0x00, 0x00, 0x24, 0x21, 0xe7, 0x24, 0x21, 0xc7,
    0x00, 0x00, 0x00, 0x00, 0x00, 0x00, 0x00, 0x00, 0x00, 0x24, 0x21, 0x1f, 0x24, 0x21, 0xff, 0x24, 0x21, 0x9b, 0x00, 0x00, 0x00, 0x00, 0x00, 0x00,
    0x00, 0x00, 0x00, 0x00, 0x00, 0x00, 0x00, 0x00, 0x00, 0x00, 0x00, 0x00, 0x24, 0x21, 0x02, 0x24, 0x21, 0x87, 0x24, 0x21, 0x05, 0x24, 0x21, 0x78,
    0x24, 0x21, 0xff, 0x24, 0x21, 0x1f, 0x24, 0x21, 0xff, 0x24, 0x21, 0x5f, 0x24, 0x21, 0xbf, 0x24, 0x21, 0xc7, 0x00, 0x00, 0x00, 0x00, 0x00, 0x00,
    0x24, 0x21, 0x01, 0x24, 0x21, 0xc5, 0x24, 0x21, 0xfc, 0x24, 0x21, 0xff, 0x24, 0x21, 0xd2, 0x24, 0x21, 0xd3, 0x00, 0x00, 0x00, 0x00, 0x00, 0x00,
    0x24, 0x21, 0x3b, 0x24, 0x21, 0xff, 0x24, 0x21, 0x6f, 0x00, 0x00, 0x00, 0x00, 0x00, 0x00, 0x00, 0x00, 0x00, 0x00, 0x00, 0x00, 0x00, 0x00, 0x00,
    0x00, 0x00, 0x00, 0x00, 0x00, 0x00, 0x00, 0x00, 0x00, 0x00, 0x00, 0x00, 0x00, 0x00, 0x00, 0x00, 0x00, 0x00, 0x00, 0x00, 0x00, 0x00, 0x00, 0x00,
    0x00, 0x00, 0x00, 0x00, 0x00, 0x00, 0x24, 0x21, 0x1d, 0x24, 0x21, 0xed, 0x24, 0x21, 0xfd, 0x24, 0x21, 0x3e, 0x00, 0x00, 0x00, 0x00, 0x00, 0x00,
    0x00, 0x00, 0x00, 0x00, 0x00, 0x00, 0x24, 0x21, 0xd7, 0x24, 0x21, 0xdf, 0x00, 0x00, 0x00, 0x00, 0x00, 0x00, 0x00, 0x00, 0x00, 0x00, 0x00, 0x00,
    0x00, 0x00, 0x00, 0x00, 0x00, 0x00, 0x24, 0x21, 0xdf, 0x24, 0x21, 0xeb, 0x00, 0x00, 0x00, 0x00, 0x00, 0x00, 0x00, 0x00, 0x00, 0x24, 0x21, 0x86,
    0x24, 0x21, 0xff, 0x24, 0x21, 0x2f, 0x24, 0x21, 0x4d, 0x24, 0x21, 0xde, 0x24, 0x21, 0xde, 0x24, 0x21, 0x27, 0x24, 0x21, 0xff, 0x24, 0x21, 0x9b,
    0x00, 0x00, 0x00, 0x24, 0x21, 0x89, 0x24, 0x21, 0xff, 0x24, 0x21, 0x1e, 0x00, 0x00, 0x00, 0x00, 0x00, 0x00, 0x24, 0x21, 0xe7, 0x24, 0x21, 0xc7,
    0x00, 0x00, 0x00, 0x00, 0x00, 0x00, 0x00, 0x00, 0x00, 0x24, 0x21, 0x1f, 0x24, 0x21, 0xff, 0x24, 0x21, 0xff, 0x24, 0x21, 0xff, 0x24, 0x21, 0xff,
    0x24, 0x21, 0xff, 0x24, 0x21, 0x6f, 0x00, 0x00, 0x00, 0x00, 0x00, 0x00, 0x24, 0x21, 0x5c, 0x24, 0x21, 0xff, 0x24, 0x21, 0x69, 0x24, 0x21, 0x8a,
    0x24, 0x21, 0xff, 0x24, 0x21, 0x1a, 0x24, 0x21, 0xff, 0x24, 0x21, 0x5f, 0x24, 0x21, 0xbf, 0x24, 0x21, 0xc7, 0x00, 0x00, 0x00, 0x00, 0x00, 0x00,
    0x24, 0x21, 0x5c, 0x24, 0x21, 0xff, 0x24, 0x21, 0xac, 0x24, 0x21, 0xff, 0x24, 0x21, 0x5d, 0x24, 0x21, 0x4a, 0x24, 0x21, 0x47, 0x24, 0x21, 0x67,
    0x24, 0x21, 0x8b, 0x24, 0x21, 0xff, 0x24, 0x21, 0xaa, 0x24, 0x21, 0x67, 0x24, 0x21, 0x5f, 0x00, 0x00, 0x00, 0x00, 0x00, 0x00, 0x00, 0x00, 0x00,
    0x00, 0x00, 0x00, 0x00, 0x00, 0x00, 0x00, 0x00, 0x00, 0x00, 0x00, 0x00, 0x00, 0x00, 0x00, 0x00, 0x00, 0x00, 0x00, 0x00, 0x00, 0x00, 0x00, 0x00,
    0x00, 0x00, 0x00, 0x24, 0x21, 0x04, 0x24, 0x21, 0xc5, 0x24, 0x21, 0xff, 0x24, 0x21, 0x88, 0x00, 0x00, 0x00, 0x00, 0x00, 0x00, 0x00, 0x00, 0x00,
    0x00, 0x00, 0x00, 0x00, 0x00, 0x00, 0x24, 0x21, 0xd7, 0x24, 0x21, 0xdf, 0x00, 0x00, 0x00, 0x00, 0x00, 0x00, 0x00, 0x00, 0x00, 0x00, 0x00, 0x00,
    0x00, 0x00, 0x00, 0x00, 0x00, 0x00, 0x24, 0x21, 0xdf, 0x24, 0x21, 0xeb, 0x00, 0x00, 0x00, 0x00, 0x00, 0x00, 0x24, 0x21, 0x1a, 0x24, 0x21, 0xed,
    0x24, 0x21, 0xff, 0x24, 0x21, 0xfd, 0x24, 0x21, 0xff, 0x24, 0x21, 0xff, 0x24, 0x21, 0xff, 0x24, 0x21, 0xa5, 0x24, 0x21, 0xff, 0x24, 0x21, 0x54,
    0x00, 0x00, 0x00, 0x24, 0x21, 0xa1, 0x24, 0x21, 0xff, 0x24, 0x21, 0x0b, 0x00, 0x00, 0x00, 0x00, 0x00, 0x00, 0x24, 0x21, 0xe7, 0x24, 0x21, 0xc7,
    0x00, 0x00, 0x00, 0x00, 0x00, 0x00, 0x00, 0x00, 0x00, 0x24, 0x21, 0x1f, 0x24, 0x21, 0xff, 0x24, 0x21, 0xd5, 0x24, 0x21, 0x93, 0x24, 0x21, 0x93,
    0x24, 0x21, 0x93, 0x24, 0x21, 0x40, 0x00, 0x00, 0x00, 0x24, 0x21, 0x04, 0x24, 0x21, 0xdc, 0x24, 0x21, 0xf3, 0x24, 0x21, 0x13, 0x24, 0x21, 0xaf,
    0x24, 0x21, 0xec, 0x24, 0x21, 0x17, 0x24, 0x21, 0xff, 0x24, 0x21, 0x5f, 0x24, 0x21, 0xbf, 0x24, 0x21, 0xc7, 0x24, 0x21, 0x0d, 0x00, 0x00, 0x00,
    0x24, 0x21, 0x86, 0x24, 0x21, 0xca, 0x24, 0x21, 0x6c, 0x24, 0x21, 0xff, 0x24, 0x21, 0x33, 0x00, 0x00, 0x00, 0x24, 0x21, 0xaf, 0x24, 0x21, 0xff,
    0x24, 0x21, 0xff, 0x24, 0x21, 0xff, 0x24, 0x21, 0xff, 0x24, 0x21, 0xff, 0x24, 0x21, 0xeb, 0x00, 0x00, 0x00, 0x00, 0x00, 0x00, 0x00, 0x00, 0x00,
    0x00, 0x00, 0x00, 0x00, 0x00, 0x00, 0x00, 0x00, 0x00, 0x00, 0x00, 0x00, 0x00, 0x00, 0x00, 0x00, 0x00, 0x00, 0x00, 0x00, 0x00, 0x00, 0x00, 0x00,
    0x00, 0x00, 0x00, 0x24, 0x21, 0x88, 0x24, 0x21, 0xff, 0x24, 0x21, 0xcb, 0x24, 0x21, 0x05, 0x00, 0x00, 0x00, 0x00, 0x00, 0x00, 0x00, 0x00, 0x00,
    0x00, 0x00, 0x00, 0x00, 0x00, 0x00, 0x24, 0x21, 0xd7, 0x24, 0x21, 0xff, 0x24, 0x21, 0xff, 0x24, 0x21, 0xff, 0x24, 0x21, 0xff, 0x24, 0x21, 0xff,
    0x24, 0x21, 0xff, 0x24, 0x21, 0xff, 0x24, 0x21, 0xff, 0x24, 0x21, 0xeb, 0x00, 0x00, 0x00, 0x00, 0x00, 0x00, 0x24, 0x21, 0x0d, 0x24, 0x21, 0xf8,
    0x24, 0x21, 0xe9, 0x24, 0x21, 0x9e, 0x24, 0x21, 0x54, 0x24, 0x21, 0x29, 0x24, 0x21, 0x8b, 0x24, 0x21, 0xf6, 0x24, 0x21, 0xec, 0x24, 0x21, 0x0c,
    0x24, 0x21, 0x0a, 0x24, 0x21, 0xd3, 0x24, 0x21, 0xeb, 0x00, 0x00, 0x00, 0x00, 0x00, 0x00, 0x00, 0x00, 0x00, 0x24, 0x21, 0xe7, 0x24, 0x21, 0xc7,
    0x00, 0x00, 0x00, 0x00, 0x00, 0x00, 0x00, 0x00, 0x00, 0x24, 0x21, 0x1f, 0x24, 0x21, 0xff, 0x24, 0x21, 0x9b, 0x00, 0x00, 0x00, 0x00, 0x00, 0x00,
    0x00, 0x00, 0x00, 0x00, 0x00, 0x00, 0x00, 0x00, 0x00, 0x24, 0x21, 0x74, 0x24, 0x21, 0xff, 0x24, 0x21, 0x87, 0x24, 0x21, 0x0e, 0x24, 0x21, 0xed,
    0x24, 0x21, 0xb7, 0x24, 0x21, 0x17, 0x24, 0x21, 0xff, 0x24, 0x21, 0x5f, 0x24, 0x21, 0xbf, 0x24, 0x21, 0xc7, 0x24, 0x21, 0x7a, 0x24, 0x21, 0x81,
    0x24, 0x21, 0x10, 0x24, 0x21, 0x27, 0x24, 0x21, 0x6b, 0x24, 0x21, 0xff, 0x24, 0x21, 0x33, 0x00, 0x00, 0x00, 0x00, 0x00, 0x00, 0x00, 0x00, 0x00,
    0x24, 0x21, 0x3b, 0x24, 0x21, 0xff, 0x24, 0x21, 0x6f, 0x00, 0x00, 0x00, 0x00, 0x00, 0x00, 0x00, 0x00, 0x00, 0x00, 0x00, 0x00, 0x00, 0x00, 0x00,
    0x00, 0x00, 0x00, 0x00, 0x00, 0x00, 0x00, 0x00, 0x00, 0x00, 0x00, 0x00, 0x00, 0x00, 0x00, 0x00, 0x00, 0x00, 0x00, 0x00, 0x00, 0x00, 0x00, 0x00,
    0x24, 0x21, 0x47, 0x24, 0x21, 0xfe, 0x24, 0x21, 0xf2, 0x24, 0x21, 0x24, 0x00, 0x00, 0x00, 0x00, 0x00, 0x00, 0x00, 0x00, 0x00, 0x00, 0x00, 0x00,
    0x00, 0x00, 0x00, 0x00, 0x00, 0x00, 0x24, 0x21, 0xd7, 0x24, 0x21, 0xf6, 0x24, 0x21, 0xb3, 0x24, 0x21, 0xb3, 0x24, 0x21, 0xb3, 0x24, 0x21, 0xb3,
    0x24, 0x21, 0xb3, 0x24, 0x21, 0xb3, 0x24, 0x21, 0xf6, 0x24, 0x21, 0xeb, 0x00, 0x00, 0x00, 0x00, 0x00, 0x00, 0x00, 0x00, 0x00, 0x24, 0x21, 0x37,
    0x24, 0x21, 0x03, 0x00, 0x00, 0x00, 0x00, 0x00, 0x00, 0x00, 0x00, 0x00, 0x24, 0x21, 0x92, 0x24, 0x21, 0xff, 0x24, 0x21, 0x78, 0x24, 0x21, 0xd5,
    0x24, 0x21, 0xff, 0x24, 0x21, 0xff, 0x24, 0x21, 0xaa, 0x00, 0x00, 0x00, 0x00, 0x00, 0x00, 0x00, 0x00, 0x00, 0x24, 0x21, 0xe7, 0x24, 0x21, 0xc7,
    0x00, 0x00, 0x00, 0x00, 0x00, 0x00, 0x00, 0x00, 0x00, 0x24, 0x21, 0x1f, 0x24, 0x21, 0xff, 0x24, 0x21, 0x9b, 0x00, 0x00, 0x00, 0x00, 0x00, 0x00,
    0x00, 0x00, 0x00, 0x00, 0x00, 0x00, 0x24, 0x21, 0x1a, 0x24, 0x21, 0xf3, 0x24, 0x21, 0xeb, 0x24, 0x21, 0x14, 0x24, 0x21, 0xab, 0x24, 0x21, 0xff,
    0x24, 0x21, 0x4a, 0x24, 0x21, 0x17, 0x24, 0x21, 0xff, 0x24, 0x21, 0x5f, 0x24, 0x21, 0xb9, 0x24, 0x21, 0xe0, 0x24, 0x21, 0xb3, 0x24, 0x21, 0x98,
    0x00, 0x00, 0x00, 0x00, 0x00, 0x00, 0x24, 0x21, 0x6b, 0x24, 0x21, 0xff, 0x24, 0x21, 0x33, 0x24, 0x21, 0x93, 0x24, 0x21, 0xff, 0x24, 0x21, 0xff,
    0x24, 0x21, 0xff, 0x24, 0x21, 0xff, 0x24, 0x21, 0xff, 0x24, 0x21, 0xff, 0x24, 0x21, 0xff, 0x24, 0x21, 0x8f, 0x00, 0x00, 0x00, 0x00, 0x00, 0x00,
    0x00, 0x00, 0x00, 0x00, 0x00, 0x00, 0x00, 0x00, 0x00, 0x00, 0x00, 0x00, 0x00, 0x00, 0x00, 0x00, 0x00, 0x00, 0x00, 0x00, 0x00, 0x00, 0x00, 0x00,
    0x24, 0x21, 0x5f, 0x24, 0x21, 0xe5, 0x24, 0x21, 0x5c, 0x00, 0x00, 0x00, 0x00, 0x00, 0x00, 0x00, 0x00, 0x00, 0x00, 0x00, 0x00, 0x00, 0x00, 0x00,
    0x00, 0x00, 0x00, 0x00, 0x00, 0x00, 0x24, 0x21, 0xaf, 0x24, 0x21, 0xb5, 0x00, 0x00, 0x00, 0x00, 0x00, 0x00, 0x00, 0x00, 0x00, 0x00, 0x00, 0x00,
    0x00, 0x00, 0x00, 0x00, 0x00, 0x00, 0x24, 0x21, 0xab, 0x24, 0x21, 0xb4, 0x00, 0x00, 0x00, 0x00, 0x00, 0x00, 0x00, 0x00, 0x00, 0x00, 0x00, 0x00,
    0x00, 0x00, 0x00, 0x00, 0x00, 0x00, 0x00, 0x00, 0x00, 0x00, 0x00, 0x00, 0x24, 0x21, 0x17, 0x24, 0x21, 0xab, 0x24, 0x21, 0x03, 0x24, 0x21, 0x5a,
    0x24, 0x21, 0x9a, 0x24, 0x21, 0x7d, 0x24, 0x21, 0x10, 0x00, 0x00, 0x00, 0x00, 0x00, 0x00, 0x00, 0x00, 0x00, 0x24, 0x21, 0xe7, 0x24, 0x21, 0xc7,
    0x00, 0x00, 0x00, 0x00, 0x00, 0x00, 0x00, 0x00, 0x00, 0x24, 0x21, 0x1f, 0x24, 0x21, 0xff, 0x24, 0x21, 0x9b, 0x00, 0x00, 0x00, 0x00, 0x00, 0x00,
    0x00, 0x00, 0x00, 0x00, 0x00, 0x00, 0x24, 0x21, 0x07, 0x24, 0x21, 0x99, 0x24, 0x21, 0x69, 0x24, 0x21, 0x0c, 0x24, 0x21, 0xbd, 0x24, 0x21, 0x8a,
    0x00, 0x00, 0x00, 0x24, 0x21, 0x0f, 0x24, 0x21, 0xa3, 0x24, 0x21, 0x3d, 0x24, 0x21, 0x6a, 0x24, 0x21, 0xf2, 0x24, 0x21, 0xef, 0x24, 0x21, 0x43,
    0x00, 0x00, 0x00, 0x00, 0x00, 0x00, 0x24, 0x21, 0x60, 0x24, 0x21, 0xe3, 0x24, 0x21, 0x2e, 0x24, 0x21, 0x47, 0x24, 0x21, 0x7b, 0x24, 0x21, 0x7b,
    0x24, 0x21, 0x7b, 0x24, 0x21, 0x7b, 0x24, 0x21, 0x7b, 0x24, 0x21, 0x7b, 0x24, 0x21, 0x7b, 0x24, 0x21, 0x45, 0x00, 0x00, 0x00, 0x00, 0x00, 0x00,
    0x00, 0x00, 0x00, 0x00, 0x00, 0x00, 0x00, 0x00, 0x00, 0x00, 0x00, 0x00, 0x00, 0x00, 0x00, 0x00, 0x00, 0x00, 0x00, 0x00, 0x00, 0x00, 0x00, 0x00,
    0x00, 0x00, 0x00, 0x24, 0x21, 0x05, 0x00, 0x00, 0x00, 0x00, 0x00, 0x00, 0x00, 0x00, 0x00, 0x00, 0x00, 0x00, 0x00, 0x00, 0x00, 0x00, 0x00, 0x00,
    0x00, 0x00, 0x00, 0x00, 0x00, 0x00, 0x00, 0x00, 0x00, 0x00, 0x00, 0x00, 0x00, 0x00, 0x00, 0x00, 0x00, 0x00, 0x00, 0x00, 0x00, 0x00, 0x00, 0x00,
    0x00, 0x00, 0x00, 0x00, 0x00, 0x00, 0x00, 0x00, 0x00, 0x00, 0x00, 0x00, 0x00, 0x00, 0x00, 0x00, 0x00, 0x00, 0x00, 0x00, 0x00, 0x00, 0x00, 0x00,
    0x00, 0x00, 0x00, 0x00, 0x00, 0x00, 0x00, 0x00, 0x00, 0x00, 0x00, 0x00, 0x00, 0x00, 0x00, 0x00, 0x00, 0x00, 0x00, 0x00, 0x00, 0x00, 0x00, 0x00,
    0x00, 0x00, 0x00, 0x00, 0x00, 0x00, 0x00, 0x00, 0x00, 0x00, 0x00, 0x00, 0x00, 0x00, 0x00, 0x00, 0x00, 0x00, 0x24, 0x21, 0x03, 0x24, 0x21, 0x03,
    0x00, 0x00, 0x00, 0x00, 0x00, 0x00, 0x00, 0x00, 0x00, 0x00, 0x00, 0x00, 0x24, 0x21, 0x07, 0x24, 0x21, 0x04, 0x00, 0x00, 0x00, 0x00, 0x00, 0x00,
    0x00, 0x00, 0x00, 0x00, 0x00, 0x00, 0x00, 0x00, 0x00, 0x00, 0x00, 0x00, 0x00, 0x00, 0x00, 0x00, 0x00, 0x00, 0x24, 0x21, 0x04, 0x00, 0x00, 0x00,
    0x00, 0x00, 0x00, 0x00, 0x00, 0x00, 0x00, 0x00, 0x00, 0x00, 0x00, 0x00, 0x00, 0x00, 0x00, 0x00, 0x00, 0x00, 0x00, 0x00, 0x00, 0x00, 0x00, 0x00,
    0x00, 0x00, 0x00, 0x00, 0x00, 0x00, 0x00, 0x00, 0x00, 0x00, 0x00, 0x00, 0x00, 0x00, 0x00, 0x00, 0x00, 0x00, 0x00, 0x00, 0x00, 0x00, 0x00, 0x00,
    0x00, 0x00, 0x00, 0x00, 0x00, 0x00, 0x00, 0x00, 0x00, 0x00, 0x00, 0x00, 0x00, 0x00, 0x00, 0x00, 0x00, 0x00, 0x00, 0x00, 0x00, 0x00, 0x00, 0x00,
    0x00, 0x00, 0x00, 0x00, 0x00, 0x00, 0x00, 0x00, 0x00, 0x00, 0x00, 0x00, 0x00, 0x00, 0x00, 0x00, 0x00, 0x00, 0x00, 0x00, 0x00, 0x00, 0x00, 0x00,
    0x00, 0x00, 0x00, 0x00, 0x00, 0x00, 0x00, 0x00, 0x00, 0x00, 0x00, 0x00, 0x00, 0x00, 0x00, 0x00, 0x00, 0x00, 0x00, 0x00, 0x00, 0x00, 0x00, 0x00,
    0x00, 0x00, 0x00, 0x00, 0x00, 0x00, 0x00, 0x00, 0x00, 0x00, 0x00, 0x00, 0x00, 0x00, 0x00, 0x00, 0x00, 0x00, 0x00, 0x00, 0x00, 0x00, 0x00, 0x00,
    0x00, 0x00, 0x00, 0x00, 0x00, 0x00, 0x00, 0x00, 0x00, 0x00, 0x00, 0x00, 0x00, 0x00, 0x00, 0x00, 0x00, 0x00, 0x00, 0x00, 0x00, 0x00, 0x00, 0x00,
    0x00, 0x00, 0x00, 0x00, 0x00, 0x00, 0x00, 0x00, 0x00, 0x00, 0x00, 0x00, 0x00, 0x00, 0x00, 0x00, 0x00, 0x00, 0x00, 0x00, 0x00, 0x00, 0x00, 0x00,
    0x00, 0x00, 0x00, 0x00, 0x00, 0x00, 0x00, 0x00, 0x00, 0x00, 0x00, 0x00, 0x00, 0x00, 0x00, 0x00, 0x00, 0x00, 0x00, 0x00, 0x00, 0x00, 0x00, 0x00,
    0x00, 0x00, 0x00, 0x00, 0x00, 0x00, 0x00, 0x00, 0x00, 0x00, 0x00, 0x00, 0x00, 0x00, 0x00, 0x00, 0x00, 0x00, 0x00, 0x00, 0x00, 0x00, 0x00, 0x00,
    0x00, 0x00, 0x00, 0x00, 0x00, 0x00, 0x00, 0x00, 0x00, 0x00, 0x00, 0x00, 0x00, 0x00, 0x00, 0x00, 0x00, 0x00, 0x00, 0x00, 0x00, 0x00, 0x00, 0x00,
    0x00, 0x00, 0x00, 0x00, 0x00, 0x00, 0x00, 0x00, 0x00, 0x00, 0x00, 0x00, 0x00, 0x00, 0x00, 0x00, 0x00, 0x00, 0x00, 0x00, 0x00, 0x00, 0x00, 0x00,
    0x00, 0x00, 0x00, 0x00, 0x00, 0x00, 0x00, 0x00, 0x00, 0x00, 0x00, 0x00, 0x00, 0x00, 0x00, 0x00, 0x00, 0x00, 0x00, 0x00, 0x00, 0x00, 0x00, 0x00,
    0x00, 0x00, 0x00, 0x00, 0x00, 0x00, 0x00, 0x00, 0x00, 0x00, 0x00, 0x00, 0x00, 0x00, 0x00, 0x00, 0x00, 0x00, 0x00, 0x00, 0x00, 0x00, 0x00, 0x00,
    0x00, 0x00, 0x00, 0x00, 0x00, 0x00, 0x00, 0x00, 0x00, 0x00, 0x00, 0x00, 0x00, 0x00, 0x00, 0x00, 0x00, 0x00, 0x00, 0x00, 0x00, 0x00, 0x00, 0x00,
    0x00, 0x00, 0x00, 0x00, 0x00, 0x00, 0x00, 0x00, 0x00, 0x00, 0x00, 0x00, 0x00, 0x00, 0x00, 0x00, 0x00, 0x00, 0x00, 0x00, 0x00, 0x00, 0x00, 0x00,
    0x00, 0x00, 0x00, 0x00, 0x00, 0x00, 0x00, 0x00, 0x00, 0x00, 0x00, 0x00, 0x00, 0x00, 0x00, 0x00, 0x00, 0x00, 0x00, 0x00, 0x00, 0x00, 0x00, 0x00,
    0x00, 0x00, 0x00, 0x00, 0x00, 0x00, 0x00, 0x00, 0x00, 0x00, 0x00, 0x00, 0x00, 0x00, 0x00, 0x00, 0x00, 0x00, 0x00, 0x00, 0x00, 0x00, 0x00, 0x00,
    0x00, 0x00, 0x00, 0x00, 0x00, 0x00, 0x00, 0x00, 0x00, 0x00, 0x00, 0x00, 0x00, 0x00, 0x00, 0x00, 0x00, 0x00, 0x00, 0x00, 0x00, 0x00, 0x00, 0x00,
    0x00, 0x00, 0x00, 0x00, 0x00, 0x00, 0x00, 0x00, 0x00, 0x00, 0x00, 0x00, 0x00, 0x00, 0x00, 0x00, 0x00, 0x00, 0x00, 0x00, 0x00, 0x00, 0x00, 0x00,
    0x00, 0x00, 0x00, 0x00, 0x00, 0x00, 0x00, 0x00, 0x00, 0x00, 0x00, 0x00, 0x00, 0x00, 0x00, 0x00, 0x00, 0x00, 0x00, 0x00, 0x00, 0x00, 0x00, 0x00,
    0x00, 0x00, 0x00, 0x00, 0x00, 0x00, 0x00, 0x00, 0x00, 0x00, 0x00, 0x00, 0x00, 0x00, 0x00, 0x00, 0x00, 0x00, 0x00, 0x00, 0x00, 0x00, 0x00, 0x00,
    0x00, 0x00, 0x00, 0x00, 0x00, 0x00, 0x00, 0x00, 0x00, 0x00, 0x00, 0x00, 0x00, 0x00, 0x00, 0x00, 0x00, 0x00, 0x00, 0x00, 0x00, 0x00, 0x00, 0x00,
    0x00, 0x00, 0x00, 0x00, 0x00, 0x00, 0x00, 0x00, 0x00, 0x00, 0x00, 0x00, 0x00, 0x00, 0x00, 0x00, 0x00, 0x00, 0x00, 0x00, 0x00, 0x00, 0x00, 0x00,
    0x00, 0x00, 0x00, 0x00, 0x00, 0x00, 0x00, 0x00, 0x00, 0x00, 0x00, 0x00, 0x00, 0x00, 0x00, 0x00, 0x00, 0x00, 0x00, 0x00, 0x00, 0x00, 0x00, 0x00,
};
const lv_img_dsc_t zh_flow = {
    .header.always_zero = 0,
    .header.w = 88,
    .header.h = 20,
    .data_size = 5280,
    .header.cf = LV_IMG_CF_TRUE_COLOR_ALPHA,
    .data = zh_flow_map,
};

#ifndef LV_ATTRIBUTE_IMG_ZH_FOREARM
#define LV_ATTRIBUTE_IMG_ZH_FOREARM
#endif
const LV_ATTRIBUTE_MEM_ALIGN LV_ATTRIBUTE_LARGE_CONST LV_ATTRIBUTE_IMG_ZH_FOREARM uint8_t zh_forearm_map[] = {
    0x00, 0x00, 0x00, 0x00, 0x00, 0x00, 0x00, 0x00, 0x00, 0x00, 0x00, 0x00, 0x00, 0x00, 0x00, 0x00, 0x00, 0x00, 0x00, 0x00, 0x00, 0x00, 0x00, 0x00,
    0x00, 0x00, 0x00, 0x00, 0x00, 0x00, 0x00, 0x00, 0x00, 0x00, 0x00, 0x00, 0x00, 0x00, 0x00, 0x00, 0x00, 0x00, 0x00, 0x00, 0x00, 0x00, 0x00, 0x00,
    0x00, 0x00, 0x00, 0x00, 0x00, 0x00, 0x00, 0x00, 0x00, 0x00, 0x00, 0x00, 0x00, 0x00, 0x00, 0x00, 0x00, 0x00, 0x00, 0x00, 0x00, 0x00, 0x00, 0x00,
    0x00, 0x00, 0x00, 0x00, 0x00, 0x00, 0x00, 0x00, 0x00, 0x00, 0x00, 0x00, 0x00, 0x00, 0x00, 0x00, 0x00, 0x00, 0x00, 0x00, 0x00, 0x00, 0x00, 0x00,
    0x00, 0x00, 0x00, 0x00, 0x00, 0x00, 0x00, 0x00, 0x00, 0x00, 0x00, 0x00, 0x00, 0x00, 0x00, 0x00, 0x00, 0x00, 0x00, 0x00, 0x00, 0x00, 0x00, 0x00,
    0x00, 0x00, 0x00, 0x00, 0x00, 0x00, 0x00, 0x00, 0x00, 0x00, 0x00, 0x00, 0x00, 0x00, 0x00, 0x00, 0x00, 0x00, 0x00, 0x00, 0x00, 0x00, 0x00, 0x00,
    0x00, 0x00, 0x00, 0x00, 0x00, 0x00, 0x00, 0x00, 0x00, 0x00, 0x00, 0x00, 0x00, 0x00, 0x00, 0x00, 0x00, 0x00, 0x00, 0x00, 0x00, 0x00, 0x00, 0x00,
    0x00, 0x00, 0x00, 0x00, 0x00, 0x00, 0x00, 0x00, 0x00, 0x00, 0x00, 0x00, 0x00, 0x00, 0x00, 0x00, 0x00, 0x00, 0x00, 0x00, 0x00, 0x00, 0x00, 0x00,
    0x00, 0x00, 0x00, 0x00, 0x00, 0x00, 0x00, 0x00, 0x00, 0x00, 0x00, 0x00, 0x00, 0x00, 0x00, 0x00, 0x00, 0x00, 0x00, 0x00, 0x00, 0x00, 0x00, 0x00,
    0x00, 0x00, 0x00, 0x00, 0x00, 0x00, 0x00, 0x00, 0x00, 0x00, 0x00, 0x00, 0x00, 0x00, 0x00, 0x00, 0x00, 0x00, 0x00, 0x00, 0x00, 0x00, 0x00, 0x00,
    0x00, 0x00, 0x00, 0x00, 0x00, 0x00, 0x00, 0x00, 0x00, 0x00, 0x00, 0x00, 0x00, 0x00, 0x00, 0x00, 0x00, 0x00, 0x00, 0x00, 0x00, 0x00, 0x00, 0x00,
    0x00, 0x00, 0x00, 0x00, 0x00, 0x00, 0x00, 0x00, 0x00, 0x00, 0x00, 0x00, 0x00, 0x00, 0x00, 0x00, 0x00, 0x00, 0x00, 0x00, 0x00, 0x00, 0x00, 0x00,
    0x00, 0x00, 0x00, 0x00, 0x00, 0x00, 0x00, 0x00, 0x00, 0x00, 0x00, 0x00, 0x00, 0x00, 0x00, 0x00, 0x00, 0x00, 0x00, 0x00, 0x00, 0x00, 0x00, 0x00,
    0x00, 0x00, 0x00, 0x00, 0x00, 0x00, 0x00, 0x00, 0x00, 0x00, 0x00, 0x00, 0x00, 0x00, 0x00, 0x00, 0x00, 0x00, 0x00, 0x00, 0x00, 0x00, 0x00, 0x00,
    0x00, 0x00, 0x00, 0x00, 0x00, 0x00, 0x00, 0x00, 0x00, 0x00, 0x00, 0x00, 0x00, 0x00, 0x00, 0x00, 0x00, 0x00, 0x00, 0x00, 0x00, 0x00, 0x00, 0x00,
    0x00, 0x00, 0x00, 0x00, 0x00, 0x00, 0x00, 0x00, 0x00, 0x00, 0x00, 0x00, 0x00, 0x00, 0x00, 0x00, 0x00, 0x00, 0x00, 0x00, 0x00, 0x00, 0x00, 0x00,
    0x00, 0x00, 0x00, 0x00, 0x00, 0x00, 0x00, 0x00, 0x00, 0x00, 0x00, 0x00, 0x00, 0x00, 0x00, 0x00, 0x00, 0x00, 0x00, 0x00, 0x00, 0x00, 0x00, 0x00,
    0x00, 0x00, 0x00, 0x00, 0x00, 0x00, 0x00, 0x00, 0x00, 0x00, 0x00, 0x00, 0x00, 0x00, 0x00, 0x00, 0x00, 0x00, 0x00, 0x00, 0x00, 0x00, 0x00, 0x00,
    0x00, 0x00, 0x00, 0x00, 0x00, 0x00, 0x00, 0x00, 0x00, 0x00, 0x00, 0x00, 0x00, 0x00, 0x00, 0x00, 0x00, 0x00, 0x00, 0x00, 0x00, 0x00, 0x00, 0x00,
    0x00, 0x00, 0x00, 0x00, 0x00, 0x00, 0x00, 0x00, 0x00, 0x00, 0x00, 0x00, 0x00, 0x00, 0x00, 0x00, 0x00, 0x00, 0x00, 0x00, 0x00, 0x00, 0x00, 0x00,
    0x00, 0x00, 0x00, 0x00, 0x00, 0x00, 0x00, 0x00, 0x00, 0x00, 0x00, 0x00, 0x00, 0x00, 0x00, 0x00, 0x00, 0x00, 0x00, 0x00, 0x00, 0x00, 0x00, 0x00,
    0x00, 0x00, 0x00, 0x24, 0x21, 0x03, 0x00, 0x00, 0x00, 0x00, 0x00, 0x00, 0x00, 0x00, 0x00, 0x00, 0x00, 0x00, 0x00, 0x00, 0x00, 0x24, 0x21, 0x05,
    0x00, 0x00, 0x00, 0x00, 0x00, 0x00, 0x00, 0x00, 0x00, 0x00, 0x00, 0x00, 0x00, 0x00, 0x00, 0x00, 0x00, 0x00, 0x00, 0x00, 0x00, 0x00, 0x00, 0x00,
    0x00, 0x00, 0x00, 0x00, 0x00, 0x00, 0x00, 0x00, 0x00, 0x00, 0x00, 0x00, 0x00, 0x00, 0x00, 0x00, 0x00, 0x00, 0x00, 0x00, 0x00, 0x00, 0x00, 0x00,
    0x00, 0x00, 0x00, 0x00, 0x00, 0x00, 0x00, 0x00, 0x00, 0x24, 0x21, 0x01, 0x00, 0x00, 0x00, 0x00, 0x00, 0x00, 0x00, 0x00, 0x00, 0x24, 0x21, 0x03,
    0x00, 0x00, 0x00, 0x00, 0x00, 0x00, 0x00, 0x00, 0x00, 0x00, 0x00, 0x00, 0x00, 0x00, 0x00, 0x00, 0x00, 0x00, 0x00, 0x00, 0x00, 0x00, 0x00, 0x00,
    0x24, 0x21, 0x03, 0x00, 0x00, 0x00, 0x00, 0x00, 0x00, 0x00, 0x00, 0x00, 0x00, 0x00, 0x00, 0x00, 0x00, 0x00, 0x24, 0x21, 0x05, 0x00, 0x00, 0x00,
    0x00, 0x00, 0x00, 0x00, 0x00, 0x00, 0x00, 0x00, 0x00, 0x00, 0x00, 0x00, 0x00, 0x00, 0x00, 0x24, 0x21, 0x01, 0x00, 0x00, 0x00, 0x00, 0x00, 0x00,
    0x00, 0x00, 0x00, 0x24, 0x21, 0x03, 0x00, 0x00, 0x00, 0x00, 0x00, 0x00, 0x00, 0x00, 0x00, 0x00, 0x00, 0x00, 0x00, 0x00, 0x00, 0x00, 0x00, 0x00,
    0x00, 0x00, 0x00, 0x00, 0x00, 0x00, 0x00, 0x00, 0x00, 0x00, 0x00, 0x00, 0x00, 0x00, 0x00, 0x00, 0x00, 0x00, 0x00, 0x00, 0x00, 0x00, 0x00, 0x00,
    0x00, 0x00, 0x00, 0x00, 0x00, 0x00, 0x00, 0x00, 0x00, 0x00, 0x00, 0x00, 0x00, 0x00, 0x00, 0x00, 0x00, 0x00, 0x00, 0x00, 0x00, 0x00, 0x00, 0x00,
    0x00, 0x00, 0x00, 0x00, 0x00, 0x00, 0x24, 0x21, 0x50, 0x24, 0x21, 0xec, 0x24, 0x21, 0x4e, 0x00, 0x00, 0x00, 0x00, 0x00, 0x00, 0x00, 0x00, 0x00,
    0x24, 0x21, 0x43, 0x24, 0x21, 0xf0, 0x24, 0x21, 0x69, 0x00, 0x00, 0x00, 0x00, 0x00, 0x00, 0x00, 0x00, 0x00, 0x24, 0x21, 0xc7, 0x24, 0x21, 0xe7,
    0x24, 0x21, 0xe7, 0x24, 0x21, 0xe7, 0x24, 0x21, 0xe7, 0x24, 0x21, 0x24, 0x00, 0x00, 0x00, 0x24, 0x21, 0x5d, 0x24, 0x21, 0xe9, 0x24, 0x21, 0x0f,
    0x00, 0x00, 0x00, 0x00, 0x00, 0x00, 0x00, 0x00, 0x00, 0x00, 0x00, 0x00, 0x24, 0x21, 0xa4, 0x24, 0x21, 0xbc, 0x00, 0x00, 0x00, 0x00, 0x00, 0x00,
    0x24, 0x21, 0x23, 0x24, 0x21, 0xf6, 0x24, 0x21, 0x64, 0x00, 0x00, 0x00, 0x00, 0x00, 0x00, 0x00, 0x00, 0x00, 0x00, 0x00, 0x00, 0x00, 0x00, 0x00,
    0x00, 0x00, 0x00, 0x24, 0x21, 0x50, 0x24, 0x21, 0xec, 0x24, 0x21, 0x4e, 0x00, 0x00, 0x00, 0x00, 0x00, 0x00, 0x00, 0x00, 0x00, 0x24, 0x21, 0x43,
    0x24, 0x21, 0xf0, 0x24, 0x21, 0x69, 0x00, 0x00, 0x00, 0x00, 0x00, 0x00, 0x00, 0x00, 0x00, 0x00, 0x00, 0x00, 0x24, 0x21, 0xa4, 0x24, 0x21, 0xbc,
    0x00, 0x00, 0x00, 0x00, 0x00, 0x00, 0x24, 0x21, 0x23, 0x24, 0x21, 0xf6, 0x24, 0x21, 0x64, 0x00, 0x00, 0x00, 0x00, 0x00, 0x00, 0x00, 0x00, 0x00,
    0x00, 0x00, 0x00, 0x00, 0x00, 0x00, 0x00, 0x00, 0x00, 0x00, 0x00, 0x00, 0x00, 0x00, 0x00, 0x24, 0x21, 0x0d, 0x24, 0x21, 0x25, 0x24, 0x21, 0x40,
    0x24, 0x21, 0x66, 0x24, 0x21, 0x90, 0x24, 0x21, 0xc6, 0x24, 0x21, 0xd6, 0x24, 0x21, 0x14, 0x00, 0x00, 0x00, 0x00, 0x00, 0x00, 0x00, 0x00, 0x00,
    0x00, 0x00, 0x00, 0x00, 0x00, 0x00, 0x00, 0x00, 0x00, 0x00, 0x00, 0x00, 0x24, 0x21, 0x10, 0x24, 0x21, 0xe6, 0x24, 0x21, 0xd2, 0x24, 0x21, 0x01,
    0x00, 0x00, 0x00, 0x00, 0x00, 0x00, 0x24, 0x21, 0xc3, 0x24, 0x21, 0xf4, 0x24, 0x21, 0x1f, 0x00, 0x00, 0x00, 0x00, 0x00, 0x00, 0x00, 0x00, 0x00,
    0x24, 0x21, 0xdc, 0x24, 0x21, 0x6b, 0x00, 0x00, 0x00, 0x24, 0x21, 0x2b, 0x24, 0x21, 0xff, 0x24, 0x21, 0x77, 0x24, 0x21, 0xff, 0x24, 0x21, 0xff,
    0x24, 0x21, 0xff, 0x24, 0x21, 0xff, 0x24, 0x21, 0xff, 0x24, 0x21, 0x3b, 0x00, 0x00, 0x00, 0x00, 0x00, 0x00, 0x24, 0x21, 0x75, 0x24, 0x21, 0xff,
    0x24, 0x21, 0x2a, 0x00, 0x00, 0x00, 0x24, 0x21, 0x75, 0x24, 0x21, 0xff, 0x24, 0x21, 0x90, 0x24, 0x21, 0x63, 0x24, 0x21, 0x63, 0x24, 0x21, 0x63,
    0x24, 0x21, 0x33, 0x00, 0x00, 0x00, 0x00, 0x00, 0x00, 0x24, 0x21, 0x10, 0x24, 0x21, 0xe6, 0x24, 0x21, 0xd2, 0x24, 0x21, 0x01, 0x00, 0x00, 0x00,
    0x00, 0x00, 0x00, 0x24, 0x21, 0xc3, 0x24, 0x21, 0xf4, 0x24, 0x21, 0x1f, 0x00, 0x00, 0x00, 0x00, 0x00, 0x00, 0x00, 0x00, 0x00, 0x00, 0x00, 0x00,
    0x24, 0x21, 0x75, 0x24, 0x21, 0xff, 0x24, 0x21, 0x2a, 0x00, 0x00, 0x00, 0x24, 0x21, 0x75, 0x24, 0x21, 0xff, 0x24, 0x21, 0x90, 0x24, 0x21, 0x63,
    0x24, 0x21, 0x63, 0x24, 0x21, 0x63, 0x24, 0x21, 0x33, 0x00, 0x00, 0x00, 0x24, 0x21, 0x2d, 0x24, 0x21, 0xdc, 0x24, 0x21, 0xf5, 0x24, 0x21, 0xff,
    0x24, 0x21, 0xff, 0x24, 0x21, 0xff, 0x24, 0x21, 0xff, 0x24, 0x21, 0xff, 0x24, 0x21, 0xe4, 0x24, 0x21, 0xb0, 0x24, 0x21, 0x4d, 0x00, 0x00, 0x00,
    0x00, 0x00, 0x00, 0x00, 0x00, 0x00, 0x00, 0x00, 0x00, 0x00, 0x00, 0x00, 0x24, 0x21, 0x6b, 0x24, 0x21, 0xff, 0x24, 0x21, 0xff, 0x24, 0x21, 0xff,
    0x24, 0x21, 0xff, 0x24, 0x21, 0xff, 0x24, 0x21, 0xff, 0x24, 0x21, 0xff, 0x24, 0x21, 0xff, 0x24, 0x21, 0xff, 0x24, 0x21, 0xff, 0x24, 0x21, 0xff,
    0x24, 0x21, 0x67, 0x00, 0x00, 0x00, 0x24, 0x21, 0xeb, 0x24, 0x21, 0xf2, 0x24, 0x21, 0xe7, 0x24, 0x21, 0xec, 0x24, 0x21, 0xff, 0x24, 0x21, 0x3c,
    0x24, 0x21, 0x88, 0x24, 0x21, 0xb8, 0x00, 0x00, 0x00, 0x24, 0x21, 0xcb, 0x24, 0x21, 0x67, 0x00, 0x00, 0x00, 0x24, 0x21, 0x83, 0x24, 0x21, 0xff,
    0x24, 0x21, 0xff, 0x24, 0x21, 0xff, 0x24, 0x21, 0xff, 0x24, 0x21, 0xe0, 0x24, 0x21, 0xe6, 0x24, 0x21, 0xff, 0x24, 0x21, 0xff, 0x24, 0x21, 0xff,
    0x24, 0x21, 0xff, 0x24, 0x21, 0xff, 0x24, 0x21, 0x83, 0x24, 0x21, 0x6b, 0x24, 0x21, 0xff, 0x24, 0x21, 0xff, 0x24, 0x21, 0xff, 0x24, 0x21, 0xff,
    0x24, 0x21, 0xff, 0x24, 0x21, 0xff, 0x24, 0x21, 0xff, 0x24, 0x21, 0xff, 0x24, 0x21, 0xff, 0x24, 0x21, 0xff, 0x24, 0x21, 0xff, 0x24, 0x21, 0x67,
    0x24, 0x21, 0x83, 0x24, 0x21, 0xff, 0x24, 0x21, 0xff, 0x24, 0x21, 0xff, 0x24, 0x21, 0xff, 0x24, 0x21, 0xe0, 0x24, 0x21, 0xe6, 0x24, 0x21, 0xff,
    0x24, 0x21, 0xff, 0x24, 0x21, 0xff, 0x24, 0x21, 0xff, 0x24, 0x21, 0xff, 0x24, 0x21, 0x83, 0x00, 0x00, 0x00, 0x24, 0x21, 0x37, 0x24, 0x21, 0xff,
    0x24, 0x21, 0xc9, 0x24, 0x21, 0x90, 0x24, 0x21, 0x77, 0x24, 0x21, 0x5d, 0x24, 0x21, 0x43, 0x24, 0x21, 0x17, 0x00, 0x00, 0x00, 0x00, 0x00, 0x00,
    0x00, 0x00, 0x00, 0x00, 0x00, 0x00, 0x00, 0x00, 0x00, 0x00, 0x00, 0x00, 0x00, 0x00, 0x00, 0x00, 0x00, 0x00, 0x24, 0x21, 0x2d, 0x24, 0x21, 0x6b,
    0x24, 0x21, 0x6b, 0x24, 0x21, 0x6b, 0x24, 0x21, 0x6b, 0x24, 0x21, 0x6b, 0x24, 0x21, 0x6b, 0x24, 0x21, 0x6b, 0x24, 0x21, 0x6b, 0x24, 0x21, 0x6b,
    0x24, 0x21, 0x6b, 0x24, 0x21, 0x6b, 0x24, 0x21, 0x2b, 0x24, 0x21, 0x07, 0x24, 0x21, 0xfc, 0x24, 0x21, 0x96, 0x24, 0x21, 0x5b, 0x24, 0x21, 0x5b,
    0x24, 0x21, 0x5b, 0x24, 0x21, 0xac, 0x24, 0x21, 0xff, 0x24, 0x21, 0xff, 0x24, 0x21, 0xff, 0x24, 0x21, 0xff, 0x24, 0x21, 0xff, 0x24, 0x21, 0x9b,
    0x24, 0x21, 0x3b, 0x24, 0x21, 0x9a, 0x24, 0x21, 0xff, 0x24, 0x21, 0x8f, 0x24, 0x21, 0x73, 0x24, 0x21, 0xd4, 0x24, 0x21, 0xff, 0x24, 0x21, 0x51,
    0x00, 0x00, 0x00, 0x00, 0x00, 0x00, 0x00, 0x00, 0x00, 0x24, 0x21, 0x03, 0x00, 0x00, 0x00, 0x24, 0x21, 0x2d, 0x24, 0x21, 0x6b, 0x24, 0x21, 0x6b,
    0x24, 0x21, 0x6b, 0x24, 0x21, 0x6b, 0x24, 0x21, 0x6b, 0x24, 0x21, 0x6b, 0x24, 0x21, 0x6b, 0x24, 0x21, 0x6b, 0x24, 0x21, 0x6b, 0x24, 0x21, 0x6b,
    0x24, 0x21, 0x6b, 0x24, 0x21, 0x2b, 0x24, 0x21, 0x3b, 0x24, 0x21, 0x9a, 0x24, 0x21, 0xff, 0x24, 0x21, 0x8f, 0x24, 0x21, 0x73, 0x24, 0x21, 0xd4,
    0x24, 0x21, 0xff, 0x24, 0x21, 0x51, 0x00, 0x00, 0x00, 0x00, 0x00, 0x00, 0x00, 0x00, 0x00, 0x24, 0x21, 0x03, 0x00, 0x00, 0x00, 0x00, 0x00, 0x00,
    0x24, 0x21, 0x37, 0x24, 0x21, 0xff, 0x24, 0x21, 0x67, 0x00, 0x00, 0x00, 0x00, 0x00, 0x00, 0x00, 0x00, 0x00, 0x00, 0x00, 0x00, 0x00, 0x00, 0x00,
    0x00, 0x00, 0x00, 0x00, 0x00, 0x00, 0x00, 0x00, 0x00, 0x00, 0x00, 0x00, 0x00, 0x00, 0x00, 0x00, 0x00, 0x00, 0x00, 0x00, 0x00, 0x00, 0x00, 0x00,
    0x00, 0x00, 0x00, 0x24, 0x21, 0x38, 0x24, 0x21, 0x4f, 0x24, 0x21, 0x4f, 0x24, 0x21, 0x4f, 0x24, 0x21, 0x4f, 0x24, 0x21, 0x24, 0x24, 0x21, 0x10,
    0x24, 0x21, 0x27, 0x00, 0x00, 0x00, 0x24, 0x21, 0x84, 0x24, 0x21, 0x70, 0x00, 0x00, 0x00, 0x24, 0x21, 0x68, 0x24, 0x21, 0xff, 0x24, 0x21, 0xff,
    0x24, 0x21, 0x37, 0x24, 0x21, 0x13, 0x24, 0x21, 0xff, 0x24, 0x21, 0x43, 0x00, 0x00, 0x00, 0x24, 0x21, 0x43, 0x24, 0x21, 0xff, 0x24, 0x21, 0x33,
    0x00, 0x00, 0x00, 0x00, 0x00, 0x00, 0x00, 0x00, 0x00, 0x24, 0x21, 0x4a, 0x24, 0x21, 0xff, 0x24, 0x21, 0x2e, 0x00, 0x00, 0x00, 0x24, 0x21, 0x48,
    0x24, 0x21, 0xf1, 0x24, 0x21, 0xff, 0x24, 0x21, 0xff, 0x24, 0x21, 0xff, 0x24, 0x21, 0xff, 0x24, 0x21, 0xfd, 0x24, 0x21, 0x61, 0x00, 0x00, 0x00,
    0x24, 0x21, 0x38, 0x24, 0x21, 0x4f, 0x24, 0x21, 0x4f, 0x24, 0x21, 0x4f, 0x24, 0x21, 0x4f, 0x24, 0x21, 0x24, 0x24, 0x21, 0x10, 0x24, 0x21, 0x27,
    0x00, 0x00, 0x00, 0x24, 0x21, 0x84, 0x24, 0x21, 0x70, 0x00, 0x00, 0x00, 0x00, 0x00, 0x00, 0x24, 0x21, 0x4a, 0x24, 0x21, 0xff, 0x24, 0x21, 0x2e,
    0x00, 0x00, 0x00, 0x24, 0x21, 0x48, 0x24, 0x21, 0xf1, 0x24, 0x21, 0xff, 0x24, 0x21, 0xff, 0x24, 0x21, 0xff, 0x24, 0x21, 0xff, 0x24, 0x21, 0xfd,
    0x24, 0x21, 0x61, 0x00, 0x00, 0x00, 0x24, 0x21, 0x37, 0x24, 0x21, 0xff, 0x24, 0x21, 0xff, 0x24, 0x21, 0xff, 0x24, 0x21, 0xff, 0x24, 0x21, 0xff,
    0x24, 0x21, 0xff, 0x24, 0x21, 0xff, 0x24, 0x21, 0xff, 0x24, 0x21, 0xff, 0x24, 0x21, 0xff, 0x24, 0x21, 0x93, 0x00, 0x00, 0x00, 0x00, 0x00, 0x00,
    0x00, 0x00, 0x00, 0x00, 0x00, 0x00, 0x00, 0x00, 0x00, 0x24, 0x21, 0xb3, 0x24, 0x21, 0xff, 0x24, 0x21, 0xff, 0x24, 0x21, 0xff, 0x24, 0x21, 0xff,
    0x24, 0x21, 0x73, 0x24, 0x21, 0x6b, 0x24, 0x21, 0xff, 0x00, 0x00, 0x00, 0x24, 0x21, 0xd3, 0x24, 0x21, 0xb3, 0x00, 0x00, 0x00, 0x24, 0x21, 0x53,
    0x24, 0x21, 0xa1, 0x24, 0x21, 0xff, 0x24, 0x21, 0xf0, 0x24, 0x21, 0xed, 0x24, 0x21, 0xff, 0x24, 0x21, 0x8f, 0x24, 0x21, 0xff, 0x24, 0x21, 0xff,
    0x24, 0x21, 0xff, 0x24, 0x21, 0xff, 0x24, 0x21, 0xff, 0x24, 0x21, 0x2f, 0x00, 0x00, 0x00, 0x24, 0x21, 0x50, 0x24, 0x21, 0xff, 0x24, 0x21, 0xff,
    0x24, 0x21, 0xff, 0x24, 0x21, 0x7c, 0x24, 0x21, 0x3a, 0x24, 0x21, 0x5b, 0x24, 0x21, 0xb5, 0x24, 0x21, 0xeb, 0x24, 0x21, 0x87, 0x24, 0x21, 0xff,
    0x24, 0x21, 0x2d, 0x00, 0x00, 0x00, 0x24, 0x21, 0xb3, 0x24, 0x21, 0xff, 0x24, 0x21, 0xff, 0x24, 0x21, 0xff, 0x24, 0x21, 0xff, 0x24, 0x21, 0x73,
    0x24, 0x21, 0x6b, 0x24, 0x21, 0xff, 0x00, 0x00, 0x00, 0x24, 0x21, 0xd3, 0x24, 0x21, 0xb3, 0x00, 0x00, 0x00, 0x00, 0x00, 0x00, 0x24, 0x21, 0x50,
    0x24, 0x21, 0xff, 0x24, 0x21, 0xff, 0x24, 0x21, 0xff, 0x24, 0x21, 0x7c, 0x24, 0x21, 0x3a, 0x24, 0x21, 0x5b, 0x24, 0x21, 0xb5, 0x24, 0x21, 0xeb,
    0x24, 0x21, 0x87, 0x24, 0x21, 0xff, 0x24, 0x21, 0x2d, 0x00, 0x00, 0x00, 0x24, 0x21, 0x3f, 0x24, 0x21, 0xff, 0x24, 0x21, 0xaf, 0x24, 0x21, 0x7b,
    0x24, 0x21, 0x7b, 0x24, 0x21, 0x7b, 0x24, 0x21, 0x7b, 0x24, 0x21, 0x7b, 0x24, 0x21, 0x7b, 0x24, 0x21, 0x7b, 0x24, 0x21, 0x7b, 0x24, 0x21, 0x47,
    0x00, 0x00, 0x00, 0x00, 0x00, 0x00, 0x00, 0x00, 0x00, 0x00, 0x00, 0x00, 0x00, 0x00, 0x00, 0x24, 0x21, 0xb3, 0x24, 0x21, 0xcd, 0x24, 0x21, 0x27,
    0x24, 0x21, 0x32, 0x24, 0x21, 0xff, 0x24, 0x21, 0x73, 0x24, 0x21, 0x6b, 0x24, 0x21, 0xff, 0x00, 0x00, 0x00, 0x24, 0x21, 0xd3, 0x24, 0x21, 0xb3,
    0x00, 0x00, 0x00, 0x00, 0x00, 0x00, 0x00, 0x00, 0x00, 0x24, 0x21, 0x07, 0x24, 0x21, 0x07, 0x24, 0x21, 0x07, 0x24, 0x21, 0x07, 0x24, 0x21, 0x07,
    0x24, 0x21, 0x07, 0x24, 0x21, 0x47, 0x24, 0x21, 0xf7, 0x24, 0x21, 0x38, 0x00, 0x00, 0x00, 0x00, 0x00, 0x00, 0x00, 0x00, 0x00, 0x24, 0x21, 0x5d,
    0x24, 0x21, 0xff, 0x24, 0x21, 0x74, 0x24, 0x21, 0xf5, 0x24, 0x21, 0x77, 0x24, 0x21, 0x37, 0x24, 0x21, 0x42, 0x24, 0x21, 0x8b, 0x24, 0x21, 0xdf,
    0x24, 0x21, 0x55, 0x24, 0x21, 0xdb, 0x00, 0x00, 0x00, 0x00, 0x00, 0x00, 0x24, 0x21, 0xb3, 0x24, 0x21, 0xcd, 0x24, 0x21, 0x27, 0x24, 0x21, 0x32,
    0x24, 0x21, 0xff, 0x24, 0x21, 0x73, 0x24, 0x21, 0x6b, 0x24, 0x21, 0xff, 0x00, 0x00, 0x00, 0x24, 0x21, 0xd3, 0x24, 0x21, 0xb3, 0x00, 0x00, 0x00,
    0x00, 0x00, 0x00, 0x24, 0x21, 0x5d, 0x24, 0x21, 0xff, 0x24, 0x21, 0x74, 0x24, 0x21, 0xf5, 0x24, 0x21, 0x77, 0x24, 0x21, 0x37, 0x24, 0x21, 0x42,
    0x24, 0x21, 0x8b, 0x24, 0x21, 0xdf, 0x24, 0x21, 0x55, 0x24, 0x21, 0xdb, 0x00, 0x00, 0x00, 0x00, 0x00, 0x00, 0x24, 0x21, 0x50, 0x24, 0x21, 0xff,
    0x24, 0x21, 0x5a, 0x00, 0x00, 0x00, 0x00, 0x00, 0x00, 0x00, 0x00, 0x00, 0x00, 0x00, 0x00, 0x00, 0x00, 0x00, 0x00, 0x00, 0x00, 0x00, 0x00, 0x00,
    0x00, 0x00, 0x00, 0x00, 0x00, 0x00, 0x00, 0x00, 0x00, 0x00, 0x00, 0x00, 0x00, 0x00, 0x00, 0x00, 0x00, 0x00, 0x00, 0x00, 0x00, 0x24, 0x21, 0xb3,
    0x24, 0x21, 0xff, 0x24, 0x21, 0xff, 0x24, 0x21, 0xff, 0x24, 0x21, 0xff, 0x24, 0x21, 0x73, 0x24, 0x21, 0x6b, 0x24, 0x21, 0xff, 0x00, 0x00, 0x00,
    0x24, 0x21, 0xd3, 0x24, 0x21, 0xb3, 0x00, 0x00, 0x00, 0x00, 0x00, 0x00, 0x24, 0x21, 0x0b, 0x24, 0x21, 0xff, 0x24, 0x21, 0xff, 0x24, 0x21, 0xff,
    0x24, 0x21, 0xff, 0x24, 0x21, 0xff, 0x24, 0x21, 0xff, 0x24, 0x21, 0xff, 0x24, 0x21, 0xff, 0x24, 0x21, 0xff, 0x24, 0x21, 0x17, 0x00, 0x00, 0x00,
    0x00, 0x00, 0x00, 0x24, 0x21, 0x71, 0x24, 0x21, 0xf3, 0x00, 0x00, 0x00, 0x24, 0x21, 0xf2, 0x24, 0x21, 0x73, 0x24, 0x21, 0xa7, 0x24, 0x21, 0xb0,
    0x24, 0x21, 0x8b, 0x24, 0x21, 0xe9, 0x24, 0x21, 0x4f, 0x24, 0x21, 0x59, 0x24, 0x21, 0x03, 0x00, 0x00, 0x00, 0x24, 0x21, 0xb3, 0x24, 0x21, 0xff,
    0x24, 0x21, 0xff, 0x24, 0x21, 0xff, 0x24, 0x21, 0xff, 0x24, 0x21, 0x73, 0x24, 0x21, 0x6b, 0x24, 0x21, 0xff, 0x00, 0x00, 0x00, 0x24, 0x21, 0xd3,
    0x24, 0x21, 0xb3, 0x00, 0x00, 0x00, 0x00, 0x00, 0x00, 0x24, 0x21, 0x71, 0x24, 0x21, 0xf3, 0x00, 0x00, 0x00, 0x24, 0x21, 0xf2, 0x24, 0x21, 0x73,
    0x24, 0x21, 0xa7, 0x24, 0x21, 0xb0, 0x24, 0x21, 0x8b, 0x24, 0x21, 0xe9, 0x24, 0x21, 0x4f, 0x24, 0x21, 0x59, 0x24, 0x21, 0x03, 0x00, 0x00, 0x00,
    0x24, 0x21, 0x61, 0x24, 0x21, 0xff, 0x24, 0x21, 0x49, 0x24, 0x21, 0xe7, 0x24, 0x21, 0xff, 0x24, 0x21, 0xff, 0x24, 0x21, 0xff, 0x24, 0x21, 0xff,
    0x24, 0x21, 0xff, 0x24, 0x21, 0xff, 0x24, 0x21, 0xb3, 0x00, 0x00, 0x00, 0x00, 0x00, 0x00, 0x00, 0x00, 0x00, 0x00, 0x00, 0x00, 0x00, 0x00, 0x00,
    0x00, 0x00, 0x00, 0x24, 0x21, 0xb3, 0x24, 0x21, 0xc3, 0x00, 0x00, 0x00, 0x24, 0x21, 0x0b, 0x24, 0x21, 0xff, 0x24, 0x21, 0x73, 0x24, 0x21, 0x6b,
    0x24, 0x21, 0xff, 0x00, 0x00, 0x00, 0x24, 0x21, 0xd3, 0x24, 0x21, 0xb3, 0x00, 0x00, 0x00, 0x00, 0x00, 0x00, 0x24, 0x21, 0x0b, 0x24, 0x21, 0xff,
    0x24, 0x21, 0x8b, 0x00, 0x00, 0x00, 0x00, 0x00, 0x00, 0x00, 0x00, 0x00, 0x00, 0x00, 0x00, 0x00, 0x00, 0x00, 0x24, 0x21, 0x83, 0x24, 0x21, 0xff,
    0x24, 0x21, 0x17, 0x00, 0x00, 0x00, 0x00, 0x00, 0x00, 0x24, 0x21, 0x8c, 0x24, 0x21, 0xd2, 0x00, 0x00, 0x00, 0x24, 0x21, 0xf8, 0x24, 0x21, 0x6e,
    0x24, 0x21, 0xb9, 0x24, 0x21, 0xa5, 0x24, 0x21, 0x8b, 0x24, 0x21, 0xff, 0x24, 0x21, 0xff, 0x24, 0x21, 0xff, 0x24, 0x21, 0x0b, 0x00, 0x00, 0x00,
    0x24, 0x21, 0xb3, 0x24, 0x21, 0xc3, 0x00, 0x00, 0x00, 0x24, 0x21, 0x0b, 0x24, 0x21, 0xff, 0x24, 0x21, 0x73, 0x24, 0x21, 0x6b, 0x24, 0x21, 0xff,
    0x00, 0x00, 0x00, 0x24, 0x21, 0xd3, 0x24, 0x21, 0xb3, 0x00, 0x00, 0x00, 0x00, 0x00, 0x00, 0x24, 0x21, 0x8c, 0x24, 0x21, 0xd2, 0x00, 0x00, 0x00,
    0x24, 0x21, 0xf8, 0x24, 0x21, 0x6e, 0x24, 0x21, 0xb9, 0x24, 0x21, 0xa5, 0x24, 0x21, 0x8b, 0x24, 0x21, 0xff, 0x24, 0x21, 0xff, 0x24, 0x21, 0xff,
    0x24, 0x21, 0x0b, 0x00, 0x00, 0x00, 0x24, 0x21, 0x76, 0x24, 0x21, 0xff, 0x24, 0x21, 0x27, 0x24, 0x21, 0xe7, 0x24, 0x21, 0xd2, 0x24, 0x21, 0x73,
    0x24, 0x21, 0x73, 0x24, 0x21, 0x73, 0x24, 0x21, 0x73, 0x24, 0x21, 0xf9, 0x24, 0x21, 0xb3, 0x00, 0x00, 0x00, 0x00, 0x00, 0x00, 0x00, 0x00, 0x00,
    0x00, 0x00, 0x00, 0x00, 0x00, 0x00, 0x00, 0x00, 0x00, 0x24, 0x21, 0xb3, 0x24, 0x21, 0xff, 0x24, 0x21, 0xff, 0x24, 0x21, 0xff, 0x24, 0x21, 0xff,
    0x24, 0x21, 0x73, 0x24, 0x21, 0x6b, 0x24, 0x21, 0xff, 0x00, 0x00, 0x00, 0x24, 0x21, 0xd3, 0x24, 0x21, 0xb3, 0x00, 0x00, 0x00, 0x00, 0x00, 0x00,
    0x24, 0x21, 0x0b, 0x24, 0x21, 0xff, 0x24, 0x21, 0xfe, 0x24, 0x21, 0xfb, 0x24, 0x21, 0xfb, 0x24, 0x21, 0xfb, 0x24, 0x21, 0xfb, 0x24, 0x21, 0xfb,
    0x24, 0x21, 0xfe, 0x24, 0x21, 0xff, 0x24, 0x21, 0x17, 0x00, 0x00, 0x00, 0x00, 0x00, 0x00, 0x24, 0x21, 0xbf, 0x24, 0x21, 0xb1, 0x24, 0x21, 0x02,
    0x24, 0x21, 0xff, 0x24, 0x21, 0x66, 0x24, 0x21, 0xcb, 0x24, 0x21, 0xdc, 0x24, 0x21, 0x8c, 0x24, 0x21, 0xdf, 0x00, 0x00, 0x00, 0x00, 0x00, 0x00,
    0x00, 0x00, 0x00, 0x00, 0x00, 0x00, 0x24, 0x21, 0xb3, 0x24, 0x21, 0xff, 0x24, 0x21, 0xff, 0x24, 0x21, 0xff, 0x24, 0x21, 0xff, 0x24, 0x21, 0x73,
    0x24, 0x21, 0x6b, 0x24, 0x21, 0xff, 0x00, 0x00, 0x00, 0x24, 0x21, 0xd3, 0x24, 0x21, 0xb3, 0x00, 0x00, 0x00, 0x00, 0x00, 0x00, 0x24, 0x21, 0xbf,
    0x24, 0x21, 0xb1, 0x24, 0x21, 0x02, 0x24, 0x21, 0xff, 0x24, 0x21, 0x66, 0x24, 0x21, 0xcb, 0x24, 0x21, 0xdc, 0x24, 0x21, 0x8c, 0x24, 0x21, 0xdf,
    0x00, 0x00, 0x00, 0x00, 0x00, 0x00, 0x00, 0x00, 0x00, 0x00, 0x00, 0x00, 0x24, 0x21, 0xaf, 0x24, 0x21, 0xf8, 0x24, 0x21, 0x07, 0x24, 0x21, 0xe7,
    0x24, 0x21, 0xab, 0x00, 0x00, 0x00, 0x00, 0x00, 0x00, 0x00, 0x00, 0x00, 0x00, 0x00, 0x00, 0x24, 0x21, 0xf3, 0x24, 0x21, 0xb3, 0x00, 0x00, 0x00,
    0x00, 0x00, 0x00, 0x00, 0x00, 0x00, 0x00, 0x00, 0x00, 0x00, 0x00, 0x00, 0x00, 0x00, 0x00, 0x24, 0x21, 0xb3, 0x24, 0x21, 0xcd, 0x24, 0x21, 0x27,
    0x24, 0x21, 0x32, 0x24, 0x21, 0xff, 0x24, 0x21, 0x73, 0x24, 0x21, 0x2a, 0x24, 0x21, 0x63, 0x00, 0x00, 0x00, 0x24, 0x21, 0xd3, 0x24, 0x21, 0xb3,
    0x00, 0x00, 0x00, 0x00, 0x00, 0x00, 0x24, 0x21, 0x0b, 0x24, 0x21, 0xff, 0x24, 0x21, 0xf5, 0x24, 0x21, 0xe7, 0x24, 0x21, 0xe7, 0x24, 0x21, 0xe7,
    0x24, 0x21, 0xe7, 0x24, 0x21, 0xe7, 0x24, 0x21, 0xf4, 0x24, 0x21, 0xff, 0x24, 0x21, 0x17, 0x00, 0x00, 0x00, 0x24, 0x21, 0x0b, 0x24, 0x21, 0xf3,
    0x24, 0x21, 0x7b, 0x24, 0x21, 0x10, 0x24, 0x21, 0xff, 0x24, 0x21, 0x62, 0x24, 0x21, 0xf6, 0x24, 0x21, 0xff, 0x24, 0x21, 0xde, 0x24, 0x21, 0xdf,
    0x00, 0x00, 0x00, 0x00, 0x00, 0x00, 0x00, 0x00, 0x00, 0x00, 0x00, 0x00, 0x24, 0x21, 0xb3, 0x24, 0x21, 0xcd, 0x24, 0x21, 0x27, 0x24, 0x21, 0x32,
    0x24, 0x21, 0xff, 0x24, 0x21, 0x73, 0x24, 0x21, 0x2a, 0x24, 0x21, 0x63, 0x00, 0x00, 0x00, 0x24, 0x21, 0xd3, 0x24, 0x21, 0xb3, 0x00, 0x00, 0x00,
    0x24, 0x21, 0x0b, 0x24, 0x21, 0xf3, 0x24, 0x21, 0x7b, 0x24, 0x21, 0x10, 0x24, 0x21, 0xff, 0x24, 0x21, 0x62, 0x24, 0x21, 0xf6, 0x24, 0x21, 0xff,
    0x24, 0x21, 0xde, 0x24, 0x21, 0xdf, 0x00, 0x00, 0x00, 0x00, 0x00, 0x00, 0x00, 0x00, 0x00, 0x24, 0x21, 0x0c, 0x24, 0x21, 0xef, 0x24, 0x21, 0xbb,
    0x00, 0x00, 0x00, 0x24, 0x21, 0xe7, 0x24, 0x21, 0xab, 0x00, 0x00, 0x00, 0x00, 0x00, 0x00, 0x00, 0x00, 0x00, 0x00, 0x00, 0x00, 0x24, 0x21, 0xf3,
    0x24, 0x21, 0xb3, 0x00, 0x00, 0x00, 0x00, 0x00, 0x00, 0x00, 0x00, 0x00, 0x00, 0x00, 0x00, 0x00, 0x00, 0x00, 0x00, 0x00, 0x00, 0x24, 0x21, 0xb3,
    0x24, 0x21, 0xc3, 0x24, 0x21, 0x1d, 0x24, 0x21, 0x5d, 0x24, 0x21, 0xff, 0x24, 0x21, 0x6f, 0x00, 0x00, 0x00, 0x24, 0x21, 0x42, 0x24, 0x21, 0x73,
    0x24, 0x21, 0xef, 0x24, 0x21, 0xab, 0x00, 0x00, 0x00, 0x00, 0x00, 0x00, 0x24, 0x21, 0x0b, 0x24, 0x21, 0xff, 0x24, 0x21, 0x98, 0x24, 0x21, 0x1b,
    0x24, 0x21, 0x1b, 0x24, 0x21, 0x1b, 0x24, 0x21, 0x30, 0x24, 0x21, 0x45, 0x24, 0x21, 0xb0, 0x24, 0x21, 0xff, 0x24, 0x21, 0x12, 0x00, 0x00, 0x00,
    0x24, 0x21, 0x71, 0x24, 0x21, 0xfa, 0x24, 0x21, 0x43, 0x24, 0x21, 0x7e, 0x24, 0x21, 0xff, 0x24, 0x21, 0x9e, 0x24, 0x21, 0xff, 0x24, 0x21, 0xa6,
    0x24, 0x21, 0xff, 0x24, 0x21, 0xee, 0x24, 0x21, 0x66, 0x24, 0x21, 0x60, 0x24, 0x21, 0x43, 0x00, 0x00, 0x00, 0x24, 0x21, 0xb3, 0x24, 0x21, 0xc3,
    0x24, 0x21, 0x1d, 0x24, 0x21, 0x5d, 0x24, 0x21, 0xff, 0x24, 0x21, 0x6f, 0x00, 0x00, 0x00, 0x24, 0x21, 0x42, 0x24, 0x21, 0x73, 0x24, 0x21, 0xef,
    0x24, 0x21, 0xab, 0x00, 0x00, 0x00, 0x24, 0x21, 0x71, 0x24, 0x21, 0xfa, 0x24, 0x21, 0x43, 0x24, 0x21, 0x7e, 0x24, 0x21, 0xff, 0x24, 0x21, 0x9e,
    0x24, 0x21, 0xff, 0x24, 0x21, 0xa6, 0x24, 0x21, 0xff, 0x24, 0x21, 0xee, 0x24, 0x21, 0x66, 0x24, 0x21, 0x60, 0x24, 0x21, 0x43, 0x24, 0x21, 0x79,
    0x24, 0x21, 0xff, 0x24, 0x21, 0x69, 0x00, 0x00, 0x00, 0x24, 0x21, 0xe7, 0x24, 0x21, 0xff, 0x24, 0x21, 0xff, 0x24, 0x21, 0xff, 0x24, 0x21, 0xff,
    0x24, 0x21, 0xff, 0x24, 0x21, 0xff, 0x24, 0x21, 0xb3, 0x00, 0x00, 0x00, 0x00, 0x00, 0x00, 0x00, 0x00, 0x00, 0x00, 0x00, 0x00, 0x00, 0x00, 0x00,
    0x00, 0x00, 0x00, 0x24, 0x21, 0xb3, 0x24, 0x21, 0xc3, 0x24, 0x21, 0x22, 0x24, 0x21, 0xfb, 0x24, 0x21, 0xdc, 0x24, 0x21, 0x2a, 0x00, 0x00, 0x00,
    0x24, 0x21, 0x4b, 0x24, 0x21, 0xfc, 0x24, 0x21, 0xe1, 0x24, 0x21, 0x4d, 0x00, 0x00, 0x00, 0x00, 0x00, 0x00, 0x24, 0x21, 0x0b, 0x24, 0x21, 0xff,
    0x24, 0x21, 0x8b, 0x00, 0x00, 0x00, 0x00, 0x00, 0x00, 0x00, 0x00, 0x00, 0x24, 0x21, 0x36, 0x24, 0x21, 0xfe, 0x24, 0x21, 0xf3, 0x24, 0x21, 0xac,
    0x00, 0x00, 0x00, 0x00, 0x00, 0x00, 0x24, 0x21, 0x57, 0x24, 0x21, 0xa3, 0x24, 0x21, 0x45, 0x24, 0x21, 0xf8, 0x24, 0x21, 0xc9, 0x24, 0x21, 0x6c,
    0x24, 0x21, 0xaf, 0x24, 0x21, 0x03, 0x24, 0x21, 0x7c, 0x24, 0x21, 0xcb, 0x24, 0x21, 0xf6, 0x24, 0x21, 0xff, 0x24, 0x21, 0x7a, 0x00, 0x00, 0x00,
    0x24, 0x21, 0xb3, 0x24, 0x21, 0xc3, 0x24, 0x21, 0x22, 0x24, 0x21, 0xfb, 0x24, 0x21, 0xdc, 0x24, 0x21, 0x2a, 0x00, 0x00, 0x00, 0x24, 0x21, 0x4b,
    0x24, 0x21, 0xfc, 0x24, 0x21, 0xe1, 0x24, 0x21, 0x4d, 0x00, 0x00, 0x00, 0x24, 0x21, 0x57, 0x24, 0x21, 0xa3, 0x24, 0x21, 0x45, 0x24, 0x21, 0xf8,
    0x24, 0x21, 0xc9, 0x24, 0x21, 0x6c, 0x24, 0x21, 0xaf, 0x24, 0x21, 0x03, 0x24, 0x21, 0x7c, 0x24, 0x21, 0xcb, 0x24, 0x21, 0xf6, 0x24, 0x21, 0xff,
    0x24, 0x21, 0x7a, 0x24, 0x21, 0x35, 0x24, 0x21, 0xc7, 0x24, 0x21, 0x06, 0x00, 0x00, 0x00, 0x24, 0x21, 0xe7, 0x24, 0x21, 0xd2, 0x24, 0x21, 0x73,
    0x24, 0x21, 0x73, 0x24, 0x21, 0x73, 0x24, 0x21, 0x73, 0x24, 0x21, 0xf9, 0x24, 0x21, 0xb3, 0x00, 0x00, 0x00, 0x00, 0x00, 0x00, 0x00, 0x00, 0x00,
    0x00, 0x00, 0x00, 0x00, 0x00, 0x00, 0x00, 0x00, 0x00, 0x00, 0x00, 0x00, 0x00, 0x00, 0x00, 0x00, 0x00, 0x00, 0x00, 0x00, 0x00, 0x00, 0x00, 0x00,
    0x00, 0x00, 0x00, 0x00, 0x00, 0x00, 0x00, 0x00, 0x00, 0x00, 0x00, 0x00, 0x00, 0x00, 0x00, 0x00, 0x00, 0x00, 0x00, 0x00, 0x00, 0x00, 0x00, 0x00,
    0x00, 0x00, 0x00, 0x24, 0x21, 0x0b, 0x24, 0x21, 0x06, 0x00, 0x00, 0x00, 0x00, 0x00, 0x00, 0x00, 0x00, 0x00, 0x00, 0x00, 0x00, 0x00, 0x00, 0x00,
    0x00, 0x00, 0x00, 0x00, 0x00, 0x00, 0x00, 0x00, 0x00, 0x00, 0x00, 0x00, 0x00, 0x00, 0x00, 0x24, 0x21, 0x05, 0x00, 0x00, 0x00, 0x00, 0x00, 0x00,
    0x00, 0x00, 0x00, 0x00, 0x00, 0x00, 0x24, 0x21, 0x06, 0x00, 0x00, 0x00, 0x00, 0x00, 0x00, 0x00, 0x00, 0x00, 0x00, 0x00, 0x00, 0x00, 0x00, 0x00,
    0x00, 0x00, 0x00, 0x00, 0x00, 0x00, 0x00, 0x00, 0x00, 0x00, 0x00, 0x00, 0x00, 0x00, 0x00, 0x00, 0x00, 0x00, 0x00, 0x00, 0x00, 0x00, 0x00, 0x00,
    0x00, 0x00, 0x00, 0x00, 0x00, 0x00, 0x00, 0x00, 0x00, 0x00, 0x00, 0x00, 0x00, 0x00, 0x00, 0x00, 0x00, 0x00, 0x00, 0x00, 0x00, 0x24, 0x21, 0x05,
    0x00, 0x00, 0x00, 0x00, 0x00, 0x00, 0x00, 0x00, 0x00, 0x00, 0x00, 0x00, 0x24, 0x21, 0x06, 0x00, 0x00, 0x00, 0x00, 0x00, 0x00, 0x00, 0x00, 0x00,
    0x00, 0x00, 0x00, 0x00, 0x00, 0x00, 0x00, 0x00, 0x00, 0x00, 0x00, 0x00, 0x24, 0x21, 0x03, 0x00, 0x00, 0x00, 0x00, 0x00, 0x00, 0x24, 0x21, 0x12,
    0x24, 0x21, 0x0d, 0x00, 0x00, 0x00, 0x00, 0x00, 0x00, 0x00, 0x00, 0x00, 0x00, 0x00, 0x00, 0x24, 0x21, 0x07, 0x24, 0x21, 0x05, 0x00, 0x00, 0x00,
    0x00, 0x00, 0x00, 0x00, 0x00, 0x00, 0x00, 0x00, 0x00, 0x00, 0x00, 0x00, 0x00, 0x00, 0x00, 0x00, 0x00, 0x00, 0x00, 0x00, 0x00, 0x00, 0x00, 0x00,
    0x00, 0x00, 0x00, 0x00, 0x00, 0x00, 0x00, 0x00, 0x00, 0x00, 0x00, 0x00, 0x00, 0x00, 0x00, 0x00, 0x00, 0x00, 0x00, 0x00, 0x00, 0x00, 0x00, 0x00,
    0x00, 0x00, 0x00, 0x00, 0x00, 0x00, 0x00, 0x00, 0x00, 0x00, 0x00, 0x00, 0x00, 0x00, 0x00, 0x00, 0x00, 0x00, 0x00, 0x00, 0x00, 0x00, 0x00, 0x00,
    0x00, 0x00, 0x00, 0x00, 0x00, 0x00, 0x00, 0x00, 0x00, 0x00, 0x00, 0x00, 0x00, 0x00, 0x00, 0x00, 0x00, 0x00, 0x00, 0x00, 0x00, 0x00, 0x00, 0x00,
    0x00, 0x00, 0x00, 0x00, 0x00, 0x00, 0x00, 0x00, 0x00, 0x00, 0x00, 0x00, 0x00, 0x00, 0x00, 0x00, 0x00, 0x00, 0x00, 0x00, 0x00, 0x00, 0x00, 0x00,
    0x00, 0x00, 0x00, 0x00, 0x00, 0x00, 0x00, 0x00, 0x00, 0x00, 0x00, 0x00, 0x00, 0x00, 0x00, 0x00, 0x00, 0x00, 0x00, 0x00, 0x00, 0x00, 0x00, 0x00,
    0x00, 0x00, 0x00, 0x00, 0x00, 0x00, 0x00, 0x00, 0x00, 0x00, 0x00, 0x00, 0x00, 0x00, 0x00, 0x00, 0x00, 0x00, 0x00, 0x00, 0x00, 0x00, 0x00, 0x00,
    0x00, 0x00, 0x00, 0x00, 0x00, 0x00, 0x00, 0x00, 0x00, 0x00, 0x00, 0x00, 0x00, 0x00, 0x00, 0x00, 0x00, 0x00, 0x00, 0x00, 0x00, 0x00, 0x00, 0x00,
    0x00, 0x00, 0x00, 0x00, 0x00, 0x00, 0x00, 0x00, 0x00, 0x00, 0x00, 0x00, 0x00, 0x00, 0x00, 0x00, 0x00, 0x00, 0x00, 0x00, 0x00, 0x00, 0x00, 0x00,
    0x00, 0x00, 0x00, 0x00, 0x00, 0x00, 0x00, 0x00, 0x00, 0x00, 0x00, 0x00, 0x00, 0x00, 0x00, 0x00, 0x00, 0x00, 0x00, 0x00, 0x00, 0x00, 0x00, 0x00,
    0x00, 0x00, 0x00, 0x00, 0x00, 0x00, 0x00, 0x00, 0x00, 0x00, 0x00, 0x00, 0x00, 0x00, 0x00, 0x00, 0x00, 0x00, 0x00, 0x00, 0x00, 0x00, 0x00, 0x00,
    0x00, 0x00, 0x00, 0x00, 0x00, 0x00, 0x00, 0x00, 0x00, 0x00, 0x00, 0x00, 0x00, 0x00, 0x00, 0x00, 0x00, 0x00, 0x00, 0x00, 0x00, 0x00, 0x00, 0x00,
    0x00, 0x00, 0x00, 0x00, 0x00, 0x00, 0x00, 0x00, 0x00, 0x00, 0x00, 0x00, 0x00, 0x00, 0x00, 0x00, 0x00, 0x00, 0x00, 0x00, 0x00, 0x00, 0x00, 0x00,
    0x00, 0x00, 0x00, 0x00, 0x00, 0x00, 0x00, 0x00, 0x00, 0x00, 0x00, 0x00, 0x00, 0x00, 0x00, 0x00, 0x00, 0x00, 0x00, 0x00, 0x00, 0x00, 0x00, 0x00,
    0x00, 0x00, 0x00, 0x00, 0x00, 0x00, 0x00, 0x00, 0x00, 0x00, 0x00, 0x00, 0x00, 0x00, 0x00, 0x00, 0x00, 0x00, 0x00, 0x00, 0x00, 0x00, 0x00, 0x00,
    0x00, 0x00, 0x00, 0x00, 0x00, 0x00, 0x00, 0x00, 0x00, 0x00, 0x00, 0x00, 0x00, 0x00, 0x00, 0x00, 0x00, 0x00, 0x00, 0x00, 0x00, 0x00, 0x00, 0x00,
    0x00, 0x00, 0x00, 0x00, 0x00, 0x00, 0x00, 0x00, 0x00, 0x00, 0x00, 0x00, 0x00, 0x00, 0x00, 0x00, 0x00, 0x00, 0x00, 0x00, 0x00, 0x00, 0x00, 0x00,
    0x00, 0x00, 0x00, 0x00, 0x00, 0x00, 0x00, 0x00, 0x00, 0x00, 0x00, 0x00, 0x00, 0x00, 0x00, 0x00, 0x00, 0x00, 0x00, 0x00, 0x00, 0x00, 0x00, 0x00,
    0x00, 0x00, 0x00, 0x00, 0x00, 0x00, 0x00, 0x00, 0x00, 0x00, 0x00, 0x00, 0x00, 0x00, 0x00, 0x00, 0x00, 0x00, 0x00, 0x00, 0x00, 0x00, 0x00, 0x00,
    0x00, 0x00, 0x00, 0x00, 0x00, 0x00, 0x00, 0x00, 0x00, 0x00, 0x00, 0x00, 0x00, 0x00, 0x00, 0x00, 0x00, 0x00, 0x00, 0x00, 0x00, 0x00, 0x00, 0x00,
    0x00, 0x00, 0x00, 0x00, 0x00, 0x00, 0x00, 0x00, 0x00, 0x00, 0x00, 0x00, 0x00, 0x00, 0x00, 0x00, 0x00, 0x00,
};
const lv_img_dsc_t zh_forearm = {
    .header.always_zero = 0,
    .header.w = 82,
    .header.h = 19,
    .data_size = 4674,
    .header.cf = LV_IMG_CF_TRUE_COLOR_ALPHA,
    .data = zh_forearm_map,
};

#ifndef LV_ATTRIBUTE_IMG_ZH_HOME
#define LV_ATTRIBUTE_IMG_ZH_HOME
#endif
const LV_ATTRIBUTE_MEM_ALIGN LV_ATTRIBUTE_LARGE_CONST LV_ATTRIBUTE_IMG_ZH_HOME uint8_t zh_home_map[] = {
    0x00, 0x00, 0x00, 0x00, 0x00, 0x00, 0x00, 0x00, 0x00, 0x00, 0x00, 0x00, 0x00, 0x00, 0x00, 0x00, 0x00, 0x00, 0x00, 0x00, 0x00, 0x00, 0x00, 0x00,
    0x00, 0x00, 0x00, 0x00, 0x00, 0x00, 0x00, 0x00, 0x00, 0x00, 0x00, 0x00, 0x00, 0x00, 0x00, 0x00, 0x00, 0x00, 0x00, 0x00, 0x00, 0x00, 0x00, 0x00,
    0x00, 0x00, 0x00, 0x00, 0x00, 0x00, 0x00, 0x00, 0x00, 0x00, 0x00, 0x00, 0x00, 0x00, 0x00, 0x00, 0x00, 0x00, 0x00, 0x00, 0x00, 0x00, 0x00, 0x00,
    0x00, 0x00, 0x00, 0x00, 0x00, 0x00, 0x00, 0x00, 0x00, 0x00, 0x00, 0x00, 0x00, 0x00, 0x00, 0x00, 0x00, 0x00, 0x00, 0x00, 0x00, 0x00, 0x00, 0x00,
    0x00, 0x00, 0x00, 0x00, 0x00, 0x00, 0x00, 0x00, 0x00, 0x00, 0x00, 0x00, 0x00, 0x00, 0x00, 0x00, 0x00, 0x00, 0x00, 0x00, 0x00, 0x00, 0x00, 0x00,
    0x00, 0x00, 0x00, 0x00, 0x00, 0x00, 0x00, 0x00, 0x00, 0x00, 0x00, 0x00, 0x00, 0x00, 0x00, 0x00, 0x00, 0x00, 0x00, 0x00, 0x00, 0x00, 0x00, 0x00,
    0x00, 0x00, 0x00, 0x00, 0x00, 0x00, 0x00, 0x00, 0x00, 0x00, 0x00, 0x00, 0x00, 0x00, 0x00, 0x00, 0x00, 0x00, 0x00, 0x00, 0x00, 0x00, 0x00, 0x00,
    0x00, 0x00, 0x00, 0x00, 0x00, 0x00, 0x00, 0x00, 0x00, 0x00, 0x00, 0x00, 0x00, 0x00, 0x00, 0x00, 0x00, 0x00, 0x00, 0x00, 0x00, 0x00, 0x00, 0x00,
    0x00, 0x00, 0x00, 0x00, 0x00, 0x00, 0x00, 0x00, 0x00, 0x00, 0x00, 0x00, 0x00, 0x00, 0x00, 0x00, 0x00, 0x00, 0x8e, 0x35, 0x07, 0x00, 0x00, 0x00,
    0x00, 0x00, 0x00, 0x00, 0x00, 0x00, 0x00, 0x00, 0x00, 0x8e, 0x35, 0x02, 0x00, 0x00, 0x00, 0x00, 0x00, 0x00, 0x00, 0x00, 0x00, 0x00, 0x00, 0x00,
    0x00, 0x00, 0x00, 0x00, 0x00, 0x00, 0x00, 0x00, 0x00, 0x00, 0x00, 0x00, 0x00, 0x00, 0x00, 0x00, 0x00, 0x00, 0x00, 0x00, 0x00, 0x00, 0x00, 0x00,
    0x00, 0x00, 0x00, 0x00, 0x00, 0x00, 0x00, 0x00, 0x00, 0x00, 0x00, 0x00, 0x00, 0x00, 0x00, 0x00, 0x00, 0x00, 0x00, 0x00, 0x00, 0x00, 0x00, 0x00,
    0x00, 0x00, 0x00, 0x00, 0x00, 0x00, 0x00, 0x00, 0x00, 0x00, 0x00, 0x00, 0x8e, 0x35, 0x04, 0x8e, 0x35, 0xb5, 0x8e, 0x35, 0xd7, 0x8e, 0x35, 0x0f,
    0x00, 0x00, 0x00, 0x00, 0x00, 0x00, 0x8e, 0x35, 0x05, 0x8e, 0x35, 0xda, 0x8e, 0x35, 0xcc, 0x8e, 0x35, 0x19, 0x00, 0x00, 0x00, 0x00, 0x00, 0x00,
    0x00, 0x00, 0x00, 0x00, 0x00, 0x00, 0x00, 0x00, 0x00, 0x00, 0x00, 0x00, 0x00, 0x00, 0x00, 0x00, 0x00, 0x00, 0x00, 0x00, 0x00, 0x00, 0x00, 0x00,
    0x00, 0x00, 0x00, 0x00, 0x00, 0x00, 0x00, 0x00, 0x00, 0x00, 0x00, 0x00, 0x00, 0x00, 0x00, 0x00, 0x00, 0x00, 0x00, 0x00, 0x00, 0x00, 0x00, 0x00,
    0x00, 0x00, 0x00, 0x00, 0x00, 0x00, 0x00, 0x00, 0x00, 0x00, 0x00, 0x00, 0x00, 0x00, 0x00, 0x8e, 0x35, 0x78, 0x8e, 0x35, 0xff, 0x8e, 0x35, 0x7b,
    0x00, 0x00, 0x00, 0x00, 0x00, 0x00, 0x8e, 0x35, 0x66, 0x8e, 0x35, 0xff, 0x8e, 0x35, 0x90, 0x00, 0x00, 0x00, 0x00, 0x00, 0x00, 0x00, 0x00, 0x00,
    0x8e, 0x35, 0x0f, 0x8e, 0x35, 0xff, 0x8e, 0x35, 0xff, 0x8e, 0x35, 0xff, 0x8e, 0x35, 0xff, 0x8e, 0x35, 0xff, 0x8e, 0x35, 0xff, 0x8e, 0x35, 0xff,
    0x8e, 0x35, 0xff, 0x8e, 0x35, 0xff, 0x8e, 0x35, 0xff, 0x8e, 0x35, 0xff, 0x8e, 0x35, 0xff, 0x8e, 0x35, 0x2f, 0x00, 0x00, 0x00, 0x00, 0x00, 0x00,
    0x00, 0x00, 0x00, 0x00, 0x00, 0x00, 0x8e, 0x35, 0x53, 0x8e, 0x35, 0xff, 0x8e, 0x35, 0xff, 0x8e, 0x35, 0xff, 0x8e, 0x35, 0xff, 0x8e, 0x35, 0xff,
    0x8e, 0x35, 0xff, 0x8e, 0x35, 0xff, 0x8e, 0x35, 0xff, 0x8e, 0x35, 0xff, 0x8e, 0x35, 0xff, 0x8e, 0x35, 0xff, 0x8e, 0x35, 0xff, 0x8e, 0x35, 0x5f,
    0x8e, 0x35, 0x08, 0x8e, 0x35, 0x8f, 0x8e, 0x35, 0x8f, 0x8e, 0x35, 0x8f, 0x8e, 0x35, 0x8f, 0x8e, 0x35, 0xb2, 0x8e, 0x35, 0xff, 0x8e, 0x35, 0xcd,
    0x8e, 0x35, 0x8f, 0x8e, 0x35, 0x8f, 0x8e, 0x35, 0x8f, 0x8e, 0x35, 0x8f, 0x8e, 0x35, 0x8f, 0x8e, 0x35, 0x1a, 0x00, 0x00, 0x00, 0x00, 0x00, 0x00,
    0x00, 0x00, 0x00, 0x00, 0x00, 0x00, 0x8e, 0x35, 0x2f, 0x8e, 0x35, 0x8f, 0x8e, 0x35, 0x8f, 0x8e, 0x35, 0x8f, 0x8e, 0x35, 0x8f, 0x8e, 0x35, 0x95,
    0x8e, 0x35, 0xff, 0x8e, 0x35, 0xf9, 0x8e, 0x35, 0x90, 0x8e, 0x35, 0x8f, 0x8e, 0x35, 0x8f, 0x8e, 0x35, 0x8f, 0x8e, 0x35, 0x8f, 0x8e, 0x35, 0x35,
    0x00, 0x00, 0x00, 0x00, 0x00, 0x00, 0x00, 0x00, 0x00, 0x00, 0x00, 0x00, 0x00, 0x00, 0x00, 0x8e, 0x35, 0x7e, 0x8e, 0x35, 0xff, 0x8e, 0x35, 0x3d,
    0x00, 0x00, 0x00, 0x00, 0x00, 0x00, 0x00, 0x00, 0x00, 0x00, 0x00, 0x00, 0x00, 0x00, 0x00, 0x00, 0x00, 0x00, 0x00, 0x00, 0x00, 0x00, 0x00, 0x00,
    0x00, 0x00, 0x00, 0x00, 0x00, 0x00, 0x00, 0x00, 0x00, 0x00, 0x00, 0x00, 0x8e, 0x35, 0x6e, 0x8e, 0x35, 0x73, 0x8e, 0x35, 0x73, 0x8e, 0x35, 0x8a,
    0x8e, 0x35, 0xff, 0x8e, 0x35, 0xdc, 0x8e, 0x35, 0x73, 0x8e, 0x35, 0x73, 0x8e, 0x35, 0x73, 0x8e, 0x35, 0x67, 0x00, 0x00, 0x00, 0x00, 0x00, 0x00,
    0x00, 0x00, 0x00, 0x00, 0x00, 0x00, 0x8e, 0x35, 0xeb, 0x8e, 0x35, 0xff, 0x8e, 0x35, 0xff, 0x8e, 0x35, 0xff, 0x8e, 0x35, 0xff, 0x8e, 0x35, 0xff,
    0x8e, 0x35, 0xff, 0x8e, 0x35, 0xff, 0x8e, 0x35, 0xff, 0x8e, 0x35, 0xff, 0x8e, 0x35, 0x23, 0x00, 0x00, 0x00, 0x00, 0x00, 0x00, 0x00, 0x00, 0x00,
    0x00, 0x00, 0x00, 0x00, 0x00, 0x00, 0x00, 0x00, 0x00, 0x00, 0x00, 0x00, 0x8e, 0x35, 0xf3, 0x8e, 0x35, 0xff, 0x8e, 0x35, 0xff, 0x8e, 0x35, 0xff,
    0x8e, 0x35, 0xff, 0x8e, 0x35, 0xff, 0x8e, 0x35, 0xff, 0x8e, 0x35, 0xff, 0x8e, 0x35, 0xff, 0x8e, 0x35, 0xe3, 0x00, 0x00, 0x00, 0x00, 0x00, 0x00,
    0x00, 0x00, 0x00, 0x00, 0x00, 0x00, 0x8e, 0x35, 0xeb, 0x8e, 0x35, 0xe8, 0x8e, 0x35, 0x8b, 0x8e, 0x35, 0x8b, 0x8e, 0x35, 0x8b, 0x8e, 0x35, 0x8b,
    0x8e, 0x35, 0x8b, 0x8e, 0x35, 0x8b, 0x8e, 0x35, 0xd9, 0x8e, 0x35, 0xff, 0x8e, 0x35, 0x23, 0x00, 0x00, 0x00, 0x00, 0x00, 0x00, 0x00, 0x00, 0x00,
    0x00, 0x00, 0x00, 0x00, 0x00, 0x00, 0x00, 0x00, 0x00, 0x00, 0x00, 0x00, 0x8e, 0x35, 0xf3, 0x8e, 0x35, 0xbb, 0x00, 0x00, 0x00, 0x00, 0x00, 0x00,
    0x00, 0x00, 0x00, 0x00, 0x00, 0x00, 0x00, 0x00, 0x00, 0x00, 0x00, 0x00, 0x8e, 0x35, 0xdb, 0x8e, 0x35, 0xe3, 0x00, 0x00, 0x00, 0x00, 0x00, 0x00,
    0x00, 0x00, 0x00, 0x00, 0x00, 0x00, 0x8e, 0x35, 0xeb, 0x8e, 0x35, 0xcb, 0x00, 0x00, 0x00, 0x00, 0x00, 0x00, 0x8e, 0x35, 0xaf, 0x8e, 0x35, 0xc0,
    0x00, 0x00, 0x00, 0x00, 0x00, 0x00, 0x8e, 0x35, 0xab, 0x8e, 0x35, 0xff, 0x8e, 0x35, 0x23, 0x00, 0x00, 0x00, 0x00, 0x00, 0x00, 0x00, 0x00, 0x00,
    0x00, 0x00, 0x00, 0x00, 0x00, 0x00, 0x00, 0x00, 0x00, 0x00, 0x00, 0x00, 0x8e, 0x35, 0xf3, 0x8e, 0x35, 0xff, 0x8e, 0x35, 0xff, 0x8e, 0x35, 0xff,
    0x8e, 0x35, 0xff, 0x8e, 0x35, 0xff, 0x8e, 0x35, 0xff, 0x8e, 0x35, 0xff, 0x8e, 0x35, 0xff, 0x8e, 0x35, 0xe3, 0x00, 0x00, 0x00, 0x00, 0x00, 0x00,
    0x00, 0x00, 0x00, 0x00, 0x00, 0x00, 0x8e, 0x35, 0xeb, 0x8e, 0x35, 0xcb, 0x00, 0x00, 0x00, 0x00, 0x00, 0x00, 0x8e, 0x35, 0xd3, 0x8e, 0x35, 0xe7,
    0x00, 0x00, 0x00, 0x00, 0x00, 0x00, 0x8e, 0x35, 0xab, 0x8e, 0x35, 0xff, 0x8e, 0x35, 0x23, 0x00, 0x00, 0x00, 0x00, 0x00, 0x00, 0x00, 0x00, 0x00,
    0x00, 0x00, 0x00, 0x00, 0x00, 0x00, 0x00, 0x00, 0x00, 0x00, 0x00, 0x00, 0x8e, 0x35, 0xf3, 0x8e, 0x35, 0xd0, 0x8e, 0x35, 0x4b, 0x8e, 0x35, 0x4b,
    0x8e, 0x35, 0x4b, 0x8e, 0x35, 0x4b, 0x8e, 0x35, 0x4b, 0x8e, 0x35, 0x4b, 0x8e, 0x35, 0xe6, 0x8e, 0x35, 0xe3, 0x00, 0x00, 0x00, 0x00, 0x00, 0x00,
    0x00, 0x00, 0x00, 0x00, 0x00, 0x00, 0x8e, 0x35, 0xeb, 0x8e, 0x35, 0xcb, 0x00, 0x00, 0x00, 0x00, 0x00, 0x00, 0x8e, 0x35, 0xd5, 0x8e, 0x35, 0xe7,
    0x00, 0x00, 0x00, 0x00, 0x00, 0x00, 0x8e, 0x35, 0xab, 0x8e, 0x35, 0xff, 0x8e, 0x35, 0x23, 0x00, 0x00, 0x00, 0x00, 0x00, 0x00, 0x00, 0x00, 0x00,
    0x00, 0x00, 0x00, 0x00, 0x00, 0x00, 0x00, 0x00, 0x00, 0x00, 0x00, 0x00, 0x8e, 0x35, 0xf3, 0x8e, 0x35, 0xcf, 0x8e, 0x35, 0x47, 0x8e, 0x35, 0x47,
    0x8e, 0x35, 0x47, 0x8e, 0x35, 0x47, 0x8e, 0x35, 0x47, 0x8e, 0x35, 0x47, 0x8e, 0x35, 0xe6, 0x8e, 0x35, 0xe3, 0x00, 0x00, 0x00, 0x00, 0x00, 0x00,
    0x00, 0x00, 0x00, 0x00, 0x00, 0x00, 0x8e, 0x35, 0xeb, 0x8e, 0x35, 0xcb, 0x00, 0x00, 0x00, 0x8e, 0x35, 0x03, 0x8e, 0x35, 0xf4, 0x8e, 0x35, 0xca,
    0x00, 0x00, 0x00, 0x00, 0x00, 0x00, 0x8e, 0x35, 0xab, 0x8e, 0x35, 0xff, 0x8e, 0x35, 0x23, 0x00, 0x00, 0x00, 0x00, 0x00, 0x00, 0x00, 0x00, 0x00,
    0x00, 0x00, 0x00, 0x00, 0x00, 0x00, 0x00, 0x00, 0x00, 0x00, 0x00, 0x00, 0x8e, 0x35, 0xf3, 0x8e, 0x35, 0xff, 0x8e, 0x35, 0xff, 0x8e, 0x35, 0xff,
    0x8e, 0x35, 0xff, 0x8e, 0x35, 0xff, 0x8e, 0x35, 0xff, 0x8e, 0x35, 0xff, 0x8e, 0x35, 0xff, 0x8e, 0x35, 0xe3, 0x00, 0x00, 0x00, 0x00, 0x00, 0x00,
    0x00, 0x00, 0x00, 0x00, 0x00, 0x00, 0x8e, 0x35, 0xb4, 0x8e, 0x35, 0x9c, 0x00, 0x00, 0x00, 0x8e, 0x35, 0x84, 0x8e, 0x35, 0xff, 0x8e, 0x35, 0x90,
    0x8e, 0x35, 0xa1, 0x8e, 0x35, 0x57, 0x8e, 0x35, 0x7f, 0x8e, 0x35, 0xb7, 0x8e, 0x35, 0x19, 0x00, 0x00, 0x00, 0x00, 0x00, 0x00, 0x00, 0x00, 0x00,
    0x00, 0x00, 0x00, 0x00, 0x00, 0x00, 0x00, 0x00, 0x00, 0x00, 0x00, 0x00, 0x8e, 0x35, 0xf3, 0x8e, 0x35, 0xbb, 0x00, 0x00, 0x00, 0x00, 0x00, 0x00,
    0x00, 0x00, 0x00, 0x00, 0x00, 0x00, 0x00, 0x00, 0x00, 0x00, 0x00, 0x00, 0x8e, 0x35, 0xdb, 0x8e, 0x35, 0xe3, 0x00, 0x00, 0x00, 0x00, 0x00, 0x00,
    0x00, 0x00, 0x00, 0x00, 0x00, 0x00, 0x00, 0x00, 0x00, 0x8e, 0x35, 0x2b, 0x8e, 0x35, 0xa7, 0x8e, 0x35, 0xff, 0x8e, 0x35, 0xdc, 0x8e, 0x35, 0x3c,
    0x8e, 0x35, 0xdb, 0x8e, 0x35, 0xff, 0x8e, 0x35, 0xdd, 0x8e, 0x35, 0x62, 0x8e, 0x35, 0x03, 0x00, 0x00, 0x00, 0x00, 0x00, 0x00, 0x00, 0x00, 0x00,
    0x00, 0x00, 0x00, 0x00, 0x00, 0x00, 0x00, 0x00, 0x00, 0x00, 0x00, 0x00, 0x8e, 0x35, 0xf3, 0x8e, 0x35, 0xff, 0x8e, 0x35, 0xff, 0x8e, 0x35, 0xff,
    0x8e, 0x35, 0xff, 0x8e, 0x35, 0xff, 0x8e, 0x35, 0xff, 0x8e, 0x35, 0xff, 0x8e, 0x35, 0xff, 0x8e, 0x35, 0xe3, 0x00, 0x00, 0x00, 0x00, 0x00, 0x00,
    0x8e, 0x35, 0x22, 0x8e, 0x35, 0x8f, 0x8e, 0x35, 0xd3, 0x8e, 0x35, 0xff, 0x8e, 0x35, 0xff, 0x8e, 0x35, 0xae, 0x8e, 0x35, 0x17, 0x00, 0x00, 0x00,
    0x8e, 0x35, 0x04, 0x8e, 0x35, 0x61, 0x8e, 0x35, 0xe1, 0x8e, 0x35, 0xff, 0x8e, 0x35, 0xd0, 0x8e, 0x35, 0x1c, 0x00, 0x00, 0x00, 0x00, 0x00, 0x00,
    0x00, 0x00, 0x00, 0x00, 0x00, 0x00, 0x00, 0x00, 0x00, 0x00, 0x00, 0x00, 0x8e, 0x35, 0xf3, 0x8e, 0x35, 0xdb, 0x8e, 0x35, 0x77, 0x8e, 0x35, 0x77,
    0x8e, 0x35, 0x77, 0x8e, 0x35, 0x77, 0x8e, 0x35, 0x77, 0x8e, 0x35, 0x77, 0x8e, 0x35, 0xec, 0x8e, 0x35, 0xe3, 0x00, 0x00, 0x00, 0x00, 0x00, 0x00,
    0x8e, 0x35, 0x07, 0x8e, 0x35, 0xcd, 0x8e, 0x35, 0xd7, 0x8e, 0x35, 0x8e, 0x8e, 0x35, 0x2e, 0x00, 0x00, 0x00, 0x00, 0x00, 0x00, 0x00, 0x00, 0x00,
    0x00, 0x00, 0x00, 0x00, 0x00, 0x00, 0x8e, 0x35, 0x0a, 0x8e, 0x35, 0x88, 0x8e, 0x35, 0xba, 0x8e, 0x35, 0x02, 0x00, 0x00, 0x00, 0x00, 0x00, 0x00,
    0x00, 0x00, 0x00, 0x00, 0x00, 0x00, 0x00, 0x00, 0x00, 0x00, 0x00, 0x00, 0x8e, 0x35, 0x16, 0x8e, 0x35, 0x11, 0x00, 0x00, 0x00, 0x00, 0x00, 0x00,
    0x00, 0x00, 0x00, 0x00, 0x00, 0x00, 0x00, 0x00, 0x00, 0x00, 0x00, 0x00, 0x8e, 0x35, 0x14, 0x8e, 0x35, 0x15, 0x00, 0x00, 0x00, 0x00, 0x00, 0x00,
    0x00, 0x00, 0x00, 0x8e, 0x35, 0x03, 0x00, 0x00, 0x00, 0x00, 0x00, 0x00, 0x00, 0x00, 0x00, 0x00, 0x00, 0x00, 0x00, 0x00, 0x00, 0x00, 0x00, 0x00,
    0x00, 0x00, 0x00, 0x00, 0x00, 0x00, 0x00, 0x00, 0x00, 0x00, 0x00, 0x00, 0x8e, 0x35, 0x01, 0x00, 0x00, 0x00, 0x00, 0x00, 0x00, 0x00, 0x00, 0x00,
    0x00, 0x00, 0x00, 0x00, 0x00, 0x00, 0x00, 0x00, 0x00, 0x00, 0x00, 0x00, 0x00, 0x00, 0x00, 0x00, 0x00, 0x00, 0x00, 0x00, 0x00, 0x00, 0x00, 0x00,
    0x00, 0x00, 0x00, 0x00, 0x00, 0x00, 0x00, 0x00, 0x00, 0x00, 0x00, 0x00, 0x00, 0x00, 0x00, 0x00, 0x00, 0x00, 0x00, 0x00, 0x00, 0x00, 0x00, 0x00,
    0x00, 0x00, 0x00, 0x00, 0x00, 0x00, 0x00, 0x00, 0x00, 0x00, 0x00, 0x00, 0x00, 0x00, 0x00, 0x00, 0x00, 0x00, 0x00, 0x00, 0x00, 0x00, 0x00, 0x00,
    0x00, 0x00, 0x00, 0x00, 0x00, 0x00, 0x00, 0x00, 0x00, 0x00, 0x00, 0x00, 0x00, 0x00, 0x00, 0x00, 0x00, 0x00, 0x00, 0x00, 0x00, 0x00, 0x00, 0x00,
    0x00, 0x00, 0x00, 0x00, 0x00, 0x00, 0x00, 0x00, 0x00, 0x00, 0x00, 0x00, 0x00, 0x00, 0x00, 0x00, 0x00, 0x00, 0x00, 0x00, 0x00, 0x00, 0x00, 0x00,
    0x00, 0x00, 0x00, 0x00, 0x00, 0x00, 0x00, 0x00, 0x00, 0x00, 0x00, 0x00, 0x00, 0x00, 0x00, 0x00, 0x00, 0x00, 0x00, 0x00, 0x00, 0x00, 0x00, 0x00,
    0x00, 0x00, 0x00, 0x00, 0x00, 0x00, 0x00, 0x00, 0x00, 0x00, 0x00, 0x00, 0x00, 0x00, 0x00, 0x00, 0x00, 0x00, 0x00, 0x00, 0x00, 0x00, 0x00, 0x00,
    0x00, 0x00, 0x00, 0x00, 0x00, 0x00, 0x00, 0x00, 0x00, 0x00, 0x00, 0x00, 0x00, 0x00, 0x00, 0x00, 0x00, 0x00, 0x00, 0x00, 0x00, 0x00, 0x00, 0x00,
};
const lv_img_dsc_t zh_home = {
    .header.always_zero = 0,
    .header.w = 32,
    .header.h = 20,
    .data_size = 1920,
    .header.cf = LV_IMG_CF_TRUE_COLOR_ALPHA,
    .data = zh_home_map,
};

#ifndef LV_ATTRIBUTE_IMG_ZH_IN_PROGRESS
#define LV_ATTRIBUTE_IMG_ZH_IN_PROGRESS
#endif
const LV_ATTRIBUTE_MEM_ALIGN LV_ATTRIBUTE_LARGE_CONST LV_ATTRIBUTE_IMG_ZH_IN_PROGRESS uint8_t zh_in_progress_map[] = {
    0x00, 0x00, 0x00, 0x00, 0x00, 0x00, 0x00, 0x00, 0x00, 0x00, 0x00, 0x00, 0x00, 0x00, 0x00, 0x00, 0x00, 0x00, 0x00, 0x00, 0x00, 0x00, 0x00, 0x00,
    0x00, 0x00, 0x00, 0x00, 0x00, 0x00, 0x00, 0x00, 0x00, 0x00, 0x00, 0x00, 0x00, 0x00, 0x00, 0x00, 0x00, 0x00, 0x00, 0x00, 0x00, 0x00, 0x00, 0x00,
    0x00, 0x00, 0x00, 0x00, 0x00, 0x00, 0x00, 0x00, 0x00, 0x00, 0x00, 0x00, 0x00, 0x00, 0x00, 0x00, 0x00, 0x00, 0x00, 0x00, 0x00, 0x00, 0x00, 0x00,
    0x00, 0x00, 0x00, 0x00, 0x00, 0x00, 0x00, 0x00, 0x00, 0x00, 0x00, 0x00, 0x00, 0x00, 0x00, 0x00, 0x00, 0x00, 0x00, 0x00, 0x00, 0x00, 0x00, 0x00,
    0x00, 0x00, 0x00, 0x00, 0x00, 0x00, 0x00, 0x00, 0x00, 0x00, 0x00, 0x00, 0x00, 0x00, 0x00, 0x00, 0x00, 0x00, 0x00, 0x00, 0x00, 0x00, 0x00, 0x00,
    0x00, 0x00, 0x00, 0x00, 0x00, 0x00, 0x00, 0x00, 0x00, 0x00, 0x00, 0x00, 0x00, 0x00, 0x00, 0x00, 0x00, 0x00, 0x00, 0x00, 0x00, 0x00, 0x00, 0x00,
    0x00, 0x00, 0x00, 0x00, 0x00, 0x00, 0x00, 0x00, 0x00, 0x00, 0x00, 0x00, 0x00, 0x00, 0x00, 0x00, 0x00, 0x00, 0x00, 0x00, 0x00, 0x00, 0x00, 0x00,
    0x00, 0x00, 0x00, 0x00, 0x00, 0x00, 0x00, 0x00, 0x00, 0x00, 0x00, 0x00, 0x00, 0x00, 0x00, 0x00, 0x00, 0x00, 0x00, 0x00, 0x00, 0x00, 0x00, 0x00,
    0x00, 0x00, 0x00, 0x00, 0x00, 0x00, 0x00, 0x00, 0x00, 0x00, 0x00, 0x00, 0x00, 0x00, 0x00, 0x00, 0x00, 0x00, 0x00, 0x00, 0x00, 0x00, 0x00, 0x00,
    0x00, 0x00, 0x00, 0x00, 0x00, 0x00, 0x00, 0x00, 0x00, 0x00, 0x00, 0x00, 0x00, 0x00, 0x00, 0x00, 0x00, 0x00, 0x00, 0x00, 0x00, 0x00, 0x00, 0x00,
    0x00, 0x00, 0x00, 0x00, 0x00, 0x00, 0x00, 0x00, 0x00, 0x00, 0x00, 0x00, 0x00, 0x00, 0x00, 0x00, 0x00, 0x00, 0x00, 0x00, 0x00, 0x00, 0x00, 0x00,
    0x00, 0x00, 0x00, 0x00, 0x00, 0x00, 0x00, 0x00, 0x00, 0x00, 0x00, 0x00, 0x00, 0x00, 0x00, 0x00, 0x00, 0x00, 0x8e, 0x35, 0x1a, 0x8e, 0x35, 0x17,
    0x00, 0x00, 0x00, 0x00, 0x00, 0x00, 0x00, 0x00, 0x00, 0x00, 0x00, 0x00, 0x00, 0x00, 0x00, 0x00, 0x00, 0x00, 0x00, 0x00, 0x00, 0x00, 0x00, 0x00,
    0x8e, 0x35, 0x1f, 0x8e, 0x35, 0xaa, 0x8e, 0x35, 0x0c, 0x00, 0x00, 0x00, 0x8e, 0x35, 0x48, 0x8e, 0x35, 0xaf, 0x8e, 0x35, 0x06, 0x8e, 0x35, 0xcf,
    0x8e, 0x35, 0x20, 0x00, 0x00, 0x00, 0x00, 0x00, 0x00, 0x8e, 0x35, 0x07, 0x8e, 0x35, 0xc2, 0x8e, 0x35, 0x50, 0x8e, 0x35, 0x13, 0x8e, 0x35, 0x23,
    0x8e, 0x35, 0x23, 0x8e, 0x35, 0x23, 0x8e, 0x35, 0x23, 0x8e, 0x35, 0x0c, 0x00, 0x00, 0x00, 0x00, 0x00, 0x00, 0x00, 0x00, 0x00, 0x00, 0x00, 0x00,
    0x8e, 0x35, 0xab, 0x8e, 0x35, 0x97, 0x00, 0x00, 0x00, 0x00, 0x00, 0x00, 0x00, 0x00, 0x00, 0x00, 0x00, 0x00, 0x00, 0x00, 0x00, 0x00, 0x00, 0x00,
    0x00, 0x00, 0x00, 0x00, 0x00, 0x00, 0x8e, 0x35, 0x0b, 0x8e, 0x35, 0xcb, 0x8e, 0x35, 0xb2, 0x8e, 0x35, 0x18, 0x8e, 0x35, 0x72, 0x8e, 0x35, 0xda,
    0x8e, 0x35, 0x2e, 0x8e, 0x35, 0xff, 0x8e, 0x35, 0x49, 0x8e, 0x35, 0x0c, 0x8e, 0x35, 0x04, 0x8e, 0x35, 0xa1, 0x8e, 0x35, 0xe8, 0x8e, 0x35, 0x1e,
    0x8e, 0x35, 0x8b, 0x8e, 0x35, 0xff, 0x8e, 0x35, 0xff, 0x8e, 0x35, 0xff, 0x8e, 0x35, 0xff, 0x8e, 0x35, 0x57, 0x8e, 0x35, 0x05, 0x8e, 0x35, 0x2b,
    0x8e, 0x35, 0x2b, 0x8e, 0x35, 0x2b, 0x8e, 0x35, 0xba, 0x8e, 0x35, 0xa9, 0x8e, 0x35, 0x2b, 0x8e, 0x35, 0x2b, 0x8e, 0x35, 0x2b, 0x8e, 0x35, 0x05,
    0x00, 0x00, 0x00, 0x00, 0x00, 0x00, 0x00, 0x00, 0x00, 0x00, 0x00, 0x00, 0x00, 0x00, 0x00, 0x8e, 0x35, 0x1c, 0x8e, 0x35, 0x5c, 0x8e, 0x35, 0x9b,
    0x8e, 0x35, 0xff, 0x8e, 0x35, 0xff, 0x8e, 0x35, 0xff, 0x8e, 0x35, 0xff, 0x8e, 0x35, 0xff, 0x8e, 0x35, 0x4f, 0x8e, 0x35, 0x89, 0x8e, 0x35, 0xec,
    0x8e, 0x35, 0x51, 0x8e, 0x35, 0x35, 0x00, 0x00, 0x00, 0x00, 0x00, 0x00, 0x00, 0x00, 0x00, 0x00, 0x00, 0x00, 0x00, 0x00, 0x00, 0x00, 0x00, 0x00,
    0x8e, 0x35, 0x1f, 0x8e, 0x35, 0xff, 0x8e, 0x35, 0xff, 0x8e, 0x35, 0xff, 0x8e, 0x35, 0xff, 0x8e, 0x35, 0xff, 0x8e, 0x35, 0xff, 0x8e, 0x35, 0xff,
    0x8e, 0x35, 0xff, 0x8e, 0x35, 0x1f, 0x00, 0x00, 0x00, 0x00, 0x00, 0x00, 0x00, 0x00, 0x00, 0x00, 0x00, 0x00, 0x8e, 0x35, 0x10, 0x8e, 0x35, 0x1b,
    0x8e, 0x35, 0x15, 0x00, 0x00, 0x00, 0x8e, 0x35, 0x58, 0x8e, 0x35, 0xd3, 0x8e, 0x35, 0x07, 0x8e, 0x35, 0xff, 0x8e, 0x35, 0x27, 0x00, 0x00, 0x00,
    0x8e, 0x35, 0x29, 0x8e, 0x35, 0x2b, 0x8e, 0x35, 0xc0, 0x8e, 0x35, 0xbd, 0x8e, 0x35, 0x1f, 0x8e, 0x35, 0x1f, 0x8e, 0x35, 0x1f, 0x8e, 0x35, 0x1f,
    0x8e, 0x35, 0x1f, 0x8e, 0x35, 0x12, 0x8e, 0x35, 0x1f, 0x8e, 0x35, 0xff, 0x8e, 0x35, 0x13, 0x00, 0x00, 0x00, 0x8e, 0x35, 0xab, 0x8e, 0x35, 0x97,
    0x00, 0x00, 0x00, 0x8e, 0x35, 0x1f, 0x8e, 0x35, 0xff, 0x8e, 0x35, 0x1f, 0x00, 0x00, 0x00, 0x00, 0x00, 0x00, 0x00, 0x00, 0x00, 0x00, 0x00, 0x00,
    0x8e, 0x35, 0x93, 0x8e, 0x35, 0xff, 0x8e, 0x35, 0xc3, 0x8e, 0x35, 0x18, 0x8e, 0x35, 0x73, 0x8e, 0x35, 0xd8, 0x8e, 0x35, 0x2a, 0x8e, 0x35, 0xff,
    0x8e, 0x35, 0x46, 0x8e, 0x35, 0x11, 0x00, 0x00, 0x00, 0x8e, 0x35, 0x87, 0x8e, 0x35, 0xfe, 0x8e, 0x35, 0x22, 0x8e, 0x35, 0xf7, 0x8e, 0x35, 0xff,
    0x8e, 0x35, 0xff, 0x8e, 0x35, 0xff, 0x8e, 0x35, 0xff, 0x8e, 0x35, 0x97, 0x8e, 0x35, 0x1f, 0x8e, 0x35, 0xff, 0x8e, 0x35, 0x13, 0x00, 0x00, 0x00,
    0x8e, 0x35, 0xab, 0x8e, 0x35, 0x97, 0x00, 0x00, 0x00, 0x8e, 0x35, 0x1f, 0x8e, 0x35, 0xff, 0x8e, 0x35, 0x1f, 0x00, 0x00, 0x00, 0x00, 0x00, 0x00,
    0x00, 0x00, 0x00, 0x00, 0x00, 0x00, 0x00, 0x00, 0x00, 0x8e, 0x35, 0x6b, 0x8e, 0x35, 0xc3, 0x8e, 0x35, 0xaf, 0x8e, 0x35, 0xff, 0x8e, 0x35, 0xff,
    0x8e, 0x35, 0xff, 0x8e, 0x35, 0xff, 0x8e, 0x35, 0xff, 0x8e, 0x35, 0x7f, 0x8e, 0x35, 0x89, 0x8e, 0x35, 0xff, 0x8e, 0x35, 0xfb, 0x00, 0x00, 0x00,
    0x00, 0x00, 0x00, 0x00, 0x00, 0x00, 0x8e, 0x35, 0x03, 0x8e, 0x35, 0xff, 0x8e, 0x35, 0x37, 0x00, 0x00, 0x00, 0x8e, 0x35, 0x1f, 0x8e, 0x35, 0xff,
    0x8e, 0x35, 0x3c, 0x8e, 0x35, 0x2b, 0x8e, 0x35, 0xba, 0x8e, 0x35, 0xa9, 0x8e, 0x35, 0x2b, 0x8e, 0x35, 0x46, 0x8e, 0x35, 0xff, 0x8e, 0x35, 0x1f,
    0x00, 0x00, 0x00, 0x00, 0x00, 0x00, 0x00, 0x00, 0x00, 0x00, 0x00, 0x00, 0x00, 0x00, 0x00, 0x8e, 0x35, 0x6b, 0x8e, 0x35, 0xc3, 0x00, 0x00, 0x00,
    0x8e, 0x35, 0xc4, 0x8e, 0x35, 0x7e, 0x8e, 0x35, 0x07, 0x8e, 0x35, 0xff, 0x8e, 0x35, 0x27, 0x00, 0x00, 0x00, 0x8e, 0x35, 0x46, 0x8e, 0x35, 0x89,
    0x8e, 0x35, 0xfb, 0x00, 0x00, 0x00, 0x00, 0x00, 0x00, 0x00, 0x00, 0x00, 0x8e, 0x35, 0x03, 0x8e, 0x35, 0xff, 0x8e, 0x35, 0x37, 0x00, 0x00, 0x00,
    0x8e, 0x35, 0x1f, 0x8e, 0x35, 0xff, 0x8e, 0x35, 0xff, 0x8e, 0x35, 0xff, 0x8e, 0x35, 0xff, 0x8e, 0x35, 0xff, 0x8e, 0x35, 0xff, 0x8e, 0x35, 0xff,
    0x8e, 0x35, 0xff, 0x8e, 0x35, 0x1f, 0x00, 0x00, 0x00, 0x00, 0x00, 0x00, 0x00, 0x00, 0x00, 0x00, 0x00, 0x00, 0x00, 0x00, 0x00, 0x8e, 0x35, 0x6f,
    0x8e, 0x35, 0xc4, 0x8e, 0x35, 0x52, 0x8e, 0x35, 0xf7, 0x8e, 0x35, 0x24, 0x8e, 0x35, 0x07, 0x8e, 0x35, 0xff, 0x8e, 0x35, 0x27, 0x00, 0x00, 0x00,
    0x00, 0x00, 0x00, 0x8e, 0x35, 0x37, 0x8e, 0x35, 0xfb, 0x00, 0x00, 0x00, 0x00, 0x00, 0x00, 0x00, 0x00, 0x00, 0x8e, 0x35, 0x03, 0x8e, 0x35, 0xff,
    0x8e, 0x35, 0x37, 0x00, 0x00, 0x00, 0x8e, 0x35, 0x11, 0x8e, 0x35, 0x8f, 0x8e, 0x35, 0x0b, 0x00, 0x00, 0x00, 0x8e, 0x35, 0xab, 0x8e, 0x35, 0x97,
    0x00, 0x00, 0x00, 0x8e, 0x35, 0x10, 0x8e, 0x35, 0x83, 0x8e, 0x35, 0x10, 0x00, 0x00, 0x00, 0x00, 0x00, 0x00, 0x00, 0x00, 0x00, 0x00, 0x00, 0x00,
    0x8e, 0x35, 0x46, 0x8e, 0x35, 0xf2, 0x8e, 0x35, 0xfa, 0x8e, 0x35, 0x9d, 0x8e, 0x35, 0x85, 0x8e, 0x35, 0x23, 0x8e, 0x35, 0x23, 0x8e, 0x35, 0x98,
    0x8e, 0x35, 0x4e, 0x8e, 0x35, 0x39, 0x00, 0x00, 0x00, 0x8e, 0x35, 0x37, 0x8e, 0x35, 0xfb, 0x00, 0x00, 0x00, 0x00, 0x00, 0x00, 0x8e, 0x35, 0x21,
    0x8e, 0x35, 0x39, 0x8e, 0x35, 0xff, 0x8e, 0x35, 0x35, 0x00, 0x00, 0x00, 0x00, 0x00, 0x00, 0x00, 0x00, 0x00, 0x00, 0x00, 0x00, 0x00, 0x00, 0x00,
    0x8e, 0x35, 0xab, 0x8e, 0x35, 0x97, 0x00, 0x00, 0x00, 0x00, 0x00, 0x00, 0x00, 0x00, 0x00, 0x00, 0x00, 0x00, 0x00, 0x00, 0x00, 0x00, 0x00, 0x00,
    0x00, 0x00, 0x00, 0x00, 0x00, 0x00, 0x8e, 0x35, 0x76, 0x8e, 0x35, 0x85, 0x8e, 0x35, 0x23, 0x8e, 0x35, 0x9c, 0x8e, 0x35, 0xe3, 0x8e, 0x35, 0xf8,
    0x8e, 0x35, 0xfe, 0x8e, 0x35, 0xfa, 0x8e, 0x35, 0xf3, 0x8e, 0x35, 0x77, 0x00, 0x00, 0x00, 0x8e, 0x35, 0x37, 0x8e, 0x35, 0xfb, 0x00, 0x00, 0x00,
    0x00, 0x00, 0x00, 0x8e, 0x35, 0x73, 0x8e, 0x35, 0xfb, 0x8e, 0x35, 0xcd, 0x8e, 0x35, 0x0e, 0x00, 0x00, 0x00, 0x00, 0x00, 0x00, 0x00, 0x00, 0x00,
    0x00, 0x00, 0x00, 0x00, 0x00, 0x00, 0x8e, 0x35, 0xab, 0x8e, 0x35, 0x97, 0x00, 0x00, 0x00, 0x00, 0x00, 0x00, 0x00, 0x00, 0x00, 0x00, 0x00, 0x00,
    0x00, 0x00, 0x00, 0x00, 0x00, 0x00, 0x00, 0x00, 0x00, 0x00, 0x00, 0x00, 0x8e, 0x35, 0x02, 0x8e, 0x35, 0x03, 0x00, 0x00, 0x00, 0x00, 0x00, 0x00,
    0x00, 0x00, 0x00, 0x00, 0x00, 0x00, 0x00, 0x00, 0x00, 0x00, 0x00, 0x00, 0x00, 0x00, 0x00, 0x00, 0x00, 0x00, 0x00, 0x00, 0x00, 0x8e, 0x35, 0x03,
    0x8e, 0x35, 0x0f, 0x00, 0x00, 0x00, 0x00, 0x00, 0x00, 0x00, 0x00, 0x00, 0x00, 0x00, 0x00, 0x00, 0x00, 0x00, 0x00, 0x00, 0x00, 0x00, 0x00, 0x00,
    0x00, 0x00, 0x00, 0x00, 0x00, 0x00, 0x00, 0x00, 0x00, 0x00, 0x00, 0x00, 0x8e, 0x35, 0x20, 0x8e, 0x35, 0x1c, 0x00, 0x00, 0x00, 0x00, 0x00, 0x00,
    0x00, 0x00, 0x00, 0x00, 0x00, 0x00, 0x00, 0x00, 0x00, 0x00, 0x00, 0x00, 0x00, 0x00, 0x00, 0x00, 0x00, 0x00, 0x00, 0x00, 0x00, 0x00, 0x00, 0x00,
    0x00, 0x00, 0x00, 0x00, 0x00, 0x00, 0x00, 0x00, 0x00, 0x00, 0x00, 0x00, 0x00, 0x00, 0x00, 0x00, 0x00, 0x00, 0x00, 0x00, 0x00, 0x00, 0x00, 0x00,
    0x00, 0x00, 0x00, 0x00, 0x00, 0x00, 0x00, 0x00, 0x00, 0x00, 0x00, 0x00, 0x00, 0x00, 0x00, 0x00, 0x00, 0x00, 0x00, 0x00, 0x00, 0x00, 0x00, 0x00,
    0x00, 0x00, 0x00, 0x00, 0x00, 0x00, 0x00, 0x00, 0x00, 0x00, 0x00, 0x00, 0x00, 0x00, 0x00, 0x00, 0x00, 0x00, 0x00, 0x00, 0x00, 0x00, 0x00, 0x00,
    0x00, 0x00, 0x00, 0x00, 0x00, 0x00, 0x00, 0x00, 0x00, 0x00, 0x00, 0x00, 0x00, 0x00, 0x00, 0x00, 0x00, 0x00, 0x00, 0x00, 0x00, 0x00, 0x00, 0x00,
    0x00, 0x00, 0x00, 0x00, 0x00, 0x00, 0x00, 0x00, 0x00, 0x00, 0x00, 0x00, 0x00, 0x00, 0x00, 0x00, 0x00, 0x00, 0x00, 0x00, 0x00, 0x00, 0x00, 0x00,
    0x00, 0x00, 0x00, 0x00, 0x00, 0x00, 0x00, 0x00, 0x00, 0x00, 0x00, 0x00, 0x00, 0x00, 0x00, 0x00, 0x00, 0x00, 0x00, 0x00, 0x00, 0x00, 0x00, 0x00,
    0x00, 0x00, 0x00, 0x00, 0x00, 0x00, 0x00, 0x00, 0x00, 0x00, 0x00, 0x00, 0x00, 0x00, 0x00, 0x00, 0x00, 0x00, 0x00, 0x00, 0x00, 0x00, 0x00, 0x00,
    0x00, 0x00, 0x00, 0x00, 0x00, 0x00, 0x00, 0x00, 0x00, 0x00, 0x00, 0x00, 0x00, 0x00, 0x00, 0x00, 0x00, 0x00, 0x00, 0x00, 0x00, 0x00, 0x00, 0x00,
};
const lv_img_dsc_t zh_in_progress = {
    .header.always_zero = 0,
    .header.w = 34,
    .header.h = 16,
    .data_size = 1632,
    .header.cf = LV_IMG_CF_TRUE_COLOR_ALPHA,
    .data = zh_in_progress_map,
};

#ifndef LV_ATTRIBUTE_IMG_ZH_LAST
#define LV_ATTRIBUTE_IMG_ZH_LAST
#endif
const LV_ATTRIBUTE_MEM_ALIGN LV_ATTRIBUTE_LARGE_CONST LV_ATTRIBUTE_IMG_ZH_LAST uint8_t zh_last_map[] = {
    0x00, 0x00, 0x00, 0x00, 0x00, 0x00, 0x00, 0x00, 0x00, 0x00, 0x00, 0x00, 0x00, 0x00, 0x00, 0x00, 0x00, 0x00, 0x00, 0x00, 0x00, 0x00, 0x00, 0x00,
    0x00, 0x00, 0x00, 0x00, 0x00, 0x00, 0x00, 0x00, 0x00, 0x00, 0x00, 0x00, 0x00, 0x00, 0x00, 0x00, 0x00, 0x00, 0x00, 0x00, 0x00, 0x00, 0x00, 0x00,
    0x00, 0x00, 0x00, 0x00, 0x00, 0x00, 0x00, 0x00, 0x00, 0x00, 0x00, 0x00, 0x00, 0x00, 0x00, 0x00, 0x00, 0x00, 0x00, 0x00, 0x00, 0x00, 0x00, 0x00,
    0x00, 0x00, 0x00, 0x00, 0x00, 0x00, 0x00, 0x00, 0x00, 0x00, 0x00, 0x00, 0x00, 0x00, 0x00, 0x00, 0x00, 0x00, 0x00, 0x00, 0x00, 0x00, 0x00, 0x00,
    0x00, 0x00, 0x00, 0x00, 0x00, 0x00, 0x00, 0x00, 0x00, 0x00, 0x00, 0x00, 0x00, 0x00, 0x00, 0x00, 0x00, 0x00, 0x00, 0x00, 0x00, 0x00, 0x00, 0x00,
    0x00, 0x00, 0x00, 0x00, 0x00, 0x00, 0x00, 0x00, 0x00, 0x00, 0x00, 0x00, 0x00, 0x00, 0x00, 0x00, 0x00, 0x00, 0x00, 0x00, 0x00, 0x00, 0x00, 0x00,
    0x00, 0x00, 0x00, 0x00, 0x00, 0x00, 0x00, 0x00, 0x00, 0x00, 0x00, 0x00, 0x00, 0x00, 0x00, 0x00, 0x00, 0x00, 0x00, 0x00, 0x00, 0x00, 0x00, 0x00,
    0x00, 0x00, 0x00, 0x00, 0x00, 0x00, 0x00, 0x00, 0x00, 0x00, 0x00, 0x00, 0x00, 0x00, 0x00, 0x00, 0x00, 0x00, 0x00, 0x00, 0x00, 0x00, 0x00, 0x00,
    0x00, 0x00, 0x00, 0x00, 0x00, 0x00, 0x00, 0x00, 0x00, 0x00, 0x00, 0x00, 0x00, 0x00, 0x00, 0x00, 0x00, 0x00, 0x00, 0x00, 0x00, 0x00, 0x00, 0x00,
    0x00, 0x00, 0x00, 0x00, 0x00, 0x00, 0x00, 0x00, 0x00, 0x00, 0x00, 0x00, 0x00, 0x00, 0x00, 0x00, 0x00, 0x00, 0x00, 0x00, 0x00, 0x00, 0x00, 0x00,
    0x00, 0x00, 0x00, 0x00, 0x00, 0x00, 0x00, 0x00, 0x00, 0x00, 0x00, 0x00, 0x00, 0x00, 0x00, 0x00, 0x00, 0x00, 0x00, 0x00, 0x00, 0x00, 0x00, 0x00,
    0x00, 0x00, 0x00, 0x00, 0x00, 0x00, 0x00, 0x00, 0x00, 0x00, 0x00, 0x00, 0x00, 0x00, 0x00, 0x00, 0x00, 0x00, 0x00, 0x00, 0x00, 0x00, 0x00, 0x00,
    0x00, 0x00, 0x00, 0x00, 0x00, 0x00, 0x00, 0x00, 0x00, 0x00, 0x00, 0x00, 0x00, 0x00, 0x00, 0x00, 0x00, 0x00, 0x00, 0x00, 0x00, 0x00, 0x00, 0x00,
    0x00, 0x00, 0x00, 0x00, 0x00, 0x00, 0x00, 0x00, 0x00, 0x00, 0x00, 0x00, 0x00, 0x00, 0x00, 0x00, 0x00, 0x00, 0x00, 0x00, 0x00, 0x00, 0x00, 0x00,
    0x00, 0x00, 0x00, 0x00, 0x00, 0x00, 0x00, 0x00, 0x00, 0x00, 0x00, 0x00, 0x00, 0x00, 0x00, 0x00, 0x00, 0x00, 0x00, 0x00, 0x00, 0x00, 0x00, 0x00,
    0x00, 0x00, 0x00, 0x00, 0x00, 0x00, 0x00, 0x00, 0x00, 0x00, 0x00, 0x00, 0x00, 0x00, 0x00, 0x00, 0x00, 0x00, 0x00, 0x00, 0x00, 0x00, 0x00, 0x00,
    0x00, 0x00, 0x00, 0x00, 0x00, 0x00, 0x00, 0x00, 0x00, 0x00, 0x00, 0x00, 0x00, 0x00, 0x00, 0x00, 0x00, 0x00, 0x00, 0x00, 0x00, 0x00, 0x00, 0x00,
    0x00, 0x00, 0x00, 0x00, 0x00, 0x00, 0x00, 0x00, 0x00, 0x00, 0x00, 0x00, 0x00, 0x00, 0x00, 0x00, 0x00, 0x00, 0x00, 0x00, 0x00, 0x00, 0x00, 0x00,
    0x00, 0x00, 0x00, 0x00, 0x00, 0x00, 0x00, 0x00, 0x00, 0x00, 0x00, 0x00, 0x8d, 0x6b, 0x0c, 0x00, 0x00, 0x00, 0x00, 0x00, 0x00, 0x00, 0x00, 0x00,
    0x00, 0x00, 0x00, 0x00, 0x00, 0x00, 0x00, 0x00, 0x00, 0x00, 0x00, 0x00, 0x00, 0x00, 0x00, 0x00, 0x00, 0x00, 0x00, 0x00, 0x00, 0x00, 0x00, 0x00,
    0x00, 0x00, 0x00, 0x00, 0x00, 0x00, 0x00, 0x00, 0x00, 0x00, 0x00, 0x00, 0x00, 0x00, 0x00, 0x00, 0x00, 0x00, 0x00, 0x00, 0x00, 0x00, 0x00, 0x00,
    0x00, 0x00, 0x00, 0x00, 0x00, 0x00, 0x00, 0x00, 0x00, 0x00, 0x00, 0x00, 0x00, 0x00, 0x00, 0x00, 0x00, 0x00, 0x00, 0x00, 0x00, 0x00, 0x00, 0x00,
    0x00, 0x00, 0x00, 0x00, 0x00, 0x00, 0x00, 0x00, 0x00, 0x00, 0x00, 0x00, 0x00, 0x00, 0x00, 0x00, 0x00, 0x00, 0x8d, 0x6b, 0x01, 0x00, 0x00, 0x00,
    0x00, 0x00, 0x00, 0x8d, 0x6b, 0x05, 0x00, 0x00, 0x00, 0x00, 0x00, 0x00, 0x00, 0x00, 0x00, 0x00, 0x00, 0x00, 0x00, 0x00, 0x00, 0x00, 0x00, 0x00,
    0x00, 0x00, 0x00, 0x00, 0x00, 0x00, 0x00, 0x00, 0x00, 0x8d, 0x6b, 0x20, 0x8d, 0x6b, 0x83, 0x8d, 0x6b, 0x83, 0x8d, 0x6b, 0x83, 0x8d, 0x6b, 0x83,
    0x8d, 0x6b, 0x83, 0x8d, 0x6b, 0x83, 0x8d, 0x6b, 0x23, 0x00, 0x00, 0x00, 0x8d, 0x6b, 0x09, 0x8d, 0x6b, 0xa6, 0x8d, 0x6b, 0x0b, 0x00, 0x00, 0x00,
    0x8d, 0x6b, 0x89, 0x8d, 0x6b, 0xa4, 0x8d, 0x6b, 0xa2, 0x8d, 0x6b, 0xa2, 0x8d, 0x6b, 0x83, 0x8d, 0x6b, 0x09, 0x00, 0x00, 0x00, 0x00, 0x00, 0x00,
    0x00, 0x00, 0x00, 0x00, 0x00, 0x00, 0x00, 0x00, 0x00, 0x00, 0x00, 0x00, 0x00, 0x00, 0x00, 0x00, 0x00, 0x00, 0x00, 0x00, 0x00, 0x00, 0x00, 0x00,
    0x8d, 0x6b, 0x02, 0x8d, 0x6b, 0x07, 0x00, 0x00, 0x00, 0x00, 0x00, 0x00, 0x8d, 0x6b, 0x95, 0x8d, 0x6b, 0x35, 0x00, 0x00, 0x00, 0x00, 0x00, 0x00,
    0x00, 0x00, 0x00, 0x00, 0x00, 0x00, 0x00, 0x00, 0x00, 0x8d, 0x6b, 0x8a, 0x8d, 0x6b, 0x0f, 0x00, 0x00, 0x00, 0x8d, 0x6b, 0x86, 0x8d, 0x6b, 0x05,
    0x8d, 0x6b, 0x23, 0x8d, 0x6b, 0x05, 0x8d, 0x6b, 0x69, 0x8d, 0x6b, 0x2f, 0x00, 0x00, 0x00, 0x8d, 0x6b, 0x1f, 0x8d, 0x6b, 0x95, 0x00, 0x00, 0x00,
    0x00, 0x00, 0x00, 0x8d, 0x6b, 0x80, 0x8d, 0x6b, 0x3f, 0x00, 0x00, 0x00, 0x00, 0x00, 0x00, 0x00, 0x00, 0x00, 0x00, 0x00, 0x00, 0x00, 0x00, 0x00,
    0x00, 0x00, 0x00, 0x00, 0x00, 0x00, 0x00, 0x00, 0x00, 0x8d, 0x6b, 0x3f, 0x8d, 0x6b, 0xb9, 0x8d, 0x6b, 0x7b, 0x8d, 0x6b, 0x7b, 0x8d, 0x6b, 0x7b,
    0x8d, 0x6b, 0x7b, 0x8d, 0x6b, 0xbb, 0x8d, 0x6b, 0x43, 0x00, 0x00, 0x00, 0x00, 0x00, 0x00, 0x8d, 0x6b, 0x51, 0x8d, 0x6b, 0x9c, 0x00, 0x00, 0x00,
    0x8d, 0x6b, 0xc3, 0x00, 0x00, 0x00, 0x00, 0x00, 0x00, 0x00, 0x00, 0x00, 0x00, 0x00, 0x00, 0x00, 0x00, 0x00, 0x00, 0x00, 0x00, 0x00, 0x00, 0x00,
    0x00, 0x00, 0x00, 0x00, 0x00, 0x00, 0x00, 0x00, 0x00, 0x00, 0x00, 0x00, 0x00, 0x00, 0x00, 0x00, 0x00, 0x00, 0x00, 0x00, 0x00, 0x00, 0x00, 0x00,
    0x8d, 0x6b, 0x31, 0x8d, 0x6b, 0xc7, 0x8d, 0x6b, 0x26, 0x00, 0x00, 0x00, 0x8d, 0x6b, 0xd6, 0x8d, 0x6b, 0x0b, 0x00, 0x00, 0x00, 0x00, 0x00, 0x00,
    0x8d, 0x6b, 0x01, 0x00, 0x00, 0x00, 0x00, 0x00, 0x00, 0x8d, 0x6b, 0x3f, 0x8d, 0x6b, 0xc0, 0x8d, 0x6b, 0x08, 0x8d, 0x6b, 0xb3, 0x8d, 0x6b, 0x07,
    0x8d, 0x6b, 0x97, 0x8d, 0x6b, 0x17, 0x8d, 0x6b, 0x83, 0x8d, 0x6b, 0x3b, 0x00, 0x00, 0x00, 0x8d, 0x6b, 0x71, 0x8d, 0x6b, 0x50, 0x8d, 0x6b, 0x4a,
    0x8d, 0x6b, 0xaf, 0x8d, 0x6b, 0xe2, 0x8d, 0x6b, 0xb8, 0x8d, 0x6b, 0xaf, 0x8d, 0x6b, 0xaf, 0x8d, 0x6b, 0x36, 0x00, 0x00, 0x00, 0x00, 0x00, 0x00,
    0x00, 0x00, 0x00, 0x00, 0x00, 0x00, 0x00, 0x00, 0x00, 0x8d, 0x6b, 0x3f, 0x8d, 0x6b, 0x77, 0x00, 0x00, 0x00, 0x00, 0x00, 0x00, 0x00, 0x00, 0x00,
    0x00, 0x00, 0x00, 0x8d, 0x6b, 0x7b, 0x8d, 0x6b, 0x43, 0x00, 0x00, 0x00, 0x00, 0x00, 0x00, 0x00, 0x00, 0x00, 0x8d, 0x6b, 0x34, 0x00, 0x00, 0x00,
    0x8d, 0x6b, 0xc3, 0x00, 0x00, 0x00, 0x00, 0x00, 0x00, 0x00, 0x00, 0x00, 0x00, 0x00, 0x00, 0x00, 0x00, 0x00, 0x00, 0x00, 0x00, 0x00, 0x00, 0x00,
    0x00, 0x00, 0x00, 0x00, 0x00, 0x00, 0x00, 0x00, 0x00, 0x00, 0x00, 0x00, 0x00, 0x00, 0x00, 0x00, 0x00, 0x00, 0x00, 0x00, 0x00, 0x00, 0x00, 0x00,
    0x00, 0x00, 0x00, 0x8d, 0x6b, 0x2b, 0x8d, 0x6b, 0x9b, 0x8d, 0x6b, 0x1f, 0x8d, 0x6b, 0xe6, 0x8d, 0x6b, 0xbf, 0x8d, 0x6b, 0xbf, 0x8d, 0x6b, 0xbf,
    0x8d, 0x6b, 0xe9, 0x8d, 0x6b, 0x2b, 0x00, 0x00, 0x00, 0x00, 0x00, 0x00, 0x8d, 0x6b, 0x2c, 0x00, 0x00, 0x00, 0x8d, 0x6b, 0xb3, 0x8d, 0x6b, 0x07,
    0x8d, 0x6b, 0x97, 0x8d, 0x6b, 0x17, 0x8d, 0x6b, 0x83, 0x8d, 0x6b, 0x3b, 0x8d, 0x6b, 0x01, 0x8d, 0x6b, 0xb2, 0x8d, 0x6b, 0x2d, 0x8d, 0x6b, 0x3a,
    0x8d, 0x6b, 0x09, 0x8d, 0x6b, 0xad, 0x00, 0x00, 0x00, 0x00, 0x00, 0x00, 0x00, 0x00, 0x00, 0x00, 0x00, 0x00, 0x00, 0x00, 0x00, 0x00, 0x00, 0x00,
    0x00, 0x00, 0x00, 0x00, 0x00, 0x00, 0x00, 0x00, 0x00, 0x8d, 0x6b, 0x21, 0x8d, 0x6b, 0x87, 0x8d, 0x6b, 0x87, 0x8d, 0x6b, 0x87, 0x8d, 0x6b, 0x87,
    0x8d, 0x6b, 0x87, 0x8d, 0x6b, 0x87, 0x8d, 0x6b, 0x24, 0x00, 0x00, 0x00, 0x00, 0x00, 0x00, 0x00, 0x00, 0x00, 0x00, 0x00, 0x00, 0x00, 0x00, 0x00,
    0x8d, 0x6b, 0xda, 0x8d, 0x6b, 0xaf, 0x8d, 0x6b, 0xaf, 0x8d, 0x6b, 0xaf, 0x8d, 0x6b, 0xaf, 0x8d, 0x6b, 0x57, 0x00, 0x00, 0x00, 0x00, 0x00, 0x00,
    0x00, 0x00, 0x00, 0x00, 0x00, 0x00, 0x00, 0x00, 0x00, 0x00, 0x00, 0x00, 0x00, 0x00, 0x00, 0x00, 0x00, 0x00, 0x00, 0x00, 0x00, 0x00, 0x00, 0x00,
    0x00, 0x00, 0x00, 0x00, 0x00, 0x00, 0x00, 0x00, 0x00, 0x8d, 0x6b, 0x93, 0x8d, 0x6b, 0x50, 0x8d, 0x6b, 0x3c, 0x8d, 0x6b, 0x59, 0x00, 0x00, 0x00,
    0x8d, 0x6b, 0xc8, 0x8d, 0x6b, 0x02, 0x8d, 0x6b, 0x70, 0x8d, 0x6b, 0xb7, 0x8d, 0x6b, 0x61, 0x00, 0x00, 0x00, 0x8d, 0x6b, 0xb4, 0x8d, 0x6b, 0x07,
    0x8d, 0x6b, 0x97, 0x8d, 0x6b, 0x17, 0x8d, 0x6b, 0x83, 0x8d, 0x6b, 0x3b, 0x8d, 0x6b, 0x6d, 0x8d, 0x6b, 0xbc, 0x8d, 0x6b, 0xc2, 0x8d, 0x6b, 0x57,
    0x8d, 0x6b, 0xd5, 0x8d, 0x6b, 0xc8, 0x8d, 0x6b, 0xe8, 0x8d, 0x6b, 0x07, 0x00, 0x00, 0x00, 0x00, 0x00, 0x00, 0x00, 0x00, 0x00, 0x00, 0x00, 0x00,
    0x00, 0x00, 0x00, 0x00, 0x00, 0x00, 0x8d, 0x6b, 0x52, 0x8d, 0x6b, 0xb6, 0x8d, 0x6b, 0xa4, 0x8d, 0x6b, 0xa1, 0x8d, 0x6b, 0xba, 0x8d, 0x6b, 0x9f,
    0x8d, 0x6b, 0x9f, 0x8d, 0x6b, 0x9f, 0x8d, 0x6b, 0x9f, 0x8d, 0x6b, 0x4d, 0x8d, 0x6b, 0x5c, 0x8d, 0x6b, 0xc7, 0x8d, 0x6b, 0x9b, 0x00, 0x00, 0x00,
    0x8d, 0x6b, 0xc3, 0x00, 0x00, 0x00, 0x8d, 0x6b, 0x13, 0x8d, 0x6b, 0xa7, 0x00, 0x00, 0x00, 0x00, 0x00, 0x00, 0x8d, 0x6b, 0x74, 0x8d, 0x6b, 0xcf,
    0x8d, 0x6b, 0xcf, 0x8d, 0x6b, 0xcf, 0x8d, 0x6b, 0xcf, 0x8d, 0x6b, 0xcf, 0x8d, 0x6b, 0xcf, 0x8d, 0x6b, 0xcf, 0x8d, 0x6b, 0xcf, 0x8d, 0x6b, 0x7b,
    0x00, 0x00, 0x00, 0x00, 0x00, 0x00, 0x8d, 0x6b, 0x05, 0x8d, 0x6b, 0xba, 0x8d, 0x6b, 0x01, 0x8d, 0x6b, 0x5d, 0x8d, 0x6b, 0x78, 0x8d, 0x6b, 0x36,
    0x8d, 0x6b, 0x89, 0x00, 0x00, 0x00, 0x00, 0x00, 0x00, 0x8d, 0x6b, 0x2f, 0x8d, 0x6b, 0x87, 0x00, 0x00, 0x00, 0x8d, 0x6b, 0xbb, 0x8d, 0x6b, 0x01,
    0x8d, 0x6b, 0x97, 0x8d, 0x6b, 0x17, 0x8d, 0x6b, 0x83, 0x8d, 0x6b, 0x3b, 0x8d, 0x6b, 0x3a, 0x8d, 0x6b, 0x75, 0x8d, 0x6b, 0xa8, 0x00, 0x00, 0x00,
    0x8d, 0x6b, 0xa3, 0x8d, 0x6b, 0x14, 0x8d, 0x6b, 0xaf, 0x8d, 0x6b, 0x07, 0x00, 0x00, 0x00, 0x00, 0x00, 0x00, 0x00, 0x00, 0x00, 0x00, 0x00, 0x00,
    0x00, 0x00, 0x00, 0x00, 0x00, 0x00, 0x00, 0x00, 0x00, 0x8d, 0x6b, 0x8f, 0x8d, 0x6b, 0x9a, 0x8d, 0x6b, 0x91, 0x8d, 0x6b, 0xab, 0x8d, 0x6b, 0x92,
    0x8d, 0x6b, 0x9b, 0x8d, 0x6b, 0x9b, 0x8d, 0x6b, 0x9a, 0x8d, 0x6b, 0x0c, 0x00, 0x00, 0x00, 0x8d, 0x6b, 0x1f, 0x8d, 0x6b, 0x9b, 0x8d, 0x6b, 0x0c,
    0x8d, 0x6b, 0xb1, 0x00, 0x00, 0x00, 0x8d, 0x6b, 0x13, 0x8d, 0x6b, 0xa7, 0x00, 0x00, 0x00, 0x00, 0x00, 0x00, 0x00, 0x00, 0x00, 0x00, 0x00, 0x00,
    0x00, 0x00, 0x00, 0x00, 0x00, 0x00, 0x00, 0x00, 0x00, 0x00, 0x00, 0x00, 0x00, 0x00, 0x00, 0x00, 0x00, 0x00, 0x00, 0x00, 0x00, 0x00, 0x00, 0x00,
    0x00, 0x00, 0x00, 0x00, 0x00, 0x00, 0x8d, 0x6b, 0x8e, 0x8d, 0x6b, 0x02, 0x00, 0x00, 0x00, 0x8d, 0x6b, 0x7d, 0x8d, 0x6b, 0xaa, 0x00, 0x00, 0x00,
    0x8d, 0x6b, 0x09, 0x00, 0x00, 0x00, 0x00, 0x00, 0x00, 0x8d, 0x6b, 0x2f, 0x8d, 0x6b, 0x87, 0x00, 0x00, 0x00, 0x8d, 0x6b, 0xbd, 0x00, 0x00, 0x00,
    0x8d, 0x6b, 0x97, 0x8d, 0x6b, 0x17, 0x8d, 0x6b, 0x83, 0x8d, 0x6b, 0x3b, 0x00, 0x00, 0x00, 0x8d, 0x6b, 0x9c, 0x8d, 0x6b, 0x24, 0x8d, 0x6b, 0x1d,
    0x8d, 0x6b, 0xec, 0x8d, 0x6b, 0xab, 0x8d, 0x6b, 0xe5, 0x8d, 0x6b, 0xae, 0x8d, 0x6b, 0xab, 0x8d, 0x6b, 0x12, 0x00, 0x00, 0x00, 0x00, 0x00, 0x00,
    0x00, 0x00, 0x00, 0x00, 0x00, 0x00, 0x00, 0x00, 0x00, 0x8d, 0x6b, 0x8f, 0x8d, 0x6b, 0x1f, 0x8d, 0x6b, 0x0b, 0x8d, 0x6b, 0xab, 0x8d, 0x6b, 0x4e,
    0x8d, 0x6b, 0x6a, 0x8d, 0x6b, 0x12, 0x8d, 0x6b, 0xb8, 0x00, 0x00, 0x00, 0x00, 0x00, 0x00, 0x8d, 0x6b, 0x1f, 0x8d, 0x6b, 0x9b, 0x8d, 0x6b, 0x5a,
    0x8d, 0x6b, 0x83, 0x00, 0x00, 0x00, 0x8d, 0x6b, 0x13, 0x8d, 0x6b, 0xa7, 0x00, 0x00, 0x00, 0x00, 0x00, 0x00, 0x00, 0x00, 0x00, 0x00, 0x00, 0x00,
    0x00, 0x00, 0x00, 0x00, 0x00, 0x00, 0x00, 0x00, 0x00, 0x00, 0x00, 0x00, 0x00, 0x00, 0x00, 0x00, 0x00, 0x00, 0x00, 0x00, 0x00, 0x00, 0x00, 0x00,
    0x00, 0x00, 0x00, 0x8d, 0x6b, 0x56, 0x8d, 0x6b, 0x91, 0x00, 0x00, 0x00, 0x00, 0x00, 0x00, 0x8d, 0x6b, 0xc7, 0x8d, 0x6b, 0xc2, 0x8d, 0x6b, 0x0f,
    0x00, 0x00, 0x00, 0x00, 0x00, 0x00, 0x00, 0x00, 0x00, 0x8d, 0x6b, 0x2f, 0x8d, 0x6b, 0x87, 0x00, 0x00, 0x00, 0x8d, 0x6b, 0xbf, 0x00, 0x00, 0x00,
    0x8d, 0x6b, 0x97, 0x8d, 0x6b, 0x17, 0x8d, 0x6b, 0x83, 0x8d, 0x6b, 0x3b, 0x8d, 0x6b, 0x54, 0x8d, 0x6b, 0xeb, 0x8d, 0x6b, 0xb2, 0x8d, 0x6b, 0x42,
    0x8d, 0x6b, 0x2b, 0x8d, 0x6b, 0x0f, 0x8d, 0x6b, 0xaf, 0x8d, 0x6b, 0x0d, 0x8d, 0x6b, 0x1c, 0x00, 0x00, 0x00, 0x00, 0x00, 0x00, 0x00, 0x00, 0x00,
    0x00, 0x00, 0x00, 0x00, 0x00, 0x00, 0x00, 0x00, 0x00, 0x8d, 0x6b, 0x8f, 0x8d, 0x6b, 0x9d, 0x8d, 0x6b, 0x95, 0x8d, 0x6b, 0xac, 0x8d, 0x6b, 0x01,
    0x8d, 0x6b, 0xb1, 0x8d, 0x6b, 0xa7, 0x8d, 0x6b, 0x46, 0x00, 0x00, 0x00, 0x00, 0x00, 0x00, 0x8d, 0x6b, 0x24, 0x8d, 0x6b, 0x9d, 0x8d, 0x6b, 0xae,
    0x8d, 0x6b, 0x25, 0x00, 0x00, 0x00, 0x8d, 0x6b, 0x13, 0x8d, 0x6b, 0xa7, 0x00, 0x00, 0x00, 0x00, 0x00, 0x00, 0x00, 0x00, 0x00, 0x00, 0x00, 0x00,
    0x00, 0x00, 0x00, 0x00, 0x00, 0x00, 0x00, 0x00, 0x00, 0x00, 0x00, 0x00, 0x00, 0x00, 0x00, 0x00, 0x00, 0x00, 0x00, 0x00, 0x00, 0x00, 0x00, 0x00,
    0x8d, 0x6b, 0x12, 0x8d, 0x6b, 0xd2, 0x8d, 0x6b, 0x10, 0x00, 0x00, 0x00, 0x8d, 0x6b, 0x5d, 0x8d, 0x6b, 0xac, 0x8d, 0x6b, 0x3b, 0x8d, 0x6b, 0x89,
    0x00, 0x00, 0x00, 0x00, 0x00, 0x00, 0x00, 0x00, 0x00, 0x8d, 0x6b, 0x2f, 0x8d, 0x6b, 0xaa, 0x8d, 0x6b, 0x89, 0x8d, 0x6b, 0xc0, 0x00, 0x00, 0x00,
    0x8d, 0x6b, 0x97, 0x8d, 0x6b, 0x17, 0x8d, 0x6b, 0x83, 0x8d, 0x6b, 0x3b, 0x8d, 0x6b, 0x10, 0x8d, 0x6b, 0x06, 0x8d, 0x6b, 0x2b, 0x8d, 0x6b, 0x30,
    0x8d, 0x6b, 0xaf, 0x8d, 0x6b, 0x19, 0x8d, 0x6b, 0xaf, 0x8d, 0x6b, 0x15, 0x8d, 0x6b, 0xb6, 0x8d, 0x6b, 0x01, 0x00, 0x00, 0x00, 0x00, 0x00, 0x00,
    0x00, 0x00, 0x00, 0x00, 0x00, 0x00, 0x8d, 0x6b, 0x47, 0x8d, 0x6b, 0xd1, 0x8d, 0x6b, 0x9c, 0x8d, 0x6b, 0x98, 0x8d, 0x6b, 0xe1, 0x8d, 0x6b, 0x2b,
    0x8d, 0x6b, 0xa4, 0x8d, 0x6b, 0xe2, 0x8d, 0x6b, 0x3c, 0x00, 0x00, 0x00, 0x8d, 0x6b, 0x1f, 0x8d, 0x6b, 0xc4, 0x8d, 0x6b, 0xaf, 0x8d, 0x6b, 0xa0,
    0x8d, 0x6b, 0x20, 0x8d, 0x6b, 0x07, 0x8d, 0x6b, 0x0a, 0x8d, 0x6b, 0x49, 0x8d, 0x6b, 0x1a, 0x8d, 0x6b, 0x1b, 0x00, 0x00, 0x00, 0x00, 0x00, 0x00,
    0x00, 0x00, 0x00, 0x00, 0x00, 0x00, 0x00, 0x00, 0x00, 0x00, 0x00, 0x00, 0x00, 0x00, 0x00, 0x00, 0x00, 0x00, 0x00, 0x00, 0x00, 0x00, 0x00, 0x00,
    0x8d, 0x6b, 0x55, 0x8d, 0x6b, 0x63, 0x00, 0x00, 0x00, 0x8d, 0x6b, 0x56, 0x8d, 0x6b, 0xd1, 0x8d, 0x6b, 0x19, 0x00, 0x00, 0x00, 0x8d, 0x6b, 0xa8,
    0x8d, 0x6b, 0x6a, 0x8d, 0x6b, 0x01, 0x00, 0x00, 0x00, 0x8d, 0x6b, 0x4b, 0x8d, 0x6b, 0xdf, 0x8d, 0x6b, 0x72, 0x8d, 0x6b, 0x8a, 0x00, 0x00, 0x00,
    0x8d, 0x6b, 0x5a, 0x8d, 0x6b, 0x0e, 0x8d, 0x6b, 0x83, 0x8d, 0x6b, 0x3b, 0x8d, 0x6b, 0x40, 0x8d, 0x6b, 0xb9, 0x8d, 0x6b, 0x8d, 0x8d, 0x6b, 0x70,
    0x8d, 0x6b, 0x80, 0x00, 0x00, 0x00, 0x8d, 0x6b, 0xaf, 0x8d, 0x6b, 0x07, 0x8d, 0x6b, 0x75, 0x8d, 0x6b, 0x50, 0x00, 0x00, 0x00, 0x00, 0x00, 0x00,
    0x00, 0x00, 0x00, 0x00, 0x00, 0x00, 0x8d, 0x6b, 0x33, 0x8d, 0x6b, 0x45, 0x8d, 0x6b, 0x15, 0x8d, 0x6b, 0x0b, 0x8d, 0x6b, 0xae, 0x8d, 0x6b, 0xa9,
    0x8d, 0x6b, 0x44, 0x8d, 0x6b, 0x25, 0x8d, 0x6b, 0xb4, 0x8d, 0x6b, 0x57, 0x8d, 0x6b, 0x56, 0x8d, 0x6b, 0x31, 0x00, 0x00, 0x00, 0x8d, 0x6b, 0x47,
    0x8d, 0x6b, 0x98, 0x8d, 0x6b, 0xaf, 0x8d, 0x6b, 0xb5, 0x8d, 0x6b, 0xb0, 0x8d, 0x6b, 0xa7, 0x8d, 0x6b, 0x4f, 0x00, 0x00, 0x00, 0x00, 0x00, 0x00,
    0x00, 0x00, 0x00, 0x00, 0x00, 0x00, 0x00, 0x00, 0x00, 0x00, 0x00, 0x00, 0x00, 0x00, 0x00, 0x00, 0x00, 0x00, 0x00, 0x00, 0x00, 0x00, 0x00, 0x00,
    0x00, 0x00, 0x00, 0x00, 0x00, 0x00, 0x8d, 0x6b, 0x55, 0x8d, 0x6b, 0xbf, 0x8d, 0x6b, 0x1d, 0x00, 0x00, 0x00, 0x00, 0x00, 0x00, 0x8d, 0x6b, 0x02,
    0x8d, 0x6b, 0x86, 0x8d, 0x6b, 0x57, 0x00, 0x00, 0x00, 0x8d, 0x6b, 0x5e, 0x8d, 0x6b, 0x1e, 0x8d, 0x6b, 0x8e, 0x8d, 0x6b, 0x2a, 0x00, 0x00, 0x00,
    0x00, 0x00, 0x00, 0x00, 0x00, 0x00, 0x8d, 0x6b, 0x77, 0x8d, 0x6b, 0x36, 0x8d, 0x6b, 0x21, 0x8d, 0x6b, 0x0e, 0x00, 0x00, 0x00, 0x8d, 0x6b, 0x3f,
    0x8d, 0x6b, 0x04, 0x8d, 0x6b, 0x99, 0x8d, 0x6b, 0xc8, 0x8d, 0x6b, 0x01, 0x8d, 0x6b, 0x0d, 0x8d, 0x6b, 0x28, 0x00, 0x00, 0x00, 0x00, 0x00, 0x00,
    0x00, 0x00, 0x00, 0x00, 0x00, 0x00, 0x00, 0x00, 0x00, 0x00, 0x00, 0x00, 0x00, 0x00, 0x00, 0x00, 0x00, 0x00, 0x00, 0x00, 0x00, 0x00, 0x00, 0x00,
    0x00, 0x00, 0x00, 0x00, 0x00, 0x00, 0x00, 0x00, 0x00, 0x00, 0x00, 0x00, 0x00, 0x00, 0x00, 0x00, 0x00, 0x00, 0x00, 0x00, 0x00, 0x00, 0x00, 0x00,
    0x00, 0x00, 0x00, 0x00, 0x00, 0x00, 0x00, 0x00, 0x00, 0x00, 0x00, 0x00, 0x00, 0x00, 0x00, 0x00, 0x00, 0x00, 0x00, 0x00, 0x00, 0x00, 0x00, 0x00,
    0x00, 0x00, 0x00, 0x00, 0x00, 0x00, 0x00, 0x00, 0x00, 0x00, 0x00, 0x00, 0x00, 0x00, 0x00, 0x00, 0x00, 0x00, 0x00, 0x00, 0x00, 0x00, 0x00, 0x00,
    0x00, 0x00, 0x00, 0x00, 0x00, 0x00, 0x8d, 0x6b, 0x03, 0x8d, 0x6b, 0x01, 0x00, 0x00, 0x00, 0x00, 0x00, 0x00, 0x00, 0x00, 0x00, 0x00, 0x00, 0x00,
    0x00, 0x00, 0x00, 0x00, 0x00, 0x00, 0x00, 0x00, 0x00, 0x00, 0x00, 0x00, 0x00, 0x00, 0x00, 0x00, 0x00, 0x00, 0x00, 0x00, 0x00, 0x00, 0x00, 0x00,
    0x00, 0x00, 0x00, 0x00, 0x00, 0x00, 0x00, 0x00, 0x00, 0x00, 0x00, 0x00, 0x00, 0x00, 0x00, 0x00, 0x00, 0x00, 0x00, 0x00, 0x00, 0x00, 0x00, 0x00,
    0x00, 0x00, 0x00, 0x00, 0x00, 0x00, 0x00, 0x00, 0x00, 0x00, 0x00, 0x00, 0x00, 0x00, 0x00, 0x00, 0x00, 0x00, 0x00, 0x00, 0x00, 0x00, 0x00, 0x00,
    0x00, 0x00, 0x00, 0x00, 0x00, 0x00, 0x00, 0x00, 0x00, 0x00, 0x00, 0x00, 0x00, 0x00, 0x00, 0x00, 0x00, 0x00, 0x00, 0x00, 0x00, 0x00, 0x00, 0x00,
    0x00, 0x00, 0x00, 0x00, 0x00, 0x00, 0x00, 0x00, 0x00, 0x00, 0x00, 0x00, 0x00, 0x00, 0x00, 0x00, 0x00, 0x00, 0x00, 0x00, 0x00, 0x00, 0x00, 0x00,
    0x00, 0x00, 0x00, 0x00, 0x00, 0x00, 0x00, 0x00, 0x00, 0x00, 0x00, 0x00, 0x00, 0x00, 0x00, 0x00, 0x00, 0x00, 0x00, 0x00, 0x00, 0x00, 0x00, 0x00,
    0x00, 0x00, 0x00, 0x00, 0x00, 0x00, 0x00, 0x00, 0x00, 0x00, 0x00, 0x00, 0x00, 0x00, 0x00, 0x00, 0x00, 0x00, 0x00, 0x00, 0x00, 0x00, 0x00, 0x00,
    0x00, 0x00, 0x00, 0x00, 0x00, 0x00, 0x00, 0x00, 0x00, 0x00, 0x00, 0x00, 0x00, 0x00, 0x00, 0x00, 0x00, 0x00, 0x00, 0x00, 0x00, 0x00, 0x00, 0x00,
    0x00, 0x00, 0x00, 0x00, 0x00, 0x00, 0x00, 0x00, 0x00, 0x00, 0x00, 0x00, 0x00, 0x00, 0x00, 0x00, 0x00, 0x00, 0x00, 0x00, 0x00, 0x00, 0x00, 0x00,
    0x00, 0x00, 0x00, 0x00, 0x00, 0x00, 0x00, 0x00, 0x00, 0x00, 0x00, 0x00, 0x00, 0x00, 0x00, 0x00, 0x00, 0x00, 0x00, 0x00, 0x00, 0x00, 0x00, 0x00,
    0x00, 0x00, 0x00, 0x00, 0x00, 0x00, 0x00, 0x00, 0x00, 0x00, 0x00, 0x00, 0x00, 0x00, 0x00, 0x00, 0x00, 0x00, 0x00, 0x00, 0x00, 0x00, 0x00, 0x00,
    0x00, 0x00, 0x00, 0x00, 0x00, 0x00, 0x00, 0x00, 0x00, 0x00, 0x00, 0x00, 0x00, 0x00, 0x00, 0x00, 0x00, 0x00, 0x00, 0x00, 0x00, 0x00, 0x00, 0x00,
    0x00, 0x00, 0x00, 0x00, 0x00, 0x00, 0x00, 0x00, 0x00, 0x00, 0x00, 0x00, 0x00, 0x00, 0x00, 0x00, 0x00, 0x00, 0x00, 0x00, 0x00, 0x00, 0x00, 0x00,
    0x00, 0x00, 0x00, 0x00, 0x00, 0x00, 0x00, 0x00, 0x00, 0x00, 0x00, 0x00, 0x00, 0x00, 0x00, 0x00, 0x00, 0x00, 0x00, 0x00, 0x00, 0x00, 0x00, 0x00,
    0x00, 0x00, 0x00, 0x00, 0x00, 0x00, 0x00, 0x00, 0x00, 0x00, 0x00, 0x00, 0x00, 0x00, 0x00, 0x00, 0x00, 0x00, 0x00, 0x00, 0x00, 0x00, 0x00, 0x00,
    0x00, 0x00, 0x00, 0x00, 0x00, 0x00, 0x00, 0x00, 0x00, 0x00, 0x00, 0x00, 0x00, 0x00, 0x00, 0x00, 0x00, 0x00, 0x00, 0x00, 0x00, 0x00, 0x00, 0x00,
    0x00, 0x00, 0x00, 0x00, 0x00, 0x00, 0x00, 0x00, 0x00, 0x00, 0x00, 0x00, 0x00, 0x00, 0x00, 0x00, 0x00, 0x00, 0x00, 0x00, 0x00, 0x00, 0x00, 0x00,
    0x00, 0x00, 0x00, 0x00, 0x00, 0x00, 0x00, 0x00, 0x00, 0x00, 0x00, 0x00, 0x00, 0x00, 0x00, 0x00, 0x00, 0x00, 0x00, 0x00, 0x00, 0x00, 0x00, 0x00,
    0x00, 0x00, 0x00, 0x00, 0x00, 0x00, 0x00, 0x00, 0x00, 0x00, 0x00, 0x00, 0x00, 0x00, 0x00, 0x00, 0x00, 0x00, 0x00, 0x00, 0x00, 0x00, 0x00, 0x00,
};
const lv_img_dsc_t zh_last = {
    .header.always_zero = 0,
    .header.w = 64,
    .header.h = 16,
    .data_size = 3072,
    .header.cf = LV_IMG_CF_TRUE_COLOR_ALPHA,
    .data = zh_last_map,
};

#ifndef LV_ATTRIBUTE_IMG_ZH_MINUTES
#define LV_ATTRIBUTE_IMG_ZH_MINUTES
#endif
const LV_ATTRIBUTE_MEM_ALIGN LV_ATTRIBUTE_LARGE_CONST LV_ATTRIBUTE_IMG_ZH_MINUTES uint8_t zh_minutes_map[] = {
    0x00, 0x00, 0x00, 0x00, 0x00, 0x00, 0x00, 0x00, 0x00, 0x00, 0x00, 0x00, 0x00, 0x00, 0x00, 0x00, 0x00, 0x00, 0x00, 0x00, 0x00, 0x00, 0x00, 0x00,
    0x00, 0x00, 0x00, 0x00, 0x00, 0x00, 0x00, 0x00, 0x00, 0x00, 0x00, 0x00, 0x00, 0x00, 0x00, 0x00, 0x00, 0x00, 0x00, 0x00, 0x00, 0x00, 0x00, 0x00,
    0x00, 0x00, 0x00, 0x00, 0x00, 0x00, 0x00, 0x00, 0x00, 0x00, 0x00, 0x00, 0x00, 0x00, 0x00, 0x00, 0x00, 0x00, 0x00, 0x00, 0x00, 0x00, 0x00, 0x00,
    0x00, 0x00, 0x00, 0x00, 0x00, 0x00, 0x00, 0x00, 0x00, 0x00, 0x00, 0x00, 0x00, 0x00, 0x00, 0x00, 0x00, 0x00, 0x00, 0x00, 0x00, 0x00, 0x00, 0x00,
    0x00, 0x00, 0x00, 0x00, 0x00, 0x00, 0x00, 0x00, 0x00, 0x00, 0x00, 0x00, 0x00, 0x00, 0x00, 0x00, 0x00, 0x00, 0x00, 0x00, 0x00, 0x00, 0x00, 0x00,
    0x00, 0x00, 0x00, 0x00, 0x00, 0x00, 0x00, 0x00, 0x00, 0x00, 0x00, 0x00, 0x00, 0x00, 0x00, 0x00, 0x00, 0x00, 0x00, 0x00, 0x00, 0x00, 0x00, 0x00,
    0x00, 0x00, 0x00, 0x00, 0x00, 0x00, 0x00, 0x00, 0x00, 0x00, 0x00, 0x00, 0x00, 0x00, 0x00, 0x00, 0x00, 0x00, 0x00, 0x00, 0x00, 0x00, 0x00, 0x00,
    0x00, 0x00, 0x00, 0x00, 0x00, 0x00, 0x00, 0x00, 0x00, 0x00, 0x00, 0x00, 0x00, 0x00, 0x00, 0x00, 0x00, 0x00, 0x00, 0x00, 0x00, 0x00, 0x00, 0x00,
    0x00, 0x00, 0x00, 0x00, 0x00, 0x00, 0x00, 0x00, 0x00, 0x00, 0x00, 0x00, 0x00, 0x00, 0x00, 0x00, 0x00, 0x00, 0x00, 0x00, 0x00, 0x00, 0x00, 0x00,
    0x00, 0x00, 0x00, 0x00, 0x00, 0x00, 0x00, 0x00, 0x00, 0x00, 0x00, 0x00, 0x00, 0x00, 0x00, 0x24, 0x21, 0x01, 0x24, 0x21, 0x05, 0x00, 0x00, 0x00,
    0x00, 0x00, 0x00, 0x00, 0x00, 0x00, 0x00, 0x00, 0x00, 0x00, 0x00, 0x00, 0x00, 0x00, 0x00, 0x00, 0x00, 0x00, 0x00, 0x00, 0x00, 0x00, 0x00, 0x00,
    0x00, 0x00, 0x00, 0x24, 0x21, 0x35, 0x24, 0x21, 0x69, 0x00, 0x00, 0x00, 0x00, 0x00, 0x00, 0x24, 0x21, 0x5e, 0x24, 0x21, 0x32, 0x00, 0x00, 0x00,
    0x00, 0x00, 0x00, 0x00, 0x00, 0x00, 0x00, 0x00, 0x00, 0x24, 0x21, 0x1e, 0x24, 0x21, 0xbc, 0x00, 0x00, 0x00, 0x00, 0x00, 0x00, 0x00, 0x00, 0x00,
    0x00, 0x00, 0x00, 0x24, 0x21, 0x2b, 0x24, 0x21, 0xb7, 0x00, 0x00, 0x00, 0x00, 0x00, 0x00, 0x00, 0x00, 0x00, 0x00, 0x00, 0x00, 0x00, 0x00, 0x00,
    0x00, 0x00, 0x00, 0x00, 0x00, 0x00, 0x00, 0x00, 0x00, 0x00, 0x00, 0x00, 0x00, 0x00, 0x00, 0x24, 0x21, 0xb9, 0x24, 0x21, 0x69, 0x00, 0x00, 0x00,
    0x00, 0x00, 0x00, 0x24, 0x21, 0x49, 0x24, 0x21, 0xc3, 0x00, 0x00, 0x00, 0x00, 0x00, 0x00, 0x00, 0x00, 0x00, 0x00, 0x00, 0x00, 0x24, 0x21, 0x9a,
    0x24, 0x21, 0xea, 0x24, 0x21, 0xcf, 0x24, 0x21, 0xc9, 0x00, 0x00, 0x00, 0x00, 0x00, 0x00, 0x24, 0x21, 0x2b, 0x24, 0x21, 0xb7, 0x00, 0x00, 0x00,
    0x00, 0x00, 0x00, 0x00, 0x00, 0x00, 0x00, 0x00, 0x00, 0x00, 0x00, 0x00, 0x00, 0x00, 0x00, 0x00, 0x00, 0x00, 0x00, 0x00, 0x00, 0x00, 0x00, 0x00,
    0x24, 0x21, 0x38, 0x24, 0x21, 0xe8, 0x24, 0x21, 0x08, 0x00, 0x00, 0x00, 0x00, 0x00, 0x00, 0x00, 0x00, 0x00, 0x24, 0x21, 0xbb, 0x24, 0x21, 0x56,
    0x00, 0x00, 0x00, 0x00, 0x00, 0x00, 0x24, 0x21, 0x41, 0x24, 0x21, 0xcd, 0x00, 0x00, 0x00, 0x00, 0x00, 0x00, 0x00, 0x00, 0x00, 0x24, 0x21, 0x1e,
    0x24, 0x21, 0x2f, 0x24, 0x21, 0x53, 0x24, 0x21, 0xc5, 0x24, 0x21, 0x2f, 0x24, 0x21, 0x2f, 0x24, 0x21, 0x0b, 0x00, 0x00, 0x00, 0x00, 0x00, 0x00,
    0x00, 0x00, 0x00, 0x00, 0x00, 0x00, 0x00, 0x00, 0x00, 0x24, 0x21, 0x0f, 0x24, 0x21, 0xd1, 0x24, 0x21, 0x59, 0x00, 0x00, 0x00, 0x00, 0x00, 0x00,
    0x00, 0x00, 0x00, 0x00, 0x00, 0x00, 0x24, 0x21, 0x2d, 0x24, 0x21, 0xe3, 0x24, 0x21, 0x1d, 0x00, 0x00, 0x00, 0x24, 0x21, 0x55, 0x24, 0x21, 0x3e,
    0x00, 0x00, 0x00, 0x00, 0x00, 0x00, 0x00, 0x00, 0x00, 0x24, 0x21, 0xa3, 0x24, 0x21, 0xbe, 0x24, 0x21, 0xbd, 0x24, 0x21, 0xe9, 0x24, 0x21, 0xaf,
    0x24, 0x21, 0xe3, 0x24, 0x21, 0x3b, 0x00, 0x00, 0x00, 0x00, 0x00, 0x00, 0x00, 0x00, 0x00, 0x00, 0x00, 0x00, 0x24, 0x21, 0x09, 0x24, 0x21, 0xc2,
    0x24, 0x21, 0xa5, 0x00, 0x00, 0x00, 0x00, 0x00, 0x00, 0x00, 0x00, 0x00, 0x00, 0x00, 0x00, 0x00, 0x00, 0x00, 0x00, 0x00, 0x00, 0x24, 0x21, 0x6d,
    0x24, 0x21, 0xd3, 0x24, 0x21, 0x17, 0x00, 0x00, 0x00, 0x24, 0x21, 0x8e, 0x24, 0x21, 0xec, 0x24, 0x21, 0xe1, 0x24, 0x21, 0x98, 0x24, 0x21, 0xa3,
    0x24, 0x21, 0x2f, 0x24, 0x21, 0x2b, 0x24, 0x21, 0xb7, 0x00, 0x00, 0x00, 0x24, 0x21, 0xa3, 0x24, 0x21, 0x3b, 0x00, 0x00, 0x00, 0x00, 0x00, 0x00,
    0x00, 0x00, 0x00, 0x00, 0x00, 0x00, 0x24, 0x21, 0x33, 0x24, 0x21, 0xad, 0x24, 0x21, 0xb8, 0x24, 0x21, 0xe3, 0x24, 0x21, 0xf1, 0x24, 0x21, 0xf1,
    0x24, 0x21, 0xe3, 0x24, 0x21, 0xe3, 0x24, 0x21, 0xea, 0x24, 0x21, 0xb6, 0x24, 0x21, 0x7c, 0x24, 0x21, 0x2c, 0x00, 0x00, 0x00, 0x00, 0x00, 0x00,
    0x24, 0x21, 0x8b, 0x24, 0x21, 0x4f, 0x00, 0x00, 0x00, 0x24, 0x21, 0xa3, 0x24, 0x21, 0x2f, 0x24, 0x21, 0x2b, 0x24, 0x21, 0xb7, 0x00, 0x00, 0x00,
    0x24, 0x21, 0xa3, 0x24, 0x21, 0x3b, 0x00, 0x00, 0x00, 0x00, 0x00, 0x00, 0x00, 0x00, 0x00, 0x00, 0x00, 0x00, 0x00, 0x00, 0x00, 0x00, 0x00, 0x00,
    0x00, 0x00, 0x00, 0x00, 0x00, 0x00, 0x24, 0x21, 0x91, 0x24, 0x21, 0x61, 0x00, 0x00, 0x00, 0x00, 0x00, 0x00, 0x24, 0x21, 0x44, 0x24, 0x21, 0xa8,
    0x00, 0x00, 0x00, 0x00, 0x00, 0x00, 0x24, 0x21, 0x3a, 0x24, 0x21, 0xcf, 0x24, 0x21, 0xea, 0x24, 0x21, 0xde, 0x24, 0x21, 0xcf, 0x24, 0x21, 0xa3,
    0x24, 0x21, 0x2f, 0x24, 0x21, 0x2b, 0x24, 0x21, 0xb7, 0x00, 0x00, 0x00, 0x24, 0x21, 0xa3, 0x24, 0x21, 0x3b, 0x00, 0x00, 0x00, 0x00, 0x00, 0x00,
    0x00, 0x00, 0x00, 0x00, 0x00, 0x00, 0x00, 0x00, 0x00, 0x00, 0x00, 0x00, 0x00, 0x00, 0x00, 0x00, 0x00, 0x00, 0x24, 0x21, 0xc6, 0x24, 0x21, 0x30,
    0x00, 0x00, 0x00, 0x00, 0x00, 0x00, 0x24, 0x21, 0x52, 0x24, 0x21, 0x9a, 0x00, 0x00, 0x00, 0x00, 0x00, 0x00, 0x00, 0x00, 0x00, 0x00, 0x00, 0x00,
    0x24, 0x21, 0x8b, 0x24, 0x21, 0x4f, 0x00, 0x00, 0x00, 0x24, 0x21, 0xa3, 0x24, 0x21, 0xe9, 0x24, 0x21, 0xe8, 0x24, 0x21, 0xf8, 0x24, 0x21, 0xe3,
    0x24, 0x21, 0xf5, 0x24, 0x21, 0x3b, 0x00, 0x00, 0x00, 0x00, 0x00, 0x00, 0x00, 0x00, 0x00, 0x00, 0x00, 0x00, 0x00, 0x00, 0x00, 0x00, 0x00, 0x00,
    0x00, 0x00, 0x00, 0x24, 0x21, 0x28, 0x24, 0x21, 0xd8, 0x00, 0x00, 0x00, 0x00, 0x00, 0x00, 0x00, 0x00, 0x00, 0x24, 0x21, 0x64, 0x24, 0x21, 0x89,
    0x00, 0x00, 0x00, 0x00, 0x00, 0x00, 0x00, 0x00, 0x00, 0x00, 0x00, 0x00, 0x24, 0x21, 0x8b, 0x24, 0x21, 0x4f, 0x00, 0x00, 0x00, 0x24, 0x21, 0x6b,
    0x24, 0x21, 0x1f, 0x24, 0x21, 0x2b, 0x24, 0x21, 0xb7, 0x00, 0x00, 0x00, 0x24, 0x21, 0x5e, 0x24, 0x21, 0x22, 0x00, 0x00, 0x00, 0x00, 0x00, 0x00,
    0x00, 0x00, 0x00, 0x00, 0x00, 0x00, 0x00, 0x00, 0x00, 0x00, 0x00, 0x00, 0x24, 0x21, 0x06, 0x24, 0x21, 0xbf, 0x24, 0x21, 0x65, 0x00, 0x00, 0x00,
    0x00, 0x00, 0x00, 0x00, 0x00, 0x00, 0x24, 0x21, 0x7f, 0x24, 0x21, 0x72, 0x00, 0x00, 0x00, 0x00, 0x00, 0x00, 0x00, 0x00, 0x00, 0x00, 0x00, 0x00,
    0x24, 0x21, 0x8d, 0x24, 0x21, 0x69, 0x24, 0x21, 0x9e, 0x24, 0x21, 0x08, 0x00, 0x00, 0x00, 0x24, 0x21, 0x2b, 0x24, 0x21, 0xb7, 0x00, 0x00, 0x00,
    0x00, 0x00, 0x00, 0x00, 0x00, 0x00, 0x00, 0x00, 0x00, 0x00, 0x00, 0x00, 0x00, 0x00, 0x00, 0x00, 0x00, 0x00, 0x00, 0x00, 0x00, 0x24, 0x21, 0x26,
    0x24, 0x21, 0xb8, 0x24, 0x21, 0x9e, 0x00, 0x00, 0x00, 0x24, 0x21, 0x02, 0x24, 0x21, 0x08, 0x24, 0x21, 0x05, 0x24, 0x21, 0xbc, 0x24, 0x21, 0x4b,
    0x00, 0x00, 0x00, 0x00, 0x00, 0x00, 0x00, 0x00, 0x00, 0x24, 0x21, 0x01, 0x24, 0x21, 0xc7, 0x24, 0x21, 0xea, 0x24, 0x21, 0x62, 0x24, 0x21, 0x01,
    0x00, 0x00, 0x00, 0x24, 0x21, 0x2b, 0x24, 0x21, 0xb7, 0x00, 0x00, 0x00, 0x00, 0x00, 0x00, 0x00, 0x00, 0x00, 0x00, 0x00, 0x00, 0x00, 0x00, 0x00,
    0x00, 0x00, 0x00, 0x00, 0x00, 0x00, 0x24, 0x21, 0x0d, 0x24, 0x21, 0xd0, 0x24, 0x21, 0x61, 0x24, 0x21, 0x02, 0x00, 0x00, 0x00, 0x24, 0x21, 0x08,
    0x24, 0x21, 0xd1, 0x24, 0x21, 0xdf, 0x24, 0x21, 0xa5, 0x24, 0x21, 0x08, 0x00, 0x00, 0x00, 0x00, 0x00, 0x00, 0x00, 0x00, 0x00, 0x24, 0x21, 0x0a,
    0x24, 0x21, 0x94, 0x24, 0x21, 0x14, 0x00, 0x00, 0x00, 0x00, 0x00, 0x00, 0x00, 0x00, 0x00, 0x24, 0x21, 0x2b, 0x24, 0x21, 0xb7, 0x00, 0x00, 0x00,
    0x00, 0x00, 0x00, 0x00, 0x00, 0x00, 0x00, 0x00, 0x00, 0x00, 0x00, 0x00, 0x00, 0x00, 0x00, 0x00, 0x00, 0x00, 0x00, 0x00, 0x00, 0x00, 0x00, 0x00,
    0x00, 0x00, 0x00, 0x00, 0x00, 0x00, 0x00, 0x00, 0x00, 0x00, 0x00, 0x00, 0x00, 0x00, 0x00, 0x00, 0x00, 0x00, 0x00, 0x00, 0x00, 0x00, 0x00, 0x00,
    0x00, 0x00, 0x00, 0x00, 0x00, 0x00, 0x00, 0x00, 0x00, 0x00, 0x00, 0x00, 0x00, 0x00, 0x00, 0x00, 0x00, 0x00, 0x00, 0x00, 0x00, 0x00, 0x00, 0x00,
    0x00, 0x00, 0x00, 0x00, 0x00, 0x00, 0x24, 0x21, 0x02, 0x00, 0x00, 0x00, 0x00, 0x00, 0x00, 0x00, 0x00, 0x00, 0x00, 0x00, 0x00, 0x00, 0x00, 0x00,
    0x00, 0x00, 0x00, 0x00, 0x00, 0x00, 0x00, 0x00, 0x00, 0x00, 0x00, 0x00, 0x00, 0x00, 0x00, 0x00, 0x00, 0x00, 0x00, 0x00, 0x00, 0x00, 0x00, 0x00,
    0x00, 0x00, 0x00, 0x00, 0x00, 0x00, 0x00, 0x00, 0x00, 0x00, 0x00, 0x00, 0x00, 0x00, 0x00, 0x00, 0x00, 0x00, 0x00, 0x00, 0x00, 0x00, 0x00, 0x00,
    0x00, 0x00, 0x00, 0x00, 0x00, 0x00, 0x00, 0x00, 0x00, 0x00, 0x00, 0x00, 0x00, 0x00, 0x00, 0x00, 0x00, 0x00, 0x00, 0x00, 0x00, 0x00, 0x00, 0x00,
    0x00, 0x00, 0x00, 0x00, 0x00, 0x00, 0x00, 0x00, 0x00, 0x00, 0x00, 0x00, 0x00, 0x00, 0x00, 0x00, 0x00, 0x00, 0x00, 0x00, 0x00, 0x00, 0x00, 0x00,
    0x00, 0x00, 0x00, 0x00, 0x00, 0x00, 0x00, 0x00, 0x00, 0x00, 0x00, 0x00, 0x00, 0x00, 0x00, 0x00, 0x00, 0x00, 0x00, 0x00, 0x00, 0x00, 0x00, 0x00,
    0x00, 0x00, 0x00, 0x00, 0x00, 0x00, 0x00, 0x00, 0x00, 0x00, 0x00, 0x00, 0x00, 0x00, 0x00, 0x00, 0x00, 0x00, 0x00, 0x00, 0x00, 0x00, 0x00, 0x00,
    0x00, 0x00, 0x00, 0x00, 0x00, 0x00, 0x00, 0x00, 0x00, 0x00, 0x00, 0x00, 0x00, 0x00, 0x00, 0x00, 0x00, 0x00, 0x00, 0x00, 0x00, 0x00, 0x00, 0x00,
};
const lv_img_dsc_t zh_minutes = {
    .header.always_zero = 0,
    .header.w = 28,
    .header.h = 18,
    .data_size = 1512,
    .header.cf = LV_IMG_CF_TRUE_COLOR_ALPHA,
    .data = zh_minutes_map,
};

#ifndef LV_ATTRIBUTE_IMG_ZH_MORE
#define LV_ATTRIBUTE_IMG_ZH_MORE
#endif
const LV_ATTRIBUTE_MEM_ALIGN LV_ATTRIBUTE_LARGE_CONST LV_ATTRIBUTE_IMG_ZH_MORE uint8_t zh_more_map[] = {
    0x00, 0x00, 0x00, 0x00, 0x00, 0x00, 0x00, 0x00, 0x00, 0x00, 0x00, 0x00, 0x00, 0x00, 0x00, 0x00, 0x00, 0x00, 0x00, 0x00, 0x00, 0x00, 0x00, 0x00,
    0x00, 0x00, 0x00, 0x00, 0x00, 0x00, 0x00, 0x00, 0x00, 0x00, 0x00, 0x00, 0x00, 0x00, 0x00, 0x00, 0x00, 0x00, 0x00, 0x00, 0x00, 0x00, 0x00, 0x00,
    0x00, 0x00, 0x00, 0x00, 0x00, 0x00, 0x00, 0x00, 0x00, 0x00, 0x00, 0x00, 0x00, 0x00, 0x00, 0x00, 0x00, 0x00, 0x00, 0x00, 0x00, 0x00, 0x00, 0x00,
    0x00, 0x00, 0x00, 0x00, 0x00, 0x00, 0x00, 0x00, 0x00, 0x00, 0x00, 0x00, 0x00, 0x00, 0x00, 0x00, 0x00, 0x00, 0x00, 0x00, 0x00, 0x00, 0x00, 0x00,
    0x00, 0x00, 0x00, 0x00, 0x00, 0x00, 0x00, 0x00, 0x00, 0x00, 0x00, 0x00, 0x00, 0x00, 0x00, 0x00, 0x00, 0x00, 0x00, 0x00, 0x00, 0x00, 0x00, 0x00,
    0x00, 0x00, 0x00, 0x00, 0x00, 0x00, 0x00, 0x00, 0x00, 0x00, 0x00, 0x00, 0x00, 0x00, 0x00, 0x00, 0x00, 0x00, 0x00, 0x00, 0x00, 0x00, 0x00, 0x00,
    0x00, 0x00, 0x00, 0x00, 0x00, 0x00, 0x00, 0x00, 0x00, 0x00, 0x00, 0x00, 0x00, 0x00, 0x00, 0x00, 0x00, 0x00, 0x00, 0x00, 0x00, 0x00, 0x00, 0x00,
    0x00, 0x00, 0x00, 0x00, 0x00, 0x00, 0x00, 0x00, 0x00, 0x00, 0x00, 0x00, 0x00, 0x00, 0x00, 0x00, 0x00, 0x00, 0x00, 0x00, 0x00, 0x00, 0x00, 0x00,
    0x00, 0x00, 0x00, 0x00, 0x00, 0x00, 0x00, 0x00, 0x00, 0x00, 0x00, 0x00, 0x00, 0x00, 0x00, 0x00, 0x00, 0x00, 0x8d, 0x6b, 0x01, 0x00, 0x00, 0x00,
    0x00, 0x00, 0x00, 0x00, 0x00, 0x00, 0x00, 0x00, 0x00, 0x00, 0x00, 0x00, 0x00, 0x00, 0x00, 0x00, 0x00, 0x00, 0x00, 0x00, 0x00, 0x00, 0x00, 0x00,
    0x00, 0x00, 0x00, 0x00, 0x00, 0x00, 0x00, 0x00, 0x00, 0x00, 0x00, 0x00, 0x00, 0x00, 0x00, 0x00, 0x00, 0x00, 0x00, 0x00, 0x00, 0x00, 0x00, 0x00,
    0x00, 0x00, 0x00, 0x00, 0x00, 0x00, 0x00, 0x00, 0x00, 0x00, 0x00, 0x00, 0x00, 0x00, 0x00, 0x00, 0x00, 0x00, 0x00, 0x00, 0x00, 0x8d, 0x6b, 0x85,
    0x8d, 0x6b, 0x90, 0x00, 0x00, 0x00, 0x00, 0x00, 0x00, 0x00, 0x00, 0x00, 0x00, 0x00, 0x00, 0x00, 0x00, 0x00, 0x00, 0x00, 0x00, 0x00, 0x00, 0x00,
    0x00, 0x00, 0x00, 0x00, 0x00, 0x00, 0x8d, 0x6b, 0x38, 0x8d, 0x6b, 0xbf, 0x8d, 0x6b, 0xbf, 0x8d, 0x6b, 0xbf, 0x8d, 0x6b, 0xbf, 0x8d, 0x6b, 0xf6,
    0x8d, 0x6b, 0xbf, 0x8d, 0x6b, 0xbf, 0x8d, 0x6b, 0xbf, 0x8d, 0x6b, 0xbf, 0x8d, 0x6b, 0x35, 0x00, 0x00, 0x00, 0x00, 0x00, 0x00, 0x8d, 0x6b, 0x09,
    0x8d, 0x6b, 0x90, 0x8d, 0x6b, 0xcb, 0x8d, 0x6b, 0xbf, 0x8d, 0x6b, 0xbf, 0x8d, 0x6b, 0xea, 0x8d, 0x6b, 0x7e, 0x00, 0x00, 0x00, 0x00, 0x00, 0x00,
    0x00, 0x00, 0x00, 0x00, 0x00, 0x00, 0x00, 0x00, 0x00, 0x00, 0x00, 0x00, 0x00, 0x00, 0x00, 0x8d, 0x6b, 0x34, 0x8d, 0x6b, 0xaf, 0x8d, 0x6b, 0xaf,
    0x8d, 0x6b, 0xaf, 0x8d, 0x6b, 0xf4, 0x8d, 0x6b, 0xaf, 0x8d, 0x6b, 0xaf, 0x8d, 0x6b, 0xaf, 0x8d, 0x6b, 0x68, 0x00, 0x00, 0x00, 0x00, 0x00, 0x00,
    0x8d, 0x6b, 0x46, 0x8d, 0x6b, 0xcd, 0x8d, 0x6b, 0x76, 0x8d, 0x6b, 0x0b, 0x00, 0x00, 0x00, 0x8d, 0x6b, 0x60, 0x8d, 0x6b, 0xcd, 0x8d, 0x6b, 0x09,
    0x00, 0x00, 0x00, 0x00, 0x00, 0x00, 0x00, 0x00, 0x00, 0x00, 0x00, 0x00, 0x00, 0x00, 0x00, 0x00, 0x00, 0x00, 0x00, 0x00, 0x00, 0x8d, 0x6b, 0x4b,
    0x8d, 0x6b, 0x7f, 0x00, 0x00, 0x00, 0x00, 0x00, 0x00, 0x8d, 0x6b, 0xdb, 0x00, 0x00, 0x00, 0x00, 0x00, 0x00, 0x8d, 0x6b, 0x3b, 0x8d, 0x6b, 0x97,
    0x00, 0x00, 0x00, 0x00, 0x00, 0x00, 0x8d, 0x6b, 0x38, 0x8d, 0x6b, 0x1a, 0x8d, 0x6b, 0x4c, 0x8d, 0x6b, 0xc7, 0x8d, 0x6b, 0x87, 0x8d, 0x6b, 0xc8,
    0x8d, 0x6b, 0x1d, 0x00, 0x00, 0x00, 0x00, 0x00, 0x00, 0x00, 0x00, 0x00, 0x00, 0x00, 0x00, 0x00, 0x00, 0x00, 0x00, 0x00, 0x00, 0x00, 0x00, 0x00,
    0x00, 0x00, 0x00, 0x8d, 0x6b, 0x4b, 0x8d, 0x6b, 0xd3, 0x8d, 0x6b, 0xa7, 0x8d, 0x6b, 0xa7, 0x8d, 0x6b, 0xf3, 0x8d, 0x6b, 0xa7, 0x8d, 0x6b, 0xa7,
    0x8d, 0x6b, 0xbc, 0x8d, 0x6b, 0x97, 0x00, 0x00, 0x00, 0x00, 0x00, 0x00, 0x00, 0x00, 0x00, 0x8d, 0x6b, 0x06, 0x8d, 0x6b, 0x5d, 0x8d, 0x6b, 0xd0,
    0x8d, 0x6b, 0x8a, 0x8d, 0x6b, 0x84, 0x8d, 0x6b, 0x5d, 0x00, 0x00, 0x00, 0x00, 0x00, 0x00, 0x00, 0x00, 0x00, 0x00, 0x00, 0x00, 0x00, 0x00, 0x00,
    0x00, 0x00, 0x00, 0x00, 0x00, 0x00, 0x00, 0x00, 0x00, 0x8d, 0x6b, 0x4b, 0x8d, 0x6b, 0x7f, 0x00, 0x00, 0x00, 0x00, 0x00, 0x00, 0x8d, 0x6b, 0xdb,
    0x00, 0x00, 0x00, 0x00, 0x00, 0x00, 0x8d, 0x6b, 0x3b, 0x8d, 0x6b, 0x97, 0x00, 0x00, 0x00, 0x8d, 0x6b, 0x06, 0x8d, 0x6b, 0xb0, 0x8d, 0x6b, 0xce,
    0x8d, 0x6b, 0x86, 0x8d, 0x6b, 0x17, 0x8d, 0x6b, 0x7a, 0x8d, 0x6b, 0xfe, 0x8d, 0x6b, 0xc2, 0x8d, 0x6b, 0xbb, 0x8d, 0x6b, 0xbd, 0x8d, 0x6b, 0x25,
    0x00, 0x00, 0x00, 0x00, 0x00, 0x00, 0x00, 0x00, 0x00, 0x00, 0x00, 0x00, 0x00, 0x00, 0x00, 0x8d, 0x6b, 0x4b, 0x8d, 0x6b, 0xd5, 0x8d, 0x6b, 0xab,
    0x8d, 0x6b, 0xab, 0x8d, 0x6b, 0xf4, 0x8d, 0x6b, 0xab, 0x8d, 0x6b, 0xab, 0x8d, 0x6b, 0xbf, 0x8d, 0x6b, 0x97, 0x00, 0x00, 0x00, 0x00, 0x00, 0x00,
    0x8d, 0x6b, 0x1a, 0x00, 0x00, 0x00, 0x8d, 0x6b, 0x23, 0x8d, 0x6b, 0xb6, 0x8d, 0x6b, 0x7f, 0x8d, 0x6b, 0x02, 0x00, 0x00, 0x00, 0x8d, 0x6b, 0x3e,
    0x8d, 0x6b, 0xb9, 0x8d, 0x6b, 0x01, 0x00, 0x00, 0x00, 0x00, 0x00, 0x00, 0x00, 0x00, 0x00, 0x00, 0x00, 0x00, 0x00, 0x00, 0x00, 0x00, 0x00, 0x00,
    0x8d, 0x6b, 0x8e, 0x8d, 0x6b, 0x26, 0x8d, 0x6b, 0x2d, 0x8d, 0x6b, 0xb5, 0x00, 0x00, 0x00, 0x00, 0x00, 0x00, 0x00, 0x00, 0x00, 0x00, 0x00, 0x00,
    0x00, 0x00, 0x00, 0x00, 0x00, 0x00, 0x00, 0x00, 0x00, 0x8d, 0x6b, 0x77, 0x8d, 0x6b, 0xc0, 0x8d, 0x6b, 0x41, 0x8d, 0x6b, 0xa8, 0x8d, 0x6b, 0x1b,
    0x8d, 0x6b, 0x36, 0x8d, 0x6b, 0xd9, 0x8d, 0x6b, 0x1f, 0x00, 0x00, 0x00, 0x00, 0x00, 0x00, 0x00, 0x00, 0x00, 0x00, 0x00, 0x00, 0x00, 0x00, 0x00,
    0x00, 0x00, 0x00, 0x00, 0x00, 0x00, 0x8d, 0x6b, 0x2d, 0x8d, 0x6b, 0xd1, 0x8d, 0x6b, 0xc0, 0x8d, 0x6b, 0x4c, 0x00, 0x00, 0x00, 0x00, 0x00, 0x00,
    0x00, 0x00, 0x00, 0x00, 0x00, 0x00, 0x00, 0x00, 0x00, 0x00, 0x00, 0x00, 0x00, 0x00, 0x00, 0x8d, 0x6b, 0x0b, 0x00, 0x00, 0x00, 0x00, 0x00, 0x00,
    0x8d, 0x6b, 0x4c, 0x8d, 0x6b, 0xe5, 0x8d, 0x6b, 0xc6, 0x8d, 0x6b, 0x25, 0x00, 0x00, 0x00, 0x00, 0x00, 0x00, 0x00, 0x00, 0x00, 0x00, 0x00, 0x00,
    0x00, 0x00, 0x00, 0x00, 0x00, 0x00, 0x00, 0x00, 0x00, 0x8d, 0x6b, 0x03, 0x8d, 0x6b, 0x49, 0x8d, 0x6b, 0xdb, 0x8d, 0x6b, 0xe4, 0x8d, 0x6b, 0x9e,
    0x8d, 0x6b, 0x51, 0x8d, 0x6b, 0x0f, 0x00, 0x00, 0x00, 0x00, 0x00, 0x00, 0x00, 0x00, 0x00, 0x00, 0x00, 0x00, 0x8d, 0x6b, 0x01, 0x8d, 0x6b, 0x21,
    0x8d, 0x6b, 0x52, 0x8d, 0x6b, 0xa6, 0x8d, 0x6b, 0xda, 0x8d, 0x6b, 0x7d, 0x8d, 0x6b, 0x06, 0x00, 0x00, 0x00, 0x00, 0x00, 0x00, 0x00, 0x00, 0x00,
    0x00, 0x00, 0x00, 0x00, 0x00, 0x00, 0x00, 0x00, 0x00, 0x00, 0x00, 0x00, 0x8d, 0x6b, 0x34, 0x8d, 0x6b, 0xd4, 0x8d, 0x6b, 0x9d, 0x8d, 0x6b, 0x2d,
    0x8d, 0x6b, 0x01, 0x8d, 0x6b, 0x3c, 0x8d, 0x6b, 0x91, 0x8d, 0x6b, 0xbf, 0x8d, 0x6b, 0xcf, 0x8d, 0x6b, 0xd3, 0x8d, 0x6b, 0x66, 0x8d, 0x6b, 0x0c,
    0x8d, 0x6b, 0xe5, 0x8d, 0x6b, 0xc8, 0x8d, 0x6b, 0x95, 0x8d, 0x6b, 0x4a, 0x8d, 0x6b, 0x03, 0x00, 0x00, 0x00, 0x00, 0x00, 0x00, 0x00, 0x00, 0x00,
    0x00, 0x00, 0x00, 0x00, 0x00, 0x00, 0x00, 0x00, 0x00, 0x00, 0x00, 0x00, 0x00, 0x00, 0x00, 0x00, 0x00, 0x00, 0x00, 0x00, 0x00, 0x00, 0x00, 0x00,
    0x00, 0x00, 0x00, 0x00, 0x00, 0x00, 0x00, 0x00, 0x00, 0x00, 0x00, 0x00, 0x00, 0x00, 0x00, 0x00, 0x00, 0x00, 0x00, 0x00, 0x00, 0x00, 0x00, 0x00,
    0x00, 0x00, 0x00, 0x00, 0x00, 0x00, 0x8d, 0x6b, 0x01, 0x00, 0x00, 0x00, 0x00, 0x00, 0x00, 0x00, 0x00, 0x00, 0x00, 0x00, 0x00, 0x00, 0x00, 0x00,
    0x00, 0x00, 0x00, 0x00, 0x00, 0x00, 0x00, 0x00, 0x00, 0x00, 0x00, 0x00, 0x00, 0x00, 0x00, 0x00, 0x00, 0x00, 0x00, 0x00, 0x00, 0x00, 0x00, 0x00,
    0x00, 0x00, 0x00, 0x00, 0x00, 0x00, 0x00, 0x00, 0x00, 0x00, 0x00, 0x00, 0x00, 0x00, 0x00, 0x00, 0x00, 0x00, 0x00, 0x00, 0x00, 0x00, 0x00, 0x00,
    0x00, 0x00, 0x00, 0x00, 0x00, 0x00, 0x00, 0x00, 0x00, 0x00, 0x00, 0x00, 0x00, 0x00, 0x00, 0x00, 0x00, 0x00, 0x00, 0x00, 0x00, 0x00, 0x00, 0x00,
    0x00, 0x00, 0x00, 0x00, 0x00, 0x00, 0x00, 0x00, 0x00, 0x00, 0x00, 0x00, 0x00, 0x00, 0x00, 0x00, 0x00, 0x00, 0x00, 0x00, 0x00, 0x00, 0x00, 0x00,
    0x00, 0x00, 0x00, 0x00, 0x00, 0x00, 0x00, 0x00, 0x00, 0x00, 0x00, 0x00, 0x00, 0x00, 0x00, 0x00, 0x00, 0x00, 0x00, 0x00, 0x00, 0x00, 0x00, 0x00,
    0x00, 0x00, 0x00, 0x00, 0x00, 0x00, 0x00, 0x00, 0x00, 0x00, 0x00, 0x00, 0x00, 0x00, 0x00, 0x00, 0x00, 0x00, 0x00, 0x00, 0x00, 0x00, 0x00, 0x00,
    0x00, 0x00, 0x00, 0x00, 0x00, 0x00, 0x00, 0x00, 0x00, 0x00, 0x00, 0x00, 0x00, 0x00, 0x00, 0x00, 0x00, 0x00, 0x00, 0x00, 0x00, 0x00, 0x00, 0x00,
    0x00, 0x00, 0x00, 0x00, 0x00, 0x00,
};
const lv_img_dsc_t zh_more = {
    .header.always_zero = 0,
    .header.w = 26,
    .header.h = 17,
    .data_size = 1326,
    .header.cf = LV_IMG_CF_TRUE_COLOR_ALPHA,
    .data = zh_more_map,
};

#ifndef LV_ATTRIBUTE_IMG_ZH_QINGSONGBENG
#define LV_ATTRIBUTE_IMG_ZH_QINGSONGBENG
#endif
const LV_ATTRIBUTE_MEM_ALIGN LV_ATTRIBUTE_LARGE_CONST LV_ATTRIBUTE_IMG_ZH_QINGSONGBENG uint8_t zh_qingsongbeng_map[] = {
    0x00, 0x00, 0x00, 0x00, 0x00, 0x00, 0x00, 0x00, 0x00, 0x00, 0x00, 0x00, 0x00, 0x00, 0x00, 0x00, 0x00, 0x00, 0x00, 0x00, 0x00, 0x00, 0x00, 0x00,
    0x00, 0x00, 0x00, 0x00, 0x00, 0x00, 0x00, 0x00, 0x00, 0x00, 0x00, 0x00, 0x00, 0x00, 0x00, 0x00, 0x00, 0x00, 0x00, 0x00, 0x00, 0x00, 0x00, 0x00,
    0x00, 0x00, 0x00, 0x00, 0x00, 0x00, 0x00, 0x00, 0x00, 0x00, 0x00, 0x00, 0x00, 0x00, 0x00, 0x00, 0x00, 0x00, 0x00, 0x00, 0x00, 0x00, 0x00, 0x00,
    0x00, 0x00, 0x00, 0x00, 0x00, 0x00, 0x00, 0x00, 0x00, 0x00, 0x00, 0x00, 0x00, 0x00, 0x00, 0x00, 0x00, 0x00, 0x00, 0x00, 0x00, 0x00, 0x00, 0x00,
    0x00, 0x00, 0x00, 0x00, 0x00, 0x00, 0x00, 0x00, 0x00, 0x00, 0x00, 0x00, 0x00, 0x00, 0x00, 0x00, 0x00, 0x00, 0x00, 0x00, 0x00, 0x00, 0x00, 0x00,
    0x00, 0x00, 0x00, 0x00, 0x00, 0x00, 0x00, 0x00, 0x00, 0x00, 0x00, 0x00, 0x00, 0x00, 0x00, 0x00, 0x00, 0x00, 0x00, 0x00, 0x00, 0x00, 0x00, 0x00,
    0x00, 0x00, 0x00, 0x00, 0x00, 0x00, 0x00, 0x00, 0x00, 0x00, 0x00, 0x00, 0x00, 0x00, 0x00, 0x00, 0x00, 0x00, 0x00, 0x00, 0x00, 0x00, 0x00, 0x00,
    0x00, 0x00, 0x00, 0x00, 0x00, 0x00, 0x00, 0x00, 0x00, 0x00, 0x00, 0x00, 0x00, 0x00, 0x00, 0x00, 0x00, 0x00, 0x00, 0x00, 0x00, 0x00, 0x00, 0x00,
    0x00, 0x00, 0x00, 0x00, 0x00, 0x00, 0x00, 0x00, 0x00, 0x00, 0x00, 0x00, 0x00, 0x00, 0x00, 0x00, 0x00, 0x00, 0x00, 0x00, 0x00, 0x00, 0x00, 0x00,
    0x00, 0x00, 0x00, 0x00, 0x00, 0x00, 0x00, 0x00, 0x00, 0x00, 0x00, 0x00, 0x00, 0x00, 0x00, 0x00, 0x00, 0x00, 0x00, 0x00, 0x00, 0x00, 0x00, 0x00,
    0x00, 0x00, 0x00, 0x00, 0x00, 0x00, 0x00, 0x00, 0x00, 0x00, 0x00, 0x00, 0x00, 0x00, 0x00, 0x00, 0x00, 0x00, 0x00, 0x00, 0x00, 0x00, 0x00, 0x00,
    0x00, 0x00, 0x00, 0x00, 0x00, 0x00, 0x00, 0x00, 0x00, 0x00, 0x00, 0x00, 0x00, 0x00, 0x00, 0x00, 0x00, 0x00, 0x00, 0x00, 0x00, 0x00, 0x00, 0x00,
    0x00, 0x00, 0x00, 0x00, 0x00, 0x00, 0x00, 0x00, 0x00, 0x00, 0x00, 0x00, 0x00, 0x00, 0x00, 0x00, 0x00, 0x00, 0x00, 0x00, 0x00, 0x00, 0x00, 0x00,
    0x00, 0x00, 0x00, 0x00, 0x00, 0x00, 0x00, 0x00, 0x00, 0x00, 0x00, 0x00, 0x00, 0x00, 0x00, 0x00, 0x00, 0x00, 0x00, 0x00, 0x00, 0x00, 0x00, 0x00,
    0x00, 0x00, 0x00, 0x00, 0x00, 0x00, 0x00, 0x00, 0x00, 0x00, 0x00, 0x00, 0x00, 0x00, 0x00, 0x00, 0x00, 0x00, 0x00, 0x00, 0x00, 0x00, 0x00, 0x00,
    0x00, 0x00, 0x00, 0x8e, 0x35, 0xc5, 0x8e, 0x35, 0xaa, 0x8e, 0x35, 0x19, 0x00, 0x00, 0x00, 0x00, 0x00, 0x00, 0x00, 0x00, 0x00, 0x00, 0x00, 0x00,
    0x00, 0x00, 0x00, 0x00, 0x00, 0x00, 0x00, 0x00, 0x00, 0x00, 0x00, 0x00, 0x00, 0x00, 0x00, 0x00, 0x00, 0x00, 0x00, 0x00, 0x00, 0x00, 0x00, 0x00,
    0x00, 0x00, 0x00, 0x00, 0x00, 0x00, 0x00, 0x00, 0x00, 0x8e, 0x35, 0xd5, 0x8e, 0x35, 0xe7, 0x8e, 0x35, 0x2f, 0x00, 0x00, 0x00, 0x00, 0x00, 0x00,
    0x00, 0x00, 0x00, 0x8e, 0x35, 0x28, 0x8e, 0x35, 0x12, 0x00, 0x00, 0x00, 0x8e, 0x35, 0x0a, 0x8e, 0x35, 0x45, 0x8e, 0x35, 0x4c, 0x00, 0x00, 0x00,
    0x00, 0x00, 0x00, 0x00, 0x00, 0x00, 0x00, 0x00, 0x00, 0x00, 0x00, 0x00, 0x00, 0x00, 0x00, 0x8e, 0x35, 0x7a, 0x8e, 0x35, 0x12, 0x00, 0x00, 0x00,
    0x00, 0x00, 0x00, 0x00, 0x00, 0x00, 0x00, 0x00, 0x00, 0x00, 0x00, 0x00, 0x00, 0x00, 0x00, 0x00, 0x00, 0x00, 0x00, 0x00, 0x00, 0x00, 0x00, 0x00,
    0x00, 0x00, 0x00, 0x00, 0x00, 0x00, 0x00, 0x00, 0x00, 0x00, 0x00, 0x00, 0x00, 0x00, 0x00, 0x00, 0x00, 0x00, 0x00, 0x00, 0x00, 0x00, 0x00, 0x00,
    0x00, 0x00, 0x00, 0x00, 0x00, 0x00, 0x8e, 0x35, 0x12, 0x8e, 0x35, 0xff, 0x8e, 0x35, 0xfb, 0x8e, 0x35, 0x09, 0x00, 0x00, 0x00, 0x00, 0x00, 0x00,
    0x8e, 0x35, 0xa4, 0x8e, 0x35, 0xef, 0x8e, 0x35, 0xef, 0x8e, 0x35, 0xef, 0x8e, 0x35, 0xef, 0x8e, 0x35, 0xef, 0x8e, 0x35, 0xf1, 0x8e, 0x35, 0xd7,
    0x8e, 0x35, 0x45, 0x00, 0x00, 0x00, 0x00, 0x00, 0x00, 0x00, 0x00, 0x00, 0x00, 0x00, 0x00, 0x8e, 0x35, 0xeb, 0x8e, 0x35, 0xff, 0x8e, 0x35, 0x33,
    0x00, 0x00, 0x00, 0x00, 0x00, 0x00, 0x00, 0x00, 0x00, 0x8e, 0x35, 0xcf, 0x8e, 0x35, 0xfe, 0x8e, 0x35, 0x77, 0x8e, 0x35, 0x60, 0x8e, 0x35, 0xff,
    0x8e, 0x35, 0xcf, 0x00, 0x00, 0x00, 0x00, 0x00, 0x00, 0x00, 0x00, 0x00, 0x00, 0x00, 0x00, 0x00, 0x00, 0x00, 0x8e, 0x35, 0x2c, 0x8e, 0x35, 0xff,
    0x8e, 0x35, 0xd3, 0x00, 0x00, 0x00, 0x8e, 0x35, 0x83, 0x8e, 0x35, 0xff, 0x8e, 0x35, 0xff, 0x8e, 0x35, 0xff, 0x8e, 0x35, 0xff, 0x8e, 0x35, 0x2b,
    0x8e, 0x35, 0xff, 0x8e, 0x35, 0xff, 0x8e, 0x35, 0xff, 0x8e, 0x35, 0xff, 0x8e, 0x35, 0xdb, 0x00, 0x00, 0x00, 0x00, 0x00, 0x00, 0x00, 0x00, 0x00,
    0x00, 0x00, 0x00, 0x00, 0x00, 0x00, 0x8e, 0x35, 0x43, 0x8e, 0x35, 0xff, 0x8e, 0x35, 0xff, 0x8e, 0x35, 0xff, 0x8e, 0x35, 0xfc, 0x8e, 0x35, 0xdf,
    0x8e, 0x35, 0xdf, 0x8e, 0x35, 0x99, 0x8e, 0x35, 0xaf, 0x8e, 0x35, 0xff, 0x8e, 0x35, 0xff, 0x8e, 0x35, 0xff, 0x8e, 0x35, 0xff, 0x8e, 0x35, 0xff,
    0x8e, 0x35, 0xff, 0x8e, 0x35, 0xff, 0x8e, 0x35, 0x44, 0x00, 0x00, 0x00, 0x00, 0x00, 0x00, 0x00, 0x00, 0x00, 0x00, 0x00, 0x00, 0x8e, 0x35, 0xeb,
    0x8e, 0x35, 0xff, 0x8e, 0x35, 0x33, 0x00, 0x00, 0x00, 0x00, 0x00, 0x00, 0x8e, 0x35, 0x19, 0x8e, 0x35, 0xfe, 0x8e, 0x35, 0xff, 0x8e, 0x35, 0x3d,
    0x8e, 0x35, 0x21, 0x8e, 0x35, 0xff, 0x8e, 0x35, 0xfe, 0x8e, 0x35, 0x15, 0x00, 0x00, 0x00, 0x00, 0x00, 0x00, 0x00, 0x00, 0x00, 0x00, 0x00, 0x00,
    0x8e, 0x35, 0x7b, 0x8e, 0x35, 0xff, 0x8e, 0x35, 0x80, 0x00, 0x00, 0x00, 0x8e, 0x35, 0x83, 0x8e, 0x35, 0xff, 0x8e, 0x35, 0xe7, 0x8e, 0x35, 0xf2,
    0x8e, 0x35, 0xff, 0x8e, 0x35, 0x2b, 0x8e, 0x35, 0xff, 0x8e, 0x35, 0xf8, 0x8e, 0x35, 0xdf, 0x8e, 0x35, 0xfe, 0x8e, 0x35, 0xdb, 0x00, 0x00, 0x00,
    0x00, 0x00, 0x00, 0x00, 0x00, 0x00, 0x00, 0x00, 0x00, 0x00, 0x00, 0x00, 0x8e, 0x35, 0x43, 0x8e, 0x35, 0xff, 0x8e, 0x35, 0xff, 0x8e, 0x35, 0xff,
    0x8e, 0x35, 0xff, 0x8e, 0x35, 0xff, 0x8e, 0x35, 0xff, 0x8e, 0x35, 0xaf, 0x00, 0x00, 0x00, 0x00, 0x00, 0x00, 0x00, 0x00, 0x00, 0x00, 0x00, 0x00,
    0x8e, 0x35, 0x18, 0x8e, 0x35, 0xe4, 0x8e, 0x35, 0xff, 0x8e, 0x35, 0xbe, 0x00, 0x00, 0x00, 0x00, 0x00, 0x00, 0x00, 0x00, 0x00, 0x00, 0x00, 0x00,
    0x00, 0x00, 0x00, 0x8e, 0x35, 0xeb, 0x8e, 0x35, 0xff, 0x8e, 0x35, 0x33, 0x00, 0x00, 0x00, 0x00, 0x00, 0x00, 0x8e, 0x35, 0x60, 0x8e, 0x35, 0xff,
    0x8e, 0x35, 0xed, 0x8e, 0x35, 0x03, 0x00, 0x00, 0x00, 0x8e, 0x35, 0xdf, 0x8e, 0x35, 0xff, 0x8e, 0x35, 0x6b, 0x00, 0x00, 0x00, 0x00, 0x00, 0x00,
    0x00, 0x00, 0x00, 0x00, 0x00, 0x00, 0x8e, 0x35, 0xce, 0x8e, 0x35, 0xfc, 0x8e, 0x35, 0x1d, 0x00, 0x00, 0x00, 0x8e, 0x35, 0x83, 0x8e, 0x35, 0xff,
    0x8e, 0x35, 0x3f, 0x8e, 0x35, 0x97, 0x8e, 0x35, 0xff, 0x8e, 0x35, 0x2b, 0x8e, 0x35, 0xff, 0x8e, 0x35, 0xc7, 0x00, 0x00, 0x00, 0x8e, 0x35, 0xf7,
    0x8e, 0x35, 0xdb, 0x00, 0x00, 0x00, 0x00, 0x00, 0x00, 0x00, 0x00, 0x00, 0x00, 0x00, 0x00, 0x00, 0x00, 0x00, 0x8e, 0x35, 0x02, 0x8e, 0x35, 0x07,
    0x8e, 0x35, 0xc2, 0x8e, 0x35, 0xff, 0x8e, 0x35, 0x34, 0x8e, 0x35, 0x07, 0x8e, 0x35, 0x07, 0x8e, 0x35, 0x05, 0x00, 0x00, 0x00, 0x00, 0x00, 0x00,
    0x00, 0x00, 0x00, 0x8e, 0x35, 0x10, 0x8e, 0x35, 0xc9, 0x8e, 0x35, 0xff, 0x8e, 0x35, 0xf0, 0x8e, 0x35, 0x24, 0x00, 0x00, 0x00, 0x00, 0x00, 0x00,
    0x8e, 0x35, 0x67, 0x8e, 0x35, 0xff, 0x8e, 0x35, 0xff, 0x8e, 0x35, 0xff, 0x8e, 0x35, 0xff, 0x8e, 0x35, 0xff, 0x8e, 0x35, 0xff, 0x8e, 0x35, 0x43,
    0x8e, 0x35, 0xaa, 0x8e, 0x35, 0xff, 0x8e, 0x35, 0xa2, 0x00, 0x00, 0x00, 0x00, 0x00, 0x00, 0x8e, 0x35, 0x8b, 0x8e, 0x35, 0xff, 0x8e, 0x35, 0xd2,
    0x8e, 0x35, 0x02, 0x00, 0x00, 0x00, 0x00, 0x00, 0x00, 0x8e, 0x35, 0x3a, 0x8e, 0x35, 0xff, 0x8e, 0x35, 0x9c, 0x8e, 0x35, 0x5d, 0x8e, 0x35, 0x6e,
    0x8e, 0x35, 0x88, 0x8e, 0x35, 0xff, 0x8e, 0x35, 0x3f, 0x8e, 0x35, 0x97, 0x8e, 0x35, 0xff, 0x8e, 0x35, 0x2b, 0x8e, 0x35, 0xff, 0x8e, 0x35, 0xc7,
    0x00, 0x00, 0x00, 0x8e, 0x35, 0xf7, 0x8e, 0x35, 0xdb, 0x00, 0x00, 0x00, 0x00, 0x00, 0x00, 0x00, 0x00, 0x00, 0x00, 0x00, 0x00, 0x00, 0x00, 0x00,
    0x00, 0x00, 0x00, 0x8e, 0x35, 0x09, 0x8e, 0x35, 0xf9, 0x8e, 0x35, 0xe0, 0x8e, 0x35, 0xcf, 0x8e, 0x35, 0xe7, 0x8e, 0x35, 0x15, 0x00, 0x00, 0x00,
    0x00, 0x00, 0x00, 0x00, 0x00, 0x00, 0x8e, 0x35, 0x1f, 0x8e, 0x35, 0xd4, 0x8e, 0x35, 0xff, 0x8e, 0x35, 0xff, 0x8e, 0x35, 0x52, 0x00, 0x00, 0x00,
    0x00, 0x00, 0x00, 0x00, 0x00, 0x00, 0x8e, 0x35, 0x67, 0x8e, 0x35, 0xff, 0x8e, 0x35, 0xff, 0x8e, 0x35, 0xff, 0x8e, 0x35, 0xff, 0x8e, 0x35, 0xff,
    0x8e, 0x35, 0xff, 0x8e, 0x35, 0x60, 0x8e, 0x35, 0xf9, 0x8e, 0x35, 0xff, 0x8e, 0x35, 0x53, 0x00, 0x00, 0x00, 0x00, 0x00, 0x00, 0x8e, 0x35, 0x31,
    0x8e, 0x35, 0xff, 0x8e, 0x35, 0xff, 0x8e, 0x35, 0x6b, 0x00, 0x00, 0x00, 0x00, 0x00, 0x00, 0x8e, 0x35, 0xbe, 0x8e, 0x35, 0xf8, 0x8e, 0x35, 0x1e,
    0x8e, 0x35, 0xd6, 0x8e, 0x35, 0xf7, 0x8e, 0x35, 0x9d, 0x8e, 0x35, 0xff, 0x8e, 0x35, 0xde, 0x8e, 0x35, 0xee, 0x8e, 0x35, 0xff, 0x8e, 0x35, 0x2b,
    0x8e, 0x35, 0xff, 0x8e, 0x35, 0xf6, 0x8e, 0x35, 0xd3, 0x8e, 0x35, 0xfe, 0x8e, 0x35, 0xdb, 0x00, 0x00, 0x00, 0x00, 0x00, 0x00, 0x00, 0x00, 0x00,
    0x00, 0x00, 0x00, 0x00, 0x00, 0x00, 0x00, 0x00, 0x00, 0x8e, 0x35, 0x4b, 0x8e, 0x35, 0xff, 0x8e, 0x35, 0x91, 0x8e, 0x35, 0xe3, 0x8e, 0x35, 0xff,
    0x8e, 0x35, 0x17, 0x00, 0x00, 0x00, 0x8e, 0x35, 0x02, 0x8e, 0x35, 0x69, 0x8e, 0x35, 0xf2, 0x8e, 0x35, 0xff, 0x8e, 0x35, 0xff, 0x8e, 0x35, 0xff,
    0x8e, 0x35, 0xce, 0x8e, 0x35, 0x43, 0x00, 0x00, 0x00, 0x00, 0x00, 0x00, 0x00, 0x00, 0x00, 0x00, 0x00, 0x00, 0x8e, 0x35, 0x37, 0x8e, 0x35, 0xff,
    0x8e, 0x35, 0xff, 0x8e, 0x35, 0x3a, 0x00, 0x00, 0x00, 0x8e, 0x35, 0x97, 0x8e, 0x35, 0xff, 0x8e, 0x35, 0xe2, 0x8e, 0x35, 0x2f, 0x8e, 0x35, 0x94,
    0x8e, 0x35, 0x32, 0x00, 0x00, 0x00, 0x8e, 0x35, 0xbc, 0x8e, 0x35, 0xff, 0x8e, 0x35, 0xef, 0x8e, 0x35, 0x16, 0x8e, 0x35, 0x65, 0x8e, 0x35, 0xff,
    0x8e, 0x35, 0xfa, 0x8e, 0x35, 0xf2, 0x8e, 0x35, 0xff, 0x8e, 0x35, 0x91, 0x8e, 0x35, 0x83, 0x8e, 0x35, 0xff, 0x8e, 0x35, 0xff, 0x8e, 0x35, 0xff,
    0x8e, 0x35, 0xff, 0x8e, 0x35, 0x2b, 0x8e, 0x35, 0xff, 0x8e, 0x35, 0xff, 0x8e, 0x35, 0xff, 0x8e, 0x35, 0xff, 0x8e, 0x35, 0xdb, 0x00, 0x00, 0x00,
    0x00, 0x00, 0x00, 0x00, 0x00, 0x00, 0x00, 0x00, 0x00, 0x00, 0x00, 0x00, 0x00, 0x00, 0x00, 0x8e, 0x35, 0xab, 0x8e, 0x35, 0xff, 0x8e, 0x35, 0x43,
    0x8e, 0x35, 0xe3, 0x8e, 0x35, 0xff, 0x8e, 0x35, 0x17, 0x8e, 0x35, 0x51, 0x8e, 0x35, 0xda, 0x8e, 0x35, 0xff, 0x8e, 0x35, 0xff, 0x8e, 0x35, 0xed,
    0x8e, 0x35, 0x92, 0x8e, 0x35, 0xf5, 0x8e, 0x35, 0xff, 0x8e, 0x35, 0xff, 0x8e, 0x35, 0xa3, 0x8e, 0x35, 0x0d, 0x00, 0x00, 0x00, 0x00, 0x00, 0x00,
    0x8e, 0x35, 0x84, 0x8e, 0x35, 0xff, 0x8e, 0x35, 0xff, 0x8e, 0x35, 0xbb, 0x8e, 0x35, 0x40, 0x8e, 0x35, 0xfe, 0x8e, 0x35, 0xff, 0x8e, 0x35, 0x6e,
    0x8e, 0x35, 0x75, 0x8e, 0x35, 0xff, 0x8e, 0x35, 0xf9, 0x8e, 0x35, 0x0e, 0x8e, 0x35, 0x3d, 0x8e, 0x35, 0xfe, 0x8e, 0x35, 0xf4, 0x8e, 0x35, 0x34,
    0x8e, 0x35, 0x3a, 0x8e, 0x35, 0xff, 0x8e, 0x35, 0xff, 0x8e, 0x35, 0xff, 0x8e, 0x35, 0xf8, 0x8e, 0x35, 0x1a, 0x8e, 0x35, 0x83, 0x8e, 0x35, 0xff,
    0x8e, 0x35, 0x3f, 0x8e, 0x35, 0x97, 0x8e, 0x35, 0xff, 0x8e, 0x35, 0x2b, 0x8e, 0x35, 0xff, 0x8e, 0x35, 0xc7, 0x00, 0x00, 0x00, 0x8e, 0x35, 0xf7,
    0x8e, 0x35, 0xdb, 0x00, 0x00, 0x00, 0x00, 0x00, 0x00, 0x00, 0x00, 0x00, 0x00, 0x00, 0x00, 0x00, 0x00, 0x00, 0x8e, 0x35, 0x31, 0x8e, 0x35, 0xfe,
    0x8e, 0x35, 0xff, 0x8e, 0x35, 0xf1, 0x8e, 0x35, 0xfe, 0x8e, 0x35, 0xff, 0x8e, 0x35, 0xf1, 0x8e, 0x35, 0xaf, 0x8e, 0x35, 0xfb, 0x8e, 0x35, 0xff,
    0x8e, 0x35, 0xb4, 0x8e, 0x35, 0x1a, 0x00, 0x00, 0x00, 0x8e, 0x35, 0x1e, 0x8e, 0x35, 0xb2, 0x8e, 0x35, 0xff, 0x8e, 0x35, 0xcd, 0x8e, 0x35, 0x05,
    0x00, 0x00, 0x00, 0x00, 0x00, 0x00, 0x8e, 0x35, 0xd2, 0x8e, 0x35, 0xff, 0x8e, 0x35, 0xff, 0x8e, 0x35, 0xff, 0x8e, 0x35, 0x78, 0x8e, 0x35, 0x8d,
    0x8e, 0x35, 0xd2, 0x8e, 0x35, 0x05, 0x8e, 0x35, 0xbd, 0x8e, 0x35, 0xff, 0x8e, 0x35, 0xb1, 0x00, 0x00, 0x00, 0x00, 0x00, 0x00, 0x8e, 0x35, 0x98,
    0x8e, 0x35, 0x52, 0x00, 0x00, 0x00, 0x8e, 0x35, 0x04, 0x8e, 0x35, 0x53, 0x8e, 0x35, 0x4b, 0x8e, 0x35, 0xff, 0x8e, 0x35, 0x94, 0x00, 0x00, 0x00,
    0x8e, 0x35, 0x87, 0x8e, 0x35, 0xff, 0x8e, 0x35, 0x3e, 0x8e, 0x35, 0x97, 0x8e, 0x35, 0xff, 0x8e, 0x35, 0x2c, 0x8e, 0x35, 0xff, 0x8e, 0x35, 0xc7,
    0x00, 0x00, 0x00, 0x8e, 0x35, 0xf7, 0x8e, 0x35, 0xdb, 0x00, 0x00, 0x00, 0x00, 0x00, 0x00, 0x00, 0x00, 0x00, 0x00, 0x00, 0x00, 0x00, 0x00, 0x00,
    0x8e, 0x35, 0x06, 0x8e, 0x35, 0xed, 0x8e, 0x35, 0xff, 0x8e, 0x35, 0xff, 0x8e, 0x35, 0xff, 0x8e, 0x35, 0xff, 0x8e, 0x35, 0xff, 0x8e, 0x35, 0x83,
    0x8e, 0x35, 0x6a, 0x8e, 0x35, 0x3d, 0x00, 0x00, 0x00, 0x00, 0x00, 0x00, 0x00, 0x00, 0x00, 0x00, 0x00, 0x00, 0x00, 0x00, 0x00, 0x8e, 0x35, 0x66,
    0x8e, 0x35, 0x2a, 0x00, 0x00, 0x00, 0x00, 0x00, 0x00, 0x8e, 0x35, 0x25, 0x8e, 0x35, 0xff, 0x8e, 0x35, 0xff, 0x8e, 0x35, 0xff, 0x8e, 0x35, 0xfe,
    0x8e, 0x35, 0xf5, 0x8e, 0x35, 0x23, 0x8e, 0x35, 0x0a, 0x8e, 0x35, 0x15, 0x8e, 0x35, 0xfc, 0x8e, 0x35, 0xff, 0x8e, 0x35, 0x59, 0x00, 0x00, 0x00,
    0x00, 0x00, 0x00, 0x8e, 0x35, 0x05, 0x00, 0x00, 0x00, 0x00, 0x00, 0x00, 0x00, 0x00, 0x00, 0x00, 0x00, 0x00, 0x8e, 0x35, 0xb3, 0x8e, 0x35, 0xf9,
    0x8e, 0x35, 0x1c, 0x00, 0x00, 0x00, 0x8e, 0x35, 0x90, 0x8e, 0x35, 0xff, 0x8e, 0x35, 0x39, 0x8e, 0x35, 0x97, 0x8e, 0x35, 0xff, 0x8e, 0x35, 0x31,
    0x8e, 0x35, 0xff, 0x8e, 0x35, 0xc5, 0x00, 0x00, 0x00, 0x8e, 0x35, 0xf7, 0x8e, 0x35, 0xdb, 0x00, 0x00, 0x00, 0x00, 0x00, 0x00, 0x00, 0x00, 0x00,
    0x00, 0x00, 0x00, 0x00, 0x00, 0x00, 0x00, 0x00, 0x00, 0x8e, 0x35, 0x1f, 0x8e, 0x35, 0x06, 0x00, 0x00, 0x00, 0x8e, 0x35, 0xe3, 0x8e, 0x35, 0xff,
    0x8e, 0x35, 0x17, 0x00, 0x00, 0x00, 0x8e, 0x35, 0xaf, 0x8e, 0x35, 0xff, 0x8e, 0x35, 0xff, 0x8e, 0x35, 0xff, 0x8e, 0x35, 0xff, 0x8e, 0x35, 0xff,
    0x8e, 0x35, 0xff, 0x8e, 0x35, 0xff, 0x8e, 0x35, 0x8b, 0x00, 0x00, 0x00, 0x00, 0x00, 0x00, 0x8e, 0x35, 0x92, 0x8e, 0x35, 0xff, 0x8e, 0x35, 0xfe,
    0x8e, 0x35, 0xff, 0x8e, 0x35, 0xad, 0x8e, 0x35, 0xff, 0x8e, 0x35, 0xbe, 0x00, 0x00, 0x00, 0x8e, 0x35, 0x69, 0x8e, 0x35, 0xff, 0x8e, 0x35, 0xf6,
    0x8e, 0x35, 0x0c, 0x8e, 0x35, 0x02, 0x8e, 0x35, 0x37, 0x00, 0x00, 0x00, 0x00, 0x00, 0x00, 0x00, 0x00, 0x00, 0x00, 0x00, 0x00, 0x8e, 0x35, 0x51,
    0x8e, 0x35, 0xff, 0x8e, 0x35, 0xe3, 0x8e, 0x35, 0xbc, 0x8e, 0x35, 0xb5, 0x8e, 0x35, 0x98, 0x8e, 0x35, 0xff, 0x8e, 0x35, 0xff, 0x8e, 0x35, 0xff,
    0x8e, 0x35, 0xff, 0x8e, 0x35, 0x3a, 0x8e, 0x35, 0xff, 0x8e, 0x35, 0xff, 0x8e, 0x35, 0xff, 0x8e, 0x35, 0xff, 0x8e, 0x35, 0xdb, 0x00, 0x00, 0x00,
    0x00, 0x00, 0x00, 0x00, 0x00, 0x00, 0x00, 0x00, 0x00, 0x00, 0x00, 0x00, 0x00, 0x00, 0x00, 0x00, 0x00, 0x00, 0x00, 0x00, 0x00, 0x00, 0x00, 0x00,
    0x8e, 0x35, 0xe3, 0x8e, 0x35, 0xff, 0x8e, 0x35, 0x69, 0x8e, 0x35, 0x49, 0x8e, 0x35, 0xaa, 0x8e, 0x35, 0xf7, 0x8e, 0x35, 0xf7, 0x8e, 0x35, 0xfc,
    0x8e, 0x35, 0xff, 0x8e, 0x35, 0xfc, 0x8e, 0x35, 0xf7, 0x8e, 0x35, 0xf7, 0x8e, 0x35, 0x87, 0x00, 0x00, 0x00, 0x8e, 0x35, 0x1e, 0x8e, 0x35, 0xf5,
    0x8e, 0x35, 0xd2, 0x8e, 0x35, 0xec, 0x8e, 0x35, 0xff, 0x8e, 0x35, 0x42, 0x8e, 0x35, 0xf1, 0x8e, 0x35, 0x7e, 0x00, 0x00, 0x00, 0x8e, 0x35, 0xc9,
    0x8e, 0x35, 0xff, 0x8e, 0x35, 0xa0, 0x8e, 0x35, 0x02, 0x8e, 0x35, 0xd3, 0x8e, 0x35, 0xfd, 0x8e, 0x35, 0x26, 0x00, 0x00, 0x00, 0x00, 0x00, 0x00,
    0x8e, 0x35, 0x32, 0x8e, 0x35, 0xf3, 0x8e, 0x35, 0xff, 0x8e, 0x35, 0xff, 0x8e, 0x35, 0xfc, 0x8e, 0x35, 0x9e, 0x8e, 0x35, 0xa9, 0x8e, 0x35, 0xff,
    0x8e, 0x35, 0xe2, 0x8e, 0x35, 0xf2, 0x8e, 0x35, 0xff, 0x8e, 0x35, 0x43, 0x8e, 0x35, 0xff, 0x8e, 0x35, 0xf5, 0x8e, 0x35, 0xdf, 0x8e, 0x35, 0xfe,
    0x8e, 0x35, 0xdb, 0x00, 0x00, 0x00, 0x00, 0x00, 0x00, 0x00, 0x00, 0x00, 0x00, 0x00, 0x00, 0x00, 0x00, 0x00, 0x8e, 0x35, 0x3d, 0x8e, 0x35, 0xa0,
    0x8e, 0x35, 0xc4, 0x8e, 0x35, 0xe8, 0x8e, 0x35, 0xff, 0x8e, 0x35, 0xff, 0x8e, 0x35, 0xff, 0x8e, 0x35, 0xa6, 0x00, 0x00, 0x00, 0x00, 0x00, 0x00,
    0x00, 0x00, 0x00, 0x8e, 0x35, 0x97, 0x8e, 0x35, 0xff, 0x8e, 0x35, 0x97, 0x00, 0x00, 0x00, 0x00, 0x00, 0x00, 0x00, 0x00, 0x00, 0x00, 0x00, 0x00,
    0x8e, 0x35, 0x83, 0x8e, 0x35, 0xff, 0x8e, 0x35, 0x74, 0x8e, 0x35, 0xeb, 0x8e, 0x35, 0xff, 0x8e, 0x35, 0x33, 0x8e, 0x35, 0x4d, 0x8e, 0x35, 0x01,
    0x8e, 0x35, 0x2f, 0x8e, 0x35, 0xff, 0x8e, 0x35, 0xff, 0x8e, 0x35, 0x2f, 0x00, 0x00, 0x00, 0x8e, 0x35, 0x98, 0x8e, 0x35, 0xff, 0x8e, 0x35, 0x9b,
    0x00, 0x00, 0x00, 0x00, 0x00, 0x00, 0x8e, 0x35, 0x13, 0x8e, 0x35, 0xf6, 0x8e, 0x35, 0xb0, 0x8e, 0x35, 0x5c, 0x8e, 0x35, 0x11, 0x00, 0x00, 0x00,
    0x8e, 0x35, 0xd5, 0x8e, 0x35, 0xf4, 0x8e, 0x35, 0x02, 0x8e, 0x35, 0x97, 0x8e, 0x35, 0xff, 0x8e, 0x35, 0x57, 0x8e, 0x35, 0xff, 0x8e, 0x35, 0x93,
    0x00, 0x00, 0x00, 0x8e, 0x35, 0xf7, 0x8e, 0x35, 0xdb, 0x00, 0x00, 0x00, 0x00, 0x00, 0x00, 0x00, 0x00, 0x00, 0x00, 0x00, 0x00, 0x00, 0x00, 0x00,
    0x8e, 0x35, 0x4b, 0x8e, 0x35, 0xff, 0x8e, 0x35, 0xff, 0x8e, 0x35, 0xff, 0x8e, 0x35, 0xff, 0x8e, 0x35, 0xff, 0x8e, 0x35, 0x96, 0x8e, 0x35, 0x48,
    0x00, 0x00, 0x00, 0x00, 0x00, 0x00, 0x00, 0x00, 0x00, 0x8e, 0x35, 0x97, 0x8e, 0x35, 0xff, 0x8e, 0x35, 0x97, 0x00, 0x00, 0x00, 0x00, 0x00, 0x00,
    0x00, 0x00, 0x00, 0x00, 0x00, 0x00, 0x8e, 0x35, 0x2c, 0x8e, 0x35, 0xef, 0x8e, 0x35, 0x11, 0x8e, 0x35, 0xeb, 0x8e, 0x35, 0xff, 0x8e, 0x35, 0x33,
    0x00, 0x00, 0x00, 0x00, 0x00, 0x00, 0x8e, 0x35, 0xa6, 0x8e, 0x35, 0xff, 0x8e, 0x35, 0xbc, 0x00, 0x00, 0x00, 0x00, 0x00, 0x00, 0x8e, 0x35, 0x2b,
    0x8e, 0x35, 0xff, 0x8e, 0x35, 0xf9, 0x8e, 0x35, 0x1a, 0x00, 0x00, 0x00, 0x00, 0x00, 0x00, 0x8e, 0x35, 0x13, 0x00, 0x00, 0x00, 0x8e, 0x35, 0x05,
    0x8e, 0x35, 0x53, 0x8e, 0x35, 0x6b, 0x8e, 0x35, 0xfb, 0x8e, 0x35, 0xc6, 0x00, 0x00, 0x00, 0x8e, 0x35, 0x97, 0x8e, 0x35, 0xff, 0x8e, 0x35, 0x8b,
    0x8e, 0x35, 0xff, 0x8e, 0x35, 0x6e, 0x00, 0x00, 0x00, 0x8e, 0x35, 0xf7, 0x8e, 0x35, 0xdb, 0x00, 0x00, 0x00, 0x00, 0x00, 0x00, 0x00, 0x00, 0x00,
    0x00, 0x00, 0x00, 0x00, 0x00, 0x00, 0x8e, 0x35, 0x12, 0x8e, 0x35, 0x72, 0x8e, 0x35, 0x45, 0x8e, 0x35, 0x17, 0x8e, 0x35, 0xe4, 0x8e, 0x35, 0xff,
    0x8e, 0x35, 0x17, 0x00, 0x00, 0x00, 0x00, 0x00, 0x00, 0x00, 0x00, 0x00, 0x00, 0x00, 0x00, 0x8e, 0x35, 0x97, 0x8e, 0x35, 0xff, 0x8e, 0x35, 0x97,
    0x00, 0x00, 0x00, 0x00, 0x00, 0x00, 0x00, 0x00, 0x00, 0x00, 0x00, 0x00, 0x00, 0x00, 0x00, 0x8e, 0x35, 0x41, 0x00, 0x00, 0x00, 0x8e, 0x35, 0xeb,
    0x8e, 0x35, 0xff, 0x8e, 0x35, 0x33, 0x00, 0x00, 0x00, 0x8e, 0x35, 0x37, 0x8e, 0x35, 0xfe, 0x8e, 0x35, 0xff, 0x8e, 0x35, 0x86, 0x8e, 0x35, 0x5d,
    0x8e, 0x35, 0x7a, 0x8e, 0x35, 0x97, 0x8e, 0x35, 0xf5, 0x8e, 0x35, 0xff, 0x8e, 0x35, 0x7d, 0x00, 0x00, 0x00, 0x00, 0x00, 0x00, 0x8e, 0x35, 0x32,
    0x8e, 0x35, 0x8f, 0x8e, 0x35, 0xea, 0x8e, 0x35, 0xff, 0x8e, 0x35, 0xf0, 0x8e, 0x35, 0xff, 0x8e, 0x35, 0x97, 0x00, 0x00, 0x00, 0x8e, 0x35, 0x97,
    0x8e, 0x35, 0xff, 0x8e, 0x35, 0xc2, 0x8e, 0x35, 0xff, 0x8e, 0x35, 0x49, 0x00, 0x00, 0x00, 0x8e, 0x35, 0xf7, 0x8e, 0x35, 0xdb, 0x00, 0x00, 0x00,
    0x00, 0x00, 0x00, 0x00, 0x00, 0x00, 0x00, 0x00, 0x00, 0x00, 0x00, 0x00, 0x00, 0x00, 0x00, 0x00, 0x00, 0x00, 0x00, 0x00, 0x00, 0x00, 0x00, 0x00,
    0x8e, 0x35, 0xe3, 0x8e, 0x35, 0xff, 0x8e, 0x35, 0x17, 0x8e, 0x35, 0x95, 0x8e, 0x35, 0xfb, 0x8e, 0x35, 0xfb, 0x8e, 0x35, 0xfb, 0x8e, 0x35, 0xfe,
    0x8e, 0x35, 0xff, 0x8e, 0x35, 0xfe, 0x8e, 0x35, 0xfb, 0x8e, 0x35, 0xfb, 0x8e, 0x35, 0xfb, 0x8e, 0x35, 0x4e, 0x00, 0x00, 0x00, 0x00, 0x00, 0x00,
    0x00, 0x00, 0x00, 0x8e, 0x35, 0xeb, 0x8e, 0x35, 0xff, 0x8e, 0x35, 0x33, 0x00, 0x00, 0x00, 0x8e, 0x35, 0xdd, 0x8e, 0x35, 0xff, 0x8e, 0x35, 0xff,
    0x8e, 0x35, 0xff, 0x8e, 0x35, 0xff, 0x8e, 0x35, 0xff, 0x8e, 0x35, 0xff, 0x8e, 0x35, 0xff, 0x8e, 0x35, 0xff, 0x8e, 0x35, 0xde, 0x00, 0x00, 0x00,
    0x8e, 0x35, 0x49, 0x8e, 0x35, 0xff, 0x8e, 0x35, 0xff, 0x8e, 0x35, 0xfd, 0x8e, 0x35, 0xb1, 0x8e, 0x35, 0xc8, 0x8e, 0x35, 0xff, 0x8e, 0x35, 0x5b,
    0x8e, 0x35, 0x03, 0x8e, 0x35, 0xa0, 0x8e, 0x35, 0xff, 0x8e, 0x35, 0xf5, 0x8e, 0x35, 0xfe, 0x8e, 0x35, 0x1b, 0x8e, 0x35, 0x06, 0x8e, 0x35, 0xfa,
    0x8e, 0x35, 0xdb, 0x00, 0x00, 0x00, 0x00, 0x00, 0x00, 0x00, 0x00, 0x00, 0x00, 0x00, 0x00, 0x00, 0x00, 0x00, 0x00, 0x00, 0x00, 0x00, 0x00, 0x00,
    0x00, 0x00, 0x00, 0x00, 0x00, 0x00, 0x8e, 0x35, 0xe3, 0x8e, 0x35, 0xff, 0x8e, 0x35, 0x17, 0x8e, 0x35, 0x97, 0x8e, 0x35, 0xff, 0x8e, 0x35, 0xff,
    0x8e, 0x35, 0xff, 0x8e, 0x35, 0xff, 0x8e, 0x35, 0xff, 0x8e, 0x35, 0xff, 0x8e, 0x35, 0xff, 0x8e, 0x35, 0xff, 0x8e, 0x35, 0xff, 0x8e, 0x35, 0x4f,
    0x00, 0x00, 0x00, 0x00, 0x00, 0x00, 0x00, 0x00, 0x00, 0x8e, 0x35, 0xeb, 0x8e, 0x35, 0xff, 0x8e, 0x35, 0x33, 0x00, 0x00, 0x00, 0x8e, 0x35, 0x97,
    0x8e, 0x35, 0xff, 0x8e, 0x35, 0xff, 0x8e, 0x35, 0xf5, 0x8e, 0x35, 0xd0, 0x8e, 0x35, 0xab, 0x8e, 0x35, 0x86, 0x8e, 0x35, 0x67, 0x8e, 0x35, 0xfc,
    0x8e, 0x35, 0xfc, 0x8e, 0x35, 0x23, 0x8e, 0x35, 0x18, 0x8e, 0x35, 0xed, 0x8e, 0x35, 0x8a, 0x8e, 0x35, 0x20, 0x8e, 0x35, 0x1c, 0x8e, 0x35, 0xf8,
    0x8e, 0x35, 0xf1, 0x8e, 0x35, 0x0a, 0x8e, 0x35, 0xd9, 0x8e, 0x35, 0xff, 0x8e, 0x35, 0xff, 0x8e, 0x35, 0xff, 0x8e, 0x35, 0xc7, 0x8e, 0x35, 0x41,
    0x8e, 0x35, 0xff, 0x8e, 0x35, 0xff, 0x8e, 0x35, 0xc5, 0x00, 0x00, 0x00, 0x00, 0x00, 0x00, 0x00, 0x00, 0x00, 0x00, 0x00, 0x00, 0x00, 0x00, 0x00,
    0x00, 0x00, 0x00, 0x00, 0x00, 0x00, 0x00, 0x00, 0x00, 0x00, 0x00, 0x00, 0x8e, 0x35, 0x6e, 0x8e, 0x35, 0x7b, 0x8e, 0x35, 0x0b, 0x00, 0x00, 0x00,
    0x00, 0x00, 0x00, 0x00, 0x00, 0x00, 0x00, 0x00, 0x00, 0x00, 0x00, 0x00, 0x00, 0x00, 0x00, 0x00, 0x00, 0x00, 0x00, 0x00, 0x00, 0x00, 0x00, 0x00,
    0x00, 0x00, 0x00, 0x00, 0x00, 0x00, 0x00, 0x00, 0x00, 0x00, 0x00, 0x00, 0x00, 0x00, 0x00, 0x8e, 0x35, 0xd9, 0x8e, 0x35, 0xeb, 0x8e, 0x35, 0x2f,
    0x00, 0x00, 0x00, 0x8e, 0x35, 0x2c, 0x8e, 0x35, 0x54, 0x8e, 0x35, 0x20, 0x8e, 0x35, 0x01, 0x00, 0x00, 0x00, 0x00, 0x00, 0x00, 0x00, 0x00, 0x00,
    0x00, 0x00, 0x00, 0x8e, 0x35, 0x78, 0x8e, 0x35, 0x26, 0x00, 0x00, 0x00, 0x00, 0x00, 0x00, 0x8e, 0x35, 0x08, 0x00, 0x00, 0x00, 0x00, 0x00, 0x00,
    0x8e, 0x35, 0x06, 0x8e, 0x35, 0x8f, 0x8e, 0x35, 0x74, 0x00, 0x00, 0x00, 0x8e, 0x35, 0x80, 0x8e, 0x35, 0xcc, 0x8e, 0x35, 0x76, 0x8e, 0x35, 0xa9,
    0x8e, 0x35, 0x4e, 0x8e, 0x35, 0x07, 0x8e, 0x35, 0xe6, 0x8e, 0x35, 0xce, 0x8e, 0x35, 0x41, 0x00, 0x00, 0x00, 0x00, 0x00, 0x00, 0x00, 0x00, 0x00,
    0x00, 0x00, 0x00, 0x00, 0x00, 0x00, 0x00, 0x00, 0x00, 0x00, 0x00, 0x00, 0x00, 0x00, 0x00, 0x00, 0x00, 0x00, 0x00, 0x00, 0x00, 0x00, 0x00, 0x00,
    0x00, 0x00, 0x00, 0x00, 0x00, 0x00, 0x00, 0x00, 0x00, 0x00, 0x00, 0x00, 0x00, 0x00, 0x00, 0x00, 0x00, 0x00, 0x00, 0x00, 0x00, 0x00, 0x00, 0x00,
    0x00, 0x00, 0x00, 0x00, 0x00, 0x00, 0x00, 0x00, 0x00, 0x00, 0x00, 0x00, 0x00, 0x00, 0x00, 0x00, 0x00, 0x00, 0x00, 0x00, 0x00, 0x00, 0x00, 0x00,
    0x00, 0x00, 0x00, 0x00, 0x00, 0x00, 0x00, 0x00, 0x00, 0x00, 0x00, 0x00, 0x00, 0x00, 0x00, 0x00, 0x00, 0x00, 0x00, 0x00, 0x00, 0x00, 0x00, 0x00,
    0x00, 0x00, 0x00, 0x00, 0x00, 0x00, 0x00, 0x00, 0x00, 0x00, 0x00, 0x00, 0x00, 0x00, 0x00, 0x00, 0x00, 0x00, 0x00, 0x00, 0x00, 0x00, 0x00, 0x00,
    0x00, 0x00, 0x00, 0x00, 0x00, 0x00, 0x00, 0x00, 0x00, 0x00, 0x00, 0x00, 0x8e, 0x35, 0x01, 0x00, 0x00, 0x00, 0x00, 0x00, 0x00, 0x00, 0x00, 0x00,
    0x00, 0x00, 0x00, 0x8e, 0x35, 0x01, 0x00, 0x00, 0x00, 0x00, 0x00, 0x00, 0x00, 0x00, 0x00, 0x00, 0x00, 0x00, 0x00, 0x00, 0x00, 0x00, 0x00, 0x00,
    0x00, 0x00, 0x00, 0x00, 0x00, 0x00, 0x00, 0x00, 0x00, 0x00, 0x00, 0x00, 0x00, 0x00, 0x00, 0x00, 0x00, 0x00, 0x00, 0x00, 0x00, 0x00, 0x00, 0x00,
    0x00, 0x00, 0x00, 0x00, 0x00, 0x00, 0x00, 0x00, 0x00, 0x00, 0x00, 0x00, 0x00, 0x00, 0x00, 0x00, 0x00, 0x00, 0x00, 0x00, 0x00, 0x00, 0x00, 0x00,
    0x00, 0x00, 0x00, 0x00, 0x00, 0x00, 0x00, 0x00, 0x00, 0x00, 0x00, 0x00, 0x00, 0x00, 0x00, 0x00, 0x00, 0x00, 0x00, 0x00, 0x00, 0x00, 0x00, 0x00,
    0x00, 0x00, 0x00, 0x00, 0x00, 0x00, 0x00, 0x00, 0x00, 0x00, 0x00, 0x00, 0x00, 0x00, 0x00, 0x00, 0x00, 0x00, 0x00, 0x00, 0x00, 0x00, 0x00, 0x00,
    0x00, 0x00, 0x00, 0x00, 0x00, 0x00, 0x00, 0x00, 0x00, 0x00, 0x00, 0x00, 0x00, 0x00, 0x00, 0x00, 0x00, 0x00, 0x00, 0x00, 0x00, 0x00, 0x00, 0x00,
    0x00, 0x00, 0x00, 0x00, 0x00, 0x00, 0x00, 0x00, 0x00, 0x00, 0x00, 0x00, 0x00, 0x00, 0x00, 0x00, 0x00, 0x00, 0x00, 0x00, 0x00, 0x00, 0x00, 0x00,
    0x00, 0x00, 0x00, 0x00, 0x00, 0x00, 0x00, 0x00, 0x00, 0x00, 0x00, 0x00, 0x00, 0x00, 0x00, 0x00, 0x00, 0x00, 0x00, 0x00, 0x00, 0x00, 0x00, 0x00,
    0x00, 0x00, 0x00, 0x00, 0x00, 0x00, 0x00, 0x00, 0x00, 0x00, 0x00, 0x00, 0x00, 0x00, 0x00, 0x00, 0x00, 0x00, 0x00, 0x00, 0x00, 0x00, 0x00, 0x00,
    0x00, 0x00, 0x00, 0x00, 0x00, 0x00, 0x00, 0x00, 0x00, 0x00, 0x00, 0x00, 0x00, 0x00, 0x00, 0x00, 0x00, 0x00, 0x00, 0x00, 0x00, 0x00, 0x00, 0x00,
    0x00, 0x00, 0x00, 0x00, 0x00, 0x00, 0x00, 0x00, 0x00, 0x00, 0x00, 0x00, 0x00, 0x00, 0x00, 0x00, 0x00, 0x00, 0x00, 0x00, 0x00, 0x00, 0x00, 0x00,
    0x00, 0x00, 0x00, 0x00, 0x00, 0x00, 0x00, 0x00, 0x00, 0x00, 0x00, 0x00, 0x00, 0x00, 0x00, 0x00, 0x00, 0x00, 0x00, 0x00, 0x00, 0x00, 0x00, 0x00,
    0x00, 0x00, 0x00, 0x00, 0x00, 0x00, 0x00, 0x00, 0x00, 0x00, 0x00, 0x00, 0x00, 0x00, 0x00, 0x00, 0x00, 0x00, 0x00, 0x00, 0x00, 0x00, 0x00, 0x00,
    0x00, 0x00, 0x00, 0x00, 0x00, 0x00, 0x00, 0x00, 0x00, 0x00, 0x00, 0x00, 0x00, 0x00, 0x00, 0x00, 0x00, 0x00, 0x00, 0x00, 0x00, 0x00, 0x00, 0x00,
    0x00, 0x00, 0x00, 0x00, 0x00, 0x00, 0x00, 0x00, 0x00, 0x00, 0x00, 0x00, 0x00, 0x00, 0x00, 0x00, 0x00, 0x00, 0x00, 0x00, 0x00, 0x00, 0x00, 0x00,
    0x00, 0x00, 0x00, 0x00, 0x00, 0x00, 0x00, 0x00, 0x00, 0x00, 0x00, 0x00, 0x00, 0x00, 0x00, 0x00, 0x00, 0x00,
};
const lv_img_dsc_t zh_qingsongbeng = {
    .header.always_zero = 0,
    .header.w = 58,
    .header.h = 23,
    .data_size = 4002,
    .header.cf = LV_IMG_CF_TRUE_COLOR_ALPHA,
    .data = zh_qingsongbeng_map,
};

#ifndef LV_ATTRIBUTE_IMG_ZH_QUALIFIED
#define LV_ATTRIBUTE_IMG_ZH_QUALIFIED
#endif
const LV_ATTRIBUTE_MEM_ALIGN LV_ATTRIBUTE_LARGE_CONST LV_ATTRIBUTE_IMG_ZH_QUALIFIED uint8_t zh_qualified_map[] = {
    0x00, 0x00, 0x00, 0x00, 0x00, 0x00, 0x00, 0x00, 0x00, 0x00, 0x00, 0x00, 0x00, 0x00, 0x00, 0x00, 0x00, 0x00, 0x00, 0x00, 0x00, 0x00, 0x00, 0x00,
    0x00, 0x00, 0x00, 0x00, 0x00, 0x00, 0x00, 0x00, 0x00, 0x00, 0x00, 0x00, 0x00, 0x00, 0x00, 0x00, 0x00, 0x00, 0x00, 0x00, 0x00, 0x00, 0x00, 0x00,
    0x00, 0x00, 0x00, 0x00, 0x00, 0x00, 0x00, 0x00, 0x00, 0x00, 0x00, 0x00, 0x00, 0x00, 0x00, 0x00, 0x00, 0x00, 0x00, 0x00, 0x00, 0x00, 0x00, 0x00,
    0x00, 0x00, 0x00, 0x00, 0x00, 0x00, 0x00, 0x00, 0x00, 0x00, 0x00, 0x00, 0x00, 0x00, 0x00, 0x00, 0x00, 0x00, 0x00, 0x00, 0x00, 0x00, 0x00, 0x00,
    0x00, 0x00, 0x00, 0x00, 0x00, 0x00, 0x00, 0x00, 0x00, 0x00, 0x00, 0x00, 0x00, 0x00, 0x00, 0x00, 0x00, 0x00, 0x00, 0x00, 0x00, 0x00, 0x00, 0x00,
    0x00, 0x00, 0x00, 0x00, 0x00, 0x00, 0x00, 0x00, 0x00, 0x00, 0x00, 0x00, 0x00, 0x00, 0x00, 0x00, 0x00, 0x00, 0x00, 0x00, 0x00, 0x00, 0x00, 0x00,
    0x00, 0x00, 0x00, 0x00, 0x00, 0x00, 0x00, 0x00, 0x00, 0x00, 0x00, 0x00, 0x00, 0x00, 0x00, 0x00, 0x00, 0x00, 0x00, 0x00, 0x00, 0x00, 0x00, 0x00,
    0x00, 0x00, 0x00, 0x00, 0x00, 0x00, 0x00, 0x00, 0x00, 0x00, 0x00, 0x00, 0x00, 0x00, 0x00, 0x00, 0x00, 0x00, 0x00, 0x00, 0x00, 0x00, 0x00, 0x00,
    0x00, 0x00, 0x00, 0x00, 0x00, 0x00, 0x00, 0x00, 0x00, 0x00, 0x00, 0x00, 0x00, 0x00, 0x00, 0x00, 0x00, 0x00, 0x00, 0x00, 0x00, 0x00, 0x00, 0x00,
    0x00, 0x00, 0x00, 0x00, 0x00, 0x00, 0x00, 0x00, 0x00, 0x00, 0x00, 0x00, 0x00, 0x00, 0x00, 0x00, 0x00, 0x00, 0x00, 0x00, 0x00, 0x00, 0x00, 0x00,
    0x00, 0x00, 0x00, 0x00, 0x00, 0x00, 0x00, 0x00, 0x00, 0x00, 0x00, 0x00, 0x00, 0x00, 0x00, 0x00, 0x00, 0x00, 0x00, 0x00, 0x00, 0x00, 0x00, 0x00,
    0x00, 0x00, 0x00, 0x00, 0x00, 0x00, 0x00, 0x00, 0x00, 0x00, 0x00, 0x00, 0x00, 0x00, 0x00, 0x00, 0x00, 0x00, 0x8d, 0x6b, 0x03, 0x8d, 0x6b, 0x02,
    0x00, 0x00, 0x00, 0x00, 0x00, 0x00, 0x00, 0x00, 0x00, 0x00, 0x00, 0x00, 0x00, 0x00, 0x00, 0x00, 0x00, 0x00, 0x00, 0x00, 0x00, 0x00, 0x00, 0x00,
    0x8d, 0x6b, 0x0b, 0x8d, 0x6b, 0x7a, 0x00, 0x00, 0x00, 0x00, 0x00, 0x00, 0x00, 0x00, 0x00, 0x8d, 0x6b, 0x2b, 0x8d, 0x6b, 0x94, 0x00, 0x00, 0x00,
    0x00, 0x00, 0x00, 0x00, 0x00, 0x00, 0x00, 0x00, 0x00, 0x00, 0x00, 0x00, 0x8d, 0x6b, 0xb9, 0x00, 0x00, 0x00, 0x00, 0x00, 0x00, 0x00, 0x00, 0x00,
    0x00, 0x00, 0x00, 0x00, 0x00, 0x00, 0x00, 0x00, 0x00, 0x00, 0x00, 0x00, 0x00, 0x00, 0x00, 0x00, 0x00, 0x00, 0x00, 0x00, 0x00, 0x00, 0x00, 0x00,
    0x8d, 0x6b, 0x6f, 0x8d, 0x6b, 0x65, 0x00, 0x00, 0x00, 0x00, 0x00, 0x00, 0x00, 0x00, 0x00, 0x00, 0x00, 0x00, 0x00, 0x00, 0x00, 0x00, 0x00, 0x00,
    0x00, 0x00, 0x00, 0x00, 0x00, 0x00, 0x00, 0x00, 0x00, 0x8d, 0x6b, 0xa7, 0x8d, 0x6b, 0x39, 0x00, 0x00, 0x00, 0x00, 0x00, 0x00, 0x8d, 0x6b, 0x35,
    0x8d, 0x6b, 0x8b, 0x00, 0x00, 0x00, 0x00, 0x00, 0x00, 0x00, 0x00, 0x00, 0x00, 0x00, 0x00, 0x00, 0x00, 0x00, 0x8d, 0x6b, 0xbf, 0x00, 0x00, 0x00,
    0x8d, 0x6b, 0x3f, 0x8d, 0x6b, 0xb7, 0x8d, 0x6b, 0xb7, 0x8d, 0x6b, 0xb7, 0x8d, 0x6b, 0xb7, 0x00, 0x00, 0x00, 0x8d, 0x6b, 0x35, 0x8d, 0x6b, 0xb3,
    0x8d, 0x6b, 0xb3, 0x8d, 0x6b, 0xb3, 0x8d, 0x6b, 0xea, 0x8d, 0x6b, 0xb8, 0x8d, 0x6b, 0xb3, 0x8d, 0x6b, 0xb3, 0x8d, 0x6b, 0xb3, 0x8d, 0x6b, 0x46,
    0x00, 0x00, 0x00, 0x00, 0x00, 0x00, 0x00, 0x00, 0x00, 0x00, 0x00, 0x00, 0x00, 0x00, 0x00, 0x8d, 0x6b, 0x24, 0x8d, 0x6b, 0x5e, 0x8d, 0x6b, 0x8f,
    0x8d, 0x6b, 0xb7, 0x8d, 0x6b, 0xc8, 0x8d, 0x6b, 0xdd, 0x8d, 0x6b, 0xb7, 0x8d, 0x6b, 0xb7, 0x8d, 0x6b, 0x4a, 0x8d, 0x6b, 0x5a, 0x8d, 0x6b, 0xaf,
    0x8d, 0x6b, 0xeb, 0x8d, 0x6b, 0xaf, 0x8d, 0x6b, 0x0a, 0x00, 0x00, 0x00, 0x00, 0x00, 0x00, 0x00, 0x00, 0x00, 0x00, 0x00, 0x00, 0x00, 0x00, 0x00,
    0x8d, 0x6b, 0x05, 0x8d, 0x6b, 0x96, 0x8d, 0x6b, 0x16, 0x8d, 0x6b, 0x31, 0x8d, 0x6b, 0x90, 0x8d, 0x6b, 0x33, 0x8d, 0x6b, 0x75, 0x8d, 0x6b, 0x30,
    0x8d, 0x6b, 0x81, 0x00, 0x00, 0x00, 0x00, 0x00, 0x00, 0x00, 0x00, 0x00, 0x00, 0x00, 0x00, 0x00, 0x00, 0x00, 0x00, 0x00, 0x00, 0x00, 0x00, 0x00,
    0x00, 0x00, 0x00, 0x00, 0x00, 0x00, 0x00, 0x00, 0x00, 0x8d, 0x6b, 0x78, 0x8d, 0x6b, 0x6b, 0x00, 0x00, 0x00, 0x00, 0x00, 0x00, 0x00, 0x00, 0x00,
    0x00, 0x00, 0x00, 0x8d, 0x6b, 0x4b, 0x8d, 0x6b, 0xc6, 0x00, 0x00, 0x00, 0x00, 0x00, 0x00, 0x00, 0x00, 0x00, 0x00, 0x00, 0x00, 0x00, 0x00, 0x00,
    0x00, 0x00, 0x00, 0x00, 0x00, 0x00, 0x00, 0x00, 0x00, 0x8d, 0x6b, 0x2a, 0x8d, 0x6b, 0x7f, 0x8d, 0x6b, 0x91, 0x8d, 0x6b, 0xbe, 0x8d, 0x6b, 0xc1,
    0x8d, 0x6b, 0x0d, 0x8d, 0x6b, 0x9a, 0x8d, 0x6b, 0x12, 0x00, 0x00, 0x00, 0x00, 0x00, 0x00, 0x00, 0x00, 0x00, 0x00, 0x00, 0x00, 0x00, 0x00, 0x00,
    0x8d, 0x6b, 0x63, 0x8d, 0x6b, 0xc5, 0x8d, 0x6b, 0x9b, 0x00, 0x00, 0x00, 0x00, 0x00, 0x00, 0x8d, 0x6b, 0xbf, 0x8d, 0x6b, 0xc4, 0x8d, 0x6b, 0x27,
    0x00, 0x00, 0x00, 0x00, 0x00, 0x00, 0x00, 0x00, 0x00, 0x8d, 0x6b, 0x92, 0x8d, 0x6b, 0xfa, 0x8d, 0x6b, 0x40, 0x8d, 0x6b, 0x92, 0x8d, 0x6b, 0xb7,
    0x8d, 0x6b, 0xe7, 0x8d, 0x6b, 0xbf, 0x8d, 0x6b, 0xb7, 0x8d, 0x6b, 0x64, 0x00, 0x00, 0x00, 0x8d, 0x6b, 0x0e, 0x8d, 0x6b, 0x82, 0x8d, 0x6b, 0x2f,
    0x8d, 0x6b, 0xa4, 0x8d, 0x6b, 0x4d, 0x8d, 0x6b, 0x6c, 0x8d, 0x6b, 0x89, 0x8d, 0x6b, 0x0c, 0x00, 0x00, 0x00, 0x00, 0x00, 0x00, 0x00, 0x00, 0x00,
    0x00, 0x00, 0x00, 0x00, 0x00, 0x00, 0x00, 0x00, 0x00, 0x8d, 0x6b, 0x23, 0x8d, 0x6b, 0x9b, 0x00, 0x00, 0x00, 0x8d, 0x6b, 0x1c, 0x8d, 0x6b, 0xb0,
    0x8d, 0x6b, 0x1f, 0x8d, 0x6b, 0xcb, 0x8d, 0x6b, 0x15, 0x00, 0x00, 0x00, 0x8d, 0x6b, 0x03, 0x8d, 0x6b, 0xb0, 0x8d, 0x6b, 0xc3, 0x8d, 0x6b, 0xad,
    0x8d, 0x6b, 0x09, 0x8d, 0x6b, 0x0c, 0x8d, 0x6b, 0xa7, 0x8d, 0x6b, 0x1d, 0x8d, 0x6b, 0x0f, 0x00, 0x00, 0x00, 0x8d, 0x6b, 0x35, 0x8d, 0x6b, 0xbf,
    0x8d, 0x6b, 0x40, 0x8d, 0x6b, 0xdd, 0x8d, 0x6b, 0xbe, 0x8d, 0x6b, 0xa9, 0x8d, 0x6b, 0xc7, 0x8d, 0x6b, 0x4f, 0x8d, 0x6b, 0xc0, 0x8d, 0x6b, 0x11,
    0x00, 0x00, 0x00, 0x00, 0x00, 0x00, 0x00, 0x00, 0x00, 0x00, 0x00, 0x00, 0x00, 0x00, 0x00, 0x8d, 0x6b, 0x23, 0x8d, 0x6b, 0x9b, 0x8d, 0x6b, 0x0b,
    0x8d, 0x6b, 0xb9, 0x8d, 0x6b, 0x3c, 0x00, 0x00, 0x00, 0x8d, 0x6b, 0x46, 0x8d, 0x6b, 0xb1, 0x00, 0x00, 0x00, 0x8d, 0x6b, 0x6b, 0x8d, 0x6b, 0x65,
    0x8d, 0x6b, 0xbf, 0x8d, 0x6b, 0x0a, 0x8d, 0x6b, 0x53, 0x8d, 0x6b, 0x68, 0x8d, 0x6b, 0xa7, 0x8d, 0x6b, 0x2b, 0x8d, 0x6b, 0xac, 0x00, 0x00, 0x00,
    0x8d, 0x6b, 0x04, 0x8d, 0x6b, 0x03, 0x00, 0x00, 0x00, 0x8d, 0x6b, 0x02, 0x8d, 0x6b, 0x5f, 0x8d, 0x6b, 0x5c, 0x8d, 0x6b, 0x11, 0x00, 0x00, 0x00,
    0x8d, 0x6b, 0x16, 0x00, 0x00, 0x00, 0x00, 0x00, 0x00, 0x00, 0x00, 0x00, 0x00, 0x00, 0x00, 0x00, 0x00, 0x00, 0x00, 0x00, 0x00, 0x8d, 0x6b, 0x2f,
    0x8d, 0x6b, 0xa1, 0x8d, 0x6b, 0x92, 0x8d, 0x6b, 0x48, 0x00, 0x00, 0x00, 0x00, 0x00, 0x00, 0x00, 0x00, 0x00, 0x8d, 0x6b, 0x8c, 0x8d, 0x6b, 0x28,
    0x8d, 0x6b, 0x5c, 0x8d, 0x6b, 0x03, 0x8d, 0x6b, 0xbf, 0x00, 0x00, 0x00, 0x8d, 0x6b, 0xaf, 0x8d, 0x6b, 0x14, 0x8d, 0x6b, 0xa7, 0x8d, 0x6b, 0x1b,
    0x8d, 0x6b, 0x9c, 0x8d, 0x6b, 0x22, 0x8d, 0x6b, 0x59, 0x8d, 0x6b, 0xb3, 0x8d, 0x6b, 0xb3, 0x8d, 0x6b, 0xb3, 0x8d, 0x6b, 0xd2, 0x8d, 0x6b, 0xd1,
    0x8d, 0x6b, 0xb3, 0x8d, 0x6b, 0xb3, 0x8d, 0x6b, 0xb3, 0x8d, 0x6b, 0x57, 0x00, 0x00, 0x00, 0x00, 0x00, 0x00, 0x00, 0x00, 0x00, 0x00, 0x00, 0x00,
    0x8d, 0x6b, 0x25, 0x8d, 0x6b, 0xc8, 0x8d, 0x6b, 0xa0, 0x8d, 0x6b, 0x86, 0x8d, 0x6b, 0x22, 0x8d, 0x6b, 0x07, 0x8d, 0x6b, 0x03, 0x8d, 0x6b, 0x0a,
    0x8d, 0x6b, 0x1a, 0x8d, 0x6b, 0x1a, 0x00, 0x00, 0x00, 0x00, 0x00, 0x00, 0x8d, 0x6b, 0xbf, 0x8d, 0x6b, 0x2a, 0x8d, 0x6b, 0x89, 0x00, 0x00, 0x00,
    0x8d, 0x6b, 0xa7, 0x8d, 0x6b, 0x1b, 0x8d, 0x6b, 0x4c, 0x8d, 0x6b, 0x6a, 0x00, 0x00, 0x00, 0x00, 0x00, 0x00, 0x00, 0x00, 0x00, 0x00, 0x00, 0x00,
    0x8d, 0x6b, 0x67, 0x8d, 0x6b, 0x63, 0x00, 0x00, 0x00, 0x00, 0x00, 0x00, 0x00, 0x00, 0x00, 0x00, 0x00, 0x00, 0x00, 0x00, 0x00, 0x00, 0x00, 0x00,
    0x00, 0x00, 0x00, 0x00, 0x00, 0x00, 0x8d, 0x6b, 0x59, 0x8d, 0x6b, 0x2a, 0x00, 0x00, 0x00, 0x8d, 0x6b, 0x3e, 0x8d, 0x6b, 0x94, 0x8d, 0x6b, 0xab,
    0x8d, 0x6b, 0xb1, 0x8d, 0x6b, 0xac, 0x8d, 0x6b, 0xa5, 0x8d, 0x6b, 0x4b, 0x00, 0x00, 0x00, 0x00, 0x00, 0x00, 0x8d, 0x6b, 0xbf, 0x00, 0x00, 0x00,
    0x8d, 0x6b, 0x01, 0x8d, 0x6b, 0x9f, 0x8d, 0x6b, 0xd1, 0x8d, 0x6b, 0x0b, 0x8d, 0x6b, 0x02, 0x00, 0x00, 0x00, 0x00, 0x00, 0x00, 0x00, 0x00, 0x00,
    0x00, 0x00, 0x00, 0x00, 0x00, 0x00, 0x8d, 0x6b, 0x67, 0x8d, 0x6b, 0x63, 0x00, 0x00, 0x00, 0x00, 0x00, 0x00, 0x00, 0x00, 0x00, 0x00, 0x00, 0x00,
    0x00, 0x00, 0x00, 0x00, 0x00, 0x00, 0x00, 0x00, 0x00, 0x00, 0x00, 0x00, 0x00, 0x00, 0x00, 0x00, 0x00, 0x00, 0x00, 0x00, 0x00, 0x00, 0x00, 0x00,
    0x00, 0x00, 0x00, 0x00, 0x00, 0x00, 0x00, 0x00, 0x00, 0x00, 0x00, 0x00, 0x00, 0x00, 0x00, 0x00, 0x00, 0x00, 0x00, 0x00, 0x00, 0x00, 0x00, 0x00,
    0x8d, 0x6b, 0x08, 0x00, 0x00, 0x00, 0x00, 0x00, 0x00, 0x00, 0x00, 0x00, 0x00, 0x00, 0x00, 0x00, 0x00, 0x00, 0x00, 0x00, 0x00, 0x00, 0x00, 0x00,
    0x00, 0x00, 0x00, 0x00, 0x00, 0x00, 0x00, 0x00, 0x00, 0x00, 0x00, 0x00, 0x8d, 0x6b, 0x06, 0x8d, 0x6b, 0x06, 0x00, 0x00, 0x00, 0x00, 0x00, 0x00,
    0x00, 0x00, 0x00, 0x00, 0x00, 0x00, 0x00, 0x00, 0x00, 0x00, 0x00, 0x00, 0x00, 0x00, 0x00, 0x00, 0x00, 0x00, 0x00, 0x00, 0x00, 0x00, 0x00, 0x00,
    0x00, 0x00, 0x00, 0x00, 0x00, 0x00, 0x00, 0x00, 0x00, 0x00, 0x00, 0x00, 0x00, 0x00, 0x00, 0x00, 0x00, 0x00, 0x00, 0x00, 0x00, 0x00, 0x00, 0x00,
    0x00, 0x00, 0x00, 0x00, 0x00, 0x00, 0x00, 0x00, 0x00, 0x00, 0x00, 0x00, 0x00, 0x00, 0x00, 0x00, 0x00, 0x00, 0x00, 0x00, 0x00, 0x00, 0x00, 0x00,
    0x00, 0x00, 0x00, 0x00, 0x00, 0x00, 0x00, 0x00, 0x00, 0x00, 0x00, 0x00, 0x00, 0x00, 0x00, 0x00, 0x00, 0x00, 0x00, 0x00, 0x00, 0x00, 0x00, 0x00,
    0x00, 0x00, 0x00, 0x00, 0x00, 0x00, 0x00, 0x00, 0x00, 0x00, 0x00, 0x00, 0x00, 0x00, 0x00, 0x00, 0x00, 0x00, 0x00, 0x00, 0x00, 0x00, 0x00, 0x00,
    0x00, 0x00, 0x00, 0x00, 0x00, 0x00, 0x00, 0x00, 0x00, 0x00, 0x00, 0x00, 0x00, 0x00, 0x00, 0x00, 0x00, 0x00, 0x00, 0x00, 0x00, 0x00, 0x00, 0x00,
    0x00, 0x00, 0x00, 0x00, 0x00, 0x00, 0x00, 0x00, 0x00, 0x00, 0x00, 0x00, 0x00, 0x00, 0x00, 0x00, 0x00, 0x00, 0x00, 0x00, 0x00, 0x00, 0x00, 0x00,
    0x00, 0x00, 0x00, 0x00, 0x00, 0x00, 0x00, 0x00, 0x00, 0x00, 0x00, 0x00, 0x00, 0x00, 0x00, 0x00, 0x00, 0x00, 0x00, 0x00, 0x00, 0x00, 0x00, 0x00,
    0x00, 0x00, 0x00, 0x00, 0x00, 0x00, 0x00, 0x00, 0x00, 0x00, 0x00, 0x00, 0x00, 0x00, 0x00, 0x00, 0x00, 0x00, 0x00, 0x00, 0x00, 0x00, 0x00, 0x00,
};
const lv_img_dsc_t zh_qualified = {
    .header.always_zero = 0,
    .header.w = 34,
    .header.h = 16,
    .data_size = 1632,
    .header.cf = LV_IMG_CF_TRUE_COLOR_ALPHA,
    .data = zh_qualified_map,
};

#ifndef LV_ATTRIBUTE_IMG_ZH_RECORD
#define LV_ATTRIBUTE_IMG_ZH_RECORD
#endif
const LV_ATTRIBUTE_MEM_ALIGN LV_ATTRIBUTE_LARGE_CONST LV_ATTRIBUTE_IMG_ZH_RECORD uint8_t zh_record_map[] = {
    0x00, 0x00, 0x00, 0x00, 0x00, 0x00, 0x00, 0x00, 0x00, 0x00, 0x00, 0x00, 0x00, 0x00, 0x00, 0x00, 0x00, 0x00, 0x00, 0x00, 0x00, 0x00, 0x00, 0x00,
    0x00, 0x00, 0x00, 0x00, 0x00, 0x00, 0x00, 0x00, 0x00, 0x00, 0x00, 0x00, 0x00, 0x00, 0x00, 0x00, 0x00, 0x00, 0x00, 0x00, 0x00, 0x00, 0x00, 0x00,
    0x00, 0x00, 0x00, 0x00, 0x00, 0x00, 0x00, 0x00, 0x00, 0x00, 0x00, 0x00, 0x00, 0x00, 0x00, 0x00, 0x00, 0x00, 0x00, 0x00, 0x00, 0x00, 0x00, 0x00,
    0x00, 0x00, 0x00, 0x00, 0x00, 0x00, 0x00, 0x00, 0x00, 0x00, 0x00, 0x00, 0x00, 0x00, 0x00, 0x00, 0x00, 0x00, 0x00, 0x00, 0x00, 0x00, 0x00, 0x00,
    0x00, 0x00, 0x00, 0x00, 0x00, 0x00, 0x00, 0x00, 0x00, 0x00, 0x00, 0x00, 0x00, 0x00, 0x00, 0x00, 0x00, 0x00, 0x00, 0x00, 0x00, 0x00, 0x00, 0x00,
    0x00, 0x00, 0x00, 0x00, 0x00, 0x00, 0x00, 0x00, 0x00, 0x00, 0x00, 0x00, 0x00, 0x00, 0x00, 0x00, 0x00, 0x00, 0x00, 0x00, 0x00, 0x00, 0x00, 0x00,
    0x00, 0x00, 0x00, 0x00, 0x00, 0x00, 0x00, 0x00, 0x00, 0x00, 0x00, 0x00, 0x00, 0x00, 0x00, 0x00, 0x00, 0x00, 0x00, 0x00, 0x00, 0x00, 0x00, 0x00,
    0x00, 0x00, 0x00, 0x00, 0x00, 0x00, 0x00, 0x00, 0x00, 0x00, 0x00, 0x00, 0x00, 0x00, 0x00, 0x00, 0x00, 0x00, 0x00, 0x00, 0x00, 0x00, 0x00, 0x00,
    0x00, 0x00, 0x00, 0x00, 0x00, 0x00, 0x00, 0x00, 0x00, 0x00, 0x00, 0x00, 0x00, 0x00, 0x00, 0x00, 0x00, 0x00, 0x00, 0x00, 0x00, 0x00, 0x00, 0x00,
    0x00, 0x00, 0x00, 0x00, 0x00, 0x00, 0x00, 0x00, 0x00, 0x00, 0x00, 0x00, 0x00, 0x00, 0x00, 0x00, 0x00, 0x00, 0x00, 0x00, 0x00, 0x00, 0x00, 0x00,
    0x00, 0x00, 0x00, 0x00, 0x00, 0x00, 0x00, 0x00, 0x00, 0x00, 0x00, 0x00, 0x00, 0x00, 0x00, 0x00, 0x00, 0x00, 0x00, 0x00, 0x00, 0x00, 0x00, 0x00,
    0x00, 0x00, 0x00, 0x00, 0x00, 0x00, 0x00, 0x00, 0x00, 0x00, 0x00, 0x00, 0x00, 0x00, 0x00, 0x00, 0x00, 0x00, 0x00, 0x00, 0x00, 0x00, 0x00, 0x00,
    0x00, 0x00, 0x00, 0x00, 0x00, 0x00, 0x00, 0x00, 0x00, 0x00, 0x00, 0x00, 0x00, 0x00, 0x00, 0x00, 0x00, 0x00, 0x00, 0x00, 0x00, 0x00, 0x00, 0x00,
    0x00, 0x00, 0x00, 0x00, 0x00, 0x00, 0x00, 0x00, 0x00, 0x00, 0x00, 0x00, 0x00, 0x00, 0x00, 0x00, 0x00, 0x00, 0x00, 0x00, 0x00, 0x00, 0x00, 0x00,
    0x00, 0x00, 0x00, 0x00, 0x00, 0x00, 0x00, 0x00, 0x00, 0x00, 0x00, 0x00, 0x00, 0x00, 0x00, 0x00, 0x00, 0x00, 0x00, 0x00, 0x00, 0x00, 0x00, 0x00,
    0x00, 0x00, 0x00, 0x00, 0x00, 0x00, 0x00, 0x00, 0x00, 0x00, 0x00, 0x00, 0x00, 0x00, 0x00, 0x00, 0x00, 0x00, 0x00, 0x00, 0x00, 0x00, 0x00, 0x00,
    0x00, 0x00, 0x00, 0x00, 0x00, 0x00, 0x00, 0x00, 0x00, 0x00, 0x00, 0x00, 0x00, 0x00, 0x00, 0x00, 0x00, 0x00, 0x00, 0x00, 0x00, 0x00, 0x00, 0x00,
    0x00, 0x00, 0x00, 0x00, 0x00, 0x00, 0x24, 0x21, 0x0a, 0x00, 0x00, 0x00, 0x00, 0x00, 0x00, 0x00, 0x00, 0x00, 0x00, 0x00, 0x00, 0x24, 0x21, 0x09,
    0x24, 0x21, 0x05, 0x00, 0x00, 0x00, 0x00, 0x00, 0x00, 0x00, 0x00, 0x00, 0x00, 0x00, 0x00, 0x00, 0x00, 0x00, 0x00, 0x00, 0x00, 0x00, 0x00, 0x00,
    0x00, 0x00, 0x00, 0x00, 0x00, 0x00, 0x00, 0x00, 0x00, 0x00, 0x00, 0x00, 0x00, 0x00, 0x00, 0x00, 0x00, 0x00, 0x00, 0x00, 0x00, 0x00, 0x00, 0x00,
    0x00, 0x00, 0x00, 0x00, 0x00, 0x00, 0x00, 0x00, 0x00, 0x00, 0x00, 0x00, 0x00, 0x00, 0x00, 0x00, 0x00, 0x00, 0x00, 0x00, 0x00, 0x00, 0x00, 0x00,
    0x00, 0x00, 0x00, 0x00, 0x00, 0x00, 0x00, 0x00, 0x00, 0x00, 0x00, 0x00, 0x00, 0x00, 0x00, 0x00, 0x00, 0x00, 0x00, 0x00, 0x00, 0x00, 0x00, 0x00,
    0x00, 0x00, 0x00, 0x00, 0x00, 0x00, 0x00, 0x00, 0x00, 0x00, 0x00, 0x00, 0x00, 0x00, 0x00, 0x00, 0x00, 0x00, 0x00, 0x00, 0x00, 0x24, 0x21, 0x56,
    0x24, 0x21, 0x8f, 0x24, 0x21, 0x04, 0x00, 0x00, 0x00, 0x24, 0x21, 0x26, 0x24, 0x21, 0x9b, 0x24, 0x21, 0x44, 0x00, 0x00, 0x00, 0x00, 0x00, 0x00,
    0x00, 0x00, 0x00, 0x24, 0x21, 0x65, 0x24, 0x21, 0xb3, 0x24, 0x21, 0x16, 0x00, 0x00, 0x00, 0x00, 0x00, 0x00, 0x24, 0x21, 0xc1, 0x24, 0x21, 0xa4,
    0x00, 0x00, 0x00, 0x00, 0x00, 0x00, 0x00, 0x00, 0x00, 0x24, 0x21, 0x7c, 0x24, 0x21, 0xfc, 0x24, 0x21, 0x27, 0x00, 0x00, 0x00, 0x00, 0x00, 0x00,
    0x00, 0x00, 0x00, 0x00, 0x00, 0x00, 0x00, 0x00, 0x00, 0x24, 0x21, 0x06, 0x24, 0x21, 0x84, 0x24, 0x21, 0x0f, 0x00, 0x00, 0x00, 0x00, 0x00, 0x00,
    0x00, 0x00, 0x00, 0x00, 0x00, 0x00, 0x00, 0x00, 0x00, 0x00, 0x00, 0x00, 0x00, 0x00, 0x00, 0x00, 0x00, 0x00, 0x00, 0x00, 0x00, 0x00, 0x00, 0x00,
    0x00, 0x00, 0x00, 0x24, 0x21, 0x2a, 0x24, 0x21, 0x87, 0x24, 0x21, 0x87, 0x24, 0x21, 0x87, 0x24, 0x21, 0x87, 0x24, 0x21, 0x87, 0x24, 0x21, 0x87,
    0x24, 0x21, 0x87, 0x24, 0x21, 0x87, 0x24, 0x21, 0x8e, 0x24, 0x21, 0x64, 0x00, 0x00, 0x00, 0x00, 0x00, 0x00, 0x00, 0x00, 0x00, 0x00, 0x00, 0x00,
    0x00, 0x00, 0x00, 0x00, 0x00, 0x00, 0x00, 0x00, 0x00, 0x24, 0x21, 0x9e, 0x24, 0x21, 0xff, 0x24, 0x21, 0xbc, 0x24, 0x21, 0x0c, 0x24, 0x21, 0x3f,
    0x24, 0x21, 0xff, 0x24, 0x21, 0x6f, 0x24, 0x21, 0x4f, 0x24, 0x21, 0xdb, 0x24, 0x21, 0x29, 0x24, 0x21, 0x8f, 0x24, 0x21, 0xff, 0x24, 0x21, 0x1f,
    0x00, 0x00, 0x00, 0x24, 0x21, 0x11, 0x24, 0x21, 0xfc, 0x24, 0x21, 0x94, 0x00, 0x00, 0x00, 0x24, 0x21, 0x70, 0x24, 0x21, 0x87, 0x24, 0x21, 0xd1,
    0x24, 0x21, 0xff, 0x24, 0x21, 0x8a, 0x24, 0x21, 0x87, 0x24, 0x21, 0x87, 0x24, 0x21, 0x87, 0x24, 0x21, 0x0c, 0x00, 0x00, 0x00, 0x24, 0x21, 0x4f,
    0x24, 0x21, 0xff, 0x24, 0x21, 0xcd, 0x24, 0x21, 0x11, 0x24, 0x21, 0x37, 0x24, 0x21, 0xff, 0x24, 0x21, 0xff, 0x24, 0x21, 0xff, 0x24, 0x21, 0xff,
    0x24, 0x21, 0xff, 0x24, 0x21, 0xff, 0x24, 0x21, 0xc3, 0x00, 0x00, 0x00, 0x00, 0x00, 0x00, 0x24, 0x21, 0x4f, 0x24, 0x21, 0xff, 0x24, 0x21, 0xff,
    0x24, 0x21, 0xff, 0x24, 0x21, 0xff, 0x24, 0x21, 0xff, 0x24, 0x21, 0xff, 0x24, 0x21, 0xff, 0x24, 0x21, 0xff, 0x24, 0x21, 0xff, 0x24, 0x21, 0xb6,
    0x00, 0x00, 0x00, 0x00, 0x00, 0x00, 0x00, 0x00, 0x00, 0x00, 0x00, 0x00, 0x00, 0x00, 0x00, 0x00, 0x00, 0x00, 0x00, 0x00, 0x00, 0x00, 0x00, 0x00,
    0x24, 0x21, 0x89, 0x24, 0x21, 0xff, 0x24, 0x21, 0x60, 0x24, 0x21, 0x3f, 0x24, 0x21, 0xff, 0x24, 0x21, 0x6f, 0x24, 0x21, 0x5b, 0x24, 0x21, 0xff,
    0x24, 0x21, 0x2f, 0x24, 0x21, 0x8f, 0x24, 0x21, 0xff, 0x24, 0x21, 0x1f, 0x00, 0x00, 0x00, 0x24, 0x21, 0x5d, 0x24, 0x21, 0xfe, 0x24, 0x21, 0x27,
    0x00, 0x00, 0x00, 0x24, 0x21, 0xd3, 0x24, 0x21, 0xff, 0x24, 0x21, 0xff, 0x24, 0x21, 0xff, 0x24, 0x21, 0xff, 0x24, 0x21, 0xff, 0x24, 0x21, 0xff,
    0x24, 0x21, 0xff, 0x24, 0x21, 0x17, 0x00, 0x00, 0x00, 0x00, 0x00, 0x00, 0x24, 0x21, 0x74, 0x24, 0x21, 0xff, 0x24, 0x21, 0xb2, 0x24, 0x21, 0x25,
    0x24, 0x21, 0xab, 0x24, 0x21, 0xab, 0x24, 0x21, 0xab, 0x24, 0x21, 0xab, 0x24, 0x21, 0xab, 0x24, 0x21, 0xf9, 0x24, 0x21, 0xc3, 0x00, 0x00, 0x00,
    0x00, 0x00, 0x00, 0x00, 0x00, 0x00, 0x00, 0x00, 0x00, 0x00, 0x00, 0x00, 0x00, 0x00, 0x00, 0x00, 0x00, 0x00, 0x00, 0x00, 0x00, 0x00, 0x00, 0x00,
    0x00, 0x00, 0x00, 0x24, 0x21, 0x24, 0x24, 0x21, 0xff, 0x24, 0x21, 0xad, 0x00, 0x00, 0x00, 0x00, 0x00, 0x00, 0x00, 0x00, 0x00, 0x00, 0x00, 0x00,
    0x00, 0x00, 0x00, 0x00, 0x00, 0x00, 0x00, 0x00, 0x00, 0x00, 0x00, 0x00, 0x00, 0x00, 0x00, 0x24, 0x21, 0x4e, 0x00, 0x00, 0x00, 0x24, 0x21, 0x3f,
    0x24, 0x21, 0xff, 0x24, 0x21, 0x6f, 0x24, 0x21, 0x5b, 0x24, 0x21, 0xff, 0x24, 0x21, 0x2f, 0x24, 0x21, 0x8f, 0x24, 0x21, 0xff, 0x24, 0x21, 0x1f,
    0x00, 0x00, 0x00, 0x24, 0x21, 0xc4, 0x24, 0x21, 0xb5, 0x24, 0x21, 0x57, 0x24, 0x21, 0x74, 0x24, 0x21, 0x04, 0x24, 0x21, 0x1d, 0x24, 0x21, 0xff,
    0x24, 0x21, 0x75, 0x00, 0x00, 0x00, 0x00, 0x00, 0x00, 0x00, 0x00, 0x00, 0x00, 0x00, 0x00, 0x00, 0x00, 0x00, 0x00, 0x00, 0x00, 0x00, 0x00, 0x00,
    0x00, 0x00, 0x00, 0x24, 0x21, 0x92, 0x24, 0x21, 0x2f, 0x00, 0x00, 0x00, 0x00, 0x00, 0x00, 0x00, 0x00, 0x00, 0x00, 0x00, 0x00, 0x00, 0x00, 0x00,
    0x00, 0x00, 0x00, 0x24, 0x21, 0xeb, 0x24, 0x21, 0xc3, 0x00, 0x00, 0x00, 0x00, 0x00, 0x00, 0x00, 0x00, 0x00, 0x24, 0x21, 0xd7, 0x24, 0x21, 0xff,
    0x24, 0x21, 0xff, 0x24, 0x21, 0xff, 0x24, 0x21, 0xff, 0x24, 0x21, 0xff, 0x24, 0x21, 0xff, 0x24, 0x21, 0xff, 0x24, 0x21, 0xff, 0x24, 0x21, 0x9f,
    0x00, 0x00, 0x00, 0x00, 0x00, 0x00, 0x00, 0x00, 0x00, 0x00, 0x00, 0x00, 0x00, 0x00, 0x00, 0x00, 0x00, 0x00, 0x24, 0x21, 0x57, 0x24, 0x21, 0x9b,
    0x24, 0x21, 0x9b, 0x24, 0x21, 0x6b, 0x00, 0x00, 0x00, 0x24, 0x21, 0x3f, 0x24, 0x21, 0xff, 0x24, 0x21, 0x6f, 0x24, 0x21, 0x5b, 0x24, 0x21, 0xff,
    0x24, 0x21, 0x2f, 0x24, 0x21, 0x8f, 0x24, 0x21, 0xff, 0x24, 0x21, 0x1f, 0x24, 0x21, 0x5e, 0x24, 0x21, 0xff, 0x24, 0x21, 0x94, 0x24, 0x21, 0xd5,
    0x24, 0x21, 0xd7, 0x24, 0x21, 0x55, 0x24, 0x21, 0xa6, 0x24, 0x21, 0xff, 0x24, 0x21, 0xad, 0x24, 0x21, 0x87, 0x24, 0x21, 0x26, 0x00, 0x00, 0x00,
    0x00, 0x00, 0x00, 0x00, 0x00, 0x00, 0x24, 0x21, 0x49, 0x24, 0x21, 0x9b, 0x24, 0x21, 0x9b, 0x24, 0x21, 0x9b, 0x24, 0x21, 0x24, 0x00, 0x00, 0x00,
    0x00, 0x00, 0x00, 0x00, 0x00, 0x00, 0x00, 0x00, 0x00, 0x00, 0x00, 0x00, 0x00, 0x00, 0x00, 0x24, 0x21, 0xeb, 0x24, 0x21, 0xc3, 0x00, 0x00, 0x00,
    0x00, 0x00, 0x00, 0x00, 0x00, 0x00, 0x24, 0x21, 0x6b, 0x24, 0x21, 0x7f, 0x24, 0x21, 0x7f, 0x24, 0x21, 0x7f, 0x24, 0x21, 0x7f, 0x24, 0x21, 0x7f,
    0x24, 0x21, 0x7f, 0x24, 0x21, 0xa0, 0x24, 0x21, 0xff, 0x24, 0x21, 0x8f, 0x00, 0x00, 0x00, 0x00, 0x00, 0x00, 0x00, 0x00, 0x00, 0x00, 0x00, 0x00,
    0x00, 0x00, 0x00, 0x00, 0x00, 0x00, 0x24, 0x21, 0x8f, 0x24, 0x21, 0xff, 0x24, 0x21, 0xff, 0x24, 0x21, 0xaf, 0x00, 0x00, 0x00, 0x24, 0x21, 0x41,
    0x24, 0x21, 0xff, 0x24, 0x21, 0x6d, 0x24, 0x21, 0x5b, 0x24, 0x21, 0xff, 0x24, 0x21, 0x2f, 0x24, 0x21, 0x8f, 0x24, 0x21, 0xff, 0x24, 0x21, 0x1f,
    0x24, 0x21, 0x71, 0x24, 0x21, 0xff, 0x24, 0x21, 0xff, 0x24, 0x21, 0xff, 0x24, 0x21, 0x49, 0x24, 0x21, 0x97, 0x24, 0x21, 0xff, 0x24, 0x21, 0xff,
    0x24, 0x21, 0xff, 0x24, 0x21, 0xff, 0x24, 0x21, 0x47, 0x00, 0x00, 0x00, 0x00, 0x00, 0x00, 0x00, 0x00, 0x00, 0x24, 0x21, 0x77, 0x24, 0x21, 0xff,
    0x24, 0x21, 0xff, 0x24, 0x21, 0xff, 0x24, 0x21, 0x3b, 0x00, 0x00, 0x00, 0x00, 0x00, 0x00, 0x00, 0x00, 0x00, 0x00, 0x00, 0x00, 0x00, 0x00, 0x00,
    0x00, 0x00, 0x00, 0x24, 0x21, 0xeb, 0x24, 0x21, 0xc3, 0x00, 0x00, 0x00, 0x24, 0x21, 0x12, 0x24, 0x21, 0x73, 0x24, 0x21, 0x73, 0x24, 0x21, 0x73,
    0x24, 0x21, 0x73, 0x24, 0x21, 0x73, 0x24, 0x21, 0x73, 0x24, 0x21, 0x73, 0x24, 0x21, 0x73, 0x24, 0x21, 0x9a, 0x24, 0x21, 0xff, 0x24, 0x21, 0xbc,
    0x24, 0x21, 0x73, 0x24, 0x21, 0x17, 0x00, 0x00, 0x00, 0x00, 0x00, 0x00, 0x00, 0x00, 0x00, 0x00, 0x00, 0x00, 0x00, 0x00, 0x00, 0x00, 0x00, 0x00,
    0x24, 0x21, 0xeb, 0x24, 0x21, 0xaf, 0x00, 0x00, 0x00, 0x24, 0x21, 0x49, 0x24, 0x21, 0xff, 0x24, 0x21, 0x5f, 0x24, 0x21, 0x5b, 0x24, 0x21, 0xff,
    0x24, 0x21, 0x2f, 0x24, 0x21, 0x8f, 0x24, 0x21, 0xff, 0x24, 0x21, 0x1f, 0x24, 0x21, 0x12, 0x24, 0x21, 0x31, 0x24, 0x21, 0xe4, 0x24, 0x21, 0xb8,
    0x00, 0x00, 0x00, 0x24, 0x21, 0x15, 0x24, 0x21, 0xf4, 0x24, 0x21, 0x83, 0x24, 0x21, 0x57, 0x24, 0x21, 0xff, 0x24, 0x21, 0x47, 0x00, 0x00, 0x00,
    0x00, 0x00, 0x00, 0x00, 0x00, 0x00, 0x00, 0x00, 0x00, 0x00, 0x00, 0x00, 0x24, 0x21, 0x6f, 0x24, 0x21, 0xff, 0x24, 0x21, 0x3b, 0x00, 0x00, 0x00,
    0x24, 0x21, 0xeb, 0x24, 0x21, 0xff, 0x24, 0x21, 0xff, 0x24, 0x21, 0xff, 0x24, 0x21, 0xff, 0x24, 0x21, 0xff, 0x24, 0x21, 0xc3, 0x00, 0x00, 0x00,
    0x24, 0x21, 0x27, 0x24, 0x21, 0xff, 0x24, 0x21, 0xff, 0x24, 0x21, 0xff, 0x24, 0x21, 0xff, 0x24, 0x21, 0xff, 0x24, 0x21, 0xff, 0x24, 0x21, 0xff,
    0x24, 0x21, 0xff, 0x24, 0x21, 0xff, 0x24, 0x21, 0xff, 0x24, 0x21, 0xff, 0x24, 0x21, 0xff, 0x24, 0x21, 0x33, 0x00, 0x00, 0x00, 0x00, 0x00, 0x00,
    0x00, 0x00, 0x00, 0x00, 0x00, 0x00, 0x00, 0x00, 0x00, 0x00, 0x00, 0x00, 0x24, 0x21, 0xeb, 0x24, 0x21, 0xaf, 0x00, 0x00, 0x00, 0x24, 0x21, 0x52,
    0x24, 0x21, 0xff, 0x24, 0x21, 0x51, 0x24, 0x21, 0x5b, 0x24, 0x21, 0xff, 0x24, 0x21, 0x2f, 0x24, 0x21, 0x8f, 0x24, 0x21, 0xff, 0x24, 0x21, 0x1f,
    0x00, 0x00, 0x00, 0x24, 0x21, 0x8c, 0x24, 0x21, 0xff, 0x24, 0x21, 0x80, 0x24, 0x21, 0x7a, 0x24, 0x21, 0x8c, 0x24, 0x21, 0xff, 0x24, 0x21, 0xff,
    0x24, 0x21, 0xff, 0x24, 0x21, 0xff, 0x24, 0x21, 0xff, 0x24, 0x21, 0xff, 0x24, 0x21, 0xe3, 0x00, 0x00, 0x00, 0x00, 0x00, 0x00, 0x00, 0x00, 0x00,
    0x24, 0x21, 0x6f, 0x24, 0x21, 0xff, 0x24, 0x21, 0x3b, 0x00, 0x00, 0x00, 0x24, 0x21, 0xeb, 0x24, 0x21, 0xec, 0x24, 0x21, 0x97, 0x24, 0x21, 0x97,
    0x24, 0x21, 0x97, 0x24, 0x21, 0xf7, 0x24, 0x21, 0xc3, 0x00, 0x00, 0x00, 0x00, 0x00, 0x00, 0x24, 0x21, 0x04, 0x24, 0x21, 0xa0, 0x24, 0x21, 0x70,
    0x24, 0x21, 0x03, 0x00, 0x00, 0x00, 0x24, 0x21, 0xeb, 0x24, 0x21, 0xe9, 0x24, 0x21, 0x0b, 0x00, 0x00, 0x00, 0x24, 0x21, 0x79, 0x24, 0x21, 0xb6,
    0x24, 0x21, 0x10, 0x00, 0x00, 0x00, 0x00, 0x00, 0x00, 0x00, 0x00, 0x00, 0x00, 0x00, 0x00, 0x00, 0x00, 0x00, 0x00, 0x00, 0x00, 0x00, 0x00, 0x00,
    0x24, 0x21, 0xeb, 0x24, 0x21, 0xaf, 0x00, 0x00, 0x00, 0x24, 0x21, 0x6a, 0x24, 0x21, 0xff, 0x24, 0x21, 0x43, 0x24, 0x21, 0x5b, 0x24, 0x21, 0xff,
    0x24, 0x21, 0x2f, 0x24, 0x21, 0x8f, 0x24, 0x21, 0xff, 0x24, 0x21, 0x1f, 0x24, 0x21, 0x54, 0x24, 0x21, 0xfe, 0x24, 0x21, 0xff, 0x24, 0x21, 0xff,
    0x24, 0x21, 0xe1, 0x24, 0x21, 0x3e, 0x24, 0x21, 0x95, 0x24, 0x21, 0x84, 0x24, 0x21, 0xae, 0x24, 0x21, 0xff, 0x24, 0x21, 0xa6, 0x24, 0x21, 0x83,
    0x24, 0x21, 0x75, 0x00, 0x00, 0x00, 0x00, 0x00, 0x00, 0x00, 0x00, 0x00, 0x24, 0x21, 0x6f, 0x24, 0x21, 0xff, 0x24, 0x21, 0x3b, 0x00, 0x00, 0x00,
    0x24, 0x21, 0xeb, 0x24, 0x21, 0xcf, 0x00, 0x00, 0x00, 0x00, 0x00, 0x00, 0x00, 0x00, 0x00, 0x24, 0x21, 0x46, 0x24, 0x21, 0x3a, 0x00, 0x00, 0x00,
    0x00, 0x00, 0x00, 0x24, 0x21, 0x1c, 0x24, 0x21, 0xcc, 0x24, 0x21, 0xff, 0x24, 0x21, 0xbc, 0x24, 0x21, 0x12, 0x24, 0x21, 0xeb, 0x24, 0x21, 0xff,
    0x24, 0x21, 0x8f, 0x24, 0x21, 0x8c, 0x24, 0x21, 0xff, 0x24, 0x21, 0xdc, 0x24, 0x21, 0x2b, 0x00, 0x00, 0x00, 0x00, 0x00, 0x00, 0x00, 0x00, 0x00,
    0x00, 0x00, 0x00, 0x00, 0x00, 0x00, 0x00, 0x00, 0x00, 0x00, 0x00, 0x00, 0x24, 0x21, 0xeb, 0x24, 0x21, 0xb8, 0x24, 0x21, 0x91, 0x24, 0x21, 0x93,
    0x24, 0x21, 0xff, 0x24, 0x21, 0x36, 0x24, 0x21, 0x5b, 0x24, 0x21, 0xff, 0x24, 0x21, 0x2f, 0x24, 0x21, 0x8f, 0x24, 0x21, 0xff, 0x24, 0x21, 0x1f,
    0x24, 0x21, 0x39, 0x24, 0x21, 0xd3, 0x24, 0x21, 0x85, 0x24, 0x21, 0x43, 0x24, 0x21, 0x0a, 0x00, 0x00, 0x00, 0x24, 0x21, 0xa1, 0x24, 0x21, 0x65,
    0x24, 0x21, 0x57, 0x24, 0x21, 0xff, 0x24, 0x21, 0x55, 0x24, 0x21, 0x87, 0x24, 0x21, 0x2f, 0x00, 0x00, 0x00, 0x00, 0x00, 0x00, 0x00, 0x00, 0x00,
    0x24, 0x21, 0x6f, 0x24, 0x21, 0xff, 0x24, 0x21, 0x43, 0x24, 0x21, 0x23, 0x24, 0x21, 0xeb, 0x24, 0x21, 0xcf, 0x00, 0x00, 0x00, 0x00, 0x00, 0x00,
    0x00, 0x00, 0x00, 0x00, 0x00, 0x00, 0x24, 0x21, 0x12, 0x00, 0x00, 0x00, 0x00, 0x00, 0x00, 0x00, 0x00, 0x00, 0x24, 0x21, 0x04, 0x24, 0x21, 0x98,
    0x24, 0x21, 0xc6, 0x24, 0x21, 0x5f, 0x24, 0x21, 0xf7, 0x24, 0x21, 0xff, 0x24, 0x21, 0xff, 0x24, 0x21, 0xff, 0x24, 0x21, 0xb3, 0x24, 0x21, 0x10,
    0x00, 0x00, 0x00, 0x00, 0x00, 0x00, 0x00, 0x00, 0x00, 0x00, 0x00, 0x00, 0x00, 0x00, 0x00, 0x00, 0x00, 0x00, 0x00, 0x00, 0x00, 0x00, 0x00, 0x00,
    0x24, 0x21, 0xec, 0x24, 0x21, 0xff, 0x24, 0x21, 0xff, 0x24, 0x21, 0xe8, 0x24, 0x21, 0xfe, 0x24, 0x21, 0x10, 0x24, 0x21, 0x5b, 0x24, 0x21, 0xff,
    0x24, 0x21, 0x2f, 0x24, 0x21, 0x8f, 0x24, 0x21, 0xff, 0x24, 0x21, 0x1f, 0x00, 0x00, 0x00, 0x00, 0x00, 0x00, 0x24, 0x21, 0x2b, 0x24, 0x21, 0x94,
    0x24, 0x21, 0xaa, 0x24, 0x21, 0x3f, 0x24, 0x21, 0xff, 0x24, 0x21, 0x75, 0x24, 0x21, 0x57, 0x24, 0x21, 0xff, 0x24, 0x21, 0x56, 0x24, 0x21, 0xf2,
    0x24, 0x21, 0xa9, 0x00, 0x00, 0x00, 0x00, 0x00, 0x00, 0x00, 0x00, 0x00, 0x24, 0x21, 0x71, 0x24, 0x21, 0xff, 0x24, 0x21, 0xe8, 0x24, 0x21, 0x98,
    0x24, 0x21, 0xeb, 0x24, 0x21, 0xcf, 0x00, 0x00, 0x00, 0x00, 0x00, 0x00, 0x00, 0x00, 0x00, 0x24, 0x21, 0x0b, 0x24, 0x21, 0xf5, 0x24, 0x21, 0x62,
    0x00, 0x00, 0x00, 0x00, 0x00, 0x00, 0x24, 0x21, 0x1c, 0x24, 0x21, 0x7f, 0x24, 0x21, 0xed, 0x24, 0x21, 0xff, 0x24, 0x21, 0xff, 0x24, 0x21, 0xdc,
    0x24, 0x21, 0xcd, 0x24, 0x21, 0xff, 0x24, 0x21, 0x8a, 0x24, 0x21, 0x06, 0x00, 0x00, 0x00, 0x00, 0x00, 0x00, 0x00, 0x00, 0x00, 0x00, 0x00, 0x00,
    0x00, 0x00, 0x00, 0x00, 0x00, 0x00, 0x00, 0x00, 0x00, 0x24, 0x21, 0x0e, 0x24, 0x21, 0xfd, 0x24, 0x21, 0xff, 0x24, 0x21, 0x9b, 0x24, 0x21, 0xfc,
    0x24, 0x21, 0xd7, 0x00, 0x00, 0x00, 0x24, 0x21, 0x54, 0x24, 0x21, 0xeb, 0x24, 0x21, 0x2c, 0x24, 0x21, 0x8f, 0x24, 0x21, 0xff, 0x24, 0x21, 0x1f,
    0x24, 0x21, 0x3d, 0x24, 0x21, 0xc4, 0x24, 0x21, 0xff, 0x24, 0x21, 0xf7, 0x24, 0x21, 0x8a, 0x24, 0x21, 0xcf, 0x24, 0x21, 0xea, 0x24, 0x21, 0x0c,
    0x24, 0x21, 0x57, 0x24, 0x21, 0xff, 0x24, 0x21, 0x47, 0x24, 0x21, 0x91, 0x24, 0x21, 0xfd, 0x24, 0x21, 0x21, 0x00, 0x00, 0x00, 0x00, 0x00, 0x00,
    0x24, 0x21, 0x9a, 0x24, 0x21, 0xff, 0x24, 0x21, 0xf9, 0x24, 0x21, 0x66, 0x24, 0x21, 0xe5, 0x24, 0x21, 0xe2, 0x24, 0x21, 0x0a, 0x00, 0x00, 0x00,
    0x00, 0x00, 0x00, 0x24, 0x21, 0x46, 0x24, 0x21, 0xff, 0x24, 0x21, 0x73, 0x24, 0x21, 0x15, 0x24, 0x21, 0xb5, 0x24, 0x21, 0xfc, 0x24, 0x21, 0xff,
    0x24, 0x21, 0xe7, 0x24, 0x21, 0x76, 0x24, 0x21, 0xf0, 0x24, 0x21, 0xcf, 0x24, 0x21, 0x12, 0x24, 0x21, 0xd0, 0x24, 0x21, 0xff, 0x24, 0x21, 0xda,
    0x24, 0x21, 0x6f, 0x24, 0x21, 0x0f, 0x00, 0x00, 0x00, 0x00, 0x00, 0x00, 0x00, 0x00, 0x00, 0x00, 0x00, 0x00, 0x00, 0x00, 0x00, 0x24, 0x21, 0x6d,
    0x24, 0x21, 0xff, 0x24, 0x21, 0x7f, 0x24, 0x21, 0x88, 0x24, 0x21, 0xff, 0x24, 0x21, 0x88, 0x00, 0x00, 0x00, 0x00, 0x00, 0x00, 0x00, 0x00, 0x00,
    0x00, 0x00, 0x00, 0x24, 0x21, 0x8f, 0x24, 0x21, 0xff, 0x24, 0x21, 0x1f, 0x24, 0x21, 0x5b, 0x24, 0x21, 0xf7, 0x24, 0x21, 0x91, 0x24, 0x21, 0x19,
    0x24, 0x21, 0x50, 0x24, 0x21, 0xff, 0x24, 0x21, 0x4f, 0x24, 0x21, 0x74, 0x24, 0x21, 0xb2, 0x24, 0x21, 0xff, 0x24, 0x21, 0x3d, 0x24, 0x21, 0x27,
    0x24, 0x21, 0xfd, 0x24, 0x21, 0x62, 0x00, 0x00, 0x00, 0x24, 0x21, 0x07, 0x24, 0x21, 0xef, 0x24, 0x21, 0xe3, 0x24, 0x21, 0x36, 0x00, 0x00, 0x00,
    0x24, 0x21, 0xb9, 0x24, 0x21, 0xff, 0x24, 0x21, 0xff, 0x24, 0x21, 0xff, 0x24, 0x21, 0xff, 0x24, 0x21, 0xff, 0x24, 0x21, 0xff, 0x24, 0x21, 0x2a,
    0x00, 0x00, 0x00, 0x24, 0x21, 0xc2, 0x24, 0x21, 0xd3, 0x24, 0x21, 0x64, 0x24, 0x21, 0x60, 0x24, 0x21, 0x6c, 0x24, 0x21, 0xf9, 0x24, 0x21, 0xc6,
    0x00, 0x00, 0x00, 0x24, 0x21, 0x10, 0x24, 0x21, 0x8b, 0x24, 0x21, 0xf7, 0x24, 0x21, 0xe4, 0x24, 0x21, 0x13, 0x00, 0x00, 0x00, 0x00, 0x00, 0x00,
    0x00, 0x00, 0x00, 0x00, 0x00, 0x00, 0x00, 0x00, 0x00, 0x24, 0x21, 0x14, 0x24, 0x21, 0x84, 0x00, 0x00, 0x00, 0x24, 0x21, 0x25, 0x24, 0x21, 0xba,
    0x24, 0x21, 0x22, 0x00, 0x00, 0x00, 0x00, 0x00, 0x00, 0x00, 0x00, 0x00, 0x00, 0x00, 0x00, 0x24, 0x21, 0x79, 0x24, 0x21, 0xd7, 0x24, 0x21, 0x1a,
    0x24, 0x21, 0x12, 0x24, 0x21, 0x19, 0x00, 0x00, 0x00, 0x00, 0x00, 0x00, 0x00, 0x00, 0x00, 0x24, 0x21, 0x35, 0x00, 0x00, 0x00, 0x24, 0x21, 0xb1,
    0x24, 0x21, 0xf5, 0x24, 0x21, 0xb6, 0x24, 0x21, 0x0b, 0x00, 0x00, 0x00, 0x24, 0x21, 0x20, 0x00, 0x00, 0x00, 0x00, 0x00, 0x00, 0x00, 0x00, 0x00,
    0x24, 0x21, 0x55, 0x24, 0x21, 0x18, 0x00, 0x00, 0x00, 0x00, 0x00, 0x00, 0x24, 0x21, 0x1a, 0x24, 0x21, 0x82, 0x24, 0x21, 0x9c, 0x24, 0x21, 0x9f,
    0x24, 0x21, 0x9f, 0x24, 0x21, 0x94, 0x24, 0x21, 0x48, 0x00, 0x00, 0x00, 0x00, 0x00, 0x00, 0x24, 0x21, 0x0e, 0x00, 0x00, 0x00, 0x00, 0x00, 0x00,
    0x24, 0x21, 0x8b, 0x24, 0x21, 0xfe, 0x24, 0x21, 0xe4, 0x24, 0x21, 0x5e, 0x00, 0x00, 0x00, 0x00, 0x00, 0x00, 0x00, 0x00, 0x00, 0x24, 0x21, 0x1a,
    0x24, 0x21, 0x2f, 0x00, 0x00, 0x00, 0x00, 0x00, 0x00, 0x00, 0x00, 0x00, 0x00, 0x00, 0x00, 0x00, 0x00, 0x00, 0x00, 0x00, 0x00, 0x00, 0x00, 0x00,
    0x00, 0x00, 0x00, 0x00, 0x00, 0x00, 0x00, 0x00, 0x00, 0x00, 0x00, 0x00, 0x00, 0x00, 0x00, 0x00, 0x00, 0x00, 0x00, 0x00, 0x00, 0x00, 0x00, 0x00,
    0x00, 0x00, 0x00, 0x00, 0x00, 0x00, 0x00, 0x00, 0x00, 0x00, 0x00, 0x00, 0x00, 0x00, 0x00, 0x00, 0x00, 0x00, 0x00, 0x00, 0x00, 0x00, 0x00, 0x00,
    0x00, 0x00, 0x00, 0x00, 0x00, 0x00, 0x00, 0x00, 0x00, 0x00, 0x00, 0x00, 0x00, 0x00, 0x00, 0x00, 0x00, 0x00, 0x00, 0x00, 0x00, 0x00, 0x00, 0x00,
    0x00, 0x00, 0x00, 0x00, 0x00, 0x00, 0x00, 0x00, 0x00, 0x00, 0x00, 0x00, 0x00, 0x00, 0x00, 0x00, 0x00, 0x00, 0x00, 0x00, 0x00, 0x00, 0x00, 0x00,
    0x00, 0x00, 0x00, 0x00, 0x00, 0x00, 0x00, 0x00, 0x00, 0x00, 0x00, 0x00, 0x00, 0x00, 0x00, 0x00, 0x00, 0x00, 0x00, 0x00, 0x00, 0x00, 0x00, 0x00,
    0x00, 0x00, 0x00, 0x00, 0x00, 0x00, 0x00, 0x00, 0x00, 0x00, 0x00, 0x00, 0x00, 0x00, 0x00, 0x00, 0x00, 0x00, 0x00, 0x00, 0x00, 0x00, 0x00, 0x00,
    0x00, 0x00, 0x00, 0x00, 0x00, 0x00, 0x00, 0x00, 0x00, 0x00, 0x00, 0x00, 0x00, 0x00, 0x00, 0x00, 0x00, 0x00, 0x00, 0x00, 0x00, 0x00, 0x00, 0x00,
    0x00, 0x00, 0x00, 0x00, 0x00, 0x00, 0x00, 0x00, 0x00, 0x00, 0x00, 0x00, 0x00, 0x00, 0x00, 0x00, 0x00, 0x00, 0x00, 0x00, 0x00, 0x00, 0x00, 0x00,
    0x00, 0x00, 0x00, 0x00, 0x00, 0x00, 0x00, 0x00, 0x00, 0x00, 0x00, 0x00, 0x00, 0x00, 0x00, 0x00, 0x00, 0x00, 0x00, 0x00, 0x00, 0x00, 0x00, 0x00,
    0x00, 0x00, 0x00, 0x00, 0x00, 0x00, 0x00, 0x00, 0x00, 0x00, 0x00, 0x00, 0x00, 0x00, 0x00, 0x00, 0x00, 0x00, 0x00, 0x00, 0x00, 0x00, 0x00, 0x00,
    0x00, 0x00, 0x00, 0x00, 0x00, 0x00, 0x00, 0x00, 0x00, 0x00, 0x00, 0x00, 0x00, 0x00, 0x00, 0x00, 0x00, 0x00, 0x00, 0x00, 0x00, 0x00, 0x00, 0x00,
    0x00, 0x00, 0x00, 0x00, 0x00, 0x00, 0x00, 0x00, 0x00, 0x00, 0x00, 0x00, 0x00, 0x00, 0x00, 0x00, 0x00, 0x00, 0x00, 0x00, 0x00, 0x00, 0x00, 0x00,
    0x00, 0x00, 0x00, 0x00, 0x00, 0x00, 0x00, 0x00, 0x00, 0x00, 0x00, 0x00, 0x00, 0x00, 0x00, 0x00, 0x00, 0x00, 0x00, 0x00, 0x00, 0x00, 0x00, 0x00,
    0x00, 0x00, 0x00, 0x00, 0x00, 0x00, 0x00, 0x00, 0x00, 0x00, 0x00, 0x00, 0x00, 0x00, 0x00, 0x00, 0x00, 0x00, 0x00, 0x00, 0x00, 0x00, 0x00, 0x00,
    0x00, 0x00, 0x00, 0x00, 0x00, 0x00, 0x00, 0x00, 0x00, 0x00, 0x00, 0x00, 0x00, 0x00, 0x00, 0x00, 0x00, 0x00, 0x00, 0x00, 0x00, 0x00, 0x00, 0x00,
    0x00, 0x00, 0x00, 0x00, 0x00, 0x00, 0x00, 0x00, 0x00, 0x00, 0x00, 0x00, 0x00, 0x00, 0x00, 0x00, 0x00, 0x00, 0x00, 0x00, 0x00, 0x00, 0x00, 0x00,
    0x00, 0x00, 0x00, 0x00, 0x00, 0x00, 0x00, 0x00, 0x00, 0x00, 0x00, 0x00, 0x00, 0x00, 0x00, 0x00, 0x00, 0x00, 0x00, 0x00, 0x00, 0x00, 0x00, 0x00,
    0x00, 0x00, 0x00, 0x00, 0x00, 0x00, 0x00, 0x00, 0x00, 0x00, 0x00, 0x00, 0x00, 0x00, 0x00, 0x00, 0x00, 0x00, 0x00, 0x00, 0x00, 0x00, 0x00, 0x00,
    0x00, 0x00, 0x00, 0x00, 0x00, 0x00, 0x00, 0x00, 0x00, 0x00, 0x00, 0x00, 0x00, 0x00, 0x00, 0x00, 0x00, 0x00, 0x00, 0x00, 0x00, 0x00, 0x00, 0x00,
    0x00, 0x00, 0x00, 0x00, 0x00, 0x00, 0x00, 0x00, 0x00, 0x00, 0x00, 0x00, 0x00, 0x00, 0x00, 0x00, 0x00, 0x00, 0x00, 0x00, 0x00, 0x00, 0x00, 0x00,
    0x00, 0x00, 0x00, 0x00, 0x00, 0x00, 0x00, 0x00, 0x00, 0x00, 0x00, 0x00, 0x00, 0x00, 0x00, 0x00, 0x00, 0x00, 0x00, 0x00, 0x00, 0x00, 0x00, 0x00,
    0x00, 0x00, 0x00, 0x00, 0x00, 0x00, 0x00, 0x00, 0x00, 0x00, 0x00, 0x00, 0x00, 0x00, 0x00, 0x00, 0x00, 0x00, 0x00, 0x00, 0x00, 0x00, 0x00, 0x00,
};
const lv_img_dsc_t zh_record = {
    .header.always_zero = 0,
    .header.w = 60,
    .header.h = 20,
    .data_size = 3600,
    .header.cf = LV_IMG_CF_TRUE_COLOR_ALPHA,
    .data = zh_record_map,
};

#ifndef LV_ATTRIBUTE_IMG_ZH_RECORDS
#define LV_ATTRIBUTE_IMG_ZH_RECORDS
#endif
const LV_ATTRIBUTE_MEM_ALIGN LV_ATTRIBUTE_LARGE_CONST LV_ATTRIBUTE_IMG_ZH_RECORDS uint8_t zh_records_map[] = {
    0x00, 0x00, 0x00, 0x00, 0x00, 0x00, 0x00, 0x00, 0x00, 0x00, 0x00, 0x00, 0x00, 0x00, 0x00, 0x00, 0x00, 0x00, 0x00, 0x00, 0x00, 0x00, 0x00, 0x00,
    0x00, 0x00, 0x00, 0x00, 0x00, 0x00, 0x00, 0x00, 0x00, 0x00, 0x00, 0x00, 0x00, 0x00, 0x00, 0x00, 0x00, 0x00, 0x00, 0x00, 0x00, 0x00, 0x00, 0x00,
    0x00, 0x00, 0x00, 0x00, 0x00, 0x00, 0x00, 0x00, 0x00, 0x00, 0x00, 0x00, 0x00, 0x00, 0x00, 0x00, 0x00, 0x00, 0x00, 0x00, 0x00, 0x00, 0x00, 0x00,
    0x00, 0x00, 0x00, 0x00, 0x00, 0x00, 0x00, 0x00, 0x00, 0x00, 0x00, 0x00, 0x00, 0x00, 0x00, 0x00, 0x00, 0x00, 0x00, 0x00, 0x00, 0x00, 0x00, 0x00,
    0x00, 0x00, 0x00, 0x00, 0x00, 0x00, 0x00, 0x00, 0x00, 0x00, 0x00, 0x00, 0x00, 0x00, 0x00, 0x00, 0x00, 0x00, 0x00, 0x00, 0x00, 0x00, 0x00, 0x00,
    0x00, 0x00, 0x00, 0x00, 0x00, 0x00, 0x00, 0x00, 0x00, 0x00, 0x00, 0x00, 0x00, 0x00, 0x00, 0x00, 0x00, 0x00, 0x00, 0x00, 0x00, 0x00, 0x00, 0x00,
    0x00, 0x00, 0x00, 0x00, 0x00, 0x00, 0x00, 0x00, 0x00, 0x00, 0x00, 0x00, 0x00, 0x00, 0x00, 0x00, 0x00, 0x00, 0x00, 0x00, 0x00, 0x00, 0x00, 0x00,
    0x00, 0x00, 0x00, 0x00, 0x00, 0x00, 0x00, 0x00, 0x00, 0x00, 0x00, 0x00, 0x00, 0x00, 0x00, 0x00, 0x00, 0x00, 0x00, 0x00, 0x00, 0x00, 0x00, 0x00,
    0x00, 0x00, 0x00, 0x00, 0x00, 0x00, 0x00, 0x00, 0x00, 0x00, 0x00, 0x00, 0x00, 0x00, 0x00, 0x00, 0x00, 0x00, 0x00, 0x00, 0x00, 0x00, 0x00, 0x00,
    0x00, 0x00, 0x00, 0x00, 0x00, 0x00, 0x00, 0x00, 0x00, 0x00, 0x00, 0x00, 0x00, 0x00, 0x00, 0x00, 0x00, 0x00, 0x00, 0x00, 0x00, 0x00, 0x00, 0x00,
    0x00, 0x00, 0x00, 0x00, 0x00, 0x00, 0x00, 0x00, 0x00, 0x00, 0x00, 0x00, 0x00, 0x00, 0x00, 0x00, 0x00, 0x00, 0x00, 0x00, 0x00, 0x00, 0x00, 0x00,
    0x00, 0x00, 0x00, 0x00, 0x00, 0x00, 0x00, 0x00, 0x00, 0x00, 0x00, 0x00, 0x00, 0x00, 0x00, 0x00, 0x00, 0x00, 0x00, 0x00, 0x00, 0x00, 0x00, 0x00,
    0x00, 0x00, 0x00, 0x00, 0x00, 0x00, 0x00, 0x00, 0x00, 0x00, 0x00, 0x00, 0x00, 0x00, 0x00, 0x00, 0x00, 0x00, 0x00, 0x00, 0x00, 0x00, 0x00, 0x00,
    0x00, 0x00, 0x00, 0x00, 0x00, 0x00, 0x00, 0x00, 0x00, 0x00, 0x00, 0x00, 0x00, 0x00, 0x00, 0x00, 0x00, 0x00, 0x00, 0x00, 0x00, 0x00, 0x00, 0x00,
    0x00, 0x00, 0x00, 0x00, 0x00, 0x00, 0x00, 0x00, 0x00, 0x00, 0x00, 0x00, 0x00, 0x00, 0x00, 0x00, 0x00, 0x00, 0x00, 0x00, 0x00, 0x00, 0x00, 0x00,
    0x00, 0x00, 0x00, 0x00, 0x00, 0x00, 0x00, 0x00, 0x00, 0x8d, 0x6b, 0x1d, 0x8d, 0x6b, 0x28, 0x00, 0x00, 0x00, 0x00, 0x00, 0x00, 0x00, 0x00, 0x00,
    0x8d, 0x6b, 0x6a, 0x8d, 0x6b, 0x05, 0x00, 0x00, 0x00, 0x00, 0x00, 0x00, 0x00, 0x00, 0x00, 0x8d, 0x6b, 0x0d, 0x8d, 0x6b, 0x74, 0x00, 0x00, 0x00,
    0x00, 0x00, 0x00, 0x00, 0x00, 0x00, 0x8d, 0x6b, 0x3c, 0x8d, 0x6b, 0x86, 0x00, 0x00, 0x00, 0x00, 0x00, 0x00, 0x00, 0x00, 0x00, 0x8d, 0x6b, 0x37,
    0x8d, 0x6b, 0xaf, 0x00, 0x00, 0x00, 0x00, 0x00, 0x00, 0x00, 0x00, 0x00, 0x00, 0x00, 0x00, 0x00, 0x00, 0x00, 0x00, 0x00, 0x00, 0x8d, 0x6b, 0x06,
    0x8d, 0x6b, 0x62, 0x8d, 0x6b, 0x01, 0x00, 0x00, 0x00, 0x00, 0x00, 0x00, 0x00, 0x00, 0x00, 0x00, 0x00, 0x00, 0x00, 0x00, 0x00, 0x00, 0x00, 0x00,
    0x00, 0x00, 0x00, 0x00, 0x00, 0x00, 0x00, 0x00, 0x00, 0x00, 0x00, 0x00, 0x00, 0x00, 0x00, 0x00, 0x00, 0x00, 0x00, 0x00, 0x00, 0x00, 0x00, 0x00,
    0x00, 0x00, 0x00, 0x00, 0x00, 0x00, 0x00, 0x00, 0x00, 0x00, 0x00, 0x00, 0x00, 0x00, 0x00, 0x00, 0x00, 0x00, 0x8d, 0x6b, 0x05, 0x8d, 0x6b, 0x02,
    0x00, 0x00, 0x00, 0x00, 0x00, 0x00, 0x00, 0x00, 0x00, 0x00, 0x00, 0x00, 0x00, 0x00, 0x00, 0x00, 0x00, 0x00, 0x00, 0x00, 0x00, 0x8d, 0x6b, 0x57,
    0x8d, 0x6b, 0xe9, 0x8d, 0x6b, 0x32, 0x00, 0x00, 0x00, 0x00, 0x00, 0x00, 0x8d, 0x6b, 0xfb, 0x8d, 0x6b, 0x0b, 0x8d, 0x6b, 0x05, 0x8d, 0x6b, 0xa3,
    0x00, 0x00, 0x00, 0x8d, 0x6b, 0x1b, 0x8d, 0x6b, 0xef, 0x00, 0x00, 0x00, 0x00, 0x00, 0x00, 0x00, 0x00, 0x00, 0x8d, 0x6b, 0x96, 0x8d, 0x6b, 0x87,
    0x00, 0x00, 0x00, 0x00, 0x00, 0x00, 0x00, 0x00, 0x00, 0x8d, 0x6b, 0x6b, 0x8d, 0x6b, 0xa1, 0x00, 0x00, 0x00, 0x00, 0x00, 0x00, 0x00, 0x00, 0x00,
    0x00, 0x00, 0x00, 0x00, 0x00, 0x00, 0x00, 0x00, 0x00, 0x8d, 0x6b, 0x0a, 0x8d, 0x6b, 0xbd, 0x8d, 0x6b, 0xa5, 0x8d, 0x6b, 0x02, 0x8d, 0x6b, 0x23,
    0x8d, 0x6b, 0xff, 0x8d, 0x6b, 0xff, 0x8d, 0x6b, 0xff, 0x8d, 0x6b, 0xff, 0x8d, 0x6b, 0xff, 0x8d, 0x6b, 0xff, 0x8d, 0x6b, 0x77, 0x00, 0x00, 0x00,
    0x00, 0x00, 0x00, 0x8d, 0x6b, 0x1e, 0x8d, 0x6b, 0xf7, 0x8d, 0x6b, 0xf7, 0x8d, 0x6b, 0xf7, 0x8d, 0x6b, 0xf7, 0x8d, 0x6b, 0xf7, 0x8d, 0x6b, 0xf7,
    0x8d, 0x6b, 0xf7, 0x8d, 0x6b, 0xf7, 0x8d, 0x6b, 0xfd, 0x8d, 0x6b, 0x79, 0x00, 0x00, 0x00, 0x00, 0x00, 0x00, 0x00, 0x00, 0x00, 0x00, 0x00, 0x00,
    0x00, 0x00, 0x00, 0x00, 0x00, 0x00, 0x00, 0x00, 0x00, 0x00, 0x00, 0x00, 0x8d, 0x6b, 0x64, 0x8d, 0x6b, 0xeb, 0x8d, 0x6b, 0x26, 0x00, 0x00, 0x00,
    0x8d, 0x6b, 0xfb, 0x8d, 0x6b, 0x0b, 0x8d, 0x6b, 0x07, 0x8d, 0x6b, 0xf3, 0x00, 0x00, 0x00, 0x8d, 0x6b, 0x1b, 0x8d, 0x6b, 0xef, 0x00, 0x00, 0x00,
    0x00, 0x00, 0x00, 0x8d, 0x6b, 0x05, 0x8d, 0x6b, 0xe8, 0x8d, 0x6b, 0x24, 0x00, 0x00, 0x00, 0x8d, 0x6b, 0xf8, 0x8d, 0x6b, 0xfb, 0x8d, 0x6b, 0xff,
    0x8d, 0x6b, 0xfc, 0x8d, 0x6b, 0xfb, 0x8d, 0x6b, 0xfb, 0x8d, 0x6b, 0xfb, 0x8d, 0x6b, 0xfb, 0x8d, 0x6b, 0x0b, 0x00, 0x00, 0x00, 0x00, 0x00, 0x00,
    0x8d, 0x6b, 0x09, 0x8d, 0x6b, 0xcb, 0x8d, 0x6b, 0x72, 0x8d, 0x6b, 0x02, 0x8d, 0x6b, 0x0f, 0x8d, 0x6b, 0x0f, 0x8d, 0x6b, 0x0f, 0x8d, 0x6b, 0x0f,
    0x8d, 0x6b, 0x0f, 0x8d, 0x6b, 0x9a, 0x8d, 0x6b, 0x77, 0x00, 0x00, 0x00, 0x00, 0x00, 0x00, 0x00, 0x00, 0x00, 0x00, 0x00, 0x00, 0x00, 0x00, 0x00,
    0x00, 0x00, 0x00, 0x00, 0x00, 0x00, 0x00, 0x00, 0x00, 0x00, 0x00, 0x00, 0x00, 0x00, 0x00, 0x00, 0x00, 0x00, 0x8d, 0x6b, 0xac, 0x8d, 0x6b, 0x6f,
    0x00, 0x00, 0x00, 0x00, 0x00, 0x00, 0x00, 0x00, 0x00, 0x00, 0x00, 0x00, 0x00, 0x00, 0x00, 0x00, 0x00, 0x00, 0x00, 0x00, 0x00, 0x00, 0x00, 0x00,
    0x00, 0x00, 0x00, 0x8d, 0x6b, 0x6c, 0x8d, 0x6b, 0x16, 0x00, 0x00, 0x00, 0x8d, 0x6b, 0xfb, 0x8d, 0x6b, 0x0b, 0x8d, 0x6b, 0x07, 0x8d, 0x6b, 0xf3,
    0x00, 0x00, 0x00, 0x8d, 0x6b, 0x1b, 0x8d, 0x6b, 0xef, 0x00, 0x00, 0x00, 0x00, 0x00, 0x00, 0x8d, 0x6b, 0x67, 0x8d, 0x6b, 0xa2, 0x8d, 0x6b, 0x11,
    0x8d, 0x6b, 0x75, 0x00, 0x00, 0x00, 0x8d, 0x6b, 0x0b, 0x8d, 0x6b, 0xe8, 0x8d, 0x6b, 0x12, 0x00, 0x00, 0x00, 0x00, 0x00, 0x00, 0x00, 0x00, 0x00,
    0x00, 0x00, 0x00, 0x00, 0x00, 0x00, 0x00, 0x00, 0x00, 0x00, 0x00, 0x00, 0x00, 0x00, 0x00, 0x8d, 0x6b, 0x1a, 0x8d, 0x6b, 0x0d, 0x00, 0x00, 0x00,
    0x00, 0x00, 0x00, 0x00, 0x00, 0x00, 0x00, 0x00, 0x00, 0x00, 0x00, 0x00, 0x00, 0x00, 0x00, 0x8d, 0x6b, 0x93, 0x8d, 0x6b, 0x77, 0x00, 0x00, 0x00,
    0x00, 0x00, 0x00, 0x00, 0x00, 0x00, 0x8d, 0x6b, 0xab, 0x8d, 0x6b, 0xf3, 0x8d, 0x6b, 0xf3, 0x8d, 0x6b, 0xf3, 0x8d, 0x6b, 0xf3, 0x8d, 0x6b, 0xf3,
    0x8d, 0x6b, 0xf3, 0x8d, 0x6b, 0xf3, 0x8d, 0x6b, 0xfc, 0x8d, 0x6b, 0x64, 0x00, 0x00, 0x00, 0x00, 0x00, 0x00, 0x00, 0x00, 0x00, 0x00, 0x00, 0x00,
    0x00, 0x00, 0x00, 0x00, 0x00, 0x00, 0x8d, 0x6b, 0x01, 0x8d, 0x6b, 0x03, 0x8d, 0x6b, 0x03, 0x8d, 0x6b, 0x02, 0x00, 0x00, 0x00, 0x00, 0x00, 0x00,
    0x8d, 0x6b, 0xfb, 0x8d, 0x6b, 0x0b, 0x8d, 0x6b, 0x07, 0x8d, 0x6b, 0xf3, 0x00, 0x00, 0x00, 0x8d, 0x6b, 0x1b, 0x8d, 0x6b, 0xef, 0x00, 0x00, 0x00,
    0x8d, 0x6b, 0x1c, 0x8d, 0x6b, 0xe8, 0x8d, 0x6b, 0x5d, 0x8d, 0x6b, 0xa3, 0x8d, 0x6b, 0x90, 0x8d, 0x6b, 0xb3, 0x8d, 0x6b, 0xf6, 0x8d, 0x6b, 0xfd,
    0x8d, 0x6b, 0xf3, 0x8d, 0x6b, 0xd1, 0x00, 0x00, 0x00, 0x00, 0x00, 0x00, 0x00, 0x00, 0x00, 0x00, 0x00, 0x00, 0x8d, 0x6b, 0x5b, 0x8d, 0x6b, 0xff,
    0x8d, 0x6b, 0xff, 0x8d, 0x6b, 0xeb, 0x00, 0x00, 0x00, 0x00, 0x00, 0x00, 0x00, 0x00, 0x00, 0x00, 0x00, 0x00, 0x00, 0x00, 0x00, 0x00, 0x00, 0x00,
    0x00, 0x00, 0x00, 0x8d, 0x6b, 0x93, 0x8d, 0x6b, 0x77, 0x00, 0x00, 0x00, 0x00, 0x00, 0x00, 0x00, 0x00, 0x00, 0x00, 0x00, 0x00, 0x00, 0x00, 0x00,
    0x00, 0x00, 0x00, 0x00, 0x00, 0x00, 0x00, 0x00, 0x00, 0x00, 0x00, 0x00, 0x00, 0x00, 0x00, 0x00, 0x00, 0x00, 0x8d, 0x6b, 0xc6, 0x8d, 0x6b, 0x55,
    0x00, 0x00, 0x00, 0x00, 0x00, 0x00, 0x00, 0x00, 0x00, 0x00, 0x00, 0x00, 0x00, 0x00, 0x00, 0x00, 0x00, 0x00, 0x8d, 0x6b, 0x73, 0x8d, 0x6b, 0xff,
    0x8d, 0x6b, 0xff, 0x8d, 0x6b, 0x8b, 0x00, 0x00, 0x00, 0x00, 0x00, 0x00, 0x8d, 0x6b, 0xfc, 0x8d, 0x6b, 0x0b, 0x8d, 0x6b, 0x07, 0x8d, 0x6b, 0xf3,
    0x00, 0x00, 0x00, 0x8d, 0x6b, 0x1b, 0x8d, 0x6b, 0xef, 0x00, 0x00, 0x00, 0x8d, 0x6b, 0x4c, 0x8d, 0x6b, 0xea, 0x8d, 0x6b, 0xd1, 0x8d, 0x6b, 0xf2,
    0x8d, 0x6b, 0x15, 0x00, 0x00, 0x00, 0x8d, 0x6b, 0xb5, 0x8d, 0x6b, 0x47, 0x8d, 0x6b, 0x27, 0x8d, 0x6b, 0xdb, 0x00, 0x00, 0x00, 0x00, 0x00, 0x00,
    0x00, 0x00, 0x00, 0x00, 0x00, 0x00, 0x8d, 0x6b, 0x02, 0x8d, 0x6b, 0x07, 0x8d, 0x6b, 0x26, 0x8d, 0x6b, 0xeb, 0x00, 0x00, 0x00, 0x00, 0x00, 0x00,
    0x00, 0x00, 0x00, 0x00, 0x00, 0x00, 0x00, 0x00, 0x00, 0x00, 0x00, 0x00, 0x00, 0x00, 0x00, 0x8d, 0x6b, 0x93, 0x8d, 0x6b, 0x77, 0x00, 0x00, 0x00,
    0x00, 0x00, 0x00, 0x00, 0x00, 0x00, 0x00, 0x00, 0x00, 0x00, 0x00, 0x00, 0x00, 0x00, 0x00, 0x00, 0x00, 0x00, 0x00, 0x00, 0x00, 0x00, 0x00, 0x00,
    0x00, 0x00, 0x00, 0x00, 0x00, 0x00, 0x8d, 0x6b, 0xd2, 0x8d, 0x6b, 0x46, 0x00, 0x00, 0x00, 0x00, 0x00, 0x00, 0x00, 0x00, 0x00, 0x00, 0x00, 0x00,
    0x00, 0x00, 0x00, 0x00, 0x00, 0x00, 0x00, 0x00, 0x00, 0x00, 0x00, 0x00, 0x8d, 0x6b, 0x73, 0x8d, 0x6b, 0x8b, 0x00, 0x00, 0x00, 0x8d, 0x6b, 0x06,
    0x8d, 0x6b, 0xfe, 0x8d, 0x6b, 0x03, 0x8d, 0x6b, 0x07, 0x8d, 0x6b, 0xf3, 0x00, 0x00, 0x00, 0x8d, 0x6b, 0x1b, 0x8d, 0x6b, 0xef, 0x00, 0x00, 0x00,
    0x8d, 0x6b, 0x02, 0x8d, 0x6b, 0x01, 0x8d, 0x6b, 0xa0, 0x8d, 0x6b, 0x74, 0x00, 0x00, 0x00, 0x8d, 0x6b, 0x1b, 0x8d, 0x6b, 0xe8, 0x8d, 0x6b, 0x04,
    0x8d, 0x6b, 0x27, 0x8d, 0x6b, 0xdb, 0x00, 0x00, 0x00, 0x00, 0x00, 0x00, 0x00, 0x00, 0x00, 0x00, 0x00, 0x00, 0x00, 0x00, 0x00, 0x00, 0x00, 0x00,
    0x8d, 0x6b, 0x1f, 0x8d, 0x6b, 0xeb, 0x00, 0x00, 0x00, 0x00, 0x00, 0x00, 0x8d, 0x6b, 0xdf, 0x8d, 0x6b, 0xff, 0x8d, 0x6b, 0xff, 0x8d, 0x6b, 0xff,
    0x8d, 0x6b, 0xff, 0x8d, 0x6b, 0xff, 0x8d, 0x6b, 0x77, 0x00, 0x00, 0x00, 0x8d, 0x6b, 0x0f, 0x8d, 0x6b, 0xf3, 0x8d, 0x6b, 0xf3, 0x8d, 0x6b, 0xf3,
    0x8d, 0x6b, 0xf3, 0x8d, 0x6b, 0xf3, 0x8d, 0x6b, 0xfa, 0x8d, 0x6b, 0xfa, 0x8d, 0x6b, 0xf3, 0x8d, 0x6b, 0xf3, 0x8d, 0x6b, 0xf3, 0x8d, 0x6b, 0xf3,
    0x8d, 0x6b, 0xf3, 0x8d, 0x6b, 0x26, 0x00, 0x00, 0x00, 0x00, 0x00, 0x00, 0x00, 0x00, 0x00, 0x00, 0x00, 0x00, 0x00, 0x00, 0x00, 0x00, 0x00, 0x00,
    0x8d, 0x6b, 0x73, 0x8d, 0x6b, 0x8b, 0x00, 0x00, 0x00, 0x8d, 0x6b, 0x16, 0x8d, 0x6b, 0xf2, 0x00, 0x00, 0x00, 0x8d, 0x6b, 0x07, 0x8d, 0x6b, 0xf3,
    0x00, 0x00, 0x00, 0x8d, 0x6b, 0x1b, 0x8d, 0x6b, 0xef, 0x00, 0x00, 0x00, 0x00, 0x00, 0x00, 0x8d, 0x6b, 0x3c, 0x8d, 0x6b, 0xce, 0x8d, 0x6b, 0x08,
    0x8d, 0x6b, 0x26, 0x8d, 0x6b, 0x79, 0x8d, 0x6b, 0xfc, 0x8d, 0x6b, 0xef, 0x8d, 0x6b, 0xf2, 0x8d, 0x6b, 0xfd, 0x8d, 0x6b, 0xef, 0x8d, 0x6b, 0xef,
    0x8d, 0x6b, 0xb7, 0x00, 0x00, 0x00, 0x00, 0x00, 0x00, 0x00, 0x00, 0x00, 0x8d, 0x6b, 0x1f, 0x8d, 0x6b, 0xeb, 0x00, 0x00, 0x00, 0x00, 0x00, 0x00,
    0x8d, 0x6b, 0xdf, 0x8d, 0x6b, 0x37, 0x8d, 0x6b, 0x03, 0x8d, 0x6b, 0x03, 0x8d, 0x6b, 0x03, 0x8d, 0x6b, 0x83, 0x8d, 0x6b, 0x68, 0x00, 0x00, 0x00,
    0x00, 0x00, 0x00, 0x00, 0x00, 0x00, 0x8d, 0x6b, 0x5c, 0x8d, 0x6b, 0x13, 0x00, 0x00, 0x00, 0x00, 0x00, 0x00, 0x8d, 0x6b, 0x8b, 0x8d, 0x6b, 0xa1,
    0x00, 0x00, 0x00, 0x00, 0x00, 0x00, 0x8d, 0x6b, 0x13, 0x8d, 0x6b, 0x77, 0x8d, 0x6b, 0x05, 0x00, 0x00, 0x00, 0x00, 0x00, 0x00, 0x00, 0x00, 0x00,
    0x00, 0x00, 0x00, 0x00, 0x00, 0x00, 0x00, 0x00, 0x00, 0x00, 0x00, 0x00, 0x8d, 0x6b, 0x73, 0x8d, 0x6b, 0x8b, 0x00, 0x00, 0x00, 0x8d, 0x6b, 0x27,
    0x8d, 0x6b, 0xe3, 0x00, 0x00, 0x00, 0x8d, 0x6b, 0x07, 0x8d, 0x6b, 0xf3, 0x00, 0x00, 0x00, 0x8d, 0x6b, 0x1b, 0x8d, 0x6b, 0xef, 0x00, 0x00, 0x00,
    0x8d, 0x6b, 0x1b, 0x8d, 0x6b, 0xe1, 0x8d, 0x6b, 0xe6, 0x8d, 0x6b, 0xf6, 0x8d, 0x6b, 0xba, 0x8d, 0x6b, 0x10, 0x8d, 0x6b, 0x0c, 0x00, 0x00, 0x00,
    0x8d, 0x6b, 0x27, 0x8d, 0x6b, 0xdb, 0x00, 0x00, 0x00, 0x00, 0x00, 0x00, 0x00, 0x00, 0x00, 0x00, 0x00, 0x00, 0x00, 0x00, 0x00, 0x00, 0x00, 0x00,
    0x8d, 0x6b, 0x1f, 0x8d, 0x6b, 0xeb, 0x00, 0x00, 0x00, 0x00, 0x00, 0x00, 0x8d, 0x6b, 0xdf, 0x8d, 0x6b, 0x33, 0x00, 0x00, 0x00, 0x00, 0x00, 0x00,
    0x00, 0x00, 0x00, 0x00, 0x00, 0x00, 0x00, 0x00, 0x00, 0x00, 0x00, 0x00, 0x00, 0x00, 0x00, 0x8d, 0x6b, 0x03, 0x8d, 0x6b, 0x84, 0x8d, 0x6b, 0xe6,
    0x8d, 0x6b, 0x46, 0x00, 0x00, 0x00, 0x8d, 0x6b, 0x8b, 0x8d, 0x6b, 0xfd, 0x8d, 0x6b, 0x35, 0x8d, 0x6b, 0x24, 0x8d, 0x6b, 0xd6, 0x8d, 0x6b, 0x91,
    0x8d, 0x6b, 0x05, 0x00, 0x00, 0x00, 0x00, 0x00, 0x00, 0x00, 0x00, 0x00, 0x00, 0x00, 0x00, 0x00, 0x00, 0x00, 0x00, 0x00, 0x00, 0x00, 0x00, 0x00,
    0x8d, 0x6b, 0x73, 0x8d, 0x6b, 0x8b, 0x00, 0x00, 0x00, 0x8d, 0x6b, 0x39, 0x8d, 0x6b, 0xd4, 0x00, 0x00, 0x00, 0x8d, 0x6b, 0x07, 0x8d, 0x6b, 0xf3,
    0x00, 0x00, 0x00, 0x8d, 0x6b, 0x1b, 0x8d, 0x6b, 0xef, 0x00, 0x00, 0x00, 0x8d, 0x6b, 0x1f, 0x8d, 0x6b, 0xa9, 0x8d, 0x6b, 0x5b, 0x8d, 0x6b, 0x16,
    0x00, 0x00, 0x00, 0x00, 0x00, 0x00, 0x8d, 0x6b, 0xa0, 0x8d, 0x6b, 0x4e, 0x8d, 0x6b, 0x27, 0x8d, 0x6b, 0xdb, 0x8d, 0x6b, 0x06, 0x8d, 0x6b, 0xc0,
    0x8d, 0x6b, 0x0a, 0x00, 0x00, 0x00, 0x00, 0x00, 0x00, 0x00, 0x00, 0x00, 0x8d, 0x6b, 0x1f, 0x8d, 0x6b, 0xeb, 0x00, 0x00, 0x00, 0x00, 0x00, 0x00,
    0x8d, 0x6b, 0xdf, 0x8d, 0x6b, 0x33, 0x00, 0x00, 0x00, 0x00, 0x00, 0x00, 0x00, 0x00, 0x00, 0x00, 0x00, 0x00, 0x00, 0x00, 0x00, 0x00, 0x00, 0x00,
    0x00, 0x00, 0x00, 0x00, 0x00, 0x00, 0x00, 0x00, 0x00, 0x8d, 0x6b, 0x41, 0x8d, 0x6b, 0xc4, 0x8d, 0x6b, 0x0d, 0x8d, 0x6b, 0xaa, 0x8d, 0x6b, 0xca,
    0x8d, 0x6b, 0xd7, 0x8d, 0x6b, 0xe4, 0x8d, 0x6b, 0x58, 0x00, 0x00, 0x00, 0x00, 0x00, 0x00, 0x00, 0x00, 0x00, 0x00, 0x00, 0x00, 0x00, 0x00, 0x00,
    0x00, 0x00, 0x00, 0x00, 0x00, 0x00, 0x00, 0x00, 0x00, 0x00, 0x00, 0x00, 0x8d, 0x6b, 0x73, 0x8d, 0x6b, 0x96, 0x8d, 0x6b, 0xa9, 0x8d, 0x6b, 0x89,
    0x8d, 0x6b, 0xb2, 0x00, 0x00, 0x00, 0x8d, 0x6b, 0x07, 0x8d, 0x6b, 0xf3, 0x00, 0x00, 0x00, 0x8d, 0x6b, 0x1b, 0x8d, 0x6b, 0xef, 0x00, 0x00, 0x00,
    0x00, 0x00, 0x00, 0x00, 0x00, 0x00, 0x00, 0x00, 0x00, 0x8d, 0x6b, 0x3d, 0x8d, 0x6b, 0x7e, 0x8d, 0x6b, 0x1d, 0x8d, 0x6b, 0xeb, 0x8d, 0x6b, 0x0e,
    0x8d, 0x6b, 0x27, 0x8d, 0x6b, 0xdb, 0x00, 0x00, 0x00, 0x8d, 0x6b, 0xa0, 0x8d, 0x6b, 0x75, 0x00, 0x00, 0x00, 0x00, 0x00, 0x00, 0x00, 0x00, 0x00,
    0x8d, 0x6b, 0x1f, 0x8d, 0x6b, 0xeb, 0x8d, 0x6b, 0x0c, 0x8d, 0x6b, 0x35, 0x8d, 0x6b, 0xdf, 0x8d, 0x6b, 0x33, 0x00, 0x00, 0x00, 0x00, 0x00, 0x00,
    0x00, 0x00, 0x00, 0x00, 0x00, 0x00, 0x8d, 0x6b, 0x5d, 0x8d, 0x6b, 0x29, 0x00, 0x00, 0x00, 0x00, 0x00, 0x00, 0x00, 0x00, 0x00, 0x8d, 0x6b, 0x1b,
    0x8d, 0x6b, 0x85, 0x8d, 0x6b, 0xe8, 0x8d, 0x6b, 0xe9, 0x8d, 0x6b, 0x83, 0x8d, 0x6b, 0x6b, 0x8d, 0x6b, 0xd0, 0x8d, 0x6b, 0x1e, 0x00, 0x00, 0x00,
    0x00, 0x00, 0x00, 0x00, 0x00, 0x00, 0x00, 0x00, 0x00, 0x00, 0x00, 0x00, 0x00, 0x00, 0x00, 0x00, 0x00, 0x00, 0x00, 0x00, 0x00, 0x00, 0x00, 0x00,
    0x8d, 0x6b, 0x81, 0x8d, 0x6b, 0xfd, 0x8d, 0x6b, 0xa0, 0x8d, 0x6b, 0xb5, 0x8d, 0x6b, 0x75, 0x00, 0x00, 0x00, 0x8d, 0x6b, 0x07, 0x8d, 0x6b, 0xf3,
    0x00, 0x00, 0x00, 0x8d, 0x6b, 0x1b, 0x8d, 0x6b, 0xef, 0x00, 0x00, 0x00, 0x8d, 0x6b, 0x0d, 0x8d, 0x6b, 0x6b, 0x8d, 0x6b, 0xd2, 0x8d, 0x6b, 0xd8,
    0x8d, 0x6b, 0x5b, 0x8d, 0x6b, 0xad, 0x8d, 0x6b, 0x7a, 0x00, 0x00, 0x00, 0x8d, 0x6b, 0x27, 0x8d, 0x6b, 0xdb, 0x00, 0x00, 0x00, 0x8d, 0x6b, 0x27,
    0x8d, 0x6b, 0xe7, 0x8d, 0x6b, 0x08, 0x00, 0x00, 0x00, 0x00, 0x00, 0x00, 0x8d, 0x6b, 0x25, 0x8d, 0x6b, 0xf4, 0x8d, 0x6b, 0xd3, 0x8d, 0x6b, 0x82,
    0x8d, 0x6b, 0xdf, 0x8d, 0x6b, 0x33, 0x00, 0x00, 0x00, 0x00, 0x00, 0x00, 0x00, 0x00, 0x00, 0x00, 0x00, 0x00, 0x8d, 0x6b, 0xa3, 0x8d, 0x6b, 0x63,
    0x00, 0x00, 0x00, 0x8d, 0x6b, 0x42, 0x8d, 0x6b, 0xac, 0x8d, 0x6b, 0xf4, 0x8d, 0x6b, 0x9a, 0x8d, 0x6b, 0x26, 0x8d, 0x6b, 0x8b, 0x8d, 0x6b, 0x83,
    0x00, 0x00, 0x00, 0x8d, 0x6b, 0x83, 0x8d, 0x6b, 0xed, 0x8d, 0x6b, 0x63, 0x8d, 0x6b, 0x08, 0x00, 0x00, 0x00, 0x00, 0x00, 0x00, 0x00, 0x00, 0x00,
    0x00, 0x00, 0x00, 0x00, 0x00, 0x00, 0x00, 0x00, 0x00, 0x8d, 0x6b, 0x05, 0x8d, 0x6b, 0xd8, 0x8d, 0x6b, 0x87, 0x8d, 0x6b, 0x22, 0x8d, 0x6b, 0xfa,
    0x8d, 0x6b, 0x25, 0x00, 0x00, 0x00, 0x00, 0x00, 0x00, 0x00, 0x00, 0x00, 0x00, 0x00, 0x00, 0x8d, 0x6b, 0x1b, 0x8d, 0x6b, 0xef, 0x00, 0x00, 0x00,
    0x8d, 0x6b, 0x3c, 0x8d, 0x6b, 0xd0, 0x8d, 0x6b, 0x57, 0x8d, 0x6b, 0x02, 0x8d, 0x6b, 0x3d, 0x8d, 0x6b, 0xcc, 0x8d, 0x6b, 0x04, 0x8d, 0x6b, 0x01,
    0x8d, 0x6b, 0x31, 0x8d, 0x6b, 0xda, 0x00, 0x00, 0x00, 0x00, 0x00, 0x00, 0x8d, 0x6b, 0xb4, 0x8d, 0x6b, 0x48, 0x00, 0x00, 0x00, 0x00, 0x00, 0x00,
    0x8d, 0x6b, 0x65, 0x8d, 0x6b, 0xfd, 0x8d, 0x6b, 0x78, 0x00, 0x00, 0x00, 0x8d, 0x6b, 0xd6, 0x8d, 0x6b, 0x5c, 0x8d, 0x6b, 0x01, 0x00, 0x00, 0x00,
    0x00, 0x00, 0x00, 0x8d, 0x6b, 0x0b, 0x8d, 0x6b, 0xd9, 0x8d, 0x6b, 0x3c, 0x00, 0x00, 0x00, 0x8d, 0x6b, 0xb0, 0x8d, 0x6b, 0x83, 0x8d, 0x6b, 0x17,
    0x00, 0x00, 0x00, 0x00, 0x00, 0x00, 0x8d, 0x6b, 0x94, 0x8d, 0x6b, 0x82, 0x00, 0x00, 0x00, 0x00, 0x00, 0x00, 0x8d, 0x6b, 0x4a, 0x8d, 0x6b, 0xd9,
    0x8d, 0x6b, 0xea, 0x8d, 0x6b, 0x1b, 0x00, 0x00, 0x00, 0x00, 0x00, 0x00, 0x00, 0x00, 0x00, 0x00, 0x00, 0x00, 0x00, 0x00, 0x00, 0x00, 0x00, 0x00,
    0x8d, 0x6b, 0x4b, 0x00, 0x00, 0x00, 0x8d, 0x6b, 0x2e, 0x8d, 0x6b, 0x8f, 0x00, 0x00, 0x00, 0x00, 0x00, 0x00, 0x00, 0x00, 0x00, 0x00, 0x00, 0x00,
    0x00, 0x00, 0x00, 0x8d, 0x6b, 0x14, 0x8d, 0x6b, 0xac, 0x00, 0x00, 0x00, 0x8d, 0x6b, 0x02, 0x00, 0x00, 0x00, 0x00, 0x00, 0x00, 0x00, 0x00, 0x00,
    0x00, 0x00, 0x00, 0x8d, 0x6b, 0x12, 0x00, 0x00, 0x00, 0x8d, 0x6b, 0xcc, 0x8d, 0x6b, 0xea, 0x8d, 0x6b, 0x8a, 0x00, 0x00, 0x00, 0x00, 0x00, 0x00,
    0x8d, 0x6b, 0x07, 0x00, 0x00, 0x00, 0x00, 0x00, 0x00, 0x00, 0x00, 0x00, 0x8d, 0x6b, 0x7f, 0x8d, 0x6b, 0x4b, 0x00, 0x00, 0x00, 0x00, 0x00, 0x00,
    0x8d, 0x6b, 0x72, 0x8d, 0x6b, 0xf0, 0x8d, 0x6b, 0xff, 0x8d, 0x6b, 0xff, 0x8d, 0x6b, 0xff, 0x8d, 0x6b, 0xf9, 0x8d, 0x6b, 0xb3, 0x8d, 0x6b, 0x02,
    0x00, 0x00, 0x00, 0x00, 0x00, 0x00, 0x00, 0x00, 0x00, 0x00, 0x00, 0x00, 0x8d, 0x6b, 0x74, 0x8d, 0x6b, 0xe7, 0x8d, 0x6b, 0xd7, 0x8d, 0x6b, 0x3e,
    0x00, 0x00, 0x00, 0x00, 0x00, 0x00, 0x00, 0x00, 0x00, 0x8d, 0x6b, 0x01, 0x8d, 0x6b, 0x2d, 0x00, 0x00, 0x00, 0x00, 0x00, 0x00, 0x00, 0x00, 0x00,
    0x00, 0x00, 0x00, 0x00, 0x00, 0x00, 0x00, 0x00, 0x00, 0x00, 0x00, 0x00, 0x00, 0x00, 0x00, 0x00, 0x00, 0x00, 0x00, 0x00, 0x00, 0x00, 0x00, 0x00,
    0x00, 0x00, 0x00, 0x00, 0x00, 0x00, 0x00, 0x00, 0x00, 0x00, 0x00, 0x00, 0x00, 0x00, 0x00, 0x00, 0x00, 0x00, 0x00, 0x00, 0x00, 0x00, 0x00, 0x00,
    0x00, 0x00, 0x00, 0x00, 0x00, 0x00, 0x00, 0x00, 0x00, 0x00, 0x00, 0x00, 0x00, 0x00, 0x00, 0x00, 0x00, 0x00, 0x00, 0x00, 0x00, 0x00, 0x00, 0x00,
    0x00, 0x00, 0x00, 0x00, 0x00, 0x00, 0x00, 0x00, 0x00, 0x00, 0x00, 0x00, 0x00, 0x00, 0x00, 0x00, 0x00, 0x00, 0x00, 0x00, 0x00, 0x00, 0x00, 0x00,
    0x00, 0x00, 0x00, 0x00, 0x00, 0x00, 0x00, 0x00, 0x00, 0x00, 0x00, 0x00, 0x00, 0x00, 0x00, 0x00, 0x00, 0x00, 0x00, 0x00, 0x00, 0x00, 0x00, 0x00,
    0x00, 0x00, 0x00, 0x00, 0x00, 0x00, 0x00, 0x00, 0x00, 0x00, 0x00, 0x00, 0x00, 0x00, 0x00, 0x00, 0x00, 0x00, 0x00, 0x00, 0x00, 0x00, 0x00, 0x00,
    0x00, 0x00, 0x00, 0x00, 0x00, 0x00, 0x00, 0x00, 0x00, 0x00, 0x00, 0x00, 0x00, 0x00, 0x00, 0x00, 0x00, 0x00, 0x00, 0x00, 0x00, 0x00, 0x00, 0x00,
    0x00, 0x00, 0x00, 0x00, 0x00, 0x00, 0x00, 0x00, 0x00, 0x00, 0x00, 0x00, 0x00, 0x00, 0x00, 0x00, 0x00, 0x00, 0x00, 0x00, 0x00, 0x00, 0x00, 0x00,
    0x00, 0x00, 0x00, 0x00, 0x00, 0x00, 0x00, 0x00, 0x00, 0x00, 0x00, 0x00, 0x00, 0x00, 0x00, 0x00, 0x00, 0x00, 0x00, 0x00, 0x00, 0x00, 0x00, 0x00,
    0x00, 0x00, 0x00, 0x00, 0x00, 0x00, 0x00, 0x00, 0x00, 0x00, 0x00, 0x00, 0x00, 0x00, 0x00, 0x00, 0x00, 0x00, 0x00, 0x00, 0x00, 0x00, 0x00, 0x00,
    0x00, 0x00, 0x00, 0x00, 0x00, 0x00, 0x00, 0x00, 0x00, 0x00, 0x00, 0x00, 0x00, 0x00, 0x00, 0x00, 0x00, 0x00, 0x00, 0x00, 0x00, 0x00, 0x00, 0x00,
    0x00, 0x00, 0x00, 0x00, 0x00, 0x00, 0x00, 0x00, 0x00, 0x00, 0x00, 0x00, 0x00, 0x00, 0x00, 0x00, 0x00, 0x00, 0x00, 0x00, 0x00, 0x00, 0x00, 0x00,
    0x00, 0x00, 0x00, 0x00, 0x00, 0x00, 0x00, 0x00, 0x00, 0x00, 0x00, 0x00, 0x00, 0x00, 0x00, 0x00, 0x00, 0x00, 0x00, 0x00, 0x00, 0x00, 0x00, 0x00,
    0x00, 0x00, 0x00, 0x00, 0x00, 0x00, 0x00, 0x00, 0x00, 0x00, 0x00, 0x00, 0x00, 0x00, 0x00, 0x00, 0x00, 0x00, 0x00, 0x00, 0x00, 0x00, 0x00, 0x00,
    0x00, 0x00, 0x00, 0x00, 0x00, 0x00, 0x00, 0x00, 0x00, 0x00, 0x00, 0x00, 0x00, 0x00, 0x00, 0x00, 0x00, 0x00, 0x00, 0x00, 0x00, 0x00, 0x00, 0x00,
};
const lv_img_dsc_t zh_records = {
    .header.always_zero = 0,
    .header.w = 60,
    .header.h = 18,
    .data_size = 3240,
    .header.cf = LV_IMG_CF_TRUE_COLOR_ALPHA,
    .data = zh_records_map,
};

#ifndef LV_ATTRIBUTE_IMG_ZH_SET_REPS
#define LV_ATTRIBUTE_IMG_ZH_SET_REPS
#endif
const LV_ATTRIBUTE_MEM_ALIGN LV_ATTRIBUTE_LARGE_CONST LV_ATTRIBUTE_IMG_ZH_SET_REPS uint8_t zh_set_reps_map[] = {
    0x00, 0x00, 0x00, 0x00, 0x00, 0x00, 0x00, 0x00, 0x00, 0x00, 0x00, 0x00, 0x00, 0x00, 0x00, 0x00, 0x00, 0x00, 0x00, 0x00, 0x00, 0x00, 0x00, 0x00,
    0x00, 0x00, 0x00, 0x00, 0x00, 0x00, 0x00, 0x00, 0x00, 0x00, 0x00, 0x00, 0x00, 0x00, 0x00, 0x00, 0x00, 0x00, 0x00, 0x00, 0x00, 0x00, 0x00, 0x00,
    0x00, 0x00, 0x00, 0x00, 0x00, 0x00, 0x00, 0x00, 0x00, 0x00, 0x00, 0x00, 0x00, 0x00, 0x00, 0x00, 0x00, 0x00, 0x00, 0x00, 0x00, 0x00, 0x00, 0x00,
    0x00, 0x00, 0x00, 0x00, 0x00, 0x00, 0x00, 0x00, 0x00, 0x00, 0x00, 0x00, 0x00, 0x00, 0x00, 0x00, 0x00, 0x00, 0x00, 0x00, 0x00, 0x00, 0x00, 0x00,
    0x00, 0x00, 0x00, 0x00, 0x00, 0x00, 0x00, 0x00, 0x00, 0x00, 0x00, 0x00, 0x00, 0x00, 0x00, 0x00, 0x00, 0x00, 0x00, 0x00, 0x00, 0x00, 0x00, 0x00,
    0x00, 0x00, 0x00, 0x00, 0x00, 0x00, 0x00, 0x00, 0x00, 0x00, 0x00, 0x00, 0x00, 0x00, 0x00, 0x00, 0x00, 0x00, 0x00, 0x00, 0x00, 0x00, 0x00, 0x00,
    0x00, 0x00, 0x00, 0x00, 0x00, 0x00, 0x00, 0x00, 0x00, 0x00, 0x00, 0x00, 0x00, 0x00, 0x00, 0x00, 0x00, 0x00, 0x00, 0x00, 0x00, 0x00, 0x00, 0x00,
    0x00, 0x00, 0x00, 0x00, 0x00, 0x00, 0x00, 0x00, 0x00, 0x00, 0x00, 0x00, 0x00, 0x00, 0x00, 0x00, 0x00, 0x00, 0x00, 0x00, 0x00, 0x00, 0x00, 0x00,
    0x00, 0x00, 0x00, 0x00, 0x00, 0x00, 0x00, 0x00, 0x00, 0x00, 0x00, 0x00, 0x00, 0x00, 0x00, 0x00, 0x00, 0x00, 0x00, 0x00, 0x00, 0x00, 0x00, 0x00,
    0x00, 0x00, 0x00, 0x00, 0x00, 0x00, 0x00, 0x00, 0x00, 0x00, 0x00, 0x00, 0x00, 0x00, 0x00, 0x00, 0x00, 0x00, 0x00, 0x00, 0x00, 0x00, 0x00, 0x00,
    0x00, 0x00, 0x00, 0x00, 0x00, 0x00, 0x00, 0x00, 0x00, 0x00, 0x00, 0x00, 0x00, 0x00, 0x00, 0x00, 0x00, 0x00, 0x00, 0x00, 0x00, 0x00, 0x00, 0x00,
    0x00, 0x00, 0x00, 0x00, 0x00, 0x00, 0x00, 0x00, 0x00, 0x00, 0x00, 0x00, 0x00, 0x00, 0x00, 0x00, 0x00, 0x00, 0x00, 0x00, 0x00, 0x00, 0x00, 0x00,
    0x00, 0x00, 0x00, 0x00, 0x00, 0x00, 0x00, 0x00, 0x00, 0x00, 0x00, 0x00, 0x00, 0x00, 0x00, 0x00, 0x00, 0x00, 0x00, 0x00, 0x00, 0x00, 0x00, 0x00,
    0x00, 0x00, 0x00, 0x00, 0x00, 0x00, 0x00, 0x00, 0x00, 0x00, 0x00, 0x00, 0x00, 0x00, 0x00, 0x00, 0x00, 0x00, 0x00, 0x00, 0x00, 0x00, 0x00, 0x00,
    0x00, 0x00, 0x00, 0x00, 0x00, 0x00, 0x00, 0x00, 0x00, 0x00, 0x00, 0x00, 0x00, 0x00, 0x00, 0x00, 0x00, 0x00, 0x00, 0x00, 0x00, 0x00, 0x00, 0x00,
    0x00, 0x00, 0x00, 0x00, 0x00, 0x00, 0x00, 0x00, 0x00, 0x00, 0x00, 0x00, 0x00, 0x00, 0x00, 0x00, 0x00, 0x00, 0x00, 0x00, 0x00, 0x00, 0x00, 0x00,
    0x00, 0x00, 0x00, 0x00, 0x00, 0x00, 0x00, 0x00, 0x00, 0x00, 0x00, 0x00, 0x8d, 0x6b, 0x05, 0x00, 0x00, 0x00, 0x00, 0x00, 0x00, 0x00, 0x00, 0x00,
    0x00, 0x00, 0x00, 0x00, 0x00, 0x00, 0x00, 0x00, 0x00, 0x00, 0x00, 0x00, 0x00, 0x00, 0x00, 0x00, 0x00, 0x00, 0x00, 0x00, 0x00, 0x00, 0x00, 0x00,
    0x00, 0x00, 0x00, 0x00, 0x00, 0x00, 0x00, 0x00, 0x00, 0x00, 0x00, 0x00, 0x00, 0x00, 0x00, 0x00, 0x00, 0x00, 0x00, 0x00, 0x00, 0x00, 0x00, 0x00,
    0x00, 0x00, 0x00, 0x00, 0x00, 0x00, 0x00, 0x00, 0x00, 0x00, 0x00, 0x00, 0x00, 0x00, 0x00, 0x00, 0x00, 0x00, 0x00, 0x00, 0x00, 0x00, 0x00, 0x00,
    0x00, 0x00, 0x00, 0x00, 0x00, 0x00, 0x00, 0x00, 0x00, 0x00, 0x00, 0x00, 0x00, 0x00, 0x00, 0x00, 0x00, 0x00, 0x00, 0x00, 0x00, 0x00, 0x00, 0x00,
    0x00, 0x00, 0x00, 0x00, 0x00, 0x00, 0x00, 0x00, 0x00, 0x00, 0x00, 0x00, 0x00, 0x00, 0x00, 0x00, 0x00, 0x00, 0x00, 0x00, 0x00, 0x00, 0x00, 0x00,
    0x00, 0x00, 0x00, 0x00, 0x00, 0x00, 0x00, 0x00, 0x00, 0x00, 0x00, 0x00, 0x00, 0x00, 0x00, 0x00, 0x00, 0x00, 0x00, 0x00, 0x00, 0x00, 0x00, 0x00,
    0x00, 0x00, 0x00, 0x00, 0x00, 0x00, 0x00, 0x00, 0x00, 0x00, 0x00, 0x00, 0x00, 0x00, 0x00, 0x00, 0x00, 0x00, 0x00, 0x00, 0x00, 0x00, 0x00, 0x00,
    0x8d, 0x6b, 0xb9, 0x8d, 0x6b, 0x09, 0x8d, 0x6b, 0x23, 0x8d, 0x6b, 0xaf, 0x8d, 0x6b, 0xaf, 0x8d, 0x6b, 0xaf, 0x8d, 0x6b, 0x7b, 0x00, 0x00, 0x00,
    0x00, 0x00, 0x00, 0x00, 0x00, 0x00, 0x00, 0x00, 0x00, 0x00, 0x00, 0x00, 0x00, 0x00, 0x00, 0x00, 0x00, 0x00, 0x00, 0x00, 0x00, 0x00, 0x00, 0x00,
    0x00, 0x00, 0x00, 0x00, 0x00, 0x00, 0x00, 0x00, 0x00, 0x00, 0x00, 0x00, 0x00, 0x00, 0x00, 0x00, 0x00, 0x00, 0x00, 0x00, 0x00, 0x00, 0x00, 0x00,
    0x00, 0x00, 0x00, 0x00, 0x00, 0x00, 0x00, 0x00, 0x00, 0x00, 0x00, 0x00, 0x00, 0x00, 0x00, 0x00, 0x00, 0x00, 0x00, 0x00, 0x00, 0x00, 0x00, 0x00,
    0x00, 0x00, 0x00, 0x00, 0x00, 0x00, 0x00, 0x00, 0x00, 0x00, 0x00, 0x00, 0x8d, 0x6b, 0x02, 0x8d, 0x6b, 0x07, 0x00, 0x00, 0x00, 0x00, 0x00, 0x00,
    0x8d, 0x6b, 0x95, 0x8d, 0x6b, 0x35, 0x00, 0x00, 0x00, 0x00, 0x00, 0x00, 0x00, 0x00, 0x00, 0x00, 0x00, 0x00, 0x00, 0x00, 0x00, 0x00, 0x00, 0x00,
    0x00, 0x00, 0x00, 0x00, 0x00, 0x00, 0x8d, 0x6b, 0x19, 0x8d, 0x6b, 0xaf, 0x8d, 0x6b, 0xcb, 0x8d, 0x6b, 0xbf, 0x8d, 0x6b, 0x17, 0x00, 0x00, 0x00,
    0x00, 0x00, 0x00, 0x00, 0x00, 0x00, 0x00, 0x00, 0x00, 0x8d, 0x6b, 0x38, 0x8d, 0x6b, 0x8c, 0x00, 0x00, 0x00, 0x8d, 0x6b, 0x33, 0x8d, 0x6b, 0x83,
    0x00, 0x00, 0x00, 0x8d, 0x6b, 0x07, 0x8d, 0x6b, 0xb3, 0x00, 0x00, 0x00, 0x00, 0x00, 0x00, 0x00, 0x00, 0x00, 0x00, 0x00, 0x00, 0x00, 0x00, 0x00,
    0x00, 0x00, 0x00, 0x00, 0x00, 0x00, 0x00, 0x00, 0x00, 0x00, 0x00, 0x00, 0x00, 0x00, 0x00, 0x00, 0x00, 0x00, 0x00, 0x00, 0x00, 0x00, 0x00, 0x00,
    0x00, 0x00, 0x00, 0x00, 0x00, 0x00, 0x00, 0x00, 0x00, 0x8d, 0x6b, 0x7b, 0x8d, 0x6b, 0xe8, 0x8d, 0x6b, 0x6b, 0x00, 0x00, 0x00, 0x00, 0x00, 0x00,
    0x00, 0x00, 0x00, 0x8d, 0x6b, 0x6a, 0x8d, 0x6b, 0xc2, 0x8d, 0x6b, 0xba, 0x8d, 0x6b, 0x19, 0x00, 0x00, 0x00, 0x00, 0x00, 0x00, 0x00, 0x00, 0x00,
    0x8d, 0x6b, 0x31, 0x8d, 0x6b, 0xc7, 0x8d, 0x6b, 0x26, 0x00, 0x00, 0x00, 0x8d, 0x6b, 0xd6, 0x8d, 0x6b, 0x0b, 0x00, 0x00, 0x00, 0x00, 0x00, 0x00,
    0x8d, 0x6b, 0x01, 0x00, 0x00, 0x00, 0x00, 0x00, 0x00, 0x00, 0x00, 0x00, 0x00, 0x00, 0x00, 0x00, 0x00, 0x00, 0x8d, 0x6b, 0x40, 0x8d, 0x6b, 0x2f,
    0x00, 0x00, 0x00, 0x8d, 0x6b, 0x7e, 0x8d, 0x6b, 0x89, 0x00, 0x00, 0x00, 0x00, 0x00, 0x00, 0x00, 0x00, 0x00, 0x00, 0x00, 0x00, 0x8d, 0x6b, 0xa5,
    0x8d, 0x6b, 0x17, 0x8d, 0x6b, 0x79, 0x8d, 0x6b, 0x39, 0x8d, 0x6b, 0x83, 0x00, 0x00, 0x00, 0x8d, 0x6b, 0x07, 0x8d, 0x6b, 0xb3, 0x00, 0x00, 0x00,
    0x00, 0x00, 0x00, 0x00, 0x00, 0x00, 0x00, 0x00, 0x00, 0x8d, 0x6b, 0x0d, 0x8d, 0x6b, 0xa7, 0x8d, 0x6b, 0x08, 0x00, 0x00, 0x00, 0x00, 0x00, 0x00,
    0x8d, 0x6b, 0x09, 0x8d, 0x6b, 0xa5, 0x8d, 0x6b, 0x0a, 0x00, 0x00, 0x00, 0x00, 0x00, 0x00, 0x00, 0x00, 0x00, 0x00, 0x00, 0x00, 0x8d, 0x6b, 0x16,
    0x8d, 0x6b, 0x8a, 0x8d, 0x6b, 0x6b, 0x00, 0x00, 0x00, 0x00, 0x00, 0x00, 0x8d, 0x6b, 0x1a, 0x8d, 0x6b, 0xcb, 0x8d, 0x6b, 0x03, 0x8d, 0x6b, 0x49,
    0x8d, 0x6b, 0x9d, 0x00, 0x00, 0x00, 0x00, 0x00, 0x00, 0x00, 0x00, 0x00, 0x00, 0x00, 0x00, 0x8d, 0x6b, 0x2b, 0x8d, 0x6b, 0x9b, 0x8d, 0x6b, 0x1f,
    0x8d, 0x6b, 0xe6, 0x8d, 0x6b, 0xbf, 0x8d, 0x6b, 0xbf, 0x8d, 0x6b, 0xbf, 0x8d, 0x6b, 0xe9, 0x8d, 0x6b, 0x2b, 0x00, 0x00, 0x00, 0x00, 0x00, 0x00,
    0x00, 0x00, 0x00, 0x00, 0x00, 0x00, 0x00, 0x00, 0x00, 0x00, 0x00, 0x00, 0x00, 0x00, 0x00, 0x8d, 0x6b, 0x43, 0x8d, 0x6b, 0xa2, 0x00, 0x00, 0x00,
    0x00, 0x00, 0x00, 0x00, 0x00, 0x00, 0x8d, 0x6b, 0x4e, 0x8d, 0x6b, 0xc2, 0x8d, 0x6b, 0x80, 0x8d, 0x6b, 0x90, 0x8d, 0x6b, 0x33, 0x8d, 0x6b, 0xd9,
    0x8d, 0x6b, 0xaf, 0x8d, 0x6b, 0xb2, 0x8d, 0x6b, 0xb3, 0x00, 0x00, 0x00, 0x00, 0x00, 0x00, 0x00, 0x00, 0x00, 0x00, 0x00, 0x00, 0x00, 0x00, 0x00,
    0x8d, 0x6b, 0x43, 0x8d, 0x6b, 0xad, 0x8d, 0x6b, 0x07, 0x8d, 0x6b, 0x09, 0x8d, 0x6b, 0xaf, 0x8d, 0x6b, 0x3d, 0x00, 0x00, 0x00, 0x00, 0x00, 0x00,
    0x00, 0x00, 0x00, 0x00, 0x00, 0x00, 0x00, 0x00, 0x00, 0x00, 0x00, 0x00, 0x8d, 0x6b, 0x7b, 0x8d, 0x6b, 0x6b, 0x00, 0x00, 0x00, 0x00, 0x00, 0x00,
    0x8d, 0x6b, 0x60, 0x8d, 0x6b, 0x80, 0x00, 0x00, 0x00, 0x8d, 0x6b, 0x02, 0x8d, 0x6b, 0xda, 0x00, 0x00, 0x00, 0x00, 0x00, 0x00, 0x00, 0x00, 0x00,
    0x00, 0x00, 0x00, 0x00, 0x00, 0x00, 0x00, 0x00, 0x00, 0x8d, 0x6b, 0x93, 0x8d, 0x6b, 0x50, 0x8d, 0x6b, 0x3c, 0x8d, 0x6b, 0x59, 0x00, 0x00, 0x00,
    0x8d, 0x6b, 0xc8, 0x8d, 0x6b, 0x02, 0x00, 0x00, 0x00, 0x00, 0x00, 0x00, 0x00, 0x00, 0x00, 0x00, 0x00, 0x00, 0x00, 0x00, 0x00, 0x00, 0x00, 0x00,
    0x00, 0x00, 0x00, 0x8d, 0x6b, 0x7b, 0x8d, 0x6b, 0x6f, 0x00, 0x00, 0x00, 0x00, 0x00, 0x00, 0x00, 0x00, 0x00, 0x8d, 0x6b, 0x35, 0x8d, 0x6b, 0x52,
    0x8d, 0x6b, 0xc4, 0x8d, 0x6b, 0x0d, 0x8d, 0x6b, 0x33, 0x8d, 0x6b, 0x83, 0x00, 0x00, 0x00, 0x8d, 0x6b, 0x07, 0x8d, 0x6b, 0xb3, 0x00, 0x00, 0x00,
    0x00, 0x00, 0x00, 0x00, 0x00, 0x00, 0x00, 0x00, 0x00, 0x00, 0x00, 0x00, 0x00, 0x00, 0x00, 0x8d, 0x6b, 0x41, 0x8d, 0x6b, 0xaa, 0x8d, 0x6b, 0xaf,
    0x8d, 0x6b, 0x3e, 0x00, 0x00, 0x00, 0x00, 0x00, 0x00, 0x00, 0x00, 0x00, 0x00, 0x00, 0x00, 0x00, 0x00, 0x00, 0x00, 0x00, 0x00, 0x00, 0x00, 0x00,
    0x8d, 0x6b, 0x7b, 0x8d, 0x6b, 0x6b, 0x00, 0x00, 0x00, 0x00, 0x00, 0x00, 0x8d, 0x6b, 0x79, 0x8d, 0x6b, 0x67, 0x00, 0x00, 0x00, 0x00, 0x00, 0x00,
    0x8d, 0x6b, 0xda, 0x8d, 0x6b, 0x03, 0x00, 0x00, 0x00, 0x00, 0x00, 0x00, 0x00, 0x00, 0x00, 0x00, 0x00, 0x00, 0x8d, 0x6b, 0x05, 0x8d, 0x6b, 0xba,
    0x8d, 0x6b, 0x01, 0x8d, 0x6b, 0x5d, 0x8d, 0x6b, 0x78, 0x8d, 0x6b, 0x36, 0x8d, 0x6b, 0x89, 0x00, 0x00, 0x00, 0x00, 0x00, 0x00, 0x00, 0x00, 0x00,
    0x00, 0x00, 0x00, 0x00, 0x00, 0x00, 0x00, 0x00, 0x00, 0x00, 0x00, 0x00, 0x8d, 0x6b, 0x12, 0x8d, 0x6b, 0xd9, 0x8d, 0x6b, 0x0f, 0x00, 0x00, 0x00,
    0x00, 0x00, 0x00, 0x00, 0x00, 0x00, 0x00, 0x00, 0x00, 0x8d, 0x6b, 0x76, 0x8d, 0x6b, 0x4b, 0x8d, 0x6b, 0x1e, 0x8d, 0x6b, 0x34, 0x8d, 0x6b, 0x83,
    0x00, 0x00, 0x00, 0x8d, 0x6b, 0x07, 0x8d, 0x6b, 0xb3, 0x00, 0x00, 0x00, 0x00, 0x00, 0x00, 0x00, 0x00, 0x00, 0x00, 0x00, 0x00, 0x00, 0x00, 0x00,
    0x00, 0x00, 0x00, 0x8d, 0x6b, 0x09, 0x8d, 0x6b, 0xba, 0x8d, 0x6b, 0xbc, 0x8d, 0x6b, 0x08, 0x00, 0x00, 0x00, 0x00, 0x00, 0x00, 0x00, 0x00, 0x00,
    0x00, 0x00, 0x00, 0x00, 0x00, 0x00, 0x00, 0x00, 0x00, 0x00, 0x00, 0x00, 0x8d, 0x6b, 0x7b, 0x8d, 0x6b, 0x6b, 0x00, 0x00, 0x00, 0x00, 0x00, 0x00,
    0x8d, 0x6b, 0x78, 0x8d, 0x6b, 0x68, 0x00, 0x00, 0x00, 0x00, 0x00, 0x00, 0x8d, 0x6b, 0xda, 0x8d, 0x6b, 0x02, 0x00, 0x00, 0x00, 0x00, 0x00, 0x00,
    0x00, 0x00, 0x00, 0x00, 0x00, 0x00, 0x8d, 0x6b, 0x8e, 0x8d, 0x6b, 0x02, 0x00, 0x00, 0x00, 0x8d, 0x6b, 0x7d, 0x8d, 0x6b, 0xaa, 0x00, 0x00, 0x00,
    0x8d, 0x6b, 0x09, 0x00, 0x00, 0x00, 0x00, 0x00, 0x00, 0x00, 0x00, 0x00, 0x00, 0x00, 0x00, 0x00, 0x00, 0x00, 0x00, 0x00, 0x00, 0x8d, 0x6b, 0x02,
    0x8d, 0x6b, 0xb7, 0x8d, 0x6b, 0x55, 0x00, 0x00, 0x00, 0x00, 0x00, 0x00, 0x00, 0x00, 0x00, 0x00, 0x00, 0x00, 0x8d, 0x6b, 0x44, 0x8d, 0x6b, 0xf0,
    0x8d, 0x6b, 0xb2, 0x8d, 0x6b, 0x96, 0x8d, 0x6b, 0x34, 0x8d, 0x6b, 0xd5, 0x8d, 0x6b, 0xa7, 0x8d, 0x6b, 0xaa, 0x8d, 0x6b, 0xb3, 0x00, 0x00, 0x00,
    0x00, 0x00, 0x00, 0x00, 0x00, 0x00, 0x00, 0x00, 0x00, 0x00, 0x00, 0x00, 0x8d, 0x6b, 0x09, 0x8d, 0x6b, 0xae, 0x8d, 0x6b, 0x3d, 0x8d, 0x6b, 0x41,
    0x8d, 0x6b, 0xad, 0x8d, 0x6b, 0x07, 0x00, 0x00, 0x00, 0x00, 0x00, 0x00, 0x00, 0x00, 0x00, 0x00, 0x00, 0x00, 0x00, 0x00, 0x00, 0x00, 0x00, 0x00,
    0x8d, 0x6b, 0x7b, 0x8d, 0x6b, 0x6b, 0x00, 0x00, 0x00, 0x00, 0x00, 0x00, 0x8d, 0x6b, 0x5f, 0x8d, 0x6b, 0x81, 0x00, 0x00, 0x00, 0x8d, 0x6b, 0x03,
    0x8d, 0x6b, 0xda, 0x00, 0x00, 0x00, 0x00, 0x00, 0x00, 0x00, 0x00, 0x00, 0x00, 0x00, 0x00, 0x8d, 0x6b, 0x56, 0x8d, 0x6b, 0x91, 0x00, 0x00, 0x00,
    0x00, 0x00, 0x00, 0x8d, 0x6b, 0xc7, 0x8d, 0x6b, 0xc2, 0x8d, 0x6b, 0x0f, 0x00, 0x00, 0x00, 0x00, 0x00, 0x00, 0x00, 0x00, 0x00, 0x00, 0x00, 0x00,
    0x00, 0x00, 0x00, 0x00, 0x00, 0x00, 0x8d, 0x6b, 0x01, 0x8d, 0x6b, 0x9b, 0x8d, 0x6b, 0x84, 0x00, 0x00, 0x00, 0x00, 0x00, 0x00, 0x00, 0x00, 0x00,
    0x00, 0x00, 0x00, 0x00, 0x00, 0x00, 0x8d, 0x6b, 0x11, 0x8d, 0x6b, 0x0a, 0x8d, 0x6b, 0x01, 0x8d, 0x6b, 0x29, 0x8d, 0x6b, 0x33, 0x8d, 0x6b, 0x83,
    0x00, 0x00, 0x00, 0x8d, 0x6b, 0x07, 0x8d, 0x6b, 0xb3, 0x00, 0x00, 0x00, 0x00, 0x00, 0x00, 0x00, 0x00, 0x00, 0x00, 0x00, 0x00, 0x8d, 0x6b, 0x08,
    0x8d, 0x6b, 0xaf, 0x8d, 0x6b, 0x3d, 0x00, 0x00, 0x00, 0x00, 0x00, 0x00, 0x8d, 0x6b, 0x41, 0x8d, 0x6b, 0xaa, 0x8d, 0x6b, 0x06, 0x00, 0x00, 0x00,
    0x00, 0x00, 0x00, 0x00, 0x00, 0x00, 0x00, 0x00, 0x00, 0x00, 0x00, 0x00, 0x8d, 0x6b, 0x7b, 0x8d, 0x6b, 0x6b, 0x00, 0x00, 0x00, 0x00, 0x00, 0x00,
    0x8d, 0x6b, 0x19, 0x8d, 0x6b, 0xcb, 0x8d, 0x6b, 0x03, 0x8d, 0x6b, 0x49, 0x8d, 0x6b, 0x9c, 0x00, 0x00, 0x00, 0x00, 0x00, 0x00, 0x00, 0x00, 0x00,
    0x8d, 0x6b, 0x12, 0x8d, 0x6b, 0xd2, 0x8d, 0x6b, 0x10, 0x00, 0x00, 0x00, 0x8d, 0x6b, 0x5d, 0x8d, 0x6b, 0xac, 0x8d, 0x6b, 0x3b, 0x8d, 0x6b, 0x89,
    0x00, 0x00, 0x00, 0x00, 0x00, 0x00, 0x00, 0x00, 0x00, 0x00, 0x00, 0x00, 0x00, 0x00, 0x00, 0x00, 0x00, 0x00, 0x8d, 0x6b, 0x74, 0x8d, 0x6b, 0xfb,
    0x8d, 0x6b, 0xc1, 0x8d, 0x6b, 0xc7, 0x8d, 0x6b, 0xc7, 0x8d, 0x6b, 0x09, 0x00, 0x00, 0x00, 0x00, 0x00, 0x00, 0x8d, 0x6b, 0x41, 0x8d, 0x6b, 0xaf,
    0x8d, 0x6b, 0xb3, 0x8d, 0x6b, 0x80, 0x8d, 0x6b, 0x33, 0x8d, 0x6b, 0x83, 0x00, 0x00, 0x00, 0x8d, 0x6b, 0x07, 0x8d, 0x6b, 0xb3, 0x00, 0x00, 0x00,
    0x00, 0x00, 0x00, 0x00, 0x00, 0x00, 0x00, 0x00, 0x00, 0x8d, 0x6b, 0x04, 0x8d, 0x6b, 0x2d, 0x00, 0x00, 0x00, 0x00, 0x00, 0x00, 0x00, 0x00, 0x00,
    0x00, 0x00, 0x00, 0x8d, 0x6b, 0x2d, 0x8d, 0x6b, 0x03, 0x00, 0x00, 0x00, 0x00, 0x00, 0x00, 0x00, 0x00, 0x00, 0x8d, 0x6b, 0x17, 0x8d, 0x6b, 0xbf,
    0x8d, 0x6b, 0xde, 0x8d, 0x6b, 0xda, 0x8d, 0x6b, 0xaa, 0x00, 0x00, 0x00, 0x00, 0x00, 0x00, 0x8d, 0x6b, 0x6b, 0x8d, 0x6b, 0xc3, 0x8d, 0x6b, 0xbb,
    0x8d, 0x6b, 0x19, 0x00, 0x00, 0x00, 0x00, 0x00, 0x00, 0x00, 0x00, 0x00, 0x8d, 0x6b, 0x55, 0x8d, 0x6b, 0x63, 0x00, 0x00, 0x00, 0x8d, 0x6b, 0x56,
    0x8d, 0x6b, 0xd1, 0x8d, 0x6b, 0x19, 0x00, 0x00, 0x00, 0x8d, 0x6b, 0xa8, 0x8d, 0x6b, 0x6a, 0x8d, 0x6b, 0x01, 0x00, 0x00, 0x00, 0x00, 0x00, 0x00,
    0x00, 0x00, 0x00, 0x00, 0x00, 0x00, 0x00, 0x00, 0x00, 0x00, 0x00, 0x00, 0x00, 0x00, 0x00, 0x00, 0x00, 0x00, 0x00, 0x00, 0x00, 0x00, 0x00, 0x00,
    0x00, 0x00, 0x00, 0x00, 0x00, 0x00, 0x8d, 0x6b, 0x15, 0x8d, 0x6b, 0x0c, 0x00, 0x00, 0x00, 0x8d, 0x6b, 0x24, 0x8d, 0x6b, 0xb3, 0x8d, 0x6b, 0xb3,
    0x8d, 0x6b, 0xb3, 0x8d, 0x6b, 0xb3, 0x8d, 0x6b, 0xb3, 0x8d, 0x6b, 0x68, 0x00, 0x00, 0x00, 0x00, 0x00, 0x00, 0x00, 0x00, 0x00, 0x00, 0x00, 0x00,
    0x00, 0x00, 0x00, 0x00, 0x00, 0x00, 0x00, 0x00, 0x00, 0x00, 0x00, 0x00, 0x00, 0x00, 0x00, 0x00, 0x00, 0x00, 0x00, 0x00, 0x00, 0x00, 0x00, 0x00,
    0x00, 0x00, 0x00, 0x00, 0x00, 0x00, 0x00, 0x00, 0x00, 0x00, 0x00, 0x00, 0x00, 0x00, 0x00, 0x00, 0x00, 0x00, 0x00, 0x00, 0x00, 0x00, 0x00, 0x00,
    0x00, 0x00, 0x00, 0x00, 0x00, 0x00, 0x00, 0x00, 0x00, 0x00, 0x00, 0x00, 0x00, 0x00, 0x00, 0x00, 0x00, 0x00, 0x00, 0x00, 0x00, 0x00, 0x00, 0x00,
    0x00, 0x00, 0x00, 0x00, 0x00, 0x00, 0x8d, 0x6b, 0x55, 0x8d, 0x6b, 0xbf, 0x8d, 0x6b, 0x1d, 0x00, 0x00, 0x00, 0x00, 0x00, 0x00, 0x8d, 0x6b, 0x02,
    0x8d, 0x6b, 0x86, 0x8d, 0x6b, 0x57, 0x00, 0x00, 0x00, 0x00, 0x00, 0x00, 0x00, 0x00, 0x00, 0x00, 0x00, 0x00, 0x00, 0x00, 0x00, 0x00, 0x00, 0x00,
    0x00, 0x00, 0x00, 0x00, 0x00, 0x00, 0x00, 0x00, 0x00, 0x00, 0x00, 0x00, 0x00, 0x00, 0x00, 0x00, 0x00, 0x00, 0x00, 0x00, 0x00, 0x00, 0x00, 0x00,
    0x00, 0x00, 0x00, 0x00, 0x00, 0x00, 0x00, 0x00, 0x00, 0x00, 0x00, 0x00, 0x00, 0x00, 0x00, 0x00, 0x00, 0x00, 0x00, 0x00, 0x00, 0x00, 0x00, 0x00,
    0x00, 0x00, 0x00, 0x00, 0x00, 0x00, 0x00, 0x00, 0x00, 0x00, 0x00, 0x00, 0x00, 0x00, 0x00, 0x00, 0x00, 0x00, 0x00, 0x00, 0x00, 0x00, 0x00, 0x00,
    0x00, 0x00, 0x00, 0x00, 0x00, 0x00, 0x00, 0x00, 0x00, 0x00, 0x00, 0x00, 0x00, 0x00, 0x00, 0x00, 0x00, 0x00, 0x00, 0x00, 0x00, 0x00, 0x00, 0x00,
    0x00, 0x00, 0x00, 0x00, 0x00, 0x00, 0x00, 0x00, 0x00, 0x00, 0x00, 0x00, 0x00, 0x00, 0x00, 0x00, 0x00, 0x00, 0x00, 0x00, 0x00, 0x00, 0x00, 0x00,
    0x00, 0x00, 0x00, 0x00, 0x00, 0x00, 0x00, 0x00, 0x00, 0x00, 0x00, 0x00, 0x00, 0x00, 0x00, 0x00, 0x00, 0x00, 0x8d, 0x6b, 0x03, 0x8d, 0x6b, 0x01,
    0x00, 0x00, 0x00, 0x00, 0x00, 0x00, 0x00, 0x00, 0x00, 0x00, 0x00, 0x00, 0x00, 0x00, 0x00, 0x00, 0x00, 0x00, 0x00, 0x00, 0x00, 0x00, 0x00, 0x00,
    0x00, 0x00, 0x00, 0x00, 0x00, 0x00, 0x00, 0x00, 0x00, 0x00, 0x00, 0x00, 0x00, 0x00, 0x00, 0x00, 0x00, 0x00, 0x00, 0x00, 0x00, 0x00, 0x00, 0x00,
    0x00, 0x00, 0x00, 0x00, 0x00, 0x00, 0x00, 0x00, 0x00, 0x00, 0x00, 0x00, 0x00, 0x00, 0x00, 0x00, 0x00, 0x00, 0x00, 0x00, 0x00, 0x00, 0x00, 0x00,
    0x00, 0x00, 0x00, 0x00, 0x00, 0x00, 0x00, 0x00, 0x00, 0x00, 0x00, 0x00, 0x00, 0x00, 0x00, 0x00, 0x00, 0x00, 0x00, 0x00, 0x00, 0x00, 0x00, 0x00,
    0x00, 0x00, 0x00, 0x00, 0x00, 0x00, 0x00, 0x00, 0x00, 0x00, 0x00, 0x00, 0x00, 0x00, 0x00, 0x00, 0x00, 0x00, 0x00, 0x00, 0x00, 0x00, 0x00, 0x00,
    0x00, 0x00, 0x00, 0x00, 0x00, 0x00, 0x00, 0x00, 0x00, 0x00, 0x00, 0x00, 0x00, 0x00, 0x00, 0x00, 0x00, 0x00, 0x00, 0x00, 0x00, 0x00, 0x00, 0x00,
    0x00, 0x00, 0x00, 0x00, 0x00, 0x00, 0x00, 0x00, 0x00, 0x00, 0x00, 0x00, 0x00, 0x00, 0x00, 0x00, 0x00, 0x00, 0x00, 0x00, 0x00, 0x00, 0x00, 0x00,
    0x00, 0x00, 0x00, 0x00, 0x00, 0x00, 0x00, 0x00, 0x00, 0x00, 0x00, 0x00, 0x00, 0x00, 0x00, 0x00, 0x00, 0x00, 0x00, 0x00, 0x00, 0x00, 0x00, 0x00,
    0x00, 0x00, 0x00, 0x00, 0x00, 0x00, 0x00, 0x00, 0x00, 0x00, 0x00, 0x00, 0x00, 0x00, 0x00, 0x00, 0x00, 0x00, 0x00, 0x00, 0x00, 0x00, 0x00, 0x00,
    0x00, 0x00, 0x00, 0x00, 0x00, 0x00, 0x00, 0x00, 0x00, 0x00, 0x00, 0x00, 0x00, 0x00, 0x00, 0x00, 0x00, 0x00, 0x00, 0x00, 0x00, 0x00, 0x00, 0x00,
    0x00, 0x00, 0x00, 0x00, 0x00, 0x00, 0x00, 0x00, 0x00, 0x00, 0x00, 0x00, 0x00, 0x00, 0x00, 0x00, 0x00, 0x00, 0x00, 0x00, 0x00, 0x00, 0x00, 0x00,
    0x00, 0x00, 0x00, 0x00, 0x00, 0x00, 0x00, 0x00, 0x00, 0x00, 0x00, 0x00, 0x00, 0x00, 0x00, 0x00, 0x00, 0x00, 0x00, 0x00, 0x00, 0x00, 0x00, 0x00,
    0x00, 0x00, 0x00, 0x00, 0x00, 0x00, 0x00, 0x00, 0x00, 0x00, 0x00, 0x00, 0x00, 0x00, 0x00, 0x00, 0x00, 0x00, 0x00, 0x00, 0x00, 0x00, 0x00, 0x00,
    0x00, 0x00, 0x00, 0x00, 0x00, 0x00, 0x00, 0x00, 0x00, 0x00, 0x00, 0x00, 0x00, 0x00, 0x00, 0x00, 0x00, 0x00, 0x00, 0x00, 0x00, 0x00, 0x00, 0x00,
    0x00, 0x00, 0x00, 0x00, 0x00, 0x00, 0x00, 0x00, 0x00, 0x00, 0x00, 0x00, 0x00, 0x00, 0x00, 0x00, 0x00, 0x00, 0x00, 0x00, 0x00, 0x00, 0x00, 0x00,
    0x00, 0x00, 0x00, 0x00, 0x00, 0x00, 0x00, 0x00, 0x00, 0x00, 0x00, 0x00, 0x00, 0x00, 0x00, 0x00, 0x00, 0x00, 0x00, 0x00, 0x00, 0x00, 0x00, 0x00,
};
const lv_img_dsc_t zh_set_reps = {
    .header.always_zero = 0,
    .header.w = 60,
    .header.h = 16,
    .data_size = 2880,
    .header.cf = LV_IMG_CF_TRUE_COLOR_ALPHA,
    .data = zh_set_reps_map,
};

#ifndef LV_ATTRIBUTE_IMG_ZH_SETTINGS
#define LV_ATTRIBUTE_IMG_ZH_SETTINGS
#endif
const LV_ATTRIBUTE_MEM_ALIGN LV_ATTRIBUTE_LARGE_CONST LV_ATTRIBUTE_IMG_ZH_SETTINGS uint8_t zh_settings_map[] = {
    0x00, 0x00, 0x00, 0x00, 0x00, 0x00, 0x00, 0x00, 0x00, 0x00, 0x00, 0x00, 0x00, 0x00, 0x00, 0x00, 0x00, 0x00, 0x00, 0x00, 0x00, 0x00, 0x00, 0x00,
    0x00, 0x00, 0x00, 0x00, 0x00, 0x00, 0x00, 0x00, 0x00, 0x00, 0x00, 0x00, 0x00, 0x00, 0x00, 0x00, 0x00, 0x00, 0x00, 0x00, 0x00, 0x00, 0x00, 0x00,
    0x00, 0x00, 0x00, 0x00, 0x00, 0x00, 0x00, 0x00, 0x00, 0x00, 0x00, 0x00, 0x00, 0x00, 0x00, 0x00, 0x00, 0x00, 0x00, 0x00, 0x00, 0x00, 0x00, 0x00,
    0x00, 0x00, 0x00, 0x00, 0x00, 0x00, 0x00, 0x00, 0x00, 0x00, 0x00, 0x00, 0x00, 0x00, 0x00, 0x00, 0x00, 0x00, 0x00, 0x00, 0x00, 0x00, 0x00, 0x00,
    0x00, 0x00, 0x00, 0x00, 0x00, 0x00, 0x00, 0x00, 0x00, 0x00, 0x00, 0x00, 0x00, 0x00, 0x00, 0x00, 0x00, 0x00, 0x00, 0x00, 0x00, 0x00, 0x00, 0x00,
    0x00, 0x00, 0x00, 0x00, 0x00, 0x00, 0x00, 0x00, 0x00, 0x00, 0x00, 0x00, 0x00, 0x00, 0x00, 0x00, 0x00, 0x00, 0x00, 0x00, 0x00, 0x00, 0x00, 0x00,
    0x00, 0x00, 0x00, 0x00, 0x00, 0x00, 0x00, 0x00, 0x00, 0x00, 0x00, 0x00, 0x00, 0x00, 0x00, 0x00, 0x00, 0x00, 0x00, 0x00, 0x00, 0x00, 0x00, 0x00,
    0x00, 0x00, 0x00, 0x00, 0x00, 0x00, 0x00, 0x00, 0x00, 0x00, 0x00, 0x00, 0x00, 0x00, 0x00, 0x00, 0x00, 0x00, 0x00, 0x00, 0x00, 0x00, 0x00, 0x00,
    0x00, 0x00, 0x00, 0x00, 0x00, 0x00, 0x00, 0x00, 0x00, 0x00, 0x00, 0x00, 0x8d, 0x6b, 0x1d, 0x00, 0x00, 0x00, 0x00, 0x00, 0x00, 0x00, 0x00, 0x00,
    0x00, 0x00, 0x00, 0x00, 0x00, 0x00, 0x00, 0x00, 0x00, 0x00, 0x00, 0x00, 0x00, 0x00, 0x00, 0x00, 0x00, 0x00, 0x00, 0x00, 0x00, 0x00, 0x00, 0x00,
    0x00, 0x00, 0x00, 0x8d, 0x6b, 0x47, 0x8d, 0x6b, 0xbf, 0x8d, 0x6b, 0xbf, 0x8d, 0x6b, 0xbf, 0x8d, 0x6b, 0xbf, 0x8d, 0x6b, 0xbf, 0x8d, 0x6b, 0xbf,
    0x8d, 0x6b, 0xbf, 0x8d, 0x6b, 0xbf, 0x8d, 0x6b, 0xbf, 0x8d, 0x6b, 0xbf, 0x8d, 0x6b, 0x65, 0x00, 0x00, 0x00, 0x00, 0x00, 0x00, 0x00, 0x00, 0x00,
    0x00, 0x00, 0x00, 0x00, 0x00, 0x00, 0x00, 0x00, 0x00, 0x8d, 0x6b, 0x17, 0x8d, 0x6b, 0xeb, 0x8d, 0x6b, 0x44, 0x00, 0x00, 0x00, 0x00, 0x00, 0x00,
    0x8d, 0x6b, 0x1f, 0x8d, 0x6b, 0xff, 0x8d, 0x6b, 0xfb, 0x8d, 0x6b, 0xfb, 0x8d, 0x6b, 0xfe, 0x8d, 0x6b, 0x57, 0x00, 0x00, 0x00, 0x00, 0x00, 0x00,
    0x00, 0x00, 0x00, 0x8d, 0x6b, 0x5f, 0x8d, 0x6b, 0xa3, 0x00, 0x00, 0x00, 0x8d, 0x6b, 0x23, 0x8d, 0x6b, 0xd3, 0x00, 0x00, 0x00, 0x00, 0x00, 0x00,
    0x8d, 0x6b, 0xdb, 0x8d, 0x6b, 0x1b, 0x00, 0x00, 0x00, 0x8d, 0x6b, 0x83, 0x8d, 0x6b, 0x87, 0x00, 0x00, 0x00, 0x00, 0x00, 0x00, 0x00, 0x00, 0x00,
    0x00, 0x00, 0x00, 0x00, 0x00, 0x00, 0x00, 0x00, 0x00, 0x00, 0x00, 0x00, 0x8d, 0x6b, 0x40, 0x8d, 0x6b, 0xec, 0x8d, 0x6b, 0x32, 0x00, 0x00, 0x00,
    0x8d, 0x6b, 0x22, 0x8d, 0x6b, 0xda, 0x00, 0x00, 0x00, 0x00, 0x00, 0x00, 0x8d, 0x6b, 0xa7, 0x8d, 0x6b, 0x57, 0x00, 0x00, 0x00, 0x00, 0x00, 0x00,
    0x00, 0x00, 0x00, 0x8d, 0x6b, 0x5f, 0x8d, 0x6b, 0xea, 0x8d, 0x6b, 0xc3, 0x8d, 0x6b, 0xcc, 0x8d, 0x6b, 0xf5, 0x8d, 0x6b, 0xc3, 0x8d, 0x6b, 0xc3,
    0x8d, 0x6b, 0xf7, 0x8d, 0x6b, 0xca, 0x8d, 0x6b, 0xc3, 0x8d, 0x6b, 0xe2, 0x8d, 0x6b, 0x87, 0x00, 0x00, 0x00, 0x00, 0x00, 0x00, 0x00, 0x00, 0x00,
    0x00, 0x00, 0x00, 0x00, 0x00, 0x00, 0x00, 0x00, 0x00, 0x00, 0x00, 0x00, 0x00, 0x00, 0x00, 0x8d, 0x6b, 0x54, 0x8d, 0x6b, 0x1d, 0x00, 0x00, 0x00,
    0x8d, 0x6b, 0x43, 0x8d, 0x6b, 0xc1, 0x00, 0x00, 0x00, 0x00, 0x00, 0x00, 0x8d, 0x6b, 0xa7, 0x8d, 0x6b, 0x57, 0x00, 0x00, 0x00, 0x00, 0x00, 0x00,
    0x00, 0x00, 0x00, 0x00, 0x00, 0x00, 0x00, 0x00, 0x00, 0x00, 0x00, 0x00, 0x00, 0x00, 0x00, 0x00, 0x00, 0x00, 0x8d, 0x6b, 0xb1, 0x8d, 0x6b, 0x5e,
    0x00, 0x00, 0x00, 0x00, 0x00, 0x00, 0x00, 0x00, 0x00, 0x00, 0x00, 0x00, 0x00, 0x00, 0x00, 0x00, 0x00, 0x00, 0x00, 0x00, 0x00, 0x00, 0x00, 0x00,
    0x00, 0x00, 0x00, 0x00, 0x00, 0x00, 0x00, 0x00, 0x00, 0x00, 0x00, 0x00, 0x00, 0x00, 0x00, 0x00, 0x00, 0x00, 0x00, 0x00, 0x00, 0x8d, 0x6b, 0x03,
    0x8d, 0x6b, 0xbc, 0x8d, 0x6b, 0x71, 0x00, 0x00, 0x00, 0x00, 0x00, 0x00, 0x8d, 0x6b, 0xa4, 0x8d, 0x6b, 0x5e, 0x8d, 0x6b, 0x02, 0x8d, 0x6b, 0x02,
    0x8d, 0x6b, 0x0c, 0x8d, 0x6b, 0xcf, 0x8d, 0x6b, 0xcf, 0x8d, 0x6b, 0xcf, 0x8d, 0x6b, 0xcf, 0x8d, 0x6b, 0xcf, 0x8d, 0x6b, 0xf4, 0x8d, 0x6b, 0xde,
    0x8d, 0x6b, 0xcf, 0x8d, 0x6b, 0xcf, 0x8d, 0x6b, 0xcf, 0x8d, 0x6b, 0xcf, 0x8d, 0x6b, 0xbc, 0x00, 0x00, 0x00, 0x00, 0x00, 0x00, 0x00, 0x00, 0x00,
    0x00, 0x00, 0x00, 0x00, 0x00, 0x00, 0x8d, 0x6b, 0x67, 0x8d, 0x6b, 0xff, 0x8d, 0x6b, 0xff, 0x8d, 0x6b, 0x97, 0x8d, 0x6b, 0x13, 0x8d, 0x6b, 0xc6,
    0x8d, 0x6b, 0xc0, 0x8d, 0x6b, 0x04, 0x00, 0x00, 0x00, 0x00, 0x00, 0x00, 0x8d, 0x6b, 0x60, 0x8d, 0x6b, 0xe7, 0x8d, 0x6b, 0xe9, 0x8d, 0x6b, 0x3b,
    0x00, 0x00, 0x00, 0x00, 0x00, 0x00, 0x00, 0x00, 0x00, 0x00, 0x00, 0x00, 0x00, 0x00, 0x00, 0x00, 0x00, 0x00, 0x8d, 0x6b, 0xf6, 0x8d, 0x6b, 0x0c,
    0x00, 0x00, 0x00, 0x00, 0x00, 0x00, 0x00, 0x00, 0x00, 0x00, 0x00, 0x00, 0x00, 0x00, 0x00, 0x00, 0x00, 0x00, 0x00, 0x00, 0x00, 0x00, 0x00, 0x00,
    0x00, 0x00, 0x00, 0x00, 0x00, 0x00, 0x00, 0x00, 0x00, 0x00, 0x00, 0x00, 0x8d, 0x6b, 0x6f, 0x8d, 0x6b, 0x97, 0x00, 0x00, 0x00, 0x8d, 0x6b, 0x5f,
    0x8d, 0x6b, 0x05, 0x00, 0x00, 0x00, 0x00, 0x00, 0x00, 0x00, 0x00, 0x00, 0x00, 0x00, 0x00, 0x00, 0x00, 0x00, 0x00, 0x00, 0x00, 0x00, 0x00, 0x00,
    0x00, 0x00, 0x00, 0x00, 0x00, 0x00, 0x8d, 0x6b, 0x3d, 0x8d, 0x6b, 0xb3, 0x8d, 0x6b, 0xb3, 0x8d, 0x6b, 0xb7, 0x8d, 0x6b, 0xfb, 0x8d, 0x6b, 0xb3,
    0x8d, 0x6b, 0xb3, 0x8d, 0x6b, 0xb3, 0x8d, 0x6b, 0xb3, 0x8d, 0x6b, 0x38, 0x00, 0x00, 0x00, 0x00, 0x00, 0x00, 0x00, 0x00, 0x00, 0x00, 0x00, 0x00,
    0x00, 0x00, 0x00, 0x00, 0x00, 0x00, 0x00, 0x00, 0x00, 0x00, 0x00, 0x00, 0x8d, 0x6b, 0x6f, 0x8d, 0x6b, 0x97, 0x00, 0x00, 0x00, 0x8d, 0x6b, 0x9d,
    0x8d, 0x6b, 0xff, 0x8d, 0x6b, 0xfb, 0x8d, 0x6b, 0xfb, 0x8d, 0x6b, 0xfb, 0x8d, 0x6b, 0xfb, 0x8d, 0x6b, 0xfe, 0x8d, 0x6b, 0x67, 0x00, 0x00, 0x00,
    0x00, 0x00, 0x00, 0x00, 0x00, 0x00, 0x8d, 0x6b, 0x57, 0x8d, 0x6b, 0xa7, 0x00, 0x00, 0x00, 0x00, 0x00, 0x00, 0x00, 0x00, 0x00, 0x00, 0x00, 0x00,
    0x00, 0x00, 0x00, 0x00, 0x00, 0x00, 0x8d, 0x6b, 0xb7, 0x8d, 0x6b, 0x4f, 0x00, 0x00, 0x00, 0x00, 0x00, 0x00, 0x00, 0x00, 0x00, 0x00, 0x00, 0x00,
    0x00, 0x00, 0x00, 0x00, 0x00, 0x00, 0x00, 0x00, 0x00, 0x00, 0x00, 0x00, 0x8d, 0x6b, 0x6f, 0x8d, 0x6b, 0x97, 0x00, 0x00, 0x00, 0x8d, 0x6b, 0x02,
    0x8d, 0x6b, 0xd5, 0x8d, 0x6b, 0x34, 0x00, 0x00, 0x00, 0x00, 0x00, 0x00, 0x8d, 0x6b, 0x17, 0x8d, 0x6b, 0xe5, 0x8d, 0x6b, 0x12, 0x00, 0x00, 0x00,
    0x00, 0x00, 0x00, 0x00, 0x00, 0x00, 0x8d, 0x6b, 0x57, 0x8d, 0x6b, 0xe0, 0x8d, 0x6b, 0xa3, 0x8d, 0x6b, 0xa3, 0x8d, 0x6b, 0xa3, 0x8d, 0x6b, 0xa3,
    0x8d, 0x6b, 0xa3, 0x8d, 0x6b, 0xa3, 0x8d, 0x6b, 0xe6, 0x8d, 0x6b, 0x4f, 0x00, 0x00, 0x00, 0x00, 0x00, 0x00, 0x00, 0x00, 0x00, 0x00, 0x00, 0x00,
    0x00, 0x00, 0x00, 0x00, 0x00, 0x00, 0x00, 0x00, 0x00, 0x00, 0x00, 0x00, 0x8d, 0x6b, 0x6f, 0x8d, 0x6b, 0x97, 0x00, 0x00, 0x00, 0x00, 0x00, 0x00,
    0x8d, 0x6b, 0x50, 0x8d, 0x6b, 0xcb, 0x8d, 0x6b, 0x07, 0x00, 0x00, 0x00, 0x8d, 0x6b, 0xa6, 0x8d, 0x6b, 0x89, 0x00, 0x00, 0x00, 0x00, 0x00, 0x00,
    0x00, 0x00, 0x00, 0x00, 0x00, 0x00, 0x8d, 0x6b, 0x57, 0x8d, 0x6b, 0xde, 0x8d, 0x6b, 0x9f, 0x8d, 0x6b, 0x9f, 0x8d, 0x6b, 0x9f, 0x8d, 0x6b, 0x9f,
    0x8d, 0x6b, 0x9f, 0x8d, 0x6b, 0x9f, 0x8d, 0x6b, 0xe4, 0x8d, 0x6b, 0x4f, 0x00, 0x00, 0x00, 0x00, 0x00, 0x00, 0x00, 0x00, 0x00, 0x00, 0x00, 0x00,
    0x00, 0x00, 0x00, 0x00, 0x00, 0x00, 0x00, 0x00, 0x00, 0x00, 0x00, 0x00, 0x8d, 0x6b, 0x6f, 0x8d, 0x6b, 0x97, 0x8d, 0x6b, 0x4c, 0x8d, 0x6b, 0x3b,
    0x00, 0x00, 0x00, 0x8d, 0x6b, 0x9a, 0x8d, 0x6b, 0xb1, 0x8d, 0x6b, 0x8d, 0x8d, 0x6b, 0xbf, 0x8d, 0x6b, 0x05, 0x00, 0x00, 0x00, 0x00, 0x00, 0x00,
    0x00, 0x00, 0x00, 0x00, 0x00, 0x00, 0x8d, 0x6b, 0x57, 0x8d, 0x6b, 0xa7, 0x00, 0x00, 0x00, 0x00, 0x00, 0x00, 0x00, 0x00, 0x00, 0x00, 0x00, 0x00,
    0x00, 0x00, 0x00, 0x00, 0x00, 0x00, 0x8d, 0x6b, 0xb7, 0x8d, 0x6b, 0x4f, 0x00, 0x00, 0x00, 0x00, 0x00, 0x00, 0x00, 0x00, 0x00, 0x00, 0x00, 0x00,
    0x00, 0x00, 0x00, 0x00, 0x00, 0x00, 0x00, 0x00, 0x00, 0x00, 0x00, 0x00, 0x8d, 0x6b, 0x7e, 0x8d, 0x6b, 0xe7, 0x8d, 0x6b, 0xda, 0x8d, 0x6b, 0x2c,
    0x00, 0x00, 0x00, 0x8d, 0x6b, 0x23, 0x8d, 0x6b, 0xf2, 0x8d, 0x6b, 0xfe, 0x8d, 0x6b, 0x3f, 0x00, 0x00, 0x00, 0x00, 0x00, 0x00, 0x00, 0x00, 0x00,
    0x00, 0x00, 0x00, 0x00, 0x00, 0x00, 0x8d, 0x6b, 0x57, 0x8d, 0x6b, 0xe0, 0x8d, 0x6b, 0xa3, 0x8d, 0x6b, 0xa3, 0x8d, 0x6b, 0xa3, 0x8d, 0x6b, 0xa3,
    0x8d, 0x6b, 0xa3, 0x8d, 0x6b, 0xa3, 0x8d, 0x6b, 0xe6, 0x8d, 0x6b, 0x4f, 0x00, 0x00, 0x00, 0x00, 0x00, 0x00, 0x00, 0x00, 0x00, 0x00, 0x00, 0x00,
    0x00, 0x00, 0x00, 0x00, 0x00, 0x00, 0x00, 0x00, 0x00, 0x8d, 0x6b, 0x05, 0x8d, 0x6b, 0xdd, 0x8d, 0x6b, 0xb2, 0x8d, 0x6b, 0x12, 0x8d, 0x6b, 0x40,
    0x8d, 0x6b, 0x98, 0x8d, 0x6b, 0xee, 0x8d, 0x6b, 0x82, 0x8d, 0x6b, 0x75, 0x8d, 0x6b, 0xf2, 0x8d, 0x6b, 0xa9, 0x8d, 0x6b, 0x4e, 0x8d, 0x6b, 0x09,
    0x00, 0x00, 0x00, 0x00, 0x00, 0x00, 0x8d, 0x6b, 0x57, 0x8d, 0x6b, 0xa7, 0x00, 0x00, 0x00, 0x00, 0x00, 0x00, 0x00, 0x00, 0x00, 0x00, 0x00, 0x00,
    0x00, 0x00, 0x00, 0x00, 0x00, 0x00, 0x8d, 0x6b, 0xb7, 0x8d, 0x6b, 0x4f, 0x00, 0x00, 0x00, 0x00, 0x00, 0x00, 0x00, 0x00, 0x00, 0x00, 0x00, 0x00,
    0x00, 0x00, 0x00, 0x00, 0x00, 0x00, 0x00, 0x00, 0x00, 0x00, 0x00, 0x00, 0x8d, 0x6b, 0x52, 0x8d, 0x6b, 0x01, 0x8d, 0x6b, 0x0c, 0x8d, 0x6b, 0xc2,
    0x8d, 0x6b, 0x7c, 0x8d, 0x6b, 0x1b, 0x00, 0x00, 0x00, 0x00, 0x00, 0x00, 0x8d, 0x6b, 0x1c, 0x8d, 0x6b, 0x7f, 0x8d, 0x6b, 0xd3, 0x8d, 0x6b, 0x2d,
    0x8d, 0x6b, 0x29, 0x8d, 0x6b, 0xcb, 0x8d, 0x6b, 0xcb, 0x8d, 0x6b, 0xcb, 0x8d, 0x6b, 0xcb, 0x8d, 0x6b, 0xcb, 0x8d, 0x6b, 0xcb, 0x8d, 0x6b, 0xcb,
    0x8d, 0x6b, 0xcb, 0x8d, 0x6b, 0xcb, 0x8d, 0x6b, 0xcb, 0x8d, 0x6b, 0xcb, 0x8d, 0x6b, 0xcb, 0x8d, 0x6b, 0x2f, 0x00, 0x00, 0x00, 0x00, 0x00, 0x00,
    0x00, 0x00, 0x00, 0x00, 0x00, 0x00, 0x00, 0x00, 0x00, 0x00, 0x00, 0x00, 0x00, 0x00, 0x00, 0x00, 0x00, 0x00, 0x00, 0x00, 0x00, 0x00, 0x00, 0x00,
    0x00, 0x00, 0x00, 0x00, 0x00, 0x00, 0x00, 0x00, 0x00, 0x00, 0x00, 0x00, 0x00, 0x00, 0x00, 0x00, 0x00, 0x00, 0x00, 0x00, 0x00, 0x00, 0x00, 0x00,
    0x00, 0x00, 0x00, 0x00, 0x00, 0x00, 0x00, 0x00, 0x00, 0x00, 0x00, 0x00, 0x00, 0x00, 0x00, 0x00, 0x00, 0x00, 0x00, 0x00, 0x00, 0x00, 0x00, 0x00,
    0x00, 0x00, 0x00, 0x00, 0x00, 0x00, 0x00, 0x00, 0x00, 0x00, 0x00, 0x00, 0x00, 0x00, 0x00, 0x00, 0x00, 0x00, 0x00, 0x00, 0x00, 0x00, 0x00, 0x00,
    0x00, 0x00, 0x00, 0x00, 0x00, 0x00, 0x00, 0x00, 0x00, 0x00, 0x00, 0x00, 0x00, 0x00, 0x00, 0x00, 0x00, 0x00, 0x00, 0x00, 0x00, 0x00, 0x00, 0x00,
    0x00, 0x00, 0x00, 0x00, 0x00, 0x00, 0x00, 0x00, 0x00, 0x00, 0x00, 0x00, 0x00, 0x00, 0x00, 0x00, 0x00, 0x00, 0x00, 0x00, 0x00, 0x00, 0x00, 0x00,
    0x00, 0x00, 0x00, 0x00, 0x00, 0x00, 0x00, 0x00, 0x00, 0x00, 0x00, 0x00, 0x00, 0x00, 0x00, 0x00, 0x00, 0x00, 0x00, 0x00, 0x00, 0x00, 0x00, 0x00,
    0x00, 0x00, 0x00, 0x00, 0x00, 0x00, 0x00, 0x00, 0x00, 0x00, 0x00, 0x00, 0x00, 0x00, 0x00, 0x00, 0x00, 0x00, 0x00, 0x00, 0x00, 0x00, 0x00, 0x00,
};
const lv_img_dsc_t zh_settings = {
    .header.always_zero = 0,
    .header.w = 32,
    .header.h = 18,
    .data_size = 1728,
    .header.cf = LV_IMG_CF_TRUE_COLOR_ALPHA,
    .data = zh_settings_map,
};

#ifndef LV_ATTRIBUTE_IMG_ZH_SHOULDER
#define LV_ATTRIBUTE_IMG_ZH_SHOULDER
#endif
const LV_ATTRIBUTE_MEM_ALIGN LV_ATTRIBUTE_LARGE_CONST LV_ATTRIBUTE_IMG_ZH_SHOULDER uint8_t zh_shoulder_map[] = {
    0x00, 0x00, 0x00, 0x00, 0x00, 0x00, 0x00, 0x00, 0x00, 0x00, 0x00, 0x00, 0x00, 0x00, 0x00, 0x00, 0x00, 0x00, 0x00, 0x00, 0x00, 0x00, 0x00, 0x00,
    0x00, 0x00, 0x00, 0x00, 0x00, 0x00, 0x00, 0x00, 0x00, 0x00, 0x00, 0x00, 0x00, 0x00, 0x00, 0x00, 0x00, 0x00, 0x00, 0x00, 0x00, 0x00, 0x00, 0x00,
    0x00, 0x00, 0x00, 0x00, 0x00, 0x00, 0x00, 0x00, 0x00, 0x00, 0x00, 0x00, 0x00, 0x00, 0x00, 0x00, 0x00, 0x00, 0x00, 0x00, 0x00, 0x00, 0x00, 0x00,
    0x00, 0x00, 0x00, 0x00, 0x00, 0x00, 0x00, 0x00, 0x00, 0x00, 0x00, 0x00, 0x00, 0x00, 0x00, 0x00, 0x00, 0x00, 0x00, 0x00, 0x00, 0x00, 0x00, 0x00,
    0x00, 0x00, 0x00, 0x00, 0x00, 0x00, 0x00, 0x00, 0x00, 0x00, 0x00, 0x00, 0x00, 0x00, 0x00, 0x00, 0x00, 0x00, 0x00, 0x00, 0x00, 0x00, 0x00, 0x00,
    0x00, 0x00, 0x00, 0x00, 0x00, 0x00, 0x00, 0x00, 0x00, 0x00, 0x00, 0x00, 0x00, 0x00, 0x00, 0x00, 0x00, 0x00, 0x00, 0x00, 0x00, 0x00, 0x00, 0x00,
    0x00, 0x00, 0x00, 0x00, 0x00, 0x00, 0x00, 0x00, 0x00, 0x00, 0x00, 0x00, 0x00, 0x00, 0x00, 0x00, 0x00, 0x00, 0x00, 0x00, 0x00, 0x00, 0x00, 0x00,
    0x00, 0x00, 0x00, 0x00, 0x00, 0x00, 0x00, 0x00, 0x00, 0x00, 0x00, 0x00, 0x00, 0x00, 0x00, 0x00, 0x00, 0x00, 0x00, 0x00, 0x00, 0x00, 0x00, 0x00,
    0x00, 0x00, 0x00, 0x00, 0x00, 0x00, 0x00, 0x00, 0x00, 0x00, 0x00, 0x00, 0x00, 0x00, 0x00, 0x00, 0x00, 0x00, 0x00, 0x00, 0x00, 0x00, 0x00, 0x00,
    0x00, 0x00, 0x00, 0x00, 0x00, 0x00, 0x00, 0x00, 0x00, 0x00, 0x00, 0x00, 0x00, 0x00, 0x00, 0x00, 0x00, 0x00, 0x00, 0x00, 0x00, 0x00, 0x00, 0x00,
    0x00, 0x00, 0x00, 0x00, 0x00, 0x00, 0x00, 0x00, 0x00, 0x00, 0x00, 0x00, 0x00, 0x00, 0x00, 0x00, 0x00, 0x00, 0x00, 0x00, 0x00, 0x00, 0x00, 0x00,
    0x00, 0x00, 0x00, 0x00, 0x00, 0x00, 0x00, 0x00, 0x00, 0x00, 0x00, 0x00, 0x00, 0x00, 0x00, 0x00, 0x00, 0x00, 0x00, 0x00, 0x00, 0x00, 0x00, 0x00,
    0x00, 0x00, 0x00, 0x00, 0x00, 0x00, 0x00, 0x00, 0x00, 0x00, 0x00, 0x00, 0x00, 0x00, 0x00, 0x00, 0x00, 0x00, 0x00, 0x00, 0x00, 0x00, 0x00, 0x00,
    0x00, 0x00, 0x00, 0x00, 0x00, 0x00, 0x00, 0x00, 0x00, 0x00, 0x00, 0x00, 0x00, 0x00, 0x00, 0x00, 0x00, 0x00, 0x00, 0x00, 0x00, 0x00, 0x00, 0x00,
    0x00, 0x00, 0x00, 0x00, 0x00, 0x00, 0x00, 0x00, 0x00, 0x00, 0x00, 0x00, 0x00, 0x00, 0x00, 0x00, 0x00, 0x00, 0x00, 0x00, 0x00, 0x00, 0x00, 0x00,
    0x00, 0x00, 0x00, 0x00, 0x00, 0x00, 0x00, 0x00, 0x00, 0x00, 0x00, 0x00, 0x00, 0x00, 0x00, 0x00, 0x00, 0x00, 0x00, 0x00, 0x00, 0x00, 0x00, 0x00,
    0x00, 0x00, 0x00, 0x00, 0x00, 0x00, 0x00, 0x00, 0x00, 0x00, 0x00, 0x00, 0x00, 0x00, 0x00, 0x00, 0x00, 0x00, 0x00, 0x00, 0x00, 0x00, 0x00, 0x00,
    0x00, 0x00, 0x00, 0x00, 0x00, 0x00, 0x00, 0x00, 0x00, 0x00, 0x00, 0x00, 0x00, 0x00, 0x00, 0x00, 0x00, 0x00, 0x00, 0x00, 0x00, 0x00, 0x00, 0x00,
    0x00, 0x00, 0x00, 0x00, 0x00, 0x00, 0x24, 0x21, 0x13, 0x00, 0x00, 0x00, 0x00, 0x00, 0x00, 0x00, 0x00, 0x00, 0x00, 0x00, 0x00, 0x00, 0x00, 0x00,
    0x00, 0x00, 0x00, 0x00, 0x00, 0x00, 0x00, 0x00, 0x00, 0x00, 0x00, 0x00, 0x00, 0x00, 0x00, 0x00, 0x00, 0x00, 0x00, 0x00, 0x00, 0x00, 0x00, 0x00,
    0x00, 0x00, 0x00, 0x00, 0x00, 0x00, 0x00, 0x00, 0x00, 0x00, 0x00, 0x00, 0x00, 0x00, 0x00, 0x00, 0x00, 0x00, 0x00, 0x00, 0x00, 0x00, 0x00, 0x00,
    0x00, 0x00, 0x00, 0x24, 0x21, 0x04, 0x24, 0x21, 0x07, 0x00, 0x00, 0x00, 0x00, 0x00, 0x00, 0x00, 0x00, 0x00, 0x24, 0x21, 0x07, 0x24, 0x21, 0x05,
    0x00, 0x00, 0x00, 0x00, 0x00, 0x00, 0x00, 0x00, 0x00, 0x00, 0x00, 0x00, 0x00, 0x00, 0x00, 0x24, 0x21, 0x02, 0x00, 0x00, 0x00, 0x00, 0x00, 0x00,
    0x00, 0x00, 0x00, 0x00, 0x00, 0x00, 0x24, 0x21, 0x04, 0x24, 0x21, 0x0b, 0x24, 0x21, 0x03, 0x00, 0x00, 0x00, 0x00, 0x00, 0x00, 0x00, 0x00, 0x00,
    0x00, 0x00, 0x00, 0x00, 0x00, 0x00, 0x00, 0x00, 0x00, 0x00, 0x00, 0x00, 0x00, 0x00, 0x00, 0x00, 0x00, 0x00, 0x00, 0x00, 0x00, 0x00, 0x00, 0x00,
    0x00, 0x00, 0x00, 0x00, 0x00, 0x00, 0x00, 0x00, 0x00, 0x00, 0x00, 0x00, 0x00, 0x00, 0x00, 0x00, 0x00, 0x00, 0x00, 0x00, 0x00, 0x00, 0x00, 0x00,
    0x00, 0x00, 0x00, 0x00, 0x00, 0x00, 0x00, 0x00, 0x00, 0x00, 0x00, 0x00, 0x00, 0x00, 0x00, 0x00, 0x00, 0x00, 0x24, 0x21, 0x48, 0x24, 0x21, 0xfc,
    0x24, 0x21, 0x5c, 0x00, 0x00, 0x00, 0x00, 0x00, 0x00, 0x00, 0x00, 0x00, 0x00, 0x00, 0x00, 0x00, 0x00, 0x00, 0x00, 0x00, 0x00, 0x00, 0x00, 0x00,
    0x24, 0x21, 0x1b, 0x24, 0x21, 0xbb, 0x24, 0x21, 0x45, 0x00, 0x00, 0x00, 0x00, 0x00, 0x00, 0x00, 0x00, 0x00, 0x24, 0x21, 0x43, 0x24, 0x21, 0xd3,
    0x24, 0x21, 0x4c, 0x00, 0x00, 0x00, 0x00, 0x00, 0x00, 0x00, 0x00, 0x00, 0x00, 0x00, 0x00, 0x00, 0x00, 0x00, 0x24, 0x21, 0x8f, 0x24, 0x21, 0xff,
    0x24, 0x21, 0x07, 0x00, 0x00, 0x00, 0x00, 0x00, 0x00, 0x24, 0x21, 0xff, 0x24, 0x21, 0xa7, 0x00, 0x00, 0x00, 0x00, 0x00, 0x00, 0x00, 0x00, 0x00,
    0x00, 0x00, 0x00, 0x00, 0x00, 0x00, 0x24, 0x21, 0x8d, 0x24, 0x21, 0xe3, 0x24, 0x21, 0x11, 0x00, 0x00, 0x00, 0x00, 0x00, 0x00, 0x24, 0x21, 0x57,
    0x24, 0x21, 0xff, 0x24, 0x21, 0x47, 0x00, 0x00, 0x00, 0x00, 0x00, 0x00, 0x00, 0x00, 0x00, 0x00, 0x00, 0x00, 0x24, 0x21, 0x1a, 0x24, 0x21, 0x4f,
    0x24, 0x21, 0x4f, 0x24, 0x21, 0x4f, 0x24, 0x21, 0x4f, 0x24, 0x21, 0x4f, 0x24, 0x21, 0x4f, 0x24, 0x21, 0x4f, 0x24, 0x21, 0x4f, 0x24, 0x21, 0x4f,
    0x24, 0x21, 0x3a, 0x00, 0x00, 0x00, 0x00, 0x00, 0x00, 0x00, 0x00, 0x00, 0x00, 0x00, 0x00, 0x00, 0x00, 0x00, 0x00, 0x00, 0x00, 0x24, 0x21, 0x53,
    0x24, 0x21, 0xff, 0x24, 0x21, 0xff, 0x24, 0x21, 0xff, 0x24, 0x21, 0xff, 0x24, 0x21, 0xff, 0x24, 0x21, 0xff, 0x24, 0x21, 0xff, 0x24, 0x21, 0xff,
    0x24, 0x21, 0xff, 0x24, 0x21, 0x53, 0x00, 0x00, 0x00, 0x00, 0x00, 0x00, 0x00, 0x00, 0x00, 0x24, 0x21, 0x0e, 0x24, 0x21, 0xec, 0x24, 0x21, 0xd9,
    0x24, 0x21, 0x02, 0x00, 0x00, 0x00, 0x00, 0x00, 0x00, 0x24, 0x21, 0xb2, 0x24, 0x21, 0xfe, 0x24, 0x21, 0x34, 0x00, 0x00, 0x00, 0x00, 0x00, 0x00,
    0x24, 0x21, 0x2e, 0x24, 0x21, 0x7b, 0x24, 0x21, 0x7b, 0x24, 0x21, 0xc6, 0x24, 0x21, 0xff, 0x24, 0x21, 0x80, 0x24, 0x21, 0x7b, 0x24, 0x21, 0x7b,
    0x24, 0x21, 0xff, 0x24, 0x21, 0xd2, 0x24, 0x21, 0x7b, 0x24, 0x21, 0x7b, 0x24, 0x21, 0x2e, 0x00, 0x00, 0x00, 0x00, 0x00, 0x00, 0x24, 0x21, 0xd0,
    0x24, 0x21, 0xe4, 0x00, 0x00, 0x00, 0x24, 0x21, 0x01, 0x24, 0x21, 0x01, 0x24, 0x21, 0x57, 0x24, 0x21, 0xff, 0x24, 0x21, 0x47, 0x00, 0x00, 0x00,
    0x00, 0x00, 0x00, 0x00, 0x00, 0x00, 0x00, 0x00, 0x00, 0x24, 0x21, 0x53, 0x24, 0x21, 0xff, 0x24, 0x21, 0xff, 0x24, 0x21, 0xff, 0x24, 0x21, 0xff,
    0x24, 0x21, 0xff, 0x24, 0x21, 0xff, 0x24, 0x21, 0xff, 0x24, 0x21, 0xff, 0x24, 0x21, 0xff, 0x24, 0x21, 0xbb, 0x00, 0x00, 0x00, 0x00, 0x00, 0x00,
    0x00, 0x00, 0x00, 0x00, 0x00, 0x00, 0x00, 0x00, 0x00, 0x00, 0x00, 0x00, 0x24, 0x21, 0x53, 0x24, 0x21, 0xff, 0x24, 0x21, 0x78, 0x24, 0x21, 0x4b,
    0x24, 0x21, 0x4b, 0x24, 0x21, 0x4b, 0x24, 0x21, 0x4b, 0x24, 0x21, 0x4b, 0x24, 0x21, 0x70, 0x24, 0x21, 0xff, 0x24, 0x21, 0x53, 0x00, 0x00, 0x00,
    0x00, 0x00, 0x00, 0x00, 0x00, 0x00, 0x00, 0x00, 0x00, 0x24, 0x21, 0x76, 0x24, 0x21, 0xef, 0x24, 0x21, 0x23, 0x00, 0x00, 0x00, 0x24, 0x21, 0x22,
    0x24, 0x21, 0xfd, 0x24, 0x21, 0xa8, 0x00, 0x00, 0x00, 0x00, 0x00, 0x00, 0x00, 0x00, 0x00, 0x24, 0x21, 0x5f, 0x24, 0x21, 0xff, 0x24, 0x21, 0xff,
    0x24, 0x21, 0xff, 0x24, 0x21, 0xff, 0x24, 0x21, 0xff, 0x24, 0x21, 0xff, 0x24, 0x21, 0xff, 0x24, 0x21, 0xff, 0x24, 0x21, 0xff, 0x24, 0x21, 0xff,
    0x24, 0x21, 0xff, 0x24, 0x21, 0x5f, 0x00, 0x00, 0x00, 0x24, 0x21, 0x14, 0x24, 0x21, 0xfe, 0x24, 0x21, 0xff, 0x24, 0x21, 0xff, 0x24, 0x21, 0xff,
    0x24, 0x21, 0xe5, 0x24, 0x21, 0x63, 0x24, 0x21, 0xff, 0x24, 0x21, 0x47, 0x00, 0x00, 0x00, 0x00, 0x00, 0x00, 0x00, 0x00, 0x00, 0x00, 0x00, 0x00,
    0x24, 0x21, 0x53, 0x24, 0x21, 0xff, 0x24, 0x21, 0x3f, 0x00, 0x00, 0x00, 0x00, 0x00, 0x00, 0x00, 0x00, 0x00, 0x00, 0x00, 0x00, 0x00, 0x00, 0x00,
    0x00, 0x00, 0x00, 0x24, 0x21, 0xd7, 0x24, 0x21, 0xbb, 0x00, 0x00, 0x00, 0x00, 0x00, 0x00, 0x00, 0x00, 0x00, 0x00, 0x00, 0x00, 0x00, 0x00, 0x00,
    0x00, 0x00, 0x00, 0x24, 0x21, 0x53, 0x24, 0x21, 0xff, 0x24, 0x21, 0x3f, 0x00, 0x00, 0x00, 0x00, 0x00, 0x00, 0x00, 0x00, 0x00, 0x00, 0x00, 0x00,
    0x00, 0x00, 0x00, 0x24, 0x21, 0x33, 0x24, 0x21, 0xff, 0x24, 0x21, 0x53, 0x00, 0x00, 0x00, 0x00, 0x00, 0x00, 0x24, 0x21, 0x5b, 0x24, 0x21, 0xff,
    0x24, 0x21, 0xff, 0x24, 0x21, 0xff, 0x24, 0x21, 0xff, 0x24, 0x21, 0xff, 0x24, 0x21, 0xff, 0x24, 0x21, 0xff, 0x24, 0x21, 0xff, 0x24, 0x21, 0xff,
    0x24, 0x21, 0x93, 0x00, 0x00, 0x00, 0x00, 0x00, 0x00, 0x00, 0x00, 0x00, 0x00, 0x00, 0x00, 0x24, 0x21, 0x8f, 0x24, 0x21, 0xff, 0x24, 0x21, 0x07,
    0x00, 0x00, 0x00, 0x00, 0x00, 0x00, 0x24, 0x21, 0xff, 0x24, 0x21, 0xa7, 0x00, 0x00, 0x00, 0x00, 0x00, 0x00, 0x00, 0x00, 0x00, 0x00, 0x00, 0x00,
    0x24, 0x21, 0x5e, 0x24, 0x21, 0xff, 0x24, 0x21, 0x95, 0x24, 0x21, 0x7b, 0x24, 0x21, 0xe7, 0x24, 0x21, 0xe4, 0x24, 0x21, 0x57, 0x24, 0x21, 0xff,
    0x24, 0x21, 0x47, 0x00, 0x00, 0x00, 0x00, 0x00, 0x00, 0x00, 0x00, 0x00, 0x00, 0x00, 0x00, 0x24, 0x21, 0x53, 0x24, 0x21, 0xff, 0x24, 0x21, 0xff,
    0x24, 0x21, 0xff, 0x24, 0x21, 0xff, 0x24, 0x21, 0xff, 0x24, 0x21, 0xff, 0x24, 0x21, 0xff, 0x24, 0x21, 0xff, 0x24, 0x21, 0xff, 0x24, 0x21, 0xbb,
    0x00, 0x00, 0x00, 0x00, 0x00, 0x00, 0x00, 0x00, 0x00, 0x00, 0x00, 0x00, 0x00, 0x00, 0x00, 0x00, 0x00, 0x00, 0x24, 0x21, 0x55, 0x24, 0x21, 0xff,
    0x24, 0x21, 0xff, 0x24, 0x21, 0xff, 0x24, 0x21, 0xff, 0x24, 0x21, 0xff, 0x24, 0x21, 0xff, 0x24, 0x21, 0xff, 0x24, 0x21, 0xff, 0x24, 0x21, 0xff,
    0x24, 0x21, 0x53, 0x00, 0x00, 0x00, 0x00, 0x00, 0x00, 0x24, 0x21, 0x33, 0x24, 0x21, 0x8f, 0x24, 0x21, 0x8f, 0x24, 0x21, 0x8f, 0x24, 0x21, 0xb2,
    0x24, 0x21, 0xff, 0x24, 0x21, 0xc9, 0x24, 0x21, 0x8f, 0x24, 0x21, 0x8f, 0x24, 0x21, 0x8f, 0x24, 0x21, 0x53, 0x00, 0x00, 0x00, 0x00, 0x00, 0x00,
    0x00, 0x00, 0x00, 0x00, 0x00, 0x00, 0x24, 0x21, 0x31, 0x24, 0x21, 0x57, 0x24, 0x21, 0x02, 0x00, 0x00, 0x00, 0x00, 0x00, 0x00, 0x24, 0x21, 0x57,
    0x24, 0x21, 0x39, 0x00, 0x00, 0x00, 0x00, 0x00, 0x00, 0x00, 0x00, 0x00, 0x00, 0x00, 0x00, 0x24, 0x21, 0xcd, 0x24, 0x21, 0xe2, 0x24, 0x21, 0x02,
    0x24, 0x21, 0x07, 0x24, 0x21, 0xf8, 0x24, 0x21, 0xb4, 0x24, 0x21, 0x57, 0x24, 0x21, 0xff, 0x24, 0x21, 0xcb, 0x24, 0x21, 0x48, 0x00, 0x00, 0x00,
    0x00, 0x00, 0x00, 0x00, 0x00, 0x00, 0x24, 0x21, 0x54, 0x24, 0x21, 0xff, 0x24, 0x21, 0x7e, 0x24, 0x21, 0x53, 0x24, 0x21, 0xe5, 0x24, 0x21, 0xb7,
    0x24, 0x21, 0x53, 0x24, 0x21, 0xa4, 0x24, 0x21, 0xfd, 0x24, 0x21, 0x53, 0x24, 0x21, 0x3d, 0x00, 0x00, 0x00, 0x00, 0x00, 0x00, 0x00, 0x00, 0x00,
    0x00, 0x00, 0x00, 0x00, 0x00, 0x00, 0x00, 0x00, 0x00, 0x24, 0x21, 0x5a, 0x24, 0x21, 0xff, 0x24, 0x21, 0x7d, 0x24, 0x21, 0x6b, 0x24, 0x21, 0x6b,
    0x24, 0x21, 0x6b, 0x24, 0x21, 0x6b, 0x24, 0x21, 0x6b, 0x24, 0x21, 0x6b, 0x24, 0x21, 0x6b, 0x24, 0x21, 0x2e, 0x00, 0x00, 0x00, 0x00, 0x00, 0x00,
    0x00, 0x00, 0x00, 0x00, 0x00, 0x00, 0x00, 0x00, 0x00, 0x00, 0x00, 0x00, 0x24, 0x21, 0x4f, 0x24, 0x21, 0xff, 0x24, 0x21, 0x83, 0x00, 0x00, 0x00,
    0x00, 0x00, 0x00, 0x00, 0x00, 0x00, 0x00, 0x00, 0x00, 0x00, 0x00, 0x00, 0x00, 0x00, 0x00, 0x24, 0x21, 0xc3, 0x24, 0x21, 0xff, 0x24, 0x21, 0xff,
    0x24, 0x21, 0xff, 0x24, 0x21, 0xff, 0x24, 0x21, 0xff, 0x24, 0x21, 0xff, 0x24, 0x21, 0xff, 0x24, 0x21, 0xff, 0x24, 0x21, 0xff, 0x24, 0x21, 0x53,
    0x00, 0x00, 0x00, 0x24, 0x21, 0x63, 0x24, 0x21, 0xff, 0x24, 0x21, 0x8f, 0x24, 0x21, 0x2b, 0x24, 0x21, 0x3f, 0x24, 0x21, 0xff, 0x24, 0x21, 0x85,
    0x24, 0x21, 0x57, 0x24, 0x21, 0xff, 0x24, 0x21, 0xfb, 0x24, 0x21, 0xf5, 0x24, 0x21, 0x39, 0x00, 0x00, 0x00, 0x00, 0x00, 0x00, 0x24, 0x21, 0x58,
    0x24, 0x21, 0xff, 0x24, 0x21, 0xb5, 0x24, 0x21, 0xff, 0x24, 0x21, 0xff, 0x24, 0x21, 0xff, 0x24, 0x21, 0xff, 0x24, 0x21, 0xff, 0x24, 0x21, 0xff,
    0x24, 0x21, 0xff, 0x24, 0x21, 0xdb, 0x00, 0x00, 0x00, 0x00, 0x00, 0x00, 0x00, 0x00, 0x00, 0x00, 0x00, 0x00, 0x00, 0x00, 0x00, 0x00, 0x00, 0x00,
    0x24, 0x21, 0x65, 0x24, 0x21, 0xff, 0x24, 0x21, 0x81, 0x24, 0x21, 0xff, 0x24, 0x21, 0xff, 0x24, 0x21, 0xff, 0x24, 0x21, 0xff, 0x24, 0x21, 0xff,
    0x24, 0x21, 0xff, 0x24, 0x21, 0xff, 0x24, 0x21, 0xa3, 0x00, 0x00, 0x00, 0x24, 0x21, 0x20, 0x24, 0x21, 0x8b, 0x24, 0x21, 0x8b, 0x24, 0x21, 0x8b,
    0x24, 0x21, 0x8b, 0x24, 0x21, 0xb0, 0x24, 0x21, 0xff, 0x24, 0x21, 0xc7, 0x24, 0x21, 0x8b, 0x24, 0x21, 0x8b, 0x24, 0x21, 0x8b, 0x24, 0x21, 0x8b,
    0x24, 0x21, 0x22, 0x00, 0x00, 0x00, 0x24, 0x21, 0x65, 0x24, 0x21, 0x83, 0x24, 0x21, 0x83, 0x24, 0x21, 0xdb, 0x24, 0x21, 0xfa, 0x24, 0x21, 0x83,
    0x24, 0x21, 0x83, 0x24, 0x21, 0x83, 0x24, 0x21, 0xaa, 0x24, 0x21, 0xff, 0x24, 0x21, 0x53, 0x00, 0x00, 0x00, 0x24, 0x21, 0x38, 0x24, 0x21, 0xc9,
    0x24, 0x21, 0xb4, 0x24, 0x21, 0xf3, 0x24, 0x21, 0xba, 0x24, 0x21, 0xff, 0x24, 0x21, 0x40, 0x24, 0x21, 0x57, 0x24, 0x21, 0xff, 0x24, 0x21, 0x75,
    0x24, 0x21, 0xf2, 0x24, 0x21, 0xea, 0x24, 0x21, 0x1f, 0x00, 0x00, 0x00, 0x24, 0x21, 0x61, 0x24, 0x21, 0xff, 0x24, 0x21, 0x58, 0x24, 0x21, 0x4f,
    0x24, 0x21, 0xe4, 0x24, 0x21, 0xb5, 0x24, 0x21, 0x4f, 0x24, 0x21, 0xa2, 0x24, 0x21, 0xfd, 0x24, 0x21, 0x4f, 0x24, 0x21, 0x44, 0x00, 0x00, 0x00,
    0x00, 0x00, 0x00, 0x00, 0x00, 0x00, 0x00, 0x00, 0x00, 0x00, 0x00, 0x00, 0x00, 0x00, 0x00, 0x24, 0x21, 0x7b, 0x24, 0x21, 0xff, 0x24, 0x21, 0x6a,
    0x24, 0x21, 0xff, 0x24, 0x21, 0x3f, 0x00, 0x00, 0x00, 0x00, 0x00, 0x00, 0x00, 0x00, 0x00, 0x00, 0x00, 0x00, 0x24, 0x21, 0xf3, 0x24, 0x21, 0xa3,
    0x00, 0x00, 0x00, 0x24, 0x21, 0x3b, 0x24, 0x21, 0xff, 0x24, 0x21, 0xff, 0x24, 0x21, 0xff, 0x24, 0x21, 0xff, 0x24, 0x21, 0xff, 0x24, 0x21, 0xff,
    0x24, 0x21, 0xff, 0x24, 0x21, 0xff, 0x24, 0x21, 0xff, 0x24, 0x21, 0xff, 0x24, 0x21, 0xff, 0x24, 0x21, 0x3f, 0x00, 0x00, 0x00, 0x00, 0x00, 0x00,
    0x00, 0x00, 0x00, 0x00, 0x00, 0x00, 0x24, 0x21, 0xb3, 0x24, 0x21, 0xf3, 0x00, 0x00, 0x00, 0x00, 0x00, 0x00, 0x00, 0x00, 0x00, 0x24, 0x21, 0x4f,
    0x24, 0x21, 0xff, 0x24, 0x21, 0x53, 0x00, 0x00, 0x00, 0x00, 0x00, 0x00, 0x24, 0x21, 0x01, 0x24, 0x21, 0x1f, 0x24, 0x21, 0xd8, 0x24, 0x21, 0xff,
    0x24, 0x21, 0xdb, 0x24, 0x21, 0x01, 0x24, 0x21, 0x57, 0x24, 0x21, 0xff, 0x24, 0x21, 0x47, 0x24, 0x21, 0x51, 0x24, 0x21, 0xfe, 0x24, 0x21, 0x68,
    0x00, 0x00, 0x00, 0x24, 0x21, 0x76, 0x24, 0x21, 0xff, 0x24, 0x21, 0x57, 0x24, 0x21, 0x4f, 0x24, 0x21, 0xe4, 0x24, 0x21, 0xb5, 0x24, 0x21, 0x4f,
    0x24, 0x21, 0xa2, 0x24, 0x21, 0xfd, 0x24, 0x21, 0x4f, 0x24, 0x21, 0x4f, 0x24, 0x21, 0x21, 0x00, 0x00, 0x00, 0x00, 0x00, 0x00, 0x00, 0x00, 0x00,
    0x00, 0x00, 0x00, 0x00, 0x00, 0x00, 0x24, 0x21, 0x9b, 0x24, 0x21, 0xf2, 0x24, 0x21, 0x5f, 0x24, 0x21, 0xff, 0x24, 0x21, 0xf9, 0x24, 0x21, 0xf7,
    0x24, 0x21, 0xf7, 0x24, 0x21, 0xf7, 0x24, 0x21, 0xf7, 0x24, 0x21, 0xff, 0x24, 0x21, 0xa3, 0x00, 0x00, 0x00, 0x00, 0x00, 0x00, 0x00, 0x00, 0x00,
    0x00, 0x00, 0x00, 0x00, 0x00, 0x00, 0x24, 0x21, 0x08, 0x24, 0x21, 0xe0, 0x24, 0x21, 0xff, 0x24, 0x21, 0xfd, 0x24, 0x21, 0x56, 0x00, 0x00, 0x00,
    0x00, 0x00, 0x00, 0x00, 0x00, 0x00, 0x00, 0x00, 0x00, 0x00, 0x00, 0x00, 0x00, 0x00, 0x00, 0x00, 0x00, 0x00, 0x00, 0x00, 0x00, 0x24, 0x21, 0xb3,
    0x24, 0x21, 0xf3, 0x00, 0x00, 0x00, 0x00, 0x00, 0x00, 0x00, 0x00, 0x00, 0x24, 0x21, 0x4f, 0x24, 0x21, 0xff, 0x24, 0x21, 0x53, 0x00, 0x00, 0x00,
    0x00, 0x00, 0x00, 0x00, 0x00, 0x00, 0x00, 0x00, 0x00, 0x24, 0x21, 0x7f, 0x24, 0x21, 0xff, 0x24, 0x21, 0x79, 0x00, 0x00, 0x00, 0x24, 0x21, 0x57,
    0x24, 0x21, 0xff, 0x24, 0x21, 0x47, 0x00, 0x00, 0x00, 0x24, 0x21, 0x32, 0x00, 0x00, 0x00, 0x00, 0x00, 0x00, 0x24, 0x21, 0x92, 0x24, 0x21, 0xfe,
    0x24, 0x21, 0xc4, 0x24, 0x21, 0xff, 0x24, 0x21, 0xff, 0x24, 0x21, 0xff, 0x24, 0x21, 0xff, 0x24, 0x21, 0xff, 0x24, 0x21, 0xff, 0x24, 0x21, 0xff,
    0x24, 0x21, 0xff, 0x24, 0x21, 0x6b, 0x00, 0x00, 0x00, 0x00, 0x00, 0x00, 0x00, 0x00, 0x00, 0x00, 0x00, 0x00, 0x00, 0x00, 0x00, 0x24, 0x21, 0xd0,
    0x24, 0x21, 0xcf, 0x24, 0x21, 0x5f, 0x24, 0x21, 0xff, 0x24, 0x21, 0x45, 0x24, 0x21, 0x07, 0x24, 0x21, 0x07, 0x24, 0x21, 0x07, 0x24, 0x21, 0x07,
    0x24, 0x21, 0xf4, 0x24, 0x21, 0xa3, 0x00, 0x00, 0x00, 0x00, 0x00, 0x00, 0x00, 0x00, 0x00, 0x00, 0x00, 0x00, 0x24, 0x21, 0x07, 0x24, 0x21, 0xb2,
    0x24, 0x21, 0xff, 0x24, 0x21, 0xbb, 0x24, 0x21, 0xe5, 0x24, 0x21, 0xfa, 0x24, 0x21, 0x4a, 0x00, 0x00, 0x00, 0x00, 0x00, 0x00, 0x00, 0x00, 0x00,
    0x00, 0x00, 0x00, 0x00, 0x00, 0x00, 0x00, 0x00, 0x00, 0x00, 0x00, 0x00, 0x24, 0x21, 0xb3, 0x24, 0x21, 0xf3, 0x00, 0x00, 0x00, 0x24, 0x21, 0x4e,
    0x24, 0x21, 0x9d, 0x24, 0x21, 0xc5, 0x24, 0x21, 0xff, 0x24, 0x21, 0x47, 0x00, 0x00, 0x00, 0x00, 0x00, 0x00, 0x00, 0x00, 0x00, 0x24, 0x21, 0x3f,
    0x24, 0x21, 0xfc, 0x24, 0x21, 0xe3, 0x24, 0x21, 0x11, 0x00, 0x00, 0x00, 0x24, 0x21, 0x57, 0x24, 0x21, 0xff, 0x24, 0x21, 0x47, 0x00, 0x00, 0x00,
    0x00, 0x00, 0x00, 0x00, 0x00, 0x00, 0x00, 0x00, 0x00, 0x24, 0x21, 0xc4, 0x24, 0x21, 0xd7, 0x00, 0x00, 0x00, 0x24, 0x21, 0xab, 0x24, 0x21, 0xc3,
    0x00, 0x00, 0x00, 0x24, 0x21, 0xa0, 0x24, 0x21, 0xe1, 0x24, 0x21, 0x49, 0x24, 0x21, 0xde, 0x24, 0x21, 0x97, 0x00, 0x00, 0x00, 0x00, 0x00, 0x00,
    0x00, 0x00, 0x00, 0x00, 0x00, 0x00, 0x00, 0x00, 0x00, 0x24, 0x21, 0x1a, 0x24, 0x21, 0xfc, 0x24, 0x21, 0x91, 0x24, 0x21, 0x5f, 0x24, 0x21, 0xff,
    0x24, 0x21, 0xff, 0x24, 0x21, 0xff, 0x24, 0x21, 0xff, 0x24, 0x21, 0xff, 0x24, 0x21, 0xff, 0x24, 0x21, 0xff, 0x24, 0x21, 0xa3, 0x00, 0x00, 0x00,
    0x00, 0x00, 0x00, 0x24, 0x21, 0x01, 0x24, 0x21, 0x4a, 0x24, 0x21, 0xd9, 0x24, 0x21, 0xff, 0x24, 0x21, 0xd6, 0x24, 0x21, 0x15, 0x24, 0x21, 0x30,
    0x24, 0x21, 0xf2, 0x24, 0x21, 0xf9, 0x24, 0x21, 0x9e, 0x24, 0x21, 0x31, 0x00, 0x00, 0x00, 0x00, 0x00, 0x00, 0x00, 0x00, 0x00, 0x00, 0x00, 0x00,
    0x00, 0x00, 0x00, 0x24, 0x21, 0xb3, 0x24, 0x21, 0xf3, 0x00, 0x00, 0x00, 0x24, 0x21, 0x40, 0x24, 0x21, 0xfd, 0x24, 0x21, 0xf2, 0x24, 0x21, 0xb3,
    0x24, 0x21, 0x0d, 0x00, 0x00, 0x00, 0x00, 0x00, 0x00, 0x24, 0x21, 0x52, 0x24, 0x21, 0xed, 0x24, 0x21, 0xfe, 0x24, 0x21, 0x41, 0x00, 0x00, 0x00,
    0x00, 0x00, 0x00, 0x24, 0x21, 0x57, 0x24, 0x21, 0xff, 0x24, 0x21, 0x47, 0x00, 0x00, 0x00, 0x00, 0x00, 0x00, 0x00, 0x00, 0x00, 0x24, 0x21, 0x0b,
    0x24, 0x21, 0xf5, 0x24, 0x21, 0xa1, 0x00, 0x00, 0x00, 0x24, 0x21, 0xb5, 0x24, 0x21, 0xc3, 0x24, 0x21, 0x01, 0x24, 0x21, 0x41, 0x24, 0x21, 0xed,
    0x24, 0x21, 0xff, 0x24, 0x21, 0xc2, 0x24, 0x21, 0x16, 0x00, 0x00, 0x00, 0x00, 0x00, 0x00, 0x00, 0x00, 0x00, 0x00, 0x00, 0x00, 0x00, 0x00, 0x00,
    0x24, 0x21, 0x86, 0x24, 0x21, 0xff, 0x24, 0x21, 0x40, 0x24, 0x21, 0x5f, 0x24, 0x21, 0xff, 0x24, 0x21, 0x3f, 0x00, 0x00, 0x00, 0x00, 0x00, 0x00,
    0x24, 0x21, 0x30, 0x24, 0x21, 0x49, 0x24, 0x21, 0xf9, 0x24, 0x21, 0x9e, 0x00, 0x00, 0x00, 0x24, 0x21, 0x46, 0x24, 0x21, 0xdd, 0x24, 0x21, 0xff,
    0x24, 0x21, 0xff, 0x24, 0x21, 0xac, 0x24, 0x21, 0x13, 0x00, 0x00, 0x00, 0x00, 0x00, 0x00, 0x24, 0x21, 0x44, 0x24, 0x21, 0xe6, 0x24, 0x21, 0xff,
    0x24, 0x21, 0xff, 0x24, 0x21, 0x71, 0x00, 0x00, 0x00, 0x00, 0x00, 0x00, 0x00, 0x00, 0x00, 0x00, 0x00, 0x00, 0x24, 0x21, 0xb3, 0x24, 0x21, 0xf3,
    0x00, 0x00, 0x00, 0x00, 0x00, 0x00, 0x00, 0x00, 0x00, 0x00, 0x00, 0x00, 0x00, 0x00, 0x00, 0x00, 0x00, 0x00, 0x00, 0x00, 0x00, 0x24, 0x21, 0x60,
    0x24, 0x21, 0xff, 0x24, 0x21, 0xfc, 0x24, 0x21, 0x70, 0x00, 0x00, 0x00, 0x00, 0x00, 0x00, 0x00, 0x00, 0x00, 0x24, 0x21, 0x57, 0x24, 0x21, 0xff,
    0x24, 0x21, 0x47, 0x00, 0x00, 0x00, 0x00, 0x00, 0x00, 0x00, 0x00, 0x00, 0x24, 0x21, 0x67, 0x24, 0x21, 0xff, 0x24, 0x21, 0x57, 0x24, 0x21, 0x1f,
    0x24, 0x21, 0xf2, 0x24, 0x21, 0xf4, 0x24, 0x21, 0xee, 0x24, 0x21, 0xe3, 0x24, 0x21, 0x3c, 0x24, 0x21, 0xed, 0x24, 0x21, 0xfe, 0x24, 0x21, 0xbe,
    0x24, 0x21, 0x39, 0x00, 0x00, 0x00, 0x00, 0x00, 0x00, 0x00, 0x00, 0x00, 0x00, 0x00, 0x00, 0x24, 0x21, 0x23, 0x24, 0x21, 0x8b, 0x00, 0x00, 0x00,
    0x24, 0x21, 0x5f, 0x24, 0x21, 0xff, 0x24, 0x21, 0x3f, 0x00, 0x00, 0x00, 0x00, 0x00, 0x00, 0x24, 0x21, 0x6e, 0x24, 0x21, 0xfc, 0x24, 0x21, 0xe2,
    0x24, 0x21, 0x49, 0x00, 0x00, 0x00, 0x24, 0x21, 0x0d, 0x24, 0x21, 0xd5, 0x24, 0x21, 0xb0, 0x24, 0x21, 0x41, 0x00, 0x00, 0x00, 0x00, 0x00, 0x00,
    0x00, 0x00, 0x00, 0x00, 0x00, 0x00, 0x00, 0x00, 0x00, 0x24, 0x21, 0x08, 0x24, 0x21, 0x70, 0x24, 0x21, 0xca, 0x24, 0x21, 0x0e, 0x00, 0x00, 0x00,
    0x00, 0x00, 0x00, 0x00, 0x00, 0x00, 0x00, 0x00, 0x00, 0x24, 0x21, 0xae, 0x24, 0x21, 0xec, 0x00, 0x00, 0x00, 0x00, 0x00, 0x00, 0x00, 0x00, 0x00,
    0x00, 0x00, 0x00, 0x00, 0x00, 0x00, 0x00, 0x00, 0x00, 0x00, 0x00, 0x00, 0x24, 0x21, 0x03, 0x24, 0x21, 0x9f, 0x24, 0x21, 0x42, 0x00, 0x00, 0x00,
    0x00, 0x00, 0x00, 0x00, 0x00, 0x00, 0x00, 0x00, 0x00, 0x24, 0x21, 0x57, 0x24, 0x21, 0xff, 0x24, 0x21, 0x47, 0x00, 0x00, 0x00, 0x00, 0x00, 0x00,
    0x00, 0x00, 0x00, 0x24, 0x21, 0x53, 0x24, 0x21, 0xd4, 0x24, 0x21, 0x05, 0x24, 0x21, 0x14, 0x24, 0x21, 0xf0, 0x24, 0x21, 0xbb, 0x24, 0x21, 0x7b,
    0x24, 0x21, 0x36, 0x00, 0x00, 0x00, 0x24, 0x21, 0x1a, 0x24, 0x21, 0x9c, 0x24, 0x21, 0xe3, 0x24, 0x21, 0x1b, 0x00, 0x00, 0x00, 0x00, 0x00, 0x00,
    0x00, 0x00, 0x00, 0x00, 0x00, 0x00, 0x00, 0x00, 0x00, 0x00, 0x00, 0x00, 0x00, 0x00, 0x00, 0x24, 0x21, 0x08, 0x24, 0x21, 0x17, 0x24, 0x21, 0x05,
    0x00, 0x00, 0x00, 0x00, 0x00, 0x00, 0x00, 0x00, 0x00, 0x00, 0x00, 0x00, 0x00, 0x00, 0x00, 0x00, 0x00, 0x00, 0x00, 0x00, 0x00, 0x00, 0x00, 0x00,
    0x24, 0x21, 0x02, 0x00, 0x00, 0x00, 0x00, 0x00, 0x00, 0x00, 0x00, 0x00, 0x00, 0x00, 0x00, 0x00, 0x00, 0x00, 0x00, 0x00, 0x00, 0x00, 0x00, 0x00,
    0x00, 0x00, 0x00, 0x00, 0x00, 0x00, 0x00, 0x00, 0x00, 0x00, 0x00, 0x00, 0x00, 0x00, 0x00, 0x00, 0x00, 0x00, 0x00, 0x00, 0x00, 0x00, 0x00, 0x00,
    0x00, 0x00, 0x00, 0x00, 0x00, 0x00, 0x00, 0x00, 0x00, 0x00, 0x00, 0x00, 0x00, 0x00, 0x00, 0x00, 0x00, 0x00, 0x00, 0x00, 0x00, 0x00, 0x00, 0x00,
    0x00, 0x00, 0x00, 0x00, 0x00, 0x00, 0x00, 0x00, 0x00, 0x00, 0x00, 0x00, 0x00, 0x00, 0x00, 0x00, 0x00, 0x00, 0x00, 0x00, 0x00, 0x00, 0x00, 0x00,
    0x24, 0x21, 0x06, 0x24, 0x21, 0x13, 0x24, 0x21, 0x05, 0x00, 0x00, 0x00, 0x00, 0x00, 0x00, 0x00, 0x00, 0x00, 0x00, 0x00, 0x00, 0x24, 0x21, 0x03,
    0x00, 0x00, 0x00, 0x00, 0x00, 0x00, 0x24, 0x21, 0x07, 0x00, 0x00, 0x00, 0x00, 0x00, 0x00, 0x00, 0x00, 0x00, 0x00, 0x00, 0x00, 0x00, 0x00, 0x00,
    0x00, 0x00, 0x00, 0x24, 0x21, 0x01, 0x00, 0x00, 0x00, 0x00, 0x00, 0x00, 0x00, 0x00, 0x00, 0x00, 0x00, 0x00, 0x00, 0x00, 0x00, 0x00, 0x00, 0x00,
    0x00, 0x00, 0x00, 0x00, 0x00, 0x00, 0x00, 0x00, 0x00, 0x00, 0x00, 0x00, 0x00, 0x00, 0x00, 0x00, 0x00, 0x00, 0x00, 0x00, 0x00, 0x00, 0x00, 0x00,
    0x00, 0x00, 0x00, 0x00, 0x00, 0x00, 0x00, 0x00, 0x00, 0x00, 0x00, 0x00, 0x00, 0x00, 0x00, 0x00, 0x00, 0x00, 0x00, 0x00, 0x00, 0x00, 0x00, 0x00,
    0x00, 0x00, 0x00, 0x00, 0x00, 0x00, 0x00, 0x00, 0x00, 0x00, 0x00, 0x00, 0x00, 0x00, 0x00, 0x00, 0x00, 0x00, 0x00, 0x00, 0x00, 0x00, 0x00, 0x00,
    0x00, 0x00, 0x00, 0x00, 0x00, 0x00, 0x00, 0x00, 0x00, 0x00, 0x00, 0x00, 0x00, 0x00, 0x00, 0x00, 0x00, 0x00, 0x00, 0x00, 0x00, 0x00, 0x00, 0x00,
    0x00, 0x00, 0x00, 0x00, 0x00, 0x00, 0x00, 0x00, 0x00, 0x00, 0x00, 0x00, 0x00, 0x00, 0x00, 0x00, 0x00, 0x00, 0x00, 0x00, 0x00, 0x00, 0x00, 0x00,
    0x00, 0x00, 0x00, 0x00, 0x00, 0x00, 0x00, 0x00, 0x00, 0x00, 0x00, 0x00, 0x00, 0x00, 0x00, 0x00, 0x00, 0x00, 0x00, 0x00, 0x00, 0x00, 0x00, 0x00,
    0x00, 0x00, 0x00, 0x00, 0x00, 0x00, 0x00, 0x00, 0x00, 0x00, 0x00, 0x00, 0x00, 0x00, 0x00, 0x00, 0x00, 0x00, 0x00, 0x00, 0x00, 0x00, 0x00, 0x00,
    0x00, 0x00, 0x00, 0x00, 0x00, 0x00, 0x00, 0x00, 0x00, 0x00, 0x00, 0x00, 0x00, 0x00, 0x00, 0x00, 0x00, 0x00, 0x00, 0x00, 0x00, 0x00, 0x00, 0x00,
    0x00, 0x00, 0x00, 0x00, 0x00, 0x00, 0x00, 0x00, 0x00, 0x00, 0x00, 0x00, 0x00, 0x00, 0x00, 0x00, 0x00, 0x00, 0x00, 0x00, 0x00, 0x00, 0x00, 0x00,
    0x00, 0x00, 0x00, 0x00, 0x00, 0x00, 0x00, 0x00, 0x00, 0x00, 0x00, 0x00, 0x00, 0x00, 0x00, 0x00, 0x00, 0x00, 0x00, 0x00, 0x00, 0x00, 0x00, 0x00,
    0x00, 0x00, 0x00, 0x00, 0x00, 0x00, 0x00, 0x00, 0x00, 0x00, 0x00, 0x00, 0x00, 0x00, 0x00, 0x00, 0x00, 0x00, 0x00, 0x00, 0x00, 0x00, 0x00, 0x00,
    0x00, 0x00, 0x00, 0x00, 0x00, 0x00, 0x00, 0x00, 0x00, 0x00, 0x00, 0x00, 0x00, 0x00, 0x00, 0x00, 0x00, 0x00, 0x00, 0x00, 0x00, 0x00, 0x00, 0x00,
    0x00, 0x00, 0x00, 0x00, 0x00, 0x00, 0x00, 0x00, 0x00, 0x00, 0x00, 0x00, 0x00, 0x00, 0x00, 0x00, 0x00, 0x00, 0x00, 0x00, 0x00, 0x00, 0x00, 0x00,
    0x00, 0x00, 0x00, 0x00, 0x00, 0x00, 0x00, 0x00, 0x00, 0x00, 0x00, 0x00, 0x00, 0x00, 0x00, 0x00, 0x00, 0x00, 0x00, 0x00, 0x00, 0x00, 0x00, 0x00,
    0x00, 0x00, 0x00, 0x00, 0x00, 0x00, 0x00, 0x00, 0x00, 0x00, 0x00, 0x00, 0x00, 0x00, 0x00, 0x00, 0x00, 0x00, 0x00, 0x00, 0x00, 0x00, 0x00, 0x00,
    0x00, 0x00, 0x00, 0x00, 0x00, 0x00, 0x00, 0x00, 0x00, 0x00, 0x00, 0x00, 0x00, 0x00, 0x00, 0x00, 0x00, 0x00, 0x00, 0x00, 0x00, 0x00, 0x00, 0x00,
    0x00, 0x00, 0x00, 0x00, 0x00, 0x00, 0x00, 0x00, 0x00, 0x00, 0x00, 0x00, 0x00, 0x00, 0x00, 0x00, 0x00, 0x00, 0x00, 0x00, 0x00,
};
const lv_img_dsc_t zh_shoulder = {
    .header.always_zero = 0,
    .header.w = 69,
    .header.h = 19,
    .data_size = 3933,
    .header.cf = LV_IMG_CF_TRUE_COLOR_ALPHA,
    .data = zh_shoulder_map,
};

#ifndef LV_ATTRIBUTE_IMG_ZH_START_HINT
#define LV_ATTRIBUTE_IMG_ZH_START_HINT
#endif
const LV_ATTRIBUTE_MEM_ALIGN LV_ATTRIBUTE_LARGE_CONST LV_ATTRIBUTE_IMG_ZH_START_HINT uint8_t zh_start_hint_map[] = {
    0x00, 0x00, 0x00, 0x00, 0x00, 0x00, 0x00, 0x00, 0x00, 0x00, 0x00, 0x00, 0x00, 0x00, 0x00, 0x00, 0x00, 0x00, 0x00, 0x00, 0x00, 0x00, 0x00, 0x00,
    0x00, 0x00, 0x00, 0x00, 0x00, 0x00, 0x00, 0x00, 0x00, 0x00, 0x00, 0x00, 0x00, 0x00, 0x00, 0x00, 0x00, 0x00, 0x00, 0x00, 0x00, 0x00, 0x00, 0x00,
    0x00, 0x00, 0x00, 0x00, 0x00, 0x00, 0x00, 0x00, 0x00, 0x00, 0x00, 0x00, 0x00, 0x00, 0x00, 0x00, 0x00, 0x00, 0x00, 0x00, 0x00, 0x00, 0x00, 0x00,
    0x00, 0x00, 0x00, 0x00, 0x00, 0x00, 0x00, 0x00, 0x00, 0x00, 0x00, 0x00, 0x00, 0x00, 0x00, 0x00, 0x00, 0x00, 0x00, 0x00, 0x00, 0x00, 0x00, 0x00,
    0x00, 0x00, 0x00, 0x00, 0x00, 0x00, 0x00, 0x00, 0x00, 0x00, 0x00, 0x00, 0x00, 0x00, 0x00, 0x00, 0x00, 0x00, 0x00, 0x00, 0x00, 0x00, 0x00, 0x00,
    0x00, 0x00, 0x00, 0x00, 0x00, 0x00, 0x00, 0x00, 0x00, 0x00, 0x00, 0x00, 0x00, 0x00, 0x00, 0x00, 0x00, 0x00, 0x00, 0x00, 0x00, 0x00, 0x00, 0x00,
    0x00, 0x00, 0x00, 0x00, 0x00, 0x00, 0x00, 0x00, 0x00, 0x00, 0x00, 0x00, 0x00, 0x00, 0x00, 0x00, 0x00, 0x00, 0x00, 0x00, 0x00, 0x00, 0x00, 0x00,
    0x00, 0x00, 0x00, 0x00, 0x00, 0x00, 0x00, 0x00, 0x00, 0x00, 0x00, 0x00, 0x00, 0x00, 0x00, 0x00, 0x00, 0x00, 0x00, 0x00, 0x00, 0x00, 0x00, 0x00,
    0x00, 0x00, 0x00, 0x00, 0x00, 0x00, 0x00, 0x00, 0x00, 0x00, 0x00, 0x00, 0x00, 0x00, 0x00, 0x00, 0x00, 0x00, 0x00, 0x00, 0x00, 0x00, 0x00, 0x00,
    0x00, 0x00, 0x00, 0x00, 0x00, 0x00, 0x00, 0x00, 0x00, 0x00, 0x00, 0x00, 0x00, 0x00, 0x00, 0x00, 0x00, 0x00, 0x00, 0x00, 0x00, 0x00, 0x00, 0x00,
    0x00, 0x00, 0x00, 0x00, 0x00, 0x00, 0x00, 0x00, 0x00, 0x00, 0x00, 0x00, 0x00, 0x00, 0x00, 0x00, 0x00, 0x00, 0x00, 0x00, 0x00, 0x00, 0x00, 0x00,
    0x00, 0x00, 0x00, 0x00, 0x00, 0x00, 0x00, 0x00, 0x00, 0x00, 0x00, 0x00, 0x00, 0x00, 0x00, 0x00, 0x00, 0x00, 0x00, 0x00, 0x00, 0x00, 0x00, 0x00,
    0x00, 0x00, 0x00, 0x00, 0x00, 0x00, 0x00, 0x00, 0x00, 0x00, 0x00, 0x00, 0x00, 0x00, 0x00, 0x00, 0x00, 0x00, 0x00, 0x00, 0x00, 0x00, 0x00, 0x00,
    0x00, 0x00, 0x00, 0x00, 0x00, 0x00, 0x00, 0x00, 0x00, 0x00, 0x00, 0x00, 0x00, 0x00, 0x00, 0x00, 0x00, 0x00, 0x00, 0x00, 0x00, 0x00, 0x00, 0x00,
    0x00, 0x00, 0x00, 0x00, 0x00, 0x00, 0x00, 0x00, 0x00, 0x00, 0x00, 0x00, 0x00, 0x00, 0x00, 0x00, 0x00, 0x00, 0x00, 0x00, 0x00, 0x00, 0x00, 0x00,
    0x00, 0x00, 0x00, 0x00, 0x00, 0x00, 0x00, 0x00, 0x00, 0x00, 0x00, 0x00, 0x00, 0x00, 0x00, 0x00, 0x00, 0x00, 0x00, 0x00, 0x00, 0x00, 0x00, 0x00,
    0x00, 0x00, 0x00, 0x00, 0x00, 0x00, 0x00, 0x00, 0x00, 0x00, 0x00, 0x00, 0x00, 0x00, 0x00, 0x00, 0x00, 0x00, 0x00, 0x00, 0x00, 0x00, 0x00, 0x00,
    0x00, 0x00, 0x00, 0x00, 0x00, 0x00, 0x00, 0x00, 0x00, 0x00, 0x00, 0x00, 0x00, 0x00, 0x00, 0x00, 0x00, 0x00, 0x00, 0x00, 0x00, 0x00, 0x00, 0x00,
    0x00, 0x00, 0x00, 0x00, 0x00, 0x00, 0x00, 0x00, 0x00, 0x00, 0x00, 0x00, 0x00, 0x00, 0x00, 0x00, 0x00, 0x00, 0x00, 0x00, 0x00, 0x00, 0x00, 0x00,
    0x00, 0x00, 0x00, 0x00, 0x00, 0x00, 0x00, 0x00, 0x00, 0x00, 0x00, 0x00, 0x00, 0x00, 0x00, 0x00, 0x00, 0x00, 0x00, 0x00, 0x00, 0x00, 0x00, 0x00,
    0x00, 0x00, 0x00, 0x00, 0x00, 0x00, 0x00, 0x00, 0x00, 0x00, 0x00, 0x00, 0x00, 0x00, 0x00, 0x00, 0x00, 0x00, 0x00, 0x00, 0x00, 0x00, 0x00, 0x00,
    0x00, 0x00, 0x00, 0x00, 0x00, 0x00, 0x00, 0x00, 0x00, 0x00, 0x00, 0x00, 0x00, 0x00, 0x00, 0x00, 0x00, 0x00, 0x00, 0x00, 0x00, 0x00, 0x00, 0x00,
    0x00, 0x00, 0x00, 0x00, 0x00, 0x00, 0x00, 0x00, 0x00, 0x00, 0x00, 0x00, 0x00, 0x00, 0x00, 0x00, 0x00, 0x00, 0x8d, 0x6b, 0x01, 0x00, 0x00, 0x00,
    0x00, 0x00, 0x00, 0x8d, 0x6b, 0x05, 0x00, 0x00, 0x00, 0x00, 0x00, 0x00, 0x00, 0x00, 0x00, 0x00, 0x00, 0x00, 0x00, 0x00, 0x00, 0x00, 0x00, 0x00,
    0x00, 0x00, 0x00, 0x00, 0x00, 0x00, 0x00, 0x00, 0x00, 0x00, 0x00, 0x00, 0x00, 0x00, 0x00, 0x00, 0x00, 0x00, 0x8d, 0x6b, 0x73, 0x8d, 0x6b, 0x4b,
    0x00, 0x00, 0x00, 0x00, 0x00, 0x00, 0x00, 0x00, 0x00, 0x00, 0x00, 0x00, 0x00, 0x00, 0x00, 0x00, 0x00, 0x00, 0x00, 0x00, 0x00, 0x00, 0x00, 0x00,
    0x8d, 0x6b, 0x5c, 0x8d, 0x6b, 0x64, 0x00, 0x00, 0x00, 0x00, 0x00, 0x00, 0x00, 0x00, 0x00, 0x00, 0x00, 0x00, 0x00, 0x00, 0x00, 0x00, 0x00, 0x00,
    0x00, 0x00, 0x00, 0x00, 0x00, 0x00, 0x00, 0x00, 0x00, 0x00, 0x00, 0x00, 0x00, 0x00, 0x00, 0x00, 0x00, 0x00, 0x00, 0x00, 0x00, 0x00, 0x00, 0x00,
    0x00, 0x00, 0x00, 0x8d, 0x6b, 0x4a, 0x8d, 0x6b, 0x62, 0x00, 0x00, 0x00, 0x00, 0x00, 0x00, 0x8d, 0x6b, 0x0a, 0x8d, 0x6b, 0xbf, 0x00, 0x00, 0x00,
    0x00, 0x00, 0x00, 0x00, 0x00, 0x00, 0x00, 0x00, 0x00, 0x8d, 0x6b, 0x8a, 0x8d, 0x6b, 0x0f, 0x00, 0x00, 0x00, 0x8d, 0x6b, 0x86, 0x8d, 0x6b, 0x05,
    0x8d, 0x6b, 0x23, 0x8d, 0x6b, 0x05, 0x8d, 0x6b, 0x69, 0x8d, 0x6b, 0x2f, 0x00, 0x00, 0x00, 0x8d, 0x6b, 0x1f, 0x8d, 0x6b, 0x95, 0x00, 0x00, 0x00,
    0x00, 0x00, 0x00, 0x8d, 0x6b, 0x80, 0x8d, 0x6b, 0x3f, 0x00, 0x00, 0x00, 0x00, 0x00, 0x00, 0x00, 0x00, 0x00, 0x00, 0x00, 0x00, 0x00, 0x00, 0x00,
    0x00, 0x00, 0x00, 0x00, 0x00, 0x00, 0x00, 0x00, 0x00, 0x00, 0x00, 0x00, 0x00, 0x00, 0x00, 0x00, 0x00, 0x00, 0x8d, 0x6b, 0x73, 0x8d, 0x6b, 0xcd,
    0x8d, 0x6b, 0xb7, 0x8d, 0x6b, 0xb7, 0x8d, 0x6b, 0xb7, 0x8d, 0x6b, 0x11, 0x00, 0x00, 0x00, 0x00, 0x00, 0x00, 0x00, 0x00, 0x00, 0x00, 0x00, 0x00,
    0x8d, 0x6b, 0x5f, 0x8d, 0x6b, 0x67, 0x00, 0x00, 0x00, 0x00, 0x00, 0x00, 0x00, 0x00, 0x00, 0x00, 0x00, 0x00, 0x8d, 0x6b, 0x17, 0x8d, 0x6b, 0xbb,
    0x8d, 0x6b, 0xc1, 0x8d, 0x6b, 0xea, 0x8d, 0x6b, 0xbb, 0x8d, 0x6b, 0xbb, 0x8d, 0x6b, 0xdf, 0x8d, 0x6b, 0xcc, 0x8d, 0x6b, 0xbb, 0x8d, 0x6b, 0x20,
    0x00, 0x00, 0x00, 0x8d, 0x6b, 0x6d, 0x8d, 0x6b, 0x44, 0x00, 0x00, 0x00, 0x00, 0x00, 0x00, 0x8d, 0x6b, 0x68, 0x8d, 0x6b, 0x6d, 0x8d, 0x6b, 0x21,
    0x8d, 0x6b, 0x0a, 0x00, 0x00, 0x00, 0x00, 0x00, 0x00, 0x8d, 0x6b, 0x3f, 0x8d, 0x6b, 0xc0, 0x8d, 0x6b, 0x08, 0x8d, 0x6b, 0xb3, 0x8d, 0x6b, 0x07,
    0x8d, 0x6b, 0x97, 0x8d, 0x6b, 0x17, 0x8d, 0x6b, 0x83, 0x8d, 0x6b, 0x3b, 0x00, 0x00, 0x00, 0x8d, 0x6b, 0x71, 0x8d, 0x6b, 0x50, 0x8d, 0x6b, 0x4a,
    0x8d, 0x6b, 0xaf, 0x8d, 0x6b, 0xe2, 0x8d, 0x6b, 0xb8, 0x8d, 0x6b, 0xaf, 0x8d, 0x6b, 0xaf, 0x8d, 0x6b, 0x36, 0x00, 0x00, 0x00, 0x00, 0x00, 0x00,
    0x00, 0x00, 0x00, 0x00, 0x00, 0x00, 0x00, 0x00, 0x00, 0x00, 0x00, 0x00, 0x00, 0x00, 0x00, 0x00, 0x00, 0x00, 0x8d, 0x6b, 0x73, 0x8d, 0x6b, 0x4b,
    0x00, 0x00, 0x00, 0x00, 0x00, 0x00, 0x00, 0x00, 0x00, 0x00, 0x00, 0x00, 0x00, 0x00, 0x00, 0x8d, 0x6b, 0x77, 0x8d, 0x6b, 0xbf, 0x8d, 0x6b, 0xbf,
    0x8d, 0x6b, 0xd7, 0x8d, 0x6b, 0xd9, 0x8d, 0x6b, 0xbf, 0x8d, 0x6b, 0xbf, 0x8d, 0x6b, 0x80, 0x00, 0x00, 0x00, 0x00, 0x00, 0x00, 0x00, 0x00, 0x00,
    0x8d, 0x6b, 0x13, 0x8d, 0x6b, 0xaf, 0x00, 0x00, 0x00, 0x00, 0x00, 0x00, 0x8d, 0x6b, 0x83, 0x8d, 0x6b, 0x3f, 0x00, 0x00, 0x00, 0x00, 0x00, 0x00,
    0x8d, 0x6b, 0x65, 0x8d, 0x6b, 0xd8, 0x8d, 0x6b, 0xbe, 0x8d, 0x6b, 0x92, 0x8d, 0x6b, 0x07, 0x8d, 0x6b, 0xbc, 0x8d, 0x6b, 0x09, 0x8d, 0x6b, 0x42,
    0x8d, 0x6b, 0x8c, 0x00, 0x00, 0x00, 0x00, 0x00, 0x00, 0x00, 0x00, 0x00, 0x8d, 0x6b, 0x2c, 0x00, 0x00, 0x00, 0x8d, 0x6b, 0xb3, 0x8d, 0x6b, 0x07,
    0x8d, 0x6b, 0x97, 0x8d, 0x6b, 0x17, 0x8d, 0x6b, 0x83, 0x8d, 0x6b, 0x3b, 0x8d, 0x6b, 0x01, 0x8d, 0x6b, 0xb2, 0x8d, 0x6b, 0x2d, 0x8d, 0x6b, 0x3a,
    0x8d, 0x6b, 0x09, 0x8d, 0x6b, 0xad, 0x00, 0x00, 0x00, 0x00, 0x00, 0x00, 0x00, 0x00, 0x00, 0x00, 0x00, 0x00, 0x00, 0x00, 0x00, 0x00, 0x00, 0x00,
    0x00, 0x00, 0x00, 0x00, 0x00, 0x00, 0x00, 0x00, 0x00, 0x8d, 0x6b, 0x3d, 0x8d, 0x6b, 0xb3, 0x8d, 0x6b, 0xb3, 0x8d, 0x6b, 0xd6, 0x8d, 0x6b, 0xca,
    0x8d, 0x6b, 0xb3, 0x8d, 0x6b, 0xb3, 0x8d, 0x6b, 0x3d, 0x00, 0x00, 0x00, 0x00, 0x00, 0x00, 0x00, 0x00, 0x00, 0x00, 0x00, 0x00, 0x00, 0x00, 0x00,
    0x8d, 0x6b, 0x5f, 0x8d, 0x6b, 0x67, 0x00, 0x00, 0x00, 0x00, 0x00, 0x00, 0x00, 0x00, 0x00, 0x00, 0x00, 0x00, 0x00, 0x00, 0x00, 0x00, 0x00, 0x00,
    0x8d, 0x6b, 0x14, 0x8d, 0x6b, 0xaf, 0x00, 0x00, 0x00, 0x00, 0x00, 0x00, 0x8d, 0x6b, 0x83, 0x8d, 0x6b, 0x3f, 0x00, 0x00, 0x00, 0x00, 0x00, 0x00,
    0x00, 0x00, 0x00, 0x8d, 0x6b, 0xae, 0x8d, 0x6b, 0x02, 0x8d, 0x6b, 0xad, 0x8d, 0x6b, 0x9b, 0x8d, 0x6b, 0x9a, 0x8d, 0x6b, 0x68, 0x8d, 0x6b, 0x78,
    0x8d, 0x6b, 0xe1, 0x8d, 0x6b, 0x2b, 0x8d, 0x6b, 0x70, 0x8d, 0x6b, 0xb7, 0x8d, 0x6b, 0x61, 0x00, 0x00, 0x00, 0x8d, 0x6b, 0xb4, 0x8d, 0x6b, 0x07,
    0x8d, 0x6b, 0x97, 0x8d, 0x6b, 0x17, 0x8d, 0x6b, 0x83, 0x8d, 0x6b, 0x3b, 0x8d, 0x6b, 0x6d, 0x8d, 0x6b, 0xbc, 0x8d, 0x6b, 0xc2, 0x8d, 0x6b, 0x57,
    0x8d, 0x6b, 0xd5, 0x8d, 0x6b, 0xc8, 0x8d, 0x6b, 0xe8, 0x8d, 0x6b, 0x07, 0x00, 0x00, 0x00, 0x00, 0x00, 0x00, 0x00, 0x00, 0x00, 0x00, 0x00, 0x00,
    0x00, 0x00, 0x00, 0x00, 0x00, 0x00, 0x00, 0x00, 0x00, 0x8d, 0x6b, 0x57, 0x8d, 0x6b, 0x5b, 0x00, 0x00, 0x00, 0x00, 0x00, 0x00, 0x00, 0x00, 0x00,
    0x00, 0x00, 0x00, 0x8d, 0x6b, 0x67, 0x8d, 0x6b, 0x57, 0x00, 0x00, 0x00, 0x8d, 0x6b, 0x43, 0x8d, 0x6b, 0xbb, 0x8d, 0x6b, 0xbb, 0x8d, 0x6b, 0xbb,
    0x8d, 0x6b, 0xd5, 0x8d, 0x6b, 0xd7, 0x8d, 0x6b, 0xbb, 0x8d, 0x6b, 0xbb, 0x8d, 0x6b, 0xbb, 0x8d, 0x6b, 0x43, 0x8d, 0x6b, 0x59, 0x8d, 0x6b, 0xb7,
    0x8d, 0x6b, 0xbe, 0x8d, 0x6b, 0xe9, 0x8d, 0x6b, 0xb7, 0x8d, 0x6b, 0xb7, 0x8d, 0x6b, 0xdd, 0x8d, 0x6b, 0xc9, 0x8d, 0x6b, 0xb7, 0x8d, 0x6b, 0x59,
    0x8d, 0x6b, 0x0b, 0x8d, 0x6b, 0xa1, 0x8d, 0x6b, 0x2b, 0x8d, 0x6b, 0x9b, 0x8d, 0x6b, 0x64, 0x8d, 0x6b, 0x5f, 0x8d, 0x6b, 0x48, 0x8d, 0x6b, 0x34,
    0x8d, 0x6b, 0x37, 0x8d, 0x6b, 0x5f, 0x00, 0x00, 0x00, 0x8d, 0x6b, 0x2f, 0x8d, 0x6b, 0x87, 0x00, 0x00, 0x00, 0x8d, 0x6b, 0xbb, 0x8d, 0x6b, 0x01,
    0x8d, 0x6b, 0x97, 0x8d, 0x6b, 0x17, 0x8d, 0x6b, 0x83, 0x8d, 0x6b, 0x3b, 0x8d, 0x6b, 0x3a, 0x8d, 0x6b, 0x75, 0x8d, 0x6b, 0xa8, 0x00, 0x00, 0x00,
    0x8d, 0x6b, 0xa3, 0x8d, 0x6b, 0x14, 0x8d, 0x6b, 0xaf, 0x8d, 0x6b, 0x07, 0x00, 0x00, 0x00, 0x00, 0x00, 0x00, 0x00, 0x00, 0x00, 0x00, 0x00, 0x00,
    0x00, 0x00, 0x00, 0x00, 0x00, 0x00, 0x00, 0x00, 0x00, 0x8d, 0x6b, 0x57, 0x8d, 0x6b, 0x5b, 0x00, 0x00, 0x00, 0x00, 0x00, 0x00, 0x00, 0x00, 0x00,
    0x00, 0x00, 0x00, 0x8d, 0x6b, 0x67, 0x8d, 0x6b, 0x57, 0x00, 0x00, 0x00, 0x00, 0x00, 0x00, 0x8d, 0x6b, 0x06, 0x8d, 0x6b, 0x03, 0x00, 0x00, 0x00,
    0x8d, 0x6b, 0x5f, 0x8d, 0x6b, 0x67, 0x00, 0x00, 0x00, 0x8d, 0x6b, 0x03, 0x8d, 0x6b, 0x05, 0x00, 0x00, 0x00, 0x00, 0x00, 0x00, 0x00, 0x00, 0x00,
    0x8d, 0x6b, 0x40, 0x8d, 0x6b, 0x91, 0x00, 0x00, 0x00, 0x00, 0x00, 0x00, 0x8d, 0x6b, 0x83, 0x8d, 0x6b, 0x3f, 0x00, 0x00, 0x00, 0x00, 0x00, 0x00,
    0x8d, 0x6b, 0x3c, 0x8d, 0x6b, 0xa8, 0x8d, 0x6b, 0x65, 0x8d, 0x6b, 0x62, 0x8d, 0x6b, 0x43, 0x8d, 0x6b, 0xab, 0x8d, 0x6b, 0xab, 0x8d, 0x6b, 0xab,
    0x8d, 0x6b, 0xab, 0x8d, 0x6b, 0x05, 0x00, 0x00, 0x00, 0x8d, 0x6b, 0x2f, 0x8d, 0x6b, 0x87, 0x00, 0x00, 0x00, 0x8d, 0x6b, 0xbd, 0x00, 0x00, 0x00,
    0x8d, 0x6b, 0x97, 0x8d, 0x6b, 0x17, 0x8d, 0x6b, 0x83, 0x8d, 0x6b, 0x3b, 0x00, 0x00, 0x00, 0x8d, 0x6b, 0x9c, 0x8d, 0x6b, 0x24, 0x8d, 0x6b, 0x1d,
    0x8d, 0x6b, 0xec, 0x8d, 0x6b, 0xab, 0x8d, 0x6b, 0xe5, 0x8d, 0x6b, 0xae, 0x8d, 0x6b, 0xab, 0x8d, 0x6b, 0x12, 0x00, 0x00, 0x00, 0x00, 0x00, 0x00,
    0x00, 0x00, 0x00, 0x00, 0x00, 0x00, 0x00, 0x00, 0x00, 0x8d, 0x6b, 0x3d, 0x8d, 0x6b, 0xb3, 0x8d, 0x6b, 0xb3, 0x8d, 0x6b, 0xb3, 0x8d, 0x6b, 0xb3,
    0x8d, 0x6b, 0xb3, 0x8d, 0x6b, 0xb3, 0x8d, 0x6b, 0x3d, 0x00, 0x00, 0x00, 0x00, 0x00, 0x00, 0x8d, 0x6b, 0x87, 0x8d, 0x6b, 0x43, 0x00, 0x00, 0x00,
    0x8d, 0x6b, 0x5f, 0x8d, 0x6b, 0x67, 0x00, 0x00, 0x00, 0x8d, 0x6b, 0x43, 0x8d, 0x6b, 0x7f, 0x00, 0x00, 0x00, 0x00, 0x00, 0x00, 0x00, 0x00, 0x00,
    0x8d, 0x6b, 0x80, 0x8d, 0x6b, 0x66, 0x00, 0x00, 0x00, 0x00, 0x00, 0x00, 0x8d, 0x6b, 0x83, 0x8d, 0x6b, 0x3f, 0x00, 0x00, 0x00, 0x00, 0x00, 0x00,
    0x00, 0x00, 0x00, 0x8d, 0x6b, 0x7f, 0x8d, 0x6b, 0xf4, 0x8d, 0x6b, 0x1f, 0x8d, 0x6b, 0x63, 0x8d, 0x6b, 0x4b, 0x00, 0x00, 0x00, 0x00, 0x00, 0x00,
    0x8d, 0x6b, 0xaf, 0x8d, 0x6b, 0x07, 0x00, 0x00, 0x00, 0x8d, 0x6b, 0x2f, 0x8d, 0x6b, 0x87, 0x00, 0x00, 0x00, 0x8d, 0x6b, 0xbf, 0x00, 0x00, 0x00,
    0x8d, 0x6b, 0x97, 0x8d, 0x6b, 0x17, 0x8d, 0x6b, 0x83, 0x8d, 0x6b, 0x3b, 0x8d, 0x6b, 0x54, 0x8d, 0x6b, 0xeb, 0x8d, 0x6b, 0xb2, 0x8d, 0x6b, 0x42,
    0x8d, 0x6b, 0x2b, 0x8d, 0x6b, 0x0f, 0x8d, 0x6b, 0xaf, 0x8d, 0x6b, 0x0d, 0x8d, 0x6b, 0x1c, 0x00, 0x00, 0x00, 0x00, 0x00, 0x00, 0x00, 0x00, 0x00,
    0x00, 0x00, 0x00, 0x00, 0x00, 0x00, 0x00, 0x00, 0x00, 0x8d, 0x6b, 0x37, 0x8d, 0x6b, 0x2d, 0x8d, 0x6b, 0x30, 0x8d, 0x6b, 0x0a, 0x8d, 0x6b, 0x2d,
    0x8d, 0x6b, 0x18, 0x8d, 0x6b, 0x32, 0x8d, 0x6b, 0x40, 0x00, 0x00, 0x00, 0x00, 0x00, 0x00, 0x8d, 0x6b, 0x87, 0x8d, 0x6b, 0x43, 0x00, 0x00, 0x00,
    0x8d, 0x6b, 0x5f, 0x8d, 0x6b, 0x67, 0x00, 0x00, 0x00, 0x8d, 0x6b, 0x43, 0x8d, 0x6b, 0x7f, 0x00, 0x00, 0x00, 0x00, 0x00, 0x00, 0x8d, 0x6b, 0x03,
    0x8d, 0x6b, 0xcd, 0x8d, 0x6b, 0x1a, 0x00, 0x00, 0x00, 0x00, 0x00, 0x00, 0x8d, 0x6b, 0x83, 0x8d, 0x6b, 0x3f, 0x00, 0x00, 0x00, 0x00, 0x00, 0x00,
    0x00, 0x00, 0x00, 0x8d, 0x6b, 0x16, 0x8d, 0x6b, 0xef, 0x8d, 0x6b, 0x78, 0x8d, 0x6b, 0x63, 0x8d, 0x6b, 0x4b, 0x00, 0x00, 0x00, 0x00, 0x00, 0x00,
    0x8d, 0x6b, 0xaf, 0x8d, 0x6b, 0x07, 0x00, 0x00, 0x00, 0x8d, 0x6b, 0x2f, 0x8d, 0x6b, 0xaa, 0x8d, 0x6b, 0x89, 0x8d, 0x6b, 0xc0, 0x00, 0x00, 0x00,
    0x8d, 0x6b, 0x97, 0x8d, 0x6b, 0x17, 0x8d, 0x6b, 0x83, 0x8d, 0x6b, 0x3b, 0x8d, 0x6b, 0x10, 0x8d, 0x6b, 0x06, 0x8d, 0x6b, 0x2b, 0x8d, 0x6b, 0x30,
    0x8d, 0x6b, 0xaf, 0x8d, 0x6b, 0x19, 0x8d, 0x6b, 0xaf, 0x8d, 0x6b, 0x15, 0x8d, 0x6b, 0xb6, 0x8d, 0x6b, 0x01, 0x00, 0x00, 0x00, 0x00, 0x00, 0x00,
    0x00, 0x00, 0x00, 0x00, 0x00, 0x00, 0x8d, 0x6b, 0x01, 0x8d, 0x6b, 0xbd, 0x8d, 0x6b, 0x17, 0x8d, 0x6b, 0x82, 0x8d, 0x6b, 0x39, 0x8d, 0x6b, 0x4d,
    0x8d, 0x6b, 0x77, 0x8d, 0x6b, 0x0f, 0x8d, 0x6b, 0xc7, 0x8d, 0x6b, 0x07, 0x00, 0x00, 0x00, 0x8d, 0x6b, 0x87, 0x8d, 0x6b, 0x43, 0x00, 0x00, 0x00,
    0x8d, 0x6b, 0x5f, 0x8d, 0x6b, 0x67, 0x00, 0x00, 0x00, 0x8d, 0x6b, 0x43, 0x8d, 0x6b, 0x7f, 0x00, 0x00, 0x00, 0x00, 0x00, 0x00, 0x8d, 0x6b, 0x84,
    0x8d, 0x6b, 0x8f, 0x00, 0x00, 0x00, 0x00, 0x00, 0x00, 0x00, 0x00, 0x00, 0x8d, 0x6b, 0x83, 0x8d, 0x6b, 0x3f, 0x00, 0x00, 0x00, 0x00, 0x00, 0x00,
    0x00, 0x00, 0x00, 0x8d, 0x6b, 0x9b, 0x8d, 0x6b, 0x4d, 0x8d, 0x6b, 0xb0, 0x8d, 0x6b, 0x67, 0x8d, 0x6b, 0x4b, 0x00, 0x00, 0x00, 0x00, 0x00, 0x00,
    0x8d, 0x6b, 0xaf, 0x8d, 0x6b, 0x07, 0x00, 0x00, 0x00, 0x8d, 0x6b, 0x4b, 0x8d, 0x6b, 0xdf, 0x8d, 0x6b, 0x72, 0x8d, 0x6b, 0x8a, 0x00, 0x00, 0x00,
    0x8d, 0x6b, 0x5a, 0x8d, 0x6b, 0x0e, 0x8d, 0x6b, 0x83, 0x8d, 0x6b, 0x3b, 0x8d, 0x6b, 0x40, 0x8d, 0x6b, 0xb9, 0x8d, 0x6b, 0x8d, 0x8d, 0x6b, 0x70,
    0x8d, 0x6b, 0x80, 0x00, 0x00, 0x00, 0x8d, 0x6b, 0xaf, 0x8d, 0x6b, 0x07, 0x8d, 0x6b, 0x75, 0x8d, 0x6b, 0x50, 0x00, 0x00, 0x00, 0x00, 0x00, 0x00,
    0x00, 0x00, 0x00, 0x00, 0x00, 0x00, 0x8d, 0x6b, 0x53, 0x8d, 0x6b, 0x78, 0x00, 0x00, 0x00, 0x8d, 0x6b, 0x66, 0x8d, 0x6b, 0x48, 0x8d, 0x6b, 0x08,
    0x8d, 0x6b, 0xa0, 0x00, 0x00, 0x00, 0x8d, 0x6b, 0x6c, 0x8d, 0x6b, 0x45, 0x00, 0x00, 0x00, 0x8d, 0x6b, 0x63, 0x8d, 0x6b, 0xbb, 0x8d, 0x6b, 0xbb,
    0x8d, 0x6b, 0xbb, 0x8d, 0x6b, 0xbb, 0x8d, 0x6b, 0xbb, 0x8d, 0x6b, 0xce, 0x8d, 0x6b, 0x7f, 0x00, 0x00, 0x00, 0x8d, 0x6b, 0x39, 0x8d, 0x6b, 0xb2,
    0x8d, 0x6b, 0x07, 0x00, 0x00, 0x00, 0x00, 0x00, 0x00, 0x00, 0x00, 0x00, 0x8d, 0x6b, 0x83, 0x8d, 0x6b, 0x3f, 0x00, 0x00, 0x00, 0x00, 0x00, 0x00,
    0x8d, 0x6b, 0x5f, 0x8d, 0x6b, 0x87, 0x00, 0x00, 0x00, 0x8d, 0x6b, 0x02, 0x8d, 0x6b, 0x63, 0x8d, 0x6b, 0xc4, 0x8d, 0x6b, 0xab, 0x8d, 0x6b, 0xab,
    0x8d, 0x6b, 0xe5, 0x8d, 0x6b, 0x07, 0x00, 0x00, 0x00, 0x8d, 0x6b, 0x5e, 0x8d, 0x6b, 0x1e, 0x8d, 0x6b, 0x8e, 0x8d, 0x6b, 0x2a, 0x00, 0x00, 0x00,
    0x00, 0x00, 0x00, 0x00, 0x00, 0x00, 0x8d, 0x6b, 0x77, 0x8d, 0x6b, 0x36, 0x8d, 0x6b, 0x21, 0x8d, 0x6b, 0x0e, 0x00, 0x00, 0x00, 0x8d, 0x6b, 0x3f,
    0x8d, 0x6b, 0x04, 0x8d, 0x6b, 0x99, 0x8d, 0x6b, 0xc8, 0x8d, 0x6b, 0x01, 0x8d, 0x6b, 0x0d, 0x8d, 0x6b, 0x28, 0x00, 0x00, 0x00, 0x00, 0x00, 0x00,
    0x00, 0x00, 0x00, 0x00, 0x00, 0x00, 0x00, 0x00, 0x00, 0x00, 0x00, 0x00, 0x00, 0x00, 0x00, 0x00, 0x00, 0x00, 0x00, 0x00, 0x00, 0x00, 0x00, 0x00,
    0x00, 0x00, 0x00, 0x00, 0x00, 0x00, 0x00, 0x00, 0x00, 0x00, 0x00, 0x00, 0x00, 0x00, 0x00, 0x00, 0x00, 0x00, 0x00, 0x00, 0x00, 0x00, 0x00, 0x00,
    0x00, 0x00, 0x00, 0x00, 0x00, 0x00, 0x00, 0x00, 0x00, 0x8d, 0x6b, 0x0c, 0x8d, 0x6b, 0x17, 0x00, 0x00, 0x00, 0x00, 0x00, 0x00, 0x8d, 0x6b, 0x01,
    0x00, 0x00, 0x00, 0x00, 0x00, 0x00, 0x00, 0x00, 0x00, 0x00, 0x00, 0x00, 0x8d, 0x6b, 0x06, 0x8d, 0x6b, 0x02, 0x00, 0x00, 0x00, 0x00, 0x00, 0x00,
    0x8d, 0x6b, 0x02, 0x00, 0x00, 0x00, 0x00, 0x00, 0x00, 0x00, 0x00, 0x00, 0x8d, 0x6b, 0x0a, 0x8d, 0x6b, 0x08, 0x00, 0x00, 0x00, 0x00, 0x00, 0x00,
    0x8d, 0x6b, 0x10, 0x00, 0x00, 0x00, 0x00, 0x00, 0x00, 0x00, 0x00, 0x00, 0x00, 0x00, 0x00, 0x00, 0x00, 0x00, 0x00, 0x00, 0x00, 0x00, 0x00, 0x00,
    0x00, 0x00, 0x00, 0x00, 0x00, 0x00, 0x00, 0x00, 0x00, 0x00, 0x00, 0x00, 0x00, 0x00, 0x00, 0x00, 0x00, 0x00, 0x00, 0x00, 0x00, 0x00, 0x00, 0x00,
    0x00, 0x00, 0x00, 0x00, 0x00, 0x00, 0x00, 0x00, 0x00, 0x00, 0x00, 0x00, 0x00, 0x00, 0x00, 0x00, 0x00, 0x00, 0x00, 0x00, 0x00, 0x00, 0x00, 0x00,
    0x00, 0x00, 0x00, 0x00, 0x00, 0x00, 0x00, 0x00, 0x00, 0x00, 0x00, 0x00, 0x00, 0x00, 0x00, 0x00, 0x00, 0x00, 0x00, 0x00, 0x00, 0x00, 0x00, 0x00,
    0x00, 0x00, 0x00, 0x00, 0x00, 0x00, 0x00, 0x00, 0x00, 0x00, 0x00, 0x00, 0x00, 0x00, 0x00, 0x00, 0x00, 0x00, 0x00, 0x00, 0x00, 0x00, 0x00, 0x00,
    0x00, 0x00, 0x00, 0x00, 0x00, 0x00, 0x00, 0x00, 0x00, 0x00, 0x00, 0x00, 0x00, 0x00, 0x00, 0x00, 0x00, 0x00, 0x00, 0x00, 0x00, 0x00, 0x00, 0x00,
    0x00, 0x00, 0x00, 0x00, 0x00, 0x00, 0x00, 0x00, 0x00, 0x00, 0x00, 0x00, 0x00, 0x00, 0x00, 0x00, 0x00, 0x00, 0x00, 0x00, 0x00, 0x00, 0x00, 0x00,
    0x00, 0x00, 0x00, 0x00, 0x00, 0x00, 0x00, 0x00, 0x00, 0x00, 0x00, 0x00, 0x00, 0x00, 0x00, 0x00, 0x00, 0x00, 0x00, 0x00, 0x00, 0x00, 0x00, 0x00,
    0x00, 0x00, 0x00, 0x00, 0x00, 0x00, 0x00, 0x00, 0x00, 0x00, 0x00, 0x00, 0x00, 0x00, 0x00, 0x00, 0x00, 0x00, 0x00, 0x00, 0x00, 0x00, 0x00, 0x00,
    0x00, 0x00, 0x00, 0x00, 0x00, 0x00, 0x00, 0x00, 0x00, 0x00, 0x00, 0x00, 0x00, 0x00, 0x00, 0x00, 0x00, 0x00, 0x00, 0x00, 0x00, 0x00, 0x00, 0x00,
    0x00, 0x00, 0x00, 0x00, 0x00, 0x00, 0x00, 0x00, 0x00, 0x00, 0x00, 0x00, 0x00, 0x00, 0x00, 0x00, 0x00, 0x00, 0x00, 0x00, 0x00, 0x00, 0x00, 0x00,
    0x00, 0x00, 0x00, 0x00, 0x00, 0x00, 0x00, 0x00, 0x00, 0x00, 0x00, 0x00, 0x00, 0x00, 0x00, 0x00, 0x00, 0x00, 0x00, 0x00, 0x00, 0x00, 0x00, 0x00,
    0x00, 0x00, 0x00, 0x00, 0x00, 0x00, 0x00, 0x00, 0x00, 0x00, 0x00, 0x00, 0x00, 0x00, 0x00, 0x00, 0x00, 0x00, 0x00, 0x00, 0x00, 0x00, 0x00, 0x00,
    0x00, 0x00, 0x00, 0x00, 0x00, 0x00, 0x00, 0x00, 0x00, 0x00, 0x00, 0x00, 0x00, 0x00, 0x00, 0x00, 0x00, 0x00, 0x00, 0x00, 0x00, 0x00, 0x00, 0x00,
    0x00, 0x00, 0x00, 0x00, 0x00, 0x00, 0x00, 0x00, 0x00, 0x00, 0x00, 0x00, 0x00, 0x00, 0x00, 0x00, 0x00, 0x00, 0x00, 0x00, 0x00, 0x00, 0x00, 0x00,
    0x00, 0x00, 0x00, 0x00, 0x00, 0x00, 0x00, 0x00, 0x00, 0x00, 0x00, 0x00, 0x00, 0x00, 0x00, 0x00, 0x00, 0x00, 0x00, 0x00, 0x00, 0x00, 0x00, 0x00,
    0x00, 0x00, 0x00, 0x00, 0x00, 0x00, 0x00, 0x00, 0x00, 0x00, 0x00, 0x00, 0x00, 0x00, 0x00, 0x00, 0x00, 0x00, 0x00, 0x00, 0x00, 0x00, 0x00, 0x00,
    0x00, 0x00, 0x00, 0x00, 0x00, 0x00, 0x00, 0x00, 0x00, 0x00, 0x00, 0x00, 0x00, 0x00, 0x00, 0x00, 0x00, 0x00, 0x00, 0x00, 0x00, 0x00, 0x00, 0x00,
    0x00, 0x00, 0x00, 0x00, 0x00, 0x00, 0x00, 0x00, 0x00, 0x00, 0x00, 0x00, 0x00, 0x00, 0x00, 0x00, 0x00, 0x00, 0x00, 0x00, 0x00, 0x00, 0x00, 0x00,
};
const lv_img_dsc_t zh_start_hint = {
    .header.always_zero = 0,
    .header.w = 64,
    .header.h = 16,
    .data_size = 3072,
    .header.cf = LV_IMG_CF_TRUE_COLOR_ALPHA,
    .data = zh_start_hint_map,
};

#ifndef LV_ATTRIBUTE_IMG_ZH_START_TODAY
#define LV_ATTRIBUTE_IMG_ZH_START_TODAY
#endif
const LV_ATTRIBUTE_MEM_ALIGN LV_ATTRIBUTE_LARGE_CONST LV_ATTRIBUTE_IMG_ZH_START_TODAY uint8_t zh_start_today_map[] = {
    0x00, 0x00, 0x00, 0x00, 0x00, 0x00, 0x00, 0x00, 0x00, 0x00, 0x00, 0x00, 0x00, 0x00, 0x00, 0x00, 0x00, 0x00, 0x00, 0x00, 0x00, 0x00, 0x00, 0x00,
    0x00, 0x00, 0x00, 0x00, 0x00, 0x00, 0x00, 0x00, 0x00, 0x00, 0x00, 0x00, 0x00, 0x00, 0x00, 0x00, 0x00, 0x00, 0x00, 0x00, 0x00, 0x00, 0x00, 0x00,
    0x00, 0x00, 0x00, 0x00, 0x00, 0x00, 0x00, 0x00, 0x00, 0x00, 0x00, 0x00, 0x00, 0x00, 0x00, 0x00, 0x00, 0x00, 0x00, 0x00, 0x00, 0x00, 0x00, 0x00,
    0x00, 0x00, 0x00, 0x00, 0x00, 0x00, 0x00, 0x00, 0x00, 0x00, 0x00, 0x00, 0x00, 0x00, 0x00, 0x00, 0x00, 0x00, 0x00, 0x00, 0x00, 0x00, 0x00, 0x00,
    0x00, 0x00, 0x00, 0x00, 0x00, 0x00, 0x00, 0x00, 0x00, 0x00, 0x00, 0x00, 0x00, 0x00, 0x00, 0x00, 0x00, 0x00, 0x00, 0x00, 0x00, 0x00, 0x00, 0x00,
    0x00, 0x00, 0x00, 0x00, 0x00, 0x00, 0x00, 0x00, 0x00, 0x00, 0x00, 0x00, 0x00, 0x00, 0x00, 0x00, 0x00, 0x00, 0x00, 0x00, 0x00, 0x00, 0x00, 0x00,
    0x00, 0x00, 0x00, 0x00, 0x00, 0x00, 0x00, 0x00, 0x00, 0x00, 0x00, 0x00, 0x00, 0x00, 0x00, 0x00, 0x00, 0x00, 0x00, 0x00, 0x00, 0x00, 0x00, 0x00,
    0x00, 0x00, 0x00, 0x00, 0x00, 0x00, 0x00, 0x00, 0x00, 0x00, 0x00, 0x00, 0x00, 0x00, 0x00, 0x00, 0x00, 0x00, 0x00, 0x00, 0x00, 0x00, 0x00, 0x00,
    0x00, 0x00, 0x00, 0x00, 0x00, 0x00, 0x00, 0x00, 0x00, 0x00, 0x00, 0x00, 0x00, 0x00, 0x00, 0x00, 0x00, 0x00, 0x00, 0x00, 0x00, 0x00, 0x00, 0x00,
    0x00, 0x00, 0x00, 0x00, 0x00, 0x00, 0x00, 0x00, 0x00, 0x00, 0x00, 0x00, 0x00, 0x00, 0x00, 0x00, 0x00, 0x00, 0x00, 0x00, 0x00, 0x00, 0x00, 0x00,
    0x00, 0x00, 0x00, 0x00, 0x00, 0x00, 0x00, 0x00, 0x00, 0x00, 0x00, 0x00, 0x00, 0x00, 0x00, 0x00, 0x00, 0x00, 0x00, 0x00, 0x00, 0x00, 0x00, 0x00,
    0x00, 0x00, 0x00, 0x00, 0x00, 0x00, 0x00, 0x00, 0x00, 0x00, 0x00, 0x00, 0x00, 0x00, 0x00, 0x00, 0x00, 0x00, 0x00, 0x00, 0x00, 0x00, 0x00, 0x00,
    0x00, 0x00, 0x00, 0x00, 0x00, 0x00, 0x00, 0x00, 0x00, 0x00, 0x00, 0x00, 0x00, 0x00, 0x00, 0x00, 0x00, 0x00, 0x00, 0x00, 0x00, 0x00, 0x00, 0x00,
    0x00, 0x00, 0x00, 0x00, 0x00, 0x00, 0x00, 0x00, 0x00, 0x00, 0x00, 0x00, 0x00, 0x00, 0x00, 0x00, 0x00, 0x00, 0x00, 0x00, 0x00, 0x00, 0x00, 0x00,
    0x00, 0x00, 0x00, 0x00, 0x00, 0x00, 0x00, 0x00, 0x00, 0x00, 0x00, 0x00, 0x00, 0x00, 0x00, 0x00, 0x00, 0x00, 0x00, 0x00, 0x00, 0x00, 0x00, 0x00,
    0x00, 0x00, 0x00, 0x00, 0x00, 0x00, 0x00, 0x00, 0x00, 0x00, 0x00, 0x00, 0x00, 0x00, 0x00, 0x00, 0x00, 0x00, 0x00, 0x00, 0x00, 0x00, 0x00, 0x00,
    0x00, 0x00, 0x00, 0x00, 0x00, 0x00, 0x00, 0x00, 0x00, 0x00, 0x00, 0x00, 0x00, 0x00, 0x00, 0x00, 0x00, 0x00, 0x00, 0x00, 0x00, 0x00, 0x00, 0x00,
    0x00, 0x00, 0x00, 0x00, 0x00, 0x00, 0x00, 0x00, 0x00, 0x00, 0x00, 0x00, 0x00, 0x00, 0x00, 0x00, 0x00, 0x00, 0x00, 0x00, 0x00, 0x00, 0x00, 0x00,
    0x00, 0x00, 0x00, 0x00, 0x00, 0x00, 0x00, 0x00, 0x00, 0x00, 0x00, 0x00, 0x00, 0x00, 0x00, 0x00, 0x00, 0x00, 0x00, 0x00, 0x00, 0x00, 0x00, 0x00,
    0x00, 0x00, 0x00, 0x00, 0x00, 0x00, 0x00, 0x00, 0x00, 0x00, 0x00, 0x00, 0x00, 0x00, 0x00, 0x00, 0x00, 0x00, 0x00, 0x00, 0x00, 0x00, 0x00, 0x00,
    0x00, 0x00, 0x00, 0x00, 0x00, 0x00, 0x00, 0x00, 0x00, 0x00, 0x00, 0x00, 0x00, 0x00, 0x00, 0x00, 0x00, 0x00, 0x00, 0x00, 0x00, 0x00, 0x00, 0x00,
    0x00, 0x00, 0x00, 0x00, 0x00, 0x00, 0x00, 0x00, 0x00, 0x00, 0x00, 0x00, 0x00, 0x00, 0x00, 0x00, 0x00, 0x00, 0x00, 0x00, 0x00, 0x00, 0x00, 0x00,
    0x00, 0x00, 0x00, 0x00, 0x00, 0x00, 0x00, 0x00, 0x00, 0x00, 0x00, 0x00, 0x00, 0x00, 0x00, 0x00, 0x00, 0x00, 0x00, 0x00, 0x00, 0x00, 0x00, 0x00,
    0x00, 0x00, 0x00, 0x00, 0x00, 0x00, 0x00, 0x00, 0x00, 0x00, 0x00, 0x00, 0x00, 0x00, 0x00, 0x00, 0x00, 0x00, 0x00, 0x00, 0x00, 0x00, 0x00, 0x00,
    0x00, 0x00, 0x00, 0x00, 0x00, 0x00, 0x00, 0x00, 0x00, 0x00, 0x00, 0x00, 0x00, 0x00, 0x00, 0x00, 0x00, 0x00, 0x00, 0x00, 0x00, 0x00, 0x00, 0x00,
    0x00, 0x00, 0x00, 0x00, 0x00, 0x00, 0x00, 0x00, 0x00, 0x00, 0x00, 0x00, 0x00, 0x00, 0x00, 0x00, 0x00, 0x00, 0x00, 0x00, 0x00, 0x00, 0x00, 0x00,
    0x00, 0x00, 0x00, 0x00, 0x00, 0x00, 0x00, 0x00, 0x00, 0x00, 0x00, 0x00, 0x00, 0x00, 0x00, 0x00, 0x00, 0x00, 0x00, 0x00, 0x00, 0x00, 0x00, 0x00,
    0x00, 0x00, 0x00, 0x00, 0x00, 0x00, 0x00, 0x00, 0x00, 0x00, 0x00, 0x00, 0x00, 0x00, 0x00, 0x00, 0x00, 0x00, 0x00, 0x00, 0x00, 0x00, 0x00, 0x00,
    0x00, 0x00, 0x00, 0x00, 0x00, 0x00, 0x00, 0x00, 0x00, 0x00, 0x00, 0x00, 0x00, 0x00, 0x00, 0x00, 0x00, 0x00, 0x00, 0x00, 0x00, 0x00, 0x00, 0x00,
    0x00, 0x00, 0x00, 0x00, 0x00, 0x00, 0x00, 0x00, 0x00, 0x00, 0x00, 0x00, 0x00, 0x00, 0x00, 0x00, 0x00, 0x00, 0x00, 0x00, 0x00, 0x00, 0x00, 0x00,
    0x00, 0x00, 0x00, 0x00, 0x00, 0x00, 0x00, 0x00, 0x00, 0x00, 0x00, 0x00, 0x00, 0x00, 0x00, 0x00, 0x00, 0x00, 0x00, 0x00, 0x00, 0x00, 0x00, 0x00,
    0x00, 0x00, 0x00, 0x00, 0x00, 0x00, 0x00, 0x00, 0x00, 0x00, 0x00, 0x00, 0x00, 0x00, 0x00, 0x00, 0x00, 0x00, 0x00, 0x00, 0x00, 0x00, 0x00, 0x00,
    0x00, 0x00, 0x00, 0x00, 0x00, 0x00, 0x00, 0x00, 0x00, 0x00, 0x00, 0x00, 0x00, 0x00, 0x00, 0x00, 0x00, 0x00, 0x00, 0x00, 0x00, 0x00, 0x00, 0x00,
    0x00, 0x00, 0x00, 0x00, 0x00, 0x00, 0x00, 0x00, 0x00, 0x00, 0x00, 0x00, 0x00, 0x00, 0x00, 0x00, 0x00, 0x00, 0xff, 0xff, 0x07, 0x00, 0x00, 0x00,
    0x00, 0x00, 0x00, 0x00, 0x00, 0x00, 0x00, 0x00, 0x00, 0x00, 0x00, 0x00, 0x00, 0x00, 0x00, 0x00, 0x00, 0x00, 0x00, 0x00, 0x00, 0x00, 0x00, 0x00,
    0x00, 0x00, 0x00, 0x00, 0x00, 0x00, 0x00, 0x00, 0x00, 0x00, 0x00, 0x00, 0x00, 0x00, 0x00, 0x00, 0x00, 0x00, 0x00, 0x00, 0x00, 0x00, 0x00, 0x00,
    0x00, 0x00, 0x00, 0x00, 0x00, 0x00, 0x00, 0x00, 0x00, 0x00, 0x00, 0x00, 0x00, 0x00, 0x00, 0x00, 0x00, 0x00, 0x00, 0x00, 0x00, 0x00, 0x00, 0x00,
    0x00, 0x00, 0x00, 0x00, 0x00, 0x00, 0x00, 0x00, 0x00, 0x00, 0x00, 0x00, 0x00, 0x00, 0x00, 0x00, 0x00, 0x00, 0x00, 0x00, 0x00, 0x00, 0x00, 0x00,
    0x00, 0x00, 0x00, 0x00, 0x00, 0x00, 0x00, 0x00, 0x00, 0x00, 0x00, 0x00, 0x00, 0x00, 0x00, 0x00, 0x00, 0x00, 0x00, 0x00, 0x00, 0x00, 0x00, 0x00,
    0x00, 0x00, 0x00, 0x00, 0x00, 0x00, 0x00, 0x00, 0x00, 0x00, 0x00, 0x00, 0x00, 0x00, 0x00, 0x00, 0x00, 0x00, 0x00, 0x00, 0x00, 0xff, 0xff, 0x03,
    0x00, 0x00, 0x00, 0x00, 0x00, 0x00, 0x00, 0x00, 0x00, 0x00, 0x00, 0x00, 0x00, 0x00, 0x00, 0x00, 0x00, 0x00, 0x00, 0x00, 0x00, 0x00, 0x00, 0x00,
    0x00, 0x00, 0x00, 0x00, 0x00, 0x00, 0x00, 0x00, 0x00, 0x00, 0x00, 0x00, 0x00, 0x00, 0x00, 0x00, 0x00, 0x00, 0x00, 0x00, 0x00, 0x00, 0x00, 0x00,
    0x00, 0x00, 0x00, 0x00, 0x00, 0x00, 0x00, 0x00, 0x00, 0x00, 0x00, 0x00, 0x00, 0x00, 0x00, 0x00, 0x00, 0x00, 0x00, 0x00, 0x00, 0x00, 0x00, 0x00,
    0x00, 0x00, 0x00, 0x00, 0x00, 0x00, 0x00, 0x00, 0x00, 0x00, 0x00, 0x00, 0x00, 0x00, 0x00, 0x00, 0x00, 0x00, 0x00, 0x00, 0x00, 0x00, 0x00, 0x00,
    0x00, 0x00, 0x00, 0x00, 0x00, 0x00, 0x00, 0x00, 0x00, 0x00, 0x00, 0x00, 0x00, 0x00, 0x00, 0x00, 0x00, 0x00, 0xff, 0xff, 0x55, 0xff, 0xff, 0xb7,
    0xff, 0xff, 0x65, 0x00, 0x00, 0x00, 0x00, 0x00, 0x00, 0x00, 0x00, 0x00, 0x00, 0x00, 0x00, 0x00, 0x00, 0x00, 0xff, 0xff, 0x6b, 0xff, 0xff, 0xa6,
    0xff, 0xff, 0x55, 0x00, 0x00, 0x00, 0x00, 0x00, 0x00, 0x00, 0x00, 0x00, 0x00, 0x00, 0x00, 0x00, 0x00, 0x00, 0x00, 0x00, 0x00, 0x00, 0x00, 0x00,
    0x00, 0x00, 0x00, 0x00, 0x00, 0x00, 0x00, 0x00, 0x00, 0x00, 0x00, 0x00, 0x00, 0x00, 0x00, 0xff, 0xff, 0x09, 0xff, 0xff, 0xd0, 0xff, 0xff, 0xb9,
    0xff, 0xff, 0x3b, 0x00, 0x00, 0x00, 0x00, 0x00, 0x00, 0x00, 0x00, 0x00, 0x00, 0x00, 0x00, 0x00, 0x00, 0x00, 0x00, 0x00, 0x00, 0x00, 0x00, 0x00,
    0x00, 0x00, 0x00, 0x00, 0x00, 0x00, 0x00, 0x00, 0x00, 0x00, 0x00, 0x00, 0x00, 0x00, 0x00, 0x00, 0x00, 0x00, 0x00, 0x00, 0x00, 0x00, 0x00, 0x00,
    0x00, 0x00, 0x00, 0x00, 0x00, 0x00, 0x00, 0x00, 0x00, 0x00, 0x00, 0x00, 0x00, 0x00, 0x00, 0x00, 0x00, 0x00, 0x00, 0x00, 0x00, 0x00, 0x00, 0x00,
    0x00, 0x00, 0x00, 0x00, 0x00, 0x00, 0x00, 0x00, 0x00, 0x00, 0x00, 0x00, 0xff, 0xff, 0x71, 0xff, 0xff, 0x1d, 0x00, 0x00, 0x00, 0x00, 0x00, 0x00,
    0x00, 0x00, 0x00, 0xff, 0xff, 0x33, 0xff, 0xff, 0x53, 0xff, 0xff, 0x2d, 0x00, 0x00, 0x00, 0x00, 0x00, 0x00, 0x00, 0x00, 0x00, 0x00, 0x00, 0x00,
    0xff, 0xff, 0x21, 0xff, 0xff, 0x6f, 0xff, 0xff, 0x61, 0x00, 0x00, 0x00, 0x00, 0x00, 0x00, 0x00, 0x00, 0x00, 0xff, 0xff, 0x0d, 0xff, 0xff, 0xe1,
    0xff, 0xff, 0x72, 0xff, 0xff, 0x05, 0x00, 0x00, 0x00, 0x00, 0x00, 0x00, 0x00, 0x00, 0x00, 0xff, 0xff, 0x48, 0xff, 0xff, 0xeb, 0xff, 0xff, 0xa9,
    0x00, 0x00, 0x00, 0x00, 0x00, 0x00, 0x00, 0x00, 0x00, 0x00, 0x00, 0x00, 0x00, 0x00, 0x00, 0x00, 0x00, 0x00, 0x00, 0x00, 0x00, 0x00, 0x00, 0x00,
    0x00, 0x00, 0x00, 0x00, 0x00, 0x00, 0x00, 0x00, 0x00, 0xff, 0xff, 0x93, 0xff, 0xff, 0xff, 0xff, 0xff, 0xff, 0xff, 0xff, 0xff, 0xff, 0xff, 0xff,
    0xff, 0xff, 0xff, 0xff, 0xff, 0xff, 0xff, 0xff, 0xff, 0xff, 0xff, 0xff, 0xff, 0xff, 0xff, 0xff, 0xff, 0xff, 0xff, 0xff, 0xff, 0xff, 0xff, 0xff,
    0xff, 0xff, 0xff, 0xff, 0xff, 0xff, 0xff, 0xff, 0xb3, 0x00, 0x00, 0x00, 0x00, 0x00, 0x00, 0x00, 0x00, 0x00, 0xff, 0xff, 0x88, 0xff, 0xff, 0xff,
    0xff, 0xff, 0x7c, 0x00, 0x00, 0x00, 0x00, 0x00, 0x00, 0x00, 0x00, 0x00, 0x00, 0x00, 0x00, 0x00, 0x00, 0x00, 0xff, 0xff, 0xda, 0xff, 0xff, 0xff,
    0xff, 0xff, 0x9b, 0x00, 0x00, 0x00, 0x00, 0x00, 0x00, 0x00, 0x00, 0x00, 0x00, 0x00, 0x00, 0x00, 0x00, 0x00, 0x00, 0x00, 0x00, 0x00, 0x00, 0x00,
    0x00, 0x00, 0x00, 0x00, 0x00, 0x00, 0x00, 0x00, 0x00, 0x00, 0x00, 0x00, 0x00, 0x00, 0x00, 0xff, 0xff, 0xa0, 0xff, 0xff, 0xff, 0xff, 0xff, 0xff,
    0xff, 0xff, 0xa7, 0x00, 0x00, 0x00, 0x00, 0x00, 0x00, 0x00, 0x00, 0x00, 0x00, 0x00, 0x00, 0x00, 0x00, 0x00, 0x00, 0x00, 0x00, 0x00, 0x00, 0x00,
    0x00, 0x00, 0x00, 0x00, 0x00, 0x00, 0xff, 0xff, 0x3b, 0xff, 0xff, 0xff, 0xff, 0xff, 0xff, 0xff, 0xff, 0xff, 0xff, 0xff, 0xff, 0xff, 0xff, 0xff,
    0xff, 0xff, 0xff, 0xff, 0xff, 0xff, 0xff, 0xff, 0xff, 0xff, 0xff, 0xff, 0xff, 0xff, 0xff, 0xff, 0xff, 0xff, 0xff, 0xff, 0xff, 0xff, 0xff, 0x53,
    0x00, 0x00, 0x00, 0x00, 0x00, 0x00, 0x00, 0x00, 0x00, 0xff, 0xff, 0x62, 0xff, 0xff, 0xff, 0xff, 0xff, 0xe9, 0xff, 0xff, 0x3b, 0x00, 0x00, 0x00,
    0x00, 0x00, 0x00, 0xff, 0xff, 0x9b, 0xff, 0xff, 0xff, 0xff, 0xff, 0x8b, 0x00, 0x00, 0x00, 0xff, 0xff, 0x4c, 0xff, 0xff, 0x53, 0xff, 0xff, 0x07,
    0xff, 0xff, 0x4b, 0xff, 0xff, 0xff, 0xff, 0xff, 0xdf, 0x00, 0x00, 0x00, 0x00, 0x00, 0x00, 0x00, 0x00, 0x00, 0xff, 0xff, 0x51, 0xff, 0xff, 0xff,
    0xff, 0xff, 0xe4, 0xff, 0xff, 0x02, 0x00, 0x00, 0x00, 0x00, 0x00, 0x00, 0x00, 0x00, 0x00, 0xff, 0xff, 0x77, 0xff, 0xff, 0xff, 0xff, 0xff, 0xa4,
    0x00, 0x00, 0x00, 0x00, 0x00, 0x00, 0x00, 0x00, 0x00, 0x00, 0x00, 0x00, 0x00, 0x00, 0x00, 0x00, 0x00, 0x00, 0x00, 0x00, 0x00, 0x00, 0x00, 0x00,
    0x00, 0x00, 0x00, 0x00, 0x00, 0x00, 0x00, 0x00, 0x00, 0xff, 0xff, 0x93, 0xff, 0xff, 0xff, 0xff, 0xff, 0xff, 0xff, 0xff, 0xff, 0xff, 0xff, 0xff,
    0xff, 0xff, 0xff, 0xff, 0xff, 0xff, 0xff, 0xff, 0xff, 0xff, 0xff, 0xff, 0xff, 0xff, 0xff, 0xff, 0xff, 0xff, 0xff, 0xff, 0xff, 0xff, 0xff, 0xff,
    0xff, 0xff, 0xff, 0xff, 0xff, 0xff, 0xff, 0xff, 0xb3, 0x00, 0x00, 0x00, 0x00, 0x00, 0x00, 0x00, 0x00, 0x00, 0xff, 0xff, 0xa5, 0xff, 0xff, 0xff,
    0xff, 0xff, 0x5a, 0x00, 0x00, 0x00, 0x00, 0x00, 0x00, 0x00, 0x00, 0x00, 0x00, 0x00, 0x00, 0xff, 0xff, 0x40, 0xff, 0xff, 0xff, 0xff, 0xff, 0xff,
    0xff, 0xff, 0x2b, 0x00, 0x00, 0x00, 0xff, 0xff, 0x03, 0x00, 0x00, 0x00, 0x00, 0x00, 0x00, 0x00, 0x00, 0x00, 0x00, 0x00, 0x00, 0x00, 0x00, 0x00,
    0x00, 0x00, 0x00, 0x00, 0x00, 0x00, 0x00, 0x00, 0x00, 0xff, 0xff, 0x02, 0xff, 0xff, 0x93, 0xff, 0xff, 0xff, 0xff, 0xff, 0xff, 0xff, 0xff, 0xff,
    0xff, 0xff, 0xff, 0xff, 0xff, 0x8f, 0xff, 0xff, 0x02, 0x00, 0x00, 0x00, 0x00, 0x00, 0x00, 0x00, 0x00, 0x00, 0x00, 0x00, 0x00, 0x00, 0x00, 0x00,
    0x00, 0x00, 0x00, 0x00, 0x00, 0x00, 0xff, 0xff, 0x3b, 0xff, 0xff, 0xff, 0xff, 0xff, 0xff, 0xff, 0xff, 0xff, 0xff, 0xff, 0xff, 0xff, 0xff, 0xff,
    0xff, 0xff, 0xff, 0xff, 0xff, 0xff, 0xff, 0xff, 0xff, 0xff, 0xff, 0xff, 0xff, 0xff, 0xff, 0xff, 0xff, 0xff, 0xff, 0xff, 0xff, 0xff, 0xff, 0x53,
    0x00, 0x00, 0x00, 0x00, 0x00, 0x00, 0x00, 0x00, 0x00, 0xff, 0xff, 0x1a, 0xff, 0xff, 0xd0, 0xff, 0xff, 0xff, 0xff, 0xff, 0xf6, 0xff, 0xff, 0x47,
    0x00, 0x00, 0x00, 0xff, 0xff, 0x9b, 0xff, 0xff, 0xff, 0xff, 0xff, 0x8b, 0x00, 0x00, 0x00, 0xff, 0xff, 0xe7, 0xff, 0xff, 0xff, 0xff, 0xff, 0x17,
    0xff, 0xff, 0x4b, 0xff, 0xff, 0xff, 0xff, 0xff, 0xdf, 0x00, 0x00, 0x00, 0x00, 0x00, 0x00, 0x00, 0x00, 0x00, 0xff, 0xff, 0x99, 0xff, 0xff, 0xff,
    0xff, 0xff, 0x88, 0x00, 0x00, 0x00, 0xff, 0xff, 0x55, 0xff, 0xff, 0xf7, 0xff, 0xff, 0xf7, 0xff, 0xff, 0xfc, 0xff, 0xff, 0xff, 0xff, 0xff, 0xfc,
    0xff, 0xff, 0xf7, 0xff, 0xff, 0xf7, 0xff, 0xff, 0xf7, 0xff, 0xff, 0xf7, 0xff, 0xff, 0xcd, 0x00, 0x00, 0x00, 0x00, 0x00, 0x00, 0x00, 0x00, 0x00,
    0x00, 0x00, 0x00, 0x00, 0x00, 0x00, 0x00, 0x00, 0x00, 0xff, 0xff, 0x09, 0xff, 0xff, 0x0f, 0xff, 0xff, 0x0f, 0xff, 0xff, 0x2a, 0xff, 0xff, 0xff,
    0xff, 0xff, 0xff, 0xff, 0xff, 0x2d, 0xff, 0xff, 0x0f, 0xff, 0xff, 0x0f, 0xff, 0xff, 0x0f, 0xff, 0xff, 0xc3, 0xff, 0xff, 0xff, 0xff, 0xff, 0x8b,
    0xff, 0xff, 0x0f, 0xff, 0xff, 0x0f, 0xff, 0xff, 0x0b, 0x00, 0x00, 0x00, 0x00, 0x00, 0x00, 0x00, 0x00, 0x00, 0xff, 0xff, 0xc1, 0xff, 0xff, 0xff,
    0xff, 0xff, 0x38, 0xff, 0xff, 0x02, 0x00, 0x00, 0x00, 0x00, 0x00, 0x00, 0x00, 0x00, 0x00, 0xff, 0xff, 0xa7, 0xff, 0xff, 0xff, 0xff, 0xff, 0xb6,
    0x00, 0x00, 0x00, 0xff, 0xff, 0x6f, 0xff, 0xff, 0xe4, 0xff, 0xff, 0x26, 0x00, 0x00, 0x00, 0x00, 0x00, 0x00, 0x00, 0x00, 0x00, 0x00, 0x00, 0x00,
    0x00, 0x00, 0x00, 0x00, 0x00, 0x00, 0xff, 0xff, 0x09, 0xff, 0xff, 0xa8, 0xff, 0xff, 0xff, 0xff, 0xff, 0xff, 0xff, 0xff, 0xaa, 0xff, 0xff, 0x73,
    0xff, 0xff, 0xfe, 0xff, 0xff, 0xff, 0xff, 0xff, 0xb9, 0xff, 0xff, 0x16, 0x00, 0x00, 0x00, 0x00, 0x00, 0x00, 0x00, 0x00, 0x00, 0x00, 0x00, 0x00,
    0x00, 0x00, 0x00, 0x00, 0x00, 0x00, 0xff, 0xff, 0x3b, 0xff, 0xff, 0xff, 0xff, 0xff, 0xfc, 0xff, 0xff, 0x2f, 0xff, 0xff, 0x2f, 0xff, 0xff, 0x2f,
    0xff, 0xff, 0x2f, 0xff, 0xff, 0x2f, 0xff, 0xff, 0x2f, 0xff, 0xff, 0x2f, 0xff, 0xff, 0x2f, 0xff, 0xff, 0xfc, 0xff, 0xff, 0xff, 0xff, 0xff, 0x53,
    0x00, 0x00, 0x00, 0x00, 0x00, 0x00, 0x00, 0x00, 0x00, 0x00, 0x00, 0x00, 0xff, 0xff, 0x0e, 0xff, 0xff, 0xc4, 0xff, 0xff, 0xff, 0xff, 0xff, 0xad,
    0x00, 0x00, 0x00, 0xff, 0xff, 0x9b, 0xff, 0xff, 0xff, 0xff, 0xff, 0x8b, 0x00, 0x00, 0x00, 0xff, 0xff, 0xe7, 0xff, 0xff, 0xff, 0xff, 0xff, 0x17,
    0xff, 0xff, 0x4b, 0xff, 0xff, 0xff, 0xff, 0xff, 0xdf, 0x00, 0x00, 0x00, 0x00, 0x00, 0x00, 0xff, 0xff, 0x03, 0xff, 0xff, 0xe6, 0xff, 0xff, 0xff,
    0xff, 0xff, 0x2a, 0x00, 0x00, 0x00, 0xff, 0xff, 0x57, 0xff, 0xff, 0xff, 0xff, 0xff, 0xff, 0xff, 0xff, 0xff, 0xff, 0xff, 0xff, 0xff, 0xff, 0xff,
    0xff, 0xff, 0xff, 0xff, 0xff, 0xff, 0xff, 0xff, 0xff, 0xff, 0xff, 0xff, 0xff, 0xff, 0xd3, 0x00, 0x00, 0x00, 0x00, 0x00, 0x00, 0x00, 0x00, 0x00,
    0x00, 0x00, 0x00, 0x00, 0x00, 0x00, 0x00, 0x00, 0x00, 0x00, 0x00, 0x00, 0x00, 0x00, 0x00, 0x00, 0x00, 0x00, 0xff, 0xff, 0x1b, 0xff, 0xff, 0xff,
    0xff, 0xff, 0xff, 0xff, 0xff, 0x1f, 0x00, 0x00, 0x00, 0x00, 0x00, 0x00, 0x00, 0x00, 0x00, 0xff, 0xff, 0xbf, 0xff, 0xff, 0xff, 0xff, 0xff, 0x83,
    0x00, 0x00, 0x00, 0x00, 0x00, 0x00, 0x00, 0x00, 0x00, 0x00, 0x00, 0x00, 0xff, 0xff, 0x57, 0xff, 0xff, 0xff, 0xff, 0xff, 0xff, 0xff, 0xff, 0xff,
    0xff, 0xff, 0xff, 0xff, 0xff, 0xff, 0xff, 0xff, 0xed, 0xff, 0xff, 0x02, 0xff, 0xff, 0x27, 0xff, 0xff, 0xfc, 0xff, 0xff, 0xfd, 0xff, 0xff, 0x2f,
    0x00, 0x00, 0x00, 0xff, 0xff, 0x88, 0xff, 0xff, 0xff, 0xff, 0xff, 0xc2, 0xff, 0xff, 0x01, 0x00, 0x00, 0x00, 0x00, 0x00, 0x00, 0x00, 0x00, 0x00,
    0x00, 0x00, 0x00, 0xff, 0xff, 0x34, 0xff, 0xff, 0xd7, 0xff, 0xff, 0xff, 0xff, 0xff, 0xff, 0xff, 0xff, 0x9b, 0xff, 0xff, 0x02, 0x00, 0x00, 0x00,
    0xff, 0xff, 0x5a, 0xff, 0xff, 0xfa, 0xff, 0xff, 0xff, 0xff, 0xff, 0xe7, 0xff, 0xff, 0x56, 0x00, 0x00, 0x00, 0x00, 0x00, 0x00, 0x00, 0x00, 0x00,
    0x00, 0x00, 0x00, 0x00, 0x00, 0x00, 0xff, 0xff, 0x3b, 0xff, 0xff, 0xff, 0xff, 0xff, 0xfb, 0x00, 0x00, 0x00, 0x00, 0x00, 0x00, 0x00, 0x00, 0x00,
    0x00, 0x00, 0x00, 0x00, 0x00, 0x00, 0x00, 0x00, 0x00, 0x00, 0x00, 0x00, 0x00, 0x00, 0x00, 0xff, 0xff, 0xfb, 0xff, 0xff, 0xff, 0xff, 0xff, 0x53,
    0x00, 0x00, 0x00, 0x00, 0x00, 0x00, 0x00, 0x00, 0x00, 0x00, 0x00, 0x00, 0x00, 0x00, 0x00, 0xff, 0xff, 0x0f, 0xff, 0xff, 0xa4, 0xff, 0xff, 0x0e,
    0x00, 0x00, 0x00, 0xff, 0xff, 0x9b, 0xff, 0xff, 0xff, 0xff, 0xff, 0x8b, 0x00, 0x00, 0x00, 0xff, 0xff, 0xe7, 0xff, 0xff, 0xff, 0xff, 0xff, 0x17,
    0xff, 0xff, 0x4b, 0xff, 0xff, 0xff, 0xff, 0xff, 0xdf, 0x00, 0x00, 0x00, 0x00, 0x00, 0x00, 0xff, 0xff, 0x4d, 0xff, 0xff, 0xff, 0xff, 0xff, 0xb4,
    0xff, 0xff, 0x33, 0xff, 0xff, 0x5e, 0x00, 0x00, 0x00, 0x00, 0x00, 0x00, 0xff, 0xff, 0x33, 0xff, 0xff, 0xff, 0xff, 0xff, 0xd5, 0x00, 0x00, 0x00,
    0x00, 0x00, 0x00, 0x00, 0x00, 0x00, 0x00, 0x00, 0x00, 0x00, 0x00, 0x00, 0x00, 0x00, 0x00, 0x00, 0x00, 0x00, 0x00, 0x00, 0x00, 0x00, 0x00, 0x00,
    0x00, 0x00, 0x00, 0x00, 0x00, 0x00, 0x00, 0x00, 0x00, 0x00, 0x00, 0x00, 0x00, 0x00, 0x00, 0x00, 0x00, 0x00, 0xff, 0xff, 0x1b, 0xff, 0xff, 0xff,
    0xff, 0xff, 0xff, 0xff, 0xff, 0x1f, 0x00, 0x00, 0x00, 0x00, 0x00, 0x00, 0x00, 0x00, 0x00, 0xff, 0xff, 0xbf, 0xff, 0xff, 0xff, 0xff, 0xff, 0x83,
    0x00, 0x00, 0x00, 0x00, 0x00, 0x00, 0x00, 0x00, 0x00, 0x00, 0x00, 0x00, 0xff, 0xff, 0x56, 0xff, 0xff, 0xfc, 0xff, 0xff, 0xff, 0xff, 0xff, 0xff,
    0xff, 0xff, 0xfc, 0xff, 0xff, 0xff, 0xff, 0xff, 0xe9, 0x00, 0x00, 0x00, 0xff, 0xff, 0xb6, 0xff, 0xff, 0xff, 0xff, 0xff, 0x98, 0x00, 0x00, 0x00,
    0x00, 0x00, 0x00, 0xff, 0xff, 0x08, 0xff, 0xff, 0xd9, 0xff, 0xff, 0xff, 0xff, 0xff, 0x67, 0x00, 0x00, 0x00, 0x00, 0x00, 0x00, 0xff, 0xff, 0x15,
    0xff, 0xff, 0x8e, 0xff, 0xff, 0xfb, 0xff, 0xff, 0xff, 0xff, 0xff, 0xff, 0xff, 0xff, 0x8a, 0xff, 0xff, 0x48, 0xff, 0xff, 0xc7, 0xff, 0xff, 0x24,
    0x00, 0x00, 0x00, 0xff, 0xff, 0x46, 0xff, 0xff, 0xf3, 0xff, 0xff, 0xff, 0xff, 0xff, 0xff, 0xff, 0xff, 0xba, 0xff, 0xff, 0x35, 0x00, 0x00, 0x00,
    0x00, 0x00, 0x00, 0x00, 0x00, 0x00, 0xff, 0xff, 0x3b, 0xff, 0xff, 0xff, 0xff, 0xff, 0xfb, 0x00, 0x00, 0x00, 0x00, 0x00, 0x00, 0x00, 0x00, 0x00,
    0x00, 0x00, 0x00, 0x00, 0x00, 0x00, 0x00, 0x00, 0x00, 0x00, 0x00, 0x00, 0x00, 0x00, 0x00, 0xff, 0xff, 0xfb, 0xff, 0xff, 0xff, 0xff, 0xff, 0x53,
    0x00, 0x00, 0x00, 0x00, 0x00, 0x00, 0x00, 0x00, 0x00, 0x00, 0x00, 0x00, 0x00, 0x00, 0x00, 0x00, 0x00, 0x00, 0x00, 0x00, 0x00, 0x00, 0x00, 0x00,
    0x00, 0x00, 0x00, 0xff, 0xff, 0x9b, 0xff, 0xff, 0xff, 0xff, 0xff, 0x8b, 0x00, 0x00, 0x00, 0xff, 0xff, 0xe7, 0xff, 0xff, 0xff, 0xff, 0xff, 0x17,
    0xff, 0xff, 0x4b, 0xff, 0xff, 0xff, 0xff, 0xff, 0xdf, 0x00, 0x00, 0x00, 0xff, 0xff, 0x01, 0xff, 0xff, 0xc7, 0xff, 0xff, 0xff, 0xff, 0xff, 0x39,
    0xff, 0xff, 0xa6, 0xff, 0xff, 0xff, 0xff, 0xff, 0x7e, 0xff, 0xff, 0xf7, 0xff, 0xff, 0xfb, 0xff, 0xff, 0xff, 0xff, 0xff, 0xfd, 0xff, 0xff, 0xf7,
    0xff, 0xff, 0xf7, 0xff, 0xff, 0x32, 0x00, 0x00, 0x00, 0x00, 0x00, 0x00, 0x00, 0x00, 0x00, 0x00, 0x00, 0x00, 0x00, 0x00, 0x00, 0x00, 0x00, 0x00,
    0x00, 0x00, 0x00, 0x00, 0x00, 0x00, 0x00, 0x00, 0x00, 0x00, 0x00, 0x00, 0x00, 0x00, 0x00, 0x00, 0x00, 0x00, 0xff, 0xff, 0x1b, 0xff, 0xff, 0xff,
    0xff, 0xff, 0xff, 0xff, 0xff, 0x1f, 0x00, 0x00, 0x00, 0x00, 0x00, 0x00, 0x00, 0x00, 0x00, 0xff, 0xff, 0xbf, 0xff, 0xff, 0xff, 0xff, 0xff, 0x83,
    0x00, 0x00, 0x00, 0x00, 0x00, 0x00, 0x00, 0x00, 0x00, 0x00, 0x00, 0x00, 0x00, 0x00, 0x00, 0xff, 0xff, 0x42, 0xff, 0xff, 0xff, 0xff, 0xff, 0xb0,
    0xff, 0xff, 0x15, 0xff, 0xff, 0xff, 0xff, 0xff, 0xd1, 0xff, 0xff, 0x82, 0xff, 0xff, 0xff, 0xff, 0xff, 0xff, 0xff, 0xff, 0xcb, 0xff, 0xff, 0xcc,
    0xff, 0xff, 0xdf, 0xff, 0xff, 0xf1, 0xff, 0xff, 0xff, 0xff, 0xff, 0xff, 0xff, 0xff, 0xe1, 0xff, 0xff, 0x04, 0xff, 0xff, 0x3e, 0xff, 0xff, 0xf3,
    0xff, 0xff, 0xff, 0xff, 0xff, 0xff, 0xff, 0xff, 0xee, 0xff, 0xff, 0x61, 0xff, 0xff, 0x04, 0xff, 0xff, 0xd0, 0xff, 0xff, 0xff, 0xff, 0xff, 0xf1,
    0xff, 0xff, 0x4c, 0x00, 0x00, 0x00, 0xff, 0xff, 0x29, 0xff, 0xff, 0xc8, 0xff, 0xff, 0xff, 0xff, 0xff, 0xff, 0xff, 0xff, 0xfe, 0xff, 0xff, 0x3b,
    0x00, 0x00, 0x00, 0x00, 0x00, 0x00, 0xff, 0xff, 0x3b, 0xff, 0xff, 0xff, 0xff, 0xff, 0xfb, 0x00, 0x00, 0x00, 0x00, 0x00, 0x00, 0x00, 0x00, 0x00,
    0x00, 0x00, 0x00, 0x00, 0x00, 0x00, 0x00, 0x00, 0x00, 0x00, 0x00, 0x00, 0x00, 0x00, 0x00, 0xff, 0xff, 0xfb, 0xff, 0xff, 0xff, 0xff, 0xff, 0x53,
    0x00, 0x00, 0x00, 0x00, 0x00, 0x00, 0xff, 0xff, 0x6f, 0xff, 0xff, 0xff, 0xff, 0xff, 0xff, 0xff, 0xff, 0xff, 0xff, 0xff, 0xbf, 0x00, 0x00, 0x00,
    0x00, 0x00, 0x00, 0xff, 0xff, 0x9b, 0xff, 0xff, 0xff, 0xff, 0xff, 0x8b, 0x00, 0x00, 0x00, 0xff, 0xff, 0xe7, 0xff, 0xff, 0xff, 0xff, 0xff, 0x17,
    0xff, 0xff, 0x4b, 0xff, 0xff, 0xff, 0xff, 0xff, 0xdf, 0x00, 0x00, 0x00, 0xff, 0xff, 0x6c, 0xff, 0xff, 0xff, 0xff, 0xff, 0xf9, 0xff, 0xff, 0xc0,
    0xff, 0xff, 0xfb, 0xff, 0xff, 0xeb, 0xff, 0xff, 0x20, 0xff, 0xff, 0xff, 0xff, 0xff, 0xff, 0xff, 0xff, 0xff, 0xff, 0xff, 0xff, 0xff, 0xff, 0xff,
    0xff, 0xff, 0xff, 0xff, 0xff, 0x33, 0x00, 0x00, 0x00, 0x00, 0x00, 0x00, 0x00, 0x00, 0x00, 0x00, 0x00, 0x00, 0x00, 0x00, 0x00, 0x00, 0x00, 0x00,
    0x00, 0x00, 0x00, 0x00, 0x00, 0x00, 0x00, 0x00, 0x00, 0x00, 0x00, 0x00, 0x00, 0x00, 0x00, 0x00, 0x00, 0x00, 0xff, 0xff, 0x1b, 0xff, 0xff, 0xff,
    0xff, 0xff, 0xff, 0xff, 0xff, 0x1f, 0x00, 0x00, 0x00, 0x00, 0x00, 0x00, 0x00, 0x00, 0x00, 0xff, 0xff, 0xbf, 0xff, 0xff, 0xff, 0xff, 0xff, 0x83,
    0x00, 0x00, 0x00, 0x00, 0x00, 0x00, 0x00, 0x00, 0x00, 0x00, 0x00, 0x00, 0x00, 0x00, 0x00, 0xff, 0xff, 0x75, 0xff, 0xff, 0xff, 0xff, 0xff, 0x7b,
    0xff, 0xff, 0x37, 0xff, 0xff, 0xff, 0xff, 0xff, 0xb8, 0xff, 0xff, 0xaf, 0xff, 0xff, 0xff, 0xff, 0xff, 0xff, 0xff, 0xff, 0xff, 0xff, 0xff, 0xff,
    0xff, 0xff, 0xff, 0xff, 0xff, 0xff, 0xff, 0xff, 0xff, 0xff, 0xff, 0xff, 0xff, 0xff, 0xff, 0xff, 0xff, 0x5c, 0xff, 0xff, 0x01, 0xff, 0xff, 0xa8,
    0xff, 0xff, 0xff, 0xff, 0xff, 0xab, 0xff, 0xff, 0x17, 0x00, 0x00, 0x00, 0x00, 0x00, 0x00, 0xff, 0xff, 0x0f, 0xff, 0xff, 0xba, 0xff, 0xff, 0xff,
    0xff, 0xff, 0xfc, 0xff, 0xff, 0x63, 0x00, 0x00, 0x00, 0xff, 0xff, 0x03, 0xff, 0xff, 0x75, 0xff, 0xff, 0xf7, 0xff, 0xff, 0x7c, 0x00, 0x00, 0x00,
    0x00, 0x00, 0x00, 0x00, 0x00, 0x00, 0xff, 0xff, 0x3b, 0xff, 0xff, 0xff, 0xff, 0xff, 0xfc, 0xff, 0xff, 0x1b, 0xff, 0xff, 0x1b, 0xff, 0xff, 0x1b,
    0xff, 0xff, 0x1b, 0xff, 0xff, 0x1b, 0xff, 0xff, 0x1b, 0xff, 0xff, 0x1b, 0xff, 0xff, 0x1b, 0xff, 0xff, 0xfc, 0xff, 0xff, 0xff, 0xff, 0xff, 0x53,
    0x00, 0x00, 0x00, 0x00, 0x00, 0x00, 0xff, 0xff, 0x6f, 0xff, 0xff, 0xff, 0xff, 0xff, 0xff, 0xff, 0xff, 0xff, 0xff, 0xff, 0xbf, 0x00, 0x00, 0x00,
    0x00, 0x00, 0x00, 0xff, 0xff, 0x9e, 0xff, 0xff, 0xff, 0xff, 0xff, 0x88, 0x00, 0x00, 0x00, 0xff, 0xff, 0xe7, 0xff, 0xff, 0xff, 0xff, 0xff, 0x17,
    0xff, 0xff, 0x4b, 0xff, 0xff, 0xff, 0xff, 0xff, 0xdf, 0x00, 0x00, 0x00, 0xff, 0xff, 0x37, 0xff, 0xff, 0xff, 0xff, 0xff, 0xff, 0xff, 0xff, 0xff,
    0xff, 0xff, 0xff, 0xff, 0xff, 0x68, 0x00, 0x00, 0x00, 0xff, 0xff, 0x2e, 0xff, 0xff, 0xff, 0xff, 0xff, 0xd0, 0x00, 0x00, 0x00, 0xff, 0xff, 0xdf,
    0xff, 0xff, 0xff, 0xff, 0xff, 0x33, 0x00, 0x00, 0x00, 0x00, 0x00, 0x00, 0x00, 0x00, 0x00, 0x00, 0x00, 0x00, 0x00, 0x00, 0x00, 0x00, 0x00, 0x00,
    0x00, 0x00, 0x00, 0x00, 0x00, 0x00, 0xff, 0xff, 0x2b, 0xff, 0xff, 0xff, 0xff, 0xff, 0xff, 0xff, 0xff, 0xff, 0xff, 0xff, 0xff, 0xff, 0xff, 0xff,
    0xff, 0xff, 0xff, 0xff, 0xff, 0xff, 0xff, 0xff, 0xff, 0xff, 0xff, 0xff, 0xff, 0xff, 0xff, 0xff, 0xff, 0xff, 0xff, 0xff, 0xff, 0xff, 0xff, 0xff,
    0xff, 0xff, 0xff, 0xff, 0xff, 0xff, 0xff, 0xff, 0xff, 0xff, 0xff, 0x37, 0x00, 0x00, 0x00, 0xff, 0xff, 0xa9, 0xff, 0xff, 0xff, 0xff, 0xff, 0x47,
    0xff, 0xff, 0x5c, 0xff, 0xff, 0xff, 0xff, 0xff, 0x9d, 0xff, 0xff, 0x57, 0xff, 0xff, 0xc0, 0xff, 0xff, 0x97, 0xff, 0xff, 0x78, 0xff, 0xff, 0x5d,
    0xff, 0xff, 0x44, 0xff, 0xff, 0x2c, 0xff, 0xff, 0x15, 0xff, 0xff, 0x6f, 0xff, 0xff, 0xe1, 0xff, 0xff, 0x4b, 0x00, 0x00, 0x00, 0xff, 0xff, 0x0e,
    0xff, 0xff, 0x4c, 0x00, 0x00, 0x00, 0x00, 0x00, 0x00, 0x00, 0x00, 0x00, 0x00, 0x00, 0x00, 0x00, 0x00, 0x00, 0xff, 0xff, 0x05, 0xff, 0xff, 0xa6,
    0xff, 0xff, 0xf4, 0xff, 0xff, 0x39, 0x00, 0x00, 0x00, 0x00, 0x00, 0x00, 0xff, 0xff, 0x07, 0xff, 0xff, 0x22, 0xff, 0xff, 0x02, 0x00, 0x00, 0x00,
    0x00, 0x00, 0x00, 0x00, 0x00, 0x00, 0xff, 0xff, 0x3b, 0xff, 0xff, 0xff, 0xff, 0xff, 0xff, 0xff, 0xff, 0xff, 0xff, 0xff, 0xff, 0xff, 0xff, 0xff,
    0xff, 0xff, 0xff, 0xff, 0xff, 0xff, 0xff, 0xff, 0xff, 0xff, 0xff, 0xff, 0xff, 0xff, 0xff, 0xff, 0xff, 0xff, 0xff, 0xff, 0xff, 0xff, 0xff, 0x53,
    0x00, 0x00, 0x00, 0x00, 0x00, 0x00, 0xff, 0xff, 0x08, 0xff, 0xff, 0x13, 0xff, 0xff, 0x61, 0xff, 0xff, 0xff, 0xff, 0xff, 0xbf, 0x00, 0x00, 0x00,
    0x00, 0x00, 0x00, 0xff, 0xff, 0xa5, 0xff, 0xff, 0xff, 0xff, 0xff, 0x79, 0x00, 0x00, 0x00, 0xff, 0xff, 0xe7, 0xff, 0xff, 0xff, 0xff, 0xff, 0x17,
    0xff, 0xff, 0x4b, 0xff, 0xff, 0xff, 0xff, 0xff, 0xdf, 0x00, 0x00, 0x00, 0xff, 0xff, 0x01, 0xff, 0xff, 0x48, 0xff, 0xff, 0x56, 0xff, 0xff, 0xff,
    0xff, 0xff, 0xd2, 0xff, 0xff, 0x03, 0x00, 0x00, 0x00, 0xff, 0xff, 0x84, 0xff, 0xff, 0xff, 0xff, 0xff, 0x8a, 0x00, 0x00, 0x00, 0xff, 0xff, 0xdf,
    0xff, 0xff, 0xff, 0xff, 0xff, 0x33, 0x00, 0x00, 0x00, 0x00, 0x00, 0x00, 0x00, 0x00, 0x00, 0x00, 0x00, 0x00, 0x00, 0x00, 0x00, 0x00, 0x00, 0x00,
    0x00, 0x00, 0x00, 0x00, 0x00, 0x00, 0xff, 0xff, 0x2b, 0xff, 0xff, 0xff, 0xff, 0xff, 0xff, 0xff, 0xff, 0xff, 0xff, 0xff, 0xff, 0xff, 0xff, 0xff,
    0xff, 0xff, 0xff, 0xff, 0xff, 0xff, 0xff, 0xff, 0xff, 0xff, 0xff, 0xff, 0xff, 0xff, 0xff, 0xff, 0xff, 0xff, 0xff, 0xff, 0xff, 0xff, 0xff, 0xff,
    0xff, 0xff, 0xff, 0xff, 0xff, 0xff, 0xff, 0xff, 0xff, 0xff, 0xff, 0x37, 0x00, 0x00, 0x00, 0xff, 0xff, 0xe7, 0xff, 0xff, 0xff, 0xff, 0xff, 0x1a,
    0xff, 0xff, 0x93, 0xff, 0xff, 0xff, 0xff, 0xff, 0x68, 0x00, 0x00, 0x00, 0x00, 0x00, 0x00, 0x00, 0x00, 0x00, 0x00, 0x00, 0x00, 0x00, 0x00, 0x00,
    0x00, 0x00, 0x00, 0x00, 0x00, 0x00, 0x00, 0x00, 0x00, 0xff, 0xff, 0x0c, 0xff, 0xff, 0x09, 0x00, 0x00, 0x00, 0x00, 0x00, 0x00, 0x00, 0x00, 0x00,
    0xff, 0xff, 0x37, 0xff, 0xff, 0xff, 0xff, 0xff, 0xff, 0xff, 0xff, 0xff, 0xff, 0xff, 0xff, 0xff, 0xff, 0xff, 0xff, 0xff, 0xff, 0xff, 0xff, 0xff,
    0xff, 0xff, 0xff, 0xff, 0xff, 0xff, 0xff, 0xff, 0xff, 0xff, 0xff, 0xff, 0xff, 0xff, 0xee, 0xff, 0xff, 0x74, 0x00, 0x00, 0x00, 0x00, 0x00, 0x00,
    0x00, 0x00, 0x00, 0x00, 0x00, 0x00, 0xff, 0xff, 0x3b, 0xff, 0xff, 0xff, 0xff, 0xff, 0xff, 0xff, 0xff, 0xff, 0xff, 0xff, 0xff, 0xff, 0xff, 0xff,
    0xff, 0xff, 0xff, 0xff, 0xff, 0xff, 0xff, 0xff, 0xff, 0xff, 0xff, 0xff, 0xff, 0xff, 0xff, 0xff, 0xff, 0xff, 0xff, 0xff, 0xff, 0xff, 0xff, 0x53,
    0x00, 0x00, 0x00, 0x00, 0x00, 0x00, 0x00, 0x00, 0x00, 0x00, 0x00, 0x00, 0xff, 0xff, 0x53, 0xff, 0xff, 0xff, 0xff, 0xff, 0xbf, 0x00, 0x00, 0x00,
    0x00, 0x00, 0x00, 0xff, 0xff, 0xad, 0xff, 0xff, 0xff, 0xff, 0xff, 0x6b, 0x00, 0x00, 0x00, 0xff, 0xff, 0xe7, 0xff, 0xff, 0xff, 0xff, 0xff, 0x17,
    0xff, 0xff, 0x4b, 0xff, 0xff, 0xff, 0xff, 0xff, 0xdf, 0x00, 0x00, 0x00, 0x00, 0x00, 0x00, 0xff, 0xff, 0x09, 0xff, 0xff, 0xd8, 0xff, 0xff, 0xff,
    0xff, 0xff, 0x42, 0xff, 0xff, 0x24, 0xff, 0xff, 0x23, 0xff, 0xff, 0xf6, 0xff, 0xff, 0xff, 0xff, 0xff, 0xf6, 0xff, 0xff, 0xef, 0xff, 0xff, 0xfd,
    0xff, 0xff, 0xff, 0xff, 0xff, 0xf3, 0xff, 0xff, 0xef, 0xff, 0xff, 0xef, 0xff, 0xff, 0x8a, 0x00, 0x00, 0x00, 0x00, 0x00, 0x00, 0x00, 0x00, 0x00,
    0x00, 0x00, 0x00, 0x00, 0x00, 0x00, 0xff, 0xff, 0x03, 0xff, 0xff, 0x13, 0xff, 0xff, 0x13, 0xff, 0xff, 0x13, 0xff, 0xff, 0x73, 0xff, 0xff, 0xff,
    0xff, 0xff, 0xeb, 0xff, 0xff, 0x13, 0xff, 0xff, 0x13, 0xff, 0xff, 0x13, 0xff, 0xff, 0x13, 0xff, 0xff, 0xc4, 0xff, 0xff, 0xff, 0xff, 0xff, 0x8d,
    0xff, 0xff, 0x13, 0xff, 0xff, 0x13, 0xff, 0xff, 0x13, 0xff, 0xff, 0x04, 0xff, 0xff, 0x0f, 0xff, 0xff, 0xef, 0xff, 0xff, 0xff, 0xff, 0xff, 0xc3,
    0xff, 0xff, 0xd6, 0xff, 0xff, 0xff, 0xff, 0xff, 0x2a, 0x00, 0x00, 0x00, 0xff, 0xff, 0xeb, 0xff, 0xff, 0xff, 0xff, 0xff, 0xff, 0xff, 0xff, 0xff,
    0xff, 0xff, 0xff, 0xff, 0xff, 0xff, 0xff, 0xff, 0xff, 0xff, 0xff, 0xff, 0xff, 0xff, 0x7b, 0x00, 0x00, 0x00, 0x00, 0x00, 0x00, 0x00, 0x00, 0x00,
    0xff, 0xff, 0x37, 0xff, 0xff, 0xff, 0xff, 0xff, 0xff, 0xff, 0xff, 0xff, 0xff, 0xff, 0xff, 0xff, 0xff, 0xff, 0xff, 0xff, 0xff, 0xff, 0xff, 0xff,
    0xff, 0xff, 0xff, 0xff, 0xff, 0xff, 0xff, 0xff, 0xff, 0xff, 0xff, 0xff, 0xff, 0xff, 0xff, 0xff, 0xff, 0x64, 0x00, 0x00, 0x00, 0x00, 0x00, 0x00,
    0x00, 0x00, 0x00, 0x00, 0x00, 0x00, 0xff, 0xff, 0x3b, 0xff, 0xff, 0xff, 0xff, 0xff, 0xfb, 0x00, 0x00, 0x00, 0x00, 0x00, 0x00, 0x00, 0x00, 0x00,
    0x00, 0x00, 0x00, 0x00, 0x00, 0x00, 0x00, 0x00, 0x00, 0x00, 0x00, 0x00, 0x00, 0x00, 0x00, 0xff, 0xff, 0xfb, 0xff, 0xff, 0xff, 0xff, 0xff, 0x53,
    0x00, 0x00, 0x00, 0x00, 0x00, 0x00, 0x00, 0x00, 0x00, 0x00, 0x00, 0x00, 0xff, 0xff, 0x53, 0xff, 0xff, 0xff, 0xff, 0xff, 0xbf, 0x00, 0x00, 0x00,
    0x00, 0x00, 0x00, 0xff, 0xff, 0xba, 0xff, 0xff, 0xff, 0xff, 0xff, 0x5d, 0x00, 0x00, 0x00, 0xff, 0xff, 0xe7, 0xff, 0xff, 0xff, 0xff, 0xff, 0x17,
    0xff, 0xff, 0x4b, 0xff, 0xff, 0xff, 0xff, 0xff, 0xdf, 0x00, 0x00, 0x00, 0xff, 0xff, 0x05, 0xff, 0xff, 0xa6, 0xff, 0xff, 0xff, 0xff, 0xff, 0xfc,
    0xff, 0xff, 0xf0, 0xff, 0xff, 0xff, 0xff, 0xff, 0x48, 0xff, 0xff, 0xc9, 0xff, 0xff, 0xff, 0xff, 0xff, 0xff, 0xff, 0xff, 0xff, 0xff, 0xff, 0xff,
    0xff, 0xff, 0xff, 0xff, 0xff, 0xff, 0xff, 0xff, 0xff, 0xff, 0xff, 0xff, 0xff, 0xff, 0x93, 0x00, 0x00, 0x00, 0x00, 0x00, 0x00, 0x00, 0x00, 0x00,
    0x00, 0x00, 0x00, 0x00, 0x00, 0x00, 0x00, 0x00, 0x00, 0x00, 0x00, 0x00, 0x00, 0x00, 0x00, 0x00, 0x00, 0x00, 0xff, 0xff, 0xa1, 0xff, 0xff, 0xff,
    0xff, 0xff, 0xbb, 0x00, 0x00, 0x00, 0x00, 0x00, 0x00, 0x00, 0x00, 0x00, 0x00, 0x00, 0x00, 0xff, 0xff, 0xbf, 0xff, 0xff, 0xff, 0xff, 0xff, 0x83,
    0x00, 0x00, 0x00, 0x00, 0x00, 0x00, 0x00, 0x00, 0x00, 0x00, 0x00, 0x00, 0x00, 0x00, 0x00, 0xff, 0xff, 0x2d, 0xff, 0xff, 0xe5, 0xff, 0xff, 0xff,
    0xff, 0xff, 0xff, 0xff, 0xff, 0xec, 0xff, 0xff, 0x01, 0x00, 0x00, 0x00, 0xff, 0xff, 0xeb, 0xff, 0xff, 0xff, 0xff, 0xff, 0xec, 0xff, 0xff, 0xeb,
    0xff, 0xff, 0xeb, 0xff, 0xff, 0xeb, 0xff, 0xff, 0xf7, 0xff, 0xff, 0xff, 0xff, 0xff, 0x7b, 0x00, 0x00, 0x00, 0x00, 0x00, 0x00, 0x00, 0x00, 0x00,
    0xff, 0xff, 0x0c, 0xff, 0xff, 0x37, 0xff, 0xff, 0x37, 0xff, 0xff, 0x37, 0xff, 0xff, 0x37, 0xff, 0xff, 0x37, 0xff, 0xff, 0x37, 0xff, 0xff, 0x37,
    0xff, 0xff, 0x37, 0xff, 0xff, 0x70, 0xff, 0xff, 0xff, 0xff, 0xff, 0xff, 0xff, 0xff, 0xb5, 0x00, 0x00, 0x00, 0x00, 0x00, 0x00, 0x00, 0x00, 0x00,
    0x00, 0x00, 0x00, 0x00, 0x00, 0x00, 0xff, 0xff, 0x3b, 0xff, 0xff, 0xff, 0xff, 0xff, 0xfb, 0x00, 0x00, 0x00, 0x00, 0x00, 0x00, 0x00, 0x00, 0x00,
    0x00, 0x00, 0x00, 0x00, 0x00, 0x00, 0x00, 0x00, 0x00, 0x00, 0x00, 0x00, 0x00, 0x00, 0x00, 0xff, 0xff, 0xfb, 0xff, 0xff, 0xff, 0xff, 0xff, 0x53,
    0x00, 0x00, 0x00, 0x00, 0x00, 0x00, 0x00, 0x00, 0x00, 0x00, 0x00, 0x00, 0xff, 0xff, 0x53, 0xff, 0xff, 0xff, 0xff, 0xff, 0xbf, 0xff, 0xff, 0x02,
    0xff, 0xff, 0x02, 0xff, 0xff, 0xe0, 0xff, 0xff, 0xff, 0xff, 0xff, 0x4e, 0x00, 0x00, 0x00, 0xff, 0xff, 0xe7, 0xff, 0xff, 0xff, 0xff, 0xff, 0x17,
    0xff, 0xff, 0x4b, 0xff, 0xff, 0xff, 0xff, 0xff, 0xdf, 0x00, 0x00, 0x00, 0xff, 0xff, 0x42, 0xff, 0xff, 0xff, 0xff, 0xff, 0xff, 0xff, 0xff, 0xff,
    0xff, 0xff, 0xfb, 0xff, 0xff, 0xcb, 0xff, 0xff, 0x2f, 0xff, 0xff, 0x22, 0xff, 0xff, 0x1f, 0x00, 0x00, 0x00, 0x00, 0x00, 0x00, 0xff, 0xff, 0xdf,
    0xff, 0xff, 0xff, 0xff, 0xff, 0x33, 0x00, 0x00, 0x00, 0xff, 0xff, 0x07, 0x00, 0x00, 0x00, 0x00, 0x00, 0x00, 0x00, 0x00, 0x00, 0x00, 0x00, 0x00,
    0x00, 0x00, 0x00, 0x00, 0x00, 0x00, 0x00, 0x00, 0x00, 0x00, 0x00, 0x00, 0x00, 0x00, 0x00, 0xff, 0xff, 0x0f, 0xff, 0xff, 0xf3, 0xff, 0xff, 0xff,
    0xff, 0xff, 0x7e, 0x00, 0x00, 0x00, 0x00, 0x00, 0x00, 0x00, 0x00, 0x00, 0x00, 0x00, 0x00, 0xff, 0xff, 0xbf, 0xff, 0xff, 0xff, 0xff, 0xff, 0x83,
    0x00, 0x00, 0x00, 0x00, 0x00, 0x00, 0x00, 0x00, 0x00, 0x00, 0x00, 0x00, 0x00, 0x00, 0x00, 0x00, 0x00, 0x00, 0xff, 0xff, 0x1f, 0xff, 0xff, 0xe3,
    0xff, 0xff, 0xff, 0xff, 0xff, 0xe8, 0xff, 0xff, 0x15, 0x00, 0x00, 0x00, 0xff, 0xff, 0xeb, 0xff, 0xff, 0xff, 0xff, 0xff, 0x03, 0x00, 0x00, 0x00,
    0x00, 0x00, 0x00, 0x00, 0x00, 0x00, 0xff, 0xff, 0x8f, 0xff, 0xff, 0xff, 0xff, 0xff, 0x7b, 0x00, 0x00, 0x00, 0x00, 0x00, 0x00, 0x00, 0x00, 0x00,
    0x00, 0x00, 0x00, 0x00, 0x00, 0x00, 0x00, 0x00, 0x00, 0x00, 0x00, 0x00, 0x00, 0x00, 0x00, 0x00, 0x00, 0x00, 0x00, 0x00, 0x00, 0x00, 0x00, 0x00,
    0xff, 0xff, 0x0e, 0xff, 0xff, 0xde, 0xff, 0xff, 0xff, 0xff, 0xff, 0xed, 0xff, 0xff, 0x19, 0x00, 0x00, 0x00, 0x00, 0x00, 0x00, 0x00, 0x00, 0x00,
    0x00, 0x00, 0x00, 0x00, 0x00, 0x00, 0xff, 0xff, 0x3b, 0xff, 0xff, 0xff, 0xff, 0xff, 0xfb, 0x00, 0x00, 0x00, 0x00, 0x00, 0x00, 0x00, 0x00, 0x00,
    0x00, 0x00, 0x00, 0x00, 0x00, 0x00, 0x00, 0x00, 0x00, 0x00, 0x00, 0x00, 0x00, 0x00, 0x00, 0xff, 0xff, 0xfb, 0xff, 0xff, 0xff, 0xff, 0xff, 0x53,
    0x00, 0x00, 0x00, 0x00, 0x00, 0x00, 0x00, 0x00, 0x00, 0x00, 0x00, 0x00, 0xff, 0xff, 0x53, 0xff, 0xff, 0xff, 0xff, 0xff, 0xc5, 0xff, 0xff, 0xa7,
    0xff, 0xff, 0x58, 0xff, 0xff, 0xfe, 0xff, 0xff, 0xff, 0xff, 0xff, 0x40, 0x00, 0x00, 0x00, 0xff, 0xff, 0xe7, 0xff, 0xff, 0xff, 0xff, 0xff, 0x17,
    0xff, 0xff, 0x4b, 0xff, 0xff, 0xff, 0xff, 0xff, 0xdf, 0x00, 0x00, 0x00, 0xff, 0xff, 0x03, 0xff, 0xff, 0xcb, 0xff, 0xff, 0x8a, 0xff, 0xff, 0x45,
    0xff, 0xff, 0x0b, 0xff, 0xff, 0x0c, 0x00, 0x00, 0x00, 0xff, 0xff, 0x27, 0xff, 0xff, 0xfb, 0xff, 0xff, 0xbd, 0xff, 0xff, 0x04, 0xff, 0xff, 0xdf,
    0xff, 0xff, 0xff, 0xff, 0xff, 0x42, 0xff, 0xff, 0xa8, 0xff, 0xff, 0xcb, 0x00, 0x00, 0x00, 0x00, 0x00, 0x00, 0x00, 0x00, 0x00, 0x00, 0x00, 0x00,
    0x00, 0x00, 0x00, 0x00, 0x00, 0x00, 0x00, 0x00, 0x00, 0x00, 0x00, 0x00, 0x00, 0x00, 0x00, 0xff, 0xff, 0x83, 0xff, 0xff, 0xff, 0xff, 0xff, 0xfe,
    0xff, 0xff, 0x20, 0x00, 0x00, 0x00, 0x00, 0x00, 0x00, 0x00, 0x00, 0x00, 0x00, 0x00, 0x00, 0xff, 0xff, 0xbf, 0xff, 0xff, 0xff, 0xff, 0xff, 0x83,
    0x00, 0x00, 0x00, 0x00, 0x00, 0x00, 0x00, 0x00, 0x00, 0x00, 0x00, 0x00, 0x00, 0x00, 0x00, 0x00, 0x00, 0x00, 0xff, 0xff, 0x26, 0xff, 0xff, 0xf7,
    0xff, 0xff, 0xff, 0xff, 0xff, 0xff, 0xff, 0xff, 0xc4, 0xff, 0xff, 0x06, 0xff, 0xff, 0xeb, 0xff, 0xff, 0xff, 0xff, 0xff, 0x03, 0x00, 0x00, 0x00,
    0x00, 0x00, 0x00, 0x00, 0x00, 0x00, 0xff, 0xff, 0x8f, 0xff, 0xff, 0xff, 0xff, 0xff, 0x7b, 0x00, 0x00, 0x00, 0x00, 0x00, 0x00, 0x00, 0x00, 0x00,
    0x00, 0x00, 0x00, 0x00, 0x00, 0x00, 0x00, 0x00, 0x00, 0x00, 0x00, 0x00, 0x00, 0x00, 0x00, 0x00, 0x00, 0x00, 0x00, 0x00, 0x00, 0x00, 0x00, 0x00,
    0xff, 0xff, 0xa6, 0xff, 0xff, 0xff, 0xff, 0xff, 0xff, 0xff, 0xff, 0x57, 0x00, 0x00, 0x00, 0x00, 0x00, 0x00, 0x00, 0x00, 0x00, 0x00, 0x00, 0x00,
    0x00, 0x00, 0x00, 0x00, 0x00, 0x00, 0xff, 0xff, 0x3b, 0xff, 0xff, 0xff, 0xff, 0xff, 0xfb, 0x00, 0x00, 0x00, 0x00, 0x00, 0x00, 0x00, 0x00, 0x00,
    0x00, 0x00, 0x00, 0x00, 0x00, 0x00, 0x00, 0x00, 0x00, 0x00, 0x00, 0x00, 0x00, 0x00, 0x00, 0xff, 0xff, 0xfb, 0xff, 0xff, 0xff, 0xff, 0xff, 0x53,
    0x00, 0x00, 0x00, 0x00, 0x00, 0x00, 0x00, 0x00, 0x00, 0x00, 0x00, 0x00, 0xff, 0xff, 0x53, 0xff, 0xff, 0xff, 0xff, 0xff, 0xff, 0xff, 0xff, 0xff,
    0xff, 0xff, 0xe1, 0xff, 0xff, 0xff, 0xff, 0xff, 0xff, 0xff, 0xff, 0x15, 0x00, 0x00, 0x00, 0xff, 0xff, 0xe7, 0xff, 0xff, 0xff, 0xff, 0xff, 0x17,
    0xff, 0xff, 0x4b, 0xff, 0xff, 0xff, 0xff, 0xff, 0xdf, 0x00, 0x00, 0x00, 0x00, 0x00, 0x00, 0x00, 0x00, 0x00, 0x00, 0x00, 0x00, 0xff, 0xff, 0x34,
    0xff, 0xff, 0x9b, 0xff, 0xff, 0xf4, 0xff, 0xff, 0x13, 0xff, 0xff, 0x9c, 0xff, 0xff, 0xff, 0xff, 0xff, 0x94, 0x00, 0x00, 0x00, 0xff, 0xff, 0xdf,
    0xff, 0xff, 0xff, 0xff, 0xff, 0x36, 0xff, 0xff, 0xda, 0xff, 0xff, 0xff, 0xff, 0xff, 0x4a, 0x00, 0x00, 0x00, 0x00, 0x00, 0x00, 0x00, 0x00, 0x00,
    0x00, 0x00, 0x00, 0x00, 0x00, 0x00, 0x00, 0x00, 0x00, 0x00, 0x00, 0x00, 0xff, 0xff, 0x42, 0xff, 0xff, 0xfd, 0xff, 0xff, 0xff, 0xff, 0xff, 0xad,
    0x00, 0x00, 0x00, 0x00, 0x00, 0x00, 0x00, 0x00, 0x00, 0x00, 0x00, 0x00, 0x00, 0x00, 0x00, 0xff, 0xff, 0xbf, 0xff, 0xff, 0xff, 0xff, 0xff, 0x83,
    0x00, 0x00, 0x00, 0x00, 0x00, 0x00, 0x00, 0x00, 0x00, 0x00, 0x00, 0x00, 0x00, 0x00, 0x00, 0xff, 0xff, 0x06, 0xff, 0xff, 0xc2, 0xff, 0xff, 0xff,
    0xff, 0xff, 0xc8, 0xff, 0xff, 0xf1, 0xff, 0xff, 0xf6, 0xff, 0xff, 0x23, 0xff, 0xff, 0xeb, 0xff, 0xff, 0xff, 0xff, 0xff, 0x03, 0x00, 0x00, 0x00,
    0x00, 0x00, 0x00, 0x00, 0x00, 0x00, 0xff, 0xff, 0x8f, 0xff, 0xff, 0xff, 0xff, 0xff, 0x7b, 0x00, 0x00, 0x00, 0x00, 0x00, 0x00, 0x00, 0x00, 0x00,
    0x00, 0x00, 0x00, 0x00, 0x00, 0x00, 0x00, 0x00, 0x00, 0x00, 0x00, 0x00, 0x00, 0x00, 0x00, 0x00, 0x00, 0x00, 0x00, 0x00, 0x00, 0xff, 0xff, 0x5f,
    0xff, 0xff, 0xff, 0xff, 0xff, 0xff, 0xff, 0xff, 0xa3, 0x00, 0x00, 0x00, 0x00, 0x00, 0x00, 0x00, 0x00, 0x00, 0x00, 0x00, 0x00, 0x00, 0x00, 0x00,
    0x00, 0x00, 0x00, 0x00, 0x00, 0x00, 0xff, 0xff, 0x3b, 0xff, 0xff, 0xff, 0xff, 0xff, 0xff, 0xff, 0xff, 0xff, 0xff, 0xff, 0xff, 0xff, 0xff, 0xff,
    0xff, 0xff, 0xff, 0xff, 0xff, 0xff, 0xff, 0xff, 0xff, 0xff, 0xff, 0xff, 0xff, 0xff, 0xff, 0xff, 0xff, 0xff, 0xff, 0xff, 0xff, 0xff, 0xff, 0x53,
    0x00, 0x00, 0x00, 0x00, 0x00, 0x00, 0x00, 0x00, 0x00, 0x00, 0x00, 0x00, 0xff, 0xff, 0x6b, 0xff, 0xff, 0xff, 0xff, 0xff, 0xff, 0xff, 0xff, 0xeb,
    0xff, 0xff, 0xc3, 0xff, 0xff, 0xff, 0xff, 0xff, 0xdb, 0x00, 0x00, 0x00, 0x00, 0x00, 0x00, 0xff, 0xff, 0xe7, 0xff, 0xff, 0xff, 0xff, 0xff, 0x17,
    0xff, 0xff, 0x4b, 0xff, 0xff, 0xff, 0xff, 0xff, 0xdf, 0x00, 0x00, 0x00, 0xff, 0xff, 0x10, 0xff, 0xff, 0x6c, 0xff, 0xff, 0xcf, 0xff, 0xff, 0xff,
    0xff, 0xff, 0xff, 0xff, 0xff, 0xef, 0xff, 0xff, 0x5d, 0xff, 0xff, 0xfa, 0xff, 0xff, 0xf8, 0xff, 0xff, 0x1c, 0x00, 0x00, 0x00, 0xff, 0xff, 0xdf,
    0xff, 0xff, 0xff, 0xff, 0xff, 0x33, 0xff, 0xff, 0x68, 0xff, 0xff, 0xff, 0xff, 0xff, 0xc3, 0x00, 0x00, 0x00, 0x00, 0x00, 0x00, 0x00, 0x00, 0x00,
    0x00, 0x00, 0x00, 0x00, 0x00, 0x00, 0x00, 0x00, 0x00, 0xff, 0xff, 0x52, 0xff, 0xff, 0xf4, 0xff, 0xff, 0xff, 0xff, 0xff, 0xec, 0xff, 0xff, 0x17,
    0x00, 0x00, 0x00, 0x00, 0x00, 0x00, 0x00, 0x00, 0x00, 0x00, 0x00, 0x00, 0x00, 0x00, 0x00, 0xff, 0xff, 0xbf, 0xff, 0xff, 0xff, 0xff, 0xff, 0x83,
    0x00, 0x00, 0x00, 0x00, 0x00, 0x00, 0x00, 0x00, 0x00, 0x00, 0x00, 0x00, 0xff, 0xff, 0x18, 0xff, 0xff, 0xc6, 0xff, 0xff, 0xff, 0xff, 0xff, 0xed,
    0xff, 0xff, 0x1c, 0xff, 0xff, 0x51, 0xff, 0xff, 0x67, 0x00, 0x00, 0x00, 0xff, 0xff, 0xeb, 0xff, 0xff, 0xff, 0xff, 0xff, 0xe8, 0xff, 0xff, 0xe7,
    0xff, 0xff, 0xe7, 0xff, 0xff, 0xe7, 0xff, 0xff, 0xf5, 0xff, 0xff, 0xff, 0xff, 0xff, 0x7b, 0x00, 0x00, 0x00, 0x00, 0x00, 0x00, 0x00, 0x00, 0x00,
    0x00, 0x00, 0x00, 0x00, 0x00, 0x00, 0x00, 0x00, 0x00, 0x00, 0x00, 0x00, 0x00, 0x00, 0x00, 0x00, 0x00, 0x00, 0xff, 0xff, 0x24, 0xff, 0xff, 0xf3,
    0xff, 0xff, 0xff, 0xff, 0xff, 0xe0, 0xff, 0xff, 0x0f, 0x00, 0x00, 0x00, 0x00, 0x00, 0x00, 0x00, 0x00, 0x00, 0x00, 0x00, 0x00, 0x00, 0x00, 0x00,
    0x00, 0x00, 0x00, 0x00, 0x00, 0x00, 0xff, 0xff, 0x3b, 0xff, 0xff, 0xff, 0xff, 0xff, 0xff, 0xff, 0xff, 0xff, 0xff, 0xff, 0xff, 0xff, 0xff, 0xff,
    0xff, 0xff, 0xff, 0xff, 0xff, 0xff, 0xff, 0xff, 0xff, 0xff, 0xff, 0xff, 0xff, 0xff, 0xff, 0xff, 0xff, 0xff, 0xff, 0xff, 0xff, 0xff, 0xff, 0x53,
    0x00, 0x00, 0x00, 0x00, 0x00, 0x00, 0x00, 0x00, 0x00, 0x00, 0x00, 0x00, 0xff, 0xff, 0xbb, 0xff, 0xff, 0xff, 0xff, 0xff, 0xe6, 0xff, 0xff, 0x3a,
    0xff, 0xff, 0xf3, 0xff, 0xff, 0xff, 0xff, 0xff, 0x9b, 0x00, 0x00, 0x00, 0x00, 0x00, 0x00, 0xff, 0xff, 0x4f, 0xff, 0xff, 0x57, 0xff, 0xff, 0x08,
    0xff, 0xff, 0x4b, 0xff, 0xff, 0xff, 0xff, 0xff, 0xdf, 0x00, 0x00, 0x00, 0xff, 0xff, 0x46, 0xff, 0xff, 0xff, 0xff, 0xff, 0xff, 0xff, 0xff, 0xf0,
    0xff, 0xff, 0x80, 0xff, 0xff, 0x18, 0xff, 0xff, 0xd6, 0xff, 0xff, 0xff, 0xff, 0xff, 0x7a, 0xff, 0xff, 0x01, 0xff, 0xff, 0x05, 0xff, 0xff, 0xe8,
    0xff, 0xff, 0xff, 0xff, 0xff, 0x32, 0xff, 0xff, 0x0a, 0xff, 0xff, 0xef, 0xff, 0xff, 0xff, 0xff, 0xff, 0x35, 0x00, 0x00, 0x00, 0x00, 0x00, 0x00,
    0x00, 0x00, 0x00, 0x00, 0x00, 0x00, 0xff, 0xff, 0x0b, 0xff, 0xff, 0xd7, 0xff, 0xff, 0xff, 0xff, 0xff, 0xf3, 0xff, 0xff, 0x44, 0x00, 0x00, 0x00,
    0x00, 0x00, 0x00, 0x00, 0x00, 0x00, 0x00, 0x00, 0x00, 0x00, 0x00, 0x00, 0x00, 0x00, 0x00, 0xff, 0xff, 0xbf, 0xff, 0xff, 0xff, 0xff, 0xff, 0x83,
    0x00, 0x00, 0x00, 0x00, 0x00, 0x00, 0x00, 0x00, 0x00, 0x00, 0x00, 0x00, 0xff, 0xff, 0x24, 0xff, 0xff, 0xef, 0xff, 0xff, 0xf5, 0xff, 0xff, 0x45,
    0x00, 0x00, 0x00, 0x00, 0x00, 0x00, 0x00, 0x00, 0x00, 0x00, 0x00, 0x00, 0xff, 0xff, 0xeb, 0xff, 0xff, 0xff, 0xff, 0xff, 0xff, 0xff, 0xff, 0xff,
    0xff, 0xff, 0xff, 0xff, 0xff, 0xff, 0xff, 0xff, 0xff, 0xff, 0xff, 0xff, 0xff, 0xff, 0x7b, 0x00, 0x00, 0x00, 0x00, 0x00, 0x00, 0x00, 0x00, 0x00,
    0x00, 0x00, 0x00, 0x00, 0x00, 0x00, 0x00, 0x00, 0x00, 0x00, 0x00, 0x00, 0x00, 0x00, 0x00, 0xff, 0xff, 0x01, 0xff, 0xff, 0xc9, 0xff, 0xff, 0xff,
    0xff, 0xff, 0xfd, 0xff, 0xff, 0x3d, 0x00, 0x00, 0x00, 0x00, 0x00, 0x00, 0x00, 0x00, 0x00, 0x00, 0x00, 0x00, 0x00, 0x00, 0x00, 0x00, 0x00, 0x00,
    0x00, 0x00, 0x00, 0x00, 0x00, 0x00, 0xff, 0xff, 0x3b, 0xff, 0xff, 0xff, 0xff, 0xff, 0xfc, 0xff, 0xff, 0x2f, 0xff, 0xff, 0x2f, 0xff, 0xff, 0x2f,
    0xff, 0xff, 0x2f, 0xff, 0xff, 0x2f, 0xff, 0xff, 0x2f, 0xff, 0xff, 0x2f, 0xff, 0xff, 0x2f, 0xff, 0xff, 0xfc, 0xff, 0xff, 0xff, 0xff, 0xff, 0x53,
    0x00, 0x00, 0x00, 0x00, 0x00, 0x00, 0x00, 0x00, 0x00, 0xff, 0xff, 0x0f, 0xff, 0xff, 0xe4, 0xff, 0xff, 0xe4, 0xff, 0xff, 0x25, 0xff, 0xff, 0x4c,
    0xff, 0xff, 0xfc, 0xff, 0xff, 0xff, 0xff, 0xff, 0x32, 0x00, 0x00, 0x00, 0x00, 0x00, 0x00, 0x00, 0x00, 0x00, 0x00, 0x00, 0x00, 0x00, 0x00, 0x00,
    0xff, 0xff, 0x4b, 0xff, 0xff, 0xff, 0xff, 0xff, 0xdf, 0x00, 0x00, 0x00, 0xff, 0xff, 0x0f, 0xff, 0xff, 0xe7, 0xff, 0xff, 0x7a, 0xff, 0xff, 0x0f,
    0x00, 0x00, 0x00, 0xff, 0xff, 0x0a, 0xff, 0xff, 0xa7, 0xff, 0xff, 0xbe, 0xff, 0xff, 0x02, 0xff, 0xff, 0xd7, 0xff, 0xff, 0xfe, 0xff, 0xff, 0xff,
    0xff, 0xff, 0xff, 0xff, 0xff, 0x17, 0x00, 0x00, 0x00, 0xff, 0xff, 0x8d, 0xff, 0xff, 0xa5, 0xff, 0xff, 0x21, 0x00, 0x00, 0x00, 0x00, 0x00, 0x00,
    0x00, 0x00, 0x00, 0x00, 0x00, 0x00, 0x00, 0x00, 0x00, 0xff, 0xff, 0x14, 0xff, 0xff, 0xbf, 0xff, 0xff, 0x30, 0x00, 0x00, 0x00, 0x00, 0x00, 0x00,
    0x00, 0x00, 0x00, 0x00, 0x00, 0x00, 0x00, 0x00, 0x00, 0x00, 0x00, 0x00, 0x00, 0x00, 0x00, 0xff, 0xff, 0xb3, 0xff, 0xff, 0xef, 0xff, 0xff, 0x7b,
    0x00, 0x00, 0x00, 0x00, 0x00, 0x00, 0x00, 0x00, 0x00, 0x00, 0x00, 0x00, 0x00, 0x00, 0x00, 0xff, 0xff, 0x5c, 0xff, 0xff, 0x38, 0x00, 0x00, 0x00,
    0x00, 0x00, 0x00, 0x00, 0x00, 0x00, 0x00, 0x00, 0x00, 0x00, 0x00, 0x00, 0xff, 0xff, 0xca, 0xff, 0xff, 0xdb, 0xff, 0xff, 0x03, 0x00, 0x00, 0x00,
    0x00, 0x00, 0x00, 0x00, 0x00, 0x00, 0xff, 0xff, 0x77, 0xff, 0xff, 0xd3, 0xff, 0xff, 0x66, 0x00, 0x00, 0x00, 0x00, 0x00, 0x00, 0x00, 0x00, 0x00,
    0x00, 0x00, 0x00, 0x00, 0x00, 0x00, 0x00, 0x00, 0x00, 0x00, 0x00, 0x00, 0x00, 0x00, 0x00, 0x00, 0x00, 0x00, 0xff, 0xff, 0x29, 0xff, 0xff, 0xa8,
    0xff, 0xff, 0x84, 0x00, 0x00, 0x00, 0x00, 0x00, 0x00, 0x00, 0x00, 0x00, 0x00, 0x00, 0x00, 0x00, 0x00, 0x00, 0x00, 0x00, 0x00, 0x00, 0x00, 0x00,
    0x00, 0x00, 0x00, 0x00, 0x00, 0x00, 0xff, 0xff, 0x24, 0xff, 0xff, 0x9b, 0xff, 0xff, 0x99, 0x00, 0x00, 0x00, 0x00, 0x00, 0x00, 0x00, 0x00, 0x00,
    0x00, 0x00, 0x00, 0x00, 0x00, 0x00, 0x00, 0x00, 0x00, 0x00, 0x00, 0x00, 0x00, 0x00, 0x00, 0xff, 0xff, 0x8d, 0xff, 0xff, 0x8f, 0xff, 0xff, 0x2f,
    0x00, 0x00, 0x00, 0x00, 0x00, 0x00, 0x00, 0x00, 0x00, 0x00, 0x00, 0x00, 0xff, 0xff, 0x46, 0xff, 0xff, 0x2a, 0x00, 0x00, 0x00, 0x00, 0x00, 0x00,
    0xff, 0xff, 0x29, 0xff, 0xff, 0x92, 0x00, 0x00, 0x00, 0x00, 0x00, 0x00, 0x00, 0x00, 0x00, 0x00, 0x00, 0x00, 0x00, 0x00, 0x00, 0x00, 0x00, 0x00,
    0xff, 0xff, 0x34, 0xff, 0xff, 0xaf, 0xff, 0xff, 0x99, 0x00, 0x00, 0x00, 0x00, 0x00, 0x00, 0xff, 0xff, 0x05, 0x00, 0x00, 0x00, 0x00, 0x00, 0x00,
    0x00, 0x00, 0x00, 0x00, 0x00, 0x00, 0x00, 0x00, 0x00, 0xff, 0xff, 0x0c, 0x00, 0x00, 0x00, 0xff, 0xff, 0x83, 0xff, 0xff, 0xe7, 0xff, 0xff, 0xcd,
    0xff, 0xff, 0x69, 0x00, 0x00, 0x00, 0x00, 0x00, 0x00, 0xff, 0xff, 0x01, 0x00, 0x00, 0x00, 0x00, 0x00, 0x00, 0x00, 0x00, 0x00, 0x00, 0x00, 0x00,
    0x00, 0x00, 0x00, 0x00, 0x00, 0x00, 0x00, 0x00, 0x00, 0x00, 0x00, 0x00, 0x00, 0x00, 0x00, 0x00, 0x00, 0x00, 0x00, 0x00, 0x00, 0x00, 0x00, 0x00,
    0x00, 0x00, 0x00, 0x00, 0x00, 0x00, 0x00, 0x00, 0x00, 0x00, 0x00, 0x00, 0x00, 0x00, 0x00, 0x00, 0x00, 0x00, 0x00, 0x00, 0x00, 0x00, 0x00, 0x00,
    0x00, 0x00, 0x00, 0x00, 0x00, 0x00, 0x00, 0x00, 0x00, 0x00, 0x00, 0x00, 0x00, 0x00, 0x00, 0x00, 0x00, 0x00, 0x00, 0x00, 0x00, 0x00, 0x00, 0x00,
    0x00, 0x00, 0x00, 0x00, 0x00, 0x00, 0x00, 0x00, 0x00, 0x00, 0x00, 0x00, 0x00, 0x00, 0x00, 0x00, 0x00, 0x00, 0x00, 0x00, 0x00, 0x00, 0x00, 0x00,
    0x00, 0x00, 0x00, 0x00, 0x00, 0x00, 0x00, 0x00, 0x00, 0x00, 0x00, 0x00, 0x00, 0x00, 0x00, 0x00, 0x00, 0x00, 0x00, 0x00, 0x00, 0x00, 0x00, 0x00,
    0x00, 0x00, 0x00, 0x00, 0x00, 0x00, 0x00, 0x00, 0x00, 0x00, 0x00, 0x00, 0x00, 0x00, 0x00, 0x00, 0x00, 0x00, 0x00, 0x00, 0x00, 0x00, 0x00, 0x00,
    0x00, 0x00, 0x00, 0x00, 0x00, 0x00, 0x00, 0x00, 0x00, 0x00, 0x00, 0x00, 0x00, 0x00, 0x00, 0x00, 0x00, 0x00, 0x00, 0x00, 0x00, 0x00, 0x00, 0x00,
    0x00, 0x00, 0x00, 0x00, 0x00, 0x00, 0x00, 0x00, 0x00, 0x00, 0x00, 0x00, 0x00, 0x00, 0x00, 0x00, 0x00, 0x00, 0x00, 0x00, 0x00, 0x00, 0x00, 0x00,
    0x00, 0x00, 0x00, 0x00, 0x00, 0x00, 0x00, 0x00, 0x00, 0x00, 0x00, 0x00, 0x00, 0x00, 0x00, 0x00, 0x00, 0x00, 0x00, 0x00, 0x00, 0x00, 0x00, 0x00,
    0x00, 0x00, 0x00, 0x00, 0x00, 0x00, 0x00, 0x00, 0x00, 0x00, 0x00, 0x00, 0x00, 0x00, 0x00, 0x00, 0x00, 0x00, 0x00, 0x00, 0x00, 0x00, 0x00, 0x00,
    0x00, 0x00, 0x00, 0x00, 0x00, 0x00, 0x00, 0x00, 0x00, 0x00, 0x00, 0x00, 0x00, 0x00, 0x00, 0x00, 0x00, 0x00, 0x00, 0x00, 0x00, 0x00, 0x00, 0x00,
    0x00, 0x00, 0x00, 0x00, 0x00, 0x00, 0x00, 0x00, 0x00, 0x00, 0x00, 0x00, 0x00, 0x00, 0x00, 0x00, 0x00, 0x00, 0x00, 0x00, 0x00, 0x00, 0x00, 0x00,
    0x00, 0x00, 0x00, 0x00, 0x00, 0x00, 0x00, 0x00, 0x00, 0x00, 0x00, 0x00, 0x00, 0x00, 0x00, 0x00, 0x00, 0x00, 0x00, 0x00, 0x00, 0x00, 0x00, 0x00,
    0x00, 0x00, 0x00, 0x00, 0x00, 0x00, 0x00, 0x00, 0x00, 0x00, 0x00, 0x00, 0x00, 0x00, 0x00, 0x00, 0x00, 0x00, 0x00, 0x00, 0x00, 0x00, 0x00, 0x00,
    0x00, 0x00, 0x00, 0x00, 0x00, 0x00, 0x00, 0x00, 0x00, 0x00, 0x00, 0x00, 0x00, 0x00, 0x00, 0x00, 0x00, 0x00, 0x00, 0x00, 0x00, 0x00, 0x00, 0x00,
    0x00, 0x00, 0x00, 0x00, 0x00, 0x00, 0x00, 0x00, 0x00, 0x00, 0x00, 0x00, 0x00, 0x00, 0x00, 0x00, 0x00, 0x00, 0x00, 0x00, 0x00, 0x00, 0x00, 0x00,
    0x00, 0x00, 0x00, 0x00, 0x00, 0x00, 0x00, 0x00, 0x00, 0x00, 0x00, 0x00, 0x00, 0x00, 0x00, 0x00, 0x00, 0x00, 0x00, 0x00, 0x00, 0x00, 0x00, 0x00,
    0x00, 0x00, 0x00, 0x00, 0x00, 0x00, 0x00, 0x00, 0x00, 0x00, 0x00, 0x00, 0x00, 0x00, 0x00, 0x00, 0x00, 0x00, 0x00, 0x00, 0x00, 0x00, 0x00, 0x00,
    0x00, 0x00, 0x00, 0x00, 0x00, 0x00, 0x00, 0x00, 0x00, 0x00, 0x00, 0x00, 0x00, 0x00, 0x00, 0x00, 0x00, 0x00, 0x00, 0x00, 0x00, 0x00, 0x00, 0x00,
    0x00, 0x00, 0x00, 0x00, 0x00, 0x00, 0x00, 0x00, 0x00, 0x00, 0x00, 0x00, 0x00, 0x00, 0x00, 0x00, 0x00, 0x00, 0x00, 0x00, 0x00, 0x00, 0x00, 0x00,
    0x00, 0x00, 0x00, 0x00, 0x00, 0x00, 0x00, 0x00, 0x00, 0x00, 0x00, 0x00, 0x00, 0x00, 0x00, 0x00, 0x00, 0x00, 0x00, 0x00, 0x00, 0x00, 0x00, 0x00,
    0x00, 0x00, 0x00, 0x00, 0x00, 0x00, 0x00, 0x00, 0x00, 0x00, 0x00, 0x00, 0x00, 0x00, 0x00, 0x00, 0x00, 0x00, 0x00, 0x00, 0x00, 0x00, 0x00, 0x00,
    0x00, 0x00, 0x00, 0x00, 0x00, 0x00, 0x00, 0x00, 0x00, 0x00, 0x00, 0x00, 0x00, 0x00, 0x00, 0x00, 0x00, 0x00, 0x00, 0x00, 0x00, 0x00, 0x00, 0x00,
    0x00, 0x00, 0x00, 0x00, 0x00, 0x00, 0x00, 0x00, 0x00, 0x00, 0x00, 0x00, 0x00, 0x00, 0x00, 0x00, 0x00, 0x00, 0x00, 0x00, 0x00, 0x00, 0x00, 0x00,
    0x00, 0x00, 0x00, 0x00, 0x00, 0x00, 0x00, 0x00, 0x00, 0x00, 0x00, 0x00, 0x00, 0x00, 0x00, 0x00, 0x00, 0x00, 0x00, 0x00, 0x00, 0x00, 0x00, 0x00,
    0x00, 0x00, 0x00, 0x00, 0x00, 0x00, 0x00, 0x00, 0x00, 0x00, 0x00, 0x00, 0x00, 0x00, 0x00, 0x00, 0x00, 0x00, 0x00, 0x00, 0x00, 0x00, 0x00, 0x00,
    0x00, 0x00, 0x00, 0x00, 0x00, 0x00, 0x00, 0x00, 0x00, 0x00, 0x00, 0x00, 0x00, 0x00, 0x00, 0x00, 0x00, 0x00, 0x00, 0x00, 0x00, 0x00, 0x00, 0x00,
    0x00, 0x00, 0x00, 0x00, 0x00, 0x00, 0x00, 0x00, 0x00, 0x00, 0x00, 0x00, 0x00, 0x00, 0x00, 0x00, 0x00, 0x00, 0x00, 0x00, 0x00, 0x00, 0x00, 0x00,
};
const lv_img_dsc_t zh_start_today = {
    .header.always_zero = 0,
    .header.w = 112,
    .header.h = 23,
    .data_size = 7728,
    .header.cf = LV_IMG_CF_TRUE_COLOR_ALPHA,
    .data = zh_start_today_map,
};

#ifndef LV_ATTRIBUTE_IMG_ZH_SUBTITLE
#define LV_ATTRIBUTE_IMG_ZH_SUBTITLE
#endif
const LV_ATTRIBUTE_MEM_ALIGN LV_ATTRIBUTE_LARGE_CONST LV_ATTRIBUTE_IMG_ZH_SUBTITLE uint8_t zh_subtitle_map[] = {
    0x00, 0x00, 0x00, 0x00, 0x00, 0x00, 0x00, 0x00, 0x00, 0x00, 0x00, 0x00, 0x00, 0x00, 0x00, 0x00, 0x00, 0x00, 0x00, 0x00, 0x00, 0x00, 0x00, 0x00,
    0x00, 0x00, 0x00, 0x00, 0x00, 0x00, 0x00, 0x00, 0x00, 0x00, 0x00, 0x00, 0x00, 0x00, 0x00, 0x00, 0x00, 0x00, 0x00, 0x00, 0x00, 0x00, 0x00, 0x00,
    0x00, 0x00, 0x00, 0x00, 0x00, 0x00, 0x00, 0x00, 0x00, 0x00, 0x00, 0x00, 0x00, 0x00, 0x00, 0x00, 0x00, 0x00, 0x00, 0x00, 0x00, 0x00, 0x00, 0x00,
    0x00, 0x00, 0x00, 0x00, 0x00, 0x00, 0x00, 0x00, 0x00, 0x00, 0x00, 0x00, 0x00, 0x00, 0x00, 0x00, 0x00, 0x00, 0x00, 0x00, 0x00, 0x00, 0x00, 0x00,
    0x00, 0x00, 0x00, 0x00, 0x00, 0x00, 0x00, 0x00, 0x00, 0x00, 0x00, 0x00, 0x00, 0x00, 0x00, 0x00, 0x00, 0x00, 0x00, 0x00, 0x00, 0x00, 0x00, 0x00,
    0x00, 0x00, 0x00, 0x00, 0x00, 0x00, 0x00, 0x00, 0x00, 0x00, 0x00, 0x00, 0x00, 0x00, 0x00, 0x00, 0x00, 0x00, 0x00, 0x00, 0x00, 0x00, 0x00, 0x00,
    0x00, 0x00, 0x00, 0x00, 0x00, 0x00, 0x00, 0x00, 0x00, 0x00, 0x00, 0x00, 0x00, 0x00, 0x00, 0x00, 0x00, 0x00, 0x00, 0x00, 0x00, 0x00, 0x00, 0x00,
    0x00, 0x00, 0x00, 0x00, 0x00, 0x00, 0x00, 0x00, 0x00, 0x00, 0x00, 0x00, 0x00, 0x00, 0x00, 0x00, 0x00, 0x00, 0x00, 0x00, 0x00, 0x00, 0x00, 0x00,
    0x00, 0x00, 0x00, 0x00, 0x00, 0x00, 0x00, 0x00, 0x00, 0x00, 0x00, 0x00, 0x00, 0x00, 0x00, 0x00, 0x00, 0x00, 0x00, 0x00, 0x00, 0x00, 0x00, 0x00,
    0x00, 0x00, 0x00, 0x00, 0x00, 0x00, 0x00, 0x00, 0x00, 0x00, 0x00, 0x00, 0x00, 0x00, 0x00, 0x00, 0x00, 0x00, 0x00, 0x00, 0x00, 0x00, 0x00, 0x00,
    0x00, 0x00, 0x00, 0x00, 0x00, 0x00, 0x00, 0x00, 0x00, 0x00, 0x00, 0x00, 0x00, 0x00, 0x00, 0x00, 0x00, 0x00, 0x00, 0x00, 0x00, 0x00, 0x00, 0x00,
    0x00, 0x00, 0x00, 0x00, 0x00, 0x00, 0x00, 0x00, 0x00, 0x00, 0x00, 0x00, 0x00, 0x00, 0x00, 0x00, 0x00, 0x00, 0x00, 0x00, 0x00, 0x00, 0x00, 0x00,
    0x00, 0x00, 0x00, 0x00, 0x00, 0x00, 0x00, 0x00, 0x00, 0x00, 0x00, 0x00, 0x00, 0x00, 0x00, 0x00, 0x00, 0x00, 0x00, 0x00, 0x00, 0x00, 0x00, 0x00,
    0x00, 0x00, 0x00, 0x00, 0x00, 0x00, 0x00, 0x00, 0x00, 0x00, 0x00, 0x00, 0x00, 0x00, 0x00, 0x00, 0x00, 0x00, 0x00, 0x00, 0x00, 0x00, 0x00, 0x00,
    0x00, 0x00, 0x00, 0x00, 0x00, 0x00, 0x00, 0x00, 0x00, 0x00, 0x00, 0x00, 0x00, 0x00, 0x00, 0x00, 0x00, 0x00, 0x00, 0x00, 0x00, 0x00, 0x00, 0x00,
    0x00, 0x00, 0x00, 0x00, 0x00, 0x00, 0x00, 0x00, 0x00, 0x00, 0x00, 0x00, 0x00, 0x00, 0x00, 0x00, 0x00, 0x00, 0x00, 0x00, 0x00, 0x00, 0x00, 0x00,
    0x00, 0x00, 0x00, 0x00, 0x00, 0x00, 0x00, 0x00, 0x00, 0x00, 0x00, 0x00, 0x00, 0x00, 0x00, 0x00, 0x00, 0x00, 0x00, 0x00, 0x00, 0x00, 0x00, 0x00,
    0x00, 0x00, 0x00, 0x00, 0x00, 0x00, 0x00, 0x00, 0x00, 0x00, 0x00, 0x00, 0x00, 0x00, 0x00, 0x00, 0x00, 0x00, 0x00, 0x00, 0x00, 0x00, 0x00, 0x00,
    0x00, 0x00, 0x00, 0x00, 0x00, 0x00, 0x00, 0x00, 0x00, 0x00, 0x00, 0x00, 0x00, 0x00, 0x00, 0x00, 0x00, 0x00, 0x00, 0x00, 0x00, 0x00, 0x00, 0x00,
    0x00, 0x00, 0x00, 0x00, 0x00, 0x00, 0x00, 0x00, 0x00, 0x00, 0x00, 0x00, 0x00, 0x00, 0x00, 0x00, 0x00, 0x00, 0x00, 0x00, 0x00, 0x00, 0x00, 0x00,
    0x00, 0x00, 0x00, 0x00, 0x00, 0x00, 0x00, 0x00, 0x00, 0x00, 0x00, 0x00, 0x00, 0x00, 0x00, 0x00, 0x00, 0x00, 0x00, 0x00, 0x00, 0x00, 0x00, 0x00,
    0x00, 0x00, 0x00, 0x00, 0x00, 0x00, 0x00, 0x00, 0x00, 0x00, 0x00, 0x00, 0x00, 0x00, 0x00, 0x00, 0x00, 0x00, 0x00, 0x00, 0x00, 0x00, 0x00, 0x00,
    0x00, 0x00, 0x00, 0x00, 0x00, 0x00, 0x00, 0x00, 0x00, 0x00, 0x00, 0x00, 0x00, 0x00, 0x00, 0x00, 0x00, 0x00, 0x00, 0x00, 0x00, 0x00, 0x00, 0x00,
    0x00, 0x00, 0x00, 0x00, 0x00, 0x00, 0x00, 0x00, 0x00, 0x8d, 0x6b, 0x01, 0x00, 0x00, 0x00, 0x00, 0x00, 0x00, 0x00, 0x00, 0x00, 0x00, 0x00, 0x00,
    0x00, 0x00, 0x00, 0x00, 0x00, 0x00, 0x00, 0x00, 0x00, 0x00, 0x00, 0x00, 0x00, 0x00, 0x00, 0x00, 0x00, 0x00, 0x00, 0x00, 0x00, 0x00, 0x00, 0x00,
    0x00, 0x00, 0x00, 0x00, 0x00, 0x00, 0x00, 0x00, 0x00, 0x00, 0x00, 0x00, 0x00, 0x00, 0x00, 0x00, 0x00, 0x00, 0x00, 0x00, 0x00, 0x00, 0x00, 0x00,
    0x00, 0x00, 0x00, 0x00, 0x00, 0x00, 0x00, 0x00, 0x00, 0x00, 0x00, 0x00, 0x00, 0x00, 0x00, 0x8d, 0x6b, 0x09, 0x00, 0x00, 0x00, 0x00, 0x00, 0x00,
    0x00, 0x00, 0x00, 0x00, 0x00, 0x00, 0x00, 0x00, 0x00, 0x00, 0x00, 0x00, 0x00, 0x00, 0x00, 0x8d, 0x6b, 0x01, 0x00, 0x00, 0x00, 0x00, 0x00, 0x00,
    0x00, 0x00, 0x00, 0x00, 0x00, 0x00, 0x00, 0x00, 0x00, 0x00, 0x00, 0x00, 0x00, 0x00, 0x00, 0x00, 0x00, 0x00, 0x00, 0x00, 0x00, 0x00, 0x00, 0x00,
    0x00, 0x00, 0x00, 0x00, 0x00, 0x00, 0x00, 0x00, 0x00, 0x00, 0x00, 0x00, 0x00, 0x00, 0x00, 0x00, 0x00, 0x00, 0x00, 0x00, 0x00, 0x00, 0x00, 0x00,
    0x00, 0x00, 0x00, 0x00, 0x00, 0x00, 0x00, 0x00, 0x00, 0x8d, 0x6b, 0x02, 0x00, 0x00, 0x00, 0x00, 0x00, 0x00, 0x00, 0x00, 0x00, 0x8d, 0x6b, 0x08,
    0x00, 0x00, 0x00, 0x00, 0x00, 0x00, 0x00, 0x00, 0x00, 0x00, 0x00, 0x00, 0x00, 0x00, 0x00, 0x00, 0x00, 0x00, 0x00, 0x00, 0x00, 0x00, 0x00, 0x00,
    0x00, 0x00, 0x00, 0x00, 0x00, 0x00, 0x00, 0x00, 0x00, 0x00, 0x00, 0x00, 0x00, 0x00, 0x00, 0x00, 0x00, 0x00, 0x00, 0x00, 0x00, 0x00, 0x00, 0x00,
    0x00, 0x00, 0x00, 0x00, 0x00, 0x00, 0x00, 0x00, 0x00, 0x00, 0x00, 0x00, 0x00, 0x00, 0x00, 0x00, 0x00, 0x00, 0x00, 0x00, 0x00, 0x00, 0x00, 0x00,
    0x00, 0x00, 0x00, 0x00, 0x00, 0x00, 0x00, 0x00, 0x00, 0x00, 0x00, 0x00, 0x00, 0x00, 0x00, 0x00, 0x00, 0x00, 0x00, 0x00, 0x00, 0x8d, 0x6b, 0x6e,
    0x8d, 0x6b, 0x5d, 0x00, 0x00, 0x00, 0x00, 0x00, 0x00, 0x00, 0x00, 0x00, 0x00, 0x00, 0x00, 0x00, 0x00, 0x00, 0x00, 0x00, 0x00, 0x00, 0x00, 0x00,
    0x00, 0x00, 0x00, 0x00, 0x00, 0x00, 0x8d, 0x6b, 0x0a, 0x8d, 0x6b, 0xc8, 0x8d, 0x6b, 0x16, 0x8d, 0x6b, 0x0c, 0x00, 0x00, 0x00, 0x8d, 0x6b, 0xd0,
    0x00, 0x00, 0x00, 0x00, 0x00, 0x00, 0x8d, 0x6b, 0x03, 0x00, 0x00, 0x00, 0x00, 0x00, 0x00, 0x00, 0x00, 0x00, 0x00, 0x00, 0x00, 0x00, 0x00, 0x00,
    0x00, 0x00, 0x00, 0x8d, 0x6b, 0x9b, 0x8d, 0x6b, 0x51, 0x00, 0x00, 0x00, 0x00, 0x00, 0x00, 0x00, 0x00, 0x00, 0x00, 0x00, 0x00, 0x00, 0x00, 0x00,
    0x00, 0x00, 0x00, 0x8d, 0x6b, 0x75, 0x8d, 0x6b, 0x6e, 0x00, 0x00, 0x00, 0x00, 0x00, 0x00, 0x00, 0x00, 0x00, 0x00, 0x00, 0x00, 0x00, 0x00, 0x00,
    0x00, 0x00, 0x00, 0x00, 0x00, 0x00, 0x00, 0x00, 0x00, 0x8d, 0x6b, 0x67, 0x8d, 0x6b, 0x0b, 0x00, 0x00, 0x00, 0x8d, 0x6b, 0x2b, 0x8d, 0x6b, 0x52,
    0x00, 0x00, 0x00, 0x00, 0x00, 0x00, 0x00, 0x00, 0x00, 0x8d, 0x6b, 0x73, 0x8d, 0x6b, 0x1a, 0x00, 0x00, 0x00, 0x8d, 0x6b, 0x03, 0x8d, 0x6b, 0xc2,
    0x00, 0x00, 0x00, 0x00, 0x00, 0x00, 0x8d, 0x6b, 0x03, 0x8d, 0x6b, 0xd3, 0x00, 0x00, 0x00, 0x00, 0x00, 0x00, 0x00, 0x00, 0x00, 0x00, 0x00, 0x00,
    0x00, 0x00, 0x00, 0x00, 0x00, 0x00, 0x8d, 0x6b, 0xab, 0x8d, 0x6b, 0x18, 0x00, 0x00, 0x00, 0x8d, 0x6b, 0x03, 0x8d, 0x6b, 0xca, 0x8d, 0x6b, 0x15,
    0x00, 0x00, 0x00, 0x00, 0x00, 0x00, 0x00, 0x00, 0x00, 0x00, 0x00, 0x00, 0x8d, 0x6b, 0x2b, 0x8d, 0x6b, 0x75, 0x00, 0x00, 0x00, 0x00, 0x00, 0x00,
    0x00, 0x00, 0x00, 0x8d, 0x6b, 0x19, 0x8d, 0x6b, 0xa2, 0x00, 0x00, 0x00, 0x00, 0x00, 0x00, 0x00, 0x00, 0x00, 0x00, 0x00, 0x00, 0x00, 0x00, 0x00,
    0x00, 0x00, 0x00, 0x00, 0x00, 0x00, 0x8d, 0x6b, 0x09, 0x8d, 0x6b, 0xcc, 0x8d, 0x6b, 0xba, 0x8d, 0x6b, 0xdf, 0x8d, 0x6b, 0xab, 0x8d, 0x6b, 0x2c,
    0x8d, 0x6b, 0xf0, 0x8d, 0x6b, 0xbf, 0x8d, 0x6b, 0xbf, 0x8d, 0x6b, 0xd4, 0x00, 0x00, 0x00, 0x00, 0x00, 0x00, 0x8d, 0x6b, 0x78, 0x8d, 0x6b, 0x69,
    0x8d, 0x6b, 0x4c, 0x8d, 0x6b, 0x92, 0x00, 0x00, 0x00, 0x8d, 0x6b, 0xd3, 0x8d, 0x6b, 0x33, 0x8d, 0x6b, 0x9a, 0x8d, 0x6b, 0x87, 0x00, 0x00, 0x00,
    0x00, 0x00, 0x00, 0x8d, 0x6b, 0xb3, 0x8d, 0x6b, 0xc4, 0x8d, 0x6b, 0xbf, 0x8d, 0x6b, 0xbf, 0x8d, 0x6b, 0xd1, 0x8d, 0x6b, 0xe2, 0x8d, 0x6b, 0xbf,
    0x8d, 0x6b, 0xbf, 0x8d, 0x6b, 0xbf, 0x8d, 0x6b, 0x53, 0x00, 0x00, 0x00, 0x8d, 0x6b, 0x3a, 0x8d, 0x6b, 0xd6, 0x8d, 0x6b, 0xb3, 0x8d, 0x6b, 0xb3,
    0x8d, 0x6b, 0xb3, 0x8d, 0x6b, 0xb3, 0x8d, 0x6b, 0xb3, 0x8d, 0x6b, 0xb3, 0x8d, 0x6b, 0xa5, 0x00, 0x00, 0x00, 0x00, 0x00, 0x00, 0x8d, 0x6b, 0x65,
    0x8d, 0x6b, 0xbf, 0x8d, 0x6b, 0x07, 0x8d, 0x6b, 0x47, 0x8d, 0x6b, 0x87, 0x00, 0x00, 0x00, 0x8d, 0x6b, 0xc0, 0x00, 0x00, 0x00, 0x8d, 0x6b, 0xab,
    0x8d, 0x6b, 0x27, 0x00, 0x00, 0x00, 0x8d, 0x6b, 0x44, 0x8d, 0x6b, 0x81, 0x8d, 0x6b, 0x0c, 0x8d, 0x6b, 0xc3, 0x8d, 0x6b, 0xc9, 0x8d, 0x6b, 0xef,
    0x8d, 0x6b, 0xc3, 0x8d, 0x6b, 0xc3, 0x8d, 0x6b, 0xc3, 0x8d, 0x6b, 0x30, 0x00, 0x00, 0x00, 0x8d, 0x6b, 0x21, 0x8d, 0x6b, 0xb2, 0x00, 0x00, 0x00,
    0x00, 0x00, 0x00, 0x8d, 0x6b, 0x64, 0x8d, 0x6b, 0xf3, 0x8d, 0x6b, 0xbb, 0x8d, 0x6b, 0xbb, 0x8d, 0x6b, 0x89, 0x00, 0x00, 0x00, 0x00, 0x00, 0x00,
    0x8d, 0x6b, 0x02, 0x8d, 0x6b, 0xc7, 0x8d, 0x6b, 0x04, 0x8d, 0x6b, 0x63, 0x8d, 0x6b, 0x5f, 0x8d, 0x6b, 0x1b, 0x8d, 0x6b, 0xaf, 0x00, 0x00, 0x00,
    0x8d, 0x6b, 0xa7, 0x8d, 0x6b, 0x23, 0x00, 0x00, 0x00, 0x00, 0x00, 0x00, 0x00, 0x00, 0x00, 0x00, 0x00, 0x00, 0x8d, 0x6b, 0x2e, 0x8d, 0x6b, 0x5d,
    0x8d, 0x6b, 0x2c, 0x8d, 0x6b, 0x9a, 0x00, 0x00, 0x00, 0x8d, 0x6b, 0x03, 0x8d, 0x6b, 0xc3, 0x00, 0x00, 0x00, 0x00, 0x00, 0x00, 0x8d, 0x6b, 0xcb,
    0x00, 0x00, 0x00, 0x8d, 0x6b, 0x2f, 0x8d, 0x6b, 0xee, 0x8d, 0x6b, 0x84, 0x8d, 0x6b, 0x90, 0x8d, 0x6b, 0xf1, 0x8d, 0x6b, 0x22, 0x8d, 0x6b, 0xe7,
    0x8d, 0x6b, 0x68, 0x8d, 0x6b, 0x11, 0x8d, 0x6b, 0x01, 0x00, 0x00, 0x00, 0x00, 0x00, 0x00, 0x8d, 0x6b, 0xb3, 0x8d, 0x6b, 0x13, 0x00, 0x00, 0x00,
    0x00, 0x00, 0x00, 0x8d, 0x6b, 0x47, 0x8d, 0x6b, 0x8b, 0x00, 0x00, 0x00, 0x00, 0x00, 0x00, 0x00, 0x00, 0x00, 0x00, 0x00, 0x00, 0x8d, 0x6b, 0x39,
    0x8d, 0x6b, 0xd1, 0x8d, 0x6b, 0x7e, 0x8d, 0x6b, 0x97, 0x8d, 0x6b, 0x97, 0x8d, 0x6b, 0x97, 0x8d, 0x6b, 0x97, 0x8d, 0x6b, 0x97, 0x8d, 0x6b, 0x97,
    0x8d, 0x6b, 0x15, 0x00, 0x00, 0x00, 0x00, 0x00, 0x00, 0x00, 0x00, 0x00, 0x8d, 0x6b, 0x7d, 0x8d, 0x6b, 0x42, 0x8d, 0x6b, 0x47, 0x8d, 0x6b, 0x87,
    0x00, 0x00, 0x00, 0x8d, 0x6b, 0xc3, 0x00, 0x00, 0x00, 0x8d, 0x6b, 0xab, 0x8d, 0x6b, 0x27, 0x00, 0x00, 0x00, 0x8d, 0x6b, 0xa1, 0x8d, 0x6b, 0x19,
    0x8d, 0x6b, 0x51, 0x00, 0x00, 0x00, 0x8d, 0x6b, 0x76, 0x8d, 0x6b, 0x53, 0x00, 0x00, 0x00, 0x00, 0x00, 0x00, 0x00, 0x00, 0x00, 0x00, 0x00, 0x00,
    0x00, 0x00, 0x00, 0x8d, 0x6b, 0x92, 0x8d, 0x6b, 0x35, 0x8d, 0x6b, 0x31, 0x8d, 0x6b, 0x3f, 0x8d, 0x6b, 0xe7, 0x8d, 0x6b, 0x8f, 0x00, 0x00, 0x00,
    0x8d, 0x6b, 0x92, 0x8d, 0x6b, 0x64, 0x00, 0x00, 0x00, 0x8d, 0x6b, 0x58, 0x8d, 0x6b, 0xc3, 0x8d, 0x6b, 0xca, 0x8d, 0x6b, 0xc3, 0x8d, 0x6b, 0x94,
    0x8d, 0x6b, 0x5f, 0x8d, 0x6b, 0x1b, 0x8d, 0x6b, 0xaf, 0x00, 0x00, 0x00, 0x8d, 0x6b, 0xa7, 0x8d, 0x6b, 0x23, 0x00, 0x00, 0x00, 0x00, 0x00, 0x00,
    0x00, 0x00, 0x00, 0x00, 0x00, 0x00, 0x8d, 0x6b, 0x4f, 0x8d, 0x6b, 0xaf, 0x8d, 0x6b, 0xd2, 0x8d, 0x6b, 0xd4, 0x8d, 0x6b, 0xaf, 0x8d, 0x6b, 0x61,
    0x8d, 0x6b, 0xc3, 0x00, 0x00, 0x00, 0x00, 0x00, 0x00, 0x8d, 0x6b, 0xcb, 0x00, 0x00, 0x00, 0x8d, 0x6b, 0x13, 0x8d, 0x6b, 0x5d, 0x8d, 0x6b, 0x41,
    0x8d, 0x6b, 0x2c, 0x8d, 0x6b, 0x4e, 0x8d, 0x6b, 0x39, 0x8d, 0x6b, 0xd5, 0x00, 0x00, 0x00, 0x00, 0x00, 0x00, 0x8d, 0x6b, 0x4b, 0x8d, 0x6b, 0x61,
    0x00, 0x00, 0x00, 0x8d, 0x6b, 0xb3, 0x8d, 0x6b, 0x25, 0x8d, 0x6b, 0x9b, 0x8d, 0x6b, 0x9b, 0x8d, 0x6b, 0xb8, 0x8d, 0x6b, 0xd2, 0x8d, 0x6b, 0x9b,
    0x8d, 0x6b, 0xbb, 0x8d, 0x6b, 0x77, 0x00, 0x00, 0x00, 0x8d, 0x6b, 0x0c, 0x8d, 0x6b, 0x1d, 0x8d, 0x6b, 0xab, 0x8d, 0x6b, 0x27, 0x00, 0x00, 0x00,
    0x00, 0x00, 0x00, 0x00, 0x00, 0x00, 0x00, 0x00, 0x00, 0x8d, 0x6b, 0xb7, 0x8d, 0x6b, 0x23, 0x00, 0x00, 0x00, 0x00, 0x00, 0x00, 0x00, 0x00, 0x00,
    0x00, 0x00, 0x00, 0x00, 0x00, 0x00, 0x8d, 0x6b, 0x47, 0x8d, 0x6b, 0x87, 0x00, 0x00, 0x00, 0x8d, 0x6b, 0xc3, 0x00, 0x00, 0x00, 0x8d, 0x6b, 0xab,
    0x8d, 0x6b, 0x27, 0x8d, 0x6b, 0x30, 0x8d, 0x6b, 0xb7, 0x8d, 0x6b, 0x66, 0x8d, 0x6b, 0x9e, 0x8d, 0x6b, 0xa7, 0x8d, 0x6b, 0xe7, 0x8d, 0x6b, 0xca,
    0x8d, 0x6b, 0x8c, 0x00, 0x00, 0x00, 0x00, 0x00, 0x00, 0x00, 0x00, 0x00, 0x8d, 0x6b, 0x2a, 0x8d, 0x6b, 0xb4, 0x8d, 0x6b, 0x20, 0x8d, 0x6b, 0xcb,
    0x8d, 0x6b, 0xac, 0x8d, 0x6b, 0x28, 0x8d, 0x6b, 0xac, 0x8d, 0x6b, 0x86, 0x8d, 0x6b, 0xbf, 0x8d, 0x6b, 0x03, 0x00, 0x00, 0x00, 0x8d, 0x6b, 0x07,
    0x8d, 0x6b, 0x35, 0x00, 0x00, 0x00, 0x8d, 0x6b, 0x24, 0x8d, 0x6b, 0x49, 0x8d, 0x6b, 0xbb, 0x8d, 0x6b, 0xbb, 0x8d, 0x6b, 0xbb, 0x8d, 0x6b, 0xbb,
    0x8d, 0x6b, 0xbb, 0x8d, 0x6b, 0x1a, 0x00, 0x00, 0x00, 0x00, 0x00, 0x00, 0x00, 0x00, 0x00, 0x00, 0x00, 0x00, 0x00, 0x00, 0x00, 0x8d, 0x6b, 0x07,
    0x8d, 0x6b, 0xc6, 0x8d, 0x6b, 0xb4, 0x8d, 0x6b, 0x6b, 0x8d, 0x6b, 0x05, 0x8d, 0x6b, 0xf0, 0x8d, 0x6b, 0xbb, 0x8d, 0x6b, 0xbb, 0x8d, 0x6b, 0xd4,
    0x00, 0x00, 0x00, 0x00, 0x00, 0x00, 0x8d, 0x6b, 0xa3, 0x8d, 0x6b, 0xb3, 0x8d, 0x6b, 0xb3, 0x8d, 0x6b, 0xb3, 0x8d, 0x6b, 0x02, 0x8d, 0x6b, 0xb8,
    0x8d, 0x6b, 0xbf, 0x8d, 0x6b, 0xbb, 0x8d, 0x6b, 0xc8, 0x8d, 0x6b, 0x33, 0x00, 0x00, 0x00, 0x8d, 0x6b, 0xb4, 0x8d, 0x6b, 0x79, 0x8d, 0x6b, 0x9f,
    0x8d, 0x6b, 0x9f, 0x8d, 0x6b, 0xba, 0x8d, 0x6b, 0xd4, 0x8d, 0x6b, 0x9f, 0x8d, 0x6b, 0xbd, 0x8d, 0x6b, 0xd9, 0x8d, 0x6b, 0x64, 0x00, 0x00, 0x00,
    0x00, 0x00, 0x00, 0x8d, 0x6b, 0xab, 0x8d, 0x6b, 0xa1, 0x8d, 0x6b, 0x8f, 0x8d, 0x6b, 0x8f, 0x8d, 0x6b, 0x8f, 0x8d, 0x6b, 0x8f, 0x8d, 0x6b, 0xe0,
    0x8d, 0x6b, 0x23, 0x00, 0x00, 0x00, 0x8d, 0x6b, 0x74, 0x8d, 0x6b, 0xcf, 0x8d, 0x6b, 0xc7, 0x00, 0x00, 0x00, 0x8d, 0x6b, 0x48, 0x8d, 0x6b, 0x87,
    0x00, 0x00, 0x00, 0x8d, 0x6b, 0xc3, 0x00, 0x00, 0x00, 0x8d, 0x6b, 0xab, 0x8d, 0x6b, 0x27, 0x8d, 0x6b, 0x71, 0x8d, 0x6b, 0xcf, 0x8d, 0x6b, 0xf3,
    0x8d, 0x6b, 0x2b, 0x8d, 0x6b, 0x12, 0x8d, 0x6b, 0xb4, 0x8d, 0x6b, 0x0f, 0x8d, 0x6b, 0xbb, 0x00, 0x00, 0x00, 0x00, 0x00, 0x00, 0x00, 0x00, 0x00,
    0x8d, 0x6b, 0x7e, 0x8d, 0x6b, 0xc2, 0x8d, 0x6b, 0xe8, 0x8d, 0x6b, 0x4e, 0x00, 0x00, 0x00, 0x00, 0x00, 0x00, 0x8d, 0x6b, 0x60, 0x8d, 0x6b, 0xff,
    0x8d, 0x6b, 0x60, 0x00, 0x00, 0x00, 0x00, 0x00, 0x00, 0x8d, 0x6b, 0x04, 0x8d, 0x6b, 0xa5, 0x00, 0x00, 0x00, 0x8d, 0x6b, 0xb4, 0x8d, 0x6b, 0xa4,
    0x8d, 0x6b, 0xbb, 0x8d, 0x6b, 0xbb, 0x8d, 0x6b, 0xbb, 0x8d, 0x6b, 0xbb, 0x8d, 0x6b, 0xbb, 0x8d, 0x6b, 0x60, 0x00, 0x00, 0x00, 0x00, 0x00, 0x00,
    0x00, 0x00, 0x00, 0x00, 0x00, 0x00, 0x8d, 0x6b, 0x2d, 0x8d, 0x6b, 0xbd, 0x8d, 0x6b, 0x51, 0x8d, 0x6b, 0x02, 0x8d, 0x6b, 0x81, 0x8d, 0x6b, 0x28,
    0x00, 0x00, 0x00, 0x00, 0x00, 0x00, 0x00, 0x00, 0x00, 0x00, 0x00, 0x00, 0x00, 0x00, 0x00, 0x00, 0x00, 0x00, 0x8d, 0x6b, 0xc3, 0x00, 0x00, 0x00,
    0x00, 0x00, 0x00, 0x8d, 0x6b, 0xcb, 0x8d, 0x6b, 0x03, 0x8d, 0x6b, 0x84, 0x00, 0x00, 0x00, 0x00, 0x00, 0x00, 0x00, 0x00, 0x00, 0x00, 0x00, 0x00,
    0x00, 0x00, 0x00, 0x8d, 0x6b, 0xbf, 0x8d, 0x6b, 0x06, 0x00, 0x00, 0x00, 0x00, 0x00, 0x00, 0x8d, 0x6b, 0x47, 0x8d, 0x6b, 0x8b, 0x00, 0x00, 0x00,
    0x8d, 0x6b, 0x4f, 0x8d, 0x6b, 0x77, 0x00, 0x00, 0x00, 0x00, 0x00, 0x00, 0x00, 0x00, 0x00, 0x8d, 0x6b, 0xab, 0x8d, 0x6b, 0xa8, 0x8d, 0x6b, 0x97,
    0x8d, 0x6b, 0x97, 0x8d, 0x6b, 0x97, 0x8d, 0x6b, 0x97, 0x8d, 0x6b, 0xe2, 0x8d, 0x6b, 0x23, 0x00, 0x00, 0x00, 0x00, 0x00, 0x00, 0x00, 0x00, 0x00,
    0x8d, 0x6b, 0xc7, 0x00, 0x00, 0x00, 0x8d, 0x6b, 0x54, 0x8d, 0x6b, 0x7b, 0x00, 0x00, 0x00, 0x8d, 0x6b, 0xc3, 0x00, 0x00, 0x00, 0x8d, 0x6b, 0xab,
    0x8d, 0x6b, 0x27, 0x8d, 0x6b, 0x01, 0x8d, 0x6b, 0x2a, 0x8d, 0x6b, 0xa5, 0x00, 0x00, 0x00, 0x8d, 0x6b, 0x62, 0x8d, 0x6b, 0x6f, 0x8d, 0x6b, 0x0f,
    0x8d, 0x6b, 0xbb, 0x00, 0x00, 0x00, 0x00, 0x00, 0x00, 0x00, 0x00, 0x00, 0x00, 0x00, 0x00, 0x8d, 0x6b, 0x32, 0x8d, 0x6b, 0x9c, 0x00, 0x00, 0x00,
    0x8d, 0x6b, 0x1d, 0x8d, 0x6b, 0x9a, 0x8d, 0x6b, 0xbc, 0x8d, 0x6b, 0x2c, 0x8d, 0x6b, 0xc5, 0x8d, 0x6b, 0x90, 0x8d, 0x6b, 0x15, 0x00, 0x00, 0x00,
    0x8d, 0x6b, 0xab, 0x8d, 0x6b, 0x07, 0x8d, 0x6b, 0xa5, 0x00, 0x00, 0x00, 0x00, 0x00, 0x00, 0x8d, 0x6b, 0x44, 0x8d, 0x6b, 0x9c, 0x00, 0x00, 0x00,
    0x00, 0x00, 0x00, 0x00, 0x00, 0x00, 0x00, 0x00, 0x00, 0x00, 0x00, 0x00, 0x00, 0x00, 0x00, 0x00, 0x00, 0x00, 0x8d, 0x6b, 0x15, 0x8d, 0x6b, 0x1d,
    0x8d, 0x6b, 0xd8, 0x8d, 0x6b, 0xaf, 0x8d, 0x6b, 0xaf, 0x8d, 0x6b, 0xaf, 0x8d, 0x6b, 0xaf, 0x8d, 0x6b, 0xaf, 0x8d, 0x6b, 0xe5, 0x00, 0x00, 0x00,
    0x00, 0x00, 0x00, 0x00, 0x00, 0x00, 0x8d, 0x6b, 0xdb, 0x8d, 0x6b, 0xa7, 0x8d, 0x6b, 0xa7, 0x8d, 0x6b, 0xee, 0x8d, 0x6b, 0x03, 0x8d, 0x6b, 0xd3,
    0x00, 0x00, 0x00, 0x8d, 0x6b, 0x4c, 0x8d, 0x6b, 0xa9, 0x8d, 0x6b, 0x02, 0x00, 0x00, 0x00, 0x8d, 0x6b, 0xc4, 0x8d, 0x6b, 0x24, 0x8d, 0x6b, 0xae,
    0x8d, 0x6b, 0x9b, 0x8d, 0x6b, 0xb8, 0x8d, 0x6b, 0xd5, 0x8d, 0x6b, 0x9b, 0x8d, 0x6b, 0x9b, 0x8d, 0x6b, 0x56, 0x00, 0x00, 0x00, 0x00, 0x00, 0x00,
    0x00, 0x00, 0x00, 0x8d, 0x6b, 0x07, 0x8d, 0x6b, 0xcb, 0x8d, 0x6b, 0x34, 0x00, 0x00, 0x00, 0x00, 0x00, 0x00, 0x00, 0x00, 0x00, 0x8d, 0x6b, 0x01,
    0x00, 0x00, 0x00, 0x00, 0x00, 0x00, 0x00, 0x00, 0x00, 0x00, 0x00, 0x00, 0x8d, 0x6b, 0xc7, 0x00, 0x00, 0x00, 0x8d, 0x6b, 0x64, 0x8d, 0x6b, 0x6c,
    0x00, 0x00, 0x00, 0x8d, 0x6b, 0xc3, 0x00, 0x00, 0x00, 0x8d, 0x6b, 0xab, 0x8d, 0x6b, 0x27, 0x8d, 0x6b, 0x01, 0x8d, 0x6b, 0xb1, 0x8d, 0x6b, 0x51,
    0x8d, 0x6b, 0x4f, 0x8d, 0x6b, 0x8d, 0x8d, 0x6b, 0xc2, 0x8d, 0x6b, 0xc3, 0x8d, 0x6b, 0xee, 0x8d, 0x6b, 0xbf, 0x8d, 0x6b, 0xbf, 0x8d, 0x6b, 0x05,
    0x8d, 0x6b, 0x1a, 0x8d, 0x6b, 0xd8, 0x8d, 0x6b, 0x73, 0x8d, 0x6b, 0x8a, 0x8d, 0x6b, 0x8b, 0x8d, 0x6b, 0x63, 0x8d, 0x6b, 0x64, 0x8d, 0x6b, 0x4d,
    0x8d, 0x6b, 0x06, 0x8d, 0x6b, 0x73, 0x8d, 0x6b, 0x64, 0x00, 0x00, 0x00, 0x8d, 0x6b, 0xaa, 0x8d, 0x6b, 0x28, 0x8d, 0x6b, 0x7e, 0x8d, 0x6b, 0x5f,
    0x8d, 0x6b, 0xb3, 0x8d, 0x6b, 0xd0, 0x8d, 0x6b, 0xd6, 0x8d, 0x6b, 0xb3, 0x8d, 0x6b, 0xb3, 0x8d, 0x6b, 0x2f, 0x00, 0x00, 0x00, 0x00, 0x00, 0x00,
    0x00, 0x00, 0x00, 0x00, 0x00, 0x00, 0x00, 0x00, 0x00, 0x00, 0x00, 0x00, 0x8d, 0x6b, 0xcf, 0x00, 0x00, 0x00, 0x00, 0x00, 0x00, 0x00, 0x00, 0x00,
    0x00, 0x00, 0x00, 0x00, 0x00, 0x00, 0x8d, 0x6b, 0xd7, 0x00, 0x00, 0x00, 0x00, 0x00, 0x00, 0x00, 0x00, 0x00, 0x8d, 0x6b, 0xc3, 0x00, 0x00, 0x00,
    0x00, 0x00, 0x00, 0x8d, 0x6b, 0xcb, 0x8d, 0x6b, 0x03, 0x8d, 0x6b, 0xe6, 0x8d, 0x6b, 0xd2, 0x8d, 0x6b, 0xcc, 0x8d, 0x6b, 0x52, 0x8d, 0x6b, 0x01,
    0x00, 0x00, 0x00, 0x8d, 0x6b, 0xc5, 0x8d, 0x6b, 0x19, 0x8d, 0x6b, 0xbc, 0x8d, 0x6b, 0x3d, 0x8d, 0x6b, 0x47, 0x8d, 0x6b, 0xee, 0x8d, 0x6b, 0x25,
    0x8d, 0x6b, 0x93, 0x8d, 0x6b, 0x87, 0x00, 0x00, 0x00, 0x00, 0x00, 0x00, 0x8d, 0x6b, 0x07, 0x8d, 0x6b, 0xa6, 0x8d, 0x6b, 0xe9, 0x8d, 0x6b, 0xa4,
    0x8d, 0x6b, 0xa3, 0x8d, 0x6b, 0xa3, 0x8d, 0x6b, 0xd8, 0x8d, 0x6b, 0xb6, 0x00, 0x00, 0x00, 0x00, 0x00, 0x00, 0x00, 0x00, 0x00, 0x00, 0x00, 0x00,
    0x8d, 0x6b, 0xc7, 0x00, 0x00, 0x00, 0x8d, 0x6b, 0x75, 0x8d, 0x6b, 0x5e, 0x00, 0x00, 0x00, 0x8d, 0x6b, 0xc3, 0x00, 0x00, 0x00, 0x8d, 0x6b, 0xab,
    0x8d, 0x6b, 0x27, 0x8d, 0x6b, 0x56, 0x8d, 0x6b, 0xd2, 0x8d, 0x6b, 0x93, 0x8d, 0x6b, 0x4d, 0x8d, 0x6b, 0x03, 0x8d, 0x6b, 0x5d, 0x8d, 0x6b, 0x0f,
    0x8d, 0x6b, 0xbb, 0x8d, 0x6b, 0x25, 0x8d, 0x6b, 0x2c, 0x00, 0x00, 0x00, 0x8d, 0x6b, 0x5b, 0x8d, 0x6b, 0x9d, 0x8d, 0x6b, 0x6b, 0x8d, 0x6b, 0x3e,
    0x8d, 0x6b, 0x05, 0x00, 0x00, 0x00, 0x8d, 0x6b, 0x16, 0x8d, 0x6b, 0x94, 0x8d, 0x6b, 0xa6, 0x00, 0x00, 0x00, 0x00, 0x00, 0x00, 0x00, 0x00, 0x00,
    0x8d, 0x6b, 0xa6, 0x8d, 0x6b, 0x54, 0x8d, 0x6b, 0x50, 0x8d, 0x6b, 0x87, 0x8d, 0x6b, 0x37, 0x8d, 0x6b, 0xa7, 0x8d, 0x6b, 0x23, 0x8d, 0x6b, 0x83,
    0x8d, 0x6b, 0x73, 0x8d, 0x6b, 0x43, 0x00, 0x00, 0x00, 0x00, 0x00, 0x00, 0x00, 0x00, 0x00, 0x00, 0x00, 0x00, 0x00, 0x00, 0x00, 0x00, 0x00, 0x00,
    0x8d, 0x6b, 0xd7, 0x8d, 0x6b, 0xa7, 0x8d, 0x6b, 0xa7, 0x8d, 0x6b, 0xa7, 0x8d, 0x6b, 0xa7, 0x8d, 0x6b, 0xa7, 0x8d, 0x6b, 0xe5, 0x00, 0x00, 0x00,
    0x00, 0x00, 0x00, 0x00, 0x00, 0x00, 0x8d, 0x6b, 0xdb, 0x8d, 0x6b, 0xa7, 0x8d, 0x6b, 0xa7, 0x8d, 0x6b, 0xee, 0x8d, 0x6b, 0x03, 0x8d, 0x6b, 0xdf,
    0x8d, 0x6b, 0x2b, 0x00, 0x00, 0x00, 0x8d, 0x6b, 0x0d, 0x8d, 0x6b, 0x12, 0x8d, 0x6b, 0x09, 0x8d, 0x6b, 0xc0, 0x00, 0x00, 0x00, 0x8d, 0x6b, 0x1d,
    0x8d, 0x6b, 0xb0, 0x8d, 0x6b, 0xcd, 0x8d, 0x6b, 0xa9, 0x8d, 0x6b, 0xd5, 0x8d, 0x6b, 0x7f, 0x00, 0x00, 0x00, 0x00, 0x00, 0x00, 0x00, 0x00, 0x00,
    0x8d, 0x6b, 0xae, 0x8d, 0x6b, 0x6f, 0x8d, 0x6b, 0x84, 0x8d, 0x6b, 0xa2, 0x8d, 0x6b, 0x13, 0x8d, 0x6b, 0x88, 0x8d, 0x6b, 0xcd, 0x8d, 0x6b, 0x16,
    0x00, 0x00, 0x00, 0x00, 0x00, 0x00, 0x00, 0x00, 0x00, 0x00, 0x00, 0x00, 0x8d, 0x6b, 0xd5, 0x8d, 0x6b, 0xb3, 0x8d, 0x6b, 0xb0, 0x8d, 0x6b, 0x39,
    0x00, 0x00, 0x00, 0x8d, 0x6b, 0xc3, 0x00, 0x00, 0x00, 0x8d, 0x6b, 0xab, 0x8d, 0x6b, 0x27, 0x8d, 0x6b, 0x01, 0x00, 0x00, 0x00, 0x8d, 0x6b, 0x39,
    0x8d, 0x6b, 0x70, 0x8d, 0x6b, 0x5f, 0x8d, 0x6b, 0x7c, 0x8d, 0x6b, 0x0f, 0x8d, 0x6b, 0xbb, 0x8d, 0x6b, 0x1b, 0x8d, 0x6b, 0xbd, 0x00, 0x00, 0x00,
    0x00, 0x00, 0x00, 0x00, 0x00, 0x00, 0x8d, 0x6b, 0x05, 0x8d, 0x6b, 0x33, 0x8d, 0x6b, 0x1c, 0x8d, 0x6b, 0x56, 0x8d, 0x6b, 0x29, 0x00, 0x00, 0x00,
    0x8d, 0x6b, 0x11, 0x00, 0x00, 0x00, 0x00, 0x00, 0x00, 0x8d, 0x6b, 0x0a, 0x8d, 0x6b, 0x46, 0x8d, 0x6b, 0xb2, 0x8d, 0x6b, 0xd3, 0x8d, 0x6b, 0xc5,
    0x8d, 0x6b, 0x37, 0x8d, 0x6b, 0xa7, 0x8d, 0x6b, 0x23, 0x8d, 0x6b, 0x83, 0x8d, 0x6b, 0x73, 0x8d, 0x6b, 0x43, 0x00, 0x00, 0x00, 0x00, 0x00, 0x00,
    0x00, 0x00, 0x00, 0x00, 0x00, 0x00, 0x00, 0x00, 0x00, 0x00, 0x00, 0x00, 0x8d, 0x6b, 0xcf, 0x00, 0x00, 0x00, 0x00, 0x00, 0x00, 0x00, 0x00, 0x00,
    0x00, 0x00, 0x00, 0x00, 0x00, 0x00, 0x8d, 0x6b, 0xd7, 0x00, 0x00, 0x00, 0x00, 0x00, 0x00, 0x00, 0x00, 0x00, 0x8d, 0x6b, 0xc3, 0x00, 0x00, 0x00,
    0x00, 0x00, 0x00, 0x8d, 0x6b, 0xcb, 0x8d, 0x6b, 0x03, 0x8d, 0x6b, 0xd4, 0x00, 0x00, 0x00, 0x00, 0x00, 0x00, 0x8d, 0x6b, 0x37, 0x8d, 0x6b, 0x89,
    0x8d, 0x6b, 0x47, 0x8d, 0x6b, 0x8d, 0x8d, 0x6b, 0x89, 0x8d, 0x6b, 0xc4, 0x8d, 0x6b, 0x55, 0x8d, 0x6b, 0x4a, 0x8d, 0x6b, 0x8b, 0x8d, 0x6b, 0x1a,
    0x8d, 0x6b, 0xba, 0x8d, 0x6b, 0xba, 0x8d, 0x6b, 0x34, 0x00, 0x00, 0x00, 0x8d, 0x6b, 0x09, 0x8d, 0x6b, 0x01, 0x8d, 0x6b, 0x30, 0x8d, 0x6b, 0xc4,
    0x8d, 0x6b, 0xfa, 0x8d, 0x6b, 0xe8, 0x8d, 0x6b, 0x51, 0x8d, 0x6b, 0x1a, 0x00, 0x00, 0x00, 0x00, 0x00, 0x00, 0x00, 0x00, 0x00, 0x8d, 0x6b, 0x23,
    0x8d, 0x6b, 0xf4, 0x8d, 0x6b, 0x52, 0x8d, 0x6b, 0xdf, 0x8d, 0x6b, 0x06, 0x00, 0x00, 0x00, 0x8d, 0x6b, 0x68, 0x00, 0x00, 0x00, 0x8d, 0x6b, 0xab,
    0x8d, 0x6b, 0x27, 0x8d, 0x6b, 0x43, 0x8d, 0x6b, 0xcc, 0x8d, 0x6b, 0x91, 0x8d, 0x6b, 0x42, 0x8d, 0x6b, 0xc4, 0x8d, 0x6b, 0x0a, 0x8d, 0x6b, 0x0f,
    0x8d, 0x6b, 0xbb, 0x00, 0x00, 0x00, 0x8d, 0x6b, 0x8c, 0x8d, 0x6b, 0x51, 0x8d, 0x6b, 0x5f, 0x8d, 0x6b, 0xca, 0x8d, 0x6b, 0xd3, 0x8d, 0x6b, 0xa0,
    0x8d, 0x6b, 0x2a, 0x8d, 0x6b, 0x4d, 0x8d, 0x6b, 0xad, 0x8d, 0x6b, 0xc5, 0x8d, 0x6b, 0x57, 0x8d, 0x6b, 0x02, 0x00, 0x00, 0x00, 0x8d, 0x6b, 0x5c,
    0x8d, 0x6b, 0xa2, 0x8d, 0x6b, 0x5d, 0x8d, 0x6b, 0x19, 0x8d, 0x6b, 0x87, 0x8d, 0x6b, 0x37, 0x8d, 0x6b, 0xa7, 0x8d, 0x6b, 0x23, 0x8d, 0x6b, 0x83,
    0x8d, 0x6b, 0x73, 0x8d, 0x6b, 0x43, 0x00, 0x00, 0x00, 0x00, 0x00, 0x00, 0x00, 0x00, 0x00, 0x00, 0x00, 0x00, 0x00, 0x00, 0x00, 0x00, 0x00, 0x00,
    0x8d, 0x6b, 0xd8, 0x8d, 0x6b, 0xaf, 0x8d, 0x6b, 0xaf, 0x8d, 0x6b, 0xaf, 0x8d, 0x6b, 0xaf, 0x8d, 0x6b, 0xaf, 0x8d, 0x6b, 0xe5, 0x00, 0x00, 0x00,
    0x00, 0x00, 0x00, 0x00, 0x00, 0x00, 0x8d, 0x6b, 0xc3, 0x8d, 0x6b, 0x04, 0x8d, 0x6b, 0xb2, 0x8d, 0x6b, 0xcd, 0x00, 0x00, 0x00, 0x8d, 0x6b, 0xb9,
    0x8d, 0x6b, 0xbf, 0x8d, 0x6b, 0xbb, 0x8d, 0x6b, 0xc7, 0x8d, 0x6b, 0x3d, 0x8d, 0x6b, 0x76, 0x8d, 0x6b, 0x33, 0x8d, 0x6b, 0x25, 0x8d, 0x6b, 0x03,
    0x8d, 0x6b, 0xa3, 0x8d, 0x6b, 0xc5, 0x8d, 0x6b, 0x5f, 0x00, 0x00, 0x00, 0x00, 0x00, 0x00, 0x8d, 0x6b, 0x32, 0x8d, 0x6b, 0x24, 0x8d, 0x6b, 0x5a,
    0x8d, 0x6b, 0xc1, 0x8d, 0x6b, 0xc2, 0x8d, 0x6b, 0x9f, 0x8d, 0x6b, 0x55, 0x8d, 0x6b, 0x17, 0x8d, 0x6b, 0x4b, 0x8d, 0x6b, 0x98, 0x8d, 0x6b, 0xc7,
    0x8d, 0x6b, 0xd6, 0x8d, 0x6b, 0x48, 0x00, 0x00, 0x00, 0x8d, 0x6b, 0x45, 0x8d, 0x6b, 0x3c, 0x8d, 0x6b, 0x3b, 0x8d, 0x6b, 0x8a, 0x00, 0x00, 0x00,
    0x00, 0x00, 0x00, 0x00, 0x00, 0x00, 0x00, 0x00, 0x00, 0x8d, 0x6b, 0x99, 0x8d, 0x6b, 0x23, 0x8d, 0x6b, 0x19, 0x8d, 0x6b, 0x0d, 0x00, 0x00, 0x00,
    0x8d, 0x6b, 0x15, 0x8d, 0x6b, 0x26, 0x8d, 0x6b, 0x47, 0x8d, 0x6b, 0xc1, 0x8d, 0x6b, 0x8f, 0x00, 0x00, 0x00, 0x8d, 0x6b, 0x13, 0x8d, 0x6b, 0x19,
    0x8d, 0x6b, 0x20, 0x8d, 0x6b, 0x15, 0x00, 0x00, 0x00, 0x00, 0x00, 0x00, 0x00, 0x00, 0x00, 0x00, 0x00, 0x00, 0x00, 0x00, 0x00, 0x8d, 0x6b, 0x1b,
    0x8d, 0x6b, 0x97, 0x8d, 0x6b, 0x85, 0x00, 0x00, 0x00, 0x00, 0x00, 0x00, 0x00, 0x00, 0x00, 0x00, 0x00, 0x00, 0x00, 0x00, 0x00, 0x8d, 0x6b, 0x87,
    0x8d, 0x6b, 0x37, 0x8d, 0x6b, 0xa7, 0x8d, 0x6b, 0x23, 0x8d, 0x6b, 0x9c, 0x8d, 0x6b, 0xc2, 0x8d, 0x6b, 0x25, 0x00, 0x00, 0x00, 0x00, 0x00, 0x00,
    0x00, 0x00, 0x00, 0x00, 0x00, 0x00, 0x00, 0x00, 0x00, 0x00, 0x00, 0x00, 0x8d, 0x6b, 0x10, 0x00, 0x00, 0x00, 0x00, 0x00, 0x00, 0x00, 0x00, 0x00,
    0x00, 0x00, 0x00, 0x00, 0x00, 0x00, 0x8d, 0x6b, 0x0d, 0x00, 0x00, 0x00, 0x00, 0x00, 0x00, 0x00, 0x00, 0x00, 0x8d, 0x6b, 0x12, 0x00, 0x00, 0x00,
    0x00, 0x00, 0x00, 0x00, 0x00, 0x00, 0x00, 0x00, 0x00, 0x00, 0x00, 0x00, 0x00, 0x00, 0x00, 0x00, 0x00, 0x00, 0x00, 0x00, 0x00, 0x00, 0x00, 0x00,
    0x00, 0x00, 0x00, 0x00, 0x00, 0x00, 0x00, 0x00, 0x00, 0x00, 0x00, 0x00, 0x00, 0x00, 0x00, 0x00, 0x00, 0x00, 0x00, 0x00, 0x00, 0x00, 0x00, 0x00,
    0x00, 0x00, 0x00, 0x00, 0x00, 0x00, 0x00, 0x00, 0x00, 0x8d, 0x6b, 0x06, 0x8d, 0x6b, 0x01, 0x00, 0x00, 0x00, 0x00, 0x00, 0x00, 0x00, 0x00, 0x00,
    0x00, 0x00, 0x00, 0x00, 0x00, 0x00, 0x00, 0x00, 0x00, 0x00, 0x00, 0x00, 0x00, 0x00, 0x00, 0x00, 0x00, 0x00, 0x00, 0x00, 0x00, 0x00, 0x00, 0x00,
    0x00, 0x00, 0x00, 0x00, 0x00, 0x00, 0x00, 0x00, 0x00, 0x00, 0x00, 0x00, 0x00, 0x00, 0x00, 0x00, 0x00, 0x00, 0x00, 0x00, 0x00, 0x00, 0x00, 0x00,
    0x00, 0x00, 0x00, 0x00, 0x00, 0x00, 0x00, 0x00, 0x00, 0x00, 0x00, 0x00, 0x00, 0x00, 0x00, 0x00, 0x00, 0x00, 0x00, 0x00, 0x00, 0x00, 0x00, 0x00,
    0x00, 0x00, 0x00, 0x00, 0x00, 0x00, 0x00, 0x00, 0x00, 0x00, 0x00, 0x00, 0x00, 0x00, 0x00, 0x00, 0x00, 0x00, 0x00, 0x00, 0x00, 0x00, 0x00, 0x00,
    0x00, 0x00, 0x00, 0x00, 0x00, 0x00, 0x00, 0x00, 0x00, 0x00, 0x00, 0x00, 0x00, 0x00, 0x00, 0x00, 0x00, 0x00, 0x00, 0x00, 0x00, 0x00, 0x00, 0x00,
    0x00, 0x00, 0x00, 0x00, 0x00, 0x00, 0x00, 0x00, 0x00, 0x8d, 0x6b, 0x0e, 0x8d, 0x6b, 0x06, 0x8d, 0x6b, 0x05, 0x00, 0x00, 0x00, 0x00, 0x00, 0x00,
    0x00, 0x00, 0x00, 0x00, 0x00, 0x00, 0x00, 0x00, 0x00, 0x00, 0x00, 0x00, 0x00, 0x00, 0x00, 0x00, 0x00, 0x00, 0x00, 0x00, 0x00, 0x00, 0x00, 0x00,
    0x00, 0x00, 0x00, 0x00, 0x00, 0x00, 0x00, 0x00, 0x00, 0x00, 0x00, 0x00, 0x00, 0x00, 0x00, 0x00, 0x00, 0x00, 0x00, 0x00, 0x00, 0x00, 0x00, 0x00,
    0x00, 0x00, 0x00, 0x00, 0x00, 0x00, 0x00, 0x00, 0x00, 0x00, 0x00, 0x00, 0x00, 0x00, 0x00, 0x00, 0x00, 0x00, 0x00, 0x00, 0x00, 0x00, 0x00, 0x00,
    0x00, 0x00, 0x00, 0x00, 0x00, 0x00, 0x00, 0x00, 0x00, 0x00, 0x00, 0x00, 0x00, 0x00, 0x00, 0x00, 0x00, 0x00, 0x00, 0x00, 0x00, 0x00, 0x00, 0x00,
    0x00, 0x00, 0x00, 0x00, 0x00, 0x00, 0x00, 0x00, 0x00, 0x00, 0x00, 0x00, 0x00, 0x00, 0x00, 0x00, 0x00, 0x00, 0x00, 0x00, 0x00, 0x00, 0x00, 0x00,
    0x00, 0x00, 0x00, 0x00, 0x00, 0x00, 0x00, 0x00, 0x00, 0x00, 0x00, 0x00, 0x00, 0x00, 0x00, 0x00, 0x00, 0x00, 0x00, 0x00, 0x00, 0x00, 0x00, 0x00,
    0x00, 0x00, 0x00, 0x00, 0x00, 0x00, 0x00, 0x00, 0x00, 0x00, 0x00, 0x00, 0x00, 0x00, 0x00, 0x00, 0x00, 0x00, 0x00, 0x00, 0x00, 0x00, 0x00, 0x00,
    0x00, 0x00, 0x00, 0x00, 0x00, 0x00, 0x00, 0x00, 0x00, 0x00, 0x00, 0x00, 0x00, 0x00, 0x00, 0x00, 0x00, 0x00, 0x00, 0x00, 0x00, 0x00, 0x00, 0x00,
    0x00, 0x00, 0x00, 0x00, 0x00, 0x00, 0x00, 0x00, 0x00, 0x00, 0x00, 0x00, 0x00, 0x00, 0x00, 0x00, 0x00, 0x00, 0x00, 0x00, 0x00, 0x00, 0x00, 0x00,
    0x00, 0x00, 0x00, 0x00, 0x00, 0x00, 0x00, 0x00, 0x00, 0x00, 0x00, 0x00, 0x00, 0x00, 0x00, 0x00, 0x00, 0x00, 0x00, 0x00, 0x00, 0x00, 0x00, 0x00,
    0x00, 0x00, 0x00, 0x00, 0x00, 0x00, 0x00, 0x00, 0x00, 0x00, 0x00, 0x00, 0x00, 0x00, 0x00, 0x00, 0x00, 0x00, 0x00, 0x00, 0x00, 0x00, 0x00, 0x00,
    0x00, 0x00, 0x00, 0x00, 0x00, 0x00, 0x00, 0x00, 0x00, 0x00, 0x00, 0x00, 0x00, 0x00, 0x00, 0x00, 0x00, 0x00, 0x00, 0x00, 0x00, 0x00, 0x00, 0x00,
    0x00, 0x00, 0x00, 0x00, 0x00, 0x00, 0x00, 0x00, 0x00, 0x00, 0x00, 0x00, 0x00, 0x00, 0x00, 0x00, 0x00, 0x00, 0x00, 0x00, 0x00, 0x00, 0x00, 0x00,
    0x00, 0x00, 0x00, 0x00, 0x00, 0x00, 0x00, 0x00, 0x00, 0x00, 0x00, 0x00, 0x00, 0x00, 0x00, 0x00, 0x00, 0x00, 0x00, 0x00, 0x00, 0x00, 0x00, 0x00,
    0x00, 0x00, 0x00, 0x00, 0x00, 0x00, 0x00, 0x00, 0x00, 0x00, 0x00, 0x00, 0x00, 0x00, 0x00, 0x00, 0x00, 0x00, 0x00, 0x00, 0x00, 0x00, 0x00, 0x00,
    0x00, 0x00, 0x00, 0x00, 0x00, 0x00, 0x00, 0x00, 0x00, 0x00, 0x00, 0x00, 0x00, 0x00, 0x00, 0x00, 0x00, 0x00, 0x00, 0x00, 0x00, 0x00, 0x00, 0x00,
    0x00, 0x00, 0x00, 0x00, 0x00, 0x00, 0x00, 0x00, 0x00, 0x00, 0x00, 0x00, 0x00, 0x00, 0x00, 0x00, 0x00, 0x00, 0x00, 0x00, 0x00, 0x00, 0x00, 0x00,
    0x00, 0x00, 0x00, 0x00, 0x00, 0x00, 0x00, 0x00, 0x00, 0x00, 0x00, 0x00, 0x00, 0x00, 0x00, 0x00, 0x00, 0x00, 0x00, 0x00, 0x00, 0x00, 0x00, 0x00,
    0x00, 0x00, 0x00, 0x00, 0x00, 0x00, 0x00, 0x00, 0x00, 0x00, 0x00, 0x00, 0x00, 0x00, 0x00, 0x00, 0x00, 0x00, 0x00, 0x00, 0x00, 0x00, 0x00, 0x00,
    0x00, 0x00, 0x00, 0x00, 0x00, 0x00, 0x00, 0x00, 0x00, 0x00, 0x00, 0x00, 0x00, 0x00, 0x00, 0x00, 0x00, 0x00, 0x00, 0x00, 0x00, 0x00, 0x00, 0x00,
    0x00, 0x00, 0x00, 0x00, 0x00, 0x00, 0x00, 0x00, 0x00, 0x00, 0x00, 0x00, 0x00, 0x00, 0x00, 0x00, 0x00, 0x00, 0x00, 0x00, 0x00, 0x00, 0x00, 0x00,
    0x00, 0x00, 0x00, 0x00, 0x00, 0x00, 0x00, 0x00, 0x00, 0x00, 0x00, 0x00, 0x00, 0x00, 0x00, 0x00, 0x00, 0x00, 0x00, 0x00, 0x00, 0x00, 0x00, 0x00,
    0x00, 0x00, 0x00, 0x00, 0x00, 0x00, 0x00, 0x00, 0x00, 0x00, 0x00, 0x00, 0x00, 0x00, 0x00, 0x00, 0x00, 0x00, 0x00, 0x00, 0x00, 0x00, 0x00, 0x00,
    0x00, 0x00, 0x00, 0x00, 0x00, 0x00, 0x00, 0x00, 0x00, 0x00, 0x00, 0x00,
};
const lv_img_dsc_t zh_subtitle = {
    .header.always_zero = 0,
    .header.w = 92,
    .header.h = 17,
    .data_size = 4692,
    .header.cf = LV_IMG_CF_TRUE_COLOR_ALPHA,
    .data = zh_subtitle_map,
};

#ifndef LV_ATTRIBUTE_IMG_ZH_THREE_MOVES
#define LV_ATTRIBUTE_IMG_ZH_THREE_MOVES
#endif
const LV_ATTRIBUTE_MEM_ALIGN LV_ATTRIBUTE_LARGE_CONST LV_ATTRIBUTE_IMG_ZH_THREE_MOVES uint8_t zh_three_moves_map[] = {
    0x00, 0x00, 0x00, 0x00, 0x00, 0x00, 0x00, 0x00, 0x00, 0x00, 0x00, 0x00, 0x00, 0x00, 0x00, 0x00, 0x00, 0x00, 0x00, 0x00, 0x00, 0x00, 0x00, 0x00,
    0x00, 0x00, 0x00, 0x00, 0x00, 0x00, 0x00, 0x00, 0x00, 0x00, 0x00, 0x00, 0x00, 0x00, 0x00, 0x00, 0x00, 0x00, 0x00, 0x00, 0x00, 0x00, 0x00, 0x00,
    0x00, 0x00, 0x00, 0x00, 0x00, 0x00, 0x00, 0x00, 0x00, 0x00, 0x00, 0x00, 0x00, 0x00, 0x00, 0x00, 0x00, 0x00, 0x00, 0x00, 0x00, 0x00, 0x00, 0x00,
    0x00, 0x00, 0x00, 0x00, 0x00, 0x00, 0x00, 0x00, 0x00, 0x00, 0x00, 0x00, 0x00, 0x00, 0x00, 0x00, 0x00, 0x00, 0x00, 0x00, 0x00, 0x00, 0x00, 0x00,
    0x00, 0x00, 0x00, 0x00, 0x00, 0x00, 0x00, 0x00, 0x00, 0x00, 0x00, 0x00, 0x00, 0x00, 0x00, 0x00, 0x00, 0x00, 0x00, 0x00, 0x00, 0x00, 0x00, 0x00,
    0x00, 0x00, 0x00, 0x00, 0x00, 0x00, 0x00, 0x00, 0x00, 0x00, 0x00, 0x00, 0x00, 0x00, 0x00, 0x00, 0x00, 0x00, 0x00, 0x00, 0x00, 0x00, 0x00, 0x00,
    0x00, 0x00, 0x00, 0x00, 0x00, 0x00, 0x00, 0x00, 0x00, 0x00, 0x00, 0x00, 0x00, 0x00, 0x00, 0x00, 0x00, 0x00, 0x00, 0x00, 0x00, 0x00, 0x00, 0x00,
    0x00, 0x00, 0x00, 0x00, 0x00, 0x00, 0x00, 0x00, 0x00, 0x00, 0x00, 0x00, 0x00, 0x00, 0x00, 0x00, 0x00, 0x00, 0x00, 0x00, 0x00, 0x00, 0x00, 0x00,
    0x00, 0x00, 0x00, 0x00, 0x00, 0x00, 0x00, 0x00, 0x00, 0x00, 0x00, 0x00, 0x00, 0x00, 0x00, 0x00, 0x00, 0x00, 0x00, 0x00, 0x00, 0x00, 0x00, 0x00,
    0x00, 0x00, 0x00, 0x00, 0x00, 0x00, 0x00, 0x00, 0x00, 0x00, 0x00, 0x00, 0x00, 0x00, 0x00, 0x00, 0x00, 0x00, 0x00, 0x00, 0x00, 0x00, 0x00, 0x00,
    0x00, 0x00, 0x00, 0x00, 0x00, 0x00, 0x00, 0x00, 0x00, 0x00, 0x00, 0x00, 0x00, 0x00, 0x00, 0x00, 0x00, 0x00, 0x00, 0x00, 0x00, 0x00, 0x00, 0x00,
    0x00, 0x00, 0x00, 0x00, 0x00, 0x00, 0x00, 0x00, 0x00, 0x00, 0x00, 0x00, 0x00, 0x00, 0x00, 0x00, 0x00, 0x00, 0x00, 0x00, 0x00, 0x00, 0x00, 0x00,
    0x00, 0x00, 0x00, 0x00, 0x00, 0x00, 0x00, 0x00, 0x00, 0x00, 0x00, 0x00, 0x00, 0x00, 0x00, 0x00, 0x00, 0x00, 0x00, 0x00, 0x00, 0x00, 0x00, 0x00,
    0x00, 0x00, 0x00, 0x00, 0x00, 0x00, 0x00, 0x00, 0x00, 0x00, 0x00, 0x00, 0x00, 0x00, 0x00, 0x00, 0x00, 0x00, 0x00, 0x00, 0x00, 0x00, 0x00, 0x00,
    0x00, 0x00, 0x00, 0x00, 0x00, 0x00, 0x00, 0x00, 0x00, 0x00, 0x00, 0x00, 0x00, 0x00, 0x00, 0x00, 0x00, 0x00, 0x00, 0x00, 0x00, 0x00, 0x00, 0x00,
    0x00, 0x00, 0x00, 0x00, 0x00, 0x00, 0x00, 0x00, 0x00, 0x00, 0x00, 0x00, 0x00, 0x00, 0x00, 0x00, 0x00, 0x00, 0x00, 0x00, 0x00, 0x00, 0x00, 0x00,
    0x00, 0x00, 0x00, 0x00, 0x00, 0x00, 0x00, 0x00, 0x00, 0x00, 0x00, 0x00, 0x00, 0x00, 0x00, 0x00, 0x00, 0x00, 0x00, 0x00, 0x00, 0x00, 0x00, 0x00,
    0x00, 0x00, 0x00, 0x00, 0x00, 0x00, 0x00, 0x00, 0x00, 0x00, 0x00, 0x00, 0x00, 0x00, 0x00, 0x00, 0x00, 0x00, 0x00, 0x00, 0x00, 0x24, 0x21, 0x87,
    0x24, 0x21, 0x3d, 0x00, 0x00, 0x00, 0x00, 0x00, 0x00, 0x00, 0x00, 0x00, 0x00, 0x00, 0x00, 0x00, 0x00, 0x00, 0x00, 0x00, 0x00, 0x00, 0x00, 0x00,
    0x00, 0x00, 0x00, 0x00, 0x00, 0x00, 0x00, 0x00, 0x00, 0x00, 0x00, 0x00, 0x00, 0x00, 0x00, 0x00, 0x00, 0x00, 0x00, 0x00, 0x00, 0x00, 0x00, 0x00,
    0x24, 0x21, 0x2e, 0x24, 0x21, 0xb4, 0x00, 0x00, 0x00, 0x00, 0x00, 0x00, 0x00, 0x00, 0x00, 0x00, 0x00, 0x00, 0x00, 0x00, 0x00, 0x00, 0x00, 0x00,
    0x00, 0x00, 0x00, 0x24, 0x21, 0x02, 0x24, 0x21, 0x99, 0x24, 0x21, 0x1f, 0x00, 0x00, 0x00, 0x24, 0x21, 0x2a, 0x24, 0x21, 0x6c, 0x00, 0x00, 0x00,
    0x00, 0x00, 0x00, 0x00, 0x00, 0x00, 0x00, 0x00, 0x00, 0x00, 0x00, 0x00, 0x00, 0x00, 0x00, 0x00, 0x00, 0x00, 0x00, 0x00, 0x00, 0x00, 0x00, 0x00,
    0x00, 0x00, 0x00, 0x00, 0x00, 0x00, 0x00, 0x00, 0x00, 0x00, 0x00, 0x00, 0x00, 0x00, 0x00, 0x00, 0x00, 0x00, 0x00, 0x00, 0x00, 0x00, 0x00, 0x00,
    0x00, 0x00, 0x00, 0x00, 0x00, 0x00, 0x00, 0x00, 0x00, 0x00, 0x00, 0x00, 0x00, 0x00, 0x00, 0x00, 0x00, 0x00, 0x00, 0x00, 0x00, 0x00, 0x00, 0x00,
    0x00, 0x00, 0x00, 0x00, 0x00, 0x00, 0x00, 0x00, 0x00, 0x24, 0x21, 0x61, 0x24, 0x21, 0xff, 0x24, 0x21, 0x6b, 0x00, 0x00, 0x00, 0x00, 0x00, 0x00,
    0x00, 0x00, 0x00, 0x00, 0x00, 0x00, 0x00, 0x00, 0x00, 0x00, 0x00, 0x00, 0x00, 0x00, 0x00, 0x24, 0x21, 0xab, 0x24, 0x21, 0xff, 0x24, 0x21, 0xff,
    0x24, 0x21, 0xff, 0x24, 0x21, 0xff, 0x24, 0x21, 0xff, 0x24, 0x21, 0x1f, 0x00, 0x00, 0x00, 0x24, 0x21, 0x3d, 0x24, 0x21, 0xdf, 0x00, 0x00, 0x00,
    0x00, 0x00, 0x00, 0x00, 0x00, 0x00, 0x00, 0x00, 0x00, 0x00, 0x00, 0x00, 0x00, 0x00, 0x00, 0x00, 0x00, 0x00, 0x24, 0x21, 0x54, 0x24, 0x21, 0xe7,
    0x24, 0x21, 0x07, 0x00, 0x00, 0x00, 0x24, 0x21, 0x9c, 0x24, 0x21, 0xa8, 0x00, 0x00, 0x00, 0x00, 0x00, 0x00, 0x00, 0x00, 0x00, 0x00, 0x00, 0x00,
    0x00, 0x00, 0x00, 0x00, 0x00, 0x00, 0x00, 0x00, 0x00, 0x00, 0x00, 0x00, 0x00, 0x00, 0x00, 0x00, 0x00, 0x00, 0x00, 0x00, 0x00, 0x24, 0x21, 0x2c,
    0x24, 0x21, 0xae, 0x24, 0x21, 0xe9, 0x24, 0x21, 0xe8, 0x24, 0x21, 0xa2, 0x24, 0x21, 0x17, 0x00, 0x00, 0x00, 0x00, 0x00, 0x00, 0x00, 0x00, 0x00,
    0x00, 0x00, 0x00, 0x00, 0x00, 0x00, 0x00, 0x00, 0x00, 0x00, 0x00, 0x00, 0x00, 0x00, 0x00, 0x00, 0x00, 0x00, 0x00, 0x00, 0x00, 0x24, 0x21, 0x4a,
    0x24, 0x21, 0xee, 0x24, 0x21, 0x7e, 0x24, 0x21, 0xf4, 0x24, 0x21, 0x4c, 0x00, 0x00, 0x00, 0x00, 0x00, 0x00, 0x00, 0x00, 0x00, 0x00, 0x00, 0x00,
    0x00, 0x00, 0x00, 0x00, 0x00, 0x00, 0x24, 0x21, 0x02, 0x24, 0x21, 0x03, 0x24, 0x21, 0x03, 0x24, 0x21, 0x03, 0x24, 0x21, 0x03, 0x24, 0x21, 0x03,
    0x00, 0x00, 0x00, 0x00, 0x00, 0x00, 0x24, 0x21, 0x41, 0x24, 0x21, 0xdc, 0x00, 0x00, 0x00, 0x00, 0x00, 0x00, 0x00, 0x00, 0x00, 0x00, 0x00, 0x00,
    0x00, 0x00, 0x00, 0x00, 0x00, 0x00, 0x00, 0x00, 0x00, 0x24, 0x21, 0xcc, 0x24, 0x21, 0x7b, 0x00, 0x00, 0x00, 0x24, 0x21, 0x13, 0x24, 0x21, 0xf6,
    0x24, 0x21, 0x5a, 0x24, 0x21, 0x13, 0x24, 0x21, 0x13, 0x24, 0x21, 0x13, 0x24, 0x21, 0x13, 0x24, 0x21, 0x13, 0x24, 0x21, 0x08, 0x00, 0x00, 0x00,
    0x00, 0x00, 0x00, 0x00, 0x00, 0x00, 0x00, 0x00, 0x00, 0x24, 0x21, 0x07, 0x24, 0x21, 0xdd, 0x24, 0x21, 0x89, 0x24, 0x21, 0x37, 0x24, 0x21, 0x5a,
    0x24, 0x21, 0xe1, 0x24, 0x21, 0xbf, 0x00, 0x00, 0x00, 0x00, 0x00, 0x00, 0x00, 0x00, 0x00, 0x00, 0x00, 0x00, 0x00, 0x00, 0x00, 0x00, 0x00, 0x00,
    0x00, 0x00, 0x00, 0x00, 0x00, 0x00, 0x00, 0x00, 0x00, 0x24, 0x21, 0x56, 0x24, 0x21, 0xf1, 0x24, 0x21, 0x45, 0x00, 0x00, 0x00, 0x24, 0x21, 0x54,
    0x24, 0x21, 0xf6, 0x24, 0x21, 0x65, 0x00, 0x00, 0x00, 0x00, 0x00, 0x00, 0x00, 0x00, 0x00, 0x00, 0x00, 0x00, 0x00, 0x00, 0x00, 0x00, 0x00, 0x00,
    0x00, 0x00, 0x00, 0x00, 0x00, 0x00, 0x00, 0x00, 0x00, 0x00, 0x00, 0x00, 0x00, 0x00, 0x00, 0x24, 0x21, 0x67, 0x24, 0x21, 0xff, 0x24, 0x21, 0xff,
    0x24, 0x21, 0xff, 0x24, 0x21, 0xff, 0x24, 0x21, 0xff, 0x24, 0x21, 0xff, 0x24, 0x21, 0x2b, 0x00, 0x00, 0x00, 0x00, 0x00, 0x00, 0x24, 0x21, 0x47,
    0x24, 0x21, 0xf5, 0x24, 0x21, 0x13, 0x00, 0x00, 0x00, 0x24, 0x21, 0x79, 0x24, 0x21, 0xff, 0x24, 0x21, 0xff, 0x24, 0x21, 0xff, 0x24, 0x21, 0xff,
    0x24, 0x21, 0xff, 0x24, 0x21, 0xff, 0x24, 0x21, 0xff, 0x24, 0x21, 0x6b, 0x00, 0x00, 0x00, 0x00, 0x00, 0x00, 0x00, 0x00, 0x00, 0x00, 0x00, 0x00,
    0x00, 0x00, 0x00, 0x24, 0x21, 0x09, 0x00, 0x00, 0x00, 0x00, 0x00, 0x00, 0x00, 0x00, 0x00, 0x24, 0x21, 0x71, 0x24, 0x21, 0xfe, 0x24, 0x21, 0x0d,
    0x00, 0x00, 0x00, 0x00, 0x00, 0x00, 0x00, 0x00, 0x00, 0x00, 0x00, 0x00, 0x00, 0x00, 0x00, 0x00, 0x00, 0x00, 0x24, 0x21, 0x09, 0x24, 0x21, 0x97,
    0x24, 0x21, 0xf7, 0x24, 0x21, 0x46, 0x24, 0x21, 0x0a, 0x24, 0x21, 0x5b, 0x24, 0x21, 0x05, 0x24, 0x21, 0x49, 0x24, 0x21, 0xf3, 0x24, 0x21, 0xa5,
    0x24, 0x21, 0x19, 0x00, 0x00, 0x00, 0x00, 0x00, 0x00, 0x00, 0x00, 0x00, 0x00, 0x00, 0x00, 0x00, 0x00, 0x00, 0x00, 0x00, 0x00, 0x00, 0x00, 0x00,
    0x00, 0x00, 0x00, 0x00, 0x00, 0x00, 0x24, 0x21, 0x09, 0x24, 0x21, 0x17, 0x24, 0x21, 0x64, 0x24, 0x21, 0xcc, 0x24, 0x21, 0x17, 0x24, 0x21, 0x17,
    0x24, 0x21, 0xf8, 0x24, 0x21, 0x23, 0x00, 0x00, 0x00, 0x24, 0x21, 0x0e, 0x24, 0x21, 0xdf, 0x24, 0x21, 0xcc, 0x00, 0x00, 0x00, 0x24, 0x21, 0x1e,
    0x24, 0x21, 0xef, 0x24, 0x21, 0x3b, 0x24, 0x21, 0x63, 0x24, 0x21, 0xbf, 0x00, 0x00, 0x00, 0x00, 0x00, 0x00, 0x00, 0x00, 0x00, 0x00, 0x00, 0x00,
    0x00, 0x00, 0x00, 0x00, 0x00, 0x00, 0x00, 0x00, 0x00, 0x00, 0x00, 0x00, 0x00, 0x00, 0x00, 0x00, 0x00, 0x00, 0x00, 0x00, 0x00, 0x00, 0x00, 0x00,
    0x00, 0x00, 0x00, 0x00, 0x00, 0x00, 0x24, 0x21, 0x72, 0x24, 0x21, 0xf5, 0x24, 0x21, 0x04, 0x00, 0x00, 0x00, 0x00, 0x00, 0x00, 0x00, 0x00, 0x00,
    0x00, 0x00, 0x00, 0x24, 0x21, 0x03, 0x24, 0x21, 0x5e, 0x24, 0x21, 0xdf, 0x24, 0x21, 0xcc, 0x24, 0x21, 0x31, 0x00, 0x00, 0x00, 0x24, 0x21, 0x1b,
    0x24, 0x21, 0xff, 0x24, 0x21, 0x0f, 0x00, 0x00, 0x00, 0x24, 0x21, 0x29, 0x24, 0x21, 0xc5, 0x24, 0x21, 0xf2, 0x24, 0x21, 0x73, 0x24, 0x21, 0x05,
    0x24, 0x21, 0x33, 0x24, 0x21, 0xff, 0x24, 0x21, 0xff, 0x24, 0x21, 0xff, 0x24, 0x21, 0xff, 0x24, 0x21, 0xff, 0x24, 0x21, 0xff, 0x24, 0x21, 0x67,
    0x00, 0x00, 0x00, 0x24, 0x21, 0x66, 0x24, 0x21, 0xb4, 0x00, 0x00, 0x00, 0x00, 0x00, 0x00, 0x24, 0x21, 0xfe, 0x24, 0x21, 0x1b, 0x24, 0x21, 0x04,
    0x24, 0x21, 0xb4, 0x24, 0x21, 0xf3, 0x24, 0x21, 0xcb, 0x24, 0x21, 0x08, 0x24, 0x21, 0xc6, 0x24, 0x21, 0x7f, 0x00, 0x00, 0x00, 0x24, 0x21, 0x63,
    0x24, 0x21, 0xbf, 0x00, 0x00, 0x00, 0x00, 0x00, 0x00, 0x00, 0x00, 0x00, 0x00, 0x00, 0x00, 0x00, 0x00, 0x00, 0x00, 0x00, 0x00, 0x00, 0x00, 0x00,
    0x00, 0x00, 0x00, 0x00, 0x00, 0x00, 0x00, 0x00, 0x00, 0x00, 0x00, 0x00, 0x24, 0x21, 0x05, 0x24, 0x21, 0x23, 0x24, 0x21, 0x65, 0x24, 0x21, 0xea,
    0x24, 0x21, 0x66, 0x00, 0x00, 0x00, 0x00, 0x00, 0x00, 0x00, 0x00, 0x00, 0x00, 0x00, 0x00, 0x00, 0x00, 0x00, 0x24, 0x21, 0x31, 0x24, 0x21, 0xed,
    0x24, 0x21, 0x72, 0x24, 0x21, 0x03, 0x00, 0x00, 0x00, 0x00, 0x00, 0x00, 0x24, 0x21, 0x1b, 0x24, 0x21, 0xff, 0x24, 0x21, 0x0f, 0x00, 0x00, 0x00,
    0x00, 0x00, 0x00, 0x24, 0x21, 0x02, 0x24, 0x21, 0x6b, 0x24, 0x21, 0xee, 0x24, 0x21, 0x3d, 0x24, 0x21, 0x02, 0x24, 0x21, 0x0b, 0x24, 0x21, 0x42,
    0x24, 0x21, 0xed, 0x24, 0x21, 0x0d, 0x24, 0x21, 0x0b, 0x24, 0x21, 0x0b, 0x24, 0x21, 0x04, 0x00, 0x00, 0x00, 0x24, 0x21, 0x79, 0x24, 0x21, 0xa0,
    0x00, 0x00, 0x00, 0x24, 0x21, 0x07, 0x24, 0x21, 0xff, 0x24, 0x21, 0x13, 0x24, 0x21, 0x4b, 0x24, 0x21, 0xe6, 0x24, 0x21, 0x6d, 0x24, 0x21, 0xcb,
    0x24, 0x21, 0x28, 0x24, 0x21, 0xae, 0x24, 0x21, 0x03, 0x00, 0x00, 0x00, 0x24, 0x21, 0x63, 0x24, 0x21, 0xff, 0x24, 0x21, 0xff, 0x24, 0x21, 0xff,
    0x24, 0x21, 0xff, 0x24, 0x21, 0xff, 0x24, 0x21, 0x13, 0x00, 0x00, 0x00, 0x00, 0x00, 0x00, 0x00, 0x00, 0x00, 0x00, 0x00, 0x00, 0x00, 0x00, 0x00,
    0x00, 0x00, 0x00, 0x24, 0x21, 0x57, 0x24, 0x21, 0xff, 0x24, 0x21, 0xff, 0x24, 0x21, 0x85, 0x24, 0x21, 0x01, 0x00, 0x00, 0x00, 0x00, 0x00, 0x00,
    0x00, 0x00, 0x00, 0x00, 0x00, 0x00, 0x00, 0x00, 0x00, 0x00, 0x00, 0x00, 0x24, 0x21, 0x09, 0x00, 0x00, 0x00, 0x00, 0x00, 0x00, 0x00, 0x00, 0x00,
    0x00, 0x00, 0x00, 0x24, 0x21, 0x1b, 0x24, 0x21, 0xff, 0x24, 0x21, 0x0f, 0x00, 0x00, 0x00, 0x00, 0x00, 0x00, 0x00, 0x00, 0x00, 0x00, 0x00, 0x00,
    0x24, 0x21, 0x0a, 0x00, 0x00, 0x00, 0x00, 0x00, 0x00, 0x00, 0x00, 0x00, 0x24, 0x21, 0x73, 0x24, 0x21, 0xb0, 0x00, 0x00, 0x00, 0x24, 0x21, 0x31,
    0x24, 0x21, 0x15, 0x00, 0x00, 0x00, 0x00, 0x00, 0x00, 0x24, 0x21, 0x92, 0x24, 0x21, 0x8b, 0x00, 0x00, 0x00, 0x24, 0x21, 0x0f, 0x24, 0x21, 0xff,
    0x24, 0x21, 0x09, 0x24, 0x21, 0x02, 0x24, 0x21, 0x2b, 0x24, 0x21, 0x53, 0x24, 0x21, 0xcb, 0x00, 0x00, 0x00, 0x00, 0x00, 0x00, 0x00, 0x00, 0x00,
    0x00, 0x00, 0x00, 0x24, 0x21, 0x63, 0x24, 0x21, 0xc2, 0x24, 0x21, 0x0b, 0x24, 0x21, 0x0b, 0x24, 0x21, 0x0b, 0x24, 0x21, 0x0b, 0x00, 0x00, 0x00,
    0x00, 0x00, 0x00, 0x00, 0x00, 0x00, 0x00, 0x00, 0x00, 0x00, 0x00, 0x00, 0x00, 0x00, 0x00, 0x00, 0x00, 0x00, 0x24, 0x21, 0x01, 0x24, 0x21, 0x13,
    0x24, 0x21, 0x3e, 0x24, 0x21, 0xbd, 0x24, 0x21, 0xc7, 0x24, 0x21, 0x09, 0x00, 0x00, 0x00, 0x00, 0x00, 0x00, 0x00, 0x00, 0x00, 0x00, 0x00, 0x00,
    0x00, 0x00, 0x00, 0x00, 0x00, 0x00, 0x00, 0x00, 0x00, 0x00, 0x00, 0x00, 0x00, 0x00, 0x00, 0x00, 0x00, 0x00, 0x24, 0x21, 0x1b, 0x24, 0x21, 0xff,
    0x24, 0x21, 0x0f, 0x00, 0x00, 0x00, 0x00, 0x00, 0x00, 0x00, 0x00, 0x00, 0x00, 0x00, 0x00, 0x00, 0x00, 0x00, 0x00, 0x00, 0x00, 0x00, 0x00, 0x00,
    0x00, 0x00, 0x00, 0x24, 0x21, 0xae, 0x24, 0x21, 0x71, 0x00, 0x00, 0x00, 0x24, 0x21, 0x95, 0x24, 0x21, 0x72, 0x00, 0x00, 0x00, 0x00, 0x00, 0x00,
    0x24, 0x21, 0xbc, 0x24, 0x21, 0x62, 0x00, 0x00, 0x00, 0x24, 0x21, 0x18, 0x24, 0x21, 0xfe, 0x24, 0x21, 0x01, 0x00, 0x00, 0x00, 0x00, 0x00, 0x00,
    0x24, 0x21, 0x53, 0x24, 0x21, 0xcb, 0x00, 0x00, 0x00, 0x00, 0x00, 0x00, 0x00, 0x00, 0x00, 0x00, 0x00, 0x00, 0x24, 0x21, 0x63, 0x24, 0x21, 0xbf,
    0x00, 0x00, 0x00, 0x00, 0x00, 0x00, 0x00, 0x00, 0x00, 0x00, 0x00, 0x00, 0x00, 0x00, 0x00, 0x00, 0x00, 0x00, 0x00, 0x00, 0x00, 0x00, 0x00, 0x00,
    0x00, 0x00, 0x00, 0x00, 0x00, 0x00, 0x00, 0x00, 0x00, 0x00, 0x00, 0x00, 0x00, 0x00, 0x00, 0x00, 0x00, 0x00, 0x24, 0x21, 0x0e, 0x24, 0x21, 0xfc,
    0x24, 0x21, 0x5f, 0x00, 0x00, 0x00, 0x00, 0x00, 0x00, 0x00, 0x00, 0x00, 0x00, 0x00, 0x00, 0x00, 0x00, 0x00, 0x00, 0x00, 0x00, 0x00, 0x00, 0x00,
    0x00, 0x00, 0x00, 0x00, 0x00, 0x00, 0x00, 0x00, 0x00, 0x24, 0x21, 0x1b, 0x24, 0x21, 0xff, 0x24, 0x21, 0x0f, 0x00, 0x00, 0x00, 0x00, 0x00, 0x00,
    0x00, 0x00, 0x00, 0x00, 0x00, 0x00, 0x00, 0x00, 0x00, 0x00, 0x00, 0x00, 0x00, 0x00, 0x00, 0x24, 0x21, 0x03, 0x24, 0x21, 0xee, 0x24, 0x21, 0x27,
    0x00, 0x00, 0x00, 0x24, 0x21, 0x45, 0x24, 0x21, 0xc8, 0x00, 0x00, 0x00, 0x00, 0x00, 0x00, 0x24, 0x21, 0xe8, 0x24, 0x21, 0x36, 0x00, 0x00, 0x00,
    0x24, 0x21, 0x25, 0x24, 0x21, 0xf3, 0x00, 0x00, 0x00, 0x00, 0x00, 0x00, 0x00, 0x00, 0x00, 0x24, 0x21, 0x53, 0x24, 0x21, 0xcb, 0x00, 0x00, 0x00,
    0x00, 0x00, 0x00, 0x00, 0x00, 0x00, 0x00, 0x00, 0x00, 0x24, 0x21, 0x63, 0x24, 0x21, 0xc3, 0x24, 0x21, 0x0f, 0x24, 0x21, 0x0f, 0x24, 0x21, 0x0f,
    0x24, 0x21, 0x0f, 0x24, 0x21, 0x04, 0x00, 0x00, 0x00, 0x00, 0x00, 0x00, 0x00, 0x00, 0x00, 0x00, 0x00, 0x00, 0x24, 0x21, 0x02, 0x24, 0x21, 0x14,
    0x00, 0x00, 0x00, 0x00, 0x00, 0x00, 0x00, 0x00, 0x00, 0x24, 0x21, 0x0d, 0x24, 0x21, 0xfb, 0x24, 0x21, 0x61, 0x00, 0x00, 0x00, 0x00, 0x00, 0x00,
    0x00, 0x00, 0x00, 0x00, 0x00, 0x00, 0x00, 0x00, 0x00, 0x00, 0x00, 0x00, 0x00, 0x00, 0x00, 0x00, 0x00, 0x00, 0x00, 0x00, 0x00, 0x00, 0x00, 0x00,
    0x24, 0x21, 0x1b, 0x24, 0x21, 0xff, 0x24, 0x21, 0x0f, 0x00, 0x00, 0x00, 0x00, 0x00, 0x00, 0x00, 0x00, 0x00, 0x00, 0x00, 0x00, 0x00, 0x00, 0x00,
    0x00, 0x00, 0x00, 0x00, 0x00, 0x00, 0x24, 0x21, 0x3f, 0x24, 0x21, 0xd4, 0x00, 0x00, 0x00, 0x24, 0x21, 0x07, 0x24, 0x21, 0x43, 0x24, 0x21, 0xfc,
    0x24, 0x21, 0x1b, 0x24, 0x21, 0x25, 0x24, 0x21, 0xfb, 0x24, 0x21, 0x0c, 0x00, 0x00, 0x00, 0x24, 0x21, 0x34, 0x24, 0x21, 0xe6, 0x00, 0x00, 0x00,
    0x00, 0x00, 0x00, 0x00, 0x00, 0x00, 0x24, 0x21, 0x53, 0x24, 0x21, 0xcb, 0x00, 0x00, 0x00, 0x00, 0x00, 0x00, 0x00, 0x00, 0x00, 0x00, 0x00, 0x00,
    0x24, 0x21, 0x63, 0x24, 0x21, 0xff, 0x24, 0x21, 0xff, 0x24, 0x21, 0xff, 0x24, 0x21, 0xff, 0x24, 0x21, 0xff, 0x24, 0x21, 0x43, 0x00, 0x00, 0x00,
    0x00, 0x00, 0x00, 0x00, 0x00, 0x00, 0x00, 0x00, 0x00, 0x24, 0x21, 0x4f, 0x24, 0x21, 0xea, 0x24, 0x21, 0x6f, 0x24, 0x21, 0x34, 0x24, 0x21, 0x53,
    0x24, 0x21, 0xbd, 0x24, 0x21, 0xe8, 0x24, 0x21, 0x17, 0x00, 0x00, 0x00, 0x00, 0x00, 0x00, 0x00, 0x00, 0x00, 0x00, 0x00, 0x00, 0x00, 0x00, 0x00,
    0x00, 0x00, 0x00, 0x00, 0x00, 0x00, 0x00, 0x00, 0x00, 0x00, 0x00, 0x00, 0x00, 0x00, 0x00, 0x24, 0x21, 0x1b, 0x24, 0x21, 0xff, 0x24, 0x21, 0x0f,
    0x00, 0x00, 0x00, 0x00, 0x00, 0x00, 0x00, 0x00, 0x00, 0x00, 0x00, 0x00, 0x00, 0x00, 0x00, 0x00, 0x00, 0x00, 0x00, 0x00, 0x00, 0x24, 0x21, 0xa8,
    0x24, 0x21, 0xd3, 0x24, 0x21, 0xbd, 0x24, 0x21, 0xf7, 0x24, 0x21, 0xf4, 0x24, 0x21, 0xe8, 0x24, 0x21, 0x61, 0x24, 0x21, 0x7e, 0x24, 0x21, 0xb5,
    0x00, 0x00, 0x00, 0x00, 0x00, 0x00, 0x24, 0x21, 0x47, 0x24, 0x21, 0xd5, 0x00, 0x00, 0x00, 0x00, 0x00, 0x00, 0x00, 0x00, 0x00, 0x24, 0x21, 0x53,
    0x24, 0x21, 0xcb, 0x00, 0x00, 0x00, 0x00, 0x00, 0x00, 0x00, 0x00, 0x00, 0x00, 0x00, 0x00, 0x24, 0x21, 0x63, 0x24, 0x21, 0xbf, 0x00, 0x00, 0x00,
    0x00, 0x00, 0x00, 0x00, 0x00, 0x00, 0x00, 0x00, 0x00, 0x00, 0x00, 0x00, 0x00, 0x00, 0x00, 0x00, 0x00, 0x00, 0x00, 0x00, 0x00, 0x00, 0x00, 0x00,
    0x00, 0x00, 0x00, 0x24, 0x21, 0x50, 0x24, 0x21, 0xb1, 0x24, 0x21, 0xe8, 0x24, 0x21, 0xea, 0x24, 0x21, 0xae, 0x24, 0x21, 0x28, 0x00, 0x00, 0x00,
    0x00, 0x00, 0x00, 0x00, 0x00, 0x00, 0x00, 0x00, 0x00, 0x00, 0x00, 0x00, 0x00, 0x00, 0x00, 0x00, 0x00, 0x00, 0x00, 0x00, 0x00, 0x00, 0x00, 0x00,
    0x00, 0x00, 0x00, 0x00, 0x00, 0x00, 0x24, 0x21, 0x1b, 0x24, 0x21, 0xff, 0x24, 0x21, 0x0f, 0x00, 0x00, 0x00, 0x00, 0x00, 0x00, 0x00, 0x00, 0x00,
    0x00, 0x00, 0x00, 0x00, 0x00, 0x00, 0x00, 0x00, 0x00, 0x00, 0x00, 0x00, 0x24, 0x21, 0xe5, 0x24, 0x21, 0xd3, 0x24, 0x21, 0x87, 0x24, 0x21, 0x3f,
    0x24, 0x21, 0x05, 0x24, 0x21, 0x60, 0x24, 0x21, 0x6d, 0x24, 0x21, 0xdb, 0x24, 0x21, 0x5c, 0x00, 0x00, 0x00, 0x00, 0x00, 0x00, 0x24, 0x21, 0x63,
    0x24, 0x21, 0xbc, 0x00, 0x00, 0x00, 0x00, 0x00, 0x00, 0x00, 0x00, 0x00, 0x24, 0x21, 0x53, 0x24, 0x21, 0xcb, 0x00, 0x00, 0x00, 0x00, 0x00, 0x00,
    0x00, 0x00, 0x00, 0x00, 0x00, 0x00, 0x24, 0x21, 0x63, 0x24, 0x21, 0xbf, 0x00, 0x00, 0x00, 0x00, 0x00, 0x00, 0x00, 0x00, 0x00, 0x00, 0x00, 0x00,
    0x00, 0x00, 0x00, 0x00, 0x00, 0x00, 0x00, 0x00, 0x00, 0x00, 0x00, 0x00, 0x00, 0x00, 0x00, 0x00, 0x00, 0x00, 0x00, 0x00, 0x00, 0x00, 0x00, 0x00,
    0x00, 0x00, 0x00, 0x00, 0x00, 0x00, 0x00, 0x00, 0x00, 0x00, 0x00, 0x00, 0x00, 0x00, 0x00, 0x00, 0x00, 0x00, 0x00, 0x00, 0x00, 0x00, 0x00, 0x00,
    0x00, 0x00, 0x00, 0x00, 0x00, 0x00, 0x00, 0x00, 0x00, 0x00, 0x00, 0x00, 0x00, 0x00, 0x00, 0x00, 0x00, 0x00, 0x00, 0x00, 0x00, 0x24, 0x21, 0x1b,
    0x24, 0x21, 0xff, 0x24, 0x21, 0x0f, 0x00, 0x00, 0x00, 0x00, 0x00, 0x00, 0x00, 0x00, 0x00, 0x00, 0x00, 0x00, 0x00, 0x00, 0x00, 0x00, 0x00, 0x00,
    0x00, 0x00, 0x00, 0x24, 0x21, 0x19, 0x00, 0x00, 0x00, 0x00, 0x00, 0x00, 0x00, 0x00, 0x00, 0x00, 0x00, 0x00, 0x00, 0x00, 0x00, 0x24, 0x21, 0x83,
    0x24, 0x21, 0xda, 0x24, 0x21, 0x11, 0x24, 0x21, 0x0f, 0x24, 0x21, 0x0a, 0x24, 0x21, 0xb1, 0x24, 0x21, 0x91, 0x00, 0x00, 0x00, 0x00, 0x00, 0x00,
    0x00, 0x00, 0x00, 0x24, 0x21, 0x53, 0x24, 0x21, 0xcb, 0x00, 0x00, 0x00, 0x00, 0x00, 0x00, 0x00, 0x00, 0x00, 0x00, 0x00, 0x00, 0x24, 0x21, 0x63,
    0x24, 0x21, 0xbf, 0x00, 0x00, 0x00, 0x00, 0x00, 0x00, 0x00, 0x00, 0x00, 0x00, 0x00, 0x00, 0x00, 0x00, 0x00, 0x00, 0x00, 0x00, 0x00, 0x00, 0x00,
    0x00, 0x00, 0x00, 0x00, 0x00, 0x00, 0x00, 0x00, 0x00, 0x00, 0x00, 0x00, 0x00, 0x00, 0x00, 0x00, 0x00, 0x00, 0x00, 0x00, 0x00, 0x00, 0x00, 0x00,
    0x00, 0x00, 0x00, 0x00, 0x00, 0x00, 0x00, 0x00, 0x00, 0x00, 0x00, 0x00, 0x00, 0x00, 0x00, 0x00, 0x00, 0x00, 0x00, 0x00, 0x00, 0x00, 0x00, 0x00,
    0x00, 0x00, 0x00, 0x00, 0x00, 0x00, 0x00, 0x00, 0x00, 0x00, 0x00, 0x00, 0x00, 0x00, 0x00, 0x00, 0x00, 0x00, 0x00, 0x00, 0x00, 0x00, 0x00, 0x00,
    0x00, 0x00, 0x00, 0x00, 0x00, 0x00, 0x00, 0x00, 0x00, 0x00, 0x00, 0x00, 0x00, 0x00, 0x00, 0x00, 0x00, 0x00, 0x00, 0x00, 0x00, 0x00, 0x00, 0x00,
    0x00, 0x00, 0x00, 0x00, 0x00, 0x00, 0x00, 0x00, 0x00, 0x24, 0x21, 0x05, 0x24, 0x21, 0xd5, 0x24, 0x21, 0x36, 0x24, 0x21, 0x14, 0x24, 0x21, 0xfc,
    0x24, 0x21, 0xff, 0x24, 0x21, 0xea, 0x24, 0x21, 0x2d, 0x00, 0x00, 0x00, 0x00, 0x00, 0x00, 0x00, 0x00, 0x00, 0x24, 0x21, 0x46, 0x24, 0x21, 0xac,
    0x00, 0x00, 0x00, 0x00, 0x00, 0x00, 0x00, 0x00, 0x00, 0x00, 0x00, 0x00, 0x24, 0x21, 0x55, 0x24, 0x21, 0xa4, 0x00, 0x00, 0x00, 0x00, 0x00, 0x00,
    0x00, 0x00, 0x00, 0x00, 0x00, 0x00, 0x00, 0x00, 0x00, 0x00, 0x00, 0x00, 0x00, 0x00, 0x00, 0x00, 0x00, 0x00, 0x00, 0x00, 0x00, 0x00, 0x00, 0x00,
    0x00, 0x00, 0x00, 0x00, 0x00, 0x00, 0x00, 0x00, 0x00, 0x00, 0x00, 0x00, 0x00, 0x00, 0x00, 0x00, 0x00, 0x00, 0x00, 0x00, 0x00, 0x00, 0x00, 0x00,
    0x00, 0x00, 0x00, 0x00, 0x00, 0x00, 0x00, 0x00, 0x00, 0x00, 0x00, 0x00, 0x00, 0x00, 0x00, 0x00, 0x00, 0x00, 0x00, 0x00, 0x00, 0x00, 0x00, 0x00,
    0x00, 0x00, 0x00, 0x00, 0x00, 0x00, 0x00, 0x00, 0x00, 0x00, 0x00, 0x00, 0x00, 0x00, 0x00, 0x00, 0x00, 0x00, 0x00, 0x00, 0x00, 0x00, 0x00, 0x00,
    0x00, 0x00, 0x00, 0x00, 0x00, 0x00, 0x00, 0x00, 0x00, 0x00, 0x00, 0x00, 0x00, 0x00, 0x00, 0x00, 0x00, 0x00, 0x00, 0x00, 0x00, 0x00, 0x00, 0x00,
    0x00, 0x00, 0x00, 0x24, 0x21, 0x04, 0x00, 0x00, 0x00, 0x00, 0x00, 0x00, 0x24, 0x21, 0x03, 0x24, 0x21, 0x08, 0x00, 0x00, 0x00, 0x00, 0x00, 0x00,
    0x00, 0x00, 0x00, 0x00, 0x00, 0x00, 0x00, 0x00, 0x00, 0x00, 0x00, 0x00, 0x00, 0x00, 0x00, 0x00, 0x00, 0x00, 0x00, 0x00, 0x00, 0x00, 0x00, 0x00,
    0x00, 0x00, 0x00, 0x00, 0x00, 0x00, 0x00, 0x00, 0x00, 0x00, 0x00, 0x00, 0x00, 0x00, 0x00, 0x00, 0x00, 0x00, 0x00, 0x00, 0x00, 0x00, 0x00, 0x00,
    0x00, 0x00, 0x00, 0x00, 0x00, 0x00, 0x00, 0x00, 0x00, 0x00, 0x00, 0x00, 0x00, 0x00, 0x00, 0x00, 0x00, 0x00, 0x00, 0x00, 0x00, 0x00, 0x00, 0x00,
    0x00, 0x00, 0x00, 0x00, 0x00, 0x00, 0x00, 0x00, 0x00, 0x00, 0x00, 0x00, 0x00, 0x00, 0x00, 0x00, 0x00, 0x00, 0x00, 0x00, 0x00, 0x00, 0x00, 0x00,
    0x00, 0x00, 0x00, 0x00, 0x00, 0x00, 0x00, 0x00, 0x00, 0x00, 0x00, 0x00, 0x00, 0x00, 0x00, 0x00, 0x00, 0x00, 0x00, 0x00, 0x00, 0x00, 0x00, 0x00,
    0x00, 0x00, 0x00, 0x00, 0x00, 0x00, 0x00, 0x00, 0x00, 0x00, 0x00, 0x00, 0x00, 0x00, 0x00, 0x00, 0x00, 0x00, 0x00, 0x00, 0x00, 0x00, 0x00, 0x00,
    0x00, 0x00, 0x00, 0x00, 0x00, 0x00, 0x00, 0x00, 0x00, 0x00, 0x00, 0x00, 0x00, 0x00, 0x00, 0x00, 0x00, 0x00, 0x00, 0x00, 0x00, 0x00, 0x00, 0x00,
    0x00, 0x00, 0x00, 0x00, 0x00, 0x00, 0x00, 0x00, 0x00, 0x00, 0x00, 0x00, 0x00, 0x00, 0x00, 0x00, 0x00, 0x00, 0x00, 0x00, 0x00, 0x00, 0x00, 0x00,
    0x00, 0x00, 0x00, 0x00, 0x00, 0x00, 0x00, 0x00, 0x00, 0x00, 0x00, 0x00, 0x00, 0x00, 0x00, 0x00, 0x00, 0x00, 0x00, 0x00, 0x00, 0x00, 0x00, 0x00,
    0x00, 0x00, 0x00, 0x00, 0x00, 0x00, 0x00, 0x00, 0x00, 0x00, 0x00, 0x00, 0x00, 0x00, 0x00, 0x00, 0x00, 0x00, 0x00, 0x00, 0x00, 0x00, 0x00, 0x00,
    0x00, 0x00, 0x00, 0x00, 0x00, 0x00, 0x00, 0x00, 0x00, 0x00, 0x00, 0x00, 0x00, 0x00, 0x00, 0x00, 0x00, 0x00, 0x00, 0x00, 0x00, 0x00, 0x00, 0x00,
    0x00, 0x00, 0x00, 0x00, 0x00, 0x00, 0x00, 0x00, 0x00, 0x00, 0x00, 0x00, 0x00, 0x00, 0x00, 0x00, 0x00, 0x00, 0x00, 0x00, 0x00, 0x00, 0x00, 0x00,
    0x00, 0x00, 0x00, 0x00, 0x00, 0x00, 0x00, 0x00, 0x00, 0x00, 0x00, 0x00, 0x00, 0x00, 0x00, 0x00, 0x00, 0x00, 0x00, 0x00, 0x00, 0x00, 0x00, 0x00,
    0x00, 0x00, 0x00, 0x00, 0x00, 0x00, 0x00, 0x00, 0x00, 0x00, 0x00, 0x00, 0x00, 0x00, 0x00, 0x00, 0x00, 0x00, 0x00, 0x00, 0x00, 0x00, 0x00, 0x00,
    0x00, 0x00, 0x00, 0x00, 0x00, 0x00, 0x00, 0x00, 0x00, 0x00, 0x00, 0x00, 0x00, 0x00, 0x00, 0x00, 0x00, 0x00, 0x00, 0x00, 0x00, 0x00, 0x00, 0x00,
    0x00, 0x00, 0x00, 0x00, 0x00, 0x00, 0x00, 0x00, 0x00, 0x00, 0x00, 0x00, 0x00, 0x00, 0x00, 0x00, 0x00, 0x00, 0x00, 0x00, 0x00, 0x00, 0x00, 0x00,
    0x00, 0x00, 0x00, 0x00, 0x00, 0x00, 0x00, 0x00, 0x00, 0x00, 0x00, 0x00, 0x00, 0x00, 0x00, 0x00, 0x00, 0x00, 0x00, 0x00, 0x00, 0x00, 0x00, 0x00,
    0x00, 0x00, 0x00, 0x00, 0x00, 0x00, 0x00, 0x00, 0x00, 0x00, 0x00, 0x00,
};
const lv_img_dsc_t zh_three_moves = {
    .header.always_zero = 0,
    .header.w = 61,
    .header.h = 20,
    .data_size = 3660,
    .header.cf = LV_IMG_CF_TRUE_COLOR_ALPHA,
    .data = zh_three_moves_map,
};

#ifndef LV_ATTRIBUTE_IMG_ZH_TODAY_PLAN
#define LV_ATTRIBUTE_IMG_ZH_TODAY_PLAN
#endif
const LV_ATTRIBUTE_MEM_ALIGN LV_ATTRIBUTE_LARGE_CONST LV_ATTRIBUTE_IMG_ZH_TODAY_PLAN uint8_t zh_today_plan_map[] = {
    0x00, 0x00, 0x00, 0x00, 0x00, 0x00, 0x00, 0x00, 0x00, 0x00, 0x00, 0x00, 0x00, 0x00, 0x00, 0x00, 0x00, 0x00, 0x00, 0x00, 0x00, 0x00, 0x00, 0x00,
    0x00, 0x00, 0x00, 0x00, 0x00, 0x00, 0x00, 0x00, 0x00, 0x00, 0x00, 0x00, 0x00, 0x00, 0x00, 0x00, 0x00, 0x00, 0x00, 0x00, 0x00, 0x00, 0x00, 0x00,
    0x00, 0x00, 0x00, 0x00, 0x00, 0x00, 0x00, 0x00, 0x00, 0x00, 0x00, 0x00, 0x00, 0x00, 0x00, 0x00, 0x00, 0x00, 0x00, 0x00, 0x00, 0x00, 0x00, 0x00,
    0x00, 0x00, 0x00, 0x00, 0x00, 0x00, 0x00, 0x00, 0x00, 0x00, 0x00, 0x00, 0x00, 0x00, 0x00, 0x00, 0x00, 0x00, 0x00, 0x00, 0x00, 0x00, 0x00, 0x00,
    0x00, 0x00, 0x00, 0x00, 0x00, 0x00, 0x00, 0x00, 0x00, 0x00, 0x00, 0x00, 0x00, 0x00, 0x00, 0x00, 0x00, 0x00, 0x00, 0x00, 0x00, 0x00, 0x00, 0x00,
    0x00, 0x00, 0x00, 0x00, 0x00, 0x00, 0x00, 0x00, 0x00, 0x00, 0x00, 0x00, 0x00, 0x00, 0x00, 0x00, 0x00, 0x00, 0x00, 0x00, 0x00, 0x00, 0x00, 0x00,
    0x00, 0x00, 0x00, 0x00, 0x00, 0x00, 0x00, 0x00, 0x00, 0x00, 0x00, 0x00, 0x00, 0x00, 0x00, 0x00, 0x00, 0x00, 0x00, 0x00, 0x00, 0x00, 0x00, 0x00,
    0x00, 0x00, 0x00, 0x00, 0x00, 0x00, 0x00, 0x00, 0x00, 0x00, 0x00, 0x00, 0x00, 0x00, 0x00, 0x00, 0x00, 0x00, 0x00, 0x00, 0x00, 0x00, 0x00, 0x00,
    0x00, 0x00, 0x00, 0x00, 0x00, 0x00, 0x00, 0x00, 0x00, 0x00, 0x00, 0x00, 0x00, 0x00, 0x00, 0x00, 0x00, 0x00, 0x00, 0x00, 0x00, 0x00, 0x00, 0x00,
    0x00, 0x00, 0x00, 0x00, 0x00, 0x00, 0x00, 0x00, 0x00, 0x00, 0x00, 0x00, 0x00, 0x00, 0x00, 0x00, 0x00, 0x00, 0x00, 0x00, 0x00, 0x00, 0x00, 0x00,
    0x00, 0x00, 0x00, 0x00, 0x00, 0x00, 0x00, 0x00, 0x00, 0x00, 0x00, 0x00, 0x00, 0x00, 0x00, 0x00, 0x00, 0x00, 0x00, 0x00, 0x00, 0x00, 0x00, 0x00,
    0x00, 0x00, 0x00, 0x00, 0x00, 0x00, 0x00, 0x00, 0x00, 0x00, 0x00, 0x00, 0x00, 0x00, 0x00, 0x00, 0x00, 0x00, 0x00, 0x00, 0x00, 0x00, 0x00, 0x00,
    0x00, 0x00, 0x00, 0x00, 0x00, 0x00, 0x00, 0x00, 0x00, 0x00, 0x00, 0x00, 0x00, 0x00, 0x00, 0x00, 0x00, 0x00, 0x00, 0x00, 0x00, 0x00, 0x00, 0x00,
    0x00, 0x00, 0x00, 0x00, 0x00, 0x00, 0x00, 0x00, 0x00, 0x00, 0x00, 0x00, 0x00, 0x00, 0x00, 0x00, 0x00, 0x00, 0x00, 0x00, 0x00, 0x00, 0x00, 0x00,
    0x00, 0x00, 0x00, 0x00, 0x00, 0x00, 0x00, 0x00, 0x00, 0x00, 0x00, 0x00, 0x00, 0x00, 0x00, 0x00, 0x00, 0x00, 0x00, 0x00, 0x00, 0x00, 0x00, 0x00,
    0x00, 0x00, 0x00, 0x00, 0x00, 0x00, 0x00, 0x00, 0x00, 0x00, 0x00, 0x00, 0x00, 0x00, 0x00, 0x00, 0x00, 0x00, 0x00, 0x00, 0x00, 0x00, 0x00, 0x00,
    0x00, 0x00, 0x00, 0x00, 0x00, 0x00, 0x00, 0x00, 0x00, 0x00, 0x00, 0x00, 0x00, 0x00, 0x00, 0x00, 0x00, 0x00, 0x00, 0x00, 0x00, 0x00, 0x00, 0x00,
    0x00, 0x00, 0x00, 0x00, 0x00, 0x00, 0x00, 0x00, 0x00, 0x00, 0x00, 0x00, 0x00, 0x00, 0x00, 0x00, 0x00, 0x00, 0x00, 0x00, 0x00, 0x00, 0x00, 0x00,
    0x00, 0x00, 0x00, 0x00, 0x00, 0x00, 0x00, 0x00, 0x00, 0x00, 0x00, 0x00, 0x00, 0x00, 0x00, 0x00, 0x00, 0x00, 0x00, 0x00, 0x00, 0x00, 0x00, 0x00,
    0x00, 0x00, 0x00, 0x00, 0x00, 0x00, 0x00, 0x00, 0x00, 0x00, 0x00, 0x00, 0x00, 0x00, 0x00, 0x00, 0x00, 0x00, 0x00, 0x00, 0x00, 0x00, 0x00, 0x00,
    0x00, 0x00, 0x00, 0x00, 0x00, 0x00, 0x00, 0x00, 0x00, 0x00, 0x00, 0x00, 0x00, 0x00, 0x00, 0x00, 0x00, 0x00, 0x00, 0x00, 0x00, 0x00, 0x00, 0x00,
    0x00, 0x00, 0x00, 0x00, 0x00, 0x00, 0x00, 0x00, 0x00, 0x00, 0x00, 0x00, 0x00, 0x00, 0x00, 0x00, 0x00, 0x00, 0x00, 0x00, 0x00, 0x00, 0x00, 0x00,
    0x00, 0x00, 0x00, 0x00, 0x00, 0x00, 0x00, 0x00, 0x00, 0x00, 0x00, 0x00, 0x00, 0x00, 0x00, 0x00, 0x00, 0x00, 0x00, 0x00, 0x00, 0x00, 0x00, 0x00,
    0x00, 0x00, 0x00, 0x00, 0x00, 0x00, 0x00, 0x00, 0x00, 0x00, 0x00, 0x00, 0x00, 0x00, 0x00, 0x00, 0x00, 0x00, 0x00, 0x00, 0x00, 0x00, 0x00, 0x00,
    0x00, 0x00, 0x00, 0x00, 0x00, 0x00, 0x00, 0x00, 0x00, 0x00, 0x00, 0x00, 0x00, 0x00, 0x00, 0x8e, 0x35, 0x0b, 0x00, 0x00, 0x00, 0x00, 0x00, 0x00,
    0x00, 0x00, 0x00, 0x00, 0x00, 0x00, 0x00, 0x00, 0x00, 0x00, 0x00, 0x00, 0x00, 0x00, 0x00, 0x00, 0x00, 0x00, 0x00, 0x00, 0x00, 0x00, 0x00, 0x00,
    0x00, 0x00, 0x00, 0x00, 0x00, 0x00, 0x00, 0x00, 0x00, 0x00, 0x00, 0x00, 0x00, 0x00, 0x00, 0x00, 0x00, 0x00, 0x00, 0x00, 0x00, 0x00, 0x00, 0x00,
    0x00, 0x00, 0x00, 0x00, 0x00, 0x00, 0x00, 0x00, 0x00, 0x00, 0x00, 0x00, 0x00, 0x00, 0x00, 0x00, 0x00, 0x00, 0x00, 0x00, 0x00, 0x00, 0x00, 0x00,
    0x00, 0x00, 0x00, 0x00, 0x00, 0x00, 0x00, 0x00, 0x00, 0x00, 0x00, 0x00, 0x00, 0x00, 0x00, 0x00, 0x00, 0x00, 0x00, 0x00, 0x00, 0x00, 0x00, 0x00,
    0x00, 0x00, 0x00, 0x00, 0x00, 0x00, 0x00, 0x00, 0x00, 0x00, 0x00, 0x00, 0x00, 0x00, 0x00, 0x8e, 0x35, 0x09, 0x00, 0x00, 0x00, 0x00, 0x00, 0x00,
    0x00, 0x00, 0x00, 0x00, 0x00, 0x00, 0x00, 0x00, 0x00, 0x8e, 0x35, 0x14, 0x8e, 0x35, 0x02, 0x00, 0x00, 0x00, 0x00, 0x00, 0x00, 0x00, 0x00, 0x00,
    0x00, 0x00, 0x00, 0x00, 0x00, 0x00, 0x00, 0x00, 0x00, 0x00, 0x00, 0x00, 0x00, 0x00, 0x00, 0x00, 0x00, 0x00, 0x00, 0x00, 0x00, 0x00, 0x00, 0x00,
    0x00, 0x00, 0x00, 0x00, 0x00, 0x00, 0x00, 0x00, 0x00, 0x00, 0x00, 0x00, 0x00, 0x00, 0x00, 0x00, 0x00, 0x00, 0x00, 0x00, 0x00, 0x00, 0x00, 0x00,
    0x00, 0x00, 0x00, 0x00, 0x00, 0x00, 0x00, 0x00, 0x00, 0x00, 0x00, 0x00, 0x00, 0x00, 0x00, 0x00, 0x00, 0x00, 0x00, 0x00, 0x00, 0x00, 0x00, 0x00,
    0x00, 0x00, 0x00, 0x00, 0x00, 0x00, 0x00, 0x00, 0x00, 0x00, 0x00, 0x00, 0x00, 0x00, 0x00, 0x00, 0x00, 0x00, 0x00, 0x00, 0x00, 0x00, 0x00, 0x00,
    0x00, 0x00, 0x00, 0x00, 0x00, 0x00, 0x00, 0x00, 0x00, 0x00, 0x00, 0x00, 0x00, 0x00, 0x00, 0x00, 0x00, 0x00, 0x00, 0x00, 0x00, 0x00, 0x00, 0x00,
    0x00, 0x00, 0x00, 0x00, 0x00, 0x00, 0x8e, 0x35, 0x4e, 0x8e, 0x35, 0xf1, 0x8e, 0x35, 0x7a, 0x00, 0x00, 0x00, 0x00, 0x00, 0x00, 0x00, 0x00, 0x00,
    0x00, 0x00, 0x00, 0x00, 0x00, 0x00, 0x00, 0x00, 0x00, 0x00, 0x00, 0x00, 0x00, 0x00, 0x00, 0x00, 0x00, 0x00, 0x00, 0x00, 0x00, 0x00, 0x00, 0x00,
    0x00, 0x00, 0x00, 0x00, 0x00, 0x00, 0x00, 0x00, 0x00, 0x00, 0x00, 0x00, 0x00, 0x00, 0x00, 0x00, 0x00, 0x00, 0x00, 0x00, 0x00, 0x00, 0x00, 0x00,
    0x00, 0x00, 0x00, 0x00, 0x00, 0x00, 0x00, 0x00, 0x00, 0x8e, 0x35, 0x28, 0x8e, 0x35, 0x8e, 0x8e, 0x35, 0x04, 0x00, 0x00, 0x00, 0x00, 0x00, 0x00,
    0x8e, 0x35, 0x6b, 0x8e, 0x35, 0x79, 0x00, 0x00, 0x00, 0x00, 0x00, 0x00, 0x00, 0x00, 0x00, 0x00, 0x00, 0x00, 0x8e, 0x35, 0x71, 0x8e, 0x35, 0x97,
    0x8e, 0x35, 0x09, 0x00, 0x00, 0x00, 0x00, 0x00, 0x00, 0x8e, 0x35, 0x95, 0x8e, 0x35, 0xc0, 0x8e, 0x35, 0x19, 0x00, 0x00, 0x00, 0x00, 0x00, 0x00,
    0x8e, 0x35, 0x02, 0x8e, 0x35, 0xf3, 0x8e, 0x35, 0xcc, 0x00, 0x00, 0x00, 0x00, 0x00, 0x00, 0x00, 0x00, 0x00, 0x00, 0x00, 0x00, 0x00, 0x00, 0x00,
    0x00, 0x00, 0x00, 0x00, 0x00, 0x00, 0x8e, 0x35, 0x6c, 0x8e, 0x35, 0x4d, 0x00, 0x00, 0x00, 0x00, 0x00, 0x00, 0x00, 0x00, 0x00, 0x00, 0x00, 0x00,
    0x00, 0x00, 0x00, 0x8e, 0x35, 0xd5, 0x8e, 0x35, 0xeb, 0x8e, 0x35, 0x07, 0x00, 0x00, 0x00, 0x00, 0x00, 0x00, 0x00, 0x00, 0x00, 0x00, 0x00, 0x00,
    0x00, 0x00, 0x00, 0x8e, 0x35, 0xbc, 0x8e, 0x35, 0xf7, 0x8e, 0x35, 0x23, 0x8e, 0x35, 0xa4, 0x8e, 0x35, 0x25, 0x00, 0x00, 0x00, 0x00, 0x00, 0x00,
    0x00, 0x00, 0x00, 0x00, 0x00, 0x00, 0x00, 0x00, 0x00, 0x8e, 0x35, 0xb6, 0x8e, 0x35, 0xc3, 0x00, 0x00, 0x00, 0x00, 0x00, 0x00, 0x00, 0x00, 0x00,
    0x00, 0x00, 0x00, 0x00, 0x00, 0x00, 0x00, 0x00, 0x00, 0x00, 0x00, 0x00, 0x00, 0x00, 0x00, 0x00, 0x00, 0x00, 0x00, 0x00, 0x00, 0x8e, 0x35, 0x1e,
    0x8e, 0x35, 0xeb, 0x8e, 0x35, 0xff, 0x8e, 0x35, 0xe2, 0x8e, 0x35, 0x18, 0x00, 0x00, 0x00, 0x00, 0x00, 0x00, 0x00, 0x00, 0x00, 0x00, 0x00, 0x00,
    0x00, 0x00, 0x00, 0x00, 0x00, 0x00, 0x00, 0x00, 0x00, 0x8e, 0x35, 0xb3, 0x8e, 0x35, 0xff, 0x8e, 0x35, 0xff, 0x8e, 0x35, 0xff, 0x8e, 0x35, 0xff,
    0x8e, 0x35, 0xff, 0x8e, 0x35, 0xff, 0x8e, 0x35, 0xff, 0x8e, 0x35, 0xff, 0x8e, 0x35, 0xff, 0x8e, 0x35, 0xc3, 0x00, 0x00, 0x00, 0x00, 0x00, 0x00,
    0x00, 0x00, 0x00, 0x8e, 0x35, 0xa7, 0x8e, 0x35, 0xff, 0x8e, 0x35, 0xbc, 0x8e, 0x35, 0x0c, 0x00, 0x00, 0x00, 0x8e, 0x35, 0xd7, 0x8e, 0x35, 0xf3,
    0x00, 0x00, 0x00, 0x8e, 0x35, 0x7d, 0x8e, 0x35, 0x98, 0x00, 0x00, 0x00, 0x8e, 0x35, 0xbf, 0x8e, 0x35, 0xff, 0x8e, 0x35, 0x0f, 0x00, 0x00, 0x00,
    0x00, 0x00, 0x00, 0x8e, 0x35, 0xdf, 0x8e, 0x35, 0xec, 0x8e, 0x35, 0x06, 0x8e, 0x35, 0x4a, 0x8e, 0x35, 0xa3, 0x8e, 0x35, 0xad, 0x8e, 0x35, 0xff,
    0x8e, 0x35, 0xe0, 0x8e, 0x35, 0xa3, 0x8e, 0x35, 0xa3, 0x8e, 0x35, 0xa3, 0x8e, 0x35, 0xa3, 0x8e, 0x35, 0x02, 0x00, 0x00, 0x00, 0x8e, 0x35, 0x14,
    0x8e, 0x35, 0xf1, 0x8e, 0x35, 0xfc, 0x8e, 0x35, 0x5f, 0x00, 0x00, 0x00, 0x00, 0x00, 0x00, 0x00, 0x00, 0x00, 0x00, 0x00, 0x00, 0x8e, 0x35, 0xe7,
    0x8e, 0x35, 0xff, 0x8e, 0x35, 0x07, 0x00, 0x00, 0x00, 0x00, 0x00, 0x00, 0x00, 0x00, 0x00, 0x00, 0x00, 0x00, 0x00, 0x00, 0x00, 0x8e, 0x35, 0xb8,
    0x8e, 0x35, 0xff, 0x8e, 0x35, 0x59, 0x8e, 0x35, 0xf8, 0x8e, 0x35, 0xe9, 0x8e, 0x35, 0x24, 0x00, 0x00, 0x00, 0x8e, 0x35, 0x32, 0x8e, 0x35, 0x47,
    0x8e, 0x35, 0x01, 0x8e, 0x35, 0xd7, 0x8e, 0x35, 0xe7, 0x00, 0x00, 0x00, 0x00, 0x00, 0x00, 0x00, 0x00, 0x00, 0x00, 0x00, 0x00, 0x00, 0x00, 0x00,
    0x00, 0x00, 0x00, 0x00, 0x00, 0x00, 0x00, 0x00, 0x00, 0x00, 0x00, 0x00, 0x8e, 0x35, 0x1e, 0x8e, 0x35, 0xdd, 0x8e, 0x35, 0xff, 0x8e, 0x35, 0xe9,
    0x8e, 0x35, 0xff, 0x8e, 0x35, 0xd8, 0x8e, 0x35, 0x21, 0x00, 0x00, 0x00, 0x00, 0x00, 0x00, 0x00, 0x00, 0x00, 0x00, 0x00, 0x00, 0x00, 0x00, 0x00,
    0x00, 0x00, 0x00, 0x8e, 0x35, 0xb3, 0x8e, 0x35, 0xff, 0x8e, 0x35, 0xda, 0x8e, 0x35, 0xd3, 0x8e, 0x35, 0xd3, 0x8e, 0x35, 0xd3, 0x8e, 0x35, 0xd3,
    0x8e, 0x35, 0xd3, 0x8e, 0x35, 0xda, 0x8e, 0x35, 0xff, 0x8e, 0x35, 0xc3, 0x00, 0x00, 0x00, 0x00, 0x00, 0x00, 0x00, 0x00, 0x00, 0x8e, 0x35, 0x0a,
    0x8e, 0x35, 0xb6, 0x8e, 0x35, 0xff, 0x8e, 0x35, 0xb4, 0x00, 0x00, 0x00, 0x8e, 0x35, 0xd7, 0x8e, 0x35, 0xf3, 0x00, 0x00, 0x00, 0x8e, 0x35, 0xbf,
    0x8e, 0x35, 0xe7, 0x00, 0x00, 0x00, 0x8e, 0x35, 0xbf, 0x8e, 0x35, 0xff, 0x8e, 0x35, 0x0f, 0x00, 0x00, 0x00, 0x8e, 0x35, 0x2c, 0x8e, 0x35, 0xff,
    0x8e, 0x35, 0x92, 0x00, 0x00, 0x00, 0x8e, 0x35, 0x73, 0x8e, 0x35, 0xff, 0x8e, 0x35, 0xff, 0x8e, 0x35, 0xff, 0x8e, 0x35, 0xff, 0x8e, 0x35, 0xff,
    0x8e, 0x35, 0xff, 0x8e, 0x35, 0xff, 0x8e, 0x35, 0xff, 0x8e, 0x35, 0x03, 0x00, 0x00, 0x00, 0x00, 0x00, 0x00, 0x8e, 0x35, 0x38, 0x8e, 0x35, 0xf1,
    0x8e, 0x35, 0xfd, 0x8e, 0x35, 0x2e, 0x00, 0x00, 0x00, 0x00, 0x00, 0x00, 0x00, 0x00, 0x00, 0x8e, 0x35, 0xe7, 0x8e, 0x35, 0xff, 0x8e, 0x35, 0x07,
    0x00, 0x00, 0x00, 0x00, 0x00, 0x00, 0x00, 0x00, 0x00, 0x00, 0x00, 0x00, 0x00, 0x00, 0x00, 0x8e, 0x35, 0xae, 0x8e, 0x35, 0xff, 0x8e, 0x35, 0x20,
    0x8e, 0x35, 0x4e, 0x8e, 0x35, 0xfe, 0x8e, 0x35, 0x74, 0x00, 0x00, 0x00, 0x8e, 0x35, 0xb3, 0x8e, 0x35, 0xff, 0x8e, 0x35, 0x03, 0x8e, 0x35, 0xd7,
    0x8e, 0x35, 0xe7, 0x00, 0x00, 0x00, 0x00, 0x00, 0x00, 0x00, 0x00, 0x00, 0x00, 0x00, 0x00, 0x00, 0x00, 0x00, 0x00, 0x00, 0x00, 0x00, 0x00, 0x00,
    0x00, 0x00, 0x00, 0x8e, 0x35, 0x34, 0x8e, 0x35, 0xe0, 0x8e, 0x35, 0xff, 0x8e, 0x35, 0xc2, 0x8e, 0x35, 0x0c, 0x8e, 0x35, 0x96, 0x8e, 0x35, 0xff,
    0x8e, 0x35, 0xed, 0x8e, 0x35, 0x4a, 0x00, 0x00, 0x00, 0x00, 0x00, 0x00, 0x00, 0x00, 0x00, 0x00, 0x00, 0x00, 0x00, 0x00, 0x00, 0x8e, 0x35, 0xb3,
    0x8e, 0x35, 0xff, 0x8e, 0x35, 0x23, 0x00, 0x00, 0x00, 0x00, 0x00, 0x00, 0x00, 0x00, 0x00, 0x00, 0x00, 0x00, 0x00, 0x00, 0x00, 0x8e, 0x35, 0x27,
    0x8e, 0x35, 0xff, 0x8e, 0x35, 0xc3, 0x00, 0x00, 0x00, 0x00, 0x00, 0x00, 0x00, 0x00, 0x00, 0x00, 0x00, 0x00, 0x8e, 0x35, 0x07, 0x8e, 0x35, 0xb8,
    0x8e, 0x35, 0x44, 0x00, 0x00, 0x00, 0x8e, 0x35, 0xd7, 0x8e, 0x35, 0xf3, 0x00, 0x00, 0x00, 0x8e, 0x35, 0xbf, 0x8e, 0x35, 0xe7, 0x00, 0x00, 0x00,
    0x8e, 0x35, 0xbf, 0x8e, 0x35, 0xff, 0x8e, 0x35, 0x0f, 0x00, 0x00, 0x00, 0x8e, 0x35, 0x8f, 0x8e, 0x35, 0xfc, 0x8e, 0x35, 0x30, 0x8e, 0x35, 0x5b,
    0x00, 0x00, 0x00, 0x00, 0x00, 0x00, 0x8e, 0x35, 0xa1, 0x8e, 0x35, 0xfe, 0x8e, 0x35, 0x10, 0x00, 0x00, 0x00, 0x00, 0x00, 0x00, 0x00, 0x00, 0x00,
    0x00, 0x00, 0x00, 0x00, 0x00, 0x00, 0x00, 0x00, 0x00, 0x00, 0x00, 0x00, 0x00, 0x00, 0x00, 0x8e, 0x35, 0x44, 0x8e, 0x35, 0x98, 0x00, 0x00, 0x00,
    0x00, 0x00, 0x00, 0x00, 0x00, 0x00, 0x00, 0x00, 0x00, 0x8e, 0x35, 0xe7, 0x8e, 0x35, 0xff, 0x8e, 0x35, 0x07, 0x00, 0x00, 0x00, 0x00, 0x00, 0x00,
    0x00, 0x00, 0x00, 0x00, 0x00, 0x00, 0x00, 0x00, 0x00, 0x8e, 0x35, 0xa4, 0x8e, 0x35, 0xff, 0x8e, 0x35, 0x2b, 0x8e, 0x35, 0x1e, 0x8e, 0x35, 0x71,
    0x8e, 0x35, 0x59, 0x8e, 0x35, 0x4a, 0x8e, 0x35, 0xb3, 0x8e, 0x35, 0xff, 0x8e, 0x35, 0x03, 0x8e, 0x35, 0xd7, 0x8e, 0x35, 0xe7, 0x00, 0x00, 0x00,
    0x00, 0x00, 0x00, 0x00, 0x00, 0x00, 0x00, 0x00, 0x00, 0x00, 0x00, 0x00, 0x00, 0x00, 0x00, 0x8e, 0x35, 0x03, 0x8e, 0x35, 0x72, 0x8e, 0x35, 0xf9,
    0x8e, 0x35, 0xff, 0x8e, 0x35, 0xc3, 0x8e, 0x35, 0x47, 0x8e, 0x35, 0x27, 0x00, 0x00, 0x00, 0x8e, 0x35, 0x91, 0x8e, 0x35, 0xff, 0x8e, 0x35, 0xff,
    0x8e, 0x35, 0xab, 0x8e, 0x35, 0x1d, 0x00, 0x00, 0x00, 0x00, 0x00, 0x00, 0x00, 0x00, 0x00, 0x8e, 0x35, 0xb3, 0x8e, 0x35, 0xff, 0x8e, 0x35, 0x23,
    0x00, 0x00, 0x00, 0x00, 0x00, 0x00, 0x00, 0x00, 0x00, 0x00, 0x00, 0x00, 0x00, 0x00, 0x00, 0x8e, 0x35, 0x27, 0x8e, 0x35, 0xff, 0x8e, 0x35, 0xc3,
    0x00, 0x00, 0x00, 0x00, 0x00, 0x00, 0x00, 0x00, 0x00, 0x00, 0x00, 0x00, 0x00, 0x00, 0x00, 0x8e, 0x35, 0x01, 0x00, 0x00, 0x00, 0x00, 0x00, 0x00,
    0x8e, 0x35, 0xd7, 0x8e, 0x35, 0xf3, 0x00, 0x00, 0x00, 0x8e, 0x35, 0xbf, 0x8e, 0x35, 0xe7, 0x00, 0x00, 0x00, 0x8e, 0x35, 0xbf, 0x8e, 0x35, 0xff,
    0x8e, 0x35, 0x0f, 0x8e, 0x35, 0x1c, 0x8e, 0x35, 0xf4, 0x8e, 0x35, 0xa0, 0x8e, 0x35, 0x6f, 0x8e, 0x35, 0xff, 0x8e, 0x35, 0x79, 0x8e, 0x35, 0xa3,
    0x8e, 0x35, 0xec, 0x8e, 0x35, 0xf6, 0x8e, 0x35, 0xa3, 0x8e, 0x35, 0xa3, 0x00, 0x00, 0x00, 0x00, 0x00, 0x00, 0x00, 0x00, 0x00, 0x00, 0x00, 0x00,
    0x00, 0x00, 0x00, 0x00, 0x00, 0x00, 0x00, 0x00, 0x00, 0x00, 0x00, 0x00, 0x00, 0x00, 0x00, 0x00, 0x00, 0x00, 0x00, 0x00, 0x00, 0x00, 0x00, 0x00,
    0x00, 0x00, 0x00, 0x8e, 0x35, 0xe7, 0x8e, 0x35, 0xff, 0x8e, 0x35, 0x07, 0x00, 0x00, 0x00, 0x00, 0x00, 0x00, 0x00, 0x00, 0x00, 0x8e, 0x35, 0x55,
    0x8e, 0x35, 0xa4, 0x8e, 0x35, 0xe5, 0x8e, 0x35, 0xff, 0x8e, 0x35, 0xfe, 0x8e, 0x35, 0xff, 0x8e, 0x35, 0xff, 0x8e, 0x35, 0xff, 0x8e, 0x35, 0xb6,
    0x8e, 0x35, 0xb3, 0x8e, 0x35, 0xff, 0x8e, 0x35, 0x03, 0x8e, 0x35, 0xd7, 0x8e, 0x35, 0xe7, 0x00, 0x00, 0x00, 0x00, 0x00, 0x00, 0x00, 0x00, 0x00,
    0x00, 0x00, 0x00, 0x00, 0x00, 0x00, 0x8e, 0x35, 0x3b, 0x8e, 0x35, 0xd6, 0x8e, 0x35, 0xff, 0x8e, 0x35, 0xff, 0x8e, 0x35, 0xb4, 0x8e, 0x35, 0x22,
    0x8e, 0x35, 0xf1, 0x8e, 0x35, 0xf0, 0x8e, 0x35, 0x48, 0x00, 0x00, 0x00, 0x8e, 0x35, 0x7d, 0x8e, 0x35, 0xfc, 0x8e, 0x35, 0xff, 0x8e, 0x35, 0xf4,
    0x8e, 0x35, 0x49, 0x00, 0x00, 0x00, 0x00, 0x00, 0x00, 0x8e, 0x35, 0xb3, 0x8e, 0x35, 0xff, 0x8e, 0x35, 0x23, 0x00, 0x00, 0x00, 0x00, 0x00, 0x00,
    0x00, 0x00, 0x00, 0x00, 0x00, 0x00, 0x00, 0x00, 0x00, 0x8e, 0x35, 0x27, 0x8e, 0x35, 0xff, 0x8e, 0x35, 0xc3, 0x00, 0x00, 0x00, 0x00, 0x00, 0x00,
    0x8e, 0x35, 0x87, 0x8e, 0x35, 0xff, 0x8e, 0x35, 0xff, 0x8e, 0x35, 0xf3, 0x00, 0x00, 0x00, 0x00, 0x00, 0x00, 0x8e, 0x35, 0xd7, 0x8e, 0x35, 0xf3,
    0x00, 0x00, 0x00, 0x8e, 0x35, 0xbf, 0x8e, 0x35, 0xe7, 0x00, 0x00, 0x00, 0x8e, 0x35, 0xbf, 0x8e, 0x35, 0xff, 0x8e, 0x35, 0x0f, 0x8e, 0x35, 0x86,
    0x8e, 0x35, 0xff, 0x8e, 0x35, 0xfc, 0x8e, 0x35, 0xff, 0x8e, 0x35, 0xd3, 0x8e, 0x35, 0x3b, 0x8e, 0x35, 0xff, 0x8e, 0x35, 0xff, 0x8e, 0x35, 0xff,
    0x8e, 0x35, 0xff, 0x8e, 0x35, 0xff, 0x00, 0x00, 0x00, 0x00, 0x00, 0x00, 0x00, 0x00, 0x00, 0x00, 0x00, 0x00, 0x8e, 0x35, 0x6f, 0x8e, 0x35, 0xff,
    0x8e, 0x35, 0xff, 0x8e, 0x35, 0xff, 0x8e, 0x35, 0x93, 0x8e, 0x35, 0x6d, 0x8e, 0x35, 0xdb, 0x8e, 0x35, 0xdb, 0x8e, 0x35, 0xdb, 0x8e, 0x35, 0xfc,
    0x8e, 0x35, 0xff, 0x8e, 0x35, 0xdd, 0x8e, 0x35, 0xdb, 0x8e, 0x35, 0xdb, 0x8e, 0x35, 0x6d, 0x8e, 0x35, 0x87, 0x8e, 0x35, 0xff, 0x8e, 0x35, 0xff,
    0x8e, 0x35, 0xff, 0x8e, 0x35, 0xe5, 0x8e, 0x35, 0xbd, 0x8e, 0x35, 0x9f, 0x8e, 0x35, 0x80, 0x8e, 0x35, 0x4e, 0x8e, 0x35, 0xb3, 0x8e, 0x35, 0xff,
    0x8e, 0x35, 0x03, 0x8e, 0x35, 0xd7, 0x8e, 0x35, 0xe7, 0x00, 0x00, 0x00, 0x00, 0x00, 0x00, 0x00, 0x00, 0x00, 0x00, 0x00, 0x00, 0x00, 0x00, 0x00,
    0x8e, 0x35, 0x1d, 0x8e, 0x35, 0xe7, 0x8e, 0x35, 0xf4, 0x8e, 0x35, 0x67, 0x00, 0x00, 0x00, 0x00, 0x00, 0x00, 0x8e, 0x35, 0x5b, 0x8e, 0x35, 0xfa,
    0x8e, 0x35, 0xfa, 0x8e, 0x35, 0x58, 0x00, 0x00, 0x00, 0x8e, 0x35, 0x3b, 0x8e, 0x35, 0xe0, 0x8e, 0x35, 0xd0, 0x8e, 0x35, 0x09, 0x00, 0x00, 0x00,
    0x00, 0x00, 0x00, 0x8e, 0x35, 0xb3, 0x8e, 0x35, 0xff, 0x8e, 0x35, 0xcc, 0x8e, 0x35, 0xc3, 0x8e, 0x35, 0xc3, 0x8e, 0x35, 0xc3, 0x8e, 0x35, 0xc3,
    0x8e, 0x35, 0xc3, 0x8e, 0x35, 0xcd, 0x8e, 0x35, 0xff, 0x8e, 0x35, 0xc3, 0x00, 0x00, 0x00, 0x00, 0x00, 0x00, 0x8e, 0x35, 0x63, 0x8e, 0x35, 0xbb,
    0x8e, 0x35, 0xf0, 0x8e, 0x35, 0xf3, 0x00, 0x00, 0x00, 0x00, 0x00, 0x00, 0x8e, 0x35, 0xdb, 0x8e, 0x35, 0xee, 0x00, 0x00, 0x00, 0x8e, 0x35, 0xbf,
    0x8e, 0x35, 0xe7, 0x00, 0x00, 0x00, 0x8e, 0x35, 0xbf, 0x8e, 0x35, 0xff, 0x8e, 0x35, 0x0f, 0x8e, 0x35, 0x31, 0x8e, 0x35, 0xa9, 0x8e, 0x35, 0xd1,
    0x8e, 0x35, 0xff, 0x8e, 0x35, 0x45, 0x00, 0x00, 0x00, 0x8e, 0x35, 0x8c, 0x8e, 0x35, 0xff, 0x8e, 0x35, 0x1e, 0x8e, 0x35, 0xbb, 0x8e, 0x35, 0xff,
    0x00, 0x00, 0x00, 0x00, 0x00, 0x00, 0x00, 0x00, 0x00, 0x00, 0x00, 0x00, 0x8e, 0x35, 0x59, 0x8e, 0x35, 0xcb, 0x8e, 0x35, 0xd8, 0x8e, 0x35, 0xff,
    0x8e, 0x35, 0x93, 0x8e, 0x35, 0x7f, 0x8e, 0x35, 0xff, 0x8e, 0x35, 0xff, 0x8e, 0x35, 0xff, 0x8e, 0x35, 0xff, 0x8e, 0x35, 0xff, 0x8e, 0x35, 0xff,
    0x8e, 0x35, 0xff, 0x8e, 0x35, 0xff, 0x8e, 0x35, 0x7f, 0x8e, 0x35, 0x24, 0x8e, 0x35, 0x36, 0x8e, 0x35, 0x6d, 0x8e, 0x35, 0xff, 0x8e, 0x35, 0x75,
    0x8e, 0x35, 0x01, 0x8e, 0x35, 0xc5, 0x8e, 0x35, 0xae, 0x8e, 0x35, 0x07, 0x8e, 0x35, 0xb3, 0x8e, 0x35, 0xff, 0x8e, 0x35, 0x03, 0x8e, 0x35, 0xd7,
    0x8e, 0x35, 0xe7, 0x00, 0x00, 0x00, 0x00, 0x00, 0x00, 0x00, 0x00, 0x00, 0x00, 0x00, 0x00, 0x00, 0x00, 0x00, 0x00, 0x00, 0x00, 0x8e, 0x35, 0x3f,
    0x8e, 0x35, 0x24, 0x00, 0x00, 0x00, 0x00, 0x00, 0x00, 0x00, 0x00, 0x00, 0x00, 0x00, 0x00, 0x8e, 0x35, 0x4e, 0x8e, 0x35, 0xf8, 0x8e, 0x35, 0x5d,
    0x00, 0x00, 0x00, 0x8e, 0x35, 0x05, 0x8e, 0x35, 0x0f, 0x8e, 0x35, 0x23, 0x00, 0x00, 0x00, 0x00, 0x00, 0x00, 0x00, 0x00, 0x00, 0x8e, 0x35, 0xb3,
    0x8e, 0x35, 0xff, 0x8e, 0x35, 0xff, 0x8e, 0x35, 0xff, 0x8e, 0x35, 0xff, 0x8e, 0x35, 0xff, 0x8e, 0x35, 0xff, 0x8e, 0x35, 0xff, 0x8e, 0x35, 0xff,
    0x8e, 0x35, 0xff, 0x8e, 0x35, 0xc3, 0x00, 0x00, 0x00, 0x00, 0x00, 0x00, 0x00, 0x00, 0x00, 0x00, 0x00, 0x00, 0x8e, 0x35, 0xc3, 0x8e, 0x35, 0xf3,
    0x00, 0x00, 0x00, 0x00, 0x00, 0x00, 0x8e, 0x35, 0xe4, 0x8e, 0x35, 0xdf, 0x00, 0x00, 0x00, 0x8e, 0x35, 0xbf, 0x8e, 0x35, 0xe7, 0x00, 0x00, 0x00,
    0x8e, 0x35, 0xbf, 0x8e, 0x35, 0xff, 0x8e, 0x35, 0x0f, 0x00, 0x00, 0x00, 0x8e, 0x35, 0x1e, 0x8e, 0x35, 0xf3, 0x8e, 0x35, 0xb2, 0x00, 0x00, 0x00,
    0x8e, 0x35, 0x22, 0x8e, 0x35, 0xef, 0x8e, 0x35, 0xf5, 0x8e, 0x35, 0x9b, 0x8e, 0x35, 0xe5, 0x8e, 0x35, 0xff, 0x8e, 0x35, 0x9b, 0x8e, 0x35, 0x9b,
    0x8e, 0x35, 0x7e, 0x00, 0x00, 0x00, 0x00, 0x00, 0x00, 0x00, 0x00, 0x00, 0x8e, 0x35, 0x3f, 0x8e, 0x35, 0xff, 0x8e, 0x35, 0x93, 0x00, 0x00, 0x00,
    0x00, 0x00, 0x00, 0x00, 0x00, 0x00, 0x00, 0x00, 0x00, 0x8e, 0x35, 0xe7, 0x8e, 0x35, 0xff, 0x8e, 0x35, 0x07, 0x00, 0x00, 0x00, 0x00, 0x00, 0x00,
    0x00, 0x00, 0x00, 0x00, 0x00, 0x00, 0x00, 0x00, 0x00, 0x8e, 0x35, 0x38, 0x8e, 0x35, 0xff, 0x8e, 0x35, 0x9f, 0x8e, 0x35, 0x56, 0x8e, 0x35, 0xff,
    0x8e, 0x35, 0xaa, 0x00, 0x00, 0x00, 0x8e, 0x35, 0xb3, 0x8e, 0x35, 0xff, 0x8e, 0x35, 0x03, 0x8e, 0x35, 0xd7, 0x8e, 0x35, 0xe7, 0x00, 0x00, 0x00,
    0x00, 0x00, 0x00, 0x00, 0x00, 0x00, 0x00, 0x00, 0x00, 0x00, 0x00, 0x00, 0x00, 0x00, 0x00, 0x00, 0x00, 0x00, 0x8e, 0x35, 0xaf, 0x8e, 0x35, 0xff,
    0x8e, 0x35, 0xff, 0x8e, 0x35, 0xff, 0x8e, 0x35, 0xff, 0x8e, 0x35, 0xff, 0x8e, 0x35, 0xff, 0x8e, 0x35, 0xff, 0x8e, 0x35, 0xff, 0x8e, 0x35, 0xff,
    0x8e, 0x35, 0xc7, 0x8e, 0x35, 0x12, 0x00, 0x00, 0x00, 0x00, 0x00, 0x00, 0x00, 0x00, 0x00, 0x8e, 0x35, 0xb3, 0x8e, 0x35, 0xff, 0x8e, 0x35, 0x23,
    0x00, 0x00, 0x00, 0x00, 0x00, 0x00, 0x00, 0x00, 0x00, 0x00, 0x00, 0x00, 0x00, 0x00, 0x00, 0x8e, 0x35, 0x27, 0x8e, 0x35, 0xff, 0x8e, 0x35, 0xc3,
    0x00, 0x00, 0x00, 0x00, 0x00, 0x00, 0x00, 0x00, 0x00, 0x00, 0x00, 0x00, 0x8e, 0x35, 0xc3, 0x8e, 0x35, 0xf3, 0x00, 0x00, 0x00, 0x00, 0x00, 0x00,
    0x8e, 0x35, 0xed, 0x8e, 0x35, 0xd1, 0x00, 0x00, 0x00, 0x8e, 0x35, 0xbf, 0x8e, 0x35, 0xe7, 0x00, 0x00, 0x00, 0x8e, 0x35, 0xbf, 0x8e, 0x35, 0xff,
    0x8e, 0x35, 0x0f, 0x8e, 0x35, 0x08, 0x8e, 0x35, 0xc3, 0x8e, 0x35, 0xff, 0x8e, 0x35, 0xd3, 0x8e, 0x35, 0xeb, 0x8e, 0x35, 0x4f, 0x8e, 0x35, 0xf9,
    0x8e, 0x35, 0xff, 0x8e, 0x35, 0xff, 0x8e, 0x35, 0xff, 0x8e, 0x35, 0xff, 0x8e, 0x35, 0xff, 0x8e, 0x35, 0xff, 0x8e, 0x35, 0xcf, 0x00, 0x00, 0x00,
    0x00, 0x00, 0x00, 0x00, 0x00, 0x00, 0x8e, 0x35, 0x3f, 0x8e, 0x35, 0xff, 0x8e, 0x35, 0x93, 0x00, 0x00, 0x00, 0x00, 0x00, 0x00, 0x00, 0x00, 0x00,
    0x00, 0x00, 0x00, 0x8e, 0x35, 0xe7, 0x8e, 0x35, 0xff, 0x8e, 0x35, 0x07, 0x00, 0x00, 0x00, 0x00, 0x00, 0x00, 0x00, 0x00, 0x00, 0x00, 0x00, 0x00,
    0x00, 0x00, 0x00, 0x8e, 0x35, 0x11, 0x8e, 0x35, 0xff, 0x8e, 0x35, 0xcd, 0x8e, 0x35, 0xd7, 0x8e, 0x35, 0xfe, 0x8e, 0x35, 0x2e, 0x00, 0x00, 0x00,
    0x8e, 0x35, 0xb3, 0x8e, 0x35, 0xff, 0x8e, 0x35, 0x03, 0x8e, 0x35, 0xd7, 0x8e, 0x35, 0xe7, 0x00, 0x00, 0x00, 0x00, 0x00, 0x00, 0x00, 0x00, 0x00,
    0x00, 0x00, 0x00, 0x00, 0x00, 0x00, 0x00, 0x00, 0x00, 0x00, 0x00, 0x00, 0x8e, 0x35, 0x97, 0x8e, 0x35, 0xdb, 0x8e, 0x35, 0xdb, 0x8e, 0x35, 0xdb,
    0x8e, 0x35, 0xdb, 0x8e, 0x35, 0xdb, 0x8e, 0x35, 0xdb, 0x8e, 0x35, 0xdd, 0x8e, 0x35, 0xff, 0x8e, 0x35, 0xff, 0x8e, 0x35, 0xa0, 0x00, 0x00, 0x00,
    0x00, 0x00, 0x00, 0x00, 0x00, 0x00, 0x00, 0x00, 0x00, 0x8e, 0x35, 0xb3, 0x8e, 0x35, 0xff, 0x8e, 0x35, 0x23, 0x00, 0x00, 0x00, 0x00, 0x00, 0x00,
    0x00, 0x00, 0x00, 0x00, 0x00, 0x00, 0x00, 0x00, 0x00, 0x8e, 0x35, 0x27, 0x8e, 0x35, 0xff, 0x8e, 0x35, 0xc3, 0x00, 0x00, 0x00, 0x00, 0x00, 0x00,
    0x00, 0x00, 0x00, 0x00, 0x00, 0x00, 0x8e, 0x35, 0xc3, 0x8e, 0x35, 0xf3, 0x00, 0x00, 0x00, 0x8e, 0x35, 0x0f, 0x8e, 0x35, 0xff, 0x8e, 0x35, 0xc3,
    0x00, 0x00, 0x00, 0x8e, 0x35, 0xbf, 0x8e, 0x35, 0xe7, 0x00, 0x00, 0x00, 0x8e, 0x35, 0xbf, 0x8e, 0x35, 0xff, 0x8e, 0x35, 0x0f, 0x8e, 0x35, 0x60,
    0x8e, 0x35, 0xff, 0x8e, 0x35, 0xff, 0x8e, 0x35, 0xf6, 0x8e, 0x35, 0xbe, 0x8e, 0x35, 0x23, 0x8e, 0x35, 0x32, 0x8e, 0x35, 0x17, 0x00, 0x00, 0x00,
    0x8e, 0x35, 0xbb, 0x8e, 0x35, 0xff, 0x00, 0x00, 0x00, 0x8e, 0x35, 0x12, 0x00, 0x00, 0x00, 0x00, 0x00, 0x00, 0x00, 0x00, 0x00, 0x00, 0x00, 0x00,
    0x8e, 0x35, 0x3f, 0x8e, 0x35, 0xff, 0x8e, 0x35, 0x93, 0x00, 0x00, 0x00, 0x00, 0x00, 0x00, 0x00, 0x00, 0x00, 0x00, 0x00, 0x00, 0x8e, 0x35, 0xe7,
    0x8e, 0x35, 0xff, 0x8e, 0x35, 0x07, 0x00, 0x00, 0x00, 0x00, 0x00, 0x00, 0x00, 0x00, 0x00, 0x00, 0x00, 0x00, 0x00, 0x00, 0x00, 0x00, 0x00, 0x00,
    0x8e, 0x35, 0xd9, 0x8e, 0x35, 0xff, 0x8e, 0x35, 0xff, 0x8e, 0x35, 0x93, 0x00, 0x00, 0x00, 0x00, 0x00, 0x00, 0x8e, 0x35, 0xb3, 0x8e, 0x35, 0xff,
    0x8e, 0x35, 0x03, 0x8e, 0x35, 0xd7, 0x8e, 0x35, 0xe7, 0x00, 0x00, 0x00, 0x00, 0x00, 0x00, 0x00, 0x00, 0x00, 0x00, 0x00, 0x00, 0x00, 0x00, 0x00,
    0x00, 0x00, 0x00, 0x00, 0x00, 0x00, 0x00, 0x00, 0x00, 0x00, 0x00, 0x00, 0x00, 0x00, 0x00, 0x00, 0x00, 0x00, 0x00, 0x00, 0x00, 0x00, 0x00, 0x00,
    0x00, 0x00, 0x00, 0x8e, 0x35, 0x80, 0x8e, 0x35, 0xff, 0x8e, 0x35, 0xdc, 0x8e, 0x35, 0x0d, 0x00, 0x00, 0x00, 0x00, 0x00, 0x00, 0x00, 0x00, 0x00,
    0x00, 0x00, 0x00, 0x8e, 0x35, 0xb3, 0x8e, 0x35, 0xff, 0x8e, 0x35, 0x23, 0x00, 0x00, 0x00, 0x00, 0x00, 0x00, 0x00, 0x00, 0x00, 0x00, 0x00, 0x00,
    0x00, 0x00, 0x00, 0x8e, 0x35, 0x27, 0x8e, 0x35, 0xff, 0x8e, 0x35, 0xc3, 0x00, 0x00, 0x00, 0x00, 0x00, 0x00, 0x00, 0x00, 0x00, 0x00, 0x00, 0x00,
    0x8e, 0x35, 0xc3, 0x8e, 0x35, 0xf5, 0x8e, 0x35, 0x9c, 0x8e, 0x35, 0x7a, 0x8e, 0x35, 0xff, 0x8e, 0x35, 0xb3, 0x00, 0x00, 0x00, 0x8e, 0x35, 0xbf,
    0x8e, 0x35, 0xe7, 0x00, 0x00, 0x00, 0x8e, 0x35, 0xbf, 0x8e, 0x35, 0xff, 0x8e, 0x35, 0x0f, 0x8e, 0x35, 0x13, 0x8e, 0x35, 0x93, 0x8e, 0x35, 0x41,
    0x8e, 0x35, 0x06, 0x8e, 0x35, 0x35, 0x00, 0x00, 0x00, 0x8e, 0x35, 0x8b, 0x8e, 0x35, 0xfb, 0x8e, 0x35, 0x39, 0x8e, 0x35, 0xbb, 0x8e, 0x35, 0xff,
    0x8e, 0x35, 0x46, 0x8e, 0x35, 0xf3, 0x8e, 0x35, 0x3d, 0x00, 0x00, 0x00, 0x00, 0x00, 0x00, 0x00, 0x00, 0x00, 0x8e, 0x35, 0x3f, 0x8e, 0x35, 0xff,
    0x8e, 0x35, 0x9c, 0x8e, 0x35, 0x99, 0x8e, 0x35, 0x42, 0x00, 0x00, 0x00, 0x00, 0x00, 0x00, 0x8e, 0x35, 0xe7, 0x8e, 0x35, 0xff, 0x8e, 0x35, 0x07,
    0x00, 0x00, 0x00, 0x00, 0x00, 0x00, 0x00, 0x00, 0x00, 0x00, 0x00, 0x00, 0x00, 0x00, 0x00, 0x00, 0x00, 0x00, 0x8e, 0x35, 0xa4, 0x8e, 0x35, 0xff,
    0x8e, 0x35, 0xdb, 0x8e, 0x35, 0x0a, 0x8e, 0x35, 0x3e, 0x8e, 0x35, 0x0a, 0x8e, 0x35, 0x70, 0x8e, 0x35, 0x9f, 0x8e, 0x35, 0x02, 0x8e, 0x35, 0xd7,
    0x8e, 0x35, 0xe7, 0x00, 0x00, 0x00, 0x00, 0x00, 0x00, 0x00, 0x00, 0x00, 0x00, 0x00, 0x00, 0x00, 0x00, 0x00, 0x00, 0x00, 0x00, 0x00, 0x00, 0x00,
    0x00, 0x00, 0x00, 0x00, 0x00, 0x00, 0x00, 0x00, 0x00, 0x00, 0x00, 0x00, 0x00, 0x00, 0x00, 0x00, 0x00, 0x00, 0x8e, 0x35, 0x4a, 0x8e, 0x35, 0xfe,
    0x8e, 0x35, 0xfa, 0x8e, 0x35, 0x36, 0x00, 0x00, 0x00, 0x00, 0x00, 0x00, 0x00, 0x00, 0x00, 0x00, 0x00, 0x00, 0x00, 0x00, 0x00, 0x8e, 0x35, 0xb3,
    0x8e, 0x35, 0xff, 0x8e, 0x35, 0x23, 0x00, 0x00, 0x00, 0x00, 0x00, 0x00, 0x00, 0x00, 0x00, 0x00, 0x00, 0x00, 0x00, 0x00, 0x00, 0x8e, 0x35, 0x27,
    0x8e, 0x35, 0xff, 0x8e, 0x35, 0xc3, 0x00, 0x00, 0x00, 0x00, 0x00, 0x00, 0x00, 0x00, 0x00, 0x00, 0x00, 0x00, 0x8e, 0x35, 0xc5, 0x8e, 0x35, 0xff,
    0x8e, 0x35, 0xff, 0x8e, 0x35, 0xec, 0x8e, 0x35, 0xff, 0x8e, 0x35, 0x85, 0x00, 0x00, 0x00, 0x8e, 0x35, 0xbf, 0x8e, 0x35, 0xe7, 0x00, 0x00, 0x00,
    0x8e, 0x35, 0xbf, 0x8e, 0x35, 0xff, 0x8e, 0x35, 0x0f, 0x00, 0x00, 0x00, 0x8e, 0x35, 0x08, 0x8e, 0x35, 0x5e, 0x8e, 0x35, 0xca, 0x8e, 0x35, 0xff,
    0x8e, 0x35, 0x29, 0x8e, 0x35, 0xee, 0x8e, 0x35, 0xd5, 0x8e, 0x35, 0x01, 0x8e, 0x35, 0xbb, 0x8e, 0x35, 0xff, 0x8e, 0x35, 0x1b, 0x8e, 0x35, 0xfb,
    0x8e, 0x35, 0xb6, 0x00, 0x00, 0x00, 0x00, 0x00, 0x00, 0x00, 0x00, 0x00, 0x8e, 0x35, 0x45, 0x8e, 0x35, 0xff, 0x8e, 0x35, 0xfe, 0x8e, 0x35, 0xff,
    0x8e, 0x35, 0x89, 0x00, 0x00, 0x00, 0x00, 0x00, 0x00, 0x8e, 0x35, 0xe7, 0x8e, 0x35, 0xff, 0x8e, 0x35, 0x07, 0x00, 0x00, 0x00, 0x00, 0x00, 0x00,
    0x00, 0x00, 0x00, 0x00, 0x00, 0x00, 0x00, 0x00, 0x00, 0x8e, 0x35, 0x54, 0x8e, 0x35, 0xf9, 0x8e, 0x35, 0xff, 0x8e, 0x35, 0xad, 0x00, 0x00, 0x00,
    0x8e, 0x35, 0x9f, 0x8e, 0x35, 0xc7, 0x00, 0x00, 0x00, 0x00, 0x00, 0x00, 0x00, 0x00, 0x00, 0x8e, 0x35, 0xd7, 0x8e, 0x35, 0xe7, 0x00, 0x00, 0x00,
    0x00, 0x00, 0x00, 0x00, 0x00, 0x00, 0x00, 0x00, 0x00, 0x00, 0x00, 0x00, 0x00, 0x00, 0x00, 0x00, 0x00, 0x00, 0x00, 0x00, 0x00, 0x00, 0x00, 0x00,
    0x00, 0x00, 0x00, 0x00, 0x00, 0x00, 0x00, 0x00, 0x00, 0x8e, 0x35, 0x21, 0x8e, 0x35, 0xee, 0x8e, 0x35, 0xff, 0x8e, 0x35, 0x71, 0x00, 0x00, 0x00,
    0x00, 0x00, 0x00, 0x00, 0x00, 0x00, 0x00, 0x00, 0x00, 0x00, 0x00, 0x00, 0x00, 0x00, 0x00, 0x8e, 0x35, 0xb3, 0x8e, 0x35, 0xff, 0x8e, 0x35, 0xff,
    0x8e, 0x35, 0xff, 0x8e, 0x35, 0xff, 0x8e, 0x35, 0xff, 0x8e, 0x35, 0xff, 0x8e, 0x35, 0xff, 0x8e, 0x35, 0xff, 0x8e, 0x35, 0xff, 0x8e, 0x35, 0xc3,
    0x00, 0x00, 0x00, 0x00, 0x00, 0x00, 0x00, 0x00, 0x00, 0x8e, 0x35, 0x01, 0x8e, 0x35, 0xec, 0x8e, 0x35, 0xff, 0x8e, 0x35, 0xb0, 0x8e, 0x35, 0xd3,
    0x8e, 0x35, 0xff, 0x8e, 0x35, 0x4e, 0x00, 0x00, 0x00, 0x8e, 0x35, 0xa1, 0x8e, 0x35, 0xc3, 0x00, 0x00, 0x00, 0x8e, 0x35, 0xbf, 0x8e, 0x35, 0xff,
    0x8e, 0x35, 0x0f, 0x8e, 0x35, 0x4d, 0x8e, 0x35, 0xed, 0x8e, 0x35, 0xff, 0x8e, 0x35, 0xf3, 0x8e, 0x35, 0x87, 0x8e, 0x35, 0xa5, 0x8e, 0x35, 0xff,
    0x8e, 0x35, 0x57, 0x00, 0x00, 0x00, 0x8e, 0x35, 0xbb, 0x8e, 0x35, 0xff, 0x00, 0x00, 0x00, 0x8e, 0x35, 0xab, 0x8e, 0x35, 0xfe, 0x8e, 0x35, 0x26,
    0x00, 0x00, 0x00, 0x00, 0x00, 0x00, 0x8e, 0x35, 0x92, 0x8e, 0x35, 0xff, 0x8e, 0x35, 0xff, 0x8e, 0x35, 0xa8, 0x8e, 0x35, 0x0c, 0x00, 0x00, 0x00,
    0x00, 0x00, 0x00, 0x8e, 0x35, 0xe7, 0x8e, 0x35, 0xff, 0x8e, 0x35, 0x07, 0x00, 0x00, 0x00, 0x00, 0x00, 0x00, 0x00, 0x00, 0x00, 0x8e, 0x35, 0x05,
    0x8e, 0x35, 0x82, 0x8e, 0x35, 0xfc, 0x8e, 0x35, 0xf9, 0x8e, 0x35, 0xed, 0x8e, 0x35, 0xfd, 0x8e, 0x35, 0x47, 0x8e, 0x35, 0xcf, 0x8e, 0x35, 0xc1,
    0x00, 0x00, 0x00, 0x00, 0x00, 0x00, 0x00, 0x00, 0x00, 0x8e, 0x35, 0xd9, 0x8e, 0x35, 0xe7, 0x00, 0x00, 0x00, 0x00, 0x00, 0x00, 0x00, 0x00, 0x00,
    0x00, 0x00, 0x00, 0x00, 0x00, 0x00, 0x00, 0x00, 0x00, 0x00, 0x00, 0x00, 0x00, 0x00, 0x00, 0x00, 0x00, 0x00, 0x00, 0x00, 0x00, 0x00, 0x00, 0x00,
    0x8e, 0x35, 0x09, 0x8e, 0x35, 0xcf, 0x8e, 0x35, 0xff, 0x8e, 0x35, 0xaf, 0x00, 0x00, 0x00, 0x00, 0x00, 0x00, 0x00, 0x00, 0x00, 0x00, 0x00, 0x00,
    0x00, 0x00, 0x00, 0x00, 0x00, 0x00, 0x00, 0x00, 0x00, 0x8e, 0x35, 0xb3, 0x8e, 0x35, 0xff, 0x8e, 0x35, 0xda, 0x8e, 0x35, 0xd3, 0x8e, 0x35, 0xd3,
    0x8e, 0x35, 0xd3, 0x8e, 0x35, 0xd3, 0x8e, 0x35, 0xd3, 0x8e, 0x35, 0xda, 0x8e, 0x35, 0xff, 0x8e, 0x35, 0xc3, 0x00, 0x00, 0x00, 0x00, 0x00, 0x00,
    0x00, 0x00, 0x00, 0x8e, 0x35, 0x52, 0x8e, 0x35, 0xff, 0x8e, 0x35, 0xab, 0x8e, 0x35, 0x42, 0x8e, 0x35, 0xff, 0x8e, 0x35, 0xee, 0x8e, 0x35, 0x0a,
    0x00, 0x00, 0x00, 0x00, 0x00, 0x00, 0x00, 0x00, 0x00, 0x00, 0x00, 0x00, 0x8e, 0x35, 0xbf, 0x8e, 0x35, 0xff, 0x8e, 0x35, 0x0f, 0x8e, 0x35, 0x48,
    0x8e, 0x35, 0xf5, 0x8e, 0x35, 0x8a, 0x8e, 0x35, 0x14, 0x8e, 0x35, 0x0e, 0x8e, 0x35, 0xe7, 0x8e, 0x35, 0xa9, 0x8e, 0x35, 0x41, 0x8e, 0x35, 0x97,
    0x8e, 0x35, 0xee, 0x8e, 0x35, 0xf2, 0x00, 0x00, 0x00, 0x8e, 0x35, 0x42, 0x8e, 0x35, 0xf6, 0x8e, 0x35, 0x53, 0x00, 0x00, 0x00, 0x8e, 0x35, 0x02,
    0x8e, 0x35, 0xd8, 0x8e, 0x35, 0xfc, 0x8e, 0x35, 0x73, 0x00, 0x00, 0x00, 0x00, 0x00, 0x00, 0x00, 0x00, 0x00, 0x00, 0x00, 0x00, 0x8e, 0x35, 0xe7,
    0x8e, 0x35, 0xff, 0x8e, 0x35, 0x07, 0x00, 0x00, 0x00, 0x00, 0x00, 0x00, 0x00, 0x00, 0x00, 0x8e, 0x35, 0x4e, 0x8e, 0x35, 0xfe, 0x8e, 0x35, 0xe4,
    0x8e, 0x35, 0x37, 0x8e, 0x35, 0x45, 0x8e, 0x35, 0xfe, 0x8e, 0x35, 0xff, 0x8e, 0x35, 0xff, 0x8e, 0x35, 0x7e, 0x8e, 0x35, 0x0b, 0x8e, 0x35, 0xc0,
    0x8e, 0x35, 0xc5, 0x8e, 0x35, 0xff, 0x8e, 0x35, 0xd1, 0x00, 0x00, 0x00, 0x00, 0x00, 0x00, 0x00, 0x00, 0x00, 0x00, 0x00, 0x00, 0x00, 0x00, 0x00,
    0x00, 0x00, 0x00, 0x00, 0x00, 0x00, 0x00, 0x00, 0x00, 0x00, 0x00, 0x00, 0x00, 0x00, 0x00, 0x00, 0x00, 0x00, 0x8e, 0x35, 0x1c, 0x8e, 0x35, 0xa6,
    0x8e, 0x35, 0xda, 0x8e, 0x35, 0x10, 0x00, 0x00, 0x00, 0x00, 0x00, 0x00, 0x00, 0x00, 0x00, 0x00, 0x00, 0x00, 0x00, 0x00, 0x00, 0x00, 0x00, 0x00,
    0x00, 0x00, 0x00, 0x8e, 0x35, 0x9a, 0x8e, 0x35, 0xdb, 0x8e, 0x35, 0x1e, 0x00, 0x00, 0x00, 0x00, 0x00, 0x00, 0x00, 0x00, 0x00, 0x00, 0x00, 0x00,
    0x00, 0x00, 0x00, 0x8e, 0x35, 0x21, 0x8e, 0x35, 0xd3, 0x8e, 0x35, 0xa2, 0x00, 0x00, 0x00, 0x00, 0x00, 0x00, 0x00, 0x00, 0x00, 0x8e, 0x35, 0x05,
    0x8e, 0x35, 0x8b, 0x8e, 0x35, 0x04, 0x8e, 0x35, 0x05, 0x8e, 0x35, 0x6d, 0x8e, 0x35, 0x80, 0x00, 0x00, 0x00, 0x00, 0x00, 0x00, 0x00, 0x00, 0x00,
    0x00, 0x00, 0x00, 0x00, 0x00, 0x00, 0x8e, 0x35, 0x9b, 0x8e, 0x35, 0xcf, 0x8e, 0x35, 0x0c, 0x8e, 0x35, 0x0b, 0x8e, 0x35, 0x16, 0x00, 0x00, 0x00,
    0x00, 0x00, 0x00, 0x00, 0x00, 0x00, 0x8e, 0x35, 0x19, 0x8e, 0x35, 0x10, 0x8e, 0x35, 0x2b, 0x8e, 0x35, 0xfc, 0x8e, 0x35, 0xe8, 0x8e, 0x35, 0x7a,
    0x00, 0x00, 0x00, 0x00, 0x00, 0x00, 0x8e, 0x35, 0x17, 0x00, 0x00, 0x00, 0x00, 0x00, 0x00, 0x00, 0x00, 0x00, 0x8e, 0x35, 0x56, 0x8e, 0x35, 0x48,
    0x00, 0x00, 0x00, 0x00, 0x00, 0x00, 0x00, 0x00, 0x00, 0x00, 0x00, 0x00, 0x00, 0x00, 0x00, 0x8e, 0x35, 0xe7, 0x8e, 0x35, 0xff, 0x8e, 0x35, 0x07,
    0x00, 0x00, 0x00, 0x00, 0x00, 0x00, 0x00, 0x00, 0x00, 0x00, 0x00, 0x00, 0x8e, 0x35, 0x5c, 0x8e, 0x35, 0x16, 0x00, 0x00, 0x00, 0x00, 0x00, 0x00,
    0x8e, 0x35, 0x5a, 0x8e, 0x35, 0xc1, 0x8e, 0x35, 0xa1, 0x8e, 0x35, 0x0f, 0x00, 0x00, 0x00, 0x8e, 0x35, 0xc0, 0x8e, 0x35, 0xf6, 0x8e, 0x35, 0xd2,
    0x8e, 0x35, 0x4e, 0x00, 0x00, 0x00, 0x00, 0x00, 0x00, 0x00, 0x00, 0x00, 0x00, 0x00, 0x00, 0x00, 0x00, 0x00, 0x00, 0x00, 0x00, 0x00, 0x00, 0x00,
    0x00, 0x00, 0x00, 0x00, 0x00, 0x00, 0x00, 0x00, 0x00, 0x00, 0x00, 0x00, 0x00, 0x00, 0x00, 0x00, 0x00, 0x00, 0x8e, 0x35, 0x04, 0x00, 0x00, 0x00,
    0x00, 0x00, 0x00, 0x00, 0x00, 0x00, 0x00, 0x00, 0x00, 0x00, 0x00, 0x00, 0x00, 0x00, 0x00, 0x00, 0x00, 0x00, 0x00, 0x00, 0x00, 0x00, 0x00, 0x00,
    0x00, 0x00, 0x00, 0x00, 0x00, 0x00, 0x00, 0x00, 0x00, 0x00, 0x00, 0x00, 0x00, 0x00, 0x00, 0x00, 0x00, 0x00, 0x00, 0x00, 0x00, 0x00, 0x00, 0x00,
    0x00, 0x00, 0x00, 0x00, 0x00, 0x00, 0x00, 0x00, 0x00, 0x00, 0x00, 0x00, 0x00, 0x00, 0x00, 0x00, 0x00, 0x00, 0x00, 0x00, 0x00, 0x00, 0x00, 0x00,
    0x00, 0x00, 0x00, 0x00, 0x00, 0x00, 0x00, 0x00, 0x00, 0x00, 0x00, 0x00, 0x00, 0x00, 0x00, 0x00, 0x00, 0x00, 0x00, 0x00, 0x00, 0x00, 0x00, 0x00,
    0x00, 0x00, 0x00, 0x00, 0x00, 0x00, 0x00, 0x00, 0x00, 0x00, 0x00, 0x00, 0x00, 0x00, 0x00, 0x00, 0x00, 0x00, 0x00, 0x00, 0x00, 0x00, 0x00, 0x00,
    0x00, 0x00, 0x00, 0x00, 0x00, 0x00, 0x00, 0x00, 0x00, 0x00, 0x00, 0x00, 0x00, 0x00, 0x00, 0x00, 0x00, 0x00, 0x00, 0x00, 0x00, 0x00, 0x00, 0x00,
    0x00, 0x00, 0x00, 0x00, 0x00, 0x00, 0x00, 0x00, 0x00, 0x00, 0x00, 0x00, 0x00, 0x00, 0x00, 0x00, 0x00, 0x00, 0x00, 0x00, 0x00, 0x00, 0x00, 0x00,
    0x00, 0x00, 0x00, 0x00, 0x00, 0x00, 0x00, 0x00, 0x00, 0x8e, 0x35, 0x07, 0x8e, 0x35, 0x07, 0x00, 0x00, 0x00, 0x00, 0x00, 0x00, 0x00, 0x00, 0x00,
    0x00, 0x00, 0x00, 0x00, 0x00, 0x00, 0x00, 0x00, 0x00, 0x00, 0x00, 0x00, 0x00, 0x00, 0x00, 0x00, 0x00, 0x00, 0x00, 0x00, 0x00, 0x00, 0x00, 0x00,
    0x00, 0x00, 0x00, 0x00, 0x00, 0x00, 0x00, 0x00, 0x00, 0x00, 0x00, 0x00, 0x00, 0x00, 0x00, 0x00, 0x00, 0x00, 0x00, 0x00, 0x00, 0x00, 0x00, 0x00,
    0x00, 0x00, 0x00, 0x00, 0x00, 0x00, 0x00, 0x00, 0x00, 0x00, 0x00, 0x00, 0x00, 0x00, 0x00, 0x00, 0x00, 0x00, 0x00, 0x00, 0x00, 0x00, 0x00, 0x00,
    0x00, 0x00, 0x00, 0x00, 0x00, 0x00, 0x00, 0x00, 0x00, 0x00, 0x00, 0x00, 0x00, 0x00, 0x00, 0x00, 0x00, 0x00, 0x00, 0x00, 0x00, 0x00, 0x00, 0x00,
    0x00, 0x00, 0x00, 0x00, 0x00, 0x00, 0x00, 0x00, 0x00, 0x00, 0x00, 0x00, 0x00, 0x00, 0x00, 0x00, 0x00, 0x00, 0x00, 0x00, 0x00, 0x00, 0x00, 0x00,
    0x00, 0x00, 0x00, 0x00, 0x00, 0x00, 0x00, 0x00, 0x00, 0x00, 0x00, 0x00, 0x00, 0x00, 0x00, 0x00, 0x00, 0x00, 0x00, 0x00, 0x00, 0x00, 0x00, 0x00,
    0x00, 0x00, 0x00, 0x00, 0x00, 0x00, 0x00, 0x00, 0x00, 0x00, 0x00, 0x00, 0x00, 0x00, 0x00, 0x00, 0x00, 0x00, 0x00, 0x00, 0x00, 0x00, 0x00, 0x00,
    0x00, 0x00, 0x00, 0x00, 0x00, 0x00, 0x00, 0x00, 0x00, 0x00, 0x00, 0x00, 0x00, 0x00, 0x00, 0x00, 0x00, 0x00, 0x00, 0x00, 0x00, 0x00, 0x00, 0x00,
    0x00, 0x00, 0x00, 0x00, 0x00, 0x00, 0x00, 0x00, 0x00, 0x00, 0x00, 0x00, 0x00, 0x00, 0x00, 0x00, 0x00, 0x00, 0x00, 0x00, 0x00, 0x00, 0x00, 0x00,
    0x00, 0x00, 0x00, 0x00, 0x00, 0x00, 0x00, 0x00, 0x00, 0x00, 0x00, 0x00, 0x00, 0x00, 0x00, 0x00, 0x00, 0x00, 0x00, 0x00, 0x00, 0x00, 0x00, 0x00,
    0x00, 0x00, 0x00, 0x00, 0x00, 0x00, 0x00, 0x00, 0x00, 0x00, 0x00, 0x00, 0x00, 0x00, 0x00, 0x00, 0x00, 0x00, 0x00, 0x00, 0x00, 0x00, 0x00, 0x00,
    0x00, 0x00, 0x00, 0x00, 0x00, 0x00, 0x00, 0x00, 0x00, 0x00, 0x00, 0x00, 0x00, 0x00, 0x00, 0x00, 0x00, 0x00, 0x00, 0x00, 0x00, 0x00, 0x00, 0x00,
    0x00, 0x00, 0x00, 0x00, 0x00, 0x00, 0x00, 0x00, 0x00, 0x00, 0x00, 0x00, 0x00, 0x00, 0x00, 0x00, 0x00, 0x00, 0x00, 0x00, 0x00, 0x00, 0x00, 0x00,
    0x00, 0x00, 0x00, 0x00, 0x00, 0x00, 0x00, 0x00, 0x00, 0x00, 0x00, 0x00, 0x00, 0x00, 0x00, 0x00, 0x00, 0x00, 0x00, 0x00, 0x00, 0x00, 0x00, 0x00,
    0x00, 0x00, 0x00, 0x00, 0x00, 0x00, 0x00, 0x00, 0x00, 0x00, 0x00, 0x00, 0x00, 0x00, 0x00, 0x00, 0x00, 0x00, 0x00, 0x00, 0x00, 0x00, 0x00, 0x00,
    0x00, 0x00, 0x00, 0x00, 0x00, 0x00, 0x00, 0x00, 0x00, 0x00, 0x00, 0x00, 0x00, 0x00, 0x00, 0x00, 0x00, 0x00, 0x00, 0x00, 0x00, 0x00, 0x00, 0x00,
    0x00, 0x00, 0x00, 0x00, 0x00, 0x00, 0x00, 0x00, 0x00, 0x00, 0x00, 0x00, 0x00, 0x00, 0x00, 0x00, 0x00, 0x00, 0x00, 0x00, 0x00, 0x00, 0x00, 0x00,
    0x00, 0x00, 0x00, 0x00, 0x00, 0x00, 0x00, 0x00, 0x00, 0x00, 0x00, 0x00, 0x00, 0x00, 0x00, 0x00, 0x00, 0x00, 0x00, 0x00, 0x00, 0x00, 0x00, 0x00,
    0x00, 0x00, 0x00, 0x00, 0x00, 0x00, 0x00, 0x00, 0x00, 0x00, 0x00, 0x00, 0x00, 0x00, 0x00, 0x00, 0x00, 0x00, 0x00, 0x00, 0x00, 0x00, 0x00, 0x00,
    0x00, 0x00, 0x00, 0x00, 0x00, 0x00, 0x00, 0x00, 0x00, 0x00, 0x00, 0x00, 0x00, 0x00, 0x00, 0x00, 0x00, 0x00, 0x00, 0x00, 0x00, 0x00, 0x00, 0x00,
    0x00, 0x00, 0x00, 0x00, 0x00, 0x00, 0x00, 0x00, 0x00, 0x00, 0x00, 0x00, 0x00, 0x00, 0x00, 0x00, 0x00, 0x00, 0x00, 0x00, 0x00, 0x00, 0x00, 0x00,
    0x00, 0x00, 0x00, 0x00, 0x00, 0x00, 0x00, 0x00, 0x00, 0x00, 0x00, 0x00, 0x00, 0x00, 0x00, 0x00, 0x00, 0x00, 0x00, 0x00, 0x00, 0x00, 0x00, 0x00,
    0x00, 0x00, 0x00, 0x00, 0x00, 0x00, 0x00, 0x00, 0x00, 0x00, 0x00, 0x00, 0x00, 0x00, 0x00, 0x00, 0x00, 0x00, 0x00, 0x00, 0x00, 0x00, 0x00, 0x00,
    0x00, 0x00, 0x00, 0x00, 0x00, 0x00, 0x00, 0x00, 0x00, 0x00, 0x00, 0x00, 0x00, 0x00, 0x00, 0x00, 0x00, 0x00, 0x00, 0x00, 0x00, 0x00, 0x00, 0x00,
    0x00, 0x00, 0x00, 0x00, 0x00, 0x00, 0x00, 0x00, 0x00, 0x00, 0x00, 0x00, 0x00, 0x00, 0x00, 0x00, 0x00, 0x00, 0x00, 0x00, 0x00, 0x00, 0x00, 0x00,
    0x00, 0x00, 0x00, 0x00, 0x00, 0x00, 0x00, 0x00, 0x00, 0x00, 0x00, 0x00, 0x00, 0x00, 0x00, 0x00, 0x00, 0x00,
};
const lv_img_dsc_t zh_today_plan = {
    .header.always_zero = 0,
    .header.w = 94,
    .header.h = 21,
    .data_size = 5922,
    .header.cf = LV_IMG_CF_TRUE_COLOR_ALPHA,
    .data = zh_today_plan_map,
};

#ifndef LV_ATTRIBUTE_IMG_ZH_TOTAL_TRAINING
#define LV_ATTRIBUTE_IMG_ZH_TOTAL_TRAINING
#endif
const LV_ATTRIBUTE_MEM_ALIGN LV_ATTRIBUTE_LARGE_CONST LV_ATTRIBUTE_IMG_ZH_TOTAL_TRAINING uint8_t zh_total_training_map[] = {
    0x00, 0x00, 0x00, 0x00, 0x00, 0x00, 0x00, 0x00, 0x00, 0x00, 0x00, 0x00, 0x00, 0x00, 0x00, 0x00, 0x00, 0x00, 0x00, 0x00, 0x00, 0x00, 0x00, 0x00,
    0x00, 0x00, 0x00, 0x00, 0x00, 0x00, 0x00, 0x00, 0x00, 0x00, 0x00, 0x00, 0x00, 0x00, 0x00, 0x00, 0x00, 0x00, 0x00, 0x00, 0x00, 0x00, 0x00, 0x00,
    0x00, 0x00, 0x00, 0x00, 0x00, 0x00, 0x00, 0x00, 0x00, 0x00, 0x00, 0x00, 0x00, 0x00, 0x00, 0x00, 0x00, 0x00, 0x00, 0x00, 0x00, 0x00, 0x00, 0x00,
    0x00, 0x00, 0x00, 0x00, 0x00, 0x00, 0x00, 0x00, 0x00, 0x00, 0x00, 0x00, 0x00, 0x00, 0x00, 0x00, 0x00, 0x00, 0x00, 0x00, 0x00, 0x00, 0x00, 0x00,
    0x00, 0x00, 0x00, 0x00, 0x00, 0x00, 0x00, 0x00, 0x00, 0x00, 0x00, 0x00, 0x00, 0x00, 0x00, 0x00, 0x00, 0x00, 0x00, 0x00, 0x00, 0x00, 0x00, 0x00,
    0x00, 0x00, 0x00, 0x00, 0x00, 0x00, 0x00, 0x00, 0x00, 0x00, 0x00, 0x00, 0x00, 0x00, 0x00, 0x00, 0x00, 0x00, 0x00, 0x00, 0x00, 0x00, 0x00, 0x00,
    0x00, 0x00, 0x00, 0x00, 0x00, 0x00, 0x00, 0x00, 0x00, 0x00, 0x00, 0x00, 0x00, 0x00, 0x00, 0x00, 0x00, 0x00, 0x00, 0x00, 0x00, 0x00, 0x00, 0x00,
    0x00, 0x00, 0x00, 0x00, 0x00, 0x00, 0x00, 0x00, 0x00, 0x00, 0x00, 0x00, 0x00, 0x00, 0x00, 0x00, 0x00, 0x00, 0x00, 0x00, 0x00, 0x00, 0x00, 0x00,
    0x00, 0x00, 0x00, 0x00, 0x00, 0x00, 0x00, 0x00, 0x00, 0x00, 0x00, 0x00, 0x00, 0x00, 0x00, 0x00, 0x00, 0x00, 0x00, 0x00, 0x00, 0x00, 0x00, 0x00,
    0x00, 0x00, 0x00, 0x00, 0x00, 0x00, 0x00, 0x00, 0x00, 0x00, 0x00, 0x00, 0x00, 0x00, 0x00, 0x00, 0x00, 0x00, 0x00, 0x00, 0x00, 0x00, 0x00, 0x00,
    0x00, 0x00, 0x00, 0x00, 0x00, 0x00, 0x00, 0x00, 0x00, 0x00, 0x00, 0x00, 0x00, 0x00, 0x00, 0x00, 0x00, 0x00, 0x00, 0x00, 0x00, 0x00, 0x00, 0x00,
    0x00, 0x00, 0x00, 0x00, 0x00, 0x00, 0x00, 0x00, 0x00, 0x00, 0x00, 0x00, 0x00, 0x00, 0x00, 0x00, 0x00, 0x00, 0x00, 0x00, 0x00, 0x00, 0x00, 0x00,
    0x00, 0x00, 0x00, 0x00, 0x00, 0x00, 0x00, 0x00, 0x00, 0x00, 0x00, 0x00, 0x00, 0x00, 0x00, 0x00, 0x00, 0x00, 0x00, 0x00, 0x00, 0x00, 0x00, 0x00,
    0x00, 0x00, 0x00, 0x00, 0x00, 0x00, 0x00, 0x00, 0x00, 0x00, 0x00, 0x00, 0x00, 0x00, 0x00, 0x00, 0x00, 0x00, 0x00, 0x00, 0x00, 0x00, 0x00, 0x00,
    0x00, 0x00, 0x00, 0x00, 0x00, 0x00, 0x00, 0x00, 0x00, 0x00, 0x00, 0x00, 0x00, 0x00, 0x00, 0x00, 0x00, 0x00, 0x00, 0x00, 0x00, 0x00, 0x00, 0x00,
    0x00, 0x00, 0x00, 0x00, 0x00, 0x00, 0x00, 0x00, 0x00, 0x00, 0x00, 0x00, 0x00, 0x00, 0x00, 0x00, 0x00, 0x00, 0x00, 0x00, 0x00, 0x00, 0x00, 0x00,
    0x00, 0x00, 0x00, 0x00, 0x00, 0x00, 0x00, 0x00, 0x00, 0x00, 0x00, 0x00, 0x00, 0x00, 0x00, 0x00, 0x00, 0x00, 0x00, 0x00, 0x00, 0x00, 0x00, 0x00,
    0x00, 0x00, 0x00, 0x00, 0x00, 0x00, 0x00, 0x00, 0x00, 0x00, 0x00, 0x00, 0x00, 0x00, 0x00, 0x00, 0x00, 0x00, 0x00, 0x00, 0x00, 0x00, 0x00, 0x00,
    0x00, 0x00, 0x00, 0x00, 0x00, 0x00, 0x00, 0x00, 0x00, 0x00, 0x00, 0x00, 0x00, 0x00, 0x00, 0x00, 0x00, 0x00, 0x00, 0x00, 0x00, 0x00, 0x00, 0x00,
    0x00, 0x00, 0x00, 0x00, 0x00, 0x00, 0x00, 0x00, 0x00, 0x00, 0x00, 0x00, 0x00, 0x00, 0x00, 0x00, 0x00, 0x00, 0x00, 0x00, 0x00, 0x00, 0x00, 0x00,
    0x00, 0x00, 0x00, 0x00, 0x00, 0x00, 0x00, 0x00, 0x00, 0x00, 0x00, 0x00, 0x00, 0x00, 0x00, 0x00, 0x00, 0x00, 0x24, 0x21, 0x0a, 0x00, 0x00, 0x00,
    0x00, 0x00, 0x00, 0x00, 0x00, 0x00, 0x00, 0x00, 0x00, 0x24, 0x21, 0x09, 0x24, 0x21, 0x05, 0x00, 0x00, 0x00, 0x00, 0x00, 0x00, 0x00, 0x00, 0x00,
    0x00, 0x00, 0x00, 0x00, 0x00, 0x00, 0x00, 0x00, 0x00, 0x00, 0x00, 0x00, 0x00, 0x00, 0x00, 0x00, 0x00, 0x00, 0x00, 0x00, 0x00, 0x24, 0x21, 0x0b,
    0x24, 0x21, 0x3f, 0x24, 0x21, 0x3f, 0x24, 0x21, 0x3f, 0x24, 0x21, 0x3f, 0x24, 0x21, 0x3f, 0x24, 0x21, 0x3f, 0x24, 0x21, 0x3f, 0x24, 0x21, 0x3f,
    0x24, 0x21, 0x3f, 0x24, 0x21, 0x3f, 0x24, 0x21, 0x11, 0x00, 0x00, 0x00, 0x00, 0x00, 0x00, 0x00, 0x00, 0x00, 0x24, 0x21, 0x8a, 0x24, 0x21, 0x2c,
    0x00, 0x00, 0x00, 0x00, 0x00, 0x00, 0x00, 0x00, 0x00, 0x00, 0x00, 0x00, 0x24, 0x21, 0x7c, 0x24, 0x21, 0xf4, 0x24, 0x21, 0x47, 0x00, 0x00, 0x00,
    0x00, 0x00, 0x00, 0x00, 0x00, 0x00, 0x00, 0x00, 0x00, 0x24, 0x21, 0x56, 0x24, 0x21, 0x8f, 0x24, 0x21, 0x04, 0x00, 0x00, 0x00, 0x24, 0x21, 0x26,
    0x24, 0x21, 0x9b, 0x24, 0x21, 0x44, 0x00, 0x00, 0x00, 0x00, 0x00, 0x00, 0x00, 0x00, 0x00, 0x24, 0x21, 0x65, 0x24, 0x21, 0xb3, 0x24, 0x21, 0x16,
    0x00, 0x00, 0x00, 0x00, 0x00, 0x00, 0x24, 0x21, 0xc1, 0x24, 0x21, 0xa4, 0x00, 0x00, 0x00, 0x00, 0x00, 0x00, 0x00, 0x00, 0x00, 0x24, 0x21, 0x7c,
    0x24, 0x21, 0xfc, 0x24, 0x21, 0x27, 0x00, 0x00, 0x00, 0x00, 0x00, 0x00, 0x00, 0x00, 0x00, 0x00, 0x00, 0x00, 0x00, 0x00, 0x00, 0x00, 0x00, 0x00,
    0x00, 0x00, 0x00, 0x00, 0x00, 0x00, 0x00, 0x00, 0x00, 0x24, 0x21, 0x2f, 0x24, 0x21, 0xff, 0x24, 0x21, 0xff, 0x24, 0x21, 0xff, 0x24, 0x21, 0xff,
    0x24, 0x21, 0xff, 0x24, 0x21, 0xff, 0x24, 0x21, 0xff, 0x24, 0x21, 0xff, 0x24, 0x21, 0xff, 0x24, 0x21, 0xff, 0x24, 0x21, 0x47, 0x00, 0x00, 0x00,
    0x00, 0x00, 0x00, 0x24, 0x21, 0x29, 0x24, 0x21, 0xf9, 0x24, 0x21, 0xed, 0x24, 0x21, 0x2e, 0x00, 0x00, 0x00, 0x00, 0x00, 0x00, 0x00, 0x00, 0x00,
    0x24, 0x21, 0x7f, 0x24, 0x21, 0xff, 0x24, 0x21, 0x4b, 0x00, 0x00, 0x00, 0x00, 0x00, 0x00, 0x00, 0x00, 0x00, 0x00, 0x00, 0x00, 0x24, 0x21, 0x9e,
    0x24, 0x21, 0xff, 0x24, 0x21, 0xbc, 0x24, 0x21, 0x0c, 0x24, 0x21, 0x3f, 0x24, 0x21, 0xff, 0x24, 0x21, 0x6f, 0x24, 0x21, 0x4f, 0x24, 0x21, 0xdb,
    0x24, 0x21, 0x29, 0x24, 0x21, 0x8f, 0x24, 0x21, 0xff, 0x24, 0x21, 0x1f, 0x00, 0x00, 0x00, 0x24, 0x21, 0x11, 0x24, 0x21, 0xfc, 0x24, 0x21, 0x94,
    0x00, 0x00, 0x00, 0x24, 0x21, 0x70, 0x24, 0x21, 0x87, 0x24, 0x21, 0xd1, 0x24, 0x21, 0xff, 0x24, 0x21, 0x8a, 0x24, 0x21, 0x87, 0x24, 0x21, 0x87,
    0x24, 0x21, 0x87, 0x24, 0x21, 0x0c, 0x00, 0x00, 0x00, 0x00, 0x00, 0x00, 0x00, 0x00, 0x00, 0x00, 0x00, 0x00, 0x00, 0x00, 0x00, 0x24, 0x21, 0x2f,
    0x24, 0x21, 0xff, 0x24, 0x21, 0x80, 0x24, 0x21, 0x33, 0x24, 0x21, 0x33, 0x24, 0x21, 0xe6, 0x24, 0x21, 0xcc, 0x24, 0x21, 0x33, 0x24, 0x21, 0x33,
    0x24, 0x21, 0x80, 0x24, 0x21, 0xff, 0x24, 0x21, 0x47, 0x00, 0x00, 0x00, 0x00, 0x00, 0x00, 0x00, 0x00, 0x00, 0x24, 0x21, 0x4c, 0x24, 0x21, 0xfb,
    0x24, 0x21, 0xd3, 0x00, 0x00, 0x00, 0x00, 0x00, 0x00, 0x00, 0x00, 0x00, 0x24, 0x21, 0x7f, 0x24, 0x21, 0xff, 0x24, 0x21, 0x4b, 0x00, 0x00, 0x00,
    0x00, 0x00, 0x00, 0x00, 0x00, 0x00, 0x00, 0x00, 0x00, 0x00, 0x00, 0x00, 0x24, 0x21, 0x89, 0x24, 0x21, 0xff, 0x24, 0x21, 0x60, 0x24, 0x21, 0x3f,
    0x24, 0x21, 0xff, 0x24, 0x21, 0x6f, 0x24, 0x21, 0x5b, 0x24, 0x21, 0xff, 0x24, 0x21, 0x2f, 0x24, 0x21, 0x8f, 0x24, 0x21, 0xff, 0x24, 0x21, 0x1f,
    0x00, 0x00, 0x00, 0x24, 0x21, 0x5d, 0x24, 0x21, 0xfe, 0x24, 0x21, 0x27, 0x00, 0x00, 0x00, 0x24, 0x21, 0xd3, 0x24, 0x21, 0xff, 0x24, 0x21, 0xff,
    0x24, 0x21, 0xff, 0x24, 0x21, 0xff, 0x24, 0x21, 0xff, 0x24, 0x21, 0xff, 0x24, 0x21, 0xff, 0x24, 0x21, 0x17, 0x00, 0x00, 0x00, 0x00, 0x00, 0x00,
    0x00, 0x00, 0x00, 0x00, 0x00, 0x00, 0x00, 0x00, 0x00, 0x24, 0x21, 0x2f, 0x24, 0x21, 0xff, 0x24, 0x21, 0xff, 0x24, 0x21, 0xff, 0x24, 0x21, 0xff,
    0x24, 0x21, 0xff, 0x24, 0x21, 0xff, 0x24, 0x21, 0xff, 0x24, 0x21, 0xff, 0x24, 0x21, 0xff, 0x24, 0x21, 0xff, 0x24, 0x21, 0x47, 0x00, 0x00, 0x00,
    0x00, 0x00, 0x00, 0x00, 0x00, 0x00, 0x00, 0x00, 0x00, 0x24, 0x21, 0x66, 0x24, 0x21, 0x42, 0x00, 0x00, 0x00, 0x00, 0x00, 0x00, 0x00, 0x00, 0x00,
    0x24, 0x21, 0x7f, 0x24, 0x21, 0xff, 0x24, 0x21, 0x4b, 0x00, 0x00, 0x00, 0x00, 0x00, 0x00, 0x00, 0x00, 0x00, 0x00, 0x00, 0x00, 0x00, 0x00, 0x00,
    0x00, 0x00, 0x00, 0x24, 0x21, 0x4e, 0x00, 0x00, 0x00, 0x24, 0x21, 0x3f, 0x24, 0x21, 0xff, 0x24, 0x21, 0x6f, 0x24, 0x21, 0x5b, 0x24, 0x21, 0xff,
    0x24, 0x21, 0x2f, 0x24, 0x21, 0x8f, 0x24, 0x21, 0xff, 0x24, 0x21, 0x1f, 0x00, 0x00, 0x00, 0x24, 0x21, 0xc4, 0x24, 0x21, 0xb5, 0x24, 0x21, 0x57,
    0x24, 0x21, 0x74, 0x24, 0x21, 0x04, 0x24, 0x21, 0x1d, 0x24, 0x21, 0xff, 0x24, 0x21, 0x75, 0x00, 0x00, 0x00, 0x00, 0x00, 0x00, 0x00, 0x00, 0x00,
    0x00, 0x00, 0x00, 0x00, 0x00, 0x00, 0x00, 0x00, 0x00, 0x00, 0x00, 0x00, 0x00, 0x00, 0x00, 0x00, 0x00, 0x00, 0x00, 0x00, 0x00, 0x24, 0x21, 0x2f,
    0x24, 0x21, 0xff, 0x24, 0x21, 0x8a, 0x24, 0x21, 0x43, 0x24, 0x21, 0x43, 0x24, 0x21, 0xe8, 0x24, 0x21, 0xd0, 0x24, 0x21, 0x43, 0x24, 0x21, 0x43,
    0x24, 0x21, 0x8a, 0x24, 0x21, 0xff, 0x24, 0x21, 0x47, 0x00, 0x00, 0x00, 0x24, 0x21, 0x4e, 0x24, 0x21, 0xa7, 0x24, 0x21, 0xa7, 0x24, 0x21, 0xa7,
    0x24, 0x21, 0x2f, 0x00, 0x00, 0x00, 0x00, 0x00, 0x00, 0x00, 0x00, 0x00, 0x24, 0x21, 0x7f, 0x24, 0x21, 0xff, 0x24, 0x21, 0x4b, 0x00, 0x00, 0x00,
    0x00, 0x00, 0x00, 0x00, 0x00, 0x00, 0x24, 0x21, 0x57, 0x24, 0x21, 0x9b, 0x24, 0x21, 0x9b, 0x24, 0x21, 0x6b, 0x00, 0x00, 0x00, 0x24, 0x21, 0x3f,
    0x24, 0x21, 0xff, 0x24, 0x21, 0x6f, 0x24, 0x21, 0x5b, 0x24, 0x21, 0xff, 0x24, 0x21, 0x2f, 0x24, 0x21, 0x8f, 0x24, 0x21, 0xff, 0x24, 0x21, 0x1f,
    0x24, 0x21, 0x5e, 0x24, 0x21, 0xff, 0x24, 0x21, 0x94, 0x24, 0x21, 0xd5, 0x24, 0x21, 0xd7, 0x24, 0x21, 0x55, 0x24, 0x21, 0xa6, 0x24, 0x21, 0xff,
    0x24, 0x21, 0xad, 0x24, 0x21, 0x87, 0x24, 0x21, 0x26, 0x00, 0x00, 0x00, 0x00, 0x00, 0x00, 0x00, 0x00, 0x00, 0x00, 0x00, 0x00, 0x00, 0x00, 0x00,
    0x00, 0x00, 0x00, 0x00, 0x00, 0x00, 0x00, 0x00, 0x00, 0x24, 0x21, 0x2f, 0x24, 0x21, 0xff, 0x24, 0x21, 0xff, 0x24, 0x21, 0xff, 0x24, 0x21, 0xff,
    0x24, 0x21, 0xff, 0x24, 0x21, 0xff, 0x24, 0x21, 0xff, 0x24, 0x21, 0xff, 0x24, 0x21, 0xff, 0x24, 0x21, 0xff, 0x24, 0x21, 0x47, 0x00, 0x00, 0x00,
    0x24, 0x21, 0x77, 0x24, 0x21, 0xff, 0x24, 0x21, 0xff, 0x24, 0x21, 0xff, 0x24, 0x21, 0x47, 0x24, 0x21, 0xdb, 0x24, 0x21, 0xff, 0x24, 0x21, 0xff,
    0x24, 0x21, 0xff, 0x24, 0x21, 0xff, 0x24, 0x21, 0xff, 0x24, 0x21, 0xff, 0x24, 0x21, 0xff, 0x24, 0x21, 0x87, 0x24, 0x21, 0x8f, 0x24, 0x21, 0xff,
    0x24, 0x21, 0xff, 0x24, 0x21, 0xaf, 0x00, 0x00, 0x00, 0x24, 0x21, 0x41, 0x24, 0x21, 0xff, 0x24, 0x21, 0x6d, 0x24, 0x21, 0x5b, 0x24, 0x21, 0xff,
    0x24, 0x21, 0x2f, 0x24, 0x21, 0x8f, 0x24, 0x21, 0xff, 0x24, 0x21, 0x1f, 0x24, 0x21, 0x71, 0x24, 0x21, 0xff, 0x24, 0x21, 0xff, 0x24, 0x21, 0xff,
    0x24, 0x21, 0x49, 0x24, 0x21, 0x97, 0x24, 0x21, 0xff, 0x24, 0x21, 0xff, 0x24, 0x21, 0xff, 0x24, 0x21, 0xff, 0x24, 0x21, 0x47, 0x00, 0x00, 0x00,
    0x00, 0x00, 0x00, 0x00, 0x00, 0x00, 0x00, 0x00, 0x00, 0x00, 0x00, 0x00, 0x00, 0x00, 0x00, 0x00, 0x00, 0x00, 0x00, 0x00, 0x00, 0x24, 0x21, 0x02,
    0x24, 0x21, 0x42, 0x24, 0x21, 0xa8, 0x24, 0x21, 0xfd, 0x24, 0x21, 0xd4, 0x24, 0x21, 0x5e, 0x24, 0x21, 0x57, 0x24, 0x21, 0xc9, 0x24, 0x21, 0xd5,
    0x24, 0x21, 0x16, 0x00, 0x00, 0x00, 0x00, 0x00, 0x00, 0x00, 0x00, 0x00, 0x00, 0x00, 0x00, 0x00, 0x00, 0x00, 0x24, 0x21, 0x6f, 0x24, 0x21, 0xff,
    0x24, 0x21, 0x47, 0x24, 0x21, 0xa8, 0x24, 0x21, 0xc3, 0x24, 0x21, 0xc3, 0x24, 0x21, 0xe1, 0x24, 0x21, 0xff, 0x24, 0x21, 0xd5, 0x24, 0x21, 0xc3,
    0x24, 0x21, 0xc3, 0x24, 0x21, 0x68, 0x00, 0x00, 0x00, 0x00, 0x00, 0x00, 0x24, 0x21, 0xeb, 0x24, 0x21, 0xaf, 0x00, 0x00, 0x00, 0x24, 0x21, 0x49,
    0x24, 0x21, 0xff, 0x24, 0x21, 0x5f, 0x24, 0x21, 0x5b, 0x24, 0x21, 0xff, 0x24, 0x21, 0x2f, 0x24, 0x21, 0x8f, 0x24, 0x21, 0xff, 0x24, 0x21, 0x1f,
    0x24, 0x21, 0x12, 0x24, 0x21, 0x31, 0x24, 0x21, 0xe4, 0x24, 0x21, 0xb8, 0x00, 0x00, 0x00, 0x24, 0x21, 0x15, 0x24, 0x21, 0xf4, 0x24, 0x21, 0x83,
    0x24, 0x21, 0x57, 0x24, 0x21, 0xff, 0x24, 0x21, 0x47, 0x00, 0x00, 0x00, 0x00, 0x00, 0x00, 0x00, 0x00, 0x00, 0x00, 0x00, 0x00, 0x00, 0x00, 0x00,
    0x00, 0x00, 0x00, 0x00, 0x00, 0x00, 0x00, 0x00, 0x00, 0x24, 0x21, 0x06, 0x24, 0x21, 0xf3, 0x24, 0x21, 0xff, 0x24, 0x21, 0xff, 0x24, 0x21, 0xff,
    0x24, 0x21, 0xff, 0x24, 0x21, 0xff, 0x24, 0x21, 0xbe, 0x24, 0x21, 0x69, 0x24, 0x21, 0x6f, 0x00, 0x00, 0x00, 0x00, 0x00, 0x00, 0x00, 0x00, 0x00,
    0x00, 0x00, 0x00, 0x00, 0x00, 0x00, 0x24, 0x21, 0x6f, 0x24, 0x21, 0xff, 0x24, 0x21, 0x47, 0x00, 0x00, 0x00, 0x00, 0x00, 0x00, 0x00, 0x00, 0x00,
    0x24, 0x21, 0x7f, 0x24, 0x21, 0xff, 0x24, 0x21, 0x4b, 0x00, 0x00, 0x00, 0x00, 0x00, 0x00, 0x00, 0x00, 0x00, 0x00, 0x00, 0x00, 0x00, 0x00, 0x00,
    0x24, 0x21, 0xeb, 0x24, 0x21, 0xaf, 0x00, 0x00, 0x00, 0x24, 0x21, 0x52, 0x24, 0x21, 0xff, 0x24, 0x21, 0x51, 0x24, 0x21, 0x5b, 0x24, 0x21, 0xff,
    0x24, 0x21, 0x2f, 0x24, 0x21, 0x8f, 0x24, 0x21, 0xff, 0x24, 0x21, 0x1f, 0x00, 0x00, 0x00, 0x24, 0x21, 0x8c, 0x24, 0x21, 0xff, 0x24, 0x21, 0x80,
    0x24, 0x21, 0x7a, 0x24, 0x21, 0x8c, 0x24, 0x21, 0xff, 0x24, 0x21, 0xff, 0x24, 0x21, 0xff, 0x24, 0x21, 0xff, 0x24, 0x21, 0xff, 0x24, 0x21, 0xff,
    0x24, 0x21, 0xe3, 0x00, 0x00, 0x00, 0x00, 0x00, 0x00, 0x00, 0x00, 0x00, 0x00, 0x00, 0x00, 0x00, 0x00, 0x00, 0x00, 0x00, 0x00, 0x00, 0x00, 0x00,
    0x24, 0x21, 0x44, 0x24, 0x21, 0x7d, 0x24, 0x21, 0xd8, 0x24, 0x21, 0xff, 0x24, 0x21, 0xc4, 0x24, 0x21, 0x40, 0x24, 0x21, 0x03, 0x24, 0x21, 0x94,
    0x24, 0x21, 0xff, 0x24, 0x21, 0x9d, 0x24, 0x21, 0x02, 0x00, 0x00, 0x00, 0x00, 0x00, 0x00, 0x00, 0x00, 0x00, 0x24, 0x21, 0x6f, 0x24, 0x21, 0xff,
    0x24, 0x21, 0x47, 0x00, 0x00, 0x00, 0x00, 0x00, 0x00, 0x00, 0x00, 0x00, 0x24, 0x21, 0x7f, 0x24, 0x21, 0xff, 0x24, 0x21, 0x4b, 0x00, 0x00, 0x00,
    0x00, 0x00, 0x00, 0x00, 0x00, 0x00, 0x00, 0x00, 0x00, 0x00, 0x00, 0x00, 0x24, 0x21, 0xeb, 0x24, 0x21, 0xaf, 0x00, 0x00, 0x00, 0x24, 0x21, 0x6a,
    0x24, 0x21, 0xff, 0x24, 0x21, 0x43, 0x24, 0x21, 0x5b, 0x24, 0x21, 0xff, 0x24, 0x21, 0x2f, 0x24, 0x21, 0x8f, 0x24, 0x21, 0xff, 0x24, 0x21, 0x1f,
    0x24, 0x21, 0x54, 0x24, 0x21, 0xfe, 0x24, 0x21, 0xff, 0x24, 0x21, 0xff, 0x24, 0x21, 0xe1, 0x24, 0x21, 0x3e, 0x24, 0x21, 0x95, 0x24, 0x21, 0x84,
    0x24, 0x21, 0xae, 0x24, 0x21, 0xff, 0x24, 0x21, 0xa6, 0x24, 0x21, 0x83, 0x24, 0x21, 0x75, 0x00, 0x00, 0x00, 0x00, 0x00, 0x00, 0x00, 0x00, 0x00,
    0x00, 0x00, 0x00, 0x00, 0x00, 0x00, 0x00, 0x00, 0x00, 0x24, 0x21, 0x7b, 0x24, 0x21, 0xef, 0x24, 0x21, 0xff, 0x24, 0x21, 0xff, 0x24, 0x21, 0xff,
    0x24, 0x21, 0xf0, 0x24, 0x21, 0xf9, 0x24, 0x21, 0xff, 0x24, 0x21, 0xff, 0x24, 0x21, 0xff, 0x24, 0x21, 0xff, 0x24, 0x21, 0x91, 0x00, 0x00, 0x00,
    0x00, 0x00, 0x00, 0x00, 0x00, 0x00, 0x24, 0x21, 0x6f, 0x24, 0x21, 0xff, 0x24, 0x21, 0x5d, 0x24, 0x21, 0x90, 0x00, 0x00, 0x00, 0x00, 0x00, 0x00,
    0x24, 0x21, 0x7f, 0x24, 0x21, 0xff, 0x24, 0x21, 0x4b, 0x00, 0x00, 0x00, 0x00, 0x00, 0x00, 0x00, 0x00, 0x00, 0x00, 0x00, 0x00, 0x00, 0x00, 0x00,
    0x24, 0x21, 0xeb, 0x24, 0x21, 0xb8, 0x24, 0x21, 0x91, 0x24, 0x21, 0x93, 0x24, 0x21, 0xff, 0x24, 0x21, 0x36, 0x24, 0x21, 0x5b, 0x24, 0x21, 0xff,
    0x24, 0x21, 0x2f, 0x24, 0x21, 0x8f, 0x24, 0x21, 0xff, 0x24, 0x21, 0x1f, 0x24, 0x21, 0x39, 0x24, 0x21, 0xd3, 0x24, 0x21, 0x85, 0x24, 0x21, 0x43,
    0x24, 0x21, 0x0a, 0x00, 0x00, 0x00, 0x24, 0x21, 0xa1, 0x24, 0x21, 0x65, 0x24, 0x21, 0x57, 0x24, 0x21, 0xff, 0x24, 0x21, 0x55, 0x24, 0x21, 0x87,
    0x24, 0x21, 0x2f, 0x00, 0x00, 0x00, 0x00, 0x00, 0x00, 0x00, 0x00, 0x00, 0x00, 0x00, 0x00, 0x00, 0x00, 0x00, 0x00, 0x00, 0x00, 0x24, 0x21, 0x57,
    0x24, 0x21, 0xa0, 0x24, 0x21, 0xa4, 0x24, 0x21, 0x78, 0x24, 0x21, 0x69, 0x24, 0x21, 0xe7, 0x24, 0x21, 0xec, 0x24, 0x21, 0x48, 0x24, 0x21, 0x52,
    0x24, 0x21, 0x33, 0x24, 0x21, 0x9e, 0x24, 0x21, 0x6f, 0x00, 0x00, 0x00, 0x00, 0x00, 0x00, 0x00, 0x00, 0x00, 0x24, 0x21, 0x72, 0x24, 0x21, 0xff,
    0x24, 0x21, 0xf9, 0x24, 0x21, 0xfe, 0x24, 0x21, 0x19, 0x00, 0x00, 0x00, 0x24, 0x21, 0x7f, 0x24, 0x21, 0xff, 0x24, 0x21, 0x4b, 0x00, 0x00, 0x00,
    0x00, 0x00, 0x00, 0x00, 0x00, 0x00, 0x00, 0x00, 0x00, 0x00, 0x00, 0x00, 0x24, 0x21, 0xec, 0x24, 0x21, 0xff, 0x24, 0x21, 0xff, 0x24, 0x21, 0xe8,
    0x24, 0x21, 0xfe, 0x24, 0x21, 0x10, 0x24, 0x21, 0x5b, 0x24, 0x21, 0xff, 0x24, 0x21, 0x2f, 0x24, 0x21, 0x8f, 0x24, 0x21, 0xff, 0x24, 0x21, 0x1f,
    0x00, 0x00, 0x00, 0x00, 0x00, 0x00, 0x24, 0x21, 0x2b, 0x24, 0x21, 0x94, 0x24, 0x21, 0xaa, 0x24, 0x21, 0x3f, 0x24, 0x21, 0xff, 0x24, 0x21, 0x75,
    0x24, 0x21, 0x57, 0x24, 0x21, 0xff, 0x24, 0x21, 0x56, 0x24, 0x21, 0xf2, 0x24, 0x21, 0xa9, 0x00, 0x00, 0x00, 0x00, 0x00, 0x00, 0x00, 0x00, 0x00,
    0x00, 0x00, 0x00, 0x00, 0x00, 0x00, 0x00, 0x00, 0x00, 0x24, 0x21, 0x06, 0x24, 0x21, 0x83, 0x24, 0x21, 0xfd, 0x24, 0x21, 0x9a, 0x00, 0x00, 0x00,
    0x24, 0x21, 0xd7, 0x24, 0x21, 0xe3, 0x24, 0x21, 0x25, 0x24, 0x21, 0xea, 0x24, 0x21, 0xd0, 0x24, 0x21, 0x39, 0x00, 0x00, 0x00, 0x00, 0x00, 0x00,
    0x00, 0x00, 0x00, 0x00, 0x00, 0x00, 0x24, 0x21, 0xb1, 0x24, 0x21, 0xff, 0x24, 0x21, 0xfb, 0x24, 0x21, 0x6d, 0x00, 0x00, 0x00, 0x00, 0x00, 0x00,
    0x24, 0x21, 0x7f, 0x24, 0x21, 0xff, 0x24, 0x21, 0x4b, 0x00, 0x00, 0x00, 0x00, 0x00, 0x00, 0x00, 0x00, 0x00, 0x00, 0x00, 0x00, 0x24, 0x21, 0x0e,
    0x24, 0x21, 0xfd, 0x24, 0x21, 0xff, 0x24, 0x21, 0x9b, 0x24, 0x21, 0xfc, 0x24, 0x21, 0xd7, 0x00, 0x00, 0x00, 0x24, 0x21, 0x54, 0x24, 0x21, 0xeb,
    0x24, 0x21, 0x2c, 0x24, 0x21, 0x8f, 0x24, 0x21, 0xff, 0x24, 0x21, 0x1f, 0x24, 0x21, 0x3d, 0x24, 0x21, 0xc4, 0x24, 0x21, 0xff, 0x24, 0x21, 0xf7,
    0x24, 0x21, 0x8a, 0x24, 0x21, 0xcf, 0x24, 0x21, 0xea, 0x24, 0x21, 0x0c, 0x24, 0x21, 0x57, 0x24, 0x21, 0xff, 0x24, 0x21, 0x47, 0x24, 0x21, 0x91,
    0x24, 0x21, 0xfd, 0x24, 0x21, 0x21, 0x00, 0x00, 0x00, 0x00, 0x00, 0x00, 0x00, 0x00, 0x00, 0x00, 0x00, 0x00, 0x24, 0x21, 0x3c, 0x24, 0x21, 0xe2,
    0x24, 0x21, 0xff, 0x24, 0x21, 0xa9, 0x24, 0x21, 0x47, 0x24, 0x21, 0x7b, 0x24, 0x21, 0xf1, 0x24, 0x21, 0xdb, 0x00, 0x00, 0x00, 0x24, 0x21, 0x50,
    0x24, 0x21, 0xe2, 0x24, 0x21, 0xfd, 0x24, 0x21, 0x87, 0x24, 0x21, 0x02, 0x00, 0x00, 0x00, 0x24, 0x21, 0x0f, 0x24, 0x21, 0xf2, 0x24, 0x21, 0xee,
    0x24, 0x21, 0x42, 0x00, 0x00, 0x00, 0x00, 0x00, 0x00, 0x00, 0x00, 0x00, 0x24, 0x21, 0x7f, 0x24, 0x21, 0xff, 0x24, 0x21, 0x4b, 0x00, 0x00, 0x00,
    0x00, 0x00, 0x00, 0x00, 0x00, 0x00, 0x00, 0x00, 0x00, 0x24, 0x21, 0x6d, 0x24, 0x21, 0xff, 0x24, 0x21, 0x7f, 0x24, 0x21, 0x88, 0x24, 0x21, 0xff,
    0x24, 0x21, 0x88, 0x00, 0x00, 0x00, 0x00, 0x00, 0x00, 0x00, 0x00, 0x00, 0x00, 0x00, 0x00, 0x24, 0x21, 0x8f, 0x24, 0x21, 0xff, 0x24, 0x21, 0x1f,
    0x24, 0x21, 0x5b, 0x24, 0x21, 0xf7, 0x24, 0x21, 0x91, 0x24, 0x21, 0x19, 0x24, 0x21, 0x50, 0x24, 0x21, 0xff, 0x24, 0x21, 0x4f, 0x24, 0x21, 0x74,
    0x24, 0x21, 0xb2, 0x24, 0x21, 0xff, 0x24, 0x21, 0x3d, 0x24, 0x21, 0x27, 0x24, 0x21, 0xfd, 0x24, 0x21, 0x62, 0x00, 0x00, 0x00, 0x00, 0x00, 0x00,
    0x00, 0x00, 0x00, 0x00, 0x00, 0x00, 0x24, 0x21, 0x05, 0x24, 0x21, 0x87, 0x24, 0x21, 0x45, 0x00, 0x00, 0x00, 0x24, 0x21, 0x30, 0x24, 0x21, 0xfd,
    0x24, 0x21, 0xe8, 0x24, 0x21, 0x6f, 0x00, 0x00, 0x00, 0x00, 0x00, 0x00, 0x24, 0x21, 0x0f, 0x24, 0x21, 0x9c, 0x24, 0x21, 0x53, 0x00, 0x00, 0x00,
    0x00, 0x00, 0x00, 0x00, 0x00, 0x00, 0x24, 0x21, 0x74, 0x24, 0x21, 0x28, 0x00, 0x00, 0x00, 0x00, 0x00, 0x00, 0x00, 0x00, 0x00, 0x00, 0x00, 0x00,
    0x24, 0x21, 0x7f, 0x24, 0x21, 0xff, 0x24, 0x21, 0x4b, 0x00, 0x00, 0x00, 0x00, 0x00, 0x00, 0x00, 0x00, 0x00, 0x00, 0x00, 0x00, 0x24, 0x21, 0x14,
    0x24, 0x21, 0x84, 0x00, 0x00, 0x00, 0x24, 0x21, 0x25, 0x24, 0x21, 0xba, 0x24, 0x21, 0x22, 0x00, 0x00, 0x00, 0x00, 0x00, 0x00, 0x00, 0x00, 0x00,
    0x00, 0x00, 0x00, 0x24, 0x21, 0x79, 0x24, 0x21, 0xd7, 0x24, 0x21, 0x1a, 0x24, 0x21, 0x12, 0x24, 0x21, 0x19, 0x00, 0x00, 0x00, 0x00, 0x00, 0x00,
    0x00, 0x00, 0x00, 0x24, 0x21, 0x35, 0x00, 0x00, 0x00, 0x24, 0x21, 0xb1, 0x24, 0x21, 0xf5, 0x24, 0x21, 0xb6, 0x24, 0x21, 0x0b, 0x00, 0x00, 0x00,
    0x24, 0x21, 0x20, 0x00, 0x00, 0x00, 0x00, 0x00, 0x00, 0x00, 0x00, 0x00, 0x00, 0x00, 0x00, 0x00, 0x00, 0x00, 0x00, 0x00, 0x00, 0x00, 0x00, 0x00,
    0x00, 0x00, 0x00, 0x00, 0x00, 0x00, 0x00, 0x00, 0x00, 0x00, 0x00, 0x00, 0x00, 0x00, 0x00, 0x00, 0x00, 0x00, 0x00, 0x00, 0x00, 0x00, 0x00, 0x00,
    0x00, 0x00, 0x00, 0x00, 0x00, 0x00, 0x00, 0x00, 0x00, 0x00, 0x00, 0x00, 0x00, 0x00, 0x00, 0x00, 0x00, 0x00, 0x00, 0x00, 0x00, 0x00, 0x00, 0x00,
    0x00, 0x00, 0x00, 0x00, 0x00, 0x00, 0x00, 0x00, 0x00, 0x00, 0x00, 0x00, 0x24, 0x21, 0x07, 0x24, 0x21, 0x0f, 0x24, 0x21, 0x04, 0x00, 0x00, 0x00,
    0x00, 0x00, 0x00, 0x00, 0x00, 0x00, 0x00, 0x00, 0x00, 0x00, 0x00, 0x00, 0x00, 0x00, 0x00, 0x00, 0x00, 0x00, 0x00, 0x00, 0x00, 0x00, 0x00, 0x00,
    0x00, 0x00, 0x00, 0x00, 0x00, 0x00, 0x00, 0x00, 0x00, 0x00, 0x00, 0x00, 0x00, 0x00, 0x00, 0x00, 0x00, 0x00, 0x00, 0x00, 0x00, 0x00, 0x00, 0x00,
    0x00, 0x00, 0x00, 0x00, 0x00, 0x00, 0x00, 0x00, 0x00, 0x00, 0x00, 0x00, 0x00, 0x00, 0x00, 0x00, 0x00, 0x00, 0x00, 0x00, 0x00, 0x00, 0x00, 0x00,
    0x00, 0x00, 0x00, 0x00, 0x00, 0x00, 0x00, 0x00, 0x00, 0x00, 0x00, 0x00, 0x00, 0x00, 0x00, 0x00, 0x00, 0x00, 0x00, 0x00, 0x00, 0x00, 0x00, 0x00,
    0x00, 0x00, 0x00, 0x00, 0x00, 0x00, 0x00, 0x00, 0x00, 0x00, 0x00, 0x00, 0x00, 0x00, 0x00, 0x00, 0x00, 0x00, 0x00, 0x00, 0x00, 0x00, 0x00, 0x00,
    0x00, 0x00, 0x00, 0x00, 0x00, 0x00, 0x00, 0x00, 0x00, 0x00, 0x00, 0x00, 0x00, 0x00, 0x00, 0x00, 0x00, 0x00, 0x00, 0x00, 0x00, 0x00, 0x00, 0x00,
    0x00, 0x00, 0x00, 0x00, 0x00, 0x00, 0x00, 0x00, 0x00, 0x00, 0x00, 0x00, 0x00, 0x00, 0x00, 0x00, 0x00, 0x00, 0x00, 0x00, 0x00, 0x00, 0x00, 0x00,
    0x00, 0x00, 0x00, 0x00, 0x00, 0x00, 0x00, 0x00, 0x00, 0x00, 0x00, 0x00, 0x00, 0x00, 0x00, 0x00, 0x00, 0x00, 0x00, 0x00, 0x00, 0x00, 0x00, 0x00,
    0x00, 0x00, 0x00, 0x00, 0x00, 0x00, 0x00, 0x00, 0x00, 0x00, 0x00, 0x00, 0x00, 0x00, 0x00, 0x00, 0x00, 0x00, 0x00, 0x00, 0x00, 0x00, 0x00, 0x00,
    0x00, 0x00, 0x00, 0x00, 0x00, 0x00, 0x00, 0x00, 0x00, 0x00, 0x00, 0x00, 0x00, 0x00, 0x00, 0x00, 0x00, 0x00, 0x00, 0x00, 0x00, 0x00, 0x00, 0x00,
    0x00, 0x00, 0x00, 0x00, 0x00, 0x00, 0x00, 0x00, 0x00, 0x00, 0x00, 0x00, 0x00, 0x00, 0x00, 0x00, 0x00, 0x00, 0x00, 0x00, 0x00, 0x00, 0x00, 0x00,
    0x00, 0x00, 0x00, 0x00, 0x00, 0x00, 0x00, 0x00, 0x00, 0x00, 0x00, 0x00, 0x00, 0x00, 0x00, 0x00, 0x00, 0x00, 0x00, 0x00, 0x00, 0x00, 0x00, 0x00,
    0x00, 0x00, 0x00, 0x00, 0x00, 0x00, 0x00, 0x00, 0x00, 0x00, 0x00, 0x00, 0x00, 0x00, 0x00, 0x00, 0x00, 0x00, 0x00, 0x00, 0x00, 0x00, 0x00, 0x00,
    0x00, 0x00, 0x00, 0x00, 0x00, 0x00, 0x00, 0x00, 0x00, 0x00, 0x00, 0x00, 0x00, 0x00, 0x00, 0x00, 0x00, 0x00, 0x00, 0x00, 0x00, 0x00, 0x00, 0x00,
    0x00, 0x00, 0x00, 0x00, 0x00, 0x00, 0x00, 0x00, 0x00, 0x00, 0x00, 0x00, 0x00, 0x00, 0x00, 0x00, 0x00, 0x00, 0x00, 0x00, 0x00, 0x00, 0x00, 0x00,
    0x00, 0x00, 0x00, 0x00, 0x00, 0x00, 0x00, 0x00, 0x00, 0x00, 0x00, 0x00, 0x00, 0x00, 0x00, 0x00, 0x00, 0x00, 0x00, 0x00, 0x00, 0x00, 0x00, 0x00,
    0x00, 0x00, 0x00, 0x00, 0x00, 0x00, 0x00, 0x00, 0x00, 0x00, 0x00, 0x00, 0x00, 0x00, 0x00, 0x00, 0x00, 0x00, 0x00, 0x00, 0x00, 0x00, 0x00, 0x00,
    0x00, 0x00, 0x00, 0x00, 0x00, 0x00, 0x00, 0x00, 0x00, 0x00, 0x00, 0x00, 0x00, 0x00, 0x00, 0x00, 0x00, 0x00, 0x00, 0x00, 0x00, 0x00, 0x00, 0x00,
    0x00, 0x00, 0x00, 0x00, 0x00, 0x00, 0x00, 0x00, 0x00, 0x00, 0x00, 0x00, 0x00, 0x00, 0x00, 0x00, 0x00, 0x00, 0x00, 0x00, 0x00, 0x00, 0x00, 0x00,
};
const lv_img_dsc_t zh_total_training = {
    .header.always_zero = 0,
    .header.w = 60,
    .header.h = 20,
    .data_size = 3600,
    .header.cf = LV_IMG_CF_TRUE_COLOR_ALPHA,
    .data = zh_total_training_map,
};

#ifndef LV_ATTRIBUTE_IMG_ZH_UPPER_LIMB
#define LV_ATTRIBUTE_IMG_ZH_UPPER_LIMB
#endif
const LV_ATTRIBUTE_MEM_ALIGN LV_ATTRIBUTE_LARGE_CONST LV_ATTRIBUTE_IMG_ZH_UPPER_LIMB uint8_t zh_upper_limb_map[] = {
    0x00, 0x00, 0x00, 0x00, 0x00, 0x00, 0x00, 0x00, 0x00, 0x00, 0x00, 0x00, 0x00, 0x00, 0x00, 0x00, 0x00, 0x00, 0x00, 0x00, 0x00, 0x00, 0x00, 0x00,
    0x00, 0x00, 0x00, 0x00, 0x00, 0x00, 0x00, 0x00, 0x00, 0x00, 0x00, 0x00, 0x00, 0x00, 0x00, 0x00, 0x00, 0x00, 0x00, 0x00, 0x00, 0x00, 0x00, 0x00,
    0x00, 0x00, 0x00, 0x00, 0x00, 0x00, 0x00, 0x00, 0x00, 0x00, 0x00, 0x00, 0x00, 0x00, 0x00, 0x00, 0x00, 0x00, 0x00, 0x00, 0x00, 0x00, 0x00, 0x00,
    0x00, 0x00, 0x00, 0x00, 0x00, 0x00, 0x00, 0x00, 0x00, 0x00, 0x00, 0x00, 0x00, 0x00, 0x00, 0x00, 0x00, 0x00, 0x00, 0x00, 0x00, 0x00, 0x00, 0x00,
    0x00, 0x00, 0x00, 0x00, 0x00, 0x00, 0x00, 0x00, 0x00, 0x00, 0x00, 0x00, 0x00, 0x00, 0x00, 0x00, 0x00, 0x00, 0x00, 0x00, 0x00, 0x00, 0x00, 0x00,
    0x00, 0x00, 0x00, 0x00, 0x00, 0x00, 0x00, 0x00, 0x00, 0x00, 0x00, 0x00, 0x00, 0x00, 0x00, 0x00, 0x00, 0x00, 0x00, 0x00, 0x00, 0x00, 0x00, 0x00,
    0x00, 0x00, 0x00, 0x00, 0x00, 0x00, 0x00, 0x00, 0x00, 0x00, 0x00, 0x00, 0x00, 0x00, 0x00, 0x00, 0x00, 0x00, 0x00, 0x00, 0x00, 0x00, 0x00, 0x00,
    0x00, 0x00, 0x00, 0x00, 0x00, 0x00, 0x00, 0x00, 0x00, 0x00, 0x00, 0x00, 0x00, 0x00, 0x00, 0x00, 0x00, 0x00, 0x00, 0x00, 0x00, 0x00, 0x00, 0x00,
    0x00, 0x00, 0x00, 0x00, 0x00, 0x00, 0x00, 0x00, 0x00, 0x00, 0x00, 0x00, 0x00, 0x00, 0x00, 0x00, 0x00, 0x00, 0x00, 0x00, 0x00, 0x00, 0x00, 0x00,
    0x00, 0x00, 0x00, 0x00, 0x00, 0x00, 0x00, 0x00, 0x00, 0x00, 0x00, 0x00, 0x00, 0x00, 0x00, 0x00, 0x00, 0x00, 0x00, 0x00, 0x00, 0x00, 0x00, 0x00,
    0x00, 0x00, 0x00, 0x00, 0x00, 0x00, 0x00, 0x00, 0x00, 0x00, 0x00, 0x00, 0x00, 0x00, 0x00, 0x00, 0x00, 0x00, 0x00, 0x00, 0x00, 0x00, 0x00, 0x00,
    0x00, 0x00, 0x00, 0x00, 0x00, 0x00, 0x00, 0x00, 0x00, 0x00, 0x00, 0x00, 0x00, 0x00, 0x00, 0x00, 0x00, 0x00, 0x00, 0x00, 0x00, 0x00, 0x00, 0x00,
    0x00, 0x00, 0x00, 0x00, 0x00, 0x00, 0x00, 0x00, 0x00, 0x00, 0x00, 0x00, 0x00, 0x00, 0x00, 0x00, 0x00, 0x00, 0x00, 0x00, 0x00, 0x00, 0x00, 0x00,
    0x00, 0x00, 0x00, 0x00, 0x00, 0x00, 0x00, 0x00, 0x00, 0x00, 0x00, 0x00, 0x00, 0x00, 0x00, 0x00, 0x00, 0x00, 0x00, 0x00, 0x00, 0x00, 0x00, 0x00,
    0x00, 0x00, 0x00, 0x00, 0x00, 0x00, 0x00, 0x00, 0x00, 0x00, 0x00, 0x00, 0x00, 0x00, 0x00, 0x00, 0x00, 0x00, 0x00, 0x00, 0x00, 0x00, 0x00, 0x00,
    0x00, 0x00, 0x00, 0x00, 0x00, 0x00, 0x00, 0x00, 0x00, 0x00, 0x00, 0x00, 0x00, 0x00, 0x00, 0x00, 0x00, 0x00, 0x00, 0x00, 0x00, 0x00, 0x00, 0x00,
    0x00, 0x00, 0x00, 0x00, 0x00, 0x00, 0x00, 0x00, 0x00, 0x00, 0x00, 0x00, 0x00, 0x00, 0x00, 0x00, 0x00, 0x00, 0x00, 0x00, 0x00, 0x00, 0x00, 0x00,
    0x00, 0x00, 0x00, 0x00, 0x00, 0x00, 0x00, 0x00, 0x00, 0x00, 0x00, 0x00, 0x00, 0x00, 0x00, 0x00, 0x00, 0x00, 0x00, 0x00, 0x00, 0x00, 0x00, 0x00,
    0x00, 0x00, 0x00, 0x00, 0x00, 0x00, 0x00, 0x00, 0x00, 0x00, 0x00, 0x00, 0x00, 0x00, 0x00, 0x00, 0x00, 0x00, 0x00, 0x00, 0x00, 0x00, 0x00, 0x00,
    0x00, 0x00, 0x00, 0x00, 0x00, 0x00, 0x00, 0x00, 0x00, 0x00, 0x00, 0x00, 0x00, 0x00, 0x00, 0x00, 0x00, 0x00, 0x00, 0x00, 0x00, 0x00, 0x00, 0x00,
    0x00, 0x00, 0x00, 0x00, 0x00, 0x00, 0x00, 0x00, 0x00, 0x00, 0x00, 0x00, 0x00, 0x00, 0x00, 0x00, 0x00, 0x00, 0x00, 0x00, 0x00, 0x00, 0x00, 0x00,
    0x00, 0x00, 0x00, 0x00, 0x00, 0x00, 0x00, 0x00, 0x00, 0x00, 0x00, 0x00, 0x00, 0x00, 0x00, 0x00, 0x00, 0x00, 0x00, 0x00, 0x00, 0x00, 0x00, 0x00,
    0x00, 0x00, 0x00, 0x00, 0x00, 0x00, 0x00, 0x00, 0x00, 0x00, 0x00, 0x00, 0x00, 0x00, 0x00, 0x00, 0x00, 0x00, 0x00, 0x00, 0x00, 0x00, 0x00, 0x00,
    0x00, 0x00, 0x00, 0x00, 0x00, 0x00, 0x00, 0x00, 0x00, 0x00, 0x00, 0x00, 0x00, 0x00, 0x00, 0x00, 0x00, 0x00, 0x00, 0x00, 0x00, 0x00, 0x00, 0x00,
    0x00, 0x00, 0x00, 0x00, 0x00, 0x00, 0x00, 0x00, 0x00, 0x00, 0x00, 0x00, 0x00, 0x00, 0x00, 0x00, 0x00, 0x00, 0x00, 0x00, 0x00, 0x00, 0x00, 0x00,
    0x00, 0x00, 0x00, 0x00, 0x00, 0x00, 0x00, 0x00, 0x00, 0x00, 0x00, 0x00, 0x00, 0x00, 0x00, 0x00, 0x00, 0x00, 0x00, 0x00, 0x00, 0x00, 0x00, 0x00,
    0x00, 0x00, 0x00, 0x00, 0x00, 0x00, 0x00, 0x00, 0x00, 0x00, 0x00, 0x00, 0x00, 0x00, 0x00, 0x00, 0x00, 0x00, 0x00, 0x00, 0x00, 0x00, 0x00, 0x00,
    0x00, 0x00, 0x00, 0x00, 0x00, 0x00, 0x00, 0x00, 0x00, 0x00, 0x00, 0x00, 0x00, 0x00, 0x00, 0x00, 0x00, 0x00, 0x00, 0x00, 0x00, 0x00, 0x00, 0x00,
    0x00, 0x00, 0x00, 0x00, 0x00, 0x00, 0x00, 0x00, 0x00, 0x00, 0x00, 0x00, 0x00, 0x00, 0x00, 0x00, 0x00, 0x00, 0x00, 0x00, 0x00, 0x00, 0x00, 0x00,
    0x00, 0x00, 0x00, 0x00, 0x00, 0x00, 0x00, 0x00, 0x00, 0x00, 0x00, 0x00, 0x00, 0x00, 0x00, 0x00, 0x00, 0x00, 0x00, 0x00, 0x00, 0x00, 0x00, 0x00,
    0x00, 0x00, 0x00, 0x00, 0x00, 0x00, 0x00, 0x00, 0x00, 0x00, 0x00, 0x00, 0x00, 0x00, 0x00, 0x00, 0x00, 0x00, 0x00, 0x00, 0x00, 0x00, 0x00, 0x00,
    0x00, 0x00, 0x00, 0x00, 0x00, 0x00, 0x00, 0x00, 0x00, 0x00, 0x00, 0x00, 0x00, 0x00, 0x00, 0x00, 0x00, 0x00, 0x00, 0x00, 0x00, 0x00, 0x00, 0x00,
    0x00, 0x00, 0x00, 0x00, 0x00, 0x00, 0x00, 0x00, 0x00, 0x00, 0x00, 0x00, 0x00, 0x00, 0x00, 0x00, 0x00, 0x00, 0x00, 0x00, 0x00, 0x00, 0x00, 0x00,
    0x00, 0x00, 0x00, 0x00, 0x00, 0x00, 0x00, 0x00, 0x00, 0x00, 0x00, 0x00, 0x00, 0x00, 0x00, 0x00, 0x00, 0x00, 0x00, 0x00, 0x00, 0x00, 0x00, 0x00,
    0x00, 0x00, 0x00, 0x00, 0x00, 0x00, 0x00, 0x00, 0x00, 0x00, 0x00, 0x00, 0x00, 0x00, 0x00, 0x00, 0x00, 0x00, 0x00, 0x00, 0x00, 0x00, 0x00, 0x00,
    0x00, 0x00, 0x00, 0x00, 0x00, 0x00, 0x00, 0x00, 0x00, 0x00, 0x00, 0x00, 0x00, 0x00, 0x00, 0x00, 0x00, 0x00, 0x00, 0x00, 0x00, 0x00, 0x00, 0x00,
    0x00, 0x00, 0x00, 0x00, 0x00, 0x00, 0x00, 0x00, 0x00, 0x00, 0x00, 0x00, 0x00, 0x00, 0x00, 0x00, 0x00, 0x00, 0x00, 0x00, 0x00, 0x00, 0x00, 0x00,
    0x00, 0x00, 0x00, 0x00, 0x00, 0x00, 0x00, 0x00, 0x00, 0x00, 0x00, 0x00, 0x00, 0x00, 0x00, 0x00, 0x00, 0x00, 0x00, 0x00, 0x00, 0x00, 0x00, 0x00,
    0x00, 0x00, 0x00, 0x00, 0x00, 0x00, 0x00, 0x00, 0x00, 0x00, 0x00, 0x00, 0x00, 0x00, 0x00, 0x00, 0x00, 0x00, 0x00, 0x00, 0x00, 0x00, 0x00, 0x00,
    0x00, 0x00, 0x00, 0x00, 0x00, 0x00, 0x00, 0x00, 0x00, 0x00, 0x00, 0x00, 0x00, 0x00, 0x00, 0x00, 0x00, 0x00, 0x00, 0x00, 0x00, 0x00, 0x00, 0x00,
    0x00, 0x00, 0x00, 0x00, 0x00, 0x00, 0x00, 0x00, 0x00, 0x00, 0x00, 0x00, 0x00, 0x00, 0x00, 0x00, 0x00, 0x00, 0x00, 0x00, 0x00, 0x00, 0x00, 0x00,
    0x00, 0x00, 0x00, 0x00, 0x00, 0x00, 0x00, 0x00, 0x00, 0x00, 0x00, 0x00, 0x00, 0x00, 0x00, 0x00, 0x00, 0x00, 0x00, 0x00, 0x00, 0x00, 0x00, 0x00,
    0x00, 0x00, 0x00, 0x00, 0x00, 0x00, 0x00, 0x00, 0x00, 0x00, 0x00, 0x00, 0x00, 0x00, 0x00, 0x00, 0x00, 0x00, 0x00, 0x00, 0x00, 0x00, 0x00, 0x00,
    0x00, 0x00, 0x00, 0x00, 0x00, 0x00, 0x00, 0x00, 0x00, 0x00, 0x00, 0x00, 0x00, 0x00, 0x00, 0x00, 0x00, 0x00, 0x00, 0x00, 0x00, 0x00, 0x00, 0x00,
    0x00, 0x00, 0x00, 0x00, 0x00, 0x00, 0x00, 0x00, 0x00, 0x00, 0x00, 0x00, 0x00, 0x00, 0x00, 0x00, 0x00, 0x00, 0x00, 0x00, 0x00, 0x00, 0x00, 0x00,
    0x00, 0x00, 0x00, 0x00, 0x00, 0x00, 0x00, 0x00, 0x00, 0x00, 0x00, 0x00, 0x00, 0x00, 0x00, 0x00, 0x00, 0x00, 0x00, 0x00, 0x00, 0x00, 0x00, 0x00,
    0x00, 0x00, 0x00, 0x00, 0x00, 0x00, 0x00, 0x00, 0x00, 0x00, 0x00, 0x00, 0x00, 0x00, 0x00, 0x00, 0x00, 0x00, 0x00, 0x00, 0x00, 0x00, 0x00, 0x00,
    0x00, 0x00, 0x00, 0x00, 0x00, 0x00, 0x00, 0x00, 0x00, 0x00, 0x00, 0x00, 0x00, 0x00, 0x00, 0x00, 0x00, 0x00, 0x00, 0x00, 0x00, 0x00, 0x00, 0x00,
    0x00, 0x00, 0x00, 0x00, 0x00, 0x00, 0x00, 0x00, 0x00, 0x00, 0x00, 0x00, 0x00, 0x00, 0x00, 0x00, 0x00, 0x00, 0x00, 0x00, 0x00, 0x00, 0x00, 0x00,
    0x00, 0x00, 0x00, 0x00, 0x00, 0x00, 0x8e, 0x35, 0x0c, 0x8e, 0x35, 0x17, 0x8e, 0x35, 0x17, 0x8e, 0x35, 0x17, 0x8e, 0x35, 0x0b, 0x00, 0x00, 0x00,
    0x00, 0x00, 0x00, 0x00, 0x00, 0x00, 0x00, 0x00, 0x00, 0x00, 0x00, 0x00, 0x00, 0x00, 0x00, 0x00, 0x00, 0x00, 0x00, 0x00, 0x00, 0x00, 0x00, 0x00,
    0x00, 0x00, 0x00, 0x00, 0x00, 0x00, 0x00, 0x00, 0x00, 0x00, 0x00, 0x00, 0x00, 0x00, 0x00, 0x00, 0x00, 0x00, 0x00, 0x00, 0x00, 0x00, 0x00, 0x00,
    0x00, 0x00, 0x00, 0x00, 0x00, 0x00, 0x00, 0x00, 0x00, 0x00, 0x00, 0x00, 0x00, 0x00, 0x00, 0x00, 0x00, 0x00, 0x00, 0x00, 0x00, 0x00, 0x00, 0x00,
    0x00, 0x00, 0x00, 0x00, 0x00, 0x00, 0x00, 0x00, 0x00, 0x00, 0x00, 0x00, 0x00, 0x00, 0x00, 0x00, 0x00, 0x00, 0x00, 0x00, 0x00, 0x8e, 0x35, 0x04,
    0x8e, 0x35, 0x8b, 0x8e, 0x35, 0x8b, 0x8e, 0x35, 0x8b, 0x8e, 0x35, 0x68, 0x00, 0x00, 0x00, 0x00, 0x00, 0x00, 0x00, 0x00, 0x00, 0x00, 0x00, 0x00,
    0x00, 0x00, 0x00, 0x00, 0x00, 0x00, 0x00, 0x00, 0x00, 0x00, 0x00, 0x00, 0x00, 0x00, 0x00, 0x00, 0x00, 0x00, 0x00, 0x00, 0x00, 0x00, 0x00, 0x00,
    0x00, 0x00, 0x00, 0x00, 0x00, 0x00, 0x00, 0x00, 0x00, 0x00, 0x00, 0x00, 0x00, 0x00, 0x00, 0x00, 0x00, 0x00, 0x00, 0x00, 0x00, 0x00, 0x00, 0x00,
    0x00, 0x00, 0x00, 0x00, 0x00, 0x00, 0x8e, 0x35, 0x04, 0x8e, 0x35, 0x37, 0x8e, 0x35, 0x78, 0x8e, 0x35, 0xb9, 0x8e, 0x35, 0x2a, 0x00, 0x00, 0x00,
    0x00, 0x00, 0x00, 0x00, 0x00, 0x00, 0x00, 0x00, 0x00, 0x00, 0x00, 0x00, 0x00, 0x00, 0x00, 0x00, 0x00, 0x00, 0x00, 0x00, 0x00, 0x00, 0x00, 0x00,
    0x00, 0x00, 0x00, 0x00, 0x00, 0x00, 0x00, 0x00, 0x00, 0x00, 0x00, 0x00, 0x00, 0x00, 0x00, 0x00, 0x00, 0x00, 0x00, 0x00, 0x00, 0x00, 0x00, 0x00,
    0x00, 0x00, 0x00, 0x00, 0x00, 0x00, 0x8e, 0x35, 0x51, 0x8e, 0x35, 0x52, 0x8e, 0x35, 0x0d, 0x00, 0x00, 0x00, 0x00, 0x00, 0x00, 0x00, 0x00, 0x00,
    0x00, 0x00, 0x00, 0x00, 0x00, 0x00, 0x00, 0x00, 0x00, 0x00, 0x00, 0x00, 0x00, 0x00, 0x00, 0x00, 0x00, 0x00, 0x00, 0x00, 0x00, 0x00, 0x00, 0x00,
    0x00, 0x00, 0x00, 0x00, 0x00, 0x00, 0x00, 0x00, 0x00, 0x00, 0x00, 0x00, 0x00, 0x00, 0x00, 0x00, 0x00, 0x00, 0x00, 0x00, 0x00, 0x00, 0x00, 0x00,
    0x00, 0x00, 0x00, 0x00, 0x00, 0x00, 0x00, 0x00, 0x00, 0x00, 0x00, 0x00, 0x00, 0x00, 0x00, 0x00, 0x00, 0x00, 0x8e, 0x35, 0x0b, 0x00, 0x00, 0x00,
    0x00, 0x00, 0x00, 0x00, 0x00, 0x00, 0x00, 0x00, 0x00, 0x00, 0x00, 0x00, 0x00, 0x00, 0x00, 0x00, 0x00, 0x00, 0x00, 0x00, 0x00, 0x00, 0x00, 0x00,
    0x00, 0x00, 0x00, 0x00, 0x00, 0x00, 0x00, 0x00, 0x00, 0x00, 0x00, 0x00, 0x00, 0x00, 0x00, 0x00, 0x00, 0x00, 0x00, 0x00, 0x00, 0x00, 0x00, 0x00,
    0x00, 0x00, 0x00, 0x00, 0x00, 0x00, 0x00, 0x00, 0x00, 0x00, 0x00, 0x00, 0x00, 0x00, 0x00, 0x00, 0x00, 0x00, 0x00, 0x00, 0x00, 0x00, 0x00, 0x00,
    0x00, 0x00, 0x00, 0x00, 0x00, 0x00, 0x00, 0x00, 0x00, 0x00, 0x00, 0x00, 0x00, 0x00, 0x00, 0x00, 0x00, 0x00, 0x8e, 0x35, 0x7c, 0x8e, 0x35, 0x4e,
    0x8e, 0x35, 0x01, 0x00, 0x00, 0x00, 0x00, 0x00, 0x00, 0x00, 0x00, 0x00, 0x00, 0x00, 0x00, 0x00, 0x00, 0x00, 0x00, 0x00, 0x00, 0x00, 0x00, 0x00,
    0x00, 0x00, 0x00, 0x8e, 0x35, 0x20, 0x8e, 0x35, 0xa3, 0x8e, 0x35, 0x82, 0x8e, 0x35, 0x61, 0x8e, 0x35, 0x23, 0x00, 0x00, 0x00, 0x00, 0x00, 0x00,
    0x00, 0x00, 0x00, 0x00, 0x00, 0x00, 0x00, 0x00, 0x00, 0x00, 0x00, 0x00, 0x00, 0x00, 0x00, 0x00, 0x00, 0x00, 0x00, 0x00, 0x00, 0x00, 0x00, 0x00,
    0x00, 0x00, 0x00, 0x00, 0x00, 0x00, 0x00, 0x00, 0x00, 0x00, 0x00, 0x00, 0x00, 0x00, 0x00, 0x00, 0x00, 0x00, 0x00, 0x00, 0x00, 0x00, 0x00, 0x00,
    0x00, 0x00, 0x00, 0x00, 0x00, 0x00, 0x00, 0x00, 0x00, 0x00, 0x00, 0x00, 0x00, 0x00, 0x00, 0x00, 0x00, 0x00, 0x00, 0x00, 0x00, 0x00, 0x00, 0x00,
    0x8e, 0x35, 0x83, 0x8e, 0x35, 0xff, 0x8e, 0x35, 0xff, 0x8e, 0x35, 0xff, 0x8e, 0x35, 0x7b, 0x00, 0x00, 0x00, 0x00, 0x00, 0x00, 0x00, 0x00, 0x00,
    0x00, 0x00, 0x00, 0x00, 0x00, 0x00, 0x00, 0x00, 0x00, 0x00, 0x00, 0x00, 0x00, 0x00, 0x00, 0x00, 0x00, 0x00, 0x00, 0x00, 0x00, 0x00, 0x00, 0x00,
    0x00, 0x00, 0x00, 0x00, 0x00, 0x00, 0x00, 0x00, 0x00, 0x00, 0x00, 0x00, 0x00, 0x00, 0x00, 0x8e, 0x35, 0x38, 0x8e, 0x35, 0x5f, 0x8e, 0x35, 0x5f,
    0x8e, 0x35, 0x5f, 0x8e, 0x35, 0x5f, 0x8e, 0x35, 0x5f, 0x8e, 0x35, 0x5f, 0x8e, 0x35, 0x5f, 0x8e, 0x35, 0x5f, 0x8e, 0x35, 0x3b, 0x00, 0x00, 0x00,
    0x00, 0x00, 0x00, 0x00, 0x00, 0x00, 0x00, 0x00, 0x00, 0x00, 0x00, 0x00, 0x00, 0x00, 0x00, 0x8e, 0x35, 0x07, 0x8e, 0x35, 0xff, 0x8e, 0x35, 0xff,
    0x8e, 0x35, 0xff, 0x8e, 0x35, 0xbf, 0x00, 0x00, 0x00, 0x00, 0x00, 0x00, 0x00, 0x00, 0x00, 0x00, 0x00, 0x00, 0x00, 0x00, 0x00, 0x00, 0x00, 0x00,
    0x00, 0x00, 0x00, 0x00, 0x00, 0x00, 0x00, 0x00, 0x00, 0x00, 0x00, 0x00, 0x00, 0x00, 0x00, 0x00, 0x00, 0x00, 0x00, 0x00, 0x00, 0x00, 0x00, 0x00,
    0x00, 0x00, 0x00, 0x00, 0x00, 0x00, 0x00, 0x00, 0x00, 0x00, 0x00, 0x00, 0x00, 0x00, 0x00, 0x00, 0x00, 0x00, 0x00, 0x00, 0x00, 0x00, 0x00, 0x00,
    0x8e, 0x35, 0x87, 0x8e, 0x35, 0xff, 0x8e, 0x35, 0xff, 0x8e, 0x35, 0xff, 0x8e, 0x35, 0xb0, 0x00, 0x00, 0x00, 0x00, 0x00, 0x00, 0x00, 0x00, 0x00,
    0x00, 0x00, 0x00, 0x00, 0x00, 0x00, 0x00, 0x00, 0x00, 0x00, 0x00, 0x00, 0x00, 0x00, 0x00, 0x00, 0x00, 0x00, 0x00, 0x00, 0x00, 0x00, 0x00, 0x00,
    0x00, 0x00, 0x00, 0x00, 0x00, 0x00, 0x00, 0x00, 0x00, 0x00, 0x00, 0x00, 0x00, 0x00, 0x00, 0x00, 0x00, 0x00, 0x00, 0x00, 0x00, 0x8e, 0x35, 0x16,
    0x8e, 0x35, 0xf1, 0x8e, 0x35, 0xff, 0x8e, 0x35, 0xf9, 0x8e, 0x35, 0x9d, 0x00, 0x00, 0x00, 0x00, 0x00, 0x00, 0x00, 0x00, 0x00, 0x00, 0x00, 0x00,
    0x00, 0x00, 0x00, 0x00, 0x00, 0x00, 0x00, 0x00, 0x00, 0x00, 0x00, 0x00, 0x00, 0x00, 0x00, 0x00, 0x00, 0x00, 0x00, 0x00, 0x00, 0x00, 0x00, 0x00,
    0x00, 0x00, 0x00, 0x00, 0x00, 0x00, 0x00, 0x00, 0x00, 0x00, 0x00, 0x00, 0x00, 0x00, 0x00, 0x00, 0x00, 0x00, 0x00, 0x00, 0x00, 0x00, 0x00, 0x00,
    0x00, 0x00, 0x00, 0x00, 0x00, 0x00, 0x00, 0x00, 0x00, 0x8e, 0x35, 0x27, 0x8e, 0x35, 0xe8, 0x8e, 0x35, 0x71, 0x00, 0x00, 0x00, 0x00, 0x00, 0x00,
    0x00, 0x00, 0x00, 0x00, 0x00, 0x00, 0x00, 0x00, 0x00, 0x00, 0x00, 0x00, 0x8e, 0x35, 0x24, 0x8e, 0x35, 0x87, 0x8e, 0x35, 0x87, 0x8e, 0x35, 0x87,
    0x8e, 0x35, 0x3d, 0x00, 0x00, 0x00, 0x00, 0x00, 0x00, 0x00, 0x00, 0x00, 0x00, 0x00, 0x00, 0x00, 0x00, 0x00, 0x00, 0x00, 0x00, 0x00, 0x00, 0x00,
    0x00, 0x00, 0x00, 0x8e, 0x35, 0x7b, 0x8e, 0x35, 0xb7, 0x8e, 0x35, 0xb7, 0x8e, 0x35, 0xb7, 0x8e, 0x35, 0x0e, 0x00, 0x00, 0x00, 0x00, 0x00, 0x00,
    0x00, 0x00, 0x00, 0x00, 0x00, 0x00, 0x00, 0x00, 0x00, 0x8e, 0x35, 0x01, 0x8e, 0x35, 0xe9, 0x8e, 0x35, 0xff, 0x8e, 0x35, 0xd1, 0x8e, 0x35, 0x51,
    0x00, 0x00, 0x00, 0x00, 0x00, 0x00, 0x00, 0x00, 0x00, 0x00, 0x00, 0x00, 0x00, 0x00, 0x00, 0x00, 0x00, 0x00, 0x00, 0x00, 0x00, 0x8e, 0x35, 0x57,
    0x8e, 0x35, 0xff, 0x8e, 0x35, 0xff, 0x8e, 0x35, 0xff, 0x8e, 0x35, 0x57, 0x00, 0x00, 0x00, 0x00, 0x00, 0x00, 0x00, 0x00, 0x00, 0x00, 0x00, 0x00,
    0x00, 0x00, 0x00, 0x00, 0x00, 0x00, 0x00, 0x00, 0x00, 0x00, 0x00, 0x00, 0x00, 0x00, 0x00, 0x00, 0x00, 0x00, 0x00, 0x00, 0x00, 0x00, 0x00, 0x00,
    0x00, 0x00, 0x00, 0x00, 0x00, 0x00, 0x00, 0x00, 0x00, 0x00, 0x00, 0x00, 0x00, 0x00, 0x00, 0x00, 0x00, 0x00, 0x00, 0x00, 0x00, 0x00, 0x00, 0x00,
    0x00, 0x00, 0x00, 0x00, 0x00, 0x00, 0x00, 0x00, 0x00, 0x00, 0x00, 0x00, 0x00, 0x00, 0x00, 0x00, 0x00, 0x00, 0x8e, 0x35, 0x83, 0x8e, 0x35, 0xff,
    0x8e, 0x35, 0xff, 0x8e, 0x35, 0xff, 0x8e, 0x35, 0x7b, 0x00, 0x00, 0x00, 0x00, 0x00, 0x00, 0x00, 0x00, 0x00, 0x00, 0x00, 0x00, 0x00, 0x00, 0x00,
    0x00, 0x00, 0x00, 0x00, 0x00, 0x00, 0x00, 0x00, 0x00, 0x00, 0x00, 0x00, 0x00, 0x00, 0x00, 0x00, 0x00, 0x00, 0x00, 0x00, 0x00, 0x00, 0x00, 0x00,
    0x00, 0x00, 0x00, 0x00, 0x00, 0x00, 0x00, 0x00, 0x00, 0x8e, 0x35, 0x97, 0x8e, 0x35, 0xff, 0x8e, 0x35, 0xff, 0x8e, 0x35, 0xff, 0x8e, 0x35, 0xff,
    0x8e, 0x35, 0xff, 0x8e, 0x35, 0xff, 0x8e, 0x35, 0xff, 0x8e, 0x35, 0xff, 0x8e, 0x35, 0x9f, 0x00, 0x00, 0x00, 0x00, 0x00, 0x00, 0x00, 0x00, 0x00,
    0x00, 0x00, 0x00, 0x00, 0x00, 0x00, 0x00, 0x00, 0x00, 0x8e, 0x35, 0x07, 0x8e, 0x35, 0xff, 0x8e, 0x35, 0xff, 0x8e, 0x35, 0xff, 0x8e, 0x35, 0xbf,
    0x00, 0x00, 0x00, 0x00, 0x00, 0x00, 0x00, 0x00, 0x00, 0x00, 0x00, 0x00, 0x00, 0x00, 0x00, 0x00, 0x00, 0x00, 0x00, 0x00, 0x00, 0x00, 0x00, 0x00,
    0x00, 0x00, 0x00, 0x00, 0x00, 0x00, 0x00, 0x00, 0x00, 0x00, 0x00, 0x00, 0x00, 0x00, 0x00, 0x00, 0x00, 0x00, 0x00, 0x00, 0x00, 0x00, 0x00, 0x00,
    0x00, 0x00, 0x00, 0x00, 0x00, 0x00, 0x00, 0x00, 0x00, 0x00, 0x00, 0x00, 0x00, 0x00, 0x00, 0x00, 0x00, 0x00, 0x8e, 0x35, 0x18, 0x8e, 0x35, 0xf6,
    0x8e, 0x35, 0xff, 0x8e, 0x35, 0xff, 0x8e, 0x35, 0xff, 0x8e, 0x35, 0x3b, 0x00, 0x00, 0x00, 0x00, 0x00, 0x00, 0x00, 0x00, 0x00, 0x00, 0x00, 0x00,
    0x00, 0x00, 0x00, 0x00, 0x00, 0x00, 0x00, 0x00, 0x00, 0x00, 0x00, 0x00, 0x00, 0x00, 0x00, 0x00, 0x00, 0x00, 0x00, 0x00, 0x00, 0x00, 0x00, 0x00,
    0x00, 0x00, 0x00, 0x00, 0x00, 0x00, 0x00, 0x00, 0x00, 0x00, 0x00, 0x00, 0x00, 0x00, 0x00, 0x8e, 0x35, 0x9f, 0x8e, 0x35, 0xff, 0x8e, 0x35, 0xff,
    0x8e, 0x35, 0xff, 0x8e, 0x35, 0x5d, 0x00, 0x00, 0x00, 0x00, 0x00, 0x00, 0x00, 0x00, 0x00, 0x00, 0x00, 0x00, 0x00, 0x00, 0x00, 0x00, 0x00, 0x00,
    0x00, 0x00, 0x00, 0x00, 0x00, 0x00, 0x00, 0x00, 0x00, 0x00, 0x00, 0x00, 0x00, 0x00, 0x00, 0x00, 0x00, 0x00, 0x00, 0x00, 0x00, 0x00, 0x00, 0x00,
    0x00, 0x00, 0x00, 0x00, 0x00, 0x00, 0x00, 0x00, 0x00, 0x00, 0x00, 0x00, 0x00, 0x00, 0x00, 0x00, 0x00, 0x00, 0x00, 0x00, 0x00, 0x00, 0x00, 0x00,
    0x8e, 0x35, 0x18, 0x8e, 0x35, 0xdf, 0x8e, 0x35, 0xff, 0x8e, 0x35, 0xff, 0x8e, 0x35, 0xa5, 0x8e, 0x35, 0x0a, 0x00, 0x00, 0x00, 0x00, 0x00, 0x00,
    0x00, 0x00, 0x00, 0x00, 0x00, 0x00, 0x8e, 0x35, 0x43, 0x8e, 0x35, 0xff, 0x8e, 0x35, 0xff, 0x8e, 0x35, 0xff, 0x8e, 0x35, 0x73, 0x00, 0x00, 0x00,
    0x00, 0x00, 0x00, 0x00, 0x00, 0x00, 0x00, 0x00, 0x00, 0x00, 0x00, 0x00, 0x00, 0x00, 0x00, 0x00, 0x00, 0x00, 0x00, 0x00, 0x00, 0x8e, 0x35, 0xab,
    0x8e, 0x35, 0xff, 0x8e, 0x35, 0xff, 0x8e, 0x35, 0xff, 0x8e, 0x35, 0x13, 0x00, 0x00, 0x00, 0x00, 0x00, 0x00, 0x00, 0x00, 0x00, 0x00, 0x00, 0x00,
    0x00, 0x00, 0x00, 0x8e, 0x35, 0x2c, 0x8e, 0x35, 0xff, 0x8e, 0x35, 0xff, 0x8e, 0x35, 0xff, 0x8e, 0x35, 0x9b, 0x00, 0x00, 0x00, 0x00, 0x00, 0x00,
    0x00, 0x00, 0x00, 0x00, 0x00, 0x00, 0x00, 0x00, 0x00, 0x00, 0x00, 0x00, 0x00, 0x00, 0x00, 0x8e, 0x35, 0x87, 0x8e, 0x35, 0xff, 0x8e, 0x35, 0xff,
    0x8e, 0x35, 0xff, 0x8e, 0x35, 0x1c, 0x00, 0x00, 0x00, 0x00, 0x00, 0x00, 0x00, 0x00, 0x00, 0x00, 0x00, 0x00, 0x00, 0x00, 0x00, 0x00, 0x00, 0x00,
    0x00, 0x00, 0x00, 0x00, 0x00, 0x00, 0x00, 0x00, 0x00, 0x00, 0x00, 0x00, 0x00, 0x00, 0x00, 0x00, 0x00, 0x00, 0x00, 0x00, 0x00, 0x00, 0x00, 0x00,
    0x00, 0x00, 0x00, 0x00, 0x00, 0x00, 0x00, 0x00, 0x00, 0x00, 0x00, 0x00, 0x00, 0x00, 0x00, 0x00, 0x00, 0x00, 0x00, 0x00, 0x00, 0x00, 0x00, 0x00,
    0x00, 0x00, 0x00, 0x00, 0x00, 0x00, 0x00, 0x00, 0x00, 0x00, 0x00, 0x00, 0x8e, 0x35, 0x83, 0x8e, 0x35, 0xff, 0x8e, 0x35, 0xff, 0x8e, 0x35, 0xff,
    0x8e, 0x35, 0x7b, 0x00, 0x00, 0x00, 0x00, 0x00, 0x00, 0x00, 0x00, 0x00, 0x00, 0x00, 0x00, 0x00, 0x00, 0x00, 0x00, 0x00, 0x00, 0x00, 0x00, 0x00,
    0x00, 0x00, 0x00, 0x00, 0x00, 0x00, 0x00, 0x00, 0x00, 0x00, 0x00, 0x00, 0x00, 0x00, 0x00, 0x00, 0x00, 0x00, 0x00, 0x00, 0x00, 0x00, 0x00, 0x00,
    0x00, 0x00, 0x00, 0x8e, 0x35, 0x97, 0x8e, 0x35, 0xff, 0x8e, 0x35, 0xff, 0x8e, 0x35, 0xff, 0x8e, 0x35, 0xff, 0x8e, 0x35, 0xff, 0x8e, 0x35, 0xff,
    0x8e, 0x35, 0xff, 0x8e, 0x35, 0xff, 0x8e, 0x35, 0x9f, 0x00, 0x00, 0x00, 0x00, 0x00, 0x00, 0x00, 0x00, 0x00, 0x00, 0x00, 0x00, 0x00, 0x00, 0x00,
    0x00, 0x00, 0x00, 0x8e, 0x35, 0x07, 0x8e, 0x35, 0xff, 0x8e, 0x35, 0xff, 0x8e, 0x35, 0xff, 0x8e, 0x35, 0xbf, 0x00, 0x00, 0x00, 0x00, 0x00, 0x00,
    0x00, 0x00, 0x00, 0x00, 0x00, 0x00, 0x00, 0x00, 0x00, 0x00, 0x00, 0x00, 0x00, 0x00, 0x00, 0x00, 0x00, 0x00, 0x00, 0x00, 0x00, 0x00, 0x00, 0x00,
    0x00, 0x00, 0x00, 0x8e, 0x35, 0x97, 0x8e, 0x35, 0xff, 0x8e, 0x35, 0xff, 0x8e, 0x35, 0xff, 0x8e, 0x35, 0xff, 0x8e, 0x35, 0xff, 0x8e, 0x35, 0xff,
    0x8e, 0x35, 0xff, 0x8e, 0x35, 0xff, 0x8e, 0x35, 0xff, 0x8e, 0x35, 0xff, 0x8e, 0x35, 0xff, 0x8e, 0x35, 0xff, 0x8e, 0x35, 0xff, 0x8e, 0x35, 0xff,
    0x8e, 0x35, 0xff, 0x8e, 0x35, 0xff, 0x8e, 0x35, 0xff, 0x8e, 0x35, 0xff, 0x8e, 0x35, 0xff, 0x8e, 0x35, 0xff, 0x8e, 0x35, 0xff, 0x8e, 0x35, 0xff,
    0x8e, 0x35, 0xff, 0x8e, 0x35, 0xff, 0x8e, 0x35, 0xff, 0x8e, 0x35, 0xab, 0x00, 0x00, 0x00, 0x00, 0x00, 0x00, 0x00, 0x00, 0x00, 0x00, 0x00, 0x00,
    0x00, 0x00, 0x00, 0x00, 0x00, 0x00, 0x8e, 0x35, 0x58, 0x8e, 0x35, 0xff, 0x8e, 0x35, 0xff, 0x8e, 0x35, 0xff, 0x8e, 0x35, 0xff, 0x8e, 0x35, 0xff,
    0x8e, 0x35, 0xff, 0x8e, 0x35, 0xff, 0x8e, 0x35, 0xff, 0x8e, 0x35, 0xff, 0x8e, 0x35, 0xff, 0x8e, 0x35, 0xff, 0x8e, 0x35, 0xff, 0x8e, 0x35, 0xff,
    0x8e, 0x35, 0xff, 0x8e, 0x35, 0xff, 0x8e, 0x35, 0xff, 0x8e, 0x35, 0xff, 0x8e, 0x35, 0xff, 0x8e, 0x35, 0xff, 0x8e, 0x35, 0xff, 0x8e, 0x35, 0xff,
    0x8e, 0x35, 0xff, 0x8e, 0x35, 0x93, 0x00, 0x00, 0x00, 0x00, 0x00, 0x00, 0x00, 0x00, 0x00, 0x00, 0x00, 0x00, 0x8e, 0x35, 0x76, 0x8e, 0x35, 0xff,
    0x8e, 0x35, 0xff, 0x8e, 0x35, 0xff, 0x8e, 0x35, 0xff, 0x8e, 0x35, 0xcf, 0x8e, 0x35, 0x1b, 0x00, 0x00, 0x00, 0x00, 0x00, 0x00, 0x00, 0x00, 0x00,
    0x8e, 0x35, 0x43, 0x8e, 0x35, 0xff, 0x8e, 0x35, 0xff, 0x8e, 0x35, 0xff, 0x8e, 0x35, 0x73, 0x00, 0x00, 0x00, 0x00, 0x00, 0x00, 0x8e, 0x35, 0xbc,
    0x8e, 0x35, 0xd7, 0x8e, 0x35, 0xd7, 0x8e, 0x35, 0x79, 0x00, 0x00, 0x00, 0x00, 0x00, 0x00, 0x8e, 0x35, 0xab, 0x8e, 0x35, 0xff, 0x8e, 0x35, 0xff,
    0x8e, 0x35, 0xff, 0x8e, 0x35, 0x13, 0x00, 0x00, 0x00, 0x00, 0x00, 0x00, 0x00, 0x00, 0x00, 0x00, 0x00, 0x00, 0x00, 0x00, 0x00, 0x8e, 0x35, 0x74,
    0x8e, 0x35, 0xff, 0x8e, 0x35, 0xff, 0x8e, 0x35, 0xff, 0x8e, 0x35, 0x3c, 0x00, 0x00, 0x00, 0x00, 0x00, 0x00, 0x8e, 0x35, 0x37, 0x8e, 0x35, 0x67,
    0x8e, 0x35, 0x67, 0x8e, 0x35, 0x67, 0x8e, 0x35, 0x67, 0x8e, 0x35, 0xcf, 0x8e, 0x35, 0xff, 0x8e, 0x35, 0xff, 0x8e, 0x35, 0xf5, 0x8e, 0x35, 0x67,
    0x8e, 0x35, 0x67, 0x8e, 0x35, 0x67, 0x8e, 0x35, 0x67, 0x8e, 0x35, 0x67, 0x8e, 0x35, 0x67, 0x8e, 0x35, 0x67, 0x8e, 0x35, 0x67, 0x8e, 0x35, 0x66,
    0x00, 0x00, 0x00, 0x00, 0x00, 0x00, 0x00, 0x00, 0x00, 0x00, 0x00, 0x00, 0x00, 0x00, 0x00, 0x00, 0x00, 0x00, 0x00, 0x00, 0x00, 0x00, 0x00, 0x00,
    0x00, 0x00, 0x00, 0x00, 0x00, 0x00, 0x00, 0x00, 0x00, 0x00, 0x00, 0x00, 0x00, 0x00, 0x00, 0x00, 0x00, 0x00, 0x00, 0x00, 0x00, 0x00, 0x00, 0x00,
    0x00, 0x00, 0x00, 0x00, 0x00, 0x00, 0x8e, 0x35, 0x83, 0x8e, 0x35, 0xff, 0x8e, 0x35, 0xff, 0x8e, 0x35, 0xff, 0x8e, 0x35, 0x7b, 0x00, 0x00, 0x00,
    0x00, 0x00, 0x00, 0x00, 0x00, 0x00, 0x00, 0x00, 0x00, 0x00, 0x00, 0x00, 0x00, 0x00, 0x00, 0x00, 0x00, 0x00, 0x00, 0x00, 0x00, 0x00, 0x00, 0x00,
    0x00, 0x00, 0x00, 0x00, 0x00, 0x00, 0x00, 0x00, 0x00, 0x00, 0x00, 0x00, 0x00, 0x00, 0x00, 0x00, 0x00, 0x00, 0x00, 0x00, 0x00, 0x8e, 0x35, 0x97,
    0x8e, 0x35, 0xff, 0x8e, 0x35, 0xff, 0x8e, 0x35, 0xff, 0x8e, 0x35, 0xff, 0x8e, 0x35, 0xff, 0x8e, 0x35, 0xff, 0x8e, 0x35, 0xff, 0x8e, 0x35, 0xff,
    0x8e, 0x35, 0x9f, 0x00, 0x00, 0x00, 0x00, 0x00, 0x00, 0x00, 0x00, 0x00, 0x00, 0x00, 0x00, 0x00, 0x00, 0x00, 0x00, 0x00, 0x00, 0x8e, 0x35, 0x07,
    0x8e, 0x35, 0xff, 0x8e, 0x35, 0xff, 0x8e, 0x35, 0xff, 0x8e, 0x35, 0xbf, 0x00, 0x00, 0x00, 0x00, 0x00, 0x00, 0x00, 0x00, 0x00, 0x00, 0x00, 0x00,
    0x00, 0x00, 0x00, 0x00, 0x00, 0x00, 0x00, 0x00, 0x00, 0x00, 0x00, 0x00, 0x00, 0x00, 0x00, 0x00, 0x00, 0x00, 0x00, 0x00, 0x00, 0x8e, 0x35, 0x97,
    0x8e, 0x35, 0xff, 0x8e, 0x35, 0xff, 0x8e, 0x35, 0xff, 0x8e, 0x35, 0xff, 0x8e, 0x35, 0xff, 0x8e, 0x35, 0xff, 0x8e, 0x35, 0xff, 0x8e, 0x35, 0xff,
    0x8e, 0x35, 0xff, 0x8e, 0x35, 0xff, 0x8e, 0x35, 0xff, 0x8e, 0x35, 0xff, 0x8e, 0x35, 0xff, 0x8e, 0x35, 0xff, 0x8e, 0x35, 0xff, 0x8e, 0x35, 0xff,
    0x8e, 0x35, 0xff, 0x8e, 0x35, 0xff, 0x8e, 0x35, 0xff, 0x8e, 0x35, 0xff, 0x8e, 0x35, 0xff, 0x8e, 0x35, 0xff, 0x8e, 0x35, 0xff, 0x8e, 0x35, 0xff,
    0x8e, 0x35, 0xff, 0x8e, 0x35, 0xab, 0x00, 0x00, 0x00, 0x00, 0x00, 0x00, 0x00, 0x00, 0x00, 0x00, 0x00, 0x00, 0x00, 0x00, 0x00, 0x8e, 0x35, 0x2a,
    0x8e, 0x35, 0xf2, 0x8e, 0x35, 0xff, 0x8e, 0x35, 0xff, 0x8e, 0x35, 0xff, 0x8e, 0x35, 0xff, 0x8e, 0x35, 0xff, 0x8e, 0x35, 0xff, 0x8e, 0x35, 0xff,
    0x8e, 0x35, 0xff, 0x8e, 0x35, 0xff, 0x8e, 0x35, 0xff, 0x8e, 0x35, 0xff, 0x8e, 0x35, 0xff, 0x8e, 0x35, 0xff, 0x8e, 0x35, 0xff, 0x8e, 0x35, 0xff,
    0x8e, 0x35, 0xff, 0x8e, 0x35, 0xff, 0x8e, 0x35, 0xff, 0x8e, 0x35, 0xff, 0x8e, 0x35, 0xff, 0x8e, 0x35, 0xff, 0x8e, 0x35, 0xff, 0x8e, 0x35, 0x93,
    0x00, 0x00, 0x00, 0x00, 0x00, 0x00, 0x00, 0x00, 0x00, 0x00, 0x00, 0x00, 0x00, 0x00, 0x00, 0x8e, 0x35, 0x74, 0x8e, 0x35, 0xfe, 0x8e, 0x35, 0xff,
    0x8e, 0x35, 0xff, 0x8e, 0x35, 0xff, 0x8e, 0x35, 0xe3, 0x8e, 0x35, 0x29, 0x00, 0x00, 0x00, 0x00, 0x00, 0x00, 0x8e, 0x35, 0x43, 0x8e, 0x35, 0xff,
    0x8e, 0x35, 0xff, 0x8e, 0x35, 0xff, 0x8e, 0x35, 0x73, 0x00, 0x00, 0x00, 0x00, 0x00, 0x00, 0x8e, 0x35, 0xdf, 0x8e, 0x35, 0xff, 0x8e, 0x35, 0xff,
    0x8e, 0x35, 0x8f, 0x00, 0x00, 0x00, 0x00, 0x00, 0x00, 0x8e, 0x35, 0xab, 0x8e, 0x35, 0xff, 0x8e, 0x35, 0xff, 0x8e, 0x35, 0xff, 0x8e, 0x35, 0x13,
    0x00, 0x00, 0x00, 0x00, 0x00, 0x00, 0x00, 0x00, 0x00, 0x00, 0x00, 0x00, 0x00, 0x00, 0x00, 0x8e, 0x35, 0xc8, 0x8e, 0x35, 0xff, 0x8e, 0x35, 0xff,
    0x8e, 0x35, 0xdd, 0x00, 0x00, 0x00, 0x00, 0x00, 0x00, 0x00, 0x00, 0x00, 0x8e, 0x35, 0x87, 0x8e, 0x35, 0xff, 0x8e, 0x35, 0xff, 0x8e, 0x35, 0xff,
    0x8e, 0x35, 0xff, 0x8e, 0x35, 0xff, 0x8e, 0x35, 0xff, 0x8e, 0x35, 0xff, 0x8e, 0x35, 0xff, 0x8e, 0x35, 0xff, 0x8e, 0x35, 0xff, 0x8e, 0x35, 0xff,
    0x8e, 0x35, 0xff, 0x8e, 0x35, 0xff, 0x8e, 0x35, 0xff, 0x8e, 0x35, 0xff, 0x8e, 0x35, 0xff, 0x8e, 0x35, 0xfb, 0x00, 0x00, 0x00, 0x00, 0x00, 0x00,
    0x00, 0x00, 0x00, 0x00, 0x00, 0x00, 0x00, 0x00, 0x00, 0x00, 0x00, 0x00, 0x00, 0x00, 0x00, 0x00, 0x00, 0x00, 0x00, 0x00, 0x00, 0x00, 0x00, 0x00,
    0x00, 0x00, 0x00, 0x00, 0x00, 0x00, 0x00, 0x00, 0x00, 0x00, 0x00, 0x00, 0x00, 0x00, 0x00, 0x00, 0x00, 0x00, 0x00, 0x00, 0x00, 0x00, 0x00, 0x00,
    0x8e, 0x35, 0x83, 0x8e, 0x35, 0xff, 0x8e, 0x35, 0xff, 0x8e, 0x35, 0xff, 0x8e, 0x35, 0x7b, 0x00, 0x00, 0x00, 0x00, 0x00, 0x00, 0x00, 0x00, 0x00,
    0x00, 0x00, 0x00, 0x00, 0x00, 0x00, 0x00, 0x00, 0x00, 0x00, 0x00, 0x00, 0x00, 0x00, 0x00, 0x00, 0x00, 0x00, 0x00, 0x00, 0x00, 0x00, 0x00, 0x00,
    0x00, 0x00, 0x00, 0x00, 0x00, 0x00, 0x00, 0x00, 0x00, 0x00, 0x00, 0x00, 0x00, 0x00, 0x00, 0x8e, 0x35, 0x97, 0x8e, 0x35, 0xff, 0x8e, 0x35, 0xff,
    0x8e, 0x35, 0xab, 0x00, 0x00, 0x00, 0x00, 0x00, 0x00, 0x8e, 0x35, 0x9b, 0x8e, 0x35, 0xff, 0x8e, 0x35, 0xff, 0x8e, 0x35, 0x9f, 0x8e, 0x35, 0x9b,
    0x8e, 0x35, 0xff, 0x8e, 0x35, 0xff, 0x8e, 0x35, 0xff, 0x8e, 0x35, 0xff, 0x8e, 0x35, 0xff, 0x8e, 0x35, 0xff, 0x8e, 0x35, 0xff, 0x8e, 0x35, 0xff,
    0x8e, 0x35, 0xff, 0x8e, 0x35, 0xff, 0x8e, 0x35, 0xff, 0x8e, 0x35, 0xff, 0x8e, 0x35, 0xff, 0x8e, 0x35, 0xff, 0x8e, 0x35, 0xff, 0x8e, 0x35, 0xff,
    0x8e, 0x35, 0xab, 0x00, 0x00, 0x00, 0x00, 0x00, 0x00, 0x00, 0x00, 0x00, 0x00, 0x00, 0x00, 0x8e, 0x35, 0x97, 0x8e, 0x35, 0xff, 0x8e, 0x35, 0xff,
    0x8e, 0x35, 0xff, 0x8e, 0x35, 0xff, 0x8e, 0x35, 0xff, 0x8e, 0x35, 0xff, 0x8e, 0x35, 0xff, 0x8e, 0x35, 0xff, 0x8e, 0x35, 0xff, 0x8e, 0x35, 0xff,
    0x8e, 0x35, 0xff, 0x8e, 0x35, 0xff, 0x8e, 0x35, 0xff, 0x8e, 0x35, 0xff, 0x8e, 0x35, 0xff, 0x8e, 0x35, 0xff, 0x8e, 0x35, 0xff, 0x8e, 0x35, 0xff,
    0x8e, 0x35, 0xff, 0x8e, 0x35, 0xff, 0x8e, 0x35, 0xff, 0x8e, 0x35, 0xff, 0x8e, 0x35, 0xff, 0x8e, 0x35, 0xff, 0x8e, 0x35, 0xff, 0x8e, 0x35, 0xab,
    0x00, 0x00, 0x00, 0x00, 0x00, 0x00, 0x00, 0x00, 0x00, 0x00, 0x00, 0x00, 0x8e, 0x35, 0x26, 0x8e, 0x35, 0xe7, 0x8e, 0x35, 0xff, 0x8e, 0x35, 0xff,
    0x8e, 0x35, 0xff, 0x8e, 0x35, 0xff, 0x8e, 0x35, 0xff, 0x8e, 0x35, 0xff, 0x8e, 0x35, 0xff, 0x8e, 0x35, 0xff, 0x8e, 0x35, 0xff, 0x8e, 0x35, 0xff,
    0x8e, 0x35, 0xff, 0x8e, 0x35, 0xff, 0x8e, 0x35, 0xff, 0x8e, 0x35, 0xff, 0x8e, 0x35, 0xff, 0x8e, 0x35, 0xff, 0x8e, 0x35, 0xff, 0x8e, 0x35, 0xff,
    0x8e, 0x35, 0xff, 0x8e, 0x35, 0xff, 0x8e, 0x35, 0xff, 0x8e, 0x35, 0xff, 0x8e, 0x35, 0xff, 0x8e, 0x35, 0x93, 0x00, 0x00, 0x00, 0x00, 0x00, 0x00,
    0x00, 0x00, 0x00, 0x00, 0x00, 0x00, 0x00, 0x00, 0x00, 0x00, 0x00, 0x00, 0x8e, 0x35, 0x54, 0x8e, 0x35, 0xf7, 0x8e, 0x35, 0xff, 0x8e, 0x35, 0xff,
    0x8e, 0x35, 0xff, 0x8e, 0x35, 0xe8, 0x8e, 0x35, 0x15, 0x00, 0x00, 0x00, 0x8e, 0x35, 0x43, 0x8e, 0x35, 0xff, 0x8e, 0x35, 0xff, 0x8e, 0x35, 0xff,
    0x8e, 0x35, 0x73, 0x00, 0x00, 0x00, 0x00, 0x00, 0x00, 0x8e, 0x35, 0xdf, 0x8e, 0x35, 0xff, 0x8e, 0x35, 0xff, 0x8e, 0x35, 0x8f, 0x00, 0x00, 0x00,
    0x00, 0x00, 0x00, 0x8e, 0x35, 0xab, 0x8e, 0x35, 0xff, 0x8e, 0x35, 0xff, 0x8e, 0x35, 0xff, 0x8e, 0x35, 0x13, 0x00, 0x00, 0x00, 0x00, 0x00, 0x00,
    0x00, 0x00, 0x00, 0x00, 0x00, 0x00, 0x8e, 0x35, 0x1d, 0x8e, 0x35, 0xfe, 0x8e, 0x35, 0xff, 0x8e, 0x35, 0xff, 0x8e, 0x35, 0x7f, 0x00, 0x00, 0x00,
    0x00, 0x00, 0x00, 0x00, 0x00, 0x00, 0x8e, 0x35, 0x87, 0x8e, 0x35, 0xff, 0x8e, 0x35, 0xff, 0x8e, 0x35, 0xff, 0x8e, 0x35, 0xff, 0x8e, 0x35, 0xff,
    0x8e, 0x35, 0xff, 0x8e, 0x35, 0xff, 0x8e, 0x35, 0xff, 0x8e, 0x35, 0xff, 0x8e, 0x35, 0xff, 0x8e, 0x35, 0xff, 0x8e, 0x35, 0xff, 0x8e, 0x35, 0xff,
    0x8e, 0x35, 0xff, 0x8e, 0x35, 0xff, 0x8e, 0x35, 0xff, 0x8e, 0x35, 0xfb, 0x00, 0x00, 0x00, 0x00, 0x00, 0x00, 0x00, 0x00, 0x00, 0x00, 0x00, 0x00,
    0x00, 0x00, 0x00, 0x00, 0x00, 0x00, 0x00, 0x00, 0x00, 0x00, 0x00, 0x00, 0x00, 0x00, 0x00, 0x00, 0x00, 0x00, 0x00, 0x00, 0x00, 0x00, 0x00, 0x00,
    0x00, 0x00, 0x00, 0x00, 0x00, 0x00, 0x00, 0x00, 0x00, 0x00, 0x00, 0x00, 0x00, 0x00, 0x00, 0x00, 0x00, 0x00, 0x8e, 0x35, 0x83, 0x8e, 0x35, 0xff,
    0x8e, 0x35, 0xff, 0x8e, 0x35, 0xff, 0x8e, 0x35, 0x7b, 0x00, 0x00, 0x00, 0x00, 0x00, 0x00, 0x00, 0x00, 0x00, 0x00, 0x00, 0x00, 0x00, 0x00, 0x00,
    0x00, 0x00, 0x00, 0x00, 0x00, 0x00, 0x00, 0x00, 0x00, 0x00, 0x00, 0x00, 0x00, 0x00, 0x00, 0x00, 0x00, 0x00, 0x00, 0x00, 0x00, 0x00, 0x00, 0x00,
    0x00, 0x00, 0x00, 0x00, 0x00, 0x00, 0x00, 0x00, 0x00, 0x8e, 0x35, 0x97, 0x8e, 0x35, 0xff, 0x8e, 0x35, 0xff, 0x8e, 0x35, 0xab, 0x00, 0x00, 0x00,
    0x00, 0x00, 0x00, 0x8e, 0x35, 0x9b, 0x8e, 0x35, 0xff, 0x8e, 0x35, 0xff, 0x8e, 0x35, 0x9f, 0x8e, 0x35, 0x9b, 0x8e, 0x35, 0xff, 0x8e, 0x35, 0xff,
    0x8e, 0x35, 0xff, 0x8e, 0x35, 0xff, 0x8e, 0x35, 0xff, 0x8e, 0x35, 0xff, 0x8e, 0x35, 0xff, 0x8e, 0x35, 0xff, 0x8e, 0x35, 0xff, 0x8e, 0x35, 0xff,
    0x8e, 0x35, 0xff, 0x8e, 0x35, 0xff, 0x8e, 0x35, 0xff, 0x8e, 0x35, 0xff, 0x8e, 0x35, 0xff, 0x8e, 0x35, 0xff, 0x8e, 0x35, 0xab, 0x00, 0x00, 0x00,
    0x00, 0x00, 0x00, 0x00, 0x00, 0x00, 0x00, 0x00, 0x00, 0x8e, 0x35, 0x97, 0x8e, 0x35, 0xff, 0x8e, 0x35, 0xff, 0x8e, 0x35, 0xf4, 0x8e, 0x35, 0x43,
    0x8e, 0x35, 0x43, 0x8e, 0x35, 0x43, 0x8e, 0x35, 0x43, 0x8e, 0x35, 0x43, 0x8e, 0x35, 0x43, 0x8e, 0x35, 0x43, 0x8e, 0x35, 0x43, 0x8e, 0x35, 0x67,
    0x8e, 0x35, 0xff, 0x8e, 0x35, 0xff, 0x8e, 0x35, 0xff, 0x8e, 0x35, 0xb3, 0x8e, 0x35, 0x43, 0x8e, 0x35, 0x43, 0x8e, 0x35, 0x43, 0x8e, 0x35, 0x43,
    0x8e, 0x35, 0x43, 0x8e, 0x35, 0x43, 0x8e, 0x35, 0x43, 0x8e, 0x35, 0x43, 0x8e, 0x35, 0x43, 0x8e, 0x35, 0x2d, 0x00, 0x00, 0x00, 0x00, 0x00, 0x00,
    0x00, 0x00, 0x00, 0x8e, 0x35, 0x23, 0x8e, 0x35, 0xe4, 0x8e, 0x35, 0xff, 0x8e, 0x35, 0xff, 0x8e, 0x35, 0xff, 0x8e, 0x35, 0xb0, 0x8e, 0x35, 0x04,
    0x8e, 0x35, 0x03, 0x8e, 0x35, 0x03, 0x8e, 0x35, 0x03, 0x8e, 0x35, 0x03, 0x8e, 0x35, 0x03, 0x8e, 0x35, 0x03, 0x8e, 0x35, 0x03, 0x8e, 0x35, 0x03,
    0x8e, 0x35, 0x03, 0x8e, 0x35, 0x03, 0x8e, 0x35, 0x03, 0x8e, 0x35, 0x03, 0x8e, 0x35, 0x03, 0x8e, 0x35, 0x03, 0x8e, 0x35, 0x03, 0x8e, 0x35, 0x03,
    0x8e, 0x35, 0x03, 0x8e, 0x35, 0x03, 0x8e, 0x35, 0x03, 0x8e, 0x35, 0x02, 0x00, 0x00, 0x00, 0x00, 0x00, 0x00, 0x00, 0x00, 0x00, 0x00, 0x00, 0x00,
    0x00, 0x00, 0x00, 0x00, 0x00, 0x00, 0x00, 0x00, 0x00, 0x8e, 0x35, 0x3e, 0x8e, 0x35, 0xf3, 0x8e, 0x35, 0xff, 0x8e, 0x35, 0xff, 0x8e, 0x35, 0x9c,
    0x00, 0x00, 0x00, 0x00, 0x00, 0x00, 0x8e, 0x35, 0x43, 0x8e, 0x35, 0xff, 0x8e, 0x35, 0xff, 0x8e, 0x35, 0xff, 0x8e, 0x35, 0x73, 0x00, 0x00, 0x00,
    0x00, 0x00, 0x00, 0x8e, 0x35, 0xdf, 0x8e, 0x35, 0xff, 0x8e, 0x35, 0xff, 0x8e, 0x35, 0x8f, 0x00, 0x00, 0x00, 0x00, 0x00, 0x00, 0x8e, 0x35, 0xab,
    0x8e, 0x35, 0xff, 0x8e, 0x35, 0xff, 0x8e, 0x35, 0xff, 0x8e, 0x35, 0x13, 0x00, 0x00, 0x00, 0x00, 0x00, 0x00, 0x00, 0x00, 0x00, 0x00, 0x00, 0x00,
    0x8e, 0x35, 0x7a, 0x8e, 0x35, 0xff, 0x8e, 0x35, 0xff, 0x8e, 0x35, 0xfc, 0x8e, 0x35, 0x21, 0x00, 0x00, 0x00, 0x00, 0x00, 0x00, 0x00, 0x00, 0x00,
    0x8e, 0x35, 0x87, 0x8e, 0x35, 0xff, 0x8e, 0x35, 0xff, 0x8e, 0x35, 0xff, 0x8e, 0x35, 0xff, 0x8e, 0x35, 0xff, 0x8e, 0x35, 0xff, 0x8e, 0x35, 0xff,
    0x8e, 0x35, 0xff, 0x8e, 0x35, 0xff, 0x8e, 0x35, 0xff, 0x8e, 0x35, 0xff, 0x8e, 0x35, 0xff, 0x8e, 0x35, 0xff, 0x8e, 0x35, 0xff, 0x8e, 0x35, 0xff,
    0x8e, 0x35, 0xff, 0x8e, 0x35, 0xfb, 0x00, 0x00, 0x00, 0x00, 0x00, 0x00, 0x00, 0x00, 0x00, 0x00, 0x00, 0x00, 0x00, 0x00, 0x00, 0x00, 0x00, 0x00,
    0x00, 0x00, 0x00, 0x00, 0x00, 0x00, 0x00, 0x00, 0x00, 0x00, 0x00, 0x00, 0x00, 0x00, 0x00, 0x00, 0x00, 0x00, 0x00, 0x00, 0x00, 0x00, 0x00, 0x00,
    0x00, 0x00, 0x00, 0x00, 0x00, 0x00, 0x00, 0x00, 0x00, 0x00, 0x00, 0x00, 0x8e, 0x35, 0x83, 0x8e, 0x35, 0xff, 0x8e, 0x35, 0xff, 0x8e, 0x35, 0xff,
    0x8e, 0x35, 0x7b, 0x00, 0x00, 0x00, 0x00, 0x00, 0x00, 0x00, 0x00, 0x00, 0x00, 0x00, 0x00, 0x00, 0x00, 0x00, 0x00, 0x00, 0x00, 0x00, 0x00, 0x00,
    0x00, 0x00, 0x00, 0x00, 0x00, 0x00, 0x00, 0x00, 0x00, 0x00, 0x00, 0x00, 0x00, 0x00, 0x00, 0x00, 0x00, 0x00, 0x00, 0x00, 0x00, 0x00, 0x00, 0x00,
    0x00, 0x00, 0x00, 0x8e, 0x35, 0x97, 0x8e, 0x35, 0xff, 0x8e, 0x35, 0xff, 0x8e, 0x35, 0xab, 0x00, 0x00, 0x00, 0x00, 0x00, 0x00, 0x8e, 0x35, 0x9b,
    0x8e, 0x35, 0xff, 0x8e, 0x35, 0xff, 0x8e, 0x35, 0x9f, 0x8e, 0x35, 0x9b, 0x8e, 0x35, 0xff, 0x8e, 0x35, 0xff, 0x8e, 0x35, 0xff, 0x8e, 0x35, 0xff,
    0x8e, 0x35, 0xff, 0x8e, 0x35, 0xff, 0x8e, 0x35, 0xff, 0x8e, 0x35, 0xff, 0x8e, 0x35, 0xff, 0x8e, 0x35, 0xff, 0x8e, 0x35, 0xff, 0x8e, 0x35, 0xff,
    0x8e, 0x35, 0xff, 0x8e, 0x35, 0xff, 0x8e, 0x35, 0xff, 0x8e, 0x35, 0xff, 0x8e, 0x35, 0xab, 0x00, 0x00, 0x00, 0x00, 0x00, 0x00, 0x00, 0x00, 0x00,
    0x00, 0x00, 0x00, 0x8e, 0x35, 0x97, 0x8e, 0x35, 0xff, 0x8e, 0x35, 0xff, 0x8e, 0x35, 0xef, 0x00, 0x00, 0x00, 0x00, 0x00, 0x00, 0x00, 0x00, 0x00,
    0x00, 0x00, 0x00, 0x00, 0x00, 0x00, 0x00, 0x00, 0x00, 0x00, 0x00, 0x00, 0x00, 0x00, 0x00, 0x8e, 0x35, 0x2f, 0x8e, 0x35, 0xff, 0x8e, 0x35, 0xff,
    0x8e, 0x35, 0xff, 0x8e, 0x35, 0x97, 0x00, 0x00, 0x00, 0x00, 0x00, 0x00, 0x00, 0x00, 0x00, 0x00, 0x00, 0x00, 0x00, 0x00, 0x00, 0x00, 0x00, 0x00,
    0x00, 0x00, 0x00, 0x00, 0x00, 0x00, 0x00, 0x00, 0x00, 0x00, 0x00, 0x00, 0x00, 0x00, 0x00, 0x00, 0x00, 0x00, 0x8e, 0x35, 0x1f, 0x8e, 0x35, 0xe1,
    0x8e, 0x35, 0xff, 0x8e, 0x35, 0xff, 0x8e, 0x35, 0xff, 0x8e, 0x35, 0xfe, 0x8e, 0x35, 0x81, 0x8e, 0x35, 0x6f, 0x8e, 0x35, 0x6f, 0x8e, 0x35, 0x6f,
    0x8e, 0x35, 0x6f, 0x8e, 0x35, 0x6f, 0x8e, 0x35, 0x6f, 0x8e, 0x35, 0x6f, 0x8e, 0x35, 0x6f, 0x8e, 0x35, 0x6f, 0x8e, 0x35, 0x6f, 0x8e, 0x35, 0x6f,
    0x8e, 0x35, 0x6f, 0x8e, 0x35, 0x6f, 0x8e, 0x35, 0x6f, 0x8e, 0x35, 0x6f, 0x8e, 0x35, 0x6f, 0x8e, 0x35, 0x6f, 0x8e, 0x35, 0x6f, 0x8e, 0x35, 0x37,
    0x00, 0x00, 0x00, 0x00, 0x00, 0x00, 0x00, 0x00, 0x00, 0x00, 0x00, 0x00, 0x00, 0x00, 0x00, 0x00, 0x00, 0x00, 0x00, 0x00, 0x00, 0x00, 0x00, 0x00,
    0x00, 0x00, 0x00, 0x00, 0x00, 0x00, 0x8e, 0x35, 0x39, 0x8e, 0x35, 0xf4, 0x8e, 0x35, 0xc0, 0x8e, 0x35, 0x05, 0x00, 0x00, 0x00, 0x00, 0x00, 0x00,
    0x8e, 0x35, 0x43, 0x8e, 0x35, 0xff, 0x8e, 0x35, 0xff, 0x8e, 0x35, 0xff, 0x8e, 0x35, 0x73, 0x00, 0x00, 0x00, 0x00, 0x00, 0x00, 0x8e, 0x35, 0xdf,
    0x8e, 0x35, 0xff, 0x8e, 0x35, 0xff, 0x8e, 0x35, 0x8f, 0x00, 0x00, 0x00, 0x00, 0x00, 0x00, 0x8e, 0x35, 0xab, 0x8e, 0x35, 0xff, 0x8e, 0x35, 0xff,
    0x8e, 0x35, 0xff, 0x8e, 0x35, 0x13, 0x00, 0x00, 0x00, 0x00, 0x00, 0x00, 0x00, 0x00, 0x00, 0x8e, 0x35, 0x01, 0x8e, 0x35, 0xdc, 0x8e, 0x35, 0xff,
    0x8e, 0x35, 0xff, 0x8e, 0x35, 0xa4, 0x00, 0x00, 0x00, 0x8e, 0x35, 0x30, 0x8e, 0x35, 0x01, 0x00, 0x00, 0x00, 0x00, 0x00, 0x00, 0x00, 0x00, 0x00,
    0x00, 0x00, 0x00, 0x00, 0x00, 0x00, 0x8e, 0x35, 0xa7, 0x8e, 0x35, 0xff, 0x8e, 0x35, 0xff, 0x8e, 0x35, 0xd6, 0x00, 0x00, 0x00, 0x00, 0x00, 0x00,
    0x00, 0x00, 0x00, 0x00, 0x00, 0x00, 0x00, 0x00, 0x00, 0x00, 0x00, 0x00, 0x00, 0x00, 0x00, 0x00, 0x00, 0x00, 0x00, 0x00, 0x00, 0x00, 0x00, 0x00,
    0x00, 0x00, 0x00, 0x00, 0x00, 0x00, 0x00, 0x00, 0x00, 0x00, 0x00, 0x00, 0x00, 0x00, 0x00, 0x00, 0x00, 0x00, 0x00, 0x00, 0x00, 0x00, 0x00, 0x00,
    0x00, 0x00, 0x00, 0x00, 0x00, 0x00, 0x00, 0x00, 0x00, 0x00, 0x00, 0x00, 0x00, 0x00, 0x00, 0x00, 0x00, 0x00, 0x00, 0x00, 0x00, 0x00, 0x00, 0x00,
    0x00, 0x00, 0x00, 0x00, 0x00, 0x00, 0x8e, 0x35, 0x83, 0x8e, 0x35, 0xff, 0x8e, 0x35, 0xff, 0x8e, 0x35, 0xff, 0x8e, 0x35, 0x7b, 0x00, 0x00, 0x00,
    0x00, 0x00, 0x00, 0x00, 0x00, 0x00, 0x00, 0x00, 0x00, 0x00, 0x00, 0x00, 0x00, 0x00, 0x00, 0x00, 0x00, 0x00, 0x00, 0x00, 0x00, 0x00, 0x00, 0x00,
    0x00, 0x00, 0x00, 0x00, 0x00, 0x00, 0x00, 0x00, 0x00, 0x00, 0x00, 0x00, 0x00, 0x00, 0x00, 0x00, 0x00, 0x00, 0x00, 0x00, 0x00, 0x8e, 0x35, 0x97,
    0x8e, 0x35, 0xff, 0x8e, 0x35, 0xff, 0x8e, 0x35, 0xab, 0x00, 0x00, 0x00, 0x00, 0x00, 0x00, 0x8e, 0x35, 0x9b, 0x8e, 0x35, 0xff, 0x8e, 0x35, 0xff,
    0x8e, 0x35, 0x9f, 0x8e, 0x35, 0x46, 0x8e, 0x35, 0x73, 0x8e, 0x35, 0x73, 0x8e, 0x35, 0x73, 0x8e, 0x35, 0x73, 0x8e, 0x35, 0x73, 0x8e, 0x35, 0x78,
    0x8e, 0x35, 0xff, 0x8e, 0x35, 0xff, 0x8e, 0x35, 0xff, 0x8e, 0x35, 0xdc, 0x8e, 0x35, 0x73, 0x8e, 0x35, 0x73, 0x8e, 0x35, 0x73, 0x8e, 0x35, 0x73,
    0x8e, 0x35, 0x73, 0x8e, 0x35, 0x73, 0x8e, 0x35, 0x4d, 0x00, 0x00, 0x00, 0x00, 0x00, 0x00, 0x00, 0x00, 0x00, 0x00, 0x00, 0x00, 0x8e, 0x35, 0x97,
    0x8e, 0x35, 0xff, 0x8e, 0x35, 0xff, 0x8e, 0x35, 0xef, 0x00, 0x00, 0x00, 0x8e, 0x35, 0x3b, 0x8e, 0x35, 0xff, 0x8e, 0x35, 0xff, 0x8e, 0x35, 0xff,
    0x8e, 0x35, 0xff, 0x8e, 0x35, 0xff, 0x8e, 0x35, 0xff, 0x8e, 0x35, 0xff, 0x8e, 0x35, 0xff, 0x8e, 0x35, 0xff, 0x8e, 0x35, 0xff, 0x8e, 0x35, 0xff,
    0x8e, 0x35, 0xff, 0x8e, 0x35, 0xff, 0x8e, 0x35, 0xff, 0x8e, 0x35, 0xff, 0x8e, 0x35, 0xff, 0x8e, 0x35, 0xff, 0x8e, 0x35, 0xff, 0x8e, 0x35, 0x3f,
    0x00, 0x00, 0x00, 0x00, 0x00, 0x00, 0x00, 0x00, 0x00, 0x00, 0x00, 0x00, 0x8e, 0x35, 0x93, 0x8e, 0x35, 0xff, 0x8e, 0x35, 0xff, 0x8e, 0x35, 0xff,
    0x8e, 0x35, 0xff, 0x8e, 0x35, 0xfc, 0x8e, 0x35, 0xff, 0x8e, 0x35, 0xff, 0x8e, 0x35, 0xff, 0x8e, 0x35, 0xff, 0x8e, 0x35, 0xff, 0x8e, 0x35, 0xff,
    0x8e, 0x35, 0xff, 0x8e, 0x35, 0xff, 0x8e, 0x35, 0xff, 0x8e, 0x35, 0xff, 0x8e, 0x35, 0xff, 0x8e, 0x35, 0xff, 0x8e, 0x35, 0xff, 0x8e, 0x35, 0xff,
    0x8e, 0x35, 0xff, 0x8e, 0x35, 0xff, 0x8e, 0x35, 0xff, 0x8e, 0x35, 0xff, 0x8e, 0x35, 0xff, 0x8e, 0x35, 0x7f, 0x00, 0x00, 0x00, 0x00, 0x00, 0x00,
    0x00, 0x00, 0x00, 0x00, 0x00, 0x00, 0x00, 0x00, 0x00, 0x00, 0x00, 0x00, 0x00, 0x00, 0x00, 0x00, 0x00, 0x00, 0x00, 0x00, 0x00, 0x00, 0x00, 0x00,
    0x00, 0x00, 0x00, 0x8e, 0x35, 0x40, 0x8e, 0x35, 0x13, 0x00, 0x00, 0x00, 0x00, 0x00, 0x00, 0x00, 0x00, 0x00, 0x8e, 0x35, 0x43, 0x8e, 0x35, 0xff,
    0x8e, 0x35, 0xff, 0x8e, 0x35, 0xff, 0x8e, 0x35, 0x73, 0x00, 0x00, 0x00, 0x00, 0x00, 0x00, 0x8e, 0x35, 0xdf, 0x8e, 0x35, 0xff, 0x8e, 0x35, 0xff,
    0x8e, 0x35, 0x8f, 0x00, 0x00, 0x00, 0x00, 0x00, 0x00, 0x8e, 0x35, 0xab, 0x8e, 0x35, 0xff, 0x8e, 0x35, 0xff, 0x8e, 0x35, 0xff, 0x8e, 0x35, 0x13,
    0x00, 0x00, 0x00, 0x00, 0x00, 0x00, 0x00, 0x00, 0x00, 0x8e, 0x35, 0x47, 0x8e, 0x35, 0xff, 0x8e, 0x35, 0xff, 0x8e, 0x35, 0xfd, 0x8e, 0x35, 0x29,
    0x8e, 0x35, 0x0c, 0x8e, 0x35, 0xf0, 0x8e, 0x35, 0xc3, 0x8e, 0x35, 0x2b, 0x00, 0x00, 0x00, 0x00, 0x00, 0x00, 0x00, 0x00, 0x00, 0x00, 0x00, 0x00,
    0x8e, 0x35, 0xe4, 0x8e, 0x35, 0xff, 0x8e, 0x35, 0xff, 0x8e, 0x35, 0x96, 0x00, 0x00, 0x00, 0x00, 0x00, 0x00, 0x00, 0x00, 0x00, 0x00, 0x00, 0x00,
    0x00, 0x00, 0x00, 0x00, 0x00, 0x00, 0x00, 0x00, 0x00, 0x00, 0x00, 0x00, 0x00, 0x00, 0x00, 0x00, 0x00, 0x00, 0x00, 0x00, 0x00, 0x00, 0x00, 0x00,
    0x00, 0x00, 0x00, 0x00, 0x00, 0x00, 0x00, 0x00, 0x00, 0x00, 0x00, 0x00, 0x00, 0x00, 0x00, 0x00, 0x00, 0x00, 0x00, 0x00, 0x00, 0x00, 0x00, 0x00,
    0x00, 0x00, 0x00, 0x00, 0x00, 0x00, 0x00, 0x00, 0x00, 0x00, 0x00, 0x00, 0x00, 0x00, 0x00, 0x00, 0x00, 0x00, 0x00, 0x00, 0x00, 0x00, 0x00, 0x00,
    0x8e, 0x35, 0x83, 0x8e, 0x35, 0xff, 0x8e, 0x35, 0xff, 0x8e, 0x35, 0xff, 0x8e, 0x35, 0x7b, 0x00, 0x00, 0x00, 0x00, 0x00, 0x00, 0x00, 0x00, 0x00,
    0x00, 0x00, 0x00, 0x00, 0x00, 0x00, 0x00, 0x00, 0x00, 0x00, 0x00, 0x00, 0x00, 0x00, 0x00, 0x00, 0x00, 0x00, 0x00, 0x00, 0x00, 0x00, 0x00, 0x00,
    0x00, 0x00, 0x00, 0x00, 0x00, 0x00, 0x00, 0x00, 0x00, 0x00, 0x00, 0x00, 0x00, 0x00, 0x00, 0x8e, 0x35, 0x97, 0x8e, 0x35, 0xff, 0x8e, 0x35, 0xff,
    0x8e, 0x35, 0xff, 0x8e, 0x35, 0xff, 0x8e, 0x35, 0xff, 0x8e, 0x35, 0xff, 0x8e, 0x35, 0xff, 0x8e, 0x35, 0xff, 0x8e, 0x35, 0x9f, 0x00, 0x00, 0x00,
    0x00, 0x00, 0x00, 0x00, 0x00, 0x00, 0x00, 0x00, 0x00, 0x00, 0x00, 0x00, 0x00, 0x00, 0x00, 0x8e, 0x35, 0x07, 0x8e, 0x35, 0xff, 0x8e, 0x35, 0xff,
    0x8e, 0x35, 0xff, 0x8e, 0x35, 0xbf, 0x00, 0x00, 0x00, 0x00, 0x00, 0x00, 0x00, 0x00, 0x00, 0x00, 0x00, 0x00, 0x00, 0x00, 0x00, 0x00, 0x00, 0x00,
    0x00, 0x00, 0x00, 0x00, 0x00, 0x00, 0x00, 0x00, 0x00, 0x00, 0x00, 0x00, 0x00, 0x00, 0x00, 0x8e, 0x35, 0x97, 0x8e, 0x35, 0xff, 0x8e, 0x35, 0xff,
    0x8e, 0x35, 0xef, 0x00, 0x00, 0x00, 0x8e, 0x35, 0x3b, 0x8e, 0x35, 0xff, 0x8e, 0x35, 0xff, 0x8e, 0x35, 0xff, 0x8e, 0x35, 0xff, 0x8e, 0x35, 0xff,
    0x8e, 0x35, 0xff, 0x8e, 0x35, 0xff, 0x8e, 0x35, 0xff, 0x8e, 0x35, 0xff, 0x8e, 0x35, 0xff, 0x8e, 0x35, 0xff, 0x8e, 0x35, 0xff, 0x8e, 0x35, 0xff,
    0x8e, 0x35, 0xff, 0x8e, 0x35, 0xff, 0x8e, 0x35, 0xff, 0x8e, 0x35, 0xff, 0x8e, 0x35, 0xff, 0x8e, 0x35, 0x3f, 0x00, 0x00, 0x00, 0x00, 0x00, 0x00,
    0x00, 0x00, 0x00, 0x00, 0x00, 0x00, 0x8e, 0x35, 0x07, 0x8e, 0x35, 0xc0, 0x8e, 0x35, 0xff, 0x8e, 0x35, 0xfb, 0x8e, 0x35, 0x65, 0x8e, 0x35, 0xdf,
    0x8e, 0x35, 0xff, 0x8e, 0x35, 0xff, 0x8e, 0x35, 0xff, 0x8e, 0x35, 0xff, 0x8e, 0x35, 0xff, 0x8e, 0x35, 0xff, 0x8e, 0x35, 0xff, 0x8e, 0x35, 0xff,
    0x8e, 0x35, 0xff, 0x8e, 0x35, 0xff, 0x8e, 0x35, 0xff, 0x8e, 0x35, 0xff, 0x8e, 0x35, 0xff, 0x8e, 0x35, 0xff, 0x8e, 0x35, 0xff, 0x8e, 0x35, 0xff,
    0x8e, 0x35, 0xff, 0x8e, 0x35, 0xff, 0x8e, 0x35, 0xff, 0x8e, 0x35, 0x7f, 0x00, 0x00, 0x00, 0x00, 0x00, 0x00, 0x00, 0x00, 0x00, 0x00, 0x00, 0x00,
    0x00, 0x00, 0x00, 0x00, 0x00, 0x00, 0x00, 0x00, 0x00, 0x00, 0x00, 0x00, 0x00, 0x00, 0x00, 0x00, 0x00, 0x00, 0x00, 0x00, 0x00, 0x00, 0x00, 0x00,
    0x00, 0x00, 0x00, 0x00, 0x00, 0x00, 0x00, 0x00, 0x00, 0x00, 0x00, 0x00, 0x8e, 0x35, 0x43, 0x8e, 0x35, 0xff, 0x8e, 0x35, 0xff, 0x8e, 0x35, 0xff,
    0x8e, 0x35, 0x73, 0x00, 0x00, 0x00, 0x00, 0x00, 0x00, 0x8e, 0x35, 0xdf, 0x8e, 0x35, 0xff, 0x8e, 0x35, 0xff, 0x8e, 0x35, 0x8f, 0x00, 0x00, 0x00,
    0x00, 0x00, 0x00, 0x8e, 0x35, 0xab, 0x8e, 0x35, 0xff, 0x8e, 0x35, 0xff, 0x8e, 0x35, 0xff, 0x8e, 0x35, 0x13, 0x00, 0x00, 0x00, 0x00, 0x00, 0x00,
    0x8e, 0x35, 0x01, 0x8e, 0x35, 0xc7, 0x8e, 0x35, 0xff, 0x8e, 0x35, 0xff, 0x8e, 0x35, 0xa8, 0x00, 0x00, 0x00, 0x8e, 0x35, 0x6b, 0x8e, 0x35, 0xff,
    0x8e, 0x35, 0xff, 0x8e, 0x35, 0xfa, 0x8e, 0x35, 0x43, 0x8e, 0x35, 0x67, 0x8e, 0x35, 0x67, 0x8e, 0x35, 0x75, 0x8e, 0x35, 0xff, 0x8e, 0x35, 0xff,
    0x8e, 0x35, 0xff, 0x8e, 0x35, 0xa2, 0x8e, 0x35, 0x67, 0x8e, 0x35, 0x67, 0x8e, 0x35, 0x67, 0x8e, 0x35, 0x4d, 0x00, 0x00, 0x00, 0x00, 0x00, 0x00,
    0x00, 0x00, 0x00, 0x00, 0x00, 0x00, 0x00, 0x00, 0x00, 0x00, 0x00, 0x00, 0x00, 0x00, 0x00, 0x00, 0x00, 0x00, 0x00, 0x00, 0x00, 0x00, 0x00, 0x00,
    0x00, 0x00, 0x00, 0x00, 0x00, 0x00, 0x00, 0x00, 0x00, 0x00, 0x00, 0x00, 0x00, 0x00, 0x00, 0x00, 0x00, 0x00, 0x00, 0x00, 0x00, 0x00, 0x00, 0x00,
    0x00, 0x00, 0x00, 0x00, 0x00, 0x00, 0x00, 0x00, 0x00, 0x00, 0x00, 0x00, 0x00, 0x00, 0x00, 0x00, 0x00, 0x00, 0x8e, 0x35, 0x83, 0x8e, 0x35, 0xff,
    0x8e, 0x35, 0xff, 0x8e, 0x35, 0xff, 0x8e, 0x35, 0xde, 0x8e, 0x35, 0xbf, 0x8e, 0x35, 0xbf, 0x8e, 0x35, 0xbf, 0x8e, 0x35, 0xbf, 0x8e, 0x35, 0xbf,
    0x8e, 0x35, 0xbf, 0x8e, 0x35, 0xbf, 0x8e, 0x35, 0xbf, 0x8e, 0x35, 0xbf, 0x8e, 0x35, 0xbf, 0x8e, 0x35, 0x5f, 0x00, 0x00, 0x00, 0x00, 0x00, 0x00,
    0x00, 0x00, 0x00, 0x00, 0x00, 0x00, 0x00, 0x00, 0x00, 0x8e, 0x35, 0x97, 0x8e, 0x35, 0xff, 0x8e, 0x35, 0xff, 0x8e, 0x35, 0xff, 0x8e, 0x35, 0xff,
    0x8e, 0x35, 0xff, 0x8e, 0x35, 0xff, 0x8e, 0x35, 0xff, 0x8e, 0x35, 0xff, 0x8e, 0x35, 0x9f, 0x00, 0x00, 0x00, 0x00, 0x00, 0x00, 0x00, 0x00, 0x00,
    0x00, 0x00, 0x00, 0x00, 0x00, 0x00, 0x00, 0x00, 0x00, 0x8e, 0x35, 0x07, 0x8e, 0x35, 0xff, 0x8e, 0x35, 0xff, 0x8e, 0x35, 0xff, 0x8e, 0x35, 0xbf,
    0x00, 0x00, 0x00, 0x00, 0x00, 0x00, 0x00, 0x00, 0x00, 0x00, 0x00, 0x00, 0x00, 0x00, 0x00, 0x00, 0x00, 0x00, 0x00, 0x00, 0x00, 0x00, 0x00, 0x00,
    0x00, 0x00, 0x00, 0x00, 0x00, 0x00, 0x00, 0x00, 0x00, 0x8e, 0x35, 0x97, 0x8e, 0x35, 0xff, 0x8e, 0x35, 0xff, 0x8e, 0x35, 0xef, 0x00, 0x00, 0x00,
    0x8e, 0x35, 0x1e, 0x8e, 0x35, 0x83, 0x8e, 0x35, 0x83, 0x8e, 0x35, 0x83, 0x8e, 0x35, 0x83, 0x8e, 0x35, 0x83, 0x8e, 0x35, 0x83, 0x8e, 0x35, 0x9b,
    0x8e, 0x35, 0xff, 0x8e, 0x35, 0xff, 0x8e, 0x35, 0xff, 0x8e, 0x35, 0xcd, 0x8e, 0x35, 0x83, 0x8e, 0x35, 0x83, 0x8e, 0x35, 0x83, 0x8e, 0x35, 0xa2,
    0x8e, 0x35, 0xff, 0x8e, 0x35, 0xff, 0x8e, 0x35, 0xff, 0x8e, 0x35, 0x3f, 0x00, 0x00, 0x00, 0x00, 0x00, 0x00, 0x00, 0x00, 0x00, 0x00, 0x00, 0x00,
    0x00, 0x00, 0x00, 0x8e, 0x35, 0x14, 0x8e, 0x35, 0xd5, 0x8e, 0x35, 0x49, 0x00, 0x00, 0x00, 0x8e, 0x35, 0xdf, 0x8e, 0x35, 0xff, 0x8e, 0x35, 0xff,
    0x8e, 0x35, 0xdb, 0x00, 0x00, 0x00, 0x00, 0x00, 0x00, 0x00, 0x00, 0x00, 0x00, 0x00, 0x00, 0x00, 0x00, 0x00, 0x00, 0x00, 0x00, 0x00, 0x00, 0x00,
    0x00, 0x00, 0x00, 0x00, 0x00, 0x00, 0x00, 0x00, 0x00, 0x00, 0x00, 0x00, 0x00, 0x00, 0x00, 0x8e, 0x35, 0x67, 0x8e, 0x35, 0xff, 0x8e, 0x35, 0xff,
    0x8e, 0x35, 0xff, 0x8e, 0x35, 0x7f, 0x00, 0x00, 0x00, 0x00, 0x00, 0x00, 0x00, 0x00, 0x00, 0x00, 0x00, 0x00, 0x8e, 0x35, 0x02, 0x8e, 0x35, 0x8f,
    0x8e, 0x35, 0x8f, 0x8e, 0x35, 0x8f, 0x8e, 0x35, 0x8f, 0x8e, 0x35, 0x8f, 0x8e, 0x35, 0x8f, 0x8e, 0x35, 0x8f, 0x8e, 0x35, 0x18, 0x00, 0x00, 0x00,
    0x00, 0x00, 0x00, 0x00, 0x00, 0x00, 0x8e, 0x35, 0x43, 0x8e, 0x35, 0xff, 0x8e, 0x35, 0xff, 0x8e, 0x35, 0xff, 0x8e, 0x35, 0x73, 0x00, 0x00, 0x00,
    0x00, 0x00, 0x00, 0x8e, 0x35, 0xdf, 0x8e, 0x35, 0xff, 0x8e, 0x35, 0xff, 0x8e, 0x35, 0x8f, 0x00, 0x00, 0x00, 0x00, 0x00, 0x00, 0x8e, 0x35, 0xab,
    0x8e, 0x35, 0xff, 0x8e, 0x35, 0xff, 0x8e, 0x35, 0xff, 0x8e, 0x35, 0x13, 0x00, 0x00, 0x00, 0x00, 0x00, 0x00, 0x8e, 0x35, 0x69, 0x8e, 0x35, 0xff,
    0x8e, 0x35, 0xff, 0x8e, 0x35, 0xfe, 0x8e, 0x35, 0x2c, 0x8e, 0x35, 0x0f, 0x8e, 0x35, 0xd9, 0x8e, 0x35, 0xff, 0x8e, 0x35, 0xff, 0x8e, 0x35, 0xe1,
    0x8e, 0x35, 0x13, 0x8e, 0x35, 0xff, 0x8e, 0x35, 0xff, 0x8e, 0x35, 0xff, 0x8e, 0x35, 0xff, 0x8e, 0x35, 0xff, 0x8e, 0x35, 0xff, 0x8e, 0x35, 0xff,
    0x8e, 0x35, 0xff, 0x8e, 0x35, 0xff, 0x8e, 0x35, 0xff, 0x8e, 0x35, 0xbf, 0x00, 0x00, 0x00, 0x00, 0x00, 0x00, 0x00, 0x00, 0x00, 0x00, 0x00, 0x00,
    0x00, 0x00, 0x00, 0x00, 0x00, 0x00, 0x00, 0x00, 0x00, 0x00, 0x00, 0x00, 0x00, 0x00, 0x00, 0x00, 0x00, 0x00, 0x00, 0x00, 0x00, 0x00, 0x00, 0x00,
    0x00, 0x00, 0x00, 0x00, 0x00, 0x00, 0x00, 0x00, 0x00, 0x00, 0x00, 0x00, 0x00, 0x00, 0x00, 0x00, 0x00, 0x00, 0x00, 0x00, 0x00, 0x00, 0x00, 0x00,
    0x00, 0x00, 0x00, 0x00, 0x00, 0x00, 0x00, 0x00, 0x00, 0x00, 0x00, 0x00, 0x8e, 0x35, 0x83, 0x8e, 0x35, 0xff, 0x8e, 0x35, 0xff, 0x8e, 0x35, 0xff,
    0x8e, 0x35, 0xff, 0x8e, 0x35, 0xff, 0x8e, 0x35, 0xff, 0x8e, 0x35, 0xff, 0x8e, 0x35, 0xff, 0x8e, 0x35, 0xff, 0x8e, 0x35, 0xff, 0x8e, 0x35, 0xff,
    0x8e, 0x35, 0xff, 0x8e, 0x35, 0xff, 0x8e, 0x35, 0xff, 0x8e, 0x35, 0x7f, 0x00, 0x00, 0x00, 0x00, 0x00, 0x00, 0x00, 0x00, 0x00, 0x00, 0x00, 0x00,
    0x00, 0x00, 0x00, 0x8e, 0x35, 0x97, 0x8e, 0x35, 0xff, 0x8e, 0x35, 0xff, 0x8e, 0x35, 0xff, 0x8e, 0x35, 0xff, 0x8e, 0x35, 0xff, 0x8e, 0x35, 0xff,
    0x8e, 0x35, 0xff, 0x8e, 0x35, 0xff, 0x8e, 0x35, 0x9f, 0x00, 0x00, 0x00, 0x00, 0x00, 0x00, 0x00, 0x00, 0x00, 0x00, 0x00, 0x00, 0x00, 0x00, 0x00,
    0x00, 0x00, 0x00, 0x8e, 0x35, 0x07, 0x8e, 0x35, 0xff, 0x8e, 0x35, 0xff, 0x8e, 0x35, 0xff, 0x8e, 0x35, 0xbf, 0x00, 0x00, 0x00, 0x00, 0x00, 0x00,
    0x00, 0x00, 0x00, 0x00, 0x00, 0x00, 0x00, 0x00, 0x00, 0x00, 0x00, 0x00, 0x00, 0x00, 0x00, 0x00, 0x00, 0x00, 0x00, 0x00, 0x00, 0x00, 0x00, 0x00,
    0x00, 0x00, 0x00, 0x8e, 0x35, 0x97, 0x8e, 0x35, 0xff, 0x8e, 0x35, 0xff, 0x8e, 0x35, 0xef, 0x00, 0x00, 0x00, 0x00, 0x00, 0x00, 0x00, 0x00, 0x00,
    0x00, 0x00, 0x00, 0x00, 0x00, 0x00, 0x00, 0x00, 0x00, 0x00, 0x00, 0x00, 0x00, 0x00, 0x00, 0x8e, 0x35, 0x2f, 0x8e, 0x35, 0xff, 0x8e, 0x35, 0xff,
    0x8e, 0x35, 0xff, 0x8e, 0x35, 0x97, 0x00, 0x00, 0x00, 0x00, 0x00, 0x00, 0x00, 0x00, 0x00, 0x8e, 0x35, 0x3f, 0x8e, 0x35, 0xff, 0x8e, 0x35, 0xff,
    0x8e, 0x35, 0xff, 0x8e, 0x35, 0x5d, 0x8e, 0x35, 0x27, 0x8e, 0x35, 0x26, 0x00, 0x00, 0x00, 0x00, 0x00, 0x00, 0x00, 0x00, 0x00, 0x00, 0x00, 0x00,
    0x8e, 0x35, 0x03, 0x00, 0x00, 0x00, 0x00, 0x00, 0x00, 0x8e, 0x35, 0xdf, 0x8e, 0x35, 0xff, 0x8e, 0x35, 0xff, 0x8e, 0x35, 0xe4, 0x8e, 0x35, 0x3f,
    0x8e, 0x35, 0x3f, 0x8e, 0x35, 0x3f, 0x8e, 0x35, 0x3f, 0x8e, 0x35, 0x3f, 0x8e, 0x35, 0x3f, 0x8e, 0x35, 0x3f, 0x8e, 0x35, 0x3f, 0x8e, 0x35, 0x3f,
    0x8e, 0x35, 0x3f, 0x8e, 0x35, 0x3f, 0x8e, 0x35, 0x3f, 0x8e, 0x35, 0x8d, 0x8e, 0x35, 0xff, 0x8e, 0x35, 0xff, 0x8e, 0x35, 0xff, 0x8e, 0x35, 0x7f,
    0x00, 0x00, 0x00, 0x00, 0x00, 0x00, 0x00, 0x00, 0x00, 0x00, 0x00, 0x00, 0x8e, 0x35, 0x03, 0x8e, 0x35, 0xff, 0x8e, 0x35, 0xff, 0x8e, 0x35, 0xff,
    0x8e, 0x35, 0xff, 0x8e, 0x35, 0xff, 0x8e, 0x35, 0xff, 0x8e, 0x35, 0xff, 0x8e, 0x35, 0x2b, 0x00, 0x00, 0x00, 0x00, 0x00, 0x00, 0x00, 0x00, 0x00,
    0x8e, 0x35, 0x43, 0x8e, 0x35, 0xff, 0x8e, 0x35, 0xff, 0x8e, 0x35, 0xff, 0x8e, 0x35, 0x73, 0x00, 0x00, 0x00, 0x00, 0x00, 0x00, 0x8e, 0x35, 0xdf,
    0x8e, 0x35, 0xff, 0x8e, 0x35, 0xff, 0x8e, 0x35, 0x8f, 0x00, 0x00, 0x00, 0x00, 0x00, 0x00, 0x8e, 0x35, 0xab, 0x8e, 0x35, 0xff, 0x8e, 0x35, 0xff,
    0x8e, 0x35, 0xff, 0x8e, 0x35, 0x13, 0x00, 0x00, 0x00, 0x8e, 0x35, 0x2d, 0x8e, 0x35, 0xff, 0x8e, 0x35, 0xff, 0x8e, 0x35, 0xff, 0x8e, 0x35, 0xfe,
    0x8e, 0x35, 0xfa, 0x8e, 0x35, 0xff, 0x8e, 0x35, 0xff, 0x8e, 0x35, 0xff, 0x8e, 0x35, 0xff, 0x8e, 0x35, 0x5f, 0x8e, 0x35, 0x0b, 0x8e, 0x35, 0xff,
    0x8e, 0x35, 0xff, 0x8e, 0x35, 0xff, 0x8e, 0x35, 0xff, 0x8e, 0x35, 0xff, 0x8e, 0x35, 0xff, 0x8e, 0x35, 0xff, 0x8e, 0x35, 0xff, 0x8e, 0x35, 0xff,
    0x8e, 0x35, 0xff, 0x8e, 0x35, 0xbf, 0x00, 0x00, 0x00, 0x00, 0x00, 0x00, 0x00, 0x00, 0x00, 0x00, 0x00, 0x00, 0x00, 0x00, 0x00, 0x00, 0x00, 0x00,
    0x00, 0x00, 0x00, 0x00, 0x00, 0x00, 0x00, 0x00, 0x00, 0x00, 0x00, 0x00, 0x00, 0x00, 0x00, 0x00, 0x00, 0x00, 0x00, 0x00, 0x00, 0x00, 0x00, 0x00,
    0x00, 0x00, 0x00, 0x00, 0x00, 0x00, 0x00, 0x00, 0x00, 0x00, 0x00, 0x00, 0x00, 0x00, 0x00, 0x00, 0x00, 0x00, 0x00, 0x00, 0x00, 0x00, 0x00, 0x00,
    0x00, 0x00, 0x00, 0x00, 0x00, 0x00, 0x8e, 0x35, 0x83, 0x8e, 0x35, 0xff, 0x8e, 0x35, 0xff, 0x8e, 0x35, 0xff, 0x8e, 0x35, 0xff, 0x8e, 0x35, 0xff,
    0x8e, 0x35, 0xff, 0x8e, 0x35, 0xff, 0x8e, 0x35, 0xff, 0x8e, 0x35, 0xff, 0x8e, 0x35, 0xff, 0x8e, 0x35, 0xff, 0x8e, 0x35, 0xff, 0x8e, 0x35, 0xff,
    0x8e, 0x35, 0xff, 0x8e, 0x35, 0x7f, 0x00, 0x00, 0x00, 0x00, 0x00, 0x00, 0x00, 0x00, 0x00, 0x00, 0x00, 0x00, 0x00, 0x00, 0x00, 0x8e, 0x35, 0x97,
    0x8e, 0x35, 0xff, 0x8e, 0x35, 0xff, 0x8e, 0x35, 0xca, 0x8e, 0x35, 0x5b, 0x8e, 0x35, 0x5b, 0x8e, 0x35, 0xbf, 0x8e, 0x35, 0xff, 0x8e, 0x35, 0xff,
    0x8e, 0x35, 0x9f, 0x8e, 0x35, 0x04, 0x8e, 0x35, 0x57, 0x8e, 0x35, 0x57, 0x8e, 0x35, 0x57, 0x8e, 0x35, 0x57, 0x8e, 0x35, 0x57, 0x8e, 0x35, 0x5d,
    0x8e, 0x35, 0xff, 0x8e, 0x35, 0xff, 0x8e, 0x35, 0xff, 0x8e, 0x35, 0xd5, 0x8e, 0x35, 0x57, 0x8e, 0x35, 0x57, 0x8e, 0x35, 0x57, 0x8e, 0x35, 0x68,
    0x8e, 0x35, 0x3a, 0x00, 0x00, 0x00, 0x00, 0x00, 0x00, 0x00, 0x00, 0x00, 0x00, 0x00, 0x00, 0x00, 0x00, 0x00, 0x00, 0x00, 0x00, 0x8e, 0x35, 0x99,
    0x8e, 0x35, 0xff, 0x8e, 0x35, 0xff, 0x8e, 0x35, 0xef, 0x8e, 0x35, 0x7f, 0x8e, 0x35, 0xff, 0x8e, 0x35, 0xff, 0x8e, 0x35, 0xff, 0x8e, 0x35, 0xff,
    0x8e, 0x35, 0xff, 0x8e, 0x35, 0xff, 0x8e, 0x35, 0xff, 0x8e, 0x35, 0xff, 0x8e, 0x35, 0xff, 0x8e, 0x35, 0xff, 0x8e, 0x35, 0xff, 0x8e, 0x35, 0xff,
    0x8e, 0x35, 0xff, 0x8e, 0x35, 0xff, 0x8e, 0x35, 0xff, 0x8e, 0x35, 0xff, 0x8e, 0x35, 0xff, 0x8e, 0x35, 0xff, 0x8e, 0x35, 0xff, 0x8e, 0x35, 0xff,
    0x8e, 0x35, 0xff, 0x8e, 0x35, 0xf7, 0x00, 0x00, 0x00, 0x00, 0x00, 0x00, 0x00, 0x00, 0x00, 0x00, 0x00, 0x00, 0x00, 0x00, 0x00, 0x00, 0x00, 0x00,
    0x00, 0x00, 0x00, 0x8e, 0x35, 0xdf, 0x8e, 0x35, 0xff, 0x8e, 0x35, 0xff, 0x8e, 0x35, 0xff, 0x8e, 0x35, 0xff, 0x8e, 0x35, 0xff, 0x8e, 0x35, 0xff,
    0x8e, 0x35, 0xff, 0x8e, 0x35, 0xff, 0x8e, 0x35, 0xff, 0x8e, 0x35, 0xff, 0x8e, 0x35, 0xff, 0x8e, 0x35, 0xff, 0x8e, 0x35, 0xff, 0x8e, 0x35, 0xff,
    0x8e, 0x35, 0xff, 0x8e, 0x35, 0xff, 0x8e, 0x35, 0xff, 0x8e, 0x35, 0xff, 0x8e, 0x35, 0xff, 0x8e, 0x35, 0x7f, 0x00, 0x00, 0x00, 0x00, 0x00, 0x00,
    0x00, 0x00, 0x00, 0x00, 0x00, 0x00, 0x8e, 0x35, 0x03, 0x8e, 0x35, 0xff, 0x8e, 0x35, 0xff, 0x8e, 0x35, 0xff, 0x8e, 0x35, 0xff, 0x8e, 0x35, 0xff,
    0x8e, 0x35, 0xff, 0x8e, 0x35, 0xff, 0x8e, 0x35, 0x2b, 0x00, 0x00, 0x00, 0x00, 0x00, 0x00, 0x00, 0x00, 0x00, 0x8e, 0x35, 0x44, 0x8e, 0x35, 0xff,
    0x8e, 0x35, 0xff, 0x8e, 0x35, 0xff, 0x8e, 0x35, 0x73, 0x00, 0x00, 0x00, 0x00, 0x00, 0x00, 0x8e, 0x35, 0xdf, 0x8e, 0x35, 0xff, 0x8e, 0x35, 0xff,
    0x8e, 0x35, 0x8f, 0x00, 0x00, 0x00, 0x00, 0x00, 0x00, 0x8e, 0x35, 0xab, 0x8e, 0x35, 0xff, 0x8e, 0x35, 0xff, 0x8e, 0x35, 0xff, 0x8e, 0x35, 0x13,
    0x00, 0x00, 0x00, 0x8e, 0x35, 0x01, 0x8e, 0x35, 0xdf, 0x8e, 0x35, 0xff, 0x8e, 0x35, 0xff, 0x8e, 0x35, 0xff, 0x8e, 0x35, 0xff, 0x8e, 0x35, 0xff,
    0x8e, 0x35, 0xff, 0x8e, 0x35, 0xff, 0x8e, 0x35, 0xd4, 0x8e, 0x35, 0x02, 0x8e, 0x35, 0x0b, 0x8e, 0x35, 0xff, 0x8e, 0x35, 0xff, 0x8e, 0x35, 0xff,
    0x8e, 0x35, 0xff, 0x8e, 0x35, 0xff, 0x8e, 0x35, 0xff, 0x8e, 0x35, 0xff, 0x8e, 0x35, 0xff, 0x8e, 0x35, 0xff, 0x8e, 0x35, 0xff, 0x8e, 0x35, 0xbf,
    0x00, 0x00, 0x00, 0x00, 0x00, 0x00, 0x00, 0x00, 0x00, 0x00, 0x00, 0x00, 0x00, 0x00, 0x00, 0x00, 0x00, 0x00, 0x00, 0x00, 0x00, 0x00, 0x00, 0x00,
    0x00, 0x00, 0x00, 0x00, 0x00, 0x00, 0x00, 0x00, 0x00, 0x00, 0x00, 0x00, 0x00, 0x00, 0x00, 0x00, 0x00, 0x00, 0x00, 0x00, 0x00, 0x00, 0x00, 0x00,
    0x00, 0x00, 0x00, 0x00, 0x00, 0x00, 0x00, 0x00, 0x00, 0x00, 0x00, 0x00, 0x00, 0x00, 0x00, 0x00, 0x00, 0x00, 0x00, 0x00, 0x00, 0x00, 0x00, 0x00,
    0x8e, 0x35, 0x83, 0x8e, 0x35, 0xff, 0x8e, 0x35, 0xff, 0x8e, 0x35, 0xff, 0x8e, 0x35, 0xff, 0x8e, 0x35, 0xff, 0x8e, 0x35, 0xff, 0x8e, 0x35, 0xff,
    0x8e, 0x35, 0xff, 0x8e, 0x35, 0xff, 0x8e, 0x35, 0xff, 0x8e, 0x35, 0xff, 0x8e, 0x35, 0xff, 0x8e, 0x35, 0xff, 0x8e, 0x35, 0xff, 0x8e, 0x35, 0x7f,
    0x00, 0x00, 0x00, 0x00, 0x00, 0x00, 0x00, 0x00, 0x00, 0x00, 0x00, 0x00, 0x00, 0x00, 0x00, 0x8e, 0x35, 0x98, 0x8e, 0x35, 0xff, 0x8e, 0x35, 0xff,
    0x8e, 0x35, 0xab, 0x00, 0x00, 0x00, 0x00, 0x00, 0x00, 0x8e, 0x35, 0x9b, 0x8e, 0x35, 0xff, 0x8e, 0x35, 0xff, 0x8e, 0x35, 0x9f, 0x8e, 0x35, 0x0b,
    0x8e, 0x35, 0xff, 0x8e, 0x35, 0xff, 0x8e, 0x35, 0xff, 0x8e, 0x35, 0xff, 0x8e, 0x35, 0xff, 0x8e, 0x35, 0xff, 0x8e, 0x35, 0xff, 0x8e, 0x35, 0xff,
    0x8e, 0x35, 0xff, 0x8e, 0x35, 0xff, 0x8e, 0x35, 0xff, 0x8e, 0x35, 0xff, 0x8e, 0x35, 0xff, 0x8e, 0x35, 0xff, 0x8e, 0x35, 0xff, 0x8e, 0x35, 0xd8,
    0x8e, 0x35, 0x0d, 0x00, 0x00, 0x00, 0x00, 0x00, 0x00, 0x00, 0x00, 0x00, 0x00, 0x00, 0x00, 0x8e, 0x35, 0x9e, 0x8e, 0x35, 0xff, 0x8e, 0x35, 0xff,
    0x8e, 0x35, 0xeb, 0x8e, 0x35, 0x7f, 0x8e, 0x35, 0xff, 0x8e, 0x35, 0xff, 0x8e, 0x35, 0xff, 0x8e, 0x35, 0xff, 0x8e, 0x35, 0xff, 0x8e, 0x35, 0xff,
    0x8e, 0x35, 0xff, 0x8e, 0x35, 0xff, 0x8e, 0x35, 0xff, 0x8e, 0x35, 0xff, 0x8e, 0x35, 0xff, 0x8e, 0x35, 0xff, 0x8e, 0x35, 0xff, 0x8e, 0x35, 0xff,
    0x8e, 0x35, 0xff, 0x8e, 0x35, 0xff, 0x8e, 0x35, 0xff, 0x8e, 0x35, 0xff, 0x8e, 0x35, 0xff, 0x8e, 0x35, 0xff, 0x8e, 0x35, 0xff, 0x8e, 0x35, 0xf7,
    0x00, 0x00, 0x00, 0x00, 0x00, 0x00, 0x00, 0x00, 0x00, 0x00, 0x00, 0x00, 0x00, 0x00, 0x00, 0x00, 0x00, 0x00, 0x00, 0x00, 0x00, 0x8e, 0x35, 0xdf,
    0x8e, 0x35, 0xff, 0x8e, 0x35, 0xff, 0x8e, 0x35, 0xff, 0x8e, 0x35, 0xff, 0x8e, 0x35, 0xff, 0x8e, 0x35, 0xff, 0x8e, 0x35, 0xff, 0x8e, 0x35, 0xff,
    0x8e, 0x35, 0xff, 0x8e, 0x35, 0xff, 0x8e, 0x35, 0xff, 0x8e, 0x35, 0xff, 0x8e, 0x35, 0xff, 0x8e, 0x35, 0xff, 0x8e, 0x35, 0xff, 0x8e, 0x35, 0xff,
    0x8e, 0x35, 0xff, 0x8e, 0x35, 0xff, 0x8e, 0x35, 0xff, 0x8e, 0x35, 0x7f, 0x00, 0x00, 0x00, 0x00, 0x00, 0x00, 0x00, 0x00, 0x00, 0x00, 0x00, 0x00,
    0x8e, 0x35, 0x03, 0x8e, 0x35, 0xff, 0x8e, 0x35, 0xff, 0x8e, 0x35, 0xff, 0x8e, 0x35, 0xff, 0x8e, 0x35, 0xff, 0x8e, 0x35, 0xff, 0x8e, 0x35, 0xff,
    0x8e, 0x35, 0x2b, 0x00, 0x00, 0x00, 0x00, 0x00, 0x00, 0x00, 0x00, 0x00, 0x8e, 0x35, 0x4b, 0x8e, 0x35, 0xff, 0x8e, 0x35, 0xff, 0x8e, 0x35, 0xff,
    0x8e, 0x35, 0x6e, 0x00, 0x00, 0x00, 0x00, 0x00, 0x00, 0x8e, 0x35, 0xdf, 0x8e, 0x35, 0xff, 0x8e, 0x35, 0xff, 0x8e, 0x35, 0x8f, 0x00, 0x00, 0x00,
    0x00, 0x00, 0x00, 0x8e, 0x35, 0xab, 0x8e, 0x35, 0xff, 0x8e, 0x35, 0xff, 0x8e, 0x35, 0xff, 0x8e, 0x35, 0x13, 0x00, 0x00, 0x00, 0x00, 0x00, 0x00,
    0x8e, 0x35, 0x85, 0x8e, 0x35, 0xff, 0x8e, 0x35, 0xff, 0x8e, 0x35, 0xff, 0x8e, 0x35, 0xff, 0x8e, 0x35, 0xff, 0x8e, 0x35, 0xff, 0x8e, 0x35, 0xff,
    0x8e, 0x35, 0x4c, 0x00, 0x00, 0x00, 0x00, 0x00, 0x00, 0x00, 0x00, 0x00, 0x8e, 0x35, 0x73, 0x8e, 0x35, 0xff, 0x8e, 0x35, 0xff, 0x8e, 0x35, 0xee,
    0x8e, 0x35, 0x06, 0x00, 0x00, 0x00, 0x8e, 0x35, 0xd7, 0x8e, 0x35, 0xff, 0x8e, 0x35, 0xff, 0x8e, 0x35, 0xbf, 0x00, 0x00, 0x00, 0x00, 0x00, 0x00,
    0x00, 0x00, 0x00, 0x00, 0x00, 0x00, 0x00, 0x00, 0x00, 0x00, 0x00, 0x00, 0x00, 0x00, 0x00, 0x00, 0x00, 0x00, 0x00, 0x00, 0x00, 0x00, 0x00, 0x00,
    0x00, 0x00, 0x00, 0x00, 0x00, 0x00, 0x00, 0x00, 0x00, 0x00, 0x00, 0x00, 0x00, 0x00, 0x00, 0x00, 0x00, 0x00, 0x00, 0x00, 0x00, 0x00, 0x00, 0x00,
    0x00, 0x00, 0x00, 0x00, 0x00, 0x00, 0x00, 0x00, 0x00, 0x00, 0x00, 0x00, 0x00, 0x00, 0x00, 0x00, 0x00, 0x00, 0x8e, 0x35, 0x83, 0x8e, 0x35, 0xff,
    0x8e, 0x35, 0xff, 0x8e, 0x35, 0xff, 0x8e, 0x35, 0x7b, 0x00, 0x00, 0x00, 0x00, 0x00, 0x00, 0x00, 0x00, 0x00, 0x00, 0x00, 0x00, 0x00, 0x00, 0x00,
    0x00, 0x00, 0x00, 0x00, 0x00, 0x00, 0x00, 0x00, 0x00, 0x00, 0x00, 0x00, 0x00, 0x00, 0x00, 0x00, 0x00, 0x00, 0x00, 0x00, 0x00, 0x00, 0x00, 0x00,
    0x00, 0x00, 0x00, 0x00, 0x00, 0x00, 0x00, 0x00, 0x00, 0x8e, 0x35, 0x9b, 0x8e, 0x35, 0xff, 0x8e, 0x35, 0xff, 0x8e, 0x35, 0xa8, 0x00, 0x00, 0x00,
    0x00, 0x00, 0x00, 0x8e, 0x35, 0x9b, 0x8e, 0x35, 0xff, 0x8e, 0x35, 0xff, 0x8e, 0x35, 0x9f, 0x8e, 0x35, 0x0b, 0x8e, 0x35, 0xff, 0x8e, 0x35, 0xff,
    0x8e, 0x35, 0xff, 0x8e, 0x35, 0xff, 0x8e, 0x35, 0xff, 0x8e, 0x35, 0xff, 0x8e, 0x35, 0xff, 0x8e, 0x35, 0xff, 0x8e, 0x35, 0xff, 0x8e, 0x35, 0xff,
    0x8e, 0x35, 0xff, 0x8e, 0x35, 0xff, 0x8e, 0x35, 0xff, 0x8e, 0x35, 0xff, 0x8e, 0x35, 0xff, 0x8e, 0x35, 0xd4, 0x00, 0x00, 0x00, 0x00, 0x00, 0x00,
    0x00, 0x00, 0x00, 0x00, 0x00, 0x00, 0x00, 0x00, 0x00, 0x8e, 0x35, 0xa3, 0x8e, 0x35, 0xff, 0x8e, 0x35, 0xff, 0x8e, 0x35, 0xe7, 0x8e, 0x35, 0x4d,
    0x8e, 0x35, 0x9b, 0x8e, 0x35, 0x9b, 0x8e, 0x35, 0x9b, 0x8e, 0x35, 0x9b, 0x8e, 0x35, 0x9b, 0x8e, 0x35, 0x9b, 0x8e, 0x35, 0x9b, 0x8e, 0x35, 0xae,
    0x8e, 0x35, 0xff, 0x8e, 0x35, 0xff, 0x8e, 0x35, 0xff, 0x8e, 0x35, 0xd7, 0x8e, 0x35, 0x9b, 0x8e, 0x35, 0x9b, 0x8e, 0x35, 0x9b, 0x8e, 0x35, 0xb4,
    0x8e, 0x35, 0xff, 0x8e, 0x35, 0xff, 0x8e, 0x35, 0xff, 0x8e, 0x35, 0xff, 0x8e, 0x35, 0xff, 0x8e, 0x35, 0xf7, 0x00, 0x00, 0x00, 0x00, 0x00, 0x00,
    0x00, 0x00, 0x00, 0x00, 0x00, 0x00, 0x00, 0x00, 0x00, 0x00, 0x00, 0x00, 0x00, 0x00, 0x00, 0x8e, 0x35, 0xdf, 0x8e, 0x35, 0xff, 0x8e, 0x35, 0xff,
    0x8e, 0x35, 0xdb, 0x00, 0x00, 0x00, 0x00, 0x00, 0x00, 0x00, 0x00, 0x00, 0x00, 0x00, 0x00, 0x00, 0x00, 0x00, 0x00, 0x00, 0x00, 0x00, 0x00, 0x00,
    0x00, 0x00, 0x00, 0x00, 0x00, 0x00, 0x00, 0x00, 0x00, 0x00, 0x00, 0x00, 0x00, 0x00, 0x00, 0x8e, 0x35, 0x67, 0x8e, 0x35, 0xff, 0x8e, 0x35, 0xff,
    0x8e, 0x35, 0xff, 0x8e, 0x35, 0x7f, 0x00, 0x00, 0x00, 0x00, 0x00, 0x00, 0x00, 0x00, 0x00, 0x00, 0x00, 0x00, 0x00, 0x00, 0x00, 0x00, 0x00, 0x00,
    0x00, 0x00, 0x00, 0x00, 0x00, 0x00, 0x8e, 0x35, 0x63, 0x8e, 0x35, 0xff, 0x8e, 0x35, 0xff, 0x8e, 0x35, 0xff, 0x8e, 0x35, 0x2b, 0x00, 0x00, 0x00,
    0x00, 0x00, 0x00, 0x00, 0x00, 0x00, 0x8e, 0x35, 0x54, 0x8e, 0x35, 0xff, 0x8e, 0x35, 0xff, 0x8e, 0x35, 0xff, 0x8e, 0x35, 0x69, 0x00, 0x00, 0x00,
    0x00, 0x00, 0x00, 0x8e, 0x35, 0xdf, 0x8e, 0x35, 0xff, 0x8e, 0x35, 0xff, 0x8e, 0x35, 0x8f, 0x00, 0x00, 0x00, 0x00, 0x00, 0x00, 0x8e, 0x35, 0xab,
    0x8e, 0x35, 0xff, 0x8e, 0x35, 0xff, 0x8e, 0x35, 0xff, 0x8e, 0x35, 0x13, 0x00, 0x00, 0x00, 0x00, 0x00, 0x00, 0x8e, 0x35, 0x2b, 0x8e, 0x35, 0x7d,
    0x8e, 0x35, 0x45, 0x8e, 0x35, 0x36, 0x8e, 0x35, 0xf2, 0x8e, 0x35, 0xff, 0x8e, 0x35, 0xff, 0x8e, 0x35, 0xad, 0x00, 0x00, 0x00, 0x00, 0x00, 0x00,
    0x00, 0x00, 0x00, 0x8e, 0x35, 0x01, 0x8e, 0x35, 0xd7, 0x8e, 0x35, 0xff, 0x8e, 0x35, 0xff, 0x8e, 0x35, 0x97, 0x00, 0x00, 0x00, 0x00, 0x00, 0x00,
    0x8e, 0x35, 0xd7, 0x8e, 0x35, 0xff, 0x8e, 0x35, 0xff, 0x8e, 0x35, 0xbf, 0x00, 0x00, 0x00, 0x00, 0x00, 0x00, 0x00, 0x00, 0x00, 0x00, 0x00, 0x00,
    0x00, 0x00, 0x00, 0x00, 0x00, 0x00, 0x00, 0x00, 0x00, 0x00, 0x00, 0x00, 0x00, 0x00, 0x00, 0x00, 0x00, 0x00, 0x00, 0x00, 0x00, 0x00, 0x00, 0x00,
    0x00, 0x00, 0x00, 0x00, 0x00, 0x00, 0x00, 0x00, 0x00, 0x00, 0x00, 0x00, 0x00, 0x00, 0x00, 0x00, 0x00, 0x00, 0x00, 0x00, 0x00, 0x00, 0x00, 0x00,
    0x00, 0x00, 0x00, 0x00, 0x00, 0x00, 0x00, 0x00, 0x00, 0x00, 0x00, 0x00, 0x8e, 0x35, 0x83, 0x8e, 0x35, 0xff, 0x8e, 0x35, 0xff, 0x8e, 0x35, 0xff,
    0x8e, 0x35, 0x7b, 0x00, 0x00, 0x00, 0x00, 0x00, 0x00, 0x00, 0x00, 0x00, 0x00, 0x00, 0x00, 0x00, 0x00, 0x00, 0x00, 0x00, 0x00, 0x00, 0x00, 0x00,
    0x00, 0x00, 0x00, 0x00, 0x00, 0x00, 0x00, 0x00, 0x00, 0x00, 0x00, 0x00, 0x00, 0x00, 0x00, 0x00, 0x00, 0x00, 0x00, 0x00, 0x00, 0x00, 0x00, 0x00,
    0x00, 0x00, 0x00, 0x8e, 0x35, 0x9e, 0x8e, 0x35, 0xff, 0x8e, 0x35, 0xff, 0x8e, 0x35, 0xa5, 0x00, 0x00, 0x00, 0x00, 0x00, 0x00, 0x8e, 0x35, 0x9b,
    0x8e, 0x35, 0xff, 0x8e, 0x35, 0xff, 0x8e, 0x35, 0x9f, 0x8e, 0x35, 0x0b, 0x8e, 0x35, 0xff, 0x8e, 0x35, 0xff, 0x8e, 0x35, 0xff, 0x8e, 0x35, 0xff,
    0x8e, 0x35, 0xff, 0x8e, 0x35, 0xff, 0x8e, 0x35, 0xff, 0x8e, 0x35, 0xff, 0x8e, 0x35, 0xff, 0x8e, 0x35, 0xff, 0x8e, 0x35, 0xff, 0x8e, 0x35, 0xff,
    0x8e, 0x35, 0xff, 0x8e, 0x35, 0xff, 0x8e, 0x35, 0xff, 0x8e, 0x35, 0x85, 0x00, 0x00, 0x00, 0x00, 0x00, 0x00, 0x00, 0x00, 0x00, 0x00, 0x00, 0x00,
    0x00, 0x00, 0x00, 0x8e, 0x35, 0xa8, 0x8e, 0x35, 0xff, 0x8e, 0x35, 0xff, 0x8e, 0x35, 0xdc, 0x00, 0x00, 0x00, 0x00, 0x00, 0x00, 0x00, 0x00, 0x00,
    0x00, 0x00, 0x00, 0x00, 0x00, 0x00, 0x00, 0x00, 0x00, 0x00, 0x00, 0x00, 0x00, 0x00, 0x00, 0x8e, 0x35, 0x2f, 0x8e, 0x35, 0xff, 0x8e, 0x35, 0xff,
    0x8e, 0x35, 0xff, 0x8e, 0x35, 0x97, 0x00, 0x00, 0x00, 0x00, 0x00, 0x00, 0x00, 0x00, 0x00, 0x8e, 0x35, 0x3f, 0x8e, 0x35, 0xff, 0x8e, 0x35, 0xff,
    0x8e, 0x35, 0xff, 0x8e, 0x35, 0x3f, 0x00, 0x00, 0x00, 0x00, 0x00, 0x00, 0x00, 0x00, 0x00, 0x00, 0x00, 0x00, 0x00, 0x00, 0x00, 0x00, 0x00, 0x00,
    0x00, 0x00, 0x00, 0x00, 0x00, 0x00, 0x00, 0x00, 0x00, 0x8e, 0x35, 0xdf, 0x8e, 0x35, 0xff, 0x8e, 0x35, 0xff, 0x8e, 0x35, 0xeb, 0x8e, 0x35, 0x6f,
    0x8e, 0x35, 0x6f, 0x8e, 0x35, 0x6f, 0x8e, 0x35, 0x6f, 0x8e, 0x35, 0x6f, 0x8e, 0x35, 0x6f, 0x8e, 0x35, 0x6f, 0x8e, 0x35, 0x6f, 0x8e, 0x35, 0x6f,
    0x8e, 0x35, 0x6f, 0x8e, 0x35, 0x6f, 0x8e, 0x35, 0x6f, 0x8e, 0x35, 0xaa, 0x8e, 0x35, 0xff, 0x8e, 0x35, 0xff, 0x8e, 0x35, 0xff, 0x8e, 0x35, 0x7f,
    0x00, 0x00, 0x00, 0x00, 0x00, 0x00, 0x00, 0x00, 0x00, 0x00, 0x00, 0x00, 0x00, 0x00, 0x00, 0x00, 0x00, 0x00, 0x00, 0x00, 0x00, 0x00, 0x00, 0x00,
    0x8e, 0x35, 0x63, 0x8e, 0x35, 0xff, 0x8e, 0x35, 0xff, 0x8e, 0x35, 0xff, 0x8e, 0x35, 0x2b, 0x00, 0x00, 0x00, 0x00, 0x00, 0x00, 0x00, 0x00, 0x00,
    0x8e, 0x35, 0x5d, 0x8e, 0x35, 0xff, 0x8e, 0x35, 0xff, 0x8e, 0x35, 0xff, 0x8e, 0x35, 0x64, 0x00, 0x00, 0x00, 0x00, 0x00, 0x00, 0x8e, 0x35, 0xdf,
    0x8e, 0x35, 0xff, 0x8e, 0x35, 0xff, 0x8e, 0x35, 0x8f, 0x00, 0x00, 0x00, 0x00, 0x00, 0x00, 0x8e, 0x35, 0xab, 0x8e, 0x35, 0xff, 0x8e, 0x35, 0xff,
    0x8e, 0x35, 0xff, 0x8e, 0x35, 0x13, 0x00, 0x00, 0x00, 0x00, 0x00, 0x00, 0x00, 0x00, 0x00, 0x00, 0x00, 0x00, 0x00, 0x00, 0x00, 0x8e, 0x35, 0xa9,
    0x8e, 0x35, 0xff, 0x8e, 0x35, 0xff, 0x8e, 0x35, 0xef, 0x8e, 0x35, 0x19, 0x00, 0x00, 0x00, 0x00, 0x00, 0x00, 0x00, 0x00, 0x00, 0x8e, 0x35, 0x5b,
    0x8e, 0x35, 0xff, 0x8e, 0x35, 0xff, 0x8e, 0x35, 0xff, 0x8e, 0x35, 0x88, 0x8e, 0x35, 0x57, 0x8e, 0x35, 0x57, 0x8e, 0x35, 0xe5, 0x8e, 0x35, 0xff,
    0x8e, 0x35, 0xff, 0x8e, 0x35, 0xd5, 0x8e, 0x35, 0x57, 0x8e, 0x35, 0x57, 0x8e, 0x35, 0x57, 0x8e, 0x35, 0x57, 0x8e, 0x35, 0x57, 0x8e, 0x35, 0x30,
    0x00, 0x00, 0x00, 0x00, 0x00, 0x00, 0x00, 0x00, 0x00, 0x00, 0x00, 0x00, 0x00, 0x00, 0x00, 0x00, 0x00, 0x00, 0x00, 0x00, 0x00, 0x00, 0x00, 0x00,
    0x00, 0x00, 0x00, 0x00, 0x00, 0x00, 0x00, 0x00, 0x00, 0x00, 0x00, 0x00, 0x00, 0x00, 0x00, 0x00, 0x00, 0x00, 0x00, 0x00, 0x00, 0x00, 0x00, 0x00,
    0x00, 0x00, 0x00, 0x00, 0x00, 0x00, 0x8e, 0x35, 0x83, 0x8e, 0x35, 0xff, 0x8e, 0x35, 0xff, 0x8e, 0x35, 0xff, 0x8e, 0x35, 0x7b, 0x00, 0x00, 0x00,
    0x00, 0x00, 0x00, 0x00, 0x00, 0x00, 0x00, 0x00, 0x00, 0x00, 0x00, 0x00, 0x00, 0x00, 0x00, 0x00, 0x00, 0x00, 0x00, 0x00, 0x00, 0x00, 0x00, 0x00,
    0x00, 0x00, 0x00, 0x00, 0x00, 0x00, 0x00, 0x00, 0x00, 0x00, 0x00, 0x00, 0x00, 0x00, 0x00, 0x00, 0x00, 0x00, 0x00, 0x00, 0x00, 0x8e, 0x35, 0xa2,
    0x8e, 0x35, 0xff, 0x8e, 0x35, 0xff, 0x8e, 0x35, 0xcc, 0x8e, 0x35, 0x6f, 0x8e, 0x35, 0x6f, 0x8e, 0x35, 0xc7, 0x8e, 0x35, 0xff, 0x8e, 0x35, 0xff,
    0x8e, 0x35, 0x9f, 0x00, 0x00, 0x00, 0x8e, 0x35, 0x01, 0x8e, 0x35, 0xbd, 0x8e, 0x35, 0xfe, 0x8e, 0x35, 0xff, 0x8e, 0x35, 0xcb, 0x00, 0x00, 0x00,
    0x00, 0x00, 0x00, 0x00, 0x00, 0x00, 0x00, 0x00, 0x00, 0x00, 0x00, 0x00, 0x00, 0x00, 0x00, 0x8e, 0x35, 0xa6, 0x8e, 0x35, 0xff, 0x8e, 0x35, 0xff,
    0x8e, 0x35, 0xff, 0x8e, 0x35, 0x33, 0x00, 0x00, 0x00, 0x00, 0x00, 0x00, 0x00, 0x00, 0x00, 0x00, 0x00, 0x00, 0x00, 0x00, 0x00, 0x8e, 0x35, 0xb2,
    0x8e, 0x35, 0xff, 0x8e, 0x35, 0xff, 0x8e, 0x35, 0xd2, 0x00, 0x00, 0x00, 0x8e, 0x35, 0x93, 0x8e, 0x35, 0xff, 0x8e, 0x35, 0xff, 0x8e, 0x35, 0xff,
    0x8e, 0x35, 0xff, 0x8e, 0x35, 0xff, 0x8e, 0x35, 0xff, 0x8e, 0x35, 0xff, 0x8e, 0x35, 0xff, 0x8e, 0x35, 0xff, 0x8e, 0x35, 0xff, 0x8e, 0x35, 0xff,
    0x8e, 0x35, 0xff, 0x8e, 0x35, 0xff, 0x8e, 0x35, 0xff, 0x8e, 0x35, 0xff, 0x8e, 0x35, 0xff, 0x8e, 0x35, 0xff, 0x8e, 0x35, 0xff, 0x8e, 0x35, 0x3f,
    0x00, 0x00, 0x00, 0x00, 0x00, 0x00, 0x00, 0x00, 0x00, 0x00, 0x00, 0x00, 0x00, 0x00, 0x00, 0x00, 0x00, 0x00, 0x00, 0x00, 0x00, 0x00, 0x00, 0x00,
    0x00, 0x00, 0x00, 0x8e, 0x35, 0xdf, 0x8e, 0x35, 0xff, 0x8e, 0x35, 0xff, 0x8e, 0x35, 0xff, 0x8e, 0x35, 0xff, 0x8e, 0x35, 0xff, 0x8e, 0x35, 0xff,
    0x8e, 0x35, 0xff, 0x8e, 0x35, 0xff, 0x8e, 0x35, 0xff, 0x8e, 0x35, 0xff, 0x8e, 0x35, 0xff, 0x8e, 0x35, 0xff, 0x8e, 0x35, 0xff, 0x8e, 0x35, 0xff,
    0x8e, 0x35, 0xff, 0x8e, 0x35, 0xff, 0x8e, 0x35, 0xff, 0x8e, 0x35, 0xff, 0x8e, 0x35, 0xff, 0x8e, 0x35, 0x7f, 0x00, 0x00, 0x00, 0x00, 0x00, 0x00,
    0x00, 0x00, 0x00, 0x00, 0x00, 0x00, 0x00, 0x00, 0x00, 0x00, 0x00, 0x00, 0x00, 0x00, 0x00, 0x00, 0x00, 0x00, 0x8e, 0x35, 0x63, 0x8e, 0x35, 0xff,
    0x8e, 0x35, 0xff, 0x8e, 0x35, 0xff, 0x8e, 0x35, 0x2b, 0x00, 0x00, 0x00, 0x00, 0x00, 0x00, 0x00, 0x00, 0x00, 0x8e, 0x35, 0x65, 0x8e, 0x35, 0xff,
    0x8e, 0x35, 0xff, 0x8e, 0x35, 0xff, 0x8e, 0x35, 0x5e, 0x00, 0x00, 0x00, 0x00, 0x00, 0x00, 0x8e, 0x35, 0xdf, 0x8e, 0x35, 0xff, 0x8e, 0x35, 0xff,
    0x8e, 0x35, 0x8f, 0x00, 0x00, 0x00, 0x00, 0x00, 0x00, 0x8e, 0x35, 0xab, 0x8e, 0x35, 0xff, 0x8e, 0x35, 0xff, 0x8e, 0x35, 0xff, 0x8e, 0x35, 0x13,
    0x00, 0x00, 0x00, 0x00, 0x00, 0x00, 0x00, 0x00, 0x00, 0x00, 0x00, 0x00, 0x8e, 0x35, 0x56, 0x8e, 0x35, 0xff, 0x8e, 0x35, 0xff, 0x8e, 0x35, 0xff,
    0x8e, 0x35, 0x63, 0x00, 0x00, 0x00, 0x00, 0x00, 0x00, 0x8e, 0x35, 0x16, 0x8e, 0x35, 0x14, 0x8e, 0x35, 0xf5, 0x8e, 0x35, 0xff, 0x8e, 0x35, 0xff,
    0x8e, 0x35, 0xff, 0x8e, 0x35, 0xff, 0x8e, 0x35, 0xff, 0x8e, 0x35, 0xff, 0x8e, 0x35, 0xff, 0x8e, 0x35, 0xff, 0x8e, 0x35, 0xff, 0x8e, 0x35, 0xff,
    0x8e, 0x35, 0xff, 0x8e, 0x35, 0xff, 0x8e, 0x35, 0xff, 0x8e, 0x35, 0xff, 0x8e, 0x35, 0xff, 0x8e, 0x35, 0x8b, 0x00, 0x00, 0x00, 0x00, 0x00, 0x00,
    0x00, 0x00, 0x00, 0x00, 0x00, 0x00, 0x00, 0x00, 0x00, 0x00, 0x00, 0x00, 0x00, 0x00, 0x00, 0x00, 0x00, 0x00, 0x00, 0x00, 0x00, 0x00, 0x00, 0x00,
    0x00, 0x00, 0x00, 0x00, 0x00, 0x00, 0x00, 0x00, 0x00, 0x00, 0x00, 0x00, 0x00, 0x00, 0x00, 0x00, 0x00, 0x00, 0x00, 0x00, 0x00, 0x00, 0x00, 0x00,
    0x8e, 0x35, 0x83, 0x8e, 0x35, 0xff, 0x8e, 0x35, 0xff, 0x8e, 0x35, 0xff, 0x8e, 0x35, 0x7b, 0x00, 0x00, 0x00, 0x00, 0x00, 0x00, 0x00, 0x00, 0x00,
    0x00, 0x00, 0x00, 0x00, 0x00, 0x00, 0x00, 0x00, 0x00, 0x00, 0x00, 0x00, 0x00, 0x00, 0x00, 0x00, 0x00, 0x00, 0x00, 0x00, 0x00, 0x00, 0x00, 0x00,
    0x00, 0x00, 0x00, 0x00, 0x00, 0x00, 0x00, 0x00, 0x00, 0x00, 0x00, 0x00, 0x00, 0x00, 0x00, 0x8e, 0x35, 0xa8, 0x8e, 0x35, 0xff, 0x8e, 0x35, 0xff,
    0x8e, 0x35, 0xff, 0x8e, 0x35, 0xff, 0x8e, 0x35, 0xff, 0x8e, 0x35, 0xff, 0x8e, 0x35, 0xff, 0x8e, 0x35, 0xff, 0x8e, 0x35, 0x9f, 0x00, 0x00, 0x00,
    0x00, 0x00, 0x00, 0x8e, 0x35, 0x88, 0x8e, 0x35, 0xff, 0x8e, 0x35, 0xff, 0x8e, 0x35, 0xff, 0x8e, 0x35, 0x4d, 0x00, 0x00, 0x00, 0x00, 0x00, 0x00,
    0x00, 0x00, 0x00, 0x00, 0x00, 0x00, 0x8e, 0x35, 0x2b, 0x8e, 0x35, 0xfd, 0x8e, 0x35, 0xff, 0x8e, 0x35, 0xff, 0x8e, 0x35, 0xc6, 0x00, 0x00, 0x00,
    0x00, 0x00, 0x00, 0x00, 0x00, 0x00, 0x00, 0x00, 0x00, 0x00, 0x00, 0x00, 0x00, 0x00, 0x00, 0x8e, 0x35, 0xc7, 0x8e, 0x35, 0xff, 0x8e, 0x35, 0xff,
    0x8e, 0x35, 0xbc, 0x00, 0x00, 0x00, 0x8e, 0x35, 0x93, 0x8e, 0x35, 0xff, 0x8e, 0x35, 0xff, 0x8e, 0x35, 0xff, 0x8e, 0x35, 0xff, 0x8e, 0x35, 0xff,
    0x8e, 0x35, 0xff, 0x8e, 0x35, 0xff, 0x8e, 0x35, 0xff, 0x8e, 0x35, 0xff, 0x8e, 0x35, 0xff, 0x8e, 0x35, 0xff, 0x8e, 0x35, 0xff, 0x8e, 0x35, 0xff,
    0x8e, 0x35, 0xff, 0x8e, 0x35, 0xff, 0x8e, 0x35, 0xff, 0x8e, 0x35, 0xff, 0x8e, 0x35, 0xff, 0x8e, 0x35, 0x3f, 0x00, 0x00, 0x00, 0x00, 0x00, 0x00,
    0x00, 0x00, 0x00, 0x00, 0x00, 0x00, 0x00, 0x00, 0x00, 0x00, 0x00, 0x00, 0x00, 0x00, 0x00, 0x00, 0x00, 0x00, 0x00, 0x00, 0x00, 0x8e, 0x35, 0xdf,
    0x8e, 0x35, 0xff, 0x8e, 0x35, 0xff, 0x8e, 0x35, 0xff, 0x8e, 0x35, 0xff, 0x8e, 0x35, 0xff, 0x8e, 0x35, 0xff, 0x8e, 0x35, 0xff, 0x8e, 0x35, 0xff,
    0x8e, 0x35, 0xff, 0x8e, 0x35, 0xff, 0x8e, 0x35, 0xff, 0x8e, 0x35, 0xff, 0x8e, 0x35, 0xff, 0x8e, 0x35, 0xff, 0x8e, 0x35, 0xff, 0x8e, 0x35, 0xff,
    0x8e, 0x35, 0xff, 0x8e, 0x35, 0xff, 0x8e, 0x35, 0xff, 0x8e, 0x35, 0x7f, 0x00, 0x00, 0x00, 0x00, 0x00, 0x00, 0x00, 0x00, 0x00, 0x00, 0x00, 0x00,
    0x00, 0x00, 0x00, 0x00, 0x00, 0x00, 0x00, 0x00, 0x00, 0x00, 0x00, 0x00, 0x8e, 0x35, 0x63, 0x8e, 0x35, 0xff, 0x8e, 0x35, 0xff, 0x8e, 0x35, 0xff,
    0x8e, 0x35, 0x2b, 0x00, 0x00, 0x00, 0x00, 0x00, 0x00, 0x00, 0x00, 0x00, 0x8e, 0x35, 0x6e, 0x8e, 0x35, 0xff, 0x8e, 0x35, 0xff, 0x8e, 0x35, 0xff,
    0x8e, 0x35, 0x55, 0x00, 0x00, 0x00, 0x00, 0x00, 0x00, 0x8e, 0x35, 0xdf, 0x8e, 0x35, 0xff, 0x8e, 0x35, 0xff, 0x8e, 0x35, 0x8f, 0x00, 0x00, 0x00,
    0x00, 0x00, 0x00, 0x8e, 0x35, 0xab, 0x8e, 0x35, 0xff, 0x8e, 0x35, 0xff, 0x8e, 0x35, 0xff, 0x8e, 0x35, 0x13, 0x00, 0x00, 0x00, 0x00, 0x00, 0x00,
    0x00, 0x00, 0x00, 0x8e, 0x35, 0x27, 0x8e, 0x35, 0xf0, 0x8e, 0x35, 0xff, 0x8e, 0x35, 0xff, 0x8e, 0x35, 0xeb, 0x8e, 0x35, 0x86, 0x8e, 0x35, 0xb7,
    0x8e, 0x35, 0xea, 0x8e, 0x35, 0xd7, 0x00, 0x00, 0x00, 0x8e, 0x35, 0xca, 0x8e, 0x35, 0xff, 0x8e, 0x35, 0xff, 0x8e, 0x35, 0xff, 0x8e, 0x35, 0xff,
    0x8e, 0x35, 0xff, 0x8e, 0x35, 0xff, 0x8e, 0x35, 0xff, 0x8e, 0x35, 0xff, 0x8e, 0x35, 0xff, 0x8e, 0x35, 0xff, 0x8e, 0x35, 0xff, 0x8e, 0x35, 0xff,
    0x8e, 0x35, 0xff, 0x8e, 0x35, 0xff, 0x8e, 0x35, 0xff, 0x8e, 0x35, 0x8b, 0x00, 0x00, 0x00, 0x00, 0x00, 0x00, 0x00, 0x00, 0x00, 0x00, 0x00, 0x00,
    0x00, 0x00, 0x00, 0x00, 0x00, 0x00, 0x00, 0x00, 0x00, 0x00, 0x00, 0x00, 0x00, 0x00, 0x00, 0x00, 0x00, 0x00, 0x00, 0x00, 0x00, 0x00, 0x00, 0x00,
    0x00, 0x00, 0x00, 0x00, 0x00, 0x00, 0x00, 0x00, 0x00, 0x00, 0x00, 0x00, 0x00, 0x00, 0x00, 0x00, 0x00, 0x00, 0x8e, 0x35, 0x83, 0x8e, 0x35, 0xff,
    0x8e, 0x35, 0xff, 0x8e, 0x35, 0xff, 0x8e, 0x35, 0x7b, 0x00, 0x00, 0x00, 0x00, 0x00, 0x00, 0x00, 0x00, 0x00, 0x00, 0x00, 0x00, 0x00, 0x00, 0x00,
    0x00, 0x00, 0x00, 0x00, 0x00, 0x00, 0x00, 0x00, 0x00, 0x00, 0x00, 0x00, 0x00, 0x00, 0x00, 0x00, 0x00, 0x00, 0x00, 0x00, 0x00, 0x00, 0x00, 0x00,
    0x00, 0x00, 0x00, 0x00, 0x00, 0x00, 0x00, 0x00, 0x00, 0x8e, 0x35, 0xb7, 0x8e, 0x35, 0xff, 0x8e, 0x35, 0xff, 0x8e, 0x35, 0xff, 0x8e, 0x35, 0xff,
    0x8e, 0x35, 0xff, 0x8e, 0x35, 0xff, 0x8e, 0x35, 0xff, 0x8e, 0x35, 0xff, 0x8e, 0x35, 0x9f, 0x00, 0x00, 0x00, 0x00, 0x00, 0x00, 0x8e, 0x35, 0x18,
    0x8e, 0x35, 0xf8, 0x8e, 0x35, 0xff, 0x8e, 0x35, 0xff, 0x8e, 0x35, 0xcd, 0x00, 0x00, 0x00, 0x00, 0x00, 0x00, 0x00, 0x00, 0x00, 0x00, 0x00, 0x00,
    0x8e, 0x35, 0xad, 0x8e, 0x35, 0xff, 0x8e, 0x35, 0xff, 0x8e, 0x35, 0xff, 0x8e, 0x35, 0x56, 0x00, 0x00, 0x00, 0x00, 0x00, 0x00, 0x00, 0x00, 0x00,
    0x00, 0x00, 0x00, 0x00, 0x00, 0x00, 0x00, 0x00, 0x00, 0x8e, 0x35, 0xdc, 0x8e, 0x35, 0xff, 0x8e, 0x35, 0xff, 0x8e, 0x35, 0xa4, 0x00, 0x00, 0x00,
    0x8e, 0x35, 0x51, 0x8e, 0x35, 0xf7, 0x8e, 0x35, 0xbc, 0x8e, 0x35, 0x83, 0x8e, 0x35, 0x83, 0x8e, 0x35, 0x83, 0x8e, 0x35, 0x83, 0x8e, 0x35, 0x9b,
    0x8e, 0x35, 0xff, 0x8e, 0x35, 0xff, 0x8e, 0x35, 0xff, 0x8e, 0x35, 0xcd, 0x8e, 0x35, 0x83, 0x8e, 0x35, 0x83, 0x8e, 0x35, 0x83, 0x8e, 0x35, 0x83,
    0x8e, 0x35, 0x83, 0x8e, 0x35, 0xb5, 0x8e, 0x35, 0xa5, 0x8e, 0x35, 0x20, 0x00, 0x00, 0x00, 0x00, 0x00, 0x00, 0x00, 0x00, 0x00, 0x00, 0x00, 0x00,
    0x00, 0x00, 0x00, 0x00, 0x00, 0x00, 0x00, 0x00, 0x00, 0x00, 0x00, 0x00, 0x00, 0x00, 0x00, 0x00, 0x00, 0x00, 0x00, 0x00, 0x00, 0x8e, 0x35, 0x2b,
    0x8e, 0x35, 0xe9, 0x8e, 0x35, 0xff, 0x8e, 0x35, 0xff, 0x8e, 0x35, 0xf7, 0x8e, 0x35, 0x24, 0x00, 0x00, 0x00, 0x00, 0x00, 0x00, 0x00, 0x00, 0x00,
    0x00, 0x00, 0x00, 0x00, 0x00, 0x00, 0x00, 0x00, 0x00, 0x00, 0x00, 0x00, 0x00, 0x00, 0x00, 0x00, 0x00, 0x00, 0x00, 0x00, 0x00, 0x00, 0x00, 0x00,
    0x00, 0x00, 0x00, 0x00, 0x00, 0x00, 0x00, 0x00, 0x00, 0x00, 0x00, 0x00, 0x00, 0x00, 0x00, 0x00, 0x00, 0x00, 0x00, 0x00, 0x00, 0x00, 0x00, 0x00,
    0x00, 0x00, 0x00, 0x00, 0x00, 0x00, 0x8e, 0x35, 0x63, 0x8e, 0x35, 0xff, 0x8e, 0x35, 0xff, 0x8e, 0x35, 0xff, 0x8e, 0x35, 0x2b, 0x00, 0x00, 0x00,
    0x00, 0x00, 0x00, 0x00, 0x00, 0x00, 0x8e, 0x35, 0x80, 0x8e, 0x35, 0xff, 0x8e, 0x35, 0xff, 0x8e, 0x35, 0xff, 0x8e, 0x35, 0x3d, 0x00, 0x00, 0x00,
    0x00, 0x00, 0x00, 0x8e, 0x35, 0xdf, 0x8e, 0x35, 0xff, 0x8e, 0x35, 0xff, 0x8e, 0x35, 0x8f, 0x00, 0x00, 0x00, 0x00, 0x00, 0x00, 0x8e, 0x35, 0xab,
    0x8e, 0x35, 0xff, 0x8e, 0x35, 0xff, 0x8e, 0x35, 0xff, 0x8e, 0x35, 0x13, 0x00, 0x00, 0x00, 0x00, 0x00, 0x00, 0x8e, 0x35, 0x2a, 0x8e, 0x35, 0xda,
    0x8e, 0x35, 0xff, 0x8e, 0x35, 0xff, 0x8e, 0x35, 0xff, 0x8e, 0x35, 0xff, 0x8e, 0x35, 0xff, 0x8e, 0x35, 0xff, 0x8e, 0x35, 0xff, 0x8e, 0x35, 0xce,
    0x00, 0x00, 0x00, 0x8e, 0x35, 0x6d, 0x8e, 0x35, 0xff, 0x8e, 0x35, 0xff, 0x8e, 0x35, 0xff, 0x8e, 0x35, 0xff, 0x8e, 0x35, 0xff, 0x8e, 0x35, 0xff,
    0x8e, 0x35, 0xff, 0x8e, 0x35, 0xff, 0x8e, 0x35, 0xff, 0x8e, 0x35, 0xff, 0x8e, 0x35, 0xff, 0x8e, 0x35, 0xff, 0x8e, 0x35, 0xff, 0x8e, 0x35, 0xff,
    0x8e, 0x35, 0xff, 0x8e, 0x35, 0x8b, 0x00, 0x00, 0x00, 0x00, 0x00, 0x00, 0x00, 0x00, 0x00, 0x00, 0x00, 0x00, 0x00, 0x00, 0x00, 0x00, 0x00, 0x00,
    0x00, 0x00, 0x00, 0x00, 0x00, 0x00, 0x00, 0x00, 0x00, 0x00, 0x00, 0x00, 0x00, 0x00, 0x00, 0x00, 0x00, 0x00, 0x00, 0x00, 0x00, 0x00, 0x00, 0x00,
    0x00, 0x00, 0x00, 0x00, 0x00, 0x00, 0x00, 0x00, 0x00, 0x00, 0x00, 0x00, 0x8e, 0x35, 0x83, 0x8e, 0x35, 0xff, 0x8e, 0x35, 0xff, 0x8e, 0x35, 0xff,
    0x8e, 0x35, 0x7b, 0x00, 0x00, 0x00, 0x00, 0x00, 0x00, 0x00, 0x00, 0x00, 0x00, 0x00, 0x00, 0x00, 0x00, 0x00, 0x00, 0x00, 0x00, 0x00, 0x00, 0x00,
    0x00, 0x00, 0x00, 0x00, 0x00, 0x00, 0x00, 0x00, 0x00, 0x00, 0x00, 0x00, 0x00, 0x00, 0x00, 0x00, 0x00, 0x00, 0x00, 0x00, 0x00, 0x00, 0x00, 0x00,
    0x00, 0x00, 0x00, 0x8e, 0x35, 0xc5, 0x8e, 0x35, 0xff, 0x8e, 0x35, 0xff, 0x8e, 0x35, 0xff, 0x8e, 0x35, 0xff, 0x8e, 0x35, 0xff, 0x8e, 0x35, 0xff,
    0x8e, 0x35, 0xff, 0x8e, 0x35, 0xff, 0x8e, 0x35, 0x9f, 0x00, 0x00, 0x00, 0x00, 0x00, 0x00, 0x00, 0x00, 0x00, 0x8e, 0x35, 0x9a, 0x8e, 0x35, 0xff,
    0x8e, 0x35, 0xff, 0x8e, 0x35, 0xff, 0x8e, 0x35, 0x71, 0x00, 0x00, 0x00, 0x00, 0x00, 0x00, 0x8e, 0x35, 0x51, 0x8e, 0x35, 0xff, 0x8e, 0x35, 0xff,
    0x8e, 0x35, 0xff, 0x8e, 0x35, 0xd9, 0x8e, 0x35, 0x04, 0x00, 0x00, 0x00, 0x00, 0x00, 0x00, 0x00, 0x00, 0x00, 0x00, 0x00, 0x00, 0x00, 0x00, 0x00,
    0x00, 0x00, 0x00, 0x8e, 0x35, 0xf1, 0x8e, 0x35, 0xff, 0x8e, 0x35, 0xff, 0x8e, 0x35, 0x8b, 0x00, 0x00, 0x00, 0x8e, 0x35, 0x99, 0x8e, 0x35, 0xff,
    0x8e, 0x35, 0xfd, 0x8e, 0x35, 0x8b, 0x8e, 0x35, 0x08, 0x00, 0x00, 0x00, 0x00, 0x00, 0x00, 0x8e, 0x35, 0x2f, 0x8e, 0x35, 0xff, 0x8e, 0x35, 0xff,
    0x8e, 0x35, 0xff, 0x8e, 0x35, 0xe7, 0x8e, 0x35, 0x14, 0x00, 0x00, 0x00, 0x00, 0x00, 0x00, 0x00, 0x00, 0x00, 0x8e, 0x35, 0x49, 0x8e, 0x35, 0xf4,
    0x8e, 0x35, 0xe7, 0x8e, 0x35, 0x31, 0x00, 0x00, 0x00, 0x00, 0x00, 0x00, 0x00, 0x00, 0x00, 0x00, 0x00, 0x00, 0x00, 0x00, 0x00, 0x00, 0x00, 0x00,
    0x00, 0x00, 0x00, 0x00, 0x00, 0x00, 0x00, 0x00, 0x00, 0x00, 0x00, 0x00, 0x8e, 0x35, 0x36, 0x8e, 0x35, 0xea, 0x8e, 0x35, 0xff, 0x8e, 0x35, 0xff,
    0x8e, 0x35, 0xff, 0x8e, 0x35, 0xe3, 0x8e, 0x35, 0xaf, 0x8e, 0x35, 0xaf, 0x8e, 0x35, 0xaf, 0x8e, 0x35, 0xaf, 0x8e, 0x35, 0xaf, 0x8e, 0x35, 0xaf,
    0x8e, 0x35, 0xaf, 0x8e, 0x35, 0xaf, 0x8e, 0x35, 0xaf, 0x8e, 0x35, 0xaf, 0x8e, 0x35, 0xbd, 0x8e, 0x35, 0x7a, 0x8e, 0x35, 0x05, 0x00, 0x00, 0x00,
    0x00, 0x00, 0x00, 0x00, 0x00, 0x00, 0x00, 0x00, 0x00, 0x00, 0x00, 0x00, 0x00, 0x00, 0x00, 0x00, 0x00, 0x00, 0x00, 0x00, 0x00, 0x00, 0x00, 0x00,
    0x8e, 0x35, 0x63, 0x8e, 0x35, 0xff, 0x8e, 0x35, 0xff, 0x8e, 0x35, 0xff, 0x8e, 0x35, 0x2b, 0x00, 0x00, 0x00, 0x00, 0x00, 0x00, 0x00, 0x00, 0x00,
    0x8e, 0x35, 0x9f, 0x8e, 0x35, 0xff, 0x8e, 0x35, 0xff, 0x8e, 0x35, 0xff, 0x8e, 0x35, 0x24, 0x00, 0x00, 0x00, 0x00, 0x00, 0x00, 0x8e, 0x35, 0xdf,
    0x8e, 0x35, 0xff, 0x8e, 0x35, 0xff, 0x8e, 0x35, 0x8f, 0x00, 0x00, 0x00, 0x00, 0x00, 0x00, 0x8e, 0x35, 0xab, 0x8e, 0x35, 0xff, 0x8e, 0x35, 0xff,
    0x8e, 0x35, 0xff, 0x8e, 0x35, 0x13, 0x00, 0x00, 0x00, 0x00, 0x00, 0x00, 0x8e, 0x35, 0xd5, 0x8e, 0x35, 0xff, 0x8e, 0x35, 0xff, 0x8e, 0x35, 0xff,
    0x8e, 0x35, 0xff, 0x8e, 0x35, 0xff, 0x8e, 0x35, 0xff, 0x8e, 0x35, 0xff, 0x8e, 0x35, 0xff, 0x8e, 0x35, 0xd3, 0x00, 0x00, 0x00, 0x8e, 0x35, 0x17,
    0x8e, 0x35, 0x43, 0x8e, 0x35, 0x19, 0x8e, 0x35, 0x06, 0x00, 0x00, 0x00, 0x00, 0x00, 0x00, 0x00, 0x00, 0x00, 0x8e, 0x35, 0xd7, 0x8e, 0x35, 0xff,
    0x8e, 0x35, 0xff, 0x8e, 0x35, 0xbf, 0x00, 0x00, 0x00, 0x00, 0x00, 0x00, 0x00, 0x00, 0x00, 0x00, 0x00, 0x00, 0x00, 0x00, 0x00, 0x00, 0x00, 0x00,
    0x00, 0x00, 0x00, 0x00, 0x00, 0x00, 0x00, 0x00, 0x00, 0x00, 0x00, 0x00, 0x00, 0x00, 0x00, 0x00, 0x00, 0x00, 0x00, 0x00, 0x00, 0x00, 0x00, 0x00,
    0x00, 0x00, 0x00, 0x00, 0x00, 0x00, 0x00, 0x00, 0x00, 0x00, 0x00, 0x00, 0x00, 0x00, 0x00, 0x00, 0x00, 0x00, 0x00, 0x00, 0x00, 0x00, 0x00, 0x00,
    0x00, 0x00, 0x00, 0x00, 0x00, 0x00, 0x8e, 0x35, 0x83, 0x8e, 0x35, 0xff, 0x8e, 0x35, 0xff, 0x8e, 0x35, 0xff, 0x8e, 0x35, 0x7b, 0x00, 0x00, 0x00,
    0x00, 0x00, 0x00, 0x00, 0x00, 0x00, 0x00, 0x00, 0x00, 0x00, 0x00, 0x00, 0x00, 0x00, 0x00, 0x00, 0x00, 0x00, 0x00, 0x00, 0x00, 0x00, 0x00, 0x00,
    0x00, 0x00, 0x00, 0x00, 0x00, 0x00, 0x00, 0x00, 0x00, 0x00, 0x00, 0x00, 0x00, 0x00, 0x00, 0x00, 0x00, 0x00, 0x00, 0x00, 0x00, 0x8e, 0x35, 0xd3,
    0x8e, 0x35, 0xff, 0x8e, 0x35, 0xff, 0x8e, 0x35, 0x6c, 0x00, 0x00, 0x00, 0x00, 0x00, 0x00, 0x8e, 0x35, 0x9b, 0x8e, 0x35, 0xff, 0x8e, 0x35, 0xff,
    0x8e, 0x35, 0x9f, 0x00, 0x00, 0x00, 0x00, 0x00, 0x00, 0x00, 0x00, 0x00, 0x8e, 0x35, 0x23, 0x8e, 0x35, 0xf7, 0x8e, 0x35, 0xff, 0x8e, 0x35, 0xff,
    0x8e, 0x35, 0xfa, 0x8e, 0x35, 0x37, 0x8e, 0x35, 0x24, 0x8e, 0x35, 0xf1, 0x8e, 0x35, 0xff, 0x8e, 0x35, 0xff, 0x8e, 0x35, 0xff, 0x8e, 0x35, 0x47,
    0x00, 0x00, 0x00, 0x00, 0x00, 0x00, 0x00, 0x00, 0x00, 0x00, 0x00, 0x00, 0x00, 0x00, 0x00, 0x00, 0x00, 0x00, 0x8e, 0x35, 0x0b, 0x8e, 0x35, 0xff,
    0x8e, 0x35, 0xff, 0x8e, 0x35, 0xff, 0x8e, 0x35, 0x73, 0x8e, 0x35, 0x28, 0x8e, 0x35, 0xf4, 0x8e, 0x35, 0xff, 0x8e, 0x35, 0xff, 0x8e, 0x35, 0xff,
    0x8e, 0x35, 0xd2, 0x8e, 0x35, 0x28, 0x00, 0x00, 0x00, 0x8e, 0x35, 0x2f, 0x8e, 0x35, 0xff, 0x8e, 0x35, 0xff, 0x8e, 0x35, 0xff, 0x8e, 0x35, 0xff,
    0x8e, 0x35, 0xaf, 0x00, 0x00, 0x00, 0x8e, 0x35, 0x01, 0x8e, 0x35, 0x73, 0x8e, 0x35, 0xfb, 0x8e, 0x35, 0xff, 0x8e, 0x35, 0xff, 0x8e, 0x35, 0xf2,
    0x8e, 0x35, 0x41, 0x00, 0x00, 0x00, 0x00, 0x00, 0x00, 0x00, 0x00, 0x00, 0x00, 0x00, 0x00, 0x00, 0x00, 0x00, 0x00, 0x00, 0x00, 0x00, 0x00, 0x00,
    0x00, 0x00, 0x00, 0x8e, 0x35, 0x68, 0x8e, 0x35, 0xf9, 0x8e, 0x35, 0xff, 0x8e, 0x35, 0xff, 0x8e, 0x35, 0xff, 0x8e, 0x35, 0xff, 0x8e, 0x35, 0xff,
    0x8e, 0x35, 0xff, 0x8e, 0x35, 0xff, 0x8e, 0x35, 0xff, 0x8e, 0x35, 0xff, 0x8e, 0x35, 0xff, 0x8e, 0x35, 0xff, 0x8e, 0x35, 0xff, 0x8e, 0x35, 0xff,
    0x8e, 0x35, 0xff, 0x8e, 0x35, 0xff, 0x8e, 0x35, 0xff, 0x8e, 0x35, 0xff, 0x8e, 0x35, 0xd4, 0x8e, 0x35, 0x0d, 0x00, 0x00, 0x00, 0x00, 0x00, 0x00,
    0x00, 0x00, 0x00, 0x00, 0x00, 0x00, 0x00, 0x00, 0x00, 0x00, 0x00, 0x00, 0x00, 0x00, 0x00, 0x00, 0x00, 0x00, 0x8e, 0x35, 0x63, 0x8e, 0x35, 0xff,
    0x8e, 0x35, 0xff, 0x8e, 0x35, 0xff, 0x8e, 0x35, 0x2b, 0x8e, 0x35, 0x10, 0x8e, 0x35, 0x48, 0x00, 0x00, 0x00, 0x8e, 0x35, 0xbf, 0x8e, 0x35, 0xff,
    0x8e, 0x35, 0xff, 0x8e, 0x35, 0xff, 0x8e, 0x35, 0x0c, 0x00, 0x00, 0x00, 0x00, 0x00, 0x00, 0x8e, 0x35, 0xdf, 0x8e, 0x35, 0xff, 0x8e, 0x35, 0xff,
    0x8e, 0x35, 0x8f, 0x00, 0x00, 0x00, 0x00, 0x00, 0x00, 0x8e, 0x35, 0xab, 0x8e, 0x35, 0xff, 0x8e, 0x35, 0xff, 0x8e, 0x35, 0xff, 0x8e, 0x35, 0x13,
    0x00, 0x00, 0x00, 0x00, 0x00, 0x00, 0x8e, 0x35, 0x7b, 0x8e, 0x35, 0xff, 0x8e, 0x35, 0xff, 0x8e, 0x35, 0xff, 0x8e, 0x35, 0xff, 0x8e, 0x35, 0xf7,
    0x8e, 0x35, 0xc1, 0x8e, 0x35, 0x86, 0x8e, 0x35, 0x4d, 0x8e, 0x35, 0x14, 0x00, 0x00, 0x00, 0x00, 0x00, 0x00, 0x8e, 0x35, 0x12, 0x8e, 0x35, 0x95,
    0x8e, 0x35, 0x4a, 0x8e, 0x35, 0x09, 0x00, 0x00, 0x00, 0x00, 0x00, 0x00, 0x8e, 0x35, 0xd7, 0x8e, 0x35, 0xff, 0x8e, 0x35, 0xff, 0x8e, 0x35, 0xbf,
    0x00, 0x00, 0x00, 0x00, 0x00, 0x00, 0x8e, 0x35, 0x1d, 0x8e, 0x35, 0x6d, 0x00, 0x00, 0x00, 0x00, 0x00, 0x00, 0x00, 0x00, 0x00, 0x00, 0x00, 0x00,
    0x00, 0x00, 0x00, 0x00, 0x00, 0x00, 0x00, 0x00, 0x00, 0x00, 0x00, 0x00, 0x00, 0x00, 0x00, 0x00, 0x00, 0x00, 0x00, 0x00, 0x00, 0x00, 0x00, 0x00,
    0x00, 0x00, 0x00, 0x00, 0x00, 0x00, 0x00, 0x00, 0x00, 0x00, 0x00, 0x00, 0x00, 0x00, 0x00, 0x00, 0x00, 0x00, 0x00, 0x00, 0x00, 0x00, 0x00, 0x00,
    0x8e, 0x35, 0x83, 0x8e, 0x35, 0xff, 0x8e, 0x35, 0xff, 0x8e, 0x35, 0xff, 0x8e, 0x35, 0x7b, 0x00, 0x00, 0x00, 0x00, 0x00, 0x00, 0x00, 0x00, 0x00,
    0x00, 0x00, 0x00, 0x00, 0x00, 0x00, 0x00, 0x00, 0x00, 0x00, 0x00, 0x00, 0x00, 0x00, 0x00, 0x00, 0x00, 0x00, 0x00, 0x00, 0x00, 0x00, 0x00, 0x00,
    0x00, 0x00, 0x00, 0x00, 0x00, 0x00, 0x00, 0x00, 0x00, 0x00, 0x00, 0x00, 0x00, 0x00, 0x00, 0x8e, 0x35, 0xe8, 0x8e, 0x35, 0xff, 0x8e, 0x35, 0xff,
    0x8e, 0x35, 0x4f, 0x00, 0x00, 0x00, 0x00, 0x00, 0x00, 0x8e, 0x35, 0x9b, 0x8e, 0x35, 0xff, 0x8e, 0x35, 0xff, 0x8e, 0x35, 0x9f, 0x00, 0x00, 0x00,
    0x00, 0x00, 0x00, 0x00, 0x00, 0x00, 0x00, 0x00, 0x00, 0x8e, 0x35, 0x72, 0x8e, 0x35, 0xff, 0x8e, 0x35, 0xff, 0x8e, 0x35, 0xff, 0x8e, 0x35, 0xe1,
    0x8e, 0x35, 0xd2, 0x8e, 0x35, 0xff, 0x8e, 0x35, 0xff, 0x8e, 0x35, 0xff, 0x8e, 0x35, 0xae, 0x00, 0x00, 0x00, 0x00, 0x00, 0x00, 0x00, 0x00, 0x00,
    0x00, 0x00, 0x00, 0x00, 0x00, 0x00, 0x00, 0x00, 0x00, 0x00, 0x00, 0x00, 0x8e, 0x35, 0x38, 0x8e, 0x35, 0xff, 0x8e, 0x35, 0xff, 0x8e, 0x35, 0xff,
    0x8e, 0x35, 0x59, 0x00, 0x00, 0x00, 0x8e, 0x35, 0x26, 0x8e, 0x35, 0xce, 0x8e, 0x35, 0xff, 0x8e, 0x35, 0xff, 0x8e, 0x35, 0xff, 0x8e, 0x35, 0xc3,
    0x00, 0x00, 0x00, 0x8e, 0x35, 0x3c, 0x8e, 0x35, 0xff, 0x8e, 0x35, 0xff, 0x8e, 0x35, 0xff, 0x8e, 0x35, 0xff, 0x8e, 0x35, 0xff, 0x8e, 0x35, 0x74,
    0x8e, 0x35, 0xb4, 0x8e, 0x35, 0xff, 0x8e, 0x35, 0xff, 0x8e, 0x35, 0xff, 0x8e, 0x35, 0xff, 0x8e, 0x35, 0xab, 0x8e, 0x35, 0x17, 0x00, 0x00, 0x00,
    0x00, 0x00, 0x00, 0x00, 0x00, 0x00, 0x00, 0x00, 0x00, 0x00, 0x00, 0x00, 0x00, 0x00, 0x00, 0x8e, 0x35, 0x33, 0x8e, 0x35, 0xc4, 0x8e, 0x35, 0xff,
    0x8e, 0x35, 0xff, 0x8e, 0x35, 0xff, 0x8e, 0x35, 0xff, 0x8e, 0x35, 0xff, 0x8e, 0x35, 0xff, 0x8e, 0x35, 0xff, 0x8e, 0x35, 0xff, 0x8e, 0x35, 0xff,
    0x8e, 0x35, 0xff, 0x8e, 0x35, 0xff, 0x8e, 0x35, 0xff, 0x8e, 0x35, 0xff, 0x8e, 0x35, 0xff, 0x8e, 0x35, 0xff, 0x8e, 0x35, 0xff, 0x8e, 0x35, 0xff,
    0x8e, 0x35, 0xff, 0x8e, 0x35, 0xff, 0x8e, 0x35, 0x72, 0x00, 0x00, 0x00, 0x00, 0x00, 0x00, 0x00, 0x00, 0x00, 0x00, 0x00, 0x00, 0x00, 0x00, 0x00,
    0x00, 0x00, 0x00, 0x00, 0x00, 0x00, 0x00, 0x00, 0x00, 0x00, 0x00, 0x00, 0x8e, 0x35, 0x63, 0x8e, 0x35, 0xff, 0x8e, 0x35, 0xff, 0x8e, 0x35, 0xff,
    0x8e, 0x35, 0x47, 0x8e, 0x35, 0xd3, 0x8e, 0x35, 0xd2, 0x8e, 0x35, 0x01, 0x8e, 0x35, 0xef, 0x8e, 0x35, 0xff, 0x8e, 0x35, 0xff, 0x8e, 0x35, 0xf4,
    0x00, 0x00, 0x00, 0x00, 0x00, 0x00, 0x00, 0x00, 0x00, 0x8e, 0x35, 0xdf, 0x8e, 0x35, 0xff, 0x8e, 0x35, 0xff, 0x8e, 0x35, 0x8f, 0x00, 0x00, 0x00,
    0x00, 0x00, 0x00, 0x8e, 0x35, 0xab, 0x8e, 0x35, 0xff, 0x8e, 0x35, 0xff, 0x8e, 0x35, 0xff, 0x8e, 0x35, 0x13, 0x00, 0x00, 0x00, 0x00, 0x00, 0x00,
    0x8e, 0x35, 0x25, 0x8e, 0x35, 0xff, 0x8e, 0x35, 0xce, 0x8e, 0x35, 0x81, 0x8e, 0x35, 0x3d, 0x8e, 0x35, 0x06, 0x00, 0x00, 0x00, 0x00, 0x00, 0x00,
    0x00, 0x00, 0x00, 0x8e, 0x35, 0x04, 0x00, 0x00, 0x00, 0x00, 0x00, 0x00, 0x8e, 0x35, 0x76, 0x8e, 0x35, 0xff, 0x8e, 0x35, 0xff, 0x8e, 0x35, 0xf6,
    0x8e, 0x35, 0x37, 0x00, 0x00, 0x00, 0x8e, 0x35, 0xd7, 0x8e, 0x35, 0xff, 0x8e, 0x35, 0xff, 0x8e, 0x35, 0xbf, 0x8e, 0x35, 0x10, 0x8e, 0x35, 0x9e,
    0x8e, 0x35, 0xfa, 0x8e, 0x35, 0xff, 0x8e, 0x35, 0x42, 0x00, 0x00, 0x00, 0x00, 0x00, 0x00, 0x00, 0x00, 0x00, 0x00, 0x00, 0x00, 0x00, 0x00, 0x00,
    0x00, 0x00, 0x00, 0x00, 0x00, 0x00, 0x00, 0x00, 0x00, 0x00, 0x00, 0x00, 0x00, 0x00, 0x00, 0x00, 0x00, 0x00, 0x00, 0x00, 0x00, 0x00, 0x00, 0x00,
    0x00, 0x00, 0x00, 0x00, 0x00, 0x00, 0x00, 0x00, 0x00, 0x00, 0x00, 0x00, 0x00, 0x00, 0x00, 0x00, 0x00, 0x00, 0x8e, 0x35, 0x83, 0x8e, 0x35, 0xff,
    0x8e, 0x35, 0xff, 0x8e, 0x35, 0xff, 0x8e, 0x35, 0x7b, 0x00, 0x00, 0x00, 0x00, 0x00, 0x00, 0x00, 0x00, 0x00, 0x00, 0x00, 0x00, 0x00, 0x00, 0x00,
    0x00, 0x00, 0x00, 0x00, 0x00, 0x00, 0x00, 0x00, 0x00, 0x00, 0x00, 0x00, 0x00, 0x00, 0x00, 0x00, 0x00, 0x00, 0x00, 0x00, 0x00, 0x00, 0x00, 0x00,
    0x00, 0x00, 0x00, 0x00, 0x00, 0x00, 0x8e, 0x35, 0x0a, 0x8e, 0x35, 0xff, 0x8e, 0x35, 0xff, 0x8e, 0x35, 0xff, 0x8e, 0x35, 0x31, 0x00, 0x00, 0x00,
    0x00, 0x00, 0x00, 0x8e, 0x35, 0x9b, 0x8e, 0x35, 0xff, 0x8e, 0x35, 0xff, 0x8e, 0x35, 0x9f, 0x00, 0x00, 0x00, 0x00, 0x00, 0x00, 0x00, 0x00, 0x00,
    0x00, 0x00, 0x00, 0x8e, 0x35, 0x02, 0x8e, 0x35, 0xc0, 0x8e, 0x35, 0xff, 0x8e, 0x35, 0xff, 0x8e, 0x35, 0xff, 0x8e, 0x35, 0xff, 0x8e, 0x35, 0xff,
    0x8e, 0x35, 0xff, 0x8e, 0x35, 0xe2, 0x8e, 0x35, 0x14, 0x00, 0x00, 0x00, 0x00, 0x00, 0x00, 0x00, 0x00, 0x00, 0x00, 0x00, 0x00, 0x00, 0x00, 0x00,
    0x00, 0x00, 0x00, 0x00, 0x00, 0x00, 0x8e, 0x35, 0x69, 0x8e, 0x35, 0xff, 0x8e, 0x35, 0xff, 0x8e, 0x35, 0xff, 0x8e, 0x35, 0x29, 0x00, 0x00, 0x00,
    0x00, 0x00, 0x00, 0x8e, 0x35, 0x06, 0x8e, 0x35, 0x9a, 0x8e, 0x35, 0xff, 0x8e, 0x35, 0xe9, 0x8e, 0x35, 0x51, 0x8e, 0x35, 0xa1, 0x8e, 0x35, 0xf9,
    0x8e, 0x35, 0xff, 0x8e, 0x35, 0xff, 0x8e, 0x35, 0xff, 0x8e, 0x35, 0xff, 0x8e, 0x35, 0xff, 0x8e, 0x35, 0xff, 0x8e, 0x35, 0xff, 0x8e, 0x35, 0xff,
    0x8e, 0x35, 0xff, 0x8e, 0x35, 0xe7, 0x8e, 0x35, 0x52, 0x00, 0x00, 0x00, 0x00, 0x00, 0x00, 0x00, 0x00, 0x00, 0x00, 0x00, 0x00, 0x00, 0x00, 0x00,
    0x00, 0x00, 0x00, 0x8e, 0x35, 0x16, 0x8e, 0x35, 0x9b, 0x8e, 0x35, 0xfd, 0x8e, 0x35, 0xff, 0x8e, 0x35, 0xff, 0x8e, 0x35, 0xff, 0x8e, 0x35, 0xff,
    0x8e, 0x35, 0xff, 0x8e, 0x35, 0xff, 0x8e, 0x35, 0xae, 0x8e, 0x35, 0x17, 0x00, 0x00, 0x00, 0x00, 0x00, 0x00, 0x00, 0x00, 0x00, 0x00, 0x00, 0x00,
    0x00, 0x00, 0x00, 0x8e, 0x35, 0x03, 0x8e, 0x35, 0x70, 0x8e, 0x35, 0xf3, 0x8e, 0x35, 0xff, 0x8e, 0x35, 0xff, 0x8e, 0x35, 0xff, 0x8e, 0x35, 0x8b,
    0x00, 0x00, 0x00, 0x00, 0x00, 0x00, 0x00, 0x00, 0x00, 0x00, 0x00, 0x00, 0x00, 0x00, 0x00, 0x00, 0x00, 0x00, 0x00, 0x00, 0x00, 0x00, 0x00, 0x00,
    0x00, 0x00, 0x00, 0x00, 0x00, 0x00, 0x8e, 0x35, 0x63, 0x8e, 0x35, 0xff, 0x8e, 0x35, 0xff, 0x8e, 0x35, 0xff, 0x8e, 0x35, 0xf2, 0x8e, 0x35, 0xff,
    0x8e, 0x35, 0xff, 0x8e, 0x35, 0x6b, 0x8e, 0x35, 0xff, 0x8e, 0x35, 0xff, 0x8e, 0x35, 0xff, 0x8e, 0x35, 0xc8, 0x00, 0x00, 0x00, 0x00, 0x00, 0x00,
    0x00, 0x00, 0x00, 0x8e, 0x35, 0xdf, 0x8e, 0x35, 0xff, 0x8e, 0x35, 0xff, 0x8e, 0x35, 0x8f, 0x00, 0x00, 0x00, 0x00, 0x00, 0x00, 0x8e, 0x35, 0xab,
    0x8e, 0x35, 0xff, 0x8e, 0x35, 0xff, 0x8e, 0x35, 0xff, 0x8e, 0x35, 0x13, 0x00, 0x00, 0x00, 0x00, 0x00, 0x00, 0x00, 0x00, 0x00, 0x8e, 0x35, 0x28,
    0x00, 0x00, 0x00, 0x00, 0x00, 0x00, 0x00, 0x00, 0x00, 0x00, 0x00, 0x00, 0x8e, 0x35, 0x19, 0x8e, 0x35, 0x75, 0x8e, 0x35, 0xd6, 0x8e, 0x35, 0x59,
    0x00, 0x00, 0x00, 0x8e, 0x35, 0x0b, 0x8e, 0x35, 0xe7, 0x8e, 0x35, 0xff, 0x8e, 0x35, 0xff, 0x8e, 0x35, 0xc9, 0x00, 0x00, 0x00, 0x00, 0x00, 0x00,
    0x8e, 0x35, 0xd7, 0x8e, 0x35, 0xff, 0x8e, 0x35, 0xff, 0x8e, 0x35, 0xbf, 0x8e, 0x35, 0x04, 0x8e, 0x35, 0xde, 0x8e, 0x35, 0xff, 0x8e, 0x35, 0xff,
    0x8e, 0x35, 0xc9, 0x00, 0x00, 0x00, 0x00, 0x00, 0x00, 0x00, 0x00, 0x00, 0x00, 0x00, 0x00, 0x00, 0x00, 0x00, 0x00, 0x00, 0x00, 0x00, 0x00, 0x00,
    0x00, 0x00, 0x00, 0x00, 0x00, 0x00, 0x00, 0x00, 0x00, 0x00, 0x00, 0x00, 0x00, 0x00, 0x00, 0x00, 0x00, 0x00, 0x00, 0x00, 0x00, 0x00, 0x00, 0x00,
    0x00, 0x00, 0x00, 0x00, 0x00, 0x00, 0x00, 0x00, 0x00, 0x00, 0x00, 0x00, 0x8e, 0x35, 0x83, 0x8e, 0x35, 0xff, 0x8e, 0x35, 0xff, 0x8e, 0x35, 0xff,
    0x8e, 0x35, 0x7b, 0x00, 0x00, 0x00, 0x00, 0x00, 0x00, 0x00, 0x00, 0x00, 0x00, 0x00, 0x00, 0x00, 0x00, 0x00, 0x00, 0x00, 0x00, 0x00, 0x00, 0x00,
    0x00, 0x00, 0x00, 0x00, 0x00, 0x00, 0x00, 0x00, 0x00, 0x00, 0x00, 0x00, 0x00, 0x00, 0x00, 0x00, 0x00, 0x00, 0x00, 0x00, 0x00, 0x00, 0x00, 0x00,
    0x8e, 0x35, 0x2c, 0x8e, 0x35, 0xff, 0x8e, 0x35, 0xff, 0x8e, 0x35, 0xff, 0x8e, 0x35, 0x14, 0x00, 0x00, 0x00, 0x00, 0x00, 0x00, 0x8e, 0x35, 0x9b,
    0x8e, 0x35, 0xff, 0x8e, 0x35, 0xff, 0x8e, 0x35, 0x9f, 0x00, 0x00, 0x00, 0x00, 0x00, 0x00, 0x00, 0x00, 0x00, 0x00, 0x00, 0x00, 0x00, 0x00, 0x00,
    0x8e, 0x35, 0x20, 0x8e, 0x35, 0xf2, 0x8e, 0x35, 0xff, 0x8e, 0x35, 0xff, 0x8e, 0x35, 0xff, 0x8e, 0x35, 0xff, 0x8e, 0x35, 0xf8, 0x8e, 0x35, 0x35,
    0x00, 0x00, 0x00, 0x00, 0x00, 0x00, 0x00, 0x00, 0x00, 0x00, 0x00, 0x00, 0x00, 0x00, 0x00, 0x00, 0x00, 0x00, 0x00, 0x00, 0x00, 0x00, 0x00, 0x00,
    0x8e, 0x35, 0x9a, 0x8e, 0x35, 0xff, 0x8e, 0x35, 0xff, 0x8e, 0x35, 0xf3, 0x8e, 0x35, 0x02, 0x00, 0x00, 0x00, 0x00, 0x00, 0x00, 0x00, 0x00, 0x00,
    0x8e, 0x35, 0x02, 0x8e, 0x35, 0xa8, 0x8e, 0x35, 0xf0, 0x8e, 0x35, 0xff, 0x8e, 0x35, 0xff, 0x8e, 0x35, 0xff, 0x8e, 0x35, 0xff, 0x8e, 0x35, 0xff,
    0x8e, 0x35, 0xff, 0x8e, 0x35, 0xff, 0x8e, 0x35, 0xff, 0x8e, 0x35, 0xff, 0x8e, 0x35, 0xff, 0x8e, 0x35, 0xff, 0x8e, 0x35, 0xa0, 0x8e, 0x35, 0x11,
    0x00, 0x00, 0x00, 0x00, 0x00, 0x00, 0x00, 0x00, 0x00, 0x00, 0x00, 0x00, 0x00, 0x00, 0x00, 0x00, 0x00, 0x00, 0x00, 0x00, 0x00, 0x8e, 0x35, 0x18,
    0x8e, 0x35, 0xcc, 0x8e, 0x35, 0xff, 0x8e, 0x35, 0xff, 0x8e, 0x35, 0xff, 0x8e, 0x35, 0xbc, 0x8e, 0x35, 0x5d, 0x8e, 0x35, 0xef, 0x8e, 0x35, 0xff,
    0x8e, 0x35, 0xff, 0x8e, 0x35, 0xec, 0x8e, 0x35, 0x6c, 0x8e, 0x35, 0x0a, 0x00, 0x00, 0x00, 0x8e, 0x35, 0x01, 0x8e, 0x35, 0x4d, 0x8e, 0x35, 0xcd,
    0x8e, 0x35, 0xff, 0x8e, 0x35, 0xff, 0x8e, 0x35, 0xff, 0x8e, 0x35, 0xff, 0x8e, 0x35, 0x96, 0x8e, 0x35, 0x01, 0x00, 0x00, 0x00, 0x00, 0x00, 0x00,
    0x00, 0x00, 0x00, 0x00, 0x00, 0x00, 0x00, 0x00, 0x00, 0x00, 0x00, 0x00, 0x00, 0x00, 0x00, 0x00, 0x00, 0x00, 0x00, 0x00, 0x00, 0x00, 0x00, 0x00,
    0x8e, 0x35, 0x63, 0x8e, 0x35, 0xff, 0x8e, 0x35, 0xff, 0x8e, 0x35, 0xff, 0x8e, 0x35, 0xff, 0x8e, 0x35, 0xff, 0x8e, 0x35, 0xff, 0x8e, 0x35, 0xf4,
    0x8e, 0x35, 0xff, 0x8e, 0x35, 0xff, 0x8e, 0x35, 0xff, 0x8e, 0x35, 0x8d, 0x00, 0x00, 0x00, 0x00, 0x00, 0x00, 0x00, 0x00, 0x00, 0x8e, 0x35, 0xdf,
    0x8e, 0x35, 0xff, 0x8e, 0x35, 0xff, 0x8e, 0x35, 0x8f, 0x00, 0x00, 0x00, 0x00, 0x00, 0x00, 0x8e, 0x35, 0xab, 0x8e, 0x35, 0xff, 0x8e, 0x35, 0xff,
    0x8e, 0x35, 0xff, 0x8e, 0x35, 0x13, 0x00, 0x00, 0x00, 0x00, 0x00, 0x00, 0x00, 0x00, 0x00, 0x00, 0x00, 0x00, 0x00, 0x00, 0x00, 0x8e, 0x35, 0x07,
    0x8e, 0x35, 0x55, 0x8e, 0x35, 0xb4, 0x8e, 0x35, 0xfc, 0x8e, 0x35, 0xff, 0x8e, 0x35, 0xff, 0x8e, 0x35, 0x91, 0x00, 0x00, 0x00, 0x8e, 0x35, 0x80,
    0x8e, 0x35, 0xff, 0x8e, 0x35, 0xff, 0x8e, 0x35, 0xff, 0x8e, 0x35, 0x40, 0x00, 0x00, 0x00, 0x00, 0x00, 0x00, 0x8e, 0x35, 0xd7, 0x8e, 0x35, 0xff,
    0x8e, 0x35, 0xff, 0x8e, 0x35, 0xbf, 0x00, 0x00, 0x00, 0x8e, 0x35, 0x66, 0x8e, 0x35, 0xff, 0x8e, 0x35, 0xff, 0x8e, 0x35, 0xff, 0x8e, 0x35, 0x52,
    0x00, 0x00, 0x00, 0x00, 0x00, 0x00, 0x00, 0x00, 0x00, 0x00, 0x00, 0x00, 0x00, 0x00, 0x00, 0x00, 0x00, 0x00, 0x00, 0x00, 0x00, 0x00, 0x00, 0x00,
    0x00, 0x00, 0x00, 0x00, 0x00, 0x00, 0x00, 0x00, 0x00, 0x00, 0x00, 0x00, 0x00, 0x00, 0x00, 0x00, 0x00, 0x00, 0x00, 0x00, 0x00, 0x00, 0x00, 0x00,
    0x00, 0x00, 0x00, 0x00, 0x00, 0x00, 0x8e, 0x35, 0x83, 0x8e, 0x35, 0xff, 0x8e, 0x35, 0xff, 0x8e, 0x35, 0xff, 0x8e, 0x35, 0x7b, 0x00, 0x00, 0x00,
    0x00, 0x00, 0x00, 0x00, 0x00, 0x00, 0x00, 0x00, 0x00, 0x00, 0x00, 0x00, 0x00, 0x00, 0x00, 0x00, 0x00, 0x00, 0x00, 0x00, 0x00, 0x00, 0x00, 0x00,
    0x00, 0x00, 0x00, 0x00, 0x00, 0x00, 0x00, 0x00, 0x00, 0x00, 0x00, 0x00, 0x00, 0x00, 0x00, 0x00, 0x00, 0x00, 0x8e, 0x35, 0x4e, 0x8e, 0x35, 0xff,
    0x8e, 0x35, 0xff, 0x8e, 0x35, 0xf7, 0x00, 0x00, 0x00, 0x00, 0x00, 0x00, 0x00, 0x00, 0x00, 0x8e, 0x35, 0x9b, 0x8e, 0x35, 0xff, 0x8e, 0x35, 0xff,
    0x8e, 0x35, 0x9f, 0x00, 0x00, 0x00, 0x00, 0x00, 0x00, 0x00, 0x00, 0x00, 0x00, 0x00, 0x00, 0x8e, 0x35, 0x0b, 0x8e, 0x35, 0x85, 0x8e, 0x35, 0xf8,
    0x8e, 0x35, 0xff, 0x8e, 0x35, 0xff, 0x8e, 0x35, 0xff, 0x8e, 0x35, 0xff, 0x8e, 0x35, 0xf8, 0x8e, 0x35, 0x82, 0x8e, 0x35, 0x0a, 0x00, 0x00, 0x00,
    0x00, 0x00, 0x00, 0x00, 0x00, 0x00, 0x00, 0x00, 0x00, 0x00, 0x00, 0x00, 0x00, 0x00, 0x00, 0x00, 0x00, 0x00, 0x8e, 0x35, 0xcb, 0x8e, 0x35, 0xff,
    0x8e, 0x35, 0xff, 0x8e, 0x35, 0xc2, 0x00, 0x00, 0x00, 0x00, 0x00, 0x00, 0x8e, 0x35, 0x16, 0x8e, 0x35, 0x78, 0x8e, 0x35, 0xe0, 0x8e, 0x35, 0xff,
    0x8e, 0x35, 0xff, 0x8e, 0x35, 0xff, 0x8e, 0x35, 0xff, 0x8e, 0x35, 0xff, 0x8e, 0x35, 0xff, 0x8e, 0x35, 0xff, 0x8e, 0x35, 0xff, 0x8e, 0x35, 0xba,
    0x8e, 0x35, 0xe8, 0x8e, 0x35, 0xff, 0x8e, 0x35, 0xff, 0x8e, 0x35, 0xff, 0x8e, 0x35, 0xc9, 0x8e, 0x35, 0x3d, 0x00, 0x00, 0x00, 0x00, 0x00, 0x00,
    0x00, 0x00, 0x00, 0x00, 0x00, 0x00, 0x00, 0x00, 0x00, 0x00, 0x00, 0x00, 0x00, 0x00, 0x00, 0x00, 0x00, 0x00, 0x8e, 0x35, 0x0b, 0x8e, 0x35, 0xc1,
    0x8e, 0x35, 0xf5, 0x8e, 0x35, 0x6c, 0x8e, 0x35, 0x01, 0x00, 0x00, 0x00, 0x8e, 0x35, 0x24, 0x8e, 0x35, 0xd5, 0x8e, 0x35, 0xff, 0x8e, 0x35, 0xff,
    0x8e, 0x35, 0xff, 0x8e, 0x35, 0xeb, 0x8e, 0x35, 0x92, 0x8e, 0x35, 0xd9, 0x8e, 0x35, 0xff, 0x8e, 0x35, 0xff, 0x8e, 0x35, 0xff, 0x8e, 0x35, 0xff,
    0x8e, 0x35, 0xe9, 0x8e, 0x35, 0x4f, 0x00, 0x00, 0x00, 0x00, 0x00, 0x00, 0x00, 0x00, 0x00, 0x00, 0x00, 0x00, 0x00, 0x00, 0x00, 0x00, 0x00, 0x00,
    0x00, 0x00, 0x00, 0x00, 0x00, 0x00, 0x00, 0x00, 0x00, 0x00, 0x00, 0x00, 0x00, 0x00, 0x00, 0x00, 0x00, 0x00, 0x8e, 0x35, 0x70, 0x8e, 0x35, 0xff,
    0x8e, 0x35, 0xff, 0x8e, 0x35, 0xff, 0x8e, 0x35, 0xff, 0x8e, 0x35, 0xff, 0x8e, 0x35, 0xc3, 0x8e, 0x35, 0xcd, 0x8e, 0x35, 0xff, 0x8e, 0x35, 0xff,
    0x8e, 0x35, 0xff, 0x8e, 0x35, 0x53, 0x00, 0x00, 0x00, 0x00, 0x00, 0x00, 0x00, 0x00, 0x00, 0x8e, 0x35, 0xdf, 0x8e, 0x35, 0xff, 0x8e, 0x35, 0xff,
    0x8e, 0x35, 0x8f, 0x00, 0x00, 0x00, 0x00, 0x00, 0x00, 0x8e, 0x35, 0xab, 0x8e, 0x35, 0xff, 0x8e, 0x35, 0xff, 0x8e, 0x35, 0xff, 0x8e, 0x35, 0x13,
    0x00, 0x00, 0x00, 0x00, 0x00, 0x00, 0x8e, 0x35, 0x01, 0x8e, 0x35, 0x3d, 0x8e, 0x35, 0x98, 0x8e, 0x35, 0xef, 0x8e, 0x35, 0xff, 0x8e, 0x35, 0xff,
    0x8e, 0x35, 0xff, 0x8e, 0x35, 0xff, 0x8e, 0x35, 0xff, 0x8e, 0x35, 0xb5, 0x8e, 0x35, 0x28, 0x8e, 0x35, 0xf7, 0x8e, 0x35, 0xff, 0x8e, 0x35, 0xff,
    0x8e, 0x35, 0xb5, 0x00, 0x00, 0x00, 0x00, 0x00, 0x00, 0x00, 0x00, 0x00, 0x8e, 0x35, 0xd7, 0x8e, 0x35, 0xff, 0x8e, 0x35, 0xff, 0x8e, 0x35, 0xbf,
    0x00, 0x00, 0x00, 0x8e, 0x35, 0x06, 0x8e, 0x35, 0xe4, 0x8e, 0x35, 0xff, 0x8e, 0x35, 0xff, 0x8e, 0x35, 0xd3, 0x8e, 0x35, 0x01, 0x00, 0x00, 0x00,
    0x00, 0x00, 0x00, 0x00, 0x00, 0x00, 0x00, 0x00, 0x00, 0x00, 0x00, 0x00, 0x00, 0x00, 0x00, 0x8e, 0x35, 0x80, 0x8e, 0x35, 0xbf, 0x8e, 0x35, 0xbf,
    0x8e, 0x35, 0xbf, 0x8e, 0x35, 0xbf, 0x8e, 0x35, 0xbf, 0x8e, 0x35, 0xbf, 0x8e, 0x35, 0xbf, 0x8e, 0x35, 0xbf, 0x8e, 0x35, 0xbf, 0x8e, 0x35, 0xbf,
    0x8e, 0x35, 0xe0, 0x8e, 0x35, 0xff, 0x8e, 0x35, 0xff, 0x8e, 0x35, 0xff, 0x8e, 0x35, 0xde, 0x8e, 0x35, 0xbf, 0x8e, 0x35, 0xbf, 0x8e, 0x35, 0xbf,
    0x8e, 0x35, 0xbf, 0x8e, 0x35, 0xbf, 0x8e, 0x35, 0xbf, 0x8e, 0x35, 0xbf, 0x8e, 0x35, 0xbf, 0x8e, 0x35, 0xbf, 0x8e, 0x35, 0xbf, 0x8e, 0x35, 0xbf,
    0x8e, 0x35, 0xbf, 0x8e, 0x35, 0x86, 0x00, 0x00, 0x00, 0x00, 0x00, 0x00, 0x8e, 0x35, 0x7b, 0x8e, 0x35, 0xff, 0x8e, 0x35, 0xff, 0x8e, 0x35, 0xd9,
    0x00, 0x00, 0x00, 0x00, 0x00, 0x00, 0x00, 0x00, 0x00, 0x8e, 0x35, 0x9b, 0x8e, 0x35, 0xff, 0x8e, 0x35, 0xff, 0x8e, 0x35, 0x9f, 0x00, 0x00, 0x00,
    0x00, 0x00, 0x00, 0x8e, 0x35, 0x02, 0x8e, 0x35, 0x59, 0x8e, 0x35, 0xe4, 0x8e, 0x35, 0xff, 0x8e, 0x35, 0xff, 0x8e, 0x35, 0xff, 0x8e, 0x35, 0xff,
    0x8e, 0x35, 0xff, 0x8e, 0x35, 0xff, 0x8e, 0x35, 0xff, 0x8e, 0x35, 0xff, 0x8e, 0x35, 0xe1, 0x8e, 0x35, 0x55, 0x8e, 0x35, 0x01, 0x00, 0x00, 0x00,
    0x00, 0x00, 0x00, 0x00, 0x00, 0x00, 0x00, 0x00, 0x00, 0x8e, 0x35, 0x1e, 0x8e, 0x35, 0xfd, 0x8e, 0x35, 0xff, 0x8e, 0x35, 0xff, 0x8e, 0x35, 0x8e,
    0x8e, 0x35, 0x3f, 0x8e, 0x35, 0xab, 0x8e, 0x35, 0xfa, 0x8e, 0x35, 0xff, 0x8e, 0x35, 0xff, 0x8e, 0x35, 0xff, 0x8e, 0x35, 0xff, 0x8e, 0x35, 0xfe,
    0x8e, 0x35, 0xac, 0x8e, 0x35, 0x5b, 0x8e, 0x35, 0xff, 0x8e, 0x35, 0xff, 0x8e, 0x35, 0xff, 0x8e, 0x35, 0x97, 0x8e, 0x35, 0x30, 0x8e, 0x35, 0xf1,
    0x8e, 0x35, 0xff, 0x8e, 0x35, 0xff, 0x8e, 0x35, 0xff, 0x8e, 0x35, 0xff, 0x8e, 0x35, 0xb0, 0x8e, 0x35, 0x48, 0x8e, 0x35, 0x06, 0x00, 0x00, 0x00,
    0x00, 0x00, 0x00, 0x00, 0x00, 0x00, 0x00, 0x00, 0x00, 0x00, 0x00, 0x00, 0x00, 0x00, 0x00, 0x8e, 0x35, 0x0c, 0x8e, 0x35, 0x23, 0x00, 0x00, 0x00,
    0x00, 0x00, 0x00, 0x00, 0x00, 0x00, 0x00, 0x00, 0x00, 0x8e, 0x35, 0x18, 0x8e, 0x35, 0xd3, 0x8e, 0x35, 0xff, 0x8e, 0x35, 0xff, 0x8e, 0x35, 0xff,
    0x8e, 0x35, 0xff, 0x8e, 0x35, 0xff, 0x8e, 0x35, 0xff, 0x8e, 0x35, 0xff, 0x8e, 0x35, 0xff, 0x8e, 0x35, 0xbb, 0x8e, 0x35, 0x15, 0x00, 0x00, 0x00,
    0x00, 0x00, 0x00, 0x00, 0x00, 0x00, 0x00, 0x00, 0x00, 0x00, 0x00, 0x00, 0x00, 0x00, 0x00, 0x00, 0x00, 0x00, 0x00, 0x00, 0x00, 0x00, 0x00, 0x00,
    0x00, 0x00, 0x00, 0x00, 0x00, 0x00, 0x00, 0x00, 0x00, 0x00, 0x00, 0x00, 0x8e, 0x35, 0x9d, 0x8e, 0x35, 0xff, 0x8e, 0x35, 0xff, 0x8e, 0x35, 0xff,
    0x8e, 0x35, 0xff, 0x8e, 0x35, 0xb6, 0x8e, 0x35, 0x2b, 0x8e, 0x35, 0xfe, 0x8e, 0x35, 0xff, 0x8e, 0x35, 0xff, 0x8e, 0x35, 0xff, 0x8e, 0x35, 0x1a,
    0x00, 0x00, 0x00, 0x00, 0x00, 0x00, 0x00, 0x00, 0x00, 0x8e, 0x35, 0xdf, 0x8e, 0x35, 0xff, 0x8e, 0x35, 0xff, 0x8e, 0x35, 0x8f, 0x00, 0x00, 0x00,
    0x00, 0x00, 0x00, 0x8e, 0x35, 0xab, 0x8e, 0x35, 0xff, 0x8e, 0x35, 0xff, 0x8e, 0x35, 0xff, 0x8e, 0x35, 0x13, 0x00, 0x00, 0x00, 0x00, 0x00, 0x00,
    0x8e, 0x35, 0xcf, 0x8e, 0x35, 0xff, 0x8e, 0x35, 0xff, 0x8e, 0x35, 0xff, 0x8e, 0x35, 0xff, 0x8e, 0x35, 0xff, 0x8e, 0x35, 0xff, 0x8e, 0x35, 0xd9,
    0x8e, 0x35, 0x61, 0x8e, 0x35, 0x0b, 0x8e, 0x35, 0xc9, 0x8e, 0x35, 0xff, 0x8e, 0x35, 0xff, 0x8e, 0x35, 0xfa, 0x8e, 0x35, 0x2c, 0x00, 0x00, 0x00,
    0x00, 0x00, 0x00, 0x00, 0x00, 0x00, 0x8e, 0x35, 0xd7, 0x8e, 0x35, 0xff, 0x8e, 0x35, 0xff, 0x8e, 0x35, 0xbf, 0x00, 0x00, 0x00, 0x00, 0x00, 0x00,
    0x8e, 0x35, 0x71, 0x8e, 0x35, 0xff, 0x8e, 0x35, 0xff, 0x8e, 0x35, 0xff, 0x8e, 0x35, 0x54, 0x00, 0x00, 0x00, 0x00, 0x00, 0x00, 0x00, 0x00, 0x00,
    0x00, 0x00, 0x00, 0x00, 0x00, 0x00, 0x00, 0x00, 0x00, 0x8e, 0x35, 0xab, 0x8e, 0x35, 0xff, 0x8e, 0x35, 0xff, 0x8e, 0x35, 0xff, 0x8e, 0x35, 0xff,
    0x8e, 0x35, 0xff, 0x8e, 0x35, 0xff, 0x8e, 0x35, 0xff, 0x8e, 0x35, 0xff, 0x8e, 0x35, 0xff, 0x8e, 0x35, 0xff, 0x8e, 0x35, 0xff, 0x8e, 0x35, 0xff,
    0x8e, 0x35, 0xff, 0x8e, 0x35, 0xff, 0x8e, 0x35, 0xff, 0x8e, 0x35, 0xff, 0x8e, 0x35, 0xff, 0x8e, 0x35, 0xff, 0x8e, 0x35, 0xff, 0x8e, 0x35, 0xff,
    0x8e, 0x35, 0xff, 0x8e, 0x35, 0xff, 0x8e, 0x35, 0xff, 0x8e, 0x35, 0xff, 0x8e, 0x35, 0xff, 0x8e, 0x35, 0xff, 0x8e, 0x35, 0xff, 0x8e, 0x35, 0xb3,
    0x00, 0x00, 0x00, 0x00, 0x00, 0x00, 0x8e, 0x35, 0xc0, 0x8e, 0x35, 0xff, 0x8e, 0x35, 0xff, 0x8e, 0x35, 0xa8, 0x8e, 0x35, 0x01, 0x8e, 0x35, 0x02,
    0x00, 0x00, 0x00, 0x8e, 0x35, 0xa6, 0x8e, 0x35, 0xff, 0x8e, 0x35, 0xff, 0x8e, 0x35, 0x9d, 0x8e, 0x35, 0x2a, 0x8e, 0x35, 0x88, 0x8e, 0x35, 0xe5,
    0x8e, 0x35, 0xff, 0x8e, 0x35, 0xff, 0x8e, 0x35, 0xff, 0x8e, 0x35, 0xff, 0x8e, 0x35, 0xff, 0x8e, 0x35, 0xe1, 0x8e, 0x35, 0xeb, 0x8e, 0x35, 0xff,
    0x8e, 0x35, 0xff, 0x8e, 0x35, 0xff, 0x8e, 0x35, 0xff, 0x8e, 0x35, 0xff, 0x8e, 0x35, 0xdf, 0x8e, 0x35, 0x82, 0x8e, 0x35, 0x25, 0x00, 0x00, 0x00,
    0x00, 0x00, 0x00, 0x8e, 0x35, 0x7c, 0x8e, 0x35, 0xff, 0x8e, 0x35, 0xff, 0x8e, 0x35, 0xff, 0x8e, 0x35, 0x57, 0x8e, 0x35, 0x7e, 0x8e, 0x35, 0xff,
    0x8e, 0x35, 0xff, 0x8e, 0x35, 0xff, 0x8e, 0x35, 0xff, 0x8e, 0x35, 0xff, 0x8e, 0x35, 0xb2, 0x8e, 0x35, 0x30, 0x00, 0x00, 0x00, 0x8e, 0x35, 0x2f,
    0x8e, 0x35, 0xff, 0x8e, 0x35, 0xff, 0x8e, 0x35, 0xff, 0x8e, 0x35, 0x97, 0x00, 0x00, 0x00, 0x8e, 0x35, 0x2d, 0x8e, 0x35, 0xdb, 0x8e, 0x35, 0xff,
    0x8e, 0x35, 0xff, 0x8e, 0x35, 0xff, 0x8e, 0x35, 0xff, 0x8e, 0x35, 0xff, 0x8e, 0x35, 0xf0, 0x8e, 0x35, 0x98, 0x8e, 0x35, 0x01, 0x00, 0x00, 0x00,
    0x00, 0x00, 0x00, 0x00, 0x00, 0x00, 0x8e, 0x35, 0x04, 0x8e, 0x35, 0x19, 0x8e, 0x35, 0x31, 0x8e, 0x35, 0x4f, 0x8e, 0x35, 0x7c, 0x8e, 0x35, 0xab,
    0x8e, 0x35, 0xd9, 0x8e, 0x35, 0xfd, 0x8e, 0x35, 0xff, 0x8e, 0x35, 0xff, 0x8e, 0x35, 0xff, 0x8e, 0x35, 0xff, 0x8e, 0x35, 0xff, 0x8e, 0x35, 0xff,
    0x8e, 0x35, 0xff, 0x8e, 0x35, 0xff, 0x8e, 0x35, 0xff, 0x8e, 0x35, 0xff, 0x8e, 0x35, 0xe6, 0x8e, 0x35, 0xbe, 0x8e, 0x35, 0x96, 0x8e, 0x35, 0x6e,
    0x8e, 0x35, 0x51, 0x8e, 0x35, 0x40, 0x8e, 0x35, 0x2e, 0x8e, 0x35, 0x1c, 0x8e, 0x35, 0x0b, 0x00, 0x00, 0x00, 0x00, 0x00, 0x00, 0x00, 0x00, 0x00,
    0x00, 0x00, 0x00, 0x8e, 0x35, 0x1f, 0x8e, 0x35, 0xf2, 0x8e, 0x35, 0xff, 0x8e, 0x35, 0xff, 0x8e, 0x35, 0xff, 0x8e, 0x35, 0xa8, 0x8e, 0x35, 0x05,
    0x8e, 0x35, 0x91, 0x8e, 0x35, 0xff, 0x8e, 0x35, 0xff, 0x8e, 0x35, 0xff, 0x8e, 0x35, 0xd5, 0x00, 0x00, 0x00, 0x00, 0x00, 0x00, 0x00, 0x00, 0x00,
    0x00, 0x00, 0x00, 0x8e, 0x35, 0x29, 0x8e, 0x35, 0x2f, 0x8e, 0x35, 0x2f, 0x8e, 0x35, 0x1a, 0x00, 0x00, 0x00, 0x00, 0x00, 0x00, 0x8e, 0x35, 0xab,
    0x8e, 0x35, 0xff, 0x8e, 0x35, 0xff, 0x8e, 0x35, 0xff, 0x8e, 0x35, 0x13, 0x00, 0x00, 0x00, 0x00, 0x00, 0x00, 0x8e, 0x35, 0xb2, 0x8e, 0x35, 0xff,
    0x8e, 0x35, 0xff, 0x8e, 0x35, 0xff, 0x8e, 0x35, 0xff, 0x8e, 0x35, 0xd1, 0x8e, 0x35, 0x57, 0x8e, 0x35, 0x02, 0x00, 0x00, 0x00, 0x8e, 0x35, 0x9d,
    0x8e, 0x35, 0xff, 0x8e, 0x35, 0xff, 0x8e, 0x35, 0xff, 0x8e, 0x35, 0x7b, 0x8e, 0x35, 0x03, 0x8e, 0x35, 0x02, 0x00, 0x00, 0x00, 0x8e, 0x35, 0x05,
    0x8e, 0x35, 0xe2, 0x8e, 0x35, 0xff, 0x8e, 0x35, 0xff, 0x8e, 0x35, 0xbe, 0x00, 0x00, 0x00, 0x00, 0x00, 0x00, 0x8e, 0x35, 0x0c, 0x8e, 0x35, 0xf0,
    0x8e, 0x35, 0xff, 0x8e, 0x35, 0xff, 0x8e, 0x35, 0xcb, 0x00, 0x00, 0x00, 0x00, 0x00, 0x00, 0x00, 0x00, 0x00, 0x00, 0x00, 0x00, 0x00, 0x00, 0x00,
    0x00, 0x00, 0x00, 0x8e, 0x35, 0xab, 0x8e, 0x35, 0xff, 0x8e, 0x35, 0xff, 0x8e, 0x35, 0xff, 0x8e, 0x35, 0xff, 0x8e, 0x35, 0xff, 0x8e, 0x35, 0xff,
    0x8e, 0x35, 0xff, 0x8e, 0x35, 0xff, 0x8e, 0x35, 0xff, 0x8e, 0x35, 0xff, 0x8e, 0x35, 0xff, 0x8e, 0x35, 0xff, 0x8e, 0x35, 0xff, 0x8e, 0x35, 0xff,
    0x8e, 0x35, 0xff, 0x8e, 0x35, 0xff, 0x8e, 0x35, 0xff, 0x8e, 0x35, 0xff, 0x8e, 0x35, 0xff, 0x8e, 0x35, 0xff, 0x8e, 0x35, 0xff, 0x8e, 0x35, 0xff,
    0x8e, 0x35, 0xff, 0x8e, 0x35, 0xff, 0x8e, 0x35, 0xff, 0x8e, 0x35, 0xff, 0x8e, 0x35, 0xff, 0x8e, 0x35, 0xb3, 0x00, 0x00, 0x00, 0x8e, 0x35, 0x0c,
    0x8e, 0x35, 0xfa, 0x8e, 0x35, 0xff, 0x8e, 0x35, 0xff, 0x8e, 0x35, 0x73, 0x8e, 0x35, 0x13, 0x8e, 0x35, 0xfa, 0x8e, 0x35, 0xfe, 0x8e, 0x35, 0xff,
    0x8e, 0x35, 0xff, 0x8e, 0x35, 0xff, 0x8e, 0x35, 0x96, 0x8e, 0x35, 0xeb, 0x8e, 0x35, 0xff, 0x8e, 0x35, 0xff, 0x8e, 0x35, 0xff, 0x8e, 0x35, 0xff,
    0x8e, 0x35, 0xff, 0x8e, 0x35, 0xfd, 0x8e, 0x35, 0x90, 0x8e, 0x35, 0x0c, 0x8e, 0x35, 0x16, 0x8e, 0x35, 0xad, 0x8e, 0x35, 0xff, 0x8e, 0x35, 0xff,
    0x8e, 0x35, 0xff, 0x8e, 0x35, 0xff, 0x8e, 0x35, 0xff, 0x8e, 0x35, 0xff, 0x8e, 0x35, 0xfb, 0x8e, 0x35, 0x30, 0x00, 0x00, 0x00, 0x8e, 0x35, 0xdc,
    0x8e, 0x35, 0xff, 0x8e, 0x35, 0xff, 0x8e, 0x35, 0xf8, 0x8e, 0x35, 0x0e, 0x8e, 0x35, 0x17, 0x8e, 0x35, 0xf9, 0x8e, 0x35, 0xff, 0x8e, 0x35, 0xfe,
    0x8e, 0x35, 0xae, 0x8e, 0x35, 0x39, 0x00, 0x00, 0x00, 0x00, 0x00, 0x00, 0x00, 0x00, 0x00, 0x8e, 0x35, 0x4e, 0x8e, 0x35, 0xff, 0x8e, 0x35, 0xff,
    0x8e, 0x35, 0xff, 0x8e, 0x35, 0x93, 0x00, 0x00, 0x00, 0x00, 0x00, 0x00, 0x8e, 0x35, 0x10, 0x8e, 0x35, 0xa5, 0x8e, 0x35, 0xff, 0x8e, 0x35, 0xff,
    0x8e, 0x35, 0xff, 0x8e, 0x35, 0xff, 0x8e, 0x35, 0xff, 0x8e, 0x35, 0x59, 0x00, 0x00, 0x00, 0x8e, 0x35, 0x12, 0x8e, 0x35, 0xce, 0x8e, 0x35, 0xe9,
    0x8e, 0x35, 0xfe, 0x8e, 0x35, 0xff, 0x8e, 0x35, 0xff, 0x8e, 0x35, 0xff, 0x8e, 0x35, 0xff, 0x8e, 0x35, 0xff, 0x8e, 0x35, 0xff, 0x8e, 0x35, 0xff,
    0x8e, 0x35, 0xff, 0x8e, 0x35, 0xff, 0x8e, 0x35, 0xff, 0x8e, 0x35, 0xff, 0x8e, 0x35, 0xee, 0x8e, 0x35, 0xf9, 0x8e, 0x35, 0xff, 0x8e, 0x35, 0xff,
    0x8e, 0x35, 0xff, 0x8e, 0x35, 0xff, 0x8e, 0x35, 0xff, 0x8e, 0x35, 0xff, 0x8e, 0x35, 0xff, 0x8e, 0x35, 0xff, 0x8e, 0x35, 0xff, 0x8e, 0x35, 0xff,
    0x8e, 0x35, 0xff, 0x8e, 0x35, 0xff, 0x8e, 0x35, 0xce, 0x8e, 0x35, 0x06, 0x00, 0x00, 0x00, 0x00, 0x00, 0x00, 0x00, 0x00, 0x00, 0x8e, 0x35, 0xb8,
    0x8e, 0x35, 0xff, 0x8e, 0x35, 0xff, 0x8e, 0x35, 0xff, 0x8e, 0x35, 0x9c, 0x8e, 0x35, 0x02, 0x8e, 0x35, 0x20, 0x8e, 0x35, 0xf9, 0x8e, 0x35, 0xff,
    0x8e, 0x35, 0xff, 0x8e, 0x35, 0xff, 0x8e, 0x35, 0x67, 0x00, 0x00, 0x00, 0x00, 0x00, 0x00, 0x00, 0x00, 0x00, 0x00, 0x00, 0x00, 0x00, 0x00, 0x00,
    0x00, 0x00, 0x00, 0x00, 0x00, 0x00, 0x00, 0x00, 0x00, 0x00, 0x00, 0x00, 0x00, 0x00, 0x00, 0x8e, 0x35, 0xab, 0x8e, 0x35, 0xff, 0x8e, 0x35, 0xff,
    0x8e, 0x35, 0xff, 0x8e, 0x35, 0x13, 0x00, 0x00, 0x00, 0x00, 0x00, 0x00, 0x8e, 0x35, 0x75, 0x8e, 0x35, 0xff, 0x8e, 0x35, 0xff, 0x8e, 0x35, 0xc1,
    0x8e, 0x35, 0x4a, 0x00, 0x00, 0x00, 0x00, 0x00, 0x00, 0x00, 0x00, 0x00, 0x8e, 0x35, 0x02, 0x8e, 0x35, 0x88, 0x8e, 0x35, 0xfd, 0x8e, 0x35, 0xff,
    0x8e, 0x35, 0xc2, 0x8e, 0x35, 0x03, 0x8e, 0x35, 0x4e, 0x8e, 0x35, 0xff, 0x8e, 0x35, 0xfe, 0x8e, 0x35, 0xff, 0x8e, 0x35, 0xff, 0x8e, 0x35, 0xff,
    0x8e, 0x35, 0xff, 0x8e, 0x35, 0xaf, 0x00, 0x00, 0x00, 0x00, 0x00, 0x00, 0x00, 0x00, 0x00, 0x8e, 0x35, 0x8c, 0x8e, 0x35, 0xff, 0x8e, 0x35, 0xf6,
    0x8e, 0x35, 0x8b, 0x8e, 0x35, 0x05, 0x00, 0x00, 0x00, 0x00, 0x00, 0x00, 0x00, 0x00, 0x00, 0x00, 0x00, 0x00, 0x00, 0x00, 0x00, 0x8e, 0x35, 0xab,
    0x8e, 0x35, 0xff, 0x8e, 0x35, 0xff, 0x8e, 0x35, 0xff, 0x8e, 0x35, 0xff, 0x8e, 0x35, 0xff, 0x8e, 0x35, 0xff, 0x8e, 0x35, 0xff, 0x8e, 0x35, 0xff,
    0x8e, 0x35, 0xff, 0x8e, 0x35, 0xff, 0x8e, 0x35, 0xff, 0x8e, 0x35, 0xff, 0x8e, 0x35, 0xff, 0x8e, 0x35, 0xff, 0x8e, 0x35, 0xff, 0x8e, 0x35, 0xff,
    0x8e, 0x35, 0xff, 0x8e, 0x35, 0xff, 0x8e, 0x35, 0xff, 0x8e, 0x35, 0xff, 0x8e, 0x35, 0xff, 0x8e, 0x35, 0xff, 0x8e, 0x35, 0xff, 0x8e, 0x35, 0xff,
    0x8e, 0x35, 0xff, 0x8e, 0x35, 0xff, 0x8e, 0x35, 0xff, 0x8e, 0x35, 0xb3, 0x00, 0x00, 0x00, 0x8e, 0x35, 0x45, 0x8e, 0x35, 0xff, 0x8e, 0x35, 0xff,
    0x8e, 0x35, 0xff, 0x8e, 0x35, 0x37, 0x00, 0x00, 0x00, 0x8e, 0x35, 0xb9, 0x8e, 0x35, 0xff, 0x8e, 0x35, 0xff, 0x8e, 0x35, 0xff, 0x8e, 0x35, 0xff,
    0x8e, 0x35, 0x54, 0x8e, 0x35, 0x52, 0x8e, 0x35, 0xff, 0x8e, 0x35, 0xff, 0x8e, 0x35, 0xff, 0x8e, 0x35, 0xff, 0x8e, 0x35, 0xcd, 0x8e, 0x35, 0x36,
    0x00, 0x00, 0x00, 0x00, 0x00, 0x00, 0x00, 0x00, 0x00, 0x00, 0x00, 0x00, 0x8e, 0x35, 0x59, 0x8e, 0x35, 0xe9, 0x8e, 0x35, 0xff, 0x8e, 0x35, 0xff,
    0x8e, 0x35, 0xff, 0x8e, 0x35, 0xff, 0x8e, 0x35, 0x66, 0x00, 0x00, 0x00, 0x8e, 0x35, 0x34, 0x8e, 0x35, 0xff, 0x8e, 0x35, 0xff, 0x8e, 0x35, 0xff,
    0x8e, 0x35, 0xb1, 0x00, 0x00, 0x00, 0x00, 0x00, 0x00, 0x8e, 0x35, 0x9e, 0x8e, 0x35, 0x9f, 0x8e, 0x35, 0x28, 0x00, 0x00, 0x00, 0x8e, 0x35, 0xa3,
    0x8e, 0x35, 0xff, 0x8e, 0x35, 0xfb, 0x8e, 0x35, 0xfc, 0x8e, 0x35, 0xff, 0x8e, 0x35, 0xff, 0x8e, 0x35, 0xff, 0x8e, 0x35, 0xff, 0x8e, 0x35, 0x7b,
    0x00, 0x00, 0x00, 0x00, 0x00, 0x00, 0x00, 0x00, 0x00, 0x00, 0x00, 0x00, 0x8e, 0x35, 0x37, 0x8e, 0x35, 0xbd, 0x8e, 0x35, 0xfe, 0x8e, 0x35, 0xff,
    0x8e, 0x35, 0xa2, 0x00, 0x00, 0x00, 0x00, 0x00, 0x00, 0x00, 0x00, 0x00, 0x8e, 0x35, 0xa2, 0x8e, 0x35, 0xff, 0x8e, 0x35, 0xff, 0x8e, 0x35, 0xff,
    0x8e, 0x35, 0xff, 0x8e, 0x35, 0xff, 0x8e, 0x35, 0xff, 0x8e, 0x35, 0xff, 0x8e, 0x35, 0xff, 0x8e, 0x35, 0xff, 0x8e, 0x35, 0xf2, 0x8e, 0x35, 0xb4,
    0x8e, 0x35, 0x72, 0x8e, 0x35, 0x30, 0x8e, 0x35, 0x01, 0x8e, 0x35, 0x0b, 0x8e, 0x35, 0x4a, 0x8e, 0x35, 0x8f, 0x8e, 0x35, 0xd4, 0x8e, 0x35, 0xff,
    0x8e, 0x35, 0xff, 0x8e, 0x35, 0xff, 0x8e, 0x35, 0xff, 0x8e, 0x35, 0xff, 0x8e, 0x35, 0xff, 0x8e, 0x35, 0xff, 0x8e, 0x35, 0xff, 0x8e, 0x35, 0xfa,
    0x8e, 0x35, 0x28, 0x00, 0x00, 0x00, 0x00, 0x00, 0x00, 0x00, 0x00, 0x00, 0x00, 0x00, 0x00, 0x8e, 0x35, 0x3f, 0x8e, 0x35, 0xfa, 0x8e, 0x35, 0xff,
    0x8e, 0x35, 0x95, 0x8e, 0x35, 0x01, 0x00, 0x00, 0x00, 0x8e, 0x35, 0x3a, 0x8e, 0x35, 0xd9, 0x8e, 0x35, 0xff, 0x8e, 0x35, 0xff, 0x8e, 0x35, 0xed,
    0x8e, 0x35, 0x0a, 0x00, 0x00, 0x00, 0x00, 0x00, 0x00, 0x00, 0x00, 0x00, 0x00, 0x00, 0x00, 0x00, 0x00, 0x00, 0x00, 0x00, 0x00, 0x00, 0x00, 0x00,
    0x00, 0x00, 0x00, 0x00, 0x00, 0x00, 0x00, 0x00, 0x00, 0x8e, 0x35, 0xab, 0x8e, 0x35, 0xff, 0x8e, 0x35, 0xff, 0x8e, 0x35, 0xff, 0x8e, 0x35, 0x13,
    0x00, 0x00, 0x00, 0x00, 0x00, 0x00, 0x8e, 0x35, 0x36, 0x8e, 0x35, 0xaf, 0x8e, 0x35, 0x38, 0x00, 0x00, 0x00, 0x00, 0x00, 0x00, 0x00, 0x00, 0x00,
    0x00, 0x00, 0x00, 0x00, 0x00, 0x00, 0x00, 0x00, 0x00, 0x00, 0x00, 0x00, 0x8e, 0x35, 0x4a, 0x8e, 0x35, 0xcf, 0x8e, 0x35, 0x14, 0x00, 0x00, 0x00,
    0x8e, 0x35, 0x05, 0x8e, 0x35, 0xed, 0x8e, 0x35, 0xff, 0x8e, 0x35, 0xff, 0x8e, 0x35, 0xff, 0x8e, 0x35, 0xff, 0x8e, 0x35, 0xff, 0x8e, 0x35, 0x70,
    0x00, 0x00, 0x00, 0x00, 0x00, 0x00, 0x00, 0x00, 0x00, 0x8e, 0x35, 0x25, 0x8e, 0x35, 0x95, 0x8e, 0x35, 0x19, 0x00, 0x00, 0x00, 0x00, 0x00, 0x00,
    0x00, 0x00, 0x00, 0x00, 0x00, 0x00, 0x00, 0x00, 0x00, 0x00, 0x00, 0x00, 0x00, 0x00, 0x00, 0x00, 0x00, 0x00, 0x00, 0x00, 0x00, 0x00, 0x00, 0x00,
    0x00, 0x00, 0x00, 0x00, 0x00, 0x00, 0x00, 0x00, 0x00, 0x00, 0x00, 0x00, 0x00, 0x00, 0x00, 0x00, 0x00, 0x00, 0x00, 0x00, 0x00, 0x00, 0x00, 0x00,
    0x00, 0x00, 0x00, 0x00, 0x00, 0x00, 0x00, 0x00, 0x00, 0x00, 0x00, 0x00, 0x00, 0x00, 0x00, 0x00, 0x00, 0x00, 0x00, 0x00, 0x00, 0x00, 0x00, 0x00,
    0x00, 0x00, 0x00, 0x00, 0x00, 0x00, 0x00, 0x00, 0x00, 0x00, 0x00, 0x00, 0x00, 0x00, 0x00, 0x00, 0x00, 0x00, 0x00, 0x00, 0x00, 0x00, 0x00, 0x00,
    0x00, 0x00, 0x00, 0x00, 0x00, 0x00, 0x00, 0x00, 0x00, 0x00, 0x00, 0x00, 0x8e, 0x35, 0x54, 0x8e, 0x35, 0xde, 0x8e, 0x35, 0xe6, 0x8e, 0x35, 0x01,
    0x00, 0x00, 0x00, 0x8e, 0x35, 0x81, 0x8e, 0x35, 0xff, 0x8e, 0x35, 0xff, 0x8e, 0x35, 0xfa, 0x8e, 0x35, 0x95, 0x00, 0x00, 0x00, 0x00, 0x00, 0x00,
    0x8e, 0x35, 0xc1, 0x8e, 0x35, 0xfd, 0x8e, 0x35, 0xb1, 0x8e, 0x35, 0x42, 0x00, 0x00, 0x00, 0x00, 0x00, 0x00, 0x00, 0x00, 0x00, 0x00, 0x00, 0x00,
    0x00, 0x00, 0x00, 0x00, 0x00, 0x00, 0x00, 0x00, 0x00, 0x8e, 0x35, 0x08, 0x8e, 0x35, 0x5f, 0x8e, 0x35, 0xca, 0x8e, 0x35, 0xff, 0x8e, 0x35, 0xb1,
    0x00, 0x00, 0x00, 0x00, 0x00, 0x00, 0x00, 0x00, 0x00, 0x8e, 0x35, 0x4d, 0x8e, 0x35, 0xde, 0x8e, 0x35, 0xff, 0x8e, 0x35, 0x44, 0x00, 0x00, 0x00,
    0x00, 0x00, 0x00, 0x00, 0x00, 0x00, 0x00, 0x00, 0x00, 0x00, 0x00, 0x00, 0x00, 0x00, 0x00, 0x8e, 0x35, 0x36, 0x8e, 0x35, 0xff, 0x8e, 0x35, 0xff,
    0x8e, 0x35, 0xff, 0x8e, 0x35, 0xff, 0x8e, 0x35, 0xff, 0x8e, 0x35, 0xff, 0x8e, 0x35, 0xf6, 0x8e, 0x35, 0x27, 0x00, 0x00, 0x00, 0x00, 0x00, 0x00,
    0x00, 0x00, 0x00, 0x00, 0x00, 0x00, 0x00, 0x00, 0x00, 0x00, 0x00, 0x00, 0x8e, 0x35, 0x21, 0x8e, 0x35, 0x7b, 0x8e, 0x35, 0x15, 0x00, 0x00, 0x00,
    0x00, 0x00, 0x00, 0x00, 0x00, 0x00, 0x8e, 0x35, 0x3e, 0x8e, 0x35, 0xff, 0x8e, 0x35, 0xff, 0x8e, 0x35, 0xff, 0x8e, 0x35, 0xff, 0x8e, 0x35, 0xed,
    0x8e, 0x35, 0xc9, 0x8e, 0x35, 0xa6, 0x8e, 0x35, 0x79, 0x8e, 0x35, 0x38, 0x8e, 0x35, 0x04, 0x00, 0x00, 0x00, 0x00, 0x00, 0x00, 0x00, 0x00, 0x00,
    0x00, 0x00, 0x00, 0x00, 0x00, 0x00, 0x00, 0x00, 0x00, 0x00, 0x00, 0x00, 0x00, 0x00, 0x00, 0x8e, 0x35, 0x19, 0x8e, 0x35, 0x5b, 0x8e, 0x35, 0x81,
    0x8e, 0x35, 0xa0, 0x8e, 0x35, 0xc0, 0x8e, 0x35, 0xdf, 0x8e, 0x35, 0xfb, 0x8e, 0x35, 0xff, 0x8e, 0x35, 0x93, 0x00, 0x00, 0x00, 0x00, 0x00, 0x00,
    0x00, 0x00, 0x00, 0x00, 0x00, 0x00, 0x00, 0x00, 0x00, 0x00, 0x00, 0x00, 0x8e, 0x35, 0x88, 0x8e, 0x35, 0xa0, 0x8e, 0x35, 0x01, 0x00, 0x00, 0x00,
    0x00, 0x00, 0x00, 0x00, 0x00, 0x00, 0x8e, 0x35, 0x03, 0x8e, 0x35, 0x66, 0x8e, 0x35, 0xf1, 0x8e, 0x35, 0x86, 0x00, 0x00, 0x00, 0x00, 0x00, 0x00,
    0x00, 0x00, 0x00, 0x00, 0x00, 0x00, 0x00, 0x00, 0x00, 0x00, 0x00, 0x00, 0x00, 0x00, 0x00, 0x00, 0x00, 0x00, 0x00, 0x00, 0x00, 0x00, 0x00, 0x00,
    0x00, 0x00, 0x00, 0x8e, 0x35, 0xab, 0x8e, 0x35, 0xff, 0x8e, 0x35, 0xff, 0x8e, 0x35, 0xff, 0x8e, 0x35, 0x13, 0x00, 0x00, 0x00, 0x00, 0x00, 0x00,
    0x00, 0x00, 0x00, 0x00, 0x00, 0x00, 0x00, 0x00, 0x00, 0x00, 0x00, 0x00, 0x00, 0x00, 0x00, 0x00, 0x00, 0x00, 0x00, 0x00, 0x00, 0x00, 0x00, 0x00,
    0x00, 0x00, 0x00, 0x00, 0x00, 0x00, 0x00, 0x00, 0x00, 0x8e, 0x35, 0x01, 0x00, 0x00, 0x00, 0x00, 0x00, 0x00, 0x00, 0x00, 0x00, 0x8e, 0x35, 0xae,
    0x8e, 0x35, 0xff, 0x8e, 0x35, 0xff, 0x8e, 0x35, 0xff, 0x8e, 0x35, 0xee, 0x8e, 0x35, 0x96, 0x8e, 0x35, 0x06, 0x00, 0x00, 0x00, 0x00, 0x00, 0x00,
    0x00, 0x00, 0x00, 0x00, 0x00, 0x00, 0x00, 0x00, 0x00, 0x00, 0x00, 0x00, 0x00, 0x00, 0x00, 0x00, 0x00, 0x00, 0x00, 0x00, 0x00, 0x00, 0x00, 0x00,
    0x00, 0x00, 0x00, 0x00, 0x00, 0x00, 0x00, 0x00, 0x00, 0x00, 0x00, 0x00, 0x00, 0x00, 0x00, 0x00, 0x00, 0x00, 0x00, 0x00, 0x00, 0x00, 0x00, 0x00,
    0x00, 0x00, 0x00, 0x00, 0x00, 0x00, 0x00, 0x00, 0x00, 0x00, 0x00, 0x00, 0x00, 0x00, 0x00, 0x00, 0x00, 0x00, 0x00, 0x00, 0x00, 0x00, 0x00, 0x00,
    0x00, 0x00, 0x00, 0x00, 0x00, 0x00, 0x00, 0x00, 0x00, 0x00, 0x00, 0x00, 0x00, 0x00, 0x00, 0x00, 0x00, 0x00, 0x00, 0x00, 0x00, 0x00, 0x00, 0x00,
    0x00, 0x00, 0x00, 0x00, 0x00, 0x00, 0x00, 0x00, 0x00, 0x00, 0x00, 0x00, 0x00, 0x00, 0x00, 0x00, 0x00, 0x00, 0x00, 0x00, 0x00, 0x00, 0x00, 0x00,
    0x00, 0x00, 0x00, 0x00, 0x00, 0x00, 0x00, 0x00, 0x00, 0x8e, 0x35, 0x0a, 0x8e, 0x35, 0x49, 0x00, 0x00, 0x00, 0x00, 0x00, 0x00, 0x8e, 0x35, 0x25,
    0x8e, 0x35, 0x58, 0x8e, 0x35, 0x4a, 0x8e, 0x35, 0x14, 0x00, 0x00, 0x00, 0x00, 0x00, 0x00, 0x00, 0x00, 0x00, 0x8e, 0x35, 0x28, 0x8e, 0x35, 0x21,
    0x00, 0x00, 0x00, 0x00, 0x00, 0x00, 0x00, 0x00, 0x00, 0x00, 0x00, 0x00, 0x00, 0x00, 0x00, 0x00, 0x00, 0x00, 0x00, 0x00, 0x00, 0x00, 0x00, 0x00,
    0x00, 0x00, 0x00, 0x00, 0x00, 0x00, 0x00, 0x00, 0x00, 0x00, 0x00, 0x00, 0x8e, 0x35, 0x36, 0x8e, 0x35, 0x19, 0x00, 0x00, 0x00, 0x00, 0x00, 0x00,
    0x00, 0x00, 0x00, 0x00, 0x00, 0x00, 0x8e, 0x35, 0x10, 0x8e, 0x35, 0x88, 0x00, 0x00, 0x00, 0x00, 0x00, 0x00, 0x00, 0x00, 0x00, 0x00, 0x00, 0x00,
    0x00, 0x00, 0x00, 0x00, 0x00, 0x00, 0x00, 0x00, 0x00, 0x8e, 0x35, 0x01, 0x8e, 0x35, 0xe7, 0x8e, 0x35, 0xff, 0x8e, 0x35, 0xf9, 0x8e, 0x35, 0xec,
    0x8e, 0x35, 0xc4, 0x8e, 0x35, 0x96, 0x8e, 0x35, 0x30, 0x00, 0x00, 0x00, 0x00, 0x00, 0x00, 0x00, 0x00, 0x00, 0x00, 0x00, 0x00, 0x00, 0x00, 0x00,
    0x00, 0x00, 0x00, 0x00, 0x00, 0x00, 0x00, 0x00, 0x00, 0x00, 0x00, 0x00, 0x00, 0x00, 0x00, 0x00, 0x00, 0x00, 0x00, 0x00, 0x00, 0x00, 0x00, 0x00,
    0x8e, 0x35, 0x02, 0x8e, 0x35, 0x76, 0x8e, 0x35, 0x56, 0x8e, 0x35, 0x33, 0x8e, 0x35, 0x10, 0x00, 0x00, 0x00, 0x00, 0x00, 0x00, 0x00, 0x00, 0x00,
    0x00, 0x00, 0x00, 0x00, 0x00, 0x00, 0x00, 0x00, 0x00, 0x00, 0x00, 0x00, 0x00, 0x00, 0x00, 0x00, 0x00, 0x00, 0x00, 0x00, 0x00, 0x00, 0x00, 0x00,
    0x00, 0x00, 0x00, 0x00, 0x00, 0x00, 0x00, 0x00, 0x00, 0x00, 0x00, 0x00, 0x00, 0x00, 0x00, 0x00, 0x00, 0x00, 0x00, 0x00, 0x00, 0x00, 0x00, 0x00,
    0x00, 0x00, 0x00, 0x8e, 0x35, 0x03, 0x8e, 0x35, 0x1e, 0x8e, 0x35, 0x0c, 0x00, 0x00, 0x00, 0x00, 0x00, 0x00, 0x00, 0x00, 0x00, 0x00, 0x00, 0x00,
    0x00, 0x00, 0x00, 0x00, 0x00, 0x00, 0x8e, 0x35, 0x0b, 0x8e, 0x35, 0x07, 0x00, 0x00, 0x00, 0x00, 0x00, 0x00, 0x00, 0x00, 0x00, 0x00, 0x00, 0x00,
    0x00, 0x00, 0x00, 0x00, 0x00, 0x00, 0x8e, 0x35, 0x1c, 0x8e, 0x35, 0x17, 0x00, 0x00, 0x00, 0x00, 0x00, 0x00, 0x00, 0x00, 0x00, 0x00, 0x00, 0x00,
    0x00, 0x00, 0x00, 0x00, 0x00, 0x00, 0x00, 0x00, 0x00, 0x00, 0x00, 0x00, 0x00, 0x00, 0x00, 0x00, 0x00, 0x00, 0x00, 0x00, 0x00, 0x8e, 0x35, 0x15,
    0x8e, 0x35, 0x1f, 0x8e, 0x35, 0x1f, 0x8e, 0x35, 0x1f, 0x8e, 0x35, 0x02, 0x00, 0x00, 0x00, 0x00, 0x00, 0x00, 0x00, 0x00, 0x00, 0x00, 0x00, 0x00,
    0x00, 0x00, 0x00, 0x00, 0x00, 0x00, 0x00, 0x00, 0x00, 0x00, 0x00, 0x00, 0x00, 0x00, 0x00, 0x00, 0x00, 0x00, 0x00, 0x00, 0x00, 0x00, 0x00, 0x00,
    0x00, 0x00, 0x00, 0x00, 0x00, 0x00, 0x00, 0x00, 0x00, 0x00, 0x00, 0x00, 0x00, 0x00, 0x00, 0x8e, 0x35, 0x2a, 0x8e, 0x35, 0x4b, 0x8e, 0x35, 0x42,
    0x8e, 0x35, 0x2c, 0x8e, 0x35, 0x01, 0x00, 0x00, 0x00, 0x00, 0x00, 0x00, 0x00, 0x00, 0x00, 0x00, 0x00, 0x00, 0x00, 0x00, 0x00, 0x00, 0x00, 0x00,
    0x00, 0x00, 0x00, 0x00, 0x00, 0x00, 0x00, 0x00, 0x00, 0x00, 0x00, 0x00, 0x00, 0x00, 0x00, 0x00, 0x00, 0x00, 0x00, 0x00, 0x00, 0x00, 0x00, 0x00,
    0x00, 0x00, 0x00, 0x00, 0x00, 0x00, 0x00, 0x00, 0x00, 0x00, 0x00, 0x00, 0x00, 0x00, 0x00, 0x00, 0x00, 0x00, 0x00, 0x00, 0x00, 0x00, 0x00, 0x00,
    0x00, 0x00, 0x00, 0x00, 0x00, 0x00, 0x00, 0x00, 0x00, 0x00, 0x00, 0x00, 0x00, 0x00, 0x00, 0x00, 0x00, 0x00, 0x00, 0x00, 0x00, 0x00, 0x00, 0x00,
    0x00, 0x00, 0x00, 0x00, 0x00, 0x00, 0x00, 0x00, 0x00, 0x00, 0x00, 0x00, 0x00, 0x00, 0x00, 0x00, 0x00, 0x00, 0x00, 0x00, 0x00, 0x00, 0x00, 0x00,
    0x00, 0x00, 0x00, 0x00, 0x00, 0x00, 0x00, 0x00, 0x00, 0x00, 0x00, 0x00, 0x00, 0x00, 0x00, 0x00, 0x00, 0x00, 0x00, 0x00, 0x00, 0x00, 0x00, 0x00,
    0x00, 0x00, 0x00, 0x00, 0x00, 0x00, 0x00, 0x00, 0x00, 0x00, 0x00, 0x00, 0x00, 0x00, 0x00, 0x00, 0x00, 0x00, 0x00, 0x00, 0x00, 0x00, 0x00, 0x00,
    0x00, 0x00, 0x00, 0x00, 0x00, 0x00, 0x00, 0x00, 0x00, 0x00, 0x00, 0x00, 0x00, 0x00, 0x00, 0x00, 0x00, 0x00, 0x00, 0x00, 0x00, 0x00, 0x00, 0x00,
    0x00, 0x00, 0x00, 0x00, 0x00, 0x00, 0x00, 0x00, 0x00, 0x00, 0x00, 0x00, 0x00, 0x00, 0x00, 0x00, 0x00, 0x00, 0x00, 0x00, 0x00, 0x00, 0x00, 0x00,
    0x00, 0x00, 0x00, 0x00, 0x00, 0x00, 0x00, 0x00, 0x00, 0x00, 0x00, 0x00, 0x00, 0x00, 0x00, 0x00, 0x00, 0x00, 0x00, 0x00, 0x00, 0x00, 0x00, 0x00,
    0x00, 0x00, 0x00, 0x00, 0x00, 0x00, 0x00, 0x00, 0x00, 0x00, 0x00, 0x00, 0x00, 0x00, 0x00, 0x00, 0x00, 0x00, 0x00, 0x00, 0x00, 0x00, 0x00, 0x00,
    0x00, 0x00, 0x00, 0x00, 0x00, 0x00, 0x00, 0x00, 0x00, 0x00, 0x00, 0x00, 0x00, 0x00, 0x00, 0x00, 0x00, 0x00, 0x00, 0x00, 0x00, 0x00, 0x00, 0x00,
    0x00, 0x00, 0x00, 0x00, 0x00, 0x00, 0x00, 0x00, 0x00, 0x00, 0x00, 0x00, 0x00, 0x00, 0x00, 0x00, 0x00, 0x00, 0x00, 0x00, 0x00, 0x00, 0x00, 0x00,
    0x00, 0x00, 0x00, 0x00, 0x00, 0x00, 0x00, 0x00, 0x00, 0x00, 0x00, 0x00, 0x00, 0x00, 0x00, 0x00, 0x00, 0x00, 0x00, 0x00, 0x00, 0x00, 0x00, 0x00,
    0x00, 0x00, 0x00, 0x00, 0x00, 0x00, 0x00, 0x00, 0x00, 0x00, 0x00, 0x00, 0x00, 0x00, 0x00, 0x00, 0x00, 0x00, 0x00, 0x00, 0x00, 0x00, 0x00, 0x00,
    0x00, 0x00, 0x00, 0x00, 0x00, 0x00, 0x00, 0x00, 0x00, 0x00, 0x00, 0x00, 0x00, 0x00, 0x00, 0x00, 0x00, 0x00, 0x00, 0x00, 0x00, 0x00, 0x00, 0x00,
    0x00, 0x00, 0x00, 0x00, 0x00, 0x00, 0x00, 0x00, 0x00, 0x00, 0x00, 0x00, 0x00, 0x00, 0x00, 0x00, 0x00, 0x00, 0x00, 0x00, 0x00, 0x00, 0x00, 0x00,
    0x00, 0x00, 0x00, 0x00, 0x00, 0x00, 0x00, 0x00, 0x00, 0x00, 0x00, 0x00, 0x00, 0x00, 0x00, 0x00, 0x00, 0x00, 0x00, 0x00, 0x00, 0x00, 0x00, 0x00,
    0x00, 0x00, 0x00, 0x00, 0x00, 0x00, 0x00, 0x00, 0x00, 0x00, 0x00, 0x00, 0x00, 0x00, 0x00, 0x00, 0x00, 0x00, 0x00, 0x00, 0x00, 0x00, 0x00, 0x00,
    0x00, 0x00, 0x00, 0x00, 0x00, 0x00, 0x00, 0x00, 0x00, 0x00, 0x00, 0x00, 0x00, 0x00, 0x00, 0x00, 0x00, 0x00, 0x00, 0x00, 0x00, 0x00, 0x00, 0x00,
    0x00, 0x00, 0x00, 0x00, 0x00, 0x00, 0x00, 0x00, 0x00, 0x00, 0x00, 0x00, 0x00, 0x00, 0x00, 0x00, 0x00, 0x00, 0x00, 0x00, 0x00, 0x00, 0x00, 0x00,
    0x00, 0x00, 0x00, 0x00, 0x00, 0x00, 0x00, 0x00, 0x00, 0x00, 0x00, 0x00, 0x00, 0x00, 0x00, 0x00, 0x00, 0x00, 0x00, 0x00, 0x00, 0x00, 0x00, 0x00,
    0x00, 0x00, 0x00, 0x00, 0x00, 0x00, 0x00, 0x00, 0x00, 0x00, 0x00, 0x00, 0x00, 0x00, 0x00, 0x00, 0x00, 0x00, 0x00, 0x00, 0x00, 0x00, 0x00, 0x00,
    0x00, 0x00, 0x00, 0x00, 0x00, 0x00, 0x00, 0x00, 0x00, 0x00, 0x00, 0x00, 0x00, 0x00, 0x00, 0x00, 0x00, 0x00, 0x00, 0x00, 0x00, 0x00, 0x00, 0x00,
    0x00, 0x00, 0x00, 0x00, 0x00, 0x00, 0x00, 0x00, 0x00, 0x00, 0x00, 0x00, 0x00, 0x00, 0x00, 0x00, 0x00, 0x00, 0x00, 0x00, 0x00, 0x00, 0x00, 0x00,
    0x00, 0x00, 0x00, 0x00, 0x00, 0x00, 0x00, 0x00, 0x00, 0x00, 0x00, 0x00, 0x00, 0x00, 0x00, 0x00, 0x00, 0x00, 0x00, 0x00, 0x00, 0x00, 0x00, 0x00,
    0x00, 0x00, 0x00, 0x00, 0x00, 0x00, 0x00, 0x00, 0x00, 0x00, 0x00, 0x00, 0x00, 0x00, 0x00, 0x00, 0x00, 0x00, 0x00, 0x00, 0x00, 0x00, 0x00, 0x00,
    0x00, 0x00, 0x00, 0x00, 0x00, 0x00, 0x00, 0x00, 0x00, 0x00, 0x00, 0x00, 0x00, 0x00, 0x00, 0x00, 0x00, 0x00, 0x00, 0x00, 0x00, 0x00, 0x00, 0x00,
    0x00, 0x00, 0x00, 0x00, 0x00, 0x00, 0x00, 0x00, 0x00, 0x00, 0x00, 0x00, 0x00, 0x00, 0x00, 0x00, 0x00, 0x00, 0x00, 0x00, 0x00, 0x00, 0x00, 0x00,
    0x00, 0x00, 0x00, 0x00, 0x00, 0x00, 0x00, 0x00, 0x00, 0x00, 0x00, 0x00, 0x00, 0x00, 0x00, 0x00, 0x00, 0x00, 0x00, 0x00, 0x00, 0x00, 0x00, 0x00,
    0x00, 0x00, 0x00, 0x00, 0x00, 0x00, 0x00, 0x00, 0x00, 0x00, 0x00, 0x00, 0x00, 0x00, 0x00, 0x00, 0x00, 0x00, 0x00, 0x00, 0x00, 0x00, 0x00, 0x00,
    0x00, 0x00, 0x00, 0x00, 0x00, 0x00, 0x00, 0x00, 0x00, 0x00, 0x00, 0x00, 0x00, 0x00, 0x00, 0x00, 0x00, 0x00, 0x00, 0x00, 0x00, 0x00, 0x00, 0x00,
    0x00, 0x00, 0x00, 0x00, 0x00, 0x00, 0x00, 0x00, 0x00, 0x00, 0x00, 0x00, 0x00, 0x00, 0x00, 0x00, 0x00, 0x00, 0x00, 0x00, 0x00, 0x00, 0x00, 0x00,
    0x00, 0x00, 0x00, 0x00, 0x00, 0x00, 0x00, 0x00, 0x00, 0x00, 0x00, 0x00, 0x00, 0x00, 0x00, 0x00, 0x00, 0x00, 0x00, 0x00, 0x00, 0x00, 0x00, 0x00,
    0x00, 0x00, 0x00, 0x00, 0x00, 0x00, 0x00, 0x00, 0x00, 0x00, 0x00, 0x00, 0x00, 0x00, 0x00, 0x00, 0x00, 0x00, 0x00, 0x00, 0x00, 0x00, 0x00, 0x00,
    0x00, 0x00, 0x00, 0x00, 0x00, 0x00, 0x00, 0x00, 0x00, 0x00, 0x00, 0x00, 0x00, 0x00, 0x00, 0x00, 0x00, 0x00, 0x00, 0x00, 0x00, 0x00, 0x00, 0x00,
    0x00, 0x00, 0x00, 0x00, 0x00, 0x00, 0x00, 0x00, 0x00, 0x00, 0x00, 0x00, 0x00, 0x00, 0x00, 0x00, 0x00, 0x00, 0x00, 0x00, 0x00, 0x00, 0x00, 0x00,
    0x00, 0x00, 0x00, 0x00, 0x00, 0x00, 0x00, 0x00, 0x00, 0x00, 0x00, 0x00, 0x00, 0x00, 0x00, 0x00, 0x00, 0x00, 0x00, 0x00, 0x00, 0x00, 0x00, 0x00,
    0x00, 0x00, 0x00, 0x00, 0x00, 0x00, 0x00, 0x00, 0x00, 0x00, 0x00, 0x00, 0x00, 0x00, 0x00, 0x00, 0x00, 0x00, 0x00, 0x00, 0x00, 0x00, 0x00, 0x00,
    0x00, 0x00, 0x00, 0x00, 0x00, 0x00, 0x00, 0x00, 0x00, 0x00, 0x00, 0x00, 0x00, 0x00, 0x00, 0x00, 0x00, 0x00, 0x00, 0x00, 0x00, 0x00, 0x00, 0x00,
    0x00, 0x00, 0x00, 0x00, 0x00, 0x00, 0x00, 0x00, 0x00, 0x00, 0x00, 0x00, 0x00, 0x00, 0x00, 0x00, 0x00, 0x00, 0x00, 0x00, 0x00, 0x00, 0x00, 0x00,
    0x00, 0x00, 0x00, 0x00, 0x00, 0x00, 0x00, 0x00, 0x00, 0x00, 0x00, 0x00, 0x00, 0x00, 0x00, 0x00, 0x00, 0x00, 0x00, 0x00, 0x00, 0x00, 0x00, 0x00,
    0x00, 0x00, 0x00, 0x00, 0x00, 0x00, 0x00, 0x00, 0x00, 0x00, 0x00, 0x00, 0x00, 0x00, 0x00, 0x00, 0x00, 0x00, 0x00, 0x00, 0x00, 0x00, 0x00, 0x00,
    0x00, 0x00, 0x00, 0x00, 0x00, 0x00, 0x00, 0x00, 0x00, 0x00, 0x00, 0x00, 0x00, 0x00, 0x00, 0x00, 0x00, 0x00, 0x00, 0x00, 0x00, 0x00, 0x00, 0x00,
    0x00, 0x00, 0x00, 0x00, 0x00, 0x00, 0x00, 0x00, 0x00, 0x00, 0x00, 0x00, 0x00, 0x00, 0x00, 0x00, 0x00, 0x00, 0x00, 0x00, 0x00, 0x00, 0x00, 0x00,
    0x00, 0x00, 0x00, 0x00, 0x00, 0x00, 0x00, 0x00, 0x00, 0x00, 0x00, 0x00, 0x00, 0x00, 0x00, 0x00, 0x00, 0x00, 0x00, 0x00, 0x00, 0x00, 0x00, 0x00,
    0x00, 0x00, 0x00, 0x00, 0x00, 0x00, 0x00, 0x00, 0x00, 0x00, 0x00, 0x00, 0x00, 0x00, 0x00, 0x00, 0x00, 0x00, 0x00, 0x00, 0x00, 0x00, 0x00, 0x00,
    0x00, 0x00, 0x00, 0x00, 0x00, 0x00, 0x00, 0x00, 0x00, 0x00, 0x00, 0x00, 0x00, 0x00, 0x00, 0x00, 0x00, 0x00, 0x00, 0x00, 0x00, 0x00, 0x00, 0x00,
    0x00, 0x00, 0x00, 0x00, 0x00, 0x00, 0x00, 0x00, 0x00, 0x00, 0x00, 0x00, 0x00, 0x00, 0x00, 0x00, 0x00, 0x00, 0x00, 0x00, 0x00, 0x00, 0x00, 0x00,
    0x00, 0x00, 0x00, 0x00, 0x00, 0x00,
};
const lv_img_dsc_t zh_upper_limb = {
    .header.always_zero = 0,
    .header.w = 190,
    .header.h = 35,
    .data_size = 19950,
    .header.cf = LV_IMG_CF_TRUE_COLOR_ALPHA,
    .data = zh_upper_limb_map,
};

#ifndef LV_ATTRIBUTE_IMG_ZH_WEEK_PERSIST
#define LV_ATTRIBUTE_IMG_ZH_WEEK_PERSIST
#endif
const LV_ATTRIBUTE_MEM_ALIGN LV_ATTRIBUTE_LARGE_CONST LV_ATTRIBUTE_IMG_ZH_WEEK_PERSIST uint8_t zh_week_persist_map[] = {
    0x00, 0x00, 0x00, 0x00, 0x00, 0x00, 0x00, 0x00, 0x00, 0x00, 0x00, 0x00, 0x00, 0x00, 0x00, 0x00, 0x00, 0x00, 0x00, 0x00, 0x00, 0x00, 0x00, 0x00,
    0x00, 0x00, 0x00, 0x00, 0x00, 0x00, 0x00, 0x00, 0x00, 0x00, 0x00, 0x00, 0x00, 0x00, 0x00, 0x00, 0x00, 0x00, 0x00, 0x00, 0x00, 0x00, 0x00, 0x00,
    0x00, 0x00, 0x00, 0x00, 0x00, 0x00, 0x00, 0x00, 0x00, 0x00, 0x00, 0x00, 0x00, 0x00, 0x00, 0x00, 0x00, 0x00, 0x00, 0x00, 0x00, 0x00, 0x00, 0x00,
    0x00, 0x00, 0x00, 0x00, 0x00, 0x00, 0x00, 0x00, 0x00, 0x00, 0x00, 0x00, 0x00, 0x00, 0x00, 0x00, 0x00, 0x00, 0x00, 0x00, 0x00, 0x00, 0x00, 0x00,
    0x00, 0x00, 0x00, 0x00, 0x00, 0x00, 0x00, 0x00, 0x00, 0x00, 0x00, 0x00, 0x00, 0x00, 0x00, 0x00, 0x00, 0x00, 0x00, 0x00, 0x00, 0x00, 0x00, 0x00,
    0x00, 0x00, 0x00, 0x00, 0x00, 0x00, 0x00, 0x00, 0x00, 0x00, 0x00, 0x00, 0x00, 0x00, 0x00, 0x00, 0x00, 0x00, 0x00, 0x00, 0x00, 0x00, 0x00, 0x00,
    0x00, 0x00, 0x00, 0x00, 0x00, 0x00, 0x00, 0x00, 0x00, 0x00, 0x00, 0x00, 0x00, 0x00, 0x00, 0x00, 0x00, 0x00, 0x00, 0x00, 0x00, 0x00, 0x00, 0x00,
    0x00, 0x00, 0x00, 0x00, 0x00, 0x00, 0x00, 0x00, 0x00, 0x00, 0x00, 0x00, 0x00, 0x00, 0x00, 0x00, 0x00, 0x00, 0x00, 0x00, 0x00, 0x00, 0x00, 0x00,
    0x00, 0x00, 0x00, 0x00, 0x00, 0x00, 0x00, 0x00, 0x00, 0x00, 0x00, 0x00, 0x00, 0x00, 0x00, 0x00, 0x00, 0x00, 0x00, 0x00, 0x00, 0x00, 0x00, 0x00,
    0x00, 0x00, 0x00, 0x00, 0x00, 0x00, 0x00, 0x00, 0x00, 0x00, 0x00, 0x00, 0x00, 0x00, 0x00, 0x00, 0x00, 0x00, 0x00, 0x00, 0x00, 0x00, 0x00, 0x00,
    0x00, 0x00, 0x00, 0x00, 0x00, 0x00, 0x00, 0x00, 0x00, 0x00, 0x00, 0x00, 0x00, 0x00, 0x00, 0x00, 0x00, 0x00, 0x00, 0x00, 0x00, 0x00, 0x00, 0x00,
    0x00, 0x00, 0x00, 0x00, 0x00, 0x00, 0x00, 0x00, 0x00, 0x00, 0x00, 0x00, 0x00, 0x00, 0x00, 0x00, 0x00, 0x00, 0x00, 0x00, 0x00, 0x00, 0x00, 0x00,
    0x00, 0x00, 0x00, 0x00, 0x00, 0x00, 0x00, 0x00, 0x00, 0x00, 0x00, 0x00, 0x00, 0x00, 0x00, 0x00, 0x00, 0x00, 0x00, 0x00, 0x00, 0x00, 0x00, 0x00,
    0x00, 0x00, 0x00, 0x00, 0x00, 0x00, 0x00, 0x00, 0x00, 0x00, 0x00, 0x00, 0x00, 0x00, 0x00, 0x00, 0x00, 0x00, 0x00, 0x00, 0x00, 0x00, 0x00, 0x00,
    0x00, 0x00, 0x00, 0x00, 0x00, 0x00, 0x00, 0x00, 0x00, 0x00, 0x00, 0x00, 0x00, 0x00, 0x00, 0x00, 0x00, 0x00, 0x00, 0x00, 0x00, 0x00, 0x00, 0x00,
    0x00, 0x00, 0x00, 0x00, 0x00, 0x00, 0x00, 0x00, 0x00, 0x00, 0x00, 0x00, 0x00, 0x00, 0x00, 0x00, 0x00, 0x00, 0x00, 0x00, 0x00, 0x00, 0x00, 0x00,
    0x24, 0x21, 0x03, 0x24, 0x21, 0x03, 0x00, 0x00, 0x00, 0x00, 0x00, 0x00, 0x00, 0x00, 0x00, 0x00, 0x00, 0x00, 0x00, 0x00, 0x00, 0x00, 0x00, 0x00,
    0x00, 0x00, 0x00, 0x00, 0x00, 0x00, 0x00, 0x00, 0x00, 0x00, 0x00, 0x00, 0x00, 0x00, 0x00, 0x00, 0x00, 0x00, 0x00, 0x00, 0x00, 0x00, 0x00, 0x00,
    0x00, 0x00, 0x00, 0x00, 0x00, 0x00, 0x00, 0x00, 0x00, 0x00, 0x00, 0x00, 0x00, 0x00, 0x00, 0x00, 0x00, 0x00, 0x00, 0x00, 0x00, 0x00, 0x00, 0x00,
    0x00, 0x00, 0x00, 0x00, 0x00, 0x00, 0x00, 0x00, 0x00, 0x00, 0x00, 0x00, 0x00, 0x00, 0x00, 0x00, 0x00, 0x00, 0x00, 0x00, 0x00, 0x00, 0x00, 0x00,
    0x00, 0x00, 0x00, 0x00, 0x00, 0x00, 0x00, 0x00, 0x00, 0x00, 0x00, 0x00, 0x00, 0x00, 0x00, 0x00, 0x00, 0x00, 0x24, 0x21, 0x0f, 0x24, 0x21, 0x0c,
    0x00, 0x00, 0x00, 0x00, 0x00, 0x00, 0x00, 0x00, 0x00, 0x00, 0x00, 0x00, 0x24, 0x21, 0x01, 0x24, 0x21, 0x03, 0x00, 0x00, 0x00, 0x00, 0x00, 0x00,
    0x00, 0x00, 0x00, 0x00, 0x00, 0x00, 0x00, 0x00, 0x00, 0x00, 0x00, 0x00, 0x00, 0x00, 0x00, 0x00, 0x00, 0x00, 0x00, 0x00, 0x00, 0x00, 0x00, 0x00,
    0x00, 0x00, 0x00, 0x00, 0x00, 0x00, 0x00, 0x00, 0x00, 0x00, 0x00, 0x00, 0x24, 0x21, 0xe7, 0x24, 0x21, 0xdf, 0x00, 0x00, 0x00, 0x00, 0x00, 0x00,
    0x00, 0x00, 0x00, 0x00, 0x00, 0x00, 0x00, 0x00, 0x00, 0x00, 0x00, 0x00, 0x00, 0x00, 0x00, 0x00, 0x00, 0x00, 0x00, 0x00, 0x00, 0x00, 0x00, 0x00,
    0x00, 0x00, 0x00, 0x00, 0x00, 0x00, 0x00, 0x00, 0x00, 0x00, 0x00, 0x00, 0x00, 0x00, 0x00, 0x00, 0x00, 0x00, 0x00, 0x00, 0x00, 0x00, 0x00, 0x00,
    0x00, 0x00, 0x00, 0x00, 0x00, 0x00, 0x00, 0x00, 0x00, 0x24, 0x21, 0x0b, 0x24, 0x21, 0x0c, 0x00, 0x00, 0x00, 0x24, 0x21, 0x90, 0x24, 0x21, 0x53,
    0x24, 0x21, 0x44, 0x24, 0x21, 0x6f, 0x24, 0x21, 0x6f, 0x24, 0x21, 0x6f, 0x24, 0x21, 0x6f, 0x24, 0x21, 0x73, 0x24, 0x21, 0x37, 0x00, 0x00, 0x00,
    0x00, 0x00, 0x00, 0x00, 0x00, 0x00, 0x24, 0x21, 0xe7, 0x24, 0x21, 0xa3, 0x00, 0x00, 0x00, 0x00, 0x00, 0x00, 0x00, 0x00, 0x00, 0x00, 0x00, 0x00,
    0x24, 0x21, 0x7b, 0x24, 0x21, 0xff, 0x24, 0x21, 0x1f, 0x00, 0x00, 0x00, 0x00, 0x00, 0x00, 0x00, 0x00, 0x00, 0x00, 0x00, 0x00, 0x00, 0x00, 0x00,
    0x00, 0x00, 0x00, 0x00, 0x00, 0x00, 0x00, 0x00, 0x00, 0x00, 0x00, 0x00, 0x00, 0x00, 0x00, 0x00, 0x00, 0x00, 0x00, 0x00, 0x00, 0x00, 0x00, 0x00,
    0x24, 0x21, 0xe7, 0x24, 0x21, 0xdf, 0x00, 0x00, 0x00, 0x00, 0x00, 0x00, 0x00, 0x00, 0x00, 0x00, 0x00, 0x00, 0x00, 0x00, 0x00, 0x00, 0x00, 0x00,
    0x00, 0x00, 0x00, 0x24, 0x21, 0x3b, 0x24, 0x21, 0xff, 0x24, 0x21, 0xff, 0x24, 0x21, 0xff, 0x24, 0x21, 0xff, 0x24, 0x21, 0xff, 0x24, 0x21, 0xff,
    0x24, 0x21, 0xff, 0x24, 0x21, 0xff, 0x24, 0x21, 0xff, 0x24, 0x21, 0xff, 0x24, 0x21, 0x9f, 0x00, 0x00, 0x00, 0x00, 0x00, 0x00, 0x24, 0x21, 0xb7,
    0x24, 0x21, 0xcb, 0x00, 0x00, 0x00, 0x24, 0x21, 0xf3, 0x24, 0x21, 0x8b, 0x24, 0x21, 0x9b, 0x24, 0x21, 0xff, 0x24, 0x21, 0xff, 0x24, 0x21, 0xff,
    0x24, 0x21, 0xff, 0x24, 0x21, 0xff, 0x24, 0x21, 0x8e, 0x00, 0x00, 0x00, 0x00, 0x00, 0x00, 0x00, 0x00, 0x00, 0x24, 0x21, 0xe7, 0x24, 0x21, 0xa3,
    0x00, 0x00, 0x00, 0x24, 0x21, 0x2d, 0x24, 0x21, 0x83, 0x24, 0x21, 0x83, 0x24, 0x21, 0xc0, 0x24, 0x21, 0xff, 0x24, 0x21, 0x93, 0x24, 0x21, 0x83,
    0x24, 0x21, 0x7f, 0x00, 0x00, 0x00, 0x00, 0x00, 0x00, 0x00, 0x00, 0x00, 0x00, 0x00, 0x00, 0x00, 0x00, 0x00, 0x00, 0x00, 0x00, 0x00, 0x00, 0x00,
    0x00, 0x00, 0x00, 0x00, 0x00, 0x00, 0x00, 0x00, 0x00, 0x00, 0x00, 0x00, 0x24, 0x21, 0xe7, 0x24, 0x21, 0xdf, 0x00, 0x00, 0x00, 0x00, 0x00, 0x00,
    0x00, 0x00, 0x00, 0x00, 0x00, 0x00, 0x00, 0x00, 0x00, 0x00, 0x00, 0x00, 0x00, 0x00, 0x00, 0x24, 0x21, 0x3b, 0x24, 0x21, 0xff, 0x24, 0x21, 0xc0,
    0x24, 0x21, 0x8f, 0x24, 0x21, 0x8f, 0x24, 0x21, 0xb8, 0x24, 0x21, 0xc0, 0x24, 0x21, 0x8f, 0x24, 0x21, 0x8f, 0x24, 0x21, 0x95, 0x24, 0x21, 0xff,
    0x24, 0x21, 0x9f, 0x00, 0x00, 0x00, 0x00, 0x00, 0x00, 0x24, 0x21, 0xb7, 0x24, 0x21, 0xcb, 0x00, 0x00, 0x00, 0x24, 0x21, 0xf3, 0x24, 0x21, 0x8b,
    0x24, 0x21, 0x23, 0x24, 0x21, 0xfb, 0x24, 0x21, 0x60, 0x00, 0x00, 0x00, 0x24, 0x21, 0x86, 0x24, 0x21, 0xff, 0x24, 0x21, 0x37, 0x00, 0x00, 0x00,
    0x24, 0x21, 0x41, 0x24, 0x21, 0x87, 0x24, 0x21, 0xf4, 0x24, 0x21, 0xd4, 0x24, 0x21, 0x72, 0x24, 0x21, 0x57, 0x24, 0x21, 0xff, 0x24, 0x21, 0xff,
    0x24, 0x21, 0xff, 0x24, 0x21, 0xff, 0x24, 0x21, 0xff, 0x24, 0x21, 0xff, 0x24, 0x21, 0xf7, 0x00, 0x00, 0x00, 0x00, 0x00, 0x00, 0x00, 0x00, 0x00,
    0x00, 0x00, 0x00, 0x00, 0x00, 0x00, 0x24, 0x21, 0x2f, 0x24, 0x21, 0xff, 0x24, 0x21, 0xff, 0x24, 0x21, 0xff, 0x24, 0x21, 0xff, 0x24, 0x21, 0xff,
    0x24, 0x21, 0xff, 0x24, 0x21, 0xff, 0x24, 0x21, 0xff, 0x24, 0x21, 0xff, 0x24, 0x21, 0xff, 0x24, 0x21, 0xff, 0x24, 0x21, 0xff, 0x24, 0x21, 0x33,
    0x00, 0x00, 0x00, 0x24, 0x21, 0x3b, 0x24, 0x21, 0xff, 0x24, 0x21, 0x6f, 0x24, 0x21, 0x37, 0x24, 0x21, 0x43, 0x24, 0x21, 0xcb, 0x24, 0x21, 0xe8,
    0x24, 0x21, 0x43, 0x24, 0x21, 0x43, 0x24, 0x21, 0x11, 0x24, 0x21, 0xff, 0x24, 0x21, 0x9f, 0x00, 0x00, 0x00, 0x00, 0x00, 0x00, 0x24, 0x21, 0xb7,
    0x24, 0x21, 0xcb, 0x00, 0x00, 0x00, 0x24, 0x21, 0xf3, 0x24, 0x21, 0x8b, 0x00, 0x00, 0x00, 0x24, 0x21, 0xa5, 0x24, 0x21, 0xed, 0x24, 0x21, 0x3d,
    0x24, 0x21, 0xf9, 0x24, 0x21, 0xcd, 0x24, 0x21, 0x01, 0x00, 0x00, 0x00, 0x24, 0x21, 0x7b, 0x24, 0x21, 0xff, 0x24, 0x21, 0xff, 0x24, 0x21, 0xff,
    0x24, 0x21, 0xd7, 0x00, 0x00, 0x00, 0x00, 0x00, 0x00, 0x00, 0x00, 0x00, 0x24, 0x21, 0x7b, 0x24, 0x21, 0xff, 0x24, 0x21, 0x1f, 0x00, 0x00, 0x00,
    0x00, 0x00, 0x00, 0x00, 0x00, 0x00, 0x00, 0x00, 0x00, 0x00, 0x00, 0x00, 0x00, 0x00, 0x00, 0x00, 0x00, 0x00, 0x24, 0x21, 0x22, 0x24, 0x21, 0xb7,
    0x24, 0x21, 0xb7, 0x24, 0x21, 0xb7, 0x24, 0x21, 0xf0, 0x24, 0x21, 0xfb, 0x24, 0x21, 0xf9, 0x24, 0x21, 0xf8, 0x24, 0x21, 0xff, 0x24, 0x21, 0xec,
    0x24, 0x21, 0xb7, 0x24, 0x21, 0xb7, 0x24, 0x21, 0xb7, 0x24, 0x21, 0x25, 0x00, 0x00, 0x00, 0x24, 0x21, 0x3b, 0x24, 0x21, 0xff, 0x24, 0x21, 0x6f,
    0x24, 0x21, 0xcf, 0x24, 0x21, 0xff, 0x24, 0x21, 0xff, 0x24, 0x21, 0xff, 0x24, 0x21, 0xff, 0x24, 0x21, 0xff, 0x24, 0x21, 0x1f, 0x24, 0x21, 0xff,
    0x24, 0x21, 0x9f, 0x00, 0x00, 0x00, 0x00, 0x00, 0x00, 0x24, 0x21, 0xb7, 0x24, 0x21, 0xcb, 0x00, 0x00, 0x00, 0x24, 0x21, 0xf3, 0x24, 0x21, 0x8b,
    0x00, 0x00, 0x00, 0x24, 0x21, 0x21, 0x24, 0x21, 0xf9, 0x24, 0x21, 0xfa, 0x24, 0x21, 0xfc, 0x24, 0x21, 0x32, 0x00, 0x00, 0x00, 0x00, 0x00, 0x00,
    0x00, 0x00, 0x00, 0x00, 0x00, 0x00, 0x24, 0x21, 0xe7, 0x24, 0x21, 0xa3, 0x00, 0x00, 0x00, 0x24, 0x21, 0x7d, 0x24, 0x21, 0x83, 0x24, 0x21, 0x83,
    0x24, 0x21, 0xc0, 0x24, 0x21, 0xff, 0x24, 0x21, 0x93, 0x24, 0x21, 0x83, 0x24, 0x21, 0x83, 0x24, 0x21, 0x4c, 0x00, 0x00, 0x00, 0x00, 0x00, 0x00,
    0x00, 0x00, 0x00, 0x00, 0x00, 0x00, 0x00, 0x00, 0x00, 0x00, 0x00, 0x00, 0x00, 0x00, 0x00, 0x24, 0x21, 0x20, 0x24, 0x21, 0xfa, 0x24, 0x21, 0xb0,
    0x24, 0x21, 0xe7, 0x24, 0x21, 0xdf, 0x24, 0x21, 0xc3, 0x24, 0x21, 0xf8, 0x24, 0x21, 0x20, 0x00, 0x00, 0x00, 0x00, 0x00, 0x00, 0x00, 0x00, 0x00,
    0x00, 0x00, 0x00, 0x24, 0x21, 0x3b, 0x24, 0x21, 0xff, 0x24, 0x21, 0x6f, 0x00, 0x00, 0x00, 0x00, 0x00, 0x00, 0x24, 0x21, 0xb7, 0x24, 0x21, 0xdf,
    0x00, 0x00, 0x00, 0x00, 0x00, 0x00, 0x24, 0x21, 0x0b, 0x24, 0x21, 0xff, 0x24, 0x21, 0x9f, 0x00, 0x00, 0x00, 0x00, 0x00, 0x00, 0x24, 0x21, 0xb7,
    0x24, 0x21, 0xcb, 0x00, 0x00, 0x00, 0x24, 0x21, 0xf3, 0x24, 0x21, 0x8b, 0x24, 0x21, 0x06, 0x24, 0x21, 0x62, 0x24, 0x21, 0xec, 0x24, 0x21, 0xff,
    0x24, 0x21, 0xed, 0x24, 0x21, 0x6b, 0x24, 0x21, 0x0e, 0x00, 0x00, 0x00, 0x00, 0x00, 0x00, 0x00, 0x00, 0x00, 0x24, 0x21, 0xe7, 0x24, 0x21, 0xa3,
    0x00, 0x00, 0x00, 0x24, 0x21, 0xf3, 0x24, 0x21, 0xff, 0x24, 0x21, 0xff, 0x24, 0x21, 0xff, 0x24, 0x21, 0xff, 0x24, 0x21, 0xff, 0x24, 0x21, 0xff,
    0x24, 0x21, 0xff, 0x24, 0x21, 0x93, 0x00, 0x00, 0x00, 0x00, 0x00, 0x00, 0x00, 0x00, 0x00, 0x00, 0x00, 0x00, 0x00, 0x00, 0x00, 0x00, 0x00, 0x00,
    0x00, 0x00, 0x00, 0x24, 0x21, 0x9a, 0x24, 0x21, 0xff, 0x24, 0x21, 0x4c, 0x24, 0x21, 0xe7, 0x24, 0x21, 0xdf, 0x24, 0x21, 0x60, 0x24, 0x21, 0xff,
    0x24, 0x21, 0xa9, 0x00, 0x00, 0x00, 0x00, 0x00, 0x00, 0x00, 0x00, 0x00, 0x00, 0x00, 0x00, 0x24, 0x21, 0x3e, 0x24, 0x21, 0xff, 0x24, 0x21, 0x87,
    0x24, 0x21, 0xff, 0x24, 0x21, 0xff, 0x24, 0x21, 0xff, 0x24, 0x21, 0xff, 0x24, 0x21, 0xff, 0x24, 0x21, 0xff, 0x24, 0x21, 0x67, 0x24, 0x21, 0xff,
    0x24, 0x21, 0x9f, 0x00, 0x00, 0x00, 0x00, 0x00, 0x00, 0x24, 0x21, 0xb7, 0x24, 0x21, 0xcb, 0x00, 0x00, 0x00, 0x24, 0x21, 0xf3, 0x24, 0x21, 0x91,
    0x24, 0x21, 0xd9, 0x24, 0x21, 0xff, 0x24, 0x21, 0xeb, 0x24, 0x21, 0x97, 0x24, 0x21, 0xf6, 0x24, 0x21, 0xff, 0x24, 0x21, 0xf4, 0x24, 0x21, 0x3d,
    0x00, 0x00, 0x00, 0x00, 0x00, 0x00, 0x24, 0x21, 0xe7, 0x24, 0x21, 0xd2, 0x24, 0x21, 0x91, 0x00, 0x00, 0x00, 0x00, 0x00, 0x00, 0x00, 0x00, 0x00,
    0x00, 0x00, 0x00, 0x00, 0x00, 0x00, 0x24, 0x21, 0xab, 0x24, 0x21, 0xeb, 0x00, 0x00, 0x00, 0x00, 0x00, 0x00, 0x00, 0x00, 0x00, 0x00, 0x00, 0x00,
    0x00, 0x00, 0x00, 0x00, 0x00, 0x00, 0x00, 0x00, 0x00, 0x00, 0x00, 0x00, 0x24, 0x21, 0x1e, 0x24, 0x21, 0xfa, 0x24, 0x21, 0xe0, 0x24, 0x21, 0x03,
    0x24, 0x21, 0xe7, 0x24, 0x21, 0xdf, 0x24, 0x21, 0x0b, 0x24, 0x21, 0xed, 0x24, 0x21, 0xff, 0x24, 0x21, 0x3e, 0x00, 0x00, 0x00, 0x00, 0x00, 0x00,
    0x00, 0x00, 0x00, 0x24, 0x21, 0x46, 0x24, 0x21, 0xff, 0x24, 0x21, 0x6c, 0x24, 0x21, 0x57, 0x24, 0x21, 0x57, 0x24, 0x21, 0x57, 0x24, 0x21, 0x57,
    0x24, 0x21, 0x57, 0x24, 0x21, 0x57, 0x24, 0x21, 0x2b, 0x24, 0x21, 0xff, 0x24, 0x21, 0x9f, 0x00, 0x00, 0x00, 0x00, 0x00, 0x00, 0x24, 0x21, 0x1c,
    0x24, 0x21, 0x1f, 0x00, 0x00, 0x00, 0x24, 0x21, 0xa0, 0x24, 0x21, 0x5b, 0x24, 0x21, 0x76, 0x24, 0x21, 0x88, 0x24, 0x21, 0x0f, 0x00, 0x00, 0x00,
    0x24, 0x21, 0x24, 0x24, 0x21, 0x9a, 0x24, 0x21, 0xb7, 0x24, 0x21, 0x02, 0x24, 0x21, 0x51, 0x24, 0x21, 0xb6, 0x24, 0x21, 0xfc, 0x24, 0x21, 0xff,
    0x24, 0x21, 0xe4, 0x24, 0x21, 0x69, 0x24, 0x21, 0x7f, 0x24, 0x21, 0x7f, 0x24, 0x21, 0x7f, 0x24, 0x21, 0x7f, 0x24, 0x21, 0xd5, 0x24, 0x21, 0xf5,
    0x24, 0x21, 0x7f, 0x24, 0x21, 0x3d, 0x00, 0x00, 0x00, 0x00, 0x00, 0x00, 0x00, 0x00, 0x00, 0x00, 0x00, 0x00, 0x00, 0x00, 0x00, 0x00, 0x00, 0x00,
    0x24, 0x21, 0xaf, 0x24, 0x21, 0xff, 0x24, 0x21, 0x5a, 0x00, 0x00, 0x00, 0x24, 0x21, 0xe7, 0x24, 0x21, 0xdf, 0x00, 0x00, 0x00, 0x24, 0x21, 0x6f,
    0x24, 0x21, 0xff, 0x24, 0x21, 0xe7, 0x24, 0x21, 0x1e, 0x00, 0x00, 0x00, 0x00, 0x00, 0x00, 0x24, 0x21, 0x5b, 0x24, 0x21, 0xff, 0x24, 0x21, 0x4e,
    0x24, 0x21, 0x97, 0x24, 0x21, 0xff, 0x24, 0x21, 0xff, 0x24, 0x21, 0xff, 0x24, 0x21, 0xff, 0x24, 0x21, 0xd3, 0x24, 0x21, 0x0b, 0x24, 0x21, 0xff,
    0x24, 0x21, 0x9f, 0x00, 0x00, 0x00, 0x00, 0x00, 0x00, 0x00, 0x00, 0x00, 0x00, 0x00, 0x00, 0x00, 0x00, 0x00, 0x00, 0x00, 0x00, 0x00, 0x00, 0x00,
    0x24, 0x21, 0xd9, 0x24, 0x21, 0xc6, 0x00, 0x00, 0x00, 0x00, 0x00, 0x00, 0x00, 0x00, 0x00, 0x00, 0x00, 0x00, 0x00, 0x00, 0x00, 0x00, 0x00, 0x00,
    0x24, 0x21, 0x88, 0x24, 0x21, 0xff, 0x24, 0x21, 0xfe, 0x24, 0x21, 0xc6, 0x24, 0x21, 0x26, 0x24, 0x21, 0xd3, 0x24, 0x21, 0xff, 0x24, 0x21, 0xff,
    0x24, 0x21, 0xff, 0x24, 0x21, 0xff, 0x24, 0x21, 0xff, 0x24, 0x21, 0xff, 0x24, 0x21, 0xff, 0x24, 0x21, 0x7b, 0x00, 0x00, 0x00, 0x00, 0x00, 0x00,
    0x00, 0x00, 0x00, 0x00, 0x00, 0x00, 0x00, 0x00, 0x00, 0x24, 0x21, 0x7a, 0x24, 0x21, 0xff, 0x24, 0x21, 0xca, 0x24, 0x21, 0x01, 0x00, 0x00, 0x00,
    0x24, 0x21, 0xe7, 0x24, 0x21, 0xdf, 0x00, 0x00, 0x00, 0x24, 0x21, 0x05, 0x24, 0x21, 0xda, 0x24, 0x21, 0xff, 0x24, 0x21, 0xe0, 0x24, 0x21, 0x2c,
    0x00, 0x00, 0x00, 0x24, 0x21, 0x78, 0x24, 0x21, 0xff, 0x24, 0x21, 0x31, 0x24, 0x21, 0x97, 0x24, 0x21, 0xf1, 0x24, 0x21, 0x47, 0x24, 0x21, 0x47,
    0x24, 0x21, 0xcf, 0x24, 0x21, 0xd3, 0x24, 0x21, 0x0b, 0x24, 0x21, 0xff, 0x24, 0x21, 0x9f, 0x00, 0x00, 0x00, 0x00, 0x00, 0x00, 0x00, 0x00, 0x00,
    0x24, 0x21, 0xdb, 0x24, 0x21, 0xff, 0x24, 0x21, 0xff, 0x24, 0x21, 0xff, 0x24, 0x21, 0xff, 0x24, 0x21, 0xff, 0x24, 0x21, 0xff, 0x24, 0x21, 0xff,
    0x24, 0x21, 0xff, 0x24, 0x21, 0xd7, 0x00, 0x00, 0x00, 0x00, 0x00, 0x00, 0x24, 0x21, 0x20, 0x24, 0x21, 0x1f, 0x24, 0x21, 0xe7, 0x24, 0x21, 0xa3,
    0x00, 0x00, 0x00, 0x24, 0x21, 0x01, 0x24, 0x21, 0x6f, 0x24, 0x21, 0x7f, 0x00, 0x00, 0x00, 0x00, 0x00, 0x00, 0x24, 0x21, 0xab, 0x24, 0x21, 0xeb,
    0x00, 0x00, 0x00, 0x00, 0x00, 0x00, 0x00, 0x00, 0x00, 0x00, 0x00, 0x00, 0x00, 0x00, 0x00, 0x00, 0x00, 0x00, 0x24, 0x21, 0x63, 0x24, 0x21, 0xff,
    0x24, 0x21, 0xbb, 0x24, 0x21, 0xdf, 0x24, 0x21, 0xff, 0x24, 0x21, 0xff, 0x24, 0x21, 0xff, 0x24, 0x21, 0xff, 0x24, 0x21, 0xff, 0x24, 0x21, 0xff,
    0x24, 0x21, 0xd1, 0x24, 0x21, 0xb9, 0x24, 0x21, 0xf0, 0x24, 0x21, 0x2e, 0x00, 0x00, 0x00, 0x24, 0x21, 0xaf, 0x24, 0x21, 0xfb, 0x24, 0x21, 0x0b,
    0x24, 0x21, 0x97, 0x24, 0x21, 0xeb, 0x00, 0x00, 0x00, 0x00, 0x00, 0x00, 0x24, 0x21, 0xbb, 0x24, 0x21, 0xd3, 0x24, 0x21, 0x0b, 0x24, 0x21, 0xff,
    0x24, 0x21, 0x9f, 0x00, 0x00, 0x00, 0x00, 0x00, 0x00, 0x00, 0x00, 0x00, 0x24, 0x21, 0x59, 0x24, 0x21, 0x67, 0x24, 0x21, 0x67, 0x24, 0x21, 0x67,
    0x24, 0x21, 0xef, 0x24, 0x21, 0xe3, 0x24, 0x21, 0x67, 0x24, 0x21, 0x67, 0x24, 0x21, 0x67, 0x24, 0x21, 0x57, 0x00, 0x00, 0x00, 0x00, 0x00, 0x00,
    0x00, 0x00, 0x00, 0x00, 0x00, 0x00, 0x24, 0x21, 0xe7, 0x24, 0x21, 0xa3, 0x00, 0x00, 0x00, 0x00, 0x00, 0x00, 0x24, 0x21, 0xb2, 0x24, 0x21, 0xfd,
    0x24, 0x21, 0x33, 0x00, 0x00, 0x00, 0x24, 0x21, 0xab, 0x24, 0x21, 0xeb, 0x00, 0x00, 0x00, 0x00, 0x00, 0x00, 0x00, 0x00, 0x00, 0x00, 0x00, 0x00,
    0x00, 0x00, 0x00, 0x00, 0x00, 0x00, 0x24, 0x21, 0x11, 0x24, 0x21, 0xb4, 0x24, 0x21, 0x13, 0x24, 0x21, 0x9e, 0x24, 0x21, 0xb7, 0x24, 0x21, 0xb7,
    0x24, 0x21, 0xf9, 0x24, 0x21, 0xf6, 0x24, 0x21, 0xb7, 0x24, 0x21, 0xb7, 0x24, 0x21, 0x92, 0x24, 0x21, 0x0c, 0x24, 0x21, 0x44, 0x00, 0x00, 0x00,
    0x24, 0x21, 0x09, 0x24, 0x21, 0xee, 0x24, 0x21, 0xc7, 0x00, 0x00, 0x00, 0x24, 0x21, 0x97, 0x24, 0x21, 0xff, 0x24, 0x21, 0xff, 0x24, 0x21, 0xff,
    0x24, 0x21, 0xff, 0x24, 0x21, 0xd3, 0x24, 0x21, 0x0b, 0x24, 0x21, 0xff, 0x24, 0x21, 0x9f, 0x00, 0x00, 0x00, 0x00, 0x00, 0x00, 0x00, 0x00, 0x00,
    0x00, 0x00, 0x00, 0x00, 0x00, 0x00, 0x00, 0x00, 0x00, 0x00, 0x00, 0x00, 0x24, 0x21, 0xe3, 0x24, 0x21, 0xcf, 0x00, 0x00, 0x00, 0x00, 0x00, 0x00,
    0x00, 0x00, 0x00, 0x00, 0x00, 0x00, 0x00, 0x00, 0x00, 0x00, 0x00, 0x00, 0x00, 0x00, 0x00, 0x00, 0x00, 0x00, 0x24, 0x21, 0xe7, 0x24, 0x21, 0xa3,
    0x00, 0x00, 0x00, 0x00, 0x00, 0x00, 0x24, 0x21, 0x22, 0x24, 0x21, 0xfc, 0x24, 0x21, 0xa4, 0x00, 0x00, 0x00, 0x24, 0x21, 0xab, 0x24, 0x21, 0xeb,
    0x00, 0x00, 0x00, 0x00, 0x00, 0x00, 0x00, 0x00, 0x00, 0x00, 0x00, 0x00, 0x00, 0x00, 0x00, 0x00, 0x00, 0x00, 0x00, 0x00, 0x00, 0x00, 0x00, 0x00,
    0x00, 0x00, 0x00, 0x00, 0x00, 0x00, 0x00, 0x00, 0x00, 0x00, 0x00, 0x00, 0x24, 0x21, 0xe7, 0x24, 0x21, 0xdf, 0x00, 0x00, 0x00, 0x00, 0x00, 0x00,
    0x00, 0x00, 0x00, 0x00, 0x00, 0x00, 0x00, 0x00, 0x00, 0x00, 0x00, 0x00, 0x24, 0x21, 0x70, 0x24, 0x21, 0xff, 0x24, 0x21, 0x77, 0x00, 0x00, 0x00,
    0x24, 0x21, 0x97, 0x24, 0x21, 0xf1, 0x24, 0x21, 0x47, 0x24, 0x21, 0x47, 0x24, 0x21, 0x55, 0x24, 0x21, 0xc3, 0x24, 0x21, 0x9a, 0x24, 0x21, 0xff,
    0x24, 0x21, 0x90, 0x00, 0x00, 0x00, 0x24, 0x21, 0x2f, 0x24, 0x21, 0xff, 0x24, 0x21, 0xff, 0x24, 0x21, 0xff, 0x24, 0x21, 0xff, 0x24, 0x21, 0xff,
    0x24, 0x21, 0xff, 0x24, 0x21, 0xff, 0x24, 0x21, 0xff, 0x24, 0x21, 0xff, 0x24, 0x21, 0xff, 0x24, 0x21, 0xff, 0x24, 0x21, 0xff, 0x24, 0x21, 0x3f,
    0x24, 0x21, 0x20, 0x24, 0x21, 0x89, 0x24, 0x21, 0xf9, 0x24, 0x21, 0x99, 0x00, 0x00, 0x00, 0x00, 0x00, 0x00, 0x00, 0x00, 0x00, 0x24, 0x21, 0x59,
    0x24, 0x21, 0x4b, 0x24, 0x21, 0x8d, 0x24, 0x21, 0xe4, 0x24, 0x21, 0xe0, 0x00, 0x00, 0x00, 0x00, 0x00, 0x00, 0x00, 0x00, 0x00, 0x00, 0x00, 0x00,
    0x00, 0x00, 0x00, 0x00, 0x00, 0x00, 0x00, 0x00, 0x00, 0x00, 0x00, 0x00, 0x00, 0x00, 0x00, 0x00, 0x00, 0x00, 0x00, 0x00, 0x00, 0x00, 0x00, 0x00,
    0x24, 0x21, 0xe7, 0x24, 0x21, 0xdf, 0x00, 0x00, 0x00, 0x00, 0x00, 0x00, 0x00, 0x00, 0x00, 0x00, 0x00, 0x00, 0x00, 0x00, 0x00, 0x00, 0x00, 0x00,
    0x24, 0x21, 0x2c, 0x24, 0x21, 0xcb, 0x24, 0x21, 0x0d, 0x00, 0x00, 0x00, 0x24, 0x21, 0x0e, 0x24, 0x21, 0x16, 0x00, 0x00, 0x00, 0x00, 0x00, 0x00,
    0x00, 0x00, 0x00, 0x24, 0x21, 0xd5, 0x24, 0x21, 0xf9, 0x24, 0x21, 0xd2, 0x24, 0x21, 0x30, 0x00, 0x00, 0x00, 0x24, 0x21, 0x15, 0x24, 0x21, 0x73,
    0x24, 0x21, 0x73, 0x24, 0x21, 0x73, 0x24, 0x21, 0x73, 0x24, 0x21, 0x73, 0x24, 0x21, 0x73, 0x24, 0x21, 0x73, 0x24, 0x21, 0x73, 0x24, 0x21, 0x73,
    0x24, 0x21, 0x73, 0x24, 0x21, 0x73, 0x24, 0x21, 0x73, 0x24, 0x21, 0x1c, 0x24, 0x21, 0x0b, 0x24, 0x21, 0xf4, 0x24, 0x21, 0xdf, 0x24, 0x21, 0x3f,
    0x00, 0x00, 0x00, 0x00, 0x00, 0x00, 0x00, 0x00, 0x00, 0x00, 0x00, 0x00, 0x24, 0x21, 0x32, 0x24, 0x21, 0xfc, 0x24, 0x21, 0xe6, 0x24, 0x21, 0x6f,
    0x00, 0x00, 0x00, 0x00, 0x00, 0x00, 0x00, 0x00, 0x00, 0x00, 0x00, 0x00, 0x00, 0x00, 0x00, 0x00, 0x00, 0x00, 0x00, 0x00, 0x00, 0x00, 0x00, 0x00,
    0x00, 0x00, 0x00, 0x00, 0x00, 0x00, 0x00, 0x00, 0x00, 0x00, 0x00, 0x00, 0x24, 0x21, 0x15, 0x24, 0x21, 0x14, 0x00, 0x00, 0x00, 0x00, 0x00, 0x00,
    0x00, 0x00, 0x00, 0x00, 0x00, 0x00, 0x00, 0x00, 0x00, 0x00, 0x00, 0x00, 0x00, 0x00, 0x00, 0x24, 0x21, 0x03, 0x00, 0x00, 0x00, 0x00, 0x00, 0x00,
    0x00, 0x00, 0x00, 0x00, 0x00, 0x00, 0x00, 0x00, 0x00, 0x00, 0x00, 0x00, 0x00, 0x00, 0x00, 0x00, 0x00, 0x00, 0x00, 0x00, 0x00, 0x00, 0x00, 0x00,
    0x00, 0x00, 0x00, 0x00, 0x00, 0x00, 0x00, 0x00, 0x00, 0x00, 0x00, 0x00, 0x00, 0x00, 0x00, 0x00, 0x00, 0x00, 0x00, 0x00, 0x00, 0x00, 0x00, 0x00,
    0x00, 0x00, 0x00, 0x00, 0x00, 0x00, 0x00, 0x00, 0x00, 0x00, 0x00, 0x00, 0x00, 0x00, 0x00, 0x00, 0x00, 0x00, 0x00, 0x00, 0x00, 0x00, 0x00, 0x00,
    0x00, 0x00, 0x00, 0x00, 0x00, 0x00, 0x00, 0x00, 0x00, 0x00, 0x00, 0x00, 0x00, 0x00, 0x00, 0x00, 0x00, 0x00, 0x00, 0x00, 0x00, 0x00, 0x00, 0x00,
    0x00, 0x00, 0x00, 0x00, 0x00, 0x00, 0x00, 0x00, 0x00, 0x00, 0x00, 0x00, 0x00, 0x00, 0x00, 0x00, 0x00, 0x00, 0x00, 0x00, 0x00, 0x00, 0x00, 0x00,
    0x00, 0x00, 0x00, 0x00, 0x00, 0x00, 0x00, 0x00, 0x00, 0x00, 0x00, 0x00, 0x00, 0x00, 0x00, 0x00, 0x00, 0x00, 0x00, 0x00, 0x00, 0x00, 0x00, 0x00,
    0x00, 0x00, 0x00, 0x00, 0x00, 0x00, 0x00, 0x00, 0x00, 0x00, 0x00, 0x00, 0x00, 0x00, 0x00, 0x00, 0x00, 0x00, 0x00, 0x00, 0x00, 0x00, 0x00, 0x00,
    0x00, 0x00, 0x00, 0x00, 0x00, 0x00, 0x00, 0x00, 0x00, 0x00, 0x00, 0x00, 0x00, 0x00, 0x00, 0x00, 0x00, 0x00, 0x00, 0x00, 0x00, 0x00, 0x00, 0x00,
    0x00, 0x00, 0x00, 0x00, 0x00, 0x00, 0x00, 0x00, 0x00, 0x00, 0x00, 0x00, 0x00, 0x00, 0x00, 0x00, 0x00, 0x00, 0x00, 0x00, 0x00, 0x00, 0x00, 0x00,
    0x00, 0x00, 0x00, 0x00, 0x00, 0x00, 0x00, 0x00, 0x00, 0x00, 0x00, 0x00, 0x00, 0x00, 0x00, 0x00, 0x00, 0x00, 0x00, 0x00, 0x00, 0x00, 0x00, 0x00,
    0x00, 0x00, 0x00, 0x00, 0x00, 0x00, 0x00, 0x00, 0x00, 0x00, 0x00, 0x00, 0x00, 0x00, 0x00, 0x00, 0x00, 0x00, 0x00, 0x00, 0x00, 0x00, 0x00, 0x00,
    0x00, 0x00, 0x00, 0x00, 0x00, 0x00, 0x00, 0x00, 0x00, 0x00, 0x00, 0x00, 0x00, 0x00, 0x00, 0x00, 0x00, 0x00, 0x00, 0x00, 0x00, 0x00, 0x00, 0x00,
    0x00, 0x00, 0x00, 0x00, 0x00, 0x00, 0x00, 0x00, 0x00, 0x00, 0x00, 0x00, 0x00, 0x00, 0x00, 0x00, 0x00, 0x00, 0x00, 0x00, 0x00, 0x00, 0x00, 0x00,
    0x00, 0x00, 0x00, 0x00, 0x00, 0x00, 0x00, 0x00, 0x00, 0x00, 0x00, 0x00, 0x00, 0x00, 0x00, 0x00, 0x00, 0x00, 0x00, 0x00, 0x00, 0x00, 0x00, 0x00,
    0x00, 0x00, 0x00, 0x00, 0x00, 0x00, 0x00, 0x00, 0x00, 0x00, 0x00, 0x00, 0x00, 0x00, 0x00, 0x00, 0x00, 0x00, 0x00, 0x00, 0x00, 0x00, 0x00, 0x00,
    0x00, 0x00, 0x00, 0x00, 0x00, 0x00, 0x00, 0x00, 0x00, 0x00, 0x00, 0x00, 0x00, 0x00, 0x00, 0x00, 0x00, 0x00, 0x00, 0x00, 0x00, 0x00, 0x00, 0x00,
    0x00, 0x00, 0x00, 0x00, 0x00, 0x00, 0x00, 0x00, 0x00, 0x00, 0x00, 0x00, 0x00, 0x00, 0x00, 0x00, 0x00, 0x00, 0x00, 0x00, 0x00, 0x00, 0x00, 0x00,
    0x00, 0x00, 0x00, 0x00, 0x00, 0x00, 0x00, 0x00, 0x00, 0x00, 0x00, 0x00, 0x00, 0x00, 0x00, 0x00, 0x00, 0x00, 0x00, 0x00, 0x00, 0x00, 0x00, 0x00,
    0x00, 0x00, 0x00, 0x00, 0x00, 0x00, 0x00, 0x00, 0x00, 0x00, 0x00, 0x00, 0x00, 0x00, 0x00, 0x00, 0x00, 0x00, 0x00, 0x00, 0x00, 0x00, 0x00, 0x00,
    0x00, 0x00, 0x00, 0x00, 0x00, 0x00, 0x00, 0x00, 0x00, 0x00, 0x00, 0x00, 0x00, 0x00, 0x00, 0x00, 0x00, 0x00, 0x00, 0x00, 0x00, 0x00, 0x00, 0x00,
};
const lv_img_dsc_t zh_week_persist = {
    .header.always_zero = 0,
    .header.w = 60,
    .header.h = 20,
    .data_size = 3600,
    .header.cf = LV_IMG_CF_TRUE_COLOR_ALPHA,
    .data = zh_week_persist_map,
};

#ifndef LV_ATTRIBUTE_IMG_ZH_WEEK_TOTAL
#define LV_ATTRIBUTE_IMG_ZH_WEEK_TOTAL
#endif
const LV_ATTRIBUTE_MEM_ALIGN LV_ATTRIBUTE_LARGE_CONST LV_ATTRIBUTE_IMG_ZH_WEEK_TOTAL uint8_t zh_week_total_map[] = {
    0x00, 0x00, 0x00, 0x00, 0x00, 0x00, 0x00, 0x00, 0x00, 0x00, 0x00, 0x00, 0x00, 0x00, 0x00, 0x00, 0x00, 0x00, 0x00, 0x00, 0x00, 0x00, 0x00, 0x00,
    0x00, 0x00, 0x00, 0x00, 0x00, 0x00, 0x00, 0x00, 0x00, 0x00, 0x00, 0x00, 0x00, 0x00, 0x00, 0x00, 0x00, 0x00, 0x00, 0x00, 0x00, 0x00, 0x00, 0x00,
    0x00, 0x00, 0x00, 0x00, 0x00, 0x00, 0x00, 0x00, 0x00, 0x00, 0x00, 0x00, 0x00, 0x00, 0x00, 0x00, 0x00, 0x00, 0x00, 0x00, 0x00, 0x00, 0x00, 0x00,
    0x00, 0x00, 0x00, 0x00, 0x00, 0x00, 0x00, 0x00, 0x00, 0x00, 0x00, 0x00, 0x00, 0x00, 0x00, 0x00, 0x00, 0x00, 0x00, 0x00, 0x00, 0x00, 0x00, 0x00,
    0x00, 0x00, 0x00, 0x00, 0x00, 0x00, 0x00, 0x00, 0x00, 0x00, 0x00, 0x00, 0x00, 0x00, 0x00, 0x00, 0x00, 0x00, 0x00, 0x00, 0x00, 0x00, 0x00, 0x00,
    0x00, 0x00, 0x00, 0x00, 0x00, 0x00, 0x00, 0x00, 0x00, 0x00, 0x00, 0x00, 0x00, 0x00, 0x00, 0x00, 0x00, 0x00, 0x00, 0x00, 0x00, 0x00, 0x00, 0x00,
    0x00, 0x00, 0x00, 0x00, 0x00, 0x00, 0x00, 0x00, 0x00, 0x00, 0x00, 0x00, 0x00, 0x00, 0x00, 0x00, 0x00, 0x00, 0x00, 0x00, 0x00, 0x00, 0x00, 0x00,
    0x00, 0x00, 0x00, 0x00, 0x00, 0x00, 0x00, 0x00, 0x00, 0x00, 0x00, 0x00, 0x00, 0x00, 0x00, 0x00, 0x00, 0x00, 0x00, 0x00, 0x00, 0x00, 0x00, 0x00,
    0x00, 0x00, 0x00, 0x00, 0x00, 0x00, 0x00, 0x00, 0x00, 0x00, 0x00, 0x00, 0x00, 0x00, 0x00, 0x00, 0x00, 0x00, 0x00, 0x00, 0x00, 0x00, 0x00, 0x00,
    0x00, 0x00, 0x00, 0x00, 0x00, 0x00, 0x00, 0x00, 0x00, 0x00, 0x00, 0x00, 0x00, 0x00, 0x00, 0x00, 0x00, 0x00, 0x00, 0x00, 0x00, 0x00, 0x00, 0x00,
    0x00, 0x00, 0x00, 0x00, 0x00, 0x00, 0x00, 0x00, 0x00, 0x00, 0x00, 0x00, 0x00, 0x00, 0x00, 0x00, 0x00, 0x00, 0x00, 0x00, 0x00, 0x00, 0x00, 0x00,
    0x00, 0x00, 0x00, 0x00, 0x00, 0x00, 0x00, 0x00, 0x00, 0x00, 0x00, 0x00, 0x00, 0x00, 0x00, 0x00, 0x00, 0x00, 0x00, 0x00, 0x00, 0x00, 0x00, 0x00,
    0x00, 0x00, 0x00, 0x00, 0x00, 0x00, 0x00, 0x00, 0x00, 0x00, 0x00, 0x00, 0x00, 0x00, 0x00, 0x00, 0x00, 0x00, 0x00, 0x00, 0x00, 0x00, 0x00, 0x00,
    0x00, 0x00, 0x00, 0x00, 0x00, 0x00, 0x00, 0x00, 0x00, 0x00, 0x00, 0x00, 0x00, 0x00, 0x00, 0x00, 0x00, 0x00, 0x00, 0x00, 0x00, 0x00, 0x00, 0x00,
    0x00, 0x00, 0x00, 0x00, 0x00, 0x00, 0x8d, 0x6b, 0x04, 0x8d, 0x6b, 0x04, 0x00, 0x00, 0x00, 0x00, 0x00, 0x00, 0x00, 0x00, 0x00, 0x00, 0x00, 0x00,
    0x00, 0x00, 0x00, 0x00, 0x00, 0x00, 0x00, 0x00, 0x00, 0x00, 0x00, 0x00, 0x00, 0x00, 0x00, 0x00, 0x00, 0x00, 0x00, 0x00, 0x00, 0x00, 0x00, 0x00,
    0x00, 0x00, 0x00, 0x00, 0x00, 0x00, 0x00, 0x00, 0x00, 0x00, 0x00, 0x00, 0x00, 0x00, 0x00, 0x00, 0x00, 0x00, 0x00, 0x00, 0x00, 0x00, 0x00, 0x00,
    0x00, 0x00, 0x00, 0x00, 0x00, 0x00, 0x00, 0x00, 0x00, 0x00, 0x00, 0x00, 0x00, 0x00, 0x00, 0x00, 0x00, 0x00, 0x00, 0x00, 0x00, 0x00, 0x00, 0x00,
    0x00, 0x00, 0x00, 0x00, 0x00, 0x00, 0x00, 0x00, 0x00, 0x00, 0x00, 0x00, 0x00, 0x00, 0x00, 0x00, 0x00, 0x00, 0x00, 0x00, 0x00, 0x00, 0x00, 0x00,
    0x00, 0x00, 0x00, 0x00, 0x00, 0x00, 0x00, 0x00, 0x00, 0x00, 0x00, 0x00, 0x00, 0x00, 0x00, 0x00, 0x00, 0x00, 0x00, 0x00, 0x00, 0x00, 0x00, 0x00,
    0x00, 0x00, 0x00, 0x00, 0x00, 0x00, 0x00, 0x00, 0x00, 0x00, 0x00, 0x00, 0x00, 0x00, 0x00, 0x00, 0x00, 0x00, 0x00, 0x00, 0x00, 0x00, 0x00, 0x00,
    0x8d, 0x6b, 0x67, 0x8d, 0x6b, 0x5f, 0x00, 0x00, 0x00, 0x00, 0x00, 0x00, 0x00, 0x00, 0x00, 0x00, 0x00, 0x00, 0x00, 0x00, 0x00, 0x8d, 0x6b, 0x5d,
    0x8d, 0x6b, 0xaf, 0x8d, 0x6b, 0xaf, 0x8d, 0x6b, 0xaf, 0x8d, 0x6b, 0xaf, 0x8d, 0x6b, 0xaf, 0x8d, 0x6b, 0xaf, 0x8d, 0x6b, 0x89, 0x00, 0x00, 0x00,
    0x00, 0x00, 0x00, 0x00, 0x00, 0x00, 0x8d, 0x6b, 0x35, 0x8d, 0x6b, 0x7f, 0x00, 0x00, 0x00, 0x00, 0x00, 0x00, 0x8d, 0x6b, 0x69, 0x8d, 0x6b, 0x5b,
    0x00, 0x00, 0x00, 0x00, 0x00, 0x00, 0x00, 0x00, 0x00, 0x00, 0x00, 0x00, 0x00, 0x00, 0x00, 0x00, 0x00, 0x00, 0x00, 0x00, 0x00, 0x00, 0x00, 0x00,
    0x00, 0x00, 0x00, 0x8d, 0x6b, 0x5b, 0x8d, 0x6b, 0x5f, 0x00, 0x00, 0x00, 0x00, 0x00, 0x00, 0x00, 0x00, 0x00, 0x8d, 0x6b, 0x87, 0x8d, 0x6b, 0x3f,
    0x00, 0x00, 0x00, 0x00, 0x00, 0x00, 0x8d, 0x6b, 0x03, 0x8d, 0x6b, 0x90, 0x8d, 0x6b, 0x21, 0x00, 0x00, 0x00, 0x00, 0x00, 0x00, 0x00, 0x00, 0x00,
    0x00, 0x00, 0x00, 0x00, 0x00, 0x00, 0x00, 0x00, 0x00, 0x00, 0x00, 0x00, 0x00, 0x00, 0x00, 0x00, 0x00, 0x00, 0x8d, 0x6b, 0x67, 0x8d, 0x6b, 0x5f,
    0x00, 0x00, 0x00, 0x00, 0x00, 0x00, 0x00, 0x00, 0x00, 0x00, 0x00, 0x00, 0x00, 0x00, 0x00, 0x8d, 0x6b, 0x87, 0x8d, 0x6b, 0x37, 0x00, 0x00, 0x00,
    0x8d, 0x6b, 0x40, 0x8d, 0x6b, 0x46, 0x00, 0x00, 0x00, 0x00, 0x00, 0x00, 0x8d, 0x6b, 0xbf, 0x00, 0x00, 0x00, 0x00, 0x00, 0x00, 0x00, 0x00, 0x00,
    0x00, 0x00, 0x00, 0x8d, 0x6b, 0xc1, 0x8d, 0x6b, 0x18, 0x8d, 0x6b, 0x04, 0x8d, 0x6b, 0xcc, 0x8d, 0x6b, 0x0e, 0x00, 0x00, 0x00, 0x00, 0x00, 0x00,
    0x8d, 0x6b, 0x33, 0x8d, 0x6b, 0xd9, 0x8d, 0x6b, 0xaf, 0x8d, 0x6b, 0xdd, 0x00, 0x00, 0x00, 0x00, 0x00, 0x00, 0x00, 0x00, 0x00, 0x8d, 0x6b, 0x5f,
    0x8d, 0x6b, 0x63, 0x00, 0x00, 0x00, 0x00, 0x00, 0x00, 0x00, 0x00, 0x00, 0x8d, 0x6b, 0x87, 0x8d, 0x6b, 0x3f, 0x00, 0x00, 0x00, 0x8d, 0x6b, 0x07,
    0x8d, 0x6b, 0xa9, 0x8d, 0x6b, 0x75, 0x00, 0x00, 0x00, 0x00, 0x00, 0x00, 0x00, 0x00, 0x00, 0x00, 0x00, 0x00, 0x00, 0x00, 0x00, 0x00, 0x00, 0x00,
    0x8d, 0x6b, 0x44, 0x8d, 0x6b, 0xbf, 0x8d, 0x6b, 0xbf, 0x8d, 0x6b, 0xbf, 0x8d, 0x6b, 0xd9, 0x8d, 0x6b, 0xd7, 0x8d, 0x6b, 0xbf, 0x8d, 0x6b, 0xbf,
    0x8d, 0x6b, 0xbf, 0x8d, 0x6b, 0x44, 0x00, 0x00, 0x00, 0x8d, 0x6b, 0x87, 0x8d, 0x6b, 0x4a, 0x8d, 0x6b, 0x97, 0x8d, 0x6b, 0xbb, 0x8d, 0x6b, 0xbe,
    0x8d, 0x6b, 0x97, 0x8d, 0x6b, 0x28, 0x8d, 0x6b, 0xbf, 0x00, 0x00, 0x00, 0x00, 0x00, 0x00, 0x8d, 0x6b, 0x1c, 0x8d, 0x6b, 0xb3, 0x8d, 0x6b, 0xd2,
    0x8d, 0x6b, 0xb6, 0x8d, 0x6b, 0xc2, 0x8d, 0x6b, 0xe4, 0x8d, 0x6b, 0xb3, 0x8d, 0x6b, 0x21, 0x00, 0x00, 0x00, 0x8d, 0x6b, 0x33, 0x8d, 0x6b, 0x83,
    0x00, 0x00, 0x00, 0x8d, 0x6b, 0xb3, 0x8d, 0x6b, 0x72, 0x8d, 0x6b, 0xbb, 0x8d, 0x6b, 0xbb, 0x8d, 0x6b, 0xd5, 0x8d, 0x6b, 0xd6, 0x8d, 0x6b, 0x72,
    0x00, 0x00, 0x00, 0x00, 0x00, 0x00, 0x8d, 0x6b, 0x87, 0x8d, 0x6b, 0x40, 0x8d, 0x6b, 0x4c, 0x8d, 0x6b, 0xd0, 0x8d, 0x6b, 0x63, 0x00, 0x00, 0x00,
    0x00, 0x00, 0x00, 0x00, 0x00, 0x00, 0x00, 0x00, 0x00, 0x00, 0x00, 0x00, 0x00, 0x00, 0x00, 0x00, 0x00, 0x00, 0x00, 0x00, 0x00, 0x00, 0x00, 0x00,
    0x00, 0x00, 0x00, 0x8d, 0x6b, 0x9a, 0x8d, 0x6b, 0x9a, 0x8d, 0x6b, 0x9f, 0x8d, 0x6b, 0x86, 0x00, 0x00, 0x00, 0x00, 0x00, 0x00, 0x00, 0x00, 0x00,
    0x00, 0x00, 0x00, 0x8d, 0x6b, 0x88, 0x8d, 0x6b, 0x37, 0x00, 0x00, 0x00, 0x8d, 0x6b, 0x57, 0x8d, 0x6b, 0x5f, 0x00, 0x00, 0x00, 0x00, 0x00, 0x00,
    0x8d, 0x6b, 0xbf, 0x00, 0x00, 0x00, 0x00, 0x00, 0x00, 0x8d, 0x6b, 0x27, 0x8d, 0x6b, 0xa3, 0x00, 0x00, 0x00, 0x00, 0x00, 0x00, 0x00, 0x00, 0x00,
    0x00, 0x00, 0x00, 0x8d, 0x6b, 0xa3, 0x8d, 0x6b, 0x2f, 0x00, 0x00, 0x00, 0x8d, 0x6b, 0x33, 0x8d, 0x6b, 0x83, 0x00, 0x00, 0x00, 0x8d, 0x6b, 0xb3,
    0x00, 0x00, 0x00, 0x8d, 0x6b, 0x07, 0x00, 0x00, 0x00, 0x8d, 0x6b, 0x5f, 0x8d, 0x6b, 0x63, 0x00, 0x00, 0x00, 0x00, 0x00, 0x00, 0x00, 0x00, 0x00,
    0x8d, 0x6b, 0x87, 0x8d, 0x6b, 0x40, 0x8d, 0x6b, 0x78, 0x8d, 0x6b, 0x20, 0x00, 0x00, 0x00, 0x00, 0x00, 0x00, 0x00, 0x00, 0x00, 0x00, 0x00, 0x00,
    0x00, 0x00, 0x00, 0x00, 0x00, 0x00, 0x00, 0x00, 0x00, 0x00, 0x00, 0x00, 0x00, 0x00, 0x00, 0x00, 0x00, 0x00, 0x8d, 0x6b, 0x23, 0x8d, 0x6b, 0xb0,
    0x8d, 0x6b, 0x67, 0x8d, 0x6b, 0x60, 0x8d, 0x6b, 0xba, 0x8d, 0x6b, 0x18, 0x00, 0x00, 0x00, 0x00, 0x00, 0x00, 0x00, 0x00, 0x00, 0x8d, 0x6b, 0x91,
    0x8d, 0x6b, 0x68, 0x8d, 0x6b, 0x9f, 0x8d, 0x6b, 0x9f, 0x8d, 0x6b, 0x9f, 0x8d, 0x6b, 0x9f, 0x8d, 0x6b, 0x52, 0x8d, 0x6b, 0xbf, 0x00, 0x00, 0x00,
    0x00, 0x00, 0x00, 0x8d, 0x6b, 0x27, 0x8d, 0x6b, 0xa3, 0x00, 0x00, 0x00, 0x00, 0x00, 0x00, 0x00, 0x00, 0x00, 0x00, 0x00, 0x00, 0x8d, 0x6b, 0xa3,
    0x8d, 0x6b, 0x2f, 0x00, 0x00, 0x00, 0x8d, 0x6b, 0x33, 0x8d, 0x6b, 0xd7, 0x8d, 0x6b, 0xab, 0x8d, 0x6b, 0xdc, 0x8d, 0x6b, 0x14, 0x8d, 0x6b, 0xb6,
    0x8d, 0x6b, 0x01, 0x8d, 0x6b, 0x5f, 0x8d, 0x6b, 0x63, 0x00, 0x00, 0x00, 0x8d, 0x6b, 0x55, 0x8d, 0x6b, 0xbb, 0x8d, 0x6b, 0xe0, 0x8d, 0x6b, 0xcc,
    0x8d, 0x6b, 0xbb, 0x8d, 0x6b, 0xbb, 0x8d, 0x6b, 0xbb, 0x8d, 0x6b, 0xbb, 0x8d, 0x6b, 0xbb, 0x8d, 0x6b, 0x4f, 0x00, 0x00, 0x00, 0x00, 0x00, 0x00,
    0x00, 0x00, 0x00, 0x00, 0x00, 0x00, 0x00, 0x00, 0x00, 0x00, 0x00, 0x00, 0x8d, 0x6b, 0xa6, 0x8d, 0x6b, 0x39, 0x8d, 0x6b, 0x67, 0x8d, 0x6b, 0x5f,
    0x8d, 0x6b, 0x49, 0x8d, 0x6b, 0x99, 0x00, 0x00, 0x00, 0x00, 0x00, 0x00, 0x00, 0x00, 0x00, 0x8d, 0x6b, 0xa0, 0x8d, 0x6b, 0x1a, 0x00, 0x00, 0x00,
    0x00, 0x00, 0x00, 0x00, 0x00, 0x00, 0x00, 0x00, 0x00, 0x00, 0x00, 0x00, 0x8d, 0x6b, 0xbf, 0x00, 0x00, 0x00, 0x00, 0x00, 0x00, 0x8d, 0x6b, 0x1d,
    0x8d, 0x6b, 0xbb, 0x8d, 0x6b, 0xbb, 0x8d, 0x6b, 0xc6, 0x8d, 0x6b, 0xbb, 0x8d, 0x6b, 0xbb, 0x8d, 0x6b, 0xbb, 0x8d, 0x6b, 0x23, 0x00, 0x00, 0x00,
    0x8d, 0x6b, 0x33, 0x8d, 0x6b, 0x83, 0x00, 0x00, 0x00, 0x8d, 0x6b, 0xb3, 0x00, 0x00, 0x00, 0x8d, 0x6b, 0x7c, 0x8d, 0x6b, 0x60, 0x8d, 0x6b, 0x5f,
    0x8d, 0x6b, 0x63, 0x00, 0x00, 0x00, 0x00, 0x00, 0x00, 0x00, 0x00, 0x00, 0x8d, 0x6b, 0x87, 0x8d, 0x6b, 0x3f, 0x8d, 0x6b, 0x0a, 0x8d, 0x6b, 0xcb,
    0x8d, 0x6b, 0x0b, 0x00, 0x00, 0x00, 0x00, 0x00, 0x00, 0x00, 0x00, 0x00, 0x00, 0x00, 0x00, 0x00, 0x00, 0x00, 0x00, 0x00, 0x00, 0x00, 0x00, 0x00,
    0x00, 0x00, 0x00, 0x8d, 0x6b, 0x62, 0x8d, 0x6b, 0xa0, 0x00, 0x00, 0x00, 0x8d, 0x6b, 0x67, 0x8d, 0x6b, 0x5f, 0x00, 0x00, 0x00, 0x8d, 0x6b, 0xb1,
    0x8d, 0x6b, 0x5f, 0x00, 0x00, 0x00, 0x00, 0x00, 0x00, 0x8d, 0x6b, 0xaf, 0x8d, 0x6b, 0x09, 0x8d, 0x6b, 0xd0, 0x8d, 0x6b, 0x9f, 0x8d, 0x6b, 0x9f,
    0x8d, 0x6b, 0xe3, 0x00, 0x00, 0x00, 0x8d, 0x6b, 0xbf, 0x00, 0x00, 0x00, 0x00, 0x00, 0x00, 0x8d, 0x6b, 0x15, 0x8d, 0x6b, 0x14, 0x8d, 0x6b, 0x38,
    0x8d, 0x6b, 0x8f, 0x8d, 0x6b, 0x6c, 0x00, 0x00, 0x00, 0x8d, 0x6b, 0x17, 0x8d, 0x6b, 0x20, 0x00, 0x00, 0x00, 0x8d, 0x6b, 0x33, 0x8d, 0x6b, 0x83,
    0x00, 0x00, 0x00, 0x8d, 0x6b, 0xb3, 0x00, 0x00, 0x00, 0x8d, 0x6b, 0x0b, 0x8d, 0x6b, 0x94, 0x8d, 0x6b, 0x5f, 0x8d, 0x6b, 0x63, 0x00, 0x00, 0x00,
    0x00, 0x00, 0x00, 0x00, 0x00, 0x00, 0x8d, 0x6b, 0x87, 0x8d, 0x6b, 0x3f, 0x00, 0x00, 0x00, 0x8d, 0x6b, 0x7d, 0x8d, 0x6b, 0x8f, 0x00, 0x00, 0x00,
    0x00, 0x00, 0x00, 0x00, 0x00, 0x00, 0x00, 0x00, 0x00, 0x00, 0x00, 0x00, 0x00, 0x00, 0x00, 0x00, 0x00, 0x00, 0x8d, 0x6b, 0x56, 0x8d, 0x6b, 0xbd,
    0x8d, 0x6b, 0x9a, 0x8d, 0x6b, 0xbf, 0x8d, 0x6b, 0xd9, 0x8d, 0x6b, 0xd7, 0x8d, 0x6b, 0xbf, 0x8d, 0x6b, 0x97, 0x8d, 0x6b, 0xc7, 0x8d, 0x6b, 0x57,
    0x00, 0x00, 0x00, 0x8d, 0x6b, 0xc2, 0x00, 0x00, 0x00, 0x8d, 0x6b, 0xaf, 0x00, 0x00, 0x00, 0x00, 0x00, 0x00, 0x8d, 0x6b, 0xb3, 0x00, 0x00, 0x00,
    0x8d, 0x6b, 0xbf, 0x00, 0x00, 0x00, 0x00, 0x00, 0x00, 0x8d, 0x6b, 0xc3, 0x8d, 0x6b, 0x35, 0x8d, 0x6b, 0x97, 0x8d, 0x6b, 0x01, 0x8d, 0x6b, 0xa1,
    0x8d, 0x6b, 0x37, 0x8d, 0x6b, 0x1a, 0x8d, 0x6b, 0xb8, 0x8d, 0x6b, 0x02, 0x8d, 0x6b, 0x33, 0x8d, 0x6b, 0xd7, 0x8d, 0x6b, 0xab, 0x8d, 0x6b, 0xdc,
    0x00, 0x00, 0x00, 0x00, 0x00, 0x00, 0x00, 0x00, 0x00, 0x8d, 0x6b, 0x5f, 0x8d, 0x6b, 0x63, 0x00, 0x00, 0x00, 0x00, 0x00, 0x00, 0x00, 0x00, 0x00,
    0x8d, 0x6b, 0x87, 0x8d, 0x6b, 0x3f, 0x00, 0x00, 0x00, 0x8d, 0x6b, 0x06, 0x8d, 0x6b, 0xca, 0x8d, 0x6b, 0x4e, 0x00, 0x00, 0x00, 0x00, 0x00, 0x00,
    0x00, 0x00, 0x00, 0x00, 0x00, 0x00, 0x00, 0x00, 0x00, 0x00, 0x00, 0x00, 0x8d, 0x6b, 0x11, 0x8d, 0x6b, 0x07, 0x00, 0x00, 0x00, 0x00, 0x00, 0x00,
    0x8d, 0x6b, 0x67, 0x8d, 0x6b, 0x5f, 0x00, 0x00, 0x00, 0x00, 0x00, 0x00, 0x8d, 0x6b, 0x09, 0x8d, 0x6b, 0x0d, 0x8d, 0x6b, 0x27, 0x8d, 0x6b, 0xa4,
    0x00, 0x00, 0x00, 0x8d, 0x6b, 0xcf, 0x8d, 0x6b, 0x9b, 0x8d, 0x6b, 0x9b, 0x8d, 0x6b, 0x9b, 0x00, 0x00, 0x00, 0x8d, 0x6b, 0xbf, 0x00, 0x00, 0x00,
    0x8d, 0x6b, 0x37, 0x8d, 0x6b, 0x9b, 0x8d, 0x6b, 0x33, 0x8d, 0x6b, 0x98, 0x00, 0x00, 0x00, 0x8d, 0x6b, 0x04, 0x00, 0x00, 0x00, 0x8d, 0x6b, 0x7b,
    0x8d, 0x6b, 0x79, 0x8d, 0x6b, 0x53, 0x8d, 0x6b, 0x33, 0x8d, 0x6b, 0x83, 0x00, 0x00, 0x00, 0x00, 0x00, 0x00, 0x00, 0x00, 0x00, 0x00, 0x00, 0x00,
    0x00, 0x00, 0x00, 0x8d, 0x6b, 0x60, 0x8d, 0x6b, 0x63, 0x00, 0x00, 0x00, 0x00, 0x00, 0x00, 0x00, 0x00, 0x00, 0x8d, 0x6b, 0x8f, 0x8d, 0x6b, 0x83,
    0x8d, 0x6b, 0x96, 0x8d, 0x6b, 0x8c, 0x8d, 0x6b, 0x16, 0x8d, 0x6b, 0xc7, 0x8d, 0x6b, 0x96, 0x8d, 0x6b, 0x20, 0x00, 0x00, 0x00, 0x00, 0x00, 0x00,
    0x00, 0x00, 0x00, 0x00, 0x00, 0x00, 0x00, 0x00, 0x00, 0x00, 0x00, 0x00, 0x00, 0x00, 0x00, 0x00, 0x00, 0x00, 0x8d, 0x6b, 0x67, 0x8d, 0x6b, 0x5f,
    0x00, 0x00, 0x00, 0x00, 0x00, 0x00, 0x00, 0x00, 0x00, 0x00, 0x00, 0x00, 0x8d, 0x6b, 0x7d, 0x8d, 0x6b, 0x36, 0x00, 0x00, 0x00, 0x8d, 0x6b, 0x34,
    0x00, 0x00, 0x00, 0x00, 0x00, 0x00, 0x8d, 0x6b, 0x5e, 0x8d, 0x6b, 0xb1, 0x8d, 0x6b, 0x97, 0x00, 0x00, 0x00, 0x8d, 0x6b, 0x32, 0x8d, 0x6b, 0x22,
    0x8d, 0x6b, 0x0b, 0x8d, 0x6b, 0xcd, 0x8d, 0x6b, 0xad, 0x8d, 0x6b, 0xab, 0x8d, 0x6b, 0xb2, 0x8d, 0x6b, 0x7f, 0x8d, 0x6b, 0x0f, 0x8d, 0x6b, 0x1b,
    0x00, 0x00, 0x00, 0x8d, 0x6b, 0x02, 0x00, 0x00, 0x00, 0x00, 0x00, 0x00, 0x00, 0x00, 0x00, 0x8d, 0x6b, 0x30, 0x8d, 0x6b, 0xbd, 0x8d, 0x6b, 0xd0,
    0x8d, 0x6b, 0x37, 0x00, 0x00, 0x00, 0x00, 0x00, 0x00, 0x00, 0x00, 0x00, 0x8d, 0x6b, 0xaf, 0x8d, 0x6b, 0x8e, 0x8d, 0x6b, 0x3f, 0x8d, 0x6b, 0x03,
    0x00, 0x00, 0x00, 0x8d, 0x6b, 0x06, 0x8d, 0x6b, 0x69, 0x8d, 0x6b, 0x45, 0x00, 0x00, 0x00, 0x00, 0x00, 0x00, 0x00, 0x00, 0x00, 0x00, 0x00, 0x00,
    0x00, 0x00, 0x00, 0x00, 0x00, 0x00, 0x00, 0x00, 0x00, 0x00, 0x00, 0x00, 0x8d, 0x6b, 0x06, 0x8d, 0x6b, 0x05, 0x00, 0x00, 0x00, 0x00, 0x00, 0x00,
    0x00, 0x00, 0x00, 0x00, 0x00, 0x00, 0x8d, 0x6b, 0x01, 0x00, 0x00, 0x00, 0x00, 0x00, 0x00, 0x00, 0x00, 0x00, 0x00, 0x00, 0x00, 0x00, 0x00, 0x00,
    0x00, 0x00, 0x00, 0x00, 0x00, 0x00, 0x00, 0x00, 0x00, 0x00, 0x00, 0x00, 0x00, 0x00, 0x00, 0x00, 0x00, 0x00, 0x00, 0x00, 0x00, 0x00, 0x00, 0x00,
    0x00, 0x00, 0x00, 0x00, 0x00, 0x00, 0x00, 0x00, 0x00, 0x00, 0x00, 0x00, 0x00, 0x00, 0x00, 0x00, 0x00, 0x00, 0x00, 0x00, 0x00, 0x00, 0x00, 0x00,
    0x00, 0x00, 0x00, 0x00, 0x00, 0x00, 0x00, 0x00, 0x00, 0x00, 0x00, 0x00, 0x00, 0x00, 0x00, 0x00, 0x00, 0x00, 0x00, 0x00, 0x00, 0x00, 0x00, 0x00,
    0x00, 0x00, 0x00, 0x00, 0x00, 0x00, 0x00, 0x00, 0x00, 0x00, 0x00, 0x00, 0x00, 0x00, 0x00, 0x00, 0x00, 0x00, 0x00, 0x00, 0x00, 0x00, 0x00, 0x00,
    0x00, 0x00, 0x00, 0x00, 0x00, 0x00, 0x00, 0x00, 0x00, 0x00, 0x00, 0x00, 0x00, 0x00, 0x00, 0x00, 0x00, 0x00, 0x00, 0x00, 0x00, 0x00, 0x00, 0x00,
    0x00, 0x00, 0x00, 0x00, 0x00, 0x00, 0x00, 0x00, 0x00, 0x00, 0x00, 0x00, 0x00, 0x00, 0x00, 0x00, 0x00, 0x00, 0x00, 0x00, 0x00, 0x00, 0x00, 0x00,
    0x00, 0x00, 0x00, 0x00, 0x00, 0x00, 0x00, 0x00, 0x00, 0x00, 0x00, 0x00, 0x00, 0x00, 0x00, 0x00, 0x00, 0x00, 0x00, 0x00, 0x00, 0x00, 0x00, 0x00,
    0x00, 0x00, 0x00, 0x00, 0x00, 0x00, 0x00, 0x00, 0x00, 0x00, 0x00, 0x00, 0x00, 0x00, 0x00, 0x00, 0x00, 0x00, 0x00, 0x00, 0x00, 0x00, 0x00, 0x00,
    0x00, 0x00, 0x00, 0x00, 0x00, 0x00, 0x00, 0x00, 0x00, 0x00, 0x00, 0x00, 0x00, 0x00, 0x00, 0x00, 0x00, 0x00, 0x00, 0x00, 0x00, 0x00, 0x00, 0x00,
    0x00, 0x00, 0x00, 0x00, 0x00, 0x00, 0x00, 0x00, 0x00, 0x00, 0x00, 0x00, 0x00, 0x00, 0x00, 0x00, 0x00, 0x00, 0x00, 0x00, 0x00, 0x00, 0x00, 0x00,
    0x00, 0x00, 0x00, 0x00, 0x00, 0x00, 0x00, 0x00, 0x00, 0x00, 0x00, 0x00, 0x00, 0x00, 0x00, 0x00, 0x00, 0x00, 0x00, 0x00, 0x00, 0x00, 0x00, 0x00,
    0x00, 0x00, 0x00, 0x00, 0x00, 0x00, 0x00, 0x00, 0x00, 0x00, 0x00, 0x00, 0x00, 0x00, 0x00, 0x00, 0x00, 0x00, 0x00, 0x00, 0x00, 0x00, 0x00, 0x00,
    0x00, 0x00, 0x00, 0x00, 0x00, 0x00, 0x00, 0x00, 0x00, 0x00, 0x00, 0x00, 0x00, 0x00, 0x00, 0x00, 0x00, 0x00, 0x00, 0x00, 0x00, 0x00, 0x00, 0x00,
    0x00, 0x00, 0x00, 0x00, 0x00, 0x00, 0x00, 0x00, 0x00, 0x00, 0x00, 0x00, 0x00, 0x00, 0x00, 0x00, 0x00, 0x00, 0x00, 0x00, 0x00, 0x00, 0x00, 0x00,
    0x00, 0x00, 0x00, 0x00, 0x00, 0x00, 0x00, 0x00, 0x00, 0x00, 0x00, 0x00, 0x00, 0x00, 0x00, 0x00, 0x00, 0x00, 0x00, 0x00, 0x00, 0x00, 0x00, 0x00,
    0x00, 0x00, 0x00, 0x00, 0x00, 0x00, 0x00, 0x00, 0x00, 0x00, 0x00, 0x00, 0x00, 0x00, 0x00, 0x00, 0x00, 0x00, 0x00, 0x00, 0x00, 0x00, 0x00, 0x00,
    0x00, 0x00, 0x00, 0x00, 0x00, 0x00, 0x00, 0x00, 0x00, 0x00, 0x00, 0x00, 0x00, 0x00, 0x00, 0x00, 0x00, 0x00, 0x00, 0x00, 0x00, 0x00, 0x00, 0x00,
    0x00, 0x00, 0x00, 0x00, 0x00, 0x00, 0x00, 0x00, 0x00, 0x00, 0x00, 0x00, 0x00, 0x00, 0x00, 0x00, 0x00, 0x00, 0x00, 0x00, 0x00, 0x00, 0x00, 0x00,
};
const lv_img_dsc_t zh_week_total = {
    .header.always_zero = 0,
    .header.w = 54,
    .header.h = 16,
    .data_size = 2592,
    .header.cf = LV_IMG_CF_TRUE_COLOR_ALPHA,
    .data = zh_week_total_map,
};

